=== MQTT / TLS 1.3 / mTLS, SNOVA5B certificates, X25519MLKEM768 (wolfSSL 5.9.4) on RP2040 ===
CPU clock: 200 MHz
#config iterations=50 warmup=5 pipe_iterations=3 messages=200 payload_B=51 schemes=2 sweep_iterations=20 sweep_warmup=2 groups=13 kex_iterations=50 kex_warmup=2 blocks=15
#kat LoRaWAN / AES-CMAC / Ascon known-answer checks: OK
#wifi rssi=-20 dBm channel=10 ip=192.168.50.235 broker=192.168.50.132
#block connect plain
#lib none (plain MQTT)
iter,tcp_ms,tls_ms,mqtt_ms,total_ms,hs_tx_B,hs_rx_B,mqtt_tx_B,mqtt_rx_B,hs_writes,hs_reads,writes,reads,free_heap_B,hs_keygen_us,hs_derive_us,hs_verify_us,hs_sign_us,hs_keygen_n,hs_derive_n,hs_verify_n,hs_sign_n
0,6.3660,0.0020,13.6180,19.9860,0,0,23,4,0,0,1,1,93560,0.0,0.0,0.0,0.0,0,0,0,0
1,10.7500,0.0030,4.8760,15.6290,0,0,23,4,0,0,1,1,93336,0.0,0.0,0.0,0.0,0,0,0,0
2,8.6330,0.0020,28.2640,36.8990,0,0,23,4,0,0,1,1,93336,0.0,0.0,0.0,0.0,0,0,0,0
3,13.4230,0.0020,7.2610,20.6860,0,0,23,4,0,0,1,1,93336,0.0,0.0,0.0,0.0,0,0,0,0
4,4.5150,0.0020,6.1860,10.7030,0,0,23,4,0,0,1,1,93336,0.0,0.0,0.0,0.0,0,0,0,0
5,4.6380,0.0020,4.3860,9.0260,0,0,23,4,0,0,1,1,93336,0.0,0.0,0.0,0.0,0,0,0,0
6,5.3640,0.0020,8.5640,13.9300,0,0,23,4,0,0,1,1,93336,0.0,0.0,0.0,0.0,0,0,0,0
7,8.3610,0.0030,7.9470,16.3110,0,0,23,4,0,0,1,1,93336,0.0,0.0,0.0,0.0,0,0,0,0
8,12.6960,0.0030,4.4850,17.1840,0,0,23,4,0,0,1,1,93336,0.0,0.0,0.0,0.0,0,0,0,0
9,3.6070,0.0020,39.5540,43.1630,0,0,23,4,0,0,1,1,93336,0.0,0.0,0.0,0.0,0,0,0,0
10,12.3840,0.0020,5.4600,17.8460,0,0,23,4,0,0,1,1,93336,0.0,0.0,0.0,0.0,0,0,0,0
11,3.7490,0.0030,5.8450,9.5970,0,0,23,4,0,0,1,1,93336,0.0,0.0,0.0,0.0,0,0,0,0
12,4.6410,0.0020,4.4610,9.1040,0,0,23,4,0,0,1,1,93336,0.0,0.0,0.0,0.0,0,0,0,0
13,5.6470,0.0020,13.0330,18.6820,0,0,23,4,0,0,1,1,93336,0.0,0.0,0.0,0.0,0,0,0,0
14,5.3860,0.0020,4.7300,10.1180,0,0,23,4,0,0,1,1,93336,0.0,0.0,0.0,0.0,0,0,0,0
15,5.3790,0.0020,4.7830,10.1640,0,0,23,4,0,0,1,1,93336,0.0,0.0,0.0,0.0,0,0,0,0
16,19.3710,0.0020,5.2470,24.6200,0,0,23,4,0,0,1,1,93336,0.0,0.0,0.0,0.0,0,0,0,0
17,8.5680,0.0020,8.3780,16.9480,0,0,23,4,0,0,1,1,93336,0.0,0.0,0.0,0.0,0,0,0,0
18,4.6730,0.0030,11.0650,15.7410,0,0,23,4,0,0,1,1,93336,0.0,0.0,0.0,0.0,0,0,0,0
19,7.3790,0.0020,31.5850,38.9660,0,0,23,4,0,0,1,1,93336,0.0,0.0,0.0,0.0,0,0,0,0
20,12.3810,0.0020,11.6050,23.9880,0,0,23,4,0,0,1,1,93336,0.0,0.0,0.0,0.0,0,0,0,0
21,7.3940,0.0020,9.6670,17.0630,0,0,23,4,0,0,1,1,93336,0.0,0.0,0.0,0.0,0,0,0,0
22,5.3660,0.0020,32.1820,37.5500,0,0,23,4,0,0,1,1,93336,0.0,0.0,0.0,0.0,0,0,0,0
23,5.4940,0.0020,9.6530,15.1490,0,0,23,4,0,0,1,1,93336,0.0,0.0,0.0,0.0,0,0,0,0
24,4.7590,0.0020,7.9330,12.6940,0,0,23,4,0,0,1,1,93336,0.0,0.0,0.0,0.0,0,0,0,0
25,5.3560,0.0020,5.3690,10.7270,0,0,23,4,0,0,1,1,93336,0.0,0.0,0.0,0.0,0,0,0,0
26,5.6230,0.0020,13.6250,19.2500,0,0,23,4,0,0,1,1,93336,0.0,0.0,0.0,0.0,0,0,0,0
27,9.3990,0.0020,12.4080,21.8090,0,0,23,4,0,0,1,1,93336,0.0,0.0,0.0,0.0,0,0,0,0
28,5.6370,0.0020,31.2080,36.8470,0,0,23,4,0,0,1,1,93336,0.0,0.0,0.0,0.0,0,0,0,0
29,3.6500,0.0020,8.9220,12.5740,0,0,23,4,0,0,1,1,93336,0.0,0.0,0.0,0.0,0,0,0,0
30,7.3720,0.0030,4.3750,11.7500,0,0,23,4,0,0,1,1,93336,0.0,0.0,0.0,0.0,0,0,0,0
31,6.3850,0.0020,8.1120,14.4990,0,0,23,4,0,0,1,1,93336,0.0,0.0,0.0,0.0,0,0,0,0
32,4.5930,0.0030,31.9140,36.5100,0,0,23,4,0,0,1,1,93336,0.0,0.0,0.0,0.0,0,0,0,0
33,6.3880,0.0020,6.1390,12.5290,0,0,23,4,0,0,1,1,93336,0.0,0.0,0.0,0.0,0,0,0,0
34,4.6120,0.0020,4.4760,9.0900,0,0,23,4,0,0,1,1,93336,0.0,0.0,0.0,0.0,0,0,0,0
35,7.3880,0.0020,5.7230,13.1130,0,0,23,4,0,0,1,1,93336,0.0,0.0,0.0,0.0,0,0,0,0
36,34.4180,0.0020,4.7050,39.1250,0,0,23,4,0,0,1,1,93336,0.0,0.0,0.0,0.0,0,0,0,0
37,8.3920,0.0020,7.6190,16.0130,0,0,23,4,0,0,1,1,93336,0.0,0.0,0.0,0.0,0,0,0,0
38,4.3650,0.0020,52.8780,57.2450,0,0,23,4,0,0,1,1,93336,0.0,0.0,0.0,0.0,0,0,0,0
39,5.3650,0.0020,26.5750,31.9420,0,0,23,4,0,0,1,1,93336,0.0,0.0,0.0,0.0,0,0,0,0
40,11.3620,0.0030,5.2320,16.5970,0,0,23,4,0,0,1,1,93336,0.0,0.0,0.0,0.0,0,0,0,0
41,6.4330,0.0020,27.7420,34.1770,0,0,23,4,0,0,1,1,93336,0.0,0.0,0.0,0.0,0,0,0,0
42,5.3760,0.0030,6.0770,11.4560,0,0,23,4,0,0,1,1,93336,0.0,0.0,0.0,0.0,0,0,0,0
43,9.3730,0.0020,7.4190,16.7940,0,0,23,4,0,0,1,1,93336,0.0,0.0,0.0,0.0,0,0,0,0
44,7.4630,0.0030,6.1400,13.6060,0,0,23,4,0,0,1,1,93336,0.0,0.0,0.0,0.0,0,0,0,0
45,27.3870,0.0020,4.8820,32.2710,0,0,23,4,0,0,1,1,93336,0.0,0.0,0.0,0.0,0,0,0,0
46,5.7490,0.0020,10.8960,16.6470,0,0,23,4,0,0,1,1,93336,0.0,0.0,0.0,0.0,0,0,0,0
47,5.4190,0.0020,5.3950,10.8160,0,0,23,4,0,0,1,1,93336,0.0,0.0,0.0,0.0,0,0,0,0
48,4.4920,0.0020,4.6320,9.1260,0,0,23,4,0,0,1,1,93336,0.0,0.0,0.0,0.0,0,0,0,0
49,27.6250,0.0020,4.6950,32.3220,0,0,23,4,0,0,1,1,93336,0.0,0.0,0.0,0.0,0,0,0,0
#stack 1768
#end
#block connect TLS
#lib wolfSSL 5.9.4
iter,tcp_ms,tls_ms,mqtt_ms,total_ms,hs_tx_B,hs_rx_B,mqtt_tx_B,mqtt_rx_B,hs_writes,hs_reads,writes,reads,free_heap_B,hs_keygen_us,hs_derive_us,hs_verify_us,hs_sign_us,hs_keygen_n,hs_derive_n,hs_verify_n,hs_sign_n
#suite TLS13-AES256-GCM-SHA384
0,29.4870,7079.9030,52.6840,7162.0740,1391,4892,45,568,2,12,3,18,90336,66263.0,71257.0,6851352.0,0.0,2,2,2,0
1,5.4620,7098.3270,28.0200,7131.8090,1391,4892,45,568,2,12,3,18,90336,67275.0,72648.0,6862700.0,0.0,2,2,2,0
2,35.6160,7078.3660,48.1610,7162.1430,1391,4892,45,568,2,12,3,18,90336,66184.0,71745.0,6843792.0,0.0,2,2,2,0
3,4.5580,7094.8930,34.3720,7133.8230,1391,4892,45,568,2,12,3,18,90336,66356.0,71188.0,6854970.0,0.0,2,2,2,0
4,5.3860,7075.7750,50.4880,7131.6490,1391,4892,45,568,2,12,3,18,90336,66509.0,71299.0,6853520.0,0.0,2,2,2,0
5,6.6080,7083.0850,14.2460,7103.9390,1391,4892,45,568,2,12,3,18,90336,66183.0,70965.0,6848339.0,0.0,2,2,2,0
6,6.4380,7066.2550,118.2170,7190.9100,1391,4892,45,568,2,12,3,18,90336,66218.0,70895.0,6856644.0,0.0,2,2,2,0
7,4.6650,7091.1520,38.9130,7134.7300,1391,4892,45,568,2,12,3,18,90336,66510.0,71964.0,6856776.0,0.0,2,2,2,0
8,5.4100,7087.1260,12.6050,7105.1410,1391,4892,45,568,2,12,3,18,90336,66253.0,71242.0,6852653.0,0.0,2,2,2,0
9,11.7350,7077.8790,96.8470,7186.4610,1391,4892,45,568,2,12,3,18,90336,66179.0,72169.0,6864476.0,0.0,2,2,2,0
10,5.4400,7097.2970,30.5980,7133.3350,1391,4892,45,568,2,12,3,18,90336,66414.0,72341.0,6859414.0,0.0,2,2,2,0
11,8.4360,7071.7680,53.1960,7133.4000,1391,4892,45,568,2,12,3,18,90336,66241.0,72075.0,6851284.0,0.0,2,2,2,0
12,4.6010,7070.8670,57.7260,7133.1940,1391,4892,45,568,2,12,3,18,90336,66254.0,71104.0,6846781.0,0.0,2,2,2,0
13,4.5130,7084.5780,44.0320,7133.1230,1391,4892,45,568,2,12,3,18,90336,66409.0,72359.0,6848641.0,0.0,2,2,2,0
14,4.8640,7088.5380,9.1690,7102.5710,1391,4892,45,568,2,12,3,18,90336,66846.0,71105.0,6852429.0,0.0,2,2,2,0
15,8.4160,7056.3910,127.4970,7192.3040,1391,4892,45,568,2,12,3,18,90336,66199.0,71328.0,6844782.0,0.0,2,2,2,0
16,7.4080,7074.9880,49.4910,7131.8870,1391,4892,45,568,2,12,3,18,90336,66458.0,71022.0,6848159.0,0.0,2,2,2,0
17,41.6250,7097.6330,15.5410,7154.7990,1391,4892,45,568,2,12,3,18,90336,66529.0,71167.0,6849035.0,0.0,2,2,2,0
18,5.4420,7076.0630,87.1890,7168.6940,1391,4892,45,568,2,12,3,18,90336,66282.0,71173.0,6862388.0,0.0,2,2,2,0
19,5.4480,7093.5930,13.3420,7112.3830,1391,4892,45,568,2,12,3,18,90336,66360.0,72417.0,6854664.0,0.0,2,2,2,0
20,6.4060,7064.4880,112.8900,7183.7840,1391,4892,45,568,2,12,3,18,90336,66308.0,71217.0,6851025.0,0.0,2,2,2,0
21,5.4000,7072.1980,56.2730,7133.8710,1391,4892,45,568,2,12,3,18,90336,66348.0,71235.0,6848745.0,0.0,2,2,2,0
22,4.7680,7078.3390,11.6810,7094.7880,1391,4892,45,568,2,12,3,18,90336,66332.0,71160.0,6854517.0,0.0,2,2,2,0
23,4.4550,7072.6990,127.7500,7204.9040,1391,4892,45,568,2,12,3,18,90336,66301.0,71128.0,6856465.0,0.0,2,2,2,0
24,4.4940,7085.2320,40.0930,7129.8190,1391,4892,45,568,2,12,3,18,90336,66183.0,71167.0,6851357.0,0.0,2,2,2,0
25,5.4140,7088.2460,39.4930,7133.1530,1391,4892,45,568,2,12,3,18,90336,66395.0,71093.0,6854580.0,0.0,2,2,2,0
26,5.4360,7105.9820,126.3660,7237.7840,1391,4892,45,568,2,12,3,18,90336,66469.0,71360.0,6867581.0,0.0,2,2,2,0
27,5.3920,7086.3050,37.6950,7129.3920,1391,4892,45,568,2,12,3,18,90336,66286.0,71312.0,6853077.0,0.0,2,2,2,0
28,5.4190,7091.2620,37.7410,7134.4220,1391,4892,45,568,2,12,3,18,90336,66259.0,71198.0,6853108.0,0.0,2,2,2,0
29,5.4300,7092.9440,34.6530,7133.0270,1391,4892,45,568,2,12,3,18,90336,66545.0,71356.0,6854661.0,0.0,2,2,2,0
30,7.5660,7082.2440,43.6110,7133.4210,1391,4892,45,568,2,12,3,18,90336,66263.0,71197.0,6851527.0,0.0,2,2,2,0
31,6.4340,7081.1790,11.9530,7099.5660,1391,4892,45,568,2,12,3,18,90336,66863.0,71244.0,6842889.0,0.0,2,2,2,0
32,5.4390,7056.9040,33.0100,7095.3530,1391,4892,45,568,2,12,3,18,90336,66253.0,71173.0,6847745.0,0.0,2,2,2,0
33,4.4350,7082.2970,40.6020,7127.3340,1391,4892,45,568,2,12,3,18,90336,66274.0,72123.0,6853528.0,0.0,2,2,2,0
34,4.6770,7085.3150,195.7920,7285.7840,1391,4892,45,568,2,12,3,18,90336,66552.0,71419.0,6848506.0,0.0,2,2,2,0
35,5.4260,7064.5380,42.2190,7112.1830,1391,4892,45,568,2,12,3,18,90336,66275.0,71032.0,6851887.0,0.0,2,2,2,0
36,10.6920,7081.9530,39.6850,7132.3300,1391,4892,45,568,2,12,3,18,90336,66172.0,71190.0,6851938.0,0.0,2,2,2,0
37,5.3990,7088.9490,40.0370,7134.3850,1391,4892,45,568,2,12,3,18,90336,66282.0,71276.0,6851881.0,0.0,2,2,2,0
38,7.5550,7080.7120,44.8800,7133.1470,1391,4892,45,568,2,12,3,18,90336,66407.0,71255.0,6849098.0,0.0,2,2,2,0
39,4.5560,7089.3520,40.5960,7134.5040,1391,4892,45,568,2,12,3,18,90336,66194.0,71217.0,6850090.0,0.0,2,2,2,0
40,5.4140,7072.8120,57.7550,7135.9810,1391,4892,45,568,2,12,3,18,90336,66335.0,71194.0,6848387.0,0.0,2,2,2,0
41,4.6850,7083.2570,45.1660,7133.1080,1391,4892,45,568,2,12,3,18,90336,66318.0,71174.0,6848864.0,0.0,2,2,2,0
42,5.6880,7084.6030,46.2880,7136.5790,1391,4892,45,568,2,12,3,18,90336,66202.0,71545.0,6852190.0,0.0,2,2,2,0
43,7.4210,7093.1600,32.0180,7132.5990,1391,4892,45,568,2,12,3,18,90336,66269.0,70801.0,6865930.0,0.0,2,2,2,0
44,5.4250,7082.6820,45.8230,7133.9300,1391,4892,45,568,2,12,3,18,90336,66356.0,71311.0,6850249.0,0.0,2,2,2,0
45,5.4280,7081.2040,51.1480,7137.7800,1391,4892,45,568,2,12,3,18,90336,66274.0,71585.0,6852435.0,0.0,2,2,2,0
46,5.6210,7087.2820,42.0610,7134.9640,1391,4892,45,568,2,12,3,18,90336,66318.0,71138.0,6854710.0,0.0,2,2,2,0
47,5.3960,7085.7660,43.5530,7134.7150,1391,4892,45,568,2,12,3,18,90336,66403.0,71269.0,6852025.0,0.0,2,2,2,0
48,4.6730,7076.6500,53.7640,7135.0870,1391,4892,45,568,2,12,3,18,90336,66610.0,72769.0,6840168.0,0.0,2,2,2,0
49,5.3970,7081.9500,47.5100,7134.8570,1391,4892,45,568,2,12,3,18,90336,66639.0,71106.0,6844209.0,0.0,2,2,2,0
#heap 23466
#stack 16328
#end
#block connect mTLS
#lib wolfSSL 5.9.4
iter,tcp_ms,tls_ms,mqtt_ms,total_ms,hs_tx_B,hs_rx_B,mqtt_tx_B,mqtt_rx_B,hs_writes,hs_reads,writes,reads,free_heap_B,hs_keygen_us,hs_derive_us,hs_verify_us,hs_sign_us,hs_keygen_n,hs_derive_n,hs_verify_n,hs_sign_n
#suite TLS13-AES256-GCM-SHA384
0,5.5490,11645.0850,120.6830,11771.3170,5000,5078,45,6264,4,14,5,20,85400,66301.0,72455.0,6848432.0,4556642.0,2,2,2,1
1,7.4000,11648.3130,94.7480,11750.4610,5000,5078,45,6264,4,14,5,20,85400,66342.0,71279.0,6859401.0,4558892.0,2,2,2,1
2,4.3900,11639.9110,123.2520,11767.5530,5000,5078,45,6264,4,14,5,20,85400,66182.0,71462.0,6847604.0,4557158.0,2,2,2,1
3,5.5010,11639.3180,125.0520,11769.8710,5000,5078,45,6264,4,14,5,20,85400,66339.0,71435.0,6849771.0,4559580.0,2,2,2,1
4,6.4960,16163.1140,103.4610,16273.0710,5000,5078,45,6264,4,14,5,20,85400,66291.0,71334.0,6844223.0,9086421.0,2,2,2,1
5,6.4400,11641.3520,121.3360,11769.1280,5000,5078,45,6264,4,14,5,20,85400,66428.0,71306.0,6845582.0,4565072.0,2,2,2,1
6,6.4400,11640.3090,120.5280,11767.2770,5000,5078,45,6264,4,14,5,20,85400,66503.0,70933.0,6848178.0,4561923.0,2,2,2,1
7,7.4590,11652.8250,112.6120,11772.8960,5000,5078,45,6264,4,14,5,20,85400,66648.0,71435.0,6853985.0,4562359.0,2,2,2,1
8,5.4190,11644.7240,84.2680,11734.4110,5000,5078,45,6264,4,14,5,20,85400,66330.0,71262.0,6851592.0,4562952.0,2,2,2,1
9,11.5890,11788.0770,79.3960,11879.0620,5000,5078,45,6264,4,15,5,21,85400,66160.0,70049.0,6848476.0,4561649.0,2,2,2,1
10,6.6050,11647.0550,115.4880,11769.1480,5000,5078,45,6264,4,14,5,20,85400,66310.0,72221.0,6851837.0,4565376.0,2,2,2,1
11,4.6280,11642.4890,42.5030,11689.6200,5000,5078,45,6264,4,14,5,20,85400,66318.0,71134.0,6848070.0,4562379.0,2,2,2,1
12,8.4170,11646.3000,85.5670,11740.2840,5000,5078,45,6264,4,14,5,20,85400,66383.0,71127.0,6852455.0,4561616.0,2,2,2,1
13,4.6620,11638.8230,47.2220,11690.7070,5000,5078,45,6264,4,14,5,20,85400,66391.0,71100.0,6847269.0,4556800.0,2,2,2,1
14,7.5200,11648.9030,80.6920,11737.1150,5000,5078,45,6264,4,14,5,20,85400,66487.0,71015.0,6855207.0,4561102.0,2,2,2,1
15,4.4010,11641.7810,122.2030,11768.3850,5000,5078,45,6264,4,14,5,20,85400,66339.0,71081.0,6853983.0,4557214.0,2,2,2,1
16,7.3740,11657.5350,102.5890,11767.4980,5000,5078,45,6264,4,14,5,20,85400,66325.0,71277.0,6861856.0,4564723.0,2,2,2,1
17,6.5080,11637.5650,125.9920,11770.0650,5000,5078,45,6264,4,14,5,20,85400,66260.0,71118.0,6845274.0,4559067.0,2,2,2,1
18,4.4050,11646.6700,117.3140,11768.3890,5000,5078,45,6264,4,14,5,20,85400,66457.0,71217.0,6853878.0,4561403.0,2,2,2,1
19,5.4040,11636.1920,127.8610,11769.4570,5000,5078,45,6264,4,14,5,20,85400,66171.0,70981.0,6849146.0,4556891.0,2,2,2,1
20,5.3830,11647.8620,112.8210,11766.0660,5000,5078,45,6264,4,14,5,20,85400,66187.0,71253.0,6855768.0,4562746.0,2,2,2,1
21,8.3850,11658.2180,101.7250,11768.3280,5000,5078,45,6264,4,14,5,20,85400,66299.0,71250.0,6859552.0,4564093.0,2,2,2,1
22,5.5870,11635.7880,126.2990,11767.6740,5000,5078,45,6264,4,14,5,20,85400,66278.0,71132.0,6849085.0,4556541.0,2,2,2,1
23,5.4340,11642.1920,122.5380,11770.1640,5000,5078,45,6264,4,14,5,20,85400,66327.0,71371.0,6849689.0,4558554.0,2,2,2,1
24,5.3890,11645.2340,117.1080,11767.7310,5000,5078,45,6264,4,14,5,20,85400,66207.0,71384.0,6854469.0,4560512.0,2,2,2,1
25,15.3900,11644.8010,108.1180,11768.3090,5000,5078,45,6264,4,14,5,20,85400,66328.0,71265.0,6847994.0,4562833.0,2,2,2,1
26,4.6170,11646.3900,114.1160,11765.1230,5000,5078,45,6264,4,14,5,20,85400,66289.0,71318.0,6859338.0,4555877.0,2,2,2,1
27,6.4390,11635.6250,126.3990,11768.4630,5000,5078,45,6264,4,14,5,20,85400,66377.0,71122.0,6847719.0,4557591.0,2,2,2,1
28,16.9310,11635.3210,116.9660,11769.2180,5000,5078,45,6264,4,14,5,20,85400,66278.0,71244.0,6844035.0,4559143.0,2,2,2,1
29,6.3760,11634.0380,128.7200,11769.1340,5000,5078,45,6264,4,14,5,20,85400,66420.0,71318.0,6843116.0,4561467.0,2,2,2,1
30,7.3980,11635.6060,48.1020,11691.1060,5000,5078,45,6264,4,14,5,20,85400,66364.0,71277.0,6848350.0,4555779.0,2,2,2,1
31,4.4490,16194.3470,151.3680,16350.1640,5000,5078,45,6264,4,14,5,20,85400,66473.0,70957.0,6861965.0,9100175.0,2,2,2,1
32,5.4770,16171.7800,96.4760,16273.7330,5000,5078,45,6264,4,14,5,20,85400,66336.0,71134.0,6837990.0,9101047.0,2,2,2,1
33,6.4060,11636.6640,125.5750,11768.6450,5000,5078,45,6264,4,14,5,20,85400,66183.0,71104.0,6847202.0,4559269.0,2,2,2,1
34,6.4990,11657.7960,104.8500,11769.1450,5000,5078,45,6264,4,14,5,20,85400,66284.0,70061.0,6847535.0,4560753.0,2,2,2,1
35,10.3880,11645.2480,116.5990,11772.2350,5000,5078,45,6264,4,14,5,20,85400,66297.0,71113.0,6842126.0,4572633.0,2,2,2,1
36,5.4010,11649.3760,85.9300,11740.7070,5000,5078,45,6264,4,14,5,20,85400,66302.0,70228.0,6858276.0,4559098.0,2,2,2,1
37,20.4060,11638.3850,112.0340,11770.8250,5000,5078,45,6264,4,14,5,20,85400,66357.0,71292.0,6845568.0,4553774.0,2,2,2,1
38,8.4080,11644.5600,114.5270,11767.4950,5000,5078,45,6264,4,14,5,20,85400,66256.0,71345.0,6853204.0,4560818.0,2,2,2,1
39,5.3970,11638.9770,129.3650,11773.7390,5000,5078,45,6264,4,14,5,20,85400,66297.0,71115.0,6851307.0,4556806.0,2,2,2,1
40,7.4050,11655.0550,102.8780,11765.3380,5000,5078,45,6264,4,14,5,20,85400,66372.0,71132.0,6850404.0,4571460.0,2,2,2,1
41,4.7550,11646.1860,115.9060,11766.8470,5000,5078,45,6264,4,14,5,20,85400,66232.0,71878.0,6855435.0,4558762.0,2,2,2,1
42,4.5470,16162.6120,108.4420,16275.6010,5000,5078,45,6264,4,14,5,20,85400,66249.0,71329.0,6843916.0,9086749.0,2,2,2,1
43,5.4010,11640.3190,120.6300,11766.3500,5000,5078,45,6264,4,14,5,20,85400,66605.0,72767.0,6851831.0,4557947.0,2,2,2,1
44,4.4460,16182.0240,88.6640,16275.1340,5000,5078,45,6264,4,14,5,20,85400,66402.0,71298.0,6847730.0,9102961.0,2,2,2,1
45,4.6760,11647.8990,116.8400,11769.4150,5000,5078,45,6264,4,14,5,20,85400,66330.0,71181.0,6860918.0,4557171.0,2,2,2,1
46,4.4350,16161.9420,114.0350,16280.4120,5000,5078,45,6264,4,14,5,20,85400,66434.0,71475.0,6846299.0,9081551.0,2,2,2,1
47,5.3780,11636.3440,122.0700,11763.7920,5000,5078,45,6264,4,14,5,20,85400,66234.0,71304.0,6842871.0,4562687.0,2,2,2,1
48,4.5910,11643.7900,50.8220,11699.2030,5000,5078,45,6264,4,14,5,20,85400,66262.0,71287.0,6850025.0,4558085.0,2,2,2,1
49,7.5190,11651.4200,76.1910,11735.1300,5000,5078,45,6264,4,14,5,20,85400,66301.0,71317.0,6846228.0,4574092.0,2,2,2,1
#heap 28371
#stack 82280
#end
#block pipeline plain lorawan11 up
#aead LoRaWAN-1.1 AES-128-CTR+2xCMAC (BearSSL (arduino-pico)), uplink, 51 B payload + 13 B overhead
#lib none (plain MQTT)
iter,tcp_ms,tls_ms,mqtt_ms,total_ms,hs_tx_B,hs_rx_B,mqtt_tx_B,mqtt_rx_B,hs_writes,hs_reads,writes,reads,free_heap_B,hs_keygen_us,hs_derive_us,hs_verify_us,hs_sign_us,hs_keygen_n,hs_derive_n,hs_verify_n,hs_sign_n
msg,iter,idx,seal_us,rtt_us,open_us,tx_B,rx_B
whole,iter,first_ms,all_ms,msgs
0,4.4020,0.0020,7.1580,11.5620,0,0,23,4,0,0,1,1,93336,0.0,0.0,0.0,0.0,0,0,0,0
msg,0,0,801,4062,736,90,90
msg,0,1,704,3686,753,90,90
msg,0,2,663,8523,752,90,90
msg,0,3,692,3822,738,90,90
msg,0,4,704,30714,774,90,90
msg,0,5,672,3946,758,90,90
msg,0,6,700,5588,731,90,90
msg,0,7,670,4780,765,90,90
msg,0,8,699,4562,754,90,90
msg,0,9,704,4210,755,90,90
msg,0,10,708,4051,750,90,90
msg,0,11,665,3768,754,90,90
msg,0,12,701,5712,730,90,90
msg,0,13,708,3922,805,90,90
msg,0,14,694,6938,727,90,90
msg,0,15,678,4169,746,90,90
msg,0,16,694,31593,739,90,90
msg,0,17,679,3879,763,90,90
msg,0,18,703,5045,798,90,90
msg,0,19,701,4574,756,90,90
msg,0,20,695,4173,757,90,90
msg,0,21,705,4049,729,90,90
msg,0,22,666,3774,761,90,90
msg,0,23,702,4172,754,90,90
msg,0,24,669,4438,752,90,90
msg,0,25,699,3677,796,90,90
msg,0,26,696,8508,749,90,90
msg,0,27,702,4142,755,90,90
msg,0,28,694,32164,756,90,90
msg,0,29,696,3758,752,90,90
msg,0,30,705,5119,752,90,90
msg,0,31,702,3689,735,90,90
msg,0,32,797,3658,758,90,90
msg,0,33,695,3770,758,90,90
msg,0,34,690,7130,750,90,90
msg,0,35,695,4082,754,90,90
msg,0,36,667,7686,750,90,90
msg,0,37,695,10240,759,90,90
msg,0,38,696,3646,755,90,90
msg,0,39,706,31245,755,90,90
msg,0,40,705,3702,733,90,90
msg,0,41,667,5221,751,90,90
msg,0,42,682,3853,755,90,90
msg,0,43,704,4673,757,90,90
msg,0,44,697,3724,730,90,90
msg,0,45,668,6138,750,90,90
msg,0,46,709,3813,752,90,90
msg,0,47,665,3532,807,90,90
msg,0,48,703,4385,747,90,90
msg,0,49,698,8294,744,90,90
msg,0,50,698,3750,757,90,90
msg,0,51,694,30289,755,90,90
msg,0,52,698,4075,755,90,90
msg,0,53,681,6154,757,90,90
msg,0,54,667,4002,745,90,90
msg,0,55,697,4246,758,90,90
msg,0,56,758,3889,750,90,90
msg,0,57,702,6138,731,90,90
msg,0,58,677,3875,750,90,90
msg,0,59,692,7627,746,90,90
msg,0,60,696,10082,761,90,90
msg,0,61,712,3949,750,90,90
msg,0,62,672,32781,753,90,90
msg,0,63,701,3982,752,90,90
msg,0,64,681,3897,755,90,90
msg,0,65,697,4071,751,90,90
msg,0,66,700,3942,741,90,90
msg,0,67,670,4111,758,90,90
msg,0,68,691,6707,728,90,90
msg,0,69,674,4976,750,90,90
msg,0,70,695,5021,748,90,90
msg,0,71,704,3811,753,90,90
msg,0,72,699,5915,756,90,90
msg,0,73,694,3826,752,90,90
msg,0,74,697,31164,793,90,90
msg,0,75,693,3912,759,90,90
msg,0,76,671,4824,757,90,90
msg,0,77,690,3518,757,90,90
msg,0,78,710,4348,754,90,90
msg,0,79,697,4394,752,90,90
msg,0,80,704,7288,751,90,90
msg,0,81,702,4589,732,90,90
msg,0,82,673,5610,757,90,90
msg,0,83,678,8541,752,90,90
msg,0,84,703,3696,764,90,90
msg,0,85,697,31299,784,90,90
msg,0,86,697,4080,1084,90,90
msg,0,87,712,6577,741,90,90
msg,0,88,673,3917,759,90,90
msg,0,89,695,4195,751,90,90
msg,0,90,695,4043,734,90,90
msg,0,91,674,7431,727,90,90
msg,0,92,670,4399,738,90,90
msg,0,93,673,6635,761,90,90
msg,0,94,698,9815,758,90,90
msg,0,95,708,31748,727,90,90
msg,0,96,679,4228,730,90,90
msg,0,97,672,3944,752,90,90
msg,0,98,705,3966,758,90,90
msg,0,99,677,4991,753,90,90
msg,0,100,698,3876,751,90,90
msg,0,101,706,3489,750,90,90
msg,0,102,709,4493,803,90,90
msg,0,103,691,4089,754,90,90
msg,0,104,699,7321,754,90,90
msg,0,105,692,4754,761,90,90
msg,0,106,698,8371,756,90,90
msg,0,107,710,31382,756,90,90
msg,0,108,694,5386,747,90,90
msg,0,109,701,6012,755,90,90
msg,0,110,761,3944,731,90,90
msg,0,111,678,4026,752,90,90
msg,0,112,694,3752,752,90,90
msg,0,113,665,6259,739,90,90
msg,0,114,678,4117,755,90,90
msg,0,115,692,3850,758,90,90
msg,0,116,1133,4152,755,90,90
msg,0,117,701,7808,739,90,90
msg,0,118,705,32129,759,90,90
msg,0,119,706,4243,758,90,90
msg,0,120,694,4184,753,90,90
msg,0,121,702,3888,729,90,90
msg,0,122,704,3844,747,90,90
msg,0,123,702,4021,732,90,90
msg,0,124,667,3971,754,90,90
msg,0,125,693,7547,739,90,90
msg,0,126,698,3898,755,90,90
msg,0,127,693,7999,741,90,90
msg,0,128,669,7894,756,90,90
msg,0,129,696,32956,731,90,90
msg,0,130,673,4076,763,90,90
msg,0,131,700,3754,753,90,90
msg,0,132,671,4190,734,90,90
msg,0,133,670,4318,729,90,90
msg,0,134,691,3520,730,90,90
msg,0,135,672,4581,753,90,90
msg,0,136,699,7068,735,90,90
msg,0,137,672,3961,759,90,90
msg,0,138,692,5396,758,90,90
msg,0,139,694,11525,748,90,90
msg,0,140,703,32914,760,90,90
msg,0,141,701,3798,749,90,90
msg,0,142,695,4334,757,90,90
msg,0,143,705,4616,733,90,90
msg,0,144,671,4687,759,90,90
msg,0,145,697,5193,731,90,90
msg,0,146,671,4438,800,90,90
msg,0,147,672,4431,756,90,90
msg,0,148,700,4275,751,90,90
msg,0,149,707,5846,751,90,90
msg,0,150,708,6247,753,90,90
msg,0,151,696,4613,730,90,90
msg,0,152,670,30877,762,90,90
msg,0,153,695,3846,734,90,90
msg,0,154,728,4017,755,90,90
msg,0,155,696,4365,748,90,90
msg,0,156,689,4056,761,90,90
msg,0,157,692,4253,756,90,90
msg,0,158,674,3777,755,90,90
msg,0,159,691,5283,755,90,90
msg,0,160,703,8172,764,90,90
msg,0,161,703,4448,758,90,90
msg,0,162,711,7847,776,90,90
msg,0,163,670,3869,749,90,90
msg,0,164,695,29584,751,90,90
msg,0,165,695,3770,731,90,90
msg,0,166,672,3688,758,90,90
msg,0,167,701,4490,750,90,90
msg,0,168,692,3982,755,90,90
msg,0,169,672,3905,747,90,90
msg,0,170,692,4024,756,90,90
msg,0,171,697,4507,765,90,90
msg,0,172,695,5318,763,90,90
msg,0,173,704,5434,759,90,90
msg,0,174,705,10052,751,90,90
msg,0,175,697,33474,747,90,90
msg,0,176,693,4406,758,90,90
msg,0,177,693,4277,756,90,90
msg,0,178,706,4191,750,90,90
msg,0,179,672,4395,755,90,90
msg,0,180,669,4478,765,90,90
msg,0,181,695,5289,755,90,90
msg,0,182,700,4359,753,90,90
msg,0,183,695,6583,759,90,90
msg,0,184,696,4195,754,90,90
msg,0,185,692,8849,742,90,90
msg,0,186,706,8870,758,90,90
msg,0,187,698,26366,758,90,90
msg,0,188,701,4060,730,90,90
msg,0,189,672,4640,757,90,90
msg,0,190,689,4504,755,90,90
msg,0,191,695,5985,735,90,90
msg,0,192,669,3989,746,90,90
msg,0,193,700,4523,756,90,90
msg,0,194,718,3741,757,90,90
msg,0,195,665,6324,755,90,90
msg,0,196,677,3983,750,90,90
msg,0,197,702,6197,760,90,90
msg,0,198,699,32939,760,90,90
msg,0,199,668,6087,732,90,90
whole,0,22.868,1822.311,200
1,4.4140,0.0020,4.0960,8.5120,0,0,23,4,0,0,1,1,93336,0.0,0.0,0.0,0.0,0,0,0,0
msg,1,0,816,3647,764,90,90
msg,1,1,699,5797,756,90,90
msg,1,2,695,3843,754,90,90
msg,1,3,692,5392,760,90,90
msg,1,4,693,10804,763,90,90
msg,1,5,701,3838,748,90,90
msg,1,6,671,31505,758,90,90
msg,1,7,700,4039,736,90,90
msg,1,8,681,10175,744,90,90
msg,1,9,693,4844,758,90,90
msg,1,10,698,3866,745,90,90
msg,1,11,697,7190,759,90,90
msg,1,12,703,3749,729,90,90
msg,1,13,672,6245,782,90,90
msg,1,14,676,9456,729,90,90
msg,1,15,671,3695,752,90,90
msg,1,16,694,32519,763,90,90
msg,1,17,702,4287,763,90,90
msg,1,18,706,5091,753,90,90
msg,1,19,669,3902,755,90,90
msg,1,20,696,4212,756,90,90
msg,1,21,706,3944,836,90,90
msg,1,22,670,3684,758,90,90
msg,1,23,703,4714,727,90,90
msg,1,24,706,4663,755,90,90
msg,1,25,668,4160,731,90,90
msg,1,26,693,8340,729,90,90
msg,1,27,694,3855,751,90,90
msg,1,28,754,32186,751,90,90
msg,1,29,699,4813,759,90,90
msg,1,30,700,4072,750,90,90
msg,1,31,692,3893,734,90,90
msg,1,32,667,6329,735,90,90
msg,1,33,783,3913,752,90,90
msg,1,34,690,4518,761,90,90
msg,1,35,704,3857,754,90,90
msg,1,36,689,6998,730,90,90
msg,1,37,695,3628,722,90,90
msg,1,38,673,5649,760,90,90
msg,1,39,698,8673,758,90,90
msg,1,40,701,22647,737,90,90
msg,1,41,668,4092,757,90,90
msg,1,42,698,8767,728,90,90
msg,1,43,670,3969,753,90,90
msg,1,44,701,4138,839,90,90
msg,1,45,712,3812,729,90,90
msg,1,46,671,5899,757,90,90
msg,1,47,695,4285,755,90,90
msg,1,48,752,7585,756,90,90
msg,1,49,695,3611,731,90,90
msg,1,50,704,4205,761,90,90
msg,1,51,753,3891,752,90,90
msg,1,52,1079,29664,740,90,90
msg,1,53,678,5444,732,90,90
msg,1,54,677,5230,733,90,90
msg,1,55,672,4400,730,90,90
msg,1,56,675,4341,733,90,90
msg,1,57,671,5450,732,90,90
msg,1,58,671,6453,734,90,90
msg,1,59,670,3982,751,90,90
msg,1,60,694,4801,727,90,90
msg,1,61,677,10159,744,90,90
msg,1,62,694,3828,754,90,90
msg,1,63,699,30155,732,90,90
msg,1,64,668,3665,751,90,90
msg,1,65,704,4938,730,90,90
msg,1,66,671,3906,755,90,90
msg,1,67,690,3889,738,90,90
msg,1,68,673,6651,756,90,90
msg,1,69,697,7035,737,90,90
msg,1,70,670,5394,732,90,90
msg,1,71,672,4466,733,90,90
msg,1,72,674,11272,734,90,90
msg,1,73,691,3895,763,90,90
msg,1,74,690,31017,737,90,90
msg,1,75,677,4994,755,90,90
msg,1,76,697,4119,752,90,90
msg,1,77,1127,5012,757,90,90
msg,1,78,704,5680,733,90,90
msg,1,79,709,4363,731,90,90
msg,1,80,695,4146,754,90,90
msg,1,81,699,4324,756,90,90
msg,1,82,697,4994,753,90,90
msg,1,83,674,11289,758,90,90
msg,1,84,674,32174,738,90,90
msg,1,85,673,4233,753,90,90
msg,1,86,695,4211,752,90,90
msg,1,87,698,4678,737,90,90
msg,1,88,779,5431,752,90,90
msg,1,89,669,5514,755,90,90
msg,1,90,695,5332,808,90,90
msg,1,91,700,5829,747,90,90
msg,1,92,702,4804,747,90,90
msg,1,93,670,3867,754,90,90
msg,1,94,696,7762,755,90,90
msg,1,95,671,3506,759,90,90
msg,1,96,697,30062,738,90,90
msg,1,97,674,5042,754,90,90
msg,1,98,689,5766,812,90,90
msg,1,99,670,4253,731,90,90
msg,1,100,675,3922,751,90,90
msg,1,101,691,3675,751,90,90
msg,1,102,696,6297,755,90,90
msg,1,103,701,8758,750,90,90
msg,1,104,679,3953,749,90,90
msg,1,105,701,9186,765,90,90
msg,1,106,705,3641,748,90,90
msg,1,107,706,29641,734,90,90
msg,1,108,727,5023,746,90,90
msg,1,109,695,5825,754,90,90
msg,1,110,697,4256,755,90,90
msg,1,111,669,3999,744,90,90
msg,1,112,702,3901,754,90,90
msg,1,113,763,6631,762,90,90
msg,1,114,698,3685,732,90,90
msg,1,115,673,7604,760,90,90
msg,1,116,674,9035,749,90,90
msg,1,117,700,3972,756,90,90
msg,1,118,705,30216,752,90,90
msg,1,119,710,4017,735,90,90
msg,1,120,671,3560,757,90,90
msg,1,121,668,4046,760,90,90
msg,1,122,704,4363,754,90,90
msg,1,123,703,3916,758,90,90
msg,1,124,702,4435,755,90,90
msg,1,125,696,3761,737,90,90
msg,1,126,693,5416,735,90,90
msg,1,127,672,4592,761,90,90
msg,1,128,671,5178,733,90,90
msg,1,129,670,6579,755,90,90
msg,1,130,680,32655,757,90,90
msg,1,131,695,5852,800,90,90
msg,1,132,670,5236,757,90,90
msg,1,133,695,4097,750,90,90
msg,1,134,704,4072,750,90,90
msg,1,135,668,4390,758,90,90
msg,1,136,673,5777,748,90,90
msg,1,137,695,4772,737,90,90
msg,1,138,677,7529,757,90,90
msg,1,139,678,10637,753,90,90
msg,1,140,704,42619,762,90,90
msg,1,141,699,5868,802,90,90
msg,1,142,706,17061,729,90,90
msg,1,143,737,3944,758,90,90
msg,1,144,695,3852,733,90,90
msg,1,145,682,5335,732,90,90
msg,1,146,671,4070,759,90,90
msg,1,147,693,5614,734,90,90
msg,1,148,670,3611,750,90,90
msg,1,149,666,34629,773,90,90
msg,1,150,708,7252,765,90,90
msg,1,151,694,4374,806,90,90
msg,1,152,700,3829,734,90,90
msg,1,153,671,4697,754,90,90
msg,1,154,673,3897,755,90,90
msg,1,155,696,4115,755,90,90
msg,1,156,697,6438,828,90,90
msg,1,157,701,14097,757,90,90
msg,1,158,707,30317,756,90,90
msg,1,159,708,4474,758,90,90
msg,1,160,697,4741,731,90,90
msg,1,161,697,4085,758,90,90
msg,1,162,697,4199,747,90,90
msg,1,163,702,3875,720,90,90
msg,1,164,704,3426,734,90,90
msg,1,165,677,5880,749,90,90
msg,1,166,691,3916,739,90,90
msg,1,167,673,5260,731,90,90
msg,1,168,703,5802,753,90,90
msg,1,169,702,5329,758,90,90
msg,1,170,702,3859,750,90,90
msg,1,171,698,31717,736,90,90
msg,1,172,687,3987,755,90,90
msg,1,173,694,4555,730,90,90
msg,1,174,704,6558,729,90,90
msg,1,175,675,6173,736,90,90
msg,1,176,697,3526,734,90,90
msg,1,177,675,4186,744,90,90
msg,1,178,703,6856,756,90,90
msg,1,179,707,4603,749,90,90
msg,1,180,706,8094,752,90,90
msg,1,181,694,3810,751,90,90
msg,1,182,707,29403,753,90,90
msg,1,183,703,4026,756,90,90
msg,1,184,699,4792,731,90,90
msg,1,185,711,3847,756,90,90
msg,1,186,703,3997,734,90,90
msg,1,187,684,3486,757,90,90
msg,1,188,680,4456,765,90,90
msg,1,189,754,5910,746,90,90
msg,1,190,700,4173,752,90,90
msg,1,191,700,4180,759,90,90
msg,1,192,702,4169,756,90,90
msg,1,193,692,5735,755,90,90
msg,1,194,697,32680,734,90,90
msg,1,195,672,4111,759,90,90
msg,1,196,698,4783,748,90,90
msg,1,197,663,4822,759,90,90
msg,1,198,693,4856,729,90,90
msg,1,199,675,4510,751,90,90
whole,1,19.308,1859.676,200
2,5.3800,0.0020,5.5530,10.9350,0,0,23,4,0,0,1,1,93336,0.0,0.0,0.0,0.0,0,0,0,0
msg,2,0,806,8236,740,90,90
msg,2,1,680,31060,761,90,90
msg,2,2,689,4445,753,90,90
msg,2,3,695,4247,755,90,90
msg,2,4,698,3585,729,90,90
msg,2,5,688,4065,762,90,90
msg,2,6,697,3818,730,90,90
msg,2,7,671,3877,799,90,90
msg,2,8,693,6295,757,90,90
msg,2,9,707,3574,748,90,90
msg,2,10,707,3937,755,90,90
msg,2,11,701,5695,754,90,90
msg,2,12,700,7219,759,90,90
msg,2,13,697,3821,728,90,90
msg,2,14,672,28838,760,90,90
msg,2,15,698,6449,749,90,90
msg,2,16,711,4261,757,90,90
msg,2,17,697,3960,759,90,90
msg,2,18,667,7574,801,90,90
msg,2,19,693,4560,751,90,90
msg,2,20,706,3864,728,90,90
msg,2,21,670,4225,734,90,90
msg,2,22,669,5268,750,90,90
msg,2,23,698,4773,754,90,90
msg,2,24,693,8482,753,90,90
msg,2,25,693,33663,755,90,90
msg,2,26,707,5125,762,90,90
msg,2,27,697,3889,727,90,90
msg,2,28,669,3922,754,90,90
msg,2,29,695,3882,780,90,90
msg,2,30,677,4113,754,90,90
msg,2,31,693,6863,762,90,90
msg,2,32,706,3984,782,90,90
msg,2,33,670,5350,729,90,90
msg,2,34,673,3908,751,90,90
msg,2,35,695,6424,754,90,90
msg,2,36,697,33173,764,90,90
msg,2,37,708,6407,760,90,90
msg,2,38,696,5775,746,90,90
msg,2,39,699,3866,750,90,90
msg,2,40,695,5530,758,90,90
msg,2,41,705,7313,760,90,90
msg,2,42,694,3873,730,90,90
msg,2,43,669,3849,752,90,90
msg,2,44,695,4163,754,90,90
msg,2,45,669,4533,760,90,90
msg,2,46,701,6459,759,90,90
msg,2,47,704,32004,735,90,90
msg,2,48,679,4026,758,90,90
msg,2,49,694,3806,751,90,90
msg,2,50,676,4273,736,90,90
msg,2,51,676,4005,803,90,90
msg,2,52,693,4468,729,90,90
msg,2,53,701,3790,762,90,90
msg,2,54,696,6113,727,90,90
msg,2,55,733,3931,757,90,90
msg,2,56,692,5203,757,90,90
msg,2,57,704,4124,759,90,90
msg,2,58,706,6065,733,90,90
msg,2,59,673,32311,734,90,90
msg,2,60,671,3824,753,90,90
msg,2,61,694,5564,750,90,90
msg,2,62,696,5619,754,90,90
msg,2,63,696,4452,1079,90,90
msg,2,64,712,4221,756,90,90
msg,2,65,671,6949,757,90,90
msg,2,66,699,3801,757,90,90
msg,2,67,679,4412,754,90,90
msg,2,68,703,6002,728,90,90
msg,2,69,704,5879,752,90,90
msg,2,70,701,4061,728,90,90
msg,2,71,678,29597,762,90,90
msg,2,72,694,5175,722,90,90
msg,2,73,673,5575,756,90,90
msg,2,74,688,4402,760,90,90
msg,2,75,694,3964,734,90,90
msg,2,76,700,4134,753,90,90
msg,2,77,703,5684,727,90,90
msg,2,78,679,4507,744,90,90
msg,2,79,678,6569,750,90,90
msg,2,80,691,3747,752,90,90
msg,2,81,701,6542,732,90,90
msg,2,82,694,32738,766,90,90
msg,2,83,694,4807,750,90,90
msg,2,84,703,3889,754,90,90
msg,2,85,668,4548,756,90,90
msg,2,86,704,3473,752,90,90
msg,2,87,698,3445,753,90,90
msg,2,88,697,4289,752,90,90
msg,2,89,698,5477,755,90,90
msg,2,90,705,3513,748,90,90
msg,2,91,696,4059,748,90,90
msg,2,92,709,4781,728,90,90
msg,2,93,678,7094,748,90,90
msg,2,94,696,33120,772,90,90
msg,2,95,708,4078,757,90,90
msg,2,96,665,8071,752,90,90
msg,2,97,695,3627,733,90,90
msg,2,98,668,3811,757,90,90
msg,2,99,699,4669,803,90,90
msg,2,100,705,7248,747,90,90
msg,2,101,698,3754,755,90,90
msg,2,102,677,4306,781,90,90
msg,2,103,673,6015,755,90,90
msg,2,104,695,4835,756,90,90
msg,2,105,667,9286,764,90,90
msg,2,106,668,26557,762,90,90
msg,2,107,699,4227,751,90,90
msg,2,108,700,4189,723,90,90
msg,2,109,674,4169,750,90,90
msg,2,110,703,4174,756,90,90
msg,2,111,697,4576,744,90,90
msg,2,112,692,8205,755,90,90
msg,2,113,698,5876,750,90,90
msg,2,114,680,4710,765,90,90
msg,2,115,695,9054,754,90,90
msg,2,116,694,31445,765,90,90
msg,2,117,708,5513,764,90,90
msg,2,118,695,4563,748,90,90
msg,2,119,697,4451,755,90,90
msg,2,120,706,5179,754,90,90
msg,2,121,709,5196,754,90,90
msg,2,122,696,8651,749,90,90
msg,2,123,688,3883,755,90,90
msg,2,124,697,5338,750,90,90
msg,2,125,697,4468,755,90,90
msg,2,126,695,4782,744,90,90
msg,2,127,710,3723,764,90,90
msg,2,128,697,31413,758,90,90
msg,2,129,696,3929,736,90,90
msg,2,130,697,5112,756,90,90
msg,2,131,696,5174,751,90,90
msg,2,132,694,5495,753,90,90
msg,2,133,699,4143,749,90,90
msg,2,134,696,4830,741,90,90
msg,2,135,702,4199,751,90,90
msg,2,136,699,4972,759,90,90
msg,2,137,705,6122,728,90,90
msg,2,138,674,4408,737,90,90
msg,2,139,677,8254,732,90,90
msg,2,140,676,24501,734,90,90
msg,2,141,720,4399,736,90,90
msg,2,142,666,6239,732,90,90
msg,2,143,665,3860,760,90,90
msg,2,144,697,3821,732,90,90
msg,2,145,693,3973,753,90,90
msg,2,146,702,6888,734,90,90
msg,2,147,669,4028,761,90,90
msg,2,148,693,6797,734,90,90
msg,2,149,671,10051,760,90,90
msg,2,150,697,3829,758,90,90
msg,2,151,700,31344,763,90,90
msg,2,152,679,4394,759,90,90
msg,2,153,694,5272,755,90,90
msg,2,154,675,4105,728,90,90
msg,2,155,703,3937,754,90,90
msg,2,156,703,4847,738,90,90
msg,2,157,675,5668,804,90,90
msg,2,158,701,4975,722,90,90
msg,2,159,696,7335,747,90,90
msg,2,160,702,9564,738,90,90
msg,2,161,684,3691,754,90,90
msg,2,162,700,31031,735,90,90
msg,2,163,682,3916,762,90,90
msg,2,164,701,5245,753,90,90
msg,2,165,696,4034,729,90,90
msg,2,166,676,5782,754,90,90
msg,2,167,697,5081,755,90,90
msg,2,168,666,5092,735,90,90
msg,2,169,667,3803,751,90,90
msg,2,170,697,5278,754,90,90
msg,2,171,693,8213,756,90,90
msg,2,172,682,3932,755,90,90
msg,2,173,696,29334,756,90,90
msg,2,174,697,4283,840,90,90
msg,2,175,706,3907,753,90,90
msg,2,176,692,3918,754,90,90
msg,2,177,694,4248,760,90,90
msg,2,178,699,3649,735,90,90
msg,2,179,668,3928,763,90,90
msg,2,180,698,4828,732,90,90
msg,2,181,673,3622,756,90,90
msg,2,182,750,5698,759,90,90
msg,2,183,699,6688,739,90,90
msg,2,184,670,4909,765,90,90
msg,2,185,696,4104,753,90,90
msg,2,186,667,31712,758,90,90
msg,2,187,692,3847,737,90,90
msg,2,188,669,5308,731,90,90
msg,2,189,679,4230,748,90,90
msg,2,190,694,3508,731,90,90
msg,2,191,675,5938,749,90,90
msg,2,192,694,6054,748,90,90
msg,2,193,668,4846,755,90,90
msg,2,194,705,4801,734,90,90
msg,2,195,675,3597,764,90,90
msg,2,196,694,6200,763,90,90
msg,2,197,676,32711,763,90,90
msg,2,198,697,4146,760,90,90
msg,2,199,700,4116,737,90,90
whole,2,27.378,1813.907,200
#stack 2368
#end
#block pipeline plain lorawan11 down
#aead LoRaWAN-1.1 AES-128-CTR+2xCMAC (BearSSL (arduino-pico)), downlink, 51 B payload + 13 B overhead
#lib none (plain MQTT)
iter,tcp_ms,tls_ms,mqtt_ms,total_ms,hs_tx_B,hs_rx_B,mqtt_tx_B,mqtt_rx_B,hs_writes,hs_reads,writes,reads,free_heap_B,hs_keygen_us,hs_derive_us,hs_verify_us,hs_sign_us,hs_keygen_n,hs_derive_n,hs_verify_n,hs_sign_n
msg,iter,idx,seal_us,rtt_us,open_us,tx_B,rx_B
whole,iter,first_ms,all_ms,msgs
0,6.7410,0.0000,5.6320,12.3730,0,0,23,4,0,0,1,1,93336,0.0,0.0,0.0,0.0,0,0,0,0
msg,0,0,559,5063,481,90,90
msg,0,1,442,7392,497,90,90
msg,0,2,408,4449,477,90,90
msg,0,3,435,6146,470,90,90
msg,0,4,417,4998,474,90,90
msg,0,5,411,4999,494,90,90
msg,0,6,410,3891,496,90,90
msg,0,7,407,32944,499,90,90
msg,0,8,413,3953,491,90,90
msg,0,9,404,3794,502,90,90
msg,0,10,416,5090,498,90,90
msg,0,11,407,4000,490,90,90
msg,0,12,407,3902,494,90,90
msg,0,13,474,3624,497,90,90
msg,0,14,406,3557,477,90,90
msg,0,15,437,4916,472,90,90
msg,0,16,440,5040,476,90,90
msg,0,17,407,3682,838,90,90
msg,0,18,421,6194,505,90,90
msg,0,19,414,3873,496,90,90
msg,0,20,413,31171,474,90,90
msg,0,21,433,4212,466,90,90
msg,0,22,418,3716,474,90,90
msg,0,23,441,5782,470,90,90
msg,0,24,438,3674,484,90,90
msg,0,25,443,4410,473,90,90
msg,0,26,409,4126,498,90,90
msg,0,27,412,4105,494,90,90
msg,0,28,428,5403,470,90,90
msg,0,29,411,3907,524,90,90
msg,0,30,410,3790,468,90,90
msg,0,31,410,4769,465,90,90
msg,0,32,433,8538,485,90,90
msg,0,33,420,8509,468,90,90
msg,0,34,425,29689,483,90,90
msg,0,35,445,5587,488,90,90
msg,0,36,447,3793,495,90,90
msg,0,37,415,3477,474,90,90
msg,0,38,414,3573,472,90,90
msg,0,39,434,3975,471,90,90
msg,0,40,441,4438,492,90,90
msg,0,41,409,4001,496,90,90
msg,0,42,409,4146,471,90,90
msg,0,43,439,4234,467,90,90
msg,0,44,414,7402,493,90,90
msg,0,45,409,5600,501,90,90
msg,0,46,408,7989,502,90,90
msg,0,47,413,26754,480,90,90
msg,0,48,411,4390,472,90,90
msg,0,49,436,5478,490,90,90
msg,0,50,409,3729,471,90,90
msg,0,51,411,3876,469,90,90
msg,0,52,421,3778,473,90,90
msg,0,53,441,3899,470,90,90
msg,0,54,439,5491,493,90,90
msg,0,55,414,4521,470,90,90
msg,0,56,419,5797,477,90,90
msg,0,57,419,8259,551,90,90
msg,0,58,408,3550,470,90,90
msg,0,59,412,31579,473,90,90
msg,0,60,437,3690,494,90,90
msg,0,61,433,4016,476,90,90
msg,0,62,436,5741,491,90,90
msg,0,63,440,3921,530,90,90
msg,0,64,443,3758,492,90,90
msg,0,65,414,3962,490,90,90
msg,0,66,435,3881,485,90,90
msg,0,67,432,5503,486,90,90
msg,0,68,414,4602,470,90,90
msg,0,69,436,6136,466,90,90
msg,0,70,420,4636,469,90,90
msg,0,71,440,5447,499,90,90
msg,0,72,406,4052,493,90,90
msg,0,73,437,31377,478,90,90
msg,0,74,416,4081,499,90,90
msg,0,75,414,4084,500,90,90
msg,0,76,415,3918,545,90,90
msg,0,77,405,3908,493,90,90
msg,0,78,409,3760,500,90,90
msg,0,79,413,4415,470,90,90
msg,0,80,447,5864,471,90,90
msg,0,81,444,3894,476,90,90
msg,0,82,438,4855,478,90,90
msg,0,83,442,3594,497,90,90
msg,0,84,400,6765,492,90,90
msg,0,85,415,4105,491,90,90
msg,0,86,440,7344,470,90,90
msg,0,87,421,27605,477,90,90
msg,0,88,452,4004,472,90,90
msg,0,89,445,5066,466,90,90
msg,0,90,470,4364,497,90,90
msg,0,91,429,4649,504,90,90
msg,0,92,407,4430,476,90,90
msg,0,93,434,7991,472,90,90
msg,0,94,443,4861,475,90,90
msg,0,95,447,4126,476,90,90
msg,0,96,412,4091,494,90,90
msg,0,97,415,8417,469,90,90
msg,0,98,447,33286,494,90,90
msg,0,99,414,8149,497,90,90
msg,0,100,410,5725,495,90,90
msg,0,101,407,4825,500,90,90
msg,0,102,405,3551,474,90,90
msg,0,103,453,4981,473,90,90
msg,0,104,412,4318,489,90,90
msg,0,105,411,4688,471,90,90
msg,0,106,421,6122,493,90,90
msg,0,107,412,17204,474,90,90
msg,0,108,450,32212,480,90,90
msg,0,109,406,4038,478,90,90
msg,0,110,413,3640,477,90,90
msg,0,111,445,5503,496,90,90
msg,0,112,410,4707,493,90,90
msg,0,113,412,4165,496,90,90
msg,0,114,431,3972,487,90,90
msg,0,115,443,5236,470,90,90
msg,0,116,411,4224,496,90,90
msg,0,117,411,5686,477,90,90
msg,0,118,411,3904,491,90,90
msg,0,119,407,8178,499,90,90
msg,0,120,408,3582,470,90,90
msg,0,121,412,6697,470,90,90
msg,0,122,434,27692,478,90,90
msg,0,123,449,4342,469,90,90
msg,0,124,411,4521,476,90,90
msg,0,125,432,4499,500,90,90
msg,0,126,409,3751,500,90,90
msg,0,127,413,3897,502,90,90
msg,0,128,413,4062,501,90,90
msg,0,129,417,3913,495,90,90
msg,0,130,419,4894,493,90,90
msg,0,131,415,8238,474,90,90
msg,0,132,434,8406,489,90,90
msg,0,133,411,4444,470,90,90
msg,0,134,431,33142,478,90,90
msg,0,135,410,3985,469,90,90
msg,0,136,415,5914,478,90,90
msg,0,137,418,4131,492,90,90
msg,0,138,414,4282,517,90,90
msg,0,139,434,3777,489,90,90
msg,0,140,441,3595,510,90,90
msg,0,141,412,4608,473,90,90
msg,0,142,418,3694,468,90,90
msg,0,143,438,3638,485,90,90
msg,0,144,436,4966,476,90,90
msg,0,145,432,9304,473,90,90
msg,0,146,415,4186,489,90,90
msg,0,147,418,31305,475,90,90
msg,0,148,444,3817,477,90,90
msg,0,149,444,4115,473,90,90
msg,0,150,449,4176,500,90,90
msg,0,151,414,5191,492,90,90
msg,0,152,406,4193,473,90,90
msg,0,153,436,4436,495,90,90
msg,0,154,406,3813,493,90,90
msg,0,155,420,3769,469,90,90
msg,0,156,409,4844,473,90,90
msg,0,157,415,3943,470,90,90
msg,0,158,412,8077,494,90,90
msg,0,159,412,3726,468,90,90
msg,0,160,415,30588,476,90,90
msg,0,161,429,4491,498,90,90
msg,0,162,409,4086,497,90,90
msg,0,163,407,4862,495,90,90
msg,0,164,407,4094,521,90,90
msg,0,165,439,4149,473,90,90
msg,0,166,411,3622,468,90,90
msg,0,167,440,8099,471,90,90
msg,0,168,504,3378,496,90,90
msg,0,169,412,4091,485,90,90
msg,0,170,439,4370,474,90,90
msg,0,171,414,8989,494,90,90
msg,0,172,414,3883,497,90,90
msg,0,173,416,28808,482,90,90
msg,0,174,428,4301,495,90,90
msg,0,175,441,4279,470,90,90
msg,0,176,415,4827,469,90,90
msg,0,177,454,3991,471,90,90
msg,0,178,414,4113,494,90,90
msg,0,179,416,3742,471,90,90
msg,0,180,416,3827,472,90,90
msg,0,181,411,4895,471,90,90
msg,0,182,417,4350,497,90,90
msg,0,183,415,6127,476,90,90
msg,0,184,443,3985,475,90,90
msg,0,185,438,6321,496,90,90
msg,0,186,409,4220,492,90,90
msg,0,187,417,31969,494,90,90
msg,0,188,441,3723,496,90,90
msg,0,189,414,3485,476,90,90
msg,0,190,416,4456,501,90,90
msg,0,191,434,4515,495,90,90
msg,0,192,404,4663,472,90,90
msg,0,193,432,4005,466,90,90
msg,0,194,417,6542,477,90,90
msg,0,195,439,4147,472,90,90
msg,0,196,438,5929,470,90,90
msg,0,197,417,4640,476,90,90
msg,0,198,439,6971,475,90,90
msg,0,199,439,31390,504,90,90
whole,0,24.721,1628.706,200
1,5.3820,0.0020,5.2720,10.6560,0,0,23,4,0,0,1,1,93336,0.0,0.0,0.0,0.0,0,0,0,0
msg,1,0,572,3702,505,90,90
msg,1,1,410,3858,503,90,90
msg,1,2,412,4437,470,90,90
msg,1,3,438,4195,494,90,90
msg,1,4,417,3918,498,90,90
msg,1,5,418,5084,494,90,90
msg,1,6,402,3938,498,90,90
msg,1,7,419,7246,468,90,90
msg,1,8,455,4220,474,90,90
msg,1,9,409,30852,482,90,90
msg,1,10,414,30649,477,90,90
msg,1,11,452,6981,474,90,90
msg,1,12,413,4126,497,90,90
msg,1,13,405,3950,496,90,90
msg,1,14,472,3716,467,90,90
msg,1,15,410,8670,475,90,90
msg,1,16,451,3574,489,90,90
msg,1,17,444,29736,499,90,90
msg,1,18,410,3942,499,90,90
msg,1,19,413,3901,501,90,90
msg,1,20,436,5338,478,90,90
msg,1,21,413,4394,496,90,90
msg,1,22,407,4123,470,90,90
msg,1,23,442,4266,467,90,90
msg,1,24,422,4314,497,90,90
msg,1,25,418,5397,471,90,90
msg,1,26,434,6324,489,90,90
msg,1,27,409,3932,495,90,90
msg,1,28,409,4985,500,90,90
msg,1,29,414,4660,506,90,90
msg,1,30,410,3842,496,90,90
msg,1,31,405,29493,468,90,90
msg,1,32,437,6121,475,90,90
msg,1,33,411,6171,503,90,90
msg,1,34,419,3698,477,90,90
msg,1,35,412,3693,471,90,90
msg,1,36,450,3937,471,90,90
msg,1,37,454,4232,499,90,90
msg,1,38,410,5420,472,90,90
msg,1,39,443,4186,473,90,90
msg,1,40,414,6396,488,90,90
msg,1,41,437,4258,471,90,90
msg,1,42,410,5241,584,90,90
msg,1,43,417,4611,477,90,90
msg,1,44,412,31894,470,90,90
msg,1,45,414,4108,500,90,90
msg,1,46,409,6071,493,90,90
msg,1,47,406,4503,474,90,90
msg,1,48,415,4171,499,90,90
msg,1,49,407,5169,486,90,90
msg,1,50,440,5119,474,90,90
msg,1,51,458,4086,472,90,90
msg,1,52,469,5278,498,90,90
msg,1,53,404,3706,496,90,90
msg,1,54,410,4297,464,90,90
msg,1,55,444,6897,473,90,90
msg,1,56,438,31008,474,90,90
msg,1,57,446,4106,465,90,90
msg,1,58,419,7126,500,90,90
msg,1,59,408,3855,494,90,90
msg,1,60,419,3976,499,90,90
msg,1,61,416,3761,475,90,90
msg,1,62,415,4578,474,90,90
msg,1,63,431,6934,474,90,90
msg,1,64,437,4260,490,90,90
msg,1,65,409,3936,540,90,90
msg,1,66,408,4441,476,90,90
msg,1,67,452,8436,499,90,90
msg,1,68,410,3734,496,90,90
msg,1,69,416,32891,501,90,90
msg,1,70,416,3812,473,90,90
msg,1,71,413,4069,504,90,90
msg,1,72,413,3862,499,90,90
msg,1,73,410,3786,472,90,90
msg,1,74,426,3716,473,90,90
msg,1,75,420,3929,473,90,90
msg,1,76,412,7090,495,90,90
msg,1,77,409,4716,471,90,90
msg,1,78,413,4329,493,90,90
msg,1,79,402,3871,488,90,90
msg,1,80,406,7837,498,90,90
msg,1,81,405,3812,495,90,90
msg,1,82,402,29094,502,90,90
msg,1,83,403,4172,472,90,90
msg,1,84,436,5693,492,90,90
msg,1,85,411,4113,478,90,90
msg,1,86,449,3983,477,90,90
msg,1,87,443,3782,474,90,90
msg,1,88,453,4018,470,90,90
msg,1,89,443,3500,492,90,90
msg,1,90,407,5423,471,90,90
msg,1,91,442,3875,468,90,90
msg,1,92,443,4148,487,90,90
msg,1,93,852,4439,479,90,90
msg,1,94,421,7791,472,90,90
msg,1,95,410,3715,468,90,90
msg,1,96,444,32035,475,90,90
msg,1,97,416,5777,470,90,90
msg,1,98,438,4829,470,90,90
msg,1,99,438,4204,472,90,90
msg,1,100,412,7065,499,90,90
msg,1,101,412,8135,489,90,90
msg,1,102,413,4386,469,90,90
msg,1,103,413,5597,474,90,90
msg,1,104,449,3989,480,90,90
msg,1,105,444,3528,494,90,90
msg,1,106,408,5600,474,90,90
msg,1,107,422,3832,469,90,90
msg,1,108,412,32154,498,90,90
msg,1,109,419,5442,473,90,90
msg,1,110,447,3824,473,90,90
msg,1,111,451,3749,482,90,90
msg,1,112,438,3545,492,90,90
msg,1,113,406,3818,498,90,90
msg,1,114,410,3888,494,90,90
msg,1,115,410,6416,469,90,90
msg,1,116,440,3694,493,90,90
msg,1,117,409,4174,477,90,90
msg,1,118,450,3947,472,90,90
msg,1,119,438,8158,466,90,90
msg,1,120,412,3939,473,90,90
msg,1,121,412,33603,487,90,90
msg,1,122,444,5507,499,90,90
msg,1,123,415,4628,497,90,90
msg,1,124,407,3664,475,90,90
msg,1,125,413,3734,470,90,90
msg,1,126,440,4981,463,90,90
msg,1,127,442,4949,470,90,90
msg,1,128,438,5501,492,90,90
msg,1,129,445,3719,498,90,90
msg,1,130,407,5119,494,90,90
msg,1,131,442,4103,471,90,90
msg,1,132,439,5941,469,90,90
msg,1,133,439,4393,498,90,90
msg,1,134,408,31519,475,90,90
msg,1,135,413,4056,473,90,90
msg,1,136,409,6076,492,90,90
msg,1,137,418,3590,473,90,90
msg,1,138,414,3932,471,90,90
msg,1,139,415,3602,475,90,90
msg,1,140,426,3972,474,90,90
msg,1,141,436,4961,473,90,90
msg,1,142,445,3839,469,90,90
msg,1,143,449,3727,500,90,90
msg,1,144,445,4416,503,90,90
msg,1,145,405,8728,472,90,90
msg,1,146,412,10511,486,90,90
msg,1,147,426,26776,496,90,90
msg,1,148,411,3952,488,90,90
msg,1,149,433,5156,475,90,90
msg,1,150,438,3781,470,90,90
msg,1,151,440,3887,475,90,90
msg,1,152,492,3818,469,90,90
msg,1,153,443,3727,485,90,90
msg,1,154,417,5591,851,90,90
msg,1,155,442,4069,491,90,90
msg,1,156,441,3807,473,90,90
msg,1,157,436,4250,470,90,90
msg,1,158,419,8727,474,90,90
msg,1,159,436,3590,490,90,90
msg,1,160,430,30958,470,90,90
msg,1,161,443,4206,472,90,90
msg,1,162,410,4004,469,90,90
msg,1,163,419,4144,496,90,90
msg,1,164,411,3932,490,90,90
msg,1,165,416,3983,494,90,90
msg,1,166,407,3818,489,90,90
msg,1,167,405,3754,498,90,90
msg,1,168,409,4315,493,90,90
msg,1,169,444,3611,500,90,90
msg,1,170,411,7188,469,90,90
msg,1,171,430,3890,468,90,90
msg,1,172,434,4685,496,90,90
msg,1,173,409,4638,491,90,90
msg,1,174,410,32633,477,90,90
msg,1,175,424,4716,472,90,90
msg,1,176,438,5192,470,90,90
msg,1,177,419,3881,520,90,90
msg,1,178,414,4693,470,90,90
msg,1,179,448,3716,480,90,90
msg,1,180,451,3649,495,90,90
msg,1,181,407,5148,483,90,90
msg,1,182,443,3900,477,90,90
msg,1,183,447,6306,490,90,90
msg,1,184,406,5589,472,90,90
msg,1,185,443,5301,492,90,90
msg,1,186,405,3685,466,90,90
msg,1,187,419,33614,476,90,90
msg,1,188,434,4215,472,90,90
msg,1,189,418,5696,472,90,90
msg,1,190,444,4032,475,90,90
msg,1,191,420,3916,525,90,90
msg,1,192,413,4987,484,90,90
msg,1,193,412,4448,475,90,90
msg,1,194,438,5323,494,90,90
msg,1,195,420,4296,500,90,90
msg,1,196,441,3717,495,90,90
msg,1,197,417,3803,502,90,90
msg,1,198,416,6148,505,90,90
msg,1,199,434,4022,480,90,90
whole,1,21.003,1604.542,200
2,5.3710,0.0020,6.3930,11.7660,0,0,23,4,0,0,1,1,93336,0.0,0.0,0.0,0.0,0,0,0,0
msg,2,0,538,4479,473,90,90
msg,2,1,451,3622,499,90,90
msg,2,2,407,4597,480,90,90
msg,2,3,417,4199,486,90,90
msg,2,4,404,3896,495,90,90
msg,2,5,407,5912,506,90,90
msg,2,6,404,4142,472,90,90
msg,2,7,444,4832,484,90,90
msg,2,8,436,3899,489,90,90
msg,2,9,446,30557,499,90,90
msg,2,10,411,4081,492,90,90
msg,2,11,410,4121,474,90,90
msg,2,12,445,6137,472,90,90
msg,2,13,434,3900,466,90,90
msg,2,14,444,5047,470,90,90
msg,2,15,829,4939,492,90,90
msg,2,16,439,4900,493,90,90
msg,2,17,439,3781,489,90,90
msg,2,18,408,5159,477,90,90
msg,2,19,437,3877,469,90,90
msg,2,20,440,9143,468,90,90
msg,2,21,438,3816,465,90,90
msg,2,22,437,29886,475,90,90
msg,2,23,441,5088,471,90,90
msg,2,24,423,7030,487,90,90
msg,2,25,410,3663,472,90,90
msg,2,26,410,3976,468,90,90
msg,2,27,413,3805,472,90,90
msg,2,28,551,3774,467,90,90
msg,2,29,445,5979,469,90,90
msg,2,30,412,3688,470,90,90
msg,2,31,442,4034,477,90,90
msg,2,32,446,3939,474,90,90
msg,2,33,409,8203,493,90,90
msg,2,34,410,3898,490,90,90
msg,2,35,407,33218,491,90,90
msg,2,36,443,4491,500,90,90
msg,2,37,408,5118,502,90,90
msg,2,38,419,3959,491,90,90
msg,2,39,409,5175,469,90,90
msg,2,40,446,4178,470,90,90
msg,2,41,413,3693,473,90,90
msg,2,42,441,5144,466,90,90
msg,2,43,411,3907,480,90,90
msg,2,44,411,5367,489,90,90
msg,2,45,435,4361,471,90,90
msg,2,46,406,6393,496,90,90
msg,2,47,488,3657,495,90,90
msg,2,48,408,31654,478,90,90
msg,2,49,420,4455,472,90,90
msg,2,50,437,6027,472,90,90
msg,2,51,446,4365,493,90,90
msg,2,52,411,4652,468,90,90
msg,2,53,426,5782,470,90,90
msg,2,54,446,6951,472,90,90
msg,2,55,414,3860,467,90,90
msg,2,56,434,6520,487,90,90
msg,2,57,436,10831,547,90,90
msg,2,58,441,5217,469,90,90
msg,2,59,439,31216,497,90,90
msg,2,60,407,4242,485,90,90
msg,2,61,435,3881,490,90,90
msg,2,62,434,3825,492,90,90
msg,2,63,411,3574,494,90,90
msg,2,64,406,3738,476,90,90
msg,2,65,415,5388,495,90,90
msg,2,66,413,6529,471,90,90
msg,2,67,418,4878,474,90,90
msg,2,68,411,6244,501,90,90
msg,2,69,405,8458,478,90,90
msg,2,70,413,4019,469,90,90
msg,2,71,414,31612,471,90,90
msg,2,72,436,4115,469,90,90
msg,2,73,412,4042,496,90,90
msg,2,74,419,4233,491,90,90
msg,2,75,403,5146,481,90,90
msg,2,76,431,5992,471,90,90
msg,2,77,444,3802,477,90,90
msg,2,78,452,6463,487,90,90
msg,2,79,412,4169,493,90,90
msg,2,80,433,7020,476,90,90
msg,2,81,444,4861,520,90,90
msg,2,82,444,5573,492,90,90
msg,2,83,411,31939,499,90,90
msg,2,84,436,3941,492,90,90
msg,2,85,438,4007,473,90,90
msg,2,86,447,5663,501,90,90
msg,2,87,436,3674,507,90,90
msg,2,88,406,4385,475,90,90
msg,2,89,437,3814,474,90,90
msg,2,90,440,3615,498,90,90
msg,2,91,404,3646,490,90,90
msg,2,92,415,3549,475,90,90
msg,2,93,436,4539,491,90,90
msg,2,94,411,3538,471,90,90
msg,2,95,413,3589,472,90,90
msg,2,96,451,5637,494,90,90
msg,2,97,403,3778,495,90,90
msg,2,98,404,31271,479,90,90
msg,2,99,453,5156,472,90,90
msg,2,100,409,6637,471,90,90
msg,2,101,436,4359,504,90,90
msg,2,102,405,4039,503,90,90
msg,2,103,405,4108,491,90,90
msg,2,104,446,4097,515,90,90
msg,2,105,443,3696,483,90,90
msg,2,106,437,4313,483,90,90
msg,2,107,410,6498,476,90,90
msg,2,108,434,4866,473,90,90
msg,2,109,446,5904,479,90,90
msg,2,110,434,3847,491,90,90
msg,2,111,442,32256,471,90,90
msg,2,112,405,3831,475,90,90
msg,2,113,435,5998,467,90,90
msg,2,114,415,3706,484,90,90
msg,2,115,451,4843,475,90,90
msg,2,116,450,4157,465,90,90
msg,2,117,412,4068,495,90,90
msg,2,118,404,3681,470,90,90
msg,2,119,411,4012,474,90,90
msg,2,120,410,4260,494,90,90
msg,2,121,417,3771,503,90,90
msg,2,122,410,8635,477,90,90
msg,2,123,407,4502,469,90,90
msg,2,124,439,31117,471,90,90
msg,2,125,438,4882,467,90,90
msg,2,126,442,6256,499,90,90
msg,2,127,419,3755,477,90,90
msg,2,128,415,3707,470,90,90
msg,2,129,442,3760,476,90,90
msg,2,130,452,3812,471,90,90
msg,2,131,432,5357,487,90,90
msg,2,132,416,4018,495,90,90
msg,2,133,411,4030,547,90,90
msg,2,134,421,4266,478,90,90
msg,2,135,442,8784,471,90,90
msg,2,136,432,3679,551,90,90
msg,2,137,452,31128,468,90,90
msg,2,138,434,4296,495,90,90
msg,2,139,408,4636,482,90,90
msg,2,140,415,3857,467,90,90
msg,2,141,440,4113,495,90,90
msg,2,142,417,5187,533,90,90
msg,2,143,410,3836,497,90,90
msg,2,144,417,3854,492,90,90
msg,2,145,414,4105,487,90,90
msg,2,146,432,5368,469,90,90
msg,2,147,415,4934,475,90,90
msg,2,148,417,8493,469,90,90
msg,2,149,441,3788,494,90,90
msg,2,150,432,33174,468,90,90
msg,2,151,445,3872,474,90,90
msg,2,152,448,5817,475,90,90
msg,2,153,448,3688,493,90,90
msg,2,154,447,3715,493,90,90
msg,2,155,417,4930,500,90,90
msg,2,156,405,8430,477,90,90
msg,2,157,415,4025,472,90,90
msg,2,158,415,4478,473,90,90
msg,2,159,426,4098,470,90,90
msg,2,160,438,8569,496,90,90
msg,2,161,490,3739,495,90,90
msg,2,162,404,34222,475,90,90
msg,2,163,445,4132,474,90,90
msg,2,164,420,4818,467,90,90
msg,2,165,415,3741,472,90,90
msg,2,166,440,6380,491,90,90
msg,2,167,416,3767,498,90,90
msg,2,168,409,4235,501,90,90
msg,2,169,430,4108,474,90,90
msg,2,170,445,3770,473,90,90
msg,2,171,448,5620,508,90,90
msg,2,172,413,3697,497,90,90
msg,2,173,419,6851,478,90,90
msg,2,174,411,3888,471,90,90
msg,2,175,475,31458,475,90,90
msg,2,176,433,3887,474,90,90
msg,2,177,432,4292,465,90,90
msg,2,178,412,3717,474,90,90
msg,2,179,442,3428,498,90,90
msg,2,180,404,4345,477,90,90
msg,2,181,445,4919,464,90,90
msg,2,182,444,6755,469,90,90
msg,2,183,445,3949,471,90,90
msg,2,184,443,6794,470,90,90
msg,2,185,452,4263,468,90,90
msg,2,186,413,6184,496,90,90
msg,2,187,407,3839,495,90,90
msg,2,188,416,35313,482,90,90
msg,2,189,443,4188,474,90,90
msg,2,190,423,4663,475,90,90
msg,2,191,446,3411,497,90,90
msg,2,192,409,3738,496,90,90
msg,2,193,410,4462,468,90,90
msg,2,194,439,4001,469,90,90
msg,2,195,447,4629,485,90,90
msg,2,196,439,4247,476,90,90
msg,2,197,419,4664,472,90,90
msg,2,198,439,3677,492,90,90
msg,2,199,418,7200,468,90,90
whole,2,23.127,1600.564,200
#stack 2360
#end
#block pipeline plain lorawan11_256 up
#aead AES-256-CTR+2xCMAC (LoRaWAN 1.1 frame, 256-bit keys) (BearSSL (arduino-pico)), uplink, 51 B payload + 13 B overhead
#lib none (plain MQTT)
iter,tcp_ms,tls_ms,mqtt_ms,total_ms,hs_tx_B,hs_rx_B,mqtt_tx_B,mqtt_rx_B,hs_writes,hs_reads,writes,reads,free_heap_B,hs_keygen_us,hs_derive_us,hs_verify_us,hs_sign_us,hs_keygen_n,hs_derive_n,hs_verify_n,hs_sign_n
msg,iter,idx,seal_us,rtt_us,open_us,tx_B,rx_B
whole,iter,first_ms,all_ms,msgs
0,4.3600,0.0020,5.3320,9.6940,0,0,23,4,0,0,1,1,93336,0.0,0.0,0.0,0.0,0,0,0,0
msg,0,0,1054,9348,996,90,90
msg,0,1,927,34274,982,90,90
msg,0,2,928,5078,986,90,90
msg,0,3,940,4413,981,90,90
msg,0,4,896,4872,985,90,90
msg,0,5,930,4415,983,90,90
msg,0,6,926,3996,978,90,90
msg,0,7,936,4949,981,90,90
msg,0,8,934,4476,957,90,90
msg,0,9,926,5121,989,90,90
msg,0,10,930,9082,982,90,90
msg,0,11,940,3737,983,90,90
msg,0,12,991,35270,981,90,90
msg,0,13,927,8493,974,90,90
msg,0,14,926,13052,994,90,90
msg,0,15,929,3838,981,90,90
msg,0,16,934,3978,979,90,90
msg,0,17,1374,7402,984,90,90
msg,0,18,932,9412,978,90,90
msg,0,19,930,31498,990,90,90
msg,0,20,933,4208,984,90,90
msg,0,21,904,4519,988,90,90
msg,0,22,925,4915,978,90,90
msg,0,23,925,3793,987,90,90
msg,0,24,927,3737,984,90,90
msg,0,25,928,4556,980,90,90
msg,0,26,924,3995,962,90,90
msg,0,27,927,5346,985,90,90
msg,0,28,933,3858,989,90,90
msg,0,29,923,9231,986,90,90
msg,0,30,987,30501,981,90,90
msg,0,31,931,7917,982,90,90
msg,0,32,924,6287,982,90,90
msg,0,33,898,4184,974,90,90
msg,0,34,926,3904,968,90,90
msg,0,35,927,3801,978,90,90
msg,0,36,925,5168,978,90,90
msg,0,37,938,4103,986,90,90
msg,0,38,931,4110,984,90,90
msg,0,39,928,4051,981,90,90
msg,0,40,900,7269,985,90,90
msg,0,41,934,33529,988,90,90
msg,0,42,902,3687,985,90,90
msg,0,43,924,4321,964,90,90
msg,0,44,930,3952,975,90,90
msg,0,45,932,5239,982,90,90
msg,0,46,930,4621,978,90,90
msg,0,47,922,5095,981,90,90
msg,0,48,1025,5623,974,90,90
msg,0,49,942,3866,978,90,90
msg,0,50,930,8566,985,90,90
msg,0,51,928,32661,984,90,90
msg,0,52,933,4048,985,90,90
msg,0,53,928,4345,977,90,90
msg,0,54,933,4021,978,90,90
msg,0,55,927,3831,982,90,90
msg,0,56,934,4177,985,90,90
msg,0,57,928,7927,991,90,90
msg,0,58,1028,3923,984,90,90
msg,0,59,935,3526,981,90,90
msg,0,60,929,3790,973,90,90
msg,0,61,924,8171,988,90,90
msg,0,62,925,30112,984,90,90
msg,0,63,981,4376,977,90,90
msg,0,64,925,3597,988,90,90
msg,0,65,896,3932,988,90,90
msg,0,66,907,3575,984,90,90
msg,0,67,936,4347,970,90,90
msg,0,68,932,3865,1350,90,90
msg,0,69,945,4844,990,90,90
msg,0,70,923,6234,988,90,90
msg,0,71,926,3874,979,90,90
msg,0,72,929,8689,983,90,90
msg,0,73,925,31377,982,90,90
msg,0,74,902,4294,992,90,90
msg,0,75,925,3840,985,90,90
msg,0,76,930,4044,1036,90,90
msg,0,77,939,4389,973,90,90
msg,0,78,901,3900,982,90,90
msg,0,79,902,3867,982,90,90
msg,0,80,1003,4542,991,90,90
msg,0,81,928,3838,982,90,90
msg,0,82,933,3802,985,90,90
msg,0,83,923,4253,987,90,90
msg,0,84,929,4452,987,90,90
msg,0,85,933,32817,989,90,90
msg,0,86,926,4362,988,90,90
msg,0,87,919,4296,979,90,90
msg,0,88,931,4749,984,90,90
msg,0,89,926,4147,981,90,90
msg,0,90,926,4334,985,90,90
msg,0,91,923,6530,985,90,90
msg,0,92,941,3888,980,90,90
msg,0,93,932,6688,966,90,90
msg,0,94,935,4249,994,90,90
msg,0,95,928,3810,990,90,90
msg,0,96,930,32346,992,90,90
msg,0,97,976,4270,981,90,90
msg,0,98,931,3888,989,90,90
msg,0,99,926,4953,981,90,90
msg,0,100,930,4894,981,90,90
msg,0,101,937,3944,1060,90,90
msg,0,102,929,6326,985,90,90
msg,0,103,924,3921,979,90,90
msg,0,104,931,6133,981,90,90
msg,0,105,924,11532,982,90,90
msg,0,106,926,30026,988,90,90
msg,0,107,902,3993,980,90,90
msg,0,108,929,3639,979,90,90
msg,0,109,930,3860,984,90,90
msg,0,110,929,4059,984,90,90
msg,0,111,931,3829,985,90,90
msg,0,112,1037,4309,988,90,90
msg,0,113,930,4811,982,90,90
msg,0,114,931,3928,981,90,90
msg,0,115,932,4564,989,90,90
msg,0,116,903,8569,992,90,90
msg,0,117,930,4916,985,90,90
msg,0,118,928,30944,986,90,90
msg,0,119,925,3572,977,90,90
msg,0,120,925,4554,977,90,90
msg,0,121,899,3972,981,90,90
msg,0,122,926,4029,1044,90,90
msg,0,123,928,4604,996,90,90
msg,0,124,901,5021,982,90,90
msg,0,125,928,4323,1020,90,90
msg,0,126,930,4225,983,90,90
msg,0,127,942,3724,981,90,90
msg,0,128,929,6507,979,90,90
msg,0,129,933,31617,980,90,90
msg,0,130,927,4153,975,90,90
msg,0,131,931,4384,988,90,90
msg,0,132,932,4258,957,90,90
msg,0,133,925,4220,989,90,90
msg,0,134,927,3838,990,90,90
msg,0,135,933,7209,982,90,90
msg,0,136,934,3861,984,90,90
msg,0,137,926,4668,990,90,90
msg,0,138,926,4251,989,90,90
msg,0,139,941,5693,985,90,90
msg,0,140,926,32272,983,90,90
msg,0,141,901,4776,985,90,90
msg,0,142,925,3775,985,90,90
msg,0,143,923,3793,990,90,90
msg,0,144,929,3828,995,90,90
msg,0,145,924,4293,986,90,90
msg,0,146,930,4985,982,90,90
msg,0,147,899,4805,982,90,90
msg,0,148,929,4158,960,90,90
msg,0,149,921,3979,975,90,90
msg,0,150,926,7791,972,90,90
msg,0,151,1323,8197,993,90,90
msg,0,152,929,25844,987,90,90
msg,0,153,931,3650,1037,90,90
msg,0,154,929,4093,983,90,90
msg,0,155,925,3962,985,90,90
msg,0,156,929,3813,988,90,90
msg,0,157,931,3677,985,90,90
msg,0,158,936,6390,981,90,90
msg,0,159,921,3816,984,90,90
msg,0,160,900,4654,985,90,90
msg,0,161,927,3409,1021,90,90
msg,0,162,927,5537,993,90,90
msg,0,163,928,32109,984,90,90
msg,0,164,930,4520,988,90,90
msg,0,165,926,3848,984,90,90
msg,0,166,925,4499,1007,90,90
msg,0,167,930,4183,981,90,90
msg,0,168,922,3719,987,90,90
msg,0,169,928,9045,987,90,90
msg,0,170,926,3910,983,90,90
msg,0,171,932,4676,980,90,90
msg,0,172,920,5044,983,90,90
msg,0,173,934,4206,984,90,90
msg,0,174,923,31917,982,90,90
msg,0,175,937,3813,987,90,90
msg,0,176,925,9062,988,90,90
msg,0,177,924,3857,983,90,90
msg,0,178,924,3940,986,90,90
msg,0,179,932,4534,1038,90,90
msg,0,180,930,4220,983,90,90
msg,0,181,931,6337,989,90,90
msg,0,182,932,4339,988,90,90
msg,0,183,922,8493,984,90,90
msg,0,184,929,32277,976,90,90
msg,0,185,925,4871,979,90,90
msg,0,186,933,5776,990,90,90
msg,0,187,931,4096,986,90,90
msg,0,188,926,7142,981,90,90
msg,0,189,923,11415,979,90,90
msg,0,190,929,4971,981,90,90
msg,0,191,942,4667,983,90,90
msg,0,192,928,8265,986,90,90
msg,0,193,930,30931,991,90,90
msg,0,194,927,5000,990,90,90
msg,0,195,926,4204,983,90,90
msg,0,196,933,3644,988,90,90
msg,0,197,900,4276,976,90,90
msg,0,198,927,3872,978,90,90
msg,0,199,932,3858,981,90,90
whole,0,27.203,1941.244,200
1,3.3790,0.0020,8.4280,11.8090,0,0,23,4,0,0,1,1,93336,0.0,0.0,0.0,0.0,0,0,0,0
msg,1,0,1057,4790,994,90,90
msg,1,1,933,32016,994,90,90
msg,1,2,899,4119,977,90,90
msg,1,3,926,4006,982,90,90
msg,1,4,928,3866,979,90,90
msg,1,5,935,5235,986,90,90
msg,1,6,923,4296,986,90,90
msg,1,7,897,4064,966,90,90
msg,1,8,925,5927,962,90,90
msg,1,9,930,4264,983,90,90
msg,1,10,928,4716,976,90,90
msg,1,11,927,10377,994,90,90
msg,1,12,927,32588,978,90,90
msg,1,13,932,4116,988,90,90
msg,1,14,927,4686,983,90,90
msg,1,15,924,3880,980,90,90
msg,1,16,930,5456,990,90,90
msg,1,17,900,4007,983,90,90
msg,1,18,928,4781,981,90,90
msg,1,19,896,4099,973,90,90
msg,1,20,933,4613,990,90,90
msg,1,21,935,8667,1030,90,90
msg,1,22,922,4864,983,90,90
msg,1,23,922,28950,992,90,90
msg,1,24,931,5562,995,90,90
msg,1,25,926,4701,975,90,90
msg,1,26,928,3913,968,90,90
msg,1,27,933,3952,976,90,90
msg,1,28,928,4224,979,90,90
msg,1,29,923,5131,988,90,90
msg,1,30,924,3816,983,90,90
msg,1,31,936,3610,980,90,90
msg,1,32,935,3948,981,90,90
msg,1,33,931,7863,975,90,90
msg,1,34,922,29494,979,90,90
msg,1,35,899,4042,967,90,90
msg,1,36,928,3855,985,90,90
msg,1,37,931,4578,981,90,90
msg,1,38,929,4261,975,90,90
msg,1,39,938,4002,975,90,90
msg,1,40,927,3863,978,90,90
msg,1,41,934,4645,990,90,90
msg,1,42,895,4021,975,90,90
msg,1,43,926,3841,986,90,90
msg,1,44,908,3836,1036,90,90
msg,1,45,909,4914,989,90,90
msg,1,46,910,31248,1054,90,90
msg,1,47,940,4427,985,90,90
msg,1,48,924,4232,983,90,90
msg,1,49,924,4896,1023,90,90
msg,1,50,923,4545,979,90,90
msg,1,51,910,5271,981,90,90
msg,1,52,932,6373,982,90,90
msg,1,53,931,4211,1052,90,90
msg,1,54,931,5043,976,90,90
msg,1,55,933,9220,986,90,90
msg,1,56,982,4141,981,90,90
msg,1,57,922,27326,987,90,90
msg,1,58,932,4413,984,90,90
msg,1,59,930,7505,986,90,90
msg,1,60,984,4195,989,90,90
msg,1,61,933,4231,957,90,90
msg,1,62,939,4012,979,90,90
msg,1,63,924,5925,975,90,90
msg,1,64,931,6096,979,90,90
msg,1,65,930,3871,1025,90,90
msg,1,66,927,8456,979,90,90
msg,1,67,923,32860,983,90,90
msg,1,68,939,4275,988,90,90
msg,1,69,923,4972,988,90,90
msg,1,70,987,4268,983,90,90
msg,1,71,925,3903,982,90,90
msg,1,72,924,4951,979,90,90
msg,1,73,1000,4222,977,90,90
msg,1,74,934,3950,985,90,90
msg,1,75,926,4189,976,90,90
msg,1,76,936,3922,984,90,90
msg,1,77,934,7328,982,90,90
msg,1,78,923,3866,982,90,90
msg,1,79,994,31499,994,90,90
msg,1,80,929,4005,981,90,90
msg,1,81,987,3507,987,90,90
msg,1,82,929,3956,984,90,90
msg,1,83,931,3831,985,90,90
msg,1,84,923,4164,984,90,90
msg,1,85,923,5620,984,90,90
msg,1,86,937,4136,986,90,90
msg,1,87,928,4075,982,90,90
msg,1,88,922,3916,985,90,90
msg,1,89,918,8127,965,90,90
msg,1,90,990,30607,988,90,90
msg,1,91,932,3869,985,90,90
msg,1,92,929,4182,977,90,90
msg,1,93,925,4700,987,90,90
msg,1,94,896,4904,982,90,90
msg,1,95,901,3963,980,90,90
msg,1,96,905,6453,990,90,90
msg,1,97,927,3909,991,90,90
msg,1,98,990,4782,980,90,90
msg,1,99,926,3862,980,90,90
msg,1,100,927,4892,981,90,90
msg,1,101,986,31455,982,90,90
msg,1,102,923,5609,1030,90,90
msg,1,103,937,4139,969,90,90
msg,1,104,935,6087,980,90,90
msg,1,105,934,6523,988,90,90
msg,1,106,923,3933,1089,90,90
msg,1,107,931,5238,990,90,90
msg,1,108,930,5223,984,90,90
msg,1,109,934,3906,982,90,90
msg,1,110,929,9936,987,90,90
msg,1,111,928,11974,985,90,90
msg,1,112,936,18784,991,90,90
msg,1,113,935,4402,984,90,90
msg,1,114,930,5260,992,90,90
msg,1,115,928,4297,984,90,90
msg,1,116,929,3586,982,90,90
msg,1,117,932,3838,983,90,90
msg,1,118,918,6239,978,90,90
msg,1,119,899,9463,979,90,90
msg,1,120,929,9320,1026,90,90
msg,1,121,905,34240,985,90,90
msg,1,122,929,9792,976,90,90
msg,1,123,922,3978,971,90,90
msg,1,124,930,3896,971,90,90
msg,1,125,934,3880,982,90,90
msg,1,126,925,3883,981,90,90
msg,1,127,926,4157,988,90,90
msg,1,128,994,4450,981,90,90
msg,1,129,927,3816,980,90,90
msg,1,130,932,5304,983,90,90
msg,1,131,992,5172,970,90,90
msg,1,132,932,31036,1024,90,90
msg,1,133,898,4560,986,90,90
msg,1,134,927,3913,978,90,90
msg,1,135,930,4015,980,90,90
msg,1,136,991,3837,989,90,90
msg,1,137,928,3810,982,90,90
msg,1,138,930,3823,979,90,90
msg,1,139,921,4228,980,90,90
msg,1,140,925,3874,982,90,90
msg,1,141,927,4324,977,90,90
msg,1,142,922,3920,972,90,90
msg,1,143,926,5091,974,90,90
msg,1,144,924,8089,981,90,90
msg,1,145,1017,25577,988,90,90
msg,1,146,938,3976,986,90,90
msg,1,147,946,3987,985,90,90
msg,1,148,984,4557,972,90,90
msg,1,149,926,3929,980,90,90
msg,1,150,931,4248,987,90,90
msg,1,151,924,4766,983,90,90
msg,1,152,929,7404,982,90,90
msg,1,153,931,8076,975,90,90
msg,1,154,928,4744,970,90,90
msg,1,155,923,31259,992,90,90
msg,1,156,932,4156,988,90,90
msg,1,157,928,3739,990,90,90
msg,1,158,928,3920,979,90,90
msg,1,159,939,4192,1070,90,90
msg,1,160,906,3909,988,90,90
msg,1,161,907,3604,986,90,90
msg,1,162,942,5728,983,90,90
msg,1,163,927,3655,978,90,90
msg,1,164,932,4529,982,90,90
msg,1,165,902,8957,979,90,90
msg,1,166,897,4183,985,90,90
msg,1,167,930,30652,985,90,90
msg,1,168,923,3933,977,90,90
msg,1,169,930,3987,968,90,90
msg,1,170,924,3727,980,90,90
msg,1,171,902,3937,985,90,90
msg,1,172,901,3508,978,90,90
msg,1,173,935,4138,981,90,90
msg,1,174,925,4164,981,90,90
msg,1,175,927,3882,978,90,90
msg,1,176,985,4442,984,90,90
msg,1,177,932,8746,988,90,90
msg,1,178,933,29796,982,90,90
msg,1,179,932,4283,983,90,90
msg,1,180,933,3831,978,90,90
msg,1,181,920,3851,980,90,90
msg,1,182,936,3973,985,90,90
msg,1,183,933,3836,987,90,90
msg,1,184,988,3776,980,90,90
msg,1,185,926,5475,981,90,90
msg,1,186,934,3874,974,90,90
msg,1,187,993,4058,980,90,90
msg,1,188,925,3410,982,90,90
msg,1,189,922,5284,990,90,90
msg,1,190,930,31280,998,90,90
msg,1,191,939,4084,997,90,90
msg,1,192,935,3842,991,90,90
msg,1,193,919,4470,983,90,90
msg,1,194,924,4183,983,90,90
msg,1,195,928,3935,988,90,90
msg,1,196,925,3562,983,90,90
msg,1,197,930,5020,988,90,90
msg,1,198,927,4041,979,90,90
msg,1,199,929,4072,984,90,90
whole,1,25.708,1857.273,200
2,10.3960,0.0020,39.3130,49.7110,0,0,23,4,0,0,1,1,93336,0.0,0.0,0.0,0.0,0,0,0,0
msg,2,0,1055,4037,996,90,90
msg,2,1,928,3883,980,90,90
msg,2,2,924,3857,978,90,90
msg,2,3,930,7276,985,90,90
msg,2,4,922,4723,980,90,90
msg,2,5,932,3948,981,90,90
msg,2,6,926,10253,988,90,90
msg,2,7,927,8455,984,90,90
msg,2,8,919,25818,1023,90,90
msg,2,9,933,4172,990,90,90
msg,2,10,932,4132,994,90,90
msg,2,11,926,3917,986,90,90
msg,2,12,929,3811,987,90,90
msg,2,13,931,4309,980,90,90
msg,2,14,923,5400,983,90,90
msg,2,15,922,4041,981,90,90
msg,2,16,932,4266,973,90,90
msg,2,17,937,5406,982,90,90
msg,2,18,1037,4343,976,90,90
msg,2,19,924,30187,985,90,90
msg,2,20,939,3936,990,90,90
msg,2,21,939,3947,982,90,90
msg,2,22,932,3463,979,90,90
msg,2,23,923,3790,984,90,90
msg,2,24,913,4379,983,90,90
msg,2,25,929,3828,983,90,90
msg,2,26,921,4951,982,90,90
msg,2,27,927,3911,979,90,90
msg,2,28,928,4682,968,90,90
msg,2,29,939,5686,987,90,90
msg,2,30,906,3692,992,90,90
msg,2,31,926,7816,982,90,90
msg,2,32,927,25552,982,90,90
msg,2,33,931,3877,988,90,90
msg,2,34,925,3786,969,90,90
msg,2,35,929,4188,985,90,90
msg,2,36,925,5835,988,90,90
msg,2,37,922,14667,982,90,90
msg,2,38,925,7113,983,90,90
msg,2,39,925,7044,987,90,90
msg,2,40,926,3881,983,90,90
msg,2,41,926,32811,989,90,90
msg,2,42,932,3978,986,90,90
msg,2,43,935,4340,1036,90,90
msg,2,44,929,3868,992,90,90
msg,2,45,927,4278,976,90,90
msg,2,46,922,3898,981,90,90
msg,2,47,994,7045,989,90,90
msg,2,48,934,5358,983,90,90
msg,2,49,926,4172,983,90,90
msg,2,50,925,7348,987,90,90
msg,2,51,928,3872,984,90,90
msg,2,52,929,32187,977,90,90
msg,2,53,926,4268,992,90,90
msg,2,54,926,3947,980,90,90
msg,2,55,923,3884,979,90,90
msg,2,56,924,4689,978,90,90
msg,2,57,926,4177,986,90,90
msg,2,58,926,5766,978,90,90
msg,2,59,923,5016,977,90,90
msg,2,60,935,7430,983,90,90
msg,2,61,901,6453,989,90,90
msg,2,62,927,6846,983,90,90
msg,2,63,925,21584,1038,90,90
msg,2,64,937,4197,988,90,90
msg,2,65,925,6926,991,90,90
msg,2,66,924,3999,984,90,90
msg,2,67,936,3800,991,90,90
msg,2,68,925,4055,981,90,90
msg,2,69,926,3576,983,90,90
msg,2,70,988,10460,1007,90,90
msg,2,71,930,5369,984,90,90
msg,2,72,925,7170,988,90,90
msg,2,73,926,31108,986,90,90
msg,2,74,924,4339,985,90,90
msg,2,75,927,4193,985,90,90
msg,2,76,927,4020,984,90,90
msg,2,77,933,3819,987,90,90
msg,2,78,928,4426,982,90,90
msg,2,79,931,3778,974,90,90
msg,2,80,927,4778,975,90,90
msg,2,81,926,5603,986,90,90
msg,2,82,932,3939,979,90,90
msg,2,83,933,8644,984,90,90
msg,2,84,1000,31783,993,90,90
msg,2,85,940,4645,1020,90,90
msg,2,86,928,3757,980,90,90
msg,2,87,928,3781,978,90,90
msg,2,88,925,4262,988,90,90
msg,2,89,937,3897,988,90,90
msg,2,90,927,4004,987,90,90
msg,2,91,931,5285,987,90,90
msg,2,92,896,4999,984,90,90
msg,2,93,930,3887,983,90,90
msg,2,94,932,8352,988,90,90
msg,2,95,925,3821,987,90,90
msg,2,96,923,30410,1022,90,90
msg,2,97,905,4095,976,90,90
msg,2,98,929,4040,983,90,90
msg,2,99,922,3809,981,90,90
msg,2,100,922,4290,986,90,90
msg,2,101,939,4402,979,90,90
msg,2,102,936,5636,983,90,90
msg,2,103,1026,6262,983,90,90
msg,2,104,935,5948,991,90,90
msg,2,105,928,6791,981,90,90
msg,2,106,926,8223,986,90,90
msg,2,107,923,22153,982,90,90
msg,2,108,976,4532,991,90,90
msg,2,109,929,4186,986,90,90
msg,2,110,927,3821,985,90,90
msg,2,111,931,4913,988,90,90
msg,2,112,926,4192,976,90,90
msg,2,113,922,6884,1068,90,90
msg,2,114,934,4672,981,90,90
msg,2,115,928,4578,975,90,90
msg,2,116,928,3965,1036,90,90
msg,2,117,921,3705,982,90,90
msg,2,118,934,4133,978,90,90
msg,2,119,934,28453,982,90,90
msg,2,120,923,4219,1037,90,90
msg,2,121,933,6200,987,90,90
msg,2,122,895,4060,983,90,90
msg,2,123,927,3590,1028,90,90
msg,2,124,931,4887,989,90,90
msg,2,125,936,5393,983,90,90
msg,2,126,929,4278,986,90,90
msg,2,127,929,6469,981,90,90
msg,2,128,989,8033,985,90,90
msg,2,129,925,3439,978,90,90
msg,2,130,923,28608,996,90,90
msg,2,131,930,4408,988,90,90
msg,2,132,931,7660,974,90,90
msg,2,133,932,4222,991,90,90
msg,2,134,922,4368,989,90,90
msg,2,135,930,4761,981,90,90
msg,2,136,932,4952,979,90,90
msg,2,137,922,4534,991,90,90
msg,2,138,922,7969,989,90,90
msg,2,139,923,4403,983,90,90
msg,2,140,903,33760,995,90,90
msg,2,141,926,4459,988,90,90
msg,2,142,929,5909,983,90,90
msg,2,143,927,4427,980,90,90
msg,2,144,926,4242,981,90,90
msg,2,145,1348,4564,994,90,90
msg,2,146,928,5764,974,90,90
msg,2,147,931,4220,996,90,90
msg,2,148,928,4147,986,90,90
msg,2,149,927,9188,978,90,90
msg,2,150,927,8463,986,90,90
msg,2,151,925,21407,980,90,90
msg,2,152,929,3949,971,90,90
msg,2,153,935,3853,1022,90,90
msg,2,154,936,5020,977,90,90
msg,2,155,928,3847,972,90,90
msg,2,156,933,3959,982,90,90
msg,2,157,1045,3898,985,90,90
msg,2,158,929,4737,979,90,90
msg,2,159,932,5231,987,90,90
msg,2,160,981,3811,979,90,90
msg,2,161,931,8294,982,90,90
msg,2,162,930,3907,986,90,90
msg,2,163,902,28847,989,90,90
msg,2,164,928,4061,975,90,90
msg,2,165,982,5664,982,90,90
msg,2,166,924,4364,981,90,90
msg,2,167,927,5285,1058,90,90
msg,2,168,928,5953,984,90,90
msg,2,169,926,4335,980,90,90
msg,2,170,927,4472,983,90,90
msg,2,171,929,5140,983,90,90
msg,2,172,936,7627,982,90,90
msg,2,173,996,31363,997,90,90
msg,2,174,924,4028,992,90,90
msg,2,175,925,10706,982,90,90
msg,2,176,932,4043,982,90,90
msg,2,177,929,3846,985,90,90
msg,2,178,934,4008,985,90,90
msg,2,179,928,4429,982,90,90
msg,2,180,929,5963,979,90,90
msg,2,181,929,4821,974,90,90
msg,2,182,924,8057,977,90,90
msg,2,183,931,31030,979,90,90
msg,2,184,936,4503,983,90,90
msg,2,185,936,5692,981,90,90
msg,2,186,923,5286,981,90,90
msg,2,187,923,5573,988,90,90
msg,2,188,934,4339,970,90,90
msg,2,189,931,4955,977,90,90
msg,2,190,933,4109,983,90,90
msg,2,191,936,5212,982,90,90
msg,2,192,928,7516,1030,90,90
msg,2,193,923,4408,979,90,90
msg,2,194,902,32664,989,90,90
msg,2,195,933,3628,983,90,90
msg,2,196,922,5041,973,90,90
msg,2,197,1331,4462,994,90,90
msg,2,198,938,3994,987,90,90
msg,2,199,926,4250,982,90,90
whole,2,62.957,1921.553,200
#stack 2404
#end
#block pipeline plain lorawan11_256 down
#aead AES-256-CTR+2xCMAC (LoRaWAN 1.1 frame, 256-bit keys) (BearSSL (arduino-pico)), downlink, 51 B payload + 13 B overhead
#lib none (plain MQTT)
iter,tcp_ms,tls_ms,mqtt_ms,total_ms,hs_tx_B,hs_rx_B,mqtt_tx_B,mqtt_rx_B,hs_writes,hs_reads,writes,reads,free_heap_B,hs_keygen_us,hs_derive_us,hs_verify_us,hs_sign_us,hs_keygen_n,hs_derive_n,hs_verify_n,hs_sign_n
msg,iter,idx,seal_us,rtt_us,open_us,tx_B,rx_B
whole,iter,first_ms,all_ms,msgs
0,7.3590,0.0020,6.1060,13.4670,0,0,23,4,0,0,1,1,93336,0.0,0.0,0.0,0.0,0,0,0,0
msg,0,0,701,4517,614,90,90
msg,0,1,579,8987,634,90,90
msg,0,2,542,3716,635,90,90
msg,0,3,541,30956,630,90,90
msg,0,4,579,3905,616,90,90
msg,0,5,584,3886,633,90,90
msg,0,6,543,3842,626,90,90
msg,0,7,578,4304,604,90,90
msg,0,8,549,4247,628,90,90
msg,0,9,565,5537,631,90,90
msg,0,10,573,4447,630,90,90
msg,0,11,572,4503,622,90,90
msg,0,12,553,4450,628,90,90
msg,0,13,546,6087,627,90,90
msg,0,14,570,5638,628,90,90
msg,0,15,575,31547,634,90,90
msg,0,16,572,4410,634,90,90
msg,0,17,568,3560,629,90,90
msg,0,18,544,4670,635,90,90
msg,0,19,633,3717,628,90,90
msg,0,20,574,3740,625,90,90
msg,0,21,572,3870,603,90,90
msg,0,22,573,3844,675,90,90
msg,0,23,546,6688,625,90,90
msg,0,24,542,5187,604,90,90
msg,0,25,570,4066,677,90,90
msg,0,26,545,9448,607,90,90
msg,0,27,546,4502,625,90,90
msg,0,28,551,31978,638,90,90
msg,0,29,546,5246,609,90,90
msg,0,30,544,4276,634,90,90
msg,0,31,580,8641,629,90,90
msg,0,32,579,17749,603,90,90
msg,0,33,574,17144,625,90,90
msg,0,34,543,6801,625,90,90
msg,0,35,573,33351,633,90,90
msg,0,36,542,4343,608,90,90
msg,0,37,570,4181,633,90,90
msg,0,38,577,6018,604,90,90
msg,0,39,574,3768,611,90,90
msg,0,40,547,3731,630,90,90
msg,0,41,546,5854,632,90,90
msg,0,42,562,4489,634,90,90
msg,0,43,546,3899,619,90,90
msg,0,44,578,4365,617,90,90
msg,0,45,542,8102,623,90,90
msg,0,46,572,3568,626,90,90
msg,0,47,572,32092,630,90,90
msg,0,48,546,3863,634,90,90
msg,0,49,567,5625,640,90,90
msg,0,50,572,3933,609,90,90
msg,0,51,570,4101,634,90,90
msg,0,52,543,3764,622,90,90
msg,0,53,581,3668,630,90,90
msg,0,54,569,3760,630,90,90
msg,0,55,568,3848,606,90,90
msg,0,56,575,4264,633,90,90
msg,0,57,576,3982,651,90,90
msg,0,58,570,7511,610,90,90
msg,0,59,572,4196,635,90,90
msg,0,60,573,29454,628,90,90
msg,0,61,552,3960,628,90,90
msg,0,62,572,4174,626,90,90
msg,0,63,544,5454,605,90,90
msg,0,64,546,3737,601,90,90
msg,0,65,552,4056,625,90,90
msg,0,66,566,3916,596,90,90
msg,0,67,573,7078,622,90,90
msg,0,68,551,3717,629,90,90
msg,0,69,545,4019,618,90,90
msg,0,70,578,11752,696,90,90
msg,0,71,551,4502,608,90,90
msg,0,72,575,26924,601,90,90
msg,0,73,548,4015,677,90,90
msg,0,74,569,3700,620,90,90
msg,0,75,582,4692,621,90,90
msg,0,76,584,4476,631,90,90
msg,0,77,572,3864,612,90,90
msg,0,78,577,4020,631,90,90
msg,0,79,547,3615,629,90,90
msg,0,80,548,4349,607,90,90
msg,0,81,549,3577,609,90,90
msg,0,82,574,4228,631,90,90
msg,0,83,580,5574,978,90,90
msg,0,84,582,5573,612,90,90
msg,0,85,579,3692,612,90,90
msg,0,86,580,29422,628,90,90
msg,0,87,626,3617,622,90,90
msg,0,88,572,6438,627,90,90
msg,0,89,573,5106,610,90,90
msg,0,90,551,4120,629,90,90
msg,0,91,568,4091,608,90,90
msg,0,92,553,9971,627,90,90
msg,0,93,537,4090,600,90,90
msg,0,94,579,4345,631,90,90
msg,0,95,569,5126,604,90,90
msg,0,96,543,5980,629,90,90
msg,0,97,575,32004,604,90,90
msg,0,98,629,4206,627,90,90
msg,0,99,566,3748,629,90,90
msg,0,100,578,4331,630,90,90
msg,0,101,548,3634,634,90,90
msg,0,102,543,18604,631,90,90
msg,0,103,542,3773,631,90,90
msg,0,104,544,3568,625,90,90
msg,0,105,543,4287,609,90,90
msg,0,106,544,6946,633,90,90
msg,0,107,543,4309,612,90,90
msg,0,108,549,29881,632,90,90
msg,0,109,545,3869,632,90,90
msg,0,110,575,3592,636,90,90
msg,0,111,571,4353,628,90,90
msg,0,112,550,3767,623,90,90
msg,0,113,545,3629,628,90,90
msg,0,114,551,3570,633,90,90
msg,0,115,540,37716,636,90,90
msg,0,116,545,30154,614,90,90
msg,0,117,582,3981,635,90,90
msg,0,118,542,3936,625,90,90
msg,0,119,583,4125,657,90,90
msg,0,120,551,3516,609,90,90
msg,0,121,548,3658,610,90,90
msg,0,122,546,3579,605,90,90
msg,0,123,575,4228,679,90,90
msg,0,124,586,5463,622,90,90
msg,0,125,576,4008,609,90,90
msg,0,126,573,5954,717,90,90
msg,0,127,546,4365,610,90,90
msg,0,128,548,5735,609,90,90
msg,0,129,550,33078,640,90,90
msg,0,130,564,3891,603,90,90
msg,0,131,574,3855,607,90,90
msg,0,132,546,4277,617,90,90
msg,0,133,566,3977,603,90,90
msg,0,134,549,4068,629,90,90
msg,0,135,572,3987,654,90,90
msg,0,136,571,7796,607,90,90
msg,0,137,558,4604,610,90,90
msg,0,138,992,8343,639,90,90
msg,0,139,544,8750,635,90,90
msg,0,140,547,8677,634,90,90
msg,0,141,575,27299,610,90,90
msg,0,142,547,4605,645,90,90
msg,0,143,561,4178,627,90,90
msg,0,144,572,4432,626,90,90
msg,0,145,582,4119,607,90,90
msg,0,146,549,4078,638,90,90
msg,0,147,568,7204,599,90,90
msg,0,148,547,3916,628,90,90
msg,0,149,549,3965,631,90,90
msg,0,150,569,3884,604,90,90
msg,0,151,576,9079,627,90,90
msg,0,152,542,31894,634,90,90
msg,0,153,574,4954,600,90,90
msg,0,154,545,3909,637,90,90
msg,0,155,544,4014,632,90,90
msg,0,156,576,3805,609,90,90
msg,0,157,573,3794,611,90,90
msg,0,158,548,3490,603,90,90
msg,0,159,571,4743,603,90,90
msg,0,160,549,4138,629,90,90
msg,0,161,568,3538,727,90,90
msg,0,162,583,6164,601,90,90
msg,0,163,550,7436,608,90,90
msg,0,164,571,4327,625,90,90
msg,0,165,576,29911,612,90,90
msg,0,166,578,4816,607,90,90
msg,0,167,553,3784,622,90,90
msg,0,168,544,3856,631,90,90
msg,0,169,567,3877,628,90,90
msg,0,170,579,3484,623,90,90
msg,0,171,568,3609,622,90,90
msg,0,172,576,3793,618,90,90
msg,0,173,579,5437,632,90,90
msg,0,174,569,4335,636,90,90
msg,0,175,541,5399,605,90,90
msg,0,176,548,4927,638,90,90
msg,0,177,540,4981,625,90,90
msg,0,178,572,3704,611,90,90
msg,0,179,579,31432,667,90,90
msg,0,180,569,4387,628,90,90
msg,0,181,564,5384,628,90,90
msg,0,182,551,3862,622,90,90
msg,0,183,543,4737,635,90,90
msg,0,184,566,7459,631,90,90
msg,0,185,543,6044,666,90,90
msg,0,186,572,3697,605,90,90
msg,0,187,575,3647,608,90,90
msg,0,188,587,6105,624,90,90
msg,0,189,544,5855,630,90,90
msg,0,190,578,3513,631,90,90
msg,0,191,580,29437,639,90,90
msg,0,192,539,3632,633,90,90
msg,0,193,538,5230,608,90,90
msg,0,194,582,14944,631,90,90
msg,0,195,542,4101,616,90,90
msg,0,196,571,9117,638,90,90
msg,0,197,555,4038,631,90,90
msg,0,198,570,4157,625,90,90
msg,0,199,555,7896,637,90,90
whole,0,26.337,1776.413,200
1,6.3990,0.0030,29.0410,35.4430,0,0,23,4,0,0,1,1,93336,0.0,0.0,0.0,0.0,0,0,0,0
msg,1,0,704,3923,633,90,90
msg,1,1,547,4137,616,90,90
msg,1,2,579,14272,630,90,90
msg,1,3,548,14683,634,90,90
msg,1,4,576,4047,610,90,90
msg,1,5,575,11361,623,90,90
msg,1,6,583,6199,677,90,90
msg,1,7,544,31684,628,90,90
msg,1,8,544,5944,621,90,90
msg,1,9,569,18210,701,90,90
msg,1,10,544,6187,611,90,90
msg,1,11,576,3837,606,90,90
msg,1,12,544,4645,607,90,90
msg,1,13,618,4496,608,90,90
msg,1,14,547,6509,598,90,90
msg,1,15,572,31994,637,90,90
msg,1,16,551,8388,609,90,90
msg,1,17,547,10746,607,90,90
msg,1,18,616,4565,604,90,90
msg,1,19,544,23371,613,90,90
msg,1,20,568,5504,622,90,90
msg,1,21,577,6378,629,90,90
msg,1,22,570,3731,628,90,90
msg,1,23,579,32104,609,90,90
msg,1,24,540,3896,629,90,90
msg,1,25,538,4557,622,90,90
msg,1,26,546,5620,629,90,90
msg,1,27,545,5155,603,90,90
msg,1,28,571,5770,612,90,90
msg,1,29,546,5942,632,90,90
msg,1,30,544,4166,606,90,90
msg,1,31,567,3953,601,90,90
msg,1,32,547,4275,623,90,90
msg,1,33,566,7727,603,90,90
msg,1,34,570,8742,603,90,90
msg,1,35,548,24494,615,90,90
msg,1,36,561,3959,631,90,90
msg,1,37,552,6836,633,90,90
msg,1,38,544,3612,630,90,90
msg,1,39,543,4152,611,90,90
msg,1,40,571,6016,631,90,90
msg,1,41,546,5027,627,90,90
msg,1,42,575,4262,628,90,90
msg,1,43,538,4259,608,90,90
msg,1,44,574,4148,637,90,90
msg,1,45,586,8804,628,90,90
msg,1,46,564,3699,621,90,90
msg,1,47,568,32514,628,90,90
msg,1,48,567,3678,624,90,90
msg,1,49,568,6021,606,90,90
msg,1,50,544,6140,628,90,90
msg,1,51,561,3774,611,90,90
msg,1,52,575,5845,605,90,90
msg,1,53,544,5798,627,90,90
msg,1,54,546,4307,609,90,90
msg,1,55,577,4964,630,90,90
msg,1,56,556,3917,623,90,90
msg,1,57,566,6680,632,90,90
msg,1,58,568,31598,629,90,90
msg,1,59,578,4451,629,90,90
msg,1,60,553,4703,632,90,90
msg,1,61,567,4038,612,90,90
msg,1,62,572,3700,601,90,90
msg,1,63,574,3890,637,90,90
msg,1,64,554,3906,630,90,90
msg,1,65,567,3813,626,90,90
msg,1,66,572,8176,631,90,90
msg,1,67,552,4193,605,90,90
msg,1,68,571,4507,623,90,90
msg,1,69,578,8155,630,90,90
msg,1,70,551,3639,727,90,90
msg,1,71,546,29763,634,90,90
msg,1,72,567,3713,631,90,90
msg,1,73,572,4195,605,90,90
msg,1,74,558,3992,627,90,90
msg,1,75,566,3905,607,90,90
msg,1,76,573,4633,605,90,90
msg,1,77,572,3915,606,90,90
msg,1,78,555,5498,599,90,90
msg,1,79,544,4337,623,90,90
msg,1,80,567,3813,606,90,90
msg,1,81,570,3883,624,90,90
msg,1,82,545,7634,629,90,90
msg,1,83,547,3952,636,90,90
msg,1,84,570,32864,618,90,90
msg,1,85,577,3955,609,90,90
msg,1,86,544,5830,626,90,90
msg,1,87,541,4765,632,90,90
msg,1,88,561,4451,627,90,90
msg,1,89,548,4072,621,90,90
msg,1,90,581,8228,626,90,90
msg,1,91,542,6310,604,90,90
msg,1,92,551,4947,633,90,90
msg,1,93,537,8422,607,90,90
msg,1,94,552,3604,606,90,90
msg,1,95,545,32536,612,90,90
msg,1,96,581,4233,616,90,90
msg,1,97,580,4002,610,90,90
msg,1,98,550,4431,628,90,90
msg,1,99,571,4026,632,90,90
msg,1,100,545,3762,627,90,90
msg,1,101,540,3876,626,90,90
msg,1,102,629,5197,622,90,90
msg,1,103,545,3862,635,90,90
msg,1,104,543,4000,619,90,90
msg,1,105,575,5684,609,90,90
msg,1,106,575,6393,622,90,90
msg,1,107,577,31585,631,90,90
msg,1,108,575,5486,640,90,90
msg,1,109,574,3915,605,90,90
msg,1,110,571,4011,626,90,90
msg,1,111,542,3647,625,90,90
msg,1,112,541,6202,621,90,90
msg,1,113,569,4849,608,90,90
msg,1,114,543,5442,606,90,90
msg,1,115,575,3735,607,90,90
msg,1,116,574,6567,598,90,90
msg,1,117,573,3725,606,90,90
msg,1,118,571,5810,609,90,90
msg,1,119,548,3875,633,90,90
msg,1,120,542,31511,630,90,90
msg,1,121,548,3847,629,90,90
msg,1,122,568,3646,629,90,90
msg,1,123,581,3820,632,90,90
msg,1,124,580,4288,632,90,90
msg,1,125,548,3994,621,90,90
msg,1,126,566,3957,605,90,90
msg,1,127,544,6008,628,90,90
msg,1,128,568,4411,625,90,90
msg,1,129,555,5107,621,90,90
msg,1,130,565,3673,626,90,90
msg,1,131,674,6364,636,90,90
msg,1,132,573,3948,609,90,90
msg,1,133,569,29360,636,90,90
msg,1,134,566,4670,616,90,90
msg,1,135,569,6904,613,90,90
msg,1,136,549,4031,635,90,90
msg,1,137,572,5600,624,90,90
msg,1,138,587,3999,605,90,90
msg,1,139,567,6348,630,90,90
msg,1,140,579,3783,618,90,90
msg,1,141,572,3831,605,90,90
msg,1,142,577,3956,633,90,90
msg,1,143,550,9781,635,90,90
msg,1,144,571,33172,613,90,90
msg,1,145,549,3697,610,90,90
msg,1,146,551,4030,636,90,90
msg,1,147,572,3847,624,90,90
msg,1,148,570,3652,620,90,90
msg,1,149,568,3699,606,90,90
msg,1,150,633,6136,636,90,90
msg,1,151,547,6585,633,90,90
msg,1,152,543,3702,680,90,90
msg,1,153,567,6523,632,90,90
msg,1,154,555,4777,633,90,90
msg,1,155,565,5910,611,90,90
msg,1,156,580,32796,609,90,90
msg,1,157,624,4079,613,90,90
msg,1,158,579,3767,606,90,90
msg,1,159,550,4265,628,90,90
msg,1,160,563,4083,603,90,90
msg,1,161,548,4143,634,90,90
msg,1,162,567,4341,634,90,90
msg,1,163,538,6810,627,90,90
msg,1,164,569,4037,606,90,90
msg,1,165,547,6312,627,90,90
msg,1,166,575,4299,627,90,90
msg,1,167,541,5919,630,90,90
msg,1,168,565,3815,607,90,90
msg,1,169,569,29641,600,90,90
msg,1,170,678,3987,629,90,90
msg,1,171,544,3847,629,90,90
msg,1,172,570,5360,639,90,90
msg,1,173,550,4401,605,90,90
msg,1,174,542,3974,633,90,90
msg,1,175,547,3998,627,90,90
msg,1,176,576,3722,609,90,90
msg,1,177,580,4021,623,90,90
msg,1,178,542,3716,633,90,90
msg,1,179,550,3874,632,90,90
msg,1,180,576,8716,629,90,90
msg,1,181,574,3326,625,90,90
msg,1,182,547,34383,617,90,90
msg,1,183,556,4406,614,90,90
msg,1,184,576,3941,629,90,90
msg,1,185,552,4041,631,90,90
msg,1,186,571,3496,622,90,90
msg,1,187,573,3826,623,90,90
msg,1,188,571,4293,633,90,90
msg,1,189,543,4668,630,90,90
msg,1,190,562,4353,730,90,90
msg,1,191,547,3730,633,90,90
msg,1,192,543,5320,601,90,90
msg,1,193,548,5185,615,90,90
msg,1,194,572,4097,606,90,90
msg,1,195,546,31366,613,90,90
msg,1,196,570,4542,614,90,90
msg,1,197,571,5503,634,90,90
msg,1,198,571,4253,629,90,90
msg,1,199,539,3506,608,90,90
whole,1,46.253,1798.608,200
2,4.4010,0.0030,5.6610,10.0650,0,0,23,4,0,0,1,1,93336,0.0,0.0,0.0,0.0,0,0,0,0
msg,2,0,695,3486,612,90,90
msg,2,1,590,3808,608,90,90
msg,2,2,546,5849,629,90,90
msg,2,3,541,3665,622,90,90
msg,2,4,543,31964,635,90,90
msg,2,5,579,3707,621,90,90
msg,2,6,571,3847,607,90,90
msg,2,7,545,4310,624,90,90
msg,2,8,572,3578,622,90,90
msg,2,9,573,3807,609,90,90
msg,2,10,581,3682,655,90,90
msg,2,11,571,6548,612,90,90
msg,2,12,576,3826,605,90,90
msg,2,13,548,4994,628,90,90
msg,2,14,628,4323,603,90,90
msg,2,15,544,5888,628,90,90
msg,2,16,567,3824,626,90,90
msg,2,17,565,26929,608,90,90
msg,2,18,575,7636,607,90,90
msg,2,19,545,4024,675,90,90
msg,2,20,575,3593,624,90,90
msg,2,21,554,4234,609,90,90
msg,2,22,551,4318,629,90,90
msg,2,23,575,3934,606,90,90
msg,2,24,548,4687,606,90,90
msg,2,25,554,3736,608,90,90
msg,2,26,555,4448,606,90,90
msg,2,27,574,3896,629,90,90
msg,2,28,551,9636,626,90,90
msg,2,29,546,8517,604,90,90
msg,2,30,551,25021,627,90,90
msg,2,31,575,4218,604,90,90
msg,2,32,554,6644,607,90,90
msg,2,33,552,3968,630,90,90
msg,2,34,569,4862,625,90,90
msg,2,35,563,4299,636,90,90
msg,2,36,542,4101,606,90,90
msg,2,37,575,3900,605,90,90
msg,2,38,553,4261,626,90,90
msg,2,39,641,4248,627,90,90
msg,2,40,578,4862,624,90,90
msg,2,41,574,5260,627,90,90
msg,2,42,549,31688,636,90,90
msg,2,43,587,4796,628,90,90
msg,2,44,574,4145,602,90,90
msg,2,45,546,3976,627,90,90
msg,2,46,572,3997,605,90,90
msg,2,47,576,3590,606,90,90
msg,2,48,572,3817,610,90,90
msg,2,49,548,3672,609,90,90
msg,2,50,557,5156,627,90,90
msg,2,51,567,3848,601,90,90
msg,2,52,567,5006,631,90,90
msg,2,53,552,7946,635,90,90
msg,2,54,569,4150,604,90,90
msg,2,55,547,30115,640,90,90
msg,2,56,567,4005,610,90,90
msg,2,57,553,3646,610,90,90
msg,2,58,548,5185,632,90,90
msg,2,59,570,3752,621,90,90
msg,2,60,574,4136,617,90,90
msg,2,61,553,3678,629,90,90
msg,2,62,541,5316,612,90,90
msg,2,63,569,4246,627,90,90
msg,2,64,572,3385,630,90,90
msg,2,65,543,4637,634,90,90
msg,2,66,548,3838,630,90,90
msg,2,67,579,6834,617,90,90
msg,2,68,573,8714,603,90,90
msg,2,69,568,26486,619,90,90
msg,2,70,574,5086,629,90,90
msg,2,71,538,8732,623,90,90
msg,2,72,548,5287,606,90,90
msg,2,73,583,4454,623,90,90
msg,2,74,580,5533,633,90,90
msg,2,75,576,4010,604,90,90
msg,2,76,552,4394,606,90,90
msg,2,77,575,4120,632,90,90
msg,2,78,548,7174,613,90,90
msg,2,79,576,4773,603,90,90
msg,2,80,560,33215,642,90,90
msg,2,81,575,3968,617,90,90
msg,2,82,557,5349,631,90,90
msg,2,83,573,4045,599,90,90
msg,2,84,548,3954,624,90,90
msg,2,85,569,3514,625,90,90
msg,2,86,537,3530,628,90,90
msg,2,87,544,6470,605,90,90
msg,2,88,556,5673,605,90,90
msg,2,89,546,3887,624,90,90
msg,2,90,548,10053,624,90,90
msg,2,91,574,3675,607,90,90
msg,2,92,572,31593,630,90,90
msg,2,93,571,4393,633,90,90
msg,2,94,577,5381,628,90,90
msg,2,95,541,5292,605,90,90
msg,2,96,548,4349,624,90,90
msg,2,97,585,4135,629,90,90
msg,2,98,543,6998,633,90,90
msg,2,99,571,3843,602,90,90
msg,2,100,586,4475,623,90,90
msg,2,101,576,4348,669,90,90
msg,2,102,586,8106,613,90,90
msg,2,103,580,31310,639,90,90
msg,2,104,570,5269,635,90,90
msg,2,105,543,3920,632,90,90
msg,2,106,575,4713,627,90,90
msg,2,107,581,5769,621,90,90
msg,2,108,700,4210,639,90,90
msg,2,109,571,4435,628,90,90
msg,2,110,575,5793,636,90,90
msg,2,111,574,3608,628,90,90
msg,2,112,573,4207,628,90,90
msg,2,113,547,3580,628,90,90
msg,2,114,543,8044,635,90,90
msg,2,115,578,3559,635,90,90
msg,2,116,567,32038,615,90,90
msg,2,117,546,4021,630,90,90
msg,2,118,547,5172,602,90,90
msg,2,119,577,3741,603,90,90
msg,2,120,555,4080,630,90,90
msg,2,121,564,4893,621,90,90
msg,2,122,640,4046,625,90,90
msg,2,123,548,4212,604,90,90
msg,2,124,581,4523,623,90,90
msg,2,125,566,4037,607,90,90
msg,2,126,561,4495,607,90,90
msg,2,127,542,5892,635,90,90
msg,2,128,541,3498,712,90,90
msg,2,129,549,31103,627,90,90
msg,2,130,572,3502,632,90,90
msg,2,131,571,3952,610,90,90
msg,2,132,573,3666,607,90,90
msg,2,133,578,3898,632,90,90
msg,2,134,547,4299,608,90,90
msg,2,135,579,3830,608,90,90
msg,2,136,550,6426,606,90,90
msg,2,137,584,3350,628,90,90
msg,2,138,573,6117,607,90,90
msg,2,139,548,4630,608,90,90
msg,2,140,547,5904,637,90,90
msg,2,141,552,8665,633,90,90
msg,2,142,583,26140,602,90,90
msg,2,143,580,3914,669,90,90
msg,2,144,543,5752,637,90,90
msg,2,145,571,3574,636,90,90
msg,2,146,552,3521,622,90,90
msg,2,147,555,4006,628,90,90
msg,2,148,572,3648,626,90,90
msg,2,149,569,7302,633,90,90
msg,2,150,548,5160,609,90,90
msg,2,151,576,4655,610,90,90
msg,2,152,574,9201,632,90,90
msg,2,153,669,33516,632,90,90
msg,2,154,574,3778,620,90,90
msg,2,155,572,4614,623,90,90
msg,2,156,576,4234,629,90,90
msg,2,157,547,3990,618,90,90
msg,2,158,574,4050,611,90,90
msg,2,159,545,3575,610,90,90
msg,2,160,544,7199,629,90,90
msg,2,161,574,3724,615,90,90
msg,2,162,577,4531,626,90,90
msg,2,163,578,3926,601,90,90
msg,2,164,552,8705,607,90,90
msg,2,165,555,8486,613,90,90
msg,2,166,578,26761,638,90,90
msg,2,167,554,3864,622,90,90
msg,2,168,966,7245,634,90,90
msg,2,169,541,5334,611,90,90
msg,2,170,550,4097,627,90,90
msg,2,171,570,4254,623,90,90
msg,2,172,545,4852,630,90,90
msg,2,173,572,3911,626,90,90
msg,2,174,569,4003,653,90,90
msg,2,175,549,4357,609,90,90
msg,2,176,572,7795,611,90,90
msg,2,177,555,31833,630,90,90
msg,2,178,549,3721,630,90,90
msg,2,179,545,3604,625,90,90
msg,2,180,541,5532,629,90,90
msg,2,181,549,3706,633,90,90
msg,2,182,604,3572,629,90,90
msg,2,183,544,4801,638,90,90
msg,2,184,540,5063,604,90,90
msg,2,185,573,4059,628,90,90
msg,2,186,543,3612,623,90,90
msg,2,187,543,3700,626,90,90
msg,2,188,542,3656,634,90,90
msg,2,189,549,7667,636,90,90
msg,2,190,548,3835,624,90,90
msg,2,191,575,32424,634,90,90
msg,2,192,575,3923,620,90,90
msg,2,193,571,4414,625,90,90
msg,2,194,567,3756,627,90,90
msg,2,195,581,4270,627,90,90
msg,2,196,556,3711,629,90,90
msg,2,197,545,3905,627,90,90
msg,2,198,574,5197,638,90,90
msg,2,199,540,5804,630,90,90
whole,2,23.064,1657.095,200
#stack 2360
#end
#block pipeline TLS lorawan11 up
#aead LoRaWAN-1.1 AES-128-CTR+2xCMAC (BearSSL (arduino-pico)), uplink, 51 B payload + 13 B overhead
#lib wolfSSL 5.9.4
iter,tcp_ms,tls_ms,mqtt_ms,total_ms,hs_tx_B,hs_rx_B,mqtt_tx_B,mqtt_rx_B,hs_writes,hs_reads,writes,reads,free_heap_B,hs_keygen_us,hs_derive_us,hs_verify_us,hs_sign_us,hs_keygen_n,hs_derive_n,hs_verify_n,hs_sign_n
msg,iter,idx,seal_us,rtt_us,open_us,tx_B,rx_B
whole,iter,first_ms,all_ms,msgs
#suite TLS13-AES256-GCM-SHA384
0,4.5220,7067.6610,94.8450,7167.0280,1391,4892,45,568,2,12,3,18,90336,66439.0,71133.0,6840998.0,0.0,2,2,2,0
msg,0,0,869,5878,857,112,112
msg,0,1,714,21655,856,112,112
msg,0,2,705,92997,865,112,112
msg,0,3,720,7671,820,112,112
msg,0,4,686,10751,863,112,112
msg,0,5,703,54846,854,112,112
msg,0,6,708,6292,854,112,112
msg,0,7,717,5995,932,112,112
msg,0,8,682,5641,862,112,112
msg,0,9,714,9210,859,112,112
msg,0,10,723,9560,859,112,112
msg,0,11,686,8876,861,112,112
msg,0,12,703,22314,947,112,112
msg,0,13,707,6051,861,112,112
msg,0,14,707,6548,858,112,112
msg,0,15,690,6243,859,112,112
msg,0,16,681,5754,864,112,112
msg,0,17,710,8752,821,112,112
msg,0,18,685,6680,856,112,112
msg,0,19,703,6146,862,112,112
msg,0,20,729,45093,861,112,112
msg,0,21,715,7298,859,112,112
msg,0,22,712,6209,858,112,112
msg,0,23,715,5879,853,112,112
msg,0,24,807,12776,863,112,112
msg,0,25,715,5882,857,112,112
msg,0,26,719,5785,826,112,112
msg,0,27,687,12436,847,112,112
msg,0,28,716,33487,857,112,112
msg,0,29,706,8290,865,112,112
msg,0,30,711,5685,825,112,112
msg,0,31,679,5602,859,112,112
msg,0,32,714,6486,867,112,112
msg,0,33,704,5704,848,112,112
msg,0,34,716,7590,861,112,112
msg,0,35,716,10905,849,112,112
msg,0,36,717,34008,826,112,112
msg,0,37,683,6189,826,112,112
msg,0,38,688,5483,855,112,112
msg,0,39,721,5654,857,112,112
msg,0,40,716,6456,862,112,112
msg,0,41,687,5879,865,112,112
msg,0,42,714,6023,860,112,112
msg,0,43,709,5480,863,112,112
msg,0,44,710,9610,818,112,112
msg,0,45,684,8873,864,112,112
msg,0,46,715,21531,824,112,112
msg,0,47,688,6306,824,112,112
msg,0,48,686,6822,858,112,112
msg,0,49,712,6704,826,112,112
msg,0,50,698,8017,865,112,112
msg,0,51,694,7403,820,112,112
msg,0,52,679,6057,861,112,112
msg,0,53,718,5848,855,112,112
msg,0,54,713,7377,861,112,112
msg,0,55,708,32055,859,112,112
msg,0,56,716,6317,952,112,112
msg,0,57,714,6130,859,112,112
msg,0,58,722,5750,841,112,112
msg,0,59,683,6614,857,112,112
msg,0,60,720,5571,858,112,112
msg,0,61,684,6109,867,112,112
msg,0,62,695,7036,869,112,112
msg,0,63,711,8968,865,112,112
msg,0,64,709,35163,858,112,112
msg,0,65,720,6987,857,112,112
msg,0,66,718,7108,852,112,112
msg,0,67,680,5725,961,112,112
msg,0,68,721,6860,860,112,112
msg,0,69,708,7427,1016,112,112
msg,0,70,717,9536,820,112,112
msg,0,71,696,14416,854,112,112
msg,0,72,712,32029,820,112,112
msg,0,73,681,6530,858,112,112
msg,0,74,710,6473,862,112,112
msg,0,75,710,6685,823,112,112
msg,0,76,674,5813,866,112,112
msg,0,77,714,6288,861,112,112
msg,0,78,718,8809,858,112,112
msg,0,79,714,10997,820,112,112
msg,0,80,687,32424,856,112,112
msg,0,81,711,7626,870,112,112
msg,0,82,709,5997,851,112,112
msg,0,83,717,5402,865,112,112
msg,0,84,716,6894,855,112,112
msg,0,85,713,8074,855,112,112
msg,0,86,711,6270,854,112,112
msg,0,87,715,6149,853,112,112
msg,0,88,808,6598,863,112,112
msg,0,89,716,32858,853,112,112
msg,0,90,723,5913,821,112,112
msg,0,91,681,6450,849,112,112
msg,0,92,724,6064,822,112,112
msg,0,93,683,5818,864,112,112
msg,0,94,703,5930,857,112,112
msg,0,95,711,5457,857,112,112
msg,0,96,711,5425,864,112,112
msg,0,97,713,10682,854,112,112
msg,0,98,715,32812,855,112,112
msg,0,99,681,5780,856,112,112
msg,0,100,712,6268,851,112,112
msg,0,101,823,5905,853,112,112
msg,0,102,717,5696,863,112,112
msg,0,103,720,6355,857,112,112
msg,0,104,679,5571,853,112,112
msg,0,105,719,5781,861,112,112
msg,0,106,708,6360,817,112,112
msg,0,107,679,6046,867,112,112
msg,0,108,715,36216,865,112,112
msg,0,109,713,5851,853,112,112
msg,0,110,717,6306,859,112,112
msg,0,111,714,6192,859,112,112
msg,0,112,711,6645,857,112,112
msg,0,113,681,5749,854,112,112
msg,0,114,710,5505,853,112,112
msg,0,115,808,5947,862,112,112
msg,0,116,711,6900,851,112,112
msg,0,117,719,31797,861,112,112
msg,0,118,682,5930,859,112,112
msg,0,119,714,5996,859,112,112
msg,0,120,708,7177,860,112,112
msg,0,121,712,5915,820,112,112
msg,0,122,704,5626,859,112,112
msg,0,123,705,5602,865,112,112
msg,0,124,706,6480,818,112,112
msg,0,125,683,8721,854,112,112
msg,0,126,709,35228,856,112,112
msg,0,127,704,6022,853,112,112
msg,0,128,711,7679,863,112,112
msg,0,129,706,5836,852,112,112
msg,0,130,716,6385,869,112,112
msg,0,131,718,5401,867,112,112
msg,0,132,712,5459,826,112,112
msg,0,133,687,7570,860,112,112
msg,0,134,718,8356,865,112,112
msg,0,135,808,32871,860,112,112
msg,0,136,718,5913,823,112,112
msg,0,137,688,8015,859,112,112
msg,0,138,681,5711,856,112,112
msg,0,139,725,6137,860,112,112
msg,0,140,718,5439,863,112,112
msg,0,141,717,5716,856,112,112
msg,0,142,721,5752,867,112,112
msg,0,143,709,9874,857,112,112
msg,0,144,712,39712,856,112,112
msg,0,145,690,7653,860,112,112
msg,0,146,727,6730,1412,112,112
msg,0,147,712,5618,862,112,112
msg,0,148,707,5556,839,112,112
msg,0,149,684,5517,861,112,112
msg,0,150,715,6127,850,112,112
msg,0,151,708,11122,847,112,112
msg,0,152,726,34025,826,112,112
msg,0,153,782,6606,860,112,112
msg,0,154,710,5448,863,112,112
msg,0,155,705,6925,864,112,112
msg,0,156,710,6628,858,112,112
msg,0,157,681,6866,857,112,112
msg,0,158,715,7886,848,112,112
msg,0,159,710,6097,928,112,112
msg,0,160,682,6132,821,112,112
msg,0,161,678,34785,856,112,112
msg,0,162,705,5793,823,112,112
msg,0,163,684,5588,861,112,112
msg,0,164,722,6048,854,112,112
msg,0,165,716,5580,862,112,112
msg,0,166,710,8967,858,112,112
msg,0,167,709,5872,851,112,112
msg,0,168,706,5731,857,112,112
msg,0,169,706,6770,849,112,112
msg,0,170,718,35519,864,112,112
msg,0,171,715,5960,859,112,112
msg,0,172,716,5553,862,112,112
msg,0,173,715,6193,867,112,112
msg,0,174,715,5396,854,112,112
msg,0,175,692,8071,866,112,112
msg,0,176,711,6770,854,112,112
msg,0,177,712,12920,820,112,112
msg,0,178,684,33873,857,112,112
msg,0,179,717,10981,851,112,112
msg,0,180,878,5831,845,112,112
msg,0,181,682,6158,823,112,112
msg,0,182,684,5938,865,112,112
msg,0,183,714,5953,858,112,112
msg,0,184,723,9499,866,112,112
msg,0,185,702,10202,862,112,112
msg,0,186,712,8826,857,112,112
msg,0,187,720,25789,822,112,112
msg,0,188,684,6101,1014,112,112
msg,0,189,1202,6089,858,112,112
msg,0,190,711,6588,858,112,112
msg,0,191,715,6187,863,112,112
msg,0,192,713,6502,825,112,112
msg,0,193,683,5563,854,112,112
msg,0,194,812,7288,856,112,112
msg,0,195,716,5487,859,112,112
msg,0,196,709,36939,859,112,112
msg,0,197,717,5510,859,112,112
msg,0,198,712,5441,824,112,112
msg,0,199,686,5741,853,112,112
whole,0,7193.086,9648.790,200
1,8.4180,7065.4030,30.4600,7104.2810,1391,4892,45,568,2,12,3,18,90336,66490.0,71736.0,6852907.0,0.0,2,2,2,0
msg,1,0,831,5845,863,112,112
msg,1,1,714,6819,851,112,112
msg,1,2,711,5527,859,112,112
msg,1,3,709,5852,854,112,112
msg,1,4,725,9449,865,112,112
msg,1,5,709,6087,851,112,112
msg,1,6,710,6743,951,112,112
msg,1,7,683,5954,860,112,112
msg,1,8,715,33035,867,112,112
msg,1,9,717,5613,818,112,112
msg,1,10,686,5514,854,112,112
msg,1,11,710,6200,855,112,112
msg,1,12,718,5692,866,112,112
msg,1,13,707,6799,855,112,112
msg,1,14,711,5443,868,112,112
msg,1,15,711,5787,841,112,112
msg,1,16,690,10759,864,112,112
msg,1,17,716,31378,854,112,112
msg,1,18,708,6408,823,112,112
msg,1,19,679,5854,864,112,112
msg,1,20,725,5957,863,112,112
msg,1,21,723,6019,849,112,112
msg,1,22,710,13791,861,112,112
msg,1,23,709,8273,862,112,112
msg,1,24,711,10386,821,112,112
msg,1,25,687,8027,863,112,112
msg,1,26,697,26003,861,112,112
msg,1,27,713,5456,855,112,112
msg,1,28,684,5652,856,112,112
msg,1,29,707,5559,856,112,112
msg,1,30,708,5808,860,112,112
msg,1,31,723,8462,860,112,112
msg,1,32,707,5498,823,112,112
msg,1,33,684,5555,853,112,112
msg,1,34,708,7553,858,112,112
msg,1,35,714,31278,857,112,112
msg,1,36,715,5807,861,112,112
msg,1,37,709,7738,861,112,112
msg,1,38,722,6327,858,112,112
msg,1,39,682,5500,1019,112,112
msg,1,40,714,6157,856,112,112
msg,1,41,713,5780,852,112,112
msg,1,42,676,5655,858,112,112
msg,1,43,714,6173,862,112,112
msg,1,44,714,5852,857,112,112
msg,1,45,781,33733,855,112,112
msg,1,46,710,5475,864,112,112
msg,1,47,707,5829,856,112,112
msg,1,48,718,5524,865,112,112
msg,1,49,705,5746,854,112,112
msg,1,50,716,5452,858,112,112
msg,1,51,704,5451,862,112,112
msg,1,52,808,8407,824,112,112
msg,1,53,684,8690,855,112,112
msg,1,54,713,33182,855,112,112
msg,1,55,707,5477,863,112,112
msg,1,56,709,5740,859,112,112
msg,1,57,706,6069,819,112,112
msg,1,58,695,6032,861,112,112
msg,1,59,687,6180,860,112,112
msg,1,60,685,5586,848,112,112
msg,1,61,717,8579,862,112,112
msg,1,62,709,8201,860,112,112
msg,1,63,712,32994,858,112,112
msg,1,64,717,5506,863,112,112
msg,1,65,710,6362,857,112,112
msg,1,66,708,6433,999,112,112
msg,1,67,712,6387,859,112,112
msg,1,68,730,5493,865,112,112
msg,1,69,723,5895,859,112,112
msg,1,70,709,8147,855,112,112
msg,1,71,710,8439,854,112,112
msg,1,72,717,8508,863,112,112
msg,1,73,716,26268,855,112,112
msg,1,74,688,5578,858,112,112
msg,1,75,713,5921,825,112,112
msg,1,76,680,5458,852,112,112
msg,1,77,715,5476,862,112,112
msg,1,78,708,5415,863,112,112
msg,1,79,815,5465,820,112,112
msg,1,80,690,5550,859,112,112
msg,1,81,701,11266,855,112,112
msg,1,82,707,35607,865,112,112
msg,1,83,714,5536,823,112,112
msg,1,84,697,5832,957,112,112
msg,1,85,816,5593,852,112,112
msg,1,86,712,5655,863,112,112
msg,1,87,709,5581,823,112,112
msg,1,88,680,5861,863,112,112
msg,1,89,709,5979,860,112,112
msg,1,90,704,9218,857,112,112
msg,1,91,902,31331,862,112,112
msg,1,92,726,5569,821,112,112
msg,1,93,684,8012,860,112,112
msg,1,94,870,5511,853,112,112
msg,1,95,713,5535,862,112,112
msg,1,96,716,7743,846,112,112
msg,1,97,682,5504,856,112,112
msg,1,98,719,5399,861,112,112
msg,1,99,708,9891,850,112,112
msg,1,100,714,33584,865,112,112
msg,1,101,711,5839,857,112,112
msg,1,102,715,6851,862,112,112
msg,1,103,682,5468,845,112,112
msg,1,104,682,5564,860,112,112
msg,1,105,728,6214,862,112,112
msg,1,106,709,5531,865,112,112
msg,1,107,708,7835,859,112,112
msg,1,108,713,10370,856,112,112
msg,1,109,710,32941,854,112,112
msg,1,110,707,7365,857,112,112
msg,1,111,709,5443,859,112,112
msg,1,112,717,6033,860,112,112
msg,1,113,705,5734,822,112,112
msg,1,114,681,6493,857,112,112
msg,1,115,712,5457,864,112,112
msg,1,116,714,6508,859,112,112
msg,1,117,712,10214,860,112,112
msg,1,118,716,32690,856,112,112
msg,1,119,712,6487,860,112,112
msg,1,120,718,6024,859,112,112
msg,1,121,710,6415,859,112,112
msg,1,122,713,5544,854,112,112
msg,1,123,687,5873,856,112,112
msg,1,124,708,5425,862,112,112
msg,1,125,708,8056,857,112,112
msg,1,126,713,9134,858,112,112
msg,1,127,710,31376,862,112,112
msg,1,128,713,6327,857,112,112
msg,1,129,877,7106,852,112,112
msg,1,130,684,5430,820,112,112
msg,1,131,683,5987,853,112,112
msg,1,132,711,6322,854,112,112
msg,1,133,688,5532,852,112,112
msg,1,134,710,7060,821,112,112
msg,1,135,680,11049,861,112,112
msg,1,136,684,8216,859,112,112
msg,1,137,692,25790,857,112,112
msg,1,138,719,5778,828,112,112
msg,1,139,678,5456,855,112,112
msg,1,140,717,5505,948,112,112
msg,1,141,712,5862,862,112,112
msg,1,142,710,5513,860,112,112
msg,1,143,715,6058,858,112,112
msg,1,144,711,5829,816,112,112
msg,1,145,685,10235,822,112,112
msg,1,146,685,31161,853,112,112
msg,1,147,686,5691,860,112,112
msg,1,148,710,6386,863,112,112
msg,1,149,704,5720,818,112,112
msg,1,150,783,5590,859,112,112
msg,1,151,714,5553,856,112,112
msg,1,152,694,5784,851,112,112
msg,1,153,723,6099,858,112,112
msg,1,154,707,6393,858,112,112
msg,1,155,711,6094,861,112,112
msg,1,156,708,31634,867,112,112
msg,1,157,691,5573,856,112,112
msg,1,158,710,6755,854,112,112
msg,1,159,679,6830,860,112,112
msg,1,160,719,5401,864,112,112
msg,1,161,714,6412,853,112,112
msg,1,162,686,5658,855,112,112
msg,1,163,717,8183,850,112,112
msg,1,164,714,8435,859,112,112
msg,1,165,717,8607,857,112,112
msg,1,166,681,24153,861,112,112
msg,1,167,709,5938,862,112,112
msg,1,168,712,5392,869,112,112
msg,1,169,714,5632,854,112,112
msg,1,170,711,5427,863,112,112
msg,1,171,707,5606,848,112,112
msg,1,172,707,5590,849,112,112
msg,1,173,685,5652,863,112,112
msg,1,174,712,5567,855,112,112
msg,1,175,690,5359,823,112,112
msg,1,176,687,8051,963,112,112
msg,1,177,685,25645,855,112,112
msg,1,178,712,5506,864,112,112
msg,1,179,717,5538,823,112,112
msg,1,180,680,5467,854,112,112
msg,1,181,710,6254,854,112,112
msg,1,182,712,6050,821,112,112
msg,1,183,701,7907,868,112,112
msg,1,184,714,5859,859,112,112
msg,1,185,713,8141,853,112,112
msg,1,186,708,30669,859,112,112
msg,1,187,712,5587,848,112,112
msg,1,188,676,7943,859,112,112
msg,1,189,702,5954,862,112,112
msg,1,190,710,5433,863,112,112
msg,1,191,716,6809,856,112,112
msg,1,192,709,6111,849,112,112
msg,1,193,709,8383,860,112,112
msg,1,194,710,7648,856,112,112
msg,1,195,687,32393,824,112,112
msg,1,196,684,5901,867,112,112
msg,1,197,711,7377,856,112,112
msg,1,198,685,5527,854,112,112
msg,1,199,712,5666,860,112,112
whole,1,7142.515,9314.137,200
2,5.4090,7068.3020,28.6680,7102.3790,1391,4892,45,568,2,12,3,18,90336,66442.0,71119.0,6856545.0,0.0,2,2,2,0
msg,2,0,862,6227,865,112,112
msg,2,1,709,6228,863,112,112
msg,2,2,706,6027,852,112,112
msg,2,3,710,6752,864,112,112
msg,2,4,713,5780,859,112,112
msg,2,5,712,7989,822,112,112
msg,2,6,686,5860,864,112,112
msg,2,7,705,8329,856,112,112
msg,2,8,716,33717,855,112,112
msg,2,9,707,5791,856,112,112
msg,2,10,681,5519,851,112,112
msg,2,11,710,5432,862,112,112
msg,2,12,720,5374,863,112,112
msg,2,13,714,6003,855,112,112
msg,2,14,826,5614,857,112,112
msg,2,15,684,5426,821,112,112
msg,2,16,691,5544,858,112,112
msg,2,17,712,6126,1009,112,112
msg,2,18,708,30226,857,112,112
msg,2,19,717,6254,858,112,112
msg,2,20,713,5925,848,112,112
msg,2,21,710,5514,858,112,112
msg,2,22,713,5443,860,112,112
msg,2,23,708,5403,858,112,112
msg,2,24,680,5627,857,112,112
msg,2,25,709,5434,862,112,112
msg,2,26,715,5913,851,112,112
msg,2,27,714,7134,851,112,112
msg,2,28,713,31367,856,112,112
msg,2,29,714,5908,824,112,112
msg,2,30,681,5891,864,112,112
msg,2,31,875,5552,851,112,112
msg,2,32,713,5535,861,112,112
msg,2,33,719,5583,861,112,112
msg,2,34,682,5973,863,112,112
msg,2,35,702,5670,816,112,112
msg,2,36,701,5548,857,112,112
msg,2,37,725,6425,867,112,112
msg,2,38,718,33306,864,112,112
msg,2,39,713,6089,864,112,112
msg,2,40,711,5651,822,112,112
msg,2,41,769,5824,849,112,112
msg,2,42,709,5467,858,112,112
msg,2,43,714,6486,864,112,112
msg,2,44,715,5505,823,112,112
msg,2,45,697,5434,857,112,112
msg,2,46,708,10922,858,112,112
msg,2,47,694,32598,857,112,112
msg,2,48,712,6489,864,112,112
msg,2,49,716,6914,853,112,112
msg,2,50,716,5455,852,112,112
msg,2,51,717,5463,958,112,112
msg,2,52,683,8524,851,112,112
msg,2,53,685,5470,857,112,112
msg,2,54,715,5491,868,112,112
msg,2,55,710,10637,817,112,112
msg,2,56,683,8444,852,112,112
msg,2,57,706,25773,856,112,112
msg,2,58,713,5784,857,112,112
msg,2,59,709,5437,862,112,112
msg,2,60,712,5436,859,112,112
msg,2,61,682,5523,852,112,112
msg,2,62,681,5576,862,112,112
msg,2,63,720,5473,863,112,112
msg,2,64,809,5732,859,112,112
msg,2,65,714,10701,856,112,112
msg,2,66,686,32809,942,112,112
msg,2,67,713,6981,861,112,112
msg,2,68,710,6149,854,112,112
msg,2,69,707,5436,858,112,112
msg,2,70,714,5419,867,112,112
msg,2,71,709,6077,856,112,112
msg,2,72,712,6527,856,112,112
msg,2,73,700,8379,822,112,112
msg,2,74,680,8298,817,112,112
msg,2,75,684,8493,854,112,112
msg,2,76,729,25759,853,112,112
msg,2,77,689,6059,864,112,112
msg,2,78,684,5529,854,112,112
msg,2,79,683,5764,865,112,112
msg,2,80,701,5551,818,112,112
msg,2,81,684,5669,857,112,112
msg,2,82,708,7951,847,112,112
msg,2,83,683,5976,850,112,112
msg,2,84,688,7852,867,112,112
msg,2,85,717,8048,855,112,112
msg,2,86,707,24376,851,112,112
msg,2,87,711,18323,867,112,112
msg,2,88,716,5639,821,112,112
msg,2,89,681,6510,858,112,112
msg,2,90,706,5871,819,112,112
msg,2,91,688,5568,855,112,112
msg,2,92,708,7775,856,112,112
msg,2,93,709,6125,862,112,112
msg,2,94,711,34683,857,112,112
msg,2,95,709,5560,860,112,112
msg,2,96,712,5441,960,112,112
msg,2,97,685,5532,854,112,112
msg,2,98,706,6062,819,112,112
msg,2,99,678,8086,861,112,112
msg,2,100,678,6937,860,112,112
msg,2,101,711,7277,864,112,112
msg,2,102,719,7006,855,112,112
msg,2,103,717,37817,822,112,112
msg,2,104,688,6745,953,112,112
msg,2,105,722,6026,856,112,112
msg,2,106,720,9817,817,112,112
msg,2,107,782,5697,860,112,112
msg,2,108,871,5497,823,112,112
msg,2,109,687,5769,859,112,112
msg,2,110,707,7433,860,112,112
msg,2,111,807,39060,862,112,112
msg,2,112,715,5917,847,112,112
msg,2,113,709,5661,858,112,112
msg,2,114,689,9390,820,112,112
msg,2,115,693,11618,860,112,112
msg,2,116,712,6337,865,112,112
msg,2,117,711,14972,856,112,112
msg,2,118,713,37363,859,112,112
msg,2,119,712,6097,859,112,112
msg,2,120,715,7071,854,112,112
msg,2,121,710,6152,849,112,112
msg,2,122,714,5385,860,112,112
msg,2,123,719,5570,858,112,112
msg,2,124,713,7929,860,112,112
msg,2,125,716,7544,852,112,112
msg,2,126,707,33250,857,112,112
msg,2,127,681,5907,860,112,112
msg,2,128,711,6220,859,112,112
msg,2,129,714,5383,867,112,112
msg,2,130,710,5391,858,112,112
msg,2,131,687,6604,854,112,112
msg,2,132,725,5763,856,112,112
msg,2,133,681,5634,853,112,112
msg,2,134,715,5431,861,112,112
msg,2,135,712,5893,853,112,112
msg,2,136,706,36863,863,112,112
msg,2,137,711,5490,817,112,112
msg,2,138,683,5826,866,112,112
msg,2,139,713,5444,955,112,112
msg,2,140,686,6656,854,112,112
msg,2,141,719,6929,849,112,112
msg,2,142,720,5492,849,112,112
msg,2,143,710,5720,856,112,112
msg,2,144,686,6759,953,112,112
msg,2,145,715,31391,861,112,112
msg,2,146,712,6278,860,112,112
msg,2,147,681,7426,821,112,112
msg,2,148,680,6368,939,112,112
msg,2,149,714,5506,857,112,112
msg,2,150,716,5724,825,112,112
msg,2,151,682,5646,861,112,112
msg,2,152,716,5407,860,112,112
msg,2,153,707,5603,823,112,112
msg,2,154,682,5704,856,112,112
msg,2,155,708,35230,864,112,112
msg,2,156,718,5428,862,112,112
msg,2,157,712,5529,822,112,112
msg,2,158,686,5764,863,112,112
msg,2,159,705,6186,861,112,112
msg,2,160,708,5830,842,112,112
msg,2,161,802,5450,857,112,112
msg,2,162,703,6973,848,112,112
msg,2,163,719,8525,863,112,112
msg,2,164,708,31519,859,112,112
msg,2,165,776,5609,860,112,112
msg,2,166,711,5559,857,112,112
msg,2,167,713,5544,819,112,112
msg,2,168,682,5501,859,112,112
msg,2,169,707,5438,858,112,112
msg,2,170,713,6605,858,112,112
msg,2,171,685,5496,848,112,112
msg,2,172,689,5744,863,112,112
msg,2,173,808,6336,856,112,112
msg,2,174,692,32543,853,112,112
msg,2,175,808,7144,847,112,112
msg,2,176,720,6088,822,112,112
msg,2,177,679,6120,855,112,112
msg,2,178,681,7036,867,112,112
msg,2,179,712,6137,862,112,112
msg,2,180,707,5722,852,112,112
msg,2,181,708,7612,864,112,112
msg,2,182,714,8143,852,112,112
msg,2,183,721,8502,861,112,112
msg,2,184,705,25969,861,112,112
msg,2,185,713,5543,854,112,112
msg,2,186,685,5571,853,112,112
msg,2,187,707,5604,867,112,112
msg,2,188,712,6816,944,112,112
msg,2,189,719,6342,858,112,112
msg,2,190,711,6166,856,112,112
msg,2,191,708,5545,865,112,112
msg,2,192,712,8116,864,112,112
msg,2,193,715,31098,864,112,112
msg,2,194,715,5880,854,112,112
msg,2,195,709,7610,856,112,112
msg,2,196,706,5890,857,112,112
msg,2,197,715,7951,824,112,112
msg,2,198,683,5535,856,112,112
msg,2,199,708,5442,861,112,112
whole,2,7139.540,9329.154,200
#heap 23466
#stack 16048
#end
#block pipeline TLS lorawan11 down
#aead LoRaWAN-1.1 AES-128-CTR+2xCMAC (BearSSL (arduino-pico)), downlink, 51 B payload + 13 B overhead
#lib wolfSSL 5.9.4
iter,tcp_ms,tls_ms,mqtt_ms,total_ms,hs_tx_B,hs_rx_B,mqtt_tx_B,mqtt_rx_B,hs_writes,hs_reads,writes,reads,free_heap_B,hs_keygen_us,hs_derive_us,hs_verify_us,hs_sign_us,hs_keygen_n,hs_derive_n,hs_verify_n,hs_sign_n
msg,iter,idx,seal_us,rtt_us,open_us,tx_B,rx_B
whole,iter,first_ms,all_ms,msgs
#suite TLS13-AES256-GCM-SHA384
0,9.5200,7060.8040,116.1270,7186.4510,1391,4892,45,568,2,12,3,18,90336,66358.0,71435.0,6848825.0,0.0,2,2,2,0
msg,0,0,608,6125,558,112,112
msg,0,1,418,6962,589,112,112
msg,0,2,428,5960,600,112,112
msg,0,3,458,5961,594,112,112
msg,0,4,464,6289,599,112,112
msg,0,5,426,5890,601,112,112
msg,0,6,420,6332,556,112,112
msg,0,7,425,12725,564,112,112
msg,0,8,427,33062,593,112,112
msg,0,9,418,5774,599,112,112
msg,0,10,425,6013,600,112,112
msg,0,11,448,5710,596,112,112
msg,0,12,553,5532,601,112,112
msg,0,13,422,5390,558,112,112
msg,0,14,426,8028,600,112,112
msg,0,15,428,5970,595,112,112
msg,0,16,448,6905,594,112,112
msg,0,17,448,6351,589,112,112
msg,0,18,421,7988,594,112,112
msg,0,19,447,27890,599,112,112
msg,0,20,459,5509,604,112,112
msg,0,21,436,5516,600,112,112
msg,0,22,419,5641,563,112,112
msg,0,23,426,5975,597,112,112
msg,0,24,418,6549,561,112,112
msg,0,25,521,5742,594,112,112
msg,0,26,428,5861,599,112,112
msg,0,27,422,10810,593,112,112
msg,0,28,421,9859,606,112,112
msg,0,29,417,23684,603,112,112
msg,0,30,422,5839,600,112,112
msg,0,31,420,6740,605,112,112
msg,0,32,420,6142,559,112,112
msg,0,33,449,5908,558,112,112
msg,0,34,421,5776,561,112,112
msg,0,35,418,7097,709,112,112
msg,0,36,424,13451,560,112,112
msg,0,37,429,6297,598,112,112
msg,0,38,453,8619,603,112,112
msg,0,39,617,29480,604,112,112
msg,0,40,422,6258,560,112,112
msg,0,41,425,7935,563,112,112
msg,0,42,427,5884,590,112,112
msg,0,43,419,5961,593,112,112
msg,0,44,425,6284,564,112,112
msg,0,45,426,5933,560,112,112
msg,0,46,418,6140,601,112,112
msg,0,47,454,7020,565,112,112
msg,0,48,457,31327,599,112,112
msg,0,49,430,6088,594,112,112
msg,0,50,451,5961,561,112,112
msg,0,51,426,6013,596,112,112
msg,0,52,422,5844,602,112,112
msg,0,53,420,5746,601,112,112
msg,0,54,414,5767,595,112,112
msg,0,55,423,5673,594,112,112
msg,0,56,426,5603,560,112,112
msg,0,57,425,8924,593,112,112
msg,0,58,420,5960,595,112,112
msg,0,59,426,29516,563,112,112
msg,0,60,430,5756,557,112,112
msg,0,61,428,6309,598,112,112
msg,0,62,455,5362,597,112,112
msg,0,63,427,5587,560,112,112
msg,0,64,423,5444,561,112,112
msg,0,65,453,8028,557,112,112
msg,0,66,427,5534,658,112,112
msg,0,67,427,7252,604,112,112
msg,0,68,418,5948,596,112,112
msg,0,69,453,31444,599,112,112
msg,0,70,420,5675,602,112,112
msg,0,71,422,6389,562,112,112
msg,0,72,459,5462,594,112,112
msg,0,73,457,5706,603,112,112
msg,0,74,450,5722,591,112,112
msg,0,75,462,6978,560,112,112
msg,0,76,460,7188,595,112,112
msg,0,77,417,5893,599,112,112
msg,0,78,423,8865,599,112,112
msg,0,79,457,33019,557,112,112
msg,0,80,463,5823,561,112,112
msg,0,81,456,7354,605,112,112
msg,0,82,419,5562,597,112,112
msg,0,83,426,5535,560,112,112
msg,0,84,420,5631,561,112,112
msg,0,85,454,7451,599,112,112
msg,0,86,444,5707,599,112,112
msg,0,87,453,7878,599,112,112
msg,0,88,453,5812,558,112,112
msg,0,89,457,8357,599,112,112
msg,0,90,434,24952,596,112,112
msg,0,91,450,6088,560,112,112
msg,0,92,425,6526,599,112,112
msg,0,93,449,5804,560,112,112
msg,0,94,454,5661,563,112,112
msg,0,95,457,5804,558,112,112
msg,0,96,458,6693,558,112,112
msg,0,97,453,5711,592,112,112
msg,0,98,456,6238,597,112,112
msg,0,99,428,6556,562,112,112
msg,0,100,431,8120,595,112,112
msg,0,101,422,27181,559,112,112
msg,0,102,455,5421,787,112,112
msg,0,103,461,5420,595,112,112
msg,0,104,421,6271,567,112,112
msg,0,105,468,6798,556,112,112
msg,0,106,453,5641,559,112,112
msg,0,107,469,5962,560,112,112
msg,0,108,425,5940,562,112,112
msg,0,109,425,10962,602,112,112
msg,0,110,421,34772,586,112,112
msg,0,111,417,6734,600,112,112
msg,0,112,424,6718,598,112,112
msg,0,113,426,5609,557,112,112
msg,0,114,425,5551,559,112,112
msg,0,115,423,5478,592,112,112
msg,0,116,451,6699,599,112,112
msg,0,117,457,5759,589,112,112
msg,0,118,452,7234,559,112,112
msg,0,119,424,7174,601,112,112
msg,0,120,451,35865,602,112,112
msg,0,121,450,6375,595,112,112
msg,0,122,416,6272,559,112,112
msg,0,123,461,5382,597,112,112
msg,0,124,452,6174,561,112,112
msg,0,125,425,5924,553,112,112
msg,0,126,424,5737,558,112,112
msg,0,127,422,6803,561,112,112
msg,0,128,423,11299,594,112,112
msg,0,129,454,31695,596,112,112
msg,0,130,453,6633,598,112,112
msg,0,131,446,7714,598,112,112
msg,0,132,445,5716,601,112,112
msg,0,133,422,5685,599,112,112
msg,0,134,421,5721,600,112,112
msg,0,135,423,6882,601,112,112
msg,0,136,453,6050,556,112,112
msg,0,137,464,5564,599,112,112
msg,0,138,456,7480,595,112,112
msg,0,139,423,31818,605,112,112
msg,0,140,423,6108,559,112,112
msg,0,141,452,6164,561,112,112
msg,0,142,427,5625,560,112,112
msg,0,143,428,5610,560,112,112
msg,0,144,454,6247,598,112,112
msg,0,145,416,7962,606,112,112
msg,0,146,450,5581,603,112,112
msg,0,147,418,6118,561,112,112
msg,0,148,458,8782,564,112,112
msg,0,149,452,31926,711,112,112
msg,0,150,436,6431,1103,112,112
msg,0,151,422,6620,561,112,112
msg,0,152,423,5860,598,112,112
msg,0,153,420,6145,595,112,112
msg,0,154,453,6667,600,112,112
msg,0,155,453,5997,556,112,112
msg,0,156,454,6221,594,112,112
msg,0,157,423,7094,590,112,112
msg,0,158,453,6651,600,112,112
msg,0,159,454,35573,600,112,112
msg,0,160,417,6087,595,112,112
msg,0,161,458,7018,565,112,112
msg,0,162,425,6702,561,112,112
msg,0,163,525,6571,557,112,112
msg,0,164,455,8852,554,112,112
msg,0,165,425,5778,556,112,112
msg,0,166,422,5809,560,112,112
msg,0,167,423,8736,560,112,112
msg,0,168,423,35403,599,112,112
msg,0,169,453,5954,557,112,112
msg,0,170,457,6762,561,112,112
msg,0,171,445,5715,558,112,112
msg,0,172,447,6492,598,112,112
msg,0,173,448,5721,604,112,112
msg,0,174,463,5539,599,112,112
msg,0,175,423,7142,592,112,112
msg,0,176,459,10534,599,112,112
msg,0,177,449,33355,562,112,112
msg,0,178,420,5796,597,112,112
msg,0,179,425,7708,562,112,112
msg,0,180,423,5590,558,112,112
msg,0,181,422,5881,658,112,112
msg,0,182,424,5718,566,112,112
msg,0,183,427,7670,561,112,112
msg,0,184,425,9359,600,112,112
msg,0,185,451,9515,604,112,112
msg,0,186,419,32281,561,112,112
msg,0,187,421,6281,596,112,112
msg,0,188,419,8308,560,112,112
msg,0,189,422,6238,603,112,112
msg,0,190,451,6398,561,112,112
msg,0,191,429,7007,604,112,112
msg,0,192,609,5416,598,112,112
msg,0,193,421,5516,563,112,112
msg,0,194,423,11983,590,112,112
msg,0,195,422,33255,595,112,112
msg,0,196,452,5984,562,112,112
msg,0,197,426,8664,562,112,112
msg,0,198,455,5457,597,112,112
msg,0,199,457,5793,595,112,112
whole,0,7224.752,9292.536,200
1,7.5160,7067.3720,55.0150,7129.9030,1391,4892,45,568,2,12,3,18,90336,66159.0,71278.0,6855136.0,0.0,2,2,2,0
msg,1,0,606,6691,596,112,112
msg,1,1,451,5954,563,112,112
msg,1,2,454,6248,598,112,112
msg,1,3,418,6714,597,112,112
msg,1,4,425,10265,559,112,112
msg,1,5,456,7504,601,112,112
msg,1,6,450,11189,563,112,112
msg,1,7,423,32258,603,112,112
msg,1,8,452,5739,603,112,112
msg,1,9,452,5639,602,112,112
msg,1,10,422,5705,593,112,112
msg,1,11,420,5479,564,112,112
msg,1,12,418,5819,562,112,112
msg,1,13,419,6190,603,112,112
msg,1,14,457,7625,603,112,112
msg,1,15,457,5641,600,112,112
msg,1,16,418,10190,558,112,112
msg,1,17,458,31085,563,112,112
msg,1,18,428,5929,597,112,112
msg,1,19,423,6371,563,112,112
msg,1,20,424,5957,557,112,112
msg,1,21,426,6175,599,112,112
msg,1,22,449,6046,558,112,112
msg,1,23,453,7463,599,112,112
msg,1,24,553,6354,596,112,112
msg,1,25,428,6011,605,112,112
msg,1,26,455,8700,604,112,112
msg,1,27,452,34721,599,112,112
msg,1,28,447,6039,557,112,112
msg,1,29,456,5639,597,112,112
msg,1,30,459,5842,565,112,112
msg,1,31,459,6146,590,112,112
msg,1,32,425,6095,602,112,112
msg,1,33,456,6333,561,112,112
msg,1,34,424,7001,595,112,112
msg,1,35,419,10323,563,112,112
msg,1,36,425,33179,598,112,112
msg,1,37,420,5743,596,112,112
msg,1,38,420,5559,566,112,112
msg,1,39,424,5545,560,112,112
msg,1,40,423,5636,562,112,112
msg,1,41,423,5792,557,112,112
msg,1,42,424,5450,680,112,112
msg,1,43,453,5777,558,112,112
msg,1,44,459,6210,601,112,112
msg,1,45,420,6260,603,112,112
msg,1,46,457,5694,598,112,112
msg,1,47,447,33672,600,112,112
msg,1,48,457,7355,592,112,112
msg,1,49,422,5936,587,112,112
msg,1,50,422,5579,599,112,112
msg,1,51,437,6831,596,112,112
msg,1,52,422,5989,599,112,112
msg,1,53,456,5918,559,112,112
msg,1,54,462,5599,600,112,112
msg,1,55,450,11117,564,112,112
msg,1,56,426,32369,601,112,112
msg,1,57,460,5679,604,112,112
msg,1,58,459,5581,602,112,112
msg,1,59,420,6219,559,112,112
msg,1,60,427,5904,672,112,112
msg,1,61,423,5702,562,112,112
msg,1,62,422,5799,564,112,112
msg,1,63,419,5817,558,112,112
msg,1,64,421,6454,561,112,112
msg,1,65,455,9532,594,112,112
msg,1,66,448,9894,563,112,112
msg,1,67,448,26830,559,112,112
msg,1,68,456,5877,559,112,112
msg,1,69,424,6487,591,112,112
msg,1,70,456,5621,601,112,112
msg,1,71,448,6452,704,112,112
msg,1,72,426,6112,560,112,112
msg,1,73,456,5657,590,112,112
msg,1,74,456,6378,599,112,112
msg,1,75,425,11492,561,112,112
msg,1,76,427,31173,592,112,112
msg,1,77,460,5951,597,112,112
msg,1,78,449,6147,562,112,112
msg,1,79,429,5526,557,112,112
msg,1,80,456,6135,597,112,112
msg,1,81,424,5590,556,112,112
msg,1,82,422,6305,594,112,112
msg,1,83,457,5612,603,112,112
msg,1,84,454,8203,562,112,112
msg,1,85,429,7650,561,112,112
msg,1,86,459,37543,594,112,112
msg,1,87,449,5845,559,112,112
msg,1,88,453,5674,595,112,112
msg,1,89,452,6970,561,112,112
msg,1,90,425,6992,561,112,112
msg,1,91,421,5683,560,112,112
msg,1,92,426,5728,753,112,112
msg,1,93,423,6087,601,112,112
msg,1,94,452,10377,560,112,112
msg,1,95,422,32655,555,112,112
msg,1,96,421,6601,557,112,112
msg,1,97,451,6151,595,112,112
msg,1,98,421,6013,596,112,112
msg,1,99,451,5594,608,112,112
msg,1,100,425,6200,559,112,112
msg,1,101,453,8313,602,112,112
msg,1,102,622,5664,601,112,112
msg,1,103,447,6275,561,112,112
msg,1,104,425,6637,560,112,112
msg,1,105,468,32960,560,112,112
msg,1,106,429,6792,561,112,112
msg,1,107,435,6616,559,112,112
msg,1,108,429,5688,559,112,112
msg,1,109,428,5696,562,112,112
msg,1,110,463,5606,597,112,112
msg,1,111,453,7639,594,112,112
msg,1,112,464,6430,601,112,112
msg,1,113,415,11946,599,112,112
msg,1,114,452,32865,598,112,112
msg,1,115,458,6019,561,112,112
msg,1,116,421,5669,559,112,112
msg,1,117,455,5830,558,112,112
msg,1,118,421,9051,594,112,112
msg,1,119,419,6020,603,112,112
msg,1,120,450,6506,597,112,112
msg,1,121,419,6583,561,112,112
msg,1,122,425,6669,666,112,112
msg,1,123,431,5832,596,112,112
msg,1,124,421,8482,556,112,112
msg,1,125,426,24933,559,112,112
msg,1,126,423,8388,599,112,112
msg,1,127,457,5604,601,112,112
msg,1,128,449,5523,600,112,112
msg,1,129,421,6079,595,112,112
msg,1,130,453,6568,601,112,112
msg,1,131,451,5682,599,112,112
msg,1,132,458,6142,559,112,112
msg,1,133,428,11353,607,112,112
msg,1,134,449,9128,560,112,112
msg,1,135,423,26154,595,112,112
msg,1,136,417,6642,596,112,112
msg,1,137,432,6156,601,112,112
msg,1,138,457,5910,562,112,112
msg,1,139,453,6483,608,112,112
msg,1,140,456,6021,561,112,112
msg,1,141,459,6221,597,112,112
msg,1,142,420,8102,594,112,112
msg,1,143,451,9747,599,112,112
msg,1,144,458,32452,602,112,112
msg,1,145,419,6474,561,112,112
msg,1,146,421,6737,559,112,112
msg,1,147,426,5696,559,112,112
msg,1,148,428,5902,560,112,112
msg,1,149,425,5934,599,112,112
msg,1,150,418,10406,562,112,112
msg,1,151,423,12147,603,112,112
msg,1,152,422,6085,594,112,112
msg,1,153,453,34615,596,112,112
msg,1,154,461,6559,598,112,112
msg,1,155,433,6540,557,112,112
msg,1,156,431,5836,597,112,112
msg,1,157,420,6582,564,112,112
msg,1,158,425,5630,564,112,112
msg,1,159,427,6013,594,112,112
msg,1,160,441,9169,594,112,112
msg,1,161,459,8506,597,112,112
msg,1,162,415,32885,604,112,112
msg,1,163,450,6370,560,112,112
msg,1,164,429,7599,558,112,112
msg,1,165,434,6459,594,112,112
msg,1,166,461,7655,593,112,112
msg,1,167,456,9718,598,112,112
msg,1,168,451,5987,558,112,112
msg,1,169,463,6614,594,112,112
msg,1,170,455,7201,601,112,112
msg,1,171,421,31586,563,112,112
msg,1,172,425,6392,596,112,112
msg,1,173,458,6628,599,112,112
msg,1,174,450,6398,601,112,112
msg,1,175,426,6653,559,112,112
msg,1,176,419,5862,596,112,112
msg,1,177,420,6949,598,112,112
msg,1,178,423,5674,596,112,112
msg,1,179,420,5756,598,112,112
msg,1,180,424,8035,597,112,112
msg,1,181,450,8200,566,112,112
msg,1,182,423,26133,604,112,112
msg,1,183,422,6842,602,112,112
msg,1,184,447,5521,597,112,112
msg,1,185,420,6213,567,112,112
msg,1,186,460,5944,557,112,112
msg,1,187,436,5939,558,112,112
msg,1,188,421,5486,563,112,112
msg,1,189,454,12494,594,112,112
msg,1,190,463,6639,595,112,112
msg,1,191,452,31173,562,112,112
msg,1,192,427,5736,559,112,112
msg,1,193,422,5509,592,112,112
msg,1,194,456,5952,561,112,112
msg,1,195,424,6276,599,112,112
msg,1,196,422,6491,595,112,112
msg,1,197,420,8022,603,112,112
msg,1,198,425,5624,595,112,112
msg,1,199,421,5794,597,112,112
whole,1,7145.056,9238.830,200
2,32.5540,7090.0310,51.5320,7174.1170,1391,4892,45,568,2,12,3,18,90336,66301.0,72600.0,6847588.0,0.0,2,2,2,0
msg,2,0,570,5641,560,112,112
msg,2,1,436,8158,595,112,112
msg,2,2,416,6413,565,112,112
msg,2,3,424,6707,559,112,112
msg,2,4,420,6413,594,112,112
msg,2,5,456,5880,561,112,112
msg,2,6,453,5775,563,112,112
msg,2,7,462,9284,597,112,112
msg,2,8,427,34724,601,112,112
msg,2,9,421,5629,561,112,112
msg,2,10,427,5486,560,112,112
msg,2,11,455,5832,561,112,112
msg,2,12,426,5814,558,112,112
msg,2,13,426,5569,559,112,112
msg,2,14,458,6010,561,112,112
msg,2,15,425,5804,561,112,112
msg,2,16,591,5452,561,112,112
msg,2,17,425,11447,601,112,112
msg,2,18,455,8616,605,112,112
msg,2,19,451,25614,596,112,112
msg,2,20,415,7555,595,112,112
msg,2,21,414,5595,566,112,112
msg,2,22,423,5534,562,112,112
msg,2,23,472,96604,594,112,112
msg,2,24,455,6038,558,112,112
msg,2,25,429,6554,562,112,112
msg,2,26,459,6503,606,112,112
msg,2,27,617,6082,556,112,112
msg,2,28,419,6259,603,112,112
msg,2,29,451,98855,594,112,112
msg,2,30,461,10835,564,112,112
msg,2,31,454,32655,592,112,112
msg,2,32,457,99630,600,112,112
msg,2,33,458,6181,558,112,112
msg,2,34,425,5942,592,112,112
msg,2,35,422,5995,592,112,112
msg,2,36,420,5854,607,112,112
msg,2,37,450,96196,558,112,112
msg,2,38,423,6016,604,112,112
msg,2,39,428,5854,599,112,112
msg,2,40,421,7276,561,112,112
msg,2,41,461,5999,560,112,112
msg,2,42,424,6707,557,112,112
msg,2,43,430,96327,597,112,112
msg,2,44,452,11334,599,112,112
msg,2,45,427,31006,683,112,112
msg,2,46,454,102145,563,112,112
msg,2,47,427,6125,598,112,112
msg,2,48,421,8351,562,112,112
msg,2,49,426,7654,560,112,112
msg,2,50,459,93750,564,112,112
msg,2,51,463,6163,603,112,112
msg,2,52,425,6311,559,112,112
msg,2,53,455,6067,561,112,112
msg,2,54,422,5869,600,112,112
msg,2,55,419,6229,596,112,112
msg,2,56,470,54355,596,112,112
msg,2,57,421,6893,600,112,112
msg,2,58,418,5998,596,112,112
msg,2,59,447,5942,558,112,112
msg,2,60,457,6345,607,112,112
msg,2,61,467,10508,595,112,112
msg,2,62,424,152705,593,112,112
msg,2,63,420,6206,598,112,112
msg,2,64,457,6735,594,112,112
msg,2,65,461,131690,597,112,112
msg,2,66,452,5943,565,112,112
msg,2,67,467,6199,597,112,112
msg,2,68,423,5787,596,112,112
msg,2,69,419,32298,563,112,112
msg,2,70,453,112696,688,112,112
msg,2,71,425,6236,605,112,112
msg,2,72,412,5757,1148,112,112
msg,2,73,434,6162,603,112,112
msg,2,74,417,5837,599,112,112
msg,2,75,418,5527,595,112,112
msg,2,76,419,131670,563,112,112
msg,2,77,439,24878,595,112,112
msg,2,78,421,8066,597,112,112
msg,2,79,457,130714,603,112,112
msg,2,80,450,6037,563,112,112
msg,2,81,461,5997,560,112,112
msg,2,82,420,11341,597,112,112
msg,2,83,456,8632,601,112,112
msg,2,84,448,130585,605,112,112
msg,2,85,424,5870,603,112,112
msg,2,86,459,6788,604,112,112
msg,2,87,456,6586,603,112,112
msg,2,88,446,6576,593,112,112
msg,2,89,423,134299,561,112,112
msg,2,90,457,33237,596,112,112
msg,2,91,420,5834,601,112,112
msg,2,92,415,131357,563,112,112
msg,2,93,421,5958,602,112,112
msg,2,94,420,5907,597,112,112
msg,2,95,430,6310,564,112,112
msg,2,96,451,7134,596,112,112
msg,2,97,425,138046,608,112,112
msg,2,98,451,6518,597,112,112
msg,2,99,426,5920,602,112,112
msg,2,100,455,5921,593,112,112
msg,2,101,457,6116,560,112,112
msg,2,102,425,5883,597,112,112
msg,2,103,431,132312,559,112,112
msg,2,104,463,31148,683,112,112
msg,2,105,423,6031,603,112,112
msg,2,106,450,129794,601,112,112
msg,2,107,451,7440,597,112,112
msg,2,108,424,6263,562,112,112
msg,2,109,461,9914,560,112,112
msg,2,110,436,35425,590,112,112
msg,2,111,449,103886,564,112,112
msg,2,112,462,6039,558,112,112
msg,2,113,423,5944,597,112,112
msg,2,114,420,6001,602,112,112
msg,2,115,456,5869,589,112,112
msg,2,116,454,5784,592,112,112
msg,2,117,555,134576,603,112,112
msg,2,118,466,31875,555,112,112
msg,2,119,418,134571,562,112,112
msg,2,120,454,8044,559,112,112
msg,2,121,427,7280,601,112,112
msg,2,122,458,10637,606,112,112
msg,2,123,453,33194,564,112,112
msg,2,124,421,103373,602,112,112
msg,2,125,457,5592,602,112,112
msg,2,126,434,19025,597,112,112
msg,2,127,455,6434,604,112,112
msg,2,128,421,136850,601,112,112
msg,2,129,450,38006,563,112,112
msg,2,130,454,7610,598,112,112
msg,2,131,452,8356,597,112,112
msg,2,132,424,6687,593,112,112
msg,2,133,433,8613,560,112,112
msg,2,134,428,93803,561,112,112
msg,2,135,439,6946,598,112,112
msg,2,136,422,6051,595,112,112
msg,2,137,453,7152,562,112,112
msg,2,138,436,6853,559,112,112
msg,2,139,420,101106,604,112,112
msg,2,140,443,34619,599,112,112
msg,2,141,414,6998,601,112,112
msg,2,142,457,5730,595,112,112
msg,2,143,450,5772,593,112,112
msg,2,144,550,6345,595,112,112
msg,2,145,418,5773,604,112,112
msg,2,146,419,7472,562,112,112
msg,2,147,421,6126,608,112,112
msg,2,148,424,10851,595,112,112
msg,2,149,455,8051,556,112,112
msg,2,150,455,26907,561,112,112
msg,2,151,426,6886,561,112,112
msg,2,152,425,5575,563,112,112
msg,2,153,427,5529,594,112,112
msg,2,154,450,7524,604,112,112
msg,2,155,448,5840,594,112,112
msg,2,156,455,7948,563,112,112
msg,2,157,458,5550,593,112,112
msg,2,158,450,8276,593,112,112
msg,2,159,532,9251,560,112,112
msg,2,160,458,26623,599,112,112
msg,2,161,446,6159,1116,112,112
msg,2,162,460,5641,604,112,112
msg,2,163,445,6882,599,112,112
msg,2,164,452,5807,594,112,112
msg,2,165,458,6139,559,112,112
msg,2,166,428,5601,563,112,112
msg,2,167,427,5747,557,112,112
msg,2,168,421,10385,602,112,112
msg,2,169,454,32834,595,112,112
msg,2,170,462,6319,603,112,112
msg,2,171,417,8433,559,112,112
msg,2,172,421,6019,598,112,112
msg,2,173,424,6079,593,112,112
msg,2,174,457,5584,590,112,112
msg,2,175,449,6334,561,112,112
msg,2,176,422,5746,564,112,112
msg,2,177,433,5547,563,112,112
msg,2,178,450,7836,558,112,112
msg,2,179,421,8540,600,112,112
msg,2,180,461,24978,562,112,112
msg,2,181,427,6493,594,112,112
msg,2,182,461,6532,599,112,112
msg,2,183,461,6422,596,112,112
msg,2,184,431,5619,557,112,112
msg,2,185,419,7275,598,112,112
msg,2,186,467,6002,561,112,112
msg,2,187,430,5917,590,112,112
msg,2,188,1043,11344,601,112,112
msg,2,189,423,31138,562,112,112
msg,2,190,452,5803,564,112,112
msg,2,191,461,6373,606,112,112
msg,2,192,551,5565,600,112,112
msg,2,193,419,5504,554,112,112
msg,2,194,425,5582,554,112,112
msg,2,195,431,5947,591,112,112
msg,2,196,421,5787,594,112,112
msg,2,197,415,5870,600,112,112
msg,2,198,423,10804,603,112,112
msg,2,199,420,32051,592,112,112
whole,2,7210.084,12116.015,200
#heap 23466
#stack 16016
#end
#block pipeline TLS lorawan11_256 up
#aead AES-256-CTR+2xCMAC (LoRaWAN 1.1 frame, 256-bit keys) (BearSSL (arduino-pico)), uplink, 51 B payload + 13 B overhead
#lib wolfSSL 5.9.4
iter,tcp_ms,tls_ms,mqtt_ms,total_ms,hs_tx_B,hs_rx_B,mqtt_tx_B,mqtt_rx_B,hs_writes,hs_reads,writes,reads,free_heap_B,hs_keygen_us,hs_derive_us,hs_verify_us,hs_sign_us,hs_keygen_n,hs_derive_n,hs_verify_n,hs_sign_n
msg,iter,idx,seal_us,rtt_us,open_us,tx_B,rx_B
whole,iter,first_ms,all_ms,msgs
#suite TLS13-AES256-GCM-SHA384
0,5.4060,7074.2210,25.2510,7104.8780,1391,4892,45,568,2,12,3,18,90336,66184.0,72506.0,6859189.0,0.0,2,2,2,0
msg,0,0,1097,5555,1064,112,112
msg,0,1,944,6187,1092,112,112
msg,0,2,935,5604,1084,112,112
msg,0,3,943,5609,1073,112,112
msg,0,4,943,5649,1062,112,112
msg,0,5,937,6515,1094,112,112
msg,0,6,947,5564,1086,112,112
msg,0,7,940,8626,1086,112,112
msg,0,8,939,34663,1090,112,112
msg,0,9,1037,5567,1083,112,112
msg,0,10,938,5452,1101,112,112
msg,0,11,941,5575,1089,112,112
msg,0,12,942,6301,1082,112,112
msg,0,13,938,7834,1081,112,112
msg,0,14,942,5873,1093,112,112
msg,0,15,940,11407,1085,112,112
msg,0,16,945,35157,1076,112,112
msg,0,17,937,5939,1089,112,112
msg,0,18,939,5466,1091,112,112
msg,0,19,935,5527,1087,112,112
msg,0,20,943,5485,1070,112,112
msg,0,21,942,5463,1252,112,112
msg,0,22,943,5580,1091,112,112
msg,0,23,936,5459,1086,112,112
msg,0,24,943,8219,1094,112,112
msg,0,25,942,34843,1070,112,112
msg,0,26,939,6318,1090,112,112
msg,0,27,943,5860,1088,112,112
msg,0,28,917,6371,1084,112,112
msg,0,29,937,6592,1071,112,112
msg,0,30,1049,6456,1102,112,112
msg,0,31,954,7011,1083,112,112
msg,0,32,942,9417,1085,112,112
msg,0,33,942,8211,1088,112,112
msg,0,34,940,20817,1080,112,112
msg,0,35,940,5684,1087,112,112
msg,0,36,937,7738,1091,112,112
msg,0,37,1040,5807,1080,112,112
msg,0,38,946,6247,1098,112,112
msg,0,39,949,5664,1096,112,112
msg,0,40,943,7595,1095,112,112
msg,0,41,916,6549,1087,112,112
msg,0,42,941,6726,1084,112,112
msg,0,43,940,31143,1093,112,112
msg,0,44,943,5969,1066,112,112
msg,0,45,945,6400,1096,112,112
msg,0,46,941,5665,1083,112,112
msg,0,47,918,5963,1095,112,112
msg,0,48,1102,5529,1098,112,112
msg,0,49,940,6870,1098,112,112
msg,0,50,941,5496,1095,112,112
msg,0,51,913,6828,1089,112,112
msg,0,52,941,32349,1087,112,112
msg,0,53,941,5676,1089,112,112
msg,0,54,942,6261,1101,112,112
msg,0,55,941,5590,1092,112,112
msg,0,56,914,7027,1088,112,112
msg,0,57,944,6038,1079,112,112
msg,0,58,956,6379,1087,112,112
msg,0,59,940,7130,1089,112,112
msg,0,60,947,5985,1088,112,112
msg,0,61,944,6306,1063,112,112
msg,0,62,941,18338,1089,112,112
msg,0,63,937,5816,1089,112,112
msg,0,64,911,18829,1093,112,112
msg,0,65,935,5925,1098,112,112
msg,0,66,956,5752,1095,112,112
msg,0,67,938,5590,1091,112,112
msg,0,68,1521,5631,1080,112,112
msg,0,69,939,9074,1093,112,112
msg,0,70,1039,34824,1091,112,112
msg,0,71,947,6474,1085,112,112
msg,0,72,940,5506,1082,112,112
msg,0,73,942,5487,1190,112,112
msg,0,74,1042,5475,1088,112,112
msg,0,75,944,5447,1091,112,112
msg,0,76,946,5728,1090,112,112
msg,0,77,944,5608,1088,112,112
msg,0,78,950,7241,1198,112,112
msg,0,79,943,34341,1089,112,112
msg,0,80,940,5576,1088,112,112
msg,0,81,940,8132,1088,112,112
msg,0,82,942,5613,1092,112,112
msg,0,83,935,6054,1071,112,112
msg,0,84,939,5790,1161,112,112
msg,0,85,940,8104,1086,112,112
msg,0,86,943,9310,1069,112,112
msg,0,87,949,31943,1088,112,112
msg,0,88,952,6009,1084,112,112
msg,0,89,941,6886,1087,112,112
msg,0,90,945,5624,1089,112,112
msg,0,91,945,5805,1091,112,112
msg,0,92,941,5457,1079,112,112
msg,0,93,941,5555,1065,112,112
msg,0,94,937,7632,1080,112,112
msg,0,95,944,7720,1088,112,112
msg,0,96,940,35446,1090,112,112
msg,0,97,941,5916,1091,112,112
msg,0,98,910,5732,1095,112,112
msg,0,99,1084,5586,1095,112,112
msg,0,100,916,5673,1090,112,112
msg,0,101,939,8074,1096,112,112
msg,0,102,940,5607,1086,112,112
msg,0,103,936,7682,1095,112,112
msg,0,104,936,35046,1156,112,112
msg,0,105,934,6090,1095,112,112
msg,0,106,938,6600,1088,112,112
msg,0,107,951,5738,1090,112,112
msg,0,108,955,5739,1082,112,112
msg,0,109,940,6103,1092,112,112
msg,0,110,938,7223,1068,112,112
msg,0,111,948,5729,1068,112,112
msg,0,112,948,7580,1093,112,112
msg,0,113,937,32928,1061,112,112
msg,0,114,948,6366,1092,112,112
msg,0,115,948,6077,1097,112,112
msg,0,116,947,5683,1087,112,112
msg,0,117,952,5649,1088,112,112
msg,0,118,946,5684,1096,112,112
msg,0,119,942,6667,1099,112,112
msg,0,120,917,7159,1068,112,112
msg,0,121,941,5962,1087,112,112
msg,0,122,941,32772,1087,112,112
msg,0,123,941,6125,1094,112,112
msg,0,124,906,5647,1084,112,112
msg,0,125,954,5464,1084,112,112
msg,0,126,942,5787,1185,112,112
msg,0,127,948,5470,1068,112,112
msg,0,128,945,6902,1082,112,112
msg,0,129,945,5823,1084,112,112
msg,0,130,945,7408,1100,112,112
msg,0,131,935,35279,1084,112,112
msg,0,132,946,5503,1248,112,112
msg,0,133,942,5618,1086,112,112
msg,0,134,942,5560,1071,112,112
msg,0,135,944,6549,1091,112,112
msg,0,136,936,5963,1067,112,112
msg,0,137,948,5602,1087,112,112
msg,0,138,947,6725,1094,112,112
msg,0,139,932,6283,1093,112,112
msg,0,140,1040,31790,1089,112,112
msg,0,141,946,6137,1103,112,112
msg,0,142,955,5751,1094,112,112
msg,0,143,937,5450,1087,112,112
msg,0,144,917,6210,1071,112,112
msg,0,145,944,5452,1089,112,112
msg,0,146,940,6178,1084,112,112
msg,0,147,941,5634,1061,112,112
msg,0,148,938,7860,1170,112,112
msg,0,149,938,36323,1085,112,112
msg,0,150,1109,8213,1086,112,112
msg,0,151,952,5533,1084,112,112
msg,0,152,952,6564,1069,112,112
msg,0,153,947,5370,1091,112,112
msg,0,154,916,5555,1086,112,112
msg,0,155,944,5789,1088,112,112
msg,0,156,941,9758,1084,112,112
msg,0,157,940,35329,1075,112,112
msg,0,158,1108,6250,1090,112,112
msg,0,159,942,5737,1092,112,112
msg,0,160,951,5479,1086,112,112
msg,0,161,941,7533,1080,112,112
msg,0,162,943,6746,1083,112,112
msg,0,163,942,5430,1105,112,112
msg,0,164,949,10298,1087,112,112
msg,0,165,938,31920,1094,112,112
msg,0,166,911,5881,1094,112,112
msg,0,167,936,7027,1067,112,112
msg,0,168,942,5498,1092,112,112
msg,0,169,946,6148,1077,112,112
msg,0,170,941,6175,1091,112,112
msg,0,171,1050,7523,1269,112,112
msg,0,172,914,7424,1087,112,112
msg,0,173,939,7268,1617,112,112
msg,0,174,956,31199,1090,112,112
msg,0,175,944,5627,1094,112,112
msg,0,176,939,5793,1085,112,112
msg,0,177,946,5741,1094,112,112
msg,0,178,940,5581,1091,112,112
msg,0,179,915,5486,1084,112,112
msg,0,180,943,6678,1081,112,112
msg,0,181,941,5700,1088,112,112
msg,0,182,1049,6814,1081,112,112
msg,0,183,938,31275,1093,112,112
msg,0,184,948,5427,1093,112,112
msg,0,185,937,6761,1090,112,112
msg,0,186,938,6162,1056,112,112
msg,0,187,958,6061,1084,112,112
msg,0,188,940,6494,1069,112,112
msg,0,189,958,7207,1089,112,112
msg,0,190,938,6679,1089,112,112
msg,0,191,937,7754,1092,112,112
msg,0,192,944,31933,1097,112,112
msg,0,193,942,5435,1089,112,112
msg,0,194,944,5494,1063,112,112
msg,0,195,942,5422,1093,112,112
msg,0,196,913,6579,1181,112,112
msg,0,197,948,5744,1089,112,112
msg,0,198,948,16476,1085,112,112
msg,0,199,943,5881,1087,112,112
whole,0,7145.345,9457.424,200
1,4.6200,7083.4700,42.2520,7130.3420,1391,4892,45,568,2,12,3,18,90336,66239.0,71256.0,6856321.0,0.0,2,2,2,0
msg,1,0,1093,5938,1085,112,112
msg,1,1,948,6139,1192,112,112
msg,1,2,937,6112,1083,112,112
msg,1,3,941,6195,1096,112,112
msg,1,4,940,5728,1093,112,112
msg,1,5,941,6545,1080,112,112
msg,1,6,941,5863,1089,112,112
msg,1,7,944,7557,1085,112,112
msg,1,8,944,34665,1077,112,112
msg,1,9,946,5816,1080,112,112
msg,1,10,944,5638,1068,112,112
msg,1,11,938,5578,1092,112,112
msg,1,12,943,5432,1090,112,112
msg,1,13,943,5554,1084,112,112
msg,1,14,945,5734,1085,112,112
msg,1,15,943,5472,1067,112,112
msg,1,16,947,7783,1072,112,112
msg,1,17,943,34543,1098,112,112
msg,1,18,948,6101,1085,112,112
msg,1,19,954,5792,1233,112,112
msg,1,20,937,6111,1087,112,112
msg,1,21,938,5686,1087,112,112
msg,1,22,944,8786,1093,112,112
msg,1,23,943,5594,1089,112,112
msg,1,24,911,11694,1100,112,112
msg,1,25,939,33100,1103,112,112
msg,1,26,934,6116,1080,112,112
msg,1,27,938,5818,1084,112,112
msg,1,28,948,5702,1083,112,112
msg,1,29,937,5696,1090,112,112
msg,1,30,939,9158,1091,112,112
msg,1,31,914,5854,1091,112,112
msg,1,32,954,6693,1095,112,112
msg,1,33,948,6949,1095,112,112
msg,1,34,938,31100,1086,112,112
msg,1,35,933,5919,1089,112,112
msg,1,36,944,6721,1085,112,112
msg,1,37,941,5589,1084,112,112
msg,1,38,936,5775,1089,112,112
msg,1,39,938,8085,1095,112,112
msg,1,40,938,5803,1199,112,112
msg,1,41,941,10191,1085,112,112
msg,1,42,942,31690,1077,112,112
msg,1,43,940,5669,1072,112,112
msg,1,44,948,6493,1092,112,112
msg,1,45,946,5592,1095,112,112
msg,1,46,915,5484,1184,112,112
msg,1,47,939,5777,1089,112,112
msg,1,48,947,8535,1084,112,112
msg,1,49,1045,5459,1068,112,112
msg,1,50,946,7257,1089,112,112
msg,1,51,945,33364,1083,112,112
msg,1,52,945,5482,1112,112,112
msg,1,53,962,7746,1072,112,112
msg,1,54,942,6700,1066,112,112
msg,1,55,1043,5453,1088,112,112
msg,1,56,938,5523,1092,112,112
msg,1,57,944,5629,1085,112,112
msg,1,58,940,7436,1082,112,112
msg,1,59,939,5460,1087,112,112
msg,1,60,1044,29493,1092,112,112
msg,1,61,942,5536,1094,112,112
msg,1,62,920,7255,1076,112,112
msg,1,63,940,5904,1088,112,112
msg,1,64,946,5867,1087,112,112
msg,1,65,948,5760,1090,112,112
msg,1,66,946,7679,1187,112,112
msg,1,67,953,5858,1092,112,112
msg,1,68,948,7419,1088,112,112
msg,1,69,950,33364,1088,112,112
msg,1,70,943,7237,1089,112,112
msg,1,71,936,5921,1088,112,112
msg,1,72,941,5535,1086,112,112
msg,1,73,942,5423,1099,112,112
msg,1,74,940,7106,1083,112,112
msg,1,75,1032,7767,1089,112,112
msg,1,76,947,10386,1067,112,112
msg,1,77,942,32932,1076,112,112
msg,1,78,945,5773,1087,112,112
msg,1,79,950,7437,1099,112,112
msg,1,80,943,6044,1075,112,112
msg,1,81,940,5721,1078,112,112
msg,1,82,941,5493,1083,112,112
msg,1,83,941,8004,1069,112,112
msg,1,84,939,7034,1092,112,112
msg,1,85,942,5967,1099,112,112
msg,1,86,944,29167,1080,112,112
msg,1,87,1112,6483,1074,112,112
msg,1,88,944,6492,1092,112,112
msg,1,89,937,8229,1089,112,112
msg,1,90,946,5615,1071,112,112
msg,1,91,957,8363,1096,112,112
msg,1,92,936,5528,1091,112,112
msg,1,93,940,5924,1084,112,112
msg,1,94,914,5561,1091,112,112
msg,1,95,934,29208,1092,112,112
msg,1,96,938,6282,1087,112,112
msg,1,97,948,5996,1097,112,112
msg,1,98,943,15426,1083,112,112
msg,1,99,941,6774,1092,112,112
msg,1,100,941,5794,1088,112,112
msg,1,101,950,5546,1186,112,112
msg,1,102,944,8004,1094,112,112
msg,1,103,948,31486,1090,112,112
msg,1,104,946,6930,1090,112,112
msg,1,105,938,5815,1089,112,112
msg,1,106,1490,6135,1089,112,112
msg,1,107,945,9844,1094,112,112
msg,1,108,1034,5906,1090,112,112
msg,1,109,950,5424,1094,112,112
msg,1,110,945,10696,1088,112,112
msg,1,111,958,31142,1088,112,112
msg,1,112,950,6215,1087,112,112
msg,1,113,941,7556,1081,112,112
msg,1,114,945,5957,1088,112,112
msg,1,115,939,6923,1091,112,112
msg,1,116,946,5905,1095,112,112
msg,1,117,936,6052,1068,112,112
msg,1,118,939,13011,1083,112,112
msg,1,119,947,9353,1087,112,112
msg,1,120,934,26367,1089,112,112
msg,1,121,941,6314,1058,112,112
msg,1,122,942,6316,1095,112,112
msg,1,123,949,5780,1087,112,112
msg,1,124,1041,5543,1088,112,112
msg,1,125,939,6488,1082,112,112
msg,1,126,944,5752,1078,112,112
msg,1,127,943,6400,1089,112,112
msg,1,128,1469,7249,1102,112,112
msg,1,129,942,28004,1087,112,112
msg,1,130,953,5745,1183,112,112
msg,1,131,944,5825,1089,112,112
msg,1,132,940,5650,1087,112,112
msg,1,133,945,5452,1096,112,112
msg,1,134,947,5580,1088,112,112
msg,1,135,937,7508,1090,112,112
msg,1,136,944,5756,1082,112,112
msg,1,137,940,6654,1094,112,112
msg,1,138,1041,32508,1086,112,112
msg,1,139,958,5644,1090,112,112
msg,1,140,940,6315,1092,112,112
msg,1,141,944,5415,1095,112,112
msg,1,142,1045,12548,1090,112,112
msg,1,143,940,6084,1096,112,112
msg,1,144,937,5488,1089,112,112
msg,1,145,943,11866,1093,112,112
msg,1,146,941,29046,1107,112,112
msg,1,147,960,5872,1598,112,112
msg,1,148,956,6256,1061,112,112
msg,1,149,939,5714,1066,112,112
msg,1,150,943,5416,1095,112,112
msg,1,151,912,6161,1069,112,112
msg,1,152,940,5719,1160,112,112
msg,1,153,940,11295,1092,112,112
msg,1,154,910,7863,1089,112,112
msg,1,155,939,31611,1095,112,112
msg,1,156,913,5879,1091,112,112
msg,1,157,936,5562,1092,112,112
msg,1,158,1054,5765,1095,112,112
msg,1,159,938,5432,1090,112,112
msg,1,160,943,6360,1062,112,112
msg,1,161,942,6713,1094,112,112
msg,1,162,942,5912,1157,112,112
msg,1,163,941,6088,1091,112,112
msg,1,164,936,34020,1091,112,112
msg,1,165,938,6742,1088,112,112
msg,1,166,942,5441,1087,112,112
msg,1,167,938,6119,1089,112,112
msg,1,168,944,5471,1090,112,112
msg,1,169,936,9749,1081,112,112
msg,1,170,938,8089,1099,112,112
msg,1,171,947,7297,1089,112,112
msg,1,172,944,34531,1079,112,112
msg,1,173,938,5505,1064,112,112
msg,1,174,950,6208,1083,112,112
msg,1,175,941,7610,1082,112,112
msg,1,176,951,5800,1173,112,112
msg,1,177,942,8088,1087,112,112
msg,1,178,954,6446,1184,112,112
msg,1,179,941,9931,1095,112,112
msg,1,180,940,54212,1088,112,112
msg,1,181,953,5504,1069,112,112
msg,1,182,950,5968,1083,112,112
msg,1,183,937,6352,1095,112,112
msg,1,184,941,6400,1084,112,112
msg,1,185,943,10374,1067,112,112
msg,1,186,943,35243,1087,112,112
msg,1,187,944,6131,1099,112,112
msg,1,188,943,8168,1086,112,112
msg,1,189,945,5659,1079,112,112
msg,1,190,944,6665,1077,112,112
msg,1,191,943,6661,1061,112,112
msg,1,192,938,8177,1086,112,112
msg,1,193,940,7252,1101,112,112
msg,1,194,940,31529,1093,112,112
msg,1,195,946,5632,1095,112,112
msg,1,196,1032,6152,1083,112,112
msg,1,197,942,6224,1092,112,112
msg,1,198,915,5804,1090,112,112
msg,1,199,918,5645,1091,112,112
whole,1,7169.950,9557.897,200
2,9.4110,7062.4430,150.4590,7222.3130,1391,4892,45,568,2,12,3,18,90336,66512.0,71066.0,6848767.0,0.0,2,2,2,0
msg,2,0,1085,6398,1089,112,112
msg,2,1,1037,6591,1087,112,112
msg,2,2,945,6095,1086,112,112
msg,2,3,943,8653,1089,112,112
msg,2,4,944,6108,1088,112,112
msg,2,5,944,10946,1092,112,112
msg,2,6,940,34039,1092,112,112
msg,2,7,925,5845,1094,112,112
msg,2,8,941,7633,1088,112,112
msg,2,9,942,6543,1090,112,112
msg,2,10,947,5731,1088,112,112
msg,2,11,945,7915,1085,112,112
msg,2,12,953,7637,1087,112,112
msg,2,13,942,9543,1086,112,112
msg,2,14,947,32729,1087,112,112
msg,2,15,947,5474,1088,112,112
msg,2,16,941,5454,1092,112,112
msg,2,17,911,5505,1086,112,112
msg,2,18,934,6818,1088,112,112
msg,2,19,944,6889,1091,112,112
msg,2,20,915,6135,1065,112,112
msg,2,21,945,13514,1092,112,112
msg,2,22,941,31489,1099,112,112
msg,2,23,938,5758,1095,112,112
msg,2,24,943,6784,1096,112,112
msg,2,25,940,5602,1089,112,112
msg,2,26,939,6341,1158,112,112
msg,2,27,944,6911,1080,112,112
msg,2,28,940,6782,1085,112,112
msg,2,29,941,5644,1074,112,112
msg,2,30,939,8056,1092,112,112
msg,2,31,944,30360,1067,112,112
msg,2,32,945,5629,1108,112,112
msg,2,33,945,6395,1095,112,112
msg,2,34,932,5451,1080,112,112
msg,2,35,940,5614,1076,112,112
msg,2,36,945,5759,1080,112,112
msg,2,37,951,5532,1094,112,112
msg,2,38,946,7689,1083,112,112
msg,2,39,937,8926,1066,112,112
msg,2,40,1054,34230,1089,112,112
msg,2,41,941,5492,1096,112,112
msg,2,42,953,5848,1084,112,112
msg,2,43,953,6076,1195,112,112
msg,2,44,947,5484,1094,112,112
msg,2,45,944,5447,1083,112,112
msg,2,46,936,6117,1099,112,112
msg,2,47,911,5602,1086,112,112
msg,2,48,940,7564,1086,112,112
msg,2,49,952,31270,1089,112,112
msg,2,50,942,6158,1089,112,112
msg,2,51,946,6546,1073,112,112
msg,2,52,935,5452,1092,112,112
msg,2,53,938,6089,1069,112,112
msg,2,54,945,5899,1085,112,112
msg,2,55,936,9081,1088,112,112
msg,2,56,945,6403,1087,112,112
msg,2,57,948,5580,1059,112,112
msg,2,58,1033,32539,1197,112,112
msg,2,59,945,5990,1085,112,112
msg,2,60,948,5713,1080,112,112
msg,2,61,951,7441,1096,112,112
msg,2,62,941,5470,1088,112,112
msg,2,63,940,7109,1102,112,112
msg,2,64,939,5572,1096,112,112
msg,2,65,941,6360,1189,112,112
msg,2,66,944,7140,1093,112,112
msg,2,67,960,31381,1092,112,112
msg,2,68,943,6988,1095,112,112
msg,2,69,950,6129,1075,112,112
msg,2,70,938,6095,1258,112,112
msg,2,71,912,5905,1088,112,112
msg,2,72,938,8288,1091,112,112
msg,2,73,948,7343,1075,112,112
msg,2,74,941,8853,1080,112,112
msg,2,75,945,35189,1090,112,112
msg,2,76,937,7076,1097,112,112
msg,2,77,943,11465,1093,112,112
msg,2,78,914,5840,1098,112,112
msg,2,79,940,6011,1065,112,112
msg,2,80,942,5626,1087,112,112
msg,2,81,940,5691,1085,112,112
msg,2,82,940,6577,1098,112,112
msg,2,83,910,32473,1090,112,112
msg,2,84,943,5613,1074,112,112
msg,2,85,952,6651,1071,112,112
msg,2,86,941,6593,1099,112,112
msg,2,87,941,5470,1091,112,112
msg,2,88,1031,5878,1103,112,112
msg,2,89,949,7086,1090,112,112
msg,2,90,943,7673,1079,112,112
msg,2,91,947,5757,1082,112,112
msg,2,92,940,33763,1082,112,112
msg,2,93,946,6987,1093,112,112
msg,2,94,942,5685,1089,112,112
msg,2,95,941,5939,1088,112,112
msg,2,96,955,5441,1085,112,112
msg,2,97,950,5631,1073,112,112
msg,2,98,947,5388,1095,112,112
msg,2,99,940,7584,1094,112,112
msg,2,100,954,5527,1088,112,112
msg,2,101,944,34438,1062,112,112
msg,2,102,949,6439,1092,112,112
msg,2,103,942,5532,1094,112,112
msg,2,104,941,5871,1091,112,112
msg,2,105,1042,5584,1087,112,112
msg,2,106,936,8481,1079,112,112
msg,2,107,943,5600,1086,112,112
msg,2,108,951,10642,1065,112,112
msg,2,109,1106,35357,1090,112,112
msg,2,110,938,5531,1093,112,112
msg,2,111,937,5505,1085,112,112
msg,2,112,942,5581,1079,112,112
msg,2,113,938,5631,1068,112,112
msg,2,114,1046,5511,1618,112,112
msg,2,115,961,6397,1072,112,112
msg,2,116,941,5767,1073,112,112
msg,2,117,944,6250,1091,112,112
msg,2,118,944,34459,1083,112,112
msg,2,119,940,5918,1087,112,112
msg,2,120,940,6629,1083,112,112
msg,2,121,942,6222,1092,112,112
msg,2,122,940,5632,1094,112,112
msg,2,123,919,8676,1086,112,112
msg,2,124,937,5712,1083,112,112
msg,2,125,948,10847,1090,112,112
msg,2,126,914,34829,1077,112,112
msg,2,127,908,7601,1093,112,112
msg,2,128,945,5577,1087,112,112
msg,2,129,1042,5746,1090,112,112
msg,2,130,948,5469,1081,112,112
msg,2,131,937,5952,1087,112,112
msg,2,132,941,5688,1080,112,112
msg,2,133,936,5855,1085,112,112
msg,2,134,1111,5865,1089,112,112
msg,2,135,912,33981,1089,112,112
msg,2,136,954,7967,1072,112,112
msg,2,137,947,8485,1090,112,112
msg,2,138,940,6491,1088,112,112
msg,2,139,941,8498,1084,112,112
msg,2,140,940,5706,1088,112,112
msg,2,141,940,7509,1067,112,112
msg,2,142,945,6396,1094,112,112
msg,2,143,907,28938,1090,112,112
msg,2,144,947,6292,1084,112,112
msg,2,145,943,6844,1089,112,112
msg,2,146,1044,7912,1091,112,112
msg,2,147,938,5508,1089,112,112
msg,2,148,938,5664,1087,112,112
msg,2,149,943,5703,1088,112,112
msg,2,150,942,11710,1088,112,112
msg,2,151,947,5487,1062,112,112
msg,2,152,940,37797,1067,112,112
msg,2,153,942,7254,1087,112,112
msg,2,154,937,6906,1098,112,112
msg,2,155,954,10127,1079,112,112
msg,2,156,941,7812,1179,112,112
msg,2,157,953,6853,1089,112,112
msg,2,158,947,5842,1089,112,112
msg,2,159,948,30513,1080,112,112
msg,2,160,933,5893,1091,112,112
msg,2,161,943,6718,1082,112,112
msg,2,162,940,5410,1106,112,112
msg,2,163,940,5504,1100,112,112
msg,2,164,1038,6025,1065,112,112
msg,2,165,941,8032,1084,112,112
msg,2,166,951,6785,1085,112,112
msg,2,167,949,6459,1073,112,112
msg,2,168,944,40467,1086,112,112
msg,2,169,1038,6026,1080,112,112
msg,2,170,941,5915,1083,112,112
msg,2,171,943,5623,1086,112,112
msg,2,172,939,5634,1068,112,112
msg,2,173,939,5478,1096,112,112
msg,2,174,1106,5657,1093,112,112
msg,2,175,946,8914,1066,112,112
msg,2,176,1046,31520,1105,112,112
msg,2,177,941,6042,1083,112,112
msg,2,178,939,6267,1092,112,112
msg,2,179,956,5874,1090,112,112
msg,2,180,940,6668,1203,112,112
msg,2,181,936,6043,1085,112,112
msg,2,182,952,5620,1071,112,112
msg,2,183,949,5988,1087,112,112
msg,2,184,949,8244,1095,112,112
msg,2,185,940,34652,1090,112,112
msg,2,186,1029,5699,1090,112,112
msg,2,187,939,5709,1096,112,112
msg,2,188,939,10598,1091,112,112
msg,2,189,949,6469,1083,112,112
msg,2,190,947,11946,1087,112,112
msg,2,191,945,8047,1077,112,112
msg,2,192,949,9348,1087,112,112
msg,2,193,935,23128,1094,112,112
msg,2,194,935,5450,1086,112,112
msg,2,195,955,7990,1636,112,112
msg,2,196,949,6734,1081,112,112
msg,2,197,939,5416,1091,112,112
msg,2,198,943,5964,1072,112,112
msg,2,199,939,6333,1096,112,112
whole,2,7238.760,9629.549,200
#heap 23466
#stack 16048
#end
#block pipeline TLS lorawan11_256 down
#aead AES-256-CTR+2xCMAC (LoRaWAN 1.1 frame, 256-bit keys) (BearSSL (arduino-pico)), downlink, 51 B payload + 13 B overhead
#lib wolfSSL 5.9.4
iter,tcp_ms,tls_ms,mqtt_ms,total_ms,hs_tx_B,hs_rx_B,mqtt_tx_B,mqtt_rx_B,hs_writes,hs_reads,writes,reads,free_heap_B,hs_keygen_us,hs_derive_us,hs_verify_us,hs_sign_us,hs_keygen_n,hs_derive_n,hs_verify_n,hs_sign_n
msg,iter,idx,seal_us,rtt_us,open_us,tx_B,rx_B
whole,iter,first_ms,all_ms,msgs
#suite TLS13-AES256-GCM-SHA384
0,6.6930,7073.6880,137.9920,7218.3730,1391,4892,45,568,2,12,3,18,90336,66413.0,71388.0,6856167.0,0.0,2,2,2,0
msg,0,0,743,6127,730,112,112
msg,0,1,555,6676,832,112,112
msg,0,2,591,6805,695,112,112
msg,0,3,562,6043,736,112,112
msg,0,4,588,9552,730,112,112
msg,0,5,590,7810,692,112,112
msg,0,6,561,8054,737,112,112
msg,0,7,585,9218,731,112,112
msg,0,8,554,20021,732,112,112
msg,0,9,591,5523,732,112,112
msg,0,10,598,7206,733,112,112
msg,0,11,583,5463,735,112,112
msg,0,12,587,5917,700,112,112
msg,0,13,561,6154,728,112,112
msg,0,14,583,6500,728,112,112
msg,0,15,588,7011,882,112,112
msg,0,16,586,6484,730,112,112
msg,0,17,588,6430,734,112,112
msg,0,18,580,31138,698,112,112
msg,0,19,561,6100,727,112,112
msg,0,20,583,5829,726,112,112
msg,0,21,566,5699,735,112,112
msg,0,22,584,6588,731,112,112
msg,0,23,585,6462,731,112,112
msg,0,24,584,5944,695,112,112
msg,0,25,559,5889,726,112,112
msg,0,26,586,16186,825,112,112
msg,0,27,555,32487,729,112,112
msg,0,28,554,6284,692,112,112
msg,0,29,566,8680,696,112,112
msg,0,30,561,5526,735,112,112
msg,0,31,657,5894,732,112,112
msg,0,32,582,5798,695,112,112
msg,0,33,560,6302,732,112,112
msg,0,34,589,8098,732,112,112
msg,0,35,587,8653,737,112,112
msg,0,36,585,35017,731,112,112
msg,0,37,554,10725,731,112,112
msg,0,38,585,5967,691,112,112
msg,0,39,627,6029,697,112,112
msg,0,40,560,9451,697,112,112
msg,0,41,555,6469,698,112,112
msg,0,42,563,7110,732,112,112
msg,0,43,581,9192,734,112,112
msg,0,44,554,32817,732,112,112
msg,0,45,588,6096,732,112,112
msg,0,46,557,5674,727,112,112
msg,0,47,584,5851,725,112,112
msg,0,48,592,5668,698,112,112
msg,0,49,556,5807,732,112,112
msg,0,50,555,6927,731,112,112
msg,0,51,587,7629,691,112,112
msg,0,52,585,9145,731,112,112
msg,0,53,583,32383,732,112,112
msg,0,54,588,6029,699,112,112
msg,0,55,570,7832,729,112,112
msg,0,56,585,5997,694,112,112
msg,0,57,586,6250,734,112,112
msg,0,58,584,7453,893,112,112
msg,0,59,592,6624,693,112,112
msg,0,60,555,7356,729,112,112
msg,0,61,597,9941,726,112,112
msg,0,62,640,63718,697,112,112
msg,0,63,557,10943,736,112,112
msg,0,64,591,6348,727,112,112
msg,0,65,588,7065,698,112,112
msg,0,66,559,6935,732,112,112
msg,0,67,594,11468,726,112,112
msg,0,68,598,28057,694,112,112
msg,0,69,562,5609,727,112,112
msg,0,70,561,5933,732,112,112
msg,0,71,588,6247,733,112,112
msg,0,72,584,5824,731,112,112
msg,0,73,590,6776,693,112,112
msg,0,74,560,6571,727,112,112
msg,0,75,557,10546,722,112,112
msg,0,76,553,30647,732,112,112
msg,0,77,584,5543,737,112,112
msg,0,78,584,6240,727,112,112
msg,0,79,560,5679,733,112,112
msg,0,80,582,5419,739,112,112
msg,0,81,587,5467,733,112,112
msg,0,82,588,5539,732,112,112
msg,0,83,583,7289,728,112,112
msg,0,84,555,5532,728,112,112
msg,0,85,585,10454,730,112,112
msg,0,86,559,34995,735,112,112
msg,0,87,583,7126,737,112,112
msg,0,88,590,5854,698,112,112
msg,0,89,586,5432,731,112,112
msg,0,90,588,5631,699,112,112
msg,0,91,555,6427,696,112,112
msg,0,92,558,6902,827,112,112
msg,0,93,587,8706,734,112,112
msg,0,94,582,7076,733,112,112
msg,0,95,689,30347,731,112,112
msg,0,96,562,7353,828,112,112
msg,0,97,558,7068,731,112,112
msg,0,98,584,6061,730,112,112
msg,0,99,588,6878,733,112,112
msg,0,100,590,5701,695,112,112
msg,0,101,560,6330,785,112,112
msg,0,102,561,6700,724,112,112
msg,0,103,1175,11255,740,112,112
msg,0,104,589,35041,694,112,112
msg,0,105,560,6119,730,112,112
msg,0,106,591,5518,726,112,112
msg,0,107,586,7258,739,112,112
msg,0,108,586,6150,731,112,112
msg,0,109,588,16595,733,112,112
msg,0,110,586,5808,725,112,112
msg,0,111,589,9063,729,112,112
msg,0,112,587,35241,731,112,112
msg,0,113,555,7867,731,112,112
msg,0,114,586,7509,743,112,112
msg,0,115,587,5802,696,112,112
msg,0,116,552,38489,692,112,112
msg,0,117,716,44446,693,112,112
msg,0,118,557,5999,732,112,112
msg,0,119,598,5754,730,112,112
msg,0,120,583,7585,696,112,112
msg,0,121,561,6535,690,112,112
msg,0,122,563,5954,740,112,112
msg,0,123,583,8469,730,112,112
msg,0,124,593,35617,738,112,112
msg,0,125,580,6581,735,112,112
msg,0,126,589,5928,728,112,112
msg,0,127,558,6141,732,112,112
msg,0,128,593,6073,732,112,112
msg,0,129,581,5833,829,112,112
msg,0,130,559,7927,730,112,112
msg,0,131,586,6256,721,112,112
msg,0,132,559,10302,694,112,112
msg,0,133,562,32876,733,112,112
msg,0,134,589,6025,693,112,112
msg,0,135,589,5763,696,112,112
msg,0,136,558,6438,696,112,112
msg,0,137,556,5715,726,112,112
msg,0,138,553,5671,736,112,112
msg,0,139,587,5462,729,112,112
msg,0,140,1149,5687,735,112,112
msg,0,141,559,5470,727,112,112
msg,0,142,560,7745,735,112,112
msg,0,143,591,32069,696,112,112
msg,0,144,563,7096,736,112,112
msg,0,145,588,5802,693,112,112
msg,0,146,563,5747,735,112,112
msg,0,147,586,5459,732,112,112
msg,0,148,582,5516,727,112,112
msg,0,149,596,8339,727,112,112
msg,0,150,556,6369,692,112,112
msg,0,151,560,10855,736,112,112
msg,0,152,588,8950,695,112,112
msg,0,153,562,24300,734,112,112
msg,0,154,592,6058,729,112,112
msg,0,155,582,5821,733,112,112
msg,0,156,589,6672,693,112,112
msg,0,157,558,5770,723,112,112
msg,0,158,554,5647,728,112,112
msg,0,159,582,7462,725,112,112
msg,0,160,586,5442,728,112,112
msg,0,161,556,5572,735,112,112
msg,0,162,585,5985,693,112,112
msg,0,163,560,34113,734,112,112
msg,0,164,594,5746,715,112,112
msg,0,165,593,10705,695,112,112
msg,0,166,551,6404,693,112,112
msg,0,167,561,5731,727,112,112
msg,0,168,561,11211,697,112,112
msg,0,169,601,7947,731,112,112
msg,0,170,589,6805,735,112,112
msg,0,171,599,35910,725,112,112
msg,0,172,555,6640,730,112,112
msg,0,173,591,6546,738,112,112
msg,0,174,580,6461,735,112,112
msg,0,175,591,5818,730,112,112
msg,0,176,596,5759,695,112,112
msg,0,177,555,6475,699,112,112
msg,0,178,555,6254,731,112,112
msg,0,179,588,8368,738,112,112
msg,0,180,587,8030,728,112,112
msg,0,181,552,20561,734,112,112
msg,0,182,596,6389,729,112,112
msg,0,183,552,5901,740,112,112
msg,0,184,593,5730,692,112,112
msg,0,185,569,5604,697,112,112
msg,0,186,562,5967,735,112,112
msg,0,187,588,5807,694,112,112
msg,0,188,592,6358,733,112,112
msg,0,189,580,6912,726,112,112
msg,0,190,552,8588,729,112,112
msg,0,191,550,32826,739,112,112
msg,0,192,601,5611,700,112,112
msg,0,193,560,5786,728,112,112
msg,0,194,558,5845,735,112,112
msg,0,195,597,5516,738,112,112
msg,0,196,577,6171,735,112,112
msg,0,197,588,7448,727,112,112
msg,0,198,586,7306,692,112,112
msg,0,199,563,10757,736,112,112
whole,0,7233.422,9541.873,200
1,5.5050,7083.3000,13.1390,7101.9440,1391,4892,45,568,2,12,3,18,90336,66275.0,71098.0,6851664.0,0.0,2,2,2,0
msg,1,0,704,7923,736,112,112
msg,1,1,584,8199,731,112,112
msg,1,2,591,6081,698,112,112
msg,1,3,557,34784,728,112,112
msg,1,4,557,5902,730,112,112
msg,1,5,584,6110,726,112,112
msg,1,6,549,5914,738,112,112
msg,1,7,585,6365,735,112,112
msg,1,8,584,6831,695,112,112
msg,1,9,558,7128,737,112,112
msg,1,10,680,6915,695,112,112
msg,1,11,559,7419,695,112,112
msg,1,12,561,8344,697,112,112
msg,1,13,594,26016,732,112,112
msg,1,14,584,5863,732,112,112
msg,1,15,591,6697,693,112,112
msg,1,16,565,5917,731,112,112
msg,1,17,582,6948,696,112,112
msg,1,18,554,5897,729,112,112
msg,1,19,583,6795,728,112,112
msg,1,20,582,7286,734,112,112
msg,1,21,581,7948,696,112,112
msg,1,22,555,47657,698,112,112
msg,1,23,564,8326,696,112,112
msg,1,24,556,13532,695,112,112
msg,1,25,554,6058,737,112,112
msg,1,26,585,7161,729,112,112
msg,1,27,565,10378,690,112,112
msg,1,28,572,37486,698,112,112
msg,1,29,570,6404,698,112,112
msg,1,30,564,5908,727,112,112
msg,1,31,592,5814,728,112,112
msg,1,32,594,6915,738,112,112
msg,1,33,556,5974,826,112,112
msg,1,34,590,6067,733,112,112
msg,1,35,590,8241,728,112,112
msg,1,36,556,6074,730,112,112
msg,1,37,585,35104,731,112,112
msg,1,38,596,5728,733,112,112
msg,1,39,583,5917,731,112,112
msg,1,40,560,5770,732,112,112
msg,1,41,587,6273,735,112,112
msg,1,42,599,8167,696,112,112
msg,1,43,556,5839,733,112,112
msg,1,44,588,8763,738,112,112
msg,1,45,684,5954,726,112,112
msg,1,46,558,26480,726,112,112
msg,1,47,557,5583,736,112,112
msg,1,48,592,5430,738,112,112
msg,1,49,566,5899,732,112,112
msg,1,50,592,5443,732,112,112
msg,1,51,586,5479,735,112,112
msg,1,52,583,5374,730,112,112
msg,1,53,588,5422,736,112,112
msg,1,54,587,5487,740,112,112
msg,1,55,583,8347,731,112,112
msg,1,56,588,6516,737,112,112
msg,1,57,581,34468,738,112,112
msg,1,58,586,5527,740,112,112
msg,1,59,585,5870,693,112,112
msg,1,60,554,5904,733,112,112
msg,1,61,589,7459,733,112,112
msg,1,62,585,6197,726,112,112
msg,1,63,560,7153,732,112,112
msg,1,64,642,8619,731,112,112
msg,1,65,588,7234,732,112,112
msg,1,66,587,33609,737,112,112
msg,1,67,589,7042,694,112,112
msg,1,68,560,5973,735,112,112
msg,1,69,587,5720,732,112,112
msg,1,70,592,6314,738,112,112
msg,1,71,579,7555,692,112,112
msg,1,72,592,6086,733,112,112
msg,1,73,587,9286,733,112,112
msg,1,74,565,38510,726,112,112
msg,1,75,580,6648,737,112,112
msg,1,76,589,6253,729,112,112
msg,1,77,552,7280,693,112,112
msg,1,78,559,6057,738,112,112
msg,1,79,685,5860,698,112,112
msg,1,80,559,7262,697,112,112
msg,1,81,582,5552,692,112,112
msg,1,82,554,10992,726,112,112
msg,1,83,585,32606,735,112,112
msg,1,84,592,5871,695,112,112
msg,1,85,560,7030,734,112,112
msg,1,86,591,7092,691,112,112
msg,1,87,565,8118,718,112,112
msg,1,88,603,6215,736,112,112
msg,1,89,584,7117,697,112,112
msg,1,90,558,6911,735,112,112
msg,1,91,591,8420,739,112,112
msg,1,92,683,34572,733,112,112
msg,1,93,589,7799,700,112,112
msg,1,94,559,5744,729,112,112
msg,1,95,587,7874,730,112,112
msg,1,96,584,6201,727,112,112
msg,1,97,588,5690,730,112,112
msg,1,98,586,6048,731,112,112
msg,1,99,564,7404,728,112,112
msg,1,100,555,8515,724,112,112
msg,1,101,569,32756,735,112,112
msg,1,102,580,6185,727,112,112
msg,1,103,558,17034,730,112,112
msg,1,104,591,7666,694,112,112
msg,1,105,1155,6995,696,112,112
msg,1,106,570,7407,695,112,112
msg,1,107,562,47615,694,112,112
msg,1,108,556,5766,727,112,112
msg,1,109,557,6751,738,112,112
msg,1,110,583,6005,697,112,112
msg,1,111,552,7755,727,112,112
msg,1,112,594,7193,691,112,112
msg,1,113,554,5639,739,112,112
msg,1,114,552,8097,732,112,112
msg,1,115,597,6796,734,112,112
msg,1,116,570,32815,733,112,112
msg,1,117,593,5452,732,112,112
msg,1,118,585,6346,736,112,112
msg,1,119,589,5452,730,112,112
msg,1,120,584,6133,695,112,112
msg,1,121,563,5503,689,112,112
msg,1,122,560,7594,730,112,112
msg,1,123,563,6912,735,112,112
msg,1,124,587,10429,733,112,112
msg,1,125,589,8355,733,112,112
msg,1,126,586,11103,700,112,112
msg,1,127,558,5519,697,112,112
msg,1,128,555,5781,734,112,112
msg,1,129,586,5442,726,112,112
msg,1,130,593,6643,832,112,112
msg,1,131,585,6046,723,112,112
msg,1,132,554,6538,731,112,112
msg,1,133,552,6908,740,112,112
msg,1,134,588,7612,731,112,112
msg,1,135,593,7892,729,112,112
msg,1,136,554,7573,736,112,112
msg,1,137,584,37188,695,112,112
msg,1,138,563,5633,729,112,112
msg,1,139,551,7095,731,112,112
msg,1,140,586,6048,727,112,112
msg,1,141,587,5566,732,112,112
msg,1,142,590,5782,727,112,112
msg,1,143,580,6110,734,112,112
msg,1,144,584,6102,695,112,112
msg,1,145,554,6696,733,112,112
msg,1,146,562,31792,739,112,112
msg,1,147,589,5901,694,112,112
msg,1,148,559,7980,732,112,112
msg,1,149,588,6071,694,112,112
msg,1,150,559,5670,736,112,112
msg,1,151,585,5456,729,112,112
msg,1,152,587,8360,720,112,112
msg,1,153,556,6521,734,112,112
msg,1,154,548,5964,731,112,112
msg,1,155,593,5671,691,112,112
msg,1,156,555,33303,734,112,112
msg,1,157,593,5854,695,112,112
msg,1,158,560,5919,734,112,112
msg,1,159,589,5541,731,112,112
msg,1,160,590,5577,694,112,112
msg,1,161,580,5889,725,112,112
msg,1,162,557,6281,692,112,112
msg,1,163,551,6061,733,112,112
msg,1,164,590,6677,729,112,112
msg,1,165,586,5489,734,112,112
msg,1,166,566,24966,735,112,112
msg,1,167,591,5846,730,112,112
msg,1,168,582,5867,734,112,112
msg,1,169,557,5908,735,112,112
msg,1,170,578,6504,732,112,112
msg,1,171,584,5467,730,112,112
msg,1,172,585,6130,734,112,112
msg,1,173,585,7558,729,112,112
msg,1,174,583,5947,695,112,112
msg,1,175,663,10770,733,112,112
msg,1,176,594,35352,733,112,112
msg,1,177,554,5537,727,112,112
msg,1,178,567,6138,692,112,112
msg,1,179,588,5431,728,112,112
msg,1,180,689,5443,695,112,112
msg,1,181,557,5341,733,112,112
msg,1,182,590,6819,688,112,112
msg,1,183,559,5685,731,112,112
msg,1,184,551,5738,733,112,112
msg,1,185,591,6232,731,112,112
msg,1,186,554,32203,694,112,112
msg,1,187,563,5703,723,112,112
msg,1,188,551,6993,734,112,112
msg,1,189,596,6070,729,112,112
msg,1,190,585,7614,734,112,112
msg,1,191,595,6458,733,112,112
msg,1,192,589,7223,731,112,112
msg,1,193,559,8940,735,112,112
msg,1,194,589,7812,694,112,112
msg,1,195,555,33500,699,112,112
msg,1,196,572,5765,732,112,112
msg,1,197,580,6161,695,112,112
msg,1,198,559,5783,727,112,112
msg,1,199,556,6158,694,112,112
whole,1,7117.789,9352.468,200
2,6.4170,7077.5510,147.7870,7231.7550,1391,4892,45,568,2,12,3,18,90336,66423.0,71432.0,6863994.0,0.0,2,2,2,0
msg,2,0,744,8676,699,112,112
msg,2,1,562,6361,732,112,112
msg,2,2,592,6169,736,112,112
msg,2,3,587,6097,721,112,112
msg,2,4,559,6420,818,112,112
msg,2,5,571,6912,739,112,112
msg,2,6,590,7501,735,112,112
msg,2,7,588,32282,731,112,112
msg,2,8,583,5543,736,112,112
msg,2,9,751,6754,699,112,112
msg,2,10,568,5463,694,112,112
msg,2,11,558,5601,692,112,112
msg,2,12,552,5638,726,112,112
msg,2,13,562,6259,694,112,112
msg,2,14,558,5594,695,112,112
msg,2,15,557,6271,727,112,112
msg,2,16,595,7155,831,112,112
msg,2,17,585,35363,734,112,112
msg,2,18,588,6097,692,112,112
msg,2,19,559,5943,732,112,112
msg,2,20,589,5405,736,112,112
msg,2,21,582,5478,733,112,112
msg,2,22,584,5397,736,112,112
msg,2,23,590,9570,733,112,112
msg,2,24,583,7116,729,112,112
msg,2,25,591,7443,735,112,112
msg,2,26,594,38657,736,112,112
msg,2,27,586,21406,734,112,112
msg,2,28,588,5813,729,112,112
msg,2,29,580,5553,792,112,112
msg,2,30,557,6668,734,112,112
msg,2,31,569,5882,742,112,112
msg,2,32,585,8577,735,112,112
msg,2,33,592,34450,736,112,112
msg,2,34,593,6455,730,112,112
msg,2,35,580,5976,730,112,112
msg,2,36,657,5655,736,112,112
msg,2,37,585,6024,691,112,112
msg,2,38,563,6803,729,112,112
msg,2,39,557,5897,732,112,112
msg,2,40,572,8877,733,112,112
msg,2,41,592,6476,733,112,112
msg,2,42,586,8154,696,112,112
msg,2,43,558,20297,729,112,112
msg,2,44,594,5850,731,112,112
msg,2,45,563,5556,729,112,112
msg,2,46,552,5469,831,112,112
msg,2,47,588,5634,732,112,112
msg,2,48,596,5341,728,112,112
msg,2,49,586,5872,728,112,112
msg,2,50,591,8578,693,112,112
msg,2,51,562,6837,826,112,112
msg,2,52,595,7628,730,112,112
msg,2,53,586,34931,691,112,112
msg,2,54,563,6112,733,112,112
msg,2,55,579,6736,692,112,112
msg,2,56,585,5501,696,112,112
msg,2,57,602,5426,729,112,112
msg,2,58,590,6599,698,112,112
msg,2,59,559,6774,728,112,112
msg,2,60,555,5703,733,112,112
msg,2,61,686,10588,736,112,112
msg,2,62,587,27151,723,112,112
msg,2,63,582,5842,738,112,112
msg,2,64,592,5690,697,112,112
msg,2,65,559,7253,734,112,112
msg,2,66,588,5444,731,112,112
msg,2,67,592,5825,699,112,112
msg,2,68,556,6773,723,112,112
msg,2,69,586,5817,735,112,112
msg,2,70,600,6380,731,112,112
msg,2,71,601,10263,734,112,112
msg,2,72,588,31167,694,112,112
msg,2,73,558,5613,730,112,112
msg,2,74,561,8447,731,112,112
msg,2,75,555,6282,687,112,112
msg,2,76,561,5364,729,112,112
msg,2,77,593,5794,723,112,112
msg,2,78,554,6428,695,112,112
msg,2,79,557,5779,735,112,112
msg,2,80,582,5748,737,112,112
msg,2,81,587,8290,734,112,112
msg,2,82,600,33611,734,112,112
msg,2,83,586,7421,733,112,112
msg,2,84,588,5525,733,112,112
msg,2,85,590,5333,741,112,112
msg,2,86,587,5740,728,112,112
msg,2,87,590,5854,729,112,112
msg,2,88,555,7999,730,112,112
msg,2,89,592,5401,737,112,112
msg,2,90,686,8938,729,112,112
msg,2,91,550,31406,700,112,112
msg,2,92,559,8269,698,112,112
msg,2,93,558,6685,691,112,112
msg,2,94,560,6501,695,112,112
msg,2,95,563,6066,739,112,112
msg,2,96,583,7059,726,112,112
msg,2,97,557,8614,732,112,112
msg,2,98,585,5713,732,112,112
msg,2,99,585,8435,731,112,112
msg,2,100,591,31177,734,112,112
msg,2,101,567,5995,727,112,112
msg,2,102,584,5604,699,112,112
msg,2,103,560,5813,730,112,112
msg,2,104,564,6405,728,112,112
msg,2,105,562,6435,693,112,112
msg,2,106,565,5959,830,112,112
msg,2,107,585,5883,693,112,112
msg,2,108,560,6558,694,112,112
msg,2,109,558,6888,724,112,112
msg,2,110,585,27071,695,112,112
msg,2,111,557,5658,818,112,112
msg,2,112,583,5453,734,112,112
msg,2,113,589,5723,732,112,112
msg,2,114,585,5433,739,112,112
msg,2,115,602,6220,728,112,112
msg,2,116,584,5688,740,112,112
msg,2,117,596,10428,738,112,112
msg,2,118,594,8570,725,112,112
msg,2,119,584,6632,699,112,112
msg,2,120,555,30641,694,112,112
msg,2,121,559,5753,730,112,112
msg,2,122,585,5691,734,112,112
msg,2,123,588,6153,725,112,112
msg,2,124,551,6647,729,112,112
msg,2,125,599,6024,696,112,112
msg,2,126,557,6455,699,112,112
msg,2,127,560,5795,736,112,112
msg,2,128,557,8601,734,112,112
msg,2,129,582,5910,731,112,112
msg,2,130,598,32561,694,112,112
msg,2,131,559,5713,697,112,112
msg,2,132,556,5866,730,112,112
msg,2,133,695,5714,726,112,112
msg,2,134,587,5519,694,112,112
msg,2,135,586,5772,726,112,112
msg,2,136,552,5580,730,112,112
msg,2,137,681,5678,737,112,112
msg,2,138,585,6070,726,112,112
msg,2,139,562,7744,733,112,112
msg,2,140,585,32766,729,112,112
msg,2,141,592,5429,739,112,112
msg,2,142,592,5977,732,112,112
msg,2,143,563,6158,692,112,112
msg,2,144,558,5549,694,112,112
msg,2,145,558,5752,730,112,112
msg,2,146,552,5578,734,112,112
msg,2,147,559,6097,696,112,112
msg,2,148,585,5901,737,112,112
msg,2,149,562,6893,737,112,112
msg,2,150,592,35916,726,112,112
msg,2,151,558,6071,733,112,112
msg,2,152,691,8368,736,112,112
msg,2,153,583,7052,734,112,112
msg,2,154,583,5664,738,112,112
msg,2,155,588,5510,734,112,112
msg,2,156,586,5517,727,112,112
msg,2,157,688,6416,730,112,112
msg,2,158,582,7739,693,112,112
msg,2,159,552,35004,730,112,112
msg,2,160,580,5896,698,112,112
msg,2,161,563,5786,727,112,112
msg,2,162,554,5648,733,112,112
msg,2,163,580,6726,736,112,112
msg,2,164,587,6431,736,112,112
msg,2,165,579,5497,735,112,112
msg,2,166,598,8430,730,112,112
msg,2,167,592,9022,689,112,112
msg,2,168,718,30952,729,112,112
msg,2,169,600,6070,733,112,112
msg,2,170,681,7214,726,112,112
msg,2,171,555,5558,738,112,112
msg,2,172,554,6323,699,112,112
msg,2,173,559,5789,729,112,112
msg,2,174,585,5568,737,112,112
msg,2,175,585,6180,733,112,112
msg,2,176,561,7409,720,112,112
msg,2,177,559,5849,743,112,112
msg,2,178,587,26046,696,112,112
msg,2,179,572,5584,731,112,112
msg,2,180,554,5730,739,112,112
msg,2,181,590,7738,733,112,112
msg,2,182,583,5370,733,112,112
msg,2,183,587,6793,694,112,112
msg,2,184,560,5728,732,112,112
msg,2,185,548,5618,737,112,112
msg,2,186,588,6522,744,112,112
msg,2,187,594,10643,734,112,112
msg,2,188,583,32480,732,112,112
msg,2,189,591,6127,733,112,112
msg,2,190,591,6279,729,112,112
msg,2,191,555,5740,821,112,112
msg,2,192,596,6941,695,112,112
msg,2,193,556,5566,695,112,112
msg,2,194,557,5918,734,112,112
msg,2,195,588,5546,738,112,112
msg,2,196,582,6510,732,112,112
msg,2,197,760,5649,692,112,112
msg,2,198,562,33255,732,112,112
msg,2,199,592,5802,694,112,112
whole,2,7249.486,9388.966,200
#heap 23466
#stack 16040
#end
#block pipeline mTLS lorawan11 up
#aead LoRaWAN-1.1 AES-128-CTR+2xCMAC (BearSSL (arduino-pico)), uplink, 51 B payload + 13 B overhead
#lib wolfSSL 5.9.4
iter,tcp_ms,tls_ms,mqtt_ms,total_ms,hs_tx_B,hs_rx_B,mqtt_tx_B,mqtt_rx_B,hs_writes,hs_reads,writes,reads,free_heap_B,hs_keygen_us,hs_derive_us,hs_verify_us,hs_sign_us,hs_keygen_n,hs_derive_n,hs_verify_n,hs_sign_n
msg,iter,idx,seal_us,rtt_us,open_us,tx_B,rx_B
whole,iter,first_ms,all_ms,msgs
#suite TLS13-AES256-GCM-SHA384
0,7.3810,11659.7110,122.7150,11789.8070,5000,5078,45,6264,4,14,5,20,85400,66252.0,71470.0,6849029.0,4559961.0,2,2,2,1
msg,0,0,876,6602,951,112,112
msg,0,1,705,6004,819,112,112
msg,0,2,685,5875,855,112,112
msg,0,3,713,8520,824,112,112
msg,0,4,681,6874,853,112,112
msg,0,5,709,32417,861,112,112
msg,0,6,703,5489,821,112,112
msg,0,7,686,5491,857,112,112
msg,0,8,717,5803,856,112,112
msg,0,9,682,6093,860,112,112
msg,0,10,715,5965,948,112,112
msg,0,11,722,6101,860,112,112
msg,0,12,721,8454,861,112,112
msg,0,13,711,9162,864,112,112
msg,0,14,714,33276,854,112,112
msg,0,15,714,5805,861,112,112
msg,0,16,719,6384,862,112,112
msg,0,17,715,5636,823,112,112
msg,0,18,683,6884,864,112,112
msg,0,19,712,8059,864,112,112
msg,0,20,706,5933,858,112,112
msg,0,21,710,6051,821,112,112
msg,0,22,688,8352,844,112,112
msg,0,23,683,33461,853,112,112
msg,0,24,710,6092,851,112,112
msg,0,25,709,6369,851,112,112
msg,0,26,714,6578,870,112,112
msg,0,27,712,5878,855,112,112
msg,0,28,716,5859,822,112,112
msg,0,29,681,6937,864,112,112
msg,0,30,708,5623,851,112,112
msg,0,31,693,9120,819,112,112
msg,0,32,679,30777,861,112,112
msg,0,33,714,5980,855,112,112
msg,0,34,716,7223,860,112,112
msg,0,35,717,5573,862,112,112
msg,0,36,710,5786,854,112,112
msg,0,37,717,6294,858,112,112
msg,0,38,711,7010,847,112,112
msg,0,39,681,5736,864,112,112
msg,0,40,709,8628,824,112,112
msg,0,41,688,34174,821,112,112
msg,0,42,768,5653,848,112,112
msg,0,43,706,7071,856,112,112
msg,0,44,709,6906,822,112,112
msg,0,45,685,5495,854,112,112
msg,0,46,715,6863,990,112,112
msg,0,47,685,5727,861,112,112
msg,0,48,716,6586,860,112,112
msg,0,49,699,10138,856,112,112
msg,0,50,682,35294,858,112,112
msg,0,51,687,5504,848,112,112
msg,0,52,706,5517,860,112,112
msg,0,53,712,5733,823,112,112
msg,0,54,686,6208,822,112,112
msg,0,55,681,5588,853,112,112
msg,0,56,715,7964,823,112,112
msg,0,57,684,7055,862,112,112
msg,0,58,684,7229,860,112,112
msg,0,59,680,38011,867,112,112
msg,0,60,707,5949,858,112,112
msg,0,61,715,5708,859,112,112
msg,0,62,677,5725,855,112,112
msg,0,63,725,6310,864,112,112
msg,0,64,716,5654,857,112,112
msg,0,65,682,5330,822,112,112
msg,0,66,686,5559,861,112,112
msg,0,67,724,7892,821,112,112
msg,0,68,681,33012,856,112,112
msg,0,69,714,6005,863,112,112
msg,0,70,712,5525,856,112,112
msg,0,71,685,5483,845,112,112
msg,0,72,681,5522,849,112,112
msg,0,73,710,5500,862,112,112
msg,0,74,713,5416,858,112,112
msg,0,75,684,5724,953,112,112
msg,0,76,723,6877,850,112,112
msg,0,77,676,6419,855,112,112
msg,0,78,710,33591,862,112,112
msg,0,79,709,5676,848,112,112
msg,0,80,678,5454,862,112,112
msg,0,81,715,5576,866,112,112
msg,0,82,724,5546,828,112,112
msg,0,83,685,6461,859,112,112
msg,0,84,720,5659,862,112,112
msg,0,85,727,6631,845,112,112
msg,0,86,683,9074,824,112,112
msg,0,87,681,32935,860,112,112
msg,0,88,708,6177,864,112,112
msg,0,89,810,5892,859,112,112
msg,0,90,716,5680,859,112,112
msg,0,91,685,5641,853,112,112
msg,0,92,719,5648,869,112,112
msg,0,93,715,5532,820,112,112
msg,0,94,684,5838,862,112,112
msg,0,95,712,6016,856,112,112
msg,0,96,706,8737,819,112,112
msg,0,97,686,28676,858,112,112
msg,0,98,716,6272,858,112,112
msg,0,99,711,6237,856,112,112
msg,0,100,716,5662,857,112,112
msg,0,101,682,5469,854,112,112
msg,0,102,704,5688,864,112,112
msg,0,103,715,5472,862,112,112
msg,0,104,681,6539,862,112,112
msg,0,105,711,6364,856,112,112
msg,0,106,712,5843,819,112,112
msg,0,107,684,32836,861,112,112
msg,0,108,709,6246,861,112,112
msg,0,109,708,6073,856,112,112
msg,0,110,712,6351,862,112,112
msg,0,111,716,6324,856,112,112
msg,0,112,685,6522,852,112,112
msg,0,113,807,6501,865,112,112
msg,0,114,717,7628,852,112,112
msg,0,115,685,16478,846,112,112
msg,0,116,709,20930,854,112,112
msg,0,117,688,7399,822,112,112
msg,0,118,690,5640,858,112,112
msg,0,119,714,5536,862,112,112
msg,0,120,717,5821,860,112,112
msg,0,121,703,6482,862,112,112
msg,0,122,712,5774,856,112,112
msg,0,123,705,5484,859,112,112
msg,0,124,714,5529,947,112,112
msg,0,125,681,6042,864,112,112
msg,0,126,708,26716,848,112,112
msg,0,127,715,6834,859,112,112
msg,0,128,686,11051,865,112,112
msg,0,129,712,5686,850,112,112
msg,0,130,707,5461,855,112,112
msg,0,131,723,5504,847,112,112
msg,0,132,711,5704,855,112,112
msg,0,133,708,6091,819,112,112
msg,0,134,687,9594,854,112,112
msg,0,135,710,10055,851,112,112
msg,0,136,810,20477,865,112,112
msg,0,137,713,5515,858,112,112
msg,0,138,677,8702,858,112,112
msg,0,139,728,5585,857,112,112
msg,0,140,681,6308,812,112,112
msg,0,141,683,5475,853,112,112
msg,0,142,710,5410,851,112,112
msg,0,143,720,5659,854,112,112
msg,0,144,707,5556,850,112,112
msg,0,145,705,6253,850,112,112
msg,0,146,707,32744,862,112,112
msg,0,147,709,6238,862,112,112
msg,0,148,711,7462,823,112,112
msg,0,149,689,6369,821,112,112
msg,0,150,689,7309,843,112,112
msg,0,151,709,5659,864,112,112
msg,0,152,716,7073,853,112,112
msg,0,153,714,6393,860,112,112
msg,0,154,711,7554,819,112,112
msg,0,155,679,30489,848,112,112
msg,0,156,708,6524,854,112,112
msg,0,157,709,5478,861,112,112
msg,0,158,725,7459,827,112,112
msg,0,159,683,5466,955,112,112
msg,0,160,709,5682,853,112,112
msg,0,161,704,5590,854,112,112
msg,0,162,710,6176,846,112,112
msg,0,163,680,5468,859,112,112
msg,0,164,713,5456,864,112,112
msg,0,165,712,46750,838,112,112
msg,0,166,686,5461,858,112,112
msg,0,167,716,6388,864,112,112
msg,0,168,713,5373,865,112,112
msg,0,169,712,5964,857,112,112
msg,0,170,715,6226,858,112,112
msg,0,171,721,6225,850,112,112
msg,0,172,712,7761,920,112,112
msg,0,173,690,30549,854,112,112
msg,0,174,705,6592,871,112,112
msg,0,175,713,5829,854,112,112
msg,0,176,718,5957,845,112,112
msg,0,177,803,5459,862,112,112
msg,0,178,716,6945,846,112,112
msg,0,179,709,8704,856,112,112
msg,0,180,715,8221,864,112,112
msg,0,181,713,6582,822,112,112
msg,0,182,680,34052,1018,112,112
msg,0,183,683,7108,855,112,112
msg,0,184,681,5497,855,112,112
msg,0,185,717,5815,862,112,112
msg,0,186,709,5447,825,112,112
msg,0,187,687,5437,854,112,112
msg,0,188,713,6156,846,112,112
msg,0,189,678,7557,856,112,112
msg,0,190,713,6940,849,112,112
msg,0,191,712,35601,860,112,112
msg,0,192,712,5795,850,112,112
msg,0,193,713,5675,862,112,112
msg,0,194,714,5955,853,112,112
msg,0,195,712,6741,860,112,112
msg,0,196,678,6692,864,112,112
msg,0,197,712,7230,855,112,112
msg,0,198,710,7314,962,112,112
msg,0,199,714,5450,863,112,112
whole,0,11808.747,13993.718,200
1,4.3950,11658.0310,127.7860,11790.2120,5000,5078,45,6264,4,14,5,20,85400,66188.0,71434.0,6851336.0,4553875.0,2,2,2,1
msg,1,0,832,6082,825,112,112
msg,1,1,679,6417,847,112,112
msg,1,2,684,5900,860,112,112
msg,1,3,712,5720,855,112,112
msg,1,4,713,5737,862,112,112
msg,1,5,711,6683,855,112,112
msg,1,6,705,34186,857,112,112
msg,1,7,708,5536,840,112,112
msg,1,8,708,5922,859,112,112
msg,1,9,719,5581,865,112,112
msg,1,10,715,5481,853,112,112
msg,1,11,686,5564,858,112,112
msg,1,12,713,10249,851,112,112
msg,1,13,711,7538,864,112,112
msg,1,14,713,6281,862,112,112
msg,1,15,714,34134,858,112,112
msg,1,16,712,5698,855,112,112
msg,1,17,703,5496,1020,112,112
msg,1,18,715,5471,856,112,112
msg,1,19,693,5907,862,112,112
msg,1,20,708,5448,862,112,112
msg,1,21,693,7932,863,112,112
msg,1,22,712,7536,857,112,112
msg,1,23,679,6845,859,112,112
msg,1,24,710,33514,858,112,112
msg,1,25,713,5766,857,112,112
msg,1,26,710,5939,828,112,112
msg,1,27,683,6025,857,112,112
msg,1,28,679,7273,853,112,112
msg,1,29,687,5962,862,112,112
msg,1,30,714,7928,863,112,112
msg,1,31,710,6754,862,112,112
msg,1,32,768,6744,823,112,112
msg,1,33,688,32728,856,112,112
msg,1,34,708,5571,858,112,112
msg,1,35,682,5498,848,112,112
msg,1,36,729,5503,857,112,112
msg,1,37,710,5987,852,112,112
msg,1,38,710,5507,863,112,112
msg,1,39,709,5424,860,112,112
msg,1,40,709,5321,862,112,112
msg,1,41,774,7193,855,112,112
msg,1,42,687,7482,852,112,112
msg,1,43,711,30212,852,112,112
msg,1,44,712,6011,821,112,112
msg,1,45,684,5886,874,112,112
msg,1,46,709,5557,821,112,112
msg,1,47,681,5556,952,112,112
msg,1,48,708,5702,856,112,112
msg,1,49,683,6602,850,112,112
msg,1,50,714,5799,863,112,112
msg,1,51,712,9050,859,112,112
msg,1,52,721,10155,862,112,112
msg,1,53,715,21638,818,112,112
msg,1,54,684,5842,870,112,112
msg,1,55,710,5955,855,112,112
msg,1,56,713,5442,859,112,112
msg,1,57,727,5924,949,112,112
msg,1,58,716,7286,860,112,112
msg,1,59,706,5924,852,112,112
msg,1,60,712,6227,853,112,112
msg,1,61,716,10310,855,112,112
msg,1,62,716,32987,825,112,112
msg,1,63,687,5673,1021,112,112
msg,1,64,711,7326,861,112,112
msg,1,65,725,5580,853,112,112
msg,1,66,706,5570,862,112,112
msg,1,67,709,5427,853,112,112
msg,1,68,713,6333,857,112,112
msg,1,69,684,5495,855,112,112
msg,1,70,720,6739,860,112,112
msg,1,71,717,6121,863,112,112
msg,1,72,711,32409,854,112,112
msg,1,73,679,5996,865,112,112
msg,1,74,710,5431,857,112,112
msg,1,75,683,5967,962,112,112
msg,1,76,724,5747,850,112,112
msg,1,77,711,5444,866,112,112
msg,1,78,724,5459,867,112,112
msg,1,79,708,8995,865,112,112
msg,1,80,726,7008,851,112,112
msg,1,81,711,44372,860,112,112
msg,1,82,713,7321,860,112,112
msg,1,83,709,5704,821,112,112
msg,1,84,688,5462,857,112,112
msg,1,85,726,5911,917,112,112
msg,1,86,683,7067,855,112,112
msg,1,87,689,7724,854,112,112
msg,1,88,812,9381,860,112,112
msg,1,89,709,32071,865,112,112
msg,1,90,720,5460,863,112,112
msg,1,91,713,7399,919,112,112
msg,1,92,694,6041,859,112,112
msg,1,93,679,5541,849,112,112
msg,1,94,712,5519,857,112,112
msg,1,95,712,6589,858,112,112
msg,1,96,696,5499,848,112,112
msg,1,97,683,8852,955,112,112
msg,1,98,707,73073,863,112,112
msg,1,99,705,7720,855,112,112
msg,1,100,811,6147,858,112,112
msg,1,101,717,11414,951,112,112
msg,1,102,713,31376,867,112,112
msg,1,103,707,6825,857,112,112
msg,1,104,712,6895,822,112,112
msg,1,105,683,5710,852,112,112
msg,1,106,709,6092,856,112,112
msg,1,107,714,5796,864,112,112
msg,1,108,680,5693,857,112,112
msg,1,109,722,6065,853,112,112
msg,1,110,718,7629,863,112,112
msg,1,111,713,33863,864,112,112
msg,1,112,705,6022,824,112,112
msg,1,113,686,5570,853,112,112
msg,1,114,707,5751,853,112,112
msg,1,115,687,5675,866,112,112
msg,1,116,719,5859,847,112,112
msg,1,117,685,5506,857,112,112
msg,1,118,706,5508,858,112,112
msg,1,119,711,6109,862,112,112
msg,1,120,710,5985,855,112,112
msg,1,121,716,31544,862,112,112
msg,1,122,714,5829,855,112,112
msg,1,123,795,6050,852,112,112
msg,1,124,709,5870,856,112,112
msg,1,125,677,5599,854,112,112
msg,1,126,720,6364,855,112,112
msg,1,127,709,5443,861,112,112
msg,1,128,708,5400,860,112,112
msg,1,129,707,5530,843,112,112
msg,1,130,681,5633,862,112,112
msg,1,131,811,29735,852,112,112
msg,1,132,680,5815,864,112,112
msg,1,133,810,6658,852,112,112
msg,1,134,707,5512,854,112,112
msg,1,135,711,5449,854,112,112
msg,1,136,713,6171,861,112,112
msg,1,137,713,5715,857,112,112
msg,1,138,708,5393,859,112,112
msg,1,139,714,7006,850,112,112
msg,1,140,713,5757,860,112,112
msg,1,141,718,29265,862,112,112
msg,1,142,708,5518,849,112,112
msg,1,143,725,7026,819,112,112
msg,1,144,685,5663,858,112,112
msg,1,145,710,5483,863,112,112
msg,1,146,707,6839,857,112,112
msg,1,147,714,5597,863,112,112
msg,1,148,833,5524,850,112,112
msg,1,149,709,5548,860,112,112
msg,1,150,715,9092,856,112,112
msg,1,151,712,34612,859,112,112
msg,1,152,710,5616,852,112,112
msg,1,153,717,6778,862,112,112
msg,1,154,704,6093,859,112,112
msg,1,155,709,5443,856,112,112
msg,1,156,682,6558,845,112,112
msg,1,157,707,5539,861,112,112
msg,1,158,705,5811,822,112,112
msg,1,159,692,7898,859,112,112
msg,1,160,709,26602,823,112,112
msg,1,161,679,5765,866,112,112
msg,1,162,713,6101,861,112,112
msg,1,163,702,7021,858,112,112
msg,1,164,721,5805,854,112,112
msg,1,165,687,9561,859,112,112
msg,1,166,712,6370,847,112,112
msg,1,167,714,7821,823,112,112
msg,1,168,682,11909,859,112,112
msg,1,169,713,32704,855,112,112
msg,1,170,711,6776,862,112,112
msg,1,171,713,5887,959,112,112
msg,1,172,717,6057,858,112,112
msg,1,173,719,5765,853,112,112
msg,1,174,685,8684,861,112,112
msg,1,175,709,5753,863,112,112
msg,1,176,686,8626,852,112,112
msg,1,177,708,5871,821,112,112
msg,1,178,680,25421,853,112,112
msg,1,179,813,5712,862,112,112
msg,1,180,720,5506,823,112,112
msg,1,181,684,5857,860,112,112
msg,1,182,707,5902,851,112,112
msg,1,183,724,6156,853,112,112
msg,1,184,717,5964,822,112,112
msg,1,185,686,7849,857,112,112
msg,1,186,710,8313,861,112,112
msg,1,187,713,7958,850,112,112
msg,1,188,710,31502,864,112,112
msg,1,189,713,5775,855,112,112
msg,1,190,708,5531,855,112,112
msg,1,191,713,6648,823,112,112
msg,1,192,686,5479,853,112,112
msg,1,193,717,6173,854,112,112
msg,1,194,712,5889,858,112,112
msg,1,195,682,8016,864,112,112
msg,1,196,715,10068,862,112,112
msg,1,197,715,33983,859,112,112
msg,1,198,712,5499,865,112,112
msg,1,199,712,6869,862,112,112
whole,1,11804.532,14046.497,200
2,5.3830,11660.9790,102.7560,11769.1180,5000,5078,45,6264,4,14,5,20,85400,66281.0,71220.0,6852370.0,4573721.0,2,2,2,1
msg,2,0,868,5789,820,112,112
msg,2,1,680,8058,955,112,112
msg,2,2,786,6999,863,112,112
msg,2,3,710,7279,859,112,112
msg,2,4,682,6521,850,112,112
msg,2,5,706,33241,854,112,112
msg,2,6,710,5475,863,112,112
msg,2,7,714,5389,861,112,112
msg,2,8,711,6619,822,112,112
msg,2,9,682,5497,863,112,112
msg,2,10,713,6851,819,112,112
msg,2,11,687,5572,860,112,112
msg,2,12,715,7046,851,112,112
msg,2,13,715,10379,862,112,112
msg,2,14,715,34247,855,112,112
msg,2,15,713,6249,848,112,112
msg,2,16,714,6678,860,112,112
msg,2,17,687,5942,854,112,112
msg,2,18,708,5880,854,112,112
msg,2,19,713,5421,860,112,112
msg,2,20,709,7862,845,112,112
msg,2,21,685,6865,864,112,112
msg,2,22,709,7288,856,112,112
msg,2,23,807,33791,861,112,112
msg,2,24,718,5516,856,112,112
msg,2,25,715,5699,849,112,112
msg,2,26,715,5847,853,112,112
msg,2,27,686,5751,859,112,112
msg,2,28,723,6176,864,112,112
msg,2,29,715,8852,819,112,112
msg,2,30,675,5846,865,112,112
msg,2,31,720,8187,856,112,112
msg,2,32,707,34136,864,112,112
msg,2,33,716,5900,855,112,112
msg,2,34,712,7751,862,112,112
msg,2,35,707,5877,860,112,112
msg,2,36,728,5744,822,112,112
msg,2,37,689,5980,863,112,112
msg,2,38,715,6929,855,112,112
msg,2,39,714,6189,855,112,112
msg,2,40,729,7686,857,112,112
msg,2,41,684,33118,961,112,112
msg,2,42,683,5530,853,112,112
msg,2,43,712,8063,825,112,112
msg,2,44,682,6346,851,112,112
msg,2,45,680,6503,862,112,112
msg,2,46,705,5974,850,112,112
msg,2,47,681,6520,953,112,112
msg,2,48,705,5938,851,112,112
msg,2,49,703,7811,858,112,112
msg,2,50,713,33639,862,112,112
msg,2,51,719,5731,858,112,112
msg,2,52,712,5840,862,112,112
msg,2,53,713,5768,821,112,112
msg,2,54,683,5545,853,112,112
msg,2,55,711,5430,956,112,112
msg,2,56,709,5882,852,112,112
msg,2,57,707,5687,861,112,112
msg,2,58,713,11905,860,112,112
msg,2,59,723,32904,823,112,112
msg,2,60,686,5757,863,112,112
msg,2,61,713,5950,849,112,112
msg,2,62,717,5790,857,112,112
msg,2,63,683,5470,851,112,112
msg,2,64,711,5460,953,112,112
msg,2,65,710,5416,861,112,112
msg,2,66,705,5712,844,112,112
msg,2,67,708,6209,851,112,112
msg,2,68,708,5798,864,112,112
msg,2,69,712,28820,857,112,112
msg,2,70,707,5898,824,112,112
msg,2,71,679,5351,851,112,112
msg,2,72,679,5609,857,112,112
msg,2,73,717,5546,860,112,112
msg,2,74,685,5500,851,112,112
msg,2,75,698,6436,943,112,112
msg,2,76,706,6824,820,112,112
msg,2,77,686,7422,854,112,112
msg,2,78,710,6687,863,112,112
msg,2,79,715,34017,859,112,112
msg,2,80,719,5397,864,112,112
msg,2,81,711,6164,859,112,112
msg,2,82,710,6365,861,112,112
msg,2,83,716,6004,852,112,112
msg,2,84,719,5988,854,112,112
msg,2,85,705,7725,861,112,112
msg,2,86,682,6176,857,112,112
msg,2,87,706,6858,858,112,112
msg,2,88,716,8047,859,112,112
msg,2,89,715,24043,819,112,112
msg,2,90,681,6675,858,112,112
msg,2,91,806,7508,1021,112,112
msg,2,92,687,5518,865,112,112
msg,2,93,720,5983,847,112,112
msg,2,94,682,5783,861,112,112
msg,2,95,710,6645,843,112,112
msg,2,96,688,5874,863,112,112
msg,2,97,812,9403,820,112,112
msg,2,98,682,35277,820,112,112
msg,2,99,685,5709,863,112,112
msg,2,100,713,6352,866,112,112
msg,2,101,709,6982,961,112,112
msg,2,102,712,6140,861,112,112
msg,2,103,713,5724,821,112,112
msg,2,104,698,7020,863,112,112
msg,2,105,712,5762,862,112,112
msg,2,106,713,7243,855,112,112
msg,2,107,712,33436,858,112,112
msg,2,108,707,6132,857,112,112
msg,2,109,711,5598,855,112,112
msg,2,110,684,5645,946,112,112
msg,2,111,718,5452,861,112,112
msg,2,112,725,5739,848,112,112
msg,2,113,686,5880,856,112,112
msg,2,114,705,5774,854,112,112
msg,2,115,710,10259,860,112,112
msg,2,116,705,8030,851,112,112
msg,2,117,713,26132,934,112,112
msg,2,118,712,6216,848,112,112
msg,2,119,713,5601,857,112,112
msg,2,120,713,5424,862,112,112
msg,2,121,714,6009,860,112,112
msg,2,122,713,6592,825,112,112
msg,2,123,683,7089,949,112,112
msg,2,124,680,6533,858,112,112
msg,2,125,710,8165,852,112,112
msg,2,126,712,29841,859,112,112
msg,2,127,716,5753,863,112,112
msg,2,128,715,7257,855,112,112
msg,2,129,714,5391,866,112,112
msg,2,130,717,5876,855,112,112
msg,2,131,717,5946,821,112,112
msg,2,132,682,5471,855,112,112
msg,2,133,704,5497,859,112,112
msg,2,134,710,5506,860,112,112
msg,2,135,693,7105,856,112,112
msg,2,136,683,28881,864,112,112
msg,2,137,807,6010,858,112,112
msg,2,138,713,5962,855,112,112
msg,2,139,711,5728,862,112,112
msg,2,140,712,5579,819,112,112
msg,2,141,691,5509,854,112,112
msg,2,142,714,6175,855,112,112
msg,2,143,707,5692,863,112,112
msg,2,144,706,7509,820,112,112
msg,2,145,683,38529,858,112,112
msg,2,146,723,6063,844,112,112
msg,2,147,715,7478,852,112,112
msg,2,148,708,5423,856,112,112
msg,2,149,714,5943,943,112,112
msg,2,150,710,5508,863,112,112
msg,2,151,714,5604,842,112,112
msg,2,152,686,5712,860,112,112
msg,2,153,707,5491,861,112,112
msg,2,154,685,6903,855,112,112
msg,2,155,710,31418,863,112,112
msg,2,156,711,6486,823,112,112
msg,2,157,684,6435,853,112,112
msg,2,158,714,6577,860,112,112
msg,2,159,722,5546,857,112,112
msg,2,160,687,7266,821,112,112
msg,2,161,687,7170,855,112,112
msg,2,162,685,5508,852,112,112
msg,2,163,679,9405,857,112,112
msg,2,164,710,26370,862,112,112
msg,2,165,725,6171,863,112,112
msg,2,166,708,5571,864,112,112
msg,2,167,717,6565,933,112,112
msg,2,168,716,6033,819,112,112
msg,2,169,682,5389,852,112,112
msg,2,170,714,6407,856,112,112
msg,2,171,711,7706,1008,112,112
msg,2,172,679,7698,863,112,112
msg,2,173,711,7077,857,112,112
msg,2,174,713,32349,861,112,112
msg,2,175,708,6454,861,112,112
msg,2,176,711,7608,849,112,112
msg,2,177,708,5458,863,112,112
msg,2,178,711,5897,821,112,112
msg,2,179,684,5492,852,112,112
msg,2,180,710,6915,818,112,112
msg,2,181,683,5867,865,112,112
msg,2,182,716,7821,853,112,112
msg,2,183,809,31157,856,112,112
msg,2,184,715,5985,821,112,112
msg,2,185,684,7728,945,112,112
msg,2,186,713,6362,863,112,112
msg,2,187,708,5529,818,112,112
msg,2,188,687,5502,861,112,112
msg,2,189,714,5469,867,112,112
msg,2,190,727,5863,859,112,112
msg,2,191,721,6760,823,112,112
msg,2,192,687,6585,858,112,112
msg,2,193,715,31035,847,112,112
msg,2,194,686,5639,860,112,112
msg,2,195,709,5493,861,112,112
msg,2,196,711,5572,854,112,112
msg,2,197,816,5703,861,112,112
msg,2,198,709,5702,854,112,112
msg,2,199,711,5583,863,112,112
whole,2,11783.717,13947.753,200
#heap 28371
#stack 82216
#end
#block pipeline mTLS lorawan11 down
#aead LoRaWAN-1.1 AES-128-CTR+2xCMAC (BearSSL (arduino-pico)), downlink, 51 B payload + 13 B overhead
#lib wolfSSL 5.9.4
iter,tcp_ms,tls_ms,mqtt_ms,total_ms,hs_tx_B,hs_rx_B,mqtt_tx_B,mqtt_rx_B,hs_writes,hs_reads,writes,reads,free_heap_B,hs_keygen_us,hs_derive_us,hs_verify_us,hs_sign_us,hs_keygen_n,hs_derive_n,hs_verify_n,hs_sign_n
msg,iter,idx,seal_us,rtt_us,open_us,tx_B,rx_B
whole,iter,first_ms,all_ms,msgs
#suite TLS13-AES256-GCM-SHA384
0,7.3830,11652.1010,86.7260,11746.2100,5000,5078,45,6264,4,14,5,20,85400,66196.0,71274.0,6853088.0,4563711.0,2,2,2,1
msg,0,0,606,6988,598,112,112
msg,0,1,416,5666,563,112,112
msg,0,2,425,6657,558,112,112
msg,0,3,424,7389,593,112,112
msg,0,4,456,6284,596,112,112
msg,0,5,423,8122,598,112,112
msg,0,6,453,34645,603,112,112
msg,0,7,546,5488,602,112,112
msg,0,8,417,5895,607,112,112
msg,0,9,452,5419,684,112,112
msg,0,10,421,5853,607,112,112
msg,0,11,427,5829,600,112,112
msg,0,12,449,5594,598,112,112
msg,0,13,422,5789,592,112,112
msg,0,14,430,5778,608,112,112
msg,0,15,424,8613,589,112,112
msg,0,16,427,25934,601,112,112
msg,0,17,472,6109,597,112,112
msg,0,18,420,5581,587,112,112
msg,0,19,424,5698,563,112,112
msg,0,20,435,5567,565,112,112
msg,0,21,429,5862,562,112,112
msg,0,22,428,6241,600,112,112
msg,0,23,453,5725,603,112,112
msg,0,24,455,6134,560,112,112
msg,0,25,433,5930,564,112,112
msg,0,26,437,8148,599,112,112
msg,0,27,452,34383,561,112,112
msg,0,28,424,5742,562,112,112
msg,0,29,429,5967,599,112,112
msg,0,30,416,6524,561,112,112
msg,0,31,419,5751,560,112,112
msg,0,32,419,6083,695,112,112
msg,0,33,453,5540,601,112,112
msg,0,34,429,16895,599,112,112
msg,0,35,456,6940,597,112,112
msg,0,36,449,30364,597,112,112
msg,0,37,418,5675,598,112,112
msg,0,38,422,6600,561,112,112
msg,0,39,423,6055,602,112,112
msg,0,40,422,5651,596,112,112
msg,0,41,422,5972,596,112,112
msg,0,42,461,6232,563,112,112
msg,0,43,424,6451,599,112,112
msg,0,44,458,6650,598,112,112
msg,0,45,459,6728,602,112,112
msg,0,46,455,26454,595,112,112
msg,0,47,428,5877,602,112,112
msg,0,48,450,5836,602,112,112
msg,0,49,453,5851,601,112,112
msg,0,50,450,5540,601,112,112
msg,0,51,443,5703,601,112,112
msg,0,52,450,5347,564,112,112
msg,0,53,440,5423,554,112,112
msg,0,54,452,7951,561,112,112
msg,0,55,424,5419,594,112,112
msg,0,56,458,9293,554,112,112
msg,0,57,416,34150,603,112,112
msg,0,58,454,5500,591,112,112
msg,0,59,417,5870,602,112,112
msg,0,60,423,6513,563,112,112
msg,0,61,417,6534,708,112,112
msg,0,62,431,23669,562,112,112
msg,0,63,423,42089,601,112,112
msg,0,64,424,6007,602,112,112
msg,0,65,453,5557,596,112,112
msg,0,66,422,6532,558,112,112
msg,0,67,420,5644,560,112,112
msg,0,68,422,6013,600,112,112
msg,0,69,424,5601,559,112,112
msg,0,70,427,5642,563,112,112
msg,0,71,423,7645,560,112,112
msg,0,72,452,9881,558,112,112
msg,0,73,429,27252,608,112,112
msg,0,74,450,6222,560,112,112
msg,0,75,433,5714,559,112,112
msg,0,76,430,5725,561,112,112
msg,0,77,457,6033,592,112,112
msg,0,78,419,5556,565,112,112
msg,0,79,428,5857,559,112,112
msg,0,80,432,5802,554,112,112
msg,0,81,421,6796,560,112,112
msg,0,82,425,5972,601,112,112
msg,0,83,420,8587,561,112,112
msg,0,84,423,33441,568,112,112
msg,0,85,468,5977,560,112,112
msg,0,86,426,5910,598,112,112
msg,0,87,421,5633,562,112,112
msg,0,88,425,19294,605,112,112
msg,0,89,448,7141,562,112,112
msg,0,90,426,6157,592,112,112
msg,0,91,419,9796,604,112,112
msg,0,92,424,32027,596,112,112
msg,0,93,458,6270,592,112,112
msg,0,94,441,5793,596,112,112
msg,0,95,428,5817,599,112,112
msg,0,96,420,16553,561,112,112
msg,0,97,430,7915,595,112,112
msg,0,98,428,12461,560,112,112
msg,0,99,422,5761,561,112,112
msg,0,100,425,31883,558,112,112
msg,0,101,428,5855,589,112,112
msg,0,102,419,5956,602,112,112
msg,0,103,415,5651,599,112,112
msg,0,104,423,5628,558,112,112
msg,0,105,419,5779,558,112,112
msg,0,106,423,5626,559,112,112
msg,0,107,420,9069,600,112,112
msg,0,108,431,5742,594,112,112
msg,0,109,417,7286,558,112,112
msg,0,110,453,25410,603,112,112
msg,0,111,454,7065,556,112,112
msg,0,112,467,5782,560,112,112
msg,0,113,456,5965,562,112,112
msg,0,114,572,8357,559,112,112
msg,0,115,459,5644,592,112,112
msg,0,116,454,5556,602,112,112
msg,0,117,458,5565,605,112,112
msg,0,118,416,8654,601,112,112
msg,0,119,424,8781,597,112,112
msg,0,120,419,32183,564,112,112
msg,0,121,458,7265,598,112,112
msg,0,122,425,7208,558,112,112
msg,0,123,450,6080,555,112,112
msg,0,124,429,5813,560,112,112
msg,0,125,422,15003,603,112,112
msg,0,126,422,6752,601,112,112
msg,0,127,548,5611,597,112,112
msg,0,128,420,7357,562,112,112
msg,0,129,422,28687,560,112,112
msg,0,130,454,6675,560,112,112
msg,0,131,451,5667,748,112,112
msg,0,132,460,6091,601,112,112
msg,0,133,420,5757,602,112,112
msg,0,134,423,42401,560,112,112
msg,0,135,447,31882,560,112,112
msg,0,136,425,6246,604,112,112
msg,0,137,424,5608,601,112,112
msg,0,138,427,5585,561,112,112
msg,0,139,425,5533,559,112,112
msg,0,140,553,5544,559,112,112
msg,0,141,451,5614,599,112,112
msg,0,142,466,7672,601,112,112
msg,0,143,468,7501,591,112,112
msg,0,144,422,6821,595,112,112
msg,0,145,425,33872,607,112,112
msg,0,146,455,6573,599,112,112
msg,0,147,419,5595,592,112,112
msg,0,148,426,5945,596,112,112
msg,0,149,417,5708,604,112,112
msg,0,150,426,6114,596,112,112
msg,0,151,455,5595,597,112,112
msg,0,152,454,6103,562,112,112
msg,0,153,425,8497,597,112,112
msg,0,154,469,6062,560,112,112
msg,0,155,428,32483,562,112,112
msg,0,156,460,5785,560,112,112
msg,0,157,457,5965,558,112,112
msg,0,158,434,9339,593,112,112
msg,0,159,453,5411,589,112,112
msg,0,160,419,8526,561,112,112
msg,0,161,430,8149,601,112,112
msg,0,162,418,5926,596,112,112
msg,0,163,459,7550,596,112,112
msg,0,164,418,8028,596,112,112
msg,0,165,451,20482,601,112,112
msg,0,166,418,5939,596,112,112
msg,0,167,454,6211,559,112,112
msg,0,168,421,5726,562,112,112
msg,0,169,425,5662,560,112,112
msg,0,170,423,5615,559,112,112
msg,0,171,458,5519,597,112,112
msg,0,172,451,5641,601,112,112
msg,0,173,467,5781,603,112,112
msg,0,174,449,5563,600,112,112
msg,0,175,425,8058,589,112,112
msg,0,176,456,28416,597,112,112
msg,0,177,421,6886,602,112,112
msg,0,178,451,6086,560,112,112
msg,0,179,458,5387,596,112,112
msg,0,180,459,5431,600,112,112
msg,0,181,431,6144,592,112,112
msg,0,182,455,5560,596,112,112
msg,0,183,419,5479,562,112,112
msg,0,184,421,5599,565,112,112
msg,0,185,425,5631,561,112,112
msg,0,186,461,6733,561,112,112
msg,0,187,451,29982,559,112,112
msg,0,188,587,5678,559,112,112
msg,0,189,427,5826,593,112,112
msg,0,190,422,5678,559,112,112
msg,0,191,425,5754,561,112,112
msg,0,192,429,6225,598,112,112
msg,0,193,451,7245,559,112,112
msg,0,194,417,8034,601,112,112
msg,0,195,420,5565,556,112,112
msg,0,196,434,8483,560,112,112
msg,0,197,423,31390,607,112,112
msg,0,198,449,6080,558,112,112
msg,0,199,423,5383,600,112,112
whole,0,11762.639,13896.097,200
1,4.6980,11652.9790,114.5240,11772.2010,5000,5078,45,6264,4,14,5,20,85400,66343.0,71776.0,6855600.0,4561977.0,2,2,2,1
msg,1,0,611,6091,563,112,112
msg,1,1,424,5549,557,112,112
msg,1,2,455,5417,597,112,112
msg,1,3,537,5569,602,112,112
msg,1,4,420,5586,597,112,112
msg,1,5,419,7682,561,112,112
msg,1,6,427,30383,556,112,112
msg,1,7,460,6321,603,112,112
msg,1,8,427,5558,592,112,112
msg,1,9,422,6050,598,112,112
msg,1,10,449,5625,603,112,112
msg,1,11,422,5908,595,112,112
msg,1,12,448,5558,598,112,112
msg,1,13,415,7253,561,112,112
msg,1,14,457,7415,598,112,112
msg,1,15,450,6088,560,112,112
msg,1,16,460,29814,559,112,112
msg,1,17,428,5769,562,112,112
msg,1,18,424,5941,592,112,112
msg,1,19,427,6084,604,112,112
msg,1,20,451,5731,606,112,112
msg,1,21,455,5588,601,112,112
msg,1,22,416,5885,596,112,112
msg,1,23,453,5544,590,112,112
msg,1,24,427,6588,563,112,112
msg,1,25,423,6062,605,112,112
msg,1,26,427,8558,601,112,112
msg,1,27,423,33507,564,112,112
msg,1,28,426,5723,562,112,112
msg,1,29,423,5636,560,112,112
msg,1,30,472,5686,562,112,112
msg,1,31,450,5607,605,112,112
msg,1,32,450,5610,598,112,112
msg,1,33,453,5432,592,112,112
msg,1,34,415,6814,597,112,112
msg,1,35,424,6536,564,112,112
msg,1,36,428,8594,560,112,112
msg,1,37,452,33996,560,112,112
msg,1,38,441,5994,605,112,112
msg,1,39,619,5574,599,112,112
msg,1,40,416,6423,560,112,112
msg,1,41,440,5959,595,112,112
msg,1,42,421,5856,593,112,112
msg,1,43,415,5779,596,112,112
msg,1,44,423,5978,602,112,112
msg,1,45,451,5732,590,112,112
msg,1,46,454,7846,594,112,112
msg,1,47,459,26801,601,112,112
msg,1,48,469,5659,594,112,112
msg,1,49,461,5869,563,112,112
msg,1,50,451,6764,556,112,112
msg,1,51,460,6065,557,112,112
msg,1,52,421,5456,560,112,112
msg,1,53,449,5426,604,112,112
msg,1,54,421,5542,592,112,112
msg,1,55,429,6881,593,112,112
msg,1,56,422,6198,560,112,112
msg,1,57,456,7938,562,112,112
msg,1,58,428,30578,558,112,112
msg,1,59,453,6191,594,112,112
msg,1,60,416,7903,602,112,112
msg,1,61,423,5597,593,112,112
msg,1,62,433,6044,601,112,112
msg,1,63,415,5646,595,112,112
msg,1,64,424,5564,558,112,112
msg,1,65,425,6967,598,112,112
msg,1,66,422,5508,563,112,112
msg,1,67,417,7714,560,112,112
msg,1,68,420,32466,593,112,112
msg,1,69,460,6600,601,112,112
msg,1,70,463,7196,562,112,112
msg,1,71,423,5941,602,112,112
msg,1,72,530,5659,603,112,112
msg,1,73,418,5865,601,112,112
msg,1,74,419,5878,583,112,112
msg,1,75,450,7902,593,112,112
msg,1,76,449,7218,562,112,112
msg,1,77,421,7237,600,112,112
msg,1,78,459,28896,559,112,112
msg,1,79,449,6164,599,112,112
msg,1,80,425,6035,598,112,112
msg,1,81,453,5932,560,112,112
msg,1,82,549,6008,562,112,112
msg,1,83,427,6472,561,112,112
msg,1,84,456,6625,596,112,112
msg,1,85,458,7544,603,112,112
msg,1,86,454,6479,589,112,112
msg,1,87,417,9744,595,112,112
msg,1,88,423,28796,751,112,112
msg,1,89,426,5842,598,112,112
msg,1,90,443,6053,558,112,112
msg,1,91,459,5750,560,112,112
msg,1,92,457,5572,602,112,112
msg,1,93,452,6312,562,112,112
msg,1,94,421,6974,602,112,112
msg,1,95,419,7094,597,112,112
msg,1,96,448,5673,592,112,112
msg,1,97,454,9688,590,112,112
msg,1,98,459,29166,561,112,112
msg,1,99,422,6238,601,112,112
msg,1,100,458,5977,560,112,112
msg,1,101,459,5497,599,112,112
msg,1,102,452,5599,598,112,112
msg,1,103,427,6494,559,112,112
msg,1,104,421,6021,603,112,112
msg,1,105,427,5839,603,112,112
msg,1,106,459,6124,561,112,112
msg,1,107,423,6948,693,112,112
msg,1,108,416,5718,558,112,112
msg,1,109,428,32785,563,112,112
msg,1,110,420,6084,607,112,112
msg,1,111,453,7268,561,112,112
msg,1,112,424,5966,598,112,112
msg,1,113,419,5895,595,112,112
msg,1,114,420,5729,590,112,112
msg,1,115,419,6265,558,112,112
msg,1,116,460,6299,589,112,112
msg,1,117,424,6423,560,112,112
msg,1,118,437,5926,558,112,112
msg,1,119,426,29575,564,112,112
msg,1,120,426,5809,557,112,112
msg,1,121,422,5917,560,112,112
msg,1,122,425,6373,562,112,112
msg,1,123,458,5821,560,112,112
msg,1,124,454,6043,561,112,112
msg,1,125,437,6203,597,112,112
msg,1,126,454,6831,595,112,112
msg,1,127,455,5685,600,112,112
msg,1,128,454,12071,556,112,112
msg,1,129,419,33064,598,112,112
msg,1,130,428,5934,590,112,112
msg,1,131,423,7171,560,112,112
msg,1,132,461,5996,560,112,112
msg,1,133,428,6271,599,112,112
msg,1,134,451,6009,560,112,112
msg,1,135,453,5750,559,112,112
msg,1,136,457,5545,596,112,112
msg,1,137,456,5919,562,112,112
msg,1,138,453,8333,598,112,112
msg,1,139,420,32960,600,112,112
msg,1,140,455,7564,603,112,112
msg,1,141,421,6382,559,112,112
msg,1,142,429,6560,560,112,112
msg,1,143,454,6495,597,112,112
msg,1,144,464,6629,594,112,112
msg,1,145,455,8944,558,112,112
msg,1,146,456,7489,596,112,112
msg,1,147,452,5930,560,112,112
msg,1,148,473,34510,599,112,112
msg,1,149,450,6432,597,112,112
msg,1,150,520,6400,562,112,112
msg,1,151,427,6601,563,112,112
msg,1,152,448,6067,560,112,112
msg,1,153,424,6003,596,112,112
msg,1,154,418,6020,593,112,112
msg,1,155,457,8033,562,112,112
msg,1,156,425,10509,593,112,112
msg,1,157,456,30460,599,112,112
msg,1,158,430,6599,595,112,112
msg,1,159,423,6330,566,112,112
msg,1,160,452,9324,602,112,112
msg,1,161,426,6107,561,112,112
msg,1,162,451,7660,593,112,112
msg,1,163,454,6030,557,112,112
msg,1,164,426,7665,563,112,112
msg,1,165,454,9925,564,112,112
msg,1,166,423,26958,602,112,112
msg,1,167,420,5936,599,112,112
msg,1,168,421,7865,604,112,112
msg,1,169,457,6277,553,112,112
msg,1,170,424,5707,558,112,112
msg,1,171,431,6074,602,112,112
msg,1,172,419,8881,593,112,112
msg,1,173,422,6099,562,112,112
msg,1,174,462,5750,562,112,112
msg,1,175,467,11562,599,112,112
msg,1,176,454,34261,558,112,112
msg,1,177,433,6323,599,112,112
msg,1,178,453,8956,560,112,112
msg,1,179,424,5936,562,112,112
msg,1,180,422,5818,558,112,112
msg,1,181,423,5602,563,112,112
msg,1,182,425,8260,597,112,112
msg,1,183,460,6369,560,112,112
msg,1,184,427,8119,596,112,112
msg,1,185,451,31198,559,112,112
msg,1,186,423,5873,557,112,112
msg,1,187,429,5565,557,112,112
msg,1,188,457,5728,559,112,112
msg,1,189,455,5883,556,112,112
msg,1,190,428,5496,595,112,112
msg,1,191,461,6379,596,112,112
msg,1,192,416,5767,598,112,112
msg,1,193,433,7480,562,112,112
msg,1,194,421,10407,601,112,112
msg,1,195,454,26245,597,112,112
msg,1,196,423,8572,561,112,112
msg,1,197,426,5882,592,112,112
msg,1,198,428,5612,557,112,112
msg,1,199,427,6002,598,112,112
whole,1,11788.562,13829.022,200
2,5.5680,11655.2620,95.4190,11756.2490,5000,5078,45,6264,4,14,5,20,85400,66294.0,71355.0,6858206.0,4563323.0,2,2,2,1
msg,2,0,607,5956,595,112,112
msg,2,1,421,5762,593,112,112
msg,2,2,419,5720,563,112,112
msg,2,3,425,5453,558,112,112
msg,2,4,461,7084,557,112,112
msg,2,5,427,9787,596,112,112
msg,2,6,432,8091,597,112,112
msg,2,7,450,21132,558,112,112
msg,2,8,426,5322,605,112,112
msg,2,9,443,5621,605,112,112
msg,2,10,416,5371,561,112,112
msg,2,11,435,5938,559,112,112
msg,2,12,421,6103,604,112,112
msg,2,13,448,5970,594,112,112
msg,2,14,458,5637,599,112,112
msg,2,15,455,6088,557,112,112
msg,2,16,415,6227,604,112,112
msg,2,17,555,5932,559,112,112
msg,2,18,457,33989,562,112,112
msg,2,19,421,18455,594,112,112
msg,2,20,456,6254,595,112,112
msg,2,21,429,5921,593,112,112
msg,2,22,422,5722,597,112,112
msg,2,23,428,5569,562,112,112
msg,2,24,430,5598,559,112,112
msg,2,25,419,11920,563,112,112
msg,2,26,433,32801,559,112,112
msg,2,27,417,5809,598,112,112
msg,2,28,444,6334,563,112,112
msg,2,29,458,6027,564,112,112
msg,2,30,430,5903,595,112,112
msg,2,31,423,5591,563,112,112
msg,2,32,440,5676,564,112,112
msg,2,33,420,7069,596,112,112
msg,2,34,422,6468,562,112,112
msg,2,35,431,7173,693,112,112
msg,2,36,456,28797,599,112,112
msg,2,37,457,6478,606,112,112
msg,2,38,421,5694,603,112,112
msg,2,39,418,5949,595,112,112
msg,2,40,464,5494,687,112,112
msg,2,41,422,5821,601,112,112
msg,2,42,461,5702,597,112,112
msg,2,43,452,5705,603,112,112
msg,2,44,447,8436,561,112,112
msg,2,45,424,9964,602,112,112
msg,2,46,422,31054,595,112,112
msg,2,47,459,6284,596,112,112
msg,2,48,430,5722,599,112,112
msg,2,49,424,6032,602,112,112
msg,2,50,463,5614,595,112,112
msg,2,51,429,6064,596,112,112
msg,2,52,459,8181,691,112,112
msg,2,53,426,7741,593,112,112
msg,2,54,427,5679,561,112,112
msg,2,55,419,7043,601,112,112
msg,2,56,414,29817,604,112,112
msg,2,57,445,5975,589,112,112
msg,2,58,452,6179,559,112,112
msg,2,59,434,6236,591,112,112
msg,2,60,453,6244,561,112,112
msg,2,61,422,6009,599,112,112
msg,2,62,423,5792,600,112,112
msg,2,63,418,7246,564,112,112
msg,2,64,523,5901,565,112,112
msg,2,65,423,9558,559,112,112
msg,2,66,423,27161,601,112,112
msg,2,67,425,6253,556,112,112
msg,2,68,463,6308,598,112,112
msg,2,69,425,5791,600,112,112
msg,2,70,423,5549,594,112,112
msg,2,71,418,5599,560,112,112
msg,2,72,422,7224,600,112,112
msg,2,73,457,5525,596,112,112
msg,2,74,421,6862,597,112,112
msg,2,75,424,6285,562,112,112
msg,2,76,427,7339,595,112,112
msg,2,77,446,34364,558,112,112
msg,2,78,424,6110,603,112,112
msg,2,79,446,5660,693,112,112
msg,2,80,444,5800,596,112,112
msg,2,81,454,6078,556,112,112
msg,2,82,424,6307,601,112,112
msg,2,83,448,5785,598,112,112
msg,2,84,449,6119,558,112,112
msg,2,85,429,6218,604,112,112
msg,2,86,421,6660,594,112,112
msg,2,87,421,28479,561,112,112
msg,2,88,428,6453,596,112,112
msg,2,89,454,5577,603,112,112
msg,2,90,451,5464,595,112,112
msg,2,91,426,5584,562,112,112
msg,2,92,421,7341,600,112,112
msg,2,93,461,5723,598,112,112
msg,2,94,454,5589,601,112,112
msg,2,95,456,5604,605,112,112
msg,2,96,447,10593,602,112,112
msg,2,97,421,28544,562,112,112
msg,2,98,426,6805,592,112,112
msg,2,99,427,5801,594,112,112
msg,2,100,421,5784,599,112,112
msg,2,101,419,5680,558,112,112
msg,2,102,426,5533,561,112,112
msg,2,103,455,5826,561,112,112
msg,2,104,428,6199,601,112,112
msg,2,105,430,7926,600,112,112
msg,2,106,444,6926,563,112,112
msg,2,107,470,6272,598,112,112
msg,2,108,435,30495,563,112,112
msg,2,109,429,5948,595,112,112
msg,2,110,431,5820,594,112,112
msg,2,111,419,6521,562,112,112
msg,2,112,430,5802,564,112,112
msg,2,113,435,6185,601,112,112
msg,2,114,454,5645,598,112,112
msg,2,115,426,6894,600,112,112
msg,2,116,456,9529,603,112,112
msg,2,117,418,6457,560,112,112
msg,2,118,434,29666,563,112,112
msg,2,119,422,5747,557,112,112
msg,2,120,420,5671,562,112,112
msg,2,121,423,5970,594,112,112
msg,2,122,430,6503,558,112,112
msg,2,123,421,5487,591,112,112
msg,2,124,463,6783,599,112,112
msg,2,125,454,6873,561,112,112
msg,2,126,452,5808,560,112,112
msg,2,127,456,9873,564,112,112
msg,2,128,425,26990,596,112,112
msg,2,129,422,5982,597,112,112
msg,2,130,443,5624,604,112,112
msg,2,131,434,6332,557,112,112
msg,2,132,430,5989,591,112,112
msg,2,133,426,6300,598,112,112
msg,2,134,456,5605,603,112,112
msg,2,135,445,5680,608,112,112
msg,2,136,450,8707,595,112,112
msg,2,137,459,5845,561,112,112
msg,2,138,461,6937,560,112,112
msg,2,139,426,25179,601,112,112
msg,2,140,424,6921,687,112,112
msg,2,141,455,5773,591,112,112
msg,2,142,462,6462,600,112,112
msg,2,143,423,7488,594,112,112
msg,2,144,422,7190,594,112,112
msg,2,145,460,5689,598,112,112
msg,2,146,454,7270,559,112,112
msg,2,147,416,5774,560,112,112
msg,2,148,423,10223,603,112,112
msg,2,149,444,26955,561,112,112
msg,2,150,459,6615,600,112,112
msg,2,151,465,7220,594,112,112
msg,2,152,424,6308,595,112,112
msg,2,153,453,6880,562,112,112
msg,2,154,450,7704,563,112,112
msg,2,155,449,6431,600,112,112
msg,2,156,458,9585,599,112,112
msg,2,157,424,6964,597,112,112
msg,2,158,454,6767,605,112,112
msg,2,159,463,32228,556,112,112
msg,2,160,434,6071,601,112,112
msg,2,161,416,5976,597,112,112
msg,2,162,452,6452,599,112,112
msg,2,163,418,5853,601,112,112
msg,2,164,416,5940,597,112,112
msg,2,165,452,6238,563,112,112
msg,2,166,424,6811,598,112,112
msg,2,167,421,6665,558,112,112
msg,2,168,420,6284,592,112,112
msg,2,169,465,28487,594,112,112
msg,2,170,420,6315,565,112,112
msg,2,171,425,6166,600,112,112
msg,2,172,416,7078,590,112,112
msg,2,173,454,5596,601,112,112
msg,2,174,453,5719,600,112,112
msg,2,175,455,5944,562,112,112
msg,2,176,454,6863,560,112,112
msg,2,177,452,6207,598,112,112
msg,2,178,421,10368,561,112,112
msg,2,179,426,30417,598,112,112
msg,2,180,454,7093,563,112,112
msg,2,181,423,6774,558,112,112
msg,2,182,420,5856,562,112,112
msg,2,183,425,6607,557,112,112
msg,2,184,451,5945,557,112,112
msg,2,185,421,5763,560,112,112
msg,2,186,423,6709,563,112,112
msg,2,187,593,5886,603,112,112
msg,2,188,421,8291,563,112,112
msg,2,189,455,34021,562,112,112
msg,2,190,436,6509,562,112,112
msg,2,191,455,6284,604,112,112
msg,2,192,424,6067,598,112,112
msg,2,193,453,5639,601,112,112
msg,2,194,466,5570,605,112,112
msg,2,195,451,5798,603,112,112
msg,2,196,455,6656,599,112,112
msg,2,197,420,6074,560,112,112
msg,2,198,454,7165,592,112,112
msg,2,199,417,29125,600,112,112
whole,2,11772.643,13790.118,200
#heap 28371
#stack 82184
#end
#block pipeline mTLS lorawan11_256 up
#aead AES-256-CTR+2xCMAC (LoRaWAN 1.1 frame, 256-bit keys) (BearSSL (arduino-pico)), uplink, 51 B payload + 13 B overhead
#lib wolfSSL 5.9.4
iter,tcp_ms,tls_ms,mqtt_ms,total_ms,hs_tx_B,hs_rx_B,mqtt_tx_B,mqtt_rx_B,hs_writes,hs_reads,writes,reads,free_heap_B,hs_keygen_us,hs_derive_us,hs_verify_us,hs_sign_us,hs_keygen_n,hs_derive_n,hs_verify_n,hs_sign_n
msg,iter,idx,seal_us,rtt_us,open_us,tx_B,rx_B
whole,iter,first_ms,all_ms,msgs
#suite TLS13-AES256-GCM-SHA384
0,5.3790,11649.7040,120.3870,11775.4700,5000,5078,45,6264,4,14,5,20,85400,66328.0,71134.0,6844098.0,4561611.0,2,2,2,1
msg,0,0,1179,5923,1077,112,112
msg,0,1,943,5438,1098,112,112
msg,0,2,951,7170,1093,112,112
msg,0,3,1108,76469,1178,112,112
msg,0,4,937,5607,1080,112,112
msg,0,5,951,5496,1096,112,112
msg,0,6,949,5735,1103,112,112
msg,0,7,947,8131,1086,112,112
msg,0,8,939,5500,1072,112,112
msg,0,9,942,5812,1083,112,112
msg,0,10,936,40411,1087,112,112
msg,0,11,939,7244,1080,112,112
msg,0,12,937,5745,1083,112,112
msg,0,13,939,5523,1078,112,112
msg,0,14,939,5613,1072,112,112
msg,0,15,942,7864,1073,112,112
msg,0,16,937,9682,1072,112,112
msg,0,17,947,27721,1071,112,112
msg,0,18,940,5753,1069,112,112
msg,0,19,941,5649,1083,112,112
msg,0,20,938,5905,1166,112,112
msg,0,21,935,5586,1099,112,112
msg,0,22,941,5455,1088,112,112
msg,0,23,914,6611,1087,112,112
msg,0,24,942,5801,1086,112,112
msg,0,25,943,5970,1089,112,112
msg,0,26,945,9088,1072,112,112
msg,0,27,942,33564,1104,112,112
msg,0,28,937,5509,1096,112,112
msg,0,29,943,6142,1083,112,112
msg,0,30,948,5596,1067,112,112
msg,0,31,942,7418,1094,112,112
msg,0,32,913,6439,1082,112,112
msg,0,33,954,5814,1093,112,112
msg,0,34,944,5564,1074,112,112
msg,0,35,941,5938,1092,112,112
msg,0,36,938,26014,1095,112,112
msg,0,37,911,5470,1087,112,112
msg,0,38,951,5568,1081,112,112
msg,0,39,946,6626,1068,112,112
msg,0,40,936,5663,1101,112,112
msg,0,41,946,5402,1087,112,112
msg,0,42,914,5555,1087,112,112
msg,0,43,946,6608,1178,112,112
msg,0,44,945,6611,1088,112,112
msg,0,45,948,31848,1092,112,112
msg,0,46,945,5554,1083,112,112
msg,0,47,939,5613,1064,112,112
msg,0,48,940,5619,1095,112,112
msg,0,49,944,5530,1091,112,112
msg,0,50,944,5492,1094,112,112
msg,0,51,940,5654,1086,112,112
msg,0,52,943,6161,1090,112,112
msg,0,53,947,5725,1085,112,112
msg,0,54,947,7364,1092,112,112
msg,0,55,938,43610,1092,112,112
msg,0,56,1047,7715,1085,112,112
msg,0,57,947,6036,1087,112,112
msg,0,58,937,5833,1091,112,112
msg,0,59,945,6019,1072,112,112
msg,0,60,946,6516,1083,112,112
msg,0,61,933,7936,1066,112,112
msg,0,62,943,5735,1062,112,112
msg,0,63,949,28502,1087,112,112
msg,0,64,935,7381,1088,112,112
msg,0,65,934,6016,1087,112,112
msg,0,66,938,6450,1082,112,112
msg,0,67,946,6405,1106,112,112
msg,0,68,940,5792,1065,112,112
msg,0,69,938,7862,1084,112,112
msg,0,70,939,7431,1085,112,112
msg,0,71,942,9671,1091,112,112
msg,0,72,948,28510,1096,112,112
msg,0,73,909,7392,1086,112,112
msg,0,74,945,5554,1211,112,112
msg,0,75,953,5937,1086,112,112
msg,0,76,943,5781,1091,112,112
msg,0,77,938,5652,1089,112,112
msg,0,78,936,6056,1092,112,112
msg,0,79,946,10701,1091,112,112
msg,0,80,945,32003,1090,112,112
msg,0,81,954,5437,1089,112,112
msg,0,82,947,6481,1089,112,112
msg,0,83,947,5930,1089,112,112
msg,0,84,945,6823,1078,112,112
msg,0,85,938,7292,1067,112,112
msg,0,86,939,7281,1090,112,112
msg,0,87,941,6284,1072,112,112
msg,0,88,944,6269,1095,112,112
msg,0,89,938,26815,1089,112,112
msg,0,90,1034,6215,1080,112,112
msg,0,91,948,6784,1085,112,112
msg,0,92,950,6284,1092,112,112
msg,0,93,943,7785,1084,112,112
msg,0,94,945,6367,1086,112,112
msg,0,95,949,8535,1084,112,112
msg,0,96,951,6157,1088,112,112
msg,0,97,918,6597,1084,112,112
msg,0,98,936,31413,1071,112,112
msg,0,99,940,6886,1081,112,112
msg,0,100,953,5926,1085,112,112
msg,0,101,945,5743,1088,112,112
msg,0,102,942,5448,1068,112,112
msg,0,103,1045,5656,1065,112,112
msg,0,104,959,8067,1085,112,112
msg,0,105,935,6288,1094,112,112
msg,0,106,944,5877,1072,112,112
msg,0,107,943,32167,1084,112,112
msg,0,108,943,5496,1080,112,112
msg,0,109,944,6239,1089,112,112
msg,0,110,914,5551,1083,112,112
msg,0,111,942,5988,1078,112,112
msg,0,112,914,5476,1094,112,112
msg,0,113,947,6298,1103,112,112
msg,0,114,942,6337,1084,112,112
msg,0,115,940,8246,1061,112,112
msg,0,116,940,28443,1094,112,112
msg,0,117,919,6601,1089,112,112
msg,0,118,957,5585,1083,112,112
msg,0,119,943,5685,1087,112,112
msg,0,120,944,7347,1092,112,112
msg,0,121,946,5431,1091,112,112
msg,0,122,943,6805,1096,112,112
msg,0,123,912,5566,1078,112,112
msg,0,124,936,6627,1183,112,112
msg,0,125,939,31772,1088,112,112
msg,0,126,940,5759,1089,112,112
msg,0,127,950,7506,1083,112,112
msg,0,128,938,6035,1092,112,112
msg,0,129,936,6029,1097,112,112
msg,0,130,944,5942,1096,112,112
msg,0,131,953,6634,1200,112,112
msg,0,132,947,5512,1091,112,112
msg,0,133,910,7513,1084,112,112
msg,0,134,940,30040,1093,112,112
msg,0,135,942,5568,1090,112,112
msg,0,136,1126,7358,1083,112,112
msg,0,137,938,5978,1093,112,112
msg,0,138,940,5683,1084,112,112
msg,0,139,939,5553,1083,112,112
msg,0,140,944,6007,1079,112,112
msg,0,141,947,5712,1086,112,112
msg,0,142,940,7200,1101,112,112
msg,0,143,941,32884,1071,112,112
msg,0,144,943,5702,1064,112,112
msg,0,145,938,7097,1085,112,112
msg,0,146,946,5956,1093,112,112
msg,0,147,1039,5956,1088,112,112
msg,0,148,947,8373,1083,112,112
msg,0,149,942,6597,1087,112,112
msg,0,150,941,7092,1096,112,112
msg,0,151,915,6293,1077,112,112
msg,0,152,944,8024,1087,112,112
msg,0,153,936,29488,1082,112,112
msg,0,154,949,17318,1091,112,112
msg,0,155,942,9424,1085,112,112
msg,0,156,934,8636,1223,112,112
msg,0,157,951,5543,1082,112,112
msg,0,158,937,9866,1180,112,112
msg,0,159,938,29487,1080,112,112
msg,0,160,944,6925,1087,112,112
msg,0,161,939,7155,1098,112,112
msg,0,162,939,5435,1088,112,112
msg,0,163,942,5544,1078,112,112
msg,0,164,940,6014,1087,112,112
msg,0,165,941,5449,1082,112,112
msg,0,166,942,5672,1072,112,112
msg,0,167,942,7991,1086,112,112
msg,0,168,940,34816,1093,112,112
msg,0,169,944,5880,1092,112,112
msg,0,170,944,35344,1075,112,112
msg,0,171,945,7289,1090,112,112
msg,0,172,917,7909,1085,112,112
msg,0,173,942,32392,1087,112,112
msg,0,174,939,7781,1087,112,112
msg,0,175,945,12709,1088,112,112
msg,0,176,941,7659,1078,112,112
msg,0,177,944,5522,1064,112,112
msg,0,178,946,7996,1182,112,112
msg,0,179,953,13356,1069,112,112
msg,0,180,933,31825,1067,112,112
msg,0,181,943,5515,1089,112,112
msg,0,182,945,5809,1084,112,112
msg,0,183,946,5729,1090,112,112
msg,0,184,944,5573,1087,112,112
msg,0,185,939,7429,1088,112,112
msg,0,186,938,8084,1093,112,112
msg,0,187,944,8597,1090,112,112
msg,0,188,944,28849,1090,112,112
msg,0,189,934,5789,1087,112,112
msg,0,190,943,5778,1202,112,112
msg,0,191,944,6581,1089,112,112
msg,0,192,941,5460,1083,112,112
msg,0,193,949,5462,1079,112,112
msg,0,194,950,7388,1093,112,112
msg,0,195,946,7629,1095,112,112
msg,0,196,943,5890,1086,112,112
msg,0,197,944,6027,1081,112,112
msg,0,198,941,30421,1613,112,112
msg,0,199,957,5718,1089,112,112
whole,0,11791.220,14232.082,200
1,4.7200,11647.8220,118.3980,11770.9400,5000,5078,45,6264,4,14,5,20,85400,66890.0,71180.0,6852963.0,4559636.0,2,2,2,1
msg,1,0,1104,5618,1085,112,112
msg,1,1,948,5791,1087,112,112
msg,1,2,943,6203,1091,112,112
msg,1,3,937,5408,1193,112,112
msg,1,4,934,6382,1084,112,112
msg,1,5,935,11545,1063,112,112
msg,1,6,935,41449,1094,112,112
msg,1,7,911,5718,1097,112,112
msg,1,8,1015,6187,1071,112,112
msg,1,9,941,6059,1091,112,112
msg,1,10,936,7344,1067,112,112
msg,1,11,945,5531,1275,112,112
msg,1,12,951,8914,1079,112,112
msg,1,13,936,28113,1094,112,112
msg,1,14,944,5675,1089,112,112
msg,1,15,1103,7848,1095,112,112
msg,1,16,948,5557,1086,112,112
msg,1,17,1494,7812,1084,112,112
msg,1,18,944,5960,1082,112,112
msg,1,19,938,6242,1086,112,112
msg,1,20,941,5917,1059,112,112
msg,1,21,942,8772,1066,112,112
msg,1,22,939,27719,1100,112,112
msg,1,23,944,5873,1067,112,112
msg,1,24,945,7377,1089,112,112
msg,1,25,915,6104,1067,112,112
msg,1,26,1033,7958,1078,112,112
msg,1,27,953,6341,1095,112,112
msg,1,28,947,5692,1090,112,112
msg,1,29,940,6469,1094,112,112
msg,1,30,940,8836,1091,112,112
msg,1,31,913,32741,1087,112,112
msg,1,32,913,5536,1088,112,112
msg,1,33,944,7864,1092,112,112
msg,1,34,1051,6748,1093,112,112
msg,1,35,913,6125,1069,112,112
msg,1,36,953,6332,1086,112,112
msg,1,37,942,6079,1101,112,112
msg,1,38,954,5872,1072,112,112
msg,1,39,942,6495,1091,112,112
msg,1,40,953,29989,1066,112,112
msg,1,41,944,5530,1091,112,112
msg,1,42,944,5768,1084,112,112
msg,1,43,1044,6134,1086,112,112
msg,1,44,942,6132,1094,112,112
msg,1,45,940,5800,1088,112,112
msg,1,46,940,8477,1088,112,112
msg,1,47,953,5903,1094,112,112
msg,1,48,931,6418,1083,112,112
msg,1,49,942,31262,1089,112,112
msg,1,50,945,5794,1096,112,112
msg,1,51,937,5994,1079,112,112
msg,1,52,942,5646,1067,112,112
msg,1,53,941,6615,1097,112,112
msg,1,54,942,6448,1088,112,112
msg,1,55,937,8397,1081,112,112
msg,1,56,939,8548,1075,112,112
msg,1,57,943,32294,1094,112,112
msg,1,58,909,6593,1092,112,112
msg,1,59,942,6527,1085,112,112
msg,1,60,946,6653,1083,112,112
msg,1,61,942,6133,1086,112,112
msg,1,62,1044,5890,1094,112,112
msg,1,63,943,6216,1082,112,112
msg,1,64,944,5967,1087,112,112
msg,1,65,946,8296,1068,112,112
msg,1,66,938,33028,1084,112,112
msg,1,67,941,5711,1081,112,112
msg,1,68,937,5927,1084,112,112
msg,1,69,940,5619,1085,112,112
msg,1,70,937,5894,1087,112,112
msg,1,71,944,6117,1094,112,112
msg,1,72,938,5942,1100,112,112
msg,1,73,946,6176,1088,112,112
msg,1,74,942,7875,1088,112,112
msg,1,75,949,33231,1062,112,112
msg,1,76,943,5458,1097,112,112
msg,1,77,947,6696,1093,112,112
msg,1,78,938,5459,1088,112,112
msg,1,79,941,5465,1080,112,112
msg,1,80,938,6461,1091,112,112
msg,1,81,943,8331,1091,112,112
msg,1,82,941,13038,1093,112,112
msg,1,83,942,32930,1102,112,112
msg,1,84,941,6844,1063,112,112
msg,1,85,937,7437,1093,112,112
msg,1,86,935,6700,1099,112,112
msg,1,87,916,6023,1105,112,112
msg,1,88,943,6600,1194,112,112
msg,1,89,948,6417,1093,112,112
msg,1,90,945,10539,1087,112,112
msg,1,91,940,31960,1092,112,112
msg,1,92,941,5962,1091,112,112
msg,1,93,942,6391,1086,112,112
msg,1,94,943,5485,1190,112,112
msg,1,95,946,5496,1071,112,112
msg,1,96,1124,6268,1089,112,112
msg,1,97,944,5890,1097,112,112
msg,1,98,936,5454,1089,112,112
msg,1,99,908,9370,1084,112,112
msg,1,100,936,27426,1106,112,112
msg,1,101,938,5472,1094,112,112
msg,1,102,913,5829,1091,112,112
msg,1,103,952,7497,1072,112,112
msg,1,104,942,7368,1065,112,112
msg,1,105,938,5470,1095,112,112
msg,1,106,941,7788,1082,112,112
msg,1,107,941,5567,1094,112,112
msg,1,108,910,7197,1071,112,112
msg,1,109,957,34080,1079,112,112
msg,1,110,943,5517,1084,112,112
msg,1,111,959,17974,1084,112,112
msg,1,112,946,5604,1087,112,112
msg,1,113,946,5585,1069,112,112
msg,1,114,948,6292,1095,112,112
msg,1,115,950,5841,1091,112,112
msg,1,116,909,6319,1089,112,112
msg,1,117,944,27596,1159,112,112
msg,1,118,943,6076,1083,112,112
msg,1,119,941,6523,1078,112,112
msg,1,120,937,5971,1086,112,112
msg,1,121,947,5625,1084,112,112
msg,1,122,948,5835,1088,112,112
msg,1,123,944,6165,1080,112,112
msg,1,124,939,6056,1071,112,112
msg,1,125,938,12572,1100,112,112
msg,1,126,935,26361,1096,112,112
msg,1,127,943,5945,1093,112,112
msg,1,128,941,6252,1082,112,112
msg,1,129,1051,5789,1092,112,112
msg,1,130,934,5939,1091,112,112
msg,1,131,943,5985,1091,112,112
msg,1,132,940,5657,1089,112,112
msg,1,133,938,7227,1079,112,112
msg,1,134,942,10162,1097,112,112
msg,1,135,911,32234,1067,112,112
msg,1,136,940,6517,1088,112,112
msg,1,137,947,6218,1086,112,112
msg,1,138,944,5873,1088,112,112
msg,1,139,943,5741,1087,112,112
msg,1,140,947,6027,1080,112,112
msg,1,141,940,7049,1075,112,112
msg,1,142,954,6053,1090,112,112
msg,1,143,1037,6752,1084,112,112
msg,1,144,940,24657,1083,112,112
msg,1,145,946,5557,1075,112,112
msg,1,146,940,5427,1185,112,112
msg,1,147,940,6315,1094,112,112
msg,1,148,940,6024,1091,112,112
msg,1,149,939,5444,1084,112,112
msg,1,150,945,6949,1088,112,112
msg,1,151,933,7844,1096,112,112
msg,1,152,916,6124,1069,112,112
msg,1,153,943,5911,1160,112,112
msg,1,154,945,27235,1086,112,112
msg,1,155,941,5807,1092,112,112
msg,1,156,949,7158,1085,112,112
msg,1,157,937,5420,1100,112,112
msg,1,158,937,5620,1094,112,112
msg,1,159,953,8451,1090,112,112
msg,1,160,943,6601,1084,112,112
msg,1,161,940,6058,1089,112,112
msg,1,162,909,8692,1092,112,112
msg,1,163,946,32194,1068,112,112
msg,1,164,939,7166,1083,112,112
msg,1,165,942,5500,1075,112,112
msg,1,166,943,5990,1086,112,112
msg,1,167,941,7103,1100,112,112
msg,1,168,937,5752,1094,112,112
msg,1,169,943,7470,1087,112,112
msg,1,170,949,8361,1222,112,112
msg,1,171,950,32489,1069,112,112
msg,1,172,944,5921,1083,112,112
msg,1,173,955,5535,1067,112,112
msg,1,174,936,5399,1095,112,112
msg,1,175,918,6264,1075,112,112
msg,1,176,940,5625,1069,112,112
msg,1,177,946,5530,1087,112,112
msg,1,178,937,7449,1088,112,112
msg,1,179,947,11702,1090,112,112
msg,1,180,947,32751,1091,112,112
msg,1,181,933,7010,1096,112,112
msg,1,182,943,7600,1092,112,112
msg,1,183,943,5394,1090,112,112
msg,1,184,1040,5431,1064,112,112
msg,1,185,948,5402,1097,112,112
msg,1,186,907,5538,1085,112,112
msg,1,187,950,6507,1242,112,112
msg,1,188,939,6175,1088,112,112
msg,1,189,944,27883,1205,112,112
msg,1,190,943,5938,1081,112,112
msg,1,191,945,6947,1090,112,112
msg,1,192,936,5622,1083,112,112
msg,1,193,939,5422,1100,112,112
msg,1,194,942,5597,1087,112,112
msg,1,195,941,5520,1091,112,112
msg,1,196,948,6468,1085,112,112
msg,1,197,939,5644,1077,112,112
msg,1,198,942,5677,1073,112,112
msg,1,199,942,25575,1195,112,112
whole,1,11786.687,14111.828,200
2,4.4970,11658.9120,45.5070,11708.9160,5000,5078,45,6264,4,14,5,20,85400,66290.0,71474.0,6847111.0,4560961.0,2,2,2,1
msg,2,0,1085,7840,1073,112,112
msg,2,1,949,12279,1089,112,112
msg,2,2,915,28392,1086,112,112
msg,2,3,953,5773,1083,112,112
msg,2,4,960,6255,1098,112,112
msg,2,5,940,5706,1092,112,112
msg,2,6,939,7468,1094,112,112
msg,2,7,941,5702,1084,112,112
msg,2,8,939,6727,1074,112,112
msg,2,9,944,6345,1065,112,112
msg,2,10,938,8575,1198,112,112
msg,2,11,937,31813,1616,112,112
msg,2,12,965,5666,1090,112,112
msg,2,13,937,5494,1088,112,112
msg,2,14,941,5614,1062,112,112
msg,2,15,940,5777,1072,112,112
msg,2,16,943,5557,1092,112,112
msg,2,17,1039,6237,1091,112,112
msg,2,18,944,8342,1065,112,112
msg,2,19,1035,6842,1080,112,112
msg,2,20,954,32835,1082,112,112
msg,2,21,942,5516,1063,112,112
msg,2,22,943,5848,1068,112,112
msg,2,23,946,5915,1085,112,112
msg,2,24,945,5539,1068,112,112
msg,2,25,1035,5513,1085,112,112
msg,2,26,940,5577,1087,112,112
msg,2,27,911,8335,1086,112,112
msg,2,28,945,6807,1082,112,112
msg,2,29,953,32924,1090,112,112
msg,2,30,943,5878,1091,112,112
msg,2,31,947,5586,1084,112,112
msg,2,32,937,5572,1088,112,112
msg,2,33,946,6098,1093,112,112
msg,2,34,946,5879,1093,112,112
msg,2,35,947,5600,1087,112,112
msg,2,36,944,6235,1069,112,112
msg,2,37,942,9749,1072,112,112
msg,2,38,1099,25444,1099,112,112
msg,2,39,935,5612,1095,112,112
msg,2,40,950,5544,1089,112,112
msg,2,41,943,5523,1088,112,112
msg,2,42,946,6040,1093,112,112
msg,2,43,926,7070,1102,112,112
msg,2,44,936,9236,1084,112,112
msg,2,45,1035,8326,1069,112,112
msg,2,46,944,7420,1266,112,112
msg,2,47,945,27590,1088,112,112
msg,2,48,953,5866,1102,112,112
msg,2,49,942,6198,1093,112,112
msg,2,50,948,6169,1096,112,112
msg,2,51,944,7266,1091,112,112
msg,2,52,946,5678,1090,112,112
msg,2,53,966,7392,1098,112,112
msg,2,54,949,5738,1098,112,112
msg,2,55,937,8858,1068,112,112
msg,2,56,943,32641,1101,112,112
msg,2,57,939,5673,1199,112,112
msg,2,58,939,6471,1091,112,112
msg,2,59,912,5548,1088,112,112
msg,2,60,938,5820,1094,112,112
msg,2,61,940,5882,1088,112,112
msg,2,62,914,5849,1094,112,112
msg,2,63,940,6271,1084,112,112
msg,2,64,942,7022,1092,112,112
msg,2,65,941,26592,1088,112,112
msg,2,66,941,5759,1187,112,112
msg,2,67,936,5595,1088,112,112
msg,2,68,939,6042,1090,112,112
msg,2,69,919,5521,1084,112,112
msg,2,70,947,5439,1064,112,112
msg,2,71,946,5481,1200,112,112
msg,2,72,940,5431,1092,112,112
msg,2,73,941,6026,1092,112,112
msg,2,74,951,8680,1092,112,112
msg,2,75,945,31998,1071,112,112
msg,2,76,948,6200,1089,112,112
msg,2,77,944,8326,1162,112,112
msg,2,78,942,5880,1085,112,112
msg,2,79,942,5491,1069,112,112
msg,2,80,949,5491,1095,112,112
msg,2,81,937,8059,1160,112,112
msg,2,82,940,11227,1093,112,112
msg,2,83,918,33271,1081,112,112
msg,2,84,941,7182,1099,112,112
msg,2,85,939,5799,1090,112,112
msg,2,86,910,5481,1085,112,112
msg,2,87,938,5452,1067,112,112
msg,2,88,943,6584,1086,112,112
msg,2,89,942,5710,1089,112,112
msg,2,90,946,7321,1088,112,112
msg,2,91,943,6624,1091,112,112
msg,2,92,941,30540,1073,112,112
msg,2,93,942,5819,1076,112,112
msg,2,94,950,5784,1084,112,112
msg,2,95,942,5769,1174,112,112
msg,2,96,945,6619,1078,112,112
msg,2,97,937,7643,1064,112,112
msg,2,98,1038,5683,1069,112,112
msg,2,99,943,6019,1087,112,112
msg,2,100,950,7211,1094,112,112
msg,2,101,941,26726,1094,112,112
msg,2,102,1043,5837,1099,112,112
msg,2,103,939,7378,1085,112,112
msg,2,104,939,5569,1085,112,112
msg,2,105,944,5787,1091,112,112
msg,2,106,942,10858,1087,112,112
msg,2,107,941,7313,1222,112,112
msg,2,108,949,9608,1065,112,112
msg,2,109,946,32323,1094,112,112
msg,2,110,917,5516,1085,112,112
msg,2,111,943,7790,1090,112,112
msg,2,112,941,10654,1093,112,112
msg,2,113,945,9023,1099,112,112
msg,2,114,911,5708,1092,112,112
msg,2,115,943,5912,1093,112,112
msg,2,116,938,9237,1081,112,112
msg,2,117,943,31543,1073,112,112
msg,2,118,946,5438,1091,112,112
msg,2,119,937,8839,1085,112,112
msg,2,120,938,6266,1087,112,112
msg,2,121,942,5530,1064,112,112
msg,2,122,940,5703,1067,112,112
msg,2,123,1034,5792,1080,112,112
msg,2,124,943,9993,1093,112,112
msg,2,125,944,5736,1461,112,112
msg,2,126,941,32059,1070,112,112
msg,2,127,947,5775,1066,112,112
msg,2,128,944,5511,1096,112,112
msg,2,129,948,5536,1182,112,112
msg,2,130,939,5726,1094,112,112
msg,2,131,940,6147,1067,112,112
msg,2,132,948,5430,1090,112,112
msg,2,133,939,5444,1084,112,112
msg,2,134,950,9000,1090,112,112
msg,2,135,935,24409,1089,112,112
msg,2,136,940,5716,1087,112,112
msg,2,137,944,5452,1070,112,112
msg,2,138,945,6014,1090,112,112
msg,2,139,939,5437,1068,112,112
msg,2,140,942,6024,1089,112,112
msg,2,141,948,7967,1248,112,112
msg,2,142,930,8465,1083,112,112
msg,2,143,941,10713,1606,112,112
msg,2,144,946,33162,1082,112,112
msg,2,145,945,5495,1063,112,112
msg,2,146,940,7066,1088,112,112
msg,2,147,942,5551,1067,112,112
msg,2,148,934,5503,1085,112,112
msg,2,149,937,6637,1094,112,112
msg,2,150,943,5439,1085,112,112
msg,2,151,952,6146,1092,112,112
msg,2,152,937,8733,1096,112,112
msg,2,153,940,26045,1073,112,112
msg,2,154,952,7032,1087,112,112
msg,2,155,940,6620,1080,112,112
msg,2,156,938,5789,1082,112,112
msg,2,157,943,6266,1089,112,112
msg,2,158,943,5669,1255,112,112
msg,2,159,944,7384,1090,112,112
msg,2,160,938,6984,1090,112,112
msg,2,161,944,9347,1088,112,112
msg,2,162,947,29741,1092,112,112
msg,2,163,940,7069,1094,112,112
msg,2,164,1517,5863,1090,112,112
msg,2,165,952,6460,1081,112,112
msg,2,166,943,6707,1081,112,112
msg,2,167,1110,8699,1092,112,112
msg,2,168,945,6099,1090,112,112
msg,2,169,951,10414,1080,112,112
msg,2,170,947,32067,1088,112,112
msg,2,171,945,6607,1085,112,112
msg,2,172,947,6320,1068,112,112
msg,2,173,952,5388,1084,112,112
msg,2,174,940,5562,1092,112,112
msg,2,175,1101,5516,1084,112,112
msg,2,176,943,6027,1090,112,112
msg,2,177,917,6480,1088,112,112
msg,2,178,939,8741,1084,112,112
msg,2,179,941,29099,1095,112,112
msg,2,180,914,5568,1088,112,112
msg,2,181,942,7106,1090,112,112
msg,2,182,942,6189,1088,112,112
msg,2,183,942,7515,1062,112,112
msg,2,184,941,5806,1070,112,112
msg,2,185,941,5698,1069,112,112
msg,2,186,935,6423,1091,112,112
msg,2,187,917,9795,1097,112,112
msg,2,188,945,26686,1097,112,112
msg,2,189,919,6071,1064,112,112
msg,2,190,937,7305,1093,112,112
msg,2,191,939,7627,1088,112,112
msg,2,192,942,7823,1086,112,112
msg,2,193,940,6597,1086,112,112
msg,2,194,947,6016,1095,112,112
msg,2,195,941,9412,1082,112,112
msg,2,196,941,10580,1073,112,112
msg,2,197,939,24603,1100,112,112
msg,2,198,942,5935,1072,112,112
msg,2,199,940,7403,1091,112,112
whole,2,11726.008,14045.306,200
#heap 28371
#stack 82184
#end
#block pipeline mTLS lorawan11_256 down
#aead AES-256-CTR+2xCMAC (LoRaWAN 1.1 frame, 256-bit keys) (BearSSL (arduino-pico)), downlink, 51 B payload + 13 B overhead
#lib wolfSSL 5.9.4
iter,tcp_ms,tls_ms,mqtt_ms,total_ms,hs_tx_B,hs_rx_B,mqtt_tx_B,mqtt_rx_B,hs_writes,hs_reads,writes,reads,free_heap_B,hs_keygen_us,hs_derive_us,hs_verify_us,hs_sign_us,hs_keygen_n,hs_derive_n,hs_verify_n,hs_sign_n
msg,iter,idx,seal_us,rtt_us,open_us,tx_B,rx_B
whole,iter,first_ms,all_ms,msgs
#suite TLS13-AES256-GCM-SHA384
0,4.4920,11652.2260,116.2390,11772.9570,5000,5078,45,6264,4,14,5,20,85400,66766.0,71185.0,6855390.0,4558498.0,2,2,2,1
msg,0,0,741,5822,733,112,112
msg,0,1,559,5897,738,112,112
msg,0,2,587,5455,734,112,112
msg,0,3,582,5805,695,112,112
msg,0,4,555,6929,736,112,112
msg,0,5,596,5539,731,112,112
msg,0,6,585,6283,732,112,112
msg,0,7,594,27906,692,112,112
msg,0,8,559,5830,832,112,112
msg,0,9,592,5825,732,112,112
msg,0,10,587,6879,694,112,112
msg,0,11,564,10574,725,112,112
msg,0,12,555,5814,737,112,112
msg,0,13,585,5451,733,112,112
msg,0,14,584,7449,741,112,112
msg,0,15,587,10267,732,112,112
msg,0,16,588,33405,732,112,112
msg,0,17,555,5782,737,112,112
msg,0,18,588,5524,735,112,112
msg,0,19,589,7369,733,112,112
msg,0,20,589,5471,736,112,112
msg,0,21,591,5468,734,112,112
msg,0,22,587,5493,740,112,112
msg,0,23,589,8262,729,112,112
msg,0,24,591,8513,737,112,112
msg,0,25,590,28898,691,112,112
msg,0,26,556,7600,698,112,112
msg,0,27,562,5982,734,112,112
msg,0,28,588,5907,695,112,112
msg,0,29,556,5845,728,112,112
msg,0,30,560,5741,728,112,112
msg,0,31,594,6141,815,112,112
msg,0,32,577,6438,726,112,112
msg,0,33,557,7262,695,112,112
msg,0,34,558,10179,732,112,112
msg,0,35,602,33139,730,112,112
msg,0,36,598,7663,731,112,112
msg,0,37,584,5717,881,112,112
msg,0,38,562,5797,728,112,112
msg,0,39,550,6231,699,112,112
msg,0,40,559,5484,698,112,112
msg,0,41,566,5459,695,112,112
msg,0,42,561,6607,696,112,112
msg,0,43,563,5596,723,112,112
msg,0,44,555,5986,735,112,112
msg,0,45,583,33528,726,112,112
msg,0,46,588,5919,695,112,112
msg,0,47,556,5886,734,112,112
msg,0,48,586,7369,735,112,112
msg,0,49,591,5528,733,112,112
msg,0,50,590,6374,737,112,112
msg,0,51,593,7252,729,112,112
msg,0,52,559,5718,736,112,112
msg,0,53,588,9892,697,112,112
msg,0,54,557,30005,735,112,112
msg,0,55,587,5997,691,112,112
msg,0,56,558,8667,698,112,112
msg,0,57,556,7075,727,112,112
msg,0,58,584,7195,832,112,112
msg,0,59,592,5679,729,112,112
msg,0,60,582,8628,700,112,112
msg,0,61,562,5560,695,112,112
msg,0,62,558,8834,736,112,112
msg,0,63,592,53782,735,112,112
msg,0,64,582,5968,691,112,112
msg,0,65,560,6417,694,112,112
msg,0,66,564,6445,692,112,112
msg,0,67,559,6019,737,112,112
msg,0,68,586,5626,734,112,112
msg,0,69,588,46373,820,112,112
msg,0,70,589,8299,740,112,112
msg,0,71,589,5692,731,112,112
msg,0,72,590,6373,736,112,112
msg,0,73,588,5916,728,112,112
msg,0,74,557,5745,731,112,112
msg,0,75,584,5611,735,112,112
msg,0,76,589,6863,692,112,112
msg,0,77,558,7858,736,112,112
msg,0,78,581,32234,696,112,112
msg,0,79,559,5816,729,112,112
msg,0,80,586,5654,733,112,112
msg,0,81,599,5529,735,112,112
msg,0,82,584,5741,691,112,112
msg,0,83,556,5605,696,112,112
msg,0,84,564,5419,697,112,112
msg,0,85,559,5584,697,112,112
msg,0,86,561,5722,735,112,112
msg,0,87,559,10171,695,112,112
msg,0,88,564,30425,696,112,112
msg,0,89,597,5707,693,112,112
msg,0,90,562,7071,731,112,112
msg,0,91,586,6019,823,112,112
msg,0,92,583,5473,732,112,112
msg,0,93,589,5552,736,112,112
msg,0,94,582,5543,728,112,112
msg,0,95,589,5414,735,112,112
msg,0,96,581,6251,734,112,112
msg,0,97,555,8574,723,112,112
msg,0,98,552,28560,734,112,112
msg,0,99,583,5904,731,112,112
msg,0,100,584,6262,735,112,112
msg,0,101,585,5398,734,112,112
msg,0,102,692,6133,727,112,112
msg,0,103,589,6173,695,112,112
msg,0,104,559,7406,694,112,112
msg,0,105,554,5547,697,112,112
msg,0,106,555,5685,693,112,112
msg,0,107,556,9324,692,112,112
msg,0,108,559,28058,735,112,112
msg,0,109,591,6364,735,112,112
msg,0,110,601,6189,732,112,112
msg,0,111,554,5652,728,112,112
msg,0,112,597,5468,733,112,112
msg,0,113,594,5710,1271,112,112
msg,0,114,571,6625,732,112,112
msg,0,115,589,5410,729,112,112
msg,0,116,553,6415,726,112,112
msg,0,117,563,9724,734,112,112
msg,0,118,584,32486,736,112,112
msg,0,119,590,5586,740,112,112
msg,0,120,584,6092,733,112,112
msg,0,121,680,6230,699,112,112
msg,0,122,554,5451,697,112,112
msg,0,123,564,6291,728,112,112
msg,0,124,590,6172,737,112,112
msg,0,125,597,8358,737,112,112
msg,0,126,684,10390,733,112,112
msg,0,127,586,30702,731,112,112
msg,0,128,584,5958,727,112,112
msg,0,129,555,5604,730,112,112
msg,0,130,585,5506,737,112,112
msg,0,131,583,5478,733,112,112
msg,0,132,593,5529,741,112,112
msg,0,133,685,8656,723,112,112
msg,0,134,592,5612,694,112,112
msg,0,135,564,6226,733,112,112
msg,0,136,595,9739,694,112,112
msg,0,137,566,23988,732,112,112
msg,0,138,588,6711,736,112,112
msg,0,139,588,5933,697,112,112
msg,0,140,564,6079,734,112,112
msg,0,141,591,6168,735,112,112
msg,0,142,583,6839,735,112,112
msg,0,143,591,6241,733,112,112
msg,0,144,585,6826,693,112,112
msg,0,145,559,7054,735,112,112
msg,0,146,590,9482,738,112,112
msg,0,147,592,28356,730,112,112
msg,0,148,586,5932,692,112,112
msg,0,149,564,5574,694,112,112
msg,0,150,560,5758,732,112,112
msg,0,151,551,6358,692,112,112
msg,0,152,552,5804,735,112,112
msg,0,153,589,6621,731,112,112
msg,0,154,588,6073,721,112,112
msg,0,155,559,6257,693,112,112
msg,0,156,562,9552,692,112,112
msg,0,157,560,44204,724,112,112
msg,0,158,586,7258,738,112,112
msg,0,159,588,6186,730,112,112
msg,0,160,596,5666,735,112,112
msg,0,161,580,5956,693,112,112
msg,0,162,556,5550,693,112,112
msg,0,163,561,5802,728,112,112
msg,0,164,595,11059,691,112,112
msg,0,165,561,33082,733,112,112
msg,0,166,585,5856,692,112,112
msg,0,167,564,5755,727,112,112
msg,0,168,567,5745,826,112,112
msg,0,169,588,6149,725,112,112
msg,0,170,554,6046,729,112,112
msg,0,171,590,5894,728,112,112
msg,0,172,568,8233,696,112,112
msg,0,173,562,9141,735,112,112
msg,0,174,587,30836,694,112,112
msg,0,175,565,7665,696,112,112
msg,0,176,560,6518,691,112,112
msg,0,177,559,5848,730,112,112
msg,0,178,586,5562,732,112,112
msg,0,179,587,5495,736,112,112
msg,0,180,584,5646,732,112,112
msg,0,181,593,6642,690,112,112
msg,0,182,555,5890,732,112,112
msg,0,183,595,34955,734,112,112
msg,0,184,585,6810,733,112,112
msg,0,185,561,5940,729,112,112
msg,0,186,582,7072,735,112,112
msg,0,187,679,7555,726,112,112
msg,0,188,584,5654,740,112,112
msg,0,189,593,7600,725,112,112
msg,0,190,594,5978,730,112,112
msg,0,191,561,6031,730,112,112
msg,0,192,560,8339,731,112,112
msg,0,193,588,33647,696,112,112
msg,0,194,561,6098,730,112,112
msg,0,195,584,6841,691,112,112
msg,0,196,563,5550,694,112,112
msg,0,197,570,5501,692,112,112
msg,0,198,554,6307,695,112,112
msg,0,199,563,5739,729,112,112
whole,0,11787.066,13960.256,200
1,4.5760,11638.5300,88.6770,11731.7830,5000,5078,45,6264,4,14,5,20,85400,66906.0,72064.0,6843146.0,4560275.0,2,2,2,1
msg,1,0,742,5858,734,112,112
msg,1,1,588,5625,733,112,112
msg,1,2,595,5447,738,112,112
msg,1,3,591,5510,736,112,112
msg,1,4,587,5562,726,112,112
msg,1,5,595,6746,692,112,112
msg,1,6,558,8805,730,112,112
msg,1,7,555,30875,728,112,112
msg,1,8,593,5523,731,112,112
msg,1,9,596,6044,728,112,112
msg,1,10,587,6273,696,112,112
msg,1,11,561,5964,735,112,112
msg,1,12,598,6098,727,112,112
msg,1,13,566,7974,733,112,112
msg,1,14,586,7203,826,112,112
msg,1,15,589,10748,730,112,112
msg,1,16,585,27686,695,112,112
msg,1,17,564,6628,727,112,112
msg,1,18,558,7477,695,112,112
msg,1,19,557,6104,730,112,112
msg,1,20,594,5926,732,112,112
msg,1,21,565,5839,740,112,112
msg,1,22,589,5691,735,112,112
msg,1,23,573,5731,727,112,112
msg,1,24,557,8492,729,112,112
msg,1,25,554,6541,729,112,112
msg,1,26,555,26745,741,112,112
msg,1,27,587,5473,735,112,112
msg,1,28,589,5334,733,112,112
msg,1,29,591,6133,693,112,112
msg,1,30,551,5476,692,112,112
msg,1,31,556,6326,693,112,112
msg,1,32,558,5692,695,112,112
msg,1,33,565,6067,730,112,112
msg,1,34,603,7986,726,112,112
msg,1,35,556,9548,727,112,112
msg,1,36,564,32967,732,112,112
msg,1,37,595,5743,695,112,112
msg,1,38,559,5600,695,112,112
msg,1,39,560,5854,734,112,112
msg,1,40,581,5912,696,112,112
msg,1,41,562,5543,694,112,112
msg,1,42,553,5883,735,112,112
msg,1,43,595,5486,733,112,112
msg,1,44,587,5728,737,112,112
msg,1,45,590,8624,693,112,112
msg,1,46,562,34943,731,112,112
msg,1,47,589,5921,728,112,112
msg,1,48,591,6271,729,112,112
msg,1,49,589,5967,692,112,112
msg,1,50,562,5380,691,112,112
msg,1,51,566,5701,730,112,112
msg,1,52,553,5666,731,112,112
msg,1,53,592,7243,723,112,112
msg,1,54,553,7468,692,112,112
msg,1,55,558,39830,739,112,112
msg,1,56,591,9223,722,112,112
msg,1,57,556,6604,731,112,112
msg,1,58,588,6866,730,112,112
msg,1,59,582,5926,730,112,112
msg,1,60,554,6547,717,112,112
msg,1,61,555,5930,729,112,112
msg,1,62,582,13454,734,112,112
msg,1,63,589,28413,737,112,112
msg,1,64,586,6328,732,112,112
msg,1,65,599,8206,728,112,112
msg,1,66,558,6788,736,112,112
msg,1,67,693,7135,733,112,112
msg,1,68,756,8439,731,112,112
msg,1,69,587,6233,735,112,112
msg,1,70,560,8345,697,112,112
msg,1,71,561,8006,738,112,112
msg,1,72,589,33231,823,112,112
msg,1,73,584,5798,729,112,112
msg,1,74,587,6327,731,112,112
msg,1,75,585,6557,711,112,112
msg,1,76,590,5853,694,112,112
msg,1,77,558,6162,732,112,112
msg,1,78,593,7319,732,112,112
msg,1,79,588,6746,691,112,112
msg,1,80,560,9267,729,112,112
msg,1,81,583,32803,694,112,112
msg,1,82,559,6244,726,112,112
msg,1,83,598,6239,737,112,112
msg,1,84,585,8175,729,112,112
msg,1,85,553,6009,727,112,112
msg,1,86,590,6150,732,112,112
msg,1,87,584,7476,740,112,112
msg,1,88,586,6115,715,112,112
msg,1,89,554,9278,694,112,112
msg,1,90,555,33711,696,112,112
msg,1,91,563,5601,727,112,112
msg,1,92,555,5846,731,112,112
msg,1,93,680,5419,732,112,112
msg,1,94,584,5364,736,112,112
msg,1,95,589,5500,829,112,112
msg,1,96,582,5488,729,112,112
msg,1,97,590,5711,697,112,112
msg,1,98,555,7811,720,112,112
msg,1,99,554,7373,1280,112,112
msg,1,100,592,32878,697,112,112
msg,1,101,567,5785,733,112,112
msg,1,102,582,7634,731,112,112
msg,1,103,587,5411,731,112,112
msg,1,104,591,5700,730,112,112
msg,1,105,592,5908,723,112,112
msg,1,106,554,6873,734,112,112
msg,1,107,592,7524,729,112,112
msg,1,108,585,9157,729,112,112
msg,1,109,587,31972,727,112,112
msg,1,110,584,5965,729,112,112
msg,1,111,586,5606,731,112,112
msg,1,112,590,6384,725,112,112
msg,1,113,603,6801,732,112,112
msg,1,114,585,5809,693,112,112
msg,1,115,560,5443,697,112,112
msg,1,116,562,5554,693,112,112
msg,1,117,562,5892,727,112,112
msg,1,118,592,7726,727,112,112
msg,1,119,588,24722,698,112,112
msg,1,120,558,7205,732,112,112
msg,1,121,586,5799,812,112,112
msg,1,122,561,6954,728,112,112
msg,1,123,587,5390,738,112,112
msg,1,124,584,5807,789,112,112
msg,1,125,559,6006,735,112,112
msg,1,126,578,5580,734,112,112
msg,1,127,586,8018,732,112,112
msg,1,128,550,10442,697,112,112
msg,1,129,719,28334,697,112,112
msg,1,130,556,5739,733,112,112
msg,1,131,590,5669,728,112,112
msg,1,132,592,5627,733,112,112
msg,1,133,588,7488,828,112,112
msg,1,134,558,5476,696,112,112
msg,1,135,585,5795,728,112,112
msg,1,136,557,6200,693,112,112
msg,1,137,585,6731,696,112,112
msg,1,138,572,8973,735,112,112
msg,1,139,601,34663,729,112,112
msg,1,140,592,5829,730,112,112
msg,1,141,557,6788,732,112,112
msg,1,142,589,6149,724,112,112
msg,1,143,556,5829,738,112,112
msg,1,144,590,5384,732,112,112
msg,1,145,585,5479,733,112,112
msg,1,146,589,7277,725,112,112
msg,1,147,567,11116,699,112,112
msg,1,148,585,29035,734,112,112
msg,1,149,587,5868,732,112,112
msg,1,150,581,5810,728,112,112
msg,1,151,561,5566,730,112,112
msg,1,152,552,6663,730,112,112
msg,1,153,581,6420,728,112,112
msg,1,154,587,7352,729,112,112
msg,1,155,551,6493,731,112,112
msg,1,156,554,6417,726,112,112
msg,1,157,557,8279,698,112,112
msg,1,158,567,28250,731,112,112
msg,1,159,584,5729,695,112,112
msg,1,160,559,5509,692,112,112
msg,1,161,560,5769,727,112,112
msg,1,162,554,6052,729,112,112
msg,1,163,586,14938,731,112,112
msg,1,164,560,5735,738,112,112
msg,1,165,590,6094,696,112,112
msg,1,166,559,10437,699,112,112
msg,1,167,563,28758,822,112,112
msg,1,168,587,5717,736,112,112
msg,1,169,588,5599,728,112,112
msg,1,170,589,5355,738,112,112
msg,1,171,592,5984,729,112,112
msg,1,172,566,6666,730,112,112
msg,1,173,586,7764,733,112,112
msg,1,174,590,5621,692,112,112
msg,1,175,590,6585,696,112,112
msg,1,176,559,6166,736,112,112
msg,1,177,581,30724,695,112,112
msg,1,178,599,5692,693,112,112
msg,1,179,565,5861,731,112,112
msg,1,180,588,7532,737,112,112
msg,1,181,596,6295,731,112,112
msg,1,182,591,5725,732,112,112
msg,1,183,587,6908,695,112,112
msg,1,184,559,5569,693,112,112
msg,1,185,554,7013,736,112,112
msg,1,186,587,7592,731,112,112
msg,1,187,602,33678,698,112,112
msg,1,188,557,5780,729,112,112
msg,1,189,555,8266,695,112,112
msg,1,190,560,5911,728,112,112
msg,1,191,584,5560,729,112,112
msg,1,192,601,5472,733,112,112
msg,1,193,590,6578,738,112,112
msg,1,194,585,6347,733,112,112
msg,1,195,587,10283,733,112,112
msg,1,196,593,31904,732,112,112
msg,1,197,591,5493,730,112,112
msg,1,198,586,6442,729,112,112
msg,1,199,586,5355,741,112,112
whole,1,11745.880,13893.541,200
2,5.4200,11634.6660,90.3050,11730.3910,5000,5078,45,6264,4,14,5,20,85400,66469.0,71259.0,6845307.0,4556404.0,2,2,2,1
msg,2,0,745,5704,693,112,112
msg,2,1,563,5546,693,112,112
msg,2,2,560,6550,697,112,112
msg,2,3,571,5765,739,112,112
msg,2,4,585,5489,733,112,112
msg,2,5,585,151492,736,112,112
msg,2,6,583,6978,692,112,112
msg,2,7,555,6081,731,112,112
msg,2,8,587,133699,733,112,112
msg,2,9,612,5687,735,112,112
msg,2,10,585,6267,733,112,112
msg,2,11,585,8357,727,112,112
msg,2,12,557,141883,736,112,112
msg,2,13,587,6559,729,112,112
msg,2,14,599,6981,725,112,112
msg,2,15,561,11886,734,112,112
msg,2,16,604,6310,733,112,112
msg,2,17,688,156406,733,112,112
msg,2,18,593,6495,738,112,112
msg,2,19,582,130302,736,112,112
msg,2,20,590,6098,698,112,112
msg,2,21,559,6602,732,112,112
msg,2,22,560,6554,736,112,112
msg,2,23,555,9012,732,112,112
msg,2,24,586,137961,731,112,112
msg,2,25,583,5884,736,112,112
msg,2,26,589,5601,695,112,112
msg,2,27,556,5632,695,112,112
msg,2,28,663,5869,730,112,112
msg,2,29,586,5686,729,112,112
msg,2,30,593,155635,700,112,112
msg,2,31,564,7055,731,112,112
msg,2,32,593,142289,729,112,112
msg,2,33,587,8366,731,112,112
msg,2,34,563,10109,730,112,112
msg,2,35,591,32522,695,112,112
msg,2,36,891,109736,740,112,112
msg,2,37,584,6756,732,112,112
msg,2,38,590,5638,699,112,112
msg,2,39,551,7024,829,112,112
msg,2,40,1083,6216,734,112,112
msg,2,41,602,5817,734,112,112
msg,2,42,556,154110,731,112,112
msg,2,43,584,6090,738,112,112
msg,2,44,581,8858,732,112,112
msg,2,45,582,7448,734,112,112
msg,2,46,586,6917,732,112,112
msg,2,47,555,6347,688,112,112
msg,2,48,563,7154,728,112,112
msg,2,49,589,92985,737,112,112
msg,2,50,559,6105,791,112,112
msg,2,51,559,9462,697,112,112
msg,2,52,558,14860,734,112,112
msg,2,53,556,123799,738,112,112
msg,2,54,584,6281,730,112,112
msg,2,55,586,5708,719,112,112
msg,2,56,587,8320,737,112,112
msg,2,57,591,7872,693,112,112
msg,2,58,558,5628,693,112,112
msg,2,59,559,5562,698,112,112
msg,2,60,565,5939,733,112,112
msg,2,61,586,5853,695,112,112
msg,2,62,557,7900,728,112,112
msg,2,63,584,24109,692,112,112
msg,2,64,558,6483,789,112,112
msg,2,65,558,5716,726,112,112
msg,2,66,558,6517,730,112,112
msg,2,67,558,5591,735,112,112
msg,2,68,588,6214,690,112,112
msg,2,69,555,5569,723,112,112
msg,2,70,557,5583,726,112,112
msg,2,71,562,5597,737,112,112
msg,2,72,591,6129,694,112,112
msg,2,73,561,13900,740,112,112
msg,2,74,582,20474,734,112,112
msg,2,75,585,5352,738,112,112
msg,2,76,583,5407,730,112,112
msg,2,77,596,5956,693,112,112
msg,2,78,556,5662,699,112,112
msg,2,79,560,5835,733,112,112
msg,2,80,583,5542,826,112,112
msg,2,81,583,8360,734,112,112
msg,2,82,595,8414,822,112,112
msg,2,83,582,8540,737,112,112
msg,2,84,585,31450,739,112,112
msg,2,85,586,5765,696,112,112
msg,2,86,564,5804,728,112,112
msg,2,87,549,5714,736,112,112
msg,2,88,585,6047,694,112,112
msg,2,89,556,6238,723,112,112
msg,2,90,590,5582,694,112,112
msg,2,91,581,5804,726,112,112
msg,2,92,556,5425,693,112,112
msg,2,93,569,9132,731,112,112
msg,2,94,588,24394,729,112,112
msg,2,95,686,7359,734,112,112
msg,2,96,600,7131,730,112,112
msg,2,97,584,9797,735,112,112
msg,2,98,592,6390,734,112,112
msg,2,99,588,7777,693,112,112
msg,2,100,555,7932,735,112,112
msg,2,101,588,7366,727,112,112
msg,2,102,559,8945,736,112,112
msg,2,103,577,29985,733,112,112
msg,2,104,564,7587,729,112,112
msg,2,105,1161,9097,739,112,112
msg,2,106,582,8038,696,112,112
msg,2,107,561,6493,693,112,112
msg,2,108,560,5985,733,112,112
msg,2,109,591,6338,727,112,112
msg,2,110,677,6609,735,112,112
msg,2,111,591,9137,732,112,112
msg,2,112,590,28535,726,112,112
msg,2,113,584,7647,730,112,112
msg,2,114,582,6104,731,112,112
msg,2,115,557,7287,701,112,112
msg,2,116,559,8475,694,112,112
msg,2,117,554,7723,727,112,112
msg,2,118,553,6631,733,112,112
msg,2,119,585,9253,733,112,112
msg,2,120,574,37001,731,112,112
msg,2,121,592,12038,739,112,112
msg,2,122,593,5550,730,112,112
msg,2,123,587,6282,826,112,112
msg,2,124,587,5825,736,112,112
msg,2,125,589,5679,697,112,112
msg,2,126,558,5960,728,112,112
msg,2,127,601,6434,735,112,112
msg,2,128,588,10600,735,112,112
msg,2,129,588,28742,729,112,112
msg,2,130,590,7178,734,112,112
msg,2,131,585,5763,726,112,112
msg,2,132,605,6863,729,112,112
msg,2,133,566,6644,734,112,112
msg,2,134,588,6194,694,112,112
msg,2,135,559,5481,816,112,112
msg,2,136,550,5421,695,112,112
msg,2,137,569,7097,736,112,112
msg,2,138,590,7915,722,112,112
msg,2,139,557,32045,734,112,112
msg,2,140,745,5713,697,112,112
msg,2,141,554,6729,730,112,112
msg,2,142,586,6375,729,112,112
msg,2,143,564,6493,734,112,112
msg,2,144,557,5877,737,112,112
msg,2,145,589,5341,739,112,112
msg,2,146,592,5834,693,112,112
msg,2,147,556,8317,728,112,112
msg,2,148,587,29480,730,112,112
msg,2,149,586,7439,734,112,112
msg,2,150,593,5368,731,112,112
msg,2,151,588,7609,730,112,112
msg,2,152,595,7238,731,112,112
msg,2,153,586,5440,741,112,112
msg,2,154,586,6540,732,112,112
msg,2,155,580,5759,701,112,112
msg,2,156,557,6231,729,112,112
msg,2,157,583,9403,729,112,112
msg,2,158,585,33296,732,112,112
msg,2,159,603,6113,695,112,112
msg,2,160,561,5904,737,112,112
msg,2,161,585,6387,735,112,112
msg,2,162,586,6318,725,112,112
msg,2,163,552,5526,735,112,112
msg,2,164,585,5555,737,112,112
msg,2,165,784,5474,735,112,112
msg,2,166,591,6792,696,112,112
msg,2,167,556,6447,693,112,112
msg,2,168,564,28631,696,112,112
msg,2,169,556,5739,734,112,112
msg,2,170,564,5711,735,112,112
msg,2,171,587,5625,731,112,112
msg,2,172,594,5409,734,112,112
msg,2,173,585,5291,728,112,112
msg,2,174,586,7791,716,112,112
msg,2,175,587,5718,696,112,112
msg,2,176,564,6598,690,112,112
msg,2,177,562,9276,694,112,112
msg,2,178,589,32288,738,112,112
msg,2,179,583,6387,736,112,112
msg,2,180,590,5632,730,112,112
msg,2,181,585,6404,729,112,112
msg,2,182,590,5410,737,112,112
msg,2,183,590,7384,729,112,112
msg,2,184,585,8232,729,112,112
msg,2,185,589,6767,732,112,112
msg,2,186,591,9969,727,112,112
msg,2,187,553,27714,732,112,112
msg,2,188,590,5481,733,112,112
msg,2,189,596,6072,806,112,112
msg,2,190,553,5596,726,112,112
msg,2,191,554,5477,731,112,112
msg,2,192,566,5692,732,112,112
msg,2,193,600,6755,734,112,112
msg,2,194,592,7232,736,112,112
msg,2,195,587,7717,729,112,112
msg,2,196,593,9014,739,112,112
msg,2,197,589,31967,729,112,112
msg,2,198,587,5822,730,112,112
msg,2,199,563,6160,693,112,112
whole,2,11864.380,15448.617,200
#heap 28371
#stack 82184
#end
=== done ===
