=== MQTT / TLS 1.3 / mTLS, MLDSA87 certificates, X25519MLKEM768 (wolfSSL 5.9.4) on RP2040 ===
CPU clock: 200 MHz
#config iterations=50 warmup=5 pipe_iterations=3 messages=200 payload_B=51 schemes=2 sweep_iterations=20 sweep_warmup=2 groups=13 kex_iterations=50 kex_warmup=2 blocks=41
#kat LoRaWAN / AES-CMAC / Ascon known-answer checks: OK
#wifi rssi=-20 dBm channel=10 ip=192.168.50.235 broker=192.168.50.132
#block connect plain
#lib none (plain MQTT)
iter,tcp_ms,tls_ms,mqtt_ms,total_ms,hs_tx_B,hs_rx_B,mqtt_tx_B,mqtt_rx_B,hs_writes,hs_reads,writes,reads,free_heap_B,hs_keygen_us,hs_derive_us,hs_verify_us,hs_sign_us,hs_keygen_n,hs_derive_n,hs_verify_n,hs_sign_n
0,5.3570,0.0030,5.8530,11.2130,0,0,23,4,0,0,1,1,169580,0.0,0.0,0.0,0.0,0,0,0,0
1,4.3600,0.0030,28.9960,33.3590,0,0,23,4,0,0,1,1,169356,0.0,0.0,0.0,0.0,0,0,0,0
2,6.4340,0.0040,33.1180,39.5560,0,0,23,4,0,0,1,1,169356,0.0,0.0,0.0,0.0,0,0,0,0
3,14.7590,0.0030,4.3670,19.1290,0,0,23,4,0,0,1,1,169356,0.0,0.0,0.0,0.0,0,0,0,0
4,37.3980,0.0030,6.6180,44.0190,0,0,23,4,0,0,1,1,169356,0.0,0.0,0.0,0.0,0,0,0,0
5,19.4920,0.0030,11.5080,31.0030,0,0,23,4,0,0,1,1,169356,0.0,0.0,0.0,0.0,0,0,0,0
6,7.3730,0.0020,17.5710,24.9460,0,0,23,4,0,0,1,1,169356,0.0,0.0,0.0,0.0,0,0,0,0
7,5.3480,0.0030,11.9610,17.3120,0,0,23,4,0,0,1,1,169356,0.0,0.0,0.0,0.0,0,0,0,0
8,5.7650,0.0020,47.9820,53.7490,0,0,23,4,0,0,1,1,169356,0.0,0.0,0.0,0.0,0,0,0,0
9,13.3850,0.0030,7.5290,20.9170,0,0,23,4,0,0,1,1,169356,0.0,0.0,0.0,0.0,0,0,0,0
10,9.3670,0.0030,4.3930,13.7630,0,0,23,4,0,0,1,1,169356,0.0,0.0,0.0,0.0,0,0,0,0
11,36.3810,0.0030,6.3460,42.7300,0,0,23,4,0,0,1,1,169356,0.0,0.0,0.0,0.0,0,0,0,0
12,4.5760,0.0030,9.2480,13.8270,0,0,23,4,0,0,1,1,169356,0.0,0.0,0.0,0.0,0,0,0,0
13,5.3710,0.0030,5.0260,10.4000,0,0,23,4,0,0,1,1,169356,0.0,0.0,0.0,0.0,0,0,0,0
14,4.4840,0.0030,7.9550,12.4420,0,0,23,4,0,0,1,1,169356,0.0,0.0,0.0,0.0,0,0,0,0
15,5.3530,0.0030,5.0200,10.3760,0,0,23,4,0,0,1,1,169356,0.0,0.0,0.0,0.0,0,0,0,0
16,11.3590,0.0030,5.4610,16.8230,0,0,23,4,0,0,1,1,169356,0.0,0.0,0.0,0.0,0,0,0,0
17,18.7360,0.0030,12.7120,31.4510,0,0,23,4,0,0,1,1,169356,0.0,0.0,0.0,0.0,0,0,0,0
18,17.6800,0.0030,5.0320,22.7150,0,0,23,4,0,0,1,1,169356,0.0,0.0,0.0,0.0,0,0,0,0
19,5.3580,0.0020,14.1090,19.4690,0,0,23,4,0,0,1,1,169356,0.0,0.0,0.0,0.0,0,0,0,0
20,6.6970,0.0030,18.8370,25.5370,0,0,23,4,0,0,1,1,169356,0.0,0.0,0.0,0.0,0,0,0,0
21,10.3580,0.0020,17.1330,27.4930,0,0,23,4,0,0,1,1,169356,0.0,0.0,0.0,0.0,0,0,0,0
22,5.4000,0.0030,16.9750,22.3780,0,0,23,4,0,0,1,1,169356,0.0,0.0,0.0,0.0,0,0,0,0
23,4.5250,0.0030,39.5630,44.0910,0,0,23,4,0,0,1,1,169356,0.0,0.0,0.0,0.0,0,0,0,0
24,7.4290,0.0020,20.1260,27.5570,0,0,23,4,0,0,1,1,169356,0.0,0.0,0.0,0.0,0,0,0,0
25,12.3700,0.0030,35.4040,47.7770,0,0,23,4,0,0,1,1,169356,0.0,0.0,0.0,0.0,0,0,0,0
26,8.3870,0.0030,18.0420,26.4320,0,0,23,4,0,0,1,1,169356,0.0,0.0,0.0,0.0,0,0,0,0
27,4.6800,0.0030,4.8000,9.4830,0,0,23,4,0,0,1,1,169356,0.0,0.0,0.0,0.0,0,0,0,0
28,91.4890,0.0030,10.4460,101.9380,0,0,23,4,0,0,1,1,169356,0.0,0.0,0.0,0.0,0,0,0,0
29,62.4090,0.0040,27.2560,89.6690,0,0,23,4,0,0,1,1,169356,0.0,0.0,0.0,0.0,0,0,0,0
30,7.3620,0.0020,15.1550,22.5190,0,0,23,4,0,0,1,1,169356,0.0,0.0,0.0,0.0,0,0,0,0
31,21.3940,0.0030,4.7050,26.1020,0,0,23,4,0,0,1,1,169356,0.0,0.0,0.0,0.0,0,0,0,0
32,3.7070,0.0030,4.6580,8.3680,0,0,23,4,0,0,1,1,169356,0.0,0.0,0.0,0.0,0,0,0,0
33,9.3650,0.0030,6.9590,16.3270,0,0,23,4,0,0,1,1,169356,0.0,0.0,0.0,0.0,0,0,0,0
34,17.8050,0.0030,18.7330,36.5410,0,0,23,4,0,0,1,1,169356,0.0,0.0,0.0,0.0,0,0,0,0
35,3.5530,0.0030,10.8610,14.4170,0,0,23,4,0,0,1,1,169356,0.0,0.0,0.0,0.0,0,0,0,0
36,4.3500,0.0030,4.4060,8.7590,0,0,23,4,0,0,1,1,169356,0.0,0.0,0.0,0.0,0,0,0,0
37,57.4030,0.0030,7.5660,64.9720,0,0,23,4,0,0,1,1,169356,0.0,0.0,0.0,0.0,0,0,0,0
38,13.7160,0.0030,4.7930,18.5120,0,0,23,4,0,0,1,1,169356,0.0,0.0,0.0,0.0,0,0,0,0
39,15.3640,0.0030,46.6280,61.9950,0,0,23,4,0,0,1,1,169356,0.0,0.0,0.0,0.0,0,0,0,0
40,31.5980,0.0030,15.2060,46.8070,0,0,23,4,0,0,1,1,169356,0.0,0.0,0.0,0.0,0,0,0,0
41,4.5120,0.0030,5.1170,9.6320,0,0,23,4,0,0,1,1,169356,0.0,0.0,0.0,0.0,0,0,0,0
42,57.9100,0.0020,34.9870,92.8990,0,0,23,4,0,0,1,1,169356,0.0,0.0,0.0,0.0,0,0,0,0
43,9.4750,0.0020,10.6530,20.1300,0,0,23,4,0,0,1,1,169356,0.0,0.0,0.0,0.0,0,0,0,0
44,9.3850,0.0020,4.3700,13.7570,0,0,23,4,0,0,1,1,169356,0.0,0.0,0.0,0.0,0,0,0,0
45,7.3880,0.0030,6.5820,13.9730,0,0,23,4,0,0,1,1,169356,0.0,0.0,0.0,0.0,0,0,0,0
46,48.4420,0.0030,26.5760,75.0210,0,0,23,4,0,0,1,1,169356,0.0,0.0,0.0,0.0,0,0,0,0
47,7.3470,0.0030,23.2500,30.6000,0,0,23,4,0,0,1,1,169356,0.0,0.0,0.0,0.0,0,0,0,0
48,9.3620,0.0030,4.3160,13.6810,0,0,23,4,0,0,1,1,169356,0.0,0.0,0.0,0.0,0,0,0,0
49,60.4230,0.0030,7.5380,67.9640,0,0,23,4,0,0,1,1,169356,0.0,0.0,0.0,0.0,0,0,0,0
#stack 1760
#end
#block connect TLS
#lib wolfSSL 5.9.4
iter,tcp_ms,tls_ms,mqtt_ms,total_ms,hs_tx_B,hs_rx_B,mqtt_tx_B,mqtt_rx_B,hs_writes,hs_reads,writes,reads,free_heap_B,hs_keygen_us,hs_derive_us,hs_verify_us,hs_sign_us,hs_keygen_n,hs_derive_n,hs_verify_n,hs_sign_n
#suite TLS13-AES256-GCM-SHA384
0,7.5990,404.7420,12.5130,424.8540,1393,13474,45,568,2,12,3,18,165780,66645.0,75002.0,154347.0,0.0,2,2,2,0
1,4.5250,465.3300,23.2580,493.1130,1393,13474,45,568,2,12,3,18,165780,66427.0,70560.0,155828.0,0.0,2,2,2,0
2,5.3930,413.2530,15.0690,433.7150,1393,13474,45,568,2,12,3,18,165780,66442.0,71192.0,154510.0,0.0,2,2,2,0
3,5.4070,436.0530,85.4270,526.8870,1393,13474,45,568,2,12,3,18,165780,66532.0,72357.0,154294.0,0.0,2,2,2,0
4,6.6680,415.1790,32.8700,454.7170,1393,13474,45,568,2,12,3,18,165780,67083.0,72192.0,154218.0,0.0,2,2,2,0
5,4.3840,405.5110,44.6350,454.5300,1393,13474,45,568,2,12,3,18,165780,66784.0,72431.0,155644.0,0.0,2,2,2,0
6,9.4160,428.0910,23.6880,461.1950,1393,13474,45,568,2,12,3,18,165780,66464.0,72363.0,154461.0,0.0,2,2,2,0
7,4.7000,407.9460,12.4530,425.0990,1393,13474,45,568,2,12,3,18,165780,66782.0,72953.0,154382.0,0.0,2,2,2,0
8,5.7100,416.6950,14.5430,436.9480,1393,13474,45,568,2,12,3,18,165780,66467.0,72857.0,155718.0,0.0,2,2,2,0
9,8.3750,410.8870,15.8630,435.1250,1393,13474,45,568,2,12,3,18,165780,66633.0,72285.0,156828.0,0.0,2,2,2,0
10,5.3770,406.0930,32.2350,443.7050,1393,13474,45,568,2,12,3,18,165780,66528.0,72427.0,154714.0,0.0,2,2,2,0
11,3.7350,438.0530,13.6220,455.4100,1393,13474,45,568,2,12,3,18,165780,66876.0,72182.0,156119.0,0.0,2,2,2,0
12,4.6620,405.2560,12.6940,422.6120,1393,13474,45,568,2,12,3,18,165780,66530.0,72196.0,154251.0,0.0,2,2,2,0
13,5.4640,411.8680,12.0360,429.3680,1393,13474,45,568,2,12,3,18,165780,66600.0,70614.0,156121.0,0.0,2,2,2,0
14,5.6820,426.9970,12.3060,444.9850,1393,13474,45,568,2,12,3,18,165780,66647.0,70328.0,155636.0,0.0,2,2,2,0
15,7.5050,414.3260,12.8900,434.7210,1393,13474,45,568,2,12,3,18,165780,66545.0,72085.0,154345.0,0.0,2,2,2,0
16,5.4210,405.6260,14.4070,425.4540,1393,13474,45,568,2,12,3,18,165780,67080.0,75378.0,154354.0,0.0,2,2,2,0
17,5.7090,417.0090,24.1250,446.8430,1393,13474,45,568,2,12,3,18,165780,67303.0,70719.0,153999.0,0.0,2,2,2,0
18,5.3860,417.5650,13.3910,436.3420,1393,13474,45,568,2,12,3,18,165780,66590.0,72114.0,154551.0,0.0,2,2,2,0
19,21.8400,421.4540,12.0740,455.3680,1393,13474,45,568,2,12,3,18,165780,66798.0,70325.0,156068.0,0.0,2,2,2,0
20,10.4250,404.2540,12.1970,426.8760,1393,13474,45,568,2,12,3,18,165780,66517.0,75092.0,154772.0,0.0,2,2,2,0
21,6.7100,410.8800,12.6110,430.2010,1393,13474,45,568,2,12,3,18,165780,66545.0,70429.0,154294.0,0.0,2,2,2,0
22,4.4020,411.0720,12.5300,428.0040,1393,13474,45,568,2,12,3,18,165780,66628.0,70533.0,154667.0,0.0,2,2,2,0
23,3.5170,405.1060,12.8370,421.4600,1393,13474,45,568,2,12,3,18,165780,66554.0,72077.0,154256.0,0.0,2,2,2,0
24,6.4330,411.0020,12.4790,429.9140,1393,13474,45,568,2,12,3,18,165780,66537.0,70618.0,155899.0,0.0,2,2,2,0
25,5.5140,412.1670,16.8910,434.5720,1393,13474,45,568,2,12,3,18,165780,66574.0,70360.0,155720.0,0.0,2,2,2,0
26,7.6660,406.3110,23.2820,437.2590,1393,13474,45,568,2,12,3,18,165780,66472.0,72187.0,154660.0,0.0,2,2,2,0
27,8.3790,406.0740,21.8700,436.3230,1393,13474,45,568,2,12,3,18,165780,66416.0,72128.0,154243.0,0.0,2,2,2,0
28,3.3890,420.4230,11.8400,435.6520,1393,13474,45,568,2,12,3,18,165780,66516.0,75170.0,155696.0,0.0,2,2,2,0
29,19.4490,416.9700,12.6000,449.0190,1393,13474,45,568,2,12,3,18,165780,66404.0,70357.0,155798.0,0.0,2,2,2,0
30,5.6720,404.4410,11.7020,421.8150,1393,13474,45,568,2,12,3,18,165780,66580.0,75252.0,154683.0,0.0,2,2,2,0
31,15.5840,416.0710,20.8910,452.5460,1393,13474,45,568,2,12,3,18,165780,66740.0,72222.0,154446.0,0.0,2,2,2,0
32,4.4270,416.7540,12.6840,433.8650,1393,13474,45,568,2,12,3,18,165780,66619.0,72156.0,154921.0,0.0,2,2,2,0
33,18.4880,403.4330,46.9690,468.8900,1393,13474,45,568,2,12,3,18,165780,66529.0,74140.0,154356.0,0.0,2,2,2,0
34,6.7720,407.5070,28.6860,442.9650,1393,13474,45,568,2,12,3,18,165780,66656.0,72543.0,155715.0,0.0,2,2,2,0
35,7.4010,411.0700,10.1500,428.6210,1393,13474,45,568,2,12,3,18,165780,66713.0,72124.0,155631.0,0.0,2,2,2,0
36,7.6990,414.4220,12.8620,434.9830,1393,13474,45,568,2,12,3,18,165780,66641.0,72277.0,154382.0,0.0,2,2,2,0
37,8.6170,454.2450,35.0180,497.8800,1393,13474,45,568,2,12,3,18,165780,66833.0,70586.0,154152.0,0.0,2,2,2,0
38,4.3900,413.3780,25.6900,443.4580,1393,13474,45,568,2,12,3,18,165780,66815.0,72376.0,154225.0,0.0,2,2,2,0
39,6.4320,411.9960,22.6810,441.1090,1393,13474,45,568,2,12,3,18,165780,66430.0,72508.0,156169.0,0.0,2,2,2,0
40,6.3810,438.8010,469.6780,914.8600,1393,13474,45,568,2,12,3,18,165780,66498.0,72267.0,155434.0,0.0,2,2,2,0
41,6.7050,415.1720,12.4100,434.2870,1393,13474,45,568,2,12,3,18,165780,66409.0,72203.0,154836.0,0.0,2,2,2,0
42,16.4020,404.1380,17.7570,438.2970,1393,13474,45,568,2,12,3,18,165780,66637.0,74255.0,154467.0,0.0,2,2,2,0
43,5.3870,436.6020,27.0790,469.0680,1393,13474,45,568,2,12,3,18,165780,66492.0,70523.0,154392.0,0.0,2,2,2,0
44,6.7080,422.7200,22.8260,452.2540,1393,13474,45,568,2,12,3,18,165780,66538.0,72189.0,154778.0,0.0,2,2,2,0
45,4.6350,445.6170,18.8270,469.0790,1393,13474,45,568,2,12,3,18,165780,66435.0,72293.0,154491.0,0.0,2,2,2,0
46,19.4670,405.5530,17.0110,442.0310,1393,13474,45,568,2,12,3,18,165780,66644.0,72198.0,155542.0,0.0,2,2,2,0
47,51.5920,406.6460,12.2500,470.4880,1393,13474,45,568,2,12,3,18,165780,66678.0,72610.0,154533.0,0.0,2,2,2,0
48,8.4630,429.3860,20.1070,457.9560,1393,13474,45,568,2,12,3,18,165780,66654.0,70390.0,155883.0,0.0,2,2,2,0
49,8.7430,423.4470,46.2100,478.4000,1393,13474,45,568,2,12,3,18,165780,66422.0,74160.0,153964.0,0.0,2,2,2,0
#heap 41059
#stack 3392
#end
#block connect mTLS
#lib wolfSSL 5.9.4
iter,tcp_ms,tls_ms,mqtt_ms,total_ms,hs_tx_B,hs_rx_B,mqtt_tx_B,mqtt_rx_B,hs_writes,hs_reads,writes,reads,free_heap_B,hs_keygen_us,hs_derive_us,hs_verify_us,hs_sign_us,hs_keygen_n,hs_derive_n,hs_verify_n,hs_sign_n
#suite TLS13-AES256-GCM-SHA384
0,5.4440,673.2730,53.2740,731.9910,13584,13644,45,15576,4,14,5,20,153244,67038.0,72003.0,156028.0,133274.0,2,2,2,1
1,37.4310,1814.3750,95.6010,1947.4070,13584,13644,45,15576,4,14,5,20,153244,66552.0,71912.0,154267.0,1261598.0,2,2,2,1
2,6.3740,912.9920,57.7150,977.0810,13584,13644,45,15576,4,14,5,20,153244,66509.0,73650.0,155528.0,366031.0,2,2,2,1
3,5.3680,677.3320,67.9450,750.6450,13584,13644,45,15576,4,14,5,21,153244,66399.0,74512.0,153969.0,132470.0,2,2,2,1
4,5.3850,1379.7100,60.7030,1445.7980,13584,13644,45,15576,4,14,5,20,153244,66536.0,70291.0,154205.0,813965.0,2,2,2,1
5,4.6720,778.3760,64.8480,847.8960,13584,13644,45,15576,4,14,5,20,153244,66547.0,72209.0,155512.0,238164.0,2,2,2,1
6,7.7660,680.6980,86.6830,775.1470,13584,13644,45,15576,4,14,5,20,153244,66459.0,71973.0,156396.0,132588.0,2,2,2,1
7,5.5210,666.8300,62.0270,734.3780,13584,13644,45,15576,4,14,5,20,153244,66460.0,74121.0,154712.0,133415.0,2,2,2,1
8,6.4750,672.9130,61.2990,740.6870,13584,13644,45,15576,4,14,5,22,153244,66408.0,72003.0,154220.0,133229.0,2,2,2,1
9,10.4460,773.7740,54.3880,838.6080,13584,13644,45,15576,4,14,5,20,153244,66342.0,71988.0,154274.0,237542.0,2,2,2,1
10,21.4570,1018.1820,60.4440,1100.0830,13584,13644,45,15576,4,14,5,20,153244,66519.0,72484.0,156691.0,485632.0,2,2,2,1
11,7.4110,795.0810,55.7440,858.2360,13584,13644,45,15576,4,14,5,20,153244,66546.0,74400.0,156049.0,261823.0,2,2,2,1
12,7.4320,916.8210,65.7660,990.0190,13584,13644,45,15576,4,14,5,21,153244,66791.0,72600.0,156166.0,369155.0,2,2,2,1
13,7.6070,778.7320,59.3470,845.6860,13584,13644,45,15576,4,14,5,22,153244,66469.0,70801.0,154614.0,239039.0,2,2,2,1
14,5.6140,894.0810,72.3970,972.0920,13584,13644,45,15576,4,14,5,20,153244,66476.0,70465.0,156294.0,355506.0,2,2,2,1
15,8.4260,880.5900,59.2130,948.2290,13584,13644,45,15576,4,14,5,20,153244,66488.0,71643.0,154396.0,346310.0,2,2,2,1
16,6.4670,2203.1510,53.2760,2262.8940,13584,13644,45,15576,4,14,5,20,153244,66419.0,71754.0,155925.0,1663146.0,2,2,2,1
17,5.4240,1695.7720,65.0390,1766.2350,13584,13644,45,15576,4,14,5,20,153244,66565.0,73869.0,154290.0,1163914.0,2,2,2,1
18,7.3830,1493.0180,54.7780,1555.1790,13584,13644,45,15576,4,14,5,20,153244,66542.0,70767.0,156755.0,913448.0,2,2,2,1
19,6.7410,894.1490,63.5670,964.4570,13584,13644,45,15576,4,14,5,20,153244,66526.0,70556.0,154808.0,351933.0,2,2,2,1
20,7.4070,1391.5240,126.1280,1525.0590,13584,13644,45,15576,4,14,5,20,153244,66726.0,71624.0,154649.0,853464.0,2,2,2,1
21,6.4230,1229.7880,122.5140,1358.7250,13584,13644,45,15576,4,14,5,20,153244,66790.0,71872.0,156104.0,651203.0,2,2,2,1
22,5.3990,1125.0780,242.3230,1372.8000,13584,13644,45,15576,4,14,5,21,153244,66540.0,70559.0,156093.0,490766.0,2,2,2,1
23,3.4780,719.8180,108.0530,831.3490,13584,13644,45,15576,4,14,5,20,153244,66407.0,72398.0,156028.0,132593.0,2,2,2,1
24,5.4610,1013.6590,58.4340,1077.5540,13584,13644,45,15576,4,14,5,20,153244,66621.0,70551.0,154535.0,470763.0,2,2,2,1
25,6.4000,766.6830,65.3800,838.4630,13584,13644,45,15576,4,14,5,20,153244,66497.0,72124.0,154715.0,236146.0,2,2,2,1
26,5.4550,677.3870,52.3380,735.1800,13584,13644,45,15576,4,14,5,20,153244,66411.0,70371.0,155285.0,132456.0,2,2,2,1
27,6.4350,675.4770,58.6830,740.5950,13584,13644,45,15576,4,14,5,22,153244,66527.0,70573.0,154270.0,132548.0,2,2,2,1
28,5.7140,663.8860,62.6830,732.2830,13584,13644,45,15576,4,14,5,20,153244,66452.0,72174.0,154384.0,132694.0,2,2,2,1
29,7.5790,906.5430,60.0730,974.1950,13584,13644,45,15576,4,14,5,20,153244,66538.0,70604.0,154429.0,366616.0,2,2,2,1
30,5.3940,877.7420,63.8100,946.9460,13584,13644,45,15576,4,14,5,20,153244,66862.0,73160.0,154198.0,344050.0,2,2,2,1
31,7.5650,670.5640,54.5740,732.7030,13584,13644,45,15576,4,14,5,20,153244,66342.0,72381.0,153947.0,132169.0,2,2,2,1
32,6.6320,674.8080,52.2590,733.6990,13584,13644,45,15576,4,14,5,20,153244,66631.0,70957.0,154240.0,132629.0,2,2,2,1
33,5.4120,1446.0400,59.6150,1511.0670,13584,13644,45,15576,4,14,5,20,153244,66382.0,72805.0,154401.0,913409.0,2,2,2,1
34,4.4210,790.8940,66.8250,862.1400,13584,13644,45,15576,4,14,5,20,153244,66430.0,72256.0,154407.0,243037.0,2,2,2,1
35,6.4020,781.1520,51.8350,839.3890,13584,13644,45,15576,4,14,5,21,153244,66582.0,71747.0,154472.0,242813.0,2,2,2,1
36,5.4350,1592.6520,52.9550,1651.0420,13584,13644,45,15576,4,14,5,20,153244,66635.0,72174.0,154429.0,1051781.0,2,2,2,1
37,4.4540,1309.8930,54.3200,1368.6670,13584,13644,45,15576,4,14,5,20,153244,66384.0,71841.0,154447.0,774943.0,2,2,2,1
38,4.3960,783.6500,61.8170,849.8630,13584,13644,45,15576,4,14,5,20,153244,66559.0,72418.0,155522.0,239886.0,2,2,2,1
39,7.4240,799.0690,53.6400,860.1330,13584,13644,45,15576,4,14,5,20,153244,66522.0,71698.0,154695.0,261510.0,2,2,2,1
40,7.4050,1468.6060,56.9780,1532.9890,13584,13644,45,15576,4,14,5,20,153244,66398.0,70626.0,154550.0,931449.0,2,2,2,1
41,4.4020,807.4760,52.8270,864.7050,13584,13644,45,15576,4,14,5,20,153244,66568.0,73059.0,156495.0,262720.0,2,2,2,1
42,5.5180,669.7330,61.7620,737.0130,13584,13644,45,15576,4,14,5,20,153244,66625.0,72011.0,155535.0,132414.0,2,2,2,1
43,6.4830,787.7060,69.2590,863.4480,13584,13644,45,15576,4,14,5,20,153244,66390.0,70629.0,155619.0,249549.0,2,2,2,1
44,6.4760,798.9140,56.4940,861.8840,13584,13644,45,15576,4,14,5,20,153244,67357.0,72221.0,154399.0,256522.0,2,2,2,1
45,4.3960,992.3640,60.9740,1057.7340,13584,13644,45,15576,4,14,5,20,153244,66789.0,72250.0,154238.0,446349.0,2,2,2,1
46,13.6540,893.3600,57.8970,964.9110,13584,13644,45,15576,4,14,5,20,153244,66385.0,72228.0,154661.0,356585.0,2,2,2,1
47,5.7680,2027.4370,65.2900,2098.4950,13584,13644,45,15576,4,14,5,20,153244,66542.0,70470.0,154394.0,1489174.0,2,2,2,1
48,5.5330,3035.7230,130.3760,3171.6320,13584,13644,45,15576,4,14,5,21,153244,66686.0,71909.0,153981.0,2501891.0,2,2,2,1
49,5.3930,1364.6250,55.5850,1425.6030,13584,13644,45,15576,4,14,5,20,153244,66725.0,72445.0,154434.0,830931.0,2,2,2,1
#heap 63472
#stack 3368
#end
#block pipeline plain lorawan11 up
#aead LoRaWAN-1.1 AES-128-CTR+2xCMAC (BearSSL (arduino-pico)), uplink, 51 B payload + 13 B overhead
#lib none (plain MQTT)
iter,tcp_ms,tls_ms,mqtt_ms,total_ms,hs_tx_B,hs_rx_B,mqtt_tx_B,mqtt_rx_B,hs_writes,hs_reads,writes,reads,free_heap_B,hs_keygen_us,hs_derive_us,hs_verify_us,hs_sign_us,hs_keygen_n,hs_derive_n,hs_verify_n,hs_sign_n
msg,iter,idx,seal_us,rtt_us,open_us,tx_B,rx_B
whole,iter,first_ms,all_ms,msgs
0,4.3660,0.0040,4.5640,8.9340,0,0,23,4,0,0,1,1,169356,0.0,0.0,0.0,0.0,0,0,0,0
msg,0,0,815,3847,731,90,90
msg,0,1,670,5050,745,90,90
msg,0,2,691,4248,744,90,90
msg,0,3,686,4474,732,90,90
msg,0,4,691,4300,743,90,90
msg,0,5,684,4115,742,90,90
msg,0,6,663,4414,734,90,90
msg,0,7,662,3558,748,90,90
msg,0,8,667,14221,731,90,90
msg,0,9,667,4418,726,90,90
msg,0,10,666,7599,743,90,90
msg,0,11,668,3542,740,90,90
msg,0,12,683,4344,747,90,90
msg,0,13,686,15819,744,90,90
msg,0,14,694,4307,742,90,90
msg,0,15,687,5059,739,90,90
msg,0,16,693,4476,740,90,90
msg,0,17,691,4098,725,90,90
msg,0,18,664,3840,748,90,90
msg,0,19,681,4006,724,90,90
msg,0,20,669,4020,741,90,90
msg,0,21,687,15795,730,90,90
msg,0,22,669,4444,734,90,90
msg,0,23,664,6429,729,90,90
msg,0,24,671,6623,748,90,90
msg,0,25,696,7559,734,90,90
msg,0,26,692,8253,799,90,90
msg,0,27,683,6888,737,90,90
msg,0,28,686,5217,745,90,90
msg,0,29,690,5567,739,90,90
msg,0,30,695,4159,746,90,90
msg,0,31,684,3891,728,90,90
msg,0,32,665,3548,742,90,90
msg,0,33,725,3892,742,90,90
msg,0,34,680,15192,746,90,90
msg,0,35,688,4004,723,90,90
msg,0,36,670,4817,740,90,90
msg,0,37,689,3528,744,90,90
msg,0,38,693,3784,732,90,90
msg,0,39,664,17356,722,90,90
msg,0,40,683,6001,740,90,90
msg,0,41,683,5470,745,90,90
msg,0,42,676,4792,727,90,90
msg,0,43,660,4043,742,90,90
msg,0,44,685,4497,743,90,90
msg,0,45,688,4874,1144,90,90
msg,0,46,688,4658,742,90,90
msg,0,47,691,26680,726,90,90
msg,0,48,668,6269,738,90,90
msg,0,49,664,17808,742,90,90
msg,0,50,683,4088,726,90,90
msg,0,51,663,4246,740,90,90
msg,0,52,691,4161,742,90,90
msg,0,53,689,8163,740,90,90
msg,0,54,690,4144,726,90,90
msg,0,55,670,3785,739,90,90
msg,0,56,684,4774,737,90,90
msg,0,57,692,27817,735,90,90
msg,0,58,741,3712,746,90,90
msg,0,59,691,6455,742,90,90
msg,0,60,696,15706,729,90,90
msg,0,61,670,4889,741,90,90
msg,0,62,679,5288,742,90,90
msg,0,63,686,5159,721,90,90
msg,0,64,665,3933,743,90,90
msg,0,65,684,3541,799,90,90
msg,0,66,693,3967,745,90,90
msg,0,67,689,5234,738,90,90
msg,0,68,666,17717,741,90,90
msg,0,69,684,5079,734,90,90
msg,0,70,667,3910,748,90,90
msg,0,71,687,4721,728,90,90
msg,0,72,670,8039,745,90,90
msg,0,73,689,11988,746,90,90
msg,0,74,669,4090,734,90,90
msg,0,75,683,4193,739,90,90
msg,0,76,683,4907,742,90,90
msg,0,77,664,6498,742,90,90
msg,0,78,661,7219,727,90,90
msg,0,79,670,6002,743,90,90
msg,0,80,685,15772,729,90,90
msg,0,81,665,6691,744,90,90
msg,0,82,684,4508,741,90,90
msg,0,83,685,6547,741,90,90
msg,0,84,689,16727,740,90,90
msg,0,85,690,4029,797,90,90
msg,0,86,688,5572,738,90,90
msg,0,87,687,5722,724,90,90
msg,0,88,667,5926,739,90,90
msg,0,89,689,3454,747,90,90
msg,0,90,692,4020,742,90,90
msg,0,91,661,4012,742,90,90
msg,0,92,687,14798,742,90,90
msg,0,93,667,9843,749,90,90
msg,0,94,688,5394,735,90,90
msg,0,95,688,3904,726,90,90
msg,0,96,666,16539,747,90,90
msg,0,97,666,4879,747,90,90
msg,0,98,687,4765,737,90,90
msg,0,99,661,5781,745,90,90
msg,0,100,686,3525,1120,90,90
msg,0,101,695,4045,747,90,90
msg,0,102,691,3729,733,90,90
msg,0,103,689,3812,743,90,90
msg,0,104,667,15244,730,90,90
msg,0,105,661,4005,746,90,90
msg,0,106,683,3941,742,90,90
msg,0,107,669,6307,729,90,90
msg,0,108,662,4181,733,90,90
msg,0,109,693,16997,854,90,90
msg,0,110,692,4179,746,90,90
msg,0,111,694,5181,731,90,90
msg,0,112,660,4268,731,90,90
msg,0,113,663,3904,742,90,90
msg,0,114,695,3588,746,90,90
msg,0,115,686,3563,741,90,90
msg,0,116,690,3944,794,90,90
msg,0,117,681,20233,747,90,90
msg,0,118,662,8707,747,90,90
msg,0,119,682,4238,736,90,90
msg,0,120,687,5135,725,90,90
msg,0,121,666,15644,747,90,90
msg,0,122,684,4233,738,90,90
msg,0,123,670,4430,747,90,90
msg,0,124,663,6853,745,90,90
msg,0,125,684,4556,743,90,90
msg,0,126,688,4178,736,90,90
msg,0,127,684,6963,729,90,90
msg,0,128,667,16877,789,90,90
msg,0,129,693,4326,742,90,90
msg,0,130,689,4487,762,90,90
msg,0,131,701,4182,742,90,90
msg,0,132,693,4323,739,90,90
msg,0,133,678,15395,742,90,90
msg,0,134,688,5068,728,90,90
msg,0,135,666,4928,739,90,90
msg,0,136,683,6711,732,90,90
msg,0,137,698,4272,746,90,90
msg,0,138,681,4049,742,90,90
msg,0,139,688,4233,739,90,90
msg,0,140,663,4499,742,90,90
msg,0,141,670,15176,729,90,90
msg,0,142,669,4393,726,90,90
msg,0,143,665,4144,747,90,90
msg,0,144,683,4312,741,90,90
msg,0,145,691,4568,732,90,90
msg,0,146,682,18112,738,90,90
msg,0,147,685,9276,736,90,90
msg,0,148,687,7858,742,90,90
msg,0,149,679,4723,726,90,90
msg,0,150,668,4171,737,90,90
msg,0,151,744,3994,747,90,90
msg,0,152,684,4319,741,90,90
msg,0,153,692,15813,739,90,90
msg,0,154,695,5899,735,90,90
msg,0,155,682,4053,726,90,90
msg,0,156,664,4339,729,90,90
msg,0,157,686,17534,729,90,90
msg,0,158,668,9263,734,90,90
msg,0,159,685,4326,766,90,90
msg,0,160,699,5045,747,90,90
msg,0,161,682,4349,745,90,90
msg,0,162,683,4239,743,90,90
msg,0,163,755,32409,751,90,90
msg,0,164,696,4358,744,90,90
msg,0,165,691,33252,743,90,90
msg,0,166,670,4658,741,90,90
msg,0,167,684,7306,738,90,90
msg,0,168,695,3692,742,90,90
msg,0,169,688,3877,729,90,90
msg,0,170,666,4280,723,90,90
msg,0,171,686,4078,740,90,90
msg,0,172,685,17177,747,90,90
msg,0,173,686,6823,743,90,90
msg,0,174,682,3656,721,90,90
msg,0,175,667,3651,739,90,90
msg,0,176,668,8285,731,90,90
msg,0,177,670,11988,743,90,90
msg,0,178,688,5679,727,90,90
msg,0,179,691,4660,739,90,90
msg,0,180,664,4880,744,90,90
msg,0,181,692,4608,741,90,90
msg,0,182,688,5045,740,90,90
msg,0,183,690,4044,733,90,90
msg,0,184,669,17556,766,90,90
msg,0,185,699,4163,732,90,90
msg,0,186,670,4556,738,90,90
msg,0,187,667,3706,744,90,90
msg,0,188,685,3845,732,90,90
msg,0,189,688,16197,745,90,90
msg,0,190,694,4878,740,90,90
msg,0,191,666,6796,744,90,90
msg,0,192,685,3893,732,90,90
msg,0,193,666,4942,745,90,90
msg,0,194,684,4248,739,90,90
msg,0,195,685,4626,798,90,90
msg,0,196,694,4367,733,90,90
msg,0,197,688,17657,730,90,90
msg,0,198,690,6538,727,90,90
msg,0,199,671,5152,737,90,90
whole,0,32.767,1745.900,200
1,16.4040,0.0030,5.7540,22.1610,0,0,23,4,0,0,1,1,169356,0.0,0.0,0.0,0.0,0,0,0,0
msg,1,0,809,3718,732,90,90
msg,1,1,673,6657,798,90,90
msg,1,2,658,10951,746,90,90
msg,1,3,694,4038,744,90,90
msg,1,4,684,17509,750,90,90
msg,1,5,696,3990,727,90,90
msg,1,6,662,3956,740,90,90
msg,1,7,685,3953,738,90,90
msg,1,8,661,4082,738,90,90
msg,1,9,689,7428,725,90,90
msg,1,10,680,10662,732,90,90
msg,1,11,1126,5606,749,90,90
msg,1,12,699,3981,751,90,90
msg,1,13,681,7079,730,90,90
msg,1,14,660,5852,740,90,90
msg,1,15,684,4785,732,90,90
msg,1,16,686,7313,740,90,90
msg,1,17,693,14898,738,90,90
msg,1,18,692,7007,728,90,90
msg,1,19,689,3741,743,90,90
msg,1,20,670,5157,732,90,90
msg,1,21,661,16087,746,90,90
msg,1,22,690,4108,744,90,90
msg,1,23,695,3723,742,90,90
msg,1,24,695,4051,741,90,90
msg,1,25,688,5717,744,90,90
msg,1,26,688,6465,745,90,90
msg,1,27,696,9643,727,90,90
msg,1,28,664,16545,733,90,90
msg,1,29,666,4111,744,90,90
msg,1,30,681,4364,738,90,90
msg,1,31,687,4140,749,90,90
msg,1,32,752,4618,740,90,90
msg,1,33,691,15544,729,90,90
msg,1,34,691,4181,734,90,90
msg,1,35,689,3887,746,90,90
msg,1,36,669,3863,743,90,90
msg,1,37,690,4072,745,90,90
msg,1,38,685,5811,742,90,90
msg,1,39,682,3609,731,90,90
msg,1,40,683,8211,747,90,90
msg,1,41,689,15193,749,90,90
msg,1,42,691,3940,727,90,90
msg,1,43,672,3913,741,90,90
msg,1,44,687,5859,726,90,90
msg,1,45,670,4013,739,90,90
msg,1,46,683,17427,736,90,90
msg,1,47,691,4847,726,90,90
msg,1,48,671,3803,747,90,90
msg,1,49,680,6166,737,90,90
msg,1,50,672,7658,747,90,90
msg,1,51,687,3648,747,90,90
msg,1,52,690,4698,725,90,90
msg,1,53,661,17662,736,90,90
msg,1,54,675,4350,742,90,90
msg,1,55,669,5220,776,90,90
msg,1,56,668,3885,746,90,90
msg,1,57,681,5168,748,90,90
msg,1,58,663,16554,746,90,90
msg,1,59,694,3663,740,90,90
msg,1,60,686,7302,743,90,90
msg,1,61,681,8430,746,90,90
msg,1,62,682,6772,731,90,90
msg,1,63,666,3834,747,90,90
msg,1,64,691,4859,740,90,90
msg,1,65,693,15098,743,90,90
msg,1,66,694,6615,792,90,90
msg,1,67,691,3940,740,90,90
msg,1,68,684,3817,745,90,90
msg,1,69,687,17288,759,90,90
msg,1,70,687,4907,740,90,90
msg,1,71,669,4393,786,90,90
msg,1,72,661,4112,730,90,90
msg,1,73,689,3854,743,90,90
msg,1,74,683,5234,745,90,90
msg,1,75,657,3993,743,90,90
msg,1,76,687,3945,741,90,90
msg,1,77,685,18520,741,90,90
msg,1,78,684,4018,721,90,90
msg,1,79,669,4052,747,90,90
msg,1,80,690,3981,742,90,90
msg,1,81,672,4427,741,90,90
msg,1,82,670,6796,743,90,90
msg,1,83,678,10584,746,90,90
msg,1,84,684,6324,742,90,90
msg,1,85,685,4922,742,90,90
msg,1,86,661,4573,745,90,90
msg,1,87,686,5340,735,90,90
msg,1,88,696,4735,743,90,90
msg,1,89,691,4849,722,90,90
msg,1,90,663,16846,740,90,90
msg,1,91,686,4245,791,90,90
msg,1,92,694,3907,731,90,90
msg,1,93,687,3838,748,90,90
msg,1,94,691,3918,738,90,90
msg,1,95,679,7403,738,90,90
msg,1,96,697,10155,736,90,90
msg,1,97,682,5063,740,90,90
msg,1,98,665,5201,729,90,90
msg,1,99,665,4675,740,90,90
msg,1,100,681,3956,738,90,90
msg,1,101,684,3908,748,90,90
msg,1,102,681,3951,735,90,90
msg,1,103,696,4238,740,90,90
msg,1,104,682,15326,734,90,90
msg,1,105,693,3655,729,90,90
msg,1,106,693,5384,732,90,90
msg,1,107,685,7463,726,90,90
msg,1,108,687,19160,745,90,90
msg,1,109,688,7213,745,90,90
msg,1,110,689,4028,726,90,90
msg,1,111,668,4309,728,90,90
msg,1,112,771,4942,745,90,90
msg,1,113,694,4159,743,90,90
msg,1,114,690,4685,741,90,90
msg,1,115,692,5471,745,90,90
msg,1,116,683,15384,745,90,90
msg,1,117,689,7178,740,90,90
msg,1,118,689,3844,735,90,90
msg,1,119,687,6128,740,90,90
msg,1,120,686,16868,728,90,90
msg,1,121,664,4216,728,90,90
msg,1,122,683,3391,724,90,90
msg,1,123,690,3480,727,90,90
msg,1,124,688,3530,733,90,90
msg,1,125,663,3784,748,90,90
msg,1,126,691,5039,728,90,90
msg,1,127,670,5394,727,90,90
msg,1,128,666,18053,740,90,90
msg,1,129,688,4801,726,90,90
msg,1,130,666,4077,739,90,90
msg,1,131,690,4794,797,90,90
msg,1,132,673,3916,748,90,90
msg,1,133,692,17434,744,90,90
msg,1,134,691,4747,725,90,90
msg,1,135,658,4907,749,90,90
msg,1,136,689,9941,730,90,90
msg,1,137,669,5266,732,90,90
msg,1,138,661,6447,729,90,90
msg,1,139,666,4075,742,90,90
msg,1,140,689,15758,727,90,90
msg,1,141,663,5680,746,90,90
msg,1,142,660,3823,737,90,90
msg,1,143,693,3962,746,90,90
msg,1,144,671,17399,744,90,90
msg,1,145,667,5023,736,90,90
msg,1,146,683,4237,740,90,90
msg,1,147,694,3738,730,90,90
msg,1,148,694,4115,744,90,90
msg,1,149,687,3942,746,90,90
msg,1,150,661,4109,729,90,90
msg,1,151,682,4892,746,90,90
msg,1,152,688,18868,737,90,90
msg,1,153,683,3924,740,90,90
msg,1,154,687,3793,742,90,90
msg,1,155,680,3799,722,90,90
msg,1,156,665,3991,747,90,90
msg,1,157,693,17206,745,90,90
msg,1,158,695,6119,745,90,90
msg,1,159,663,6252,734,90,90
msg,1,160,668,4922,746,90,90
msg,1,161,687,4370,741,90,90
msg,1,162,685,3589,747,90,90
msg,1,163,686,4321,740,90,90
msg,1,164,684,4721,773,90,90
msg,1,165,661,18478,724,90,90
msg,1,166,671,4328,725,90,90
msg,1,167,664,3963,741,90,90
msg,1,168,682,3737,736,90,90
msg,1,169,688,3982,739,90,90
msg,1,170,686,15419,790,90,90
msg,1,171,681,5204,737,90,90
msg,1,172,664,4537,747,90,90
msg,1,173,692,5893,729,90,90
msg,1,174,690,3941,743,90,90
msg,1,175,682,4266,746,90,90
msg,1,176,686,6881,741,90,90
msg,1,177,693,16988,740,90,90
msg,1,178,685,4949,728,90,90
msg,1,179,689,4441,727,90,90
msg,1,180,685,5034,737,90,90
msg,1,181,685,3574,739,90,90
msg,1,182,690,17332,741,90,90
msg,1,183,692,4108,822,90,90
msg,1,184,688,5536,743,90,90
msg,1,185,685,5120,740,90,90
msg,1,186,691,4063,723,90,90
msg,1,187,751,5999,741,90,90
msg,1,188,686,5131,740,90,90
msg,1,189,688,17779,741,90,90
msg,1,190,693,3744,729,90,90
msg,1,191,667,6774,757,90,90
msg,1,192,690,5328,745,90,90
msg,1,193,686,18290,743,90,90
msg,1,194,661,5449,751,90,90
msg,1,195,666,4152,727,90,90
msg,1,196,660,4365,730,90,90
msg,1,197,693,4394,730,90,90
msg,1,198,682,4721,745,90,90
msg,1,199,662,3933,743,90,90
whole,1,33.029,1692.033,200
2,4.4900,0.0030,20.4050,24.8980,0,0,23,4,0,0,1,1,169356,0.0,0.0,0.0,0.0,0,0,0,0
msg,2,0,810,4846,748,90,90
msg,2,1,663,4009,800,90,90
msg,2,2,685,16368,744,90,90
msg,2,3,694,4004,749,90,90
msg,2,4,684,3704,746,90,90
msg,2,5,689,3477,740,90,90
msg,2,6,684,4253,743,90,90
msg,2,7,691,4062,737,90,90
msg,2,8,686,3948,739,90,90
msg,2,9,688,4005,744,90,90
msg,2,10,684,4712,739,90,90
msg,2,11,687,18939,739,90,90
msg,2,12,688,4175,726,90,90
msg,2,13,659,4039,742,90,90
msg,2,14,678,3979,739,90,90
msg,2,15,756,17579,741,90,90
msg,2,16,691,4085,745,90,90
msg,2,17,665,4026,739,90,90
msg,2,18,686,4245,744,90,90
msg,2,19,686,4267,746,90,90
msg,2,20,685,5848,722,90,90
msg,2,21,688,3867,741,90,90
msg,2,22,684,3883,741,90,90
msg,2,23,695,4072,742,90,90
msg,2,24,686,14299,739,90,90
msg,2,25,693,10775,739,90,90
msg,2,26,681,3583,724,90,90
msg,2,27,689,3541,728,90,90
msg,2,28,663,15627,749,90,90
msg,2,29,693,3892,738,90,90
msg,2,30,689,3558,725,90,90
msg,2,31,685,3680,740,90,90
msg,2,32,663,5763,739,90,90
msg,2,33,683,4016,727,90,90
msg,2,34,665,3884,743,90,90
msg,2,35,691,3648,737,90,90
msg,2,36,686,4026,749,90,90
msg,2,37,683,17791,742,90,90
msg,2,38,685,10298,741,90,90
msg,2,39,691,5116,738,90,90
msg,2,40,688,17476,746,90,90
msg,2,41,688,9662,737,90,90
msg,2,42,690,9499,738,90,90
msg,2,43,681,3781,741,90,90
msg,2,44,669,3524,747,90,90
msg,2,45,689,3985,728,90,90
msg,2,46,678,3884,737,90,90
msg,2,47,683,15968,741,90,90
msg,2,48,672,5836,740,90,90
msg,2,49,683,4491,746,90,90
msg,2,50,688,4169,740,90,90
msg,2,51,664,3784,739,90,90
msg,2,52,688,17249,740,90,90
msg,2,53,692,4869,728,90,90
msg,2,54,686,4863,745,90,90
msg,2,55,689,5096,723,90,90
msg,2,56,663,3909,742,90,90
msg,2,57,689,3779,781,90,90
msg,2,58,665,3835,741,90,90
msg,2,59,686,3561,740,90,90
msg,2,60,688,16134,747,90,90
msg,2,61,665,4545,751,90,90
msg,2,62,695,6289,745,90,90
msg,2,63,690,5223,727,90,90
msg,2,64,671,18133,740,90,90
msg,2,65,691,6836,737,90,90
msg,2,66,662,6706,744,90,90
msg,2,67,684,4034,741,90,90
msg,2,68,661,4313,730,90,90
msg,2,69,663,6954,737,90,90
msg,2,70,683,4085,740,90,90
msg,2,71,656,17684,746,90,90
msg,2,72,680,3793,729,90,90
msg,2,73,686,4341,739,90,90
msg,2,74,687,9111,738,90,90
msg,2,75,689,19946,734,90,90
msg,2,76,669,5134,739,90,90
msg,2,77,684,4334,744,90,90
msg,2,78,692,5284,737,90,90
msg,2,79,684,3854,728,90,90
msg,2,80,670,4739,741,90,90
msg,2,81,684,4045,724,90,90
msg,2,82,666,4442,728,90,90
msg,2,83,663,16936,745,90,90
msg,2,84,684,6059,735,90,90
msg,2,85,665,4369,723,90,90
msg,2,86,668,4294,726,90,90
msg,2,87,673,16936,740,90,90
msg,2,88,686,5974,728,90,90
msg,2,89,669,4822,744,90,90
msg,2,90,686,6203,741,90,90
msg,2,91,662,4541,740,90,90
msg,2,92,686,4180,739,90,90
msg,2,93,669,3733,744,90,90
msg,2,94,689,4388,740,90,90
msg,2,95,682,15401,742,90,90
msg,2,96,681,7837,724,90,90
msg,2,97,693,4317,737,90,90
msg,2,98,691,6560,727,90,90
msg,2,99,803,17753,740,90,90
msg,2,100,689,6678,744,90,90
msg,2,101,693,4271,741,90,90
msg,2,102,690,4615,737,90,90
msg,2,103,695,5069,746,90,90
msg,2,104,688,4138,744,90,90
msg,2,105,667,6156,728,90,90
msg,2,106,693,16904,757,90,90
msg,2,107,689,4359,741,90,90
msg,2,108,692,4429,740,90,90
msg,2,109,691,29103,780,90,90
msg,2,110,658,4644,740,90,90
msg,2,111,685,5591,743,90,90
msg,2,112,689,6689,734,90,90
msg,2,113,689,4710,741,90,90
msg,2,114,665,3960,739,90,90
msg,2,115,695,4216,745,90,90
msg,2,116,693,3685,735,90,90
msg,2,117,694,13917,745,90,90
msg,2,118,681,3906,740,90,90
msg,2,119,690,4829,737,90,90
msg,2,120,667,3869,741,90,90
msg,2,121,683,4902,746,90,90
msg,2,122,668,18917,738,90,90
msg,2,123,688,4213,736,90,90
msg,2,124,691,3893,729,90,90
msg,2,125,657,5374,727,90,90
msg,2,126,671,4172,740,90,90
msg,2,127,691,3789,728,90,90
msg,2,128,668,7506,739,90,90
msg,2,129,666,17170,731,90,90
msg,2,130,693,3961,739,90,90
msg,2,131,694,3785,738,90,90
msg,2,132,691,4188,738,90,90
msg,2,133,802,3839,751,90,90
msg,2,134,667,16724,753,90,90
msg,2,135,685,6057,738,90,90
msg,2,136,665,3733,744,90,90
msg,2,137,695,5691,735,90,90
msg,2,138,688,3849,747,90,90
msg,2,139,670,4012,736,90,90
msg,2,140,689,3718,725,90,90
msg,2,141,667,4875,746,90,90
msg,2,142,693,17054,739,90,90
msg,2,143,670,4027,736,90,90
msg,2,144,684,3647,722,90,90
msg,2,145,662,3903,749,90,90
msg,2,146,685,4844,728,90,90
msg,2,147,659,16401,734,90,90
msg,2,148,679,5769,747,90,90
msg,2,149,685,3906,735,90,90
msg,2,150,692,5356,740,90,90
msg,2,151,691,3721,725,90,90
msg,2,152,666,5281,727,90,90
msg,2,153,685,4429,726,90,90
msg,2,154,677,3618,737,90,90
msg,2,155,676,16743,735,90,90
msg,2,156,683,4277,743,90,90
msg,2,157,680,4344,740,90,90
msg,2,158,667,3789,751,90,90
msg,2,159,692,4057,743,90,90
msg,2,160,692,16182,734,90,90
msg,2,161,668,5479,736,90,90
msg,2,162,670,4208,778,90,90
msg,2,163,663,5407,728,90,90
msg,2,164,687,5756,746,90,90
msg,2,165,689,5023,723,90,90
msg,2,166,1143,4850,736,90,90
msg,2,167,700,5256,744,90,90
msg,2,168,688,12732,735,90,90
msg,2,169,663,4551,743,90,90
msg,2,170,665,4700,745,90,90
msg,2,171,693,4583,745,90,90
msg,2,172,689,3880,733,90,90
msg,2,173,670,17867,748,90,90
msg,2,174,681,5561,738,90,90
msg,2,175,686,3812,734,90,90
msg,2,176,666,5101,736,90,90
msg,2,177,689,4319,746,90,90
msg,2,178,747,3306,739,90,90
msg,2,179,686,6296,741,90,90
msg,2,180,678,19064,743,90,90
msg,2,181,657,6989,743,90,90
msg,2,182,692,9224,744,90,90
msg,2,183,687,3939,744,90,90
msg,2,184,661,16759,747,90,90
msg,2,185,688,9402,745,90,90
msg,2,186,683,8273,743,90,90
msg,2,187,688,5312,745,90,90
msg,2,188,684,3775,748,90,90
msg,2,189,684,5532,737,90,90
msg,2,190,687,16922,737,90,90
msg,2,191,690,3985,728,90,90
msg,2,192,679,5522,726,90,90
msg,2,193,667,5956,743,90,90
msg,2,194,689,9478,743,90,90
msg,2,195,683,10346,740,90,90
msg,2,196,695,4458,738,90,90
msg,2,197,695,7682,725,90,90
msg,2,198,662,7989,746,90,90
msg,2,199,691,4001,739,90,90
whole,2,37.223,1732.443,200
#stack 2452
#end
#block pipeline plain lorawan11 down
#aead LoRaWAN-1.1 AES-128-CTR+2xCMAC (BearSSL (arduino-pico)), downlink, 51 B payload + 13 B overhead
#lib none (plain MQTT)
iter,tcp_ms,tls_ms,mqtt_ms,total_ms,hs_tx_B,hs_rx_B,mqtt_tx_B,mqtt_rx_B,hs_writes,hs_reads,writes,reads,free_heap_B,hs_keygen_us,hs_derive_us,hs_verify_us,hs_sign_us,hs_keygen_n,hs_derive_n,hs_verify_n,hs_sign_n
msg,iter,idx,seal_us,rtt_us,open_us,tx_B,rx_B
whole,iter,first_ms,all_ms,msgs
0,4.3630,0.0020,4.7430,9.1080,0,0,23,4,0,0,1,1,169356,0.0,0.0,0.0,0.0,0,0,0,0
msg,0,0,544,6527,480,90,90
msg,0,1,426,16287,468,90,90
msg,0,2,432,3869,468,90,90
msg,0,3,427,5951,470,90,90
msg,0,4,429,7431,482,90,90
msg,0,5,505,4195,465,90,90
msg,0,6,427,3867,470,90,90
msg,0,7,429,4021,466,90,90
msg,0,8,429,16565,479,90,90
msg,0,9,405,3994,481,90,90
msg,0,10,414,5089,483,90,90
msg,0,11,429,3549,488,90,90
msg,0,12,412,4042,484,90,90
msg,0,13,402,3886,484,90,90
msg,0,14,404,13884,487,90,90
msg,0,15,399,3704,468,90,90
msg,0,16,401,3691,465,90,90
msg,0,17,429,3957,470,90,90
msg,0,18,426,6367,473,90,90
msg,0,19,411,5282,490,90,90
msg,0,20,433,5861,487,90,90
msg,0,21,400,5727,479,90,90
msg,0,22,404,18452,472,90,90
msg,0,23,425,3739,483,90,90
msg,0,24,435,5308,470,90,90
msg,0,25,407,4017,469,90,90
msg,0,26,403,3821,467,90,90
msg,0,27,404,3977,468,90,90
msg,0,28,406,16313,507,90,90
msg,0,29,402,3827,486,90,90
msg,0,30,402,4337,471,90,90
msg,0,31,424,5536,484,90,90
msg,0,32,410,5005,493,90,90
msg,0,33,399,4237,473,90,90
msg,0,34,419,4131,468,90,90
msg,0,35,439,3853,463,90,90
msg,0,36,427,4414,480,90,90
msg,0,37,407,16321,480,90,90
msg,0,38,424,6552,489,90,90
msg,0,39,408,4334,467,90,90
msg,0,40,430,3730,481,90,90
msg,0,41,401,4850,482,90,90
msg,0,42,403,15918,485,90,90
msg,0,43,404,5192,471,90,90
msg,0,44,420,5464,484,90,90
msg,0,45,407,6093,489,90,90
msg,0,46,402,4771,486,90,90
msg,0,47,406,3774,461,90,90
msg,0,48,410,3802,469,90,90
msg,0,49,429,3860,471,90,90
msg,0,50,433,17350,482,90,90
msg,0,51,465,3905,486,90,90
msg,0,52,407,4302,479,90,90
msg,0,53,426,5120,463,90,90
msg,0,54,437,4066,470,90,90
msg,0,55,430,3786,466,90,90
msg,0,56,424,15656,481,90,90
msg,0,57,408,3985,474,90,90
msg,0,58,427,6418,468,90,90
msg,0,59,409,6882,477,90,90
msg,0,60,409,4070,485,90,90
msg,0,61,406,4301,490,90,90
msg,0,62,401,4036,470,90,90
msg,0,63,428,3986,474,90,90
msg,0,64,428,16828,477,90,90
msg,0,65,430,3896,477,90,90
msg,0,66,407,4635,485,90,90
msg,0,67,404,5252,482,90,90
msg,0,68,410,3754,480,90,90
msg,0,69,405,3639,465,90,90
msg,0,70,403,22842,508,90,90
msg,0,71,408,9231,481,90,90
msg,0,72,396,3599,469,90,90
msg,0,73,433,4125,465,90,90
msg,0,74,409,3893,466,90,90
msg,0,75,408,3890,465,90,90
msg,0,76,409,3663,472,90,90
msg,0,77,429,15997,467,90,90
msg,0,78,432,3892,471,90,90
msg,0,79,432,5822,464,90,90
msg,0,80,431,5234,473,90,90
msg,0,81,420,3754,469,90,90
msg,0,82,433,16665,475,90,90
msg,0,83,400,4463,471,90,90
msg,0,84,409,4216,482,90,90
msg,0,85,410,4697,469,90,90
msg,0,86,407,6063,475,90,90
msg,0,87,409,4193,485,90,90
msg,0,88,406,3936,485,90,90
msg,0,89,398,3672,471,90,90
msg,0,90,400,4199,480,90,90
msg,0,91,401,16707,480,90,90
msg,0,92,404,3821,467,90,90
msg,0,93,404,5461,482,90,90
msg,0,94,409,6085,480,90,90
msg,0,95,427,5348,469,90,90
msg,0,96,404,17909,467,90,90
msg,0,97,406,5425,473,90,90
msg,0,98,431,4665,483,90,90
msg,0,99,404,5797,478,90,90
msg,0,100,407,4046,489,90,90
msg,0,101,409,3581,468,90,90
msg,0,102,411,4449,482,90,90
msg,0,103,411,3722,483,90,90
msg,0,104,404,4055,482,90,90
msg,0,105,410,17694,469,90,90
msg,0,106,402,5348,483,90,90
msg,0,107,425,3751,481,90,90
msg,0,108,405,3821,481,90,90
msg,0,109,410,4048,475,90,90
msg,0,110,410,15858,486,90,90
msg,0,111,409,5235,484,90,90
msg,0,112,488,5833,479,90,90
msg,0,113,425,5681,482,90,90
msg,0,114,404,4086,482,90,90
msg,0,115,407,4361,465,90,90
msg,0,116,432,3501,480,90,90
msg,0,117,408,3802,494,90,90
msg,0,118,410,3812,478,90,90
msg,0,119,409,16105,488,90,90
msg,0,120,410,8049,474,90,90
msg,0,121,410,5491,469,90,90
msg,0,122,401,3912,469,90,90
msg,0,123,400,16355,480,90,90
msg,0,124,410,4387,472,90,90
msg,0,125,427,3970,468,90,90
msg,0,126,431,3922,467,90,90
msg,0,127,440,5587,475,90,90
msg,0,128,436,4076,471,90,90
msg,0,129,434,4925,467,90,90
msg,0,130,424,4434,485,90,90
msg,0,131,406,3872,482,90,90
msg,0,132,403,16717,473,90,90
msg,0,133,435,4118,465,90,90
msg,0,134,399,5141,484,90,90
msg,0,135,403,4182,482,90,90
msg,0,136,437,5370,479,90,90
msg,0,137,404,16508,477,90,90
msg,0,138,434,3832,485,90,90
msg,0,139,544,3903,475,90,90
msg,0,140,425,4663,478,90,90
msg,0,141,401,5387,471,90,90
msg,0,142,432,3783,463,90,90
msg,0,143,424,4413,477,90,90
msg,0,144,402,3491,472,90,90
msg,0,145,432,3997,473,90,90
msg,0,146,433,3803,477,90,90
msg,0,147,429,16114,476,90,90
msg,0,148,432,5680,478,90,90
msg,0,149,404,4206,471,90,90
msg,0,150,432,4676,480,90,90
msg,0,151,406,3955,480,90,90
msg,0,152,428,17587,492,90,90
msg,0,153,403,4942,488,90,90
msg,0,154,409,5098,486,90,90
msg,0,155,403,8455,469,90,90
msg,0,156,437,3911,467,90,90
msg,0,157,435,4311,480,90,90
msg,0,158,402,3737,467,90,90
msg,0,159,412,3471,481,90,90
msg,0,160,423,15833,488,90,90
msg,0,161,403,3958,490,90,90
msg,0,162,427,4333,473,90,90
msg,0,163,405,4827,470,90,90
msg,0,164,426,5597,483,90,90
msg,0,165,425,16566,484,90,90
msg,0,166,505,3688,466,90,90
msg,0,167,407,3844,466,90,90
msg,0,168,410,4642,470,90,90
msg,0,169,430,5767,481,90,90
msg,0,170,401,3870,478,90,90
msg,0,171,404,3790,482,90,90
msg,0,172,408,3827,479,90,90
msg,0,173,403,4345,489,90,90
msg,0,174,428,3945,473,90,90
msg,0,175,426,16245,467,90,90
msg,0,176,434,6632,470,90,90
msg,0,177,426,3847,479,90,90
msg,0,178,406,6872,484,90,90
msg,0,179,404,20523,472,90,90
msg,0,180,411,4541,467,90,90
msg,0,181,428,4199,469,90,90
msg,0,182,431,5985,470,90,90
msg,0,183,402,3996,474,90,90
msg,0,184,407,3911,472,90,90
msg,0,185,400,3983,472,90,90
msg,0,186,466,3833,467,90,90
msg,0,187,407,3807,470,90,90
msg,0,188,425,15727,474,90,90
msg,0,189,435,6142,468,90,90
msg,0,190,428,3782,471,90,90
msg,0,191,429,3999,474,90,90
msg,0,192,430,3993,471,90,90
msg,0,193,427,17437,487,90,90
msg,0,194,409,4895,491,90,90
msg,0,195,398,3818,484,90,90
msg,0,196,411,5470,469,90,90
msg,0,197,436,3900,469,90,90
msg,0,198,425,3812,473,90,90
msg,0,199,425,4365,473,90,90
whole,0,22.417,1500.933,200
1,19.7160,0.0030,5.7100,25.4290,0,0,23,4,0,0,1,1,169356,0.0,0.0,0.0,0.0,0,0,0,0
msg,1,0,552,3693,488,90,90
msg,1,1,403,3896,488,90,90
msg,1,2,408,18599,477,90,90
msg,1,3,401,3747,472,90,90
msg,1,4,428,5745,465,90,90
msg,1,5,433,4070,471,90,90
msg,1,6,437,6531,478,90,90
msg,1,7,398,3536,471,90,90
msg,1,8,405,3849,470,90,90
msg,1,9,434,3809,468,90,90
msg,1,10,433,3859,470,90,90
msg,1,11,433,16777,476,90,90
msg,1,12,428,3724,475,90,90
msg,1,13,400,4235,476,90,90
msg,1,14,427,3588,481,90,90
msg,1,15,398,3669,469,90,90
msg,1,16,410,3723,469,90,90
msg,1,17,434,15115,476,90,90
msg,1,18,398,3598,468,90,90
msg,1,19,431,4210,467,90,90
msg,1,20,428,6388,479,90,90
msg,1,21,404,9054,479,90,90
msg,1,22,400,3931,487,90,90
msg,1,23,402,5116,468,90,90
msg,1,24,425,3632,482,90,90
msg,1,25,407,17452,480,90,90
msg,1,26,433,3816,472,90,90
msg,1,27,428,4555,485,90,90
msg,1,28,467,4116,468,90,90
msg,1,29,426,3986,470,90,90
msg,1,30,432,3465,484,90,90
msg,1,31,410,18742,473,90,90
msg,1,32,405,4076,476,90,90
msg,1,33,401,4754,470,90,90
msg,1,34,401,6052,468,90,90
msg,1,35,401,4077,494,90,90
msg,1,36,406,4049,482,90,90
msg,1,37,409,4486,465,90,90
msg,1,38,424,5152,475,90,90
msg,1,39,401,15866,469,90,90
msg,1,40,403,4677,519,90,90
msg,1,41,422,5444,479,90,90
msg,1,42,405,4840,488,90,90
msg,1,43,402,3972,480,90,90
msg,1,44,406,16887,487,90,90
msg,1,45,410,3982,485,90,90
msg,1,46,470,3887,490,90,90
msg,1,47,405,5145,485,90,90
msg,1,48,407,3953,483,90,90
msg,1,49,405,6200,470,90,90
msg,1,50,433,4010,476,90,90
msg,1,51,425,4808,467,90,90
msg,1,52,424,6037,468,90,90
msg,1,53,431,17717,533,90,90
msg,1,54,423,5674,480,90,90
msg,1,55,412,4656,467,90,90
msg,1,56,403,4377,481,90,90
msg,1,57,418,8226,472,90,90
msg,1,58,424,16096,472,90,90
msg,1,59,409,6569,516,90,90
msg,1,60,425,4120,473,90,90
msg,1,61,425,5672,465,90,90
msg,1,62,426,4175,471,90,90
msg,1,63,430,6968,470,90,90
msg,1,64,430,4572,483,90,90
msg,1,65,402,17285,467,90,90
msg,1,66,425,6745,474,90,90
msg,1,67,432,4259,466,90,90
msg,1,68,403,6026,477,90,90
msg,1,69,407,16251,482,90,90
msg,1,70,401,5638,473,90,90
msg,1,71,411,3857,470,90,90
msg,1,72,409,4080,489,90,90
msg,1,73,408,5055,484,90,90
msg,1,74,411,5333,469,90,90
msg,1,75,427,4296,467,90,90
msg,1,76,410,4738,467,90,90
msg,1,77,492,4474,482,90,90
msg,1,78,408,17823,485,90,90
msg,1,79,401,7594,475,90,90
msg,1,80,403,4218,479,90,90
msg,1,81,410,5249,481,90,90
msg,1,82,434,16269,472,90,90
msg,1,83,425,4587,478,90,90
msg,1,84,424,3838,484,90,90
msg,1,85,408,4904,486,90,90
msg,1,86,401,4761,482,90,90
msg,1,87,401,3751,468,90,90
msg,1,88,413,4127,480,90,90
msg,1,89,399,3817,462,90,90
msg,1,90,413,3829,482,90,90
msg,1,91,408,18155,486,90,90
msg,1,92,401,3856,485,90,90
msg,1,93,406,5101,486,90,90
msg,1,94,406,4184,485,90,90
msg,1,95,525,3891,469,90,90
msg,1,96,431,18388,467,90,90
msg,1,97,414,4182,483,90,90
msg,1,98,399,4166,469,90,90
msg,1,99,428,4527,491,90,90
msg,1,100,403,5927,477,90,90
msg,1,101,404,4312,478,90,90
msg,1,102,427,4532,481,90,90
msg,1,103,404,3939,485,90,90
msg,1,104,407,4333,475,90,90
msg,1,105,426,15831,483,90,90
msg,1,106,405,3834,489,90,90
msg,1,107,403,4593,467,90,90
msg,1,108,413,4134,490,90,90
msg,1,109,401,4587,473,90,90
msg,1,110,433,3816,473,90,90
msg,1,111,431,17276,470,90,90
msg,1,112,406,4304,482,90,90
msg,1,113,408,5162,469,90,90
msg,1,114,426,5633,487,90,90
msg,1,115,409,3730,483,90,90
msg,1,116,402,4051,482,90,90
msg,1,117,400,4079,486,90,90
msg,1,118,405,3790,481,90,90
msg,1,119,401,18396,471,90,90
msg,1,120,432,3881,471,90,90
msg,1,121,432,5205,468,90,90
msg,1,122,405,3864,475,90,90
msg,1,123,436,3536,487,90,90
msg,1,124,400,3780,498,90,90
msg,1,125,405,16579,466,90,90
msg,1,126,397,4946,472,90,90
msg,1,127,399,7602,464,90,90
msg,1,128,429,5375,538,90,90
msg,1,129,401,3581,471,90,90
msg,1,130,436,3842,466,90,90
msg,1,131,423,4404,482,90,90
msg,1,132,409,3729,530,90,90
msg,1,133,406,16968,470,90,90
msg,1,134,401,3687,469,90,90
msg,1,135,433,4871,474,90,90
msg,1,136,424,4138,470,90,90
msg,1,137,423,3781,468,90,90
msg,1,138,435,4221,468,90,90
msg,1,139,406,18703,468,90,90
msg,1,140,429,9272,475,90,90
msg,1,141,403,6234,483,90,90
msg,1,142,410,4225,469,90,90
msg,1,143,438,3883,470,90,90
msg,1,144,429,4684,483,90,90
msg,1,145,398,4127,471,90,90
msg,1,146,424,16546,487,90,90
msg,1,147,399,3815,480,90,90
msg,1,148,400,5400,474,90,90
msg,1,149,424,4141,474,90,90
msg,1,150,430,3833,464,90,90
msg,1,151,429,18604,481,90,90
msg,1,152,411,7295,470,90,90
msg,1,153,420,5741,484,90,90
msg,1,154,427,5598,474,90,90
msg,1,155,409,3837,478,90,90
msg,1,156,402,3999,490,90,90
msg,1,157,402,3719,472,90,90
msg,1,158,403,4680,470,90,90
msg,1,159,427,3728,482,90,90
msg,1,160,415,13301,469,90,90
msg,1,161,434,3490,485,90,90
msg,1,162,441,4109,470,90,90
msg,1,163,432,3678,476,90,90
msg,1,164,411,3806,482,90,90
msg,1,165,406,3961,484,90,90
msg,1,166,469,17875,481,90,90
msg,1,167,423,4845,483,90,90
msg,1,168,401,6112,481,90,90
msg,1,169,426,5573,486,90,90
msg,1,170,463,3833,487,90,90
msg,1,171,411,4003,484,90,90
msg,1,172,409,3763,469,90,90
msg,1,173,407,4122,488,90,90
msg,1,174,474,17446,471,90,90
msg,1,175,433,4103,476,90,90
msg,1,176,402,5833,468,90,90
msg,1,177,429,3783,469,90,90
msg,1,178,425,3765,486,90,90
msg,1,179,433,17831,476,90,90
msg,1,180,398,6832,481,90,90
msg,1,181,403,6975,482,90,90
msg,1,182,412,8288,467,90,90
msg,1,183,431,5086,471,90,90
msg,1,184,425,4156,477,90,90
msg,1,185,410,5335,486,90,90
msg,1,186,401,17559,484,90,90
msg,1,187,416,4652,470,90,90
msg,1,188,408,4756,468,90,90
msg,1,189,847,5154,495,90,90
msg,1,190,402,3924,489,90,90
msg,1,191,408,16145,471,90,90
msg,1,192,427,4536,479,90,90
msg,1,193,401,3975,483,90,90
msg,1,194,403,4201,473,90,90
msg,1,195,425,5665,479,90,90
msg,1,196,410,4966,487,90,90
msg,1,197,406,6131,484,90,90
msg,1,198,401,3916,478,90,90
msg,1,199,404,3863,479,90,90
whole,1,36.360,1540.375,200
2,5.3830,0.0030,6.1250,11.5110,0,0,23,4,0,0,1,1,169356,0.0,0.0,0.0,0.0,0,0,0,0
msg,2,0,609,4223,476,90,90
msg,2,1,410,6727,472,90,90
msg,2,2,425,12502,483,90,90
msg,2,3,406,5235,477,90,90
msg,2,4,429,4259,469,90,90
msg,2,5,426,5330,480,90,90
msg,2,6,406,3949,481,90,90
msg,2,7,399,9376,463,90,90
msg,2,8,487,4556,481,90,90
msg,2,9,400,17065,485,90,90
msg,2,10,426,3881,476,90,90
msg,2,11,428,6983,473,90,90
msg,2,12,427,3865,473,90,90
msg,2,13,430,3889,486,90,90
msg,2,14,409,16619,480,90,90
msg,2,15,407,4010,480,90,90
msg,2,16,401,3515,471,90,90
msg,2,17,435,4964,470,90,90
msg,2,18,435,6480,500,90,90
msg,2,19,400,5803,488,90,90
msg,2,20,408,5050,488,90,90
msg,2,21,470,5760,485,90,90
msg,2,22,404,17573,470,90,90
msg,2,23,433,3788,468,90,90
msg,2,24,424,6086,474,90,90
msg,2,25,428,3977,466,90,90
msg,2,26,414,3900,470,90,90
msg,2,27,409,17656,475,90,90
msg,2,28,430,3766,482,90,90
msg,2,29,397,3569,478,90,90
msg,2,30,405,4906,466,90,90
msg,2,31,408,4805,472,90,90
msg,2,32,408,5312,485,90,90
msg,2,33,402,4802,483,90,90
msg,2,34,406,5945,480,90,90
msg,2,35,408,4796,475,90,90
msg,2,36,405,14473,487,90,90
msg,2,37,434,3708,482,90,90
msg,2,38,404,5911,485,90,90
msg,2,39,403,4023,483,90,90
msg,2,40,406,4739,487,90,90
msg,2,41,405,16638,474,90,90
msg,2,42,439,3854,467,90,90
msg,2,43,433,3765,467,90,90
msg,2,44,497,4838,465,90,90
msg,2,45,438,6008,470,90,90
msg,2,46,433,3931,464,90,90
msg,2,47,429,5582,481,90,90
msg,2,48,406,6069,482,90,90
msg,2,49,403,18842,486,90,90
msg,2,50,851,4030,467,90,90
msg,2,51,403,4182,488,90,90
msg,2,52,407,3572,466,90,90
msg,2,53,431,4022,472,90,90
msg,2,54,492,4149,484,90,90
msg,2,55,401,13926,536,90,90
msg,2,56,400,4100,486,90,90
msg,2,57,399,5148,469,90,90
msg,2,58,422,3958,465,90,90
msg,2,59,426,5192,470,90,90
msg,2,60,432,3910,471,90,90
msg,2,61,435,3785,475,90,90
msg,2,62,432,3985,470,90,90
msg,2,63,433,3974,469,90,90
msg,2,64,424,18076,470,90,90
msg,2,65,410,5105,481,90,90
msg,2,66,402,4069,485,90,90
msg,2,67,402,5316,468,90,90
msg,2,68,432,3528,489,90,90
msg,2,69,407,17251,479,90,90
msg,2,70,434,3630,478,90,90
msg,2,71,463,3868,487,90,90
msg,2,72,410,5006,483,90,90
msg,2,73,401,5352,470,90,90
msg,2,74,421,3865,470,90,90
msg,2,75,427,3761,482,90,90
msg,2,76,403,3945,477,90,90
msg,2,77,411,4018,477,90,90
msg,2,78,430,4044,476,90,90
msg,2,79,427,15734,484,90,90
msg,2,80,403,6946,476,90,90
msg,2,81,411,4131,472,90,90
msg,2,82,429,4011,467,90,90
msg,2,83,425,3779,470,90,90
msg,2,84,428,14046,466,90,90
msg,2,85,426,3699,856,90,90
msg,2,86,446,4015,474,90,90
msg,2,87,408,4337,494,90,90
msg,2,88,408,5683,478,90,90
msg,2,89,400,4151,487,90,90
msg,2,90,400,4150,477,90,90
msg,2,91,423,3949,482,90,90
msg,2,92,425,3886,577,90,90
msg,2,93,427,17546,482,90,90
msg,2,94,402,3930,489,90,90
msg,2,95,400,4446,472,90,90
msg,2,96,424,4055,466,90,90
msg,2,97,433,3983,473,90,90
msg,2,98,407,4252,483,90,90
msg,2,99,403,16151,482,90,90
msg,2,100,404,4995,480,90,90
msg,2,101,422,5480,467,90,90
msg,2,102,406,7210,482,90,90
msg,2,103,405,4214,470,90,90
msg,2,104,421,4658,486,90,90
msg,2,105,409,4865,485,90,90
msg,2,106,424,4026,474,90,90
msg,2,107,402,15217,470,90,90
msg,2,108,423,4221,466,90,90
msg,2,109,411,5112,483,90,90
msg,2,110,405,4121,486,90,90
msg,2,111,402,3674,469,90,90
msg,2,112,403,8763,468,90,90
msg,2,113,437,11369,482,90,90
msg,2,114,408,4273,471,90,90
msg,2,115,425,3444,480,90,90
msg,2,116,400,4389,517,90,90
msg,2,117,425,4028,466,90,90
msg,2,118,434,3601,478,90,90
msg,2,119,401,5477,474,90,90
msg,2,120,404,5055,490,90,90
msg,2,121,411,4234,484,90,90
msg,2,122,398,17018,486,90,90
msg,2,123,431,6112,470,90,90
msg,2,124,425,3752,481,90,90
msg,2,125,429,3678,482,90,90
msg,2,126,405,10838,485,90,90
msg,2,127,407,11425,471,90,90
msg,2,128,431,3725,482,90,90
msg,2,129,407,4118,466,90,90
msg,2,130,431,3814,483,90,90
msg,2,131,404,4337,466,90,90
msg,2,132,433,3723,472,90,90
msg,2,133,429,4075,470,90,90
msg,2,134,431,3901,472,90,90
msg,2,135,437,5159,471,90,90
msg,2,136,414,15851,475,90,90
msg,2,137,405,3712,469,90,90
msg,2,138,437,4581,482,90,90
msg,2,139,403,4393,467,90,90
msg,2,140,430,3903,464,90,90
msg,2,141,433,4691,465,90,90
msg,2,142,429,17769,482,90,90
msg,2,143,402,3523,473,90,90
msg,2,144,409,5585,469,90,90
msg,2,145,423,5122,465,90,90
msg,2,146,424,5075,470,90,90
msg,2,147,414,3602,471,90,90
msg,2,148,439,4148,473,90,90
msg,2,149,411,4372,480,90,90
msg,2,150,404,16914,489,90,90
msg,2,151,398,4981,482,90,90
msg,2,152,403,4971,486,90,90
msg,2,153,407,4181,465,90,90
msg,2,154,434,3520,485,90,90
msg,2,155,406,17832,489,90,90
msg,2,156,406,3933,487,90,90
msg,2,157,408,4159,481,90,90
msg,2,158,406,4051,486,90,90
msg,2,159,407,6690,483,90,90
msg,2,160,402,4505,469,90,90
msg,2,161,433,3582,487,90,90
msg,2,162,402,3793,484,90,90
msg,2,163,401,4189,483,90,90
msg,2,164,429,17003,472,90,90
msg,2,165,425,3872,465,90,90
msg,2,166,427,5719,494,90,90
msg,2,167,410,4198,474,90,90
msg,2,168,429,3697,482,90,90
msg,2,169,408,17890,487,90,90
msg,2,170,407,12560,463,90,90
msg,2,171,403,7814,468,90,90
msg,2,172,434,8104,476,90,90
msg,2,173,403,5420,481,90,90
msg,2,174,401,4046,472,90,90
msg,2,175,432,17457,486,90,90
msg,2,176,400,3913,477,90,90
msg,2,177,406,3647,465,90,90
msg,2,178,424,4466,480,90,90
msg,2,179,413,6420,474,90,90
msg,2,180,433,16743,467,90,90
msg,2,181,423,4146,470,90,90
msg,2,182,433,3927,466,90,90
msg,2,183,431,4315,480,90,90
msg,2,184,407,6067,487,90,90
msg,2,185,405,4578,473,90,90
msg,2,186,408,3791,466,90,90
msg,2,187,433,4265,507,90,90
msg,2,188,407,3758,470,90,90
msg,2,189,407,17032,485,90,90
msg,2,190,403,5302,483,90,90
msg,2,191,435,4532,486,90,90
msg,2,192,403,3837,520,90,90
msg,2,193,400,4046,484,90,90
msg,2,194,408,17504,465,90,90
msg,2,195,432,3799,465,90,90
msg,2,196,421,4210,465,90,90
msg,2,197,423,4322,489,90,90
msg,2,198,471,5596,468,90,90
msg,2,199,406,3583,471,90,90
whole,2,23.610,1501.363,200
#stack 2380
#end
#block pipeline plain lorawan11_256 up
#aead AES-256-CTR+2xCMAC (LoRaWAN 1.1 frame, 256-bit keys) (BearSSL (arduino-pico)), uplink, 51 B payload + 13 B overhead
#lib none (plain MQTT)
iter,tcp_ms,tls_ms,mqtt_ms,total_ms,hs_tx_B,hs_rx_B,mqtt_tx_B,mqtt_rx_B,hs_writes,hs_reads,writes,reads,free_heap_B,hs_keygen_us,hs_derive_us,hs_verify_us,hs_sign_us,hs_keygen_n,hs_derive_n,hs_verify_n,hs_sign_n
msg,iter,idx,seal_us,rtt_us,open_us,tx_B,rx_B
whole,iter,first_ms,all_ms,msgs
0,5.3920,0.0030,4.0780,9.4730,0,0,23,4,0,0,1,1,169356,0.0,0.0,0.0,0.0,0,0,0,0
msg,0,0,1032,3853,979,90,90
msg,0,1,894,16476,1020,90,90
msg,0,2,923,4040,972,90,90
msg,0,3,917,5291,964,90,90
msg,0,4,900,4344,1017,90,90
msg,0,5,1000,18647,1015,90,90
msg,0,6,913,6783,964,90,90
msg,0,7,917,5691,972,90,90
msg,0,8,917,4252,969,90,90
msg,0,9,917,3891,951,90,90
msg,0,10,914,3772,972,90,90
msg,0,11,920,3690,1021,90,90
msg,0,12,914,3867,969,90,90
msg,0,13,912,15852,971,90,90
msg,0,14,909,6423,966,90,90
msg,0,15,899,6860,977,90,90
msg,0,16,916,3941,977,90,90
msg,0,17,894,15197,977,90,90
msg,0,18,914,4306,977,90,90
msg,0,19,984,4145,969,90,90
msg,0,20,922,7145,971,90,90
msg,0,21,893,4407,965,90,90
msg,0,22,916,5280,973,90,90
msg,0,23,919,4081,975,90,90
msg,0,24,892,15243,966,90,90
msg,0,25,918,4500,965,90,90
msg,0,26,981,3968,972,90,90
msg,0,27,918,3878,978,90,90
msg,0,28,922,3691,968,90,90
msg,0,29,920,17612,970,90,90
msg,0,30,915,6194,966,90,90
msg,0,31,920,6222,968,90,90
msg,0,32,918,5595,975,90,90
msg,0,33,924,3802,966,90,90
msg,0,34,921,3979,974,90,90
msg,0,35,912,4361,975,90,90
msg,0,36,916,17354,968,90,90
msg,0,37,924,5187,975,90,90
msg,0,38,920,4693,975,90,90
msg,0,39,925,3988,963,90,90
msg,0,40,924,17413,973,90,90
msg,0,41,917,4486,967,90,90
msg,0,42,923,4347,971,90,90
msg,0,43,921,5040,973,90,90
msg,0,44,918,4291,957,90,90
msg,0,45,910,8438,985,90,90
msg,0,46,919,5124,973,90,90
msg,0,47,911,13111,969,90,90
msg,0,48,893,3941,968,90,90
msg,0,49,915,3908,978,90,90
msg,0,50,914,4609,971,90,90
msg,0,51,914,29115,1039,90,90
msg,0,52,926,4391,972,90,90
msg,0,53,923,5565,974,90,90
msg,0,54,915,5268,969,90,90
msg,0,55,914,6911,971,90,90
msg,0,56,908,5028,962,90,90
msg,0,57,924,15855,969,90,90
msg,0,58,920,6056,975,90,90
msg,0,59,914,4211,970,90,90
msg,0,60,912,4340,971,90,90
msg,0,61,889,17147,963,90,90
msg,0,62,919,4010,1021,90,90
msg,0,63,919,3886,969,90,90
msg,0,64,914,6025,972,90,90
msg,0,65,915,4352,966,90,90
msg,0,66,915,3977,966,90,90
msg,0,67,918,4131,962,90,90
msg,0,68,915,18342,967,90,90
msg,0,69,912,3711,969,90,90
msg,0,70,1023,4196,971,90,90
msg,0,71,924,3885,1343,90,90
msg,0,72,934,3905,974,90,90
msg,0,73,921,16619,976,90,90
msg,0,74,917,4150,972,90,90
msg,0,75,921,5186,978,90,90
msg,0,76,914,4323,967,90,90
msg,0,77,915,4397,971,90,90
msg,0,78,919,4369,967,90,90
msg,0,79,916,4990,962,90,90
msg,0,80,914,17389,974,90,90
msg,0,81,914,7166,975,90,90
msg,0,82,921,3849,980,90,90
msg,0,83,919,3805,973,90,90
msg,0,84,920,8270,979,90,90
msg,0,85,896,9818,971,90,90
msg,0,86,981,4483,974,90,90
msg,0,87,912,9022,974,90,90
msg,0,88,925,4398,972,90,90
msg,0,89,893,3900,975,90,90
msg,0,90,922,4404,970,90,90
msg,0,91,916,3994,966,90,90
msg,0,92,913,17097,972,90,90
msg,0,93,914,8115,975,90,90
msg,0,94,920,3940,972,90,90
msg,0,95,913,4181,968,90,90
msg,0,96,892,15981,971,90,90
msg,0,97,891,3926,971,90,90
msg,0,98,894,4999,971,90,90
msg,0,99,900,5390,1354,90,90
msg,0,100,947,4866,969,90,90
msg,0,101,913,3867,975,90,90
msg,0,102,911,4445,971,90,90
msg,0,103,985,17528,974,90,90
msg,0,104,926,6671,966,90,90
msg,0,105,914,3675,971,90,90
msg,0,106,913,4002,968,90,90
msg,0,107,916,8087,971,90,90
msg,0,108,915,10328,979,90,90
msg,0,109,920,4411,970,90,90
msg,0,110,913,4325,965,90,90
msg,0,111,920,4841,976,90,90
msg,0,112,921,4010,970,90,90
msg,0,113,918,4173,967,90,90
msg,0,114,895,4129,959,90,90
msg,0,115,918,18194,975,90,90
msg,0,116,914,3749,971,90,90
msg,0,117,919,4096,965,90,90
msg,0,118,915,3594,1030,90,90
msg,0,119,912,4052,967,90,90
msg,0,120,917,17255,972,90,90
msg,0,121,912,3860,967,90,90
msg,0,122,922,5000,970,90,90
msg,0,123,978,4522,968,90,90
msg,0,124,921,4122,965,90,90
msg,0,125,918,3677,971,90,90
msg,0,126,893,3400,977,90,90
msg,0,127,916,3808,970,90,90
msg,0,128,912,20043,974,90,90
msg,0,129,1348,4779,970,90,90
msg,0,130,915,3911,975,90,90
msg,0,131,913,3875,971,90,90
msg,0,132,925,16205,974,90,90
msg,0,133,918,4733,979,90,90
msg,0,134,920,4033,973,90,90
msg,0,135,922,5077,972,90,90
msg,0,136,911,3993,977,90,90
msg,0,137,919,4242,964,90,90
msg,0,138,915,4737,971,90,90
msg,0,139,896,17836,977,90,90
msg,0,140,914,11376,968,90,90
msg,0,141,910,4520,968,90,90
msg,0,142,918,3829,974,90,90
msg,0,143,923,12513,970,90,90
msg,0,144,914,6396,977,90,90
msg,0,145,919,5121,971,90,90
msg,0,146,901,4890,970,90,90
msg,0,147,912,4045,968,90,90
msg,0,148,892,4202,970,90,90
msg,0,149,909,5725,972,90,90
msg,0,150,894,17152,974,90,90
msg,0,151,920,4071,974,90,90
msg,0,152,920,3790,964,90,90
msg,0,153,922,3803,968,90,90
msg,0,154,894,5989,969,90,90
msg,0,155,920,16043,963,90,90
msg,0,156,920,3965,1029,90,90
msg,0,157,919,4329,985,90,90
msg,0,158,919,4839,975,90,90
msg,0,159,918,3936,973,90,90
msg,0,160,926,3794,966,90,90
msg,0,161,912,5319,972,90,90
msg,0,162,923,17703,976,90,90
msg,0,163,922,4187,977,90,90
msg,0,164,982,3733,970,90,90
msg,0,165,916,5652,973,90,90
msg,0,166,920,18638,964,90,90
msg,0,167,914,3841,1029,90,90
msg,0,168,891,3939,972,90,90
msg,0,169,890,3785,966,90,90
msg,0,170,918,5579,1023,90,90
msg,0,171,918,4797,973,90,90
msg,0,172,923,5842,969,90,90
msg,0,173,923,3962,1033,90,90
msg,0,174,922,16230,975,90,90
msg,0,175,913,5742,972,90,90
msg,0,176,924,3936,965,90,90
msg,0,177,917,4245,972,90,90
msg,0,178,918,15657,970,90,90
msg,0,179,918,7487,971,90,90
msg,0,180,895,4450,977,90,90
msg,0,181,919,4992,965,90,90
msg,0,182,975,3792,973,90,90
msg,0,183,920,3698,961,90,90
msg,0,184,913,3593,980,90,90
msg,0,185,915,3765,979,90,90
msg,0,186,918,16518,975,90,90
msg,0,187,922,6461,972,90,90
msg,0,188,915,4611,970,90,90
msg,0,189,925,3788,966,90,90
msg,0,190,919,14311,973,90,90
msg,0,191,924,9112,971,90,90
msg,0,192,917,3613,978,90,90
msg,0,193,915,4554,963,90,90
msg,0,194,916,4138,969,90,90
msg,0,195,914,6995,974,90,90
msg,0,196,918,3870,970,90,90
msg,0,197,914,19077,971,90,90
msg,0,198,916,4831,978,90,90
msg,0,199,917,4504,971,90,90
whole,0,20.960,1798.256,200
1,7.4780,0.0030,12.9540,20.4350,0,0,23,4,0,0,1,1,169356,0.0,0.0,0.0,0.0,0,0,0,0
msg,1,0,1040,3438,982,90,90
msg,1,1,928,5579,973,90,90
msg,1,2,913,3558,969,90,90
msg,1,3,914,4626,964,90,90
msg,1,4,919,6971,983,90,90
msg,1,5,912,15150,975,90,90
msg,1,6,917,4010,964,90,90
msg,1,7,914,3740,966,90,90
msg,1,8,916,4017,1023,90,90
msg,1,9,915,3923,973,90,90
msg,1,10,918,17697,977,90,90
msg,1,11,917,4715,973,90,90
msg,1,12,923,4144,956,90,90
msg,1,13,918,4489,983,90,90
msg,1,14,919,6898,969,90,90
msg,1,15,913,4702,973,90,90
msg,1,16,924,21333,976,90,90
msg,1,17,916,4459,967,90,90
msg,1,18,917,3543,968,90,90
msg,1,19,915,5304,978,90,90
msg,1,20,921,3819,969,90,90
msg,1,21,919,13304,972,90,90
msg,1,22,912,6655,972,90,90
msg,1,23,920,4662,966,90,90
msg,1,24,892,5186,970,90,90
msg,1,25,920,4434,969,90,90
msg,1,26,924,3682,1045,90,90
msg,1,27,929,4621,971,90,90
msg,1,28,922,17853,965,90,90
msg,1,29,917,4608,977,90,90
msg,1,30,922,4725,1020,90,90
msg,1,31,913,4498,947,90,90
msg,1,32,910,18541,974,90,90
msg,1,33,926,6577,972,90,90
msg,1,34,917,3867,969,90,90
msg,1,35,920,6652,976,90,90
msg,1,36,899,3993,974,90,90
msg,1,37,892,4146,973,90,90
msg,1,38,917,3840,957,90,90
msg,1,39,911,18245,971,90,90
msg,1,40,932,7668,967,90,90
msg,1,41,912,3665,970,90,90
msg,1,42,912,4375,978,90,90
msg,1,43,914,16875,971,90,90
msg,1,44,920,6511,976,90,90
msg,1,45,913,4536,972,90,90
msg,1,46,922,5258,967,90,90
msg,1,47,915,5141,1059,90,90
msg,1,48,921,4019,969,90,90
msg,1,49,918,3838,967,90,90
msg,1,50,903,17473,975,90,90
msg,1,51,928,3949,969,90,90
msg,1,52,920,5240,970,90,90
msg,1,53,912,4633,975,90,90
msg,1,54,922,3884,966,90,90
msg,1,55,914,15338,971,90,90
msg,1,56,920,5412,973,90,90
msg,1,57,921,5466,978,90,90
msg,1,58,923,3844,968,90,90
msg,1,59,915,3659,970,90,90
msg,1,60,919,3830,965,90,90
msg,1,61,916,5033,973,90,90
msg,1,62,914,17684,964,90,90
msg,1,63,918,8064,969,90,90
msg,1,64,916,5018,975,90,90
msg,1,65,923,3903,971,90,90
msg,1,66,914,17631,984,90,90
msg,1,67,921,4838,974,90,90
msg,1,68,897,4515,976,90,90
msg,1,69,921,4242,972,90,90
msg,1,70,923,3979,981,90,90
msg,1,71,911,3919,972,90,90
msg,1,72,919,3884,972,90,90
msg,1,73,919,4928,979,90,90
msg,1,74,925,17811,976,90,90
msg,1,75,922,4004,971,90,90
msg,1,76,911,3870,974,90,90
msg,1,77,919,4632,967,90,90
msg,1,78,912,17194,975,90,90
msg,1,79,920,3901,970,90,90
msg,1,80,915,4103,975,90,90
msg,1,81,924,5385,1028,90,90
msg,1,82,923,4330,967,90,90
msg,1,83,928,3984,976,90,90
msg,1,84,921,4188,966,90,90
msg,1,85,917,4009,974,90,90
msg,1,86,899,16456,969,90,90
msg,1,87,909,7094,967,90,90
msg,1,88,915,3931,978,90,90
msg,1,89,922,4863,963,90,90
msg,1,90,913,14964,976,90,90
msg,1,91,920,5090,968,90,90
msg,1,92,919,3992,968,90,90
msg,1,93,917,5015,975,90,90
msg,1,94,922,5023,967,90,90
msg,1,95,921,4019,974,90,90
msg,1,96,893,4726,970,90,90
msg,1,97,911,16797,974,90,90
msg,1,98,928,3921,972,90,90
msg,1,99,915,4124,973,90,90
msg,1,100,916,7741,973,90,90
msg,1,101,909,16835,972,90,90
msg,1,102,910,6834,969,90,90
msg,1,103,978,4804,974,90,90
msg,1,104,925,4289,971,90,90
msg,1,105,920,4056,968,90,90
msg,1,106,918,3996,972,90,90
msg,1,107,921,4684,972,90,90
msg,1,108,918,4318,972,90,90
msg,1,109,896,14685,968,90,90
msg,1,110,920,6064,974,90,90
msg,1,111,914,3641,1021,90,90
msg,1,112,917,5047,967,90,90
msg,1,113,914,14723,972,90,90
msg,1,114,923,4580,969,90,90
msg,1,115,912,3893,964,90,90
msg,1,116,899,5620,973,90,90
msg,1,117,926,5493,968,90,90
msg,1,118,1222,31830,972,90,90
msg,1,119,923,4451,968,90,90
msg,1,120,893,3794,974,90,90
msg,1,121,979,5044,987,90,90
msg,1,122,895,18843,984,90,90
msg,1,123,919,6539,974,90,90
msg,1,124,919,5422,970,90,90
msg,1,125,895,6035,963,90,90
msg,1,126,928,4549,968,90,90
msg,1,127,917,6766,971,90,90
msg,1,128,915,5570,957,90,90
msg,1,129,918,19074,972,90,90
msg,1,130,921,5105,972,90,90
msg,1,131,910,6144,976,90,90
msg,1,132,922,7541,962,90,90
msg,1,133,923,10652,969,90,90
msg,1,134,915,5845,969,90,90
msg,1,135,925,7883,965,90,90
msg,1,136,915,4849,972,90,90
msg,1,137,916,4282,972,90,90
msg,1,138,899,5993,970,90,90
msg,1,139,895,16777,968,90,90
msg,1,140,921,3846,973,90,90
msg,1,141,913,3619,971,90,90
msg,1,142,920,42912,975,90,90
msg,1,143,921,5896,987,90,90
msg,1,144,920,5091,970,90,90
msg,1,145,917,4640,965,90,90
msg,1,146,914,3887,966,90,90
msg,1,147,921,19669,971,90,90
msg,1,148,919,5648,974,90,90
msg,1,149,918,3959,972,90,90
msg,1,150,978,3952,974,90,90
msg,1,151,926,17798,970,90,90
msg,1,152,917,4503,956,90,90
msg,1,153,919,3872,964,90,90
msg,1,154,899,5410,975,90,90
msg,1,155,917,6059,972,90,90
msg,1,156,925,4020,971,90,90
msg,1,157,925,3999,973,90,90
msg,1,158,922,16609,973,90,90
msg,1,159,917,3826,972,90,90
msg,1,160,916,4032,972,90,90
msg,1,161,914,4405,971,90,90
msg,1,162,915,4404,966,90,90
msg,1,163,918,16610,1035,90,90
msg,1,164,918,23032,963,90,90
msg,1,165,916,57431,988,90,90
msg,1,166,917,18118,978,90,90
msg,1,167,912,4053,972,90,90
msg,1,168,892,4589,978,90,90
msg,1,169,927,4771,970,90,90
msg,1,170,920,4289,979,90,90
msg,1,171,913,4172,967,90,90
msg,1,172,893,3897,974,90,90
msg,1,173,899,16651,980,90,90
msg,1,174,917,8664,972,90,90
msg,1,175,913,4299,968,90,90
msg,1,176,990,4234,966,90,90
msg,1,177,915,17370,979,90,90
msg,1,178,915,7790,968,90,90
msg,1,179,915,6795,971,90,90
msg,1,180,922,5312,971,90,90
msg,1,181,916,3848,970,90,90
msg,1,182,921,6101,973,90,90
msg,1,183,916,16549,964,90,90
msg,1,184,920,4088,973,90,90
msg,1,185,924,40833,1344,90,90
msg,1,186,932,5951,972,90,90
msg,1,187,919,5862,976,90,90
msg,1,188,914,4201,977,90,90
msg,1,189,919,3872,970,90,90
msg,1,190,916,4066,967,90,90
msg,1,191,892,21992,974,90,90
msg,1,192,893,5824,976,90,90
msg,1,193,913,4787,971,90,90
msg,1,194,908,3963,969,90,90
msg,1,195,977,15421,965,90,90
msg,1,196,924,4925,968,90,90
msg,1,197,913,4349,971,90,90
msg,1,198,917,4865,974,90,90
msg,1,199,914,6730,975,90,90
whole,1,33.052,1995.487,200
2,5.4040,0.0020,17.8300,23.2360,0,0,23,4,0,0,1,1,169356,0.0,0.0,0.0,0.0,0,0,0,0
msg,2,0,1040,4024,980,90,90
msg,2,1,967,4148,974,90,90
msg,2,2,928,3988,967,90,90
msg,2,3,910,15780,967,90,90
msg,2,4,922,6621,973,90,90
msg,2,5,914,4336,965,90,90
msg,2,6,914,5361,971,90,90
msg,2,7,919,5320,972,90,90
msg,2,8,974,3767,973,90,90
msg,2,9,919,4542,975,90,90
msg,2,10,912,16686,980,90,90
msg,2,11,917,3985,973,90,90
msg,2,12,917,4104,1020,90,90
msg,2,13,917,3767,972,90,90
msg,2,14,916,3814,964,90,90
msg,2,15,919,17374,980,90,90
msg,2,16,918,4775,1026,90,90
msg,2,17,918,4775,966,90,90
msg,2,18,912,7660,967,90,90
msg,2,19,898,3901,981,90,90
msg,2,20,894,3792,976,90,90
msg,2,21,911,4768,973,90,90
msg,2,22,919,19521,965,90,90
msg,2,23,921,4305,971,90,90
msg,2,24,924,4009,965,90,90
msg,2,25,916,3565,973,90,90
msg,2,26,915,6589,978,90,90
msg,2,27,917,9820,970,90,90
msg,2,28,922,4147,969,90,90
msg,2,29,894,4788,972,90,90
msg,2,30,916,10204,954,90,90
msg,2,31,916,3742,968,90,90
msg,2,32,919,5382,971,90,90
msg,2,33,915,18418,972,90,90
msg,2,34,912,9176,972,90,90
msg,2,35,898,5278,968,90,90
msg,2,36,919,4429,1063,90,90
msg,2,37,917,15962,982,90,90
msg,2,38,897,5100,953,90,90
msg,2,39,920,3831,975,90,90
msg,2,40,972,4994,957,90,90
msg,2,41,913,4477,974,90,90
msg,2,42,917,3690,978,90,90
msg,2,43,988,6002,977,90,90
msg,2,44,918,16400,968,90,90
msg,2,45,892,4273,963,90,90
msg,2,46,909,3990,977,90,90
msg,2,47,915,4136,970,90,90
msg,2,48,922,3704,968,90,90
msg,2,49,915,17489,973,90,90
msg,2,50,908,6296,963,90,90
msg,2,51,918,3788,964,90,90
msg,2,52,895,3744,973,90,90
msg,2,53,914,8911,969,90,90
msg,2,54,912,5231,962,90,90
msg,2,55,915,3666,975,90,90
msg,2,56,911,15222,957,90,90
msg,2,57,921,6411,974,90,90
msg,2,58,911,3703,973,90,90
msg,2,59,916,3947,967,90,90
msg,2,60,919,15572,1010,90,90
msg,2,61,890,6504,970,90,90
msg,2,62,921,3909,972,90,90
msg,2,63,917,6541,959,90,90
msg,2,64,912,5140,969,90,90
msg,2,65,922,4751,959,90,90
msg,2,66,918,3763,986,90,90
msg,2,67,895,16602,1024,90,90
msg,2,68,921,8148,969,90,90
msg,2,69,921,3791,970,90,90
msg,2,70,1013,4508,978,90,90
msg,2,71,923,15860,976,90,90
msg,2,72,912,6545,972,90,90
msg,2,73,923,4726,972,90,90
msg,2,74,936,4841,971,90,90
msg,2,75,921,5038,969,90,90
msg,2,76,916,5695,970,90,90
msg,2,77,911,4633,966,90,90
msg,2,78,914,16106,968,90,90
msg,2,79,917,3870,971,90,90
msg,2,80,912,4376,976,90,90
msg,2,81,979,3786,979,90,90
msg,2,82,917,3771,971,90,90
msg,2,83,916,17445,970,90,90
msg,2,84,891,5981,966,90,90
msg,2,85,914,4130,974,90,90
msg,2,86,915,4126,967,90,90
msg,2,87,917,3796,971,90,90
msg,2,88,923,8838,964,90,90
msg,2,89,916,37738,986,90,90
msg,2,90,895,3912,1361,90,90
msg,2,91,922,16296,968,90,90
msg,2,92,916,5487,963,90,90
msg,2,93,923,3581,972,90,90
msg,2,94,912,5698,967,90,90
msg,2,95,982,4894,973,90,90
msg,2,96,917,3268,968,90,90
msg,2,97,893,4470,969,90,90
msg,2,98,915,16942,969,90,90
msg,2,99,918,4390,963,90,90
msg,2,100,913,7341,975,90,90
msg,2,101,915,3694,971,90,90
msg,2,102,921,17103,972,90,90
msg,2,103,915,4095,968,90,90
msg,2,104,920,3612,974,90,90
msg,2,105,911,4319,975,90,90
msg,2,106,918,7215,971,90,90
msg,2,107,918,4822,973,90,90
msg,2,108,916,6707,973,90,90
msg,2,109,919,16703,960,90,90
msg,2,110,917,4011,973,90,90
msg,2,111,919,4882,966,90,90
msg,2,112,916,4353,971,90,90
msg,2,113,924,18822,970,90,90
msg,2,114,910,5498,1022,90,90
msg,2,115,898,5749,969,90,90
msg,2,116,915,5551,970,90,90
msg,2,117,919,3471,974,90,90
msg,2,118,1353,3634,972,90,90
msg,2,119,920,5163,972,90,90
msg,2,120,914,17650,970,90,90
msg,2,121,918,3841,1050,90,90
msg,2,122,917,3784,975,90,90
msg,2,123,916,5155,957,90,90
msg,2,124,923,3718,973,90,90
msg,2,125,981,13744,973,90,90
msg,2,126,917,6716,979,90,90
msg,2,127,915,4577,970,90,90
msg,2,128,922,5577,976,90,90
msg,2,129,978,5552,970,90,90
msg,2,130,917,3501,969,90,90
msg,2,131,897,4496,968,90,90
msg,2,132,983,16576,970,90,90
msg,2,133,921,3837,963,90,90
msg,2,134,914,4412,968,90,90
msg,2,135,926,4243,971,90,90
msg,2,136,921,4972,969,90,90
msg,2,137,892,13201,971,90,90
msg,2,138,915,6816,966,90,90
msg,2,139,919,4817,974,90,90
msg,2,140,902,4816,1029,90,90
msg,2,141,915,3934,969,90,90
msg,2,142,915,3803,973,90,90
msg,2,143,912,3774,973,90,90
msg,2,144,921,18992,962,90,90
msg,2,145,1027,7563,969,90,90
msg,2,146,916,3738,962,90,90
msg,2,147,916,3844,965,90,90
msg,2,148,890,17335,974,90,90
msg,2,149,920,6213,970,90,90
msg,2,150,914,4914,974,90,90
msg,2,151,923,5087,971,90,90
msg,2,152,920,4518,978,90,90
msg,2,153,914,3855,972,90,90
msg,2,154,920,4684,969,90,90
msg,2,155,896,17702,979,90,90
msg,2,156,922,4736,968,90,90
msg,2,157,921,3766,967,90,90
msg,2,158,913,6237,972,90,90
msg,2,159,914,18024,970,90,90
msg,2,160,923,6150,973,90,90
msg,2,161,893,5276,968,90,90
msg,2,162,916,8430,973,90,90
msg,2,163,918,4785,975,90,90
msg,2,164,914,4392,964,90,90
msg,2,165,915,4481,970,90,90
msg,2,166,910,16765,983,90,90
msg,2,167,920,7629,954,90,90
msg,2,168,928,5040,971,90,90
msg,2,169,909,18551,969,90,90
msg,2,170,922,8153,972,90,90
msg,2,171,889,4273,968,90,90
msg,2,172,1376,4358,981,90,90
msg,2,173,932,3867,964,90,90
msg,2,174,922,3828,964,90,90
msg,2,175,920,3842,971,90,90
msg,2,176,894,3754,974,90,90
msg,2,177,915,15168,976,90,90
msg,2,178,892,10750,969,90,90
msg,2,179,912,3943,974,90,90
msg,2,180,918,17282,964,90,90
msg,2,181,917,7117,972,90,90
msg,2,182,922,4132,969,90,90
msg,2,183,920,6102,969,90,90
msg,2,184,918,5569,968,90,90
msg,2,185,986,4193,974,90,90
msg,2,186,919,3808,976,90,90
msg,2,187,915,16127,975,90,90
msg,2,188,920,4457,977,90,90
msg,2,189,915,3919,954,90,90
msg,2,190,912,3822,970,90,90
msg,2,191,888,4913,974,90,90
msg,2,192,923,16575,970,90,90
msg,2,193,921,5076,1030,90,90
msg,2,194,919,5281,960,90,90
msg,2,195,914,10228,973,90,90
msg,2,196,979,5884,971,90,90
msg,2,197,923,5955,972,90,90
msg,2,198,917,24944,971,90,90
msg,2,199,927,6004,971,90,90
whole,2,34.995,1886.897,200
#stack 2368
#end
#block pipeline plain lorawan11_256 down
#aead AES-256-CTR+2xCMAC (LoRaWAN 1.1 frame, 256-bit keys) (BearSSL (arduino-pico)), downlink, 51 B payload + 13 B overhead
#lib none (plain MQTT)
iter,tcp_ms,tls_ms,mqtt_ms,total_ms,hs_tx_B,hs_rx_B,mqtt_tx_B,mqtt_rx_B,hs_writes,hs_reads,writes,reads,free_heap_B,hs_keygen_us,hs_derive_us,hs_verify_us,hs_sign_us,hs_keygen_n,hs_derive_n,hs_verify_n,hs_sign_n
msg,iter,idx,seal_us,rtt_us,open_us,tx_B,rx_B
whole,iter,first_ms,all_ms,msgs
0,5.6770,0.0020,4.6150,10.2940,0,0,23,4,0,0,1,1,169356,0.0,0.0,0.0,0.0,0,0,0,0
msg,0,0,668,5506,665,90,90
msg,0,1,538,4509,603,90,90
msg,0,2,561,3833,600,90,90
msg,0,3,537,17296,614,90,90
msg,0,4,569,4049,602,90,90
msg,0,5,545,4027,620,90,90
msg,0,6,562,6134,606,90,90
msg,0,7,562,5084,616,90,90
msg,0,8,540,4367,662,90,90
msg,0,9,542,4270,609,90,90
msg,0,10,567,5839,600,90,90
msg,0,11,571,17093,618,90,90
msg,0,12,541,3802,623,90,90
msg,0,13,555,5663,633,90,90
msg,0,14,559,4674,612,90,90
msg,0,15,565,4019,610,90,90
msg,0,16,570,15776,600,90,90
msg,0,17,562,3830,609,90,90
msg,0,18,542,3874,624,90,90
msg,0,19,540,3621,618,90,90
msg,0,20,539,10811,672,90,90
msg,0,21,562,3652,608,90,90
msg,0,22,561,5196,604,90,90
msg,0,23,534,6414,715,90,90
msg,0,24,564,16345,616,90,90
msg,0,25,565,6283,617,90,90
msg,0,26,535,3827,611,90,90
msg,0,27,532,4042,614,90,90
msg,0,28,561,3656,616,90,90
msg,0,29,562,16555,614,90,90
msg,0,30,624,5864,608,90,90
msg,0,31,559,4085,610,90,90
msg,0,32,543,10214,603,90,90
msg,0,33,567,4322,620,90,90
msg,0,34,558,5635,618,90,90
msg,0,35,561,4085,649,90,90
msg,0,36,557,17202,613,90,90
msg,0,37,568,7440,621,90,90
msg,0,38,538,5768,616,90,90
msg,0,39,544,3646,673,90,90
msg,0,40,536,23335,603,90,90
msg,0,41,542,6946,642,90,90
msg,0,42,539,6026,609,90,90
msg,0,43,562,5125,612,90,90
msg,0,44,546,3497,602,90,90
msg,0,45,598,3822,615,90,90
msg,0,46,541,3865,623,90,90
msg,0,47,544,15350,604,90,90
msg,0,48,543,3620,603,90,90
msg,0,49,541,4237,618,90,90
msg,0,50,560,3788,614,90,90
msg,0,51,559,5272,615,90,90
msg,0,52,541,17345,606,90,90
msg,0,53,640,4064,629,90,90
msg,0,54,567,3893,603,90,90
msg,0,55,563,4275,617,90,90
msg,0,56,540,7003,610,90,90
msg,0,57,564,4385,619,90,90
msg,0,58,567,6432,618,90,90
msg,0,59,542,4666,621,90,90
msg,0,60,540,17600,617,90,90
msg,0,61,541,10212,611,90,90
msg,0,62,563,4210,616,90,90
msg,0,63,548,4097,605,90,90
msg,0,64,560,17701,608,90,90
msg,0,65,555,5347,623,90,90
msg,0,66,561,4812,621,90,90
msg,0,67,559,6161,612,90,90
msg,0,68,542,5154,619,90,90
msg,0,69,566,4417,616,90,90
msg,0,70,540,4870,621,90,90
msg,0,71,561,4048,602,90,90
msg,0,72,541,23503,618,90,90
msg,0,73,564,3803,601,90,90
msg,0,74,540,3682,601,90,90
msg,0,75,544,3934,613,90,90
msg,0,76,537,16801,621,90,90
msg,0,77,544,4299,608,90,90
msg,0,78,538,6063,667,90,90
msg,0,79,568,5265,604,90,90
msg,0,80,535,4800,620,90,90
msg,0,81,545,7417,607,90,90
msg,0,82,565,6123,613,90,90
msg,0,83,537,18478,619,90,90
msg,0,84,536,6069,610,90,90
msg,0,85,557,3987,603,90,90
msg,0,86,569,3578,609,90,90
msg,0,87,567,3848,609,90,90
msg,0,88,540,16003,623,90,90
msg,0,89,541,6234,605,90,90
msg,0,90,571,4077,617,90,90
msg,0,91,538,5659,614,90,90
msg,0,92,544,4695,616,90,90
msg,0,93,533,4208,601,90,90
msg,0,94,561,4356,623,90,90
msg,0,95,559,4460,614,90,90
msg,0,96,537,14828,616,90,90
msg,0,97,563,3936,605,90,90
msg,0,98,564,5033,671,90,90
msg,0,99,535,3747,619,90,90
msg,0,100,537,4439,602,90,90
msg,0,101,543,16462,602,90,90
msg,0,102,569,3891,606,90,90
msg,0,103,548,3784,621,90,90
msg,0,104,546,3874,624,90,90
msg,0,105,561,6713,619,90,90
msg,0,106,566,4642,621,90,90
msg,0,107,567,5141,602,90,90
msg,0,108,539,6201,616,90,90
msg,0,109,566,16631,620,90,90
msg,0,110,563,3876,611,90,90
msg,0,111,568,4399,614,90,90
msg,0,112,572,3644,619,90,90
msg,0,113,566,3718,620,90,90
msg,0,114,573,3637,612,90,90
msg,0,115,560,15996,605,90,90
msg,0,116,568,6370,620,90,90
msg,0,117,563,4286,617,90,90
msg,0,118,534,4900,617,90,90
msg,0,119,565,4006,603,90,90
msg,0,120,630,5669,601,90,90
msg,0,121,566,3623,605,90,90
msg,0,122,571,3630,604,90,90
msg,0,123,572,16373,614,90,90
msg,0,124,561,8146,601,90,90
msg,0,125,537,4985,617,90,90
msg,0,126,540,3981,612,90,90
msg,0,127,574,17353,616,90,90
msg,0,128,545,3922,617,90,90
msg,0,129,620,4203,613,90,90
msg,0,130,543,3425,602,90,90
msg,0,131,534,5203,614,90,90
msg,0,132,565,4757,620,90,90
msg,0,133,553,3832,610,90,90
msg,0,134,561,5129,620,90,90
msg,0,135,543,3813,618,90,90
msg,0,136,542,15253,618,90,90
msg,0,137,538,4299,617,90,90
msg,0,138,630,5015,600,90,90
msg,0,139,540,3868,620,90,90
msg,0,140,543,3984,623,90,90
msg,0,141,572,17005,610,90,90
msg,0,142,564,7151,617,90,90
msg,0,143,567,17814,625,90,90
msg,0,144,563,4611,622,90,90
msg,0,145,558,5348,614,90,90
msg,0,146,541,4501,599,90,90
msg,0,147,550,14488,605,90,90
msg,0,148,620,4067,617,90,90
msg,0,149,542,3730,624,90,90
msg,0,150,560,4029,604,90,90
msg,0,151,566,4724,605,90,90
msg,0,152,566,17250,620,90,90
msg,0,153,613,4866,606,90,90
msg,0,154,556,4820,604,90,90
msg,0,155,570,3768,604,90,90
msg,0,156,538,4619,603,90,90
msg,0,157,538,4651,599,90,90
msg,0,158,558,3852,601,90,90
msg,0,159,546,6486,605,90,90
msg,0,160,561,18129,621,90,90
msg,0,161,557,8811,615,90,90
msg,0,162,564,4146,599,90,90
msg,0,163,544,4844,624,90,90
msg,0,164,547,16410,610,90,90
msg,0,165,540,3713,603,90,90
msg,0,166,546,3893,621,90,90
msg,0,167,614,4018,611,90,90
msg,0,168,558,5983,606,90,90
msg,0,169,542,3793,604,90,90
msg,0,170,544,3723,617,90,90
msg,0,171,541,4274,605,90,90
msg,0,172,567,3809,607,90,90
msg,0,173,565,16616,603,90,90
msg,0,174,575,10364,620,90,90
msg,0,175,558,3709,615,90,90
msg,0,176,572,4580,613,90,90
msg,0,177,558,7287,619,90,90
msg,0,178,544,11263,602,90,90
msg,0,179,568,5266,618,90,90
msg,0,180,562,4863,672,90,90
msg,0,181,562,4544,619,90,90
msg,0,182,558,4929,603,90,90
msg,0,183,562,4270,619,90,90
msg,0,184,564,4787,613,90,90
msg,0,185,562,3636,610,90,90
msg,0,186,562,15332,617,90,90
msg,0,187,542,4012,612,90,90
msg,0,188,561,6291,619,90,90
msg,0,189,539,6427,618,90,90
msg,0,190,541,23005,615,90,90
msg,0,191,567,10674,621,90,90
msg,0,192,556,5503,613,90,90
msg,0,193,534,4203,605,90,90
msg,0,194,568,4068,612,90,90
msg,0,195,546,5277,619,90,90
msg,0,196,571,4366,610,90,90
msg,0,197,562,18175,603,90,90
msg,0,198,541,7759,618,90,90
msg,0,199,544,6088,620,90,90
whole,0,36.127,1684.906,200
1,7.3660,0.0030,8.1350,15.5040,0,0,23,4,0,0,1,1,169356,0.0,0.0,0.0,0.0,0,0,0,0
msg,1,0,683,6341,625,90,90
msg,1,1,536,4243,614,90,90
msg,1,2,560,5546,602,90,90
msg,1,3,560,4463,615,90,90
msg,1,4,555,15611,617,90,90
msg,1,5,567,9114,607,90,90
msg,1,6,540,3770,601,90,90
msg,1,7,548,4082,621,90,90
msg,1,8,560,15781,621,90,90
msg,1,9,569,3848,607,90,90
msg,1,10,558,3450,624,90,90
msg,1,11,558,4247,614,90,90
msg,1,12,535,5450,605,90,90
msg,1,13,540,4524,599,90,90
msg,1,14,625,3646,610,90,90
msg,1,15,570,3904,606,90,90
msg,1,16,543,3725,613,90,90
msg,1,17,540,16537,602,90,90
msg,1,18,539,3925,614,90,90
msg,1,19,531,5337,608,90,90
msg,1,20,564,5427,613,90,90
msg,1,21,982,4877,620,90,90
msg,1,22,537,16606,615,90,90
msg,1,23,544,5002,619,90,90
msg,1,24,563,5164,613,90,90
msg,1,25,532,5913,619,90,90
msg,1,26,538,5112,604,90,90
msg,1,27,570,3696,606,90,90
msg,1,28,565,3671,655,90,90
msg,1,29,566,4777,605,90,90
msg,1,30,539,17669,608,90,90
msg,1,31,541,8042,619,90,90
msg,1,32,565,6112,605,90,90
msg,1,33,571,4718,612,90,90
msg,1,34,538,16521,605,90,90
msg,1,35,560,6404,617,90,90
msg,1,36,560,5214,603,90,90
msg,1,37,545,4892,613,90,90
msg,1,38,541,4077,611,90,90
msg,1,39,572,4109,618,90,90
msg,1,40,540,4052,617,90,90
msg,1,41,561,4758,612,90,90
msg,1,42,566,17905,611,90,90
msg,1,43,573,6580,605,90,90
msg,1,44,561,4378,622,90,90
msg,1,45,557,4087,611,90,90
msg,1,46,539,16995,615,90,90
msg,1,47,566,6496,614,90,90
msg,1,48,536,6579,614,90,90
msg,1,49,539,6045,618,90,90
msg,1,50,1003,6349,609,90,90
msg,1,51,564,3769,603,90,90
msg,1,52,557,4033,624,90,90
msg,1,53,548,4289,594,90,90
msg,1,54,557,16895,607,90,90
msg,1,55,538,5120,617,90,90
msg,1,56,563,3583,618,90,90
msg,1,57,537,4419,617,90,90
msg,1,58,546,4000,611,90,90
msg,1,59,556,20328,619,90,90
msg,1,60,539,9736,661,90,90
msg,1,61,542,5416,603,90,90
msg,1,62,546,5456,606,90,90
msg,1,63,557,4528,614,90,90
msg,1,64,565,4144,612,90,90
msg,1,65,538,16703,623,90,90
msg,1,66,544,4356,601,90,90
msg,1,67,562,7905,614,90,90
msg,1,68,543,4696,621,90,90
msg,1,69,540,18681,621,90,90
msg,1,70,538,6724,619,90,90
msg,1,71,538,3895,611,90,90
msg,1,72,559,5904,615,90,90
msg,1,73,556,3898,604,90,90
msg,1,74,540,3679,600,90,90
msg,1,75,536,3952,621,90,90
msg,1,76,600,4940,618,90,90
msg,1,77,567,17703,624,90,90
msg,1,78,564,4045,606,90,90
msg,1,79,544,4119,623,90,90
msg,1,80,561,4562,617,90,90
msg,1,81,553,3451,618,90,90
msg,1,82,544,17262,603,90,90
msg,1,83,551,3928,606,90,90
msg,1,84,536,4545,601,90,90
msg,1,85,568,3584,600,90,90
msg,1,86,564,4253,617,90,90
msg,1,87,565,3889,669,90,90
msg,1,88,566,4236,620,90,90
msg,1,89,541,5689,620,90,90
msg,1,90,539,5381,604,90,90
msg,1,91,608,16773,614,90,90
msg,1,92,547,7611,619,90,90
msg,1,93,535,4481,603,90,90
msg,1,94,536,3403,609,90,90
msg,1,95,556,8077,603,90,90
msg,1,96,537,11618,596,90,90
msg,1,97,552,6105,617,90,90
msg,1,98,559,4751,621,90,90
msg,1,99,565,4261,623,90,90
msg,1,100,543,3933,611,90,90
msg,1,101,567,5090,601,90,90
msg,1,102,564,3945,615,90,90
msg,1,103,541,5955,622,90,90
msg,1,104,553,17052,607,90,90
msg,1,105,560,6271,617,90,90
msg,1,106,554,3552,621,90,90
msg,1,107,561,4188,606,90,90
msg,1,108,538,20505,601,90,90
msg,1,109,571,4617,601,90,90
msg,1,110,567,5679,614,90,90
msg,1,111,575,5061,616,90,90
msg,1,112,535,5381,605,90,90
msg,1,113,564,3739,609,90,90
msg,1,114,546,4336,615,90,90
msg,1,115,558,3828,608,90,90
msg,1,116,559,15745,602,90,90
msg,1,117,561,4570,602,90,90
msg,1,118,562,4386,613,90,90
msg,1,119,570,3612,618,90,90
msg,1,120,558,4496,619,90,90
msg,1,121,541,16445,611,90,90
msg,1,122,542,5387,651,90,90
msg,1,123,558,4345,621,90,90
msg,1,124,567,3714,616,90,90
msg,1,125,559,3772,603,90,90
msg,1,126,558,6494,617,90,90
msg,1,127,561,3957,605,90,90
msg,1,128,570,4040,615,90,90
msg,1,129,534,4771,691,90,90
msg,1,130,568,16653,616,90,90
msg,1,131,556,5610,618,90,90
msg,1,132,568,4353,618,90,90
msg,1,133,538,3515,609,90,90
msg,1,134,549,3710,609,90,90
msg,1,135,540,16475,606,90,90
msg,1,136,566,6542,614,90,90
msg,1,137,567,3828,608,90,90
msg,1,138,562,5773,604,90,90
msg,1,139,543,4892,616,90,90
msg,1,140,537,4909,625,90,90
msg,1,141,553,3641,623,90,90
msg,1,142,567,21326,616,90,90
msg,1,143,536,8041,617,90,90
msg,1,144,560,3394,621,90,90
msg,1,145,540,3648,618,90,90
msg,1,146,540,3754,615,90,90
msg,1,147,533,15489,604,90,90
msg,1,148,541,4005,619,90,90
msg,1,149,566,6562,618,90,90
msg,1,150,547,5772,611,90,90
msg,1,151,561,5922,615,90,90
msg,1,152,572,4219,612,90,90
msg,1,153,543,4640,619,90,90
msg,1,154,534,4175,608,90,90
msg,1,155,561,17600,615,90,90
msg,1,156,559,6886,603,90,90
msg,1,157,570,3519,606,90,90
msg,1,158,566,22577,641,90,90
msg,1,159,570,16463,617,90,90
msg,1,160,564,3858,603,90,90
msg,1,161,566,4362,616,90,90
msg,1,162,568,12335,621,90,90
msg,1,163,540,16884,619,90,90
msg,1,164,543,4475,623,90,90
msg,1,165,537,4896,615,90,90
msg,1,166,559,4658,625,90,90
msg,1,167,622,3935,607,90,90
msg,1,168,566,16012,1013,90,90
msg,1,169,574,3635,621,90,90
msg,1,170,563,3987,602,90,90
msg,1,171,569,3774,607,90,90
msg,1,172,535,5680,605,90,90
msg,1,173,537,4670,608,90,90
msg,1,174,538,3777,617,90,90
msg,1,175,542,3622,613,90,90
msg,1,176,534,4003,617,90,90
msg,1,177,568,15836,621,90,90
msg,1,178,562,3862,599,90,90
msg,1,179,563,5061,619,90,90
msg,1,180,535,3706,620,90,90
msg,1,181,538,3765,621,90,90
msg,1,182,547,17720,611,90,90
msg,1,183,548,4263,600,90,90
msg,1,184,545,3989,615,90,90
msg,1,185,537,3585,622,90,90
msg,1,186,537,5423,602,90,90
msg,1,187,534,5294,621,90,90
msg,1,188,561,3843,664,90,90
msg,1,189,562,3675,602,90,90
msg,1,190,569,3775,604,90,90
msg,1,191,535,15677,599,90,90
msg,1,192,536,3872,618,90,90
msg,1,193,545,4441,602,90,90
msg,1,194,564,3937,619,90,90
msg,1,195,543,3922,617,90,90
msg,1,196,567,18298,599,90,90
msg,1,197,547,25069,621,90,90
msg,1,198,564,4867,694,90,90
msg,1,199,566,4209,620,90,90
whole,1,28.613,1676.785,200
2,16.6030,0.0030,6.4300,23.0360,0,0,23,4,0,0,1,1,169356,0.0,0.0,0.0,0.0,0,0,0,0
msg,2,0,672,19421,604,90,90
msg,2,1,538,10091,617,90,90
msg,2,2,556,7362,622,90,90
msg,2,3,545,6853,617,90,90
msg,2,4,564,5670,621,90,90
msg,2,5,563,4199,605,90,90
msg,2,6,538,4336,616,90,90
msg,2,7,563,15432,620,90,90
msg,2,8,561,7169,607,90,90
msg,2,9,562,4231,614,90,90
msg,2,10,558,5364,621,90,90
msg,2,11,543,16809,617,90,90
msg,2,12,533,4482,614,90,90
msg,2,13,537,5917,617,90,90
msg,2,14,561,3748,622,90,90
msg,2,15,553,4181,604,90,90
msg,2,16,545,4607,607,90,90
msg,2,17,539,4309,617,90,90
msg,2,18,570,3866,610,90,90
msg,2,19,562,3726,608,90,90
msg,2,20,561,17224,620,90,90
msg,2,21,558,9558,620,90,90
msg,2,22,538,4285,606,90,90
msg,2,23,539,4015,616,90,90
msg,2,24,535,18101,620,90,90
msg,2,25,564,4266,618,90,90
msg,2,26,541,5853,620,90,90
msg,2,27,560,4581,618,90,90
msg,2,28,555,5116,611,90,90
msg,2,29,537,4045,625,90,90
msg,2,30,534,4078,604,90,90
msg,2,31,568,4435,612,90,90
msg,2,32,628,15206,616,90,90
msg,2,33,542,4473,608,90,90
msg,2,34,537,4318,618,90,90
msg,2,35,556,3887,601,90,90
msg,2,36,561,4905,598,90,90
msg,2,37,607,22456,601,90,90
msg,2,38,559,5226,615,90,90
msg,2,39,555,10510,618,90,90
msg,2,40,541,4507,617,90,90
msg,2,41,536,3882,619,90,90
msg,2,42,531,7114,660,90,90
msg,2,43,565,16160,615,90,90
msg,2,44,536,4306,604,90,90
msg,2,45,537,6296,619,90,90
msg,2,46,564,4046,604,90,90
msg,2,47,543,3754,606,90,90
msg,2,48,536,16930,619,90,90
msg,2,49,621,7027,607,90,90
msg,2,50,569,4703,605,90,90
msg,2,51,563,5924,609,90,90
msg,2,52,539,4812,622,90,90
msg,2,53,543,6576,627,90,90
msg,2,54,536,4502,608,90,90
msg,2,55,544,17311,618,90,90
msg,2,56,571,3634,616,90,90
msg,2,57,557,5560,665,90,90
msg,2,58,559,4374,618,90,90
msg,2,59,539,4920,615,90,90
msg,2,60,561,6223,670,90,90
msg,2,61,539,13888,616,90,90
msg,2,62,541,5169,603,90,90
msg,2,63,565,3806,611,90,90
msg,2,64,535,4038,619,90,90
msg,2,65,539,5603,616,90,90
msg,2,66,533,3923,620,90,90
msg,2,67,556,3495,617,90,90
msg,2,68,537,3758,614,90,90
msg,2,69,562,15123,604,90,90
msg,2,70,564,4017,612,90,90
msg,2,71,536,4259,601,90,90
msg,2,72,562,3931,624,90,90
msg,2,73,541,3856,615,90,90
msg,2,74,535,28232,607,90,90
msg,2,75,562,4197,618,90,90
msg,2,76,648,8129,599,90,90
msg,2,77,537,5351,610,90,90
msg,2,78,570,5858,606,90,90
msg,2,79,563,5311,615,90,90
msg,2,80,562,17204,603,90,90
msg,2,81,538,6843,618,90,90
msg,2,82,538,4402,998,90,90
msg,2,83,573,4728,621,90,90
msg,2,84,564,16640,624,90,90
msg,2,85,561,4449,617,90,90
msg,2,86,539,6465,711,90,90
msg,2,87,539,13088,619,90,90
msg,2,88,567,3894,657,90,90
msg,2,89,558,3691,605,90,90
msg,2,90,562,4410,614,90,90
msg,2,91,559,28386,622,90,90
msg,2,92,564,57339,610,90,90
msg,2,93,538,31170,654,90,90
msg,2,94,563,3811,603,90,90
msg,2,95,562,4320,615,90,90
msg,2,96,560,4243,603,90,90
msg,2,97,540,3677,607,90,90
msg,2,98,541,16249,621,90,90
msg,2,99,560,4622,617,90,90
msg,2,100,561,3708,614,90,90
msg,2,101,562,3770,602,90,90
msg,2,102,565,11050,619,90,90
msg,2,103,540,3889,620,90,90
msg,2,104,566,4422,618,90,90
msg,2,105,542,4838,616,90,90
msg,2,106,543,19016,612,90,90
msg,2,107,567,4952,602,90,90
msg,2,108,543,3679,600,90,90
msg,2,109,540,3929,616,90,90
msg,2,110,544,3749,615,90,90
msg,2,111,542,16453,605,90,90
msg,2,112,546,5870,619,90,90
msg,2,113,542,8697,614,90,90
msg,2,114,537,11456,606,90,90
msg,2,115,540,6611,605,90,90
msg,2,116,538,5133,617,90,90
msg,2,117,555,16672,615,90,90
msg,2,118,561,4694,614,90,90
msg,2,119,559,3712,618,90,90
msg,2,120,554,3827,600,90,90
msg,2,121,564,19009,604,90,90
msg,2,122,552,3775,625,90,90
msg,2,123,545,4883,623,90,90
msg,2,124,559,4945,602,90,90
msg,2,125,569,6485,615,90,90
msg,2,126,567,4119,602,90,90
msg,2,127,547,4103,616,90,90
msg,2,128,560,3767,617,90,90
msg,2,129,559,3529,616,90,90
msg,2,130,561,14185,599,90,90
msg,2,131,544,4221,645,90,90
msg,2,132,561,4696,621,90,90
msg,2,133,565,4153,620,90,90
msg,2,134,538,3927,616,90,90
msg,2,135,552,16668,616,90,90
msg,2,136,556,3982,608,90,90
msg,2,137,565,4048,606,90,90
msg,2,138,543,5976,610,90,90
msg,2,139,553,5296,612,90,90
msg,2,140,543,5903,618,90,90
msg,2,141,539,4321,599,90,90
msg,2,142,539,3688,605,90,90
msg,2,143,547,17778,605,90,90
msg,2,144,546,4234,614,90,90
msg,2,145,558,3717,616,90,90
msg,2,146,567,3591,613,90,90
msg,2,147,569,3427,618,90,90
msg,2,148,557,3583,615,90,90
msg,2,149,541,16655,618,90,90
msg,2,150,536,3849,624,90,90
msg,2,151,562,3798,617,90,90
msg,2,152,562,3672,607,90,90
msg,2,153,559,3940,602,90,90
msg,2,154,546,4242,611,90,90
msg,2,155,562,3767,616,90,90
msg,2,156,559,3795,609,90,90
msg,2,157,627,4945,620,90,90
msg,2,158,536,15005,622,90,90
msg,2,159,566,3989,602,90,90
msg,2,160,571,4003,618,90,90
msg,2,161,541,3995,622,90,90
msg,2,162,561,3707,613,90,90
msg,2,163,564,3849,602,90,90
msg,2,164,566,13200,625,90,90
msg,2,165,536,4346,607,90,90
msg,2,166,541,3874,628,90,90
msg,2,167,535,4883,619,90,90
msg,2,168,562,6815,621,90,90
msg,2,169,568,3477,619,90,90
msg,2,170,539,4568,608,90,90
msg,2,171,540,4112,613,90,90
msg,2,172,561,4220,611,90,90
msg,2,173,534,16558,615,90,90
msg,2,174,546,7647,612,90,90
msg,2,175,535,4887,625,90,90
msg,2,176,539,3981,612,90,90
msg,2,177,560,15493,619,90,90
msg,2,178,569,6692,618,90,90
msg,2,179,572,7235,619,90,90
msg,2,180,535,9234,607,90,90
msg,2,181,562,6798,605,90,90
msg,2,182,564,7994,614,90,90
msg,2,183,534,15374,607,90,90
msg,2,184,561,3735,603,90,90
msg,2,185,559,5037,616,90,90
msg,2,186,543,4175,601,90,90
msg,2,187,566,4541,613,90,90
msg,2,188,558,16504,620,90,90
msg,2,189,560,3778,614,90,90
msg,2,190,568,3977,610,90,90
msg,2,191,540,3770,603,90,90
msg,2,192,535,5820,618,90,90
msg,2,193,545,4467,604,90,90
msg,2,194,540,3929,613,90,90
msg,2,195,536,4464,605,90,90
msg,2,196,542,5197,624,90,90
msg,2,197,562,16533,628,90,90
msg,2,198,564,6545,618,90,90
msg,2,199,568,3698,617,90,90
whole,2,57.748,1773.286,200
#stack 2360
#end
#block pipeline TLS lorawan11 up
#aead LoRaWAN-1.1 AES-128-CTR+2xCMAC (BearSSL (arduino-pico)), uplink, 51 B payload + 13 B overhead
#lib wolfSSL 5.9.4
iter,tcp_ms,tls_ms,mqtt_ms,total_ms,hs_tx_B,hs_rx_B,mqtt_tx_B,mqtt_rx_B,hs_writes,hs_reads,writes,reads,free_heap_B,hs_keygen_us,hs_derive_us,hs_verify_us,hs_sign_us,hs_keygen_n,hs_derive_n,hs_verify_n,hs_sign_n
msg,iter,idx,seal_us,rtt_us,open_us,tx_B,rx_B
whole,iter,first_ms,all_ms,msgs
#suite TLS13-AES256-GCM-SHA384
0,9.6130,408.1300,12.1930,429.9360,1393,13474,45,568,2,12,3,18,165780,66520.0,72366.0,156090.0,0.0,2,2,2,0
msg,0,0,852,5830,845,112,112
msg,0,1,670,5757,842,112,112
msg,0,2,693,5474,842,112,112
msg,0,3,696,5896,841,112,112
msg,0,4,699,5412,934,112,112
msg,0,5,705,5428,842,112,112
msg,0,6,695,19773,848,112,112
msg,0,7,696,5923,823,112,112
msg,0,8,671,5608,840,112,112
msg,0,9,701,17190,836,112,112
msg,0,10,699,7161,842,112,112
msg,0,11,696,5718,919,112,112
msg,0,12,802,7768,838,112,112
msg,0,13,699,7115,841,112,112
msg,0,14,697,7716,845,112,112
msg,0,15,692,19257,844,112,112
msg,0,16,667,5593,842,112,112
msg,0,17,703,5657,846,112,112
msg,0,18,699,5687,823,112,112
msg,0,19,673,12829,854,112,112
msg,0,20,702,7945,844,112,112
msg,0,21,694,5506,850,112,112
msg,0,22,700,9468,851,112,112
msg,0,23,671,5828,846,112,112
msg,0,24,697,5619,845,112,112
msg,0,25,667,19380,820,112,112
msg,0,26,679,6613,841,112,112
msg,0,27,700,5509,846,112,112
msg,0,28,697,5939,841,112,112
msg,0,29,695,15365,845,112,112
msg,0,30,700,10788,824,112,112
msg,0,31,672,8192,821,112,112
msg,0,32,664,6405,831,112,112
msg,0,33,669,5984,842,112,112
msg,0,34,695,18635,838,112,112
msg,0,35,697,10008,824,112,112
msg,0,36,669,6817,843,112,112
msg,0,37,696,18222,844,112,112
msg,0,38,701,6713,817,112,112
msg,0,39,671,6210,820,112,112
msg,0,40,669,6572,835,112,112
msg,0,41,699,7023,823,112,112
msg,0,42,673,6070,843,112,112
msg,0,43,667,18662,839,112,112
msg,0,44,698,10961,822,112,112
msg,0,45,671,5715,846,112,112
msg,0,46,706,18680,843,112,112
msg,0,47,676,7139,852,112,112
msg,0,48,690,5554,842,112,112
msg,0,49,667,7519,847,112,112
msg,0,50,709,5860,823,112,112
msg,0,51,670,6890,842,112,112
msg,0,52,695,18253,845,112,112
msg,0,53,694,8158,843,112,112
msg,0,54,691,5849,840,112,112
msg,0,55,698,5732,835,112,112
msg,0,56,695,16603,817,112,112
msg,0,57,759,6273,844,112,112
msg,0,58,710,8724,848,112,112
msg,0,59,704,5877,844,112,112
msg,0,60,694,6346,848,112,112
msg,0,61,707,6565,841,112,112
msg,0,62,695,14262,837,112,112
msg,0,63,695,8641,843,112,112
msg,0,64,701,5411,841,112,112
msg,0,65,701,5339,851,112,112
msg,0,66,699,17009,956,112,112
msg,0,67,711,6099,845,112,112
msg,0,68,693,5711,845,112,112
msg,0,69,691,6046,845,112,112
msg,0,70,695,8357,854,112,112
msg,0,71,693,23214,843,112,112
msg,0,72,696,5483,822,112,112
msg,0,73,667,5588,836,112,112
msg,0,74,694,5898,825,112,112
msg,0,75,671,20427,843,112,112
msg,0,76,672,6382,839,112,112
msg,0,77,692,8388,838,112,112
msg,0,78,701,7264,842,112,112
msg,0,79,690,5632,846,112,112
msg,0,80,670,5749,847,112,112
msg,0,81,700,18715,841,112,112
msg,0,82,673,6943,848,112,112
msg,0,83,701,6343,847,112,112
msg,0,84,692,17174,853,112,112
msg,0,85,689,6728,844,112,112
msg,0,86,670,6505,842,112,112
msg,0,87,789,8695,846,112,112
msg,0,88,673,6554,837,112,112
msg,0,89,698,6054,826,112,112
msg,0,90,674,19484,837,112,112
msg,0,91,694,6287,837,112,112
msg,0,92,692,7120,843,112,112
msg,0,93,698,18890,846,112,112
msg,0,94,670,6525,838,112,112
msg,0,95,672,6190,823,112,112
msg,0,96,672,6367,838,112,112
msg,0,97,692,6189,836,112,112
msg,0,98,673,8938,843,112,112
msg,0,99,694,26233,845,112,112
msg,0,100,697,5832,841,112,112
msg,0,101,696,6868,821,112,112
msg,0,102,669,15997,854,112,112
msg,0,103,693,5722,844,112,112
msg,0,104,697,11421,849,112,112
msg,0,105,695,6493,848,112,112
msg,0,106,701,5553,822,112,112
msg,0,107,670,5696,847,112,112
msg,0,108,707,19768,824,112,112
msg,0,109,668,6782,847,112,112
msg,0,110,696,9389,848,112,112
msg,0,111,703,17137,851,112,112
msg,0,112,699,5890,847,112,112
msg,0,113,700,6685,845,112,112
msg,0,114,687,6463,826,112,112
msg,0,115,667,5394,838,112,112
msg,0,116,698,5351,923,112,112
msg,0,117,700,18074,919,112,112
msg,0,118,697,7581,848,112,112
msg,0,119,697,7140,845,112,112
msg,0,120,699,19085,845,112,112
msg,0,121,698,6895,916,112,112
msg,0,122,693,5489,843,112,112
msg,0,123,698,5610,846,112,112
msg,0,124,691,5528,820,112,112
msg,0,125,672,5469,836,112,112
msg,0,126,698,6076,846,112,112
msg,0,127,672,16693,845,112,112
msg,0,128,699,8300,848,112,112
msg,0,129,698,8713,842,112,112
msg,0,130,672,18181,824,112,112
msg,0,131,674,6469,840,112,112
msg,0,132,699,5521,847,112,112
msg,0,133,693,7678,820,112,112
msg,0,134,677,5582,846,112,112
msg,0,135,696,6256,845,112,112
msg,0,136,696,17012,844,112,112
msg,0,137,705,9749,850,112,112
msg,0,138,698,6507,819,112,112
msg,0,139,670,18838,852,112,112
msg,0,140,697,8347,845,112,112
msg,0,141,697,5967,839,112,112
msg,0,142,704,8141,837,112,112
msg,0,143,695,5668,848,112,112
msg,0,144,696,5922,833,112,112
msg,0,145,692,17014,847,112,112
msg,0,146,681,8959,819,112,112
msg,0,147,677,6319,823,112,112
msg,0,148,667,10645,847,112,112
msg,0,149,703,10456,839,112,112
msg,0,150,699,6010,850,112,112
msg,0,151,692,6440,846,112,112
msg,0,152,695,7975,839,112,112
msg,0,153,698,5853,823,112,112
msg,0,154,670,5714,849,112,112
msg,0,155,694,18574,851,112,112
msg,0,156,670,6898,846,112,112
msg,0,157,698,9019,845,112,112
msg,0,158,696,20467,849,112,112
msg,0,159,697,5912,845,112,112
msg,0,160,699,8424,846,112,112
msg,0,161,699,5566,843,112,112
msg,0,162,702,5495,822,112,112
msg,0,163,671,5633,841,112,112
msg,0,164,702,19451,843,112,112
msg,0,165,694,6751,843,112,112
msg,0,166,690,11259,845,112,112
msg,0,167,696,17910,841,112,112
msg,0,168,670,5449,825,112,112
msg,0,169,672,5744,847,112,112
msg,0,170,695,8359,850,112,112
msg,0,171,696,5396,934,112,112
msg,0,172,672,5470,840,112,112
msg,0,173,694,19433,842,112,112
msg,0,174,696,6432,849,112,112
msg,0,175,694,6003,838,112,112
msg,0,176,699,5728,845,112,112
msg,0,177,676,16580,842,112,112
msg,0,178,705,7050,823,112,112
msg,0,179,761,9627,847,112,112
msg,0,180,698,5918,840,112,112
msg,0,181,694,5671,848,112,112
msg,0,182,694,20204,847,112,112
msg,0,183,703,8679,825,112,112
msg,0,184,682,7645,849,112,112
msg,0,185,696,10120,926,112,112
msg,0,186,701,12391,843,112,112
msg,0,187,698,6153,849,112,112
msg,0,188,692,7152,845,112,112
msg,0,189,694,6455,936,112,112
msg,0,190,700,5623,839,112,112
msg,0,191,667,5366,849,112,112
msg,0,192,707,17690,851,112,112
msg,0,193,707,8969,849,112,112
msg,0,194,700,6288,844,112,112
msg,0,195,696,17362,844,112,112
msg,0,196,694,9848,842,112,112
msg,0,197,692,15028,821,112,112
msg,0,198,711,5754,849,112,112
msg,0,199,703,6189,849,112,112
whole,0,457.266,2642.570,200
1,5.5630,414.1070,16.7050,436.3750,1393,13474,45,568,2,12,3,18,165780,66616.0,70525.0,155724.0,0.0,2,2,2,0
msg,1,0,856,6027,842,112,112
msg,1,1,702,12759,846,112,112
msg,1,2,696,6165,843,112,112
msg,1,3,696,5523,826,112,112
msg,1,4,670,5651,846,112,112
msg,1,5,699,15276,837,112,112
msg,1,6,696,7078,848,112,112
msg,1,7,703,6995,818,112,112
msg,1,8,668,18568,845,112,112
msg,1,9,695,6009,841,112,112
msg,1,10,668,6444,841,112,112
msg,1,11,693,5652,846,112,112
msg,1,12,699,5725,846,112,112
msg,1,13,692,5486,850,112,112
msg,1,14,697,5257,848,112,112
msg,1,15,789,14716,837,112,112
msg,1,16,681,7435,843,112,112
msg,1,17,694,5449,842,112,112
msg,1,18,697,5362,850,112,112
msg,1,19,691,20426,844,112,112
msg,1,20,696,5984,849,112,112
msg,1,21,702,7359,843,112,112
msg,1,22,691,7085,844,112,112
msg,1,23,787,5718,838,112,112
msg,1,24,665,5857,851,112,112
msg,1,25,699,16597,832,112,112
msg,1,26,672,7176,825,112,112
msg,1,27,672,10365,841,112,112
msg,1,28,665,17549,846,112,112
msg,1,29,704,5368,931,112,112
msg,1,30,705,6996,852,112,112
msg,1,31,695,6331,844,112,112
msg,1,32,696,5448,849,112,112
msg,1,33,694,5501,826,112,112
msg,1,34,668,18389,842,112,112
msg,1,35,700,9036,824,112,112
msg,1,36,674,6098,840,112,112
msg,1,37,693,29407,820,112,112
msg,1,38,670,5507,840,112,112
msg,1,39,698,5785,845,112,112
msg,1,40,694,6416,821,112,112
msg,1,41,667,5598,843,112,112
msg,1,42,694,5836,913,112,112
msg,1,43,680,12687,843,112,112
msg,1,44,691,9171,852,112,112
msg,1,45,707,6532,848,112,112
msg,1,46,700,31072,843,112,112
msg,1,47,691,6803,845,112,112
msg,1,48,666,6653,844,112,112
msg,1,49,697,5453,845,112,112
msg,1,50,698,5817,837,112,112
msg,1,51,698,20745,847,112,112
msg,1,52,672,5901,848,112,112
msg,1,53,699,5412,844,112,112
msg,1,54,696,19842,844,112,112
msg,1,55,698,6048,839,112,112
msg,1,56,673,7231,839,112,112
msg,1,57,678,5960,840,112,112
msg,1,58,697,5347,823,112,112
msg,1,59,670,5454,844,112,112
msg,1,60,668,5440,845,112,112
msg,1,61,694,17767,843,112,112
msg,1,62,671,9147,851,112,112
msg,1,63,694,5859,844,112,112
msg,1,64,695,18741,838,112,112
msg,1,65,678,6882,846,112,112
msg,1,66,693,5844,846,112,112
msg,1,67,783,8985,825,112,112
msg,1,68,670,5399,837,112,112
msg,1,69,668,5586,842,112,112
msg,1,70,692,18701,846,112,112
msg,1,71,667,7343,823,112,112
msg,1,72,670,5557,839,112,112
msg,1,73,697,19407,1380,112,112
msg,1,74,677,7760,847,112,112
msg,1,75,695,5500,846,112,112
msg,1,76,691,9757,843,112,112
msg,1,77,701,6057,839,112,112
msg,1,78,855,5892,822,112,112
msg,1,79,672,17920,850,112,112
msg,1,80,691,9236,848,112,112
msg,1,81,694,5693,836,112,112
msg,1,82,675,17600,846,112,112
msg,1,83,705,9132,837,112,112
msg,1,84,697,7449,842,112,112
msg,1,85,690,5363,847,112,112
msg,1,86,701,5407,939,112,112
msg,1,87,777,5466,839,112,112
msg,1,88,707,17912,819,112,112
msg,1,89,672,5494,839,112,112
msg,1,90,697,5912,839,112,112
msg,1,91,671,5432,826,112,112
msg,1,92,675,19840,849,112,112
msg,1,93,698,5894,839,112,112
msg,1,94,694,5384,848,112,112
msg,1,95,691,5664,824,112,112
msg,1,96,676,5767,983,112,112
msg,1,97,698,6658,821,112,112
msg,1,98,673,18376,835,112,112
msg,1,99,667,5469,838,112,112
msg,1,100,690,5935,821,112,112
msg,1,101,681,5616,841,112,112
msg,1,102,784,16399,845,112,112
msg,1,103,701,6632,822,112,112
msg,1,104,666,7440,843,112,112
msg,1,105,695,9630,844,112,112
msg,1,106,700,6136,850,112,112
msg,1,107,701,5388,851,112,112
msg,1,108,699,18774,848,112,112
msg,1,109,697,6859,847,112,112
msg,1,110,670,6047,845,112,112
msg,1,111,696,5302,846,112,112
msg,1,112,694,17395,821,112,112
msg,1,113,669,11876,842,112,112
msg,1,114,695,8107,968,112,112
msg,1,115,706,9524,841,112,112
msg,1,116,669,19926,842,112,112
msg,1,117,694,8869,841,112,112
msg,1,118,671,6544,837,112,112
msg,1,119,696,5674,925,112,112
msg,1,120,670,15740,852,112,112
msg,1,121,708,5991,841,112,112
msg,1,122,698,7340,841,112,112
msg,1,123,709,10360,849,112,112
msg,1,124,700,6016,839,112,112
msg,1,125,700,19564,852,112,112
msg,1,126,691,5475,845,112,112
msg,1,127,676,5820,843,112,112
msg,1,128,698,5369,846,112,112
msg,1,129,794,20021,842,112,112
msg,1,130,695,5909,839,112,112
msg,1,131,672,10656,957,112,112
msg,1,132,705,6007,843,112,112
msg,1,133,696,5816,821,112,112
msg,1,134,676,5482,844,112,112
msg,1,135,696,17047,819,112,112
msg,1,136,670,5879,858,112,112
msg,1,137,695,5516,822,112,112
msg,1,138,672,5569,840,112,112
msg,1,139,697,16800,845,112,112
msg,1,140,670,5626,843,112,112
msg,1,141,692,17483,843,112,112
msg,1,142,696,6198,837,112,112
msg,1,143,692,5516,845,112,112
msg,1,144,695,17342,844,112,112
msg,1,145,670,7284,828,112,112
msg,1,146,682,6412,824,112,112
msg,1,147,672,18929,848,112,112
msg,1,148,694,7814,841,112,112
msg,1,149,790,5564,849,112,112
msg,1,150,703,5723,842,112,112
msg,1,151,696,6964,824,112,112
msg,1,152,667,7287,818,112,112
msg,1,153,667,17392,820,112,112
msg,1,154,678,8422,838,112,112
msg,1,155,701,5422,926,112,112
msg,1,156,691,6418,847,112,112
msg,1,157,697,17301,843,112,112
msg,1,158,696,5875,842,112,112
msg,1,159,697,7538,845,112,112
msg,1,160,695,6111,847,112,112
msg,1,161,696,6796,843,112,112
msg,1,162,702,5680,849,112,112
msg,1,163,692,17889,841,112,112
msg,1,164,696,6609,842,112,112
msg,1,165,691,5410,846,112,112
msg,1,166,668,5466,822,112,112
msg,1,167,671,15910,852,112,112
msg,1,168,699,5638,838,112,112
msg,1,169,673,7110,821,112,112
msg,1,170,670,7855,844,112,112
msg,1,171,690,5910,843,112,112
msg,1,172,702,7253,842,112,112
msg,1,173,696,14697,851,112,112
msg,1,174,703,6459,821,112,112
msg,1,175,672,7006,850,112,112
msg,1,176,695,5656,845,112,112
msg,1,177,669,17092,827,112,112
msg,1,178,674,5579,926,112,112
msg,1,179,793,5439,844,112,112
msg,1,180,694,9217,846,112,112
msg,1,181,700,6232,846,112,112
msg,1,182,699,9057,849,112,112
msg,1,183,696,16915,840,112,112
msg,1,184,703,6387,848,112,112
msg,1,185,699,5942,843,112,112
msg,1,186,671,9190,818,112,112
msg,1,187,671,10050,846,112,112
msg,1,188,676,6511,840,112,112
msg,1,189,672,5539,842,112,112
msg,1,190,694,8906,821,112,112
msg,1,191,669,5845,844,112,112
msg,1,192,698,5374,844,112,112
msg,1,193,696,22304,838,112,112
msg,1,194,669,7661,843,112,112
msg,1,195,698,5807,837,112,112
msg,1,196,671,18530,842,112,112
msg,1,197,675,6418,839,112,112
msg,1,198,697,10167,844,112,112
msg,1,199,696,5294,846,112,112
whole,1,460.661,2631.212,200
2,5.3970,400.2850,11.8600,417.5420,1393,13474,45,568,2,12,3,18,165780,66764.0,72316.0,154279.0,0.0,2,2,2,0
msg,2,0,854,7457,842,112,112
msg,2,1,681,7389,847,112,112
msg,2,2,700,9765,845,112,112
msg,2,3,697,10619,847,112,112
msg,2,4,697,6120,835,112,112
msg,2,5,674,5811,847,112,112
msg,2,6,699,8115,850,112,112
msg,2,7,698,5772,823,112,112
msg,2,8,670,5507,836,112,112
msg,2,9,694,20947,824,112,112
msg,2,10,672,6772,931,112,112
msg,2,11,695,6616,816,112,112
msg,2,12,675,17578,845,112,112
msg,2,13,691,8993,836,112,112
msg,2,14,670,7276,841,112,112
msg,2,15,670,7116,826,112,112
msg,2,16,668,6005,846,112,112
msg,2,17,693,5768,846,112,112
msg,2,18,697,19026,821,112,112
msg,2,19,669,7017,846,112,112
msg,2,20,699,5748,839,112,112
msg,2,21,697,19133,843,112,112
msg,2,22,695,7791,931,112,112
msg,2,23,670,5776,837,112,112
msg,2,24,701,5665,845,112,112
msg,2,25,670,5591,845,112,112
msg,2,26,697,5479,845,112,112
msg,2,27,699,5329,848,112,112
msg,2,28,699,16544,847,112,112
msg,2,29,670,6774,837,112,112
msg,2,30,696,7075,844,112,112
msg,2,31,693,9191,841,112,112
msg,2,32,694,10867,844,112,112
msg,2,33,667,6358,822,112,112
msg,2,34,670,5531,841,112,112
msg,2,35,691,8311,836,112,112
msg,2,36,699,5382,841,112,112
msg,2,37,707,5413,845,112,112
msg,2,38,697,16849,841,112,112
msg,2,39,698,5473,850,112,112
msg,2,40,702,5864,834,112,112
msg,2,41,668,14467,842,112,112
msg,2,42,704,10637,849,112,112
msg,2,43,700,5780,847,112,112
msg,2,44,690,5988,825,112,112
msg,2,45,672,7489,835,112,112
msg,2,46,695,5354,837,112,112
msg,2,47,694,5479,849,112,112
msg,2,48,698,17640,818,112,112
msg,2,49,679,5532,839,112,112
msg,2,50,694,6424,847,112,112
msg,2,51,786,5873,976,112,112
msg,2,52,697,18879,824,112,112
msg,2,53,679,10084,844,112,112
msg,2,54,669,5938,925,112,112
msg,2,55,695,5576,819,112,112
msg,2,56,678,5425,840,112,112
msg,2,57,668,5874,853,112,112
msg,2,58,702,17563,821,112,112
msg,2,59,671,6905,842,112,112
msg,2,60,701,10052,848,112,112
msg,2,61,698,20838,843,112,112
msg,2,62,697,7394,840,112,112
msg,2,63,696,7735,844,112,112
msg,2,64,670,6292,847,112,112
msg,2,65,669,6224,927,112,112
msg,2,66,667,5686,842,112,112
msg,2,67,695,15439,849,112,112
msg,2,68,694,6927,843,112,112
msg,2,69,695,6339,843,112,112
msg,2,70,696,9516,845,112,112
msg,2,71,696,10494,822,112,112
msg,2,72,676,6081,851,112,112
msg,2,73,692,6321,839,112,112
msg,2,74,675,6830,840,112,112
msg,2,75,699,5410,847,112,112
msg,2,76,694,5782,839,112,112
msg,2,77,698,17410,844,112,112
msg,2,78,694,7923,820,112,112
msg,2,79,675,5798,853,112,112
msg,2,80,700,5399,848,112,112
msg,2,81,696,17439,826,112,112
msg,2,82,670,5583,842,112,112
msg,2,83,698,5372,842,112,112
msg,2,84,698,6227,849,112,112
msg,2,85,694,18034,845,112,112
msg,2,86,695,17401,841,112,112
msg,2,87,691,7877,823,112,112
msg,2,88,670,5672,845,112,112
msg,2,89,693,19173,842,112,112
msg,2,90,698,7933,843,112,112
msg,2,91,668,5513,843,112,112
msg,2,92,694,6822,913,112,112
msg,2,93,668,6092,844,112,112
msg,2,94,675,5665,840,112,112
msg,2,95,698,18644,842,112,112
msg,2,96,694,5715,834,112,112
msg,2,97,691,7591,843,112,112
msg,2,98,696,5549,839,112,112
msg,2,99,682,14834,847,112,112
msg,2,100,695,6387,852,112,112
msg,2,101,698,5440,845,112,112
msg,2,102,671,5946,850,112,112
msg,2,103,700,6820,842,112,112
msg,2,104,698,5524,847,112,112
msg,2,105,695,5804,816,112,112
msg,2,106,671,16192,822,112,112
msg,2,107,671,6474,846,112,112
msg,2,108,706,5738,847,112,112
msg,2,109,702,5400,839,112,112
msg,2,110,674,16320,823,112,112
msg,2,111,673,5897,840,112,112
msg,2,112,702,6156,840,112,112
msg,2,113,705,8267,842,112,112
msg,2,114,696,5449,848,112,112
msg,2,115,702,6346,845,112,112
msg,2,116,671,20446,821,112,112
msg,2,117,674,6051,839,112,112
msg,2,118,675,7071,850,112,112
msg,2,119,704,17882,841,112,112
msg,2,120,706,6601,847,112,112
msg,2,121,697,5496,821,112,112
msg,2,122,671,5571,841,112,112
msg,2,123,787,6234,841,112,112
msg,2,124,695,5816,816,112,112
msg,2,125,670,5744,845,112,112
msg,2,126,707,16122,918,112,112
msg,2,127,811,6976,843,112,112
msg,2,128,693,6302,837,112,112
msg,2,129,698,9498,840,112,112
msg,2,130,697,10421,842,112,112
msg,2,131,785,6546,846,112,112
msg,2,132,698,8681,846,112,112
msg,2,133,698,7049,851,112,112
msg,2,134,699,5493,845,112,112
msg,2,135,697,5496,824,112,112
msg,2,136,669,17523,844,112,112
msg,2,137,697,6948,817,112,112
msg,2,138,668,6488,847,112,112
msg,2,139,697,19232,842,112,112
msg,2,140,692,6100,836,112,112
msg,2,141,679,6170,818,112,112
msg,2,142,672,5985,848,112,112
msg,2,143,704,6545,823,112,112
msg,2,144,668,5652,843,112,112
msg,2,145,691,5958,842,112,112
msg,2,146,680,12961,847,112,112
msg,2,147,667,8647,849,112,112
msg,2,148,698,5921,818,112,112
msg,2,149,756,5405,837,112,112
msg,2,150,699,17155,837,112,112
msg,2,151,672,5451,833,112,112
msg,2,152,702,8669,844,112,112
msg,2,153,694,7657,847,112,112
msg,2,154,668,5392,842,112,112
msg,2,155,702,5459,854,112,112
msg,2,156,698,17189,842,112,112
msg,2,157,694,6474,846,112,112
msg,2,158,669,6590,837,112,112
msg,2,159,695,9952,845,112,112
msg,2,160,670,10426,823,112,112
msg,2,161,673,6341,835,112,112
msg,2,162,698,5931,845,112,112
msg,2,163,770,7149,837,112,112
msg,2,164,703,7808,821,112,112
msg,2,165,679,7473,845,112,112
msg,2,166,699,16039,825,112,112
msg,2,167,673,7213,819,112,112
msg,2,168,672,5943,848,112,112
msg,2,169,698,19120,840,112,112
msg,2,170,696,10006,846,112,112
msg,2,171,792,7625,843,112,112
msg,2,172,698,7689,836,112,112
msg,2,173,697,5511,848,112,112
msg,2,174,696,5364,849,112,112
msg,2,175,699,17375,846,112,112
msg,2,176,694,5719,844,112,112
msg,2,177,692,5620,849,112,112
msg,2,178,695,5591,819,112,112
msg,2,179,667,13714,850,112,112
msg,2,180,699,7438,847,112,112
msg,2,181,698,10701,839,112,112
msg,2,182,694,6789,852,112,112
msg,2,183,699,5549,827,112,112
msg,2,184,671,5709,842,112,112
msg,2,185,698,17558,1374,112,112
msg,2,186,701,5937,841,112,112
msg,2,187,667,6604,841,112,112
msg,2,188,701,19394,847,112,112
msg,2,189,693,7004,840,112,112
msg,2,190,694,11285,845,112,112
msg,2,191,696,6472,851,112,112
msg,2,192,695,5613,838,112,112
msg,2,193,669,5448,838,112,112
msg,2,194,697,18119,841,112,112
msg,2,195,697,6466,840,112,112
msg,2,196,696,5509,848,112,112
msg,2,197,696,5376,847,112,112
msg,2,198,671,13125,850,112,112
msg,2,199,694,9277,837,112,112
whole,2,445.327,2534.576,200
#heap 41059
#stack 3336
#end
#block pipeline TLS lorawan11 down
#aead LoRaWAN-1.1 AES-128-CTR+2xCMAC (BearSSL (arduino-pico)), downlink, 51 B payload + 13 B overhead
#lib wolfSSL 5.9.4
iter,tcp_ms,tls_ms,mqtt_ms,total_ms,hs_tx_B,hs_rx_B,mqtt_tx_B,mqtt_rx_B,hs_writes,hs_reads,writes,reads,free_heap_B,hs_keygen_us,hs_derive_us,hs_verify_us,hs_sign_us,hs_keygen_n,hs_derive_n,hs_verify_n,hs_sign_n
msg,iter,idx,seal_us,rtt_us,open_us,tx_B,rx_B
whole,iter,first_ms,all_ms,msgs
#suite TLS13-AES256-GCM-SHA384
0,4.7000,401.5920,11.9520,418.2440,1393,13474,45,568,2,12,3,18,165780,66491.0,72380.0,154493.0,0.0,2,2,2,0
msg,0,0,570,20600,588,112,112
msg,0,1,423,6690,577,112,112
msg,0,2,415,6277,578,112,112
msg,0,3,435,18745,579,112,112
msg,0,4,440,8586,586,112,112
msg,0,5,443,7596,576,112,112
msg,0,6,410,9042,582,112,112
msg,0,7,431,6123,560,112,112
msg,0,8,413,6264,582,112,112
msg,0,9,437,21898,590,112,112
msg,0,10,437,7932,561,112,112
msg,0,11,437,6764,558,112,112
msg,0,12,443,19977,564,112,112
msg,0,13,412,6645,560,112,112
msg,0,14,410,9349,582,112,112
msg,0,15,438,5719,584,112,112
msg,0,16,409,6528,580,112,112
msg,0,17,510,6267,559,112,112
msg,0,18,443,19319,589,112,112
msg,0,19,409,7624,583,112,112
msg,0,20,411,6122,588,112,112
msg,0,21,436,10789,582,112,112
msg,0,22,439,10816,585,112,112
msg,0,23,438,5882,561,112,112
msg,0,24,447,5697,560,112,112
msg,0,25,439,10165,575,112,112
msg,0,26,412,6059,584,112,112
msg,0,27,408,6623,593,112,112
msg,0,28,406,17003,586,112,112
msg,0,29,443,5993,561,112,112
msg,0,30,442,5713,566,112,112
msg,0,31,439,5680,577,112,112
msg,0,32,437,18321,582,112,112
msg,0,33,409,7334,559,112,112
msg,0,34,442,5524,593,112,112
msg,0,35,441,6086,557,112,112
msg,0,36,437,5546,587,112,112
msg,0,37,438,5505,587,112,112
msg,0,38,408,5799,588,112,112
msg,0,39,417,16993,586,112,112
msg,0,40,442,9207,702,112,112
msg,0,41,412,6314,567,112,112
msg,0,42,435,21335,582,112,112
msg,0,43,411,7882,582,112,112
msg,0,44,525,5437,586,112,112
msg,0,45,411,6346,563,112,112
msg,0,46,441,7901,561,112,112
msg,0,47,412,6110,583,112,112
msg,0,48,410,5773,588,112,112
msg,0,49,412,15935,585,112,112
msg,0,50,421,7364,564,112,112
msg,0,51,415,5742,561,112,112
msg,0,52,414,5769,560,112,112
msg,0,53,413,15987,577,112,112
msg,0,54,409,7626,558,112,112
msg,0,55,412,5763,559,112,112
msg,0,56,412,6448,559,112,112
msg,0,57,433,5432,593,112,112
msg,0,58,406,5521,563,112,112
msg,0,59,415,5411,560,112,112
msg,0,60,438,17806,562,112,112
msg,0,61,440,7307,587,112,112
msg,0,62,406,6117,587,112,112
msg,0,63,428,6170,564,112,112
msg,0,64,421,16253,582,112,112
msg,0,65,433,5644,586,112,112
msg,0,66,433,5712,589,112,112
msg,0,67,407,10899,589,112,112
msg,0,68,441,6019,561,112,112
msg,0,69,442,5627,584,112,112
msg,0,70,436,16954,561,112,112
msg,0,71,415,5595,567,112,112
msg,0,72,450,9314,588,112,112
msg,0,73,408,5704,581,112,112
msg,0,74,410,17839,586,112,112
msg,0,75,414,7007,586,112,112
msg,0,76,437,10786,667,112,112
msg,0,77,450,7762,561,112,112
msg,0,78,439,5438,588,112,112
msg,0,79,410,6053,669,112,112
msg,0,80,439,18853,557,112,112
msg,0,81,452,5450,582,112,112
msg,0,82,439,7312,562,112,112
msg,0,83,412,19584,558,112,112
msg,0,84,411,6253,579,112,112
msg,0,85,412,8347,558,112,112
msg,0,86,415,10727,563,112,112
msg,0,87,415,6292,588,112,112
msg,0,88,416,6755,585,112,112
msg,0,89,411,19161,559,112,112
msg,0,90,446,7979,560,112,112
msg,0,91,415,5704,563,112,112
msg,0,92,407,19811,560,112,112
msg,0,93,411,6373,580,112,112
msg,0,94,437,5467,583,112,112
msg,0,95,406,11284,561,112,112
msg,0,96,439,5623,585,112,112
msg,0,97,442,6483,584,112,112
msg,0,98,408,18662,584,112,112
msg,0,99,414,9134,589,112,112
msg,0,100,434,5585,583,112,112
msg,0,101,439,5689,584,112,112
msg,0,102,407,15610,578,112,112
msg,0,103,407,9436,564,112,112
msg,0,104,412,6473,575,112,112
msg,0,105,441,12763,588,112,112
msg,0,106,442,6029,558,112,112
msg,0,107,416,5855,559,112,112
msg,0,108,415,16357,590,112,112
msg,0,109,440,6810,584,112,112
msg,0,110,442,5496,583,112,112
msg,0,111,410,5647,579,112,112
msg,0,112,410,18388,565,112,112
msg,0,113,440,5751,562,112,112
msg,0,114,444,5893,558,112,112
msg,0,115,412,6804,557,112,112
msg,0,116,409,5570,560,112,112
msg,0,117,449,5994,560,112,112
msg,0,118,414,20370,580,112,112
msg,0,119,439,6102,560,112,112
msg,0,120,411,6219,582,112,112
msg,0,121,413,5883,585,112,112
msg,0,122,440,17491,584,112,112
msg,0,123,414,8608,560,112,112
msg,0,124,497,5614,562,112,112
msg,0,125,409,7273,582,112,112
msg,0,126,443,7422,660,112,112
msg,0,127,411,6794,587,112,112
msg,0,128,412,18296,566,112,112
msg,0,129,442,11466,587,112,112
msg,0,130,446,5691,578,112,112
msg,0,131,448,19952,585,112,112
msg,0,132,438,7702,586,112,112
msg,0,133,439,6818,557,112,112
msg,0,134,437,5731,583,112,112
msg,0,135,442,9111,560,112,112
msg,0,136,414,6597,559,112,112
msg,0,137,435,17845,559,112,112
msg,0,138,416,5910,661,112,112
msg,0,139,414,5987,583,112,112
msg,0,140,406,5610,587,112,112
msg,0,141,412,18194,587,112,112
msg,0,142,433,8224,554,112,112
msg,0,143,414,6025,580,112,112
msg,0,144,410,6587,584,112,112
msg,0,145,418,6823,585,112,112
msg,0,146,410,6638,560,112,112
msg,0,147,412,19909,583,112,112
msg,0,148,409,8738,584,112,112
msg,0,149,411,6115,656,112,112
msg,0,150,439,6094,559,112,112
msg,0,151,412,17445,580,112,112
msg,0,152,440,6359,581,112,112
msg,0,153,410,6803,579,112,112
msg,0,154,411,8115,583,112,112
msg,0,155,436,6143,557,112,112
msg,0,156,406,6327,592,112,112
msg,0,157,586,17390,586,112,112
msg,0,158,405,10237,557,112,112
msg,0,159,438,5759,561,112,112
msg,0,160,438,5728,559,112,112
msg,0,161,441,16784,557,112,112
msg,0,162,451,6087,564,112,112
msg,0,163,413,5534,568,112,112
msg,0,164,433,5646,553,112,112
msg,0,165,444,7007,559,112,112
msg,0,166,409,5626,560,112,112
msg,0,167,442,6038,561,112,112
msg,0,168,407,17328,585,112,112
msg,0,169,439,9013,561,112,112
msg,0,170,412,6042,586,112,112
msg,0,171,409,18848,588,112,112
msg,0,172,411,7862,586,112,112
msg,0,173,412,5730,583,112,112
msg,0,174,407,5961,584,112,112
msg,0,175,442,5978,560,112,112
msg,0,176,439,5564,589,112,112
msg,0,177,437,6224,560,112,112
msg,0,178,417,17990,581,112,112
msg,0,179,412,7672,558,112,112
msg,0,180,417,6953,583,112,112
msg,0,181,419,19905,585,112,112
msg,0,182,407,6555,582,112,112
msg,0,183,413,7092,583,112,112
msg,0,184,441,7736,591,112,112
msg,0,185,435,7294,560,112,112
msg,0,186,413,6668,563,112,112
msg,0,187,414,18549,559,112,112
msg,0,188,436,5676,583,112,112
msg,0,189,442,7610,586,112,112
msg,0,190,442,5777,591,112,112
msg,0,191,434,19527,585,112,112
msg,0,192,415,6949,586,112,112
msg,0,193,429,5711,583,112,112
msg,0,194,409,9924,583,112,112
msg,0,195,442,5790,584,112,112
msg,0,196,441,5611,583,112,112
msg,0,197,437,17094,563,112,112
msg,0,198,442,5865,559,112,112
msg,0,199,410,7236,592,112,112
whole,0,447.106,2505.514,200
1,16.5550,404.1570,16.2420,436.9540,1393,13474,45,568,2,12,3,18,165780,66529.0,72448.0,154292.0,0.0,2,2,2,0
msg,1,0,599,5833,561,112,112
msg,1,1,411,5700,561,112,112
msg,1,2,444,5556,583,112,112
msg,1,3,450,6462,585,112,112
msg,1,4,408,19749,584,112,112
msg,1,5,412,7410,636,112,112
msg,1,6,414,6106,582,112,112
msg,1,7,409,18800,584,112,112
msg,1,8,413,9569,575,112,112
msg,1,9,409,9453,561,112,112
msg,1,10,433,5969,560,112,112
msg,1,11,414,5662,562,112,112
msg,1,12,414,5739,562,112,112
msg,1,13,416,17460,582,112,112
msg,1,14,436,5899,561,112,112
msg,1,15,438,5371,592,112,112
msg,1,16,421,5768,582,112,112
msg,1,17,408,19028,580,112,112
msg,1,18,441,6817,582,112,112
msg,1,19,441,5601,588,112,112
msg,1,20,440,7911,580,112,112
msg,1,21,436,5574,587,112,112
msg,1,22,433,5773,584,112,112
msg,1,23,433,5714,589,112,112
msg,1,24,433,17821,583,112,112
msg,1,25,435,7376,582,112,112
msg,1,26,405,7218,591,112,112
msg,1,27,440,19247,583,112,112
msg,1,28,409,10353,562,112,112
msg,1,29,438,6208,576,112,112
msg,1,30,406,6327,567,112,112
msg,1,31,435,5461,580,112,112
msg,1,32,411,5842,585,112,112
msg,1,33,440,29438,584,112,112
msg,1,34,419,6952,585,112,112
msg,1,35,406,5513,558,112,112
msg,1,36,410,15370,587,112,112
msg,1,37,438,8731,584,112,112
msg,1,38,445,11420,586,112,112
msg,1,39,407,8202,562,112,112
msg,1,40,440,5527,580,112,112
msg,1,41,439,5566,586,112,112
msg,1,42,433,21027,560,112,112
msg,1,43,444,5584,588,112,112
msg,1,44,439,7103,560,112,112
msg,1,45,411,17879,560,112,112
msg,1,46,408,7247,587,112,112
msg,1,47,444,5684,587,112,112
msg,1,48,408,6732,588,112,112
msg,1,49,410,6598,583,112,112
msg,1,50,412,5612,558,112,112
msg,1,51,409,5607,559,112,112
msg,1,52,438,18763,564,112,112
msg,1,53,448,7169,580,112,112
msg,1,54,409,6068,591,112,112
msg,1,55,437,5976,558,112,112
msg,1,56,433,15820,566,112,112
msg,1,57,440,6756,562,112,112
msg,1,58,436,9943,565,112,112
msg,1,59,411,5771,560,112,112
msg,1,60,410,5521,561,112,112
msg,1,61,437,8277,587,112,112
msg,1,62,418,17648,560,112,112
msg,1,63,416,7398,557,112,112
msg,1,64,439,6550,581,112,112
msg,1,65,435,6160,560,112,112
msg,1,66,413,15848,558,112,112
msg,1,67,413,7396,580,112,112
msg,1,68,886,5834,560,112,112
msg,1,69,411,8448,559,112,112
msg,1,70,451,5571,585,112,112
msg,1,71,442,6108,562,112,112
msg,1,72,419,18299,587,112,112
msg,1,73,444,10363,563,112,112
msg,1,74,411,9329,579,112,112
msg,1,75,439,18928,561,112,112
msg,1,76,580,6517,561,112,112
msg,1,77,436,6845,559,112,112
msg,1,78,450,6384,589,112,112
msg,1,79,412,6017,580,112,112
msg,1,80,444,5569,591,112,112
msg,1,81,441,5763,587,112,112
msg,1,82,442,15896,577,112,112
msg,1,83,454,8458,582,112,112
msg,1,84,412,5820,588,112,112
msg,1,85,445,5368,585,112,112
msg,1,86,408,15712,563,112,112
msg,1,87,412,5742,559,112,112
msg,1,88,411,6228,581,112,112
msg,1,89,439,10499,587,112,112
msg,1,90,409,5748,580,112,112
msg,1,91,405,5538,558,112,112
msg,1,92,410,17740,556,112,112
msg,1,93,412,5666,561,112,112
msg,1,94,433,5913,557,112,112
msg,1,95,409,9081,588,112,112
msg,1,96,411,18978,586,112,112
msg,1,97,440,5725,1087,112,112
msg,1,98,420,5948,578,112,112
msg,1,99,412,9258,583,112,112
msg,1,100,440,5681,584,112,112
msg,1,101,441,5584,583,112,112
msg,1,102,408,17404,559,112,112
msg,1,103,414,10661,564,112,112
msg,1,104,413,8829,566,112,112
msg,1,105,412,17457,584,112,112
msg,1,106,435,9496,584,112,112
msg,1,107,414,10010,582,112,112
msg,1,108,442,6550,587,112,112
msg,1,109,434,5648,582,112,112
msg,1,110,409,5664,585,112,112
msg,1,111,411,20570,562,112,112
msg,1,112,409,6641,563,112,112
msg,1,113,413,6065,581,112,112
msg,1,114,410,5787,584,112,112
msg,1,115,406,18180,585,112,112
msg,1,116,438,6120,562,112,112
msg,1,117,493,6243,580,112,112
msg,1,118,434,6855,581,112,112
msg,1,119,436,5539,588,112,112
msg,1,120,433,7317,560,112,112
msg,1,121,412,17007,586,112,112
msg,1,122,405,5871,580,112,112
msg,1,123,414,5491,557,112,112
msg,1,124,411,5610,560,112,112
msg,1,125,415,19111,588,112,112
msg,1,126,406,8098,586,112,112
msg,1,127,443,6089,559,112,112
msg,1,128,411,5911,561,112,112
msg,1,129,412,6229,582,112,112
msg,1,130,438,5486,585,112,112
msg,1,131,413,5953,588,112,112
msg,1,132,412,18393,561,112,112
msg,1,133,411,7502,562,112,112
msg,1,134,440,5530,588,112,112
msg,1,135,437,5861,586,112,112
msg,1,136,437,16303,586,112,112
msg,1,137,416,5813,585,112,112
msg,1,138,409,5850,587,112,112
msg,1,139,422,6109,588,112,112
msg,1,140,450,6542,576,112,112
msg,1,141,434,5937,583,112,112
msg,1,142,437,5751,585,112,112
msg,1,143,435,13755,589,112,112
msg,1,144,438,8384,581,112,112
msg,1,145,407,7053,584,112,112
msg,1,146,440,21637,593,112,112
msg,1,147,439,9503,584,112,112
msg,1,148,411,6748,669,112,112
msg,1,149,407,5515,562,112,112
msg,1,150,423,5279,589,112,112
msg,1,151,438,6493,579,112,112
msg,1,152,407,20028,577,112,112
msg,1,153,437,8816,581,112,112
msg,1,154,441,5486,586,112,112
msg,1,155,505,5505,577,112,112
msg,1,156,562,15844,583,112,112
msg,1,157,409,12045,585,112,112
msg,1,158,443,7743,581,112,112
msg,1,159,437,5705,585,112,112
msg,1,160,443,5911,558,112,112
msg,1,161,443,8151,586,112,112
msg,1,162,419,18314,564,112,112
msg,1,163,444,6876,555,112,112
msg,1,164,436,5867,560,112,112
msg,1,165,409,5504,581,112,112
msg,1,166,450,16556,587,112,112
msg,1,167,438,6000,558,112,112
msg,1,168,441,5684,581,112,112
msg,1,169,453,9671,591,112,112
msg,1,170,445,5466,585,112,112
msg,1,171,407,6026,580,112,112
msg,1,172,447,18426,578,112,112
msg,1,173,412,5719,585,112,112
msg,1,174,414,5934,581,112,112
msg,1,175,411,5716,584,112,112
msg,1,176,421,18367,558,112,112
msg,1,177,410,10790,563,112,112
msg,1,178,407,8183,589,112,112
msg,1,179,413,5651,582,112,112
msg,1,180,411,5775,577,112,112
msg,1,181,411,6321,557,112,112
msg,1,182,450,17204,572,112,112
msg,1,183,416,9226,580,112,112
msg,1,184,441,5713,703,112,112
msg,1,185,437,5477,587,112,112
msg,1,186,441,19158,562,112,112
msg,1,187,447,8023,560,112,112
msg,1,188,411,8176,591,112,112
msg,1,189,438,6188,563,112,112
msg,1,190,411,6807,555,112,112
msg,1,191,420,5696,558,112,112
msg,1,192,409,20921,557,112,112
msg,1,193,421,8575,563,112,112
msg,1,194,439,6114,575,112,112
msg,1,195,410,19466,562,112,112
msg,1,196,412,5859,564,112,112
msg,1,197,422,7169,586,112,112
msg,1,198,408,9363,561,112,112
msg,1,199,414,6460,583,112,112
whole,1,450.536,2511.591,200
2,17.6170,401.4090,22.1260,441.1520,1393,13474,45,568,2,12,3,18,165780,66482.0,72379.0,154243.0,0.0,2,2,2,0
msg,2,0,597,5494,584,112,112
msg,2,1,413,16277,560,112,112
msg,2,2,447,6710,562,112,112
msg,2,3,444,6549,579,112,112
msg,2,4,441,6724,581,112,112
msg,2,5,440,6081,559,112,112
msg,2,6,498,6544,559,112,112
msg,2,7,438,18184,583,112,112
msg,2,8,431,9031,579,112,112
msg,2,9,446,5952,556,112,112
msg,2,10,439,5421,588,112,112
msg,2,11,430,18123,555,112,112
msg,2,12,440,6212,584,112,112
msg,2,13,413,5672,580,112,112
msg,2,14,412,5531,560,112,112
msg,2,15,410,5708,562,112,112
msg,2,16,409,12708,562,112,112
msg,2,17,442,17900,562,112,112
msg,2,18,410,7186,581,112,112
msg,2,19,419,5549,578,112,112
msg,2,20,424,5684,585,112,112
msg,2,21,411,17456,556,112,112
msg,2,22,446,5694,560,112,112
msg,2,23,437,12325,587,112,112
msg,2,24,407,6818,584,112,112
msg,2,25,410,6149,565,112,112
msg,2,26,442,6091,558,112,112
msg,2,27,411,14496,558,112,112
msg,2,28,448,12376,583,112,112
msg,2,29,410,7019,580,112,112
msg,2,30,438,17213,557,112,112
msg,2,31,411,7949,587,112,112
msg,2,32,409,5864,578,112,112
msg,2,33,404,5841,588,112,112
msg,2,34,404,7115,562,112,112
msg,2,35,442,9280,579,112,112
msg,2,36,408,18753,587,112,112
msg,2,37,410,7748,591,112,112
msg,2,38,406,5638,561,112,112
msg,2,39,414,5546,562,112,112
msg,2,40,436,18934,566,112,112
msg,2,41,407,5802,556,112,112
msg,2,42,412,5952,584,112,112
msg,2,43,408,5912,589,112,112
msg,2,44,410,6020,577,112,112
msg,2,45,444,6269,560,112,112
msg,2,46,409,6402,561,112,112
msg,2,47,437,16971,563,112,112
msg,2,48,997,5729,595,112,112
msg,2,49,434,6474,584,112,112
msg,2,50,409,5968,580,112,112
msg,2,51,406,19185,563,112,112
msg,2,52,436,5795,561,112,112
msg,2,53,440,7863,563,112,112
msg,2,54,413,7073,586,112,112
msg,2,55,411,6046,582,112,112
msg,2,56,433,8751,591,112,112
msg,2,57,436,13370,565,112,112
msg,2,58,415,10975,581,112,112
msg,2,59,411,5777,586,112,112
msg,2,60,409,5594,559,112,112
msg,2,61,414,13306,580,112,112
msg,2,62,440,5452,592,112,112
msg,2,63,515,5498,582,112,112
msg,2,64,416,8082,581,112,112
msg,2,65,438,7381,580,112,112
msg,2,66,408,6069,583,112,112
msg,2,67,407,27431,659,112,112
msg,2,68,418,7083,587,112,112
msg,2,69,434,5859,582,112,112
msg,2,70,439,17930,562,112,112
msg,2,71,443,8851,564,112,112
msg,2,72,414,5753,561,112,112
msg,2,73,417,6612,563,112,112
msg,2,74,441,6440,588,112,112
msg,2,75,407,5757,585,112,112
msg,2,76,404,5820,588,112,112
msg,2,77,408,16887,588,112,112
msg,2,78,524,7224,560,112,112
msg,2,79,411,5743,561,112,112
msg,2,80,413,20616,560,112,112
msg,2,81,411,9505,590,112,112
msg,2,82,443,5907,559,112,112
msg,2,83,443,9824,563,112,112
msg,2,84,412,5568,577,112,112
msg,2,85,444,5939,676,112,112
msg,2,86,413,20520,563,112,112
msg,2,87,444,6227,574,112,112
msg,2,88,409,5707,559,112,112
msg,2,89,412,5814,582,112,112
msg,2,90,408,14495,562,112,112
msg,2,91,441,7843,560,112,112
msg,2,92,409,6274,588,112,112
msg,2,93,437,8323,559,112,112
msg,2,94,409,5631,560,112,112
msg,2,95,410,7237,592,112,112
msg,2,96,411,18929,587,112,112
msg,2,97,435,5654,589,112,112
msg,2,98,418,5953,580,112,112
msg,2,99,435,5418,578,112,112
msg,2,100,411,18715,581,112,112
msg,2,101,407,5765,584,112,112
msg,2,102,414,6857,586,112,112
msg,2,103,411,8987,588,112,112
msg,2,104,431,7294,561,112,112
msg,2,105,417,8016,586,112,112
msg,2,106,416,17090,584,112,112
msg,2,107,436,9037,556,112,112
msg,2,108,411,5271,581,112,112
msg,2,109,407,24118,563,112,112
msg,2,110,439,8090,557,112,112
msg,2,111,423,5498,561,112,112
msg,2,112,439,6210,584,112,112
msg,2,113,408,6711,580,112,112
msg,2,114,417,6203,587,112,112
msg,2,115,439,5593,589,112,112
msg,2,116,408,18753,585,112,112
msg,2,117,417,6815,588,112,112
msg,2,118,447,5432,585,112,112
msg,2,119,407,9771,581,112,112
msg,2,120,410,11346,563,112,112
msg,2,121,442,6843,564,112,112
msg,2,122,435,6417,581,112,112
msg,2,123,436,8204,560,112,112
msg,2,124,419,6355,585,112,112
msg,2,125,440,5567,587,112,112
msg,2,126,412,17957,583,112,112
msg,2,127,441,10311,560,112,112
msg,2,128,414,6215,586,112,112
msg,2,129,439,10581,582,112,112
msg,2,130,413,11335,562,112,112
msg,2,131,412,5990,582,112,112
msg,2,132,405,5945,589,112,112
msg,2,133,414,5738,587,112,112
msg,2,134,407,6276,559,112,112
msg,2,135,437,5475,592,112,112
msg,2,136,447,5789,578,112,112
msg,2,137,431,17082,559,112,112
msg,2,138,411,7128,581,112,112
msg,2,139,411,5768,576,112,112
msg,2,140,410,5803,588,112,112
msg,2,141,413,17247,562,112,112
msg,2,142,435,6151,557,112,112
msg,2,143,414,5892,584,112,112
msg,2,144,411,5596,560,112,112
msg,2,145,413,5896,576,112,112
msg,2,146,408,6045,586,112,112
msg,2,147,407,5993,587,112,112
msg,2,148,432,17907,561,112,112
msg,2,149,440,7813,559,112,112
msg,2,150,440,6448,582,112,112
msg,2,151,434,19270,565,112,112
msg,2,152,413,7511,561,112,112
msg,2,153,448,5860,565,112,112
msg,2,154,417,12009,579,112,112
msg,2,155,413,5775,575,112,112
msg,2,156,411,5740,558,112,112
msg,2,157,411,17053,588,112,112
msg,2,158,408,5569,577,112,112
msg,2,159,407,5915,587,112,112
msg,2,160,411,6278,558,112,112
msg,2,161,446,18031,558,112,112
msg,2,162,408,8116,586,112,112
msg,2,163,420,5936,582,112,112
msg,2,164,435,5748,713,112,112
msg,2,165,443,7688,577,112,112
msg,2,166,437,6269,555,112,112
msg,2,167,413,5874,577,112,112
msg,2,168,410,13263,558,112,112
msg,2,169,444,8409,585,112,112
msg,2,170,409,6368,560,112,112
msg,2,171,409,7638,564,112,112
msg,2,172,457,16223,583,112,112
msg,2,173,422,5954,588,112,112
msg,2,174,435,5936,578,112,112
msg,2,175,435,7596,583,112,112
msg,2,176,436,5766,586,112,112
msg,2,177,448,7542,585,112,112
msg,2,178,415,18050,583,112,112
msg,2,179,436,6256,559,112,112
msg,2,180,413,5927,583,112,112
msg,2,181,407,5835,581,112,112
msg,2,182,410,8504,562,112,112
msg,2,183,416,11235,584,112,112
msg,2,184,432,6304,563,112,112
msg,2,185,419,6795,703,112,112
msg,2,186,412,8141,584,112,112
msg,2,187,433,5590,576,112,112
msg,2,188,409,5709,588,112,112
msg,2,189,412,18127,581,112,112
msg,2,190,433,6463,582,112,112
msg,2,191,408,7532,574,112,112
msg,2,192,410,5965,584,112,112
msg,2,193,408,22794,584,112,112
msg,2,194,406,6920,587,112,112
msg,2,195,435,6132,564,112,112
msg,2,196,443,6561,585,112,112
msg,2,197,442,555975,569,112,112
msg,2,198,414,6023,585,112,112
msg,2,199,406,18253,585,112,112
whole,2,454.295,3028.901,200
#heap 41059
#stack 3296
#end
#block pipeline TLS lorawan11_256 up
#aead AES-256-CTR+2xCMAC (LoRaWAN 1.1 frame, 256-bit keys) (BearSSL (arduino-pico)), uplink, 51 B payload + 13 B overhead
#lib wolfSSL 5.9.4
iter,tcp_ms,tls_ms,mqtt_ms,total_ms,hs_tx_B,hs_rx_B,mqtt_tx_B,mqtt_rx_B,hs_writes,hs_reads,writes,reads,free_heap_B,hs_keygen_us,hs_derive_us,hs_verify_us,hs_sign_us,hs_keygen_n,hs_derive_n,hs_verify_n,hs_sign_n
msg,iter,idx,seal_us,rtt_us,open_us,tx_B,rx_B
whole,iter,first_ms,all_ms,msgs
#suite TLS13-AES256-GCM-SHA384
0,5.6470,403.7660,24.9940,434.4070,1393,13474,45,568,2,12,3,18,165780,66769.0,72316.0,154344.0,0.0,2,2,2,0
msg,0,0,1090,5666,1072,112,112
msg,0,1,933,20160,1076,112,112
msg,0,2,930,6914,1074,112,112
msg,0,3,929,5638,1073,112,112
msg,0,4,926,5856,1081,112,112
msg,0,5,896,6865,1081,112,112
msg,0,6,1492,6686,1073,112,112
msg,0,7,931,18837,1072,112,112
msg,0,8,929,6516,1064,112,112
msg,0,9,925,6369,1080,112,112
msg,0,10,903,17969,1072,112,112
msg,0,11,926,7337,1070,112,112
msg,0,12,928,8340,1198,112,112
msg,0,13,931,8682,1065,112,112
msg,0,14,924,5917,1073,112,112
msg,0,15,1012,5747,1069,112,112
msg,0,16,929,16828,1069,112,112
msg,0,17,927,5452,1085,112,112
msg,0,18,921,6345,1076,112,112
msg,0,19,925,17539,1065,112,112
msg,0,20,924,6727,1062,112,112
msg,0,21,933,5460,1226,112,112
msg,0,22,932,6076,1068,112,112
msg,0,23,929,6091,1079,112,112
msg,0,24,901,7076,1064,112,112
msg,0,25,927,16405,1076,112,112
msg,0,26,898,9884,1076,112,112
msg,0,27,920,6573,1077,112,112
msg,0,28,925,17633,1078,112,112
msg,0,29,933,6480,1069,112,112
msg,0,30,930,5460,1076,112,112
msg,0,31,932,6630,1079,112,112
msg,0,32,930,5383,1076,112,112
msg,0,33,934,6192,1084,112,112
msg,0,34,918,17372,1077,112,112
msg,0,35,934,5556,1068,112,112
msg,0,36,930,5528,1082,112,112
msg,0,37,928,5423,1073,112,112
msg,0,38,923,18347,1073,112,112
msg,0,39,936,11185,1073,112,112
msg,0,40,926,5960,1079,112,112
msg,0,41,921,5622,1162,112,112
msg,0,42,928,7884,1073,112,112
msg,0,43,926,19655,1078,112,112
msg,0,44,924,6830,1063,112,112
msg,0,45,935,5853,1082,112,112
msg,0,46,924,18756,1082,112,112
msg,0,47,930,7588,1223,112,112
msg,0,48,930,6038,1067,112,112
msg,0,49,928,7024,1070,112,112
msg,0,50,925,5795,1072,112,112
msg,0,51,924,6215,1074,112,112
msg,0,52,927,21192,1072,112,112
msg,0,53,929,6217,1081,112,112
msg,0,54,925,6398,1066,112,112
msg,0,55,933,17945,1071,112,112
msg,0,56,930,6132,1083,112,112
msg,0,57,929,6529,1074,112,112
msg,0,58,908,9970,1070,112,112
msg,0,59,925,6476,1086,112,112
msg,0,60,924,18085,1085,112,112
msg,0,61,929,8857,1062,112,112
msg,0,62,926,7084,1071,112,112
msg,0,63,929,18347,1073,112,112
msg,0,64,926,7706,1075,112,112
msg,0,65,927,5844,1083,112,112
msg,0,66,927,6077,1073,112,112
msg,0,67,934,6241,1074,112,112
msg,0,68,900,5826,1078,112,112
msg,0,69,930,18922,1087,112,112
msg,0,70,1009,7591,1077,112,112
msg,0,71,932,5612,1091,112,112
msg,0,72,923,17796,1074,112,112
msg,0,73,925,7242,1070,112,112
msg,0,74,928,5399,1070,112,112
msg,0,75,935,6793,1079,112,112
msg,0,76,924,5557,1073,112,112
msg,0,77,902,7047,1080,112,112
msg,0,78,931,16398,1075,112,112
msg,0,79,921,7992,1082,112,112
msg,0,80,930,6945,1067,112,112
msg,0,81,1014,19199,1233,112,112
msg,0,82,926,7331,1073,112,112
msg,0,83,929,7532,1069,112,112
msg,0,84,1013,9503,1089,112,112
msg,0,85,926,5551,1074,112,112
msg,0,86,1008,19866,1077,112,112
msg,0,87,934,9795,1081,112,112
msg,0,88,930,5873,1070,112,112
msg,0,89,932,19075,1072,112,112
msg,0,90,929,8544,1533,112,112
msg,0,91,924,9186,1062,112,112
msg,0,92,922,8062,1068,112,112
msg,0,93,930,8028,1077,112,112
msg,0,94,929,17917,1079,112,112
msg,0,95,898,8360,1063,112,112
msg,0,96,924,7268,1076,112,112
msg,0,97,924,23070,1065,112,112
msg,0,98,929,5401,1072,112,112
msg,0,99,1011,5720,1087,112,112
msg,0,100,921,6030,1068,112,112
msg,0,101,933,5523,1077,112,112
msg,0,102,924,5626,1074,112,112
msg,0,103,898,15143,1060,112,112
msg,0,104,926,5915,1068,112,112
msg,0,105,931,5854,1069,112,112
msg,0,106,925,19243,1075,112,112
msg,0,107,901,9239,1065,112,112
msg,0,108,932,9168,1079,112,112
msg,0,109,931,7565,1073,112,112
msg,0,110,1013,7415,1059,112,112
msg,0,111,926,16990,1075,112,112
msg,0,112,924,7359,1074,112,112
msg,0,113,928,7588,1074,112,112
msg,0,114,902,19019,1084,112,112
msg,0,115,925,6197,1071,112,112
msg,0,116,929,7006,1076,112,112
msg,0,117,931,5451,1069,112,112
msg,0,118,923,5556,1058,112,112
msg,0,119,926,7400,1080,112,112
msg,0,120,901,16569,1075,112,112
msg,0,121,938,9354,1068,112,112
msg,0,122,931,5980,1070,112,112
msg,0,123,931,18534,1066,112,112
msg,0,124,921,5611,1070,112,112
msg,0,125,1016,6081,1072,112,112
msg,0,126,926,6876,1063,112,112
msg,0,127,920,5480,1066,112,112
msg,0,128,935,8502,1071,112,112
msg,0,129,923,18430,1071,112,112
msg,0,130,928,7710,1072,112,112
msg,0,131,939,6135,1081,112,112
msg,0,132,921,8013,1067,112,112
msg,0,133,923,25553,1071,112,112
msg,0,134,931,8323,1074,112,112
msg,0,135,935,6262,1084,112,112
msg,0,136,1007,5546,1079,112,112
msg,0,137,918,16753,1075,112,112
msg,0,138,920,6857,1084,112,112
msg,0,139,921,7076,1070,112,112
msg,0,140,921,19920,1069,112,112
msg,0,141,1007,5519,1075,112,112
msg,0,142,932,5869,1069,112,112
msg,0,143,923,5638,1068,112,112
msg,0,144,938,5511,1074,112,112
msg,0,145,926,5571,1074,112,112
msg,0,146,1008,17021,1065,112,112
msg,0,147,931,8974,1071,112,112
msg,0,148,923,6171,1075,112,112
msg,0,149,925,9306,1068,112,112
msg,0,150,930,10165,1082,112,112
msg,0,151,921,6012,1079,112,112
msg,0,152,928,6614,1079,112,112
msg,0,153,1001,6932,1077,112,112
msg,0,154,928,5502,1074,112,112
msg,0,155,901,5522,1562,112,112
msg,0,156,933,16982,1149,112,112
msg,0,157,929,6200,1077,112,112
msg,0,158,923,7769,1078,112,112
msg,0,159,926,17549,1074,112,112
msg,0,160,936,8111,1082,112,112
msg,0,161,1271,29043,1074,112,112
msg,0,162,927,23152,1074,112,112
msg,0,163,924,5900,1067,112,112
msg,0,164,925,6114,1068,112,112
msg,0,165,922,15343,1073,112,112
msg,0,166,922,9043,1071,112,112
msg,0,167,929,5478,1078,112,112
msg,0,168,927,6371,1071,112,112
msg,0,169,931,7314,1160,112,112
msg,0,170,925,6527,1079,112,112
msg,0,171,922,16035,1068,112,112
msg,0,172,929,6515,1074,112,112
msg,0,173,922,8972,1068,112,112
msg,0,174,924,19709,1085,112,112
msg,0,175,926,8042,1072,112,112
msg,0,176,938,7416,1077,112,112
msg,0,177,937,6818,1081,112,112
msg,0,178,927,8190,1074,112,112
msg,0,179,936,19163,1076,112,112
msg,0,180,925,9006,1066,112,112
msg,0,181,928,6155,1070,112,112
msg,0,182,927,18823,1071,112,112
msg,0,183,930,6061,1079,112,112
msg,0,184,1014,7157,1067,112,112
msg,0,185,929,6955,1070,112,112
msg,0,186,930,5671,1071,112,112
msg,0,187,923,6124,1077,112,112
msg,0,188,902,15858,1071,112,112
msg,0,189,928,6239,1073,112,112
msg,0,190,930,5934,1066,112,112
msg,0,191,929,18738,1068,112,112
msg,0,192,924,9006,1082,112,112
msg,0,193,924,5355,1070,112,112
msg,0,194,930,5756,1070,112,112
msg,0,195,925,5850,1075,112,112
msg,0,196,928,5877,1068,112,112
msg,0,197,930,21949,1078,112,112
msg,0,198,926,6778,1079,112,112
msg,0,199,925,5599,1070,112,112
whole,0,451.073,2810.888,200
1,7.3810,412.7610,13.0340,433.1760,1393,13474,45,568,2,12,3,18,165780,66759.0,72516.0,156205.0,0.0,2,2,2,0
msg,1,0,1089,5751,1072,112,112
msg,1,1,1023,5608,1078,112,112
msg,1,2,929,14862,1072,112,112
msg,1,3,925,6130,1074,112,112
msg,1,4,897,27140,1068,112,112
msg,1,5,929,8342,1081,112,112
msg,1,6,933,5484,1071,112,112
msg,1,7,928,5474,1066,112,112
msg,1,8,928,5319,1074,112,112
msg,1,9,1014,6467,1068,112,112
msg,1,10,941,17667,1068,112,112
msg,1,11,929,10672,1157,112,112
msg,1,12,933,5727,1070,112,112
msg,1,13,927,19758,1066,112,112
msg,1,14,929,5376,1079,112,112
msg,1,15,926,6294,1071,112,112
msg,1,16,928,5385,1082,112,112
msg,1,17,937,5414,1067,112,112
msg,1,18,922,6112,1087,112,112
msg,1,19,929,20260,1071,112,112
msg,1,20,995,6510,1080,112,112
msg,1,21,924,5470,1070,112,112
msg,1,22,930,8520,1074,112,112
msg,1,23,927,10774,1149,112,112
msg,1,24,924,5520,1210,112,112
msg,1,25,928,9232,1071,112,112
msg,1,26,923,9824,1074,112,112
msg,1,27,900,6895,1078,112,112
msg,1,28,923,17673,1081,112,112
msg,1,29,901,8944,1072,112,112
msg,1,30,926,7273,1071,112,112
msg,1,31,929,18940,1072,112,112
msg,1,32,925,5578,1071,112,112
msg,1,33,923,6281,1075,112,112
msg,1,34,925,6995,1069,112,112
msg,1,35,928,5486,1076,112,112
msg,1,36,926,5495,1076,112,112
msg,1,37,929,17034,1077,112,112
msg,1,38,925,9385,1070,112,112
msg,1,39,927,5493,1064,112,112
msg,1,40,929,19361,1072,112,112
msg,1,41,922,27971,1083,112,112
msg,1,42,925,7676,1078,112,112
msg,1,43,935,19343,1070,112,112
msg,1,44,1022,9208,1062,112,112
msg,1,45,928,6459,1228,112,112
msg,1,46,928,18206,1074,112,112
msg,1,47,932,5529,1064,112,112
msg,1,48,922,5565,1078,112,112
msg,1,49,921,8030,1069,112,112
msg,1,50,931,6532,1068,112,112
msg,1,51,924,5756,1072,112,112
msg,1,52,924,17081,1066,112,112
msg,1,53,932,6823,1066,112,112
msg,1,54,939,5818,1075,112,112
msg,1,55,1019,17703,1078,112,112
msg,1,56,1011,7959,1078,112,112
msg,1,57,929,6513,1076,112,112
msg,1,58,930,5733,1070,112,112
msg,1,59,929,5472,1058,112,112
msg,1,60,924,6368,1075,112,112
msg,1,61,924,16069,1076,112,112
msg,1,62,942,7376,1075,112,112
msg,1,63,928,6625,1069,112,112
msg,1,64,923,19734,1071,112,112
msg,1,65,931,7653,1071,112,112
msg,1,66,1011,5417,1082,112,112
msg,1,67,925,5460,1075,112,112
msg,1,68,926,5579,1071,112,112
msg,1,69,929,7041,1080,112,112
msg,1,70,905,16922,1082,112,112
msg,1,71,917,8426,1076,112,112
msg,1,72,942,5764,1076,112,112
msg,1,73,926,5173,1082,112,112
msg,1,74,931,12353,1078,112,112
msg,1,75,928,6488,1065,112,112
msg,1,76,931,5209,1159,112,112
msg,1,77,920,8034,1065,112,112
msg,1,78,924,5351,1073,112,112
msg,1,79,932,6157,1082,112,112
msg,1,80,926,19361,1071,112,112
msg,1,81,923,6235,1060,112,112
msg,1,82,923,5522,1072,112,112
msg,1,83,900,19648,1075,112,112
msg,1,84,926,7234,1066,112,112
msg,1,85,930,5320,1161,112,112
msg,1,86,899,5618,1078,112,112
msg,1,87,923,5354,1066,112,112
msg,1,88,1085,8254,1079,112,112
msg,1,89,929,19442,1076,112,112
msg,1,90,937,5383,1204,112,112
msg,1,91,927,5396,1077,112,112
msg,1,92,925,5551,1072,112,112
msg,1,93,929,15879,1072,112,112
msg,1,94,901,5646,1074,112,112
msg,1,95,928,6731,1081,112,112
msg,1,96,921,6557,1076,112,112
msg,1,97,1026,5462,1073,112,112
msg,1,98,928,5322,1080,112,112
msg,1,99,918,14475,1074,112,112
msg,1,100,926,9066,1074,112,112
msg,1,101,926,5145,1068,112,112
msg,1,102,928,19404,1079,112,112
msg,1,103,928,7988,1065,112,112
msg,1,104,932,5203,1069,112,112
msg,1,105,928,7047,1080,112,112
msg,1,106,902,5461,1071,112,112
msg,1,107,923,5479,1526,112,112
msg,1,108,929,19442,1076,112,112
msg,1,109,932,5929,1074,112,112
msg,1,110,929,5497,1072,112,112
msg,1,111,928,19641,1142,112,112
msg,1,112,931,7965,1074,112,112
msg,1,113,926,5769,1068,112,112
msg,1,114,1013,5794,1209,112,112
msg,1,115,933,5576,1077,112,112
msg,1,116,922,5792,1075,112,112
msg,1,117,925,16905,1072,112,112
msg,1,118,925,8607,1066,112,112
msg,1,119,924,5369,1078,112,112
msg,1,120,937,5445,1075,112,112
msg,1,121,926,14884,1080,112,112
msg,1,122,903,5588,1075,112,112
msg,1,123,926,5748,1073,112,112
msg,1,124,923,11264,1077,112,112
msg,1,125,928,5381,1078,112,112
msg,1,126,936,5620,1069,112,112
msg,1,127,927,14579,1153,112,112
msg,1,128,923,6127,1079,112,112
msg,1,129,900,5312,1070,112,112
msg,1,130,936,5669,1076,112,112
msg,1,131,928,17737,1062,112,112
msg,1,132,931,6156,1076,112,112
msg,1,133,931,6432,1076,112,112
msg,1,134,931,5846,1074,112,112
msg,1,135,928,5213,1078,112,112
msg,1,136,901,5241,1070,112,112
msg,1,137,927,16169,1081,112,112
msg,1,138,928,6862,1079,112,112
msg,1,139,927,5352,1147,112,112
msg,1,140,927,9663,1072,112,112
msg,1,141,924,11396,1079,112,112
msg,1,142,916,8391,1074,112,112
msg,1,143,931,5884,1074,112,112
msg,1,144,932,6267,1063,112,112
msg,1,145,931,5306,1164,112,112
msg,1,146,921,5471,1074,112,112
msg,1,147,922,15572,1071,112,112
msg,1,148,930,6011,1071,112,112
msg,1,149,934,5468,1061,112,112
msg,1,150,926,19226,1070,112,112
msg,1,151,929,8111,1075,112,112
msg,1,152,929,8206,1067,112,112
msg,1,153,931,8373,1092,112,112
msg,1,154,929,5697,1071,112,112
msg,1,155,931,5680,1071,112,112
msg,1,156,921,15689,1075,112,112
msg,1,157,901,5599,1078,112,112
msg,1,158,922,5584,1077,112,112
msg,1,159,928,9876,1070,112,112
msg,1,160,936,10454,1064,112,112
msg,1,161,925,5803,1067,112,112
msg,1,162,923,6797,1067,112,112
msg,1,163,928,5376,1077,112,112
msg,1,164,922,5459,1071,112,112
msg,1,165,933,5482,1064,112,112
msg,1,166,929,18947,1070,112,112
msg,1,167,926,5511,1066,112,112
msg,1,168,923,5415,1073,112,112
msg,1,169,901,5469,1069,112,112
msg,1,170,925,16007,1078,112,112
msg,1,171,927,5484,1202,112,112
msg,1,172,940,8922,1078,112,112
msg,1,173,902,6385,1073,112,112
msg,1,174,932,6152,1079,112,112
msg,1,175,903,19256,1068,112,112
msg,1,176,932,9493,1075,112,112
msg,1,177,925,5977,1073,112,112
msg,1,178,928,18449,1077,112,112
msg,1,179,927,8701,1078,112,112
msg,1,180,925,7035,1069,112,112
msg,1,181,923,6490,1079,112,112
msg,1,182,1016,6666,1080,112,112
msg,1,183,930,21370,1073,112,112
msg,1,184,925,7129,1079,112,112
msg,1,185,901,5410,1072,112,112
msg,1,186,930,5711,1069,112,112
msg,1,187,929,17004,1078,112,112
msg,1,188,929,5538,1075,112,112
msg,1,189,929,6780,1070,112,112
msg,1,190,925,5851,1075,112,112
msg,1,191,941,6098,1072,112,112
msg,1,192,900,5457,1072,112,112
msg,1,193,925,18126,1077,112,112
msg,1,194,898,6508,1074,112,112
msg,1,195,930,5382,1063,112,112
msg,1,196,926,18969,1069,112,112
msg,1,197,926,6021,1073,112,112
msg,1,198,929,5914,1073,112,112
msg,1,199,1472,6565,1065,112,112
whole,1,447.461,2686.886,200
2,4.7360,400.4830,12.0530,417.2720,1393,13474,45,568,2,12,3,18,165780,66447.0,72314.0,154871.0,0.0,2,2,2,0
msg,2,0,1070,5531,1079,112,112
msg,2,1,930,5611,1073,112,112
msg,2,2,1016,5585,1065,112,112
msg,2,3,926,19382,1080,112,112
msg,2,4,924,6316,1082,112,112
msg,2,5,926,22340,1067,112,112
msg,2,6,938,5876,1068,112,112
msg,2,7,1025,19782,1143,112,112
msg,2,8,928,5995,1077,112,112
msg,2,9,921,5476,1069,112,112
msg,2,10,925,17884,1069,112,112
msg,2,11,926,8124,1161,112,112
msg,2,12,925,6029,1074,112,112
msg,2,13,928,8296,1077,112,112
msg,2,14,1006,5899,1076,112,112
msg,2,15,918,5539,1075,112,112
msg,2,16,928,17003,1077,112,112
msg,2,17,936,6191,1069,112,112
msg,2,18,928,5492,1062,112,112
msg,2,19,928,9842,1066,112,112
msg,2,20,930,10611,1073,112,112
msg,2,21,931,5632,1072,112,112
msg,2,22,929,9063,1065,112,112
msg,2,23,924,6088,1074,112,112
msg,2,24,924,8312,1078,112,112
msg,2,25,925,17535,1081,112,112
msg,2,26,897,5503,1065,112,112
msg,2,27,931,5503,1069,112,112
msg,2,28,931,5387,1079,112,112
msg,2,29,920,17676,1075,112,112
msg,2,30,902,5723,1071,112,112
msg,2,31,927,10007,1075,112,112
msg,2,32,926,6944,1069,112,112
msg,2,33,923,9422,1076,112,112
msg,2,34,1003,18665,1159,112,112
msg,2,35,928,5471,1073,112,112
msg,2,36,927,5768,1070,112,112
msg,2,37,927,5392,1065,112,112
msg,2,38,920,15127,1069,112,112
msg,2,39,934,5717,1069,112,112
msg,2,40,928,8003,1079,112,112
msg,2,41,902,6172,1059,112,112
msg,2,42,929,5605,1078,112,112
msg,2,43,922,7722,1074,112,112
msg,2,44,922,12305,1068,112,112
msg,2,45,1016,8816,1075,112,112
msg,2,46,928,5892,1076,112,112
msg,2,47,902,18972,1069,112,112
msg,2,48,923,7512,1073,112,112
msg,2,49,939,5526,1071,112,112
msg,2,50,927,6123,1081,112,112
msg,2,51,898,5416,1158,112,112
msg,2,52,925,6133,1076,112,112
msg,2,53,929,17272,1067,112,112
msg,2,54,930,11237,1075,112,112
msg,2,55,922,5476,1073,112,112
msg,2,56,923,17546,1071,112,112
msg,2,57,926,7421,1085,112,112
msg,2,58,924,5724,1075,112,112
msg,2,59,1022,10009,1071,112,112
msg,2,60,936,5627,1061,112,112
msg,2,61,1017,5482,1074,112,112
msg,2,62,928,13493,1080,112,112
msg,2,63,924,9930,1083,112,112
msg,2,64,927,7235,1068,112,112
msg,2,65,931,19657,1069,112,112
msg,2,66,929,5406,1076,112,112
msg,2,67,921,5396,1075,112,112
msg,2,68,922,8234,1077,112,112
msg,2,69,928,5390,1152,112,112
msg,2,70,924,5454,1069,112,112
msg,2,71,924,17939,1069,112,112
msg,2,72,926,6961,1076,112,112
msg,2,73,930,5675,1076,112,112
msg,2,74,924,18637,1073,112,112
msg,2,75,933,6994,1076,112,112
msg,2,76,937,5650,1075,112,112
msg,2,77,935,9056,1072,112,112
msg,2,78,925,5351,1070,112,112
msg,2,79,926,5416,1062,112,112
msg,2,80,919,18484,1082,112,112
msg,2,81,902,5679,1158,112,112
msg,2,82,1030,5777,1077,112,112
msg,2,83,923,19336,1073,112,112
msg,2,84,926,7547,1068,112,112
msg,2,85,1031,7545,1059,112,112
msg,2,86,926,8737,1066,112,112
msg,2,87,935,5426,1073,112,112
msg,2,88,922,5383,1070,112,112
msg,2,89,934,17413,1059,112,112
msg,2,90,926,7333,1072,112,112
msg,2,91,941,5418,1067,112,112
msg,2,92,1480,19475,1067,112,112
msg,2,93,932,5511,1076,112,112
msg,2,94,926,5659,1068,112,112
msg,2,95,929,7834,1070,112,112
msg,2,96,924,5741,1068,112,112
msg,2,97,927,5448,1077,112,112
msg,2,98,921,27360,1075,112,112
msg,2,99,934,5497,1061,112,112
msg,2,100,930,18669,1061,112,112
msg,2,101,926,8178,1069,112,112
msg,2,102,934,5415,1067,112,112
msg,2,103,925,5698,1083,112,112
msg,2,104,934,5532,1083,112,112
msg,2,105,922,6575,1078,112,112
msg,2,106,931,19256,1069,112,112
msg,2,107,933,7076,1076,112,112
msg,2,108,929,5403,1065,112,112
msg,2,109,925,18550,1073,112,112
msg,2,110,941,6227,1074,112,112
msg,2,111,928,5651,1069,112,112
msg,2,112,924,5544,1086,112,112
msg,2,113,933,6174,1072,112,112
msg,2,114,936,5824,1077,112,112
msg,2,115,941,18520,1068,112,112
msg,2,116,922,5619,1066,112,112
msg,2,117,931,8312,1074,112,112
msg,2,118,898,19956,1069,112,112
msg,2,119,1073,5568,1074,112,112
msg,2,120,917,5385,1070,112,112
msg,2,121,927,6118,1074,112,112
msg,2,122,926,5702,1079,112,112
msg,2,123,903,10368,1068,112,112
msg,2,124,926,18168,1077,112,112
msg,2,125,902,6482,1075,112,112
msg,2,126,930,5789,1155,112,112
msg,2,127,925,18670,1066,112,112
msg,2,128,930,5779,1071,112,112
msg,2,129,937,5736,1072,112,112
msg,2,130,928,8834,1078,112,112
msg,2,131,937,5912,1077,112,112
msg,2,132,925,5578,1067,112,112
msg,2,133,927,16309,1083,112,112
msg,2,134,930,8524,1596,112,112
msg,2,135,928,6012,1076,112,112
msg,2,136,924,18851,1077,112,112
msg,2,137,927,7074,1079,112,112
msg,2,138,932,12128,1069,112,112
msg,2,139,932,6141,1072,112,112
msg,2,140,900,5444,1071,112,112
msg,2,141,936,19196,1077,112,112
msg,2,142,927,8669,1073,112,112
msg,2,143,911,5610,1076,112,112
msg,2,144,926,19463,1068,112,112
msg,2,145,932,7519,1081,112,112
msg,2,146,927,5360,1078,112,112
msg,2,147,937,9338,1068,112,112
msg,2,148,929,5565,1083,112,112
msg,2,149,930,5793,1082,112,112
msg,2,150,929,21396,1077,112,112
msg,2,151,923,5852,1079,112,112
msg,2,152,902,5781,1077,112,112
msg,2,153,901,19212,1067,112,112
msg,2,154,929,5794,1067,112,112
msg,2,155,1004,5500,1077,112,112
msg,2,156,931,8637,1076,112,112
msg,2,157,926,5464,1070,112,112
msg,2,158,927,5651,1076,112,112
msg,2,159,932,17857,1070,112,112
msg,2,160,924,6856,1076,112,112
msg,2,161,928,5580,1075,112,112
msg,2,162,931,17297,1082,112,112
msg,2,163,922,7253,1074,112,112
msg,2,164,930,5485,1072,112,112
msg,2,165,937,6190,1083,112,112
msg,2,166,923,7736,1069,112,112
msg,2,167,929,5508,1069,112,112
msg,2,168,921,16255,1076,112,112
msg,2,169,922,8018,1060,112,112
msg,2,170,938,5689,1080,112,112
msg,2,171,945,19911,1063,112,112
msg,2,172,929,9618,1084,112,112
msg,2,173,936,7591,1079,112,112
msg,2,174,922,5822,1076,112,112
msg,2,175,939,5337,1073,112,112
msg,2,176,934,6496,1071,112,112
msg,2,177,1095,15648,1075,112,112
msg,2,178,928,7811,1066,112,112
msg,2,179,926,7734,1075,112,112
msg,2,180,928,19410,1071,112,112
msg,2,181,931,6421,1064,112,112
msg,2,182,929,7787,1076,112,112
msg,2,183,930,5798,1072,112,112
msg,2,184,925,5528,1151,112,112
msg,2,185,935,5650,1073,112,112
msg,2,186,930,16321,1162,112,112
msg,2,187,926,5653,1083,112,112
msg,2,188,926,5861,1068,112,112
msg,2,189,927,19122,1077,112,112
msg,2,190,924,5982,1067,112,112
msg,2,191,931,5766,1069,112,112
msg,2,192,922,6352,1064,112,112
msg,2,193,929,5520,1081,112,112
msg,2,194,920,5352,1068,112,112
msg,2,195,935,19145,1082,112,112
msg,2,196,1010,7762,1078,112,112
msg,2,197,930,5707,1076,112,112
msg,2,198,929,21579,1069,112,112
msg,2,199,931,6111,1095,112,112
whole,2,444.209,2741.185,200
#heap 41059
#stack 3384
#end
#block pipeline TLS lorawan11_256 down
#aead AES-256-CTR+2xCMAC (LoRaWAN 1.1 frame, 256-bit keys) (BearSSL (arduino-pico)), downlink, 51 B payload + 13 B overhead
#lib wolfSSL 5.9.4
iter,tcp_ms,tls_ms,mqtt_ms,total_ms,hs_tx_B,hs_rx_B,mqtt_tx_B,mqtt_rx_B,hs_writes,hs_reads,writes,reads,free_heap_B,hs_keygen_us,hs_derive_us,hs_verify_us,hs_sign_us,hs_keygen_n,hs_derive_n,hs_verify_n,hs_sign_n
msg,iter,idx,seal_us,rtt_us,open_us,tx_B,rx_B
whole,iter,first_ms,all_ms,msgs
#suite TLS13-AES256-GCM-SHA384
0,5.4660,404.1650,12.5620,422.1930,1393,13474,45,568,2,12,3,18,165780,66707.0,72457.0,154686.0,0.0,2,2,2,0
msg,0,0,727,17478,721,112,112
msg,0,1,578,5676,694,112,112
msg,0,2,547,7827,717,112,112
msg,0,3,572,6230,695,112,112
msg,0,4,551,14979,720,112,112
msg,0,5,569,8206,721,112,112
msg,0,6,659,5500,719,112,112
msg,0,7,576,6317,716,112,112
msg,0,8,544,6433,713,112,112
msg,0,9,541,6524,717,112,112
msg,0,10,549,19380,693,112,112
msg,0,11,545,9296,720,112,112
msg,0,12,571,5437,711,112,112
msg,0,13,573,5616,692,112,112
msg,0,14,551,17595,696,112,112
msg,0,15,547,6245,718,112,112
msg,0,16,571,11929,717,112,112
msg,0,17,553,7347,697,112,112
msg,0,18,548,6863,725,112,112
msg,0,19,571,18277,714,112,112
msg,0,20,547,5769,834,112,112
msg,0,21,573,8585,716,112,112
msg,0,22,575,6012,713,112,112
msg,0,23,542,17774,722,112,112
msg,0,24,577,5784,718,112,112
msg,0,25,576,5705,693,112,112
msg,0,26,551,5454,698,112,112
msg,0,27,558,6324,717,112,112
msg,0,28,573,5364,718,112,112
msg,0,29,573,20086,716,112,112
msg,0,30,543,21534,724,112,112
msg,0,31,544,19088,696,112,112
msg,0,32,568,6696,692,112,112
msg,0,33,544,6415,696,112,112
msg,0,34,547,8493,694,112,112
msg,0,35,544,9428,691,112,112
msg,0,36,568,20395,719,112,112
msg,0,37,573,8185,722,112,112
msg,0,38,576,5483,725,112,112
msg,0,39,573,5330,715,112,112
msg,0,40,577,18459,721,112,112
msg,0,41,546,5809,719,112,112
msg,0,42,570,5453,719,112,112
msg,0,43,573,5812,693,112,112
msg,0,44,542,5377,718,112,112
msg,0,45,571,5526,718,112,112
msg,0,46,569,6044,715,112,112
msg,0,47,565,14186,699,112,112
msg,0,48,551,5519,693,112,112
msg,0,49,550,5566,712,112,112
msg,0,50,545,5380,696,112,112
msg,0,51,550,17951,720,112,112
msg,0,52,569,7742,722,112,112
msg,0,53,567,5590,697,112,112
msg,0,54,573,6185,720,112,112
msg,0,55,570,5704,718,112,112
msg,0,56,576,5325,718,112,112
msg,0,57,575,5383,720,112,112
msg,0,58,566,14955,694,112,112
msg,0,59,547,5495,695,112,112
msg,0,60,550,5401,696,112,112
msg,0,61,548,5937,714,112,112
msg,0,62,572,17609,720,112,112
msg,0,63,571,8607,721,112,112
msg,0,64,574,5436,719,112,112
msg,0,65,576,5531,725,112,112
msg,0,66,576,5501,723,112,112
msg,0,67,571,7245,718,112,112
msg,0,68,571,5837,715,112,112
msg,0,69,576,15192,717,112,112
msg,0,70,572,6811,718,112,112
msg,0,71,573,5279,719,112,112
msg,0,72,574,5305,719,112,112
msg,0,73,574,20450,711,112,112
msg,0,74,573,6214,715,112,112
msg,0,75,550,10747,715,112,112
msg,0,76,573,6521,798,112,112
msg,0,77,569,7248,717,112,112
msg,0,78,567,17109,697,112,112
msg,0,79,542,6181,722,112,112
msg,0,80,575,5867,691,112,112
msg,0,81,553,6277,716,112,112
msg,0,82,576,19239,723,112,112
msg,0,83,581,6180,712,112,112
msg,0,84,544,6448,716,112,112
msg,0,85,547,6045,714,112,112
msg,0,86,577,6256,714,112,112
msg,0,87,576,7226,713,112,112
msg,0,88,547,17423,713,112,112
msg,0,89,546,5588,715,112,112
msg,0,90,548,5714,718,112,112
msg,0,91,569,5818,723,112,112
msg,0,92,575,17736,697,112,112
msg,0,93,547,7492,699,112,112
msg,0,94,552,10492,697,112,112
msg,0,95,548,8754,711,112,112
msg,0,96,567,6249,698,112,112
msg,0,97,550,5699,709,112,112
msg,0,98,545,16769,720,112,112
msg,0,99,571,6667,714,112,112
msg,0,100,574,6311,720,112,112
msg,0,101,570,10685,724,112,112
msg,0,102,580,11558,692,112,112
msg,0,103,574,6156,723,112,112
msg,0,104,576,6051,694,112,112
msg,0,105,545,8626,719,112,112
msg,0,106,635,5450,715,112,112
msg,0,107,544,6223,694,112,112
msg,0,108,556,19206,724,112,112
msg,0,109,568,6323,714,112,112
msg,0,110,578,5378,721,112,112
msg,0,111,571,30269,715,112,112
msg,0,112,543,7906,721,112,112
msg,0,113,576,8800,693,112,112
msg,0,114,545,5531,697,112,112
msg,0,115,549,5732,787,112,112
msg,0,116,560,19560,797,112,112
msg,0,117,575,7151,695,112,112
msg,0,118,548,5419,696,112,112
msg,0,119,543,6522,702,112,112
msg,0,120,543,15853,716,112,112
msg,0,121,548,11260,695,112,112
msg,0,122,550,6070,723,112,112
msg,0,123,569,5990,714,112,112
msg,0,124,545,6895,718,112,112
msg,0,125,577,6337,723,112,112
msg,0,126,574,28973,696,112,112
msg,0,127,545,5782,713,112,112
msg,0,128,546,16112,716,112,112
msg,0,129,584,6190,719,112,112
msg,0,130,569,6804,712,112,112
msg,0,131,580,10574,697,112,112
msg,0,132,545,5472,693,112,112
msg,0,133,572,5885,719,112,112
msg,0,134,553,17277,691,112,112
msg,0,135,552,5602,696,112,112
msg,0,136,545,5605,711,112,112
msg,0,137,558,5573,714,112,112
msg,0,138,544,18865,720,112,112
msg,0,139,584,6996,712,112,112
msg,0,140,552,6622,714,112,112
msg,0,141,545,6170,693,112,112
msg,0,142,549,7031,717,112,112
msg,0,143,571,6304,717,112,112
msg,0,144,545,21939,722,112,112
msg,0,145,577,6155,723,112,112
msg,0,146,581,6731,722,112,112
msg,0,147,565,19665,722,112,112
msg,0,148,586,8016,719,112,112
msg,0,149,574,7556,717,112,112
msg,0,150,574,5779,718,112,112
msg,0,151,584,6336,722,112,112
msg,0,152,722,6399,721,112,112
msg,0,153,575,17967,711,112,112
msg,0,154,545,5883,720,112,112
msg,0,155,573,5808,693,112,112
msg,0,156,547,5557,697,112,112
msg,0,157,545,8216,724,112,112
msg,0,158,574,10357,715,112,112
msg,0,159,581,5768,693,112,112
msg,0,160,544,5478,696,112,112
msg,0,161,570,6315,721,112,112
msg,0,162,570,9332,725,112,112
msg,0,163,578,5881,691,112,112
msg,0,164,543,16893,718,112,112
msg,0,165,546,5817,725,112,112
msg,0,166,571,6189,714,112,112
msg,0,167,582,5637,719,112,112
msg,0,168,569,8060,694,112,112
msg,0,169,546,10638,713,112,112
msg,0,170,546,6476,713,112,112
msg,0,171,549,10447,693,112,112
msg,0,172,547,8012,722,112,112
msg,0,173,570,5509,723,112,112
msg,0,174,572,20367,718,112,112
msg,0,175,580,5537,722,112,112
msg,0,176,566,6080,720,112,112
msg,0,177,553,5856,717,112,112
msg,0,178,570,17400,800,112,112
msg,0,179,576,5600,719,112,112
msg,0,180,570,6009,716,112,112
msg,0,181,543,6852,722,112,112
msg,0,182,571,10466,722,112,112
msg,0,183,582,5543,723,112,112
msg,0,184,570,17440,721,112,112
msg,0,185,575,6084,714,112,112
msg,0,186,547,5533,716,112,112
msg,0,187,539,5416,693,112,112
msg,0,188,550,8493,693,112,112
msg,0,189,549,10705,713,112,112
msg,0,190,539,5812,721,112,112
msg,0,191,571,5514,722,112,112
msg,0,192,573,5896,850,112,112
msg,0,193,550,5431,700,112,112
msg,0,194,545,5602,719,112,112
msg,0,195,547,5557,716,112,112
msg,0,196,545,16778,718,112,112
msg,0,197,667,7543,717,112,112
msg,0,198,584,5724,692,112,112
msg,0,199,540,20070,728,112,112
whole,0,448.337,2537.480,200
1,4.4180,408.0570,13.5500,426.0250,1393,13474,45,568,2,12,3,18,165780,66584.0,71980.0,154311.0,0.0,2,2,2,0
msg,1,0,732,5568,722,112,112
msg,1,1,573,5564,712,112,112
msg,1,2,572,17995,716,112,112
msg,1,3,544,8203,691,112,112
msg,1,4,551,6112,721,112,112
msg,1,5,568,19184,718,112,112
msg,1,6,573,6567,722,112,112
msg,1,7,573,6646,727,112,112
msg,1,8,572,6575,714,112,112
msg,1,9,571,5654,698,112,112
msg,1,10,576,5667,697,112,112
msg,1,11,549,6355,694,112,112
msg,1,12,551,13409,720,112,112
msg,1,13,574,8666,697,112,112
msg,1,14,544,5546,693,112,112
msg,1,15,548,5625,713,112,112
msg,1,16,552,17698,718,112,112
msg,1,17,569,7356,722,112,112
msg,1,18,555,7870,725,112,112
msg,1,19,578,8153,716,112,112
msg,1,20,542,6565,715,112,112
msg,1,21,539,5847,725,112,112
msg,1,22,573,17215,716,112,112
msg,1,23,570,5861,721,112,112
msg,1,24,573,5599,692,112,112
msg,1,25,571,5522,694,112,112
msg,1,26,554,17083,721,112,112
msg,1,27,573,6179,716,112,112
msg,1,28,542,5630,718,112,112
msg,1,29,1128,7836,717,112,112
msg,1,30,546,6051,716,112,112
msg,1,31,582,5533,714,112,112
msg,1,32,575,17549,698,112,112
msg,1,33,569,5672,697,112,112
msg,1,34,545,5657,717,112,112
msg,1,35,551,5452,698,112,112
msg,1,36,553,18159,715,112,112
msg,1,37,572,7740,699,112,112
msg,1,38,553,5721,715,112,112
msg,1,39,538,6215,699,112,112
msg,1,40,542,5631,699,112,112
msg,1,41,554,5716,717,112,112
msg,1,42,545,5542,719,112,112
msg,1,43,545,16742,709,112,112
msg,1,44,572,7265,716,112,112
msg,1,45,544,5352,717,112,112
msg,1,46,541,5391,698,112,112
msg,1,47,549,16777,713,112,112
msg,1,48,551,5875,722,112,112
msg,1,49,572,5327,720,112,112
msg,1,50,570,6238,713,112,112
msg,1,51,539,5450,716,112,112
msg,1,52,552,5410,696,112,112
msg,1,53,546,6576,718,112,112
msg,1,54,546,13731,716,112,112
msg,1,55,567,8800,723,112,112
msg,1,56,574,5521,715,112,112
msg,1,57,574,5507,719,112,112
msg,1,58,578,14355,724,112,112
msg,1,59,568,6983,717,112,112
msg,1,60,544,5436,696,112,112
msg,1,61,551,6185,715,112,112
msg,1,62,572,7380,719,112,112
msg,1,63,572,8498,720,112,112
msg,1,64,568,17873,694,112,112
msg,1,65,547,8612,717,112,112
msg,1,66,543,5927,721,112,112
msg,1,67,564,5944,695,112,112
msg,1,68,541,17259,720,112,112
msg,1,69,575,8870,715,112,112
msg,1,70,544,6796,722,112,112
msg,1,71,571,6693,718,112,112
msg,1,72,574,5318,790,112,112
msg,1,73,581,6307,715,112,112
msg,1,74,576,19239,715,112,112
msg,1,75,546,5877,725,112,112
msg,1,76,579,5379,720,112,112
msg,1,77,569,5685,714,112,112
msg,1,78,569,16336,717,112,112
msg,1,79,569,8293,719,112,112
msg,1,80,573,7061,696,112,112
msg,1,81,549,6316,714,112,112
msg,1,82,567,5273,723,112,112
msg,1,83,569,6000,698,112,112
msg,1,84,552,16974,723,112,112
msg,1,85,565,8656,716,112,112
msg,1,86,573,5953,713,112,112
msg,1,87,543,5401,691,112,112
msg,1,88,645,17506,720,112,112
msg,1,89,549,8000,718,112,112
msg,1,90,570,6050,716,112,112
msg,1,91,551,6465,717,112,112
msg,1,92,550,6245,695,112,112
msg,1,93,547,5479,698,112,112
msg,1,94,546,17175,723,112,112
msg,1,95,569,5528,718,112,112
msg,1,96,564,6236,725,112,112
msg,1,97,568,8341,715,112,112
msg,1,98,537,17365,698,112,112
msg,1,99,550,6805,721,112,112
msg,1,100,567,5568,714,112,112
msg,1,101,572,5706,715,112,112
msg,1,102,574,5727,693,112,112
msg,1,103,551,5632,693,112,112
msg,1,104,557,6002,720,112,112
msg,1,105,573,13628,717,112,112
msg,1,106,574,10957,711,112,112
msg,1,107,544,5658,720,112,112
msg,1,108,574,18515,713,112,112
msg,1,109,572,9655,716,112,112
msg,1,110,569,5461,721,112,112
msg,1,111,581,5495,725,112,112
msg,1,112,601,6029,714,112,112
msg,1,113,550,5881,724,112,112
msg,1,114,580,5644,694,112,112
msg,1,115,579,12807,709,112,112
msg,1,116,545,10526,719,112,112
msg,1,117,546,6157,714,112,112
msg,1,118,572,9973,718,112,112
msg,1,119,544,10716,724,112,112
msg,1,120,580,6934,695,112,112
msg,1,121,549,6255,719,112,112
msg,1,122,571,5500,715,112,112
msg,1,123,568,5445,715,112,112
msg,1,124,568,5905,692,112,112
msg,1,125,549,5433,695,112,112
msg,1,126,557,12756,715,112,112
msg,1,127,541,5730,720,112,112
msg,1,128,573,6831,691,112,112
msg,1,129,573,5611,697,112,112
msg,1,130,548,19789,717,112,112
msg,1,131,553,5635,716,112,112
msg,1,132,580,5358,710,112,112
msg,1,133,544,20893,719,112,112
msg,1,134,585,20020,713,112,112
msg,1,135,545,5635,711,112,112
msg,1,136,548,6988,712,112,112
msg,1,137,576,5856,716,112,112
msg,1,138,541,19069,720,112,112
msg,1,139,573,7070,719,112,112
msg,1,140,549,8419,716,112,112
msg,1,141,542,8496,714,112,112
msg,1,142,540,6299,698,112,112
msg,1,143,556,6318,697,112,112
msg,1,144,545,15936,712,112,112
msg,1,145,570,7174,695,112,112
msg,1,146,552,5863,716,112,112
msg,1,147,571,5932,718,112,112
msg,1,148,575,15616,688,112,112
msg,1,149,543,6297,712,112,112
msg,1,150,579,5652,696,112,112
msg,1,151,549,6473,693,112,112
msg,1,152,582,5409,717,112,112
msg,1,153,573,5629,1273,112,112
msg,1,154,580,19380,719,112,112
msg,1,155,571,5826,720,112,112
msg,1,156,573,6286,857,112,112
msg,1,157,576,8593,721,112,112
msg,1,158,563,17201,714,112,112
msg,1,159,580,5522,723,112,112
msg,1,160,569,5661,714,112,112
msg,1,161,567,5682,698,112,112
msg,1,162,552,5501,696,112,112
msg,1,163,547,5556,697,112,112
msg,1,164,547,21009,720,112,112
msg,1,165,577,5780,715,112,112
msg,1,166,571,5830,717,112,112
msg,1,167,548,5397,692,112,112
msg,1,168,548,17910,721,112,112
msg,1,169,570,7610,729,112,112
msg,1,170,568,9388,716,112,112
msg,1,171,575,7420,724,112,112
msg,1,172,569,5722,716,112,112
msg,1,173,567,5445,721,112,112
msg,1,174,571,19332,720,112,112
msg,1,175,573,7192,719,112,112
msg,1,176,543,5533,714,112,112
msg,1,177,543,35450,716,112,112
msg,1,178,543,8458,698,112,112
msg,1,179,542,5779,721,112,112
msg,1,180,567,5695,721,112,112
msg,1,181,571,5510,725,112,112
msg,1,182,576,16799,694,112,112
msg,1,183,556,7757,715,112,112
msg,1,184,550,5974,722,112,112
msg,1,185,577,19420,724,112,112
msg,1,186,569,10268,719,112,112
msg,1,187,573,9015,698,112,112
msg,1,188,547,6355,718,112,112
msg,1,189,583,6153,717,112,112
msg,1,190,577,5600,718,112,112
msg,1,191,573,18139,710,112,112
msg,1,192,542,7696,726,112,112
msg,1,193,575,6174,709,112,112
msg,1,194,546,19112,716,112,112
msg,1,195,571,7782,694,112,112
msg,1,196,542,5601,687,112,112
msg,1,197,550,5928,719,112,112
msg,1,198,569,5526,722,112,112
msg,1,199,573,5847,691,112,112
whole,1,439.887,2488.598,200
2,19.3860,400.3660,17.1530,436.9050,1393,13474,45,568,2,12,3,18,165780,66575.0,72446.0,154255.0,0.0,2,2,2,0
msg,2,0,731,5728,717,112,112
msg,2,1,571,20993,718,112,112
msg,2,2,547,7290,694,112,112
msg,2,3,549,8087,727,112,112
msg,2,4,568,5659,716,112,112
msg,2,5,573,6053,723,112,112
msg,2,6,574,5447,713,112,112
msg,2,7,568,16593,719,112,112
msg,2,8,569,8997,697,112,112
msg,2,9,549,6539,690,112,112
msg,2,10,547,18661,715,112,112
msg,2,11,543,8668,713,112,112
msg,2,12,570,6119,696,112,112
msg,2,13,549,5389,696,112,112
msg,2,14,579,5844,715,112,112
msg,2,15,545,6599,713,112,112
msg,2,16,543,19246,696,112,112
msg,2,17,546,5632,720,112,112
msg,2,18,541,5559,718,112,112
msg,2,19,539,5363,696,112,112
msg,2,20,546,18074,721,112,112
msg,2,21,569,7861,695,112,112
msg,2,22,546,6859,720,112,112
msg,2,23,578,5760,724,112,112
msg,2,24,565,5411,723,112,112
msg,2,25,576,6167,714,112,112
msg,2,26,546,5923,711,112,112
msg,2,27,580,15577,720,112,112
msg,2,28,566,8788,697,112,112
msg,2,29,553,5814,712,112,112
msg,2,30,574,18900,718,112,112
msg,2,31,571,8063,720,112,112
msg,2,32,573,5540,716,112,112
msg,2,33,571,5857,695,112,112
msg,2,34,573,5674,692,112,112
msg,2,35,546,7724,717,112,112
msg,2,36,544,19507,710,112,112
msg,2,37,547,5742,719,112,112
msg,2,38,578,5889,695,112,112
msg,2,39,569,5523,692,112,112
msg,2,40,573,18781,714,112,112
msg,2,41,550,7286,694,112,112
msg,2,42,550,5519,696,112,112
msg,2,43,549,5993,717,112,112
msg,2,44,566,6165,697,112,112
msg,2,45,551,5554,714,112,112
msg,2,46,555,6058,716,112,112
msg,2,47,574,16536,714,112,112
msg,2,48,576,7595,696,112,112
msg,2,49,547,5638,693,112,112
msg,2,50,548,19431,696,112,112
msg,2,51,546,8057,719,112,112
msg,2,52,570,5375,719,112,112
msg,2,53,568,12888,718,112,112
msg,2,54,572,6873,715,112,112
msg,2,55,550,34310,697,112,112
msg,2,56,556,11682,713,112,112
msg,2,57,545,28588,712,112,112
msg,2,58,544,5738,721,112,112
msg,2,59,573,5613,718,112,112
msg,2,60,577,7095,839,112,112
msg,2,61,581,5872,714,112,112
msg,2,62,571,17065,716,112,112
msg,2,63,575,6452,717,112,112
msg,2,64,576,5617,716,112,112
msg,2,65,572,5760,722,112,112
msg,2,66,580,16354,723,112,112
msg,2,67,573,5717,692,112,112
msg,2,68,567,5608,695,112,112
msg,2,69,547,5551,699,112,112
msg,2,70,541,5427,696,112,112
msg,2,71,547,6522,697,112,112
msg,2,72,547,5611,696,112,112
msg,2,73,551,13561,694,112,112
msg,2,74,560,5566,718,112,112
msg,2,75,554,5680,720,112,112
msg,2,76,575,5748,714,112,112
msg,2,77,568,17492,713,112,112
msg,2,78,572,6353,717,112,112
msg,2,79,576,5659,719,112,112
msg,2,80,567,6799,692,112,112
msg,2,81,547,7183,718,112,112
msg,2,82,572,5638,695,112,112
msg,2,83,551,20707,692,112,112
msg,2,84,554,6208,715,112,112
msg,2,85,576,5833,718,112,112
msg,2,86,545,5573,711,112,112
msg,2,87,552,17159,692,112,112
msg,2,88,569,5721,690,112,112
msg,2,89,551,5470,698,112,112
msg,2,90,549,7243,719,112,112
msg,2,91,567,5359,720,112,112
msg,2,92,578,5563,709,112,112
msg,2,93,572,5758,695,112,112
msg,2,94,548,19713,713,112,112
msg,2,95,540,6868,722,112,112
msg,2,96,577,6172,713,112,112
msg,2,97,544,19125,696,112,112
msg,2,98,553,6624,695,112,112
msg,2,99,553,5917,718,112,112
msg,2,100,579,6405,715,112,112
msg,2,101,566,7072,695,112,112
msg,2,102,546,6362,719,112,112
msg,2,103,570,5912,719,112,112
msg,2,104,543,16273,694,112,112
msg,2,105,545,6799,716,112,112
msg,2,106,548,5719,720,112,112
msg,2,107,568,5572,805,112,112
msg,2,108,575,12893,698,112,112
msg,2,109,545,8228,723,112,112
msg,2,110,573,6090,719,112,112
msg,2,111,578,6637,806,112,112
msg,2,112,673,6939,718,112,112
msg,2,113,551,6601,712,112,112
msg,2,114,574,17703,720,112,112
msg,2,115,578,6735,719,112,112
msg,2,116,577,5440,716,112,112
msg,2,117,569,5849,707,112,112
msg,2,118,555,19231,688,112,112
msg,2,119,570,5924,712,112,112
msg,2,120,545,7161,693,112,112
msg,2,121,542,6105,727,112,112
msg,2,122,572,6208,709,112,112
msg,2,123,549,6346,701,112,112
msg,2,124,546,17932,720,112,112
msg,2,125,567,6928,695,112,112
msg,2,126,548,5841,793,112,112
msg,2,127,573,6255,696,112,112
msg,2,128,559,19790,726,112,112
msg,2,129,570,8449,722,112,112
msg,2,130,657,8923,699,112,112
msg,2,131,554,6695,698,112,112
msg,2,132,560,6283,695,112,112
msg,2,133,577,19357,719,112,112
msg,2,134,586,5699,698,112,112
msg,2,135,546,8263,717,112,112
msg,2,136,573,6076,719,112,112
msg,2,137,574,17370,713,112,112
msg,2,138,543,5720,718,112,112
msg,2,139,573,5466,711,112,112
msg,2,140,570,5565,721,112,112
msg,2,141,572,5907,696,112,112
msg,2,142,543,6583,793,112,112
msg,2,143,546,5828,722,112,112
msg,2,144,572,15544,726,112,112
msg,2,145,575,6629,715,112,112
msg,2,146,572,5390,804,112,112
msg,2,147,585,5737,696,112,112
msg,2,148,541,14085,806,112,112
msg,2,149,573,8635,715,112,112
msg,2,150,575,5399,836,112,112
msg,2,151,574,5444,715,112,112
msg,2,152,566,5894,713,112,112
msg,2,153,544,5534,717,112,112
msg,2,154,545,5426,709,112,112
msg,2,155,546,14479,695,112,112
msg,2,156,549,5739,711,112,112
msg,2,157,572,5687,797,112,112
msg,2,158,572,6734,693,112,112
msg,2,159,580,16293,724,112,112
msg,2,160,572,9263,711,112,112
msg,2,161,583,5862,714,112,112
msg,2,162,572,5450,716,112,112
msg,2,163,577,5614,694,112,112
msg,2,164,545,6115,716,112,112
msg,2,165,565,5747,716,112,112
msg,2,166,573,15392,715,112,112
msg,2,167,586,7984,717,112,112
msg,2,168,630,5660,714,112,112
msg,2,169,569,5548,723,112,112
msg,2,170,568,15602,722,112,112
msg,2,171,568,5522,724,112,112
msg,2,172,569,5844,691,112,112
msg,2,173,545,5806,717,112,112
msg,2,174,1129,5692,700,112,112
msg,2,175,550,5941,722,112,112
msg,2,176,567,5945,697,112,112
msg,2,177,554,16416,695,112,112
msg,2,178,636,7874,721,112,112
msg,2,179,570,5619,717,112,112
msg,2,180,571,19078,696,112,112
msg,2,181,548,6272,689,112,112
msg,2,182,578,7845,721,112,112
msg,2,183,543,6032,718,112,112
msg,2,184,570,5715,694,112,112
msg,2,185,544,5536,696,112,112
msg,2,186,549,21162,723,112,112
msg,2,187,575,6611,802,112,112
msg,2,188,573,6308,718,112,112
msg,2,189,582,5477,720,112,112
msg,2,190,575,19530,718,112,112
msg,2,191,570,6539,723,112,112
msg,2,192,577,6840,720,112,112
msg,2,193,542,5763,802,112,112
msg,2,194,582,5547,719,112,112
msg,2,195,567,6502,719,112,112
msg,2,196,566,17328,716,112,112
msg,2,197,584,5834,712,112,112
msg,2,198,572,6633,702,112,112
msg,2,199,549,6048,721,112,112
whole,2,450.524,2497.768,200
#heap 41059
#stack 3296
#end
#block pipeline mTLS lorawan11 up
#aead LoRaWAN-1.1 AES-128-CTR+2xCMAC (BearSSL (arduino-pico)), uplink, 51 B payload + 13 B overhead
#lib wolfSSL 5.9.4
iter,tcp_ms,tls_ms,mqtt_ms,total_ms,hs_tx_B,hs_rx_B,mqtt_tx_B,mqtt_rx_B,hs_writes,hs_reads,writes,reads,free_heap_B,hs_keygen_us,hs_derive_us,hs_verify_us,hs_sign_us,hs_keygen_n,hs_derive_n,hs_verify_n,hs_sign_n
msg,iter,idx,seal_us,rtt_us,open_us,tx_B,rx_B
whole,iter,first_ms,all_ms,msgs
#suite TLS13-AES256-GCM-SHA384
0,6.3750,1545.7280,52.9500,1605.0530,13584,13644,45,15576,4,14,5,20,153244,66620.0,72180.0,154557.0,1013189.0,2,2,2,1
msg,0,0,853,6889,822,112,112
msg,0,1,674,5586,845,112,112
msg,0,2,693,5574,845,112,112
msg,0,3,702,5524,817,112,112
msg,0,4,666,5519,841,112,112
msg,0,5,691,5736,851,112,112
msg,0,6,696,13353,848,112,112
msg,0,7,673,8322,824,112,112
msg,0,8,669,6623,840,112,112
msg,0,9,696,20117,843,112,112
msg,0,10,698,8628,847,112,112
msg,0,11,697,5508,848,112,112
msg,0,12,677,5595,846,112,112
msg,0,13,699,5667,931,112,112
msg,0,14,692,5471,816,112,112
msg,0,15,669,5389,841,112,112
msg,0,16,670,15948,849,112,112
msg,0,17,665,6120,927,112,112
msg,0,18,695,5462,817,112,112
msg,0,19,669,5487,843,112,112
msg,0,20,701,16191,839,112,112
msg,0,21,703,9305,842,112,112
msg,0,22,692,7778,843,112,112
msg,0,23,675,5987,846,112,112
msg,0,24,704,5417,843,112,112
msg,0,25,694,5543,821,112,112
msg,0,26,675,16831,848,112,112
msg,0,27,695,6661,822,112,112
msg,0,28,787,5386,847,112,112
msg,0,29,695,20244,845,112,112
msg,0,30,697,7931,820,112,112
msg,0,31,669,5401,839,112,112
msg,0,32,696,7216,991,112,112
msg,0,33,705,5398,848,112,112
msg,0,34,701,6691,822,112,112
msg,0,35,672,17971,849,112,112
msg,0,36,699,5891,847,112,112
msg,0,37,692,6830,822,112,112
msg,0,38,671,6737,923,112,112
msg,0,39,801,17017,840,112,112
msg,0,40,703,6408,847,112,112
msg,0,41,700,6286,849,112,112
msg,0,42,699,5498,838,112,112
msg,0,43,671,5504,840,112,112
msg,0,44,691,6747,847,112,112
msg,0,45,698,17337,849,112,112
msg,0,46,694,5632,842,112,112
msg,0,47,692,5772,845,112,112
msg,0,48,696,5748,845,112,112
msg,0,49,848,19422,846,112,112
msg,0,50,700,5970,835,112,112
msg,0,51,695,6859,823,112,112
msg,0,52,671,5646,846,112,112
msg,0,53,693,5827,826,112,112
msg,0,54,671,7311,824,112,112
msg,0,55,667,16570,835,112,112
msg,0,56,696,9753,847,112,112
msg,0,57,697,5825,846,112,112
msg,0,58,699,20811,828,112,112
msg,0,59,670,8337,821,112,112
msg,0,60,674,10179,824,112,112
msg,0,61,671,5913,843,112,112
msg,0,62,699,6440,842,112,112
msg,0,63,761,20419,843,112,112
msg,0,64,671,5538,842,112,112
msg,0,65,699,6040,843,112,112
msg,0,66,695,5944,824,112,112
msg,0,67,670,18950,844,112,112
msg,0,68,695,5424,842,112,112
msg,0,69,695,5391,818,112,112
msg,0,70,766,5605,846,112,112
msg,0,71,704,5437,849,112,112
msg,0,72,695,5790,840,112,112
msg,0,73,703,6038,825,112,112
msg,0,74,671,16039,846,112,112
msg,0,75,698,6741,837,112,112
msg,0,76,700,5394,842,112,112
msg,0,77,694,5370,851,112,112
msg,0,78,695,15697,823,112,112
msg,0,79,670,5664,839,112,112
msg,0,80,712,7130,840,112,112
msg,0,81,695,5493,847,112,112
msg,0,82,696,5779,923,112,112
msg,0,83,704,6997,825,112,112
msg,0,84,671,24843,845,112,112
msg,0,85,695,9478,849,112,112
msg,0,86,676,11576,850,112,112
msg,0,87,772,40075,840,112,112
msg,0,88,672,6775,845,112,112
msg,0,89,696,17265,849,112,112
msg,0,90,696,5703,846,112,112
msg,0,91,667,5556,842,112,112
msg,0,92,699,5604,842,112,112
msg,0,93,696,20199,852,112,112
msg,0,94,779,5788,846,112,112
msg,0,95,699,6518,847,112,112
msg,0,96,693,6349,843,112,112
msg,0,97,671,5532,838,112,112
msg,0,98,678,6398,844,112,112
msg,0,99,693,19656,927,112,112
msg,0,100,687,6568,836,112,112
msg,0,101,667,5875,846,112,112
msg,0,102,692,5765,847,112,112
msg,0,103,708,14291,837,112,112
msg,0,104,698,8688,847,112,112
msg,0,105,696,7134,849,112,112
msg,0,106,706,9122,851,112,112
msg,0,107,696,5458,843,112,112
msg,0,108,695,5477,821,112,112
msg,0,109,671,15959,848,112,112
msg,0,110,698,6946,841,112,112
msg,0,111,695,5667,845,112,112
msg,0,112,670,5801,917,112,112
msg,0,113,694,13269,844,112,112
msg,0,114,699,7958,841,112,112
msg,0,115,703,5400,843,112,112
msg,0,116,696,6902,844,112,112
msg,0,117,709,5543,846,112,112
msg,0,118,692,6784,821,112,112
msg,0,119,672,17329,836,112,112
msg,0,120,671,6204,822,112,112
msg,0,121,670,5712,845,112,112
msg,0,122,699,5884,839,112,112
msg,0,123,786,19437,847,112,112
msg,0,124,696,6397,843,112,112
msg,0,125,703,6979,842,112,112
msg,0,126,706,8468,848,112,112
msg,0,127,690,5332,853,112,112
msg,0,128,689,5453,823,112,112
msg,0,129,678,14775,848,112,112
msg,0,130,782,10094,843,112,112
msg,0,131,697,5718,845,112,112
msg,0,132,680,19200,844,112,112
msg,0,133,677,8590,844,112,112
msg,0,134,695,7029,820,112,112
msg,0,135,669,5943,853,112,112
msg,0,136,705,6014,847,112,112
msg,0,137,696,5958,844,112,112
msg,0,138,697,17563,848,112,112
msg,0,139,696,5832,845,112,112
msg,0,140,698,5922,842,112,112
msg,0,141,674,6389,821,112,112
msg,0,142,671,35790,845,112,112
msg,0,143,695,7503,843,112,112
msg,0,144,692,7444,819,112,112
msg,0,145,674,5700,850,112,112
msg,0,146,697,16393,847,112,112
msg,0,147,694,7185,846,112,112
msg,0,148,696,5380,847,112,112
msg,0,149,691,5336,843,112,112
msg,0,150,671,15417,818,112,112
msg,0,151,674,7468,844,112,112
msg,0,152,698,5646,841,112,112
msg,0,153,705,5728,840,112,112
msg,0,154,671,7813,932,112,112
msg,0,155,705,5445,822,112,112
msg,0,156,670,18654,841,112,112
msg,0,157,697,6621,841,112,112
msg,0,158,699,6350,845,112,112
msg,0,159,673,5371,825,112,112
msg,0,160,675,12668,841,112,112
msg,0,161,688,10328,844,112,112
msg,0,162,699,9012,841,112,112
msg,0,163,691,7144,846,112,112
msg,0,164,691,5736,855,112,112
msg,0,165,694,5641,839,112,112
msg,0,166,669,15788,851,112,112
msg,0,167,698,8045,931,112,112
msg,0,168,698,5808,843,112,112
msg,0,169,695,18692,849,112,112
msg,0,170,699,8158,847,112,112
msg,0,171,701,5630,820,112,112
msg,0,172,670,7622,847,112,112
msg,0,173,701,8279,847,112,112
msg,0,174,695,5791,821,112,112
msg,0,175,673,18586,846,112,112
msg,0,176,700,6289,848,112,112
msg,0,177,700,6846,825,112,112
msg,0,178,674,19042,845,112,112
msg,0,179,664,13027,848,112,112
msg,0,180,706,6395,845,112,112
msg,0,181,693,6886,843,112,112
msg,0,182,691,7065,848,112,112
msg,0,183,698,19061,843,112,112
msg,0,184,668,8772,846,112,112
msg,0,185,695,5793,840,112,112
msg,0,186,697,5757,845,112,112
msg,0,187,699,16597,833,112,112
msg,0,188,674,6109,824,112,112
msg,0,189,674,6414,821,112,112
msg,0,190,677,7771,847,112,112
msg,0,191,697,6304,846,112,112
msg,0,192,693,5630,820,112,112
msg,0,193,676,19808,850,112,112
msg,0,194,784,5796,848,112,112
msg,0,195,693,7067,833,112,112
msg,0,196,674,18288,841,112,112
msg,0,197,667,7917,845,112,112
msg,0,198,703,5641,834,112,112
msg,0,199,700,7330,835,112,112
whole,0,1631.406,3798.245,200
1,5.3850,787.6680,56.1970,849.2500,13584,13644,45,15576,4,14,5,21,153244,66597.0,72055.0,154262.0,259436.0,2,2,2,1
msg,1,0,857,5635,916,112,112
msg,1,1,708,6294,847,112,112
msg,1,2,709,15527,844,112,112
msg,1,3,690,6287,846,112,112
msg,1,4,671,8843,846,112,112
msg,1,5,698,8893,842,112,112
msg,1,6,669,5757,851,112,112
msg,1,7,697,5336,845,112,112
msg,1,8,692,17161,851,112,112
msg,1,9,709,6193,846,112,112
msg,1,10,709,5541,818,112,112
msg,1,11,667,20016,931,112,112
msg,1,12,701,7197,844,112,112
msg,1,13,693,5381,845,112,112
msg,1,14,671,5674,849,112,112
msg,1,15,697,5856,823,112,112
msg,1,16,669,5835,848,112,112
msg,1,17,787,5371,843,112,112
msg,1,18,698,15624,848,112,112
msg,1,19,700,7714,845,112,112
msg,1,20,705,5646,843,112,112
msg,1,21,671,19906,846,112,112
msg,1,22,705,7661,836,112,112
msg,1,23,693,7619,848,112,112
msg,1,24,706,5649,822,112,112
msg,1,25,676,5372,833,112,112
msg,1,26,670,6523,843,112,112
msg,1,27,702,17608,847,112,112
msg,1,28,702,10631,841,112,112
msg,1,29,711,6110,820,112,112
msg,1,30,673,18634,842,112,112
msg,1,31,696,7896,841,112,112
msg,1,32,685,5653,850,112,112
msg,1,33,700,5975,844,112,112
msg,1,34,694,5559,842,112,112
msg,1,35,697,5689,824,112,112
msg,1,36,682,5879,842,112,112
msg,1,37,699,15961,836,112,112
msg,1,38,697,7843,823,112,112
msg,1,39,755,5746,853,112,112
msg,1,40,701,18226,844,112,112
msg,1,41,696,8557,840,112,112
msg,1,42,669,6114,846,112,112
msg,1,43,695,6066,852,112,112
msg,1,44,1251,5676,854,112,112
msg,1,45,696,6416,846,112,112
msg,1,46,695,17563,843,112,112
msg,1,47,669,5733,850,112,112
msg,1,48,694,5617,818,112,112
msg,1,49,673,7199,824,112,112
msg,1,50,667,18129,844,112,112
msg,1,51,666,5433,981,112,112
msg,1,52,697,5641,849,112,112
msg,1,53,712,6826,843,112,112
msg,1,54,695,6194,847,112,112
msg,1,55,698,6282,846,112,112
msg,1,56,698,17458,842,112,112
msg,1,57,696,5325,851,112,112
msg,1,58,692,6353,850,112,112
msg,1,59,698,7575,820,112,112
msg,1,60,674,17225,819,112,112
msg,1,61,674,5672,844,112,112
msg,1,62,693,6094,840,112,112
msg,1,63,704,6020,821,112,112
msg,1,64,670,6547,845,112,112
msg,1,65,694,5858,823,112,112
msg,1,66,667,17689,847,112,112
msg,1,67,697,8295,850,112,112
msg,1,68,740,7867,851,112,112
msg,1,69,698,18299,851,112,112
msg,1,70,695,7973,845,112,112
msg,1,71,693,8180,848,112,112
msg,1,72,694,5803,819,112,112
msg,1,73,672,5555,845,112,112
msg,1,74,696,6157,840,112,112
msg,1,75,694,17500,855,112,112
msg,1,76,694,5498,842,112,112
msg,1,77,700,5791,842,112,112
msg,1,78,697,5645,851,112,112
msg,1,79,779,19101,930,112,112
msg,1,80,768,5695,844,112,112
msg,1,81,701,5793,826,112,112
msg,1,82,670,7181,844,112,112
msg,1,83,673,5997,855,112,112
msg,1,84,698,5993,850,112,112
msg,1,85,787,17386,847,112,112
msg,1,86,705,6332,845,112,112
msg,1,87,693,6830,842,112,112
msg,1,88,700,5451,852,112,112
msg,1,89,699,18437,844,112,112
msg,1,90,671,6873,848,112,112
msg,1,91,692,5596,842,112,112
msg,1,92,666,5577,845,112,112
msg,1,93,691,6215,921,112,112
msg,1,94,695,5853,844,112,112
msg,1,95,669,17135,840,112,112
msg,1,96,688,5487,818,112,112
msg,1,97,664,5572,842,112,112
msg,1,98,693,5587,849,112,112
msg,1,99,692,17526,823,112,112
msg,1,100,672,9281,817,112,112
msg,1,101,681,6066,922,112,112
msg,1,102,672,5445,824,112,112
msg,1,103,669,5468,841,112,112
msg,1,104,698,6582,846,112,112
msg,1,105,694,28666,1154,112,112
msg,1,106,705,5858,825,112,112
msg,1,107,668,5546,844,112,112
msg,1,108,694,15871,820,112,112
msg,1,109,670,5608,841,112,112
msg,1,110,693,9274,837,112,112
msg,1,111,697,5505,847,112,112
msg,1,112,698,5434,927,112,112
msg,1,113,673,5420,821,112,112
msg,1,114,678,22894,850,112,112
msg,1,115,702,5480,824,112,112
msg,1,116,676,5502,849,112,112
msg,1,117,697,17911,847,112,112
msg,1,118,674,9071,841,112,112
msg,1,119,694,5542,823,112,112
msg,1,120,668,7532,839,112,112
msg,1,121,695,5972,823,112,112
msg,1,122,677,5340,838,112,112
msg,1,123,669,17460,844,112,112
msg,1,124,703,5633,841,112,112
msg,1,125,691,6123,849,112,112
msg,1,126,697,6156,843,112,112
msg,1,127,700,31767,824,112,112
msg,1,128,673,7956,852,112,112
msg,1,129,692,5872,842,112,112
msg,1,130,694,7101,843,112,112
msg,1,131,695,21085,840,112,112
msg,1,132,670,6872,844,112,112
msg,1,133,689,5546,823,112,112
msg,1,134,670,19699,848,112,112
msg,1,135,699,7607,845,112,112
msg,1,136,674,5995,841,112,112
msg,1,137,692,5890,838,112,112
msg,1,138,691,5387,839,112,112
msg,1,139,706,5554,851,112,112
msg,1,140,694,20087,843,112,112
msg,1,141,697,10893,845,112,112
msg,1,142,695,9416,847,112,112
msg,1,143,698,18530,845,112,112
msg,1,144,693,5954,848,112,112
msg,1,145,696,6435,844,112,112
msg,1,146,696,5634,927,112,112
msg,1,147,697,5378,839,112,112
msg,1,148,694,6181,842,112,112
msg,1,149,697,29492,846,112,112
msg,1,150,697,6508,846,112,112
msg,1,151,671,9789,837,112,112
msg,1,152,690,10963,843,112,112
msg,1,153,700,6124,837,112,112
msg,1,154,680,11904,847,112,112
msg,1,155,692,5781,843,112,112
msg,1,156,693,5841,843,112,112
msg,1,157,671,23107,846,112,112
msg,1,158,706,6127,844,112,112
msg,1,159,693,6974,843,112,112
msg,1,160,695,18946,843,112,112
msg,1,161,663,7622,847,112,112
msg,1,162,699,5460,854,112,112
msg,1,163,695,6119,841,112,112
msg,1,164,700,5434,842,112,112
msg,1,165,683,5389,823,112,112
msg,1,166,671,6076,848,112,112
msg,1,167,703,12942,848,112,112
msg,1,168,699,8673,826,112,112
msg,1,169,672,5439,841,112,112
msg,1,170,779,5472,850,112,112
msg,1,171,695,44071,841,112,112
msg,1,172,704,5903,820,112,112
msg,1,173,668,5710,844,112,112
msg,1,174,696,27964,844,112,112
msg,1,175,667,5685,841,112,112
msg,1,176,698,17829,845,112,112
msg,1,177,701,8673,849,112,112
msg,1,178,703,5730,843,112,112
msg,1,179,694,5531,847,112,112
msg,1,180,695,7120,845,112,112
msg,1,181,703,6470,850,112,112
msg,1,182,696,17218,849,112,112
msg,1,183,694,5397,846,112,112
msg,1,184,672,6599,968,112,112
msg,1,185,714,5519,850,112,112
msg,1,186,696,18842,842,112,112
msg,1,187,697,5308,843,112,112
msg,1,188,691,5491,845,112,112
msg,1,189,696,5462,839,112,112
msg,1,190,693,7856,929,112,112
msg,1,191,700,8135,844,112,112
msg,1,192,691,15733,841,112,112
msg,1,193,665,5447,841,112,112
msg,1,194,680,5632,846,112,112
msg,1,195,704,6591,846,112,112
msg,1,196,672,18512,836,112,112
msg,1,197,672,6448,836,112,112
msg,1,198,788,5311,848,112,112
msg,1,199,695,7229,847,112,112
whole,1,866.595,3067.082,200
2,5.6340,1318.6360,51.7490,1376.0190,13584,13644,45,15576,4,14,5,20,153244,66360.0,73753.0,154664.0,790395.0,2,2,2,1
msg,2,0,853,15409,846,112,112
msg,2,1,703,5705,845,112,112
msg,2,2,662,5877,844,112,112
msg,2,3,705,5974,837,112,112
msg,2,4,697,5920,820,112,112
msg,2,5,665,6000,842,112,112
msg,2,6,693,5438,847,112,112
msg,2,7,668,16219,837,112,112
msg,2,8,669,7047,840,112,112
msg,2,9,700,5558,825,112,112
msg,2,10,667,5613,844,112,112
msg,2,11,696,16226,842,112,112
msg,2,12,691,6178,840,112,112
msg,2,13,701,5445,843,112,112
msg,2,14,703,5841,820,112,112
msg,2,15,668,6231,822,112,112
msg,2,16,669,7702,850,112,112
msg,2,17,697,16176,839,112,112
msg,2,18,703,8677,844,112,112
msg,2,19,670,5843,852,112,112
msg,2,20,697,20575,847,112,112
msg,2,21,669,7060,849,112,112
msg,2,22,697,6665,823,112,112
msg,2,23,668,7726,850,112,112
msg,2,24,696,6815,851,112,112
msg,2,25,672,6165,823,112,112
msg,2,26,676,20585,838,112,112
msg,2,27,700,7508,841,112,112
msg,2,28,696,5840,838,112,112
msg,2,29,696,17698,845,112,112
msg,2,30,704,6303,842,112,112
msg,2,31,695,5966,849,112,112
msg,2,32,693,6254,848,112,112
msg,2,33,694,10896,845,112,112
msg,2,34,690,5539,843,112,112
msg,2,35,704,19933,844,112,112
msg,2,36,701,5778,843,112,112
msg,2,37,673,5945,844,112,112
msg,2,38,699,5621,825,112,112
msg,2,39,672,17276,818,112,112
msg,2,40,672,6621,844,112,112
msg,2,41,694,8254,927,112,112
msg,2,42,707,6952,842,112,112
msg,2,43,697,5533,849,112,112
msg,2,44,699,5613,841,112,112
msg,2,45,669,16332,823,112,112
msg,2,46,669,8496,840,112,112
msg,2,47,693,7804,850,112,112
msg,2,48,694,19583,836,112,112
msg,2,49,670,7153,822,112,112
msg,2,50,673,8909,843,112,112
msg,2,51,690,5570,824,112,112
msg,2,52,670,7202,821,112,112
msg,2,53,671,5583,917,112,112
msg,2,54,696,17182,847,112,112
msg,2,55,700,5688,839,112,112
msg,2,56,669,5599,838,112,112
msg,2,57,692,19538,845,112,112
msg,2,58,704,8894,841,112,112
msg,2,59,695,7009,818,112,112
msg,2,60,672,8787,839,112,112
msg,2,61,691,5509,849,112,112
msg,2,62,698,5361,922,112,112
msg,2,63,676,20235,825,112,112
msg,2,64,675,5967,850,112,112
msg,2,65,701,5346,841,112,112
msg,2,66,694,19267,846,112,112
msg,2,67,786,9163,845,112,112
msg,2,68,674,9950,842,112,112
msg,2,69,697,7617,821,112,112
msg,2,70,670,5502,846,112,112
msg,2,71,692,20123,822,112,112
msg,2,72,766,5783,855,112,112
msg,2,73,695,6012,845,112,112
msg,2,74,702,5578,846,112,112
msg,2,75,695,19619,837,112,112
msg,2,76,695,6262,844,112,112
msg,2,77,705,8892,850,112,112
msg,2,78,681,7550,838,112,112
msg,2,79,700,6111,820,112,112
msg,2,80,671,5577,841,112,112
msg,2,81,699,15790,818,112,112
msg,2,82,670,8961,837,112,112
msg,2,83,696,5893,849,112,112
msg,2,84,697,18065,833,112,112
msg,2,85,670,8296,840,112,112
msg,2,86,695,5741,846,112,112
msg,2,87,707,5626,823,112,112
msg,2,88,685,6001,847,112,112
msg,2,89,694,5514,821,112,112
msg,2,90,667,5420,839,112,112
msg,2,91,708,15714,847,112,112
msg,2,92,697,6650,841,112,112
msg,2,93,669,5480,846,112,112
msg,2,94,695,5363,847,112,112
msg,2,95,703,16306,841,112,112
msg,2,96,694,6729,825,112,112
msg,2,97,671,9163,824,112,112
msg,2,98,667,5821,846,112,112
msg,2,99,690,5580,843,112,112
msg,2,100,673,5598,840,112,112
msg,2,101,697,17889,839,112,112
msg,2,102,674,7311,821,112,112
msg,2,103,683,7491,844,112,112
msg,2,104,696,17290,841,112,112
msg,2,105,696,5475,846,112,112
msg,2,106,706,5620,824,112,112
msg,2,107,673,6385,838,112,112
msg,2,108,673,7153,822,112,112
msg,2,109,679,5649,847,112,112
msg,2,110,708,5382,848,112,112
msg,2,111,693,13474,823,112,112
msg,2,112,675,5469,840,112,112
msg,2,113,668,7140,818,112,112
msg,2,114,679,6496,835,112,112
msg,2,115,692,17273,840,112,112
msg,2,116,695,5567,968,112,112
msg,2,117,697,5483,818,112,112
msg,2,118,667,49938,851,112,112
msg,2,119,701,6385,822,112,112
msg,2,120,672,5817,846,112,112
msg,2,121,698,18400,846,112,112
msg,2,122,702,5649,824,112,112
msg,2,123,668,5596,842,112,112
msg,2,124,701,6402,850,112,112
msg,2,125,698,6562,822,112,112
msg,2,126,664,7784,844,112,112
msg,2,127,697,16059,914,112,112
msg,2,128,708,5931,818,112,112
msg,2,129,668,5720,845,112,112
msg,2,130,696,5939,838,112,112
msg,2,131,696,20420,841,112,112
msg,2,132,713,5642,823,112,112
msg,2,133,672,5553,846,112,112
msg,2,134,697,7309,842,112,112
msg,2,135,699,5427,847,112,112
msg,2,136,696,5515,844,112,112
msg,2,137,672,20062,924,112,112
msg,2,138,693,6438,820,112,112
msg,2,139,668,6565,843,112,112
msg,2,140,691,9722,850,112,112
msg,2,141,698,11298,840,112,112
msg,2,142,694,5568,839,112,112
msg,2,143,671,5405,842,112,112
msg,2,144,710,6904,821,112,112
msg,2,145,671,6375,823,112,112
msg,2,146,678,5646,925,112,112
msg,2,147,694,16962,847,112,112
msg,2,148,697,5530,845,112,112
msg,2,149,704,5835,837,112,112
msg,2,150,693,5098,822,112,112
msg,2,151,670,17871,967,112,112
msg,2,152,701,8335,852,112,112
msg,2,153,668,6964,851,112,112
msg,2,154,696,6157,853,112,112
msg,2,155,695,5861,838,112,112
msg,2,156,691,6188,844,112,112
msg,2,157,696,16728,853,112,112
msg,2,158,697,10936,843,112,112
msg,2,159,698,5862,821,112,112
msg,2,160,671,18424,839,112,112
msg,2,161,699,8182,842,112,112
msg,2,162,696,5426,846,112,112
msg,2,163,786,7496,845,112,112
msg,2,164,698,6892,829,112,112
msg,2,165,695,6121,841,112,112
msg,2,166,696,19394,845,112,112
msg,2,167,698,6874,821,112,112
msg,2,168,677,5658,848,112,112
msg,2,169,697,10941,841,112,112
msg,2,170,694,10627,838,112,112
msg,2,171,707,6090,850,112,112
msg,2,172,698,6735,821,112,112
msg,2,173,671,5450,844,112,112
msg,2,174,698,5474,846,112,112
msg,2,175,693,8514,855,112,112
msg,2,176,700,15805,843,112,112
msg,2,177,707,8002,824,112,112
msg,2,178,673,5432,839,112,112
msg,2,179,700,5964,825,112,112
msg,2,180,675,16457,845,112,112
msg,2,181,696,5560,850,112,112
msg,2,182,694,5383,852,112,112
msg,2,183,698,5659,838,112,112
msg,2,184,674,6209,824,112,112
msg,2,185,757,5670,844,112,112
msg,2,186,696,19487,845,112,112
msg,2,187,697,5608,841,112,112
msg,2,188,704,5754,849,112,112
msg,2,189,694,5834,845,112,112
msg,2,190,695,19937,824,112,112
msg,2,191,680,5484,920,112,112
msg,2,192,698,6856,819,112,112
msg,2,193,669,5450,837,112,112
msg,2,194,666,5942,843,112,112
msg,2,195,698,6166,849,112,112
msg,2,196,701,17444,825,112,112
msg,2,197,687,5596,845,112,112
msg,2,198,697,5390,846,112,112
msg,2,199,697,5419,853,112,112
whole,2,1399.708,3530.507,200
#heap 63472
#stack 3296
#end
#block pipeline mTLS lorawan11 down
#aead LoRaWAN-1.1 AES-128-CTR+2xCMAC (BearSSL (arduino-pico)), downlink, 51 B payload + 13 B overhead
#lib wolfSSL 5.9.4
iter,tcp_ms,tls_ms,mqtt_ms,total_ms,hs_tx_B,hs_rx_B,mqtt_tx_B,mqtt_rx_B,hs_writes,hs_reads,writes,reads,free_heap_B,hs_keygen_us,hs_derive_us,hs_verify_us,hs_sign_us,hs_keygen_n,hs_derive_n,hs_verify_n,hs_sign_n
msg,iter,idx,seal_us,rtt_us,open_us,tx_B,rx_B
whole,iter,first_ms,all_ms,msgs
#suite TLS13-AES256-GCM-SHA384
0,19.5600,884.4920,53.2650,957.3170,13584,13644,45,15576,4,14,5,20,153244,66549.0,75018.0,154171.0,348832.0,2,2,2,1
msg,0,0,570,5531,562,112,112
msg,0,1,412,6075,587,112,112
msg,0,2,410,19474,1074,112,112
msg,0,3,439,5728,585,112,112
msg,0,4,411,7411,559,112,112
msg,0,5,416,5558,557,112,112
msg,0,6,445,16480,580,112,112
msg,0,7,438,9928,564,112,112
msg,0,8,438,7210,579,112,112
msg,0,9,411,5614,562,112,112
msg,0,10,411,5749,558,112,112
msg,0,11,432,5805,594,112,112
msg,0,12,405,19750,583,112,112
msg,0,13,410,5863,582,112,112
msg,0,14,408,5932,583,112,112
msg,0,15,436,5562,585,112,112
msg,0,16,403,9140,581,112,112
msg,0,17,531,10984,560,112,112
msg,0,18,412,5768,565,112,112
msg,0,19,409,5718,557,112,112
msg,0,20,406,7498,576,112,112
msg,0,21,442,6347,582,112,112
msg,0,22,407,5529,559,112,112
msg,0,23,412,5775,563,112,112
msg,0,24,411,15709,562,112,112
msg,0,25,413,7474,659,112,112
msg,0,26,436,5731,582,112,112
msg,0,27,444,5619,585,112,112
msg,0,28,449,17108,562,112,112
msg,0,29,410,6249,592,112,112
msg,0,30,412,5719,586,112,112
msg,0,31,418,7995,586,112,112
msg,0,32,442,6850,582,112,112
msg,0,33,436,6424,588,112,112
msg,0,34,421,17729,585,112,112
msg,0,35,412,6131,580,112,112
msg,0,36,439,6611,583,112,112
msg,0,37,435,5543,584,112,112
msg,0,38,412,17607,582,112,112
msg,0,39,410,8362,567,112,112
msg,0,40,438,6463,587,112,112
msg,0,41,436,6438,574,112,112
msg,0,42,413,5976,585,112,112
msg,0,43,410,5788,579,112,112
msg,0,44,409,5836,582,112,112
msg,0,45,406,17526,582,112,112
msg,0,46,408,6964,588,112,112
msg,0,47,407,7879,590,112,112
msg,0,48,434,18498,581,112,112
msg,0,49,406,8706,562,112,112
msg,0,50,405,5841,583,112,112
msg,0,51,405,8182,579,112,112
msg,0,52,437,5858,582,112,112
msg,0,53,444,9267,581,112,112
msg,0,54,410,20109,594,112,112
msg,0,55,439,6435,582,112,112
msg,0,56,409,6130,586,112,112
msg,0,57,437,5685,582,112,112
msg,0,58,441,16480,667,112,112
msg,0,59,413,5978,585,112,112
msg,0,60,437,5699,586,112,112
msg,0,61,437,6478,590,112,112
msg,0,62,422,5743,584,112,112
msg,0,63,408,6745,584,112,112
msg,0,64,407,6470,563,112,112
msg,0,65,411,13052,665,112,112
msg,0,66,412,5814,582,112,112
msg,0,67,412,5755,585,112,112
msg,0,68,412,5638,700,112,112
msg,0,69,413,17832,588,112,112
msg,0,70,406,6126,585,112,112
msg,0,71,433,6408,581,112,112
msg,0,72,411,7689,581,112,112
msg,0,73,406,6336,561,112,112
msg,0,74,444,5830,561,112,112
msg,0,75,439,7100,582,112,112
msg,0,76,413,17085,586,112,112
msg,0,77,438,6808,583,112,112
msg,0,78,439,7052,564,112,112
msg,0,79,410,19649,563,112,112
msg,0,80,434,8420,586,112,112
msg,0,81,406,5530,583,112,112
msg,0,82,412,5761,577,112,112
msg,0,83,413,5483,558,112,112
msg,0,84,414,5551,583,112,112
msg,0,85,437,6947,563,112,112
msg,0,86,436,17689,561,112,112
msg,0,87,439,7514,583,112,112
msg,0,88,434,7732,591,112,112
msg,0,89,433,19370,580,112,112
msg,0,90,410,8262,581,112,112
msg,0,91,442,5705,577,112,112
msg,0,92,438,6112,562,112,112
msg,0,93,415,6681,563,112,112
msg,0,94,439,5962,563,112,112
msg,0,95,408,5511,565,112,112
msg,0,96,438,17145,582,112,112
msg,0,97,411,7752,563,112,112
msg,0,98,412,7833,585,112,112
msg,0,99,410,18770,582,112,112
msg,0,100,410,6228,578,112,112
msg,0,101,444,5633,591,112,112
msg,0,102,444,7521,583,112,112
msg,0,103,418,6471,563,112,112
msg,0,104,410,6300,596,112,112
msg,0,105,440,5500,581,112,112
msg,0,106,412,15240,561,112,112
msg,0,107,439,5676,585,112,112
msg,0,108,441,6384,592,112,112
msg,0,109,410,5742,590,112,112
msg,0,110,410,8419,556,112,112
msg,0,111,424,11542,559,112,112
msg,0,112,439,6371,586,112,112
msg,0,113,412,5601,586,112,112
msg,0,114,426,6264,562,112,112
msg,0,115,434,5751,563,112,112
msg,0,116,442,5669,580,112,112
msg,0,117,437,5643,583,112,112
msg,0,118,433,14364,560,112,112
msg,0,119,413,5877,590,112,112
msg,0,120,497,6374,560,112,112
msg,0,121,412,5608,560,112,112
msg,0,122,441,8088,561,112,112
msg,0,123,425,11684,561,112,112
msg,0,124,418,9710,562,112,112
msg,0,125,413,7345,585,112,112
msg,0,126,432,6428,580,112,112
msg,0,127,410,5747,584,112,112
msg,0,128,412,5686,561,112,112
msg,0,129,412,18787,559,112,112
msg,0,130,411,7848,583,112,112
msg,0,131,408,6844,588,112,112
msg,0,132,992,19051,663,112,112
msg,0,133,408,8424,562,112,112
msg,0,134,439,7729,557,112,112
msg,0,135,441,5550,583,112,112
msg,0,136,442,5755,584,112,112
msg,0,137,443,5554,586,112,112
msg,0,138,520,5509,588,112,112
msg,0,139,410,16521,558,112,112
msg,0,140,412,9950,584,112,112
msg,0,141,416,7092,591,112,112
msg,0,142,442,19929,587,112,112
msg,0,143,440,7030,561,112,112
msg,0,144,414,5640,563,112,112
msg,0,145,437,5670,557,112,112
msg,0,146,435,5465,585,112,112
msg,0,147,414,5777,584,112,112
msg,0,148,411,6299,560,112,112
msg,0,149,412,16754,562,112,112
msg,0,150,410,7524,586,112,112
msg,0,151,437,5491,585,112,112
msg,0,152,411,5475,563,112,112
msg,0,153,412,17384,561,112,112
msg,0,154,444,6399,590,112,112
msg,0,155,413,5405,562,112,112
msg,0,156,413,6017,583,112,112
msg,0,157,1004,5697,561,112,112
msg,0,158,435,5544,587,112,112
msg,0,159,434,5673,665,112,112
msg,0,160,434,14665,592,112,112
msg,0,161,440,9820,588,112,112
msg,0,162,434,7927,558,112,112
msg,0,163,437,18985,560,112,112
msg,0,164,412,8574,559,112,112
msg,0,165,437,5607,584,112,112
msg,0,166,435,6146,562,112,112
msg,0,167,413,6776,555,112,112
msg,0,168,417,7820,565,112,112
msg,0,169,416,19002,585,112,112
msg,0,170,409,10394,558,112,112
msg,0,171,444,8067,577,112,112
msg,0,172,421,22289,579,112,112
msg,0,173,432,5981,557,112,112
msg,0,174,443,7174,590,112,112
msg,0,175,410,5745,587,112,112
msg,0,176,414,5786,583,112,112
msg,0,177,411,5751,583,112,112
msg,0,178,410,5700,586,112,112
msg,0,179,410,15699,556,112,112
msg,0,180,412,7632,566,112,112
msg,0,181,409,7021,576,112,112
msg,0,182,411,19806,583,112,112
msg,0,183,407,10018,592,112,112
msg,0,184,440,6598,584,112,112
msg,0,185,407,7131,584,112,112
msg,0,186,451,9841,558,112,112
msg,0,187,433,5839,563,112,112
msg,0,188,414,14577,561,112,112
msg,0,189,448,6118,559,112,112
msg,0,190,410,5789,563,112,112
msg,0,191,408,5737,559,112,112
msg,0,192,415,8763,561,112,112
msg,0,193,411,11676,563,112,112
msg,0,194,412,6571,555,112,112
msg,0,195,445,5522,581,112,112
msg,0,196,447,6804,587,112,112
msg,0,197,443,5793,564,112,112
msg,0,198,440,5602,587,112,112
msg,0,199,439,19837,583,112,112
whole,0,971.264,2945.204,200
1,6.4740,674.8950,52.6400,734.0090,13584,13644,45,15576,4,14,5,20,153244,66588.0,71856.0,154307.0,132524.0,2,2,2,1
msg,1,0,569,6605,564,112,112
msg,1,1,410,5906,560,112,112
msg,1,2,418,5968,584,112,112
msg,1,3,415,7555,563,112,112
msg,1,4,417,5825,564,112,112
msg,1,5,414,6149,598,112,112
msg,1,6,434,15710,587,112,112
msg,1,7,409,7617,584,112,112
msg,1,8,418,5549,564,112,112
msg,1,9,415,21049,583,112,112
msg,1,10,407,8830,587,112,112
msg,1,11,411,5849,585,112,112
msg,1,12,442,6490,573,112,112
msg,1,13,420,6182,578,112,112
msg,1,14,437,5494,583,112,112
msg,1,15,410,5395,563,112,112
msg,1,16,413,17210,584,112,112
msg,1,17,411,7643,584,112,112
msg,1,18,410,5850,588,112,112
msg,1,19,407,5911,587,112,112
msg,1,20,431,13720,588,112,112
msg,1,21,408,9725,586,112,112
msg,1,22,408,10660,582,112,112
msg,1,23,407,7030,587,112,112
msg,1,24,450,6131,563,112,112
msg,1,25,408,5787,561,112,112
msg,1,26,410,15069,584,112,112
msg,1,27,408,5793,586,112,112
msg,1,28,408,5620,560,112,112
msg,1,29,413,5721,561,112,112
msg,1,30,411,18598,561,112,112
msg,1,31,436,8624,562,112,112
msg,1,32,447,5693,576,112,112
msg,1,33,438,7012,693,112,112
msg,1,34,415,6055,588,112,112
msg,1,35,409,5980,583,112,112
msg,1,36,438,5817,584,112,112
msg,1,37,448,15639,755,112,112
msg,1,38,442,8266,577,112,112
msg,1,39,411,5448,566,112,112
msg,1,40,408,5972,556,112,112
msg,1,41,408,16915,587,112,112
msg,1,42,414,6394,558,112,112
msg,1,43,448,5672,557,112,112
msg,1,44,438,5554,582,112,112
msg,1,45,435,5751,587,112,112
msg,1,46,444,6357,582,112,112
msg,1,47,414,5752,556,112,112
msg,1,48,413,14058,586,112,112
msg,1,49,406,5702,585,112,112
msg,1,50,405,6605,581,112,112
msg,1,51,414,6826,591,112,112
msg,1,52,419,19851,586,112,112
msg,1,53,409,6031,583,112,112
msg,1,54,439,5586,589,112,112
msg,1,55,411,6658,585,112,112
msg,1,56,407,5878,586,112,112
msg,1,57,413,6077,564,112,112
msg,1,58,440,5482,589,112,112
msg,1,59,408,16324,561,112,112
msg,1,60,411,7991,586,112,112
msg,1,61,407,5759,585,112,112
msg,1,62,408,5847,590,112,112
msg,1,63,410,16534,565,112,112
msg,1,64,416,9728,559,112,112
msg,1,65,416,7700,557,112,112
msg,1,66,412,6352,587,112,112
msg,1,67,437,5725,591,112,112
msg,1,68,528,5749,583,112,112
msg,1,69,440,15859,579,112,112
msg,1,70,442,5660,585,112,112
msg,1,71,438,6150,561,112,112
msg,1,72,409,5963,579,112,112
msg,1,73,415,8598,565,112,112
msg,1,74,413,11121,585,112,112
msg,1,75,412,5664,585,112,112
msg,1,76,404,5690,580,112,112
msg,1,77,415,6030,585,112,112
msg,1,78,410,5740,589,112,112
msg,1,79,412,5697,590,112,112
msg,1,80,410,7905,584,112,112
msg,1,81,411,16269,561,112,112
msg,1,82,409,7094,583,112,112
msg,1,83,414,7081,588,112,112
msg,1,84,440,20237,564,112,112
msg,1,85,415,9026,581,112,112
msg,1,86,407,8265,564,112,112
msg,1,87,438,5520,583,112,112
msg,1,88,438,5804,582,112,112
msg,1,89,439,7042,561,112,112
msg,1,90,409,17543,588,112,112
msg,1,91,434,5942,558,112,112
msg,1,92,438,5736,556,112,112
msg,1,93,437,6368,579,112,112
msg,1,94,409,17831,586,112,112
msg,1,95,432,5780,586,112,112
msg,1,96,435,5975,562,112,112
msg,1,97,438,7693,587,112,112
msg,1,98,429,6892,564,112,112
msg,1,99,438,5506,581,112,112
msg,1,100,436,5657,582,112,112
msg,1,101,437,17630,585,112,112
msg,1,102,405,8234,559,112,112
msg,1,103,441,5628,580,112,112
msg,1,104,436,5635,585,112,112
msg,1,105,433,17061,557,112,112
msg,1,106,442,6434,585,112,112
msg,1,107,429,11600,589,112,112
msg,1,108,411,6556,576,112,112
msg,1,109,406,5643,558,112,112
msg,1,110,411,5780,562,112,112
msg,1,111,419,19073,581,112,112
msg,1,112,410,9537,558,112,112
msg,1,113,414,6683,562,112,112
msg,1,114,416,19508,560,112,112
msg,1,115,448,7632,581,112,112
msg,1,116,431,6422,587,112,112
msg,1,117,408,6004,582,112,112
msg,1,118,447,5872,581,112,112
msg,1,119,436,5681,583,112,112
msg,1,120,441,19413,581,112,112
msg,1,121,405,5920,579,112,112
msg,1,122,412,5745,583,112,112
msg,1,123,417,5570,579,112,112
msg,1,124,408,18700,559,112,112
msg,1,125,418,9121,585,112,112
msg,1,126,413,7298,560,112,112
msg,1,127,406,5740,562,112,112
msg,1,128,413,5531,586,112,112
msg,1,129,435,5506,587,112,112
msg,1,130,410,6013,582,112,112
msg,1,131,442,20984,573,112,112
msg,1,132,409,6832,556,112,112
msg,1,133,410,5696,563,112,112
msg,1,134,440,17397,593,112,112
msg,1,135,584,7814,566,112,112
msg,1,136,438,5721,578,112,112
msg,1,137,430,5589,586,112,112
msg,1,138,445,6732,590,112,112
msg,1,139,442,5547,584,112,112
msg,1,140,406,6718,587,112,112
msg,1,141,409,16814,589,112,112
msg,1,142,410,8041,582,112,112
msg,1,143,432,6209,563,112,112
msg,1,144,414,20058,584,112,112
msg,1,145,405,8490,559,112,112
msg,1,146,420,7376,585,112,112
msg,1,147,446,10346,585,112,112
msg,1,148,407,5595,587,112,112
msg,1,149,407,5912,575,112,112
msg,1,150,407,19465,562,112,112
msg,1,151,411,7733,559,112,112
msg,1,152,409,6377,581,112,112
msg,1,153,439,19548,580,112,112
msg,1,154,406,5893,586,112,112
msg,1,155,440,6046,563,112,112
msg,1,156,441,7790,565,112,112
msg,1,157,451,5730,560,112,112
msg,1,158,445,6510,583,112,112
msg,1,159,439,21878,564,112,112
msg,1,160,452,6053,561,112,112
msg,1,161,409,6462,559,112,112
msg,1,162,442,5843,565,112,112
msg,1,163,439,17669,562,112,112
msg,1,164,436,6037,560,112,112
msg,1,165,413,6662,558,112,112
msg,1,166,409,6980,563,112,112
msg,1,167,410,9606,639,112,112
msg,1,168,416,8717,559,112,112
msg,1,169,407,16072,590,112,112
msg,1,170,410,5693,585,112,112
msg,1,171,410,5559,564,112,112
msg,1,172,408,5798,561,112,112
msg,1,173,408,9387,583,112,112
msg,1,174,578,10411,586,112,112
msg,1,175,415,5898,586,112,112
msg,1,176,436,5545,585,112,112
msg,1,177,424,5692,584,112,112
msg,1,178,411,6969,660,112,112
msg,1,179,434,6076,564,112,112
msg,1,180,438,5557,586,112,112
msg,1,181,435,14504,590,112,112
msg,1,182,420,6002,587,112,112
msg,1,183,437,5817,575,112,112
msg,1,184,439,5582,587,112,112
msg,1,185,434,18720,592,112,112
msg,1,186,435,8281,562,112,112
msg,1,187,413,5693,560,112,112
msg,1,188,411,5953,570,112,112
msg,1,189,410,6630,559,112,112
msg,1,190,413,6666,562,112,112
msg,1,191,416,20215,589,112,112
msg,1,192,409,6184,558,112,112
msg,1,193,442,6469,585,112,112
msg,1,194,433,5641,585,112,112
msg,1,195,408,8295,560,112,112
msg,1,196,447,11533,586,112,112
msg,1,197,437,6386,575,112,112
msg,1,198,405,6246,562,112,112
msg,1,199,446,5792,557,112,112
whole,1,760.944,2722.904,200
2,5.4850,782.3390,53.3050,841.1290,13584,13644,45,15576,4,14,5,20,153244,66821.0,71948.0,154791.0,254138.0,2,2,2,1
msg,2,0,569,10081,583,112,112
msg,2,1,440,7682,586,112,112
msg,2,2,432,20323,719,112,112
msg,2,3,419,9199,584,112,112
msg,2,4,437,7795,563,112,112
msg,2,5,534,10480,585,112,112
msg,2,6,438,7097,556,112,112
msg,2,7,424,19613,563,112,112
msg,2,8,552,8035,584,112,112
msg,2,9,410,6781,582,112,112
msg,2,10,415,9628,562,112,112
msg,2,11,412,11652,563,112,112
msg,2,12,414,6857,562,112,112
msg,2,13,414,5763,560,112,112
msg,2,14,414,5720,558,112,112
msg,2,15,411,6311,586,112,112
msg,2,16,431,5773,585,112,112
msg,2,17,438,20025,559,112,112
msg,2,18,439,6739,562,112,112
msg,2,19,439,6110,562,112,112
msg,2,20,990,5954,558,112,112
msg,2,21,443,19273,587,112,112
msg,2,22,417,6463,558,112,112
msg,2,23,414,11918,583,112,112
msg,2,24,407,8461,563,112,112
msg,2,25,415,30617,565,112,112
msg,2,26,441,7670,584,112,112
msg,2,27,438,6867,557,112,112
msg,2,28,437,18994,562,112,112
msg,2,29,413,9818,561,112,112
msg,2,30,411,7114,587,112,112
msg,2,31,408,6516,556,112,112
msg,2,32,423,5935,590,112,112
msg,2,33,408,6508,557,112,112
msg,2,34,408,17976,587,112,112
msg,2,35,409,5878,584,112,112
msg,2,36,412,12921,587,112,112
msg,2,37,435,18305,559,112,112
msg,2,38,410,9028,587,112,112
msg,2,39,413,5734,586,112,112
msg,2,40,415,5869,590,112,112
msg,2,41,415,6094,586,112,112
msg,2,42,433,5516,581,112,112
msg,2,43,424,5862,585,112,112
msg,2,44,443,18443,585,112,112
msg,2,45,411,11291,560,112,112
msg,2,46,441,6073,560,112,112
msg,2,47,416,18815,558,112,112
msg,2,48,414,6932,586,112,112
msg,2,49,495,5477,561,112,112
msg,2,50,414,6399,581,112,112
msg,2,51,439,6069,564,112,112
msg,2,52,415,6006,581,112,112
msg,2,53,411,5707,588,112,112
msg,2,54,415,16491,564,112,112
msg,2,55,415,9635,561,112,112
msg,2,56,440,5799,558,112,112
msg,2,57,448,18304,589,112,112
msg,2,58,411,8529,559,112,112
msg,2,59,412,6711,563,112,112
msg,2,60,409,6347,584,112,112
msg,2,61,438,6101,565,112,112
msg,2,62,412,6838,563,112,112
msg,2,63,411,19154,590,112,112
msg,2,64,408,6000,578,112,112
msg,2,65,440,5984,564,112,112
msg,2,66,410,8202,585,112,112
msg,2,67,421,16427,564,112,112
msg,2,68,410,7652,556,112,112
msg,2,69,415,6557,558,112,112
msg,2,70,447,6115,562,112,112
msg,2,71,412,6142,587,112,112
msg,2,72,435,6038,563,112,112
msg,2,73,443,6052,563,112,112
msg,2,74,411,16524,562,112,112
msg,2,75,452,8768,562,112,112
msg,2,76,436,6621,585,112,112
msg,2,77,440,9308,584,112,112
msg,2,78,404,10472,560,112,112
msg,2,79,413,5790,561,112,112
msg,2,80,417,5602,556,112,112
msg,2,81,434,7590,580,112,112
msg,2,82,448,5827,579,112,112
msg,2,83,441,6033,559,112,112
msg,2,84,410,5841,561,112,112
msg,2,85,408,17271,590,112,112
msg,2,86,534,7026,564,112,112
msg,2,87,437,5456,587,112,112
msg,2,88,431,5668,588,112,112
msg,2,89,437,16810,590,112,112
msg,2,90,522,10059,564,112,112
msg,2,91,409,10458,581,112,112
msg,2,92,438,6534,588,112,112
msg,2,93,408,7141,562,112,112
msg,2,94,444,17815,561,112,112
msg,2,95,437,9154,583,112,112
msg,2,96,410,5668,559,112,112
msg,2,97,412,32158,586,112,112
msg,2,98,437,5581,588,112,112
msg,2,99,410,6103,584,112,112
msg,2,100,435,5910,563,112,112
msg,2,101,449,6183,581,112,112
msg,2,102,408,6025,584,112,112
msg,2,103,436,17235,561,112,112
msg,2,104,414,7194,587,112,112
msg,2,105,411,5536,581,112,112
msg,2,106,410,5868,591,112,112
msg,2,107,409,16965,581,112,112
msg,2,108,406,7814,590,112,112
msg,2,109,441,6747,584,112,112
msg,2,110,430,6153,561,112,112
msg,2,111,438,5771,556,112,112
msg,2,112,444,7129,586,112,112
msg,2,113,407,18570,559,112,112
msg,2,114,411,6777,559,112,112
msg,2,115,414,5934,590,112,112
msg,2,116,409,7439,559,112,112
msg,2,117,439,19308,581,112,112
msg,2,118,419,7821,584,112,112
msg,2,119,411,18102,563,112,112
msg,2,120,436,6348,590,112,112
msg,2,121,408,19823,586,112,112
msg,2,122,410,5768,580,112,112
msg,2,123,419,7087,656,112,112
msg,2,124,440,6008,559,112,112
msg,2,125,415,20880,561,112,112
msg,2,126,413,5897,586,112,112
msg,2,127,411,5592,561,112,112
msg,2,128,413,6687,558,112,112
msg,2,129,412,5983,585,112,112
msg,2,130,561,6316,559,112,112
msg,2,131,438,19354,583,112,112
msg,2,132,440,6042,561,112,112
msg,2,133,439,7064,558,112,112
msg,2,134,413,6326,584,112,112
msg,2,135,441,16721,584,112,112
msg,2,136,438,9087,556,112,112
msg,2,137,412,6593,560,112,112
msg,2,138,441,8221,582,112,112
msg,2,139,421,7183,587,112,112
msg,2,140,432,24597,590,112,112
msg,2,141,406,8492,578,112,112
msg,2,142,419,5501,561,112,112
msg,2,143,411,6460,580,112,112
msg,2,144,435,17257,560,112,112
msg,2,145,417,6776,561,112,112
msg,2,146,410,6603,555,112,112
msg,2,147,411,5656,561,112,112
msg,2,148,451,7070,561,112,112
msg,2,149,408,5858,580,112,112
msg,2,150,405,19364,558,112,112
msg,2,151,445,5896,563,112,112
msg,2,152,509,6700,563,112,112
msg,2,153,421,6003,566,112,112
msg,2,154,421,8007,581,112,112
msg,2,155,410,11228,560,112,112
msg,2,156,448,5783,562,112,112
msg,2,157,435,7957,562,112,112
msg,2,158,408,6542,685,112,112
msg,2,159,409,5796,557,112,112
msg,2,160,413,5894,559,112,112
msg,2,161,516,18102,566,112,112
msg,2,162,492,5676,563,112,112
msg,2,163,409,6017,586,112,112
msg,2,164,412,5889,578,112,112
msg,2,165,413,8945,582,112,112
msg,2,166,439,11836,583,112,112
msg,2,167,440,6023,560,112,112
msg,2,168,439,8089,584,112,112
msg,2,169,412,5837,590,112,112
msg,2,170,411,5532,565,112,112
msg,2,171,414,6050,590,112,112
msg,2,172,422,18508,555,112,112
msg,2,173,415,5778,558,112,112
msg,2,174,416,6328,584,112,112
msg,2,175,434,5705,585,112,112
msg,2,176,438,17959,560,112,112
msg,2,177,441,5935,560,112,112
msg,2,178,416,7010,580,112,112
msg,2,179,413,8992,587,112,112
msg,2,180,408,6563,580,112,112
msg,2,181,418,5775,580,112,112
msg,2,182,421,19721,584,112,112
msg,2,183,511,11120,580,112,112
msg,2,184,436,5663,584,112,112
msg,2,185,440,6285,568,112,112
msg,2,186,421,16545,559,112,112
msg,2,187,445,6228,580,112,112
msg,2,188,410,5711,582,112,112
msg,2,189,410,6488,563,112,112
msg,2,190,410,5531,582,112,112
msg,2,191,440,5505,588,112,112
msg,2,192,452,5881,588,112,112
msg,2,193,437,15987,559,112,112
msg,2,194,418,7786,558,112,112
msg,2,195,413,5738,564,112,112
msg,2,196,408,5571,585,112,112
msg,2,197,439,14585,583,112,112
msg,2,198,435,8759,585,112,112
msg,2,199,446,5701,711,112,112
whole,2,861.147,2953.455,200
#heap 63472
#stack 3304
#end
#block pipeline mTLS lorawan11_256 up
#aead AES-256-CTR+2xCMAC (LoRaWAN 1.1 frame, 256-bit keys) (BearSSL (arduino-pico)), uplink, 51 B payload + 13 B overhead
#lib wolfSSL 5.9.4
iter,tcp_ms,tls_ms,mqtt_ms,total_ms,hs_tx_B,hs_rx_B,mqtt_tx_B,mqtt_rx_B,hs_writes,hs_reads,writes,reads,free_heap_B,hs_keygen_us,hs_derive_us,hs_verify_us,hs_sign_us,hs_keygen_n,hs_derive_n,hs_verify_n,hs_sign_n
msg,iter,idx,seal_us,rtt_us,open_us,tx_B,rx_B
whole,iter,first_ms,all_ms,msgs
#suite TLS13-AES256-GCM-SHA384
0,6.4470,1108.6230,58.5490,1173.6190,13584,13644,45,15576,4,14,5,20,153244,66532.0,70533.0,154532.0,571070.0,2,2,2,1
msg,0,0,1088,6982,1075,112,112
msg,0,1,941,5937,1075,112,112
msg,0,2,919,18685,1071,112,112
msg,0,3,932,8297,1066,112,112
msg,0,4,922,6316,1078,112,112
msg,0,5,925,5691,1074,112,112
msg,0,6,927,5481,1068,112,112
msg,0,7,918,6113,1077,112,112
msg,0,8,1019,18739,1157,112,112
msg,0,9,904,6362,1068,112,112
msg,0,10,926,7310,1075,112,112
msg,0,11,1005,17724,1076,112,112
msg,0,12,1011,6124,1073,112,112
msg,0,13,931,5896,1070,112,112
msg,0,14,927,5541,1067,112,112
msg,0,15,929,5832,1071,112,112
msg,0,16,922,6871,1073,112,112
msg,0,17,924,17328,1073,112,112
msg,0,18,920,8169,1070,112,112
msg,0,19,925,5501,1065,112,112
msg,0,20,928,20680,1082,112,112
msg,0,21,937,6256,1070,112,112
msg,0,22,933,5637,1073,112,112
msg,0,23,932,7490,1067,112,112
msg,0,24,928,5518,1073,112,112
msg,0,25,922,6822,1070,112,112
msg,0,26,1011,18565,1079,112,112
msg,0,27,932,7450,1079,112,112
msg,0,28,929,5345,1069,112,112
msg,0,29,930,19006,1073,112,112
msg,0,30,1070,7152,1077,112,112
msg,0,31,926,7054,1069,112,112
msg,0,32,926,5393,1079,112,112
msg,0,33,930,5914,1084,112,112
msg,0,34,928,5805,1083,112,112
msg,0,35,927,16669,1073,112,112
msg,0,36,924,5399,1077,112,112
msg,0,37,927,6159,1068,112,112
msg,0,38,929,5452,1067,112,112
msg,0,39,928,14659,1075,112,112
msg,0,40,935,5820,1077,112,112
msg,0,41,929,6208,1081,112,112
msg,0,42,924,6623,1079,112,112
msg,0,43,935,5887,1083,112,112
msg,0,44,924,5524,1077,112,112
msg,0,45,899,17558,1069,112,112
msg,0,46,933,10033,1077,112,112
msg,0,47,927,6917,1082,112,112
msg,0,48,930,7944,1069,112,112
msg,0,49,932,10238,1077,112,112
msg,0,50,923,5836,1602,112,112
msg,0,51,943,5627,1062,112,112
msg,0,52,932,5446,1082,112,112
msg,0,53,900,5730,1080,112,112
msg,0,54,930,5372,1065,112,112
msg,0,55,922,20711,1069,112,112
msg,0,56,929,8056,1067,112,112
msg,0,57,931,5377,1064,112,112
msg,0,58,929,19096,1071,112,112
msg,0,59,936,6096,1081,112,112
msg,0,60,900,8822,1075,112,112
msg,0,61,917,7036,1063,112,112
msg,0,62,921,5424,1078,112,112
msg,0,63,925,5465,1074,112,112
msg,0,64,933,15078,1078,112,112
msg,0,65,913,7357,1080,112,112
msg,0,66,1021,5679,1069,112,112
msg,0,67,927,8837,1080,112,112
msg,0,68,1078,10365,1067,112,112
msg,0,69,927,5440,1082,112,112
msg,0,70,1014,5889,1081,112,112
msg,0,71,925,5681,1073,112,112
msg,0,72,923,5409,1073,112,112
msg,0,73,924,5758,1082,112,112
msg,0,74,928,21329,1064,112,112
msg,0,75,923,9887,1073,112,112
msg,0,76,935,5418,1076,112,112
msg,0,77,924,13656,1079,112,112
msg,0,78,899,7456,1155,112,112
msg,0,79,931,7142,1072,112,112
msg,0,80,924,5623,1076,112,112
msg,0,81,1098,5619,1079,112,112
msg,0,82,923,5392,1076,112,112
msg,0,83,931,16626,1066,112,112
msg,0,84,925,11935,1071,112,112
msg,0,85,923,5838,1067,112,112
msg,0,86,927,19115,1082,112,112
msg,0,87,922,5816,1073,112,112
msg,0,88,937,5784,1070,112,112
msg,0,89,942,5426,1077,112,112
msg,0,90,914,5666,1077,112,112
msg,0,91,924,5947,1080,112,112
msg,0,92,903,18926,1071,112,112
msg,0,93,923,8054,1072,112,112
msg,0,94,928,8685,1061,112,112
msg,0,95,931,18085,1080,112,112
msg,0,96,927,6785,1067,112,112
msg,0,97,921,7754,1068,112,112
msg,0,98,938,7723,1066,112,112
msg,0,99,924,5726,1155,112,112
msg,0,100,926,18829,1072,112,112
msg,0,101,924,8146,1075,112,112
msg,0,102,918,5833,1165,112,112
msg,0,103,928,5528,1078,112,112
msg,0,104,911,15114,1153,112,112
msg,0,105,926,6153,1078,112,112
msg,0,106,928,8961,1159,112,112
msg,0,107,928,7042,1064,112,112
msg,0,108,925,5413,1077,112,112
msg,0,109,910,20500,1144,112,112
msg,0,110,924,8433,1064,112,112
msg,0,111,935,7894,1069,112,112
msg,0,112,926,16866,1160,112,112
msg,0,113,932,7612,1072,112,112
msg,0,114,928,5552,1068,112,112
msg,0,115,927,7041,1070,112,112
msg,0,116,932,5512,1059,112,112
msg,0,117,931,6180,1074,112,112
msg,0,118,937,19234,1093,112,112
msg,0,119,1014,6006,1071,112,112
msg,0,120,933,8092,1076,112,112
msg,0,121,930,16748,1077,112,112
msg,0,122,924,7583,1067,112,112
msg,0,123,928,6980,1074,112,112
msg,0,124,923,6198,1061,112,112
msg,0,125,924,5917,1076,112,112
msg,0,126,1019,6118,1073,112,112
msg,0,127,933,19074,1079,112,112
msg,0,128,924,5733,1071,112,112
msg,0,129,934,6050,1072,112,112
msg,0,130,936,18360,1070,112,112
msg,0,131,920,7660,1073,112,112
msg,0,132,902,6905,1079,112,112
msg,0,133,925,5441,1070,112,112
msg,0,134,928,5583,1077,112,112
msg,0,135,934,5632,1068,112,112
msg,0,136,930,20426,1083,112,112
msg,0,137,924,7040,1075,112,112
msg,0,138,949,5793,1076,112,112
msg,0,139,931,17496,1070,112,112
msg,0,140,926,8861,1074,112,112
msg,0,141,923,7324,1078,112,112
msg,0,142,920,11314,1076,112,112
msg,0,143,930,5952,1077,112,112
msg,0,144,928,19704,1080,112,112
msg,0,145,929,7063,1077,112,112
msg,0,146,922,6865,1070,112,112
msg,0,147,921,20566,1081,112,112
msg,0,148,899,5855,1076,112,112
msg,0,149,897,9785,1076,112,112
msg,0,150,926,6755,1078,112,112
msg,0,151,901,5583,1076,112,112
msg,0,152,934,18564,1063,112,112
msg,0,153,930,5649,1073,112,112
msg,0,154,1081,6322,1074,112,112
msg,0,155,930,5399,1076,112,112
msg,0,156,924,17298,1066,112,112
msg,0,157,925,5390,1076,112,112
msg,0,158,902,6370,1070,112,112
msg,0,159,926,5421,1071,112,112
msg,0,160,1018,6347,1081,112,112
msg,0,161,926,5376,1074,112,112
msg,0,162,936,18759,1063,112,112
msg,0,163,933,7638,1061,112,112
msg,0,164,927,5380,1075,112,112
msg,0,165,926,18860,1069,112,112
msg,0,166,899,7112,1065,112,112
msg,0,167,937,7234,1071,112,112
msg,0,168,923,5734,1072,112,112
msg,0,169,930,6551,1071,112,112
msg,0,170,925,6056,1084,112,112
msg,0,171,932,17579,1075,112,112
msg,0,172,1018,8641,1082,112,112
msg,0,173,928,5486,1066,112,112
msg,0,174,928,17090,1081,112,112
msg,0,175,927,7405,1071,112,112
msg,0,176,923,5372,1078,112,112
msg,0,177,923,6673,1083,112,112
msg,0,178,901,5536,1067,112,112
msg,0,179,924,6813,1079,112,112
msg,0,180,932,16638,1071,112,112
msg,0,181,1074,9308,1069,112,112
msg,0,182,928,6486,1075,112,112
msg,0,183,928,17803,1087,112,112
msg,0,184,936,10675,1075,112,112
msg,0,185,927,7970,1064,112,112
msg,0,186,924,6309,1075,112,112
msg,0,187,931,6124,1088,112,112
msg,0,188,929,18765,1202,112,112
msg,0,189,923,5536,1076,112,112
msg,0,190,925,6061,1068,112,112
msg,0,191,929,5453,1075,112,112
msg,0,192,925,14623,1076,112,112
msg,0,193,900,10352,1074,112,112
msg,0,194,925,8143,1075,112,112
msg,0,195,934,5681,1075,112,112
msg,0,196,925,6903,1074,112,112
msg,0,197,902,19191,1070,112,112
msg,0,198,929,8303,1073,112,112
msg,0,199,932,5793,1077,112,112
whole,0,1196.438,3456.195,200
1,19.4070,675.9520,55.3560,750.7150,13584,13644,45,15576,4,14,5,20,153244,66707.0,70580.0,154707.0,132417.0,2,2,2,1
msg,1,0,1076,6199,1070,112,112
msg,1,1,927,11296,1082,112,112
msg,1,2,929,14925,1070,112,112
msg,1,3,931,7907,1154,112,112
msg,1,4,937,5768,1075,112,112
msg,1,5,922,8250,1077,112,112
msg,1,6,1014,9765,1075,112,112
msg,1,7,928,6097,1076,112,112
msg,1,8,1012,6019,1075,112,112
msg,1,9,928,5478,1074,112,112
msg,1,10,929,5546,1065,112,112
msg,1,11,927,5766,1068,112,112
msg,1,12,929,16405,1074,112,112
msg,1,13,896,8011,1067,112,112
msg,1,14,930,5406,1072,112,112
msg,1,15,937,5343,1069,112,112
msg,1,16,922,15758,1062,112,112
msg,1,17,926,5992,1067,112,112
msg,1,18,922,5836,1075,112,112
msg,1,19,933,5414,1065,112,112
msg,1,20,921,5522,1215,112,112
msg,1,21,925,5918,1062,112,112
msg,1,22,927,20346,1080,112,112
msg,1,23,926,6190,1066,112,112
msg,1,24,934,5899,1075,112,112
msg,1,25,922,17827,1073,112,112
msg,1,26,925,5720,1067,112,112
msg,1,27,923,5464,1070,112,112
msg,1,28,1019,5793,1062,112,112
msg,1,29,922,5765,1204,112,112
msg,1,30,947,5470,1082,112,112
msg,1,31,926,5380,1072,112,112
msg,1,32,926,14463,1068,112,112
msg,1,33,929,9214,1081,112,112
msg,1,34,926,5848,1082,112,112
msg,1,35,905,19999,1085,112,112
msg,1,36,926,7306,1078,112,112
msg,1,37,928,9130,1071,112,112
msg,1,38,929,5747,1082,112,112
msg,1,39,928,6658,1080,112,112
msg,1,40,901,18190,1069,112,112
msg,1,41,925,5413,1081,112,112
msg,1,42,934,5394,1074,112,112
msg,1,43,925,5558,1074,112,112
msg,1,44,927,18267,1080,112,112
msg,1,45,923,5666,1074,112,112
msg,1,46,899,5743,1073,112,112
msg,1,47,902,5609,1217,112,112
msg,1,48,929,5653,1075,112,112
msg,1,49,923,6743,1075,112,112
msg,1,50,925,17887,1074,112,112
msg,1,51,930,7456,1069,112,112
msg,1,52,925,5374,1083,112,112
msg,1,53,1015,9246,1075,112,112
msg,1,54,930,9801,1076,112,112
msg,1,55,925,5683,1075,112,112
msg,1,56,930,5490,1065,112,112
msg,1,57,929,5975,1070,112,112
msg,1,58,926,5447,1064,112,112
msg,1,59,922,6523,1077,112,112
msg,1,60,927,20213,1142,112,112
msg,1,61,930,6809,1069,112,112
msg,1,62,931,5640,1071,112,112
msg,1,63,929,8182,1070,112,112
msg,1,64,926,9787,1156,112,112
msg,1,65,908,6154,1071,112,112
msg,1,66,939,11465,1071,112,112
msg,1,67,930,5833,1074,112,112
msg,1,68,927,5599,1075,112,112
msg,1,69,898,18264,1071,112,112
msg,1,70,1016,5431,1083,112,112
msg,1,71,926,6084,1072,112,112
msg,1,72,922,5422,1073,112,112
msg,1,73,925,14991,1067,112,112
msg,1,74,923,7971,1071,112,112
msg,1,75,929,5652,1064,112,112
msg,1,76,937,5920,1074,112,112
msg,1,77,924,5772,1071,112,112
msg,1,78,928,5595,1067,112,112
msg,1,79,927,17430,1076,112,112
msg,1,80,926,8627,1081,112,112
msg,1,81,899,5462,1076,112,112
msg,1,82,925,19731,1073,112,112
msg,1,83,932,7606,1067,112,112
msg,1,84,928,6278,1072,112,112
msg,1,85,901,5949,1077,112,112
msg,1,86,925,5721,1076,112,112
msg,1,87,934,5467,1073,112,112
msg,1,88,926,16873,1072,112,112
msg,1,89,926,5554,1071,112,112
msg,1,90,928,5938,1154,112,112
msg,1,91,927,5403,1071,112,112
msg,1,92,920,18204,1082,112,112
msg,1,93,900,5905,1080,112,112
msg,1,94,925,9052,1065,112,112
msg,1,95,931,7283,1077,112,112
msg,1,96,932,5377,1073,112,112
msg,1,97,928,19255,1078,112,112
msg,1,98,900,8310,1075,112,112
msg,1,99,934,5915,1069,112,112
msg,1,100,928,5553,1070,112,112
msg,1,101,928,15377,1074,112,112
msg,1,102,929,6018,1060,112,112
msg,1,103,1071,5765,1068,112,112
msg,1,104,930,5672,1068,112,112
msg,1,105,927,6080,1071,112,112
msg,1,106,935,5806,1068,112,112
msg,1,107,923,19012,1072,112,112
msg,1,108,936,6701,1075,112,112
msg,1,109,931,5975,1073,112,112
msg,1,110,920,17793,1080,112,112
msg,1,111,921,7140,1071,112,112
msg,1,112,1087,7158,1079,112,112
msg,1,113,901,8476,1077,112,112
msg,1,114,1015,5509,1071,112,112
msg,1,115,922,5295,1075,112,112
msg,1,116,927,16678,1076,112,112
msg,1,117,902,8324,1073,112,112
msg,1,118,1533,7504,1079,112,112
msg,1,119,935,18252,1068,112,112
msg,1,120,922,5435,1071,112,112
msg,1,121,898,5957,1072,112,112
msg,1,122,928,5353,1075,112,112
msg,1,123,1022,5531,1072,112,112
msg,1,124,935,6692,1073,112,112
msg,1,125,929,30803,1080,112,112
msg,1,126,928,7102,1075,112,112
msg,1,127,1020,14179,1068,112,112
msg,1,128,928,8526,1070,112,112
msg,1,129,929,9118,1070,112,112
msg,1,130,927,6043,1073,112,112
msg,1,131,922,6021,1079,112,112
msg,1,132,922,5487,1069,112,112
msg,1,133,936,15328,1061,112,112
msg,1,134,1016,10432,1079,112,112
msg,1,135,938,6961,1144,112,112
msg,1,136,925,17297,1212,112,112
msg,1,137,927,5592,1077,112,112
msg,1,138,927,14502,1072,112,112
msg,1,139,927,11162,1079,112,112
msg,1,140,922,17576,1079,112,112
msg,1,141,933,5844,1077,112,112
msg,1,142,925,5545,1077,112,112
msg,1,143,1019,8272,1057,112,112
msg,1,144,921,15190,1068,112,112
msg,1,145,927,5423,1068,112,112
msg,1,146,930,6134,1068,112,112
msg,1,147,933,6972,1074,112,112
msg,1,148,936,5651,1072,112,112
msg,1,149,927,5715,1074,112,112
msg,1,150,927,15169,1168,112,112
msg,1,151,931,5381,1072,112,112
msg,1,152,923,5369,1073,112,112
msg,1,153,927,5761,1065,112,112
msg,1,154,921,18834,1065,112,112
msg,1,155,923,5788,1070,112,112
msg,1,156,925,8539,1083,112,112
msg,1,157,934,7771,1085,112,112
msg,1,158,1354,5929,1078,112,112
msg,1,159,930,17932,1078,112,112
msg,1,160,927,8420,1082,112,112
msg,1,161,931,5428,1064,112,112
msg,1,162,925,20624,1083,112,112
msg,1,163,928,7084,1069,112,112
msg,1,164,932,7259,1075,112,112
msg,1,165,929,5565,1079,112,112
msg,1,166,926,5603,1237,112,112
msg,1,167,934,5444,1067,112,112
msg,1,168,924,19129,1080,112,112
msg,1,169,927,8733,1166,112,112
msg,1,170,902,5425,1075,112,112
msg,1,171,929,17487,1066,112,112
msg,1,172,924,7583,1074,112,112
msg,1,173,926,6772,1074,112,112
msg,1,174,927,5746,1073,112,112
msg,1,175,927,5580,1070,112,112
msg,1,176,898,5759,1074,112,112
msg,1,177,923,19925,1076,112,112
msg,1,178,934,6304,1159,112,112
msg,1,179,926,5399,1068,112,112
msg,1,180,927,18736,1066,112,112
msg,1,181,936,8392,1076,112,112
msg,1,182,899,8358,1077,112,112
msg,1,183,927,8257,1082,112,112
msg,1,184,893,5428,1073,112,112
msg,1,185,927,5446,1065,112,112
msg,1,186,928,15132,1077,112,112
msg,1,187,930,5635,1071,112,112
msg,1,188,927,6123,1075,112,112
msg,1,189,925,19166,1066,112,112
msg,1,190,929,7486,1161,112,112
msg,1,191,925,7197,1068,112,112
msg,1,192,930,5671,1068,112,112
msg,1,193,927,5871,1078,112,112
msg,1,194,925,5570,1063,112,112
msg,1,195,928,16443,1079,112,112
msg,1,196,903,5557,1156,112,112
msg,1,197,930,5998,1071,112,112
msg,1,198,920,22313,1070,112,112
msg,1,199,929,8164,1077,112,112
whole,1,766.405,2996.399,200
2,6.8180,1685.0920,55.4390,1747.3490,13584,13644,45,15576,4,14,5,20,153244,66914.0,73887.0,154239.0,1153255.0,2,2,2,1
msg,2,0,1090,8537,1072,112,112
msg,2,1,931,17686,1523,112,112
msg,2,2,904,5993,1076,112,112
msg,2,3,922,5721,1077,112,112
msg,2,4,923,5531,1072,112,112
msg,2,5,929,17199,1072,112,112
msg,2,6,927,6157,1067,112,112
msg,2,7,929,9002,1074,112,112
msg,2,8,920,6832,1077,112,112
msg,2,9,900,6647,1081,112,112
msg,2,10,931,18461,1068,112,112
msg,2,11,928,5760,1068,112,112
msg,2,12,930,5744,1069,112,112
msg,2,13,929,6336,1069,112,112
msg,2,14,924,16659,1073,112,112
msg,2,15,898,6622,1073,112,112
msg,2,16,927,5509,1065,112,112
msg,2,17,927,5583,1064,112,112
msg,2,18,927,5436,1080,112,112
msg,2,19,901,6310,1073,112,112
msg,2,20,931,21688,1066,112,112
msg,2,21,927,6547,1086,112,112
msg,2,22,924,5529,1071,112,112
msg,2,23,898,17041,1086,112,112
msg,2,24,924,7118,1074,112,112
msg,2,25,932,6854,1074,112,112
msg,2,26,929,5680,1069,112,112
msg,2,27,930,5665,1066,112,112
msg,2,28,924,6682,1072,112,112
msg,2,29,928,18247,1078,112,112
msg,2,30,926,6795,1076,112,112
msg,2,31,935,5433,1072,112,112
msg,2,32,927,9714,1071,112,112
msg,2,33,929,10966,1073,112,112
msg,2,34,923,6960,1073,112,112
msg,2,35,932,11886,1079,112,112
msg,2,36,907,5702,1157,112,112
msg,2,37,1036,5563,1077,112,112
msg,2,38,929,18670,1072,112,112
msg,2,39,928,7107,1069,112,112
msg,2,40,920,6411,1076,112,112
msg,2,41,928,18242,1064,112,112
msg,2,42,929,8009,1069,112,112
msg,2,43,924,5413,1071,112,112
msg,2,44,931,5927,1057,112,112
msg,2,45,926,5561,1207,112,112
msg,2,46,923,5902,1061,112,112
msg,2,47,933,19617,1074,112,112
msg,2,48,930,7621,1078,112,112
msg,2,49,925,5884,1077,112,112
msg,2,50,927,18024,1066,112,112
msg,2,51,929,7504,1077,112,112
msg,2,52,924,5661,1072,112,112
msg,2,53,923,5441,1076,112,112
msg,2,54,1011,5493,1067,112,112
msg,2,55,938,6839,1078,112,112
msg,2,56,933,23606,1070,112,112
msg,2,57,933,7436,1073,112,112
msg,2,58,930,5394,1074,112,112
msg,2,59,928,28195,1079,112,112
msg,2,60,928,7460,1076,112,112
msg,2,61,926,6682,1075,112,112
msg,2,62,932,9266,1067,112,112
msg,2,63,926,15684,1079,112,112
msg,2,64,924,8044,1071,112,112
msg,2,65,921,6134,1081,112,112
msg,2,66,936,19435,1071,112,112
msg,2,67,929,8565,1066,112,112
msg,2,68,1011,6043,1076,112,112
msg,2,69,927,5703,1070,112,112
msg,2,70,927,5538,1065,112,112
msg,2,71,926,8902,1158,112,112
msg,2,72,935,15718,1069,112,112
msg,2,73,1115,5876,1078,112,112
msg,2,74,924,5406,1073,112,112
msg,2,75,928,5652,1068,112,112
msg,2,76,928,14943,1159,112,112
msg,2,77,937,5493,1069,112,112
msg,2,78,927,6130,1069,112,112
msg,2,79,927,5436,1068,112,112
msg,2,80,925,5456,1077,112,112
msg,2,81,924,10424,1070,112,112
msg,2,82,929,14593,1159,112,112
msg,2,83,932,7316,1067,112,112
msg,2,84,932,7172,1073,112,112
msg,2,85,1021,20524,1068,112,112
msg,2,86,922,5950,1070,112,112
msg,2,87,924,8782,1074,112,112
msg,2,88,928,6879,1070,112,112
msg,2,89,936,5562,1072,112,112
msg,2,90,930,19815,1067,112,112
msg,2,91,927,9275,1078,112,112
msg,2,92,928,6912,1084,112,112
msg,2,93,933,17774,1090,112,112
msg,2,94,923,7515,1072,112,112
msg,2,95,898,5429,1072,112,112
msg,2,96,1067,6217,1084,112,112
msg,2,97,923,5682,1077,112,112
msg,2,98,924,5506,1072,112,112
msg,2,99,926,18063,1075,112,112
msg,2,100,928,9256,1071,112,112
msg,2,101,934,5735,1069,112,112
msg,2,102,928,18278,1077,112,112
msg,2,103,924,8600,1076,112,112
msg,2,104,897,5778,1077,112,112
msg,2,105,902,6299,1073,112,112
msg,2,106,928,5356,1076,112,112
msg,2,107,927,6063,1067,112,112
msg,2,108,920,20530,1076,112,112
msg,2,109,925,6252,1072,112,112
msg,2,110,930,5469,1562,112,112
msg,2,111,923,18977,1079,112,112
msg,2,112,898,7022,1080,112,112
msg,2,113,924,9553,1085,112,112
msg,2,114,926,16301,1073,112,112
msg,2,115,924,19993,1069,112,112
msg,2,116,922,8925,1072,112,112
msg,2,117,904,5662,1072,112,112
msg,2,118,928,17415,1081,112,112
msg,2,119,927,8134,1076,112,112
msg,2,120,1014,5979,1079,112,112
msg,2,121,926,6260,1078,112,112
msg,2,122,931,5580,1064,112,112
msg,2,123,927,5824,1069,112,112
msg,2,124,926,20882,1074,112,112
msg,2,125,922,5445,1065,112,112
msg,2,126,932,6436,1085,112,112
msg,2,127,898,18130,1062,112,112
msg,2,128,936,8685,1081,112,112
msg,2,129,929,8987,1068,112,112
msg,2,130,926,6760,1074,112,112
msg,2,131,929,5573,1086,112,112
msg,2,132,919,5408,1079,112,112
msg,2,133,927,14599,1070,112,112
msg,2,134,1011,6899,1071,112,112
msg,2,135,925,7320,1075,112,112
msg,2,136,928,37667,1068,112,112
msg,2,137,926,602358,1082,112,112
msg,2,138,898,6948,1077,112,112
msg,2,139,928,8544,1077,112,112
msg,2,140,925,5700,1080,112,112
msg,2,141,925,5710,1076,112,112
msg,2,142,927,15102,1081,112,112
msg,2,143,927,7576,1075,112,112
msg,2,144,904,5879,1077,112,112
msg,2,145,919,18298,1074,112,112
msg,2,146,940,8406,1162,112,112
msg,2,147,927,6364,1072,112,112
msg,2,148,926,5780,1073,112,112
msg,2,149,926,5809,1075,112,112
msg,2,150,902,5457,1072,112,112
msg,2,151,937,20879,1076,112,112
msg,2,152,939,6556,1073,112,112
msg,2,153,931,5822,1069,112,112
msg,2,154,927,20195,1077,112,112
msg,2,155,898,7199,1071,112,112
msg,2,156,935,10136,1074,112,112
msg,2,157,923,5975,1076,112,112
msg,2,158,902,11005,1081,112,112
msg,2,159,1005,13388,1081,112,112
msg,2,160,923,9169,1064,112,112
msg,2,161,926,6836,1060,112,112
msg,2,162,928,17079,1072,112,112
msg,2,163,1496,7265,1070,112,112
msg,2,164,933,5454,1062,112,112
msg,2,165,938,5507,1074,112,112
msg,2,166,929,5969,1062,112,112
msg,2,167,929,9620,1069,112,112
msg,2,168,925,16160,1077,112,112
msg,2,169,938,7165,1078,112,112
msg,2,170,903,5700,1155,112,112
msg,2,171,900,18512,1075,112,112
msg,2,172,933,7814,1077,112,112
msg,2,173,929,5360,1060,112,112
msg,2,174,922,5890,1073,112,112
msg,2,175,928,5396,1083,112,112
msg,2,176,927,5605,1075,112,112
msg,2,177,929,17921,1078,112,112
msg,2,178,934,6589,1075,112,112
msg,2,179,929,5439,1071,112,112
msg,2,180,931,6023,1082,112,112
msg,2,181,931,18856,1070,112,112
msg,2,182,914,5926,1075,112,112
msg,2,183,931,8445,1070,112,112
msg,2,184,926,8009,1076,112,112
msg,2,185,897,6760,1080,112,112
msg,2,186,905,18937,1075,112,112
msg,2,187,928,6978,1063,112,112
msg,2,188,924,5562,1206,112,112
msg,2,189,928,19047,1071,112,112
msg,2,190,933,6294,1072,112,112
msg,2,191,925,5874,1249,112,112
msg,2,192,936,5633,1082,112,112
msg,2,193,926,5530,1079,112,112
msg,2,194,901,5665,1074,112,112
msg,2,195,926,18305,1069,112,112
msg,2,196,923,9567,1075,112,112
msg,2,197,934,7169,1077,112,112
msg,2,198,926,18191,1079,112,112
msg,2,199,930,5559,1079,112,112
whole,2,1765.175,4702.051,200
#heap 63472
#stack 3296
#end
#block pipeline mTLS lorawan11_256 down
#aead AES-256-CTR+2xCMAC (LoRaWAN 1.1 frame, 256-bit keys) (BearSSL (arduino-pico)), downlink, 51 B payload + 13 B overhead
#lib wolfSSL 5.9.4
iter,tcp_ms,tls_ms,mqtt_ms,total_ms,hs_tx_B,hs_rx_B,mqtt_tx_B,mqtt_rx_B,hs_writes,hs_reads,writes,reads,free_heap_B,hs_keygen_us,hs_derive_us,hs_verify_us,hs_sign_us,hs_keygen_n,hs_derive_n,hs_verify_n,hs_sign_n
msg,iter,idx,seal_us,rtt_us,open_us,tx_B,rx_B
whole,iter,first_ms,all_ms,msgs
#suite TLS13-AES256-GCM-SHA384
0,9.6520,668.2860,66.3870,744.3250,13584,13644,45,15576,4,14,5,20,153244,66748.0,71907.0,154403.0,132579.0,2,2,2,1
msg,0,0,728,5750,720,112,112
msg,0,1,542,5613,716,112,112
msg,0,2,545,7130,696,112,112
msg,0,3,546,6225,718,112,112
msg,0,4,571,20217,718,112,112
msg,0,5,574,5712,720,112,112
msg,0,6,577,5504,722,112,112
msg,0,7,579,6995,719,112,112
msg,0,8,544,19404,695,112,112
msg,0,9,548,7962,716,112,112
msg,0,10,566,8910,693,112,112
msg,0,11,544,7686,694,112,112
msg,0,12,549,6554,712,112,112
msg,0,13,546,5421,693,112,112
msg,0,14,552,16201,719,112,112
msg,0,15,573,7344,719,112,112
msg,0,16,569,5649,721,112,112
msg,0,17,573,20196,722,112,112
msg,0,18,565,7700,721,112,112
msg,0,19,573,5480,713,112,112
msg,0,20,575,5795,694,112,112
msg,0,21,555,6636,715,112,112
msg,0,22,547,6145,696,112,112
msg,0,23,571,5312,723,112,112
msg,0,24,658,17130,724,112,112
msg,0,25,568,7507,725,112,112
msg,0,26,571,5749,718,112,112
msg,0,27,569,18925,717,112,112
msg,0,28,546,8533,719,112,112
msg,0,29,542,5468,715,112,112
msg,0,30,543,7300,696,112,112
msg,0,31,548,5762,715,112,112
msg,0,32,539,5959,716,112,112
msg,0,33,573,22592,786,112,112
msg,0,34,576,6918,716,112,112
msg,0,35,544,5703,720,112,112
msg,0,36,583,6124,694,112,112
msg,0,37,544,17338,698,112,112
msg,0,38,546,6243,720,112,112
msg,0,39,568,9087,793,112,112
msg,0,40,573,8393,716,112,112
msg,0,41,546,5440,708,112,112
msg,0,42,543,5819,718,112,112
msg,0,43,568,15372,714,112,112
msg,0,44,576,7896,719,112,112
msg,0,45,572,5715,694,112,112
msg,0,46,551,19908,721,112,112
msg,0,47,582,6088,712,112,112
msg,0,48,551,5482,698,112,112
msg,0,49,547,9128,719,112,112
msg,0,50,571,6001,715,112,112
msg,0,51,542,5447,714,112,112
msg,0,52,547,5800,718,112,112
msg,0,53,578,15658,720,112,112
msg,0,54,571,7254,717,112,112
msg,0,55,581,6002,828,112,112
msg,0,56,551,20600,716,112,112
msg,0,57,548,8315,693,112,112
msg,0,58,549,5868,806,112,112
msg,0,59,574,5803,716,112,112
msg,0,60,570,5926,713,112,112
msg,0,61,542,7645,722,112,112
msg,0,62,566,18208,695,112,112
msg,0,63,545,6024,723,112,112
msg,0,64,568,5773,695,112,112
msg,0,65,546,5559,699,112,112
msg,0,66,545,17221,724,112,112
msg,0,67,576,8753,694,112,112
msg,0,68,548,7472,696,112,112
msg,0,69,548,11384,715,112,112
msg,0,70,574,5911,714,112,112
msg,0,71,544,20436,696,112,112
msg,0,72,543,5733,720,112,112
msg,0,73,574,7014,692,112,112
msg,0,74,572,5415,713,112,112
msg,0,75,571,19723,692,112,112
msg,0,76,546,8072,721,112,112
msg,0,77,564,13778,697,112,112
msg,0,78,565,5916,712,112,112
msg,0,79,547,6037,714,112,112
msg,0,80,582,19588,694,112,112
msg,0,81,549,8769,718,112,112
msg,0,82,544,7617,719,112,112
msg,0,83,546,17417,716,112,112
msg,0,84,549,9069,803,112,112
msg,0,85,574,6858,718,112,112
msg,0,86,548,6797,723,112,112
msg,0,87,572,7376,722,112,112
msg,0,88,570,5945,693,112,112
msg,0,89,567,16375,716,112,112
msg,0,90,576,9264,723,112,112
msg,0,91,582,5642,718,112,112
msg,0,92,575,5411,723,112,112
msg,0,93,569,17075,720,112,112
msg,0,94,542,7374,693,112,112
msg,0,95,548,5864,719,112,112
msg,0,96,569,6072,696,112,112
msg,0,97,545,5475,693,112,112
msg,0,98,550,5508,699,112,112
msg,0,99,546,19080,719,112,112
msg,0,100,571,8841,697,112,112
msg,0,101,548,5417,693,112,112
msg,0,102,575,5674,694,112,112
msg,0,103,549,18527,695,112,112
msg,0,104,548,6744,711,112,112
msg,0,105,540,5853,722,112,112
msg,0,106,575,6941,696,112,112
msg,0,107,548,5624,713,112,112
msg,0,108,544,6356,696,112,112
msg,0,109,548,17142,717,112,112
msg,0,110,571,6417,720,112,112
msg,0,111,572,7227,714,112,112
msg,0,112,570,6115,782,112,112
msg,0,113,554,18107,720,112,112
msg,0,114,662,5547,695,112,112
msg,0,115,582,5399,715,112,112
msg,0,116,572,5953,717,112,112
msg,0,117,543,6219,695,112,112
msg,0,118,547,10960,719,112,112
msg,0,119,571,20946,697,112,112
msg,0,120,580,5878,716,112,112
msg,0,121,545,5709,715,112,112
msg,0,122,572,9495,720,112,112
msg,0,123,582,10573,722,112,112
msg,0,124,571,6319,723,112,112
msg,0,125,575,5532,719,112,112
msg,0,126,572,6284,714,112,112
msg,0,127,546,6722,718,112,112
msg,0,128,578,10224,714,112,112
msg,0,129,547,14646,837,112,112
msg,0,130,572,5500,723,112,112
msg,0,131,579,6603,718,112,112
msg,0,132,568,6291,716,112,112
msg,0,133,581,16020,694,112,112
msg,0,134,543,8636,717,112,112
msg,0,135,553,7336,786,112,112
msg,0,136,550,5996,721,112,112
msg,0,137,569,5699,713,112,112
msg,0,138,578,8916,718,112,112
msg,0,139,549,18601,714,112,112
msg,0,140,558,6693,714,112,112
msg,0,141,574,5771,1207,112,112
msg,0,142,548,5891,722,112,112
msg,0,143,571,12978,710,112,112
msg,0,144,546,8309,698,112,112
msg,0,145,548,5493,696,112,112
msg,0,146,629,6017,716,112,112
msg,0,147,568,6739,713,112,112
msg,0,148,574,6101,717,112,112
msg,0,149,568,19413,718,112,112
msg,0,150,567,10926,719,112,112
msg,0,151,576,5817,698,112,112
msg,0,152,545,19579,710,112,112
msg,0,153,544,8357,695,112,112
msg,0,154,550,5564,695,112,112
msg,0,155,544,7179,714,112,112
msg,0,156,570,6119,727,112,112
msg,0,157,662,5385,718,112,112
msg,0,158,577,19511,729,112,112
msg,0,159,571,10062,694,112,112
msg,0,160,634,5516,691,112,112
msg,0,161,549,20770,720,112,112
msg,0,162,564,8847,716,112,112
msg,0,163,577,7128,717,112,112
msg,0,164,577,6211,698,112,112
msg,0,165,545,5528,723,112,112
msg,0,166,543,7154,800,112,112
msg,0,167,543,17145,723,112,112
msg,0,168,574,6943,696,112,112
msg,0,169,546,6820,724,112,112
msg,0,170,573,22736,719,112,112
msg,0,171,583,8989,695,112,112
msg,0,172,558,10576,715,112,112
msg,0,173,548,6740,719,112,112
msg,0,174,573,5988,693,112,112
msg,0,175,545,5864,713,112,112
msg,0,176,544,16898,723,112,112
msg,0,177,579,7621,716,112,112
msg,0,178,571,5475,715,112,112
msg,0,179,583,5924,714,112,112
msg,0,180,549,15838,720,112,112
msg,0,181,564,5855,696,112,112
msg,0,182,549,7514,693,112,112
msg,0,183,547,5617,697,112,112
msg,0,184,556,5436,691,112,112
msg,0,185,550,5590,714,112,112
msg,0,186,545,19274,697,112,112
msg,0,187,546,6635,696,112,112
msg,0,188,546,6724,717,112,112
msg,0,189,544,5787,721,112,112
msg,0,190,569,21181,792,112,112
msg,0,191,569,5920,718,112,112
msg,0,192,577,8460,715,112,112
msg,0,193,580,8594,693,112,112
msg,0,194,551,6065,719,112,112
msg,0,195,575,19295,712,112,112
msg,0,196,553,10667,719,112,112
msg,0,197,573,8113,692,112,112
msg,0,198,635,17105,715,112,112
msg,0,199,577,8780,694,112,112
whole,0,760.260,2904.526,200
1,6.4090,1122.9310,54.3710,1183.7110,13584,13644,45,15576,4,14,5,20,153244,66417.0,72607.0,154198.0,590283.0,2,2,2,1
msg,1,0,732,20323,726,112,112
msg,1,1,573,6851,696,112,112
msg,1,2,547,7708,712,112,112
msg,1,3,549,5668,720,112,112
msg,1,4,571,6808,718,112,112
msg,1,5,582,7102,713,112,112
msg,1,6,572,19524,715,112,112
msg,1,7,577,7541,801,112,112
msg,1,8,567,5547,715,112,112
msg,1,9,570,5553,720,112,112
msg,1,10,570,16516,724,112,112
msg,1,11,572,13184,717,112,112
msg,1,12,573,7303,717,112,112
msg,1,13,543,6306,698,112,112
msg,1,14,551,8603,697,112,112
msg,1,15,547,15330,698,112,112
msg,1,16,546,8804,708,112,112
msg,1,17,539,5541,715,112,112
msg,1,18,545,6252,695,112,112
msg,1,19,547,18178,725,112,112
msg,1,20,573,6238,727,112,112
msg,1,21,571,6137,693,112,112
msg,1,22,548,7067,807,112,112
msg,1,23,582,5653,698,112,112
msg,1,24,551,6187,722,112,112
msg,1,25,580,16895,694,112,112
msg,1,26,542,6008,715,112,112
msg,1,27,574,5336,720,112,112
msg,1,28,572,5608,724,112,112
msg,1,29,570,17656,716,112,112
msg,1,30,576,9346,722,112,112
msg,1,31,573,5479,717,112,112
msg,1,32,574,8131,716,112,112
msg,1,33,540,7376,695,112,112
msg,1,34,548,5651,710,112,112
msg,1,35,546,16520,709,112,112
msg,1,36,549,6442,714,112,112
msg,1,37,552,6448,698,112,112
msg,1,38,549,6660,718,112,112
msg,1,39,549,18459,712,112,112
msg,1,40,733,6687,726,112,112
msg,1,41,571,6063,707,112,112
msg,1,42,550,5979,729,112,112
msg,1,43,578,5747,694,112,112
msg,1,44,543,5539,700,112,112
msg,1,45,547,18589,694,112,112
msg,1,46,548,6465,693,112,112
msg,1,47,548,7135,716,112,112
msg,1,48,575,6883,697,112,112
msg,1,49,549,17532,696,112,112
msg,1,50,552,5454,696,112,112
msg,1,51,542,5414,700,112,112
msg,1,52,549,5842,715,112,112
msg,1,53,553,7355,692,112,112
msg,1,54,547,5497,695,112,112
msg,1,55,637,5559,718,112,112
msg,1,56,541,15118,719,112,112
msg,1,57,566,7881,717,112,112
msg,1,58,543,5426,695,112,112
msg,1,59,636,5479,712,112,112
msg,1,60,545,13558,713,112,112
msg,1,61,540,9023,716,112,112
msg,1,62,575,5616,698,112,112
msg,1,63,657,7874,712,112,112
msg,1,64,540,7574,723,112,112
msg,1,65,572,6008,695,112,112
msg,1,66,553,19277,717,112,112
msg,1,67,573,9027,717,112,112
msg,1,68,542,6178,693,112,112
msg,1,69,569,8600,697,112,112
msg,1,70,546,11402,698,112,112
msg,1,71,577,6865,718,112,112
msg,1,72,544,9436,710,112,112
msg,1,73,546,7784,721,112,112
msg,1,74,569,6023,694,112,112
msg,1,75,545,20019,713,112,112
msg,1,76,570,5607,718,112,112
msg,1,77,581,7882,696,112,112
msg,1,78,555,5433,697,112,112
msg,1,79,543,15954,723,112,112
msg,1,80,576,13331,716,112,112
msg,1,81,545,9208,693,112,112
msg,1,82,545,6243,724,112,112
msg,1,83,570,6972,718,112,112
msg,1,84,544,18025,719,112,112
msg,1,85,573,9421,720,112,112
msg,1,86,574,5875,697,112,112
msg,1,87,546,5810,796,112,112
msg,1,88,570,16878,696,112,112
msg,1,89,570,7317,717,112,112
msg,1,90,572,8944,707,112,112
msg,1,91,549,7186,719,112,112
msg,1,92,577,6321,721,112,112
msg,1,93,568,6342,716,112,112
msg,1,94,578,16351,722,112,112
msg,1,95,573,6707,726,112,112
msg,1,96,575,5386,722,112,112
msg,1,97,572,5777,694,112,112
msg,1,98,572,16187,725,112,112
msg,1,99,571,6159,715,112,112
msg,1,100,542,5732,724,112,112
msg,1,101,570,6739,715,112,112
msg,1,102,574,5903,691,112,112
msg,1,103,545,6047,717,112,112
msg,1,104,571,18646,710,112,112
msg,1,105,573,5847,723,112,112
msg,1,106,552,6515,714,112,112
msg,1,107,540,5727,718,112,112
msg,1,108,574,19229,718,112,112
msg,1,109,545,7193,695,112,112
msg,1,110,554,5782,713,112,112
msg,1,111,543,7174,695,112,112
msg,1,112,571,7120,714,112,112
msg,1,113,572,7116,693,112,112
msg,1,114,546,18078,719,112,112
msg,1,115,580,7474,714,112,112
msg,1,116,569,5434,718,112,112
msg,1,117,581,5942,697,112,112
msg,1,118,547,16477,693,112,112
msg,1,119,547,6719,720,112,112
msg,1,120,548,5893,719,112,112
msg,1,121,568,7151,716,112,112
msg,1,122,568,8810,717,112,112
msg,1,123,573,6055,711,112,112
msg,1,124,553,17293,781,112,112
msg,1,125,555,7654,710,112,112
msg,1,126,546,5677,719,112,112
msg,1,127,571,5921,697,112,112
msg,1,128,545,16311,719,112,112
msg,1,129,581,5692,692,112,112
msg,1,130,547,6624,694,112,112
msg,1,131,546,6781,719,112,112
msg,1,132,542,5501,713,112,112
msg,1,133,544,7360,694,112,112
msg,1,134,544,24217,718,112,112
msg,1,135,579,5731,697,112,112
msg,1,136,545,5775,724,112,112
msg,1,137,568,17478,792,112,112
msg,1,138,572,9244,712,112,112
msg,1,139,544,6634,716,112,112
msg,1,140,572,6837,723,112,112
msg,1,141,577,9322,811,112,112
msg,1,142,577,5994,713,112,112
msg,1,143,557,16547,714,112,112
msg,1,144,544,7923,727,112,112
msg,1,145,571,5625,722,112,112
msg,1,146,575,5539,720,112,112
msg,1,147,570,16216,725,112,112
msg,1,148,572,7432,724,112,112
msg,1,149,571,6056,696,112,112
msg,1,150,546,5572,713,112,112
msg,1,151,544,5355,698,112,112
msg,1,152,547,7683,714,112,112
msg,1,153,543,17094,719,112,112
msg,1,154,569,15291,724,112,112
msg,1,155,570,6095,716,112,112
msg,1,156,549,14727,720,112,112
msg,1,157,573,5781,709,112,112
msg,1,158,570,5365,719,112,112
msg,1,159,576,9384,716,112,112
msg,1,160,572,6368,716,112,112
msg,1,161,565,5329,717,112,112
msg,1,162,545,19989,714,112,112
msg,1,163,568,5826,696,112,112
msg,1,164,545,5753,715,112,112
msg,1,165,569,5363,714,112,112
msg,1,166,556,18031,715,112,112
msg,1,167,571,9294,719,112,112
msg,1,168,571,6533,720,112,112
msg,1,169,566,6167,717,112,112
msg,1,170,547,5779,718,112,112
msg,1,171,568,6003,699,112,112
msg,1,172,548,18569,716,112,112
msg,1,173,549,6441,697,112,112
msg,1,174,548,6124,714,112,112
msg,1,175,576,5854,699,112,112
msg,1,176,558,19621,719,112,112
msg,1,177,546,7012,719,112,112
msg,1,178,573,6041,720,112,112
msg,1,179,538,5706,715,112,112
msg,1,180,567,5950,696,112,112
msg,1,181,545,5489,698,112,112
msg,1,182,543,18743,702,112,112
msg,1,183,541,6812,857,112,112
msg,1,184,577,5533,723,112,112
msg,1,185,578,6262,714,112,112
msg,1,186,569,19087,693,112,112
msg,1,187,541,5586,694,112,112
msg,1,188,545,5413,692,112,112
msg,1,189,545,7283,719,112,112
msg,1,190,655,5860,717,112,112
msg,1,191,545,5517,716,112,112
msg,1,192,546,5556,714,112,112
msg,1,193,544,15512,717,112,112
msg,1,194,542,9362,693,112,112
msg,1,195,541,5874,722,112,112
msg,1,196,579,18224,718,112,112
msg,1,197,545,8384,695,112,112
msg,1,198,554,5668,717,112,112
msg,1,199,544,6355,695,112,112
whole,1,1214.185,3286.238,200
2,5.6360,763.3170,60.7920,829.7450,13584,13644,45,15576,4,14,5,20,153244,66820.0,72318.0,154439.0,234768.0,2,2,2,1
msg,2,0,704,5666,716,112,112
msg,2,1,572,5801,723,112,112
msg,2,2,567,7344,720,112,112
msg,2,3,741,16957,714,112,112
msg,2,4,547,5922,722,112,112
msg,2,5,567,5770,696,112,112
msg,2,6,571,7236,714,112,112
msg,2,7,576,7397,720,112,112
msg,2,8,580,5830,692,112,112
msg,2,9,571,5493,699,112,112
msg,2,10,577,16067,714,112,112
msg,2,11,571,10221,712,112,112
msg,2,12,543,6760,719,112,112
msg,2,13,575,16371,718,112,112
msg,2,14,540,5835,716,112,112
msg,2,15,578,5286,719,112,112
msg,2,16,574,7646,719,112,112
msg,2,17,570,7467,728,112,112
msg,2,18,577,5369,718,112,112
msg,2,19,574,5468,724,112,112
msg,2,20,569,16110,1230,112,112
msg,2,21,580,7338,722,112,112
msg,2,22,568,5422,721,112,112
msg,2,23,569,5328,716,112,112
msg,2,24,567,16627,718,112,112
msg,2,25,568,6688,716,112,112
msg,2,26,581,5465,725,112,112
msg,2,27,577,7061,718,112,112
msg,2,28,543,5600,715,112,112
msg,2,29,568,5900,717,112,112
msg,2,30,579,18642,697,112,112
msg,2,31,547,5970,721,112,112
msg,2,32,568,6457,715,112,112
msg,2,33,575,6912,717,112,112
msg,2,34,569,18460,719,112,112
msg,2,35,572,5614,694,112,112
msg,2,36,545,6244,721,112,112
msg,2,37,570,7292,717,112,112
msg,2,38,572,5357,714,112,112
msg,2,39,581,7842,720,112,112
msg,2,40,572,17449,720,112,112
msg,2,41,575,14556,714,112,112
msg,2,42,576,23300,720,112,112
msg,2,43,564,9662,722,112,112
msg,2,44,568,10063,714,112,112
msg,2,45,567,8447,849,112,112
msg,2,46,578,8234,713,112,112
msg,2,47,552,19410,701,112,112
msg,2,48,545,7882,725,112,112
msg,2,49,568,7386,722,112,112
msg,2,50,571,8726,794,112,112
msg,2,51,581,10531,714,112,112
msg,2,52,577,7340,714,112,112
msg,2,53,574,5973,696,112,112
msg,2,54,548,5479,696,112,112
msg,2,55,548,5641,714,112,112
msg,2,56,553,5775,716,112,112
msg,2,57,569,19196,718,112,112
msg,2,58,543,10559,715,112,112
msg,2,59,544,5754,724,112,112
msg,2,60,577,10854,697,112,112
msg,2,61,545,10583,696,112,112
msg,2,62,541,8347,718,112,112
msg,2,63,577,6873,716,112,112
msg,2,64,536,5686,728,112,112
msg,2,65,719,5838,695,112,112
msg,2,66,546,5896,715,112,112
msg,2,67,542,19513,720,112,112
msg,2,68,548,7399,709,112,112
msg,2,69,548,5406,694,112,112
msg,2,70,543,5806,714,112,112
msg,2,71,547,13440,719,112,112
msg,2,72,547,10575,717,112,112
msg,2,73,544,8912,718,112,112
msg,2,74,569,10035,713,112,112
msg,2,75,548,5736,723,112,112
msg,2,76,568,18444,716,112,112
msg,2,77,566,6916,697,112,112
msg,2,78,551,5452,698,112,112
msg,2,79,570,8531,774,112,112
msg,2,80,549,17875,802,112,112
msg,2,81,569,11894,713,112,112
msg,2,82,574,9894,717,112,112
msg,2,83,547,8022,719,112,112
msg,2,84,571,6206,718,112,112
msg,2,85,568,18272,721,112,112
msg,2,86,545,6258,697,112,112
msg,2,87,547,8288,718,112,112
msg,2,88,668,17121,719,112,112
msg,2,89,571,6077,692,112,112
msg,2,90,554,6218,805,112,112
msg,2,91,546,8418,720,112,112
msg,2,92,575,7012,718,112,112
msg,2,93,567,5711,722,112,112
msg,2,94,662,18712,693,112,112
msg,2,95,547,5810,717,112,112
msg,2,96,550,6356,696,112,112
msg,2,97,559,5449,697,112,112
msg,2,98,547,17679,715,112,112
msg,2,99,545,7981,719,112,112
msg,2,100,574,7379,795,112,112
msg,2,101,686,9860,698,112,112
msg,2,102,548,6418,690,112,112
msg,2,103,546,6819,714,112,112
msg,2,104,575,13267,697,112,112
msg,2,105,547,10117,714,112,112
msg,2,106,573,5812,697,112,112
msg,2,107,544,5538,697,112,112
msg,2,108,542,16490,695,112,112
msg,2,109,549,6468,694,112,112
msg,2,110,555,5830,714,112,112
msg,2,111,567,5648,718,112,112
msg,2,112,576,7568,721,112,112
msg,2,113,570,5691,717,112,112
msg,2,114,577,17830,713,112,112
msg,2,115,546,5599,719,112,112
msg,2,116,543,5699,720,112,112
msg,2,117,580,5387,716,112,112
msg,2,118,570,18748,720,112,112
msg,2,119,571,8011,717,112,112
msg,2,120,545,7143,718,112,112
msg,2,121,572,5720,692,112,112
msg,2,122,548,6501,687,112,112
msg,2,123,559,5909,722,112,112
msg,2,124,570,18121,712,112,112
msg,2,125,546,5952,716,112,112
msg,2,126,566,8196,711,112,112
msg,2,127,566,6663,716,112,112
msg,2,128,569,19180,716,112,112
msg,2,129,540,5658,846,112,112
msg,2,130,570,5824,715,112,112
msg,2,131,587,6394,717,112,112
msg,2,132,576,5373,716,112,112
msg,2,133,572,8047,710,112,112
msg,2,134,544,18520,717,112,112
msg,2,135,544,7686,717,112,112
msg,2,136,565,7419,714,112,112
msg,2,137,545,19314,699,112,112
msg,2,138,545,7685,839,112,112
msg,2,139,578,6171,696,112,112
msg,2,140,544,5655,717,112,112
msg,2,141,537,6558,718,112,112
msg,2,142,542,5644,722,112,112
msg,2,143,573,20319,716,112,112
msg,2,144,545,10196,698,112,112
msg,2,145,549,8429,692,112,112
msg,2,146,545,7982,720,112,112
msg,2,147,572,11929,720,112,112
msg,2,148,582,5861,716,112,112
msg,2,149,550,6514,717,112,112
msg,2,150,547,5520,716,112,112
msg,2,151,658,6676,718,112,112
msg,2,152,572,6812,697,112,112
msg,2,153,578,19025,720,112,112
msg,2,154,579,11860,715,112,112
msg,2,155,572,6283,722,112,112
msg,2,156,569,18594,716,112,112
msg,2,157,572,5596,716,112,112
msg,2,158,573,7835,714,112,112
msg,2,159,547,6747,712,112,112
msg,2,160,1133,5727,719,112,112
msg,2,161,548,5533,713,112,112
msg,2,162,544,17049,714,112,112
msg,2,163,577,5663,695,112,112
msg,2,164,557,5785,717,112,112
msg,2,165,570,9637,718,112,112
msg,2,166,569,17278,719,112,112
msg,2,167,546,5887,720,112,112
msg,2,168,574,5752,697,112,112
msg,2,169,549,6707,717,112,112
msg,2,170,553,8041,715,112,112
msg,2,171,578,7916,713,112,112
msg,2,172,546,14567,718,112,112
msg,2,173,633,5510,717,112,112
msg,2,174,552,7193,694,112,112
msg,2,175,545,6270,713,112,112
msg,2,176,578,19134,714,112,112
msg,2,177,568,6080,699,112,112
msg,2,178,557,6751,714,112,112
msg,2,179,631,8465,718,112,112
msg,2,180,543,6041,711,112,112
msg,2,181,579,5645,689,112,112
msg,2,182,542,18492,694,112,112
msg,2,183,544,7923,1210,112,112
msg,2,184,586,5551,698,112,112
msg,2,185,570,5408,719,112,112
msg,2,186,577,16067,717,112,112
msg,2,187,573,5878,718,112,112
msg,2,188,570,5862,795,112,112
msg,2,189,544,6821,721,112,112
msg,2,190,573,5505,718,112,112
msg,2,191,581,5656,719,112,112
msg,2,192,574,18934,712,112,112
msg,2,193,545,9105,715,112,112
msg,2,194,570,5787,687,112,112
msg,2,195,543,5726,714,112,112
msg,2,196,538,17519,717,112,112
msg,2,197,576,14372,715,112,112
msg,2,198,552,7335,694,112,112
msg,2,199,557,5544,692,112,112
whole,2,855.039,2973.186,200
#heap 63472
#stack 3296
#end
#block sweep TLS MLKEM512
#lib wolfSSL 5.9.4
iter,tcp_ms,tls_ms,mqtt_ms,total_ms,hs_tx_B,hs_rx_B,mqtt_tx_B,mqtt_rx_B,hs_writes,hs_reads,writes,reads,free_heap_B,hs_keygen_us,hs_derive_us,hs_verify_us,hs_sign_us,hs_keygen_n,hs_derive_n,hs_verify_n,hs_sign_n
#suite TLS13-AES256-GCM-SHA384
0,6.3790,279.2070,16.7230,302.3090,977,13162,45,568,2,12,3,18,165780,6161.0,10495.0,154545.0,0.0,1,1,2,0
1,5.4300,277.4410,19.1220,301.9930,977,13162,45,568,2,12,3,18,165780,6139.0,10528.0,154318.0,0.0,1,1,2,0
2,19.6360,274.9560,12.4150,307.0070,977,13162,45,568,2,12,3,18,165780,6226.0,8888.0,154165.0,0.0,1,1,2,0
3,4.5420,281.8800,20.5860,307.0080,977,13162,45,568,2,12,3,18,165780,6145.0,8856.0,155319.0,0.0,1,1,2,0
4,4.7780,275.6660,20.8550,301.2990,977,13162,45,568,2,12,3,18,165780,6130.0,10488.0,154356.0,0.0,1,1,2,0
5,25.3960,278.4030,11.0950,314.8940,977,13162,45,568,2,12,3,18,165780,6364.0,10383.0,154638.0,0.0,1,1,2,0
6,3.7870,288.2440,16.1980,308.2290,977,13162,45,568,2,12,3,18,165780,6292.0,10445.0,155774.0,0.0,1,1,2,0
7,5.4260,276.6030,19.3940,301.4230,977,13162,45,568,2,12,3,18,165780,6304.0,10414.0,154318.0,0.0,1,1,2,0
8,16.6260,273.9180,15.8590,306.4030,977,13162,45,568,2,12,3,18,165780,6266.0,10418.0,154305.0,0.0,1,1,2,0
9,5.4870,273.4400,12.3020,291.2290,977,13162,45,568,2,12,3,18,165780,6131.0,8864.0,155450.0,0.0,1,1,2,0
10,4.7200,279.0990,16.4450,300.2640,977,13162,45,568,2,12,3,18,165780,6138.0,10404.0,155770.0,0.0,1,1,2,0
11,4.7890,278.5550,31.3920,314.7360,977,13162,45,568,2,12,3,18,165780,6203.0,10530.0,154537.0,0.0,1,1,2,0
12,6.3990,274.5500,9.9860,290.9350,977,13162,45,568,2,12,3,18,165780,6128.0,8692.0,156228.0,0.0,1,1,2,0
13,6.4600,273.7370,23.4740,303.6710,977,13162,45,568,2,12,3,18,165780,6148.0,10435.0,154475.0,0.0,1,1,2,0
14,4.7510,275.9700,20.9430,301.6640,977,13162,45,568,2,12,3,18,165780,6130.0,10363.0,154415.0,0.0,1,1,2,0
15,6.5860,273.8610,36.6360,317.0830,977,13162,45,568,2,12,3,18,165780,6148.0,8859.0,154754.0,0.0,1,1,2,0
16,7.5000,284.6660,11.6430,303.8090,977,13162,45,568,2,12,3,18,165780,6125.0,10419.0,154731.0,0.0,1,1,2,0
17,4.5260,281.6240,13.3680,299.5180,977,13162,45,568,2,12,3,18,165780,6256.0,10777.0,154321.0,0.0,1,1,2,0
18,4.5500,280.3170,16.6150,301.4820,977,13162,45,568,2,12,3,18,165780,6352.0,10392.0,154573.0,0.0,1,1,2,0
19,63.6650,280.3880,12.9750,357.0280,977,13162,45,568,2,12,3,18,165780,6132.0,8914.0,154521.0,0.0,1,1,2,0
#heap 41155
#stack 3384
#end
#block sweep TLS MLKEM768
#lib wolfSSL 5.9.4
iter,tcp_ms,tls_ms,mqtt_ms,total_ms,hs_tx_B,hs_rx_B,mqtt_tx_B,mqtt_rx_B,hs_writes,hs_reads,writes,reads,free_heap_B,hs_keygen_us,hs_derive_us,hs_verify_us,hs_sign_us,hs_keygen_n,hs_derive_n,hs_verify_n,hs_sign_n
#suite TLS13-AES256-GCM-SHA384
0,4.4960,286.7430,14.1240,305.3630,1361,13482,45,568,2,12,3,18,165780,9493.0,15376.0,154296.0,0.0,1,1,2,0
1,4.5350,299.0420,14.4330,318.0100,1361,13482,45,568,2,12,3,18,165780,9619.0,15319.0,154288.0,0.0,1,1,2,0
2,4.3920,285.6930,16.1460,306.2310,1361,13482,45,568,2,12,3,18,165780,9548.0,15302.0,154712.0,0.0,1,1,2,0
3,19.5940,285.8000,21.4930,326.8870,1361,13482,45,568,2,12,3,18,165780,9819.0,15242.0,154593.0,0.0,1,1,2,0
4,4.5770,285.5790,16.2600,306.4160,1361,13482,45,568,2,12,3,18,165780,9606.0,13522.0,154188.0,0.0,1,1,2,0
5,6.8080,299.5990,14.1320,320.5390,1361,13482,45,568,2,12,3,18,165780,9481.0,15391.0,154553.0,0.0,1,1,2,0
6,6.4210,289.1450,14.2250,309.7910,1361,13482,45,568,2,12,3,18,165780,9444.0,13510.0,154562.0,0.0,1,1,2,0
7,5.4770,298.8340,14.1120,318.4230,1361,13482,45,568,2,12,3,18,165780,9481.0,15027.0,154264.0,0.0,1,1,2,0
8,17.8990,286.9360,9.3770,314.2120,1361,13482,45,568,2,12,3,18,165780,9500.0,15743.0,154180.0,0.0,1,1,2,0
9,9.7650,287.0400,12.5440,309.3490,1361,13482,45,568,2,12,3,18,165780,9483.0,13576.0,155907.0,0.0,1,1,2,0
10,9.7190,285.1940,12.5900,307.5030,1361,13482,45,568,2,12,3,18,165780,9433.0,17679.0,154372.0,0.0,1,1,2,0
11,6.4840,294.8090,10.3930,311.6860,1361,13482,45,568,2,12,3,18,165780,9690.0,13487.0,154590.0,0.0,1,1,2,0
12,5.3970,289.8630,13.2170,308.4770,1361,13482,45,568,2,12,3,18,165780,9838.0,15128.0,154496.0,0.0,1,1,2,0
13,21.7800,312.8360,14.3190,348.9350,1361,13482,45,568,2,12,3,18,165780,9497.0,15160.0,155989.0,0.0,1,1,2,0
14,5.4260,286.8870,18.7250,311.0380,1361,13482,45,568,2,12,3,18,165780,9448.0,15176.0,154833.0,0.0,1,1,2,0
15,4.4210,286.5310,12.5140,303.4660,1361,13482,45,568,2,12,3,18,165780,9810.0,15068.0,154591.0,0.0,1,1,2,0
16,6.6690,302.6170,9.9610,319.2470,1361,13482,45,568,2,12,3,18,165780,9753.0,15125.0,154390.0,0.0,1,1,2,0
17,15.8690,286.8610,24.0340,326.7640,1361,13482,45,568,2,12,3,18,165780,9477.0,15089.0,154568.0,0.0,1,1,2,0
18,4.6140,290.1850,14.6450,309.4440,1361,13482,45,568,2,12,3,18,165780,9508.0,15371.0,154145.0,0.0,1,1,2,0
19,19.4920,285.4530,20.9030,325.8480,1361,13482,45,568,2,12,3,18,165780,9745.0,13316.0,154315.0,0.0,1,1,2,0
#heap 42307
#stack 3288
#end
#block sweep TLS MLKEM1024
#lib wolfSSL 5.9.4
iter,tcp_ms,tls_ms,mqtt_ms,total_ms,hs_tx_B,hs_rx_B,mqtt_tx_B,mqtt_rx_B,hs_writes,hs_reads,writes,reads,free_heap_B,hs_keygen_us,hs_derive_us,hs_verify_us,hs_sign_us,hs_keygen_n,hs_derive_n,hs_verify_n,hs_sign_n
#suite TLS13-AES256-GCM-SHA384
0,4.6230,304.9520,11.7640,321.3390,1745,13962,45,568,2,12,3,18,165780,15068.0,19840.0,155693.0,0.0,1,1,2,0
1,4.6990,316.0680,10.6350,331.4020,1745,13962,45,568,2,12,3,18,165780,14846.0,22179.0,154821.0,0.0,1,1,2,0
2,7.4180,307.2910,8.8710,323.5800,1745,13962,45,568,2,12,3,18,165780,14742.0,21233.0,155642.0,0.0,1,1,2,0
3,14.7150,309.6580,84.5630,408.9360,1745,13962,45,568,2,12,3,18,165780,14755.0,22270.0,156039.0,0.0,1,1,2,0
4,4.4210,305.1650,23.0950,332.6810,1745,13962,45,568,2,13,3,19,165780,14939.0,20782.0,154346.0,0.0,1,1,2,0
5,4.4210,301.9360,45.7180,352.0750,1745,13962,45,568,2,12,3,18,165780,14756.0,22189.0,155063.0,0.0,1,1,2,0
6,7.4360,310.6470,25.4960,343.5790,1745,13962,45,568,2,12,3,18,165780,14802.0,22445.0,154517.0,0.0,1,1,2,0
7,6.4920,301.5910,11.5650,319.6480,1745,13962,45,568,2,12,3,18,165780,14945.0,19703.0,154816.0,0.0,1,1,2,0
8,6.7680,302.0650,12.3420,321.1750,1745,13962,45,568,2,12,3,18,165780,14920.0,21518.0,155615.0,0.0,1,1,2,0
9,6.4820,304.5370,13.0670,324.0860,1745,13962,45,568,2,12,3,18,165780,14733.0,22226.0,154700.0,0.0,1,1,2,0
10,6.7480,311.1600,12.8320,330.7400,1745,13962,45,568,2,12,3,18,165780,14575.0,22246.0,154642.0,0.0,1,1,2,0
11,9.6620,303.7580,11.3610,324.7810,1745,13962,45,568,2,12,3,18,165780,14762.0,22318.0,156265.0,0.0,1,1,2,0
12,5.5380,301.0450,12.6320,319.2150,1745,13962,45,568,2,12,3,18,165780,14910.0,21578.0,154447.0,0.0,1,1,2,0
13,5.5110,312.9960,11.1690,329.6760,1745,13962,45,568,2,13,3,19,165780,14751.0,22339.0,154170.0,0.0,1,1,2,0
14,7.6890,301.0730,11.5750,320.3370,1745,13962,45,568,2,13,3,19,165780,14574.0,22282.0,154612.0,0.0,1,1,2,0
15,5.4570,316.2820,69.1750,390.9140,1745,13962,45,568,2,12,3,18,165780,14745.0,20781.0,156078.0,0.0,1,1,2,0
16,8.6540,315.9280,11.3030,335.8850,1745,13962,45,568,2,12,3,18,165780,14785.0,21177.0,154609.0,0.0,1,1,2,0
17,5.3730,318.8710,23.7550,347.9990,1745,13962,45,568,2,12,3,18,165780,14597.0,22311.0,154950.0,0.0,1,1,2,0
18,6.7740,316.2330,8.2530,331.2600,1745,13962,45,568,2,13,3,19,165780,14760.0,21494.0,154340.0,0.0,1,1,2,0
19,5.7580,306.1240,19.4250,331.3070,1745,13962,45,568,2,12,3,18,165780,14777.0,22253.0,154550.0,0.0,1,1,2,0
#heap 43459
#stack 3376
#end
#block sweep TLS X25519MLKEM768
#lib wolfSSL 5.9.4
iter,tcp_ms,tls_ms,mqtt_ms,total_ms,hs_tx_B,hs_rx_B,mqtt_tx_B,mqtt_rx_B,hs_writes,hs_reads,writes,reads,free_heap_B,hs_keygen_us,hs_derive_us,hs_verify_us,hs_sign_us,hs_keygen_n,hs_derive_n,hs_verify_n,hs_sign_n
#suite TLS13-AES256-GCM-SHA384
0,6.4130,409.2640,13.4730,429.1500,1393,13474,45,568,2,12,3,18,165780,66513.0,72018.0,154298.0,0.0,2,2,2,0
1,4.6610,405.1370,25.2450,435.0430,1393,13474,45,568,2,12,3,18,165780,66618.0,72551.0,154309.0,0.0,2,2,2,0
2,5.4460,413.7770,20.6730,439.8960,1393,13474,45,568,2,12,3,18,165780,66635.0,72312.0,154656.0,0.0,2,2,2,0
3,5.8000,411.6300,14.5380,431.9680,1393,13474,45,568,2,12,3,18,165780,66593.0,72333.0,154021.0,0.0,2,2,2,0
4,17.4320,400.8910,19.8780,438.2010,1393,13474,45,568,2,12,3,18,165780,66543.0,72368.0,154277.0,0.0,2,2,2,0
5,5.3750,409.0860,21.6730,436.1340,1393,13474,45,568,2,12,3,18,165780,66494.0,72320.0,154526.0,0.0,2,2,2,0
6,5.4200,413.2760,12.3910,431.0870,1393,13474,45,568,2,12,3,18,165780,66591.0,72035.0,154830.0,0.0,2,2,2,0
7,21.3830,400.7790,17.6390,439.8010,1393,13474,45,568,2,12,3,18,165780,66572.0,72346.0,154701.0,0.0,2,2,2,0
8,5.3820,409.7120,19.2410,434.3350,1393,13474,45,568,2,12,3,18,165780,67108.0,72055.0,155147.0,0.0,2,2,2,0
9,6.4130,422.2920,12.2510,440.9560,1393,13474,45,568,2,12,3,18,165780,67129.0,72274.0,154879.0,0.0,2,2,2,0
10,5.4000,417.3760,11.6130,434.3890,1393,13474,45,568,2,12,3,18,165780,66696.0,71707.0,155575.0,0.0,2,2,2,0
11,8.4040,409.7540,11.8270,429.9850,1393,13474,45,568,2,12,3,18,165780,66674.0,70806.0,156851.0,0.0,2,2,2,0
12,4.9620,403.4200,10.9410,419.3230,1393,13474,45,568,2,12,3,18,165780,66443.0,72251.0,155669.0,0.0,2,2,2,0
13,8.3870,410.1870,13.5220,432.0960,1393,13474,45,568,2,12,3,18,165780,66542.0,71265.0,154827.0,0.0,2,2,2,0
14,9.3990,406.3130,13.1060,428.8180,1393,13474,45,568,2,12,3,18,165780,66504.0,72046.0,154124.0,0.0,2,2,2,0
15,16.5550,404.8120,16.4100,437.7770,1393,13474,45,568,2,12,3,18,165780,66532.0,72396.0,154562.0,0.0,2,2,2,0
16,19.7110,403.3050,18.3750,441.3910,1393,13474,45,568,2,12,3,18,165780,66538.0,72511.0,154121.0,0.0,2,2,2,0
17,5.4610,401.1800,14.7370,421.3780,1393,13474,45,568,2,12,3,18,165780,66559.0,71977.0,154494.0,0.0,2,2,2,0
18,22.7710,414.1850,12.2810,449.2370,1393,13474,45,568,2,12,3,18,165780,66569.0,72240.0,155724.0,0.0,2,2,2,0
19,8.4180,410.4800,12.4290,431.3270,1393,13474,45,568,2,12,3,18,165780,66589.0,70328.0,154782.0,0.0,2,2,2,0
#heap 41059
#stack 3336
#end
#block sweep TLS SecP256r1MLKEM768
#lib wolfSSL 5.9.4
iter,tcp_ms,tls_ms,mqtt_ms,total_ms,hs_tx_B,hs_rx_B,mqtt_tx_B,mqtt_rx_B,hs_writes,hs_reads,writes,reads,free_heap_B,hs_keygen_us,hs_derive_us,hs_verify_us,hs_sign_us,hs_keygen_n,hs_derive_n,hs_verify_n,hs_sign_n
#suite TLS13-AES256-GCM-SHA384
0,6.4050,398.6810,13.6550,418.7410,1426,13547,45,568,2,12,3,18,165780,44313.0,84872.0,154639.0,0.0,2,2,2,0
1,8.3790,406.3820,14.2480,429.0090,1426,13547,45,568,2,12,3,18,165780,44060.0,82974.0,154181.0,0.0,2,2,2,0
2,18.4340,395.8330,15.9530,430.2200,1426,13547,45,568,2,12,3,18,165780,44184.0,84548.0,154831.0,0.0,2,2,2,0
3,7.8110,394.4150,12.2680,414.4940,1426,13547,45,568,2,12,3,18,165780,44170.0,84601.0,155127.0,0.0,2,2,2,0
4,4.6950,407.0630,11.4500,423.2080,1426,13547,45,568,2,12,3,18,165780,44533.0,84901.0,154583.0,0.0,2,2,2,0
5,5.7540,395.1420,19.1730,420.0690,1426,13547,45,568,2,12,3,18,165780,44064.0,85155.0,154302.0,0.0,2,2,2,0
6,4.3800,396.0240,10.2710,410.6750,1426,13547,45,568,2,12,3,18,165780,44317.0,84723.0,156591.0,0.0,2,2,2,0
7,12.7010,400.9520,18.6260,432.2790,1426,13547,45,568,2,12,3,18,165780,44071.0,85095.0,154235.0,0.0,2,2,2,0
8,6.6170,403.7290,13.0460,423.3920,1426,13547,45,568,2,12,3,18,165780,44142.0,84999.0,154615.0,0.0,2,2,2,0
9,17.3980,397.3550,17.9960,432.7490,1426,13547,45,568,2,12,3,18,165780,44054.0,85271.0,154840.0,0.0,2,2,2,0
10,4.4580,396.7140,11.2910,412.4630,1426,13547,45,568,2,12,3,18,165780,44114.0,85396.0,155668.0,0.0,2,2,2,0
11,18.4630,404.4520,12.2220,435.1370,1426,13547,45,568,2,12,3,18,165780,44361.0,84654.0,156534.0,0.0,2,2,2,0
12,5.3820,392.7080,13.0190,411.1090,1426,13547,45,568,2,12,3,18,165780,44311.0,84712.0,155617.0,0.0,2,2,2,0
13,4.3980,399.7780,11.6700,415.8460,1426,13547,45,568,2,12,3,18,165780,44230.0,84253.0,154368.0,0.0,2,2,2,0
14,18.3980,394.7310,21.0510,434.1800,1426,13547,45,568,2,12,3,18,165780,44396.0,84664.0,154434.0,0.0,2,2,2,0
15,4.4190,394.1930,12.1980,410.8100,1426,13547,45,568,2,12,3,18,165780,44052.0,85050.0,155701.0,0.0,2,2,2,0
16,8.4240,395.5050,16.6760,420.6050,1426,13547,45,568,2,12,3,18,165780,44142.0,84238.0,154409.0,0.0,2,2,2,0
17,5.4100,402.1030,12.3490,419.8620,1426,13547,45,568,2,12,3,18,165780,44155.0,85683.0,154557.0,0.0,2,2,2,0
18,20.4120,399.3970,21.0590,440.8680,1426,13547,45,568,2,12,3,18,165780,44271.0,84219.0,154313.0,0.0,2,2,2,0
19,4.5060,396.4070,13.9330,414.8460,1426,13547,45,568,2,12,3,18,165780,44101.0,84840.0,155895.0,0.0,2,2,2,0
#heap 41125
#stack 3256
#end
#block sweep TLS SecP384r1MLKEM1024
#lib wolfSSL 5.9.4
iter,tcp_ms,tls_ms,mqtt_ms,total_ms,hs_tx_B,hs_rx_B,mqtt_tx_B,mqtt_rx_B,hs_writes,hs_reads,writes,reads,free_heap_B,hs_keygen_us,hs_derive_us,hs_verify_us,hs_sign_us,hs_keygen_n,hs_derive_n,hs_verify_n,hs_sign_n
#suite TLS13-AES256-GCM-SHA384
0,4.4490,805.6340,13.5740,823.6570,1842,14059,45,568,2,13,3,19,165780,171018.0,356405.0,154755.0,0.0,2,2,2,0
1,5.5860,805.3320,18.6690,829.5870,1842,14059,45,568,2,12,3,18,165780,170717.0,355628.0,155745.0,0.0,2,2,2,0
2,5.4230,802.9670,11.3400,819.7300,1842,14059,45,568,2,12,3,18,165780,171107.0,356307.0,155124.0,0.0,2,2,2,0
3,4.5820,805.1840,19.8750,829.6410,1842,14059,45,568,2,12,3,18,165780,170803.0,354999.0,154400.0,0.0,2,2,2,0
4,4.7290,885.6530,15.7500,906.1320,1842,14059,45,568,2,14,3,20,165780,170820.0,358319.0,154827.0,0.0,2,2,2,0
5,6.4260,806.7100,14.6730,827.8090,1842,14059,45,568,2,12,3,18,165780,171243.0,356226.0,155243.0,0.0,2,2,2,0
6,5.4570,801.8230,11.9200,819.2000,1842,14059,45,568,2,13,3,19,165780,171022.0,355691.0,155054.0,0.0,2,2,2,0
7,16.4340,810.2580,25.3390,852.0310,1842,14059,45,568,2,12,3,18,165780,170794.0,356314.0,155075.0,0.0,2,2,2,0
8,6.8170,818.1650,21.6260,846.6080,1842,14059,45,568,2,13,3,19,165780,170751.0,354590.0,155274.0,0.0,2,2,2,0
9,4.3920,802.2520,12.9060,819.5500,1842,14059,45,568,2,13,3,19,165780,170982.0,355445.0,154914.0,0.0,2,2,2,0
10,7.3880,803.2720,16.7540,827.4140,1842,14059,45,568,2,13,3,19,165780,170948.0,356776.0,154725.0,0.0,2,2,2,0
11,17.5410,809.5940,20.1330,847.2680,1842,14059,45,568,2,12,3,18,165780,170994.0,354752.0,154775.0,0.0,2,2,2,0
12,4.4210,803.6140,11.6070,819.6420,1842,14059,45,568,2,12,3,18,165780,171124.0,356217.0,154562.0,0.0,2,2,2,0
13,5.4220,804.5550,25.3380,835.3150,1842,14059,45,568,2,12,3,18,165780,170851.0,356487.0,154409.0,0.0,2,2,2,0
14,5.4800,802.0420,11.8100,819.3320,1842,14059,45,568,2,12,3,18,165780,170825.0,355654.0,154923.0,0.0,2,2,2,0
15,5.4060,803.7540,12.5940,821.7540,1842,14059,45,568,2,12,3,18,165780,171036.0,356096.0,154571.0,0.0,2,2,2,0
16,17.4030,810.6080,17.0820,845.0930,1842,14059,45,568,2,12,3,18,165780,170897.0,356213.0,154088.0,0.0,2,2,2,0
17,5.3860,805.0740,13.3980,823.8580,1842,14059,45,568,2,12,3,18,165780,171141.0,355768.0,155000.0,0.0,2,2,2,0
18,5.3840,804.0380,19.9580,829.3800,1842,14059,45,568,2,12,3,18,165780,171014.0,356460.0,154458.0,0.0,2,2,2,0
19,9.3760,805.3280,13.8160,828.5200,1842,14059,45,568,2,12,3,18,165780,170828.0,355545.0,155110.0,0.0,2,2,2,0
#heap 42053
#stack 2968
#end
#block sweep TLS SecP256r1MLKEM512
#lib wolfSSL 5.9.4
iter,tcp_ms,tls_ms,mqtt_ms,total_ms,hs_tx_B,hs_rx_B,mqtt_tx_B,mqtt_rx_B,hs_writes,hs_reads,writes,reads,free_heap_B,hs_keygen_us,hs_derive_us,hs_verify_us,hs_sign_us,hs_keygen_n,hs_derive_n,hs_verify_n,hs_sign_n
#err tls handshake failed: received alert fatal error
#heap 15294
#stack 1912
#end
#block sweep TLS x25519_mlkem512
#lib wolfSSL 5.9.4
iter,tcp_ms,tls_ms,mqtt_ms,total_ms,hs_tx_B,hs_rx_B,mqtt_tx_B,mqtt_rx_B,hs_writes,hs_reads,writes,reads,free_heap_B,hs_keygen_us,hs_derive_us,hs_verify_us,hs_sign_us,hs_keygen_n,hs_derive_n,hs_verify_n,hs_sign_n
#err tls handshake failed: received alert fatal error
#heap 14765
#stack 1824
#end
#block sweep TLS p384_mlkem768
#lib wolfSSL 5.9.4
iter,tcp_ms,tls_ms,mqtt_ms,total_ms,hs_tx_B,hs_rx_B,mqtt_tx_B,mqtt_rx_B,hs_writes,hs_reads,writes,reads,free_heap_B,hs_keygen_us,hs_derive_us,hs_verify_us,hs_sign_us,hs_keygen_n,hs_derive_n,hs_verify_n,hs_sign_n
#suite TLS13-AES256-GCM-SHA384
0,18.4690,814.6470,14.3580,847.4740,1458,13579,45,568,2,12,3,18,165780,165509.0,349414.0,154514.0,0.0,2,2,2,0
1,4.7480,820.1600,21.7400,846.6480,1458,13579,45,568,2,12,3,18,165780,166564.0,348595.0,154656.0,0.0,2,2,2,0
2,4.4020,787.7130,20.8250,812.9400,1458,13579,45,568,2,12,3,18,165780,165588.0,349075.0,154252.0,0.0,2,2,2,0
3,8.5020,799.0940,13.1930,820.7890,1458,13579,45,568,2,12,3,18,165780,165682.0,349362.0,154660.0,0.0,2,2,2,0
4,5.4800,789.9470,11.4600,806.8870,1458,13579,45,568,2,12,3,18,165780,165468.0,347828.0,154717.0,0.0,2,2,2,0
5,7.5680,793.3040,11.1250,811.9970,1458,13579,45,568,2,12,3,18,165780,165565.0,347441.0,154472.0,0.0,2,2,2,0
6,6.3720,794.5670,11.6440,812.5830,1458,13579,45,568,2,12,3,18,165780,165644.0,348075.0,154411.0,0.0,2,2,2,0
7,5.4200,793.4180,12.6900,811.5280,1458,13579,45,568,2,12,3,18,165780,165440.0,347803.0,154091.0,0.0,2,2,2,0
8,5.5790,809.9030,12.2010,827.6830,1458,13579,45,568,2,12,3,18,165780,165632.0,348797.0,154294.0,0.0,2,2,2,0
9,7.4020,819.2350,20.5400,847.1770,1458,13579,45,568,2,12,3,18,165780,165691.0,348126.0,154438.0,0.0,2,2,2,0
10,6.3790,822.3940,21.8270,850.6000,1458,13579,45,568,2,12,3,18,165780,165448.0,348641.0,154594.0,0.0,2,2,2,0
11,5.4060,808.5450,12.7200,826.6710,1458,13579,45,568,2,12,3,18,165780,165578.0,349355.0,155478.0,0.0,2,2,2,0
12,8.7890,811.8370,12.4190,833.0450,1458,13579,45,568,2,12,3,18,165780,165622.0,351648.0,154629.0,0.0,2,2,2,0
13,5.3930,811.2040,12.6770,829.2740,1458,13579,45,568,2,12,3,18,165780,165831.0,348705.0,154540.0,0.0,2,2,2,0
14,6.7050,817.6850,21.2700,845.6600,1458,13579,45,568,2,12,3,18,165780,165503.0,349087.0,154254.0,0.0,2,2,2,0
15,17.8750,810.0050,11.8010,839.6810,1458,13579,45,568,2,12,3,18,165780,165367.0,349487.0,154391.0,0.0,2,2,2,0
16,18.4000,815.2110,13.7370,847.3480,1458,13579,45,568,2,12,3,18,165780,165674.0,347493.0,154148.0,0.0,2,2,2,0
17,5.3940,818.7120,21.1370,845.2430,1458,13579,45,568,2,12,3,18,165780,165512.0,348999.0,154853.0,0.0,2,2,2,0
18,5.6290,801.6210,15.0780,822.3280,1458,13579,45,568,2,12,3,18,165780,165541.0,347234.0,154284.0,0.0,2,2,2,0
19,5.3950,790.1710,10.8090,806.3750,1458,13579,45,568,2,12,3,18,165780,165677.0,349335.0,155891.0,0.0,2,2,2,0
#heap 41189
#stack 3416
#end
#block sweep TLS p521_mlkem1024
#lib wolfSSL 5.9.4
iter,tcp_ms,tls_ms,mqtt_ms,total_ms,hs_tx_B,hs_rx_B,mqtt_tx_B,mqtt_rx_B,hs_writes,hs_reads,writes,reads,free_heap_B,hs_keygen_us,hs_derive_us,hs_verify_us,hs_sign_us,hs_keygen_n,hs_derive_n,hs_verify_n,hs_sign_n
#suite TLS13-AES256-GCM-SHA384
0,18.7310,1027.9620,12.8190,1059.5120,1878,14095,45,568,2,12,3,18,165780,249752.0,496211.0,155643.0,0.0,2,2,2,0
1,7.5250,1053.6700,12.2750,1073.4700,1878,14095,45,568,2,12,3,18,165780,249819.0,496249.0,154744.0,0.0,2,2,2,0
2,7.4520,1061.4840,10.5860,1079.5220,1878,14095,45,568,2,13,3,19,165780,249902.0,493557.0,154621.0,0.0,2,2,2,0
3,19.6280,1053.3670,19.7150,1092.7100,1878,14095,45,568,2,12,3,18,165780,249548.0,495870.0,155001.0,0.0,2,2,2,0
4,6.5790,1027.3770,16.1560,1050.1120,1878,14095,45,568,2,12,3,18,165780,249392.0,495633.0,154521.0,0.0,2,2,2,0
5,5.3770,1027.2700,13.0080,1045.6550,1878,14095,45,568,2,13,3,19,165780,249907.0,494968.0,154094.0,0.0,2,2,2,0
6,5.4530,1026.4490,11.3000,1043.2020,1878,14095,45,568,2,12,3,18,165780,249784.0,494837.0,154216.0,0.0,2,2,2,0
7,8.4370,1034.2240,24.7440,1067.4050,1878,14095,45,568,2,13,3,19,165780,249560.0,496029.0,154908.0,0.0,2,2,2,0
8,3.3790,1044.3150,12.5950,1060.2890,1878,14095,45,568,2,12,3,18,165780,249736.0,495342.0,154401.0,0.0,2,2,2,0
9,4.4160,1049.6570,14.6860,1068.7590,1878,14095,45,568,2,12,3,18,165780,249665.0,495833.0,154468.0,0.0,2,2,2,0
10,5.8090,1043.2510,10.7470,1059.8070,1878,14095,45,568,2,12,3,18,165780,250173.0,495929.0,155458.0,0.0,2,2,2,0
11,5.6100,1042.4890,20.2030,1068.3020,1878,14095,45,568,2,13,3,19,165780,250182.0,495234.0,154291.0,0.0,2,2,2,0
12,7.3910,1050.5980,15.0710,1073.0600,1878,14095,45,568,2,13,3,19,165780,249630.0,494777.0,154614.0,0.0,2,2,2,0
13,7.4000,1076.2320,23.7160,1107.3480,1878,14095,45,568,2,13,3,19,165780,249761.0,494899.0,155823.0,0.0,2,2,2,0
14,4.4540,1042.3440,26.0790,1072.8770,1878,14095,45,568,2,12,3,18,165780,249645.0,495677.0,154105.0,0.0,2,2,2,0
15,18.4090,1057.7520,12.0250,1088.1860,1878,14095,45,568,2,12,3,18,165780,249551.0,495889.0,154232.0,0.0,2,2,2,0
16,8.3750,1052.6110,11.4770,1072.4630,1878,14095,45,568,2,12,3,18,165780,249473.0,495924.0,154354.0,0.0,2,2,2,0
17,5.4020,1053.1750,17.4030,1075.9800,1878,14095,45,568,2,12,3,18,165780,249524.0,495679.0,154436.0,0.0,2,2,2,0
18,5.4060,1050.9120,11.6830,1068.0010,1878,14095,45,568,2,12,3,18,165780,249669.0,495864.0,154925.0,0.0,2,2,2,0
19,9.6680,1055.3000,12.9030,1077.8710,1878,14095,45,568,2,12,3,18,165780,249713.0,496062.0,154778.0,0.0,2,2,2,0
#heap 42125
#stack 2904
#end
#block sweep TLS x448_mlkem768
#lib wolfSSL 5.9.4
iter,tcp_ms,tls_ms,mqtt_ms,total_ms,hs_tx_B,hs_rx_B,mqtt_tx_B,mqtt_rx_B,hs_writes,hs_reads,writes,reads,free_heap_B,hs_keygen_us,hs_derive_us,hs_verify_us,hs_sign_us,hs_keygen_n,hs_derive_n,hs_verify_n,hs_sign_n
#suite TLS13-AES256-GCM-SHA384
0,5.6000,707.4460,11.9350,724.9810,1417,13538,45,568,2,12,3,18,165780,210369.0,215667.0,154643.0,0.0,2,2,2,0
1,17.4490,705.6520,19.2500,742.3510,1417,13538,45,568,2,12,3,18,165780,210710.0,215833.0,154245.0,0.0,2,2,2,0
2,6.4920,702.1950,12.5010,721.1880,1417,13538,45,568,2,12,3,18,165780,210487.0,215996.0,154584.0,0.0,2,2,2,0
3,5.3750,708.2450,578.7470,1292.3670,1417,13538,45,568,2,12,3,18,165780,210538.0,217600.0,154223.0,0.0,2,2,2,0
4,7.3810,714.2280,28.1760,749.7850,1417,13538,45,568,2,12,3,18,165780,210422.0,215682.0,154467.0,0.0,2,2,2,0
5,4.7820,712.2500,14.6100,731.6420,1417,13538,45,568,2,12,3,18,165780,210222.0,214435.0,154351.0,0.0,2,2,2,0
6,7.5870,708.8020,11.9940,728.3830,1417,13538,45,568,2,12,3,18,165780,210660.0,216101.0,154316.0,0.0,2,2,2,0
7,10.5660,713.0110,14.5460,738.1230,1417,13538,45,568,2,12,3,18,165780,210983.0,215928.0,154747.0,0.0,2,2,2,0
8,9.0170,715.8650,15.2670,740.1490,1417,13538,45,568,2,12,3,18,165780,210295.0,214361.0,154217.0,0.0,2,2,2,0
9,4.7960,706.1960,14.2720,725.2640,1417,13538,45,568,2,12,3,18,165780,210330.0,216355.0,154669.0,0.0,2,2,2,0
10,10.6750,719.9150,26.5780,757.1680,1417,13538,45,568,2,12,3,18,165780,210302.0,215980.0,154826.0,0.0,2,2,2,0
11,4.5880,704.3520,16.5890,725.5290,1417,13538,45,568,2,12,3,18,165780,210255.0,215648.0,154084.0,0.0,2,2,2,0
12,18.5270,705.2920,18.7130,742.5320,1417,13538,45,568,2,12,3,18,165780,210190.0,213797.0,154585.0,0.0,2,2,2,0
13,4.5820,701.5700,17.1410,723.2930,1417,13538,45,568,2,12,3,18,165780,210040.0,215942.0,154287.0,0.0,2,2,2,0
14,6.8200,705.1250,14.5410,726.4860,1417,13538,45,568,2,12,3,18,165780,210120.0,215231.0,154166.0,0.0,2,2,2,0
15,8.3750,706.9510,13.5630,728.8890,1417,13538,45,568,2,12,3,18,165780,210144.0,215853.0,154447.0,0.0,2,2,2,0
16,7.4300,704.3480,13.6520,725.4300,1417,13538,45,568,2,12,3,18,165780,210285.0,215743.0,156248.0,0.0,2,2,2,0
17,5.4740,708.4030,9.7880,723.6650,1417,13538,45,568,2,12,3,18,165780,210229.0,216323.0,155320.0,0.0,2,2,2,0
18,5.4670,704.9280,12.4290,722.8240,1417,13538,45,568,2,12,3,18,165780,210493.0,217393.0,154972.0,0.0,2,2,2,0
19,8.5900,702.0930,14.7580,725.4410,1417,13538,45,568,2,12,3,18,165780,210147.0,216002.0,154148.0,0.0,2,2,2,0
#heap 41107
#stack 3960
#end
#block sweep TLS X25519
#lib wolfSSL 5.9.4
iter,tcp_ms,tls_ms,mqtt_ms,total_ms,hs_tx_B,hs_rx_B,mqtt_tx_B,mqtt_rx_B,hs_writes,hs_reads,writes,reads,free_heap_B,hs_keygen_us,hs_derive_us,hs_verify_us,hs_sign_us,hs_keygen_n,hs_derive_n,hs_verify_n,hs_sign_n
#suite TLS13-AES256-GCM-SHA384
0,6.3690,379.1040,12.2640,397.7370,209,12426,45,568,2,12,3,18,165780,57141.0,59987.0,154359.0,0.0,1,1,2,0
1,6.4670,383.9940,11.3150,401.7760,209,12426,45,568,2,12,3,18,165780,57178.0,60478.0,154398.0,0.0,1,1,2,0
2,5.6000,380.4810,11.3800,397.4610,209,12426,45,568,2,12,3,18,165780,57067.0,60193.0,155176.0,0.0,1,1,2,0
3,7.3940,397.4190,12.5340,417.3470,209,12426,45,568,2,12,3,18,165780,57327.0,60648.0,154420.0,0.0,1,1,2,0
4,4.8200,370.1530,12.5480,387.5210,209,12426,45,568,2,12,3,18,165780,57604.0,60865.0,154399.0,0.0,1,1,2,0
5,1587.9880,369.9470,11.7870,1969.7220,209,12426,45,568,2,12,3,18,165780,57066.0,56944.0,154335.0,0.0,1,1,2,0
6,4.5680,370.1520,15.3820,390.1020,209,12426,45,568,2,12,3,18,165780,57099.0,60068.0,154506.0,0.0,1,1,2,0
7,5.3760,369.7680,13.4810,388.6250,209,12426,45,568,2,12,3,18,165780,57091.0,60741.0,154807.0,0.0,1,1,2,0
8,4.7670,369.9160,10.9060,385.5890,209,12426,45,568,2,12,3,18,165780,57141.0,60075.0,154876.0,0.0,1,1,2,0
9,15.9060,368.7560,12.2500,396.9120,209,12426,45,568,2,12,3,18,165780,57065.0,60154.0,154737.0,0.0,1,1,2,0
10,6.4020,371.8450,13.6710,391.9180,209,12426,45,568,2,12,3,18,165780,57691.0,60481.0,154494.0,0.0,1,1,2,0
11,5.5940,378.7190,12.4630,396.7760,209,12426,45,568,2,12,3,18,165780,57163.0,60047.0,155921.0,0.0,1,1,2,0
12,4.4290,378.6470,19.3100,402.3860,209,12426,45,568,2,12,3,18,165780,56970.0,60127.0,154652.0,0.0,1,1,2,0
13,5.4660,379.6470,12.1240,397.2370,209,12426,45,568,2,12,3,18,165780,57094.0,60054.0,154435.0,0.0,1,1,2,0
14,7.3790,378.0570,12.9690,398.4050,209,12426,45,568,2,12,3,18,165780,57031.0,59961.0,154648.0,0.0,1,1,2,0
15,5.9170,382.1790,12.8700,400.9660,209,12426,45,568,2,12,3,18,165780,56996.0,61354.0,154346.0,0.0,1,1,2,0
16,5.3760,378.0000,12.7520,396.1280,209,12426,45,568,2,12,3,18,165780,57079.0,59977.0,154865.0,0.0,1,1,2,0
17,7.6080,378.5260,18.3740,404.5080,209,12426,45,568,2,12,3,18,165780,57153.0,59975.0,154084.0,0.0,1,1,2,0
18,6.6040,378.1660,18.4230,403.1930,209,12426,45,568,2,12,3,18,165780,57104.0,58954.0,154210.0,0.0,1,1,2,0
19,5.5050,378.1330,16.7590,400.3970,209,12426,45,568,2,12,3,18,165780,57088.0,58765.0,155081.0,0.0,1,1,2,0
#heap 38755
#stack 3432
#end
#block sweep TLS secp256r1
#lib wolfSSL 5.9.4
iter,tcp_ms,tls_ms,mqtt_ms,total_ms,hs_tx_B,hs_rx_B,mqtt_tx_B,mqtt_rx_B,hs_writes,hs_reads,writes,reads,free_heap_B,hs_keygen_us,hs_derive_us,hs_verify_us,hs_sign_us,hs_keygen_n,hs_derive_n,hs_verify_n,hs_sign_n
#suite TLS13-AES256-GCM-SHA384
0,19.4080,370.0540,14.6010,404.0630,242,12459,45,568,2,12,3,18,165780,34755.0,71262.0,154094.0,0.0,1,1,2,0
1,6.7830,367.8820,14.1670,388.8320,242,12459,45,568,2,12,3,18,165780,34605.0,72946.0,154929.0,0.0,1,1,2,0
2,7.3800,366.1640,13.7890,387.3330,242,12459,45,568,2,12,3,18,165780,34749.0,72675.0,155282.0,0.0,1,1,2,0
3,5.3920,368.6860,14.1600,388.2380,242,12459,45,568,2,12,3,18,165780,34729.0,72772.0,154405.0,0.0,1,1,2,0
4,19.5430,369.8390,14.4790,403.8610,242,12459,45,568,2,12,3,18,165780,34608.0,70159.0,155093.0,0.0,1,1,2,0
5,5.3750,369.5790,14.8750,389.8290,242,12459,45,568,2,12,3,18,165780,34561.0,71213.0,155234.0,0.0,1,1,2,0
6,2843.8650,363.0700,15.4340,3222.3690,242,12459,45,568,2,12,3,18,165780,34718.0,73884.0,155108.0,0.0,1,1,2,0
7,4.5960,360.8830,12.5830,378.0620,242,12459,45,568,2,12,3,18,165780,34681.0,73052.0,154422.0,0.0,1,1,2,0
8,4.3870,372.5040,12.5450,389.4360,242,12459,45,568,2,12,3,18,165780,34648.0,73725.0,154810.0,0.0,1,1,2,0
9,5.3620,362.5070,19.5250,387.3940,242,12459,45,568,2,12,3,18,165780,34759.0,72642.0,154391.0,0.0,1,1,2,0
10,6.3790,370.7530,26.0280,403.1600,242,12459,45,568,2,12,3,18,165780,34505.0,72882.0,154085.0,0.0,1,1,2,0
11,6.3970,366.6710,12.3420,385.4100,242,12459,45,568,2,12,3,18,165780,34678.0,73128.0,154504.0,0.0,1,1,2,0
12,6.4430,371.2380,12.3470,390.0280,242,12459,45,568,2,12,3,18,165780,34610.0,73069.0,154526.0,0.0,1,1,2,0
13,7.5170,375.1340,25.9050,408.5560,242,12459,45,568,2,12,3,18,165780,34658.0,72670.0,154238.0,0.0,1,1,2,0
14,4.4140,368.0790,28.9510,401.4440,242,12459,45,568,2,12,3,18,165780,34635.0,72983.0,154554.0,0.0,1,1,2,0
15,6.3990,367.2020,8.7790,382.3800,242,12459,45,568,2,12,3,18,165780,34754.0,73589.0,154779.0,0.0,1,1,2,0
16,6.3940,376.8810,24.7240,407.9990,242,12459,45,568,2,12,3,18,165780,34695.0,72525.0,154740.0,0.0,1,1,2,0
17,3.5200,368.1670,11.8370,383.5240,242,12459,45,568,2,12,3,18,165780,34746.0,72642.0,154914.0,0.0,1,1,2,0
18,6.3680,374.6910,13.0460,394.1050,242,12459,45,568,2,12,3,18,165780,34645.0,73643.0,154183.0,0.0,1,1,2,0
19,7.3960,375.1450,24.9480,407.4890,242,12459,45,568,2,12,3,18,165780,34619.0,72724.0,154985.0,0.0,1,1,2,0
#heap 38788
#stack 2976
#end
#block sweep mTLS MLKEM512
#lib wolfSSL 5.9.4
iter,tcp_ms,tls_ms,mqtt_ms,total_ms,hs_tx_B,hs_rx_B,mqtt_tx_B,mqtt_rx_B,hs_writes,hs_reads,writes,reads,free_heap_B,hs_keygen_us,hs_derive_us,hs_verify_us,hs_sign_us,hs_keygen_n,hs_derive_n,hs_verify_n,hs_sign_n
#suite TLS13-AES256-GCM-SHA384
0,5.3810,1420.8330,53.2290,1479.4430,13168,13332,45,15576,4,14,5,20,153244,6109.0,8682.0,154534.0,1018796.0,1,1,2,1
1,4.4460,2223.2980,67.0620,2294.8060,13168,13332,45,15576,4,14,5,20,153244,6136.0,10387.0,154490.0,1812375.0,1,1,2,1
2,5.3830,1533.3070,129.0470,1667.7370,13168,13332,45,15576,4,14,5,20,153244,6127.0,8863.0,154336.0,1129499.0,1,1,2,1
3,5.6520,1313.7370,171.2600,1490.6490,13168,13332,45,15576,4,15,5,22,153244,6209.0,10307.0,154193.0,829509.0,1,1,2,1
4,131.9740,762.9180,131.7380,1026.6300,13168,13332,45,15576,4,15,5,21,153244,6312.0,8844.0,154494.0,351227.0,1,1,2,1
5,6.3960,974.6880,63.1170,1044.2010,13168,13332,45,15576,4,14,5,20,153244,6123.0,8843.0,154357.0,560884.0,1,1,2,1
6,6.3840,979.0300,55.1250,1040.5390,13168,13332,45,15576,4,14,5,20,153244,6122.0,8662.0,154663.0,577622.0,1,1,2,1
7,16.7430,1103.7080,65.7550,1186.2060,13168,13332,45,15576,4,14,5,20,153244,6132.0,10343.0,154381.0,702323.0,1,1,2,1
8,5.3950,752.5280,56.8370,814.7600,13168,13332,45,15576,4,14,5,20,153244,6127.0,8868.0,154480.0,350296.0,1,1,2,1
9,8.5260,672.8680,77.5750,758.9690,13168,13332,45,15576,4,14,5,20,153244,6264.0,8897.0,154378.0,243136.0,1,1,2,1
10,5.3830,783.4640,61.2970,850.1440,13168,13332,45,15576,4,14,5,20,153244,6137.0,8913.0,154640.0,234651.0,1,1,2,1
11,5.4100,1070.3800,55.9370,1131.7270,13168,13332,45,15576,4,14,5,21,153244,6283.0,8861.0,154333.0,667752.0,1,1,2,1
12,4.4030,544.5060,56.0630,604.9720,13168,13332,45,15576,4,14,5,20,153244,6118.0,10354.0,154200.0,132157.0,1,1,2,1
13,5.3780,1235.5260,58.4470,1299.3510,13168,13332,45,15576,4,14,5,20,153244,6145.0,10565.0,154202.0,825611.0,1,1,2,1
14,6.3820,533.1920,61.1050,600.6790,13168,13332,45,15576,4,14,5,20,153244,6143.0,8669.0,154531.0,132390.0,1,1,2,1
15,4.4010,980.0120,53.0210,1037.4340,13168,13332,45,15576,4,14,5,21,153244,6278.0,8840.0,154448.0,566769.0,1,1,2,1
16,20.4030,763.0940,65.2510,848.7480,13168,13332,45,15576,4,14,5,20,153244,6132.0,10447.0,154011.0,359846.0,1,1,2,1
17,6.3750,1556.4520,65.3220,1628.1490,13168,13332,45,15576,4,14,5,20,153244,6108.0,8696.0,155369.0,1143941.0,1,1,2,1
18,9.4050,866.2160,639.8190,1515.4400,13168,13332,45,15576,4,14,5,20,153244,6120.0,8678.0,154119.0,453491.0,1,1,2,1
19,5.3860,757.1340,61.7810,824.3010,13168,13332,45,15576,4,14,5,20,153244,6132.0,10434.0,154423.0,356045.0,1,1,2,1
#heap 63568
#stack 3640
#end
#block sweep mTLS MLKEM768
#lib wolfSSL 5.9.4
iter,tcp_ms,tls_ms,mqtt_ms,total_ms,hs_tx_B,hs_rx_B,mqtt_tx_B,mqtt_rx_B,hs_writes,hs_reads,writes,reads,free_heap_B,hs_keygen_us,hs_derive_us,hs_verify_us,hs_sign_us,hs_keygen_n,hs_derive_n,hs_verify_n,hs_sign_n
#suite TLS13-AES256-GCM-SHA384
0,7.4840,775.4270,58.7820,841.6930,13552,13652,45,15576,4,14,5,20,153244,9764.0,15032.0,154735.0,360398.0,1,1,2,1
1,5.4390,886.1850,66.0280,957.6520,13552,13652,45,15576,4,14,5,21,153244,9651.0,13517.0,154586.0,464717.0,1,1,2,1
2,5.4570,545.3080,64.2850,615.0500,13552,13652,45,15576,4,14,5,20,153244,9446.0,15077.0,154409.0,132545.0,1,1,2,1
3,5.5590,556.6880,53.4530,615.7000,13552,13652,45,15576,4,14,5,20,153244,9455.0,13543.0,154472.0,132920.0,1,1,2,1
4,4.4580,898.9550,53.2420,956.6550,13552,13652,45,15576,4,14,5,21,153244,9463.0,15032.0,154646.0,476538.0,1,1,2,1
5,5.4060,1118.8300,56.9560,1181.1920,13552,13652,45,15576,4,14,5,20,153244,9608.0,13713.0,154194.0,698115.0,1,1,2,1
6,6.8050,548.8630,65.8930,621.5610,13552,13652,45,15576,4,14,5,21,153244,9450.0,14918.0,154540.0,132757.0,1,1,2,1
7,4.5180,760.6640,52.8960,818.0780,13552,13652,45,15576,4,14,5,20,153244,9439.0,13514.0,154477.0,333916.0,1,1,2,1
8,8.3910,557.3500,52.4950,618.2360,13552,13652,45,15576,4,14,5,20,153244,9711.0,15015.0,154269.0,132791.0,1,1,2,1
9,4.6250,546.5960,53.1930,604.4140,13552,13652,45,15576,4,14,5,20,153244,9620.0,15054.0,154585.0,132541.0,1,1,2,1
10,4.5220,765.4740,53.8830,823.8790,13552,13652,45,15576,4,14,5,20,153244,9457.0,13933.0,154548.0,348210.0,1,1,2,1
11,19.6610,655.4020,63.4950,738.5580,13552,13652,45,15576,4,14,5,20,153244,9629.0,13358.0,154321.0,243176.0,1,1,2,1
12,10.5130,659.8930,53.7180,724.1240,13552,13652,45,15576,4,14,5,20,153244,9516.0,15094.0,154886.0,234651.0,1,1,2,1
13,5.4090,795.8040,55.2410,856.4540,13552,13652,45,15576,4,14,5,20,153244,9766.0,15149.0,154589.0,374957.0,1,1,2,1
14,6.7220,550.1740,51.5620,608.4580,13552,13652,45,15576,4,14,5,20,153244,9474.0,14954.0,155269.0,132423.0,1,1,2,1
15,31.4270,1012.1860,63.4410,1107.0540,13552,13652,45,15576,4,14,5,20,153244,9467.0,15036.0,154469.0,599693.0,1,1,2,1
16,5.4090,664.8410,52.2030,722.4530,13552,13652,45,15576,4,14,5,20,153244,9639.0,15012.0,154292.0,237154.0,1,1,2,1
17,5.4940,877.2560,64.1700,946.9200,13552,13652,45,15576,4,14,5,20,153244,9446.0,14877.0,154516.0,462993.0,1,1,2,1
18,5.3780,666.6750,52.8240,724.8770,13552,13652,45,15576,4,14,5,20,153244,9452.0,13561.0,154621.0,254193.0,1,1,2,1
19,4.7500,977.2060,61.2930,1043.2490,13552,13652,45,15576,4,14,5,20,153244,9651.0,15040.0,154338.0,539368.0,1,1,2,1
#heap 64720
#stack 3640
#end
#block sweep mTLS MLKEM1024
#lib wolfSSL 5.9.4
iter,tcp_ms,tls_ms,mqtt_ms,total_ms,hs_tx_B,hs_rx_B,mqtt_tx_B,mqtt_rx_B,hs_writes,hs_reads,writes,reads,free_heap_B,hs_keygen_us,hs_derive_us,hs_verify_us,hs_sign_us,hs_keygen_n,hs_derive_n,hs_verify_n,hs_sign_n
#suite TLS13-AES256-GCM-SHA384
0,9.5510,676.8230,65.2950,751.6690,13936,14132,45,15576,4,15,5,21,153244,14760.0,19691.0,154606.0,237324.0,1,1,2,1
1,4.8000,798.9560,57.6470,861.4030,13936,14132,45,15576,4,15,5,21,153244,14801.0,22110.0,154800.0,356161.0,1,1,2,1
2,5.3730,1616.5900,66.1210,1688.0840,13936,14132,45,15576,4,14,5,20,153244,14536.0,19706.0,154060.0,1174262.0,1,1,2,1
3,7.4100,564.9640,57.3830,629.7570,13936,14132,45,15576,4,14,5,22,153244,14681.0,21022.0,154529.0,132472.0,1,1,2,1
4,5.3880,563.5200,61.5950,630.5030,13936,14132,45,15576,4,15,5,21,153244,14810.0,19692.0,154417.0,132784.0,1,1,2,1
5,5.4390,1010.5430,52.3580,1068.3400,13936,14132,45,15576,4,15,5,21,153244,14744.0,22197.0,154716.0,575016.0,1,1,2,1
6,4.7810,664.9340,52.8810,722.5960,13936,14132,45,15576,4,14,5,20,153244,14675.0,21723.0,154410.0,236258.0,1,1,2,1
7,5.4620,561.8160,59.2990,626.5770,13936,14132,45,15576,4,14,5,20,153244,14795.0,21029.0,154111.0,132430.0,1,1,2,1
8,9.7850,1157.4530,58.7880,1226.0260,13936,14132,45,15576,4,14,5,21,153244,14731.0,22103.0,154373.0,720412.0,1,1,2,1
9,5.4080,563.5740,61.3200,630.3020,13936,14132,45,15576,4,14,5,20,153244,14708.0,22108.0,154624.0,132269.0,1,1,2,1
10,4.8570,678.4960,55.8620,739.2150,13936,14132,45,15576,4,15,5,21,153244,14703.0,20359.0,153934.0,237433.0,1,1,2,1
11,5.5660,779.5880,53.0720,838.2260,13936,14132,45,15576,4,14,5,20,153244,14587.0,22427.0,154513.0,352703.0,1,1,2,1
12,6.4270,561.6650,58.6990,626.7910,13936,14132,45,15576,4,14,5,20,153244,14721.0,22125.0,154243.0,132829.0,1,1,2,1
13,6.4430,677.6350,57.0790,741.1570,13936,14132,45,15576,4,14,5,21,153244,14538.0,21433.0,154030.0,239695.0,1,1,2,1
14,4.3980,1460.8020,65.3810,1530.5810,13936,14132,45,15576,4,14,5,21,153244,14569.0,22336.0,154407.0,1030915.0,1,1,2,1
15,19.5590,816.2400,58.4210,894.2200,13936,14132,45,15576,4,15,5,21,153244,14568.0,21137.0,154257.0,376354.0,1,1,2,1
16,5.3990,561.6080,61.3320,628.3390,13936,14132,45,15576,4,14,5,20,153244,14775.0,22088.0,154230.0,132395.0,1,1,2,1
17,5.4370,902.2150,55.8100,963.4620,13936,14132,45,15576,4,15,5,21,153244,14723.0,21110.0,154009.0,469531.0,1,1,2,1
18,8.3750,561.6810,53.2040,623.2600,13936,14132,45,15576,4,14,5,21,153244,14967.0,22285.0,154503.0,132824.0,1,1,2,1
19,4.4850,1666.6980,51.4200,1722.6030,13936,14132,45,15576,4,14,5,20,153244,14674.0,22166.0,155156.0,1238093.0,1,1,2,1
#heap 65872
#stack 3120
#end
#block sweep mTLS X25519MLKEM768
#lib wolfSSL 5.9.4
iter,tcp_ms,tls_ms,mqtt_ms,total_ms,hs_tx_B,hs_rx_B,mqtt_tx_B,mqtt_rx_B,hs_writes,hs_reads,writes,reads,free_heap_B,hs_keygen_us,hs_derive_us,hs_verify_us,hs_sign_us,hs_keygen_n,hs_derive_n,hs_verify_n,hs_sign_n
#suite TLS13-AES256-GCM-SHA384
0,7.5310,672.7510,53.7130,733.9950,13584,13644,45,15576,4,14,5,20,153244,66502.0,71832.0,154626.0,132238.0,2,2,2,1
1,19.6470,1248.7170,72.6390,1341.0030,13584,13644,45,15576,4,14,5,21,153244,66650.0,71438.0,156790.0,698268.0,2,2,2,1
2,102.9720,1119.3210,57.5980,1279.8910,13584,13644,45,15576,4,14,5,20,153244,67275.0,74798.0,154352.0,589364.0,2,2,2,1
3,4.7790,899.0450,75.7890,979.6130,13584,13644,45,15576,4,14,5,21,153244,66470.0,72159.0,154459.0,356505.0,2,2,2,1
4,4.4170,1131.0660,66.1950,1201.6780,13584,13644,45,15576,4,14,5,20,153244,66526.0,75327.0,154355.0,599236.0,2,2,2,1
5,5.5770,1795.5850,52.7200,1853.8820,13584,13644,45,15576,4,14,5,20,153244,66496.0,70606.0,154920.0,1259237.0,2,2,2,1
6,5.5800,665.1170,63.8000,734.4970,13584,13644,45,15576,4,14,5,20,153244,66511.0,72092.0,154665.0,132483.0,2,2,2,1
7,4.7280,799.7500,71.6200,876.0980,13584,13644,45,15576,4,14,5,21,153244,67188.0,72204.0,154089.0,259231.0,2,2,2,1
8,6.4290,664.8990,61.5450,732.8730,13584,13644,45,15576,4,14,5,20,153244,66480.0,72102.0,154452.0,132693.0,2,2,2,1
9,7.4150,1651.1150,63.0080,1721.5380,13584,13644,45,15576,4,14,5,21,153244,66715.0,70610.0,154774.0,1109314.0,2,2,2,1
10,5.8550,1020.9300,54.6060,1081.3910,13584,13644,45,15576,4,14,5,20,153244,66528.0,70550.0,155975.0,478092.0,2,2,2,1
11,6.4180,1019.0600,54.5320,1080.0100,13584,13644,45,15576,4,14,5,20,153244,66425.0,72551.0,154611.0,487395.0,2,2,2,1
12,46.4460,765.5930,65.2910,877.3300,13584,13644,45,15576,4,14,5,21,153244,66627.0,72769.0,154440.0,235298.0,2,2,2,1
13,6.4280,901.0520,62.4480,969.9280,13584,13644,45,15576,4,14,5,20,153244,66523.0,72815.0,156467.0,355538.0,2,2,2,1
14,4.5690,673.2240,501.3920,1179.1850,13584,13644,45,15576,4,14,5,20,153244,67049.0,72253.0,154381.0,133723.0,2,2,2,1
15,4.8310,1779.5980,53.0830,1837.5120,13584,13644,45,15576,4,14,5,20,153244,66486.0,75520.0,154158.0,1239051.0,2,2,2,1
16,4.4070,1477.0640,53.2420,1534.7130,13584,13644,45,15576,4,14,5,20,153244,66433.0,73968.0,154593.0,940328.0,2,2,2,1
17,20.6090,1824.8410,62.2960,1907.7460,13584,13644,45,15576,4,14,5,20,153244,66755.0,70414.0,154389.0,1279953.0,2,2,2,1
18,4.4380,674.1010,52.3930,730.9320,13584,13644,45,15576,4,14,5,20,153244,66426.0,72330.0,154105.0,132439.0,2,2,2,1
19,16.7230,902.3900,59.2740,978.3870,13584,13644,45,15576,4,14,5,21,153244,66557.0,74858.0,154508.0,368038.0,2,2,2,1
#heap 63472
#stack 3304
#end
#block sweep mTLS SecP256r1MLKEM768
#lib wolfSSL 5.9.4
iter,tcp_ms,tls_ms,mqtt_ms,total_ms,hs_tx_B,hs_rx_B,mqtt_tx_B,mqtt_rx_B,hs_writes,hs_reads,writes,reads,free_heap_B,hs_keygen_us,hs_derive_us,hs_verify_us,hs_sign_us,hs_keygen_n,hs_derive_n,hs_verify_n,hs_sign_n
#suite TLS13-AES256-GCM-SHA384
0,4.7470,865.5740,67.1770,937.4980,13617,13717,45,15576,4,14,5,20,153244,44216.0,84630.0,154877.0,338253.0,2,2,2,1
1,6.3850,667.3720,61.5630,735.3200,13617,13717,45,15576,4,14,5,20,153244,44051.0,84930.0,154302.0,132396.0,2,2,2,1
2,4.5890,1232.2230,70.2030,1307.0150,13617,13717,45,15576,4,14,5,20,153244,44292.0,85064.0,154669.0,706408.0,2,2,2,1
3,6.5570,766.4660,55.8560,828.8790,13617,13717,45,15576,4,14,5,20,153244,44304.0,84620.0,154800.0,242972.0,2,2,2,1
4,6.4600,769.4880,60.3660,836.3140,13617,13717,45,15576,4,14,5,20,153244,44045.0,83477.0,154600.0,238747.0,2,2,2,1
5,7.5380,760.7560,57.2970,825.5910,13617,13717,45,15576,4,14,5,20,153244,44420.0,84414.0,154247.0,234557.0,2,2,2,1
6,5.6330,671.1180,59.7300,736.4810,13617,13717,45,15576,4,14,5,20,153244,43991.0,83912.0,154223.0,133669.0,2,2,2,1
7,5.5730,659.0810,52.3980,717.0520,13617,13717,45,15576,4,14,5,20,153244,44808.0,84491.0,155471.0,133453.0,2,2,2,1
8,17.4310,1192.2060,57.9020,1267.5390,13617,13717,45,15576,4,14,5,20,153244,44312.0,84897.0,155325.0,667025.0,2,2,2,1
9,4.7010,661.4920,62.0150,728.2080,13617,13717,45,15576,4,14,5,20,153244,44311.0,84581.0,154700.0,133265.0,2,2,2,1
10,6.7740,666.5940,65.3700,738.7380,13617,13717,45,15576,4,14,5,20,153244,44112.0,84923.0,154274.0,132359.0,2,2,2,1
11,4.6200,767.6280,54.7680,827.0160,13617,13717,45,15576,4,14,5,20,153244,44199.0,85116.0,156089.0,242528.0,2,2,2,1
12,4.4190,778.1880,65.0850,847.6920,13617,13717,45,15576,4,14,5,20,153244,44037.0,84663.0,154203.0,241561.0,2,2,2,1
13,11.3970,668.2940,54.4890,734.1800,13617,13717,45,15576,4,14,5,20,153244,43994.0,83556.0,154394.0,132511.0,2,2,2,1
14,19.8130,1108.0790,60.8430,1188.7350,13617,13717,45,15576,4,14,5,20,153244,44178.0,84742.0,154589.0,584477.0,2,2,2,1
15,4.6470,1631.5520,53.0830,1689.2820,13617,13717,45,15576,4,14,5,21,153244,44285.0,84403.0,154363.0,1108967.0,2,2,2,1
16,4.4080,2345.7620,55.6710,2405.8410,13617,13717,45,15576,4,14,5,20,153244,44389.0,84656.0,154404.0,1821062.0,2,2,2,1
17,5.3830,666.8840,63.1300,735.3970,13617,13717,45,15576,4,14,5,21,153244,44107.0,83582.0,154173.0,132339.0,2,2,2,1
18,4.4810,1587.4310,52.8820,1644.7940,13617,13717,45,15576,4,14,5,20,153244,44048.0,84817.0,154608.0,1062105.0,2,2,2,1
19,5.4160,2572.4830,137.7100,2715.6090,13617,13717,45,15576,4,14,5,20,153244,44128.0,86361.0,154306.0,2045579.0,2,2,2,1
#heap 63538
#stack 3256
#end
#block sweep mTLS SecP384r1MLKEM1024
#lib wolfSSL 5.9.4
iter,tcp_ms,tls_ms,mqtt_ms,total_ms,hs_tx_B,hs_rx_B,mqtt_tx_B,mqtt_rx_B,hs_writes,hs_reads,writes,reads,free_heap_B,hs_keygen_us,hs_derive_us,hs_verify_us,hs_sign_us,hs_keygen_n,hs_derive_n,hs_verify_n,hs_sign_n
#suite TLS13-AES256-GCM-SHA384
0,5.4890,1993.6140,68.9300,2068.0330,14033,14229,45,15576,4,14,5,21,153244,171434.0,355966.0,154509.0,1065911.0,2,2,2,1
1,18.4300,1175.4800,60.7900,1254.7000,14033,14229,45,15576,4,14,5,20,153244,170734.0,356111.0,154274.0,238800.0,2,2,2,1
2,4.5550,1181.2750,53.4150,1239.2450,14033,14229,45,15576,4,14,5,21,153244,170737.0,356066.0,154568.0,248346.0,2,2,2,1
3,6.5630,1178.0960,59.8200,1244.4790,14033,14229,45,15576,4,14,5,20,153244,170933.0,356342.0,154242.0,259355.0,2,2,2,1
4,5.4140,1473.5700,51.0230,1530.0070,14033,14229,45,15576,4,14,5,20,153244,171363.0,355485.0,155023.0,546075.0,2,2,2,1
5,4.5870,1623.4540,61.6070,1689.6480,14033,14229,45,15576,4,14,5,20,153244,170902.0,355316.0,154101.0,695594.0,2,2,2,1
6,6.7430,1958.2480,62.1320,2027.1230,14033,14229,45,15576,4,14,5,20,153244,170918.0,356654.0,154069.0,1027940.0,2,2,2,1
7,4.5510,2090.8580,59.1040,2154.5130,14033,14229,45,15576,4,14,5,21,153244,170631.0,354856.0,154708.0,1157026.0,2,2,2,1
8,4.4590,1063.4910,71.0070,1138.9570,14033,14229,45,15576,4,15,5,22,153244,170863.0,356216.0,154817.0,132290.0,2,2,2,1
9,5.4470,1398.2730,56.5890,1460.3090,14033,14229,45,15576,4,14,5,21,153244,171069.0,356269.0,155227.0,466308.0,2,2,2,1
10,4.3980,1174.6290,61.1880,1240.2150,14033,14229,45,15576,4,14,5,20,153244,170773.0,355651.0,155569.0,246052.0,2,2,2,1
11,5.4100,2986.9090,96.0800,3088.3990,14033,14229,45,15576,4,14,5,21,153244,171178.0,356301.0,154730.0,2057469.0,2,2,2,1
12,19.6210,2438.8210,63.5800,2522.0220,14033,14229,45,15576,4,14,5,20,153244,170894.0,356135.0,154174.0,1507128.0,2,2,2,1
13,5.3880,1267.8950,617.8670,1891.1500,14033,14229,45,15576,4,14,5,20,153244,172017.0,356261.0,154576.0,338063.0,2,2,2,1
14,4.5040,1065.6840,51.8650,1122.0530,14033,14229,45,15576,4,15,5,21,153244,170849.0,355611.0,155935.0,132140.0,2,2,2,1
15,4.6130,1932.2010,56.5380,1993.3520,14033,14229,45,15576,4,14,5,20,153244,170812.0,356349.0,155551.0,1006686.0,2,2,2,1
16,6.3940,1514.1750,51.8200,1572.3890,14033,14229,45,15576,4,14,5,20,153244,170797.0,356269.0,154592.0,585393.0,2,2,2,1
17,7.3810,1305.3060,86.5780,1399.2650,14033,14229,45,15576,4,15,5,21,153244,171331.0,355696.0,155950.0,373957.0,2,2,2,1
18,4.4030,1650.1720,64.9360,1719.5110,14033,14229,45,15576,4,15,5,21,153244,171114.0,356982.0,157148.0,706488.0,2,2,2,1
19,8.5220,1076.4760,51.9490,1136.9470,14033,14229,45,15576,4,14,5,20,153244,170792.0,356363.0,155269.0,132504.0,2,2,2,1
#heap 64466
#stack 2976
#end
#block sweep mTLS SecP256r1MLKEM512
#lib wolfSSL 5.9.4
iter,tcp_ms,tls_ms,mqtt_ms,total_ms,hs_tx_B,hs_rx_B,mqtt_tx_B,mqtt_rx_B,hs_writes,hs_reads,writes,reads,free_heap_B,hs_keygen_us,hs_derive_us,hs_verify_us,hs_sign_us,hs_keygen_n,hs_derive_n,hs_verify_n,hs_sign_n
#err tls handshake failed: received alert fatal error
#heap 49147
#stack 1832
#end
#block sweep mTLS x25519_mlkem512
#lib wolfSSL 5.9.4
iter,tcp_ms,tls_ms,mqtt_ms,total_ms,hs_tx_B,hs_rx_B,mqtt_tx_B,mqtt_rx_B,hs_writes,hs_reads,writes,reads,free_heap_B,hs_keygen_us,hs_derive_us,hs_verify_us,hs_sign_us,hs_keygen_n,hs_derive_n,hs_verify_n,hs_sign_n
#err tls handshake failed: received alert fatal error
#heap 49147
#stack 1816
#end
#block sweep mTLS p384_mlkem768
#lib wolfSSL 5.9.4
iter,tcp_ms,tls_ms,mqtt_ms,total_ms,hs_tx_B,hs_rx_B,mqtt_tx_B,mqtt_rx_B,hs_writes,hs_reads,writes,reads,free_heap_B,hs_keygen_us,hs_derive_us,hs_verify_us,hs_sign_us,hs_keygen_n,hs_derive_n,hs_verify_n,hs_sign_n
#suite TLS13-AES256-GCM-SHA384
0,4.6900,1078.4350,66.3670,1149.4920,13649,13749,45,15576,4,14,5,21,153244,165467.0,351637.0,153819.0,132444.0,2,2,2,1
1,4.4140,1074.1460,53.7300,1132.2900,13649,13749,45,15576,4,14,5,20,153244,165621.0,349391.0,154043.0,132744.0,2,2,2,1
2,5.4230,1181.6410,61.4970,1248.5610,13649,13749,45,15576,4,14,5,20,153244,165461.0,348638.0,154246.0,240703.0,2,2,2,1
3,4.7500,1735.6090,56.5280,1796.8870,13649,13749,45,15576,4,14,5,20,153244,166813.0,348569.0,156007.0,794248.0,2,2,2,1
4,5.6230,1944.6080,53.2230,2003.4540,13649,13749,45,15576,4,14,5,21,153244,165671.0,348435.0,154408.0,1006819.0,2,2,2,1
5,19.5670,1069.6260,61.2820,1150.4750,13649,13749,45,15576,4,14,5,20,153244,165748.0,347760.0,154226.0,132781.0,2,2,2,1
6,5.4030,1405.1170,59.0830,1469.6030,13649,13749,45,15576,4,14,5,20,153244,165771.0,348648.0,154721.0,461799.0,2,2,2,1
7,4.4100,1181.7110,53.0870,1239.2080,13649,13749,45,15576,4,14,5,20,153244,165459.0,348024.0,154430.0,261900.0,2,2,2,1
8,16.6880,1171.7190,59.6260,1248.0330,13649,13749,45,15576,4,14,5,21,153244,165504.0,348083.0,154170.0,243120.0,2,2,2,1
9,6.6480,1047.0540,50.4580,1104.1600,13649,13749,45,15576,4,14,5,20,153244,165574.0,348956.0,154771.0,132538.0,2,2,2,1
10,5.6070,2066.4120,52.4290,2124.4480,13649,13749,45,15576,4,14,5,21,153244,165856.0,348633.0,154320.0,1131595.0,2,2,2,1
11,26.7260,1617.6560,68.5720,1712.9540,13649,13749,45,15576,4,14,5,21,153244,165539.0,349083.0,155682.0,676026.0,2,2,2,1
12,5.5680,1163.8070,54.5540,1223.9290,13649,13749,45,15576,4,14,5,20,153244,165589.0,349351.0,154400.0,234691.0,2,2,2,1
13,6.8310,1298.1010,59.7140,1364.6460,13649,13749,45,15576,4,14,5,20,153244,165363.0,351473.0,154605.0,364775.0,2,2,2,1
14,4.7740,1068.2280,64.0250,1137.0270,13649,13749,45,15576,4,14,5,20,153244,165467.0,348550.0,154345.0,132257.0,2,2,2,1
15,5.4990,2175.7750,55.7080,2236.9820,13649,13749,45,15576,4,14,5,20,153244,165478.0,349446.0,154623.0,1245499.0,2,2,2,1
16,5.4720,2147.4220,53.8760,2206.7700,13649,13749,45,15576,4,14,5,20,153244,165662.0,347364.0,155218.0,1133912.0,2,2,2,1
17,19.4700,1076.2920,60.4270,1156.1890,13649,13749,45,15576,4,14,5,20,153244,165790.0,349315.0,154346.0,132482.0,2,2,2,1
18,4.7710,1076.2560,66.7290,1147.7560,13649,13749,45,15576,4,14,5,20,153244,165655.0,348695.0,154738.0,132551.0,2,2,2,1
19,5.3740,1730.0340,59.0260,1794.4340,13649,13749,45,15576,4,14,5,21,153244,165642.0,348455.0,156109.0,791044.0,2,2,2,1
#heap 63602
#stack 2832
#end
#block sweep mTLS p521_mlkem1024
#lib wolfSSL 5.9.4
iter,tcp_ms,tls_ms,mqtt_ms,total_ms,hs_tx_B,hs_rx_B,mqtt_tx_B,mqtt_rx_B,hs_writes,hs_reads,writes,reads,free_heap_B,hs_keygen_us,hs_derive_us,hs_verify_us,hs_sign_us,hs_keygen_n,hs_derive_n,hs_verify_n,hs_sign_n
#suite TLS13-AES256-GCM-SHA384
0,4.4920,1426.8200,53.6770,1484.9890,14069,14265,45,15576,4,14,5,21,153244,249884.0,494968.0,154889.0,261987.0,2,2,2,1
1,4.4350,1756.3310,66.3050,1827.0710,14069,14265,45,15576,4,15,5,21,153244,249674.0,495926.0,154379.0,582779.0,2,2,2,1
2,7.5510,1422.7540,54.9340,1485.2390,14069,14265,45,15576,4,14,5,20,153244,249585.0,495663.0,154896.0,250422.0,2,2,2,1
3,7.3860,2452.5610,52.6710,2512.6180,14069,14265,45,15576,4,14,5,20,153244,249506.0,495248.0,154916.0,1273386.0,2,2,2,1
4,5.3780,1439.8070,63.2570,1508.4420,14069,14265,45,15576,4,14,5,20,153244,249807.0,496075.0,155627.0,249304.0,2,2,2,1
5,9.5640,1302.1500,64.6060,1376.3200,14069,14265,45,15576,4,14,5,20,153244,249218.0,495883.0,154884.0,132627.0,2,2,2,1
6,8.4690,1304.8920,63.0860,1376.4470,14069,14265,45,15576,4,14,5,20,153244,249514.0,496130.0,154446.0,132633.0,2,2,2,1
7,5.3890,1843.9360,52.8620,1902.1870,14069,14265,45,15576,4,14,5,20,153244,249793.0,496391.0,154966.0,669411.0,2,2,2,1
8,21.7760,1308.2230,61.5070,1391.5060,14069,14265,45,15576,4,15,5,21,153244,249914.0,493753.0,154117.0,132581.0,2,2,2,1
9,5.4070,1310.8230,66.6280,1382.8580,14069,14265,45,15576,4,14,5,21,153244,249701.0,496237.0,154268.0,132804.0,2,2,2,1
10,4.3990,1530.9810,48.1550,1583.5350,14069,14265,45,15576,4,14,5,20,153244,249584.0,496167.0,155026.0,351474.0,2,2,2,1
11,6.6900,1295.1810,61.2800,1363.1510,14069,14265,45,15576,4,15,5,21,153244,249907.0,494197.0,154260.0,132504.0,2,2,2,1
12,7.4740,1510.0290,60.5890,1578.0920,14069,14265,45,15576,4,14,5,20,153244,249376.0,495569.0,154484.0,348451.0,2,2,2,1
13,5.5080,1621.9940,63.8190,1691.3210,14069,14265,45,15576,4,14,5,20,153244,249750.0,495897.0,155183.0,468122.0,2,2,2,1
14,8.3820,1746.7530,66.5280,1821.6630,14069,14265,45,15576,4,14,5,20,153244,250225.0,495001.0,155814.0,565606.0,2,2,2,1
15,7.4550,1412.0880,66.0860,1485.6290,14069,14265,45,15576,4,14,5,21,153244,249160.0,495849.0,154237.0,234283.0,2,2,2,1
16,9.3860,1416.6400,58.0440,1484.0700,14069,14265,45,15576,4,14,5,20,153244,249379.0,496040.0,154776.0,242687.0,2,2,2,1
17,8.5780,1406.0230,51.8540,1466.4550,14069,14265,45,15576,4,14,5,20,153244,249550.0,496045.0,154639.0,235342.0,2,2,2,1
18,4.7480,2429.8200,62.3840,2496.9520,14069,14265,45,15576,4,14,5,20,153244,249383.0,496462.0,155252.0,1252735.0,2,2,2,1
19,8.4990,1296.6480,62.0560,1367.2030,14069,14265,45,15576,4,14,5,20,153244,250235.0,494929.0,155154.0,132405.0,2,2,2,1
#heap 64538
#stack 2920
#end
#block sweep mTLS x448_mlkem768
#lib wolfSSL 5.9.4
iter,tcp_ms,tls_ms,mqtt_ms,total_ms,hs_tx_B,hs_rx_B,mqtt_tx_B,mqtt_rx_B,hs_writes,hs_reads,writes,reads,free_heap_B,hs_keygen_us,hs_derive_us,hs_verify_us,hs_sign_us,hs_keygen_n,hs_derive_n,hs_verify_n,hs_sign_n
#suite TLS13-AES256-GCM-SHA384
0,5.5230,1399.4010,54.2980,1459.2220,13608,13708,45,15576,4,14,5,21,153244,210290.0,215659.0,154399.0,556852.0,2,2,2,1
1,8.4510,1190.6280,63.9680,1263.0470,13608,13708,45,15576,4,14,5,20,153244,211121.0,215808.0,154771.0,346393.0,2,2,2,1
2,4.6300,1336.4070,54.3550,1395.3920,13608,13708,45,15576,4,14,5,21,153244,210118.0,213799.0,154025.0,490987.0,2,2,2,1
3,4.7210,1090.1630,61.6030,1156.4870,13608,13708,45,15576,4,14,5,21,153244,210193.0,215869.0,154309.0,248889.0,2,2,2,1
4,10.5560,1491.6670,63.1300,1565.3530,13608,13708,45,15576,4,14,5,20,153244,210651.0,216772.0,154432.0,654999.0,2,2,2,1
5,6.6000,963.2440,57.8080,1027.6520,13608,13708,45,15576,4,14,5,21,153244,210103.0,215301.0,154152.0,132148.0,2,2,2,1
6,5.5850,972.3640,53.7750,1031.7240,13608,13708,45,15576,4,14,5,20,153244,210157.0,215375.0,154434.0,132492.0,2,2,2,1
7,13.4260,2099.1840,53.7940,2166.4040,13608,13708,45,15576,4,14,5,20,153244,210012.0,214291.0,154437.0,1258801.0,2,2,2,1
8,4.4190,1407.6820,57.1910,1469.2920,13608,13708,45,15576,4,14,5,20,153244,210095.0,218050.0,154337.0,574202.0,2,2,2,1
9,5.5400,1653.3760,69.6100,1728.5260,13608,13708,45,15576,4,14,5,21,153244,210053.0,215624.0,154305.0,808196.0,2,2,2,1
10,11.5370,1092.6600,61.5620,1165.7590,13608,13708,45,15576,4,14,5,21,153244,210465.0,215291.0,154138.0,245249.0,2,2,2,1
11,6.3830,1301.7030,65.6770,1373.7630,13608,13708,45,15576,4,14,5,20,153244,210110.0,215911.0,155743.0,462293.0,2,2,2,1
12,5.4340,964.5420,52.3710,1022.3470,13608,13708,45,15576,4,14,5,20,153244,210464.0,216333.0,154409.0,132248.0,2,2,2,1
13,7.4440,1201.4650,67.9450,1276.8540,13608,13708,45,15576,4,14,5,20,153244,210382.0,218555.0,154586.0,355176.0,2,2,2,1
14,7.3720,1668.3490,58.0480,1733.7690,13608,13708,45,15576,4,14,5,20,153244,209999.0,215885.0,154503.0,837772.0,2,2,2,1
15,5.6450,1838.8220,53.7840,1898.2510,13608,13708,45,15576,4,14,5,20,153244,210283.0,215885.0,154565.0,1005800.0,2,2,2,1
16,8.4570,985.0260,54.6220,1048.1050,13608,13708,45,15576,4,14,5,21,153244,210942.0,214891.0,154579.0,132256.0,2,2,2,1
17,5.4020,976.8450,64.2310,1046.4780,13608,13708,45,15576,4,14,5,20,153244,211248.0,216012.0,155456.0,133761.0,2,2,2,1
18,6.4240,963.9500,52.4330,1022.8070,13608,13708,45,15576,4,14,5,20,153244,210758.0,216306.0,154852.0,132443.0,2,2,2,1
19,6.4870,1082.0060,68.5310,1157.0240,13608,13708,45,15576,4,14,5,20,153244,210281.0,216815.0,154557.0,237627.0,2,2,2,1
#heap 63520
#stack 3896
#end
#block sweep mTLS X25519
#lib wolfSSL 5.9.4
iter,tcp_ms,tls_ms,mqtt_ms,total_ms,hs_tx_B,hs_rx_B,mqtt_tx_B,mqtt_rx_B,hs_writes,hs_reads,writes,reads,free_heap_B,hs_keygen_us,hs_derive_us,hs_verify_us,hs_sign_us,hs_keygen_n,hs_derive_n,hs_verify_n,hs_sign_n
#suite TLS13-AES256-GCM-SHA384
0,15.5340,1001.3230,53.1380,1069.9950,12400,12596,45,15576,4,14,5,20,153244,57192.0,59897.0,155204.0,491656.0,1,1,2,1
1,5.5550,647.7200,52.9260,706.2010,12400,12596,45,15576,4,14,5,20,153244,57086.0,60098.0,155200.0,132192.0,1,1,2,1
2,7.4370,735.4200,65.9360,808.7930,12400,12596,45,15576,4,14,5,20,153244,57169.0,59962.0,154770.0,234223.0,1,1,2,1
3,6.3840,869.9970,53.8440,930.2250,12400,12596,45,15576,4,14,5,20,153244,57729.0,60042.0,155139.0,368267.0,1,1,2,1
4,4.3830,993.3530,53.0420,1050.7780,12400,12596,45,15576,4,14,5,20,153244,57101.0,60156.0,155329.0,487207.0,1,1,2,1
5,7.3760,956.6600,56.0640,1020.1000,12400,12596,45,15576,4,14,5,20,153244,57098.0,59946.0,154030.0,455254.0,1,1,2,1
6,8.4560,1626.5310,54.9660,1689.9530,12400,12596,45,15576,4,14,5,20,153244,57105.0,61200.0,154773.0,1124771.0,1,1,2,1
7,6.3770,815.0590,54.5610,875.9970,12400,12596,45,15576,4,14,5,22,153244,57098.0,60170.0,156004.0,134597.0,1,1,2,1
8,4.7290,635.1720,52.8300,692.7310,12400,12596,45,15576,4,14,5,20,153244,57036.0,60078.0,154603.0,132517.0,1,1,2,1
9,10.3890,735.5480,52.6900,798.6270,12400,12596,45,15576,4,14,5,20,153244,57075.0,60131.0,154722.0,232773.0,1,1,2,1
10,5.5460,630.3790,57.0710,692.9960,12400,12596,45,15576,4,14,5,20,153244,57153.0,60580.0,155023.0,133375.0,1,1,2,1
11,16.4300,634.6790,54.3700,705.4790,12400,12596,45,15576,4,14,5,20,153244,57166.0,60025.0,154518.0,132733.0,1,1,2,1
12,10.6760,758.2880,54.9890,823.9530,12400,12596,45,15576,4,14,5,20,153244,57011.0,60361.0,155280.0,245679.0,1,1,2,1
13,5.3890,1421.5490,61.1310,1488.0690,12400,12596,45,15576,4,14,5,21,153244,57252.0,60022.0,154410.0,921588.0,1,1,2,1
14,5.4930,632.2190,65.9450,703.6570,12400,12596,45,15576,4,14,5,20,153244,57193.0,59996.0,153953.0,132643.0,1,1,2,1
15,4.7530,633.0100,59.6940,697.4570,12400,12596,45,15576,4,14,5,20,153244,57054.0,59952.0,154570.0,132422.0,1,1,2,1
16,7.5740,632.0120,62.5190,702.1050,12400,12596,45,15576,4,14,5,20,153244,57087.0,61378.0,154557.0,132672.0,1,1,2,1
17,5.8630,1286.7150,56.7690,1349.3470,12400,12596,45,15576,4,14,5,20,153244,56986.0,60388.0,154406.0,785224.0,1,1,2,1
18,6.7120,632.3930,55.6120,694.7170,12400,12596,45,15576,4,14,5,20,153244,57087.0,60248.0,155151.0,132688.0,1,1,2,1
19,5.8810,634.5670,60.1170,700.5650,12400,12596,45,15576,4,14,5,21,153244,57161.0,60038.0,154605.0,132655.0,1,1,2,1
#heap 61168
#stack 3432
#end
#block sweep mTLS secp256r1
#lib wolfSSL 5.9.4
iter,tcp_ms,tls_ms,mqtt_ms,total_ms,hs_tx_B,hs_rx_B,mqtt_tx_B,mqtt_rx_B,hs_writes,hs_reads,writes,reads,free_heap_B,hs_keygen_us,hs_derive_us,hs_verify_us,hs_sign_us,hs_keygen_n,hs_derive_n,hs_verify_n,hs_sign_n
#suite TLS13-AES256-GCM-SHA384
0,4.5020,750.4210,55.4000,810.3230,12433,12629,45,15576,4,14,5,20,153244,34501.0,72644.0,155393.0,262073.0,1,1,2,1
1,5.5200,620.1090,54.6050,680.2340,12433,12629,45,15576,4,14,5,20,153244,34553.0,72813.0,155002.0,132585.0,1,1,2,1
2,5.3840,880.0170,57.8160,943.2170,12433,12629,45,15576,4,14,5,20,153244,34617.0,71155.0,155328.0,375233.0,1,1,2,1
3,4.3970,620.8500,55.1970,680.4440,12433,12629,45,15576,4,14,5,20,153244,34667.0,72490.0,154360.0,132496.0,1,1,2,1
4,5.5000,745.1880,52.9650,803.6530,12433,12629,45,15576,4,14,5,20,153244,34615.0,73970.0,154483.0,250928.0,1,1,2,1
5,17.3940,837.2770,65.8540,920.5250,12433,12629,45,15576,4,14,5,20,153244,34650.0,72582.0,154717.0,346692.0,1,1,2,1
6,4.6150,958.5960,56.3540,1019.5650,12433,12629,45,15576,4,14,5,20,153244,34637.0,73139.0,154695.0,458227.0,1,1,2,1
7,4.6760,841.5870,65.2200,911.4830,12433,12629,45,15576,4,14,5,20,153244,34525.0,72585.0,154255.0,352804.0,1,1,2,1
8,5.3990,838.0210,66.4830,909.9030,12433,12629,45,15576,4,14,5,20,153244,34676.0,74076.0,154110.0,349247.0,1,1,2,1
9,5.3910,724.9010,68.3950,798.6870,12433,12629,45,15576,4,14,5,20,153244,34735.0,72668.0,155952.0,234718.0,1,1,2,1
10,4.5250,623.1110,64.2590,691.8950,12433,12629,45,15576,4,14,5,21,153244,34612.0,72592.0,154531.0,132355.0,1,1,2,1
11,6.5400,617.3820,51.8610,675.7830,12433,12629,45,15576,4,14,5,20,153244,34614.0,72622.0,154734.0,132534.0,1,1,2,1
12,5.3960,728.4530,56.5430,790.3920,12433,12629,45,15576,4,14,5,20,153244,34603.0,72659.0,155402.0,239769.0,1,1,2,1
13,5.7580,845.1600,63.2300,914.1480,12433,12629,45,15576,4,14,5,20,153244,34468.0,72522.0,154869.0,347631.0,1,1,2,1
14,4.7810,738.5520,52.4430,795.7760,12433,12629,45,15576,4,14,5,20,153244,34677.0,72581.0,153949.0,240334.0,1,1,2,1
15,4.6640,634.6620,53.0850,692.4110,12433,12629,45,15576,4,14,5,20,153244,34559.0,72510.0,155222.0,132104.0,1,1,2,1
16,5.7660,1434.1920,52.8140,1492.7720,12433,12629,45,15576,4,14,5,20,153244,34642.0,71086.0,155514.0,939477.0,1,1,2,1
17,8.5890,950.5410,54.1260,1013.2560,12433,12629,45,15576,4,14,5,20,153244,34485.0,72524.0,154470.0,461735.0,1,1,2,1
18,4.8620,849.8440,62.3710,917.0770,12433,12629,45,15576,4,14,5,20,153244,34774.0,72524.0,155183.0,360607.0,1,1,2,1
19,9.5840,841.2670,55.0840,905.9350,12433,12629,45,15576,4,14,5,20,153244,34577.0,72529.0,155381.0,350865.0,1,1,2,1
#heap 61201
#stack 3256
#end
=== done ===
