=== MQTT / TLS 1.3 / mTLS, SNOVA3S certificates, X25519MLKEM768 (wolfSSL 5.9.4) on RP2040 ===
CPU clock: 200 MHz
#config iterations=50 warmup=5 pipe_iterations=3 messages=200 payload_B=51 schemes=2 sweep_iterations=20 sweep_warmup=2 groups=13 kex_iterations=50 kex_warmup=2 blocks=15
#kat LoRaWAN / AES-CMAC / Ascon known-answer checks: OK
#wifi rssi=-20 dBm channel=10 ip=192.168.50.235 broker=192.168.50.132
#block connect plain
#lib none (plain MQTT)
iter,tcp_ms,tls_ms,mqtt_ms,total_ms,hs_tx_B,hs_rx_B,mqtt_tx_B,mqtt_rx_B,hs_writes,hs_reads,writes,reads,free_heap_B,hs_keygen_us,hs_derive_us,hs_verify_us,hs_sign_us,hs_keygen_n,hs_derive_n,hs_verify_n,hs_sign_n
0,5.3530,0.0020,4.7200,10.0750,0,0,23,4,0,0,1,1,124308,0.0,0.0,0.0,0.0,0,0,0,0
1,4.8040,0.0030,5.2030,10.0100,0,0,23,4,0,0,1,1,124084,0.0,0.0,0.0,0.0,0,0,0,0
2,8.3890,0.0030,5.6040,13.9960,0,0,23,4,0,0,1,1,124084,0.0,0.0,0.0,0.0,0,0,0,0
3,5.5640,0.0020,9.6070,15.1730,0,0,23,4,0,0,1,1,124084,0.0,0.0,0.0,0.0,0,0,0,0
4,5.3710,0.0030,4.5800,9.9540,0,0,23,4,0,0,1,1,124084,0.0,0.0,0.0,0.0,0,0,0,0
5,5.7390,0.0030,6.9660,12.7080,0,0,23,4,0,0,1,1,124084,0.0,0.0,0.0,0.0,0,0,0,0
6,6.3590,0.0020,5.0300,11.3910,0,0,23,4,0,0,1,1,124084,0.0,0.0,0.0,0.0,0,0,0,0
7,34.4020,0.0030,6.4310,40.8360,0,0,23,4,0,0,1,1,124084,0.0,0.0,0.0,0.0,0,0,0,0
8,6.3630,0.0030,6.1960,12.5620,0,0,23,4,0,0,1,1,124084,0.0,0.0,0.0,0.0,0,0,0,0
9,6.5190,0.0030,6.7710,13.2930,0,0,23,4,0,0,1,1,124084,0.0,0.0,0.0,0.0,0,0,0,0
10,5.5030,0.0020,4.7300,10.2350,0,0,23,4,0,0,1,1,124084,0.0,0.0,0.0,0.0,0,0,0,0
11,8.3930,0.0020,6.7500,15.1450,0,0,23,4,0,0,1,1,124084,0.0,0.0,0.0,0.0,0,0,0,0
12,8.3660,0.0030,5.2810,13.6500,0,0,23,4,0,0,1,1,124084,0.0,0.0,0.0,0.0,0,0,0,0
13,8.3620,0.0030,4.7060,13.0710,0,0,23,4,0,0,1,1,124084,0.0,0.0,0.0,0.0,0,0,0,0
14,5.3930,0.0020,4.7810,10.1760,0,0,23,4,0,0,1,1,124084,0.0,0.0,0.0,0.0,0,0,0,0
15,30.6220,0.0020,9.2030,39.8270,0,0,23,4,0,0,1,1,124084,0.0,0.0,0.0,0.0,0,0,0,0
16,6.3630,0.0030,6.6100,12.9760,0,0,23,4,0,0,1,1,124084,0.0,0.0,0.0,0.0,0,0,0,0
17,4.3930,0.0020,5.1160,9.5110,0,0,23,4,0,0,1,1,124084,0.0,0.0,0.0,0.0,0,0,0,0
18,9.3790,0.0030,5.1590,14.5410,0,0,23,4,0,0,1,1,124084,0.0,0.0,0.0,0.0,0,0,0,0
19,11.3880,0.0020,4.9470,16.3370,0,0,23,4,0,0,1,1,124084,0.0,0.0,0.0,0.0,0,0,0,0
20,4.3580,0.0020,6.2950,10.6550,0,0,23,4,0,0,1,1,124084,0.0,0.0,0.0,0.0,0,0,0,0
21,6.3690,0.0030,4.3210,10.6930,0,0,23,4,0,0,1,1,124084,0.0,0.0,0.0,0.0,0,0,0,0
22,5.4010,0.0030,7.5050,12.9090,0,0,23,4,0,0,1,1,124084,0.0,0.0,0.0,0.0,0,0,0,0
23,6.4630,0.0030,5.2200,11.6860,0,0,23,4,0,0,1,1,124084,0.0,0.0,0.0,0.0,0,0,0,0
24,6.6060,0.0030,7.5000,14.1090,0,0,23,4,0,0,1,1,124084,0.0,0.0,0.0,0.0,0,0,0,0
25,5.4160,0.0020,6.1020,11.5200,0,0,23,4,0,0,1,1,124084,0.0,0.0,0.0,0.0,0,0,0,0
26,3.6010,0.0030,5.3920,8.9960,0,0,23,4,0,0,1,1,124084,0.0,0.0,0.0,0.0,0,0,0,0
27,7.4320,0.0030,7.8040,15.2390,0,0,23,4,0,0,1,1,124084,0.0,0.0,0.0,0.0,0,0,0,0
28,5.4080,0.0020,5.4060,10.8160,0,0,23,4,0,0,1,1,124084,0.0,0.0,0.0,0.0,0,0,0,0
29,6.6400,0.0030,4.5580,11.2010,0,0,23,4,0,0,1,1,124084,0.0,0.0,0.0,0.0,0,0,0,0
30,7.5520,0.0030,6.0630,13.6180,0,0,23,4,0,0,1,1,124084,0.0,0.0,0.0,0.0,0,0,0,0
31,7.5570,0.0020,7.7640,15.3230,0,0,23,4,0,0,1,1,124084,0.0,0.0,0.0,0.0,0,0,0,0
32,4.5310,0.0020,5.5610,10.0940,0,0,23,4,0,0,1,1,124084,0.0,0.0,0.0,0.0,0,0,0,0
33,5.7420,0.0030,7.8040,13.5490,0,0,23,4,0,0,1,1,124084,0.0,0.0,0.0,0.0,0,0,0,0
34,5.5180,0.0030,5.8830,11.4040,0,0,23,4,0,0,1,1,124084,0.0,0.0,0.0,0.0,0,0,0,0
35,5.3670,0.0020,4.4240,9.7930,0,0,23,4,0,0,1,1,124084,0.0,0.0,0.0,0.0,0,0,0,0
36,6.3940,0.0020,4.5490,10.9450,0,0,23,4,0,0,1,1,124084,0.0,0.0,0.0,0.0,0,0,0,0
37,7.3840,0.0030,7.3820,14.7690,0,0,23,4,0,0,1,1,124084,0.0,0.0,0.0,0.0,0,0,0,0
38,5.7820,0.0030,5.5800,11.3650,0,0,23,4,0,0,1,1,124084,0.0,0.0,0.0,0.0,0,0,0,0
39,6.6830,0.0030,14.2570,20.9430,0,0,23,4,0,0,1,1,124084,0.0,0.0,0.0,0.0,0,0,0,0
40,4.4910,0.0020,8.0960,12.5890,0,0,23,4,0,0,1,1,124084,0.0,0.0,0.0,0.0,0,0,0,0
41,5.3940,0.0030,9.4560,14.8530,0,0,23,4,0,0,1,1,124084,0.0,0.0,0.0,0.0,0,0,0,0
42,7.3700,0.0020,28.8550,36.2270,0,0,23,4,0,0,1,1,124084,0.0,0.0,0.0,0.0,0,0,0,0
43,7.3690,0.0020,5.4490,12.8200,0,0,23,4,0,0,1,1,124084,0.0,0.0,0.0,0.0,0,0,0,0
44,6.5220,0.0030,5.7350,12.2600,0,0,23,4,0,0,1,1,124084,0.0,0.0,0.0,0.0,0,0,0,0
45,8.4240,0.0030,4.6870,13.1140,0,0,23,4,0,0,1,1,124084,0.0,0.0,0.0,0.0,0,0,0,0
46,30.5050,0.0020,8.4440,38.9510,0,0,23,4,0,0,1,1,124084,0.0,0.0,0.0,0.0,0,0,0,0
47,5.4020,0.0020,6.0610,11.4650,0,0,23,4,0,0,1,1,124084,0.0,0.0,0.0,0.0,0,0,0,0
48,7.3890,0.0030,5.6920,13.0840,0,0,23,4,0,0,1,1,124084,0.0,0.0,0.0,0.0,0,0,0,0
49,6.3570,0.0020,6.2500,12.6090,0,0,23,4,0,0,1,1,124084,0.0,0.0,0.0,0.0,0,0,0,0
#stack 1808
#end
#block connect TLS
#lib wolfSSL 5.9.4
iter,tcp_ms,tls_ms,mqtt_ms,total_ms,hs_tx_B,hs_rx_B,mqtt_tx_B,mqtt_rx_B,hs_writes,hs_reads,writes,reads,free_heap_B,hs_keygen_us,hs_derive_us,hs_verify_us,hs_sign_us,hs_keygen_n,hs_derive_n,hs_verify_n,hs_sign_n
#suite TLS13-AES256-GCM-SHA384
0,6.4000,4809.9510,94.0350,4910.3860,1391,4563,45,568,2,12,3,18,120940,67051.0,70267.0,4554050.0,0.0,2,2,2,0
1,7.5550,4789.0020,514.5980,5311.1550,1391,4563,45,568,2,12,3,18,120940,66434.0,70335.0,4553743.0,0.0,2,2,2,0
2,4.4340,4796.6450,15.0630,4816.1420,1391,4563,45,568,2,12,3,18,120940,66777.0,70286.0,4553911.0,0.0,2,2,2,0
3,5.4590,4781.3050,106.4340,4893.1980,1391,4563,45,568,2,12,3,18,120940,66231.0,70374.0,4549987.0,0.0,2,2,2,0
4,9.6020,4896.6490,101.1420,5007.3930,1391,4563,45,568,2,12,3,18,120940,66306.0,70817.0,4553753.0,0.0,2,2,2,0
5,5.4130,4796.5820,12.4120,4814.4070,1391,4563,45,568,2,12,3,18,120940,66330.0,70791.0,4558422.0,0.0,2,2,2,0
6,5.4740,4789.4990,104.3440,4899.3170,1391,4563,45,568,2,12,3,18,120940,66762.0,70252.0,4559071.0,0.0,2,2,2,0
7,8.5920,4780.1220,17.4430,4806.1570,1391,4563,45,568,2,12,3,18,120940,66285.0,70227.0,4546746.0,0.0,2,2,2,0
8,8.6810,4792.0490,104.9710,4905.7010,1391,4563,45,568,2,12,3,18,120940,66399.0,70296.0,4554893.0,0.0,2,2,2,0
9,6.4040,4794.3440,15.2570,4816.0050,1391,4563,45,568,2,12,3,18,120940,66530.0,70159.0,4552716.0,0.0,2,2,2,0
10,4.6600,4859.9560,36.9340,4901.5500,1391,4563,45,568,2,12,3,18,120940,66288.0,70349.0,4549821.0,0.0,2,2,2,0
11,5.6100,4807.0990,87.9670,4900.6760,1391,4563,45,568,2,12,3,18,120940,66449.0,70918.0,4557089.0,0.0,2,2,2,0
12,6.4330,4816.6050,82.1960,4905.2340,1391,4563,45,568,2,12,3,18,120940,66859.0,71208.0,4552981.0,0.0,2,2,2,0
13,5.4830,4797.0150,110.3800,4912.8780,1391,4563,45,568,2,12,3,18,120940,66377.0,70195.0,4552498.0,0.0,2,2,2,0
14,5.4150,4801.7390,106.8180,4913.9720,1391,4563,45,568,2,12,3,18,120940,66524.0,70251.0,4566296.0,0.0,2,2,2,0
15,5.4920,4778.1290,112.1260,4895.7470,1391,4563,45,568,2,12,3,18,120940,66493.0,70090.0,4548830.0,0.0,2,2,2,0
16,5.8350,4794.6420,110.9000,4911.3770,1391,4563,45,568,2,12,3,18,120940,66378.0,70259.0,4556326.0,0.0,2,2,2,0
17,5.5480,4791.0220,104.4750,4901.0450,1391,4563,45,568,2,12,3,18,120940,66278.0,70286.0,4557194.0,0.0,2,2,2,0
18,5.4900,4802.4800,100.8820,4908.8520,1391,4563,45,568,2,12,3,18,120940,66204.0,70326.0,4556048.0,0.0,2,2,2,0
19,6.4130,4820.1280,99.6120,4926.1530,1391,4563,45,568,2,12,3,18,120940,66405.0,70091.0,4563307.0,0.0,2,2,2,0
20,4.4360,4784.4520,97.6540,4886.5420,1391,4563,45,568,2,12,3,18,120940,66240.0,70256.0,4552777.0,0.0,2,2,2,0
21,7.6750,4793.8890,105.3800,4906.9440,1391,4563,45,568,2,12,3,18,120940,66187.0,70218.0,4556457.0,0.0,2,2,2,0
22,4.4090,4803.8410,99.2330,4907.4830,1391,4563,45,568,2,12,3,18,120940,66492.0,70242.0,4559835.0,0.0,2,2,2,0
23,4.5210,4784.6170,21.8410,4810.9790,1391,4563,45,568,2,12,3,18,120940,66264.0,70179.0,4550597.0,0.0,2,2,2,0
24,5.6030,4792.5510,103.1140,4901.2680,1391,4563,45,568,2,12,3,18,120940,66437.0,70132.0,4554892.0,0.0,2,2,2,0
25,5.4030,4796.5710,106.9210,4908.8950,1391,4563,45,568,2,12,3,18,120940,66281.0,70066.0,4549903.0,0.0,2,2,2,0
26,8.4350,4800.1450,94.1830,4902.7630,1391,4563,45,568,2,12,3,18,120940,66231.0,70176.0,4565178.0,0.0,2,2,2,0
27,335.9030,4801.7840,76.7350,5214.4220,1391,4563,45,568,2,12,3,18,120940,66597.0,70251.0,4554820.0,0.0,2,2,2,0
28,3.5250,4795.1740,108.3230,4907.0220,1391,4563,45,568,2,12,3,18,120940,66208.0,70218.0,4556913.0,0.0,2,2,2,0
29,6.3950,4795.1870,105.2400,4906.8220,1391,4563,45,568,2,12,3,18,120940,66317.0,70306.0,4554244.0,0.0,2,2,2,0
30,5.4290,4794.9290,107.8920,4908.2500,1391,4563,45,568,2,12,3,18,120940,66363.0,70414.0,4555826.0,0.0,2,2,2,0
31,6.5990,4791.2540,106.7480,4904.6010,1391,4563,45,568,2,12,3,18,120940,66470.0,70424.0,4553948.0,0.0,2,2,2,0
32,8.6900,4793.1800,102.2110,4904.0810,1391,4563,45,568,2,12,3,18,120940,66302.0,70370.0,4555472.0,0.0,2,2,2,0
33,4.4070,4794.2630,104.6080,4903.2780,1391,4563,45,568,2,12,3,18,120940,66514.0,70114.0,4556344.0,0.0,2,2,2,0
34,6.5220,4791.0700,109.5470,4907.1390,1391,4563,45,568,2,12,3,18,120940,66306.0,71001.0,4549841.0,0.0,2,2,2,0
35,9.4370,4794.0350,12.8030,4816.2750,1391,4563,45,568,2,12,3,18,120940,66312.0,70355.0,4557088.0,0.0,2,2,2,0
36,4.8660,4784.3890,107.2030,4896.4580,1391,4563,45,568,2,12,3,18,120940,66325.0,70281.0,4555373.0,0.0,2,2,2,0
37,5.4160,4791.1650,103.7400,4900.3210,1391,4563,45,568,2,12,3,18,120940,66348.0,70162.0,4554419.0,0.0,2,2,2,0
38,4.4180,4813.8280,89.0470,4907.2930,1391,4563,45,568,2,12,3,18,120940,66472.0,71143.0,4566608.0,0.0,2,2,2,0
39,6.4110,4796.2700,102.7430,4905.4240,1391,4563,45,568,2,12,3,18,120940,66329.0,70328.0,4554581.0,0.0,2,2,2,0
40,5.9240,4791.1270,109.3770,4906.4280,1391,4563,45,568,2,12,3,18,120940,66290.0,70245.0,4549139.0,0.0,2,2,2,0
41,5.4010,4792.0950,108.7900,4906.2860,1391,4563,45,568,2,12,3,18,120940,66298.0,69986.0,4556468.0,0.0,2,2,2,0
42,7.5260,4786.9640,107.4700,4901.9600,1391,4563,45,568,2,12,3,18,120940,66316.0,70762.0,4556439.0,0.0,2,2,2,0
43,9.6970,4792.9770,103.8590,4906.5330,1391,4563,45,568,2,12,3,18,120940,66260.0,71935.0,4558165.0,0.0,2,2,2,0
44,9.4110,4789.2660,14.2970,4812.9740,1391,4563,45,568,2,12,3,18,120940,66543.0,70293.0,4552872.0,0.0,2,2,2,0
45,5.4320,4786.2590,106.0510,4897.7420,1391,4563,45,568,2,12,3,18,120940,66504.0,70241.0,4556459.0,0.0,2,2,2,0
46,5.4750,4794.1570,108.9770,4908.6090,1391,4563,45,568,2,12,3,18,120940,66155.0,70075.0,4551767.0,0.0,2,2,2,0
47,6.4300,4793.7180,104.1140,4904.2620,1391,4563,45,568,2,12,3,18,120940,66288.0,70218.0,4554559.0,0.0,2,2,2,0
48,5.6500,4797.0670,106.3790,4909.0960,1391,4563,45,568,2,12,3,18,120940,66278.0,70287.0,4555452.0,0.0,2,2,2,0
49,6.4320,4792.0700,107.6910,4906.1930,1391,4563,45,568,2,12,3,18,120940,66277.0,70160.0,4554306.0,0.0,2,2,2,0
#heap 23607
#stack 10424
#end
#block connect mTLS
#lib wolfSSL 5.9.4
iter,tcp_ms,tls_ms,mqtt_ms,total_ms,hs_tx_B,hs_rx_B,mqtt_tx_B,mqtt_rx_B,hs_writes,hs_reads,writes,reads,free_heap_B,hs_keygen_us,hs_derive_us,hs_verify_us,hs_sign_us,hs_keygen_n,hs_derive_n,hs_verify_n,hs_sign_n
#suite TLS13-AES256-GCM-SHA384
0,5.3920,7697.1420,72.3100,7774.8440,4671,4749,45,6072,4,14,5,20,115956,66299.0,71240.0,4555675.0,2910407.0,2,2,2,1
1,4.4070,7697.0290,73.7230,7775.1590,4671,4749,45,6072,4,14,5,20,115956,66409.0,71041.0,4553609.0,2913272.0,2,2,2,1
2,4.3740,7703.1870,65.2930,7772.8540,4671,4749,45,6072,4,14,5,20,115956,66472.0,71070.0,4551556.0,2920675.0,2,2,2,1
3,6.4430,7695.7060,65.1800,7767.3290,4671,4749,45,6072,4,14,5,20,115956,66223.0,71344.0,4552844.0,2912173.0,2,2,2,1
4,4.3950,7699.7420,74.2920,7778.4290,4671,4749,45,6072,4,14,5,20,115956,66514.0,71194.0,4557981.0,2913762.0,2,2,2,1
5,4.7230,7698.8780,69.8580,7773.4590,4671,4749,45,6072,4,14,5,20,115956,66404.0,71254.0,4555790.0,2911089.0,2,2,2,1
6,4.4380,7693.6420,71.7060,7769.7860,4671,4749,45,6072,4,14,5,20,115956,66407.0,71242.0,4556740.0,2909349.0,2,2,2,1
7,5.4510,7685.2280,70.7660,7761.4450,4671,4749,45,6072,4,14,5,20,115956,66342.0,71183.0,4552584.0,2905778.0,2,2,2,1
8,13.4690,7732.5900,148.6400,7894.6990,4671,4749,45,6072,4,14,5,20,115956,66286.0,71172.0,4555206.0,2908379.0,2,2,2,1
9,5.4200,7697.0640,75.5850,7778.0690,4671,4749,45,6072,4,14,5,20,115956,66302.0,71066.0,4557260.0,2913045.0,2,2,2,1
10,5.5910,7704.1050,65.2420,7774.9380,4671,4749,45,6072,4,14,5,20,115956,66202.0,71373.0,4562618.0,2911422.0,2,2,2,1
11,5.6590,7691.0940,64.2270,7760.9800,4671,4749,45,6072,4,14,5,20,115956,66299.0,71314.0,4549224.0,2911067.0,2,2,2,1
12,4.7080,7700.4570,77.5030,7782.6680,4671,4749,45,6072,4,14,5,20,115956,66472.0,72105.0,4557848.0,2908866.0,2,2,2,1
13,3.7650,7698.0060,72.8850,7774.6560,4671,4749,45,6072,4,14,5,20,115956,66337.0,71382.0,4558098.0,2907679.0,2,2,2,1
14,6.5730,7692.1780,76.6140,7775.3650,4671,4749,45,6072,4,14,5,20,115956,66697.0,71214.0,4546968.0,2909943.0,2,2,2,1
15,6.7210,10586.8550,148.9590,10742.5350,4671,4749,45,6072,4,14,5,20,115956,66301.0,72332.0,4554145.0,5802136.0,2,2,2,1
16,4.6830,7696.0090,74.0590,7774.7510,4671,4749,45,6072,4,14,5,20,115956,66355.0,71171.0,4556428.0,2910266.0,2,2,2,1
17,5.4560,7704.6650,61.9450,7772.0660,4671,4749,45,6072,4,14,5,21,115956,66675.0,71495.0,4554260.0,2916128.0,2,2,2,1
18,5.6320,7705.4500,65.6710,7776.7530,4671,4749,45,6072,4,14,5,20,115956,66207.0,70987.0,4558700.0,2911592.0,2,2,2,1
19,5.5540,7690.3850,77.4840,7773.4230,4671,4749,45,6072,4,14,5,20,115956,66313.0,71860.0,4554266.0,2908926.0,2,2,2,1
20,6.3740,7694.5670,76.6130,7777.5540,4671,4749,45,6072,4,14,5,20,115956,66327.0,71064.0,4552956.0,2908995.0,2,2,2,1
21,5.3820,7689.6200,80.2780,7775.2800,4671,4749,45,6072,4,14,5,20,115956,66363.0,71256.0,4553628.0,2905830.0,2,2,2,1
22,6.7210,7691.3180,74.8130,7772.8520,4671,4749,45,6072,4,14,5,20,115956,66228.0,71234.0,4556302.0,2909075.0,2,2,2,1
23,8.3840,7694.5530,70.4610,7773.3980,4671,4749,45,6072,4,14,5,20,115956,66389.0,71163.0,4554746.0,2908860.0,2,2,2,1
24,6.4470,7698.0740,69.1130,7773.6340,4671,4749,45,6072,4,14,5,20,115956,66308.0,71096.0,4558333.0,2913278.0,2,2,2,1
25,5.3890,7702.3070,66.5300,7774.2260,4671,4749,45,6072,4,14,5,20,115956,66368.0,71192.0,4555638.0,2915701.0,2,2,2,1
26,5.4050,7689.9450,82.5050,7777.8550,4671,4749,45,6072,4,14,5,20,115956,66314.0,72387.0,4553140.0,2905985.0,2,2,2,1
27,5.4470,7695.6590,75.6740,7776.7800,4671,4749,45,6072,4,14,5,20,115956,66313.0,71216.0,4555283.0,2911228.0,2,2,2,1
28,7.4640,7698.1590,54.6200,7760.2430,4671,4749,45,6072,4,14,5,20,115956,66326.0,71170.0,4560562.0,2909996.0,2,2,2,1
29,4.6180,7688.8750,95.1800,7788.6730,4671,4749,45,6072,4,14,5,20,115956,66195.0,71085.0,4549251.0,2911562.0,2,2,2,1
30,5.6330,7697.5000,71.7240,7774.8570,4671,4749,45,6072,4,14,5,20,115956,66265.0,71244.0,4554954.0,2908866.0,2,2,2,1
31,5.4080,7698.0820,70.6100,7774.1000,4671,4749,45,6072,4,14,5,20,115956,66187.0,70764.0,4554488.0,2911463.0,2,2,2,1
32,6.4090,7697.5550,73.9900,7777.9540,4671,4749,45,6072,4,14,5,20,115956,66482.0,71029.0,4556015.0,2911431.0,2,2,2,1
33,2161.6880,8208.9420,52.0580,10422.6880,4671,4749,45,6072,4,14,5,20,115956,66701.0,71305.0,4554537.0,2910645.0,2,2,2,1
34,4.9620,7699.3130,83.2260,7787.5010,4671,4749,45,6072,4,14,5,20,115956,66368.0,71834.0,4555935.0,2910214.0,2,2,2,1
35,5.4960,7697.9750,78.0940,7781.5650,4671,4749,45,6072,4,14,5,20,115956,66566.0,71120.0,4557266.0,2907898.0,2,2,2,1
36,5.3780,7688.7260,78.0150,7772.1190,4671,4749,45,6072,4,14,5,21,115956,66198.0,71259.0,4553200.0,2907362.0,2,2,2,1
37,5.4000,7701.9680,68.1770,7775.5450,4671,4749,45,6072,4,14,5,20,115956,66399.0,71145.0,4559260.0,2910385.0,2,2,2,1
38,4.6490,10578.2970,46.4410,10629.3870,4671,4749,45,6072,4,14,5,20,115956,66316.0,71208.0,4554923.0,5792956.0,2,2,2,1
39,5.4050,7695.2960,76.4650,7777.1660,4671,4749,45,6072,4,14,5,20,115956,66417.0,71479.0,4556243.0,2908736.0,2,2,2,1
40,5.6540,7705.7980,65.7960,7777.2480,4671,4749,45,6072,4,14,5,20,115956,66509.0,70978.0,4566123.0,2908067.0,2,2,2,1
41,4.3870,7692.4890,75.7650,7772.6410,4671,4749,45,6072,4,14,5,20,115956,66312.0,71135.0,4550155.0,2911682.0,2,2,2,1
42,4.6440,7692.1220,78.5270,7775.2930,4671,4749,45,6072,4,14,5,20,115956,66357.0,71872.0,4549942.0,2910071.0,2,2,2,1
43,5.5960,7693.5560,163.7430,7862.8950,4671,4749,45,6072,4,14,5,20,115956,67386.0,71036.0,4552858.0,2911238.0,2,2,2,1
44,7.4340,7693.6030,69.7100,7770.7470,4671,4749,45,6072,4,14,5,20,115956,66255.0,72424.0,4552811.0,2909608.0,2,2,2,1
45,4.4080,7684.0170,69.1190,7757.5440,4671,4749,45,6072,4,14,5,20,115956,66559.0,71283.0,4547632.0,2908681.0,2,2,2,1
46,4.3930,7783.8260,96.0970,7884.3160,4671,4749,45,6072,4,14,5,20,115956,66266.0,71292.0,4553744.0,2912983.0,2,2,2,1
47,5.3920,7697.3340,324.4350,8027.1610,4671,4749,45,6072,4,14,5,20,115956,66458.0,71117.0,4552625.0,2912194.0,2,2,2,1
48,4.3900,7708.5210,99.9430,7812.8540,4671,4749,45,6072,4,14,5,20,115956,66343.0,71309.0,4551648.0,2907099.0,2,2,2,1
49,4.3900,7693.6140,70.4250,7768.4290,4671,4749,45,6072,4,14,5,20,115956,66315.0,71037.0,4555164.0,2906777.0,2,2,2,1
#heap 28559
#stack 51608
#end
#block pipeline plain lorawan11 up
#aead LoRaWAN-1.1 AES-128-CTR+2xCMAC (BearSSL (arduino-pico)), uplink, 51 B payload + 13 B overhead
#lib none (plain MQTT)
iter,tcp_ms,tls_ms,mqtt_ms,total_ms,hs_tx_B,hs_rx_B,mqtt_tx_B,mqtt_rx_B,hs_writes,hs_reads,writes,reads,free_heap_B,hs_keygen_us,hs_derive_us,hs_verify_us,hs_sign_us,hs_keygen_n,hs_derive_n,hs_verify_n,hs_sign_n
msg,iter,idx,seal_us,rtt_us,open_us,tx_B,rx_B
whole,iter,first_ms,all_ms,msgs
0,6.4810,0.0030,4.6070,11.0910,0,0,23,4,0,0,1,1,124084,0.0,0.0,0.0,0.0,0,0,0,0
msg,0,0,826,4332,772,90,90
msg,0,1,708,4266,767,90,90
msg,0,2,671,3644,765,90,90
msg,0,3,713,4348,770,90,90
msg,0,4,699,3724,761,90,90
msg,0,5,699,4833,760,90,90
msg,0,6,695,4513,764,90,90
msg,0,7,697,4188,761,90,90
msg,0,8,691,3903,764,90,90
msg,0,9,778,30555,744,90,90
msg,0,10,678,4528,766,90,90
msg,0,11,674,3829,772,90,90
msg,0,12,690,5517,757,90,90
msg,0,13,699,4986,766,90,90
msg,0,14,707,6089,737,90,90
msg,0,15,683,4402,743,90,90
msg,0,16,683,3889,767,90,90
msg,0,17,705,3915,764,90,90
msg,0,18,682,3832,765,90,90
msg,0,19,708,4073,771,90,90
msg,0,20,690,5207,767,90,90
msg,0,21,707,28976,755,90,90
msg,0,22,706,4221,780,90,90
msg,0,23,700,4139,767,90,90
msg,0,24,707,5902,744,90,90
msg,0,25,681,4932,766,90,90
msg,0,26,696,6531,759,90,90
msg,0,27,690,3382,762,90,90
msg,0,28,700,3972,828,90,90
msg,0,29,698,3344,768,90,90
msg,0,30,702,4934,738,90,90
msg,0,31,683,3536,771,90,90
msg,0,32,674,3899,761,90,90
msg,0,33,707,3851,763,90,90
msg,0,34,671,34036,763,90,90
msg,0,35,698,4157,765,90,90
msg,0,36,694,5643,739,90,90
msg,0,37,704,3756,761,90,90
msg,0,38,703,3900,765,90,90
msg,0,39,699,3838,766,90,90
msg,0,40,698,3805,764,90,90
msg,0,41,706,3535,745,90,90
msg,0,42,706,4776,772,90,90
msg,0,43,700,5682,765,90,90
msg,0,44,705,4452,763,90,90
msg,0,45,701,4954,757,90,90
msg,0,46,697,34265,769,90,90
msg,0,47,668,4062,761,90,90
msg,0,48,700,5813,767,90,90
msg,0,49,699,4528,763,90,90
msg,0,50,694,4176,768,90,90
msg,0,51,696,4944,762,90,90
msg,0,52,699,4635,749,90,90
msg,0,53,668,5287,744,90,90
msg,0,54,672,4546,763,90,90
msg,0,55,679,3676,760,90,90
msg,0,56,694,3879,746,90,90
msg,0,57,678,3935,761,90,90
msg,0,58,701,32959,744,90,90
msg,0,59,686,3837,761,90,90
msg,0,60,689,5232,767,90,90
msg,0,61,705,3985,745,90,90
msg,0,62,682,3982,762,90,90
msg,0,63,705,4727,740,90,90
msg,0,64,675,5334,747,90,90
msg,0,65,678,4759,769,90,90
msg,0,66,699,4954,743,90,90
msg,0,67,674,3814,772,90,90
msg,0,68,784,6167,760,90,90
msg,0,69,703,31377,808,90,90
msg,0,70,704,4845,764,90,90
msg,0,71,702,4544,735,90,90
msg,0,72,675,4739,762,90,90
msg,0,73,786,7536,761,90,90
msg,0,74,696,4106,763,90,90
msg,0,75,702,4857,759,90,90
msg,0,76,703,3572,737,90,90
msg,0,77,680,6150,764,90,90
msg,0,78,701,5065,834,90,90
msg,0,79,702,3580,765,90,90
msg,0,80,706,5882,766,90,90
msg,0,81,700,33680,772,90,90
msg,0,82,695,3886,746,90,90
msg,0,83,745,5550,769,90,90
msg,0,84,699,3857,761,90,90
msg,0,85,704,4218,764,90,90
msg,0,86,694,3486,763,90,90
msg,0,87,707,4093,759,90,90
msg,0,88,696,4459,770,90,90
msg,0,89,698,5849,741,90,90
msg,0,90,683,4598,756,90,90
msg,0,91,695,4248,763,90,90
msg,0,92,671,3959,832,90,90
msg,0,93,699,34865,767,90,90
msg,0,94,707,3991,748,90,90
msg,0,95,681,5201,758,90,90
msg,0,96,704,6097,764,90,90
msg,0,97,700,4695,760,90,90
msg,0,98,706,4951,773,90,90
msg,0,99,701,3853,740,90,90
msg,0,100,703,3834,768,90,90
msg,0,101,702,3574,767,90,90
msg,0,102,699,4370,762,90,90
msg,0,103,709,5743,742,90,90
msg,0,104,676,31086,773,90,90
msg,0,105,695,3708,747,90,90
msg,0,106,678,3862,767,90,90
msg,0,107,701,4671,758,90,90
msg,0,108,704,3829,765,90,90
msg,0,109,704,4208,742,90,90
msg,0,110,683,3835,767,90,90
msg,0,111,706,3980,770,90,90
msg,0,112,675,3458,768,90,90
msg,0,113,702,3784,761,90,90
msg,0,114,700,4578,739,90,90
msg,0,115,711,6636,766,90,90
msg,0,116,671,3949,764,90,90
msg,0,117,704,30272,767,90,90
msg,0,118,701,4523,758,90,90
msg,0,119,704,3972,763,90,90
msg,0,120,701,5735,762,90,90
msg,0,121,697,3855,767,90,90
msg,0,122,699,3892,862,90,90
msg,0,123,672,3840,760,90,90
msg,0,124,695,3500,763,90,90
msg,0,125,700,3412,765,90,90
msg,0,126,702,3990,766,90,90
msg,0,127,676,5692,769,90,90
msg,0,128,702,6763,739,90,90
msg,0,129,703,33186,760,90,90
msg,0,130,703,4369,761,90,90
msg,0,131,706,4799,740,90,90
msg,0,132,685,4536,766,90,90
msg,0,133,698,3882,761,90,90
msg,0,134,689,3859,767,90,90
msg,0,135,701,3789,762,90,90
msg,0,136,704,3823,763,90,90
msg,0,137,676,4965,766,90,90
msg,0,138,778,3897,761,90,90
msg,0,139,709,4106,743,90,90
msg,0,140,680,5481,770,90,90
msg,0,141,678,35110,776,90,90
msg,0,142,765,4637,771,90,90
msg,0,143,708,3809,769,90,90
msg,0,144,692,6070,763,90,90
msg,0,145,777,5854,737,90,90
msg,0,146,681,4341,745,90,90
msg,0,147,701,4192,763,90,90
msg,0,148,703,3636,739,90,90
msg,0,149,676,3869,765,90,90
msg,0,150,700,4409,764,90,90
msg,0,151,702,3911,745,90,90
msg,0,152,686,5692,760,90,90
msg,0,153,694,31957,744,90,90
msg,0,154,678,4808,763,90,90
msg,0,155,706,3861,741,90,90
msg,0,156,699,5660,760,90,90
msg,0,157,676,3736,763,90,90
msg,0,158,703,3545,767,90,90
msg,0,159,692,4825,771,90,90
msg,0,160,660,4151,738,90,90
msg,0,161,711,4055,764,90,90
msg,0,162,707,3537,758,90,90
msg,0,163,703,3403,759,90,90
msg,0,164,700,3873,861,90,90
msg,0,165,700,4835,745,90,90
msg,0,166,704,30426,743,90,90
msg,0,167,735,4183,762,90,90
msg,0,168,713,6645,741,90,90
msg,0,169,675,3883,759,90,90
msg,0,170,704,5010,1090,90,90
msg,0,171,703,3996,760,90,90
msg,0,172,678,4155,744,90,90
msg,0,173,683,4388,745,90,90
msg,0,174,673,5336,743,90,90
msg,0,175,672,3848,769,90,90
msg,0,176,704,4221,762,90,90
msg,0,177,707,4178,737,90,90
msg,0,178,684,3741,768,90,90
msg,0,179,704,33092,761,90,90
msg,0,180,676,4600,767,90,90
msg,0,181,699,5514,768,90,90
msg,0,182,710,3895,742,90,90
msg,0,183,675,4199,745,90,90
msg,0,184,701,3819,769,90,90
msg,0,185,703,3863,765,90,90
msg,0,186,703,4507,750,90,90
msg,0,187,676,3965,764,90,90
msg,0,188,700,3876,746,90,90
msg,0,189,683,7241,744,90,90
msg,0,190,671,4125,764,90,90
msg,0,191,707,32883,769,90,90
msg,0,192,677,4546,762,90,90
msg,0,193,706,4533,767,90,90
msg,0,194,702,3991,758,90,90
msg,0,195,675,3662,769,90,90
msg,0,196,695,3927,747,90,90
msg,0,197,683,4230,761,90,90
msg,0,198,699,3937,763,90,90
msg,0,199,706,3722,758,90,90
whole,0,27.292,1690.660,200
1,4.5380,0.0030,5.9550,10.4960,0,0,23,4,0,0,1,1,124084,0.0,0.0,0.0,0.0,0,0,0,0
msg,1,0,833,5288,777,90,90
msg,1,1,712,9225,771,90,90
msg,1,2,699,8736,764,90,90
msg,1,3,707,4570,740,90,90
msg,1,4,689,3748,762,90,90
msg,1,5,702,3790,759,90,90
msg,1,6,702,4090,765,90,90
msg,1,7,700,3693,743,90,90
msg,1,8,704,3794,761,90,90
msg,1,9,704,4203,765,90,90
msg,1,10,679,3593,757,90,90
msg,1,11,706,31235,766,90,90
msg,1,12,684,4108,744,90,90
msg,1,13,676,3787,767,90,90
msg,1,14,700,4974,746,90,90
msg,1,15,683,3791,759,90,90
msg,1,16,693,4023,809,90,90
msg,1,17,672,3748,767,90,90
msg,1,18,692,4471,764,90,90
msg,1,19,706,4032,770,90,90
msg,1,20,699,3606,757,90,90
msg,1,21,695,3685,765,90,90
msg,1,22,709,4323,755,90,90
msg,1,23,700,6406,761,90,90
msg,1,24,705,33423,756,90,90
msg,1,25,708,4683,763,90,90
msg,1,26,680,5588,767,90,90
msg,1,27,702,3580,765,90,90
msg,1,28,699,3882,740,90,90
msg,1,29,678,3821,759,90,90
msg,1,30,698,3938,739,90,90
msg,1,31,671,4934,762,90,90
msg,1,32,798,3840,762,90,90
msg,1,33,695,3826,763,90,90
msg,1,34,710,4642,738,90,90
msg,1,35,674,4456,743,90,90
msg,1,36,677,28976,764,90,90
msg,1,37,703,4728,744,90,90
msg,1,38,687,4076,760,90,90
msg,1,39,699,5457,761,90,90
msg,1,40,703,3801,765,90,90
msg,1,41,704,3998,742,90,90
msg,1,42,695,3782,767,90,90
msg,1,43,698,6295,768,90,90
msg,1,44,691,4369,768,90,90
msg,1,45,695,5528,761,90,90
msg,1,46,706,3990,742,90,90
msg,1,47,686,3828,765,90,90
msg,1,48,703,3935,744,90,90
msg,1,49,673,27384,740,90,90
msg,1,50,684,5623,762,90,90
msg,1,51,702,22164,747,90,90
msg,1,52,676,3967,760,90,90
msg,1,53,697,4035,762,90,90
msg,1,54,700,3692,770,90,90
msg,1,55,692,3453,756,90,90
msg,1,56,710,4020,767,90,90
msg,1,57,748,4328,760,90,90
msg,1,58,698,5508,739,90,90
msg,1,59,683,34677,770,90,90
msg,1,60,692,3714,764,90,90
msg,1,61,702,7987,773,90,90
msg,1,62,677,3916,763,90,90
msg,1,63,706,5850,767,90,90
msg,1,64,697,4475,763,90,90
msg,1,65,692,7093,744,90,90
msg,1,66,684,4450,766,90,90
msg,1,67,682,4451,766,90,90
msg,1,68,779,5361,764,90,90
msg,1,69,685,4056,742,90,90
msg,1,70,681,33008,766,90,90
msg,1,71,698,6877,738,90,90
msg,1,72,678,4475,760,90,90
msg,1,73,676,5331,740,90,90
msg,1,74,681,4269,745,90,90
msg,1,75,669,5914,769,90,90
msg,1,76,710,4514,761,90,90
msg,1,77,707,4188,764,90,90
msg,1,78,703,6125,767,90,90
msg,1,79,708,4161,738,90,90
msg,1,80,677,5072,758,90,90
msg,1,81,698,29915,771,90,90
msg,1,82,703,5562,758,90,90
msg,1,83,708,4032,766,90,90
msg,1,84,681,4684,827,90,90
msg,1,85,694,3823,740,90,90
msg,1,86,682,4287,741,90,90
msg,1,87,697,8119,766,90,90
msg,1,88,696,3881,763,90,90
msg,1,89,677,5552,762,90,90
msg,1,90,779,3952,737,90,90
msg,1,91,673,3915,757,90,90
msg,1,92,707,3852,738,90,90
msg,1,93,673,37447,749,90,90
msg,1,94,683,5872,762,90,90
msg,1,95,706,5034,765,90,90
msg,1,96,666,4510,763,90,90
msg,1,97,700,3967,747,90,90
msg,1,98,705,4926,762,90,90
msg,1,99,704,4367,762,90,90
msg,1,100,695,3919,741,90,90
msg,1,101,751,4154,755,90,90
msg,1,102,699,3922,757,90,90
msg,1,103,709,4080,759,90,90
msg,1,104,687,31012,770,90,90
msg,1,105,709,4164,763,90,90
msg,1,106,707,5190,767,90,90
msg,1,107,700,5332,763,90,90
msg,1,108,705,5025,742,90,90
msg,1,109,677,4085,760,90,90
msg,1,110,702,12122,1148,90,90
msg,1,111,706,3720,764,90,90
msg,1,112,693,3738,763,90,90
msg,1,113,705,3964,766,90,90
msg,1,114,673,3861,770,90,90
msg,1,115,692,31138,770,90,90
msg,1,116,709,4699,758,90,90
msg,1,117,707,5327,757,90,90
msg,1,118,704,5807,763,90,90
msg,1,119,676,4096,743,90,90
msg,1,120,671,3890,776,90,90
msg,1,121,709,4239,767,90,90
msg,1,122,706,3550,763,90,90
msg,1,123,705,3812,742,90,90
msg,1,124,681,5017,766,90,90
msg,1,125,706,3492,762,90,90
msg,1,126,700,4185,766,90,90
msg,1,127,697,3837,746,90,90
msg,1,128,687,35463,740,90,90
msg,1,129,681,6028,764,90,90
msg,1,130,698,4066,767,90,90
msg,1,131,694,3899,743,90,90
msg,1,132,679,4597,762,90,90
msg,1,133,699,3723,764,90,90
msg,1,134,696,3915,763,90,90
msg,1,135,671,3917,763,90,90
msg,1,136,698,4231,757,90,90
msg,1,137,701,3933,767,90,90
msg,1,138,679,3729,762,90,90
msg,1,139,698,4620,770,90,90
msg,1,140,702,33073,774,90,90
msg,1,141,704,5051,830,90,90
msg,1,142,680,5364,763,90,90
msg,1,143,679,4103,742,90,90
msg,1,144,712,4066,767,90,90
msg,1,145,701,3885,737,90,90
msg,1,146,688,4915,758,90,90
msg,1,147,702,4727,747,90,90
msg,1,148,676,6730,756,90,90
msg,1,149,698,6538,757,90,90
msg,1,150,782,4773,739,90,90
msg,1,151,686,30325,750,90,90
msg,1,152,708,4759,768,90,90
msg,1,153,697,3804,767,90,90
msg,1,154,701,6152,766,90,90
msg,1,155,707,5127,767,90,90
msg,1,156,703,5982,741,90,90
msg,1,157,702,4428,746,90,90
msg,1,158,681,4665,767,90,90
msg,1,159,696,3618,758,90,90
msg,1,160,703,5597,768,90,90
msg,1,161,708,3581,747,90,90
msg,1,162,675,3619,766,90,90
msg,1,163,665,17113,740,90,90
msg,1,164,701,15293,759,90,90
msg,1,165,703,3927,758,90,90
msg,1,166,692,4544,764,90,90
msg,1,167,704,4956,761,90,90
msg,1,168,674,6400,761,90,90
msg,1,169,681,4151,738,90,90
msg,1,170,757,3917,751,90,90
msg,1,171,702,3841,768,90,90
msg,1,172,705,3485,763,90,90
msg,1,173,695,4435,768,90,90
msg,1,174,702,4172,760,90,90
msg,1,175,703,4270,761,90,90
msg,1,176,711,31247,765,90,90
msg,1,177,676,4428,763,90,90
msg,1,178,678,4239,738,90,90
msg,1,179,676,8359,742,90,90
msg,1,180,687,4323,736,90,90
msg,1,181,671,3879,765,90,90
msg,1,182,703,3612,825,90,90
msg,1,183,703,4018,762,90,90
msg,1,184,707,4743,758,90,90
msg,1,185,698,4253,771,90,90
msg,1,186,702,3431,766,90,90
msg,1,187,705,3831,759,90,90
msg,1,188,709,3668,763,90,90
msg,1,189,703,31681,755,90,90
msg,1,190,713,4804,766,90,90
msg,1,191,704,7434,769,90,90
msg,1,192,703,7269,764,90,90
msg,1,193,694,4025,743,90,90
msg,1,194,674,4720,771,90,90
msg,1,195,700,6266,763,90,90
msg,1,196,678,4108,745,90,90
msg,1,197,703,3782,768,90,90
msg,1,198,703,3863,759,90,90
msg,1,199,707,4291,762,90,90
whole,1,50.927,1753.985,200
2,10.3670,0.0030,5.7150,16.0850,0,0,23,4,0,0,1,1,124084,0.0,0.0,0.0,0.0,0,0,0,0
msg,2,0,828,4179,748,90,90
msg,2,1,671,4069,760,90,90
msg,2,2,706,4681,741,90,90
msg,2,3,681,3960,762,90,90
msg,2,4,705,3973,755,90,90
msg,2,5,692,47214,751,90,90
msg,2,6,678,6489,768,90,90
msg,2,7,679,4414,827,90,90
msg,2,8,700,3641,763,90,90
msg,2,9,707,3637,756,90,90
msg,2,10,694,3898,763,90,90
msg,2,11,701,4000,743,90,90
msg,2,12,674,4057,770,90,90
msg,2,13,708,3854,756,90,90
msg,2,14,680,4188,743,90,90
msg,2,15,668,31420,741,90,90
msg,2,16,685,4258,759,90,90
msg,2,17,704,5154,764,90,90
msg,2,18,704,4973,766,90,90
msg,2,19,695,5672,781,90,90
msg,2,20,702,3852,748,90,90
msg,2,21,684,3812,765,90,90
msg,2,22,705,3907,825,90,90
msg,2,23,682,4438,771,90,90
msg,2,24,673,5459,762,90,90
msg,2,25,701,3796,759,90,90
msg,2,26,766,5753,756,90,90
msg,2,27,672,31098,761,90,90
msg,2,28,759,4684,791,90,90
msg,2,29,709,4248,764,90,90
msg,2,30,677,5807,763,90,90
msg,2,31,695,5721,741,90,90
msg,2,32,677,3836,765,90,90
msg,2,33,710,6081,742,90,90
msg,2,34,671,3798,829,90,90
msg,2,35,707,3811,743,90,90
msg,2,36,677,3791,762,90,90
msg,2,37,694,3758,761,90,90
msg,2,38,696,5688,764,90,90
msg,2,39,679,33363,741,90,90
msg,2,40,681,4853,770,90,90
msg,2,41,704,4409,764,90,90
msg,2,42,709,3993,759,90,90
msg,2,43,694,3733,763,90,90
msg,2,44,705,4001,768,90,90
msg,2,45,700,4243,765,90,90
msg,2,46,676,4837,828,90,90
msg,2,47,703,4495,758,90,90
msg,2,48,692,4293,765,90,90
msg,2,49,700,4211,764,90,90
msg,2,50,711,6407,770,90,90
msg,2,51,699,30879,765,90,90
msg,2,52,676,4665,763,90,90
msg,2,53,709,4888,742,90,90
msg,2,54,670,4452,742,90,90
msg,2,55,680,9970,767,90,90
msg,2,56,698,3866,744,90,90
msg,2,57,684,4079,800,90,90
msg,2,58,700,6858,761,90,90
msg,2,59,704,4119,744,90,90
msg,2,60,672,3416,862,90,90
msg,2,61,693,3834,769,90,90
msg,2,62,698,5591,743,90,90
msg,2,63,675,30245,763,90,90
msg,2,64,708,3849,770,90,90
msg,2,65,693,3777,763,90,90
msg,2,66,688,4194,761,90,90
msg,2,67,701,3847,743,90,90
msg,2,68,678,3900,769,90,90
msg,2,69,703,3798,742,90,90
msg,2,70,687,3990,763,90,90
msg,2,71,705,3695,735,90,90
msg,2,72,708,4355,737,90,90
msg,2,73,707,5022,758,90,90
msg,2,74,689,5529,763,90,90
msg,2,75,705,3910,767,90,90
msg,2,76,683,31035,759,90,90
msg,2,77,710,4083,760,90,90
msg,2,78,702,3972,779,90,90
msg,2,79,712,4537,765,90,90
msg,2,80,701,3929,737,90,90
msg,2,81,679,3938,766,90,90
msg,2,82,691,3771,745,90,90
msg,2,83,674,3615,763,90,90
msg,2,84,678,5362,764,90,90
msg,2,85,678,4778,768,90,90
msg,2,86,694,3947,759,90,90
msg,2,87,679,5592,763,90,90
msg,2,88,702,32041,749,90,90
msg,2,89,672,4183,764,90,90
msg,2,90,702,5323,762,90,90
msg,2,91,782,4589,739,90,90
msg,2,92,678,3992,764,90,90
msg,2,93,703,3795,743,90,90
msg,2,94,673,7011,768,90,90
msg,2,95,695,4181,766,90,90
msg,2,96,702,5014,761,90,90
msg,2,97,684,8227,742,90,90
msg,2,98,677,3993,764,90,90
msg,2,99,698,3827,744,90,90
msg,2,100,682,34110,764,90,90
msg,2,101,704,4605,798,90,90
msg,2,102,682,5500,767,90,90
msg,2,103,682,3910,765,90,90
msg,2,104,699,3719,747,90,90
msg,2,105,680,4999,770,90,90
msg,2,106,701,5034,761,90,90
msg,2,107,705,3992,737,90,90
msg,2,108,684,4499,746,90,90
msg,2,109,676,4687,766,90,90
msg,2,110,698,42348,768,90,90
msg,2,111,714,4553,821,90,90
msg,2,112,703,4053,770,90,90
msg,2,113,696,4083,739,90,90
msg,2,114,683,4075,760,90,90
msg,2,115,712,4776,766,90,90
msg,2,116,672,4005,756,90,90
msg,2,117,701,4739,768,90,90
msg,2,118,677,4785,773,90,90
msg,2,119,696,4622,757,90,90
msg,2,120,700,4034,763,90,90
msg,2,121,696,5739,756,90,90
msg,2,122,705,32886,767,90,90
msg,2,123,701,4662,763,90,90
msg,2,124,693,5248,772,90,90
msg,2,125,712,4247,769,90,90
msg,2,126,709,3541,765,90,90
msg,2,127,702,4071,764,90,90
msg,2,128,696,3689,753,90,90
msg,2,129,701,3419,763,90,90
msg,2,130,706,3788,740,90,90
msg,2,131,682,4073,754,90,90
msg,2,132,708,3863,753,90,90
msg,2,133,698,4073,810,90,90
msg,2,134,672,34395,761,90,90
msg,2,135,682,4252,744,90,90
msg,2,136,679,4371,742,90,90
msg,2,137,670,6091,822,90,90
msg,2,138,705,4434,761,90,90
msg,2,139,705,4303,767,90,90
msg,2,140,699,3550,745,90,90
msg,2,141,707,3379,739,90,90
msg,2,142,702,4290,754,90,90
msg,2,143,702,4143,764,90,90
msg,2,144,703,3972,824,90,90
msg,2,145,700,3928,760,90,90
msg,2,146,699,5215,770,90,90
msg,2,147,708,28893,770,90,90
msg,2,148,678,4033,754,90,90
msg,2,149,701,5520,740,90,90
msg,2,150,671,5007,764,90,90
msg,2,151,703,3812,737,90,90
msg,2,152,681,4390,745,90,90
msg,2,153,683,3879,761,90,90
msg,2,154,702,4324,817,90,90
msg,2,155,701,4548,762,90,90
msg,2,156,687,3615,742,90,90
msg,2,157,681,4067,767,90,90
msg,2,158,694,5121,770,90,90
msg,2,159,700,3680,758,90,90
msg,2,160,700,35418,757,90,90
msg,2,161,713,5511,743,90,90
msg,2,162,682,4108,834,90,90
msg,2,163,706,4060,762,90,90
msg,2,164,699,3615,768,90,90
msg,2,165,698,3439,763,90,90
msg,2,166,710,4587,742,90,90
msg,2,167,680,3698,766,90,90
msg,2,168,699,3642,760,90,90
msg,2,169,696,3881,771,90,90
msg,2,170,678,3829,764,90,90
msg,2,171,772,3894,762,90,90
msg,2,172,677,31461,772,90,90
msg,2,173,676,5592,770,90,90
msg,2,174,711,4634,755,90,90
msg,2,175,709,4971,766,90,90
msg,2,176,696,5546,765,90,90
msg,2,177,698,4035,766,90,90
msg,2,178,674,3986,761,90,90
msg,2,179,706,3715,736,90,90
msg,2,180,672,3854,769,90,90
msg,2,181,703,3456,767,90,90
msg,2,182,696,3835,759,90,90
msg,2,183,671,5480,764,90,90
msg,2,184,684,4298,761,90,90
msg,2,185,673,34681,765,90,90
msg,2,186,706,3875,741,90,90
msg,2,187,700,5191,769,90,90
msg,2,188,701,3809,776,90,90
msg,2,189,684,3851,763,90,90
msg,2,190,694,3661,737,90,90
msg,2,191,673,3720,766,90,90
msg,2,192,705,4072,745,90,90
msg,2,193,683,3814,768,90,90
msg,2,194,695,5379,763,90,90
msg,2,195,696,3676,761,90,90
msg,2,196,704,3825,767,90,90
msg,2,197,704,31545,774,90,90
msg,2,198,695,3970,743,90,90
msg,2,199,753,4124,755,90,90
whole,2,28.668,1735.337,200
#stack 2256
#end
#block pipeline plain lorawan11 down
#aead LoRaWAN-1.1 AES-128-CTR+2xCMAC (BearSSL (arduino-pico)), downlink, 51 B payload + 13 B overhead
#lib none (plain MQTT)
iter,tcp_ms,tls_ms,mqtt_ms,total_ms,hs_tx_B,hs_rx_B,mqtt_tx_B,mqtt_rx_B,hs_writes,hs_reads,writes,reads,free_heap_B,hs_keygen_us,hs_derive_us,hs_verify_us,hs_sign_us,hs_keygen_n,hs_derive_n,hs_verify_n,hs_sign_n
msg,iter,idx,seal_us,rtt_us,open_us,tx_B,rx_B
whole,iter,first_ms,all_ms,msgs
0,4.3810,0.0030,4.3350,8.7190,0,0,23,4,0,0,1,1,124084,0.0,0.0,0.0,0.0,0,0,0,0
msg,0,0,561,5589,492,90,90
msg,0,1,457,4329,514,90,90
msg,0,2,419,5691,486,90,90
msg,0,3,412,3265,505,90,90
msg,0,4,420,4137,496,90,90
msg,0,5,450,3570,504,90,90
msg,0,6,519,3638,483,90,90
msg,0,7,419,3930,479,90,90
msg,0,8,419,3518,482,90,90
msg,0,9,434,3513,500,90,90
msg,0,10,419,8124,500,90,90
msg,0,11,442,4545,506,90,90
msg,0,12,416,5055,505,90,90
msg,0,13,494,28045,500,90,90
msg,0,14,448,5641,507,90,90
msg,0,15,406,3467,486,90,90
msg,0,16,448,6138,507,90,90
msg,0,17,410,3969,503,90,90
msg,0,18,411,4016,501,90,90
msg,0,19,423,3813,510,90,90
msg,0,20,416,3721,480,90,90
msg,0,21,423,3911,483,90,90
msg,0,22,419,5531,489,90,90
msg,0,23,430,4339,513,90,90
msg,0,24,418,3699,481,90,90
msg,0,25,410,4326,508,90,90
msg,0,26,414,4240,552,90,90
msg,0,27,431,29264,488,90,90
msg,0,28,411,3814,482,90,90
msg,0,29,419,4589,482,90,90
msg,0,30,430,4103,485,90,90
msg,0,31,411,3631,485,90,90
msg,0,32,441,4098,482,90,90
msg,0,33,449,4310,506,90,90
msg,0,34,420,3910,510,90,90
msg,0,35,422,7401,479,90,90
msg,0,36,439,5447,506,90,90
msg,0,37,428,4029,503,90,90
msg,0,38,417,4214,477,90,90
msg,0,39,448,4516,501,90,90
msg,0,40,421,3930,510,90,90
msg,0,41,415,30149,484,90,90
msg,0,42,444,3973,483,90,90
msg,0,43,446,4338,502,90,90
msg,0,44,423,7009,503,90,90
msg,0,45,423,3666,494,90,90
msg,0,46,415,4049,504,90,90
msg,0,47,420,4282,479,90,90
msg,0,48,439,3874,479,90,90
msg,0,49,441,4611,522,90,90
msg,0,50,410,4455,486,90,90
msg,0,51,413,5841,485,90,90
msg,0,52,445,5057,485,90,90
msg,0,53,423,4655,481,90,90
msg,0,54,433,32228,482,90,90
msg,0,55,419,4271,500,90,90
msg,0,56,420,5182,487,90,90
msg,0,57,444,5187,542,90,90
msg,0,58,413,4088,509,90,90
msg,0,59,403,3502,487,90,90
msg,0,60,445,3993,481,90,90
msg,0,61,422,3525,502,90,90
msg,0,62,448,4178,551,90,90
msg,0,63,416,5715,487,90,90
msg,0,64,445,6187,483,90,90
msg,0,65,420,7644,484,90,90
msg,0,66,452,4346,501,90,90
msg,0,67,414,29485,480,90,90
msg,0,68,447,4155,483,90,90
msg,0,69,410,4404,503,90,90
msg,0,70,434,6357,483,90,90
msg,0,71,417,5512,483,90,90
msg,0,72,435,3944,478,90,90
msg,0,73,444,3902,479,90,90
msg,0,74,448,5021,484,90,90
msg,0,75,436,4238,509,90,90
msg,0,76,418,3799,484,90,90
msg,0,77,413,3695,480,90,90
msg,0,78,449,3818,484,90,90
msg,0,79,451,6234,509,90,90
msg,0,80,420,32151,502,90,90
msg,0,81,421,4438,483,90,90
msg,0,82,414,4537,504,90,90
msg,0,83,444,6645,594,90,90
msg,0,84,420,3797,500,90,90
msg,0,85,409,4313,480,90,90
msg,0,86,446,3626,504,90,90
msg,0,87,414,4374,478,90,90
msg,0,88,411,4227,508,90,90
msg,0,89,421,4502,484,90,90
msg,0,90,441,3931,485,90,90
msg,0,91,443,5547,503,90,90
msg,0,92,446,7486,504,90,90
msg,0,93,421,29706,493,90,90
msg,0,94,415,5680,480,90,90
msg,0,95,446,4689,500,90,90
msg,0,96,446,9685,509,90,90
msg,0,97,416,5764,503,90,90
msg,0,98,406,6303,511,90,90
msg,0,99,433,4925,477,90,90
msg,0,100,449,5158,482,90,90
msg,0,101,450,4544,498,90,90
msg,0,102,438,3840,510,90,90
msg,0,103,432,4026,478,90,90
msg,0,104,445,35324,481,90,90
msg,0,105,409,4084,509,90,90
msg,0,106,408,4361,480,90,90
msg,0,107,438,3881,479,90,90
msg,0,108,452,4419,517,90,90
msg,0,109,419,4132,499,90,90
msg,0,110,422,3697,513,90,90
msg,0,111,420,3565,484,90,90
msg,0,112,444,4506,505,90,90
msg,0,113,421,4474,484,90,90
msg,0,114,420,3795,485,90,90
msg,0,115,415,4000,485,90,90
msg,0,116,420,3878,479,90,90
msg,0,117,413,6220,577,90,90
msg,0,118,422,31870,508,90,90
msg,0,119,405,6144,559,90,90
msg,0,120,441,4405,510,90,90
msg,0,121,412,5324,501,90,90
msg,0,122,453,4517,501,90,90
msg,0,123,424,4802,503,90,90
msg,0,124,420,7501,486,90,90
msg,0,125,444,5154,478,90,90
msg,0,126,413,7201,507,90,90
msg,0,127,422,7056,507,90,90
msg,0,128,419,4502,485,90,90
msg,0,129,424,3667,485,90,90
msg,0,130,441,33282,508,90,90
msg,0,131,425,4337,501,90,90
msg,0,132,437,3543,511,90,90
msg,0,133,420,4185,500,90,90
msg,0,134,444,4250,485,90,90
msg,0,135,414,4267,511,90,90
msg,0,136,414,3918,505,90,90
msg,0,137,417,5553,482,90,90
msg,0,138,413,4683,484,90,90
msg,0,139,436,4238,482,90,90
msg,0,140,424,3380,506,90,90
msg,0,141,445,3899,502,90,90
msg,0,142,438,5138,545,90,90
msg,0,143,429,31155,511,90,90
msg,0,144,418,4808,487,90,90
msg,0,145,426,4837,481,90,90
msg,0,146,417,6392,498,90,90
msg,0,147,441,3994,478,90,90
msg,0,148,447,7743,503,90,90
msg,0,149,420,7135,479,90,90
msg,0,150,440,4468,503,90,90
msg,0,151,424,3740,500,90,90
msg,0,152,428,3544,482,90,90
msg,0,153,454,3696,486,90,90
msg,0,154,441,3898,482,90,90
msg,0,155,454,5196,481,90,90
msg,0,156,417,33471,576,90,90
msg,0,157,444,5395,481,90,90
msg,0,158,418,4515,488,90,90
msg,0,159,445,3690,503,90,90
msg,0,160,449,4243,485,90,90
msg,0,161,449,5207,508,90,90
msg,0,162,418,4172,507,90,90
msg,0,163,425,4945,574,90,90
msg,0,164,434,4580,507,90,90
msg,0,165,422,4871,507,90,90
msg,0,166,410,3859,505,90,90
msg,0,167,424,4452,486,90,90
msg,0,168,434,4070,483,90,90
msg,0,169,417,28579,498,90,90
msg,0,170,442,3875,499,90,90
msg,0,171,432,4844,499,90,90
msg,0,172,443,4370,478,90,90
msg,0,173,418,4681,494,90,90
msg,0,174,438,4943,483,90,90
msg,0,175,430,4302,505,90,90
msg,0,176,412,5509,486,90,90
msg,0,177,409,7784,477,90,90
msg,0,178,451,6489,504,90,90
msg,0,179,498,3937,503,90,90
msg,0,180,442,3722,498,90,90
msg,0,181,424,5064,504,90,90
msg,0,182,442,28188,484,90,90
msg,0,183,448,6093,478,90,90
msg,0,184,414,4872,480,90,90
msg,0,185,424,5356,499,90,90
msg,0,186,516,3982,480,90,90
msg,0,187,444,3463,510,90,90
msg,0,188,412,3555,483,90,90
msg,0,189,415,5616,485,90,90
msg,0,190,444,5325,478,90,90
msg,0,191,425,3817,482,90,90
msg,0,192,413,4008,484,90,90
msg,0,193,422,3583,479,90,90
msg,0,194,439,4390,508,90,90
msg,0,195,420,4911,505,90,90
msg,0,196,418,27583,486,90,90
msg,0,197,415,3697,482,90,90
msg,0,198,451,5698,501,90,90
msg,0,199,451,6460,507,90,90
whole,0,50.388,1599.464,200
1,4.4650,0.0020,4.7130,9.1800,0,0,23,4,0,0,1,1,124084,0.0,0.0,0.0,0.0,0,0,0,0
msg,1,0,542,3792,511,90,90
msg,1,1,423,3948,507,90,90
msg,1,2,419,3641,479,90,90
msg,1,3,408,4031,513,90,90
msg,1,4,412,6319,486,90,90
msg,1,5,439,34121,478,90,90
msg,1,6,449,5822,481,90,90
msg,1,7,449,4371,506,90,90
msg,1,8,414,6576,484,90,90
msg,1,9,438,5941,484,90,90
msg,1,10,415,3682,482,90,90
msg,1,11,431,3934,486,90,90
msg,1,12,456,3844,479,90,90
msg,1,13,445,4174,483,90,90
msg,1,14,428,3972,478,90,90
msg,1,15,421,4746,484,90,90
msg,1,16,417,4399,502,90,90
msg,1,17,415,4958,509,90,90
msg,1,18,441,31676,507,90,90
msg,1,19,416,6344,483,90,90
msg,1,20,445,5200,483,90,90
msg,1,21,411,4719,482,90,90
msg,1,22,448,3752,481,90,90
msg,1,23,439,3803,506,90,90
msg,1,24,429,4295,486,90,90
msg,1,25,414,3855,483,90,90
msg,1,26,413,3707,484,90,90
msg,1,27,447,3653,502,90,90
msg,1,28,442,4527,511,90,90
msg,1,29,421,4018,510,90,90
msg,1,30,421,3662,481,90,90
msg,1,31,427,5884,481,90,90
msg,1,32,426,29069,511,90,90
msg,1,33,420,5707,503,90,90
msg,1,34,417,3781,485,90,90
msg,1,35,439,6816,482,90,90
msg,1,36,450,3579,498,90,90
msg,1,37,448,3827,502,90,90
msg,1,38,426,4809,506,90,90
msg,1,39,409,4602,479,90,90
msg,1,40,421,5113,505,90,90
msg,1,41,421,5302,487,90,90
msg,1,42,445,5091,479,90,90
msg,1,43,446,5424,509,90,90
msg,1,44,417,34781,509,90,90
msg,1,45,407,6298,489,90,90
msg,1,46,442,3659,509,90,90
msg,1,47,418,6128,480,90,90
msg,1,48,437,5611,502,90,90
msg,1,49,413,3716,505,90,90
msg,1,50,413,5186,510,90,90
msg,1,51,408,3959,502,90,90
msg,1,52,414,3648,509,90,90
msg,1,53,420,3680,481,90,90
msg,1,54,414,4099,506,90,90
msg,1,55,406,5974,507,90,90
msg,1,56,411,4921,500,90,90
msg,1,57,425,30724,488,90,90
msg,1,58,421,3656,484,90,90
msg,1,59,442,3724,487,90,90
msg,1,60,454,4523,504,90,90
msg,1,61,422,4411,479,90,90
msg,1,62,439,4208,576,90,90
msg,1,63,425,4072,502,90,90
msg,1,64,419,4340,479,90,90
msg,1,65,439,3690,481,90,90
msg,1,66,442,3487,574,90,90
msg,1,67,412,3750,854,90,90
msg,1,68,442,4120,486,90,90
msg,1,69,444,3848,487,90,90
msg,1,70,444,3719,500,90,90
msg,1,71,435,4094,486,90,90
msg,1,72,446,34880,503,90,90
msg,1,73,444,8891,488,90,90
msg,1,74,437,7751,501,90,90
msg,1,75,434,3854,495,90,90
msg,1,76,448,3683,507,90,90
msg,1,77,407,3858,506,90,90
msg,1,78,417,3921,504,90,90
msg,1,79,418,3953,511,90,90
msg,1,80,418,4208,481,90,90
msg,1,81,439,3706,505,90,90
msg,1,82,423,3798,504,90,90
msg,1,83,416,3955,509,90,90
msg,1,84,423,3707,503,90,90
msg,1,85,407,32008,503,90,90
msg,1,86,410,3801,509,90,90
msg,1,87,410,3779,491,90,90
msg,1,88,410,4481,485,90,90
msg,1,89,443,5057,486,90,90
msg,1,90,452,6542,506,90,90
msg,1,91,420,7016,499,90,90
msg,1,92,450,3840,498,90,90
msg,1,93,440,3761,505,90,90
msg,1,94,419,4526,484,90,90
msg,1,95,408,4506,485,90,90
msg,1,96,445,4832,497,90,90
msg,1,97,442,3720,504,90,90
msg,1,98,425,30258,501,90,90
msg,1,99,448,3972,486,90,90
msg,1,100,437,3917,481,90,90
msg,1,101,507,4788,480,90,90
msg,1,102,443,4313,502,90,90
msg,1,103,413,3947,506,90,90
msg,1,104,421,4070,510,90,90
msg,1,105,412,3510,482,90,90
msg,1,106,423,4371,499,90,90
msg,1,107,442,3721,503,90,90
msg,1,108,422,5680,502,90,90
msg,1,109,408,3810,490,90,90
msg,1,110,413,3909,482,90,90
msg,1,111,416,3709,479,90,90
msg,1,112,444,30744,484,90,90
msg,1,113,448,4910,479,90,90
msg,1,114,439,4209,483,90,90
msg,1,115,410,6017,506,90,90
msg,1,116,424,4038,514,90,90
msg,1,117,426,4204,499,90,90
msg,1,118,441,5942,487,90,90
msg,1,119,446,3816,494,90,90
msg,1,120,438,3601,499,90,90
msg,1,121,412,3861,507,90,90
msg,1,122,420,3986,567,90,90
msg,1,123,405,4209,483,90,90
msg,1,124,446,3483,501,90,90
msg,1,125,423,4926,504,90,90
msg,1,126,419,35073,514,90,90
msg,1,127,418,5169,479,90,90
msg,1,128,450,6880,476,90,90
msg,1,129,438,4939,484,90,90
msg,1,130,451,4169,476,90,90
msg,1,131,426,3857,484,90,90
msg,1,132,414,3905,485,90,90
msg,1,133,425,3818,483,90,90
msg,1,134,446,3967,489,90,90
msg,1,135,425,4838,478,90,90
msg,1,136,521,3487,499,90,90
msg,1,137,444,4026,482,90,90
msg,1,138,457,3651,508,90,90
msg,1,139,449,32183,487,90,90
msg,1,140,453,5415,500,90,90
msg,1,141,407,5022,507,90,90
msg,1,142,415,4012,503,90,90
msg,1,143,447,3794,502,90,90
msg,1,144,419,3950,623,90,90
msg,1,145,449,4055,484,90,90
msg,1,146,443,3537,501,90,90
msg,1,147,420,4996,498,90,90
msg,1,148,433,4370,484,90,90
msg,1,149,421,3848,479,90,90
msg,1,150,422,4011,500,90,90
msg,1,151,420,3661,484,90,90
msg,1,152,441,3562,507,90,90
msg,1,153,443,34744,503,90,90
msg,1,154,420,4410,479,90,90
msg,1,155,434,6110,503,90,90
msg,1,156,418,4072,501,90,90
msg,1,157,418,3543,551,90,90
msg,1,158,415,4323,503,90,90
msg,1,159,421,4165,481,90,90
msg,1,160,429,3613,505,90,90
msg,1,161,422,4873,505,90,90
msg,1,162,415,4212,483,90,90
msg,1,163,444,3942,479,90,90
msg,1,164,434,3749,501,90,90
msg,1,165,443,4196,488,90,90
msg,1,166,432,30583,524,90,90
msg,1,167,436,3735,508,90,90
msg,1,168,409,4212,483,90,90
msg,1,169,445,4876,486,90,90
msg,1,170,438,6588,510,90,90
msg,1,171,421,4000,507,90,90
msg,1,172,443,6877,500,90,90
msg,1,173,422,5670,504,90,90
msg,1,174,414,6794,502,90,90
msg,1,175,412,6187,506,90,90
msg,1,176,413,4977,511,90,90
msg,1,177,414,4760,507,90,90
msg,1,178,411,15573,482,90,90
msg,1,179,415,19436,507,90,90
msg,1,180,437,3847,503,90,90
msg,1,181,416,7144,486,90,90
msg,1,182,434,3801,550,90,90
msg,1,183,437,3531,503,90,90
msg,1,184,421,4035,507,90,90
msg,1,185,410,3735,500,90,90
msg,1,186,412,3875,503,90,90
msg,1,187,430,5778,506,90,90
msg,1,188,421,3822,503,90,90
msg,1,189,415,3940,508,90,90
msg,1,190,416,3661,483,90,90
msg,1,191,408,3912,481,90,90
msg,1,192,413,30553,499,90,90
msg,1,193,437,8264,477,90,90
msg,1,194,418,4171,505,90,90
msg,1,195,414,3962,498,90,90
msg,1,196,409,6278,490,90,90
msg,1,197,443,3993,483,90,90
msg,1,198,441,4662,502,90,90
msg,1,199,447,4395,479,90,90
whole,1,19.821,1555.202,200
2,4.3780,0.0030,4.6360,9.0170,0,0,23,4,0,0,1,1,124084,0.0,0.0,0.0,0.0,0,0,0,0
msg,2,0,566,3715,496,90,90
msg,2,1,458,3785,501,90,90
msg,2,2,430,31057,488,90,90
msg,2,3,441,5522,502,90,90
msg,2,4,420,9159,496,90,90
msg,2,5,436,4330,483,90,90
msg,2,6,420,3826,487,90,90
msg,2,7,407,3433,506,90,90
msg,2,8,419,4405,481,90,90
msg,2,9,408,4157,510,90,90
msg,2,10,416,4082,501,90,90
msg,2,11,418,4276,480,90,90
msg,2,12,433,4014,478,90,90
msg,2,13,444,3370,507,90,90
msg,2,14,403,3856,504,90,90
msg,2,15,421,30549,482,90,90
msg,2,16,453,4937,483,90,90
msg,2,17,411,5397,509,90,90
msg,2,18,417,6388,479,90,90
msg,2,19,415,4284,504,90,90
msg,2,20,416,4497,481,90,90
msg,2,21,440,3888,484,90,90
msg,2,22,532,3958,485,90,90
msg,2,23,428,4540,484,90,90
msg,2,24,447,3645,498,90,90
msg,2,25,412,4504,482,90,90
msg,2,26,419,4119,506,90,90
msg,2,27,418,3605,483,90,90
msg,2,28,414,4286,519,90,90
msg,2,29,410,31953,504,90,90
msg,2,30,419,4005,503,90,90
msg,2,31,446,4505,511,90,90
msg,2,32,418,4021,497,90,90
msg,2,33,416,5299,482,90,90
msg,2,34,443,7856,505,90,90
msg,2,35,450,5571,507,90,90
msg,2,36,411,3989,503,90,90
msg,2,37,418,3642,482,90,90
msg,2,38,416,4290,502,90,90
msg,2,39,411,3766,505,90,90
msg,2,40,424,3653,481,90,90
msg,2,41,418,3682,481,90,90
msg,2,42,451,29548,509,90,90
msg,2,43,447,3614,507,90,90
msg,2,44,412,4484,486,90,90
msg,2,45,435,3646,496,90,90
msg,2,46,447,4579,505,90,90
msg,2,47,420,8824,511,90,90
msg,2,48,419,5345,485,90,90
msg,2,49,441,3921,484,90,90
msg,2,50,442,3908,485,90,90
msg,2,51,444,3837,565,90,90
msg,2,52,443,4460,508,90,90
msg,2,53,420,4095,509,90,90
msg,2,54,441,4058,483,90,90
msg,2,55,440,3751,508,90,90
msg,2,56,442,29674,513,90,90
msg,2,57,417,4016,509,90,90
msg,2,58,414,3751,507,90,90
msg,2,59,410,7664,487,90,90
msg,2,60,412,4760,480,90,90
msg,2,61,441,6235,504,90,90
msg,2,62,410,6198,508,90,90
msg,2,63,440,4066,485,90,90
msg,2,64,436,3822,483,90,90
msg,2,65,449,3843,493,90,90
msg,2,66,440,3786,502,90,90
msg,2,67,442,3927,499,90,90
msg,2,68,443,4210,482,90,90
msg,2,69,443,29880,481,90,90
msg,2,70,445,3903,488,90,90
msg,2,71,430,3494,510,90,90
msg,2,72,422,3799,506,90,90
msg,2,73,421,4023,504,90,90
msg,2,74,410,3845,505,90,90
msg,2,75,413,4410,483,90,90
msg,2,76,410,5636,487,90,90
msg,2,77,438,3852,486,90,90
msg,2,78,440,3975,481,90,90
msg,2,79,559,3782,482,90,90
msg,2,80,448,4623,508,90,90
msg,2,81,411,3994,502,90,90
msg,2,82,451,3312,478,90,90
msg,2,83,416,4048,510,90,90
msg,2,84,416,32585,486,90,90
msg,2,85,448,3796,485,90,90
msg,2,86,455,3781,481,90,90
msg,2,87,447,5042,482,90,90
msg,2,88,434,4383,561,90,90
msg,2,89,419,5766,499,90,90
msg,2,90,417,4690,482,90,90
msg,2,91,413,4801,487,90,90
msg,2,92,431,4109,480,90,90
msg,2,93,410,3786,487,90,90
msg,2,94,407,4784,888,90,90
msg,2,95,421,3860,513,90,90
msg,2,96,421,4349,483,90,90
msg,2,97,443,31241,484,90,90
msg,2,98,411,4715,483,90,90
msg,2,99,442,4746,485,90,90
msg,2,100,444,7997,480,90,90
msg,2,101,443,4105,484,90,90
msg,2,102,412,5012,485,90,90
msg,2,103,422,4126,565,90,90
msg,2,104,423,4414,480,90,90
msg,2,105,443,5609,483,90,90
msg,2,106,442,6315,485,90,90
msg,2,107,413,7798,487,90,90
msg,2,108,414,5637,484,90,90
msg,2,109,439,30675,511,90,90
msg,2,110,420,4518,479,90,90
msg,2,111,427,5100,503,90,90
msg,2,112,419,4605,487,90,90
msg,2,113,422,3875,483,90,90
msg,2,114,426,3706,482,90,90
msg,2,115,438,4006,479,90,90
msg,2,116,429,4272,503,90,90
msg,2,117,421,4909,506,90,90
msg,2,118,415,4763,509,90,90
msg,2,119,408,4332,487,90,90
msg,2,120,442,3644,504,90,90
msg,2,121,409,5360,484,90,90
msg,2,122,447,31641,502,90,90
msg,2,123,443,3790,511,90,90
msg,2,124,414,3968,505,90,90
msg,2,125,436,3843,508,90,90
msg,2,126,418,4326,487,90,90
msg,2,127,443,3772,481,90,90
msg,2,128,443,3748,489,90,90
msg,2,129,456,3794,495,90,90
msg,2,130,445,5759,508,90,90
msg,2,131,426,4775,501,90,90
msg,2,132,408,4936,497,90,90
msg,2,133,416,4224,485,90,90
msg,2,134,450,3620,504,90,90
msg,2,135,415,3987,496,90,90
msg,2,136,422,3795,503,90,90
msg,2,137,415,33675,488,90,90
msg,2,138,414,3942,508,90,90
msg,2,139,418,6826,482,90,90
msg,2,140,421,3740,482,90,90
msg,2,141,411,3505,502,90,90
msg,2,142,441,3571,505,90,90
msg,2,143,422,4011,513,90,90
msg,2,144,415,3759,498,90,90
msg,2,145,420,4123,508,90,90
msg,2,146,425,7430,483,90,90
msg,2,147,404,4887,485,90,90
msg,2,148,439,6176,502,90,90
msg,2,149,419,30513,485,90,90
msg,2,150,448,5925,481,90,90
msg,2,151,440,4076,474,90,90
msg,2,152,489,5901,480,90,90
msg,2,153,425,6030,509,90,90
msg,2,154,421,3830,479,90,90
msg,2,155,426,4081,504,90,90
msg,2,156,424,3746,508,90,90
msg,2,157,407,3887,499,90,90
msg,2,158,416,4285,517,90,90
msg,2,159,438,5107,485,90,90
msg,2,160,444,5948,480,90,90
msg,2,161,453,4737,484,90,90
msg,2,162,445,29825,497,90,90
msg,2,163,445,4104,480,90,90
msg,2,164,518,3962,483,90,90
msg,2,165,411,3690,482,90,90
msg,2,166,448,3942,484,90,90
msg,2,167,451,3933,479,90,90
msg,2,168,529,3958,477,90,90
msg,2,169,523,4153,502,90,90
msg,2,170,418,3830,500,90,90
msg,2,171,407,3875,507,90,90
msg,2,172,420,4563,482,90,90
msg,2,173,446,4151,503,90,90
msg,2,174,419,4366,497,90,90
msg,2,175,441,3794,502,90,90
msg,2,176,421,4585,510,90,90
msg,2,177,405,33607,484,90,90
msg,2,178,450,3866,480,90,90
msg,2,179,453,5015,488,90,90
msg,2,180,416,3945,481,90,90
msg,2,181,410,3754,480,90,90
msg,2,182,447,4183,508,90,90
msg,2,183,407,3861,485,90,90
msg,2,184,419,4238,512,90,90
msg,2,185,420,4187,485,90,90
msg,2,186,452,3844,482,90,90
msg,2,187,433,3693,500,90,90
msg,2,188,411,4446,488,90,90
msg,2,189,422,3481,499,90,90
msg,2,190,436,33959,486,90,90
msg,2,191,447,4003,477,90,90
msg,2,192,449,3744,502,90,90
msg,2,193,443,3982,483,90,90
msg,2,194,445,3883,481,90,90
msg,2,195,444,3668,508,90,90
msg,2,196,415,3757,507,90,90
msg,2,197,409,3503,481,90,90
msg,2,198,412,3745,479,90,90
msg,2,199,446,3460,505,90,90
whole,2,19.274,1530.549,200
#stack 2368
#end
#block pipeline plain lorawan11_256 up
#aead AES-256-CTR+2xCMAC (LoRaWAN 1.1 frame, 256-bit keys) (BearSSL (arduino-pico)), uplink, 51 B payload + 13 B overhead
#lib none (plain MQTT)
iter,tcp_ms,tls_ms,mqtt_ms,total_ms,hs_tx_B,hs_rx_B,mqtt_tx_B,mqtt_rx_B,hs_writes,hs_reads,writes,reads,free_heap_B,hs_keygen_us,hs_derive_us,hs_verify_us,hs_sign_us,hs_keygen_n,hs_derive_n,hs_verify_n,hs_sign_n
msg,iter,idx,seal_us,rtt_us,open_us,tx_B,rx_B
whole,iter,first_ms,all_ms,msgs
0,3.4060,0.0030,5.8620,9.2710,0,0,23,4,0,0,1,1,124084,0.0,0.0,0.0,0.0,0,0,0,0
msg,0,0,1061,4314,986,90,90
msg,0,1,926,3784,1000,90,90
msg,0,2,900,3671,989,90,90
msg,0,3,943,3878,992,90,90
msg,0,4,940,3998,989,90,90
msg,0,5,926,3935,992,90,90
msg,0,6,932,32366,989,90,90
msg,0,7,914,4998,988,90,90
msg,0,8,933,5488,998,90,90
msg,0,9,920,4700,993,90,90
msg,0,10,1003,4594,996,90,90
msg,0,11,934,3898,991,90,90
msg,0,12,923,3889,987,90,90
msg,0,13,938,3912,999,90,90
msg,0,14,932,3814,991,90,90
msg,0,15,930,4314,991,90,90
msg,0,16,930,4364,990,90,90
msg,0,17,923,3666,993,90,90
msg,0,18,909,29510,1049,90,90
msg,0,19,938,5175,989,90,90
msg,0,20,932,4406,996,90,90
msg,0,21,936,4118,1055,90,90
msg,0,22,933,4373,969,90,90
msg,0,23,931,4799,992,90,90
msg,0,24,916,4765,1054,90,90
msg,0,25,905,3838,1001,90,90
msg,0,26,928,3438,987,90,90
msg,0,27,935,4039,992,90,90
msg,0,28,940,4152,996,90,90
msg,0,29,1006,4298,995,90,90
msg,0,30,925,29066,990,90,90
msg,0,31,934,5098,990,90,90
msg,0,32,934,3608,991,90,90
msg,0,33,938,4831,990,90,90
msg,0,34,934,3926,995,90,90
msg,0,35,932,3382,992,90,90
msg,0,36,937,3885,1107,90,90
msg,0,37,938,3828,998,90,90
msg,0,38,927,4097,991,90,90
msg,0,39,925,3925,988,90,90
msg,0,40,931,3892,987,90,90
msg,0,41,925,3864,994,90,90
msg,0,42,905,3851,998,90,90
msg,0,43,901,34090,994,90,90
msg,0,44,925,5202,996,90,90
msg,0,45,1002,4621,983,90,90
msg,0,46,929,4580,988,90,90
msg,0,47,920,6187,988,90,90
msg,0,48,919,4667,994,90,90
msg,0,49,932,4022,990,90,90
msg,0,50,923,4154,1051,90,90
msg,0,51,934,4158,993,90,90
msg,0,52,927,6108,995,90,90
msg,0,53,927,29640,1012,90,90
msg,0,54,935,5353,990,90,90
msg,0,55,996,5065,990,90,90
msg,0,56,931,5544,992,90,90
msg,0,57,914,4596,994,90,90
msg,0,58,935,4470,973,90,90
msg,0,59,937,4142,993,90,90
msg,0,60,932,4378,1063,90,90
msg,0,61,928,4627,991,90,90
msg,0,62,931,3773,995,90,90
msg,0,63,940,4032,1000,90,90
msg,0,64,1015,33010,1001,90,90
msg,0,65,937,5082,994,90,90
msg,0,66,903,5644,994,90,90
msg,0,67,930,4702,991,90,90
msg,0,68,923,5025,991,90,90
msg,0,69,933,3836,1000,90,90
msg,0,70,931,3787,997,90,90
msg,0,71,927,4368,994,90,90
msg,0,72,928,4022,991,90,90
msg,0,73,927,6358,988,90,90
msg,0,74,923,3917,995,90,90
msg,0,75,929,32938,997,90,90
msg,0,76,935,4926,992,90,90
msg,0,77,1009,4078,995,90,90
msg,0,78,930,4374,989,90,90
msg,0,79,930,4908,991,90,90
msg,0,80,1012,7185,999,90,90
msg,0,81,927,4250,989,90,90
msg,0,82,899,4255,992,90,90
msg,0,83,938,5380,996,90,90
msg,0,84,937,11389,992,90,90
msg,0,85,938,29852,995,90,90
msg,0,86,932,4893,990,90,90
msg,0,87,936,5792,986,90,90
msg,0,88,929,4117,993,90,90
msg,0,89,935,4291,1003,90,90
msg,0,90,937,4073,998,90,90
msg,0,91,921,3778,994,90,90
msg,0,92,935,3938,1059,90,90
msg,0,93,925,4448,990,90,90
msg,0,94,930,3877,989,90,90
msg,0,95,940,3833,982,90,90
msg,0,96,1032,4001,995,90,90
msg,0,97,934,29810,993,90,90
msg,0,98,924,5283,992,90,90
msg,0,99,934,5782,989,90,90
msg,0,100,929,5805,1065,90,90
msg,0,101,933,3845,990,90,90
msg,0,102,935,3752,996,90,90
msg,0,103,936,4439,986,90,90
msg,0,104,904,4011,992,90,90
msg,0,105,934,3832,985,90,90
msg,0,106,930,3855,990,90,90
msg,0,107,913,3959,992,90,90
msg,0,108,916,3854,990,90,90
msg,0,109,912,34862,999,90,90
msg,0,110,903,6118,971,90,90
msg,0,111,993,4328,996,90,90
msg,0,112,937,5119,991,90,90
msg,0,113,933,3803,988,90,90
msg,0,114,931,3895,997,90,90
msg,0,115,933,4321,985,90,90
msg,0,116,931,3808,992,90,90
msg,0,117,935,3799,995,90,90
msg,0,118,905,3883,994,90,90
msg,0,119,911,4097,989,90,90
msg,0,120,936,29302,994,90,90
msg,0,121,935,4801,988,90,90
msg,0,122,933,3870,986,90,90
msg,0,123,925,7463,995,90,90
msg,0,124,902,3862,991,90,90
msg,0,125,932,10263,991,90,90
msg,0,126,935,3945,994,90,90
msg,0,127,922,5194,990,90,90
msg,0,128,927,4054,1001,90,90
msg,0,129,938,3952,990,90,90
msg,0,130,934,4851,991,90,90
msg,0,131,932,33518,998,90,90
msg,0,132,937,3810,991,90,90
msg,0,133,932,5160,994,90,90
msg,0,134,1333,3893,997,90,90
msg,0,135,930,4566,995,90,90
msg,0,136,929,5324,994,90,90
msg,0,137,990,3930,989,90,90
msg,0,138,926,4315,985,90,90
msg,0,139,938,4226,991,90,90
msg,0,140,939,3867,994,90,90
msg,0,141,936,4284,988,90,90
msg,0,142,929,35204,997,90,90
msg,0,143,937,3905,996,90,90
msg,0,144,1071,5123,1000,90,90
msg,0,145,944,3881,992,90,90
msg,0,146,935,4461,994,90,90
msg,0,147,1007,4078,995,90,90
msg,0,148,926,4716,994,90,90
msg,0,149,940,3814,992,90,90
msg,0,150,936,4184,998,90,90
msg,0,151,930,3816,997,90,90
msg,0,152,933,3899,995,90,90
msg,0,153,939,30134,996,90,90
msg,0,154,936,4890,995,90,90
msg,0,155,924,4048,994,90,90
msg,0,156,897,4896,995,90,90
msg,0,157,930,4269,997,90,90
msg,0,158,924,3870,992,90,90
msg,0,159,939,5487,996,90,90
msg,0,160,923,3867,992,90,90
msg,0,161,937,3919,1002,90,90
msg,0,162,940,4137,983,90,90
msg,0,163,919,5522,1360,90,90
msg,0,164,939,5050,996,90,90
msg,0,165,932,33351,1001,90,90
msg,0,166,937,3852,994,90,90
msg,0,167,936,4665,983,90,90
msg,0,168,924,3991,998,90,90
msg,0,169,937,3821,988,90,90
msg,0,170,933,4472,999,90,90
msg,0,171,904,6037,994,90,90
msg,0,172,936,3830,991,90,90
msg,0,173,929,4151,985,90,90
msg,0,174,927,3833,998,90,90
msg,0,175,917,3792,989,90,90
msg,0,176,927,29571,992,90,90
msg,0,177,935,4452,1003,90,90
msg,0,178,930,4426,994,90,90
msg,0,179,936,6250,1010,90,90
msg,0,180,934,5096,1000,90,90
msg,0,181,930,4912,995,90,90
msg,0,182,938,4328,993,90,90
msg,0,183,924,3994,996,90,90
msg,0,184,902,3866,994,90,90
msg,0,185,901,5033,988,90,90
msg,0,186,926,4036,988,90,90
msg,0,187,937,38768,993,90,90
msg,0,188,917,5654,1000,90,90
msg,0,189,939,4096,999,90,90
msg,0,190,897,3672,993,90,90
msg,0,191,934,4128,994,90,90
msg,0,192,909,3894,990,90,90
msg,0,193,913,3749,1072,90,90
msg,0,194,934,3887,991,90,90
msg,0,195,932,4520,994,90,90
msg,0,196,936,4492,987,90,90
msg,0,197,1013,3993,998,90,90
msg,0,198,935,31505,995,90,90
msg,0,199,1032,4247,996,90,90
whole,0,21.245,1833.599,200
1,6.4580,0.0030,4.3990,10.8600,0,0,23,4,0,0,1,1,124084,0.0,0.0,0.0,0.0,0,0,0,0
msg,1,0,1058,4362,1002,90,90
msg,1,1,936,4164,1103,90,90
msg,1,2,928,3870,973,90,90
msg,1,3,920,3929,986,90,90
msg,1,4,928,3897,968,90,90
msg,1,5,923,3831,992,90,90
msg,1,6,921,3838,990,90,90
msg,1,7,904,35524,996,90,90
msg,1,8,924,4101,996,90,90
msg,1,9,931,4715,1032,90,90
msg,1,10,922,3721,996,90,90
msg,1,11,939,4845,990,90,90
msg,1,12,934,4211,1087,90,90
msg,1,13,937,4205,988,90,90
msg,1,14,924,3859,986,90,90
msg,1,15,935,4464,1003,90,90
msg,1,16,937,3854,993,90,90
msg,1,17,933,3962,989,90,90
msg,1,18,930,31199,998,90,90
msg,1,19,904,3977,992,90,90
msg,1,20,911,5838,996,90,90
msg,1,21,901,4474,991,90,90
msg,1,22,921,4113,993,90,90
msg,1,23,922,4048,994,90,90
msg,1,24,931,3818,991,90,90
msg,1,25,920,3776,993,90,90
msg,1,26,921,3829,997,90,90
msg,1,27,937,4690,985,90,90
msg,1,28,936,4557,987,90,90
msg,1,29,913,4280,993,90,90
msg,1,30,930,28476,997,90,90
msg,1,31,935,6429,995,90,90
msg,1,32,930,6714,991,90,90
msg,1,33,938,6380,993,90,90
msg,1,34,928,4743,993,90,90
msg,1,35,1043,5223,993,90,90
msg,1,36,932,3953,988,90,90
msg,1,37,929,4621,995,90,90
msg,1,38,1006,5976,994,90,90
msg,1,39,897,4006,991,90,90
msg,1,40,926,3794,997,90,90
msg,1,41,998,29485,1004,90,90
msg,1,42,934,4410,992,90,90
msg,1,43,918,5301,997,90,90
msg,1,44,934,4169,996,90,90
msg,1,45,932,20142,996,90,90
msg,1,46,939,3967,992,90,90
msg,1,47,1007,4333,997,90,90
msg,1,48,927,4576,999,90,90
msg,1,49,928,5065,988,90,90
msg,1,50,941,51872,1001,90,90
msg,1,51,927,5758,996,90,90
msg,1,52,930,3891,988,90,90
msg,1,53,933,6116,996,90,90
msg,1,54,915,16189,994,90,90
msg,1,55,936,4217,1046,90,90
msg,1,56,927,34524,999,90,90
msg,1,57,933,4004,995,90,90
msg,1,58,936,7594,994,90,90
msg,1,59,933,3640,990,90,90
msg,1,60,1040,3990,990,90,90
msg,1,61,931,3949,997,90,90
msg,1,62,918,5698,1002,90,90
msg,1,63,929,4100,996,90,90
msg,1,64,933,3974,992,90,90
msg,1,65,934,4141,991,90,90
msg,1,66,937,4217,990,90,90
msg,1,67,929,36882,990,90,90
msg,1,68,923,6169,990,90,90
msg,1,69,930,4337,992,90,90
msg,1,70,934,3913,995,90,90
msg,1,71,928,4950,995,90,90
msg,1,72,928,3903,989,90,90
msg,1,73,920,3843,996,90,90
msg,1,74,940,6125,989,90,90
msg,1,75,932,4224,986,90,90
msg,1,76,934,3826,991,90,90
msg,1,77,936,31737,988,90,90
msg,1,78,931,5207,991,90,90
msg,1,79,917,10861,990,90,90
msg,1,80,934,15462,996,90,90
msg,1,81,940,3853,991,90,90
msg,1,82,935,4278,988,90,90
msg,1,83,933,4050,989,90,90
msg,1,84,919,3924,992,90,90
msg,1,85,1002,3945,993,90,90
msg,1,86,941,4002,996,90,90
msg,1,87,925,26278,999,90,90
msg,1,88,897,4640,1000,90,90
msg,1,89,922,3856,989,90,90
msg,1,90,942,4464,1056,90,90
msg,1,91,942,3858,994,90,90
msg,1,92,920,4153,994,90,90
msg,1,93,931,6234,1064,90,90
msg,1,94,934,4289,996,90,90
msg,1,95,922,3842,999,90,90
msg,1,96,935,4624,990,90,90
msg,1,97,935,4283,991,90,90
msg,1,98,935,4036,994,90,90
msg,1,99,933,28374,987,90,90
msg,1,100,905,4643,1002,90,90
msg,1,101,935,4454,994,90,90
msg,1,102,925,4193,994,90,90
msg,1,103,939,3806,996,90,90
msg,1,104,931,3681,998,90,90
msg,1,105,933,4534,987,90,90
msg,1,106,936,3806,993,90,90
msg,1,107,923,3916,994,90,90
msg,1,108,938,5191,1055,90,90
msg,1,109,926,4907,990,90,90
msg,1,110,935,3786,989,90,90
msg,1,111,931,29772,999,90,90
msg,1,112,903,4840,994,90,90
msg,1,113,932,3876,998,90,90
msg,1,114,921,4870,995,90,90
msg,1,115,936,3718,998,90,90
msg,1,116,936,3863,1009,90,90
msg,1,117,932,4377,990,90,90
msg,1,118,930,4594,995,90,90
msg,1,119,929,4279,988,90,90
msg,1,120,926,4488,993,90,90
msg,1,121,940,3828,993,90,90
msg,1,122,928,3789,1065,90,90
msg,1,123,936,30544,990,90,90
msg,1,124,932,4580,993,90,90
msg,1,125,996,4065,1071,90,90
msg,1,126,934,4035,986,90,90
msg,1,127,936,3842,986,90,90
msg,1,128,926,3983,994,90,90
msg,1,129,1009,3736,988,90,90
msg,1,130,943,3828,992,90,90
msg,1,131,926,3926,992,90,90
msg,1,132,931,4437,996,90,90
msg,1,133,932,3889,998,90,90
msg,1,134,929,7798,993,90,90
msg,1,135,1009,30101,994,90,90
msg,1,136,935,4074,992,90,90
msg,1,137,928,3864,990,90,90
msg,1,138,935,4118,985,90,90
msg,1,139,939,3828,990,90,90
msg,1,140,932,4239,993,90,90
msg,1,141,941,4464,984,90,90
msg,1,142,923,3779,992,90,90
msg,1,143,903,3821,1034,90,90
msg,1,144,905,4099,986,90,90
msg,1,145,915,4417,991,90,90
msg,1,146,920,4570,1056,90,90
msg,1,147,932,29875,997,90,90
msg,1,148,936,4784,988,90,90
msg,1,149,1044,4524,999,90,90
msg,1,150,932,3933,988,90,90
msg,1,151,898,4001,989,90,90
msg,1,152,920,6083,992,90,90
msg,1,153,932,7945,994,90,90
msg,1,154,935,5660,990,90,90
msg,1,155,916,3939,988,90,90
msg,1,156,928,6585,996,90,90
msg,1,157,1052,33588,999,90,90
msg,1,158,935,5335,990,90,90
msg,1,159,908,4353,999,90,90
msg,1,160,935,4298,995,90,90
msg,1,161,939,3877,991,90,90
msg,1,162,930,3811,991,90,90
msg,1,163,935,5007,996,90,90
msg,1,164,937,3897,1061,90,90
msg,1,165,929,3824,992,90,90
msg,1,166,936,4095,1000,90,90
msg,1,167,909,3883,991,90,90
msg,1,168,923,4046,993,90,90
msg,1,169,912,20970,996,90,90
msg,1,170,928,13882,992,90,90
msg,1,171,922,3979,990,90,90
msg,1,172,929,3887,1364,90,90
msg,1,173,940,4118,998,90,90
msg,1,174,933,4112,995,90,90
msg,1,175,901,4441,1062,90,90
msg,1,176,938,3806,995,90,90
msg,1,177,925,3832,986,90,90
msg,1,178,929,4133,990,90,90
msg,1,179,926,3713,996,90,90
msg,1,180,933,5562,971,90,90
msg,1,181,920,30684,994,90,90
msg,1,182,1032,4446,992,90,90
msg,1,183,929,3859,993,90,90
msg,1,184,940,5139,994,90,90
msg,1,185,1002,3822,988,90,90
msg,1,186,935,3790,984,90,90
msg,1,187,929,3683,992,90,90
msg,1,188,928,3773,993,90,90
msg,1,189,936,3821,984,90,90
msg,1,190,929,3958,994,90,90
msg,1,191,934,3753,1070,90,90
msg,1,192,942,3656,989,90,90
msg,1,193,928,3794,998,90,90
msg,1,194,933,35714,1001,90,90
msg,1,195,940,4207,993,90,90
msg,1,196,927,4334,988,90,90
msg,1,197,934,4576,992,90,90
msg,1,198,905,4256,986,90,90
msg,1,199,930,3898,986,90,90
whole,1,23.243,1871.923,200
2,4.4240,0.0020,4.7220,9.1480,0,0,23,4,0,0,1,1,124084,0.0,0.0,0.0,0.0,0,0,0,0
msg,2,0,1046,3699,1004,90,90
msg,2,1,938,4479,997,90,90
msg,2,2,927,38405,1002,90,90
msg,2,3,901,7044,991,90,90
msg,2,4,921,4062,985,90,90
msg,2,5,933,4426,993,90,90
msg,2,6,925,4189,991,90,90
msg,2,7,926,4111,991,90,90
msg,2,8,922,4161,996,90,90
msg,2,9,935,4474,993,90,90
msg,2,10,926,4704,995,90,90
msg,2,11,932,4870,994,90,90
msg,2,12,927,32836,1002,90,90
msg,2,13,937,4161,996,90,90
msg,2,14,934,6519,991,90,90
msg,2,15,929,6286,985,90,90
msg,2,16,924,8307,988,90,90
msg,2,17,939,4989,991,90,90
msg,2,18,933,4643,989,90,90
msg,2,19,1012,4274,986,90,90
msg,2,20,934,6368,992,90,90
msg,2,21,934,32754,997,90,90
msg,2,22,915,6781,1017,90,90
msg,2,23,926,4421,991,90,90
msg,2,24,925,4695,988,90,90
msg,2,25,926,3782,990,90,90
msg,2,26,923,4171,995,90,90
msg,2,27,937,3807,999,90,90
msg,2,28,936,3896,1054,90,90
msg,2,29,922,3857,986,90,90
msg,2,30,920,3601,1000,90,90
msg,2,31,899,3882,990,90,90
msg,2,32,925,3970,996,90,90
msg,2,33,902,30258,997,90,90
msg,2,34,926,5348,997,90,90
msg,2,35,1014,4349,992,90,90
msg,2,36,932,3681,984,90,90
msg,2,37,923,4076,993,90,90
msg,2,38,936,4668,991,90,90
msg,2,39,928,4773,993,90,90
msg,2,40,930,4214,992,90,90
msg,2,41,923,3934,986,90,90
msg,2,42,931,3859,985,90,90
msg,2,43,923,3819,989,90,90
msg,2,44,934,4005,992,90,90
msg,2,45,926,30508,1000,90,90
msg,2,46,933,4456,1028,90,90
msg,2,47,931,4435,997,90,90
msg,2,48,934,3979,992,90,90
msg,2,49,900,4344,1059,90,90
msg,2,50,926,4157,994,90,90
msg,2,51,925,5509,987,90,90
msg,2,52,934,4022,1054,90,90
msg,2,53,932,4190,1003,90,90
msg,2,54,928,3971,993,90,90
msg,2,55,923,3830,992,90,90
msg,2,56,928,3547,993,90,90
msg,2,57,932,33862,991,90,90
msg,2,58,997,6014,999,90,90
msg,2,59,937,7260,989,90,90
msg,2,60,932,3901,988,90,90
msg,2,61,916,3875,992,90,90
msg,2,62,929,4832,992,90,90
msg,2,63,935,4893,994,90,90
msg,2,64,923,3936,997,90,90
msg,2,65,930,4482,991,90,90
msg,2,66,922,3933,998,90,90
msg,2,67,936,4754,986,90,90
msg,2,68,934,37068,1000,90,90
msg,2,69,932,4856,997,90,90
msg,2,70,925,3989,993,90,90
msg,2,71,930,3835,996,90,90
msg,2,72,921,3829,989,90,90
msg,2,73,931,3853,991,90,90
msg,2,74,1004,4593,994,90,90
msg,2,75,912,3950,990,90,90
msg,2,76,901,3862,993,90,90
msg,2,77,898,3845,999,90,90
msg,2,78,927,4151,972,90,90
msg,2,79,924,29213,1011,90,90
msg,2,80,934,4258,998,90,90
msg,2,81,918,3718,991,90,90
msg,2,82,1003,4404,984,90,90
msg,2,83,927,3959,987,90,90
msg,2,84,932,4629,1000,90,90
msg,2,85,899,4394,994,90,90
msg,2,86,928,3859,994,90,90
msg,2,87,922,5508,992,90,90
msg,2,88,906,4396,992,90,90
msg,2,89,932,3961,994,90,90
msg,2,90,924,3858,987,90,90
msg,2,91,936,31701,996,90,90
msg,2,92,930,5162,994,90,90
msg,2,93,932,5334,1065,90,90
msg,2,94,913,7412,998,90,90
msg,2,95,931,7301,986,90,90
msg,2,96,996,4594,992,90,90
msg,2,97,938,3799,993,90,90
msg,2,98,928,5281,996,90,90
msg,2,99,1001,3766,997,90,90
msg,2,100,920,6193,990,90,90
msg,2,101,937,27241,1000,90,90
msg,2,102,935,4235,993,90,90
msg,2,103,933,3801,997,90,90
msg,2,104,938,4863,1000,90,90
msg,2,105,932,4361,985,90,90
msg,2,106,920,4644,986,90,90
msg,2,107,933,5484,1002,90,90
msg,2,108,933,4390,989,90,90
msg,2,109,900,4253,991,90,90
msg,2,110,935,4199,990,90,90
msg,2,111,925,3924,997,90,90
msg,2,112,938,4916,984,90,90
msg,2,113,938,30264,991,90,90
msg,2,114,897,5386,992,90,90
msg,2,115,934,5469,987,90,90
msg,2,116,927,3882,999,90,90
msg,2,117,909,4537,986,90,90
msg,2,118,930,3972,996,90,90
msg,2,119,937,3795,999,90,90
msg,2,120,930,4176,993,90,90
msg,2,121,931,3898,1057,90,90
msg,2,122,904,4304,990,90,90
msg,2,123,939,3512,994,90,90
msg,2,124,902,4073,985,90,90
msg,2,125,933,29819,988,90,90
msg,2,126,911,5026,989,90,90
msg,2,127,926,3827,991,90,90
msg,2,128,920,4637,990,90,90
msg,2,129,926,3807,990,90,90
msg,2,130,922,3841,999,90,90
msg,2,131,931,4427,988,90,90
msg,2,132,937,4034,996,90,90
msg,2,133,928,3892,1052,90,90
msg,2,134,934,4229,997,90,90
msg,2,135,934,5550,990,90,90
msg,2,136,939,4145,998,90,90
msg,2,137,926,48461,1007,90,90
msg,2,138,1005,4130,994,90,90
msg,2,139,931,4376,994,90,90
msg,2,140,927,3827,995,90,90
msg,2,141,929,3802,996,90,90
msg,2,142,923,4948,992,90,90
msg,2,143,935,4554,998,90,90
msg,2,144,934,4435,990,90,90
msg,2,145,902,4686,992,90,90
msg,2,146,935,29815,990,90,90
msg,2,147,924,5306,995,90,90
msg,2,148,905,3898,995,90,90
msg,2,149,899,4062,972,90,90
msg,2,150,937,4975,988,90,90
msg,2,151,923,5297,986,90,90
msg,2,152,936,4334,989,90,90
msg,2,153,930,4181,992,90,90
msg,2,154,931,3988,993,90,90
msg,2,155,936,4285,989,90,90
msg,2,156,930,3895,991,90,90
msg,2,157,933,3857,993,90,90
msg,2,158,936,29170,996,90,90
msg,2,159,910,4580,993,90,90
msg,2,160,934,5909,989,90,90
msg,2,161,933,4394,966,90,90
msg,2,162,1003,5045,994,90,90
msg,2,163,934,4411,989,90,90
msg,2,164,933,4374,986,90,90
msg,2,165,939,3928,1058,90,90
msg,2,166,924,3788,990,90,90
msg,2,167,934,4747,988,90,90
msg,2,168,933,4080,990,90,90
msg,2,169,936,33835,1048,90,90
msg,2,170,922,14605,995,90,90
msg,2,171,915,5336,1001,90,90
msg,2,172,934,4218,987,90,90
msg,2,173,931,4583,994,90,90
msg,2,174,936,3924,992,90,90
msg,2,175,928,4087,991,90,90
msg,2,176,941,5686,1000,90,90
msg,2,177,929,3870,995,90,90
msg,2,178,935,3867,990,90,90
msg,2,179,937,30176,1002,90,90
msg,2,180,936,5590,990,90,90
msg,2,181,919,4078,993,90,90
msg,2,182,934,4759,991,90,90
msg,2,183,922,4596,988,90,90
msg,2,184,895,6122,981,90,90
msg,2,185,931,4301,994,90,90
msg,2,186,936,4028,994,90,90
msg,2,187,935,4019,986,90,90
msg,2,188,935,3841,989,90,90
msg,2,189,932,3840,991,90,90
msg,2,190,930,5530,1004,90,90
msg,2,191,930,33495,996,90,90
msg,2,192,935,4001,1005,90,90
msg,2,193,929,4397,988,90,90
msg,2,194,939,3666,988,90,90
msg,2,195,933,4214,991,90,90
msg,2,196,922,3787,990,90,90
msg,2,197,931,3738,990,90,90
msg,2,198,935,4107,989,90,90
msg,2,199,944,3962,989,90,90
whole,2,20.369,1853.335,200
#stack 2360
#end
#block pipeline plain lorawan11_256 down
#aead AES-256-CTR+2xCMAC (LoRaWAN 1.1 frame, 256-bit keys) (BearSSL (arduino-pico)), downlink, 51 B payload + 13 B overhead
#lib none (plain MQTT)
iter,tcp_ms,tls_ms,mqtt_ms,total_ms,hs_tx_B,hs_rx_B,mqtt_tx_B,mqtt_rx_B,hs_writes,hs_reads,writes,reads,free_heap_B,hs_keygen_us,hs_derive_us,hs_verify_us,hs_sign_us,hs_keygen_n,hs_derive_n,hs_verify_n,hs_sign_n
msg,iter,idx,seal_us,rtt_us,open_us,tx_B,rx_B
whole,iter,first_ms,all_ms,msgs
0,4.5600,0.0030,4.5720,9.1350,0,0,23,4,0,0,1,1,124084,0.0,0.0,0.0,0.0,0,0,0,0
msg,0,0,699,4301,638,90,90
msg,0,1,586,3844,617,90,90
msg,0,2,577,3837,614,90,90
msg,0,3,555,3983,641,90,90
msg,0,4,572,3687,640,90,90
msg,0,5,568,3828,636,90,90
msg,0,6,570,3872,614,90,90
msg,0,7,583,30895,698,90,90
msg,0,8,551,5626,647,90,90
msg,0,9,550,4007,639,90,90
msg,0,10,572,6652,641,90,90
msg,0,11,575,4122,621,90,90
msg,0,12,554,3951,642,90,90
msg,0,13,574,4204,623,90,90
msg,0,14,548,4160,637,90,90
msg,0,15,573,4039,612,90,90
msg,0,16,545,4167,638,90,90
msg,0,17,568,4830,636,90,90
msg,0,18,580,3677,614,90,90
msg,0,19,579,3813,618,90,90
msg,0,20,553,31933,648,90,90
msg,0,21,559,4526,639,90,90
msg,0,22,556,4308,704,90,90
msg,0,23,577,5492,618,90,90
msg,0,24,574,6764,614,90,90
msg,0,25,578,3657,675,90,90
msg,0,26,554,3717,616,90,90
msg,0,27,556,3884,641,90,90
msg,0,28,549,3779,633,90,90
msg,0,29,577,3822,641,90,90
msg,0,30,579,5180,636,90,90
msg,0,31,561,3902,640,90,90
msg,0,32,575,4059,618,90,90
msg,0,33,552,30395,636,90,90
msg,0,34,566,6558,637,90,90
msg,0,35,578,4922,622,90,90
msg,0,36,560,4041,639,90,90
msg,0,37,581,4333,632,90,90
msg,0,38,555,3781,644,90,90
msg,0,39,553,3668,639,90,90
msg,0,40,549,3727,638,90,90
msg,0,41,579,3880,636,90,90
msg,0,42,575,3820,616,90,90
msg,0,43,573,3785,615,90,90
msg,0,44,549,4608,612,90,90
msg,0,45,564,3585,620,90,90
msg,0,46,559,3723,616,90,90
msg,0,47,562,28864,642,90,90
msg,0,48,543,6551,648,90,90
msg,0,49,543,5695,641,90,90
msg,0,50,551,3563,639,90,90
msg,0,51,553,4166,638,90,90
msg,0,52,581,6203,645,90,90
msg,0,53,551,4488,647,90,90
msg,0,54,551,3541,621,90,90
msg,0,55,558,3740,639,90,90
msg,0,56,554,3743,634,90,90
msg,0,57,550,4336,619,90,90
msg,0,58,549,3750,618,90,90
msg,0,59,555,3860,635,90,90
msg,0,60,550,29951,630,90,90
msg,0,61,582,4444,645,90,90
msg,0,62,576,5096,612,90,90
msg,0,63,546,7019,641,90,90
msg,0,64,557,4636,639,90,90
msg,0,65,552,3952,637,90,90
msg,0,66,570,5238,638,90,90
msg,0,67,542,3958,640,90,90
msg,0,68,583,3695,634,90,90
msg,0,69,581,3801,616,90,90
msg,0,70,576,3806,614,90,90
msg,0,71,539,4687,709,90,90
msg,0,72,543,4211,647,90,90
msg,0,73,566,20498,646,90,90
msg,0,74,566,15557,635,90,90
msg,0,75,576,4034,617,90,90
msg,0,76,552,5561,616,90,90
msg,0,77,573,3825,618,90,90
msg,0,78,560,5706,646,90,90
msg,0,79,549,5443,612,90,90
msg,0,80,550,4258,643,90,90
msg,0,81,571,3853,618,90,90
msg,0,82,573,3940,641,90,90
msg,0,83,558,4510,619,90,90
msg,0,84,556,4408,615,90,90
msg,0,85,574,3858,617,90,90
msg,0,86,557,28741,620,90,90
msg,0,87,566,3798,647,90,90
msg,0,88,578,3931,635,90,90
msg,0,89,583,6763,615,90,90
msg,0,90,586,4815,621,90,90
msg,0,91,560,4026,642,90,90
msg,0,92,578,3900,633,90,90
msg,0,93,585,3495,682,90,90
msg,0,94,583,3669,623,90,90
msg,0,95,585,3634,613,90,90
msg,0,96,570,3805,619,90,90
msg,0,97,549,4083,641,90,90
msg,0,98,577,4396,644,90,90
msg,0,99,554,4351,615,90,90
msg,0,100,572,34885,619,90,90
msg,0,101,551,3845,643,90,90
msg,0,102,1012,5989,642,90,90
msg,0,103,550,5923,640,90,90
msg,0,104,572,6233,614,90,90
msg,0,105,553,3625,617,90,90
msg,0,106,546,3724,642,90,90
msg,0,107,556,4398,620,90,90
msg,0,108,547,4246,641,90,90
msg,0,109,579,4554,640,90,90
msg,0,110,578,3925,621,90,90
msg,0,111,577,3889,711,90,90
msg,0,112,545,35516,619,90,90
msg,0,113,562,5347,633,90,90
msg,0,114,588,4543,634,90,90
msg,0,115,578,3593,639,90,90
msg,0,116,580,5301,646,90,90
msg,0,117,554,6097,617,90,90
msg,0,118,577,6177,646,90,90
msg,0,119,543,3606,638,90,90
msg,0,120,549,4216,626,90,90
msg,0,121,569,3651,608,90,90
msg,0,122,582,4082,640,90,90
msg,0,123,581,4344,612,90,90
msg,0,124,553,27114,634,90,90
msg,0,125,575,3979,617,90,90
msg,0,126,582,4022,646,90,90
msg,0,127,547,6420,613,90,90
msg,0,128,552,4115,643,90,90
msg,0,129,578,4550,636,90,90
msg,0,130,568,6497,643,90,90
msg,0,131,571,4458,643,90,90
msg,0,132,552,3787,641,90,90
msg,0,133,565,3669,642,90,90
msg,0,134,579,3547,638,90,90
msg,0,135,576,3952,614,90,90
msg,0,136,571,4326,638,90,90
msg,0,137,577,30517,635,90,90
msg,0,138,558,5205,612,90,90
msg,0,139,592,4514,624,90,90
msg,0,140,581,5746,615,90,90
msg,0,141,547,3913,640,90,90
msg,0,142,556,4206,618,90,90
msg,0,143,653,3769,616,90,90
msg,0,144,560,4380,619,90,90
msg,0,145,582,3981,642,90,90
msg,0,146,549,3945,641,90,90
msg,0,147,582,5726,638,90,90
msg,0,148,583,5057,614,90,90
msg,0,149,550,6156,645,90,90
msg,0,150,577,27950,621,90,90
msg,0,151,582,4208,640,90,90
msg,0,152,581,3932,617,90,90
msg,0,153,579,8307,635,90,90
msg,0,154,570,4155,618,90,90
msg,0,155,549,4520,618,90,90
msg,0,156,578,5846,618,90,90
msg,0,157,557,8456,613,90,90
msg,0,158,579,4051,639,90,90
msg,0,159,540,4567,644,90,90
msg,0,160,548,4295,612,90,90
msg,0,161,568,5175,640,90,90
msg,0,162,581,35007,632,90,90
msg,0,163,573,5593,618,90,90
msg,0,164,580,4144,638,90,90
msg,0,165,552,3706,643,90,90
msg,0,166,571,3535,636,90,90
msg,0,167,557,3979,636,90,90
msg,0,168,577,4005,613,90,90
msg,0,169,624,3823,637,90,90
msg,0,170,551,3822,640,90,90
msg,0,171,568,4295,641,90,90
msg,0,172,553,3857,645,90,90
msg,0,173,584,3566,638,90,90
msg,0,174,578,4011,614,90,90
msg,0,175,571,37432,636,90,90
msg,0,176,570,9608,644,90,90
msg,0,177,567,6632,635,90,90
msg,0,178,578,7463,634,90,90
msg,0,179,574,5417,651,90,90
msg,0,180,555,3685,644,90,90
msg,0,181,554,3572,642,90,90
msg,0,182,553,4265,620,90,90
msg,0,183,570,3592,621,90,90
msg,0,184,582,5597,617,90,90
msg,0,185,593,15570,637,90,90
msg,0,186,578,17070,640,90,90
msg,0,187,551,3959,638,90,90
msg,0,188,580,7343,640,90,90
msg,0,189,552,4406,620,90,90
msg,0,190,562,3922,638,90,90
msg,0,191,545,3656,643,90,90
msg,0,192,549,4239,617,90,90
msg,0,193,578,4331,641,90,90
msg,0,194,971,3892,630,90,90
msg,0,195,548,3826,634,90,90
msg,0,196,589,3771,640,90,90
msg,0,197,576,3502,702,90,90
msg,0,198,572,4997,616,90,90
msg,0,199,553,35835,647,90,90
whole,0,20.420,1628.752,200
1,7.4140,0.0030,4.6570,12.0740,0,0,23,4,0,0,1,1,124084,0.0,0.0,0.0,0.0,0,0,0,0
msg,1,0,703,5208,739,90,90
msg,1,1,586,4158,650,90,90
msg,1,2,549,3516,616,90,90
msg,1,3,557,3706,617,90,90
msg,1,4,555,3852,641,90,90
msg,1,5,558,4021,631,90,90
msg,1,6,565,4805,619,90,90
msg,1,7,547,29625,623,90,90
msg,1,8,570,3834,621,90,90
msg,1,9,551,3862,645,90,90
msg,1,10,555,4125,618,90,90
msg,1,11,657,3751,617,90,90
msg,1,12,561,3978,637,90,90
msg,1,13,581,5018,616,90,90
msg,1,14,573,5360,643,90,90
msg,1,15,578,5249,643,90,90
msg,1,16,556,4474,621,90,90
msg,1,17,554,3545,619,90,90
msg,1,18,544,3662,616,90,90
msg,1,19,559,4157,643,90,90
msg,1,20,571,33263,633,90,90
msg,1,21,557,5711,647,90,90
msg,1,22,556,5076,639,90,90
msg,1,23,564,4949,617,90,90
msg,1,24,561,3751,616,90,90
msg,1,25,553,3917,638,90,90
msg,1,26,576,3807,637,90,90
msg,1,27,569,4119,616,90,90
msg,1,28,553,4260,633,90,90
msg,1,29,572,4981,619,90,90
msg,1,30,561,5580,615,90,90
msg,1,31,554,3856,640,90,90
msg,1,32,548,4359,617,90,90
msg,1,33,549,15938,644,90,90
msg,1,34,544,19764,644,90,90
msg,1,35,577,3848,630,90,90
msg,1,36,577,6053,620,90,90
msg,1,37,552,3884,648,90,90
msg,1,38,555,4265,616,90,90
msg,1,39,578,4686,619,90,90
msg,1,40,556,4005,639,90,90
msg,1,41,548,4263,619,90,90
msg,1,42,545,5089,645,90,90
msg,1,43,575,4694,642,90,90
msg,1,44,578,5854,617,90,90
msg,1,45,584,3957,635,90,90
msg,1,46,552,31057,639,90,90
msg,1,47,566,3755,630,90,90
msg,1,48,652,4881,614,90,90
msg,1,49,556,4290,635,90,90
msg,1,50,575,3906,619,90,90
msg,1,51,550,4096,649,90,90
msg,1,52,577,4066,620,90,90
msg,1,53,565,4356,630,90,90
msg,1,54,576,3837,613,90,90
msg,1,55,566,4677,610,90,90
msg,1,56,655,5742,617,90,90
msg,1,57,553,6191,638,90,90
msg,1,58,678,3964,613,90,90
msg,1,59,555,31136,633,90,90
msg,1,60,586,4020,614,90,90
msg,1,61,549,3605,621,90,90
msg,1,62,548,4358,637,90,90
msg,1,63,577,4466,643,90,90
msg,1,64,691,4256,640,90,90
msg,1,65,552,3970,634,90,90
msg,1,66,582,4135,633,90,90
msg,1,67,552,4013,633,90,90
msg,1,68,572,4460,641,90,90
msg,1,69,577,7703,635,90,90
msg,1,70,573,5394,642,90,90
msg,1,71,556,16915,643,90,90
msg,1,72,577,16948,677,90,90
msg,1,73,578,3841,620,90,90
msg,1,74,557,3567,613,90,90
msg,1,75,562,4564,614,90,90
msg,1,76,556,4574,615,90,90
msg,1,77,573,4662,622,90,90
msg,1,78,548,3807,632,90,90
msg,1,79,558,3874,641,90,90
msg,1,80,573,3890,641,90,90
msg,1,81,589,7162,641,90,90
msg,1,82,553,4742,644,90,90
msg,1,83,546,5808,648,90,90
msg,1,84,581,30908,632,90,90
msg,1,85,579,5864,616,90,90
msg,1,86,552,3726,642,90,90
msg,1,87,538,6001,639,90,90
msg,1,88,572,4097,615,90,90
msg,1,89,548,3842,637,90,90
msg,1,90,548,4187,614,90,90
msg,1,91,653,3824,617,90,90
msg,1,92,544,4032,643,90,90
msg,1,93,582,3798,639,90,90
msg,1,94,575,3470,705,90,90
msg,1,95,583,5984,618,90,90
msg,1,96,554,5468,614,90,90
msg,1,97,566,29903,643,90,90
msg,1,98,553,3722,641,90,90
msg,1,99,559,3934,638,90,90
msg,1,100,580,3565,640,90,90
msg,1,101,580,3361,645,90,90
msg,1,102,557,3842,639,90,90
msg,1,103,579,3637,642,90,90
msg,1,104,581,3685,639,90,90
msg,1,105,584,3562,644,90,90
msg,1,106,586,3599,635,90,90
msg,1,107,581,3575,645,90,90
msg,1,108,583,3975,617,90,90
msg,1,109,579,3895,618,90,90
msg,1,110,548,3708,636,90,90
msg,1,111,563,3870,641,90,90
msg,1,112,579,29279,613,90,90
msg,1,113,556,5839,638,90,90
msg,1,114,556,3907,638,90,90
msg,1,115,579,5770,638,90,90
msg,1,116,569,4193,636,90,90
msg,1,117,553,3622,645,90,90
msg,1,118,553,8386,614,90,90
msg,1,119,548,4760,622,90,90
msg,1,120,555,8956,644,90,90
msg,1,121,688,5338,638,90,90
msg,1,122,542,9223,616,90,90
msg,1,123,577,31275,639,90,90
msg,1,124,574,4951,610,90,90
msg,1,125,585,3664,614,90,90
msg,1,126,586,4276,638,90,90
msg,1,127,571,3522,639,90,90
msg,1,128,575,3624,639,90,90
msg,1,129,580,3886,636,90,90
msg,1,130,573,3737,620,90,90
msg,1,131,587,4000,638,90,90
msg,1,132,544,3912,637,90,90
msg,1,133,568,4032,619,90,90
msg,1,134,585,3708,617,90,90
msg,1,135,547,5681,612,90,90
msg,1,136,550,30963,640,90,90
msg,1,137,555,5983,638,90,90
msg,1,138,589,3998,618,90,90
msg,1,139,545,5768,645,90,90
msg,1,140,555,3736,632,90,90
msg,1,141,553,3623,647,90,90
msg,1,142,554,3805,641,90,90
msg,1,143,573,3708,638,90,90
msg,1,144,575,5514,641,90,90
msg,1,145,570,3909,668,90,90
msg,1,146,577,3795,621,90,90
msg,1,147,543,3559,618,90,90
msg,1,148,566,4041,660,90,90
msg,1,149,548,35392,621,90,90
msg,1,150,559,5457,621,90,90
msg,1,151,580,3485,614,90,90
msg,1,152,580,4120,639,90,90
msg,1,153,547,3640,645,90,90
msg,1,154,560,3745,632,90,90
msg,1,155,579,4066,619,90,90
msg,1,156,583,4162,638,90,90
msg,1,157,575,4881,632,90,90
msg,1,158,579,3690,621,90,90
msg,1,159,583,3897,621,90,90
msg,1,160,548,3842,639,90,90
msg,1,161,551,3464,638,90,90
msg,1,162,557,3539,619,90,90
msg,1,163,554,31192,645,90,90
msg,1,164,572,4499,650,90,90
msg,1,165,577,3589,641,90,90
msg,1,166,580,5034,613,90,90
msg,1,167,588,3577,620,90,90
msg,1,168,579,3519,630,90,90
msg,1,169,587,3667,617,90,90
msg,1,170,577,5577,619,90,90
msg,1,171,586,4108,639,90,90
msg,1,172,549,3741,639,90,90
msg,1,173,558,4151,613,90,90
msg,1,174,580,3797,619,90,90
msg,1,175,544,3583,615,90,90
msg,1,176,558,32040,636,90,90
msg,1,177,580,6611,638,90,90
msg,1,178,576,7062,621,90,90
msg,1,179,584,4813,616,90,90
msg,1,180,550,3563,621,90,90
msg,1,181,548,3568,616,90,90
msg,1,182,578,3639,618,90,90
msg,1,183,577,3589,618,90,90
msg,1,184,563,4030,646,90,90
msg,1,185,555,3848,636,90,90
msg,1,186,573,6464,635,90,90
msg,1,187,556,3652,636,90,90
msg,1,188,571,3503,634,90,90
msg,1,189,546,30212,621,90,90
msg,1,190,582,5551,638,90,90
msg,1,191,581,4777,614,90,90
msg,1,192,574,5236,637,90,90
msg,1,193,572,3436,640,90,90
msg,1,194,554,3955,633,90,90
msg,1,195,571,4030,619,90,90
msg,1,196,557,3670,615,90,90
msg,1,197,546,4254,632,90,90
msg,1,198,574,4288,641,90,90
msg,1,199,582,3889,628,90,90
whole,1,25.588,1580.333,200
2,4.7550,0.0030,33.7880,38.5460,0,0,23,4,0,0,1,1,124084,0.0,0.0,0.0,0.0,0,0,0,0
msg,2,0,676,4187,622,90,90
msg,2,1,593,4506,631,90,90
msg,2,2,569,4255,644,90,90
msg,2,3,550,3610,642,90,90
msg,2,4,548,4700,632,90,90
msg,2,5,579,3846,639,90,90
msg,2,6,566,3883,617,90,90
msg,2,7,585,4127,639,90,90
msg,2,8,575,3739,657,90,90
msg,2,9,579,3534,647,90,90
msg,2,10,581,4174,617,90,90
msg,2,11,556,31445,615,90,90
msg,2,12,577,5768,618,90,90
msg,2,13,558,3779,613,90,90
msg,2,14,631,5512,622,90,90
msg,2,15,547,4033,637,90,90
msg,2,16,577,5967,621,90,90
msg,2,17,659,5919,645,90,90
msg,2,18,552,5976,639,90,90
msg,2,19,583,4804,628,90,90
msg,2,20,575,6182,641,90,90
msg,2,21,552,7469,633,90,90
msg,2,22,547,31441,620,90,90
msg,2,23,585,4013,644,90,90
msg,2,24,547,3689,635,90,90
msg,2,25,560,6167,623,90,90
msg,2,26,562,4205,632,90,90
msg,2,27,580,3952,619,90,90
msg,2,28,571,4271,645,90,90
msg,2,29,680,3708,630,90,90
msg,2,30,587,3502,633,90,90
msg,2,31,579,4031,615,90,90
msg,2,32,542,4231,713,90,90
msg,2,33,582,4335,642,90,90
msg,2,34,578,4940,631,90,90
msg,2,35,578,4309,635,90,90
msg,2,36,567,34340,626,90,90
msg,2,37,546,3685,641,90,90
msg,2,38,553,6566,614,90,90
msg,2,39,553,3793,641,90,90
msg,2,40,547,3738,639,90,90
msg,2,41,546,3673,643,90,90
msg,2,42,563,3759,641,90,90
msg,2,43,576,3930,615,90,90
msg,2,44,577,4629,615,90,90
msg,2,45,590,5152,642,90,90
msg,2,46,548,4574,632,90,90
msg,2,47,557,4794,640,90,90
msg,2,48,575,31606,646,90,90
msg,2,49,583,4800,637,90,90
msg,2,50,579,5978,618,90,90
msg,2,51,547,5042,641,90,90
msg,2,52,570,3793,641,90,90
msg,2,53,566,4154,614,90,90
msg,2,54,552,3724,640,90,90
msg,2,55,543,4401,624,90,90
msg,2,56,541,3780,615,90,90
msg,2,57,559,3945,639,90,90
msg,2,58,572,6133,615,90,90
msg,2,59,547,4134,634,90,90
msg,2,60,565,4063,621,90,90
msg,2,61,586,36104,634,90,90
msg,2,62,551,4130,622,90,90
msg,2,63,585,5501,634,90,90
msg,2,64,587,3883,614,90,90
msg,2,65,555,4346,635,90,90
msg,2,66,573,3846,609,90,90
msg,2,67,559,3482,618,90,90
msg,2,68,579,3534,645,90,90
msg,2,69,569,3642,621,90,90
msg,2,70,576,4500,644,90,90
msg,2,71,579,3701,629,90,90
msg,2,72,579,3797,615,90,90
msg,2,73,578,4021,637,90,90
msg,2,74,555,29744,681,90,90
msg,2,75,580,4073,616,90,90
msg,2,76,579,5172,636,90,90
msg,2,77,566,5665,639,90,90
msg,2,78,656,3729,630,90,90
msg,2,79,677,3951,633,90,90
msg,2,80,549,3842,638,90,90
msg,2,81,553,3803,640,90,90
msg,2,82,583,4087,616,90,90
msg,2,83,556,3746,614,90,90
msg,2,84,540,4651,621,90,90
msg,2,85,546,4355,615,90,90
msg,2,86,562,3734,620,90,90
msg,2,87,546,3716,621,90,90
msg,2,88,558,33414,621,90,90
msg,2,89,568,5020,638,90,90
msg,2,90,557,5921,643,90,90
msg,2,91,576,3897,637,90,90
msg,2,92,576,3885,618,90,90
msg,2,93,559,3645,619,90,90
msg,2,94,565,4048,639,90,90
msg,2,95,570,3812,640,90,90
msg,2,96,577,4580,641,90,90
msg,2,97,578,4415,642,90,90
msg,2,98,576,3631,639,90,90
msg,2,99,663,5687,636,90,90
msg,2,100,575,30895,626,90,90
msg,2,101,573,5837,620,90,90
msg,2,102,550,4124,635,90,90
msg,2,103,569,4279,639,90,90
msg,2,104,555,4017,642,90,90
msg,2,105,571,4148,643,90,90
msg,2,106,553,3702,642,90,90
msg,2,107,550,3687,641,90,90
msg,2,108,545,4348,618,90,90
msg,2,109,554,3669,617,90,90
msg,2,110,542,4100,642,90,90
msg,2,111,583,3623,706,90,90
msg,2,112,585,3643,638,90,90
msg,2,113,570,3671,628,90,90
msg,2,114,566,31141,650,90,90
msg,2,115,552,4634,640,90,90
msg,2,116,546,4040,640,90,90
msg,2,117,571,5372,647,90,90
msg,2,118,583,3779,635,90,90
msg,2,119,575,3543,637,90,90
msg,2,120,583,3719,635,90,90
msg,2,121,581,3881,613,90,90
msg,2,122,583,3672,618,90,90
msg,2,123,545,3800,618,90,90
msg,2,124,544,3824,635,90,90
msg,2,125,554,5182,620,90,90
msg,2,126,576,3699,618,90,90
msg,2,127,583,4619,623,90,90
msg,2,128,580,35739,624,90,90
msg,2,129,554,6220,638,90,90
msg,2,130,688,3820,618,90,90
msg,2,131,583,3564,615,90,90
msg,2,132,581,3848,1019,90,90
msg,2,133,591,3764,638,90,90
msg,2,134,575,3835,612,90,90
msg,2,135,576,3752,614,90,90
msg,2,136,553,3824,637,90,90
msg,2,137,559,4142,633,90,90
msg,2,138,572,3575,637,90,90
msg,2,139,576,3961,620,90,90
msg,2,140,551,3541,619,90,90
msg,2,141,584,29728,615,90,90
msg,2,142,548,4164,636,90,90
msg,2,143,580,4192,620,90,90
msg,2,144,562,5724,643,90,90
msg,2,145,553,3692,638,90,90
msg,2,146,554,3992,635,90,90
msg,2,147,575,5653,641,90,90
msg,2,148,570,4006,620,90,90
msg,2,149,553,3613,618,90,90
msg,2,150,555,3841,646,90,90
msg,2,151,548,3819,638,90,90
msg,2,152,580,3771,646,90,90
msg,2,153,578,3834,617,90,90
msg,2,154,571,3810,609,90,90
msg,2,155,623,30843,642,90,90
msg,2,156,549,4081,634,90,90
msg,2,157,580,3911,618,90,90
msg,2,158,558,4267,634,90,90
msg,2,159,581,5830,616,90,90
msg,2,160,576,4879,617,90,90
msg,2,161,556,4269,632,90,90
msg,2,162,575,4046,636,90,90
msg,2,163,560,3826,636,90,90
msg,2,164,552,4884,630,90,90
msg,2,165,568,4150,618,90,90
msg,2,166,550,4124,633,90,90
msg,2,167,571,4268,645,90,90
msg,2,168,553,33228,626,90,90
msg,2,169,583,4131,640,90,90
msg,2,170,553,7165,622,90,90
msg,2,171,574,4431,631,90,90
msg,2,172,579,3991,622,90,90
msg,2,173,554,4226,638,90,90
msg,2,174,576,3972,620,90,90
msg,2,175,557,4680,619,90,90
msg,2,176,552,4261,639,90,90
msg,2,177,559,4231,642,90,90
msg,2,178,547,4353,615,90,90
msg,2,179,549,4102,636,90,90
msg,2,180,584,30794,635,90,90
msg,2,181,581,4098,617,90,90
msg,2,182,659,4983,646,90,90
msg,2,183,576,6989,613,90,90
msg,2,184,546,5101,640,90,90
msg,2,185,574,4308,619,90,90
msg,2,186,556,3799,636,90,90
msg,2,187,554,3496,637,90,90
msg,2,188,558,4319,619,90,90
msg,2,189,577,3825,615,90,90
msg,2,190,542,3898,644,90,90
msg,2,191,556,4144,618,90,90
msg,2,192,580,3828,621,90,90
msg,2,193,552,30999,640,90,90
msg,2,194,550,6360,620,90,90
msg,2,195,557,9274,633,90,90
msg,2,196,1010,5208,635,90,90
msg,2,197,584,3813,617,90,90
msg,2,198,556,3605,617,90,90
msg,2,199,544,4151,640,90,90
whole,2,53.869,1616.203,200
#stack 2360
#end
#block pipeline TLS lorawan11 up
#aead LoRaWAN-1.1 AES-128-CTR+2xCMAC (BearSSL (arduino-pico)), uplink, 51 B payload + 13 B overhead
#lib wolfSSL 5.9.4
iter,tcp_ms,tls_ms,mqtt_ms,total_ms,hs_tx_B,hs_rx_B,mqtt_tx_B,mqtt_rx_B,hs_writes,hs_reads,writes,reads,free_heap_B,hs_keygen_us,hs_derive_us,hs_verify_us,hs_sign_us,hs_keygen_n,hs_derive_n,hs_verify_n,hs_sign_n
msg,iter,idx,seal_us,rtt_us,open_us,tx_B,rx_B
whole,iter,first_ms,all_ms,msgs
#suite TLS13-AES256-GCM-SHA384
0,7.4400,4794.3300,83.1440,4884.9140,1391,4563,45,568,2,12,3,18,120940,66302.0,70181.0,4554841.0,0.0,2,2,2,0
msg,0,0,868,6215,855,112,112
msg,0,1,685,5870,859,112,112
msg,0,2,708,5523,852,112,112
msg,0,3,706,6079,853,112,112
msg,0,4,830,9126,855,112,112
msg,0,5,715,5764,849,112,112
msg,0,6,708,6523,850,112,112
msg,0,7,709,37249,854,112,112
msg,0,8,722,5549,858,112,112
msg,0,9,714,6309,991,112,112
msg,0,10,689,5953,858,112,112
msg,0,11,714,5578,815,112,112
msg,0,12,684,7593,857,112,112
msg,0,13,713,6112,852,112,112
msg,0,14,713,6063,846,112,112
msg,0,15,678,6015,854,112,112
msg,0,16,682,34628,845,112,112
msg,0,17,725,5677,854,112,112
msg,0,18,720,6493,817,112,112
msg,0,19,680,6475,851,112,112
msg,0,20,714,5540,851,112,112
msg,0,21,709,5981,848,112,112
msg,0,22,711,7307,851,112,112
msg,0,23,721,6379,854,112,112
msg,0,24,707,7316,855,112,112
msg,0,25,717,30682,821,112,112
msg,0,26,695,7053,848,112,112
msg,0,27,713,8603,844,112,112
msg,0,28,706,5594,854,112,112
msg,0,29,713,5530,852,112,112
msg,0,30,686,5639,853,112,112
msg,0,31,716,5960,818,112,112
msg,0,32,683,5703,964,112,112
msg,0,33,713,6329,857,112,112
msg,0,34,725,6184,854,112,112
msg,0,35,717,26263,856,112,112
msg,0,36,712,6393,851,112,112
msg,0,37,681,6163,838,112,112
msg,0,38,710,5573,841,112,112
msg,0,39,685,5943,859,112,112
msg,0,40,682,5631,849,112,112
msg,0,41,713,5514,852,112,112
msg,0,42,705,5507,855,112,112
msg,0,43,714,5887,852,112,112
msg,0,44,713,6237,855,112,112
msg,0,45,725,32781,817,112,112
msg,0,46,679,5850,854,112,112
msg,0,47,712,8111,853,112,112
msg,0,48,711,6015,851,112,112
msg,0,49,717,6063,814,112,112
msg,0,50,679,6499,848,112,112
msg,0,51,712,6588,856,112,112
msg,0,52,719,6775,845,112,112
msg,0,53,707,5969,821,112,112
msg,0,54,688,33213,850,112,112
msg,0,55,689,7192,855,112,112
msg,0,56,878,8228,814,112,112
msg,0,57,683,5935,862,112,112
msg,0,58,782,5800,857,112,112
msg,0,59,682,5675,851,112,112
msg,0,60,726,5556,859,112,112
msg,0,61,709,6193,857,112,112
msg,0,62,711,5864,851,112,112
msg,0,63,710,5840,851,112,112
msg,0,64,676,33933,857,112,112
msg,0,65,713,9690,817,112,112
msg,0,66,679,6367,814,112,112
msg,0,67,681,5946,853,112,112
msg,0,68,710,5590,835,112,112
msg,0,69,692,5578,966,112,112
msg,0,70,716,5532,853,112,112
msg,0,71,682,5589,847,112,112
msg,0,72,712,5546,851,112,112
msg,0,73,714,36949,847,112,112
msg,0,74,711,6444,849,112,112
msg,0,75,715,5697,853,112,112
msg,0,76,682,6265,853,112,112
msg,0,77,677,6552,851,112,112
msg,0,78,708,5830,853,112,112
msg,0,79,676,6802,853,112,112
msg,0,80,712,7258,847,112,112
msg,0,81,716,6907,824,112,112
msg,0,82,685,33252,818,112,112
msg,0,83,683,6348,840,112,112
msg,0,84,689,6224,815,112,112
msg,0,85,821,5576,865,112,112
msg,0,86,720,5553,850,112,112
msg,0,87,679,6145,856,112,112
msg,0,88,713,6191,853,112,112
msg,0,89,714,5887,853,112,112
msg,0,90,721,6203,850,112,112
msg,0,91,712,37984,841,112,112
msg,0,92,685,6334,846,112,112
msg,0,93,706,6349,855,112,112
msg,0,94,714,7007,819,112,112
msg,0,95,686,7073,854,112,112
msg,0,96,685,5974,854,112,112
msg,0,97,700,8135,857,112,112
msg,0,98,832,6187,858,112,112
msg,0,99,707,39542,853,112,112
msg,0,100,679,5748,853,112,112
msg,0,101,714,6439,867,112,112
msg,0,102,720,5991,855,112,112
msg,0,103,714,5668,853,112,112
msg,0,104,683,5755,851,112,112
msg,0,105,713,7082,852,112,112
msg,0,106,705,5834,852,112,112
msg,0,107,678,7810,851,112,112
msg,0,108,710,32682,853,112,112
msg,0,109,681,5740,851,112,112
msg,0,110,717,8256,853,112,112
msg,0,111,711,5524,854,112,112
msg,0,112,704,8422,852,112,112
msg,0,113,683,5560,844,112,112
msg,0,114,709,5676,853,112,112
msg,0,115,711,5605,816,112,112
msg,0,116,683,5562,857,112,112
msg,0,117,721,33181,851,112,112
msg,0,118,718,5723,851,112,112
msg,0,119,708,6042,857,112,112
msg,0,120,705,6577,850,112,112
msg,0,121,686,5549,850,112,112
msg,0,122,715,5871,852,112,112
msg,0,123,684,5556,851,112,112
msg,0,124,709,5664,847,112,112
msg,0,125,715,6020,850,112,112
msg,0,126,712,6696,854,112,112
msg,0,127,682,33764,857,112,112
msg,0,128,710,5474,858,112,112
msg,0,129,726,6618,840,112,112
msg,0,130,678,5602,858,112,112
msg,0,131,712,5805,814,112,112
msg,0,132,685,5561,857,112,112
msg,0,133,714,5752,855,112,112
msg,0,134,676,5758,855,112,112
msg,0,135,709,6195,855,112,112
msg,0,136,706,35587,855,112,112
msg,0,137,714,6103,860,112,112
msg,0,138,830,7817,849,112,112
msg,0,139,707,5991,819,112,112
msg,0,140,686,5829,858,112,112
msg,0,141,714,5790,853,112,112
msg,0,142,712,7515,851,112,112
msg,0,143,730,7240,854,112,112
msg,0,144,716,5665,822,112,112
msg,0,145,677,33878,858,112,112
msg,0,146,717,6578,862,112,112
msg,0,147,684,7623,850,112,112
msg,0,148,714,6011,813,112,112
msg,0,149,688,5603,852,112,112
msg,0,150,720,5946,840,112,112
msg,0,151,677,5588,855,112,112
msg,0,152,710,5973,846,112,112
msg,0,153,708,5574,967,112,112
msg,0,154,719,5734,844,112,112
msg,0,155,714,32980,855,112,112
msg,0,156,693,6398,849,112,112
msg,0,157,704,6453,852,112,112
msg,0,158,708,5492,860,112,112
msg,0,159,708,5767,847,112,112
msg,0,160,716,5531,858,112,112
msg,0,161,713,5692,819,112,112
msg,0,162,675,5712,851,112,112
msg,0,163,712,5853,816,112,112
msg,0,164,680,35747,850,112,112
msg,0,165,840,7159,854,112,112
msg,0,166,721,8594,849,112,112
msg,0,167,682,9014,855,112,112
msg,0,168,710,5542,816,112,112
msg,0,169,689,5831,858,112,112
msg,0,170,702,5856,850,112,112
msg,0,171,713,5820,850,112,112
msg,0,172,680,7887,851,112,112
msg,0,173,702,41981,846,112,112
msg,0,174,707,7221,848,112,112
msg,0,175,702,6456,848,112,112
msg,0,176,710,5543,851,112,112
msg,0,177,709,5811,851,112,112
msg,0,178,713,5578,856,112,112
msg,0,179,714,5663,930,112,112
msg,0,180,717,5599,863,112,112
msg,0,181,716,34005,851,112,112
msg,0,182,720,8371,857,112,112
msg,0,183,713,7162,846,112,112
msg,0,184,716,5712,851,112,112
msg,0,185,680,5617,854,112,112
msg,0,186,707,5867,858,112,112
msg,0,187,681,5854,858,112,112
msg,0,188,713,6512,853,112,112
msg,0,189,712,5683,848,112,112
msg,0,190,704,6198,849,112,112
msg,0,191,710,30317,860,112,112
msg,0,192,714,5456,861,112,112
msg,0,193,728,6396,856,112,112
msg,0,194,710,5875,854,112,112
msg,0,195,713,5481,859,112,112
msg,0,196,723,5873,858,112,112
msg,0,197,717,6023,847,112,112
msg,0,198,713,7005,818,112,112
msg,0,199,681,6178,846,112,112
whole,0,4902.588,7099.447,200
1,7.5410,4800.4030,119.6550,4927.5990,1391,4563,45,568,2,12,3,18,120940,66458.0,70316.0,4563189.0,0.0,2,2,2,0
msg,1,0,832,6601,858,112,112
msg,1,1,715,5896,816,112,112
msg,1,2,680,5700,857,112,112
msg,1,3,714,5512,852,112,112
msg,1,4,706,5683,847,112,112
msg,1,5,712,5524,854,112,112
msg,1,6,712,6618,855,112,112
msg,1,7,682,34083,863,112,112
msg,1,8,714,9025,856,112,112
msg,1,9,711,6691,814,112,112
msg,1,10,679,7607,853,112,112
msg,1,11,707,6074,843,112,112
msg,1,12,703,5934,847,112,112
msg,1,13,691,5915,855,112,112
msg,1,14,716,5814,846,112,112
msg,1,15,708,34546,856,112,112
msg,1,16,713,6899,818,112,112
msg,1,17,680,8122,819,112,112
msg,1,18,777,5679,817,112,112
msg,1,19,686,5772,852,112,112
msg,1,20,709,10500,858,112,112
msg,1,21,709,6124,854,112,112
msg,1,22,711,5894,851,112,112
msg,1,23,715,5779,846,112,112
msg,1,24,797,29834,858,112,112
msg,1,25,718,6472,854,112,112
msg,1,26,704,7811,865,112,112
msg,1,27,716,10951,855,112,112
msg,1,28,715,6849,819,112,112
msg,1,29,682,5854,857,112,112
msg,1,30,714,6096,859,112,112
msg,1,31,725,5611,849,112,112
msg,1,32,684,6726,850,112,112
msg,1,33,714,36564,961,112,112
msg,1,34,710,8604,842,112,112
msg,1,35,676,8655,852,112,112
msg,1,36,708,6756,820,112,112
msg,1,37,683,5682,848,112,112
msg,1,38,711,5773,818,112,112
msg,1,39,679,7823,860,112,112
msg,1,40,722,6299,863,112,112
msg,1,41,728,36776,844,112,112
msg,1,42,683,9247,838,112,112
msg,1,43,689,6060,848,112,112
msg,1,44,682,9723,853,112,112
msg,1,45,710,11464,860,112,112
msg,1,46,718,5674,816,112,112
msg,1,47,686,5759,974,112,112
msg,1,48,734,6808,847,112,112
msg,1,49,710,30473,843,112,112
msg,1,50,711,5581,850,112,112
msg,1,51,684,7373,814,112,112
msg,1,52,681,6348,816,112,112
msg,1,53,690,6071,851,112,112
msg,1,54,676,12007,857,112,112
msg,1,55,722,6558,821,112,112
msg,1,56,680,5573,853,112,112
msg,1,57,706,5877,857,112,112
msg,1,58,681,34176,849,112,112
msg,1,59,1244,10173,852,112,112
msg,1,60,720,7774,852,112,112
msg,1,61,683,6116,853,112,112
msg,1,62,717,5621,847,112,112
msg,1,63,722,5712,855,112,112
msg,1,64,716,7354,859,112,112
msg,1,65,711,6447,820,112,112
msg,1,66,692,36040,853,112,112
msg,1,67,712,6425,813,112,112
msg,1,68,675,6397,819,112,112
msg,1,69,679,5785,858,112,112
msg,1,70,711,6040,863,112,112
msg,1,71,732,7083,858,112,112
msg,1,72,716,7409,855,112,112
msg,1,73,720,5807,846,112,112
msg,1,74,711,6454,853,112,112
msg,1,75,713,29465,856,112,112
msg,1,76,708,6314,856,112,112
msg,1,77,706,5748,838,112,112
msg,1,78,725,6194,856,112,112
msg,1,79,720,6279,854,112,112
msg,1,80,705,6191,854,112,112
msg,1,81,705,7497,855,112,112
msg,1,82,714,7231,859,112,112
msg,1,83,713,5587,852,112,112
msg,1,84,685,34553,848,112,112
msg,1,85,714,6371,848,112,112
msg,1,86,711,6289,851,112,112
msg,1,87,720,7249,853,112,112
msg,1,88,717,5535,862,112,112
msg,1,89,701,6754,850,112,112
msg,1,90,713,5686,855,112,112
msg,1,91,679,5940,859,112,112
msg,1,92,709,6034,852,112,112
msg,1,93,726,36348,856,112,112
msg,1,94,712,6596,856,112,112
msg,1,95,681,8350,821,112,112
msg,1,96,683,6708,857,112,112
msg,1,97,704,6053,855,112,112
msg,1,98,708,5639,855,112,112
msg,1,99,715,5793,967,112,112
msg,1,100,707,8842,819,112,112
msg,1,101,685,8094,840,112,112
msg,1,102,716,36802,856,112,112
msg,1,103,717,7021,951,112,112
msg,1,104,713,5564,858,112,112
msg,1,105,715,6607,817,112,112
msg,1,106,675,8986,856,112,112
msg,1,107,720,5709,848,112,112
msg,1,108,713,5930,851,112,112
msg,1,109,680,6040,854,112,112
msg,1,110,710,5791,850,112,112
msg,1,111,709,73650,858,112,112
msg,1,112,1073,18086,855,112,112
msg,1,113,712,33842,851,112,112
msg,1,114,711,6376,857,112,112
msg,1,115,716,10979,853,112,112
msg,1,116,715,6641,861,112,112
msg,1,117,714,7058,863,112,112
msg,1,118,709,7037,858,112,112
msg,1,119,721,6891,816,112,112
msg,1,120,677,5667,855,112,112
msg,1,121,711,5959,844,112,112
msg,1,122,680,29471,849,112,112
msg,1,123,726,6643,855,112,112
msg,1,124,710,8522,921,112,112
msg,1,125,681,9622,856,112,112
msg,1,126,720,8365,965,112,112
msg,1,127,714,7335,851,112,112
msg,1,128,713,6409,820,112,112
msg,1,129,685,6022,862,112,112
msg,1,130,712,5708,851,112,112
msg,1,131,709,32687,857,112,112
msg,1,132,714,5613,819,112,112
msg,1,133,688,5841,861,112,112
msg,1,134,711,5975,852,112,112
msg,1,135,719,7171,853,112,112
msg,1,136,726,5827,814,112,112
msg,1,137,676,5802,859,112,112
msg,1,138,711,5876,847,112,112
msg,1,139,712,5584,853,112,112
msg,1,140,718,32050,850,112,112
msg,1,141,708,6869,819,112,112
msg,1,142,681,5696,1016,112,112
msg,1,143,727,5672,817,112,112
msg,1,144,685,5708,852,112,112
msg,1,145,714,5494,856,112,112
msg,1,146,718,5586,847,112,112
msg,1,147,712,5616,858,112,112
msg,1,148,716,5774,818,112,112
msg,1,149,683,5674,856,112,112
msg,1,150,705,32233,850,112,112
msg,1,151,713,6620,850,112,112
msg,1,152,681,5756,861,112,112
msg,1,153,716,6625,856,112,112
msg,1,154,719,5387,818,112,112
msg,1,155,681,6171,852,112,112
msg,1,156,683,5702,850,112,112
msg,1,157,718,5776,855,112,112
msg,1,158,678,8240,852,112,112
msg,1,159,685,6557,857,112,112
msg,1,160,735,31558,853,112,112
msg,1,161,713,6375,853,112,112
msg,1,162,715,6061,854,112,112
msg,1,163,715,5560,816,112,112
msg,1,164,1259,5803,822,112,112
msg,1,165,687,5820,850,112,112
msg,1,166,709,6812,849,112,112
msg,1,167,702,5748,857,112,112
msg,1,168,716,5554,813,112,112
msg,1,169,679,19100,853,112,112
msg,1,170,687,17372,815,112,112
msg,1,171,677,6055,852,112,112
msg,1,172,679,6470,817,112,112
msg,1,173,691,6573,965,112,112
msg,1,174,714,5773,820,112,112
msg,1,175,679,6410,842,112,112
msg,1,176,716,6332,851,112,112
msg,1,177,708,6232,845,112,112
msg,1,178,715,8448,852,112,112
msg,1,179,720,28839,816,112,112
msg,1,180,682,7549,854,112,112
msg,1,181,718,7612,852,112,112
msg,1,182,719,5551,954,112,112
msg,1,183,710,5704,857,112,112
msg,1,184,717,7160,855,112,112
msg,1,185,715,6108,851,112,112
msg,1,186,710,5491,859,112,112
msg,1,187,708,5526,816,112,112
msg,1,188,822,6384,854,112,112
msg,1,189,739,33656,850,112,112
msg,1,190,716,9382,858,112,112
msg,1,191,711,7198,851,112,112
msg,1,192,714,7677,857,112,112
msg,1,193,683,6102,844,112,112
msg,1,194,715,7100,855,112,112
msg,1,195,707,5973,859,112,112
msg,1,196,717,6156,849,112,112
msg,1,197,714,39827,850,112,112
msg,1,198,679,11328,818,112,112
msg,1,199,684,6479,844,112,112
whole,1,4944.647,7302.471,200
2,4.5140,4779.0830,95.9630,4879.5600,1391,4563,45,568,2,12,3,18,120940,66377.0,70327.0,4550223.0,0.0,2,2,2,0
msg,2,0,862,9716,860,112,112
msg,2,1,685,5658,852,112,112
msg,2,2,710,5483,853,112,112
msg,2,3,715,5699,816,112,112
msg,2,4,682,5621,855,112,112
msg,2,5,714,5725,850,112,112
msg,2,6,684,5621,850,112,112
msg,2,7,824,5691,853,112,112
msg,2,8,689,36071,853,112,112
msg,2,9,712,5604,817,112,112
msg,2,10,692,5722,960,112,112
msg,2,11,718,5698,818,112,112
msg,2,12,683,5592,853,112,112
msg,2,13,719,5594,858,112,112
msg,2,14,708,5532,821,112,112
msg,2,15,683,5584,848,112,112
msg,2,16,710,6143,856,112,112
msg,2,17,714,32242,852,112,112
msg,2,18,725,7372,863,112,112
msg,2,19,708,7886,820,112,112
msg,2,20,681,5705,859,112,112
msg,2,21,708,9518,853,112,112
msg,2,22,713,5712,856,112,112
msg,2,23,714,5512,854,112,112
msg,2,24,710,6734,817,112,112
msg,2,25,678,10312,842,112,112
msg,2,26,672,50852,855,112,112
msg,2,27,725,5561,818,112,112
msg,2,28,681,5556,852,112,112
msg,2,29,824,5538,857,112,112
msg,2,30,706,5557,817,112,112
msg,2,31,684,5846,857,112,112
msg,2,32,712,5742,844,112,112
msg,2,33,689,32557,861,112,112
msg,2,34,711,6426,850,112,112
msg,2,35,712,5582,820,112,112
msg,2,36,696,5708,853,112,112
msg,2,37,714,5552,851,112,112
msg,2,38,679,5674,853,112,112
msg,2,39,718,5695,859,112,112
msg,2,40,707,5837,855,112,112
msg,2,41,719,5533,855,112,112
msg,2,42,715,6957,860,112,112
msg,2,43,708,36647,854,112,112
msg,2,44,683,5552,849,112,112
msg,2,45,829,7581,854,112,112
msg,2,46,729,5944,847,112,112
msg,2,47,716,5493,856,112,112
msg,2,48,711,5685,818,112,112
msg,2,49,686,5535,853,112,112
msg,2,50,824,5640,850,112,112
msg,2,51,685,5621,856,112,112
msg,2,52,722,32182,847,112,112
msg,2,53,718,7226,843,112,112
msg,2,54,719,8732,861,112,112
msg,2,55,715,8129,856,112,112
msg,2,56,713,5821,849,112,112
msg,2,57,707,5381,853,112,112
msg,2,58,705,5740,971,112,112
msg,2,59,683,5612,859,112,112
msg,2,60,713,5661,853,112,112
msg,2,61,678,33484,824,112,112
msg,2,62,680,7418,847,112,112
msg,2,63,721,6450,853,112,112
msg,2,64,716,5923,844,112,112
msg,2,65,685,5402,962,112,112
msg,2,66,715,6159,849,112,112
msg,2,67,711,6629,855,112,112
msg,2,68,713,7698,854,112,112
msg,2,69,716,5579,854,112,112
msg,2,70,706,6552,851,112,112
msg,2,71,679,30116,856,112,112
msg,2,72,716,5778,857,112,112
msg,2,73,714,7573,857,112,112
msg,2,74,713,6985,851,112,112
msg,2,75,721,6872,818,112,112
msg,2,76,682,5556,854,112,112
msg,2,77,715,5988,815,112,112
msg,2,78,686,5632,853,112,112
msg,2,79,718,5754,813,112,112
msg,2,80,681,32469,850,112,112
msg,2,81,714,6747,859,112,112
msg,2,82,715,5739,846,112,112
msg,2,83,712,6314,848,112,112
msg,2,84,724,5657,855,112,112
msg,2,85,679,5771,851,112,112
msg,2,86,720,6963,840,112,112
msg,2,87,684,5660,855,112,112
msg,2,88,830,9652,816,112,112
msg,2,89,683,33385,845,112,112
msg,2,90,719,6835,855,112,112
msg,2,91,715,5496,817,112,112
msg,2,92,690,5628,850,112,112
msg,2,93,713,5930,815,112,112
msg,2,94,677,5583,858,112,112
msg,2,95,721,6400,858,112,112
msg,2,96,718,8119,856,112,112
msg,2,97,711,5782,817,112,112
msg,2,98,678,5653,853,112,112
msg,2,99,716,32015,848,112,112
msg,2,100,712,6273,851,112,112
msg,2,101,708,6522,983,112,112
msg,2,102,712,5695,842,112,112
msg,2,103,683,5533,854,112,112
msg,2,104,712,6392,856,112,112
msg,2,105,720,5475,849,112,112
msg,2,106,684,5797,853,112,112
msg,2,107,709,5961,846,112,112
msg,2,108,725,6249,848,112,112
msg,2,109,710,27462,859,112,112
msg,2,110,726,6475,857,112,112
msg,2,111,710,9239,935,112,112
msg,2,112,714,5888,854,112,112
msg,2,113,723,6148,854,112,112
msg,2,114,711,7238,852,112,112
msg,2,115,713,7097,853,112,112
msg,2,116,711,5616,859,112,112
msg,2,117,720,6405,856,112,112
msg,2,118,711,31415,818,112,112
msg,2,119,685,6784,856,112,112
msg,2,120,712,8046,855,112,112
msg,2,121,713,6401,854,112,112
msg,2,122,712,5548,851,112,112
msg,2,123,698,6303,814,112,112
msg,2,124,682,5892,861,112,112
msg,2,125,717,6348,854,112,112
msg,2,126,706,5360,850,112,112
msg,2,127,681,6076,862,112,112
msg,2,128,707,34367,852,112,112
msg,2,129,679,6826,859,112,112
msg,2,130,709,5532,850,112,112
msg,2,131,1260,5651,855,112,112
msg,2,132,726,6363,852,112,112
msg,2,133,675,5970,858,112,112
msg,2,134,718,5719,814,112,112
msg,2,135,683,5564,853,112,112
msg,2,136,712,6212,850,112,112
msg,2,137,716,31458,856,112,112
msg,2,138,714,6402,859,112,112
msg,2,139,700,8388,840,112,112
msg,2,140,679,6078,848,112,112
msg,2,141,685,6068,852,112,112
msg,2,142,718,5564,838,112,112
msg,2,143,681,5952,843,112,112
msg,2,144,713,7036,856,112,112
msg,2,145,713,6662,818,112,112
msg,2,146,683,32583,853,112,112
msg,2,147,722,6331,944,112,112
msg,2,148,710,5562,850,112,112
msg,2,149,677,6115,856,112,112
msg,2,150,716,5639,843,112,112
msg,2,151,715,5936,850,112,112
msg,2,152,678,5591,843,112,112
msg,2,153,718,5673,855,112,112
msg,2,154,709,6872,853,112,112
msg,2,155,713,7034,845,112,112
msg,2,156,681,29395,847,112,112
msg,2,157,720,6006,925,112,112
msg,2,158,695,10220,813,112,112
msg,2,159,679,5535,855,112,112
msg,2,160,713,5957,840,112,112
msg,2,161,693,5658,855,112,112
msg,2,162,711,5870,848,112,112
msg,2,163,717,6969,858,112,112
msg,2,164,682,8567,846,112,112
msg,2,165,718,38641,856,112,112
msg,2,166,711,10114,972,112,112
msg,2,167,721,5954,847,112,112
msg,2,168,713,6094,853,112,112
msg,2,169,709,6346,842,112,112
msg,2,170,706,6865,819,112,112
msg,2,171,675,6597,853,112,112
msg,2,172,713,8729,854,112,112
msg,2,173,710,36146,850,112,112
msg,2,174,713,6165,856,112,112
msg,2,175,721,5820,849,112,112
msg,2,176,726,5551,857,112,112
msg,2,177,721,7090,854,112,112
msg,2,178,711,7138,852,112,112
msg,2,179,715,6332,854,112,112
msg,2,180,706,5999,852,112,112
msg,2,181,717,7861,852,112,112
msg,2,182,695,30672,858,112,112
msg,2,183,713,6300,850,112,112
msg,2,184,712,8093,847,112,112
msg,2,185,705,37721,862,112,112
msg,2,186,714,8319,853,112,112
msg,2,187,705,36977,855,112,112
msg,2,188,724,5863,816,112,112
msg,2,189,738,5561,858,112,112
msg,2,190,717,5579,854,112,112
msg,2,191,683,5890,852,112,112
msg,2,192,709,5826,846,112,112
msg,2,193,716,6131,818,112,112
msg,2,194,678,6034,864,112,112
msg,2,195,692,5871,856,112,112
msg,2,196,722,31472,863,112,112
msg,2,197,718,7479,820,112,112
msg,2,198,680,7590,860,112,112
msg,2,199,721,5907,814,112,112
whole,2,4898.162,7157.266,200
#heap 23607
#stack 10376
#end
#block pipeline TLS lorawan11 down
#aead LoRaWAN-1.1 AES-128-CTR+2xCMAC (BearSSL (arduino-pico)), downlink, 51 B payload + 13 B overhead
#lib wolfSSL 5.9.4
iter,tcp_ms,tls_ms,mqtt_ms,total_ms,hs_tx_B,hs_rx_B,mqtt_tx_B,mqtt_rx_B,hs_writes,hs_reads,writes,reads,free_heap_B,hs_keygen_us,hs_derive_us,hs_verify_us,hs_sign_us,hs_keygen_n,hs_derive_n,hs_verify_n,hs_sign_n
msg,iter,idx,seal_us,rtt_us,open_us,tx_B,rx_B
whole,iter,first_ms,all_ms,msgs
#suite TLS13-AES256-GCM-SHA384
0,5.5860,4795.3110,63.1960,4864.0930,1391,4563,45,568,2,12,3,18,120940,66538.0,72531.0,4562068.0,0.0,2,2,2,0
msg,0,0,605,8408,595,112,112
msg,0,1,459,6332,593,112,112
msg,0,2,416,5912,594,112,112
msg,0,3,425,5901,593,112,112
msg,0,4,450,5705,599,112,112
msg,0,5,420,6477,586,112,112
msg,0,6,426,5928,596,112,112
msg,0,7,422,6847,586,112,112
msg,0,8,420,29949,592,112,112
msg,0,9,462,9359,554,112,112
msg,0,10,426,7203,596,112,112
msg,0,11,456,6315,559,112,112
msg,0,12,424,5957,601,112,112
msg,0,13,417,6949,707,112,112
msg,0,14,449,5677,597,112,112
msg,0,15,458,7193,557,112,112
msg,0,16,429,5664,557,112,112
msg,0,17,421,35735,558,112,112
msg,0,18,451,8269,595,112,112
msg,0,19,423,7963,596,112,112
msg,0,20,456,5787,678,112,112
msg,0,21,466,5829,556,112,112
msg,0,22,458,7460,598,112,112
msg,0,23,451,6017,560,112,112
msg,0,24,455,7388,592,112,112
msg,0,25,421,5638,596,112,112
msg,0,26,536,5678,591,112,112
msg,0,27,427,32400,667,112,112
msg,0,28,421,6094,594,112,112
msg,0,29,428,7962,596,112,112
msg,0,30,456,6634,594,112,112
msg,0,31,420,6451,558,112,112
msg,0,32,426,6148,758,112,112
msg,0,33,451,5843,557,112,112
msg,0,34,457,6470,594,112,112
msg,0,35,456,5633,591,112,112
msg,0,36,421,5615,602,112,112
msg,0,37,424,35880,595,112,112
msg,0,38,420,5843,592,112,112
msg,0,39,425,5868,591,112,112
msg,0,40,456,5604,593,112,112
msg,0,41,432,7507,559,112,112
msg,0,42,424,6200,596,112,112
msg,0,43,454,5877,591,112,112
msg,0,44,462,6015,554,112,112
msg,0,45,427,5837,557,112,112
msg,0,46,418,5720,554,112,112
msg,0,47,424,33910,557,112,112
msg,0,48,426,8117,593,112,112
msg,0,49,415,7869,594,112,112
msg,0,50,416,5742,593,112,112
msg,0,51,418,6524,586,112,112
msg,0,52,418,5974,592,112,112
msg,0,53,417,5648,592,112,112
msg,0,54,419,6151,591,112,112
msg,0,55,451,5518,592,112,112
msg,0,56,427,33743,590,112,112
msg,0,57,422,7808,597,112,112
msg,0,58,422,8177,563,112,112
msg,0,59,454,5535,594,112,112
msg,0,60,458,5540,590,112,112
msg,0,61,416,5530,556,112,112
msg,0,62,420,5928,590,112,112
msg,0,63,425,5676,592,112,112
msg,0,64,421,5831,591,112,112
msg,0,65,426,5753,590,112,112
msg,0,66,423,33646,559,112,112
msg,0,67,425,7002,590,112,112
msg,0,68,415,10321,554,112,112
msg,0,69,452,22523,595,112,112
msg,0,70,452,5785,591,112,112
msg,0,71,463,5713,591,112,112
msg,0,72,455,5791,592,112,112
msg,0,73,458,5701,593,112,112
msg,0,74,461,52634,599,112,112
msg,0,75,459,5899,595,112,112
msg,0,76,461,5755,557,112,112
msg,0,77,452,6930,559,112,112
msg,0,78,417,6145,592,112,112
msg,0,79,429,6473,561,112,112
msg,0,80,417,6207,600,112,112
msg,0,81,432,31655,590,112,112
msg,0,82,423,8576,555,112,112
msg,0,83,421,8167,596,112,112
msg,0,84,449,7551,597,112,112
msg,0,85,419,6162,591,112,112
msg,0,86,456,6400,600,112,112
msg,0,87,418,5956,590,112,112
msg,0,88,458,5629,596,112,112
msg,0,89,418,5623,594,112,112
msg,0,90,418,5696,594,112,112
msg,0,91,429,30879,590,112,112
msg,0,92,419,7062,595,112,112
msg,0,93,462,10346,593,112,112
msg,0,94,417,5848,596,112,112
msg,0,95,420,5802,588,112,112
msg,0,96,419,6986,598,112,112
msg,0,97,448,5816,595,112,112
msg,0,98,453,6760,586,112,112
msg,0,99,462,6025,560,112,112
msg,0,100,537,5607,557,112,112
msg,0,101,454,32078,555,112,112
msg,0,102,419,5795,556,112,112
msg,0,103,424,9815,594,112,112
msg,0,104,429,5956,593,112,112
msg,0,105,424,5645,593,112,112
msg,0,106,422,5867,600,112,112
msg,0,107,420,6002,596,112,112
msg,0,108,455,6435,593,112,112
msg,0,109,419,5715,595,112,112
msg,0,110,426,5837,590,112,112
msg,0,111,419,29251,555,112,112
msg,0,112,460,7730,594,112,112
msg,0,113,470,9331,592,112,112
msg,0,114,418,9879,595,112,112
msg,0,115,419,5998,592,112,112
msg,0,116,453,5850,555,112,112
msg,0,117,456,5956,558,112,112
msg,0,118,421,5929,558,112,112
msg,0,119,421,7305,591,112,112
msg,0,120,447,32641,595,112,112
msg,0,121,451,7966,591,112,112
msg,0,122,452,8232,761,112,112
msg,0,123,428,5977,592,112,112
msg,0,124,450,6854,589,112,112
msg,0,125,464,6702,593,112,112
msg,0,126,474,6152,567,112,112
msg,0,127,416,6876,595,112,112
msg,0,128,416,5781,585,112,112
msg,0,129,419,5835,595,112,112
msg,0,130,418,32900,601,112,112
msg,0,131,422,5825,598,112,112
msg,0,132,423,7488,553,112,112
msg,0,133,418,6163,593,112,112
msg,0,134,453,9139,556,112,112
msg,0,135,423,6503,589,112,112
msg,0,136,452,9013,553,112,112
msg,0,137,537,5751,556,112,112
msg,0,138,426,7974,586,112,112
msg,0,139,420,34465,557,112,112
msg,0,140,456,5997,555,112,112
msg,0,141,427,6655,556,112,112
msg,0,142,422,6086,596,112,112
msg,0,143,426,6075,591,112,112
msg,0,144,456,7122,555,112,112
msg,0,145,435,7644,551,112,112
msg,0,146,457,6193,586,112,112
msg,0,147,418,5944,593,112,112
msg,0,148,420,33457,552,112,112
msg,0,149,425,8525,558,112,112
msg,0,150,451,9721,550,112,112
msg,0,151,449,5926,555,112,112
msg,0,152,428,6228,597,112,112
msg,0,153,418,7564,585,112,112
msg,0,154,420,6321,711,112,112
msg,0,155,457,6081,589,112,112
msg,0,156,427,10936,595,112,112
msg,0,157,480,33365,559,112,112
msg,0,158,432,6284,592,112,112
msg,0,159,457,7771,591,112,112
msg,0,160,459,6213,585,112,112
msg,0,161,418,6102,596,112,112
msg,0,162,449,6168,558,112,112
msg,0,163,428,5797,556,112,112
msg,0,164,430,7112,592,112,112
msg,0,165,419,5625,558,112,112
msg,0,166,418,38015,592,112,112
msg,0,167,421,7506,558,112,112
msg,0,168,421,7842,556,112,112
msg,0,169,421,6158,595,112,112
msg,0,170,457,8699,604,112,112
msg,0,171,458,6882,593,112,112
msg,0,172,473,6597,590,112,112
msg,0,173,460,6737,592,112,112
msg,0,174,451,6204,557,112,112
msg,0,175,424,32708,554,112,112
msg,0,176,450,6612,589,112,112
msg,0,177,455,5699,594,112,112
msg,0,178,451,6280,601,112,112
msg,0,179,418,10400,555,112,112
msg,0,180,458,7705,555,112,112
msg,0,181,575,7250,589,112,112
msg,0,182,420,6512,555,112,112
msg,0,183,417,5941,590,112,112
msg,0,184,418,32871,593,112,112
msg,0,185,421,7162,591,112,112
msg,0,186,458,5619,588,112,112
msg,0,187,454,5606,601,112,112
msg,0,188,472,5621,599,112,112
msg,0,189,456,5565,595,112,112
msg,0,190,428,5980,590,112,112
msg,0,191,454,5766,593,112,112
msg,0,192,458,6567,597,112,112
msg,0,193,427,5667,594,112,112
msg,0,194,429,7385,555,112,112
msg,0,195,451,32167,591,112,112
msg,0,196,413,6271,588,112,112
msg,0,197,457,5806,554,112,112
msg,0,198,568,6210,597,112,112
msg,0,199,419,6613,556,112,112
whole,0,4880.750,7046.684,200
1,4.4650,4787.9500,88.1710,4880.5860,1391,4563,45,568,2,12,3,18,120940,66533.0,70528.0,4557121.0,0.0,2,2,2,0
msg,1,0,571,7270,559,112,112
msg,1,1,453,7018,553,112,112
msg,1,2,421,7297,591,112,112
msg,1,3,460,6176,563,112,112
msg,1,4,420,6644,557,112,112
msg,1,5,416,6137,600,112,112
msg,1,6,421,40297,556,112,112
msg,1,7,456,7268,594,112,112
msg,1,8,419,5955,591,112,112
msg,1,9,412,5809,592,112,112
msg,1,10,450,5677,598,112,112
msg,1,11,568,6438,595,112,112
msg,1,12,416,5950,599,112,112
msg,1,13,422,6568,595,112,112
msg,1,14,415,6067,598,112,112
msg,1,15,462,26232,556,112,112
msg,1,16,422,13388,594,112,112
msg,1,17,452,6346,593,112,112
msg,1,18,417,6609,559,112,112
msg,1,19,428,6303,596,112,112
msg,1,20,459,5799,589,112,112
msg,1,21,462,5955,554,112,112
msg,1,22,453,5975,551,112,112
msg,1,23,424,6542,557,112,112
msg,1,24,456,6459,604,112,112
msg,1,25,449,6888,589,112,112
msg,1,26,450,30883,557,112,112
msg,1,27,1033,5678,593,112,112
msg,1,28,421,9405,558,112,112
msg,1,29,452,7462,591,112,112
msg,1,30,448,5657,594,112,112
msg,1,31,449,6004,666,112,112
msg,1,32,453,5880,557,112,112
msg,1,33,422,6032,594,112,112
msg,1,34,419,6568,559,112,112
msg,1,35,418,33414,596,112,112
msg,1,36,459,6393,588,112,112
msg,1,37,425,6676,708,112,112
msg,1,38,420,5654,585,112,112
msg,1,39,421,5605,558,112,112
msg,1,40,425,5697,555,112,112
msg,1,41,425,5915,556,112,112
msg,1,42,425,6166,589,112,112
msg,1,43,423,6016,590,112,112
msg,1,44,451,5773,586,112,112
msg,1,45,458,6141,559,112,112
msg,1,46,421,32054,600,112,112
msg,1,47,424,5745,592,112,112
msg,1,48,414,8489,557,112,112
msg,1,49,425,5936,593,112,112
msg,1,50,417,5694,555,112,112
msg,1,51,428,6054,593,112,112
msg,1,52,417,5739,591,112,112
msg,1,53,991,5810,552,112,112
msg,1,54,422,6369,595,112,112
msg,1,55,448,6237,554,112,112
msg,1,56,421,34118,597,112,112
msg,1,57,423,6687,597,112,112
msg,1,58,422,6293,554,112,112
msg,1,59,455,5535,593,112,112
msg,1,60,457,5928,557,112,112
msg,1,61,452,6519,597,112,112
msg,1,62,453,5787,595,112,112
msg,1,63,455,7825,592,112,112
msg,1,64,454,6233,587,112,112
msg,1,65,427,34335,592,112,112
msg,1,66,463,7814,647,112,112
msg,1,67,461,6773,556,112,112
msg,1,68,457,6832,556,112,112
msg,1,69,448,6152,592,112,112
msg,1,70,416,5852,594,112,112
msg,1,71,420,6381,555,112,112
msg,1,72,420,6268,591,112,112
msg,1,73,416,6023,587,112,112
msg,1,74,462,6176,559,112,112
msg,1,75,418,31973,604,112,112
msg,1,76,421,8769,595,112,112
msg,1,77,421,9669,594,112,112
msg,1,78,421,5989,593,112,112
msg,1,79,422,7778,598,112,112
msg,1,80,414,10793,599,112,112
msg,1,81,421,7795,596,112,112
msg,1,82,415,6347,557,112,112
msg,1,83,426,34390,593,112,112
msg,1,84,452,9796,591,112,112
msg,1,85,453,8878,555,112,112
msg,1,86,456,6231,592,112,112
msg,1,87,422,5661,558,112,112
msg,1,88,422,6829,699,112,112
msg,1,89,417,5846,596,112,112
msg,1,90,420,6081,592,112,112
msg,1,91,472,5668,591,112,112
msg,1,92,463,5584,599,112,112
msg,1,93,418,31933,591,112,112
msg,1,94,451,6161,558,112,112
msg,1,95,419,9715,671,112,112
msg,1,96,422,7211,597,112,112
msg,1,97,419,5602,589,112,112
msg,1,98,431,6901,598,112,112
msg,1,99,418,5771,590,112,112
msg,1,100,418,6491,558,112,112
msg,1,101,437,6575,555,112,112
msg,1,102,426,33475,585,112,112
msg,1,103,459,8662,595,112,112
msg,1,104,461,9223,557,112,112
msg,1,105,426,7533,554,112,112
msg,1,106,454,6066,557,112,112
msg,1,107,419,5849,555,112,112
msg,1,108,419,5872,593,112,112
msg,1,109,423,6143,591,112,112
msg,1,110,468,6016,554,112,112
msg,1,111,423,5614,554,112,112
msg,1,112,450,36359,595,112,112
msg,1,113,431,5998,595,112,112
msg,1,114,457,6144,555,112,112
msg,1,115,423,6314,591,112,112
msg,1,116,452,6794,587,112,112
msg,1,117,454,7861,554,112,112
msg,1,118,456,5854,558,112,112
msg,1,119,467,6327,594,112,112
msg,1,120,412,5674,597,112,112
msg,1,121,421,34490,564,112,112
msg,1,122,417,6026,595,112,112
msg,1,123,421,7992,596,112,112
msg,1,124,465,7633,590,112,112
msg,1,125,418,9505,554,112,112
msg,1,126,420,6341,595,112,112
msg,1,127,462,5614,599,112,112
msg,1,128,470,6076,558,112,112
msg,1,129,424,5931,589,112,112
msg,1,130,422,32463,558,112,112
msg,1,131,451,6212,590,112,112
msg,1,132,422,5682,594,112,112
msg,1,133,424,5920,596,112,112
msg,1,134,425,8868,705,112,112
msg,1,135,454,6075,554,112,112
msg,1,136,422,6022,591,112,112
msg,1,137,423,5732,554,112,112
msg,1,138,420,6167,589,112,112
msg,1,139,444,5716,598,112,112
msg,1,140,467,33719,593,112,112
msg,1,141,455,8081,644,112,112
msg,1,142,459,8934,553,112,112
msg,1,143,421,6791,558,112,112
msg,1,144,422,6057,597,112,112
msg,1,145,434,6771,590,112,112
msg,1,146,424,5788,597,112,112
msg,1,147,421,6473,558,112,112
msg,1,148,421,5678,555,112,112
msg,1,149,419,6308,594,112,112
msg,1,150,448,27956,590,112,112
msg,1,151,456,9851,555,112,112
msg,1,152,454,11093,555,112,112
msg,1,153,424,6893,585,112,112
msg,1,154,431,11941,597,112,112
msg,1,155,414,5767,592,112,112
msg,1,156,419,6048,590,112,112
msg,1,157,454,6561,711,112,112
msg,1,158,464,33792,592,112,112
msg,1,159,455,6070,556,112,112
msg,1,160,421,6316,592,112,112
msg,1,161,460,5708,592,112,112
msg,1,162,420,8691,599,112,112
msg,1,163,427,5821,597,112,112
msg,1,164,421,5883,594,112,112
msg,1,165,469,5816,589,112,112
msg,1,166,454,6348,593,112,112
msg,1,167,422,5774,596,112,112
msg,1,168,428,33738,602,112,112
msg,1,169,428,8583,558,112,112
msg,1,170,427,8044,593,112,112
msg,1,171,419,7406,552,112,112
msg,1,172,538,6105,594,112,112
msg,1,173,421,6390,555,112,112
msg,1,174,426,8640,552,112,112
msg,1,175,456,6347,593,112,112
msg,1,176,422,6044,595,112,112
msg,1,177,455,32943,559,112,112
msg,1,178,462,8303,597,112,112
msg,1,179,424,6442,553,112,112
msg,1,180,420,6050,595,112,112
msg,1,181,420,6208,556,112,112
msg,1,182,457,6945,552,112,112
msg,1,183,420,6185,591,112,112
msg,1,184,432,5581,595,112,112
msg,1,185,424,5906,591,112,112
msg,1,186,423,5628,589,112,112
msg,1,187,424,32324,593,112,112
msg,1,188,449,8292,592,112,112
msg,1,189,426,8784,597,112,112
msg,1,190,422,6693,555,112,112
msg,1,191,419,7411,552,112,112
msg,1,192,623,6636,558,112,112
msg,1,193,455,6140,590,112,112
msg,1,194,419,5751,554,112,112
msg,1,195,422,5947,595,112,112
msg,1,196,420,34505,554,112,112
msg,1,197,418,6069,594,112,112
msg,1,198,423,5927,595,112,112
msg,1,199,562,5820,591,112,112
whole,1,4899.611,7045.012,200
2,5.6580,4790.7750,95.5110,4891.9440,1391,4563,45,568,2,12,3,18,120940,66345.0,70256.0,4561122.0,0.0,2,2,2,0
msg,2,0,598,7830,595,112,112
msg,2,1,452,6982,556,112,112
msg,2,2,461,6255,596,112,112
msg,2,3,418,6285,558,112,112
msg,2,4,455,6024,554,112,112
msg,2,5,419,6114,593,112,112
msg,2,6,434,6733,590,112,112
msg,2,7,426,6359,555,112,112
msg,2,8,419,73387,593,112,112
msg,2,9,450,7642,596,112,112
msg,2,10,421,5945,596,112,112
msg,2,11,456,5515,591,112,112
msg,2,12,430,31645,591,112,112
msg,2,13,419,6721,553,112,112
msg,2,14,423,6192,591,112,112
msg,2,15,452,5951,554,112,112
msg,2,16,455,5888,552,112,112
msg,2,17,457,6049,552,112,112
msg,2,18,422,6069,605,112,112
msg,2,19,414,11401,559,112,112
msg,2,20,419,7644,557,112,112
msg,2,21,419,6108,591,112,112
msg,2,22,420,31910,595,112,112
msg,2,23,424,5680,592,112,112
msg,2,24,588,7904,594,112,112
msg,2,25,462,5567,595,112,112
msg,2,26,417,5627,593,112,112
msg,2,27,426,5738,596,112,112
msg,2,28,423,5666,551,112,112
msg,2,29,421,5810,586,112,112
msg,2,30,426,6045,597,112,112
msg,2,31,448,8885,592,112,112
msg,2,32,449,30966,554,112,112
msg,2,33,463,6245,587,112,112
msg,2,34,422,8776,593,112,112
msg,2,35,429,5659,557,112,112
msg,2,36,418,5969,591,112,112
msg,2,37,419,6322,556,112,112
msg,2,38,427,5545,591,112,112
msg,2,39,571,7968,557,112,112
msg,2,40,424,8844,557,112,112
msg,2,41,421,32863,558,112,112
msg,2,42,428,8958,593,112,112
msg,2,43,425,7050,590,112,112
msg,2,44,464,5597,597,112,112
msg,2,45,460,5683,593,112,112
msg,2,46,423,6116,553,112,112
msg,2,47,455,6260,698,112,112
msg,2,48,420,5633,593,112,112
msg,2,49,417,5926,589,112,112
msg,2,50,418,6564,591,112,112
msg,2,51,427,32026,594,112,112
msg,2,52,424,7738,591,112,112
msg,2,53,425,7435,557,112,112
msg,2,54,421,6139,594,112,112
msg,2,55,417,5823,595,112,112
msg,2,56,414,5832,596,112,112
msg,2,57,459,5648,588,112,112
msg,2,58,419,5746,592,112,112
msg,2,59,420,7574,590,112,112
msg,2,60,422,6119,597,112,112
msg,2,61,451,36872,593,112,112
msg,2,62,465,6206,558,112,112
msg,2,63,421,6087,596,112,112
msg,2,64,421,5949,594,112,112
msg,2,65,450,5774,596,112,112
msg,2,66,456,7072,560,112,112
msg,2,67,418,5783,672,112,112
msg,2,68,424,6468,560,112,112
msg,2,69,452,5699,591,112,112
msg,2,70,448,34908,558,112,112
msg,2,71,621,5883,554,112,112
msg,2,72,430,5905,590,112,112
msg,2,73,419,6875,594,112,112
msg,2,74,413,5662,592,112,112
msg,2,75,416,5640,555,112,112
msg,2,76,423,7003,593,112,112
msg,2,77,419,5704,589,112,112
msg,2,78,419,5892,587,112,112
msg,2,79,421,5626,556,112,112
msg,2,80,427,5897,583,112,112
msg,2,81,423,32593,559,112,112
msg,2,82,419,5813,555,112,112
msg,2,83,426,9452,556,112,112
msg,2,84,451,5965,551,112,112
msg,2,85,424,6039,596,112,112
msg,2,86,417,7053,590,112,112
msg,2,87,450,5549,596,112,112
msg,2,88,416,6064,671,112,112
msg,2,89,453,5953,557,112,112
msg,2,90,458,6696,557,112,112
msg,2,91,458,31306,603,112,112
msg,2,92,421,5559,557,112,112
msg,2,93,421,8542,553,112,112
msg,2,94,451,6212,594,112,112
msg,2,95,435,5697,597,112,112
msg,2,96,438,6752,591,112,112
msg,2,97,427,5570,551,112,112
msg,2,98,422,6700,557,112,112
msg,2,99,419,5838,549,112,112
msg,2,100,420,36055,592,112,112
msg,2,101,431,7648,594,112,112
msg,2,102,424,7329,557,112,112
msg,2,103,455,5528,593,112,112
msg,2,104,453,6070,555,112,112
msg,2,105,572,5838,557,112,112
msg,2,106,424,5914,594,112,112
msg,2,107,431,6091,598,112,112
msg,2,108,450,5758,601,112,112
msg,2,109,452,6232,554,112,112
msg,2,110,419,32908,557,112,112
msg,2,111,420,10263,587,112,112
msg,2,112,456,7336,603,112,112
msg,2,113,417,6869,598,112,112
msg,2,114,433,6091,593,112,112
msg,2,115,459,6036,554,112,112
msg,2,116,422,5719,552,112,112
msg,2,117,418,6624,555,112,112
msg,2,118,563,6515,588,112,112
msg,2,119,450,5949,558,112,112
msg,2,120,444,28295,595,112,112
msg,2,121,422,8139,588,112,112
msg,2,122,447,9189,554,112,112
msg,2,123,424,5744,558,112,112
msg,2,124,428,5698,559,112,112
msg,2,125,424,5942,593,112,112
msg,2,126,415,5907,704,112,112
msg,2,127,419,6297,557,112,112
msg,2,128,421,5879,556,112,112
msg,2,129,422,6521,556,112,112
msg,2,130,458,33259,599,112,112
msg,2,131,418,5773,594,112,112
msg,2,132,422,8737,597,112,112
msg,2,133,422,6571,560,112,112
msg,2,134,426,20443,595,112,112
msg,2,135,459,7245,593,112,112
msg,2,136,419,5768,584,112,112
msg,2,137,430,6099,597,112,112
msg,2,138,453,36075,559,112,112
msg,2,139,447,15555,593,112,112
msg,2,140,452,22032,558,112,112
msg,2,141,456,98897,558,112,112
msg,2,142,456,7829,556,112,112
msg,2,143,453,10288,597,112,112
msg,2,144,420,34255,553,112,112
msg,2,145,463,8302,605,112,112
msg,2,146,422,8311,553,112,112
msg,2,147,419,6012,691,112,112
msg,2,148,430,5768,589,112,112
msg,2,149,421,6495,552,112,112
msg,2,150,422,7129,594,112,112
msg,2,151,422,8040,596,112,112
msg,2,152,460,5999,667,112,112
msg,2,153,423,6035,588,112,112
msg,2,154,419,29715,560,112,112
msg,2,155,425,7040,593,112,112
msg,2,156,420,7967,587,112,112
msg,2,157,456,22223,559,112,112
msg,2,158,428,5946,595,112,112
msg,2,159,417,6617,555,112,112
msg,2,160,425,6292,592,112,112
msg,2,161,458,49647,602,112,112
msg,2,162,466,22346,557,112,112
msg,2,163,423,6755,556,112,112
msg,2,164,423,6475,554,112,112
msg,2,165,452,6416,597,112,112
msg,2,166,424,6385,555,112,112
msg,2,167,421,44701,556,112,112
msg,2,168,450,8453,598,112,112
msg,2,169,456,6511,589,112,112
msg,2,170,478,7350,555,112,112
msg,2,171,424,5944,589,112,112
msg,2,172,421,6041,596,112,112
msg,2,173,447,6312,554,112,112
msg,2,174,434,5974,602,112,112
msg,2,175,423,31888,599,112,112
msg,2,176,420,5902,593,112,112
msg,2,177,453,7672,590,112,112
msg,2,178,453,5643,595,112,112
msg,2,179,423,6344,554,112,112
msg,2,180,421,5585,557,112,112
msg,2,181,471,6118,555,112,112
msg,2,182,426,5982,593,112,112
msg,2,183,425,5918,596,112,112
msg,2,184,456,6058,554,112,112
msg,2,185,452,34592,601,112,112
msg,2,186,463,6590,603,112,112
msg,2,187,453,6569,593,112,112
msg,2,188,422,5870,588,112,112
msg,2,189,421,6529,596,112,112
msg,2,190,437,5968,600,112,112
msg,2,191,456,6438,596,112,112
msg,2,192,420,5716,588,112,112
msg,2,193,419,6205,594,112,112
msg,2,194,452,5695,595,112,112
msg,2,195,459,32545,598,112,112
msg,2,196,423,5897,591,112,112
msg,2,197,453,6536,590,112,112
msg,2,198,414,6004,592,112,112
msg,2,199,451,9090,556,112,112
whole,2,4907.906,7274.983,200
#heap 23607
#stack 10376
#end
#block pipeline TLS lorawan11_256 up
#aead AES-256-CTR+2xCMAC (LoRaWAN 1.1 frame, 256-bit keys) (BearSSL (arduino-pico)), uplink, 51 B payload + 13 B overhead
#lib wolfSSL 5.9.4
iter,tcp_ms,tls_ms,mqtt_ms,total_ms,hs_tx_B,hs_rx_B,mqtt_tx_B,mqtt_rx_B,hs_writes,hs_reads,writes,reads,free_heap_B,hs_keygen_us,hs_derive_us,hs_verify_us,hs_sign_us,hs_keygen_n,hs_derive_n,hs_verify_n,hs_sign_n
msg,iter,idx,seal_us,rtt_us,open_us,tx_B,rx_B
whole,iter,first_ms,all_ms,msgs
#suite TLS13-AES256-GCM-SHA384
0,6.6060,4788.0220,95.0280,4889.6560,1391,4563,45,568,2,12,3,18,120940,66330.0,70206.0,4553298.0,0.0,2,2,2,0
msg,0,0,1096,8450,1082,112,112
msg,0,1,949,6294,1214,112,112
msg,0,2,935,5680,1082,112,112
msg,0,3,1130,6019,1080,112,112
msg,0,4,947,6621,1073,112,112
msg,0,5,942,6075,1087,112,112
msg,0,6,945,6860,1080,112,112
msg,0,7,947,33739,1089,112,112
msg,0,8,938,5911,1083,112,112
msg,0,9,908,19474,1095,112,112
msg,0,10,957,6178,1084,112,112
msg,0,11,941,5810,1089,112,112
msg,0,12,942,6273,1084,112,112
msg,0,13,941,6876,1089,112,112
msg,0,14,936,41704,1091,112,112
msg,0,15,937,8166,1083,112,112
msg,0,16,936,6021,1058,112,112
msg,0,17,942,5892,1073,112,112
msg,0,18,947,5960,1085,112,112
msg,0,19,940,5807,1083,112,112
msg,0,20,944,10071,1092,112,112
msg,0,21,933,33123,1065,112,112
msg,0,22,941,6811,1060,112,112
msg,0,23,950,8823,1070,112,112
msg,0,24,933,6397,1088,112,112
msg,0,25,943,5830,1085,112,112
msg,0,26,936,5687,1086,112,112
msg,0,27,932,5616,1086,112,112
msg,0,28,904,5856,1091,112,112
msg,0,29,940,5596,1085,112,112
msg,0,30,935,39798,1195,112,112
msg,0,31,912,8511,1084,112,112
msg,0,32,948,5647,1072,112,112
msg,0,33,1058,7749,1079,112,112
msg,0,34,939,5628,1075,112,112
msg,0,35,957,5952,1083,112,112
msg,0,36,940,5777,1088,112,112
msg,0,37,939,8056,1087,112,112
msg,0,38,911,27790,1084,112,112
msg,0,39,907,5719,1087,112,112
msg,0,40,910,10503,1078,112,112
msg,0,41,941,5886,1079,112,112
msg,0,42,940,5656,1089,112,112
msg,0,43,946,5674,1080,112,112
msg,0,44,1058,5635,1080,112,112
msg,0,45,946,5654,1070,112,112
msg,0,46,944,6135,1086,112,112
msg,0,47,946,35085,1188,112,112
msg,0,48,952,5878,1062,112,112
msg,0,49,941,6046,1080,112,112
msg,0,50,952,5845,1081,112,112
msg,0,51,945,5754,1075,112,112
msg,0,52,957,5851,1078,112,112
msg,0,53,946,5624,1081,112,112
msg,0,54,940,7673,1074,112,112
msg,0,55,968,6580,1071,112,112
msg,0,56,948,32899,1087,112,112
msg,0,57,941,6203,1201,112,112
msg,0,58,944,6648,1084,112,112
msg,0,59,912,5816,1086,112,112
msg,0,60,933,5981,1099,112,112
msg,0,61,937,6246,1086,112,112
msg,0,62,937,6870,1084,112,112
msg,0,63,949,5663,1081,112,112
msg,0,64,953,35947,1090,112,112
msg,0,65,943,8218,1063,112,112
msg,0,66,939,8313,1084,112,112
msg,0,67,941,6365,1074,112,112
msg,0,68,943,5565,1101,112,112
msg,0,69,1054,5765,1059,112,112
msg,0,70,950,5753,1061,112,112
msg,0,71,950,6040,1080,112,112
msg,0,72,943,6774,1080,112,112
msg,0,73,945,31824,1076,112,112
msg,0,74,947,5887,1080,112,112
msg,0,75,942,6075,1084,112,112
msg,0,76,928,6379,1080,112,112
msg,0,77,946,5668,1195,112,112
msg,0,78,954,6419,1071,112,112
msg,0,79,943,5596,1084,112,112
msg,0,80,936,5567,1094,112,112
msg,0,81,939,5615,1089,112,112
msg,0,82,948,36929,1082,112,112
msg,0,83,935,6384,1265,112,112
msg,0,84,938,5805,1082,112,112
msg,0,85,937,5618,1082,112,112
msg,0,86,940,5869,1086,112,112
msg,0,87,939,5705,1085,112,112
msg,0,88,940,7153,1087,112,112
msg,0,89,942,5917,1062,112,112
msg,0,90,935,5726,1098,112,112
msg,0,91,1054,40959,1077,112,112
msg,0,92,940,6862,1083,112,112
msg,0,93,944,5586,1067,112,112
msg,0,94,1050,5828,1082,112,112
msg,0,95,938,5602,1063,112,112
msg,0,96,946,5559,1079,112,112
msg,0,97,939,5530,1089,112,112
msg,0,98,913,6080,1095,112,112
msg,0,99,1056,35127,1087,112,112
msg,0,100,941,5715,1082,112,112
msg,0,101,946,6277,1083,112,112
msg,0,102,934,6114,1078,112,112
msg,0,103,940,7395,1083,112,112
msg,0,104,1056,6442,1253,112,112
msg,0,105,948,8976,1064,112,112
msg,0,106,944,6445,1198,112,112
msg,0,107,941,33902,1093,112,112
msg,0,108,939,6087,1082,112,112
msg,0,109,950,6422,1097,112,112
msg,0,110,941,6235,1084,112,112
msg,0,111,955,5909,1088,112,112
msg,0,112,951,5590,1084,112,112
msg,0,113,948,5817,1084,112,112
msg,0,114,957,5743,1081,112,112
msg,0,115,951,7193,1083,112,112
msg,0,116,943,33711,1207,112,112
msg,0,117,938,7507,1083,112,112
msg,0,118,910,5702,1083,112,112
msg,0,119,941,6245,1067,112,112
msg,0,120,941,6742,1064,112,112
msg,0,121,937,6298,1085,112,112
msg,0,122,947,7538,1082,112,112
msg,0,123,948,5711,1083,112,112
msg,0,124,942,19420,1093,112,112
msg,0,125,947,17463,1088,112,112
msg,0,126,937,5821,1084,112,112
msg,0,127,910,5915,1085,112,112
msg,0,128,954,6001,1076,112,112
msg,0,129,947,5646,1061,112,112
msg,0,130,946,5636,1097,112,112
msg,0,131,940,5558,1086,112,112
msg,0,132,949,5568,1086,112,112
msg,0,133,922,5871,1083,112,112
msg,0,134,939,34582,1085,112,112
msg,0,135,941,5868,1085,112,112
msg,0,136,914,6630,1086,112,112
msg,0,137,942,5882,1085,112,112
msg,0,138,913,5911,1085,112,112
msg,0,139,939,7349,1083,112,112
msg,0,140,950,6364,1061,112,112
msg,0,141,940,5882,1061,112,112
msg,0,142,939,6329,1075,112,112
msg,0,143,913,34450,1081,112,112
msg,0,144,942,6287,1090,112,112
msg,0,145,935,6199,1078,112,112
msg,0,146,941,6995,1084,112,112
msg,0,147,944,11294,1064,112,112
msg,0,148,941,7973,1177,112,112
msg,0,149,940,6034,1078,112,112
msg,0,150,950,34469,1077,112,112
msg,0,151,945,9113,1086,112,112
msg,0,152,953,8547,1079,112,112
msg,0,153,938,5846,1080,112,112
msg,0,154,937,5592,1079,112,112
msg,0,155,943,6706,1075,112,112
msg,0,156,944,7549,1098,112,112
msg,0,157,945,5665,1083,112,112
msg,0,158,957,6282,1074,112,112
msg,0,159,1058,30359,1065,112,112
msg,0,160,946,6161,1196,112,112
msg,0,161,942,6432,1075,112,112
msg,0,162,949,5843,1082,112,112
msg,0,163,945,12765,1081,112,112
msg,0,164,944,5740,1184,112,112
msg,0,165,952,5710,1079,112,112
msg,0,166,941,5530,1066,112,112
msg,0,167,952,31989,1080,112,112
msg,0,168,957,9865,1079,112,112
msg,0,169,947,5640,1080,112,112
msg,0,170,945,5513,1098,112,112
msg,0,171,1105,6694,1061,112,112
msg,0,172,946,6187,1079,112,112
msg,0,173,944,5691,1084,112,112
msg,0,174,946,5611,1081,112,112
msg,0,175,945,5556,1158,112,112
msg,0,176,964,69242,1088,112,112
msg,0,177,939,6536,1186,112,112
msg,0,178,951,5939,1084,112,112
msg,0,179,953,5791,1093,112,112
msg,0,180,940,6293,1067,112,112
msg,0,181,939,27223,1090,112,112
msg,0,182,941,6454,1078,112,112
msg,0,183,957,9281,1086,112,112
msg,0,184,938,5883,1086,112,112
msg,0,185,937,6417,1087,112,112
msg,0,186,947,9007,1087,112,112
msg,0,187,939,7538,1088,112,112
msg,0,188,940,7252,1064,112,112
msg,0,189,944,33017,1083,112,112
msg,0,190,944,6923,1088,112,112
msg,0,191,945,8120,1084,112,112
msg,0,192,933,7459,1086,112,112
msg,0,193,937,9527,1082,112,112
msg,0,194,1053,7604,1078,112,112
msg,0,195,950,5605,1068,112,112
msg,0,196,942,5719,1062,112,112
msg,0,197,941,32334,1092,112,112
msg,0,198,926,5635,1088,112,112
msg,0,199,950,11029,1084,112,112
whole,0,4907.296,7366.344,200
1,5.6350,4779.8130,105.9110,4891.3590,1391,4563,45,568,2,12,3,18,120940,66324.0,70099.0,4551010.0,0.0,2,2,2,0
msg,1,0,1096,6919,1085,112,112
msg,1,1,943,5689,1081,112,112
msg,1,2,944,7469,1062,112,112
msg,1,3,939,5752,1177,112,112
msg,1,4,940,7113,1078,112,112
msg,1,5,951,5812,1087,112,112
msg,1,6,940,8077,1082,112,112
msg,1,7,940,33011,1069,112,112
msg,1,8,944,6077,1087,112,112
msg,1,9,949,5889,1197,112,112
msg,1,10,942,5833,1088,112,112
msg,1,11,916,5755,1086,112,112
msg,1,12,911,5814,1089,112,112
msg,1,13,930,7077,1062,112,112
msg,1,14,949,5937,1071,112,112
msg,1,15,946,20255,1083,112,112
msg,1,16,918,14873,1086,112,112
msg,1,17,945,6119,1064,112,112
msg,1,18,944,7308,1204,112,112
msg,1,19,939,6483,1081,112,112
msg,1,20,947,5540,1081,112,112
msg,1,21,942,5542,1065,112,112
msg,1,22,935,5526,1088,112,112
msg,1,23,941,6446,1067,112,112
msg,1,24,943,5541,1073,112,112
msg,1,25,936,277249,1094,112,112
msg,1,26,956,8084,1086,112,112
msg,1,27,1036,17036,1063,112,112
msg,1,28,938,249669,1088,112,112
msg,1,29,943,6000,1100,112,112
msg,1,30,937,5982,1065,112,112
msg,1,31,944,5718,1067,112,112
msg,1,32,1058,6225,1083,112,112
msg,1,33,944,7064,1083,112,112
msg,1,34,939,5648,1087,112,112
msg,1,35,943,33258,1076,112,112
msg,1,36,950,8960,1081,112,112
msg,1,37,940,7229,1080,112,112
msg,1,38,944,6775,1085,112,112
msg,1,39,940,6323,1087,112,112
msg,1,40,950,5563,1079,112,112
msg,1,41,950,5897,1082,112,112
msg,1,42,946,5752,1081,112,112
msg,1,43,1059,6664,1084,112,112
msg,1,44,953,33484,1066,112,112
msg,1,45,938,6149,1084,112,112
msg,1,46,953,5837,1191,112,112
msg,1,47,939,5650,1084,112,112
msg,1,48,941,5596,1082,112,112
msg,1,49,946,5883,1083,112,112
msg,1,50,948,5544,1081,112,112
msg,1,51,951,5603,1174,112,112
msg,1,52,944,5728,1072,112,112
msg,1,53,947,36489,1087,112,112
msg,1,54,939,5602,1086,112,112
msg,1,55,912,5853,1083,112,112
msg,1,56,936,6076,1068,112,112
msg,1,57,935,8219,1087,112,112
msg,1,58,940,5569,1087,112,112
msg,1,59,947,7318,1099,112,112
msg,1,60,1059,5759,1064,112,112
msg,1,61,943,33733,1094,112,112
msg,1,62,940,5651,1086,112,112
msg,1,63,941,9013,1064,112,112
msg,1,64,945,6052,1084,112,112
msg,1,65,949,5613,1082,112,112
msg,1,66,1060,5896,1082,112,112
msg,1,67,938,5618,1079,112,112
msg,1,68,942,5572,1063,112,112
msg,1,69,958,5560,1077,112,112
msg,1,70,941,34734,1089,112,112
msg,1,71,943,10241,1087,112,112
msg,1,72,946,6161,1094,112,112
msg,1,73,909,5746,1086,112,112
msg,1,74,913,6310,1076,112,112
msg,1,75,950,6621,1061,112,112
msg,1,76,1054,5974,1085,112,112
msg,1,77,935,5968,1086,112,112
msg,1,78,955,34697,1087,112,112
msg,1,79,946,11448,1066,112,112
msg,1,80,950,7042,1082,112,112
msg,1,81,943,12608,1074,112,112
msg,1,82,942,5700,1065,112,112
msg,1,83,947,5869,1078,112,112
msg,1,84,939,5669,1061,112,112
msg,1,85,949,5530,1081,112,112
msg,1,86,934,36083,1068,112,112
msg,1,87,946,5721,1062,112,112
msg,1,88,939,6673,1103,112,112
msg,1,89,949,8380,1082,112,112
msg,1,90,942,5906,1088,112,112
msg,1,91,937,5601,1198,112,112
msg,1,92,907,6709,1088,112,112
msg,1,93,912,5713,1093,112,112
msg,1,94,949,33529,1081,112,112
msg,1,95,940,9582,1058,112,112
msg,1,96,940,6395,1084,112,112
msg,1,97,932,13088,1066,112,112
msg,1,98,936,5830,1065,112,112
msg,1,99,940,5583,1103,112,112
msg,1,100,948,5554,1083,112,112
msg,1,101,934,5830,1087,112,112
msg,1,102,936,32018,1065,112,112
msg,1,103,950,9795,1067,112,112
msg,1,104,931,6351,1085,112,112
msg,1,105,945,6194,1056,112,112
msg,1,106,939,6111,1083,112,112
msg,1,107,940,6270,1085,112,112
msg,1,108,942,5957,1059,112,112
msg,1,109,943,6571,1082,112,112
msg,1,110,1095,7613,1080,112,112
msg,1,111,940,33275,1087,112,112
msg,1,112,951,5998,1091,112,112
msg,1,113,938,5891,1084,112,112
msg,1,114,939,5823,1085,112,112
msg,1,115,939,5815,1083,112,112
msg,1,116,947,5746,1090,112,112
msg,1,117,960,8631,1198,112,112
msg,1,118,944,9148,1081,112,112
msg,1,119,945,36605,1060,112,112
msg,1,120,949,6350,1079,112,112
msg,1,121,952,5610,1084,112,112
msg,1,122,957,5582,1079,112,112
msg,1,123,945,6507,1066,112,112
msg,1,124,959,6874,1076,112,112
msg,1,125,945,5773,1082,112,112
msg,1,126,936,5873,1084,112,112
msg,1,127,944,5619,1077,112,112
msg,1,128,942,32098,1090,112,112
msg,1,129,937,5776,1086,112,112
msg,1,130,944,5923,1087,112,112
msg,1,131,916,5735,1086,112,112
msg,1,132,910,5683,1091,112,112
msg,1,133,931,5888,1089,112,112
msg,1,134,945,5782,1077,112,112
msg,1,135,940,5633,1087,112,112
msg,1,136,932,5572,1085,112,112
msg,1,137,938,36951,1087,112,112
msg,1,138,907,5819,1087,112,112
msg,1,139,1122,6054,1076,112,112
msg,1,140,946,6141,1084,112,112
msg,1,141,933,5758,1085,112,112
msg,1,142,944,6592,1081,112,112
msg,1,143,950,8517,1074,112,112
msg,1,144,947,7249,1086,112,112
msg,1,145,913,31364,1081,112,112
msg,1,146,940,6781,1083,112,112
msg,1,147,944,9659,1065,112,112
msg,1,148,942,6142,1081,112,112
msg,1,149,938,5751,1076,112,112
msg,1,150,945,6188,1088,112,112
msg,1,151,938,5963,1064,112,112
msg,1,152,936,5901,1083,112,112
msg,1,153,951,6299,1090,112,112
msg,1,154,934,29724,1093,112,112
msg,1,155,911,8672,1088,112,112
msg,1,156,941,7792,1088,112,112
msg,1,157,953,6231,1064,112,112
msg,1,158,949,5916,1073,112,112
msg,1,159,944,5852,1186,112,112
msg,1,160,945,5612,1078,112,112
msg,1,161,939,5916,1083,112,112
msg,1,162,944,8108,1087,112,112
msg,1,163,940,31412,1079,112,112
msg,1,164,945,6497,1064,112,112
msg,1,165,938,5997,1077,112,112
msg,1,166,951,5986,1085,112,112
msg,1,167,946,9401,1073,112,112
msg,1,168,942,5803,1074,112,112
msg,1,169,939,7190,1084,112,112
msg,1,170,941,5632,1082,112,112
msg,1,171,1050,32920,1086,112,112
msg,1,172,910,5858,1090,112,112
msg,1,173,944,5562,1084,112,112
msg,1,174,935,6244,1064,112,112
msg,1,175,1056,8366,1089,112,112
msg,1,176,938,9183,1065,112,112
msg,1,177,935,6212,1084,112,112
msg,1,178,928,6884,1085,112,112
msg,1,179,1042,35695,1089,112,112
msg,1,180,938,5687,1090,112,112
msg,1,181,912,11551,1090,112,112
msg,1,182,1053,7900,1082,112,112
msg,1,183,913,6011,1096,112,112
msg,1,184,942,5687,1085,112,112
msg,1,185,941,6087,1079,112,112
msg,1,186,943,5934,1081,112,112
msg,1,187,942,6913,1083,112,112
msg,1,188,941,31585,1089,112,112
msg,1,189,940,5674,1080,112,112
msg,1,190,940,7054,1081,112,112
msg,1,191,951,8403,1062,112,112
msg,1,192,941,7123,1089,112,112
msg,1,193,940,5586,1083,112,112
msg,1,194,947,6425,1091,112,112
msg,1,195,944,6279,1086,112,112
msg,1,196,935,17645,1091,112,112
msg,1,197,943,18305,1081,112,112
msg,1,198,944,6209,1191,112,112
msg,1,199,940,8345,1060,112,112
whole,1,4907.597,7780.151,200
2,11.6490,4781.5650,92.3230,4885.5370,1391,4563,45,568,2,12,3,18,120940,66372.0,70351.0,4553798.0,0.0,2,2,2,0
msg,2,0,1096,8760,1091,112,112
msg,2,1,1039,6262,1079,112,112
msg,2,2,943,7122,1090,112,112
msg,2,3,935,7947,1086,112,112
msg,2,4,938,7411,1082,112,112
msg,2,5,947,7337,1068,112,112
msg,2,6,942,31448,1199,112,112
msg,2,7,943,6176,1076,112,112
msg,2,8,948,10428,1239,112,112
msg,2,9,940,8002,1082,112,112
msg,2,10,946,14719,1076,112,112
msg,2,11,934,6687,1064,112,112
msg,2,12,938,6241,1089,112,112
msg,2,13,939,5578,1079,112,112
msg,2,14,941,32506,1069,112,112
msg,2,15,942,5716,1064,112,112
msg,2,16,938,5603,1087,112,112
msg,2,17,941,5568,1087,112,112
msg,2,18,911,5893,1199,112,112
msg,2,19,940,6551,1083,112,112
msg,2,20,910,6259,1076,112,112
msg,2,21,951,6370,1084,112,112
msg,2,22,938,6472,1084,112,112
msg,2,23,946,32146,1626,112,112
msg,2,24,957,5841,1077,112,112
msg,2,25,944,5762,1084,112,112
msg,2,26,940,5589,1084,112,112
msg,2,27,941,6129,1084,112,112
msg,2,28,915,6022,1100,112,112
msg,2,29,939,5925,1063,112,112
msg,2,30,935,7978,1074,112,112
msg,2,31,939,36877,1077,112,112
msg,2,32,938,7312,1085,112,112
msg,2,33,946,7303,1080,112,112
msg,2,34,947,5700,1080,112,112
msg,2,35,940,5633,1079,112,112
msg,2,36,940,5625,1062,112,112
msg,2,37,939,5659,1098,112,112
msg,2,38,1053,7924,1077,112,112
msg,2,39,943,8214,1198,112,112
msg,2,40,939,29436,1082,112,112
msg,2,41,943,6366,1200,112,112
msg,2,42,946,7149,1082,112,112
msg,2,43,950,6538,1082,112,112
msg,2,44,1058,6158,1082,112,112
msg,2,45,941,11536,1091,112,112
msg,2,46,955,6696,1088,112,112
msg,2,47,944,6128,1215,112,112
msg,2,48,953,30768,1059,112,112
msg,2,49,936,8521,1091,112,112
msg,2,50,938,7875,1095,112,112
msg,2,51,942,5663,1074,112,112
msg,2,52,946,6270,1082,112,112
msg,2,53,941,5718,1082,112,112
msg,2,54,941,6029,1082,112,112
msg,2,55,942,5992,1083,112,112
msg,2,56,935,6735,1089,112,112
msg,2,57,942,35858,1071,112,112
msg,2,58,936,6995,1064,112,112
msg,2,59,941,6909,1077,112,112
msg,2,60,1050,6374,1093,112,112
msg,2,61,952,6906,1063,112,112
msg,2,62,939,6003,1080,112,112
msg,2,63,939,6246,1091,112,112
msg,2,64,936,6249,1074,112,112
msg,2,65,934,36788,1080,112,112
msg,2,66,940,5993,1084,112,112
msg,2,67,938,5984,1083,112,112
msg,2,68,943,5718,1088,112,112
msg,2,69,944,5954,1093,112,112
msg,2,70,936,6417,1082,112,112
msg,2,71,943,5746,1086,112,112
msg,2,72,949,5626,1256,112,112
msg,2,73,952,5835,1086,112,112
msg,2,74,942,28818,1085,112,112
msg,2,75,1127,7690,1087,112,112
msg,2,76,937,7508,1086,112,112
msg,2,77,1063,5607,1085,112,112
msg,2,78,941,5663,1080,112,112
msg,2,79,937,5650,1076,112,112
msg,2,80,941,5529,1098,112,112
msg,2,81,937,6055,1082,112,112
msg,2,82,1059,5692,1083,112,112
msg,2,83,956,17397,1089,112,112
msg,2,84,955,16503,1087,112,112
msg,2,85,914,7577,1088,112,112
msg,2,86,942,6035,1089,112,112
msg,2,87,935,5640,1081,112,112
msg,2,88,942,6168,1071,112,112
msg,2,89,946,5764,1065,112,112
msg,2,90,940,5607,1080,112,112
msg,2,91,937,5539,1079,112,112
msg,2,92,912,8560,1082,112,112
msg,2,93,949,32538,1072,112,112
msg,2,94,944,5985,1080,112,112
msg,2,95,944,6429,1063,112,112
msg,2,96,937,5509,1094,112,112
msg,2,97,940,5872,1092,112,112
msg,2,98,946,5578,1087,112,112
msg,2,99,937,5633,1089,112,112
msg,2,100,942,6186,1061,112,112
msg,2,101,948,5602,1087,112,112
msg,2,102,938,34167,1082,112,112
msg,2,103,939,6237,1193,112,112
msg,2,104,938,5735,1082,112,112
msg,2,105,938,6288,1083,112,112
msg,2,106,942,7249,1084,112,112
msg,2,107,935,7634,1085,112,112
msg,2,108,919,15495,1089,112,112
msg,2,109,944,41530,1064,112,112
msg,2,110,951,8813,1071,112,112
msg,2,111,942,5567,1097,112,112
msg,2,112,949,5729,1094,112,112
msg,2,113,934,5635,1080,112,112
msg,2,114,937,5838,1085,112,112
msg,2,115,941,6092,1080,112,112
msg,2,116,945,6067,1085,112,112
msg,2,117,937,30525,1084,112,112
msg,2,118,932,10888,1087,112,112
msg,2,119,944,5636,1082,112,112
msg,2,120,943,5825,1081,112,112
msg,2,121,956,5917,1085,112,112
msg,2,122,933,5987,1086,112,112
msg,2,123,940,5522,1087,112,112
msg,2,124,945,5499,1082,112,112
msg,2,125,942,5503,1065,112,112
msg,2,126,954,44042,1077,112,112
msg,2,127,941,6815,1086,112,112
msg,2,128,943,5681,1087,112,112
msg,2,129,954,5636,1082,112,112
msg,2,130,940,6056,1194,112,112
msg,2,131,906,5646,1083,112,112
msg,2,132,945,5904,1084,112,112
msg,2,133,909,6041,1093,112,112
msg,2,134,945,28601,1087,112,112
msg,2,135,938,6868,1084,112,112
msg,2,136,941,8579,1087,112,112
msg,2,137,939,6931,1094,112,112
msg,2,138,945,5517,1081,112,112
msg,2,139,910,5574,1197,112,112
msg,2,140,942,5699,1088,112,112
msg,2,141,954,6234,1066,112,112
msg,2,142,942,5600,1080,112,112
msg,2,143,948,31433,1084,112,112
msg,2,144,945,7764,1079,112,112
msg,2,145,945,7730,1082,112,112
msg,2,146,945,7130,1086,112,112
msg,2,147,932,7965,1058,112,112
msg,2,148,946,6943,1075,112,112
msg,2,149,949,6949,1074,112,112
msg,2,150,955,7057,1085,112,112
msg,2,151,914,32032,1207,112,112
msg,2,152,941,8244,1082,112,112
msg,2,153,935,8254,1097,112,112
msg,2,154,942,8005,1078,112,112
msg,2,155,944,6567,1251,112,112
msg,2,156,952,5664,1065,112,112
msg,2,157,948,5900,1076,112,112
msg,2,158,957,6787,1071,112,112
msg,2,159,939,6071,1088,112,112
msg,2,160,939,30442,1065,112,112
msg,2,161,943,5775,1064,112,112
msg,2,162,941,6279,1092,112,112
msg,2,163,939,5807,1085,112,112
msg,2,164,914,7329,1080,112,112
msg,2,165,943,5636,1064,112,112
msg,2,166,940,5515,1087,112,112
msg,2,167,941,5607,1090,112,112
msg,2,168,916,5650,1088,112,112
msg,2,169,942,35337,1070,112,112
msg,2,170,950,6084,1655,112,112
msg,2,171,961,5815,1065,112,112
msg,2,172,946,5780,1062,112,112
msg,2,173,945,6262,1082,112,112
msg,2,174,944,6408,1067,112,112
msg,2,175,943,5711,1060,112,112
msg,2,176,946,11976,1078,112,112
msg,2,177,946,36044,1089,112,112
msg,2,178,941,6229,1066,112,112
msg,2,179,942,5608,1078,112,112
msg,2,180,942,7451,1090,112,112
msg,2,181,1057,7696,1081,112,112
msg,2,182,943,5829,1087,112,112
msg,2,183,911,6930,1083,112,112
msg,2,184,936,6416,1079,112,112
msg,2,185,939,34815,1087,112,112
msg,2,186,947,6943,1088,112,112
msg,2,187,908,6458,1081,112,112
msg,2,188,945,5881,1081,112,112
msg,2,189,1054,5708,1089,112,112
msg,2,190,945,5573,1079,112,112
msg,2,191,943,5909,1089,112,112
msg,2,192,945,5913,1088,112,112
msg,2,193,913,6051,1260,112,112
msg,2,194,940,30870,1070,112,112
msg,2,195,943,8709,1068,112,112
msg,2,196,942,8434,1085,112,112
msg,2,197,940,5607,1090,112,112
msg,2,198,945,5707,1090,112,112
msg,2,199,940,5560,1081,112,112
whole,2,4903.685,7284.637,200
#heap 23607
#stack 10400
#end
#block pipeline TLS lorawan11_256 down
#aead AES-256-CTR+2xCMAC (LoRaWAN 1.1 frame, 256-bit keys) (BearSSL (arduino-pico)), downlink, 51 B payload + 13 B overhead
#lib wolfSSL 5.9.4
iter,tcp_ms,tls_ms,mqtt_ms,total_ms,hs_tx_B,hs_rx_B,mqtt_tx_B,mqtt_rx_B,hs_writes,hs_reads,writes,reads,free_heap_B,hs_keygen_us,hs_derive_us,hs_verify_us,hs_sign_us,hs_keygen_n,hs_derive_n,hs_verify_n,hs_sign_n
msg,iter,idx,seal_us,rtt_us,open_us,tx_B,rx_B
whole,iter,first_ms,all_ms,msgs
#suite TLS13-AES256-GCM-SHA384
0,5.4040,4785.3520,85.9320,4876.6880,1391,4563,45,568,2,12,3,18,120940,66331.0,70244.0,4555652.0,0.0,2,2,2,0
msg,0,0,704,7455,694,112,112
msg,0,1,554,8857,731,112,112
msg,0,2,591,6407,726,112,112
msg,0,3,557,6837,713,112,112
msg,0,4,588,7164,729,112,112
msg,0,5,585,8100,686,112,112
msg,0,6,676,5987,729,112,112
msg,0,7,588,33309,724,112,112
msg,0,8,588,5689,727,112,112
msg,0,9,588,6140,726,112,112
msg,0,10,554,23165,727,112,112
msg,0,11,582,5574,689,112,112
msg,0,12,560,5982,725,112,112
msg,0,13,588,7250,723,112,112
msg,0,14,556,37820,727,112,112
msg,0,15,593,6020,689,112,112
msg,0,16,556,12993,737,112,112
msg,0,17,583,7496,727,112,112
msg,0,18,586,7461,735,112,112
msg,0,19,590,5772,722,112,112
msg,0,20,592,5632,694,112,112
msg,0,21,560,5797,721,112,112
msg,0,22,555,32226,688,112,112
msg,0,23,573,6301,723,112,112
msg,0,24,589,5688,688,112,112
msg,0,25,552,6031,729,112,112
msg,0,26,584,9325,727,112,112
msg,0,27,588,5921,721,112,112
msg,0,28,585,6694,685,112,112
msg,0,29,553,8090,728,112,112
msg,0,30,586,6109,725,112,112
msg,0,31,558,34168,725,112,112
msg,0,32,586,8982,729,112,112
msg,0,33,591,8695,727,112,112
msg,0,34,579,5615,730,112,112
msg,0,35,581,5805,690,112,112
msg,0,36,557,6981,728,112,112
msg,0,37,599,5701,726,112,112
msg,0,38,590,6899,691,112,112
msg,0,39,552,8597,725,112,112
msg,0,40,557,35234,690,112,112
msg,0,41,556,6794,721,112,112
msg,0,42,560,6863,730,112,112
msg,0,43,589,6267,724,112,112
msg,0,44,593,6590,729,112,112
msg,0,45,585,5638,727,112,112
msg,0,46,586,9278,733,112,112
msg,0,47,605,10222,727,112,112
msg,0,48,558,33612,722,112,112
msg,0,49,593,6067,690,112,112
msg,0,50,560,5700,690,112,112
msg,0,51,556,7204,725,112,112
msg,0,52,587,6770,695,112,112
msg,0,53,556,6653,731,112,112
msg,0,54,552,6692,729,112,112
msg,0,55,590,10195,726,112,112
msg,0,56,553,6462,691,112,112
msg,0,57,553,18370,693,112,112
msg,0,58,567,19998,727,112,112
msg,0,59,590,6508,737,112,112
msg,0,60,594,5707,722,112,112
msg,0,61,588,5821,688,112,112
msg,0,62,554,6713,725,112,112
msg,0,63,551,5544,726,112,112
msg,0,64,589,6105,691,112,112
msg,0,65,556,9393,724,112,112
msg,0,66,583,6137,730,112,112
msg,0,67,599,29358,721,112,112
msg,0,68,597,5593,731,112,112
msg,0,69,696,5562,732,112,112
msg,0,70,585,5793,689,112,112
msg,0,71,562,5737,724,112,112
msg,0,72,556,6625,728,112,112
msg,0,73,594,6784,730,112,112
msg,0,74,587,5884,684,112,112
msg,0,75,556,8811,721,112,112
msg,0,76,587,8280,726,112,112
msg,0,77,554,27754,733,112,112
msg,0,78,591,5696,730,112,112
msg,0,79,600,5642,732,112,112
msg,0,80,594,5921,732,112,112
msg,0,81,554,5750,733,112,112
msg,0,82,587,5615,727,112,112
msg,0,83,594,6312,725,112,112
msg,0,84,592,5732,723,112,112
msg,0,85,596,6685,691,112,112
msg,0,86,555,6062,732,112,112
msg,0,87,582,33047,695,112,112
msg,0,88,558,10964,726,112,112
msg,0,89,586,6455,724,112,112
msg,0,90,583,6793,724,112,112
msg,0,91,594,6074,735,112,112
msg,0,92,593,5919,692,112,112
msg,0,93,586,6162,731,112,112
msg,0,94,590,5756,729,112,112
msg,0,95,586,7803,690,112,112
msg,0,96,557,32436,694,112,112
msg,0,97,674,19919,722,112,112
msg,0,98,583,6271,725,112,112
msg,0,99,586,6109,689,112,112
msg,0,100,554,6780,729,112,112
msg,0,101,548,6301,686,112,112
msg,0,102,563,6456,691,112,112
msg,0,103,568,6050,727,112,112
msg,0,104,593,33990,698,112,112
msg,0,105,561,8240,731,112,112
msg,0,106,589,9272,729,112,112
msg,0,107,586,6111,690,112,112
msg,0,108,567,5706,722,112,112
msg,0,109,596,6525,726,112,112
msg,0,110,589,5736,725,112,112
msg,0,111,583,5955,687,112,112
msg,0,112,557,5829,721,112,112
msg,0,113,589,32233,719,112,112
msg,0,114,565,11724,726,112,112
msg,0,115,580,6619,731,112,112
msg,0,116,583,5547,724,112,112
msg,0,117,589,5476,731,112,112
msg,0,118,697,9488,720,112,112
msg,0,119,586,5730,691,112,112
msg,0,120,555,5595,693,112,112
msg,0,121,553,5721,721,112,112
msg,0,122,563,32697,724,112,112
msg,0,123,590,6014,691,112,112
msg,0,124,556,6344,722,112,112
msg,0,125,589,6111,730,112,112
msg,0,126,578,7091,690,112,112
msg,0,127,563,5584,689,112,112
msg,0,128,567,5993,734,112,112
msg,0,129,601,5764,850,112,112
msg,0,130,559,5568,688,112,112
msg,0,131,557,5540,687,112,112
msg,0,132,554,32237,720,112,112
msg,0,133,599,7760,687,112,112
msg,0,134,557,6116,728,112,112
msg,0,135,594,5691,690,112,112
msg,0,136,555,6586,692,112,112
msg,0,137,554,5654,693,112,112
msg,0,138,560,7313,690,112,112
msg,0,139,554,5946,721,112,112
msg,0,140,593,7023,692,112,112
msg,0,141,565,7400,723,112,112
msg,0,142,590,48184,725,112,112
msg,0,143,586,7795,707,112,112
msg,0,144,585,5679,688,112,112
msg,0,145,555,5687,691,112,112
msg,0,146,561,5734,726,112,112
msg,0,147,586,5713,728,112,112
msg,0,148,589,6849,689,112,112
msg,0,149,550,33887,732,112,112
msg,0,150,560,5882,840,112,112
msg,0,151,587,6121,726,112,112
msg,0,152,595,5812,726,112,112
msg,0,153,588,5794,687,112,112
msg,0,154,556,8038,732,112,112
msg,0,155,585,9406,731,112,112
msg,0,156,587,6644,723,112,112
msg,0,157,589,5982,832,112,112
msg,0,158,589,37517,729,112,112
msg,0,159,702,7282,726,112,112
msg,0,160,565,6742,727,112,112
msg,0,161,587,6281,729,112,112
msg,0,162,580,6315,726,112,112
msg,0,163,554,7008,733,112,112
msg,0,164,589,5842,688,112,112
msg,0,165,552,5901,728,112,112
msg,0,166,587,5962,692,112,112
msg,0,167,565,36607,691,112,112
msg,0,168,553,7463,690,112,112
msg,0,169,552,7198,732,112,112
msg,0,170,696,6364,727,112,112
msg,0,171,590,6329,727,112,112
msg,0,172,588,6178,726,112,112
msg,0,173,554,5968,730,112,112
msg,0,174,579,6014,717,112,112
msg,0,175,564,6859,725,112,112
msg,0,176,586,32586,715,112,112
msg,0,177,582,6336,730,112,112
msg,0,178,590,6525,738,112,112
msg,0,179,580,8360,723,112,112
msg,0,180,590,5550,727,112,112
msg,0,181,587,5928,689,112,112
msg,0,182,562,6499,692,112,112
msg,0,183,553,6789,723,112,112
msg,0,184,552,5903,731,112,112
msg,0,185,587,6308,729,112,112
msg,0,186,589,37560,727,112,112
msg,0,187,591,6126,692,112,112
msg,0,188,574,5733,728,112,112
msg,0,189,589,5530,733,112,112
msg,0,190,598,6066,692,112,112
msg,0,191,561,6318,690,112,112
msg,0,192,553,5988,727,112,112
msg,0,193,584,5502,727,112,112
msg,0,194,590,5494,732,112,112
msg,0,195,588,33032,700,112,112
msg,0,196,555,9128,727,112,112
msg,0,197,581,7655,727,112,112
msg,0,198,588,6134,727,112,112
msg,0,199,585,6413,725,112,112
whole,0,4892.802,7160.959,200
1,5.6080,4783.5690,88.6680,4877.8450,1391,4563,45,568,2,12,3,18,120940,66302.0,70149.0,4553389.0,0.0,2,2,2,0
msg,1,0,704,8332,693,112,112
msg,1,1,561,6587,724,112,112
msg,1,2,551,9689,726,112,112
msg,1,3,590,5927,732,112,112
msg,1,4,598,6578,689,112,112
msg,1,5,556,6512,697,112,112
msg,1,6,559,7155,730,112,112
msg,1,7,591,34322,733,112,112
msg,1,8,585,6273,724,112,112
msg,1,9,555,5936,726,112,112
msg,1,10,587,5843,691,112,112
msg,1,11,565,6052,713,112,112
msg,1,12,591,5643,729,112,112
msg,1,13,591,5550,725,112,112
msg,1,14,606,7470,728,112,112
msg,1,15,584,5715,692,112,112
msg,1,16,555,33003,728,112,112
msg,1,17,591,5720,721,112,112
msg,1,18,606,6092,726,112,112
msg,1,19,586,5734,731,112,112
msg,1,20,600,5692,727,112,112
msg,1,21,586,8216,731,112,112
msg,1,22,585,6283,729,112,112
msg,1,23,587,7350,724,112,112
msg,1,24,565,7439,717,112,112
msg,1,25,566,5917,727,112,112
msg,1,26,586,30565,732,112,112
msg,1,27,610,8450,717,112,112
msg,1,28,553,7147,725,112,112
msg,1,29,593,6058,724,112,112
msg,1,30,587,5554,731,112,112
msg,1,31,588,6301,728,112,112
msg,1,32,557,7274,692,112,112
msg,1,33,553,6464,690,112,112
msg,1,34,560,5639,693,112,112
msg,1,35,552,32063,728,112,112
msg,1,36,589,5912,688,112,112
msg,1,37,566,7970,725,112,112
msg,1,38,579,7143,725,112,112
msg,1,39,554,13211,688,112,112
msg,1,40,560,5654,689,112,112
msg,1,41,560,5686,730,112,112
msg,1,42,556,5552,724,112,112
msg,1,43,551,5561,726,112,112
msg,1,44,694,31391,726,112,112
msg,1,45,585,5758,897,112,112
msg,1,46,586,6146,733,112,112
msg,1,47,588,6310,729,112,112
msg,1,48,589,5607,727,112,112
msg,1,49,585,6261,724,112,112
msg,1,50,556,5563,728,112,112
msg,1,51,558,5651,737,112,112
msg,1,52,586,6158,692,112,112
msg,1,53,564,5539,728,112,112
msg,1,54,560,33643,715,112,112
msg,1,55,558,10825,734,112,112
msg,1,56,580,10378,728,112,112
msg,1,57,700,7866,692,112,112
msg,1,58,563,6873,724,112,112
msg,1,59,585,7431,726,112,112
msg,1,60,551,6033,729,112,112
msg,1,61,585,5816,719,112,112
msg,1,62,559,34558,721,112,112
msg,1,63,560,6067,725,112,112
msg,1,64,591,6294,728,112,112
msg,1,65,600,6686,722,112,112
msg,1,66,586,10555,724,112,112
msg,1,67,588,5699,795,112,112
msg,1,68,567,5759,726,112,112
msg,1,69,583,7682,728,112,112
msg,1,70,591,5900,689,112,112
msg,1,71,554,33258,737,112,112
msg,1,72,575,6109,731,112,112
msg,1,73,589,5626,731,112,112
msg,1,74,586,6746,690,112,112
msg,1,75,557,5723,720,112,112
msg,1,76,553,7893,736,112,112
msg,1,77,695,7528,722,112,112
msg,1,78,593,6401,728,112,112
msg,1,79,593,5788,686,112,112
msg,1,80,560,7100,730,112,112
msg,1,81,598,30664,727,112,112
msg,1,82,593,7227,727,112,112
msg,1,83,599,7659,730,112,112
msg,1,84,591,6930,689,112,112
msg,1,85,552,5796,723,112,112
msg,1,86,582,9200,685,112,112
msg,1,87,558,6582,726,112,112
msg,1,88,552,5616,729,112,112
msg,1,89,587,5670,729,112,112
msg,1,90,597,36468,725,112,112
msg,1,91,585,6632,727,112,112
msg,1,92,581,6155,729,112,112
msg,1,93,566,6403,725,112,112
msg,1,94,553,19772,739,112,112
msg,1,95,583,9347,733,112,112
msg,1,96,559,5775,728,112,112
msg,1,97,585,17361,726,112,112
msg,1,98,591,16337,729,112,112
msg,1,99,583,8224,817,112,112
msg,1,100,552,6000,724,112,112
msg,1,101,590,6075,724,112,112
msg,1,102,559,5548,727,112,112
msg,1,103,561,5493,722,112,112
msg,1,104,558,8218,686,112,112
msg,1,105,571,5973,728,112,112
msg,1,106,590,6558,728,112,112
msg,1,107,585,32184,722,112,112
msg,1,108,590,6053,687,112,112
msg,1,109,560,6265,723,112,112
msg,1,110,598,8137,722,112,112
msg,1,111,594,5621,728,112,112
msg,1,112,585,5864,691,112,112
msg,1,113,599,5869,727,112,112
msg,1,114,554,6555,725,112,112
msg,1,115,550,5559,725,112,112
msg,1,116,592,5803,734,112,112
msg,1,117,590,33796,697,112,112
msg,1,118,564,7872,729,112,112
msg,1,119,559,7488,725,112,112
msg,1,120,562,5582,730,112,112
msg,1,121,601,5562,733,112,112
msg,1,122,586,5915,693,112,112
msg,1,123,555,5816,729,112,112
msg,1,124,585,7098,689,112,112
msg,1,125,556,6540,687,112,112
msg,1,126,560,5361,727,112,112
msg,1,127,586,34514,725,112,112
msg,1,128,597,5901,730,112,112
msg,1,129,553,6717,735,112,112
msg,1,130,584,6056,691,112,112
msg,1,131,563,6603,685,112,112
msg,1,132,564,5780,816,112,112
msg,1,133,594,7709,725,112,112
msg,1,134,594,7202,724,112,112
msg,1,135,598,5971,688,112,112
msg,1,136,563,28792,725,112,112
msg,1,137,548,5977,726,112,112
msg,1,138,595,5713,684,112,112
msg,1,139,552,5799,728,112,112
msg,1,140,555,6898,736,112,112
msg,1,141,596,5507,732,112,112
msg,1,142,588,5848,784,112,112
msg,1,143,558,5592,726,112,112
msg,1,144,551,6385,692,112,112
msg,1,145,562,6054,729,112,112
msg,1,146,587,32585,720,112,112
msg,1,147,592,6111,729,112,112
msg,1,148,586,5653,730,112,112
msg,1,149,584,6612,731,112,112
msg,1,150,585,5538,726,112,112
msg,1,151,592,5532,724,112,112
msg,1,152,585,5460,729,112,112
msg,1,153,587,5497,723,112,112
msg,1,154,600,6461,727,112,112
msg,1,155,591,5794,690,112,112
msg,1,156,551,19883,725,112,112
msg,1,157,588,17332,726,112,112
msg,1,158,584,6831,728,112,112
msg,1,159,585,6693,693,112,112
msg,1,160,596,5738,690,112,112
msg,1,161,559,10292,686,112,112
msg,1,162,588,5844,730,112,112
msg,1,163,555,5934,733,112,112
msg,1,164,585,5654,726,112,112
msg,1,165,602,8001,729,112,112
msg,1,166,587,35611,733,112,112
msg,1,167,587,6223,724,112,112
msg,1,168,551,7641,724,112,112
msg,1,169,583,5562,731,112,112
msg,1,170,596,5594,729,112,112
msg,1,171,604,5489,732,112,112
msg,1,172,589,5583,726,112,112
msg,1,173,591,5739,690,112,112
msg,1,174,559,6699,722,112,112
msg,1,175,552,32695,724,112,112
msg,1,176,588,5645,725,112,112
msg,1,177,586,5982,689,112,112
msg,1,178,558,5823,730,112,112
msg,1,179,551,8033,726,112,112
msg,1,180,576,5783,693,112,112
msg,1,181,562,5925,730,112,112
msg,1,182,582,6354,840,112,112
msg,1,183,582,5649,725,112,112
msg,1,184,595,6082,718,112,112
msg,1,185,581,17246,695,112,112
msg,1,186,554,15080,724,112,112
msg,1,187,585,5542,730,112,112
msg,1,188,592,6014,736,112,112
msg,1,189,552,5809,728,112,112
msg,1,190,586,6811,801,112,112
msg,1,191,557,8585,691,112,112
msg,1,192,567,5867,728,112,112
msg,1,193,587,8405,734,112,112
msg,1,194,588,6136,693,112,112
msg,1,195,557,33291,730,112,112
msg,1,196,584,5975,727,112,112
msg,1,197,703,6302,724,112,112
msg,1,198,561,5665,728,112,112
msg,1,199,595,5889,726,112,112
whole,1,4894.257,7053.686,200
2,4.9040,4779.8000,100.3800,4885.0840,1391,4563,45,568,2,12,3,18,120940,66327.0,70307.0,4553095.0,0.0,2,2,2,0
msg,2,0,738,6228,729,112,112
msg,2,1,591,6149,691,112,112
msg,2,2,558,6006,730,112,112
msg,2,3,588,6886,694,112,112
msg,2,4,557,5714,881,112,112
msg,2,5,557,5657,730,112,112
msg,2,6,586,6206,716,112,112
msg,2,7,549,31844,731,112,112
msg,2,8,584,9775,841,112,112
msg,2,9,556,9360,727,112,112
msg,2,10,600,5955,728,112,112
msg,2,11,563,6029,729,112,112
msg,2,12,590,6606,687,112,112
msg,2,13,554,5903,728,112,112
msg,2,14,560,6639,724,112,112
msg,2,15,592,5746,726,112,112
msg,2,16,584,32013,729,112,112
msg,2,17,560,7779,838,112,112
msg,2,18,586,10432,728,112,112
msg,2,19,583,5916,689,112,112
msg,2,20,568,7130,728,112,112
msg,2,21,588,5916,723,112,112
msg,2,22,552,5701,725,112,112
msg,2,23,581,5805,730,112,112
msg,2,24,600,6352,728,112,112
msg,2,25,595,33064,689,112,112
msg,2,26,560,6177,719,112,112
msg,2,27,596,12312,728,112,112
msg,2,28,582,5761,685,112,112
msg,2,29,551,9907,730,112,112
msg,2,30,588,5840,727,112,112
msg,2,31,583,6155,730,112,112
msg,2,32,591,7632,731,112,112
msg,2,33,588,7566,728,112,112
msg,2,34,591,32238,719,112,112
msg,2,35,593,8029,689,112,112
msg,2,36,561,9006,718,112,112
msg,2,37,602,7697,726,112,112
msg,2,38,586,5847,689,112,112
msg,2,39,559,6838,731,112,112
msg,2,40,590,7326,728,112,112
msg,2,41,561,6260,690,112,112
msg,2,42,561,33957,734,112,112
msg,2,43,581,5988,689,112,112
msg,2,44,581,6106,727,112,112
msg,2,45,583,6228,723,112,112
msg,2,46,548,5708,722,112,112
msg,2,47,590,8104,691,112,112
msg,2,48,556,6278,732,112,112
msg,2,49,589,5570,693,112,112
msg,2,50,555,5572,781,112,112
msg,2,51,569,5554,691,112,112
msg,2,52,555,31762,723,112,112
msg,2,53,559,6357,688,112,112
msg,2,54,564,6246,691,112,112
msg,2,55,586,6797,721,112,112
msg,2,56,564,7141,720,112,112
msg,2,57,597,6916,726,112,112
msg,2,58,548,7439,715,112,112
msg,2,59,548,6442,691,112,112
msg,2,60,676,7012,728,112,112
msg,2,61,588,33638,727,112,112
msg,2,62,601,5968,726,112,112
msg,2,63,587,5628,725,112,112
msg,2,64,584,5911,690,112,112
msg,2,65,556,8160,717,112,112
msg,2,66,586,6274,729,112,112
msg,2,67,590,5553,733,112,112
msg,2,68,589,6104,691,112,112
msg,2,69,561,6043,730,112,112
msg,2,70,583,5912,693,112,112
msg,2,71,553,37668,692,112,112
msg,2,72,557,6310,691,112,112
msg,2,73,571,6389,688,112,112
msg,2,74,553,6193,722,112,112
msg,2,75,591,9757,690,112,112
msg,2,76,587,6345,726,112,112
msg,2,77,589,5747,691,112,112
msg,2,78,561,6958,727,112,112
msg,2,79,590,35269,726,112,112
msg,2,80,555,5964,734,112,112
msg,2,81,589,7029,723,112,112
msg,2,82,554,6862,731,112,112
msg,2,83,585,5647,725,112,112
msg,2,84,743,7161,729,112,112
msg,2,85,580,5794,691,112,112
msg,2,86,556,5755,690,112,112
msg,2,87,558,5663,727,112,112
msg,2,88,551,6212,689,112,112
msg,2,89,561,31183,737,112,112
msg,2,90,602,6132,728,112,112
msg,2,91,580,6284,692,112,112
msg,2,92,567,6189,725,112,112
msg,2,93,595,5961,724,112,112
msg,2,94,556,5772,734,112,112
msg,2,95,584,6320,732,112,112
msg,2,96,589,5499,726,112,112
msg,2,97,590,7630,731,112,112
msg,2,98,591,8528,728,112,112
msg,2,99,592,33041,724,112,112
msg,2,100,557,6840,727,112,112
msg,2,101,599,6087,722,112,112
msg,2,102,563,6782,729,112,112
msg,2,103,595,5502,727,112,112
msg,2,104,594,6608,737,112,112
msg,2,105,592,5563,727,112,112
msg,2,106,585,9381,721,112,112
msg,2,107,581,6562,722,112,112
msg,2,108,590,33369,728,112,112
msg,2,109,599,7902,691,112,112
msg,2,110,556,6941,730,112,112
msg,2,111,590,6484,732,112,112
msg,2,112,591,8623,730,112,112
msg,2,113,595,5598,728,112,112
msg,2,114,586,6656,690,112,112
msg,2,115,557,8886,828,112,112
msg,2,116,586,6150,689,112,112
msg,2,117,561,31873,728,112,112
msg,2,118,604,6805,729,112,112
msg,2,119,586,8260,896,112,112
msg,2,120,584,5968,721,112,112
msg,2,121,555,8539,721,112,112
msg,2,122,557,6615,727,112,112
msg,2,123,594,5702,730,112,112
msg,2,124,590,6139,720,112,112
msg,2,125,553,7436,721,112,112
msg,2,126,555,34377,695,112,112
msg,2,127,560,6441,688,112,112
msg,2,128,560,6330,725,112,112
msg,2,129,606,17525,714,112,112
msg,2,130,592,7132,722,112,112
msg,2,131,588,6291,720,112,112
msg,2,132,553,7841,733,112,112
msg,2,133,594,24227,732,112,112
msg,2,134,590,16768,726,112,112
msg,2,135,596,7174,872,112,112
msg,2,136,606,6749,727,112,112
msg,2,137,598,6464,727,112,112
msg,2,138,588,5815,688,112,112
msg,2,139,564,6026,728,112,112
msg,2,140,588,8637,724,112,112
msg,2,141,582,6216,728,112,112
msg,2,142,581,36358,734,112,112
msg,2,143,585,9336,727,112,112
msg,2,144,559,7004,728,112,112
msg,2,145,595,7094,730,112,112
msg,2,146,592,5637,731,112,112
msg,2,147,583,5549,725,112,112
msg,2,148,592,5520,729,112,112
msg,2,149,591,5874,690,112,112
msg,2,150,548,7229,728,112,112
msg,2,151,595,32805,690,112,112
msg,2,152,554,6606,720,112,112
msg,2,153,561,5974,731,112,112
msg,2,154,599,6546,729,112,112
msg,2,155,582,10029,732,112,112
msg,2,156,559,7850,729,112,112
msg,2,157,588,5502,733,112,112
msg,2,158,700,7599,688,112,112
msg,2,159,555,7909,725,112,112
msg,2,160,565,37215,693,112,112
msg,2,161,557,5676,688,112,112
msg,2,162,552,6497,690,112,112
msg,2,163,570,5713,731,112,112
msg,2,164,696,6546,726,112,112
msg,2,165,590,5474,730,112,112
msg,2,166,584,5616,726,112,112
msg,2,167,592,6806,690,112,112
msg,2,168,559,6934,728,112,112
msg,2,169,589,31202,692,112,112
msg,2,170,555,6559,863,112,112
msg,2,171,603,5978,724,112,112
msg,2,172,583,8045,730,112,112
msg,2,173,586,5479,725,112,112
msg,2,174,582,6014,688,112,112
msg,2,175,558,6244,731,112,112
msg,2,176,691,5632,698,112,112
msg,2,177,559,7487,693,112,112
msg,2,178,556,36403,727,112,112
msg,2,179,597,6414,727,112,112
msg,2,180,602,5547,729,112,112
msg,2,181,584,5878,723,112,112
msg,2,182,548,5563,731,112,112
msg,2,183,558,5761,728,112,112
msg,2,184,588,7126,727,112,112
msg,2,185,665,5554,728,112,112
msg,2,186,591,6092,691,112,112
msg,2,187,554,6718,722,112,112
msg,2,188,556,32065,725,112,112
msg,2,189,598,5851,689,112,112
msg,2,190,555,6822,727,112,112
msg,2,191,583,5778,729,112,112
msg,2,192,707,5994,722,112,112
msg,2,193,553,5680,727,112,112
msg,2,194,587,6164,727,112,112
msg,2,195,554,5548,723,112,112
msg,2,196,562,6038,726,112,112
msg,2,197,584,5573,729,112,112
msg,2,198,590,34764,691,112,112
msg,2,199,577,8757,733,112,112
whole,2,4901.038,7142.972,200
#heap 23607
#stack 10360
#end
#block pipeline mTLS lorawan11 up
#aead LoRaWAN-1.1 AES-128-CTR+2xCMAC (BearSSL (arduino-pico)), uplink, 51 B payload + 13 B overhead
#lib wolfSSL 5.9.4
iter,tcp_ms,tls_ms,mqtt_ms,total_ms,hs_tx_B,hs_rx_B,mqtt_tx_B,mqtt_rx_B,hs_writes,hs_reads,writes,reads,free_heap_B,hs_keygen_us,hs_derive_us,hs_verify_us,hs_sign_us,hs_keygen_n,hs_derive_n,hs_verify_n,hs_sign_n
msg,iter,idx,seal_us,rtt_us,open_us,tx_B,rx_B
whole,iter,first_ms,all_ms,msgs
#suite TLS13-AES256-GCM-SHA384
0,6.3840,7701.7320,146.0450,7854.1610,4671,4749,45,6072,4,14,5,20,115956,66459.0,71147.0,4562492.0,2904428.0,2,2,2,1
msg,0,0,871,5766,841,112,112
msg,0,1,684,5902,853,112,112
msg,0,2,717,6268,855,112,112
msg,0,3,682,34094,859,112,112
msg,0,4,714,6606,821,112,112
msg,0,5,675,5993,858,112,112
msg,0,6,721,5704,850,112,112
msg,0,7,705,6300,949,112,112
msg,0,8,717,5625,855,112,112
msg,0,9,676,5767,852,112,112
msg,0,10,716,6304,857,112,112
msg,0,11,715,7135,855,112,112
msg,0,12,715,36367,854,112,112
msg,0,13,719,6867,841,112,112
msg,0,14,741,6085,847,112,112
msg,0,15,710,6103,813,112,112
msg,0,16,687,5955,970,112,112
msg,0,17,685,9096,859,112,112
msg,0,18,710,6671,964,112,112
msg,0,19,711,5771,856,112,112
msg,0,20,684,5707,858,112,112
msg,0,21,717,33315,858,112,112
msg,0,22,712,8603,853,112,112
msg,0,23,714,6451,820,112,112
msg,0,24,681,6435,960,112,112
msg,0,25,715,7408,852,112,112
msg,0,26,711,7510,857,112,112
msg,0,27,826,5569,847,112,112
msg,0,28,714,6155,845,112,112
msg,0,29,679,5615,860,112,112
msg,0,30,723,31456,860,112,112
msg,0,31,707,5792,849,112,112
msg,0,32,714,5938,818,112,112
msg,0,33,681,6465,844,112,112
msg,0,34,713,7477,858,112,112
msg,0,35,718,6979,845,112,112
msg,0,36,724,5662,859,112,112
msg,0,37,714,5816,848,112,112
msg,0,38,1299,5744,858,112,112
msg,0,39,718,36174,849,112,112
msg,0,40,709,6056,814,112,112
msg,0,41,673,5827,853,112,112
msg,0,42,711,6519,851,112,112
msg,0,43,685,8107,853,112,112
msg,0,44,707,6118,852,112,112
msg,0,45,826,5738,857,112,112
msg,0,46,714,5843,851,112,112
msg,0,47,680,5974,858,112,112
msg,0,48,720,35817,840,112,112
msg,0,49,716,5735,858,112,112
msg,0,50,714,6065,859,112,112
msg,0,51,708,6254,857,112,112
msg,0,52,714,7281,856,112,112
msg,0,53,721,6301,851,112,112
msg,0,54,710,5854,849,112,112
msg,0,55,718,5820,852,112,112
msg,0,56,683,5909,855,112,112
msg,0,57,710,6425,859,112,112
msg,0,58,710,29344,839,112,112
msg,0,59,685,5740,853,112,112
msg,0,60,708,6155,851,112,112
msg,0,61,713,6284,855,112,112
msg,0,62,709,7123,850,112,112
msg,0,63,707,5772,852,112,112
msg,0,64,708,5598,849,112,112
msg,0,65,708,5683,860,112,112
msg,0,66,887,5572,851,112,112
msg,0,67,707,6627,860,112,112
msg,0,68,709,28882,850,112,112
msg,0,69,713,7176,841,112,112
msg,0,70,682,7370,849,112,112
msg,0,71,713,6657,855,112,112
msg,0,72,714,6982,854,112,112
msg,0,73,711,6560,859,112,112
msg,0,74,709,5629,848,112,112
msg,0,75,710,7506,850,112,112
msg,0,76,712,5799,817,112,112
msg,0,77,682,32272,819,112,112
msg,0,78,682,5936,853,112,112
msg,0,79,724,5720,854,112,112
msg,0,80,705,5548,855,112,112
msg,0,81,716,239962,857,112,112
msg,0,82,686,6109,973,112,112
msg,0,83,682,275691,865,112,112
msg,0,84,682,5928,857,112,112
msg,0,85,724,6211,856,112,112
msg,0,86,708,5668,821,112,112
msg,0,87,694,6616,851,112,112
msg,0,88,706,33543,854,112,112
msg,0,89,712,8221,856,112,112
msg,0,90,713,6900,851,112,112
msg,0,91,712,5901,820,112,112
msg,0,92,679,5911,856,112,112
msg,0,93,815,6862,849,112,112
msg,0,94,708,6273,852,112,112
msg,0,95,726,5908,843,112,112
msg,0,96,679,6991,852,112,112
msg,0,97,686,33837,854,112,112
msg,0,98,716,8107,851,112,112
msg,0,99,713,5889,820,112,112
msg,0,100,676,6983,852,112,112
msg,0,101,715,5750,851,112,112
msg,0,102,707,6206,843,112,112
msg,0,103,718,6044,817,112,112
msg,0,104,683,5754,856,112,112
msg,0,105,722,8973,853,112,112
msg,0,106,716,30052,821,112,112
msg,0,107,680,6424,853,112,112
msg,0,108,714,8177,851,112,112
msg,0,109,720,7193,851,112,112
msg,0,110,681,5630,854,112,112
msg,0,111,715,6050,848,112,112
msg,0,112,715,5522,853,112,112
msg,0,113,713,5827,847,112,112
msg,0,114,709,6275,849,112,112
msg,0,115,712,32407,852,112,112
msg,0,116,715,6157,851,112,112
msg,0,117,724,5750,852,112,112
msg,0,118,684,5972,856,112,112
msg,0,119,720,5812,853,112,112
msg,0,120,719,8152,843,112,112
msg,0,121,711,6078,819,112,112
msg,0,122,684,6454,847,112,112
msg,0,123,711,6169,851,112,112
msg,0,124,716,35331,849,112,112
msg,0,125,720,5934,817,112,112
msg,0,126,681,6488,845,112,112
msg,0,127,715,6451,865,112,112
msg,0,128,721,6244,854,112,112
msg,0,129,718,6018,848,112,112
msg,0,130,708,6312,854,112,112
msg,0,131,715,6603,857,112,112
msg,0,132,716,6391,856,112,112
msg,0,133,675,5747,854,112,112
msg,0,134,709,29103,851,112,112
msg,0,135,715,6449,852,112,112
msg,0,136,714,5536,847,112,112
msg,0,137,706,5756,852,112,112
msg,0,138,715,5537,856,112,112
msg,0,139,713,6034,856,112,112
msg,0,140,726,5730,927,112,112
msg,0,141,679,6336,849,112,112
msg,0,142,682,6827,855,112,112
msg,0,143,710,6863,855,112,112
msg,0,144,710,33794,850,112,112
msg,0,145,681,7406,820,112,112
msg,0,146,682,6348,851,112,112
msg,0,147,821,5777,849,112,112
msg,0,148,723,5650,850,112,112
msg,0,149,714,5609,857,112,112
msg,0,150,718,5607,817,112,112
msg,0,151,680,6675,860,112,112
msg,0,152,716,5956,848,112,112
msg,0,153,713,31533,855,112,112
msg,0,154,716,5799,817,112,112
msg,0,155,677,5653,851,112,112
msg,0,156,711,5748,857,112,112
msg,0,157,679,5587,847,112,112
msg,0,158,720,6361,851,112,112
msg,0,159,723,5529,856,112,112
msg,0,160,718,6419,849,112,112
msg,0,161,686,7845,855,112,112
msg,0,162,712,6534,852,112,112
msg,0,163,681,32237,851,112,112
msg,0,164,715,9131,855,112,112
msg,0,165,721,8589,818,112,112
msg,0,166,683,5977,854,112,112
msg,0,167,708,5896,856,112,112
msg,0,168,716,5857,815,112,112
msg,0,169,678,5780,852,112,112
msg,0,170,719,6384,855,112,112
msg,0,171,709,5962,848,112,112
msg,0,172,717,29354,856,112,112
msg,0,173,720,6248,856,112,112
msg,0,174,1313,9505,855,112,112
msg,0,175,715,9784,815,112,112
msg,0,176,680,5977,858,112,112
msg,0,177,713,8162,970,112,112
msg,0,178,680,6004,851,112,112
msg,0,179,712,6782,845,112,112
msg,0,180,707,34690,859,112,112
msg,0,181,717,6255,858,112,112
msg,0,182,711,5872,851,112,112
msg,0,183,712,6577,857,112,112
msg,0,184,713,6113,861,112,112
msg,0,185,819,6212,856,112,112
msg,0,186,718,6311,852,112,112
msg,0,187,713,6909,857,112,112
msg,0,188,714,6067,849,112,112
msg,0,189,710,5767,853,112,112
msg,0,190,832,33822,857,112,112
msg,0,191,712,7415,857,112,112
msg,0,192,721,7865,851,112,112
msg,0,193,716,9687,859,112,112
msg,0,194,715,6429,820,112,112
msg,0,195,681,5819,853,112,112
msg,0,196,717,6729,820,112,112
msg,0,197,684,6537,856,112,112
msg,0,198,720,36359,855,112,112
msg,0,199,711,8118,853,112,112
whole,0,7869.576,10599.508,200
1,6.4130,7692.1750,95.6590,7794.2470,4671,4749,45,6072,4,14,5,20,115956,66286.0,71109.0,4556268.0,2904382.0,2,2,2,1
msg,1,0,862,5548,862,112,112
msg,1,1,719,5748,848,112,112
msg,1,2,712,6361,851,112,112
msg,1,3,710,32415,853,112,112
msg,1,4,715,6665,819,112,112
msg,1,5,685,5652,854,112,112
msg,1,6,714,6670,962,112,112
msg,1,7,690,9859,854,112,112
msg,1,8,708,5919,964,112,112
msg,1,9,705,5934,818,112,112
msg,1,10,683,5647,854,112,112
msg,1,11,710,5922,840,112,112
msg,1,12,675,33676,854,112,112
msg,1,13,710,8345,851,112,112
msg,1,14,713,11205,851,112,112
msg,1,15,715,6199,857,112,112
msg,1,16,711,5700,815,112,112
msg,1,17,685,5622,862,112,112
msg,1,18,710,5624,854,112,112
msg,1,19,720,5644,1011,112,112
msg,1,20,706,5543,853,112,112
msg,1,21,706,31090,960,112,112
msg,1,22,705,6242,856,112,112
msg,1,23,706,13731,847,112,112
msg,1,24,716,5536,853,112,112
msg,1,25,708,6000,848,112,112
msg,1,26,839,5514,857,112,112
msg,1,27,715,6086,853,112,112
msg,1,28,712,6263,853,112,112
msg,1,29,711,5499,852,112,112
msg,1,30,684,35620,846,112,112
msg,1,31,716,7868,855,112,112
msg,1,32,686,7048,855,112,112
msg,1,33,712,7119,973,112,112
msg,1,34,714,6530,814,112,112
msg,1,35,679,5507,848,112,112
msg,1,36,710,5520,854,112,112
msg,1,37,716,5881,848,112,112
msg,1,38,684,7201,817,112,112
msg,1,39,684,32752,858,112,112
msg,1,40,706,10040,853,112,112
msg,1,41,713,10063,849,112,112
msg,1,42,712,8944,849,112,112
msg,1,43,681,6417,818,112,112
msg,1,44,691,5700,856,112,112
msg,1,45,725,5996,854,112,112
msg,1,46,718,5757,817,112,112
msg,1,47,695,30839,858,112,112
msg,1,48,717,6257,855,112,112
msg,1,49,715,6951,852,112,112
msg,1,50,714,5679,859,112,112
msg,1,51,707,5859,962,112,112
msg,1,52,720,5921,854,112,112
msg,1,53,711,6837,853,112,112
msg,1,54,680,9069,856,112,112
msg,1,55,708,5886,855,112,112
msg,1,56,708,33061,841,112,112
msg,1,57,688,5886,859,112,112
msg,1,58,711,6821,856,112,112
msg,1,59,711,5716,853,112,112
msg,1,60,683,7872,850,112,112
msg,1,61,718,8450,858,112,112
msg,1,62,717,5733,847,112,112
msg,1,63,716,5603,852,112,112
msg,1,64,709,6272,858,112,112
msg,1,65,716,33764,840,112,112
msg,1,66,684,6218,918,112,112
msg,1,67,681,5752,855,112,112
msg,1,68,716,6050,854,112,112
msg,1,69,718,9398,858,112,112
msg,1,70,717,7035,852,112,112
msg,1,71,717,5531,857,112,112
msg,1,72,707,6450,818,112,112
msg,1,73,682,5849,856,112,112
msg,1,74,831,33351,863,112,112
msg,1,75,788,5820,821,112,112
msg,1,76,675,5849,860,112,112
msg,1,77,706,5603,818,112,112
msg,1,78,686,5715,852,112,112
msg,1,79,715,5511,856,112,112
msg,1,80,707,6789,849,112,112
msg,1,81,706,7375,859,112,112
msg,1,82,711,5532,857,112,112
msg,1,83,721,5701,847,112,112
msg,1,84,716,30127,817,112,112
msg,1,85,686,5873,860,112,112
msg,1,86,714,5667,844,112,112
msg,1,87,684,5813,863,112,112
msg,1,88,691,5818,847,112,112
msg,1,89,712,5872,817,112,112
msg,1,90,686,7615,850,112,112
msg,1,91,711,7964,850,112,112
msg,1,92,709,6240,843,112,112
msg,1,93,705,34386,854,112,112
msg,1,94,830,5789,816,112,112
msg,1,95,681,5564,853,112,112
msg,1,96,704,6206,850,112,112
msg,1,97,709,5528,856,112,112
msg,1,98,716,5481,854,112,112
msg,1,99,714,7724,851,112,112
msg,1,100,712,5769,854,112,112
msg,1,101,684,5650,848,112,112
msg,1,102,708,6006,818,112,112
msg,1,103,681,34649,853,112,112
msg,1,104,723,5633,855,112,112
msg,1,105,707,8772,858,112,112
msg,1,106,711,5571,852,112,112
msg,1,107,709,5585,816,112,112
msg,1,108,877,8018,821,112,112
msg,1,109,685,9112,970,112,112
msg,1,110,682,5859,854,112,112
msg,1,111,710,35744,818,112,112
msg,1,112,683,6227,817,112,112
msg,1,113,680,6070,854,112,112
msg,1,114,681,5975,850,112,112
msg,1,115,716,5659,818,112,112
msg,1,116,683,5522,853,112,112
msg,1,117,704,5831,853,112,112
msg,1,118,683,6913,971,112,112
msg,1,119,711,6655,818,112,112
msg,1,120,677,6261,820,112,112
msg,1,121,680,32442,859,112,112
msg,1,122,710,8078,816,112,112
msg,1,123,690,6258,818,112,112
msg,1,124,674,5922,853,112,112
msg,1,125,707,5779,852,112,112
msg,1,126,713,6333,852,112,112
msg,1,127,716,6959,818,112,112
msg,1,128,682,8611,854,112,112
msg,1,129,714,35435,856,112,112
msg,1,130,709,6975,853,112,112
msg,1,131,712,6565,863,112,112
msg,1,132,715,5980,857,112,112
msg,1,133,727,6097,855,112,112
msg,1,134,712,6625,855,112,112
msg,1,135,706,6204,859,112,112
msg,1,136,706,6074,854,112,112
msg,1,137,713,7161,856,112,112
msg,1,138,714,34322,855,112,112
msg,1,139,718,6318,855,112,112
msg,1,140,818,5960,859,112,112
msg,1,141,717,5632,815,112,112
msg,1,142,678,5584,848,112,112
msg,1,143,727,5752,850,112,112
msg,1,144,689,5554,846,112,112
msg,1,145,703,5607,863,112,112
msg,1,146,730,6781,850,112,112
msg,1,147,703,6429,850,112,112
msg,1,148,709,35523,859,112,112
msg,1,149,834,7921,852,112,112
msg,1,150,717,29842,926,112,112
msg,1,151,688,7519,852,112,112
msg,1,152,717,6216,856,112,112
msg,1,153,708,7552,858,112,112
msg,1,154,712,31860,848,112,112
msg,1,155,718,7288,854,112,112
msg,1,156,711,8280,1011,112,112
msg,1,157,722,5595,814,112,112
msg,1,158,682,5807,853,112,112
msg,1,159,721,5926,846,112,112
msg,1,160,711,6305,852,112,112
msg,1,161,714,6429,858,112,112
msg,1,162,826,7372,859,112,112
msg,1,163,707,31038,862,112,112
msg,1,164,716,5718,823,112,112
msg,1,165,687,8174,821,112,112
msg,1,166,843,6237,818,112,112
msg,1,167,684,7940,850,112,112
msg,1,168,710,6775,854,112,112
msg,1,169,709,5956,816,112,112
msg,1,170,681,5849,856,112,112
msg,1,171,705,6122,857,112,112
msg,1,172,713,33431,860,112,112
msg,1,173,720,8779,849,112,112
msg,1,174,715,7139,846,112,112
msg,1,175,710,6422,851,112,112
msg,1,176,717,6159,964,112,112
msg,1,177,713,5578,856,112,112
msg,1,178,706,5605,841,112,112
msg,1,179,680,5846,858,112,112
msg,1,180,711,7103,852,112,112
msg,1,181,716,34585,853,112,112
msg,1,182,682,8108,853,112,112
msg,1,183,720,6520,820,112,112
msg,1,184,693,5725,855,112,112
msg,1,185,709,5999,851,112,112
msg,1,186,711,5792,853,112,112
msg,1,187,691,5949,858,112,112
msg,1,188,719,6277,960,112,112
msg,1,189,717,8150,855,112,112
msg,1,190,713,28649,816,112,112
msg,1,191,695,6412,854,112,112
msg,1,192,720,6175,848,112,112
msg,1,193,711,5794,854,112,112
msg,1,194,710,5637,849,112,112
msg,1,195,712,5588,856,112,112
msg,1,196,705,5874,852,112,112
msg,1,197,715,5706,865,112,112
msg,1,198,816,5798,860,112,112
msg,1,199,709,6417,852,112,112
whole,1,7812.169,10081.988,200
2,4.4180,10603.8150,75.3900,10683.6230,4671,4749,45,6072,4,14,5,20,115956,66586.0,71021.0,4553661.0,5799199.0,2,2,2,1
msg,2,0,869,6482,857,112,112
msg,2,1,792,7491,858,112,112
msg,2,2,878,6017,844,112,112
msg,2,3,713,31502,955,112,112
msg,2,4,712,9794,844,112,112
msg,2,5,689,8750,855,112,112
msg,2,6,715,6759,848,112,112
msg,2,7,700,6285,848,112,112
msg,2,8,826,5623,857,112,112
msg,2,9,707,5720,847,112,112
msg,2,10,716,5723,854,112,112
msg,2,11,710,7676,849,112,112
msg,2,12,723,29300,846,112,112
msg,2,13,729,6447,852,112,112
msg,2,14,712,6632,859,112,112
msg,2,15,701,6488,855,112,112
msg,2,16,707,6161,846,112,112
msg,2,17,704,5960,855,112,112
msg,2,18,695,6168,853,112,112
msg,2,19,686,5677,855,112,112
msg,2,20,887,6282,859,112,112
msg,2,21,717,6757,821,112,112
msg,2,22,675,27339,815,112,112
msg,2,23,684,6383,849,112,112
msg,2,24,719,6724,855,112,112
msg,2,25,708,5602,845,112,112
msg,2,26,701,5571,855,112,112
msg,2,27,710,5556,851,112,112
msg,2,28,713,5641,845,112,112
msg,2,29,706,5541,850,112,112
msg,2,30,890,5905,851,112,112
msg,2,31,703,6307,851,112,112
msg,2,32,707,33930,820,112,112
msg,2,33,681,9244,826,112,112
msg,2,34,680,6163,818,112,112
msg,2,35,684,7361,952,112,112
msg,2,36,710,5582,860,112,112
msg,2,37,727,20090,854,112,112
msg,2,38,709,7097,851,112,112
msg,2,39,721,31018,821,112,112
msg,2,40,675,5662,853,112,112
msg,2,41,710,6030,848,112,112
msg,2,42,714,5624,858,112,112
msg,2,43,723,6204,846,112,112
msg,2,44,717,6923,851,112,112
msg,2,45,718,5618,861,112,112
msg,2,46,710,5641,820,112,112
msg,2,47,685,5691,855,112,112
msg,2,48,715,6253,964,112,112
msg,2,49,714,30605,821,112,112
msg,2,50,682,8539,855,112,112
msg,2,51,708,10413,857,112,112
msg,2,52,732,5850,838,112,112
msg,2,53,684,5664,855,112,112
msg,2,54,715,6665,818,112,112
msg,2,55,858,5674,856,112,112
msg,2,56,709,5869,845,112,112
msg,2,57,711,5573,857,112,112
msg,2,58,711,34494,857,112,112
msg,2,59,702,5795,849,112,112
msg,2,60,712,8403,852,112,112
msg,2,61,718,5556,851,112,112
msg,2,62,677,6017,855,112,112
msg,2,63,698,6033,851,112,112
msg,2,64,723,8931,838,112,112
msg,2,65,682,6195,818,112,112
msg,2,66,679,8194,820,112,112
msg,2,67,684,35041,859,112,112
msg,2,68,709,5838,847,112,112
msg,2,69,707,6080,846,112,112
msg,2,70,723,6239,850,112,112
msg,2,71,713,5575,856,112,112
msg,2,72,717,6230,860,112,112
msg,2,73,716,5572,813,112,112
msg,2,74,676,5677,855,112,112
msg,2,75,718,5814,821,112,112
msg,2,76,683,31962,851,112,112
msg,2,77,717,6090,855,112,112
msg,2,78,722,6245,854,112,112
msg,2,79,720,7001,860,112,112
msg,2,80,732,9431,856,112,112
msg,2,81,711,6336,853,112,112
msg,2,82,711,5930,858,112,112
msg,2,83,710,6029,848,112,112
msg,2,84,725,6072,845,112,112
msg,2,85,710,31748,860,112,112
msg,2,86,714,5836,854,112,112
msg,2,87,709,6165,853,112,112
msg,2,88,709,5788,852,112,112
msg,2,89,707,6971,856,112,112
msg,2,90,710,5723,819,112,112
msg,2,91,677,6970,857,112,112
msg,2,92,709,5560,814,112,112
msg,2,93,682,5590,852,112,112
msg,2,94,714,7370,854,112,112
msg,2,95,713,29605,854,112,112
msg,2,96,676,6063,855,112,112
msg,2,97,712,5994,850,112,112
msg,2,98,704,5695,817,112,112
msg,2,99,685,6038,852,112,112
msg,2,100,710,5677,847,112,112
msg,2,101,708,5533,863,112,112
msg,2,102,714,5769,814,112,112
msg,2,103,688,5587,851,112,112
msg,2,104,700,7050,849,112,112
msg,2,105,712,30243,846,112,112
msg,2,106,714,6407,851,112,112
msg,2,107,716,5702,855,112,112
msg,2,108,683,6726,855,112,112
msg,2,109,709,6092,851,112,112
msg,2,110,736,5597,858,112,112
msg,2,111,720,5815,855,112,112
msg,2,112,724,6717,854,112,112
msg,2,113,674,5940,859,112,112
msg,2,114,717,5532,854,112,112
msg,2,115,684,32600,853,112,112
msg,2,116,712,8803,851,112,112
msg,2,117,706,5833,852,112,112
msg,2,118,708,8882,817,112,112
msg,2,119,680,8799,847,112,112
msg,2,120,713,6000,960,112,112
msg,2,121,708,6050,856,112,112
msg,2,122,706,5473,849,112,112
msg,2,123,711,34735,827,112,112
msg,2,124,689,7716,856,112,112
msg,2,125,711,5704,855,112,112
msg,2,126,675,5758,850,112,112
msg,2,127,714,5587,857,112,112
msg,2,128,683,5564,841,112,112
msg,2,129,677,6032,852,112,112
msg,2,130,793,5850,852,112,112
msg,2,131,714,5648,815,112,112
msg,2,132,689,5902,862,112,112
msg,2,133,708,32621,821,112,112
msg,2,134,678,5780,859,112,112
msg,2,135,708,10207,846,112,112
msg,2,136,712,6998,851,112,112
msg,2,137,710,5506,852,112,112
msg,2,138,709,6210,966,112,112
msg,2,139,711,5602,815,112,112
msg,2,140,684,5645,856,112,112
msg,2,141,724,5613,853,112,112
msg,2,142,683,31206,857,112,112
msg,2,143,684,6886,845,112,112
msg,2,144,712,6106,849,112,112
msg,2,145,720,5510,1022,112,112
msg,2,146,687,5761,857,112,112
msg,2,147,1247,5808,853,112,112
msg,2,148,713,5562,853,112,112
msg,2,149,673,5660,851,112,112
msg,2,150,720,5768,849,112,112
msg,2,151,717,6314,852,112,112
msg,2,152,680,37402,821,112,112
msg,2,153,681,7097,854,112,112
msg,2,154,678,5846,855,112,112
msg,2,155,711,5506,859,112,112
msg,2,156,713,5641,840,112,112
msg,2,157,693,6465,853,112,112
msg,2,158,709,5707,854,112,112
msg,2,159,678,5661,970,112,112
msg,2,160,716,5532,854,112,112
msg,2,161,707,32440,851,112,112
msg,2,162,679,8488,838,112,112
msg,2,163,676,8324,848,112,112
msg,2,164,709,6234,848,112,112
msg,2,165,714,6703,855,112,112
msg,2,166,828,6183,858,112,112
msg,2,167,707,5727,846,112,112
msg,2,168,711,5899,852,112,112
msg,2,169,684,5760,853,112,112
msg,2,170,718,31566,864,112,112
msg,2,171,721,6156,859,112,112
msg,2,172,712,5897,966,112,112
msg,2,173,829,5893,852,112,112
msg,2,174,707,7900,850,112,112
msg,2,175,687,5881,859,112,112
msg,2,176,711,7093,853,112,112
msg,2,177,706,5683,847,112,112
msg,2,178,677,5959,856,112,112
msg,2,179,713,5603,815,112,112
msg,2,180,680,30410,820,112,112
msg,2,181,678,5787,860,112,112
msg,2,182,712,12202,859,112,112
msg,2,183,706,6319,854,112,112
msg,2,184,708,6183,858,112,112
msg,2,185,707,5585,818,112,112
msg,2,186,686,5701,852,112,112
msg,2,187,718,5558,855,112,112
msg,2,188,708,5556,817,112,112
msg,2,189,687,36296,818,112,112
msg,2,190,684,6752,854,112,112
msg,2,191,718,6320,860,112,112
msg,2,192,724,6175,857,112,112
msg,2,193,716,5830,850,112,112
msg,2,194,714,5544,855,112,112
msg,2,195,714,5705,816,112,112
msg,2,196,682,7374,847,112,112
msg,2,197,711,5526,850,112,112
msg,2,198,710,35522,859,112,112
msg,2,199,722,5883,853,112,112
whole,2,10698.552,12911.890,200
#heap 28559
#stack 51496
#end
#block pipeline mTLS lorawan11 down
#aead LoRaWAN-1.1 AES-128-CTR+2xCMAC (BearSSL (arduino-pico)), downlink, 51 B payload + 13 B overhead
#lib wolfSSL 5.9.4
iter,tcp_ms,tls_ms,mqtt_ms,total_ms,hs_tx_B,hs_rx_B,mqtt_tx_B,mqtt_rx_B,hs_writes,hs_reads,writes,reads,free_heap_B,hs_keygen_us,hs_derive_us,hs_verify_us,hs_sign_us,hs_keygen_n,hs_derive_n,hs_verify_n,hs_sign_n
msg,iter,idx,seal_us,rtt_us,open_us,tx_B,rx_B
whole,iter,first_ms,all_ms,msgs
#suite TLS13-AES256-GCM-SHA384
0,8.4020,7708.8070,97.9120,7815.1210,4671,4749,45,6072,4,14,5,20,115956,66484.0,70908.0,4556114.0,2908037.0,2,2,2,1
msg,0,0,570,5651,596,112,112
msg,0,1,417,7722,558,112,112
msg,0,2,434,5979,591,112,112
msg,0,3,423,31735,598,112,112
msg,0,4,427,7191,591,112,112
msg,0,5,459,6515,600,112,112
msg,0,6,450,5698,593,112,112
msg,0,7,456,5493,595,112,112
msg,0,8,423,5706,555,112,112
msg,0,9,425,8189,596,112,112
msg,0,10,451,5549,589,112,112
msg,0,11,420,5898,600,112,112
msg,0,12,451,6146,555,112,112
msg,0,13,423,23554,594,112,112
msg,0,14,459,11240,591,112,112
msg,0,15,517,7453,593,112,112
msg,0,16,449,11132,556,112,112
msg,0,17,455,6366,597,112,112
msg,0,18,421,6003,589,112,112
msg,0,19,456,5927,558,112,112
msg,0,20,449,5775,557,112,112
msg,0,21,450,5944,555,112,112
msg,0,22,416,6441,599,112,112
msg,0,23,565,32100,555,112,112
msg,0,24,423,6888,598,112,112
msg,0,25,428,6948,598,112,112
msg,0,26,428,5727,590,112,112
msg,0,27,426,5694,593,112,112
msg,0,28,421,5893,597,112,112
msg,0,29,420,7909,707,112,112
msg,0,30,460,6002,557,112,112
msg,0,31,429,5915,554,112,112
msg,0,32,421,6034,598,112,112
msg,0,33,419,32754,592,112,112
msg,0,34,421,7685,595,112,112
msg,0,35,417,6886,590,112,112
msg,0,36,422,6330,561,112,112
msg,0,37,454,6188,592,112,112
msg,0,38,421,6235,555,112,112
msg,0,39,467,5899,556,112,112
msg,0,40,449,6245,601,112,112
msg,0,41,429,6010,588,112,112
msg,0,42,456,5579,708,112,112
msg,0,43,451,22182,552,112,112
msg,0,44,429,12786,556,112,112
msg,0,45,418,6713,554,112,112
msg,0,46,420,8746,655,112,112
msg,0,47,423,6430,586,112,112
msg,0,48,454,5707,589,112,112
msg,0,49,460,6147,559,112,112
msg,0,50,419,6259,599,112,112
msg,0,51,452,5795,594,112,112
msg,0,52,449,7026,552,112,112
msg,0,53,461,33850,554,112,112
msg,0,54,456,7284,595,112,112
msg,0,55,419,12411,554,112,112
msg,0,56,415,6239,592,112,112
msg,0,57,456,5950,592,112,112
msg,0,58,451,8239,593,112,112
msg,0,59,425,5886,592,112,112
msg,0,60,424,5745,594,112,112
msg,0,61,421,6090,587,112,112
msg,0,62,456,32747,593,112,112
msg,0,63,450,6416,590,112,112
msg,0,64,422,7406,558,112,112
msg,0,65,456,7782,558,112,112
msg,0,66,419,6117,589,112,112
msg,0,67,418,8150,593,112,112
msg,0,68,460,6773,595,112,112
msg,0,69,467,6149,555,112,112
msg,0,70,415,7364,589,112,112
msg,0,71,456,34345,591,112,112
msg,0,72,420,8391,556,112,112
msg,0,73,450,19612,590,112,112
msg,0,74,450,5906,554,112,112
msg,0,75,452,6637,590,112,112
msg,0,76,451,5516,595,112,112
msg,0,77,461,5711,594,112,112
msg,0,78,427,5748,591,112,112
msg,0,79,415,34629,594,112,112
msg,0,80,426,6079,595,112,112
msg,0,81,455,7322,553,112,112
msg,0,82,430,6083,597,112,112
msg,0,83,417,6834,595,112,112
msg,0,84,457,5901,597,112,112
msg,0,85,457,6622,596,112,112
msg,0,86,457,7109,559,112,112
msg,0,87,433,7978,559,112,112
msg,0,88,416,7764,559,112,112
msg,0,89,420,31652,556,112,112
msg,0,90,419,6042,587,112,112
msg,0,91,415,9661,554,112,112
msg,0,92,416,7137,578,112,112
msg,0,93,426,6334,553,112,112
msg,0,94,419,6739,556,112,112
msg,0,95,421,5856,556,112,112
msg,0,96,425,7844,556,112,112
msg,0,97,429,7478,555,112,112
msg,0,98,457,29465,602,112,112
msg,0,99,448,7763,596,112,112
msg,0,100,454,6927,588,112,112
msg,0,101,459,7336,591,112,112
msg,0,102,427,5771,597,112,112
msg,0,103,419,5669,586,112,112
msg,0,104,424,6037,596,112,112
msg,0,105,575,5444,593,112,112
msg,0,106,424,6277,554,112,112
msg,0,107,454,6063,556,112,112
msg,0,108,419,17949,598,112,112
msg,0,109,426,16561,557,112,112
msg,0,110,420,5919,556,112,112
msg,0,111,419,6355,594,112,112
msg,0,112,458,5879,724,112,112
msg,0,113,428,6100,595,112,112
msg,0,114,421,5717,591,112,112
msg,0,115,424,6029,597,112,112
msg,0,116,450,5597,596,112,112
msg,0,117,420,6842,600,112,112
msg,0,118,450,5667,595,112,112
msg,0,119,420,32205,556,112,112
msg,0,120,455,6030,555,112,112
msg,0,121,427,7184,594,112,112
msg,0,122,451,7435,561,112,112
msg,0,123,424,5649,554,112,112
msg,0,124,420,6379,589,112,112
msg,0,125,463,6285,597,112,112
msg,0,126,422,7166,592,112,112
msg,0,127,452,5927,718,112,112
msg,0,128,420,5714,558,112,112
msg,0,129,455,34489,595,112,112
msg,0,130,460,5874,590,112,112
msg,0,131,459,6482,593,112,112
msg,0,132,425,6509,600,112,112
msg,0,133,423,6239,593,112,112
msg,0,134,450,6213,554,112,112
msg,0,135,418,5830,591,112,112
msg,0,136,426,5962,595,112,112
msg,0,137,419,5927,596,112,112
msg,0,138,456,5556,594,112,112
msg,0,139,429,31956,591,112,112
msg,0,140,458,5753,597,112,112
msg,0,141,451,6149,555,112,112
msg,0,142,413,6161,592,112,112
msg,0,143,424,6899,592,112,112
msg,0,144,430,5785,597,112,112
msg,0,145,568,7718,593,112,112
msg,0,146,458,5827,589,112,112
msg,0,147,462,6060,558,112,112
msg,0,148,414,5676,553,112,112
msg,0,149,458,34068,556,112,112
msg,0,150,421,7301,593,112,112
msg,0,151,447,13890,555,112,112
msg,0,152,457,7236,589,112,112
msg,0,153,416,13910,596,112,112
msg,0,154,421,9214,556,112,112
msg,0,155,450,6488,599,112,112
msg,0,156,458,34716,596,112,112
msg,0,157,420,6379,556,112,112
msg,0,158,424,6212,597,112,112
msg,0,159,458,6065,552,112,112
msg,0,160,466,5525,588,112,112
msg,0,161,454,5887,589,112,112
msg,0,162,454,6963,555,112,112
msg,0,163,421,5893,555,112,112
msg,0,164,420,8989,600,112,112
msg,0,165,424,5962,597,112,112
msg,0,166,449,30903,589,112,112
msg,0,167,459,6669,598,112,112
msg,0,168,455,6948,554,112,112
msg,0,169,458,6038,555,112,112
msg,0,170,427,6015,594,112,112
msg,0,171,545,8501,555,112,112
msg,0,172,420,6920,589,112,112
msg,0,173,417,6019,595,112,112
msg,0,174,454,6270,558,112,112
msg,0,175,419,5920,684,112,112
msg,0,176,432,33643,556,112,112
msg,0,177,431,6324,587,112,112
msg,0,178,453,7220,566,112,112
msg,0,179,424,6781,559,112,112
msg,0,180,420,8848,593,112,112
msg,0,181,420,9226,757,112,112
msg,0,182,452,5824,555,112,112
msg,0,183,457,6270,594,112,112
msg,0,184,422,5907,594,112,112
msg,0,185,460,34317,554,112,112
msg,0,186,422,6031,594,112,112
msg,0,187,429,5885,597,112,112
msg,0,188,451,6279,558,112,112
msg,0,189,533,6008,597,112,112
msg,0,190,419,6725,596,112,112
msg,0,191,418,6512,554,112,112
msg,0,192,421,6005,599,112,112
msg,0,193,420,8138,596,112,112
msg,0,194,567,35575,592,112,112
msg,0,195,461,6083,558,112,112
msg,0,196,462,7523,587,112,112
msg,0,197,451,8549,594,112,112
msg,0,198,423,6166,554,112,112
msg,0,199,446,6660,589,112,112
whole,0,7829.602,9968.637,200
1,4.6440,7699.5280,68.2440,7772.4160,4671,4749,45,6072,4,14,5,20,115956,66427.0,71046.0,4555627.0,2910907.0,2,2,2,1
msg,1,0,596,5863,595,112,112
msg,1,1,456,9574,599,112,112
msg,1,2,418,34748,595,112,112
msg,1,3,417,7887,595,112,112
msg,1,4,462,6101,554,112,112
msg,1,5,459,7004,555,112,112
msg,1,6,416,5749,562,112,112
msg,1,7,418,5897,682,112,112
msg,1,8,423,5742,593,112,112
msg,1,9,418,6808,594,112,112
msg,1,10,419,6418,558,112,112
msg,1,11,424,5941,554,112,112
msg,1,12,436,31620,558,112,112
msg,1,13,423,6498,593,112,112
msg,1,14,460,7392,599,112,112
msg,1,15,449,6116,557,112,112
msg,1,16,462,5495,599,112,112
msg,1,17,456,5841,596,112,112
msg,1,18,456,5742,593,112,112
msg,1,19,456,6302,588,112,112
msg,1,20,416,5777,591,112,112
msg,1,21,411,6609,554,112,112
msg,1,22,421,32989,592,112,112
msg,1,23,419,6025,595,112,112
msg,1,24,454,7574,596,112,112
msg,1,25,422,6490,557,112,112
msg,1,26,422,5793,554,112,112
msg,1,27,422,5523,551,112,112
msg,1,28,458,5569,594,112,112
msg,1,29,452,5574,597,112,112
msg,1,30,421,5648,590,112,112
msg,1,31,414,5840,596,112,112
msg,1,32,426,6492,553,112,112
msg,1,33,426,28829,557,112,112
msg,1,34,427,6211,593,112,112
msg,1,35,450,7647,597,112,112
msg,1,36,422,7994,595,112,112
msg,1,37,449,6274,589,112,112
msg,1,38,420,5706,555,112,112
msg,1,39,430,6028,596,112,112
msg,1,40,416,6379,554,112,112
msg,1,41,420,6127,589,112,112
msg,1,42,416,7400,668,112,112
msg,1,43,418,33179,595,112,112
msg,1,44,425,6737,596,112,112
msg,1,45,429,8994,602,112,112
msg,1,46,456,6182,553,112,112
msg,1,47,421,6362,599,112,112
msg,1,48,452,8141,552,112,112
msg,1,49,423,5834,556,112,112
msg,1,50,426,6595,556,112,112
msg,1,51,455,45904,556,112,112
msg,1,52,438,7294,599,112,112
msg,1,53,449,7369,593,112,112
msg,1,54,428,6790,598,112,112
msg,1,55,416,7235,589,112,112
msg,1,56,454,5834,552,112,112
msg,1,57,460,6077,556,112,112
msg,1,58,420,6063,592,112,112
msg,1,59,414,5335,552,112,112
msg,1,60,428,31321,592,112,112
msg,1,61,418,7841,594,112,112
msg,1,62,453,7300,553,112,112
msg,1,63,418,5608,556,112,112
msg,1,64,530,5642,553,112,112
msg,1,65,455,6169,593,112,112
msg,1,66,430,7183,593,112,112
msg,1,67,452,6173,553,112,112
msg,1,68,424,7249,590,112,112
msg,1,69,456,5593,595,112,112
msg,1,70,444,34300,559,112,112
msg,1,71,422,6726,549,112,112
msg,1,72,418,5945,557,112,112
msg,1,73,416,5597,555,112,112
msg,1,74,426,5946,554,112,112
msg,1,75,431,6115,597,112,112
msg,1,76,460,8632,593,112,112
msg,1,77,422,6298,554,112,112
msg,1,78,451,5982,554,112,112
msg,1,79,421,5924,592,112,112
msg,1,80,416,39307,593,112,112
msg,1,81,448,5922,556,112,112
msg,1,82,455,7260,598,112,112
msg,1,83,421,5600,596,112,112
msg,1,84,418,5647,554,112,112
msg,1,85,440,6371,559,112,112
msg,1,86,450,5714,557,112,112
msg,1,87,454,5776,555,112,112
msg,1,88,453,6028,557,112,112
msg,1,89,422,31841,554,112,112
msg,1,90,423,6018,600,112,112
msg,1,91,417,9464,560,112,112
msg,1,92,423,11037,593,112,112
msg,1,93,419,8540,554,112,112
msg,1,94,424,6408,590,112,112
msg,1,95,457,5615,596,112,112
msg,1,96,455,6301,551,112,112
msg,1,97,420,6135,594,112,112
msg,1,98,450,33061,557,112,112
msg,1,99,451,6008,555,112,112
msg,1,100,416,6912,558,112,112
msg,1,101,433,5680,556,112,112
msg,1,102,423,5875,558,112,112
msg,1,103,423,6340,586,112,112
msg,1,104,458,7263,587,112,112
msg,1,105,435,6629,558,112,112
msg,1,106,451,6163,593,112,112
msg,1,107,457,5963,557,112,112
msg,1,108,462,31792,558,112,112
msg,1,109,467,6035,557,112,112
msg,1,110,420,8036,593,112,112
msg,1,111,422,7895,598,112,112
msg,1,112,454,5701,583,112,112
msg,1,113,452,6531,590,112,112
msg,1,114,423,6366,559,112,112
msg,1,115,987,6459,550,112,112
msg,1,116,420,6376,586,112,112
msg,1,117,464,6096,554,112,112
msg,1,118,422,29506,592,112,112
msg,1,119,453,6311,593,112,112
msg,1,120,423,7792,595,112,112
msg,1,121,420,7108,590,112,112
msg,1,122,453,6283,587,112,112
msg,1,123,419,6371,555,112,112
msg,1,124,449,6351,589,112,112
msg,1,125,417,7763,591,112,112
msg,1,126,418,5979,596,112,112
msg,1,127,448,7182,557,112,112
msg,1,128,423,30294,591,112,112
msg,1,129,449,5809,589,112,112
msg,1,130,453,5784,593,112,112
msg,1,131,451,5581,599,112,112
msg,1,132,419,6665,596,112,112
msg,1,133,423,5900,594,112,112
msg,1,134,449,6770,588,112,112
msg,1,135,454,6115,559,112,112
msg,1,136,456,6059,553,112,112
msg,1,137,426,6564,555,112,112
msg,1,138,425,32221,604,112,112
msg,1,139,422,6003,592,112,112
msg,1,140,453,6610,595,112,112
msg,1,141,451,7798,593,112,112
msg,1,142,619,6229,587,112,112
msg,1,143,422,6405,558,112,112
msg,1,144,466,5919,560,112,112
msg,1,145,423,5661,556,112,112
msg,1,146,458,6129,600,112,112
msg,1,147,421,5927,596,112,112
msg,1,148,421,32283,553,112,112
msg,1,149,452,5858,557,112,112
msg,1,150,420,5658,557,112,112
msg,1,151,467,10825,556,112,112
msg,1,152,452,5854,557,112,112
msg,1,153,427,5676,555,112,112
msg,1,154,456,5551,589,112,112
msg,1,155,454,5539,604,112,112
msg,1,156,453,5723,595,112,112
msg,1,157,420,6592,597,112,112
msg,1,158,423,31738,592,112,112
msg,1,159,426,6002,592,112,112
msg,1,160,422,8492,554,112,112
msg,1,161,423,5601,556,112,112
msg,1,162,425,5845,552,112,112
msg,1,163,418,5438,590,112,112
msg,1,164,484,5973,593,112,112
msg,1,165,454,11664,700,112,112
msg,1,166,452,5537,589,112,112
msg,1,167,418,6308,556,112,112
msg,1,168,457,32252,591,112,112
msg,1,169,427,5717,591,112,112
msg,1,170,420,5976,594,112,112
msg,1,171,472,5614,596,112,112
msg,1,172,454,5807,590,112,112
msg,1,173,455,5856,590,112,112
msg,1,174,455,5901,553,112,112
msg,1,175,453,5605,591,112,112
msg,1,176,457,8042,550,112,112
msg,1,177,419,6625,557,112,112
msg,1,178,457,34324,598,112,112
msg,1,179,421,5728,597,112,112
msg,1,180,418,9375,554,112,112
msg,1,181,453,8110,594,112,112
msg,1,182,418,6002,600,112,112
msg,1,183,456,6230,552,112,112
msg,1,184,424,5630,553,112,112
msg,1,185,460,6265,588,112,112
msg,1,186,422,5968,598,112,112
msg,1,187,446,33679,602,112,112
msg,1,188,464,7702,596,112,112
msg,1,189,452,6700,593,112,112
msg,1,190,455,6420,554,112,112
msg,1,191,422,5956,594,112,112
msg,1,192,419,5661,592,112,112
msg,1,193,417,6674,555,112,112
msg,1,194,424,5792,557,112,112
msg,1,195,426,6109,593,112,112
msg,1,196,445,5633,595,112,112
msg,1,197,431,23038,598,112,112
msg,1,198,564,12840,554,112,112
msg,1,199,461,8548,593,112,112
whole,1,7789.115,9898.533,200
2,6.4450,7707.0330,82.6240,7796.1020,4671,4749,45,6072,4,14,5,20,115956,66292.0,71336.0,4556390.0,2918946.0,2,2,2,1
msg,2,0,570,6719,593,112,112
msg,2,1,418,6186,594,112,112
msg,2,2,451,5686,594,112,112
msg,2,3,451,5861,589,112,112
msg,2,4,449,33920,564,112,112
msg,2,5,458,11149,586,112,112
msg,2,6,431,5712,552,112,112
msg,2,7,600,5887,592,112,112
msg,2,8,415,5591,590,112,112
msg,2,9,413,6107,584,112,112
msg,2,10,452,5725,596,112,112
msg,2,11,451,6167,552,112,112
msg,2,12,421,5765,553,112,112
msg,2,13,422,33713,554,112,112
msg,2,14,444,6185,598,112,112
msg,2,15,418,5878,593,112,112
msg,2,16,428,6210,554,112,112
msg,2,17,613,11053,595,112,112
msg,2,18,421,6465,552,112,112
msg,2,19,432,6121,601,112,112
msg,2,20,421,5947,594,112,112
msg,2,21,456,6269,553,112,112
msg,2,22,421,5943,592,112,112
msg,2,23,430,33442,555,112,112
msg,2,24,427,7334,591,112,112
msg,2,25,458,8660,598,112,112
msg,2,26,420,5619,588,112,112
msg,2,27,422,5542,557,112,112
msg,2,28,434,5736,561,112,112
msg,2,29,419,5853,554,112,112
msg,2,30,418,5688,554,112,112
msg,2,31,416,6643,557,112,112
msg,2,32,461,5581,589,112,112
msg,2,33,460,32545,596,112,112
msg,2,34,419,9835,592,112,112
msg,2,35,457,7864,596,112,112
msg,2,36,457,5670,594,112,112
msg,2,37,451,6424,587,112,112
msg,2,38,420,5771,594,112,112
msg,2,39,423,5721,589,112,112
msg,2,40,425,7527,557,112,112
msg,2,41,424,5840,556,112,112
msg,2,42,430,34375,594,112,112
msg,2,43,462,6011,555,112,112
msg,2,44,463,10368,595,112,112
msg,2,45,421,7820,599,112,112
msg,2,46,449,6174,559,112,112
msg,2,47,419,6949,560,112,112
msg,2,48,419,5985,592,112,112
msg,2,49,421,6876,597,112,112
msg,2,50,421,5662,593,112,112
msg,2,51,417,32006,603,112,112
msg,2,52,453,8575,593,112,112
msg,2,53,429,6527,556,112,112
msg,2,54,419,6568,556,112,112
msg,2,55,466,11054,589,112,112
msg,2,56,419,7826,591,112,112
msg,2,57,414,5725,701,112,112
msg,2,58,429,5710,588,112,112
msg,2,59,423,6653,556,112,112
msg,2,60,424,32272,596,112,112
msg,2,61,453,5847,590,112,112
msg,2,62,457,8076,552,112,112
msg,2,63,418,5565,558,112,112
msg,2,64,458,6210,591,112,112
msg,2,65,531,5729,591,112,112
msg,2,66,421,5863,596,112,112
msg,2,67,415,6008,586,112,112
msg,2,68,451,6014,559,112,112
msg,2,69,428,6319,594,112,112
msg,2,70,458,33099,556,112,112
msg,2,71,450,5825,558,112,112
msg,2,72,460,9060,557,112,112
msg,2,73,421,7175,593,112,112
msg,2,74,454,7275,561,112,112
msg,2,75,425,6912,589,112,112
msg,2,76,420,6317,555,112,112
msg,2,77,460,5690,591,112,112
msg,2,78,447,5646,592,112,112
msg,2,79,451,7019,559,112,112
msg,2,80,456,37642,588,112,112
msg,2,81,459,7171,556,112,112
msg,2,82,424,8134,595,112,112
msg,2,83,570,5615,593,112,112
msg,2,84,454,6362,557,112,112
msg,2,85,420,17786,560,112,112
msg,2,86,426,7009,596,112,112
msg,2,87,424,31605,558,112,112
msg,2,88,423,5824,595,112,112
msg,2,89,419,8210,588,112,112
msg,2,90,453,6020,557,112,112
msg,2,91,424,7318,593,112,112
msg,2,92,462,5704,597,112,112
msg,2,93,419,6965,590,112,112
msg,2,94,455,5639,595,112,112
msg,2,95,451,5821,589,112,112
msg,2,96,458,6872,553,112,112
msg,2,97,458,32509,602,112,112
msg,2,98,454,10937,591,112,112
msg,2,99,460,7855,560,112,112
msg,2,100,460,9750,557,112,112
msg,2,101,457,6218,588,112,112
msg,2,102,423,5734,597,112,112
msg,2,103,422,5789,594,112,112
msg,2,104,423,5817,597,112,112
msg,2,105,468,5593,594,112,112
msg,2,106,424,32712,584,112,112
msg,2,107,425,6017,594,112,112
msg,2,108,454,7659,596,112,112
msg,2,109,423,6003,590,112,112
msg,2,110,462,12729,594,112,112
msg,2,111,443,7031,553,112,112
msg,2,112,419,5761,561,112,112
msg,2,113,427,7691,555,112,112
msg,2,114,452,24122,556,112,112
msg,2,115,424,22577,555,112,112
msg,2,116,426,6205,596,112,112
msg,2,117,415,6744,596,112,112
msg,2,118,417,5756,600,112,112
msg,2,119,419,5905,595,112,112
msg,2,120,419,6192,557,112,112
msg,2,121,447,6076,557,112,112
msg,2,122,420,7394,557,112,112
msg,2,123,470,5943,555,112,112
msg,2,124,421,35514,589,112,112
msg,2,125,458,6207,553,112,112
msg,2,126,430,8149,601,112,112
msg,2,127,460,5958,590,112,112
msg,2,128,449,8772,588,112,112
msg,2,129,448,8623,592,112,112
msg,2,130,452,6308,555,112,112
msg,2,131,419,6176,598,112,112
msg,2,132,458,7365,591,112,112
msg,2,133,429,33712,554,112,112
msg,2,134,431,5853,556,112,112
msg,2,135,534,8799,591,112,112
msg,2,136,418,6732,591,112,112
msg,2,137,418,6698,562,112,112
msg,2,138,420,8750,551,112,112
msg,2,139,431,7055,595,112,112
msg,2,140,420,6794,602,112,112
msg,2,141,426,6806,602,112,112
msg,2,142,450,31243,555,112,112
msg,2,143,424,6073,711,112,112
msg,2,144,428,8743,594,112,112
msg,2,145,420,5676,595,112,112
msg,2,146,422,21837,694,112,112
msg,2,147,418,8169,554,112,112
msg,2,148,456,8005,557,112,112
msg,2,149,427,34212,590,112,112
msg,2,150,418,20488,555,112,112
msg,2,151,422,6014,592,112,112
msg,2,152,424,5868,594,112,112
msg,2,153,451,7680,598,112,112
msg,2,154,463,7607,592,112,112
msg,2,155,415,6517,559,112,112
msg,2,156,420,7441,556,112,112
msg,2,157,467,34797,555,112,112
msg,2,158,456,9065,559,112,112
msg,2,159,423,5805,554,112,112
msg,2,160,423,5674,554,112,112
msg,2,161,415,5734,558,112,112
msg,2,162,423,7640,556,112,112
msg,2,163,458,6426,594,112,112
msg,2,164,451,6105,557,112,112
msg,2,165,454,7594,590,112,112
msg,2,166,449,30927,556,112,112
msg,2,167,456,6198,594,112,112
msg,2,168,433,7447,554,112,112
msg,2,169,423,5696,557,112,112
msg,2,170,453,5546,591,112,112
msg,2,171,456,5544,594,112,112
msg,2,172,414,8022,591,112,112
msg,2,173,462,6220,553,112,112
msg,2,174,419,8383,556,112,112
msg,2,175,456,5936,556,112,112
msg,2,176,422,32066,585,112,112
msg,2,177,422,5669,552,112,112
msg,2,178,421,6670,558,112,112
msg,2,179,418,5998,587,112,112
msg,2,180,425,5907,593,112,112
msg,2,181,418,5669,589,112,112
msg,2,182,426,5929,598,112,112
msg,2,183,416,5726,597,112,112
msg,2,184,416,6903,597,112,112
msg,2,185,419,6923,587,112,112
msg,2,186,455,33169,557,112,112
msg,2,187,428,7271,596,112,112
msg,2,188,451,6192,555,112,112
msg,2,189,546,7054,588,112,112
msg,2,190,420,5997,594,112,112
msg,2,191,449,6507,597,112,112
msg,2,192,418,6009,589,112,112
msg,2,193,448,5927,552,112,112
msg,2,194,469,7174,557,112,112
msg,2,195,417,36860,586,112,112
msg,2,196,425,6505,553,112,112
msg,2,197,424,8211,593,112,112
msg,2,198,424,6453,554,112,112
msg,2,199,419,5693,555,112,112
whole,2,7811.328,10044.721,200
#heap 28559
#stack 51436
#end
#block pipeline mTLS lorawan11_256 up
#aead AES-256-CTR+2xCMAC (LoRaWAN 1.1 frame, 256-bit keys) (BearSSL (arduino-pico)), uplink, 51 B payload + 13 B overhead
#lib wolfSSL 5.9.4
iter,tcp_ms,tls_ms,mqtt_ms,total_ms,hs_tx_B,hs_rx_B,mqtt_tx_B,mqtt_rx_B,hs_writes,hs_reads,writes,reads,free_heap_B,hs_keygen_us,hs_derive_us,hs_verify_us,hs_sign_us,hs_keygen_n,hs_derive_n,hs_verify_n,hs_sign_n
msg,iter,idx,seal_us,rtt_us,open_us,tx_B,rx_B
whole,iter,first_ms,all_ms,msgs
#suite TLS13-AES256-GCM-SHA384
0,5.3990,7704.1540,62.3870,7771.9400,4671,4749,45,6072,4,14,5,20,115956,66368.0,71188.0,4559157.0,2912571.0,2,2,2,1
msg,0,0,1089,5858,1081,112,112
msg,0,1,941,7782,1082,112,112
msg,0,2,943,5590,1065,112,112
msg,0,3,942,5907,1072,112,112
msg,0,4,942,5594,1066,112,112
msg,0,5,939,34651,1083,112,112
msg,0,6,943,6532,1086,112,112
msg,0,7,1094,5707,1083,112,112
msg,0,8,942,5589,1083,112,112
msg,0,9,950,5680,1085,112,112
msg,0,10,937,5653,1082,112,112
msg,0,11,939,5601,1076,112,112
msg,0,12,1095,5652,1079,112,112
msg,0,13,945,6184,1089,112,112
msg,0,14,909,31868,1090,112,112
msg,0,15,937,6791,1084,112,112
msg,0,16,1062,7551,1086,112,112
msg,0,17,911,5587,1084,112,112
msg,0,18,942,6488,1074,112,112
msg,0,19,941,5590,1060,112,112
msg,0,20,938,6253,1084,112,112
msg,0,21,953,6052,1088,112,112
msg,0,22,934,6295,1078,112,112
msg,0,23,1049,33892,1083,112,112
msg,0,24,946,6289,1063,112,112
msg,0,25,939,10162,1659,112,112
msg,0,26,950,5879,1070,112,112
msg,0,27,951,5575,1102,112,112
msg,0,28,953,5896,1200,112,112
msg,0,29,955,6361,1090,112,112
msg,0,30,943,5721,1083,112,112
msg,0,31,941,5607,1085,112,112
msg,0,32,915,39728,1088,112,112
msg,0,33,940,8830,1084,112,112
msg,0,34,911,5763,1080,112,112
msg,0,35,911,6262,1070,112,112
msg,0,36,945,5938,1079,112,112
msg,0,37,943,5562,1058,112,112
msg,0,38,943,5516,1083,112,112
msg,0,39,1056,7449,1085,112,112
msg,0,40,911,31100,1094,112,112
msg,0,41,944,5896,1062,112,112
msg,0,42,939,8867,1074,112,112
msg,0,43,942,6184,1074,112,112
msg,0,44,942,5918,1090,112,112
msg,0,45,940,8861,1088,112,112
msg,0,46,934,5543,1089,112,112
msg,0,47,907,5581,1078,112,112
msg,0,48,1482,34163,1078,112,112
msg,0,49,943,8997,1087,112,112
msg,0,50,943,9001,1089,112,112
msg,0,51,942,5597,1087,112,112
msg,0,52,915,6490,1081,112,112
msg,0,53,947,5794,1086,112,112
msg,0,54,954,6009,1084,112,112
msg,0,55,909,6477,1085,112,112
msg,0,56,955,32740,1076,112,112
msg,0,57,943,10961,1079,112,112
msg,0,58,947,8832,1094,112,112
msg,0,59,940,5657,1085,112,112
msg,0,60,938,5652,1081,112,112
msg,0,61,947,5768,1086,112,112
msg,0,62,943,6012,1090,112,112
msg,0,63,942,7245,1065,112,112
msg,0,64,948,5553,1087,112,112
msg,0,65,943,29222,1083,112,112
msg,0,66,946,6301,1639,112,112
msg,0,67,963,10102,1085,112,112
msg,0,68,948,5553,1197,112,112
msg,0,69,910,14972,1085,112,112
msg,0,70,948,6103,1078,112,112
msg,0,71,936,5626,1068,112,112
msg,0,72,943,7584,1085,112,112
msg,0,73,957,29362,1084,112,112
msg,0,74,941,5892,1088,112,112
msg,0,75,956,8310,1086,112,112
msg,0,76,938,5953,1082,112,112
msg,0,77,1121,5527,1081,112,112
msg,0,78,943,6441,1075,112,112
msg,0,79,945,5546,1099,112,112
msg,0,80,942,6085,1081,112,112
msg,0,81,941,5621,1184,112,112
msg,0,82,954,29209,1085,112,112
msg,0,83,915,6291,1177,112,112
msg,0,84,941,6652,1076,112,112
msg,0,85,937,6023,1081,112,112
msg,0,86,941,5675,1079,112,112
msg,0,87,940,5643,1072,112,112
msg,0,88,944,5660,1065,112,112
msg,0,89,951,5623,1097,112,112
msg,0,90,944,5596,1085,112,112
msg,0,91,935,34083,1063,112,112
msg,0,92,952,6236,1082,112,112
msg,0,93,948,7043,1084,112,112
msg,0,94,936,5523,1088,112,112
msg,0,95,1123,5570,1085,112,112
msg,0,96,943,5548,1080,112,112
msg,0,97,951,5579,1071,112,112
msg,0,98,940,6047,1085,112,112
msg,0,99,940,5572,1080,112,112
msg,0,100,1059,34060,1088,112,112
msg,0,101,944,5628,1085,112,112
msg,0,102,946,7947,1089,112,112
msg,0,103,917,5683,1087,112,112
msg,0,104,941,5560,1076,112,112
msg,0,105,954,5808,1084,112,112
msg,0,106,941,5891,1082,112,112
msg,0,107,940,5551,1086,112,112
msg,0,108,945,5629,1077,112,112
msg,0,109,943,34012,1093,112,112
msg,0,110,957,5722,1089,112,112
msg,0,111,947,7952,1198,112,112
msg,0,112,904,5665,1080,112,112
msg,0,113,932,5929,1089,112,112
msg,0,114,942,5691,1204,112,112
msg,0,115,938,5695,1086,112,112
msg,0,116,933,6568,1082,112,112
msg,0,117,939,6741,1085,112,112
msg,0,118,955,31341,1167,112,112
msg,0,119,944,5748,1070,112,112
msg,0,120,958,7006,1079,112,112
msg,0,121,944,5954,1083,112,112
msg,0,122,947,5613,1079,112,112
msg,0,123,944,6378,1061,112,112
msg,0,124,939,6263,1087,112,112
msg,0,125,940,5778,1083,112,112
msg,0,126,1054,5657,1080,112,112
msg,0,127,947,33661,1081,112,112
msg,0,128,941,8357,1100,112,112
msg,0,129,947,8548,1087,112,112
msg,0,130,933,5593,1085,112,112
msg,0,131,945,5801,1094,112,112
msg,0,132,952,7339,1081,112,112
msg,0,133,943,5570,1072,112,112
msg,0,134,942,6244,1197,112,112
msg,0,135,934,5650,1085,112,112
msg,0,136,911,31978,1085,112,112
msg,0,137,937,5890,1097,112,112
msg,0,138,931,8038,1073,112,112
msg,0,139,937,5677,1062,112,112
msg,0,140,943,6000,1079,112,112
msg,0,141,940,5601,1079,112,112
msg,0,142,942,5521,1103,112,112
msg,0,143,1056,5515,1084,112,112
msg,0,144,941,5607,1085,112,112
msg,0,145,911,33731,1089,112,112
msg,0,146,942,5616,1084,112,112
msg,0,147,1101,9425,1079,112,112
msg,0,148,948,5689,1071,112,112
msg,0,149,1067,5865,1079,112,112
msg,0,150,940,6035,1085,112,112
msg,0,151,912,5791,1084,112,112
msg,0,152,915,5642,1084,112,112
msg,0,153,946,5660,1084,112,112
msg,0,154,1058,34831,1183,112,112
msg,0,155,921,8640,1078,112,112
msg,0,156,938,5920,1087,112,112
msg,0,157,946,5535,1084,112,112
msg,0,158,953,5534,1081,112,112
msg,0,159,950,5663,1071,112,112
msg,0,160,1043,6157,1089,112,112
msg,0,161,910,5678,1082,112,112
msg,0,162,949,5689,1085,112,112
msg,0,163,937,31385,1067,112,112
msg,0,164,943,6827,1060,112,112
msg,0,165,953,7706,1065,112,112
msg,0,166,941,5560,1089,112,112
msg,0,167,943,5507,1084,112,112
msg,0,168,948,5886,1192,112,112
msg,0,169,942,5538,1086,112,112
msg,0,170,940,5907,1085,112,112
msg,0,171,942,5813,1088,112,112
msg,0,172,940,36800,1075,112,112
msg,0,173,950,7389,1086,112,112
msg,0,174,946,6138,1084,112,112
msg,0,175,940,5765,1087,112,112
msg,0,176,944,5686,1082,112,112
msg,0,177,940,5639,1200,112,112
msg,0,178,940,6169,1079,112,112
msg,0,179,934,6097,1080,112,112
msg,0,180,945,33510,1081,112,112
msg,0,181,1110,10177,1082,112,112
msg,0,182,938,6012,1169,112,112
msg,0,183,939,6091,1083,112,112
msg,0,184,946,5578,1086,112,112
msg,0,185,943,5795,1081,112,112
msg,0,186,944,5629,1076,112,112
msg,0,187,942,6988,1081,112,112
msg,0,188,938,6399,1058,112,112
msg,0,189,939,30545,1089,112,112
msg,0,190,942,5772,1085,112,112
msg,0,191,950,9711,1088,112,112
msg,0,192,948,6907,1096,112,112
msg,0,193,935,5529,1198,112,112
msg,0,194,937,6339,1084,112,112
msg,0,195,945,6143,1084,112,112
msg,0,196,937,5830,1257,112,112
msg,0,197,940,34600,1091,112,112
msg,0,198,954,7053,1073,112,112
msg,0,199,954,11888,1080,112,112
whole,0,7786.703,10133.868,200
1,6.4130,7684.4370,80.4670,7771.3170,4671,4749,45,6072,4,14,5,20,115956,66832.0,71060.0,4549911.0,2906943.0,2,2,2,1
msg,1,0,1082,6051,1077,112,112
msg,1,1,952,6051,1083,112,112
msg,1,2,938,5919,1088,112,112
msg,1,3,915,32277,1069,112,112
msg,1,4,940,6720,1066,112,112
msg,1,5,937,7067,1081,112,112
msg,1,6,945,5594,1078,112,112
msg,1,7,944,12815,1074,112,112
msg,1,8,951,5921,1080,112,112
msg,1,9,938,8086,1083,112,112
msg,1,10,907,5569,1084,112,112
msg,1,11,937,32216,1085,112,112
msg,1,12,951,6448,1091,112,112
msg,1,13,934,7376,1070,112,112
msg,1,14,946,6221,1084,112,112
msg,1,15,942,5715,1082,112,112
msg,1,16,940,5659,1085,112,112
msg,1,17,953,5866,1195,112,112
msg,1,18,917,6313,1075,112,112
msg,1,19,954,5585,1062,112,112
msg,1,20,956,32640,1085,112,112
msg,1,21,938,5745,1273,112,112
msg,1,22,942,7640,1089,112,112
msg,1,23,942,5533,1092,112,112
msg,1,24,940,5627,1084,112,112
msg,1,25,944,5749,1083,112,112
msg,1,26,945,6513,1076,112,112
msg,1,27,945,7521,1064,112,112
msg,1,28,940,6538,1073,112,112
msg,1,29,933,33259,1083,112,112
msg,1,30,947,7167,1089,112,112
msg,1,31,940,8076,1060,112,112
msg,1,32,945,5518,1084,112,112
msg,1,33,949,5590,1087,112,112
msg,1,34,944,8446,1086,112,112
msg,1,35,952,9545,1065,112,112
msg,1,36,942,5601,1076,112,112
msg,1,37,945,30920,1062,112,112
msg,1,38,935,6993,1068,112,112
msg,1,39,941,6576,1064,112,112
msg,1,40,954,8449,1085,112,112
msg,1,41,911,5607,1077,112,112
msg,1,42,959,5547,1183,112,112
msg,1,43,993,13433,1081,112,112
msg,1,44,942,5946,1087,112,112
msg,1,45,938,34399,1085,112,112
msg,1,46,947,6489,1096,112,112
msg,1,47,942,9851,1063,112,112
msg,1,48,933,5612,1086,112,112
msg,1,49,943,5502,1089,112,112
msg,1,50,940,5718,1086,112,112
msg,1,51,935,5806,1085,112,112
msg,1,52,943,5831,1077,112,112
msg,1,53,912,36621,1091,112,112
msg,1,54,939,6987,1079,112,112
msg,1,55,911,9882,1096,112,112
msg,1,56,946,5539,1080,112,112
msg,1,57,952,6037,1082,112,112
msg,1,58,1062,9534,1086,112,112
msg,1,59,939,5569,1085,112,112
msg,1,60,1060,5589,1084,112,112
msg,1,61,936,35024,1085,112,112
msg,1,62,945,6374,1081,112,112
msg,1,63,948,11916,1082,112,112
msg,1,64,950,6857,1084,112,112
msg,1,65,916,5623,1086,112,112
msg,1,66,949,5870,1087,112,112
msg,1,67,955,5577,1193,112,112
msg,1,68,940,5650,1079,112,112
msg,1,69,939,5819,1088,112,112
msg,1,70,949,27897,1083,112,112
msg,1,71,943,5729,1090,112,112
msg,1,72,940,7666,1084,112,112
msg,1,73,939,7056,1090,112,112
msg,1,74,945,8592,1080,112,112
msg,1,75,948,6261,1068,112,112
msg,1,76,937,5807,1060,112,112
msg,1,77,938,6290,1088,112,112
msg,1,78,924,5629,1086,112,112
msg,1,79,944,31837,1084,112,112
msg,1,80,947,5620,1200,112,112
msg,1,81,950,7962,1091,112,112
msg,1,82,909,6669,1088,112,112
msg,1,83,1068,7092,1063,112,112
msg,1,84,940,6802,1061,112,112
msg,1,85,937,5928,1077,112,112
msg,1,86,935,5733,1073,112,112
msg,1,87,940,5836,1070,112,112
msg,1,88,946,29267,1088,112,112
msg,1,89,906,5675,1083,112,112
msg,1,90,941,8401,1086,112,112
msg,1,91,955,5624,1174,112,112
msg,1,92,945,6125,1085,112,112
msg,1,93,942,5865,1093,112,112
msg,1,94,940,5794,1079,112,112
msg,1,95,916,5672,1085,112,112
msg,1,96,945,6143,1090,112,112
msg,1,97,947,32232,1089,112,112
msg,1,98,942,5595,1072,112,112
msg,1,99,938,6063,1080,112,112
msg,1,100,951,5721,1198,112,112
msg,1,101,944,5762,1084,112,112
msg,1,102,942,21317,1063,112,112
msg,1,103,940,6399,1191,112,112
msg,1,104,934,53826,1090,112,112
msg,1,105,932,6301,1084,112,112
msg,1,106,947,5915,1085,112,112
msg,1,107,943,8586,1078,112,112
msg,1,108,937,7166,1080,112,112
msg,1,109,945,6758,1090,112,112
msg,1,110,938,32009,1101,112,112
msg,1,111,938,6020,1075,112,112
msg,1,112,959,11625,1062,112,112
msg,1,113,946,6407,1081,112,112
msg,1,114,909,5906,1085,112,112
msg,1,115,933,6306,1084,112,112
msg,1,116,947,7974,1089,112,112
msg,1,117,938,7474,1082,112,112
msg,1,118,942,33142,1188,112,112
msg,1,119,944,6116,1064,112,112
msg,1,120,948,6896,1073,112,112
msg,1,121,945,5981,1084,112,112
msg,1,122,947,5574,1083,112,112
msg,1,123,941,5614,1062,112,112
msg,1,124,940,6088,1077,112,112
msg,1,125,944,5658,1078,112,112
msg,1,126,1070,10671,1077,112,112
msg,1,127,945,31848,1084,112,112
msg,1,128,944,6812,1081,112,112
msg,1,129,945,9156,1084,112,112
msg,1,130,944,5817,1081,112,112
msg,1,131,937,5687,1081,112,112
msg,1,132,937,6482,1077,112,112
msg,1,133,944,6151,1660,112,112
msg,1,134,961,8225,1095,112,112
msg,1,135,943,32051,1076,112,112
msg,1,136,945,6491,1100,112,112
msg,1,137,939,7429,1084,112,112
msg,1,138,908,5755,1087,112,112
msg,1,139,942,10158,1064,112,112
msg,1,140,944,5942,1071,112,112
msg,1,141,937,6045,1181,112,112
msg,1,142,952,5804,1086,112,112
msg,1,143,951,6011,1086,112,112
msg,1,144,931,35073,1062,112,112
msg,1,145,948,8097,1084,112,112
msg,1,146,945,5655,1080,112,112
msg,1,147,951,5592,1168,112,112
msg,1,148,943,6284,1087,112,112
msg,1,149,931,5668,1083,112,112
msg,1,150,914,5850,1088,112,112
msg,1,151,953,6035,1065,112,112
msg,1,152,939,33114,1083,112,112
msg,1,153,1507,5702,1083,112,112
msg,1,154,944,8189,1075,112,112
msg,1,155,948,5784,1079,112,112
msg,1,156,944,5636,1078,112,112
msg,1,157,946,5836,1078,112,112
msg,1,158,947,5696,1181,112,112
msg,1,159,951,5805,1080,112,112
msg,1,160,941,6192,1086,112,112
msg,1,161,934,32483,1084,112,112
msg,1,162,948,5656,1201,112,112
msg,1,163,956,8726,1080,112,112
msg,1,164,940,5866,1086,112,112
msg,1,165,1053,5737,1082,112,112
msg,1,166,944,5863,1089,112,112
msg,1,167,910,5702,1083,112,112
msg,1,168,939,6419,1080,112,112
msg,1,169,945,5821,1254,112,112
msg,1,170,953,32498,1077,112,112
msg,1,171,944,5981,1080,112,112
msg,1,172,939,11128,1083,112,112
msg,1,173,933,5810,1085,112,112
msg,1,174,939,6817,1100,112,112
msg,1,175,949,5807,1105,112,112
msg,1,176,941,6669,1084,112,112
msg,1,177,947,5707,1085,112,112
msg,1,178,1108,6000,1085,112,112
msg,1,179,953,29903,1182,112,112
msg,1,180,946,5900,1089,112,112
msg,1,181,933,9262,1169,112,112
msg,1,182,942,5686,1064,112,112
msg,1,183,949,6565,1090,112,112
msg,1,184,935,6978,1062,112,112
msg,1,185,947,5658,1061,112,112
msg,1,186,946,5671,1084,112,112
msg,1,187,945,35493,1088,112,112
msg,1,188,956,6654,1087,112,112
msg,1,189,910,10497,1084,112,112
msg,1,190,954,5589,1075,112,112
msg,1,191,946,7188,1087,112,112
msg,1,192,1068,7328,1076,112,112
msg,1,193,941,5829,1077,112,112
msg,1,194,949,5632,1075,112,112
msg,1,195,949,34689,1064,112,112
msg,1,196,956,6270,1195,112,112
msg,1,197,912,6961,1287,112,112
msg,1,198,937,6505,1088,112,112
msg,1,199,934,5633,1086,112,112
whole,1,7786.352,10227.223,200
2,4.4030,7685.1780,85.7290,7775.3100,4671,4749,45,6072,4,14,5,20,115956,66271.0,72404.0,4548854.0,2906199.0,2,2,2,1
msg,2,0,1099,6020,1087,112,112
msg,2,1,938,5813,1079,112,112
msg,2,2,939,5723,1080,112,112
msg,2,3,944,32945,1058,112,112
msg,2,4,939,7085,1078,112,112
msg,2,5,940,10751,1082,112,112
msg,2,6,942,6752,1080,112,112
msg,2,7,940,5735,1082,112,112
msg,2,8,947,7008,1078,112,112
msg,2,9,942,5610,1077,112,112
msg,2,10,942,5915,1084,112,112
msg,2,11,946,5744,1084,112,112
msg,2,12,1113,27706,1088,112,112
msg,2,13,1506,6504,1078,112,112
msg,2,14,941,10100,1164,112,112
msg,2,15,948,5697,1074,112,112
msg,2,16,1139,6338,1099,112,112
msg,2,17,937,6997,1074,112,112
msg,2,18,939,6114,1087,112,112
msg,2,19,940,8315,1062,112,112
msg,2,20,945,32548,1086,112,112
msg,2,21,939,6466,1199,112,112
msg,2,22,911,15907,1089,112,112
msg,2,23,946,6230,1079,112,112
msg,2,24,945,5793,1082,112,112
msg,2,25,939,5764,1082,112,112
msg,2,26,944,6257,1087,112,112
msg,2,27,937,6044,1226,112,112
msg,2,28,948,32138,1082,112,112
msg,2,29,938,8286,1068,112,112
msg,2,30,942,7608,1085,112,112
msg,2,31,943,8355,1080,112,112
msg,2,32,939,5762,1084,112,112
msg,2,33,955,6931,1093,112,112
msg,2,34,916,5681,1086,112,112
msg,2,35,938,5631,1084,112,112
msg,2,36,1120,5637,1085,112,112
msg,2,37,943,30289,1064,112,112
msg,2,38,1046,5767,1064,112,112
msg,2,39,934,9868,1071,112,112
msg,2,40,947,5886,1085,112,112
msg,2,41,940,5584,1083,112,112
msg,2,42,939,6437,1087,112,112
msg,2,43,948,5667,1075,112,112
msg,2,44,931,5835,1232,112,112
msg,2,45,939,5976,1073,112,112
msg,2,46,940,31813,1077,112,112
msg,2,47,947,8100,1088,112,112
msg,2,48,946,6225,1063,112,112
msg,2,49,944,5799,1065,112,112
msg,2,50,946,5770,1063,112,112
msg,2,51,946,6392,1087,112,112
msg,2,52,909,5678,1086,112,112
msg,2,53,940,5858,1081,112,112
msg,2,54,912,6432,1082,112,112
msg,2,55,944,31714,1071,112,112
msg,2,56,945,6446,1082,112,112
msg,2,57,942,7873,1063,112,112
msg,2,58,941,5552,1081,112,112
msg,2,59,939,5749,1191,112,112
msg,2,60,937,5650,1079,112,112
msg,2,61,934,5636,1087,112,112
msg,2,62,909,7356,1080,112,112
msg,2,63,944,5585,1065,112,112
msg,2,64,937,41076,1080,112,112
msg,2,65,958,7829,1086,112,112
msg,2,66,941,5638,1080,112,112
msg,2,67,945,6199,1088,112,112
msg,2,68,911,5776,1087,112,112
msg,2,69,912,5679,1261,112,112
msg,2,70,946,5725,1084,112,112
msg,2,71,932,5727,1086,112,112
msg,2,72,935,30430,1076,112,112
msg,2,73,945,6050,1080,112,112
msg,2,74,909,8320,1077,112,112
msg,2,75,954,7383,1088,112,112
msg,2,76,940,5600,1089,112,112
msg,2,77,921,6873,1088,112,112
msg,2,78,937,5558,1083,112,112
msg,2,79,946,5587,1083,112,112
msg,2,80,942,5572,1078,112,112
msg,2,81,945,31023,1075,112,112
msg,2,82,943,5619,1085,112,112
msg,2,83,1057,9475,1062,112,112
msg,2,84,941,6552,1205,112,112
msg,2,85,939,5724,1094,112,112
msg,2,86,940,6516,1084,112,112
msg,2,87,934,5614,1086,112,112
msg,2,88,938,5587,1087,112,112
msg,2,89,937,5570,1179,112,112
msg,2,90,941,30953,1082,112,112
msg,2,91,952,5709,1081,112,112
msg,2,92,933,11019,1091,112,112
msg,2,93,952,5608,1085,112,112
msg,2,94,948,5696,1083,112,112
msg,2,95,948,5623,1085,112,112
msg,2,96,1117,5594,1083,112,112
msg,2,97,945,5611,1070,112,112
msg,2,98,945,5722,1069,112,112
msg,2,99,935,31247,1092,112,112
msg,2,100,943,8248,1063,112,112
msg,2,101,938,8338,1084,112,112
msg,2,102,941,6082,1082,112,112
msg,2,103,941,5629,1088,112,112
msg,2,104,936,5698,1090,112,112
msg,2,105,941,5922,1098,112,112
msg,2,106,938,5592,1088,112,112
msg,2,107,945,5776,1081,112,112
msg,2,108,948,29687,1084,112,112
msg,2,109,910,6520,1082,112,112
msg,2,110,945,8140,1087,112,112
msg,2,111,936,9994,1069,112,112
msg,2,112,942,5674,1097,112,112
msg,2,113,943,5852,1064,112,112
msg,2,114,939,6101,1086,112,112
msg,2,115,948,5669,1080,112,112
msg,2,116,940,33845,1080,112,112
msg,2,117,951,5848,1077,112,112
msg,2,118,944,7396,1061,112,112
msg,2,119,947,5727,1102,112,112
msg,2,120,946,5690,1094,112,112
msg,2,121,942,5533,1248,112,112
msg,2,122,940,9078,1072,112,112
msg,2,123,939,8690,1070,112,112
msg,2,124,947,5731,1063,112,112
msg,2,125,950,30426,1081,112,112
msg,2,126,915,5913,1084,112,112
msg,2,127,940,8536,1086,112,112
msg,2,128,944,6526,1081,112,112
msg,2,129,945,6001,1085,112,112
msg,2,130,964,10242,1080,112,112
msg,2,131,942,5859,1189,112,112
msg,2,132,954,6418,1063,112,112
msg,2,133,939,31174,1089,112,112
msg,2,134,960,5679,1081,112,112
msg,2,135,945,5567,1073,112,112
msg,2,136,954,5927,1085,112,112
msg,2,137,941,5637,1077,112,112
msg,2,138,954,11562,1061,112,112
msg,2,139,947,5957,1077,112,112
msg,2,140,938,5617,1062,112,112
msg,2,141,952,5531,1085,112,112
msg,2,142,939,33853,1079,112,112
msg,2,143,938,6489,1083,112,112
msg,2,144,939,8859,1083,112,112
msg,2,145,917,5687,1080,112,112
msg,2,146,938,5960,1085,112,112
msg,2,147,936,7543,1087,112,112
msg,2,148,945,6496,1084,112,112
msg,2,149,949,5580,1061,112,112
msg,2,150,948,34415,1091,112,112
msg,2,151,935,5644,1084,112,112
msg,2,152,910,8594,1082,112,112
msg,2,153,939,5623,1078,112,112
msg,2,154,962,5699,1082,112,112
msg,2,155,946,6005,1087,112,112
msg,2,156,944,9821,1082,112,112
msg,2,157,937,6480,1075,112,112
msg,2,158,942,6928,1070,112,112
msg,2,159,951,30017,1079,112,112
msg,2,160,944,6174,1070,112,112
msg,2,161,943,7946,1073,112,112
msg,2,162,939,7624,1056,112,112
msg,2,163,949,5530,1091,112,112
msg,2,164,930,5849,1082,112,112
msg,2,165,939,5619,1088,112,112
msg,2,166,935,5937,1092,112,112
msg,2,167,936,7123,1088,112,112
msg,2,168,939,30974,1089,112,112
msg,2,169,943,5790,1087,112,112
msg,2,170,937,8581,1080,112,112
msg,2,171,943,5758,1078,112,112
msg,2,172,944,5601,1068,112,112
msg,2,173,940,5556,1082,112,112
msg,2,174,957,5557,1083,112,112
msg,2,175,942,6649,1089,112,112
msg,2,176,938,35974,1105,112,112
msg,2,177,944,7072,1075,112,112
msg,2,178,959,6756,1076,112,112
msg,2,179,943,6494,1095,112,112
msg,2,180,942,5619,1084,112,112
msg,2,181,932,5664,1090,112,112
msg,2,182,946,5627,1082,112,112
msg,2,183,913,6386,1083,112,112
msg,2,184,943,7938,1084,112,112
msg,2,185,942,33178,1206,112,112
msg,2,186,943,5608,1085,112,112
msg,2,187,936,9264,1249,112,112
msg,2,188,952,7196,1084,112,112
msg,2,189,939,5616,1085,112,112
msg,2,190,937,7135,1074,112,112
msg,2,191,946,6059,1084,112,112
msg,2,192,946,5565,1078,112,112
msg,2,193,950,5541,1063,112,112
msg,2,194,940,27402,1188,112,112
msg,2,195,915,5703,1086,112,112
msg,2,196,938,7844,1090,112,112
msg,2,197,1116,6026,1072,112,112
msg,2,198,941,5726,1057,112,112
msg,2,199,936,5566,1096,112,112
whole,2,7790.241,10138.517,200
#heap 28559
#stack 51496
#end
#block pipeline mTLS lorawan11_256 down
#aead AES-256-CTR+2xCMAC (LoRaWAN 1.1 frame, 256-bit keys) (BearSSL (arduino-pico)), downlink, 51 B payload + 13 B overhead
#lib wolfSSL 5.9.4
iter,tcp_ms,tls_ms,mqtt_ms,total_ms,hs_tx_B,hs_rx_B,mqtt_tx_B,mqtt_rx_B,hs_writes,hs_reads,writes,reads,free_heap_B,hs_keygen_us,hs_derive_us,hs_verify_us,hs_sign_us,hs_keygen_n,hs_derive_n,hs_verify_n,hs_sign_n
msg,iter,idx,seal_us,rtt_us,open_us,tx_B,rx_B
whole,iter,first_ms,all_ms,msgs
#suite TLS13-AES256-GCM-SHA384
0,4.4850,7754.6520,161.9420,7921.0790,4671,4749,45,6072,4,14,5,20,115956,66230.0,71276.0,4571650.0,2913200.0,2,2,2,1
msg,0,0,732,8368,731,112,112
msg,0,1,588,5783,725,112,112
msg,0,2,596,8267,725,112,112
msg,0,3,582,32330,728,112,112
msg,0,4,553,5767,725,112,112
msg,0,5,587,9716,729,112,112
msg,0,6,590,6612,690,112,112
msg,0,7,590,5636,689,112,112
msg,0,8,558,9337,729,112,112
msg,0,9,590,6257,725,112,112
msg,0,10,586,6232,724,112,112
msg,0,11,586,5596,725,112,112
msg,0,12,597,34159,688,112,112
msg,0,13,557,5836,726,112,112
msg,0,14,583,11423,728,112,112
msg,0,15,580,23237,693,112,112
msg,0,16,722,6279,691,112,112
msg,0,17,556,5849,727,112,112
msg,0,18,588,5864,723,112,112
msg,0,19,585,30847,690,112,112
msg,0,20,562,6176,721,112,112
msg,0,21,591,9246,725,112,112
msg,0,22,589,6564,729,112,112
msg,0,23,584,5917,693,112,112
msg,0,24,557,5722,728,112,112
msg,0,25,582,5672,725,112,112
msg,0,26,585,5608,729,112,112
msg,0,27,593,5944,689,112,112
msg,0,28,569,34456,693,112,112
msg,0,29,564,5998,730,112,112
msg,0,30,593,5997,691,112,112
msg,0,31,554,7209,721,112,112
msg,0,32,588,5968,732,112,112
msg,0,33,561,5589,726,112,112
msg,0,34,581,6542,837,112,112
msg,0,35,590,7034,689,112,112
msg,0,36,552,7349,691,112,112
msg,0,37,549,6957,731,112,112
msg,0,38,623,30723,731,112,112
msg,0,39,664,6638,728,112,112
msg,0,40,602,8676,725,112,112
msg,0,41,585,6048,727,112,112
msg,0,42,556,8065,723,112,112
msg,0,43,590,7360,726,112,112
msg,0,44,590,7493,733,112,112
msg,0,45,587,7149,725,112,112
msg,0,46,588,71509,727,112,112
msg,0,47,582,7056,692,112,112
msg,0,48,555,7171,727,112,112
msg,0,49,601,5967,824,112,112
msg,0,50,553,7239,690,112,112
msg,0,51,574,33796,692,112,112
msg,0,52,556,7168,729,112,112
msg,0,53,582,8091,732,112,112
msg,0,54,588,6010,689,112,112
msg,0,55,555,8383,881,112,112
msg,0,56,562,9329,725,112,112
msg,0,57,590,6321,731,112,112
msg,0,58,696,13099,730,112,112
msg,0,59,588,27475,723,112,112
msg,0,60,588,6322,723,112,112
msg,0,61,565,9342,687,112,112
msg,0,62,553,5968,732,112,112
msg,0,63,593,6727,725,112,112
msg,0,64,592,7435,724,112,112
msg,0,65,584,7335,732,112,112
msg,0,66,592,6412,728,112,112
msg,0,67,587,5815,722,112,112
msg,0,68,599,32997,725,112,112
msg,0,69,592,6021,692,112,112
msg,0,70,589,5604,795,112,112
msg,0,71,549,7074,731,112,112
msg,0,72,586,6591,723,112,112
msg,0,73,589,5524,728,112,112
msg,0,74,586,7120,726,112,112
msg,0,75,586,5722,842,112,112
msg,0,76,588,6980,737,112,112
msg,0,77,592,8454,733,112,112
msg,0,78,749,30466,730,112,112
msg,0,79,587,5645,731,112,112
msg,0,80,599,9800,685,112,112
msg,0,81,549,5555,687,112,112
msg,0,82,570,5643,691,112,112
msg,0,83,556,5666,723,112,112
msg,0,84,550,5585,726,112,112
msg,0,85,588,7202,689,112,112
msg,0,86,561,5615,721,112,112
msg,0,87,555,33997,726,112,112
msg,0,88,600,6448,727,112,112
msg,0,89,602,6517,732,112,112
msg,0,90,576,6460,732,112,112
msg,0,91,581,5590,731,112,112
msg,0,92,588,5523,721,112,112
msg,0,93,586,5631,692,112,112
msg,0,94,562,5645,688,112,112
msg,0,95,560,6218,727,112,112
msg,0,96,594,5681,692,112,112
msg,0,97,556,33797,727,112,112
msg,0,98,552,5941,732,112,112
msg,0,99,604,6131,732,112,112
msg,0,100,590,6222,690,112,112
msg,0,101,666,5635,725,112,112
msg,0,102,586,5620,727,112,112
msg,0,103,585,5716,728,112,112
msg,0,104,584,6119,722,112,112
msg,0,105,594,6378,724,112,112
msg,0,106,552,6007,722,112,112
msg,0,107,585,32953,722,112,112
msg,0,108,555,6229,691,112,112
msg,0,109,548,6572,690,112,112
msg,0,110,568,6256,727,112,112
msg,0,111,701,5881,730,112,112
msg,0,112,554,6195,690,112,112
msg,0,113,554,8055,727,112,112
msg,0,114,582,5661,730,112,112
msg,0,115,589,5728,690,112,112
msg,0,116,734,6663,719,112,112
msg,0,117,554,35424,691,112,112
msg,0,118,553,6696,734,112,112
msg,0,119,553,7382,733,112,112
msg,0,120,549,5726,730,112,112
msg,0,121,591,5964,692,112,112
msg,0,122,558,6011,726,112,112
msg,0,123,590,5747,737,112,112
msg,0,124,599,6555,731,112,112
msg,0,125,741,5861,727,112,112
msg,0,126,586,31680,827,112,112
msg,0,127,587,8862,686,112,112
msg,0,128,556,11227,728,112,112
msg,0,129,585,5536,725,112,112
msg,0,130,588,7617,690,112,112
msg,0,131,574,7507,688,112,112
msg,0,132,556,5658,694,112,112
msg,0,133,567,5951,726,112,112
msg,0,134,584,6457,728,112,112
msg,0,135,593,32684,724,112,112
msg,0,136,605,6363,729,112,112
msg,0,137,590,9442,728,112,112
msg,0,138,588,7001,691,112,112
msg,0,139,556,5903,730,112,112
msg,0,140,588,5586,730,112,112
msg,0,141,592,5731,691,112,112
msg,0,142,553,5696,691,112,112
msg,0,143,559,6483,691,112,112
msg,0,144,570,32769,728,112,112
msg,0,145,565,11545,725,112,112
msg,0,146,588,10513,726,112,112
msg,0,147,585,5527,735,112,112
msg,0,148,587,5965,691,112,112
msg,0,149,557,5828,725,112,112
msg,0,150,553,8585,725,112,112
msg,0,151,588,7220,690,112,112
msg,0,152,567,5872,731,112,112
msg,0,153,584,30416,725,112,112
msg,0,154,585,5705,731,112,112
msg,0,155,592,10452,730,112,112
msg,0,156,585,5989,694,112,112
msg,0,157,559,6225,726,112,112
msg,0,158,585,6189,729,112,112
msg,0,159,589,5973,693,112,112
msg,0,160,555,5800,726,112,112
msg,0,161,592,6686,727,112,112
msg,0,162,589,31635,727,112,112
msg,0,163,598,6450,729,112,112
msg,0,164,585,8385,730,112,112
msg,0,165,588,5605,728,112,112
msg,0,166,584,5967,727,112,112
msg,0,167,551,6672,737,112,112
msg,0,168,598,5514,729,112,112
msg,0,169,590,5548,731,112,112
msg,0,170,583,7309,727,112,112
msg,0,171,592,5864,728,112,112
msg,0,172,593,32424,724,112,112
msg,0,173,591,7820,693,112,112
msg,0,174,553,10648,718,112,112
msg,0,175,556,5740,721,112,112
msg,0,176,588,6710,727,112,112
msg,0,177,591,8031,727,112,112
msg,0,178,556,5989,730,112,112
msg,0,179,585,5822,691,112,112
msg,0,180,560,7400,689,112,112
msg,0,181,552,31225,731,112,112
msg,0,182,586,5555,732,112,112
msg,0,183,589,10226,727,112,112
msg,0,184,585,7341,722,112,112
msg,0,185,568,5638,726,112,112
msg,0,186,580,6191,690,112,112
msg,0,187,560,5568,722,112,112
msg,0,188,546,6287,690,112,112
msg,0,189,558,5953,730,112,112
msg,0,190,589,17275,727,112,112
msg,0,191,558,17195,693,112,112
msg,0,192,593,5541,691,112,112
msg,0,193,555,6393,726,112,112
msg,0,194,595,5951,727,112,112
msg,0,195,569,6305,688,112,112
msg,0,196,556,7048,882,112,112
msg,0,197,584,5574,695,112,112
msg,0,198,590,5919,728,112,112
msg,0,199,556,6279,691,112,112
whole,0,7937.704,10201.182,200
1,11.5650,7706.8930,103.0220,7821.4800,4671,4749,45,6072,4,14,5,20,115956,66257.0,72365.0,4546982.0,2909841.0,2,2,2,1
msg,1,0,705,6118,733,112,112
msg,1,1,592,7150,728,112,112
msg,1,2,588,6394,724,112,112
msg,1,3,554,31773,732,112,112
msg,1,4,587,7750,721,112,112
msg,1,5,590,6950,723,112,112
msg,1,6,550,6066,723,112,112
msg,1,7,593,5720,690,112,112
msg,1,8,558,5682,727,112,112
msg,1,9,554,6465,724,112,112
msg,1,10,554,6217,690,112,112
msg,1,11,720,5987,730,112,112
msg,1,12,594,5547,731,112,112
msg,1,13,603,34086,721,112,112
msg,1,14,553,5898,728,112,112
msg,1,15,587,10594,726,112,112
msg,1,16,589,7362,725,112,112
msg,1,17,592,5714,691,112,112
msg,1,18,591,8153,726,112,112
msg,1,19,582,5852,687,112,112
msg,1,20,557,6327,728,112,112
msg,1,21,588,5490,725,112,112
msg,1,22,592,29551,727,112,112
msg,1,23,594,6127,728,112,112
msg,1,24,588,12324,728,112,112
msg,1,25,549,5623,725,112,112
msg,1,26,586,6166,689,112,112
msg,1,27,561,5996,741,112,112
msg,1,28,587,6114,714,112,112
msg,1,29,563,7876,730,112,112
msg,1,30,595,5505,726,112,112
msg,1,31,594,32484,728,112,112
msg,1,32,586,6081,728,112,112
msg,1,33,556,5930,728,112,112
msg,1,34,587,6537,724,112,112
msg,1,35,586,6209,727,112,112
msg,1,36,586,5644,728,112,112
msg,1,37,591,6271,726,112,112
msg,1,38,584,5685,725,112,112
msg,1,39,587,6531,726,112,112
msg,1,40,582,5443,842,112,112
msg,1,41,589,31695,686,112,112
msg,1,42,561,9691,692,112,112
msg,1,43,556,11762,724,112,112
msg,1,44,596,6266,724,112,112
msg,1,45,552,5642,725,112,112
msg,1,46,558,5603,896,112,112
msg,1,47,593,5447,728,112,112
msg,1,48,588,6104,722,112,112
msg,1,49,562,6814,725,112,112
msg,1,50,603,36464,728,112,112
msg,1,51,595,7603,723,112,112
msg,1,52,583,7939,690,112,112
msg,1,53,571,6038,720,112,112
msg,1,54,588,5688,687,112,112
msg,1,55,558,6251,730,112,112
msg,1,56,596,6093,727,112,112
msg,1,57,550,7980,837,112,112
msg,1,58,558,7409,727,112,112
msg,1,59,584,30063,713,112,112
msg,1,60,585,7362,721,112,112
msg,1,61,550,12074,722,112,112
msg,1,62,587,5825,690,112,112
msg,1,63,559,6255,691,112,112
msg,1,64,593,5961,729,112,112
msg,1,65,592,6024,687,112,112
msg,1,66,582,6026,728,112,112
msg,1,67,597,38245,688,112,112
msg,1,68,558,8891,724,112,112
msg,1,69,601,11278,727,112,112
msg,1,70,587,6910,734,112,112
msg,1,71,587,7167,730,112,112
msg,1,72,581,5666,729,112,112
msg,1,73,589,5499,725,112,112
msg,1,74,593,5495,725,112,112
msg,1,75,587,6035,728,112,112
msg,1,76,556,35818,736,112,112
msg,1,77,589,6094,723,112,112
msg,1,78,550,9486,688,112,112
msg,1,79,558,5959,731,112,112
msg,1,80,587,9263,727,112,112
msg,1,81,588,5641,725,112,112
msg,1,82,594,5544,730,112,112
msg,1,83,705,7142,729,112,112
msg,1,84,593,6104,688,112,112
msg,1,85,554,31636,723,112,112
msg,1,86,557,6137,725,112,112
msg,1,87,579,10636,689,112,112
msg,1,88,556,9790,893,112,112
msg,1,89,600,9219,694,112,112
msg,1,90,561,5809,727,112,112
msg,1,91,587,6665,733,112,112
msg,1,92,583,5970,688,112,112
msg,1,93,559,31881,734,112,112
msg,1,94,590,7489,725,112,112
msg,1,95,587,6432,738,112,112
msg,1,96,587,6606,732,112,112
msg,1,97,604,9950,688,112,112
msg,1,98,555,6083,724,112,112
msg,1,99,584,5789,693,112,112
msg,1,100,664,5689,732,112,112
msg,1,101,565,5661,730,112,112
msg,1,102,585,5827,721,112,112
msg,1,103,589,36176,731,112,112
msg,1,104,697,8859,686,112,112
msg,1,105,558,5762,717,112,112
msg,1,106,562,10503,720,112,112
msg,1,107,552,6163,729,112,112
msg,1,108,591,5696,689,112,112
msg,1,109,562,5732,726,112,112
msg,1,110,552,5849,732,112,112
msg,1,111,592,31645,726,112,112
msg,1,112,585,5995,732,112,112
msg,1,113,700,6022,690,112,112
msg,1,114,560,7055,736,112,112
msg,1,115,587,6713,728,112,112
msg,1,116,589,7130,735,112,112
msg,1,117,589,6580,729,112,112
msg,1,118,588,5532,729,112,112
msg,1,119,584,5858,688,112,112
msg,1,120,554,5926,729,112,112
msg,1,121,587,30853,729,112,112
msg,1,122,591,7243,732,112,112
msg,1,123,589,11552,728,112,112
msg,1,124,581,5542,722,112,112
msg,1,125,599,5532,726,112,112
msg,1,126,591,5865,694,112,112
msg,1,127,678,5897,731,112,112
msg,1,128,591,5514,726,112,112
msg,1,129,591,5795,691,112,112
msg,1,130,562,34799,730,112,112
msg,1,131,553,6595,729,112,112
msg,1,132,580,6050,691,112,112
msg,1,133,583,6609,689,112,112
msg,1,134,553,6598,690,112,112
msg,1,135,552,5563,687,112,112
msg,1,136,557,6497,692,112,112
msg,1,137,556,5751,723,112,112
msg,1,138,549,9384,690,112,112
msg,1,139,564,5847,728,112,112
msg,1,140,600,31254,722,112,112
msg,1,141,559,8416,725,112,112
msg,1,142,559,9216,691,112,112
msg,1,143,586,6265,723,112,112
msg,1,144,598,5573,730,112,112
msg,1,145,721,5947,725,112,112
msg,1,146,582,6506,728,112,112
msg,1,147,582,5699,726,112,112
msg,1,148,592,6221,726,112,112
msg,1,149,585,34366,726,112,112
msg,1,150,561,6189,692,112,112
msg,1,151,581,9997,726,112,112
msg,1,152,587,5836,724,112,112
msg,1,153,586,5768,810,112,112
msg,1,154,565,6207,725,112,112
msg,1,155,583,5580,691,112,112
msg,1,156,554,6523,691,112,112
msg,1,157,552,5864,716,112,112
msg,1,158,558,18582,731,112,112
msg,1,159,592,14869,728,112,112
msg,1,160,582,5908,696,112,112
msg,1,161,555,5673,730,112,112
msg,1,162,580,6481,725,112,112
msg,1,163,580,8003,729,112,112
msg,1,164,699,8791,728,112,112
msg,1,165,557,7817,731,112,112
msg,1,166,600,6598,722,112,112
msg,1,167,594,5848,691,112,112
msg,1,168,557,34354,691,112,112
msg,1,169,563,6423,719,112,112
msg,1,170,603,10308,737,112,112
msg,1,171,590,7340,727,112,112
msg,1,172,698,5546,729,112,112
msg,1,173,593,7213,728,112,112
msg,1,174,587,6678,732,112,112
msg,1,175,581,5855,688,112,112
msg,1,176,556,7144,732,112,112
msg,1,177,596,31520,722,112,112
msg,1,178,590,6135,711,112,112
msg,1,179,585,6808,724,112,112
msg,1,180,592,5527,729,112,112
msg,1,181,588,5576,690,112,112
msg,1,182,559,6522,686,112,112
msg,1,183,551,7069,838,112,112
msg,1,184,1074,6880,728,112,112
msg,1,185,588,5566,733,112,112
msg,1,186,598,19820,690,112,112
msg,1,187,557,15437,724,112,112
msg,1,188,593,5864,725,112,112
msg,1,189,561,5801,729,112,112
msg,1,190,589,5849,691,112,112
msg,1,191,559,5915,723,112,112
msg,1,192,591,5790,729,112,112
msg,1,193,583,15199,722,112,112
msg,1,194,600,6152,690,112,112
msg,1,195,552,6188,729,112,112
msg,1,196,584,32367,725,112,112
msg,1,197,582,5593,730,112,112
msg,1,198,590,8266,721,112,112
msg,1,199,591,5964,693,112,112
whole,1,7836.046,10064.979,200
2,4.3730,7700.4380,82.8300,7787.6410,4671,4749,45,6072,4,14,5,20,115956,66514.0,71135.0,4557618.0,2913652.0,2,2,2,1
msg,2,0,740,5705,688,112,112
msg,2,1,555,6273,729,112,112
msg,2,2,580,8304,724,112,112
msg,2,3,587,32823,725,112,112
msg,2,4,583,6085,727,112,112
msg,2,5,585,10604,731,112,112
msg,2,6,597,7977,691,112,112
msg,2,7,555,5793,730,112,112
msg,2,8,697,6946,688,112,112
msg,2,9,559,5723,687,112,112
msg,2,10,557,7464,690,112,112
msg,2,11,569,5868,729,112,112
msg,2,12,593,32140,693,112,112
msg,2,13,561,5831,728,112,112
msg,2,14,586,9710,729,112,112
msg,2,15,581,5820,688,112,112
msg,2,16,555,5721,726,112,112
msg,2,17,554,5858,726,112,112
msg,2,18,596,5629,732,112,112
msg,2,19,593,5805,691,112,112
msg,2,20,557,5941,730,112,112
msg,2,21,590,34262,722,112,112
msg,2,22,550,6285,1260,112,112
msg,2,23,616,5835,846,112,112
msg,2,24,560,7943,726,112,112
msg,2,25,602,5504,730,112,112
msg,2,26,593,6147,723,112,112
msg,2,27,564,5608,729,112,112
msg,2,28,588,6550,728,112,112
msg,2,29,596,6717,729,112,112
msg,2,30,582,5702,691,112,112
msg,2,31,563,30082,728,112,112
msg,2,32,580,6994,688,112,112
msg,2,33,558,12752,724,112,112
msg,2,34,554,5968,724,112,112
msg,2,35,592,6898,729,112,112
msg,2,36,549,5776,732,112,112
msg,2,37,592,6725,725,112,112
msg,2,38,595,5565,723,112,112
msg,2,39,592,5975,730,112,112
msg,2,40,599,34573,728,112,112
msg,2,41,591,11882,727,112,112
msg,2,42,600,9800,695,112,112
msg,2,43,558,6115,726,112,112
msg,2,44,588,5729,691,112,112
msg,2,45,557,5772,730,112,112
msg,2,46,594,5590,734,112,112
msg,2,47,587,5544,729,112,112
msg,2,48,584,6086,722,112,112
msg,2,49,553,30872,728,112,112
msg,2,50,581,6227,726,112,112
msg,2,51,553,8385,691,112,112
msg,2,52,553,5708,722,112,112
msg,2,53,553,8247,687,112,112
msg,2,54,560,5816,726,112,112
msg,2,55,589,6150,690,112,112
msg,2,56,557,5952,726,112,112
msg,2,57,591,8697,725,112,112
msg,2,58,603,34346,723,112,112
msg,2,59,588,6752,728,112,112
msg,2,60,585,9318,734,112,112
msg,2,61,583,5613,724,112,112
msg,2,62,588,6256,727,112,112
msg,2,63,593,5520,733,112,112
msg,2,64,586,5952,691,112,112
msg,2,65,559,5518,689,112,112
msg,2,66,554,5733,716,112,112
msg,2,67,560,33704,732,112,112
msg,2,68,590,6679,730,112,112
msg,2,69,593,5819,687,112,112
msg,2,70,557,8801,730,112,112
msg,2,71,561,7483,726,112,112
msg,2,72,556,5777,726,112,112
msg,2,73,591,5726,728,112,112
msg,2,74,592,5580,689,112,112
msg,2,75,557,7008,718,112,112
msg,2,76,590,5781,724,112,112
msg,2,77,590,31741,691,112,112
msg,2,78,558,11885,728,112,112
msg,2,79,582,8185,691,112,112
msg,2,80,555,5831,725,112,112
msg,2,81,580,5622,728,112,112
msg,2,82,701,6126,720,112,112
msg,2,83,553,5861,727,112,112
msg,2,84,600,7076,722,112,112
msg,2,85,556,5540,720,112,112
msg,2,86,553,31407,687,112,112
msg,2,87,549,6655,725,112,112
msg,2,88,554,6687,730,112,112
msg,2,89,703,8279,726,112,112
msg,2,90,556,6363,723,112,112
msg,2,91,557,5504,692,112,112
msg,2,92,550,6173,726,112,112
msg,2,93,583,6043,858,112,112
msg,2,94,584,7152,721,112,112
msg,2,95,559,32400,686,112,112
msg,2,96,562,10634,722,112,112
msg,2,97,558,10121,726,112,112
msg,2,98,579,5642,691,112,112
msg,2,99,549,5705,689,112,112
msg,2,100,558,5611,725,112,112
msg,2,101,562,5570,731,112,112
msg,2,102,553,6164,690,112,112
msg,2,103,568,5591,694,112,112
msg,2,104,557,33480,688,112,112
msg,2,105,549,6386,730,112,112
msg,2,106,591,5537,782,112,112
msg,2,107,556,7482,692,112,112
msg,2,108,554,7550,690,112,112
msg,2,109,556,8742,723,112,112
msg,2,110,555,5949,730,112,112
msg,2,111,587,10361,725,112,112
msg,2,112,585,6202,721,112,112
msg,2,113,559,33619,737,112,112
msg,2,114,555,6146,692,112,112
msg,2,115,560,9669,690,112,112
msg,2,116,561,5633,721,112,112
msg,2,117,559,7603,724,112,112
msg,2,118,553,5545,725,112,112
msg,2,119,586,6178,692,112,112
msg,2,120,552,5557,692,112,112
msg,2,121,563,5988,730,112,112
msg,2,122,593,23121,717,112,112
msg,2,123,560,11124,724,112,112
msg,2,124,598,5817,687,112,112
msg,2,125,557,5651,721,112,112
msg,2,126,555,6759,732,112,112
msg,2,127,586,5903,694,112,112
msg,2,128,560,10000,722,112,112
msg,2,129,603,7598,728,112,112
msg,2,130,593,47879,692,112,112
msg,2,131,553,24936,825,112,112
msg,2,132,601,10726,732,112,112
msg,2,133,588,6539,724,112,112
msg,2,134,587,6212,727,112,112
msg,2,135,590,7269,726,112,112
msg,2,136,558,6092,689,112,112
msg,2,137,599,28822,688,112,112
msg,2,138,556,6461,691,112,112
msg,2,139,557,13474,690,112,112
msg,2,140,551,6359,690,112,112
msg,2,141,587,7153,728,112,112
msg,2,142,589,6396,726,112,112
msg,2,143,605,5967,691,112,112
msg,2,144,553,9578,693,112,112
msg,2,145,551,5660,691,112,112
msg,2,146,557,30634,722,112,112
msg,2,147,555,5927,725,112,112
msg,2,148,591,10779,688,112,112
msg,2,149,559,8073,728,112,112
msg,2,150,585,32582,728,112,112
msg,2,151,584,19032,698,112,112
msg,2,152,564,23026,726,112,112
msg,2,153,587,6441,730,112,112
msg,2,154,591,8528,729,112,112
msg,2,155,583,8253,730,112,112
msg,2,156,592,6118,687,112,112
msg,2,157,550,6599,693,112,112
msg,2,158,557,8351,685,112,112
msg,2,159,551,7155,728,112,112
msg,2,160,591,31807,689,112,112
msg,2,161,587,6051,733,112,112
msg,2,162,594,10476,728,112,112
msg,2,163,592,6765,726,112,112
msg,2,164,587,5965,733,112,112
msg,2,165,570,8455,725,112,112
msg,2,166,564,8710,726,112,112
msg,2,167,585,5720,728,112,112
msg,2,168,590,34186,731,112,112
msg,2,169,591,9449,722,112,112
msg,2,170,552,8301,690,112,112
msg,2,171,558,6560,695,112,112
msg,2,172,556,9433,690,112,112
msg,2,173,549,7889,725,112,112
msg,2,174,585,6453,724,112,112
msg,2,175,583,5713,725,112,112
msg,2,176,597,5527,730,112,112
msg,2,177,587,32955,687,112,112
msg,2,178,557,5780,727,112,112
msg,2,179,593,10675,730,112,112
msg,2,180,591,8866,690,112,112
msg,2,181,556,6450,689,112,112
msg,2,182,556,5587,689,112,112
msg,2,183,564,5759,720,112,112
msg,2,184,555,7172,686,112,112
msg,2,185,564,6218,898,112,112
msg,2,186,589,31183,731,112,112
msg,2,187,592,6295,723,112,112
msg,2,188,549,11190,691,112,112
msg,2,189,557,6897,722,112,112
msg,2,190,588,9509,725,112,112
msg,2,191,585,5632,834,112,112
msg,2,192,585,8293,727,112,112
msg,2,193,583,6789,728,112,112
msg,2,194,587,32371,732,112,112
msg,2,195,599,6059,830,112,112
msg,2,196,581,5602,728,112,112
msg,2,197,585,5762,726,112,112
msg,2,198,585,7979,720,112,112
msg,2,199,555,5559,726,112,112
whole,2,7801.437,10142.754,200
#heap 28559
#stack 51496
#end
=== done ===
