=== MQTT / TLS 1.3 / mTLS, SNOVA1S certificates, X25519MLKEM768 (wolfSSL 5.9.4) on RP2040 ===
CPU clock: 200 MHz
#config iterations=50 warmup=5 pipe_iterations=3 messages=200 payload_B=51 schemes=2 sweep_iterations=20 sweep_warmup=2 groups=13 kex_iterations=50 kex_warmup=2 blocks=15
#kat LoRaWAN / AES-CMAC / Ascon known-answer checks: OK
#wifi rssi=-20 dBm channel=10 ip=192.168.50.235 broker=192.168.50.132
#block connect plain
#lib none (plain MQTT)
iter,tcp_ms,tls_ms,mqtt_ms,total_ms,hs_tx_B,hs_rx_B,mqtt_tx_B,mqtt_rx_B,hs_writes,hs_reads,writes,reads,free_heap_B,hs_keygen_us,hs_derive_us,hs_verify_us,hs_sign_us,hs_keygen_n,hs_derive_n,hs_verify_n,hs_sign_n
0,24.3810,0.0020,7.9500,32.3330,0,0,23,4,0,0,1,1,148884,0.0,0.0,0.0,0.0,0,0,0,0
1,7.6950,0.0020,7.4560,15.1530,0,0,23,4,0,0,1,1,148660,0.0,0.0,0.0,0.0,0,0,0,0
2,4.5080,0.0030,5.7940,10.3050,0,0,23,4,0,0,1,1,148660,0.0,0.0,0.0,0.0,0,0,0,0
3,5.4040,0.0020,5.7680,11.1740,0,0,23,4,0,0,1,1,148660,0.0,0.0,0.0,0.0,0,0,0,0
4,6.5450,0.0020,27.7910,34.3380,0,0,23,4,0,0,1,1,148660,0.0,0.0,0.0,0.0,0,0,0,0
5,7.3630,0.0030,7.5650,14.9310,0,0,23,4,0,0,1,1,148660,0.0,0.0,0.0,0.0,0,0,0,0
6,6.4980,0.0020,9.9300,16.4300,0,0,23,4,0,0,1,1,148660,0.0,0.0,0.0,0.0,0,0,0,0
7,5.6820,0.0030,4.8850,10.5700,0,0,23,4,0,0,1,1,148660,0.0,0.0,0.0,0.0,0,0,0,0
8,7.3770,0.0020,26.9220,34.3010,0,0,23,4,0,0,1,1,148660,0.0,0.0,0.0,0.0,0,0,0,0
9,5.3670,0.0030,6.4480,11.8180,0,0,23,4,0,0,1,1,148660,0.0,0.0,0.0,0.0,0,0,0,0
10,8.3990,0.0030,6.2080,14.6100,0,0,23,4,0,0,1,1,148660,0.0,0.0,0.0,0.0,0,0,0,0
11,4.4900,0.0020,9.0660,13.5580,0,0,23,4,0,0,1,1,148660,0.0,0.0,0.0,0.0,0,0,0,0
12,7.3740,0.0020,30.8690,38.2450,0,0,23,4,0,0,1,1,148660,0.0,0.0,0.0,0.0,0,0,0,0
13,8.3670,0.0020,7.5040,15.8730,0,0,23,4,0,0,1,1,148660,0.0,0.0,0.0,0.0,0,0,0,0
14,8.5050,0.0020,7.6320,16.1390,0,0,23,4,0,0,1,1,148660,0.0,0.0,0.0,0.0,0,0,0,0
15,5.3660,0.0020,7.6900,13.0580,0,0,23,4,0,0,1,1,148660,0.0,0.0,0.0,0.0,0,0,0,0
16,8.4330,0.0020,4.4100,12.8450,0,0,23,4,0,0,1,1,148660,0.0,0.0,0.0,0.0,0,0,0,0
17,5.3600,0.0020,7.5450,12.9070,0,0,23,4,0,0,1,1,148660,0.0,0.0,0.0,0.0,0,0,0,0
18,6.3960,0.0030,5.1130,11.5120,0,0,23,4,0,0,1,1,148660,0.0,0.0,0.0,0.0,0,0,0,0
19,6.3760,0.0030,4.7980,11.1770,0,0,23,4,0,0,1,1,148660,0.0,0.0,0.0,0.0,0,0,0,0
20,6.3740,0.0020,5.2310,11.6070,0,0,23,4,0,0,1,1,148660,0.0,0.0,0.0,0.0,0,0,0,0
21,8.3680,0.0030,7.3750,15.7460,0,0,23,4,0,0,1,1,148660,0.0,0.0,0.0,0.0,0,0,0,0
22,9.4000,0.0020,4.3940,13.7960,0,0,23,4,0,0,1,1,148660,0.0,0.0,0.0,0.0,0,0,0,0
23,26.4200,0.0020,12.2880,38.7100,0,0,23,4,0,0,1,1,148660,0.0,0.0,0.0,0.0,0,0,0,0
24,5.3940,0.0020,5.3540,10.7500,0,0,23,4,0,0,1,1,148660,0.0,0.0,0.0,0.0,0,0,0,0
25,16.3960,0.0020,10.7470,27.1450,0,0,23,4,0,0,1,1,148660,0.0,0.0,0.0,0.0,0,0,0,0
26,30.6620,0.0020,7.4690,38.1330,0,0,23,4,0,0,1,1,148660,0.0,0.0,0.0,0.0,0,0,0,0
27,11.3970,0.0020,5.1270,16.5260,0,0,23,4,0,0,1,1,148660,0.0,0.0,0.0,0.0,0,0,0,0
28,6.6620,0.0030,6.5410,13.2060,0,0,23,4,0,0,1,1,148660,0.0,0.0,0.0,0.0,0,0,0,0
29,5.3730,0.0020,8.1010,13.4760,0,0,23,4,0,0,1,1,148660,0.0,0.0,0.0,0.0,0,0,0,0
30,16.3880,0.0020,7.9350,24.3250,0,0,23,4,0,0,1,1,148660,0.0,0.0,0.0,0.0,0,0,0,0
31,7.3680,0.0020,6.9600,14.3300,0,0,23,4,0,0,1,1,148660,0.0,0.0,0.0,0.0,0,0,0,0
32,5.6470,0.0030,10.6790,16.3290,0,0,23,4,0,0,1,1,148660,0.0,0.0,0.0,0.0,0,0,0,0
33,3.4630,0.0030,30.8710,34.3370,0,0,23,4,0,0,1,1,148660,0.0,0.0,0.0,0.0,0,0,0,0
34,5.7150,0.0030,7.9450,13.6630,0,0,23,4,0,0,1,1,148660,0.0,0.0,0.0,0.0,0,0,0,0
35,4.5720,0.0020,5.7580,10.3320,0,0,23,4,0,0,1,1,148660,0.0,0.0,0.0,0.0,0,0,0,0
36,9.3900,0.0020,4.6930,14.0850,0,0,23,4,0,0,1,1,148660,0.0,0.0,0.0,0.0,0,0,0,0
37,4.3740,0.0030,24.7660,29.1430,0,0,23,4,0,0,1,1,148660,0.0,0.0,0.0,0.0,0,0,0,0
38,6.3630,0.0030,5.1650,11.5310,0,0,23,4,0,0,1,1,148660,0.0,0.0,0.0,0.0,0,0,0,0
39,4.6290,0.0030,6.2880,10.9200,0,0,23,4,0,0,1,1,148660,0.0,0.0,0.0,0.0,0,0,0,0
40,4.8060,0.0020,5.9190,10.7270,0,0,23,4,0,0,1,1,148660,0.0,0.0,0.0,0.0,0,0,0,0
41,4.3800,0.0020,8.0470,12.4290,0,0,23,4,0,0,1,1,148660,0.0,0.0,0.0,0.0,0,0,0,0
42,7.3640,0.0030,5.0580,12.4250,0,0,23,4,0,0,1,1,148660,0.0,0.0,0.0,0.0,0,0,0,0
43,5.7620,0.0020,6.5430,12.3070,0,0,23,4,0,0,1,1,148660,0.0,0.0,0.0,0.0,0,0,0,0
44,5.3610,0.0030,4.9270,10.2910,0,0,23,4,0,0,1,1,148660,0.0,0.0,0.0,0.0,0,0,0,0
45,6.3730,0.0020,8.8160,15.1910,0,0,23,4,0,0,1,1,148660,0.0,0.0,0.0,0.0,0,0,0,0
46,5.4190,0.0020,5.6640,11.0850,0,0,23,4,0,0,1,1,148660,0.0,0.0,0.0,0.0,0,0,0,0
47,6.3540,0.0020,4.6960,11.0520,0,0,23,4,0,0,1,1,148660,0.0,0.0,0.0,0.0,0,0,0,0
48,11.3740,0.0030,4.8920,16.2690,0,0,23,4,0,0,1,1,148660,0.0,0.0,0.0,0.0,0,0,0,0
49,5.3870,0.0030,6.4130,11.8030,0,0,23,4,0,0,1,1,148660,0.0,0.0,0.0,0.0,0,0,0,0
#stack 1768
#end
#block connect TLS
#lib wolfSSL 5.9.4
iter,tcp_ms,tls_ms,mqtt_ms,total_ms,hs_tx_B,hs_rx_B,mqtt_tx_B,mqtt_rx_B,hs_writes,hs_reads,writes,reads,free_heap_B,hs_keygen_us,hs_derive_us,hs_verify_us,hs_sign_us,hs_keygen_n,hs_derive_n,hs_verify_n,hs_sign_n
#suite TLS13-AES256-GCM-SHA384
0,4.6990,1846.4900,16.1570,1867.3460,1391,3179,45,568,2,12,3,18,146532,66447.0,70566.0,1633082.0,0.0,2,2,2,0
1,22.5660,1858.1470,13.6950,1894.4080,1391,3179,45,568,2,12,3,18,146532,66275.0,70185.0,1633202.0,0.0,2,2,2,0
2,6.4490,1846.9770,13.1170,1866.5430,1391,3179,45,568,2,12,3,18,146532,66127.0,70515.0,1634485.0,0.0,2,2,2,0
3,6.4420,1840.3410,11.1190,1857.9020,1391,3179,45,568,2,12,3,18,146532,66246.0,70089.0,1634392.0,0.0,2,2,2,0
4,8.4530,1861.3650,13.5210,1883.3390,1391,3179,45,568,2,12,3,18,146532,66151.0,69936.0,1632160.0,0.0,2,2,2,0
5,7.6340,1842.9730,13.9760,1864.5830,1391,3179,45,568,2,12,3,18,146532,66292.0,69987.0,1634754.0,0.0,2,2,2,0
6,30.4930,1868.1240,13.7580,1912.3750,1391,3179,45,568,2,12,3,18,146532,66112.0,70015.0,1638744.0,0.0,2,2,2,0
7,11.4510,1842.9000,12.7450,1867.0960,1391,3179,45,568,2,12,3,18,146532,66231.0,70509.0,1635791.0,0.0,2,2,2,0
8,6.5230,1855.8590,12.5100,1874.8920,1391,3179,45,568,2,12,3,18,146532,66166.0,70095.0,1634612.0,0.0,2,2,2,0
9,5.4350,1841.6150,17.4380,1864.4880,1391,3179,45,568,2,12,3,18,146532,66207.0,70671.0,1633076.0,0.0,2,2,2,0
10,27.4740,1846.3490,13.3890,1887.2120,1391,3179,45,568,2,12,3,18,146532,67058.0,70319.0,1635562.0,0.0,2,2,2,0
11,5.5690,1844.7360,13.6070,1863.9120,1391,3179,45,568,2,12,3,18,146532,66251.0,70521.0,1635290.0,0.0,2,2,2,0
12,12.4430,1842.8100,13.1980,1868.4510,1391,3179,45,568,2,12,3,18,146532,66145.0,69971.0,1636251.0,0.0,2,2,2,0
13,5.8790,1861.9550,20.9040,1888.7380,1391,3179,45,568,2,12,3,18,146532,66161.0,70072.0,1634869.0,0.0,2,2,2,0
14,6.4720,1844.7340,13.9370,1865.1430,1391,3179,45,568,2,12,3,18,146532,66380.0,71043.0,1636559.0,0.0,2,2,2,0
15,5.4850,1859.4130,12.6410,1877.5390,1391,3179,45,568,2,12,3,18,146532,66135.0,69938.0,1635594.0,0.0,2,2,2,0
16,5.4180,1844.6680,12.6420,1862.7280,1391,3179,45,568,2,12,3,18,146532,66193.0,70020.0,1636420.0,0.0,2,2,2,0
17,4.6850,1844.7970,31.6690,1881.1510,1391,3179,45,568,2,12,3,18,146532,66105.0,70031.0,1637538.0,0.0,2,2,2,0
18,5.5760,1850.9870,16.4610,1873.0240,1391,3179,45,568,2,12,3,18,146532,66989.0,70507.0,1634018.0,0.0,2,2,2,0
19,5.4320,1844.8390,14.5080,1864.7790,1391,3179,45,568,2,12,3,18,146532,66387.0,70103.0,1636249.0,0.0,2,2,2,0
20,8.6940,1862.7380,12.2480,1883.6800,1391,3179,45,568,2,12,3,18,146532,66315.0,70988.0,1634239.0,0.0,2,2,2,0
21,11.4460,1843.5890,15.2810,1870.3160,1391,3179,45,568,2,12,3,18,146532,66274.0,70387.0,1634530.0,0.0,2,2,2,0
22,5.7320,1855.2120,11.9700,1872.9140,1391,3179,45,568,2,12,3,18,146532,66314.0,71775.0,1634766.0,0.0,2,2,2,0
23,5.8870,1845.2540,59.8120,1910.9530,1391,3179,45,568,2,12,3,18,146532,66254.0,69974.0,1635168.0,0.0,2,2,2,0
24,5.4140,1847.8050,13.6750,1866.8940,1391,3179,45,568,2,12,3,18,146532,66654.0,70044.0,1635796.0,0.0,2,2,2,0
25,4.4340,1843.3290,13.8350,1861.5980,1391,3179,45,568,2,12,3,18,146532,66221.0,70045.0,1635238.0,0.0,2,2,2,0
26,34.4510,1866.1460,12.5260,1913.1230,1391,3179,45,568,2,12,3,18,146532,66307.0,70030.0,1635149.0,0.0,2,2,2,0
27,10.5010,1841.0880,12.6400,1864.2290,1391,3179,45,568,2,12,3,18,146532,66267.0,69956.0,1633834.0,0.0,2,2,2,0
28,6.4410,1858.6690,12.8900,1878.0000,1391,3179,45,568,2,12,3,18,146532,66374.0,70013.0,1636648.0,0.0,2,2,2,0
29,4.5120,1845.4260,13.4760,1863.4140,1391,3179,45,568,2,12,3,18,146532,66377.0,70725.0,1635360.0,0.0,2,2,2,0
30,29.6600,1844.9880,99.2810,1973.9290,1391,3179,45,568,2,12,3,18,146532,66101.0,69940.0,1635719.0,0.0,2,2,2,0
31,4.6580,1916.6000,87.2980,2008.5560,1391,3179,45,568,2,12,3,18,146532,66306.0,70045.0,1646536.0,0.0,2,2,2,0
32,131.5540,1941.7630,11.9650,2085.2820,1391,3179,45,568,2,12,3,18,146532,66141.0,69802.0,1637514.0,0.0,2,2,2,0
33,5.6070,1843.2100,14.8380,1863.6550,1391,3179,45,568,2,12,3,18,146532,66177.0,71688.0,1634049.0,0.0,2,2,2,0
34,2555.2300,1846.5700,40.5240,4442.3240,1391,3179,45,568,2,12,3,18,146532,66256.0,70103.0,1636431.0,0.0,2,2,2,0
35,5.4460,1857.8410,12.2290,1875.5160,1391,3179,45,568,2,12,3,18,146532,66384.0,70097.0,1633170.0,0.0,2,2,2,0
36,24.5450,1848.6540,11.7460,1884.9450,1391,3179,45,568,2,12,3,18,146532,66252.0,70584.0,1632581.0,0.0,2,2,2,0
37,4.7560,1846.2820,12.2740,1863.3120,1391,3179,45,568,2,12,3,18,146532,66253.0,70071.0,1636021.0,0.0,2,2,2,0
38,6.7130,1845.1270,14.2350,1866.0750,1391,3179,45,568,2,12,3,18,146532,66147.0,70616.0,1635319.0,0.0,2,2,2,0
39,5.4800,1845.9900,12.6860,1864.1560,1391,3179,45,568,2,12,3,18,146532,66243.0,70093.0,1632243.0,0.0,2,2,2,0
40,8.6020,1841.6280,14.2040,1864.4340,1391,3179,45,568,2,12,3,18,146532,66064.0,70476.0,1632544.0,0.0,2,2,2,0
41,8.5510,1841.9370,12.8130,1863.3010,1391,3179,45,568,2,12,3,18,146532,66414.0,70178.0,1633183.0,0.0,2,2,2,0
42,5.4940,1858.3770,14.8740,1878.7450,1391,3179,45,568,2,12,3,18,146532,66190.0,70329.0,1633924.0,0.0,2,2,2,0
43,7.4440,1847.3190,13.7670,1868.5300,1391,3179,45,568,2,12,3,18,146532,66078.0,70332.0,1634758.0,0.0,2,2,2,0
44,5.6990,1868.6180,18.1110,1892.4280,1391,3179,45,568,2,12,3,18,146532,66108.0,69949.0,1632918.0,0.0,2,2,2,0
45,7.5760,1841.4100,12.6350,1861.6210,1391,3179,45,568,2,12,3,18,146532,66180.0,70062.0,1635147.0,0.0,2,2,2,0
46,4.9470,1854.0930,12.5030,1871.5430,1391,3179,45,568,2,12,3,18,146532,66462.0,69977.0,1634982.0,0.0,2,2,2,0
47,5.4100,1843.4260,12.4980,1861.3340,1391,3179,45,568,2,12,3,18,146532,66258.0,69991.0,1634454.0,0.0,2,2,2,0
48,4.5360,1845.9590,33.4900,1883.9850,1391,3179,45,568,2,12,3,18,146532,66202.0,70057.0,1636399.0,0.0,2,2,2,0
49,6.9510,1849.1660,13.7330,1869.8500,1391,3179,45,568,2,12,3,18,146532,66252.0,70022.0,1634143.0,0.0,2,2,2,0
#heap 22591
#stack 8712
#end
#block connect mTLS
#lib wolfSSL 5.9.4
iter,tcp_ms,tls_ms,mqtt_ms,total_ms,hs_tx_B,hs_rx_B,mqtt_tx_B,mqtt_rx_B,hs_writes,hs_reads,writes,reads,free_heap_B,hs_keygen_us,hs_derive_us,hs_verify_us,hs_sign_us,hs_keygen_n,hs_derive_n,hs_verify_n,hs_sign_n
#suite TLS13-AES256-GCM-SHA384
0,8.6420,2876.5020,25.5700,2910.7140,3287,3365,45,3672,4,14,5,20,143764,66246.0,69981.0,1634369.0,1016059.0,2,2,2,1
1,5.6870,2885.5560,25.2180,2916.4610,3287,3365,45,3672,4,14,5,20,143764,66196.0,71141.0,1633870.0,1014299.0,2,2,2,1
2,5.4630,2881.1130,46.0300,2932.6060,3287,3365,45,3672,4,14,5,20,143764,66270.0,70001.0,1633370.0,1022553.0,2,2,2,1
3,6.4110,2869.4420,24.5300,2900.3830,3287,3365,45,3672,4,14,5,20,143764,66095.0,70347.0,1634454.0,1014609.0,2,2,2,1
4,11.4520,2882.5610,24.3390,2918.3520,3287,3365,45,3672,4,14,5,20,143764,66110.0,69921.0,1635635.0,1014800.0,2,2,2,1
5,5.6540,2878.6070,43.7960,2928.0570,3287,3365,45,3672,4,14,5,20,143764,66185.0,70039.0,1640065.0,1015090.0,2,2,2,1
6,6.4130,2877.4640,28.4090,2912.2860,3287,3365,45,3672,4,14,5,20,143764,66212.0,71157.0,1636781.0,1015998.0,2,2,2,1
7,35.6240,2879.9110,24.7120,2940.2470,3287,3365,45,3672,4,14,5,20,143764,66096.0,70370.0,1637772.0,1015938.0,2,2,2,1
8,6.8960,2868.8030,26.5730,2902.2720,3287,3365,45,3672,4,14,5,20,143764,66717.0,69961.0,1631845.0,1014728.0,2,2,2,1
9,5.4630,2882.6000,25.3110,2913.3740,3287,3365,45,3672,4,14,5,20,143764,66362.0,70084.0,1636025.0,1014572.0,2,2,2,1
10,5.7190,2871.0250,36.9440,2913.6880,3287,3365,45,3672,4,14,5,20,143764,66184.0,71256.0,1633841.0,1015810.0,2,2,2,1
11,5.6630,3871.1700,24.7780,3901.6110,3287,3365,45,3672,4,14,5,20,143764,66108.0,70523.0,1634825.0,2010526.0,2,2,2,1
12,5.4380,3873.3540,26.2530,3905.0450,3287,3365,45,3672,4,14,5,20,143764,66213.0,69957.0,1636247.0,2013193.0,2,2,2,1
13,5.6250,2869.9710,50.3450,2925.9410,3287,3365,45,3672,4,14,5,20,143764,66105.0,70430.0,1632472.0,1013155.0,2,2,2,1
14,8.5280,2872.5150,25.7330,2906.7760,3287,3365,45,3672,4,14,5,20,143764,66142.0,70043.0,1634276.0,1016557.0,2,2,2,1
15,31.4440,2879.3080,24.7290,2935.4810,3287,3365,45,3672,4,14,5,20,143764,66910.0,69922.0,1635601.0,1012645.0,2,2,2,1
16,8.4540,2873.8820,27.1880,2909.5240,3287,3365,45,3672,4,14,5,20,143764,66212.0,70144.0,1638676.0,1014584.0,2,2,2,1
17,3.4600,2882.4800,25.0270,2910.9670,3287,3365,45,3672,4,14,5,20,143764,66390.0,69968.0,1634888.0,1014959.0,2,2,2,1
18,5.6490,2874.6930,49.0820,2929.4240,3287,3365,45,3672,4,14,5,20,143764,66377.0,71292.0,1636527.0,1014019.0,2,2,2,1
19,6.4390,2875.1120,25.2290,2906.7800,3287,3365,45,3672,4,14,5,20,143764,66324.0,70082.0,1633393.0,1013240.0,2,2,2,1
20,10.6900,2875.2040,39.5060,2925.4000,3287,3365,45,3672,4,14,5,20,143764,66234.0,70407.0,1634610.0,1016463.0,2,2,2,1
21,8.4140,2870.5840,28.5200,2907.5180,3287,3365,45,3672,4,14,5,20,143764,66194.0,69835.0,1634158.0,1014828.0,2,2,2,1
22,5.4180,2908.4920,28.7750,2942.6850,3287,3365,45,3672,4,14,5,20,143764,66419.0,69948.0,1645088.0,1014338.0,2,2,2,1
23,5.8140,2888.2990,24.5960,2918.7090,3287,3365,45,3672,4,14,5,20,143764,66764.0,69978.0,1638989.0,1014002.0,2,2,2,1
24,5.5040,2873.5160,43.4120,2922.4320,3287,3365,45,3672,4,14,5,20,143764,66203.0,71084.0,1634806.0,1015337.0,2,2,2,1
25,5.4760,2874.9110,25.4680,2905.8550,3287,3365,45,3672,4,14,5,20,143764,66205.0,70045.0,1636883.0,1014834.0,2,2,2,1
26,28.7120,2891.1880,25.3100,2945.2100,3287,3365,45,3672,4,14,5,20,143764,66341.0,69982.0,1635785.0,1015812.0,2,2,2,1
27,11.8570,2878.6780,33.4430,2923.9780,3287,3365,45,3672,4,14,5,20,143764,66175.0,71299.0,1638004.0,1016010.0,2,2,2,1
28,8.4530,2875.7810,24.2620,2908.4960,3287,3365,45,3672,4,14,5,20,143764,66196.0,70435.0,1634933.0,1013689.0,2,2,2,1
29,5.6610,2871.0510,40.0980,2916.8100,3287,3365,45,3672,4,14,5,20,143764,66227.0,69943.0,1631699.0,1015206.0,2,2,2,1
30,6.4520,2869.0510,23.3020,2898.8050,3287,3365,45,3672,4,14,5,20,143764,66589.0,70083.0,1633543.0,1014624.0,2,2,2,1
31,6.4460,2878.5600,43.2480,2928.2540,3287,3365,45,3672,4,14,5,20,143764,66743.0,70624.0,1635007.0,1015509.0,2,2,2,1
32,6.4390,4867.2120,122.5790,4996.2300,3287,3365,45,3672,4,14,5,20,143764,66252.0,70090.0,1634044.0,3011415.0,2,2,2,1
33,6.4110,2883.2410,24.6580,2914.3100,3287,3365,45,3672,4,14,5,20,143764,66108.0,69950.0,1635975.0,1014982.0,2,2,2,1
34,27.7310,2887.4850,25.9930,2941.2090,3287,3365,45,3672,4,14,5,20,143764,66487.0,70248.0,1636677.0,1015763.0,2,2,2,1
35,6.4570,2871.1400,53.4210,2931.0180,3287,3365,45,3672,4,14,5,20,143764,66918.0,71323.0,1634811.0,1014493.0,2,2,2,1
36,5.7740,2872.6020,25.8800,2904.2560,3287,3365,45,3672,4,14,5,20,143764,66238.0,70562.0,1634813.0,1014422.0,2,2,2,1
37,8.4640,2870.1930,37.5840,2916.2410,3287,3365,45,3672,4,14,5,20,143764,66173.0,69929.0,1634974.0,1013961.0,2,2,2,1
38,5.5840,2871.0610,26.7070,2903.3520,3287,3365,45,3672,4,14,5,20,143764,66259.0,70145.0,1633450.0,1013055.0,2,2,2,1
39,6.4740,2876.1090,40.9090,2923.4920,3287,3365,45,3672,4,14,5,20,143764,66195.0,70674.0,1635789.0,1015627.0,2,2,2,1
40,8.4940,2872.6050,24.4530,2905.5520,3287,3365,45,3672,4,14,5,20,143764,66248.0,70074.0,1634508.0,1015015.0,2,2,2,1
41,29.4720,2880.3220,25.8150,2935.6090,3287,3365,45,3672,4,14,5,20,143764,66231.0,71473.0,1635079.0,1014237.0,2,2,2,1
42,4.5490,2886.1670,47.3880,2938.1040,3287,3365,45,3672,4,14,5,20,143764,66206.0,70515.0,1644408.0,1015696.0,2,2,2,1
43,4.5910,2873.3600,23.6340,2901.5850,3287,3365,45,3672,4,14,5,20,143764,66237.0,70095.0,1633523.0,1016057.0,2,2,2,1
44,5.4920,2875.0730,38.7320,2919.2970,3287,3365,45,3672,4,14,5,20,143764,66239.0,69969.0,1633617.0,1014929.0,2,2,2,1
45,4.4450,2874.9430,24.4280,2903.8160,3287,3365,45,3672,4,14,5,20,143764,66382.0,70203.0,1635087.0,1015507.0,2,2,2,1
46,34.4390,2883.6820,22.1490,2940.2700,3287,3365,45,3672,4,14,5,20,143764,66271.0,70747.0,1634187.0,1016835.0,2,2,2,1
47,8.4120,2872.5470,51.2000,2932.1590,3287,3365,45,3672,4,14,5,20,143764,66107.0,71180.0,1637885.0,1014612.0,2,2,2,1
48,6.4510,2874.7620,25.5450,2906.7580,3287,3365,45,3672,4,14,5,20,143764,66482.0,70120.0,1633247.0,1019054.0,2,2,2,1
49,5.4100,2891.1440,37.1510,2933.7050,3287,3365,45,3672,4,14,5,20,143764,66233.0,71941.0,1641536.0,1016630.0,2,2,2,1
#heap 25327
#stack 27992
#end
#block pipeline plain lorawan11 up
#aead LoRaWAN-1.1 AES-128-CTR+2xCMAC (BearSSL (arduino-pico)), uplink, 51 B payload + 13 B overhead
#lib none (plain MQTT)
iter,tcp_ms,tls_ms,mqtt_ms,total_ms,hs_tx_B,hs_rx_B,mqtt_tx_B,mqtt_rx_B,hs_writes,hs_reads,writes,reads,free_heap_B,hs_keygen_us,hs_derive_us,hs_verify_us,hs_sign_us,hs_keygen_n,hs_derive_n,hs_verify_n,hs_sign_n
msg,iter,idx,seal_us,rtt_us,open_us,tx_B,rx_B
whole,iter,first_ms,all_ms,msgs
0,36.5080,0.0020,11.5110,48.0210,0,0,23,4,0,0,1,1,148660,0.0,0.0,0.0,0.0,0,0,0,0
msg,0,0,832,4306,775,90,90
msg,0,1,729,5869,776,90,90
msg,0,2,710,4828,764,90,90
msg,0,3,724,5061,773,90,90
msg,0,4,715,4365,769,90,90
msg,0,5,717,15975,829,90,90
msg,0,6,710,29780,776,90,90
msg,0,7,722,4251,764,90,90
msg,0,8,717,4404,776,90,90
msg,0,9,718,4052,775,90,90
msg,0,10,726,4393,774,90,90
msg,0,11,722,4301,766,90,90
msg,0,12,717,4032,768,90,90
msg,0,13,711,4870,771,90,90
msg,0,14,715,4684,814,90,90
msg,0,15,697,3973,764,90,90
msg,0,16,723,7147,775,90,90
msg,0,17,718,3897,824,90,90
msg,0,18,723,30861,770,90,90
msg,0,19,720,5729,852,90,90
msg,0,20,720,4439,769,90,90
msg,0,21,714,4363,770,90,90
msg,0,22,706,5365,773,90,90
msg,0,23,768,5161,770,90,90
msg,0,24,722,5268,773,90,90
msg,0,25,713,5379,830,90,90
msg,0,26,717,5094,765,90,90
msg,0,27,699,9046,770,90,90
msg,0,28,717,35291,761,90,90
msg,0,29,720,9518,755,90,90
msg,0,30,701,5267,759,90,90
msg,0,31,696,4567,766,90,90
msg,0,32,779,4880,771,90,90
msg,0,33,721,7569,760,90,90
msg,0,34,1175,5969,767,90,90
msg,0,35,692,4982,775,90,90
msg,0,36,725,6657,747,90,90
msg,0,37,695,5729,776,90,90
msg,0,38,730,35506,768,90,90
msg,0,39,721,6100,772,90,90
msg,0,40,718,4174,774,90,90
msg,0,41,776,4221,770,90,90
msg,0,42,721,6746,771,90,90
msg,0,43,718,4408,838,90,90
msg,0,44,722,6197,770,90,90
msg,0,45,734,3849,778,90,90
msg,0,46,713,4346,769,90,90
msg,0,47,778,4434,770,90,90
msg,0,48,729,4057,767,90,90
msg,0,49,685,29265,752,90,90
msg,0,50,783,5345,772,90,90
msg,0,51,702,19018,773,90,90
msg,0,52,733,6266,768,90,90
msg,0,53,718,3758,818,90,90
msg,0,54,719,6125,750,90,90
msg,0,55,691,4686,774,90,90
msg,0,56,721,8369,769,90,90
msg,0,57,721,47778,756,90,90
msg,0,58,720,4808,816,90,90
msg,0,59,732,4832,749,90,90
msg,0,60,693,6214,773,90,90
msg,0,61,725,4528,754,90,90
msg,0,62,691,4343,750,90,90
msg,0,63,693,3823,770,90,90
msg,0,64,717,6005,817,90,90
msg,0,65,700,4403,773,90,90
msg,0,66,715,4284,772,90,90
msg,0,67,693,25729,769,90,90
msg,0,68,732,4110,770,90,90
msg,0,69,720,3807,756,90,90
msg,0,70,688,4419,755,90,90
msg,0,71,698,4163,764,90,90
msg,0,72,718,4343,766,90,90
msg,0,73,725,5700,771,90,90
msg,0,74,716,4856,771,90,90
msg,0,75,731,6493,753,90,90
msg,0,76,697,5325,757,90,90
msg,0,77,716,8187,769,90,90
msg,0,78,715,3622,758,90,90
msg,0,79,697,27484,771,90,90
msg,0,80,705,7081,747,90,90
msg,0,81,697,4873,773,90,90
msg,0,82,720,3911,758,90,90
msg,0,83,698,4440,769,90,90
msg,0,84,695,4061,766,90,90
msg,0,85,765,4670,776,90,90
msg,0,86,715,4030,772,90,90
msg,0,87,715,4540,766,90,90
msg,0,88,729,3803,757,90,90
msg,0,89,760,4602,773,90,90
msg,0,90,730,5238,774,90,90
msg,0,91,723,39560,766,90,90
msg,0,92,714,4019,773,90,90
msg,0,93,715,3721,767,90,90
msg,0,94,731,4537,761,90,90
msg,0,95,700,4462,759,90,90
msg,0,96,701,4278,758,90,90
msg,0,97,704,5623,772,90,90
msg,0,98,729,4150,770,90,90
msg,0,99,699,5615,774,90,90
msg,0,100,711,10974,755,90,90
msg,0,101,701,6486,765,90,90
msg,0,102,703,24226,754,90,90
msg,0,103,703,4051,768,90,90
msg,0,104,723,4353,767,90,90
msg,0,105,722,5780,768,90,90
msg,0,106,718,5205,772,90,90
msg,0,107,695,4499,766,90,90
msg,0,108,729,4371,772,90,90
msg,0,109,720,4328,777,90,90
msg,0,110,715,4146,769,90,90
msg,0,111,699,3918,771,90,90
msg,0,112,721,18332,833,90,90
msg,0,113,725,29699,776,90,90
msg,0,114,714,4122,752,90,90
msg,0,115,693,4040,768,90,90
msg,0,116,716,3798,765,90,90
msg,0,117,697,4443,774,90,90
msg,0,118,718,4230,768,90,90
msg,0,119,690,4269,754,90,90
msg,0,120,699,4523,772,90,90
msg,0,121,773,4217,763,90,90
msg,0,122,727,3946,767,90,90
msg,0,123,714,7464,808,90,90
msg,0,124,704,6164,769,90,90
msg,0,125,721,25414,751,90,90
msg,0,126,703,4048,773,90,90
msg,0,127,717,4139,771,90,90
msg,0,128,717,4267,772,90,90
msg,0,129,725,4995,752,90,90
msg,0,130,760,4400,772,90,90
msg,0,131,696,4920,773,90,90
msg,0,132,720,4570,751,90,90
msg,0,133,692,5350,753,90,90
msg,0,134,693,4267,757,90,90
msg,0,135,713,10790,771,90,90
msg,0,136,713,4267,779,90,90
msg,0,137,723,26194,768,90,90
msg,0,138,693,3879,773,90,90
msg,0,139,720,4556,757,90,90
msg,0,140,692,3443,757,90,90
msg,0,141,705,5472,776,90,90
msg,0,142,695,4184,756,90,90
msg,0,143,689,4488,774,90,90
msg,0,144,701,4983,822,90,90
msg,0,145,717,6718,769,90,90
msg,0,146,723,3992,756,90,90
msg,0,147,719,7521,755,90,90
msg,0,148,699,4611,777,90,90
msg,0,149,724,29037,759,90,90
msg,0,150,701,5088,769,90,90
msg,0,151,721,4237,780,90,90
msg,0,152,714,7672,755,90,90
msg,0,153,699,5168,754,90,90
msg,0,154,693,4538,753,90,90
msg,0,155,701,4308,754,90,90
msg,0,156,698,6061,765,90,90
msg,0,157,711,5304,770,90,90
msg,0,158,711,7134,772,90,90
msg,0,159,715,4291,772,90,90
msg,0,160,730,26497,769,90,90
msg,0,161,764,4202,772,90,90
msg,0,162,708,5179,775,90,90
msg,0,163,724,3993,770,90,90
msg,0,164,689,3895,772,90,90
msg,0,165,711,6703,752,90,90
msg,0,166,690,3982,775,90,90
msg,0,167,711,5811,778,90,90
msg,0,168,700,6342,771,90,90
msg,0,169,697,4520,771,90,90
msg,0,170,773,8342,772,90,90
msg,0,171,714,6856,753,90,90
msg,0,172,699,26462,755,90,90
msg,0,173,691,4776,771,90,90
msg,0,174,714,4486,778,90,90
msg,0,175,718,4918,779,90,90
msg,0,176,727,4265,772,90,90
msg,0,177,714,3886,773,90,90
msg,0,178,709,3895,782,90,90
msg,0,179,731,4485,766,90,90
msg,0,180,719,3881,758,90,90
msg,0,181,711,5761,771,90,90
msg,0,182,725,7281,773,90,90
msg,0,183,716,5440,768,90,90
msg,0,184,716,29393,777,90,90
msg,0,185,720,4965,769,90,90
msg,0,186,717,4003,753,90,90
msg,0,187,697,3764,773,90,90
msg,0,188,716,6133,773,90,90
msg,0,189,690,4513,824,90,90
msg,0,190,720,6455,768,90,90
msg,0,191,717,5535,775,90,90
msg,0,192,717,4247,774,90,90
msg,0,193,717,4420,773,90,90
msg,0,194,716,4084,770,90,90
msg,0,195,719,7708,748,90,90
msg,0,196,720,20901,772,90,90
msg,0,197,715,4927,753,90,90
msg,0,198,699,4572,775,90,90
msg,0,199,713,7457,772,90,90
whole,0,60.537,1892.911,200
1,5.5290,0.0020,9.3930,14.9240,0,0,23,4,0,0,1,1,148660,0.0,0.0,0.0,0.0,0,0,0,0
msg,1,0,837,5190,771,90,90
msg,1,1,729,5518,763,90,90
msg,1,2,728,5096,767,90,90
msg,1,3,721,4572,769,90,90
msg,1,4,716,29194,766,90,90
msg,1,5,723,4575,752,90,90
msg,1,6,764,4622,770,90,90
msg,1,7,716,3957,755,90,90
msg,1,8,693,5850,771,90,90
msg,1,9,717,7846,756,90,90
msg,1,10,696,5539,770,90,90
msg,1,11,698,5056,766,90,90
msg,1,12,717,4628,774,90,90
msg,1,13,684,7280,752,90,90
msg,1,14,701,4259,755,90,90
msg,1,15,694,29372,755,90,90
msg,1,16,688,4646,768,90,90
msg,1,17,725,4028,752,90,90
msg,1,18,693,3980,774,90,90
msg,1,19,719,3716,755,90,90
msg,1,20,701,4091,768,90,90
msg,1,21,730,3801,774,90,90
msg,1,22,718,4021,752,90,90
msg,1,23,694,6602,768,90,90
msg,1,24,715,4468,764,90,90
msg,1,25,716,7678,773,90,90
msg,1,26,717,4449,768,90,90
msg,1,27,719,7105,772,90,90
msg,1,28,726,24451,773,90,90
msg,1,29,781,6111,776,90,90
msg,1,30,720,4764,750,90,90
msg,1,31,690,5519,766,90,90
msg,1,32,722,3572,776,90,90
msg,1,33,724,4775,752,90,90
msg,1,34,730,4773,770,90,90
msg,1,35,789,4899,750,90,90
msg,1,36,699,3924,766,90,90
msg,1,37,719,9444,773,90,90
msg,1,38,729,3691,753,90,90
msg,1,39,694,25988,775,90,90
msg,1,40,722,4663,754,90,90
msg,1,41,693,4272,755,90,90
msg,1,42,692,6179,769,90,90
msg,1,43,719,4142,774,90,90
msg,1,44,728,3928,768,90,90
msg,1,45,695,4552,779,90,90
msg,1,46,718,3966,753,90,90
msg,1,47,693,5031,765,90,90
msg,1,48,721,4709,770,90,90
msg,1,49,701,5432,780,90,90
msg,1,50,817,6458,766,90,90
msg,1,51,718,4674,768,90,90
msg,1,52,717,22198,776,90,90
msg,1,53,714,4738,755,90,90
msg,1,54,689,4971,770,90,90
msg,1,55,713,4046,775,90,90
msg,1,56,720,3936,752,90,90
msg,1,57,691,6293,756,90,90
msg,1,58,693,4118,772,90,90
msg,1,59,730,3949,767,90,90
msg,1,60,722,5955,755,90,90
msg,1,61,697,5207,769,90,90
msg,1,62,721,3928,780,90,90
msg,1,63,724,5326,777,90,90
msg,1,64,713,3898,760,90,90
msg,1,65,699,28540,775,90,90
msg,1,66,721,5663,774,90,90
msg,1,67,715,5053,761,90,90
msg,1,68,724,6185,777,90,90
msg,1,69,693,3742,767,90,90
msg,1,70,715,5084,772,90,90
msg,1,71,732,4229,780,90,90
msg,1,72,734,6338,772,90,90
msg,1,73,719,4374,765,90,90
msg,1,74,731,4124,767,90,90
msg,1,75,698,5764,774,90,90
msg,1,76,707,3882,754,90,90
msg,1,77,701,23920,771,90,90
msg,1,78,729,4589,756,90,90
msg,1,79,693,4578,771,90,90
msg,1,80,693,5007,767,90,90
msg,1,81,722,4540,753,90,90
msg,1,82,697,3806,773,90,90
msg,1,83,727,3878,757,90,90
msg,1,84,750,8260,757,90,90
msg,1,85,698,4668,771,90,90
msg,1,86,710,4545,777,90,90
msg,1,87,716,6885,775,90,90
msg,1,88,702,4318,752,90,90
msg,1,89,705,27689,767,90,90
msg,1,90,724,6259,763,90,90
msg,1,91,715,5483,768,90,90
msg,1,92,727,4945,776,90,90
msg,1,93,695,4257,759,90,90
msg,1,94,707,4212,761,90,90
msg,1,95,756,4591,772,90,90
msg,1,96,714,4007,748,90,90
msg,1,97,730,3756,768,90,90
msg,1,98,723,4402,769,90,90
msg,1,99,722,4022,770,90,90
msg,1,100,690,5034,766,90,90
msg,1,101,721,4012,768,90,90
msg,1,102,716,25044,775,90,90
msg,1,103,702,4262,775,90,90
msg,1,104,697,4461,779,90,90
msg,1,105,778,4091,751,90,90
msg,1,106,705,5686,774,90,90
msg,1,107,720,4859,755,90,90
msg,1,108,762,4025,771,90,90
msg,1,109,724,3807,772,90,90
msg,1,110,691,3791,771,90,90
msg,1,111,720,4672,754,90,90
msg,1,112,693,6136,775,90,90
msg,1,113,719,4203,773,90,90
msg,1,114,714,5295,773,90,90
msg,1,115,718,29467,774,90,90
msg,1,116,717,8021,772,90,90
msg,1,117,728,5907,758,90,90
msg,1,118,689,4621,772,90,90
msg,1,119,721,5561,767,90,90
msg,1,120,723,3970,767,90,90
msg,1,121,694,4386,770,90,90
msg,1,122,727,4205,754,90,90
msg,1,123,700,3988,764,90,90
msg,1,124,731,9294,775,90,90
msg,1,125,793,3882,765,90,90
msg,1,126,714,25064,756,90,90
msg,1,127,694,4785,769,90,90
msg,1,128,721,5713,752,90,90
msg,1,129,712,4716,770,90,90
msg,1,130,718,4343,773,90,90
msg,1,131,727,4405,774,90,90
msg,1,132,716,4989,756,90,90
msg,1,133,698,4879,775,90,90
msg,1,134,722,3921,773,90,90
msg,1,135,691,4189,749,90,90
msg,1,136,696,4353,759,90,90
msg,1,137,701,5442,747,90,90
msg,1,138,697,3762,769,90,90
msg,1,139,728,30156,777,90,90
msg,1,140,774,6008,752,90,90
msg,1,141,700,4683,774,90,90
msg,1,142,718,3918,751,90,90
msg,1,143,760,9309,754,90,90
msg,1,144,697,4083,770,90,90
msg,1,145,717,3897,770,90,90
msg,1,146,717,4674,771,90,90
msg,1,147,722,4055,771,90,90
msg,1,148,729,7600,772,90,90
msg,1,149,729,4443,763,90,90
msg,1,150,726,31113,776,90,90
msg,1,151,735,4051,772,90,90
msg,1,152,733,4195,774,90,90
msg,1,153,714,3956,753,90,90
msg,1,154,718,4588,772,90,90
msg,1,155,697,4714,769,90,90
msg,1,156,723,4654,771,90,90
msg,1,157,713,4144,781,90,90
msg,1,158,727,4957,769,90,90
msg,1,159,720,6749,776,90,90
msg,1,160,784,6745,772,90,90
msg,1,161,732,4250,768,90,90
msg,1,162,695,29376,772,90,90
msg,1,163,702,4087,749,90,90
msg,1,164,717,4714,769,90,90
msg,1,165,716,4428,776,90,90
msg,1,166,728,5171,771,90,90
msg,1,167,719,4058,759,90,90
msg,1,168,695,4866,769,90,90
msg,1,169,716,3925,753,90,90
msg,1,170,692,4478,777,90,90
msg,1,171,710,5092,807,90,90
msg,1,172,693,9253,755,90,90
msg,1,173,696,4106,778,90,90
msg,1,174,725,28495,755,90,90
msg,1,175,727,5368,750,90,90
msg,1,176,698,4481,813,90,90
msg,1,177,702,6403,772,90,90
msg,1,178,693,5409,774,90,90
msg,1,179,712,4785,774,90,90
msg,1,180,723,4035,773,90,90
msg,1,181,726,6072,768,90,90
msg,1,182,704,3891,776,90,90
msg,1,183,717,3783,771,90,90
msg,1,184,691,8379,776,90,90
msg,1,185,725,6320,771,90,90
msg,1,186,708,20947,767,90,90
msg,1,187,721,4799,773,90,90
msg,1,188,725,5282,773,90,90
msg,1,189,719,4152,754,90,90
msg,1,190,692,4298,750,90,90
msg,1,191,693,5047,768,90,90
msg,1,192,818,5691,760,90,90
msg,1,193,700,4176,757,90,90
msg,1,194,691,5189,765,90,90
msg,1,195,777,3683,764,90,90
msg,1,196,714,7683,766,90,90
msg,1,197,733,4158,826,90,90
msg,1,198,729,26024,765,90,90
msg,1,199,687,6464,770,90,90
whole,1,28.624,1723.004,200
2,5.3960,0.0030,4.7750,10.1740,0,0,23,4,0,0,1,1,148660,0.0,0.0,0.0,0.0,0,0,0,0
msg,2,0,828,4084,778,90,90
msg,2,1,727,4245,773,90,90
msg,2,2,724,4064,757,90,90
msg,2,3,700,4289,752,90,90
msg,2,4,705,6609,767,90,90
msg,2,5,720,4729,774,90,90
msg,2,6,738,34732,773,90,90
msg,2,7,692,4545,770,90,90
msg,2,8,712,4874,763,90,90
msg,2,9,718,4107,769,90,90
msg,2,10,718,4022,774,90,90
msg,2,11,733,5091,771,90,90
msg,2,12,711,4307,753,90,90
msg,2,13,704,4334,753,90,90
msg,2,14,692,4338,755,90,90
msg,2,15,695,3792,773,90,90
msg,2,16,713,3986,771,90,90
msg,2,17,689,4121,751,90,90
msg,2,18,694,30329,760,90,90
msg,2,19,715,4992,768,90,90
msg,2,20,725,4167,772,90,90
msg,2,21,720,6645,765,90,90
msg,2,22,713,4719,751,90,90
msg,2,23,704,4512,769,90,90
msg,2,24,727,4865,769,90,90
msg,2,25,715,4975,769,90,90
msg,2,26,719,4458,772,90,90
msg,2,27,720,4193,768,90,90
msg,2,28,728,4376,819,90,90
msg,2,29,717,3871,757,90,90
msg,2,30,704,34759,779,90,90
msg,2,31,727,4991,772,90,90
msg,2,32,698,4034,760,90,90
msg,2,33,720,6278,764,90,90
msg,2,34,722,5552,752,90,90
msg,2,35,692,4382,749,90,90
msg,2,36,696,4011,770,90,90
msg,2,37,725,5042,775,90,90
msg,2,38,710,3995,767,90,90
msg,2,39,709,7033,765,90,90
msg,2,40,722,4169,767,90,90
msg,2,41,717,29940,777,90,90
msg,2,42,722,7238,770,90,90
msg,2,43,713,4930,769,90,90
msg,2,44,726,7083,768,90,90
msg,2,45,717,5715,754,90,90
msg,2,46,698,4541,773,90,90
msg,2,47,711,4353,774,90,90
msg,2,48,712,4073,756,90,90
msg,2,49,697,3795,768,90,90
msg,2,50,716,7196,770,90,90
msg,2,51,710,3682,772,90,90
msg,2,52,722,6729,759,90,90
msg,2,53,695,30930,772,90,90
msg,2,54,720,4138,768,90,90
msg,2,55,706,3993,753,90,90
msg,2,56,700,5046,765,90,90
msg,2,57,730,4204,769,90,90
msg,2,58,721,3817,816,90,90
msg,2,59,690,3864,774,90,90
msg,2,60,725,5368,770,90,90
msg,2,61,721,4340,768,90,90
msg,2,62,780,8319,773,90,90
msg,2,63,720,4866,769,90,90
msg,2,64,731,27261,774,90,90
msg,2,65,730,4749,775,90,90
msg,2,66,712,6249,770,90,90
msg,2,67,825,4757,770,90,90
msg,2,68,715,3590,778,90,90
msg,2,69,719,4467,771,90,90
msg,2,70,722,3689,753,90,90
msg,2,71,707,5076,775,90,90
msg,2,72,714,5555,756,90,90
msg,2,73,702,5416,757,90,90
msg,2,74,690,4714,765,90,90
msg,2,75,719,3970,756,90,90
msg,2,76,688,31561,772,90,90
msg,2,77,725,6298,775,90,90
msg,2,78,715,4153,753,90,90
msg,2,79,692,4352,755,90,90
msg,2,80,699,4367,757,90,90
msg,2,81,692,6443,774,90,90
msg,2,82,690,5998,768,90,90
msg,2,83,729,4864,776,90,90
msg,2,84,722,4234,785,90,90
msg,2,85,721,5256,770,90,90
msg,2,86,721,4357,774,90,90
msg,2,87,723,3925,756,90,90
msg,2,88,713,22236,772,90,90
msg,2,89,723,4421,754,90,90
msg,2,90,713,4623,770,90,90
msg,2,91,692,5603,775,90,90
msg,2,92,721,4141,766,90,90
msg,2,93,723,4606,776,90,90
msg,2,94,720,4242,768,90,90
msg,2,95,722,4616,770,90,90
msg,2,96,715,8541,804,90,90
msg,2,97,700,4499,770,90,90
msg,2,98,695,6598,777,90,90
msg,2,99,718,3938,798,90,90
msg,2,100,694,30741,777,90,90
msg,2,101,736,4685,767,90,90
msg,2,102,830,3976,772,90,90
msg,2,103,727,4739,754,90,90
msg,2,104,694,3960,771,90,90
msg,2,105,713,4871,765,90,90
msg,2,106,693,3662,777,90,90
msg,2,107,716,4641,763,90,90
msg,2,108,718,10818,767,90,90
msg,2,109,721,3830,765,90,90
msg,2,110,711,3918,766,90,90
msg,2,111,726,4195,775,90,90
msg,2,112,712,28914,767,90,90
msg,2,113,726,4585,762,90,90
msg,2,114,698,4198,752,90,90
msg,2,115,697,4957,772,90,90
msg,2,116,705,3929,778,90,90
msg,2,117,781,3955,766,90,90
msg,2,118,725,4000,772,90,90
msg,2,119,715,5318,771,90,90
msg,2,120,714,5300,776,90,90
msg,2,121,720,4039,772,90,90
msg,2,122,716,6534,776,90,90
msg,2,123,715,4477,776,90,90
msg,2,124,717,30314,769,90,90
msg,2,125,713,7171,778,90,90
msg,2,126,713,4590,771,90,90
msg,2,127,721,8708,756,90,90
msg,2,128,698,3808,778,90,90
msg,2,129,714,8500,774,90,90
msg,2,130,720,6373,776,90,90
msg,2,131,724,10684,771,90,90
msg,2,132,695,5671,775,90,90
msg,2,133,718,4299,775,90,90
msg,2,134,724,21814,755,90,90
msg,2,135,692,5044,769,90,90
msg,2,136,726,4366,769,90,90
msg,2,137,719,4184,772,90,90
msg,2,138,717,4012,772,90,90
msg,2,139,787,4712,767,90,90
msg,2,140,715,5692,756,90,90
msg,2,141,697,4420,774,90,90
msg,2,142,718,7222,772,90,90
msg,2,143,693,4001,764,90,90
msg,2,144,724,7539,754,90,90
msg,2,145,695,5735,766,90,90
msg,2,146,713,25069,764,90,90
msg,2,147,704,4259,752,90,90
msg,2,148,696,5284,757,90,90
msg,2,149,698,4592,765,90,90
msg,2,150,720,3798,773,90,90
msg,2,151,714,3926,772,90,90
msg,2,152,717,4026,758,90,90
msg,2,153,692,4216,764,90,90
msg,2,154,793,4090,777,90,90
msg,2,155,729,6999,768,90,90
msg,2,156,714,5669,775,90,90
msg,2,157,718,5488,756,90,90
msg,2,158,730,5222,765,90,90
msg,2,159,726,28328,777,90,90
msg,2,160,716,6738,773,90,90
msg,2,161,707,4206,751,90,90
msg,2,162,691,4741,775,90,90
msg,2,163,732,5617,760,90,90
msg,2,164,725,4809,823,90,90
msg,2,165,733,4755,773,90,90
msg,2,166,730,4444,753,90,90
msg,2,167,724,4295,767,90,90
msg,2,168,724,4642,770,90,90
msg,2,169,692,4717,772,90,90
msg,2,170,714,4092,766,90,90
msg,2,171,719,28172,766,90,90
msg,2,172,703,4588,774,90,90
msg,2,173,715,4412,769,90,90
msg,2,174,783,4106,772,90,90
msg,2,175,719,4005,757,90,90
msg,2,176,696,3727,771,90,90
msg,2,177,733,4870,752,90,90
msg,2,178,698,3891,773,90,90
msg,2,179,713,6950,753,90,90
msg,2,180,695,3726,774,90,90
msg,2,181,722,6867,756,90,90
msg,2,182,698,5158,767,90,90
msg,2,183,718,26093,769,90,90
msg,2,184,734,4047,774,90,90
msg,2,185,725,10170,773,90,90
msg,2,186,699,3967,763,90,90
msg,2,187,717,6456,754,90,90
msg,2,188,694,4000,773,90,90
msg,2,189,731,4850,765,90,90
msg,2,190,700,5608,773,90,90
msg,2,191,720,5216,773,90,90
msg,2,192,726,5047,751,90,90
msg,2,193,697,7601,781,90,90
msg,2,194,776,22270,766,90,90
msg,2,195,715,10758,769,90,90
msg,2,196,713,4482,768,90,90
msg,2,197,729,4405,751,90,90
msg,2,198,697,4014,769,90,90
msg,2,199,714,4580,842,90,90
whole,2,24.296,1755.487,200
#stack 2360
#end
#block pipeline plain lorawan11 down
#aead LoRaWAN-1.1 AES-128-CTR+2xCMAC (BearSSL (arduino-pico)), downlink, 51 B payload + 13 B overhead
#lib none (plain MQTT)
iter,tcp_ms,tls_ms,mqtt_ms,total_ms,hs_tx_B,hs_rx_B,mqtt_tx_B,mqtt_rx_B,hs_writes,hs_reads,writes,reads,free_heap_B,hs_keygen_us,hs_derive_us,hs_verify_us,hs_sign_us,hs_keygen_n,hs_derive_n,hs_verify_n,hs_sign_n
msg,iter,idx,seal_us,rtt_us,open_us,tx_B,rx_B
whole,iter,first_ms,all_ms,msgs
0,7.3860,0.0020,6.5120,13.9000,0,0,23,4,0,0,1,1,148660,0.0,0.0,0.0,0.0,0,0,0,0
msg,0,0,567,5731,519,90,90
msg,0,1,440,4147,491,90,90
msg,0,2,453,3860,495,90,90
msg,0,3,453,5195,487,90,90
msg,0,4,437,4588,492,90,90
msg,0,5,452,31244,513,90,90
msg,0,6,432,4778,490,90,90
msg,0,7,430,4031,510,90,90
msg,0,8,433,5626,487,90,90
msg,0,9,429,6103,510,90,90
msg,0,10,429,7518,498,90,90
msg,0,11,447,5999,492,90,90
msg,0,12,432,6563,492,90,90
msg,0,13,541,4001,493,90,90
msg,0,14,457,4959,497,90,90
msg,0,15,435,4116,512,90,90
msg,0,16,432,4556,494,90,90
msg,0,17,430,25806,486,90,90
msg,0,18,459,5552,504,90,90
msg,0,19,453,5964,485,90,90
msg,0,20,451,4276,493,90,90
msg,0,21,433,4157,511,90,90
msg,0,22,433,4787,509,90,90
msg,0,23,427,3949,511,90,90
msg,0,24,422,4293,494,90,90
msg,0,25,456,4977,491,90,90
msg,0,26,458,4224,508,90,90
msg,0,27,419,5762,510,90,90
msg,0,28,438,12321,505,90,90
msg,0,29,448,4102,488,90,90
msg,0,30,447,27020,494,90,90
msg,0,31,432,8569,493,90,90
msg,0,32,445,4427,504,90,90
msg,0,33,424,4389,495,90,90
msg,0,34,455,4496,511,90,90
msg,0,35,425,14234,486,90,90
msg,0,36,457,5444,510,90,90
msg,0,37,422,4573,489,90,90
msg,0,38,432,9577,492,90,90
msg,0,39,461,3847,493,90,90
msg,0,40,454,6771,491,90,90
msg,0,41,451,25807,500,90,90
msg,0,42,456,3979,490,90,90
msg,0,43,452,3557,503,90,90
msg,0,44,422,3909,512,90,90
msg,0,45,452,3957,508,90,90
msg,0,46,456,4085,489,90,90
msg,0,47,452,5266,513,90,90
msg,0,48,423,5234,496,90,90
msg,0,49,458,5107,493,90,90
msg,0,50,459,4624,490,90,90
msg,0,51,459,3993,491,90,90
msg,0,52,449,7811,493,90,90
msg,0,53,455,4235,508,90,90
msg,0,54,432,29281,513,90,90
msg,0,55,460,6862,497,90,90
msg,0,56,451,4870,497,90,90
msg,0,57,458,3924,489,90,90
msg,0,58,457,4912,491,90,90
msg,0,59,461,5809,493,90,90
msg,0,60,455,5894,492,90,90
msg,0,61,456,7441,505,90,90
msg,0,62,426,4130,510,90,90
msg,0,63,456,4698,510,90,90
msg,0,64,429,4879,509,90,90
msg,0,65,440,4284,496,90,90
msg,0,66,447,6704,490,90,90
msg,0,67,465,30264,496,90,90
msg,0,68,427,4168,516,90,90
msg,0,69,429,4251,490,90,90
msg,0,70,449,4206,509,90,90
msg,0,71,426,4751,495,90,90
msg,0,72,431,4174,508,90,90
msg,0,73,436,4399,489,90,90
msg,0,74,452,7070,493,90,90
msg,0,75,429,4493,497,90,90
msg,0,76,463,3875,496,90,90
msg,0,77,460,4052,487,90,90
msg,0,78,450,5163,511,90,90
msg,0,79,424,32116,513,90,90
msg,0,80,428,4379,492,90,90
msg,0,81,453,5848,490,90,90
msg,0,82,459,4314,507,90,90
msg,0,83,428,5422,490,90,90
msg,0,84,450,5649,495,90,90
msg,0,85,463,4713,508,90,90
msg,0,86,453,4601,511,90,90
msg,0,87,431,4450,492,90,90
msg,0,88,458,4126,492,90,90
msg,0,89,431,4088,512,90,90
msg,0,90,427,4682,505,90,90
msg,0,91,429,4235,505,90,90
msg,0,92,448,35440,511,90,90
msg,0,93,427,4523,494,90,90
msg,0,94,450,4398,505,90,90
msg,0,95,430,4905,509,90,90
msg,0,96,437,4393,494,90,90
msg,0,97,464,4097,491,90,90
msg,0,98,428,4026,502,90,90
msg,0,99,430,5777,513,90,90
msg,0,100,439,5434,496,90,90
msg,0,101,457,4189,497,90,90
msg,0,102,442,8911,493,90,90
msg,0,103,436,3940,514,90,90
msg,0,104,502,23170,504,90,90
msg,0,105,447,3847,508,90,90
msg,0,106,450,4396,489,90,90
msg,0,107,432,3823,491,90,90
msg,0,108,495,4483,492,90,90
msg,0,109,450,3955,493,90,90
msg,0,110,451,5001,492,90,90
msg,0,111,452,7843,490,90,90
msg,0,112,454,4243,513,90,90
msg,0,113,438,6066,511,90,90
msg,0,114,422,5759,514,90,90
msg,0,115,425,6251,496,90,90
msg,0,116,451,3813,491,90,90
msg,0,117,447,4292,498,90,90
msg,0,118,439,27811,494,90,90
msg,0,119,429,3693,495,90,90
msg,0,120,462,4627,493,90,90
msg,0,121,448,4188,488,90,90
msg,0,122,432,3777,494,90,90
msg,0,123,457,4560,506,90,90
msg,0,124,457,4340,493,90,90
msg,0,125,444,6386,499,90,90
msg,0,126,447,4746,504,90,90
msg,0,127,423,4666,512,90,90
msg,0,128,435,3888,511,90,90
msg,0,129,426,8011,508,90,90
msg,0,130,425,3821,509,90,90
msg,0,131,437,30949,510,90,90
msg,0,132,421,3957,511,90,90
msg,0,133,509,3768,508,90,90
msg,0,134,426,3844,510,90,90
msg,0,135,430,4759,511,90,90
msg,0,136,438,4563,493,90,90
msg,0,137,436,7527,495,90,90
msg,0,138,466,6624,510,90,90
msg,0,139,439,4942,503,90,90
msg,0,140,416,5413,494,90,90
msg,0,141,433,7824,491,90,90
msg,0,142,427,3810,494,90,90
msg,0,143,458,31893,487,90,90
msg,0,144,451,4404,515,90,90
msg,0,145,434,3757,507,90,90
msg,0,146,428,5199,500,90,90
msg,0,147,458,3907,494,90,90
msg,0,148,450,3972,490,90,90
msg,0,149,455,4742,489,90,90
msg,0,150,465,7058,495,90,90
msg,0,151,455,7123,511,90,90
msg,0,152,429,8534,495,90,90
msg,0,153,465,4594,499,90,90
msg,0,154,454,4060,495,90,90
msg,0,155,457,25590,507,90,90
msg,0,156,458,3936,509,90,90
msg,0,157,460,6480,507,90,90
msg,0,158,431,4349,493,90,90
msg,0,159,451,4192,496,90,90
msg,0,160,422,3980,488,90,90
msg,0,161,428,4013,511,90,90
msg,0,162,425,4221,504,90,90
msg,0,163,451,4250,493,90,90
msg,0,164,432,3603,494,90,90
msg,0,165,459,4884,490,90,90
msg,0,166,461,4156,495,90,90
msg,0,167,425,3730,489,90,90
msg,0,168,506,4323,503,90,90
msg,0,169,433,4101,502,90,90
msg,0,170,451,26163,489,90,90
msg,0,171,449,3977,491,90,90
msg,0,172,430,5683,493,90,90
msg,0,173,446,4510,512,90,90
msg,0,174,430,4225,492,90,90
msg,0,175,454,4991,492,90,90
msg,0,176,424,4317,505,90,90
msg,0,177,429,3887,510,90,90
msg,0,178,430,3674,511,90,90
msg,0,179,430,6442,490,90,90
msg,0,180,450,5150,488,90,90
msg,0,181,506,9607,501,90,90
msg,0,182,430,5949,511,90,90
msg,0,183,434,28428,497,90,90
msg,0,184,422,4073,510,90,90
msg,0,185,435,4658,491,90,90
msg,0,186,429,6012,487,90,90
msg,0,187,433,3982,510,90,90
msg,0,188,433,3589,491,90,90
msg,0,189,450,4887,494,90,90
msg,0,190,446,3770,496,90,90
msg,0,191,449,3792,493,90,90
msg,0,192,460,4943,491,90,90
msg,0,193,446,4469,507,90,90
msg,0,194,433,9723,518,90,90
msg,0,195,421,4383,493,90,90
msg,0,196,453,25583,511,90,90
msg,0,197,433,6287,495,90,90
msg,0,198,456,4426,507,90,90
msg,0,199,430,3900,506,90,90
whole,0,26.312,1630.862,200
1,4.4150,0.0030,4.3190,8.7370,0,0,23,4,0,0,1,1,148660,0.0,0.0,0.0,0.0,0,0,0,0
msg,1,0,566,3979,495,90,90
msg,1,1,433,4716,494,90,90
msg,1,2,456,4353,510,90,90
msg,1,3,427,7426,489,90,90
msg,1,4,457,4048,489,90,90
msg,1,5,430,5660,491,90,90
msg,1,6,455,29536,512,90,90
msg,1,7,447,5283,487,90,90
msg,1,8,433,4045,600,90,90
msg,1,9,434,3989,508,90,90
msg,1,10,424,3762,509,90,90
msg,1,11,425,4756,492,90,90
msg,1,12,430,4135,512,90,90
msg,1,13,433,4198,493,90,90
msg,1,14,450,3969,492,90,90
msg,1,15,458,4213,509,90,90
msg,1,16,438,4221,513,90,90
msg,1,17,456,4932,510,90,90
msg,1,18,454,4212,489,90,90
msg,1,19,432,36583,490,90,90
msg,1,20,461,3992,493,90,90
msg,1,21,457,3729,495,90,90
msg,1,22,452,5084,495,90,90
msg,1,23,461,3801,490,90,90
msg,1,24,461,3943,495,90,90
msg,1,25,432,4600,488,90,90
msg,1,26,452,4803,503,90,90
msg,1,27,452,3978,494,90,90
msg,1,28,457,4591,510,90,90
msg,1,29,424,6753,508,90,90
msg,1,30,428,6155,508,90,90
msg,1,31,459,4587,508,90,90
msg,1,32,424,31844,503,90,90
msg,1,33,426,5768,510,90,90
msg,1,34,428,4363,491,90,90
msg,1,35,461,5082,490,90,90
msg,1,36,455,4003,492,90,90
msg,1,37,428,4287,513,90,90
msg,1,38,432,3967,502,90,90
msg,1,39,453,3820,509,90,90
msg,1,40,458,4942,601,90,90
msg,1,41,455,4467,515,90,90
msg,1,42,423,4416,496,90,90
msg,1,43,463,5430,509,90,90
msg,1,44,430,4360,496,90,90
msg,1,45,450,37353,513,90,90
msg,1,46,431,4497,492,90,90
msg,1,47,428,4288,512,90,90
msg,1,48,429,3803,512,90,90
msg,1,49,428,4773,513,90,90
msg,1,50,435,4087,512,90,90
msg,1,51,456,4271,549,90,90
msg,1,52,424,5351,508,90,90
msg,1,53,426,3934,507,90,90
msg,1,54,449,3884,506,90,90
msg,1,55,451,7487,512,90,90
msg,1,56,423,3998,505,90,90
msg,1,57,432,32814,512,90,90
msg,1,58,420,3985,502,90,90
msg,1,59,431,4142,505,90,90
msg,1,60,458,3672,506,90,90
msg,1,61,441,3536,497,90,90
msg,1,62,426,4382,506,90,90
msg,1,63,445,6171,492,90,90
msg,1,64,450,4378,512,90,90
msg,1,65,426,4260,493,90,90
msg,1,66,449,3976,499,90,90
msg,1,67,456,4057,493,90,90
msg,1,68,428,4538,488,90,90
msg,1,69,456,4016,491,90,90
msg,1,70,451,4225,509,90,90
msg,1,71,432,29429,491,90,90
msg,1,72,536,4035,494,90,90
msg,1,73,431,4488,493,90,90
msg,1,74,449,3844,495,90,90
msg,1,75,452,3897,538,90,90
msg,1,76,454,4391,511,90,90
msg,1,77,431,4715,488,90,90
msg,1,78,430,3984,508,90,90
msg,1,79,428,4030,508,90,90
msg,1,80,425,5720,506,90,90
msg,1,81,434,4653,493,90,90
msg,1,82,422,4115,571,90,90
msg,1,83,425,5079,511,90,90
msg,1,84,423,4136,489,90,90
msg,1,85,456,30649,507,90,90
msg,1,86,448,6017,494,90,90
msg,1,87,455,4359,509,90,90
msg,1,88,435,4055,514,90,90
msg,1,89,430,4438,493,90,90
msg,1,90,429,3887,496,90,90
msg,1,91,424,3587,491,90,90
msg,1,92,451,3747,507,90,90
msg,1,93,450,4645,512,90,90
msg,1,94,429,4697,508,90,90
msg,1,95,428,3861,514,90,90
msg,1,96,430,6769,489,90,90
msg,1,97,439,3891,491,90,90
msg,1,98,432,5558,491,90,90
msg,1,99,452,17428,512,90,90
msg,1,100,435,11314,491,90,90
msg,1,101,465,4580,506,90,90
msg,1,102,423,3759,508,90,90
msg,1,103,495,4459,493,90,90
msg,1,104,431,5164,510,90,90
msg,1,105,430,7563,569,90,90
msg,1,106,445,4762,488,90,90
msg,1,107,432,6896,495,90,90
msg,1,108,429,5073,559,90,90
msg,1,109,425,7686,498,90,90
msg,1,110,438,5109,509,90,90
msg,1,111,431,26242,498,90,90
msg,1,112,454,4348,515,90,90
msg,1,113,425,4918,504,90,90
msg,1,114,423,4126,518,90,90
msg,1,115,503,3759,511,90,90
msg,1,116,427,4505,492,90,90
msg,1,117,433,4236,516,90,90
msg,1,118,423,4070,505,90,90
msg,1,119,451,4160,485,90,90
msg,1,120,455,4070,494,90,90
msg,1,121,428,4816,492,90,90
msg,1,122,438,5671,491,90,90
msg,1,123,461,6681,492,90,90
msg,1,124,451,4416,507,90,90
msg,1,125,424,6895,510,90,90
msg,1,126,423,25512,489,90,90
msg,1,127,457,9193,508,90,90
msg,1,128,422,7897,516,90,90
msg,1,129,421,4820,510,90,90
msg,1,130,423,4998,511,90,90
msg,1,131,424,5020,507,90,90
msg,1,132,422,4360,491,90,90
msg,1,133,452,4006,538,90,90
msg,1,134,427,5629,491,90,90
msg,1,135,453,6202,503,90,90
msg,1,136,423,4297,563,90,90
msg,1,137,452,30871,494,90,90
msg,1,138,459,4327,488,90,90
msg,1,139,427,6262,514,90,90
msg,1,140,451,5994,494,90,90
msg,1,141,456,7257,491,90,90
msg,1,142,430,6540,493,90,90
msg,1,143,456,5592,509,90,90
msg,1,144,429,7639,509,90,90
msg,1,145,426,4947,510,90,90
msg,1,146,427,6082,509,90,90
msg,1,147,450,4590,508,90,90
msg,1,148,426,7002,512,90,90
msg,1,149,424,22692,512,90,90
msg,1,150,428,3529,489,90,90
msg,1,151,525,4129,510,90,90
msg,1,152,424,4146,511,90,90
msg,1,153,432,3765,504,90,90
msg,1,154,431,4507,492,90,90
msg,1,155,449,4992,489,90,90
msg,1,156,427,4781,495,90,90
msg,1,157,425,3934,492,90,90
msg,1,158,424,5048,509,90,90
msg,1,159,435,3814,491,90,90
msg,1,160,438,4623,496,90,90
msg,1,161,453,3959,494,90,90
msg,1,162,484,3858,489,90,90
msg,1,163,425,3507,493,90,90
msg,1,164,449,25890,495,90,90
msg,1,165,449,5805,508,90,90
msg,1,166,449,3819,506,90,90
msg,1,167,457,4731,512,90,90
msg,1,168,428,3771,511,90,90
msg,1,169,528,3768,514,90,90
msg,1,170,429,4321,490,90,90
msg,1,171,452,3823,494,90,90
msg,1,172,449,5024,495,90,90
msg,1,173,431,4300,511,90,90
msg,1,174,429,4085,501,90,90
msg,1,175,455,4790,508,90,90
msg,1,176,449,3866,508,90,90
msg,1,177,451,4379,494,90,90
msg,1,178,433,31892,493,90,90
msg,1,179,433,4663,497,90,90
msg,1,180,453,4259,505,90,90
msg,1,181,428,4492,486,90,90
msg,1,182,449,4302,517,90,90
msg,1,183,438,4094,504,90,90
msg,1,184,450,4026,495,90,90
msg,1,185,449,4619,555,90,90
msg,1,186,450,7414,497,90,90
msg,1,187,431,3814,491,90,90
msg,1,188,439,3677,498,90,90
msg,1,189,448,5288,505,90,90
msg,1,190,429,4130,509,90,90
msg,1,191,448,36360,494,90,90
msg,1,192,433,5645,494,90,90
msg,1,193,461,4842,493,90,90
msg,1,194,513,4370,516,90,90
msg,1,195,428,4532,492,90,90
msg,1,196,429,3672,486,90,90
msg,1,197,452,4045,494,90,90
msg,1,198,429,4052,501,90,90
msg,1,199,433,4699,492,90,90
whole,1,19.940,1566.347,200
2,8.8130,0.0030,4.3530,13.1690,0,0,23,4,0,0,1,1,148660,0.0,0.0,0.0,0.0,0,0,0,0
msg,2,0,566,3571,512,90,90
msg,2,1,430,4050,502,90,90
msg,2,2,449,4493,511,90,90
msg,2,3,427,6304,493,90,90
msg,2,4,452,4406,511,90,90
msg,2,5,427,5183,503,90,90
msg,2,6,419,4055,547,90,90
msg,2,7,459,4904,495,90,90
msg,2,8,471,7393,504,90,90
msg,2,9,435,4405,541,90,90
msg,2,10,464,3779,494,90,90
msg,2,11,457,4300,503,90,90
msg,2,12,425,4617,497,90,90
msg,2,13,429,31098,510,90,90
msg,2,14,423,4114,503,90,90
msg,2,15,426,4822,512,90,90
msg,2,16,430,7240,489,90,90
msg,2,17,463,3875,493,90,90
msg,2,18,462,4163,485,90,90
msg,2,19,420,4176,509,90,90
msg,2,20,422,6434,490,90,90
msg,2,21,440,5754,493,90,90
msg,2,22,451,4841,491,90,90
msg,2,23,455,6256,511,90,90
msg,2,24,434,4380,492,90,90
msg,2,25,459,6657,512,90,90
msg,2,26,456,29223,490,90,90
msg,2,27,928,826224,511,90,90
msg,2,28,460,5141,493,90,90
msg,2,29,429,4765,499,90,90
msg,2,30,453,4728,494,90,90
msg,2,31,458,5498,510,90,90
msg,2,32,424,4162,542,90,90
msg,2,33,450,4740,507,90,90
msg,2,34,544,5188,492,90,90
msg,2,35,433,9383,511,90,90
msg,2,36,451,6135,488,90,90
msg,2,37,452,25640,502,90,90
msg,2,38,456,4987,495,90,90
msg,2,39,463,5940,491,90,90
msg,2,40,465,4763,489,90,90
msg,2,41,453,4134,491,90,90
msg,2,42,424,4615,487,90,90
msg,2,43,460,3764,508,90,90
msg,2,44,456,4595,507,90,90
msg,2,45,425,6751,514,90,90
msg,2,46,421,5358,488,90,90
msg,2,47,452,7907,489,90,90
msg,2,48,466,7110,492,90,90
msg,2,49,437,29607,498,90,90
msg,2,50,459,5463,554,90,90
msg,2,51,427,6143,493,90,90
msg,2,52,462,4360,511,90,90
msg,2,53,426,5513,493,90,90
msg,2,54,503,4533,509,90,90
msg,2,55,453,4716,512,90,90
msg,2,56,430,5957,507,90,90
msg,2,57,429,3916,509,90,90
msg,2,58,455,4921,504,90,90
msg,2,59,450,6666,508,90,90
msg,2,60,439,3883,515,90,90
msg,2,61,426,4071,505,90,90
msg,2,62,463,31389,549,90,90
msg,2,63,432,4333,496,90,90
msg,2,64,449,3939,495,90,90
msg,2,65,450,3980,495,90,90
msg,2,66,451,4336,503,90,90
msg,2,67,424,3954,507,90,90
msg,2,68,430,3802,510,90,90
msg,2,69,440,5036,507,90,90
msg,2,70,435,6090,495,90,90
msg,2,71,454,4336,509,90,90
msg,2,72,444,3810,491,90,90
msg,2,73,434,4558,491,90,90
msg,2,74,465,37033,491,90,90
msg,2,75,424,7561,492,90,90
msg,2,76,446,5732,505,90,90
msg,2,77,454,5607,509,90,90
msg,2,78,427,3610,887,90,90
msg,2,79,429,5555,495,90,90
msg,2,80,428,3962,506,90,90
msg,2,81,429,11240,514,90,90
msg,2,82,450,6298,492,90,90
msg,2,83,436,6069,507,90,90
msg,2,84,426,5971,510,90,90
msg,2,85,430,25975,508,90,90
msg,2,86,429,4036,504,90,90
msg,2,87,448,5363,488,90,90
msg,2,88,433,4469,491,90,90
msg,2,89,446,4640,508,90,90
msg,2,90,426,7382,497,90,90
msg,2,91,436,5098,512,90,90
msg,2,92,429,4273,503,90,90
msg,2,93,454,5195,492,90,90
msg,2,94,454,4653,490,90,90
msg,2,95,450,5891,491,90,90
msg,2,96,455,4603,511,90,90
msg,2,97,429,4904,513,90,90
msg,2,98,454,28208,492,90,90
msg,2,99,456,4216,507,90,90
msg,2,100,435,3807,511,90,90
msg,2,101,430,5816,491,90,90
msg,2,102,430,4884,495,90,90
msg,2,103,428,8443,494,90,90
msg,2,104,448,3981,498,90,90
msg,2,105,454,4599,499,90,90
msg,2,106,454,5647,506,90,90
msg,2,107,427,4101,505,90,90
msg,2,108,463,6458,504,90,90
msg,2,109,429,4051,513,90,90
msg,2,110,425,7385,542,90,90
msg,2,111,456,26718,493,90,90
msg,2,112,468,4189,493,90,90
msg,2,113,442,5158,511,90,90
msg,2,114,425,3975,508,90,90
msg,2,115,450,5101,491,90,90
msg,2,116,458,4989,493,90,90
msg,2,117,455,10346,506,90,90
msg,2,118,424,5141,496,90,90
msg,2,119,450,4676,509,90,90
msg,2,120,431,7697,503,90,90
msg,2,121,437,4122,507,90,90
msg,2,122,448,4482,510,90,90
msg,2,123,425,25562,494,90,90
msg,2,124,450,4680,485,90,90
msg,2,125,454,4067,491,90,90
msg,2,126,455,3722,493,90,90
msg,2,127,458,4267,508,90,90
msg,2,128,440,7741,497,90,90
msg,2,129,431,4942,491,90,90
msg,2,130,422,6605,498,90,90
msg,2,131,456,4532,514,90,90
msg,2,132,455,3979,508,90,90
msg,2,133,452,5506,506,90,90
msg,2,134,427,4396,496,90,90
msg,2,135,458,4177,559,90,90
msg,2,136,431,24675,493,90,90
msg,2,137,423,3987,495,90,90
msg,2,138,430,5135,514,90,90
msg,2,139,425,4088,503,90,90
msg,2,140,450,3880,504,90,90
msg,2,141,461,4844,510,90,90
msg,2,142,457,4339,488,90,90
msg,2,143,428,4348,510,90,90
msg,2,144,456,3522,508,90,90
msg,2,145,422,4376,492,90,90
msg,2,146,452,4217,490,90,90
msg,2,147,433,3754,493,90,90
msg,2,148,429,10092,506,90,90
msg,2,149,433,3949,513,90,90
msg,2,150,430,30712,490,90,90
msg,2,151,433,4600,490,90,90
msg,2,152,449,4250,509,90,90
msg,2,153,424,4200,505,90,90
msg,2,154,454,4879,504,90,90
msg,2,155,463,5291,489,90,90
msg,2,156,426,4937,496,90,90
msg,2,157,426,3990,507,90,90
msg,2,158,422,4770,494,90,90
msg,2,159,430,6532,492,90,90
msg,2,160,465,4653,510,90,90
msg,2,161,451,4029,492,90,90
msg,2,162,442,4603,506,90,90
msg,2,163,434,4421,495,90,90
msg,2,164,425,23013,495,90,90
msg,2,165,425,4786,492,90,90
msg,2,166,429,4547,493,90,90
msg,2,167,444,3565,508,90,90
msg,2,168,431,4699,507,90,90
msg,2,169,427,4276,502,90,90
msg,2,170,451,3912,498,90,90
msg,2,171,449,4487,505,90,90
msg,2,172,438,4680,490,90,90
msg,2,173,433,5687,496,90,90
msg,2,174,448,4138,514,90,90
msg,2,175,429,3847,513,90,90
msg,2,176,428,4272,512,90,90
msg,2,177,450,4004,492,90,90
msg,2,178,451,6205,511,90,90
msg,2,179,435,26828,551,90,90
msg,2,180,430,4235,505,90,90
msg,2,181,446,4325,494,90,90
msg,2,182,431,4457,511,90,90
msg,2,183,442,5194,496,90,90
msg,2,184,467,4128,509,90,90
msg,2,185,438,3907,509,90,90
msg,2,186,431,4470,494,90,90
msg,2,187,518,6662,493,90,90
msg,2,188,455,10995,496,90,90
msg,2,189,534,3962,497,90,90
msg,2,190,434,3887,492,90,90
msg,2,191,427,29711,528,90,90
msg,2,192,457,5367,507,90,90
msg,2,193,422,3892,504,90,90
msg,2,194,426,4457,494,90,90
msg,2,195,432,4261,510,90,90
msg,2,196,424,3900,508,90,90
msg,2,197,422,4976,507,90,90
msg,2,198,424,3730,508,90,90
msg,2,199,429,4483,493,90,90
whole,2,46.783,2446.730,200
#stack 2340
#end
#block pipeline plain lorawan11_256 up
#aead AES-256-CTR+2xCMAC (LoRaWAN 1.1 frame, 256-bit keys) (BearSSL (arduino-pico)), uplink, 51 B payload + 13 B overhead
#lib none (plain MQTT)
iter,tcp_ms,tls_ms,mqtt_ms,total_ms,hs_tx_B,hs_rx_B,mqtt_tx_B,mqtt_rx_B,hs_writes,hs_reads,writes,reads,free_heap_B,hs_keygen_us,hs_derive_us,hs_verify_us,hs_sign_us,hs_keygen_n,hs_derive_n,hs_verify_n,hs_sign_n
msg,iter,idx,seal_us,rtt_us,open_us,tx_B,rx_B
whole,iter,first_ms,all_ms,msgs
0,5.3800,0.0030,4.6340,10.0170,0,0,23,4,0,0,1,1,148660,0.0,0.0,0.0,0.0,0,0,0,0
msg,0,0,1066,10026,1004,90,90
msg,0,1,928,11529,1001,90,90
msg,0,2,953,4271,995,90,90
msg,0,3,949,30038,995,90,90
msg,0,4,951,6082,1002,90,90
msg,0,5,949,4858,995,90,90
msg,0,6,949,4839,1003,90,90
msg,0,7,948,3895,999,90,90
msg,0,8,950,4053,1007,90,90
msg,0,9,946,5660,999,90,90
msg,0,10,951,5086,999,90,90
msg,0,11,951,4757,1000,90,90
msg,0,12,943,48778,998,90,90
msg,0,13,950,6123,995,90,90
msg,0,14,947,3857,1001,90,90
msg,0,15,959,4462,1001,90,90
msg,0,16,943,5900,998,90,90
msg,0,17,950,5470,1004,90,90
msg,0,18,953,5902,1007,90,90
msg,0,19,927,4887,1000,90,90
msg,0,20,1391,5739,994,90,90
msg,0,21,950,4256,1083,90,90
msg,0,22,951,27328,1002,90,90
msg,0,23,951,7686,997,90,90
msg,0,24,949,4193,998,90,90
msg,0,25,957,4031,1001,90,90
msg,0,26,946,4323,996,90,90
msg,0,27,1012,5003,1003,90,90
msg,0,28,957,7044,999,90,90
msg,0,29,948,7347,1000,90,90
msg,0,30,926,4322,997,90,90
msg,0,31,958,4409,1005,90,90
msg,0,32,928,4431,1004,90,90
msg,0,33,954,21646,1000,90,90
msg,0,34,946,4165,1001,90,90
msg,0,35,944,4904,995,90,90
msg,0,36,953,6072,998,90,90
msg,0,37,947,4917,1000,90,90
msg,0,38,952,7268,1002,90,90
msg,0,39,961,5743,999,90,90
msg,0,40,943,5540,1004,90,90
msg,0,41,948,4134,996,90,90
msg,0,42,947,6607,1001,90,90
msg,0,43,954,4066,991,90,90
msg,0,44,946,35597,1091,90,90
msg,0,45,957,4545,1000,90,90
msg,0,46,956,3915,993,90,90
msg,0,47,961,4636,1050,90,90
msg,0,48,949,7035,1006,90,90
msg,0,49,948,5658,1001,90,90
msg,0,50,948,5988,999,90,90
msg,0,51,946,4142,1001,90,90
msg,0,52,956,6022,1078,90,90
msg,0,53,953,4998,993,90,90
msg,0,54,948,4344,1005,90,90
msg,0,55,956,30119,1003,90,90
msg,0,56,923,4481,1000,90,90
msg,0,57,950,4099,1002,90,90
msg,0,58,1013,4197,995,90,90
msg,0,59,945,5524,1001,90,90
msg,0,60,958,5425,1047,90,90
msg,0,61,949,6216,1001,90,90
msg,0,62,961,4570,1003,90,90
msg,0,63,960,5677,998,90,90
msg,0,64,950,4838,1000,90,90
msg,0,65,956,23724,998,90,90
msg,0,66,947,6707,999,90,90
msg,0,67,956,4350,1006,90,90
msg,0,68,953,3699,1005,90,90
msg,0,69,944,3953,999,90,90
msg,0,70,949,4835,1005,90,90
msg,0,71,949,4555,994,90,90
msg,0,72,950,3993,994,90,90
msg,0,73,942,7184,997,90,90
msg,0,74,948,5506,1073,90,90
msg,0,75,941,8151,999,90,90
msg,0,76,953,29504,992,90,90
msg,0,77,949,4121,1003,90,90
msg,0,78,947,4640,998,90,90
msg,0,79,944,4527,1000,90,90
msg,0,80,953,3723,1003,90,90
msg,0,81,951,4086,996,90,90
msg,0,82,924,4019,1066,90,90
msg,0,83,946,4441,1003,90,90
msg,0,84,950,4394,994,90,90
msg,0,85,946,4666,1089,90,90
msg,0,86,947,5425,1002,90,90
msg,0,87,948,4108,993,90,90
msg,0,88,926,28592,1004,90,90
msg,0,89,950,4863,999,90,90
msg,0,90,940,4153,996,90,90
msg,0,91,922,4450,1000,90,90
msg,0,92,964,4722,999,90,90
msg,0,93,948,4731,996,90,90
msg,0,94,950,4396,997,90,90
msg,0,95,952,7672,1002,90,90
msg,0,96,943,11409,992,90,90
msg,0,97,948,4071,997,90,90
msg,0,98,943,30495,1004,90,90
msg,0,99,926,4098,998,90,90
msg,0,100,940,4529,1056,90,90
msg,0,101,948,6017,992,90,90
msg,0,102,950,5221,1000,90,90
msg,0,103,954,4108,1001,90,90
msg,0,104,952,5625,1004,90,90
msg,0,105,945,4977,1004,90,90
msg,0,106,957,4047,1003,90,90
msg,0,107,948,6868,1009,90,90
msg,0,108,954,3979,1004,90,90
msg,0,109,950,25102,981,90,90
msg,0,110,956,4240,998,90,90
msg,0,111,955,4357,1001,90,90
msg,0,112,950,4699,1003,90,90
msg,0,113,950,4725,994,90,90
msg,0,114,947,3859,1004,90,90
msg,0,115,957,4508,998,90,90
msg,0,116,950,3828,1000,90,90
msg,0,117,952,4468,1002,90,90
msg,0,118,951,4637,1000,90,90
msg,0,119,947,7423,1001,90,90
msg,0,120,946,5017,1008,90,90
msg,0,121,952,4380,1000,90,90
msg,0,122,929,22605,1003,90,90
msg,0,123,964,5475,1062,90,90
msg,0,124,956,4850,995,90,90
msg,0,125,961,4928,1007,90,90
msg,0,126,953,6156,1000,90,90
msg,0,127,949,5522,1002,90,90
msg,0,128,954,7578,1085,90,90
msg,0,129,954,4061,1006,90,90
msg,0,130,950,4466,1001,90,90
msg,0,131,925,4139,997,90,90
msg,0,132,1015,4225,994,90,90
msg,0,133,953,26267,995,90,90
msg,0,134,938,4715,1044,90,90
msg,0,135,924,4249,994,90,90
msg,0,136,948,4026,1008,90,90
msg,0,137,943,4669,1054,90,90
msg,0,138,963,4667,991,90,90
msg,0,139,960,4988,997,90,90
msg,0,140,961,7370,1002,90,90
msg,0,141,956,4500,995,90,90
msg,0,142,949,8602,993,90,90
msg,0,143,951,3723,1000,90,90
msg,0,144,940,32759,1008,90,90
msg,0,145,948,4984,1001,90,90
msg,0,146,945,4509,1001,90,90
msg,0,147,948,4863,999,90,90
msg,0,148,948,4377,994,90,90
msg,0,149,948,8791,1084,90,90
msg,0,150,955,6222,996,90,90
msg,0,151,952,5010,1000,90,90
msg,0,152,953,5119,997,90,90
msg,0,153,927,4328,994,90,90
msg,0,154,957,31980,1011,90,90
msg,0,155,951,4301,1000,90,90
msg,0,156,928,4143,1003,90,90
msg,0,157,945,4060,1000,90,90
msg,0,158,952,4215,999,90,90
msg,0,159,941,4108,998,90,90
msg,0,160,946,4086,999,90,90
msg,0,161,944,4856,999,90,90
msg,0,162,952,5069,997,90,90
msg,0,163,948,5954,996,90,90
msg,0,164,944,4055,996,90,90
msg,0,165,952,25631,1009,90,90
msg,0,166,968,4470,997,90,90
msg,0,167,960,4594,1004,90,90
msg,0,168,955,3875,1000,90,90
msg,0,169,959,3973,1000,90,90
msg,0,170,935,4733,1003,90,90
msg,0,171,960,4584,994,90,90
msg,0,172,954,4185,1004,90,90
msg,0,173,944,6580,1007,90,90
msg,0,174,950,5247,1000,90,90
msg,0,175,1010,5394,1000,90,90
msg,0,176,956,5795,996,90,90
msg,0,177,951,32246,1001,90,90
msg,0,178,944,4702,996,90,90
msg,0,179,955,4186,1005,90,90
msg,0,180,950,5098,1000,90,90
msg,0,181,946,4180,1005,90,90
msg,0,182,952,4084,1000,90,90
msg,0,183,946,3807,1006,90,90
msg,0,184,953,6243,996,90,90
msg,0,185,958,6630,999,90,90
msg,0,186,921,5121,998,90,90
msg,0,187,955,7461,998,90,90
msg,0,188,962,27529,1003,90,90
msg,0,189,947,4944,1002,90,90
msg,0,190,1021,4392,1002,90,90
msg,0,191,947,4727,999,90,90
msg,0,192,949,5814,1078,90,90
msg,0,193,948,3895,991,90,90
msg,0,194,948,6407,1004,90,90
msg,0,195,953,4075,1000,90,90
msg,0,196,962,3618,1003,90,90
msg,0,197,954,3855,1003,90,90
msg,0,198,958,3965,1000,90,90
msg,0,199,1010,22411,996,90,90
whole,0,27.372,1917.517,200
1,5.7010,0.0020,4.8770,10.5800,0,0,23,4,0,0,1,1,148660,0.0,0.0,0.0,0.0,0,0,0,0
msg,1,0,1060,3871,1002,90,90
msg,1,1,954,4043,1004,90,90
msg,1,2,1054,3746,1001,90,90
msg,1,3,955,4672,998,90,90
msg,1,4,947,7190,1002,90,90
msg,1,5,951,4192,1003,90,90
msg,1,6,955,5106,995,90,90
msg,1,7,1427,5377,1002,90,90
msg,1,8,945,21486,997,90,90
msg,1,9,955,4315,994,90,90
msg,1,10,950,4710,1054,90,90
msg,1,11,946,4067,985,90,90
msg,1,12,941,3853,994,90,90
msg,1,13,944,5181,1000,90,90
msg,1,14,1057,4063,996,90,90
msg,1,15,947,4112,999,90,90
msg,1,16,945,4411,999,90,90
msg,1,17,957,4235,1003,90,90
msg,1,18,926,4390,1002,90,90
msg,1,19,950,4563,992,90,90
msg,1,20,952,5420,997,90,90
msg,1,21,950,25683,995,90,90
msg,1,22,950,3887,1004,90,90
msg,1,23,1011,3943,1004,90,90
msg,1,24,953,3898,1000,90,90
msg,1,25,949,4064,1008,90,90
msg,1,26,923,3922,1000,90,90
msg,1,27,940,3937,996,90,90
msg,1,28,955,4660,1000,90,90
msg,1,29,958,5190,1001,90,90
msg,1,30,948,6342,1010,90,90
msg,1,31,947,4480,1005,90,90
msg,1,32,1010,4179,1004,90,90
msg,1,33,953,33857,1004,90,90
msg,1,34,955,4488,1003,90,90
msg,1,35,954,4261,1000,90,90
msg,1,36,947,5320,991,90,90
msg,1,37,958,5007,995,90,90
msg,1,38,954,5178,1001,90,90
msg,1,39,957,5749,997,90,90
msg,1,40,956,5480,992,90,90
msg,1,41,955,6642,1002,90,90
msg,1,42,932,5105,984,90,90
msg,1,43,950,23014,997,90,90
msg,1,44,951,4868,1048,90,90
msg,1,45,948,4341,1004,90,90
msg,1,46,948,4193,982,90,90
msg,1,47,951,4311,1087,90,90
msg,1,48,953,4741,1003,90,90
msg,1,49,950,4054,1004,90,90
msg,1,50,948,4378,998,90,90
msg,1,51,948,4464,1000,90,90
msg,1,52,930,4191,1003,90,90
msg,1,53,948,3885,999,90,90
msg,1,54,1007,4305,1003,90,90
msg,1,55,954,3997,1002,90,90
msg,1,56,949,23600,1005,90,90
msg,1,57,953,7616,1002,90,90
msg,1,58,952,5524,993,90,90
msg,1,59,944,4121,986,90,90
msg,1,60,948,3934,999,90,90
msg,1,61,949,5409,1000,90,90
msg,1,62,942,4064,1052,90,90
msg,1,63,949,5486,1001,90,90
msg,1,64,944,3802,1003,90,90
msg,1,65,954,4637,1009,90,90
msg,1,66,947,4072,1001,90,90
msg,1,67,953,4584,993,90,90
msg,1,68,950,29721,1001,90,90
msg,1,69,945,5391,1006,90,90
msg,1,70,949,4693,1087,90,90
msg,1,71,960,4789,996,90,90
msg,1,72,952,4347,998,90,90
msg,1,73,951,4657,1042,90,90
msg,1,74,946,4483,1007,90,90
msg,1,75,960,3300,999,90,90
msg,1,76,947,4012,1004,90,90
msg,1,77,1004,6852,990,90,90
msg,1,78,947,5279,1002,90,90
msg,1,79,946,23186,1030,90,90
msg,1,80,949,4281,1007,90,90
msg,1,81,951,4956,1006,90,90
msg,1,82,949,4123,1090,90,90
msg,1,83,952,5284,997,90,90
msg,1,84,953,4554,999,90,90
msg,1,85,944,6079,995,90,90
msg,1,86,955,4561,1004,90,90
msg,1,87,954,4985,992,90,90
msg,1,88,948,7350,997,90,90
msg,1,89,954,5722,1003,90,90
msg,1,90,954,6660,995,90,90
msg,1,91,947,27119,995,90,90
msg,1,92,953,5162,1007,90,90
msg,1,93,1038,4222,995,90,90
msg,1,94,947,3559,997,90,90
msg,1,95,953,4299,1002,90,90
msg,1,96,955,4415,1006,90,90
msg,1,97,949,4274,1002,90,90
msg,1,98,952,4758,993,90,90
msg,1,99,956,4225,1003,90,90
msg,1,100,953,6292,1003,90,90
msg,1,101,923,4793,1000,90,90
msg,1,102,922,28331,1004,90,90
msg,1,103,945,5889,998,90,90
msg,1,104,954,4254,1003,90,90
msg,1,105,947,4076,996,90,90
msg,1,106,946,4159,993,90,90
msg,1,107,963,4599,1002,90,90
msg,1,108,948,23529,1004,90,90
msg,1,109,947,5447,993,90,90
msg,1,110,949,5982,1009,90,90
msg,1,111,951,15341,1000,90,90
msg,1,112,924,4198,999,90,90
msg,1,113,943,4037,1003,90,90
msg,1,114,946,4906,1002,90,90
msg,1,115,955,14129,999,90,90
msg,1,116,1024,5011,999,90,90
msg,1,117,923,9245,1009,90,90
msg,1,118,953,5038,1002,90,90
msg,1,119,958,5519,999,90,90
msg,1,120,947,4419,1004,90,90
msg,1,121,1010,4226,997,90,90
msg,1,122,951,27179,999,90,90
msg,1,123,949,4634,1002,90,90
msg,1,124,949,4904,1000,90,90
msg,1,125,952,5720,992,90,90
msg,1,126,950,5349,1011,90,90
msg,1,127,949,4287,995,90,90
msg,1,128,947,3915,993,90,90
msg,1,129,948,6360,997,90,90
msg,1,130,953,4387,995,90,90
msg,1,131,951,6598,1058,90,90
msg,1,132,928,4095,1001,90,90
msg,1,133,949,24692,999,90,90
msg,1,134,955,4122,1064,90,90
msg,1,135,942,4169,1000,90,90
msg,1,136,953,4021,1001,90,90
msg,1,137,954,3896,1004,90,90
msg,1,138,957,4051,1008,90,90
msg,1,139,947,5236,1003,90,90
msg,1,140,947,3909,1003,90,90
msg,1,141,952,6248,1003,90,90
msg,1,142,950,3731,1004,90,90
msg,1,143,944,3908,995,90,90
msg,1,144,954,3788,1000,90,90
msg,1,145,951,4152,1002,90,90
msg,1,146,926,27102,1059,90,90
msg,1,147,964,5912,1001,90,90
msg,1,148,949,4094,1009,90,90
msg,1,149,953,5635,1001,90,90
msg,1,150,956,4955,1005,90,90
msg,1,151,951,5051,999,90,90
msg,1,152,952,5143,1000,90,90
msg,1,153,947,4176,995,90,90
msg,1,154,948,3857,996,90,90
msg,1,155,951,6763,997,90,90
msg,1,156,946,4278,999,90,90
msg,1,157,946,25460,991,90,90
msg,1,158,1043,4496,990,90,90
msg,1,159,951,4026,999,90,90
msg,1,160,944,4337,1005,90,90
msg,1,161,949,4182,1004,90,90
msg,1,162,952,5020,999,90,90
msg,1,163,930,4728,1002,90,90
msg,1,164,951,5138,999,90,90
msg,1,165,951,4434,1001,90,90
msg,1,166,940,5065,1006,90,90
msg,1,167,958,5206,1001,90,90
msg,1,168,951,4161,1001,90,90
msg,1,169,963,34860,1012,90,90
msg,1,170,954,5155,997,90,90
msg,1,171,946,3853,1007,90,90
msg,1,172,956,4691,1005,90,90
msg,1,173,951,3739,1409,90,90
msg,1,174,953,4302,1006,90,90
msg,1,175,962,4828,1003,90,90
msg,1,176,958,4509,997,90,90
msg,1,177,948,4006,993,90,90
msg,1,178,944,5282,1001,90,90
msg,1,179,953,4004,1000,90,90
msg,1,180,954,24623,1000,90,90
msg,1,181,954,3583,998,90,90
msg,1,182,953,4806,996,90,90
msg,1,183,948,4687,1003,90,90
msg,1,184,946,5541,1004,90,90
msg,1,185,954,4475,994,90,90
msg,1,186,948,4618,997,90,90
msg,1,187,949,3831,998,90,90
msg,1,188,949,4091,997,90,90
msg,1,189,948,4282,1001,90,90
msg,1,190,951,7882,998,90,90
msg,1,191,953,5071,1004,90,90
msg,1,192,925,22841,1001,90,90
msg,1,193,923,3964,1008,90,90
msg,1,194,940,4247,998,90,90
msg,1,195,947,5338,1001,90,90
msg,1,196,945,5015,1003,90,90
msg,1,197,943,5088,1007,90,90
msg,1,198,1010,3750,1005,90,90
msg,1,199,955,3892,995,90,90
whole,1,22.659,1781.534,200
2,4.3860,0.0030,5.6550,10.0440,0,0,23,4,0,0,1,1,148660,0.0,0.0,0.0,0.0,0,0,0,0
msg,2,0,1066,5445,1004,90,90
msg,2,1,967,27826,1002,90,90
msg,2,2,954,4097,998,90,90
msg,2,3,950,3858,995,90,90
msg,2,4,952,4010,1002,90,90
msg,2,5,949,4628,1002,90,90
msg,2,6,957,3853,1003,90,90
msg,2,7,956,5320,1000,90,90
msg,2,8,946,7657,1055,90,90
msg,2,9,954,3797,1003,90,90
msg,2,10,944,4445,997,90,90
msg,2,11,947,4467,1005,90,90
msg,2,12,1002,7499,998,90,90
msg,2,13,958,30243,997,90,90
msg,2,14,943,5436,1004,90,90
msg,2,15,949,4535,998,90,90
msg,2,16,955,4706,998,90,90
msg,2,17,948,6665,1006,90,90
msg,2,18,922,4693,1002,90,90
msg,2,19,947,4473,1000,90,90
msg,2,20,952,5222,1006,90,90
msg,2,21,949,5018,995,90,90
msg,2,22,1007,4231,1004,90,90
msg,2,23,954,4876,1003,90,90
msg,2,24,961,26004,1002,90,90
msg,2,25,962,4566,999,90,90
msg,2,26,945,4359,1002,90,90
msg,2,27,962,11910,1008,90,90
msg,2,28,959,5587,1006,90,90
msg,2,29,958,3857,1003,90,90
msg,2,30,957,5681,992,90,90
msg,2,31,945,4014,995,90,90
msg,2,32,953,4187,1003,90,90
msg,2,33,949,6193,990,90,90
msg,2,34,944,27576,1041,90,90
msg,2,35,952,4090,994,90,90
msg,2,36,948,4083,998,90,90
msg,2,37,944,4294,1014,90,90
msg,2,38,1004,3470,999,90,90
msg,2,39,957,7404,1003,90,90
msg,2,40,950,6806,1003,90,90
msg,2,41,963,4486,999,90,90
msg,2,42,953,4289,1001,90,90
msg,2,43,947,5542,997,90,90
msg,2,44,946,4531,1000,90,90
msg,2,45,941,49122,1001,90,90
msg,2,46,961,4689,996,90,90
msg,2,47,946,3772,998,90,90
msg,2,48,949,5434,1004,90,90
msg,2,49,961,5611,1005,90,90
msg,2,50,949,5325,996,90,90
msg,2,51,950,49838,1000,90,90
msg,2,52,950,6198,999,90,90
msg,2,53,949,3998,998,90,90
msg,2,54,941,3739,999,90,90
msg,2,55,950,4861,994,90,90
msg,2,56,941,5788,992,90,90
msg,2,57,941,6053,999,90,90
msg,2,58,946,7924,1000,90,90
msg,2,59,949,6434,995,90,90
msg,2,60,944,4144,1001,90,90
msg,2,61,961,26070,997,90,90
msg,2,62,946,5144,1000,90,90
msg,2,63,954,4464,1063,90,90
msg,2,64,956,3992,999,90,90
msg,2,65,949,3824,1003,90,90
msg,2,66,943,4782,1001,90,90
msg,2,67,954,5478,992,90,90
msg,2,68,962,6616,1003,90,90
msg,2,69,954,4662,1002,90,90
msg,2,70,952,12776,1001,90,90
msg,2,71,948,4686,997,90,90
msg,2,72,953,25037,1001,90,90
msg,2,73,956,4913,1006,90,90
msg,2,74,1064,3989,996,90,90
msg,2,75,921,4298,994,90,90
msg,2,76,944,4086,998,90,90
msg,2,77,948,3902,997,90,90
msg,2,78,948,4028,999,90,90
msg,2,79,958,7592,1000,90,90
msg,2,80,948,6494,999,90,90
msg,2,81,950,4084,995,90,90
msg,2,82,950,4013,1005,90,90
msg,2,83,960,29942,998,90,90
msg,2,84,949,5398,1050,90,90
msg,2,85,947,4165,997,90,90
msg,2,86,955,3862,995,90,90
msg,2,87,947,4100,1001,90,90
msg,2,88,1026,4131,992,90,90
msg,2,89,950,4507,1001,90,90
msg,2,90,951,4932,999,90,90
msg,2,91,1010,5966,993,90,90
msg,2,92,934,12422,999,90,90
msg,2,93,963,29614,998,90,90
msg,2,94,946,4293,1060,90,90
msg,2,95,946,4592,994,90,90
msg,2,96,949,4266,1011,90,90
msg,2,97,958,4493,1053,90,90
msg,2,98,952,5110,1001,90,90
msg,2,99,956,4151,999,90,90
msg,2,100,946,10613,1397,90,90
msg,2,101,963,9546,1002,90,90
msg,2,102,926,5151,993,90,90
msg,2,103,953,27872,1001,90,90
msg,2,104,958,6459,1008,90,90
msg,2,105,948,4425,997,90,90
msg,2,106,961,4023,1006,90,90
msg,2,107,958,4068,999,90,90
msg,2,108,954,4789,1001,90,90
msg,2,109,946,4587,997,90,90
msg,2,110,949,7508,998,90,90
msg,2,111,946,5468,1003,90,90
msg,2,112,957,4347,995,90,90
msg,2,113,947,4368,1009,90,90
msg,2,114,948,24410,1001,90,90
msg,2,115,962,4048,1050,90,90
msg,2,116,960,5101,1001,90,90
msg,2,117,951,5433,1000,90,90
msg,2,118,946,4243,999,90,90
msg,2,119,955,3736,1005,90,90
msg,2,120,958,3909,999,90,90
msg,2,121,948,4863,1053,90,90
msg,2,122,956,4287,998,90,90
msg,2,123,945,3794,1005,90,90
msg,2,124,926,6827,1002,90,90
msg,2,125,926,4382,1000,90,90
msg,2,126,947,29549,1065,90,90
msg,2,127,958,4355,1004,90,90
msg,2,128,952,4152,1006,90,90
msg,2,129,928,4287,999,90,90
msg,2,130,1018,3795,1002,90,90
msg,2,131,954,6777,994,90,90
msg,2,132,944,4280,1058,90,90
msg,2,133,952,6261,1000,90,90
msg,2,134,948,4541,1004,90,90
msg,2,135,952,7325,1008,90,90
msg,2,136,943,4386,1004,90,90
msg,2,137,953,24211,995,90,90
msg,2,138,947,4041,996,90,90
msg,2,139,952,3964,1007,90,90
msg,2,140,956,4503,996,90,90
msg,2,141,951,3932,993,90,90
msg,2,142,955,3654,999,90,90
msg,2,143,922,4667,1001,90,90
msg,2,144,958,4397,994,90,90
msg,2,145,947,3991,999,90,90
msg,2,146,943,4015,1001,90,90
msg,2,147,950,17628,998,90,90
msg,2,148,954,29530,998,90,90
msg,2,149,945,4943,996,90,90
msg,2,150,946,4457,1060,90,90
msg,2,151,967,4514,992,90,90
msg,2,152,961,4115,996,90,90
msg,2,153,950,4051,1005,90,90
msg,2,154,1018,4067,1001,90,90
msg,2,155,1392,8260,1001,90,90
msg,2,156,927,5270,1003,90,90
msg,2,157,957,6872,999,90,90
msg,2,158,956,5281,1056,90,90
msg,2,159,951,22174,995,90,90
msg,2,160,954,5879,1002,90,90
msg,2,161,951,3927,1001,90,90
msg,2,162,951,3900,993,90,90
msg,2,163,944,3973,997,90,90
msg,2,164,957,4757,1003,90,90
msg,2,165,951,5614,995,90,90
msg,2,166,943,5912,999,90,90
msg,2,167,947,5970,993,90,90
msg,2,168,950,4961,994,90,90
msg,2,169,948,4534,1004,90,90
msg,2,170,920,4646,996,90,90
msg,2,171,951,26682,999,90,90
msg,2,172,964,5319,1002,90,90
msg,2,173,956,4697,995,90,90
msg,2,174,945,4064,993,90,90
msg,2,175,940,4832,1003,90,90
msg,2,176,941,6851,1009,90,90
msg,2,177,917,6089,1002,90,90
msg,2,178,954,5795,982,90,90
msg,2,179,950,4070,1002,90,90
msg,2,180,957,5100,1005,90,90
msg,2,181,949,4648,991,90,90
msg,2,182,945,21747,1002,90,90
msg,2,183,947,3950,999,90,90
msg,2,184,949,4808,993,90,90
msg,2,185,949,4013,998,90,90
msg,2,186,953,4465,1006,90,90
msg,2,187,952,4199,1059,90,90
msg,2,188,954,3978,1002,90,90
msg,2,189,947,4354,996,90,90
msg,2,190,942,6269,999,90,90
msg,2,191,951,4585,1000,90,90
msg,2,192,945,9479,1006,90,90
msg,2,193,952,4062,994,90,90
msg,2,194,949,22392,998,90,90
msg,2,195,950,4274,995,90,90
msg,2,196,950,4474,1003,90,90
msg,2,197,949,4102,994,90,90
msg,2,198,952,4440,1000,90,90
msg,2,199,961,3897,1001,90,90
whole,2,23.210,1924.071,200
#stack 2432
#end
#block pipeline plain lorawan11_256 down
#aead AES-256-CTR+2xCMAC (LoRaWAN 1.1 frame, 256-bit keys) (BearSSL (arduino-pico)), downlink, 51 B payload + 13 B overhead
#lib none (plain MQTT)
iter,tcp_ms,tls_ms,mqtt_ms,total_ms,hs_tx_B,hs_rx_B,mqtt_tx_B,mqtt_rx_B,hs_writes,hs_reads,writes,reads,free_heap_B,hs_keygen_us,hs_derive_us,hs_verify_us,hs_sign_us,hs_keygen_n,hs_derive_n,hs_verify_n,hs_sign_n
msg,iter,idx,seal_us,rtt_us,open_us,tx_B,rx_B
whole,iter,first_ms,all_ms,msgs
0,5.4390,0.0020,4.6250,10.0660,0,0,23,4,0,0,1,1,148660,0.0,0.0,0.0,0.0,0,0,0,0
msg,0,0,694,4912,651,90,90
msg,0,1,572,5499,644,90,90
msg,0,2,572,4252,628,90,90
msg,0,3,586,4858,642,90,90
msg,0,4,623,5091,636,90,90
msg,0,5,584,4461,642,90,90
msg,0,6,588,5264,648,90,90
msg,0,7,561,4721,644,90,90
msg,0,8,561,5140,629,90,90
msg,0,9,595,6984,649,90,90
msg,0,10,564,3885,644,90,90
msg,0,11,585,27268,642,90,90
msg,0,12,564,8643,640,90,90
msg,0,13,564,4603,648,90,90
msg,0,14,559,4291,624,90,90
msg,0,15,562,4234,644,90,90
msg,0,16,583,4259,648,90,90
msg,0,17,562,4487,646,90,90
msg,0,18,561,4230,637,90,90
msg,0,19,691,7067,645,90,90
msg,0,20,582,4451,640,90,90
msg,0,21,562,3603,641,90,90
msg,0,22,563,4511,642,90,90
msg,0,23,560,4554,626,90,90
msg,0,24,568,29116,638,90,90
msg,0,25,588,5096,640,90,90
msg,0,26,565,4988,647,90,90
msg,0,27,584,7576,643,90,90
msg,0,28,582,4945,626,90,90
msg,0,29,593,3997,643,90,90
msg,0,30,561,3750,693,90,90
msg,0,31,582,9520,644,90,90
msg,0,32,581,5003,633,90,90
msg,0,33,587,6353,644,90,90
msg,0,34,583,4158,645,90,90
msg,0,35,565,31839,646,90,90
msg,0,36,591,4305,629,90,90
msg,0,37,565,4704,650,90,90
msg,0,38,560,3668,646,90,90
msg,0,39,556,4519,642,90,90
msg,0,40,555,6641,646,90,90
msg,0,41,559,5182,625,90,90
msg,0,42,587,4167,646,90,90
msg,0,43,562,5742,639,90,90
msg,0,44,577,4275,646,90,90
msg,0,45,627,5853,643,90,90
msg,0,46,586,5310,643,90,90
msg,0,47,559,25995,643,90,90
msg,0,48,584,4552,641,90,90
msg,0,49,587,6023,627,90,90
msg,0,50,560,4194,701,90,90
msg,0,51,597,5006,629,90,90
msg,0,52,562,5306,630,90,90
msg,0,53,589,5202,643,90,90
msg,0,54,587,5081,629,90,90
msg,0,55,564,6742,625,90,90
msg,0,56,560,4773,646,90,90
msg,0,57,553,8298,626,90,90
msg,0,58,565,4467,624,90,90
msg,0,59,595,25191,646,90,90
msg,0,60,587,3951,626,90,90
msg,0,61,597,3988,642,90,90
msg,0,62,557,3588,646,90,90
msg,0,63,557,3799,642,90,90
msg,0,64,560,4163,629,90,90
msg,0,65,592,5477,620,90,90
msg,0,66,583,5799,626,90,90
msg,0,67,562,4283,645,90,90
msg,0,68,590,4817,630,90,90
msg,0,69,586,4671,633,90,90
msg,0,70,562,3986,651,90,90
msg,0,71,580,4570,642,90,90
msg,0,72,567,4310,625,90,90
msg,0,73,561,25995,640,90,90
msg,0,74,587,4024,627,90,90
msg,0,75,590,3801,626,90,90
msg,0,76,563,4386,627,90,90
msg,0,77,595,3989,645,90,90
msg,0,78,566,6022,1054,90,90
msg,0,79,564,5953,651,90,90
msg,0,80,589,4235,626,90,90
msg,0,81,557,3865,648,90,90
msg,0,82,564,8370,630,90,90
msg,0,83,563,3695,646,90,90
msg,0,84,571,4624,641,90,90
msg,0,85,569,4088,638,90,90
msg,0,86,584,31296,646,90,90
msg,0,87,595,4558,647,90,90
msg,0,88,649,3999,626,90,90
msg,0,89,586,5135,647,90,90
msg,0,90,586,3896,640,90,90
msg,0,91,588,6366,642,90,90
msg,0,92,596,4966,630,90,90
msg,0,93,581,5001,640,90,90
msg,0,94,567,4512,639,90,90
msg,0,95,561,4421,629,90,90
msg,0,96,566,6203,640,90,90
msg,0,97,581,4518,643,90,90
msg,0,98,596,30343,647,90,90
msg,0,99,565,3703,649,90,90
msg,0,100,581,4496,643,90,90
msg,0,101,560,3659,645,90,90
msg,0,102,586,3985,629,90,90
msg,0,103,584,3898,632,90,90
msg,0,104,572,4230,637,90,90
msg,0,105,584,3906,630,90,90
msg,0,106,562,4108,642,90,90
msg,0,107,578,5319,645,90,90
msg,0,108,562,6200,621,90,90
msg,0,109,589,6164,703,90,90
msg,0,110,583,4032,629,90,90
msg,0,111,1023,29425,647,90,90
msg,0,112,572,3696,641,90,90
msg,0,113,570,4473,639,90,90
msg,0,114,561,4257,630,90,90
msg,0,115,585,4177,645,90,90
msg,0,116,587,4779,647,90,90
msg,0,117,581,3706,638,90,90
msg,0,118,597,3877,622,90,90
msg,0,119,560,4265,642,90,90
msg,0,120,582,6830,631,90,90
msg,0,121,587,5533,626,90,90
msg,0,122,586,5349,640,90,90
msg,0,123,587,4086,628,90,90
msg,0,124,562,28827,640,90,90
msg,0,125,630,4232,623,90,90
msg,0,126,563,4220,641,90,90
msg,0,127,588,4739,631,90,90
msg,0,128,593,3803,629,90,90
msg,0,129,564,5269,643,90,90
msg,0,130,594,4881,628,90,90
msg,0,131,563,4824,640,90,90
msg,0,132,560,4748,643,90,90
msg,0,133,561,7438,642,90,90
msg,0,134,561,7024,641,90,90
msg,0,135,588,3816,627,90,90
msg,0,136,597,6464,639,90,90
msg,0,137,583,21124,680,90,90
msg,0,138,559,4197,629,90,90
msg,0,139,591,4858,625,90,90
msg,0,140,558,5112,652,90,90
msg,0,141,588,4502,649,90,90
msg,0,142,591,5030,630,90,90
msg,0,143,575,5798,642,90,90
msg,0,144,564,4444,632,90,90
msg,0,145,563,10035,643,90,90
msg,0,146,589,4763,640,90,90
msg,0,147,589,4342,646,90,90
msg,0,148,591,4680,647,90,90
msg,0,149,584,30106,626,90,90
msg,0,150,558,5381,625,90,90
msg,0,151,588,4749,626,90,90
msg,0,152,563,4340,637,90,90
msg,0,153,597,5106,637,90,90
msg,0,154,561,3953,641,90,90
msg,0,155,582,4346,649,90,90
msg,0,156,563,4529,641,90,90
msg,0,157,572,5858,646,90,90
msg,0,158,582,3665,646,90,90
msg,0,159,587,5221,649,90,90
msg,0,160,564,4550,649,90,90
msg,0,161,562,4657,645,90,90
msg,0,162,564,26349,632,90,90
msg,0,163,561,4089,639,90,90
msg,0,164,590,4716,644,90,90
msg,0,165,587,4873,626,90,90
msg,0,166,597,3958,642,90,90
msg,0,167,559,5157,629,90,90
msg,0,168,587,3929,644,90,90
msg,0,169,563,4608,641,90,90
msg,0,170,567,6409,625,90,90
msg,0,171,555,3691,670,90,90
msg,0,172,558,4320,1020,90,90
msg,0,173,575,5255,629,90,90
msg,0,174,585,4536,631,90,90
msg,0,175,685,28384,641,90,90
msg,0,176,598,4098,641,90,90
msg,0,177,562,5105,636,90,90
msg,0,178,583,3832,625,90,90
msg,0,179,566,4465,624,90,90
msg,0,180,591,6967,639,90,90
msg,0,181,567,5401,626,90,90
msg,0,182,566,3723,625,90,90
msg,0,183,567,5379,622,90,90
msg,0,184,649,4345,647,90,90
msg,0,185,578,9827,623,90,90
msg,0,186,588,6091,644,90,90
msg,0,187,586,26678,640,90,90
msg,0,188,589,4616,648,90,90
msg,0,189,588,4144,628,90,90
msg,0,190,568,6695,649,90,90
msg,0,191,564,4848,639,90,90
msg,0,192,582,4255,627,90,90
msg,0,193,571,4399,629,90,90
msg,0,194,595,8705,624,90,90
msg,0,195,564,5344,627,90,90
msg,0,196,585,7923,630,90,90
msg,0,197,564,5432,626,90,90
msg,0,198,567,29719,628,90,90
msg,0,199,575,4798,728,90,90
whole,0,43.457,1682.030,200
1,4.3920,0.0020,4.6870,9.0810,0,0,23,4,0,0,1,1,148660,0.0,0.0,0.0,0.0,0,0,0,0
msg,1,0,696,4040,647,90,90
msg,1,1,587,5515,647,90,90
msg,1,2,574,6576,644,90,90
msg,1,3,570,4918,647,90,90
msg,1,4,582,5153,646,90,90
msg,1,5,561,4163,637,90,90
msg,1,6,591,4753,629,90,90
msg,1,7,586,27830,645,90,90
msg,1,8,565,4091,642,90,90
msg,1,9,587,4316,647,90,90
msg,1,10,587,3939,641,90,90
msg,1,11,588,4139,640,90,90
msg,1,12,558,3827,645,90,90
msg,1,13,579,5951,625,90,90
msg,1,14,592,4505,625,90,90
msg,1,15,588,4215,639,90,90
msg,1,16,592,5231,628,90,90
msg,1,17,564,6796,640,90,90
msg,1,18,554,4165,629,90,90
msg,1,19,589,4600,620,90,90
msg,1,20,588,27925,626,90,90
msg,1,21,574,4018,644,90,90
msg,1,22,594,4571,651,90,90
msg,1,23,590,6370,643,90,90
msg,1,24,562,7410,628,90,90
msg,1,25,568,5577,632,90,90
msg,1,26,571,7599,628,90,90
msg,1,27,574,7548,632,90,90
msg,1,28,557,6269,636,90,90
msg,1,29,598,6883,624,90,90
msg,1,30,560,4262,644,90,90
msg,1,31,585,28038,628,90,90
msg,1,32,561,4159,646,90,90
msg,1,33,585,4172,647,90,90
msg,1,34,561,4824,640,90,90
msg,1,35,644,3812,642,90,90
msg,1,36,585,3875,627,90,90
msg,1,37,563,3859,640,90,90
msg,1,38,556,4364,622,90,90
msg,1,39,561,4156,645,90,90
msg,1,40,580,5049,627,90,90
msg,1,41,560,5404,712,90,90
msg,1,42,598,4616,626,90,90
msg,1,43,596,4136,639,90,90
msg,1,44,594,36196,627,90,90
msg,1,45,560,4099,640,90,90
msg,1,46,579,4769,645,90,90
msg,1,47,592,5154,642,90,90
msg,1,48,559,3934,640,90,90
msg,1,49,592,4251,641,90,90
msg,1,50,564,4524,650,90,90
msg,1,51,555,5743,646,90,90
msg,1,52,563,5014,640,90,90
msg,1,53,603,4463,643,90,90
msg,1,54,591,5529,643,90,90
msg,1,55,587,3929,625,90,90
msg,1,56,597,28444,641,90,90
msg,1,57,587,4851,626,90,90
msg,1,58,557,4885,645,90,90
msg,1,59,559,4585,646,90,90
msg,1,60,564,4370,623,90,90
msg,1,61,561,4173,642,90,90
msg,1,62,580,4060,624,90,90
msg,1,63,568,7574,628,90,90
msg,1,64,557,3789,639,90,90
msg,1,65,577,4473,634,90,90
msg,1,66,565,7007,643,90,90
msg,1,67,598,6768,634,90,90
msg,1,68,600,33896,626,90,90
msg,1,69,561,4006,645,90,90
msg,1,70,585,5186,623,90,90
msg,1,71,559,5263,640,90,90
msg,1,72,582,3989,628,90,90
msg,1,73,570,5167,643,90,90
msg,1,74,575,4050,623,90,90
msg,1,75,565,4110,638,90,90
msg,1,76,595,4638,641,90,90
msg,1,77,585,5102,644,90,90
msg,1,78,572,5208,642,90,90
msg,1,79,589,4156,700,90,90
msg,1,80,590,30386,649,90,90
msg,1,81,561,4501,626,90,90
msg,1,82,561,4675,644,90,90
msg,1,83,568,3979,648,90,90
msg,1,84,581,4433,644,90,90
msg,1,85,584,4512,640,90,90
msg,1,86,567,3615,1033,90,90
msg,1,87,598,6049,643,90,90
msg,1,88,562,4824,728,90,90
msg,1,89,583,4645,648,90,90
msg,1,90,580,6661,647,90,90
msg,1,91,596,4236,692,90,90
msg,1,92,576,6254,626,90,90
msg,1,93,571,26336,642,90,90
msg,1,94,579,4904,628,90,90
msg,1,95,560,5018,640,90,90
msg,1,96,588,4510,644,90,90
msg,1,97,581,6097,620,90,90
msg,1,98,590,4956,643,90,90
msg,1,99,567,5989,639,90,90
msg,1,100,586,6773,624,90,90
msg,1,101,588,4477,639,90,90
msg,1,102,592,7031,643,90,90
msg,1,103,579,3683,640,90,90
msg,1,104,572,26714,646,90,90
msg,1,105,573,5358,630,90,90
msg,1,106,562,5681,643,90,90
msg,1,107,563,4622,646,90,90
msg,1,108,573,3714,644,90,90
msg,1,109,559,4107,626,90,90
msg,1,110,590,4674,628,90,90
msg,1,111,597,3805,627,90,90
msg,1,112,567,3743,642,90,90
msg,1,113,566,5597,646,90,90
msg,1,114,560,3793,647,90,90
msg,1,115,582,4238,625,90,90
msg,1,116,567,4654,623,90,90
msg,1,117,569,4147,640,90,90
msg,1,118,580,31597,645,90,90
msg,1,119,586,7780,633,90,90
msg,1,120,589,4354,646,90,90
msg,1,121,590,3993,628,90,90
msg,1,122,571,4093,642,90,90
msg,1,123,597,4067,624,90,90
msg,1,124,570,4574,622,90,90
msg,1,125,574,3824,642,90,90
msg,1,126,557,4605,642,90,90
msg,1,127,563,6598,644,90,90
msg,1,128,561,5656,645,90,90
msg,1,129,562,4362,628,90,90
msg,1,130,565,28027,645,90,90
msg,1,131,641,3870,630,90,90
msg,1,132,586,4989,642,90,90
msg,1,133,559,4923,643,90,90
msg,1,134,588,4348,640,90,90
msg,1,135,561,4395,630,90,90
msg,1,136,561,3958,642,90,90
msg,1,137,594,4693,643,90,90
msg,1,138,597,4724,644,90,90
msg,1,139,588,5077,643,90,90
msg,1,140,566,4548,626,90,90
msg,1,141,624,4646,645,90,90
msg,1,142,558,4222,628,90,90
msg,1,143,595,27358,684,90,90
msg,1,144,594,5505,642,90,90
msg,1,145,589,5904,629,90,90
msg,1,146,587,4736,627,90,90
msg,1,147,567,5088,642,90,90
msg,1,148,587,4118,626,90,90
msg,1,149,563,4287,636,90,90
msg,1,150,587,5598,641,90,90
msg,1,151,595,4286,644,90,90
msg,1,152,602,3743,645,90,90
msg,1,153,585,4522,651,90,90
msg,1,154,585,4905,628,90,90
msg,1,155,582,4267,640,90,90
msg,1,156,583,36075,626,90,90
msg,1,157,565,5777,648,90,90
msg,1,158,562,4070,643,90,90
msg,1,159,592,5426,638,90,90
msg,1,160,585,3995,622,90,90
msg,1,161,586,4085,646,90,90
msg,1,162,583,3719,644,90,90
msg,1,163,596,4259,642,90,90
msg,1,164,561,5244,623,90,90
msg,1,165,641,3706,626,90,90
msg,1,166,559,3900,649,90,90
msg,1,167,563,4449,626,90,90
msg,1,168,564,32248,639,90,90
msg,1,169,578,5174,650,90,90
msg,1,170,563,5709,645,90,90
msg,1,171,586,6175,630,90,90
msg,1,172,574,5242,642,90,90
msg,1,173,582,4307,641,90,90
msg,1,174,585,3796,640,90,90
msg,1,175,584,6071,633,90,90
msg,1,176,574,3971,639,90,90
msg,1,177,591,4361,645,90,90
msg,1,178,564,4680,638,90,90
msg,1,179,567,4312,629,90,90
msg,1,180,564,30523,633,90,90
msg,1,181,600,5878,645,90,90
msg,1,182,562,8042,644,90,90
msg,1,183,587,4459,643,90,90
msg,1,184,592,4349,640,90,90
msg,1,185,693,4146,630,90,90
msg,1,186,566,4721,625,90,90
msg,1,187,571,3784,645,90,90
msg,1,188,566,4039,640,90,90
msg,1,189,582,6882,629,90,90
msg,1,190,565,4249,640,90,90
msg,1,191,588,4482,645,90,90
msg,1,192,581,28841,627,90,90
msg,1,193,591,4016,643,90,90
msg,1,194,563,7826,648,90,90
msg,1,195,583,4776,643,90,90
msg,1,196,595,5118,654,90,90
msg,1,197,679,4548,643,90,90
msg,1,198,568,3924,645,90,90
msg,1,199,576,4411,643,90,90
whole,1,22.045,1671.570,200
2,6.3880,0.0020,5.5690,11.9590,0,0,23,4,0,0,1,1,148660,0.0,0.0,0.0,0.0,0,0,0,0
msg,2,0,754,4810,634,90,90
msg,2,1,596,28743,623,90,90
msg,2,2,566,4721,626,90,90
msg,2,3,578,4350,630,90,90
msg,2,4,596,5395,644,90,90
msg,2,5,586,7060,641,90,90
msg,2,6,572,4797,647,90,90
msg,2,7,562,5073,627,90,90
msg,2,8,589,6249,643,90,90
msg,2,9,579,4037,625,90,90
msg,2,10,584,4291,645,90,90
msg,2,11,585,3906,675,90,90
msg,2,12,563,4186,644,90,90
msg,2,13,594,25602,648,90,90
msg,2,14,590,4066,626,90,90
msg,2,15,561,3992,640,90,90
msg,2,16,581,7465,644,90,90
msg,2,17,558,6494,644,90,90
msg,2,18,557,3793,637,90,90
msg,2,19,597,6583,646,90,90
msg,2,20,595,4154,628,90,90
msg,2,21,628,4981,644,90,90
msg,2,22,596,4268,624,90,90
msg,2,23,572,3769,642,90,90
msg,2,24,562,4123,637,90,90
msg,2,25,580,4466,639,90,90
msg,2,26,587,25474,647,90,90
msg,2,27,590,4219,636,90,90
msg,2,28,561,4755,646,90,90
msg,2,29,562,5795,643,90,90
msg,2,30,587,4226,629,90,90
msg,2,31,569,4785,650,90,90
msg,2,32,593,3850,637,90,90
msg,2,33,587,4159,647,90,90
msg,2,34,560,6203,622,90,90
msg,2,35,586,4311,643,90,90
msg,2,36,582,4262,1068,90,90
msg,2,37,596,9698,624,90,90
msg,2,38,581,5103,645,90,90
msg,2,39,564,25991,641,90,90
msg,2,40,593,5774,624,90,90
msg,2,41,590,5559,631,90,90
msg,2,42,582,4429,644,90,90
msg,2,43,597,5176,645,90,90
msg,2,44,562,5020,637,90,90
msg,2,45,594,4399,700,90,90
msg,2,46,587,4113,622,90,90
msg,2,47,565,4692,646,90,90
msg,2,48,575,4824,646,90,90
msg,2,49,588,4495,639,90,90
msg,2,50,563,5066,640,90,90
msg,2,51,585,3877,624,90,90
msg,2,52,561,28869,644,90,90
msg,2,53,562,4094,631,90,90
msg,2,54,585,3686,618,90,90
msg,2,55,584,4336,639,90,90
msg,2,56,584,4359,648,90,90
msg,2,57,580,4071,625,90,90
msg,2,58,592,4120,642,90,90
msg,2,59,638,3990,626,90,90
msg,2,60,587,6700,629,90,90
msg,2,61,566,3885,645,90,90
msg,2,62,561,5089,639,90,90
msg,2,63,583,4204,643,90,90
msg,2,64,560,4124,625,90,90
msg,2,65,587,25799,627,90,90
msg,2,66,567,6289,637,90,90
msg,2,67,581,6591,640,90,90
msg,2,68,597,4859,630,90,90
msg,2,69,566,9599,627,90,90
msg,2,70,566,4754,650,90,90
msg,2,71,563,4729,646,90,90
msg,2,72,565,5130,625,90,90
msg,2,73,589,4969,642,90,90
msg,2,74,557,4368,628,90,90
msg,2,75,568,4454,624,90,90
msg,2,76,584,3865,630,90,90
msg,2,77,564,29740,646,90,90
msg,2,78,561,4182,628,90,90
msg,2,79,587,4608,624,90,90
msg,2,80,593,3983,645,90,90
msg,2,81,563,3672,642,90,90
msg,2,82,564,3948,638,90,90
msg,2,83,588,4073,622,90,90
msg,2,84,565,4383,629,90,90
msg,2,85,593,4316,644,90,90
msg,2,86,584,3762,628,90,90
msg,2,87,586,4625,633,90,90
msg,2,88,592,6591,627,90,90
msg,2,89,592,4906,641,90,90
msg,2,90,624,5685,637,90,90
msg,2,91,556,33059,644,90,90
msg,2,92,592,5825,629,90,90
msg,2,93,562,4537,629,90,90
msg,2,94,583,4082,646,90,90
msg,2,95,645,4514,646,90,90
msg,2,96,581,3932,637,90,90
msg,2,97,590,4587,646,90,90
msg,2,98,595,3728,627,90,90
msg,2,99,589,4189,647,90,90
msg,2,100,586,6994,631,90,90
msg,2,101,593,4432,635,90,90
msg,2,102,587,5623,629,90,90
msg,2,103,589,28131,644,90,90
msg,2,104,562,4936,643,90,90
msg,2,105,581,6982,628,90,90
msg,2,106,558,4988,647,90,90
msg,2,107,586,3822,640,90,90
msg,2,108,588,4470,645,90,90
msg,2,109,584,4019,620,90,90
msg,2,110,560,4123,643,90,90
msg,2,111,590,5554,643,90,90
msg,2,112,600,5154,619,90,90
msg,2,113,566,11640,646,90,90
msg,2,114,562,25586,624,90,90
msg,2,115,564,4632,640,90,90
msg,2,116,559,4116,640,90,90
msg,2,117,600,5727,633,90,90
msg,2,118,595,5756,623,90,90
msg,2,119,562,4968,646,90,90
msg,2,120,562,5912,639,90,90
msg,2,121,585,4334,646,90,90
msg,2,122,588,5695,637,90,90
msg,2,123,579,7110,624,90,90
msg,2,124,565,5364,641,90,90
msg,2,125,591,5202,652,90,90
msg,2,126,584,33156,627,90,90
msg,2,127,561,5042,647,90,90
msg,2,128,582,4863,643,90,90
msg,2,129,591,5799,624,90,90
msg,2,130,588,4351,641,90,90
msg,2,131,592,4839,627,90,90
msg,2,132,584,5498,623,90,90
msg,2,133,585,7383,644,90,90
msg,2,134,585,4232,644,90,90
msg,2,135,564,5404,627,90,90
msg,2,136,562,4139,642,90,90
msg,2,137,585,25177,638,90,90
msg,2,138,563,4287,631,90,90
msg,2,139,597,4303,645,90,90
msg,2,140,583,4516,642,90,90
msg,2,141,587,4167,697,90,90
msg,2,142,572,3940,644,90,90
msg,2,143,585,4225,626,90,90
msg,2,144,568,6289,632,90,90
msg,2,145,589,4990,649,90,90
msg,2,146,565,5064,642,90,90
msg,2,147,579,4287,640,90,90
msg,2,148,564,6108,629,90,90
msg,2,149,591,4843,625,90,90
msg,2,150,560,37552,626,90,90
msg,2,151,564,4359,629,90,90
msg,2,152,598,4517,638,90,90
msg,2,153,584,4143,640,90,90
msg,2,154,565,5191,628,90,90
msg,2,155,584,6321,649,90,90
msg,2,156,585,4102,626,90,90
msg,2,157,563,4307,626,90,90
msg,2,158,585,4498,637,90,90
msg,2,159,589,9518,636,90,90
msg,2,160,596,4242,644,90,90
msg,2,161,560,29199,625,90,90
msg,2,162,595,4800,627,90,90
msg,2,163,564,4589,626,90,90
msg,2,164,565,4327,627,90,90
msg,2,165,580,3871,627,90,90
msg,2,166,565,4762,641,90,90
msg,2,167,562,4353,629,90,90
msg,2,168,564,4916,646,90,90
msg,2,169,559,6375,627,90,90
msg,2,170,564,4026,698,90,90
msg,2,171,582,3931,620,90,90
msg,2,172,591,4029,639,90,90
msg,2,173,571,4367,627,90,90
msg,2,174,564,31834,643,90,90
msg,2,175,570,4484,645,90,90
msg,2,176,562,4915,648,90,90
msg,2,177,579,3954,628,90,90
msg,2,178,587,4596,627,90,90
msg,2,179,590,4952,698,90,90
msg,2,180,571,5527,649,90,90
msg,2,181,561,5336,632,90,90
msg,2,182,603,3882,649,90,90
msg,2,183,574,4096,641,90,90
msg,2,184,582,6995,635,90,90
msg,2,185,561,4018,641,90,90
msg,2,186,580,34763,644,90,90
msg,2,187,584,4357,641,90,90
msg,2,188,584,3558,644,90,90
msg,2,189,585,4109,625,90,90
msg,2,190,562,5971,644,90,90
msg,2,191,560,4114,627,90,90
msg,2,192,588,3546,633,90,90
msg,2,193,590,4993,639,90,90
msg,2,194,557,4009,650,90,90
msg,2,195,588,3837,624,90,90
msg,2,196,591,10167,643,90,90
msg,2,197,582,4508,639,90,90
msg,2,198,566,23196,627,90,90
msg,2,199,596,4160,651,90,90
whole,2,24.588,1692.754,200
#stack 2304
#end
#block pipeline TLS lorawan11 up
#aead LoRaWAN-1.1 AES-128-CTR+2xCMAC (BearSSL (arduino-pico)), uplink, 51 B payload + 13 B overhead
#lib wolfSSL 5.9.4
iter,tcp_ms,tls_ms,mqtt_ms,total_ms,hs_tx_B,hs_rx_B,mqtt_tx_B,mqtt_rx_B,hs_writes,hs_reads,writes,reads,free_heap_B,hs_keygen_us,hs_derive_us,hs_verify_us,hs_sign_us,hs_keygen_n,hs_derive_n,hs_verify_n,hs_sign_n
msg,iter,idx,seal_us,rtt_us,open_us,tx_B,rx_B
whole,iter,first_ms,all_ms,msgs
#suite TLS13-AES256-GCM-SHA384
0,4.5790,1845.8800,11.9090,1862.3680,1391,3179,45,568,2,12,3,18,146532,66375.0,70744.0,1634260.0,0.0,2,2,2,0
msg,0,0,1016,5896,854,112,112
msg,0,1,736,7738,854,112,112
msg,0,2,700,5756,849,112,112
msg,0,3,735,32236,860,112,112
msg,0,4,732,8740,831,112,112
msg,0,5,707,6940,860,112,112
msg,0,6,736,6413,828,112,112
msg,0,7,713,5900,858,112,112
msg,0,8,729,7168,862,112,112
msg,0,9,739,5387,861,112,112
msg,0,10,709,6272,829,112,112
msg,0,11,704,5530,854,112,112
msg,0,12,746,28245,857,112,112
msg,0,13,738,6199,852,112,112
msg,0,14,735,5491,856,112,112
msg,0,15,739,5535,846,112,112
msg,0,16,707,5931,851,112,112
msg,0,17,711,6878,855,112,112
msg,0,18,735,7927,852,112,112
msg,0,19,729,5501,860,112,112
msg,0,20,738,6973,953,112,112
msg,0,21,736,5404,860,112,112
msg,0,22,734,29555,862,112,112
msg,0,23,833,6393,856,112,112
msg,0,24,738,9492,857,112,112
msg,0,25,836,6680,854,112,112
msg,0,26,735,5558,857,112,112
msg,0,27,732,5835,852,112,112
msg,0,28,738,5847,847,112,112
msg,0,29,728,5737,858,112,112
msg,0,30,741,6175,855,112,112
msg,0,31,733,7729,850,112,112
msg,0,32,753,21957,829,112,112
msg,0,33,823,6942,857,112,112
msg,0,34,705,5401,847,112,112
msg,0,35,729,6672,853,112,112
msg,0,36,729,5847,847,112,112
msg,0,37,731,6602,995,112,112
msg,0,38,708,5613,847,112,112
msg,0,39,736,5391,858,112,112
msg,0,40,732,7290,856,112,112
msg,0,41,747,6866,852,112,112
msg,0,42,741,28506,859,112,112
msg,0,43,728,6376,850,112,112
msg,0,44,713,6679,947,112,112
msg,0,45,737,8417,858,112,112
msg,0,46,734,7288,860,112,112
msg,0,47,711,6259,832,112,112
msg,0,48,709,6057,857,112,112
msg,0,49,708,5453,849,112,112
msg,0,50,730,5451,853,112,112
msg,0,51,728,6063,851,112,112
msg,0,52,741,30477,850,112,112
msg,0,53,729,5646,833,112,112
msg,0,54,709,5706,859,112,112
msg,0,55,733,7760,844,112,112
msg,0,56,736,5704,863,112,112
msg,0,57,728,6224,855,112,112
msg,0,58,740,6645,847,112,112
msg,0,59,828,8511,853,112,112
msg,0,60,740,6270,857,112,112
msg,0,61,741,28995,856,112,112
msg,0,62,742,5859,850,112,112
msg,0,63,731,6289,855,112,112
msg,0,64,735,5776,828,112,112
msg,0,65,702,5506,854,112,112
msg,0,66,742,6152,856,112,112
msg,0,67,742,9417,855,112,112
msg,0,68,830,11113,856,112,112
msg,0,69,738,6332,858,112,112
msg,0,70,708,27222,826,112,112
msg,0,71,704,8162,833,112,112
msg,0,72,700,7405,851,112,112
msg,0,73,728,5800,848,112,112
msg,0,74,705,7175,856,112,112
msg,0,75,712,6065,853,112,112
msg,0,76,737,6846,845,112,112
msg,0,77,737,11457,862,112,112
msg,0,78,740,5975,859,112,112
msg,0,79,735,27002,847,112,112
msg,0,80,740,6081,940,112,112
msg,0,81,725,6019,849,112,112
msg,0,82,708,6921,868,112,112
msg,0,83,711,8128,862,112,112
msg,0,84,730,5376,826,112,112
msg,0,85,714,10255,828,112,112
msg,0,86,712,5448,849,112,112
msg,0,87,726,5463,953,112,112
msg,0,88,735,8546,827,112,112
msg,0,89,711,21050,854,112,112
msg,0,90,710,8484,845,112,112
msg,0,91,731,6932,856,112,112
msg,0,92,710,5806,990,112,112
msg,0,93,730,6936,846,112,112
msg,0,94,733,6745,828,112,112
msg,0,95,705,5865,864,112,112
msg,0,96,738,7347,850,112,112
msg,0,97,703,5367,825,112,112
msg,0,98,708,5987,860,112,112
msg,0,99,733,23843,861,112,112
msg,0,100,737,5513,856,112,112
msg,0,101,708,5501,851,112,112
msg,0,102,738,5461,858,112,112
msg,0,103,751,5803,850,112,112
msg,0,104,704,6349,848,112,112
msg,0,105,730,5557,848,112,112
msg,0,106,738,6221,860,112,112
msg,0,107,739,7186,864,112,112
msg,0,108,740,6020,863,112,112
msg,0,109,739,36366,859,112,112
msg,0,110,733,7029,856,112,112
msg,0,111,737,5722,974,112,112
msg,0,112,742,8521,862,112,112
msg,0,113,732,6692,848,112,112
msg,0,114,736,7959,826,112,112
msg,0,115,702,6649,1442,112,112
msg,0,116,705,5695,857,112,112
msg,0,117,742,5346,855,112,112
msg,0,118,735,31271,855,112,112
msg,0,119,697,5767,852,112,112
msg,0,120,734,6020,851,112,112
msg,0,121,736,6277,860,112,112
msg,0,122,732,5397,861,112,112
msg,0,123,735,5859,853,112,112
msg,0,124,736,6681,862,112,112
msg,0,125,701,6902,856,112,112
msg,0,126,734,5513,858,112,112
msg,0,127,705,28801,946,112,112
msg,0,128,730,6408,856,112,112
msg,0,129,705,5335,830,112,112
msg,0,130,701,5470,846,112,112
msg,0,131,735,5717,861,112,112
msg,0,132,731,5456,834,112,112
msg,0,133,707,6331,845,112,112
msg,0,134,738,6276,845,112,112
msg,0,135,730,9320,858,112,112
msg,0,136,730,5985,849,112,112
msg,0,137,732,31352,858,112,112
msg,0,138,747,6760,834,112,112
msg,0,139,715,5668,859,112,112
msg,0,140,739,6078,855,112,112
msg,0,141,729,5507,866,112,112
msg,0,142,730,6817,849,112,112
msg,0,143,736,8103,847,112,112
msg,0,144,732,5912,832,112,112
msg,0,145,709,7127,831,112,112
msg,0,146,719,6501,840,112,112
msg,0,147,737,23793,855,112,112
msg,0,148,712,8508,849,112,112
msg,0,149,733,6175,852,112,112
msg,0,150,736,5555,858,112,112
msg,0,151,737,7999,854,112,112
msg,0,152,736,6057,853,112,112
msg,0,153,741,9122,847,112,112
msg,0,154,734,6675,864,112,112
msg,0,155,749,5589,849,112,112
msg,0,156,727,7868,852,112,112
msg,0,157,697,23162,853,112,112
msg,0,158,704,6930,868,112,112
msg,0,159,734,5590,832,112,112
msg,0,160,722,5802,857,112,112
msg,0,161,735,6810,846,112,112
msg,0,162,733,6574,860,112,112
msg,0,163,733,7644,849,112,112
msg,0,164,703,5873,857,112,112
msg,0,165,731,5856,854,112,112
msg,0,166,749,5838,844,112,112
msg,0,167,706,35475,853,112,112
msg,0,168,739,7164,854,112,112
msg,0,169,743,6602,847,112,112
msg,0,170,739,5955,859,112,112
msg,0,171,732,5362,861,112,112
msg,0,172,743,6808,852,112,112
msg,0,173,722,9141,850,112,112
msg,0,174,727,7185,861,112,112
msg,0,175,741,31046,852,112,112
msg,0,176,731,6635,857,112,112
msg,0,177,737,5738,850,112,112
msg,0,178,736,7153,853,112,112
msg,0,179,736,6416,859,112,112
msg,0,180,742,6718,831,112,112
msg,0,181,839,6088,829,112,112
msg,0,182,707,7589,858,112,112
msg,0,183,740,6728,831,112,112
msg,0,184,702,31435,846,112,112
msg,0,185,736,6007,830,112,112
msg,0,186,704,5517,849,112,112
msg,0,187,729,5645,860,112,112
msg,0,188,714,5899,852,112,112
msg,0,189,742,6188,855,112,112
msg,0,190,740,6032,848,112,112
msg,0,191,732,7031,854,112,112
msg,0,192,743,8280,844,112,112
msg,0,193,752,5515,855,112,112
msg,0,194,748,33960,861,112,112
msg,0,195,742,6688,832,112,112
msg,0,196,709,6600,861,112,112
msg,0,197,731,5521,859,112,112
msg,0,198,732,5642,849,112,112
msg,0,199,836,6859,829,112,112
whole,0,1877.106,4018.483,200
1,5.4460,1854.1730,34.8770,1894.4960,1391,3179,45,568,2,12,3,18,146532,66138.0,71248.0,1645647.0,0.0,2,2,2,0
msg,1,0,867,7642,856,112,112
msg,1,1,740,6013,852,112,112
msg,1,2,737,5703,851,112,112
msg,1,3,704,5937,857,112,112
msg,1,4,719,6475,847,112,112
msg,1,5,734,7832,856,112,112
msg,1,6,727,5487,831,112,112
msg,1,7,700,32263,848,112,112
msg,1,8,732,5685,861,112,112
msg,1,9,733,9031,856,112,112
msg,1,10,733,6049,848,112,112
msg,1,11,743,6104,853,112,112
msg,1,12,740,5456,862,112,112
msg,1,13,738,6987,859,112,112
msg,1,14,738,5588,831,112,112
msg,1,15,711,5855,854,112,112
msg,1,16,727,5399,859,112,112
msg,1,17,714,28206,860,112,112
msg,1,18,708,5868,859,112,112
msg,1,19,730,7043,861,112,112
msg,1,20,733,5921,849,112,112
msg,1,21,731,6025,849,112,112
msg,1,22,728,6256,846,112,112
msg,1,23,732,8698,863,112,112
msg,1,24,739,6826,848,112,112
msg,1,25,738,5899,852,112,112
msg,1,26,738,7836,854,112,112
msg,1,27,712,27674,850,112,112
msg,1,28,838,5854,848,112,112
msg,1,29,734,6816,853,112,112
msg,1,30,727,5949,858,112,112
msg,1,31,730,5567,834,112,112
msg,1,32,701,5578,850,112,112
msg,1,33,738,6910,830,112,112
msg,1,34,703,5857,855,112,112
msg,1,35,736,6044,860,112,112
msg,1,36,734,33733,851,112,112
msg,1,37,729,5921,852,112,112
msg,1,38,708,7738,859,112,112
msg,1,39,738,7905,848,112,112
msg,1,40,722,5853,856,112,112
msg,1,41,698,5466,983,112,112
msg,1,42,733,6612,857,112,112
msg,1,43,735,6525,823,112,112
msg,1,44,695,5959,860,112,112
msg,1,45,736,6528,826,112,112
msg,1,46,707,23178,826,112,112
msg,1,47,707,5573,851,112,112
msg,1,48,734,7149,857,112,112
msg,1,49,739,5533,853,112,112
msg,1,50,729,6414,828,112,112
msg,1,51,709,6233,832,112,112
msg,1,52,716,7506,853,112,112
msg,1,53,735,6120,847,112,112
msg,1,54,742,7867,824,112,112
msg,1,55,700,6263,827,112,112
msg,1,56,706,31468,848,112,112
msg,1,57,732,6067,845,112,112
msg,1,58,730,5903,850,112,112
msg,1,59,703,7502,853,112,112
msg,1,60,746,6493,994,112,112
msg,1,61,726,9078,855,112,112
msg,1,62,732,5570,856,112,112
msg,1,63,709,9152,861,112,112
msg,1,64,707,26581,851,112,112
msg,1,65,743,5579,855,112,112
msg,1,66,734,7634,849,112,112
msg,1,67,726,6016,828,112,112
msg,1,68,705,6672,863,112,112
msg,1,69,733,6262,855,112,112
msg,1,70,891,18370,861,112,112
msg,1,71,708,7820,861,112,112
msg,1,72,733,5349,857,112,112
msg,1,73,707,32374,829,112,112
msg,1,74,695,6111,862,112,112
msg,1,75,710,6666,856,112,112
msg,1,76,739,5817,830,112,112
msg,1,77,702,5790,855,112,112
msg,1,78,742,6760,849,112,112
msg,1,79,737,5933,831,112,112
msg,1,80,802,5971,853,112,112
msg,1,81,730,7858,856,112,112
msg,1,82,732,32847,846,112,112
msg,1,83,734,6680,865,112,112
msg,1,84,747,7761,859,112,112
msg,1,85,738,9465,977,112,112
msg,1,86,732,6179,850,112,112
msg,1,87,731,8431,833,112,112
msg,1,88,841,6623,867,112,112
msg,1,89,743,7366,851,112,112
msg,1,90,709,7204,861,112,112
msg,1,91,702,22851,856,112,112
msg,1,92,729,7556,955,112,112
msg,1,93,708,5805,849,112,112
msg,1,94,723,6378,855,112,112
msg,1,95,715,7478,849,112,112
msg,1,96,734,6440,860,112,112
msg,1,97,744,8260,857,112,112
msg,1,98,728,5838,844,112,112
msg,1,99,736,6020,832,112,112
msg,1,100,802,33640,861,112,112
msg,1,101,732,7007,849,112,112
msg,1,102,729,6060,847,112,112
msg,1,103,734,7340,855,112,112
msg,1,104,733,6058,848,112,112
msg,1,105,727,5603,855,112,112
msg,1,106,728,6759,849,112,112
msg,1,107,731,6744,854,112,112
msg,1,108,705,6238,855,112,112
msg,1,109,706,32440,842,112,112
msg,1,110,729,7002,832,112,112
msg,1,111,706,6276,825,112,112
msg,1,112,714,6890,859,112,112
msg,1,113,732,7030,852,112,112
msg,1,114,737,5955,853,112,112
msg,1,115,743,9760,832,112,112
msg,1,116,717,8542,943,112,112
msg,1,117,733,5875,825,112,112
msg,1,118,703,33144,828,112,112
msg,1,119,705,6749,861,112,112
msg,1,120,734,6526,1001,112,112
msg,1,121,703,7119,829,112,112
msg,1,122,702,5566,849,112,112
msg,1,123,736,5693,851,112,112
msg,1,124,701,6887,857,112,112
msg,1,125,730,8980,849,112,112
msg,1,126,731,5827,823,112,112
msg,1,127,701,27940,855,112,112
msg,1,128,735,6403,831,112,112
msg,1,129,703,6869,857,112,112
msg,1,130,735,6977,849,112,112
msg,1,131,730,7254,851,112,112
msg,1,132,735,8687,827,112,112
msg,1,133,706,7984,862,112,112
msg,1,134,732,7475,848,112,112
msg,1,135,710,5652,854,112,112
msg,1,136,733,32856,848,112,112
msg,1,137,729,8650,854,112,112
msg,1,138,735,11792,848,112,112
msg,1,139,736,6608,957,112,112
msg,1,140,709,5715,856,112,112
msg,1,141,745,5810,827,112,112
msg,1,142,712,6402,844,112,112
msg,1,143,742,5767,857,112,112
msg,1,144,708,28255,860,112,112
msg,1,145,705,7450,843,112,112
msg,1,146,734,6346,858,112,112
msg,1,147,891,6111,856,112,112
msg,1,148,734,10137,859,112,112
msg,1,149,836,7330,864,112,112
msg,1,150,737,6016,856,112,112
msg,1,151,740,6866,849,112,112
msg,1,152,729,6800,857,112,112
msg,1,153,705,6510,847,112,112
msg,1,154,731,28818,856,112,112
msg,1,155,700,5419,979,112,112
msg,1,156,726,5560,849,112,112
msg,1,157,731,5749,850,112,112
msg,1,158,728,7531,856,112,112
msg,1,159,735,6742,832,112,112
msg,1,160,700,6504,854,112,112
msg,1,161,734,8978,849,112,112
msg,1,162,733,5831,860,112,112
msg,1,163,705,28038,864,112,112
msg,1,164,740,8987,854,112,112
msg,1,165,736,5662,832,112,112
msg,1,166,700,6298,849,112,112
msg,1,167,733,5849,855,112,112
msg,1,168,732,6179,860,112,112
msg,1,169,701,6198,947,112,112
msg,1,170,708,6965,853,112,112
msg,1,171,729,6814,848,112,112
msg,1,172,734,6725,854,112,112
msg,1,173,708,33008,853,112,112
msg,1,174,726,5977,849,112,112
msg,1,175,746,5409,864,112,112
msg,1,176,736,6418,830,112,112
msg,1,177,707,5922,859,112,112
msg,1,178,731,7061,849,112,112
msg,1,179,731,6306,859,112,112
msg,1,180,726,8889,953,112,112
msg,1,181,733,5452,859,112,112
msg,1,182,708,35156,857,112,112
msg,1,183,742,5495,847,112,112
msg,1,184,730,5441,855,112,112
msg,1,185,835,5454,853,112,112
msg,1,186,736,6715,851,112,112
msg,1,187,732,5695,860,112,112
msg,1,188,704,7773,853,112,112
msg,1,189,725,5780,942,112,112
msg,1,190,720,6317,843,112,112
msg,1,191,733,22899,828,112,112
msg,1,192,704,5742,980,112,112
msg,1,193,730,5965,858,112,112
msg,1,194,737,6148,857,112,112
msg,1,195,734,6148,846,112,112
msg,1,196,729,5526,860,112,112
msg,1,197,732,6441,1010,112,112
msg,1,198,734,5972,832,112,112
msg,1,199,702,5824,866,112,112
whole,1,1911.014,4100.444,200
2,4.4590,1844.4600,38.4580,1887.3770,1391,3179,45,568,2,12,3,18,146532,66162.0,70044.0,1634439.0,0.0,2,2,2,0
msg,2,0,870,5923,861,112,112
msg,2,1,737,11222,854,112,112
msg,2,2,835,5723,851,112,112
msg,2,3,727,6429,859,112,112
msg,2,4,739,5886,846,112,112
msg,2,5,726,6597,853,112,112
msg,2,6,733,36717,850,112,112
msg,2,7,698,7578,861,112,112
msg,2,8,744,7586,834,112,112
msg,2,9,713,8623,862,112,112
msg,2,10,734,7978,847,112,112
msg,2,11,735,6954,847,112,112
msg,2,12,731,6066,830,112,112
msg,2,13,710,5753,861,112,112
msg,2,14,737,27318,864,112,112
msg,2,15,737,8975,863,112,112
msg,2,16,736,6953,846,112,112
msg,2,17,730,7239,852,112,112
msg,2,18,734,5410,864,112,112
msg,2,19,840,5528,831,112,112
msg,2,20,706,6535,848,112,112
msg,2,21,738,6668,850,112,112
msg,2,22,705,8498,849,112,112
msg,2,23,734,6120,849,112,112
msg,2,24,738,26939,854,112,112
msg,2,25,706,5887,854,112,112
msg,2,26,733,7228,858,112,112
msg,2,27,732,5601,826,112,112
msg,2,28,708,15923,853,112,112
msg,2,29,735,7251,856,112,112
msg,2,30,708,6966,856,112,112
msg,2,31,738,5917,846,112,112
msg,2,32,738,32046,844,112,112
msg,2,33,731,6029,936,112,112
msg,2,34,736,6003,834,112,112
msg,2,35,708,5682,855,112,112
msg,2,36,732,6346,855,112,112
msg,2,37,732,6021,858,112,112
msg,2,38,732,7116,981,112,112
msg,2,39,727,7990,847,112,112
msg,2,40,733,7577,962,112,112
msg,2,41,710,28583,845,112,112
msg,2,42,727,7780,954,112,112
msg,2,43,703,6009,858,112,112
msg,2,44,739,5768,862,112,112
msg,2,45,746,6506,861,112,112
msg,2,46,740,7143,860,112,112
msg,2,47,733,6908,865,112,112
msg,2,48,735,6272,856,112,112
msg,2,49,724,11577,826,112,112
msg,2,50,698,31559,855,112,112
msg,2,51,732,6628,857,112,112
msg,2,52,735,8403,831,112,112
msg,2,53,704,6770,861,112,112
msg,2,54,734,6595,825,112,112
msg,2,55,698,5821,1002,112,112
msg,2,56,743,6064,852,112,112
msg,2,57,733,7626,831,112,112
msg,2,58,707,5596,853,112,112
msg,2,59,733,32427,860,112,112
msg,2,60,833,7377,830,112,112
msg,2,61,702,6214,827,112,112
msg,2,62,706,6254,832,112,112
msg,2,63,698,6772,856,112,112
msg,2,64,723,5824,853,112,112
msg,2,65,744,8963,828,112,112
msg,2,66,709,5822,857,112,112
msg,2,67,736,6062,858,112,112
msg,2,68,749,33650,851,112,112
msg,2,69,745,7965,852,112,112
msg,2,70,707,7256,829,112,112
msg,2,71,704,5747,1334,112,112
msg,2,72,716,6420,849,112,112
msg,2,73,744,7422,861,112,112
msg,2,74,735,5642,831,112,112
msg,2,75,705,6440,846,112,112
msg,2,76,735,7028,826,112,112
msg,2,77,699,31273,830,112,112
msg,2,78,718,6415,853,112,112
msg,2,79,735,5553,855,112,112
msg,2,80,734,5666,850,112,112
msg,2,81,724,6528,864,112,112
msg,2,82,732,5726,832,112,112
msg,2,83,706,7397,848,112,112
msg,2,84,731,7835,851,112,112
msg,2,85,719,5633,855,112,112
msg,2,86,734,5537,859,112,112
msg,2,87,736,26975,856,112,112
msg,2,88,739,6071,857,112,112
msg,2,89,737,5630,854,112,112
msg,2,90,705,6259,829,112,112
msg,2,91,711,6109,856,112,112
msg,2,92,706,5804,855,112,112
msg,2,93,742,7582,853,112,112
msg,2,94,702,5981,861,112,112
msg,2,95,739,6641,851,112,112
msg,2,96,734,5610,1448,112,112
msg,2,97,743,27702,864,112,112
msg,2,98,699,6562,850,112,112
msg,2,99,737,6066,843,112,112
msg,2,100,738,5703,865,112,112
msg,2,101,729,5799,846,112,112
msg,2,102,752,7328,858,112,112
msg,2,103,749,6155,856,112,112
msg,2,104,749,6428,856,112,112
msg,2,105,735,5981,858,112,112
msg,2,106,733,5699,833,112,112
msg,2,107,708,27511,854,112,112
msg,2,108,739,6488,863,112,112
msg,2,109,838,7277,856,112,112
msg,2,110,705,5680,849,112,112
msg,2,111,732,5382,856,112,112
msg,2,112,738,8187,853,112,112
msg,2,113,737,7046,859,112,112
msg,2,114,738,5749,837,112,112
msg,2,115,712,6630,860,112,112
msg,2,116,733,30702,830,112,112
msg,2,117,706,5904,860,112,112
msg,2,118,833,5681,850,112,112
msg,2,119,735,5845,828,112,112
msg,2,120,698,7578,852,112,112
msg,2,121,736,7192,852,112,112
msg,2,122,733,5643,950,112,112
msg,2,123,702,6119,858,112,112
msg,2,124,735,9619,941,112,112
msg,2,125,734,6303,855,112,112
msg,2,126,742,27187,858,112,112
msg,2,127,746,7414,857,112,112
msg,2,128,733,8247,851,112,112
msg,2,129,730,6924,854,112,112
msg,2,130,725,7266,855,112,112
msg,2,131,740,6179,857,112,112
msg,2,132,733,7897,854,112,112
msg,2,133,739,7967,839,112,112
msg,2,134,732,6718,855,112,112
msg,2,135,731,27606,849,112,112
msg,2,136,735,5618,850,112,112
msg,2,137,735,6782,849,112,112
msg,2,138,733,5378,855,112,112
msg,2,139,746,6101,855,112,112
msg,2,140,735,6096,846,112,112
msg,2,141,833,11389,863,112,112
msg,2,142,732,8306,861,112,112
msg,2,143,735,5705,842,112,112
msg,2,144,734,24341,860,112,112
msg,2,145,728,6264,850,112,112
msg,2,146,728,6107,859,112,112
msg,2,147,733,6141,979,112,112
msg,2,148,728,5959,847,112,112
msg,2,149,731,6678,864,112,112
msg,2,150,710,5730,854,112,112
msg,2,151,728,8292,862,112,112
msg,2,152,737,11999,856,112,112
msg,2,153,732,5911,850,112,112
msg,2,154,747,24895,857,112,112
msg,2,155,703,5795,859,112,112
msg,2,156,734,5893,847,112,112
msg,2,157,722,6478,865,112,112
msg,2,158,737,6375,855,112,112
msg,2,159,741,5381,851,112,112
msg,2,160,701,5392,837,112,112
msg,2,161,705,6675,859,112,112
msg,2,162,739,10646,824,112,112
msg,2,163,706,6701,860,112,112
msg,2,164,828,30719,851,112,112
msg,2,165,736,7460,847,112,112
msg,2,166,739,6726,830,112,112
msg,2,167,704,5845,857,112,112
msg,2,168,736,7444,857,112,112
msg,2,169,704,6267,830,112,112
msg,2,170,707,6445,846,112,112
msg,2,171,729,6681,857,112,112
msg,2,172,726,5668,854,112,112
msg,2,173,822,22844,827,112,112
msg,2,174,706,5778,857,112,112
msg,2,175,732,6067,863,112,112
msg,2,176,887,5376,854,112,112
msg,2,177,732,6887,862,112,112
msg,2,178,736,5321,858,112,112
msg,2,179,731,5783,847,112,112
msg,2,180,735,7002,831,112,112
msg,2,181,837,6227,858,112,112
msg,2,182,730,6160,855,112,112
msg,2,183,730,34872,852,112,112
msg,2,184,708,5753,856,112,112
msg,2,185,744,6235,863,112,112
msg,2,186,738,5592,845,112,112
msg,2,187,734,6722,861,112,112
msg,2,188,739,5693,846,112,112
msg,2,189,742,6109,1370,112,112
msg,2,190,742,6214,860,112,112
msg,2,191,710,6541,852,112,112
msg,2,192,725,10249,856,112,112
msg,2,193,738,22506,861,112,112
msg,2,194,737,5772,970,112,112
msg,2,195,731,6179,849,112,112
msg,2,196,731,6869,833,112,112
msg,2,197,707,5861,860,112,112
msg,2,198,745,6370,856,112,112
msg,2,199,703,7292,828,112,112
whole,2,1902.576,4078.797,200
#heap 22591
#stack 8672
#end
#block pipeline TLS lorawan11 down
#aead LoRaWAN-1.1 AES-128-CTR+2xCMAC (BearSSL (arduino-pico)), downlink, 51 B payload + 13 B overhead
#lib wolfSSL 5.9.4
iter,tcp_ms,tls_ms,mqtt_ms,total_ms,hs_tx_B,hs_rx_B,mqtt_tx_B,mqtt_rx_B,hs_writes,hs_reads,writes,reads,free_heap_B,hs_keygen_us,hs_derive_us,hs_verify_us,hs_sign_us,hs_keygen_n,hs_derive_n,hs_verify_n,hs_sign_n
msg,iter,idx,seal_us,rtt_us,open_us,tx_B,rx_B
whole,iter,first_ms,all_ms,msgs
#suite TLS13-AES256-GCM-SHA384
0,5.6620,1852.8650,12.5280,1871.0550,1391,3179,45,568,2,12,3,18,146532,66294.0,69935.0,1637091.0,0.0,2,2,2,0
msg,0,0,571,6327,560,112,112
msg,0,1,444,6139,588,112,112
msg,0,2,536,6576,591,112,112
msg,0,3,434,34276,559,112,112
msg,0,4,466,5935,558,112,112
msg,0,5,436,6273,591,112,112
msg,0,6,471,7102,559,112,112
msg,0,7,437,7194,586,112,112
msg,0,8,442,5867,588,112,112
msg,0,9,471,7211,562,112,112
msg,0,10,538,8120,588,112,112
msg,0,11,473,6634,590,112,112
msg,0,12,468,6273,562,112,112
msg,0,13,443,26629,559,112,112
msg,0,14,441,5930,752,112,112
msg,0,15,436,5454,564,112,112
msg,0,16,435,6071,592,112,112
msg,0,17,440,6443,560,112,112
msg,0,18,438,9520,557,112,112
msg,0,19,460,8328,592,112,112
msg,0,20,436,8153,564,112,112
msg,0,21,463,8698,560,112,112
msg,0,22,468,27315,586,112,112
msg,0,23,435,6619,593,112,112
msg,0,24,436,6243,563,112,112
msg,0,25,468,5791,560,112,112
msg,0,26,475,7679,564,112,112
msg,0,27,464,5816,567,112,112
msg,0,28,466,7697,562,112,112
msg,0,29,465,8372,586,112,112
msg,0,30,463,5686,581,112,112
msg,0,31,461,6515,586,112,112
msg,0,32,437,6255,562,112,112
msg,0,33,477,24292,589,112,112
msg,0,34,435,7140,562,112,112
msg,0,35,476,7405,590,112,112
msg,0,36,468,6063,555,112,112
msg,0,37,464,6920,563,112,112
msg,0,38,440,6087,586,112,112
msg,0,39,437,6486,560,112,112
msg,0,40,438,11011,586,112,112
msg,0,41,438,6792,582,112,112
msg,0,42,471,6702,589,112,112
msg,0,43,471,31364,558,112,112
msg,0,44,431,5688,563,112,112
msg,0,45,434,7668,562,112,112
msg,0,46,435,6326,587,112,112
msg,0,47,473,6273,561,112,112
msg,0,48,440,6530,561,112,112
msg,0,49,437,10159,585,112,112
msg,0,50,438,54380,558,112,112
msg,0,51,439,6799,560,112,112
msg,0,52,436,7666,560,112,112
msg,0,53,438,6818,561,112,112
msg,0,54,442,5901,593,112,112
msg,0,55,440,7280,561,112,112
msg,0,56,467,6329,689,112,112
msg,0,57,586,6844,562,112,112
msg,0,58,469,6079,559,112,112
msg,0,59,442,27420,1086,112,112
msg,0,60,437,6535,563,112,112
msg,0,61,442,5570,561,112,112
msg,0,62,436,6185,587,112,112
msg,0,63,446,6085,586,112,112
msg,0,64,472,7222,587,112,112
msg,0,65,436,6891,593,112,112
msg,0,66,437,5654,586,112,112
msg,0,67,452,5594,581,112,112
msg,0,68,438,5919,587,112,112
msg,0,69,436,6318,562,112,112
msg,0,70,444,22771,559,112,112
msg,0,71,437,5804,562,112,112
msg,0,72,439,6513,562,112,112
msg,0,73,470,5756,558,112,112
msg,0,74,475,6555,590,112,112
msg,0,75,482,6180,677,112,112
msg,0,76,441,6126,584,112,112
msg,0,77,472,6740,585,112,112
msg,0,78,477,5780,562,112,112
msg,0,79,470,8540,589,112,112
msg,0,80,473,6270,578,112,112
msg,0,81,436,41770,583,112,112
msg,0,82,439,7408,563,112,112
msg,0,83,476,7173,586,112,112
msg,0,84,438,6645,587,112,112
msg,0,85,440,11496,565,112,112
msg,0,86,433,7227,594,112,112
msg,0,87,473,9445,586,112,112
msg,0,88,432,20503,564,112,112
msg,0,89,439,6288,583,112,112
msg,0,90,478,6431,584,112,112
msg,0,91,442,6477,561,112,112
msg,0,92,441,5953,585,112,112
msg,0,93,448,6211,682,112,112
msg,0,94,465,6453,587,112,112
msg,0,95,476,6172,556,112,112
msg,0,96,435,9054,589,112,112
msg,0,97,440,7920,590,112,112
msg,0,98,467,6328,557,112,112
msg,0,99,445,30053,589,112,112
msg,0,100,434,7588,587,112,112
msg,0,101,437,6213,560,112,112
msg,0,102,470,5813,562,112,112
msg,0,103,472,6000,558,112,112
msg,0,104,444,5839,589,112,112
msg,0,105,436,5701,589,112,112
msg,0,106,599,8194,561,112,112
msg,0,107,470,8858,564,112,112
msg,0,108,444,5872,558,112,112
msg,0,109,438,29637,566,112,112
msg,0,110,441,6320,592,112,112
msg,0,111,457,6768,583,112,112
msg,0,112,464,6253,582,112,112
msg,0,113,451,5782,582,112,112
msg,0,114,433,6120,588,112,112
msg,0,115,465,6099,557,112,112
msg,0,116,438,5644,564,112,112
msg,0,117,483,11625,560,112,112
msg,0,118,470,6424,588,112,112
msg,0,119,461,27052,563,112,112
msg,0,120,476,7737,562,112,112
msg,0,121,471,6412,590,112,112
msg,0,122,473,6101,560,112,112
msg,0,123,449,7127,586,112,112
msg,0,124,433,6535,562,112,112
msg,0,125,435,5984,585,112,112
msg,0,126,432,6314,560,112,112
msg,0,127,435,9207,588,112,112
msg,0,128,443,5987,588,112,112
msg,0,129,469,29944,559,112,112
msg,0,130,437,6577,559,112,112
msg,0,131,482,7376,594,112,112
msg,0,132,447,6699,595,112,112
msg,0,133,440,6029,585,112,112
msg,0,134,476,6122,561,112,112
msg,0,135,437,6448,565,112,112
msg,0,136,466,6102,563,112,112
msg,0,137,436,8309,585,112,112
msg,0,138,470,7226,584,112,112
msg,0,139,437,27919,583,112,112
msg,0,140,440,8243,563,112,112
msg,0,141,472,7527,589,112,112
msg,0,142,464,6586,589,112,112
msg,0,143,462,6299,560,112,112
msg,0,144,445,6019,591,112,112
msg,0,145,467,6050,559,112,112
msg,0,146,470,5924,662,112,112
msg,0,147,439,9478,561,112,112
msg,0,148,469,33933,563,112,112
msg,0,149,447,6532,555,112,112
msg,0,150,476,5582,579,112,112
msg,0,151,463,6091,561,112,112
msg,0,152,433,5802,561,112,112
msg,0,153,438,7105,590,112,112
msg,0,154,464,5945,586,112,112
msg,0,155,471,6393,591,112,112
msg,0,156,438,6966,581,112,112
msg,0,157,467,7056,557,112,112
msg,0,158,442,27443,591,112,112
msg,0,159,465,8075,559,112,112
msg,0,160,437,6021,590,112,112
msg,0,161,436,5639,587,112,112
msg,0,162,436,5659,573,112,112
msg,0,163,434,6269,590,112,112
msg,0,164,474,5416,592,112,112
msg,0,165,440,8729,591,112,112
msg,0,166,569,5454,590,112,112
msg,0,167,430,6844,586,112,112
msg,0,168,445,6189,561,112,112
msg,0,169,465,27663,560,112,112
msg,0,170,483,6864,561,112,112
msg,0,171,437,5731,558,112,112
msg,0,172,447,5793,558,112,112
msg,0,173,439,5558,563,112,112
msg,0,174,444,6230,591,112,112
msg,0,175,440,5584,588,112,112
msg,0,176,442,6203,564,112,112
msg,0,177,471,6165,592,112,112
msg,0,178,442,5641,560,112,112
msg,0,179,444,5731,562,112,112
msg,0,180,444,28719,559,112,112
msg,0,181,439,6210,678,112,112
msg,0,182,465,6264,585,112,112
msg,0,183,440,5700,557,112,112
msg,0,184,439,5939,584,112,112
msg,0,185,446,6026,585,112,112
msg,0,186,477,5726,586,112,112
msg,0,187,467,6169,562,112,112
msg,0,188,441,11245,588,112,112
msg,0,189,473,6187,558,112,112
msg,0,190,457,35859,588,112,112
msg,0,191,437,6006,591,112,112
msg,0,192,466,5502,590,112,112
msg,0,193,435,5552,559,112,112
msg,0,194,448,5728,563,112,112
msg,0,195,449,5643,560,112,112
msg,0,196,438,8263,588,112,112
msg,0,197,466,5687,593,112,112
msg,0,198,470,6471,585,112,112
msg,0,199,434,5572,559,112,112
whole,0,1885.408,3952.178,200
1,7.4460,1865.0790,12.0740,1884.5990,1391,3179,45,568,2,12,3,18,146532,66609.0,70093.0,1636693.0,0.0,2,2,2,0
msg,1,0,570,8308,588,112,112
msg,1,1,462,6156,563,112,112
msg,1,2,442,25487,559,112,112
msg,1,3,438,6060,589,112,112
msg,1,4,442,5721,582,112,112
msg,1,5,433,5620,672,112,112
msg,1,6,438,5476,560,112,112
msg,1,7,434,5484,591,112,112
msg,1,8,465,5457,585,112,112
msg,1,9,435,6892,591,112,112
msg,1,10,468,6718,586,112,112
msg,1,11,472,5798,590,112,112
msg,1,12,472,5622,589,112,112
msg,1,13,464,5443,590,112,112
msg,1,14,435,22023,583,112,112
msg,1,15,473,5732,585,112,112
msg,1,16,470,5780,586,112,112
msg,1,17,474,5769,558,112,112
msg,1,18,474,5941,564,112,112
msg,1,19,442,6017,586,112,112
msg,1,20,439,7073,582,112,112
msg,1,21,468,8647,589,112,112
msg,1,22,486,5912,559,112,112
msg,1,23,469,7055,564,112,112
msg,1,24,437,5603,558,112,112
msg,1,25,454,24684,560,112,112
msg,1,26,439,6010,583,112,112
msg,1,27,435,5628,559,112,112
msg,1,28,439,5771,561,112,112
msg,1,29,440,5789,583,112,112
msg,1,30,434,6782,683,112,112
msg,1,31,435,5574,561,112,112
msg,1,32,441,6030,589,112,112
msg,1,33,435,5701,593,112,112
msg,1,34,440,5448,561,112,112
msg,1,35,438,6362,587,112,112
msg,1,36,478,5585,587,112,112
msg,1,37,466,27180,564,112,112
msg,1,38,436,5936,590,112,112
msg,1,39,438,5633,579,112,112
msg,1,40,440,5433,559,112,112
msg,1,41,471,5914,560,112,112
msg,1,42,543,5512,560,112,112
msg,1,43,435,5656,565,112,112
msg,1,44,464,8370,593,112,112
msg,1,45,473,8102,561,112,112
msg,1,46,468,5426,588,112,112
msg,1,47,486,5460,585,112,112
msg,1,48,439,26516,557,112,112
msg,1,49,443,6641,558,112,112
msg,1,50,442,5604,562,112,112
msg,1,51,468,5377,587,112,112
msg,1,52,466,5581,590,112,112
msg,1,53,435,5436,560,112,112
msg,1,54,438,5886,583,112,112
msg,1,55,434,6442,562,112,112
msg,1,56,442,5914,562,112,112
msg,1,57,442,5864,587,112,112
msg,1,58,436,5473,562,112,112
msg,1,59,440,29013,586,112,112
msg,1,60,432,6033,585,112,112
msg,1,61,472,5558,590,112,112
msg,1,62,466,5425,578,112,112
msg,1,63,439,5534,561,112,112
msg,1,64,439,6011,583,112,112
msg,1,65,435,5631,557,112,112
msg,1,66,436,8234,585,112,112
msg,1,67,474,6696,586,112,112
msg,1,68,472,7603,590,112,112
msg,1,69,469,5633,583,112,112
msg,1,70,438,28880,708,112,112
msg,1,71,475,5596,591,112,112
msg,1,72,472,5969,560,112,112
msg,1,73,469,6689,563,112,112
msg,1,74,484,6477,591,112,112
msg,1,75,465,5522,589,112,112
msg,1,76,443,9178,560,112,112
msg,1,77,477,5401,590,112,112
msg,1,78,472,6879,587,112,112
msg,1,79,462,5455,592,112,112
msg,1,80,469,33858,591,112,112
msg,1,81,476,6112,557,112,112
msg,1,82,445,5511,563,112,112
msg,1,83,471,7148,588,112,112
msg,1,84,440,5717,577,112,112
msg,1,85,442,5811,594,112,112
msg,1,86,439,6820,589,112,112
msg,1,87,435,7015,586,112,112
msg,1,88,467,5775,588,112,112
msg,1,89,467,6116,560,112,112
msg,1,90,443,29878,584,112,112
msg,1,91,437,8034,588,112,112
msg,1,92,467,6698,586,112,112
msg,1,93,466,9351,581,112,112
msg,1,94,438,5394,560,112,112
msg,1,95,475,5730,559,112,112
msg,1,96,467,8580,589,112,112
msg,1,97,464,6437,587,112,112
msg,1,98,439,5438,558,112,112
msg,1,99,440,5420,561,112,112
msg,1,100,470,27516,591,112,112
msg,1,101,468,6500,587,112,112
msg,1,102,433,5601,684,112,112
msg,1,103,437,5833,593,112,112
msg,1,104,440,5927,586,112,112
msg,1,105,476,5534,593,112,112
msg,1,106,465,5766,592,112,112
msg,1,107,467,7087,554,112,112
msg,1,108,451,7728,560,112,112
msg,1,109,460,5933,560,112,112
msg,1,110,430,5463,656,112,112
msg,1,111,464,30635,559,112,112
msg,1,112,477,5928,561,112,112
msg,1,113,442,5485,565,112,112
msg,1,114,484,6121,560,112,112
msg,1,115,448,6977,591,112,112
msg,1,116,441,5717,585,112,112
msg,1,117,440,6785,587,112,112
msg,1,118,442,7735,592,112,112
msg,1,119,449,5526,585,112,112
msg,1,120,444,5935,591,112,112
msg,1,121,565,27967,562,112,112
msg,1,122,469,5886,561,112,112
msg,1,123,441,5979,562,112,112
msg,1,124,545,5508,559,112,112
msg,1,125,438,5711,556,112,112
msg,1,126,434,5444,689,112,112
msg,1,127,465,5776,556,112,112
msg,1,128,462,8237,585,112,112
msg,1,129,446,5463,559,112,112
msg,1,130,443,9216,590,112,112
msg,1,131,465,8350,587,112,112
msg,1,132,440,33115,589,112,112
msg,1,133,465,6220,564,112,112
msg,1,134,438,5465,562,112,112
msg,1,135,474,5476,583,112,112
msg,1,136,467,6122,560,112,112
msg,1,137,442,5822,560,112,112
msg,1,138,441,6895,586,112,112
msg,1,139,439,5921,590,112,112
msg,1,140,434,6119,558,112,112
msg,1,141,472,29039,557,112,112
msg,1,142,440,7435,565,112,112
msg,1,143,469,5514,586,112,112
msg,1,144,469,5986,561,112,112
msg,1,145,446,5641,564,112,112
msg,1,146,473,6546,589,112,112
msg,1,147,476,5816,560,112,112
msg,1,148,475,6714,559,112,112
msg,1,149,470,5391,591,112,112
msg,1,150,471,8070,659,112,112
msg,1,151,436,7308,590,112,112
msg,1,152,466,27552,588,112,112
msg,1,153,433,6090,592,112,112
msg,1,154,479,5537,588,112,112
msg,1,155,471,5436,586,112,112
msg,1,156,444,6121,593,112,112
msg,1,157,476,8076,560,112,112
msg,1,158,442,5478,562,112,112
msg,1,159,469,5638,587,112,112
msg,1,160,469,7796,558,112,112
msg,1,161,472,8495,590,112,112
msg,1,162,466,21240,558,112,112
msg,1,163,439,5986,584,112,112
msg,1,164,439,6601,561,112,112
msg,1,165,441,5550,560,112,112
msg,1,166,435,5548,564,112,112
msg,1,167,465,5997,566,112,112
msg,1,168,442,5786,557,112,112
msg,1,169,438,5563,689,112,112
msg,1,170,442,7829,559,112,112
msg,1,171,440,7185,591,112,112
msg,1,172,467,6713,590,112,112
msg,1,173,464,34528,587,112,112
msg,1,174,436,5607,588,112,112
msg,1,175,435,5819,592,112,112
msg,1,176,440,5870,592,112,112
msg,1,177,464,5868,590,112,112
msg,1,178,471,7077,559,112,112
msg,1,179,454,5995,590,112,112
msg,1,180,439,5686,588,112,112
msg,1,181,435,8547,558,112,112
msg,1,182,433,5283,583,112,112
msg,1,183,469,6089,559,112,112
msg,1,184,438,36070,590,112,112
msg,1,185,439,5802,589,112,112
msg,1,186,437,5673,587,112,112
msg,1,187,436,5689,584,112,112
msg,1,188,444,5553,559,112,112
msg,1,189,439,6211,590,112,112
msg,1,190,472,6193,560,112,112
msg,1,191,441,6498,557,112,112
msg,1,192,468,6170,586,112,112
msg,1,193,430,34361,558,112,112
msg,1,194,471,6071,583,112,112
msg,1,195,438,6174,583,112,112
msg,1,196,477,5814,559,112,112
msg,1,197,474,5745,565,112,112
msg,1,198,474,6193,587,112,112
msg,1,199,439,6069,586,112,112
whole,1,1907.244,3834.657,200
2,7.7010,1842.1630,13.2880,1863.1520,1391,3179,45,568,2,12,3,18,146532,66090.0,69957.0,1636443.0,0.0,2,2,2,0
msg,2,0,604,6540,591,112,112
msg,2,1,465,6295,561,112,112
msg,2,2,445,5795,586,112,112
msg,2,3,437,7033,588,112,112
msg,2,4,469,8438,585,112,112
msg,2,5,439,5723,582,112,112
msg,2,6,437,6554,562,112,112
msg,2,7,445,5888,577,112,112
msg,2,8,436,5747,560,112,112
msg,2,9,441,7757,588,112,112
msg,2,10,438,42271,556,112,112
msg,2,11,469,6574,580,112,112
msg,2,12,474,7987,561,112,112
msg,2,13,441,7189,588,112,112
msg,2,14,435,6148,560,112,112
msg,2,15,468,11451,591,112,112
msg,2,16,476,6009,564,112,112
msg,2,17,473,25436,589,112,112
msg,2,18,462,5754,690,112,112
msg,2,19,468,6018,561,112,112
msg,2,20,440,5444,587,112,112
msg,2,21,477,5924,556,112,112
msg,2,22,442,5764,560,112,112
msg,2,23,437,5713,561,112,112
msg,2,24,436,5463,587,112,112
msg,2,25,469,5530,586,112,112
msg,2,26,463,11374,559,112,112
msg,2,27,441,6054,588,112,112
msg,2,28,469,34834,587,112,112
msg,2,29,467,5621,587,112,112
msg,2,30,475,5734,593,112,112
msg,2,31,638,5867,564,112,112
msg,2,32,474,5413,588,112,112
msg,2,33,465,5627,597,112,112
msg,2,34,462,5663,587,112,112
msg,2,35,441,7890,586,112,112
msg,2,36,469,7749,683,112,112
msg,2,37,465,6242,586,112,112
msg,2,38,446,32133,585,112,112
msg,2,39,478,5922,559,112,112
msg,2,40,471,5722,562,112,112
msg,2,41,471,6231,589,112,112
msg,2,42,437,6405,555,112,112
msg,2,43,437,5414,590,112,112
msg,2,44,477,7793,560,112,112
msg,2,45,477,5506,585,112,112
msg,2,46,464,7315,561,112,112
msg,2,47,437,5544,559,112,112
msg,2,48,443,31090,586,112,112
msg,2,49,432,6206,557,112,112
msg,2,50,469,5969,560,112,112
msg,2,51,438,5493,561,112,112
msg,2,52,469,5421,583,112,112
msg,2,53,469,5547,589,112,112
msg,2,54,437,7655,592,112,112
msg,2,55,434,7388,561,112,112
msg,2,56,474,10787,559,112,112
msg,2,57,437,7036,592,112,112
msg,2,58,452,30468,559,112,112
msg,2,59,432,6084,590,112,112
msg,2,60,474,5552,590,112,112
msg,2,61,441,5629,585,112,112
msg,2,62,446,7203,588,112,112
msg,2,63,467,5795,560,112,112
msg,2,64,466,6603,589,112,112
msg,2,65,462,6946,559,112,112
msg,2,66,468,6331,592,112,112
msg,2,67,469,5433,590,112,112
msg,2,68,589,28379,555,112,112
msg,2,69,439,5802,561,112,112
msg,2,70,439,5812,557,112,112
msg,2,71,449,5682,558,112,112
msg,2,72,443,5877,588,112,112
msg,2,73,443,5919,589,112,112
msg,2,74,433,6670,590,112,112
msg,2,75,441,7829,584,112,112
msg,2,76,439,7666,591,112,112
msg,2,77,436,5694,585,112,112
msg,2,78,426,5852,592,112,112
msg,2,79,436,25927,587,112,112
msg,2,80,473,7580,586,112,112
msg,2,81,465,7334,564,112,112
msg,2,82,444,11186,590,112,112
msg,2,83,467,6717,586,112,112
msg,2,84,472,7448,591,112,112
msg,2,85,439,5665,588,112,112
msg,2,86,436,8772,590,112,112
msg,2,87,439,5919,593,112,112
msg,2,88,461,26702,591,112,112
msg,2,89,465,5828,586,112,112
msg,2,90,466,5604,585,112,112
msg,2,91,469,5800,590,112,112
msg,2,92,465,5372,587,112,112
msg,2,93,441,7221,564,112,112
msg,2,94,470,5608,591,112,112
msg,2,95,469,6115,562,112,112
msg,2,96,433,6766,557,112,112
msg,2,97,437,8776,559,112,112
msg,2,98,591,6139,587,112,112
msg,2,99,468,23148,556,112,112
msg,2,100,436,7296,685,112,112
msg,2,101,467,5611,586,112,112
msg,2,102,477,5714,591,112,112
msg,2,103,464,6435,589,112,112
msg,2,104,440,11428,558,112,112
msg,2,105,441,7144,590,112,112
msg,2,106,467,5858,589,112,112
msg,2,107,470,9519,589,112,112
msg,2,108,482,6458,594,112,112
msg,2,109,439,27432,557,112,112
msg,2,110,439,5850,562,112,112
msg,2,111,442,7000,591,112,112
msg,2,112,438,5727,681,112,112
msg,2,113,440,7497,589,112,112
msg,2,114,439,7144,583,112,112
msg,2,115,473,5956,560,112,112
msg,2,116,470,6238,591,112,112
msg,2,117,438,10188,557,112,112
msg,2,118,483,7677,563,112,112
msg,2,119,465,31748,560,112,112
msg,2,120,473,7784,563,112,112
msg,2,121,471,6670,559,112,112
msg,2,122,473,6122,558,112,112
msg,2,123,437,5735,556,112,112
msg,2,124,441,6042,584,112,112
msg,2,125,465,7010,558,112,112
msg,2,126,473,12379,593,112,112
msg,2,127,427,7459,559,112,112
msg,2,128,432,25929,594,112,112
msg,2,129,436,6314,564,112,112
msg,2,130,476,5847,563,112,112
msg,2,131,436,5615,560,112,112
msg,2,132,582,5891,557,112,112
msg,2,133,434,5655,557,112,112
msg,2,134,437,5582,558,112,112
msg,2,135,441,6787,559,112,112
msg,2,136,437,8588,564,112,112
msg,2,137,484,7385,592,112,112
msg,2,138,470,31943,587,112,112
msg,2,139,483,6537,594,112,112
msg,2,140,468,7346,585,112,112
msg,2,141,436,5739,584,112,112
msg,2,142,435,5643,560,112,112
msg,2,143,439,5484,563,112,112
msg,2,144,475,5512,585,112,112
msg,2,145,467,5636,592,112,112
msg,2,146,469,5538,584,112,112
msg,2,147,438,6273,560,112,112
msg,2,148,437,5717,563,112,112
msg,2,149,435,29735,562,112,112
msg,2,150,441,6893,560,112,112
msg,2,151,443,5845,585,112,112
msg,2,152,438,5999,590,112,112
msg,2,153,469,5483,589,112,112
msg,2,154,442,5671,586,112,112
msg,2,155,439,5556,558,112,112
msg,2,156,440,8930,586,112,112
msg,2,157,437,9603,556,112,112
msg,2,158,439,5689,657,112,112
msg,2,159,434,29047,594,112,112
msg,2,160,437,7504,588,112,112
msg,2,161,555,7146,591,112,112
msg,2,162,465,5541,591,112,112
msg,2,163,461,5471,584,112,112
msg,2,164,437,5752,591,112,112
msg,2,165,433,6421,560,112,112
msg,2,166,441,5526,563,112,112
msg,2,167,474,7028,559,112,112
msg,2,168,438,5620,561,112,112
msg,2,169,437,6102,584,112,112
msg,2,170,438,23053,588,112,112
msg,2,171,468,6893,558,112,112
msg,2,172,469,5898,560,112,112
msg,2,173,443,6653,561,112,112
msg,2,174,441,5531,692,112,112
msg,2,175,480,6471,586,112,112
msg,2,176,473,5496,582,112,112
msg,2,177,438,7145,560,112,112
msg,2,178,461,6047,562,112,112
msg,2,179,440,10493,557,112,112
msg,2,180,471,33911,564,112,112
msg,2,181,439,6176,688,112,112
msg,2,182,474,6191,559,112,112
msg,2,183,440,7930,583,112,112
msg,2,184,440,6850,591,112,112
msg,2,185,437,5709,591,112,112
msg,2,186,444,10121,589,112,112
msg,2,187,466,6951,555,112,112
msg,2,188,443,7294,595,112,112
msg,2,189,459,38607,593,112,112
msg,2,190,446,7366,560,112,112
msg,2,191,442,5851,560,112,112
msg,2,192,442,5694,562,112,112
msg,2,193,450,5796,563,112,112
msg,2,194,441,5787,586,112,112
msg,2,195,436,6323,557,112,112
msg,2,196,469,6276,588,112,112
msg,2,197,433,5680,587,112,112
msg,2,198,432,6245,562,112,112
msg,2,199,467,22254,589,112,112
whole,2,1899.823,3937.139,200
#heap 22591
#stack 8576
#end
#block pipeline TLS lorawan11_256 up
#aead AES-256-CTR+2xCMAC (LoRaWAN 1.1 frame, 256-bit keys) (BearSSL (arduino-pico)), uplink, 51 B payload + 13 B overhead
#lib wolfSSL 5.9.4
iter,tcp_ms,tls_ms,mqtt_ms,total_ms,hs_tx_B,hs_rx_B,mqtt_tx_B,mqtt_rx_B,hs_writes,hs_reads,writes,reads,free_heap_B,hs_keygen_us,hs_derive_us,hs_verify_us,hs_sign_us,hs_keygen_n,hs_derive_n,hs_verify_n,hs_sign_n
msg,iter,idx,seal_us,rtt_us,open_us,tx_B,rx_B
whole,iter,first_ms,all_ms,msgs
#suite TLS13-AES256-GCM-SHA384
0,7.4450,1846.4110,13.7830,1867.6390,1391,3179,45,568,2,12,3,18,146532,66118.0,70548.0,1635283.0,0.0,2,2,2,0
msg,0,0,1098,26965,1079,112,112
msg,0,1,965,6761,1096,112,112
msg,0,2,967,6004,1094,112,112
msg,0,3,1056,5533,1087,112,112
msg,0,4,962,5766,1091,112,112
msg,0,5,971,5608,1086,112,112
msg,0,6,971,6432,1088,112,112
msg,0,7,963,5912,1192,112,112
msg,0,8,960,5487,1093,112,112
msg,0,9,936,5379,1080,112,112
msg,0,10,960,27746,1076,112,112
msg,0,11,970,6468,1075,112,112
msg,0,12,960,5427,1094,112,112
msg,0,13,958,5548,1091,112,112
msg,0,14,963,6311,1082,112,112
msg,0,15,966,5760,1077,112,112
msg,0,16,969,6048,1086,112,112
msg,0,17,930,7503,1081,112,112
msg,0,18,965,5629,1083,112,112
msg,0,19,971,28102,1088,112,112
msg,0,20,963,5770,1086,112,112
msg,0,21,962,5386,1189,112,112
msg,0,22,967,5771,1086,112,112
msg,0,23,933,5840,1091,112,112
msg,0,24,961,6358,1078,112,112
msg,0,25,966,6062,1094,112,112
msg,0,26,952,5474,1089,112,112
msg,0,27,962,8812,1094,112,112
msg,0,28,933,5388,1077,112,112
msg,0,29,961,27815,1078,112,112
msg,0,30,965,5846,1090,112,112
msg,0,31,971,5678,1090,112,112
msg,0,32,964,5546,1082,112,112
msg,0,33,964,5653,1073,112,112
msg,0,34,971,5731,1077,112,112
msg,0,35,965,8546,1172,112,112
msg,0,36,966,6134,1086,112,112
msg,0,37,940,6173,1077,112,112
msg,0,38,962,26584,1092,112,112
msg,0,39,956,5512,1085,112,112
msg,0,40,962,6585,1089,112,112
msg,0,41,942,8931,1084,112,112
msg,0,42,962,10127,1079,112,112
msg,0,43,964,9230,1083,112,112
msg,0,44,1060,7409,1081,112,112
msg,0,45,965,10205,1067,112,112
msg,0,46,964,33191,1084,112,112
msg,0,47,972,6360,1080,112,112
msg,0,48,969,5860,1081,112,112
msg,0,49,967,7282,1091,112,112
msg,0,50,961,6195,1079,112,112
msg,0,51,964,6521,1174,112,112
msg,0,52,962,7247,1089,112,112
msg,0,53,958,11287,1083,112,112
msg,0,54,956,32868,1090,112,112
msg,0,55,1064,5566,1087,112,112
msg,0,56,968,5363,1081,112,112
msg,0,57,966,5597,1065,112,112
msg,0,58,962,7029,1089,112,112
msg,0,59,958,5512,1078,112,112
msg,0,60,969,8601,1074,112,112
msg,0,61,968,9633,1070,112,112
msg,0,62,967,7026,1082,112,112
msg,0,63,966,24401,1076,112,112
msg,0,64,1060,6634,1071,112,112
msg,0,65,968,5526,1087,112,112
msg,0,66,961,5396,1087,112,112
msg,0,67,973,5451,1088,112,112
msg,0,68,965,5503,1073,112,112
msg,0,69,967,6339,1187,112,112
msg,0,70,968,5544,1088,112,112
msg,0,71,938,6190,1071,112,112
msg,0,72,952,7692,1076,112,112
msg,0,73,969,33583,1097,112,112
msg,0,74,963,5710,1099,112,112
msg,0,75,959,5560,1086,112,112
msg,0,76,967,5422,1092,112,112
msg,0,77,969,5533,1077,112,112
msg,0,78,963,7805,1080,112,112
msg,0,79,958,6585,1183,112,112
msg,0,80,970,5751,1080,112,112
msg,0,81,964,28027,1084,112,112
msg,0,82,1062,5402,1080,112,112
msg,0,83,963,5336,1075,112,112
msg,0,84,965,5388,1085,112,112
msg,0,85,962,5472,1097,112,112
msg,0,86,930,5814,1082,112,112
msg,0,87,961,7331,1079,112,112
msg,0,88,965,5654,1084,112,112
msg,0,89,964,6807,1079,112,112
msg,0,90,963,6282,1100,112,112
msg,0,91,961,32045,1081,112,112
msg,0,92,966,6277,1084,112,112
msg,0,93,951,5683,1086,112,112
msg,0,94,966,7001,1075,112,112
msg,0,95,973,5744,1083,112,112
msg,0,96,964,5889,1080,112,112
msg,0,97,967,6588,1077,112,112
msg,0,98,1065,9506,1071,112,112
msg,0,99,965,5435,1079,112,112
msg,0,100,1101,23143,1078,112,112
msg,0,101,964,6141,1084,112,112
msg,0,102,956,5608,1177,112,112
msg,0,103,959,5464,1091,112,112
msg,0,104,967,7043,1101,112,112
msg,0,105,972,5654,1092,112,112
msg,0,106,968,5276,1088,112,112
msg,0,107,966,7506,1081,112,112
msg,0,108,965,8318,1079,112,112
msg,0,109,960,5622,1088,112,112
msg,0,110,957,27864,1106,112,112
msg,0,111,964,6308,1240,112,112
msg,0,112,957,5762,1088,112,112
msg,0,113,961,5660,1092,112,112
msg,0,114,962,7513,1093,112,112
msg,0,115,938,6089,1069,112,112
msg,0,116,968,6287,1095,112,112
msg,0,117,967,5909,1091,112,112
msg,0,118,966,5709,1246,112,112
msg,0,119,963,26081,1080,112,112
msg,0,120,971,7738,1077,112,112
msg,0,121,963,5472,1078,112,112
msg,0,122,966,5406,1091,112,112
msg,0,123,960,5928,1071,112,112
msg,0,124,962,5837,1070,112,112
msg,0,125,957,5568,1098,112,112
msg,0,126,960,6684,1095,112,112
msg,0,127,964,7817,1069,112,112
msg,0,128,962,5944,1080,112,112
msg,0,129,969,27237,1090,112,112
msg,0,130,964,7243,1083,112,112
msg,0,131,964,7956,1082,112,112
msg,0,132,968,5862,1095,112,112
msg,0,133,960,5377,1079,112,112
msg,0,134,966,5677,1074,112,112
msg,0,135,1071,6612,1078,112,112
msg,0,136,961,6746,1645,112,112
msg,0,137,969,5713,1094,112,112
msg,0,138,966,25279,1085,112,112
msg,0,139,965,7447,1076,112,112
msg,0,140,964,5026,1093,112,112
msg,0,141,969,5386,1082,112,112
msg,0,142,972,5716,1080,112,112
msg,0,143,968,5302,1085,112,112
msg,0,144,966,5472,1083,112,112
msg,0,145,941,6214,1071,112,112
msg,0,146,968,6855,1083,112,112
msg,0,147,953,5756,1083,112,112
msg,0,148,964,35572,1081,112,112
msg,0,149,963,5984,1086,112,112
msg,0,150,970,6155,1073,112,112
msg,0,151,960,5332,1082,112,112
msg,0,152,929,5388,1078,112,112
msg,0,153,963,5412,1069,112,112
msg,0,154,960,6784,1070,112,112
msg,0,155,964,5446,1086,112,112
msg,0,156,963,5896,1099,112,112
msg,0,157,961,31212,1092,112,112
msg,0,158,968,6131,1099,112,112
msg,0,159,962,5615,1086,112,112
msg,0,160,966,6746,1091,112,112
msg,0,161,969,5443,1093,112,112
msg,0,162,941,5684,1085,112,112
msg,0,163,969,6169,1064,112,112
msg,0,164,960,7848,1075,112,112
msg,0,165,961,5718,1080,112,112
msg,0,166,959,33843,1076,112,112
msg,0,167,970,6797,1077,112,112
msg,0,168,962,6292,1099,112,112
msg,0,169,963,5989,1075,112,112
msg,0,170,967,5444,1098,112,112
msg,0,171,960,5509,1092,112,112
msg,0,172,961,5410,1090,112,112
msg,0,173,971,6015,1091,112,112
msg,0,174,967,5522,1081,112,112
msg,0,175,955,31561,1082,112,112
msg,0,176,968,5717,1079,112,112
msg,0,177,959,8000,1095,112,112
msg,0,178,967,7059,1076,112,112
msg,0,179,974,5816,1074,112,112
msg,0,180,966,5748,1084,112,112
msg,0,181,967,8967,1088,112,112
msg,0,182,966,8274,1075,112,112
msg,0,183,963,6507,1097,112,112
msg,0,184,963,28769,1097,112,112
msg,0,185,963,5423,1173,112,112
msg,0,186,964,5835,1085,112,112
msg,0,187,960,6003,1078,112,112
msg,0,188,951,7586,1076,112,112
msg,0,189,963,5639,1095,112,112
msg,0,190,965,6647,1091,112,112
msg,0,191,960,8846,1067,112,112
msg,0,192,967,5554,1082,112,112
msg,0,193,964,22344,1088,112,112
msg,0,194,966,7673,1086,112,112
msg,0,195,969,5492,1078,112,112
msg,0,196,968,6318,1097,112,112
msg,0,197,961,9525,1088,112,112
msg,0,198,944,5350,1082,112,112
msg,0,199,963,6633,1074,112,112
whole,0,1904.660,4105.068,200
1,6.4580,1844.9230,9.8320,1861.2130,1391,3179,45,568,2,12,3,18,146532,66334.0,70057.0,1638187.0,0.0,2,2,2,0
msg,1,0,1100,7975,1082,112,112
msg,1,1,963,5673,1084,112,112
msg,1,2,958,5676,1077,112,112
msg,1,3,968,7206,1088,112,112
msg,1,4,953,6508,1086,112,112
msg,1,5,942,8171,1071,112,112
msg,1,6,962,8853,1077,112,112
msg,1,7,960,6143,1087,112,112
msg,1,8,934,26290,1075,112,112
msg,1,9,962,6383,1083,112,112
msg,1,10,969,5362,1090,112,112
msg,1,11,965,6439,1081,112,112
msg,1,12,968,5352,1095,112,112
msg,1,13,960,5327,1086,112,112
msg,1,14,962,6327,1081,112,112
msg,1,15,979,10100,1083,112,112
msg,1,16,970,7098,1099,112,112
msg,1,17,963,25467,1231,112,112
msg,1,18,960,5453,1088,112,112
msg,1,19,958,5353,1078,112,112
msg,1,20,964,5402,1088,112,112
msg,1,21,965,5726,1103,112,112
msg,1,22,974,5705,1105,112,112
msg,1,23,963,5449,1088,112,112
msg,1,24,978,5499,1089,112,112
msg,1,25,957,9542,1080,112,112
msg,1,26,966,5785,1093,112,112
msg,1,27,971,27846,1090,112,112
msg,1,28,934,22883,1081,112,112
msg,1,29,961,7537,1196,112,112
msg,1,30,963,5986,1074,112,112
msg,1,31,968,6757,1070,112,112
msg,1,32,965,5762,1074,112,112
msg,1,33,966,9699,1066,112,112
msg,1,34,957,27352,1083,112,112
msg,1,35,932,6797,1088,112,112
msg,1,36,956,5624,1088,112,112
msg,1,37,936,5811,1089,112,112
msg,1,38,958,6324,1076,112,112
msg,1,39,965,6063,1086,112,112
msg,1,40,957,6616,1083,112,112
msg,1,41,1068,6278,1080,112,112
msg,1,42,972,6335,1103,112,112
msg,1,43,965,38691,1089,112,112
msg,1,44,965,6659,1083,112,112
msg,1,45,977,5345,1090,112,112
msg,1,46,957,5698,1095,112,112
msg,1,47,959,5298,1080,112,112
msg,1,48,972,9090,1175,112,112
msg,1,49,966,5617,1084,112,112
msg,1,50,967,8300,1069,112,112
msg,1,51,1063,25898,1081,112,112
msg,1,52,967,5449,1072,112,112
msg,1,53,964,5316,1087,112,112
msg,1,54,963,5369,1075,112,112
msg,1,55,968,5621,1075,112,112
msg,1,56,1114,6814,1679,112,112
msg,1,57,982,6918,1087,112,112
msg,1,58,970,6141,1082,112,112
msg,1,59,936,7990,1097,112,112
msg,1,60,965,6321,1085,112,112
msg,1,61,969,27503,1080,112,112
msg,1,62,969,6522,1081,112,112
msg,1,63,964,5795,1078,112,112
msg,1,64,969,6477,1198,112,112
msg,1,65,969,6285,1084,112,112
msg,1,66,937,5920,1087,112,112
msg,1,67,965,9061,1076,112,112
msg,1,68,963,9299,1182,112,112
msg,1,69,967,6126,1078,112,112
msg,1,70,967,26937,1094,112,112
msg,1,71,1066,6845,1087,112,112
msg,1,72,958,6069,1079,112,112
msg,1,73,969,8209,1086,112,112
msg,1,74,932,7848,1092,112,112
msg,1,75,961,10793,1088,112,112
msg,1,76,960,9312,1085,112,112
msg,1,77,972,5659,1073,112,112
msg,1,78,959,33490,1079,112,112
msg,1,79,970,6225,1084,112,112
msg,1,80,936,5459,1080,112,112
msg,1,81,974,5330,1071,112,112
msg,1,82,975,5740,1077,112,112
msg,1,83,970,5795,1073,112,112
msg,1,84,962,5982,1084,112,112
msg,1,85,968,9855,1084,112,112
msg,1,86,982,6541,1082,112,112
msg,1,87,980,27805,1078,112,112
msg,1,88,971,5419,1069,112,112
msg,1,89,967,5695,1176,112,112
msg,1,90,960,5652,1075,112,112
msg,1,91,967,6175,1087,112,112
msg,1,92,936,6401,1072,112,112
msg,1,93,968,7582,1082,112,112
msg,1,94,965,5387,1083,112,112
msg,1,95,959,7688,1084,112,112
msg,1,96,951,35525,1087,112,112
msg,1,97,936,6228,1244,112,112
msg,1,98,964,5415,1634,112,112
msg,1,99,973,5761,1086,112,112
msg,1,100,937,5613,1085,112,112
msg,1,101,970,5523,1071,112,112
msg,1,102,963,6128,1091,112,112
msg,1,103,960,7492,1080,112,112
msg,1,104,963,5439,1077,112,112
msg,1,105,972,35009,1087,112,112
msg,1,106,964,6001,1092,112,112
msg,1,107,961,5387,1087,112,112
msg,1,108,967,5863,1179,112,112
msg,1,109,965,5409,1085,112,112
msg,1,110,967,7552,1077,112,112
msg,1,111,969,5776,1077,112,112
msg,1,112,963,7649,1080,112,112
msg,1,113,964,31276,1096,112,112
msg,1,114,965,5834,1064,112,112
msg,1,115,965,5846,1079,112,112
msg,1,116,974,6312,1088,112,112
msg,1,117,953,5970,1071,112,112
msg,1,118,961,6619,1098,112,112
msg,1,119,964,6596,1187,112,112
msg,1,120,966,8161,1086,112,112
msg,1,121,969,5464,1544,112,112
msg,1,122,1043,28100,1069,112,112
msg,1,123,962,5722,1076,112,112
msg,1,124,960,5706,1069,112,112
msg,1,125,970,5343,1086,112,112
msg,1,126,955,6610,1092,112,112
msg,1,127,966,5379,1078,112,112
msg,1,128,972,5338,1081,112,112
msg,1,129,965,5723,1093,112,112
msg,1,130,957,8156,1082,112,112
msg,1,131,963,5444,1069,112,112
msg,1,132,962,33223,1097,112,112
msg,1,133,971,5597,1090,112,112
msg,1,134,969,6414,1087,112,112
msg,1,135,962,5622,1073,112,112
msg,1,136,971,6177,1086,112,112
msg,1,137,957,5605,1176,112,112
msg,1,138,969,5838,1085,112,112
msg,1,139,957,8638,1239,112,112
msg,1,140,953,5551,1084,112,112
msg,1,141,979,29156,1078,112,112
msg,1,142,1107,5998,1684,112,112
msg,1,143,968,6289,1088,112,112
msg,1,144,974,7545,1079,112,112
msg,1,145,964,5516,1083,112,112
msg,1,146,971,5494,1074,112,112
msg,1,147,967,5641,1100,112,112
msg,1,148,966,8018,1195,112,112
msg,1,149,968,6326,1068,112,112
msg,1,150,963,22523,1088,112,112
msg,1,151,957,5949,1073,112,112
msg,1,152,959,6218,1086,112,112
msg,1,153,968,5555,1084,112,112
msg,1,154,1062,5767,1087,112,112
msg,1,155,967,5385,1076,112,112
msg,1,156,969,6259,1088,112,112
msg,1,157,962,7245,1075,112,112
msg,1,158,955,7786,1081,112,112
msg,1,159,968,5837,1080,112,112
msg,1,160,969,30677,1089,112,112
msg,1,161,967,6428,1079,112,112
msg,1,162,963,6300,1083,112,112
msg,1,163,960,7198,1074,112,112
msg,1,164,974,6431,1100,112,112
msg,1,165,956,6071,1082,112,112
msg,1,166,962,6241,1104,112,112
msg,1,167,1524,7624,1081,112,112
msg,1,168,963,5560,1073,112,112
msg,1,169,964,31591,1073,112,112
msg,1,170,965,5761,1079,112,112
msg,1,171,966,7122,1083,112,112
msg,1,172,968,6306,1080,112,112
msg,1,173,968,5871,1077,112,112
msg,1,174,963,8269,1087,112,112
msg,1,175,963,5615,1090,112,112
msg,1,176,961,6333,1081,112,112
msg,1,177,960,5490,1086,112,112
msg,1,178,968,29452,1098,112,112
msg,1,179,957,7310,1085,112,112
msg,1,180,937,5957,1090,112,112
msg,1,181,962,5965,1074,112,112
msg,1,182,973,6764,1082,112,112
msg,1,183,960,5347,1088,112,112
msg,1,184,971,5762,1087,112,112
msg,1,185,964,7662,1094,112,112
msg,1,186,955,5479,1088,112,112
msg,1,187,1070,27750,1090,112,112
msg,1,188,956,5802,1087,112,112
msg,1,189,956,5649,1084,112,112
msg,1,190,960,10190,1079,112,112
msg,1,191,963,7646,1081,112,112
msg,1,192,1064,5654,1076,112,112
msg,1,193,964,6843,1078,112,112
msg,1,194,963,6043,1084,112,112
msg,1,195,963,5445,1079,112,112
msg,1,196,961,22719,1090,112,112
msg,1,197,968,5399,1078,112,112
msg,1,198,961,5525,1096,112,112
msg,1,199,967,7016,1078,112,112
whole,1,1898.935,4161.541,200
2,6.4880,1851.9260,14.8450,1873.2590,1391,3179,45,568,2,12,3,18,146532,66146.0,70589.0,1633011.0,0.0,2,2,2,0
msg,2,0,1101,6322,1079,112,112
msg,2,1,1063,39891,1087,112,112
msg,2,2,962,5331,1070,112,112
msg,2,3,1060,5512,1093,112,112
msg,2,4,967,5419,1087,112,112
msg,2,5,939,5471,1085,112,112
msg,2,6,966,5832,1094,112,112
msg,2,7,964,7303,1076,112,112
msg,2,8,968,5471,1075,112,112
msg,2,9,967,36375,1087,112,112
msg,2,10,933,6953,1080,112,112
msg,2,11,965,6467,1088,112,112
msg,2,12,932,6529,1082,112,112
msg,2,13,971,5313,1169,112,112
msg,2,14,959,9246,1086,112,112
msg,2,15,940,7945,1086,112,112
msg,2,16,970,5659,1085,112,112
msg,2,17,958,28585,1087,112,112
msg,2,18,964,6575,1087,112,112
msg,2,19,963,5801,1089,112,112
msg,2,20,934,6233,1082,112,112
msg,2,21,960,6321,1083,112,112
msg,2,22,964,5410,1096,112,112
msg,2,23,966,6912,1084,112,112
msg,2,24,967,10089,1070,112,112
msg,2,25,958,5867,1081,112,112
msg,2,26,973,23003,1083,112,112
msg,2,27,1115,6459,1080,112,112
msg,2,28,967,5433,1083,112,112
msg,2,29,967,5493,1097,112,112
msg,2,30,958,5753,1093,112,112
msg,2,31,963,5793,1075,112,112
msg,2,32,1067,5496,1099,112,112
msg,2,33,958,8458,1087,112,112
msg,2,34,937,7585,1091,112,112
msg,2,35,960,5393,1081,112,112
msg,2,36,965,30084,1086,112,112
msg,2,37,959,5858,1087,112,112
msg,2,38,960,6931,1103,112,112
msg,2,39,953,8999,1081,112,112
msg,2,40,966,5671,1083,112,112
msg,2,41,983,5697,1084,112,112
msg,2,42,971,5381,1084,112,112
msg,2,43,961,9252,1076,112,112
msg,2,44,964,7008,1092,112,112
msg,2,45,958,16929,1232,112,112
msg,2,46,975,5782,1080,112,112
msg,2,47,966,6043,1086,112,112
msg,2,48,957,6148,1094,112,112
msg,2,49,967,6038,1081,112,112
msg,2,50,960,6090,1082,112,112
msg,2,51,963,6025,1101,112,112
msg,2,52,968,7072,1173,112,112
msg,2,53,965,6687,1080,112,112
msg,2,54,964,6003,1083,112,112
msg,2,55,937,28279,1082,112,112
msg,2,56,966,6202,1081,112,112
msg,2,57,955,6229,1077,112,112
msg,2,58,969,5873,1084,112,112
msg,2,59,968,5730,1076,112,112
msg,2,60,968,5548,1073,112,112
msg,2,61,966,7803,1076,112,112
msg,2,62,1073,7806,1084,112,112
msg,2,63,974,5769,1089,112,112
msg,2,64,964,5870,1092,112,112
msg,2,65,958,22774,1081,112,112
msg,2,66,959,5708,1089,112,112
msg,2,67,1067,5525,1086,112,112
msg,2,68,963,5548,1080,112,112
msg,2,69,963,16952,1083,112,112
msg,2,70,970,7267,1079,112,112
msg,2,71,963,5744,1083,112,112
msg,2,72,965,7511,1078,112,112
msg,2,73,967,31142,1086,112,112
msg,2,74,959,5419,1072,112,112
msg,2,75,968,5350,1099,112,112
msg,2,76,963,5353,1093,112,112
msg,2,77,973,5635,1088,112,112
msg,2,78,957,5354,1074,112,112
msg,2,79,970,5870,1079,112,112
msg,2,80,970,5769,1075,112,112
msg,2,81,971,9375,1071,112,112
msg,2,82,972,6775,1074,112,112
msg,2,83,963,26895,1175,112,112
msg,2,84,966,7279,1091,112,112
msg,2,85,970,5633,1088,112,112
msg,2,86,963,5560,1091,112,112
msg,2,87,970,5921,1092,112,112
msg,2,88,962,5338,1095,112,112
msg,2,89,953,5743,1085,112,112
msg,2,90,932,5633,1086,112,112
msg,2,91,968,5694,1083,112,112
msg,2,92,969,5416,1081,112,112
msg,2,93,968,27493,1072,112,112
msg,2,94,956,5907,1079,112,112
msg,2,95,966,5342,1086,112,112
msg,2,96,1059,5491,1090,112,112
msg,2,97,967,5417,1086,112,112
msg,2,98,970,5575,1076,112,112
msg,2,99,967,6860,1089,112,112
msg,2,100,969,5704,1179,112,112
msg,2,101,969,6565,1072,112,112
msg,2,102,964,7917,1088,112,112
msg,2,103,1092,22998,1067,112,112
msg,2,104,969,5487,1094,112,112
msg,2,105,962,5741,1201,112,112
msg,2,106,964,5553,1087,112,112
msg,2,107,978,5576,1089,112,112
msg,2,108,957,5649,1084,112,112
msg,2,109,933,8497,1086,112,112
msg,2,110,959,5711,1086,112,112
msg,2,111,974,6219,1096,112,112
msg,2,112,961,28789,1076,112,112
msg,2,113,957,6236,1090,112,112
msg,2,114,959,5380,1077,112,112
msg,2,115,1064,6174,1096,112,112
msg,2,116,962,6628,1088,112,112
msg,2,117,959,5515,1083,112,112
msg,2,118,968,5736,1078,112,112
msg,2,119,969,5490,1179,112,112
msg,2,120,960,8191,1089,112,112
msg,2,121,969,5536,1089,112,112
msg,2,122,1106,25760,1108,112,112
msg,2,123,963,9134,1083,112,112
msg,2,124,975,5538,1078,112,112
msg,2,125,967,6080,1086,112,112
msg,2,126,966,5372,1075,112,112
msg,2,127,964,5409,1100,112,112
msg,2,128,961,7148,1092,112,112
msg,2,129,964,5492,1080,112,112
msg,2,130,977,5336,1090,112,112
msg,2,131,968,5898,1074,112,112
msg,2,132,973,28709,1075,112,112
msg,2,133,960,5598,1101,112,112
msg,2,134,957,7093,1092,112,112
msg,2,135,974,5498,1074,112,112
msg,2,136,964,5382,1094,112,112
msg,2,137,963,5399,1084,112,112
msg,2,138,969,7527,1081,112,112
msg,2,139,968,7652,1078,112,112
msg,2,140,975,5381,1099,112,112
msg,2,141,971,28058,1075,112,112
msg,2,142,966,7102,1087,112,112
msg,2,143,928,6952,1098,112,112
msg,2,144,964,6399,1194,112,112
msg,2,145,960,5861,1091,112,112
msg,2,146,965,6304,1081,112,112
msg,2,147,962,7058,1088,112,112
msg,2,148,960,8389,1084,112,112
msg,2,149,962,5855,1091,112,112
msg,2,150,931,27492,1077,112,112
msg,2,151,972,5599,1085,112,112
msg,2,152,963,7843,1086,112,112
msg,2,153,959,7578,1076,112,112
msg,2,154,974,6393,1102,112,112
msg,2,155,968,7539,1084,112,112
msg,2,156,957,8607,1080,112,112
msg,2,157,958,6248,1072,112,112
msg,2,158,964,5560,1069,112,112
msg,2,159,967,30460,1088,112,112
msg,2,160,1384,12543,1068,112,112
msg,2,161,962,5522,1086,112,112
msg,2,162,963,5488,1085,112,112
msg,2,163,940,11538,1092,112,112
msg,2,164,975,5470,1078,112,112
msg,2,165,955,6779,1076,112,112
msg,2,166,967,7998,1092,112,112
msg,2,167,956,23014,1080,112,112
msg,2,168,1069,7038,1078,112,112
msg,2,169,958,7938,1089,112,112
msg,2,170,1058,6204,1068,112,112
msg,2,171,961,5697,1077,112,112
msg,2,172,959,5307,1087,112,112
msg,2,173,942,5786,1087,112,112
msg,2,174,955,7044,1200,112,112
msg,2,175,961,5637,1079,112,112
msg,2,176,965,31320,1086,112,112
msg,2,177,960,5883,1684,112,112
msg,2,178,965,5688,1089,112,112
msg,2,179,966,5467,1077,112,112
msg,2,180,959,5683,1077,112,112
msg,2,181,970,5311,1089,112,112
msg,2,182,959,6185,1180,112,112
msg,2,183,978,5925,1088,112,112
msg,2,184,1128,5647,1095,112,112
msg,2,185,934,5518,1090,112,112
msg,2,186,964,26448,1078,112,112
msg,2,187,965,6525,1070,112,112
msg,2,188,968,6815,1071,112,112
msg,2,189,957,5930,1084,112,112
msg,2,190,970,6572,1081,112,112
msg,2,191,1071,5699,1073,112,112
msg,2,192,968,7127,1088,112,112
msg,2,193,940,7136,1079,112,112
msg,2,194,968,6173,1091,112,112
msg,2,195,966,32612,1086,112,112
msg,2,196,973,5657,1079,112,112
msg,2,197,971,6324,1071,112,112
msg,2,198,967,7410,1093,112,112
msg,2,199,956,14490,1089,112,112
whole,2,1889.342,4113.424,200
#heap 22591
#stack 8616
#end
#block pipeline TLS lorawan11_256 down
#aead AES-256-CTR+2xCMAC (LoRaWAN 1.1 frame, 256-bit keys) (BearSSL (arduino-pico)), downlink, 51 B payload + 13 B overhead
#lib wolfSSL 5.9.4
iter,tcp_ms,tls_ms,mqtt_ms,total_ms,hs_tx_B,hs_rx_B,mqtt_tx_B,mqtt_rx_B,hs_writes,hs_reads,writes,reads,free_heap_B,hs_keygen_us,hs_derive_us,hs_verify_us,hs_sign_us,hs_keygen_n,hs_derive_n,hs_verify_n,hs_sign_n
msg,iter,idx,seal_us,rtt_us,open_us,tx_B,rx_B
whole,iter,first_ms,all_ms,msgs
#suite TLS13-AES256-GCM-SHA384
0,7.4770,1841.6000,13.6890,1862.7660,1391,3179,45,568,2,12,3,18,146532,66244.0,70018.0,1635542.0,0.0,2,2,2,0
msg,0,0,705,6015,724,112,112
msg,0,1,604,34428,721,112,112
msg,0,2,597,5619,720,112,112
msg,0,3,606,6552,695,112,112
msg,0,4,580,5843,712,112,112
msg,0,5,569,5718,729,112,112
msg,0,6,600,5269,724,112,112
msg,0,7,614,8135,695,112,112
msg,0,8,571,6075,721,112,112
msg,0,9,600,5812,691,112,112
msg,0,10,568,5635,813,112,112
msg,0,11,579,41132,695,112,112
msg,0,12,647,6629,727,112,112
msg,0,13,606,5270,729,112,112
msg,0,14,596,5352,719,112,112
msg,0,15,602,5971,693,112,112
msg,0,16,576,6407,695,112,112
msg,0,17,576,10049,721,112,112
msg,0,18,602,5987,694,112,112
msg,0,19,577,29970,725,112,112
msg,0,20,598,6348,728,112,112
msg,0,21,604,5503,728,112,112
msg,0,22,599,5753,697,112,112
msg,0,23,582,5693,719,112,112
msg,0,24,573,6334,694,112,112
msg,0,25,575,5670,713,112,112
msg,0,26,568,6417,716,112,112
msg,0,27,571,5649,720,112,112
msg,0,28,603,6524,827,112,112
msg,0,29,607,32500,723,112,112
msg,0,30,603,6069,716,112,112
msg,0,31,574,5363,693,112,112
msg,0,32,572,5904,726,112,112
msg,0,33,602,6118,718,112,112
msg,0,34,575,7595,727,112,112
msg,0,35,599,6735,723,112,112
msg,0,36,607,5835,699,112,112
msg,0,37,578,8184,726,112,112
msg,0,38,599,6965,723,112,112
msg,0,39,602,25914,723,112,112
msg,0,40,605,5652,696,112,112
msg,0,41,571,5433,697,112,112
msg,0,42,580,5488,695,112,112
msg,0,43,574,5292,721,112,112
msg,0,44,603,5609,695,112,112
msg,0,45,572,5530,699,112,112
msg,0,46,570,7376,697,112,112
msg,0,47,579,9500,697,112,112
msg,0,48,583,8312,724,112,112
msg,0,49,614,25139,726,112,112
msg,0,50,599,5827,696,112,112
msg,0,51,577,5655,697,112,112
msg,0,52,571,5449,697,112,112
msg,0,53,581,7585,712,112,112
msg,0,54,569,6989,723,112,112
msg,0,55,603,5341,828,112,112
msg,0,56,603,7118,722,112,112
msg,0,57,598,5652,724,112,112
msg,0,58,606,5986,723,112,112
msg,0,59,570,8031,723,112,112
msg,0,60,606,47774,698,112,112
msg,0,61,669,6884,727,112,112
msg,0,62,600,6194,722,112,112
msg,0,63,605,5332,715,112,112
msg,0,64,571,5750,723,112,112
msg,0,65,606,10797,694,112,112
msg,0,66,595,50357,722,112,112
msg,0,67,608,7425,721,112,112
msg,0,68,599,5861,714,112,112
msg,0,69,573,6085,716,112,112
msg,0,70,610,5917,711,112,112
msg,0,71,579,5971,717,112,112
msg,0,72,598,10034,722,112,112
msg,0,73,604,7412,719,112,112
msg,0,74,600,16874,727,112,112
msg,0,75,596,13469,721,112,112
msg,0,76,597,5373,719,112,112
msg,0,77,602,6609,695,112,112
msg,0,78,574,5804,720,112,112
msg,0,79,575,5430,888,112,112
msg,0,80,611,5444,718,112,112
msg,0,81,612,7105,698,112,112
msg,0,82,573,6143,724,112,112
msg,0,83,597,6683,693,112,112
msg,0,84,676,5865,725,112,112
msg,0,85,596,21939,694,112,112
msg,0,86,575,7447,697,112,112
msg,0,87,575,8936,727,112,112
msg,0,88,602,5346,724,112,112
msg,0,89,599,5735,725,112,112
msg,0,90,600,5279,729,112,112
msg,0,91,594,5425,724,112,112
msg,0,92,601,7112,696,112,112
msg,0,93,675,7359,695,112,112
msg,0,94,574,5935,721,112,112
msg,0,95,606,5528,720,112,112
msg,0,96,605,27103,721,112,112
msg,0,97,598,5520,719,112,112
msg,0,98,602,7553,728,112,112
msg,0,99,604,5318,714,112,112
msg,0,100,597,7748,723,112,112
msg,0,101,603,6038,715,112,112
msg,0,102,574,7491,718,112,112
msg,0,103,591,5388,711,112,112
msg,0,104,571,6712,726,112,112
msg,0,105,605,7152,713,112,112
msg,0,106,570,31294,695,112,112
msg,0,107,573,6082,726,112,112
msg,0,108,603,5765,696,112,112
msg,0,109,568,5506,700,112,112
msg,0,110,571,6444,693,112,112
msg,0,111,571,6028,726,112,112
msg,0,112,603,7128,713,112,112
msg,0,113,577,11333,695,112,112
msg,0,114,571,5973,723,112,112
msg,0,115,608,25805,695,112,112
msg,0,116,571,6839,811,112,112
msg,0,117,604,6787,723,112,112
msg,0,118,598,9998,809,112,112
msg,0,119,598,10679,727,112,112
msg,0,120,599,5487,725,112,112
msg,0,121,695,6475,722,112,112
msg,0,122,601,8231,719,112,112
msg,0,123,602,6924,696,112,112
msg,0,124,575,24854,724,112,112
msg,0,125,595,8823,724,112,112
msg,0,126,606,5952,716,112,112
msg,0,127,605,6995,692,112,112
msg,0,128,753,6491,697,112,112
msg,0,129,572,6195,730,112,112
msg,0,130,603,6913,719,112,112
msg,0,131,569,5928,724,112,112
msg,0,132,601,5990,717,112,112
msg,0,133,607,7547,727,112,112
msg,0,134,599,30930,696,112,112
msg,0,135,577,6356,696,112,112
msg,0,136,577,5668,694,112,112
msg,0,137,572,5441,696,112,112
msg,0,138,569,7348,695,112,112
msg,0,139,569,5838,724,112,112
msg,0,140,595,5886,721,112,112
msg,0,141,608,5858,711,112,112
msg,0,142,568,8238,697,112,112
msg,0,143,581,6188,725,112,112
msg,0,144,623,31990,714,112,112
msg,0,145,573,6296,695,112,112
msg,0,146,573,6263,712,112,112
msg,0,147,593,6034,719,112,112
msg,0,148,608,6689,726,112,112
msg,0,149,602,5330,723,112,112
msg,0,150,602,6294,731,112,112
msg,0,151,604,6981,789,112,112
msg,0,152,566,5986,722,112,112
msg,0,153,602,6510,725,112,112
msg,0,154,601,28866,693,112,112
msg,0,155,577,6889,727,112,112
msg,0,156,606,5454,721,112,112
msg,0,157,616,8802,697,112,112
msg,0,158,573,5702,692,112,112
msg,0,159,575,6013,724,112,112
msg,0,160,597,9373,728,112,112
msg,0,161,595,12617,721,112,112
msg,0,162,602,5994,720,112,112
msg,0,163,597,27071,694,112,112
msg,0,164,577,5669,724,112,112
msg,0,165,619,5567,724,112,112
msg,0,166,615,5729,727,112,112
msg,0,167,603,5376,722,112,112
msg,0,168,598,5535,715,112,112
msg,0,169,614,5609,697,112,112
msg,0,170,573,7748,712,112,112
msg,0,171,567,9231,698,112,112
msg,0,172,579,6583,696,112,112
msg,0,173,581,32134,694,112,112
msg,0,174,572,6318,726,112,112
msg,0,175,606,6781,692,112,112
msg,0,176,571,6123,725,112,112
msg,0,177,605,6321,720,112,112
msg,0,178,607,9079,716,112,112
msg,0,179,567,6915,718,112,112
msg,0,180,599,9267,723,112,112
msg,0,181,601,6867,692,112,112
msg,0,182,571,26021,716,112,112
msg,0,183,601,5917,694,112,112
msg,0,184,573,5552,695,112,112
msg,0,185,572,5492,694,112,112
msg,0,186,577,5723,823,112,112
msg,0,187,605,5348,718,112,112
msg,0,188,600,5438,723,112,112
msg,0,189,605,7188,698,112,112
msg,0,190,579,5489,694,112,112
msg,0,191,580,5352,697,112,112
msg,0,192,566,5711,716,112,112
msg,0,193,577,29910,729,112,112
msg,0,194,600,5547,720,112,112
msg,0,195,596,5683,692,112,112
msg,0,196,578,5908,717,112,112
msg,0,197,611,5727,720,112,112
msg,0,198,605,5872,714,112,112
msg,0,199,571,6604,717,112,112
whole,0,1876.967,4002.317,200
1,11.6100,1844.5550,39.2600,1895.4250,1391,3179,45,568,2,12,3,18,146532,66116.0,71108.0,1634962.0,0.0,2,2,2,0
msg,1,0,736,5616,859,112,112
msg,1,1,585,5676,714,112,112
msg,1,2,570,8050,720,112,112
msg,1,3,601,5965,714,112,112
msg,1,4,570,5516,724,112,112
msg,1,5,602,11028,694,112,112
msg,1,6,570,5690,695,112,112
msg,1,7,570,24697,718,112,112
msg,1,8,609,5975,696,112,112
msg,1,9,600,5675,700,112,112
msg,1,10,571,5348,696,112,112
msg,1,11,730,5729,718,112,112
msg,1,12,604,5966,701,112,112
msg,1,13,577,6523,695,112,112
msg,1,14,571,5913,723,112,112
msg,1,15,605,6121,692,112,112
msg,1,16,586,8824,725,112,112
msg,1,17,608,6278,718,112,112
msg,1,18,598,26260,696,112,112
msg,1,19,666,6587,720,112,112
msg,1,20,602,7403,714,112,112
msg,1,21,573,5671,726,112,112
msg,1,22,605,6023,693,112,112
msg,1,23,575,5465,698,112,112
msg,1,24,578,5327,693,112,112
msg,1,25,578,5747,715,112,112
msg,1,26,575,5960,722,112,112
msg,1,27,605,6301,729,112,112
msg,1,28,605,5919,698,112,112
msg,1,29,577,25589,715,112,112
msg,1,30,573,6808,726,112,112
msg,1,31,605,5502,718,112,112
msg,1,32,603,5344,728,112,112
msg,1,33,603,8371,728,112,112
msg,1,34,703,5777,693,112,112
msg,1,35,569,5571,696,112,112
msg,1,36,586,6143,725,112,112
msg,1,37,597,11988,726,112,112
msg,1,38,571,6700,726,112,112
msg,1,39,597,22014,697,112,112
msg,1,40,575,5489,817,112,112
msg,1,41,570,6080,723,112,112
msg,1,42,606,5400,720,112,112
msg,1,43,605,5484,725,112,112
msg,1,44,613,6122,724,112,112
msg,1,45,596,5551,725,112,112
msg,1,46,607,5350,722,112,112
msg,1,47,603,6222,723,112,112
msg,1,48,601,7543,725,112,112
msg,1,49,604,6109,694,112,112
msg,1,50,572,32593,715,112,112
msg,1,51,578,6405,711,112,112
msg,1,52,571,5625,717,112,112
msg,1,53,599,5662,724,112,112
msg,1,54,695,7451,726,112,112
msg,1,55,603,6722,692,112,112
msg,1,56,575,8714,712,112,112
msg,1,57,579,11796,819,112,112
msg,1,58,604,37169,721,112,112
msg,1,59,606,7304,719,112,112
msg,1,60,574,5448,709,112,112
msg,1,61,577,5398,699,112,112
msg,1,62,575,5682,724,112,112
msg,1,63,605,6179,693,112,112
msg,1,64,580,9163,720,112,112
msg,1,65,604,9257,720,112,112
msg,1,66,606,5462,726,112,112
msg,1,67,598,34078,714,112,112
msg,1,68,582,5777,726,112,112
msg,1,69,599,5920,695,112,112
msg,1,70,571,5462,696,112,112
msg,1,71,577,5951,724,112,112
msg,1,72,605,5343,722,112,112
msg,1,73,612,8354,714,112,112
msg,1,74,569,5669,723,112,112
msg,1,75,605,5956,695,112,112
msg,1,76,574,5834,720,112,112
msg,1,77,606,27025,693,112,112
msg,1,78,574,6122,725,112,112
msg,1,79,601,5566,721,112,112
msg,1,80,600,5598,699,112,112
msg,1,81,572,5337,724,112,112
msg,1,82,599,5778,717,112,112
msg,1,83,571,5690,729,112,112
msg,1,84,601,7289,716,112,112
msg,1,85,567,8336,698,112,112
msg,1,86,570,5432,692,112,112
msg,1,87,573,5402,789,112,112
msg,1,88,566,28390,694,112,112
msg,1,89,571,6601,692,112,112
msg,1,90,578,5895,820,112,112
msg,1,91,614,5878,693,112,112
msg,1,92,578,6815,723,112,112
msg,1,93,600,5573,720,112,112
msg,1,94,613,8228,722,112,112
msg,1,95,602,7373,711,112,112
msg,1,96,573,6214,697,112,112
msg,1,97,571,29498,816,112,112
msg,1,98,572,6351,695,112,112
msg,1,99,570,5957,724,112,112
msg,1,100,604,6429,720,112,112
msg,1,101,601,6756,723,112,112
msg,1,102,607,7190,725,112,112
msg,1,103,599,5688,722,112,112
msg,1,104,614,8015,724,112,112
msg,1,105,603,9455,718,112,112
msg,1,106,595,8003,700,112,112
msg,1,107,577,26208,724,112,112
msg,1,108,602,5815,692,112,112
msg,1,109,576,9980,724,112,112
msg,1,110,605,8673,718,112,112
msg,1,111,603,5422,726,112,112
msg,1,112,615,5510,696,112,112
msg,1,113,574,6270,721,112,112
msg,1,114,600,5320,813,112,112
msg,1,115,608,6263,716,112,112
msg,1,116,605,6247,720,112,112
msg,1,117,598,26384,717,112,112
msg,1,118,569,5822,725,112,112
msg,1,119,600,6568,723,112,112
msg,1,120,606,7147,723,112,112
msg,1,121,604,6322,820,112,112
msg,1,122,607,5733,715,112,112
msg,1,123,604,5312,716,112,112
msg,1,124,600,5793,693,112,112
msg,1,125,570,9020,723,112,112
msg,1,126,601,5413,722,112,112
msg,1,127,710,26231,719,112,112
msg,1,128,602,5873,725,112,112
msg,1,129,613,5608,696,112,112
msg,1,130,571,5370,693,112,112
msg,1,131,604,11683,696,112,112
msg,1,132,574,6285,697,112,112
msg,1,133,566,5971,726,112,112
msg,1,134,599,5565,733,112,112
msg,1,135,602,8388,722,112,112
msg,1,136,613,6144,713,112,112
msg,1,137,575,24226,691,112,112
msg,1,138,572,5547,695,112,112
msg,1,139,574,5658,716,112,112
msg,1,140,574,5616,723,112,112
msg,1,141,607,6423,719,112,112
msg,1,142,606,6875,725,112,112
msg,1,143,606,7184,728,112,112
msg,1,144,604,6380,723,112,112
msg,1,145,607,6565,725,112,112
msg,1,146,607,7360,820,112,112
msg,1,147,607,5656,723,112,112
msg,1,148,604,27224,727,112,112
msg,1,149,597,6205,723,112,112
msg,1,150,596,5530,729,112,112
msg,1,151,603,5379,724,112,112
msg,1,152,608,6726,727,112,112
msg,1,153,602,5358,726,112,112
msg,1,154,601,6644,696,112,112
msg,1,155,599,6951,728,112,112
msg,1,156,601,8542,825,112,112
msg,1,157,608,5468,722,112,112
msg,1,158,602,25726,693,112,112
msg,1,159,596,7127,725,112,112
msg,1,160,604,6076,716,112,112
msg,1,161,574,5403,716,112,112
msg,1,162,572,6171,696,112,112
msg,1,163,573,7302,721,112,112
msg,1,164,613,5843,695,112,112
msg,1,165,569,6457,691,112,112
msg,1,166,574,6328,697,112,112
msg,1,167,571,6538,694,112,112
msg,1,168,568,33483,698,112,112
msg,1,169,581,5768,718,112,112
msg,1,170,605,5400,719,112,112
msg,1,171,599,7755,724,112,112
msg,1,172,598,6116,712,112,112
msg,1,173,574,6601,715,112,112
msg,1,174,607,8193,709,112,112
msg,1,175,581,5705,721,112,112
msg,1,176,605,6967,699,112,112
msg,1,177,572,6552,697,112,112
msg,1,178,575,29299,721,112,112
msg,1,179,602,5573,693,112,112
msg,1,180,576,5533,881,112,112
msg,1,181,574,5561,714,112,112
msg,1,182,582,6151,699,112,112
msg,1,183,581,5690,722,112,112
msg,1,184,569,6636,727,112,112
msg,1,185,602,6470,719,112,112
msg,1,186,602,8038,694,112,112
msg,1,187,577,6233,723,112,112
msg,1,188,607,28867,716,112,112
msg,1,189,571,7034,722,112,112
msg,1,190,606,6781,696,112,112
msg,1,191,575,5696,723,112,112
msg,1,192,597,5370,722,112,112
msg,1,193,568,6333,693,112,112
msg,1,194,574,10688,716,112,112
msg,1,195,597,10446,722,112,112
msg,1,196,599,6110,697,112,112
msg,1,197,568,35384,698,112,112
msg,1,198,583,7365,723,112,112
msg,1,199,608,5755,698,112,112
whole,1,1909.131,3959.926,200
2,4.4310,1844.0980,12.0840,1860.6130,1391,3179,45,568,2,12,3,18,146532,66252.0,71397.0,1634902.0,0.0,2,2,2,0
msg,2,0,704,8253,696,112,112
msg,2,1,577,6050,727,112,112
msg,2,2,600,29947,695,112,112
msg,2,3,574,9720,717,112,112
msg,2,4,568,5732,722,112,112
msg,2,5,611,6554,722,112,112
msg,2,6,600,5400,725,112,112
msg,2,7,602,6458,728,112,112
msg,2,8,608,7525,726,112,112
msg,2,9,602,5307,727,112,112
msg,2,10,602,5963,692,112,112
msg,2,11,578,6507,717,112,112
msg,2,12,567,29689,722,112,112
msg,2,13,701,8379,721,112,112
msg,2,14,606,5537,719,112,112
msg,2,15,605,5845,696,112,112
msg,2,16,570,6637,720,112,112
msg,2,17,572,5994,719,112,112
msg,2,18,599,6627,691,112,112
msg,2,19,576,10958,722,112,112
msg,2,20,605,5442,719,112,112
msg,2,21,606,29763,724,112,112
msg,2,22,603,9547,723,112,112
msg,2,23,597,5711,690,112,112
msg,2,24,576,5762,726,112,112
msg,2,25,603,7264,715,112,112
msg,2,26,567,6301,694,112,112
msg,2,27,577,6753,725,112,112
msg,2,28,608,5365,713,112,112
msg,2,29,573,6483,719,112,112
msg,2,30,580,6370,713,112,112
msg,2,31,576,25915,730,112,112
msg,2,32,602,6118,721,112,112
msg,2,33,613,5456,723,112,112
msg,2,34,615,6203,713,112,112
msg,2,35,571,5806,722,112,112
msg,2,36,601,6762,716,112,112
msg,2,37,613,6838,713,112,112
msg,2,38,574,5419,712,112,112
msg,2,39,573,6926,728,112,112
msg,2,40,602,6536,724,112,112
msg,2,41,608,37343,726,112,112
msg,2,42,599,5945,717,112,112
msg,2,43,582,5465,712,112,112
msg,2,44,576,5375,693,112,112
msg,2,45,574,6541,695,112,112
msg,2,46,580,5514,696,112,112
msg,2,47,576,7536,714,112,112
msg,2,48,570,6384,696,112,112
msg,2,49,576,6141,725,112,112
msg,2,50,603,5520,695,112,112
msg,2,51,603,26003,722,112,112
msg,2,52,609,7561,722,112,112
msg,2,53,608,5635,720,112,112
msg,2,54,606,6169,723,112,112
msg,2,55,600,5850,694,112,112
msg,2,56,598,6016,727,112,112
msg,2,57,603,5512,725,112,112
msg,2,58,609,8063,698,112,112
msg,2,59,570,9788,725,112,112
msg,2,60,607,5698,724,112,112
msg,2,61,597,21946,724,112,112
msg,2,62,599,8496,719,112,112
msg,2,63,604,6948,696,112,112
msg,2,64,570,6848,719,112,112
msg,2,65,577,10703,723,112,112
msg,2,66,604,8264,724,112,112
msg,2,67,602,6091,694,112,112
msg,2,68,578,7010,726,112,112
msg,2,69,597,8700,713,112,112
msg,2,70,601,31599,691,112,112
msg,2,71,575,6044,723,112,112
msg,2,72,604,5507,719,112,112
msg,2,73,598,5779,698,112,112
msg,2,74,576,7418,696,112,112
msg,2,75,569,6276,728,112,112
msg,2,76,615,8408,714,112,112
msg,2,77,608,5870,711,112,112
msg,2,78,581,6150,698,112,112
msg,2,79,576,6758,710,112,112
msg,2,80,580,26330,697,112,112
msg,2,81,574,5702,723,112,112
msg,2,82,598,5523,721,112,112
msg,2,83,600,7270,725,112,112
msg,2,84,599,5265,712,112,112
msg,2,85,567,5577,713,112,112
msg,2,86,572,5379,723,112,112
msg,2,87,573,6023,719,112,112
msg,2,88,606,7462,726,112,112
msg,2,89,604,6153,730,112,112
msg,2,90,604,5267,721,112,112
msg,2,91,597,23320,721,112,112
msg,2,92,566,5513,718,112,112
msg,2,93,607,5332,716,112,112
msg,2,94,569,5764,721,112,112
msg,2,95,605,7354,724,112,112
msg,2,96,606,6194,717,112,112
msg,2,97,574,5569,725,112,112
msg,2,98,601,7343,713,112,112
msg,2,99,574,6808,727,112,112
msg,2,100,604,5811,693,112,112
msg,2,101,574,5639,695,112,112
msg,2,102,571,24655,716,112,112
msg,2,103,575,5619,720,112,112
msg,2,104,605,5681,725,112,112
msg,2,105,598,6319,721,112,112
msg,2,106,613,7004,699,112,112
msg,2,107,575,5401,695,112,112
msg,2,108,576,5522,697,112,112
msg,2,109,579,6448,690,112,112
msg,2,110,576,7043,719,112,112
msg,2,111,600,6317,726,112,112
msg,2,112,598,34720,720,112,112
msg,2,113,611,5690,698,112,112
msg,2,114,572,5656,718,112,112
msg,2,115,579,5512,721,112,112
msg,2,116,595,5760,722,112,112
msg,2,117,601,5716,695,112,112
msg,2,118,576,6641,698,112,112
msg,2,119,579,5664,712,112,112
msg,2,120,564,5705,720,112,112
msg,2,121,600,5839,691,112,112
msg,2,122,604,7126,724,112,112
msg,2,123,606,28040,694,112,112
msg,2,124,574,6037,725,112,112
msg,2,125,605,7049,721,112,112
msg,2,126,605,5483,720,112,112
msg,2,127,595,5749,721,112,112
msg,2,128,608,7811,694,112,112
msg,2,129,571,7220,721,112,112
msg,2,130,607,5268,720,112,112
msg,2,131,605,5535,722,112,112
msg,2,132,608,5305,721,112,112
msg,2,133,616,29072,717,112,112
msg,2,134,572,6555,719,112,112
msg,2,135,604,5476,725,112,112
msg,2,136,598,5563,720,112,112
msg,2,137,600,6962,693,112,112
msg,2,138,577,6596,693,112,112
msg,2,139,576,5457,697,112,112
msg,2,140,579,5376,698,112,112
msg,2,141,573,8955,725,112,112
msg,2,142,604,7247,724,112,112
msg,2,143,601,31894,726,112,112
msg,2,144,604,5569,694,112,112
msg,2,145,580,5769,722,112,112
msg,2,146,597,5359,719,112,112
msg,2,147,577,7652,722,112,112
msg,2,148,611,7947,695,112,112
msg,2,149,570,5916,809,112,112
msg,2,150,596,8664,727,112,112
msg,2,151,600,6443,718,112,112
msg,2,152,606,29680,695,112,112
msg,2,153,574,6299,718,112,112
msg,2,154,604,5909,714,112,112
msg,2,155,571,5452,719,112,112
msg,2,156,575,5541,716,112,112
msg,2,157,603,5859,718,112,112
msg,2,158,608,5792,712,112,112
msg,2,159,582,7838,725,112,112
msg,2,160,611,8206,720,112,112
msg,2,161,599,5481,720,112,112
msg,2,162,597,30776,726,112,112
msg,2,163,605,6487,719,112,112
msg,2,164,607,24917,723,112,112
msg,2,165,571,5489,719,112,112
msg,2,166,574,6133,694,112,112
msg,2,167,576,6090,723,112,112
msg,2,168,602,8809,693,112,112
msg,2,169,575,37656,694,112,112
msg,2,170,577,5923,720,112,112
msg,2,171,599,5600,720,112,112
msg,2,172,603,6292,722,112,112
msg,2,173,602,5832,695,112,112
msg,2,174,572,6311,697,112,112
msg,2,175,574,7635,696,112,112
msg,2,176,574,5954,720,112,112
msg,2,177,600,6234,719,112,112
msg,2,178,601,5693,725,112,112
msg,2,179,606,22272,721,112,112
msg,2,180,607,7255,720,112,112
msg,2,181,570,5798,725,112,112
msg,2,182,609,5624,722,112,112
msg,2,183,607,5477,718,112,112
msg,2,184,601,5397,726,112,112
msg,2,185,597,5397,721,112,112
msg,2,186,598,6920,720,112,112
msg,2,187,573,6732,834,112,112
msg,2,188,604,6525,730,112,112
msg,2,189,600,5925,713,112,112
msg,2,190,575,31739,722,112,112
msg,2,191,602,5622,724,112,112
msg,2,192,603,6813,696,112,112
msg,2,193,675,5834,728,112,112
msg,2,194,602,6130,712,112,112
msg,2,195,572,5557,716,112,112
msg,2,196,579,7562,725,112,112
msg,2,197,599,7321,718,112,112
msg,2,198,595,7117,694,112,112
msg,2,199,577,31036,718,112,112
whole,2,1877.126,3963.382,200
#heap 22591
#stack 8576
#end
#block pipeline mTLS lorawan11 up
#aead LoRaWAN-1.1 AES-128-CTR+2xCMAC (BearSSL (arduino-pico)), uplink, 51 B payload + 13 B overhead
#lib wolfSSL 5.9.4
iter,tcp_ms,tls_ms,mqtt_ms,total_ms,hs_tx_B,hs_rx_B,mqtt_tx_B,mqtt_rx_B,hs_writes,hs_reads,writes,reads,free_heap_B,hs_keygen_us,hs_derive_us,hs_verify_us,hs_sign_us,hs_keygen_n,hs_derive_n,hs_verify_n,hs_sign_n
msg,iter,idx,seal_us,rtt_us,open_us,tx_B,rx_B
whole,iter,first_ms,all_ms,msgs
#suite TLS13-AES256-GCM-SHA384
0,6.5250,2876.8350,155.2050,3038.5650,3287,3365,45,3672,4,14,5,20,143764,66253.0,70601.0,1636536.0,1016214.0,2,2,2,1
msg,0,0,857,5786,861,112,112
msg,0,1,733,8327,865,112,112
msg,0,2,800,5603,859,112,112
msg,0,3,741,8347,856,112,112
msg,0,4,738,137796,853,112,112
msg,0,5,741,9356,862,112,112
msg,0,6,734,6227,860,112,112
msg,0,7,738,5550,859,112,112
msg,0,8,1341,5895,849,112,112
msg,0,9,736,131503,862,112,112
msg,0,10,735,6214,859,112,112
msg,0,11,736,24083,860,112,112
msg,0,12,732,131472,858,112,112
msg,0,13,703,6369,831,112,112
msg,0,14,829,6731,849,112,112
msg,0,15,729,8129,853,112,112
msg,0,16,733,6337,852,112,112
msg,0,17,733,160930,859,112,112
msg,0,18,737,6685,823,112,112
msg,0,19,708,133888,851,112,112
msg,0,20,724,6670,853,112,112
msg,0,21,733,24271,838,112,112
msg,0,22,733,134234,847,112,112
msg,0,23,735,7835,824,112,112
msg,0,24,709,5812,868,112,112
msg,0,25,738,6046,858,112,112
msg,0,26,734,8456,861,112,112
msg,0,27,730,139682,845,112,112
msg,0,28,728,6021,845,112,112
msg,0,29,740,6041,829,112,112
msg,0,30,702,5941,858,112,112
msg,0,31,740,6494,828,112,112
msg,0,32,706,6067,861,112,112
msg,0,33,705,6737,858,112,112
msg,0,34,728,7362,853,112,112
msg,0,35,731,5522,926,112,112
msg,0,36,707,95963,854,112,112
msg,0,37,734,5874,861,112,112
msg,0,38,733,25418,862,112,112
msg,0,39,741,106629,849,112,112
msg,0,40,740,6904,830,112,112
msg,0,41,706,6213,831,112,112
msg,0,42,711,5598,855,112,112
msg,0,43,746,5609,852,112,112
msg,0,44,730,7313,852,112,112
msg,0,45,702,5789,851,112,112
msg,0,46,735,5401,855,112,112
msg,0,47,741,5395,829,112,112
msg,0,48,703,7081,860,112,112
msg,0,49,707,28737,853,112,112
msg,0,50,739,7281,856,112,112
msg,0,51,745,6229,849,112,112
msg,0,52,730,5365,862,112,112
msg,0,53,731,5848,851,112,112
msg,0,54,742,6065,851,112,112
msg,0,55,737,5468,854,112,112
msg,0,56,736,5832,857,112,112
msg,0,57,727,6090,852,112,112
msg,0,58,729,6839,834,112,112
msg,0,59,707,26874,863,112,112
msg,0,60,745,6382,853,112,112
msg,0,61,704,5875,851,112,112
msg,0,62,746,5925,847,112,112
msg,0,63,735,5321,859,112,112
msg,0,64,728,5807,831,112,112
msg,0,65,706,5585,854,112,112
msg,0,66,744,5311,859,112,112
msg,0,67,728,10083,853,112,112
msg,0,68,732,5420,861,112,112
msg,0,69,731,22510,833,112,112
msg,0,70,704,5780,854,112,112
msg,0,71,735,7938,853,112,112
msg,0,72,830,5902,849,112,112
msg,0,73,730,5517,856,112,112
msg,0,74,731,6810,851,112,112
msg,0,75,740,6569,855,112,112
msg,0,76,732,6673,944,112,112
msg,0,77,745,9219,845,112,112
msg,0,78,736,6590,859,112,112
msg,0,79,746,22163,860,112,112
msg,0,80,733,5703,858,112,112
msg,0,81,730,7503,943,112,112
msg,0,82,731,7033,861,112,112
msg,0,83,736,5996,847,112,112
msg,0,84,737,5712,854,112,112
msg,0,85,703,7334,828,112,112
msg,0,86,704,5953,857,112,112
msg,0,87,737,5794,854,112,112
msg,0,88,739,5623,856,112,112
msg,0,89,701,6184,855,112,112
msg,0,90,700,24309,831,112,112
msg,0,91,708,7073,858,112,112
msg,0,92,702,5930,957,112,112
msg,0,93,744,7627,846,112,112
msg,0,94,735,7877,854,112,112
msg,0,95,706,6344,825,112,112
msg,0,96,704,7254,831,112,112
msg,0,97,711,5369,846,112,112
msg,0,98,730,6394,946,112,112
msg,0,99,731,32892,848,112,112
msg,0,100,735,6931,831,112,112
msg,0,101,701,5777,859,112,112
msg,0,102,725,5905,856,112,112
msg,0,103,893,6302,857,112,112
msg,0,104,738,5732,828,112,112
msg,0,105,710,8224,843,112,112
msg,0,106,706,11236,846,112,112
msg,0,107,730,6579,854,112,112
msg,0,108,726,27653,830,112,112
msg,0,109,705,5935,866,112,112
msg,0,110,730,7423,834,112,112
msg,0,111,711,8440,847,112,112
msg,0,112,740,6023,827,112,112
msg,0,113,706,6296,848,112,112
msg,0,114,840,7312,849,112,112
msg,0,115,728,5580,864,112,112
msg,0,116,739,5521,840,112,112
msg,0,117,697,6369,853,112,112
msg,0,118,737,25777,859,112,112
msg,0,119,708,5803,863,112,112
msg,0,120,733,6857,849,112,112
msg,0,121,732,5363,843,112,112
msg,0,122,731,5537,862,112,112
msg,0,123,734,8986,852,112,112
msg,0,124,740,8375,856,112,112
msg,0,125,723,9737,856,112,112
msg,0,126,745,5510,869,112,112
msg,0,127,736,31003,861,112,112
msg,0,128,740,5921,848,112,112
msg,0,129,728,5840,850,112,112
msg,0,130,703,7866,1408,112,112
msg,0,131,737,6704,848,112,112
msg,0,132,742,5413,858,112,112
msg,0,133,709,7347,829,112,112
msg,0,134,710,9576,856,112,112
msg,0,135,740,5585,856,112,112
msg,0,136,705,32896,855,112,112
msg,0,137,823,5709,849,112,112
msg,0,138,732,7752,858,112,112
msg,0,139,736,6706,849,112,112
msg,0,140,725,6542,856,112,112
msg,0,141,724,15490,831,112,112
msg,0,142,702,7942,859,112,112
msg,0,143,737,6154,854,112,112
msg,0,144,736,26871,858,112,112
msg,0,145,737,6375,856,112,112
msg,0,146,737,6822,848,112,112
msg,0,147,744,5682,858,112,112
msg,0,148,732,6011,851,112,112
msg,0,149,744,7465,865,112,112
msg,0,150,707,8013,854,112,112
msg,0,151,733,7028,857,112,112
msg,0,152,734,6667,824,112,112
msg,0,153,702,29137,833,112,112
msg,0,154,708,6900,860,112,112
msg,0,155,738,5892,858,112,112
msg,0,156,738,6384,856,112,112
msg,0,157,727,5879,856,112,112
msg,0,158,735,5656,859,112,112
msg,0,159,708,6888,865,112,112
msg,0,160,739,6114,863,112,112
msg,0,161,734,5773,847,112,112
msg,0,162,732,5686,858,112,112
msg,0,163,734,26245,867,112,112
msg,0,164,734,5701,853,112,112
msg,0,165,738,5802,982,112,112
msg,0,166,706,5578,852,112,112
msg,0,167,739,6287,860,112,112
msg,0,168,750,7781,852,112,112
msg,0,169,743,8614,857,112,112
msg,0,170,735,6128,855,112,112
msg,0,171,737,9857,850,112,112
msg,0,172,733,5896,835,112,112
msg,0,173,706,26205,828,112,112
msg,0,174,710,7410,838,112,112
msg,0,175,736,5918,1349,112,112
msg,0,176,734,6034,850,112,112
msg,0,177,738,5497,859,112,112
msg,0,178,730,6241,859,112,112
msg,0,179,731,5712,847,112,112
msg,0,180,731,5673,859,112,112
msg,0,181,840,9434,828,112,112
msg,0,182,718,7251,827,112,112
msg,0,183,746,24315,852,112,112
msg,0,184,749,5457,855,112,112
msg,0,185,736,5846,853,112,112
msg,0,186,745,5374,855,112,112
msg,0,187,731,5898,845,112,112
msg,0,188,733,5739,850,112,112
msg,0,189,736,5608,851,112,112
msg,0,190,836,5798,860,112,112
msg,0,191,712,10547,854,112,112
msg,0,192,839,5578,853,112,112
msg,0,193,732,29612,847,112,112
msg,0,194,726,6764,861,112,112
msg,0,195,742,6602,850,112,112
msg,0,196,733,6371,856,112,112
msg,0,197,733,6016,857,112,112
msg,0,198,730,6105,861,112,112
msg,0,199,739,7468,853,112,112
whole,0,3169.929,6356.647,200
1,6.4530,2871.6530,37.5890,2915.6950,3287,3365,45,3672,4,14,5,20,143764,66208.0,70049.0,1635239.0,1014572.0,2,2,2,1
msg,1,0,871,7231,859,112,112
msg,1,1,734,8580,829,112,112
msg,1,2,706,7681,855,112,112
msg,1,3,742,7604,856,112,112
msg,1,4,704,9761,865,112,112
msg,1,5,735,6523,861,112,112
msg,1,6,707,25944,859,112,112
msg,1,7,733,5834,952,112,112
msg,1,8,732,6396,853,112,112
msg,1,9,734,5365,860,112,112
msg,1,10,737,5868,860,112,112
msg,1,11,726,5489,864,112,112
msg,1,12,738,5606,849,112,112
msg,1,13,730,5849,849,112,112
msg,1,14,704,7508,851,112,112
msg,1,15,729,5355,935,112,112
msg,1,16,729,31111,859,112,112
msg,1,17,736,5506,855,112,112
msg,1,18,726,5747,852,112,112
msg,1,19,722,7290,859,112,112
msg,1,20,735,9861,855,112,112
msg,1,21,707,6065,824,112,112
msg,1,22,707,7574,843,112,112
msg,1,23,727,8137,854,112,112
msg,1,24,737,5641,859,112,112
msg,1,25,731,22841,857,112,112
msg,1,26,740,5825,827,112,112
msg,1,27,706,5999,860,112,112
msg,1,28,707,5546,851,112,112
msg,1,29,735,5289,853,112,112
msg,1,30,888,5384,866,112,112
msg,1,31,738,6475,831,112,112
msg,1,32,702,9514,852,112,112
msg,1,33,738,10558,864,112,112
msg,1,34,731,5716,847,112,112
msg,1,35,728,30003,825,112,112
msg,1,36,708,6191,826,112,112
msg,1,37,705,6205,830,112,112
msg,1,38,705,6968,860,112,112
msg,1,39,729,5657,848,112,112
msg,1,40,734,5777,851,112,112
msg,1,41,707,5310,826,112,112
msg,1,42,712,5879,860,112,112
msg,1,43,728,8864,848,112,112
msg,1,44,736,6150,849,112,112
msg,1,45,743,25943,833,112,112
msg,1,46,834,5719,855,112,112
msg,1,47,732,6210,855,112,112
msg,1,48,731,5343,856,112,112
msg,1,49,700,5469,849,112,112
msg,1,50,736,7236,848,112,112
msg,1,51,739,6000,831,112,112
msg,1,52,709,5846,861,112,112
msg,1,53,734,10153,859,112,112
msg,1,54,732,6114,860,112,112
msg,1,55,737,22012,962,112,112
msg,1,56,747,5404,858,112,112
msg,1,57,705,6652,851,112,112
msg,1,58,745,6454,855,112,112
msg,1,59,739,6289,863,112,112
msg,1,60,738,5729,851,112,112
msg,1,61,732,5958,828,112,112
msg,1,62,706,6889,859,112,112
msg,1,63,741,5995,865,112,112
msg,1,64,740,6861,836,112,112
msg,1,65,732,27824,942,112,112
msg,1,66,700,5615,850,112,112
msg,1,67,733,5932,849,112,112
msg,1,68,729,6540,861,112,112
msg,1,69,747,6436,856,112,112
msg,1,70,731,5625,944,112,112
msg,1,71,741,6721,857,112,112
msg,1,72,701,5461,843,112,112
msg,1,73,735,10216,848,112,112
msg,1,74,735,11169,842,112,112
msg,1,75,732,21804,867,112,112
msg,1,76,725,5574,849,112,112
msg,1,77,741,5674,870,112,112
msg,1,78,709,6414,1389,112,112
msg,1,79,746,7678,847,112,112
msg,1,80,719,5445,850,112,112
msg,1,81,736,5408,855,112,112
msg,1,82,728,7208,857,112,112
msg,1,83,724,10032,854,112,112
msg,1,84,744,34389,859,112,112
msg,1,85,729,5864,846,112,112
msg,1,86,734,6396,856,112,112
msg,1,87,737,5351,860,112,112
msg,1,88,730,6086,858,112,112
msg,1,89,738,5828,844,112,112
msg,1,90,724,6317,854,112,112
msg,1,91,734,6385,856,112,112
msg,1,92,737,8510,830,112,112
msg,1,93,722,6060,855,112,112
msg,1,94,711,28397,825,112,112
msg,1,95,708,5686,849,112,112
msg,1,96,735,5956,844,112,112
msg,1,97,727,6227,859,112,112
msg,1,98,737,8362,861,112,112
msg,1,99,733,5735,851,112,112
msg,1,100,726,8037,828,112,112
msg,1,101,703,6027,852,112,112
msg,1,102,730,6533,859,112,112
msg,1,103,725,30064,828,112,112
msg,1,104,697,5689,987,112,112
msg,1,105,731,5341,858,112,112
msg,1,106,708,5847,861,112,112
msg,1,107,732,5560,856,112,112
msg,1,108,701,5364,822,112,112
msg,1,109,703,7740,864,112,112
msg,1,110,736,6453,832,112,112
msg,1,111,702,7833,859,112,112
msg,1,112,732,6217,858,112,112
msg,1,113,732,27678,845,112,112
msg,1,114,731,7157,850,112,112
msg,1,115,694,6212,838,112,112
msg,1,116,712,6101,931,112,112
msg,1,117,705,6329,850,112,112
msg,1,118,738,5514,853,112,112
msg,1,119,749,5623,826,112,112
msg,1,120,708,5825,860,112,112
msg,1,121,733,9118,857,112,112
msg,1,122,724,7304,858,112,112
msg,1,123,731,26059,858,112,112
msg,1,124,743,5962,856,112,112
msg,1,125,743,7418,864,112,112
msg,1,126,741,7850,848,112,112
msg,1,127,740,6203,851,112,112
msg,1,128,736,6352,859,112,112
msg,1,129,730,6888,847,112,112
msg,1,130,728,10815,848,112,112
msg,1,131,710,6303,827,112,112
msg,1,132,709,28312,832,112,112
msg,1,133,701,5626,854,112,112
msg,1,134,732,9129,860,112,112
msg,1,135,838,6956,847,112,112
msg,1,136,724,5433,862,112,112
msg,1,137,739,5556,830,112,112
msg,1,138,705,8241,830,112,112
msg,1,139,709,10377,852,112,112
msg,1,140,734,8079,831,112,112
msg,1,141,707,25829,860,112,112
msg,1,142,737,7815,856,112,112
msg,1,143,739,7513,855,112,112
msg,1,144,725,6075,861,112,112
msg,1,145,732,23432,860,112,112
msg,1,146,714,6556,848,112,112
msg,1,147,739,6106,854,112,112
msg,1,148,737,35552,858,112,112
msg,1,149,737,7135,860,112,112
msg,1,150,744,5639,829,112,112
msg,1,151,706,6499,846,112,112
msg,1,152,730,5662,857,112,112
msg,1,153,737,5486,830,112,112
msg,1,154,706,6893,859,112,112
msg,1,155,729,9888,856,112,112
msg,1,156,736,6362,857,112,112
msg,1,157,729,24279,853,112,112
msg,1,158,728,7809,844,112,112
msg,1,159,737,6557,856,112,112
msg,1,160,735,5929,852,112,112
msg,1,161,736,6190,855,112,112
msg,1,162,735,5554,854,112,112
msg,1,163,703,5440,846,112,112
msg,1,164,741,10185,850,112,112
msg,1,165,735,7319,846,112,112
msg,1,166,746,6378,854,112,112
msg,1,167,732,29302,862,112,112
msg,1,168,736,5953,850,112,112
msg,1,169,729,6044,848,112,112
msg,1,170,729,6818,859,112,112
msg,1,171,714,5577,854,112,112
msg,1,172,729,5994,851,112,112
msg,1,173,738,7168,856,112,112
msg,1,174,737,5674,864,112,112
msg,1,175,741,5560,831,112,112
msg,1,176,709,8530,849,112,112
msg,1,177,831,26472,857,112,112
msg,1,178,737,5713,844,112,112
msg,1,179,732,5672,851,112,112
msg,1,180,731,7218,858,112,112
msg,1,181,830,6123,850,112,112
msg,1,182,705,5763,858,112,112
msg,1,183,734,7097,846,112,112
msg,1,184,733,7213,854,112,112
msg,1,185,734,7850,830,112,112
msg,1,186,697,29475,853,112,112
msg,1,187,738,13690,857,112,112
msg,1,188,706,8386,1012,112,112
msg,1,189,736,6625,862,112,112
msg,1,190,733,6680,848,112,112
msg,1,191,1333,6997,858,112,112
msg,1,192,734,10936,849,112,112
msg,1,193,739,5702,851,112,112
msg,1,194,710,28345,832,112,112
msg,1,195,701,6053,857,112,112
msg,1,196,705,5394,831,112,112
msg,1,197,705,5810,860,112,112
msg,1,198,731,6390,831,112,112
msg,1,199,703,6294,823,112,112
whole,1,2931.202,5094.400,200
2,4.4120,2875.5290,27.0310,2906.9720,3287,3365,45,3672,4,14,5,20,143764,66153.0,70502.0,1635811.0,1013495.0,2,2,2,1
msg,2,0,876,5877,859,112,112
msg,2,1,889,5985,853,112,112
msg,2,2,741,6210,862,112,112
msg,2,3,741,6499,853,112,112
msg,2,4,698,6785,855,112,112
msg,2,5,735,5406,857,112,112
msg,2,6,838,5792,846,112,112
msg,2,7,748,5496,855,112,112
msg,2,8,729,5376,858,112,112
msg,2,9,703,30204,854,112,112
msg,2,10,708,5637,844,112,112
msg,2,11,738,5315,857,112,112
msg,2,12,745,5670,826,112,112
msg,2,13,713,6733,857,112,112
msg,2,14,737,5388,854,112,112
msg,2,15,736,7865,853,112,112
msg,2,16,727,12560,856,112,112
msg,2,17,701,6726,854,112,112
msg,2,18,743,41163,854,112,112
msg,2,19,731,6141,849,112,112
msg,2,20,736,5547,854,112,112
msg,2,21,732,8285,855,112,112
msg,2,22,705,5792,863,112,112
msg,2,23,730,6732,832,112,112
msg,2,24,704,7889,860,112,112
msg,2,25,727,5953,860,112,112
msg,2,26,735,34323,860,112,112
msg,2,27,743,5595,851,112,112
msg,2,28,732,6227,850,112,112
msg,2,29,839,5444,860,112,112
msg,2,30,734,6269,857,112,112
msg,2,31,734,5671,845,112,112
msg,2,32,739,5417,855,112,112
msg,2,33,737,8315,963,112,112
msg,2,34,734,5512,829,112,112
msg,2,35,702,29923,863,112,112
msg,2,36,825,5521,849,112,112
msg,2,37,738,5530,855,112,112
msg,2,38,738,6293,851,112,112
msg,2,39,737,7181,864,112,112
msg,2,40,730,6392,856,112,112
msg,2,41,703,8202,858,112,112
msg,2,42,698,7171,854,112,112
msg,2,43,704,6687,855,112,112
msg,2,44,733,33201,967,112,112
msg,2,45,735,5947,848,112,112
msg,2,46,739,5397,854,112,112
msg,2,47,736,5448,859,112,112
msg,2,48,735,5282,856,112,112
msg,2,49,701,6553,854,112,112
msg,2,50,738,5931,825,112,112
msg,2,51,703,5500,853,112,112
msg,2,52,737,8021,845,112,112
msg,2,53,735,7769,854,112,112
msg,2,54,736,26875,858,112,112
msg,2,55,738,6151,857,112,112
msg,2,56,739,5516,857,112,112
msg,2,57,737,5648,843,112,112
msg,2,58,733,6088,846,112,112
msg,2,59,705,8738,853,112,112
msg,2,60,726,7627,825,112,112
msg,2,61,706,6648,854,112,112
msg,2,62,730,5728,831,112,112
msg,2,63,705,5729,854,112,112
msg,2,64,738,24515,856,112,112
msg,2,65,704,5778,863,112,112
msg,2,66,730,6040,851,112,112
msg,2,67,741,5828,833,112,112
msg,2,68,709,5524,848,112,112
msg,2,69,737,6197,848,112,112
msg,2,70,731,5406,962,112,112
msg,2,71,742,24679,845,112,112
msg,2,72,735,29711,855,112,112
msg,2,73,732,6591,853,112,112
msg,2,74,733,6177,848,112,112
msg,2,75,728,6933,857,112,112
msg,2,76,707,7030,851,112,112
msg,2,77,732,5452,827,112,112
msg,2,78,713,7605,854,112,112
msg,2,79,733,5923,846,112,112
msg,2,80,739,47506,858,112,112
msg,2,81,732,8952,847,112,112
msg,2,82,731,7205,848,112,112
msg,2,83,746,6703,859,112,112
msg,2,84,705,5458,848,112,112
msg,2,85,726,7879,864,112,112
msg,2,86,701,6253,856,112,112
msg,2,87,712,5782,862,112,112
msg,2,88,739,5689,830,112,112
msg,2,89,713,27981,850,112,112
msg,2,90,730,6971,858,112,112
msg,2,91,731,6763,851,112,112
msg,2,92,735,6070,828,112,112
msg,2,93,707,7395,848,112,112
msg,2,94,726,5585,855,112,112
msg,2,95,732,6943,865,112,112
msg,2,96,724,5365,863,112,112
msg,2,97,731,5889,855,112,112
msg,2,98,833,5249,848,112,112
msg,2,99,723,27435,854,112,112
msg,2,100,751,5870,857,112,112
msg,2,101,730,5896,852,112,112
msg,2,102,733,6126,850,112,112
msg,2,103,842,7520,855,112,112
msg,2,104,737,5740,843,112,112
msg,2,105,729,5319,850,112,112
msg,2,106,731,6231,847,112,112
msg,2,107,738,6398,958,112,112
msg,2,108,740,7236,868,112,112
msg,2,109,735,25055,869,112,112
msg,2,110,746,6433,857,112,112
msg,2,111,705,5761,854,112,112
msg,2,112,736,7575,859,112,112
msg,2,113,722,5367,829,112,112
msg,2,114,830,5826,863,112,112
msg,2,115,731,5796,858,112,112
msg,2,116,729,5343,854,112,112
msg,2,117,737,8268,860,112,112
msg,2,118,728,6522,934,112,112
msg,2,119,697,31963,857,112,112
msg,2,120,699,6335,828,112,112
msg,2,121,704,5480,855,112,112
msg,2,122,738,6077,848,112,112
msg,2,123,734,7773,862,112,112
msg,2,124,738,7045,856,112,112
msg,2,125,728,5559,833,112,112
msg,2,126,708,9061,865,112,112
msg,2,127,703,8202,864,112,112
msg,2,128,706,22955,861,112,112
msg,2,129,724,5983,859,112,112
msg,2,130,730,9168,855,112,112
msg,2,131,728,5829,846,112,112
msg,2,132,739,5523,858,112,112
msg,2,133,735,6746,831,112,112
msg,2,134,711,6046,852,112,112
msg,2,135,710,5995,858,112,112
msg,2,136,733,9974,857,112,112
msg,2,137,733,34752,855,112,112
msg,2,138,746,8405,851,112,112
msg,2,139,731,6311,861,112,112
msg,2,140,736,5357,855,112,112
msg,2,141,737,5264,856,112,112
msg,2,142,738,5668,851,112,112
msg,2,143,730,7382,856,112,112
msg,2,144,740,7040,842,112,112
msg,2,145,736,6353,856,112,112
msg,2,146,731,37752,850,112,112
msg,2,147,703,6573,950,112,112
msg,2,148,736,7189,863,112,112
msg,2,149,735,5366,856,112,112
msg,2,150,726,7043,852,112,112
msg,2,151,737,6821,856,112,112
msg,2,152,743,6761,853,112,112
msg,2,153,708,6638,853,112,112
msg,2,154,734,5674,853,112,112
msg,2,155,701,22986,862,112,112
msg,2,156,731,5660,847,112,112
msg,2,157,728,5526,857,112,112
msg,2,158,732,7645,827,112,112
msg,2,159,704,6242,822,112,112
msg,2,160,704,6080,857,112,112
msg,2,161,704,6895,860,112,112
msg,2,162,737,6189,857,112,112
msg,2,163,743,6433,859,112,112
msg,2,164,804,5414,848,112,112
msg,2,165,738,6579,854,112,112
msg,2,166,736,24125,850,112,112
msg,2,167,739,5490,864,112,112
msg,2,168,704,5662,850,112,112
msg,2,169,745,6106,846,112,112
msg,2,170,731,6067,850,112,112
msg,2,171,734,6781,856,112,112
msg,2,172,738,10904,855,112,112
msg,2,173,733,8413,869,112,112
msg,2,174,739,5978,852,112,112
msg,2,175,730,26311,859,112,112
msg,2,176,732,6191,858,112,112
msg,2,177,735,5939,862,112,112
msg,2,178,736,5977,845,112,112
msg,2,179,731,8306,856,112,112
msg,2,180,735,6039,857,112,112
msg,2,181,732,6120,856,112,112
msg,2,182,737,5904,824,112,112
msg,2,183,716,6913,858,112,112
msg,2,184,742,5915,860,112,112
msg,2,185,735,25947,844,112,112
msg,2,186,723,5558,856,112,112
msg,2,187,733,6776,848,112,112
msg,2,188,734,6591,859,112,112
msg,2,189,735,8867,857,112,112
msg,2,190,736,7917,846,112,112
msg,2,191,729,5434,845,112,112
msg,2,192,735,7286,854,112,112
msg,2,193,737,7175,847,112,112
msg,2,194,732,5691,829,112,112
msg,2,195,705,25936,852,112,112
msg,2,196,746,8146,850,112,112
msg,2,197,746,6145,860,112,112
msg,2,198,741,6012,857,112,112
msg,2,199,738,9391,857,112,112
whole,2,2935.967,5110.933,200
#heap 25327
#stack 27880
#end
#block pipeline mTLS lorawan11 down
#aead LoRaWAN-1.1 AES-128-CTR+2xCMAC (BearSSL (arduino-pico)), downlink, 51 B payload + 13 B overhead
#lib wolfSSL 5.9.4
iter,tcp_ms,tls_ms,mqtt_ms,total_ms,hs_tx_B,hs_rx_B,mqtt_tx_B,mqtt_rx_B,hs_writes,hs_reads,writes,reads,free_heap_B,hs_keygen_us,hs_derive_us,hs_verify_us,hs_sign_us,hs_keygen_n,hs_derive_n,hs_verify_n,hs_sign_n
msg,iter,idx,seal_us,rtt_us,open_us,tx_B,rx_B
whole,iter,first_ms,all_ms,msgs
#suite TLS13-AES256-GCM-SHA384
0,5.4190,2869.4630,24.3230,2899.2050,3287,3365,45,3672,4,14,5,20,143764,66267.0,69969.0,1632287.0,1015792.0,2,2,2,1
msg,0,0,570,25245,588,112,112
msg,0,1,467,6494,589,112,112
msg,0,2,435,5860,587,112,112
msg,0,3,467,5545,755,112,112
msg,0,4,467,5319,562,112,112
msg,0,5,437,6430,561,112,112
msg,0,6,460,5437,595,112,112
msg,0,7,1059,9039,592,112,112
msg,0,8,436,6388,559,112,112
msg,0,9,440,6483,561,112,112
msg,0,10,468,5389,592,112,112
msg,0,11,475,21693,587,112,112
msg,0,12,471,6211,561,112,112
msg,0,13,440,5953,585,112,112
msg,0,14,434,5933,588,112,112
msg,0,15,573,5531,585,112,112
msg,0,16,439,5645,580,112,112
msg,0,17,441,5761,685,112,112
msg,0,18,439,7342,557,112,112
msg,0,19,433,8045,584,112,112
msg,0,20,445,9049,587,112,112
msg,0,21,460,5735,588,112,112
msg,0,22,465,31450,593,112,112
msg,0,23,439,6435,563,112,112
msg,0,24,442,7129,595,112,112
msg,0,25,433,6226,559,112,112
msg,0,26,433,7382,675,112,112
msg,0,27,471,5609,592,112,112
msg,0,28,466,8285,560,112,112
msg,0,29,439,22024,712,112,112
msg,0,30,469,23476,586,112,112
msg,0,31,435,5691,584,112,112
msg,0,32,438,5827,585,112,112
msg,0,33,436,5592,585,112,112
msg,0,34,432,5649,560,112,112
msg,0,35,442,6476,560,112,112
msg,0,36,472,5781,564,112,112
msg,0,37,470,6250,586,112,112
msg,0,38,436,6539,594,112,112
msg,0,39,432,8672,564,112,112
msg,0,40,438,5690,710,112,112
msg,0,41,434,31724,587,112,112
msg,0,42,437,7118,593,112,112
msg,0,43,481,5575,589,112,112
msg,0,44,467,6017,562,112,112
msg,0,45,471,5678,586,112,112
msg,0,46,468,5383,590,112,112
msg,0,47,441,5484,560,112,112
msg,0,48,444,5526,560,112,112
msg,0,49,438,10095,585,112,112
msg,0,50,435,5646,585,112,112
msg,0,51,434,23091,585,112,112
msg,0,52,477,5576,586,112,112
msg,0,53,439,6177,562,112,112
msg,0,54,467,5537,589,112,112
msg,0,55,466,6171,561,112,112
msg,0,56,434,5842,1124,112,112
msg,0,57,468,5632,590,112,112
msg,0,58,468,5712,589,112,112
msg,0,59,462,9756,559,112,112
msg,0,60,475,7878,558,112,112
msg,0,61,439,6282,591,112,112
msg,0,62,466,27474,589,112,112
msg,0,63,439,6017,588,112,112
msg,0,64,464,5490,588,112,112
msg,0,65,439,5452,562,112,112
msg,0,66,442,6210,592,112,112
msg,0,67,464,6596,589,112,112
msg,0,68,434,5802,594,112,112
msg,0,69,464,8775,595,112,112
msg,0,70,458,5937,564,112,112
msg,0,71,462,6584,588,112,112
msg,0,72,467,5952,561,112,112
msg,0,73,467,23775,562,112,112
msg,0,74,475,5782,563,112,112
msg,0,75,442,5436,587,112,112
msg,0,76,473,5553,593,112,112
msg,0,77,461,5605,585,112,112
msg,0,78,434,8093,559,112,112
msg,0,79,469,6482,586,112,112
msg,0,80,469,9893,590,112,112
msg,0,81,464,6483,595,112,112
msg,0,82,466,6010,561,112,112
msg,0,83,477,36305,593,112,112
msg,0,84,438,6586,593,112,112
msg,0,85,439,5477,557,112,112
msg,0,86,440,6509,586,112,112
msg,0,87,471,8100,558,112,112
msg,0,88,436,5480,559,112,112
msg,0,89,476,7919,561,112,112
msg,0,90,436,6380,589,112,112
msg,0,91,482,9711,591,112,112
msg,0,92,461,35919,559,112,112
msg,0,93,441,6640,556,112,112
msg,0,94,469,6005,562,112,112
msg,0,95,434,5907,595,112,112
msg,0,96,442,6255,562,112,112
msg,0,97,468,5872,562,112,112
msg,0,98,436,8380,593,112,112
msg,0,99,472,11174,560,112,112
msg,0,100,444,6104,589,112,112
msg,0,101,446,25834,589,112,112
msg,0,102,466,6207,559,112,112
msg,0,103,441,6352,588,112,112
msg,0,104,465,6186,565,112,112
msg,0,105,439,6416,563,112,112
msg,0,106,475,5984,557,112,112
msg,0,107,443,5510,562,112,112
msg,0,108,470,5807,562,112,112
msg,0,109,469,5651,560,112,112
msg,0,110,627,8864,559,112,112
msg,0,111,439,5718,561,112,112
msg,0,112,438,25354,586,112,112
msg,0,113,466,7336,592,112,112
msg,0,114,437,6119,586,112,112
msg,0,115,574,5340,583,112,112
msg,0,116,466,6384,559,112,112
msg,0,117,440,5880,587,112,112
msg,0,118,433,5791,586,112,112
msg,0,119,436,5250,560,112,112
msg,0,120,473,6049,555,112,112
msg,0,121,435,46122,583,112,112
msg,0,122,467,6395,582,112,112
msg,0,123,432,5634,561,112,112
msg,0,124,437,5531,560,112,112
msg,0,125,474,6059,588,112,112
msg,0,126,430,5771,588,112,112
msg,0,127,434,5460,563,112,112
msg,0,128,438,8467,587,112,112
msg,0,129,471,5543,588,112,112
msg,0,130,474,6290,560,112,112
msg,0,131,433,5710,559,112,112
msg,0,132,432,26981,584,112,112
msg,0,133,537,6481,584,112,112
msg,0,134,446,5557,560,112,112
msg,0,135,437,5399,576,112,112
msg,0,136,464,5306,588,112,112
msg,0,137,442,6188,593,112,112
msg,0,138,462,6003,562,112,112
msg,0,139,432,7301,591,112,112
msg,0,140,459,5923,561,112,112
msg,0,141,466,6410,592,112,112
msg,0,142,450,5788,589,112,112
msg,0,143,472,25878,580,112,112
msg,0,144,475,5830,560,112,112
msg,0,145,575,5367,592,112,112
msg,0,146,464,5454,589,112,112
msg,0,147,445,5883,690,112,112
msg,0,148,471,6899,593,112,112
msg,0,149,467,6211,587,112,112
msg,0,150,435,8662,562,112,112
msg,0,151,454,6416,561,112,112
msg,0,152,474,5508,673,112,112
msg,0,153,474,6265,593,112,112
msg,0,154,440,29132,591,112,112
msg,0,155,468,5790,564,112,112
msg,0,156,476,5842,561,112,112
msg,0,157,441,5864,560,112,112
msg,0,158,449,5456,561,112,112
msg,0,159,472,5662,583,112,112
msg,0,160,474,5545,703,112,112
msg,0,161,470,8371,592,112,112
msg,0,162,438,5527,558,112,112
msg,0,163,438,5703,561,112,112
msg,0,164,433,5725,558,112,112
msg,0,165,433,26053,584,112,112
msg,0,166,431,6463,564,112,112
msg,0,167,436,6638,564,112,112
msg,0,168,436,5873,560,112,112
msg,0,169,438,5666,562,112,112
msg,0,170,437,6620,559,112,112
msg,0,171,440,5624,563,112,112
msg,0,172,464,7545,587,112,112
msg,0,173,478,5914,560,112,112
msg,0,174,562,5511,585,112,112
msg,0,175,475,6025,563,112,112
msg,0,176,440,26242,585,112,112
msg,0,177,480,6252,563,112,112
msg,0,178,440,5572,557,112,112
msg,0,179,438,5556,562,112,112
msg,0,180,468,5806,562,112,112
msg,0,181,466,5828,562,112,112
msg,0,182,433,5783,559,112,112
msg,0,183,445,8567,560,112,112
msg,0,184,463,11485,595,112,112
msg,0,185,466,6097,561,112,112
msg,0,186,440,29320,588,112,112
msg,0,187,464,5811,587,112,112
msg,0,188,469,7069,561,112,112
msg,0,189,446,7204,588,112,112
msg,0,190,460,5453,588,112,112
msg,0,191,449,6879,587,112,112
msg,0,192,438,6685,592,112,112
msg,0,193,438,8537,564,112,112
msg,0,194,443,6520,561,112,112
msg,0,195,483,6260,590,112,112
msg,0,196,434,24888,588,112,112
msg,0,197,469,8051,561,112,112
msg,0,198,435,6309,597,112,112
msg,0,199,574,7048,560,112,112
whole,0,2933.173,4903.037,200
1,4.6930,2871.3870,25.5170,2901.5970,3287,3365,45,3672,4,14,5,20,143764,66540.0,70065.0,1633024.0,1014918.0,2,2,2,1
msg,1,0,603,37404,591,112,112
msg,1,1,444,8343,559,112,112
msg,1,2,467,5804,558,112,112
msg,1,3,441,5829,559,112,112
msg,1,4,441,5854,560,112,112
msg,1,5,454,6049,593,112,112
msg,1,6,567,7194,559,112,112
msg,1,7,445,6642,558,112,112
msg,1,8,440,6154,591,112,112
msg,1,9,436,5617,591,112,112
msg,1,10,436,26036,586,112,112
msg,1,11,475,7590,592,112,112
msg,1,12,467,5655,590,112,112
msg,1,13,438,5557,577,112,112
msg,1,14,437,6196,591,112,112
msg,1,15,473,5358,590,112,112
msg,1,16,439,5465,560,112,112
msg,1,17,436,8251,584,112,112
msg,1,18,469,9770,586,112,112
msg,1,19,470,5675,594,112,112
msg,1,20,463,30798,583,112,112
msg,1,21,472,6671,590,112,112
msg,1,22,472,6260,587,112,112
msg,1,23,434,6379,563,112,112
msg,1,24,475,5500,589,112,112
msg,1,25,478,5626,587,112,112
msg,1,26,466,5571,586,112,112
msg,1,27,434,6919,587,112,112
msg,1,28,468,11028,563,112,112
msg,1,29,441,5491,587,112,112
msg,1,30,474,27182,564,112,112
msg,1,31,437,5883,590,112,112
msg,1,32,438,5994,592,112,112
msg,1,33,465,5473,592,112,112
msg,1,34,438,6591,562,112,112
msg,1,35,439,5493,557,112,112
msg,1,36,444,6212,591,112,112
msg,1,37,436,5990,585,112,112
msg,1,38,472,6881,707,112,112
msg,1,39,444,6966,585,112,112
msg,1,40,438,6203,583,112,112
msg,1,41,477,26668,585,112,112
msg,1,42,463,5969,562,112,112
msg,1,43,447,6589,559,112,112
msg,1,44,463,5484,587,112,112
msg,1,45,467,6040,559,112,112
msg,1,46,468,5468,587,112,112
msg,1,47,476,5793,589,112,112
msg,1,48,468,5542,593,112,112
msg,1,49,468,5664,586,112,112
msg,1,50,468,7590,588,112,112
msg,1,51,447,5696,586,112,112
msg,1,52,434,23998,589,112,112
msg,1,53,466,5927,558,112,112
msg,1,54,470,5544,589,112,112
msg,1,55,472,5655,591,112,112
msg,1,56,469,5461,589,112,112
msg,1,57,438,5403,560,112,112
msg,1,58,440,5859,560,112,112
msg,1,59,444,5906,587,112,112
msg,1,60,436,8104,705,112,112
msg,1,61,473,5435,590,112,112
msg,1,62,469,8085,560,112,112
msg,1,63,466,30475,586,112,112
msg,1,64,481,5826,564,112,112
msg,1,65,464,5568,1097,112,112
msg,1,66,443,5742,563,112,112
msg,1,67,445,6025,594,112,112
msg,1,68,448,5724,591,112,112
msg,1,69,442,5615,584,112,112
msg,1,70,441,5529,561,112,112
msg,1,71,445,5751,562,112,112
msg,1,72,443,7907,592,112,112
msg,1,73,450,5516,563,112,112
msg,1,74,437,26448,564,112,112
msg,1,75,477,6764,559,112,112
msg,1,76,475,6020,563,112,112
msg,1,77,439,6693,558,112,112
msg,1,78,441,6181,593,112,112
msg,1,79,567,5597,590,112,112
msg,1,80,466,5990,561,112,112
msg,1,81,464,10247,595,112,112
msg,1,82,437,10971,591,112,112
msg,1,83,468,6613,587,112,112
msg,1,84,461,17930,588,112,112
msg,1,85,466,5845,561,112,112
msg,1,86,471,6486,692,112,112
msg,1,87,474,5396,591,112,112
msg,1,88,441,6354,563,112,112
msg,1,89,448,6325,593,112,112
msg,1,90,475,5919,564,112,112
msg,1,91,468,5383,591,112,112
msg,1,92,470,9619,590,112,112
msg,1,93,435,11280,562,112,112
msg,1,94,431,6615,563,112,112
msg,1,95,474,28450,588,112,112
msg,1,96,467,6133,564,112,112
msg,1,97,429,5664,560,112,112
msg,1,98,566,5538,559,112,112
msg,1,99,466,5943,562,112,112
msg,1,100,439,5400,683,112,112
msg,1,101,466,5735,562,112,112
msg,1,102,618,5721,561,112,112
msg,1,103,469,6265,595,112,112
msg,1,104,439,6911,586,112,112
msg,1,105,467,7174,561,112,112
msg,1,106,446,27109,588,112,112
msg,1,107,560,7666,589,112,112
msg,1,108,470,6178,563,112,112
msg,1,109,436,5562,559,112,112
msg,1,110,475,5566,595,112,112
msg,1,111,467,5557,587,112,112
msg,1,112,472,5739,588,112,112
msg,1,113,463,7582,588,112,112
msg,1,114,439,10580,591,112,112
msg,1,115,449,5652,588,112,112
msg,1,116,439,25719,581,112,112
msg,1,117,445,6985,589,112,112
msg,1,118,430,5733,590,112,112
msg,1,119,435,5636,590,112,112
msg,1,120,434,6506,560,112,112
msg,1,121,435,7115,583,112,112
msg,1,122,467,5739,592,112,112
msg,1,123,461,7412,581,112,112
msg,1,124,443,5694,561,112,112
msg,1,125,542,6807,589,112,112
msg,1,126,439,5505,563,112,112
msg,1,127,439,23732,560,112,112
msg,1,128,536,7809,586,112,112
msg,1,129,430,6589,560,112,112
msg,1,130,438,5858,582,112,112
msg,1,131,434,5549,559,112,112
msg,1,132,438,5779,562,112,112
msg,1,133,440,5760,556,112,112
msg,1,134,440,5763,558,112,112
msg,1,135,437,6263,589,112,112
msg,1,136,574,5623,586,112,112
msg,1,137,473,6625,591,112,112
msg,1,138,468,29362,590,112,112
msg,1,139,445,6043,587,112,112
msg,1,140,467,5758,591,112,112
msg,1,141,568,6367,583,112,112
msg,1,142,439,5844,593,112,112
msg,1,143,439,5758,586,112,112
msg,1,144,470,5632,596,112,112
msg,1,145,443,5601,595,112,112
msg,1,146,440,6960,590,112,112
msg,1,147,464,7260,664,112,112
msg,1,148,444,5446,561,112,112
msg,1,149,470,29226,585,112,112
msg,1,150,436,17808,590,112,112
msg,1,151,439,6454,558,112,112
msg,1,152,445,5945,586,112,112
msg,1,153,437,5549,581,112,112
msg,1,154,443,5580,560,112,112
msg,1,155,441,5725,557,112,112
msg,1,156,443,8581,561,112,112
msg,1,157,475,32086,587,112,112
msg,1,158,453,8459,559,112,112
msg,1,159,443,7154,591,112,112
msg,1,160,435,6603,586,112,112
msg,1,161,435,5902,582,112,112
msg,1,162,435,6023,590,112,112
msg,1,163,471,6209,562,112,112
msg,1,164,443,7613,561,112,112
msg,1,165,448,6784,557,112,112
msg,1,166,439,6777,558,112,112
msg,1,167,438,32505,563,112,112
msg,1,168,486,5793,561,112,112
msg,1,169,546,5416,590,112,112
msg,1,170,473,6195,593,112,112
msg,1,171,435,6168,589,112,112
msg,1,172,475,5412,591,112,112
msg,1,173,436,5492,559,112,112
msg,1,174,442,7524,560,112,112
msg,1,175,468,6033,579,112,112
msg,1,176,431,5851,686,112,112
msg,1,177,438,5429,563,112,112
msg,1,178,436,23085,590,112,112
msg,1,179,438,8334,559,112,112
msg,1,180,439,5654,560,112,112
msg,1,181,437,5699,560,112,112
msg,1,182,438,6256,589,112,112
msg,1,183,439,5759,590,112,112
msg,1,184,467,6137,556,112,112
msg,1,185,467,6549,588,112,112
msg,1,186,463,9434,587,112,112
msg,1,187,443,7795,590,112,112
msg,1,188,460,29652,583,112,112
msg,1,189,446,6490,561,112,112
msg,1,190,446,6157,587,112,112
msg,1,191,464,6685,587,112,112
msg,1,192,471,6691,589,112,112
msg,1,193,462,6224,562,112,112
msg,1,194,441,5604,561,112,112
msg,1,195,442,7905,561,112,112
msg,1,196,441,5524,562,112,112
msg,1,197,469,5806,561,112,112
msg,1,198,444,5859,565,112,112
msg,1,199,545,29483,556,112,112
whole,1,2947.674,4888.950,200
2,4.7670,2880.4600,26.5940,2911.8210,3287,3365,45,3672,4,14,5,20,143764,66258.0,70609.0,1633224.0,1013066.0,2,2,2,1
msg,2,0,606,5497,590,112,112
msg,2,1,482,5869,562,112,112
msg,2,2,470,30646,584,112,112
msg,2,3,465,7450,584,112,112
msg,2,4,440,6275,561,112,112
msg,2,5,436,7782,561,112,112
msg,2,6,436,6236,589,112,112
msg,2,7,467,6350,561,112,112
msg,2,8,440,8665,561,112,112
msg,2,9,445,5756,560,112,112
msg,2,10,447,5865,588,112,112
msg,2,11,440,5838,584,112,112
msg,2,12,442,25448,559,112,112
msg,2,13,444,6475,653,112,112
msg,2,14,469,5945,557,112,112
msg,2,15,443,5797,561,112,112
msg,2,16,441,6215,587,112,112
msg,2,17,468,6936,559,112,112
msg,2,18,475,5819,562,112,112
msg,2,19,442,7823,560,112,112
msg,2,20,446,8777,559,112,112
msg,2,21,449,5613,560,112,112
msg,2,22,439,31435,589,112,112
msg,2,23,470,7168,565,112,112
msg,2,24,440,6259,592,112,112
msg,2,25,471,7972,562,112,112
msg,2,26,473,8102,583,112,112
msg,2,27,438,6333,559,112,112
msg,2,28,472,8848,564,112,112
msg,2,29,443,5682,560,112,112
msg,2,30,444,5950,558,112,112
msg,2,31,440,5983,586,112,112
msg,2,32,437,29988,582,112,112
msg,2,33,467,10323,589,112,112
msg,2,34,434,9834,592,112,112
msg,2,35,438,5639,586,112,112
msg,2,36,443,5707,585,112,112
msg,2,37,442,6147,591,112,112
msg,2,38,474,6221,560,112,112
msg,2,39,440,7938,578,112,112
msg,2,40,440,5650,584,112,112
msg,2,41,438,30919,592,112,112
msg,2,42,439,6160,564,112,112
msg,2,43,468,6298,586,112,112
msg,2,44,437,20577,590,112,112
msg,2,45,439,7172,587,112,112
msg,2,46,468,6238,588,112,112
msg,2,47,441,9778,586,112,112
msg,2,48,438,7173,581,112,112
msg,2,49,464,29968,559,112,112
msg,2,50,439,6264,587,112,112
msg,2,51,465,7021,559,112,112
msg,2,52,464,6074,586,112,112
msg,2,53,447,6532,559,112,112
msg,2,54,443,8699,560,112,112
msg,2,55,445,9516,562,112,112
msg,2,56,471,8402,596,112,112
msg,2,57,463,5900,585,112,112
msg,2,58,472,34349,596,112,112
msg,2,59,439,6355,563,112,112
msg,2,60,446,5398,593,112,112
msg,2,61,468,6891,564,112,112
msg,2,62,472,5453,590,112,112
msg,2,63,611,7892,563,112,112
msg,2,64,469,8750,560,112,112
msg,2,65,469,10145,587,112,112
msg,2,66,445,5689,587,112,112
msg,2,67,433,25715,594,112,112
msg,2,68,440,7190,584,112,112
msg,2,69,473,6302,583,112,112
msg,2,70,435,5710,588,112,112
msg,2,71,435,6521,560,112,112
msg,2,72,440,6436,588,112,112
msg,2,73,476,6175,583,112,112
msg,2,74,433,5502,558,112,112
msg,2,75,437,5702,559,112,112
msg,2,76,440,9066,588,112,112
msg,2,77,442,6066,593,112,112
msg,2,78,478,30547,590,112,112
msg,2,79,440,5941,581,112,112
msg,2,80,467,5506,593,112,112
msg,2,81,443,6926,584,112,112
msg,2,82,466,7004,558,112,112
msg,2,83,438,5466,585,112,112
msg,2,84,467,5445,593,112,112
msg,2,85,440,8931,587,112,112
msg,2,86,467,6526,592,112,112
msg,2,87,442,6404,559,112,112
msg,2,88,442,27811,560,112,112
msg,2,89,438,6986,588,112,112
msg,2,90,433,5354,560,112,112
msg,2,91,444,9056,590,112,112
msg,2,92,434,6572,583,112,112
msg,2,93,442,8479,561,112,112
msg,2,94,447,9688,560,112,112
msg,2,95,475,10532,585,112,112
msg,2,96,465,5926,558,112,112
msg,2,97,440,31364,589,112,112
msg,2,98,459,6972,559,112,112
msg,2,99,471,6007,556,112,112
msg,2,100,440,5847,586,112,112
msg,2,101,440,6715,585,112,112
msg,2,102,438,5494,560,112,112
msg,2,103,441,5487,589,112,112
msg,2,104,470,6110,554,112,112
msg,2,105,441,8767,682,112,112
msg,2,106,433,5616,557,112,112
msg,2,107,437,29669,560,112,112
msg,2,108,441,5981,590,112,112
msg,2,109,441,5711,586,112,112
msg,2,110,437,5607,561,112,112
msg,2,111,588,6202,560,112,112
msg,2,112,471,5932,556,112,112
msg,2,113,433,5573,565,112,112
msg,2,114,468,7621,591,112,112
msg,2,115,478,6739,589,112,112
msg,2,116,467,6164,579,112,112
msg,2,117,441,5521,555,112,112
msg,2,118,441,29952,670,112,112
msg,2,119,438,5726,590,112,112
msg,2,120,444,5662,561,112,112
msg,2,121,443,7151,589,112,112
msg,2,122,465,5782,583,112,112
msg,2,123,471,5534,595,112,112
msg,2,124,463,5440,586,112,112
msg,2,125,441,5570,559,112,112
msg,2,126,438,9262,590,112,112
msg,2,127,472,5697,584,112,112
msg,2,128,468,28502,586,112,112
msg,2,129,467,6746,591,112,112
msg,2,130,468,5468,590,112,112
msg,2,131,449,5522,561,112,112
msg,2,132,449,6568,561,112,112
msg,2,133,472,5636,564,112,112
msg,2,134,477,5518,589,112,112
msg,2,135,464,6746,584,112,112
msg,2,136,465,5690,591,112,112
msg,2,137,476,6436,587,112,112
msg,2,138,468,5792,589,112,112
msg,2,139,460,28716,592,112,112
msg,2,140,468,5772,590,112,112
msg,2,141,471,5600,586,112,112
msg,2,142,477,5694,591,112,112
msg,2,143,471,5504,591,112,112
msg,2,144,1027,5419,586,112,112
msg,2,145,472,5748,587,112,112
msg,2,146,468,8077,559,112,112
msg,2,147,435,5940,587,112,112
msg,2,148,436,6018,583,112,112
msg,2,149,469,7289,559,112,112
msg,2,150,432,27231,587,112,112
msg,2,151,478,6260,565,112,112
msg,2,152,439,8283,585,112,112
msg,2,153,471,7111,562,112,112
msg,2,154,439,7324,580,112,112
msg,2,155,486,7610,589,112,112
msg,2,156,468,7115,560,112,112
msg,2,157,543,12948,589,112,112
msg,2,158,436,35349,561,112,112
msg,2,159,439,6228,590,112,112
msg,2,160,439,5542,584,112,112
msg,2,161,437,5665,560,112,112
msg,2,162,445,5426,561,112,112
msg,2,163,461,7155,588,112,112
msg,2,164,438,6579,561,112,112
msg,2,165,446,6475,559,112,112
msg,2,166,471,9996,559,112,112
msg,2,167,443,5797,584,112,112
msg,2,168,443,34604,564,112,112
msg,2,169,442,6043,586,112,112
msg,2,170,430,5859,586,112,112
msg,2,171,469,6716,591,112,112
msg,2,172,571,6922,562,112,112
msg,2,173,467,6380,592,112,112
msg,2,174,482,9519,590,112,112
msg,2,175,435,9666,591,112,112
msg,2,176,434,6593,559,112,112
msg,2,177,439,31062,585,112,112
msg,2,178,429,8271,559,112,112
msg,2,179,437,6065,594,112,112
msg,2,180,438,6010,594,112,112
msg,2,181,472,5548,590,112,112
msg,2,182,435,7817,594,112,112
msg,2,183,458,9930,592,112,112
msg,2,184,464,9036,558,112,112
msg,2,185,433,5721,565,112,112
msg,2,186,440,23184,586,112,112
msg,2,187,439,5915,592,112,112
msg,2,188,481,5732,588,112,112
msg,2,189,470,6272,591,112,112
msg,2,190,1018,5760,561,112,112
msg,2,191,469,5534,593,112,112
msg,2,192,472,5872,557,112,112
msg,2,193,468,5509,591,112,112
msg,2,194,472,6830,589,112,112
msg,2,195,467,11153,561,112,112
msg,2,196,436,36766,583,112,112
msg,2,197,603,6033,586,112,112
msg,2,198,464,5705,584,112,112
msg,2,199,469,5475,580,112,112
whole,2,2925.409,5031.755,200
#heap 25327
#stack 27864
#end
#block pipeline mTLS lorawan11_256 up
#aead AES-256-CTR+2xCMAC (LoRaWAN 1.1 frame, 256-bit keys) (BearSSL (arduino-pico)), uplink, 51 B payload + 13 B overhead
#lib wolfSSL 5.9.4
iter,tcp_ms,tls_ms,mqtt_ms,total_ms,hs_tx_B,hs_rx_B,mqtt_tx_B,mqtt_rx_B,hs_writes,hs_reads,writes,reads,free_heap_B,hs_keygen_us,hs_derive_us,hs_verify_us,hs_sign_us,hs_keygen_n,hs_derive_n,hs_verify_n,hs_sign_n
msg,iter,idx,seal_us,rtt_us,open_us,tx_B,rx_B
whole,iter,first_ms,all_ms,msgs
#suite TLS13-AES256-GCM-SHA384
0,27.6850,2874.8170,24.3700,2926.8720,3287,3365,45,3672,4,14,5,20,143764,66398.0,69992.0,1634078.0,1014002.0,2,2,2,1
msg,0,0,1104,5696,1074,112,112
msg,0,1,969,5721,1174,112,112
msg,0,2,964,9103,1095,112,112
msg,0,3,936,6869,1176,112,112
msg,0,4,963,28930,1075,112,112
msg,0,5,977,6070,1207,112,112
msg,0,6,960,5509,1079,112,112
msg,0,7,965,6193,1082,112,112
msg,0,8,961,6583,1084,112,112
msg,0,9,964,5831,1083,112,112
msg,0,10,960,5890,1072,112,112
msg,0,11,958,8054,1080,112,112
msg,0,12,963,7561,1084,112,112
msg,0,13,967,25823,1082,112,112
msg,0,14,964,5544,1077,112,112
msg,0,15,1107,6843,1079,112,112
msg,0,16,963,7815,1086,112,112
msg,0,17,977,7002,1085,112,112
msg,0,18,955,5584,1088,112,112
msg,0,19,934,6904,1083,112,112
msg,0,20,958,9115,1075,112,112
msg,0,21,963,5785,1079,112,112
msg,0,22,961,32734,1075,112,112
msg,0,23,1110,6010,1085,112,112
msg,0,24,958,5397,1079,112,112
msg,0,25,957,5339,1072,112,112
msg,0,26,962,5543,1079,112,112
msg,0,27,966,5728,1085,112,112
msg,0,28,1073,5737,1073,112,112
msg,0,29,958,8734,1073,112,112
msg,0,30,957,6260,1087,112,112
msg,0,31,965,39749,1092,112,112
msg,0,32,970,6689,1091,112,112
msg,0,33,966,5632,1092,112,112
msg,0,34,961,5407,1079,112,112
msg,0,35,970,5732,1082,112,112
msg,0,36,966,5978,1092,112,112
msg,0,37,968,8889,1093,112,112
msg,0,38,967,5842,1086,112,112
msg,0,39,956,34241,1087,112,112
msg,0,40,964,7293,1096,112,112
msg,0,41,961,5678,1098,112,112
msg,0,42,967,5562,1087,112,112
msg,0,43,974,6758,1201,112,112
msg,0,44,958,9219,1076,112,112
msg,0,45,966,8983,1089,112,112
msg,0,46,974,37327,1078,112,112
msg,0,47,967,6040,1088,112,112
msg,0,48,968,6673,1087,112,112
msg,0,49,942,5979,1092,112,112
msg,0,50,966,5830,1160,112,112
msg,0,51,972,6857,1081,112,112
msg,0,52,967,10854,1072,112,112
msg,0,53,1062,6017,1096,112,112
msg,0,54,968,37214,1083,112,112
msg,0,55,979,6229,1095,112,112
msg,0,56,963,5367,1082,112,112
msg,0,57,973,5453,1079,112,112
msg,0,58,980,5355,1085,112,112
msg,0,59,1069,6218,1081,112,112
msg,0,60,966,7535,1087,112,112
msg,0,61,963,9069,1088,112,112
msg,0,62,937,6080,1067,112,112
msg,0,63,960,31973,1073,112,112
msg,0,64,976,6006,1090,112,112
msg,0,65,1063,6766,1079,112,112
msg,0,66,941,6395,1082,112,112
msg,0,67,972,11565,1077,112,112
msg,0,68,958,7820,1080,112,112
msg,0,69,970,8856,1091,112,112
msg,0,70,963,5493,1181,112,112
msg,0,71,965,22597,1077,112,112
msg,0,72,966,6024,1085,112,112
msg,0,73,1536,6732,1072,112,112
msg,0,74,969,6372,1090,112,112
msg,0,75,959,6818,1080,112,112
msg,0,76,964,6134,1081,112,112
msg,0,77,969,8609,1075,112,112
msg,0,78,970,5886,1078,112,112
msg,0,79,964,6259,1092,112,112
msg,0,80,964,26875,1068,112,112
msg,0,81,961,6190,1091,112,112
msg,0,82,968,5526,1081,112,112
msg,0,83,972,7518,1077,112,112
msg,0,84,966,6297,1182,112,112
msg,0,85,971,6518,1096,112,112
msg,0,86,949,22408,1076,112,112
msg,0,87,960,50726,1078,112,112
msg,0,88,964,5810,1083,112,112
msg,0,89,965,5837,1088,112,112
msg,0,90,985,7010,1085,112,112
msg,0,91,965,6761,1097,112,112
msg,0,92,967,5445,1093,112,112
msg,0,93,966,6067,1074,112,112
msg,0,94,967,6082,1082,112,112
msg,0,95,980,30868,1174,112,112
msg,0,96,937,5578,1089,112,112
msg,0,97,961,5505,1079,112,112
msg,0,98,962,5493,1074,112,112
msg,0,99,964,6079,1091,112,112
msg,0,100,962,5539,1074,112,112
msg,0,101,977,5941,1083,112,112
msg,0,102,966,8555,1089,112,112
msg,0,103,1063,5941,1081,112,112
msg,0,104,962,26765,1082,112,112
msg,0,105,956,5693,1092,112,112
msg,0,106,963,5991,1074,112,112
msg,0,107,964,5364,1175,112,112
msg,0,108,964,7242,1075,112,112
msg,0,109,964,5344,1072,112,112
msg,0,110,967,9942,1079,112,112
msg,0,111,968,5862,1081,112,112
msg,0,112,969,6001,1091,112,112
msg,0,113,934,30840,1091,112,112
msg,0,114,969,5385,1085,112,112
msg,0,115,967,5415,1176,112,112
msg,0,116,969,5451,1071,112,112
msg,0,117,956,5319,1088,112,112
msg,0,118,960,6695,1087,112,112
msg,0,119,966,5350,1074,112,112
msg,0,120,961,6108,1081,112,112
msg,0,121,964,6768,1094,112,112
msg,0,122,931,33327,1157,112,112
msg,0,123,966,6831,1078,112,112
msg,0,124,964,5535,1075,112,112
msg,0,125,969,5462,1073,112,112
msg,0,126,966,5361,1086,112,112
msg,0,127,927,5357,1174,112,112
msg,0,128,978,5361,1077,112,112
msg,0,129,966,5580,1087,112,112
msg,0,130,971,8362,1092,112,112
msg,0,131,972,5615,1089,112,112
msg,0,132,977,31175,1096,112,112
msg,0,133,971,6535,1092,112,112
msg,0,134,961,6698,1084,112,112
msg,0,135,962,5941,1069,112,112
msg,0,136,966,5463,1088,112,112
msg,0,137,963,5654,1098,112,112
msg,0,138,963,6256,1082,112,112
msg,0,139,963,8206,1089,112,112
msg,0,140,956,5628,1089,112,112
msg,0,141,935,17849,1085,112,112
msg,0,142,963,11464,1084,112,112
msg,0,143,963,6571,1172,112,112
msg,0,144,966,8272,1075,112,112
msg,0,145,960,5536,1097,112,112
msg,0,146,1071,5636,1094,112,112
msg,0,147,957,6295,1087,112,112
msg,0,148,972,6109,1095,112,112
msg,0,149,971,7198,1081,112,112
msg,0,150,961,5696,1079,112,112
msg,0,151,966,33942,1096,112,112
msg,0,152,936,6346,1078,112,112
msg,0,153,963,7410,1092,112,112
msg,0,154,959,5978,1078,112,112
msg,0,155,972,6752,1080,112,112
msg,0,156,962,6952,1094,112,112
msg,0,157,966,9966,1087,112,112
msg,0,158,968,6045,1072,112,112
msg,0,159,952,28455,1087,112,112
msg,0,160,1050,5340,1091,112,112
msg,0,161,967,5288,1070,112,112
msg,0,162,972,6960,1074,112,112
msg,0,163,967,5688,1080,112,112
msg,0,164,973,5820,1187,112,112
msg,0,165,968,8423,1076,112,112
msg,0,166,970,8651,1079,112,112
msg,0,167,966,6732,1075,112,112
msg,0,168,972,22034,1095,112,112
msg,0,169,957,6824,1088,112,112
msg,0,170,1069,8251,1087,112,112
msg,0,171,961,5770,1085,112,112
msg,0,172,963,7137,1093,112,112
msg,0,173,970,5751,1089,112,112
msg,0,174,966,8560,1084,112,112
msg,0,175,963,10474,1091,112,112
msg,0,176,944,5865,1087,112,112
msg,0,177,965,28904,1075,112,112
msg,0,178,1135,7933,1083,112,112
msg,0,179,977,5993,1082,112,112
msg,0,180,938,8782,1090,112,112
msg,0,181,962,7067,1070,112,112
msg,0,182,965,10486,1090,112,112
msg,0,183,971,8246,1082,112,112
msg,0,184,968,5881,1086,112,112
msg,0,185,963,31512,1087,112,112
msg,0,186,964,7285,1104,112,112
msg,0,187,972,5441,1176,112,112
msg,0,188,967,8327,1080,112,112
msg,0,189,967,6510,1176,112,112
msg,0,190,972,8697,1079,112,112
msg,0,191,967,6035,1220,112,112
msg,0,192,957,6629,1088,112,112
msg,0,193,957,31498,1085,112,112
msg,0,194,966,6294,1073,112,112
msg,0,195,964,5417,1084,112,112
msg,0,196,1068,6528,1089,112,112
msg,0,197,932,6091,1073,112,112
msg,0,198,965,5916,1077,112,112
msg,0,199,957,6887,1081,112,112
whole,0,2942.287,5304.303,200
1,5.7780,2868.4420,49.0160,2923.2360,3287,3365,45,3672,4,14,5,20,143764,66251.0,69927.0,1634638.0,1014067.0,2,2,2,1
msg,1,0,1097,5789,1085,112,112
msg,1,1,959,5653,1090,112,112
msg,1,2,931,5974,1099,112,112
msg,1,3,967,6408,1085,112,112
msg,1,4,963,6705,1086,112,112
msg,1,5,972,6477,1084,112,112
msg,1,6,963,37285,1095,112,112
msg,1,7,959,5629,1081,112,112
msg,1,8,967,13550,1085,112,112
msg,1,9,949,6195,1074,112,112
msg,1,10,959,7962,1084,112,112
msg,1,11,952,8369,1071,112,112
msg,1,12,966,5534,1081,112,112
msg,1,13,967,26346,1088,112,112
msg,1,14,960,5654,1086,112,112
msg,1,15,962,6784,1091,112,112
msg,1,16,974,6978,1191,112,112
msg,1,17,968,5767,1098,112,112
msg,1,18,965,5372,1094,112,112
msg,1,19,933,5650,1085,112,112
msg,1,20,964,6164,1076,112,112
msg,1,21,968,6583,1080,112,112
msg,1,22,975,5500,1085,112,112
msg,1,23,959,16941,1093,112,112
msg,1,24,963,5351,1087,112,112
msg,1,25,966,6687,1081,112,112
msg,1,26,966,7668,1083,112,112
msg,1,27,974,6418,1074,112,112
msg,1,28,967,5837,1073,112,112
msg,1,29,970,5823,1080,112,112
msg,1,30,971,8914,1093,112,112
msg,1,31,966,9401,1074,112,112
msg,1,32,966,5525,1084,112,112
msg,1,33,967,26313,1186,112,112
msg,1,34,957,6474,1083,112,112
msg,1,35,959,5351,1077,112,112
msg,1,36,965,7538,1074,112,112
msg,1,37,958,6740,1069,112,112
msg,1,38,957,8286,1092,112,112
msg,1,39,965,6291,1081,112,112
msg,1,40,970,10808,1082,112,112
msg,1,41,964,5520,1077,112,112
msg,1,42,961,26855,1079,112,112
msg,1,43,973,6279,1084,112,112
msg,1,44,971,5958,1070,112,112
msg,1,45,962,5935,1080,112,112
msg,1,46,964,5740,1081,112,112
msg,1,47,969,6743,1080,112,112
msg,1,48,971,6766,1080,112,112
msg,1,49,963,9329,1105,112,112
msg,1,50,956,5944,1084,112,112
msg,1,51,960,25907,1083,112,112
msg,1,52,957,5560,1083,112,112
msg,1,53,972,5317,1086,112,112
msg,1,54,960,5408,1083,112,112
msg,1,55,965,5446,1086,112,112
msg,1,56,965,5401,1075,112,112
msg,1,57,970,6525,1083,112,112
msg,1,58,966,6222,1083,112,112
msg,1,59,974,7477,1083,112,112
msg,1,60,966,5968,1081,112,112
msg,1,61,1114,25773,1089,112,112
msg,1,62,938,5335,1079,112,112
msg,1,63,966,5388,1092,112,112
msg,1,64,962,5309,1087,112,112
msg,1,65,962,6909,1091,112,112
msg,1,66,1062,7073,1072,112,112
msg,1,67,971,6328,1087,112,112
msg,1,68,958,6357,1081,112,112
msg,1,69,963,5714,1092,112,112
msg,1,70,964,5898,1091,112,112
msg,1,71,940,25618,1087,112,112
msg,1,72,962,5947,1082,112,112
msg,1,73,1129,5806,1070,112,112
msg,1,74,955,6245,1078,112,112
msg,1,75,972,5972,1086,112,112
msg,1,76,956,6367,1091,112,112
msg,1,77,962,7080,1092,112,112
msg,1,78,969,7248,1079,112,112
msg,1,79,966,5676,1078,112,112
msg,1,80,1113,24992,1094,112,112
msg,1,81,970,5958,1069,112,112
msg,1,82,971,6381,1083,112,112
msg,1,83,969,5570,1086,112,112
msg,1,84,959,6545,1174,112,112
msg,1,85,966,12559,1081,112,112
msg,1,86,968,57630,1074,112,112
msg,1,87,966,6658,1076,112,112
msg,1,88,965,5381,1084,112,112
msg,1,89,956,5711,1085,112,112
msg,1,90,969,5703,1197,112,112
msg,1,91,961,5358,1090,112,112
msg,1,92,933,6012,1091,112,112
msg,1,93,964,5549,1087,112,112
msg,1,94,962,5462,1229,112,112
msg,1,95,941,7004,1091,112,112
msg,1,96,965,24329,1184,112,112
msg,1,97,938,5504,1078,112,112
msg,1,98,968,5420,1074,112,112
msg,1,99,966,5811,1077,112,112
msg,1,100,964,9922,1084,112,112
msg,1,101,963,7634,1078,112,112
msg,1,102,961,6953,1091,112,112
msg,1,103,961,8910,1080,112,112
msg,1,104,961,34667,1090,112,112
msg,1,105,1070,5530,1099,112,112
msg,1,106,959,6449,1086,112,112
msg,1,107,968,5423,1075,112,112
msg,1,108,967,5371,1089,112,112
msg,1,109,960,5371,1086,112,112
msg,1,110,1060,6039,1097,112,112
msg,1,111,964,6565,1084,112,112
msg,1,112,958,6907,1097,112,112
msg,1,113,978,34661,1100,112,112
msg,1,114,971,5630,1091,112,112
msg,1,115,966,7454,1094,112,112
msg,1,116,964,5432,1085,112,112
msg,1,117,966,7738,1071,112,112
msg,1,118,966,5820,1177,112,112
msg,1,119,961,7564,1082,112,112
msg,1,120,969,8635,1074,112,112
msg,1,121,967,7931,1079,112,112
msg,1,122,963,21690,1089,112,112
msg,1,123,965,5440,1078,112,112
msg,1,124,962,5320,1082,112,112
msg,1,125,965,7027,1075,112,112
msg,1,126,965,5361,1091,112,112
msg,1,127,959,5926,1077,112,112
msg,1,128,968,5480,1094,112,112
msg,1,129,963,5960,1076,112,112
msg,1,130,1105,9187,1089,112,112
msg,1,131,964,5423,1082,112,112
msg,1,132,960,28470,1077,112,112
msg,1,133,959,8967,1174,112,112
msg,1,134,970,5570,1079,112,112
msg,1,135,968,5308,1098,112,112
msg,1,136,966,5773,1076,112,112
msg,1,137,962,6084,1085,112,112
msg,1,138,966,6680,1077,112,112
msg,1,139,963,7780,1081,112,112
msg,1,140,964,5570,1079,112,112
msg,1,141,974,33502,1069,112,112
msg,1,142,1052,5697,1068,112,112
msg,1,143,958,6026,1085,112,112
msg,1,144,961,5954,1090,112,112
msg,1,145,935,5527,1086,112,112
msg,1,146,967,5341,1072,112,112
msg,1,147,1077,7942,1082,112,112
msg,1,148,969,6802,1083,112,112
msg,1,149,973,5696,1087,112,112
msg,1,150,969,27687,1089,112,112
msg,1,151,965,5464,1174,112,112
msg,1,152,966,6406,1069,112,112
msg,1,153,953,5456,1087,112,112
msg,1,154,954,6542,1086,112,112
msg,1,155,968,6702,1086,112,112
msg,1,156,963,9487,1078,112,112
msg,1,157,969,8461,1072,112,112
msg,1,158,963,7104,1084,112,112
msg,1,159,963,24217,1100,112,112
msg,1,160,965,6116,1080,112,112
msg,1,161,963,5634,1083,112,112
msg,1,162,964,5598,1074,112,112
msg,1,163,964,5475,1106,112,112
msg,1,164,1063,5358,1089,112,112
msg,1,165,960,5711,1083,112,112
msg,1,166,960,5825,1087,112,112
msg,1,167,960,8583,1184,112,112
msg,1,168,959,5755,1085,112,112
msg,1,169,965,25853,1065,112,112
msg,1,170,959,6349,1089,112,112
msg,1,171,938,5843,1089,112,112
msg,1,172,954,5854,1088,112,112
msg,1,173,961,6455,1093,112,112
msg,1,174,940,5706,1087,112,112
msg,1,175,936,9158,1073,112,112
msg,1,176,971,5545,1086,112,112
msg,1,177,963,5350,1084,112,112
msg,1,178,967,33025,1194,112,112
msg,1,179,960,5995,1080,112,112
msg,1,180,975,5555,1077,112,112
msg,1,181,967,5988,1080,112,112
msg,1,182,967,5370,1077,112,112
msg,1,183,964,5349,1232,112,112
msg,1,184,967,9043,1085,112,112
msg,1,185,964,5952,1089,112,112
msg,1,186,974,5457,1072,112,112
msg,1,187,968,36653,1068,112,112
msg,1,188,963,5791,1085,112,112
msg,1,189,1074,5921,1079,112,112
msg,1,190,968,5463,1079,112,112
msg,1,191,974,5818,1081,112,112
msg,1,192,1120,8604,1079,112,112
msg,1,193,964,6483,1078,112,112
msg,1,194,1062,5872,1078,112,112
msg,1,195,978,5258,1093,112,112
msg,1,196,959,28291,1090,112,112
msg,1,197,972,5353,1079,112,112
msg,1,198,967,6181,1087,112,112
msg,1,199,942,5906,1088,112,112
whole,1,2937.812,5185.662,200
2,4.7020,2871.1190,26.1610,2901.9820,3287,3365,45,3672,4,14,5,20,143764,66360.0,70101.0,1633184.0,1015916.0,2,2,2,1
msg,2,0,1090,5833,1068,112,112
msg,2,1,958,5727,1073,112,112
msg,2,2,962,6842,1079,112,112
msg,2,3,975,6176,1088,112,112
msg,2,4,1045,6099,1079,112,112
msg,2,5,969,5681,1070,112,112
msg,2,6,969,8187,1087,112,112
msg,2,7,967,12743,1095,112,112
msg,2,8,962,32460,1081,112,112
msg,2,9,971,5744,1077,112,112
msg,2,10,967,5392,1070,112,112
msg,2,11,962,8044,1078,112,112
msg,2,12,964,6279,1105,112,112
msg,2,13,964,7623,1087,112,112
msg,2,14,968,5750,1203,112,112
msg,2,15,968,8419,1225,112,112
msg,2,16,963,6587,1087,112,112
msg,2,17,968,35032,1066,112,112
msg,2,18,962,6199,1088,112,112
msg,2,19,956,6765,1088,112,112
msg,2,20,971,7511,1076,112,112
msg,2,21,964,5871,1081,112,112
msg,2,22,962,7640,1090,112,112
msg,2,23,963,45509,1173,112,112
msg,2,24,966,7304,1105,112,112
msg,2,25,968,10318,1086,112,112
msg,2,26,965,8021,1093,112,112
msg,2,27,961,7360,1089,112,112
msg,2,28,971,7800,1088,112,112
msg,2,29,938,6315,1077,112,112
msg,2,30,962,5776,1075,112,112
msg,2,31,964,32470,1065,112,112
msg,2,32,968,5440,1085,112,112
msg,2,33,956,5816,1075,112,112
msg,2,34,972,6125,1079,112,112
msg,2,35,968,5939,1083,112,112
msg,2,36,966,5674,1086,112,112
msg,2,37,972,6801,1090,112,112
msg,2,38,964,5658,1087,112,112
msg,2,39,962,6429,1074,112,112
msg,2,40,968,6262,1085,112,112
msg,2,41,1062,29098,1080,112,112
msg,2,42,965,5865,1085,112,112
msg,2,43,961,7328,1070,112,112
msg,2,44,957,5420,1086,112,112
msg,2,45,963,5402,1079,112,112
msg,2,46,968,6163,1080,112,112
msg,2,47,957,7563,1087,112,112
msg,2,48,968,7034,1072,112,112
msg,2,49,957,5357,1094,112,112
msg,2,50,1058,31044,1082,112,112
msg,2,51,972,5469,1202,112,112
msg,2,52,972,6191,1687,112,112
msg,2,53,975,5484,1084,112,112
msg,2,54,965,5741,1090,112,112
msg,2,55,973,5689,1097,112,112
msg,2,56,977,7259,1084,112,112
msg,2,57,971,7992,1089,112,112
msg,2,58,963,5634,1093,112,112
msg,2,59,965,22490,1078,112,112
msg,2,60,961,5416,1085,112,112
msg,2,61,960,6262,1085,112,112
msg,2,62,954,6294,1087,112,112
msg,2,63,959,5579,1081,112,112
msg,2,64,1067,6299,1089,112,112
msg,2,65,958,6008,1076,112,112
msg,2,66,960,6798,1083,112,112
msg,2,67,961,7889,1077,112,112
msg,2,68,958,5638,1083,112,112
msg,2,69,968,27462,1066,112,112
msg,2,70,964,5853,1074,112,112
msg,2,71,961,5353,1092,112,112
msg,2,72,961,5835,1098,112,112
msg,2,73,969,5486,1086,112,112
msg,2,74,965,5824,1084,112,112
msg,2,75,978,5501,1084,112,112
msg,2,76,941,6069,1068,112,112
msg,2,77,955,8754,1076,112,112
msg,2,78,967,28775,1078,112,112
msg,2,79,963,5914,1167,112,112
msg,2,80,969,5471,1076,112,112
msg,2,81,970,5439,1079,112,112
msg,2,82,962,6088,1074,112,112
msg,2,83,964,5419,1106,112,112
msg,2,84,965,5551,1183,112,112
msg,2,85,1068,7334,1090,112,112
msg,2,86,957,8843,1190,112,112
msg,2,87,960,6247,1079,112,112
msg,2,88,969,21889,1084,112,112
msg,2,89,967,7684,1089,112,112
msg,2,90,969,5755,1091,112,112
msg,2,91,969,6611,1092,112,112
msg,2,92,965,6286,1082,112,112
msg,2,93,962,5436,1087,112,112
msg,2,94,973,5379,1086,112,112
msg,2,95,960,5553,1078,112,112
msg,2,96,965,8665,1073,112,112
msg,2,97,962,35977,1091,112,112
msg,2,98,969,6836,1097,112,112
msg,2,99,960,5831,1094,112,112
msg,2,100,967,6492,1082,112,112
msg,2,101,933,5758,1091,112,112
msg,2,102,958,6394,1080,112,112
msg,2,103,972,5992,1089,112,112
msg,2,104,937,10670,1091,112,112
msg,2,105,975,6261,1076,112,112
msg,2,106,962,30995,1089,112,112
msg,2,107,968,5888,1083,112,112
msg,2,108,957,5510,1087,112,112
msg,2,109,970,5525,1078,112,112
msg,2,110,961,5508,1075,112,112
msg,2,111,1110,5496,1093,112,112
msg,2,112,972,6140,1081,112,112
msg,2,113,958,5418,1075,112,112
msg,2,114,964,6434,1083,112,112
msg,2,115,960,33284,1083,112,112
msg,2,116,964,11816,1095,112,112
msg,2,117,970,6108,1085,112,112
msg,2,118,961,5383,1090,112,112
msg,2,119,967,6865,1086,112,112
msg,2,120,956,7930,1102,112,112
msg,2,121,1497,9714,1089,112,112
msg,2,122,970,5741,1093,112,112
msg,2,123,1065,30907,1085,112,112
msg,2,124,960,6187,1175,112,112
msg,2,125,967,5862,1090,112,112
msg,2,126,967,7534,1079,112,112
msg,2,127,1074,11591,1079,112,112
msg,2,128,964,6458,1177,112,112
msg,2,129,964,10677,1075,112,112
msg,2,130,980,5981,1089,112,112
msg,2,131,965,26446,1081,112,112
msg,2,132,954,10799,1083,112,112
msg,2,133,966,5737,1082,112,112
msg,2,134,966,5462,1205,112,112
msg,2,135,968,5593,1075,112,112
msg,2,136,961,5476,1078,112,112
msg,2,137,957,5713,1093,112,112
msg,2,138,958,9064,1078,112,112
msg,2,139,962,5455,1082,112,112
msg,2,140,966,28497,1092,112,112
msg,2,141,959,7611,1086,112,112
msg,2,142,961,6020,1094,112,112
msg,2,143,972,6056,1209,112,112
msg,2,144,976,5572,1071,112,112
msg,2,145,965,5707,1077,112,112
msg,2,146,966,7007,1081,112,112
msg,2,147,967,7529,1080,112,112
msg,2,148,969,7584,1077,112,112
msg,2,149,961,25882,1080,112,112
msg,2,150,966,5691,1084,112,112
msg,2,151,970,5777,1082,112,112
msg,2,152,969,5530,1082,112,112
msg,2,153,959,5490,1064,112,112
msg,2,154,956,5331,1095,112,112
msg,2,155,965,5556,1073,112,112
msg,2,156,963,6611,1081,112,112
msg,2,157,966,7082,1086,112,112
msg,2,158,1061,6243,1081,112,112
msg,2,159,968,23812,1083,112,112
msg,2,160,962,7074,1083,112,112
msg,2,161,955,5916,1075,112,112
msg,2,162,965,5542,1223,112,112
msg,2,163,962,5599,1090,112,112
msg,2,164,960,5401,1084,112,112
msg,2,165,963,5423,1073,112,112
msg,2,166,977,5693,1079,112,112
msg,2,167,965,8549,1072,112,112
msg,2,168,960,6352,1087,112,112
msg,2,169,934,29159,1066,112,112
msg,2,170,963,7411,1085,112,112
msg,2,171,956,5980,1171,112,112
msg,2,172,960,5397,1086,112,112
msg,2,173,965,5416,1080,112,112
msg,2,174,963,5355,1080,112,112
msg,2,175,965,7351,1090,112,112
msg,2,176,962,5348,1182,112,112
msg,2,177,970,6687,1086,112,112
msg,2,178,966,25655,1084,112,112
msg,2,179,971,7027,1085,112,112
msg,2,180,962,7719,1086,112,112
msg,2,181,966,5370,1083,112,112
msg,2,182,960,5677,1084,112,112
msg,2,183,963,6759,1084,112,112
msg,2,184,966,6444,1078,112,112
msg,2,185,966,5755,1077,112,112
msg,2,186,1112,5696,1078,112,112
msg,2,187,959,7650,1081,112,112
msg,2,188,976,29135,1092,112,112
msg,2,189,1064,5637,1090,112,112
msg,2,190,957,5670,1093,112,112
msg,2,191,962,5440,1086,112,112
msg,2,192,966,5841,1187,112,112
msg,2,193,958,5374,1079,112,112
msg,2,194,967,7583,1079,112,112
msg,2,195,968,8754,1084,112,112
msg,2,196,969,5727,1078,112,112
msg,2,197,976,26836,1091,112,112
msg,2,198,967,5618,1083,112,112
msg,2,199,966,5960,1084,112,112
whole,2,2936.800,5205.112,200
#heap 25327
#stack 27880
#end
#block pipeline mTLS lorawan11_256 down
#aead AES-256-CTR+2xCMAC (LoRaWAN 1.1 frame, 256-bit keys) (BearSSL (arduino-pico)), downlink, 51 B payload + 13 B overhead
#lib wolfSSL 5.9.4
iter,tcp_ms,tls_ms,mqtt_ms,total_ms,hs_tx_B,hs_rx_B,mqtt_tx_B,mqtt_rx_B,hs_writes,hs_reads,writes,reads,free_heap_B,hs_keygen_us,hs_derive_us,hs_verify_us,hs_sign_us,hs_keygen_n,hs_derive_n,hs_verify_n,hs_sign_n
msg,iter,idx,seal_us,rtt_us,open_us,tx_B,rx_B
whole,iter,first_ms,all_ms,msgs
#suite TLS13-AES256-GCM-SHA384
0,10.6570,2873.4320,46.0640,2930.1530,3287,3365,45,3672,4,14,5,20,143764,66153.0,70997.0,1633122.0,1015142.0,2,2,2,1
msg,0,0,732,9509,725,112,112
msg,0,1,603,5560,725,112,112
msg,0,2,613,5409,724,112,112
msg,0,3,603,6644,726,112,112
msg,0,4,604,10055,725,112,112
msg,0,5,600,5497,723,112,112
msg,0,6,601,28640,723,112,112
msg,0,7,606,6424,725,112,112
msg,0,8,598,6067,713,112,112
msg,0,9,572,6435,707,112,112
msg,0,10,575,5483,718,112,112
msg,0,11,576,5665,720,112,112
msg,0,12,594,5684,727,112,112
msg,0,13,700,6540,721,112,112
msg,0,14,604,19229,724,112,112
msg,0,15,596,29494,727,112,112
msg,0,16,696,6997,723,112,112
msg,0,17,598,5369,717,112,112
msg,0,18,569,6302,691,112,112
msg,0,19,574,6150,724,112,112
msg,0,20,604,8272,1187,112,112
msg,0,21,584,7485,697,112,112
msg,0,22,576,9158,813,112,112
msg,0,23,576,5501,694,112,112
msg,0,24,571,29185,720,112,112
msg,0,25,607,7227,727,112,112
msg,0,26,604,5468,727,112,112
msg,0,27,608,6069,692,112,112
msg,0,28,572,6008,723,112,112
msg,0,29,606,5537,721,112,112
msg,0,30,610,5872,716,112,112
msg,0,31,568,6686,721,112,112
msg,0,32,606,9800,721,112,112
msg,0,33,616,5894,714,112,112
msg,0,34,575,25833,724,112,112
msg,0,35,602,5560,722,112,112
msg,0,36,611,5887,713,112,112
msg,0,37,578,7458,713,112,112
msg,0,38,578,5852,724,112,112
msg,0,39,605,5350,726,112,112
msg,0,40,602,6474,720,112,112
msg,0,41,599,7610,718,112,112
msg,0,42,603,10369,729,112,112
msg,0,43,597,5605,724,112,112
msg,0,44,605,28852,722,112,112
msg,0,45,578,6074,721,112,112
msg,0,46,606,6979,726,112,112
msg,0,47,605,6731,728,112,112
msg,0,48,602,5338,719,112,112
msg,0,49,602,5515,725,112,112
msg,0,50,609,6448,722,112,112
msg,0,51,604,6576,694,112,112
msg,0,52,572,8199,723,112,112
msg,0,53,612,5649,694,112,112
msg,0,54,575,33345,725,112,112
msg,0,55,607,6451,722,112,112
msg,0,56,612,10059,721,112,112
msg,0,57,597,7705,724,112,112
msg,0,58,710,5332,727,112,112
msg,0,59,608,5291,726,112,112
msg,0,60,599,9104,717,112,112
msg,0,61,571,5667,722,112,112
msg,0,62,602,5986,697,112,112
msg,0,63,573,21891,725,112,112
msg,0,64,604,5608,722,112,112
msg,0,65,601,5424,726,112,112
msg,0,66,608,6122,712,112,112
msg,0,67,571,6039,722,112,112
msg,0,68,603,6093,728,112,112
msg,0,69,617,8086,721,112,112
msg,0,70,603,6309,728,112,112
msg,0,71,602,8180,720,112,112
msg,0,72,573,6633,723,112,112
msg,0,73,604,30829,721,112,112
msg,0,74,598,6238,723,112,112
msg,0,75,605,5527,724,112,112
msg,0,76,603,5437,719,112,112
msg,0,77,604,6279,718,112,112
msg,0,78,601,6477,727,112,112
msg,0,79,611,6245,729,112,112
msg,0,80,602,8065,696,112,112
msg,0,81,577,6524,689,112,112
msg,0,82,579,9444,693,112,112
msg,0,83,576,26386,694,112,112
msg,0,84,574,5764,718,112,112
msg,0,85,571,5621,726,112,112
msg,0,86,617,5476,729,112,112
msg,0,87,600,5573,726,112,112
msg,0,88,701,7864,697,112,112
msg,0,89,576,6809,722,112,112
msg,0,90,598,8737,722,112,112
msg,0,91,610,9476,721,112,112
msg,0,92,608,5878,718,112,112
msg,0,93,584,34049,721,112,112
msg,0,94,602,5524,700,112,112
msg,0,95,578,6148,721,112,112
msg,0,96,599,6062,715,112,112
msg,0,97,570,5425,691,112,112
msg,0,98,570,6077,725,112,112
msg,0,99,608,12646,691,112,112
msg,0,100,578,5739,813,112,112
msg,0,101,606,6694,722,112,112
msg,0,102,601,34324,723,112,112
msg,0,103,615,6016,693,112,112
msg,0,104,570,5464,697,112,112
msg,0,105,568,5512,698,112,112
msg,0,106,574,8026,721,112,112
msg,0,107,600,6285,723,112,112
msg,0,108,612,7302,716,112,112
msg,0,109,605,10365,719,112,112
msg,0,110,571,5671,717,112,112
msg,0,111,608,24461,725,112,112
msg,0,112,604,5690,720,112,112
msg,0,113,604,5595,695,112,112
msg,0,114,575,5428,692,112,112
msg,0,115,1174,6171,693,112,112
msg,0,116,589,5463,697,112,112
msg,0,117,576,5545,716,112,112
msg,0,118,574,5469,715,112,112
msg,0,119,579,5651,728,112,112
msg,0,120,603,7091,693,112,112
msg,0,121,580,6578,713,112,112
msg,0,122,570,28277,697,112,112
msg,0,123,577,5791,711,112,112
msg,0,124,573,5664,728,112,112
msg,0,125,596,6118,697,112,112
msg,0,126,580,5468,693,112,112
msg,0,127,576,6824,724,112,112
msg,0,128,603,6211,727,112,112
msg,0,129,598,5473,722,112,112
msg,0,130,600,5431,724,112,112
msg,0,131,603,8180,693,112,112
msg,0,132,574,32761,720,112,112
msg,0,133,599,5663,722,112,112
msg,0,134,604,5418,728,112,112
msg,0,135,602,6382,721,112,112
msg,0,136,601,5311,727,112,112
msg,0,137,606,5329,727,112,112
msg,0,138,591,5520,725,112,112
msg,0,139,596,7600,717,112,112
msg,0,140,610,12140,725,112,112
msg,0,141,601,33791,721,112,112
msg,0,142,594,6073,721,112,112
msg,0,143,607,5412,720,112,112
msg,0,144,605,5395,718,112,112
msg,0,145,605,5405,720,112,112
msg,0,146,571,6096,697,112,112
msg,0,147,600,6616,692,112,112
msg,0,148,572,8412,697,112,112
msg,0,149,571,11588,695,112,112
msg,0,150,568,31778,727,112,112
msg,0,151,609,6647,727,112,112
msg,0,152,603,5721,698,112,112
msg,0,153,569,5570,692,112,112
msg,0,154,577,5297,724,112,112
msg,0,155,604,5397,718,112,112
msg,0,156,603,5677,700,112,112
msg,0,157,575,8646,715,112,112
msg,0,158,572,10946,725,112,112
msg,0,159,598,5503,721,112,112
msg,0,160,611,27020,722,112,112
msg,0,161,598,6309,716,112,112
msg,0,162,570,6434,717,112,112
msg,0,163,576,5514,716,112,112
msg,0,164,569,5829,725,112,112
msg,0,165,600,6256,720,112,112
msg,0,166,604,5583,727,112,112
msg,0,167,599,7030,692,112,112
msg,0,168,573,5914,722,112,112
msg,0,169,598,6191,720,112,112
msg,0,170,604,35315,718,112,112
msg,0,171,571,7939,719,112,112
msg,0,172,610,5592,697,112,112
msg,0,173,570,5647,695,112,112
msg,0,174,573,6219,722,112,112
msg,0,175,611,5315,724,112,112
msg,0,176,604,5238,720,112,112
msg,0,177,605,5956,698,112,112
msg,0,178,575,8441,795,112,112
msg,0,179,576,6314,693,112,112
msg,0,180,584,26224,721,112,112
msg,0,181,615,7763,693,112,112
msg,0,182,572,5949,722,112,112
msg,0,183,606,6639,715,112,112
msg,0,184,611,5759,695,112,112
msg,0,185,573,6315,693,112,112
msg,0,186,572,5839,711,112,112
msg,0,187,573,7029,728,112,112
msg,0,188,600,8598,698,112,112
msg,0,189,569,6256,727,112,112
msg,0,190,700,28162,815,112,112
msg,0,191,613,6035,717,112,112
msg,0,192,569,6020,722,112,112
msg,0,193,597,5336,720,112,112
msg,0,194,602,5825,694,112,112
msg,0,195,572,5342,692,112,112
msg,0,196,576,5291,724,112,112
msg,0,197,600,7770,714,112,112
msg,0,198,574,8644,721,112,112
msg,0,199,598,5443,723,112,112
whole,0,2948.132,5035.684,200
1,4.6040,2877.7840,24.9950,2907.3830,3287,3365,45,3672,4,14,5,20,143764,66107.0,69925.0,1634073.0,1013597.0,2,2,2,1
msg,1,0,737,7739,721,112,112
msg,1,1,606,9495,717,112,112
msg,1,2,606,6580,693,112,112
msg,1,3,573,23590,692,112,112
msg,1,4,566,6174,720,112,112
msg,1,5,602,6338,730,112,112
msg,1,6,600,6393,722,112,112
msg,1,7,603,6779,692,112,112
msg,1,8,568,5455,691,112,112
msg,1,9,573,5933,721,112,112
msg,1,10,605,8248,710,112,112
msg,1,11,574,10988,717,112,112
msg,1,12,602,33064,712,112,112
msg,1,13,600,6537,841,112,112
msg,1,14,603,7222,718,112,112
msg,1,15,600,7167,695,112,112
msg,1,16,575,5889,722,112,112
msg,1,17,603,5672,723,112,112
msg,1,18,595,5646,696,112,112
msg,1,19,600,6823,715,112,112
msg,1,20,575,9379,698,112,112
msg,1,21,581,7074,719,112,112
msg,1,22,596,25194,723,112,112
msg,1,23,598,6214,714,112,112
msg,1,24,574,5644,719,112,112
msg,1,25,598,5845,720,112,112
msg,1,26,604,6858,723,112,112
msg,1,27,578,5350,713,112,112
msg,1,28,579,5429,696,112,112
msg,1,29,678,5888,724,112,112
msg,1,30,605,12237,718,112,112
msg,1,31,602,6158,692,112,112
msg,1,32,581,22220,697,112,112
msg,1,33,597,5340,718,112,112
msg,1,34,759,5548,696,112,112
msg,1,35,588,6371,694,112,112
msg,1,36,578,5526,692,112,112
msg,1,37,587,5421,696,112,112
msg,1,38,573,6427,697,112,112
msg,1,39,597,6225,725,112,112
msg,1,40,600,6692,694,112,112
msg,1,41,611,9571,694,112,112
msg,1,42,571,5438,694,112,112
msg,1,43,570,32203,728,112,112
msg,1,44,612,7132,726,112,112
msg,1,45,604,5820,827,112,112
msg,1,46,575,6091,727,112,112
msg,1,47,598,6028,697,112,112
msg,1,48,578,5598,713,112,112
msg,1,49,572,6469,717,112,112
msg,1,50,570,6240,690,112,112
msg,1,51,571,8811,720,112,112
msg,1,52,601,7094,693,112,112
msg,1,53,575,21860,718,112,112
msg,1,54,605,6177,696,112,112
msg,1,55,577,6672,720,112,112
msg,1,56,570,6127,696,112,112
msg,1,57,573,6370,722,112,112
msg,1,58,604,7924,718,112,112
msg,1,59,599,5729,726,112,112
msg,1,60,602,6761,691,112,112
msg,1,61,574,10365,728,112,112
msg,1,62,606,5991,723,112,112
msg,1,63,599,23607,724,112,112
msg,1,64,599,6011,694,112,112
msg,1,65,571,6551,713,112,112
msg,1,66,588,5446,710,112,112
msg,1,67,587,6239,693,112,112
msg,1,68,574,5318,720,112,112
msg,1,69,606,5442,720,112,112
msg,1,70,611,5251,723,112,112
msg,1,71,604,5282,721,112,112
msg,1,72,606,8560,728,112,112
msg,1,73,610,6034,711,112,112
msg,1,74,570,31440,696,112,112
msg,1,75,571,6932,820,112,112
msg,1,76,603,6844,695,112,112
msg,1,77,575,7444,698,112,112
msg,1,78,572,9789,726,112,112
msg,1,79,617,9048,690,112,112
msg,1,80,673,11783,727,112,112
msg,1,81,607,9585,724,112,112
msg,1,82,604,21743,700,112,112
msg,1,83,599,5626,692,112,112
msg,1,84,571,6130,724,112,112
msg,1,85,615,5815,695,112,112
msg,1,86,576,7831,721,112,112
msg,1,87,741,5560,730,112,112
msg,1,88,598,7337,721,112,112
msg,1,89,614,7093,722,112,112
msg,1,90,577,11060,720,112,112
msg,1,91,600,5307,720,112,112
msg,1,92,607,24199,727,112,112
msg,1,93,608,5830,695,112,112
msg,1,94,600,5793,716,112,112
msg,1,95,579,7275,696,112,112
msg,1,96,571,6271,718,112,112
msg,1,97,599,5522,699,112,112
msg,1,98,607,7119,722,112,112
msg,1,99,606,7729,723,112,112
msg,1,100,602,19200,726,112,112
msg,1,101,603,31072,718,112,112
msg,1,102,697,6259,713,112,112
msg,1,103,571,5367,693,112,112
msg,1,104,575,5428,694,112,112
msg,1,105,571,6465,697,112,112
msg,1,106,574,6696,711,112,112
msg,1,107,571,6422,696,112,112
msg,1,108,580,9166,722,112,112
msg,1,109,604,5830,714,112,112
msg,1,110,569,30695,728,112,112
msg,1,111,604,6730,719,112,112
msg,1,112,606,5927,722,112,112
msg,1,113,566,6026,725,112,112
msg,1,114,611,6146,719,112,112
msg,1,115,605,5661,718,112,112
msg,1,116,606,5522,720,112,112
msg,1,117,700,8524,693,112,112
msg,1,118,570,10617,693,112,112
msg,1,119,582,5680,723,112,112
msg,1,120,601,30195,692,112,112
msg,1,121,570,7827,722,112,112
msg,1,122,607,5601,724,112,112
msg,1,123,694,6146,727,112,112
msg,1,124,607,5909,694,112,112
msg,1,125,567,5407,724,112,112
msg,1,126,599,6379,724,112,112
msg,1,127,602,5422,720,112,112
msg,1,128,604,6378,729,112,112
msg,1,129,600,5301,728,112,112
msg,1,130,594,28118,719,112,112
msg,1,131,574,5888,725,112,112
msg,1,132,611,5932,714,112,112
msg,1,133,577,5538,717,112,112
msg,1,134,572,5883,721,112,112
msg,1,135,600,5066,726,112,112
msg,1,136,596,7344,712,112,112
msg,1,137,569,8519,724,112,112
msg,1,138,572,7981,719,112,112
msg,1,139,609,5802,692,112,112
msg,1,140,577,23625,714,112,112
msg,1,141,581,5772,725,112,112
msg,1,142,603,5451,717,112,112
msg,1,143,594,5575,819,112,112
msg,1,144,605,5337,724,112,112
msg,1,145,607,5371,723,112,112
msg,1,146,611,7005,714,112,112
msg,1,147,567,5522,714,112,112
msg,1,148,569,6751,724,112,112
msg,1,149,596,10559,730,112,112
msg,1,150,599,5557,722,112,112
msg,1,151,601,26048,723,112,112
msg,1,152,601,6204,693,112,112
msg,1,153,572,5382,699,112,112
msg,1,154,571,6110,720,112,112
msg,1,155,604,6396,724,112,112
msg,1,156,605,5379,725,112,112
msg,1,157,603,5580,717,112,112
msg,1,158,614,5749,697,112,112
msg,1,159,569,5648,722,112,112
msg,1,160,599,6516,723,112,112
msg,1,161,604,6096,859,112,112
msg,1,162,577,28261,699,112,112
msg,1,163,572,8794,719,112,112
msg,1,164,601,5589,718,112,112
msg,1,165,603,5792,720,112,112
msg,1,166,600,5521,796,112,112
msg,1,167,576,5672,715,112,112
msg,1,168,570,5359,693,112,112
msg,1,169,572,6025,726,112,112
msg,1,170,603,8891,698,112,112
msg,1,171,577,5441,697,112,112
msg,1,172,576,31861,726,112,112
msg,1,173,611,6558,726,112,112
msg,1,174,612,6545,722,112,112
msg,1,175,610,5979,712,112,112
msg,1,176,578,8553,723,112,112
msg,1,177,607,8287,718,112,112
msg,1,178,569,6385,694,112,112
msg,1,179,576,9600,713,112,112
msg,1,180,572,6065,713,112,112
msg,1,181,601,28087,722,112,112
msg,1,182,598,8784,723,112,112
msg,1,183,608,8541,700,112,112
msg,1,184,573,5476,696,112,112
msg,1,185,567,5412,721,112,112
msg,1,186,607,7217,724,112,112
msg,1,187,604,5508,726,112,112
msg,1,188,611,5249,825,112,112
msg,1,189,607,5853,692,112,112
msg,1,190,585,5416,693,112,112
msg,1,191,570,28071,719,112,112
msg,1,192,604,10322,724,112,112
msg,1,193,609,6242,723,112,112
msg,1,194,608,6883,694,112,112
msg,1,195,595,6069,720,112,112
msg,1,196,606,5636,725,112,112
msg,1,197,698,9865,716,112,112
msg,1,198,566,9562,710,112,112
msg,1,199,576,5365,710,112,112
whole,1,2925.358,4990.449,200
2,5.4260,2882.1990,25.5900,2913.2150,3287,3365,45,3672,4,14,5,20,143764,66398.0,70064.0,1637453.0,1015040.0,2,2,2,1
msg,2,0,704,7687,819,112,112
msg,2,1,601,8206,717,112,112
msg,2,2,575,7608,727,112,112
msg,2,3,693,33801,722,112,112
msg,2,4,603,5752,696,112,112
msg,2,5,575,5784,725,112,112
msg,2,6,598,5560,724,112,112
msg,2,7,601,6609,721,112,112
msg,2,8,605,11243,730,112,112
msg,2,9,602,13824,695,112,112
msg,2,10,570,8594,693,112,112
msg,2,11,577,32836,723,112,112
msg,2,12,603,6726,726,112,112
msg,2,13,602,5330,725,112,112
msg,2,14,600,5385,725,112,112
msg,2,15,611,6175,717,112,112
msg,2,16,594,5877,725,112,112
msg,2,17,606,5381,823,112,112
msg,2,18,596,5306,724,112,112
msg,2,19,604,6270,728,112,112
msg,2,20,602,6635,722,112,112
msg,2,21,608,32194,727,112,112
msg,2,22,598,7919,693,112,112
msg,2,23,572,6185,721,112,112
msg,2,24,605,24719,695,112,112
msg,2,25,571,5507,697,112,112
msg,2,26,572,46460,694,112,112
msg,2,27,574,7549,696,112,112
msg,2,28,573,6373,694,112,112
msg,2,29,577,5903,722,112,112
msg,2,30,603,6048,694,112,112
msg,2,31,578,5525,698,112,112
msg,2,32,580,6054,725,112,112
msg,2,33,603,5839,1290,112,112
msg,2,34,612,8200,721,112,112
msg,2,35,603,32828,720,112,112
msg,2,36,601,7376,722,112,112
msg,2,37,607,6557,696,112,112
msg,2,38,572,5375,719,112,112
msg,2,39,605,5276,723,112,112
msg,2,40,597,6028,710,112,112
msg,2,41,571,5425,713,112,112
msg,2,42,573,6701,725,112,112
msg,2,43,600,5456,721,112,112
msg,2,44,600,5677,724,112,112
msg,2,45,596,31872,697,112,112
msg,2,46,575,5655,719,112,112
msg,2,47,574,5516,720,112,112
msg,2,48,605,5933,712,112,112
msg,2,49,602,6369,719,112,112
msg,2,50,602,6167,726,112,112
msg,2,51,599,5525,720,112,112
msg,2,52,603,5367,718,112,112
msg,2,53,603,5604,732,112,112
msg,2,54,602,7268,724,112,112
msg,2,55,609,5683,723,112,112
msg,2,56,604,25793,696,112,112
msg,2,57,568,9598,715,112,112
msg,2,58,571,6549,717,112,112
msg,2,59,571,5471,718,112,112
msg,2,60,569,5369,715,112,112
msg,2,61,571,5798,724,112,112
msg,2,62,606,5966,698,112,112
msg,2,63,571,6129,721,112,112
msg,2,64,603,8515,720,112,112
msg,2,65,605,5555,695,112,112
msg,2,66,569,23284,720,112,112
msg,2,67,704,5841,717,112,112
msg,2,68,572,5428,713,112,112
msg,2,69,577,5483,711,112,112
msg,2,70,577,5495,712,112,112
msg,2,71,569,6271,691,112,112
msg,2,72,570,5973,720,112,112
msg,2,73,606,5983,691,112,112
msg,2,74,575,5799,717,112,112
msg,2,75,607,6352,714,112,112
msg,2,76,578,6029,720,112,112
msg,2,77,606,31770,710,112,112
msg,2,78,578,6975,724,112,112
msg,2,79,607,6957,714,112,112
msg,2,80,572,6260,695,112,112
msg,2,81,575,6426,693,112,112
msg,2,82,581,5651,714,112,112
msg,2,83,573,6532,716,112,112
msg,2,84,575,6143,692,112,112
msg,2,85,600,11941,721,112,112
msg,2,86,598,30301,715,112,112
msg,2,87,582,6485,719,112,112
msg,2,88,564,6198,695,112,112
msg,2,89,576,9072,724,112,112
msg,2,90,606,5987,695,112,112
msg,2,91,581,5716,721,112,112
msg,2,92,598,5653,726,112,112
msg,2,93,600,7602,718,112,112
msg,2,94,606,7977,715,112,112
msg,2,95,570,8973,723,112,112
msg,2,96,605,27750,698,112,112
msg,2,97,573,6290,691,112,112
msg,2,98,598,5321,721,112,112
msg,2,99,597,6140,728,112,112
msg,2,100,598,6206,711,112,112
msg,2,101,570,5868,722,112,112
msg,2,102,603,5591,828,112,112
msg,2,103,605,6671,691,112,112
msg,2,104,567,7468,691,112,112
msg,2,105,563,5401,695,112,112
msg,2,106,573,22685,719,112,112
msg,2,107,574,5832,725,112,112
msg,2,108,604,6473,723,112,112
msg,2,109,612,5796,699,112,112
msg,2,110,569,5283,721,112,112
msg,2,111,598,5814,715,112,112
msg,2,112,580,5682,722,112,112
msg,2,113,600,5290,723,112,112
msg,2,114,572,8066,722,112,112
msg,2,115,598,11220,724,112,112
msg,2,116,594,6284,721,112,112
msg,2,117,599,25738,720,112,112
msg,2,118,603,7031,720,112,112
msg,2,119,620,5922,716,112,112
msg,2,120,603,6206,730,112,112
msg,2,121,604,8825,696,112,112
msg,2,122,578,5804,724,112,112
msg,2,123,694,6494,721,112,112
msg,2,124,600,6467,724,112,112
msg,2,125,599,5819,694,112,112
msg,2,126,601,6423,718,112,112
msg,2,127,605,34592,696,112,112
msg,2,128,577,6482,692,112,112
msg,2,129,571,6041,733,112,112
msg,2,130,610,7962,691,112,112
msg,2,131,1207,6408,722,112,112
msg,2,132,608,5304,725,112,112
msg,2,133,605,6226,717,112,112
msg,2,134,600,7751,719,112,112
msg,2,135,605,5479,724,112,112
msg,2,136,612,27166,721,112,112
msg,2,137,602,5702,724,112,112
msg,2,138,600,5514,726,112,112
msg,2,139,604,5395,718,112,112
msg,2,140,600,7160,722,112,112
msg,2,141,616,7206,717,112,112
msg,2,142,605,5362,712,112,112
msg,2,143,572,9398,713,112,112
msg,2,144,576,8627,723,112,112
msg,2,145,608,7711,720,112,112
msg,2,146,598,32672,722,112,112
msg,2,147,600,7308,817,112,112
msg,2,148,598,6737,694,112,112
msg,2,149,575,8103,724,112,112
msg,2,150,609,7426,724,112,112
msg,2,151,594,5650,695,112,112
msg,2,152,570,6116,727,112,112
msg,2,153,595,7473,723,112,112
msg,2,154,599,5271,726,112,112
msg,2,155,620,30602,722,112,112
msg,2,156,600,7616,720,112,112
msg,2,157,604,5685,696,112,112
msg,2,158,572,5773,720,112,112
msg,2,159,609,5848,719,112,112
msg,2,160,608,5485,716,112,112
msg,2,161,611,5622,697,112,112
msg,2,162,574,6471,698,112,112
msg,2,163,568,7675,721,112,112
msg,2,164,582,5900,716,112,112
msg,2,165,601,25053,713,112,112
msg,2,166,568,5567,720,112,112
msg,2,167,565,5435,714,112,112
msg,2,168,577,5338,694,112,112
msg,2,169,574,6238,691,112,112
msg,2,170,603,6609,696,112,112
msg,2,171,583,7849,721,112,112
msg,2,172,603,7386,717,112,112
msg,2,173,605,5782,718,112,112
msg,2,174,607,5592,722,112,112
msg,2,175,600,5888,718,112,112
msg,2,176,575,24281,693,112,112
msg,2,177,571,8206,819,112,112
msg,2,178,568,5635,693,112,112
msg,2,179,568,6474,703,112,112
msg,2,180,573,6198,719,112,112
msg,2,181,600,5294,729,112,112
msg,2,182,604,5767,694,112,112
msg,2,183,579,6388,694,112,112
msg,2,184,570,9641,691,112,112
msg,2,185,572,6074,725,112,112
msg,2,186,599,21967,716,112,112
msg,2,187,577,5527,718,112,112
msg,2,188,603,5847,722,112,112
msg,2,189,598,5627,694,112,112
msg,2,190,575,5373,718,112,112
msg,2,191,608,5452,723,112,112
msg,2,192,601,5365,722,112,112
msg,2,193,606,6730,696,112,112
msg,2,194,729,6993,721,112,112
msg,2,195,592,5349,722,112,112
msg,2,196,606,6641,721,112,112
msg,2,197,603,26592,695,112,112
msg,2,198,589,9493,695,112,112
msg,2,199,574,8001,725,112,112
whole,2,2929.018,5039.694,200
#heap 25327
#stack 27880
#end
=== done ===
