=== MQTT / TLS 1.3 / mTLS, SNOVA1K certificates, X25519MLKEM768 (wolfSSL 5.9.4) on RP2040 ===
CPU clock: 200 MHz
#config iterations=50 warmup=5 pipe_iterations=3 messages=200 payload_B=51 schemes=2 sweep_iterations=20 sweep_warmup=2 groups=13 kex_iterations=50 kex_warmup=2 blocks=15
#kat LoRaWAN / AES-CMAC / Ascon known-answer checks: OK
#wifi rssi=-21 dBm channel=10 ip=192.168.50.235 broker=192.168.50.132
#block connect plain
#lib none (plain MQTT)
iter,tcp_ms,tls_ms,mqtt_ms,total_ms,hs_tx_B,hs_rx_B,mqtt_tx_B,mqtt_rx_B,hs_writes,hs_reads,writes,reads,free_heap_B,hs_keygen_us,hs_derive_us,hs_verify_us,hs_sign_us,hs_keygen_n,hs_derive_n,hs_verify_n,hs_sign_n
0,28.3910,0.0020,5.0640,33.4570,0,0,23,4,0,0,1,1,136596,0.0,0.0,0.0,0.0,0,0,0,0
1,5.5970,0.0020,5.7520,11.3510,0,0,23,4,0,0,1,1,136372,0.0,0.0,0.0,0.0,0,0,0,0
2,11.5370,0.0030,9.7470,21.2870,0,0,23,4,0,0,1,1,136372,0.0,0.0,0.0,0.0,0,0,0,0
3,12.3530,0.0020,4.3170,16.6720,0,0,23,4,0,0,1,1,136372,0.0,0.0,0.0,0.0,0,0,0,0
4,6.6620,0.0020,9.0280,15.6920,0,0,23,4,0,0,1,1,136372,0.0,0.0,0.0,0.0,0,0,0,0
5,3.6740,0.0020,4.9090,8.5850,0,0,23,4,0,0,1,1,136372,0.0,0.0,0.0,0.0,0,0,0,0
6,5.3460,0.0020,5.4190,10.7670,0,0,23,4,0,0,1,1,136372,0.0,0.0,0.0,0.0,0,0,0,0
7,9.4020,0.0020,5.4490,14.8530,0,0,23,4,0,0,1,1,136372,0.0,0.0,0.0,0.0,0,0,0,0
8,28.3770,0.0020,15.5090,43.8880,0,0,23,4,0,0,1,1,136372,0.0,0.0,0.0,0.0,0,0,0,0
9,23.3640,0.0020,8.6250,31.9910,0,0,23,4,0,0,1,1,136372,0.0,0.0,0.0,0.0,0,0,0,0
10,6.3640,0.0020,4.7450,11.1110,0,0,23,4,0,0,1,1,136372,0.0,0.0,0.0,0.0,0,0,0,0
11,6.3750,0.0020,10.8640,17.2410,0,0,23,4,0,0,1,1,136372,0.0,0.0,0.0,0.0,0,0,0,0
12,23.5270,0.0020,9.6350,33.1640,0,0,23,4,0,0,1,1,136372,0.0,0.0,0.0,0.0,0,0,0,0
13,5.3520,0.0020,48.0850,53.4390,0,0,23,4,0,0,1,1,136372,0.0,0.0,0.0,0.0,0,0,0,0
14,4.3560,0.0020,11.2340,15.5920,0,0,23,4,0,0,1,1,136372,0.0,0.0,0.0,0.0,0,0,0,0
15,8.6600,0.0020,29.9810,38.6430,0,0,23,4,0,0,1,1,136372,0.0,0.0,0.0,0.0,0,0,0,0
16,5.3520,0.0030,8.9450,14.3000,0,0,23,4,0,0,1,1,136372,0.0,0.0,0.0,0.0,0,0,0,0
17,6.3660,0.0020,9.1390,15.5070,0,0,23,4,0,0,1,1,136372,0.0,0.0,0.0,0.0,0,0,0,0
18,8.3470,0.0020,6.7150,15.0640,0,0,23,4,0,0,1,1,136372,0.0,0.0,0.0,0.0,0,0,0,0
19,5.3460,0.0020,33.2180,38.5660,0,0,23,4,0,0,1,1,136372,0.0,0.0,0.0,0.0,0,0,0,0
20,6.3740,0.0030,7.2660,13.6430,0,0,23,4,0,0,1,1,136372,0.0,0.0,0.0,0.0,0,0,0,0
21,6.4920,0.0030,4.7410,11.2360,0,0,23,4,0,0,1,1,136372,0.0,0.0,0.0,0.0,0,0,0,0
22,11.3750,0.0020,13.1760,24.5530,0,0,23,4,0,0,1,1,136372,0.0,0.0,0.0,0.0,0,0,0,0
23,6.4290,0.0020,4.5310,10.9620,0,0,23,4,0,0,1,1,136372,0.0,0.0,0.0,0.0,0,0,0,0
24,5.7040,0.0030,4.8600,10.5670,0,0,23,4,0,0,1,1,136372,0.0,0.0,0.0,0.0,0,0,0,0
25,7.3620,0.0030,8.4610,15.8260,0,0,23,4,0,0,1,1,136372,0.0,0.0,0.0,0.0,0,0,0,0
26,13.6820,0.0020,7.0510,20.7350,0,0,23,4,0,0,1,1,136372,0.0,0.0,0.0,0.0,0,0,0,0
27,5.3500,0.0020,5.1670,10.5190,0,0,23,4,0,0,1,1,136372,0.0,0.0,0.0,0.0,0,0,0,0
28,6.3660,0.0020,4.1320,10.5000,0,0,23,4,0,0,1,1,136372,0.0,0.0,0.0,0.0,0,0,0,0
29,7.3560,0.0020,12.1320,19.4900,0,0,23,4,0,0,1,1,136372,0.0,0.0,0.0,0.0,0,0,0,0
30,5.7310,0.0020,4.3700,10.1030,0,0,23,4,0,0,1,1,136372,0.0,0.0,0.0,0.0,0,0,0,0
31,8.3550,0.0020,4.4700,12.8270,0,0,23,4,0,0,1,1,136372,0.0,0.0,0.0,0.0,0,0,0,0
32,4.3450,0.0020,4.1170,8.4640,0,0,23,4,0,0,1,1,136372,0.0,0.0,0.0,0.0,0,0,0,0
33,9.3580,0.0020,8.9390,18.2990,0,0,23,4,0,0,1,1,136372,0.0,0.0,0.0,0.0,0,0,0,0
34,4.6210,0.0020,4.3420,8.9650,0,0,23,4,0,0,1,1,136372,0.0,0.0,0.0,0.0,0,0,0,0
35,5.3500,0.0020,4.4020,9.7540,0,0,23,4,0,0,1,1,136372,0.0,0.0,0.0,0.0,0,0,0,0
36,5.6960,0.0020,127.5500,133.2480,0,0,23,4,0,0,1,1,136372,0.0,0.0,0.0,0.0,0,0,0,0
37,18.3750,0.0020,6.4900,24.8670,0,0,23,4,0,0,1,1,136372,0.0,0.0,0.0,0.0,0,0,0,0
38,7.3570,0.0030,5.2990,12.6590,0,0,23,4,0,0,1,1,136372,0.0,0.0,0.0,0.0,0,0,0,0
39,7.3700,0.0020,6.0820,13.4540,0,0,23,4,0,0,1,1,136372,0.0,0.0,0.0,0.0,0,0,0,0
40,15.4400,0.0020,13.6930,29.1350,0,0,23,4,0,0,1,1,136372,0.0,0.0,0.0,0.0,0,0,0,0
41,27.5280,0.0020,7.9250,35.4550,0,0,23,4,0,0,1,1,136372,0.0,0.0,0.0,0.0,0,0,0,0
42,7.3520,0.0020,5.2820,12.6360,0,0,23,4,0,0,1,1,136372,0.0,0.0,0.0,0.0,0,0,0,0
43,4.6520,0.0020,4.9830,9.6370,0,0,23,4,0,0,1,1,136372,0.0,0.0,0.0,0.0,0,0,0,0
44,22.3750,0.0030,11.4180,33.7960,0,0,23,4,0,0,1,1,136372,0.0,0.0,0.0,0.0,0,0,0,0
45,5.3480,0.0020,8.4920,13.8420,0,0,23,4,0,0,1,1,136372,0.0,0.0,0.0,0.0,0,0,0,0
46,27.3950,0.0020,23.3460,50.7430,0,0,23,4,0,0,1,1,136372,0.0,0.0,0.0,0.0,0,0,0,0
47,6.6560,0.0030,7.2390,13.8980,0,0,23,4,0,0,1,1,136372,0.0,0.0,0.0,0.0,0,0,0,0
48,4.3500,0.0020,4.5490,8.9010,0,0,23,4,0,0,1,1,136372,0.0,0.0,0.0,0.0,0,0,0,0
49,8.3570,0.0020,8.7710,17.1300,0,0,23,4,0,0,1,1,136372,0.0,0.0,0.0,0.0,0,0,0,0
#stack 1808
#end
#block connect TLS
#lib wolfSSL 5.9.4
iter,tcp_ms,tls_ms,mqtt_ms,total_ms,hs_tx_B,hs_rx_B,mqtt_tx_B,mqtt_rx_B,hs_writes,hs_reads,writes,reads,free_heap_B,hs_keygen_us,hs_derive_us,hs_verify_us,hs_sign_us,hs_keygen_n,hs_derive_n,hs_verify_n,hs_sign_n
#suite TLS13-AES256-GCM-SHA384
0,5.4010,2277.3720,14.1170,2296.8900,1391,3051,45,568,2,12,3,18,134884,66312.0,70156.0,2027887.0,0.0,2,2,2,0
1,7.4470,2238.0630,12.7840,2258.2940,1391,3051,45,568,2,12,3,18,134884,66081.0,70092.0,2024839.0,0.0,2,2,2,0
2,5.3940,2242.4200,16.1880,2264.0020,1391,3051,45,568,2,12,3,18,134884,66200.0,70035.0,2026342.0,0.0,2,2,2,0
3,4.7700,2256.4270,14.2470,2275.4440,1391,3051,45,568,2,12,3,18,134884,66376.0,70830.0,2023798.0,0.0,2,2,2,0
4,5.4490,2253.6220,20.1630,2279.2340,1391,3051,45,568,2,12,3,18,134884,66401.0,70371.0,2035111.0,0.0,2,2,2,0
5,5.6640,2237.7230,14.4570,2257.8440,1391,3051,45,568,2,12,3,18,134884,66423.0,71639.0,2025493.0,0.0,2,2,2,0
6,21.4550,2252.6850,14.9090,2289.0490,1391,3051,45,568,2,12,3,18,134884,66114.0,70099.0,2030389.0,0.0,2,2,2,0
7,5.8390,2243.3350,13.1600,2262.3340,1391,3051,45,568,2,12,3,18,134884,66324.0,70153.0,2029801.0,0.0,2,2,2,0
8,4.5460,2243.4350,12.7580,2260.7390,1391,3051,45,568,2,12,3,18,134884,66263.0,70046.0,2029893.0,0.0,2,2,2,0
9,7.4710,2242.5840,13.0360,2263.0910,1391,3051,45,568,2,12,3,18,134884,66253.0,70087.0,2028694.0,0.0,2,2,2,0
10,4.6970,2241.8680,9.8320,2256.3970,1391,3051,45,568,2,12,3,18,134884,66302.0,71345.0,2031006.0,0.0,2,2,2,0
11,2534.9990,2243.3740,15.8280,4794.2010,1391,3051,45,568,2,12,3,18,134884,66356.0,70055.0,2028647.0,0.0,2,2,2,0
12,5.4450,2240.3720,13.0230,2258.8400,1391,3051,45,568,2,12,3,18,134884,66190.0,70049.0,2024586.0,0.0,2,2,2,0
13,25.4170,2244.6380,23.9650,2294.0200,1391,3051,45,568,2,12,3,18,134884,66365.0,70511.0,2026266.0,0.0,2,2,2,0
14,4.6710,2249.7310,12.8580,2267.2600,1391,3051,45,568,2,12,3,18,134884,66124.0,70427.0,2029513.0,0.0,2,2,2,0
15,9.4790,2252.8830,99.5880,2361.9500,1391,3051,45,568,2,12,3,18,134884,66126.0,69942.0,2034000.0,0.0,2,2,2,0
16,20.4290,2265.7480,49.0150,2335.1920,1391,3051,45,568,2,12,3,18,134884,66329.0,71595.0,2029700.0,0.0,2,2,2,0
17,21.6100,2261.0870,35.7650,2318.4620,1391,3051,45,568,2,12,3,18,134884,66530.0,71256.0,2026747.0,0.0,2,2,2,0
18,11.6210,2264.7830,52.5970,2329.0010,1391,3051,45,568,2,12,3,18,134884,66202.0,70716.0,2027864.0,0.0,2,2,2,0
19,25.5810,2299.9380,35.9540,2361.4730,1391,3051,45,568,2,12,3,18,134884,66067.0,70040.0,2028950.0,0.0,2,2,2,0
20,25.4570,2247.7550,39.9130,2313.1250,1391,3051,45,568,2,12,3,18,134884,66678.0,70065.0,2028445.0,0.0,2,2,2,0
21,36.4310,2263.7330,39.7130,2339.8770,1391,3051,45,568,2,12,3,18,134884,66221.0,70025.0,2028785.0,0.0,2,2,2,0
22,39.6470,2263.1660,30.9790,2333.7920,1391,3051,45,568,2,12,3,18,134884,66348.0,70063.0,2027680.0,0.0,2,2,2,0
23,29.5090,2255.2860,67.3950,2352.1900,1391,3051,45,568,2,12,3,18,134884,66114.0,70033.0,2027350.0,0.0,2,2,2,0
24,38.7900,2289.1600,39.7910,2367.7410,1391,3051,45,568,2,12,3,18,134884,66237.0,71563.0,2025769.0,0.0,2,2,2,0
25,53.7130,2281.4720,74.2350,2409.4200,1391,3051,45,568,2,12,3,18,134884,66533.0,70050.0,2026412.0,0.0,2,2,2,0
26,58.6530,2257.2070,45.8660,2361.7260,1391,3051,45,568,2,12,3,18,134884,66153.0,71658.0,2029849.0,0.0,2,2,2,0
27,28.5820,2246.4040,146.3100,2421.2960,1391,3051,45,568,2,12,3,18,134884,66171.0,71129.0,2030202.0,0.0,2,2,2,0
28,26.4520,2259.4410,483.3610,2769.2540,1391,3051,45,568,2,12,3,18,134884,66352.0,71313.0,2026364.0,0.0,2,2,2,0
29,25.6360,2272.2990,48.4150,2346.3500,1391,3051,45,568,2,12,3,18,134884,66202.0,70638.0,2025323.0,0.0,2,2,2,0
30,39.6070,2256.2450,29.5520,2325.4040,1391,3051,45,568,2,12,3,18,134884,66239.0,71342.0,2023139.0,0.0,2,2,2,0
31,42.4270,2257.2040,55.3100,2354.9410,1391,3051,45,568,2,12,3,18,134884,66161.0,71295.0,2035272.0,0.0,2,2,2,0
32,4.5740,2243.4440,9.2190,2257.2370,1391,3051,45,568,2,12,3,18,134884,66226.0,71652.0,2028462.0,0.0,2,2,2,0
33,4.4220,2258.7940,16.9690,2280.1850,1391,3051,45,568,2,12,3,18,134884,66261.0,71085.0,2026800.0,0.0,2,2,2,0
34,5.4000,2232.2460,17.2570,2254.9030,1391,3051,45,568,2,12,3,18,134884,66264.0,70161.0,2024703.0,0.0,2,2,2,0
35,6.6540,2238.7250,14.3160,2259.6950,1391,3051,45,568,2,12,3,18,134884,66253.0,69931.0,2028675.0,0.0,2,2,2,0
36,49.4880,2253.8290,12.4280,2315.7450,1391,3051,45,568,2,12,3,18,134884,66352.0,70119.0,2023932.0,0.0,2,2,2,0
37,5.4340,2237.6040,13.1560,2256.1940,1391,3051,45,568,2,12,3,18,134884,66236.0,70073.0,2024451.0,0.0,2,2,2,0
38,9.4180,2241.5040,25.8680,2276.7900,1391,3051,45,568,2,12,3,18,134884,66155.0,70043.0,2026513.0,0.0,2,2,2,0
39,30.4200,2255.2070,12.1690,2297.7960,1391,3051,45,568,2,12,3,18,134884,66231.0,70403.0,2027029.0,0.0,2,2,2,0
40,4.6060,2252.3910,15.6570,2272.6540,1391,3051,45,568,2,12,3,18,134884,66190.0,70182.0,2028744.0,0.0,2,2,2,0
41,5.4190,2244.5550,15.0630,2265.0370,1391,3051,45,568,2,12,3,18,134884,66350.0,70255.0,2025842.0,0.0,2,2,2,0
42,6.5620,2272.2100,12.8720,2291.6440,1391,3051,45,568,2,12,3,18,134884,66302.0,70019.0,2027091.0,0.0,2,2,2,0
43,9.4040,2241.4660,12.7430,2263.6130,1391,3051,45,568,2,12,3,18,134884,66200.0,70075.0,2027624.0,0.0,2,2,2,0
44,5.7660,2241.7300,12.6810,2260.1770,1391,3051,45,568,2,12,3,18,134884,66224.0,69952.0,2027382.0,0.0,2,2,2,0
45,8.4120,2249.8710,12.5520,2270.8350,1391,3051,45,568,2,12,3,18,134884,66095.0,71103.0,2028445.0,0.0,2,2,2,0
46,5.4520,2243.8600,13.1850,2262.4970,1391,3051,45,568,2,12,3,18,134884,66139.0,70608.0,2026103.0,0.0,2,2,2,0
47,4.4130,2241.3240,12.3320,2258.0690,1391,3051,45,568,2,12,3,18,134884,66314.0,70552.0,2024565.0,0.0,2,2,2,0
48,5.4120,2238.4850,14.7070,2258.6040,1391,3051,45,568,2,12,3,18,134884,66321.0,70138.0,2025738.0,0.0,2,2,2,0
49,5.5480,2246.3710,14.6390,2266.5580,1391,3051,45,568,2,12,3,18,134884,66396.0,70245.0,2029858.0,0.0,2,2,2,0
#heap 21951
#stack 12520
#end
#block connect mTLS
#lib wolfSSL 5.9.4
iter,tcp_ms,tls_ms,mqtt_ms,total_ms,hs_tx_B,hs_rx_B,mqtt_tx_B,mqtt_rx_B,hs_writes,hs_reads,writes,reads,free_heap_B,hs_keygen_us,hs_derive_us,hs_verify_us,hs_sign_us,hs_keygen_n,hs_derive_n,hs_verify_n,hs_sign_n
#suite TLS13-AES256-GCM-SHA384
0,5.4200,3613.6680,27.3510,3646.4390,3159,3237,45,2904,4,14,5,20,133140,66299.0,70717.0,2024615.0,1355128.0,2,2,2,1
1,5.5940,3610.8390,25.9390,3642.3720,3159,3237,45,2904,4,14,5,20,133140,66113.0,70482.0,2026026.0,1354962.0,2,2,2,1
2,5.4140,3610.0870,29.4950,3644.9960,3159,3237,45,2904,4,14,5,20,133140,66182.0,70056.0,2026890.0,1355167.0,2,2,2,1
3,5.4120,3608.4380,44.6250,3658.4750,3159,3237,45,2904,4,14,5,20,133140,66499.0,70153.0,2028481.0,1354422.0,2,2,2,1
4,5.4010,3616.1180,27.8300,3649.3490,3159,3237,45,2904,4,14,5,20,133140,66097.0,70392.0,2027809.0,1353599.0,2,2,2,1
5,4.7660,3630.6610,27.4430,3662.8700,3159,3237,45,2904,4,14,5,20,133140,66213.0,70104.0,2030501.0,1354241.0,2,2,2,1
6,4.5820,3627.8220,27.6050,3660.0090,3159,3237,45,2904,4,14,5,20,133140,66315.0,70055.0,2029558.0,1353723.0,2,2,2,1
7,5.4750,3633.2360,21.9360,3660.6470,3159,3237,45,2904,4,14,5,20,133140,66216.0,70061.0,2031029.0,1356201.0,2,2,2,1
8,6.3920,4987.0520,99.2210,5092.6650,3159,3237,45,2904,4,14,5,20,133140,66126.0,70657.0,2032651.0,2701670.0,2,2,2,1
9,7.5090,3641.8810,44.6320,3694.0220,3159,3237,45,2904,4,14,5,20,133140,66326.0,70034.0,2034991.0,1355694.0,2,2,2,1
10,5.4400,3619.1340,23.3180,3647.8920,3159,3237,45,2904,4,14,5,20,133140,66589.0,70021.0,2031173.0,1353223.0,2,2,2,1
11,4.6270,3627.7160,26.6410,3658.9840,3159,3237,45,2904,4,14,5,20,133140,66116.0,70505.0,2024151.0,1356535.0,2,2,2,1
12,5.4930,3626.9810,24.1660,3656.6400,3159,3237,45,2904,4,14,5,20,133140,66205.0,69951.0,2026839.0,1354758.0,2,2,2,1
13,5.4940,3637.1520,22.1390,3664.7850,3159,3237,45,2904,4,14,5,20,133140,66341.0,70022.0,2027380.0,1363434.0,2,2,2,1
14,4.4110,3624.2970,23.4730,3652.1810,3159,3237,45,2904,4,14,5,20,133140,66183.0,70503.0,2028484.0,1355523.0,2,2,2,1
15,6.3990,3638.6890,20.4420,3665.5300,3159,3237,45,2904,4,14,5,20,133140,66126.0,70711.0,2029470.0,1357990.0,2,2,2,1
16,16.4650,3625.7480,47.5190,3689.7320,3159,3237,45,2904,4,14,5,20,133140,66246.0,70023.0,2027642.0,1354340.0,2,2,2,1
17,4.3910,3618.8580,27.9170,3651.1660,3159,3237,45,2904,4,14,5,20,133140,66363.0,71290.0,2026483.0,1354473.0,2,2,2,1
18,4.6420,3622.3530,24.2580,3651.2530,3159,3237,45,2904,4,14,5,20,133140,66180.0,70462.0,2026156.0,1355822.0,2,2,2,1
19,5.3900,3616.0970,23.4930,3644.9800,3159,3237,45,2904,4,14,5,20,133140,66084.0,70061.0,2026187.0,1353529.0,2,2,2,1
20,5.5790,3607.0330,38.1440,3650.7560,3159,3237,45,2904,4,14,5,20,133140,66301.0,70055.0,2023657.0,1355874.0,2,2,2,1
21,6.4190,3603.0770,24.5850,3634.0810,3159,3237,45,2904,4,14,5,20,133140,66090.0,70418.0,2023220.0,1353920.0,2,2,2,1
22,5.4340,3619.8520,26.7240,3652.0100,3159,3237,45,2904,4,14,5,20,133140,66210.0,70048.0,2022162.0,1354845.0,2,2,2,1
23,5.4380,3623.2860,26.9380,3655.6620,3159,3237,45,2904,4,14,5,20,133140,66349.0,70224.0,2024864.0,1354835.0,2,2,2,1
24,6.6250,3616.8150,24.1850,3647.6250,3159,3237,45,2904,4,14,5,20,133140,66169.0,70517.0,2023234.0,1355882.0,2,2,2,1
25,4.4060,3660.6120,24.3470,3689.3650,3159,3237,45,2904,4,14,5,20,133140,66816.0,70690.0,2024784.0,1354648.0,2,2,2,1
26,5.4500,3622.7270,23.5010,3651.6780,3159,3237,45,2904,4,14,5,20,133140,66197.0,70135.0,2024041.0,1352705.0,2,2,2,1
27,5.4140,3627.1950,26.3940,3659.0030,3159,3237,45,2904,4,14,5,20,133140,66095.0,69953.0,2025476.0,1354619.0,2,2,2,1
28,9.4010,3620.8590,26.8480,3657.1080,3159,3237,45,2904,4,14,5,20,133140,66254.0,70726.0,2025093.0,1354413.0,2,2,2,1
29,4.8180,3624.4160,408.8600,4038.0940,3159,3237,45,2904,4,14,5,20,133140,66051.0,70430.0,2028897.0,1357800.0,2,2,2,1
30,10.7280,3608.1950,55.4360,3674.3590,3159,3237,45,2904,4,14,5,20,133140,66118.0,71354.0,2026613.0,1356026.0,2,2,2,1
31,6.4200,3606.4050,32.8450,3645.6700,3159,3237,45,2904,4,14,5,20,133140,66112.0,70089.0,2027956.0,1354714.0,2,2,2,1
32,6.4160,3614.0990,24.0930,3644.6080,3159,3237,45,2904,4,14,5,20,133140,66395.0,70211.0,2028821.0,1352242.0,2,2,2,1
33,5.4120,3632.3460,26.8030,3664.5610,3159,3237,45,2904,4,14,5,20,133140,66096.0,70516.0,2025825.0,1357027.0,2,2,2,1
34,6.4340,4975.3140,108.1210,5089.8690,3159,3237,45,2904,4,14,5,20,133140,66870.0,70162.0,2032701.0,2693565.0,2,2,2,1
35,6.4000,3632.8120,26.5840,3665.7960,3159,3237,45,2904,4,14,5,20,133140,66362.0,70031.0,2026065.0,1353693.0,2,2,2,1
36,7.4410,3632.2840,26.4300,3666.1550,3159,3237,45,2904,4,14,5,20,133140,66096.0,70424.0,2023879.0,1355219.0,2,2,2,1
37,5.5390,3620.7340,24.5440,3650.8170,3159,3237,45,2904,4,14,5,20,133140,66212.0,70063.0,2025152.0,1353878.0,2,2,2,1
38,4.4240,3621.5800,25.5470,3651.5510,3159,3237,45,2904,4,14,5,20,133140,66170.0,70088.0,2024634.0,1352430.0,2,2,2,1
39,5.3930,3622.0870,27.0290,3654.5090,3159,3237,45,2904,4,14,5,20,133140,66208.0,70094.0,2025239.0,1356168.0,2,2,2,1
40,5.5390,3634.8230,22.2220,3662.5840,3159,3237,45,2904,4,14,5,20,133140,67086.0,70547.0,2029159.0,1354612.0,2,2,2,1
41,4.4090,3613.6340,25.6710,3643.7140,3159,3237,45,2904,4,14,5,20,133140,66188.0,70107.0,2029162.0,1354293.0,2,2,2,1
42,9.5300,3609.2470,32.5870,3651.3640,3159,3237,45,2904,4,14,5,20,133140,66104.0,69973.0,2027374.0,1353252.0,2,2,2,1
43,3.4810,3615.8100,33.9880,3653.2790,3159,3237,45,2904,4,14,5,20,133140,66370.0,70243.0,2027236.0,1355569.0,2,2,2,1
44,4.4130,3616.8480,23.9090,3645.1700,3159,3237,45,2904,4,14,5,20,133140,66333.0,70040.0,2026754.0,1354610.0,2,2,2,1
45,6.4780,3627.9300,52.7670,3687.1750,3159,3237,45,2904,4,14,5,20,133140,66251.0,70001.0,2027496.0,1365375.0,2,2,2,1
46,6.4170,4953.8900,119.1290,5079.4360,3159,3237,45,2904,4,14,5,20,133140,66222.0,70701.0,2026023.0,2694533.0,2,2,2,1
47,6.3900,3609.7410,22.7730,3638.9040,3159,3237,45,2904,4,14,5,20,133140,66301.0,70100.0,2028785.0,1355444.0,2,2,2,1
48,7.5800,3611.9530,30.8200,3650.3530,3159,3237,45,2904,4,14,5,20,133140,66203.0,70631.0,2024198.0,1356327.0,2,2,2,1
49,10.4880,3605.9430,45.1130,3661.5440,3159,3237,45,2904,4,14,5,20,133140,66102.0,69947.0,2027175.0,1355569.0,2,2,2,1
#heap 23663
#stack 41512
#end
#block pipeline plain lorawan11 up
#aead LoRaWAN-1.1 AES-128-CTR+2xCMAC (BearSSL (arduino-pico)), uplink, 51 B payload + 13 B overhead
#lib none (plain MQTT)
iter,tcp_ms,tls_ms,mqtt_ms,total_ms,hs_tx_B,hs_rx_B,mqtt_tx_B,mqtt_rx_B,hs_writes,hs_reads,writes,reads,free_heap_B,hs_keygen_us,hs_derive_us,hs_verify_us,hs_sign_us,hs_keygen_n,hs_derive_n,hs_verify_n,hs_sign_n
msg,iter,idx,seal_us,rtt_us,open_us,tx_B,rx_B
whole,iter,first_ms,all_ms,msgs
0,4.3590,0.0020,27.2730,31.6340,0,0,23,4,0,0,1,1,136372,0.0,0.0,0.0,0.0,0,0,0,0
msg,0,0,844,5156,775,90,90
msg,0,1,708,6492,774,90,90
msg,0,2,695,4088,784,90,90
msg,0,3,707,3731,772,90,90
msg,0,4,708,3957,767,90,90
msg,0,5,707,6127,768,90,90
msg,0,6,676,3931,776,90,90
msg,0,7,699,3981,775,90,90
msg,0,8,706,3753,774,90,90
msg,0,9,705,7178,777,90,90
msg,0,10,696,26470,787,90,90
msg,0,11,711,5281,794,90,90
msg,0,12,705,4662,756,90,90
msg,0,13,678,9485,777,90,90
msg,0,14,778,5525,780,90,90
msg,0,15,702,4309,768,90,90
msg,0,16,699,4352,774,90,90
msg,0,17,705,4560,790,90,90
msg,0,18,703,6712,758,90,90
msg,0,19,675,4272,757,90,90
msg,0,20,752,4107,778,90,90
msg,0,21,699,4678,776,90,90
msg,0,22,679,26394,783,90,90
msg,0,23,710,4311,796,90,90
msg,0,24,702,5825,780,90,90
msg,0,25,707,5088,772,90,90
msg,0,26,702,6452,789,90,90
msg,0,27,706,4275,779,90,90
msg,0,28,707,4669,754,90,90
msg,0,29,677,6331,771,90,90
msg,0,30,708,6220,764,90,90
msg,0,31,703,3834,775,90,90
msg,0,32,699,3628,786,90,90
msg,0,33,706,4555,767,90,90
msg,0,34,701,27602,769,90,90
msg,0,35,677,5544,780,90,90
msg,0,36,695,6043,757,90,90
msg,0,37,677,4664,780,90,90
msg,0,38,693,4517,779,90,90
msg,0,39,705,4310,775,90,90
msg,0,40,699,4022,767,90,90
msg,0,41,673,6714,777,90,90
msg,0,42,707,8361,836,90,90
msg,0,43,705,3889,764,90,90
msg,0,44,676,6215,759,90,90
msg,0,45,673,26398,773,90,90
msg,0,46,675,5742,775,90,90
msg,0,47,701,4707,772,90,90
msg,0,48,700,5124,772,90,90
msg,0,49,703,5168,777,90,90
msg,0,50,703,5434,772,90,90
msg,0,51,704,4284,783,90,90
msg,0,52,701,3736,776,90,90
msg,0,53,701,5116,787,90,90
msg,0,54,734,5473,781,90,90
msg,0,55,702,3883,772,90,90
msg,0,56,706,6510,762,90,90
msg,0,57,681,22356,765,90,90
msg,0,58,684,6365,767,90,90
msg,0,59,673,5450,779,90,90
msg,0,60,677,4719,767,90,90
msg,0,61,705,5241,770,90,90
msg,0,62,711,4894,762,90,90
msg,0,63,681,3936,845,90,90
msg,0,64,702,4386,779,90,90
msg,0,65,704,6189,779,90,90
msg,0,66,697,6984,786,90,90
msg,0,67,676,4782,781,90,90
msg,0,68,705,7019,773,90,90
msg,0,69,703,27097,769,90,90
msg,0,70,675,4771,765,90,90
msg,0,71,699,3848,755,90,90
msg,0,72,673,4235,779,90,90
msg,0,73,705,4000,769,90,90
msg,0,74,710,3932,769,90,90
msg,0,75,677,3943,788,90,90
msg,0,76,703,4153,778,90,90
msg,0,77,708,6834,761,90,90
msg,0,78,680,4000,789,90,90
msg,0,79,704,6809,773,90,90
msg,0,80,674,3621,777,90,90
msg,0,81,700,7231,780,90,90
msg,0,82,700,21142,769,90,90
msg,0,83,674,4455,779,90,90
msg,0,84,681,4812,769,90,90
msg,0,85,700,8262,783,90,90
msg,0,86,702,4640,756,90,90
msg,0,87,701,3614,769,90,90
msg,0,88,675,4229,767,90,90
msg,0,89,684,4463,772,90,90
msg,0,90,671,4538,782,90,90
msg,0,91,698,7807,779,90,90
msg,0,92,702,4053,775,90,90
msg,0,93,704,6753,759,90,90
msg,0,94,678,22173,788,90,90
msg,0,95,706,3991,772,90,90
msg,0,96,704,5049,774,90,90
msg,0,97,786,4489,778,90,90
msg,0,98,710,6153,781,90,90
msg,0,99,675,5181,822,90,90
msg,0,100,684,6273,759,90,90
msg,0,101,673,4241,753,90,90
msg,0,102,707,5283,781,90,90
msg,0,103,703,3690,783,90,90
msg,0,104,677,4689,777,90,90
msg,0,105,697,4083,766,90,90
msg,0,106,706,5782,785,90,90
msg,0,107,702,26401,788,90,90
msg,0,108,701,5120,786,90,90
msg,0,109,708,3930,765,90,90
msg,0,110,675,3845,772,90,90
msg,0,111,705,3711,756,90,90
msg,0,112,680,4699,781,90,90
msg,0,113,700,4742,873,90,90
msg,0,114,683,5741,787,90,90
msg,0,115,705,3644,776,90,90
msg,0,116,707,3992,771,90,90
msg,0,117,703,3999,758,90,90
msg,0,118,759,3856,778,90,90
msg,0,119,700,3863,771,90,90
msg,0,120,676,3857,776,90,90
msg,0,121,708,22776,772,90,90
msg,0,122,682,3752,778,90,90
msg,0,123,697,6031,775,90,90
msg,0,124,674,4343,772,90,90
msg,0,125,678,4687,789,90,90
msg,0,126,701,6139,779,90,90
msg,0,127,706,4093,759,90,90
msg,0,128,674,3643,774,90,90
msg,0,129,710,4460,782,90,90
msg,0,130,708,7085,774,90,90
msg,0,131,704,4398,772,90,90
msg,0,132,704,4077,763,90,90
msg,0,133,681,4348,769,90,90
msg,0,134,672,22620,788,90,90
msg,0,135,703,3891,760,90,90
msg,0,136,675,4830,773,90,90
msg,0,137,696,6151,774,90,90
msg,0,138,668,6768,788,90,90
msg,0,139,699,3844,769,90,90
msg,0,140,670,6095,770,90,90
msg,0,141,704,4127,781,90,90
msg,0,142,709,5223,774,90,90
msg,0,143,697,10298,785,90,90
msg,0,144,701,3987,774,90,90
msg,0,145,670,4209,761,90,90
msg,0,146,677,24433,769,90,90
msg,0,147,678,5580,782,90,90
msg,0,148,697,4190,776,90,90
msg,0,149,676,4126,754,90,90
msg,0,150,675,4669,779,90,90
msg,0,151,702,4498,767,90,90
msg,0,152,704,4583,779,90,90
msg,0,153,703,14050,789,90,90
msg,0,154,701,5347,777,90,90
msg,0,155,703,3953,765,90,90
msg,0,156,673,3960,790,90,90
msg,0,157,701,3641,760,90,90
msg,0,158,674,26341,768,90,90
msg,0,159,678,4516,776,90,90
msg,0,160,672,4465,771,90,90
msg,0,161,675,4219,764,90,90
msg,0,162,679,5434,772,90,90
msg,0,163,672,4038,774,90,90
msg,0,164,700,3790,786,90,90
msg,0,165,697,9947,758,90,90
msg,0,166,699,6000,785,90,90
msg,0,167,700,3919,778,90,90
msg,0,168,678,4008,772,90,90
msg,0,169,694,4228,772,90,90
msg,0,170,824,20533,770,90,90
msg,0,171,675,7394,756,90,90
msg,0,172,675,3583,772,90,90
msg,0,173,695,3851,774,90,90
msg,0,174,704,3800,785,90,90
msg,0,175,695,4614,791,90,90
msg,0,176,711,3622,785,90,90
msg,0,177,702,4825,774,90,90
msg,0,178,709,5306,773,90,90
msg,0,179,706,4203,782,90,90
msg,0,180,674,7108,758,90,90
msg,0,181,674,3964,775,90,90
msg,0,182,708,6322,789,90,90
msg,0,183,720,26353,778,90,90
msg,0,184,702,5804,774,90,90
msg,0,185,678,3914,786,90,90
msg,0,186,697,3814,780,90,90
msg,0,187,677,4169,761,90,90
msg,0,188,671,4559,777,90,90
msg,0,189,669,3920,785,90,90
msg,0,190,696,3338,776,90,90
msg,0,191,704,9861,844,90,90
msg,0,192,711,6109,783,90,90
msg,0,193,675,4778,779,90,90
msg,0,194,700,5590,785,90,90
msg,0,195,706,22828,792,90,90
msg,0,196,702,3680,778,90,90
msg,0,197,708,3696,758,90,90
msg,0,198,678,3877,783,90,90
msg,0,199,701,3976,776,90,90
whole,0,47.932,1688.130,200
1,4.3660,0.0030,5.6990,10.0680,0,0,23,4,0,0,1,1,136372,0.0,0.0,0.0,0.0,0,0,0,0
msg,1,0,822,7213,762,90,90
msg,1,1,766,3923,774,90,90
msg,1,2,706,3850,771,90,90
msg,1,3,676,5562,779,90,90
msg,1,4,695,7776,783,90,90
msg,1,5,704,27334,785,90,90
msg,1,6,705,4226,777,90,90
msg,1,7,705,3870,778,90,90
msg,1,8,706,3800,776,90,90
msg,1,9,703,3819,772,90,90
msg,1,10,709,3775,775,90,90
msg,1,11,795,3753,779,90,90
msg,1,12,677,4044,763,90,90
msg,1,13,697,5950,774,90,90
msg,1,14,700,7278,787,90,90
msg,1,15,698,6177,872,90,90
msg,1,16,717,6970,760,90,90
msg,1,17,676,21258,771,90,90
msg,1,18,683,4218,769,90,90
msg,1,19,701,4228,780,90,90
msg,1,20,703,5447,774,90,90
msg,1,21,704,3626,760,90,90
msg,1,22,670,3883,780,90,90
msg,1,23,709,3833,769,90,90
msg,1,24,681,4513,772,90,90
msg,1,25,697,5224,833,90,90
msg,1,26,682,7679,774,90,90
msg,1,27,703,5783,769,90,90
msg,1,28,675,6625,780,90,90
msg,1,29,695,6562,771,90,90
msg,1,30,699,26107,782,90,90
msg,1,31,704,4752,785,90,90
msg,1,32,705,4341,780,90,90
msg,1,33,714,6098,786,90,90
msg,1,34,710,4116,769,90,90
msg,1,35,701,4831,770,90,90
msg,1,36,707,6185,775,90,90
msg,1,37,707,4854,775,90,90
msg,1,38,674,8245,765,90,90
msg,1,39,669,5736,784,90,90
msg,1,40,705,7965,756,90,90
msg,1,41,669,22808,792,90,90
msg,1,42,779,6174,781,90,90
msg,1,43,701,5278,779,90,90
msg,1,44,702,3973,761,90,90
msg,1,45,686,3838,770,90,90
msg,1,46,706,4858,757,90,90
msg,1,47,676,4391,757,90,90
msg,1,48,673,4028,783,90,90
msg,1,49,705,4712,780,90,90
msg,1,50,672,6956,779,90,90
msg,1,51,706,4008,785,90,90
msg,1,52,710,3725,769,90,90
msg,1,53,710,35526,774,90,90
msg,1,54,682,3710,778,90,90
msg,1,55,700,3888,755,90,90
msg,1,56,672,3824,785,90,90
msg,1,57,699,4361,779,90,90
msg,1,58,701,3816,761,90,90
msg,1,59,673,5831,787,90,90
msg,1,60,711,3844,756,90,90
msg,1,61,667,3793,766,90,90
msg,1,62,701,5828,786,90,90
msg,1,63,702,3888,790,90,90
msg,1,64,701,4685,774,90,90
msg,1,65,698,3825,776,90,90
msg,1,66,709,25585,772,90,90
msg,1,67,706,6216,778,90,90
msg,1,68,699,5728,774,90,90
msg,1,69,694,4809,789,90,90
msg,1,70,699,3850,778,90,90
msg,1,71,705,3798,776,90,90
msg,1,72,698,4782,843,90,90
msg,1,73,705,3886,773,90,90
msg,1,74,708,5140,777,90,90
msg,1,75,681,6193,767,90,90
msg,1,76,681,4923,779,90,90
msg,1,77,704,7358,789,90,90
msg,1,78,708,20462,777,90,90
msg,1,79,705,4190,772,90,90
msg,1,80,713,6248,767,90,90
msg,1,81,704,5499,784,90,90
msg,1,82,696,4884,782,90,90
msg,1,83,676,5342,772,90,90
msg,1,84,680,3960,779,90,90
msg,1,85,697,4687,787,90,90
msg,1,86,674,6216,759,90,90
msg,1,87,677,7441,766,90,90
msg,1,88,675,3924,778,90,90
msg,1,89,697,4279,780,90,90
msg,1,90,696,35476,1202,90,90
msg,1,91,680,5170,768,90,90
msg,1,92,677,5273,757,90,90
msg,1,93,701,3965,833,90,90
msg,1,94,716,4545,781,90,90
msg,1,95,703,3848,774,90,90
msg,1,96,709,6702,842,90,90
msg,1,97,706,6667,766,90,90
msg,1,98,678,8634,781,90,90
msg,1,99,706,4420,771,90,90
msg,1,100,716,4182,774,90,90
msg,1,101,703,24656,782,90,90
msg,1,102,706,3970,768,90,90
msg,1,103,706,5591,787,90,90
msg,1,104,701,3562,769,90,90
msg,1,105,705,4860,775,90,90
msg,1,106,698,4587,779,90,90
msg,1,107,705,3824,768,90,90
msg,1,108,682,3959,777,90,90
msg,1,109,701,6385,780,90,90
msg,1,110,701,7623,764,90,90
msg,1,111,674,3968,775,90,90
msg,1,112,702,4059,777,90,90
msg,1,113,702,6044,761,90,90
msg,1,114,677,28819,794,90,90
msg,1,115,708,5339,774,90,90
msg,1,116,704,6516,772,90,90
msg,1,117,702,7071,779,90,90
msg,1,118,705,6624,778,90,90
msg,1,119,701,5797,780,90,90
msg,1,120,701,4397,789,90,90
msg,1,121,703,5800,774,90,90
msg,1,122,705,5413,753,90,90
msg,1,123,699,7651,781,90,90
msg,1,124,673,25402,785,90,90
msg,1,125,706,4295,777,90,90
msg,1,126,777,3969,765,90,90
msg,1,127,677,3765,776,90,90
msg,1,128,698,3863,751,90,90
msg,1,129,708,3843,779,90,90
msg,1,130,702,3848,762,90,90
msg,1,131,706,4553,766,90,90
msg,1,132,673,6274,767,90,90
msg,1,133,684,4165,774,90,90
msg,1,134,700,3642,773,90,90
msg,1,135,671,3934,789,90,90
msg,1,136,701,6680,757,90,90
msg,1,137,667,27344,823,90,90
msg,1,138,675,7453,778,90,90
msg,1,139,672,5315,773,90,90
msg,1,140,680,3917,793,90,90
msg,1,141,708,3918,781,90,90
msg,1,142,706,4025,765,90,90
msg,1,143,680,3954,789,90,90
msg,1,144,706,3915,784,90,90
msg,1,145,675,4313,781,90,90
msg,1,146,672,7557,771,90,90
msg,1,147,782,3826,766,90,90
msg,1,148,673,6751,774,90,90
msg,1,149,693,22369,789,90,90
msg,1,150,706,3967,760,90,90
msg,1,151,673,4447,756,90,90
msg,1,152,678,4179,758,90,90
msg,1,153,691,3789,776,90,90
msg,1,154,704,4693,770,90,90
msg,1,155,701,4433,777,90,90
msg,1,156,706,4354,781,90,90
msg,1,157,705,3866,781,90,90
msg,1,158,704,5129,774,90,90
msg,1,159,673,3419,771,90,90
msg,1,160,706,5221,786,90,90
msg,1,161,676,3834,776,90,90
msg,1,162,706,6106,773,90,90
msg,1,163,701,21430,785,90,90
msg,1,164,784,4005,771,90,90
msg,1,165,708,4016,764,90,90
msg,1,166,672,4931,776,90,90
msg,1,167,704,4014,788,90,90
msg,1,168,678,3982,768,90,90
msg,1,169,707,3926,775,90,90
msg,1,170,697,4381,779,90,90
msg,1,171,701,3906,766,90,90
msg,1,172,676,5827,775,90,90
msg,1,173,703,6744,767,90,90
msg,1,174,675,3722,769,90,90
msg,1,175,702,3542,774,90,90
msg,1,176,694,3991,776,90,90
msg,1,177,672,32831,799,90,90
msg,1,178,710,4223,777,90,90
msg,1,179,710,3773,768,90,90
msg,1,180,683,3952,777,90,90
msg,1,181,699,4547,773,90,90
msg,1,182,702,3948,781,90,90
msg,1,183,705,3555,786,90,90
msg,1,184,698,3927,778,90,90
msg,1,185,702,4535,778,90,90
msg,1,186,704,4758,815,90,90
msg,1,187,680,3703,774,90,90
msg,1,188,699,5297,776,90,90
msg,1,189,700,4594,777,90,90
msg,1,190,788,29885,787,90,90
msg,1,191,677,5196,762,90,90
msg,1,192,676,3845,779,90,90
msg,1,193,704,3889,770,90,90
msg,1,194,673,3894,781,90,90
msg,1,195,815,4480,769,90,90
msg,1,196,702,4131,778,90,90
msg,1,197,701,6454,767,90,90
msg,1,198,791,7267,773,90,90
msg,1,199,702,4034,776,90,90
whole,1,25.564,1680.461,200
2,4.8210,0.0020,22.1790,27.0020,0,0,23,4,0,0,1,1,136372,0.0,0.0,0.0,0.0,0,0,0,0
msg,2,0,843,3630,775,90,90
msg,2,1,714,5180,781,90,90
msg,2,2,706,4713,765,90,90
msg,2,3,672,7523,789,90,90
msg,2,4,675,4236,762,90,90
msg,2,5,678,3770,775,90,90
msg,2,6,696,3685,766,90,90
msg,2,7,709,4201,784,90,90
msg,2,8,705,6165,781,90,90
msg,2,9,699,4515,774,90,90
msg,2,10,705,6348,777,90,90
msg,2,11,703,26654,775,90,90
msg,2,12,750,4534,775,90,90
msg,2,13,708,6393,780,90,90
msg,2,14,699,3825,758,90,90
msg,2,15,704,4193,789,90,90
msg,2,16,714,4236,779,90,90
msg,2,17,705,5892,770,90,90
msg,2,18,700,3996,759,90,90
msg,2,19,679,5435,774,90,90
msg,2,20,672,6023,779,90,90
msg,2,21,700,5208,824,90,90
msg,2,22,709,4315,780,90,90
msg,2,23,705,3816,769,90,90
msg,2,24,680,25997,786,90,90
msg,2,25,707,6607,780,90,90
msg,2,26,683,5169,767,90,90
msg,2,27,682,5590,784,90,90
msg,2,28,674,4411,776,90,90
msg,2,29,699,7158,755,90,90
msg,2,30,689,4717,793,90,90
msg,2,31,700,5749,775,90,90
msg,2,32,708,3744,773,90,90
msg,2,33,695,3631,789,90,90
msg,2,34,708,8132,784,90,90
msg,2,35,704,27086,835,90,90
msg,2,36,674,4240,764,90,90
msg,2,37,671,4899,789,90,90
msg,2,38,703,3863,785,90,90
msg,2,39,674,6158,768,90,90
msg,2,40,684,7362,758,90,90
msg,2,41,674,7081,780,90,90
msg,2,42,705,6089,777,90,90
msg,2,43,706,4724,768,90,90
msg,2,44,705,4680,770,90,90
msg,2,45,778,5492,780,90,90
msg,2,46,702,3687,768,90,90
msg,2,47,703,28118,784,90,90
msg,2,48,709,4525,780,90,90
msg,2,49,699,6953,778,90,90
msg,2,50,706,6916,754,90,90
msg,2,51,673,6112,780,90,90
msg,2,52,702,5339,778,90,90
msg,2,53,708,4957,773,90,90
msg,2,54,700,6793,836,90,90
msg,2,55,700,4232,782,90,90
msg,2,56,711,3717,777,90,90
msg,2,57,674,3962,779,90,90
msg,2,58,705,20245,785,90,90
msg,2,59,785,4030,777,90,90
msg,2,60,704,4954,768,90,90
msg,2,61,678,4377,773,90,90
msg,2,62,673,4215,766,90,90
msg,2,63,667,5329,767,90,90
msg,2,64,674,3877,776,90,90
msg,2,65,700,5232,790,90,90
msg,2,66,704,9103,776,90,90
msg,2,67,670,7633,783,90,90
msg,2,68,705,4391,777,90,90
msg,2,69,821,4542,1178,90,90
msg,2,70,678,4482,776,90,90
msg,2,71,700,25052,765,90,90
msg,2,72,679,4985,843,90,90
msg,2,73,707,3782,837,90,90
msg,2,74,706,4284,780,90,90
msg,2,75,675,7792,776,90,90
msg,2,76,696,4097,780,90,90
msg,2,77,702,3964,759,90,90
msg,2,78,673,4014,774,90,90
msg,2,79,699,4069,774,90,90
msg,2,80,708,4909,770,90,90
msg,2,81,675,4173,772,90,90
msg,2,82,696,7104,777,90,90
msg,2,83,714,26728,765,90,90
msg,2,84,673,5164,783,90,90
msg,2,85,701,5299,784,90,90
msg,2,86,709,4045,778,90,90
msg,2,87,699,7438,776,90,90
msg,2,88,697,4732,767,90,90
msg,2,89,674,4004,783,90,90
msg,2,90,704,6354,771,90,90
msg,2,91,705,4074,779,90,90
msg,2,92,702,3491,787,90,90
msg,2,93,700,4233,773,90,90
msg,2,94,704,5333,778,90,90
msg,2,95,707,28023,784,90,90
msg,2,96,706,4928,773,90,90
msg,2,97,701,3839,785,90,90
msg,2,98,706,4251,785,90,90
msg,2,99,705,3908,773,90,90
msg,2,100,710,4013,772,90,90
msg,2,101,702,3914,775,90,90
msg,2,102,677,9375,781,90,90
msg,2,103,678,7962,786,90,90
msg,2,104,707,3942,769,90,90
msg,2,105,694,4253,777,90,90
msg,2,106,699,7265,783,90,90
msg,2,107,672,23903,782,90,90
msg,2,108,714,6226,784,90,90
msg,2,109,703,4113,775,90,90
msg,2,110,700,4479,771,90,90
msg,2,111,705,5769,817,90,90
msg,2,112,684,5289,768,90,90
msg,2,113,676,5360,760,90,90
msg,2,114,677,3705,775,90,90
msg,2,115,777,6892,765,90,90
msg,2,116,674,4004,773,90,90
msg,2,117,694,3723,757,90,90
msg,2,118,744,4826,791,90,90
msg,2,119,703,4672,758,90,90
msg,2,120,710,25234,777,90,90
msg,2,121,707,3942,780,90,90
msg,2,122,703,3910,754,90,90
msg,2,123,676,3791,766,90,90
msg,2,124,701,3919,770,90,90
msg,2,125,675,4383,762,90,90
msg,2,126,677,5052,774,90,90
msg,2,127,705,4478,838,90,90
msg,2,128,685,4234,770,90,90
msg,2,129,705,8901,786,90,90
msg,2,130,705,6213,768,90,90
msg,2,131,700,5735,773,90,90
msg,2,132,702,24242,784,90,90
msg,2,133,712,6559,781,90,90
msg,2,134,701,3908,771,90,90
msg,2,135,705,4073,772,90,90
msg,2,136,676,11584,783,90,90
msg,2,137,698,5032,756,90,90
msg,2,138,674,8630,781,90,90
msg,2,139,701,5952,762,90,90
msg,2,140,683,4725,784,90,90
msg,2,141,706,3904,753,90,90
msg,2,142,710,4108,769,90,90
msg,2,143,707,22134,784,90,90
msg,2,144,702,4045,793,90,90
msg,2,145,672,5206,762,90,90
msg,2,146,677,4086,772,90,90
msg,2,147,703,4265,783,90,90
msg,2,148,709,3855,777,90,90
msg,2,149,700,4018,761,90,90
msg,2,150,673,6330,825,90,90
msg,2,151,680,3878,774,90,90
msg,2,152,705,4690,766,90,90
msg,2,153,712,5987,767,90,90
msg,2,154,787,3705,760,90,90
msg,2,155,677,7798,774,90,90
msg,2,156,699,31356,784,90,90
msg,2,157,708,5516,775,90,90
msg,2,158,704,5102,775,90,90
msg,2,159,701,4255,788,90,90
msg,2,160,695,5199,777,90,90
msg,2,161,678,5590,772,90,90
msg,2,162,700,4236,784,90,90
msg,2,163,702,8106,760,90,90
msg,2,164,679,5164,759,90,90
msg,2,165,778,4812,777,90,90
msg,2,166,706,6185,777,90,90
msg,2,167,702,25656,791,90,90
msg,2,168,711,4947,769,90,90
msg,2,169,706,4994,762,90,90
msg,2,170,755,4892,768,90,90
msg,2,171,705,4675,764,90,90
msg,2,172,675,6202,777,90,90
msg,2,173,712,8334,777,90,90
msg,2,174,698,5687,772,90,90
msg,2,175,673,5632,778,90,90
msg,2,176,707,4307,776,90,90
msg,2,177,704,5261,772,90,90
msg,2,178,698,3896,765,90,90
msg,2,179,673,21792,788,90,90
msg,2,180,704,3515,783,90,90
msg,2,181,704,4547,773,90,90
msg,2,182,702,5446,764,90,90
msg,2,183,677,4199,773,90,90
msg,2,184,697,4109,784,90,90
msg,2,185,707,5496,779,90,90
msg,2,186,778,6809,774,90,90
msg,2,187,711,5532,787,90,90
msg,2,188,705,4972,785,90,90
msg,2,189,674,3896,776,90,90
msg,2,190,702,3855,786,90,90
msg,2,191,673,4723,769,90,90
msg,2,192,697,22977,785,90,90
msg,2,193,678,6695,776,90,90
msg,2,194,698,3613,781,90,90
msg,2,195,702,3772,772,90,90
msg,2,196,703,3863,771,90,90
msg,2,197,705,4081,776,90,90
msg,2,198,776,4482,779,90,90
msg,2,199,713,9920,778,90,90
whole,2,38.949,1717.861,200
#stack 2368
#end
#block pipeline plain lorawan11 down
#aead LoRaWAN-1.1 AES-128-CTR+2xCMAC (BearSSL (arduino-pico)), downlink, 51 B payload + 13 B overhead
#lib none (plain MQTT)
iter,tcp_ms,tls_ms,mqtt_ms,total_ms,hs_tx_B,hs_rx_B,mqtt_tx_B,mqtt_rx_B,hs_writes,hs_reads,writes,reads,free_heap_B,hs_keygen_us,hs_derive_us,hs_verify_us,hs_sign_us,hs_keygen_n,hs_derive_n,hs_verify_n,hs_sign_n
msg,iter,idx,seal_us,rtt_us,open_us,tx_B,rx_B
whole,iter,first_ms,all_ms,msgs
0,26.3960,0.0020,4.4530,30.8510,0,0,23,4,0,0,1,1,136372,0.0,0.0,0.0,0.0,0,0,0,0
msg,0,0,561,3725,583,90,90
msg,0,1,419,3941,519,90,90
msg,0,2,417,3851,510,90,90
msg,0,3,417,5717,514,90,90
msg,0,4,422,3887,525,90,90
msg,0,5,411,3741,519,90,90
msg,0,6,415,3963,526,90,90
msg,0,7,416,8435,504,90,90
msg,0,8,447,4409,518,90,90
msg,0,9,410,3704,508,90,90
msg,0,10,413,3884,517,90,90
msg,0,11,408,5526,514,90,90
msg,0,12,443,27968,507,90,90
msg,0,13,447,3795,499,90,90
msg,0,14,439,3975,505,90,90
msg,0,15,415,3504,514,90,90
msg,0,16,446,4009,496,90,90
msg,0,17,451,5456,527,90,90
msg,0,18,413,5514,512,90,90
msg,0,19,413,5695,503,90,90
msg,0,20,445,7935,513,90,90
msg,0,21,443,5748,503,90,90
msg,0,22,442,4376,512,90,90
msg,0,23,416,5229,498,90,90
msg,0,24,442,4677,522,90,90
msg,0,25,415,31711,523,90,90
msg,0,26,415,5886,529,90,90
msg,0,27,417,3975,519,90,90
msg,0,28,416,7541,500,90,90
msg,0,29,417,7020,527,90,90
msg,0,30,420,5132,517,90,90
msg,0,31,417,5537,530,90,90
msg,0,32,412,8255,515,90,90
msg,0,33,436,3842,506,90,90
msg,0,34,444,5082,510,90,90
msg,0,35,447,25392,520,90,90
msg,0,36,417,4134,516,90,90
msg,0,37,443,4351,501,90,90
msg,0,38,414,4860,507,90,90
msg,0,39,416,4722,503,90,90
msg,0,40,439,4331,504,90,90
msg,0,41,424,5405,512,90,90
msg,0,42,446,4752,499,90,90
msg,0,43,441,6082,506,90,90
msg,0,44,415,5782,508,90,90
msg,0,45,442,3858,505,90,90
msg,0,46,443,4002,499,90,90
msg,0,47,412,4454,504,90,90
msg,0,48,443,6117,507,90,90
msg,0,49,456,4179,511,90,90
msg,0,50,414,27236,525,90,90
msg,0,51,439,4230,501,90,90
msg,0,52,439,4145,513,90,90
msg,0,53,417,5199,522,90,90
msg,0,54,439,5552,516,90,90
msg,0,55,414,6191,511,90,90
msg,0,56,438,3897,516,90,90
msg,0,57,441,3999,514,90,90
msg,0,58,446,4793,501,90,90
msg,0,59,442,7266,503,90,90
msg,0,60,420,3709,568,90,90
msg,0,61,417,5137,519,90,90
msg,0,62,413,3846,518,90,90
msg,0,63,420,24958,521,90,90
msg,0,64,413,3639,510,90,90
msg,0,65,421,3677,503,90,90
msg,0,66,439,4137,500,90,90
msg,0,67,412,3912,496,90,90
msg,0,68,419,4177,524,90,90
msg,0,69,415,4121,507,90,90
msg,0,70,444,5678,515,90,90
msg,0,71,412,4674,527,90,90
msg,0,72,414,8161,508,90,90
msg,0,73,440,6641,515,90,90
msg,0,74,418,3644,522,90,90
msg,0,75,424,4250,518,90,90
msg,0,76,439,5148,498,90,90
msg,0,77,446,20301,523,90,90
msg,0,78,415,5082,523,90,90
msg,0,79,415,6841,515,90,90
msg,0,80,420,3969,514,90,90
msg,0,81,444,3843,515,90,90
msg,0,82,461,5199,508,90,90
msg,0,83,420,3529,508,90,90
msg,0,84,437,7777,617,90,90
msg,0,85,458,4319,535,90,90
msg,0,86,423,4791,499,90,90
msg,0,87,418,7016,513,90,90
msg,0,88,410,3999,514,90,90
msg,0,89,428,4154,503,90,90
msg,0,90,446,5670,516,90,90
msg,0,91,415,24949,515,90,90
msg,0,92,442,9442,523,90,90
msg,0,93,413,4968,521,90,90
msg,0,94,414,3885,523,90,90
msg,0,95,432,4086,519,90,90
msg,0,96,443,4280,504,90,90
msg,0,97,421,3716,511,90,90
msg,0,98,442,3919,499,90,90
msg,0,99,444,6071,492,90,90
msg,0,100,415,6868,512,90,90
msg,0,101,416,4046,519,90,90
msg,0,102,411,4219,510,90,90
msg,0,103,442,5971,499,90,90
msg,0,104,443,24970,512,90,90
msg,0,105,448,4823,496,90,90
msg,0,106,451,4988,502,90,90
msg,0,107,421,3974,507,90,90
msg,0,108,413,3715,505,90,90
msg,0,109,446,4549,513,90,90
msg,0,110,445,4149,501,90,90
msg,0,111,450,3712,517,90,90
msg,0,112,451,4588,516,90,90
msg,0,113,445,6054,501,90,90
msg,0,114,441,7717,520,90,90
msg,0,115,445,4190,504,90,90
msg,0,116,411,5154,518,90,90
msg,0,117,414,5946,520,90,90
msg,0,118,418,30140,528,90,90
msg,0,119,524,3622,513,90,90
msg,0,120,409,3860,523,90,90
msg,0,121,411,3834,519,90,90
msg,0,122,421,5635,530,90,90
msg,0,123,416,3825,513,90,90
msg,0,124,410,3794,504,90,90
msg,0,125,413,4145,527,90,90
msg,0,126,411,6426,502,90,90
msg,0,127,441,4768,502,90,90
msg,0,128,441,4128,496,90,90
msg,0,129,418,4703,501,90,90
msg,0,130,438,5774,502,90,90
msg,0,131,446,21456,520,90,90
msg,0,132,413,11624,499,90,90
msg,0,133,417,5710,506,90,90
msg,0,134,418,5055,502,90,90
msg,0,135,411,5481,506,90,90
msg,0,136,453,4899,504,90,90
msg,0,137,448,4835,498,90,90
msg,0,138,440,4293,515,90,90
msg,0,139,412,4911,520,90,90
msg,0,140,419,8104,516,90,90
msg,0,141,420,4705,517,90,90
msg,0,142,411,8231,516,90,90
msg,0,143,441,21424,521,90,90
msg,0,144,412,6772,496,90,90
msg,0,145,417,4497,509,90,90
msg,0,146,443,4345,523,90,90
msg,0,147,424,4753,501,90,90
msg,0,148,413,4393,510,90,90
msg,0,149,451,3800,520,90,90
msg,0,150,451,3731,527,90,90
msg,0,151,420,4863,515,90,90
msg,0,152,414,7824,508,90,90
msg,0,153,415,4885,527,90,90
msg,0,154,417,4129,499,90,90
msg,0,155,438,4141,499,90,90
msg,0,156,414,6354,519,90,90
msg,0,157,415,21273,507,90,90
msg,0,158,439,5146,498,90,90
msg,0,159,410,3954,523,90,90
msg,0,160,417,3788,510,90,90
msg,0,161,421,4506,504,90,90
msg,0,162,441,5868,493,90,90
msg,0,163,440,9216,509,90,90
msg,0,164,422,5613,504,90,90
msg,0,165,442,4843,502,90,90
msg,0,166,436,5842,502,90,90
msg,0,167,443,8468,512,90,90
msg,0,168,417,4658,522,90,90
msg,0,169,424,5576,502,90,90
msg,0,170,442,29134,527,90,90
msg,0,171,416,4392,508,90,90
msg,0,172,444,10188,507,90,90
msg,0,173,414,5667,514,90,90
msg,0,174,448,5330,523,90,90
msg,0,175,417,3748,515,90,90
msg,0,176,412,4238,520,90,90
msg,0,177,441,4124,504,90,90
msg,0,178,445,6368,510,90,90
msg,0,179,419,3861,512,90,90
msg,0,180,427,4060,515,90,90
msg,0,181,438,5237,516,90,90
msg,0,182,420,31724,508,90,90
msg,0,183,443,4235,514,90,90
msg,0,184,420,11042,525,90,90
msg,0,185,417,8209,498,90,90
msg,0,186,441,3832,495,90,90
msg,0,187,449,3744,520,90,90
msg,0,188,438,6103,499,90,90
msg,0,189,442,4741,496,90,90
msg,0,190,439,4078,499,90,90
msg,0,191,521,4738,505,90,90
msg,0,192,441,5289,521,90,90
msg,0,193,412,4382,495,90,90
msg,0,194,447,27121,509,90,90
msg,0,195,419,4019,514,90,90
msg,0,196,415,4249,517,90,90
msg,0,197,431,4045,507,90,90
msg,0,198,446,18667,522,90,90
msg,0,199,438,4435,500,90,90
whole,0,41.568,1608.418,200
1,9.3520,0.0020,4.5260,13.8800,0,0,23,4,0,0,1,1,136372,0.0,0.0,0.0,0.0,0,0,0,0
msg,1,0,575,24736,506,90,90
msg,1,1,451,4093,503,90,90
msg,1,2,419,3565,499,90,90
msg,1,3,444,3759,495,90,90
msg,1,4,540,4936,531,90,90
msg,1,5,454,6677,503,90,90
msg,1,6,449,5007,500,90,90
msg,1,7,445,4161,524,90,90
msg,1,8,428,4391,505,90,90
msg,1,9,442,4854,501,90,90
msg,1,10,447,5493,518,90,90
msg,1,11,416,3733,528,90,90
msg,1,12,416,3669,496,90,90
msg,1,13,424,5946,507,90,90
msg,1,14,413,26460,511,90,90
msg,1,15,442,5210,499,90,90
msg,1,16,412,5129,604,90,90
msg,1,17,417,3630,524,90,90
msg,1,18,422,5228,513,90,90
msg,1,19,415,11586,528,90,90
msg,1,20,418,3891,519,90,90
msg,1,21,411,9842,573,90,90
msg,1,22,420,6585,504,90,90
msg,1,23,424,5372,514,90,90
msg,1,24,417,9211,514,90,90
msg,1,25,449,23698,524,90,90
msg,1,26,444,5198,500,90,90
msg,1,27,413,4182,522,90,90
msg,1,28,414,6228,514,90,90
msg,1,29,440,4033,493,90,90
msg,1,30,443,5670,522,90,90
msg,1,31,445,7136,505,90,90
msg,1,32,449,8690,494,90,90
msg,1,33,443,4113,507,90,90
msg,1,34,416,4481,520,90,90
msg,1,35,596,5693,520,90,90
msg,1,36,443,7743,514,90,90
msg,1,37,412,24891,520,90,90
msg,1,38,416,8506,511,90,90
msg,1,39,417,4899,510,90,90
msg,1,40,417,3848,500,90,90
msg,1,41,415,4086,511,90,90
msg,1,42,415,3645,508,90,90
msg,1,43,418,4726,499,90,90
msg,1,44,447,3611,504,90,90
msg,1,45,444,3569,515,90,90
msg,1,46,425,4841,524,90,90
msg,1,47,416,6824,522,90,90
msg,1,48,420,4280,496,90,90
msg,1,49,450,3730,520,90,90
msg,1,50,447,4362,498,90,90
msg,1,51,411,29807,508,90,90
msg,1,52,415,8591,510,90,90
msg,1,53,442,4356,516,90,90
msg,1,54,419,3884,510,90,90
msg,1,55,419,5346,509,90,90
msg,1,56,441,5051,503,90,90
msg,1,57,443,4092,511,90,90
msg,1,58,414,6285,516,90,90
msg,1,59,442,3910,512,90,90
msg,1,60,447,4234,494,90,90
msg,1,61,416,6108,521,90,90
msg,1,62,418,6038,519,90,90
msg,1,63,416,31627,512,90,90
msg,1,64,414,10926,526,90,90
msg,1,65,424,3912,515,90,90
msg,1,66,420,5530,565,90,90
msg,1,67,425,3681,495,90,90
msg,1,68,442,4747,496,90,90
msg,1,69,447,4302,497,90,90
msg,1,70,414,4697,512,90,90
msg,1,71,443,5908,504,90,90
msg,1,72,416,4882,501,90,90
msg,1,73,415,8156,524,90,90
msg,1,74,423,23677,508,90,90
msg,1,75,417,5676,509,90,90
msg,1,76,440,7162,524,90,90
msg,1,77,416,5553,498,90,90
msg,1,78,440,3773,501,90,90
msg,1,79,446,5043,502,90,90
msg,1,80,413,3886,498,90,90
msg,1,81,417,4959,497,90,90
msg,1,82,419,5156,528,90,90
msg,1,83,420,5005,521,90,90
msg,1,84,417,5856,509,90,90
msg,1,85,413,4279,515,90,90
msg,1,86,449,3924,500,90,90
msg,1,87,404,4564,513,90,90
msg,1,88,438,21256,510,90,90
msg,1,89,413,4954,512,90,90
msg,1,90,427,6215,517,90,90
msg,1,91,413,4095,499,90,90
msg,1,92,443,3974,565,90,90
msg,1,93,447,4472,514,90,90
msg,1,94,416,4739,514,90,90
msg,1,95,423,5895,512,90,90
msg,1,96,409,4409,505,90,90
msg,1,97,448,12460,521,90,90
msg,1,98,417,3901,519,90,90
msg,1,99,418,4092,498,90,90
msg,1,100,439,6157,504,90,90
msg,1,101,421,22110,526,90,90
msg,1,102,423,4409,512,90,90
msg,1,103,448,8056,502,90,90
msg,1,104,414,4458,511,90,90
msg,1,105,445,4705,529,90,90
msg,1,106,415,3689,516,90,90
msg,1,107,408,3684,492,90,90
msg,1,108,407,4048,521,90,90
msg,1,109,424,4959,519,90,90
msg,1,110,417,10345,501,90,90
msg,1,111,451,7529,516,90,90
msg,1,112,411,3764,521,90,90
msg,1,113,412,6109,513,90,90
msg,1,114,439,26587,532,90,90
msg,1,115,417,5393,500,90,90
msg,1,116,446,6376,571,90,90
msg,1,117,416,3918,521,90,90
msg,1,118,413,3888,515,90,90
msg,1,119,441,3960,507,90,90
msg,1,120,439,3792,575,90,90
msg,1,121,446,3671,514,90,90
msg,1,122,416,4045,506,90,90
msg,1,123,433,4888,514,90,90
msg,1,124,447,7491,518,90,90
msg,1,125,415,4204,513,90,90
msg,1,126,443,3889,509,90,90
msg,1,127,448,5101,514,90,90
msg,1,128,448,29745,507,90,90
msg,1,129,457,4362,522,90,90
msg,1,130,416,4285,501,90,90
msg,1,131,442,3939,508,90,90
msg,1,132,444,3684,509,90,90
msg,1,133,441,3990,501,90,90
msg,1,134,443,3734,508,90,90
msg,1,135,450,3938,511,90,90
msg,1,136,446,3635,512,90,90
msg,1,137,417,3789,516,90,90
msg,1,138,415,3974,514,90,90
msg,1,139,418,5244,505,90,90
msg,1,140,446,4503,523,90,90
msg,1,141,418,4927,517,90,90
msg,1,142,438,28394,510,90,90
msg,1,143,416,6668,494,90,90
msg,1,144,450,3714,512,90,90
msg,1,145,447,4006,501,90,90
msg,1,146,439,4777,496,90,90
msg,1,147,443,4009,495,90,90
msg,1,148,410,4663,510,90,90
msg,1,149,455,3877,500,90,90
msg,1,150,452,3707,521,90,90
msg,1,151,438,4181,493,90,90
msg,1,152,445,5167,523,90,90
msg,1,153,410,8733,500,90,90
msg,1,154,413,6216,526,90,90
msg,1,155,416,27555,518,90,90
msg,1,156,420,3999,517,90,90
msg,1,157,416,6910,528,90,90
msg,1,158,412,10243,502,90,90
msg,1,159,437,4536,526,90,90
msg,1,160,415,4707,529,90,90
msg,1,161,558,4513,897,90,90
msg,1,162,425,6277,507,90,90
msg,1,163,442,3667,516,90,90
msg,1,164,446,4528,514,90,90
msg,1,165,412,4674,505,90,90
msg,1,166,413,9202,519,90,90
msg,1,167,417,27757,525,90,90
msg,1,168,423,4813,532,90,90
msg,1,169,417,3852,517,90,90
msg,1,170,411,3700,499,90,90
msg,1,171,414,3672,495,90,90
msg,1,172,454,6149,500,90,90
msg,1,173,413,4038,518,90,90
msg,1,174,417,5189,514,90,90
msg,1,175,451,6304,505,90,90
msg,1,176,417,3862,500,90,90
msg,1,177,417,4412,508,90,90
msg,1,178,445,5277,512,90,90
msg,1,179,415,8083,514,90,90
msg,1,180,418,20579,512,90,90
msg,1,181,449,4330,516,90,90
msg,1,182,418,5290,509,90,90
msg,1,183,447,5639,516,90,90
msg,1,184,444,7298,506,90,90
msg,1,185,412,7293,523,90,90
msg,1,186,417,4059,512,90,90
msg,1,187,445,4891,564,90,90
msg,1,188,447,9356,530,90,90
msg,1,189,415,5642,500,90,90
msg,1,190,413,5926,508,90,90
msg,1,191,423,4684,502,90,90
msg,1,192,436,3835,501,90,90
msg,1,193,444,29020,507,90,90
msg,1,194,419,7069,522,90,90
msg,1,195,415,3903,521,90,90
msg,1,196,419,4650,495,90,90
msg,1,197,499,4350,517,90,90
msg,1,198,436,4721,514,90,90
msg,1,199,412,7109,501,90,90
whole,1,50.299,1630.250,200
2,7.5530,0.0020,4.4370,11.9920,0,0,23,4,0,0,1,1,136372,0.0,0.0,0.0,0.0,0,0,0,0
msg,2,0,583,3972,502,90,90
msg,2,1,422,25049,537,90,90
msg,2,2,417,3852,519,90,90
msg,2,3,416,3824,498,90,90
msg,2,4,416,3562,499,90,90
msg,2,5,441,3714,523,90,90
msg,2,6,438,3721,513,90,90
msg,2,7,414,5075,498,90,90
msg,2,8,437,3750,516,90,90
msg,2,9,445,5242,505,90,90
msg,2,10,420,7840,493,90,90
msg,2,11,453,7156,528,90,90
msg,2,12,415,4007,516,90,90
msg,2,13,417,3945,519,90,90
msg,2,14,413,4824,518,90,90
msg,2,15,408,29993,533,90,90
msg,2,16,449,4632,515,90,90
msg,2,17,416,3729,583,90,90
msg,2,18,419,3696,508,90,90
msg,2,19,418,3797,598,90,90
msg,2,20,420,4821,520,90,90
msg,2,21,426,3880,502,90,90
msg,2,22,422,3973,519,90,90
msg,2,23,415,5075,510,90,90
msg,2,24,414,4915,513,90,90
msg,2,25,414,4540,502,90,90
msg,2,26,414,4012,514,90,90
msg,2,27,407,3779,497,90,90
msg,2,28,421,4835,513,90,90
msg,2,29,537,26597,509,90,90
msg,2,30,445,4576,514,90,90
msg,2,31,447,4312,498,90,90
msg,2,32,416,3629,505,90,90
msg,2,33,445,5429,521,90,90
msg,2,34,416,6992,514,90,90
msg,2,35,434,4534,526,90,90
msg,2,36,412,4407,503,90,90
msg,2,37,446,5932,499,90,90
msg,2,38,444,3897,506,90,90
msg,2,39,454,3839,510,90,90
msg,2,40,446,3702,499,90,90
msg,2,41,447,3617,512,90,90
msg,2,42,418,5872,527,90,90
msg,2,43,408,25378,511,90,90
msg,2,44,427,4277,519,90,90
msg,2,45,411,4126,518,90,90
msg,2,46,446,5024,506,90,90
msg,2,47,446,6621,512,90,90
msg,2,48,445,5488,526,90,90
msg,2,49,410,5046,516,90,90
msg,2,50,416,4089,510,90,90
msg,2,51,437,6013,503,90,90
msg,2,52,453,3927,508,90,90
msg,2,53,441,3907,507,90,90
msg,2,54,441,4614,497,90,90
msg,2,55,450,7118,512,90,90
msg,2,56,445,27546,531,90,90
msg,2,57,445,6810,507,90,90
msg,2,58,443,5400,509,90,90
msg,2,59,415,4170,514,90,90
msg,2,60,413,4445,497,90,90
msg,2,61,417,4325,514,90,90
msg,2,62,415,3878,522,90,90
msg,2,63,412,5202,507,90,90
msg,2,64,441,10225,505,90,90
msg,2,65,419,4437,500,90,90
msg,2,66,448,3708,517,90,90
msg,2,67,440,3693,526,90,90
msg,2,68,424,5910,513,90,90
msg,2,69,417,20271,511,90,90
msg,2,70,449,4814,501,90,90
msg,2,71,442,5806,505,90,90
msg,2,72,445,4142,500,90,90
msg,2,73,417,4051,508,90,90
msg,2,74,411,4759,497,90,90
msg,2,75,490,5345,510,90,90
msg,2,76,442,3717,519,90,90
msg,2,77,412,5054,507,90,90
msg,2,78,443,6301,514,90,90
msg,2,79,419,6411,513,90,90
msg,2,80,444,5217,519,90,90
msg,2,81,413,3763,513,90,90
msg,2,82,440,5883,492,90,90
msg,2,83,443,20913,508,90,90
msg,2,84,441,5001,500,90,90
msg,2,85,412,5167,518,90,90
msg,2,86,423,4821,532,90,90
msg,2,87,417,5051,531,90,90
msg,2,88,453,4377,498,90,90
msg,2,89,410,4373,513,90,90
msg,2,90,443,5541,512,90,90
msg,2,91,431,4114,518,90,90
msg,2,92,449,6127,497,90,90
msg,2,93,447,7308,516,90,90
msg,2,94,413,4436,508,90,90
msg,2,95,442,4442,518,90,90
msg,2,96,414,6489,499,90,90
msg,2,97,420,25992,510,90,90
msg,2,98,419,4776,495,90,90
msg,2,99,416,4568,498,90,90
msg,2,100,444,3611,512,90,90
msg,2,101,417,4078,513,90,90
msg,2,102,447,4256,498,90,90
msg,2,103,415,3978,514,90,90
msg,2,104,424,3750,507,90,90
msg,2,105,419,4171,522,90,90
msg,2,106,421,4460,503,90,90
msg,2,107,443,3625,500,90,90
msg,2,108,443,6197,509,90,90
msg,2,109,419,3888,503,90,90
msg,2,110,420,4252,519,90,90
msg,2,111,415,4500,493,90,90
msg,2,112,419,27345,531,90,90
msg,2,113,443,4094,497,90,90
msg,2,114,442,3788,506,90,90
msg,2,115,444,3825,502,90,90
msg,2,116,444,3672,521,90,90
msg,2,117,416,3534,498,90,90
msg,2,118,418,3816,491,90,90
msg,2,119,419,4388,513,90,90
msg,2,120,434,4716,526,90,90
msg,2,121,417,7361,502,90,90
msg,2,122,445,6603,509,90,90
msg,2,123,440,5873,512,90,90
msg,2,124,448,4050,499,90,90
msg,2,125,447,26819,509,90,90
msg,2,126,452,4993,504,90,90
msg,2,127,417,4876,499,90,90
msg,2,128,420,3791,498,90,90
msg,2,129,444,5631,507,90,90
msg,2,130,446,3720,511,90,90
msg,2,131,439,3869,506,90,90
msg,2,132,442,4008,501,90,90
msg,2,133,442,3775,523,90,90
msg,2,134,443,6264,494,90,90
msg,2,135,416,9109,526,90,90
msg,2,136,419,4693,502,90,90
msg,2,137,423,4056,520,90,90
msg,2,138,414,4031,522,90,90
msg,2,139,419,33877,521,90,90
msg,2,140,423,4641,522,90,90
msg,2,141,412,3921,519,90,90
msg,2,142,413,4082,511,90,90
msg,2,143,414,3970,507,90,90
msg,2,144,444,3858,523,90,90
msg,2,145,450,5068,505,90,90
msg,2,146,441,6353,522,90,90
msg,2,147,412,3801,518,90,90
msg,2,148,414,4381,501,90,90
msg,2,149,444,3959,495,90,90
msg,2,150,445,3755,500,90,90
msg,2,151,447,3846,509,90,90
msg,2,152,449,26469,522,90,90
msg,2,153,536,3891,520,90,90
msg,2,154,909,4498,512,90,90
msg,2,155,449,3761,510,90,90
msg,2,156,414,3677,521,90,90
msg,2,157,417,3646,566,90,90
msg,2,158,420,4059,521,90,90
msg,2,159,410,4019,513,90,90
msg,2,160,414,3745,510,90,90
msg,2,161,409,4544,515,90,90
msg,2,162,415,4043,530,90,90
msg,2,163,415,6126,516,90,90
msg,2,164,411,3747,515,90,90
msg,2,165,414,3860,516,90,90
msg,2,166,415,5019,525,90,90
msg,2,167,414,30060,523,90,90
msg,2,168,444,6488,520,90,90
msg,2,169,420,3744,495,90,90
msg,2,170,416,5147,513,90,90
msg,2,171,411,3484,501,90,90
msg,2,172,412,3974,510,90,90
msg,2,173,412,3718,505,90,90
msg,2,174,440,3835,503,90,90
msg,2,175,443,6222,524,90,90
msg,2,176,415,6511,495,90,90
msg,2,177,443,5261,517,90,90
msg,2,178,414,4333,509,90,90
msg,2,179,450,4557,517,90,90
msg,2,180,415,30554,509,90,90
msg,2,181,413,4874,502,90,90
msg,2,182,423,4614,504,90,90
msg,2,183,446,3743,495,90,90
msg,2,184,448,3679,572,90,90
msg,2,185,453,3672,514,90,90
msg,2,186,420,3974,514,90,90
msg,2,187,438,4241,511,90,90
msg,2,188,446,7912,505,90,90
msg,2,189,823,7626,520,90,90
msg,2,190,427,5032,521,90,90
msg,2,191,411,5819,529,90,90
msg,2,192,417,4537,500,90,90
msg,2,193,452,22610,507,90,90
msg,2,194,440,6630,505,90,90
msg,2,195,415,4750,531,90,90
msg,2,196,413,4627,504,90,90
msg,2,197,414,4617,497,90,90
msg,2,198,440,3623,517,90,90
msg,2,199,439,4109,506,90,90
whole,2,24.194,1519.221,200
#stack 2296
#end
#block pipeline plain lorawan11_256 up
#aead AES-256-CTR+2xCMAC (LoRaWAN 1.1 frame, 256-bit keys) (BearSSL (arduino-pico)), uplink, 51 B payload + 13 B overhead
#lib none (plain MQTT)
iter,tcp_ms,tls_ms,mqtt_ms,total_ms,hs_tx_B,hs_rx_B,mqtt_tx_B,mqtt_rx_B,hs_writes,hs_reads,writes,reads,free_heap_B,hs_keygen_us,hs_derive_us,hs_verify_us,hs_sign_us,hs_keygen_n,hs_derive_n,hs_verify_n,hs_sign_n
msg,iter,idx,seal_us,rtt_us,open_us,tx_B,rx_B
whole,iter,first_ms,all_ms,msgs
0,5.3540,0.0020,4.3220,9.6780,0,0,23,4,0,0,1,1,136372,0.0,0.0,0.0,0.0,0,0,0,0
msg,0,0,1076,6666,1008,90,90
msg,0,1,951,3671,1000,90,90
msg,0,2,927,5146,1064,90,90
msg,0,3,937,5429,1006,90,90
msg,0,4,930,29550,1014,90,90
msg,0,5,1062,5247,1010,90,90
msg,0,6,938,4488,1008,90,90
msg,0,7,900,3901,1007,90,90
msg,0,8,1017,3722,1016,90,90
msg,0,9,905,4329,1008,90,90
msg,0,10,936,3865,1003,90,90
msg,0,11,933,3435,1010,90,90
msg,0,12,901,4705,1009,90,90
msg,0,13,930,6934,1007,90,90
msg,0,14,1028,5130,1001,90,90
msg,0,15,929,7198,1002,90,90
msg,0,16,932,26269,1016,90,90
msg,0,17,1385,4463,1002,90,90
msg,0,18,903,4193,1006,90,90
msg,0,19,931,5591,1071,90,90
msg,0,20,938,3876,1005,90,90
msg,0,21,937,4148,1002,90,90
msg,0,22,935,4149,995,90,90
msg,0,23,1010,6911,1012,90,90
msg,0,24,932,6451,998,90,90
msg,0,25,928,3827,1009,90,90
msg,0,26,936,6735,995,90,90
msg,0,27,932,25261,1015,90,90
msg,0,28,929,4247,1011,90,90
msg,0,29,932,3932,998,90,90
msg,0,30,906,3892,1015,90,90
msg,0,31,908,3853,1003,90,90
msg,0,32,904,3864,1013,90,90
msg,0,33,906,3850,1077,90,90
msg,0,34,905,4524,1004,90,90
msg,0,35,927,5693,1006,90,90
msg,0,36,935,6674,1008,90,90
msg,0,37,931,4106,1006,90,90
msg,0,38,942,4220,1000,90,90
msg,0,39,936,28518,1022,90,90
msg,0,40,939,5145,1011,90,90
msg,0,41,934,4159,1064,90,90
msg,0,42,938,4355,1005,90,90
msg,0,43,938,3791,1000,90,90
msg,0,44,929,4107,998,90,90
msg,0,45,1005,3877,1014,90,90
msg,0,46,937,3893,1024,90,90
msg,0,47,935,4045,1020,90,90
msg,0,48,927,6167,999,90,90
msg,0,49,929,4175,995,90,90
msg,0,50,928,4230,1015,90,90
msg,0,51,908,23752,1020,90,90
msg,0,52,939,4278,998,90,90
msg,0,53,928,4041,1003,90,90
msg,0,54,937,3872,1010,90,90
msg,0,55,930,3872,1003,90,90
msg,0,56,934,4524,997,90,90
msg,0,57,931,3814,1023,90,90
msg,0,58,934,4039,1005,90,90
msg,0,59,934,9035,996,90,90
msg,0,60,1012,6537,1000,90,90
msg,0,61,931,3650,996,90,90
msg,0,62,931,4117,1073,90,90
msg,0,63,935,4991,1006,90,90
msg,0,64,934,26834,1013,90,90
msg,0,65,927,3831,1008,90,90
msg,0,66,925,3887,1003,90,90
msg,0,67,930,5021,1007,90,90
msg,0,68,942,3870,1003,90,90
msg,0,69,944,3941,999,90,90
msg,0,70,930,4245,1002,90,90
msg,0,71,932,5807,1011,90,90
msg,0,72,932,5727,1011,90,90
msg,0,73,930,4351,1000,90,90
msg,0,74,935,3891,1011,90,90
msg,0,75,934,4061,1009,90,90
msg,0,76,931,27930,1019,90,90
msg,0,77,933,6009,1020,90,90
msg,0,78,936,3844,1005,90,90
msg,0,79,936,4989,1007,90,90
msg,0,80,938,4020,1012,90,90
msg,0,81,930,4386,1001,90,90
msg,0,82,935,3779,1000,90,90
msg,0,83,935,3851,1002,90,90
msg,0,84,1018,6550,1015,90,90
msg,0,85,908,4039,1002,90,90
msg,0,86,932,4791,1010,90,90
msg,0,87,924,4357,1005,90,90
msg,0,88,931,20397,1014,90,90
msg,0,89,932,5186,1010,90,90
msg,0,90,934,6281,999,90,90
msg,0,91,933,3881,1007,90,90
msg,0,92,923,5111,1011,90,90
msg,0,93,936,3969,1003,90,90
msg,0,94,933,3930,1007,90,90
msg,0,95,927,3957,1012,90,90
msg,0,96,940,3853,1002,90,90
msg,0,97,932,5230,1002,90,90
msg,0,98,936,3913,1018,90,90
msg,0,99,933,4163,1014,90,90
msg,0,100,901,3944,1006,90,90
msg,0,101,929,22913,1013,90,90
msg,0,102,945,4245,1010,90,90
msg,0,103,935,4783,1007,90,90
msg,0,104,934,4586,1067,90,90
msg,0,105,950,6778,1005,90,90
msg,0,106,1041,3978,1389,90,90
msg,0,107,949,3865,1012,90,90
msg,0,108,933,5518,1005,90,90
msg,0,109,931,6044,1011,90,90
msg,0,110,933,3895,1007,90,90
msg,0,111,934,4773,1005,90,90
msg,0,112,936,3927,1006,90,90
msg,0,113,933,23173,1011,90,90
msg,0,114,933,4988,1004,90,90
msg,0,115,914,4704,1005,90,90
msg,0,116,929,3841,1014,90,90
msg,0,117,930,3890,1011,90,90
msg,0,118,932,4473,1003,90,90
msg,0,119,929,3897,1065,90,90
msg,0,120,941,3868,1002,90,90
msg,0,121,935,3858,997,90,90
msg,0,122,935,7717,1005,90,90
msg,0,123,935,4255,1010,90,90
msg,0,124,930,6215,1017,90,90
msg,0,125,934,20445,1021,90,90
msg,0,126,1002,6496,1014,90,90
msg,0,127,937,6248,1006,90,90
msg,0,128,932,3930,1014,90,90
msg,0,129,937,3873,1006,90,90
msg,0,130,931,6591,1006,90,90
msg,0,131,937,3703,1016,90,90
msg,0,132,934,4318,1006,90,90
msg,0,133,932,7615,1002,90,90
msg,0,134,1021,3986,1013,90,90
msg,0,135,938,3893,1008,90,90
msg,0,136,930,5028,1004,90,90
msg,0,137,1066,26291,1012,90,90
msg,0,138,937,6360,1008,90,90
msg,0,139,900,4322,1001,90,90
msg,0,140,932,4564,1007,90,90
msg,0,141,938,4647,999,90,90
msg,0,142,922,4305,998,90,90
msg,0,143,930,4157,1015,90,90
msg,0,144,940,8343,1005,90,90
msg,0,145,935,3732,1076,90,90
msg,0,146,935,4388,1009,90,90
msg,0,147,940,4035,1005,90,90
msg,0,148,935,3711,1019,90,90
msg,0,149,935,24903,1012,90,90
msg,0,150,934,3925,1013,90,90
msg,0,151,934,4165,1010,90,90
msg,0,152,913,3989,1002,90,90
msg,0,153,933,4710,1008,90,90
msg,0,154,930,4655,1016,90,90
msg,0,155,930,5304,998,90,90
msg,0,156,934,5831,995,90,90
msg,0,157,931,6512,1012,90,90
msg,0,158,931,4388,998,90,90
msg,0,159,940,4149,1109,90,90
msg,0,160,941,5234,1009,90,90
msg,0,161,929,21383,1010,90,90
msg,0,162,933,5421,1002,90,90
msg,0,163,931,5303,1006,90,90
msg,0,164,937,5320,1017,90,90
msg,0,165,905,6247,1010,90,90
msg,0,166,935,4338,997,90,90
msg,0,167,930,4200,998,90,90
msg,0,168,1013,3930,1012,90,90
msg,0,169,930,7025,1008,90,90
msg,0,170,933,3854,1072,90,90
msg,0,171,930,3969,1013,90,90
msg,0,172,936,4643,998,90,90
msg,0,173,932,27070,1009,90,90
msg,0,174,932,6242,1019,90,90
msg,0,175,908,4953,1017,90,90
msg,0,176,930,4642,1077,90,90
msg,0,177,937,4502,1009,90,90
msg,0,178,927,4435,1009,90,90
msg,0,179,934,5092,1066,90,90
msg,0,180,930,3946,1017,90,90
msg,0,181,942,4071,1007,90,90
msg,0,182,932,3862,1006,90,90
msg,0,183,1049,6441,1000,90,90
msg,0,184,934,26341,1014,90,90
msg,0,185,932,4516,1018,90,90
msg,0,186,930,3859,1000,90,90
msg,0,187,932,3860,1003,90,90
msg,0,188,934,5387,1011,90,90
msg,0,189,901,3939,1010,90,90
msg,0,190,904,4535,1004,90,90
msg,0,191,926,3935,1011,90,90
msg,0,192,931,4493,1005,90,90
msg,0,193,931,5842,1002,90,90
msg,0,194,936,4465,1015,90,90
msg,0,195,922,33810,1015,90,90
msg,0,196,939,4947,1078,90,90
msg,0,197,906,5431,1009,90,90
msg,0,198,923,6680,1000,90,90
msg,0,199,928,4624,1011,90,90
whole,0,25.285,1747.374,200
1,4.5170,0.0020,4.5770,9.0960,0,0,23,4,0,0,1,1,136372,0.0,0.0,0.0,0.0,0,0,0,0
msg,1,0,1062,8131,1003,90,90
msg,1,1,1059,4178,1009,90,90
msg,1,2,936,5063,1000,90,90
msg,1,3,904,26104,1019,90,90
msg,1,4,931,4640,1010,90,90
msg,1,5,908,3841,1007,90,90
msg,1,6,906,4211,1061,90,90
msg,1,7,939,4382,1004,90,90
msg,1,8,927,4151,1002,90,90
msg,1,9,930,4172,1005,90,90
msg,1,10,1013,4150,1010,90,90
msg,1,11,933,4331,997,90,90
msg,1,12,929,4238,999,90,90
msg,1,13,937,4288,1014,90,90
msg,1,14,930,4190,999,90,90
msg,1,15,930,4192,1004,90,90
msg,1,16,931,23112,1013,90,90
msg,1,17,942,5058,1117,90,90
msg,1,18,939,4165,1019,90,90
msg,1,19,937,4320,1003,90,90
msg,1,20,907,4211,1001,90,90
msg,1,21,938,4691,1009,90,90
msg,1,22,936,4309,1012,90,90
msg,1,23,935,7862,996,90,90
msg,1,24,937,7016,1020,90,90
msg,1,25,931,4574,1002,90,90
msg,1,26,934,9097,1008,90,90
msg,1,27,1007,27675,1008,90,90
msg,1,28,930,4366,1003,90,90
msg,1,29,911,3877,1014,90,90
msg,1,30,902,4128,999,90,90
msg,1,31,930,4948,993,90,90
msg,1,32,933,3862,1012,90,90
msg,1,33,932,4019,1009,90,90
msg,1,34,928,6097,1008,90,90
msg,1,35,936,5663,1012,90,90
msg,1,36,940,4772,1005,90,90
msg,1,37,929,3822,1000,90,90
msg,1,38,936,4071,1020,90,90
msg,1,39,938,27536,1010,90,90
msg,1,40,931,3927,1002,90,90
msg,1,41,931,4167,1008,90,90
msg,1,42,934,3864,1001,90,90
msg,1,43,932,4893,1003,90,90
msg,1,44,938,4730,1014,90,90
msg,1,45,936,4326,1010,90,90
msg,1,46,933,5893,1007,90,90
msg,1,47,1080,5680,1015,90,90
msg,1,48,936,3866,1009,90,90
msg,1,49,931,3838,999,90,90
msg,1,50,927,3914,1071,90,90
msg,1,51,940,28119,1001,90,90
msg,1,52,934,4833,1004,90,90
msg,1,53,928,5207,1017,90,90
msg,1,54,934,6829,998,90,90
msg,1,55,929,4688,1063,90,90
msg,1,56,940,4666,995,90,90
msg,1,57,929,6438,1017,90,90
msg,1,58,933,6248,1008,90,90
msg,1,59,926,4404,1002,90,90
msg,1,60,933,6705,1010,90,90
msg,1,61,933,21168,1018,90,90
msg,1,62,938,4690,1005,90,90
msg,1,63,937,6353,1020,90,90
msg,1,64,902,5092,1003,90,90
msg,1,65,931,3914,997,90,90
msg,1,66,931,4629,1011,90,90
msg,1,67,906,3951,1014,90,90
msg,1,68,925,3865,1002,90,90
msg,1,69,934,4960,1004,90,90
msg,1,70,931,6694,1006,90,90
msg,1,71,904,4308,1004,90,90
msg,1,72,933,5314,1010,90,90
msg,1,73,938,22949,1141,90,90
msg,1,74,939,3656,1021,90,90
msg,1,75,932,4958,1008,90,90
msg,1,76,908,4876,1004,90,90
msg,1,77,902,4399,1012,90,90
msg,1,78,933,4710,998,90,90
msg,1,79,924,3839,1005,90,90
msg,1,80,928,4756,1018,90,90
msg,1,81,933,5951,1011,90,90
msg,1,82,938,8155,1002,90,90
msg,1,83,936,3865,1014,90,90
msg,1,84,937,3902,998,90,90
msg,1,85,933,4381,1001,90,90
msg,1,86,934,24736,1057,90,90
msg,1,87,906,5461,1012,90,90
msg,1,88,931,3684,1003,90,90
msg,1,89,926,4133,1073,90,90
msg,1,90,933,4461,1009,90,90
msg,1,91,932,6130,1004,90,90
msg,1,92,933,4195,1015,90,90
msg,1,93,942,3966,1011,90,90
msg,1,94,904,6561,1004,90,90
msg,1,95,931,4157,1008,90,90
msg,1,96,905,3889,1008,90,90
msg,1,97,904,4166,998,90,90
msg,1,98,929,25576,1017,90,90
msg,1,99,913,4273,1005,90,90
msg,1,100,937,5071,1007,90,90
msg,1,101,940,5219,1015,90,90
msg,1,102,937,4622,1007,90,90
msg,1,103,934,3843,1006,90,90
msg,1,104,935,3869,1016,90,90
msg,1,105,934,4753,1011,90,90
msg,1,106,934,8004,1013,90,90
msg,1,107,935,4216,1009,90,90
msg,1,108,926,6196,1006,90,90
msg,1,109,934,25204,1010,90,90
msg,1,110,944,6586,1013,90,90
msg,1,111,936,3913,998,90,90
msg,1,112,933,3998,1007,90,90
msg,1,113,933,4116,1008,90,90
msg,1,114,935,3848,1006,90,90
msg,1,115,931,4832,1019,90,90
msg,1,116,937,7168,998,90,90
msg,1,117,935,7248,1070,90,90
msg,1,118,935,4463,998,90,90
msg,1,119,925,7309,1006,90,90
msg,1,120,934,30202,1015,90,90
msg,1,121,932,5416,1009,90,90
msg,1,122,933,3906,1008,90,90
msg,1,123,934,4708,998,90,90
msg,1,124,932,5654,1008,90,90
msg,1,125,935,5205,1022,90,90
msg,1,126,937,4581,1002,90,90
msg,1,127,926,3891,996,90,90
msg,1,128,935,4407,1012,90,90
msg,1,129,930,4432,998,90,90
msg,1,130,929,6571,1005,90,90
msg,1,131,1009,21123,1011,90,90
msg,1,132,930,3962,999,90,90
msg,1,133,937,4119,1074,90,90
msg,1,134,944,4336,1001,90,90
msg,1,135,931,4661,1008,90,90
msg,1,136,906,5339,1078,90,90
msg,1,137,940,4183,1017,90,90
msg,1,138,936,4776,1006,90,90
msg,1,139,931,6076,1008,90,90
msg,1,140,902,7320,1007,90,90
msg,1,141,936,4665,998,90,90
msg,1,142,928,7125,1011,90,90
msg,1,143,933,23561,1005,90,90
msg,1,144,936,3872,1015,90,90
msg,1,145,932,4519,1012,90,90
msg,1,146,937,3935,1013,90,90
msg,1,147,934,4194,998,90,90
msg,1,148,936,4531,1118,90,90
msg,1,149,906,5433,1003,90,90
msg,1,150,934,5366,1017,90,90
msg,1,151,927,4190,1009,90,90
msg,1,152,927,4071,1010,90,90
msg,1,153,937,3877,1008,90,90
msg,1,154,939,5472,999,90,90
msg,1,155,930,3907,1002,90,90
msg,1,156,934,24346,1018,90,90
msg,1,157,938,4366,1054,90,90
msg,1,158,930,4173,1009,90,90
msg,1,159,940,3791,1005,90,90
msg,1,160,940,4666,1092,90,90
msg,1,161,939,4372,1038,90,90
msg,1,162,937,4801,1012,90,90
msg,1,163,937,10371,1065,90,90
msg,1,164,940,4173,1002,90,90
msg,1,165,930,3874,1002,90,90
msg,1,166,936,7040,1007,90,90
msg,1,167,937,20394,1022,90,90
msg,1,168,940,4955,998,90,90
msg,1,169,932,5424,997,90,90
msg,1,170,1002,4013,1016,90,90
msg,1,171,940,4330,1014,90,90
msg,1,172,944,4428,1015,90,90
msg,1,173,934,3913,1006,90,90
msg,1,174,931,4074,1000,90,90
msg,1,175,936,5999,1007,90,90
msg,1,176,933,5170,1005,90,90
msg,1,177,909,3877,1006,90,90
msg,1,178,911,6328,1012,90,90
msg,1,179,934,23933,1015,90,90
msg,1,180,936,4003,1003,90,90
msg,1,181,934,4032,1014,90,90
msg,1,182,935,3901,1004,90,90
msg,1,183,934,4123,1010,90,90
msg,1,184,930,3877,1013,90,90
msg,1,185,932,3856,1005,90,90
msg,1,186,936,3827,999,90,90
msg,1,187,925,4141,1010,90,90
msg,1,188,931,4349,1008,90,90
msg,1,189,935,7593,1005,90,90
msg,1,190,937,3858,1007,90,90
msg,1,191,940,5797,1025,90,90
msg,1,192,934,29938,1015,90,90
msg,1,193,939,7107,1006,90,90
msg,1,194,937,6589,1012,90,90
msg,1,195,942,6170,998,90,90
msg,1,196,930,7471,1010,90,90
msg,1,197,1012,6658,998,90,90
msg,1,198,931,4994,1005,90,90
msg,1,199,936,4190,1018,90,90
whole,1,25.116,1767.891,200
2,5.6390,0.0020,24.4760,30.1170,0,0,23,4,0,0,1,1,136372,0.0,0.0,0.0,0.0,0,0,0,0
msg,2,0,1070,4410,1012,90,90
msg,2,1,936,5644,1009,90,90
msg,2,2,953,4777,1010,90,90
msg,2,3,929,5047,1002,90,90
msg,2,4,933,4225,1079,90,90
msg,2,5,937,4310,1006,90,90
msg,2,6,924,4883,1007,90,90
msg,2,7,936,4286,1061,90,90
msg,2,8,936,4726,1005,90,90
msg,2,9,903,4147,1003,90,90
msg,2,10,930,4333,1057,90,90
msg,2,11,962,21619,1007,90,90
msg,2,12,937,5507,999,90,90
msg,2,13,932,5772,1010,90,90
msg,2,14,1042,5491,1017,90,90
msg,2,15,931,5494,997,90,90
msg,2,16,938,5540,996,90,90
msg,2,17,933,5300,1009,90,90
msg,2,18,933,5127,1005,90,90
msg,2,19,932,4073,1003,90,90
msg,2,20,909,6933,1015,90,90
msg,2,21,899,4648,1015,90,90
msg,2,22,938,24604,1072,90,90
msg,2,23,937,4843,1003,90,90
msg,2,24,938,5718,1085,90,90
msg,2,25,938,5349,1014,90,90
msg,2,26,906,6161,999,90,90
msg,2,27,928,4138,1012,90,90
msg,2,28,934,5337,1008,90,90
msg,2,29,906,5303,1002,90,90
msg,2,30,933,5543,1004,90,90
msg,2,31,929,4266,999,90,90
msg,2,32,934,6907,1007,90,90
msg,2,33,939,21135,1014,90,90
msg,2,34,933,4403,1002,90,90
msg,2,35,935,4490,1006,90,90
msg,2,36,927,4200,1014,90,90
msg,2,37,937,4065,1003,90,90
msg,2,38,937,7280,1002,90,90
msg,2,39,1016,4353,1005,90,90
msg,2,40,936,3683,1002,90,90
msg,2,41,938,5389,1011,90,90
msg,2,42,1013,7896,1007,90,90
msg,2,43,1054,4447,1031,90,90
msg,2,44,940,6294,1013,90,90
msg,2,45,909,23541,1011,90,90
msg,2,46,933,5703,1013,90,90
msg,2,47,943,4727,1014,90,90
msg,2,48,936,3955,1001,90,90
msg,2,49,929,4256,1011,90,90
msg,2,50,926,3872,1014,90,90
msg,2,51,937,3959,1014,90,90
msg,2,52,911,4110,1004,90,90
msg,2,53,928,4197,1013,90,90
msg,2,54,933,6914,1004,90,90
msg,2,55,935,3859,990,90,90
msg,2,56,935,6919,1015,90,90
msg,2,57,938,24666,1013,90,90
msg,2,58,932,5814,1010,90,90
msg,2,59,930,4900,1007,90,90
msg,2,60,927,3909,1003,90,90
msg,2,61,929,3860,1068,90,90
msg,2,62,944,4282,1013,90,90
msg,2,63,935,3936,1006,90,90
msg,2,64,933,4036,1001,90,90
msg,2,65,1015,4042,1005,90,90
msg,2,66,936,5387,1004,90,90
msg,2,67,935,4559,1006,90,90
msg,2,68,1017,5305,1009,90,90
msg,2,69,927,26537,1008,90,90
msg,2,70,938,4399,1005,90,90
msg,2,71,928,4477,1019,90,90
msg,2,72,934,3888,1012,90,90
msg,2,73,936,4345,1005,90,90
msg,2,74,929,3929,1013,90,90
msg,2,75,936,3927,1009,90,90
msg,2,76,934,3849,1007,90,90
msg,2,77,927,4548,1009,90,90
msg,2,78,936,9299,1002,90,90
msg,2,79,936,5519,1065,90,90
msg,2,80,945,5527,1009,90,90
msg,2,81,908,26383,1013,90,90
msg,2,82,937,4102,1010,90,90
msg,2,83,936,4761,1001,90,90
msg,2,84,935,4566,1047,90,90
msg,2,85,936,5629,1004,90,90
msg,2,86,929,3923,998,90,90
msg,2,87,936,4569,1017,90,90
msg,2,88,930,4981,1003,90,90
msg,2,89,934,7420,1004,90,90
msg,2,90,932,4848,1014,90,90
msg,2,91,935,6074,1007,90,90
msg,2,92,939,25146,1065,90,90
msg,2,93,901,4731,1007,90,90
msg,2,94,932,4187,1004,90,90
msg,2,95,936,6033,1011,90,90
msg,2,96,933,4674,998,90,90
msg,2,97,931,4058,1001,90,90
msg,2,98,928,3938,999,90,90
msg,2,99,933,5751,1013,90,90
msg,2,100,1083,3977,1384,90,90
msg,2,101,938,3912,1012,90,90
msg,2,102,932,3923,1005,90,90
msg,2,103,907,7265,1009,90,90
msg,2,104,940,25887,1011,90,90
msg,2,105,936,4091,1002,90,90
msg,2,106,934,3920,1001,90,90
msg,2,107,935,3934,1013,90,90
msg,2,108,943,3875,1000,90,90
msg,2,109,934,4480,1002,90,90
msg,2,110,927,4198,1021,90,90
msg,2,111,936,3699,1002,90,90
msg,2,112,936,5076,1003,90,90
msg,2,113,934,4704,1016,90,90
msg,2,114,929,3950,1001,90,90
msg,2,115,937,7880,1002,90,90
msg,2,116,938,24285,1016,90,90
msg,2,117,937,3995,983,90,90
msg,2,118,934,3915,989,90,90
msg,2,119,935,4053,1010,90,90
msg,2,120,933,4349,1006,90,90
msg,2,121,933,4034,1005,90,90
msg,2,122,906,4016,1007,90,90
msg,2,123,931,3858,1007,90,90
msg,2,124,928,4846,997,90,90
msg,2,125,929,4961,1008,90,90
msg,2,126,932,3915,1007,90,90
msg,2,127,932,3865,1000,90,90
msg,2,128,929,4361,1071,90,90
msg,2,129,940,28332,1011,90,90
msg,2,130,934,4116,1004,90,90
msg,2,131,941,4010,1003,90,90
msg,2,132,1020,4412,1008,90,90
msg,2,133,937,6289,1001,90,90
msg,2,134,934,4406,1063,90,90
msg,2,135,933,4941,1007,90,90
msg,2,136,930,4998,999,90,90
msg,2,137,938,7731,1009,90,90
msg,2,138,934,4202,1012,90,90
msg,2,139,936,5537,997,90,90
msg,2,140,1007,23598,1009,90,90
msg,2,141,927,6089,1005,90,90
msg,2,142,930,4072,1016,90,90
msg,2,143,940,4172,1004,90,90
msg,2,144,928,4111,1006,90,90
msg,2,145,928,5217,1009,90,90
msg,2,146,930,4524,1001,90,90
msg,2,147,928,6502,1002,90,90
msg,2,148,1012,4054,1014,90,90
msg,2,149,913,4665,1002,90,90
msg,2,150,938,3890,1004,90,90
msg,2,151,927,6397,1010,90,90
msg,2,152,934,24336,1011,90,90
msg,2,153,935,3732,1009,90,90
msg,2,154,1023,4565,1007,90,90
msg,2,155,931,4108,1004,90,90
msg,2,156,942,4094,1005,90,90
msg,2,157,932,4144,1007,90,90
msg,2,158,935,5370,1013,90,90
msg,2,159,931,3928,1023,90,90
msg,2,160,940,3823,1013,90,90
msg,2,161,934,6586,1001,90,90
msg,2,162,934,3865,1019,90,90
msg,2,163,931,6124,1010,90,90
msg,2,164,938,20885,1018,90,90
msg,2,165,930,6823,1007,90,90
msg,2,166,1015,4217,1009,90,90
msg,2,167,936,4638,1004,90,90
msg,2,168,932,4300,1008,90,90
msg,2,169,1021,4563,1007,90,90
msg,2,170,936,4631,1007,90,90
msg,2,171,936,4136,996,90,90
msg,2,172,1012,3859,1005,90,90
msg,2,173,929,6870,986,90,90
msg,2,174,928,4214,1070,90,90
msg,2,175,937,7156,1017,90,90
msg,2,176,930,38821,1024,90,90
msg,2,177,944,4407,1003,90,90
msg,2,178,931,4301,1019,90,90
msg,2,179,931,5538,1000,90,90
msg,2,180,933,4503,1003,90,90
msg,2,181,934,7851,1012,90,90
msg,2,182,936,7836,1002,90,90
msg,2,183,936,4200,1005,90,90
msg,2,184,930,6056,1007,90,90
msg,2,185,935,25401,1007,90,90
msg,2,186,930,5215,1017,90,90
msg,2,187,933,4302,1002,90,90
msg,2,188,938,4729,1006,90,90
msg,2,189,934,4800,1007,90,90
msg,2,190,935,3918,1009,90,90
msg,2,191,928,4550,1003,90,90
msg,2,192,936,6913,1014,90,90
msg,2,193,933,6421,1006,90,90
msg,2,194,912,4067,1004,90,90
msg,2,195,1020,3935,998,90,90
msg,2,196,933,3911,999,90,90
msg,2,197,941,26397,1021,90,90
msg,2,198,929,4964,1003,90,90
msg,2,199,903,4430,1007,90,90
whole,2,43.040,1790.237,200
#stack 2368
#end
#block pipeline plain lorawan11_256 down
#aead AES-256-CTR+2xCMAC (LoRaWAN 1.1 frame, 256-bit keys) (BearSSL (arduino-pico)), downlink, 51 B payload + 13 B overhead
#lib none (plain MQTT)
iter,tcp_ms,tls_ms,mqtt_ms,total_ms,hs_tx_B,hs_rx_B,mqtt_tx_B,mqtt_rx_B,hs_writes,hs_reads,writes,reads,free_heap_B,hs_keygen_us,hs_derive_us,hs_verify_us,hs_sign_us,hs_keygen_n,hs_derive_n,hs_verify_n,hs_sign_n
msg,iter,idx,seal_us,rtt_us,open_us,tx_B,rx_B
whole,iter,first_ms,all_ms,msgs
0,25.3760,0.0020,5.0930,30.4710,0,0,23,4,0,0,1,1,136372,0.0,0.0,0.0,0.0,0,0,0,0
msg,0,0,709,4423,649,90,90
msg,0,1,586,3658,649,90,90
msg,0,2,585,3724,636,90,90
msg,0,3,588,3920,653,90,90
msg,0,4,550,3582,662,90,90
msg,0,5,548,3874,659,90,90
msg,0,6,679,6586,652,90,90
msg,0,7,581,5526,650,90,90
msg,0,8,584,3868,691,90,90
msg,0,9,580,4312,645,90,90
msg,0,10,574,8418,645,90,90
msg,0,11,569,26357,665,90,90
msg,0,12,548,7729,657,90,90
msg,0,13,552,4675,661,90,90
msg,0,14,571,3857,650,90,90
msg,0,15,575,3831,633,90,90
msg,0,16,575,4768,713,90,90
msg,0,17,555,3957,661,90,90
msg,0,18,578,3879,638,90,90
msg,0,19,577,5153,647,90,90
msg,0,20,545,6837,657,90,90
msg,0,21,583,5356,650,90,90
msg,0,22,579,5872,654,90,90
msg,0,23,584,27966,641,90,90
msg,0,24,553,3825,651,90,90
msg,0,25,553,4507,650,90,90
msg,0,26,543,4368,644,90,90
msg,0,27,576,3893,657,90,90
msg,0,28,547,4671,661,90,90
msg,0,29,547,3886,651,90,90
msg,0,30,577,3807,648,90,90
msg,0,31,578,6852,637,90,90
msg,0,32,550,3822,647,90,90
msg,0,33,548,4894,653,90,90
msg,0,34,581,5971,628,90,90
msg,0,35,551,8479,693,90,90
msg,0,36,588,30373,657,90,90
msg,0,37,583,4929,636,90,90
msg,0,38,550,4279,654,90,90
msg,0,39,583,3918,639,90,90
msg,0,40,547,5089,652,90,90
msg,0,41,575,3545,662,90,90
msg,0,42,580,3910,638,90,90
msg,0,43,586,6144,652,90,90
msg,0,44,579,3606,650,90,90
msg,0,45,575,4854,712,90,90
msg,0,46,582,5545,645,90,90
msg,0,47,577,7597,643,90,90
msg,0,48,583,22819,644,90,90
msg,0,49,549,4944,646,90,90
msg,0,50,552,3678,647,90,90
msg,0,51,544,4873,643,90,90
msg,0,52,574,4398,658,90,90
msg,0,53,581,3997,637,90,90
msg,0,54,580,4041,748,90,90
msg,0,55,586,3888,647,90,90
msg,0,56,584,3927,627,90,90
msg,0,57,549,6119,646,90,90
msg,0,58,573,6355,651,90,90
msg,0,59,553,3867,646,90,90
msg,0,60,579,5390,653,90,90
msg,0,61,573,5880,649,90,90
msg,0,62,580,25747,645,90,90
msg,0,63,582,3882,649,90,90
msg,0,64,554,4623,659,90,90
msg,0,65,551,3945,657,90,90
msg,0,66,570,4346,654,90,90
msg,0,67,554,4209,646,90,90
msg,0,68,579,3756,636,90,90
msg,0,69,552,4705,653,90,90
msg,0,70,545,7455,644,90,90
msg,0,71,547,6970,647,90,90
msg,0,72,569,4231,634,90,90
msg,0,73,556,9718,656,90,90
msg,0,74,555,26393,647,90,90
msg,0,75,554,11361,651,90,90
msg,0,76,573,4141,651,90,90
msg,0,77,554,4371,642,90,90
msg,0,78,552,3932,662,90,90
msg,0,79,577,4544,649,90,90
msg,0,80,548,3706,646,90,90
msg,0,81,581,6442,659,90,90
msg,0,82,553,4212,633,90,90
msg,0,83,578,5818,633,90,90
msg,0,84,547,8092,652,90,90
msg,0,85,571,5163,659,90,90
msg,0,86,547,37549,653,90,90
msg,0,87,550,4341,640,90,90
msg,0,88,576,3968,661,90,90
msg,0,89,551,3766,654,90,90
msg,0,90,581,4192,633,90,90
msg,0,91,550,4035,647,90,90
msg,0,92,570,6355,657,90,90
msg,0,93,551,7431,640,90,90
msg,0,94,547,4615,705,90,90
msg,0,95,563,5333,645,90,90
msg,0,96,579,4312,651,90,90
msg,0,97,573,30765,655,90,90
msg,0,98,580,4400,653,90,90
msg,0,99,576,3882,644,90,90
msg,0,100,581,3774,643,90,90
msg,0,101,549,4276,656,90,90
msg,0,102,582,5594,637,90,90
msg,0,103,582,5442,655,90,90
msg,0,104,580,7026,640,90,90
msg,0,105,553,9715,652,90,90
msg,0,106,549,4521,640,90,90
msg,0,107,553,6507,634,90,90
msg,0,108,553,28412,639,90,90
msg,0,109,583,3994,661,90,90
msg,0,110,550,4082,647,90,90
msg,0,111,580,3907,748,90,90
msg,0,112,563,4560,638,90,90
msg,0,113,555,4470,632,90,90
msg,0,114,551,3733,632,90,90
msg,0,115,552,3928,659,90,90
msg,0,116,572,5129,638,90,90
msg,0,117,551,3530,636,90,90
msg,0,118,573,4019,649,90,90
msg,0,119,583,3842,658,90,90
msg,0,120,571,4057,631,90,90
msg,0,121,546,5200,644,90,90
msg,0,122,580,22577,661,90,90
msg,0,123,585,3951,639,90,90
msg,0,124,557,3874,650,90,90
msg,0,125,552,3706,649,90,90
msg,0,126,578,3846,658,90,90
msg,0,127,582,4422,647,90,90
msg,0,128,577,4129,630,90,90
msg,0,129,551,4010,646,90,90
msg,0,130,573,3896,642,90,90
msg,0,131,581,6296,660,90,90
msg,0,132,578,3789,648,90,90
msg,0,133,572,3661,648,90,90
msg,0,134,576,4389,647,90,90
msg,0,135,576,4094,650,90,90
msg,0,136,549,5571,648,90,90
msg,0,137,551,22805,659,90,90
msg,0,138,550,6238,638,90,90
msg,0,139,554,4406,647,90,90
msg,0,140,581,5819,643,90,90
msg,0,141,551,4016,644,90,90
msg,0,142,573,4261,635,90,90
msg,0,143,546,4153,659,90,90
msg,0,144,576,3733,634,90,90
msg,0,145,574,6142,645,90,90
msg,0,146,551,8017,655,90,90
msg,0,147,580,5124,649,90,90
msg,0,148,551,4154,633,90,90
msg,0,149,578,4739,645,90,90
msg,0,150,551,25102,657,90,90
msg,0,151,578,3984,643,90,90
msg,0,152,577,4863,655,90,90
msg,0,153,544,3981,649,90,90
msg,0,154,576,4327,650,90,90
msg,0,155,551,4087,641,90,90
msg,0,156,582,3956,641,90,90
msg,0,157,550,4733,653,90,90
msg,0,158,552,6500,637,90,90
msg,0,159,547,4047,650,90,90
msg,0,160,582,3732,646,90,90
msg,0,161,584,3797,634,90,90
msg,0,162,577,4228,654,90,90
msg,0,163,579,5719,650,90,90
msg,0,164,583,24863,639,90,90
msg,0,165,552,4238,658,90,90
msg,0,166,583,4293,664,90,90
msg,0,167,551,4239,641,90,90
msg,0,168,549,4341,648,90,90
msg,0,169,573,3832,634,90,90
msg,0,170,548,4226,696,90,90
msg,0,171,581,4920,634,90,90
msg,0,172,548,6256,647,90,90
msg,0,173,581,6219,657,90,90
msg,0,174,549,4270,637,90,90
msg,0,175,577,4220,646,90,90
msg,0,176,579,5035,695,90,90
msg,0,177,561,24675,638,90,90
msg,0,178,553,6064,657,90,90
msg,0,179,577,5100,651,90,90
msg,0,180,548,4410,638,90,90
msg,0,181,581,3864,653,90,90
msg,0,182,549,4730,658,90,90
msg,0,183,549,3901,649,90,90
msg,0,184,578,5031,633,90,90
msg,0,185,550,6156,661,90,90
msg,0,186,570,3898,627,90,90
msg,0,187,578,3732,634,90,90
msg,0,188,547,3972,652,90,90
msg,0,189,580,3884,650,90,90
msg,0,190,583,3888,638,90,90
msg,0,191,549,29697,638,90,90
msg,0,192,663,7391,641,90,90
msg,0,193,557,4233,651,90,90
msg,0,194,578,3926,636,90,90
msg,0,195,555,3927,657,90,90
msg,0,196,552,11235,634,90,90
msg,0,197,552,6004,658,90,90
msg,0,198,557,7282,643,90,90
msg,0,199,554,4096,657,90,90
whole,0,41.956,1627.157,200
1,4.3740,0.0020,27.6210,31.9970,0,0,23,4,0,0,1,1,136372,0.0,0.0,0.0,0.0,0,0,0,0
msg,1,0,720,6506,651,90,90
msg,1,1,585,4010,634,90,90
msg,1,2,561,4225,654,90,90
msg,1,3,577,4197,652,90,90
msg,1,4,547,3867,654,90,90
msg,1,5,576,3839,633,90,90
msg,1,6,581,3932,648,90,90
msg,1,7,558,5186,650,90,90
msg,1,8,571,5718,636,90,90
msg,1,9,577,7609,641,90,90
msg,1,10,583,5639,637,90,90
msg,1,11,576,20554,639,90,90
msg,1,12,577,4160,656,90,90
msg,1,13,683,5200,657,90,90
msg,1,14,560,3735,651,90,90
msg,1,15,546,3621,653,90,90
msg,1,16,551,4037,658,90,90
msg,1,17,580,4148,649,90,90
msg,1,18,549,3842,646,90,90
msg,1,19,569,3898,629,90,90
msg,1,20,590,3834,636,90,90
msg,1,21,554,4855,646,90,90
msg,1,22,544,6574,648,90,90
msg,1,23,546,3584,658,90,90
msg,1,24,555,3738,650,90,90
msg,1,25,551,5529,641,90,90
msg,1,26,550,24623,662,90,90
msg,1,27,548,5149,647,90,90
msg,1,28,579,6028,649,90,90
msg,1,29,551,3567,644,90,90
msg,1,30,549,4212,702,90,90
msg,1,31,593,4218,652,90,90
msg,1,32,580,3681,646,90,90
msg,1,33,576,4108,651,90,90
msg,1,34,549,7151,654,90,90
msg,1,35,583,3667,632,90,90
msg,1,36,583,4562,639,90,90
msg,1,37,579,4444,654,90,90
msg,1,38,578,3684,651,90,90
msg,1,39,577,4308,642,90,90
msg,1,40,572,24688,658,90,90
msg,1,41,579,5503,654,90,90
msg,1,42,576,3558,647,90,90
msg,1,43,581,4402,657,90,90
msg,1,44,545,5472,662,90,90
msg,1,45,546,4751,649,90,90
msg,1,46,550,4925,658,90,90
msg,1,47,585,3645,645,90,90
msg,1,48,579,5650,648,90,90
msg,1,49,589,4172,645,90,90
msg,1,50,552,3950,662,90,90
msg,1,51,572,3583,649,90,90
msg,1,52,582,3871,634,90,90
msg,1,53,549,4452,700,90,90
msg,1,54,577,32035,659,90,90
msg,1,55,549,6365,635,90,90
msg,1,56,554,5421,628,90,90
msg,1,57,571,4668,631,90,90
msg,1,58,550,3868,717,90,90
msg,1,59,552,3934,654,90,90
msg,1,60,578,3972,643,90,90
msg,1,61,548,3901,664,90,90
msg,1,62,551,6964,645,90,90
msg,1,63,583,4147,651,90,90
msg,1,64,549,4426,700,90,90
msg,1,65,551,5222,653,90,90
msg,1,66,585,28853,646,90,90
msg,1,67,553,5419,632,90,90
msg,1,68,656,5522,643,90,90
msg,1,69,577,4121,648,90,90
msg,1,70,571,3839,654,90,90
msg,1,71,590,3905,635,90,90
msg,1,72,553,3757,629,90,90
msg,1,73,555,3596,636,90,90
msg,1,74,552,3976,649,90,90
msg,1,75,580,8600,660,90,90
msg,1,76,574,4388,647,90,90
msg,1,77,549,3546,653,90,90
msg,1,78,546,4421,642,90,90
msg,1,79,558,26887,662,90,90
msg,1,80,552,3780,652,90,90
msg,1,81,581,4698,654,90,90
msg,1,82,576,3981,637,90,90
msg,1,83,558,5501,634,90,90
msg,1,84,576,5516,644,90,90
msg,1,85,577,3781,631,90,90
msg,1,86,551,3912,640,90,90
msg,1,87,552,6016,659,90,90
msg,1,88,579,7118,653,90,90
msg,1,89,553,3810,648,90,90
msg,1,90,571,4075,643,90,90
msg,1,91,551,5545,643,90,90
msg,1,92,575,26361,664,90,90
msg,1,93,579,3942,631,90,90
msg,1,94,550,3826,659,90,90
msg,1,95,553,6424,634,90,90
msg,1,96,556,6013,651,90,90
msg,1,97,573,4301,654,90,90
msg,1,98,554,4428,635,90,90
msg,1,99,556,4675,631,90,90
msg,1,100,552,4556,703,90,90
msg,1,101,552,5967,652,90,90
msg,1,102,575,4831,642,90,90
msg,1,103,579,3575,648,90,90
msg,1,104,583,3941,638,90,90
msg,1,105,551,24440,645,90,90
msg,1,106,576,3741,690,90,90
msg,1,107,558,3960,654,90,90
msg,1,108,572,3919,628,90,90
msg,1,109,582,3797,637,90,90
msg,1,110,549,3739,658,90,90
msg,1,111,553,3924,645,90,90
msg,1,112,572,3723,649,90,90
msg,1,113,577,3886,629,90,90
msg,1,114,578,7937,660,90,90
msg,1,115,552,10755,650,90,90
msg,1,116,578,3691,658,90,90
msg,1,117,577,4924,638,90,90
msg,1,118,579,30601,646,90,90
msg,1,119,580,3753,629,90,90
msg,1,120,556,3621,634,90,90
msg,1,121,557,4426,630,90,90
msg,1,122,584,3756,642,90,90
msg,1,123,558,4547,643,90,90
msg,1,124,684,5793,659,90,90
msg,1,125,579,9076,637,90,90
msg,1,126,583,3938,658,90,90
msg,1,127,547,3707,655,90,90
msg,1,128,552,3603,652,90,90
msg,1,129,551,3828,654,90,90
msg,1,130,578,4949,623,90,90
msg,1,131,658,26872,662,90,90
msg,1,132,553,4997,641,90,90
msg,1,133,581,4062,632,90,90
msg,1,134,547,3961,719,90,90
msg,1,135,586,5958,637,90,90
msg,1,136,576,5034,652,90,90
msg,1,137,550,5053,704,90,90
msg,1,138,584,7897,654,90,90
msg,1,139,545,4060,648,90,90
msg,1,140,581,4400,653,90,90
msg,1,141,575,3778,656,90,90
msg,1,142,582,4301,643,90,90
msg,1,143,545,3649,656,90,90
msg,1,144,579,31718,658,90,90
msg,1,145,586,5375,648,90,90
msg,1,146,550,3671,660,90,90
msg,1,147,576,3661,652,90,90
msg,1,148,575,4737,653,90,90
msg,1,149,572,4541,648,90,90
msg,1,150,657,3981,642,90,90
msg,1,151,545,6508,634,90,90
msg,1,152,551,3846,656,90,90
msg,1,153,549,4530,663,90,90
msg,1,154,553,4146,652,90,90
msg,1,155,580,8626,649,90,90
msg,1,156,594,31244,659,90,90
msg,1,157,585,3885,638,90,90
msg,1,158,581,3606,631,90,90
msg,1,159,570,4669,644,90,90
msg,1,160,577,5548,636,90,90
msg,1,161,577,3868,645,90,90
msg,1,162,550,3796,655,90,90
msg,1,163,550,3777,646,90,90
msg,1,164,584,3801,645,90,90
msg,1,165,584,5872,637,90,90
msg,1,166,549,4410,647,90,90
msg,1,167,570,3985,657,90,90
msg,1,168,549,4628,662,90,90
msg,1,169,550,25509,642,90,90
msg,1,170,551,6828,656,90,90
msg,1,171,551,4098,642,90,90
msg,1,172,576,3550,634,90,90
msg,1,173,579,4198,646,90,90
msg,1,174,572,4331,652,90,90
msg,1,175,552,4085,658,90,90
msg,1,176,579,4760,629,90,90
msg,1,177,574,7103,654,90,90
msg,1,178,548,5056,654,90,90
msg,1,179,583,4892,646,90,90
msg,1,180,550,3854,656,90,90
msg,1,181,547,4825,656,90,90
msg,1,182,589,30076,641,90,90
msg,1,183,550,5500,637,90,90
msg,1,184,550,5231,650,90,90
msg,1,185,578,5418,651,90,90
msg,1,186,1028,4920,661,90,90
msg,1,187,558,3867,650,90,90
msg,1,188,583,3948,636,90,90
msg,1,189,575,6267,654,90,90
msg,1,190,573,4025,631,90,90
msg,1,191,549,4092,650,90,90
msg,1,192,579,3905,658,90,90
msg,1,193,576,4097,661,90,90
msg,1,194,550,4891,652,90,90
msg,1,195,577,27610,663,90,90
msg,1,196,572,5792,641,90,90
msg,1,197,574,5195,650,90,90
msg,1,198,580,3809,650,90,90
msg,1,199,574,3682,651,90,90
whole,1,46.466,1597.902,200
2,4.3860,0.0020,4.3520,8.7400,0,0,23,4,0,0,1,1,136372,0.0,0.0,0.0,0.0,0,0,0,0
msg,2,0,695,6433,666,90,90
msg,2,1,549,3828,654,90,90
msg,2,2,570,3676,666,90,90
msg,2,3,579,6171,635,90,90
msg,2,4,552,25507,642,90,90
msg,2,5,550,5771,661,90,90
msg,2,6,555,5957,650,90,90
msg,2,7,571,4766,641,90,90
msg,2,8,579,4689,637,90,90
msg,2,9,573,3880,636,90,90
msg,2,10,550,3831,651,90,90
msg,2,11,549,3816,649,90,90
msg,2,12,576,5621,662,90,90
msg,2,13,577,6306,654,90,90
msg,2,14,548,3897,653,90,90
msg,2,15,574,3529,660,90,90
msg,2,16,576,3938,647,90,90
msg,2,17,581,31605,639,90,90
msg,2,18,580,3697,634,90,90
msg,2,19,548,3802,658,90,90
msg,2,20,550,3912,653,90,90
msg,2,21,569,3871,632,90,90
msg,2,22,588,3840,642,90,90
msg,2,23,554,3680,636,90,90
msg,2,24,554,7137,644,90,90
msg,2,25,576,5252,655,90,90
msg,2,26,556,6628,655,90,90
msg,2,27,548,3801,665,90,90
msg,2,28,574,3956,634,90,90
msg,2,29,576,6006,644,90,90
msg,2,30,543,23903,668,90,90
msg,2,31,650,6243,652,90,90
msg,2,32,546,5765,656,90,90
msg,2,33,579,6526,656,90,90
msg,2,34,581,5419,652,90,90
msg,2,35,556,4681,648,90,90
msg,2,36,554,3872,714,90,90
msg,2,37,585,4085,649,90,90
msg,2,38,551,4318,641,90,90
msg,2,39,578,5844,657,90,90
msg,2,40,546,4162,657,90,90
msg,2,41,584,4146,648,90,90
msg,2,42,550,3959,651,90,90
msg,2,43,572,29724,654,90,90
msg,2,44,581,4436,666,90,90
msg,2,45,582,4025,645,90,90
msg,2,46,550,5204,653,90,90
msg,2,47,580,5775,630,90,90
msg,2,48,581,4950,660,90,90
msg,2,49,548,4617,642,90,90
msg,2,50,550,6175,632,90,90
msg,2,51,583,3829,641,90,90
msg,2,52,549,3884,662,90,90
msg,2,53,574,5270,632,90,90
msg,2,54,546,6462,633,90,90
msg,2,55,570,26792,643,90,90
msg,2,56,553,3956,653,90,90
msg,2,57,584,5866,646,90,90
msg,2,58,572,3928,641,90,90
msg,2,59,549,3711,648,90,90
msg,2,60,558,13533,650,90,90
msg,2,61,551,3725,652,90,90
msg,2,62,546,6202,637,90,90
msg,2,63,579,7235,666,90,90
msg,2,64,582,4033,638,90,90
msg,2,65,549,4546,632,90,90
msg,2,66,574,33378,661,90,90
msg,2,67,588,3870,643,90,90
msg,2,68,549,4510,639,90,90
msg,2,69,567,4187,657,90,90
msg,2,70,577,3686,648,90,90
msg,2,71,578,5978,634,90,90
msg,2,72,559,4680,646,90,90
msg,2,73,553,5072,651,90,90
msg,2,74,578,4725,650,90,90
msg,2,75,575,6925,647,90,90
msg,2,76,552,3805,657,90,90
msg,2,77,556,4593,652,90,90
msg,2,78,550,4260,638,90,90
msg,2,79,576,26576,639,90,90
msg,2,80,575,4066,645,90,90
msg,2,81,574,3872,646,90,90
msg,2,82,577,3809,638,90,90
msg,2,83,583,3769,629,90,90
msg,2,84,556,3500,635,90,90
msg,2,85,548,3905,655,90,90
msg,2,86,555,3738,660,90,90
msg,2,87,578,4322,652,90,90
msg,2,88,554,5048,660,90,90
msg,2,89,576,7395,654,90,90
msg,2,90,579,6985,631,90,90
msg,2,91,575,5176,653,90,90
msg,2,92,580,27682,661,90,90
msg,2,93,580,3969,641,90,90
msg,2,94,585,4999,657,90,90
msg,2,95,551,4043,635,90,90
msg,2,96,571,3904,632,90,90
msg,2,97,554,3803,665,90,90
msg,2,98,555,3975,651,90,90
msg,2,99,577,5212,653,90,90
msg,2,100,553,7843,662,90,90
msg,2,101,580,5913,638,90,90
msg,2,102,580,4116,652,90,90
msg,2,103,574,3666,658,90,90
msg,2,104,571,5555,644,90,90
msg,2,105,569,21917,643,90,90
msg,2,106,581,4131,662,90,90
msg,2,107,558,4010,645,90,90
msg,2,108,580,3842,630,90,90
msg,2,109,550,3849,654,90,90
msg,2,110,556,3953,651,90,90
msg,2,111,574,5426,661,90,90
msg,2,112,573,5014,632,90,90
msg,2,113,577,4973,660,90,90
msg,2,114,561,7489,656,90,90
msg,2,115,555,5961,655,90,90
msg,2,116,574,3650,644,90,90
msg,2,117,578,4179,661,90,90
msg,2,118,547,3907,660,90,90
msg,2,119,576,24583,651,90,90
msg,2,120,572,3930,643,90,90
msg,2,121,586,3614,636,90,90
msg,2,122,584,3825,638,90,90
msg,2,123,560,3841,649,90,90
msg,2,124,544,4414,645,90,90
msg,2,125,554,3828,660,90,90
msg,2,126,549,3822,653,90,90
msg,2,127,579,5176,656,90,90
msg,2,128,565,5719,655,90,90
msg,2,129,567,8070,633,90,90
msg,2,130,583,4130,655,90,90
msg,2,131,576,3863,650,90,90
msg,2,132,577,4849,631,90,90
msg,2,133,553,27048,650,90,90
msg,2,134,569,3983,639,90,90
msg,2,135,575,3949,649,90,90
msg,2,136,550,3917,651,90,90
msg,2,137,581,4208,638,90,90
msg,2,138,546,3898,653,90,90
msg,2,139,575,3628,652,90,90
msg,2,140,577,3637,659,90,90
msg,2,141,690,4045,1007,90,90
msg,2,142,590,5038,632,90,90
msg,2,143,586,6963,653,90,90
msg,2,144,551,5146,645,90,90
msg,2,145,580,3963,661,90,90
msg,2,146,545,4144,644,90,90
msg,2,147,579,25061,653,90,90
msg,2,148,548,3843,658,90,90
msg,2,149,578,5128,633,90,90
msg,2,150,554,4395,649,90,90
msg,2,151,573,4651,650,90,90
msg,2,152,580,3825,633,90,90
msg,2,153,551,4209,652,90,90
msg,2,154,576,3449,656,90,90
msg,2,155,579,7512,645,90,90
msg,2,156,579,7165,643,90,90
msg,2,157,550,3912,658,90,90
msg,2,158,572,4904,644,90,90
msg,2,159,579,4895,638,90,90
msg,2,160,550,24202,654,90,90
msg,2,161,584,6149,651,90,90
msg,2,162,547,3796,647,90,90
msg,2,163,552,3721,659,90,90
msg,2,164,579,3788,646,90,90
msg,2,165,572,3781,638,90,90
msg,2,166,571,3862,648,90,90
msg,2,167,543,3871,659,90,90
msg,2,168,588,3789,652,90,90
msg,2,169,578,4353,645,90,90
msg,2,170,577,5049,642,90,90
msg,2,171,577,3799,632,90,90
msg,2,172,547,4326,635,90,90
msg,2,173,577,7488,652,90,90
msg,2,174,590,23869,653,90,90
msg,2,175,551,5936,650,90,90
msg,2,176,549,3955,658,90,90
msg,2,177,588,4660,644,90,90
msg,2,178,577,4772,627,90,90
msg,2,179,552,5632,640,90,90
msg,2,180,553,4501,636,90,90
msg,2,181,574,3688,638,90,90
msg,2,182,545,6105,651,90,90
msg,2,183,570,8061,638,90,90
msg,2,184,548,3583,631,90,90
msg,2,185,584,3602,635,90,90
msg,2,186,546,3951,656,90,90
msg,2,187,555,25468,649,90,90
msg,2,188,550,7185,640,90,90
msg,2,189,583,3926,643,90,90
msg,2,190,552,3637,643,90,90
msg,2,191,552,3758,657,90,90
msg,2,192,553,3692,645,90,90
msg,2,193,553,3888,658,90,90
msg,2,194,577,3993,634,90,90
msg,2,195,551,3520,633,90,90
msg,2,196,552,4368,645,90,90
msg,2,197,652,6086,663,90,90
msg,2,198,550,4009,644,90,90
msg,2,199,582,4200,650,90,90
whole,2,24.084,1571.482,200
#stack 2280
#end
#block pipeline TLS lorawan11 up
#aead LoRaWAN-1.1 AES-128-CTR+2xCMAC (BearSSL (arduino-pico)), uplink, 51 B payload + 13 B overhead
#lib wolfSSL 5.9.4
iter,tcp_ms,tls_ms,mqtt_ms,total_ms,hs_tx_B,hs_rx_B,mqtt_tx_B,mqtt_rx_B,hs_writes,hs_reads,writes,reads,free_heap_B,hs_keygen_us,hs_derive_us,hs_verify_us,hs_sign_us,hs_keygen_n,hs_derive_n,hs_verify_n,hs_sign_n
msg,iter,idx,seal_us,rtt_us,open_us,tx_B,rx_B
whole,iter,first_ms,all_ms,msgs
#suite TLS13-AES256-GCM-SHA384
0,27.7170,2242.7440,18.3230,2288.7840,1391,3051,45,568,2,12,3,18,134884,66217.0,71913.0,2026107.0,0.0,2,2,2,0
msg,0,0,832,5681,866,112,112
msg,0,1,726,6607,828,112,112
msg,0,2,689,6615,858,112,112
msg,0,3,717,12257,860,112,112
msg,0,4,737,5847,856,112,112
msg,0,5,721,5882,826,112,112
msg,0,6,689,7087,859,112,112
msg,0,7,687,24349,830,112,112
msg,0,8,681,6861,863,112,112
msg,0,9,729,5716,846,112,112
msg,0,10,686,6011,863,112,112
msg,0,11,686,6058,863,112,112
msg,0,12,715,6024,864,112,112
msg,0,13,716,12637,828,112,112
msg,0,14,685,5567,860,112,112
msg,0,15,717,5539,862,112,112
msg,0,16,714,5987,866,112,112
msg,0,17,712,23159,860,112,112
msg,0,18,718,7096,967,112,112
msg,0,19,725,6890,858,112,112
msg,0,20,716,7680,862,112,112
msg,0,21,719,5668,855,112,112
msg,0,22,713,5807,863,112,112
msg,0,23,679,6696,860,112,112
msg,0,24,730,10049,852,112,112
msg,0,25,718,7922,860,112,112
msg,0,26,684,28730,859,112,112
msg,0,27,722,7098,857,112,112
msg,0,28,719,6991,855,112,112
msg,0,29,722,6422,858,112,112
msg,0,30,725,5588,859,112,112
msg,0,31,719,8972,863,112,112
msg,0,32,838,5656,860,112,112
msg,0,33,714,7375,861,112,112
msg,0,34,724,6583,866,112,112
msg,0,35,726,6429,830,112,112
msg,0,36,689,22257,830,112,112
msg,0,37,690,6182,830,112,112
msg,0,38,684,5903,861,112,112
msg,0,39,721,6851,856,112,112
msg,0,40,713,6211,861,112,112
msg,0,41,721,6005,855,112,112
msg,0,42,712,8717,861,112,112
msg,0,43,714,7240,868,112,112
msg,0,44,714,5520,828,112,112
msg,0,45,693,33926,971,112,112
msg,0,46,692,6192,860,112,112
msg,0,47,682,6002,866,112,112
msg,0,48,715,5784,854,112,112
msg,0,49,717,5782,861,112,112
msg,0,50,689,5778,860,112,112
msg,0,51,720,8222,864,112,112
msg,0,52,717,8857,860,112,112
msg,0,53,747,10107,858,112,112
msg,0,54,729,24259,862,112,112
msg,0,55,716,5913,828,112,112
msg,0,56,685,6351,856,112,112
msg,0,57,714,6751,860,112,112
msg,0,58,719,6795,856,112,112
msg,0,59,718,8878,829,112,112
msg,0,60,683,8545,856,112,112
msg,0,61,718,8531,860,112,112
msg,0,62,716,7016,860,112,112
msg,0,63,728,6909,860,112,112
msg,0,64,834,32813,831,112,112
msg,0,65,696,6297,830,112,112
msg,0,66,684,5571,862,112,112
msg,0,67,721,5710,855,112,112
msg,0,68,699,5968,866,112,112
msg,0,69,714,7415,859,112,112
msg,0,70,680,7125,861,112,112
msg,0,71,694,6779,859,112,112
msg,0,72,720,6062,965,112,112
msg,0,73,720,28572,864,112,112
msg,0,74,720,6260,864,112,112
msg,0,75,799,5748,863,112,112
msg,0,76,720,5474,864,112,112
msg,0,77,684,5657,853,112,112
msg,0,78,726,5475,862,112,112
msg,0,79,716,6966,860,112,112
msg,0,80,719,6983,1387,112,112
msg,0,81,713,9456,827,112,112
msg,0,82,685,29617,863,112,112
msg,0,83,719,6093,856,112,112
msg,0,84,721,5706,860,112,112
msg,0,85,719,7022,864,112,112
msg,0,86,717,6295,865,112,112
msg,0,87,713,6903,863,112,112
msg,0,88,719,6579,864,112,112
msg,0,89,860,7829,864,112,112
msg,0,90,715,5561,826,112,112
msg,0,91,683,6458,857,112,112
msg,0,92,718,30816,863,112,112
msg,0,93,686,5932,863,112,112
msg,0,94,717,5582,829,112,112
msg,0,95,697,6078,969,112,112
msg,0,96,690,5909,867,112,112
msg,0,97,718,6005,858,112,112
msg,0,98,721,5648,826,112,112
msg,0,99,683,7343,828,112,112
msg,0,100,682,5586,961,112,112
msg,0,101,726,6912,854,112,112
msg,0,102,707,23083,849,112,112
msg,0,103,681,6747,862,112,112
msg,0,104,718,6281,862,112,112
msg,0,105,718,5761,861,112,112
msg,0,106,718,6246,858,112,112
msg,0,107,721,5881,826,112,112
msg,0,108,686,10159,825,112,112
msg,0,109,685,7781,863,112,112
msg,0,110,719,6158,861,112,112
msg,0,111,715,6106,858,112,112
msg,0,112,722,26919,858,112,112
msg,0,113,735,5508,862,112,112
msg,0,114,720,5503,858,112,112
msg,0,115,682,5881,859,112,112
msg,0,116,720,19822,859,112,112
msg,0,117,721,9261,858,112,112
msg,0,118,715,5845,831,112,112
msg,0,119,690,6873,860,112,112
msg,0,120,712,25798,859,112,112
msg,0,121,833,7111,854,112,112
msg,0,122,725,5672,864,112,112
msg,0,123,717,6248,864,112,112
msg,0,124,691,9466,828,112,112
msg,0,125,684,6801,862,112,112
msg,0,126,714,6967,858,112,112
msg,0,127,712,6747,831,112,112
msg,0,128,685,7743,858,112,112
msg,0,129,721,24656,826,112,112
msg,0,130,682,5844,860,112,112
msg,0,131,722,8219,858,112,112
msg,0,132,718,5713,850,112,112
msg,0,133,680,8369,854,112,112
msg,0,134,712,7105,854,112,112
msg,0,135,721,8096,828,112,112
msg,0,136,683,8607,862,112,112
msg,0,137,724,5630,858,112,112
msg,0,138,684,33199,861,112,112
msg,0,139,686,6713,860,112,112
msg,0,140,728,5771,933,112,112
msg,0,141,687,5859,870,112,112
msg,0,142,720,5847,860,112,112
msg,0,143,721,6066,860,112,112
msg,0,144,725,8138,858,112,112
msg,0,145,712,7332,857,112,112
msg,0,146,722,5823,830,112,112
msg,0,147,682,7808,952,112,112
msg,0,148,714,23888,856,112,112
msg,0,149,719,6294,857,112,112
msg,0,150,721,7269,861,112,112
msg,0,151,713,5538,860,112,112
msg,0,152,685,6562,859,112,112
msg,0,153,886,5505,860,112,112
msg,0,154,718,7427,828,112,112
msg,0,155,684,7838,861,112,112
msg,0,156,733,5936,860,112,112
msg,0,157,719,29500,866,112,112
msg,0,158,714,6188,860,112,112
msg,0,159,715,5863,964,112,112
msg,0,160,726,5590,861,112,112
msg,0,161,686,6108,863,112,112
msg,0,162,719,6130,865,112,112
msg,0,163,724,5515,829,112,112
msg,0,164,687,5920,863,112,112
msg,0,165,830,7239,857,112,112
msg,0,166,688,5727,859,112,112
msg,0,167,716,7315,862,112,112
msg,0,168,715,32004,858,112,112
msg,0,169,828,5575,859,112,112
msg,0,170,688,6052,864,112,112
msg,0,171,712,5625,859,112,112
msg,0,172,717,5543,862,112,112
msg,0,173,720,5481,859,112,112
msg,0,174,681,6336,831,112,112
msg,0,175,682,6057,861,112,112
msg,0,176,711,5584,851,112,112
msg,0,177,716,6263,856,112,112
msg,0,178,714,23151,851,112,112
msg,0,179,720,6419,858,112,112
msg,0,180,719,5536,863,112,112
msg,0,181,716,6157,862,112,112
msg,0,182,719,5491,827,112,112
msg,0,183,685,5784,865,112,112
msg,0,184,711,5451,862,112,112
msg,0,185,791,5565,857,112,112
msg,0,186,717,5659,865,112,112
msg,0,187,686,5765,861,112,112
msg,0,188,718,6184,863,112,112
msg,0,189,716,28094,860,112,112
msg,0,190,836,8479,861,112,112
msg,0,191,727,5797,857,112,112
msg,0,192,716,5629,861,112,112
msg,0,193,712,5841,858,112,112
msg,0,194,719,5494,965,112,112
msg,0,195,687,6999,866,112,112
msg,0,196,715,6221,863,112,112
msg,0,197,718,5964,862,112,112
msg,0,198,719,5979,860,112,112
msg,0,199,719,29202,860,112,112
whole,0,2303.648,4439.033,200
1,4.4010,2255.8540,17.7300,2277.9850,1391,3051,45,568,2,12,3,18,134884,66261.0,69969.0,2027234.0,0.0,2,2,2,0
msg,1,0,859,6105,851,112,112
msg,1,1,720,6024,830,112,112
msg,1,2,687,6540,861,112,112
msg,1,3,734,28030,856,112,112
msg,1,4,721,6120,856,112,112
msg,1,5,724,6851,855,112,112
msg,1,6,681,5652,858,112,112
msg,1,7,719,5585,965,112,112
msg,1,8,692,6221,859,112,112
msg,1,9,689,5848,863,112,112
msg,1,10,719,7616,829,112,112
msg,1,11,687,6232,829,112,112
msg,1,12,686,6250,829,112,112
msg,1,13,685,32419,853,112,112
msg,1,14,713,11630,865,112,112
msg,1,15,741,5772,1437,112,112
msg,1,16,686,6700,860,112,112
msg,1,17,719,6259,863,112,112
msg,1,18,719,6949,858,112,112
msg,1,19,710,9390,860,112,112
msg,1,20,722,6181,861,112,112
msg,1,21,717,8242,862,112,112
msg,1,22,725,27022,856,112,112
msg,1,23,731,5482,863,112,112
msg,1,24,720,5539,830,112,112
msg,1,25,693,6040,863,112,112
msg,1,26,722,5553,851,112,112
msg,1,27,715,5522,860,112,112
msg,1,28,720,9026,863,112,112
msg,1,29,719,6141,858,112,112
msg,1,30,717,5921,829,112,112
msg,1,31,687,6259,827,112,112
msg,1,32,683,29833,864,112,112
msg,1,33,712,6188,863,112,112
msg,1,34,727,5728,955,112,112
msg,1,35,720,5673,865,112,112
msg,1,36,712,5849,858,112,112
msg,1,37,716,6080,859,112,112
msg,1,38,713,6238,858,112,112
msg,1,39,715,6426,1032,112,112
msg,1,40,726,6230,860,112,112
msg,1,41,681,7344,827,112,112
msg,1,42,687,23488,858,112,112
msg,1,43,718,6524,865,112,112
msg,1,44,713,5651,827,112,112
msg,1,45,683,6101,863,112,112
msg,1,46,804,5530,855,112,112
msg,1,47,721,5990,851,112,112
msg,1,48,716,5690,862,112,112
msg,1,49,722,5588,830,112,112
msg,1,50,688,6055,860,112,112
msg,1,51,687,5622,858,112,112
msg,1,52,708,5672,969,112,112
msg,1,53,698,31694,864,112,112
msg,1,54,715,5845,827,112,112
msg,1,55,682,6117,857,112,112
msg,1,56,690,5538,854,112,112
msg,1,57,711,6115,854,112,112
msg,1,58,717,5551,862,112,112
msg,1,59,723,7891,858,112,112
msg,1,60,718,6148,858,112,112
msg,1,61,709,10116,855,112,112
msg,1,62,712,24173,844,112,112
msg,1,63,688,7642,861,112,112
msg,1,64,749,6657,862,112,112
msg,1,65,713,7017,860,112,112
msg,1,66,720,5489,865,112,112
msg,1,67,721,5720,853,112,112
msg,1,68,717,6166,963,112,112
msg,1,69,725,8835,826,112,112
msg,1,70,673,5728,858,112,112
msg,1,71,716,6838,826,112,112
msg,1,72,685,32320,856,112,112
msg,1,73,726,5594,859,112,112
msg,1,74,721,6081,855,112,112
msg,1,75,715,6062,859,112,112
msg,1,76,714,6103,855,112,112
msg,1,77,721,7728,867,112,112
msg,1,78,709,8086,861,112,112
msg,1,79,689,5648,857,112,112
msg,1,80,721,7924,828,112,112
msg,1,81,689,34265,830,112,112
msg,1,82,686,5745,862,112,112
msg,1,83,725,5592,831,112,112
msg,1,84,696,5671,859,112,112
msg,1,85,727,6850,852,112,112
msg,1,86,688,7012,860,112,112
msg,1,87,685,7558,853,112,112
msg,1,88,716,7110,849,112,112
msg,1,89,716,8575,862,112,112
msg,1,90,723,26558,854,112,112
msg,1,91,688,6416,846,112,112
msg,1,92,688,5755,864,112,112
msg,1,93,724,6140,862,112,112
msg,1,94,721,6011,859,112,112
msg,1,95,717,5543,863,112,112
msg,1,96,893,5691,859,112,112
msg,1,97,719,5692,829,112,112
msg,1,98,689,5991,859,112,112
msg,1,99,715,7812,855,112,112
msg,1,100,719,27044,959,112,112
msg,1,101,724,5527,867,112,112
msg,1,102,712,5830,857,112,112
msg,1,103,716,5722,862,112,112
msg,1,104,688,6025,865,112,112
msg,1,105,714,7113,1026,112,112
msg,1,106,720,6395,829,112,112
msg,1,107,684,6134,861,112,112
msg,1,108,677,6603,862,112,112
msg,1,109,721,6475,859,112,112
msg,1,110,722,27976,859,112,112
msg,1,111,720,5546,862,112,112
msg,1,112,721,5605,957,112,112
msg,1,113,715,5616,865,112,112
msg,1,114,729,5573,827,112,112
msg,1,115,688,6240,830,112,112
msg,1,116,685,7366,856,112,112
msg,1,117,717,7573,866,112,112
msg,1,118,834,6285,859,112,112
msg,1,119,717,7274,860,112,112
msg,1,120,681,27935,861,112,112
msg,1,121,722,7631,826,112,112
msg,1,122,691,5866,858,112,112
msg,1,123,713,6940,862,112,112
msg,1,124,722,5764,992,112,112
msg,1,125,725,6397,857,112,112
msg,1,126,726,6922,829,112,112
msg,1,127,685,5920,865,112,112
msg,1,128,714,6031,863,112,112
msg,1,129,718,30064,860,112,112
msg,1,130,719,6450,863,112,112
msg,1,131,720,5705,963,112,112
msg,1,132,722,6092,858,112,112
msg,1,133,714,6180,859,112,112
msg,1,134,721,5734,861,112,112
msg,1,135,688,8569,856,112,112
msg,1,136,716,9370,858,112,112
msg,1,137,725,6571,862,112,112
msg,1,138,715,6959,866,112,112
msg,1,139,715,25277,867,112,112
msg,1,140,729,7209,860,112,112
msg,1,141,715,9912,856,112,112
msg,1,142,721,6201,856,112,112
msg,1,143,880,5655,828,112,112
msg,1,144,685,8169,824,112,112
msg,1,145,686,9840,861,112,112
msg,1,146,725,5578,829,112,112
msg,1,147,695,6236,827,112,112
msg,1,148,687,27283,827,112,112
msg,1,149,681,6993,859,112,112
msg,1,150,711,6144,866,112,112
msg,1,151,723,8958,1023,112,112
msg,1,152,724,5651,853,112,112
msg,1,153,719,5580,862,112,112
msg,1,154,728,5654,827,112,112
msg,1,155,684,6020,863,112,112
msg,1,156,716,7224,864,112,112
msg,1,157,702,30522,855,112,112
msg,1,158,718,7469,860,112,112
msg,1,159,719,6480,857,112,112
msg,1,160,685,5594,961,112,112
msg,1,161,727,5584,858,112,112
msg,1,162,714,5590,852,112,112
msg,1,163,714,8290,858,112,112
msg,1,164,715,7266,859,112,112
msg,1,165,727,5466,860,112,112
msg,1,166,721,9112,855,112,112
msg,1,167,713,30451,861,112,112
msg,1,168,714,9380,827,112,112
msg,1,169,684,7116,860,112,112
msg,1,170,683,6865,857,112,112
msg,1,171,718,5542,862,112,112
msg,1,172,682,5870,859,112,112
msg,1,173,721,6524,857,112,112
msg,1,174,686,5967,858,112,112
msg,1,175,716,7442,862,112,112
msg,1,176,685,22738,860,112,112
msg,1,177,718,6487,864,112,112
msg,1,178,718,6713,857,112,112
msg,1,179,715,7826,858,112,112
msg,1,180,692,5600,852,112,112
msg,1,181,725,5480,860,112,112
msg,1,182,718,7621,825,112,112
msg,1,183,703,7169,827,112,112
msg,1,184,685,5703,861,112,112
msg,1,185,720,8227,861,112,112
msg,1,186,720,26974,862,112,112
msg,1,187,715,6180,852,112,112
msg,1,188,714,6245,855,112,112
msg,1,189,717,6703,856,112,112
msg,1,190,683,5976,864,112,112
msg,1,191,716,6864,853,112,112
msg,1,192,718,6527,866,112,112
msg,1,193,713,6773,957,112,112
msg,1,194,718,6606,867,112,112
msg,1,195,717,6646,853,112,112
msg,1,196,715,25741,857,112,112
msg,1,197,681,5633,855,112,112
msg,1,198,712,5633,1024,112,112
msg,1,199,693,11328,831,112,112
whole,1,2292.364,4422.910,200
2,5.4420,2237.7420,11.8750,2255.0590,1391,3051,45,568,2,12,3,18,134884,66177.0,69952.0,2025508.0,0.0,2,2,2,0
msg,2,0,832,7239,830,112,112
msg,2,1,686,6072,862,112,112
msg,2,2,684,6746,859,112,112
msg,2,3,721,23889,857,112,112
msg,2,4,717,7042,827,112,112
msg,2,5,687,5664,858,112,112
msg,2,6,723,6270,859,112,112
msg,2,7,716,5778,830,112,112
msg,2,8,686,7310,860,112,112
msg,2,9,719,7371,862,112,112
msg,2,10,829,8778,829,112,112
msg,2,11,684,5817,863,112,112
msg,2,12,714,6229,868,112,112
msg,2,13,716,22604,844,112,112
msg,2,14,686,7632,861,112,112
msg,2,15,706,8449,861,112,112
msg,2,16,720,6003,864,112,112
msg,2,17,723,5477,861,112,112
msg,2,18,683,5899,972,112,112
msg,2,19,718,7278,858,112,112
msg,2,20,716,7494,828,112,112
msg,2,21,890,6181,860,112,112
msg,2,22,719,7233,858,112,112
msg,2,23,719,24358,861,112,112
msg,2,24,716,5831,1028,112,112
msg,2,25,720,6235,847,112,112
msg,2,26,717,6332,854,112,112
msg,2,27,723,5570,859,112,112
msg,2,28,693,5937,862,112,112
msg,2,29,718,8152,866,112,112
msg,2,30,719,12427,865,112,112
msg,2,31,727,7786,860,112,112
msg,2,32,715,26449,862,112,112
msg,2,33,719,6784,854,112,112
msg,2,34,719,6049,830,112,112
msg,2,35,748,5569,862,112,112
msg,2,36,725,6133,864,112,112
msg,2,37,724,6159,864,112,112
msg,2,38,720,8199,859,112,112
msg,2,39,732,7851,858,112,112
msg,2,40,720,5684,861,112,112
msg,2,41,715,8299,861,112,112
msg,2,42,688,31537,853,112,112
msg,2,43,720,5597,861,112,112
msg,2,44,714,6254,863,112,112
msg,2,45,714,5809,860,112,112
msg,2,46,718,5657,867,112,112
msg,2,47,715,10171,862,112,112
msg,2,48,716,7529,825,112,112
msg,2,49,793,10721,858,112,112
msg,2,50,716,31615,864,112,112
msg,2,51,721,7186,859,112,112
msg,2,52,725,5704,849,112,112
msg,2,53,686,5890,868,112,112
msg,2,54,717,5606,858,112,112
msg,2,55,720,5760,861,112,112
msg,2,56,714,6787,856,112,112
msg,2,57,719,6901,826,112,112
msg,2,58,683,5833,867,112,112
msg,2,59,718,6400,856,112,112
msg,2,60,682,27165,859,112,112
msg,2,61,684,7533,857,112,112
msg,2,62,715,5627,864,112,112
msg,2,63,721,5933,861,112,112
msg,2,64,832,5742,828,112,112
msg,2,65,682,5935,865,112,112
msg,2,66,715,5888,857,112,112
msg,2,67,725,6216,859,112,112
msg,2,68,715,5500,864,112,112
msg,2,69,679,8048,865,112,112
msg,2,70,722,27588,1395,112,112
msg,2,71,741,7281,863,112,112
msg,2,72,714,5845,861,112,112
msg,2,73,717,6859,830,112,112
msg,2,74,679,6078,863,112,112
msg,2,75,684,6109,864,112,112
msg,2,76,688,7194,862,112,112
msg,2,77,688,5733,859,112,112
msg,2,78,722,5936,845,112,112
msg,2,79,686,6026,860,112,112
msg,2,80,685,26868,865,112,112
msg,2,81,831,7502,832,112,112
msg,2,82,686,5750,860,112,112
msg,2,83,712,6403,863,112,112
msg,2,84,716,5767,855,112,112
msg,2,85,732,6181,853,112,112
msg,2,86,722,5626,867,112,112
msg,2,87,719,5860,861,112,112
msg,2,88,721,6445,864,112,112
msg,2,89,717,7285,862,112,112
msg,2,90,712,21875,860,112,112
msg,2,91,717,7241,860,112,112
msg,2,92,720,6030,858,112,112
msg,2,93,712,12721,861,112,112
msg,2,94,683,5729,856,112,112
msg,2,95,723,5646,862,112,112
msg,2,96,689,6159,856,112,112
msg,2,97,687,5558,857,112,112
msg,2,98,717,5634,868,112,112
msg,2,99,831,6707,862,112,112
msg,2,100,722,24643,861,112,112
msg,2,101,717,7656,855,112,112
msg,2,102,722,8961,829,112,112
msg,2,103,684,7985,864,112,112
msg,2,104,725,5645,857,112,112
msg,2,105,887,6169,855,112,112
msg,2,106,716,5811,827,112,112
msg,2,107,682,7676,852,112,112
msg,2,108,718,5747,828,112,112
msg,2,109,683,5565,859,112,112
msg,2,110,841,30158,859,112,112
msg,2,111,720,6218,862,112,112
msg,2,112,739,5711,832,112,112
msg,2,113,688,5572,855,112,112
msg,2,114,718,6237,855,112,112
msg,2,115,717,9794,828,112,112
msg,2,116,687,6192,826,112,112
msg,2,117,687,6712,862,112,112
msg,2,118,712,7088,958,112,112
msg,2,119,726,24407,863,112,112
msg,2,120,716,5842,857,112,112
msg,2,121,728,6387,860,112,112
msg,2,122,722,240139,864,112,112
msg,2,123,716,6085,859,112,112
msg,2,124,718,5615,863,112,112
msg,2,125,689,180923,863,112,112
msg,2,126,724,87348,867,112,112
msg,2,127,716,7337,968,112,112
msg,2,128,691,6531,862,112,112
msg,2,129,728,7173,857,112,112
msg,2,130,712,6451,861,112,112
msg,2,131,725,6355,866,112,112
msg,2,132,722,26631,854,112,112
msg,2,133,717,6510,858,112,112
msg,2,134,721,5578,860,112,112
msg,2,135,847,6557,860,112,112
msg,2,136,722,5628,861,112,112
msg,2,137,685,5580,856,112,112
msg,2,138,717,5734,861,112,112
msg,2,139,720,7586,859,112,112
msg,2,140,833,6743,864,112,112
msg,2,141,679,7297,830,112,112
msg,2,142,685,22792,859,112,112
msg,2,143,718,7284,864,112,112
msg,2,144,723,5789,855,112,112
msg,2,145,719,6268,862,112,112
msg,2,146,780,5805,863,112,112
msg,2,147,720,6409,865,112,112
msg,2,148,717,8994,859,112,112
msg,2,149,712,6030,859,112,112
msg,2,150,713,5892,828,112,112
msg,2,151,686,8017,856,112,112
msg,2,152,683,23062,866,112,112
msg,2,153,722,7180,859,112,112
msg,2,154,715,5955,857,112,112
msg,2,155,729,5869,858,112,112
msg,2,156,715,7496,860,112,112
msg,2,157,727,7921,856,112,112
msg,2,158,719,8465,863,112,112
msg,2,159,720,9519,860,112,112
msg,2,160,688,6935,864,112,112
msg,2,161,715,27027,859,112,112
msg,2,162,716,6292,856,112,112
msg,2,163,714,5641,827,112,112
msg,2,164,683,6346,829,112,112
msg,2,165,691,5767,858,112,112
msg,2,166,722,5958,856,112,112
msg,2,167,717,10434,865,112,112
msg,2,168,718,7306,863,112,112
msg,2,169,714,7957,1361,112,112
msg,2,170,700,26626,858,112,112
msg,2,171,717,7856,852,112,112
msg,2,172,678,7996,864,112,112
msg,2,173,687,7208,860,112,112
msg,2,174,686,5790,860,112,112
msg,2,175,717,5595,858,112,112
msg,2,176,689,7906,867,112,112
msg,2,177,831,7450,825,112,112
msg,2,178,684,5566,861,112,112
msg,2,179,713,8393,859,112,112
msg,2,180,715,26181,856,112,112
msg,2,181,722,6099,862,112,112
msg,2,182,719,5762,828,112,112
msg,2,183,686,7391,848,112,112
msg,2,184,744,5646,867,112,112
msg,2,185,715,5883,860,112,112
msg,2,186,722,6692,863,112,112
msg,2,187,680,5908,865,112,112
msg,2,188,712,5639,831,112,112
msg,2,189,682,8979,857,112,112
msg,2,190,682,27647,855,112,112
msg,2,191,719,8517,866,112,112
msg,2,192,713,6111,859,112,112
msg,2,193,711,6215,863,112,112
msg,2,194,726,5591,828,112,112
msg,2,195,683,10429,854,112,112
msg,2,196,717,6931,862,112,112
msg,2,197,685,5568,859,112,112
msg,2,198,717,8336,856,112,112
msg,2,199,712,29339,861,112,112
whole,2,2274.772,4883.160,200
#heap 21951
#stack 12384
#end
#block pipeline TLS lorawan11 down
#aead LoRaWAN-1.1 AES-128-CTR+2xCMAC (BearSSL (arduino-pico)), downlink, 51 B payload + 13 B overhead
#lib wolfSSL 5.9.4
iter,tcp_ms,tls_ms,mqtt_ms,total_ms,hs_tx_B,hs_rx_B,mqtt_tx_B,mqtt_rx_B,hs_writes,hs_reads,writes,reads,free_heap_B,hs_keygen_us,hs_derive_us,hs_verify_us,hs_sign_us,hs_keygen_n,hs_derive_n,hs_verify_n,hs_sign_n
msg,iter,idx,seal_us,rtt_us,open_us,tx_B,rx_B
whole,iter,first_ms,all_ms,msgs
#suite TLS13-AES256-GCM-SHA384
0,33.5560,2240.2170,15.9410,2289.7140,1391,3051,45,568,2,12,3,18,134884,66131.0,70362.0,2025698.0,0.0,2,2,2,0
msg,0,0,600,7353,598,112,112
msg,0,1,418,6830,597,112,112
msg,0,2,421,6081,596,112,112
msg,0,3,465,6806,595,112,112
msg,0,4,461,6058,568,112,112
msg,0,5,421,6005,595,112,112
msg,0,6,421,6104,596,112,112
msg,0,7,464,5969,566,112,112
msg,0,8,431,28374,597,112,112
msg,0,9,457,6273,564,112,112
msg,0,10,425,7193,596,112,112
msg,0,11,462,8093,568,112,112
msg,0,12,427,6329,600,112,112
msg,0,13,457,5959,567,112,112
msg,0,14,459,6174,602,112,112
msg,0,15,425,7150,601,112,112
msg,0,16,447,15211,597,112,112
msg,0,17,425,28841,595,112,112
msg,0,18,426,5871,600,112,112
msg,0,19,424,6660,603,112,112
msg,0,20,419,6888,599,112,112
msg,0,21,467,6190,566,112,112
msg,0,22,428,6417,597,112,112
msg,0,23,449,8233,570,112,112
msg,0,24,423,7428,565,112,112
msg,0,25,460,5861,563,112,112
msg,0,26,428,6374,602,112,112
msg,0,27,460,30568,600,112,112
msg,0,28,455,7114,569,112,112
msg,0,29,459,6234,600,112,112
msg,0,30,418,8144,567,112,112
msg,0,31,462,5590,597,112,112
msg,0,32,459,7505,597,112,112
msg,0,33,423,7830,603,112,112
msg,0,34,467,5868,599,112,112
msg,0,35,459,5497,602,112,112
msg,0,36,453,7039,566,112,112
msg,0,37,458,26602,596,112,112
msg,0,38,456,6395,599,112,112
msg,0,39,426,7314,564,112,112
msg,0,40,426,6750,567,112,112
msg,0,41,434,6191,599,112,112
msg,0,42,422,7407,565,112,112
msg,0,43,423,5849,567,112,112
msg,0,44,427,7461,566,112,112
msg,0,45,472,5830,565,112,112
msg,0,46,424,8733,566,112,112
msg,0,47,422,27775,568,112,112
msg,0,48,420,5787,568,112,112
msg,0,49,425,5966,600,112,112
msg,0,50,545,5626,598,112,112
msg,0,51,423,8506,566,112,112
msg,0,52,425,6287,602,112,112
msg,0,53,463,6994,565,112,112
msg,0,54,456,8519,597,112,112
msg,0,55,460,14595,600,112,112
msg,0,56,475,35841,595,112,112
msg,0,57,452,6542,602,112,112
msg,0,58,466,6144,567,112,112
msg,0,59,431,8900,730,112,112
msg,0,60,441,7312,567,112,112
msg,0,61,459,7084,595,112,112
msg,0,62,425,6012,600,112,112
msg,0,63,428,5656,596,112,112
msg,0,64,435,8432,564,112,112
msg,0,65,424,23416,597,112,112
msg,0,66,456,6157,564,112,112
msg,0,67,429,5754,565,112,112
msg,0,68,425,5808,597,112,112
msg,0,69,430,5948,596,112,112
msg,0,70,424,5664,598,112,112
msg,0,71,421,7722,597,112,112
msg,0,72,436,7306,657,112,112
msg,0,73,438,7799,564,112,112
msg,0,74,428,5973,599,112,112
msg,0,75,422,6128,595,112,112
msg,0,76,460,23620,602,112,112
msg,0,77,466,7198,568,112,112
msg,0,78,420,5764,566,112,112
msg,0,79,430,5975,600,112,112
msg,0,80,424,7531,728,112,112
msg,0,81,426,7136,1129,112,112
msg,0,82,437,7660,567,112,112
msg,0,83,427,8523,565,112,112
msg,0,84,476,8105,598,112,112
msg,0,85,428,32906,595,112,112
msg,0,86,424,6370,569,112,112
msg,0,87,426,5820,565,112,112
msg,0,88,430,5794,589,112,112
msg,0,89,428,7949,602,112,112
msg,0,90,425,6452,568,112,112
msg,0,91,427,9656,569,112,112
msg,0,92,426,10016,600,112,112
msg,0,93,426,7242,564,112,112
msg,0,94,456,6540,599,112,112
msg,0,95,451,34054,566,112,112
msg,0,96,424,5985,596,112,112
msg,0,97,430,6668,565,112,112
msg,0,98,453,5772,595,112,112
msg,0,99,426,6232,565,112,112
msg,0,100,451,10549,602,112,112
msg,0,101,465,10403,594,112,112
msg,0,102,424,5752,599,112,112
msg,0,103,430,5798,601,112,112
msg,0,104,425,22688,600,112,112
msg,0,105,431,6275,566,112,112
msg,0,106,456,6576,598,112,112
msg,0,107,459,7032,565,112,112
msg,0,108,446,6433,564,112,112
msg,0,109,459,8037,565,112,112
msg,0,110,526,13177,568,112,112
msg,0,111,435,5938,600,112,112
msg,0,112,423,6762,595,112,112
msg,0,113,421,6000,597,112,112
msg,0,114,457,28949,564,112,112
msg,0,115,462,7077,566,112,112
msg,0,116,426,6342,597,112,112
msg,0,117,457,8896,568,112,112
msg,0,118,436,6738,566,112,112
msg,0,119,543,10644,568,112,112
msg,0,120,425,6350,597,112,112
msg,0,121,462,7870,601,112,112
msg,0,122,462,7285,601,112,112
msg,0,123,423,24858,603,112,112
msg,0,124,425,7134,566,112,112
msg,0,125,467,6606,598,112,112
msg,0,126,631,5844,570,112,112
msg,0,127,427,7033,599,112,112
msg,0,128,427,6490,570,112,112
msg,0,129,426,13190,601,112,112
msg,0,130,467,6904,597,112,112
msg,0,131,455,5627,597,112,112
msg,0,132,459,6128,565,112,112
msg,0,133,426,33075,595,112,112
msg,0,134,428,5952,601,112,112
msg,0,135,460,5664,599,112,112
msg,0,136,458,6107,565,112,112
msg,0,137,425,6422,597,112,112
msg,0,138,457,8184,562,112,112
msg,0,139,429,8383,566,112,112
msg,0,140,462,5587,596,112,112
msg,0,141,461,6443,600,112,112
msg,0,142,433,32435,566,112,112
msg,0,143,432,7815,757,112,112
msg,0,144,441,5645,599,112,112
msg,0,145,427,6593,568,112,112
msg,0,146,423,5872,599,112,112
msg,0,147,436,5839,596,112,112
msg,0,148,422,6307,565,112,112
msg,0,149,464,7685,568,112,112
msg,0,150,459,5780,569,112,112
msg,0,151,462,8761,566,112,112
msg,0,152,458,27829,567,112,112
msg,0,153,429,5985,705,112,112
msg,0,154,570,5540,597,112,112
msg,0,155,428,5734,598,112,112
msg,0,156,425,6397,566,112,112
msg,0,157,440,5644,567,112,112
msg,0,158,459,9862,567,112,112
msg,0,159,428,8101,596,112,112
msg,0,160,426,6723,597,112,112
msg,0,161,425,7976,601,112,112
msg,0,162,450,23143,567,112,112
msg,0,163,424,6668,566,112,112
msg,0,164,419,6266,596,112,112
msg,0,165,427,6562,595,112,112
msg,0,166,416,7088,596,112,112
msg,0,167,466,5620,601,112,112
msg,0,168,460,6001,564,112,112
msg,0,169,458,6878,565,112,112
msg,0,170,421,7761,568,112,112
msg,0,171,434,9385,592,112,112
msg,0,172,463,27440,598,112,112
msg,0,173,436,7160,567,112,112
msg,0,174,471,5599,600,112,112
msg,0,175,1017,7070,599,112,112
msg,0,176,463,5661,598,112,112
msg,0,177,456,6127,564,112,112
msg,0,178,422,5565,566,112,112
msg,0,179,460,5779,567,112,112
msg,0,180,464,6119,594,112,112
msg,0,181,425,6596,566,112,112
msg,0,182,427,33254,594,112,112
msg,0,183,460,7589,601,112,112
msg,0,184,458,6924,593,112,112
msg,0,185,463,5855,565,112,112
msg,0,186,444,5908,571,112,112
msg,0,187,426,6009,600,112,112
msg,0,188,422,5696,596,112,112
msg,0,189,432,5661,597,112,112
msg,0,190,431,5950,599,112,112
msg,0,191,455,5659,595,112,112
msg,0,192,424,8304,565,112,112
msg,0,193,429,24921,590,112,112
msg,0,194,424,7466,569,112,112
msg,0,195,432,5534,596,112,112
msg,0,196,460,6090,568,112,112
msg,0,197,423,5824,592,112,112
msg,0,198,424,5549,566,112,112
msg,0,199,438,6660,567,112,112
whole,0,2306.421,4376.605,200
1,6.4300,2234.7060,16.3740,2257.5100,1391,3051,45,568,2,12,3,18,134884,66360.0,70048.0,2024370.0,0.0,2,2,2,0
msg,1,0,570,6537,567,112,112
msg,1,1,428,28428,598,112,112
msg,1,2,463,7636,602,112,112
msg,1,3,461,6820,597,112,112
msg,1,4,464,6559,598,112,112
msg,1,5,468,6320,562,112,112
msg,1,6,426,6804,598,112,112
msg,1,7,420,8929,598,112,112
msg,1,8,425,7423,568,112,112
msg,1,9,427,6063,698,112,112
msg,1,10,466,10037,565,112,112
msg,1,11,455,31633,595,112,112
msg,1,12,457,7130,567,112,112
msg,1,13,417,5958,698,112,112
msg,1,14,467,6182,567,112,112
msg,1,15,421,6743,566,112,112
msg,1,16,432,5897,564,112,112
msg,1,17,430,5782,567,112,112
msg,1,18,427,8651,675,112,112
msg,1,19,430,5617,569,112,112
msg,1,20,429,30375,599,112,112
msg,1,21,495,13680,604,112,112
msg,1,22,430,6096,597,112,112
msg,1,23,456,5864,566,112,112
msg,1,24,464,5734,567,112,112
msg,1,25,461,5674,599,112,112
msg,1,26,455,6056,565,112,112
msg,1,27,430,6858,596,112,112
msg,1,28,432,10236,594,112,112
msg,1,29,457,27145,563,112,112
msg,1,30,434,6691,569,112,112
msg,1,31,429,7070,598,112,112
msg,1,32,417,5772,604,112,112
msg,1,33,416,5689,592,112,112
msg,1,34,421,5572,595,112,112
msg,1,35,425,5657,565,112,112
msg,1,36,424,7214,600,112,112
msg,1,37,460,7511,695,112,112
msg,1,38,459,6656,600,112,112
msg,1,39,459,9631,602,112,112
msg,1,40,423,25654,598,112,112
msg,1,41,425,6483,569,112,112
msg,1,42,426,6460,567,112,112
msg,1,43,459,7114,565,112,112
msg,1,44,427,5645,568,112,112
msg,1,45,425,6413,601,112,112
msg,1,46,460,7080,567,112,112
msg,1,47,424,8494,566,112,112
msg,1,48,458,6899,566,112,112
msg,1,49,425,7761,565,112,112
msg,1,50,423,22966,601,112,112
msg,1,51,427,6219,594,112,112
msg,1,52,454,8100,565,112,112
msg,1,53,432,6040,598,112,112
msg,1,54,427,5752,601,112,112
msg,1,55,427,5768,599,112,112
msg,1,56,456,5791,596,112,112
msg,1,57,455,7418,600,112,112
msg,1,58,427,6555,564,112,112
msg,1,59,433,5837,597,112,112
msg,1,60,428,7035,594,112,112
msg,1,61,455,25571,599,112,112
msg,1,62,424,5846,601,112,112
msg,1,63,420,5925,597,112,112
msg,1,64,463,5593,605,112,112
msg,1,65,460,5817,599,112,112
msg,1,66,463,6256,595,112,112
msg,1,67,425,5640,569,112,112
msg,1,68,431,6609,565,112,112
msg,1,69,543,6188,598,112,112
msg,1,70,450,5685,598,112,112
msg,1,71,458,5673,599,112,112
msg,1,72,417,27777,601,112,112
msg,1,73,465,7808,698,112,112
msg,1,74,461,6589,598,112,112
msg,1,75,463,6051,564,112,112
msg,1,76,427,5665,564,112,112
msg,1,77,465,5613,598,112,112
msg,1,78,467,10649,700,112,112
msg,1,79,460,8044,566,112,112
msg,1,80,430,5897,601,112,112
msg,1,81,420,7473,563,112,112
msg,1,82,424,24433,594,112,112
msg,1,83,467,8455,599,112,112
msg,1,84,458,5751,597,112,112
msg,1,85,460,7034,569,112,112
msg,1,86,457,5562,597,112,112
msg,1,87,465,5744,593,112,112
msg,1,88,468,5664,595,112,112
msg,1,89,472,9292,600,112,112
msg,1,90,419,5878,601,112,112
msg,1,91,426,6301,565,112,112
msg,1,92,422,6011,596,112,112
msg,1,93,423,22517,564,112,112
msg,1,94,424,6257,602,112,112
msg,1,95,458,6440,598,112,112
msg,1,96,427,5635,569,112,112
msg,1,97,425,5898,596,112,112
msg,1,98,421,9621,564,112,112
msg,1,99,428,9280,597,112,112
msg,1,100,457,9192,593,112,112
msg,1,101,429,5567,567,112,112
msg,1,102,433,6710,565,112,112
msg,1,103,425,30803,564,112,112
msg,1,104,432,6227,598,112,112
msg,1,105,451,5637,599,112,112
msg,1,106,425,6002,596,112,112
msg,1,107,458,5849,567,112,112
msg,1,108,462,6357,603,112,112
msg,1,109,459,6851,597,112,112
msg,1,110,461,10924,568,112,112
msg,1,111,565,5748,565,112,112
msg,1,112,424,7084,598,112,112
msg,1,113,422,27061,602,112,112
msg,1,114,466,6278,595,112,112
msg,1,115,422,6804,601,112,112
msg,1,116,429,5643,568,112,112
msg,1,117,426,5702,566,112,112
msg,1,118,428,5794,694,112,112
msg,1,119,429,5806,593,112,112
msg,1,120,425,6143,598,112,112
msg,1,121,464,8379,599,112,112
msg,1,122,428,7039,596,112,112
msg,1,123,460,32476,596,112,112
msg,1,124,453,7001,565,112,112
msg,1,125,472,5740,566,112,112
msg,1,126,462,5620,595,112,112
msg,1,127,456,5599,601,112,112
msg,1,128,456,6295,569,112,112
msg,1,129,429,7695,569,112,112
msg,1,130,424,8898,596,112,112
msg,1,131,425,6271,568,112,112
msg,1,132,461,9881,564,112,112
msg,1,133,425,25083,597,112,112
msg,1,134,425,6704,599,112,112
msg,1,135,430,5752,597,112,112
msg,1,136,425,5605,564,112,112
msg,1,137,438,5593,568,112,112
msg,1,138,424,5603,565,112,112
msg,1,139,460,5956,564,112,112
msg,1,140,428,5624,565,112,112
msg,1,141,427,5888,565,112,112
msg,1,142,428,6495,566,112,112
msg,1,143,455,6490,699,112,112
msg,1,144,463,27509,602,112,112
msg,1,145,458,5658,603,112,112
msg,1,146,457,7420,593,112,112
msg,1,147,438,7414,568,112,112
msg,1,148,462,6255,599,112,112
msg,1,149,418,6516,567,112,112
msg,1,150,447,8015,599,112,112
msg,1,151,455,6981,567,112,112
msg,1,152,457,7261,596,112,112
msg,1,153,422,8356,568,112,112
msg,1,154,428,22360,600,112,112
msg,1,155,565,7936,564,112,112
msg,1,156,437,6482,598,112,112
msg,1,157,447,5549,599,112,112
msg,1,158,467,6184,567,112,112
msg,1,159,445,5989,598,112,112
msg,1,160,420,5764,599,112,112
msg,1,161,424,6700,601,112,112
msg,1,162,422,6522,564,112,112
msg,1,163,424,6470,566,112,112
msg,1,164,457,31993,572,112,112
msg,1,165,428,8400,566,112,112
msg,1,166,455,6251,602,112,112
msg,1,167,424,6666,595,112,112
msg,1,168,424,5871,601,112,112
msg,1,169,429,5603,598,112,112
msg,1,170,426,5591,569,112,112
msg,1,171,430,7992,600,112,112
msg,1,172,440,5797,601,112,112
msg,1,173,426,5934,601,112,112
msg,1,174,464,7315,596,112,112
msg,1,175,428,25559,567,112,112
msg,1,176,434,5912,599,112,112
msg,1,177,423,6834,601,112,112
msg,1,178,425,5809,598,112,112
msg,1,179,433,5656,599,112,112
msg,1,180,428,5631,597,112,112
msg,1,181,427,5679,568,112,112
msg,1,182,537,5860,596,112,112
msg,1,183,425,6343,566,112,112
msg,1,184,427,5848,567,112,112
msg,1,185,428,29006,600,112,112
msg,1,186,422,6340,566,112,112
msg,1,187,595,6308,597,112,112
msg,1,188,467,5914,563,112,112
msg,1,189,457,6072,597,112,112
msg,1,190,425,5779,598,112,112
msg,1,191,421,5653,596,112,112
msg,1,192,428,5651,565,112,112
msg,1,193,422,5590,565,112,112
msg,1,194,429,6374,595,112,112
msg,1,195,454,6176,569,112,112
msg,1,196,423,7663,566,112,112
msg,1,197,430,26937,565,112,112
msg,1,198,421,5811,1100,112,112
msg,1,199,467,6105,567,112,112
whole,1,2273.649,4267.439,200
2,5.4220,2245.0590,12.2810,2262.7620,1391,3051,45,568,2,12,3,18,134884,66143.0,70162.0,2025488.0,0.0,2,2,2,0
msg,2,0,602,6886,568,112,112
msg,2,1,461,8879,564,112,112
msg,2,2,474,6755,568,112,112
msg,2,3,437,7943,598,112,112
msg,2,4,420,28449,566,112,112
msg,2,5,430,7126,597,112,112
msg,2,6,426,6412,564,112,112
msg,2,7,427,7538,569,112,112
msg,2,8,458,5714,564,112,112
msg,2,9,466,5549,599,112,112
msg,2,10,459,7246,567,112,112
msg,2,11,424,18049,595,112,112
msg,2,12,423,35984,597,112,112
msg,2,13,470,7016,566,112,112
msg,2,14,424,6113,598,112,112
msg,2,15,420,6058,598,112,112
msg,2,16,462,5840,567,112,112
msg,2,17,457,6622,598,112,112
msg,2,18,451,6371,1135,112,112
msg,2,19,440,6512,596,112,112
msg,2,20,457,6529,598,112,112
msg,2,21,473,7234,564,112,112
msg,2,22,427,29113,602,112,112
msg,2,23,440,7922,594,112,112
msg,2,24,462,5559,599,112,112
msg,2,25,455,5904,597,112,112
msg,2,26,464,5942,567,112,112
msg,2,27,435,5716,564,112,112
msg,2,28,429,6982,566,112,112
msg,2,29,428,7284,600,112,112
msg,2,30,459,7395,596,112,112
msg,2,31,421,7887,603,112,112
msg,2,32,458,27214,567,112,112
msg,2,33,424,5661,567,112,112
msg,2,34,435,6443,599,112,112
msg,2,35,576,7224,601,112,112
msg,2,36,425,7378,566,112,112
msg,2,37,433,5581,566,112,112
msg,2,38,458,7881,565,112,112
msg,2,39,432,6711,569,112,112
msg,2,40,429,7498,593,112,112
msg,2,41,471,32928,569,112,112
msg,2,42,428,6831,567,112,112
msg,2,43,420,5952,682,112,112
msg,2,44,431,5980,599,112,112
msg,2,45,466,6565,597,112,112
msg,2,46,420,6373,567,112,112
msg,2,47,420,5810,567,112,112
msg,2,48,442,8704,567,112,112
msg,2,49,536,5567,567,112,112
msg,2,50,430,5935,597,112,112
msg,2,51,421,7177,599,112,112
msg,2,52,461,26251,591,112,112
msg,2,53,427,8750,595,112,112
msg,2,54,545,5866,603,112,112
msg,2,55,425,6014,597,112,112
msg,2,56,460,5548,601,112,112
msg,2,57,457,5870,595,112,112
msg,2,58,468,12220,597,112,112
msg,2,59,426,6589,565,112,112
msg,2,60,429,7793,566,112,112
msg,2,61,425,24331,594,112,112
msg,2,62,458,6090,568,112,112
msg,2,63,427,6116,599,112,112
msg,2,64,456,6842,594,112,112
msg,2,65,463,7593,600,112,112
msg,2,66,455,5707,603,112,112
msg,2,67,456,6222,567,112,112
msg,2,68,433,7287,597,112,112
msg,2,69,453,12139,569,112,112
msg,2,70,428,7890,564,112,112
msg,2,71,434,23140,599,112,112
msg,2,72,454,6318,563,112,112
msg,2,73,424,6451,567,112,112
msg,2,74,464,5720,565,112,112
msg,2,75,569,5992,599,112,112
msg,2,76,421,5753,600,112,112
msg,2,77,422,6853,595,112,112
msg,2,78,424,8132,597,112,112
msg,2,79,462,8307,598,112,112
msg,2,80,422,5676,593,112,112
msg,2,81,421,5542,565,112,112
msg,2,82,426,32561,567,112,112
msg,2,83,454,8423,599,112,112
msg,2,84,469,5581,598,112,112
msg,2,85,463,7537,600,112,112
msg,2,86,416,5620,564,112,112
msg,2,87,428,5762,590,112,112
msg,2,88,421,5861,598,112,112
msg,2,89,426,6832,598,112,112
msg,2,90,428,8091,590,112,112
msg,2,91,478,8082,566,112,112
msg,2,92,427,31120,599,112,112
msg,2,93,456,6071,565,112,112
msg,2,94,472,8459,592,112,112
msg,2,95,458,5827,599,112,112
msg,2,96,459,5571,604,112,112
msg,2,97,472,8418,599,112,112
msg,2,98,429,8961,598,112,112
msg,2,99,461,7218,568,112,112
msg,2,100,428,8422,599,112,112
msg,2,101,461,34102,568,112,112
msg,2,102,425,5987,600,112,112
msg,2,103,418,5906,603,112,112
msg,2,104,460,5747,596,112,112
msg,2,105,455,6225,568,112,112
msg,2,106,428,8068,600,112,112
msg,2,107,424,7959,595,112,112
msg,2,108,458,6654,597,112,112
msg,2,109,466,7506,601,112,112
msg,2,110,419,24896,599,112,112
msg,2,111,572,5760,595,112,112
msg,2,112,452,6589,602,112,112
msg,2,113,457,6143,567,112,112
msg,2,114,427,7125,602,112,112
msg,2,115,426,5598,604,112,112
msg,2,116,422,5515,568,112,112
msg,2,117,429,5881,596,112,112
msg,2,118,422,7341,567,112,112
msg,2,119,464,5428,600,112,112
msg,2,120,457,5781,595,112,112
msg,2,121,456,32599,597,112,112
msg,2,122,460,8734,601,112,112
msg,2,123,457,5556,597,112,112
msg,2,124,425,7251,564,112,112
msg,2,125,474,5671,674,112,112
msg,2,126,441,5810,565,112,112
msg,2,127,426,5804,567,112,112
msg,2,128,428,7291,599,112,112
msg,2,129,465,6654,596,112,112
msg,2,130,458,8541,601,112,112
msg,2,131,426,21898,599,112,112
msg,2,132,463,10361,593,112,112
msg,2,133,421,6928,600,112,112
msg,2,134,426,8502,591,112,112
msg,2,135,427,5776,593,112,112
msg,2,136,432,5589,566,112,112
msg,2,137,426,6691,567,112,112
msg,2,138,426,7979,602,112,112
msg,2,139,423,5723,601,112,112
msg,2,140,431,5569,564,112,112
msg,2,141,526,27052,563,112,112
msg,2,142,431,6128,601,112,112
msg,2,143,425,5754,597,112,112
msg,2,144,422,5646,599,112,112
msg,2,145,428,6406,568,112,112
msg,2,146,424,5640,563,112,112
msg,2,147,458,5522,599,112,112
msg,2,148,464,6414,599,112,112
msg,2,149,430,8805,597,112,112
msg,2,150,423,6354,565,112,112
msg,2,151,428,6992,597,112,112
msg,2,152,433,28698,595,112,112
msg,2,153,437,11772,600,112,112
msg,2,154,423,6017,599,112,112
msg,2,155,466,6081,568,112,112
msg,2,156,428,5881,568,112,112
msg,2,157,425,9323,703,112,112
msg,2,158,465,8271,599,112,112
msg,2,159,429,6577,596,112,112
msg,2,160,426,8679,565,112,112
msg,2,161,422,23894,597,112,112
msg,2,162,422,7642,593,112,112
msg,2,163,432,5964,602,112,112
msg,2,164,492,39222,682,112,112
msg,2,165,464,6797,596,112,112
msg,2,166,464,5679,598,112,112
msg,2,167,458,36984,569,112,112
msg,2,168,424,6877,566,112,112
msg,2,169,421,6634,564,112,112
msg,2,170,421,6047,602,112,112
msg,2,171,420,7712,597,112,112
msg,2,172,426,8048,597,112,112
msg,2,173,466,7603,598,112,112
msg,2,174,425,6347,567,112,112
msg,2,175,429,6546,563,112,112
msg,2,176,461,29344,754,112,112
msg,2,177,480,6208,566,112,112
msg,2,178,427,6372,568,112,112
msg,2,179,454,10530,600,112,112
msg,2,180,472,6129,565,112,112
msg,2,181,427,5831,568,112,112
msg,2,182,427,9167,601,112,112
msg,2,183,470,6553,598,112,112
msg,2,184,426,6496,564,112,112
msg,2,185,520,31508,592,112,112
msg,2,186,418,13039,595,112,112
msg,2,187,461,6224,567,112,112
msg,2,188,424,5747,568,112,112
msg,2,189,429,7034,597,112,112
msg,2,190,424,9425,564,112,112
msg,2,191,430,11056,596,112,112
msg,2,192,424,62694,598,112,112
msg,2,193,421,7197,569,112,112
msg,2,194,465,6967,566,112,112
msg,2,195,429,10947,597,112,112
msg,2,196,420,7462,566,112,112
msg,2,197,428,6884,567,112,112
msg,2,198,437,8073,600,112,112
msg,2,199,458,23184,566,112,112
whole,2,2278.115,4481.775,200
#heap 21951
#stack 12384
#end
#block pipeline TLS lorawan11_256 up
#aead AES-256-CTR+2xCMAC (LoRaWAN 1.1 frame, 256-bit keys) (BearSSL (arduino-pico)), uplink, 51 B payload + 13 B overhead
#lib wolfSSL 5.9.4
iter,tcp_ms,tls_ms,mqtt_ms,total_ms,hs_tx_B,hs_rx_B,mqtt_tx_B,mqtt_rx_B,hs_writes,hs_reads,writes,reads,free_heap_B,hs_keygen_us,hs_derive_us,hs_verify_us,hs_sign_us,hs_keygen_n,hs_derive_n,hs_verify_n,hs_sign_n
msg,iter,idx,seal_us,rtt_us,open_us,tx_B,rx_B
whole,iter,first_ms,all_ms,msgs
#suite TLS13-AES256-GCM-SHA384
0,8.4160,2240.8720,13.5960,2262.8840,1391,3051,45,568,2,12,3,18,134884,66154.0,70431.0,2027010.0,0.0,2,2,2,0
msg,0,0,1181,5645,1093,112,112
msg,0,1,949,5692,1091,112,112
msg,0,2,942,35879,1075,112,112
msg,0,3,958,8643,1097,112,112
msg,0,4,947,8093,1092,112,112
msg,0,5,1119,6670,1092,112,112
msg,0,6,1525,6866,1075,112,112
msg,0,7,955,7129,1091,112,112
msg,0,8,949,5629,1085,112,112
msg,0,9,950,6945,1095,112,112
msg,0,10,936,28580,1092,112,112
msg,0,11,944,6567,1085,112,112
msg,0,12,951,5754,1083,112,112
msg,0,13,953,6671,1088,112,112
msg,0,14,956,6809,1083,112,112
msg,0,15,945,7905,1090,112,112
msg,0,16,946,6855,1093,112,112
msg,0,17,911,6619,1094,112,112
msg,0,18,1053,7299,1082,112,112
msg,0,19,951,20897,1090,112,112
msg,0,20,949,9592,1084,112,112
msg,0,21,952,6528,1068,112,112
msg,0,22,943,6191,1090,112,112
msg,0,23,951,88844,1097,112,112
msg,0,24,942,7727,1092,112,112
msg,0,25,944,6345,1082,112,112
msg,0,26,950,5887,1092,112,112
msg,0,27,1080,6568,1090,112,112
msg,0,28,957,8117,1093,112,112
msg,0,29,1037,6683,1094,112,112
msg,0,30,952,23556,1092,112,112
msg,0,31,951,6569,1093,112,112
msg,0,32,950,7355,1072,112,112
msg,0,33,949,6522,1087,112,112
msg,0,34,943,6196,1089,112,112
msg,0,35,947,5578,1077,112,112
msg,0,36,948,7950,1094,112,112
msg,0,37,952,8118,1092,112,112
msg,0,38,949,5625,1094,112,112
msg,0,39,945,8244,1083,112,112
msg,0,40,949,26058,1093,112,112
msg,0,41,941,7039,1100,112,112
msg,0,42,956,7422,1092,112,112
msg,0,43,947,6231,1075,112,112
msg,0,44,947,5961,1087,112,112
msg,0,45,958,7204,1214,112,112
msg,0,46,951,7286,1092,112,112
msg,0,47,946,5698,1092,112,112
msg,0,48,947,6669,1086,112,112
msg,0,49,964,28252,1099,112,112
msg,0,50,946,6145,1080,112,112
msg,0,51,949,5729,1090,112,112
msg,0,52,950,6110,1099,112,112
msg,0,53,941,5848,1212,112,112
msg,0,54,943,5622,1098,112,112
msg,0,55,944,7359,1092,112,112
msg,0,56,941,5698,1092,112,112
msg,0,57,946,5759,1092,112,112
msg,0,58,949,29081,1088,112,112
msg,0,59,948,6209,1086,112,112
msg,0,60,956,5723,1088,112,112
msg,0,61,952,5620,1087,112,112
msg,0,62,950,6210,1092,112,112
msg,0,63,944,6111,1082,112,112
msg,0,64,954,5961,1089,112,112
msg,0,65,951,9248,1105,112,112
msg,0,66,948,6663,1087,112,112
msg,0,67,941,33893,1079,112,112
msg,0,68,947,6827,1076,112,112
msg,0,69,958,6016,1090,112,112
msg,0,70,951,7145,1090,112,112
msg,0,71,1057,6218,1087,112,112
msg,0,72,940,10172,1191,112,112
msg,0,73,968,6016,1089,112,112
msg,0,74,951,5543,1072,112,112
msg,0,75,952,6491,1086,112,112
msg,0,76,948,25924,1075,112,112
msg,0,77,955,5967,1088,112,112
msg,0,78,950,5556,1079,112,112
msg,0,79,1342,19193,1097,112,112
msg,0,80,943,7456,1085,112,112
msg,0,81,915,6452,1089,112,112
msg,0,82,948,5980,1093,112,112
msg,0,83,918,7831,1091,112,112
msg,0,84,945,21843,1090,112,112
msg,0,85,945,7262,1095,112,112
msg,0,86,952,5714,1641,112,112
msg,0,87,962,5819,1079,112,112
msg,0,88,948,6309,1095,112,112
msg,0,89,916,7286,1086,112,112
msg,0,90,952,5791,1086,112,112
msg,0,91,947,6526,1073,112,112
msg,0,92,951,5519,1089,112,112
msg,0,93,945,31369,1095,112,112
msg,0,94,950,6159,1103,112,112
msg,0,95,948,6252,1094,112,112
msg,0,96,958,6762,1095,112,112
msg,0,97,940,5775,1092,112,112
msg,0,98,952,5734,1094,112,112
msg,0,99,952,7748,1095,112,112
msg,0,100,954,5766,1091,112,112
msg,0,101,916,6633,1091,112,112
msg,0,102,945,5805,1090,112,112
msg,0,103,947,21027,1102,112,112
msg,0,104,942,7743,1104,112,112
msg,0,105,949,6718,1104,112,112
msg,0,106,945,6217,1087,112,112
msg,0,107,945,5593,1085,112,112
msg,0,108,950,5589,1078,112,112
msg,0,109,1070,6897,1084,112,112
msg,0,110,1132,5819,1096,112,112
msg,0,111,916,5910,1091,112,112
msg,0,112,943,32431,1241,112,112
msg,0,113,945,6423,1087,112,112
msg,0,114,951,5966,1094,112,112
msg,0,115,913,6356,1086,112,112
msg,0,116,952,6938,1093,112,112
msg,0,117,948,5993,1091,112,112
msg,0,118,949,8727,1095,112,112
msg,0,119,936,5973,1071,112,112
msg,0,120,948,7285,1089,112,112
msg,0,121,944,27561,1090,112,112
msg,0,122,960,6203,1089,112,112
msg,0,123,953,5675,1092,112,112
msg,0,124,948,6416,1091,112,112
msg,0,125,946,7272,1077,112,112
msg,0,126,966,5824,1079,112,112
msg,0,127,955,6708,1081,112,112
msg,0,128,945,6059,1089,112,112
msg,0,129,949,5740,1085,112,112
msg,0,130,948,6089,1090,112,112
msg,0,131,949,27030,1075,112,112
msg,0,132,949,7031,1088,112,112
msg,0,133,944,5555,1091,112,112
msg,0,134,949,6108,1093,112,112
msg,0,135,910,5546,1091,112,112
msg,0,136,952,6729,1194,112,112
msg,0,137,956,19758,1094,112,112
msg,0,138,946,31504,1086,112,112
msg,0,139,951,16216,1092,112,112
msg,0,140,951,6014,1082,112,112
msg,0,141,962,5769,1186,112,112
msg,0,142,952,6102,1093,112,112
msg,0,143,945,9298,1190,112,112
msg,0,144,951,7965,1094,112,112
msg,0,145,911,5593,1093,112,112
msg,0,146,1070,27513,1093,112,112
msg,0,147,948,6173,1091,112,112
msg,0,148,945,6489,1093,112,112
msg,0,149,945,7545,1090,112,112
msg,0,150,952,6666,1090,112,112
msg,0,151,948,5930,1091,112,112
msg,0,152,945,8332,1083,112,112
msg,0,153,947,5848,1084,112,112
msg,0,154,951,6670,1086,112,112
msg,0,155,951,23160,1089,112,112
msg,0,156,915,6449,1087,112,112
msg,0,157,945,6613,1081,112,112
msg,0,158,954,5510,1074,112,112
msg,0,159,946,5430,1197,112,112
msg,0,160,947,5682,1090,112,112
msg,0,161,947,5808,1101,112,112
msg,0,162,945,8522,1091,112,112
msg,0,163,912,6614,1091,112,112
msg,0,164,950,5534,1088,112,112
msg,0,165,945,22796,1085,112,112
msg,0,166,950,7434,1079,112,112
msg,0,167,1067,7160,1095,112,112
msg,0,168,908,5755,1092,112,112
msg,0,169,915,5932,1099,112,112
msg,0,170,948,7233,1085,112,112
msg,0,171,945,7232,1098,112,112
msg,0,172,952,9876,1070,112,112
msg,0,173,943,6081,1086,112,112
msg,0,174,945,29390,1071,112,112
msg,0,175,944,6342,1095,112,112
msg,0,176,915,6980,1108,112,112
msg,0,177,950,6708,1101,112,112
msg,0,178,945,5515,1182,112,112
msg,0,179,947,27850,1107,112,112
msg,0,180,953,7022,1193,112,112
msg,0,181,966,24958,1089,112,112
msg,0,182,942,6428,1085,112,112
msg,0,183,958,6015,1095,112,112
msg,0,184,952,7891,1091,112,112
msg,0,185,942,6380,1088,112,112
msg,0,186,946,5878,1090,112,112
msg,0,187,957,5696,1092,112,112
msg,0,188,952,6411,1086,112,112
msg,0,189,1065,6854,1091,112,112
msg,0,190,945,31070,1087,112,112
msg,0,191,944,5906,1070,112,112
msg,0,192,944,6348,1092,112,112
msg,0,193,946,6139,1073,112,112
msg,0,194,946,6827,1074,112,112
msg,0,195,950,6385,1093,112,112
msg,0,196,940,9846,1091,112,112
msg,0,197,950,8347,1091,112,112
msg,0,198,942,8397,1081,112,112
msg,0,199,951,57268,1091,112,112
whole,0,2279.785,4705.529,200
1,12.4020,2249.8170,14.3110,2276.5300,1391,3051,45,568,2,12,3,18,134884,66247.0,70356.0,2033205.0,0.0,2,2,2,0
msg,1,0,1087,28073,1087,112,112
msg,1,1,950,7179,1092,112,112
msg,1,2,945,8616,1091,112,112
msg,1,3,1119,7128,1091,112,112
msg,1,4,953,5835,1089,112,112
msg,1,5,944,5598,1086,112,112
msg,1,6,948,6371,1096,112,112
msg,1,7,949,6540,1093,112,112
msg,1,8,949,6061,1235,112,112
msg,1,9,952,23721,1088,112,112
msg,1,10,957,5817,1084,112,112
msg,1,11,950,8304,1104,112,112
msg,1,12,942,11427,1088,112,112
msg,1,13,946,6651,1092,112,112
msg,1,14,949,5964,1091,112,112
msg,1,15,944,5593,1097,112,112
msg,1,16,924,5577,1088,112,112
msg,1,17,945,5588,1088,112,112
msg,1,18,955,6866,1093,112,112
msg,1,19,1060,25412,1086,112,112
msg,1,20,954,5673,1080,112,112
msg,1,21,956,6348,1088,112,112
msg,1,22,947,10498,1092,112,112
msg,1,23,910,8710,1091,112,112
msg,1,24,945,6850,1096,112,112
msg,1,25,947,5794,1089,112,112
msg,1,26,944,6023,1074,112,112
msg,1,27,953,37732,1073,112,112
msg,1,28,949,15199,1091,112,112
msg,1,29,1521,17900,1090,112,112
msg,1,30,964,5544,1083,112,112
msg,1,31,949,5832,1089,112,112
msg,1,32,957,5859,1093,112,112
msg,1,33,950,5750,1092,112,112
msg,1,34,941,25075,1085,112,112
msg,1,35,1071,6384,1240,112,112
msg,1,36,950,6283,1091,112,112
msg,1,37,952,6288,1098,112,112
msg,1,38,946,5862,1076,112,112
msg,1,39,945,5761,1076,112,112
msg,1,40,954,5716,1075,112,112
msg,1,41,950,8319,1091,112,112
msg,1,42,910,8434,1090,112,112
msg,1,43,948,33777,1085,112,112
msg,1,44,1112,5628,1092,112,112
msg,1,45,953,5916,1095,112,112
msg,1,46,916,5978,1107,112,112
msg,1,47,943,6059,1082,112,112
msg,1,48,946,8178,1095,112,112
msg,1,49,941,6790,1090,112,112
msg,1,50,941,6780,1092,112,112
msg,1,51,1551,33705,1086,112,112
msg,1,52,949,7662,1084,112,112
msg,1,53,955,5786,1087,112,112
msg,1,54,953,5777,1093,112,112
msg,1,55,942,5509,1084,112,112
msg,1,56,957,5580,1075,112,112
msg,1,57,1063,6342,1091,112,112
msg,1,58,949,5694,1091,112,112
msg,1,59,945,6165,1087,112,112
msg,1,60,949,24940,1088,112,112
msg,1,61,947,5628,1088,112,112
msg,1,62,1117,5679,1093,112,112
msg,1,63,946,6562,1091,112,112
msg,1,64,951,5925,1088,112,112
msg,1,65,950,6583,1087,112,112
msg,1,66,952,5802,1089,112,112
msg,1,67,949,5778,1093,112,112
msg,1,68,943,6097,1093,112,112
msg,1,69,956,6225,1091,112,112
msg,1,70,950,29435,1074,112,112
msg,1,71,948,5977,1089,112,112
msg,1,72,954,5620,1085,112,112
msg,1,73,949,6668,1076,112,112
msg,1,74,949,6904,1086,112,112
msg,1,75,948,5564,1073,112,112
msg,1,76,946,7148,1094,112,112
msg,1,77,1062,7305,1083,112,112
msg,1,78,951,6092,1088,112,112
msg,1,79,958,34896,1095,112,112
msg,1,80,945,7028,1072,112,112
msg,1,81,948,5915,1085,112,112
msg,1,82,949,6155,1091,112,112
msg,1,83,915,7526,1188,112,112
msg,1,84,950,6892,1092,112,112
msg,1,85,942,7083,1076,112,112
msg,1,86,1065,44207,1089,112,112
msg,1,87,911,7334,1088,112,112
msg,1,88,953,5708,1085,112,112
msg,1,89,948,7127,1087,112,112
msg,1,90,916,7172,1070,112,112
msg,1,91,949,8919,1084,112,112
msg,1,92,965,7863,1084,112,112
msg,1,93,963,5780,1088,112,112
msg,1,94,952,30445,1081,112,112
msg,1,95,961,34684,1075,112,112
msg,1,96,948,6801,1082,112,112
msg,1,97,949,5641,1072,112,112
msg,1,98,1067,7473,1101,112,112
msg,1,99,940,5541,1099,112,112
msg,1,100,946,24286,1090,112,112
msg,1,101,944,5951,1093,112,112
msg,1,102,953,6156,1198,112,112
msg,1,103,955,5670,1073,112,112
msg,1,104,944,6007,1088,112,112
msg,1,105,952,6001,1088,112,112
msg,1,106,951,5803,1091,112,112
msg,1,107,914,10773,1090,112,112
msg,1,108,913,7835,1092,112,112
msg,1,109,955,27410,1092,112,112
msg,1,110,948,5729,1090,112,112
msg,1,111,948,5535,1090,112,112
msg,1,112,953,5648,1082,112,112
msg,1,113,1062,7596,1079,112,112
msg,1,114,956,5576,1073,112,112
msg,1,115,949,5481,1093,112,112
msg,1,116,946,7485,1089,112,112
msg,1,117,950,9393,1083,112,112
msg,1,118,952,5792,1088,112,112
msg,1,119,955,24744,1086,112,112
msg,1,120,950,6228,1211,112,112
msg,1,121,945,5556,1097,112,112
msg,1,122,939,6544,1089,112,112
msg,1,123,955,5473,1091,112,112
msg,1,124,950,5534,1074,112,112
msg,1,125,956,8150,1088,112,112
msg,1,126,950,6994,1093,112,112
msg,1,127,946,5533,1198,112,112
msg,1,128,945,7546,1094,112,112
msg,1,129,948,25634,1087,112,112
msg,1,130,949,6339,1075,112,112
msg,1,131,955,5671,1081,112,112
msg,1,132,944,5828,1077,112,112
msg,1,133,953,5777,1080,112,112
msg,1,134,949,5879,1085,112,112
msg,1,135,948,8432,1073,112,112
msg,1,136,942,8241,1090,112,112
msg,1,137,1075,6058,1099,112,112
msg,1,138,947,28937,1185,112,112
msg,1,139,948,6676,1081,112,112
msg,1,140,947,5894,1088,112,112
msg,1,141,954,8650,1087,112,112
msg,1,142,949,5997,1091,112,112
msg,1,143,943,8081,1105,112,112
msg,1,144,942,8027,1083,112,112
msg,1,145,951,6305,1089,112,112
msg,1,146,941,7116,1086,112,112
msg,1,147,952,26864,1085,112,112
msg,1,148,946,5913,1090,112,112
msg,1,149,945,7322,1076,112,112
msg,1,150,951,5524,1101,112,112
msg,1,151,946,5460,1094,112,112
msg,1,152,914,8854,1093,112,112
msg,1,153,948,10476,1094,112,112
msg,1,154,956,5549,1085,112,112
msg,1,155,951,29482,1075,112,112
msg,1,156,951,6348,1093,112,112
msg,1,157,1059,6985,1074,112,112
msg,1,158,956,7262,1088,112,112
msg,1,159,917,5857,1093,112,112
msg,1,160,947,6049,1074,112,112
msg,1,161,951,5673,1066,112,112
msg,1,162,951,5577,1096,112,112
msg,1,163,945,6066,1082,112,112
msg,1,164,1071,8018,1251,112,112
msg,1,165,946,29404,1091,112,112
msg,1,166,946,5689,1192,112,112
msg,1,167,955,7318,1070,112,112
msg,1,168,950,11683,1071,112,112
msg,1,169,945,9108,1089,112,112
msg,1,170,950,6312,1074,112,112
msg,1,171,954,12355,1091,112,112
msg,1,172,1097,28791,1100,112,112
msg,1,173,957,5640,1088,112,112
msg,1,174,959,6738,1091,112,112
msg,1,175,945,8921,1074,112,112
msg,1,176,946,5926,1091,112,112
msg,1,177,948,7924,1091,112,112
msg,1,178,952,8547,1086,112,112
msg,1,179,951,5717,1083,112,112
msg,1,180,949,31287,1097,112,112
msg,1,181,942,6451,1091,112,112
msg,1,182,948,5678,1092,112,112
msg,1,183,949,5669,1088,112,112
msg,1,184,947,5835,1094,112,112
msg,1,185,947,5634,1093,112,112
msg,1,186,944,7414,1084,112,112
msg,1,187,1057,6797,1086,112,112
msg,1,188,953,6795,1085,112,112
msg,1,189,949,32063,1093,112,112
msg,1,190,940,5591,1193,112,112
msg,1,191,916,5679,1090,112,112
msg,1,192,915,5518,1091,112,112
msg,1,193,943,5556,1081,112,112
msg,1,194,953,5920,1092,112,112
msg,1,195,946,18209,1100,112,112
msg,1,196,951,5823,1212,112,112
msg,1,197,954,6291,1096,112,112
msg,1,198,916,31854,1096,112,112
msg,1,199,941,6313,1186,112,112
whole,1,2313.214,4687.272,200
2,4.7250,2242.8450,11.8750,2259.4450,1391,3051,45,568,2,12,3,18,134884,66188.0,70048.0,2028630.0,0.0,2,2,2,0
msg,2,0,1088,9040,1087,112,112
msg,2,1,955,8821,1092,112,112
msg,2,2,952,7356,1072,112,112
msg,2,3,941,28876,1081,112,112
msg,2,4,962,7938,1091,112,112
msg,2,5,1098,6212,1071,112,112
msg,2,6,951,7164,1090,112,112
msg,2,7,946,6550,1090,112,112
msg,2,8,951,5976,1091,112,112
msg,2,9,945,5841,1091,112,112
msg,2,10,916,5837,1091,112,112
msg,2,11,944,5696,1093,112,112
msg,2,12,942,30285,1087,112,112
msg,2,13,949,8294,1092,112,112
msg,2,14,942,7684,1654,112,112
msg,2,15,957,9833,1089,112,112
msg,2,16,951,7416,1088,112,112
msg,2,17,950,5846,1088,112,112
msg,2,18,943,8090,1086,112,112
msg,2,19,917,5753,1094,112,112
msg,2,20,945,6943,1094,112,112
msg,2,21,938,26380,1091,112,112
msg,2,22,948,6230,1069,112,112
msg,2,23,946,5513,1090,112,112
msg,2,24,948,8103,1086,112,112
msg,2,25,951,6271,1094,112,112
msg,2,26,947,10782,1101,112,112
msg,2,27,947,6054,1085,112,112
msg,2,28,951,6214,1094,112,112
msg,2,29,936,5691,1089,112,112
msg,2,30,913,25571,1092,112,112
msg,2,31,1129,5618,1091,112,112
msg,2,32,941,5761,1088,112,112
msg,2,33,948,5660,1094,112,112
msg,2,34,949,6905,1095,112,112
msg,2,35,938,6943,1096,112,112
msg,2,36,947,10183,1088,112,112
msg,2,37,950,6055,1092,112,112
msg,2,38,942,6012,1069,112,112
msg,2,39,950,24437,1090,112,112
msg,2,40,916,6837,1097,112,112
msg,2,41,948,5485,1091,112,112
msg,2,42,950,5568,1093,112,112
msg,2,43,949,5512,1081,112,112
msg,2,44,955,7208,1202,112,112
msg,2,45,947,6280,1087,112,112
msg,2,46,954,8458,1077,112,112
msg,2,47,1068,6231,1092,112,112
msg,2,48,912,6421,1086,112,112
msg,2,49,950,24066,1091,112,112
msg,2,50,919,6796,1092,112,112
msg,2,51,947,5532,1198,112,112
msg,2,52,921,6639,1087,112,112
msg,2,53,951,6215,1071,112,112
msg,2,54,948,5516,1093,112,112
msg,2,55,942,5714,1091,112,112
msg,2,56,951,11369,1088,112,112
msg,2,57,954,5807,1091,112,112
msg,2,58,940,28748,1095,112,112
msg,2,59,948,5816,1091,112,112
msg,2,60,914,6024,1102,112,112
msg,2,61,937,7082,1081,112,112
msg,2,62,951,6063,1094,112,112
msg,2,63,915,5493,1091,112,112
msg,2,64,952,6545,1090,112,112
msg,2,65,951,6548,1073,112,112
msg,2,66,948,5494,1089,112,112
msg,2,67,948,29818,1099,112,112
msg,2,68,951,6812,1072,112,112
msg,2,69,947,5495,1090,112,112
msg,2,70,944,5471,1091,112,112
msg,2,71,944,5507,1084,112,112
msg,2,72,959,5793,1081,112,112
msg,2,73,949,7102,1092,112,112
msg,2,74,943,7203,1087,112,112
msg,2,75,943,7716,1078,112,112
msg,2,76,943,30136,1095,112,112
msg,2,77,950,7363,1086,112,112
msg,2,78,944,6192,1094,112,112
msg,2,79,916,7931,1096,112,112
msg,2,80,946,5645,1094,112,112
msg,2,81,941,5614,1093,112,112
msg,2,82,946,5767,1095,112,112
msg,2,83,1536,6703,1089,112,112
msg,2,84,951,10833,1088,112,112
msg,2,85,948,27624,1086,112,112
msg,2,86,950,6857,1089,112,112
msg,2,87,954,5710,1092,112,112
msg,2,88,950,6546,1087,112,112
msg,2,89,959,5676,1087,112,112
msg,2,90,948,5542,1071,112,112
msg,2,91,949,6309,1092,112,112
msg,2,92,946,5531,1087,112,112
msg,2,93,947,5833,1093,112,112
msg,2,94,1058,31388,1091,112,112
msg,2,95,944,8937,1092,112,112
msg,2,96,946,5728,1090,112,112
msg,2,97,949,7495,1081,112,112
msg,2,98,948,5649,1084,112,112
msg,2,99,958,6064,1090,112,112
msg,2,100,947,5694,1091,112,112
msg,2,101,952,5610,1086,112,112
msg,2,102,940,5604,1080,112,112
msg,2,103,949,30160,1093,112,112
msg,2,104,915,6711,1089,112,112
msg,2,105,919,5578,1189,112,112
msg,2,106,946,5641,1091,112,112
msg,2,107,950,5620,1092,112,112
msg,2,108,951,5624,1086,112,112
msg,2,109,947,9003,1093,112,112
msg,2,110,952,7601,1088,112,112
msg,2,111,949,6616,1084,112,112
msg,2,112,946,30993,1087,112,112
msg,2,113,1061,8561,1093,112,112
msg,2,114,947,5576,1088,112,112
msg,2,115,947,6419,1072,112,112
msg,2,116,948,6017,1088,112,112
msg,2,117,946,5970,1093,112,112
msg,2,118,948,5533,1088,112,112
msg,2,119,948,5568,1087,112,112
msg,2,120,958,6262,1093,112,112
msg,2,121,939,30296,1183,112,112
msg,2,122,952,8085,1091,112,112
msg,2,123,942,6326,1090,112,112
msg,2,124,1062,8780,1256,112,112
msg,2,125,950,7200,1087,112,112
msg,2,126,1579,10679,1095,112,112
msg,2,127,947,7413,1091,112,112
msg,2,128,939,7423,1081,112,112
msg,2,129,951,27734,1088,112,112
msg,2,130,950,6944,1088,112,112
msg,2,131,953,6089,1214,112,112
msg,2,132,952,5954,1079,112,112
msg,2,133,952,5656,1072,112,112
msg,2,134,946,5909,1084,112,112
msg,2,135,947,6279,1096,112,112
msg,2,136,944,7842,1103,112,112
msg,2,137,956,5892,1077,112,112
msg,2,138,954,41816,1084,112,112
msg,2,139,956,6992,1089,112,112
msg,2,140,947,7360,1070,112,112
msg,2,141,938,5627,1100,112,112
msg,2,142,946,5472,1092,112,112
msg,2,143,913,5631,1092,112,112
msg,2,144,1064,6067,1076,112,112
msg,2,145,947,6608,1099,112,112
msg,2,146,946,29064,1086,112,112
msg,2,147,950,8817,1086,112,112
msg,2,148,957,5988,1093,112,112
msg,2,149,946,6086,1106,112,112
msg,2,150,939,7016,1085,112,112
msg,2,151,960,5711,1086,112,112
msg,2,152,959,5778,1086,112,112
msg,2,153,947,5982,1090,112,112
msg,2,154,947,6599,1089,112,112
msg,2,155,950,29626,1087,112,112
msg,2,156,958,6695,1087,112,112
msg,2,157,1067,6333,1077,112,112
msg,2,158,951,5771,1069,112,112
msg,2,159,947,5970,1087,112,112
msg,2,160,950,8413,1106,112,112
msg,2,161,947,6348,1090,112,112
msg,2,162,951,6762,1094,112,112
msg,2,163,943,5810,1261,112,112
msg,2,164,950,24543,1094,112,112
msg,2,165,911,5662,1096,112,112
msg,2,166,942,5763,1096,112,112
msg,2,167,917,6046,1102,112,112
msg,2,168,953,9928,1086,112,112
msg,2,169,953,6445,1095,112,112
msg,2,170,953,8406,1097,112,112
msg,2,171,944,7447,1088,112,112
msg,2,172,944,7368,1105,112,112
msg,2,173,957,24622,1094,112,112
msg,2,174,953,5555,1096,112,112
msg,2,175,943,5607,1093,112,112
msg,2,176,941,5578,1088,112,112
msg,2,177,946,5750,1087,112,112
msg,2,178,943,6688,1083,112,112
msg,2,179,945,5594,1087,112,112
msg,2,180,952,6162,1093,112,112
msg,2,181,944,6496,1092,112,112
msg,2,182,947,5755,1090,112,112
msg,2,183,947,6815,1091,112,112
msg,2,184,947,29937,1095,112,112
msg,2,185,943,5962,1073,112,112
msg,2,186,951,6510,1089,112,112
msg,2,187,950,11282,1092,112,112
msg,2,188,955,6569,1088,112,112
msg,2,189,953,5859,1091,112,112
msg,2,190,946,6780,1087,112,112
msg,2,191,945,5685,1091,112,112
msg,2,192,1525,35460,1096,112,112
msg,2,193,938,7475,1089,112,112
msg,2,194,950,6723,1089,112,112
msg,2,195,945,5564,1089,112,112
msg,2,196,944,6162,1095,112,112
msg,2,197,942,9401,1088,112,112
msg,2,198,947,6261,1108,112,112
msg,2,199,957,5564,1093,112,112
whole,2,2277.460,4552.781,200
#heap 21951
#stack 12384
#end
#block pipeline TLS lorawan11_256 down
#aead AES-256-CTR+2xCMAC (LoRaWAN 1.1 frame, 256-bit keys) (BearSSL (arduino-pico)), downlink, 51 B payload + 13 B overhead
#lib wolfSSL 5.9.4
iter,tcp_ms,tls_ms,mqtt_ms,total_ms,hs_tx_B,hs_rx_B,mqtt_tx_B,mqtt_rx_B,hs_writes,hs_reads,writes,reads,free_heap_B,hs_keygen_us,hs_derive_us,hs_verify_us,hs_sign_us,hs_keygen_n,hs_derive_n,hs_verify_n,hs_sign_n
msg,iter,idx,seal_us,rtt_us,open_us,tx_B,rx_B
whole,iter,first_ms,all_ms,msgs
#suite TLS13-AES256-GCM-SHA384
0,6.4040,2239.1470,12.6160,2258.1670,1391,3051,45,568,2,12,3,18,134884,66071.0,71413.0,2024885.0,0.0,2,2,2,0
msg,0,0,734,32227,730,112,112
msg,0,1,596,10030,703,112,112
msg,0,2,557,6126,738,112,112
msg,0,3,598,8454,736,112,112
msg,0,4,595,5837,697,112,112
msg,0,5,560,6766,833,112,112
msg,0,6,599,6469,734,112,112
msg,0,7,596,7400,733,112,112
msg,0,8,590,6345,730,112,112
msg,0,9,588,30722,733,112,112
msg,0,10,599,8211,735,112,112
msg,0,11,588,6200,704,112,112
msg,0,12,565,6146,732,112,112
msg,0,13,589,5615,702,112,112
msg,0,14,564,6247,728,112,112
msg,0,15,590,9241,733,112,112
msg,0,16,598,7774,703,112,112
msg,0,17,593,7181,735,112,112
msg,0,18,595,31800,699,112,112
msg,0,19,587,6175,733,112,112
msg,0,20,595,6303,733,112,112
msg,0,21,597,5886,700,112,112
msg,0,22,563,6469,700,112,112
msg,0,23,566,6815,740,112,112
msg,0,24,695,5841,701,112,112
msg,0,25,559,5544,700,112,112
msg,0,26,567,5677,732,112,112
msg,0,27,563,5753,734,112,112
msg,0,28,592,6683,728,112,112
msg,0,29,592,25558,703,112,112
msg,0,30,562,6026,730,112,112
msg,0,31,592,6880,700,112,112
msg,0,32,562,7073,731,112,112
msg,0,33,589,6035,698,112,112
msg,0,34,567,6239,704,112,112
msg,0,35,592,7580,701,112,112
msg,0,36,677,6580,729,112,112
msg,0,37,561,5902,729,112,112
msg,0,38,591,9123,735,112,112
msg,0,39,593,27877,729,112,112
msg,0,40,593,7348,730,112,112
msg,0,41,591,6152,728,112,112
msg,0,42,594,6046,698,112,112
msg,0,43,560,5867,732,112,112
msg,0,44,597,5721,732,112,112
msg,0,45,603,5999,736,112,112
msg,0,46,558,6510,728,112,112
msg,0,47,557,6716,733,112,112
msg,0,48,606,8439,733,112,112
msg,0,49,594,27224,728,112,112
msg,0,50,559,9585,734,112,112
msg,0,51,598,5529,731,112,112
msg,0,52,604,7119,730,112,112
msg,0,53,560,5731,728,112,112
msg,0,54,602,6432,732,112,112
msg,0,55,605,7520,734,112,112
msg,0,56,588,6230,732,112,112
msg,0,57,555,5497,733,112,112
msg,0,58,606,34942,733,112,112
msg,0,59,590,8376,732,112,112
msg,0,60,595,6025,727,112,112
msg,0,61,591,5708,735,112,112
msg,0,62,600,5652,732,112,112
msg,0,63,595,5624,701,112,112
msg,0,64,564,5927,819,112,112
msg,0,65,594,6763,702,112,112
msg,0,66,563,6655,703,112,112
msg,0,67,565,7810,731,112,112
msg,0,68,588,25467,736,112,112
msg,0,69,589,9762,731,112,112
msg,0,70,595,8152,734,112,112
msg,0,71,597,5568,735,112,112
msg,0,72,599,5610,729,112,112
msg,0,73,594,6036,730,112,112
msg,0,74,594,6213,730,112,112
msg,0,75,558,8545,729,112,112
msg,0,76,557,5515,733,112,112
msg,0,77,562,5596,729,112,112
msg,0,78,591,36388,736,112,112
msg,0,79,604,8576,736,112,112
msg,0,80,589,6693,729,112,112
msg,0,81,606,6138,734,112,112
msg,0,82,701,8704,729,112,112
msg,0,83,590,11598,703,112,112
msg,0,84,558,5734,735,112,112
msg,0,85,562,30149,699,112,112
msg,0,86,557,8947,733,112,112
msg,0,87,597,5696,730,112,112
msg,0,88,589,7305,731,112,112
msg,0,89,590,7921,705,112,112
msg,0,90,562,12905,735,112,112
msg,0,91,593,8306,733,112,112
msg,0,92,566,7131,701,112,112
msg,0,93,559,32315,727,112,112
msg,0,94,594,8439,727,112,112
msg,0,95,590,6305,733,112,112
msg,0,96,591,7192,732,112,112
msg,0,97,588,10602,732,112,112
msg,0,98,590,6463,734,112,112
msg,0,99,589,9205,736,112,112
msg,0,100,597,6051,808,112,112
msg,0,101,564,5971,733,112,112
msg,0,102,592,28105,737,112,112
msg,0,103,553,7451,729,112,112
msg,0,104,557,6429,730,112,112
msg,0,105,567,6826,734,112,112
msg,0,106,585,5586,732,112,112
msg,0,107,590,5967,727,112,112
msg,0,108,558,8111,726,112,112
msg,0,109,597,8984,731,112,112
msg,0,110,587,5745,735,112,112
msg,0,111,592,6926,702,112,112
msg,0,112,563,26871,732,112,112
msg,0,113,598,5669,730,112,112
msg,0,114,600,6784,700,112,112
msg,0,115,563,5784,735,112,112
msg,0,116,589,5502,729,112,112
msg,0,117,606,6558,733,112,112
msg,0,118,592,8620,728,112,112
msg,0,119,601,7211,732,112,112
msg,0,120,594,5784,700,112,112
msg,0,121,554,29514,703,112,112
msg,0,122,559,9876,736,112,112
msg,0,123,719,6216,724,112,112
msg,0,124,561,6895,730,112,112
msg,0,125,601,6215,738,112,112
msg,0,126,594,5754,732,112,112
msg,0,127,593,6302,735,112,112
msg,0,128,595,5891,703,112,112
msg,0,129,563,5807,731,112,112
msg,0,130,590,5764,729,112,112
msg,0,131,592,8278,736,112,112
msg,0,132,584,22090,730,112,112
msg,0,133,560,7998,731,112,112
msg,0,134,592,6868,727,112,112
msg,0,135,558,5444,699,112,112
msg,0,136,561,6008,734,112,112
msg,0,137,591,7182,732,112,112
msg,0,138,589,8561,838,112,112
msg,0,139,600,6413,738,112,112
msg,0,140,586,6175,733,112,112
msg,0,141,592,8674,732,112,112
msg,0,142,594,22139,731,112,112
msg,0,143,557,7319,701,112,112
msg,0,144,577,6614,730,112,112
msg,0,145,557,5780,734,112,112
msg,0,146,597,6627,731,112,112
msg,0,147,594,7760,702,112,112
msg,0,148,559,7862,732,112,112
msg,0,149,593,7989,702,112,112
msg,0,150,558,5499,703,112,112
msg,0,151,558,5934,736,112,112
msg,0,152,596,35015,701,112,112
msg,0,153,560,6361,703,112,112
msg,0,154,560,6208,729,112,112
msg,0,155,588,5550,733,112,112
msg,0,156,597,5510,703,112,112
msg,0,157,564,5632,703,112,112
msg,0,158,561,6025,736,112,112
msg,0,159,596,8164,737,112,112
msg,0,160,601,5513,731,112,112
msg,0,161,593,6206,730,112,112
msg,0,162,561,32884,735,112,112
msg,0,163,601,7772,699,112,112
msg,0,164,555,5575,699,112,112
msg,0,165,559,5642,731,112,112
msg,0,166,560,5887,737,112,112
msg,0,167,596,7582,729,112,112
msg,0,168,589,7905,729,112,112
msg,0,169,558,5541,726,112,112
msg,0,170,562,5853,737,112,112
msg,0,171,595,30147,736,112,112
msg,0,172,603,8035,703,112,112
msg,0,173,564,5932,732,112,112
msg,0,174,590,6116,700,112,112
msg,0,175,566,5427,702,112,112
msg,0,176,581,8147,699,112,112
msg,0,177,565,7497,703,112,112
msg,0,178,560,6906,737,112,112
msg,0,179,597,7517,732,112,112
msg,0,180,587,29067,700,112,112
msg,0,181,563,6752,732,112,112
msg,0,182,595,5789,738,112,112
msg,0,183,592,5714,704,112,112
msg,0,184,554,7696,733,112,112
msg,0,185,554,7566,733,112,112
msg,0,186,560,7696,735,112,112
msg,0,187,596,8352,732,112,112
msg,0,188,595,5990,701,112,112
msg,0,189,571,8074,735,112,112
msg,0,190,597,27863,701,112,112
msg,0,191,558,6330,730,112,112
msg,0,192,593,6366,734,112,112
msg,0,193,666,9151,701,112,112
msg,0,194,553,6329,699,112,112
msg,0,195,560,8295,732,112,112
msg,0,196,592,8476,731,112,112
msg,0,197,607,5604,701,112,112
msg,0,198,561,5582,700,112,112
msg,0,199,556,27469,703,112,112
whole,0,2298.808,4450.078,200
1,5.6660,2244.0730,15.5420,2265.2810,1391,3051,45,568,2,12,3,18,134884,66231.0,70465.0,2026278.0,0.0,2,2,2,0
msg,1,0,735,6409,732,112,112
msg,1,1,595,6393,732,112,112
msg,1,2,597,6461,734,112,112
msg,1,3,597,6976,829,112,112
msg,1,4,564,6220,699,112,112
msg,1,5,553,35449,703,112,112
msg,1,6,559,6853,727,112,112
msg,1,7,561,6355,730,112,112
msg,1,8,557,6091,729,112,112
msg,1,9,602,5573,699,112,112
msg,1,10,557,6297,731,112,112
msg,1,11,590,6621,701,112,112
msg,1,12,556,6725,700,112,112
msg,1,13,562,6821,734,112,112
msg,1,14,605,6608,737,112,112
msg,1,15,592,27349,736,112,112
msg,1,16,590,6269,729,112,112
msg,1,17,606,7868,733,112,112
msg,1,18,598,5879,730,112,112
msg,1,19,560,5642,730,112,112
msg,1,20,595,5637,733,112,112
msg,1,21,589,7152,738,112,112
msg,1,22,592,7087,700,112,112
msg,1,23,557,7744,730,112,112
msg,1,24,558,6911,816,112,112
msg,1,25,594,23315,735,112,112
msg,1,26,591,5972,730,112,112
msg,1,27,557,7977,735,112,112
msg,1,28,589,5821,702,112,112
msg,1,29,569,6372,700,112,112
msg,1,30,567,6927,735,112,112
msg,1,31,589,7522,737,112,112
msg,1,32,593,10188,733,112,112
msg,1,33,554,5458,732,112,112
msg,1,34,557,7406,726,112,112
msg,1,35,561,25685,731,112,112
msg,1,36,596,6085,702,112,112
msg,1,37,563,5913,732,112,112
msg,1,38,592,6364,731,112,112
msg,1,39,589,5565,734,112,112
msg,1,40,594,11042,696,112,112
msg,1,41,553,6185,733,112,112
msg,1,42,593,7524,701,112,112
msg,1,43,594,5725,702,112,112
msg,1,44,563,30951,737,112,112
msg,1,45,593,5651,733,112,112
msg,1,46,588,6003,729,112,112
msg,1,47,597,5503,738,112,112
msg,1,48,597,12952,701,112,112
msg,1,49,560,6262,731,112,112
msg,1,50,587,6133,731,112,112
msg,1,51,591,8313,735,112,112
msg,1,52,593,5939,729,112,112
msg,1,53,707,30946,733,112,112
msg,1,54,598,6714,817,112,112
msg,1,55,596,6042,729,112,112
msg,1,56,593,7314,730,112,112
msg,1,57,560,7175,699,112,112
msg,1,58,564,6661,729,112,112
msg,1,59,564,7421,699,112,112
msg,1,60,563,8514,732,112,112
msg,1,61,560,6343,705,112,112
msg,1,62,561,7727,730,112,112
msg,1,63,590,23243,704,112,112
msg,1,64,560,6028,731,112,112
msg,1,65,590,6368,730,112,112
msg,1,66,593,5932,701,112,112
msg,1,67,563,10593,732,112,112
msg,1,68,562,5547,728,112,112
msg,1,69,555,7348,728,112,112
msg,1,70,557,6836,734,112,112
msg,1,71,594,5544,731,112,112
msg,1,72,593,5851,702,112,112
msg,1,73,560,30143,732,112,112
msg,1,74,591,6926,734,112,112
msg,1,75,561,5643,735,112,112
msg,1,76,586,5835,733,112,112
msg,1,77,598,8200,731,112,112
msg,1,78,597,5643,731,112,112
msg,1,79,597,5769,704,112,112
msg,1,80,560,8190,732,112,112
msg,1,81,596,6453,732,112,112
msg,1,82,584,36840,725,112,112
msg,1,83,564,8739,730,112,112
msg,1,84,698,6399,731,112,112
msg,1,85,590,5685,729,112,112
msg,1,86,596,6352,731,112,112
msg,1,87,590,5563,730,112,112
msg,1,88,599,6346,730,112,112
msg,1,89,591,6353,731,112,112
msg,1,90,591,6398,734,112,112
msg,1,91,593,7630,735,112,112
msg,1,92,600,27734,699,112,112
msg,1,93,557,7618,730,112,112
msg,1,94,561,6631,728,112,112
msg,1,95,588,6473,730,112,112
msg,1,96,603,7794,731,112,112
msg,1,97,586,7636,701,112,112
msg,1,98,565,8720,726,112,112
msg,1,99,558,6442,701,112,112
msg,1,100,563,32842,736,112,112
msg,1,101,588,8126,722,112,112
msg,1,102,561,10960,730,112,112
msg,1,103,591,6361,731,112,112
msg,1,104,593,5599,732,112,112
msg,1,105,589,5937,731,112,112
msg,1,106,557,5541,733,112,112
msg,1,107,559,6145,701,112,112
msg,1,108,560,5943,733,112,112
msg,1,109,589,6672,889,112,112
msg,1,110,598,28896,730,112,112
msg,1,111,557,5923,733,112,112
msg,1,112,598,5929,729,112,112
msg,1,113,555,6763,730,112,112
msg,1,114,593,5875,701,112,112
msg,1,115,574,6956,739,112,112
msg,1,116,599,7052,698,112,112
msg,1,117,557,6350,700,112,112
msg,1,118,585,7903,732,112,112
msg,1,119,590,5851,736,112,112
msg,1,120,606,28203,737,112,112
msg,1,121,602,5999,703,112,112
msg,1,122,558,6058,732,112,112
msg,1,123,602,9991,830,112,112
msg,1,124,570,15471,732,112,112
msg,1,125,560,6357,728,112,112
msg,1,126,560,6446,698,112,112
msg,1,127,563,5453,864,112,112
msg,1,128,587,25740,729,112,112
msg,1,129,589,6314,735,112,112
msg,1,130,700,8840,700,112,112
msg,1,131,565,5576,699,112,112
msg,1,132,562,6775,731,112,112
msg,1,133,591,5565,734,112,112
msg,1,134,589,5784,735,112,112
msg,1,135,580,5634,700,112,112
msg,1,136,566,6910,738,112,112
msg,1,137,594,5723,731,112,112
msg,1,138,596,5782,729,112,112
msg,1,139,562,25915,737,112,112
msg,1,140,590,6164,730,112,112
msg,1,141,595,6671,735,112,112
msg,1,142,597,6348,732,112,112
msg,1,143,585,6546,731,112,112
msg,1,144,600,6321,734,112,112
msg,1,145,588,8171,727,112,112
msg,1,146,549,10119,703,112,112
msg,1,147,606,5789,735,112,112
msg,1,148,561,8225,702,112,112
msg,1,149,560,31250,734,112,112
msg,1,150,593,6015,729,112,112
msg,1,151,592,6746,734,112,112
msg,1,152,591,5943,702,112,112
msg,1,153,561,8660,727,112,112
msg,1,154,595,8447,735,112,112
msg,1,155,598,5654,735,112,112
msg,1,156,594,7085,724,112,112
msg,1,157,556,8929,734,112,112
msg,1,158,596,25949,725,112,112
msg,1,159,555,6109,730,112,112
msg,1,160,586,5802,729,112,112
msg,1,161,557,5660,734,112,112
msg,1,162,592,5702,733,112,112
msg,1,163,590,7677,733,112,112
msg,1,164,591,8407,724,112,112
msg,1,165,590,7950,731,112,112
msg,1,166,593,6648,731,112,112
msg,1,167,589,6718,729,112,112
msg,1,168,597,24397,731,112,112
msg,1,169,590,6019,732,112,112
msg,1,170,595,5676,731,112,112
msg,1,171,598,5625,730,112,112
msg,1,172,595,6986,729,112,112
msg,1,173,591,6953,731,112,112
msg,1,174,596,11942,729,112,112
msg,1,175,590,6312,731,112,112
msg,1,176,563,5588,728,112,112
msg,1,177,601,6648,734,112,112
msg,1,178,590,25523,731,112,112
msg,1,179,591,6488,735,112,112
msg,1,180,591,5739,698,112,112
msg,1,181,557,5729,732,112,112
msg,1,182,568,5519,815,112,112
msg,1,183,596,6563,734,112,112
msg,1,184,591,10150,828,112,112
msg,1,185,606,6581,731,112,112
msg,1,186,590,6117,705,112,112
msg,1,187,563,32431,703,112,112
msg,1,188,566,6652,729,112,112
msg,1,189,554,7612,734,112,112
msg,1,190,590,6289,731,112,112
msg,1,191,556,5918,737,112,112
msg,1,192,712,6289,732,112,112
msg,1,193,593,8003,731,112,112
msg,1,194,552,8052,730,112,112
msg,1,195,593,5796,726,112,112
msg,1,196,561,9651,729,112,112
msg,1,197,594,27277,726,112,112
msg,1,198,563,6827,730,112,112
msg,1,199,586,5751,732,112,112
whole,1,2282.114,4415.920,200
2,4.5760,2237.7060,13.3400,2255.6220,1391,3051,45,568,2,12,3,18,134884,66180.0,70021.0,2024467.0,0.0,2,2,2,0
msg,2,0,733,6381,733,112,112
msg,2,1,595,7677,733,112,112
msg,2,2,596,6550,732,112,112
msg,2,3,604,5950,733,112,112
msg,2,4,593,35181,703,112,112
msg,2,5,561,6542,702,112,112
msg,2,6,563,5943,732,112,112
msg,2,7,593,6874,701,112,112
msg,2,8,558,6158,732,112,112
msg,2,9,694,5616,704,112,112
msg,2,10,555,8628,699,112,112
msg,2,11,568,6787,732,112,112
msg,2,12,595,5533,733,112,112
msg,2,13,602,7558,734,112,112
msg,2,14,590,22384,735,112,112
msg,2,15,598,9230,732,112,112
msg,2,16,595,5551,733,112,112
msg,2,17,591,7112,732,112,112
msg,2,18,571,9265,701,112,112
msg,2,19,555,6792,733,112,112
msg,2,20,559,7901,727,112,112
msg,2,21,594,7428,735,112,112
msg,2,22,593,5548,729,112,112
msg,2,23,589,5980,734,112,112
msg,2,24,593,24645,735,112,112
msg,2,25,593,10864,701,112,112
msg,2,26,568,5749,733,112,112
msg,2,27,560,6019,730,112,112
msg,2,28,596,5904,729,112,112
msg,2,29,555,5626,733,112,112
msg,2,30,593,6105,703,112,112
msg,2,31,571,6257,699,112,112
msg,2,32,595,5525,700,112,112
msg,2,33,559,6314,732,112,112
msg,2,34,595,25596,700,112,112
msg,2,35,556,5818,731,112,112
msg,2,36,558,5918,732,112,112
msg,2,37,600,5537,731,112,112
msg,2,38,597,6429,721,112,112
msg,2,39,592,6225,733,112,112
msg,2,40,596,6205,734,112,112
msg,2,41,593,6185,705,112,112
msg,2,42,555,5626,732,112,112
msg,2,43,562,5911,733,112,112
msg,2,44,600,8165,732,112,112
msg,2,45,594,29396,733,112,112
msg,2,46,607,6894,731,112,112
msg,2,47,592,5597,701,112,112
msg,2,48,556,6052,732,112,112
msg,2,49,594,6971,703,112,112
msg,2,50,558,6806,731,112,112
msg,2,51,589,8060,698,112,112
msg,2,52,559,6091,730,112,112
msg,2,53,597,5693,701,112,112
msg,2,54,589,25927,734,112,112
msg,2,55,596,6277,730,112,112
msg,2,56,673,9531,732,112,112
msg,2,57,590,7267,730,112,112
msg,2,58,680,6487,735,112,112
msg,2,59,560,5540,733,112,112
msg,2,60,594,5567,733,112,112
msg,2,61,591,5582,735,112,112
msg,2,62,590,6335,737,112,112
msg,2,63,583,6236,730,112,112
msg,2,64,585,5938,725,112,112
msg,2,65,594,27227,731,112,112
msg,2,66,598,5942,700,112,112
msg,2,67,560,5750,736,112,112
msg,2,68,592,5819,733,112,112
msg,2,69,592,6906,732,112,112
msg,2,70,567,5948,735,112,112
msg,2,71,597,8223,737,112,112
msg,2,72,593,14830,701,112,112
msg,2,73,559,6733,728,112,112
msg,2,74,554,28880,734,112,112
msg,2,75,589,5669,731,112,112
msg,2,76,597,5542,700,112,112
msg,2,77,559,6839,731,112,112
msg,2,78,555,6428,724,112,112
msg,2,79,561,6451,736,112,112
msg,2,80,555,6628,732,112,112
msg,2,81,592,8393,734,112,112
msg,2,82,594,5925,731,112,112
msg,2,83,587,8105,731,112,112
msg,2,84,592,21788,729,112,112
msg,2,85,584,5423,730,112,112
msg,2,86,583,5593,702,112,112
msg,2,87,559,5555,699,112,112
msg,2,88,549,5728,733,112,112
msg,2,89,572,6162,700,112,112
msg,2,90,559,6398,700,112,112
msg,2,91,559,5498,700,112,112
msg,2,92,552,7776,732,112,112
msg,2,93,563,7371,700,112,112
msg,2,94,564,7313,842,112,112
msg,2,95,563,31808,732,112,112
msg,2,96,597,5935,701,112,112
msg,2,97,562,6957,728,112,112
msg,2,98,602,5469,731,112,112
msg,2,99,592,5565,734,112,112
msg,2,100,594,5724,730,112,112
msg,2,101,590,6289,730,112,112
msg,2,102,599,6009,728,112,112
msg,2,103,569,6598,730,112,112
msg,2,104,587,31338,736,112,112
msg,2,105,555,9884,733,112,112
msg,2,106,711,5591,700,112,112
msg,2,107,556,6799,727,112,112
msg,2,108,563,6533,732,112,112
msg,2,109,591,8773,730,112,112
msg,2,110,597,5674,788,112,112
msg,2,111,562,5686,728,112,112
msg,2,112,555,6326,700,112,112
msg,2,113,570,8655,731,112,112
msg,2,114,558,26258,700,112,112
msg,2,115,568,6595,704,112,112
msg,2,116,565,5733,734,112,112
msg,2,117,791,5996,728,112,112
msg,2,118,560,5561,732,112,112
msg,2,119,558,6489,734,112,112
msg,2,120,566,7811,730,112,112
msg,2,121,594,6679,732,112,112
msg,2,122,592,5572,698,112,112
msg,2,123,560,9837,733,112,112
msg,2,124,595,25541,730,112,112
msg,2,125,588,6658,734,112,112
msg,2,126,590,5520,732,112,112
msg,2,127,593,6963,732,112,112
msg,2,128,706,5518,734,112,112
msg,2,129,598,5484,732,112,112
msg,2,130,589,9286,728,112,112
msg,2,131,591,6289,723,112,112
msg,2,132,565,6991,732,112,112
msg,2,133,592,32289,735,112,112
msg,2,134,591,6956,702,112,112
msg,2,135,564,5624,730,112,112
msg,2,136,564,5543,731,112,112
msg,2,137,558,5921,730,112,112
msg,2,138,591,6167,735,112,112
msg,2,139,595,6282,732,112,112
msg,2,140,607,7342,735,112,112
msg,2,141,557,7611,734,112,112
msg,2,142,588,5770,733,112,112
msg,2,143,595,30071,832,112,112
msg,2,144,598,6630,735,112,112
msg,2,145,595,5947,699,112,112
msg,2,146,557,5776,734,112,112
msg,2,147,588,6112,700,112,112
msg,2,148,561,5522,700,112,112
msg,2,149,572,5838,731,112,112
msg,2,150,594,7529,735,112,112
msg,2,151,593,5863,700,112,112
msg,2,152,587,5847,734,112,112
msg,2,153,588,26276,731,112,112
msg,2,154,596,6429,735,112,112
msg,2,155,592,7400,732,112,112
msg,2,156,594,6313,830,112,112
msg,2,157,596,6346,728,112,112
msg,2,158,552,6781,730,112,112
msg,2,159,594,6695,732,112,112
msg,2,160,597,11021,731,112,112
msg,2,161,595,7872,732,112,112
msg,2,162,591,6694,702,112,112
msg,2,163,561,33854,728,112,112
msg,2,164,591,6625,730,112,112
msg,2,165,598,6859,698,112,112
msg,2,166,1183,5786,700,112,112
msg,2,167,557,6202,733,112,112
msg,2,168,587,7952,730,112,112
msg,2,169,560,9562,732,112,112
msg,2,170,591,8832,734,112,112
msg,2,171,592,24206,832,112,112
msg,2,172,595,6326,734,112,112
msg,2,173,604,5659,734,112,112
msg,2,174,590,6279,735,112,112
msg,2,175,588,5617,728,112,112
msg,2,176,593,5449,733,112,112
msg,2,177,591,5526,729,112,112
msg,2,178,593,7914,731,112,112
msg,2,179,557,7811,727,112,112
msg,2,180,590,6314,734,112,112
msg,2,181,587,7330,832,112,112
msg,2,182,597,28466,732,112,112
msg,2,183,593,5987,702,112,112
msg,2,184,560,5721,736,112,112
msg,2,185,595,5490,733,112,112
msg,2,186,593,5509,732,112,112
msg,2,187,707,5539,733,112,112
msg,2,188,594,8577,736,112,112
msg,2,189,600,8844,732,112,112
msg,2,190,562,6674,734,112,112
msg,2,191,596,28349,728,112,112
msg,2,192,592,5869,727,112,112
msg,2,193,592,6162,732,112,112
msg,2,194,593,5509,732,112,112
msg,2,195,592,5610,731,112,112
msg,2,196,593,5470,733,112,112
msg,2,197,594,5393,735,112,112
msg,2,198,593,5477,731,112,112
msg,2,199,597,7802,700,112,112
whole,2,2270.291,4329.486,200
#heap 21951
#stack 12480
#end
#block pipeline mTLS lorawan11 up
#aead LoRaWAN-1.1 AES-128-CTR+2xCMAC (BearSSL (arduino-pico)), uplink, 51 B payload + 13 B overhead
#lib wolfSSL 5.9.4
iter,tcp_ms,tls_ms,mqtt_ms,total_ms,hs_tx_B,hs_rx_B,mqtt_tx_B,mqtt_rx_B,hs_writes,hs_reads,writes,reads,free_heap_B,hs_keygen_us,hs_derive_us,hs_verify_us,hs_sign_us,hs_keygen_n,hs_derive_n,hs_verify_n,hs_sign_n
msg,iter,idx,seal_us,rtt_us,open_us,tx_B,rx_B
whole,iter,first_ms,all_ms,msgs
#suite TLS13-AES256-GCM-SHA384
0,25.6570,3611.6560,26.9700,3664.2830,3159,3237,45,2904,4,14,5,20,133140,66170.0,70156.0,2024669.0,1352931.0,2,2,2,1
msg,0,0,867,8131,860,112,112
msg,0,1,715,31407,862,112,112
msg,0,2,735,8441,830,112,112
msg,0,3,684,6333,826,112,112
msg,0,4,683,8303,853,112,112
msg,0,5,722,6561,863,112,112
msg,0,6,715,6072,857,112,112
msg,0,7,724,6142,856,112,112
msg,0,8,726,6303,861,112,112
msg,0,9,825,5885,859,112,112
msg,0,10,729,30675,867,112,112
msg,0,11,719,5754,859,112,112
msg,0,12,713,5499,868,112,112
msg,0,13,718,5582,825,112,112
msg,0,14,681,7281,830,112,112
msg,0,15,690,6010,971,112,112
msg,0,16,684,7927,856,112,112
msg,0,17,716,7802,857,112,112
msg,0,18,740,6045,855,112,112
msg,0,19,718,6527,863,112,112
msg,0,20,715,29593,828,112,112
msg,0,21,690,6200,830,112,112
msg,0,22,694,5575,859,112,112
msg,0,23,719,5537,1029,112,112
msg,0,24,684,5650,852,112,112
msg,0,25,713,6150,856,112,112
msg,0,26,713,11409,859,112,112
msg,0,27,715,6434,862,112,112
msg,0,28,720,6549,828,112,112
msg,0,29,684,23797,863,112,112
msg,0,30,723,6186,861,112,112
msg,0,31,718,5523,826,112,112
msg,0,32,682,5596,861,112,112
msg,0,33,732,6626,858,112,112
msg,0,34,714,5928,965,112,112
msg,0,35,730,6086,862,112,112
msg,0,36,717,6906,855,112,112
msg,0,37,722,9132,859,112,112
msg,0,38,717,6395,860,112,112
msg,0,39,722,33452,860,112,112
msg,0,40,713,6566,826,112,112
msg,0,41,731,5509,857,112,112
msg,0,42,727,5788,829,112,112
msg,0,43,686,5719,861,112,112
msg,0,44,722,5832,854,112,112
msg,0,45,721,6725,860,112,112
msg,0,46,722,8034,863,112,112
msg,0,47,717,6698,828,112,112
msg,0,48,687,33981,860,112,112
msg,0,49,687,5602,861,112,112
msg,0,50,845,5842,828,112,112
msg,0,51,686,5587,860,112,112
msg,0,52,713,5842,827,112,112
msg,0,53,690,6428,858,112,112
msg,0,54,710,7326,855,112,112
msg,0,55,741,7998,861,112,112
msg,0,56,713,5771,861,112,112
msg,0,57,691,6380,825,112,112
msg,0,58,692,24713,863,112,112
msg,0,59,722,6496,858,112,112
msg,0,60,678,6517,850,112,112
msg,0,61,712,6627,860,112,112
msg,0,62,720,5631,831,112,112
msg,0,63,685,5577,858,112,112
msg,0,64,719,8452,860,112,112
msg,0,65,729,7974,859,112,112
msg,0,66,725,6596,861,112,112
msg,0,67,678,5737,857,112,112
msg,0,68,713,28477,863,112,112
msg,0,69,839,6162,862,112,112
msg,0,70,717,6805,863,112,112
msg,0,71,717,7397,861,112,112
msg,0,72,719,6080,862,112,112
msg,0,73,717,5771,830,112,112
msg,0,74,684,6152,827,112,112
msg,0,75,685,6971,861,112,112
msg,0,76,716,5707,854,112,112
msg,0,77,713,25637,863,112,112
msg,0,78,712,6208,953,112,112
msg,0,79,720,5637,857,112,112
msg,0,80,720,6129,858,112,112
msg,0,81,719,5524,857,112,112
msg,0,82,717,5651,828,112,112
msg,0,83,687,5579,859,112,112
msg,0,84,727,8332,856,112,112
msg,0,85,713,7070,858,112,112
msg,0,86,713,6381,860,112,112
msg,0,87,720,32423,963,112,112
msg,0,88,688,8301,829,112,112
msg,0,89,684,6337,825,112,112
msg,0,90,687,5759,861,112,112
msg,0,91,715,5614,826,112,112
msg,0,92,679,6730,860,112,112
msg,0,93,719,7219,861,112,112
msg,0,94,713,8016,856,112,112
msg,0,95,711,5816,827,112,112
msg,0,96,686,8086,860,112,112
msg,0,97,691,24310,829,112,112
msg,0,98,696,6229,832,112,112
msg,0,99,693,7155,969,112,112
msg,0,100,685,7010,860,112,112
msg,0,101,720,7944,862,112,112
msg,0,102,835,12024,861,112,112
msg,0,103,716,6263,867,112,112
msg,0,104,721,5935,862,112,112
msg,0,105,719,5627,860,112,112
msg,0,106,710,27305,859,112,112
msg,0,107,688,7182,859,112,112
msg,0,108,685,5604,857,112,112
msg,0,109,716,6567,862,112,112
msg,0,110,723,5491,826,112,112
msg,0,111,683,6414,851,112,112
msg,0,112,716,5808,860,112,112
msg,0,113,717,8765,860,112,112
msg,0,114,714,5717,860,112,112
msg,0,115,687,5686,960,112,112
msg,0,116,721,24313,862,112,112
msg,0,117,717,7209,869,112,112
msg,0,118,710,5607,828,112,112
msg,0,119,682,5556,954,112,112
msg,0,120,750,5781,859,112,112
msg,0,121,716,5511,855,112,112
msg,0,122,686,5881,861,112,112
msg,0,123,716,5709,827,112,112
msg,0,124,692,5996,861,112,112
msg,0,125,687,5833,870,112,112
msg,0,126,729,7008,862,112,112
msg,0,127,715,24077,855,112,112
msg,0,128,708,6686,965,112,112
msg,0,129,692,5601,853,112,112
msg,0,130,715,5675,865,112,112
msg,0,131,709,6235,862,112,112
msg,0,132,715,5828,857,112,112
msg,0,133,719,7110,1016,112,112
msg,0,134,729,7878,859,112,112
msg,0,135,718,5756,866,112,112
msg,0,136,722,5797,856,112,112
msg,0,137,721,27168,866,112,112
msg,0,138,730,6362,865,112,112
msg,0,139,720,5738,843,112,112
msg,0,140,681,5570,859,112,112
msg,0,141,722,5510,865,112,112
msg,0,142,714,5728,860,112,112
msg,0,143,721,7773,858,112,112
msg,0,144,678,8021,861,112,112
msg,0,145,734,5479,828,112,112
msg,0,146,796,6396,856,112,112
msg,0,147,717,35688,858,112,112
msg,0,148,711,5768,860,112,112
msg,0,149,721,6047,944,112,112
msg,0,150,720,7627,862,112,112
msg,0,151,714,5585,858,112,112
msg,0,152,718,5773,860,112,112
msg,0,153,716,8160,861,112,112
msg,0,154,719,5596,855,112,112
msg,0,155,714,8780,863,112,112
msg,0,156,713,22222,863,112,112
msg,0,157,721,5581,851,112,112
msg,0,158,722,5620,867,112,112
msg,0,159,718,9782,855,112,112
msg,0,160,715,5619,862,112,112
msg,0,161,724,6063,861,112,112
msg,0,162,897,5951,855,112,112
msg,0,163,729,8563,863,112,112
msg,0,164,684,5932,861,112,112
msg,0,165,721,8470,858,112,112
msg,0,166,682,24420,828,112,112
msg,0,167,680,5920,858,112,112
msg,0,168,835,8699,858,112,112
msg,0,169,717,9606,972,112,112
msg,0,170,697,5628,855,112,112
msg,0,171,889,8201,858,112,112
msg,0,172,717,11104,852,112,112
msg,0,173,725,7415,863,112,112
msg,0,174,714,28554,827,112,112
msg,0,175,680,8424,860,112,112
msg,0,176,726,6196,862,112,112
msg,0,177,729,5847,825,112,112
msg,0,178,684,6372,852,112,112
msg,0,179,728,5844,861,112,112
msg,0,180,717,7936,861,112,112
msg,0,181,717,6308,861,112,112
msg,0,182,719,6426,859,112,112
msg,0,183,681,32050,859,112,112
msg,0,184,723,5820,858,112,112
msg,0,185,716,5506,866,112,112
msg,0,186,723,6454,826,112,112
msg,0,187,685,6924,865,112,112
msg,0,188,714,7198,860,112,112
msg,0,189,717,8530,827,112,112
msg,0,190,685,6939,865,112,112
msg,0,191,710,6600,858,112,112
msg,0,192,719,5597,860,112,112
msg,0,193,719,27869,859,112,112
msg,0,194,722,7175,852,112,112
msg,0,195,724,5649,863,112,112
msg,0,196,723,5719,856,112,112
msg,0,197,717,5727,861,112,112
msg,0,198,716,5690,859,112,112
msg,0,199,718,8302,856,112,112
whole,0,3681.482,5814.218,200
1,5.4300,3611.6750,34.3530,3651.4580,3159,3237,45,2904,4,14,5,20,133140,66778.0,70656.0,2027562.0,1353531.0,2,2,2,1
msg,1,0,859,5521,977,112,112
msg,1,1,717,8192,860,112,112
msg,1,2,715,6907,861,112,112
msg,1,3,713,5729,950,112,112
msg,1,4,727,6262,857,112,112
msg,1,5,709,41350,857,112,112
msg,1,6,720,7458,852,112,112
msg,1,7,722,5988,858,112,112
msg,1,8,729,6215,857,112,112
msg,1,9,719,8868,852,112,112
msg,1,10,715,6348,853,112,112
msg,1,11,720,6254,862,112,112
msg,1,12,718,27882,831,112,112
msg,1,13,683,6057,860,112,112
msg,1,14,693,5826,859,112,112
msg,1,15,725,6174,863,112,112
msg,1,16,720,5953,854,112,112
msg,1,17,720,5614,864,112,112
msg,1,18,719,8942,855,112,112
msg,1,19,729,6299,860,112,112
msg,1,20,718,7259,963,112,112
msg,1,21,734,7303,860,112,112
msg,1,22,684,24662,858,112,112
msg,1,23,717,6761,863,112,112
msg,1,24,679,6746,858,112,112
msg,1,25,717,5939,857,112,112
msg,1,26,710,5928,860,112,112
msg,1,27,685,9020,861,112,112
msg,1,28,707,8018,862,112,112
msg,1,29,713,7782,863,112,112
msg,1,30,830,5938,858,112,112
msg,1,31,720,6939,829,112,112
msg,1,32,686,28569,856,112,112
msg,1,33,712,5778,860,112,112
msg,1,34,686,5662,857,112,112
msg,1,35,723,18043,860,112,112
msg,1,36,724,5970,829,112,112
msg,1,37,689,5593,859,112,112
msg,1,38,714,6156,856,112,112
msg,1,39,718,5778,860,112,112
msg,1,40,685,6133,966,112,112
msg,1,41,692,34046,864,112,112
msg,1,42,719,6151,862,112,112
msg,1,43,718,5526,828,112,112
msg,1,44,692,5936,859,112,112
msg,1,45,719,5981,858,112,112
msg,1,46,716,7150,860,112,112
msg,1,47,717,7473,864,112,112
msg,1,48,691,5574,853,112,112
msg,1,49,709,6089,948,112,112
msg,1,50,717,27891,861,112,112
msg,1,51,693,5801,862,112,112
msg,1,52,723,5959,856,112,112
msg,1,53,714,5461,863,112,112
msg,1,54,717,6064,852,112,112
msg,1,55,716,5761,830,112,112
msg,1,56,674,7881,862,112,112
msg,1,57,723,7073,861,112,112
msg,1,58,720,5468,863,112,112
msg,1,59,684,5929,867,112,112
msg,1,60,727,29507,861,112,112
msg,1,61,687,7572,855,112,112
msg,1,62,719,6413,858,112,112
msg,1,63,719,6198,858,112,112
msg,1,64,895,6345,864,112,112
msg,1,65,686,5579,855,112,112
msg,1,66,719,5556,860,112,112
msg,1,67,1311,8364,858,112,112
msg,1,68,721,5747,852,112,112
msg,1,69,682,29444,848,112,112
msg,1,70,718,6856,862,112,112
msg,1,71,713,5827,858,112,112
msg,1,72,718,6714,829,112,112
msg,1,73,686,5555,856,112,112
msg,1,74,716,5809,861,112,112
msg,1,75,683,8064,864,112,112
msg,1,76,717,8421,830,112,112
msg,1,77,688,6450,966,112,112
msg,1,78,716,5831,829,112,112
msg,1,79,690,23681,854,112,112
msg,1,80,710,6625,856,112,112
msg,1,81,683,6711,852,112,112
msg,1,82,719,6013,849,112,112
msg,1,83,713,7521,860,112,112
msg,1,84,719,6146,856,112,112
msg,1,85,714,8358,861,112,112
msg,1,86,720,7785,852,112,112
msg,1,87,716,10001,829,112,112
msg,1,88,686,22847,867,112,112
msg,1,89,729,6805,856,112,112
msg,1,90,714,6397,857,112,112
msg,1,91,723,8149,858,112,112
msg,1,92,727,5993,859,112,112
msg,1,93,717,6609,867,112,112
msg,1,94,715,5800,856,112,112
msg,1,95,728,6135,858,112,112
msg,1,96,718,6261,863,112,112
msg,1,97,721,5715,861,112,112
msg,1,98,680,31122,863,112,112
msg,1,99,828,7288,829,112,112
msg,1,100,683,5611,859,112,112
msg,1,101,717,6283,859,112,112
msg,1,102,717,5734,826,112,112
msg,1,103,688,5639,866,112,112
msg,1,104,833,9504,861,112,112
msg,1,105,683,6210,860,112,112
msg,1,106,689,5711,861,112,112
msg,1,107,710,5514,864,112,112
msg,1,108,721,26513,830,112,112
msg,1,109,683,8778,862,112,112
msg,1,110,716,8708,832,112,112
msg,1,111,687,8734,863,112,112
msg,1,112,723,6419,864,112,112
msg,1,113,687,10564,856,112,112
msg,1,114,720,8014,945,112,112
msg,1,115,725,5616,857,112,112
msg,1,116,721,31177,863,112,112
msg,1,117,717,6725,849,112,112
msg,1,118,683,5921,860,112,112
msg,1,119,717,5727,857,112,112
msg,1,120,720,5625,861,112,112
msg,1,121,720,5674,856,112,112
msg,1,122,722,8179,858,112,112
msg,1,123,717,8553,864,112,112
msg,1,124,716,5652,826,112,112
msg,1,125,686,5609,861,112,112
msg,1,126,834,28712,825,112,112
msg,1,127,685,5697,858,112,112
msg,1,128,725,5515,862,112,112
msg,1,129,681,5531,861,112,112
msg,1,130,714,6016,830,112,112
msg,1,131,735,5532,863,112,112
msg,1,132,722,7642,829,112,112
msg,1,133,683,8333,831,112,112
msg,1,134,684,5697,862,112,112
msg,1,135,719,5674,830,112,112
msg,1,136,680,24787,859,112,112
msg,1,137,716,5811,854,112,112
msg,1,138,710,6256,859,112,112
msg,1,139,716,5824,861,112,112
msg,1,140,682,6457,955,112,112
msg,1,141,728,5952,831,112,112
msg,1,142,685,5713,860,112,112
msg,1,143,714,5642,858,112,112
msg,1,144,680,6733,860,112,112
msg,1,145,729,5474,862,112,112
msg,1,146,726,31181,864,112,112
msg,1,147,720,8151,867,112,112
msg,1,148,718,5505,826,112,112
msg,1,149,681,5564,858,112,112
msg,1,150,716,5442,860,112,112
msg,1,151,712,5568,827,112,112
msg,1,152,685,7547,962,112,112
msg,1,153,719,7523,866,112,112
msg,1,154,719,5523,827,112,112
msg,1,155,691,5634,860,112,112
msg,1,156,716,31705,829,112,112
msg,1,157,689,6081,859,112,112
msg,1,158,681,5718,861,112,112
msg,1,159,725,5975,851,112,112
msg,1,160,723,6474,861,112,112
msg,1,161,730,5528,862,112,112
msg,1,162,725,6434,828,112,112
msg,1,163,684,6506,857,112,112
msg,1,164,717,6897,826,112,112
msg,1,165,683,36801,857,112,112
msg,1,166,721,6233,862,112,112
msg,1,167,717,6063,862,112,112
msg,1,168,714,5757,827,112,112
msg,1,169,690,5528,860,112,112
msg,1,170,724,5495,862,112,112
msg,1,171,832,11631,857,112,112
msg,1,172,714,6929,827,112,112
msg,1,173,682,5773,862,112,112
msg,1,174,718,26576,853,112,112
msg,1,175,685,5840,859,112,112
msg,1,176,716,5519,859,112,112
msg,1,177,688,8310,827,112,112
msg,1,178,694,5736,861,112,112
msg,1,179,718,6563,863,112,112
msg,1,180,686,7991,864,112,112
msg,1,181,716,7867,858,112,112
msg,1,182,723,5779,827,112,112
msg,1,183,689,8430,857,112,112
msg,1,184,717,28072,828,112,112
msg,1,185,687,6448,858,112,112
msg,1,186,719,6259,859,112,112
msg,1,187,715,7470,865,112,112
msg,1,188,714,6403,863,112,112
msg,1,189,695,5570,856,112,112
msg,1,190,722,6098,856,112,112
msg,1,191,720,6222,858,112,112
msg,1,192,727,5576,860,112,112
msg,1,193,713,30392,864,112,112
msg,1,194,691,5822,857,112,112
msg,1,195,722,6031,859,112,112
msg,1,196,716,6227,858,112,112
msg,1,197,717,5931,827,112,112
msg,1,198,695,6850,861,112,112
msg,1,199,718,7457,829,112,112
whole,1,3667.698,5826.629,200
2,5.5920,3609.1730,28.6650,3643.4300,3159,3237,45,2904,4,14,5,20,133140,66149.0,69913.0,2028259.0,1355187.0,2,2,2,1
msg,2,0,856,7703,858,112,112
msg,2,1,728,6248,859,112,112
msg,2,2,722,8552,862,112,112
msg,2,3,698,7662,864,112,112
msg,2,4,720,8002,860,112,112
msg,2,5,822,30748,864,112,112
msg,2,6,689,38750,860,112,112
msg,2,7,717,9991,861,112,112
msg,2,8,722,5766,863,112,112
msg,2,9,683,5836,858,112,112
msg,2,10,726,28982,859,112,112
msg,2,11,720,6047,855,112,112
msg,2,12,721,6649,864,112,112
msg,2,13,722,6596,829,112,112
msg,2,14,686,5774,865,112,112
msg,2,15,710,6095,861,112,112
msg,2,16,721,6612,857,112,112
msg,2,17,698,5870,864,112,112
msg,2,18,714,6803,858,112,112
msg,2,19,722,5873,830,112,112
msg,2,20,686,7248,827,112,112
msg,2,21,683,26810,863,112,112
msg,2,22,722,8176,862,112,112
msg,2,23,716,6420,856,112,112
msg,2,24,704,7109,854,112,112
msg,2,25,689,5598,858,112,112
msg,2,26,728,6169,860,112,112
msg,2,27,713,5538,867,112,112
msg,2,28,714,5866,859,112,112
msg,2,29,823,5668,863,112,112
msg,2,30,680,25997,867,112,112
msg,2,31,722,6079,860,112,112
msg,2,32,718,7191,860,112,112
msg,2,33,723,6469,959,112,112
msg,2,34,684,6147,864,112,112
msg,2,35,684,5578,858,112,112
msg,2,36,717,5598,865,112,112
msg,2,37,728,6160,862,112,112
msg,2,38,726,6818,855,112,112
msg,2,39,715,5486,864,112,112
msg,2,40,717,6161,862,112,112
msg,2,41,717,25518,830,112,112
msg,2,42,690,9374,854,112,112
msg,2,43,688,7432,859,112,112
msg,2,44,717,8209,859,112,112
msg,2,45,724,8475,865,112,112
msg,2,46,710,7336,862,112,112
msg,2,47,683,7808,860,112,112
msg,2,48,720,6518,863,112,112
msg,2,49,717,33405,831,112,112
msg,2,50,687,6349,826,112,112
msg,2,51,686,6862,864,112,112
msg,2,52,714,5991,856,112,112
msg,2,53,719,6589,863,112,112
msg,2,54,686,6382,826,112,112
msg,2,55,680,7368,856,112,112
msg,2,56,716,11045,830,112,112
msg,2,57,691,6177,826,112,112
msg,2,58,1177,29248,862,112,112
msg,2,59,722,7117,857,112,112
msg,2,60,713,6093,857,112,112
msg,2,61,714,5808,826,112,112
msg,2,62,685,5924,960,112,112
msg,2,63,723,6164,862,112,112
msg,2,64,716,7017,864,112,112
msg,2,65,719,9231,864,112,112
msg,2,66,726,6667,851,112,112
msg,2,67,685,34266,859,112,112
msg,2,68,714,6557,864,112,112
msg,2,69,723,6488,860,112,112
msg,2,70,684,5838,858,112,112
msg,2,71,718,5782,827,112,112
msg,2,72,681,5637,860,112,112
msg,2,73,717,6306,969,112,112
msg,2,74,724,6226,862,112,112
msg,2,75,714,6213,862,112,112
msg,2,76,707,5976,859,112,112
msg,2,77,725,24966,859,112,112
msg,2,78,718,10576,855,112,112
msg,2,79,730,6304,860,112,112
msg,2,80,679,5593,855,112,112
msg,2,81,717,6143,859,112,112
msg,2,82,719,5715,864,112,112
msg,2,83,710,7326,860,112,112
msg,2,84,683,5997,862,112,112
msg,2,85,717,6392,862,112,112
msg,2,86,685,35772,856,112,112
msg,2,87,723,6279,865,112,112
msg,2,88,726,5517,864,112,112
msg,2,89,684,6324,827,112,112
msg,2,90,686,6454,855,112,112
msg,2,91,718,7138,853,112,112
msg,2,92,719,8859,866,112,112
msg,2,93,686,5588,855,112,112
msg,2,94,724,5583,863,112,112
msg,2,95,717,29699,852,112,112
msg,2,96,693,7992,864,112,112
msg,2,97,686,5959,864,112,112
msg,2,98,721,6019,859,112,112
msg,2,99,720,5867,855,112,112
msg,2,100,925,6570,868,112,112
msg,2,101,717,7567,855,112,112
msg,2,102,716,8175,850,112,112
msg,2,103,716,5606,861,112,112
msg,2,104,716,6059,863,112,112
msg,2,105,828,23977,858,112,112
msg,2,106,720,6421,860,112,112
msg,2,107,728,5680,824,112,112
msg,2,108,683,6653,862,112,112
msg,2,109,719,5881,853,112,112
msg,2,110,725,7700,866,112,112
msg,2,111,735,8429,828,112,112
msg,2,112,689,6241,827,112,112
msg,2,113,684,5674,861,112,112
msg,2,114,724,6286,866,112,112
msg,2,115,720,32409,861,112,112
msg,2,116,683,6198,862,112,112
msg,2,117,688,5867,858,112,112
msg,2,118,718,6076,855,112,112
msg,2,119,716,6583,970,112,112
msg,2,120,684,8599,858,112,112
msg,2,121,716,9800,860,112,112
msg,2,122,683,9864,862,112,112
msg,2,123,723,31366,866,112,112
msg,2,124,716,8167,865,112,112
msg,2,125,713,5693,852,112,112
msg,2,126,713,5643,866,112,112
msg,2,127,715,7776,861,112,112
msg,2,128,830,5719,857,112,112
msg,2,129,689,5656,860,112,112
msg,2,130,729,5651,856,112,112
msg,2,131,688,6202,861,112,112
msg,2,132,687,30537,855,112,112
msg,2,133,724,6061,827,112,112
msg,2,134,680,5646,964,112,112
msg,2,135,715,6437,858,112,112
msg,2,136,714,5576,857,112,112
msg,2,137,729,5579,859,112,112
msg,2,138,711,6532,858,112,112
msg,2,139,690,6034,867,112,112
msg,2,140,704,6573,855,112,112
msg,2,141,717,5579,864,112,112
msg,2,142,715,34466,859,112,112
msg,2,143,687,7357,829,112,112
msg,2,144,685,5662,864,112,112
msg,2,145,719,6400,866,112,112
msg,2,146,718,5581,855,112,112
msg,2,147,685,5960,860,112,112
msg,2,148,1316,6047,856,112,112
msg,2,149,723,6138,858,112,112
msg,2,150,719,5891,827,112,112
msg,2,151,684,5818,863,112,112
msg,2,152,718,24127,859,112,112
msg,2,153,722,5762,829,112,112
msg,2,154,693,7153,826,112,112
msg,2,155,690,6386,857,112,112
msg,2,156,711,6388,856,112,112
msg,2,157,720,7313,862,112,112
msg,2,158,723,6677,933,112,112
msg,2,159,693,7219,830,112,112
msg,2,160,688,5460,859,112,112
msg,2,161,715,5761,856,112,112
msg,2,162,686,26915,861,112,112
msg,2,163,716,8013,857,112,112
msg,2,164,720,5989,858,112,112
msg,2,165,719,6484,866,112,112
msg,2,166,816,8377,864,112,112
msg,2,167,716,5649,859,112,112
msg,2,168,725,6578,862,112,112
msg,2,169,716,5940,859,112,112
msg,2,170,718,5670,857,112,112
msg,2,171,682,5887,860,112,112
msg,2,172,718,34473,856,112,112
msg,2,173,686,5668,858,112,112
msg,2,174,720,7752,859,112,112
msg,2,175,688,5695,861,112,112
msg,2,176,713,6271,857,112,112
msg,2,177,729,7383,862,112,112
msg,2,178,716,7135,865,112,112
msg,2,179,724,5915,862,112,112
msg,2,180,720,5495,857,112,112
msg,2,181,726,28915,858,112,112
msg,2,182,714,6469,864,112,112
msg,2,183,718,7949,860,112,112
msg,2,184,740,8062,857,112,112
msg,2,185,721,6994,855,112,112
msg,2,186,715,8473,863,112,112
msg,2,187,716,11282,866,112,112
msg,2,188,722,6175,869,112,112
msg,2,189,715,32933,863,112,112
msg,2,190,721,5853,831,112,112
msg,2,191,687,6129,855,112,112
msg,2,192,687,7146,857,112,112
msg,2,193,785,5999,867,112,112
msg,2,194,716,5590,855,112,112
msg,2,195,715,6073,829,112,112
msg,2,196,730,6166,841,112,112
msg,2,197,696,5816,864,112,112
msg,2,198,708,5596,851,112,112
msg,2,199,684,33305,854,112,112
whole,2,3660.242,5889.784,200
#heap 23663
#stack 41504
#end
#block pipeline mTLS lorawan11 down
#aead LoRaWAN-1.1 AES-128-CTR+2xCMAC (BearSSL (arduino-pico)), downlink, 51 B payload + 13 B overhead
#lib wolfSSL 5.9.4
iter,tcp_ms,tls_ms,mqtt_ms,total_ms,hs_tx_B,hs_rx_B,mqtt_tx_B,mqtt_rx_B,hs_writes,hs_reads,writes,reads,free_heap_B,hs_keygen_us,hs_derive_us,hs_verify_us,hs_sign_us,hs_keygen_n,hs_derive_n,hs_verify_n,hs_sign_n
msg,iter,idx,seal_us,rtt_us,open_us,tx_B,rx_B
whole,iter,first_ms,all_ms,msgs
#suite TLS13-AES256-GCM-SHA384
0,5.4180,3608.7960,25.0330,3639.2470,3159,3237,45,2904,4,14,5,20,133140,66351.0,70095.0,2026604.0,1356629.0,2,2,2,1
msg,0,0,602,5780,595,112,112
msg,0,1,460,6222,601,112,112
msg,0,2,422,7089,600,112,112
msg,0,3,454,6390,762,112,112
msg,0,4,428,6027,601,112,112
msg,0,5,458,5796,565,112,112
msg,0,6,464,7345,600,112,112
msg,0,7,429,5512,567,112,112
msg,0,8,427,5889,600,112,112
msg,0,9,426,29433,567,112,112
msg,0,10,429,7400,600,112,112
msg,0,11,463,5629,598,112,112
msg,0,12,463,7789,593,112,112
msg,0,13,457,5715,599,112,112
msg,0,14,623,5464,601,112,112
msg,0,15,463,5510,598,112,112
msg,0,16,430,8570,595,112,112
msg,0,17,431,5627,565,112,112
msg,0,18,425,6046,600,112,112
msg,0,19,434,29260,567,112,112
msg,0,20,426,8691,566,112,112
msg,0,21,461,5633,567,112,112
msg,0,22,463,5911,565,112,112
msg,0,23,425,6010,596,112,112
msg,0,24,600,6454,565,112,112
msg,0,25,424,8197,602,112,112
msg,0,26,457,7518,597,112,112
msg,0,27,425,6662,600,112,112
msg,0,28,421,6170,567,112,112
msg,0,29,463,26598,599,112,112
msg,0,30,459,6119,561,112,112
msg,0,31,427,6251,602,112,112
msg,0,32,454,7067,567,112,112
msg,0,33,464,5865,568,112,112
msg,0,34,593,5981,598,112,112
msg,0,35,424,5614,598,112,112
msg,0,36,431,5973,598,112,112
msg,0,37,467,6339,568,112,112
msg,0,38,428,6820,595,112,112
msg,0,39,423,29091,601,112,112
msg,0,40,458,7414,598,112,112
msg,0,41,433,9287,565,112,112
msg,0,42,465,5902,567,112,112
msg,0,43,424,6821,566,112,112
msg,0,44,423,5532,567,112,112
msg,0,45,455,5529,597,112,112
msg,0,46,462,8047,569,112,112
msg,0,47,427,7557,565,112,112
msg,0,48,461,5450,701,112,112
msg,0,49,460,31310,602,112,112
msg,0,50,425,6304,652,112,112
msg,0,51,421,5904,568,112,112
msg,0,52,418,6989,596,112,112
msg,0,53,424,6662,598,112,112
msg,0,54,422,5818,604,112,112
msg,0,55,425,5768,602,112,112
msg,0,56,423,5875,601,112,112
msg,0,57,465,5933,600,112,112
msg,0,58,456,7903,570,112,112
msg,0,59,425,5642,567,112,112
msg,0,60,462,34353,599,112,112
msg,0,61,457,6967,597,112,112
msg,0,62,463,5648,599,112,112
msg,0,63,479,6063,597,112,112
msg,0,64,429,5827,595,112,112
msg,0,65,438,5858,598,112,112
msg,0,66,425,8130,565,112,112
msg,0,67,458,6735,569,112,112
msg,0,68,458,7246,598,112,112
msg,0,69,420,27640,598,112,112
msg,0,70,433,7513,566,112,112
msg,0,71,423,7120,597,112,112
msg,0,72,424,6404,564,112,112
msg,0,73,432,7050,600,112,112
msg,0,74,424,6985,601,112,112
msg,0,75,459,9301,569,112,112
msg,0,76,426,7201,598,112,112
msg,0,77,457,6481,600,112,112
msg,0,78,424,6626,594,112,112
msg,0,79,417,26598,566,112,112
msg,0,80,421,7049,594,112,112
msg,0,81,422,6331,567,112,112
msg,0,82,425,9175,596,112,112
msg,0,83,423,6817,602,112,112
msg,0,84,459,5626,598,112,112
msg,0,85,425,6443,569,112,112
msg,0,86,424,7906,596,112,112
msg,0,87,422,5812,599,112,112
msg,0,88,426,5968,595,112,112
msg,0,89,454,22830,597,112,112
msg,0,90,455,6316,696,112,112
msg,0,91,440,5743,596,112,112
msg,0,92,426,6369,747,112,112
msg,0,93,428,7090,601,112,112
msg,0,94,473,5640,598,112,112
msg,0,95,453,5501,599,112,112
msg,0,96,427,8582,565,112,112
msg,0,97,435,7705,568,112,112
msg,0,98,431,6091,601,112,112
msg,0,99,471,6903,594,112,112
msg,0,100,458,25417,600,112,112
msg,0,101,440,6250,563,112,112
msg,0,102,455,5964,565,112,112
msg,0,103,429,6272,591,112,112
msg,0,104,456,5529,597,112,112
msg,0,105,456,6503,591,112,112
msg,0,106,440,5581,570,112,112
msg,0,107,422,8180,601,112,112
msg,0,108,457,7476,598,112,112
msg,0,109,427,6598,596,112,112
msg,0,110,433,5561,566,112,112
msg,0,111,425,24277,598,112,112
msg,0,112,466,6139,564,112,112
msg,0,113,434,6175,602,112,112
msg,0,114,426,6283,569,112,112
msg,0,115,427,7302,598,112,112
msg,0,116,454,6643,602,112,112
msg,0,117,457,6034,567,112,112
msg,0,118,468,5897,569,112,112
msg,0,119,545,7196,603,112,112
msg,0,120,458,6418,601,112,112
msg,0,121,427,6219,594,112,112
msg,0,122,458,24420,597,112,112
msg,0,123,424,9916,589,112,112
msg,0,124,454,5948,566,112,112
msg,0,125,467,7125,598,112,112
msg,0,126,426,11484,562,112,112
msg,0,127,425,6128,596,112,112
msg,0,128,423,5633,600,112,112
msg,0,129,433,6977,597,112,112
msg,0,130,460,5991,570,112,112
msg,0,131,460,5761,566,112,112
msg,0,132,457,30375,598,112,112
msg,0,133,430,5743,595,112,112
msg,0,134,431,5885,599,112,112
msg,0,135,469,6603,606,112,112
msg,0,136,472,5741,595,112,112
msg,0,137,459,7495,600,112,112
msg,0,138,424,8955,585,112,112
msg,0,139,460,8176,564,112,112
msg,0,140,425,6953,597,112,112
msg,0,141,427,29922,603,112,112
msg,0,142,457,8756,594,112,112
msg,0,143,451,5997,566,112,112
msg,0,144,459,5805,567,112,112
msg,0,145,538,5551,566,112,112
msg,0,146,450,9218,600,112,112
msg,0,147,422,8078,599,112,112
msg,0,148,456,6675,597,112,112
msg,0,149,455,6102,568,112,112
msg,0,150,429,5894,596,112,112
msg,0,151,434,29567,566,112,112
msg,0,152,592,6655,566,112,112
msg,0,153,423,5985,595,112,112
msg,0,154,423,7352,565,112,112
msg,0,155,432,5713,567,112,112
msg,0,156,427,6616,566,112,112
msg,0,157,462,7302,601,112,112
msg,0,158,426,8525,592,112,112
msg,0,159,421,13641,569,112,112
msg,0,160,429,26092,598,112,112
msg,0,161,422,7553,598,112,112
msg,0,162,427,5733,595,112,112
msg,0,163,424,5986,603,112,112
msg,0,164,455,6026,568,112,112
msg,0,165,466,6034,566,112,112
msg,0,166,426,7356,596,112,112
msg,0,167,464,6584,600,112,112
msg,0,168,469,6220,563,112,112
msg,0,169,430,5747,565,112,112
msg,0,170,425,6166,599,112,112
msg,0,171,461,24846,593,112,112
msg,0,172,466,6738,598,112,112
msg,0,173,451,6013,566,112,112
msg,0,174,424,6385,594,112,112
msg,0,175,459,6541,600,112,112
msg,0,176,465,5651,600,112,112
msg,0,177,563,5552,596,112,112
msg,0,178,427,5897,598,112,112
msg,0,179,452,6664,602,112,112
msg,0,180,467,6523,601,112,112
msg,0,181,422,6542,567,112,112
msg,0,182,432,30117,601,112,112
msg,0,183,458,7841,597,112,112
msg,0,184,462,5622,602,112,112
msg,0,185,1031,8662,567,112,112
msg,0,186,431,5619,567,112,112
msg,0,187,422,6946,599,112,112
msg,0,188,431,6168,602,112,112
msg,0,189,454,6524,700,112,112
msg,0,190,462,5793,596,112,112
msg,0,191,457,6142,566,112,112
msg,0,192,434,32793,564,112,112
msg,0,193,436,6298,599,112,112
msg,0,194,457,7407,597,112,112
msg,0,195,437,7447,565,112,112
msg,0,196,440,6690,566,112,112
msg,0,197,422,7612,566,112,112
msg,0,198,438,8297,601,112,112
msg,0,199,462,5903,566,112,112
whole,0,3683.242,5680.705,200
1,31.7140,3634.1890,23.1180,3689.0210,3159,3237,45,2904,4,14,5,20,133140,66405.0,70144.0,2026505.0,1352358.0,2,2,2,1
msg,1,0,667,6997,601,112,112
msg,1,1,462,7348,568,112,112
msg,1,2,424,6273,600,112,112
msg,1,3,475,7171,564,112,112
msg,1,4,426,6867,592,112,112
msg,1,5,419,9262,563,112,112
msg,1,6,464,7833,569,112,112
msg,1,7,456,8005,560,112,112
msg,1,8,425,32090,599,112,112
msg,1,9,456,8682,596,112,112
msg,1,10,420,6764,597,112,112
msg,1,11,454,9112,567,112,112
msg,1,12,456,6485,600,112,112
msg,1,13,459,5573,601,112,112
msg,1,14,466,6043,671,112,112
msg,1,15,433,8736,563,112,112
msg,1,16,426,6201,601,112,112
msg,1,17,424,6768,598,112,112
msg,1,18,427,27880,603,112,112
msg,1,19,459,6219,565,112,112
msg,1,20,427,6379,592,112,112
msg,1,21,455,5807,566,112,112
msg,1,22,456,6269,601,112,112
msg,1,23,426,6591,687,112,112
msg,1,24,423,7805,591,112,112
msg,1,25,435,6804,600,112,112
msg,1,26,421,5637,600,112,112
msg,1,27,432,5763,598,112,112
msg,1,28,423,28233,565,112,112
msg,1,29,465,18592,595,112,112
msg,1,30,457,6794,565,112,112
msg,1,31,461,6154,595,112,112
msg,1,32,428,6410,565,112,112
msg,1,33,464,7383,599,112,112
msg,1,34,456,8401,599,112,112
msg,1,35,424,6878,598,112,112
msg,1,36,423,6644,600,112,112
msg,1,37,425,29263,565,112,112
msg,1,38,469,6028,566,112,112
msg,1,39,418,6017,601,112,112
msg,1,40,423,6340,567,112,112
msg,1,41,421,8084,598,112,112
msg,1,42,421,5813,595,112,112
msg,1,43,419,6199,566,112,112
msg,1,44,460,7198,596,112,112
msg,1,45,422,6386,568,112,112
msg,1,46,457,6454,601,112,112
msg,1,47,575,24848,567,112,112
msg,1,48,460,5958,567,112,112
msg,1,49,426,5569,654,112,112
msg,1,50,427,5575,565,112,112
msg,1,51,457,5957,562,112,112
msg,1,52,423,7586,568,112,112
msg,1,53,459,7632,566,112,112
msg,1,54,457,5846,569,112,112
msg,1,55,569,6918,593,112,112
msg,1,56,428,6626,569,112,112
msg,1,57,426,6498,567,112,112
msg,1,58,460,24103,591,112,112
msg,1,59,428,5813,595,112,112
msg,1,60,429,6272,567,112,112
msg,1,61,460,6326,602,112,112
msg,1,62,433,6877,601,112,112
msg,1,63,461,5721,601,112,112
msg,1,64,459,5753,595,112,112
msg,1,65,461,8002,567,112,112
msg,1,66,453,6489,593,112,112
msg,1,67,458,5641,599,112,112
msg,1,68,455,6172,568,112,112
msg,1,69,428,24976,601,112,112
msg,1,70,422,5768,598,112,112
msg,1,71,427,5711,595,112,112
msg,1,72,422,5652,595,112,112
msg,1,73,428,6027,598,112,112
msg,1,74,419,5658,603,112,112
msg,1,75,420,5690,595,112,112
msg,1,76,419,9819,600,112,112
msg,1,77,425,6026,597,112,112
msg,1,78,462,6390,602,112,112
msg,1,79,426,5843,599,112,112
msg,1,80,457,24991,568,112,112
msg,1,81,461,6092,565,112,112
msg,1,82,422,5603,567,112,112
msg,1,83,428,6057,597,112,112
msg,1,84,418,7832,597,112,112
msg,1,85,426,6223,565,112,112
msg,1,86,474,5593,598,112,112
msg,1,87,466,6091,568,112,112
msg,1,88,424,8288,594,112,112
msg,1,89,459,6615,601,112,112
msg,1,90,461,5537,599,112,112
msg,1,91,429,28844,700,112,112
msg,1,92,462,5922,571,112,112
msg,1,93,456,5847,564,112,112
msg,1,94,419,6252,596,112,112
msg,1,95,427,5994,597,112,112
msg,1,96,462,5782,564,112,112
msg,1,97,454,8510,597,112,112
msg,1,98,459,12643,701,112,112
msg,1,99,465,6028,567,112,112
msg,1,100,424,29902,566,112,112
msg,1,101,428,6412,564,112,112
msg,1,102,458,5468,600,112,112
msg,1,103,458,5839,585,112,112
msg,1,104,458,6352,596,112,112
msg,1,105,429,5943,599,112,112
msg,1,106,463,6300,568,112,112
msg,1,107,423,5806,565,112,112
msg,1,108,430,8394,567,112,112
msg,1,109,476,6013,598,112,112
msg,1,110,424,6062,599,112,112
msg,1,111,459,27811,595,112,112
msg,1,112,459,7313,603,112,112
msg,1,113,419,5518,567,112,112
msg,1,114,432,5720,565,112,112
msg,1,115,429,5602,568,112,112
msg,1,116,463,5445,598,112,112
msg,1,117,460,5996,569,112,112
msg,1,118,572,5602,569,112,112
msg,1,119,465,7936,566,112,112
msg,1,120,427,6281,602,112,112
msg,1,121,455,30439,593,112,112
msg,1,122,421,6102,600,112,112
msg,1,123,461,6118,564,112,112
msg,1,124,421,6330,598,112,112
msg,1,125,461,31671,597,112,112
msg,1,126,459,8171,562,112,112
msg,1,127,426,6047,601,112,112
msg,1,128,426,29295,567,112,112
msg,1,129,425,6179,602,112,112
msg,1,130,423,6831,601,112,112
msg,1,131,456,5828,595,112,112
msg,1,132,465,6074,569,112,112
msg,1,133,418,6271,596,112,112
msg,1,134,459,5616,696,112,112
msg,1,135,461,5505,601,112,112
msg,1,136,425,8476,567,112,112
msg,1,137,424,6520,566,112,112
msg,1,138,454,6739,567,112,112
msg,1,139,466,27531,599,112,112
msg,1,140,461,6785,597,112,112
msg,1,141,460,5584,596,112,112
msg,1,142,457,6218,566,112,112
msg,1,143,429,5595,671,112,112
msg,1,144,425,5562,568,112,112
msg,1,145,459,5689,565,112,112
msg,1,146,464,5972,568,112,112
msg,1,147,429,5597,569,112,112
msg,1,148,427,6079,598,112,112
msg,1,149,435,42908,594,112,112
msg,1,150,419,7993,596,112,112
msg,1,151,461,5669,597,112,112
msg,1,152,464,6265,596,112,112
msg,1,153,432,5698,567,112,112
msg,1,154,436,8460,564,112,112
msg,1,155,457,9174,599,112,112
msg,1,156,421,6557,567,112,112
msg,1,157,590,34540,566,112,112
msg,1,158,428,7666,564,112,112
msg,1,159,433,5964,595,112,112
msg,1,160,423,6248,594,112,112
msg,1,161,459,6137,567,112,112
msg,1,162,426,6919,598,112,112
msg,1,163,426,7800,601,112,112
msg,1,164,421,8168,566,112,112
msg,1,165,458,6351,600,112,112
msg,1,166,430,6235,565,112,112
msg,1,167,424,28761,567,112,112
msg,1,168,425,5895,565,112,112
msg,1,169,425,5840,597,112,112
msg,1,170,419,5756,697,112,112
msg,1,171,431,6433,569,112,112
msg,1,172,424,5461,593,112,112
msg,1,173,447,6211,598,112,112
msg,1,174,415,6592,565,112,112
msg,1,175,419,7516,566,112,112
msg,1,176,459,7867,565,112,112
msg,1,177,428,29049,601,112,112
msg,1,178,424,11147,591,112,112
msg,1,179,458,5616,599,112,112
msg,1,180,459,6317,595,112,112
msg,1,181,432,6958,596,112,112
msg,1,182,430,5716,595,112,112
msg,1,183,428,7414,566,112,112
msg,1,184,426,9755,750,112,112
msg,1,185,431,6976,599,112,112
msg,1,186,423,31120,568,112,112
msg,1,187,455,8106,594,112,112
msg,1,188,426,6004,599,112,112
msg,1,189,454,5889,595,112,112
msg,1,190,453,6680,596,112,112
msg,1,191,456,7140,568,112,112
msg,1,192,433,9591,566,112,112
msg,1,193,431,8309,603,112,112
msg,1,194,453,6026,565,112,112
msg,1,195,460,5990,568,112,112
msg,1,196,437,27540,568,112,112
msg,1,197,460,7492,596,112,112
msg,1,198,457,5998,568,112,112
msg,1,199,426,20756,567,112,112
whole,1,3722.421,5803.328,200
2,7.6050,3608.9750,45.4430,3662.0230,3159,3237,45,2904,4,14,5,20,133140,66189.0,70125.0,2027559.0,1355412.0,2,2,2,1
msg,2,0,672,7124,599,112,112
msg,2,1,456,9162,566,112,112
msg,2,2,425,6993,594,112,112
msg,2,3,427,6857,600,112,112
msg,2,4,455,6144,565,112,112
msg,2,5,425,30503,595,112,112
msg,2,6,471,12261,595,112,112
msg,2,7,426,5760,599,112,112
msg,2,8,429,5625,568,112,112
msg,2,9,424,5782,598,112,112
msg,2,10,426,5589,567,112,112
msg,2,11,1050,5507,600,112,112
msg,2,12,425,5833,597,112,112
msg,2,13,464,8512,600,112,112
msg,2,14,428,30103,596,112,112
msg,2,15,455,5999,569,112,112
msg,2,16,427,7983,598,112,112
msg,2,17,421,25476,567,112,112
msg,2,18,424,7237,600,112,112
msg,2,19,418,8437,566,112,112
msg,2,20,422,6705,567,112,112
msg,2,21,426,5972,598,112,112
msg,2,22,422,33185,565,112,112
msg,2,23,462,6249,595,112,112
msg,2,24,419,6481,565,112,112
msg,2,25,439,6594,567,112,112
msg,2,26,453,6016,567,112,112
msg,2,27,427,11410,568,112,112
msg,2,28,461,8531,594,112,112
msg,2,29,458,7400,596,112,112
msg,2,30,422,29733,600,112,112
msg,2,31,422,5814,595,112,112
msg,2,32,424,6180,568,112,112
msg,2,33,462,6362,599,112,112
msg,2,34,419,7654,697,112,112
msg,2,35,427,5566,599,112,112
msg,2,36,427,5585,566,112,112
msg,2,37,427,7476,565,112,112
msg,2,38,459,14046,565,112,112
msg,2,39,421,6097,601,112,112
msg,2,40,460,32217,566,112,112
msg,2,41,424,6180,598,112,112
msg,2,42,424,6306,566,112,112
msg,2,43,427,7199,595,112,112
msg,2,44,426,5866,600,112,112
msg,2,45,461,5719,600,112,112
msg,2,46,462,5991,568,112,112
msg,2,47,448,8405,599,112,112
msg,2,48,461,5703,596,112,112
msg,2,49,462,5715,601,112,112
msg,2,50,475,29050,566,112,112
msg,2,51,424,6220,597,112,112
msg,2,52,427,6799,601,112,112
msg,2,53,454,6405,566,112,112
msg,2,54,426,5563,567,112,112
msg,2,55,419,6421,596,112,112
msg,2,56,453,8634,597,112,112
msg,2,57,453,7044,565,112,112
msg,2,58,421,6206,599,112,112
msg,2,59,422,6331,565,112,112
msg,2,60,426,25992,599,112,112
msg,2,61,426,6981,601,112,112
msg,2,62,453,5711,592,112,112
msg,2,63,456,23285,567,112,112
msg,2,64,430,8581,564,112,112
msg,2,65,457,8477,597,112,112
msg,2,66,454,7730,596,112,112
msg,2,67,460,6264,598,112,112
msg,2,68,425,37796,597,112,112
msg,2,69,425,5650,592,112,112
msg,2,70,428,5851,599,112,112
msg,2,71,426,5783,597,112,112
msg,2,72,434,5840,601,112,112
msg,2,73,422,8874,603,112,112
msg,2,74,477,8058,566,112,112
msg,2,75,424,7468,567,112,112
msg,2,76,460,5685,565,112,112
msg,2,77,463,33420,600,112,112
msg,2,78,420,5992,595,112,112
msg,2,79,466,7335,597,112,112
msg,2,80,426,6772,598,112,112
msg,2,81,427,6779,595,112,112
msg,2,82,427,9292,568,112,112
msg,2,83,428,7971,596,112,112
msg,2,84,419,55299,565,112,112
msg,2,85,473,7415,599,112,112
msg,2,86,427,5558,597,112,112
msg,2,87,428,5876,602,112,112
msg,2,88,572,5541,600,112,112
msg,2,89,426,6036,596,112,112
msg,2,90,456,7638,596,112,112
msg,2,91,466,6909,563,112,112
msg,2,92,454,6577,597,112,112
msg,2,93,453,29172,565,112,112
msg,2,94,428,10253,594,112,112
msg,2,95,455,7030,566,112,112
msg,2,96,427,6329,600,112,112
msg,2,97,461,5634,598,112,112
msg,2,98,454,5485,599,112,112
msg,2,99,431,7372,566,112,112
msg,2,100,453,5648,566,112,112
msg,2,101,460,6589,598,112,112
msg,2,102,460,5538,597,112,112
msg,2,103,453,80437,598,112,112
msg,2,104,426,7005,598,112,112
msg,2,105,416,6352,567,112,112
msg,2,106,433,33818,568,112,112
msg,2,107,428,6026,598,112,112
msg,2,108,427,7377,567,112,112
msg,2,109,427,6150,601,112,112
msg,2,110,452,5674,599,112,112
msg,2,111,456,6211,565,112,112
msg,2,112,428,10232,597,112,112
msg,2,113,422,5861,601,112,112
msg,2,114,460,5589,597,112,112
msg,2,115,1037,5988,600,112,112
msg,2,116,428,24097,599,112,112
msg,2,117,460,5977,562,112,112
msg,2,118,444,5392,592,112,112
msg,2,119,460,5368,594,112,112
msg,2,120,423,5758,700,112,112
msg,2,121,459,8252,567,112,112
msg,2,122,591,13461,566,112,112
msg,2,123,426,9788,563,112,112
msg,2,124,426,9415,597,112,112
msg,2,125,458,34258,600,112,112
msg,2,126,425,6519,567,112,112
msg,2,127,537,5612,567,112,112
msg,2,128,420,36087,604,112,112
msg,2,129,425,6623,601,112,112
msg,2,130,428,5742,600,112,112
msg,2,131,427,37109,598,112,112
msg,2,132,470,7655,597,112,112
msg,2,133,477,5795,594,112,112
msg,2,134,460,8571,594,112,112
msg,2,135,468,6610,599,112,112
msg,2,136,430,7205,569,112,112
msg,2,137,583,7429,599,112,112
msg,2,138,470,5800,568,112,112
msg,2,139,463,6843,566,112,112
msg,2,140,423,28451,599,112,112
msg,2,141,459,6727,596,112,112
msg,2,142,459,6557,597,112,112
msg,2,143,461,5621,597,112,112
msg,2,144,424,5694,599,112,112
msg,2,145,423,9237,562,112,112
msg,2,146,461,6214,598,112,112
msg,2,147,420,7905,601,112,112
msg,2,148,461,7611,603,112,112
msg,2,149,561,6339,594,112,112
msg,2,150,434,27506,565,112,112
msg,2,151,425,6585,564,112,112
msg,2,152,464,6143,597,112,112
msg,2,153,418,6000,602,112,112
msg,2,154,432,6142,567,112,112
msg,2,155,468,7267,597,112,112
msg,2,156,417,8664,603,112,112
msg,2,157,422,6797,600,112,112
msg,2,158,422,5745,600,112,112
msg,2,159,420,6668,595,112,112
msg,2,160,419,29655,598,112,112
msg,2,161,422,6368,568,112,112
msg,2,162,459,7133,597,112,112
msg,2,163,431,5596,567,112,112
msg,2,164,427,5329,596,112,112
msg,2,165,475,5804,569,112,112
msg,2,166,466,8121,567,112,112
msg,2,167,429,7479,566,112,112
msg,2,168,462,5389,700,112,112
msg,2,169,467,6391,597,112,112
msg,2,170,421,28719,598,112,112
msg,2,171,426,6442,567,112,112
msg,2,172,425,7430,598,112,112
msg,2,173,455,5504,604,112,112
msg,2,174,453,6757,601,112,112
msg,2,175,463,5576,598,112,112
msg,2,176,427,6651,597,112,112
msg,2,177,424,7058,598,112,112
msg,2,178,455,6457,703,112,112
msg,2,179,460,5721,598,112,112
msg,2,180,459,5884,596,112,112
msg,2,181,453,28782,568,112,112
msg,2,182,452,6647,600,112,112
msg,2,183,464,6348,731,112,112
msg,2,184,462,7741,598,112,112
msg,2,185,456,6168,567,112,112
msg,2,186,423,5592,570,112,112
msg,2,187,466,5755,566,112,112
msg,2,188,462,7688,566,112,112
msg,2,189,445,6062,599,112,112
msg,2,190,424,7563,567,112,112
msg,2,191,426,28988,598,112,112
msg,2,192,426,7508,567,112,112
msg,2,193,433,5772,568,112,112
msg,2,194,422,5486,566,112,112
msg,2,195,459,5729,564,112,112
msg,2,196,463,6460,599,112,112
msg,2,197,464,8392,597,112,112
msg,2,198,417,7543,567,112,112
msg,2,199,419,6605,565,112,112
whole,2,3676.976,5956.667,200
#heap 23663
#stack 41464
#end
#block pipeline mTLS lorawan11_256 up
#aead AES-256-CTR+2xCMAC (LoRaWAN 1.1 frame, 256-bit keys) (BearSSL (arduino-pico)), uplink, 51 B payload + 13 B overhead
#lib wolfSSL 5.9.4
iter,tcp_ms,tls_ms,mqtt_ms,total_ms,hs_tx_B,hs_rx_B,mqtt_tx_B,mqtt_rx_B,hs_writes,hs_reads,writes,reads,free_heap_B,hs_keygen_us,hs_derive_us,hs_verify_us,hs_sign_us,hs_keygen_n,hs_derive_n,hs_verify_n,hs_sign_n
msg,iter,idx,seal_us,rtt_us,open_us,tx_B,rx_B
whole,iter,first_ms,all_ms,msgs
#suite TLS13-AES256-GCM-SHA384
0,5.4640,3613.3270,47.4030,3666.1940,3159,3237,45,2904,4,14,5,20,133140,66302.0,70066.0,2029538.0,1355004.0,2,2,2,1
msg,0,0,1083,5903,1077,112,112
msg,0,1,953,5690,1072,112,112
msg,0,2,944,8221,1089,112,112
msg,0,3,956,6988,1090,112,112
msg,0,4,942,22511,1094,112,112
msg,0,5,952,6339,1082,112,112
msg,0,6,949,6984,1092,112,112
msg,0,7,949,5816,1092,112,112
msg,0,8,945,8825,1094,112,112
msg,0,9,915,5673,1089,112,112
msg,0,10,946,8968,1090,112,112
msg,0,11,948,6505,1094,112,112
msg,0,12,919,7336,1640,112,112
msg,0,13,963,35762,1088,112,112
msg,0,14,948,7419,1094,112,112
msg,0,15,951,5743,1086,112,112
msg,0,16,1075,6283,1087,112,112
msg,0,17,956,5636,1079,112,112
msg,0,18,943,8680,1073,112,112
msg,0,19,944,6410,1094,112,112
msg,0,20,937,7986,1074,112,112
msg,0,21,950,28979,1086,112,112
msg,0,22,951,6308,1097,112,112
msg,0,23,947,5772,1101,112,112
msg,0,24,945,5586,1092,112,112
msg,0,25,948,5632,1091,112,112
msg,0,26,914,5678,1090,112,112
msg,0,27,915,8949,1086,112,112
msg,0,28,947,6595,1093,112,112
msg,0,29,948,7736,1092,112,112
msg,0,30,943,30489,1193,112,112
msg,0,31,919,6761,1092,112,112
msg,0,32,914,8397,1086,112,112
msg,0,33,950,5664,1083,112,112
msg,0,34,946,5585,1070,112,112
msg,0,35,951,5486,1094,112,112
msg,0,36,948,5713,1090,112,112
msg,0,37,1054,5881,1075,112,112
msg,0,38,952,5547,1097,112,112
msg,0,39,950,6329,1091,112,112
msg,0,40,943,22632,1089,112,112
msg,0,41,945,5991,1092,112,112
msg,0,42,942,5638,1088,112,112
msg,0,43,945,6859,1093,112,112
msg,0,44,950,7564,1089,112,112
msg,0,45,941,6295,1083,112,112
msg,0,46,951,6583,1073,112,112
msg,0,47,945,5943,1083,112,112
msg,0,48,954,5657,1077,112,112
msg,0,49,949,5562,1109,112,112
msg,0,50,1114,27991,1090,112,112
msg,0,51,950,6183,1097,112,112
msg,0,52,953,7911,1075,112,112
msg,0,53,944,6329,1090,112,112
msg,0,54,919,5602,1092,112,112
msg,0,55,954,7719,1089,112,112
msg,0,56,956,7793,1098,112,112
msg,0,57,946,6501,1085,112,112
msg,0,58,951,5770,1086,112,112
msg,0,59,958,33123,1091,112,112
msg,0,60,945,9104,1080,112,112
msg,0,61,955,5798,1088,112,112
msg,0,62,948,5901,1089,112,112
msg,0,63,950,5582,1085,112,112
msg,0,64,952,5973,1193,112,112
msg,0,65,918,8308,1084,112,112
msg,0,66,956,7118,1087,112,112
msg,0,67,949,29801,1093,112,112
msg,0,68,913,9277,1084,112,112
msg,0,69,950,6590,1072,112,112
msg,0,70,949,7167,1093,112,112
msg,0,71,943,6682,1085,112,112
msg,0,72,947,6993,1088,112,112
msg,0,73,911,6680,1087,112,112
msg,0,74,917,5892,1091,112,112
msg,0,75,945,5738,1094,112,112
msg,0,76,943,27217,1087,112,112
msg,0,77,947,5628,1084,112,112
msg,0,78,951,6038,1091,112,112
msg,0,79,1075,10391,1088,112,112
msg,0,80,951,6237,1205,112,112
msg,0,81,952,7057,1085,112,112
msg,0,82,948,7183,1093,112,112
msg,0,83,1060,5554,1252,112,112
msg,0,84,944,5496,1095,112,112
msg,0,85,924,27167,1073,112,112
msg,0,86,946,5692,1069,112,112
msg,0,87,948,5526,1090,112,112
msg,0,88,936,5619,1090,112,112
msg,0,89,914,6091,1072,112,112
msg,0,90,946,6992,1090,112,112
msg,0,91,1066,7326,1072,112,112
msg,0,92,945,7043,1091,112,112
msg,0,93,951,7838,1090,112,112
msg,0,94,951,25082,1089,112,112
msg,0,95,946,5555,1091,112,112
msg,0,96,952,5671,1092,112,112
msg,0,97,947,5533,1090,112,112
msg,0,98,962,5967,1091,112,112
msg,0,99,939,10740,1091,112,112
msg,0,100,940,6666,1090,112,112
msg,0,101,945,8083,1261,112,112
msg,0,102,956,5801,1076,112,112
msg,0,103,958,23817,1082,112,112
msg,0,104,954,5720,1082,112,112
msg,0,105,952,5576,1077,112,112
msg,0,106,945,5469,1090,112,112
msg,0,107,943,5604,1087,112,112
msg,0,108,918,5667,1094,112,112
msg,0,109,951,6541,1093,112,112
msg,0,110,946,7525,1084,112,112
msg,0,111,953,7192,1092,112,112
msg,0,112,947,5694,1093,112,112
msg,0,113,916,24415,1091,112,112
msg,0,114,958,8083,1089,112,112
msg,0,115,945,5605,1093,112,112
msg,0,116,948,5658,1092,112,112
msg,0,117,942,6375,1086,112,112
msg,0,118,950,7069,1092,112,112
msg,0,119,951,9473,1088,112,112
msg,0,120,956,7476,1070,112,112
msg,0,121,948,5770,1073,112,112
msg,0,122,953,30451,1095,112,112
msg,0,123,944,7410,1193,112,112
msg,0,124,947,6744,1095,112,112
msg,0,125,942,6211,1071,112,112
msg,0,126,951,5817,1076,112,112
msg,0,127,960,5657,1074,112,112
msg,0,128,947,7500,1094,112,112
msg,0,129,950,6308,1090,112,112
msg,0,130,957,5893,1093,112,112
msg,0,131,948,5532,1090,112,112
msg,0,132,946,34774,1087,112,112
msg,0,133,1067,5597,1088,112,112
msg,0,134,958,5666,1092,112,112
msg,0,135,963,6075,1099,112,112
msg,0,136,948,5780,1090,112,112
msg,0,137,950,7127,1249,112,112
msg,0,138,953,6195,1091,112,112
msg,0,139,947,5465,1091,112,112
msg,0,140,947,30368,1239,112,112
msg,0,141,963,8987,1095,112,112
msg,0,142,916,5570,1092,112,112
msg,0,143,1066,8289,1080,112,112
msg,0,144,954,5891,1089,112,112
msg,0,145,952,5638,1081,112,112
msg,0,146,950,5774,1087,112,112
msg,0,147,949,11628,1079,112,112
msg,0,148,950,35906,1086,112,112
msg,0,149,954,6057,1096,112,112
msg,0,150,940,6093,1074,112,112
msg,0,151,948,7128,1091,112,112
msg,0,152,950,6376,1073,112,112
msg,0,153,947,8148,1090,112,112
msg,0,154,944,9433,1089,112,112
msg,0,155,948,6997,1093,112,112
msg,0,156,944,33477,1083,112,112
msg,0,157,953,6679,1077,112,112
msg,0,158,960,6195,1093,112,112
msg,0,159,916,5876,1090,112,112
msg,0,160,942,5968,1070,112,112
msg,0,161,941,5896,1249,112,112
msg,0,162,969,6253,1090,112,112
msg,0,163,945,5774,1099,112,112
msg,0,164,942,7388,1088,112,112
msg,0,165,963,27576,1090,112,112
msg,0,166,951,5820,1090,112,112
msg,0,167,949,7928,1100,112,112
msg,0,168,946,6119,1078,112,112
msg,0,169,959,5530,1103,112,112
msg,0,170,948,7254,1221,112,112
msg,0,171,949,6319,1081,112,112
msg,0,172,961,6132,1091,112,112
msg,0,173,942,7804,1095,112,112
msg,0,174,910,23792,1092,112,112
msg,0,175,944,5939,1100,112,112
msg,0,176,951,6804,1074,112,112
msg,0,177,951,6068,1189,112,112
msg,0,178,952,5592,1094,112,112
msg,0,179,947,5574,1081,112,112
msg,0,180,964,5539,1076,112,112
msg,0,181,950,5796,1075,112,112
msg,0,182,947,6779,1175,112,112
msg,0,183,947,5907,1086,112,112
msg,0,184,963,24842,1089,112,112
msg,0,185,953,7255,1072,112,112
msg,0,186,943,5926,1086,112,112
msg,0,187,949,6131,1087,112,112
msg,0,188,1559,6881,1084,112,112
msg,0,189,959,5932,1246,112,112
msg,0,190,954,6991,1073,112,112
msg,0,191,948,7161,1085,112,112
msg,0,192,1065,5888,1089,112,112
msg,0,193,914,7082,1072,112,112
msg,0,194,944,28413,1092,112,112
msg,0,195,914,5899,1092,112,112
msg,0,196,947,7294,1086,112,112
msg,0,197,947,5601,1089,112,112
msg,0,198,954,6369,1096,112,112
msg,0,199,946,5833,1077,112,112
whole,0,3684.376,5939.146,200
1,6.4230,3602.8830,36.5650,3645.8710,3159,3237,45,2904,4,14,5,20,133140,66111.0,70443.0,2023767.0,1351702.0,2,2,2,1
msg,1,0,1078,6539,1094,112,112
msg,1,1,912,6510,1091,112,112
msg,1,2,953,7993,1094,112,112
msg,1,3,917,6092,1071,112,112
msg,1,4,945,5911,1085,112,112
msg,1,5,947,6299,1093,112,112
msg,1,6,941,32490,1089,112,112
msg,1,7,949,8089,1093,112,112
msg,1,8,949,5894,1070,112,112
msg,1,9,943,7811,1078,112,112
msg,1,10,951,5688,1071,112,112
msg,1,11,948,9043,1085,112,112
msg,1,12,951,5997,1092,112,112
msg,1,13,917,6665,1097,112,112
msg,1,14,947,6472,1090,112,112
msg,1,15,948,24596,1080,112,112
msg,1,16,951,6127,1090,112,112
msg,1,17,950,5905,1091,112,112
msg,1,18,942,9900,1096,112,112
msg,1,19,944,5653,1091,112,112
msg,1,20,946,6328,1095,112,112
msg,1,21,948,6173,1106,112,112
msg,1,22,949,6013,1090,112,112
msg,1,23,1063,5545,1078,112,112
msg,1,24,949,22362,1090,112,112
msg,1,25,938,6292,1199,112,112
msg,1,26,947,5797,1090,112,112
msg,1,27,943,5491,1088,112,112
msg,1,28,948,5842,1088,112,112
msg,1,29,954,6022,1093,112,112
msg,1,30,913,5700,1095,112,112
msg,1,31,918,6485,1088,112,112
msg,1,32,944,6590,1088,112,112
msg,1,33,1067,5603,1086,112,112
msg,1,34,951,5725,1088,112,112
msg,1,35,950,29703,1082,112,112
msg,1,36,947,6666,1077,112,112
msg,1,37,954,8041,1090,112,112
msg,1,38,944,5837,1095,112,112
msg,1,39,950,5943,1096,112,112
msg,1,40,951,7102,1090,112,112
msg,1,41,945,7679,1077,112,112
msg,1,42,953,6185,1094,112,112
msg,1,43,941,28384,1089,112,112
msg,1,44,950,7790,1086,112,112
msg,1,45,959,6294,1092,112,112
msg,1,46,948,7059,1085,112,112
msg,1,47,953,5552,1070,112,112
msg,1,48,937,6627,1096,112,112
msg,1,49,945,5988,1082,112,112
msg,1,50,962,6121,1090,112,112
msg,1,51,942,6436,1088,112,112
msg,1,52,957,30764,1090,112,112
msg,1,53,949,5859,1088,112,112
msg,1,54,944,5928,1196,112,112
msg,1,55,944,5628,1091,112,112
msg,1,56,946,5543,1085,112,112
msg,1,57,951,5716,1090,112,112
msg,1,58,954,7502,1081,112,112
msg,1,59,952,8038,1094,112,112
msg,1,60,951,5616,1089,112,112
msg,1,61,950,6775,1090,112,112
msg,1,62,939,25931,1193,112,112
msg,1,63,946,7544,1096,112,112
msg,1,64,947,5614,1092,112,112
msg,1,65,950,6599,1091,112,112
msg,1,66,959,6276,1104,112,112
msg,1,67,942,5455,1097,112,112
msg,1,68,918,6188,1073,112,112
msg,1,69,948,5662,1072,112,112
msg,1,70,948,6312,1095,112,112
msg,1,71,953,27886,1094,112,112
msg,1,72,944,6896,1106,112,112
msg,1,73,945,5744,1103,112,112
msg,1,74,947,6714,1101,112,112
msg,1,75,952,5734,1100,112,112
msg,1,76,953,5489,1098,112,112
msg,1,77,938,7142,1181,112,112
msg,1,78,953,7243,1089,112,112
msg,1,79,942,5780,1091,112,112
msg,1,80,947,6410,1095,112,112
msg,1,81,948,23368,1081,112,112
msg,1,82,942,5664,1178,112,112
msg,1,83,951,5480,1103,112,112
msg,1,84,950,5830,1072,112,112
msg,1,85,946,5508,1092,112,112
msg,1,86,946,5551,1094,112,112
msg,1,87,908,8542,1093,112,112
msg,1,88,945,7440,1086,112,112
msg,1,89,958,6735,1085,112,112
msg,1,90,942,29998,1090,112,112
msg,1,91,1055,5579,1090,112,112
msg,1,92,949,7982,1093,112,112
msg,1,93,917,5663,1247,112,112
msg,1,94,951,5665,1099,112,112
msg,1,95,955,6025,1073,112,112
msg,1,96,952,6135,1089,112,112
msg,1,97,950,6693,1085,112,112
msg,1,98,950,6345,1072,112,112
msg,1,99,950,5633,1100,112,112
msg,1,100,951,25913,1074,112,112
msg,1,101,948,6042,1089,112,112
msg,1,102,951,6703,1093,112,112
msg,1,103,956,5579,1091,112,112
msg,1,104,943,5810,1087,112,112
msg,1,105,954,7181,1089,112,112
msg,1,106,944,7187,1080,112,112
msg,1,107,955,6091,1096,112,112
msg,1,108,1069,5892,1105,112,112
msg,1,109,946,27903,1072,112,112
msg,1,110,950,6370,1091,112,112
msg,1,111,941,6149,1077,112,112
msg,1,112,948,5439,1091,112,112
msg,1,113,949,5650,1089,112,112
msg,1,114,942,5811,1104,112,112
msg,1,115,1053,8164,1087,112,112
msg,1,116,944,8322,1175,112,112
msg,1,117,956,6181,1092,112,112
msg,1,118,943,5524,1091,112,112
msg,1,119,951,1455132,1094,112,112
msg,1,120,913,6426,1087,112,112
msg,1,121,959,5932,1092,112,112
msg,1,122,944,5803,1089,112,112
msg,1,123,945,7067,1104,112,112
msg,1,124,943,6137,1090,112,112
msg,1,125,952,6784,1091,112,112
msg,1,126,951,6898,1093,112,112
msg,1,127,945,5850,1090,112,112
msg,1,128,946,6186,1084,112,112
msg,1,129,948,20932,1087,112,112
msg,1,130,952,5634,1084,112,112
msg,1,131,949,5513,1073,112,112
msg,1,132,942,5585,1097,112,112
msg,1,133,1058,7214,1091,112,112
msg,1,134,944,6891,1093,112,112
msg,1,135,941,9309,1089,112,112
msg,1,136,955,6108,1097,112,112
msg,1,137,909,5720,1097,112,112
msg,1,138,913,5590,1086,112,112
msg,1,139,952,21914,1094,112,112
msg,1,140,940,5549,1087,112,112
msg,1,141,949,6381,1612,112,112
msg,1,142,962,5808,1094,112,112
msg,1,143,946,6112,1087,112,112
msg,1,144,958,8708,1083,112,112
msg,1,145,942,8683,1081,112,112
msg,1,146,1061,5593,1076,112,112
msg,1,147,951,6217,1088,112,112
msg,1,148,954,24751,1091,112,112
msg,1,149,915,5561,1087,112,112
msg,1,150,950,5562,1088,112,112
msg,1,151,947,7231,1089,112,112
msg,1,152,939,5626,1091,112,112
msg,1,153,942,5665,1092,112,112
msg,1,154,909,5595,1092,112,112
msg,1,155,946,5443,1084,112,112
msg,1,156,953,6579,1073,112,112
msg,1,157,945,8399,1096,112,112
msg,1,158,949,28902,1101,112,112
msg,1,159,946,6242,1086,112,112
msg,1,160,954,7724,1091,112,112
msg,1,161,950,7825,1090,112,112
msg,1,162,955,5546,1087,112,112
msg,1,163,952,6010,1093,112,112
msg,1,164,1044,6999,1071,112,112
msg,1,165,959,7483,1089,112,112
msg,1,166,944,5492,1092,112,112
msg,1,167,939,32539,1090,112,112
msg,1,168,956,6630,1188,112,112
msg,1,169,965,5854,1090,112,112
msg,1,170,944,5888,1095,112,112
msg,1,171,916,5554,1093,112,112
msg,1,172,951,5646,1086,112,112
msg,1,173,953,7586,1087,112,112
msg,1,174,950,7487,1076,112,112
msg,1,175,958,7962,1085,112,112
msg,1,176,953,24014,1091,112,112
msg,1,177,946,5548,1087,112,112
msg,1,178,952,6034,1090,112,112
msg,1,179,917,5600,1092,112,112
msg,1,180,948,5647,1197,112,112
msg,1,181,949,5526,1090,112,112
msg,1,182,950,5588,1082,112,112
msg,1,183,952,6266,1089,112,112
msg,1,184,947,10820,1095,112,112
msg,1,185,950,6259,1092,112,112
msg,1,186,955,25170,1635,112,112
msg,1,187,958,6126,1091,112,112
msg,1,188,948,5599,1092,112,112
msg,1,189,921,5709,1093,112,112
msg,1,190,911,5599,1088,112,112
msg,1,191,949,5551,1187,112,112
msg,1,192,954,5950,1091,112,112
msg,1,193,914,9729,1196,112,112
msg,1,194,942,6562,1090,112,112
msg,1,195,948,26754,1094,112,112
msg,1,196,915,7508,1086,112,112
msg,1,197,951,7370,1067,112,112
msg,1,198,948,5516,1213,112,112
msg,1,199,948,5517,1092,112,112
whole,1,3661.017,7252.263,200
2,8.4180,3614.8920,46.5210,3669.8310,3159,3237,45,2904,4,14,5,20,133140,66765.0,70646.0,2027729.0,1361076.0,2,2,2,1
msg,2,0,1101,5837,1092,112,112
msg,2,1,943,7507,1095,112,112
msg,2,2,912,8207,1073,112,112
msg,2,3,945,7277,1089,112,112
msg,2,4,921,29021,1107,112,112
msg,2,5,954,6426,1093,112,112
msg,2,6,915,10630,1090,112,112
msg,2,7,953,12582,1096,112,112
msg,2,8,963,5719,1094,112,112
msg,2,9,951,7877,1094,112,112
msg,2,10,915,6522,1095,112,112
msg,2,11,946,5614,1089,112,112
msg,2,12,947,27775,1088,112,112
msg,2,13,951,7355,1071,112,112
msg,2,14,1492,6430,1086,112,112
msg,2,15,957,5688,1087,112,112
msg,2,16,951,6811,1090,112,112
msg,2,17,946,6280,1091,112,112
msg,2,18,949,5599,1088,112,112
msg,2,19,941,5823,1088,112,112
msg,2,20,942,5551,1094,112,112
msg,2,21,921,6475,1091,112,112
msg,2,22,947,31021,1095,112,112
msg,2,23,946,6093,1072,112,112
msg,2,24,953,8887,1083,112,112
msg,2,25,953,6861,1086,112,112
msg,2,26,960,7252,1103,112,112
msg,2,27,944,5993,1080,112,112
msg,2,28,951,5864,1082,112,112
msg,2,29,955,7067,1098,112,112
msg,2,30,969,23280,1086,112,112
msg,2,31,964,6831,1089,112,112
msg,2,32,944,5651,1088,112,112
msg,2,33,953,5681,1252,112,112
msg,2,34,947,7815,1088,112,112
msg,2,35,950,5873,1094,112,112
msg,2,36,1059,5539,1091,112,112
msg,2,37,942,7226,1649,112,112
msg,2,38,946,8604,1096,112,112
msg,2,39,909,5816,1092,112,112
msg,2,40,958,23833,1093,112,112
msg,2,41,950,5531,1199,112,112
msg,2,42,954,5958,1074,112,112
msg,2,43,947,6886,1081,112,112
msg,2,44,949,5624,1077,112,112
msg,2,45,951,5763,1072,112,112
msg,2,46,954,7714,1071,112,112
msg,2,47,951,6933,1087,112,112
msg,2,48,955,6027,1088,112,112
msg,2,49,947,35856,1095,112,112
msg,2,50,1071,9813,1104,112,112
msg,2,51,939,6736,1202,112,112
msg,2,52,947,5792,1069,112,112
msg,2,53,951,5950,1089,112,112
msg,2,54,950,6927,1093,112,112
msg,2,55,947,7588,1087,112,112
msg,2,56,947,6655,1093,112,112
msg,2,57,948,25161,1093,112,112
msg,2,58,946,5823,1089,112,112
msg,2,59,942,6318,1091,112,112
msg,2,60,955,6035,1089,112,112
msg,2,61,950,7027,1076,112,112
msg,2,62,952,5734,1075,112,112
msg,2,63,1050,5848,1087,112,112
msg,2,64,953,8343,1095,112,112
msg,2,65,950,5686,1092,112,112
msg,2,66,950,5751,1100,112,112
msg,2,67,942,28596,1189,112,112
msg,2,68,954,7382,1092,112,112
msg,2,69,951,5574,1090,112,112
msg,2,70,952,5854,1091,112,112
msg,2,71,948,6738,1092,112,112
msg,2,72,949,5561,1090,112,112
msg,2,73,950,6702,1084,112,112
msg,2,74,952,7695,1088,112,112
msg,2,75,945,6911,1090,112,112
msg,2,76,944,66434,1084,112,112
msg,2,77,949,10619,1074,112,112
msg,2,78,946,8933,1086,112,112
msg,2,79,952,5829,1086,112,112
msg,2,80,951,29463,1070,112,112
msg,2,81,948,7195,1094,112,112
msg,2,82,954,6195,1070,112,112
msg,2,83,947,5537,1093,112,112
msg,2,84,943,5863,1104,112,112
msg,2,85,953,6906,1079,112,112
msg,2,86,949,5943,1091,112,112
msg,2,87,955,6404,1073,112,112
msg,2,88,946,6472,1093,112,112
msg,2,89,951,6033,1075,112,112
msg,2,90,949,24730,1073,112,112
msg,2,91,950,7300,1095,112,112
msg,2,92,914,6498,1088,112,112
msg,2,93,944,5772,1089,112,112
msg,2,94,945,5624,1088,112,112
msg,2,95,952,5736,1087,112,112
msg,2,96,949,5332,1102,112,112
msg,2,97,1123,7433,1093,112,112
msg,2,98,944,7534,1091,112,112
msg,2,99,1032,28067,1075,112,112
msg,2,100,954,7271,1093,112,112
msg,2,101,910,6712,1091,112,112
msg,2,102,940,5780,1096,112,112
msg,2,103,964,5889,1104,112,112
msg,2,104,951,5524,1093,112,112
msg,2,105,948,5562,1255,112,112
msg,2,106,949,7454,1096,112,112
msg,2,107,945,5893,1095,112,112
msg,2,108,947,6018,1067,112,112
msg,2,109,950,27151,1091,112,112
msg,2,110,949,6117,1093,112,112
msg,2,111,952,6176,1087,112,112
msg,2,112,947,6185,1083,112,112
msg,2,113,947,5604,1094,112,112
msg,2,114,951,5571,1094,112,112
msg,2,115,951,5765,1091,112,112
msg,2,116,943,57977,1094,112,112
msg,2,117,937,9602,1091,112,112
msg,2,118,971,6017,1073,112,112
msg,2,119,990,5751,1094,112,112
msg,2,120,940,7648,1097,112,112
msg,2,121,913,7150,1072,112,112
msg,2,122,946,5703,1071,112,112
msg,2,123,956,5538,1094,112,112
msg,2,124,946,28439,1192,112,112
msg,2,125,919,5758,1092,112,112
msg,2,126,928,6168,1078,112,112
msg,2,127,956,7237,1098,112,112
msg,2,128,950,6157,1074,112,112
msg,2,129,945,5937,1087,112,112
msg,2,130,947,6327,1092,112,112
msg,2,131,948,6476,1197,112,112
msg,2,132,946,5754,1094,112,112
msg,2,133,953,31803,1093,112,112
msg,2,134,942,6735,1089,112,112
msg,2,135,948,6222,1190,112,112
msg,2,136,950,5691,1091,112,112
msg,2,137,950,5491,1083,112,112
msg,2,138,949,5480,1100,112,112
msg,2,139,943,8345,1092,112,112
msg,2,140,959,5970,1091,112,112
msg,2,141,944,5664,1092,112,112
msg,2,142,948,23517,1191,112,112
msg,2,143,914,9251,1087,112,112
msg,2,144,959,6775,1084,112,112
msg,2,145,950,6349,1093,112,112
msg,2,146,955,5887,1067,112,112
msg,2,147,948,5942,1087,112,112
msg,2,148,949,7057,1094,112,112
msg,2,149,951,6931,1207,112,112
msg,2,150,946,5738,1098,112,112
msg,2,151,947,5816,1069,112,112
msg,2,152,950,28041,1081,112,112
msg,2,153,950,6694,1082,112,112
msg,2,154,949,5569,1068,112,112
msg,2,155,941,5678,1073,112,112
msg,2,156,949,7189,1093,112,112
msg,2,157,951,5517,1085,112,112
msg,2,158,954,6422,1103,112,112
msg,2,159,960,7089,1090,112,112
msg,2,160,950,5972,1088,112,112
msg,2,161,947,22514,1087,112,112
msg,2,162,956,6520,1082,112,112
msg,2,163,962,7046,1096,112,112
msg,2,164,952,6597,1092,112,112
msg,2,165,948,6550,1086,112,112
msg,2,166,951,5573,1072,112,112
msg,2,167,955,5668,1074,112,112
msg,2,168,947,5815,1077,112,112
msg,2,169,943,7040,1087,112,112
msg,2,170,954,5488,1086,112,112
msg,2,171,950,27115,1090,112,112
msg,2,172,951,5938,1087,112,112
msg,2,173,944,21775,1254,112,112
msg,2,174,995,7125,1096,112,112
msg,2,175,940,8035,1172,112,112
msg,2,176,951,8780,1086,112,112
msg,2,177,956,6231,1199,112,112
msg,2,178,956,27528,1092,112,112
msg,2,179,912,7624,1095,112,112
msg,2,180,933,6702,1090,112,112
msg,2,181,914,5648,1093,112,112
msg,2,182,953,9101,1102,112,112
msg,2,183,949,5498,1095,112,112
msg,2,184,944,5611,1091,112,112
msg,2,185,917,5677,1095,112,112
msg,2,186,938,5849,1091,112,112
msg,2,187,943,5796,1089,112,112
msg,2,188,955,24474,1088,112,112
msg,2,189,1057,5603,1093,112,112
msg,2,190,949,7014,1094,112,112
msg,2,191,953,6507,1090,112,112
msg,2,192,915,6947,1085,112,112
msg,2,193,942,6199,1084,112,112
msg,2,194,1068,5691,1090,112,112
msg,2,195,951,5521,1085,112,112
msg,2,196,953,5584,1069,112,112
msg,2,197,949,5498,1094,112,112
msg,2,198,941,25075,1080,112,112
msg,2,199,952,6562,1068,112,112
whole,2,3687.541,6012.555,200
#heap 23663
#stack 41464
#end
#block pipeline mTLS lorawan11_256 down
#aead AES-256-CTR+2xCMAC (LoRaWAN 1.1 frame, 256-bit keys) (BearSSL (arduino-pico)), downlink, 51 B payload + 13 B overhead
#lib wolfSSL 5.9.4
iter,tcp_ms,tls_ms,mqtt_ms,total_ms,hs_tx_B,hs_rx_B,mqtt_tx_B,mqtt_rx_B,hs_writes,hs_reads,writes,reads,free_heap_B,hs_keygen_us,hs_derive_us,hs_verify_us,hs_sign_us,hs_keygen_n,hs_derive_n,hs_verify_n,hs_sign_n
msg,iter,idx,seal_us,rtt_us,open_us,tx_B,rx_B
whole,iter,first_ms,all_ms,msgs
#suite TLS13-AES256-GCM-SHA384
0,4.7930,3631.0560,25.7450,3661.5940,3159,3237,45,2904,4,14,5,20,133140,66200.0,70432.0,2027774.0,1354808.0,2,2,2,1
msg,0,0,705,6585,735,112,112
msg,0,1,603,7127,701,112,112
msg,0,2,555,6631,726,112,112
msg,0,3,562,5997,733,112,112
msg,0,4,589,5583,731,112,112
msg,0,5,597,8191,733,112,112
msg,0,6,591,8913,702,112,112
msg,0,7,563,5963,729,112,112
msg,0,8,594,5744,731,112,112
msg,0,9,597,24804,729,112,112
msg,0,10,557,7749,732,112,112
msg,0,11,595,6065,700,112,112
msg,0,12,561,5610,734,112,112
msg,0,13,558,7435,735,112,112
msg,0,14,556,5656,731,112,112
msg,0,15,590,9032,696,112,112
msg,0,16,760,7192,703,112,112
msg,0,17,598,7540,697,112,112
msg,0,18,564,7113,735,112,112
msg,0,19,597,30233,735,112,112
msg,0,20,606,7691,736,112,112
msg,0,21,603,5563,732,112,112
msg,0,22,591,5705,701,112,112
msg,0,23,561,6027,733,112,112
msg,0,24,709,5449,732,112,112
msg,0,25,597,6136,732,112,112
msg,0,26,589,6360,732,112,112
msg,0,27,590,6217,700,112,112
msg,0,28,560,31895,738,112,112
msg,0,29,585,7667,731,112,112
msg,0,30,591,5681,704,112,112
msg,0,31,674,6280,700,112,112
msg,0,32,561,6142,733,112,112
msg,0,33,593,8628,733,112,112
msg,0,34,597,7487,728,112,112
msg,0,35,597,7792,731,112,112
msg,0,36,553,6080,727,112,112
msg,0,37,596,36832,726,112,112
msg,0,38,565,6370,700,112,112
msg,0,39,558,6209,731,112,112
msg,0,40,590,6766,702,112,112
msg,0,41,563,6787,734,112,112
msg,0,42,597,6250,735,112,112
msg,0,43,562,5641,732,112,112
msg,0,44,597,7287,731,112,112
msg,0,45,562,7498,735,112,112
msg,0,46,589,34541,733,112,112
msg,0,47,596,14424,732,112,112
msg,0,48,590,6753,732,112,112
msg,0,49,591,7746,703,112,112
msg,0,50,559,6467,699,112,112
msg,0,51,561,6635,727,112,112
msg,0,52,561,6167,728,112,112
msg,0,53,603,6307,732,112,112
msg,0,54,595,6358,728,112,112
msg,0,55,596,22985,732,112,112
msg,0,56,561,6577,731,112,112
msg,0,57,559,9854,731,112,112
msg,0,58,587,5842,703,112,112
msg,0,59,564,6339,701,112,112
msg,0,60,562,6800,731,112,112
msg,0,61,559,9887,732,112,112
msg,0,62,587,6339,730,112,112
msg,0,63,590,6000,700,112,112
msg,0,64,563,5994,731,112,112
msg,0,65,597,33499,729,112,112
msg,0,66,589,5800,701,112,112
msg,0,67,556,5627,733,112,112
msg,0,68,557,6792,736,112,112
msg,0,69,591,5581,731,112,112
msg,0,70,598,5980,833,112,112
msg,0,71,593,7372,732,112,112
msg,0,72,558,6651,734,112,112
msg,0,73,593,6178,734,112,112
msg,0,74,569,27986,728,112,112
msg,0,75,593,8590,727,112,112
msg,0,76,592,6030,733,112,112
msg,0,77,591,6598,828,112,112
msg,0,78,601,5859,702,112,112
msg,0,79,556,5531,725,112,112
msg,0,80,563,5770,732,112,112
msg,0,81,586,7222,734,112,112
msg,0,82,562,7141,699,112,112
msg,0,83,699,5834,732,112,112
msg,0,84,587,23622,734,112,112
msg,0,85,596,7237,732,112,112
msg,0,86,595,9444,733,112,112
msg,0,87,597,5563,733,112,112
msg,0,88,625,7082,730,112,112
msg,0,89,596,6303,735,112,112
msg,0,90,596,5563,729,112,112
msg,0,91,593,7701,701,112,112
msg,0,92,557,6216,725,112,112
msg,0,93,590,5943,700,112,112
msg,0,94,560,29000,740,112,112
msg,0,95,707,9452,732,112,112
msg,0,96,597,5685,699,112,112
msg,0,97,560,6735,731,112,112
msg,0,98,562,5803,733,112,112
msg,0,99,591,5911,701,112,112
msg,0,100,563,7996,740,112,112
msg,0,101,597,7439,733,112,112
msg,0,102,713,5665,702,112,112
msg,0,103,557,6689,732,112,112
msg,0,104,561,35007,733,112,112
msg,0,105,595,5624,700,112,112
msg,0,106,564,5704,723,112,112
msg,0,107,566,6749,733,112,112
msg,0,108,597,6394,730,112,112
msg,0,109,594,8685,730,112,112
msg,0,110,593,7946,701,112,112
msg,0,111,562,5677,734,112,112
msg,0,112,1178,6186,736,112,112
msg,0,113,598,34587,727,112,112
msg,0,114,598,5734,701,112,112
msg,0,115,558,6858,734,112,112
msg,0,116,594,5853,699,112,112
msg,0,117,570,5518,701,112,112
msg,0,118,558,5709,737,112,112
msg,0,119,551,7245,801,112,112
msg,0,120,561,5570,701,112,112
msg,0,121,568,6912,736,112,112
msg,0,122,594,5929,701,112,112
msg,0,123,565,25144,727,112,112
msg,0,124,595,5570,699,112,112
msg,0,125,590,6732,703,112,112
msg,0,126,562,5507,728,112,112
msg,0,127,560,5503,732,112,112
msg,0,128,704,5865,730,112,112
msg,0,129,588,5726,700,112,112
msg,0,130,567,5623,726,112,112
msg,0,131,553,5984,732,112,112
msg,0,132,586,5708,702,112,112
msg,0,133,559,27851,734,112,112
msg,0,134,554,8004,733,112,112
msg,0,135,597,6365,730,112,112
msg,0,136,592,8682,703,112,112
msg,0,137,563,6900,732,112,112
msg,0,138,582,6423,735,112,112
msg,0,139,596,7852,734,112,112
msg,0,140,706,9169,731,112,112
msg,0,141,605,6271,735,112,112
msg,0,142,605,6736,734,112,112
msg,0,143,586,30654,701,112,112
msg,0,144,561,5779,731,112,112
msg,0,145,572,6173,703,112,112
msg,0,146,564,6831,729,112,112
msg,0,147,589,5814,731,112,112
msg,0,148,589,6029,736,112,112
msg,0,149,599,6319,732,112,112
msg,0,150,565,6262,700,112,112
msg,0,151,570,6349,727,112,112
msg,0,152,594,5735,699,112,112
msg,0,153,563,26749,729,112,112
msg,0,154,590,12872,726,112,112
msg,0,155,597,7112,733,112,112
msg,0,156,604,5865,702,112,112
msg,0,157,562,5806,727,112,112
msg,0,158,562,5560,731,112,112
msg,0,159,595,6022,701,112,112
msg,0,160,1185,5678,735,112,112
msg,0,161,591,5568,703,112,112
msg,0,162,590,5542,700,112,112
msg,0,163,563,22916,734,112,112
msg,0,164,592,5542,733,112,112
msg,0,165,596,6160,733,112,112
msg,0,166,556,7454,731,112,112
msg,0,167,604,5966,729,112,112
msg,0,168,589,5905,733,112,112
msg,0,169,569,5585,730,112,112
msg,0,170,593,5923,698,112,112
msg,0,171,590,6369,730,112,112
msg,0,172,587,5546,699,112,112
msg,0,173,589,5585,699,112,112
msg,0,174,560,29307,729,112,112
msg,0,175,590,6200,738,112,112
msg,0,176,598,8341,838,112,112
msg,0,177,594,8075,730,112,112
msg,0,178,558,5788,735,112,112
msg,0,179,592,5632,732,112,112
msg,0,180,601,5600,706,112,112
msg,0,181,561,6176,736,112,112
msg,0,182,607,5707,700,112,112
msg,0,183,561,5995,734,112,112
msg,0,184,597,28337,733,112,112
msg,0,185,590,6109,699,112,112
msg,0,186,553,6418,840,112,112
msg,0,187,558,5869,732,112,112
msg,0,188,594,7233,734,112,112
msg,0,189,599,9891,728,112,112
msg,0,190,587,12332,735,112,112
msg,0,191,592,6092,731,112,112
msg,0,192,592,6806,732,112,112
msg,0,193,589,24917,731,112,112
msg,0,194,553,7668,732,112,112
msg,0,195,596,6003,702,112,112
msg,0,196,561,6549,704,112,112
msg,0,197,553,5604,729,112,112
msg,0,198,553,5675,731,112,112
msg,0,199,590,5470,732,112,112
whole,0,3697.772,5783.580,200
1,7.4000,3604.1620,47.9150,3659.4770,3159,3237,45,2904,4,14,5,20,133140,66217.0,70102.0,2025053.0,1355277.0,2,2,2,1
msg,1,0,705,7075,730,112,112
msg,1,1,606,8288,735,112,112
msg,1,2,592,8087,729,112,112
msg,1,3,556,5592,731,112,112
msg,1,4,598,6431,737,112,112
msg,1,5,595,24010,701,112,112
msg,1,6,565,5718,732,112,112
msg,1,7,678,6300,702,112,112
msg,1,8,568,5880,734,112,112
msg,1,9,599,7438,736,112,112
msg,1,10,587,8272,733,112,112
msg,1,11,592,10191,703,112,112
msg,1,12,565,7089,733,112,112
msg,1,13,590,6018,732,112,112
msg,1,14,594,5608,734,112,112
msg,1,15,589,27209,733,112,112
msg,1,16,561,5873,737,112,112
msg,1,17,593,5678,700,112,112
msg,1,18,562,7983,733,112,112
msg,1,19,597,6202,727,112,112
msg,1,20,553,9200,699,112,112
msg,1,21,595,5642,705,112,112
msg,1,22,566,6643,735,112,112
msg,1,23,560,6050,734,112,112
msg,1,24,597,6957,734,112,112
msg,1,25,587,23298,735,112,112
msg,1,26,558,6228,701,112,112
msg,1,27,563,6076,733,112,112
msg,1,28,597,7314,730,112,112
msg,1,29,591,8855,732,112,112
msg,1,30,596,6986,836,112,112
msg,1,31,606,6415,730,112,112
msg,1,32,596,8693,732,112,112
msg,1,33,598,6330,735,112,112
msg,1,34,593,5462,732,112,112
msg,1,35,596,26984,728,112,112
msg,1,36,552,5918,736,112,112
msg,1,37,778,6112,732,112,112
msg,1,38,594,5559,735,112,112
msg,1,39,595,7567,727,112,112
msg,1,40,604,6376,735,112,112
msg,1,41,606,8115,730,112,112
msg,1,42,596,8131,700,112,112
msg,1,43,564,6140,733,112,112
msg,1,44,584,6220,730,112,112
msg,1,45,595,30775,733,112,112
msg,1,46,597,6010,732,112,112
msg,1,47,596,5535,731,112,112
msg,1,48,595,5889,702,112,112
msg,1,49,560,6563,702,112,112
msg,1,50,565,6853,733,112,112
msg,1,51,596,5478,735,112,112
msg,1,52,593,7440,734,112,112
msg,1,53,589,5572,736,112,112
msg,1,54,597,5855,702,112,112
msg,1,55,562,28507,702,112,112
msg,1,56,560,7350,700,112,112
msg,1,57,564,5585,703,112,112
msg,1,58,558,6933,734,112,112
msg,1,59,602,7134,727,112,112
msg,1,60,570,6538,728,112,112
msg,1,61,557,5897,734,112,112
msg,1,62,606,10417,738,112,112
msg,1,63,599,6219,735,112,112
msg,1,64,597,23771,731,112,112
msg,1,65,1158,6187,702,112,112
msg,1,66,563,6356,699,112,112
msg,1,67,559,7181,730,112,112
msg,1,68,595,5480,731,112,112
msg,1,69,599,6324,734,112,112
msg,1,70,599,5962,699,112,112
msg,1,71,561,9459,699,112,112
msg,1,72,557,5804,732,112,112
msg,1,73,591,6067,701,112,112
msg,1,74,555,5976,731,112,112
msg,1,75,597,23593,729,112,112
msg,1,76,601,5656,701,112,112
msg,1,77,559,5866,732,112,112
msg,1,78,595,6554,733,112,112
msg,1,79,590,7651,833,112,112
msg,1,80,599,5773,702,112,112
msg,1,81,565,7064,731,112,112
msg,1,82,592,7010,734,112,112
msg,1,83,557,6904,733,112,112
msg,1,84,589,5623,701,112,112
msg,1,85,586,29499,699,112,112
msg,1,86,557,6094,732,112,112
msg,1,87,593,7981,700,112,112
msg,1,88,564,5872,735,112,112
msg,1,89,593,5940,700,112,112
msg,1,90,558,5979,735,112,112
msg,1,91,605,10541,731,112,112
msg,1,92,588,7622,733,112,112
msg,1,93,596,6013,723,112,112
msg,1,94,597,6214,722,112,112
msg,1,95,567,23408,700,112,112
msg,1,96,559,6087,728,112,112
msg,1,97,593,6360,732,112,112
msg,1,98,593,5848,699,112,112
msg,1,99,561,6849,732,112,112
msg,1,100,588,5636,734,112,112
msg,1,101,593,8139,732,112,112
msg,1,102,565,10725,733,112,112
msg,1,103,590,5866,700,112,112
msg,1,104,559,7403,699,112,112
msg,1,105,588,27114,735,112,112
msg,1,106,597,5828,696,112,112
msg,1,107,564,6609,702,112,112
msg,1,108,559,7014,731,112,112
msg,1,109,591,8831,700,112,112
msg,1,110,562,7023,733,112,112
msg,1,111,592,7535,734,112,112
msg,1,112,592,8259,730,112,112
msg,1,113,596,6703,732,112,112
msg,1,114,593,23349,733,112,112
msg,1,115,590,5549,729,112,112
msg,1,116,599,5657,700,112,112
msg,1,117,565,5699,728,112,112
msg,1,118,563,5701,826,112,112
msg,1,119,595,5752,726,112,112
msg,1,120,590,6216,736,112,112
msg,1,121,603,9266,733,112,112
msg,1,122,592,7753,729,112,112
msg,1,123,596,5847,727,112,112
msg,1,124,564,7819,732,112,112
msg,1,125,592,24430,735,112,112
msg,1,126,604,7740,730,112,112
msg,1,127,590,5478,730,112,112
msg,1,128,591,5704,702,112,112
msg,1,129,563,7398,703,112,112
msg,1,130,561,5748,733,112,112
msg,1,131,597,5724,736,112,112
msg,1,132,590,5796,698,112,112
msg,1,133,558,5597,700,112,112
msg,1,134,569,8598,728,112,112
msg,1,135,557,23972,731,112,112
msg,1,136,606,5799,704,112,112
msg,1,137,562,6077,734,112,112
msg,1,138,592,6085,729,112,112
msg,1,139,559,6274,700,112,112
msg,1,140,672,7980,732,112,112
msg,1,141,762,5808,735,112,112
msg,1,142,559,8574,733,112,112
msg,1,143,605,6671,731,112,112
msg,1,144,597,5469,731,112,112
msg,1,145,596,5827,702,112,112
msg,1,146,682,24488,699,112,112
msg,1,147,558,5650,736,112,112
msg,1,148,553,5715,835,112,112
msg,1,149,593,5857,700,112,112
msg,1,150,559,5616,730,112,112
msg,1,151,562,6155,703,112,112
msg,1,152,586,6572,698,112,112
msg,1,153,555,5968,731,112,112
msg,1,154,596,8126,703,112,112
msg,1,155,567,5593,731,112,112
msg,1,156,560,5781,731,112,112
msg,1,157,603,28449,734,112,112
msg,1,158,595,5908,832,112,112
msg,1,159,563,7999,731,112,112
msg,1,160,591,7896,729,112,112
msg,1,161,754,7126,699,112,112
msg,1,162,558,12681,733,112,112
msg,1,163,564,6817,736,112,112
msg,1,164,599,7498,738,112,112
msg,1,165,600,28929,729,112,112
msg,1,166,557,6405,726,112,112
msg,1,167,575,5703,729,112,112
msg,1,168,592,6040,700,112,112
msg,1,169,563,8954,732,112,112
msg,1,170,587,5978,695,112,112
msg,1,171,564,8915,732,112,112
msg,1,172,597,7956,701,112,112
msg,1,173,565,6834,731,112,112
msg,1,174,605,5545,734,112,112
msg,1,175,590,25060,704,112,112
msg,1,176,562,6042,731,112,112
msg,1,177,592,6225,732,112,112
msg,1,178,595,5740,733,112,112
msg,1,179,592,5903,733,112,112
msg,1,180,561,6295,701,112,112
msg,1,181,562,5830,732,112,112
msg,1,182,708,6320,731,112,112
msg,1,183,591,6078,702,112,112
msg,1,184,557,5728,727,112,112
msg,1,185,588,7040,700,112,112
msg,1,186,555,26534,702,112,112
msg,1,187,572,7664,725,112,112
msg,1,188,559,6075,734,112,112
msg,1,189,598,6177,736,112,112
msg,1,190,596,5541,735,112,112
msg,1,191,595,6226,731,112,112
msg,1,192,597,7600,732,112,112
msg,1,193,594,7566,733,112,112
msg,1,194,589,6072,734,112,112
msg,1,195,591,7994,701,112,112
msg,1,196,555,25275,723,112,112
msg,1,197,587,5889,697,112,112
msg,1,198,557,7497,699,112,112
msg,1,199,567,6494,722,112,112
whole,1,3674.585,5708.555,200
2,5.4170,3606.5940,48.9780,3660.9890,3159,3237,45,2904,4,14,5,20,133140,66193.0,70604.0,2026782.0,1353216.0,2,2,2,1
msg,2,0,704,6104,735,112,112
msg,2,1,587,7416,732,112,112
msg,2,2,591,7178,735,112,112
msg,2,3,591,8501,737,112,112
msg,2,4,596,7919,699,112,112
msg,2,5,558,7111,735,112,112
msg,2,6,588,30229,732,112,112
msg,2,7,595,6230,736,112,112
msg,2,8,593,5742,736,112,112
msg,2,9,588,5874,704,112,112
msg,2,10,563,8546,697,112,112
msg,2,11,741,6353,728,112,112
msg,2,12,560,5505,726,112,112
msg,2,13,559,5587,728,112,112
msg,2,14,591,6355,733,112,112
msg,2,15,557,7187,701,112,112
msg,2,16,564,25762,734,112,112
msg,2,17,556,6282,701,112,112
msg,2,18,568,6432,701,112,112
msg,2,19,564,5981,735,112,112
msg,2,20,591,5949,700,112,112
msg,2,21,562,5565,703,112,112
msg,2,22,558,6853,734,112,112
msg,2,23,592,7281,831,112,112
msg,2,24,593,8323,733,112,112
msg,2,25,596,6811,731,112,112
msg,2,26,607,6565,730,112,112
msg,2,27,597,30096,734,112,112
msg,2,28,592,7911,700,112,112
msg,2,29,560,5540,699,112,112
msg,2,30,561,6894,733,112,112
msg,2,31,593,5992,700,112,112
msg,2,32,564,5645,699,112,112
msg,2,33,560,5760,733,112,112
msg,2,34,597,5647,736,112,112
msg,2,35,598,6214,730,112,112
msg,2,36,596,6816,733,112,112
msg,2,37,593,30348,729,112,112
msg,2,38,585,5691,698,112,112
msg,2,39,560,5719,729,112,112
msg,2,40,561,5805,730,112,112
msg,2,41,600,6595,730,112,112
msg,2,42,589,6575,735,112,112
msg,2,43,574,5964,731,112,112
msg,2,44,596,6581,734,112,112
msg,2,45,587,6271,736,112,112
msg,2,46,1173,6398,703,112,112
msg,2,47,566,23078,735,112,112
msg,2,48,590,10351,730,112,112
msg,2,49,596,6602,730,112,112
msg,2,50,597,6367,734,112,112
msg,2,51,595,7054,729,112,112
msg,2,52,565,6999,733,112,112
msg,2,53,594,5548,735,112,112
msg,2,54,593,7138,732,112,112
msg,2,55,589,6471,734,112,112
msg,2,56,589,5470,734,112,112
msg,2,57,593,32176,731,112,112
msg,2,58,590,6715,732,112,112
msg,2,59,594,6239,730,112,112
msg,2,60,593,5778,732,112,112
msg,2,61,600,6265,736,112,112
msg,2,62,594,6205,728,112,112
msg,2,63,589,7476,728,112,112
msg,2,64,601,6879,733,112,112
msg,2,65,599,7338,733,112,112
msg,2,66,593,27010,731,112,112
msg,2,67,602,5971,733,112,112
msg,2,68,594,6515,700,112,112
msg,2,69,562,6455,705,112,112
msg,2,70,559,6218,728,112,112
msg,2,71,589,5554,729,112,112
msg,2,72,720,5770,729,112,112
msg,2,73,561,5441,727,112,112
msg,2,74,559,6837,733,112,112
msg,2,75,591,6440,732,112,112
msg,2,76,589,5725,731,112,112
msg,2,77,601,24484,729,112,112
msg,2,78,588,6425,732,112,112
msg,2,79,592,7545,701,112,112
msg,2,80,559,5614,700,112,112
msg,2,81,560,5740,734,112,112
msg,2,82,591,5752,733,112,112
msg,2,83,587,5530,733,112,112
msg,2,84,589,6956,730,112,112
msg,2,85,558,7838,733,112,112
msg,2,86,595,6999,727,112,112
msg,2,87,553,23836,733,112,112
msg,2,88,607,7306,732,112,112
msg,2,89,587,6377,730,112,112
msg,2,90,605,5739,734,112,112
msg,2,91,598,5912,700,112,112
msg,2,92,558,5559,830,112,112
msg,2,93,557,5668,728,112,112
msg,2,94,588,7683,732,112,112
msg,2,95,589,6517,725,112,112
msg,2,96,590,5721,701,112,112
msg,2,97,566,5725,731,112,112
msg,2,98,586,28131,702,112,112
msg,2,99,556,7130,737,112,112
msg,2,100,593,5649,700,112,112
msg,2,101,592,9178,734,112,112
msg,2,102,592,8676,730,112,112
msg,2,103,587,6204,734,112,112
msg,2,104,597,6207,731,112,112
msg,2,105,605,6156,701,112,112
msg,2,106,563,7082,732,112,112
msg,2,107,595,6170,734,112,112
msg,2,108,597,26609,740,112,112
msg,2,109,596,7527,734,112,112
msg,2,110,595,8655,702,112,112
msg,2,111,566,7849,731,112,112
msg,2,112,560,5517,732,112,112
msg,2,113,597,5680,736,112,112
msg,2,114,602,6025,731,112,112
msg,2,115,560,6577,735,112,112
msg,2,116,592,5555,730,112,112
msg,2,117,589,6435,731,112,112
msg,2,118,590,27321,736,112,112
msg,2,119,591,14241,703,112,112
msg,2,120,559,6268,700,112,112
msg,2,121,560,5844,729,112,112
msg,2,122,555,6875,735,112,112
msg,2,123,590,6591,723,112,112
msg,2,124,593,7890,734,112,112
msg,2,125,564,5946,729,112,112
msg,2,126,585,7158,733,112,112
msg,2,127,596,27798,730,112,112
msg,2,128,586,7034,735,112,112
msg,2,129,590,8396,737,112,112
msg,2,130,599,8128,730,112,112
msg,2,131,559,5846,734,112,112
msg,2,132,587,5978,726,112,112
msg,2,133,560,6048,732,112,112
msg,2,134,592,7813,834,112,112
msg,2,135,571,5514,728,112,112
msg,2,136,561,28839,734,112,112
msg,2,137,590,6368,735,112,112
msg,2,138,584,5595,733,112,112
msg,2,139,596,7450,730,112,112
msg,2,140,597,9646,702,112,112
msg,2,141,560,6385,726,112,112
msg,2,142,585,6295,738,112,112
msg,2,143,591,8464,735,112,112
msg,2,144,593,6353,731,112,112
msg,2,145,591,6666,731,112,112
msg,2,146,595,23911,725,112,112
msg,2,147,595,6492,734,112,112
msg,2,148,600,6884,734,112,112
msg,2,149,598,6200,735,112,112
msg,2,150,602,6541,732,112,112
msg,2,151,590,6120,734,112,112
msg,2,152,590,13439,727,112,112
msg,2,153,588,7142,700,112,112
msg,2,154,563,5614,731,112,112
msg,2,155,566,29448,730,112,112
msg,2,156,563,5780,734,112,112
msg,2,157,596,5448,738,112,112
msg,2,158,593,5612,729,112,112
msg,2,159,592,6098,731,112,112
msg,2,160,592,6166,702,112,112
msg,2,161,578,5987,733,112,112
msg,2,162,589,6768,700,112,112
msg,2,163,563,6702,726,112,112
msg,2,164,560,5869,731,112,112
msg,2,165,588,5772,702,112,112
msg,2,166,564,27209,734,112,112
msg,2,167,591,6092,729,112,112
msg,2,168,601,6133,699,112,112
msg,2,169,561,5642,730,112,112
msg,2,170,559,6186,702,112,112
msg,2,171,563,6183,730,112,112
msg,2,172,589,5826,702,112,112
msg,2,173,564,5933,833,112,112
msg,2,174,591,6653,729,112,112
msg,2,175,598,6064,732,112,112
msg,2,176,590,25382,730,112,112
msg,2,177,590,6335,730,112,112
msg,2,178,597,8070,701,112,112
msg,2,179,564,7193,734,112,112
msg,2,180,598,7413,735,112,112
msg,2,181,598,6116,729,112,112
msg,2,182,602,5550,731,112,112
msg,2,183,596,6365,735,112,112
msg,2,184,591,5756,735,112,112
msg,2,185,594,5701,701,112,112
msg,2,186,557,6225,734,112,112
msg,2,187,589,23476,733,112,112
msg,2,188,594,5809,702,112,112
msg,2,189,565,6488,704,112,112
msg,2,190,557,5496,699,112,112
msg,2,191,559,5840,731,112,112
msg,2,192,594,7528,733,112,112
msg,2,193,592,6433,736,112,112
msg,2,194,597,6369,838,112,112
msg,2,195,596,7540,732,112,112
msg,2,196,597,7126,733,112,112
msg,2,197,599,24054,702,112,112
msg,2,198,559,5778,730,112,112
msg,2,199,592,6080,698,112,112
whole,2,3676.416,5711.028,200
#heap 23663
#stack 41472
#end
=== done ===
