=== MQTT / TLS 1.3 / mTLS, MLDSA65 certificates, X25519MLKEM768 (wolfSSL 5.9.4) on RP2040 ===
CPU clock: 200 MHz
#config iterations=50 warmup=5 pipe_iterations=3 messages=200 payload_B=51 schemes=2 sweep_iterations=20 sweep_warmup=2 groups=13 kex_iterations=50 kex_warmup=2 blocks=41
#kat LoRaWAN / AES-CMAC / Ascon known-answer checks: OK
#wifi rssi=-21 dBm channel=10 ip=192.168.50.235 broker=192.168.50.132
#block connect plain
#lib none (plain MQTT)
iter,tcp_ms,tls_ms,mqtt_ms,total_ms,hs_tx_B,hs_rx_B,mqtt_tx_B,mqtt_rx_B,hs_writes,hs_reads,writes,reads,free_heap_B,hs_keygen_us,hs_derive_us,hs_verify_us,hs_sign_us,hs_keygen_n,hs_derive_n,hs_verify_n,hs_sign_n
0,17.6570,0.0020,5.6120,23.2710,0,0,23,4,0,0,1,1,169580,0.0,0.0,0.0,0.0,0,0,0,0
1,12.3400,0.0020,12.3450,24.6870,0,0,23,4,0,0,1,1,169356,0.0,0.0,0.0,0.0,0,0,0,0
2,4.4000,0.0020,19.7360,24.1380,0,0,23,4,0,0,1,1,169356,0.0,0.0,0.0,0.0,0,0,0,0
3,5.6280,0.0020,18.4880,24.1180,0,0,23,4,0,0,1,1,169356,0.0,0.0,0.0,0.0,0,0,0,0
4,19.6390,0.0010,9.8300,29.4700,0,0,23,4,0,0,1,1,169356,0.0,0.0,0.0,0.0,0,0,0,0
5,5.3790,0.0010,20.0890,25.4690,0,0,23,4,0,0,1,1,169356,0.0,0.0,0.0,0.0,0,0,0,0
6,5.3720,0.0010,4.5130,9.8860,0,0,23,4,0,0,1,1,169356,0.0,0.0,0.0,0.0,0,0,0,0
7,9.5820,0.0020,9.9810,19.5650,0,0,23,4,0,0,1,1,169356,0.0,0.0,0.0,0.0,0,0,0,0
8,7.3450,0.0020,4.7760,12.1230,0,0,23,4,0,0,1,1,169356,0.0,0.0,0.0,0.0,0,0,0,0
9,5.3730,0.0020,6.0610,11.4360,0,0,23,4,0,0,1,1,169356,0.0,0.0,0.0,0.0,0,0,0,0
10,11.3500,0.0020,14.8240,26.1760,0,0,23,4,0,0,1,1,169356,0.0,0.0,0.0,0.0,0,0,0,0
11,7.6590,0.0020,17.8630,25.5240,0,0,23,4,0,0,1,1,169356,0.0,0.0,0.0,0.0,0,0,0,0
12,5.3760,0.0010,19.2020,24.5790,0,0,23,4,0,0,1,1,169356,0.0,0.0,0.0,0.0,0,0,0,0
13,4.4100,0.0020,4.4890,8.9010,0,0,23,4,0,0,1,1,169356,0.0,0.0,0.0,0.0,0,0,0,0
14,6.5540,0.0020,7.5620,14.1180,0,0,23,4,0,0,1,1,169356,0.0,0.0,0.0,0.0,0,0,0,0
15,6.3660,0.0020,11.6110,17.9790,0,0,23,4,0,0,1,1,169356,0.0,0.0,0.0,0.0,0,0,0,0
16,4.3830,0.0020,20.5220,24.9070,0,0,23,4,0,0,1,1,169356,0.0,0.0,0.0,0.0,0,0,0,0
17,4.3420,0.0010,19.6970,24.0400,0,0,23,4,0,0,1,1,169356,0.0,0.0,0.0,0.0,0,0,0,0
18,7.3350,0.0020,5.9580,13.2950,0,0,23,4,0,0,1,1,169356,0.0,0.0,0.0,0.0,0,0,0,0
19,9.5340,0.0020,6.3130,15.8490,0,0,23,4,0,0,1,1,169356,0.0,0.0,0.0,0.0,0,0,0,0
20,19.4580,0.0020,5.2400,24.7000,0,0,23,4,0,0,1,1,169356,0.0,0.0,0.0,0.0,0,0,0,0
21,5.3550,0.0020,16.8330,22.1900,0,0,23,4,0,0,1,1,169356,0.0,0.0,0.0,0.0,0,0,0,0
22,6.4490,0.0010,8.4460,14.8960,0,0,23,4,0,0,1,1,169356,0.0,0.0,0.0,0.0,0,0,0,0
23,15.7450,0.0020,19.0010,34.7480,0,0,23,4,0,0,1,1,169356,0.0,0.0,0.0,0.0,0,0,0,0
24,7.3850,0.0010,4.8060,12.1920,0,0,23,4,0,0,1,1,169356,0.0,0.0,0.0,0.0,0,0,0,0
25,4.6050,0.0020,8.1850,12.7920,0,0,23,4,0,0,1,1,169356,0.0,0.0,0.0,0.0,0,0,0,0
26,12.5110,0.0020,12.0920,24.6050,0,0,23,4,0,0,1,1,169356,0.0,0.0,0.0,0.0,0,0,0,0
27,4.3560,0.0020,5.0170,9.3750,0,0,23,4,0,0,1,1,169356,0.0,0.0,0.0,0.0,0,0,0,0
28,6.3670,0.0020,23.7660,30.1350,0,0,23,4,0,0,1,1,169356,0.0,0.0,0.0,0.0,0,0,0,0
29,4.3470,0.0020,7.3470,11.6960,0,0,23,4,0,0,1,1,169356,0.0,0.0,0.0,0.0,0,0,0,0
30,5.3380,0.0010,6.6940,12.0330,0,0,23,4,0,0,1,1,169356,0.0,0.0,0.0,0.0,0,0,0,0
31,4.5040,0.0010,4.9340,9.4390,0,0,23,4,0,0,1,1,169356,0.0,0.0,0.0,0.0,0,0,0,0
32,4.3550,0.0010,18.8310,23.1870,0,0,23,4,0,0,1,1,169356,0.0,0.0,0.0,0.0,0,0,0,0
33,14.3480,0.0020,8.7990,23.1490,0,0,23,4,0,0,1,1,169356,0.0,0.0,0.0,0.0,0,0,0,0
34,4.3760,0.0020,4.4910,8.8690,0,0,23,4,0,0,1,1,169356,0.0,0.0,0.0,0.0,0,0,0,0
35,3.4040,0.0020,4.3840,7.7900,0,0,23,4,0,0,1,1,169356,0.0,0.0,0.0,0.0,0,0,0,0
36,4.4820,0.0010,5.3770,9.8600,0,0,23,4,0,0,1,1,169356,0.0,0.0,0.0,0.0,0,0,0,0
37,11.3430,0.0010,6.1850,17.5290,0,0,23,4,0,0,1,1,169356,0.0,0.0,0.0,0.0,0,0,0,0
38,3.3310,0.0020,16.2390,19.5720,0,0,23,4,0,0,1,1,169356,0.0,0.0,0.0,0.0,0,0,0,0
39,9.3950,0.0020,4.5150,13.9120,0,0,23,4,0,0,1,1,169356,0.0,0.0,0.0,0.0,0,0,0,0
40,13.3550,0.0010,5.1330,18.4890,0,0,23,4,0,0,1,1,169356,0.0,0.0,0.0,0.0,0,0,0,0
41,10.3720,0.0020,10.9710,21.3450,0,0,23,4,0,0,1,1,169356,0.0,0.0,0.0,0.0,0,0,0,0
42,4.3710,0.0020,17.9360,22.3090,0,0,23,4,0,0,1,1,169356,0.0,0.0,0.0,0.0,0,0,0,0
43,6.3790,0.0010,4.5710,10.9510,0,0,23,4,0,0,1,1,169356,0.0,0.0,0.0,0.0,0,0,0,0
44,5.4400,0.0010,7.6950,13.1360,0,0,23,4,0,0,1,1,169356,0.0,0.0,0.0,0.0,0,0,0,0
45,5.3890,0.0010,7.0090,12.3990,0,0,23,4,0,0,1,1,169356,0.0,0.0,0.0,0.0,0,0,0,0
46,5.3340,0.0010,5.7000,11.0350,0,0,23,4,0,0,1,1,169356,0.0,0.0,0.0,0.0,0,0,0,0
47,6.3320,0.0010,4.4350,10.7680,0,0,23,4,0,0,1,1,169356,0.0,0.0,0.0,0.0,0,0,0,0
48,8.4290,0.0010,15.5530,23.9830,0,0,23,4,0,0,1,1,169356,0.0,0.0,0.0,0.0,0,0,0,0
49,8.3780,0.0020,8.1400,16.5200,0,0,23,4,0,0,1,1,169356,0.0,0.0,0.0,0.0,0,0,0,0
#stack 1768
#end
#block connect TLS
#lib wolfSSL 5.9.4
iter,tcp_ms,tls_ms,mqtt_ms,total_ms,hs_tx_B,hs_rx_B,mqtt_tx_B,mqtt_rx_B,hs_writes,hs_reads,writes,reads,free_heap_B,hs_keygen_us,hs_derive_us,hs_verify_us,hs_sign_us,hs_keygen_n,hs_derive_n,hs_verify_n,hs_sign_n
#suite TLS13-AES256-GCM-SHA384
0,11.4070,331.6920,12.2210,355.3200,1393,10198,45,568,2,12,3,18,166420,66733.0,74436.0,94535.0,0.0,2,2,2,0
1,13.5110,345.1210,36.5240,395.1560,1393,10198,45,568,2,12,3,18,166420,66738.0,74253.0,94391.0,0.0,2,2,2,0
2,4.9870,338.2790,9.3770,352.6430,1393,10198,45,568,2,12,3,18,166420,66617.0,72120.0,94623.0,0.0,2,2,2,0
3,4.5640,337.5010,14.3020,356.3670,1393,10198,45,568,2,12,3,18,166420,66783.0,72302.0,95079.0,0.0,2,2,2,0
4,5.3920,331.7300,22.3810,359.5030,1393,10198,45,568,2,12,3,18,166420,66621.0,72202.0,94425.0,0.0,2,2,2,0
5,20.4800,331.8490,13.3800,365.7090,1393,10198,45,568,2,12,3,18,166420,66658.0,73706.0,94797.0,0.0,2,2,2,0
6,17.5770,331.1770,37.5630,386.3170,1393,10198,45,568,2,12,3,18,166420,66644.0,73833.0,94417.0,0.0,2,2,2,0
7,6.3960,330.8110,15.0690,352.2760,1393,10198,45,568,2,12,3,18,166420,66642.0,73295.0,94541.0,0.0,2,2,2,0
8,19.6530,329.1210,13.1250,361.8990,1393,10198,45,568,2,12,3,18,166420,66653.0,73892.0,94428.0,0.0,2,2,2,0
9,5.4070,328.6080,11.6870,345.7020,1393,10198,45,568,2,12,3,18,166420,66899.0,73759.0,94753.0,0.0,2,2,2,0
10,4.4000,341.9630,26.2800,372.6430,1393,10198,45,568,2,12,3,18,166420,66517.0,72181.0,94598.0,0.0,2,2,2,0
11,4.6780,343.2760,11.5830,359.5370,1393,10198,45,568,2,12,3,18,166420,66608.0,73671.0,95029.0,0.0,2,2,2,0
12,5.6700,334.6180,12.0710,352.3590,1393,10198,45,568,2,12,3,18,166420,66749.0,73548.0,94344.0,0.0,2,2,2,0
13,4.9550,334.3660,11.9260,351.2470,1393,10198,45,568,2,12,3,18,166420,66711.0,73500.0,94577.0,0.0,2,2,2,0
14,5.3740,331.0020,14.5870,350.9630,1393,10198,45,568,2,12,3,18,166420,66701.0,73702.0,94731.0,0.0,2,2,2,0
15,5.3800,337.1540,12.4710,355.0050,1393,10198,45,568,2,12,3,18,166420,66596.0,73232.0,94508.0,0.0,2,2,2,0
16,5.4300,330.8990,11.9400,348.2690,1393,10198,45,568,2,12,3,18,166420,66749.0,73765.0,94305.0,0.0,2,2,2,0
17,16.6090,328.9070,12.0470,357.5630,1393,10198,45,568,2,12,3,18,166420,66688.0,73600.0,94643.0,0.0,2,2,2,0
18,5.3620,330.8920,11.8760,348.1300,1393,10198,45,568,2,12,3,18,166420,66640.0,75132.0,94468.0,0.0,2,2,2,0
19,5.3860,341.1080,11.9100,358.4040,1393,10198,45,568,2,12,3,18,166420,66661.0,72143.0,94748.0,0.0,2,2,2,0
20,6.7510,334.5780,14.8190,356.1480,1393,10198,45,568,2,12,3,18,166420,66600.0,73427.0,94644.0,0.0,2,2,2,0
21,5.3850,329.8980,15.9040,351.1870,1393,10198,45,568,2,12,3,18,166420,66533.0,73457.0,94628.0,0.0,2,2,2,0
22,6.4080,338.6360,11.7120,356.7560,1393,10198,45,568,2,12,3,18,166420,66579.0,73224.0,94750.0,0.0,2,2,2,0
23,6.4120,332.4450,13.6380,352.4950,1393,10198,45,568,2,12,3,18,166420,66747.0,73503.0,94387.0,0.0,2,2,2,0
24,5.4100,336.4790,11.6420,353.5310,1393,10198,45,568,2,12,3,18,166420,66828.0,74137.0,94458.0,0.0,2,2,2,0
25,4.3690,329.4970,15.4270,349.2930,1393,10198,45,568,2,12,3,18,166420,66635.0,73444.0,94991.0,0.0,2,2,2,0
26,19.4350,330.2220,10.7080,360.3650,1393,10198,45,568,2,12,3,18,166420,66901.0,73697.0,94623.0,0.0,2,2,2,0
27,4.3900,331.3210,11.1040,346.8150,1393,10198,45,568,2,12,3,18,166420,66686.0,73664.0,94556.0,0.0,2,2,2,0
28,6.5060,339.4960,12.3350,358.3370,1393,10198,45,568,2,12,3,18,166420,66874.0,70835.0,94448.0,0.0,2,2,2,0
29,4.6790,338.8220,14.0890,357.5900,1393,10198,45,568,2,12,3,18,166420,66918.0,73795.0,94553.0,0.0,2,2,2,0
30,5.3700,330.7340,22.8260,358.9300,1393,10198,45,568,2,12,3,18,166420,66530.0,73701.0,94620.0,0.0,2,2,2,0
31,18.4340,330.7320,10.7330,359.8990,1393,10198,45,568,2,12,3,18,166420,66951.0,75034.0,94497.0,0.0,2,2,2,0
32,5.3650,329.5450,12.3440,347.2540,1393,10198,45,568,2,12,3,18,166420,66894.0,73416.0,94811.0,0.0,2,2,2,0
33,4.3770,342.0590,11.6420,358.0780,1393,10198,45,568,2,12,3,18,166420,66567.0,72072.0,94516.0,0.0,2,2,2,0
34,4.7330,340.0050,14.3620,359.1000,1393,10198,45,568,2,12,3,18,166420,66623.0,73616.0,94335.0,0.0,2,2,2,0
35,5.3800,330.6880,24.0840,360.1520,1393,10198,45,568,2,12,3,18,166420,66755.0,74178.0,94774.0,0.0,2,2,2,0
36,19.4100,329.7840,11.8390,361.0330,1393,10198,45,568,2,12,3,18,166420,66566.0,74233.0,94576.0,0.0,2,2,2,0
37,5.4690,329.1730,11.7040,346.3460,1393,10198,45,568,2,12,3,18,166420,66656.0,73541.0,94630.0,0.0,2,2,2,0
38,21.4250,341.5610,11.5880,374.5740,1393,10198,45,568,2,12,3,18,166420,66775.0,72305.0,94466.0,0.0,2,2,2,0
39,4.8250,338.8070,14.8520,358.4840,1393,10198,45,568,2,12,3,18,166420,66757.0,72191.0,94317.0,0.0,2,2,2,0
40,11.0200,330.2600,16.7020,357.9820,1393,10198,45,568,2,12,3,18,166420,66676.0,73716.0,94955.0,0.0,2,2,2,0
41,13.3790,330.3790,12.7640,356.5220,1393,10198,45,568,2,12,3,18,166420,66714.0,73582.0,94702.0,0.0,2,2,2,0
42,6.7290,328.3980,11.9080,347.0350,1393,10198,45,568,2,12,3,18,166420,66718.0,73480.0,94466.0,0.0,2,2,2,0
43,5.4810,331.6260,11.5160,348.6230,1393,10198,45,568,2,12,3,18,166420,67201.0,73519.0,94544.0,0.0,2,2,2,0
44,6.4030,331.8310,14.5760,352.8100,1393,10198,45,568,2,12,3,18,166420,66529.0,73275.0,94994.0,0.0,2,2,2,0
45,9.3750,330.7610,10.5230,350.6590,1393,10198,45,568,2,12,3,18,166420,66561.0,73620.0,94473.0,0.0,2,2,2,0
46,4.6690,332.0700,14.3350,351.0740,1393,10198,45,568,2,12,3,18,166420,66742.0,73604.0,94629.0,0.0,2,2,2,0
47,18.9740,331.2660,13.2270,363.4670,1393,10198,45,568,2,12,3,18,166420,66610.0,73795.0,94571.0,0.0,2,2,2,0
48,5.5740,330.6230,11.7300,347.9270,1393,10198,45,568,2,12,3,18,166420,66676.0,74048.0,94782.0,0.0,2,2,2,0
49,5.4150,342.0800,23.3890,370.8840,1393,10198,45,568,2,12,3,18,166420,66845.0,73890.0,94319.0,0.0,2,2,2,0
#heap 34013
#stack 3392
#end
#block connect mTLS
#lib wolfSSL 5.9.4
iter,tcp_ms,tls_ms,mqtt_ms,total_ms,hs_tx_B,hs_rx_B,mqtt_tx_B,mqtt_rx_B,hs_writes,hs_reads,writes,reads,free_heap_B,hs_keygen_us,hs_derive_us,hs_verify_us,hs_sign_us,hs_keygen_n,hs_derive_n,hs_verify_n,hs_sign_n
#suite TLS13-AES256-GCM-SHA384
0,5.3730,499.8660,46.1850,551.4240,10308,10368,45,11640,4,14,5,21,156708,66710.0,73536.0,94923.0,82840.0,2,2,2,1
1,4.3850,711.1000,41.5510,757.0360,10308,10368,45,11640,4,14,5,20,156708,66612.0,74013.0,94368.0,283732.0,2,2,2,1
2,4.5960,652.6270,43.0940,700.3170,10308,10368,45,11640,4,14,5,20,156708,66823.0,72284.0,94952.0,226622.0,2,2,2,1
3,4.6660,573.6350,42.1010,620.4020,10308,10368,45,11640,4,14,5,20,156708,66578.0,72254.0,94627.0,145150.0,2,2,2,1
4,8.3890,568.7810,54.1740,631.3440,10308,10368,45,11640,4,14,5,20,156708,66711.0,73558.0,94665.0,148167.0,2,2,2,1
5,5.4270,635.6910,42.4260,683.5440,10308,10368,45,11640,4,14,5,20,156708,66805.0,73536.0,94443.0,209404.0,2,2,2,1
6,4.4260,504.6920,76.1130,585.2310,10308,10368,45,11640,4,14,5,21,156708,66531.0,73522.0,94548.0,82918.0,2,2,2,1
7,5.6460,762.3940,41.5940,809.6340,10308,10368,45,11640,4,14,5,20,156708,66920.0,73610.0,94577.0,333993.0,2,2,2,1
8,6.6990,503.5130,40.5550,550.7670,10308,10368,45,11640,4,14,5,20,156708,66721.0,73517.0,94299.0,82726.0,2,2,2,1
9,7.3870,508.4970,42.0490,557.9330,10308,10368,45,11640,4,14,5,20,156708,66709.0,73628.0,94631.0,82601.0,2,2,2,1
10,5.9360,572.6080,44.4640,623.0080,10308,10368,45,11640,4,14,5,21,156708,66690.0,72208.0,94444.0,149469.0,2,2,2,1
11,2443.0530,570.2310,44.4650,3057.7490,10308,10368,45,11640,4,14,5,20,156708,66933.0,72160.0,94504.0,142619.0,2,2,2,1
12,6.4000,1019.6630,55.1800,1081.2430,10308,10368,45,11640,4,14,5,20,156708,66587.0,73353.0,94427.0,595304.0,2,2,2,1
13,5.7270,564.1940,58.8550,628.7760,10308,10368,45,11640,4,14,5,21,156708,66894.0,73865.0,94360.0,147822.0,2,2,2,1
14,5.5460,511.5070,240.1900,757.2430,10308,10368,45,11640,4,14,5,20,156708,66528.0,74017.0,95726.0,84182.0,2,2,2,1
15,5.4270,708.3170,41.5340,755.2780,10308,10368,45,11640,4,14,5,20,156708,66698.0,73479.0,94496.0,280766.0,2,2,2,1
16,5.3810,639.8970,50.6300,695.9080,10308,10368,45,11640,4,14,5,20,156708,66864.0,72316.0,94583.0,214353.0,2,2,2,1
17,6.3960,509.1850,39.8880,555.4690,10308,10368,45,11640,4,14,5,20,156708,66732.0,70829.0,94809.0,83073.0,2,2,2,1
18,6.4380,1023.4350,42.0050,1071.8780,10308,10368,45,11640,4,14,5,20,156708,66633.0,74785.0,94646.0,596844.0,2,2,2,1
19,5.4230,507.0540,40.4890,552.9660,10308,10368,45,11640,4,14,5,20,156708,67007.0,72364.0,95180.0,82740.0,2,2,2,1
20,4.3750,1256.9980,49.1210,1310.4940,10308,10368,45,11640,4,14,5,20,156708,66650.0,73403.0,94986.0,828719.0,2,2,2,1
21,7.7220,575.2510,41.6960,624.6690,10308,10368,45,11640,4,14,5,21,156708,66794.0,73819.0,94518.0,152622.0,2,2,2,1
22,8.4490,646.2390,42.7150,697.4030,10308,10368,45,11640,4,14,5,20,156708,66630.0,73377.0,94820.0,228346.0,2,2,2,1
23,4.7890,708.9950,44.6860,758.4700,10308,10368,45,11640,4,14,5,20,156708,66901.0,73330.0,94613.0,283222.0,2,2,2,1
24,5.4540,723.9560,51.3090,780.7190,10308,10368,45,11640,4,14,5,20,156708,66718.0,73838.0,95175.0,301229.0,2,2,2,1
25,5.4590,574.0550,42.2600,621.7740,10308,10368,45,11640,4,14,5,20,156708,66627.0,73710.0,94574.0,157784.0,2,2,2,1
26,4.7750,1166.9850,41.5090,1213.2690,10308,10368,45,11640,4,14,5,20,156708,66629.0,72280.0,94527.0,740694.0,2,2,2,1
27,4.6310,572.8770,45.0330,622.5410,10308,10368,45,11640,4,14,5,21,156708,66668.0,72095.0,94657.0,145083.0,2,2,2,1
28,5.4100,887.2370,50.9840,943.6310,10308,10368,45,11640,4,14,5,20,156708,66630.0,73616.0,94675.0,464688.0,2,2,2,1
29,8.0590,972.8810,42.8480,1023.7880,10308,10368,45,11640,4,14,5,20,156708,66714.0,73861.0,94550.0,546637.0,2,2,2,1
30,5.5220,1608.6130,55.0290,1669.1640,10308,10368,45,11640,4,14,5,20,156708,66803.0,73511.0,94918.0,1179959.0,2,2,2,1
31,4.7050,898.4840,50.6250,953.8140,10308,10368,45,11640,4,14,5,20,156708,66635.0,72035.0,94626.0,469773.0,2,2,2,1
32,4.6960,503.2960,41.5840,549.5760,10308,10368,45,11640,4,14,5,20,156708,66499.0,73730.0,95583.0,83924.0,2,2,2,1
33,5.8020,506.3330,40.0840,552.2190,10308,10368,45,11640,4,14,5,20,156708,66714.0,71197.0,94907.0,83404.0,2,2,2,1
34,5.4230,508.7980,41.5300,555.7510,10308,10368,45,11640,4,14,5,20,156708,66652.0,70625.0,94749.0,82836.0,2,2,2,1
35,4.3910,507.8580,46.6660,558.9150,10308,10368,45,11640,4,14,5,21,156708,66735.0,74623.0,94697.0,83053.0,2,2,2,1
36,6.4090,778.6250,51.8370,836.8710,10308,10368,45,11640,4,14,5,20,156708,66562.0,74716.0,94427.0,360194.0,2,2,2,1
37,5.4290,799.9180,52.4490,857.7960,10308,10368,45,11640,4,14,5,20,156708,66819.0,71913.0,94589.0,371345.0,2,2,2,1
38,7.5700,908.5390,44.4570,960.5660,10308,10368,45,11640,4,14,5,20,156708,66525.0,72244.0,94427.0,474645.0,2,2,2,1
39,4.4040,576.2780,44.4140,625.0960,10308,10368,45,11640,4,14,5,21,156708,66641.0,72230.0,94827.0,152268.0,2,2,2,1
40,25.4580,499.4610,41.4610,566.3800,10308,10368,45,11640,4,14,5,20,156708,66626.0,73658.0,94963.0,82929.0,2,2,2,1
41,6.4120,502.6880,40.1810,549.2810,10308,10368,45,11640,4,14,5,20,156708,66569.0,73706.0,94462.0,82919.0,2,2,2,1
42,4.6210,1191.9700,52.2030,1248.7940,10308,10368,45,11640,4,14,5,20,156708,66623.0,73699.0,94420.0,766204.0,2,2,2,1
43,5.4030,629.9480,45.1450,680.4960,10308,10368,45,11640,4,14,5,20,156708,66819.0,73404.0,94476.0,213085.0,2,2,2,1
44,5.3880,568.6790,47.8930,621.9600,10308,10368,45,11640,4,14,5,20,156708,66507.0,73390.0,94738.0,142628.0,2,2,2,1
45,5.3690,834.9850,52.7250,893.0790,10308,10368,45,11640,4,14,5,20,156708,66727.0,74024.0,94643.0,417108.0,2,2,2,1
46,5.4220,509.4390,42.8680,557.7290,10308,10368,45,11640,4,14,5,20,156708,66646.0,75374.0,94912.0,83222.0,2,2,2,1
47,8.6220,794.4330,54.8520,857.9070,10308,10368,45,11640,4,14,5,20,156708,66664.0,70885.0,94617.0,359036.0,2,2,2,1
48,5.3730,857.8880,52.9800,916.2410,10308,10368,45,11640,4,14,5,20,156708,66688.0,75199.0,94782.0,429951.0,2,2,2,1
49,4.6100,653.0820,48.3460,706.0380,10308,10368,45,11640,4,14,5,20,156708,66663.0,73652.0,94436.0,225278.0,2,2,2,1
#heap 50788
#stack 3392
#end
#block pipeline plain lorawan11 up
#aead LoRaWAN-1.1 AES-128-CTR+2xCMAC (BearSSL (arduino-pico)), uplink, 51 B payload + 13 B overhead
#lib none (plain MQTT)
iter,tcp_ms,tls_ms,mqtt_ms,total_ms,hs_tx_B,hs_rx_B,mqtt_tx_B,mqtt_rx_B,hs_writes,hs_reads,writes,reads,free_heap_B,hs_keygen_us,hs_derive_us,hs_verify_us,hs_sign_us,hs_keygen_n,hs_derive_n,hs_verify_n,hs_sign_n
msg,iter,idx,seal_us,rtt_us,open_us,tx_B,rx_B
whole,iter,first_ms,all_ms,msgs
0,4.3710,0.0010,6.1370,10.5090,0,0,23,4,0,0,1,1,169356,0.0,0.0,0.0,0.0,0,0,0,0
msg,0,0,819,3760,761,90,90
msg,0,1,688,3939,748,90,90
msg,0,2,694,3914,776,90,90
msg,0,3,684,4384,758,90,90
msg,0,4,686,4418,745,90,90
msg,0,5,684,17937,742,90,90
msg,0,6,668,5873,748,90,90
msg,0,7,694,6045,740,90,90
msg,0,8,665,4415,731,90,90
msg,0,9,673,17108,750,90,90
msg,0,10,683,6430,746,90,90
msg,0,11,744,4907,751,90,90
msg,0,12,682,7136,757,90,90
msg,0,13,661,6033,746,90,90
msg,0,14,688,4119,745,90,90
msg,0,15,682,4153,754,90,90
msg,0,16,680,4279,841,90,90
msg,0,17,694,12607,751,90,90
msg,0,18,684,7144,756,90,90
msg,0,19,666,4211,728,90,90
msg,0,20,668,3927,747,90,90
msg,0,21,679,16595,754,90,90
msg,0,22,686,4061,747,90,90
msg,0,23,688,6356,751,90,90
msg,0,24,679,4106,733,90,90
msg,0,25,670,4322,735,90,90
msg,0,26,670,3965,746,90,90
msg,0,27,678,3957,735,90,90
msg,0,28,671,5108,745,90,90
msg,0,29,684,19063,750,90,90
msg,0,30,684,4347,750,90,90
msg,0,31,681,4318,741,90,90
msg,0,32,1130,4352,753,90,90
msg,0,33,684,3725,738,90,90
msg,0,34,661,17277,734,90,90
msg,0,35,661,4697,752,90,90
msg,0,36,658,5270,736,90,90
msg,0,37,667,4373,734,90,90
msg,0,38,668,4553,754,90,90
msg,0,39,659,4911,752,90,90
msg,0,40,693,7032,750,90,90
msg,0,41,702,18010,735,90,90
msg,0,42,729,5719,754,90,90
msg,0,43,681,6136,754,90,90
msg,0,44,664,4740,752,90,90
msg,0,45,684,18153,808,90,90
msg,0,46,681,3769,754,90,90
msg,0,47,687,4446,752,90,90
msg,0,48,692,3859,756,90,90
msg,0,49,657,3506,750,90,90
msg,0,50,688,3568,752,90,90
msg,0,51,685,4199,758,90,90
msg,0,52,686,3832,751,90,90
msg,0,53,799,4613,737,90,90
msg,0,54,668,22941,750,90,90
msg,0,55,682,7227,752,90,90
msg,0,56,685,3941,735,90,90
msg,0,57,659,17087,760,90,90
msg,0,58,688,3901,752,90,90
msg,0,59,661,4330,738,90,90
msg,0,60,657,4047,765,90,90
msg,0,61,686,4097,756,90,90
msg,0,62,683,3976,729,90,90
msg,0,63,668,3693,749,90,90
msg,0,64,681,4002,735,90,90
msg,0,65,659,3837,759,90,90
msg,0,66,697,16922,742,90,90
msg,0,67,683,3652,753,90,90
msg,0,68,660,3876,755,90,90
msg,0,69,693,3690,735,90,90
msg,0,70,664,3858,749,90,90
msg,0,71,694,16449,754,90,90
msg,0,72,690,3643,760,90,90
msg,0,73,681,4622,740,90,90
msg,0,74,658,4600,745,90,90
msg,0,75,665,3834,753,90,90
msg,0,76,751,3868,738,90,90
msg,0,77,671,3666,838,90,90
msg,0,78,685,3922,734,90,90
msg,0,79,664,3915,755,90,90
msg,0,80,688,16355,745,90,90
msg,0,81,694,5737,748,90,90
msg,0,82,682,3951,751,90,90
msg,0,83,686,3806,749,90,90
msg,0,84,688,15564,740,90,90
msg,0,85,662,4289,747,90,90
msg,0,86,678,7230,758,90,90
msg,0,87,738,3929,754,90,90
msg,0,88,660,3906,754,90,90
msg,0,89,692,5085,747,90,90
msg,0,90,693,4646,757,90,90
msg,0,91,679,4241,757,90,90
msg,0,92,676,17461,749,90,90
msg,0,93,715,4280,733,90,90
msg,0,94,666,5546,734,90,90
msg,0,95,662,3824,751,90,90
msg,0,96,685,3896,735,90,90
msg,0,97,664,12840,756,90,90
msg,0,98,692,3955,733,90,90
msg,0,99,664,6810,749,90,90
msg,0,100,682,4613,750,90,90
msg,0,101,688,3855,735,90,90
msg,0,102,662,4735,759,90,90
msg,0,103,793,3874,732,90,90
msg,0,104,670,3879,756,90,90
msg,0,105,689,4241,756,90,90
msg,0,106,682,15356,754,90,90
msg,0,107,685,4075,732,90,90
msg,0,108,661,4051,759,90,90
msg,0,109,681,6636,747,90,90
msg,0,110,679,17530,734,90,90
msg,0,111,672,3974,743,90,90
msg,0,112,686,4609,747,90,90
msg,0,113,685,4880,750,90,90
msg,0,114,665,3786,753,90,90
msg,0,115,692,4020,753,90,90
msg,0,116,658,4616,755,90,90
msg,0,117,691,3825,732,90,90
msg,0,118,698,3871,752,90,90
msg,0,119,693,16018,732,90,90
msg,0,120,672,7269,749,90,90
msg,0,121,692,4314,753,90,90
msg,0,122,692,19323,752,90,90
msg,0,123,687,4018,745,90,90
msg,0,124,693,7461,766,90,90
msg,0,125,697,5674,752,90,90
msg,0,126,691,3557,797,90,90
msg,0,127,744,5268,733,90,90
msg,0,128,695,5144,755,90,90
msg,0,129,682,3786,732,90,90
msg,0,130,666,15678,749,90,90
msg,0,131,683,3625,745,90,90
msg,0,132,694,3411,762,90,90
msg,0,133,690,3454,751,90,90
msg,0,134,688,3847,733,90,90
msg,0,135,666,16142,756,90,90
msg,0,136,693,3894,758,90,90
msg,0,137,691,6460,750,90,90
msg,0,138,687,4182,754,90,90
msg,0,139,659,4217,736,90,90
msg,0,140,745,8429,757,90,90
msg,0,141,660,84515,763,90,90
msg,0,142,670,4532,765,90,90
msg,0,143,697,4288,744,90,90
msg,0,144,684,4468,748,90,90
msg,0,145,688,4031,730,90,90
msg,0,146,733,3691,753,90,90
msg,0,147,679,16592,765,90,90
msg,0,148,682,3786,731,90,90
msg,0,149,729,4841,754,90,90
msg,0,150,679,4478,751,90,90
msg,0,151,694,17015,748,90,90
msg,0,152,662,3944,745,90,90
msg,0,153,685,8210,748,90,90
msg,0,154,687,3960,736,90,90
msg,0,155,661,4024,748,90,90
msg,0,156,690,4986,749,90,90
msg,0,157,657,8538,752,90,90
msg,0,158,679,18208,752,90,90
msg,0,159,667,4655,751,90,90
msg,0,160,690,3983,737,90,90
msg,0,161,668,4598,749,90,90
msg,0,162,661,4101,734,90,90
msg,0,163,693,16810,749,90,90
msg,0,164,678,4982,738,90,90
msg,0,165,685,4468,736,90,90
msg,0,166,657,4036,757,90,90
msg,0,167,695,4186,750,90,90
msg,0,168,679,3795,746,90,90
msg,0,169,678,4608,736,90,90
msg,0,170,662,5062,752,90,90
msg,0,171,683,16123,747,90,90
msg,0,172,689,4231,754,90,90
msg,0,173,664,4114,735,90,90
msg,0,174,659,4738,753,90,90
msg,0,175,677,4497,750,90,90
msg,0,176,691,15482,761,90,90
msg,0,177,695,3789,731,90,90
msg,0,178,685,4144,755,90,90
msg,0,179,683,4082,759,90,90
msg,0,180,684,3633,753,90,90
msg,0,181,692,4047,751,90,90
msg,0,182,668,4180,738,90,90
msg,0,183,666,4267,735,90,90
msg,0,184,685,5822,753,90,90
msg,0,185,692,15701,750,90,90
msg,0,186,692,3905,747,90,90
msg,0,187,664,4347,735,90,90
msg,0,188,670,5257,731,90,90
msg,0,189,661,18806,766,90,90
msg,0,190,683,4042,735,90,90
msg,0,191,660,3976,754,90,90
msg,0,192,682,3801,735,90,90
msg,0,193,661,3868,749,90,90
msg,0,194,688,5749,741,90,90
msg,0,195,698,3918,752,90,90
msg,0,196,689,3784,749,90,90
msg,0,197,686,3780,750,90,90
msg,0,198,665,13419,732,90,90
msg,0,199,661,4040,747,90,90
whole,0,21.657,1708.840,200
1,4.5530,0.0030,6.0200,10.5760,0,0,23,4,0,0,1,1,169356,0.0,0.0,0.0,0.0,0,0,0,0
msg,1,0,815,5162,759,90,90
msg,1,1,692,6801,745,90,90
msg,1,2,663,4233,747,90,90
msg,1,3,682,12130,762,90,90
msg,1,4,693,5433,771,90,90
msg,1,5,700,4537,752,90,90
msg,1,6,689,17548,730,90,90
msg,1,7,687,3612,750,90,90
msg,1,8,662,4000,747,90,90
msg,1,9,691,4169,746,90,90
msg,1,10,690,18233,754,90,90
msg,1,11,686,5001,733,90,90
msg,1,12,658,7070,751,90,90
msg,1,13,691,3880,730,90,90
msg,1,14,667,3577,749,90,90
msg,1,15,669,4229,730,90,90
msg,1,16,665,4073,752,90,90
msg,1,17,692,3454,748,90,90
msg,1,18,693,3404,753,90,90
msg,1,19,766,16754,756,90,90
msg,1,20,659,3888,756,90,90
msg,1,21,682,3614,736,90,90
msg,1,22,686,3734,756,90,90
msg,1,23,658,3842,751,90,90
msg,1,24,763,15051,753,90,90
msg,1,25,689,4631,759,90,90
msg,1,26,684,4253,749,90,90
msg,1,27,691,4304,758,90,90
msg,1,28,696,6317,747,90,90
msg,1,29,692,5981,733,90,90
msg,1,30,658,4869,748,90,90
msg,1,31,686,3955,734,90,90
msg,1,32,662,16707,803,90,90
msg,1,33,687,3872,744,90,90
msg,1,34,688,4217,748,90,90
msg,1,35,691,3754,738,90,90
msg,1,36,657,17790,766,90,90
msg,1,37,688,5004,744,90,90
msg,1,38,658,6718,753,90,90
msg,1,39,692,3852,757,90,90
msg,1,40,681,3932,756,90,90
msg,1,41,695,3845,754,90,90
msg,1,42,690,3476,747,90,90
msg,1,43,684,3867,751,90,90
msg,1,44,686,4190,748,90,90
msg,1,45,662,16974,747,90,90
msg,1,46,682,4062,742,90,90
msg,1,47,686,3855,753,90,90
msg,1,48,690,3831,749,90,90
msg,1,49,688,18262,754,90,90
msg,1,50,765,6697,749,90,90
msg,1,51,690,5153,747,90,90
msg,1,52,691,3485,749,90,90
msg,1,53,754,3665,756,90,90
msg,1,54,676,4298,750,90,90
msg,1,55,683,3858,726,90,90
msg,1,56,663,6308,734,90,90
msg,1,57,661,16567,749,90,90
msg,1,58,659,4797,757,90,90
msg,1,59,675,3483,749,90,90
msg,1,60,687,4059,749,90,90
msg,1,61,754,4486,745,90,90
msg,1,62,690,17027,734,90,90
msg,1,63,670,3882,751,90,90
msg,1,64,680,7665,751,90,90
msg,1,65,755,8114,756,90,90
msg,1,66,709,4048,756,90,90
msg,1,67,682,4751,732,90,90
msg,1,68,662,5904,757,90,90
msg,1,69,740,17584,754,90,90
msg,1,70,693,3574,733,90,90
msg,1,71,666,3441,732,90,90
msg,1,72,661,3912,740,90,90
msg,1,73,688,18058,752,90,90
msg,1,74,661,3990,753,90,90
msg,1,75,686,6261,751,90,90
msg,1,76,682,4948,751,90,90
msg,1,77,659,6539,753,90,90
msg,1,78,661,4160,734,90,90
msg,1,79,660,5106,758,90,90
msg,1,80,684,4412,753,90,90
msg,1,81,684,15213,750,90,90
msg,1,82,689,3984,749,90,90
msg,1,83,671,6009,745,90,90
msg,1,84,674,3576,733,90,90
msg,1,85,657,3912,745,90,90
msg,1,86,688,12969,737,90,90
msg,1,87,667,4158,748,90,90
msg,1,88,687,5851,749,90,90
msg,1,89,656,5160,734,90,90
msg,1,90,663,4155,748,90,90
msg,1,91,685,3860,746,90,90
msg,1,92,670,3591,750,90,90
msg,1,93,687,3426,753,90,90
msg,1,94,691,5272,747,90,90
msg,1,95,679,16517,757,90,90
msg,1,96,689,3915,737,90,90
msg,1,97,671,3629,767,90,90
msg,1,98,657,3881,759,90,90
msg,1,99,690,3792,732,90,90
msg,1,100,659,12864,755,90,90
msg,1,101,689,4648,755,90,90
msg,1,102,691,6399,756,90,90
msg,1,103,687,3496,732,90,90
msg,1,104,696,4603,734,90,90
msg,1,105,664,4689,809,90,90
msg,1,106,693,5583,751,90,90
msg,1,107,690,3815,727,90,90
msg,1,108,661,17466,741,90,90
msg,1,109,659,3677,753,90,90
msg,1,110,694,5138,727,90,90
msg,1,111,671,3667,753,90,90
msg,1,112,752,4415,758,90,90
msg,1,113,682,13950,741,90,90
msg,1,114,658,3917,752,90,90
msg,1,115,688,6215,749,90,90
msg,1,116,689,4090,729,90,90
msg,1,117,667,3988,749,90,90
msg,1,118,692,80171,769,90,90
msg,1,119,689,7815,745,90,90
msg,1,120,684,5258,759,90,90
msg,1,121,693,4482,748,90,90
msg,1,122,690,4445,744,90,90
msg,1,123,690,4619,732,90,90
msg,1,124,662,7803,751,90,90
msg,1,125,682,16179,748,90,90
msg,1,126,661,6360,750,90,90
msg,1,127,669,4023,744,90,90
msg,1,128,691,3652,740,90,90
msg,1,129,666,16027,763,90,90
msg,1,130,679,3751,735,90,90
msg,1,131,661,6124,744,90,90
msg,1,132,676,3773,753,90,90
msg,1,133,668,3677,755,90,90
msg,1,134,750,3900,734,90,90
msg,1,135,659,5726,751,90,90
msg,1,136,679,8146,739,90,90
msg,1,137,658,15189,749,90,90
msg,1,138,686,4013,746,90,90
msg,1,139,696,3559,750,90,90
msg,1,140,688,3843,735,90,90
msg,1,141,658,4133,755,90,90
msg,1,142,692,18381,748,90,90
msg,1,143,691,4031,746,90,90
msg,1,144,688,3803,750,90,90
msg,1,145,696,3864,755,90,90
msg,1,146,685,4050,740,90,90
msg,1,147,666,4373,735,90,90
msg,1,148,662,3842,747,90,90
msg,1,149,685,3593,820,90,90
msg,1,150,692,4261,748,90,90
msg,1,151,686,18650,765,90,90
msg,1,152,686,5437,750,90,90
msg,1,153,697,4283,806,90,90
msg,1,154,769,4133,753,90,90
msg,1,155,692,16513,754,90,90
msg,1,156,694,5077,745,90,90
msg,1,157,690,3512,750,90,90
msg,1,158,681,3783,796,90,90
msg,1,159,666,3883,746,90,90
msg,1,160,679,5181,752,90,90
msg,1,161,666,3921,749,90,90
msg,1,162,694,4149,752,90,90
msg,1,163,693,3482,753,90,90
msg,1,164,689,15725,741,90,90
msg,1,165,662,3809,755,90,90
msg,1,166,691,3414,749,90,90
msg,1,167,679,4213,753,90,90
msg,1,168,660,18727,745,90,90
msg,1,169,689,4228,752,90,90
msg,1,170,688,7290,751,90,90
msg,1,171,661,4671,748,90,90
msg,1,172,693,3940,740,90,90
msg,1,173,667,4811,752,90,90
msg,1,174,687,6387,756,90,90
msg,1,175,684,3669,753,90,90
msg,1,176,687,15188,755,90,90
msg,1,177,686,5356,753,90,90
msg,1,178,687,3832,738,90,90
msg,1,179,688,4208,758,90,90
msg,1,180,690,4359,749,90,90
msg,1,181,679,18284,751,90,90
msg,1,182,693,6508,751,90,90
msg,1,183,684,5225,744,90,90
msg,1,184,693,4139,755,90,90
msg,1,185,695,4024,732,90,90
msg,1,186,662,3774,755,90,90
msg,1,187,681,4454,752,90,90
msg,1,188,755,4280,757,90,90
msg,1,189,690,16853,744,90,90
msg,1,190,684,4934,753,90,90
msg,1,191,796,4636,745,90,90
msg,1,192,685,20497,753,90,90
msg,1,193,689,4398,746,90,90
msg,1,194,691,7769,751,90,90
msg,1,195,668,5144,739,90,90
msg,1,196,682,6030,755,90,90
msg,1,197,683,8432,749,90,90
msg,1,198,695,5528,750,90,90
msg,1,199,687,19446,749,90,90
whole,1,33.657,1734.749,200
2,5.3760,0.0030,21.4720,26.8510,0,0,23,4,0,0,1,1,169356,0.0,0.0,0.0,0.0,0,0,0,0
msg,2,0,793,4259,739,90,90
msg,2,1,665,5219,739,90,90
msg,2,2,683,4706,750,90,90
msg,2,3,664,4662,751,90,90
msg,2,4,684,4246,753,90,90
msg,2,5,690,15304,770,90,90
msg,2,6,661,4017,809,90,90
msg,2,7,778,4077,754,90,90
msg,2,8,689,3918,749,90,90
msg,2,9,668,3915,748,90,90
msg,2,10,680,16892,749,90,90
msg,2,11,669,4493,801,90,90
msg,2,12,688,5468,753,90,90
msg,2,13,689,3849,735,90,90
msg,2,14,693,4182,747,90,90
msg,2,15,685,6022,751,90,90
msg,2,16,687,3909,750,90,90
msg,2,17,692,3516,733,90,90
msg,2,18,661,16908,753,90,90
msg,2,19,685,5579,753,90,90
msg,2,20,689,5989,751,90,90
msg,2,21,660,4546,751,90,90
msg,2,22,682,16764,748,90,90
msg,2,23,685,4274,746,90,90
msg,2,24,685,6042,753,90,90
msg,2,25,695,3850,750,90,90
msg,2,26,686,3924,753,90,90
msg,2,27,755,4105,732,90,90
msg,2,28,670,6706,755,90,90
msg,2,29,689,5049,797,90,90
msg,2,30,675,16116,746,90,90
msg,2,31,691,3953,757,90,90
msg,2,32,687,5417,752,90,90
msg,2,33,690,3835,750,90,90
msg,2,34,694,3612,733,90,90
msg,2,35,663,16773,758,90,90
msg,2,36,692,3856,734,90,90
msg,2,37,682,4701,750,90,90
msg,2,38,669,3953,752,90,90
msg,2,39,686,3690,739,90,90
msg,2,40,665,5305,790,90,90
msg,2,41,661,4760,750,90,90
msg,2,42,685,5747,751,90,90
msg,2,43,689,15846,736,90,90
msg,2,44,670,4275,733,90,90
msg,2,45,658,4503,739,90,90
msg,2,46,667,3956,751,90,90
msg,2,47,681,3546,756,90,90
msg,2,48,682,14185,758,90,90
msg,2,49,757,4037,754,90,90
msg,2,50,666,7980,750,90,90
msg,2,51,681,3910,813,90,90
msg,2,52,692,3888,728,90,90
msg,2,53,685,3912,752,90,90
msg,2,54,687,4305,755,90,90
msg,2,55,691,3576,753,90,90
msg,2,56,684,4133,755,90,90
msg,2,57,663,16615,757,90,90
msg,2,58,690,7858,734,90,90
msg,2,59,688,4034,760,90,90
msg,2,60,693,3895,724,90,90
msg,2,61,656,16489,735,90,90
msg,2,62,660,3854,751,90,90
msg,2,63,691,4108,749,90,90
msg,2,64,660,3888,752,90,90
msg,2,65,692,3858,757,90,90
msg,2,66,662,4989,745,90,90
msg,2,67,693,5267,766,90,90
msg,2,68,692,3618,737,90,90
msg,2,69,685,17917,753,90,90
msg,2,70,695,3632,759,90,90
msg,2,71,693,3794,738,90,90
msg,2,72,664,4458,750,90,90
msg,2,73,662,3613,758,90,90
msg,2,74,687,18296,749,90,90
msg,2,75,665,3849,752,90,90
msg,2,76,689,5325,751,90,90
msg,2,77,764,3908,757,90,90
msg,2,78,659,3952,761,90,90
msg,2,79,678,3886,749,90,90
msg,2,80,660,4734,756,90,90
msg,2,81,694,5726,785,90,90
msg,2,82,663,16152,756,90,90
msg,2,83,696,4116,746,90,90
msg,2,84,684,4446,753,90,90
msg,2,85,755,3871,731,90,90
msg,2,86,661,3555,753,90,90
msg,2,87,669,14858,751,90,90
msg,2,88,683,3936,749,90,90
msg,2,89,668,37629,753,90,90
msg,2,90,683,22289,761,90,90
msg,2,91,686,5568,754,90,90
msg,2,92,680,3939,737,90,90
msg,2,93,1113,3687,753,90,90
msg,2,94,693,19137,754,90,90
msg,2,95,693,9753,734,90,90
msg,2,96,678,4066,750,90,90
msg,2,97,689,3944,731,90,90
msg,2,98,658,3624,749,90,90
msg,2,99,678,5463,803,90,90
msg,2,100,680,3711,753,90,90
msg,2,101,678,15866,759,90,90
msg,2,102,670,3844,756,90,90
msg,2,103,681,3915,751,90,90
msg,2,104,667,3839,750,90,90
msg,2,105,693,3736,730,90,90
msg,2,106,664,15949,748,90,90
msg,2,107,681,4209,751,90,90
msg,2,108,695,6329,756,90,90
msg,2,109,669,3860,747,90,90
msg,2,110,678,9236,754,90,90
msg,2,111,678,3934,734,90,90
msg,2,112,657,3841,748,90,90
msg,2,113,690,3916,729,90,90
msg,2,114,661,18631,757,90,90
msg,2,115,660,4197,737,90,90
msg,2,116,660,4659,750,90,90
msg,2,117,691,21776,750,90,90
msg,2,118,688,4122,759,90,90
msg,2,119,688,6686,747,90,90
msg,2,120,688,4573,740,90,90
msg,2,121,670,3980,777,90,90
msg,2,122,690,4033,761,90,90
msg,2,123,656,3836,756,90,90
msg,2,124,686,4047,749,90,90
msg,2,125,683,3912,756,90,90
msg,2,126,691,23321,751,90,90
msg,2,127,682,5765,751,90,90
msg,2,128,659,3894,820,90,90
msg,2,129,689,19419,759,90,90
msg,2,130,683,6576,731,90,90
msg,2,131,685,3925,751,90,90
msg,2,132,689,3437,747,90,90
msg,2,133,684,3824,738,90,90
msg,2,134,668,3692,756,90,90
msg,2,135,687,4479,753,90,90
msg,2,136,688,3863,736,90,90
msg,2,137,691,16335,743,90,90
msg,2,138,691,5426,731,90,90
msg,2,139,688,5217,757,90,90
msg,2,140,687,5913,747,90,90
msg,2,141,660,17687,750,90,90
msg,2,142,693,3919,735,90,90
msg,2,143,661,5712,754,90,90
msg,2,144,679,3859,759,90,90
msg,2,145,758,4724,755,90,90
msg,2,146,659,4121,734,90,90
msg,2,147,686,3496,730,90,90
msg,2,148,660,4170,753,90,90
msg,2,149,678,17788,734,90,90
msg,2,150,663,5218,1116,90,90
msg,2,151,693,4785,748,90,90
msg,2,152,693,3784,733,90,90
msg,2,153,667,18397,741,90,90
msg,2,154,662,4113,749,90,90
msg,2,155,695,6725,751,90,90
msg,2,156,668,4374,731,90,90
msg,2,157,661,4649,752,90,90
msg,2,158,688,4610,752,90,90
msg,2,159,692,4260,755,90,90
msg,2,160,792,4630,748,90,90
msg,2,161,691,16942,757,90,90
msg,2,162,690,4424,754,90,90
msg,2,163,681,6399,747,90,90
msg,2,164,701,5910,731,90,90
msg,2,165,691,16606,735,90,90
msg,2,166,669,3806,749,90,90
msg,2,167,691,6273,753,90,90
msg,2,168,683,3889,737,90,90
msg,2,169,681,3615,729,90,90
msg,2,170,663,3961,752,90,90
msg,2,171,683,4539,847,90,90
msg,2,172,691,4481,735,90,90
msg,2,173,659,20888,752,90,90
msg,2,174,683,4488,759,90,90
msg,2,175,693,3879,795,90,90
msg,2,176,672,5002,750,90,90
msg,2,177,683,17502,753,90,90
msg,2,178,697,6050,747,90,90
msg,2,179,685,6044,765,90,90
msg,2,180,664,4629,757,90,90
msg,2,181,682,3628,752,90,90
msg,2,182,690,3901,732,90,90
msg,2,183,729,3855,754,90,90
msg,2,184,688,3710,731,90,90
msg,2,185,665,18285,747,90,90
msg,2,186,684,3782,747,90,90
msg,2,187,668,3847,811,90,90
msg,2,188,687,3871,752,90,90
msg,2,189,665,3836,751,90,90
msg,2,190,680,4365,757,90,90
msg,2,191,689,5927,735,90,90
msg,2,192,660,5252,741,90,90
msg,2,193,659,4447,727,90,90
msg,2,194,668,3790,751,90,90
msg,2,195,690,4524,748,90,90
msg,2,196,747,14833,734,90,90
msg,2,197,664,4539,729,90,90
msg,2,198,669,4393,737,90,90
msg,2,199,668,15038,755,90,90
whole,2,48.548,1731.966,200
#stack 2400
#end
#block pipeline plain lorawan11 down
#aead LoRaWAN-1.1 AES-128-CTR+2xCMAC (BearSSL (arduino-pico)), downlink, 51 B payload + 13 B overhead
#lib none (plain MQTT)
iter,tcp_ms,tls_ms,mqtt_ms,total_ms,hs_tx_B,hs_rx_B,mqtt_tx_B,mqtt_rx_B,hs_writes,hs_reads,writes,reads,free_heap_B,hs_keygen_us,hs_derive_us,hs_verify_us,hs_sign_us,hs_keygen_n,hs_derive_n,hs_verify_n,hs_sign_n
msg,iter,idx,seal_us,rtt_us,open_us,tx_B,rx_B
whole,iter,first_ms,all_ms,msgs
0,4.5040,0.0020,6.2840,10.7900,0,0,23,4,0,0,1,1,169356,0.0,0.0,0.0,0.0,0,0,0,0
msg,0,0,530,4401,472,90,90
msg,0,1,435,5046,477,90,90
msg,0,2,430,6237,494,90,90
msg,0,3,405,5178,484,90,90
msg,0,4,399,17794,497,90,90
msg,0,5,398,4050,487,90,90
msg,0,6,397,3854,496,90,90
msg,0,7,398,4079,491,90,90
msg,0,8,402,3665,484,90,90
msg,0,9,400,18578,484,90,90
msg,0,10,438,3830,477,90,90
msg,0,11,431,4678,486,90,90
msg,0,12,401,3914,491,90,90
msg,0,13,400,3748,496,90,90
msg,0,14,398,3796,492,90,90
msg,0,15,400,4089,490,90,90
msg,0,16,403,3969,493,90,90
msg,0,17,396,6448,480,90,90
msg,0,18,437,15683,474,90,90
msg,0,19,431,3959,473,90,90
msg,0,20,424,4625,493,90,90
msg,0,21,395,3716,484,90,90
msg,0,22,405,3959,490,90,90
msg,0,23,397,17582,476,90,90
msg,0,24,438,4070,466,90,90
msg,0,25,397,8079,478,90,90
msg,0,26,407,3826,470,90,90
msg,0,27,392,4912,473,90,90
msg,0,28,396,4422,495,90,90
msg,0,29,429,3824,491,90,90
msg,0,30,400,4024,490,90,90
msg,0,31,436,4152,473,90,90
msg,0,32,426,16552,491,90,90
msg,0,33,402,3856,490,90,90
msg,0,34,408,3970,498,90,90
msg,0,35,409,4032,491,90,90
msg,0,36,400,4024,485,90,90
msg,0,37,423,17560,492,90,90
msg,0,38,402,3681,478,90,90
msg,0,39,405,6865,476,90,90
msg,0,40,423,4231,496,90,90
msg,0,41,401,3672,475,90,90
msg,0,42,436,4729,474,90,90
msg,0,43,423,4163,477,90,90
msg,0,44,398,4520,486,90,90
msg,0,45,422,4370,474,90,90
msg,0,46,405,17003,474,90,90
msg,0,47,400,4803,487,90,90
msg,0,48,399,5076,475,90,90
msg,0,49,407,4923,474,90,90
msg,0,50,407,3753,478,90,90
msg,0,51,426,14678,478,90,90
msg,0,52,431,3585,497,90,90
msg,0,53,406,3955,491,90,90
msg,0,54,408,4437,475,90,90
msg,0,55,436,3730,475,90,90
msg,0,56,422,3831,489,90,90
msg,0,57,422,5882,487,90,90
msg,0,58,422,3983,475,90,90
msg,0,59,437,4531,484,90,90
msg,0,60,407,4259,487,90,90
msg,0,61,423,19150,473,90,90
msg,0,62,434,4453,494,90,90
msg,0,63,396,3907,492,90,90
msg,0,64,407,3567,464,90,90
msg,0,65,401,3542,493,90,90
msg,0,66,432,16606,501,90,90
msg,0,67,409,4054,498,90,90
msg,0,68,406,4842,494,90,90
msg,0,69,396,6402,468,90,90
msg,0,70,438,5054,476,90,90
msg,0,71,435,7547,484,90,90
msg,0,72,423,5930,491,90,90
msg,0,73,493,4179,475,90,90
msg,0,74,431,17201,498,90,90
msg,0,75,405,3933,490,90,90
msg,0,76,407,3755,469,90,90
msg,0,77,404,4054,474,90,90
msg,0,78,406,3799,483,90,90
msg,0,79,409,17282,495,90,90
msg,0,80,402,3947,490,90,90
msg,0,81,395,4422,476,90,90
msg,0,82,437,4684,475,90,90
msg,0,83,422,3728,495,90,90
msg,0,84,403,4253,475,90,90
msg,0,85,434,3941,473,90,90
msg,0,86,435,8360,491,90,90
msg,0,87,409,4181,491,90,90
msg,0,88,400,16141,473,90,90
msg,0,89,435,4792,485,90,90
msg,0,90,427,3677,487,90,90
msg,0,91,403,3978,489,90,90
msg,0,92,399,3913,482,90,90
msg,0,93,397,18616,481,90,90
msg,0,94,403,6004,476,90,90
msg,0,95,400,4935,474,90,90
msg,0,96,402,4112,491,90,90
msg,0,97,404,7612,475,90,90
msg,0,98,420,4124,476,90,90
msg,0,99,401,5481,475,90,90
msg,0,100,431,4278,476,90,90
msg,0,101,397,16932,481,90,90
msg,0,102,400,4629,479,90,90
msg,0,103,425,3924,476,90,90
msg,0,104,431,4194,476,90,90
msg,0,105,400,3743,475,90,90
msg,0,106,438,13782,476,90,90
msg,0,107,435,3579,490,90,90
msg,0,108,397,4159,481,90,90
msg,0,109,428,4483,476,90,90
msg,0,110,406,4357,490,90,90
msg,0,111,406,3818,486,90,90
msg,0,112,408,5644,472,90,90
msg,0,113,400,3806,475,90,90
msg,0,114,397,4008,470,90,90
msg,0,115,404,3530,470,90,90
msg,0,116,428,15506,506,90,90
msg,0,117,398,5134,497,90,90
msg,0,118,400,4684,503,90,90
msg,0,119,471,4500,477,90,90
msg,0,120,427,3772,476,90,90
msg,0,121,430,18805,484,90,90
msg,0,122,437,3909,484,90,90
msg,0,123,428,4703,492,90,90
msg,0,124,415,3748,494,90,90
msg,0,125,402,3580,470,90,90
msg,0,126,431,3595,487,90,90
msg,0,127,433,4947,548,90,90
msg,0,128,434,5150,473,90,90
msg,0,129,429,3756,481,90,90
msg,0,130,433,16637,496,90,90
msg,0,131,404,3818,491,90,90
msg,0,132,407,5017,578,90,90
msg,0,133,413,3785,495,90,90
msg,0,134,398,3812,496,90,90
msg,0,135,404,17242,488,90,90
msg,0,136,415,3849,489,90,90
msg,0,137,403,6912,493,90,90
msg,0,138,407,4676,493,90,90
msg,0,139,405,10271,492,90,90
msg,0,140,433,8376,477,90,90
msg,0,141,399,3864,473,90,90
msg,0,142,397,17717,477,90,90
msg,0,143,423,3798,477,90,90
msg,0,144,428,4228,480,90,90
msg,0,145,428,3821,473,90,90
msg,0,146,430,3796,473,90,90
msg,0,147,428,18067,484,90,90
msg,0,148,435,4002,470,90,90
msg,0,149,433,6444,493,90,90
msg,0,150,406,3912,491,90,90
msg,0,151,460,3676,493,90,90
msg,0,152,405,3704,477,90,90
msg,0,153,402,3770,475,90,90
msg,0,154,424,3729,476,90,90
msg,0,155,431,3807,491,90,90
msg,0,156,423,3483,471,90,90
msg,0,157,398,16020,492,90,90
msg,0,158,397,4144,489,90,90
msg,0,159,489,4835,496,90,90
msg,0,160,408,3694,498,90,90
msg,0,161,409,3839,477,90,90
msg,0,162,401,16805,480,90,90
msg,0,163,402,4016,471,90,90
msg,0,164,402,6908,476,90,90
msg,0,165,401,3973,475,90,90
msg,0,166,410,3724,472,90,90
msg,0,167,429,3876,476,90,90
msg,0,168,429,3976,479,90,90
msg,0,169,429,3839,475,90,90
msg,0,170,426,3907,474,90,90
msg,0,171,434,4190,472,90,90
msg,0,172,398,17157,496,90,90
msg,0,173,499,4598,483,90,90
msg,0,174,409,3669,478,90,90
msg,0,175,432,3876,475,90,90
msg,0,176,427,3889,530,90,90
msg,0,177,435,17266,476,90,90
msg,0,178,404,4598,474,90,90
msg,0,179,436,4828,476,90,90
msg,0,180,435,3765,494,90,90
msg,0,181,397,3638,497,90,90
msg,0,182,472,4614,476,90,90
msg,0,183,401,3861,472,90,90
msg,0,184,428,5127,472,90,90
msg,0,185,404,4124,501,90,90
msg,0,186,405,16116,547,90,90
msg,0,187,435,4931,489,90,90
msg,0,188,431,3737,499,90,90
msg,0,189,397,4897,497,90,90
msg,0,190,399,3802,492,90,90
msg,0,191,399,15813,472,90,90
msg,0,192,400,5610,472,90,90
msg,0,193,439,6521,490,90,90
msg,0,194,395,3423,472,90,90
msg,0,195,431,3741,474,90,90
msg,0,196,439,3803,483,90,90
msg,0,197,424,4185,475,90,90
msg,0,198,436,4636,486,90,90
msg,0,199,432,3781,494,90,90
whole,0,22.928,1473.237,200
1,4.3970,0.0030,5.8670,10.2670,0,0,23,4,0,0,1,1,169356,0.0,0.0,0.0,0.0,0,0,0,0
msg,1,0,535,4886,500,90,90
msg,1,1,403,15654,492,90,90
msg,1,2,404,4923,491,90,90
msg,1,3,400,7386,478,90,90
msg,1,4,420,3861,484,90,90
msg,1,5,498,3424,497,90,90
msg,1,6,399,4512,477,90,90
msg,1,7,426,4094,473,90,90
msg,1,8,422,5048,476,90,90
msg,1,9,402,3881,479,90,90
msg,1,10,396,16689,478,90,90
msg,1,11,426,4183,474,90,90
msg,1,12,397,6035,475,90,90
msg,1,13,407,5964,492,90,90
msg,1,14,403,8931,500,90,90
msg,1,15,400,10759,479,90,90
msg,1,16,404,4017,474,90,90
msg,1,17,411,6019,493,90,90
msg,1,18,404,3743,478,90,90
msg,1,19,404,4019,476,90,90
msg,1,20,402,4075,489,90,90
msg,1,21,402,4118,496,90,90
msg,1,22,400,5372,467,90,90
msg,1,23,432,4057,468,90,90
msg,1,24,406,15940,471,90,90
msg,1,25,402,3838,474,90,90
msg,1,26,435,3872,474,90,90
msg,1,27,431,3846,470,90,90
msg,1,28,424,4552,484,90,90
msg,1,29,400,17926,495,90,90
msg,1,30,402,4165,478,90,90
msg,1,31,426,6442,488,90,90
msg,1,32,407,3658,477,90,90
msg,1,33,429,3848,470,90,90
msg,1,34,432,3626,491,90,90
msg,1,35,399,4023,489,90,90
msg,1,36,425,4063,470,90,90
msg,1,37,434,3994,470,90,90
msg,1,38,423,3960,478,90,90
msg,1,39,434,14606,498,90,90
msg,1,40,424,3584,488,90,90
msg,1,41,406,3801,472,90,90
msg,1,42,403,4071,496,90,90
msg,1,43,402,4795,473,90,90
msg,1,44,412,7527,476,90,90
msg,1,45,433,11473,496,90,90
msg,1,46,407,4210,486,90,90
msg,1,47,397,4704,490,90,90
msg,1,48,405,4015,494,90,90
msg,1,49,396,3806,488,90,90
msg,1,50,400,4593,477,90,90
msg,1,51,434,3912,479,90,90
msg,1,52,432,3885,479,90,90
msg,1,53,425,3872,474,90,90
msg,1,54,430,17595,491,90,90
msg,1,55,409,4298,481,90,90
msg,1,56,436,3955,477,90,90
msg,1,57,430,3933,471,90,90
msg,1,58,436,3544,490,90,90
msg,1,59,397,18310,477,90,90
msg,1,60,439,3891,477,90,90
msg,1,61,429,9399,489,90,90
msg,1,62,398,5287,482,90,90
msg,1,63,431,4112,477,90,90
msg,1,64,431,4220,491,90,90
msg,1,65,397,3731,479,90,90
msg,1,66,403,5413,496,90,90
msg,1,67,396,3882,491,90,90
msg,1,68,399,15741,496,90,90
msg,1,69,397,4281,477,90,90
msg,1,70,426,3934,472,90,90
msg,1,71,435,4074,472,90,90
msg,1,72,431,3971,474,90,90
msg,1,73,432,17072,479,90,90
msg,1,74,399,3897,476,90,90
msg,1,75,470,6545,475,90,90
msg,1,76,427,4222,473,90,90
msg,1,77,408,3885,471,90,90
msg,1,78,436,4534,489,90,90
msg,1,79,403,3548,472,90,90
msg,1,80,400,3852,477,90,90
msg,1,81,398,4515,472,90,90
msg,1,82,427,16229,483,90,90
msg,1,83,402,3965,476,90,90
msg,1,84,400,3722,472,90,90
msg,1,85,424,3880,478,90,90
msg,1,86,434,4003,475,90,90
msg,1,87,430,8425,492,90,90
msg,1,88,401,10923,488,90,90
msg,1,89,402,4405,471,90,90
msg,1,90,439,5138,473,90,90
msg,1,91,411,4140,483,90,90
msg,1,92,404,3759,475,90,90
msg,1,93,395,4257,487,90,90
msg,1,94,401,3669,554,90,90
msg,1,95,405,3676,476,90,90
msg,1,96,399,4212,487,90,90
msg,1,97,405,3630,475,90,90
msg,1,98,434,16136,482,90,90
msg,1,99,401,3897,467,90,90
msg,1,100,398,3961,494,90,90
msg,1,101,400,3666,476,90,90
msg,1,102,430,3420,548,90,90
msg,1,103,405,15278,478,90,90
msg,1,104,438,8939,471,90,90
msg,1,105,435,5293,492,90,90
msg,1,106,402,4447,475,90,90
msg,1,107,425,3767,484,90,90
msg,1,108,405,3872,488,90,90
msg,1,109,409,3733,491,90,90
msg,1,110,399,4130,485,90,90
msg,1,111,406,20919,487,90,90
msg,1,112,410,3695,493,90,90
msg,1,113,407,3513,476,90,90
msg,1,114,433,3690,489,90,90
msg,1,115,424,3639,491,90,90
msg,1,116,406,3894,491,90,90
msg,1,117,407,14817,542,90,90
msg,1,118,400,4645,474,90,90
msg,1,119,427,7498,492,90,90
msg,1,120,406,4210,500,90,90
msg,1,121,430,4006,478,90,90
msg,1,122,430,3933,478,90,90
msg,1,123,432,4011,480,90,90
msg,1,124,408,4307,529,90,90
msg,1,125,409,4214,471,90,90
msg,1,126,426,15753,490,90,90
msg,1,127,404,4450,475,90,90
msg,1,128,409,3962,475,90,90
msg,1,129,400,4189,487,90,90
msg,1,130,407,3506,478,90,90
msg,1,131,425,21737,471,90,90
msg,1,132,431,3568,499,90,90
msg,1,133,404,6087,496,90,90
msg,1,134,398,3832,487,90,90
msg,1,135,395,4206,472,90,90
msg,1,136,426,7629,490,90,90
msg,1,137,400,4532,478,90,90
msg,1,138,403,4042,476,90,90
msg,1,139,402,16668,476,90,90
msg,1,140,439,3721,480,90,90
msg,1,141,428,3726,489,90,90
msg,1,142,402,3860,491,90,90
msg,1,143,466,3636,477,90,90
msg,1,144,403,3802,473,90,90
msg,1,145,400,16950,479,90,90
msg,1,146,400,4411,492,90,90
msg,1,147,398,5679,495,90,90
msg,1,148,469,4642,480,90,90
msg,1,149,401,3703,476,90,90
msg,1,150,430,4619,493,90,90
msg,1,151,404,4225,477,90,90
msg,1,152,435,4875,474,90,90
msg,1,153,425,3775,487,90,90
msg,1,154,425,17252,476,90,90
msg,1,155,430,3818,474,90,90
msg,1,156,433,3945,474,90,90
msg,1,157,440,3666,488,90,90
msg,1,158,426,4036,471,90,90
msg,1,159,440,18128,475,90,90
msg,1,160,428,5923,471,90,90
msg,1,161,404,3766,472,90,90
msg,1,162,437,3520,484,90,90
msg,1,163,397,3813,490,90,90
msg,1,164,400,5016,486,90,90
msg,1,165,402,3750,501,90,90
msg,1,166,400,4045,497,90,90
msg,1,167,406,4035,493,90,90
msg,1,168,394,16838,491,90,90
msg,1,169,406,4439,474,90,90
msg,1,170,423,5771,474,90,90
msg,1,171,429,7253,479,90,90
msg,1,172,398,22739,478,90,90
msg,1,173,438,6289,485,90,90
msg,1,174,401,6345,484,90,90
msg,1,175,426,3829,491,90,90
msg,1,176,400,4717,580,90,90
msg,1,177,403,3902,490,90,90
msg,1,178,400,4061,493,90,90
msg,1,179,398,4327,474,90,90
msg,1,180,432,15660,486,90,90
msg,1,181,434,3908,483,90,90
msg,1,182,430,3703,493,90,90
msg,1,183,400,5405,474,90,90
msg,1,184,438,4310,488,90,90
msg,1,185,407,16221,493,90,90
msg,1,186,401,5085,474,90,90
msg,1,187,438,8540,507,90,90
msg,1,188,410,5718,473,90,90
msg,1,189,398,4418,480,90,90
msg,1,190,518,4008,478,90,90
msg,1,191,424,4090,471,90,90
msg,1,192,424,4043,472,90,90
msg,1,193,400,3978,532,90,90
msg,1,194,405,13944,484,90,90
msg,1,195,402,3866,538,90,90
msg,1,196,413,4122,496,90,90
msg,1,197,410,3824,488,90,90
msg,1,198,407,4496,472,90,90
msg,1,199,431,16938,482,90,90
whole,1,22.127,1473.018,200
2,6.7700,0.0010,5.7830,12.5540,0,0,23,4,0,0,1,1,169356,0.0,0.0,0.0,0.0,0,0,0,0
msg,2,0,531,5681,485,90,90
msg,2,1,402,5184,492,90,90
msg,2,2,411,5349,470,90,90
msg,2,3,416,4284,472,90,90
msg,2,4,398,16233,545,90,90
msg,2,5,407,3930,495,90,90
msg,2,6,402,4255,473,90,90
msg,2,7,423,3809,484,90,90
msg,2,8,426,3412,533,90,90
msg,2,9,400,18180,493,90,90
msg,2,10,471,4771,489,90,90
msg,2,11,401,6502,481,90,90
msg,2,12,431,4421,489,90,90
msg,2,13,400,4225,475,90,90
msg,2,14,424,3643,501,90,90
msg,2,15,524,4329,472,90,90
msg,2,16,435,3592,490,90,90
msg,2,17,421,3677,490,90,90
msg,2,18,410,17781,500,90,90
msg,2,19,402,3978,486,90,90
msg,2,20,403,3701,475,90,90
msg,2,21,402,4097,497,90,90
msg,2,22,402,3889,470,90,90
msg,2,23,411,18472,481,90,90
msg,2,24,431,3844,490,90,90
msg,2,25,430,9474,476,90,90
msg,2,26,401,5126,499,90,90
msg,2,27,398,3418,473,90,90
msg,2,28,430,3758,473,90,90
msg,2,29,423,3724,488,90,90
msg,2,30,406,3598,480,90,90
msg,2,31,401,3643,472,90,90
msg,2,32,427,13948,475,90,90
msg,2,33,435,4001,471,90,90
msg,2,34,438,3690,477,90,90
msg,2,35,424,4192,473,90,90
msg,2,36,403,4022,477,90,90
msg,2,37,401,17767,474,90,90
msg,2,38,435,3942,475,90,90
msg,2,39,438,9323,492,90,90
msg,2,40,397,3654,481,90,90
msg,2,41,404,4114,491,90,90
msg,2,42,401,6570,476,90,90
msg,2,43,429,4487,546,90,90
msg,2,44,397,3724,491,90,90
msg,2,45,400,3781,481,90,90
msg,2,46,395,16199,493,90,90
msg,2,47,405,4003,485,90,90
msg,2,48,406,3847,491,90,90
msg,2,49,407,4371,476,90,90
msg,2,50,432,3474,490,90,90
msg,2,51,401,17214,487,90,90
msg,2,52,435,4423,492,90,90
msg,2,53,406,6010,490,90,90
msg,2,54,406,4663,483,90,90
msg,2,55,398,5406,496,90,90
msg,2,56,406,8272,476,90,90
msg,2,57,513,3725,474,90,90
msg,2,58,424,4080,468,90,90
msg,2,59,424,16093,476,90,90
msg,2,60,397,3859,473,90,90
msg,2,61,426,4139,493,90,90
msg,2,62,409,3993,488,90,90
msg,2,63,395,3503,480,90,90
msg,2,64,431,17626,489,90,90
msg,2,65,408,3965,541,90,90
msg,2,66,427,4015,471,90,90
msg,2,67,422,4036,477,90,90
msg,2,68,431,4677,486,90,90
msg,2,69,427,6021,475,90,90
msg,2,70,432,4020,476,90,90
msg,2,71,441,3905,478,90,90
msg,2,72,433,4253,469,90,90
msg,2,73,396,19100,495,90,90
msg,2,74,397,6395,477,90,90
msg,2,75,429,3815,486,90,90
msg,2,76,428,3646,493,90,90
msg,2,77,397,4163,484,90,90
msg,2,78,425,18640,491,90,90
msg,2,79,400,3759,481,90,90
msg,2,80,398,5351,490,90,90
msg,2,81,407,7471,472,90,90
msg,2,82,401,5295,489,90,90
msg,2,83,405,4054,491,90,90
msg,2,84,403,4491,472,90,90
msg,2,85,406,4169,502,90,90
msg,2,86,406,17130,491,90,90
msg,2,87,407,3992,480,90,90
msg,2,88,425,3873,494,90,90
msg,2,89,412,3927,486,90,90
msg,2,90,409,3622,492,90,90
msg,2,91,401,18354,478,90,90
msg,2,92,429,3964,476,90,90
msg,2,93,422,6596,493,90,90
msg,2,94,411,3767,490,90,90
msg,2,95,402,4212,492,90,90
msg,2,96,404,4805,489,90,90
msg,2,97,477,4546,475,90,90
msg,2,98,399,4467,489,90,90
msg,2,99,399,3866,492,90,90
msg,2,100,403,17076,488,90,90
msg,2,101,432,3705,491,90,90
msg,2,102,406,3893,491,90,90
msg,2,103,405,3797,492,90,90
msg,2,104,400,3809,475,90,90
msg,2,105,400,3939,471,90,90
msg,2,106,406,15883,473,90,90
msg,2,107,411,4680,480,90,90
msg,2,108,430,5162,477,90,90
msg,2,109,399,3550,475,90,90
msg,2,110,427,5694,485,90,90
msg,2,111,406,4521,479,90,90
msg,2,112,401,3896,473,90,90
msg,2,113,429,4989,474,90,90
msg,2,114,401,3993,472,90,90
msg,2,115,411,20163,492,90,90
msg,2,116,394,4209,488,90,90
msg,2,117,429,3772,484,90,90
msg,2,118,395,3902,494,90,90
msg,2,119,397,18427,485,90,90
msg,2,120,433,4018,481,90,90
msg,2,121,402,7340,495,90,90
msg,2,122,397,4060,486,90,90
msg,2,123,434,4491,480,90,90
msg,2,124,404,3816,475,90,90
msg,2,125,410,3365,497,90,90
msg,2,126,398,3610,478,90,90
msg,2,127,408,5534,470,90,90
msg,2,128,425,16348,489,90,90
msg,2,129,405,3749,473,90,90
msg,2,130,401,3684,474,90,90
msg,2,131,425,3925,480,90,90
msg,2,132,441,3795,491,90,90
msg,2,133,424,3767,491,90,90
msg,2,134,399,16516,480,90,90
msg,2,135,407,3807,473,90,90
msg,2,136,432,5134,469,90,90
msg,2,137,401,3755,479,90,90
msg,2,138,404,3624,475,90,90
msg,2,139,435,3763,496,90,90
msg,2,140,406,3990,491,90,90
msg,2,141,427,5514,486,90,90
msg,2,142,397,4783,472,90,90
msg,2,143,403,16306,498,90,90
msg,2,144,405,4084,485,90,90
msg,2,145,406,3996,487,90,90
msg,2,146,434,3826,490,90,90
msg,2,147,397,3984,491,90,90
msg,2,148,435,8050,470,90,90
msg,2,149,426,11563,496,90,90
msg,2,150,400,3838,493,90,90
msg,2,151,397,5634,473,90,90
msg,2,152,430,3801,472,90,90
msg,2,153,427,3970,473,90,90
msg,2,154,431,4007,493,90,90
msg,2,155,401,3865,472,90,90
msg,2,156,396,6907,475,90,90
msg,2,157,397,3988,471,90,90
msg,2,158,402,17536,489,90,90
msg,2,159,428,4316,470,90,90
msg,2,160,399,3966,477,90,90
msg,2,161,404,3976,476,90,90
msg,2,162,405,3854,475,90,90
msg,2,163,401,18377,497,90,90
msg,2,164,405,3799,491,90,90
msg,2,165,402,4954,493,90,90
msg,2,166,405,3945,494,90,90
msg,2,167,399,3601,476,90,90
msg,2,168,394,4084,469,90,90
msg,2,169,407,3807,476,90,90
msg,2,170,397,3848,478,90,90
msg,2,171,436,4197,490,90,90
msg,2,172,407,17698,472,90,90
msg,2,173,436,4291,494,90,90
msg,2,174,399,5084,488,90,90
msg,2,175,409,4396,475,90,90
msg,2,176,436,4555,488,90,90
msg,2,177,430,15353,476,90,90
msg,2,178,400,4164,493,90,90
msg,2,179,406,7456,477,90,90
msg,2,180,427,3993,470,90,90
msg,2,181,441,3512,489,90,90
msg,2,182,398,5171,473,90,90
msg,2,183,427,3526,488,90,90
msg,2,184,473,4508,476,90,90
msg,2,185,431,3748,477,90,90
msg,2,186,438,17233,475,90,90
msg,2,187,410,3947,476,90,90
msg,2,188,408,4266,494,90,90
msg,2,189,486,5082,475,90,90
msg,2,190,409,3792,472,90,90
msg,2,191,434,16001,480,90,90
msg,2,192,409,5443,493,90,90
msg,2,193,404,6493,478,90,90
msg,2,194,400,4038,490,90,90
msg,2,195,403,4069,491,90,90
msg,2,196,402,6584,473,90,90
msg,2,197,403,4027,481,90,90
msg,2,198,407,4484,478,90,90
msg,2,199,423,3714,497,90,90
whole,2,25.227,1475.301,200
#stack 2192
#end
#block pipeline plain lorawan11_256 up
#aead AES-256-CTR+2xCMAC (LoRaWAN 1.1 frame, 256-bit keys) (BearSSL (arduino-pico)), uplink, 51 B payload + 13 B overhead
#lib none (plain MQTT)
iter,tcp_ms,tls_ms,mqtt_ms,total_ms,hs_tx_B,hs_rx_B,mqtt_tx_B,mqtt_rx_B,hs_writes,hs_reads,writes,reads,free_heap_B,hs_keygen_us,hs_derive_us,hs_verify_us,hs_sign_us,hs_keygen_n,hs_derive_n,hs_verify_n,hs_sign_n
msg,iter,idx,seal_us,rtt_us,open_us,tx_B,rx_B
whole,iter,first_ms,all_ms,msgs
0,4.5650,0.0020,8.6380,13.2050,0,0,23,4,0,0,1,1,169356,0.0,0.0,0.0,0.0,0,0,0,0
msg,0,0,1041,4310,990,90,90
msg,0,1,924,6490,975,90,90
msg,0,2,916,4377,988,90,90
msg,0,3,982,3941,977,90,90
msg,0,4,920,4545,980,90,90
msg,0,5,919,4402,975,90,90
msg,0,6,990,3921,981,90,90
msg,0,7,909,15820,984,90,90
msg,0,8,919,3915,983,90,90
msg,0,9,917,3884,978,90,90
msg,0,10,922,3592,985,90,90
msg,0,11,921,4251,974,90,90
msg,0,12,920,30228,984,90,90
msg,0,13,892,4265,980,90,90
msg,0,14,918,4436,979,90,90
msg,0,15,922,3914,978,90,90
msg,0,16,911,3882,975,90,90
msg,0,17,928,26051,977,90,90
msg,0,18,923,7523,980,90,90
msg,0,19,914,4322,980,90,90
msg,0,20,918,18588,979,90,90
msg,0,21,918,8046,979,90,90
msg,0,22,908,6972,979,90,90
msg,0,23,914,6977,986,90,90
msg,0,24,920,5580,982,90,90
msg,0,25,925,3950,1042,90,90
msg,0,26,932,15055,984,90,90
msg,0,27,924,4417,973,90,90
msg,0,28,923,3801,982,90,90
msg,0,29,889,4081,971,90,90
msg,0,30,913,17606,977,90,90
msg,0,31,920,7919,988,90,90
msg,0,32,920,4759,988,90,90
msg,0,33,914,4163,981,90,90
msg,0,34,920,4937,987,90,90
msg,0,35,921,4300,973,90,90
msg,0,36,918,4090,986,90,90
msg,0,37,914,3666,974,90,90
msg,0,38,920,16386,981,90,90
msg,0,39,910,3925,983,90,90
msg,0,40,910,4198,983,90,90
msg,0,41,924,3906,1040,90,90
msg,0,42,921,15512,979,90,90
msg,0,43,917,4052,982,90,90
msg,0,44,925,5634,981,90,90
msg,0,45,917,3992,975,90,90
msg,0,46,920,3984,988,90,90
msg,0,47,920,3894,974,90,90
msg,0,48,913,3820,979,90,90
msg,0,49,920,3875,977,90,90
msg,0,50,916,17556,984,90,90
msg,0,51,917,3969,980,90,90
msg,0,52,916,3660,982,90,90
msg,0,53,910,3878,981,90,90
msg,0,54,909,3736,984,90,90
msg,0,55,924,15150,985,90,90
msg,0,56,914,5202,1041,90,90
msg,0,57,893,4391,977,90,90
msg,0,58,915,3417,977,90,90
msg,0,59,926,6574,978,90,90
msg,0,60,915,6001,973,90,90
msg,0,61,916,4748,983,90,90
msg,0,62,920,16638,967,90,90
msg,0,63,911,4559,986,90,90
msg,0,64,916,5166,977,90,90
msg,0,65,892,3914,981,90,90
msg,0,66,889,7390,987,90,90
msg,0,67,910,10734,975,90,90
msg,0,68,928,4744,973,90,90
msg,0,69,900,4622,985,90,90
msg,0,70,995,4117,974,90,90
msg,0,71,895,4276,982,90,90
msg,0,72,919,3856,969,90,90
msg,0,73,917,3995,981,90,90
msg,0,74,913,3573,972,90,90
msg,0,75,905,17211,973,90,90
msg,0,76,918,3813,981,90,90
msg,0,77,889,4642,987,90,90
msg,0,78,915,3913,979,90,90
msg,0,79,915,14957,977,90,90
msg,0,80,910,4861,979,90,90
msg,0,81,916,6571,993,90,90
msg,0,82,922,3922,990,90,90
msg,0,83,912,3823,973,90,90
msg,0,84,920,3795,980,90,90
msg,0,85,978,4178,991,90,90
msg,0,86,918,3808,977,90,90
msg,0,87,918,16075,975,90,90
msg,0,88,914,3940,982,90,90
msg,0,89,914,3661,1033,90,90
msg,0,90,922,3997,979,90,90
msg,0,91,910,3883,975,90,90
msg,0,92,913,16745,987,90,90
msg,0,93,889,4113,980,90,90
msg,0,94,922,3887,967,90,90
msg,0,95,925,4817,1036,90,90
msg,0,96,920,4687,987,90,90
msg,0,97,918,4240,976,90,90
msg,0,98,916,3961,979,90,90
msg,0,99,909,3680,982,90,90
msg,0,100,894,16523,984,90,90
msg,0,101,916,4093,1037,90,90
msg,0,102,921,3892,985,90,90
msg,0,103,916,3772,981,90,90
msg,0,104,911,6415,1035,90,90
msg,0,105,913,9820,976,90,90
msg,0,106,896,5283,1036,90,90
msg,0,107,927,9120,975,90,90
msg,0,108,912,4691,975,90,90
msg,0,109,917,3856,982,90,90
msg,0,110,913,3947,975,90,90
msg,0,111,918,4253,978,90,90
msg,0,112,917,15204,993,90,90
msg,0,113,922,3958,978,90,90
msg,0,114,915,3764,980,90,90
msg,0,115,909,4934,988,90,90
msg,0,116,913,8451,979,90,90
msg,0,117,914,10032,984,90,90
msg,0,118,920,4917,979,90,90
msg,0,119,917,3876,981,90,90
msg,0,120,979,4014,980,90,90
msg,0,121,923,5429,989,90,90
msg,0,122,899,6879,987,90,90
msg,0,123,912,4750,984,90,90
msg,0,124,919,16331,968,90,90
msg,0,125,920,19583,984,90,90
msg,0,126,915,17787,987,90,90
msg,0,127,922,5003,981,90,90
msg,0,128,915,3962,982,90,90
msg,0,129,920,3931,985,90,90
msg,0,130,911,8280,966,90,90
msg,0,131,922,5895,981,90,90
msg,0,132,921,3995,973,90,90
msg,0,133,911,15235,974,90,90
msg,0,134,913,4091,981,90,90
msg,0,135,925,3591,972,90,90
msg,0,136,913,4055,984,90,90
msg,0,137,917,4123,987,90,90
msg,0,138,922,15706,991,90,90
msg,0,139,923,3526,982,90,90
msg,0,140,897,5094,972,90,90
msg,0,141,919,3834,1038,90,90
msg,0,142,1006,5489,985,90,90
msg,0,143,921,7231,977,90,90
msg,0,144,919,3864,983,90,90
msg,0,145,896,16598,1033,90,90
msg,0,146,911,3628,988,90,90
msg,0,147,913,3989,974,90,90
msg,0,148,917,3854,978,90,90
msg,0,149,915,3832,974,90,90
msg,0,150,925,15401,985,90,90
msg,0,151,926,3961,979,90,90
msg,0,152,924,4100,980,90,90
msg,0,153,894,3884,1081,90,90
msg,0,154,890,4347,982,90,90
msg,0,155,913,6095,976,90,90
msg,0,156,920,4753,974,90,90
msg,0,157,915,4790,979,90,90
msg,0,158,916,15365,979,90,90
msg,0,159,925,3939,981,90,90
msg,0,160,923,3555,975,90,90
msg,0,161,921,3818,982,90,90
msg,0,162,919,16405,982,90,90
msg,0,163,921,3980,986,90,90
msg,0,164,915,6823,976,90,90
msg,0,165,915,3909,989,90,90
msg,0,166,913,3855,976,90,90
msg,0,167,922,10730,979,90,90
msg,0,168,915,4479,977,90,90
msg,0,169,1363,17507,981,90,90
msg,0,170,961,4457,987,90,90
msg,0,171,919,3881,983,90,90
msg,0,172,910,4017,976,90,90
msg,0,173,921,20240,1023,90,90
msg,0,174,899,6974,985,90,90
msg,0,175,891,4149,982,90,90
msg,0,176,908,4036,982,90,90
msg,0,177,911,4456,973,90,90
msg,0,178,919,6502,978,90,90
msg,0,179,913,4571,980,90,90
msg,0,180,915,18273,983,90,90
msg,0,181,912,3900,982,90,90
msg,0,182,983,3849,984,90,90
msg,0,183,911,3915,976,90,90
msg,0,184,915,15946,979,90,90
msg,0,185,922,4795,974,90,90
msg,0,186,918,4427,988,90,90
msg,0,187,914,3969,983,90,90
msg,0,188,915,3849,975,90,90
msg,0,189,916,3841,1043,90,90
msg,0,190,916,3958,978,90,90
msg,0,191,925,3931,980,90,90
msg,0,192,921,16077,985,90,90
msg,0,193,918,4276,974,90,90
msg,0,194,915,3879,958,90,90
msg,0,195,920,4174,982,90,90
msg,0,196,925,18032,991,90,90
msg,0,197,915,4075,987,90,90
msg,0,198,921,6394,984,90,90
msg,0,199,920,3916,978,90,90
whole,0,39.301,1795.616,200
1,5.3590,0.0020,4.6720,10.0330,0,0,23,4,0,0,1,1,169356,0.0,0.0,0.0,0.0,0,0,0,0
msg,1,0,1046,19264,990,90,90
msg,1,1,916,4055,982,90,90
msg,1,2,913,4130,969,90,90
msg,1,3,918,3948,981,90,90
msg,1,4,923,3752,979,90,90
msg,1,5,921,16021,969,90,90
msg,1,6,926,8202,987,90,90
msg,1,7,923,4468,983,90,90
msg,1,8,889,5741,981,90,90
msg,1,9,985,3819,990,90,90
msg,1,10,915,3667,985,90,90
msg,1,11,915,4059,981,90,90
msg,1,12,921,15481,977,90,90
msg,1,13,916,3948,981,90,90
msg,1,14,909,3706,975,90,90
msg,1,15,891,3951,977,90,90
msg,1,16,891,4033,978,90,90
msg,1,17,983,15572,978,90,90
msg,1,18,909,4002,987,90,90
msg,1,19,923,4240,972,90,90
msg,1,20,914,3998,979,90,90
msg,1,21,916,3909,974,90,90
msg,1,22,921,3631,979,90,90
msg,1,23,917,4978,990,90,90
msg,1,24,895,3830,981,90,90
msg,1,25,911,15478,979,90,90
msg,1,26,908,4067,980,90,90
msg,1,27,921,4111,980,90,90
msg,1,28,919,4406,969,90,90
msg,1,29,916,17804,976,90,90
msg,1,30,885,4254,989,90,90
msg,1,31,914,6381,987,90,90
msg,1,32,918,4674,983,90,90
msg,1,33,914,3709,978,90,90
msg,1,34,917,3917,978,90,90
msg,1,35,920,4149,983,90,90
msg,1,36,916,3650,977,90,90
msg,1,37,914,16346,1041,90,90
msg,1,38,916,4215,982,90,90
msg,1,39,893,7233,979,90,90
msg,1,40,917,4367,985,90,90
msg,1,41,924,16122,1082,90,90
msg,1,42,894,4206,982,90,90
msg,1,43,921,6842,972,90,90
msg,1,44,917,4304,991,90,90
msg,1,45,925,3973,981,90,90
msg,1,46,918,3828,978,90,90
msg,1,47,918,4025,1035,90,90
msg,1,48,918,3826,980,90,90
msg,1,49,915,18814,978,90,90
msg,1,50,914,5851,980,90,90
msg,1,51,913,4792,984,90,90
msg,1,52,925,20861,978,90,90
msg,1,53,911,4703,990,90,90
msg,1,54,910,4788,983,90,90
msg,1,55,925,4579,983,90,90
msg,1,56,913,4428,981,90,90
msg,1,57,911,3671,978,90,90
msg,1,58,911,3686,981,90,90
msg,1,59,922,3749,978,90,90
msg,1,60,912,17867,975,90,90
msg,1,61,1003,4995,986,90,90
msg,1,62,916,3781,972,90,90
msg,1,63,914,4187,976,90,90
msg,1,64,911,15718,986,90,90
msg,1,65,917,4375,982,90,90
msg,1,66,919,4055,980,90,90
msg,1,67,913,3914,979,90,90
msg,1,68,913,3836,979,90,90
msg,1,69,915,5729,979,90,90
msg,1,70,923,6477,981,90,90
msg,1,71,890,3559,984,90,90
msg,1,72,919,15590,979,90,90
msg,1,73,926,3876,975,90,90
msg,1,74,916,3895,979,90,90
msg,1,75,922,4355,981,90,90
msg,1,76,915,15785,995,90,90
msg,1,77,913,4171,983,90,90
msg,1,78,916,6696,979,90,90
msg,1,79,923,3917,970,90,90
msg,1,80,921,3815,995,90,90
msg,1,81,914,3604,978,90,90
msg,1,82,912,3591,972,90,90
msg,1,83,918,3669,983,90,90
msg,1,84,918,16988,1044,90,90
msg,1,85,919,3915,981,90,90
msg,1,86,914,4589,975,90,90
msg,1,87,924,3918,980,90,90
msg,1,88,986,17887,986,90,90
msg,1,89,922,3990,989,90,90
msg,1,90,919,6491,979,90,90
msg,1,91,916,4073,973,90,90
msg,1,92,919,4823,987,90,90
msg,1,93,889,3874,983,90,90
msg,1,94,915,3999,979,90,90
msg,1,95,890,4021,982,90,90
msg,1,96,890,16087,978,90,90
msg,1,97,915,7415,983,90,90
msg,1,98,916,6519,975,90,90
msg,1,99,914,18612,986,90,90
msg,1,100,916,4170,975,90,90
msg,1,101,921,7614,985,90,90
msg,1,102,915,4192,963,90,90
msg,1,103,919,7326,972,90,90
msg,1,104,914,3757,978,90,90
msg,1,105,915,4149,980,90,90
msg,1,106,922,17932,973,90,90
msg,1,107,919,3916,990,90,90
msg,1,108,919,5372,982,90,90
msg,1,109,899,5648,980,90,90
msg,1,110,915,17397,977,90,90
msg,1,111,913,5845,982,90,90
msg,1,112,911,7678,980,90,90
msg,1,113,921,3854,984,90,90
msg,1,114,987,4444,986,90,90
msg,1,115,923,4014,977,90,90
msg,1,116,920,5343,977,90,90
msg,1,117,991,15695,988,90,90
msg,1,118,920,6226,979,90,90
msg,1,119,887,6646,989,90,90
msg,1,120,915,19608,992,90,90
msg,1,121,918,4301,990,90,90
msg,1,122,922,5556,979,90,90
msg,1,123,911,3869,985,90,90
msg,1,124,916,3847,978,90,90
msg,1,125,916,4517,980,90,90
msg,1,126,911,3839,980,90,90
msg,1,127,917,3844,1050,90,90
msg,1,128,915,16828,977,90,90
msg,1,129,986,3742,983,90,90
msg,1,130,921,3775,979,90,90
msg,1,131,908,4198,985,90,90
msg,1,132,919,3820,988,90,90
msg,1,133,917,15037,1045,90,90
msg,1,134,916,4080,980,90,90
msg,1,135,920,4009,992,90,90
msg,1,136,912,4445,976,90,90
msg,1,137,919,5184,978,90,90
msg,1,138,917,4880,976,90,90
msg,1,139,917,6494,969,90,90
msg,1,140,917,19753,983,90,90
msg,1,141,893,8915,980,90,90
msg,1,142,893,8241,985,90,90
msg,1,143,911,16130,979,90,90
msg,1,144,911,4358,982,90,90
msg,1,145,919,5448,981,90,90
msg,1,146,912,6758,983,90,90
msg,1,147,916,4904,975,90,90
msg,1,148,912,6231,977,90,90
msg,1,149,919,5560,978,90,90
msg,1,150,913,16534,982,90,90
msg,1,151,911,7960,983,90,90
msg,1,152,914,4757,979,90,90
msg,1,153,914,17219,981,90,90
msg,1,154,916,4216,968,90,90
msg,1,155,920,5074,979,90,90
msg,1,156,911,4464,988,90,90
msg,1,157,925,3857,985,90,90
msg,1,158,925,3926,981,90,90
msg,1,159,916,6137,980,90,90
msg,1,160,895,4075,962,90,90
msg,1,161,923,14500,993,90,90
msg,1,162,927,7616,981,90,90
msg,1,163,917,3893,985,90,90
msg,1,164,917,4275,983,90,90
msg,1,165,914,28826,979,90,90
msg,1,166,967,4047,983,90,90
msg,1,167,924,4662,982,90,90
msg,1,168,923,4171,983,90,90
msg,1,169,919,5503,980,90,90
msg,1,170,909,3841,977,90,90
msg,1,171,923,17018,983,90,90
msg,1,172,922,4378,975,90,90
msg,1,173,915,3845,982,90,90
msg,1,174,913,3858,982,90,90
msg,1,175,919,6401,970,90,90
msg,1,176,925,10288,979,90,90
msg,1,177,922,4193,985,90,90
msg,1,178,921,4342,974,90,90
msg,1,179,921,4996,969,90,90
msg,1,180,918,4970,974,90,90
msg,1,181,919,3804,980,90,90
msg,1,182,917,4360,983,90,90
msg,1,183,909,3938,980,90,90
msg,1,184,916,16776,985,90,90
msg,1,185,918,3925,1084,90,90
msg,1,186,923,3769,978,90,90
msg,1,187,914,4651,979,90,90
msg,1,188,910,18338,989,90,90
msg,1,189,915,4305,982,90,90
msg,1,190,915,6096,983,90,90
msg,1,191,983,4040,974,90,90
msg,1,192,916,3924,975,90,90
msg,1,193,919,4023,982,90,90
msg,1,194,921,4097,974,90,90
msg,1,195,924,3868,982,90,90
msg,1,196,918,16804,977,90,90
msg,1,197,912,4399,986,90,90
msg,1,198,915,4673,981,90,90
msg,1,199,909,4685,970,90,90
whole,1,37.419,1802.535,200
2,9.4170,0.0020,5.1720,14.5910,0,0,23,4,0,0,1,1,169356,0.0,0.0,0.0,0.0,0,0,0,0
msg,2,0,1045,5211,980,90,90
msg,2,1,924,4374,978,90,90
msg,2,2,917,4289,977,90,90
msg,2,3,920,16737,986,90,90
msg,2,4,910,4109,984,90,90
msg,2,5,911,3857,983,90,90
msg,2,6,915,3907,979,90,90
msg,2,7,920,3792,1033,90,90
msg,2,8,921,12301,985,90,90
msg,2,9,909,5106,987,90,90
msg,2,10,893,7894,985,90,90
msg,2,11,911,4852,981,90,90
msg,2,12,919,4565,988,90,90
msg,2,13,914,3812,978,90,90
msg,2,14,909,3946,987,90,90
msg,2,15,916,4539,991,90,90
msg,2,16,902,12784,987,90,90
msg,2,17,987,3896,989,90,90
msg,2,18,923,3976,982,90,90
msg,2,19,893,3862,984,90,90
msg,2,20,915,3866,979,90,90
msg,2,21,917,15263,971,90,90
msg,2,22,975,3628,984,90,90
msg,2,23,919,3903,979,90,90
msg,2,24,913,6156,985,90,90
msg,2,25,980,5537,986,90,90
msg,2,26,909,5020,991,90,90
msg,2,27,921,3883,981,90,90
msg,2,28,914,3885,983,90,90
msg,2,29,922,14642,986,90,90
msg,2,30,917,3839,984,90,90
msg,2,31,914,3845,974,90,90
msg,2,32,924,4083,979,90,90
msg,2,33,917,16082,989,90,90
msg,2,34,982,4707,985,90,90
msg,2,35,912,8404,987,90,90
msg,2,36,890,4779,977,90,90
msg,2,37,920,4898,983,90,90
msg,2,38,911,3759,977,90,90
msg,2,39,909,4074,979,90,90
msg,2,40,916,18376,983,90,90
msg,2,41,917,3980,979,90,90
msg,2,42,924,3888,970,90,90
msg,2,43,918,4079,978,90,90
msg,2,44,924,3910,973,90,90
msg,2,45,923,15024,983,90,90
msg,2,46,920,4136,983,90,90
msg,2,47,919,5020,977,90,90
msg,2,48,922,5649,979,90,90
msg,2,49,913,5643,967,90,90
msg,2,50,918,3843,981,90,90
msg,2,51,892,4664,980,90,90
msg,2,52,911,17474,984,90,90
msg,2,53,918,4354,977,90,90
msg,2,54,923,3850,986,90,90
msg,2,55,912,3848,982,90,90
msg,2,56,923,3819,983,90,90
msg,2,57,919,12501,979,90,90
msg,2,58,891,21500,986,90,90
msg,2,59,921,11699,983,90,90
msg,2,60,918,4446,977,90,90
msg,2,61,915,17623,979,90,90
msg,2,62,919,4164,979,90,90
msg,2,63,915,4282,1027,90,90
msg,2,64,915,3984,980,90,90
msg,2,65,920,18314,981,90,90
msg,2,66,924,4026,981,90,90
msg,2,67,926,7107,986,90,90
msg,2,68,916,7441,972,90,90
msg,2,69,918,6431,1007,90,90
msg,2,70,896,7073,981,90,90
msg,2,71,909,18690,990,90,90
msg,2,72,912,4526,977,90,90
msg,2,73,923,4021,986,90,90
msg,2,74,912,4039,981,90,90
msg,2,75,924,17957,984,90,90
msg,2,76,913,3952,985,90,90
msg,2,77,912,5631,981,90,90
msg,2,78,917,6117,990,90,90
msg,2,79,910,3705,980,90,90
msg,2,80,917,4263,984,90,90
msg,2,81,919,4176,980,90,90
msg,2,82,977,4562,984,90,90
msg,2,83,919,18630,981,90,90
msg,2,84,916,5135,984,90,90
msg,2,85,919,4233,983,90,90
msg,2,86,916,3868,986,90,90
msg,2,87,923,15381,985,90,90
msg,2,88,918,5813,981,90,90
msg,2,89,914,9874,972,90,90
msg,2,90,919,4089,1042,90,90
msg,2,91,921,4707,971,90,90
msg,2,92,920,5062,978,90,90
msg,2,93,923,4535,1066,90,90
msg,2,94,890,12645,991,90,90
msg,2,95,924,4504,981,90,90
msg,2,96,918,4411,984,90,90
msg,2,97,1362,4342,981,90,90
msg,2,98,923,16551,980,90,90
msg,2,99,910,4081,978,90,90
msg,2,100,924,7028,1045,90,90
msg,2,101,919,4347,982,90,90
msg,2,102,891,3850,985,90,90
msg,2,103,916,3894,984,90,90
msg,2,104,919,5046,977,90,90
msg,2,105,912,3947,982,90,90
msg,2,106,896,19912,988,90,90
msg,2,107,917,3771,983,90,90
msg,2,108,915,4204,978,90,90
msg,2,109,897,20686,984,90,90
msg,2,110,919,4694,986,90,90
msg,2,111,906,7053,985,90,90
msg,2,112,912,7802,980,90,90
msg,2,113,911,9392,978,90,90
msg,2,114,887,4504,976,90,90
msg,2,115,916,16733,1032,90,90
msg,2,116,915,4700,969,90,90
msg,2,117,923,3820,969,90,90
msg,2,118,899,3954,976,90,90
msg,2,119,977,17278,987,90,90
msg,2,120,926,3971,982,90,90
msg,2,121,919,6087,981,90,90
msg,2,122,923,3878,1366,90,90
msg,2,123,951,7194,980,90,90
msg,2,124,915,5462,989,90,90
msg,2,125,917,4081,979,90,90
msg,2,126,888,18078,961,90,90
msg,2,127,917,4064,976,90,90
msg,2,128,916,3694,980,90,90
msg,2,129,891,3897,1047,90,90
msg,2,130,918,4185,982,90,90
msg,2,131,921,14724,976,90,90
msg,2,132,920,3439,976,90,90
msg,2,133,1050,5790,986,90,90
msg,2,134,927,5258,979,90,90
msg,2,135,891,9178,971,90,90
msg,2,136,924,5496,986,90,90
msg,2,137,920,19840,980,90,90
msg,2,138,925,5449,972,90,90
msg,2,139,917,5621,1044,90,90
msg,2,140,913,3981,984,90,90
msg,2,141,891,17638,984,90,90
msg,2,142,920,4335,975,90,90
msg,2,143,919,4801,981,90,90
msg,2,144,952,4326,979,90,90
msg,2,145,916,5931,976,90,90
msg,2,146,914,6309,988,90,90
msg,2,147,916,22716,979,90,90
msg,2,148,917,3955,981,90,90
msg,2,149,917,4412,978,90,90
msg,2,150,913,3886,971,90,90
msg,2,151,888,3981,987,90,90
msg,2,152,919,14941,978,90,90
msg,2,153,981,3863,974,90,90
msg,2,154,918,4072,973,90,90
msg,2,155,921,3880,971,90,90
msg,2,156,918,5046,974,90,90
msg,2,157,921,8429,981,90,90
msg,2,158,923,6755,983,90,90
msg,2,159,922,17214,980,90,90
msg,2,160,922,3841,980,90,90
msg,2,161,915,3828,980,90,90
msg,2,162,907,4213,970,90,90
msg,2,163,915,17194,977,90,90
msg,2,164,923,4724,978,90,90
msg,2,165,891,4656,981,90,90
msg,2,166,917,4032,973,90,90
msg,2,167,916,3890,979,90,90
msg,2,168,917,3897,979,90,90
msg,2,169,917,3941,982,90,90
msg,2,170,916,3829,977,90,90
msg,2,171,921,16324,984,90,90
msg,2,172,894,5070,976,90,90
msg,2,173,977,4376,981,90,90
msg,2,174,916,3775,981,90,90
msg,2,175,914,17609,976,90,90
msg,2,176,919,3946,975,90,90
msg,2,177,916,5600,990,90,90
msg,2,178,916,3973,984,90,90
msg,2,179,923,3869,977,90,90
msg,2,180,910,4816,984,90,90
msg,2,181,919,5634,984,90,90
msg,2,182,912,5807,975,90,90
msg,2,183,980,18016,983,90,90
msg,2,184,974,3910,981,90,90
msg,2,185,920,4673,971,90,90
msg,2,186,921,3907,975,90,90
msg,2,187,926,14817,966,90,90
msg,2,188,913,3999,972,90,90
msg,2,189,922,4224,974,90,90
msg,2,190,918,3855,983,90,90
msg,2,191,923,3840,984,90,90
msg,2,192,1032,4058,984,90,90
msg,2,193,912,4964,987,90,90
msg,2,194,920,5634,1036,90,90
msg,2,195,918,18600,974,90,90
msg,2,196,888,5967,976,90,90
msg,2,197,889,3767,988,90,90
msg,2,198,916,4063,982,90,90
msg,2,199,889,14695,985,90,90
whole,2,27.476,1841.210,200
#stack 2360
#end
#block pipeline plain lorawan11_256 down
#aead AES-256-CTR+2xCMAC (LoRaWAN 1.1 frame, 256-bit keys) (BearSSL (arduino-pico)), downlink, 51 B payload + 13 B overhead
#lib none (plain MQTT)
iter,tcp_ms,tls_ms,mqtt_ms,total_ms,hs_tx_B,hs_rx_B,mqtt_tx_B,mqtt_rx_B,hs_writes,hs_reads,writes,reads,free_heap_B,hs_keygen_us,hs_derive_us,hs_verify_us,hs_sign_us,hs_keygen_n,hs_derive_n,hs_verify_n,hs_sign_n
msg,iter,idx,seal_us,rtt_us,open_us,tx_B,rx_B
whole,iter,first_ms,all_ms,msgs
0,17.3840,0.0020,7.9640,25.3500,0,0,23,4,0,0,1,1,169356,0.0,0.0,0.0,0.0,0,0,0,0
msg,0,0,689,3699,607,90,90
msg,0,1,571,3912,609,90,90
msg,0,2,539,16044,639,90,90
msg,0,3,557,3834,629,90,90
msg,0,4,624,5508,619,90,90
msg,0,5,559,3941,614,90,90
msg,0,6,563,3898,620,90,90
msg,0,7,537,3834,626,90,90
msg,0,8,532,3443,608,90,90
msg,0,9,533,4102,631,90,90
msg,0,10,558,3896,607,90,90
msg,0,11,558,15743,610,90,90
msg,0,12,563,7518,622,90,90
msg,0,13,561,3735,609,90,90
msg,0,14,563,4537,610,90,90
msg,0,15,563,17309,630,90,90
msg,0,16,559,4373,623,90,90
msg,0,17,606,3422,612,90,90
msg,0,18,538,5016,624,90,90
msg,0,19,537,3844,625,90,90
msg,0,20,555,3846,618,90,90
msg,0,21,563,4096,621,90,90
msg,0,22,533,4011,629,90,90
msg,0,23,555,4647,633,90,90
msg,0,24,558,3805,623,90,90
msg,0,25,564,16829,608,90,90
msg,0,26,565,4766,610,90,90
msg,0,27,533,4253,631,90,90
msg,0,28,563,3955,607,90,90
msg,0,29,568,16570,618,90,90
msg,0,30,563,6124,623,90,90
msg,0,31,534,5298,609,90,90
msg,0,32,557,4010,629,90,90
msg,0,33,535,3547,683,90,90
msg,0,34,544,3744,628,90,90
msg,0,35,543,3852,632,90,90
msg,0,36,564,3987,610,90,90
msg,0,37,560,3716,611,90,90
msg,0,38,561,17369,653,90,90
msg,0,39,567,4528,630,90,90
msg,0,40,564,6265,632,90,90
msg,0,41,536,23698,636,90,90
msg,0,42,535,6785,632,90,90
msg,0,43,532,5624,623,90,90
msg,0,44,541,4365,610,90,90
msg,0,45,532,3900,627,90,90
msg,0,46,539,3953,629,90,90
msg,0,47,565,3963,610,90,90
msg,0,48,562,3760,668,90,90
msg,0,49,533,3880,627,90,90
msg,0,50,536,15224,609,90,90
msg,0,51,561,4356,624,90,90
msg,0,52,569,7423,630,90,90
msg,0,53,538,5554,633,90,90
msg,0,54,540,15947,623,90,90
msg,0,55,564,3736,621,90,90
msg,0,56,558,3716,623,90,90
msg,0,57,564,3936,609,90,90
msg,0,58,560,4984,628,90,90
msg,0,59,535,4090,622,90,90
msg,0,60,558,3959,605,90,90
msg,0,61,567,3650,602,90,90
msg,0,62,571,3867,605,90,90
msg,0,63,543,3955,626,90,90
msg,0,64,565,17255,607,90,90
msg,0,65,536,5943,632,90,90
msg,0,66,542,3957,709,90,90
msg,0,67,565,3631,625,90,90
msg,0,68,560,17321,625,90,90
msg,0,69,530,5280,613,90,90
msg,0,70,536,6697,613,90,90
msg,0,71,536,3845,622,90,90
msg,0,72,540,3946,691,90,90
msg,0,73,564,4008,609,90,90
msg,0,74,576,3831,607,90,90
msg,0,75,535,4851,623,90,90
msg,0,76,532,4409,613,90,90
msg,0,77,538,16660,609,90,90
msg,0,78,539,4115,623,90,90
msg,0,79,563,4008,609,90,90
msg,0,80,561,3627,602,90,90
msg,0,81,557,18850,612,90,90
msg,0,82,533,3673,611,90,90
msg,0,83,536,7050,638,90,90
msg,0,84,620,3970,607,90,90
msg,0,85,559,4865,606,90,90
msg,0,86,535,3676,606,90,90
msg,0,87,537,3929,624,90,90
msg,0,88,533,5582,626,90,90
msg,0,89,530,3817,628,90,90
msg,0,90,536,17825,626,90,90
msg,0,91,557,3860,625,90,90
msg,0,92,559,3930,610,90,90
msg,0,93,532,3986,626,90,90
msg,0,94,534,4058,626,90,90
msg,0,95,561,15244,623,90,90
msg,0,96,532,3930,625,90,90
msg,0,97,556,5969,613,90,90
msg,0,98,569,6563,605,90,90
msg,0,99,561,7986,684,90,90
msg,0,100,531,4689,625,90,90
msg,0,101,536,3950,623,90,90
msg,0,102,563,4064,603,90,90
msg,0,103,573,16676,616,90,90
msg,0,104,572,3767,685,90,90
msg,0,105,544,3775,627,90,90
msg,0,106,532,4078,627,90,90
msg,0,107,565,3515,621,90,90
msg,0,108,557,16242,603,90,90
msg,0,109,544,5615,667,90,90
msg,0,110,533,7125,627,90,90
msg,0,111,565,4234,628,90,90
msg,0,112,539,5513,605,90,90
msg,0,113,535,3920,621,90,90
msg,0,114,532,3916,630,90,90
msg,0,115,569,3565,626,90,90
msg,0,116,560,15903,617,90,90
msg,0,117,573,3823,608,90,90
msg,0,118,667,3681,611,90,90
msg,0,119,544,3597,613,90,90
msg,0,120,532,3525,610,90,90
msg,0,121,567,17405,628,90,90
msg,0,122,565,8167,606,90,90
msg,0,123,533,4969,623,90,90
msg,0,124,536,3665,626,90,90
msg,0,125,540,3735,624,90,90
msg,0,126,558,3811,624,90,90
msg,0,127,557,4010,604,90,90
msg,0,128,540,3980,632,90,90
msg,0,129,534,3806,626,90,90
msg,0,130,564,15163,608,90,90
msg,0,131,545,3775,628,90,90
msg,0,132,547,3585,605,90,90
msg,0,133,537,3751,626,90,90
msg,0,134,540,3714,629,90,90
msg,0,135,529,7822,627,90,90
msg,0,136,535,10732,636,90,90
msg,0,137,556,6129,613,90,90
msg,0,138,570,6044,623,90,90
msg,0,139,541,6281,611,90,90
msg,0,140,572,4229,627,90,90
msg,0,141,552,3753,626,90,90
msg,0,142,559,3889,610,90,90
msg,0,143,565,3776,609,90,90
msg,0,144,537,15896,633,90,90
msg,0,145,546,3727,633,90,90
msg,0,146,537,3860,623,90,90
msg,0,147,556,3937,606,90,90
msg,0,148,567,3906,607,90,90
msg,0,149,605,16436,608,90,90
msg,0,150,573,7193,631,90,90
msg,0,151,554,8401,625,90,90
msg,0,152,542,3863,630,90,90
msg,0,153,533,3962,625,90,90
msg,0,154,559,3824,607,90,90
msg,0,155,563,3476,620,90,90
msg,0,156,557,5033,610,90,90
msg,0,157,537,17067,640,90,90
msg,0,158,553,3743,635,90,90
msg,0,159,558,3899,614,90,90
msg,0,160,566,3869,605,90,90
msg,0,161,533,3626,606,90,90
msg,0,162,537,7443,611,90,90
msg,0,163,561,11877,614,90,90
msg,0,164,537,4025,622,90,90
msg,0,165,529,4489,624,90,90
msg,0,166,536,3684,687,90,90
msg,0,167,541,3701,631,90,90
msg,0,168,538,3500,622,90,90
msg,0,169,541,7076,625,90,90
msg,0,170,1007,5331,627,90,90
msg,0,171,574,16575,623,90,90
msg,0,172,560,3797,607,90,90
msg,0,173,562,3794,607,90,90
msg,0,174,538,4058,624,90,90
msg,0,175,531,4156,612,90,90
msg,0,176,561,15991,626,90,90
msg,0,177,537,4089,629,90,90
msg,0,178,559,3690,620,90,90
msg,0,179,565,4998,609,90,90
msg,0,180,538,6914,629,90,90
msg,0,181,526,5786,635,90,90
msg,0,182,531,6685,630,90,90
msg,0,183,541,4862,625,90,90
msg,0,184,564,15902,621,90,90
msg,0,185,569,3887,609,90,90
msg,0,186,543,4726,633,90,90
msg,0,187,538,8999,622,90,90
msg,0,188,562,18515,619,90,90
msg,0,189,537,4910,623,90,90
msg,0,190,562,5288,678,90,90
msg,0,191,532,3945,629,90,90
msg,0,192,562,3904,613,90,90
msg,0,193,567,4725,612,90,90
msg,0,194,560,4086,628,90,90
msg,0,195,537,4195,610,90,90
msg,0,196,558,4241,629,90,90
msg,0,197,563,16639,625,90,90
msg,0,198,569,4083,606,90,90
msg,0,199,569,4153,628,90,90
whole,0,37.197,1568.525,200
1,17.4990,0.0020,4.4780,21.9790,0,0,23,4,0,0,1,1,169356,0.0,0.0,0.0,0.0,0,0,0,0
msg,1,0,690,4017,619,90,90
msg,1,1,537,3832,624,90,90
msg,1,2,547,4132,630,90,90
msg,1,3,561,3692,624,90,90
msg,1,4,564,3920,603,90,90
msg,1,5,559,3841,601,90,90
msg,1,6,612,3760,625,90,90
msg,1,7,533,16109,627,90,90
msg,1,8,562,7293,630,90,90
msg,1,9,562,4172,610,90,90
msg,1,10,530,3611,611,90,90
msg,1,11,552,17794,613,90,90
msg,1,12,542,4321,618,90,90
msg,1,13,568,6476,625,90,90
msg,1,14,562,5109,618,90,90
msg,1,15,543,6318,626,90,90
msg,1,16,562,5091,612,90,90
msg,1,17,544,4360,605,90,90
msg,1,18,560,4592,622,90,90
msg,1,19,568,16502,630,90,90
msg,1,20,556,5390,683,90,90
msg,1,21,570,3997,609,90,90
msg,1,22,564,4206,624,90,90
msg,1,23,536,19279,608,90,90
msg,1,24,570,4288,630,90,90
msg,1,25,556,7506,617,90,90
msg,1,26,563,4126,609,90,90
msg,1,27,568,4758,613,90,90
msg,1,28,531,5569,618,90,90
msg,1,29,568,5920,631,90,90
msg,1,30,538,5148,624,90,90
msg,1,31,632,15731,607,90,90
msg,1,32,567,5979,629,90,90
msg,1,33,540,4991,620,90,90
msg,1,34,553,3738,626,90,90
msg,1,35,573,19169,609,90,90
msg,1,36,537,4764,621,90,90
msg,1,37,547,7064,620,90,90
msg,1,38,687,3568,624,90,90
msg,1,39,563,3859,609,90,90
msg,1,40,570,10701,611,90,90
msg,1,41,533,5387,620,90,90
msg,1,42,570,17991,609,90,90
msg,1,43,540,3634,608,90,90
msg,1,44,539,6361,619,90,90
msg,1,45,564,3730,604,90,90
msg,1,46,567,19566,619,90,90
msg,1,47,567,3887,614,90,90
msg,1,48,559,3534,604,90,90
msg,1,49,557,4319,620,90,90
msg,1,50,564,3903,623,90,90
msg,1,51,562,6096,630,90,90
msg,1,52,539,6167,623,90,90
msg,1,53,568,3989,609,90,90
msg,1,54,538,3669,617,90,90
msg,1,55,545,16006,665,90,90
msg,1,56,564,3835,625,90,90
msg,1,57,565,4039,618,90,90
msg,1,58,544,4089,625,90,90
msg,1,59,559,3819,628,90,90
msg,1,60,561,6808,611,90,90
msg,1,61,562,10512,623,90,90
msg,1,62,566,4642,628,90,90
msg,1,63,567,4937,611,90,90
msg,1,64,555,3921,627,90,90
msg,1,65,540,4674,630,90,90
msg,1,66,533,4742,619,90,90
msg,1,67,538,3890,629,90,90
msg,1,68,557,4037,610,90,90
msg,1,69,574,19325,621,90,90
msg,1,70,563,3971,604,90,90
msg,1,71,570,3755,610,90,90
msg,1,72,531,3644,606,90,90
msg,1,73,535,3976,626,90,90
msg,1,74,537,16439,608,90,90
msg,1,75,536,4033,631,90,90
msg,1,76,566,6833,620,90,90
msg,1,77,560,3661,684,90,90
msg,1,78,562,3962,609,90,90
msg,1,79,532,3622,607,90,90
msg,1,80,562,7172,623,90,90
msg,1,81,562,4842,629,90,90
msg,1,82,561,18956,610,90,90
msg,1,83,540,4008,632,90,90
msg,1,84,532,3461,607,90,90
msg,1,85,537,3890,623,90,90
msg,1,86,533,4112,614,90,90
msg,1,87,559,16274,628,90,90
msg,1,88,561,3912,613,90,90
msg,1,89,568,3830,609,90,90
msg,1,90,563,4407,639,90,90
msg,1,91,571,3822,609,90,90
msg,1,92,551,3841,610,90,90
msg,1,93,538,4496,609,90,90
msg,1,94,555,5704,608,90,90
msg,1,95,562,5491,618,90,90
msg,1,96,564,15910,616,90,90
msg,1,97,535,4491,609,90,90
msg,1,98,557,3918,611,90,90
msg,1,99,541,3781,618,90,90
msg,1,100,534,3990,626,90,90
msg,1,101,568,16216,610,90,90
msg,1,102,544,3792,634,90,90
msg,1,103,533,7701,627,90,90
msg,1,104,543,3761,624,90,90
msg,1,105,539,3818,628,90,90
msg,1,106,561,5796,625,90,90
msg,1,107,566,5083,611,90,90
msg,1,108,543,4493,613,90,90
msg,1,109,563,17960,623,90,90
msg,1,110,546,4105,621,90,90
msg,1,111,567,4493,632,90,90
msg,1,112,566,3964,615,90,90
msg,1,113,561,3691,605,90,90
msg,1,114,563,18709,609,90,90
msg,1,115,561,3935,627,90,90
msg,1,116,544,5292,614,90,90
msg,1,117,557,3713,607,90,90
msg,1,118,567,4221,630,90,90
msg,1,119,560,3615,625,90,90
msg,1,120,681,3810,619,90,90
msg,1,121,561,3913,613,90,90
msg,1,122,530,3870,630,90,90
msg,1,123,532,15995,632,90,90
msg,1,124,557,4187,607,90,90
msg,1,125,533,3661,603,90,90
msg,1,126,537,3646,610,90,90
msg,1,127,543,4111,629,90,90
msg,1,128,554,16230,604,90,90
msg,1,129,550,4139,620,90,90
msg,1,130,563,8322,623,90,90
msg,1,131,537,3718,632,90,90
msg,1,132,534,3828,628,90,90
msg,1,133,560,3701,629,90,90
msg,1,134,560,3713,628,90,90
msg,1,135,559,3872,613,90,90
msg,1,136,563,4181,631,90,90
msg,1,137,535,15982,626,90,90
msg,1,138,562,4742,611,90,90
msg,1,139,567,5697,609,90,90
msg,1,140,568,6175,623,90,90
msg,1,141,532,16851,625,90,90
msg,1,142,558,3848,621,90,90
msg,1,143,564,3548,616,90,90
msg,1,144,563,4200,627,90,90
msg,1,145,534,4326,611,90,90
msg,1,146,570,4658,613,90,90
msg,1,147,563,3768,607,90,90
msg,1,148,548,3698,606,90,90
msg,1,149,530,3981,627,90,90
msg,1,150,539,4174,612,90,90
msg,1,151,557,17766,610,90,90
msg,1,152,550,5994,624,90,90
msg,1,153,534,3957,623,90,90
msg,1,154,559,3831,620,90,90
msg,1,155,562,15709,608,90,90
msg,1,156,565,4071,643,90,90
msg,1,157,535,6333,607,90,90
msg,1,158,573,3568,611,90,90
msg,1,159,565,4508,622,90,90
msg,1,160,677,3523,619,90,90
msg,1,161,568,4107,623,90,90
msg,1,162,533,5505,605,90,90
msg,1,163,532,3672,618,90,90
msg,1,164,534,15889,627,90,90
msg,1,165,540,4828,623,90,90
msg,1,166,534,4839,622,90,90
msg,1,167,564,4036,610,90,90
msg,1,168,571,3638,608,90,90
msg,1,169,570,17070,630,90,90
msg,1,170,545,3969,624,90,90
msg,1,171,565,6509,617,90,90
msg,1,172,557,3738,620,90,90
msg,1,173,568,3747,630,90,90
msg,1,174,559,4193,625,90,90
msg,1,175,534,3839,623,90,90
msg,1,176,558,3706,686,90,90
msg,1,177,570,3944,614,90,90
msg,1,178,566,15323,637,90,90
msg,1,179,559,5183,606,90,90
msg,1,180,544,7796,628,90,90
msg,1,181,543,3796,626,90,90
msg,1,182,536,16253,659,90,90
msg,1,183,541,4689,605,90,90
msg,1,184,535,6160,627,90,90
msg,1,185,561,3803,622,90,90
msg,1,186,679,3829,610,90,90
msg,1,187,533,4674,610,90,90
msg,1,188,536,3504,611,90,90
msg,1,189,563,3514,680,90,90
msg,1,190,561,3836,602,90,90
msg,1,191,564,17789,613,90,90
msg,1,192,539,4914,624,90,90
msg,1,193,531,9369,616,90,90
msg,1,194,538,4146,615,90,90
msg,1,195,557,14257,613,90,90
msg,1,196,535,3992,629,90,90
msg,1,197,625,3941,611,90,90
msg,1,198,558,3906,607,90,90
msg,1,199,545,3756,630,90,90
whole,1,33.443,1575.293,200
2,4.4620,0.0020,4.5040,8.9680,0,0,23,4,0,0,1,1,169356,0.0,0.0,0.0,0.0,0,0,0,0
msg,2,0,683,3578,616,90,90
msg,2,1,540,16567,611,90,90
msg,2,2,566,4179,627,90,90
msg,2,3,548,3681,625,90,90
msg,2,4,561,3834,627,90,90
msg,2,5,554,4086,607,90,90
msg,2,6,544,6856,626,90,90
msg,2,7,541,10515,609,90,90
msg,2,8,534,5230,624,90,90
msg,2,9,554,5437,637,90,90
msg,2,10,561,3853,620,90,90
msg,2,11,556,3884,608,90,90
msg,2,12,566,4113,623,90,90
msg,2,13,532,4162,613,90,90
msg,2,14,570,7223,623,90,90
msg,2,15,558,16263,613,90,90
msg,2,16,541,3914,630,90,90
msg,2,17,533,3462,611,90,90
msg,2,18,604,5705,625,90,90
msg,2,19,531,6076,622,90,90
msg,2,20,554,16351,630,90,90
msg,2,21,531,3933,623,90,90
msg,2,22,563,5875,621,90,90
msg,2,23,563,3932,612,90,90
msg,2,24,536,3742,626,90,90
msg,2,25,541,4762,683,90,90
msg,2,26,541,3876,626,90,90
msg,2,27,572,3847,610,90,90
msg,2,28,572,3652,605,90,90
msg,2,29,558,19340,626,90,90
msg,2,30,561,4498,626,90,90
msg,2,31,538,6479,684,90,90
msg,2,32,537,18573,677,90,90
msg,2,33,537,4041,627,90,90
msg,2,34,561,6724,632,90,90
msg,2,35,566,4456,623,90,90
msg,2,36,561,4191,611,90,90
msg,2,37,538,6181,627,90,90
msg,2,38,564,4523,629,90,90
msg,2,39,533,6432,613,90,90
msg,2,40,534,16623,609,90,90
msg,2,41,541,5608,608,90,90
msg,2,42,533,5563,610,90,90
msg,2,43,559,4298,628,90,90
msg,2,44,563,17835,627,90,90
msg,2,45,555,4192,621,90,90
msg,2,46,540,5197,612,90,90
msg,2,47,566,3858,610,90,90
msg,2,48,530,3912,624,90,90
msg,2,49,537,4310,606,90,90
msg,2,50,556,4336,625,90,90
msg,2,51,557,5225,624,90,90
msg,2,52,533,4653,625,90,90
msg,2,53,542,15266,606,90,90
msg,2,54,562,4426,627,90,90
msg,2,55,570,4011,608,90,90
msg,2,56,567,4218,620,90,90
msg,2,57,559,5332,621,90,90
msg,2,58,541,16595,611,90,90
msg,2,59,542,5054,634,90,90
msg,2,60,567,5041,611,90,90
msg,2,61,561,5893,611,90,90
msg,2,62,541,6668,609,90,90
msg,2,63,542,7709,628,90,90
msg,2,64,547,5712,618,90,90
msg,2,65,540,15507,604,90,90
msg,2,66,537,4541,613,90,90
msg,2,67,564,4184,623,90,90
msg,2,68,566,4813,622,90,90
msg,2,69,555,4226,623,90,90
msg,2,70,534,16783,712,90,90
msg,2,71,569,4066,606,90,90
msg,2,72,565,5376,629,90,90
msg,2,73,557,3869,609,90,90
msg,2,74,568,3866,608,90,90
msg,2,75,538,5677,610,90,90
msg,2,76,536,3857,622,90,90
msg,2,77,542,4395,616,90,90
msg,2,78,559,4512,613,90,90
msg,2,79,563,17025,628,90,90
msg,2,80,543,4156,623,90,90
msg,2,81,551,3654,627,90,90
msg,2,82,556,5351,631,90,90
msg,2,83,539,16579,709,90,90
msg,2,84,549,3793,633,90,90
msg,2,85,556,6341,623,90,90
msg,2,86,536,4126,623,90,90
msg,2,87,569,4231,627,90,90
msg,2,88,539,5960,624,90,90
msg,2,89,564,3774,616,90,90
msg,2,90,565,4178,628,90,90
msg,2,91,545,3984,622,90,90
msg,2,92,554,17882,609,90,90
msg,2,93,565,3589,627,90,90
msg,2,94,564,5443,629,90,90
msg,2,95,556,22694,631,90,90
msg,2,96,556,3673,624,90,90
msg,2,97,557,6608,627,90,90
msg,2,98,563,4821,604,90,90
msg,2,99,568,4461,620,90,90
msg,2,100,555,4503,633,90,90
msg,2,101,556,4366,626,90,90
msg,2,102,537,4233,623,90,90
msg,2,103,559,3924,608,90,90
msg,2,104,537,17755,610,90,90
msg,2,105,545,3917,628,90,90
msg,2,106,538,3860,628,90,90
msg,2,107,619,6250,619,90,90
msg,2,108,536,16448,611,90,90
msg,2,109,542,3874,623,90,90
msg,2,110,538,8416,670,90,90
msg,2,111,539,3729,603,90,90
msg,2,112,544,3629,620,90,90
msg,2,113,546,3660,613,90,90
msg,2,114,539,3752,625,90,90
msg,2,115,533,4050,626,90,90
msg,2,116,566,4303,625,90,90
msg,2,117,539,15474,609,90,90
msg,2,118,605,4290,622,90,90
msg,2,119,570,4000,617,90,90
msg,2,120,533,7841,629,90,90
msg,2,121,603,17276,614,90,90
msg,2,122,573,5816,610,90,90
msg,2,123,535,6109,625,90,90
msg,2,124,566,3984,606,90,90
msg,2,125,568,3883,602,90,90
msg,2,126,532,4024,621,90,90
msg,2,127,556,4260,608,90,90
msg,2,128,539,3953,629,90,90
msg,2,129,533,4044,618,90,90
msg,2,130,562,15228,621,90,90
msg,2,131,540,3650,633,90,90
msg,2,132,536,3758,633,90,90
msg,2,133,541,6348,612,90,90
msg,2,134,532,3919,629,90,90
msg,2,135,541,18490,628,90,90
msg,2,136,539,9432,617,90,90
msg,2,137,560,4601,612,90,90
msg,2,138,564,3787,606,90,90
msg,2,139,533,3718,607,90,90
msg,2,140,536,3809,626,90,90
msg,2,141,538,3738,622,90,90
msg,2,142,540,4170,607,90,90
msg,2,143,566,15359,631,90,90
msg,2,144,551,3971,606,90,90
msg,2,145,1005,4083,624,90,90
msg,2,146,580,3872,609,90,90
msg,2,147,560,3811,607,90,90
msg,2,148,537,15825,630,90,90
msg,2,149,537,5927,623,90,90
msg,2,150,560,4870,620,90,90
msg,2,151,562,6962,612,90,90
msg,2,152,539,6618,612,90,90
msg,2,153,534,4435,609,90,90
msg,2,154,561,4839,610,90,90
msg,2,155,537,3861,624,90,90
msg,2,156,535,15274,611,90,90
msg,2,157,568,3927,610,90,90
msg,2,158,545,3757,625,90,90
msg,2,159,536,3678,679,90,90
msg,2,160,546,3745,631,90,90
msg,2,161,542,16638,626,90,90
msg,2,162,532,4376,610,90,90
msg,2,163,554,9029,622,90,90
msg,2,164,557,5423,635,90,90
msg,2,165,533,4438,607,90,90
msg,2,166,539,4153,628,90,90
msg,2,167,558,3886,624,90,90
msg,2,168,567,4031,608,90,90
msg,2,169,535,17493,608,90,90
msg,2,170,566,4528,611,90,90
msg,2,171,566,4357,627,90,90
msg,2,172,552,3703,628,90,90
msg,2,173,565,3812,609,90,90
msg,2,174,574,15697,609,90,90
msg,2,175,572,7279,625,90,90
msg,2,176,558,6734,624,90,90
msg,2,177,563,4278,627,90,90
msg,2,178,542,4301,611,90,90
msg,2,179,536,4299,624,90,90
msg,2,180,566,4753,622,90,90
msg,2,181,562,3961,602,90,90
msg,2,182,537,16911,628,90,90
msg,2,183,541,5142,624,90,90
msg,2,184,560,3847,610,90,90
msg,2,185,563,4503,614,90,90
msg,2,186,560,3895,608,90,90
msg,2,187,539,17614,606,90,90
msg,2,188,537,5982,623,90,90
msg,2,189,530,7440,606,90,90
msg,2,190,536,8501,608,90,90
msg,2,191,560,4637,612,90,90
msg,2,192,562,4251,624,90,90
msg,2,193,549,3695,627,90,90
msg,2,194,558,16584,635,90,90
msg,2,195,557,3718,626,90,90
msg,2,196,558,4446,622,90,90
msg,2,197,560,3889,628,90,90
msg,2,198,569,3692,630,90,90
msg,2,199,561,16024,607,90,90
whole,2,19.380,1612.136,200
#stack 2296
#end
#block pipeline TLS lorawan11 up
#aead LoRaWAN-1.1 AES-128-CTR+2xCMAC (BearSSL (arduino-pico)), uplink, 51 B payload + 13 B overhead
#lib wolfSSL 5.9.4
iter,tcp_ms,tls_ms,mqtt_ms,total_ms,hs_tx_B,hs_rx_B,mqtt_tx_B,mqtt_rx_B,hs_writes,hs_reads,writes,reads,free_heap_B,hs_keygen_us,hs_derive_us,hs_verify_us,hs_sign_us,hs_keygen_n,hs_derive_n,hs_verify_n,hs_sign_n
msg,iter,idx,seal_us,rtt_us,open_us,tx_B,rx_B
whole,iter,first_ms,all_ms,msgs
#suite TLS13-AES256-GCM-SHA384
0,5.3980,326.5870,12.8430,344.8280,1393,10198,45,568,2,12,3,18,166420,66579.0,74569.0,94437.0,0.0,2,2,2,0
msg,0,0,863,18159,839,112,112
msg,0,1,669,6100,844,112,112
msg,0,2,702,5831,839,112,112
msg,0,3,702,6138,836,112,112
msg,0,4,707,16397,838,112,112
msg,0,5,701,10245,844,112,112
msg,0,6,698,5995,837,112,112
msg,0,7,713,11125,828,112,112
msg,0,8,708,9291,830,112,112
msg,0,9,713,19647,846,112,112
msg,0,10,699,5703,834,112,112
msg,0,11,712,5548,847,112,112
msg,0,12,698,17274,840,112,112
msg,0,13,705,5924,839,112,112
msg,0,14,719,6221,837,112,112
msg,0,15,701,6072,837,112,112
msg,0,16,701,7131,832,112,112
msg,0,17,701,5878,837,112,112
msg,0,18,670,7430,814,112,112
msg,0,19,672,15593,834,112,112
msg,0,20,794,6884,827,112,112
msg,0,21,665,6466,834,112,112
msg,0,22,700,19962,820,112,112
msg,0,23,784,9004,817,112,112
msg,0,24,686,5549,831,112,112
msg,0,25,697,6458,841,112,112
msg,0,26,699,9725,814,112,112
msg,0,27,672,5991,840,112,112
msg,0,28,700,15289,924,112,112
msg,0,29,673,6308,814,112,112
msg,0,30,850,6940,837,112,112
msg,0,31,700,17410,814,112,112
msg,0,32,671,5771,842,112,112
msg,0,33,719,5818,832,112,112
msg,0,34,677,5970,931,112,112
msg,0,35,680,5492,832,112,112
msg,0,36,707,5452,833,112,112
msg,0,37,700,7333,842,112,112
msg,0,38,697,18217,837,112,112
msg,0,39,698,6465,838,112,112
msg,0,40,700,9552,832,112,112
msg,0,41,674,16774,846,112,112
msg,0,42,704,5823,838,112,112
msg,0,43,703,7453,844,112,112
msg,0,44,792,5482,837,112,112
msg,0,45,679,5483,836,112,112
msg,0,46,686,5562,833,112,112
msg,0,47,698,5943,926,112,112
msg,0,48,708,16452,841,112,112
msg,0,49,700,5588,840,112,112
msg,0,50,674,5855,834,112,112
msg,0,51,696,13353,837,112,112
msg,0,52,702,5800,839,112,112
msg,0,53,705,6738,845,112,112
msg,0,54,701,6546,814,112,112
msg,0,55,671,9136,841,112,112
msg,0,56,674,6835,830,112,112
msg,0,57,708,5702,818,112,112
msg,0,58,671,18365,828,112,112
msg,0,59,677,5499,838,112,112
msg,0,60,704,6336,837,112,112
msg,0,61,707,17882,836,112,112
msg,0,62,703,6141,813,112,112
msg,0,63,675,10355,837,112,112
msg,0,64,705,5771,841,112,112
msg,0,65,706,5878,835,112,112
msg,0,66,713,5578,834,112,112
msg,0,67,673,19014,844,112,112
msg,0,68,701,5520,812,112,112
msg,0,69,674,5724,836,112,112
msg,0,70,712,5678,843,112,112
msg,0,71,670,14647,839,112,112
msg,0,72,703,7413,841,112,112
msg,0,73,702,8171,833,112,112
msg,0,74,707,5939,833,112,112
msg,0,75,703,5487,835,112,112
msg,0,76,700,5530,838,112,112
msg,0,77,701,20265,965,112,112
msg,0,78,677,6696,840,112,112
msg,0,79,700,5729,835,112,112
msg,0,80,673,20342,818,112,112
msg,0,81,672,12191,814,112,112
msg,0,82,675,5849,841,112,112
msg,0,83,701,7554,844,112,112
msg,0,84,694,8431,831,112,112
msg,0,85,702,5792,838,112,112
msg,0,86,702,16524,810,112,112
msg,0,87,671,6511,841,112,112
msg,0,88,703,6316,835,112,112
msg,0,89,698,17864,819,112,112
msg,0,90,672,6653,938,112,112
msg,0,91,705,6265,844,112,112
msg,0,92,759,6436,833,112,112
msg,0,93,702,7763,818,112,112
msg,0,94,671,6745,837,112,112
msg,0,95,704,17719,814,112,112
msg,0,96,673,5547,829,112,112
msg,0,97,705,5472,934,112,112
msg,0,98,712,5557,839,112,112
msg,0,99,675,15003,837,112,112
msg,0,100,702,5543,818,112,112
msg,0,101,673,8324,814,112,112
msg,0,102,673,7837,835,112,112
msg,0,103,701,6849,830,112,112
msg,0,104,702,6313,832,112,112
msg,0,105,713,17950,824,112,112
msg,0,106,672,5533,837,112,112
msg,0,107,701,5455,845,112,112
msg,0,108,703,5640,819,112,112
msg,0,109,723,17542,840,112,112
msg,0,110,802,9508,814,112,112
msg,0,111,677,6743,836,112,112
msg,0,112,800,7914,833,112,112
msg,0,113,700,11315,836,112,112
msg,0,114,702,19374,848,112,112
msg,0,115,702,5514,840,112,112
msg,0,116,705,5526,811,112,112
msg,0,117,678,18971,840,112,112
msg,0,118,702,5704,838,112,112
msg,0,119,699,5796,841,112,112
msg,0,120,675,10154,837,112,112
msg,0,121,706,6973,836,112,112
msg,0,122,702,6767,814,112,112
msg,0,123,672,17533,839,112,112
msg,0,124,716,5948,928,112,112
msg,0,125,705,5542,842,112,112
msg,0,126,701,5549,837,112,112
msg,0,127,672,16867,838,112,112
msg,0,128,704,6071,837,112,112
msg,0,129,709,7714,833,112,112
msg,0,130,673,8241,838,112,112
msg,0,131,667,5760,831,112,112
msg,0,132,704,6101,832,112,112
msg,0,133,703,20440,838,112,112
msg,0,134,712,5850,829,112,112
msg,0,135,673,5511,841,112,112
msg,0,136,704,17919,815,112,112
msg,0,137,674,6040,840,112,112
msg,0,138,677,5934,841,112,112
msg,0,139,702,6171,836,112,112
msg,0,140,696,6420,839,112,112
msg,0,141,708,7009,841,112,112
msg,0,142,694,5447,840,112,112
msg,0,143,702,17277,839,112,112
msg,0,144,704,6233,837,112,112
msg,0,145,675,5807,838,112,112
msg,0,146,701,17835,812,112,112
msg,0,147,671,5447,835,112,112
msg,0,148,698,5739,936,112,112
msg,0,149,673,6223,834,112,112
msg,0,150,672,8783,838,112,112
msg,0,151,792,6937,832,112,112
msg,0,152,698,20992,814,112,112
msg,0,153,680,6488,833,112,112
msg,0,154,861,5652,838,112,112
msg,0,155,708,19734,837,112,112
msg,0,156,710,8438,837,112,112
msg,0,157,702,7139,837,112,112
msg,0,158,701,5843,818,112,112
msg,0,159,669,5639,838,112,112
msg,0,160,709,5495,836,112,112
msg,0,161,705,5638,835,112,112
msg,0,162,702,17751,849,112,112
msg,0,163,701,6227,836,112,112
msg,0,164,708,6048,838,112,112
msg,0,165,700,18910,830,112,112
msg,0,166,706,8515,843,112,112
msg,0,167,699,5815,835,112,112
msg,0,168,677,5497,830,112,112
msg,0,169,708,6320,840,112,112
msg,0,170,700,8556,841,112,112
msg,0,171,673,20145,846,112,112
msg,0,172,857,5761,840,112,112
msg,0,173,716,5737,815,112,112
msg,0,174,674,19682,835,112,112
msg,0,175,695,10335,840,112,112
msg,0,176,704,5554,838,112,112
msg,0,177,675,8552,835,112,112
msg,0,178,705,7172,833,112,112
msg,0,179,698,5896,841,112,112
msg,0,180,676,15844,989,112,112
msg,0,181,708,5820,836,112,112
msg,0,182,708,6268,838,112,112
msg,0,183,705,17417,842,112,112
msg,0,184,701,6208,842,112,112
msg,0,185,701,5986,835,112,112
msg,0,186,702,6134,834,112,112
msg,0,187,698,5508,840,112,112
msg,0,188,707,6295,841,112,112
msg,0,189,710,5979,834,112,112
msg,0,190,700,18132,839,112,112
msg,0,191,703,8237,833,112,112
msg,0,192,704,9456,835,112,112
msg,0,193,702,18753,818,112,112
msg,0,194,671,7771,842,112,112
msg,0,195,701,6379,841,112,112
msg,0,196,704,6847,829,112,112
msg,0,197,701,5965,817,112,112
msg,0,198,671,5508,830,112,112
msg,0,199,699,17357,837,112,112
whole,0,371.735,2525.579,200
1,4.3880,342.4150,378.0740,724.8770,1393,10198,45,568,2,12,3,18,166420,66947.0,73576.0,96547.0,0.0,2,2,2,0
msg,1,0,858,12318,927,112,112
msg,1,1,700,7956,832,112,112
msg,1,2,701,5733,849,112,112
msg,1,3,695,5983,842,112,112
msg,1,4,713,6518,839,112,112
msg,1,5,698,6790,839,112,112
msg,1,6,699,20974,819,112,112
msg,1,7,672,6118,821,112,112
msg,1,8,673,6633,837,112,112
msg,1,9,703,18024,832,112,112
msg,1,10,674,6122,906,112,112
msg,1,11,674,5686,840,112,112
msg,1,12,699,5928,836,112,112
msg,1,13,707,5513,843,112,112
msg,1,14,702,6074,994,112,112
msg,1,15,708,5427,843,112,112
msg,1,16,705,17086,841,112,112
msg,1,17,702,5816,834,112,112
msg,1,18,710,10076,813,112,112
msg,1,19,673,17406,835,112,112
msg,1,20,702,10522,838,112,112
msg,1,21,706,5875,834,112,112
msg,1,22,700,6517,840,112,112
msg,1,23,702,5679,812,112,112
msg,1,24,676,5489,836,112,112
msg,1,25,703,15932,836,112,112
msg,1,26,688,11080,832,112,112
msg,1,27,798,8581,831,112,112
msg,1,28,702,20452,832,112,112
msg,1,29,701,6757,820,112,112
msg,1,30,666,5888,841,112,112
msg,1,31,697,6027,835,112,112
msg,1,32,709,8289,842,112,112
msg,1,33,706,5866,831,112,112
msg,1,34,676,15726,847,112,112
msg,1,35,721,7594,906,112,112
msg,1,36,676,6464,839,112,112
msg,1,37,706,19005,814,112,112
msg,1,38,735,7499,844,112,112
msg,1,39,700,5631,815,112,112
msg,1,40,675,6212,814,112,112
msg,1,41,677,6771,844,112,112
msg,1,42,697,6124,840,112,112
msg,1,43,712,17340,832,112,112
msg,1,44,698,6015,832,112,112
msg,1,45,708,5977,816,112,112
msg,1,46,669,6720,844,112,112
msg,1,47,700,15609,838,112,112
msg,1,48,674,5736,838,112,112
msg,1,49,795,7411,844,112,112
msg,1,50,706,5682,830,112,112
msg,1,51,707,5383,836,112,112
msg,1,52,702,5819,816,112,112
msg,1,53,673,5729,833,112,112
msg,1,54,706,15682,836,112,112
msg,1,55,678,5446,816,112,112
msg,1,56,672,5575,832,112,112
msg,1,57,713,19356,839,112,112
msg,1,58,704,5954,828,112,112
msg,1,59,698,5579,843,112,112
msg,1,60,705,5757,830,112,112
msg,1,61,701,5757,844,112,112
msg,1,62,704,5681,841,112,112
msg,1,63,707,5480,836,112,112
msg,1,64,703,19110,836,112,112
msg,1,65,702,5685,838,112,112
msg,1,66,700,5569,828,112,112
msg,1,67,668,10210,811,112,112
msg,1,68,672,11168,813,112,112
msg,1,69,677,9789,840,112,112
msg,1,70,707,7618,811,112,112
msg,1,71,674,6274,817,112,112
msg,1,72,670,5630,831,112,112
msg,1,73,703,5873,819,112,112
msg,1,74,671,17426,831,112,112
msg,1,75,672,5597,840,112,112
msg,1,76,699,5580,841,112,112
msg,1,77,675,18710,832,112,112
msg,1,78,702,7110,835,112,112
msg,1,79,704,6530,841,112,112
msg,1,80,700,5829,836,112,112
msg,1,81,701,5739,844,112,112
msg,1,82,701,7239,845,112,112
msg,1,83,705,5602,811,112,112
msg,1,84,676,16838,845,112,112
msg,1,85,701,5432,837,112,112
msg,1,86,674,5446,810,112,112
msg,1,87,681,19207,818,112,112
msg,1,88,683,7322,839,112,112
msg,1,89,671,5804,843,112,112
msg,1,90,707,5524,819,112,112
msg,1,91,679,5535,835,112,112
msg,1,92,702,7385,834,112,112
msg,1,93,717,5850,835,112,112
msg,1,94,708,16400,839,112,112
msg,1,95,707,8524,842,112,112
msg,1,96,707,6777,830,112,112
msg,1,97,700,16745,843,112,112
msg,1,98,712,5490,813,112,112
msg,1,99,675,6504,828,112,112
msg,1,100,861,5505,842,112,112
msg,1,101,699,6446,815,112,112
msg,1,102,674,5757,842,112,112
msg,1,103,707,6449,844,112,112
msg,1,104,701,15894,840,112,112
msg,1,105,709,6517,841,112,112
msg,1,106,699,6724,833,112,112
msg,1,107,705,19100,827,112,112
msg,1,108,677,5647,843,112,112
msg,1,109,698,7929,835,112,112
msg,1,110,703,5668,841,112,112
msg,1,111,697,5568,816,112,112
msg,1,112,674,5567,832,112,112
msg,1,113,717,20002,832,112,112
msg,1,114,673,6847,846,112,112
msg,1,115,702,7663,833,112,112
msg,1,116,700,18980,811,112,112
msg,1,117,673,6142,840,112,112
msg,1,118,677,7737,838,112,112
msg,1,119,701,5973,834,112,112
msg,1,120,678,5541,830,112,112
msg,1,121,701,5642,836,112,112
msg,1,122,676,5993,846,112,112
msg,1,123,709,17234,837,112,112
msg,1,124,700,6313,841,112,112
msg,1,125,711,5503,815,112,112
msg,1,126,673,18233,818,112,112
msg,1,127,666,8718,844,112,112
msg,1,128,713,6910,838,112,112
msg,1,129,705,6739,841,112,112
msg,1,130,676,5683,838,112,112
msg,1,131,700,5433,837,112,112
msg,1,132,704,19136,835,112,112
msg,1,133,701,5626,840,112,112
msg,1,134,773,5566,838,112,112
msg,1,135,703,12776,840,112,112
msg,1,136,674,11118,839,112,112
msg,1,137,703,8009,846,112,112
msg,1,138,708,8582,833,112,112
msg,1,139,674,6906,840,112,112
msg,1,140,713,6512,836,112,112
msg,1,141,672,5471,826,112,112
msg,1,142,675,16329,835,112,112
msg,1,143,707,9143,842,112,112
msg,1,144,674,8795,838,112,112
msg,1,145,700,16943,835,112,112
msg,1,146,711,8385,839,112,112
msg,1,147,699,5523,839,112,112
msg,1,148,674,5532,833,112,112
msg,1,149,700,5813,1312,112,112
msg,1,150,710,5738,841,112,112
msg,1,151,701,17141,841,112,112
msg,1,152,704,5554,815,112,112
msg,1,153,672,5536,836,112,112
msg,1,154,700,5682,838,112,112
msg,1,155,700,28375,814,112,112
msg,1,156,677,9352,817,112,112
msg,1,157,777,5576,839,112,112
msg,1,158,701,6931,834,112,112
msg,1,159,703,6033,813,112,112
msg,1,160,685,16863,841,112,112
msg,1,161,706,5799,834,112,112
msg,1,162,707,6229,833,112,112
msg,1,163,702,8238,828,112,112
msg,1,164,709,11655,845,112,112
msg,1,165,704,13053,836,112,112
msg,1,166,715,7392,841,112,112
msg,1,167,711,5706,833,112,112
msg,1,168,702,6288,832,112,112
msg,1,169,709,17999,815,112,112
msg,1,170,672,5533,828,112,112
msg,1,171,702,5939,811,112,112
msg,1,172,676,7319,816,112,112
msg,1,173,672,12972,972,112,112
msg,1,174,677,6875,843,112,112
msg,1,175,716,7481,834,112,112
msg,1,176,676,11164,836,112,112
msg,1,177,704,6586,835,112,112
msg,1,178,726,5512,845,112,112
msg,1,179,697,14947,836,112,112
msg,1,180,709,5686,846,112,112
msg,1,181,707,5534,833,112,112
msg,1,182,674,5564,839,112,112
msg,1,183,703,17055,838,112,112
msg,1,184,702,9356,842,112,112
msg,1,185,695,7346,839,112,112
msg,1,186,699,6228,838,112,112
msg,1,187,704,6084,835,112,112
msg,1,188,700,5550,846,112,112
msg,1,189,709,18831,839,112,112
msg,1,190,703,5596,839,112,112
msg,1,191,708,6102,842,112,112
msg,1,192,709,18004,837,112,112
msg,1,193,706,7377,841,112,112
msg,1,194,702,6627,810,112,112
msg,1,195,683,6578,840,112,112
msg,1,196,708,5649,843,112,112
msg,1,197,707,6019,840,112,112
msg,1,198,700,5594,810,112,112
msg,1,199,672,13814,846,112,112
whole,1,749.979,2858.504,200
2,4.4430,334.5580,12.7370,351.7380,1393,10198,45,568,2,12,3,18,166420,66646.0,72215.0,94716.0,0.0,2,2,2,0
msg,2,0,857,6334,841,112,112
msg,2,1,708,6486,837,112,112
msg,2,2,710,5869,837,112,112
msg,2,3,705,18397,840,112,112
msg,2,4,702,6133,838,112,112
msg,2,5,700,8875,825,112,112
msg,2,6,674,18316,843,112,112
msg,2,7,698,6153,830,112,112
msg,2,8,676,5883,842,112,112
msg,2,9,705,5468,817,112,112
msg,2,10,669,7023,841,112,112
msg,2,11,682,7144,844,112,112
msg,2,12,702,5816,838,112,112
msg,2,13,702,13847,818,112,112
msg,2,14,674,5473,837,112,112
msg,2,15,802,5437,845,112,112
msg,2,16,694,5440,838,112,112
msg,2,17,705,18355,816,112,112
msg,2,18,672,8137,834,112,112
msg,2,19,678,5630,930,112,112
msg,2,20,698,5436,848,112,112
msg,2,21,705,6340,844,112,112
msg,2,22,698,7254,840,112,112
msg,2,23,705,19681,833,112,112
msg,2,24,703,5553,841,112,112
msg,2,25,704,6040,838,112,112
msg,2,26,704,18420,843,112,112
msg,2,27,710,5589,811,112,112
msg,2,28,673,5932,843,112,112
msg,2,29,699,5574,811,112,112
msg,2,30,672,6602,835,112,112
msg,2,31,707,7890,814,112,112
msg,2,32,669,5970,845,112,112
msg,2,33,708,17086,843,112,112
msg,2,34,715,5448,840,112,112
msg,2,35,673,5439,821,112,112
msg,2,36,673,18927,847,112,112
msg,2,37,712,6054,842,112,112
msg,2,38,709,5819,932,112,112
msg,2,39,704,5745,839,112,112
msg,2,40,698,7039,836,112,112
msg,2,41,712,6022,839,112,112
msg,2,42,706,5502,843,112,112
msg,2,43,705,22287,844,112,112
msg,2,44,701,5748,838,112,112
msg,2,45,704,5501,838,112,112
msg,2,46,706,16876,832,112,112
msg,2,47,700,5842,837,112,112
msg,2,48,676,6317,818,112,112
msg,2,49,674,6799,846,112,112
msg,2,50,698,6123,839,112,112
msg,2,51,704,8446,841,112,112
msg,2,52,703,19556,818,112,112
msg,2,53,670,5424,986,112,112
msg,2,54,703,5746,837,112,112
msg,2,55,673,19280,1382,112,112
msg,2,56,718,5873,811,112,112
msg,2,57,676,5622,837,112,112
msg,2,58,704,5457,836,112,112
msg,2,59,706,5552,813,112,112
msg,2,60,676,6257,813,112,112
msg,2,61,686,5677,838,112,112
msg,2,62,706,19541,833,112,112
msg,2,63,703,6800,839,112,112
msg,2,64,705,5972,836,112,112
msg,2,65,697,19577,835,112,112
msg,2,66,704,10024,836,112,112
msg,2,67,708,11971,812,112,112
msg,2,68,718,6006,816,112,112
msg,2,69,670,6429,810,112,112
msg,2,70,675,18393,836,112,112
msg,2,71,705,6271,833,112,112
msg,2,72,705,6484,843,112,112
msg,2,73,706,19947,838,112,112
msg,2,74,704,5737,841,112,112
msg,2,75,699,6567,838,112,112
msg,2,76,704,6418,837,112,112
msg,2,77,711,47646,848,112,112
msg,2,78,702,6809,836,112,112
msg,2,79,708,17992,834,112,112
msg,2,80,704,5901,838,112,112
msg,2,81,674,8583,828,112,112
msg,2,82,707,5765,844,112,112
msg,2,83,707,5886,838,112,112
msg,2,84,726,5586,813,112,112
msg,2,85,675,6022,839,112,112
msg,2,86,700,16064,839,112,112
msg,2,87,701,8321,844,112,112
msg,2,88,704,5696,931,112,112
msg,2,89,698,19527,837,112,112
msg,2,90,701,5499,845,112,112
msg,2,91,672,5622,832,112,112
msg,2,92,698,5708,842,112,112
msg,2,93,703,5802,840,112,112
msg,2,94,703,5864,814,112,112
msg,2,95,783,6590,843,112,112
msg,2,96,706,16515,847,112,112
msg,2,97,707,5940,845,112,112
msg,2,98,701,6486,841,112,112
msg,2,99,698,20195,838,112,112
msg,2,100,698,8476,814,112,112
msg,2,101,671,6078,836,112,112
msg,2,102,685,7546,833,112,112
msg,2,103,705,5601,840,112,112
msg,2,104,703,5618,815,112,112
msg,2,105,672,21998,848,112,112
msg,2,106,714,6333,836,112,112
msg,2,107,673,5875,841,112,112
msg,2,108,701,18201,838,112,112
msg,2,109,707,9835,815,112,112
msg,2,110,676,6237,812,112,112
msg,2,111,676,5568,837,112,112
msg,2,112,704,6030,833,112,112
msg,2,113,705,5663,840,112,112
msg,2,114,703,19297,843,112,112
msg,2,115,711,6087,840,112,112
msg,2,116,699,5837,834,112,112
msg,2,117,698,18952,813,112,112
msg,2,118,671,5687,835,112,112
msg,2,119,702,6656,836,112,112
msg,2,120,675,5604,830,112,112
msg,2,121,708,5456,834,112,112
msg,2,122,699,5557,841,112,112
msg,2,123,705,5543,813,112,112
msg,2,124,674,19538,839,112,112
msg,2,125,703,6794,815,112,112
msg,2,126,676,15767,835,112,112
msg,2,127,700,10234,840,112,112
msg,2,128,704,5469,842,112,112
msg,2,129,708,5900,836,112,112
msg,2,130,705,5624,834,112,112
msg,2,131,677,5506,836,112,112
msg,2,132,671,5471,842,112,112
msg,2,133,705,5731,838,112,112
msg,2,134,688,23973,843,112,112
msg,2,135,710,6426,834,112,112
msg,2,136,682,19187,847,112,112
msg,2,137,694,5583,832,112,112
msg,2,138,702,6276,837,112,112
msg,2,139,704,5460,838,112,112
msg,2,140,701,5409,932,112,112
msg,2,141,698,5462,811,112,112
msg,2,142,673,6552,838,112,112
msg,2,143,701,20011,818,112,112
msg,2,144,669,5509,833,112,112
msg,2,145,706,6655,839,112,112
msg,2,146,704,20484,818,112,112
msg,2,147,671,5527,831,112,112
msg,2,148,700,6144,835,112,112
msg,2,149,708,5964,815,112,112
msg,2,150,675,5806,842,112,112
msg,2,151,694,5460,841,112,112
msg,2,152,705,5728,835,112,112
msg,2,153,699,16474,843,112,112
msg,2,154,712,5435,837,112,112
msg,2,155,674,10905,848,112,112
msg,2,156,708,16277,843,112,112
msg,2,157,705,5534,814,112,112
msg,2,158,679,6234,814,112,112
msg,2,159,676,5467,925,112,112
msg,2,160,701,5521,834,112,112
msg,2,161,703,6629,814,112,112
msg,2,162,681,5461,836,112,112
msg,2,163,707,16990,817,112,112
msg,2,164,683,5894,841,112,112
msg,2,165,703,6142,844,112,112
msg,2,166,706,17641,817,112,112
msg,2,167,672,6093,841,112,112
msg,2,168,682,6528,832,112,112
msg,2,169,712,7923,847,112,112
msg,2,170,675,5634,833,112,112
msg,2,171,705,6069,931,112,112
msg,2,172,817,5558,842,112,112
msg,2,173,707,16936,833,112,112
msg,2,174,705,5686,838,112,112
msg,2,175,673,5507,927,112,112
msg,2,176,713,18531,933,112,112
msg,2,177,714,6212,841,112,112
msg,2,178,716,5855,842,112,112
msg,2,179,701,5895,815,112,112
msg,2,180,679,5578,836,112,112
msg,2,181,704,5465,840,112,112
msg,2,182,702,6041,839,112,112
msg,2,183,710,18257,837,112,112
msg,2,184,716,5733,814,112,112
msg,2,185,671,5807,842,112,112
msg,2,186,702,19433,841,112,112
msg,2,187,709,8200,837,112,112
msg,2,188,700,5656,926,112,112
msg,2,189,703,5438,842,112,112
msg,2,190,704,5494,838,112,112
msg,2,191,702,7341,841,112,112
msg,2,192,677,5652,836,112,112
msg,2,193,706,16443,837,112,112
msg,2,194,701,5911,831,112,112
msg,2,195,703,5643,843,112,112
msg,2,196,703,17871,840,112,112
msg,2,197,704,6888,816,112,112
msg,2,198,673,6925,841,112,112
msg,2,199,703,5767,927,112,112
whole,2,366.383,2514.534,200
#heap 34013
#stack 3304
#end
#block pipeline TLS lorawan11 down
#aead LoRaWAN-1.1 AES-128-CTR+2xCMAC (BearSSL (arduino-pico)), downlink, 51 B payload + 13 B overhead
#lib wolfSSL 5.9.4
iter,tcp_ms,tls_ms,mqtt_ms,total_ms,hs_tx_B,hs_rx_B,mqtt_tx_B,mqtt_rx_B,hs_writes,hs_reads,writes,reads,free_heap_B,hs_keygen_us,hs_derive_us,hs_verify_us,hs_sign_us,hs_keygen_n,hs_derive_n,hs_verify_n,hs_sign_n
msg,iter,idx,seal_us,rtt_us,open_us,tx_B,rx_B
whole,iter,first_ms,all_ms,msgs
#suite TLS13-AES256-GCM-SHA384
0,5.0670,335.3690,12.8410,353.2770,1393,10198,45,568,2,12,3,18,166420,66648.0,73537.0,94734.0,0.0,2,2,2,0
msg,0,0,600,10033,549,112,112
msg,0,1,439,24579,571,112,112
msg,0,2,451,5960,556,112,112
msg,0,3,408,5677,553,112,112
msg,0,4,442,20190,583,112,112
msg,0,5,418,5885,581,112,112
msg,0,6,417,6426,551,112,112
msg,0,7,414,6534,552,112,112
msg,0,8,446,6253,580,112,112
msg,0,9,453,5988,577,112,112
msg,0,10,439,9306,582,112,112
msg,0,11,412,17013,584,112,112
msg,0,12,439,5656,582,112,112
msg,0,13,423,5544,577,112,112
msg,0,14,414,5910,584,112,112
msg,0,15,422,16650,572,112,112
msg,0,16,414,6171,573,112,112
msg,0,17,442,5905,549,112,112
msg,0,18,440,5699,550,112,112
msg,0,19,446,6739,550,112,112
msg,0,20,442,6386,580,112,112
msg,0,21,408,7666,573,112,112
msg,0,22,412,16368,552,112,112
msg,0,23,446,6424,582,112,112
msg,0,24,439,6025,550,112,112
msg,0,25,450,19310,577,112,112
msg,0,26,413,5803,581,112,112
msg,0,27,409,6566,669,112,112
msg,0,28,411,5558,553,112,112
msg,0,29,414,7086,581,112,112
msg,0,30,410,5722,577,112,112
msg,0,31,413,7663,584,112,112
msg,0,32,409,22087,581,112,112
msg,0,33,445,9946,553,112,112
msg,0,34,448,5892,551,112,112
msg,0,35,412,17726,555,112,112
msg,0,36,407,9516,578,112,112
msg,0,37,445,5724,582,112,112
msg,0,38,449,6194,551,112,112
msg,0,39,410,5917,578,112,112
msg,0,40,419,6036,571,112,112
msg,0,41,438,18260,557,112,112
msg,0,42,414,5933,576,112,112
msg,0,43,413,5544,553,112,112
msg,0,44,413,6185,583,112,112
msg,0,45,412,18543,578,112,112
msg,0,46,416,5536,551,112,112
msg,0,47,407,5907,551,112,112
msg,0,48,418,5701,553,112,112
msg,0,49,417,5986,575,112,112
msg,0,50,414,5698,569,112,112
msg,0,51,412,5753,578,112,112
msg,0,52,413,17729,573,112,112
msg,0,53,413,5725,551,112,112
msg,0,54,417,5692,548,112,112
msg,0,55,412,5705,550,112,112
msg,0,56,416,19459,581,112,112
msg,0,57,441,10992,546,112,112
msg,0,58,414,6259,578,112,112
msg,0,59,412,6526,579,112,112
msg,0,60,411,5636,553,112,112
msg,0,61,414,5603,557,112,112
msg,0,62,446,18313,579,112,112
msg,0,63,409,9512,571,112,112
msg,0,64,408,6668,552,112,112
msg,0,65,415,9234,576,112,112
msg,0,66,443,10682,581,112,112
msg,0,67,437,6102,549,112,112
msg,0,68,441,6286,580,112,112
msg,0,69,412,5742,582,112,112
msg,0,70,411,6991,581,112,112
msg,0,71,448,5600,583,112,112
msg,0,72,443,5856,583,112,112
msg,0,73,444,20004,552,112,112
msg,0,74,444,6430,683,112,112
msg,0,75,442,7337,579,112,112
msg,0,76,508,18459,578,112,112
msg,0,77,467,6399,582,112,112
msg,0,78,416,6799,578,112,112
msg,0,79,409,5835,573,112,112
msg,0,80,415,5619,578,112,112
msg,0,81,411,7728,572,112,112
msg,0,82,413,5807,584,112,112
msg,0,83,417,18406,558,112,112
msg,0,84,407,6010,552,112,112
msg,0,85,415,5686,550,112,112
msg,0,86,414,19055,575,112,112
msg,0,87,424,5770,576,112,112
msg,0,88,407,6725,581,112,112
msg,0,89,422,5875,578,112,112
msg,0,90,407,8952,579,112,112
msg,0,91,439,7025,554,112,112
msg,0,92,417,5844,548,112,112
msg,0,93,421,16953,576,112,112
msg,0,94,417,7381,558,112,112
msg,0,95,448,7775,552,112,112
msg,0,96,448,19277,582,112,112
msg,0,97,410,6740,577,112,112
msg,0,98,410,6078,580,112,112
msg,0,99,443,5522,578,112,112
msg,0,100,406,5591,589,112,112
msg,0,101,414,5594,558,112,112
msg,0,102,413,5535,547,112,112
msg,0,103,448,17490,579,112,112
msg,0,104,441,5886,553,112,112
msg,0,105,443,7815,550,112,112
msg,0,106,446,7045,549,112,112
msg,0,107,511,15968,578,112,112
msg,0,108,412,9065,579,112,112
msg,0,109,444,6242,579,112,112
msg,0,110,410,5671,554,112,112
msg,0,111,412,6022,581,112,112
msg,0,112,411,5807,578,112,112
msg,0,113,412,5977,578,112,112
msg,0,114,461,16106,559,112,112
msg,0,115,407,6194,577,112,112
msg,0,116,413,6418,551,112,112
msg,0,117,407,9772,552,112,112
msg,0,118,415,11227,581,112,112
msg,0,119,443,5840,577,112,112
msg,0,120,441,7909,555,112,112
msg,0,121,440,5697,582,112,112
msg,0,122,437,6260,579,112,112
msg,0,123,414,5561,551,112,112
msg,0,124,417,5822,559,112,112
msg,0,125,413,17225,578,112,112
msg,0,126,442,6769,587,112,112
msg,0,127,443,6403,577,112,112
msg,0,128,414,18961,580,112,112
msg,0,129,409,5875,577,112,112
msg,0,130,439,5674,579,112,112
msg,0,131,439,5822,578,112,112
msg,0,132,437,7583,588,112,112
msg,0,133,536,5484,581,112,112
msg,0,134,410,5918,585,112,112
msg,0,135,409,18101,551,112,112
msg,0,136,447,6999,551,112,112
msg,0,137,413,5613,552,112,112
msg,0,138,451,5871,552,112,112
msg,0,139,411,18304,579,112,112
msg,0,140,444,9552,580,112,112
msg,0,141,412,7356,557,112,112
msg,0,142,413,6202,581,112,112
msg,0,143,414,5598,568,112,112
msg,0,144,408,6443,558,112,112
msg,0,145,446,17735,550,112,112
msg,0,146,443,6077,553,112,112
msg,0,147,413,7128,675,112,112
msg,0,148,455,6089,551,112,112
msg,0,149,412,22053,577,112,112
msg,0,150,412,7202,1055,112,112
msg,0,151,423,6306,572,112,112
msg,0,152,444,5963,550,112,112
msg,0,153,410,6633,557,112,112
msg,0,154,446,6032,555,112,112
msg,0,155,416,15956,577,112,112
msg,0,156,413,6188,576,112,112
msg,0,157,443,9295,571,112,112
msg,0,158,416,19202,576,112,112
msg,0,159,442,8742,582,112,112
msg,0,160,444,6249,570,112,112
msg,0,161,415,5881,673,112,112
msg,0,162,410,6879,580,112,112
msg,0,163,441,7475,584,112,112
msg,0,164,408,6606,552,112,112
msg,0,165,424,17122,580,112,112
msg,0,166,436,6658,583,112,112
msg,0,167,411,7180,552,112,112
msg,0,168,445,19431,583,112,112
msg,0,169,440,6532,577,112,112
msg,0,170,410,5968,579,112,112
msg,0,171,444,5908,572,112,112
msg,0,172,444,5552,735,112,112
msg,0,173,447,8088,551,112,112
msg,0,174,416,6023,577,112,112
msg,0,175,407,16421,552,112,112
msg,0,176,410,5695,549,112,112
msg,0,177,460,5860,553,112,112
msg,0,178,506,20793,551,112,112
msg,0,179,409,6162,581,112,112
msg,0,180,415,5962,572,112,112
msg,0,181,442,5565,574,112,112
msg,0,182,442,6559,585,112,112
msg,0,183,464,8242,551,112,112
msg,0,184,413,8347,577,112,112
msg,0,185,455,18883,577,112,112
msg,0,186,538,7893,553,112,112
msg,0,187,415,5611,555,112,112
msg,0,188,438,18620,577,112,112
msg,0,189,441,6279,575,112,112
msg,0,190,412,9399,554,112,112
msg,0,191,445,7064,560,112,112
msg,0,192,413,6038,573,112,112
msg,0,193,407,6165,554,112,112
msg,0,194,444,18395,576,112,112
msg,0,195,415,6014,578,112,112
msg,0,196,445,5756,575,112,112
msg,0,197,442,5864,552,112,112
msg,0,198,451,20070,1088,112,112
msg,0,199,450,9907,551,112,112
whole,0,374.007,2397.093,200
1,4.7940,327.0830,23.0730,354.9500,1393,10198,45,568,2,12,3,18,166420,66524.0,73986.0,94965.0,0.0,2,2,2,0
msg,1,0,569,7295,578,112,112
msg,1,1,444,19196,548,112,112
msg,1,2,409,8773,554,112,112
msg,1,3,415,6728,557,112,112
msg,1,4,412,5739,555,112,112
msg,1,5,408,5958,579,112,112
msg,1,6,418,5669,574,112,112
msg,1,7,411,5633,551,112,112
msg,1,8,410,16921,577,112,112
msg,1,9,408,5683,551,112,112
msg,1,10,415,5649,545,112,112
msg,1,11,412,5656,557,112,112
msg,1,12,410,15676,553,112,112
msg,1,13,446,5641,574,112,112
msg,1,14,460,6877,556,112,112
msg,1,15,446,6437,581,112,112
msg,1,16,445,7321,552,112,112
msg,1,17,409,6961,575,112,112
msg,1,18,413,20515,550,112,112
msg,1,19,409,5846,552,112,112
msg,1,20,414,5855,575,112,112
msg,1,21,409,5656,558,112,112
msg,1,22,413,18929,576,112,112
msg,1,23,414,6252,554,112,112
msg,1,24,429,8110,584,112,112
msg,1,25,414,7408,553,112,112
msg,1,26,413,5535,577,112,112
msg,1,27,443,5644,577,112,112
msg,1,28,440,5536,581,112,112
msg,1,29,407,16152,552,112,112
msg,1,30,439,5909,557,112,112
msg,1,31,415,5600,552,112,112
msg,1,32,449,5516,578,112,112
msg,1,33,441,16469,577,112,112
msg,1,34,404,5709,579,112,112
msg,1,35,411,6327,551,112,112
msg,1,36,448,7756,554,112,112
msg,1,37,439,6338,579,112,112
msg,1,38,409,6049,577,112,112
msg,1,39,448,5634,581,112,112
msg,1,40,445,17725,583,112,112
msg,1,41,440,5628,584,112,112
msg,1,42,407,5851,577,112,112
msg,1,43,439,5452,575,112,112
msg,1,44,410,16462,547,112,112
msg,1,45,446,6200,581,112,112
msg,1,46,414,5500,556,112,112
msg,1,47,414,5644,550,112,112
msg,1,48,415,7043,572,112,112
msg,1,49,410,7626,551,112,112
msg,1,50,408,6033,579,112,112
msg,1,51,411,13858,581,112,112
msg,1,52,413,6172,552,112,112
msg,1,53,442,5503,581,112,112
msg,1,54,438,5455,578,112,112
msg,1,55,412,19321,551,112,112
msg,1,56,430,10255,583,112,112
msg,1,57,446,5764,585,112,112
msg,1,58,446,6701,583,112,112
msg,1,59,436,5629,581,112,112
msg,1,60,411,7550,556,112,112
msg,1,61,417,19852,574,112,112
msg,1,62,414,5900,581,112,112
msg,1,63,408,5614,579,112,112
msg,1,64,422,6159,578,112,112
msg,1,65,439,16300,571,112,112
msg,1,66,426,5997,577,112,112
msg,1,67,412,5593,576,112,112
msg,1,68,409,5786,569,112,112
msg,1,69,413,6311,555,112,112
msg,1,70,446,5890,555,112,112
msg,1,71,416,5854,551,112,112
msg,1,72,423,19335,575,112,112
msg,1,73,446,6815,584,112,112
msg,1,74,447,6983,552,112,112
msg,1,75,428,17957,561,112,112
msg,1,76,410,5876,575,112,112
msg,1,77,408,6893,579,112,112
msg,1,78,411,5858,577,112,112
msg,1,79,413,5802,584,112,112
msg,1,80,445,5552,580,112,112
msg,1,81,410,5696,573,112,112
msg,1,82,409,19225,575,112,112
msg,1,83,456,6175,551,112,112
msg,1,84,408,5597,552,112,112
msg,1,85,512,5536,554,112,112
msg,1,86,445,18731,555,112,112
msg,1,87,444,5627,574,112,112
msg,1,88,436,6663,579,112,112
msg,1,89,444,5928,555,112,112
msg,1,90,472,9071,573,112,112
msg,1,91,441,5860,553,112,112
msg,1,92,445,19561,577,112,112
msg,1,93,446,6194,553,112,112
msg,1,94,412,6322,574,112,112
msg,1,95,444,5462,575,112,112
msg,1,96,421,18514,576,112,112
msg,1,97,415,6332,551,112,112
msg,1,98,445,5642,572,112,112
msg,1,99,442,5662,576,112,112
msg,1,100,438,5872,573,112,112
msg,1,101,441,6572,575,112,112
msg,1,102,442,5549,578,112,112
msg,1,103,412,16429,551,112,112
msg,1,104,416,12466,574,112,112
msg,1,105,442,6728,572,112,112
msg,1,106,445,15453,581,112,112
msg,1,107,412,5616,580,112,112
msg,1,108,410,7457,553,112,112
msg,1,109,413,5750,549,112,112
msg,1,110,416,9998,553,112,112
msg,1,111,415,7741,549,112,112
msg,1,112,413,19855,575,112,112
msg,1,113,408,6807,578,112,112
msg,1,114,406,5853,576,112,112
msg,1,115,411,6504,550,112,112
msg,1,116,420,17947,582,112,112
msg,1,117,411,8834,580,112,112
msg,1,118,413,6320,551,112,112
msg,1,119,448,6674,553,112,112
msg,1,120,449,8085,550,112,112
msg,1,121,415,8540,551,112,112
msg,1,122,420,17055,579,112,112
msg,1,123,413,5404,556,112,112
msg,1,124,416,5504,577,112,112
msg,1,125,441,5972,551,112,112
msg,1,126,412,13229,584,112,112
msg,1,127,412,5673,665,112,112
msg,1,128,410,6319,553,112,112
msg,1,129,409,7675,550,112,112
msg,1,130,441,7352,580,112,112
msg,1,131,410,8730,581,112,112
msg,1,132,407,5503,551,112,112
msg,1,133,413,16466,549,112,112
msg,1,134,429,5840,552,112,112
msg,1,135,413,6435,576,112,112
msg,1,136,439,19846,558,112,112
msg,1,137,449,7192,578,112,112
msg,1,138,409,7315,552,112,112
msg,1,139,451,6043,555,112,112
msg,1,140,412,8348,571,112,112
msg,1,141,442,6094,555,112,112
msg,1,142,416,6723,551,112,112
msg,1,143,416,13074,573,112,112
msg,1,144,408,5676,568,112,112
msg,1,145,413,6101,583,112,112
msg,1,146,439,5782,578,112,112
msg,1,147,448,18818,582,112,112
msg,1,148,445,6475,580,112,112
msg,1,149,410,7841,582,112,112
msg,1,150,442,8379,550,112,112
msg,1,151,408,5909,575,112,112
msg,1,152,409,6301,555,112,112
msg,1,153,447,18218,575,112,112
msg,1,154,412,5799,579,112,112
msg,1,155,411,6131,579,112,112
msg,1,156,443,6331,578,112,112
msg,1,157,417,18393,553,112,112
msg,1,158,440,6409,580,112,112
msg,1,159,446,6358,549,112,112
msg,1,160,412,6077,576,112,112
msg,1,161,409,6221,554,112,112
msg,1,162,443,6873,549,112,112
msg,1,163,416,5780,552,112,112
msg,1,164,417,17278,580,112,112
msg,1,165,442,6243,552,112,112
msg,1,166,414,6158,581,112,112
msg,1,167,409,19244,549,112,112
msg,1,168,418,5879,552,112,112
msg,1,169,413,6555,554,112,112
msg,1,170,448,5667,550,112,112
msg,1,171,443,5998,552,112,112
msg,1,172,412,5694,553,112,112
msg,1,173,416,5803,551,112,112
msg,1,174,417,19146,579,112,112
msg,1,175,409,7182,554,112,112
msg,1,176,445,7619,577,112,112
msg,1,177,437,5592,582,112,112
msg,1,178,441,13320,553,112,112
msg,1,179,413,6011,578,112,112
msg,1,180,408,6896,585,112,112
msg,1,181,441,5922,576,112,112
msg,1,182,442,5941,556,112,112
msg,1,183,443,5593,569,112,112
msg,1,184,463,6055,549,112,112
msg,1,185,412,18578,552,112,112
msg,1,186,449,6536,581,112,112
msg,1,187,447,7376,576,112,112
msg,1,188,409,6294,561,112,112
msg,1,189,454,16017,556,112,112
msg,1,190,416,6160,576,112,112
msg,1,191,410,5846,582,112,112
msg,1,192,447,6967,548,112,112
msg,1,193,447,5669,577,112,112
msg,1,194,444,6887,557,112,112
msg,1,195,536,6900,550,112,112
msg,1,196,414,16547,552,112,112
msg,1,197,443,6075,576,112,112
msg,1,198,416,6973,578,112,112
msg,1,199,413,18896,580,112,112
whole,1,369.647,2333.582,200
2,7.3780,345.1740,20.7940,373.3460,1393,10198,45,568,2,12,3,18,166420,66637.0,74925.0,94472.0,0.0,2,2,2,0
msg,2,0,599,6350,553,112,112
msg,2,1,419,16806,575,112,112
msg,2,2,417,7038,577,112,112
msg,2,3,411,7376,558,112,112
msg,2,4,413,6540,555,112,112
msg,2,5,539,5887,546,112,112
msg,2,6,414,6327,576,112,112
msg,2,7,438,19348,577,112,112
msg,2,8,411,6904,579,112,112
msg,2,9,413,6228,552,112,112
msg,2,10,544,6371,581,112,112
msg,2,11,443,19225,553,112,112
msg,2,12,414,8217,584,112,112
msg,2,13,441,5569,574,112,112
msg,2,14,412,7134,578,112,112
msg,2,15,446,5390,581,112,112
msg,2,16,410,6380,553,112,112
msg,2,17,417,18133,582,112,112
msg,2,18,410,5549,557,112,112
msg,2,19,413,5504,555,112,112
msg,2,20,548,5466,576,112,112
msg,2,21,445,17364,579,112,112
msg,2,22,411,5878,579,112,112
msg,2,23,408,6035,582,112,112
msg,2,24,540,5979,550,112,112
msg,2,25,412,7729,552,112,112
msg,2,26,414,5602,559,112,112
msg,2,27,446,5535,575,112,112
msg,2,28,440,17525,581,112,112
msg,2,29,415,5716,579,112,112
msg,2,30,412,5914,577,112,112
msg,2,31,441,6447,573,112,112
msg,2,32,414,20246,574,112,112
msg,2,33,443,10001,556,112,112
msg,2,34,411,6134,577,112,112
msg,2,35,414,7787,580,112,112
msg,2,36,418,5841,581,112,112
msg,2,37,420,5993,571,112,112
msg,2,38,442,19985,557,112,112
msg,2,39,436,5708,556,112,112
msg,2,40,437,6220,579,112,112
msg,2,41,415,18888,579,112,112
msg,2,42,409,7503,551,112,112
msg,2,43,415,6587,554,112,112
msg,2,44,416,5878,553,112,112
msg,2,45,417,7741,555,112,112
msg,2,46,415,6826,552,112,112
msg,2,47,413,5757,550,112,112
msg,2,48,418,17912,577,112,112
msg,2,49,411,6185,580,112,112
msg,2,50,446,6340,578,112,112
msg,2,51,409,18859,578,112,112
msg,2,52,410,5835,583,112,112
msg,2,53,411,7418,553,112,112
msg,2,54,412,7422,550,112,112
msg,2,55,443,5560,588,112,112
msg,2,56,454,5754,578,112,112
msg,2,57,436,5992,550,112,112
msg,2,58,451,19822,555,112,112
msg,2,59,445,5508,580,112,112
msg,2,60,447,5655,581,112,112
msg,2,61,436,5626,583,112,112
msg,2,62,534,16170,550,112,112
msg,2,63,409,5742,552,112,112
msg,2,64,411,6263,573,112,112
msg,2,65,443,6803,587,112,112
msg,2,66,552,7045,550,112,112
msg,2,67,414,6089,576,112,112
msg,2,68,415,5594,556,112,112
msg,2,69,413,17226,575,112,112
msg,2,70,443,6351,571,112,112
msg,2,71,410,6034,578,112,112
msg,2,72,419,5625,579,112,112
msg,2,73,409,13458,550,112,112
msg,2,74,414,6091,586,112,112
msg,2,75,414,6732,581,112,112
msg,2,76,413,6482,560,112,112
msg,2,77,412,6703,553,112,112
msg,2,78,416,6485,577,112,112
msg,2,79,442,6395,582,112,112
msg,2,80,407,18176,579,112,112
msg,2,81,444,5791,555,112,112
msg,2,82,447,5804,548,112,112
msg,2,83,446,5722,551,112,112
msg,2,84,448,29549,587,112,112
msg,2,85,443,6056,551,112,112
msg,2,86,418,7965,553,112,112
msg,2,87,413,5643,555,112,112
msg,2,88,428,5948,571,112,112
msg,2,89,411,20146,583,112,112
msg,2,90,441,6036,551,112,112
msg,2,91,446,5728,553,112,112
msg,2,92,444,18485,576,112,112
msg,2,93,438,6438,574,112,112
msg,2,94,410,6362,552,112,112
msg,2,95,447,5705,550,112,112
msg,2,96,458,6044,553,112,112
msg,2,97,408,5843,557,112,112
msg,2,98,412,6784,576,112,112
msg,2,99,411,17705,557,112,112
msg,2,100,412,7222,587,112,112
msg,2,101,448,5581,577,112,112
msg,2,102,413,6416,553,112,112
msg,2,103,512,16681,555,112,112
msg,2,104,416,6612,552,112,112
msg,2,105,414,5852,552,112,112
msg,2,106,409,6832,642,112,112
msg,2,107,411,6184,578,112,112
msg,2,108,440,13577,580,112,112
msg,2,109,422,19434,555,112,112
msg,2,110,415,8638,549,112,112
msg,2,111,415,8056,576,112,112
msg,2,112,414,17385,553,112,112
msg,2,113,447,7646,553,112,112
msg,2,114,540,6357,577,112,112
msg,2,115,417,6680,577,112,112
msg,2,116,411,6316,554,112,112
msg,2,117,416,8454,580,112,112
msg,2,118,448,21148,553,112,112
msg,2,119,411,6002,578,112,112
msg,2,120,411,5599,552,112,112
msg,2,121,411,18985,579,112,112
msg,2,122,410,7850,579,112,112
msg,2,123,1005,6397,577,112,112
msg,2,124,444,5901,554,112,112
msg,2,125,443,6483,581,112,112
msg,2,126,443,7145,551,112,112
msg,2,127,416,6413,581,112,112
msg,2,128,443,17836,576,112,112
msg,2,129,449,7081,556,112,112
msg,2,130,410,8386,574,112,112
msg,2,131,445,20834,555,112,112
msg,2,132,452,8524,585,112,112
msg,2,133,445,5783,574,112,112
msg,2,134,436,5768,571,112,112
msg,2,135,436,8518,577,112,112
msg,2,136,427,5637,578,112,112
msg,2,137,415,20646,573,112,112
msg,2,138,410,6094,576,112,112
msg,2,139,444,5791,583,112,112
msg,2,140,438,18341,551,112,112
msg,2,141,417,8033,575,112,112
msg,2,142,408,7535,568,112,112
msg,2,143,415,5926,578,112,112
msg,2,144,412,5998,580,112,112
msg,2,145,443,5629,578,112,112
msg,2,146,407,5611,577,112,112
msg,2,147,426,16281,557,112,112
msg,2,148,414,6239,576,112,112
msg,2,149,406,6386,550,112,112
msg,2,150,411,5618,554,112,112
msg,2,151,445,19359,583,112,112
msg,2,152,412,7297,554,112,112
msg,2,153,425,6656,554,112,112
msg,2,154,413,5701,556,112,112
msg,2,155,412,5834,555,112,112
msg,2,156,415,6355,579,112,112
msg,2,157,447,5721,575,112,112
msg,2,158,445,15771,581,112,112
msg,2,159,441,5860,577,112,112
msg,2,160,448,5566,582,112,112
msg,2,161,460,5654,582,112,112
msg,2,162,439,16688,577,112,112
msg,2,163,415,6138,556,112,112
msg,2,164,459,5599,580,112,112
msg,2,165,442,5559,584,112,112
msg,2,166,441,5607,581,112,112
msg,2,167,411,7227,551,112,112
msg,2,168,450,6601,583,112,112
msg,2,169,449,15060,551,112,112
msg,2,170,408,5698,552,112,112
msg,2,171,412,5889,553,112,112
msg,2,172,412,5659,556,112,112
msg,2,173,415,19698,554,112,112
msg,2,174,449,7522,574,112,112
msg,2,175,442,5661,700,112,112
msg,2,176,456,5472,586,112,112
msg,2,177,422,8274,559,112,112
msg,2,178,408,5954,553,112,112
msg,2,179,414,19480,550,112,112
msg,2,180,443,18336,581,112,112
msg,2,181,412,18109,556,112,112
msg,2,182,443,6378,573,112,112
msg,2,183,410,6776,580,112,112
msg,2,184,413,6810,587,112,112
msg,2,185,442,6881,580,112,112
msg,2,186,438,7403,586,112,112
msg,2,187,409,5786,581,112,112
msg,2,188,410,14797,579,112,112
msg,2,189,407,5836,579,112,112
msg,2,190,411,6675,581,112,112
msg,2,191,407,5599,550,112,112
msg,2,192,413,15978,576,112,112
msg,2,193,406,7493,553,112,112
msg,2,194,410,5579,555,112,112
msg,2,195,442,5735,556,112,112
msg,2,196,444,7023,553,112,112
msg,2,197,410,10546,553,112,112
msg,2,198,978,18431,552,112,112
msg,2,199,505,6452,551,112,112
whole,2,387.482,2419.363,200
#heap 34013
#stack 3296
#end
#block pipeline TLS lorawan11_256 up
#aead AES-256-CTR+2xCMAC (LoRaWAN 1.1 frame, 256-bit keys) (BearSSL (arduino-pico)), uplink, 51 B payload + 13 B overhead
#lib wolfSSL 5.9.4
iter,tcp_ms,tls_ms,mqtt_ms,total_ms,hs_tx_B,hs_rx_B,mqtt_tx_B,mqtt_rx_B,hs_writes,hs_reads,writes,reads,free_heap_B,hs_keygen_us,hs_derive_us,hs_verify_us,hs_sign_us,hs_keygen_n,hs_derive_n,hs_verify_n,hs_sign_n
msg,iter,idx,seal_us,rtt_us,open_us,tx_B,rx_B
whole,iter,first_ms,all_ms,msgs
#suite TLS13-AES256-GCM-SHA384
0,5.3830,342.2590,25.5770,373.2190,1393,10198,45,568,2,12,3,18,166420,66647.0,72249.0,95531.0,0.0,2,2,2,0
msg,0,0,1102,6862,1070,112,112
msg,0,1,938,8834,1081,112,112
msg,0,2,932,10444,1070,112,112
msg,0,3,1012,10477,1068,112,112
msg,0,4,937,6524,1149,112,112
msg,0,5,937,5985,1072,112,112
msg,0,6,934,5667,1071,112,112
msg,0,7,935,19940,1072,112,112
msg,0,8,1018,5615,1070,112,112
msg,0,9,941,6378,1069,112,112
msg,0,10,932,5510,1058,112,112
msg,0,11,939,14851,1058,112,112
msg,0,12,934,8391,1076,112,112
msg,0,13,903,5652,1073,112,112
msg,0,14,933,6069,1071,112,112
msg,0,15,934,6655,1076,112,112
msg,0,16,926,5790,1070,112,112
msg,0,17,933,19345,1067,112,112
msg,0,18,931,8911,1074,112,112
msg,0,19,928,20752,1162,112,112
msg,0,20,904,6436,1067,112,112
msg,0,21,933,6190,1073,112,112
msg,0,22,931,5580,1068,112,112
msg,0,23,905,5524,1063,112,112
msg,0,24,931,5948,1069,112,112
msg,0,25,933,20164,1058,112,112
msg,0,26,936,5453,1069,112,112
msg,0,27,904,6023,1184,112,112
msg,0,28,938,5620,1073,112,112
msg,0,29,935,16370,1076,112,112
msg,0,30,932,8295,1062,112,112
msg,0,31,942,6189,1079,112,112
msg,0,32,931,5548,1065,112,112
msg,0,33,934,6080,1073,112,112
msg,0,34,901,5714,1079,112,112
msg,0,35,928,19991,1070,112,112
msg,0,36,940,9321,1064,112,112
msg,0,37,932,9790,1069,112,112
msg,0,38,933,10603,1062,112,112
msg,0,39,1119,8832,1069,112,112
msg,0,40,930,6610,1071,112,112
msg,0,41,1026,5570,1066,112,112
msg,0,42,937,8292,1070,112,112
msg,0,43,932,19116,1066,112,112
msg,0,44,937,6120,1069,112,112
msg,0,45,935,6218,1049,112,112
msg,0,46,930,19212,1069,112,112
msg,0,47,938,8177,1080,112,112
msg,0,48,940,7510,1070,112,112
msg,0,49,903,5529,1067,112,112
msg,0,50,939,6036,1074,112,112
msg,0,51,930,6109,1055,112,112
msg,0,52,932,17086,1064,112,112
msg,0,53,939,6653,1070,112,112
msg,0,54,934,5507,1063,112,112
msg,0,55,1028,19478,1167,112,112
msg,0,56,938,5556,1071,112,112
msg,0,57,938,9996,1056,112,112
msg,0,58,934,7059,1068,112,112
msg,0,59,1099,5503,1066,112,112
msg,0,60,928,5769,1064,112,112
msg,0,61,939,19402,1066,112,112
msg,0,62,932,6093,1068,112,112
msg,0,63,945,5478,1079,112,112
msg,0,64,939,20900,1058,112,112
msg,0,65,931,7472,1066,112,112
msg,0,66,929,9091,1063,112,112
msg,0,67,933,6406,1073,112,112
msg,0,68,932,5489,1072,112,112
msg,0,69,935,5578,1062,112,112
msg,0,70,934,12204,1072,112,112
msg,0,71,942,5512,1066,112,112
msg,0,72,937,5768,1066,112,112
msg,0,73,931,6295,1155,112,112
msg,0,74,934,15162,1069,112,112
msg,0,75,1488,9081,1071,112,112
msg,0,76,933,5453,1064,112,112
msg,0,77,935,7556,1064,112,112
msg,0,78,930,5467,1076,112,112
msg,0,79,931,20689,1070,112,112
msg,0,80,906,5757,1067,112,112
msg,0,81,904,5707,1074,112,112
msg,0,82,932,5657,1064,112,112
msg,0,83,938,15293,1055,112,112
msg,0,84,935,5770,1058,112,112
msg,0,85,930,7566,1072,112,112
msg,0,86,937,5906,1057,112,112
msg,0,87,934,9970,1063,112,112
msg,0,88,940,5707,1058,112,112
msg,0,89,935,12906,1063,112,112
msg,0,90,937,6139,1071,112,112
msg,0,91,901,5558,1064,112,112
msg,0,92,934,5474,1068,112,112
msg,0,93,945,18050,1062,112,112
msg,0,94,930,6551,1069,112,112
msg,0,95,940,6072,1076,112,112
msg,0,96,931,5477,1065,112,112
msg,0,97,933,8919,1064,112,112
msg,0,98,927,19187,1070,112,112
msg,0,99,934,5799,1080,112,112
msg,0,100,946,5994,1062,112,112
msg,0,101,932,5724,1061,112,112
msg,0,102,941,15259,1075,112,112
msg,0,103,905,8045,1080,112,112
msg,0,104,934,5426,1072,112,112
msg,0,105,931,6587,1063,112,112
msg,0,106,932,5463,1061,112,112
msg,0,107,950,6461,1073,112,112
msg,0,108,931,18107,1061,112,112
msg,0,109,938,5775,1062,112,112
msg,0,110,935,5893,1068,112,112
msg,0,111,931,19779,1068,112,112
msg,0,112,933,10146,1231,112,112
msg,0,113,944,5506,1071,112,112
msg,0,114,929,6791,1074,112,112
msg,0,115,928,7580,1068,112,112
msg,0,116,904,19621,1065,112,112
msg,0,117,936,5979,1071,112,112
msg,0,118,932,6115,1059,112,112
msg,0,119,932,19518,1067,112,112
msg,0,120,934,7311,1067,112,112
msg,0,121,933,7655,1064,112,112
msg,0,122,929,5660,1064,112,112
msg,0,123,929,5968,1069,112,112
msg,0,124,935,7261,1079,112,112
msg,0,125,938,20070,1065,112,112
msg,0,126,930,6569,1061,112,112
msg,0,127,937,7422,1076,112,112
msg,0,128,935,17482,1064,112,112
msg,0,129,935,7805,1075,112,112
msg,0,130,932,6937,1071,112,112
msg,0,131,935,5669,1163,112,112
msg,0,132,930,6729,1066,112,112
msg,0,133,938,6715,1073,112,112
msg,0,134,912,15503,1064,112,112
msg,0,135,933,6398,1057,112,112
msg,0,136,930,6265,1074,112,112
msg,0,137,926,18736,1068,112,112
msg,0,138,934,9009,1077,112,112
msg,0,139,926,5685,1076,112,112
msg,0,140,939,7012,1059,112,112
msg,0,141,934,7751,1059,112,112
msg,0,142,935,6209,1067,112,112
msg,0,143,934,15541,1065,112,112
msg,0,144,938,6033,1062,112,112
msg,0,145,933,6525,1065,112,112
msg,0,146,935,18372,1074,112,112
msg,0,147,936,8404,1068,112,112
msg,0,148,924,5674,1068,112,112
msg,0,149,931,7663,1070,112,112
msg,0,150,934,7120,1074,112,112
msg,0,151,931,5940,1076,112,112
msg,0,152,934,13075,1065,112,112
msg,0,153,938,6321,1069,112,112
msg,0,154,924,6078,1068,112,112
msg,0,155,934,19336,1065,112,112
msg,0,156,925,6020,1062,112,112
msg,0,157,932,5691,1071,112,112
msg,0,158,933,5402,1167,112,112
msg,0,159,904,5961,1075,112,112
msg,0,160,934,5651,1076,112,112
msg,0,161,928,5510,1067,112,112
msg,0,162,930,19033,1070,112,112
msg,0,163,931,10059,1063,112,112
msg,0,164,1512,18185,1153,112,112
msg,0,165,1039,5615,1066,112,112
msg,0,166,947,5959,1064,112,112
msg,0,167,938,5743,1064,112,112
msg,0,168,934,6021,1071,112,112
msg,0,169,933,6149,1152,112,112
msg,0,170,944,19536,1068,112,112
msg,0,171,928,5978,1204,112,112
msg,0,172,936,5583,1054,112,112
msg,0,173,931,21219,1071,112,112
msg,0,174,934,6883,1073,112,112
msg,0,175,903,6112,1057,112,112
msg,0,176,1032,5460,1067,112,112
msg,0,177,923,7428,1066,112,112
msg,0,178,935,8495,1064,112,112
msg,0,179,930,17818,1060,112,112
msg,0,180,930,6192,1071,112,112
msg,0,181,903,5550,1070,112,112
msg,0,182,928,19720,1067,112,112
msg,0,183,932,8770,1067,112,112
msg,0,184,931,5463,1056,112,112
msg,0,185,931,5885,1070,112,112
msg,0,186,932,5619,1061,112,112
msg,0,187,931,5956,1152,112,112
msg,0,188,946,18368,1066,112,112
msg,0,189,943,6113,1061,112,112
msg,0,190,938,6096,1069,112,112
msg,0,191,911,20721,1077,112,112
msg,0,192,932,8693,1171,112,112
msg,0,193,904,8578,1064,112,112
msg,0,194,930,8826,1069,112,112
msg,0,195,930,5443,1063,112,112
msg,0,196,933,17033,1066,112,112
msg,0,197,927,5572,1062,112,112
msg,0,198,938,5997,1070,112,112
msg,0,199,933,20446,1065,112,112
whole,0,389.955,2663.737,200
1,7.4460,338.9770,19.8200,366.2430,1393,10198,45,568,2,12,3,18,166420,66837.0,73863.0,94738.0,0.0,2,2,2,0
msg,1,0,1083,6006,1071,112,112
msg,1,1,933,20151,1072,112,112
msg,1,2,902,6433,1064,112,112
msg,1,3,939,6727,1059,112,112
msg,1,4,937,5473,1057,112,112
msg,1,5,936,5488,1075,112,112
msg,1,6,939,5698,1077,112,112
msg,1,7,940,5579,1072,112,112
msg,1,8,901,15266,1067,112,112
msg,1,9,931,7417,1063,112,112
msg,1,10,926,5982,1065,112,112
msg,1,11,931,24842,1065,112,112
msg,1,12,932,6891,1066,112,112
msg,1,13,1033,6550,1060,112,112
msg,1,14,931,6126,1069,112,112
msg,1,15,941,6820,1071,112,112
msg,1,16,935,19273,1061,112,112
msg,1,17,950,5481,1069,112,112
msg,1,18,932,5477,1075,112,112
msg,1,19,937,18855,1070,112,112
msg,1,20,907,6140,1058,112,112
msg,1,21,932,7591,1070,112,112
msg,1,22,933,6027,1066,112,112
msg,1,23,935,5659,1056,112,112
msg,1,24,933,5667,1080,112,112
msg,1,25,937,17714,1075,112,112
msg,1,26,935,5856,1051,112,112
msg,1,27,936,6328,1072,112,112
msg,1,28,937,19783,1068,112,112
msg,1,29,930,6454,1065,112,112
msg,1,30,936,5625,1063,112,112
msg,1,31,937,5504,1066,112,112
msg,1,32,939,6287,1065,112,112
msg,1,33,935,5888,1073,112,112
msg,1,34,938,5769,1069,112,112
msg,1,35,932,14858,1066,112,112
msg,1,36,906,7516,1070,112,112
msg,1,37,939,5550,1066,112,112
msg,1,38,936,20230,1075,112,112
msg,1,39,908,8427,1068,112,112
msg,1,40,934,5512,1152,112,112
msg,1,41,929,5855,1073,112,112
msg,1,42,931,8383,1079,112,112
msg,1,43,1028,5825,1055,112,112
msg,1,44,936,17986,1061,112,112
msg,1,45,932,5770,1072,112,112
msg,1,46,936,5487,1056,112,112
msg,1,47,931,19651,1070,112,112
msg,1,48,933,8540,1075,112,112
msg,1,49,931,5761,1067,112,112
msg,1,50,930,5736,1065,112,112
msg,1,51,928,6416,1067,112,112
msg,1,52,927,6133,1070,112,112
msg,1,53,935,12539,1067,112,112
msg,1,54,932,6114,1081,112,112
msg,1,55,932,5991,1066,112,112
msg,1,56,936,19442,1073,112,112
msg,1,57,927,7496,1071,112,112
msg,1,58,933,5713,1068,112,112
msg,1,59,940,5462,1065,112,112
msg,1,60,942,7866,1063,112,112
msg,1,61,932,8837,1641,112,112
msg,1,62,943,17417,1160,112,112
msg,1,63,1046,5584,1077,112,112
msg,1,64,928,5492,1068,112,112
msg,1,65,933,8096,1068,112,112
msg,1,66,936,9772,1068,112,112
msg,1,67,932,5553,1071,112,112
msg,1,68,904,9657,1065,112,112
msg,1,69,933,5996,1071,112,112
msg,1,70,938,6053,1059,112,112
msg,1,71,933,6081,1069,112,112
msg,1,72,945,16670,1075,112,112
msg,1,73,932,6138,1073,112,112
msg,1,74,897,6097,1060,112,112
msg,1,75,932,20267,1158,112,112
msg,1,76,920,8144,1058,112,112
msg,1,77,939,6114,1067,112,112
msg,1,78,1033,5489,1058,112,112
msg,1,79,932,5663,1054,112,112
msg,1,80,934,5571,1071,112,112
msg,1,81,928,15939,1059,112,112
msg,1,82,935,5481,1075,112,112
msg,1,83,933,6193,1069,112,112
msg,1,84,935,5453,1073,112,112
msg,1,85,935,15084,1068,112,112
msg,1,86,936,6417,1076,112,112
msg,1,87,940,7310,1072,112,112
msg,1,88,936,7860,1065,112,112
msg,1,89,930,6072,1076,112,112
msg,1,90,932,5453,1072,112,112
msg,1,91,937,17612,1068,112,112
msg,1,92,936,5910,1071,112,112
msg,1,93,905,6002,1068,112,112
msg,1,94,939,19116,1062,112,112
msg,1,95,932,9179,1075,112,112
msg,1,96,901,9871,1077,112,112
msg,1,97,945,5458,1074,112,112
msg,1,98,937,5539,1062,112,112
msg,1,99,931,19423,1084,112,112
msg,1,100,931,5621,1069,112,112
msg,1,101,924,5789,1065,112,112
msg,1,102,940,5469,1075,112,112
msg,1,103,937,15260,1062,112,112
msg,1,104,932,6027,1062,112,112
msg,1,105,922,7893,1069,112,112
msg,1,106,933,5449,1066,112,112
msg,1,107,927,5870,1069,112,112
msg,1,108,935,5486,1054,112,112
msg,1,109,935,19933,1066,112,112
msg,1,110,933,5459,1066,112,112
msg,1,111,930,6068,1063,112,112
msg,1,112,934,17233,1070,112,112
msg,1,113,909,6275,1066,112,112
msg,1,114,939,5498,1067,112,112
msg,1,115,934,5677,1059,112,112
msg,1,116,931,6215,1066,112,112
msg,1,117,935,6631,1067,112,112
msg,1,118,931,19698,1067,112,112
msg,1,119,933,5521,1071,112,112
msg,1,120,938,6098,1065,112,112
msg,1,121,934,5747,1066,112,112
msg,1,122,932,14649,1063,112,112
msg,1,123,935,6022,1154,112,112
msg,1,124,938,6788,1070,112,112
msg,1,125,938,5497,1069,112,112
msg,1,126,935,5551,1061,112,112
msg,1,127,948,5963,1063,112,112
msg,1,128,937,17684,1061,112,112
msg,1,129,936,5514,1178,112,112
msg,1,130,945,5575,1060,112,112
msg,1,131,999,5895,1076,112,112
msg,1,132,929,14740,1070,112,112
msg,1,133,937,10483,1064,112,112
msg,1,134,929,5599,1058,112,112
msg,1,135,934,5477,1068,112,112
msg,1,136,940,5658,1069,112,112
msg,1,137,924,5566,1073,112,112
msg,1,138,935,17680,1067,112,112
msg,1,139,934,7157,1067,112,112
msg,1,140,935,24606,1070,112,112
msg,1,141,924,8002,1055,112,112
msg,1,142,941,6610,1070,112,112
msg,1,143,935,5557,1074,112,112
msg,1,144,906,7389,1065,112,112
msg,1,145,935,5813,1070,112,112
msg,1,146,1105,18985,1158,112,112
msg,1,147,930,5503,1073,112,112
msg,1,148,932,5818,1066,112,112
msg,1,149,904,17408,1071,112,112
msg,1,150,938,6239,1076,112,112
msg,1,151,929,6987,1055,112,112
msg,1,152,937,5544,1072,112,112
msg,1,153,925,5548,1073,112,112
msg,1,154,937,5613,1062,112,112
msg,1,155,1030,5686,1068,112,112
msg,1,156,932,14726,1067,112,112
msg,1,157,933,5457,1063,112,112
msg,1,158,935,6191,1070,112,112
msg,1,159,1038,17360,1068,112,112
msg,1,160,1025,6012,1070,112,112
msg,1,161,899,6993,1074,112,112
msg,1,162,938,6097,1066,112,112
msg,1,163,931,5896,1061,112,112
msg,1,164,936,6311,1084,112,112
msg,1,165,928,18446,1075,112,112
msg,1,166,902,5793,1077,112,112
msg,1,167,898,5734,1070,112,112
msg,1,168,905,20448,1156,112,112
msg,1,169,931,6215,1070,112,112
msg,1,170,939,6978,1057,112,112
msg,1,171,934,8740,1060,112,112
msg,1,172,935,6332,1070,112,112
msg,1,173,1066,5691,1076,112,112
msg,1,174,937,16212,1059,112,112
msg,1,175,933,5512,1079,112,112
msg,1,176,931,5472,1074,112,112
msg,1,177,914,5740,1173,112,112
msg,1,178,936,12462,1068,112,112
msg,1,179,935,5706,1064,112,112
msg,1,180,930,5476,1059,112,112
msg,1,181,934,5824,1066,112,112
msg,1,182,942,7691,1061,112,112
msg,1,183,933,5621,1058,112,112
msg,1,184,937,5485,1076,112,112
msg,1,185,902,15119,1059,112,112
msg,1,186,934,5443,1071,112,112
msg,1,187,935,5624,1072,112,112
msg,1,188,937,17536,1067,112,112
msg,1,189,935,5789,1064,112,112
msg,1,190,937,5589,1065,112,112
msg,1,191,942,5574,1058,112,112
msg,1,192,934,6790,1060,112,112
msg,1,193,1092,6105,1072,112,112
msg,1,194,906,20051,1077,112,112
msg,1,195,928,5595,1074,112,112
msg,1,196,935,5539,1070,112,112
msg,1,197,935,6177,1052,112,112
msg,1,198,934,15725,1081,112,112
msg,1,199,941,7296,1066,112,112
whole,1,381.178,2566.812,200
2,4.5190,328.7710,20.0250,353.3150,1393,10198,45,568,2,12,3,18,166420,66758.0,73697.0,94693.0,0.0,2,2,2,0
msg,2,0,1080,6114,1060,112,112
msg,2,1,934,10167,1076,112,112
msg,2,2,935,9828,1172,112,112
msg,2,3,935,5596,1072,112,112
msg,2,4,931,6921,1080,112,112
msg,2,5,934,5721,1081,112,112
msg,2,6,933,5522,1071,112,112
msg,2,7,913,6569,1061,112,112
msg,2,8,933,20661,1057,112,112
msg,2,9,932,6394,1059,112,112
msg,2,10,931,6241,1067,112,112
msg,2,11,934,15855,1079,112,112
msg,2,12,946,6221,1054,112,112
msg,2,13,937,6260,1076,112,112
msg,2,14,1033,5578,1067,112,112
msg,2,15,940,5827,1069,112,112
msg,2,16,931,5563,1066,112,112
msg,2,17,937,5440,1054,112,112
msg,2,18,936,22389,1076,112,112
msg,2,19,906,6518,1067,112,112
msg,2,20,932,17401,1060,112,112
msg,2,21,934,6568,1074,112,112
msg,2,22,940,5517,1069,112,112
msg,2,23,1095,5478,1075,112,112
msg,2,24,932,5699,1072,112,112
msg,2,25,932,6104,1067,112,112
msg,2,26,935,5784,1076,112,112
msg,2,27,939,18353,1067,112,112
msg,2,28,931,5584,1158,112,112
msg,2,29,935,5592,1067,112,112
msg,2,30,937,17882,1058,112,112
msg,2,31,933,8336,1080,112,112
msg,2,32,1085,5540,1069,112,112
msg,2,33,936,5559,1075,112,112
msg,2,34,900,6107,1058,112,112
msg,2,35,933,6401,1075,112,112
msg,2,36,906,19224,1066,112,112
msg,2,37,929,5815,1066,112,112
msg,2,38,932,6078,1160,112,112
msg,2,39,927,18573,1069,112,112
msg,2,40,943,5573,1062,112,112
msg,2,41,940,6912,1074,112,112
msg,2,42,932,5446,1055,112,112
msg,2,43,934,5544,1063,112,112
msg,2,44,932,5492,1072,112,112
msg,2,45,922,17922,1071,112,112
msg,2,46,933,8441,1060,112,112
msg,2,47,935,5716,1063,112,112
msg,2,48,931,18134,1072,112,112
msg,2,49,930,6004,1056,112,112
msg,2,50,1087,5562,1059,112,112
msg,2,51,938,5518,1071,112,112
msg,2,52,934,6536,1067,112,112
msg,2,53,933,5644,1065,112,112
msg,2,54,936,5991,1076,112,112
msg,2,55,1022,15563,1068,112,112
msg,2,56,937,5760,1072,112,112
msg,2,57,940,5508,1063,112,112
msg,2,58,930,20057,1073,112,112
msg,2,59,905,9180,1065,112,112
msg,2,60,937,5524,1066,112,112
msg,2,61,928,5735,1072,112,112
msg,2,62,926,5580,1073,112,112
msg,2,63,907,5665,1070,112,112
msg,2,64,934,18184,1070,112,112
msg,2,65,1027,5918,1062,112,112
msg,2,66,935,9740,1069,112,112
msg,2,67,935,16014,1065,112,112
msg,2,68,929,5627,1067,112,112
msg,2,69,933,6735,1067,112,112
msg,2,70,931,5646,1065,112,112
msg,2,71,937,5436,1075,112,112
msg,2,72,929,6673,1074,112,112
msg,2,73,1025,17298,1066,112,112
msg,2,74,931,5717,1068,112,112
msg,2,75,936,5494,1061,112,112
msg,2,76,935,6068,1071,112,112
msg,2,77,930,15132,1239,112,112
msg,2,78,937,9225,1062,112,112
msg,2,79,936,6037,1163,112,112
msg,2,80,931,6808,1613,112,112
msg,2,81,934,6663,1064,112,112
msg,2,82,932,19754,1069,112,112
msg,2,83,934,6408,1146,112,112
msg,2,84,933,6055,1065,112,112
msg,2,85,935,19948,1214,112,112
msg,2,86,939,6165,1063,112,112
msg,2,87,924,6314,1072,112,112
msg,2,88,907,7288,1068,112,112
msg,2,89,936,10442,1073,112,112
msg,2,90,1026,21205,1059,112,112
msg,2,91,935,6139,1067,112,112
msg,2,92,930,6411,1164,112,112
msg,2,93,944,19787,1072,112,112
msg,2,94,931,6155,1053,112,112
msg,2,95,929,6130,1064,112,112
msg,2,96,1042,5573,1063,112,112
msg,2,97,935,5598,1060,112,112
msg,2,98,935,5900,1061,112,112
msg,2,99,929,5590,1058,112,112
msg,2,100,933,16773,1055,112,112
msg,2,101,935,6276,1620,112,112
msg,2,102,957,5612,1053,112,112
msg,2,103,931,17870,1062,112,112
msg,2,104,934,5521,1066,112,112
msg,2,105,934,5963,1054,112,112
msg,2,106,937,5529,1073,112,112
msg,2,107,932,5449,1078,112,112
msg,2,108,940,5647,1065,112,112
msg,2,109,932,18869,1074,112,112
msg,2,110,935,5665,1071,112,112
msg,2,111,935,5733,1067,112,112
msg,2,112,933,6201,1076,112,112
msg,2,113,927,15394,1071,112,112
msg,2,114,929,8150,1175,112,112
msg,2,115,932,7513,1072,112,112
msg,2,116,932,7169,1059,112,112
msg,2,117,946,6352,1078,112,112
msg,2,118,934,19564,1077,112,112
msg,2,119,931,5524,1071,112,112
msg,2,120,934,6840,1072,112,112
msg,2,121,936,10286,1207,112,112
msg,2,122,950,9883,1070,112,112
msg,2,123,938,5539,1160,112,112
msg,2,124,939,5733,1059,112,112
msg,2,125,1495,5610,1071,112,112
msg,2,126,899,5931,1077,112,112
msg,2,127,936,6111,1064,112,112
msg,2,128,939,17354,1065,112,112
msg,2,129,929,5581,1073,112,112
msg,2,130,908,5926,1071,112,112
msg,2,131,1028,5580,1071,112,112
msg,2,132,933,17174,1066,112,112
msg,2,133,934,8455,1070,112,112
msg,2,134,947,5454,1073,112,112
msg,2,135,937,5787,1076,112,112
msg,2,136,904,5537,1067,112,112
msg,2,137,936,5506,1065,112,112
msg,2,138,936,14660,1059,112,112
msg,2,139,934,5513,1071,112,112
msg,2,140,929,5495,1067,112,112
msg,2,141,930,5711,1070,112,112
msg,2,142,1096,16150,1060,112,112
msg,2,143,933,7984,1065,112,112
msg,2,144,935,5530,1057,112,112
msg,2,145,938,5781,1062,112,112
msg,2,146,930,5600,1078,112,112
msg,2,147,937,5432,1071,112,112
msg,2,148,1033,19385,1070,112,112
msg,2,149,935,6474,1060,112,112
msg,2,150,936,5462,1068,112,112
msg,2,151,931,16461,1072,112,112
msg,2,152,933,6377,1060,112,112
msg,2,153,935,5473,1068,112,112
msg,2,154,934,5863,1182,112,112
msg,2,155,938,5820,1065,112,112
msg,2,156,937,5651,1055,112,112
msg,2,157,941,5532,1070,112,112
msg,2,158,930,15571,1076,112,112
msg,2,159,930,5605,1162,112,112
msg,2,160,929,6016,1078,112,112
msg,2,161,1083,19052,1153,112,112
msg,2,162,936,11030,1074,112,112
msg,2,163,907,6314,1070,112,112
msg,2,164,933,6335,1072,112,112
msg,2,165,938,6133,1060,112,112
msg,2,166,1031,5993,1069,112,112
msg,2,167,934,15904,1069,112,112
msg,2,168,906,5510,1062,112,112
msg,2,169,936,6047,1079,112,112
msg,2,170,902,22582,1073,112,112
msg,2,171,923,8970,1072,112,112
msg,2,172,926,5683,1072,112,112
msg,2,173,903,6413,1062,112,112
msg,2,174,932,5577,1059,112,112
msg,2,175,933,5671,1057,112,112
msg,2,176,935,15219,1065,112,112
msg,2,177,932,5833,1065,112,112
msg,2,178,933,6511,1067,112,112
msg,2,179,931,18939,1074,112,112
msg,2,180,929,6798,1066,112,112
msg,2,181,943,7058,1066,112,112
msg,2,182,933,6171,1058,112,112
msg,2,183,934,5754,1159,112,112
msg,2,184,943,5504,1060,112,112
msg,2,185,931,18760,1056,112,112
msg,2,186,936,5919,1067,112,112
msg,2,187,933,5715,1063,112,112
msg,2,188,939,18147,1068,112,112
msg,2,189,932,6109,1080,112,112
msg,2,190,936,7003,1062,112,112
msg,2,191,948,6652,1057,112,112
msg,2,192,931,5502,1176,112,112
msg,2,193,932,5529,1077,112,112
msg,2,194,928,18623,1070,112,112
msg,2,195,935,5711,1073,112,112
msg,2,196,1027,5611,1072,112,112
msg,2,197,936,5579,1068,112,112
msg,2,198,938,14844,1062,112,112
msg,2,199,933,7168,1173,112,112
whole,2,368.437,2552.517,200
#heap 34013
#stack 3304
#end
#block pipeline TLS lorawan11_256 down
#aead AES-256-CTR+2xCMAC (LoRaWAN 1.1 frame, 256-bit keys) (BearSSL (arduino-pico)), downlink, 51 B payload + 13 B overhead
#lib wolfSSL 5.9.4
iter,tcp_ms,tls_ms,mqtt_ms,total_ms,hs_tx_B,hs_rx_B,mqtt_tx_B,mqtt_rx_B,hs_writes,hs_reads,writes,reads,free_heap_B,hs_keygen_us,hs_derive_us,hs_verify_us,hs_sign_us,hs_keygen_n,hs_derive_n,hs_verify_n,hs_sign_n
msg,iter,idx,seal_us,rtt_us,open_us,tx_B,rx_B
whole,iter,first_ms,all_ms,msgs
#suite TLS13-AES256-GCM-SHA384
0,17.7490,331.4980,11.4460,360.6930,1393,10198,45,568,2,12,3,18,166420,66710.0,73966.0,94570.0,0.0,2,2,2,0
msg,0,0,727,5721,712,112,112
msg,0,1,571,19056,688,112,112
msg,0,2,548,9880,710,112,112
msg,0,3,579,47994,688,112,112
msg,0,4,995,43135,690,112,112
msg,0,5,550,6085,707,112,112
msg,0,6,580,5737,691,112,112
msg,0,7,548,17150,715,112,112
msg,0,8,578,10074,708,112,112
msg,0,9,549,5759,805,112,112
msg,0,10,577,6181,706,112,112
msg,0,11,576,6512,714,112,112
msg,0,12,582,5454,711,112,112
msg,0,13,584,16516,716,112,112
msg,0,14,581,5430,715,112,112
msg,0,15,580,5643,719,112,112
msg,0,16,577,5554,708,112,112
msg,0,17,573,16070,708,112,112
msg,0,18,559,5403,690,112,112
msg,0,19,547,6488,689,112,112
msg,0,20,553,5336,686,112,112
msg,0,21,551,5530,682,112,112
msg,0,22,549,5543,687,112,112
msg,0,23,556,49658,686,112,112
msg,0,24,547,17873,720,112,112
msg,0,25,579,11801,775,112,112
msg,0,26,548,5740,707,112,112
msg,0,27,545,6131,712,112,112
msg,0,28,578,5410,713,112,112
msg,0,29,580,5930,797,112,112
msg,0,30,583,23378,711,112,112
msg,0,31,543,5479,709,112,112
msg,0,32,542,5714,714,112,112
msg,0,33,582,18046,690,112,112
msg,0,34,548,9378,691,112,112
msg,0,35,643,5514,684,112,112
msg,0,36,545,5656,711,112,112
msg,0,37,544,5734,709,112,112
msg,0,38,573,5682,714,112,112
msg,0,39,578,18162,706,112,112
msg,0,40,571,5681,718,112,112
msg,0,41,590,5599,709,112,112
msg,0,42,588,5532,705,112,112
msg,0,43,577,141424,725,112,112
msg,0,44,575,5939,797,112,112
msg,0,45,556,5597,711,112,112
msg,0,46,574,5759,709,112,112
msg,0,47,580,17009,710,112,112
msg,0,48,547,5636,709,112,112
msg,0,49,588,5458,706,112,112
msg,0,50,583,6245,687,112,112
msg,0,51,547,15098,714,112,112
msg,0,52,578,6123,710,112,112
msg,0,53,581,5594,717,112,112
msg,0,54,576,5769,688,112,112
msg,0,55,574,7580,688,112,112
msg,0,56,550,6169,713,112,112
msg,0,57,576,5410,711,112,112
msg,0,58,575,20177,707,112,112
msg,0,59,587,5616,710,112,112
msg,0,60,574,5703,699,112,112
msg,0,61,577,18991,713,112,112
msg,0,62,548,5415,716,112,112
msg,0,63,542,6969,720,112,112
msg,0,64,579,11430,712,112,112
msg,0,65,578,5441,713,112,112
msg,0,66,574,6030,707,112,112
msg,0,67,543,18498,711,112,112
msg,0,68,543,5788,710,112,112
msg,0,69,581,5762,708,112,112
msg,0,70,586,5451,711,112,112
msg,0,71,564,17765,710,112,112
msg,0,72,640,5683,708,112,112
msg,0,73,583,6226,706,112,112
msg,0,74,549,6867,721,112,112
msg,0,75,582,5791,686,112,112
msg,0,76,541,6307,716,112,112
msg,0,77,570,5454,713,112,112
msg,0,78,576,17680,688,112,112
msg,0,79,546,5498,689,112,112
msg,0,80,548,5970,711,112,112
msg,0,81,582,18989,694,112,112
msg,0,82,643,5685,706,112,112
msg,0,83,561,6205,689,112,112
msg,0,84,580,5565,687,112,112
msg,0,85,551,6198,714,112,112
msg,0,86,576,5374,713,112,112
msg,0,87,578,5705,709,112,112
msg,0,88,582,18076,710,112,112
msg,0,89,583,5443,714,112,112
msg,0,90,569,49199,690,112,112
msg,0,91,545,5892,717,112,112
msg,0,92,578,6304,710,112,112
msg,0,93,578,5632,715,112,112
msg,0,94,582,6314,718,112,112
msg,0,95,575,21238,689,112,112
msg,0,96,545,5943,717,112,112
msg,0,97,577,5485,720,112,112
msg,0,98,577,17197,708,112,112
msg,0,99,586,5954,712,112,112
msg,0,100,577,6278,717,112,112
msg,0,101,579,5777,686,112,112
msg,0,102,548,8184,718,112,112
msg,0,103,673,5960,708,112,112
msg,0,104,546,19053,707,112,112
msg,0,105,588,6070,707,112,112
msg,0,106,579,5271,706,112,112
msg,0,107,549,5270,693,112,112
msg,0,108,547,18604,1232,112,112
msg,0,109,579,5664,710,112,112
msg,0,110,580,5406,715,112,112
msg,0,111,571,5529,710,112,112
msg,0,112,577,6891,684,112,112
msg,0,113,545,5746,714,112,112
msg,0,114,579,7196,687,112,112
msg,0,115,544,15923,718,112,112
msg,0,116,582,5841,828,112,112
msg,0,117,546,5639,706,112,112
msg,0,118,546,5665,704,112,112
msg,0,119,587,15814,714,112,112
msg,0,120,577,5715,690,112,112
msg,0,121,644,6353,688,112,112
msg,0,122,548,5832,703,112,112
msg,0,123,543,5820,714,112,112
msg,0,124,576,6171,710,112,112
msg,0,125,545,21088,708,112,112
msg,0,126,571,6104,866,112,112
msg,0,127,578,5798,688,112,112
msg,0,128,545,5432,686,112,112
msg,0,129,574,18578,688,112,112
msg,0,130,550,5632,686,112,112
msg,0,131,550,5803,707,112,112
msg,0,132,577,6192,687,112,112
msg,0,133,545,5985,718,112,112
msg,0,134,580,5616,707,112,112
msg,0,135,581,6081,1262,112,112
msg,0,136,551,17889,804,112,112
msg,0,137,680,6565,717,112,112
msg,0,138,578,5556,717,112,112
msg,0,139,578,8106,706,112,112
msg,0,140,578,11386,708,112,112
msg,0,141,550,5772,720,112,112
msg,0,142,580,6009,682,112,112
msg,0,143,548,6033,714,112,112
msg,0,144,683,5788,688,112,112
msg,0,145,552,5899,717,112,112
msg,0,146,586,5652,711,112,112
msg,0,147,579,18334,716,112,112
msg,0,148,587,5828,686,112,112
msg,0,149,543,5746,686,112,112
msg,0,150,550,18157,713,112,112
msg,0,151,576,5819,688,112,112
msg,0,152,547,8747,710,112,112
msg,0,153,583,7118,687,112,112
msg,0,154,549,6623,704,112,112
msg,0,155,548,6269,684,112,112
msg,0,156,552,5749,702,112,112
msg,0,157,548,15293,690,112,112
msg,0,158,552,5829,709,112,112
msg,0,159,547,5826,714,112,112
msg,0,160,582,19572,715,112,112
msg,0,161,581,5766,688,112,112
msg,0,162,547,6777,708,112,112
msg,0,163,548,6358,705,112,112
msg,0,164,549,8957,716,112,112
msg,0,165,579,5575,712,112,112
msg,0,166,583,5576,711,112,112
msg,0,167,579,17459,711,112,112
msg,0,168,582,5497,687,112,112
msg,0,169,575,5344,718,112,112
msg,0,170,681,10264,714,112,112
msg,0,171,588,13851,683,112,112
msg,0,172,547,11490,781,112,112
msg,0,173,558,7257,713,112,112
msg,0,174,572,5425,707,112,112
msg,0,175,578,7055,703,112,112
msg,0,176,579,35448,711,112,112
msg,0,177,582,20212,684,112,112
msg,0,178,546,7347,685,112,112
msg,0,179,548,7097,710,112,112
msg,0,180,578,8159,705,112,112
msg,0,181,546,5961,718,112,112
msg,0,182,1137,5599,719,112,112
msg,0,183,581,5442,706,112,112
msg,0,184,576,20209,691,112,112
msg,0,185,548,6725,704,112,112
msg,0,186,592,5777,715,112,112
msg,0,187,581,14166,708,112,112
msg,0,188,589,5634,716,112,112
msg,0,189,576,6118,800,112,112
msg,0,190,544,5969,711,112,112
msg,0,191,578,9971,706,112,112
msg,0,192,558,5513,709,112,112
msg,0,193,555,5480,705,112,112
msg,0,194,556,16455,714,112,112
msg,0,195,555,5899,716,112,112
msg,0,196,675,5653,687,112,112
msg,0,197,576,5497,684,112,112
msg,0,198,577,15664,687,112,112
msg,0,199,558,5765,711,112,112
whole,0,374.826,2691.794,200
1,4.8140,336.4320,21.2570,362.5030,1393,10198,45,568,2,12,3,18,166420,66826.0,73532.0,94846.0,0.0,2,2,2,0
msg,1,0,704,10865,712,112,112
msg,1,1,576,10872,787,112,112
msg,1,2,551,6133,720,112,112
msg,1,3,584,6320,721,112,112
msg,1,4,580,5959,689,112,112
msg,1,5,550,6245,712,112,112
msg,1,6,586,7384,709,112,112
msg,1,7,578,19729,687,112,112
msg,1,8,577,6278,718,112,112
msg,1,9,581,5582,713,112,112
msg,1,10,576,6481,715,112,112
msg,1,11,581,13517,687,112,112
msg,1,12,550,5904,711,112,112
msg,1,13,575,5847,710,112,112
msg,1,14,579,6831,684,112,112
msg,1,15,548,5526,686,112,112
msg,1,16,549,5398,689,112,112
msg,1,17,548,5615,689,112,112
msg,1,18,552,17712,706,112,112
msg,1,19,581,5648,723,112,112
msg,1,20,571,6572,714,112,112
msg,1,21,577,5395,715,112,112
msg,1,22,569,17501,718,112,112
msg,1,23,572,6357,710,112,112
msg,1,24,567,5537,714,112,112
msg,1,25,571,5590,714,112,112
msg,1,26,573,5861,686,112,112
msg,1,27,555,7221,717,112,112
msg,1,28,580,5444,709,112,112
msg,1,29,577,14241,712,112,112
msg,1,30,576,6135,700,112,112
msg,1,31,544,5607,708,112,112
msg,1,32,540,5610,706,112,112
msg,1,33,575,18523,709,112,112
msg,1,34,567,5608,713,112,112
msg,1,35,578,5495,717,112,112
msg,1,36,575,5859,685,112,112
msg,1,37,549,6474,687,112,112
msg,1,38,546,7186,719,112,112
msg,1,39,576,5884,687,112,112
msg,1,40,549,13031,713,112,112
msg,1,41,583,6016,688,112,112
msg,1,42,547,5920,714,112,112
msg,1,43,585,22218,708,112,112
msg,1,44,547,5802,712,112,112
msg,1,45,579,6654,717,112,112
msg,1,46,576,5427,711,112,112
msg,1,47,576,41796,690,112,112
msg,1,48,551,9414,689,112,112
msg,1,49,548,5810,711,112,112
msg,1,50,547,19899,720,112,112
msg,1,51,573,5984,709,112,112
msg,1,52,546,7487,712,112,112
msg,1,53,652,5554,711,112,112
msg,1,54,577,5645,714,112,112
msg,1,55,573,5682,712,112,112
msg,1,56,583,20580,688,112,112
msg,1,57,573,7736,682,112,112
msg,1,58,549,8040,717,112,112
msg,1,59,574,30414,712,112,112
msg,1,60,574,6285,714,112,112
msg,1,61,574,5664,714,112,112
msg,1,62,739,5396,717,112,112
msg,1,63,587,5419,713,112,112
msg,1,64,574,5407,803,112,112
msg,1,65,579,16331,714,112,112
msg,1,66,579,6480,710,112,112
msg,1,67,579,9277,713,112,112
msg,1,68,579,18754,710,112,112
msg,1,69,579,10032,801,112,112
msg,1,70,578,5520,713,112,112
msg,1,71,580,5677,719,112,112
msg,1,72,580,5649,717,112,112
msg,1,73,579,7364,811,112,112
msg,1,74,585,16758,684,112,112
msg,1,75,547,5707,706,112,112
msg,1,76,548,8004,706,112,112
msg,1,77,589,57529,694,112,112
msg,1,78,573,7135,710,112,112
msg,1,79,581,17237,706,112,112
msg,1,80,548,5754,714,112,112
msg,1,81,573,6382,720,112,112
msg,1,82,583,6407,711,112,112
msg,1,83,572,16452,713,112,112
msg,1,84,574,10451,705,112,112
msg,1,85,579,6796,716,112,112
msg,1,86,575,7235,715,112,112
msg,1,87,578,6946,783,112,112
msg,1,88,556,6641,705,112,112
msg,1,89,546,12890,711,112,112
msg,1,90,579,7532,710,112,112
msg,1,91,569,8199,709,112,112
msg,1,92,577,18428,701,112,112
msg,1,93,548,5887,717,112,112
msg,1,94,672,6261,714,112,112
msg,1,95,579,6217,714,112,112
msg,1,96,573,5630,719,112,112
msg,1,97,574,5862,688,112,112
msg,1,98,562,5915,712,112,112
msg,1,99,574,16643,715,112,112
msg,1,100,585,6664,714,112,112
msg,1,101,580,8750,687,112,112
msg,1,102,550,9201,712,112,112
msg,1,103,580,10416,714,112,112
msg,1,104,576,15419,719,112,112
msg,1,105,584,5388,721,112,112
msg,1,106,579,5735,687,112,112
msg,1,107,578,5586,687,112,112
msg,1,108,542,6484,686,112,112
msg,1,109,547,16653,689,112,112
msg,1,110,546,6379,688,112,112
msg,1,111,544,5493,686,112,112
msg,1,112,542,18614,686,112,112
msg,1,113,545,5853,715,112,112
msg,1,114,576,7536,721,112,112
msg,1,115,576,8226,709,112,112
msg,1,116,548,6789,710,112,112
msg,1,117,570,7824,685,112,112
msg,1,118,548,18476,688,112,112
msg,1,119,548,8064,811,112,112
msg,1,120,592,5835,685,112,112
msg,1,121,546,5666,689,112,112
msg,1,122,548,12993,713,112,112
msg,1,123,577,7102,703,112,112
msg,1,124,551,6178,693,112,112
msg,1,125,553,5916,708,112,112
msg,1,126,588,8075,685,112,112
msg,1,127,552,5863,711,112,112
msg,1,128,546,5600,711,112,112
msg,1,129,576,17394,706,112,112
msg,1,130,583,5895,718,112,112
msg,1,131,575,6305,711,112,112
msg,1,132,577,18188,708,112,112
msg,1,133,572,5737,721,112,112
msg,1,134,687,7850,692,112,112
msg,1,135,547,5447,688,112,112
msg,1,136,548,5496,688,112,112
msg,1,137,545,5716,709,112,112
msg,1,138,546,5987,710,112,112
msg,1,139,581,19793,685,112,112
msg,1,140,555,5673,699,112,112
msg,1,141,545,6360,692,112,112
msg,1,142,547,19036,718,112,112
msg,1,143,580,6201,714,112,112
msg,1,144,577,6654,713,112,112
msg,1,145,578,5459,710,112,112
msg,1,146,578,5409,708,112,112
msg,1,147,575,5440,716,112,112
msg,1,148,573,5399,714,112,112
msg,1,149,578,17986,687,112,112
msg,1,150,551,6192,708,112,112
msg,1,151,581,7452,719,112,112
msg,1,152,580,20269,713,112,112
msg,1,153,581,6140,690,112,112
msg,1,154,544,5743,713,112,112
msg,1,155,577,5855,713,112,112
msg,1,156,571,5788,686,112,112
msg,1,157,553,5558,689,112,112
msg,1,158,551,5678,707,112,112
msg,1,159,548,18191,689,112,112
msg,1,160,547,6501,689,112,112
msg,1,161,547,6092,715,112,112
msg,1,162,568,35961,691,112,112
msg,1,163,546,6703,709,112,112
msg,1,164,544,6152,690,112,112
msg,1,165,578,5526,688,112,112
msg,1,166,552,7161,718,112,112
msg,1,167,577,19182,706,112,112
msg,1,168,540,5943,712,112,112
msg,1,169,582,5934,802,112,112
msg,1,170,553,9807,712,112,112
msg,1,171,579,11561,719,112,112
msg,1,172,573,9814,696,112,112
msg,1,173,562,6321,690,112,112
msg,1,174,576,6105,717,112,112
msg,1,175,579,5413,713,112,112
msg,1,176,585,5793,708,112,112
msg,1,177,581,17039,713,112,112
msg,1,178,574,5845,716,112,112
msg,1,179,585,7331,717,112,112
msg,1,180,570,5642,713,112,112
msg,1,181,583,28849,692,112,112
msg,1,182,545,5693,704,112,112
msg,1,183,573,9720,720,112,112
msg,1,184,582,5589,706,112,112
msg,1,185,589,5722,690,112,112
msg,1,186,546,16465,684,112,112
msg,1,187,705,5552,688,112,112
msg,1,188,550,5472,686,112,112
msg,1,189,554,5776,704,112,112
msg,1,190,576,16280,710,112,112
msg,1,191,546,24265,689,112,112
msg,1,192,548,5734,713,112,112
msg,1,193,544,7470,687,112,112
msg,1,194,547,17088,714,112,112
msg,1,195,573,5989,707,112,112
msg,1,196,543,8198,687,112,112
msg,1,197,550,19865,714,112,112
msg,1,198,549,7911,712,112,112
msg,1,199,585,10161,1202,112,112
whole,1,381.594,2563.226,200
2,4.7480,328.6040,16.4250,349.7770,1393,10198,45,568,2,12,3,18,166420,66756.0,74057.0,94761.0,0.0,2,2,2,0
msg,2,0,875,19334,796,112,112
msg,2,1,578,5628,715,112,112
msg,2,2,578,9884,687,112,112
msg,2,3,646,7180,714,112,112
msg,2,4,584,6254,708,112,112
msg,2,5,577,5529,708,112,112
msg,2,6,580,20371,714,112,112
msg,2,7,582,8488,716,112,112
msg,2,8,580,6199,716,112,112
msg,2,9,575,19479,710,112,112
msg,2,10,572,9070,688,112,112
msg,2,11,560,7090,715,112,112
msg,2,12,577,12443,714,112,112
msg,2,13,576,6484,717,112,112
msg,2,14,579,17082,710,112,112
msg,2,15,543,18898,723,112,112
msg,2,16,592,19899,703,112,112
msg,2,17,577,9815,713,112,112
msg,2,18,579,5743,684,112,112
msg,2,19,552,6036,715,112,112
msg,2,20,579,6124,708,112,112
msg,2,21,559,24571,707,112,112
msg,2,22,578,6914,713,112,112
msg,2,23,572,7011,707,112,112
msg,2,24,576,6058,688,112,112
msg,2,25,541,15827,710,112,112
msg,2,26,546,6806,709,112,112
msg,2,27,576,7491,717,112,112
msg,2,28,573,6612,718,112,112
msg,2,29,576,8019,708,112,112
msg,2,30,545,7419,708,112,112
msg,2,31,548,15096,714,112,112
msg,2,32,581,6681,688,112,112
msg,2,33,546,5767,710,112,112
msg,2,34,555,6225,687,112,112
msg,2,35,551,17010,717,112,112
msg,2,36,574,10742,702,112,112
msg,2,37,578,6251,714,112,112
msg,2,38,579,5581,715,112,112
msg,2,39,578,7159,707,112,112
msg,2,40,575,7321,713,112,112
msg,2,41,546,17729,713,112,112
msg,2,42,577,5808,718,112,112
msg,2,43,576,5977,704,112,112
msg,2,44,546,19026,712,112,112
msg,2,45,576,12316,709,112,112
msg,2,46,578,6705,688,112,112
msg,2,47,572,7712,688,112,112
msg,2,48,547,6901,712,112,112
msg,2,49,585,7097,684,112,112
msg,2,50,547,18347,684,112,112
msg,2,51,546,6345,710,112,112
msg,2,52,577,6390,708,112,112
msg,2,53,589,20268,720,112,112
msg,2,54,582,10217,708,112,112
msg,2,55,547,7857,714,112,112
msg,2,56,590,6317,712,112,112
msg,2,57,581,6257,709,112,112
msg,2,58,550,5528,709,112,112
msg,2,59,575,16618,712,112,112
msg,2,60,579,10685,718,112,112
msg,2,61,583,22850,688,112,112
msg,2,62,551,5678,707,112,112
msg,2,63,546,7763,710,112,112
msg,2,64,579,9738,709,112,112
msg,2,65,584,6217,712,112,112
msg,2,66,578,6264,711,112,112
msg,2,67,576,65337,717,112,112
msg,2,68,549,11125,686,112,112
msg,2,69,576,5909,710,112,112
msg,2,70,544,7623,709,112,112
msg,2,71,577,5812,715,112,112
msg,2,72,579,17197,711,112,112
msg,2,73,577,5847,686,112,112
msg,2,74,550,5890,704,112,112
msg,2,75,544,8117,687,112,112
msg,2,76,545,16902,706,112,112
msg,2,77,545,7954,708,112,112
msg,2,78,576,7173,710,112,112
msg,2,79,573,7241,709,112,112
msg,2,80,544,5980,712,112,112
msg,2,81,582,6429,714,112,112
msg,2,82,579,18942,689,112,112
msg,2,83,546,6867,717,112,112
msg,2,84,580,6074,687,112,112
msg,2,85,547,8205,710,112,112
msg,2,86,588,10694,689,112,112
msg,2,87,547,10606,686,112,112
msg,2,88,542,7593,709,112,112
msg,2,89,552,6870,714,112,112
msg,2,90,575,6731,685,112,112
msg,2,91,569,5976,706,112,112
msg,2,92,575,17217,691,112,112
msg,2,93,553,5770,703,112,112
msg,2,94,576,5733,721,112,112
msg,2,95,578,9779,689,112,112
msg,2,96,546,10480,686,112,112
msg,2,97,543,6057,707,112,112
msg,2,98,591,5803,712,112,112
msg,2,99,580,5722,798,112,112
msg,2,100,553,6319,684,112,112
msg,2,101,548,6974,709,112,112
msg,2,102,572,20980,688,112,112
msg,2,103,553,7423,686,112,112
msg,2,104,549,6283,718,112,112
msg,2,105,569,5743,685,112,112
msg,2,106,548,15905,704,112,112
msg,2,107,575,9049,776,112,112
msg,2,108,554,5802,707,112,112
msg,2,109,544,6617,716,112,112
msg,2,110,586,5709,720,112,112
msg,2,111,577,9296,715,112,112
msg,2,112,572,19821,714,112,112
msg,2,113,578,7096,712,112,112
msg,2,114,583,6377,716,112,112
msg,2,115,575,18578,716,112,112
msg,2,116,576,5718,712,112,112
msg,2,117,673,6234,718,112,112
msg,2,118,578,5503,709,112,112
msg,2,119,583,5766,688,112,112
msg,2,120,546,6642,686,112,112
msg,2,121,547,6173,712,112,112
msg,2,122,584,17284,721,112,112
msg,2,123,582,6159,706,112,112
msg,2,124,544,7172,688,112,112
msg,2,125,544,17132,717,112,112
msg,2,126,574,6209,711,112,112
msg,2,127,544,6876,711,112,112
msg,2,128,582,6508,713,112,112
msg,2,129,579,7351,711,112,112
msg,2,130,575,6581,714,112,112
msg,2,131,574,6782,688,112,112
msg,2,132,546,17023,713,112,112
msg,2,133,582,6295,708,112,112
msg,2,134,587,7142,685,112,112
msg,2,135,551,19647,703,112,112
msg,2,136,546,8605,713,112,112
msg,2,137,585,9967,682,112,112
msg,2,138,584,8863,707,112,112
msg,2,139,545,7879,704,112,112
msg,2,140,575,20654,705,112,112
msg,2,141,581,6245,1243,112,112
msg,2,142,562,6799,709,112,112
msg,2,143,579,19733,714,112,112
msg,2,144,582,8366,717,112,112
msg,2,145,591,6346,720,112,112
msg,2,146,575,6986,683,112,112
msg,2,147,546,5634,705,112,112
msg,2,148,542,6140,812,112,112
msg,2,149,562,18016,809,112,112
msg,2,150,578,11148,702,112,112
msg,2,151,547,6465,703,112,112
msg,2,152,547,19670,714,112,112
msg,2,153,575,12319,709,112,112
msg,2,154,542,6951,713,112,112
msg,2,155,583,6138,712,112,112
msg,2,156,582,6456,861,112,112
msg,2,157,583,6114,708,112,112
msg,2,158,545,12839,715,112,112
msg,2,159,579,9298,708,112,112
msg,2,160,573,6431,710,112,112
msg,2,161,546,18464,708,112,112
msg,2,162,548,9665,710,112,112
msg,2,163,577,7104,695,112,112
msg,2,164,550,6203,712,112,112
msg,2,165,572,6329,709,112,112
msg,2,166,572,6544,713,112,112
msg,2,167,573,18206,714,112,112
msg,2,168,585,7547,717,112,112
msg,2,169,576,5914,687,112,112
msg,2,170,548,21791,706,112,112
msg,2,171,560,8240,689,112,112
msg,2,172,553,7012,712,112,112
msg,2,173,569,7567,715,112,112
msg,2,174,576,8276,719,112,112
msg,2,175,573,7041,686,112,112
msg,2,176,547,17923,718,112,112
msg,2,177,574,6312,705,112,112
msg,2,178,542,6338,684,112,112
msg,2,179,547,18705,706,112,112
msg,2,180,545,7461,707,112,112
msg,2,181,544,7383,685,112,112
msg,2,182,548,5867,712,112,112
msg,2,183,576,7220,859,112,112
msg,2,184,596,6075,686,112,112
msg,2,185,548,5717,705,112,112
msg,2,186,545,13667,718,112,112
msg,2,187,579,6532,707,112,112
msg,2,188,576,6653,716,112,112
msg,2,189,574,20095,707,112,112
msg,2,190,547,6799,712,112,112
msg,2,191,579,6363,712,112,112
msg,2,192,587,5492,706,112,112
msg,2,193,578,6709,716,112,112
msg,2,194,568,6796,718,112,112
msg,2,195,550,22073,715,112,112
msg,2,196,580,5926,712,112,112
msg,2,197,673,5822,714,112,112
msg,2,198,574,7108,712,112,112
msg,2,199,579,16368,712,112,112
whole,2,381.699,2634.715,200
#heap 34013
#stack 3296
#end
#block pipeline mTLS lorawan11 up
#aead LoRaWAN-1.1 AES-128-CTR+2xCMAC (BearSSL (arduino-pico)), uplink, 51 B payload + 13 B overhead
#lib wolfSSL 5.9.4
iter,tcp_ms,tls_ms,mqtt_ms,total_ms,hs_tx_B,hs_rx_B,mqtt_tx_B,mqtt_rx_B,hs_writes,hs_reads,writes,reads,free_heap_B,hs_keygen_us,hs_derive_us,hs_verify_us,hs_sign_us,hs_keygen_n,hs_derive_n,hs_verify_n,hs_sign_n
msg,iter,idx,seal_us,rtt_us,open_us,tx_B,rx_B
whole,iter,first_ms,all_ms,msgs
#suite TLS13-AES256-GCM-SHA384
0,5.6500,771.6790,43.8100,821.1390,10308,10368,45,11640,4,14,5,20,156708,66749.0,73560.0,94594.0,347157.0,2,2,2,1
msg,0,0,859,6710,839,112,112
msg,0,1,678,20335,817,112,112
msg,0,2,672,9247,815,112,112
msg,0,3,669,6523,835,112,112
msg,0,4,699,5499,963,112,112
msg,0,5,709,7081,838,112,112
msg,0,6,701,6415,847,112,112
msg,0,7,701,16849,838,112,112
msg,0,8,706,6878,813,112,112
msg,0,9,678,6536,837,112,112
msg,0,10,707,18950,817,112,112
msg,0,11,683,6337,811,112,112
msg,0,12,667,7170,814,112,112
msg,0,13,671,6786,843,112,112
msg,0,14,728,6804,836,112,112
msg,0,15,704,5644,840,112,112
msg,0,16,715,17193,841,112,112
msg,0,17,703,6297,838,112,112
msg,0,18,698,5786,834,112,112
msg,0,19,703,6441,842,112,112
msg,0,20,704,16793,837,112,112
msg,0,21,702,7466,830,112,112
msg,0,22,704,6819,817,112,112
msg,0,23,675,5833,850,112,112
msg,0,24,709,8793,831,112,112
msg,0,25,706,21871,837,112,112
msg,0,26,670,6736,837,112,112
msg,0,27,701,5718,835,112,112
msg,0,28,679,6333,815,112,112
msg,0,29,673,18916,845,112,112
msg,0,30,701,8479,837,112,112
msg,0,31,673,5566,991,112,112
msg,0,32,715,6681,836,112,112
msg,0,33,679,6016,846,112,112
msg,0,34,703,6092,837,112,112
msg,0,35,700,17258,843,112,112
msg,0,36,703,6217,844,112,112
msg,0,37,702,6062,841,112,112
msg,0,38,798,17343,848,112,112
msg,0,39,766,7438,839,112,112
msg,0,40,705,6293,839,112,112
msg,0,41,704,5743,817,112,112
msg,0,42,680,7963,842,112,112
msg,0,43,703,6132,842,112,112
msg,0,44,706,18515,810,112,112
msg,0,45,683,5860,841,112,112
msg,0,46,707,7135,842,112,112
msg,0,47,711,11264,843,112,112
msg,0,48,704,11098,839,112,112
msg,0,49,701,7196,837,112,112
msg,0,50,707,6320,848,112,112
msg,0,51,717,5990,840,112,112
msg,0,52,705,5961,836,112,112
msg,0,53,673,5861,846,112,112
msg,0,54,717,17729,834,112,112
msg,0,55,703,6141,837,112,112
msg,0,56,704,7363,833,112,112
msg,0,57,701,19655,842,112,112
msg,0,58,701,8822,837,112,112
msg,0,59,705,7753,841,112,112
msg,0,60,674,5738,839,112,112
msg,0,61,707,6465,846,112,112
msg,0,62,803,6048,837,112,112
msg,0,63,705,17781,841,112,112
msg,0,64,708,5757,839,112,112
msg,0,65,706,5589,814,112,112
msg,0,66,676,6686,835,112,112
msg,0,67,704,18141,833,112,112
msg,0,68,704,8179,985,112,112
msg,0,69,718,5916,833,112,112
msg,0,70,714,6719,843,112,112
msg,0,71,702,6970,838,112,112
msg,0,72,704,6746,813,112,112
msg,0,73,673,17370,837,112,112
msg,0,74,714,6532,839,112,112
msg,0,75,703,5993,834,112,112
msg,0,76,701,17039,816,112,112
msg,0,77,683,7526,839,112,112
msg,0,78,703,12078,840,112,112
msg,0,79,702,7272,931,112,112
msg,0,80,706,6878,820,112,112
msg,0,81,672,6286,814,112,112
msg,0,82,669,12791,844,112,112
msg,0,83,706,5741,837,112,112
msg,0,84,801,6512,838,112,112
msg,0,85,708,5822,831,112,112
msg,0,86,701,16087,815,112,112
msg,0,87,672,7911,842,112,112
msg,0,88,702,6284,841,112,112
msg,0,89,703,6252,841,112,112
msg,0,90,794,5958,840,112,112
msg,0,91,705,7833,835,112,112
msg,0,92,702,18799,835,112,112
msg,0,93,674,6181,843,112,112
msg,0,94,700,6244,844,112,112
msg,0,95,702,18023,847,112,112
msg,0,96,700,6106,844,112,112
msg,0,97,700,6424,835,112,112
msg,0,98,703,7749,842,112,112
msg,0,99,795,10316,836,112,112
msg,0,100,700,6342,844,112,112
msg,0,101,801,18554,812,112,112
msg,0,102,687,5604,839,112,112
msg,0,103,703,5735,817,112,112
msg,0,104,672,19306,817,112,112
msg,0,105,672,6035,841,112,112
msg,0,106,673,5800,838,112,112
msg,0,107,692,5746,814,112,112
msg,0,108,671,6896,841,112,112
msg,0,109,707,8135,845,112,112
msg,0,110,701,19372,842,112,112
msg,0,111,701,5726,838,112,112
msg,0,112,700,5794,842,112,112
msg,0,113,707,6253,840,112,112
msg,0,114,703,16956,843,112,112
msg,0,115,697,5937,841,112,112
msg,0,116,706,5426,842,112,112
msg,0,117,705,5412,842,112,112
msg,0,118,707,5873,839,112,112
msg,0,119,699,5978,810,112,112
msg,0,120,672,21134,815,112,112
msg,0,121,667,5505,832,112,112
msg,0,122,697,5712,842,112,112
msg,0,123,716,6006,841,112,112
msg,0,124,705,20801,815,112,112
msg,0,125,671,7600,833,112,112
msg,0,126,703,5767,813,112,112
msg,0,127,675,8683,836,112,112
msg,0,128,707,6680,837,112,112
msg,0,129,675,19353,810,112,112
msg,0,130,674,6045,843,112,112
msg,0,131,703,7184,848,112,112
msg,0,132,705,5887,840,112,112
msg,0,133,717,15402,848,112,112
msg,0,134,700,6176,843,112,112
msg,0,135,702,6500,839,112,112
msg,0,136,670,5515,830,112,112
msg,0,137,669,8125,814,112,112
msg,0,138,673,9166,840,112,112
msg,0,139,671,17842,848,112,112
msg,0,140,728,6282,841,112,112
msg,0,141,704,5733,833,112,112
msg,0,142,700,18385,844,112,112
msg,0,143,698,6058,834,112,112
msg,0,144,703,6055,834,112,112
msg,0,145,667,5555,836,112,112
msg,0,146,702,6418,841,112,112
msg,0,147,706,7779,838,112,112
msg,0,148,695,20439,838,112,112
msg,0,149,701,6311,836,112,112
msg,0,150,705,5841,828,112,112
msg,0,151,670,5985,838,112,112
msg,0,152,683,16902,844,112,112
msg,0,153,699,6850,837,112,112
msg,0,154,716,7106,1351,112,112
msg,0,155,722,5625,815,112,112
msg,0,156,672,6343,827,112,112
msg,0,157,699,9832,841,112,112
msg,0,158,705,15705,834,112,112
msg,0,159,702,5871,835,112,112
msg,0,160,676,5748,942,112,112
msg,0,161,706,18989,842,112,112
msg,0,162,705,5766,839,112,112
msg,0,163,673,9331,817,112,112
msg,0,164,674,7166,839,112,112
msg,0,165,679,5490,832,112,112
msg,0,166,678,6686,834,112,112
msg,0,167,703,18016,837,112,112
msg,0,168,710,7268,835,112,112
msg,0,169,694,9085,833,112,112
msg,0,170,713,8077,837,112,112
msg,0,171,672,10642,843,112,112
msg,0,172,704,5828,835,112,112
msg,0,173,674,5755,841,112,112
msg,0,174,706,8293,836,112,112
msg,0,175,699,5954,840,112,112
msg,0,176,700,5572,836,112,112
msg,0,177,674,18242,835,112,112
msg,0,178,675,8386,817,112,112
msg,0,179,688,6355,834,112,112
msg,0,180,671,18480,843,112,112
msg,0,181,704,5587,844,112,112
msg,0,182,697,5832,837,112,112
msg,0,183,701,6871,811,112,112
msg,0,184,671,6042,839,112,112
msg,0,185,701,6344,841,112,112
msg,0,186,674,5844,847,112,112
msg,0,187,710,17975,837,112,112
msg,0,188,711,6255,837,112,112
msg,0,189,715,5994,835,112,112
msg,0,190,701,17445,841,112,112
msg,0,191,710,6939,829,112,112
msg,0,192,703,6125,812,112,112
msg,0,193,671,5933,836,112,112
msg,0,194,711,6591,830,112,112
msg,0,195,672,6096,808,112,112
msg,0,196,682,6784,839,112,112
msg,0,197,714,15885,834,112,112
msg,0,198,708,6717,841,112,112
msg,0,199,700,6852,841,112,112
whole,0,836.932,2986.734,200
1,5.3870,901.3910,54.1900,960.9680,10308,10368,45,11640,4,14,5,20,156708,66706.0,75209.0,94625.0,483765.0,2,2,2,1
msg,1,0,857,19137,846,112,112
msg,1,1,672,7131,837,112,112
msg,1,2,803,6389,817,112,112
msg,1,3,675,20050,843,112,112
msg,1,4,688,8680,832,112,112
msg,1,5,698,6343,838,112,112
msg,1,6,708,7057,833,112,112
msg,1,7,709,5609,843,112,112
msg,1,8,702,6218,844,112,112
msg,1,9,710,18287,845,112,112
msg,1,10,676,5995,842,112,112
msg,1,11,714,7044,840,112,112
msg,1,12,706,17476,836,112,112
msg,1,13,677,10918,830,112,112
msg,1,14,703,5893,836,112,112
msg,1,15,699,6345,835,112,112
msg,1,16,701,5679,845,112,112
msg,1,17,716,6534,829,112,112
msg,1,18,678,18413,840,112,112
msg,1,19,707,5531,933,112,112
msg,1,20,701,7100,836,112,112
msg,1,21,705,20318,837,112,112
msg,1,22,711,5775,838,112,112
msg,1,23,802,5851,814,112,112
msg,1,24,676,6368,813,112,112
msg,1,25,671,6290,830,112,112
msg,1,26,674,6115,812,112,112
msg,1,27,678,19075,842,112,112
msg,1,28,699,6070,846,112,112
msg,1,29,715,6856,836,112,112
msg,1,30,713,20822,813,112,112
msg,1,31,673,6412,837,112,112
msg,1,32,800,10814,841,112,112
msg,1,33,672,6985,846,112,112
msg,1,34,705,6605,809,112,112
msg,1,35,769,6302,828,112,112
msg,1,36,700,15073,817,112,112
msg,1,37,673,6654,831,112,112
msg,1,38,706,7607,840,112,112
msg,1,39,702,18970,841,112,112
msg,1,40,702,6078,829,112,112
msg,1,41,709,7164,836,112,112
msg,1,42,706,6730,837,112,112
msg,1,43,676,8232,842,112,112
msg,1,44,671,5928,847,112,112
msg,1,45,705,19013,840,112,112
msg,1,46,705,6659,836,112,112
msg,1,47,670,6616,837,112,112
msg,1,48,699,20145,834,112,112
msg,1,49,668,6086,814,112,112
msg,1,50,673,6708,833,112,112
msg,1,51,701,5691,835,112,112
msg,1,52,672,6516,835,112,112
msg,1,53,804,6826,845,112,112
msg,1,54,669,5634,843,112,112
msg,1,55,700,16547,841,112,112
msg,1,56,705,9124,845,112,112
msg,1,57,698,5899,832,112,112
msg,1,58,705,18972,816,112,112
msg,1,59,673,7360,813,112,112
msg,1,60,675,6389,834,112,112
msg,1,61,796,5776,838,112,112
msg,1,62,677,8214,840,112,112
msg,1,63,673,6244,845,112,112
msg,1,64,670,19946,838,112,112
msg,1,65,695,6114,838,112,112
msg,1,66,702,9207,835,112,112
msg,1,67,697,16572,835,112,112
msg,1,68,706,6380,813,112,112
msg,1,69,672,7127,840,112,112
msg,1,70,675,7138,841,112,112
msg,1,71,704,6447,819,112,112
msg,1,72,772,6263,815,112,112
msg,1,73,676,19826,845,112,112
msg,1,74,706,7826,836,112,112
msg,1,75,705,6212,836,112,112
msg,1,76,699,17969,815,112,112
msg,1,77,685,5671,838,112,112
msg,1,78,704,5624,837,112,112
msg,1,79,676,5841,839,112,112
msg,1,80,704,6507,839,112,112
msg,1,81,703,9595,839,112,112
msg,1,82,666,20306,838,112,112
msg,1,83,698,8317,929,112,112
msg,1,84,706,31736,839,112,112
msg,1,85,672,7708,837,112,112
msg,1,86,706,6308,840,112,112
msg,1,87,705,5966,837,112,112
msg,1,88,875,6460,842,112,112
msg,1,89,705,19373,842,112,112
msg,1,90,770,6835,816,112,112
msg,1,91,671,6855,845,112,112
msg,1,92,708,9691,812,112,112
msg,1,93,676,11211,816,112,112
msg,1,94,673,8607,837,112,112
msg,1,95,706,6343,940,112,112
msg,1,96,705,6048,842,112,112
msg,1,97,711,5991,840,112,112
msg,1,98,700,6106,830,112,112
msg,1,99,671,20151,812,112,112
msg,1,100,673,6182,814,112,112
msg,1,101,675,7095,845,112,112
msg,1,102,703,19057,834,112,112
msg,1,103,697,9283,845,112,112
msg,1,104,710,8835,834,112,112
msg,1,105,697,7934,820,112,112
msg,1,106,677,6494,832,112,112
msg,1,107,701,18735,840,112,112
msg,1,108,702,7110,842,112,112
msg,1,109,704,6977,841,112,112
msg,1,110,701,19347,840,112,112
msg,1,111,705,6891,838,112,112
msg,1,112,703,6043,816,112,112
msg,1,113,669,7195,816,112,112
msg,1,114,667,6411,840,112,112
msg,1,115,698,5877,840,112,112
msg,1,116,683,20290,840,112,112
msg,1,117,672,5474,838,112,112
msg,1,118,705,7065,813,112,112
msg,1,119,673,5661,839,112,112
msg,1,120,797,16002,837,112,112
msg,1,121,706,9097,832,112,112
msg,1,122,705,8252,829,112,112
msg,1,123,704,6488,838,112,112
msg,1,124,705,6433,844,112,112
msg,1,125,694,6505,815,112,112
msg,1,126,674,17246,812,112,112
msg,1,127,674,5583,832,112,112
msg,1,128,702,6023,816,112,112
msg,1,129,677,8671,838,112,112
msg,1,130,699,10545,842,112,112
msg,1,131,770,10618,834,112,112
msg,1,132,702,7631,850,112,112
msg,1,133,704,6743,832,112,112
msg,1,134,706,5485,843,112,112
msg,1,135,698,6027,838,112,112
msg,1,136,695,16561,843,112,112
msg,1,137,706,6821,833,112,112
msg,1,138,698,7434,839,112,112
msg,1,139,697,20715,817,112,112
msg,1,140,673,8284,813,112,112
msg,1,141,674,7796,843,112,112
msg,1,142,704,7019,836,112,112
msg,1,143,701,6513,843,112,112
msg,1,144,704,19765,839,112,112
msg,1,145,699,6820,837,112,112
msg,1,146,675,8157,839,112,112
msg,1,147,705,18774,835,112,112
msg,1,148,707,5993,811,112,112
msg,1,149,672,5897,841,112,112
msg,1,150,706,6761,841,112,112
msg,1,151,704,6338,839,112,112
msg,1,152,706,6491,843,112,112
msg,1,153,702,20857,832,112,112
msg,1,154,702,6455,845,112,112
msg,1,155,705,6447,834,112,112
msg,1,156,676,20991,845,112,112
msg,1,157,711,8017,832,112,112
msg,1,158,701,6355,844,112,112
msg,1,159,704,5853,839,112,112
msg,1,160,705,7030,813,112,112
msg,1,161,766,10962,836,112,112
msg,1,162,703,18387,811,112,112
msg,1,163,676,5682,837,112,112
msg,1,164,711,6324,839,112,112
msg,1,165,704,17680,815,112,112
msg,1,166,668,6021,838,112,112
msg,1,167,673,6426,819,112,112
msg,1,168,672,6841,840,112,112
msg,1,169,698,12374,838,112,112
msg,1,170,704,6627,837,112,112
msg,1,171,703,27930,839,112,112
msg,1,172,674,6287,813,112,112
msg,1,173,674,18683,834,112,112
msg,1,174,705,9107,835,112,112
msg,1,175,699,6485,844,112,112
msg,1,176,702,6165,932,112,112
msg,1,177,714,6988,1348,112,112
msg,1,178,683,21133,841,112,112
msg,1,179,702,6057,848,112,112
msg,1,180,701,6178,839,112,112
msg,1,181,795,6692,829,112,112
msg,1,182,698,15527,837,112,112
msg,1,183,703,9252,847,112,112
msg,1,184,705,6009,836,112,112
msg,1,185,699,6579,840,112,112
msg,1,186,704,6252,843,112,112
msg,1,187,704,7566,812,112,112
msg,1,188,667,19231,813,112,112
msg,1,189,689,5806,846,112,112
msg,1,190,712,5856,835,112,112
msg,1,191,701,19333,836,112,112
msg,1,192,701,5665,845,112,112
msg,1,193,674,6798,842,112,112
msg,1,194,702,7073,836,112,112
msg,1,195,694,6011,832,112,112
msg,1,196,681,5811,842,112,112
msg,1,197,700,18511,809,112,112
msg,1,198,679,7820,842,112,112
msg,1,199,702,5972,832,112,112
whole,1,988.806,3253.615,200
2,5.6880,634.8620,49.5750,690.1250,10308,10368,45,11640,4,14,5,21,156708,66521.0,73852.0,94404.0,206782.0,2,2,2,1
msg,2,0,851,18214,836,112,112
msg,2,1,700,6141,831,112,112
msg,2,2,668,7435,842,112,112
msg,2,3,701,6015,829,112,112
msg,2,4,675,8032,840,112,112
msg,2,5,669,6981,841,112,112
msg,2,6,707,18171,847,112,112
msg,2,7,696,5674,815,112,112
msg,2,8,673,6973,841,112,112
msg,2,9,698,6233,831,112,112
msg,2,10,699,15845,838,112,112
msg,2,11,701,5606,836,112,112
msg,2,12,698,6256,838,112,112
msg,2,13,675,6221,835,112,112
msg,2,14,674,6757,836,112,112
msg,2,15,706,5633,837,112,112
msg,2,16,706,19600,834,112,112
msg,2,17,799,8108,833,112,112
msg,2,18,701,11779,851,112,112
msg,2,19,706,17657,838,112,112
msg,2,20,701,8871,836,112,112
msg,2,21,702,5899,828,112,112
msg,2,22,695,8527,843,112,112
msg,2,23,705,5535,829,112,112
msg,2,24,674,21008,848,112,112
msg,2,25,678,6929,838,112,112
msg,2,26,701,6454,839,112,112
msg,2,27,798,5752,834,112,112
msg,2,28,702,17106,835,112,112
msg,2,29,707,9109,835,112,112
msg,2,30,705,6066,815,112,112
msg,2,31,673,6308,812,112,112
msg,2,32,672,5594,835,112,112
msg,2,33,799,6654,817,112,112
msg,2,34,672,19453,838,112,112
msg,2,35,700,6031,819,112,112
msg,2,36,674,6124,838,112,112
msg,2,37,675,18833,837,112,112
msg,2,38,696,6411,839,112,112
msg,2,39,710,5698,824,112,112
msg,2,40,672,8319,831,112,112
msg,2,41,701,6797,841,112,112
msg,2,42,687,6980,841,112,112
msg,2,43,701,20269,844,112,112
msg,2,44,704,7079,839,112,112
msg,2,45,723,6560,816,112,112
msg,2,46,668,18985,1385,112,112
msg,2,47,710,10114,833,112,112
msg,2,48,706,6255,928,112,112
msg,2,49,699,6995,837,112,112
msg,2,50,667,6280,835,112,112
msg,2,51,701,20313,839,112,112
msg,2,52,795,6833,817,112,112
msg,2,53,672,6006,846,112,112
msg,2,54,700,6059,843,112,112
msg,2,55,699,15308,838,112,112
msg,2,56,710,9590,813,112,112
msg,2,57,673,9065,833,112,112
msg,2,58,675,7456,813,112,112
msg,2,59,675,7458,831,112,112
msg,2,60,698,18376,839,112,112
msg,2,61,700,5990,836,112,112
msg,2,62,706,5703,841,112,112
msg,2,63,699,22528,811,112,112
msg,2,64,671,6550,835,112,112
msg,2,65,704,6489,840,112,112
msg,2,66,704,5562,841,112,112
msg,2,67,676,6049,844,112,112
msg,2,68,706,7295,834,112,112
msg,2,69,705,19863,844,112,112
msg,2,70,700,8897,835,112,112
msg,2,71,674,10652,837,112,112
msg,2,72,704,29803,825,112,112
msg,2,73,668,5610,837,112,112
msg,2,74,706,5941,833,112,112
msg,2,75,707,6360,843,112,112
msg,2,76,706,6119,832,112,112
msg,2,77,703,18707,845,112,112
msg,2,78,690,8440,841,112,112
msg,2,79,670,6671,845,112,112
msg,2,80,705,17524,839,112,112
msg,2,81,667,5535,835,112,112
msg,2,82,700,5843,840,112,112
msg,2,83,701,5949,934,112,112
msg,2,84,703,6356,846,112,112
msg,2,85,702,5459,815,112,112
msg,2,86,670,19915,842,112,112
msg,2,87,707,6235,845,112,112
msg,2,88,702,5922,837,112,112
msg,2,89,708,12144,829,112,112
msg,2,90,705,10863,812,112,112
msg,2,91,674,5607,834,112,112
msg,2,92,706,6625,842,112,112
msg,2,93,702,7454,813,112,112
msg,2,94,673,6466,835,112,112
msg,2,95,704,6516,835,112,112
msg,2,96,702,19558,836,112,112
msg,2,97,674,5553,836,112,112
msg,2,98,706,6038,815,112,112
msg,2,99,677,18599,838,112,112
msg,2,100,699,6182,839,112,112
msg,2,101,700,7566,844,112,112
msg,2,102,703,5838,830,112,112
msg,2,103,704,6125,832,112,112
msg,2,104,700,6560,839,112,112
msg,2,105,717,6127,838,112,112
msg,2,106,706,15217,845,112,112
msg,2,107,698,5796,831,112,112
msg,2,108,699,6246,835,112,112
msg,2,109,704,18645,847,112,112
msg,2,110,718,8919,835,112,112
msg,2,111,701,7040,834,112,112
msg,2,112,698,7010,814,112,112
msg,2,113,670,6448,837,112,112
msg,2,114,1290,5657,837,112,112
msg,2,115,705,17094,818,112,112
msg,2,116,669,6595,832,112,112
msg,2,117,704,5453,937,112,112
msg,2,118,719,6773,834,112,112
msg,2,119,703,16257,834,112,112
msg,2,120,703,8104,834,112,112
msg,2,121,710,6073,816,112,112
msg,2,122,678,6506,843,112,112
msg,2,123,704,6194,830,112,112
msg,2,124,700,6077,836,112,112
msg,2,125,716,19525,847,112,112
msg,2,126,697,6069,834,112,112
msg,2,127,804,5478,840,112,112
msg,2,128,701,18832,836,112,112
msg,2,129,711,6480,840,112,112
msg,2,130,697,6269,844,112,112
msg,2,131,702,5930,836,112,112
msg,2,132,695,8031,833,112,112
msg,2,133,706,5859,838,112,112
msg,2,134,676,19650,843,112,112
msg,2,135,703,5862,817,112,112
msg,2,136,673,6540,837,112,112
msg,2,137,700,6474,842,112,112
msg,2,138,703,17159,837,112,112
msg,2,139,703,7103,830,112,112
msg,2,140,707,6998,813,112,112
msg,2,141,680,5704,843,112,112
msg,2,142,702,5952,837,112,112
msg,2,143,699,6626,840,112,112
msg,2,144,705,20732,839,112,112
msg,2,145,700,6098,816,112,112
msg,2,146,671,6352,835,112,112
msg,2,147,698,16156,833,112,112
msg,2,148,671,6360,838,112,112
msg,2,149,803,7603,844,112,112
msg,2,150,706,7333,844,112,112
msg,2,151,673,6669,835,112,112
msg,2,152,706,6524,839,112,112
msg,2,153,700,18050,837,112,112
msg,2,154,700,7868,812,112,112
msg,2,155,674,6255,813,112,112
msg,2,156,673,19774,843,112,112
msg,2,157,713,7699,812,112,112
msg,2,158,675,5791,841,112,112
msg,2,159,699,5990,1396,112,112
msg,2,160,683,8433,834,112,112
msg,2,161,680,7340,840,112,112
msg,2,162,805,20540,840,112,112
msg,2,163,703,5824,837,112,112
msg,2,164,711,6774,836,112,112
msg,2,165,675,20814,841,112,112
msg,2,166,711,8009,841,112,112
msg,2,167,721,6773,815,112,112
msg,2,168,676,6293,835,112,112
msg,2,169,670,6293,836,112,112
msg,2,170,674,5911,837,112,112
msg,2,171,705,18434,813,112,112
msg,2,172,676,6015,839,112,112
msg,2,173,706,5673,835,112,112
msg,2,174,707,36356,833,112,112
msg,2,175,709,6790,814,112,112
msg,2,176,675,7108,841,112,112
msg,2,177,674,6567,841,112,112
msg,2,178,699,17931,836,112,112
msg,2,179,671,6930,849,112,112
msg,2,180,702,7154,842,112,112
msg,2,181,708,19591,812,112,112
msg,2,182,673,7177,927,112,112
msg,2,183,670,6951,843,112,112
msg,2,184,707,6738,835,112,112
msg,2,185,718,6405,839,112,112
msg,2,186,705,6368,846,112,112
msg,2,187,703,18674,816,112,112
msg,2,188,673,7310,818,112,112
msg,2,189,677,6801,842,112,112
msg,2,190,714,19332,842,112,112
msg,2,191,701,6743,831,112,112
msg,2,192,706,10650,840,112,112
msg,2,193,710,7932,836,112,112
msg,2,194,702,6164,831,112,112
msg,2,195,701,6855,811,112,112
msg,2,196,674,18096,838,112,112
msg,2,197,672,5736,839,112,112
msg,2,198,700,7382,833,112,112
msg,2,199,696,23526,836,112,112
whole,2,717.097,2976.991,200
#heap 50788
#stack 3328
#end
#block pipeline mTLS lorawan11 down
#aead LoRaWAN-1.1 AES-128-CTR+2xCMAC (BearSSL (arduino-pico)), downlink, 51 B payload + 13 B overhead
#lib wolfSSL 5.9.4
iter,tcp_ms,tls_ms,mqtt_ms,total_ms,hs_tx_B,hs_rx_B,mqtt_tx_B,mqtt_rx_B,hs_writes,hs_reads,writes,reads,free_heap_B,hs_keygen_us,hs_derive_us,hs_verify_us,hs_sign_us,hs_keygen_n,hs_derive_n,hs_verify_n,hs_sign_n
msg,iter,idx,seal_us,rtt_us,open_us,tx_B,rx_B
whole,iter,first_ms,all_ms,msgs
#suite TLS13-AES256-GCM-SHA384
0,6.3740,636.9980,42.6580,686.0300,10308,10368,45,11640,4,14,5,21,156708,66594.0,73289.0,94339.0,211637.0,2,2,2,1
msg,0,0,603,12461,554,112,112
msg,0,1,451,8264,582,112,112
msg,0,2,414,8987,582,112,112
msg,0,3,447,6051,552,112,112
msg,0,4,446,6753,555,112,112
msg,0,5,440,7109,554,112,112
msg,0,6,411,15401,559,112,112
msg,0,7,449,6267,578,112,112
msg,0,8,411,6766,576,112,112
msg,0,9,411,7040,579,112,112
msg,0,10,441,16352,570,112,112
msg,0,11,409,5986,580,112,112
msg,0,12,419,6166,551,112,112
msg,0,13,448,7956,553,112,112
msg,0,14,410,6791,555,112,112
msg,0,15,416,7095,578,112,112
msg,0,16,414,18961,586,112,112
msg,0,17,439,6552,581,112,112
msg,0,18,411,6222,553,112,112
msg,0,19,446,13067,663,112,112
msg,0,20,413,11033,581,112,112
msg,0,21,451,6391,669,112,112
msg,0,22,416,5671,554,112,112
msg,0,23,413,7626,555,112,112
msg,0,24,419,10291,580,112,112
msg,0,25,439,8590,578,112,112
msg,0,26,405,14449,552,112,112
msg,0,27,413,6439,555,112,112
msg,0,28,442,6183,573,112,112
msg,0,29,417,6430,553,112,112
msg,0,30,450,21515,577,112,112
msg,0,31,451,6765,575,112,112
msg,0,32,442,6173,550,112,112
msg,0,33,408,5959,575,112,112
msg,0,34,421,7205,577,112,112
msg,0,35,446,6707,577,112,112
msg,0,36,453,16181,559,112,112
msg,0,37,412,6158,578,112,112
msg,0,38,443,5593,1093,112,112
msg,0,39,418,6068,575,112,112
msg,0,40,415,19111,582,112,112
msg,0,41,443,5899,547,112,112
msg,0,42,443,6189,576,112,112
msg,0,43,413,6666,556,112,112
msg,0,44,411,6198,583,112,112
msg,0,45,442,5929,580,112,112
msg,0,46,449,5574,576,112,112
msg,0,47,441,14417,572,112,112
msg,0,48,413,6314,554,112,112
msg,0,49,447,7051,551,112,112
msg,0,50,415,6754,550,112,112
msg,0,51,413,20972,576,112,112
msg,0,52,411,7980,578,112,112
msg,0,53,412,7147,552,112,112
msg,0,54,450,7979,553,112,112
msg,0,55,416,9132,583,112,112
msg,0,56,442,17342,665,112,112
msg,0,57,416,6237,575,112,112
msg,0,58,442,7111,551,112,112
msg,0,59,412,6758,553,112,112
msg,0,60,413,16792,552,112,112
msg,0,61,417,6233,576,112,112
msg,0,62,443,6793,583,112,112
msg,0,63,440,6729,580,112,112
msg,0,64,449,8471,578,112,112
msg,0,65,421,6335,556,112,112
msg,0,66,447,18052,563,112,112
msg,0,67,420,5674,553,112,112
msg,0,68,415,6038,584,112,112
msg,0,69,412,6359,557,112,112
msg,0,70,416,15828,551,112,112
msg,0,71,417,5964,575,112,112
msg,0,72,413,7832,579,112,112
msg,0,73,414,7186,577,112,112
msg,0,74,442,10723,571,112,112
msg,0,75,451,5932,558,112,112
msg,0,76,417,18132,579,112,112
msg,0,77,410,6396,553,112,112
msg,0,78,427,6022,667,112,112
msg,0,79,422,6942,577,112,112
msg,0,80,416,17577,581,112,112
msg,0,81,412,6618,557,112,112
msg,0,82,411,5768,555,112,112
msg,0,83,411,6428,552,112,112
msg,0,84,458,7036,554,112,112
msg,0,85,417,7314,578,112,112
msg,0,86,445,19518,576,112,112
msg,0,87,414,5908,582,112,112
msg,0,88,451,5748,579,112,112
msg,0,89,451,5826,577,112,112
msg,0,90,446,19885,553,112,112
msg,0,91,421,5904,553,112,112
msg,0,92,415,6012,581,112,112
msg,0,93,405,6721,575,112,112
msg,0,94,411,8185,579,112,112
msg,0,95,441,9547,575,112,112
msg,0,96,437,19951,578,112,112
msg,0,97,440,5916,551,112,112
msg,0,98,443,5968,556,112,112
msg,0,99,415,9717,553,112,112
msg,0,100,510,11051,582,112,112
msg,0,101,411,6060,579,112,112
msg,0,102,439,6131,553,112,112
msg,0,103,415,6188,581,112,112
msg,0,104,444,7731,582,112,112
msg,0,105,441,6722,579,112,112
msg,0,106,446,20050,556,112,112
msg,0,107,444,7041,551,112,112
msg,0,108,421,6092,569,112,112
msg,0,109,411,6182,551,112,112
msg,0,110,449,16852,550,112,112
msg,0,111,417,6464,588,112,112
msg,0,112,444,6124,552,112,112
msg,0,113,411,7103,578,112,112
msg,0,114,412,6699,585,112,112
msg,0,115,408,6689,578,112,112
msg,0,116,414,20562,555,112,112
msg,0,117,408,6791,554,112,112
msg,0,118,409,6124,575,112,112
msg,0,119,414,5976,587,112,112
msg,0,120,444,17943,555,112,112
msg,0,121,442,5575,577,112,112
msg,0,122,447,5993,554,112,112
msg,0,123,440,5760,553,112,112
msg,0,124,441,6840,555,112,112
msg,0,125,418,6266,581,112,112
msg,0,126,444,7508,574,112,112
msg,0,127,413,16724,675,112,112
msg,0,128,424,6048,581,112,112
msg,0,129,438,5930,551,112,112
msg,0,130,443,10296,582,112,112
msg,0,131,420,11890,579,112,112
msg,0,132,449,5678,581,112,112
msg,0,133,444,6240,556,112,112
msg,0,134,418,6182,586,112,112
msg,0,135,410,6747,583,112,112
msg,0,136,411,6009,578,112,112
msg,0,137,440,5851,551,112,112
msg,0,138,445,19352,585,112,112
msg,0,139,410,6239,554,112,112
msg,0,140,447,7240,569,112,112
msg,0,141,407,18907,577,112,112
msg,0,142,437,5749,577,112,112
msg,0,143,440,6594,576,112,112
msg,0,144,407,5828,589,112,112
msg,0,145,413,7447,550,112,112
msg,0,146,413,6506,551,112,112
msg,0,147,546,5779,550,112,112
msg,0,148,426,20336,581,112,112
msg,0,149,448,7542,580,112,112
msg,0,150,410,6185,548,112,112
msg,0,151,448,14989,551,112,112
msg,0,152,413,6017,570,112,112
msg,0,153,417,6781,577,112,112
msg,0,154,412,6886,582,112,112
msg,0,155,416,6069,579,112,112
msg,0,156,440,5535,583,112,112
msg,0,157,441,6236,557,112,112
msg,0,158,408,17081,580,112,112
msg,0,159,412,5674,580,112,112
msg,0,160,409,6732,556,112,112
msg,0,161,503,6649,551,112,112
msg,0,162,412,14711,555,112,112
msg,0,163,413,5817,553,112,112
msg,0,164,413,7134,578,112,112
msg,0,165,458,6046,554,112,112
msg,0,166,444,6235,572,112,112
msg,0,167,412,6315,554,112,112
msg,0,168,444,6084,549,112,112
msg,0,169,413,17348,579,112,112
msg,0,170,444,7018,553,112,112
msg,0,171,416,6956,569,112,112
msg,0,172,413,6035,579,112,112
msg,0,173,410,15872,582,112,112
msg,0,174,439,5971,553,112,112
msg,0,175,445,5871,558,112,112
msg,0,176,418,5875,551,112,112
msg,0,177,413,5687,551,112,112
msg,0,178,411,6463,576,112,112
msg,0,179,449,7199,552,112,112
msg,0,180,413,18984,580,112,112
msg,0,181,407,6578,554,112,112
msg,0,182,412,8885,573,112,112
msg,0,183,408,18173,578,112,112
msg,0,184,447,6376,583,112,112
msg,0,185,410,5957,591,112,112
msg,0,186,444,6687,586,112,112
msg,0,187,443,7146,552,112,112
msg,0,188,452,5848,551,112,112
msg,0,189,411,6836,556,112,112
msg,0,190,412,16369,575,112,112
msg,0,191,446,7780,578,112,112
msg,0,192,444,10541,584,112,112
msg,0,193,440,16714,581,112,112
msg,0,194,439,6113,554,112,112
msg,0,195,444,5851,556,112,112
msg,0,196,414,6424,574,112,112
msg,0,197,449,7732,574,112,112
msg,0,198,444,5757,574,112,112
msg,0,199,442,6409,581,112,112
whole,0,710.514,2702.140,200
1,5.3670,495.5270,56.2700,557.1640,10308,10368,45,11640,4,14,5,20,156708,66707.0,74953.0,94449.0,82575.0,2,2,2,1
msg,1,0,696,6834,554,112,112
msg,1,1,414,6050,574,112,112
msg,1,2,412,5895,581,112,112
msg,1,3,454,5889,580,112,112
msg,1,4,449,21017,554,112,112
msg,1,5,412,9207,587,112,112
msg,1,6,407,8232,552,112,112
msg,1,7,437,16033,557,112,112
msg,1,8,427,6762,551,112,112
msg,1,9,415,6983,575,112,112
msg,1,10,410,6687,575,112,112
msg,1,11,408,6404,556,112,112
msg,1,12,413,6280,584,112,112
msg,1,13,412,20974,579,112,112
msg,1,14,439,9208,554,112,112
msg,1,15,414,10047,584,112,112
msg,1,16,418,18295,554,112,112
msg,1,17,410,6626,641,112,112
msg,1,18,440,6685,552,112,112
msg,1,19,444,6642,577,112,112
msg,1,20,441,7312,577,112,112
msg,1,21,419,5881,579,112,112
msg,1,22,409,5583,551,112,112
msg,1,23,425,13065,576,112,112
msg,1,24,410,5850,668,112,112
msg,1,25,442,9800,571,112,112
msg,1,26,447,18908,557,112,112
msg,1,27,441,5896,554,112,112
msg,1,28,413,7385,575,112,112
msg,1,29,447,5741,575,112,112
msg,1,30,447,6852,552,112,112
msg,1,31,441,5682,577,112,112
msg,1,32,456,6707,553,112,112
msg,1,33,444,20080,551,112,112
msg,1,34,413,5797,555,112,112
msg,1,35,408,7340,579,112,112
msg,1,36,441,18098,554,112,112
msg,1,37,408,6994,570,112,112
msg,1,38,410,6775,579,112,112
msg,1,39,411,6455,551,112,112
msg,1,40,415,5694,545,112,112
msg,1,41,877,14150,571,112,112
msg,1,42,444,20672,578,112,112
msg,1,43,455,6207,552,112,112
msg,1,44,411,6125,579,112,112
msg,1,45,412,18023,584,112,112
msg,1,46,446,6916,555,112,112
msg,1,47,444,8326,580,112,112
msg,1,48,422,6721,579,112,112
msg,1,49,423,9307,558,112,112
msg,1,50,406,5767,552,112,112
msg,1,51,415,18936,556,112,112
msg,1,52,416,6151,584,112,112
msg,1,53,437,5809,576,112,112
msg,1,54,433,22450,582,112,112
msg,1,55,417,5759,576,112,112
msg,1,56,411,8136,580,112,112
msg,1,57,445,5768,582,112,112
msg,1,58,444,5706,577,112,112
msg,1,59,443,5603,583,112,112
msg,1,60,443,5689,584,112,112
msg,1,61,440,17886,576,112,112
msg,1,62,448,5594,586,112,112
msg,1,63,542,5643,584,112,112
msg,1,64,440,7105,554,112,112
msg,1,65,413,18458,577,112,112
msg,1,66,443,5451,579,112,112
msg,1,67,413,5854,580,112,112
msg,1,68,412,6644,576,112,112
msg,1,69,412,6527,552,112,112
msg,1,70,412,6767,552,112,112
msg,1,71,412,6747,553,112,112
msg,1,72,412,17283,579,112,112
msg,1,73,439,6328,555,112,112
msg,1,74,414,6492,556,112,112
msg,1,75,442,18543,577,112,112
msg,1,76,442,6931,561,112,112
msg,1,77,448,6794,548,112,112
msg,1,78,447,6106,571,112,112
msg,1,79,411,6406,546,112,112
msg,1,80,442,6084,548,112,112
msg,1,81,414,6096,677,112,112
msg,1,82,441,20725,579,112,112
msg,1,83,440,6086,550,112,112
msg,1,84,433,7365,579,112,112
msg,1,85,445,23361,575,112,112
msg,1,86,411,6739,573,112,112
msg,1,87,410,5836,578,112,112
msg,1,88,423,7052,579,112,112
msg,1,89,443,6597,581,112,112
msg,1,90,442,7565,575,112,112
msg,1,91,409,18930,579,112,112
msg,1,92,441,6424,581,112,112
msg,1,93,414,6187,579,112,112
msg,1,94,441,19059,549,112,112
msg,1,95,415,6599,548,112,112
msg,1,96,445,7160,576,112,112
msg,1,97,413,7197,574,112,112
msg,1,98,445,6742,573,112,112
msg,1,99,449,7058,549,112,112
msg,1,100,411,5541,571,112,112
msg,1,101,448,22356,579,112,112
msg,1,102,407,5697,578,112,112
msg,1,103,405,6652,551,112,112
msg,1,104,408,17602,555,112,112
msg,1,105,407,6856,553,112,112
msg,1,106,411,6949,574,112,112
msg,1,107,406,6178,580,112,112
msg,1,108,442,6149,553,112,112
msg,1,109,413,5551,556,112,112
msg,1,110,442,5845,552,112,112
msg,1,111,409,14365,585,112,112
msg,1,112,440,5825,579,112,112
msg,1,113,450,5692,581,112,112
msg,1,114,445,7094,555,112,112
msg,1,115,413,18198,583,112,112
msg,1,116,416,12007,577,112,112
msg,1,117,441,5902,547,112,112
msg,1,118,447,6383,584,112,112
msg,1,119,410,5670,579,112,112
msg,1,120,412,6823,671,112,112
msg,1,121,448,19659,581,112,112
msg,1,122,419,5788,586,112,112
msg,1,123,597,6189,555,112,112
msg,1,124,418,18725,553,112,112
msg,1,125,415,6192,581,112,112
msg,1,126,409,10295,551,112,112
msg,1,127,416,8008,572,112,112
msg,1,128,412,6541,551,112,112
msg,1,129,414,5643,551,112,112
msg,1,130,441,19373,587,112,112
msg,1,131,597,7062,556,112,112
msg,1,132,412,6807,551,112,112
msg,1,133,414,6250,580,112,112
msg,1,134,437,16575,574,112,112
msg,1,135,409,5874,579,112,112
msg,1,136,410,12124,548,112,112
msg,1,137,447,6251,578,112,112
msg,1,138,409,6177,573,112,112
msg,1,139,440,5703,576,112,112
msg,1,140,444,20585,583,112,112
msg,1,141,442,7394,552,112,112
msg,1,142,413,5888,575,112,112
msg,1,143,415,17898,571,112,112
msg,1,144,414,5652,581,112,112
msg,1,145,408,7906,580,112,112
msg,1,146,414,7306,545,112,112
msg,1,147,412,5974,556,112,112
msg,1,148,412,8274,584,112,112
msg,1,149,453,6557,580,112,112
msg,1,150,445,16019,555,112,112
msg,1,151,445,6406,584,112,112
msg,1,152,413,6228,551,112,112
msg,1,153,442,19698,546,112,112
msg,1,154,448,5615,574,112,112
msg,1,155,438,6885,549,112,112
msg,1,156,448,5925,554,112,112
msg,1,157,413,13175,583,112,112
msg,1,158,421,7730,582,112,112
msg,1,159,520,19169,555,112,112
msg,1,160,443,5802,552,112,112
msg,1,161,414,5873,557,112,112
msg,1,162,415,11059,577,112,112
msg,1,163,411,11894,576,112,112
msg,1,164,412,6021,580,112,112
msg,1,165,454,6695,574,112,112
msg,1,166,440,6319,577,112,112
msg,1,167,407,6979,576,112,112
msg,1,168,409,6462,554,112,112
msg,1,169,409,19444,555,112,112
msg,1,170,451,6720,555,112,112
msg,1,171,442,5743,555,112,112
msg,1,172,458,6564,584,112,112
msg,1,173,445,18348,569,112,112
msg,1,174,412,9084,582,112,112
msg,1,175,443,6630,580,112,112
msg,1,176,532,5834,580,112,112
msg,1,177,450,5830,579,112,112
msg,1,178,445,6138,553,112,112
msg,1,179,407,18763,556,112,112
msg,1,180,414,6763,552,112,112
msg,1,181,507,7659,552,112,112
msg,1,182,411,20673,553,112,112
msg,1,183,409,8305,589,112,112
msg,1,184,456,6540,580,112,112
msg,1,185,410,6776,579,112,112
msg,1,186,414,9854,580,112,112
msg,1,187,452,10168,550,112,112
msg,1,188,416,18849,559,112,112
msg,1,189,413,6604,557,112,112
msg,1,190,443,7726,553,112,112
msg,1,191,445,18396,584,112,112
msg,1,192,446,12075,545,112,112
msg,1,193,439,9604,583,112,112
msg,1,194,1043,5958,588,112,112
msg,1,195,440,5712,580,112,112
msg,1,196,440,20501,575,112,112
msg,1,197,426,6513,558,112,112
msg,1,198,412,5749,554,112,112
msg,1,199,415,6382,576,112,112
whole,1,574.607,2685.258,200
2,4.4190,1039.0730,40.8760,1084.3680,10308,10368,45,11640,4,14,5,20,156708,66747.0,74438.0,94587.0,622189.0,2,2,2,1
msg,2,0,603,6333,579,112,112
msg,2,1,444,22443,573,112,112
msg,2,2,414,6794,575,112,112
msg,2,3,412,20463,556,112,112
msg,2,4,418,6322,577,112,112
msg,2,5,449,5772,577,112,112
msg,2,6,441,17000,555,112,112
msg,2,7,415,6375,579,112,112
msg,2,8,440,5850,572,112,112
msg,2,9,447,6820,555,112,112
msg,2,10,452,18660,573,112,112
msg,2,11,444,6085,553,112,112
msg,2,12,410,6370,579,112,112
msg,2,13,441,6662,579,112,112
msg,2,14,441,6049,554,112,112
msg,2,15,442,7456,582,112,112
msg,2,16,447,19349,552,112,112
msg,2,17,408,6107,580,112,112
msg,2,18,440,5558,578,112,112
msg,2,19,407,14059,577,112,112
msg,2,20,444,11883,552,112,112
msg,2,21,448,8022,553,112,112
msg,2,22,435,10402,555,112,112
msg,2,23,446,6439,578,112,112
msg,2,24,446,6246,555,112,112
msg,2,25,411,41711,554,112,112
msg,2,26,413,18894,557,112,112
msg,2,27,416,8516,555,112,112
msg,2,28,432,6826,553,112,112
msg,2,29,410,7079,584,112,112
msg,2,30,414,9816,581,112,112
msg,2,31,443,7400,553,112,112
msg,2,32,410,20612,549,112,112
msg,2,33,414,8608,553,112,112
msg,2,34,437,7117,552,112,112
msg,2,35,414,18492,554,112,112
msg,2,36,441,8461,578,112,112
msg,2,37,443,5804,579,112,112
msg,2,38,447,5778,579,112,112
msg,2,39,454,5537,576,112,112
msg,2,40,447,7438,589,112,112
msg,2,41,424,17961,583,112,112
msg,2,42,442,6487,582,112,112
msg,2,43,419,6816,578,112,112
msg,2,44,409,6021,579,112,112
msg,2,45,440,17722,582,112,112
msg,2,46,440,6155,558,112,112
msg,2,47,415,6443,577,112,112
msg,2,48,441,6173,552,112,112
msg,2,49,526,6804,580,112,112
msg,2,50,409,7090,582,112,112
msg,2,51,437,5797,579,112,112
msg,2,52,447,16406,574,112,112
msg,2,53,411,6561,557,112,112
msg,2,54,416,6118,578,112,112
msg,2,55,409,9450,553,112,112
msg,2,56,416,13312,582,112,112
msg,2,57,455,24502,588,112,112
msg,2,58,414,9917,578,112,112
msg,2,59,445,19894,548,112,112
msg,2,60,448,7039,555,112,112
msg,2,61,413,6156,579,112,112
msg,2,62,412,5961,578,112,112
msg,2,63,447,18597,582,112,112
msg,2,64,442,9357,554,112,112
msg,2,65,415,7979,585,112,112
msg,2,66,415,7103,579,112,112
msg,2,67,443,6334,584,112,112
msg,2,68,412,6529,550,112,112
msg,2,69,413,55635,560,112,112
msg,2,70,415,8425,579,112,112
msg,2,71,438,5911,554,112,112
msg,2,72,540,6316,580,112,112
msg,2,73,413,5854,582,112,112
msg,2,74,439,7305,551,112,112
msg,2,75,411,36733,552,112,112
msg,2,76,416,6563,554,112,112
msg,2,77,440,16533,579,112,112
msg,2,78,450,6240,551,112,112
msg,2,79,420,5982,580,112,112
msg,2,80,410,5926,584,112,112
msg,2,81,437,6776,573,112,112
msg,2,82,444,6023,551,112,112
msg,2,83,445,6798,553,112,112
msg,2,84,447,17447,574,112,112
msg,2,85,439,5757,578,112,112
msg,2,86,440,7081,554,112,112
msg,2,87,419,19308,587,112,112
msg,2,88,442,6812,578,112,112
msg,2,89,446,6358,581,112,112
msg,2,90,410,6093,581,112,112
msg,2,91,443,6200,556,112,112
msg,2,92,409,8518,552,112,112
msg,2,93,450,20479,581,112,112
msg,2,94,447,6140,551,112,112
msg,2,95,452,7537,572,112,112
msg,2,96,444,6263,576,112,112
msg,2,97,406,19825,574,112,112
msg,2,98,409,7741,576,112,112
msg,2,99,407,6147,578,112,112
msg,2,100,440,5826,580,112,112
msg,2,101,455,5847,552,112,112
msg,2,102,448,8139,578,112,112
msg,2,103,408,19076,578,112,112
msg,2,104,444,6652,577,112,112
msg,2,105,412,8768,583,112,112
msg,2,106,412,21167,560,112,112
msg,2,107,446,8428,579,112,112
msg,2,108,444,5872,578,112,112
msg,2,109,441,5956,549,112,112
msg,2,110,445,6300,580,112,112
msg,2,111,424,6201,549,112,112
msg,2,112,447,18491,578,112,112
msg,2,113,436,6146,1099,112,112
msg,2,114,448,8265,550,112,112
msg,2,115,414,20301,580,112,112
msg,2,116,450,5657,679,112,112
msg,2,117,448,8113,552,112,112
msg,2,118,414,6068,575,112,112
msg,2,119,411,6734,575,112,112
msg,2,120,413,7595,547,112,112
msg,2,121,412,7239,578,112,112
msg,2,122,442,15647,577,112,112
msg,2,123,411,5700,580,112,112
msg,2,124,410,5721,576,112,112
msg,2,125,422,5811,719,112,112
msg,2,126,447,16561,585,112,112
msg,2,127,410,6381,554,112,112
msg,2,128,422,8250,582,112,112
msg,2,129,412,6264,556,112,112
msg,2,130,410,5427,582,112,112
msg,2,131,447,6308,552,112,112
msg,2,132,414,5855,576,112,112
msg,2,133,412,17328,550,112,112
msg,2,134,454,5887,553,112,112
msg,2,135,414,6459,574,112,112
msg,2,136,445,19125,556,112,112
msg,2,137,416,13871,555,112,112
msg,2,138,409,8589,555,112,112
msg,2,139,412,6949,669,112,112
msg,2,140,416,5947,575,112,112
msg,2,141,412,6015,578,112,112
msg,2,142,439,21033,552,112,112
msg,2,143,416,5943,550,112,112
msg,2,144,414,6136,593,112,112
msg,2,145,441,18848,577,112,112
msg,2,146,441,6788,576,112,112
msg,2,147,442,8902,548,112,112
msg,2,148,442,7436,581,112,112
msg,2,149,437,6393,568,112,112
msg,2,150,415,5878,580,112,112
msg,2,151,422,17600,554,112,112
msg,2,152,413,6925,579,112,112
msg,2,153,409,5650,573,112,112
msg,2,154,416,6127,588,112,112
msg,2,155,439,18165,551,112,112
msg,2,156,416,5546,552,112,112
msg,2,157,444,11522,583,112,112
msg,2,158,455,43725,588,112,112
msg,2,159,438,7578,580,112,112
msg,2,160,408,7451,554,112,112
msg,2,161,422,19559,552,112,112
msg,2,162,443,5727,554,112,112
msg,2,163,448,7413,576,112,112
msg,2,164,434,5948,579,112,112
msg,2,165,437,6209,554,112,112
msg,2,166,411,10382,700,112,112
msg,2,167,450,18474,675,112,112
msg,2,168,447,5627,581,112,112
msg,2,169,443,5704,586,112,112
msg,2,170,445,5855,577,112,112
msg,2,171,444,22350,578,112,112
msg,2,172,412,6815,580,112,112
msg,2,173,414,6015,568,112,112
msg,2,174,445,8928,552,112,112
msg,2,175,444,7134,575,112,112
msg,2,176,414,20093,586,112,112
msg,2,177,446,5549,579,112,112
msg,2,178,418,8198,555,112,112
msg,2,179,446,5728,557,112,112
msg,2,180,439,19045,556,112,112
msg,2,181,413,7863,548,112,112
msg,2,182,415,6020,583,112,112
msg,2,183,556,7146,555,112,112
msg,2,184,409,7498,575,112,112
msg,2,185,437,5885,553,112,112
msg,2,186,445,20002,551,112,112
msg,2,187,411,5902,577,112,112
msg,2,188,410,5520,553,112,112
msg,2,189,418,5428,584,112,112
msg,2,190,440,16027,551,112,112
msg,2,191,447,10470,581,112,112
msg,2,192,448,5905,551,112,112
msg,2,193,439,7224,579,112,112
msg,2,194,413,15637,551,112,112
msg,2,195,409,17320,573,112,112
msg,2,196,443,6702,580,112,112
msg,2,197,446,8652,586,112,112
msg,2,198,446,17837,577,112,112
msg,2,199,444,5606,582,112,112
whole,2,1100.442,3383.512,200
#heap 50788
#stack 3296
#end
#block pipeline mTLS lorawan11_256 up
#aead AES-256-CTR+2xCMAC (LoRaWAN 1.1 frame, 256-bit keys) (BearSSL (arduino-pico)), uplink, 51 B payload + 13 B overhead
#lib wolfSSL 5.9.4
iter,tcp_ms,tls_ms,mqtt_ms,total_ms,hs_tx_B,hs_rx_B,mqtt_tx_B,mqtt_rx_B,hs_writes,hs_reads,writes,reads,free_heap_B,hs_keygen_us,hs_derive_us,hs_verify_us,hs_sign_us,hs_keygen_n,hs_derive_n,hs_verify_n,hs_sign_n
msg,iter,idx,seal_us,rtt_us,open_us,tx_B,rx_B
whole,iter,first_ms,all_ms,msgs
#suite TLS13-AES256-GCM-SHA384
0,5.4070,646.2430,41.1770,692.8270,10308,10368,45,11640,4,14,5,20,156708,66681.0,73476.0,94641.0,221130.0,2,2,2,1
msg,0,0,1091,5706,1071,112,112
msg,0,1,934,9740,1063,112,112
msg,0,2,933,16605,1069,112,112
msg,0,3,938,13264,1063,112,112
msg,0,4,943,7710,1072,112,112
msg,0,5,932,8122,1064,112,112
msg,0,6,936,5915,1059,112,112
msg,0,7,930,15959,1077,112,112
msg,0,8,930,6016,1068,112,112
msg,0,9,933,6026,1153,112,112
msg,0,10,936,17234,1163,112,112
msg,0,11,927,6399,1063,112,112
msg,0,12,935,6877,1068,112,112
msg,0,13,933,46843,1082,112,112
msg,0,14,935,6764,1072,112,112
msg,0,15,939,7881,1069,112,112
msg,0,16,901,18268,1065,112,112
msg,0,17,930,26150,1079,112,112
msg,0,18,931,5901,1075,112,112
msg,0,19,930,5774,1068,112,112
msg,0,20,926,16800,1077,112,112
msg,0,21,937,6185,1066,112,112
msg,0,22,1027,6203,1070,112,112
msg,0,23,933,18477,1067,112,112
msg,0,24,932,6892,1067,112,112
msg,0,25,903,8112,1055,112,112
msg,0,26,945,5796,1060,112,112
msg,0,27,929,7621,1075,112,112
msg,0,28,939,5846,1056,112,112
msg,0,29,935,15164,1075,112,112
msg,0,30,933,6217,1179,112,112
msg,0,31,933,6198,1066,112,112
msg,0,32,931,16654,1067,112,112
msg,0,33,1482,6890,1053,112,112
msg,0,34,931,5618,1066,112,112
msg,0,35,934,6615,1076,112,112
msg,0,36,918,7254,1064,112,112
msg,0,37,932,6484,1067,112,112
msg,0,38,934,21165,1074,112,112
msg,0,39,941,5621,1063,112,112
msg,0,40,935,5615,1059,112,112
msg,0,41,935,18997,1068,112,112
msg,0,42,936,5485,1148,112,112
msg,0,43,935,5995,1061,112,112
msg,0,44,932,6173,1078,112,112
msg,0,45,923,5471,1063,112,112
msg,0,46,934,5565,1063,112,112
msg,0,47,935,18254,1075,112,112
msg,0,48,931,8388,1061,112,112
msg,0,49,932,6148,1075,112,112
msg,0,50,938,17398,1065,112,112
msg,0,51,933,7570,1063,112,112
msg,0,52,934,6975,1068,112,112
msg,0,53,933,6512,1162,112,112
msg,0,54,940,6469,1058,112,112
msg,0,55,937,6889,1063,112,112
msg,0,56,1526,19430,1164,112,112
msg,0,57,930,8583,1066,112,112
msg,0,58,938,6043,1070,112,112
msg,0,59,1011,15939,1070,112,112
msg,0,60,936,7137,1067,112,112
msg,0,61,930,6177,1074,112,112
msg,0,62,929,6058,1058,112,112
msg,0,63,935,5692,1082,112,112
msg,0,64,932,5419,1220,112,112
msg,0,65,947,20824,1068,112,112
msg,0,66,937,5773,1079,112,112
msg,0,67,933,6183,1069,112,112
msg,0,68,947,17606,1067,112,112
msg,0,69,941,5632,1064,112,112
msg,0,70,931,6383,1068,112,112
msg,0,71,934,6898,1054,112,112
msg,0,72,929,6083,1068,112,112
msg,0,73,937,5957,1072,112,112
msg,0,74,947,16680,1062,112,112
msg,0,75,936,6555,1063,112,112
msg,0,76,928,6397,1065,112,112
msg,0,77,1024,18147,1067,112,112
msg,0,78,933,6581,1061,112,112
msg,0,79,1038,5925,1060,112,112
msg,0,80,932,6041,1074,112,112
msg,0,81,934,6687,1070,112,112
msg,0,82,900,5634,1076,112,112
msg,0,83,932,19085,1065,112,112
msg,0,84,940,6686,1070,112,112
msg,0,85,927,7324,1062,112,112
msg,0,86,936,18412,1059,112,112
msg,0,87,931,5508,1067,112,112
msg,0,88,929,8796,1174,112,112
msg,0,89,934,6632,1066,112,112
msg,0,90,931,5945,1058,112,112
msg,0,91,934,6369,1077,112,112
msg,0,92,903,16495,1066,112,112
msg,0,93,940,8448,1059,112,112
msg,0,94,931,5865,1063,112,112
msg,0,95,939,18097,1070,112,112
msg,0,96,932,5623,1060,112,112
msg,0,97,932,5608,1165,112,112
msg,0,98,932,5572,1066,112,112
msg,0,99,933,5852,1066,112,112
msg,0,100,935,8445,1077,112,112
msg,0,101,931,18014,1067,112,112
msg,0,102,935,7953,1062,112,112
msg,0,103,935,6611,1064,112,112
msg,0,104,932,18049,1072,112,112
msg,0,105,934,6736,1070,112,112
msg,0,106,931,6179,1073,112,112
msg,0,107,937,16517,1076,112,112
msg,0,108,903,8201,1061,112,112
msg,0,109,929,18710,1049,112,112
msg,0,110,939,6833,1061,112,112
msg,0,111,932,7609,1081,112,112
msg,0,112,938,13371,1071,112,112
msg,0,113,933,5945,1071,112,112
msg,0,114,932,6106,1060,112,112
msg,0,115,935,6205,1068,112,112
msg,0,116,927,6894,1075,112,112
msg,0,117,898,6878,1071,112,112
msg,0,118,939,17464,1072,112,112
msg,0,119,937,6613,1059,112,112
msg,0,120,934,9121,1077,112,112
msg,0,121,932,16874,1081,112,112
msg,0,122,949,6531,1073,112,112
msg,0,123,934,5867,1176,112,112
msg,0,124,935,5752,1086,112,112
msg,0,125,933,6287,1073,112,112
msg,0,126,934,5757,1070,112,112
msg,0,127,934,18891,1068,112,112
msg,0,128,903,63285,1189,112,112
msg,0,129,928,6404,1073,112,112
msg,0,130,946,5612,1078,112,112
msg,0,131,927,34056,1061,112,112
msg,0,132,933,6359,1071,112,112
msg,0,133,901,21664,1071,112,112
msg,0,134,935,6052,1067,112,112
msg,0,135,930,6928,1062,112,112
msg,0,136,927,5566,1069,112,112
msg,0,137,936,5522,1075,112,112
msg,0,138,1034,18095,1153,112,112
msg,0,139,943,5819,1068,112,112
msg,0,140,938,5404,1065,112,112
msg,0,141,937,6232,1069,112,112
msg,0,142,929,16601,1068,112,112
msg,0,143,939,8780,1066,112,112
msg,0,144,933,5946,1065,112,112
msg,0,145,933,5935,1077,112,112
msg,0,146,932,6214,1060,112,112
msg,0,147,1024,6057,1067,112,112
msg,0,148,928,18029,1072,112,112
msg,0,149,933,6008,1053,112,112
msg,0,150,932,5831,1054,112,112
msg,0,151,939,17826,1057,112,112
msg,0,152,936,7665,1053,112,112
msg,0,153,937,6202,1067,112,112
msg,0,154,932,6726,1061,112,112
msg,0,155,929,5948,1165,112,112
msg,0,156,912,5982,1065,112,112
msg,0,157,935,17794,1087,112,112
msg,0,158,1486,6314,1055,112,112
msg,0,159,945,6435,1068,112,112
msg,0,160,928,18705,1076,112,112
msg,0,161,904,9774,1071,112,112
msg,0,162,1090,6683,1074,112,112
msg,0,163,930,8885,1079,112,112
msg,0,164,943,6347,1074,112,112
msg,0,165,901,20539,1066,112,112
msg,0,166,943,7140,1175,112,112
msg,0,167,939,8499,1069,112,112
msg,0,168,905,16832,1070,112,112
msg,0,169,941,7665,1225,112,112
msg,0,170,933,5542,1072,112,112
msg,0,171,926,5788,1079,112,112
msg,0,172,914,5494,1065,112,112
msg,0,173,935,5904,1065,112,112
msg,0,174,939,18351,1057,112,112
msg,0,175,936,5907,1064,112,112
msg,0,176,934,5672,1066,112,112
msg,0,177,934,19624,1060,112,112
msg,0,178,930,9326,1073,112,112
msg,0,179,935,6466,1065,112,112
msg,0,180,934,5553,1061,112,112
msg,0,181,1027,5577,1048,112,112
msg,0,182,929,5833,1058,112,112
msg,0,183,933,17616,1083,112,112
msg,0,184,936,5641,1072,112,112
msg,0,185,925,6438,1070,112,112
msg,0,186,932,37452,1075,112,112
msg,0,187,942,6001,1070,112,112
msg,0,188,1035,5967,1070,112,112
msg,0,189,926,6504,1070,112,112
msg,0,190,929,15454,1065,112,112
msg,0,191,931,6371,1068,112,112
msg,0,192,925,6205,1060,112,112
msg,0,193,936,19739,1067,112,112
msg,0,194,940,8639,1070,112,112
msg,0,195,931,5971,1067,112,112
msg,0,196,943,5834,1059,112,112
msg,0,197,937,7527,1061,112,112
msg,0,198,933,5947,1073,112,112
msg,0,199,1036,19290,1056,112,112
whole,0,719.932,3169.962,200
1,5.4570,506.1620,42.0070,553.6260,10308,10368,45,11640,4,14,5,21,156708,66627.0,73584.0,95331.0,82840.0,2,2,2,1
msg,1,0,1092,6288,1073,112,112
msg,1,1,933,6616,1077,112,112
msg,1,2,935,7024,1057,112,112
msg,1,3,931,16781,1059,112,112
msg,1,4,931,5977,1061,112,112
msg,1,5,935,6148,1069,112,112
msg,1,6,903,18917,1077,112,112
msg,1,7,932,8208,1062,112,112
msg,1,8,931,7073,1072,112,112
msg,1,9,934,9268,1056,112,112
msg,1,10,936,6468,1075,112,112
msg,1,11,932,17578,1066,112,112
msg,1,12,903,5831,1070,112,112
msg,1,13,902,5779,1074,112,112
msg,1,14,905,11339,1077,112,112
msg,1,15,942,10697,1066,112,112
msg,1,16,927,8108,1064,112,112
msg,1,17,934,6572,1061,112,112
msg,1,18,933,5987,1068,112,112
msg,1,19,952,6257,1055,112,112
msg,1,20,936,5833,1158,112,112
msg,1,21,938,16907,1066,112,112
msg,1,22,928,6251,1078,112,112
msg,1,23,934,6647,1071,112,112
msg,1,24,929,16195,1068,112,112
msg,1,25,935,6355,1073,112,112
msg,1,26,933,6694,1076,112,112
msg,1,27,934,6329,1066,112,112
msg,1,28,924,11000,1069,112,112
msg,1,29,933,5910,1070,112,112
msg,1,30,929,16200,1064,112,112
msg,1,31,947,6381,1067,112,112
msg,1,32,934,5941,1051,112,112
msg,1,33,934,19965,1165,112,112
msg,1,34,929,9760,1069,112,112
msg,1,35,935,5570,1164,112,112
msg,1,36,936,7426,1085,112,112
msg,1,37,935,7083,1064,112,112
msg,1,38,932,18506,1053,112,112
msg,1,39,937,6785,1154,112,112
msg,1,40,938,7114,1070,112,112
msg,1,41,1093,17911,1071,112,112
msg,1,42,1027,13227,1067,112,112
msg,1,43,934,6284,1066,112,112
msg,1,44,936,10602,1069,112,112
msg,1,45,935,6138,1064,112,112
msg,1,46,929,19285,1077,112,112
msg,1,47,903,7339,1061,112,112
msg,1,48,934,5922,1069,112,112
msg,1,49,934,19774,1066,112,112
msg,1,50,933,9786,1068,112,112
msg,1,51,935,6084,1071,112,112
msg,1,52,928,6326,1063,112,112
msg,1,53,933,6481,1055,112,112
msg,1,54,927,19049,1061,112,112
msg,1,55,931,5968,1072,112,112
msg,1,56,930,5823,1071,112,112
msg,1,57,904,5852,1070,112,112
msg,1,58,929,14881,1065,112,112
msg,1,59,934,5914,1055,112,112
msg,1,60,932,7533,1081,112,112
msg,1,61,931,6128,1063,112,112
msg,1,62,935,5746,1066,112,112
msg,1,63,937,5472,1067,112,112
msg,1,64,1107,19021,1159,112,112
msg,1,65,929,6075,1073,112,112
msg,1,66,1097,5741,1081,112,112
msg,1,67,935,17603,1076,112,112
msg,1,68,927,5723,1074,112,112
msg,1,69,930,7396,1067,112,112
msg,1,70,933,6574,1063,112,112
msg,1,71,946,8453,1078,112,112
msg,1,72,935,6243,1067,112,112
msg,1,73,935,18718,1072,112,112
msg,1,74,946,6596,1065,112,112
msg,1,75,931,6066,1075,112,112
msg,1,76,933,27931,1069,112,112
msg,1,77,929,17645,1075,112,112
msg,1,78,905,30293,1068,112,112
msg,1,79,936,5941,1067,112,112
msg,1,80,932,11471,1058,112,112
msg,1,81,925,30983,1065,112,112
msg,1,82,942,8906,1165,112,112
msg,1,83,940,8391,1068,112,112
msg,1,84,933,7167,1171,112,112
msg,1,85,902,16954,1230,112,112
msg,1,86,942,6469,1074,112,112
msg,1,87,937,5798,1070,112,112
msg,1,88,931,20454,1074,112,112
msg,1,89,941,7866,1069,112,112
msg,1,90,929,5756,1073,112,112
msg,1,91,933,5568,1066,112,112
msg,1,92,938,5576,1072,112,112
msg,1,93,938,6418,1060,112,112
msg,1,94,935,17065,1071,112,112
msg,1,95,945,5997,1076,112,112
msg,1,96,931,6160,1056,112,112
msg,1,97,939,19296,1169,112,112
msg,1,98,911,8043,1078,112,112
msg,1,99,941,5639,1075,112,112
msg,1,100,930,8836,1079,112,112
msg,1,101,1122,5696,1056,112,112
msg,1,102,933,5551,1067,112,112
msg,1,103,930,16856,1089,112,112
msg,1,104,928,6396,1072,112,112
msg,1,105,931,5987,1070,112,112
msg,1,106,929,17926,1063,112,112
msg,1,107,947,7856,1064,112,112
msg,1,108,931,5770,1065,112,112
msg,1,109,942,5949,1066,112,112
msg,1,110,932,6412,1057,112,112
msg,1,111,937,6081,1066,112,112
msg,1,112,933,20503,1073,112,112
msg,1,113,933,7760,1059,112,112
msg,1,114,936,6112,1065,112,112
msg,1,115,938,16589,1058,112,112
msg,1,116,930,7518,1061,112,112
msg,1,117,931,5773,1057,112,112
msg,1,118,932,5966,1066,112,112
msg,1,119,935,5562,1059,112,112
msg,1,120,929,5744,1056,112,112
msg,1,121,931,22918,1074,112,112
msg,1,122,936,5962,1156,112,112
msg,1,123,938,6127,1070,112,112
msg,1,124,939,15745,1070,112,112
msg,1,125,933,9469,1064,112,112
msg,1,126,1029,5813,1075,112,112
msg,1,127,934,5833,1066,112,112
msg,1,128,931,5679,1074,112,112
msg,1,129,931,6278,1060,112,112
msg,1,130,930,17342,1069,112,112
msg,1,131,936,6367,1168,112,112
msg,1,132,927,7310,1058,112,112
msg,1,133,932,16673,1059,112,112
msg,1,134,933,6165,1063,112,112
msg,1,135,934,7158,1065,112,112
msg,1,136,938,6416,1068,112,112
msg,1,137,932,5835,1072,112,112
msg,1,138,930,6020,1072,112,112
msg,1,139,923,18446,1075,112,112
msg,1,140,940,7595,1066,112,112
msg,1,141,928,7403,1057,112,112
msg,1,142,933,16551,1069,112,112
msg,1,143,925,5463,1069,112,112
msg,1,144,934,5867,1075,112,112
msg,1,145,903,7093,1053,112,112
msg,1,146,930,6154,1064,112,112
msg,1,147,933,7021,1067,112,112
msg,1,148,935,16472,1068,112,112
msg,1,149,931,6772,1066,112,112
msg,1,150,933,9741,1065,112,112
msg,1,151,933,18166,1072,112,112
msg,1,152,928,8788,1073,112,112
msg,1,153,933,7266,1063,112,112
msg,1,154,932,5604,1062,112,112
msg,1,155,937,8079,1062,112,112
msg,1,156,940,19170,1076,112,112
msg,1,157,932,7159,1057,112,112
msg,1,158,934,6067,1066,112,112
msg,1,159,930,18947,1069,112,112
msg,1,160,931,5828,1071,112,112
msg,1,161,936,6275,1157,112,112
msg,1,162,935,5619,1057,112,112
msg,1,163,933,5905,1066,112,112
msg,1,164,935,6153,1064,112,112
msg,1,165,935,20103,1078,112,112
msg,1,166,936,6313,1069,112,112
msg,1,167,931,5415,1069,112,112
msg,1,168,939,20411,1060,112,112
msg,1,169,933,5692,1054,112,112
msg,1,170,941,6282,1075,112,112
msg,1,171,929,6194,1149,112,112
msg,1,172,944,6731,1061,112,112
msg,1,173,937,7332,1069,112,112
msg,1,174,1097,17155,1066,112,112
msg,1,175,1028,6766,1066,112,112
msg,1,176,928,6348,1078,112,112
msg,1,177,939,19296,1065,112,112
msg,1,178,941,6836,1067,112,112
msg,1,179,928,6540,1065,112,112
msg,1,180,932,5664,1058,112,112
msg,1,181,936,5952,1062,112,112
msg,1,182,935,6119,1230,112,112
msg,1,183,944,18362,1064,112,112
msg,1,184,927,5521,1063,112,112
msg,1,185,932,6651,1064,112,112
msg,1,186,932,20308,1169,112,112
msg,1,187,930,5924,1060,112,112
msg,1,188,1114,11420,1071,112,112
msg,1,189,936,5799,1172,112,112
msg,1,190,936,5766,1059,112,112
msg,1,191,1097,5499,1080,112,112
msg,1,192,930,14806,1053,112,112
msg,1,193,927,6534,1074,112,112
msg,1,194,933,5847,1063,112,112
msg,1,195,930,19987,1057,112,112
msg,1,196,935,6202,1064,112,112
msg,1,197,937,5857,1167,112,112
msg,1,198,903,6744,1075,112,112
msg,1,199,903,6134,1055,112,112
whole,1,568.702,2928.261,200
2,4.7500,1163.2150,49.4150,1217.3800,10308,10368,45,11640,4,14,5,20,156708,66663.0,73568.0,94863.0,749661.0,2,2,2,1
msg,2,0,1098,6291,1062,112,112
msg,2,1,936,18776,1068,112,112
msg,2,2,936,5973,1070,112,112
msg,2,3,935,6043,1072,112,112
msg,2,4,928,20540,1636,112,112
msg,2,5,1064,8907,1064,112,112
msg,2,6,934,8539,1057,112,112
msg,2,7,934,5726,1059,112,112
msg,2,8,932,5733,1056,112,112
msg,2,9,934,17740,1065,112,112
msg,2,10,932,6165,1065,112,112
msg,2,11,935,5597,1067,112,112
msg,2,12,938,20440,1056,112,112
msg,2,13,935,7218,1072,112,112
msg,2,14,932,6001,1074,112,112
msg,2,15,901,6511,1064,112,112
msg,2,16,931,6231,1075,112,112
msg,2,17,940,5454,1070,112,112
msg,2,18,1006,18271,1065,112,112
msg,2,19,942,5954,1072,112,112
msg,2,20,933,5698,1068,112,112
msg,2,21,938,5460,1066,112,112
msg,2,22,927,18653,1060,112,112
msg,2,23,936,7908,1063,112,112
msg,2,24,933,6604,1058,112,112
msg,2,25,937,6081,1066,112,112
msg,2,26,932,6650,1063,112,112
msg,2,27,937,18853,1066,112,112
msg,2,28,935,6659,1063,112,112
msg,2,29,934,6088,1072,112,112
msg,2,30,904,19949,1072,112,112
msg,2,31,938,6841,1083,112,112
msg,2,32,933,6445,1070,112,112
msg,2,33,1030,6325,1065,112,112
msg,2,34,932,6036,1071,112,112
msg,2,35,906,6336,1064,112,112
msg,2,36,930,17038,1064,112,112
msg,2,37,929,5711,1068,112,112
msg,2,38,932,5853,1163,112,112
msg,2,39,932,5713,1069,112,112
msg,2,40,936,15247,1060,112,112
msg,2,41,931,5884,1061,112,112
msg,2,42,932,6065,1069,112,112
msg,2,43,938,6357,1059,112,112
msg,2,44,933,8703,1062,112,112
msg,2,45,935,8272,1074,112,112
msg,2,46,939,16655,1056,112,112
msg,2,47,933,5991,1168,112,112
msg,2,48,929,5499,1073,112,112
msg,2,49,934,18972,1073,112,112
msg,2,50,927,8617,1176,112,112
msg,2,51,929,10714,1072,112,112
msg,2,52,913,7278,1064,112,112
msg,2,53,930,5732,1071,112,112
msg,2,54,932,20152,1070,112,112
msg,2,55,934,6113,1063,112,112
msg,2,56,935,5620,1071,112,112
msg,2,57,1025,18921,1061,112,112
msg,2,58,935,5714,1051,112,112
msg,2,59,1026,8274,1070,112,112
msg,2,60,934,8546,1160,112,112
msg,2,61,941,6332,1062,112,112
msg,2,62,932,5642,1079,112,112
msg,2,63,940,16008,1064,112,112
msg,2,64,932,5689,1064,112,112
msg,2,65,939,5688,1054,112,112
msg,2,66,932,8275,1073,112,112
msg,2,67,933,9629,1062,112,112
msg,2,68,935,5789,1068,112,112
msg,2,69,937,5933,1074,112,112
msg,2,70,905,7199,1061,112,112
msg,2,71,1028,7290,1599,112,112
msg,2,72,958,6569,1062,112,112
msg,2,73,934,16452,1068,112,112
msg,2,74,933,6716,1074,112,112
msg,2,75,928,5893,1070,112,112
msg,2,76,932,19650,1075,112,112
msg,2,77,924,6180,1065,112,112
msg,2,78,933,5909,1068,112,112
msg,2,79,935,8065,1069,112,112
msg,2,80,914,10902,1072,112,112
msg,2,81,935,17968,1057,112,112
msg,2,82,934,6132,1063,112,112
msg,2,83,932,5748,1060,112,112
msg,2,84,935,5909,1069,112,112
msg,2,85,933,14927,1074,112,112
msg,2,86,899,11530,1065,112,112
msg,2,87,947,6772,1067,112,112
msg,2,88,931,5654,1067,112,112
msg,2,89,942,5478,1058,112,112
msg,2,90,932,20439,1074,112,112
msg,2,91,1032,6390,1070,112,112
msg,2,92,932,5726,1069,112,112
msg,2,93,929,19340,1061,112,112
msg,2,94,933,6491,1071,112,112
msg,2,95,929,7137,1055,112,112
msg,2,96,943,6001,1065,112,112
msg,2,97,943,6498,1067,112,112
msg,2,98,932,6515,1071,112,112
msg,2,99,936,17107,1064,112,112
msg,2,100,937,5780,1068,112,112
msg,2,101,1032,7074,1076,112,112
msg,2,102,1091,18927,1152,112,112
msg,2,103,932,7527,1070,112,112
msg,2,104,938,7621,1167,112,112
msg,2,105,935,9204,1059,112,112
msg,2,106,937,7606,1055,112,112
msg,2,107,929,5998,1069,112,112
msg,2,108,936,14858,1068,112,112
msg,2,109,929,5682,1060,112,112
msg,2,110,934,5462,1067,112,112
msg,2,111,931,18137,1072,112,112
msg,2,112,938,6815,1068,112,112
msg,2,113,935,6034,1176,112,112
msg,2,114,933,6049,1577,112,112
msg,2,115,948,6378,1056,112,112
msg,2,116,933,72073,1074,112,112
msg,2,117,931,7663,1073,112,112
msg,2,118,906,5905,1167,112,112
msg,2,119,942,6785,1076,112,112
msg,2,120,940,5878,1059,112,112
msg,2,121,938,18503,1067,112,112
msg,2,122,931,6858,1074,112,112
msg,2,123,940,6455,1076,112,112
msg,2,124,930,19249,1062,112,112
msg,2,125,935,6189,1076,112,112
msg,2,126,938,5940,1071,112,112
msg,2,127,932,6172,1062,112,112
msg,2,128,932,7420,1065,112,112
msg,2,129,936,6973,1060,112,112
msg,2,130,927,21629,1075,112,112
msg,2,131,930,7100,1066,112,112
msg,2,132,934,5940,1066,112,112
msg,2,133,932,16640,1061,112,112
msg,2,134,931,5907,1165,112,112
msg,2,135,927,15135,1087,112,112
msg,2,136,934,6327,1073,112,112
msg,2,137,935,5532,1069,112,112
msg,2,138,930,19702,1070,112,112
msg,2,139,937,5922,1072,112,112
msg,2,140,932,5515,1063,112,112
msg,2,141,934,17405,1062,112,112
msg,2,142,938,6114,1158,112,112
msg,2,143,938,7556,1066,112,112
msg,2,144,931,7658,1150,112,112
msg,2,145,935,7432,1073,112,112
msg,2,146,929,6255,1065,112,112
msg,2,147,1022,18445,1059,112,112
msg,2,148,952,7752,1070,112,112
msg,2,149,929,7062,1071,112,112
msg,2,150,1032,16858,1070,112,112
msg,2,151,904,8156,1575,112,112
msg,2,152,969,6226,1056,112,112
msg,2,153,936,7142,1065,112,112
msg,2,154,937,5628,1059,112,112
msg,2,155,937,6198,1070,112,112
msg,2,156,933,16484,1076,112,112
msg,2,157,929,9970,1076,112,112
msg,2,158,929,20635,1067,112,112
msg,2,159,904,7614,1066,112,112
msg,2,160,948,5979,1066,112,112
msg,2,161,898,5777,1072,112,112
msg,2,162,903,5856,1069,112,112
msg,2,163,933,5450,1070,112,112
msg,2,164,1037,19659,1069,112,112
msg,2,165,936,8669,1068,112,112
msg,2,166,932,6301,1072,112,112
msg,2,167,934,19501,1070,112,112
msg,2,168,904,8960,1068,112,112
msg,2,169,938,6468,1069,112,112
msg,2,170,932,7599,1065,112,112
msg,2,171,931,6234,1071,112,112
msg,2,172,934,19700,1075,112,112
msg,2,173,937,7061,1061,112,112
msg,2,174,950,6193,1072,112,112
msg,2,175,904,18545,1067,112,112
msg,2,176,933,6347,1053,112,112
msg,2,177,937,7272,1168,112,112
msg,2,178,908,5895,1071,112,112
msg,2,179,944,6923,1075,112,112
msg,2,180,935,6426,1073,112,112
msg,2,181,908,17134,1060,112,112
msg,2,182,932,8782,1059,112,112
msg,2,183,932,6694,1075,112,112
msg,2,184,937,19247,1071,112,112
msg,2,185,938,7091,1067,112,112
msg,2,186,933,6818,1070,112,112
msg,2,187,934,6339,1062,112,112
msg,2,188,932,6680,1067,112,112
msg,2,189,943,7122,1074,112,112
msg,2,190,928,16778,1076,112,112
msg,2,191,934,8657,1075,112,112
msg,2,192,905,12589,1073,112,112
msg,2,193,934,9956,1541,112,112
msg,2,194,929,5904,1068,112,112
msg,2,195,932,5929,1076,112,112
msg,2,196,937,7161,1075,112,112
msg,2,197,933,6923,1057,112,112
msg,2,198,933,6459,1074,112,112
msg,2,199,930,16878,1077,112,112
whole,2,1233.001,3608.131,200
#heap 50788
#stack 3304
#end
#block pipeline mTLS lorawan11_256 down
#aead AES-256-CTR+2xCMAC (LoRaWAN 1.1 frame, 256-bit keys) (BearSSL (arduino-pico)), downlink, 51 B payload + 13 B overhead
#lib wolfSSL 5.9.4
iter,tcp_ms,tls_ms,mqtt_ms,total_ms,hs_tx_B,hs_rx_B,mqtt_tx_B,mqtt_rx_B,hs_writes,hs_reads,writes,reads,free_heap_B,hs_keygen_us,hs_derive_us,hs_verify_us,hs_sign_us,hs_keygen_n,hs_derive_n,hs_verify_n,hs_sign_n
msg,iter,idx,seal_us,rtt_us,open_us,tx_B,rx_B
whole,iter,first_ms,all_ms,msgs
#suite TLS13-AES256-GCM-SHA384
0,5.6070,502.8660,41.3300,549.8030,10308,10368,45,11640,4,14,5,20,156708,66906.0,73715.0,94724.0,83153.0,2,2,2,1
msg,0,0,732,5487,693,112,112
msg,0,1,550,9977,718,112,112
msg,0,2,574,19601,715,112,112
msg,0,3,576,9719,718,112,112
msg,0,4,581,5938,712,112,112
msg,0,5,539,5494,710,112,112
msg,0,6,543,5586,710,112,112
msg,0,7,576,5595,713,112,112
msg,0,8,578,18211,713,112,112
msg,0,9,540,5774,716,112,112
msg,0,10,575,6091,683,112,112
msg,0,11,547,6704,714,112,112
msg,0,12,672,31081,688,112,112
msg,0,13,546,5577,684,112,112
msg,0,14,649,5811,714,112,112
msg,0,15,578,5639,711,112,112
msg,0,16,586,6735,688,112,112
msg,0,17,550,20744,704,112,112
msg,0,18,549,9918,717,112,112
msg,0,19,584,20273,713,112,112
msg,0,20,584,6105,688,112,112
msg,0,21,548,6475,689,112,112
msg,0,22,551,5854,708,112,112
msg,0,23,590,6527,715,112,112
msg,0,24,1052,6129,713,112,112
msg,0,25,575,8114,707,112,112
msg,0,26,547,16721,722,112,112
msg,0,27,572,6378,708,112,112
msg,0,28,582,6484,714,112,112
msg,0,29,574,20896,712,112,112
msg,0,30,580,6053,712,112,112
msg,0,31,575,5988,689,112,112
msg,0,32,552,6284,712,112,112
msg,0,33,586,5934,703,112,112
msg,0,34,560,6929,715,112,112
msg,0,35,578,19600,713,112,112
msg,0,36,582,5829,686,112,112
msg,0,37,558,6135,703,112,112
msg,0,38,579,6064,710,112,112
msg,0,39,576,18381,704,112,112
msg,0,40,548,12452,800,112,112
msg,0,41,545,5705,712,112,112
msg,0,42,577,5461,711,112,112
msg,0,43,581,5880,683,112,112
msg,0,44,579,6398,706,112,112
msg,0,45,574,17988,712,112,112
msg,0,46,544,5865,717,112,112
msg,0,47,574,6230,715,112,112
msg,0,48,577,18679,723,112,112
msg,0,49,579,8039,707,112,112
msg,0,50,545,11345,689,112,112
msg,0,51,545,6504,686,112,112
msg,0,52,546,5610,686,112,112
msg,0,53,550,5491,687,112,112
msg,0,54,546,17463,690,112,112
msg,0,55,553,5909,713,112,112
msg,0,56,589,5996,689,112,112
msg,0,57,550,6199,708,112,112
msg,0,58,577,18547,711,112,112
msg,0,59,571,8588,681,112,112
msg,0,60,553,5998,717,112,112
msg,0,61,579,5641,718,112,112
msg,0,62,574,5413,720,112,112
msg,0,63,571,7975,685,112,112
msg,0,64,550,16733,713,112,112
msg,0,65,573,5588,718,112,112
msg,0,66,577,6458,715,112,112
msg,0,67,571,6119,687,112,112
msg,0,68,551,19448,688,112,112
msg,0,69,549,9010,713,112,112
msg,0,70,573,5616,718,112,112
msg,0,71,575,6708,686,112,112
msg,0,72,552,6606,685,112,112
msg,0,73,556,6117,717,112,112
msg,0,74,583,18972,707,112,112
msg,0,75,548,6292,688,112,112
msg,0,76,559,5857,710,112,112
msg,0,77,544,8930,715,112,112
msg,0,78,582,12791,688,112,112
msg,0,79,548,8603,705,112,112
msg,0,80,547,6138,717,112,112
msg,0,81,587,5995,709,112,112
msg,0,82,578,5686,713,112,112
msg,0,83,582,6050,688,112,112
msg,0,84,546,20620,713,112,112
msg,0,85,585,6273,707,112,112
msg,0,86,551,6094,710,112,112
msg,0,87,578,17930,708,112,112
msg,0,88,553,8164,689,112,112
msg,0,89,547,6129,715,112,112
msg,0,90,588,5962,683,112,112
msg,0,91,658,5452,684,112,112
msg,0,92,548,6073,711,112,112
msg,0,93,574,5884,686,112,112
msg,0,94,548,18962,718,112,112
msg,0,95,575,6088,686,112,112
msg,0,96,549,7191,712,112,112
msg,0,97,577,20149,809,112,112
msg,0,98,580,5698,709,112,112
msg,0,99,581,6280,713,112,112
msg,0,100,578,5599,711,112,112
msg,0,101,582,8756,689,112,112
msg,0,102,544,6831,712,112,112
msg,0,103,578,17515,718,112,112
msg,0,104,595,6186,707,112,112
msg,0,105,543,5771,713,112,112
msg,0,106,578,6080,708,112,112
msg,0,107,547,17855,716,112,112
msg,0,108,577,5945,856,112,112
msg,0,109,551,9308,682,112,112
msg,0,110,558,6730,709,112,112
msg,0,111,637,5726,713,112,112
msg,0,112,579,5689,714,112,112
msg,0,113,581,17277,716,112,112
msg,0,114,578,6390,713,112,112
msg,0,115,581,9101,688,112,112
msg,0,116,545,18943,712,112,112
msg,0,117,579,6071,705,112,112
msg,0,118,547,14790,717,112,112
msg,0,119,587,6226,703,112,112
msg,0,120,548,6327,688,112,112
msg,0,121,548,5938,712,112,112
msg,0,122,581,20494,710,112,112
msg,0,123,575,5549,719,112,112
msg,0,124,576,5840,686,112,112
msg,0,125,546,17250,711,112,112
msg,0,126,581,6116,710,112,112
msg,0,127,574,8184,689,112,112
msg,0,128,547,6817,711,112,112
msg,0,129,578,5565,713,112,112
msg,0,130,578,6316,709,112,112
msg,0,131,590,5890,719,112,112
msg,0,132,582,18853,704,112,112
msg,0,133,547,5838,811,112,112
msg,0,134,579,6074,709,112,112
msg,0,135,550,19852,712,112,112
msg,0,136,574,11112,704,112,112
msg,0,137,555,5858,718,112,112
msg,0,138,570,6898,685,112,112
msg,0,139,547,5554,689,112,112
msg,0,140,551,5518,692,112,112
msg,0,141,547,17051,713,112,112
msg,0,142,574,5925,686,112,112
msg,0,143,544,5628,702,112,112
msg,0,144,544,5763,711,112,112
msg,0,145,576,17310,706,112,112
msg,0,146,542,7139,687,112,112
msg,0,147,555,5904,717,112,112
msg,0,148,581,5471,718,112,112
msg,0,149,577,7363,713,112,112
msg,0,150,575,5630,714,112,112
msg,0,151,582,5764,712,112,112
msg,0,152,591,16366,709,112,112
msg,0,153,579,6141,705,112,112
msg,0,154,580,5801,714,112,112
msg,0,155,588,9354,717,112,112
msg,0,156,577,10679,716,112,112
msg,0,157,576,6016,717,112,112
msg,0,158,577,5881,711,112,112
msg,0,159,672,5980,715,112,112
msg,0,160,576,5768,719,112,112
msg,0,161,575,7518,713,112,112
msg,0,162,582,19741,689,112,112
msg,0,163,548,5925,718,112,112
msg,0,164,576,6094,685,112,112
msg,0,165,548,5532,686,112,112
msg,0,166,551,20043,706,112,112
msg,0,167,576,9176,712,112,112
msg,0,168,576,5660,710,112,112
msg,0,169,576,5705,718,112,112
msg,0,170,574,6019,716,112,112
msg,0,171,585,5581,712,112,112
msg,0,172,576,17139,698,112,112
msg,0,173,548,7250,689,112,112
msg,0,174,550,5481,688,112,112
msg,0,175,575,6092,713,112,112
msg,0,176,588,20236,709,112,112
msg,0,177,543,9349,686,112,112
msg,0,178,546,6732,709,112,112
msg,0,179,544,7116,690,112,112
msg,0,180,547,6580,682,112,112
msg,0,181,548,20254,802,112,112
msg,0,182,584,5820,704,112,112
msg,0,183,548,5786,716,112,112
msg,0,184,582,6213,705,112,112
msg,0,185,546,17704,712,112,112
msg,0,186,579,5381,711,112,112
msg,0,187,577,5921,710,112,112
msg,0,188,572,5595,686,112,112
msg,0,189,541,8042,720,112,112
msg,0,190,584,6670,712,112,112
msg,0,191,578,19219,719,112,112
msg,0,192,574,5975,690,112,112
msg,0,193,545,6009,707,112,112
msg,0,194,578,5416,714,112,112
msg,0,195,575,18006,687,112,112
msg,0,196,543,6057,717,112,112
msg,0,197,585,9385,713,112,112
msg,0,198,581,5971,689,112,112
msg,0,199,549,8784,713,112,112
whole,0,570.907,2687.499,200
1,17.4590,495.6200,48.6190,561.6980,10308,10368,45,11640,4,14,5,20,156708,66731.0,73877.0,94568.0,82944.0,2,2,2,1
msg,1,0,704,5832,717,112,112
msg,1,1,574,5659,709,112,112
msg,1,2,574,6226,711,112,112
msg,1,3,670,7353,715,112,112
msg,1,4,576,6366,717,112,112
msg,1,5,570,6093,684,112,112
msg,1,6,549,19860,713,112,112
msg,1,7,583,6089,685,112,112
msg,1,8,551,6232,804,112,112
msg,1,9,550,19959,713,112,112
msg,1,10,581,8275,703,112,112
msg,1,11,548,6002,715,112,112
msg,1,12,574,5652,689,112,112
msg,1,13,583,5917,706,112,112
msg,1,14,548,6726,717,112,112
msg,1,15,572,20590,716,112,112
msg,1,16,574,5573,711,112,112
msg,1,17,580,6264,718,112,112
msg,1,18,570,19076,847,112,112
msg,1,19,557,5754,717,112,112
msg,1,20,579,7683,719,112,112
msg,1,21,578,5450,708,112,112
msg,1,22,577,5880,704,112,112
msg,1,23,555,6043,717,112,112
msg,1,24,584,23109,714,112,112
msg,1,25,578,6310,702,112,112
msg,1,26,539,6762,710,112,112
msg,1,27,676,5773,688,112,112
msg,1,28,577,19961,708,112,112
msg,1,29,573,7709,715,112,112
msg,1,30,579,5939,690,112,112
msg,1,31,547,7763,709,112,112
msg,1,32,547,5887,712,112,112
msg,1,33,584,5860,685,112,112
msg,1,34,549,19132,711,112,112
msg,1,35,578,7262,714,112,112
msg,1,36,580,6428,712,112,112
msg,1,37,573,18691,717,112,112
msg,1,38,581,5958,711,112,112
msg,1,39,550,5675,715,112,112
msg,1,40,579,5460,713,112,112
msg,1,41,576,9707,802,112,112
msg,1,42,575,5580,713,112,112
msg,1,43,573,19598,682,112,112
msg,1,44,547,6332,717,112,112
msg,1,45,573,6166,718,112,112
msg,1,46,579,5762,714,112,112
msg,1,47,576,17225,719,112,112
msg,1,48,575,6115,706,112,112
msg,1,49,548,7735,715,112,112
msg,1,50,586,7416,709,112,112
msg,1,51,590,6856,706,112,112
msg,1,52,588,6953,712,112,112
msg,1,53,545,20282,684,112,112
msg,1,54,549,6097,713,112,112
msg,1,55,577,5495,714,112,112
msg,1,56,571,18944,687,112,112
msg,1,57,546,5715,713,112,112
msg,1,58,552,7163,690,112,112
msg,1,59,548,5590,685,112,112
msg,1,60,550,8016,717,112,112
msg,1,61,579,6844,692,112,112
msg,1,62,549,5801,709,112,112
msg,1,63,544,17035,715,112,112
msg,1,64,579,5581,689,112,112
msg,1,65,547,7069,711,112,112
msg,1,66,574,18125,690,112,112
msg,1,67,545,9157,714,112,112
msg,1,68,581,5494,717,112,112
msg,1,69,588,7862,709,112,112
msg,1,70,682,5871,709,112,112
msg,1,71,575,6030,705,112,112
msg,1,72,544,19318,691,112,112
msg,1,73,546,6785,710,112,112
msg,1,74,582,5653,711,112,112
msg,1,75,579,6252,711,112,112
msg,1,76,744,16700,719,112,112
msg,1,77,577,5746,688,112,112
msg,1,78,552,5705,706,112,112
msg,1,79,544,6378,687,112,112
msg,1,80,556,6722,714,112,112
msg,1,81,579,6958,688,112,112
msg,1,82,545,19881,704,112,112
msg,1,83,546,5612,711,112,112
msg,1,84,588,5505,710,112,112
msg,1,85,578,6553,847,112,112
msg,1,86,580,17196,719,112,112
msg,1,87,666,5659,719,112,112
msg,1,88,577,5692,690,112,112
msg,1,89,577,5831,705,112,112
msg,1,90,558,6096,717,112,112
msg,1,91,582,9737,789,112,112
msg,1,92,565,18835,725,112,112
msg,1,93,576,7351,716,112,112
msg,1,94,664,6315,710,112,112
msg,1,95,577,5561,717,112,112
msg,1,96,576,15581,713,112,112
msg,1,97,575,6179,706,112,112
msg,1,98,540,6724,719,112,112
msg,1,99,575,5869,685,112,112
msg,1,100,551,5839,707,112,112
msg,1,101,544,5969,810,112,112
msg,1,102,586,6565,684,112,112
msg,1,103,550,16856,707,112,112
msg,1,104,550,7196,690,112,112
msg,1,105,546,5703,710,112,112
msg,1,106,547,17346,682,112,112
msg,1,107,544,6701,701,112,112
msg,1,108,549,5765,720,112,112
msg,1,109,572,6060,685,112,112
msg,1,110,544,5692,711,112,112
msg,1,111,547,5507,710,112,112
msg,1,112,550,5538,710,112,112
msg,1,113,549,17531,711,112,112
msg,1,114,577,5862,719,112,112
msg,1,115,578,5731,688,112,112
msg,1,116,568,7468,684,112,112
msg,1,117,551,17927,716,112,112
msg,1,118,570,8132,709,112,112
msg,1,119,550,5556,709,112,112
msg,1,120,546,6061,713,112,112
msg,1,121,581,5800,683,112,112
msg,1,122,565,5562,705,112,112
msg,1,123,556,18630,714,112,112
msg,1,124,575,5737,717,112,112
msg,1,125,576,13030,709,112,112
msg,1,126,547,18078,713,112,112
msg,1,127,581,5761,691,112,112
msg,1,128,556,6512,685,112,112
msg,1,129,542,6460,687,112,112
msg,1,130,553,5878,713,112,112
msg,1,131,590,6145,707,112,112
msg,1,132,549,6581,716,112,112
msg,1,133,576,17198,689,112,112
msg,1,134,545,7455,693,112,112
msg,1,135,548,6286,709,112,112
msg,1,136,578,19539,687,112,112
msg,1,137,545,5975,816,112,112
msg,1,138,582,6196,710,112,112
msg,1,139,547,6173,684,112,112
msg,1,140,571,5601,686,112,112
msg,1,141,548,5860,851,112,112
msg,1,142,578,6427,712,112,112
msg,1,143,579,16485,716,112,112
msg,1,144,575,6526,719,112,112
msg,1,145,579,7840,685,112,112
msg,1,146,547,20113,708,112,112
msg,1,147,579,5731,711,112,112
msg,1,148,575,5520,712,112,112
msg,1,149,576,6603,684,112,112
msg,1,150,552,6647,688,112,112
msg,1,151,546,7677,709,112,112
msg,1,152,548,17877,703,112,112
msg,1,153,577,5561,718,112,112
msg,1,154,572,6781,686,112,112
msg,1,155,551,7600,710,112,112
msg,1,156,650,13016,716,112,112
msg,1,157,579,6656,688,112,112
msg,1,158,551,6506,691,112,112
msg,1,159,548,6158,717,112,112
msg,1,160,578,5613,710,112,112
msg,1,161,579,5842,707,112,112
msg,1,162,542,5991,715,112,112
msg,1,163,578,19930,705,112,112
msg,1,164,546,5983,719,112,112
msg,1,165,575,5737,683,112,112
msg,1,166,548,18956,706,112,112
msg,1,167,578,11414,707,112,112
msg,1,168,546,5566,708,112,112
msg,1,169,579,5806,711,112,112
msg,1,170,577,5938,710,112,112
msg,1,171,553,5703,706,112,112
msg,1,172,585,18967,685,112,112
msg,1,173,736,5935,715,112,112
msg,1,174,576,5731,713,112,112
msg,1,175,579,6268,716,112,112
msg,1,176,580,14856,687,112,112
msg,1,177,542,5894,707,112,112
msg,1,178,547,7713,712,112,112
msg,1,179,576,6322,709,112,112
msg,1,180,580,5612,714,112,112
msg,1,181,580,5489,715,112,112
msg,1,182,576,6011,688,112,112
msg,1,183,548,19953,722,112,112
msg,1,184,570,6484,716,112,112
msg,1,185,583,5858,687,112,112
msg,1,186,548,20345,714,112,112
msg,1,187,569,5919,705,112,112
msg,1,188,546,6383,688,112,112
msg,1,189,551,5791,709,112,112
msg,1,190,570,5438,719,112,112
msg,1,191,579,5868,712,112,112
msg,1,192,588,5563,688,112,112
msg,1,193,553,18520,691,112,112
msg,1,194,549,6347,709,112,112
msg,1,195,580,5940,705,112,112
msg,1,196,543,8863,717,112,112
msg,1,197,580,12101,709,112,112
msg,1,198,544,5832,719,112,112
msg,1,199,583,5863,689,112,112
whole,1,577.353,2635.929,200
2,5.4140,626.6590,51.4510,683.5240,10308,10368,45,11640,4,14,5,20,156708,66646.0,74857.0,94437.0,210900.0,2,2,2,1
msg,2,0,730,6496,687,112,112
msg,2,1,547,5935,714,112,112
msg,2,2,676,8235,703,112,112
msg,2,3,551,5877,717,112,112
msg,2,4,577,5894,691,112,112
msg,2,5,546,18063,717,112,112
msg,2,6,575,5778,687,112,112
msg,2,7,544,6245,705,112,112
msg,2,8,579,5721,685,112,112
msg,2,9,547,18231,713,112,112
msg,2,10,575,6032,707,112,112
msg,2,11,546,5948,710,112,112
msg,2,12,579,7440,713,112,112
msg,2,13,576,7391,717,112,112
msg,2,14,614,6686,715,112,112
msg,2,15,585,21077,685,112,112
msg,2,16,547,5913,716,112,112
msg,2,17,572,6765,714,112,112
msg,2,18,575,17800,686,112,112
msg,2,19,548,5872,718,112,112
msg,2,20,579,7378,706,112,112
msg,2,21,549,8088,692,112,112
msg,2,22,548,7323,861,112,112
msg,2,23,553,5907,709,112,112
msg,2,24,543,19300,686,112,112
msg,2,25,554,6405,683,112,112
msg,2,26,545,6973,712,112,112
msg,2,27,582,22537,719,112,112
msg,2,28,576,7355,717,112,112
msg,2,29,578,6471,715,112,112
msg,2,30,579,7758,710,112,112
msg,2,31,580,6019,716,112,112
msg,2,32,546,5620,715,112,112
msg,2,33,572,19740,716,112,112
msg,2,34,573,6168,712,112,112
msg,2,35,672,5581,713,112,112
msg,2,36,579,6315,718,112,112
msg,2,37,582,17237,706,112,112
msg,2,38,544,5554,708,112,112
msg,2,39,543,7425,804,112,112
msg,2,40,541,11130,688,112,112
msg,2,41,549,7762,710,112,112
msg,2,42,541,5660,712,112,112
msg,2,43,581,19444,714,112,112
msg,2,44,549,5925,712,112,112
msg,2,45,575,5601,685,112,112
msg,2,46,577,16995,707,112,112
msg,2,47,579,5818,717,112,112
msg,2,48,664,6352,711,112,112
msg,2,49,572,6522,712,112,112
msg,2,50,578,10725,689,112,112
msg,2,51,548,6662,681,112,112
msg,2,52,545,17522,684,112,112
msg,2,53,550,5680,711,112,112
msg,2,54,581,6293,704,112,112
msg,2,55,548,5422,687,112,112
msg,2,56,547,19139,714,112,112
msg,2,57,579,6110,715,112,112
msg,2,58,579,5988,688,112,112
msg,2,59,552,8327,714,112,112
msg,2,60,584,6153,708,112,112
msg,2,61,575,5490,718,112,112
msg,2,62,579,18662,711,112,112
msg,2,63,577,6934,688,112,112
msg,2,64,558,6160,710,112,112
msg,2,65,578,6581,687,112,112
msg,2,66,577,15368,713,112,112
msg,2,67,576,5727,684,112,112
msg,2,68,542,6449,686,112,112
msg,2,69,549,5642,691,112,112
msg,2,70,545,9099,715,112,112
msg,2,71,581,7038,705,112,112
msg,2,72,550,17448,715,112,112
msg,2,73,587,5811,718,112,112
msg,2,74,584,5806,687,112,112
msg,2,75,544,5939,716,112,112
msg,2,76,576,17786,707,112,112
msg,2,77,574,6040,710,112,112
msg,2,78,574,7482,710,112,112
msg,2,79,580,6315,709,112,112
msg,2,80,548,5954,713,112,112
msg,2,81,572,6593,709,112,112
msg,2,82,584,19427,712,112,112
msg,2,83,581,6100,719,112,112
msg,2,84,584,6028,688,112,112
msg,2,85,551,5851,711,112,112
msg,2,86,580,17198,690,112,112
msg,2,87,547,5660,714,112,112
msg,2,88,552,6814,855,112,112
msg,2,89,585,5630,688,112,112
msg,2,90,576,6782,683,112,112
msg,2,91,551,7481,688,112,112
msg,2,92,544,18958,715,112,112
msg,2,93,583,6163,704,112,112
msg,2,94,543,6093,773,112,112
msg,2,95,552,6221,714,112,112
msg,2,96,576,16904,688,112,112
msg,2,97,547,5606,706,112,112
msg,2,98,542,5745,719,112,112
msg,2,99,587,7804,712,112,112
msg,2,100,584,6188,718,112,112
msg,2,101,578,7004,686,112,112
msg,2,102,542,19154,717,112,112
msg,2,103,578,6221,711,112,112
msg,2,104,579,5723,710,112,112
msg,2,105,580,6033,708,112,112
msg,2,106,547,19164,685,112,112
msg,2,107,544,8984,721,112,112
msg,2,108,575,5563,715,112,112
msg,2,109,577,5658,714,112,112
msg,2,110,572,5693,686,112,112
msg,2,111,544,6502,686,112,112
msg,2,112,544,17210,718,112,112
msg,2,113,578,7473,715,112,112
msg,2,114,579,6543,712,112,112
msg,2,115,579,20338,718,112,112
msg,2,116,573,6165,710,112,112
msg,2,117,547,6724,716,112,112
msg,2,118,571,5672,718,112,112
msg,2,119,579,6536,810,112,112
msg,2,120,553,7166,715,112,112
msg,2,121,575,5987,686,112,112
msg,2,122,546,19278,687,112,112
msg,2,123,576,5829,707,112,112
msg,2,124,548,6426,684,112,112
msg,2,125,550,21560,710,112,112
msg,2,126,561,8422,689,112,112
msg,2,127,550,5844,722,112,112
msg,2,128,573,5779,809,112,112
msg,2,129,551,5823,707,112,112
msg,2,130,549,5800,712,112,112
msg,2,131,577,17941,690,112,112
msg,2,132,561,7595,686,112,112
msg,2,133,551,6529,688,112,112
msg,2,134,547,20395,690,112,112
msg,2,135,541,8871,712,112,112
msg,2,136,574,6023,687,112,112
msg,2,137,543,7807,712,112,112
msg,2,138,546,6995,714,112,112
msg,2,139,577,6625,688,112,112
msg,2,140,546,23031,716,112,112
msg,2,141,577,7259,705,112,112
msg,2,142,546,5962,714,112,112
msg,2,143,587,19402,718,112,112
msg,2,144,598,6020,713,112,112
msg,2,145,580,5643,710,112,112
msg,2,146,578,6017,688,112,112
msg,2,147,544,8146,711,112,112
msg,2,148,578,6078,714,112,112
msg,2,149,673,18367,712,112,112
msg,2,150,663,8189,703,112,112
msg,2,151,549,10756,710,112,112
msg,2,152,591,16609,717,112,112
msg,2,153,587,5939,706,112,112
msg,2,154,549,5710,716,112,112
msg,2,155,590,6028,694,112,112
msg,2,156,548,5452,687,112,112
msg,2,157,547,6066,714,112,112
msg,2,158,576,6375,715,112,112
msg,2,159,582,19523,716,112,112
msg,2,160,576,6492,721,112,112
msg,2,161,574,5673,712,112,112
msg,2,162,574,18103,721,112,112
msg,2,163,568,6115,686,112,112
msg,2,164,547,6200,718,112,112
msg,2,165,575,5521,710,112,112
msg,2,166,584,6243,713,112,112
msg,2,167,575,6460,718,112,112
msg,2,168,672,7922,685,112,112
msg,2,169,541,18444,687,112,112
msg,2,170,558,5736,706,112,112
msg,2,171,545,6679,709,112,112
msg,2,172,581,8117,688,112,112
msg,2,173,550,11474,688,112,112
msg,2,174,547,5673,690,112,112
msg,2,175,548,7422,683,112,112
msg,2,176,550,6036,713,112,112
msg,2,177,576,7751,788,112,112
msg,2,178,548,6951,719,112,112
msg,2,179,602,21074,715,112,112
msg,2,180,577,5987,682,112,112
msg,2,181,544,7300,686,112,112
msg,2,182,576,20688,690,112,112
msg,2,183,549,6687,708,112,112
msg,2,184,547,6395,700,112,112
msg,2,185,547,5823,713,112,112
msg,2,186,592,6526,718,112,112
msg,2,187,577,6324,709,112,112
msg,2,188,589,17836,707,112,112
msg,2,189,576,6904,707,112,112
msg,2,190,550,6527,712,112,112
msg,2,191,550,6319,688,112,112
msg,2,192,553,17422,690,112,112
msg,2,193,548,8325,713,112,112
msg,2,194,582,6141,715,112,112
msg,2,195,574,6442,712,112,112
msg,2,196,577,6426,714,112,112
msg,2,197,577,6249,706,112,112
msg,2,198,540,20211,688,112,112
msg,2,199,548,5620,686,112,112
whole,2,702.360,2813.730,200
#heap 50788
#stack 3296
#end
#block sweep TLS MLKEM512
#lib wolfSSL 5.9.4
iter,tcp_ms,tls_ms,mqtt_ms,total_ms,hs_tx_B,hs_rx_B,mqtt_tx_B,mqtt_rx_B,hs_writes,hs_reads,writes,reads,free_heap_B,hs_keygen_us,hs_derive_us,hs_verify_us,hs_sign_us,hs_keygen_n,hs_derive_n,hs_verify_n,hs_sign_n
#suite TLS13-AES256-GCM-SHA384
0,5.4030,204.5410,25.6460,235.5900,977,9886,45,568,2,12,3,18,166420,6171.0,11952.0,94659.0,0.0,1,1,2,0
1,5.4550,205.2750,20.2260,230.9560,977,9886,45,568,2,12,3,18,166420,6163.0,11559.0,94466.0,0.0,1,1,2,0
2,6.4770,204.6870,14.7920,225.9560,977,9886,45,568,2,13,3,19,166420,6222.0,8833.0,94670.0,0.0,1,1,2,0
3,5.4280,207.3910,19.9410,232.7600,977,9886,45,568,2,12,3,18,166420,6377.0,8848.0,94416.0,0.0,1,1,2,0
4,6.3740,208.5660,22.1300,237.0700,977,9886,45,568,2,12,3,18,166420,6190.0,8837.0,95075.0,0.0,1,1,2,0
5,5.4380,199.7060,11.9610,217.1050,977,9886,45,568,2,12,3,18,166420,6167.0,11408.0,94515.0,0.0,1,1,2,0
6,8.6670,205.3200,25.2230,239.2100,977,9886,45,568,2,12,3,18,166420,6336.0,11532.0,94889.0,0.0,1,1,2,0
7,7.3960,209.3420,19.9300,236.6680,977,9886,45,568,2,12,3,18,166420,6340.0,8836.0,94741.0,0.0,1,1,2,0
8,7.5060,201.0190,11.5840,220.1090,977,9886,45,568,2,12,3,18,166420,6190.0,11697.0,94568.0,0.0,1,1,2,0
9,6.3890,217.8450,22.4800,246.7140,977,9886,45,568,2,13,3,19,166420,6185.0,8860.0,95232.0,0.0,1,1,2,0
10,19.4110,199.7480,14.9860,234.1450,977,9886,45,568,2,12,3,18,166420,6344.0,11526.0,94544.0,0.0,1,1,2,0
11,6.3760,201.2660,18.8000,226.4420,977,9886,45,568,2,12,3,18,166420,6203.0,8811.0,94588.0,0.0,1,1,2,0
12,19.3850,199.7200,28.1980,247.3030,977,9886,45,568,2,12,3,18,166420,6208.0,8836.0,94724.0,0.0,1,1,2,0
13,5.5440,199.3330,27.2960,232.1730,977,9886,45,568,2,12,3,18,166420,6302.0,8864.0,94694.0,0.0,1,1,2,0
14,5.5430,211.9920,56.0280,273.5630,977,9886,45,568,2,12,3,18,166420,6301.0,11592.0,94761.0,0.0,1,1,2,0
15,9.8620,200.1400,12.3200,222.3220,977,9886,45,568,2,12,3,18,166420,6163.0,11137.0,94655.0,0.0,1,1,2,0
16,5.5400,210.1530,20.6450,236.3380,977,9886,45,568,2,12,3,18,166420,6191.0,8827.0,94580.0,0.0,1,1,2,0
17,5.3700,208.5030,21.2960,235.1690,977,9886,45,568,2,12,3,18,166420,6403.0,11429.0,94643.0,0.0,1,1,2,0
18,6.4140,199.4630,12.4820,218.3590,977,9886,45,568,2,12,3,18,166420,6184.0,8836.0,94468.0,0.0,1,1,2,0
19,5.4480,216.5940,19.7430,241.7850,977,9886,45,568,2,13,3,19,166420,6195.0,8979.0,94570.0,0.0,1,1,2,0
#heap 34109
#stack 3640
#end
#block sweep TLS MLKEM768
#lib wolfSSL 5.9.4
iter,tcp_ms,tls_ms,mqtt_ms,total_ms,hs_tx_B,hs_rx_B,mqtt_tx_B,mqtt_rx_B,hs_writes,hs_reads,writes,reads,free_heap_B,hs_keygen_us,hs_derive_us,hs_verify_us,hs_sign_us,hs_keygen_n,hs_derive_n,hs_verify_n,hs_sign_n
#suite TLS13-AES256-GCM-SHA384
0,5.6150,214.1710,11.7780,231.5640,1361,10206,45,568,2,12,3,18,166420,9536.0,13749.0,94175.0,0.0,1,1,2,0
1,1535.0440,213.3720,11.9860,1760.4020,1361,10206,45,568,2,12,3,18,166420,9501.0,16755.0,94656.0,0.0,1,1,2,0
2,7.7740,212.1190,73.1490,293.0420,1361,10206,45,568,2,12,3,18,166420,9536.0,16647.0,94579.0,0.0,1,1,2,0
3,5.4290,299.0890,84.6020,389.1200,1361,10206,45,568,2,12,3,18,166420,9693.0,16396.0,94468.0,0.0,1,1,2,0
4,5.6110,298.4140,81.8620,385.8870,1361,10206,45,568,2,12,3,18,166420,9527.0,16541.0,94431.0,0.0,1,1,2,0
5,5.4700,249.8420,156.5080,411.8200,1361,10206,45,568,2,12,3,18,166420,9519.0,16438.0,94649.0,0.0,1,1,2,0
6,4.6610,339.3840,19.1470,363.1920,1361,10206,45,568,2,12,3,18,166420,9694.0,14723.0,94628.0,0.0,1,1,2,0
7,5.8360,316.0450,12.2640,334.1450,1361,10206,45,568,2,13,3,19,166420,9520.0,13689.0,94385.0,0.0,1,1,2,0
8,8.5770,350.7400,322.1550,681.4720,1361,10206,45,568,2,12,3,18,166420,9920.0,13728.0,94234.0,0.0,1,1,2,0
9,6.9980,337.2500,136.3010,480.5490,1361,10206,45,568,2,12,3,18,166420,9649.0,14734.0,94451.0,0.0,1,1,2,0
10,6.5500,347.6010,19.6810,373.8320,1361,10206,45,568,2,12,3,18,166420,9501.0,14900.0,94735.0,0.0,1,1,2,0
11,7.5360,324.0120,24.5930,356.1410,1361,10206,45,568,2,12,3,18,166420,9500.0,15015.0,94719.0,0.0,1,1,2,0
12,16.9970,248.5940,24.2810,289.8720,1361,10206,45,568,2,12,3,18,166420,9513.0,13515.0,94479.0,0.0,1,1,2,0
13,4.6590,219.4950,19.8170,243.9710,1361,10206,45,568,2,12,3,18,166420,9495.0,16339.0,94451.0,0.0,1,1,2,0
14,5.6000,213.7590,16.0510,235.4100,1361,10206,45,568,2,12,3,18,166420,9742.0,16260.0,94509.0,0.0,1,1,2,0
15,8.6190,212.7370,12.6020,233.9580,1361,10206,45,568,2,12,3,18,166420,9610.0,17591.0,94708.0,0.0,1,1,2,0
16,5.8510,221.5100,20.0390,247.4000,1361,10206,45,568,2,12,3,18,166420,9690.0,14900.0,94442.0,0.0,1,1,2,0
17,5.6370,212.7680,11.6450,230.0500,1361,10206,45,568,2,12,3,18,166420,9522.0,16274.0,94600.0,0.0,1,1,2,0
18,4.5010,214.9090,14.8490,234.2590,1361,10206,45,568,2,12,3,18,166420,9509.0,16711.0,94812.0,0.0,1,1,2,0
19,6.4040,213.6440,17.1920,237.2400,1361,10206,45,568,2,12,3,18,166420,9517.0,13673.0,94628.0,0.0,1,1,2,0
#heap 35261
#stack 3248
#end
#block sweep TLS MLKEM1024
#lib wolfSSL 5.9.4
iter,tcp_ms,tls_ms,mqtt_ms,total_ms,hs_tx_B,hs_rx_B,mqtt_tx_B,mqtt_rx_B,hs_writes,hs_reads,writes,reads,free_heap_B,hs_keygen_us,hs_derive_us,hs_verify_us,hs_sign_us,hs_keygen_n,hs_derive_n,hs_verify_n,hs_sign_n
#suite TLS13-AES256-GCM-SHA384
0,4.3830,231.7780,11.1130,247.2740,1745,10686,45,568,2,12,3,18,166420,14670.0,19960.0,94723.0,0.0,1,1,2,0
1,7.5380,227.2420,11.5420,246.3220,1745,10686,45,568,2,13,3,19,166420,14685.0,22684.0,94754.0,0.0,1,1,2,0
2,5.3990,240.4700,15.5710,261.4400,1745,10686,45,568,2,13,3,19,166420,14845.0,22839.0,94471.0,0.0,1,1,2,0
3,5.3980,237.2640,15.1460,257.8080,1745,10686,45,568,2,12,3,18,166420,14672.0,22864.0,94363.0,0.0,1,1,2,0
4,17.4690,227.4740,12.7890,257.7320,1745,10686,45,568,2,12,3,18,166420,15031.0,22859.0,95012.0,0.0,1,1,2,0
5,19.8100,236.2030,18.3060,274.3190,1745,10686,45,568,2,12,3,18,166420,14851.0,19993.0,94536.0,0.0,1,1,2,0
6,5.3940,237.4450,19.3460,262.1850,1745,10686,45,568,2,12,3,18,166420,14860.0,19970.0,94747.0,0.0,1,1,2,0
7,21.4810,231.0550,10.6000,263.1360,1745,10686,45,568,2,12,3,18,166420,14839.0,20701.0,94672.0,0.0,1,1,2,0
8,19.7200,240.9570,10.9090,271.5860,1745,10686,45,568,2,13,3,19,166420,14789.0,22833.0,94418.0,0.0,1,1,2,0
9,4.8440,242.4160,14.5530,261.8130,1745,10686,45,568,2,13,3,19,166420,14843.0,20112.0,94323.0,0.0,1,1,2,0
10,18.6060,226.6250,12.7150,257.9460,1745,10686,45,568,2,12,3,18,166420,14797.0,20194.0,94517.0,0.0,1,1,2,0
11,6.4390,225.2570,11.7360,243.4320,1745,10686,45,568,2,13,3,19,166420,14628.0,19947.0,94481.0,0.0,1,1,2,0
12,20.8160,230.6970,11.4760,262.9890,1745,10686,45,568,2,13,3,19,166420,14832.0,19922.0,94528.0,0.0,1,1,2,0
13,4.3820,236.3470,12.9260,253.6550,1745,10686,45,568,2,13,3,19,166420,14665.0,22660.0,94760.0,0.0,1,1,2,0
14,9.9940,245.0410,14.5120,269.5470,1745,10686,45,568,2,13,3,19,166420,14679.0,22787.0,94583.0,0.0,1,1,2,0
15,5.3730,227.9600,17.9250,251.2580,1745,10686,45,568,2,13,3,19,166420,14820.0,20036.0,94431.0,0.0,1,1,2,0
16,5.4700,231.3140,13.7330,250.5170,1745,10686,45,568,2,13,3,19,166420,14838.0,22763.0,94801.0,0.0,1,1,2,0
17,6.3840,241.6500,14.8800,262.9140,1745,10686,45,568,2,12,3,18,166420,15005.0,22659.0,95078.0,0.0,1,1,2,0
18,19.4130,238.4030,11.7260,269.5420,1745,10686,45,568,2,12,3,18,166420,14845.0,19920.0,94530.0,0.0,1,1,2,0
19,5.5880,231.9830,14.1340,251.7050,1745,10686,45,568,2,13,3,19,166420,14821.0,23211.0,94651.0,0.0,1,1,2,0
#heap 36413
#stack 3384
#end
#block sweep TLS X25519MLKEM768
#lib wolfSSL 5.9.4
iter,tcp_ms,tls_ms,mqtt_ms,total_ms,hs_tx_B,hs_rx_B,mqtt_tx_B,mqtt_rx_B,hs_writes,hs_reads,writes,reads,free_heap_B,hs_keygen_us,hs_derive_us,hs_verify_us,hs_sign_us,hs_keygen_n,hs_derive_n,hs_verify_n,hs_sign_n
#suite TLS13-AES256-GCM-SHA384
0,4.4190,330.8440,15.9090,351.1720,1393,10198,45,568,2,12,3,18,166420,67127.0,73425.0,94484.0,0.0,2,2,2,0
1,16.6590,328.4110,16.8020,361.8720,1393,10198,45,568,2,12,3,18,166420,66693.0,74401.0,94916.0,0.0,2,2,2,0
2,14.7350,355.1280,13.8670,383.7300,1393,10198,45,568,2,12,3,18,166420,66658.0,72114.0,95225.0,0.0,2,2,2,0
3,8.3730,340.4920,11.3810,360.2460,1393,10198,45,568,2,12,3,18,166420,66796.0,73373.0,94616.0,0.0,2,2,2,0
4,16.5630,353.6710,10.0180,380.2520,1393,10198,45,568,2,12,3,18,166420,67596.0,73548.0,95951.0,0.0,2,2,2,0
5,19.4020,329.2660,11.8100,360.4780,1393,10198,45,568,2,12,3,18,166420,66594.0,73916.0,94847.0,0.0,2,2,2,0
6,4.5000,329.8780,9.3480,343.7260,1393,10198,45,568,2,12,3,18,166420,66801.0,73398.0,94856.0,0.0,2,2,2,0
7,15.9340,326.8400,14.4620,357.2360,1393,10198,45,568,2,12,3,18,166420,66704.0,74392.0,94468.0,0.0,2,2,2,0
8,5.6510,329.5020,11.6330,346.7860,1393,10198,45,568,2,12,3,18,166420,66620.0,73638.0,94373.0,0.0,2,2,2,0
9,7.3780,338.8710,10.4640,356.7130,1393,10198,45,568,2,12,3,18,166420,66633.0,70831.0,95012.0,0.0,2,2,2,0
10,4.6810,338.4710,12.7890,355.9410,1393,10198,45,568,2,12,3,18,166420,66695.0,74451.0,94678.0,0.0,2,2,2,0
11,7.3780,331.8220,19.0570,358.2570,1393,10198,45,568,2,12,3,18,166420,66674.0,70790.0,94637.0,0.0,2,2,2,0
12,11.4030,326.9390,15.5820,353.9240,1393,10198,45,568,2,12,3,18,166420,66689.0,74101.0,94400.0,0.0,2,2,2,0
13,7.4780,329.2350,11.7900,348.5030,1393,10198,45,568,2,12,3,18,166420,66642.0,73760.0,94313.0,0.0,2,2,2,0
14,18.4010,328.4820,12.4110,359.2940,1393,10198,45,568,2,12,3,18,166420,66529.0,74143.0,94496.0,0.0,2,2,2,0
15,4.5720,330.7380,14.9290,350.2390,1393,10198,45,568,2,12,3,18,166420,66841.0,73438.0,94807.0,0.0,2,2,2,0
16,7.5760,339.2470,19.7640,366.5870,1393,10198,45,568,2,12,3,18,166420,66820.0,73694.0,94716.0,0.0,2,2,2,0
17,6.7860,336.9800,16.7430,360.5090,1393,10198,45,568,2,12,3,18,166420,66692.0,73234.0,94561.0,0.0,2,2,2,0
18,5.4000,330.8940,10.1050,346.3990,1393,10198,45,568,2,12,3,18,166420,66691.0,73688.0,94658.0,0.0,2,2,2,0
19,5.5470,333.7980,16.8550,356.2000,1393,10198,45,568,2,12,3,18,166420,66754.0,74185.0,94405.0,0.0,2,2,2,0
#heap 34013
#stack 3304
#end
#block sweep TLS SecP256r1MLKEM768
#lib wolfSSL 5.9.4
iter,tcp_ms,tls_ms,mqtt_ms,total_ms,hs_tx_B,hs_rx_B,mqtt_tx_B,mqtt_rx_B,hs_writes,hs_reads,writes,reads,free_heap_B,hs_keygen_us,hs_derive_us,hs_verify_us,hs_sign_us,hs_keygen_n,hs_derive_n,hs_verify_n,hs_sign_n
#suite TLS13-AES256-GCM-SHA384
0,5.3970,317.4920,12.1890,335.0780,1426,10271,45,568,2,12,3,18,166420,40590.0,85842.0,94717.0,0.0,2,2,2,0
1,4.5370,318.4370,21.0640,344.0380,1426,10271,45,568,2,12,3,18,166420,40478.0,86128.0,94370.0,0.0,2,2,2,0
2,7.5180,319.8440,9.4510,336.8130,1426,10271,45,568,2,12,3,18,166420,40598.0,86036.0,94618.0,0.0,2,2,2,0
3,16.5410,321.4000,9.0460,346.9870,1426,10271,45,568,2,12,3,18,166420,40610.0,86050.0,94456.0,0.0,2,2,2,0
4,6.5330,324.6600,14.8190,346.0120,1426,10271,45,568,2,12,3,18,166420,40604.0,86218.0,94583.0,0.0,2,2,2,0
5,6.4370,319.4020,22.9750,348.8140,1426,10271,45,568,2,12,3,18,166420,40801.0,86286.0,94900.0,0.0,2,2,2,0
6,6.4220,319.8120,9.7500,335.9840,1426,10271,45,568,2,12,3,18,166420,40657.0,86083.0,94464.0,0.0,2,2,2,0
7,6.5710,319.9000,23.5220,349.9930,1426,10271,45,568,2,12,3,18,166420,40601.0,86129.0,94746.0,0.0,2,2,2,0
8,8.4300,319.4380,13.7110,341.5790,1426,10271,45,568,2,12,3,18,166420,41023.0,86164.0,94809.0,0.0,2,2,2,0
9,6.6600,319.9660,28.1470,354.7730,1426,10271,45,568,2,12,3,18,166420,40859.0,87285.0,95015.0,0.0,2,2,2,0
10,9.4400,326.3640,18.7470,354.5510,1426,10271,45,568,2,12,3,18,166420,40596.0,84123.0,94755.0,0.0,2,2,2,0
11,21.4740,333.0910,11.5870,366.1520,1426,10271,45,568,2,12,3,18,166420,40917.0,86414.0,94796.0,0.0,2,2,2,0
12,15.7420,321.7360,91.4770,428.9550,1426,10271,45,568,2,12,3,18,166420,40609.0,86451.0,94804.0,0.0,2,2,2,0
13,5.7350,319.1710,21.0250,345.9310,1426,10271,45,568,2,12,3,18,166420,40627.0,86418.0,95233.0,0.0,2,2,2,0
14,6.5610,318.1280,8.7070,333.3960,1426,10271,45,568,2,12,3,18,166420,40637.0,86407.0,94574.0,0.0,2,2,2,0
15,4.3990,319.4240,25.2910,349.1140,1426,10271,45,568,2,12,3,18,166420,40927.0,86159.0,94757.0,0.0,2,2,2,0
16,5.7220,319.5620,13.9930,339.2770,1426,10271,45,568,2,12,3,18,166420,40773.0,85822.0,94738.0,0.0,2,2,2,0
17,12.6630,315.6570,16.6610,344.9810,1426,10271,45,568,2,12,3,18,166420,40851.0,85967.0,94549.0,0.0,2,2,2,0
18,6.5640,319.0700,20.0270,345.6610,1426,10271,45,568,2,12,3,18,166420,40685.0,86214.0,94652.0,0.0,2,2,2,0
19,9.3850,318.2850,408.1400,735.8100,1426,10271,45,568,2,12,3,18,166420,40718.0,85956.0,94457.0,0.0,2,2,2,0
#heap 34079
#stack 2824
#end
#block sweep TLS SecP384r1MLKEM1024
#lib wolfSSL 5.9.4
iter,tcp_ms,tls_ms,mqtt_ms,total_ms,hs_tx_B,hs_rx_B,mqtt_tx_B,mqtt_rx_B,hs_writes,hs_reads,writes,reads,free_heap_B,hs_keygen_us,hs_derive_us,hs_verify_us,hs_sign_us,hs_keygen_n,hs_derive_n,hs_verify_n,hs_sign_n
#suite TLS13-AES256-GCM-SHA384
0,8.3950,737.2670,27.8320,773.4940,1842,10783,45,568,2,13,3,19,166420,168029.0,354940.0,94817.0,0.0,2,2,2,0
1,5.4620,736.4450,15.4830,757.3900,1842,10783,45,568,2,13,3,19,166420,168213.0,354891.0,94657.0,0.0,2,2,2,0
2,6.5480,727.4400,12.1270,746.1150,1842,10783,45,568,2,13,3,19,166420,169114.0,355052.0,94810.0,0.0,2,2,2,0
3,8.3940,725.8250,23.7200,757.9390,1842,10783,45,568,2,12,3,18,166420,168243.0,355689.0,94736.0,0.0,2,2,2,0
4,8.7280,738.6700,25.8910,773.2890,1842,10783,45,568,2,12,3,18,166420,168295.0,352370.0,95010.0,0.0,2,2,2,0
5,7.3890,732.9420,15.3780,755.7090,1842,10783,45,568,2,13,3,19,166420,168090.0,355363.0,94696.0,0.0,2,2,2,0
6,6.4570,728.1320,12.3300,746.9190,1842,10783,45,568,2,12,3,18,166420,169071.0,354858.0,94505.0,0.0,2,2,2,0
7,5.4000,727.7630,20.1180,753.2810,1842,10783,45,568,2,12,3,18,166420,168095.0,355696.0,94786.0,0.0,2,2,2,0
8,6.6510,736.3510,11.9900,754.9920,1842,10783,45,568,2,12,3,18,166420,168205.0,355121.0,94479.0,0.0,2,2,2,0
9,8.4260,725.1820,25.5170,759.1250,1842,10783,45,568,2,12,3,18,166420,168247.0,355198.0,94405.0,0.0,2,2,2,0
10,7.6550,738.9380,11.2350,757.8280,1842,10783,45,568,2,13,3,19,166420,168204.0,355196.0,94320.0,0.0,2,2,2,0
11,7.7800,736.3320,18.2200,762.3320,1842,10783,45,568,2,13,3,19,166420,168081.0,355631.0,94585.0,0.0,2,2,2,0
12,4.7580,730.4470,12.1000,747.3050,1842,10783,45,568,2,12,3,18,166420,168371.0,356134.0,94577.0,0.0,2,2,2,0
13,5.4320,725.1750,21.4510,752.0580,1842,10783,45,568,2,12,3,18,166420,168021.0,355072.0,94839.0,0.0,2,2,2,0
14,6.4240,735.6100,13.3760,755.4100,1842,10783,45,568,2,13,3,19,166420,168245.0,355182.0,95442.0,0.0,2,2,2,0
15,6.3910,740.8240,17.7890,765.0040,1842,10783,45,568,2,13,3,19,166420,168310.0,355025.0,94690.0,0.0,2,2,2,0
16,5.6000,720.1780,10.4310,736.2090,1842,10783,45,568,2,13,3,19,166420,168639.0,352505.0,94568.0,0.0,2,2,2,0
17,20.4270,729.1380,8.3850,757.9500,1842,10783,45,568,2,12,3,18,166420,168161.0,353515.0,95233.0,0.0,2,2,2,0
18,4.6910,728.2890,10.4990,743.4790,1842,10783,45,568,2,12,3,18,166420,168866.0,353245.0,95200.0,0.0,2,2,2,0
19,4.8370,717.9740,21.5790,744.3900,1842,10783,45,568,2,13,3,19,166420,168288.0,354979.0,95190.0,0.0,2,2,2,0
#heap 35007
#stack 2888
#end
#block sweep TLS SecP256r1MLKEM512
#lib wolfSSL 5.9.4
iter,tcp_ms,tls_ms,mqtt_ms,total_ms,hs_tx_B,hs_rx_B,mqtt_tx_B,mqtt_rx_B,hs_writes,hs_reads,writes,reads,free_heap_B,hs_keygen_us,hs_derive_us,hs_verify_us,hs_sign_us,hs_keygen_n,hs_derive_n,hs_verify_n,hs_sign_n
#err tls handshake failed: received alert fatal error
#heap 14654
#stack 2096
#end
#block sweep TLS x25519_mlkem512
#lib wolfSSL 5.9.4
iter,tcp_ms,tls_ms,mqtt_ms,total_ms,hs_tx_B,hs_rx_B,mqtt_tx_B,mqtt_rx_B,hs_writes,hs_reads,writes,reads,free_heap_B,hs_keygen_us,hs_derive_us,hs_verify_us,hs_sign_us,hs_keygen_n,hs_derive_n,hs_verify_n,hs_sign_n
#err tls handshake failed: error state on socket
#heap 14125
#stack 1824
#end
#block sweep TLS p384_mlkem768
#lib wolfSSL 5.9.4
iter,tcp_ms,tls_ms,mqtt_ms,total_ms,hs_tx_B,hs_rx_B,mqtt_tx_B,mqtt_rx_B,hs_writes,hs_reads,writes,reads,free_heap_B,hs_keygen_us,hs_derive_us,hs_verify_us,hs_sign_us,hs_keygen_n,hs_derive_n,hs_verify_n,hs_sign_n
#suite TLS13-AES256-GCM-SHA384
0,7.5180,733.4990,22.4100,763.4270,1458,10303,45,568,2,12,3,18,166420,163113.0,349266.0,95287.0,0.0,2,2,2,0
1,18.4130,731.1360,12.3530,761.9020,1458,10303,45,568,2,12,3,18,166420,162954.0,348747.0,94822.0,0.0,2,2,2,0
2,6.7170,742.3970,12.2090,761.3230,1458,10303,45,568,2,12,3,18,166420,163084.0,348462.0,94948.0,0.0,2,2,2,0
3,6.4250,726.0180,12.3660,744.8090,1458,10303,45,568,2,12,3,18,166420,162923.0,348929.0,94709.0,0.0,2,2,2,0
4,6.4700,739.4950,12.4270,758.3920,1458,10303,45,568,2,12,3,18,166420,163019.0,346098.0,94759.0,0.0,2,2,2,0
5,5.3980,736.7660,11.8800,754.0440,1458,10303,45,568,2,12,3,18,166420,163031.0,348686.0,94629.0,0.0,2,2,2,0
6,17.4440,731.2110,28.1160,776.7710,1458,10303,45,568,2,12,3,18,166420,163099.0,346104.0,94642.0,0.0,2,2,2,0
7,5.6360,726.0390,16.9780,748.6530,1458,10303,45,568,2,12,3,18,166420,163056.0,348649.0,94316.0,0.0,2,2,2,0
8,9.5100,733.5450,23.2930,766.3480,1458,10303,45,568,2,12,3,18,166420,162980.0,348521.0,94775.0,0.0,2,2,2,0
9,9.5450,742.5510,15.3520,767.4480,1458,10303,45,568,2,12,3,18,166420,163094.0,349422.0,94699.0,0.0,2,2,2,0
10,10.4220,749.6630,9.1270,769.2120,1458,10303,45,568,2,12,3,18,166420,162833.0,348672.0,94658.0,0.0,2,2,2,0
11,6.5790,726.5410,19.1740,752.2940,1458,10303,45,568,2,12,3,18,166420,163124.0,348866.0,94874.0,0.0,2,2,2,0
12,4.5530,731.1820,21.0360,756.7710,1458,10303,45,568,2,12,3,18,166420,163036.0,348570.0,94691.0,0.0,2,2,2,0
13,5.8320,748.4730,19.7880,774.0930,1458,10303,45,568,2,12,3,18,166420,162941.0,348669.0,94803.0,0.0,2,2,2,0
14,9.4220,734.9630,14.3040,758.6890,1458,10303,45,568,2,12,3,18,166420,163154.0,348420.0,94465.0,0.0,2,2,2,0
15,7.5770,732.7220,19.8780,760.1770,1458,10303,45,568,2,12,3,18,166420,163293.0,348753.0,94590.0,0.0,2,2,2,0
16,20.4750,734.4510,12.8900,767.8160,1458,10303,45,568,2,12,3,18,166420,163098.0,348616.0,94786.0,0.0,2,2,2,0
17,3.8520,727.0870,23.4820,754.4210,1458,10303,45,568,2,12,3,18,166420,163179.0,348890.0,94587.0,0.0,2,2,2,0
18,18.6650,734.0630,14.4490,767.1770,1458,10303,45,568,2,12,3,18,166420,162922.0,348678.0,94569.0,0.0,2,2,2,0
19,5.7900,745.4570,12.7840,764.0310,1458,10303,45,568,2,12,3,18,166420,163350.0,347129.0,94561.0,0.0,2,2,2,0
#heap 34143
#stack 2800
#end
#block sweep TLS p521_mlkem1024
#lib wolfSSL 5.9.4
iter,tcp_ms,tls_ms,mqtt_ms,total_ms,hs_tx_B,hs_rx_B,mqtt_tx_B,mqtt_rx_B,hs_writes,hs_reads,writes,reads,free_heap_B,hs_keygen_us,hs_derive_us,hs_verify_us,hs_sign_us,hs_keygen_n,hs_derive_n,hs_verify_n,hs_sign_n
#suite TLS13-AES256-GCM-SHA384
0,17.4220,977.6120,11.5060,1006.5400,1878,10819,45,568,2,12,3,18,166420,240339.0,492904.0,94716.0,0.0,2,2,2,0
1,5.4130,978.1170,12.9100,996.4400,1878,10819,45,568,2,12,3,18,166420,240266.0,495720.0,94809.0,0.0,2,2,2,0
2,5.4650,960.0660,13.7500,979.2810,1878,10819,45,568,2,12,3,18,166420,240352.0,496290.0,94297.0,0.0,2,2,2,0
3,20.5500,961.7510,23.7340,1006.0350,1878,10819,45,568,2,12,3,18,166420,240190.0,494233.0,94511.0,0.0,2,2,2,0
4,5.4330,966.3240,11.9220,983.6790,1878,10819,45,568,2,12,3,18,166420,240387.0,495975.0,94520.0,0.0,2,2,2,0
5,6.4010,969.1900,21.2150,996.8060,1878,10819,45,568,2,12,3,18,166420,240314.0,496034.0,94396.0,0.0,2,2,2,0
6,5.6000,961.0600,11.5710,978.2310,1878,10819,45,568,2,13,3,19,166420,240471.0,493078.0,95581.0,0.0,2,2,2,0
7,4.9790,968.3810,16.8500,990.2100,1878,10819,45,568,2,12,3,18,166420,239936.0,495506.0,94599.0,0.0,2,2,2,0
8,5.4280,966.8900,12.3840,984.7020,1878,10819,45,568,2,13,3,19,166420,240347.0,495562.0,94425.0,0.0,2,2,2,0
9,9.7060,976.3730,10.7520,996.8310,1878,10819,45,568,2,13,3,19,166420,240156.0,496113.0,94469.0,0.0,2,2,2,0
10,6.4040,967.9790,10.6300,985.0130,1878,10819,45,568,2,12,3,18,166420,240133.0,495439.0,94340.0,0.0,2,2,2,0
11,5.4470,975.5180,15.8900,996.8550,1878,10819,45,568,2,12,3,18,166420,240350.0,492959.0,94683.0,0.0,2,2,2,0
12,20.5050,978.7340,13.2630,1012.5020,1878,10819,45,568,2,12,3,18,166420,240468.0,493232.0,94637.0,0.0,2,2,2,0
13,5.4720,962.6470,13.6630,981.7820,1878,10819,45,568,2,12,3,18,166420,240280.0,495772.0,94273.0,0.0,2,2,2,0
14,18.4330,961.4380,11.6800,991.5510,1878,10819,45,568,2,12,3,18,166420,240969.0,493653.0,94470.0,0.0,2,2,2,0
15,6.4690,969.3550,41.0250,1016.8490,1878,10819,45,568,2,13,3,19,166420,240947.0,495439.0,94491.0,0.0,2,2,2,0
16,10.5570,966.7270,19.4910,996.7750,1878,10819,45,568,2,12,3,18,166420,240320.0,495716.0,94705.0,0.0,2,2,2,0
17,10.3900,970.6140,14.0350,995.0390,1878,10819,45,568,2,13,3,19,166420,240399.0,494407.0,94561.0,0.0,2,2,2,0
18,5.7610,969.6000,11.5890,986.9500,1878,10819,45,568,2,12,3,18,166420,241318.0,495559.0,94861.0,0.0,2,2,2,0
19,18.6130,978.4100,19.8040,1016.8270,1878,10819,45,568,2,12,3,18,166420,240650.0,493523.0,95435.0,0.0,2,2,2,0
#heap 35079
#stack 2844
#end
#block sweep TLS x448_mlkem768
#lib wolfSSL 5.9.4
iter,tcp_ms,tls_ms,mqtt_ms,total_ms,hs_tx_B,hs_rx_B,mqtt_tx_B,mqtt_rx_B,hs_writes,hs_reads,writes,reads,free_heap_B,hs_keygen_us,hs_derive_us,hs_verify_us,hs_sign_us,hs_keygen_n,hs_derive_n,hs_verify_n,hs_sign_n
#suite TLS13-AES256-GCM-SHA384
0,18.5410,631.5790,12.4260,662.5460,1417,10262,45,568,2,12,3,18,166420,210415.0,217284.0,94694.0,0.0,2,2,2,0
1,5.7970,631.0570,12.4750,649.3290,1417,10262,45,568,2,12,3,18,166420,210627.0,217458.0,94462.0,0.0,2,2,2,0
2,18.4100,632.0450,12.5490,663.0040,1417,10262,45,568,2,12,3,18,166420,210564.0,217158.0,94544.0,0.0,2,2,2,0
3,503.3300,632.8440,26.4790,1162.6530,1417,10262,45,568,2,12,3,18,166420,210380.0,217828.0,94572.0,0.0,2,2,2,0
4,18.5020,625.4930,14.1640,658.1590,1417,10262,45,568,2,12,3,18,166420,210867.0,217757.0,94455.0,0.0,2,2,2,0
5,4.6500,634.7220,17.7220,657.0940,1417,10262,45,568,2,12,3,18,166420,210567.0,214570.0,94602.0,0.0,2,2,2,0
6,19.5630,621.3110,13.3040,654.1780,1417,10262,45,568,2,12,3,18,166420,210433.0,217223.0,94222.0,0.0,2,2,2,0
7,3.4190,627.3990,22.4660,653.2840,1417,10262,45,568,2,12,3,18,166420,210515.0,214320.0,95335.0,0.0,2,2,2,0
8,5.5890,640.8190,11.9060,658.3140,1417,10262,45,568,2,12,3,18,166420,210387.0,216983.0,94677.0,0.0,2,2,2,0
9,5.7220,626.2090,22.9150,654.8460,1417,10262,45,568,2,12,3,18,166420,210402.0,214408.0,94849.0,0.0,2,2,2,0
10,4.3940,632.0120,16.5330,652.9390,1417,10262,45,568,2,12,3,18,166420,210700.0,214361.0,94816.0,0.0,2,2,2,0
11,5.8970,635.6260,22.5410,664.0640,1417,10262,45,568,2,12,3,18,166420,210496.0,216785.0,94886.0,0.0,2,2,2,0
12,5.4180,639.1580,13.5350,658.1110,1417,10262,45,568,2,12,3,18,166420,210765.0,217238.0,94857.0,0.0,2,2,2,0
13,6.3680,633.1480,21.7820,661.2980,1417,10262,45,568,2,12,3,18,166420,210689.0,216975.0,94660.0,0.0,2,2,2,0
14,5.3680,635.0790,12.3100,652.7570,1417,10262,45,568,2,12,3,18,166420,210511.0,217270.0,94551.0,0.0,2,2,2,0
15,5.3760,633.0380,22.5120,660.9260,1417,10262,45,568,2,12,3,18,166420,210333.0,217433.0,94702.0,0.0,2,2,2,0
16,7.4480,640.3610,14.9730,662.7820,1417,10262,45,568,2,12,3,18,166420,210588.0,217411.0,94676.0,0.0,2,2,2,0
17,5.8410,630.8350,30.1160,666.7920,1417,10262,45,568,2,12,3,18,166420,210559.0,217459.0,94802.0,0.0,2,2,2,0
18,17.7140,633.4290,14.1020,665.2450,1417,10262,45,568,2,12,3,18,166420,210476.0,217135.0,94429.0,0.0,2,2,2,0
19,4.5340,631.5080,11.2220,647.2640,1417,10262,45,568,2,12,3,18,166420,210631.0,217201.0,94478.0,0.0,2,2,2,0
#heap 34061
#stack 3896
#end
#block sweep TLS X25519
#lib wolfSSL 5.9.4
iter,tcp_ms,tls_ms,mqtt_ms,total_ms,hs_tx_B,hs_rx_B,mqtt_tx_B,mqtt_rx_B,hs_writes,hs_reads,writes,reads,free_heap_B,hs_keygen_us,hs_derive_us,hs_verify_us,hs_sign_us,hs_keygen_n,hs_derive_n,hs_verify_n,hs_sign_n
#suite TLS13-AES256-GCM-SHA384
0,6.5690,299.8070,27.3890,333.7650,209,9150,45,568,2,12,3,18,166420,57045.0,59721.0,94730.0,0.0,1,1,2,0
1,7.4080,297.6990,13.1330,318.2400,209,9150,45,568,2,12,3,18,166420,57141.0,59196.0,94606.0,0.0,1,1,2,0
2,5.5490,305.8210,13.9600,325.3300,209,9150,45,568,2,12,3,18,166420,57127.0,59343.0,95490.0,0.0,1,1,2,0
3,6.4080,296.1630,8.8600,311.4310,209,9150,45,568,2,12,3,18,166420,57172.0,59376.0,94660.0,0.0,1,1,2,0
4,5.5920,307.4490,20.5000,333.5410,209,9150,45,568,2,12,3,18,166420,57152.0,57026.0,94746.0,0.0,1,1,2,0
5,10.5020,306.1120,15.3310,331.9450,209,9150,45,568,2,12,3,18,166420,57049.0,57927.0,95637.0,0.0,1,1,2,0
6,18.3860,296.5970,18.5870,333.5700,209,9150,45,568,2,12,3,18,166420,57271.0,59453.0,94676.0,0.0,1,1,2,0
7,7.8640,305.3070,20.2060,333.3770,209,9150,45,568,2,12,3,18,166420,57025.0,59377.0,94708.0,0.0,1,1,2,0
8,8.7070,309.4990,8.6910,326.8970,209,9150,45,568,2,12,3,18,166420,57123.0,57347.0,94667.0,0.0,1,1,2,0
9,5.6910,301.1890,10.1360,317.0160,209,9150,45,568,2,12,3,18,166420,57276.0,59366.0,94326.0,0.0,1,1,2,0
10,7.5590,296.5560,14.0450,318.1600,209,9150,45,568,2,12,3,18,166420,57150.0,59267.0,94878.0,0.0,1,1,2,0
11,8.7050,299.1390,10.9680,318.8120,209,9150,45,568,2,12,3,18,166420,57177.0,59484.0,94643.0,0.0,1,1,2,0
12,4.4790,304.6390,11.6250,320.7430,209,9150,45,568,2,12,3,18,166420,57289.0,57092.0,94427.0,0.0,1,1,2,0
13,5.3830,296.2030,12.8030,314.3890,209,9150,45,568,2,12,3,18,166420,57049.0,59298.0,94861.0,0.0,1,1,2,0
14,5.3860,298.2900,11.6880,315.3640,209,9150,45,568,2,12,3,18,166420,57134.0,59635.0,94684.0,0.0,1,1,2,0
15,16.4380,300.3320,18.1750,334.9450,209,9150,45,568,2,12,3,18,166420,57304.0,59423.0,94534.0,0.0,1,1,2,0
16,5.4020,304.3690,8.5010,318.2720,209,9150,45,568,2,12,3,18,166420,57151.0,57050.0,94855.0,0.0,1,1,2,0
17,6.4700,298.9970,26.0310,331.4980,209,9150,45,568,2,12,3,18,166420,57034.0,59670.0,94584.0,0.0,1,1,2,0
18,8.3880,297.1460,13.0070,318.5410,209,9150,45,568,2,12,3,18,166420,57304.0,59382.0,94460.0,0.0,1,1,2,0
19,5.4230,296.5790,12.5440,314.5460,209,9150,45,568,2,12,3,18,166420,57122.0,59290.0,94809.0,0.0,1,1,2,0
#heap 31709
#stack 3328
#end
#block sweep TLS secp256r1
#lib wolfSSL 5.9.4
iter,tcp_ms,tls_ms,mqtt_ms,total_ms,hs_tx_B,hs_rx_B,mqtt_tx_B,mqtt_rx_B,hs_writes,hs_reads,writes,reads,free_heap_B,hs_keygen_us,hs_derive_us,hs_verify_us,hs_sign_us,hs_keygen_n,hs_derive_n,hs_verify_n,hs_sign_n
#suite TLS13-AES256-GCM-SHA384
0,5.3660,284.2540,12.3010,301.9210,242,9183,45,568,2,12,3,18,166420,31193.0,71752.0,94720.0,0.0,1,1,2,0
1,5.5340,286.0610,12.3430,303.9380,242,9183,45,568,2,12,3,18,166420,31087.0,69590.0,94622.0,0.0,1,1,2,0
2,5.5090,283.6360,13.0780,302.2230,242,9183,45,568,2,12,3,18,166420,31129.0,71881.0,94786.0,0.0,1,1,2,0
3,5.3670,282.9560,13.7660,302.0890,242,9183,45,568,2,12,3,18,166420,31176.0,72111.0,94456.0,0.0,1,1,2,0
4,6.6450,299.5890,12.8490,319.0830,242,9183,45,568,2,12,3,18,166420,31178.0,69696.0,94862.0,0.0,1,1,2,0
5,8.4140,284.1860,20.9260,313.5260,242,9183,45,568,2,12,3,18,166420,30999.0,71810.0,95043.0,0.0,1,1,2,0
6,19.3890,361.3910,22.1690,402.9490,242,9183,45,568,2,12,3,18,166420,31140.0,69584.0,94429.0,0.0,1,1,2,0
7,17.5850,284.3780,16.4750,318.4380,242,9183,45,568,2,12,3,18,166420,31238.0,71948.0,94772.0,0.0,1,1,2,0
8,5.4320,294.0780,13.8690,313.3790,242,9183,45,568,2,12,3,18,166420,31009.0,72361.0,94861.0,0.0,1,1,2,0
9,4.4030,292.3380,12.8480,309.5890,242,9183,45,568,2,12,3,18,166420,31016.0,71805.0,94363.0,0.0,1,1,2,0
10,5.5700,283.4540,15.4620,304.4860,242,9183,45,568,2,12,3,18,166420,31108.0,72112.0,94809.0,0.0,1,1,2,0
11,7.5570,283.7740,10.8650,302.1960,242,9183,45,568,2,12,3,18,166420,31171.0,71720.0,94800.0,0.0,1,1,2,0
12,8.4140,285.0490,13.2150,306.6780,242,9183,45,568,2,12,3,18,166420,31131.0,72087.0,94608.0,0.0,1,1,2,0
13,8.3720,295.1020,14.4240,317.8980,242,9183,45,568,2,12,3,18,166420,31151.0,69695.0,94601.0,0.0,1,1,2,0
14,6.5320,284.8750,20.7820,312.1890,242,9183,45,568,2,12,3,18,166420,31125.0,71755.0,94839.0,0.0,1,1,2,0
15,5.6450,280.2940,15.2070,301.1460,242,9183,45,568,2,12,3,18,166420,31110.0,71828.0,94635.0,0.0,1,1,2,0
16,5.3730,279.9880,14.5600,299.9210,242,9183,45,568,2,12,3,18,166420,31008.0,72113.0,94392.0,0.0,1,1,2,0
17,6.3780,281.0940,13.3190,300.7910,242,9183,45,568,2,12,3,18,166420,31103.0,71828.0,94737.0,0.0,1,1,2,0
18,10.6130,324.8140,13.4580,348.8850,242,9183,45,568,2,12,3,18,166420,31293.0,69649.0,94439.0,0.0,1,1,2,0
19,16.3780,294.3030,10.1020,320.7830,242,9183,45,568,2,12,3,18,166420,31021.0,70272.0,94509.0,0.0,1,1,2,0
#heap 31742
#stack 3280
#end
#block sweep mTLS MLKEM512
#lib wolfSSL 5.9.4
iter,tcp_ms,tls_ms,mqtt_ms,total_ms,hs_tx_B,hs_rx_B,mqtt_tx_B,mqtt_rx_B,hs_writes,hs_reads,writes,reads,free_heap_B,hs_keygen_us,hs_derive_us,hs_verify_us,hs_sign_us,hs_keygen_n,hs_derive_n,hs_verify_n,hs_sign_n
#suite TLS13-AES256-GCM-SHA384
0,5.6810,1380.1090,50.6590,1436.4490,9892,10056,45,11640,4,14,5,20,156708,6172.0,11599.0,94808.0,1092596.0,1,1,2,1
1,12.4460,370.1130,53.9620,436.5210,9892,10056,45,11640,4,14,5,20,156708,6156.0,9027.0,94737.0,83170.0,1,1,2,1
2,5.4560,385.7680,50.0100,441.2340,9892,10056,45,11640,4,14,5,20,156708,6171.0,10069.0,94737.0,82782.0,1,1,2,1
3,4.6190,373.1930,42.8970,420.7090,9892,10056,45,11640,4,14,5,21,156708,6349.0,8854.0,94549.0,82991.0,1,1,2,1
4,6.7130,991.4230,49.0500,1047.1860,9892,10056,45,11640,4,14,5,20,156708,6169.0,10011.0,94702.0,686688.0,1,1,2,1
5,6.6240,778.7400,43.4230,828.7870,9892,10056,45,11640,4,14,5,21,156708,6183.0,10197.0,94650.0,478139.0,1,1,2,1
6,4.6370,637.6990,42.4870,684.8230,9892,10056,45,11640,4,14,5,20,156708,6176.0,11888.0,94400.0,343402.0,1,1,2,1
7,9.3850,572.8660,45.3360,627.5870,9892,10056,45,11640,4,14,5,21,156708,6320.0,11643.0,94791.0,273795.0,1,1,2,1
8,6.4150,922.1950,42.1890,970.7990,9892,10056,45,11640,4,14,5,20,156708,6320.0,9030.0,94436.0,635828.0,1,1,2,1
9,6.7610,380.1400,61.8910,448.7920,9892,10056,45,11640,4,14,5,20,156708,6169.0,11589.0,94493.0,82867.0,1,1,2,1
10,4.7830,779.5730,49.8450,834.2010,9892,10056,45,11640,4,14,5,20,156708,6273.0,11574.0,94451.0,492195.0,1,1,2,1
11,7.3700,441.6200,53.7920,502.7820,9892,10056,45,11640,4,14,5,20,156708,6315.0,8863.0,95045.0,149771.0,1,1,2,1
12,6.4070,626.1830,50.8720,683.4620,9892,10056,45,11640,4,14,5,20,156708,6181.0,11620.0,94758.0,333763.0,1,1,2,1
13,9.6540,370.6590,50.9310,431.2440,9892,10056,45,11640,4,14,5,20,156708,6401.0,8985.0,94518.0,82884.0,1,1,2,1
14,17.4300,1055.3220,51.1900,1123.9420,9892,10056,45,11640,4,14,5,20,156708,6163.0,9007.0,94466.0,767578.0,1,1,2,1
15,8.4220,712.4480,40.4080,761.2780,9892,10056,45,11640,4,14,5,20,156708,6173.0,8797.0,94570.0,413313.0,1,1,2,1
16,5.3710,369.5180,54.4160,429.3050,9892,10056,45,11640,4,14,5,20,156708,6185.0,11612.0,94709.0,83002.0,1,1,2,1
17,5.3980,522.8210,52.7120,580.9310,9892,10056,45,11640,4,14,5,20,156708,6182.0,11651.0,94592.0,229133.0,1,1,2,1
18,8.3760,442.4990,51.4180,502.2930,9892,10056,45,11640,4,14,5,20,156708,6197.0,8822.0,94711.0,154737.0,1,1,2,1
19,7.6910,657.1370,42.1450,706.9730,9892,10056,45,11640,4,14,5,20,156708,6265.0,8975.0,94719.0,365308.0,1,1,2,1
#heap 50884
#stack 3456
#end
#block sweep mTLS MLKEM768
#lib wolfSSL 5.9.4
iter,tcp_ms,tls_ms,mqtt_ms,total_ms,hs_tx_B,hs_rx_B,mqtt_tx_B,mqtt_rx_B,hs_writes,hs_reads,writes,reads,free_heap_B,hs_keygen_us,hs_derive_us,hs_verify_us,hs_sign_us,hs_keygen_n,hs_derive_n,hs_verify_n,hs_sign_n
#suite TLS13-AES256-GCM-SHA384
0,17.4360,732.8080,55.9050,806.1490,10276,10376,45,11640,4,14,5,20,156708,9697.0,17282.0,94637.0,432138.0,1,1,2,1
1,5.4040,391.0730,41.2070,437.6840,10276,10376,45,11640,4,14,5,20,156708,9683.0,13735.0,94850.0,83120.0,1,1,2,1
2,5.6020,528.8850,53.0610,587.5480,10276,10376,45,11640,4,14,5,21,156708,9835.0,16531.0,94829.0,227612.0,1,1,2,1
3,7.4430,1051.4650,43.1460,1102.0540,10276,10376,45,11640,4,14,5,20,156708,9507.0,16401.0,94472.0,744021.0,1,1,2,1
4,6.3900,450.5750,48.6530,505.6180,10276,10376,45,11640,4,14,5,20,156708,9524.0,14930.0,94777.0,143039.0,1,1,2,1
5,3.6020,998.0910,53.4760,1055.1690,10276,10376,45,11640,4,14,5,20,156708,9656.0,16445.0,94604.0,688827.0,1,1,2,1
6,7.8830,526.5020,46.8330,581.2180,10276,10376,45,11640,4,14,5,21,156708,9749.0,16208.0,94988.0,228074.0,1,1,2,1
7,17.6170,1425.7430,54.3980,1497.7580,10276,10376,45,11640,4,14,5,21,156708,9502.0,16408.0,94586.0,1125094.0,1,1,2,1
8,5.6040,527.0540,50.9810,583.6390,10276,10376,45,11640,4,14,5,20,156708,9759.0,15018.0,94371.0,216374.0,1,1,2,1
9,5.5580,394.6560,43.9880,444.2020,10276,10376,45,11640,4,14,5,20,156708,9507.0,14999.0,94667.0,82745.0,1,1,2,1
10,11.3720,715.0230,41.2250,767.6200,10276,10376,45,11640,4,14,5,20,156708,9562.0,16415.0,94645.0,407198.0,1,1,2,1
11,4.7530,397.4990,49.3490,451.6010,10276,10376,45,11640,4,14,5,20,156708,9853.0,15057.0,94564.0,83632.0,1,1,2,1
12,5.4350,649.8410,40.7720,696.0480,10276,10376,45,11640,4,14,5,20,156708,9653.0,16506.0,94492.0,344706.0,1,1,2,1
13,4.7110,465.3490,43.0980,513.1580,10276,10376,45,11640,4,14,5,20,156708,9535.0,16465.0,94792.0,154702.0,1,1,2,1
14,5.4880,385.5310,50.7970,441.8160,10276,10376,45,11640,4,14,5,20,156708,9741.0,16390.0,94430.0,82871.0,1,1,2,1
15,5.3900,384.3950,49.4850,439.2700,10276,10376,45,11640,4,14,5,21,156708,9521.0,15940.0,94817.0,82934.0,1,1,2,1
16,11.4420,597.3650,46.7250,655.5320,10276,10376,45,11640,4,14,5,20,156708,9714.0,16382.0,94746.0,292737.0,1,1,2,1
17,8.4290,702.0030,41.8670,752.2990,10276,10376,45,11640,4,14,5,20,156708,9551.0,13731.0,94152.0,392023.0,1,1,2,1
18,5.4170,998.9940,54.9300,1059.3410,10276,10376,45,11640,4,14,5,20,156708,9701.0,13743.0,94487.0,681661.0,1,1,2,1
19,4.6820,572.0710,41.7140,618.4670,10276,10376,45,11640,4,14,5,20,156708,9687.0,16484.0,94844.0,267603.0,1,1,2,1
#heap 52036
#stack 3472
#end
#block sweep mTLS MLKEM1024
#lib wolfSSL 5.9.4
iter,tcp_ms,tls_ms,mqtt_ms,total_ms,hs_tx_B,hs_rx_B,mqtt_tx_B,mqtt_rx_B,hs_writes,hs_reads,writes,reads,free_heap_B,hs_keygen_us,hs_derive_us,hs_verify_us,hs_sign_us,hs_keygen_n,hs_derive_n,hs_verify_n,hs_sign_n
#suite TLS13-AES256-GCM-SHA384
0,5.7540,665.9480,41.1760,712.8780,10660,10856,45,11640,4,15,5,21,156708,14639.0,22803.0,94616.0,346196.0,1,1,2,1
1,15.7910,619.4020,259.3830,894.5760,10660,10856,45,11640,4,15,5,21,156708,14673.0,22751.0,95095.0,304164.0,1,1,2,1
2,5.3860,867.0110,41.4430,913.8400,10660,10856,45,11640,4,14,5,20,156708,14808.0,22979.0,94755.0,546887.0,1,1,2,1
3,5.4160,462.8440,41.1840,509.4440,10660,10856,45,11640,4,14,5,20,156708,14807.0,22794.0,94454.0,143162.0,1,1,2,1
4,5.6860,461.8860,42.8540,510.4260,10660,10856,45,11640,4,15,5,21,156708,15026.0,22799.0,94662.0,149446.0,1,1,2,1
5,4.4180,999.5740,47.9050,1051.8970,10660,10856,45,11640,4,14,5,20,156708,14627.0,22717.0,94454.0,681280.0,1,1,2,1
6,6.5080,666.5690,51.3530,724.4300,10660,10856,45,11640,4,15,5,21,156708,14957.0,19983.0,94982.0,338320.0,1,1,2,1
7,4.6350,1053.9170,44.5780,1103.1300,10660,10856,45,11640,4,15,5,22,156708,14797.0,23006.0,94716.0,741114.0,1,1,2,1
8,5.3750,409.8140,41.2740,456.4630,10660,10856,45,11640,4,14,5,20,156708,14820.0,22827.0,94311.0,83507.0,1,1,2,1
9,19.5970,561.5120,51.8060,632.9150,10660,10856,45,11640,4,16,5,22,156708,14852.0,19960.0,94446.0,235977.0,1,1,2,1
10,4.7640,586.7570,51.2540,642.7750,10660,10856,45,11640,4,14,5,20,156708,14648.0,22728.0,95137.0,274723.0,1,1,2,1
11,6.6270,394.4650,38.2980,439.3900,10660,10856,45,11640,4,15,5,21,156708,14865.0,20000.0,94461.0,83261.0,1,1,2,1
12,7.3830,459.3100,42.4510,509.1440,10660,10856,45,11640,4,14,5,21,156708,14803.0,19913.0,94810.0,145592.0,1,1,2,1
13,17.6230,702.3500,52.6350,772.6080,10660,10856,45,11640,4,14,5,21,156708,14755.0,19967.0,94630.0,391041.0,1,1,2,1
14,18.5390,742.9570,55.8020,817.2980,10660,10856,45,11640,4,14,5,20,156708,14682.0,23407.0,94557.0,410727.0,1,1,2,1
15,5.6040,468.5480,43.9160,518.0680,10660,10856,45,11640,4,14,5,21,156708,14856.0,22670.0,94456.0,143796.0,1,1,2,1
16,6.3990,397.7180,38.0300,442.1470,10660,10856,45,11640,4,15,5,21,156708,14868.0,19926.0,94479.0,82869.0,1,1,2,1
17,6.5170,665.6180,45.4140,717.5490,10660,10856,45,11640,4,14,5,21,156708,14942.0,22811.0,94435.0,343514.0,1,1,2,1
18,6.4010,470.6590,58.7750,535.8350,10660,10856,45,11640,4,14,5,21,156708,14823.0,22771.0,94436.0,145351.0,1,1,2,1
19,5.6020,467.9880,41.6910,515.2810,10660,10856,45,11640,4,14,5,20,156708,14807.0,22819.0,94426.0,148787.0,1,1,2,1
#heap 53188
#stack 3096
#end
#block sweep mTLS X25519MLKEM768
#lib wolfSSL 5.9.4
iter,tcp_ms,tls_ms,mqtt_ms,total_ms,hs_tx_B,hs_rx_B,mqtt_tx_B,mqtt_rx_B,hs_writes,hs_reads,writes,reads,free_heap_B,hs_keygen_us,hs_derive_us,hs_verify_us,hs_sign_us,hs_keygen_n,hs_derive_n,hs_verify_n,hs_sign_n
#suite TLS13-AES256-GCM-SHA384
0,5.4110,580.1440,53.1220,638.6770,10308,10368,45,11640,4,14,5,20,156708,66623.0,73888.0,94422.0,154341.0,2,2,2,1
1,22.7080,645.3940,53.5400,721.6420,10308,10368,45,11640,4,14,5,20,156708,66542.0,70754.0,94575.0,218547.0,2,2,2,1
2,4.8160,764.0570,82.1020,850.9750,10308,10368,45,11640,4,14,5,20,156708,66522.0,72658.0,94489.0,339917.0,2,2,2,1
3,6.4580,1157.3860,51.8640,1215.7080,10308,10368,45,11640,4,14,5,20,156708,66565.0,73430.0,94632.0,736551.0,2,2,2,1
4,8.7850,574.9140,56.3960,640.0950,10308,10368,45,11640,4,14,5,20,156708,66596.0,73240.0,94499.0,144233.0,2,2,2,1
5,5.7440,1329.6110,50.8720,1386.2270,10308,10368,45,11640,4,14,5,20,156708,66669.0,73435.0,94933.0,912723.0,2,2,2,1
6,6.4080,505.6530,43.1810,555.2420,10308,10368,45,11640,4,14,5,20,156708,66632.0,73370.0,95255.0,82601.0,2,2,2,1
7,3.8720,1456.5840,55.3380,1515.7940,10308,10368,45,11640,4,14,5,20,156708,66898.0,72387.0,94859.0,1030365.0,2,2,2,1
8,5.4500,789.5120,51.0770,846.0390,10308,10368,45,11640,4,14,5,20,156708,66859.0,73563.0,94481.0,365480.0,2,2,2,1
9,6.3660,698.1490,52.0270,756.5420,10308,10368,45,11640,4,14,5,20,156708,66738.0,73756.0,94409.0,275633.0,2,2,2,1
10,5.4780,505.2120,48.2440,558.9340,10308,10368,45,11640,4,14,5,21,156708,66873.0,73796.0,94581.0,82840.0,2,2,2,1
11,5.5670,1055.2650,51.9420,1112.7740,10308,10368,45,11640,4,14,5,20,156708,66603.0,73455.0,94742.0,633119.0,2,2,2,1
12,8.7370,968.5330,42.5170,1019.7870,10308,10368,45,11640,4,14,5,21,156708,66497.0,73498.0,94466.0,549160.0,2,2,2,1
13,6.6780,1342.3990,44.0800,1393.1570,10308,10368,45,11640,4,14,5,21,156708,66510.0,73325.0,94370.0,922731.0,2,2,2,1
14,7.3820,1309.2720,52.2340,1368.8880,10308,10368,45,11640,4,14,5,20,156708,66628.0,71947.0,94477.0,883162.0,2,2,2,1
15,17.5460,704.1500,51.9330,773.6290,10308,10368,45,11640,4,14,5,20,156708,66739.0,73682.0,94215.0,287039.0,2,2,2,1
16,5.3770,1286.5480,44.9450,1336.8700,10308,10368,45,11640,4,14,5,21,156708,66664.0,73871.0,94818.0,865054.0,2,2,2,1
17,5.3770,717.6260,41.9500,764.9530,10308,10368,45,11640,4,14,5,20,156708,66606.0,73729.0,94252.0,299319.0,2,2,2,1
18,7.3720,782.6460,49.1650,839.1830,10308,10368,45,11640,4,14,5,20,156708,66647.0,73497.0,94527.0,355061.0,2,2,2,1
19,4.3800,1052.7860,46.6380,1103.8040,10308,10368,45,11640,4,14,5,21,156708,66769.0,73734.0,95037.0,624011.0,2,2,2,1
#heap 50788
#stack 3328
#end
#block sweep mTLS SecP256r1MLKEM768
#lib wolfSSL 5.9.4
iter,tcp_ms,tls_ms,mqtt_ms,total_ms,hs_tx_B,hs_rx_B,mqtt_tx_B,mqtt_rx_B,hs_writes,hs_reads,writes,reads,free_heap_B,hs_keygen_us,hs_derive_us,hs_verify_us,hs_sign_us,hs_keygen_n,hs_derive_n,hs_verify_n,hs_sign_n
#suite TLS13-AES256-GCM-SHA384
0,11.4560,883.4750,51.6830,946.6140,10341,10441,45,11640,4,14,5,20,156708,40601.0,86323.0,94410.0,477571.0,2,2,2,1
1,6.3840,630.4670,47.4240,684.2750,10341,10441,45,11640,4,14,5,20,156708,40713.0,86104.0,94907.0,216013.0,2,2,2,1
2,4.4660,1449.8380,56.7080,1511.0120,10341,10441,45,11640,4,14,5,20,156708,40598.0,86375.0,94964.0,1043482.0,2,2,2,1
3,4.3950,683.8030,55.1050,743.3030,10341,10441,45,11640,4,14,5,20,156708,40962.0,86212.0,94699.0,278161.0,2,2,2,1
4,5.4070,954.6230,49.9810,1010.0110,10341,10441,45,11640,4,14,5,20,156708,40712.0,86055.0,94457.0,544706.0,2,2,2,1
5,4.7490,569.9550,42.6210,617.3250,10341,10441,45,11640,4,14,5,20,156708,40912.0,86021.0,94421.0,157495.0,2,2,2,1
6,5.3710,771.7030,47.0060,824.0800,10341,10441,45,11640,4,14,5,21,156708,40902.0,86000.0,95000.0,365337.0,2,2,2,1
7,6.4740,894.2510,43.1690,943.8940,10341,10441,45,11640,4,14,5,20,156708,40699.0,84475.0,94403.0,441751.0,2,2,2,1
8,5.4280,490.6420,55.9720,552.0420,10341,10441,45,11640,4,14,5,20,156708,40877.0,86152.0,94615.0,83040.0,2,2,2,1
9,6.4010,488.9640,53.0900,548.4550,10341,10441,45,11640,4,14,5,21,156708,40912.0,85933.0,94366.0,83277.0,2,2,2,1
10,5.4500,1691.0530,42.7110,1739.2140,10341,10441,45,11640,4,14,5,20,156708,40597.0,86318.0,94588.0,1285322.0,2,2,2,1
11,6.4180,553.0940,41.8510,601.3630,10341,10441,45,11640,4,14,5,20,156708,40615.0,86173.0,94467.0,145836.0,2,2,2,1
12,6.3950,549.5960,41.5260,597.5170,10341,10441,45,11640,4,14,5,20,156708,41058.0,86023.0,94419.0,143973.0,2,2,2,1
13,4.8490,1714.7970,47.9980,1767.6440,10341,10441,45,11640,4,14,5,20,156708,40596.0,86375.0,94736.0,1308401.0,2,2,2,1
14,6.3750,624.4400,43.5460,674.3610,10341,10441,45,11640,4,14,5,20,156708,40689.0,83295.0,94375.0,211773.0,2,2,2,1
15,5.3720,691.8780,55.4600,752.7100,10341,10441,45,11640,4,14,5,21,156708,40622.0,86346.0,94746.0,286143.0,2,2,2,1
16,7.5160,609.6920,41.4230,658.6310,10341,10441,45,11640,4,14,5,20,156708,40741.0,86172.0,94418.0,204613.0,2,2,2,1
17,6.4050,548.3090,41.5860,596.3000,10341,10441,45,11640,4,14,5,20,156708,40751.0,86021.0,94541.0,143139.0,2,2,2,1
18,4.8330,563.4640,43.0940,611.3910,10341,10441,45,11640,4,14,5,20,156708,40772.0,86256.0,94631.0,157760.0,2,2,2,1
19,6.4350,685.0470,50.8520,742.3340,10341,10441,45,11640,4,14,5,20,156708,40607.0,86062.0,95070.0,278158.0,2,2,2,1
#heap 50854
#stack 2856
#end
#block sweep mTLS SecP384r1MLKEM1024
#lib wolfSSL 5.9.4
iter,tcp_ms,tls_ms,mqtt_ms,total_ms,hs_tx_B,hs_rx_B,mqtt_tx_B,mqtt_rx_B,hs_writes,hs_reads,writes,reads,free_heap_B,hs_keygen_us,hs_derive_us,hs_verify_us,hs_sign_us,hs_keygen_n,hs_derive_n,hs_verify_n,hs_sign_n
#suite TLS13-AES256-GCM-SHA384
0,5.4220,1043.2040,41.8710,1090.4970,10757,10953,45,11640,4,14,5,20,156708,168013.0,355183.0,94371.0,231741.0,2,2,2,1
1,4.7370,903.3820,43.2870,951.4060,10757,10953,45,11640,4,15,5,21,156708,168040.0,354106.0,94592.0,82720.0,2,2,2,1
2,6.7480,900.3770,46.9660,954.0910,10757,10953,45,11640,4,15,5,22,156708,168878.0,355116.0,94443.0,83264.0,2,2,2,1
3,5.4670,1703.1690,56.3110,1764.9470,10757,10953,45,11640,4,14,5,21,156708,168098.0,355655.0,94573.0,444649.0,2,2,2,1
4,5.5250,1021.2360,43.7770,1070.5380,10757,10953,45,11640,4,14,5,20,156708,168240.0,355011.0,94759.0,209136.0,2,2,2,1
5,6.4130,1780.2360,42.6500,1829.2990,10757,10953,45,11640,4,14,5,20,156708,168015.0,355047.0,94415.0,968212.0,2,2,2,1
6,4.4300,1038.2380,53.3570,1096.0250,10757,10953,45,11640,4,14,5,20,156708,168215.0,355219.0,95035.0,212859.0,2,2,2,1
7,15.4580,2387.0160,53.3830,2455.8570,10757,10953,45,11640,4,14,5,20,156708,168166.0,355189.0,94325.0,1566830.0,2,2,2,1
8,7.4180,1172.0440,41.9260,1221.3880,10757,10953,45,11640,4,15,5,21,156708,168313.0,355412.0,94384.0,347225.0,2,2,2,1
9,7.4110,1121.3980,44.0540,1172.8630,10757,10953,45,11640,4,14,5,21,156708,168250.0,355291.0,94412.0,296822.0,2,2,2,1
10,7.3670,1297.0330,49.0750,1353.4750,10757,10953,45,11640,4,14,5,20,156708,168261.0,355506.0,94359.0,486724.0,2,2,2,1
11,5.3980,1972.6710,49.3890,2027.4580,10757,10953,45,11640,4,14,5,20,156708,168271.0,356290.0,94350.0,1157077.0,2,2,2,1
12,5.6070,1022.3010,47.4480,1075.3560,10757,10953,45,11640,4,14,5,21,156708,168052.0,356063.0,94643.0,211579.0,2,2,2,1
13,9.3880,1214.7880,41.4270,1265.6030,10757,10953,45,11640,4,15,5,21,156708,168307.0,355547.0,95084.0,403003.0,2,2,2,1
14,6.3790,2516.1930,45.5540,2568.1260,10757,10953,45,11640,4,15,5,22,156708,168520.0,355521.0,94728.0,1696239.0,2,2,2,1
15,2837.5850,1509.6170,49.4000,4396.6020,10757,10953,45,11640,4,14,5,20,156708,168008.0,355204.0,94522.0,697941.0,2,2,2,1
16,8.3810,973.2860,44.9720,1026.6390,10757,10953,45,11640,4,15,5,21,156708,168303.0,355477.0,94692.0,145424.0,2,2,2,1
17,6.3680,897.5610,45.5630,949.4920,10757,10953,45,11640,4,14,5,20,156708,168169.0,355181.0,94504.0,83262.0,2,2,2,1
18,6.4000,1154.9740,50.4470,1211.8210,10757,10953,45,11640,4,14,5,20,156708,168426.0,355352.0,94578.0,340875.0,2,2,2,1
19,5.4200,1907.2660,55.3940,1968.0800,10757,10953,45,11640,4,14,5,20,156708,168094.0,354995.0,94653.0,1085418.0,2,2,2,1
#heap 51782
#stack 2800
#end
#block sweep mTLS SecP256r1MLKEM512
#lib wolfSSL 5.9.4
iter,tcp_ms,tls_ms,mqtt_ms,total_ms,hs_tx_B,hs_rx_B,mqtt_tx_B,mqtt_rx_B,hs_writes,hs_reads,writes,reads,free_heap_B,hs_keygen_us,hs_derive_us,hs_verify_us,hs_sign_us,hs_keygen_n,hs_derive_n,hs_verify_n,hs_sign_n
#err tls handshake failed: received alert fatal error
#heap 38037
#stack 1816
#end
#block sweep mTLS x25519_mlkem512
#lib wolfSSL 5.9.4
iter,tcp_ms,tls_ms,mqtt_ms,total_ms,hs_tx_B,hs_rx_B,mqtt_tx_B,mqtt_rx_B,hs_writes,hs_reads,writes,reads,free_heap_B,hs_keygen_us,hs_derive_us,hs_verify_us,hs_sign_us,hs_keygen_n,hs_derive_n,hs_verify_n,hs_sign_n
#err tls handshake failed: received alert fatal error
#heap 38037
#stack 1840
#end
#block sweep mTLS p384_mlkem768
#lib wolfSSL 5.9.4
iter,tcp_ms,tls_ms,mqtt_ms,total_ms,hs_tx_B,hs_rx_B,mqtt_tx_B,mqtt_rx_B,hs_writes,hs_reads,writes,reads,free_heap_B,hs_keygen_us,hs_derive_us,hs_verify_us,hs_sign_us,hs_keygen_n,hs_derive_n,hs_verify_n,hs_sign_n
#suite TLS13-AES256-GCM-SHA384
0,7.5120,902.3740,52.7680,962.6540,10373,10473,45,11640,4,14,5,21,156708,163164.0,348982.0,94581.0,83235.0,2,2,2,1
1,6.7440,2294.6310,41.9770,2343.3520,10373,10473,45,11640,4,14,5,20,156708,163187.0,348692.0,94698.0,1477613.0,2,2,2,1
2,6.4310,967.7950,42.4350,1016.6610,10373,10473,45,11640,4,14,5,20,156708,162906.0,349097.0,94957.0,147804.0,2,2,2,1
3,5.4120,1509.9520,63.7990,1579.1630,10373,10473,45,11640,4,14,5,22,156708,163081.0,350383.0,94793.0,691462.0,2,2,2,1
4,6.8660,1200.0150,45.4550,1252.3360,10373,10473,45,11640,4,14,5,20,156708,163089.0,348659.0,94755.0,376198.0,2,2,2,1
5,8.3870,893.7460,51.3590,953.4920,10373,10473,45,11640,4,14,5,20,156708,162934.0,348622.0,94424.0,83110.0,2,2,2,1
6,7.4020,1123.5000,43.3130,1174.2150,10373,10473,45,11640,4,14,5,20,156708,163090.0,350030.0,94613.0,304244.0,2,2,2,1
7,8.4340,1199.6090,48.2610,1256.3040,10373,10473,45,11640,4,14,5,20,156708,163078.0,350275.0,94946.0,374775.0,2,2,2,1
8,6.4100,895.6510,55.2680,957.3290,10373,10473,45,11640,4,14,5,20,156708,162855.0,349349.0,94512.0,83816.0,2,2,2,1
9,6.3850,1212.8980,52.0320,1271.3150,10373,10473,45,11640,4,14,5,20,156708,163843.0,349945.0,94457.0,406141.0,2,2,2,1
10,10.4120,1283.2330,39.8870,1333.5320,10373,10473,45,11640,4,14,5,21,156708,163722.0,348837.0,94945.0,471057.0,2,2,2,1
11,10.5730,1217.6370,39.5870,1267.7970,10373,10473,45,11640,4,14,5,20,156708,162935.0,349296.0,94770.0,419260.0,2,2,2,1
12,5.4080,884.8940,47.4130,937.7150,10373,10473,45,11640,4,14,5,21,156708,163114.0,346794.0,94671.0,83059.0,2,2,2,1
13,7.7050,895.8630,51.0370,954.6050,10373,10473,45,11640,4,14,5,20,156708,163146.0,348750.0,94516.0,82803.0,2,2,2,1
14,19.4080,1253.7880,90.6210,1363.8170,10373,10473,45,11640,4,14,5,21,156708,163185.0,348512.0,94826.0,430024.0,2,2,2,1
15,15.5480,1375.9980,51.0500,1442.5960,10373,10473,45,11640,4,14,5,20,156708,162928.0,348681.0,94876.0,560955.0,2,2,2,1
16,7.4080,966.4580,54.1040,1027.9700,10373,10473,45,11640,4,14,5,20,156708,162914.0,347601.0,94374.0,146569.0,2,2,2,1
17,4.3910,1449.9210,46.4120,1500.7240,10373,10473,45,11640,4,14,5,21,156708,163143.0,349470.0,94292.0,623409.0,2,2,2,1
18,5.9210,1255.2600,46.3860,1307.5670,10373,10473,45,11640,4,14,5,22,156708,162963.0,348624.0,94898.0,434739.0,2,2,2,1
19,6.4120,1576.3690,48.6780,1631.4590,10373,10473,45,11640,4,14,5,20,156708,163167.0,348937.0,95287.0,751952.0,2,2,2,1
#heap 50918
#stack 2800
#end
#block sweep mTLS p521_mlkem1024
#lib wolfSSL 5.9.4
iter,tcp_ms,tls_ms,mqtt_ms,total_ms,hs_tx_B,hs_rx_B,mqtt_tx_B,mqtt_rx_B,hs_writes,hs_reads,writes,reads,free_heap_B,hs_keygen_us,hs_derive_us,hs_verify_us,hs_sign_us,hs_keygen_n,hs_derive_n,hs_verify_n,hs_sign_n
#suite TLS13-AES256-GCM-SHA384
0,5.4090,1201.5550,55.5410,1262.5050,10793,10989,45,11640,4,14,5,20,156708,241065.0,495892.0,94521.0,144132.0,2,2,2,1
1,6.8360,1264.8270,56.6730,1328.3360,10793,10989,45,11640,4,15,5,21,156708,240281.0,494154.0,94458.0,208838.0,2,2,2,1
2,5.4490,1734.5260,46.3780,1786.3530,10793,10989,45,11640,4,15,5,21,156708,240394.0,495210.0,94360.0,687852.0,2,2,2,1
3,5.4170,1491.2440,40.3520,1537.0130,10793,10989,45,11640,4,14,5,20,156708,240157.0,494226.0,94344.0,440586.0,2,2,2,1
4,5.8810,1134.9120,55.8010,1196.5940,10793,10989,45,11640,4,14,5,20,156708,240379.0,495713.0,94530.0,82939.0,2,2,2,1
5,4.5310,1487.2880,42.7100,1534.5290,10793,10989,45,11640,4,14,5,20,156708,240100.0,494233.0,94423.0,426964.0,2,2,2,1
6,4.7280,1132.6520,54.7750,1192.1550,10793,10989,45,11640,4,15,5,21,156708,240274.0,496412.0,94556.0,82739.0,2,2,2,1
7,22.6750,1333.8890,44.1330,1400.6970,10793,10989,45,11640,4,14,5,21,156708,240467.0,493273.0,94652.0,275881.0,2,2,2,1
8,8.4810,1477.1800,44.0200,1529.6810,10793,10989,45,11640,4,14,5,21,156708,240180.0,493156.0,94575.0,423838.0,2,2,2,1
9,4.4650,1458.5510,107.4870,1570.5030,10793,10989,45,11640,4,15,5,21,156708,240667.0,495560.0,94225.0,413332.0,2,2,2,1
10,7.6220,1140.8320,65.5030,1213.9570,10793,10989,45,11640,4,15,5,21,156708,240153.0,493449.0,94447.0,83049.0,2,2,2,1
11,6.3940,2416.4880,56.8770,2479.7590,10793,10989,45,11640,4,14,5,20,156708,240760.0,494641.0,94612.0,1364530.0,2,2,2,1
12,7.4000,1263.2630,59.8130,1330.4760,10793,10989,45,11640,4,15,5,21,156708,240107.0,495889.0,94646.0,208002.0,2,2,2,1
13,5.3710,1276.3090,40.5470,1322.2270,10793,10989,45,11640,4,14,5,20,156708,240265.0,495963.0,94648.0,217382.0,2,2,2,1
14,5.3780,1174.2150,40.8690,1220.4620,10793,10989,45,11640,4,15,5,21,156708,240258.0,496201.0,94810.0,145418.0,2,2,2,1
15,5.5040,1701.0210,51.5100,1758.0350,10793,10989,45,11640,4,14,5,20,156708,240341.0,496091.0,94532.0,673013.0,2,2,2,1
16,6.4420,1716.9230,44.5000,1767.8650,10793,10989,45,11640,4,14,5,20,156708,240085.0,493018.0,94697.0,680982.0,2,2,2,1
17,4.7100,1807.7060,53.3280,1865.7440,10793,10989,45,11640,4,14,5,21,156708,240478.0,497266.0,94582.0,757144.0,2,2,2,1
18,8.3680,1473.1680,48.0140,1529.5500,10793,10989,45,11640,4,14,5,20,156708,240461.0,493140.0,94978.0,428587.0,2,2,2,1
19,8.7350,1177.7960,38.5990,1225.1300,10793,10989,45,11640,4,15,5,21,156708,240272.0,496331.0,94582.0,149787.0,2,2,2,1
#heap 51854
#stack 2968
#end
#block sweep mTLS x448_mlkem768
#lib wolfSSL 5.9.4
iter,tcp_ms,tls_ms,mqtt_ms,total_ms,hs_tx_B,hs_rx_B,mqtt_tx_B,mqtt_rx_B,hs_writes,hs_reads,writes,reads,free_heap_B,hs_keygen_us,hs_derive_us,hs_verify_us,hs_sign_us,hs_keygen_n,hs_derive_n,hs_verify_n,hs_sign_n
#suite TLS13-AES256-GCM-SHA384
0,5.4300,870.9860,48.2710,924.6870,10332,10432,45,11640,4,14,5,21,156708,210416.0,217964.0,94493.0,149558.0,2,2,2,1
1,6.4990,1207.1950,52.6720,1266.3660,10332,10432,45,11640,4,14,5,20,156708,211661.0,219858.0,95371.0,490274.0,2,2,2,1
2,6.4520,1971.2840,122.3790,2100.1150,10332,10432,45,11640,4,14,5,20,156708,211007.0,217509.0,94584.0,1256862.0,2,2,2,1
3,21.4140,2137.8630,53.5510,2212.8280,10332,10432,45,11640,4,14,5,20,156708,210596.0,217255.0,94756.0,1323743.0,2,2,2,1
4,7.4040,1291.6150,47.9660,1346.9850,10332,10432,45,11640,4,14,5,21,156708,210682.0,217699.0,94612.0,568821.0,2,2,2,1
5,5.3710,875.7510,53.3150,934.4370,10332,10432,45,11640,4,14,5,21,156708,211252.0,217617.0,94806.0,160134.0,2,2,2,1
6,5.4530,1063.2330,50.9940,1119.6800,10332,10432,45,11640,4,14,5,21,156708,210534.0,217330.0,94846.0,345734.0,2,2,2,1
7,7.4080,990.8370,58.7770,1057.0220,10332,10432,45,11640,4,14,5,20,156708,210530.0,217831.0,94490.0,269664.0,2,2,2,1
8,5.7500,861.1260,41.6000,908.4760,10332,10432,45,11640,4,14,5,20,156708,210731.0,217852.0,95129.0,143937.0,2,2,2,1
9,4.4490,823.6120,57.6740,885.7350,10332,10432,45,11640,4,14,5,21,156708,210410.0,217981.0,94755.0,82757.0,2,2,2,1
10,5.4080,1197.9080,56.1730,1259.4890,10332,10432,45,11640,4,14,5,21,156708,210349.0,217157.0,94498.0,479105.0,2,2,2,1
11,5.4360,950.5100,51.4130,1007.3590,10332,10432,45,11640,4,14,5,20,156708,211206.0,218586.0,94527.0,231849.0,2,2,2,1
12,7.6100,1292.2480,50.8380,1350.6960,10332,10432,45,11640,4,14,5,20,156708,210723.0,217137.0,94408.0,570324.0,2,2,2,1
13,8.5430,1189.0020,41.7790,1239.3240,10332,10432,45,11640,4,14,5,20,156708,210430.0,217261.0,94784.0,471017.0,2,2,2,1
14,5.7620,1367.7450,41.7730,1415.2800,10332,10432,45,11640,4,14,5,20,156708,210515.0,217121.0,94921.0,637680.0,2,2,2,1
15,5.4420,1124.1500,47.2580,1176.8500,10332,10432,45,11640,4,14,5,21,156708,210548.0,216876.0,94493.0,407560.0,2,2,2,1
16,7.3790,1177.3940,54.4880,1239.2610,10332,10432,45,11640,4,14,5,20,156708,210671.0,217225.0,94591.0,463553.0,2,2,2,1
17,5.4030,1209.7230,41.5600,1256.6860,10332,10432,45,11640,4,14,5,20,156708,210248.0,218426.0,94518.0,485726.0,2,2,2,1
18,5.4120,1495.4890,44.0910,1544.9920,10332,10432,45,11640,4,14,5,20,156708,210969.0,217191.0,94705.0,773939.0,2,2,2,1
19,6.4150,1189.0860,49.5730,1245.0740,10332,10432,45,11640,4,14,5,20,156708,210821.0,217338.0,94891.0,406310.0,2,2,2,1
#heap 50836
#stack 3960
#end
#block sweep mTLS X25519
#lib wolfSSL 5.9.4
iter,tcp_ms,tls_ms,mqtt_ms,total_ms,hs_tx_B,hs_rx_B,mqtt_tx_B,mqtt_rx_B,hs_writes,hs_reads,writes,reads,free_heap_B,hs_keygen_us,hs_derive_us,hs_verify_us,hs_sign_us,hs_keygen_n,hs_derive_n,hs_verify_n,hs_sign_n
#suite TLS13-AES256-GCM-SHA384
0,18.5440,1297.3010,41.5660,1357.4110,9124,9320,45,11640,4,14,5,20,156708,57129.0,59326.0,94334.0,910985.0,1,1,2,1
1,6.5110,604.6670,41.6030,652.7810,9124,9320,45,11640,4,14,5,21,156708,57130.0,57160.0,94699.0,209062.0,1,1,2,1
2,6.7350,474.1840,55.0180,535.9370,9124,9320,45,11640,4,14,5,20,156708,57356.0,59271.0,94531.0,83744.0,1,1,2,1
3,7.3790,829.6920,54.5450,891.6160,9124,9320,45,11640,4,14,5,20,156708,57159.0,59272.0,94844.0,443544.0,1,1,2,1
4,7.5270,894.0460,41.4070,942.9800,9124,9320,45,11640,4,14,5,20,156708,57275.0,59546.0,94709.0,503898.0,1,1,2,1
5,6.7680,677.1070,54.4860,738.3610,9124,9320,45,11640,4,14,5,21,156708,57030.0,60146.0,94603.0,291262.0,1,1,2,1
6,9.4470,951.8510,50.8360,1012.1340,9124,9320,45,11640,4,14,5,20,156708,57729.0,59256.0,94525.0,565395.0,1,1,2,1
7,7.5980,548.2250,54.4900,610.3130,9124,9320,45,11640,4,14,5,20,156708,57130.0,57448.0,94912.0,145627.0,1,1,2,1
8,7.7310,1057.0480,59.0170,1123.7960,9124,9320,45,11640,4,14,5,20,156708,57221.0,57033.0,94657.0,657962.0,1,1,2,1
9,5.6610,677.2670,53.6630,736.5910,9124,9320,45,11640,4,14,5,20,156708,57159.0,60082.0,94487.0,284861.0,1,1,2,1
10,24.4180,742.3000,51.2140,817.9320,9124,9320,45,11640,4,14,5,20,156708,57190.0,60884.0,94978.0,356615.0,1,1,2,1
11,5.5180,468.1360,41.7150,515.3690,9124,9320,45,11640,4,14,5,20,156708,57198.0,59420.0,94386.0,83000.0,1,1,2,1
12,5.4390,825.5580,56.8250,887.8220,9124,9320,45,11640,4,14,5,21,156708,57210.0,59151.0,94764.0,430087.0,1,1,2,1
13,7.6530,1079.8040,44.3350,1131.7920,9124,9320,45,11640,4,14,5,21,156708,57231.0,60663.0,95442.0,691585.0,1,1,2,1
14,5.6740,671.7200,47.2360,724.6300,9124,9320,45,11640,4,14,5,21,156708,57149.0,59309.0,94181.0,287533.0,1,1,2,1
15,6.4050,467.2350,42.4580,516.0980,9124,9320,45,11640,4,14,5,20,156708,57034.0,59296.0,94859.0,82581.0,1,1,2,1
16,5.7360,480.3550,53.9300,540.0210,9124,9320,45,11640,4,14,5,21,156708,57177.0,57063.0,94544.0,82720.0,1,1,2,1
17,7.4040,468.2290,41.2970,516.9300,9124,9320,45,11640,4,14,5,20,156708,57256.0,59431.0,94530.0,82917.0,1,1,2,1
18,5.3920,1132.0850,49.7060,1187.1830,9124,9320,45,11640,4,14,5,20,156708,57166.0,60496.0,94665.0,747280.0,1,1,2,1
19,5.5830,799.1140,41.6340,846.3310,9124,9320,45,11640,4,14,5,20,156708,57127.0,59308.0,94673.0,414653.0,1,1,2,1
#heap 48484
#stack 3512
#end
#block sweep mTLS secp256r1
#lib wolfSSL 5.9.4
iter,tcp_ms,tls_ms,mqtt_ms,total_ms,hs_tx_B,hs_rx_B,mqtt_tx_B,mqtt_rx_B,hs_writes,hs_reads,writes,reads,free_heap_B,hs_keygen_us,hs_derive_us,hs_verify_us,hs_sign_us,hs_keygen_n,hs_derive_n,hs_verify_n,hs_sign_n
#suite TLS13-AES256-GCM-SHA384
0,5.3810,1571.1460,57.5680,1634.0950,9157,9353,45,11640,4,14,5,21,156708,31221.0,71910.0,94669.0,1199881.0,1,1,2,1
1,5.4220,831.5890,49.5690,886.5800,9157,9353,45,11640,4,14,5,20,156708,31188.0,71797.0,94426.0,465471.0,1,1,2,1
2,6.4590,792.7480,47.6430,846.8500,9157,9353,45,11640,4,14,5,20,156708,31109.0,72290.0,94736.0,409975.0,1,1,2,1
3,9.4900,782.3380,43.6680,835.4960,9157,9353,45,11640,4,14,5,21,156708,31231.0,72030.0,94654.0,411810.0,1,1,2,1
4,19.5030,528.2100,42.5940,590.3070,9157,9353,45,11640,4,14,5,20,156708,31174.0,69609.0,94640.0,143797.0,1,1,2,1
5,7.6180,584.0070,52.0420,643.6670,9157,9353,45,11640,4,14,5,20,156708,31012.0,72103.0,95001.0,211828.0,1,1,2,1
6,8.4560,866.1290,44.0310,918.6160,9157,9353,45,11640,4,14,5,20,156708,31016.0,71889.0,94616.0,487352.0,1,1,2,1
7,5.4090,463.6530,42.3410,511.4030,9157,9353,45,11640,4,14,5,21,156708,31008.0,71831.0,94641.0,82729.0,1,1,2,1
8,6.5400,521.1350,53.6210,581.2960,9157,9353,45,11640,4,14,5,20,156708,31010.0,72862.0,94506.0,148099.0,1,1,2,1
9,6.5810,652.8260,52.3680,711.7750,9157,9353,45,11640,4,14,5,20,156708,31212.0,70070.0,94752.0,273941.0,1,1,2,1
10,7.4860,525.1970,40.9470,573.6300,9157,9353,45,11640,4,14,5,20,156708,31108.0,71846.0,94692.0,143796.0,1,1,2,1
11,7.4160,520.7400,55.1900,583.3460,9157,9353,45,11640,4,14,5,20,156708,31016.0,72203.0,95045.0,149192.0,1,1,2,1
12,7.4000,658.2610,41.4900,707.1510,9157,9353,45,11640,4,14,5,20,156708,31177.0,71922.0,94642.0,285088.0,1,1,2,1
13,6.5000,522.8180,48.8690,578.1870,9157,9353,45,11640,4,14,5,20,156708,31130.0,71850.0,94645.0,152114.0,1,1,2,1
14,7.4260,1377.6350,54.5580,1439.6190,9157,9353,45,11640,4,14,5,20,156708,31118.0,72753.0,95023.0,1010552.0,1,1,2,1
15,4.6440,522.5520,50.3410,577.5370,9157,9353,45,11640,4,14,5,20,156708,31122.0,71950.0,94872.0,152254.0,1,1,2,1
16,7.0030,1041.0530,43.3460,1091.4020,9157,9353,45,11640,4,14,5,20,156708,31225.0,70012.0,95329.0,657731.0,1,1,2,1
17,6.5010,463.8250,45.0650,515.3910,9157,9353,45,11640,4,14,5,21,156708,31282.0,71721.0,94837.0,82712.0,1,1,2,1
18,5.4110,456.3680,43.3110,505.0900,9157,9353,45,11640,4,14,5,21,156708,31141.0,71767.0,95031.0,82961.0,1,1,2,1
19,9.4110,1209.3800,43.0150,1261.8060,9157,9353,45,11640,4,14,5,21,156708,31129.0,71798.0,94575.0,839217.0,1,1,2,1
#heap 48517
#stack 2856
#end
=== done ===
