=== MQTT / TLS 1.3 / mTLS, ECDSAP256 certificates, X25519MLKEM768 (wolfSSL 5.9.4) on RP2040 ===
CPU clock: 200 MHz
#config iterations=50 warmup=5 pipe_iterations=3 messages=200 payload_B=51 schemes=2 sweep_iterations=20 sweep_warmup=2 groups=13 kex_iterations=50 kex_warmup=2 blocks=41
#kat LoRaWAN / AES-CMAC / Ascon known-answer checks: OK
#wifi rssi=-20 dBm channel=10 ip=192.168.50.235 broker=192.168.50.132
#block connect plain
#lib none (plain MQTT)
iter,tcp_ms,tls_ms,mqtt_ms,total_ms,hs_tx_B,hs_rx_B,mqtt_tx_B,mqtt_rx_B,hs_writes,hs_reads,writes,reads,free_heap_B,hs_keygen_us,hs_derive_us,hs_verify_us,hs_sign_us,hs_keygen_n,hs_derive_n,hs_verify_n,hs_sign_n
0,4.4520,0.0020,4.8240,9.2780,0,0,23,4,0,0,1,1,169580,0.0,0.0,0.0,0.0,0,0,0,0
1,20.3710,0.0020,4.6220,24.9950,0,0,23,4,0,0,1,1,169356,0.0,0.0,0.0,0.0,0,0,0,0
2,7.3390,0.0030,4.6720,12.0140,0,0,23,4,0,0,1,1,169356,0.0,0.0,0.0,0.0,0,0,0,0
3,462.8620,0.0030,19.8180,482.6830,0,0,23,4,0,0,1,1,169356,0.0,0.0,0.0,0.0,0,0,0,0
4,4.3850,0.0020,5.1840,9.5710,0,0,23,4,0,0,1,1,169356,0.0,0.0,0.0,0.0,0,0,0,0
5,4.3380,0.0020,5.6540,9.9940,0,0,23,4,0,0,1,1,169356,0.0,0.0,0.0,0.0,0,0,0,0
6,19.4050,0.0030,6.8410,26.2490,0,0,23,4,0,0,1,1,169356,0.0,0.0,0.0,0.0,0,0,0,0
7,10.3900,0.0030,5.4300,15.8230,0,0,23,4,0,0,1,1,169356,0.0,0.0,0.0,0.0,0,0,0,0
8,4.5190,0.0020,4.3480,8.8690,0,0,23,4,0,0,1,1,169356,0.0,0.0,0.0,0.0,0,0,0,0
9,5.4230,0.0030,6.2800,11.7060,0,0,23,4,0,0,1,1,169356,0.0,0.0,0.0,0.0,0,0,0,0
10,5.4530,0.0030,4.9250,10.3810,0,0,23,4,0,0,1,1,169356,0.0,0.0,0.0,0.0,0,0,0,0
11,7.3520,0.0030,4.5730,11.9280,0,0,23,4,0,0,1,1,169356,0.0,0.0,0.0,0.0,0,0,0,0
12,4.3420,0.0020,4.5560,8.9000,0,0,23,4,0,0,1,1,169356,0.0,0.0,0.0,0.0,0,0,0,0
13,15.3700,0.0020,10.2720,25.6440,0,0,23,4,0,0,1,1,169356,0.0,0.0,0.0,0.0,0,0,0,0
14,21.4790,0.0020,6.8930,28.3740,0,0,23,4,0,0,1,1,169356,0.0,0.0,0.0,0.0,0,0,0,0
15,21.3690,0.0030,4.3840,25.7560,0,0,23,4,0,0,1,1,169356,0.0,0.0,0.0,0.0,0,0,0,0
16,6.6620,0.0030,4.8840,11.5490,0,0,23,4,0,0,1,1,169356,0.0,0.0,0.0,0.0,0,0,0,0
17,6.7000,0.0030,12.0390,18.7420,0,0,23,4,0,0,1,1,169356,0.0,0.0,0.0,0.0,0,0,0,0
18,4.3740,0.0020,4.3710,8.7470,0,0,23,4,0,0,1,1,169356,0.0,0.0,0.0,0.0,0,0,0,0
19,17.6090,0.0020,5.5600,23.1710,0,0,23,4,0,0,1,1,169356,0.0,0.0,0.0,0.0,0,0,0,0
20,3.5090,0.0020,4.9740,8.4850,0,0,23,4,0,0,1,1,169356,0.0,0.0,0.0,0.0,0,0,0,0
21,6.3470,0.0030,6.6300,12.9800,0,0,23,4,0,0,1,1,169356,0.0,0.0,0.0,0.0,0,0,0,0
22,5.3560,0.0030,18.3190,23.6780,0,0,23,4,0,0,1,1,169356,0.0,0.0,0.0,0.0,0,0,0,0
23,4.4210,0.0030,4.9280,9.3520,0,0,23,4,0,0,1,1,169356,0.0,0.0,0.0,0.0,0,0,0,0
24,4.6130,0.0020,5.1790,9.7940,0,0,23,4,0,0,1,1,169356,0.0,0.0,0.0,0.0,0,0,0,0
25,6.3700,0.0020,6.5080,12.8800,0,0,23,4,0,0,1,1,169356,0.0,0.0,0.0,0.0,0,0,0,0
26,5.6340,0.0030,4.9570,10.5940,0,0,23,4,0,0,1,1,169356,0.0,0.0,0.0,0.0,0,0,0,0
27,5.5220,0.0030,5.0650,10.5900,0,0,23,4,0,0,1,1,169356,0.0,0.0,0.0,0.0,0,0,0,0
28,20.3840,0.0030,6.0390,26.4260,0,0,23,4,0,0,1,1,169356,0.0,0.0,0.0,0.0,0,0,0,0
29,4.3450,0.0020,7.7030,12.0500,0,0,23,4,0,0,1,1,169356,0.0,0.0,0.0,0.0,0,0,0,0
30,4.4790,0.0020,5.3120,9.7930,0,0,23,4,0,0,1,1,169356,0.0,0.0,0.0,0.0,0,0,0,0
31,21.6340,0.0020,6.8690,28.5050,0,0,23,4,0,0,1,1,169356,0.0,0.0,0.0,0.0,0,0,0,0
32,21.3600,0.0020,4.6980,26.0600,0,0,23,4,0,0,1,1,169356,0.0,0.0,0.0,0.0,0,0,0,0
33,4.5740,0.0030,4.1820,8.7590,0,0,23,4,0,0,1,1,169356,0.0,0.0,0.0,0.0,0,0,0,0
34,6.5680,0.0030,6.8190,13.3900,0,0,23,4,0,0,1,1,169356,0.0,0.0,0.0,0.0,0,0,0,0
35,21.3870,0.0020,4.0590,25.4480,0,0,23,4,0,0,1,1,169356,0.0,0.0,0.0,0.0,0,0,0,0
36,18.3520,0.0020,4.7340,23.0880,0,0,23,4,0,0,1,1,169356,0.0,0.0,0.0,0.0,0,0,0,0
37,5.4290,0.0020,4.5500,9.9810,0,0,23,4,0,0,1,1,169356,0.0,0.0,0.0,0.0,0,0,0,0
38,4.3760,0.0020,4.9580,9.3360,0,0,23,4,0,0,1,1,169356,0.0,0.0,0.0,0.0,0,0,0,0
39,5.6980,0.0020,18.7720,24.4720,0,0,23,4,0,0,1,1,169356,0.0,0.0,0.0,0.0,0,0,0,0
40,5.3530,0.0030,4.5570,9.9130,0,0,23,4,0,0,1,1,169356,0.0,0.0,0.0,0.0,0,0,0,0
41,4.3870,0.0030,5.0340,9.4240,0,0,23,4,0,0,1,1,169356,0.0,0.0,0.0,0.0,0,0,0,0
42,3.7560,0.0030,4.8250,8.5840,0,0,23,4,0,0,1,1,169356,0.0,0.0,0.0,0.0,0,0,0,0
43,6.3760,0.0030,9.0300,15.4090,0,0,23,4,0,0,1,1,169356,0.0,0.0,0.0,0.0,0,0,0,0
44,4.4290,0.0030,4.8680,9.3000,0,0,23,4,0,0,1,1,169356,0.0,0.0,0.0,0.0,0,0,0,0
45,17.4130,0.0020,5.7180,23.1330,0,0,23,4,0,0,1,1,169356,0.0,0.0,0.0,0.0,0,0,0,0
46,5.6890,0.0010,6.3080,11.9980,0,0,23,4,0,0,1,1,169356,0.0,0.0,0.0,0.0,0,0,0,0
47,7.3790,0.0030,8.4290,15.8110,0,0,23,4,0,0,1,1,169356,0.0,0.0,0.0,0.0,0,0,0,0
48,17.3930,0.0030,5.0540,22.4500,0,0,23,4,0,0,1,1,169356,0.0,0.0,0.0,0.0,0,0,0,0
49,3.6080,0.0030,18.1230,21.7340,0,0,23,4,0,0,1,1,169356,0.0,0.0,0.0,0.0,0,0,0,0
#stack 1760
#end
#block connect TLS
#lib wolfSSL 5.9.4
iter,tcp_ms,tls_ms,mqtt_ms,total_ms,hs_tx_B,hs_rx_B,mqtt_tx_B,mqtt_rx_B,hs_writes,hs_reads,writes,reads,free_heap_B,hs_keygen_us,hs_derive_us,hs_verify_us,hs_sign_us,hs_keygen_n,hs_derive_n,hs_verify_n,hs_sign_n
#suite TLS13-AES256-GCM-SHA384
0,4.4040,397.1040,19.8790,421.3870,1387,1837,45,568,2,12,3,18,168292,66283.0,71061.0,195504.0,0.0,2,2,2,0
1,9.4270,395.5180,14.1180,419.0630,1387,1838,45,568,2,12,3,18,168292,66389.0,70378.0,195245.0,0.0,2,2,2,0
2,7.7480,395.2380,13.4560,416.4420,1387,1837,45,568,2,12,3,18,168292,66242.0,70062.0,195279.0,0.0,2,2,2,0
3,5.4510,406.2380,12.6320,424.3210,1387,1839,45,568,2,12,3,18,168292,66990.0,70252.0,195019.0,0.0,2,2,2,0
4,6.6740,401.4300,12.9320,421.0360,1387,1838,45,568,2,12,3,18,168292,66364.0,70171.0,195052.0,0.0,2,2,2,0
5,8.3900,395.5230,11.7340,415.6470,1387,1838,45,568,2,12,3,18,168292,66644.0,70426.0,195260.0,0.0,2,2,2,0
6,8.8770,394.2340,12.5730,415.6840,1387,1838,45,568,2,12,3,18,168292,66317.0,70191.0,195241.0,0.0,2,2,2,0
7,17.4300,394.3750,19.2850,431.0900,1387,1838,45,568,2,12,3,18,168292,66145.0,70238.0,195237.0,0.0,2,2,2,0
8,4.4020,407.0750,21.8940,433.3710,1387,1837,45,568,2,12,3,18,168292,66466.0,70427.0,195399.0,0.0,2,2,2,0
9,4.8510,410.5250,11.7900,427.1660,1387,1839,45,568,2,12,3,18,168292,66276.0,70291.0,195350.0,0.0,2,2,2,0
10,5.4220,393.8580,14.4550,413.7350,1387,1837,45,568,2,12,3,18,168292,66297.0,70234.0,195090.0,0.0,2,2,2,0
11,18.6050,393.5840,19.8610,432.0500,1387,1838,45,568,2,12,3,18,168292,66454.0,70257.0,195023.0,0.0,2,2,2,0
12,4.4870,405.3740,22.5490,432.4100,1387,1838,45,568,2,12,3,18,168292,66354.0,70368.0,194970.0,0.0,2,2,2,0
13,6.8290,402.8620,11.9970,421.6880,1387,1837,45,568,2,12,3,18,168292,66429.0,70350.0,195233.0,0.0,2,2,2,0
14,4.6960,394.6060,12.4780,411.7800,1387,1837,45,568,2,12,3,18,168292,66374.0,70525.0,195238.0,0.0,2,2,2,0
15,10.4270,393.9200,12.8310,417.1780,1387,1838,45,568,2,12,3,18,168292,66243.0,70277.0,195427.0,0.0,2,2,2,0
16,5.4420,405.9980,11.9850,423.4250,1387,1838,45,568,2,12,3,18,168292,66345.0,70259.0,195204.0,0.0,2,2,2,0
17,4.4040,397.3540,18.5870,420.3450,1387,1838,45,568,2,12,3,18,168292,66252.0,70933.0,195075.0,0.0,2,2,2,0
18,5.3860,409.7350,11.9130,427.0340,1387,1838,45,568,2,12,3,18,168292,66291.0,70659.0,195135.0,0.0,2,2,2,0
19,5.7250,396.8870,15.3180,417.9300,1387,1838,45,568,2,12,3,18,168292,66352.0,70266.0,195458.0,0.0,2,2,2,0
20,4.6320,406.1200,12.1430,422.8950,1387,1838,45,568,2,12,3,18,168292,66257.0,70288.0,195933.0,0.0,2,2,2,0
21,5.3840,405.4470,12.0800,422.9110,1387,1839,45,568,2,12,3,18,168292,66141.0,70227.0,195324.0,0.0,2,2,2,0
22,4.8660,395.6740,12.4250,412.9650,1387,1838,45,568,2,12,3,18,168292,66569.0,70281.0,195411.0,0.0,2,2,2,0
23,6.5060,394.2040,10.8520,411.5620,1387,1839,45,568,2,12,3,18,168292,66376.0,70097.0,195485.0,0.0,2,2,2,0
24,4.3930,393.5910,11.5820,409.5660,1387,1838,45,568,2,12,3,18,168292,66248.0,70272.0,194939.0,0.0,2,2,2,0
25,18.5970,406.9880,12.3880,437.9730,1387,1838,45,568,2,12,3,18,168292,66239.0,70162.0,195046.0,0.0,2,2,2,0
26,5.4810,405.0450,12.3100,422.8360,1387,1838,45,568,2,12,3,18,168292,66251.0,70284.0,195028.0,0.0,2,2,2,0
27,5.8060,394.8790,11.3640,412.0490,1387,1839,45,568,2,12,3,18,168292,66421.0,70214.0,196063.0,0.0,2,2,2,0
28,4.6950,394.1930,12.1940,411.0820,1387,1837,45,568,2,12,3,18,168292,66147.0,70419.0,195282.0,0.0,2,2,2,0
29,8.4360,394.1490,15.9590,418.5440,1387,1839,45,568,2,12,3,18,168292,66196.0,70285.0,195232.0,0.0,2,2,2,0
30,5.5290,400.6890,11.5150,417.7330,1387,1839,45,568,2,12,3,18,168292,66218.0,70249.0,195224.0,0.0,2,2,2,0
31,4.8250,405.8940,15.1460,425.8650,1387,1838,45,568,2,12,3,18,168292,66134.0,70061.0,195063.0,0.0,2,2,2,0
32,5.4450,398.9580,12.3080,416.7110,1387,1838,45,568,2,12,3,18,168292,66385.0,70346.0,195166.0,0.0,2,2,2,0
33,7.4190,393.3580,11.0200,411.7970,1387,1838,45,568,2,12,3,18,168292,66437.0,70235.0,195045.0,0.0,2,2,2,0
34,15.6470,394.3590,20.4650,430.4710,1387,1838,45,568,2,12,3,18,168292,66337.0,70374.0,195051.0,0.0,2,2,2,0
35,18.6030,410.9830,13.6180,443.2040,1387,1838,45,568,2,12,3,18,168292,66331.0,70062.0,195267.0,0.0,2,2,2,0
36,5.4340,394.6960,14.1640,414.2940,1387,1838,45,568,2,12,3,18,168292,66175.0,70338.0,195308.0,0.0,2,2,2,0
37,8.8930,395.3360,16.7400,420.9690,1387,1838,45,568,2,12,3,18,168292,66204.0,70278.0,195282.0,0.0,2,2,2,0
38,6.4070,401.5960,12.5780,420.5810,1387,1837,45,568,2,12,3,18,168292,66314.0,70039.0,195276.0,0.0,2,2,2,0
39,5.4090,406.2850,11.5840,423.2780,1387,1839,45,568,2,12,3,18,168292,66216.0,70243.0,195172.0,0.0,2,2,2,0
40,4.4520,395.2280,12.7030,412.3830,1387,1839,45,568,2,12,3,18,168292,66266.0,70165.0,195151.0,0.0,2,2,2,0
41,4.6180,394.2750,12.0490,410.9420,1387,1838,45,568,2,12,3,18,168292,66366.0,70262.0,195159.0,0.0,2,2,2,0
42,5.4270,395.5410,10.9290,411.8970,1387,1837,45,568,2,12,3,18,168292,66250.0,70122.0,195726.0,0.0,2,2,2,0
43,18.7640,407.9890,11.9560,438.7090,1387,1837,45,568,2,12,3,18,168292,66285.0,70412.0,195222.0,0.0,2,2,2,0
44,5.3800,405.7430,12.6730,423.7960,1387,1837,45,568,2,12,3,18,168292,66423.0,70267.0,195460.0,0.0,2,2,2,0
45,4.4950,393.8420,12.8940,411.2310,1387,1837,45,568,2,12,3,18,168292,66353.0,70254.0,195262.0,0.0,2,2,2,0
46,4.4300,396.1150,12.2740,412.8190,1387,1838,45,568,2,12,3,18,168292,66338.0,70402.0,195288.0,0.0,2,2,2,0
47,5.4160,394.3890,12.6670,412.4720,1387,1838,45,568,2,12,3,18,168292,66271.0,70165.0,195182.0,0.0,2,2,2,0
48,7.6410,400.2540,12.3670,420.2620,1387,1838,45,568,2,12,3,18,168292,66297.0,70781.0,195220.0,0.0,2,2,2,0
49,5.6520,401.9390,12.0310,419.6220,1387,1838,45,568,2,12,3,18,168292,66359.0,70369.0,195039.0,0.0,2,2,2,0
#heap 21388
#stack 3288
#end
#block connect mTLS
#lib wolfSSL 5.9.4
iter,tcp_ms,tls_ms,mqtt_ms,total_ms,hs_tx_B,hs_rx_B,mqtt_tx_B,mqtt_rx_B,hs_writes,hs_reads,writes,reads,free_heap_B,hs_keygen_us,hs_derive_us,hs_verify_us,hs_sign_us,hs_keygen_n,hs_derive_n,hs_verify_n,hs_sign_n
#suite TLS13-AES256-GCM-SHA384
0,20.7950,461.9750,23.2230,505.9930,1941,2009,45,1400,4,14,5,20,167660,66278.0,70243.0,195814.0,43009.0,2,2,2,1
1,5.4110,459.2280,21.3200,485.9590,1943,2009,45,1400,4,14,5,20,167660,66248.0,70394.0,195182.0,43065.0,2,2,2,1
2,17.8800,448.2500,12.9560,479.0860,1941,2008,45,1400,4,14,5,20,167660,66216.0,70286.0,195222.0,42991.0,2,2,2,1
3,4.7810,460.6020,12.0230,477.4060,1941,2007,45,1400,4,14,5,20,167660,66230.0,70255.0,196448.0,42977.0,2,2,2,1
4,8.4420,448.8040,24.4370,481.6830,1942,2007,45,1400,4,14,5,20,167660,66222.0,70289.0,195283.0,42988.0,2,2,2,1
5,5.5760,451.2580,13.1050,469.9390,1943,2008,45,1400,4,14,5,20,167660,66395.0,70146.0,195339.0,42895.0,2,2,2,1
6,1433.9410,450.3560,11.7050,1896.0020,1941,2007,45,1400,4,14,5,20,167660,66307.0,70910.0,195709.0,42888.0,2,2,2,1
7,5.4100,454.9170,10.5180,470.8450,1942,2008,45,1400,4,14,5,20,167660,66354.0,70228.0,195356.0,42905.0,2,2,2,1
8,6.5650,451.4010,27.1400,485.1060,1941,2008,45,1400,4,14,5,20,167660,66410.0,70233.0,195284.0,42950.0,2,2,2,1
9,5.6240,452.4540,471.0220,929.1000,1942,2007,45,1400,4,14,5,20,167660,66230.0,70081.0,195320.0,43549.0,2,2,2,1
10,5.3920,447.8700,10.6710,463.9330,1942,2008,45,1400,4,14,5,20,167660,66315.0,70341.0,195206.0,42908.0,2,2,2,1
11,4.7640,455.1230,21.5100,481.3970,1942,2007,45,1400,4,14,5,20,167660,66145.0,70157.0,195121.0,42935.0,2,2,2,1
12,19.0480,465.1680,21.3240,505.5400,1942,2008,45,1400,4,14,5,20,167660,66117.0,70988.0,195234.0,42901.0,2,2,2,1
13,18.6970,447.8500,11.2030,477.7500,1941,2009,45,1400,4,14,5,20,167660,66282.0,70255.0,195205.0,42921.0,2,2,2,1
14,5.5410,458.8180,11.9580,476.3170,1941,2008,45,1400,4,14,5,20,167660,66132.0,69935.0,195064.0,42916.0,2,2,2,1
15,9.6220,447.9730,23.2550,480.8500,1941,2007,45,1400,4,14,5,20,167660,66279.0,70150.0,195208.0,43111.0,2,2,2,1
16,5.5710,455.3360,15.5090,476.4160,1943,2009,45,1400,4,14,5,20,167660,66224.0,70280.0,195197.0,42930.0,2,2,2,1
17,8.3800,457.7280,20.5900,486.6980,1942,2009,45,1400,4,14,5,20,167660,66293.0,70290.0,195349.0,42936.0,2,2,2,1
18,18.3990,464.5020,26.2340,509.1350,1941,2008,45,1400,4,14,5,20,167660,66210.0,70104.0,195191.0,43115.0,2,2,2,1
19,5.4750,450.1910,13.5140,469.1800,1941,2008,45,1400,4,14,5,20,167660,66308.0,70921.0,195011.0,43024.0,2,2,2,1
20,6.8170,455.3150,11.7100,473.8420,1941,2009,45,1400,4,14,5,20,167660,66224.0,70318.0,195837.0,42933.0,2,2,2,1
21,18.0520,448.9690,13.9930,481.0140,1941,2008,45,1400,4,14,5,20,167660,66322.0,70852.0,195134.0,43142.0,2,2,2,1
22,4.7620,452.6280,15.8600,473.2500,1943,2008,45,1400,4,14,5,20,167660,66363.0,70249.0,195274.0,42869.0,2,2,2,1
23,14.7880,449.8580,11.8420,476.4880,1943,2008,45,1400,4,14,5,20,167660,66472.0,70923.0,195114.0,42906.0,2,2,2,1
24,7.8450,452.7330,11.2310,471.8090,1941,2007,45,1400,4,14,5,20,167660,66303.0,70576.0,195347.0,42943.0,2,2,2,1
25,5.3920,448.1170,23.5390,477.0480,1941,2007,45,1400,4,14,5,20,167660,66348.0,70277.0,195505.0,42880.0,2,2,2,1
26,4.4550,459.2980,18.5800,482.3330,1942,2009,45,1400,4,14,5,20,167660,66276.0,70265.0,195238.0,42948.0,2,2,2,1
27,5.4150,454.3230,21.1240,480.8620,1942,2007,45,1400,4,14,5,20,167660,66302.0,70308.0,195102.0,42893.0,2,2,2,1
28,18.6490,464.9050,26.3510,509.9050,1941,2008,45,1400,4,14,5,20,167660,66297.0,70318.0,195132.0,43307.0,2,2,2,1
29,5.4000,456.9000,27.2910,489.5910,1943,2008,45,1400,4,14,5,20,167660,66352.0,70160.0,195268.0,42907.0,2,2,2,1
30,6.6490,457.6390,27.3450,491.6330,1942,2008,45,1400,4,14,5,20,167660,66303.0,70141.0,195397.0,42907.0,2,2,2,1
31,9.6850,453.7960,26.0800,489.5610,1942,2007,45,1400,4,14,5,20,167660,66469.0,70250.0,195288.0,42943.0,2,2,2,1
32,7.4050,457.6220,25.2630,490.2900,1942,2007,45,1400,4,14,5,20,167660,66398.0,70836.0,195548.0,42985.0,2,2,2,1
33,5.6110,459.3990,28.6320,493.6420,1941,2009,45,1400,4,14,5,20,167660,66541.0,70419.0,195236.0,43105.0,2,2,2,1
34,5.4410,459.2000,25.3670,490.0080,1942,2008,45,1400,4,14,5,20,167660,66293.0,70318.0,195434.0,42920.0,2,2,2,1
35,4.5360,459.9490,25.9410,490.4260,1942,2008,45,1400,4,14,5,20,167660,66275.0,70170.0,195262.0,43099.0,2,2,2,1
36,5.4780,461.3270,24.8160,491.6210,1943,2008,45,1400,4,14,5,20,167660,66285.0,70236.0,195107.0,43038.0,2,2,2,1
37,10.4080,458.7790,25.8890,495.0760,1942,2009,45,1400,4,14,5,20,167660,66121.0,70096.0,195100.0,42914.0,2,2,2,1
38,5.7300,473.7050,14.3060,493.7410,1943,2009,45,1400,4,14,5,20,167660,66321.0,70329.0,195276.0,42979.0,2,2,2,1
39,5.4930,458.3140,25.7780,489.5850,1942,2007,45,1400,4,14,5,20,167660,66252.0,70331.0,195303.0,42953.0,2,2,2,1
40,5.4610,449.6700,12.3200,467.4510,1943,2008,45,1400,4,14,5,20,167660,66254.0,70945.0,195489.0,42988.0,2,2,2,1
41,5.4120,458.9700,13.2690,477.6510,1942,2008,45,1400,4,14,5,20,167660,66485.0,70305.0,195273.0,42910.0,2,2,2,1
42,9.4180,448.3220,23.1900,480.9300,1941,2007,45,1400,4,14,5,20,167660,66327.0,70191.0,195176.0,43142.0,2,2,2,1
43,5.4320,454.0870,16.4170,475.9360,1941,2008,45,1400,4,14,5,20,167660,66342.0,70224.0,195097.0,43110.0,2,2,2,1
44,5.3910,455.1850,28.1630,488.7390,1941,2008,45,1400,4,14,5,20,167660,66238.0,70603.0,195246.0,43590.0,2,2,2,1
45,6.4500,468.7140,14.7100,489.8740,1942,2008,45,1400,4,14,5,20,167660,66152.0,70326.0,195166.0,42891.0,2,2,2,1
46,5.4710,455.6280,32.1620,493.2610,1943,2008,45,1400,4,14,5,20,167660,66388.0,70411.0,195203.0,42905.0,2,2,2,1
47,4.6530,455.4210,24.7460,484.8200,1941,2008,45,1400,4,14,5,20,167660,66241.0,70118.0,195906.0,43466.0,2,2,2,1
48,20.6300,450.5150,12.0510,483.1960,1941,2009,45,1400,4,14,5,20,167660,66200.0,71095.0,196005.0,42987.0,2,2,2,1
49,5.5090,457.7750,13.2790,476.5630,1941,2008,45,1400,4,14,5,20,167660,66894.0,70365.0,196339.0,43517.0,2,2,2,1
#heap 21985
#stack 3312
#end
#block pipeline plain lorawan11 up
#aead LoRaWAN-1.1 AES-128-CTR+2xCMAC (BearSSL (arduino-pico)), uplink, 51 B payload + 13 B overhead
#lib none (plain MQTT)
iter,tcp_ms,tls_ms,mqtt_ms,total_ms,hs_tx_B,hs_rx_B,mqtt_tx_B,mqtt_rx_B,hs_writes,hs_reads,writes,reads,free_heap_B,hs_keygen_us,hs_derive_us,hs_verify_us,hs_sign_us,hs_keygen_n,hs_derive_n,hs_verify_n,hs_sign_n
msg,iter,idx,seal_us,rtt_us,open_us,tx_B,rx_B
whole,iter,first_ms,all_ms,msgs
0,6.3780,0.0020,16.4400,22.8200,0,0,23,4,0,0,1,1,169356,0.0,0.0,0.0,0.0,0,0,0,0
msg,0,0,816,4118,763,90,90
msg,0,1,678,3909,763,90,90
msg,0,2,688,16843,743,90,90
msg,0,3,672,3918,764,90,90
msg,0,4,684,7045,771,90,90
msg,0,5,659,3801,761,90,90
msg,0,6,684,3598,760,90,90
msg,0,7,697,3609,746,90,90
msg,0,8,663,5212,760,90,90
msg,0,9,688,4191,756,90,90
msg,0,10,690,5164,765,90,90
msg,0,11,701,15786,739,90,90
msg,0,12,707,3912,758,90,90
msg,0,13,684,4227,755,90,90
msg,0,14,662,3872,772,90,90
msg,0,15,692,17319,761,90,90
msg,0,16,689,5160,765,90,90
msg,0,17,695,5751,760,90,90
msg,0,18,696,4131,763,90,90
msg,0,19,694,3932,758,90,90
msg,0,20,656,4154,744,90,90
msg,0,21,698,4121,758,90,90
msg,0,22,698,3864,765,90,90
msg,0,23,672,5348,744,90,90
msg,0,24,670,15406,748,90,90
msg,0,25,661,4029,759,90,90
msg,0,26,700,4053,766,90,90
msg,0,27,695,4078,757,90,90
msg,0,28,671,20234,749,90,90
msg,0,29,660,4349,752,90,90
msg,0,30,661,3888,762,90,90
msg,0,31,690,4204,764,90,90
msg,0,32,690,5660,760,90,90
msg,0,33,685,6861,744,90,90
msg,0,34,661,3625,764,90,90
msg,0,35,658,5555,756,90,90
msg,0,36,687,16606,770,90,90
msg,0,37,687,4208,769,90,90
msg,0,38,693,4264,760,90,90
msg,0,39,696,4666,760,90,90
msg,0,40,695,15693,741,90,90
msg,0,41,659,4256,757,90,90
msg,0,42,691,4645,743,90,90
msg,0,43,671,5078,770,90,90
msg,0,44,691,4877,768,90,90
msg,0,45,663,4283,758,90,90
msg,0,46,662,5393,742,90,90
msg,0,47,672,3903,764,90,90
msg,0,48,696,4115,759,90,90
msg,0,49,688,15682,757,90,90
msg,0,50,806,4158,764,90,90
msg,0,51,688,4319,767,90,90
msg,0,52,682,4017,761,90,90
msg,0,53,662,19936,755,90,90
msg,0,54,690,4030,767,90,90
msg,0,55,701,3663,761,90,90
msg,0,56,699,5857,746,90,90
msg,0,57,658,6508,756,90,90
msg,0,58,667,3941,766,90,90
msg,0,59,696,4611,740,90,90
msg,0,60,663,5727,763,90,90
msg,0,61,695,16053,749,90,90
msg,0,62,662,4760,763,90,90
msg,0,63,691,7602,769,90,90
msg,0,64,692,15494,752,90,90
msg,0,65,694,4321,769,90,90
msg,0,66,688,5176,764,90,90
msg,0,67,692,4110,760,90,90
msg,0,68,662,4181,747,90,90
msg,0,69,686,5601,760,90,90
msg,0,70,663,4837,760,90,90
msg,0,71,684,4416,759,90,90
msg,0,72,693,5743,748,90,90
msg,0,73,668,16732,756,90,90
msg,0,74,698,3828,761,90,90
msg,0,75,686,3637,744,90,90
msg,0,76,667,4217,813,90,90
msg,0,77,696,17281,759,90,90
msg,0,78,688,6370,757,90,90
msg,0,79,695,4185,764,90,90
msg,0,80,699,4216,757,90,90
msg,0,81,679,6118,764,90,90
msg,0,82,673,6067,754,90,90
msg,0,83,694,3971,767,90,90
msg,0,84,697,6229,764,90,90
msg,0,85,690,16637,763,90,90
msg,0,86,685,4358,758,90,90
msg,0,87,693,3569,762,90,90
msg,0,88,696,4079,759,90,90
msg,0,89,694,16509,763,90,90
msg,0,90,697,4368,760,90,90
msg,0,91,691,5326,760,90,90
msg,0,92,695,5088,809,90,90
msg,0,93,684,4600,766,90,90
msg,0,94,696,3914,736,90,90
msg,0,95,671,3900,762,90,90
msg,0,96,684,4335,765,90,90
msg,0,97,693,5048,762,90,90
msg,0,98,667,16047,758,90,90
msg,0,99,698,4557,744,90,90
msg,0,100,665,3975,822,90,90
msg,0,101,686,3847,740,90,90
msg,0,102,671,14144,756,90,90
msg,0,103,684,4649,741,90,90
msg,0,104,661,3636,764,90,90
msg,0,105,685,4071,745,90,90
msg,0,106,661,3800,767,90,90
msg,0,107,689,3947,738,90,90
msg,0,108,664,5357,742,90,90
msg,0,109,696,5296,755,90,90
msg,0,110,693,9167,763,90,90
msg,0,111,685,18518,763,90,90
msg,0,112,701,3835,818,90,90
msg,0,113,687,4015,742,90,90
msg,0,114,686,16683,765,90,90
msg,0,115,669,4059,758,90,90
msg,0,116,697,3942,770,90,90
msg,0,117,693,4932,746,90,90
msg,0,118,663,4683,765,90,90
msg,0,119,671,4471,762,90,90
msg,0,120,693,4546,818,90,90
msg,0,121,700,11524,760,90,90
msg,0,122,696,18141,763,90,90
msg,0,123,699,3655,760,90,90
msg,0,124,693,4265,758,90,90
msg,0,125,684,4627,751,90,90
msg,0,126,702,21013,764,90,90
msg,0,127,691,5523,762,90,90
msg,0,128,694,4052,763,90,90
msg,0,129,699,4514,766,90,90
msg,0,130,701,5408,766,90,90
msg,0,131,698,4724,746,90,90
msg,0,132,700,30830,765,90,90
msg,0,133,701,4704,761,90,90
msg,0,134,694,4313,764,90,90
msg,0,135,686,16329,762,90,90
msg,0,136,696,4598,742,90,90
msg,0,137,695,3983,759,90,90
msg,0,138,693,4235,760,90,90
msg,0,139,692,4207,759,90,90
msg,0,140,661,4062,761,90,90
msg,0,141,696,5461,752,90,90
msg,0,142,679,4198,765,90,90
msg,0,143,682,8292,766,90,90
msg,0,144,703,15780,745,90,90
msg,0,145,668,5603,758,90,90
msg,0,146,670,4262,739,90,90
msg,0,147,667,18955,763,90,90
msg,0,148,684,7302,756,90,90
msg,0,149,687,4909,743,90,90
msg,0,150,661,5233,745,90,90
msg,0,151,666,5118,761,90,90
msg,0,152,700,5388,775,90,90
msg,0,153,690,4057,762,90,90
msg,0,154,688,6563,767,90,90
msg,0,155,698,17167,759,90,90
msg,0,156,686,4238,764,90,90
msg,0,157,667,3728,757,90,90
msg,0,158,690,4610,758,90,90
msg,0,159,688,13912,760,90,90
msg,0,160,694,4364,761,90,90
msg,0,161,748,4015,743,90,90
msg,0,162,663,5477,746,90,90
msg,0,163,670,5082,759,90,90
msg,0,164,755,4818,761,90,90
msg,0,165,665,5372,766,90,90
msg,0,166,674,4171,742,90,90
msg,0,167,670,5075,756,90,90
msg,0,168,692,16642,747,90,90
msg,0,169,662,4293,762,90,90
msg,0,170,691,4376,760,90,90
msg,0,171,680,3538,799,90,90
msg,0,172,671,16809,760,90,90
msg,0,173,688,4636,758,90,90
msg,0,174,694,3805,760,90,90
msg,0,175,669,3642,765,90,90
msg,0,176,696,5971,741,90,90
msg,0,177,662,3839,757,90,90
msg,0,178,693,4451,764,90,90
msg,0,179,691,4107,757,90,90
msg,0,180,671,8619,758,90,90
msg,0,181,686,23110,765,90,90
msg,0,182,750,4253,762,90,90
msg,0,183,705,20869,748,90,90
msg,0,184,665,4009,761,90,90
msg,0,185,688,3481,763,90,90
msg,0,186,696,4385,763,90,90
msg,0,187,697,4276,766,90,90
msg,0,188,692,5143,762,90,90
msg,0,189,684,5431,762,90,90
msg,0,190,692,6747,755,90,90
msg,0,191,683,17137,760,90,90
msg,0,192,695,4592,761,90,90
msg,0,193,699,4466,740,90,90
msg,0,194,692,3839,763,90,90
msg,0,195,682,18643,762,90,90
msg,0,196,689,3645,745,90,90
msg,0,197,699,3999,759,90,90
msg,0,198,691,3930,746,90,90
msg,0,199,673,3543,762,90,90
whole,0,34.693,1721.811,200
1,3.4900,0.0030,4.9160,8.4090,0,0,23,4,0,0,1,1,169356,0.0,0.0,0.0,0.0,0,0,0,0
msg,1,0,823,3864,767,90,90
msg,1,1,704,15885,764,90,90
msg,1,2,692,3951,759,90,90
msg,1,3,696,3912,743,90,90
msg,1,4,666,4214,756,90,90
msg,1,5,691,19777,756,90,90
msg,1,6,664,4515,759,90,90
msg,1,7,697,4702,762,90,90
msg,1,8,687,4239,782,90,90
msg,1,9,693,5726,760,90,90
msg,1,10,696,4082,847,90,90
msg,1,11,698,4430,763,90,90
msg,1,12,693,5896,758,90,90
msg,1,13,660,16909,759,90,90
msg,1,14,697,4138,768,90,90
msg,1,15,691,3821,747,90,90
msg,1,16,661,4054,764,90,90
msg,1,17,686,17664,746,90,90
msg,1,18,698,4612,762,90,90
msg,1,19,668,6418,763,90,90
msg,1,20,662,3944,762,90,90
msg,1,21,689,4302,760,90,90
msg,1,22,687,5079,768,90,90
msg,1,23,688,5079,743,90,90
msg,1,24,666,7022,759,90,90
msg,1,25,685,16832,740,90,90
msg,1,26,666,4899,765,90,90
msg,1,27,684,4390,756,90,90
msg,1,28,697,18850,747,90,90
msg,1,29,674,4097,762,90,90
msg,1,30,696,5024,813,90,90
msg,1,31,699,4189,761,90,90
msg,1,32,685,4400,764,90,90
msg,1,33,688,4051,750,90,90
msg,1,34,674,5766,765,90,90
msg,1,35,684,4981,747,90,90
msg,1,36,663,5164,769,90,90
msg,1,37,691,17159,768,90,90
msg,1,38,695,4431,761,90,90
msg,1,39,696,3890,741,90,90
msg,1,40,666,4210,745,90,90
msg,1,41,702,19604,743,90,90
msg,1,42,677,3721,769,90,90
msg,1,43,684,3874,748,90,90
msg,1,44,663,4407,749,90,90
msg,1,45,666,4237,759,90,90
msg,1,46,688,7159,761,90,90
msg,1,47,691,4170,760,90,90
msg,1,48,684,5164,809,90,90
msg,1,49,665,17873,766,90,90
msg,1,50,688,5867,762,90,90
msg,1,51,655,3900,760,90,90
msg,1,52,687,18007,766,90,90
msg,1,53,692,5217,758,90,90
msg,1,54,659,3945,759,90,90
msg,1,55,686,3787,748,90,90
msg,1,56,667,4099,753,90,90
msg,1,57,691,3922,762,90,90
msg,1,58,698,5933,741,90,90
msg,1,59,689,4535,743,90,90
msg,1,60,668,6623,767,90,90
msg,1,61,690,17135,745,90,90
msg,1,62,662,5853,762,90,90
msg,1,63,680,7549,756,90,90
msg,1,64,702,19659,780,90,90
msg,1,65,674,4480,1131,90,90
msg,1,66,701,4126,765,90,90
msg,1,67,670,4081,765,90,90
msg,1,68,697,3877,759,90,90
msg,1,69,685,4344,757,90,90
msg,1,70,697,4980,743,90,90
msg,1,71,679,3864,766,90,90
msg,1,72,684,5462,763,90,90
msg,1,73,683,14415,761,90,90
msg,1,74,691,4846,742,90,90
msg,1,75,666,5338,749,90,90
msg,1,76,682,17897,758,90,90
msg,1,77,684,4781,755,90,90
msg,1,78,698,3669,765,90,90
msg,1,79,660,4871,759,90,90
msg,1,80,689,5290,761,90,90
msg,1,81,691,3810,745,90,90
msg,1,82,657,4560,740,90,90
msg,1,83,660,4554,812,90,90
msg,1,84,688,6661,767,90,90
msg,1,85,694,16634,759,90,90
msg,1,86,701,4995,764,90,90
msg,1,87,688,4347,761,90,90
msg,1,88,689,19976,743,90,90
msg,1,89,669,4612,759,90,90
msg,1,90,687,4338,752,90,90
msg,1,91,687,3688,761,90,90
msg,1,92,805,5057,761,90,90
msg,1,93,696,4107,744,90,90
msg,1,94,663,4175,754,90,90
msg,1,95,697,4688,762,90,90
msg,1,96,666,5751,758,90,90
msg,1,97,690,16793,756,90,90
msg,1,98,664,3944,768,90,90
msg,1,99,756,7340,765,90,90
msg,1,100,683,11889,753,90,90
msg,1,101,667,8295,749,90,90
msg,1,102,693,4239,754,90,90
msg,1,103,695,5120,840,90,90
msg,1,104,688,4372,761,90,90
msg,1,105,686,4193,760,90,90
msg,1,106,698,3900,743,90,90
msg,1,107,694,3669,757,90,90
msg,1,108,666,5861,769,90,90
msg,1,109,695,4602,749,90,90
msg,1,110,692,16783,762,90,90
msg,1,111,682,3993,739,90,90
msg,1,112,692,4918,765,90,90
msg,1,113,686,6410,757,90,90
msg,1,114,695,13698,760,90,90
msg,1,115,686,3883,762,90,90
msg,1,116,693,3748,765,90,90
msg,1,117,683,3802,744,90,90
msg,1,118,670,4520,760,90,90
msg,1,119,660,3998,753,90,90
msg,1,120,686,5353,763,90,90
msg,1,121,692,3976,754,90,90
msg,1,122,701,4529,764,90,90
msg,1,123,697,15345,764,90,90
msg,1,124,697,3918,746,90,90
msg,1,125,663,3958,757,90,90
msg,1,126,690,4937,759,90,90
msg,1,127,660,13665,779,90,90
msg,1,128,703,4845,744,90,90
msg,1,129,692,3968,765,90,90
msg,1,130,798,4071,764,90,90
msg,1,131,692,4018,739,90,90
msg,1,132,660,3946,763,90,90
msg,1,133,680,4841,741,90,90
msg,1,134,660,3997,766,90,90
msg,1,135,688,6395,759,90,90
msg,1,136,693,4089,765,90,90
msg,1,137,686,15496,761,90,90
msg,1,138,756,4592,756,90,90
msg,1,139,693,5382,761,90,90
msg,1,140,683,21684,747,90,90
msg,1,141,670,4596,767,90,90
msg,1,142,661,4368,757,90,90
msg,1,143,666,4759,760,90,90
msg,1,144,686,4578,802,90,90
msg,1,145,699,4337,761,90,90
msg,1,146,691,4607,739,90,90
msg,1,147,684,9102,757,90,90
msg,1,148,686,18151,769,90,90
msg,1,149,681,4142,757,90,90
msg,1,150,662,4646,769,90,90
msg,1,151,689,20337,765,90,90
msg,1,152,690,4148,766,90,90
msg,1,153,668,6338,747,90,90
msg,1,154,671,4518,756,90,90
msg,1,155,668,4157,741,90,90
msg,1,156,667,3814,758,90,90
msg,1,157,693,4331,762,90,90
msg,1,158,695,6757,772,90,90
msg,1,159,687,17041,764,90,90
msg,1,160,693,4350,761,90,90
msg,1,161,689,5187,766,90,90
msg,1,162,672,8856,752,90,90
msg,1,163,687,10441,803,90,90
msg,1,164,691,5193,761,90,90
msg,1,165,690,3531,768,90,90
msg,1,166,695,4209,762,90,90
msg,1,167,696,4112,809,90,90
msg,1,168,686,4724,760,90,90
msg,1,169,695,4649,744,90,90
msg,1,170,663,5015,758,90,90
msg,1,171,696,6617,757,90,90
msg,1,172,704,17935,761,90,90
msg,1,173,689,4551,759,90,90
msg,1,174,689,3981,764,90,90
msg,1,175,661,6222,745,90,90
msg,1,176,665,10427,738,90,90
msg,1,177,767,6450,764,90,90
msg,1,178,673,4323,751,90,90
msg,1,179,670,4269,747,90,90
msg,1,180,723,3748,763,90,90
msg,1,181,686,4146,736,90,90
msg,1,182,665,5894,764,90,90
msg,1,183,685,4624,758,90,90
msg,1,184,690,5398,755,90,90
msg,1,185,691,18137,761,90,90
msg,1,186,694,4886,755,90,90
msg,1,187,664,4624,768,90,90
msg,1,188,683,19869,753,90,90
msg,1,189,700,5833,763,90,90
msg,1,190,686,6138,795,90,90
msg,1,191,664,5756,754,90,90
msg,1,192,693,4337,761,90,90
msg,1,193,697,4704,814,90,90
msg,1,194,703,4042,759,90,90
msg,1,195,691,6523,757,90,90
msg,1,196,691,16052,764,90,90
msg,1,197,693,4780,760,90,90
msg,1,198,695,5499,755,90,90
msg,1,199,699,20557,747,90,90
whole,1,19.983,1714.613,200
2,3.7070,0.0030,4.6130,8.3230,0,0,23,4,0,0,1,1,169356,0.0,0.0,0.0,0.0,0,0,0,0
msg,2,0,823,3603,771,90,90
msg,2,1,702,5672,800,90,90
msg,2,2,668,5040,769,90,90
msg,2,3,692,4770,750,90,90
msg,2,4,669,15771,758,90,90
msg,2,5,689,4675,762,90,90
msg,2,6,691,4136,761,90,90
msg,2,7,697,4087,762,90,90
msg,2,8,658,21755,773,90,90
msg,2,9,696,3948,758,90,90
msg,2,10,658,5096,759,90,90
msg,2,11,684,4803,762,90,90
msg,2,12,689,4451,793,90,90
msg,2,13,692,4434,762,90,90
msg,2,14,688,3923,746,90,90
msg,2,15,659,5012,757,90,90
msg,2,16,752,16504,756,90,90
msg,2,17,689,3909,763,90,90
msg,2,18,691,3593,762,90,90
msg,2,19,687,3784,746,90,90
msg,2,20,663,21283,764,90,90
msg,2,21,694,4185,764,90,90
msg,2,22,695,3988,754,90,90
msg,2,23,689,3997,794,90,90
msg,2,24,665,7163,759,90,90
msg,2,25,694,4008,764,90,90
msg,2,26,689,4842,755,90,90
msg,2,27,687,4557,747,90,90
msg,2,28,661,17472,746,90,90
msg,2,29,676,4282,751,90,90
msg,2,30,659,3848,759,90,90
msg,2,31,698,4187,758,90,90
msg,2,32,658,19689,768,90,90
msg,2,33,693,4243,815,90,90
msg,2,34,695,4123,763,90,90
msg,2,35,663,4263,750,90,90
msg,2,36,665,4893,759,90,90
msg,2,37,687,3886,742,90,90
msg,2,38,662,3884,763,90,90
msg,2,39,695,4281,757,90,90
msg,2,40,692,4629,760,90,90
msg,2,41,691,16178,756,90,90
msg,2,42,750,4068,766,90,90
msg,2,43,673,4149,748,90,90
msg,2,44,669,18220,761,90,90
msg,2,45,694,5721,763,90,90
msg,2,46,661,4494,763,90,90
msg,2,47,671,4381,768,90,90
msg,2,48,662,5950,762,90,90
msg,2,49,686,6162,761,90,90
msg,2,50,686,5003,758,90,90
msg,2,51,666,3864,765,90,90
msg,2,52,682,3914,762,90,90
msg,2,53,662,15882,806,90,90
msg,2,54,689,4428,758,90,90
msg,2,55,695,4220,761,90,90
msg,2,56,697,4737,746,90,90
msg,2,57,775,19143,801,90,90
msg,2,58,695,4194,760,90,90
msg,2,59,691,6627,740,90,90
msg,2,60,665,62286,766,90,90
msg,2,61,692,6809,762,90,90
msg,2,62,687,10822,763,90,90
msg,2,63,704,5417,759,90,90
msg,2,64,689,5078,758,90,90
msg,2,65,688,6498,769,90,90
msg,2,66,689,4853,742,90,90
msg,2,67,670,4550,768,90,90
msg,2,68,663,4226,745,90,90
msg,2,69,663,5915,765,90,90
msg,2,70,683,17070,763,90,90
msg,2,71,689,4109,748,90,90
msg,2,72,664,4180,758,90,90
msg,2,73,695,4400,765,90,90
msg,2,74,698,16546,738,90,90
msg,2,75,676,4434,740,90,90
msg,2,76,664,4017,765,90,90
msg,2,77,686,4250,760,90,90
msg,2,78,694,5012,754,90,90
msg,2,79,663,4507,773,90,90
msg,2,80,685,5866,759,90,90
msg,2,81,700,4767,761,90,90
msg,2,82,669,4640,763,90,90
msg,2,83,691,19024,747,90,90
msg,2,84,666,4138,758,90,90
msg,2,85,689,3908,766,90,90
msg,2,86,693,18661,767,90,90
msg,2,87,698,4912,765,90,90
msg,2,88,671,3834,764,90,90
msg,2,89,694,4004,759,90,90
msg,2,90,670,5024,760,90,90
msg,2,91,685,4733,761,90,90
msg,2,92,669,6622,757,90,90
msg,2,93,688,7121,747,90,90
msg,2,94,660,17130,759,90,90
msg,2,95,699,4026,768,90,90
msg,2,96,696,4206,767,90,90
msg,2,97,683,4229,761,90,90
msg,2,98,660,6975,762,90,90
msg,2,99,690,4343,756,90,90
msg,2,100,690,6387,757,90,90
msg,2,101,692,4260,764,90,90
msg,2,102,699,4171,764,90,90
msg,2,103,698,4579,759,90,90
msg,2,104,690,4447,767,90,90
msg,2,105,680,4982,761,90,90
msg,2,106,681,4246,758,90,90
msg,2,107,669,5942,767,90,90
msg,2,108,686,16802,745,90,90
msg,2,109,672,4790,761,90,90
msg,2,110,801,4217,755,90,90
msg,2,111,698,18490,761,90,90
msg,2,112,686,5713,741,90,90
msg,2,113,684,4093,757,90,90
msg,2,114,695,4204,762,90,90
msg,2,115,695,4176,764,90,90
msg,2,116,661,4290,741,90,90
msg,2,117,661,4813,763,90,90
msg,2,118,691,4649,761,90,90
msg,2,119,689,7295,754,90,90
msg,2,120,683,16144,765,90,90
msg,2,121,694,4068,766,90,90
msg,2,122,663,5274,744,90,90
msg,2,123,661,18421,749,90,90
msg,2,124,668,4605,757,90,90
msg,2,125,658,4427,779,90,90
msg,2,126,697,3809,761,90,90
msg,2,127,693,6206,755,90,90
msg,2,128,695,5426,755,90,90
msg,2,129,689,4252,761,90,90
msg,2,130,687,4512,762,90,90
msg,2,131,685,5990,761,90,90
msg,2,132,658,15920,760,90,90
msg,2,133,694,4765,765,90,90
msg,2,134,665,6020,764,90,90
msg,2,135,695,17122,770,90,90
msg,2,136,695,5078,763,90,90
msg,2,137,667,4005,751,90,90
msg,2,138,700,4140,758,90,90
msg,2,139,696,3879,749,90,90
msg,2,140,668,4356,741,90,90
msg,2,141,662,4811,770,90,90
msg,2,142,694,4479,761,90,90
msg,2,143,696,8176,756,90,90
msg,2,144,690,16205,761,90,90
msg,2,145,673,4787,762,90,90
msg,2,146,696,3819,745,90,90
msg,2,147,665,3836,759,90,90
msg,2,148,694,13810,745,90,90
msg,2,149,660,3689,757,90,90
msg,2,150,668,3728,755,90,90
msg,2,151,688,4461,756,90,90
msg,2,152,685,4658,746,90,90
msg,2,153,679,4610,764,90,90
msg,2,154,662,3957,766,90,90
msg,2,155,689,4156,764,90,90
msg,2,156,687,5214,819,90,90
msg,2,157,687,6198,767,90,90
msg,2,158,660,16850,758,90,90
msg,2,159,697,3985,764,90,90
msg,2,160,674,4374,761,90,90
msg,2,161,671,21777,766,90,90
msg,2,162,696,4086,762,90,90
msg,2,163,695,3762,769,90,90
msg,2,164,687,3874,762,90,90
msg,2,165,666,4655,760,90,90
msg,2,166,691,4506,762,90,90
msg,2,167,689,4184,761,90,90
msg,2,168,693,8362,764,90,90
msg,2,169,693,16922,746,90,90
msg,2,170,668,5156,761,90,90
msg,2,171,694,5816,769,90,90
msg,2,172,660,16520,762,90,90
msg,2,173,700,5133,745,90,90
msg,2,174,666,4167,757,90,90
msg,2,175,688,3859,766,90,90
msg,2,176,688,3963,812,90,90
msg,2,177,694,5364,740,90,90
msg,2,178,689,4675,759,90,90
msg,2,179,665,3860,765,90,90
msg,2,180,760,7883,760,90,90
msg,2,181,662,16277,749,90,90
msg,2,182,665,5530,767,90,90
msg,2,183,672,4341,817,90,90
msg,2,184,661,8410,761,90,90
msg,2,185,670,13799,770,90,90
msg,2,186,693,3913,761,90,90
msg,2,187,674,3889,764,90,90
msg,2,188,693,4037,755,90,90
msg,2,189,696,4363,764,90,90
msg,2,190,693,4170,737,90,90
msg,2,191,671,7278,745,90,90
msg,2,192,668,6326,742,90,90
msg,2,193,685,16687,766,90,90
msg,2,194,661,4668,754,90,90
msg,2,195,695,4210,759,90,90
msg,2,196,688,4383,764,90,90
msg,2,197,694,12931,759,90,90
msg,2,198,701,4241,762,90,90
msg,2,199,685,3653,749,90,90
whole,2,19.631,1739.866,200
#stack 2256
#end
#block pipeline plain lorawan11 down
#aead LoRaWAN-1.1 AES-128-CTR+2xCMAC (BearSSL (arduino-pico)), downlink, 51 B payload + 13 B overhead
#lib none (plain MQTT)
iter,tcp_ms,tls_ms,mqtt_ms,total_ms,hs_tx_B,hs_rx_B,mqtt_tx_B,mqtt_rx_B,hs_writes,hs_reads,writes,reads,free_heap_B,hs_keygen_us,hs_derive_us,hs_verify_us,hs_sign_us,hs_keygen_n,hs_derive_n,hs_verify_n,hs_sign_n
msg,iter,idx,seal_us,rtt_us,open_us,tx_B,rx_B
whole,iter,first_ms,all_ms,msgs
0,5.3760,0.0020,5.4110,10.7890,0,0,23,4,0,0,1,1,169356,0.0,0.0,0.0,0.0,0,0,0,0
msg,0,0,555,4173,486,90,90
msg,0,1,408,4368,501,90,90
msg,0,2,406,5934,499,90,90
msg,0,3,429,16910,497,90,90
msg,0,4,436,4088,484,90,90
msg,0,5,430,4289,507,90,90
msg,0,6,402,5816,482,90,90
msg,0,7,399,15167,501,90,90
msg,0,8,402,4449,505,90,90
msg,0,9,437,4271,510,90,90
msg,0,10,405,4463,482,90,90
msg,0,11,429,3614,499,90,90
msg,0,12,401,4365,484,90,90
msg,0,13,426,4253,499,90,90
msg,0,14,408,4268,495,90,90
msg,0,15,435,3765,506,90,90
msg,0,16,413,6254,483,90,90
msg,0,17,438,3578,497,90,90
msg,0,18,401,16523,485,90,90
msg,0,19,406,4625,479,90,90
msg,0,20,440,4524,499,90,90
msg,0,21,411,17164,491,90,90
msg,0,22,422,4337,483,90,90
msg,0,23,399,7715,480,90,90
msg,0,24,438,5520,509,90,90
msg,0,25,410,3979,496,90,90
msg,0,26,425,4559,499,90,90
msg,0,27,404,4231,496,90,90
msg,0,28,489,4099,487,90,90
msg,0,29,434,7298,503,90,90
msg,0,30,401,18237,498,90,90
msg,0,31,408,4131,485,90,90
msg,0,32,440,4189,485,90,90
msg,0,33,409,4198,498,90,90
msg,0,34,403,16345,483,90,90
msg,0,35,441,5317,481,90,90
msg,0,36,409,5151,502,90,90
msg,0,37,411,5279,486,90,90
msg,0,38,437,4807,495,90,90
msg,0,39,434,5016,486,90,90
msg,0,40,426,4036,484,90,90
msg,0,41,432,4608,500,90,90
msg,0,42,438,7815,522,90,90
msg,0,43,404,16868,508,90,90
msg,0,44,398,5369,486,90,90
msg,0,45,434,4172,507,90,90
msg,0,46,408,3717,482,90,90
msg,0,47,400,18043,483,90,90
msg,0,48,413,3770,482,90,90
msg,0,49,404,5350,501,90,90
msg,0,50,409,4315,485,90,90
msg,0,51,430,4102,484,90,90
msg,0,52,400,5482,502,90,90
msg,0,53,439,4227,490,90,90
msg,0,54,426,4311,500,90,90
msg,0,55,413,4240,495,90,90
msg,0,56,438,5004,484,90,90
msg,0,57,436,15187,482,90,90
msg,0,58,403,4620,483,90,90
msg,0,59,423,4170,481,90,90
msg,0,60,436,3949,491,90,90
msg,0,61,403,15406,493,90,90
msg,0,62,414,4718,506,90,90
msg,0,63,411,4052,502,90,90
msg,0,64,407,3621,487,90,90
msg,0,65,400,4221,499,90,90
msg,0,66,409,4591,482,90,90
msg,0,67,406,4492,482,90,90
msg,0,68,426,6780,502,90,90
msg,0,69,402,11350,485,90,90
msg,0,70,429,16010,489,90,90
msg,0,71,466,4106,505,90,90
msg,0,72,412,3828,495,90,90
msg,0,73,408,4725,488,90,90
msg,0,74,403,15639,492,90,90
msg,0,75,429,6238,486,90,90
msg,0,76,511,4303,494,90,90
msg,0,77,437,3942,494,90,90
msg,0,78,434,3781,502,90,90
msg,0,79,406,3938,554,90,90
msg,0,80,434,3995,483,90,90
msg,0,81,429,3642,496,90,90
msg,0,82,412,4026,500,90,90
msg,0,83,403,6902,495,90,90
msg,0,84,405,17910,501,90,90
msg,0,85,404,3914,504,90,90
msg,0,86,403,5289,483,90,90
msg,0,87,424,4291,499,90,90
msg,0,88,401,20920,513,90,90
msg,0,89,407,4120,508,90,90
msg,0,90,410,4802,501,90,90
msg,0,91,404,3836,497,90,90
msg,0,92,400,4346,491,90,90
msg,0,93,429,3709,499,90,90
msg,0,94,402,4240,483,90,90
msg,0,95,428,4697,498,90,90
msg,0,96,409,8229,485,90,90
msg,0,97,430,15831,484,90,90
msg,0,98,431,4368,498,90,90
msg,0,99,404,4771,479,90,90
msg,0,100,413,4955,485,90,90
msg,0,101,407,17898,483,90,90
msg,0,102,413,4588,486,90,90
msg,0,103,425,3981,478,90,90
msg,0,104,436,4623,501,90,90
msg,0,105,409,4203,485,90,90
msg,0,106,428,4200,494,90,90
msg,0,107,400,4702,482,90,90
msg,0,108,439,4272,513,90,90
msg,0,109,401,4138,498,90,90
msg,0,110,399,5427,487,90,90
msg,0,111,426,18445,497,90,90
msg,0,112,401,4253,487,90,90
msg,0,113,498,4843,476,90,90
msg,0,114,429,17036,480,90,90
msg,0,115,504,7171,500,90,90
msg,0,116,399,5721,483,90,90
msg,0,117,412,4252,555,90,90
msg,0,118,399,4170,486,90,90
msg,0,119,437,4448,501,90,90
msg,0,120,403,4352,485,90,90
msg,0,121,435,5061,475,90,90
msg,0,122,440,6619,492,90,90
msg,0,123,432,17559,561,90,90
msg,0,124,404,4113,493,90,90
msg,0,125,405,3959,501,90,90
msg,0,126,425,4239,483,90,90
msg,0,127,433,16075,486,90,90
msg,0,128,417,5693,485,90,90
msg,0,129,441,4378,502,90,90
msg,0,130,409,5412,482,90,90
msg,0,131,435,6755,490,90,90
msg,0,132,437,5111,483,90,90
msg,0,133,431,3866,479,90,90
msg,0,134,504,3700,485,90,90
msg,0,135,436,5915,478,90,90
msg,0,136,434,4227,484,90,90
msg,0,137,414,13758,485,90,90
msg,0,138,442,4140,480,90,90
msg,0,139,412,3961,485,90,90
msg,0,140,407,3986,507,90,90
msg,0,141,411,16124,503,90,90
msg,0,142,412,3805,496,90,90
msg,0,143,399,4188,495,90,90
msg,0,144,407,5131,484,90,90
msg,0,145,431,6105,483,90,90
msg,0,146,421,6560,496,90,90
msg,0,147,428,5589,504,90,90
msg,0,148,400,4036,502,90,90
msg,0,149,406,6434,477,90,90
msg,0,150,434,18368,499,90,90
msg,0,151,397,5756,500,90,90
msg,0,152,401,5467,485,90,90
msg,0,153,428,8387,506,90,90
msg,0,154,405,11222,499,90,90
msg,0,155,411,6069,482,90,90
msg,0,156,430,5776,500,90,90
msg,0,157,439,5482,501,90,90
msg,0,158,410,7991,506,90,90
msg,0,159,465,4442,482,90,90
msg,0,160,439,3982,488,90,90
msg,0,161,426,6840,485,90,90
msg,0,162,438,17352,502,90,90
msg,0,163,403,5123,499,90,90
msg,0,164,405,4713,501,90,90
msg,0,165,405,4223,504,90,90
msg,0,166,436,21287,488,90,90
msg,0,167,403,4345,508,90,90
msg,0,168,400,5180,484,90,90
msg,0,169,436,7839,513,90,90
msg,0,170,436,4760,503,90,90
msg,0,171,412,4142,485,90,90
msg,0,172,437,4256,485,90,90
msg,0,173,408,5517,485,90,90
msg,0,174,429,17766,495,90,90
msg,0,175,444,5132,483,90,90
msg,0,176,430,4391,502,90,90
msg,0,177,411,4448,481,90,90
msg,0,178,431,20555,508,90,90
msg,0,179,409,4735,503,90,90
msg,0,180,406,5921,510,90,90
msg,0,181,407,8210,486,90,90
msg,0,182,429,4573,499,90,90
msg,0,183,412,4143,500,90,90
msg,0,184,434,4264,485,90,90
msg,0,185,431,5274,502,90,90
msg,0,186,406,17543,486,90,90
msg,0,187,431,4288,504,90,90
msg,0,188,405,4578,486,90,90
msg,0,189,431,3559,500,90,90
msg,0,190,440,16851,500,90,90
msg,0,191,438,5205,483,90,90
msg,0,192,431,4285,508,90,90
msg,0,193,413,4198,494,90,90
msg,0,194,434,4189,484,90,90
msg,0,195,428,4253,502,90,90
msg,0,196,406,4408,486,90,90
msg,0,197,438,5851,489,90,90
msg,0,198,430,9521,505,90,90
msg,0,199,404,16898,504,90,90
whole,0,22.362,1589.290,200
1,4.4630,0.0040,4.4700,8.9370,0,0,23,4,0,0,1,1,169356,0.0,0.0,0.0,0.0,0,0,0,0
msg,1,0,564,12039,493,90,90
msg,1,1,469,3809,482,90,90
msg,1,2,412,3737,484,90,90
msg,1,3,437,4586,499,90,90
msg,1,4,403,3803,558,90,90
msg,1,5,408,5164,480,90,90
msg,1,6,427,8613,507,90,90
msg,1,7,402,5874,506,90,90
msg,1,8,401,5359,486,90,90
msg,1,9,423,20695,501,90,90
msg,1,10,436,4709,501,90,90
msg,1,11,412,4273,488,90,90
msg,1,12,435,15842,483,90,90
msg,1,13,499,3558,501,90,90
msg,1,14,411,4122,483,90,90
msg,1,15,420,4216,483,90,90
msg,1,16,436,4008,488,90,90
msg,1,17,461,3809,487,90,90
msg,1,18,406,6097,500,90,90
msg,1,19,406,7961,500,90,90
msg,1,20,402,7214,499,90,90
msg,1,21,402,4140,486,90,90
msg,1,22,435,16476,497,90,90
msg,1,23,405,4051,502,90,90
msg,1,24,399,4348,490,90,90
msg,1,25,430,17870,483,90,90
msg,1,26,432,5895,481,90,90
msg,1,27,433,5676,495,90,90
msg,1,28,860,4593,493,90,90
msg,1,29,434,4314,505,90,90
msg,1,30,405,5319,497,90,90
msg,1,31,431,3824,505,90,90
msg,1,32,398,8097,485,90,90
msg,1,33,429,4881,498,90,90
msg,1,34,438,16307,483,90,90
msg,1,35,406,4311,548,90,90
msg,1,36,399,4552,487,90,90
msg,1,37,413,5779,486,90,90
msg,1,38,406,19814,492,90,90
msg,1,39,439,4026,486,90,90
msg,1,40,405,3936,484,90,90
msg,1,41,412,5001,483,90,90
msg,1,42,412,3646,485,90,90
msg,1,43,438,5762,481,90,90
msg,1,44,436,3627,507,90,90
msg,1,45,405,4380,483,90,90
msg,1,46,440,8352,508,90,90
msg,1,47,405,17332,484,90,90
msg,1,48,433,4170,483,90,90
msg,1,49,404,4614,487,90,90
msg,1,50,432,17945,478,90,90
msg,1,51,430,5575,497,90,90
msg,1,52,397,3947,501,90,90
msg,1,53,399,4339,479,90,90
msg,1,54,432,4057,482,90,90
msg,1,55,406,3842,488,90,90
msg,1,56,430,3731,485,90,90
msg,1,57,435,5443,500,90,90
msg,1,58,401,4039,501,90,90
msg,1,59,403,6475,484,90,90
msg,1,60,429,18173,510,90,90
msg,1,61,402,3958,509,90,90
msg,1,62,414,4479,486,90,90
msg,1,63,442,5945,485,90,90
msg,1,64,437,16074,481,90,90
msg,1,65,404,4031,483,90,90
msg,1,66,415,3830,487,90,90
msg,1,67,414,4279,502,90,90
msg,1,68,401,5238,484,90,90
msg,1,69,435,4300,481,90,90
msg,1,70,399,4137,506,90,90
msg,1,71,410,4010,505,90,90
msg,1,72,406,5315,492,90,90
msg,1,73,430,4336,546,90,90
msg,1,74,401,17058,502,90,90
msg,1,75,406,3647,496,90,90
msg,1,76,414,4110,502,90,90
msg,1,77,403,3609,482,90,90
msg,1,78,401,16310,502,90,90
msg,1,79,400,8886,503,90,90
msg,1,80,401,4544,479,90,90
msg,1,81,410,3958,488,90,90
msg,1,82,408,4381,502,90,90
msg,1,83,409,4065,492,90,90
msg,1,84,425,4061,480,90,90
msg,1,85,431,4985,483,90,90
msg,1,86,431,6433,501,90,90
msg,1,87,406,19209,483,90,90
msg,1,88,426,4353,484,90,90
msg,1,89,402,3726,484,90,90
msg,1,90,433,5190,501,90,90
msg,1,91,397,17444,481,90,90
msg,1,92,871,4938,500,90,90
msg,1,93,401,5986,501,90,90
msg,1,94,398,6810,497,90,90
msg,1,95,402,4809,485,90,90
msg,1,96,408,5502,500,90,90
msg,1,97,425,5688,503,90,90
msg,1,98,407,7858,503,90,90
msg,1,99,398,15974,502,90,90
msg,1,100,412,5473,483,90,90
msg,1,101,401,4340,504,90,90
msg,1,102,409,4699,493,90,90
msg,1,103,398,17583,487,90,90
msg,1,104,429,4297,501,90,90
msg,1,105,413,8416,486,90,90
msg,1,106,426,3907,486,90,90
msg,1,107,435,4846,485,90,90
msg,1,108,441,3799,493,90,90
msg,1,109,429,4432,484,90,90
msg,1,110,412,4647,480,90,90
msg,1,111,431,4845,481,90,90
msg,1,112,432,16948,483,90,90
msg,1,113,430,3978,480,90,90
msg,1,114,437,3882,484,90,90
msg,1,115,424,4198,483,90,90
msg,1,116,401,15994,503,90,90
msg,1,117,411,4891,495,90,90
msg,1,118,409,7429,485,90,90
msg,1,119,432,4482,504,90,90
msg,1,120,399,4736,484,90,90
msg,1,121,402,5250,506,90,90
msg,1,122,410,5385,480,90,90
msg,1,123,437,4242,499,90,90
msg,1,124,402,6588,498,90,90
msg,1,125,428,17069,484,90,90
msg,1,126,412,4071,495,90,90
msg,1,127,398,4803,482,90,90
msg,1,128,407,3973,483,90,90
msg,1,129,407,15583,518,90,90
msg,1,130,435,5033,488,90,90
msg,1,131,423,4023,482,90,90
msg,1,132,412,4309,497,90,90
msg,1,133,404,4091,491,90,90
msg,1,134,438,5322,481,90,90
msg,1,135,404,4192,509,90,90
msg,1,136,408,4516,490,90,90
msg,1,137,490,4941,482,90,90
msg,1,138,400,4456,502,90,90
msg,1,139,402,17986,506,90,90
msg,1,140,439,4156,482,90,90
msg,1,141,430,6538,497,90,90
msg,1,142,401,19337,480,90,90
msg,1,143,426,5559,496,90,90
msg,1,144,435,4104,487,90,90
msg,1,145,437,3935,483,90,90
msg,1,146,438,3906,485,90,90
msg,1,147,438,4180,480,90,90
msg,1,148,402,4037,503,90,90
msg,1,149,409,7538,485,90,90
msg,1,150,433,8960,483,90,90
msg,1,151,430,16840,485,90,90
msg,1,152,433,4180,484,90,90
msg,1,153,414,3891,484,90,90
msg,1,154,403,5964,479,90,90
msg,1,155,401,16964,492,90,90
msg,1,156,406,3797,486,90,90
msg,1,157,401,3696,485,90,90
msg,1,158,426,4521,505,90,90
msg,1,159,411,3807,502,90,90
msg,1,160,410,4386,480,90,90
msg,1,161,432,5382,503,90,90
msg,1,162,401,5894,499,90,90
msg,1,163,405,8742,483,90,90
msg,1,164,410,16885,483,90,90
msg,1,165,408,3822,484,90,90
msg,1,166,426,3818,490,90,90
msg,1,167,429,5257,503,90,90
msg,1,168,411,15481,489,90,90
msg,1,169,426,5715,498,90,90
msg,1,170,427,4120,484,90,90
msg,1,171,428,4881,487,90,90
msg,1,172,431,4024,484,90,90
msg,1,173,436,4619,496,90,90
msg,1,174,428,6368,484,90,90
msg,1,175,409,5112,497,90,90
msg,1,176,411,8814,583,90,90
msg,1,177,402,16134,499,90,90
msg,1,178,401,6050,494,90,90
msg,1,179,420,3866,498,90,90
msg,1,180,431,19491,496,90,90
msg,1,181,415,5096,495,90,90
msg,1,182,401,3870,504,90,90
msg,1,183,410,4251,493,90,90
msg,1,184,434,3905,494,90,90
msg,1,185,432,5156,481,90,90
msg,1,186,441,3703,485,90,90
msg,1,187,427,4046,489,90,90
msg,1,188,423,4142,487,90,90
msg,1,189,404,8992,487,90,90
msg,1,190,419,15290,494,90,90
msg,1,191,483,4208,487,90,90
msg,1,192,444,4770,483,90,90
msg,1,193,437,3342,501,90,90
msg,1,194,410,16403,487,90,90
msg,1,195,423,5710,501,90,90
msg,1,196,470,3863,510,90,90
msg,1,197,411,4423,482,90,90
msg,1,198,405,4182,501,90,90
msg,1,199,409,4383,487,90,90
whole,1,30.441,1591.808,200
2,5.4070,0.0030,4.4810,9.8910,0,0,23,4,0,0,1,1,169356,0.0,0.0,0.0,0.0,0,0,0,0
msg,2,0,558,4516,500,90,90
msg,2,1,401,16856,505,90,90
msg,2,2,403,4300,486,90,90
msg,2,3,436,7254,504,90,90
msg,2,4,465,19354,485,90,90
msg,2,5,428,4524,508,90,90
msg,2,6,396,5893,501,90,90
msg,2,7,411,4485,478,90,90
msg,2,8,430,4491,501,90,90
msg,2,9,411,4056,497,90,90
msg,2,10,422,4134,484,90,90
msg,2,11,441,4471,500,90,90
msg,2,12,513,4994,498,90,90
msg,2,13,425,17759,498,90,90
msg,2,14,408,5057,500,90,90
msg,2,15,431,4352,894,90,90
msg,2,16,410,3896,503,90,90
msg,2,17,416,16878,502,90,90
msg,2,18,408,5686,483,90,90
msg,2,19,409,4948,508,90,90
msg,2,20,406,5251,503,90,90
msg,2,21,399,4199,488,90,90
msg,2,22,432,4756,493,90,90
msg,2,23,428,5430,550,90,90
msg,2,24,414,4330,499,90,90
msg,2,25,425,7398,484,90,90
msg,2,26,405,26680,488,90,90
msg,2,27,439,20431,505,90,90
msg,2,28,403,5146,484,90,90
msg,2,29,432,4558,500,90,90
msg,2,30,406,4139,499,90,90
msg,2,31,409,4586,503,90,90
msg,2,32,413,3757,487,90,90
msg,2,33,399,4139,498,90,90
msg,2,34,400,5381,487,90,90
msg,2,35,429,4230,482,90,90
msg,2,36,414,5644,484,90,90
msg,2,37,431,20694,500,90,90
msg,2,38,402,5270,480,90,90
msg,2,39,439,4287,495,90,90
msg,2,40,401,15986,498,90,90
msg,2,41,414,5553,487,90,90
msg,2,42,432,4308,498,90,90
msg,2,43,401,4715,483,90,90
msg,2,44,408,4237,500,90,90
msg,2,45,403,4491,490,90,90
msg,2,46,402,4689,485,90,90
msg,2,47,433,4786,485,90,90
msg,2,48,434,3963,487,90,90
msg,2,49,438,5041,485,90,90
msg,2,50,431,17496,500,90,90
msg,2,51,400,5165,491,90,90
msg,2,52,439,5895,484,90,90
msg,2,53,431,17994,488,90,90
msg,2,54,425,4941,484,90,90
msg,2,55,428,4953,475,90,90
msg,2,56,427,3823,479,90,90
msg,2,57,427,4063,484,90,90
msg,2,58,428,3836,478,90,90
msg,2,59,432,6240,507,90,90
msg,2,60,406,4878,490,90,90
msg,2,61,401,5067,497,90,90
msg,2,62,412,4292,480,90,90
msg,2,63,437,16625,498,90,90
msg,2,64,413,4251,479,90,90
msg,2,65,493,4013,479,90,90
msg,2,66,433,6412,496,90,90
msg,2,67,403,16074,502,90,90
msg,2,68,409,5118,482,90,90
msg,2,69,424,5609,496,90,90
msg,2,70,406,3875,501,90,90
msg,2,71,412,5118,497,90,90
msg,2,72,406,3858,501,90,90
msg,2,73,405,4579,482,90,90
msg,2,74,410,3860,494,90,90
msg,2,75,412,4503,485,90,90
msg,2,76,426,4282,483,90,90
msg,2,77,405,15748,508,90,90
msg,2,78,410,4295,504,90,90
msg,2,79,401,8130,497,90,90
msg,2,80,433,16641,504,90,90
msg,2,81,406,6074,552,90,90
msg,2,82,410,3948,497,90,90
msg,2,83,430,4212,480,90,90
msg,2,84,423,4226,501,90,90
msg,2,85,401,4295,502,90,90
msg,2,86,409,4975,500,90,90
msg,2,87,427,4295,482,90,90
msg,2,88,405,3846,487,90,90
msg,2,89,425,5915,487,90,90
msg,2,90,434,17069,491,90,90
msg,2,91,404,3988,510,90,90
msg,2,92,402,4852,482,90,90
msg,2,93,404,11133,498,90,90
msg,2,94,409,11608,486,90,90
msg,2,95,407,6149,504,90,90
msg,2,96,409,4131,504,90,90
msg,2,97,411,4520,484,90,90
msg,2,98,408,4563,479,90,90
msg,2,99,437,4078,490,90,90
msg,2,100,429,4513,500,90,90
msg,2,101,410,4215,482,90,90
msg,2,102,428,7011,487,90,90
msg,2,103,436,17359,507,90,90
msg,2,104,408,5344,485,90,90
msg,2,105,425,4365,502,90,90
msg,2,106,410,4060,499,90,90
msg,2,107,417,14765,500,90,90
msg,2,108,414,6564,484,90,90
msg,2,109,435,4015,499,90,90
msg,2,110,411,4022,485,90,90
msg,2,111,406,4955,487,90,90
msg,2,112,413,4264,506,90,90
msg,2,113,402,4913,497,90,90
msg,2,114,401,4600,502,90,90
msg,2,115,403,3960,550,90,90
msg,2,116,401,4615,489,90,90
msg,2,117,432,16508,501,90,90
msg,2,118,426,4365,486,90,90
msg,2,119,404,3980,481,90,90
msg,2,120,413,4265,503,90,90
msg,2,121,464,6398,488,90,90
msg,2,122,429,11683,482,90,90
msg,2,123,441,5459,502,90,90
msg,2,124,401,4013,499,90,90
msg,2,125,403,4509,481,90,90
msg,2,126,404,4180,505,90,90
msg,2,127,401,4462,484,90,90
msg,2,128,427,4958,483,90,90
msg,2,129,439,3722,476,90,90
msg,2,130,429,7774,493,90,90
msg,2,131,404,20620,503,90,90
msg,2,132,406,5432,481,90,90
msg,2,133,435,4692,499,90,90
msg,2,134,435,15945,491,90,90
msg,2,135,429,5486,501,90,90
msg,2,136,414,5095,502,90,90
msg,2,137,395,5395,478,90,90
msg,2,138,431,6835,490,90,90
msg,2,139,435,4919,485,90,90
msg,2,140,430,3944,483,90,90
msg,2,141,430,5439,505,90,90
msg,2,142,404,5733,497,90,90
msg,2,143,407,17832,487,90,90
msg,2,144,415,4041,503,90,90
msg,2,145,399,3990,502,90,90
msg,2,146,398,5180,497,90,90
msg,2,147,401,16393,483,90,90
msg,2,148,407,6542,496,90,90
msg,2,149,433,9124,484,90,90
msg,2,150,445,4848,489,90,90
msg,2,151,427,4868,478,90,90
msg,2,152,435,4268,490,90,90
msg,2,153,401,4051,496,90,90
msg,2,154,409,6446,485,90,90
msg,2,155,432,3722,501,90,90
msg,2,156,425,16430,484,90,90
msg,2,157,411,4143,497,90,90
msg,2,158,405,3848,505,90,90
msg,2,159,407,18613,480,90,90
msg,2,160,432,3998,484,90,90
msg,2,161,461,4111,499,90,90
msg,2,162,404,4070,500,90,90
msg,2,163,401,4104,497,90,90
msg,2,164,431,4480,507,90,90
msg,2,165,401,4124,496,90,90
msg,2,166,410,4826,500,90,90
msg,2,167,410,4458,481,90,90
msg,2,168,436,6364,504,90,90
msg,2,169,409,3953,500,90,90
msg,2,170,400,17710,485,90,90
msg,2,171,411,4165,497,90,90
msg,2,172,400,6542,491,90,90
msg,2,173,400,20021,490,90,90
msg,2,174,408,4288,500,90,90
msg,2,175,409,3969,501,90,90
msg,2,176,416,3779,501,90,90
msg,2,177,414,4006,502,90,90
msg,2,178,405,4269,484,90,90
msg,2,179,423,6132,492,90,90
msg,2,180,405,3995,487,90,90
msg,2,181,402,5662,482,90,90
msg,2,182,430,17935,490,90,90
msg,2,183,439,4070,481,90,90
msg,2,184,414,4459,501,90,90
msg,2,185,432,5145,489,90,90
msg,2,186,431,21481,497,90,90
msg,2,187,404,4593,486,90,90
msg,2,188,412,5678,483,90,90
msg,2,189,436,4231,499,90,90
msg,2,190,398,4004,501,90,90
msg,2,191,406,6169,501,90,90
msg,2,192,407,5539,485,90,90
msg,2,193,402,6728,482,90,90
msg,2,194,487,17222,505,90,90
msg,2,195,408,3854,500,90,90
msg,2,196,397,4227,496,90,90
msg,2,197,404,4945,502,90,90
msg,2,198,436,18263,485,90,90
msg,2,199,429,5675,529,90,90
whole,2,21.495,1614.506,200
#stack 2448
#end
#block pipeline plain lorawan11_256 up
#aead AES-256-CTR+2xCMAC (LoRaWAN 1.1 frame, 256-bit keys) (BearSSL (arduino-pico)), uplink, 51 B payload + 13 B overhead
#lib none (plain MQTT)
iter,tcp_ms,tls_ms,mqtt_ms,total_ms,hs_tx_B,hs_rx_B,mqtt_tx_B,mqtt_rx_B,hs_writes,hs_reads,writes,reads,free_heap_B,hs_keygen_us,hs_derive_us,hs_verify_us,hs_sign_us,hs_keygen_n,hs_derive_n,hs_verify_n,hs_sign_n
msg,iter,idx,seal_us,rtt_us,open_us,tx_B,rx_B
whole,iter,first_ms,all_ms,msgs
0,5.3670,0.0020,4.6780,10.0470,0,0,23,4,0,0,1,1,169356,0.0,0.0,0.0,0.0,0,0,0,0
msg,0,0,1049,4799,1004,90,90
msg,0,1,922,4122,996,90,90
msg,0,2,903,5880,991,90,90
msg,0,3,915,15856,994,90,90
msg,0,4,920,6720,988,90,90
msg,0,5,924,6397,980,90,90
msg,0,6,985,19764,1029,90,90
msg,0,7,917,4816,988,90,90
msg,0,8,892,4243,989,90,90
msg,0,9,921,4052,1051,90,90
msg,0,10,916,4031,985,90,90
msg,0,11,920,5080,991,90,90
msg,0,12,911,12108,990,90,90
msg,0,13,890,18746,994,90,90
msg,0,14,927,3935,990,90,90
msg,0,15,918,4325,987,90,90
msg,0,16,928,20703,988,90,90
msg,0,17,892,4729,993,90,90
msg,0,18,911,4609,992,90,90
msg,0,19,923,4245,989,90,90
msg,0,20,930,4172,984,90,90
msg,0,21,920,4976,988,90,90
msg,0,22,923,4809,985,90,90
msg,0,23,896,20425,997,90,90
msg,0,24,926,4303,988,90,90
msg,0,25,918,4621,997,90,90
msg,0,26,983,17641,992,90,90
msg,0,27,930,5256,989,90,90
msg,0,28,926,3946,994,90,90
msg,0,29,926,4157,988,90,90
msg,0,30,893,4378,988,90,90
msg,0,31,920,4694,993,90,90
msg,0,32,924,3858,986,90,90
msg,0,33,921,3996,991,90,90
msg,0,34,912,5100,991,90,90
msg,0,35,921,15704,995,90,90
msg,0,36,924,4561,990,90,90
msg,0,37,933,4322,983,90,90
msg,0,38,921,17544,1000,90,90
msg,0,39,927,4943,993,90,90
msg,0,40,899,4402,998,90,90
msg,0,41,916,3853,985,90,90
msg,0,42,921,3809,990,90,90
msg,0,43,925,4122,993,90,90
msg,0,44,928,4290,984,90,90
msg,0,45,925,4202,988,90,90
msg,0,46,921,5010,993,90,90
msg,0,47,926,15721,990,90,90
msg,0,48,895,4199,988,90,90
msg,0,49,921,3824,988,90,90
msg,0,50,917,4109,990,90,90
msg,0,51,917,17816,987,90,90
msg,0,52,924,3836,988,90,90
msg,0,53,914,3832,986,90,90
msg,0,54,931,4290,996,90,90
msg,0,55,917,4207,992,90,90
msg,0,56,933,4918,997,90,90
msg,0,57,915,4296,993,90,90
msg,0,58,917,5668,996,90,90
msg,0,59,897,16690,998,90,90
msg,0,60,922,4413,1035,90,90
msg,0,61,922,7561,994,90,90
msg,0,62,918,18178,984,90,90
msg,0,63,924,4670,996,90,90
msg,0,64,917,5501,997,90,90
msg,0,65,921,4687,989,90,90
msg,0,66,920,5117,990,90,90
msg,0,67,925,5429,985,90,90
msg,0,68,896,4613,987,90,90
msg,0,69,923,6957,993,90,90
msg,0,70,922,18556,986,90,90
msg,0,71,913,4172,991,90,90
msg,0,72,919,17739,993,90,90
msg,0,73,920,4724,992,90,90
msg,0,74,926,4334,995,90,90
msg,0,75,922,3885,991,90,90
msg,0,76,915,3934,997,90,90
msg,0,77,922,3697,989,90,90
msg,0,78,921,4062,992,90,90
msg,0,79,916,3879,987,90,90
msg,0,80,916,5719,1058,90,90
msg,0,81,929,16909,993,90,90
msg,0,82,973,5528,976,90,90
msg,0,83,924,4252,989,90,90
msg,0,84,922,6847,1000,90,90
msg,0,85,914,9589,985,90,90
msg,0,86,928,4429,995,90,90
msg,0,87,929,5492,982,90,90
msg,0,88,914,4097,986,90,90
msg,0,89,917,4130,984,90,90
msg,0,90,923,5153,998,90,90
msg,0,91,927,3836,996,90,90
msg,0,92,927,6432,988,90,90
msg,0,93,929,17346,996,90,90
msg,0,94,921,6963,993,90,90
msg,0,95,927,6745,992,90,90
msg,0,96,918,16497,987,90,90
msg,0,97,924,4738,987,90,90
msg,0,98,894,4667,992,90,90
msg,0,99,926,4456,987,90,90
msg,0,100,912,3879,988,90,90
msg,0,101,929,4579,992,90,90
msg,0,102,921,4116,987,90,90
msg,0,103,917,5806,999,90,90
msg,0,104,895,16535,997,90,90
msg,0,105,923,6235,993,90,90
msg,0,106,923,5930,992,90,90
msg,0,107,979,17452,992,90,90
msg,0,108,973,5467,983,90,90
msg,0,109,928,4676,992,90,90
msg,0,110,917,4415,1046,90,90
msg,0,111,920,4090,1354,90,90
msg,0,112,901,4337,1000,90,90
msg,0,113,923,4603,1070,90,90
msg,0,114,916,4358,1000,90,90
msg,0,115,917,17545,986,90,90
msg,0,116,928,5195,990,90,90
msg,0,117,930,4021,989,90,90
msg,0,118,985,16646,990,90,90
msg,0,119,918,9682,988,90,90
msg,0,120,917,4750,987,90,90
msg,0,121,901,4048,977,90,90
msg,0,122,919,3683,989,90,90
msg,0,123,919,5302,988,90,90
msg,0,124,913,3770,985,90,90
msg,0,125,927,6072,986,90,90
msg,0,126,926,15854,993,90,90
msg,0,127,923,4602,992,90,90
msg,0,128,917,3993,1031,90,90
msg,0,129,890,18329,996,90,90
msg,0,130,929,4770,982,90,90
msg,0,131,921,4175,993,90,90
msg,0,132,918,6013,993,90,90
msg,0,133,915,3867,993,90,90
msg,0,134,922,4367,987,90,90
msg,0,135,897,4075,991,90,90
msg,0,136,919,4152,996,90,90
msg,0,137,916,4422,987,90,90
msg,0,138,920,14759,988,90,90
msg,0,139,921,4478,1009,90,90
msg,0,140,914,4436,1000,90,90
msg,0,141,920,18056,987,90,90
msg,0,142,898,4393,992,90,90
msg,0,143,914,3945,1045,90,90
msg,0,144,929,4790,993,90,90
msg,0,145,923,4723,987,90,90
msg,0,146,921,7211,985,90,90
msg,0,147,1027,3881,989,90,90
msg,0,148,918,6743,988,90,90
msg,0,149,921,16462,995,90,90
msg,0,150,893,4456,988,90,90
msg,0,151,918,4704,988,90,90
msg,0,152,917,18289,998,90,90
msg,0,153,923,5404,977,90,90
msg,0,154,932,5927,986,90,90
msg,0,155,928,4504,990,90,90
msg,0,156,989,4385,989,90,90
msg,0,157,927,3688,989,90,90
msg,0,158,895,4104,991,90,90
msg,0,159,914,7365,997,90,90
msg,0,160,925,16265,990,90,90
msg,0,161,900,4354,991,90,90
msg,0,162,916,3894,986,90,90
msg,0,163,918,18488,996,90,90
msg,0,164,894,5249,987,90,90
msg,0,165,922,4506,984,90,90
msg,0,166,919,4152,991,90,90
msg,0,167,927,4583,987,90,90
msg,0,168,930,4427,990,90,90
msg,0,169,914,4000,987,90,90
msg,0,170,915,4438,991,90,90
msg,0,171,929,4483,1043,90,90
msg,0,172,927,19618,977,90,90
msg,0,173,922,3930,988,90,90
msg,0,174,920,3203,993,90,90
msg,0,175,919,20734,992,90,90
msg,0,176,927,4944,990,90,90
msg,0,177,931,4952,989,90,90
msg,0,178,912,5788,990,90,90
msg,0,179,924,4381,993,90,90
msg,0,180,922,4561,993,90,90
msg,0,181,920,7445,993,90,90
msg,0,182,916,16763,991,90,90
msg,0,183,936,4582,983,90,90
msg,0,184,929,4364,995,90,90
msg,0,185,896,18147,984,90,90
msg,0,186,923,4455,997,90,90
msg,0,187,928,4751,995,90,90
msg,0,188,915,5206,987,90,90
msg,0,189,918,5019,998,90,90
msg,0,190,895,5625,989,90,90
msg,0,191,922,4024,988,90,90
msg,0,192,929,7981,991,90,90
msg,0,193,928,15496,1002,90,90
msg,0,194,923,7267,1000,90,90
msg,0,195,923,6034,994,90,90
msg,0,196,892,12696,994,90,90
msg,0,197,979,5532,990,90,90
msg,0,198,925,4465,991,90,90
msg,0,199,893,5736,993,90,90
whole,0,25.126,1853.196,200
1,4.5120,0.0020,5.7440,10.2580,0,0,23,4,0,0,1,1,169356,0.0,0.0,0.0,0.0,0,0,0,0
msg,1,0,1118,4704,1001,90,90
msg,1,1,929,16513,999,90,90
msg,1,2,924,3976,987,90,90
msg,1,3,913,4205,998,90,90
msg,1,4,926,17714,986,90,90
msg,1,5,914,5379,998,90,90
msg,1,6,920,3921,990,90,90
msg,1,7,932,3946,989,90,90
msg,1,8,892,4372,999,90,90
msg,1,9,912,5754,991,90,90
msg,1,10,925,4189,997,90,90
msg,1,11,930,4385,1000,90,90
msg,1,12,895,6847,992,90,90
msg,1,13,919,13279,988,90,90
msg,1,14,921,4826,985,90,90
msg,1,15,925,5666,995,90,90
msg,1,16,921,37920,1004,90,90
msg,1,17,918,5366,986,90,90
msg,1,18,925,4261,988,90,90
msg,1,19,934,3856,991,90,90
msg,1,20,923,7439,992,90,90
msg,1,21,913,19341,986,90,90
msg,1,22,927,4238,989,90,90
msg,1,23,897,4009,990,90,90
msg,1,24,916,17613,994,90,90
msg,1,25,917,5821,986,90,90
msg,1,26,926,3843,996,90,90
msg,1,27,1038,3755,988,90,90
msg,1,28,919,4153,992,90,90
msg,1,29,926,5712,994,90,90
msg,1,30,986,4024,994,90,90
msg,1,31,919,5884,994,90,90
msg,1,32,930,17163,986,90,90
msg,1,33,903,4370,997,90,90
msg,1,34,974,3925,988,90,90
msg,1,35,917,17465,982,90,90
msg,1,36,903,4451,991,90,90
msg,1,37,929,3892,994,90,90
msg,1,38,921,4714,995,90,90
msg,1,39,923,4262,988,90,90
msg,1,40,931,4298,979,90,90
msg,1,41,915,3879,991,90,90
msg,1,42,891,4201,985,90,90
msg,1,43,918,6097,1011,90,90
msg,1,44,929,17496,1046,90,90
msg,1,45,923,4136,990,90,90
msg,1,46,925,3932,986,90,90
msg,1,47,918,6278,996,90,90
msg,1,48,924,13713,996,90,90
msg,1,49,923,4454,1057,90,90
msg,1,50,922,7790,991,90,90
msg,1,51,900,4712,994,90,90
msg,1,52,916,5797,985,90,90
msg,1,53,916,4063,999,90,90
msg,1,54,929,6028,992,90,90
msg,1,55,914,15934,987,90,90
msg,1,56,893,5323,991,90,90
msg,1,57,920,4257,983,90,90
msg,1,58,920,16262,1040,90,90
msg,1,59,922,5605,992,90,90
msg,1,60,924,5392,994,90,90
msg,1,61,915,4232,994,90,90
msg,1,62,928,4843,988,90,90
msg,1,63,919,14635,990,90,90
msg,1,64,923,7075,991,90,90
msg,1,65,918,17014,988,90,90
msg,1,66,913,4220,988,90,90
msg,1,67,925,4124,990,90,90
msg,1,68,891,17850,996,90,90
msg,1,69,932,4524,991,90,90
msg,1,70,918,3975,996,90,90
msg,1,71,913,4806,991,90,90
msg,1,72,922,4845,993,90,90
msg,1,73,925,5887,989,90,90
msg,1,74,929,3910,989,90,90
msg,1,75,929,4884,990,90,90
msg,1,76,921,16845,991,90,90
msg,1,77,916,3935,991,90,90
msg,1,78,913,3814,987,90,90
msg,1,79,917,4426,995,90,90
msg,1,80,919,18551,1071,90,90
msg,1,81,928,3956,997,90,90
msg,1,82,920,3937,996,90,90
msg,1,83,924,4566,987,90,90
msg,1,84,984,4599,993,90,90
msg,1,85,925,5500,992,90,90
msg,1,86,917,10100,992,90,90
msg,1,87,910,15872,993,90,90
msg,1,88,926,4479,982,90,90
msg,1,89,919,4381,994,90,90
msg,1,90,929,8206,991,90,90
msg,1,91,918,12859,991,90,90
msg,1,92,917,4129,985,90,90
msg,1,93,920,4877,983,90,90
msg,1,94,920,5433,996,90,90
msg,1,95,922,5898,987,90,90
msg,1,96,921,5861,996,90,90
msg,1,97,928,8190,995,90,90
msg,1,98,927,15365,985,90,90
msg,1,99,923,5472,996,90,90
msg,1,100,915,4039,988,90,90
msg,1,101,921,16700,1000,90,90
msg,1,102,1029,4369,993,90,90
msg,1,103,929,3847,989,90,90
msg,1,104,925,4910,987,90,90
msg,1,105,924,4199,990,90,90
msg,1,106,921,5005,996,90,90
msg,1,107,916,4868,996,90,90
msg,1,108,913,4031,995,90,90
msg,1,109,921,6036,990,90,90
msg,1,110,918,14155,1037,90,90
msg,1,111,904,4472,996,90,90
msg,1,112,926,4240,986,90,90
msg,1,113,927,16891,1003,90,90
msg,1,114,915,4947,984,90,90
msg,1,115,924,3582,988,90,90
msg,1,116,932,5043,991,90,90
msg,1,117,922,4232,988,90,90
msg,1,118,891,4026,986,90,90
msg,1,119,929,3969,987,90,90
msg,1,120,990,3654,994,90,90
msg,1,121,911,4368,991,90,90
msg,1,122,917,16960,990,90,90
msg,1,123,914,6973,993,90,90
msg,1,124,920,28944,996,90,90
msg,1,125,929,4259,994,90,90
msg,1,126,921,3781,993,90,90
msg,1,127,925,3995,986,90,90
msg,1,128,920,3907,995,90,90
msg,1,129,925,4619,988,90,90
msg,1,130,927,5595,989,90,90
msg,1,131,918,4367,999,90,90
msg,1,132,929,15361,993,90,90
msg,1,133,922,4125,1036,90,90
msg,1,134,920,4337,985,90,90
msg,1,135,919,8251,983,90,90
msg,1,136,927,10258,987,90,90
msg,1,137,926,4728,992,90,90
msg,1,138,924,4398,991,90,90
msg,1,139,928,4073,998,90,90
msg,1,140,896,5265,992,90,90
msg,1,141,924,4985,987,90,90
msg,1,142,930,3825,992,90,90
msg,1,143,914,7628,989,90,90
msg,1,144,953,15332,990,90,90
msg,1,145,915,4172,991,90,90
msg,1,146,927,4121,990,90,90
msg,1,147,915,17735,991,90,90
msg,1,148,916,5264,990,90,90
msg,1,149,926,3960,984,90,90
msg,1,150,922,4277,988,90,90
msg,1,151,922,4357,987,90,90
msg,1,152,1367,4248,1000,90,90
msg,1,153,926,4756,996,90,90
msg,1,154,916,4539,994,90,90
msg,1,155,984,5548,985,90,90
msg,1,156,919,13930,994,90,90
msg,1,157,920,4145,994,90,90
msg,1,158,921,4345,991,90,90
msg,1,159,927,17801,998,90,90
msg,1,160,919,4574,982,90,90
msg,1,161,928,3887,983,90,90
msg,1,162,922,4347,997,90,90
msg,1,163,926,4372,987,90,90
msg,1,164,894,4430,988,90,90
msg,1,165,916,4308,1039,90,90
msg,1,166,930,3993,987,90,90
msg,1,167,890,4685,995,90,90
msg,1,168,919,20810,992,90,90
msg,1,169,924,3960,991,90,90
msg,1,170,926,4112,987,90,90
msg,1,171,926,16213,992,90,90
msg,1,172,930,5514,991,90,90
msg,1,173,927,4101,994,90,90
msg,1,174,886,3869,995,90,90
msg,1,175,913,3824,985,90,90
msg,1,176,924,3854,986,90,90
msg,1,177,924,4041,987,90,90
msg,1,178,927,4097,1037,90,90
msg,1,179,919,3715,995,90,90
msg,1,180,917,17529,1347,90,90
msg,1,181,951,5441,995,90,90
msg,1,182,920,5351,994,90,90
msg,1,183,929,16349,989,90,90
msg,1,184,988,5366,990,90,90
msg,1,185,915,4074,983,90,90
msg,1,186,891,3635,996,90,90
msg,1,187,985,4238,986,90,90
msg,1,188,915,4288,991,90,90
msg,1,189,918,3907,993,90,90
msg,1,190,919,6835,994,90,90
msg,1,191,914,16801,987,90,90
msg,1,192,915,4667,996,90,90
msg,1,193,897,4547,990,90,90
msg,1,194,1040,7826,990,90,90
msg,1,195,917,10506,983,90,90
msg,1,196,925,6015,990,90,90
msg,1,197,914,4906,988,90,90
msg,1,198,928,4739,989,90,90
msg,1,199,919,3789,994,90,90
whole,1,23.233,1846.632,200
2,5.4050,0.0030,4.5230,9.9310,0,0,23,4,0,0,1,1,169356,0.0,0.0,0.0,0.0,0,0,0,0
msg,2,0,1054,5985,996,90,90
msg,2,1,927,6352,998,90,90
msg,2,2,922,21548,1006,90,90
msg,2,3,929,4140,996,90,90
msg,2,4,918,4697,1003,90,90
msg,2,5,926,4586,984,90,90
msg,2,6,924,4400,988,90,90
msg,2,7,917,4535,998,90,90
msg,2,8,926,5457,993,90,90
msg,2,9,900,4221,992,90,90
msg,2,10,919,14569,991,90,90
msg,2,11,892,5043,988,90,90
msg,2,12,916,4067,993,90,90
msg,2,13,915,17104,999,90,90
msg,2,14,927,5050,991,90,90
msg,2,15,920,4743,997,90,90
msg,2,16,917,3902,996,90,90
msg,2,17,921,3891,991,90,90
msg,2,18,925,3843,993,90,90
msg,2,19,920,4281,993,90,90
msg,2,20,915,4846,990,90,90
msg,2,21,978,5750,992,90,90
msg,2,22,916,14675,990,90,90
msg,2,23,921,4435,988,90,90
msg,2,24,1036,3669,989,90,90
msg,2,25,917,18193,992,90,90
msg,2,26,892,4621,994,90,90
msg,2,27,921,5064,990,90,90
msg,2,28,978,3852,991,90,90
msg,2,29,917,4517,999,90,90
msg,2,30,923,6162,1042,90,90
msg,2,31,917,5276,983,90,90
msg,2,32,920,7780,990,90,90
msg,2,33,915,15367,996,90,90
msg,2,34,914,4039,1000,90,90
msg,2,35,916,4236,992,90,90
msg,2,36,916,3846,995,90,90
msg,2,37,925,18885,985,90,90
msg,2,38,920,3788,1038,90,90
msg,2,39,919,3938,994,90,90
msg,2,40,918,4490,987,90,90
msg,2,41,923,3874,994,90,90
msg,2,42,922,3978,986,90,90
msg,2,43,920,4366,985,90,90
msg,2,44,925,5143,993,90,90
msg,2,45,891,16666,993,90,90
msg,2,46,916,4362,983,90,90
msg,2,47,914,4463,994,90,90
msg,2,48,922,17957,992,90,90
msg,2,49,925,4975,984,90,90
msg,2,50,919,4599,991,90,90
msg,2,51,916,4501,992,90,90
msg,2,52,901,3862,993,90,90
msg,2,53,892,4065,990,90,90
msg,2,54,919,4158,993,90,90
msg,2,55,919,3905,990,90,90
msg,2,56,923,5065,992,90,90
msg,2,57,923,17885,992,90,90
msg,2,58,918,3855,996,90,90
msg,2,59,915,3850,993,90,90
msg,2,60,923,16566,995,90,90
msg,2,61,901,4361,1003,90,90
msg,2,62,922,3842,992,90,90
msg,2,63,921,4051,992,90,90
msg,2,64,921,4153,988,90,90
msg,2,65,925,3900,992,90,90
msg,2,66,917,3825,991,90,90
msg,2,67,922,4686,1043,90,90
msg,2,68,925,4926,993,90,90
msg,2,69,921,16685,994,90,90
msg,2,70,920,3976,991,90,90
msg,2,71,920,3609,980,90,90
msg,2,72,896,4162,1034,90,90
msg,2,73,916,14955,992,90,90
msg,2,74,915,5120,988,90,90
msg,2,75,928,3964,994,90,90
msg,2,76,920,4193,993,90,90
msg,2,77,916,3929,996,90,90
msg,2,78,917,4260,1039,90,90
msg,2,79,926,4013,986,90,90
msg,2,80,918,4026,984,90,90
msg,2,81,917,3957,989,90,90
msg,2,82,922,20460,994,90,90
msg,2,83,893,3936,993,90,90
msg,2,84,905,3927,991,90,90
msg,2,85,898,12957,980,90,90
msg,2,86,899,5235,996,90,90
msg,2,87,922,3889,991,90,90
msg,2,88,919,4112,987,90,90
msg,2,89,928,3815,989,90,90
msg,2,90,914,4064,989,90,90
msg,2,91,929,4098,986,90,90
msg,2,92,923,3879,1045,90,90
msg,2,93,929,5677,1000,90,90
msg,2,94,921,16409,992,90,90
msg,2,95,924,4796,983,90,90
msg,2,96,924,3940,1043,90,90
msg,2,97,893,17536,1044,90,90
msg,2,98,927,4147,994,90,90
msg,2,99,919,3824,983,90,90
msg,2,100,920,3998,988,90,90
msg,2,101,920,4086,987,90,90
msg,2,102,903,3859,989,90,90
msg,2,103,894,4216,994,90,90
msg,2,104,926,4372,994,90,90
msg,2,105,925,6173,988,90,90
msg,2,106,896,16022,988,90,90
msg,2,107,925,3796,989,90,90
msg,2,108,891,3844,987,90,90
msg,2,109,922,18994,991,90,90
msg,2,110,895,6192,993,90,90
msg,2,111,928,5114,1000,90,90
msg,2,112,918,4796,994,90,90
msg,2,113,916,5121,991,90,90
msg,2,114,921,4609,991,90,90
msg,2,115,917,4146,989,90,90
msg,2,116,925,6982,989,90,90
msg,2,117,919,15813,988,90,90
msg,2,118,923,5375,989,90,90
msg,2,119,987,4352,980,90,90
msg,2,120,915,7285,991,90,90
msg,2,121,1400,10954,987,90,90
msg,2,122,916,5714,1047,90,90
msg,2,123,918,5032,997,90,90
msg,2,124,915,3967,990,90,90
msg,2,125,921,3876,991,90,90
msg,2,126,978,4282,990,90,90
msg,2,127,927,3903,995,90,90
msg,2,128,917,5943,1044,90,90
msg,2,129,923,15876,993,90,90
msg,2,130,926,5068,991,90,90
msg,2,131,925,4798,988,90,90
msg,2,132,1036,16498,991,90,90
msg,2,133,927,6070,991,90,90
msg,2,134,914,6184,988,90,90
msg,2,135,913,4501,988,90,90
msg,2,136,925,5409,997,90,90
msg,2,137,926,4089,992,90,90
msg,2,138,918,4511,994,90,90
msg,2,139,915,5799,987,90,90
msg,2,140,921,21639,996,90,90
msg,2,141,919,4661,988,90,90
msg,2,142,894,18889,991,90,90
msg,2,143,899,5539,998,90,90
msg,2,144,923,4923,995,90,90
msg,2,145,920,5586,993,90,90
msg,2,146,915,3976,989,90,90
msg,2,147,924,5806,1337,90,90
msg,2,148,939,4063,996,90,90
msg,2,149,915,5545,1067,90,90
msg,2,150,930,16858,992,90,90
msg,2,151,979,3952,987,90,90
msg,2,152,928,3787,997,90,90
msg,2,153,915,4047,993,90,90
msg,2,154,915,19275,996,90,90
msg,2,155,968,3901,992,90,90
msg,2,156,915,4074,993,90,90
msg,2,157,914,4524,987,90,90
msg,2,158,921,4223,988,90,90
msg,2,159,896,5223,993,90,90
msg,2,160,921,4244,993,90,90
msg,2,161,918,4660,995,90,90
msg,2,162,918,15138,986,90,90
msg,2,163,917,3995,989,90,90
msg,2,164,922,4314,988,90,90
msg,2,165,925,17971,987,90,90
msg,2,166,913,5868,986,90,90
msg,2,167,922,3622,993,90,90
msg,2,168,927,6339,991,90,90
msg,2,169,929,4644,995,90,90
msg,2,170,921,6569,992,90,90
msg,2,171,926,4121,988,90,90
msg,2,172,926,5337,986,90,90
msg,2,173,926,16505,991,90,90
msg,2,174,932,5236,984,90,90
msg,2,175,917,4368,1007,90,90
msg,2,176,928,16710,1035,90,90
msg,2,177,925,5062,996,90,90
msg,2,178,923,4934,990,90,90
msg,2,179,923,7001,991,90,90
msg,2,180,916,3889,989,90,90
msg,2,181,929,5329,986,90,90
msg,2,182,927,5289,1068,90,90
msg,2,183,925,5495,990,90,90
msg,2,184,926,16159,992,90,90
msg,2,185,916,4108,997,90,90
msg,2,186,911,3898,994,90,90
msg,2,187,919,18202,992,90,90
msg,2,188,923,6835,988,90,90
msg,2,189,984,4978,987,90,90
msg,2,190,917,3864,989,90,90
msg,2,191,923,4268,981,90,90
msg,2,192,931,6319,993,90,90
msg,2,193,922,3943,991,90,90
msg,2,194,926,7298,993,90,90
msg,2,195,900,15324,992,90,90
msg,2,196,919,3926,992,90,90
msg,2,197,920,4353,993,90,90
msg,2,198,923,18671,988,90,90
msg,2,199,919,4945,992,90,90
whole,2,39.608,1813.675,200
#stack 2404
#end
#block pipeline plain lorawan11_256 down
#aead AES-256-CTR+2xCMAC (LoRaWAN 1.1 frame, 256-bit keys) (BearSSL (arduino-pico)), downlink, 51 B payload + 13 B overhead
#lib none (plain MQTT)
iter,tcp_ms,tls_ms,mqtt_ms,total_ms,hs_tx_B,hs_rx_B,mqtt_tx_B,mqtt_rx_B,hs_writes,hs_reads,writes,reads,free_heap_B,hs_keygen_us,hs_derive_us,hs_verify_us,hs_sign_us,hs_keygen_n,hs_derive_n,hs_verify_n,hs_sign_n
msg,iter,idx,seal_us,rtt_us,open_us,tx_B,rx_B
whole,iter,first_ms,all_ms,msgs
0,18.3750,0.0010,4.3590,22.7350,0,0,23,4,0,0,1,1,169356,0.0,0.0,0.0,0.0,0,0,0,0
msg,0,0,749,14306,646,90,90
msg,0,1,550,6256,628,90,90
msg,0,2,558,5811,620,90,90
msg,0,3,540,4823,634,90,90
msg,0,4,546,4527,618,90,90
msg,0,5,538,3809,630,90,90
msg,0,6,547,4011,638,90,90
msg,0,7,567,4335,634,90,90
msg,0,8,533,4474,616,90,90
msg,0,9,542,5474,616,90,90
msg,0,10,565,16803,612,90,90
msg,0,11,542,7597,621,90,90
msg,0,12,542,4601,619,90,90
msg,0,13,536,16595,619,90,90
msg,0,14,562,5213,639,90,90
msg,0,15,563,4736,633,90,90
msg,0,16,562,5629,640,90,90
msg,0,17,561,4921,617,90,90
msg,0,18,564,3569,625,90,90
msg,0,19,565,6098,645,90,90
msg,0,20,546,4844,636,90,90
msg,0,21,564,6811,632,90,90
msg,0,22,573,16677,629,90,90
msg,0,23,576,4282,636,90,90
msg,0,24,540,4135,614,90,90
msg,0,25,561,19388,635,90,90
msg,0,26,558,5235,642,90,90
msg,0,27,544,3618,639,90,90
msg,0,28,543,4029,637,90,90
msg,0,29,558,4438,629,90,90
msg,0,30,533,4072,626,90,90
msg,0,31,566,4726,622,90,90
msg,0,32,563,3895,636,90,90
msg,0,33,538,4348,616,90,90
msg,0,34,565,4110,632,90,90
msg,0,35,543,16874,633,90,90
msg,0,36,566,4904,621,90,90
msg,0,37,565,4913,624,90,90
msg,0,38,546,9569,620,90,90
msg,0,39,550,11837,639,90,90
msg,0,40,543,5323,620,90,90
msg,0,41,571,4463,630,90,90
msg,0,42,564,4023,622,90,90
msg,0,43,538,3881,630,90,90
msg,0,44,542,4219,621,90,90
msg,0,45,634,4724,621,90,90
msg,0,46,546,3542,617,90,90
msg,0,47,570,6603,615,90,90
msg,0,48,568,16661,625,90,90
msg,0,49,574,4852,617,90,90
msg,0,50,537,6673,645,90,90
msg,0,51,535,17010,635,90,90
msg,0,52,566,3794,629,90,90
msg,0,53,568,6431,638,90,90
msg,0,54,568,3987,622,90,90
msg,0,55,575,4917,615,90,90
msg,0,56,537,5811,639,90,90
msg,0,57,537,4734,643,90,90
msg,0,58,533,4214,621,90,90
msg,0,59,576,6351,689,90,90
msg,0,60,565,17270,624,90,90
msg,0,61,536,4874,635,90,90
msg,0,62,559,5497,630,90,90
msg,0,63,556,19047,617,90,90
msg,0,64,566,5246,634,90,90
msg,0,65,572,4975,623,90,90
msg,0,66,568,7539,631,90,90
msg,0,67,572,4537,689,90,90
msg,0,68,561,5017,615,90,90
msg,0,69,537,4646,618,90,90
msg,0,70,538,3888,636,90,90
msg,0,71,533,5188,621,90,90
msg,0,72,564,16093,632,90,90
msg,0,73,535,4817,637,90,90
msg,0,74,558,3946,629,90,90
msg,0,75,564,4114,638,90,90
msg,0,76,534,18030,634,90,90
msg,0,77,566,6438,631,90,90
msg,0,78,571,4923,634,90,90
msg,0,79,567,3762,626,90,90
msg,0,80,571,4403,636,90,90
msg,0,81,573,5153,640,90,90
msg,0,82,531,5597,621,90,90
msg,0,83,537,9037,641,90,90
msg,0,84,559,15115,615,90,90
msg,0,85,537,4053,629,90,90
msg,0,86,544,4039,634,90,90
msg,0,87,565,4999,620,90,90
msg,0,88,547,16887,636,90,90
msg,0,89,545,3758,639,90,90
msg,0,90,560,3868,682,90,90
msg,0,91,567,4425,641,90,90
msg,0,92,573,4762,630,90,90
msg,0,93,570,3809,622,90,90
msg,0,94,567,5068,639,90,90
msg,0,95,543,4263,617,90,90
msg,0,96,568,7083,636,90,90
msg,0,97,536,17333,614,90,90
msg,0,98,536,3847,637,90,90
msg,0,99,535,4596,636,90,90
msg,0,100,533,5694,633,90,90
msg,0,101,548,16583,636,90,90
msg,0,102,537,4514,617,90,90
msg,0,103,542,4688,620,90,90
msg,0,104,542,5493,619,90,90
msg,0,105,561,15395,633,90,90
msg,0,106,568,5724,630,90,90
msg,0,107,565,4797,618,90,90
msg,0,108,575,16234,637,90,90
msg,0,109,567,4613,632,90,90
msg,0,110,569,3847,631,90,90
msg,0,111,578,4628,618,90,90
msg,0,112,563,13995,633,90,90
msg,0,113,541,5661,636,90,90
msg,0,114,547,4785,634,90,90
msg,0,115,541,4426,670,90,90
msg,0,116,538,4475,619,90,90
msg,0,117,537,5524,621,90,90
msg,0,118,562,4871,618,90,90
msg,0,119,608,3993,637,90,90
msg,0,120,557,7519,639,90,90
msg,0,121,537,16368,618,90,90
msg,0,122,543,5583,622,90,90
msg,0,123,546,4028,645,90,90
msg,0,124,559,4028,617,90,90
msg,0,125,561,19723,621,90,90
msg,0,126,559,4707,619,90,90
msg,0,127,566,3995,631,90,90
msg,0,128,541,3798,635,90,90
msg,0,129,563,4261,618,90,90
msg,0,130,542,4595,614,90,90
msg,0,131,539,6292,632,90,90
msg,0,132,567,7441,636,90,90
msg,0,133,568,17290,614,90,90
msg,0,134,551,4934,636,90,90
msg,0,135,669,3938,625,90,90
msg,0,136,567,4833,615,90,90
msg,0,137,542,20846,642,90,90
msg,0,138,537,4476,626,90,90
msg,0,139,548,3760,641,90,90
msg,0,140,548,4023,635,90,90
msg,0,141,571,4057,618,90,90
msg,0,142,608,6669,620,90,90
msg,0,143,546,4580,614,90,90
msg,0,144,541,6087,642,90,90
msg,0,145,557,17528,646,90,90
msg,0,146,597,4411,646,90,90
msg,0,147,539,5381,621,90,90
msg,0,148,574,19055,629,90,90
msg,0,149,702,5954,622,90,90
msg,0,150,573,3975,613,90,90
msg,0,151,549,3635,616,90,90
msg,0,152,538,4674,614,90,90
msg,0,153,545,4014,630,90,90
msg,0,154,564,4654,637,90,90
msg,0,155,558,4015,665,90,90
msg,0,156,562,4120,630,90,90
msg,0,157,567,6271,622,90,90
msg,0,158,543,15238,632,90,90
msg,0,159,557,5099,618,90,90
msg,0,160,538,25542,614,90,90
msg,0,161,542,4008,625,90,90
msg,0,162,545,3812,635,90,90
msg,0,163,571,17580,640,90,90
msg,0,164,567,3760,633,90,90
msg,0,165,552,4073,617,90,90
msg,0,166,541,6669,667,90,90
msg,0,167,541,4009,996,90,90
msg,0,168,577,18334,643,90,90
msg,0,169,560,4287,632,90,90
msg,0,170,542,4012,640,90,90
msg,0,171,565,18252,635,90,90
msg,0,172,545,4797,632,90,90
msg,0,173,537,4185,616,90,90
msg,0,174,563,5464,629,90,90
msg,0,175,561,5427,637,90,90
msg,0,176,567,4370,630,90,90
msg,0,177,536,3911,632,90,90
msg,0,178,568,4739,628,90,90
msg,0,179,563,4058,614,90,90
msg,0,180,548,16921,641,90,90
msg,0,181,541,4411,617,90,90
msg,0,182,539,3743,634,90,90
msg,0,183,535,11087,631,90,90
msg,0,184,561,14402,630,90,90
msg,0,185,546,3570,638,90,90
msg,0,186,546,3922,633,90,90
msg,0,187,563,3805,631,90,90
msg,0,188,568,3796,621,90,90
msg,0,189,567,4402,633,90,90
msg,0,190,574,3982,615,90,90
msg,0,191,543,5200,685,90,90
msg,0,192,563,4361,636,90,90
msg,0,193,534,3787,636,90,90
msg,0,194,566,18353,635,90,90
msg,0,195,544,4094,637,90,90
msg,0,196,568,4527,638,90,90
msg,0,197,568,19600,649,90,90
msg,0,198,564,4765,635,90,90
msg,0,199,572,4475,638,90,90
whole,0,47.029,1707.202,200
1,4.6940,0.0030,5.6930,10.3900,0,0,23,4,0,0,1,1,169356,0.0,0.0,0.0,0.0,0,0,0,0
msg,1,0,697,3965,643,90,90
msg,1,1,541,5911,636,90,90
msg,1,2,564,16041,619,90,90
msg,1,3,568,4366,640,90,90
msg,1,4,562,4869,622,90,90
msg,1,5,634,4211,632,90,90
msg,1,6,573,20509,638,90,90
msg,1,7,566,3923,632,90,90
msg,1,8,566,3847,617,90,90
msg,1,9,558,4134,638,90,90
msg,1,10,565,3600,643,90,90
msg,1,11,628,5508,633,90,90
msg,1,12,547,4296,615,90,90
msg,1,13,539,4222,638,90,90
msg,1,14,564,6234,637,90,90
msg,1,15,540,17754,640,90,90
msg,1,16,545,5037,633,90,90
msg,1,17,625,4300,642,90,90
msg,1,18,562,17269,618,90,90
msg,1,19,541,8265,634,90,90
msg,1,20,569,4562,631,90,90
msg,1,21,629,5001,613,90,90
msg,1,22,538,4468,619,90,90
msg,1,23,566,6255,639,90,90
msg,1,24,628,4261,635,90,90
msg,1,25,964,7778,643,90,90
msg,1,26,581,16243,635,90,90
msg,1,27,538,4729,634,90,90
msg,1,28,565,4296,627,90,90
msg,1,29,546,4463,621,90,90
msg,1,30,567,16567,615,90,90
msg,1,31,559,4140,636,90,90
msg,1,32,539,3710,635,90,90
msg,1,33,561,4035,617,90,90
msg,1,34,571,5550,627,90,90
msg,1,35,561,4455,634,90,90
msg,1,36,560,4639,638,90,90
msg,1,37,570,4318,629,90,90
msg,1,38,536,6502,620,90,90
msg,1,39,535,17147,641,90,90
msg,1,40,561,3754,676,90,90
msg,1,41,568,4208,639,90,90
msg,1,42,540,4505,640,90,90
msg,1,43,537,21007,630,90,90
msg,1,44,571,3546,633,90,90
msg,1,45,569,4081,613,90,90
msg,1,46,559,4860,637,90,90
msg,1,47,535,4094,632,90,90
msg,1,48,569,5919,618,90,90
msg,1,49,566,4756,613,90,90
msg,1,50,537,4317,636,90,90
msg,1,51,559,4223,642,90,90
msg,1,52,539,15471,616,90,90
msg,1,53,539,4089,636,90,90
msg,1,54,558,3952,623,90,90
msg,1,55,569,4020,631,90,90
msg,1,56,538,23745,650,90,90
msg,1,57,549,4153,622,90,90
msg,1,58,563,3834,616,90,90
msg,1,59,541,3973,634,90,90
msg,1,60,534,3937,637,90,90
msg,1,61,557,5917,621,90,90
msg,1,62,562,4329,641,90,90
msg,1,63,569,6477,637,90,90
msg,1,64,573,17423,640,90,90
msg,1,65,597,4235,629,90,90
msg,1,66,566,4740,619,90,90
msg,1,67,539,3805,634,90,90
msg,1,68,534,18865,635,90,90
msg,1,69,548,4410,636,90,90
msg,1,70,542,3574,618,90,90
msg,1,71,546,3980,638,90,90
msg,1,72,545,4497,642,90,90
msg,1,73,549,7190,617,90,90
msg,1,74,561,4044,632,90,90
msg,1,75,548,4418,614,90,90
msg,1,76,567,3992,636,90,90
msg,1,77,536,16868,640,90,90
msg,1,78,566,4478,632,90,90
msg,1,79,546,4262,616,90,90
msg,1,80,541,3813,627,90,90
msg,1,81,537,15038,638,90,90
msg,1,82,570,6175,614,90,90
msg,1,83,538,3913,630,90,90
msg,1,84,543,4454,615,90,90
msg,1,85,544,5817,635,90,90
msg,1,86,541,4681,658,90,90
msg,1,87,553,5401,620,90,90
msg,1,88,539,3983,639,90,90
msg,1,89,666,6434,639,90,90
msg,1,90,533,16441,618,90,90
msg,1,91,548,4609,621,90,90
msg,1,92,543,4157,631,90,90
msg,1,93,558,4312,634,90,90
msg,1,94,534,14474,618,90,90
msg,1,95,539,4201,639,90,90
msg,1,96,557,4131,630,90,90
msg,1,97,553,4251,630,90,90
msg,1,98,560,4390,686,90,90
msg,1,99,559,3994,620,90,90
msg,1,100,568,4079,635,90,90
msg,1,101,541,4266,617,90,90
msg,1,102,541,3913,640,90,90
msg,1,103,537,4964,630,90,90
msg,1,104,565,17336,638,90,90
msg,1,105,535,3898,636,90,90
msg,1,106,559,3775,635,90,90
msg,1,107,562,3911,620,90,90
msg,1,108,572,6188,637,90,90
msg,1,109,565,11270,618,90,90
msg,1,110,546,4928,637,90,90
msg,1,111,532,4735,637,90,90
msg,1,112,561,3734,684,90,90
msg,1,113,563,4199,634,90,90
msg,1,114,542,4152,632,90,90
msg,1,115,563,5460,632,90,90
msg,1,116,561,4764,635,90,90
msg,1,117,565,5274,631,90,90
msg,1,118,544,16740,638,90,90
msg,1,119,540,4954,633,90,90
msg,1,120,1013,4632,616,90,90
msg,1,121,536,4165,626,90,90
msg,1,122,564,17023,616,90,90
msg,1,123,542,5080,635,90,90
msg,1,124,564,4513,630,90,90
msg,1,125,543,5437,638,90,90
msg,1,126,547,5425,626,90,90
msg,1,127,569,5226,641,90,90
msg,1,128,577,4098,621,90,90
msg,1,129,537,3855,640,90,90
msg,1,130,532,3907,639,90,90
msg,1,131,571,15757,639,90,90
msg,1,132,560,5069,618,90,90
msg,1,133,545,4046,644,90,90
msg,1,134,564,4081,673,90,90
msg,1,135,558,19881,638,90,90
msg,1,136,538,3832,641,90,90
msg,1,137,546,5213,615,90,90
msg,1,138,573,4235,632,90,90
msg,1,139,562,3673,630,90,90
msg,1,140,561,4009,620,90,90
msg,1,141,558,5672,618,90,90
msg,1,142,541,4076,639,90,90
msg,1,143,544,4787,638,90,90
msg,1,144,571,15998,623,90,90
msg,1,145,571,4439,626,90,90
msg,1,146,564,4845,619,90,90
msg,1,147,537,20169,636,90,90
msg,1,148,559,4448,628,90,90
msg,1,149,540,3854,630,90,90
msg,1,150,562,4625,633,90,90
msg,1,151,573,4350,645,90,90
msg,1,152,535,4231,619,90,90
msg,1,153,571,6779,615,90,90
msg,1,154,538,5620,613,90,90
msg,1,155,567,6842,620,90,90
msg,1,156,599,15649,638,90,90
msg,1,157,538,4338,623,90,90
msg,1,158,561,4108,635,90,90
msg,1,159,535,4007,631,90,90
msg,1,160,574,14964,617,90,90
msg,1,161,534,6225,624,90,90
msg,1,162,566,6900,620,90,90
msg,1,163,578,3857,617,90,90
msg,1,164,545,4213,632,90,90
msg,1,165,570,3802,618,90,90
msg,1,166,561,4260,635,90,90
msg,1,167,567,5378,636,90,90
msg,1,168,538,6037,637,90,90
msg,1,169,570,16615,634,90,90
msg,1,170,573,4139,618,90,90
msg,1,171,538,4250,629,90,90
msg,1,172,560,4854,615,90,90
msg,1,173,559,16667,620,90,90
msg,1,174,565,4332,634,90,90
msg,1,175,569,4752,617,90,90
msg,1,176,560,4021,628,90,90
msg,1,177,548,4041,632,90,90
msg,1,178,563,4017,614,90,90
msg,1,179,538,4087,634,90,90
msg,1,180,562,4577,633,90,90
msg,1,181,542,8206,624,90,90
msg,1,182,573,16515,625,90,90
msg,1,183,560,3934,622,90,90
msg,1,184,539,4556,617,90,90
msg,1,185,539,4434,617,90,90
msg,1,186,564,21387,632,90,90
msg,1,187,566,4107,616,90,90
msg,1,188,539,4028,630,90,90
msg,1,189,546,4544,636,90,90
msg,1,190,544,3851,641,90,90
msg,1,191,576,6213,616,90,90
msg,1,192,540,3624,618,90,90
msg,1,193,540,4150,634,90,90
msg,1,194,555,4548,637,90,90
msg,1,195,572,15328,641,90,90
msg,1,196,547,4158,684,90,90
msg,1,197,560,4050,615,90,90
msg,1,198,548,4195,633,90,90
msg,1,199,570,17449,639,90,90
whole,1,22.093,1618.205,200
2,4.4930,0.0030,4.8910,9.3870,0,0,23,4,0,0,1,1,169356,0.0,0.0,0.0,0.0,0,0,0,0
msg,2,0,694,4169,633,90,90
msg,2,1,542,3954,637,90,90
msg,2,2,565,5025,626,90,90
msg,2,3,556,4025,644,90,90
msg,2,4,541,5270,612,90,90
msg,2,5,560,16158,640,90,90
msg,2,6,546,3817,637,90,90
msg,2,7,566,4034,612,90,90
msg,2,8,575,4186,634,90,90
msg,2,9,565,19109,617,90,90
msg,2,10,563,4491,623,90,90
msg,2,11,578,4185,636,90,90
msg,2,12,545,4032,629,90,90
msg,2,13,677,3819,617,90,90
msg,2,14,540,3581,620,90,90
msg,2,15,544,4755,616,90,90
msg,2,16,536,4127,631,90,90
msg,2,17,562,8440,631,90,90
msg,2,18,543,15895,642,90,90
msg,2,19,562,4704,635,90,90
msg,2,20,559,4094,685,90,90
msg,2,21,544,4021,634,90,90
msg,2,22,564,17159,621,90,90
msg,2,23,543,4262,631,90,90
msg,2,24,570,5625,634,90,90
msg,2,25,569,4616,637,90,90
msg,2,26,561,4281,642,90,90
msg,2,27,533,3861,640,90,90
msg,2,28,560,3989,617,90,90
msg,2,29,576,4723,616,90,90
msg,2,30,541,7744,623,90,90
msg,2,31,537,16085,636,90,90
msg,2,32,564,6335,635,90,90
msg,2,33,530,23055,635,90,90
msg,2,34,565,6550,633,90,90
msg,2,35,563,3764,631,90,90
msg,2,36,573,3964,624,90,90
msg,2,37,540,3583,617,90,90
msg,2,38,540,4744,619,90,90
msg,2,39,547,6741,637,90,90
msg,2,40,539,4067,639,90,90
msg,2,41,557,6925,614,90,90
msg,2,42,566,17494,641,90,90
msg,2,43,569,4312,641,90,90
msg,2,44,532,4911,633,90,90
msg,2,45,565,4467,635,90,90
msg,2,46,564,15846,631,90,90
msg,2,47,562,4116,639,90,90
msg,2,48,529,4354,619,90,90
msg,2,49,555,4814,632,90,90
msg,2,50,545,5221,627,90,90
msg,2,51,563,4753,624,90,90
msg,2,52,569,3829,618,90,90
msg,2,53,542,5741,628,90,90
msg,2,54,541,6708,640,90,90
msg,2,55,534,17542,619,90,90
msg,2,56,543,4275,632,90,90
msg,2,57,561,4080,684,90,90
msg,2,58,527,17863,639,90,90
msg,2,59,621,6316,631,90,90
msg,2,60,538,4366,624,90,90
msg,2,61,563,4517,617,90,90
msg,2,62,567,5769,618,90,90
msg,2,63,566,4006,682,90,90
msg,2,64,540,4065,636,90,90
msg,2,65,568,3879,622,90,90
msg,2,66,540,7219,637,90,90
msg,2,67,623,17231,630,90,90
msg,2,68,536,4276,621,90,90
msg,2,69,570,4970,630,90,90
msg,2,70,534,4312,620,90,90
msg,2,71,563,16806,619,90,90
msg,2,72,537,3928,642,90,90
msg,2,73,628,5507,637,90,90
msg,2,74,539,3990,636,90,90
msg,2,75,560,4220,638,90,90
msg,2,76,541,4066,632,90,90
msg,2,77,567,5009,620,90,90
msg,2,78,557,11356,627,90,90
msg,2,79,560,17834,621,90,90
msg,2,80,567,4971,637,90,90
msg,2,81,534,4485,618,90,90
msg,2,82,536,18104,637,90,90
msg,2,83,572,5886,723,90,90
msg,2,84,562,3879,629,90,90
msg,2,85,538,4210,625,90,90
msg,2,86,559,4099,617,90,90
msg,2,87,542,4374,615,90,90
msg,2,88,554,5793,621,90,90
msg,2,89,559,3878,636,90,90
msg,2,90,535,7248,621,90,90
msg,2,91,564,18211,623,90,90
msg,2,92,548,4536,633,90,90
msg,2,93,542,3890,637,90,90
msg,2,94,560,3942,617,90,90
msg,2,95,574,17618,630,90,90
msg,2,96,557,3976,621,90,90
msg,2,97,548,4212,634,90,90
msg,2,98,569,4322,636,90,90
msg,2,99,542,4152,663,90,90
msg,2,100,562,4002,629,90,90
msg,2,101,547,3821,634,90,90
msg,2,102,568,4672,642,90,90
msg,2,103,573,8519,633,90,90
msg,2,104,541,17104,623,90,90
msg,2,105,561,4205,633,90,90
msg,2,106,547,4074,668,90,90
msg,2,107,568,3935,633,90,90
msg,2,108,542,14831,633,90,90
msg,2,109,536,9619,640,90,90
msg,2,110,536,4631,636,90,90
msg,2,111,546,4402,663,90,90
msg,2,112,540,3901,632,90,90
msg,2,113,544,4166,628,90,90
msg,2,114,561,4243,637,90,90
msg,2,115,571,4470,645,90,90
msg,2,116,541,6648,629,90,90
msg,2,117,536,15523,631,90,90
msg,2,118,551,3796,638,90,90
msg,2,119,538,4677,635,90,90
msg,2,120,546,3711,632,90,90
msg,2,121,536,20764,641,90,90
msg,2,122,566,4276,631,90,90
msg,2,123,539,4607,617,90,90
msg,2,124,551,3410,623,90,90
msg,2,125,570,5570,619,90,90
msg,2,126,561,4692,612,90,90
msg,2,127,574,4454,629,90,90
msg,2,128,565,3886,620,90,90
msg,2,129,567,4159,638,90,90
msg,2,130,564,16484,634,90,90
msg,2,131,538,3946,637,90,90
msg,2,132,569,6072,622,90,90
msg,2,133,550,18857,639,90,90
msg,2,134,546,5521,624,90,90
msg,2,135,549,3960,636,90,90
msg,2,136,556,4427,634,90,90
msg,2,137,538,4535,618,90,90
msg,2,138,549,4105,628,90,90
msg,2,139,559,3714,633,90,90
msg,2,140,570,3876,622,90,90
msg,2,141,572,4935,641,90,90
msg,2,142,537,3888,627,90,90
msg,2,143,559,16814,630,90,90
msg,2,144,570,4123,616,90,90
msg,2,145,535,4535,615,90,90
msg,2,146,540,4493,623,90,90
msg,2,147,574,17899,614,90,90
msg,2,148,551,3610,614,90,90
msg,2,149,544,3756,631,90,90
msg,2,150,542,4326,626,90,90
msg,2,151,574,4148,631,90,90
msg,2,152,540,3730,636,90,90
msg,2,153,534,3965,629,90,90
msg,2,154,570,3797,609,90,90
msg,2,155,563,4876,617,90,90
msg,2,156,538,3631,623,90,90
msg,2,157,546,16603,617,90,90
msg,2,158,542,7684,617,90,90
msg,2,159,538,4673,622,90,90
msg,2,160,539,17001,640,90,90
msg,2,161,572,6180,614,90,90
msg,2,162,545,4170,635,90,90
msg,2,163,569,3946,614,90,90
msg,2,164,571,4210,640,90,90
msg,2,165,566,4167,624,90,90
msg,2,166,536,4984,642,90,90
msg,2,167,533,6516,638,90,90
msg,2,168,535,5655,642,90,90
msg,2,169,535,16737,641,90,90
msg,2,170,542,4451,620,90,90
msg,2,171,540,3639,623,90,90
msg,2,172,539,4064,639,90,90
msg,2,173,565,18589,641,90,90
msg,2,174,566,3953,639,90,90
msg,2,175,568,5511,634,90,90
msg,2,176,566,3822,622,90,90
msg,2,177,565,3573,613,90,90
msg,2,178,560,3835,620,90,90
msg,2,179,541,5304,635,90,90
msg,2,180,568,4007,614,90,90
msg,2,181,548,6290,634,90,90
msg,2,182,555,17511,633,90,90
msg,2,183,562,3615,636,90,90
msg,2,184,561,4022,620,90,90
msg,2,185,568,3408,631,90,90
msg,2,186,570,16071,617,90,90
msg,2,187,537,5417,619,90,90
msg,2,188,576,4045,636,90,90
msg,2,189,542,6499,630,90,90
msg,2,190,544,12371,623,90,90
msg,2,191,573,6424,633,90,90
msg,2,192,571,3670,633,90,90
msg,2,193,577,4336,632,90,90
msg,2,194,560,16694,637,90,90
msg,2,195,560,4296,638,90,90
msg,2,196,536,5911,639,90,90
msg,2,197,561,17473,637,90,90
msg,2,198,529,5068,631,90,90
msg,2,199,560,5789,618,90,90
whole,2,20.407,1644.057,200
#stack 2320
#end
#block pipeline TLS lorawan11 up
#aead LoRaWAN-1.1 AES-128-CTR+2xCMAC (BearSSL (arduino-pico)), uplink, 51 B payload + 13 B overhead
#lib wolfSSL 5.9.4
iter,tcp_ms,tls_ms,mqtt_ms,total_ms,hs_tx_B,hs_rx_B,mqtt_tx_B,mqtt_rx_B,hs_writes,hs_reads,writes,reads,free_heap_B,hs_keygen_us,hs_derive_us,hs_verify_us,hs_sign_us,hs_keygen_n,hs_derive_n,hs_verify_n,hs_sign_n
msg,iter,idx,seal_us,rtt_us,open_us,tx_B,rx_B
whole,iter,first_ms,all_ms,msgs
#suite TLS13-AES256-GCM-SHA384
0,4.6790,398.8670,14.0370,417.5830,1387,1837,45,568,2,12,3,18,168292,66209.0,70078.0,195430.0,0.0,2,2,2,0
msg,0,0,862,5700,824,112,112
msg,0,1,679,5949,854,112,112
msg,0,2,710,6156,852,112,112
msg,0,3,811,17197,852,112,112
msg,0,4,703,7891,849,112,112
msg,0,5,705,22383,854,112,112
msg,0,6,701,6060,1009,112,112
msg,0,7,700,7163,852,112,112
msg,0,8,696,6613,857,112,112
msg,0,9,677,6385,819,112,112
msg,0,10,675,6397,844,112,112
msg,0,11,700,5863,853,112,112
msg,0,12,675,13981,852,112,112
msg,0,13,703,7350,852,112,112
msg,0,14,707,21625,842,112,112
msg,0,15,675,6089,822,112,112
msg,0,16,669,6163,859,112,112
msg,0,17,674,5902,849,112,112
msg,0,18,703,6246,853,112,112
msg,0,19,703,7000,849,112,112
msg,0,20,698,9595,862,112,112
msg,0,21,706,22188,859,112,112
msg,0,22,702,6178,855,112,112
msg,0,23,702,16750,847,112,112
msg,0,24,701,6738,858,112,112
msg,0,25,710,5821,849,112,112
msg,0,26,708,6158,847,112,112
msg,0,27,707,5896,823,112,112
msg,0,28,672,6351,819,112,112
msg,0,29,675,9401,849,112,112
msg,0,30,699,19635,856,112,112
msg,0,31,698,6285,854,112,112
msg,0,32,705,19959,852,112,112
msg,0,33,704,6073,846,112,112
msg,0,34,700,5653,854,112,112
msg,0,35,701,5861,850,112,112
msg,0,36,715,6352,853,112,112
msg,0,37,698,6874,845,112,112
msg,0,38,705,6126,818,112,112
msg,0,39,673,19915,851,112,112
msg,0,40,711,7030,846,112,112
msg,0,41,699,5683,819,112,112
msg,0,42,675,15115,858,112,112
msg,0,43,678,8282,857,112,112
msg,0,44,677,5676,849,112,112
msg,0,45,699,5534,861,112,112
msg,0,46,701,5574,818,112,112
msg,0,47,672,5877,855,112,112
msg,0,48,708,9095,850,112,112
msg,0,49,703,19036,848,112,112
msg,0,50,707,6452,850,112,112
msg,0,51,712,20127,1003,112,112
msg,0,52,707,7421,854,112,112
msg,0,53,671,6239,856,112,112
msg,0,54,671,7047,848,112,112
msg,0,55,702,5818,850,112,112
msg,0,56,702,5812,847,112,112
msg,0,57,677,7607,847,112,112
msg,0,58,698,19492,850,112,112
msg,0,59,702,6617,834,112,112
msg,0,60,673,10141,851,112,112
msg,0,61,673,11257,857,112,112
msg,0,62,677,6030,852,112,112
msg,0,63,707,5956,850,112,112
msg,0,64,718,6349,850,112,112
msg,0,65,705,8083,849,112,112
msg,0,66,707,6475,852,112,112
msg,0,67,698,6018,852,112,112
msg,0,68,800,14692,816,112,112
msg,0,69,675,6282,819,112,112
msg,0,70,683,5712,853,112,112
msg,0,71,709,18816,820,112,112
msg,0,72,671,5742,852,112,112
msg,0,73,705,5650,817,112,112
msg,0,74,683,7069,857,112,112
msg,0,75,668,6628,842,112,112
msg,0,76,705,5962,818,112,112
msg,0,77,676,6845,853,112,112
msg,0,78,700,15295,850,112,112
msg,0,79,704,6067,847,112,112
msg,0,80,700,6038,851,112,112
msg,0,81,699,18803,819,112,112
msg,0,82,674,5882,847,112,112
msg,0,83,701,8364,857,112,112
msg,0,84,702,7849,855,112,112
msg,0,85,703,7208,849,112,112
msg,0,86,712,9706,847,112,112
msg,0,87,680,18423,818,112,112
msg,0,88,773,6105,1388,112,112
msg,0,89,709,20076,853,112,112
msg,0,90,699,5913,822,112,112
msg,0,91,671,5612,856,112,112
msg,0,92,704,6249,855,112,112
msg,0,93,707,5627,947,112,112
msg,0,94,675,6020,850,112,112
msg,0,95,704,5846,851,112,112
msg,0,96,700,5864,822,112,112
msg,0,97,671,13986,856,112,112
msg,0,98,796,14239,851,112,112
msg,0,99,670,20731,853,112,112
msg,0,100,703,5855,818,112,112
msg,0,101,672,5767,853,112,112
msg,0,102,704,6465,849,112,112
msg,0,103,702,5920,852,112,112
msg,0,104,703,5739,817,112,112
msg,0,105,673,5797,846,112,112
msg,0,106,702,18988,843,112,112
msg,0,107,704,5540,852,112,112
msg,0,108,703,19839,851,112,112
msg,0,109,709,6062,816,112,112
msg,0,110,676,5581,847,112,112
msg,0,111,710,6653,844,112,112
msg,0,112,680,5904,852,112,112
msg,0,113,699,6212,847,112,112
msg,0,114,698,8745,822,112,112
msg,0,115,677,17824,856,112,112
msg,0,116,697,6201,850,112,112
msg,0,117,703,8092,863,112,112
msg,0,118,704,13094,846,112,112
msg,0,119,711,6672,852,112,112
msg,0,120,698,6057,848,112,112
msg,0,121,702,6951,846,112,112
msg,0,122,701,7675,857,112,112
msg,0,123,694,5822,850,112,112
msg,0,124,707,6815,820,112,112
msg,0,125,669,20073,848,112,112
msg,0,126,684,6922,851,112,112
msg,0,127,704,9440,853,112,112
msg,0,128,672,11916,849,112,112
msg,0,129,702,5608,851,112,112
msg,0,130,671,5627,848,112,112
msg,0,131,707,5831,853,112,112
msg,0,132,677,8842,855,112,112
msg,0,133,700,5912,851,112,112
msg,0,134,704,7413,851,112,112
msg,0,135,713,18404,857,112,112
msg,0,136,704,5854,857,112,112
msg,0,137,699,18249,849,112,112
msg,0,138,715,6305,849,112,112
msg,0,139,698,6818,821,112,112
msg,0,140,676,7906,854,112,112
msg,0,141,700,6934,851,112,112
msg,0,142,701,7237,846,112,112
msg,0,143,698,5948,821,112,112
msg,0,144,688,16012,850,112,112
msg,0,145,701,6003,856,112,112
msg,0,146,879,7692,851,112,112
msg,0,147,702,16313,850,112,112
msg,0,148,702,7086,848,112,112
msg,0,149,699,6731,856,112,112
msg,0,150,696,6948,848,112,112
msg,0,151,702,6184,847,112,112
msg,0,152,710,6151,847,112,112
msg,0,153,700,22493,853,112,112
msg,0,154,712,6642,824,112,112
msg,0,155,670,7942,857,112,112
msg,0,156,701,16069,852,112,112
msg,0,157,704,5949,1363,112,112
msg,0,158,704,7557,849,112,112
msg,0,159,674,6512,855,112,112
msg,0,160,704,6415,854,112,112
msg,0,161,708,5750,846,112,112
msg,0,162,673,7707,852,112,112
msg,0,163,707,16337,852,112,112
msg,0,164,707,5993,858,112,112
msg,0,165,706,19924,848,112,112
msg,0,166,713,7018,849,112,112
msg,0,167,707,6388,854,112,112
msg,0,168,710,6045,846,112,112
msg,0,169,698,5507,851,112,112
msg,0,170,704,6056,948,112,112
msg,0,171,704,8978,848,112,112
msg,0,172,679,19687,854,112,112
msg,0,173,712,30697,819,112,112
msg,0,174,672,14274,823,112,112
msg,0,175,676,5981,849,112,112
msg,0,176,700,5771,848,112,112
msg,0,177,708,7090,846,112,112
msg,0,178,703,6059,823,112,112
msg,0,179,671,19530,855,112,112
msg,0,180,713,6023,847,112,112
msg,0,181,674,21438,849,112,112
msg,0,182,703,8219,848,112,112
msg,0,183,705,6323,856,112,112
msg,0,184,706,6558,838,112,112
msg,0,185,701,5982,852,112,112
msg,0,186,694,7929,850,112,112
msg,0,187,710,6182,848,112,112
msg,0,188,708,20252,846,112,112
msg,0,189,704,5572,852,112,112
msg,0,190,707,8643,819,112,112
msg,0,191,672,11927,950,112,112
msg,0,192,705,6839,846,112,112
msg,0,193,704,6761,852,112,112
msg,0,194,673,6619,851,112,112
msg,0,195,706,6489,850,112,112
msg,0,196,700,6115,858,112,112
msg,0,197,706,5940,845,112,112
msg,0,198,707,16221,852,112,112
msg,0,199,701,5881,851,112,112
whole,0,440.721,2633.143,200
1,23.4790,404.4850,12.3050,440.2690,1387,1837,45,568,2,12,3,18,168292,66238.0,70047.0,195314.0,0.0,2,2,2,0
msg,1,0,864,5906,856,112,112
msg,1,1,708,5868,846,112,112
msg,1,2,698,6728,854,112,112
msg,1,3,710,8081,848,112,112
msg,1,4,697,15725,925,112,112
msg,1,5,701,8395,850,112,112
msg,1,6,709,17772,858,112,112
msg,1,7,672,8964,850,112,112
msg,1,8,698,5901,846,112,112
msg,1,9,696,7745,851,112,112
msg,1,10,700,6679,844,112,112
msg,1,11,698,5496,858,112,112
msg,1,12,711,6568,856,112,112
msg,1,13,674,18372,823,112,112
msg,1,14,676,5734,855,112,112
msg,1,15,705,5579,852,112,112
msg,1,16,687,19679,854,112,112
msg,1,17,700,5880,820,112,112
msg,1,18,672,5823,850,112,112
msg,1,19,704,5754,817,112,112
msg,1,20,670,5674,948,112,112
msg,1,21,707,5905,844,112,112
msg,1,22,700,5439,857,112,112
msg,1,23,704,18652,824,112,112
msg,1,24,675,7754,854,112,112
msg,1,25,702,9297,853,112,112
msg,1,26,712,16232,851,112,112
msg,1,27,704,5843,844,112,112
msg,1,28,702,7082,924,112,112
msg,1,29,672,7620,853,112,112
msg,1,30,699,7999,852,112,112
msg,1,31,716,6471,859,112,112
msg,1,32,704,18414,854,112,112
msg,1,33,679,6015,851,112,112
msg,1,34,710,19352,849,112,112
msg,1,35,676,6256,855,112,112
msg,1,36,671,6745,850,112,112
msg,1,37,703,6026,846,112,112
msg,1,38,698,8842,857,112,112
msg,1,39,697,5881,1010,112,112
msg,1,40,702,6962,848,112,112
msg,1,41,702,19011,831,112,112
msg,1,42,670,5462,850,112,112
msg,1,43,703,20915,908,112,112
msg,1,44,673,8943,852,112,112
msg,1,45,701,7179,859,112,112
msg,1,46,684,7266,850,112,112
msg,1,47,671,6173,852,112,112
msg,1,48,673,6091,863,112,112
msg,1,49,701,5595,822,112,112
msg,1,50,674,15647,849,112,112
msg,1,51,715,5591,1448,112,112
msg,1,52,724,6384,851,112,112
msg,1,53,706,19746,841,112,112
msg,1,54,669,5657,856,112,112
msg,1,55,694,7602,853,112,112
msg,1,56,677,6088,851,112,112
msg,1,57,716,6241,987,112,112
msg,1,58,676,5703,848,112,112
msg,1,59,700,6326,853,112,112
msg,1,60,706,16813,841,112,112
msg,1,61,680,6239,819,112,112
msg,1,62,682,19972,849,112,112
msg,1,63,701,6928,853,112,112
msg,1,64,701,6126,851,112,112
msg,1,65,704,6122,947,112,112
msg,1,66,698,6023,845,112,112
msg,1,67,697,7274,851,112,112
msg,1,68,700,8561,856,112,112
msg,1,69,705,21480,944,112,112
msg,1,70,672,7842,856,112,112
msg,1,71,700,22342,856,112,112
msg,1,72,699,6349,849,112,112
msg,1,73,669,7860,857,112,112
msg,1,74,702,7455,853,112,112
msg,1,75,703,6842,854,112,112
msg,1,76,701,8109,851,112,112
msg,1,77,707,18420,954,112,112
msg,1,78,695,5952,845,112,112
msg,1,79,706,19735,849,112,112
msg,1,80,682,6177,849,112,112
msg,1,81,697,6527,821,112,112
msg,1,82,674,9107,821,112,112
msg,1,83,672,6064,854,112,112
msg,1,84,699,6367,856,112,112
msg,1,85,675,10231,854,112,112
msg,1,86,670,16156,847,112,112
msg,1,87,673,5642,848,112,112
msg,1,88,699,19732,854,112,112
msg,1,89,707,9236,849,112,112
msg,1,90,703,6212,856,112,112
msg,1,91,708,6985,857,112,112
msg,1,92,725,5673,845,112,112
msg,1,93,702,6398,851,112,112
msg,1,94,703,6971,844,112,112
msg,1,95,672,18310,848,112,112
msg,1,96,706,9287,849,112,112
msg,1,97,707,20991,822,112,112
msg,1,98,684,6053,849,112,112
msg,1,99,675,6926,851,112,112
msg,1,100,709,10868,847,112,112
msg,1,101,700,8314,851,112,112
msg,1,102,707,7485,856,112,112
msg,1,103,708,17730,822,112,112
msg,1,104,674,6054,853,112,112
msg,1,105,671,5842,848,112,112
msg,1,106,697,16093,848,112,112
msg,1,107,700,5859,818,112,112
msg,1,108,674,6364,820,112,112
msg,1,109,674,5611,854,112,112
msg,1,110,709,5906,840,112,112
msg,1,111,682,5706,851,112,112
msg,1,112,704,9224,855,112,112
msg,1,113,705,18468,859,112,112
msg,1,114,675,6761,843,112,112
msg,1,115,704,9535,852,112,112
msg,1,116,702,9900,848,112,112
msg,1,117,704,5987,846,112,112
msg,1,118,674,6352,846,112,112
msg,1,119,702,5941,824,112,112
msg,1,120,669,5665,853,112,112
msg,1,121,709,5578,859,112,112
msg,1,122,675,8463,823,112,112
msg,1,123,674,20250,817,112,112
msg,1,124,674,6572,951,112,112
msg,1,125,716,18985,842,112,112
msg,1,126,710,6110,849,112,112
msg,1,127,674,5739,851,112,112
msg,1,128,697,6017,851,112,112
msg,1,129,698,6009,847,112,112
msg,1,130,698,5629,954,112,112
msg,1,131,707,6042,852,112,112
msg,1,132,703,5972,849,112,112
msg,1,133,708,15932,822,112,112
msg,1,134,678,6228,819,112,112
msg,1,135,679,5999,854,112,112
msg,1,136,721,16252,847,112,112
msg,1,137,710,6034,858,112,112
msg,1,138,703,6007,851,112,112
msg,1,139,702,5659,850,112,112
msg,1,140,677,7795,947,112,112
msg,1,141,700,6254,856,112,112
msg,1,142,703,5904,844,112,112
msg,1,143,1301,19757,853,112,112
msg,1,144,705,5662,846,112,112
msg,1,145,699,18343,854,112,112
msg,1,146,671,6150,851,112,112
msg,1,147,673,5855,851,112,112
msg,1,148,705,5655,854,112,112
msg,1,149,673,5856,850,112,112
msg,1,150,704,5737,820,112,112
msg,1,151,669,6079,854,112,112
msg,1,152,673,5751,849,112,112
msg,1,153,715,17034,847,112,112
msg,1,154,701,7869,853,112,112
msg,1,155,680,18337,820,112,112
msg,1,156,705,6165,821,112,112
msg,1,157,671,5702,856,112,112
msg,1,158,706,6200,853,112,112
msg,1,159,706,6221,945,112,112
msg,1,160,701,6650,823,112,112
msg,1,161,680,7667,856,112,112
msg,1,162,710,18508,854,112,112
msg,1,163,700,5752,847,112,112
msg,1,164,698,6264,850,112,112
msg,1,165,706,21325,852,112,112
msg,1,166,700,5822,820,112,112
msg,1,167,673,5979,849,112,112
msg,1,168,691,6150,844,112,112
msg,1,169,698,6875,854,112,112
msg,1,170,701,6364,853,112,112
msg,1,171,698,6986,849,112,112
msg,1,172,707,12697,836,112,112
msg,1,173,697,7062,850,112,112
msg,1,174,709,6128,850,112,112
msg,1,175,705,17736,815,112,112
msg,1,176,672,6650,852,112,112
msg,1,177,707,6155,853,112,112
msg,1,178,710,6076,844,112,112
msg,1,179,707,6909,848,112,112
msg,1,180,671,7482,819,112,112
msg,1,181,711,21357,844,112,112
msg,1,182,699,6509,850,112,112
msg,1,183,703,7437,939,112,112
msg,1,184,673,20958,854,112,112
msg,1,185,712,6736,849,112,112
msg,1,186,702,5882,944,112,112
msg,1,187,678,5965,854,112,112
msg,1,188,705,6025,846,112,112
msg,1,189,709,10798,826,112,112
msg,1,190,671,20405,845,112,112
msg,1,191,702,6396,848,112,112
msg,1,192,709,18267,851,112,112
msg,1,193,699,6177,856,112,112
msg,1,194,702,6211,852,112,112
msg,1,195,699,5939,842,112,112
msg,1,196,669,6115,824,112,112
msg,1,197,677,6313,818,112,112
msg,1,198,673,7931,852,112,112
msg,1,199,798,17831,854,112,112
whole,1,454.413,2645.767,200
2,5.6390,409.9790,21.0400,436.6580,1387,1839,45,568,2,12,3,18,168292,66227.0,70358.0,195111.0,0.0,2,2,2,0
msg,2,0,871,6733,855,112,112
msg,2,1,704,6096,847,112,112
msg,2,2,702,6101,849,112,112
msg,2,3,717,6110,842,112,112
msg,2,4,674,8385,846,112,112
msg,2,5,699,17479,850,112,112
msg,2,6,706,5753,818,112,112
msg,2,7,671,7021,852,112,112
msg,2,8,698,16668,846,112,112
msg,2,9,695,6466,852,112,112
msg,2,10,703,6505,850,112,112
msg,2,11,702,5920,854,112,112
msg,2,12,714,6146,851,112,112
msg,2,13,702,5607,853,112,112
msg,2,14,672,7707,850,112,112
msg,2,15,707,18498,853,112,112
msg,2,16,705,6158,856,112,112
msg,2,17,704,10909,851,112,112
msg,2,18,703,13041,936,112,112
msg,2,19,703,6447,851,112,112
msg,2,20,708,6281,848,112,112
msg,2,21,713,5819,814,112,112
msg,2,22,675,6632,847,112,112
msg,2,23,708,5634,952,112,112
msg,2,24,672,5904,849,112,112
msg,2,25,713,18218,852,112,112
msg,2,26,698,6098,852,112,112
msg,2,27,702,19386,858,112,112
msg,2,28,708,6908,850,112,112
msg,2,29,702,5571,852,112,112
msg,2,30,700,5873,851,112,112
msg,2,31,695,7550,851,112,112
msg,2,32,701,12026,854,112,112
msg,2,33,707,5849,844,112,112
msg,2,34,665,18835,852,112,112
msg,2,35,702,6795,851,112,112
msg,2,36,701,19283,848,112,112
msg,2,37,701,6905,820,112,112
msg,2,38,673,6030,856,112,112
msg,2,39,672,6296,859,112,112
msg,2,40,678,6917,850,112,112
msg,2,41,703,6050,849,112,112
msg,2,42,704,6768,820,112,112
msg,2,43,667,15613,842,112,112
msg,2,44,706,6270,944,112,112
msg,2,45,707,6515,860,112,112
msg,2,46,707,14096,855,112,112
msg,2,47,698,7163,854,112,112
msg,2,48,704,6878,848,112,112
msg,2,49,702,6790,852,112,112
msg,2,50,771,8836,851,112,112
msg,2,51,701,6155,852,112,112
msg,2,52,697,7307,854,112,112
msg,2,53,703,13935,849,112,112
msg,2,54,696,6008,992,112,112
msg,2,55,698,6303,849,112,112
msg,2,56,711,18192,841,112,112
msg,2,57,696,6603,857,112,112
msg,2,58,707,6581,821,112,112
msg,2,59,676,7461,851,112,112
msg,2,60,694,6281,846,112,112
msg,2,61,705,5808,842,112,112
msg,2,62,677,5567,845,112,112
msg,2,63,700,17800,853,112,112
msg,2,64,707,6069,861,112,112
msg,2,65,705,5636,822,112,112
msg,2,66,674,18120,850,112,112
msg,2,67,671,6539,935,112,112
msg,2,68,701,6188,849,112,112
msg,2,69,702,7602,853,112,112
msg,2,70,701,6583,822,112,112
msg,2,71,673,9924,856,112,112
msg,2,72,708,19161,859,112,112
msg,2,73,869,6229,855,112,112
msg,2,74,704,5752,852,112,112
msg,2,75,714,17378,852,112,112
msg,2,76,696,5657,855,112,112
msg,2,77,674,5898,854,112,112
msg,2,78,704,6953,848,112,112
msg,2,79,702,6162,843,112,112
msg,2,80,700,5813,855,112,112
msg,2,81,672,5958,851,112,112
msg,2,82,700,19753,822,112,112
msg,2,83,674,6900,853,112,112
msg,2,84,707,18541,818,112,112
msg,2,85,674,6290,827,112,112
msg,2,86,668,6074,855,112,112
msg,2,87,668,5616,852,112,112
msg,2,88,702,7718,852,112,112
msg,2,89,708,7708,849,112,112
msg,2,90,702,6657,853,112,112
msg,2,91,711,19322,852,112,112
msg,2,92,675,5612,856,112,112
msg,2,93,702,5731,855,112,112
msg,2,94,810,16371,819,112,112
msg,2,95,676,5887,852,112,112
msg,2,96,696,6106,850,112,112
msg,2,97,697,5688,819,112,112
msg,2,98,674,6760,945,112,112
msg,2,99,698,8104,849,112,112
msg,2,100,699,7198,851,112,112
msg,2,101,803,16962,852,112,112
msg,2,102,715,5768,841,112,112
msg,2,103,701,20641,848,112,112
msg,2,104,696,8534,848,112,112
msg,2,105,703,8239,855,112,112
msg,2,106,705,5676,820,112,112
msg,2,107,671,7007,849,112,112
msg,2,108,707,6648,843,112,112
msg,2,109,705,6634,854,112,112
msg,2,110,712,18117,854,112,112
msg,2,111,698,7190,954,112,112
msg,2,112,705,19375,854,112,112
msg,2,113,703,6129,852,112,112
msg,2,114,706,5870,846,112,112
msg,2,115,709,6348,856,112,112
msg,2,116,707,6014,842,112,112
msg,2,117,698,5756,947,112,112
msg,2,118,675,8849,850,112,112
msg,2,119,703,16097,854,112,112
msg,2,120,703,6374,850,112,112
msg,2,121,698,6379,855,112,112
msg,2,122,702,18677,840,112,112
msg,2,123,671,5866,852,112,112
msg,2,124,703,7192,849,112,112
msg,2,125,711,5737,849,112,112
msg,2,126,710,6495,848,112,112
msg,2,127,696,5820,840,112,112
msg,2,128,675,5812,848,112,112
msg,2,129,705,15914,853,112,112
msg,2,130,702,8585,849,112,112
msg,2,131,700,5981,853,112,112
msg,2,132,704,16263,859,112,112
msg,2,133,711,5790,842,112,112
msg,2,134,667,7682,856,112,112
msg,2,135,720,5615,820,112,112
msg,2,136,673,7811,850,112,112
msg,2,137,704,7179,851,112,112
msg,2,138,704,6280,848,112,112
msg,2,139,699,15533,859,112,112
msg,2,140,671,6361,820,112,112
msg,2,141,676,20664,854,112,112
msg,2,142,703,5803,820,112,112
msg,2,143,672,6097,846,112,112
msg,2,144,708,5964,855,112,112
msg,2,145,701,5841,837,112,112
msg,2,146,672,5705,854,112,112
msg,2,147,700,6140,851,112,112
msg,2,148,699,6102,850,112,112
msg,2,149,701,17943,836,112,112
msg,2,150,673,6945,848,112,112
msg,2,151,697,17736,845,112,112
msg,2,152,702,5975,819,112,112
msg,2,153,672,9925,854,112,112
msg,2,154,700,11112,855,112,112
msg,2,155,701,7903,852,112,112
msg,2,156,708,8358,855,112,112
msg,2,157,706,20089,857,112,112
msg,2,158,710,6060,844,112,112
msg,2,159,704,17286,846,112,112
msg,2,160,702,6984,821,112,112
msg,2,161,768,5735,852,112,112
msg,2,162,698,5615,819,112,112
msg,2,163,669,6880,852,112,112
msg,2,164,718,5667,820,112,112
msg,2,165,669,9025,856,112,112
msg,2,166,695,17669,845,112,112
msg,2,167,714,6205,847,112,112
msg,2,168,701,7308,850,112,112
msg,2,169,708,15183,848,112,112
msg,2,170,698,6285,852,112,112
msg,2,171,700,6596,849,112,112
msg,2,172,702,7375,837,112,112
msg,2,173,673,8729,853,112,112
msg,2,174,701,5539,854,112,112
msg,2,175,703,22715,851,112,112
msg,2,176,700,6516,851,112,112
msg,2,177,708,6164,855,112,112
msg,2,178,714,17490,853,112,112
msg,2,179,706,6114,853,112,112
msg,2,180,710,6414,847,112,112
msg,2,181,712,6157,850,112,112
msg,2,182,699,7426,821,112,112
msg,2,183,681,5708,847,112,112
msg,2,184,717,6167,854,112,112
msg,2,185,698,18494,848,112,112
msg,2,186,885,6094,852,112,112
msg,2,187,672,10749,853,112,112
msg,2,188,713,13455,856,112,112
msg,2,189,709,6448,818,112,112
msg,2,190,672,5986,852,112,112
msg,2,191,700,9137,850,112,112
msg,2,192,720,6258,856,112,112
msg,2,193,677,8213,850,112,112
msg,2,194,674,24610,847,112,112
msg,2,195,703,6854,848,112,112
msg,2,196,673,14690,850,112,112
msg,2,197,700,6088,845,112,112
msg,2,198,708,5536,852,112,112
msg,2,199,695,5614,852,112,112
whole,2,451.832,2608.849,200
#heap 21388
#stack 2672
#end
#block pipeline TLS lorawan11 down
#aead LoRaWAN-1.1 AES-128-CTR+2xCMAC (BearSSL (arduino-pico)), downlink, 51 B payload + 13 B overhead
#lib wolfSSL 5.9.4
iter,tcp_ms,tls_ms,mqtt_ms,total_ms,hs_tx_B,hs_rx_B,mqtt_tx_B,mqtt_rx_B,hs_writes,hs_reads,writes,reads,free_heap_B,hs_keygen_us,hs_derive_us,hs_verify_us,hs_sign_us,hs_keygen_n,hs_derive_n,hs_verify_n,hs_sign_n
msg,iter,idx,seal_us,rtt_us,open_us,tx_B,rx_B
whole,iter,first_ms,all_ms,msgs
#suite TLS13-AES256-GCM-SHA384
0,5.4990,391.1480,12.4480,409.0950,1387,1838,45,568,2,12,3,18,168292,66345.0,70240.0,195292.0,0.0,2,2,2,0
msg,0,0,603,7210,564,112,112
msg,0,1,412,16901,593,112,112
msg,0,2,412,5857,592,112,112
msg,0,3,413,6055,589,112,112
msg,0,4,441,16847,556,112,112
msg,0,5,437,6820,554,112,112
msg,0,6,443,6044,556,112,112
msg,0,7,418,6779,557,112,112
msg,0,8,417,8219,591,112,112
msg,0,9,443,6024,555,112,112
msg,0,10,442,9604,593,112,112
msg,0,11,443,17572,598,112,112
msg,0,12,439,6026,554,112,112
msg,0,13,449,5722,556,112,112
msg,0,14,441,19146,589,112,112
msg,0,15,407,6518,556,112,112
msg,0,16,415,6562,557,112,112
msg,0,17,442,5719,591,112,112
msg,0,18,451,6120,556,112,112
msg,0,19,413,6346,594,112,112
msg,0,20,445,8242,587,112,112
msg,0,21,412,18516,560,112,112
msg,0,22,407,5712,558,112,112
msg,0,23,444,5608,588,112,112
msg,0,24,440,17432,589,112,112
msg,0,25,414,6800,588,112,112
msg,0,26,417,5810,589,112,112
msg,0,27,445,5709,597,112,112
msg,0,28,442,6622,592,112,112
msg,0,29,411,5805,587,112,112
msg,0,30,415,5560,585,112,112
msg,0,31,414,6357,552,112,112
msg,0,32,440,17157,559,112,112
msg,0,33,416,6005,586,112,112
msg,0,34,410,5679,589,112,112
msg,0,35,408,19655,562,112,112
msg,0,36,410,7021,588,112,112
msg,0,37,411,6182,561,112,112
msg,0,38,445,5779,556,112,112
msg,0,39,445,5902,552,112,112
msg,0,40,420,6459,590,112,112
msg,0,41,440,5629,593,112,112
msg,0,42,545,5767,591,112,112
msg,0,43,447,14227,557,112,112
msg,0,44,414,5976,588,112,112
msg,0,45,410,6051,587,112,112
msg,0,46,452,20186,555,112,112
msg,0,47,415,5825,554,112,112
msg,0,48,411,6299,582,112,112
msg,0,49,450,6313,589,112,112
msg,0,50,414,5652,558,112,112
msg,0,51,411,6943,588,112,112
msg,0,52,413,7894,595,112,112
msg,0,53,412,18367,560,112,112
msg,0,54,412,6008,591,112,112
msg,0,55,408,6980,594,112,112
msg,0,56,406,19205,558,112,112
msg,0,57,446,6223,592,112,112
msg,0,58,418,7094,590,112,112
msg,0,59,439,6586,592,112,112
msg,0,60,453,6203,564,112,112
msg,0,61,415,5998,588,112,112
msg,0,62,413,8137,592,112,112
msg,0,63,441,17135,556,112,112
msg,0,64,417,6006,594,112,112
msg,0,65,413,5844,592,112,112
msg,0,66,411,16612,561,112,112
msg,0,67,409,7075,586,112,112
msg,0,68,408,6293,555,112,112
msg,0,69,415,5746,555,112,112
msg,0,70,415,7006,558,112,112
msg,0,71,415,7614,557,112,112
msg,0,72,415,6080,587,112,112
msg,0,73,411,6058,590,112,112
msg,0,74,449,16862,588,112,112
msg,0,75,443,5625,589,112,112
msg,0,76,453,5496,586,112,112
msg,0,77,409,18117,589,112,112
msg,0,78,446,7391,587,112,112
msg,0,79,408,5643,594,112,112
msg,0,80,414,5540,555,112,112
msg,0,81,415,7264,595,112,112
msg,0,82,441,6127,561,112,112
msg,0,83,410,8444,587,112,112
msg,0,84,442,17180,550,112,112
msg,0,85,415,6092,590,112,112
msg,0,86,1040,5652,559,112,112
msg,0,87,447,19371,594,112,112
msg,0,88,412,6790,589,112,112
msg,0,89,442,5739,586,112,112
msg,0,90,439,5692,591,112,112
msg,0,91,408,6039,589,112,112
msg,0,92,447,5930,554,112,112
msg,0,93,417,6011,558,112,112
msg,0,94,412,6271,585,112,112
msg,0,95,443,14269,555,112,112
msg,0,96,407,6571,557,112,112
msg,0,97,410,6898,559,112,112
msg,0,98,411,19795,556,112,112
msg,0,99,413,6684,558,112,112
msg,0,100,411,7135,589,112,112
msg,0,101,410,5731,591,112,112
msg,0,102,413,6741,748,112,112
msg,0,103,415,6686,596,112,112
msg,0,104,423,7667,585,112,112
msg,0,105,411,18205,589,112,112
msg,0,106,444,5946,554,112,112
msg,0,107,414,5900,558,112,112
msg,0,108,416,17141,590,112,112
msg,0,109,411,7007,591,112,112
msg,0,110,439,6780,586,112,112
msg,0,111,440,8308,592,112,112
msg,0,112,410,6486,563,112,112
msg,0,113,414,6298,593,112,112
msg,0,114,443,7051,555,112,112
msg,0,115,454,15834,558,112,112
msg,0,116,413,6142,593,112,112
msg,0,117,408,5826,589,112,112
msg,0,118,411,16955,592,112,112
msg,0,119,443,9830,589,112,112
msg,0,120,447,6248,588,112,112
msg,0,121,411,5978,590,112,112
msg,0,122,410,5666,596,112,112
msg,0,123,412,5648,586,112,112
msg,0,124,412,5831,585,112,112
msg,0,125,411,5761,592,112,112
msg,0,126,412,17303,552,112,112
msg,0,127,438,5943,558,112,112
msg,0,128,412,6527,585,112,112
msg,0,129,442,16515,588,112,112
msg,0,130,443,7064,556,112,112
msg,0,131,442,6731,557,112,112
msg,0,132,442,5784,550,112,112
msg,0,133,442,5579,589,112,112
msg,0,134,444,5917,556,112,112
msg,0,135,445,6270,588,112,112
msg,0,136,412,20117,590,112,112
msg,0,137,441,6041,559,112,112
msg,0,138,414,5914,562,112,112
msg,0,139,413,22746,557,112,112
msg,0,140,425,5737,554,112,112
msg,0,141,427,5924,556,112,112
msg,0,142,416,6113,585,112,112
msg,0,143,441,6526,590,112,112
msg,0,144,411,6274,555,112,112
msg,0,145,439,7312,593,112,112
msg,0,146,409,17148,591,112,112
msg,0,147,448,6254,584,112,112
msg,0,148,415,6698,588,112,112
msg,0,149,409,18989,594,112,112
msg,0,150,415,6538,587,112,112
msg,0,151,421,6550,558,112,112
msg,0,152,415,5850,563,112,112
msg,0,153,413,6184,590,112,112
msg,0,154,415,6009,586,112,112
msg,0,155,445,12466,589,112,112
msg,0,156,424,16773,588,112,112
msg,0,157,421,5869,593,112,112
msg,0,158,435,6232,559,112,112
msg,0,159,416,17431,591,112,112
msg,0,160,450,6256,556,112,112
msg,0,161,414,7379,563,112,112
msg,0,162,450,7138,561,112,112
msg,0,163,423,6023,596,112,112
msg,0,164,412,6641,589,112,112
msg,0,165,409,6129,583,112,112
msg,0,166,440,17679,590,112,112
msg,0,167,439,5556,593,112,112
msg,0,168,416,5889,589,112,112
msg,0,169,439,8133,552,112,112
msg,0,170,412,11772,558,112,112
msg,0,171,413,5950,561,112,112
msg,0,172,410,7322,745,112,112
msg,0,173,441,7058,558,112,112
msg,0,174,411,6248,588,112,112
msg,0,175,440,6581,594,112,112
msg,0,176,411,6922,586,112,112
msg,0,177,440,19549,589,112,112
msg,0,178,417,6028,684,112,112
msg,0,179,446,6686,590,112,112
msg,0,180,451,15624,586,112,112
msg,0,181,445,6354,593,112,112
msg,0,182,413,6852,591,112,112
msg,0,183,421,7480,558,112,112
msg,0,184,410,8005,593,112,112
msg,0,185,522,6332,554,112,112
msg,0,186,415,5972,557,112,112
msg,0,187,411,17280,589,112,112
msg,0,188,445,5999,555,112,112
msg,0,189,416,6263,590,112,112
msg,0,190,412,16369,557,112,112
msg,0,191,423,7021,587,112,112
msg,0,192,412,8004,594,112,112
msg,0,193,447,6709,592,112,112
msg,0,194,447,5666,593,112,112
msg,0,195,414,5784,591,112,112
msg,0,196,413,6403,558,112,112
msg,0,197,414,5999,586,112,112
msg,0,198,409,17182,592,112,112
msg,0,199,450,5897,556,112,112
whole,0,424.436,2398.596,200
1,6.5020,406.0530,13.5860,426.1410,1387,1837,45,568,2,12,3,18,168292,66262.0,70855.0,195341.0,0.0,2,2,2,0
msg,1,0,572,6340,563,112,112
msg,1,1,438,6942,562,112,112
msg,1,2,417,7054,589,112,112
msg,1,3,409,6491,558,112,112
msg,1,4,412,16716,557,112,112
msg,1,5,419,5969,587,112,112
msg,1,6,413,6746,584,112,112
msg,1,7,414,13324,597,112,112
msg,1,8,624,7425,589,112,112
msg,1,9,442,7546,589,112,112
msg,1,10,414,7906,589,112,112
msg,1,11,446,6147,553,112,112
msg,1,12,415,5965,559,112,112
msg,1,13,413,8239,596,112,112
msg,1,14,440,17562,585,112,112
msg,1,15,410,6494,555,112,112
msg,1,16,423,6157,589,112,112
msg,1,17,445,19306,561,112,112
msg,1,18,409,10345,588,112,112
msg,1,19,447,7347,583,112,112
msg,1,20,410,5659,557,112,112
msg,1,21,416,6107,594,112,112
msg,1,22,445,6735,587,112,112
msg,1,23,451,6451,588,112,112
msg,1,24,409,20921,592,112,112
msg,1,25,412,10153,556,112,112
msg,1,26,446,14250,597,112,112
msg,1,27,414,6142,589,112,112
msg,1,28,455,5976,556,112,112
msg,1,29,420,6154,592,112,112
msg,1,30,409,6603,590,112,112
msg,1,31,418,5770,593,112,112
msg,1,32,407,7822,588,112,112
msg,1,33,407,24850,587,112,112
msg,1,34,409,6354,558,112,112
msg,1,35,415,21142,595,112,112
msg,1,36,409,5837,587,112,112
msg,1,37,412,5985,590,112,112
msg,1,38,441,5909,557,112,112
msg,1,39,452,9216,591,112,112
msg,1,40,410,8410,557,112,112
msg,1,41,451,9526,589,112,112
msg,1,42,442,18908,555,112,112
msg,1,43,458,7819,558,112,112
msg,1,44,444,9274,746,112,112
msg,1,45,455,12266,555,112,112
msg,1,46,405,6229,588,112,112
msg,1,47,441,8529,588,112,112
msg,1,48,415,7506,556,112,112
msg,1,49,408,8208,688,112,112
msg,1,50,438,5824,589,112,112
msg,1,51,442,5940,557,112,112
msg,1,52,443,14174,584,112,112
msg,1,53,409,5820,588,112,112
msg,1,54,416,6313,561,112,112
msg,1,55,437,19985,559,112,112
msg,1,56,415,6293,587,112,112
msg,1,57,444,7308,559,112,112
msg,1,58,421,6328,586,112,112
msg,1,59,448,6215,589,112,112
msg,1,60,415,7875,588,112,112
msg,1,61,409,6395,560,112,112
msg,1,62,412,20082,588,112,112
msg,1,63,410,5789,595,112,112
msg,1,64,410,6649,556,112,112
msg,1,65,575,16651,585,112,112
msg,1,66,408,6284,594,112,112
msg,1,67,447,5702,589,112,112
msg,1,68,438,6363,592,112,112
msg,1,69,419,6654,588,112,112
msg,1,70,411,6707,587,112,112
msg,1,71,409,9645,559,112,112
msg,1,72,414,18695,557,112,112
msg,1,73,409,7716,558,112,112
msg,1,74,412,19628,560,112,112
msg,1,75,445,6629,594,112,112
msg,1,76,441,5553,592,112,112
msg,1,77,442,5579,593,112,112
msg,1,78,415,6336,558,112,112
msg,1,79,443,7420,589,112,112
msg,1,80,443,5756,593,112,112
msg,1,81,448,5635,590,112,112
msg,1,82,437,19823,593,112,112
msg,1,83,444,5842,587,112,112
msg,1,84,450,5548,596,112,112
msg,1,85,439,17632,594,112,112
msg,1,86,409,6625,594,112,112
msg,1,87,408,6820,593,112,112
msg,1,88,420,6108,595,112,112
msg,1,89,449,5601,591,112,112
msg,1,90,442,5768,593,112,112
msg,1,91,443,5937,557,112,112
msg,1,92,443,20052,556,112,112
msg,1,93,412,5938,587,112,112
msg,1,94,409,5829,590,112,112
msg,1,95,411,20622,552,112,112
msg,1,96,414,6534,553,112,112
msg,1,97,458,6798,555,112,112
msg,1,98,439,6552,588,112,112
msg,1,99,539,6224,592,112,112
msg,1,100,418,5965,595,112,112
msg,1,101,411,7735,587,112,112
msg,1,102,425,17500,556,112,112
msg,1,103,413,6051,591,112,112
msg,1,104,408,5791,590,112,112
msg,1,105,415,20524,589,112,112
msg,1,106,416,6672,559,112,112
msg,1,107,416,5699,553,112,112
msg,1,108,416,5866,559,112,112
msg,1,109,419,6345,590,112,112
msg,1,110,446,5721,591,112,112
msg,1,111,445,8188,556,112,112
msg,1,112,411,18670,562,112,112
msg,1,113,425,6082,584,112,112
msg,1,114,410,8441,559,112,112
msg,1,115,412,16770,562,112,112
msg,1,116,415,5651,554,112,112
msg,1,117,454,5830,556,112,112
msg,1,118,409,5805,556,112,112
msg,1,119,412,8619,556,112,112
msg,1,120,541,5641,559,112,112
msg,1,121,444,8494,591,112,112
msg,1,122,440,18112,555,112,112
msg,1,123,445,5959,561,112,112
msg,1,124,407,5783,557,112,112
msg,1,125,414,21109,583,112,112
msg,1,126,411,9696,590,112,112
msg,1,127,412,7264,553,112,112
msg,1,128,459,6651,596,112,112
msg,1,129,441,8958,557,112,112
msg,1,130,416,11497,560,112,112
msg,1,131,454,15116,554,112,112
msg,1,132,581,9210,592,112,112
msg,1,133,457,20490,592,112,112
msg,1,134,441,6463,587,112,112
msg,1,135,409,6310,592,112,112
msg,1,136,444,7042,557,112,112
msg,1,137,424,6195,591,112,112
msg,1,138,411,5992,588,112,112
msg,1,139,443,6110,662,112,112
msg,1,140,408,7071,591,112,112
msg,1,141,408,18029,593,112,112
msg,1,142,451,6127,556,112,112
msg,1,143,417,19301,585,112,112
msg,1,144,446,6649,593,112,112
msg,1,145,451,5512,590,112,112
msg,1,146,425,5795,589,112,112
msg,1,147,410,5671,591,112,112
msg,1,148,410,6695,570,112,112
msg,1,149,414,5781,589,112,112
msg,1,150,421,6429,558,112,112
msg,1,151,447,19699,559,112,112
msg,1,152,450,8684,594,112,112
msg,1,153,446,18745,595,112,112
msg,1,154,448,6635,586,112,112
msg,1,155,442,5990,557,112,112
msg,1,156,444,6457,589,112,112
msg,1,157,440,5858,589,112,112
msg,1,158,438,5867,553,112,112
msg,1,159,444,5655,587,112,112
msg,1,160,545,7605,595,112,112
msg,1,161,449,47501,596,112,112
msg,1,162,413,7249,558,112,112
msg,1,163,418,6452,586,112,112
msg,1,164,446,6403,585,112,112
msg,1,165,407,6647,552,112,112
msg,1,166,422,6636,551,112,112
msg,1,167,409,6535,554,112,112
msg,1,168,448,21457,594,112,112
msg,1,169,412,6521,591,112,112
msg,1,170,411,6528,559,112,112
msg,1,171,406,18804,557,112,112
msg,1,172,409,6616,554,112,112
msg,1,173,441,6214,594,112,112
msg,1,174,414,5876,590,112,112
msg,1,175,413,5939,591,112,112
msg,1,176,447,5461,687,112,112
msg,1,177,411,5757,585,112,112
msg,1,178,414,21518,560,112,112
msg,1,179,408,6117,588,112,112
msg,1,180,410,5834,595,112,112
msg,1,181,443,20036,561,112,112
msg,1,182,446,6523,586,112,112
msg,1,183,440,5987,557,112,112
msg,1,184,439,5539,587,112,112
msg,1,185,438,6142,559,112,112
msg,1,186,409,5714,560,112,112
msg,1,187,416,6403,587,112,112
msg,1,188,443,7379,585,112,112
msg,1,189,408,19875,594,112,112
msg,1,190,517,6815,596,112,112
msg,1,191,442,19344,559,112,112
msg,1,192,509,6137,589,112,112
msg,1,193,443,6576,590,112,112
msg,1,194,412,5824,597,112,112
msg,1,195,412,6325,555,112,112
msg,1,196,414,5755,559,112,112
msg,1,197,410,8093,583,112,112
msg,1,198,414,18539,560,112,112
msg,1,199,408,6960,587,112,112
whole,1,441.155,2536.967,200
2,16.7600,390.6540,22.6270,430.0410,1387,1838,45,568,2,12,3,18,168292,66333.0,70844.0,195180.0,0.0,2,2,2,0
msg,2,0,609,7868,559,112,112
msg,2,1,411,6063,589,112,112
msg,2,2,421,6898,597,112,112
msg,2,3,445,6334,557,112,112
msg,2,4,415,8723,564,112,112
msg,2,5,413,17284,590,112,112
msg,2,6,443,6112,557,112,112
msg,2,7,410,5983,555,112,112
msg,2,8,411,19553,559,112,112
msg,2,9,417,7632,556,112,112
msg,2,10,443,5705,589,112,112
msg,2,11,446,5777,557,112,112
msg,2,12,446,6759,558,112,112
msg,2,13,443,6580,591,112,112
msg,2,14,450,10023,559,112,112
msg,2,15,448,18512,589,112,112
msg,2,16,444,6533,680,112,112
msg,2,17,436,20810,591,112,112
msg,2,18,445,6458,590,112,112
msg,2,19,414,5963,591,112,112
msg,2,20,444,5560,588,112,112
msg,2,21,411,8303,559,112,112
msg,2,22,447,5963,558,112,112
msg,2,23,414,6184,592,112,112
msg,2,24,450,5642,594,112,112
msg,2,25,410,15227,557,112,112
msg,2,26,440,6024,558,112,112
msg,2,27,507,5610,557,112,112
msg,2,28,418,19816,557,112,112
msg,2,29,417,6786,556,112,112
msg,2,30,415,5751,560,112,112
msg,2,31,418,5665,559,112,112
msg,2,32,415,7383,590,112,112
msg,2,33,442,7527,589,112,112
msg,2,34,410,7386,559,112,112
msg,2,35,415,17960,556,112,112
msg,2,36,414,5802,591,112,112
msg,2,37,413,5572,557,112,112
msg,2,38,414,20693,555,112,112
msg,2,39,414,7078,589,112,112
msg,2,40,413,10229,589,112,112
msg,2,41,444,6636,586,112,112
msg,2,42,443,5666,597,112,112
msg,2,43,448,7689,596,112,112
msg,2,44,446,6671,597,112,112
msg,2,45,412,16369,556,112,112
msg,2,46,416,6572,558,112,112
msg,2,47,447,20869,556,112,112
msg,2,48,407,6590,559,112,112
msg,2,49,435,6203,580,112,112
msg,2,50,415,7782,589,112,112
msg,2,51,414,6740,561,112,112
msg,2,52,410,5903,590,112,112
msg,2,53,425,7584,555,112,112
msg,2,54,415,19118,590,112,112
msg,2,55,408,5756,585,112,112
msg,2,56,406,5787,593,112,112
msg,2,57,410,17325,558,112,112
msg,2,58,416,7263,692,112,112
msg,2,59,442,7281,561,112,112
msg,2,60,410,7540,558,112,112
msg,2,61,454,6042,589,112,112
msg,2,62,408,6756,557,112,112
msg,2,63,413,8394,557,112,112
msg,2,64,443,17457,590,112,112
msg,2,65,410,5972,591,112,112
msg,2,66,444,5622,592,112,112
msg,2,67,443,17429,584,112,112
msg,2,68,411,6716,586,112,112
msg,2,69,412,5725,554,112,112
msg,2,70,410,5572,559,112,112
msg,2,71,415,6503,594,112,112
msg,2,72,442,8733,592,112,112
msg,2,73,436,5724,586,112,112
msg,2,74,439,5944,556,112,112
msg,2,75,454,17084,552,112,112
msg,2,76,419,5700,556,112,112
msg,2,77,416,6109,583,112,112
msg,2,78,405,17358,559,112,112
msg,2,79,511,6713,558,112,112
msg,2,80,415,6061,592,112,112
msg,2,81,419,7309,561,112,112
msg,2,82,444,5789,557,112,112
msg,2,83,446,6210,592,112,112
msg,2,84,419,8361,558,112,112
msg,2,85,444,17265,598,112,112
msg,2,86,411,6416,556,112,112
msg,2,87,410,6283,590,112,112
msg,2,88,442,16169,556,112,112
msg,2,89,424,6368,593,112,112
msg,2,90,449,5709,585,112,112
msg,2,91,446,7252,560,112,112
msg,2,92,414,6059,590,112,112
msg,2,93,411,6439,555,112,112
msg,2,94,414,5847,554,112,112
msg,2,95,412,6718,555,112,112
msg,2,96,412,17952,589,112,112
msg,2,97,412,5806,583,112,112
msg,2,98,417,6311,557,112,112
msg,2,99,446,17868,558,112,112
msg,2,100,438,5736,553,112,112
msg,2,101,441,5997,554,112,112
msg,2,102,589,6566,562,112,112
msg,2,103,420,6144,588,112,112
msg,2,104,408,5942,588,112,112
msg,2,105,443,10414,583,112,112
msg,2,106,405,19081,591,112,112
msg,2,107,437,6036,553,112,112
msg,2,108,444,6334,593,112,112
msg,2,109,412,17708,584,112,112
msg,2,110,406,5950,588,112,112
msg,2,111,441,6619,592,112,112
msg,2,112,408,5827,589,112,112
msg,2,113,412,5644,589,112,112
msg,2,114,416,6092,592,112,112
msg,2,115,442,8010,552,112,112
msg,2,116,412,30863,555,112,112
msg,2,117,412,18540,557,112,112
msg,2,118,447,7602,588,112,112
msg,2,119,448,6666,594,112,112
msg,2,120,453,6153,555,112,112
msg,2,121,411,5657,560,112,112
msg,2,122,446,6054,563,112,112
msg,2,123,414,5830,587,112,112
msg,2,124,427,6136,587,112,112
msg,2,125,446,18413,589,112,112
msg,2,126,427,5804,583,112,112
msg,2,127,424,6559,554,112,112
msg,2,128,416,17525,559,112,112
msg,2,129,442,5828,555,112,112
msg,2,130,614,5611,557,112,112
msg,2,131,437,6344,587,112,112
msg,2,132,411,6135,554,112,112
msg,2,133,444,6707,559,112,112
msg,2,134,445,9032,561,112,112
msg,2,135,414,17275,591,112,112
msg,2,136,442,5809,586,112,112
msg,2,137,443,5619,593,112,112
msg,2,138,447,17198,557,112,112
msg,2,139,411,6877,557,112,112
msg,2,140,407,6096,595,112,112
msg,2,141,411,6999,591,112,112
msg,2,142,448,5820,590,112,112
msg,2,143,444,5830,744,112,112
msg,2,144,415,6112,588,112,112
msg,2,145,411,5727,587,112,112
msg,2,146,406,18534,557,112,112
msg,2,147,412,5965,588,112,112
msg,2,148,415,6037,599,112,112
msg,2,149,441,16494,591,112,112
msg,2,150,413,7461,560,112,112
msg,2,151,413,6036,586,112,112
msg,2,152,412,6056,592,112,112
msg,2,153,441,16687,586,112,112
msg,2,154,409,7637,591,112,112
msg,2,155,415,18755,587,112,112
msg,2,156,409,5668,584,112,112
msg,2,157,407,6169,685,112,112
msg,2,158,444,16926,559,112,112
msg,2,159,446,7211,593,112,112
msg,2,160,409,6768,592,112,112
msg,2,161,412,6077,584,112,112
msg,2,162,441,6333,586,112,112
msg,2,163,407,5757,584,112,112
msg,2,164,410,8470,556,112,112
msg,2,165,438,17677,558,112,112
msg,2,166,454,7430,588,112,112
msg,2,167,412,6954,583,112,112
msg,2,168,446,17326,587,112,112
msg,2,169,409,6401,557,112,112
msg,2,170,446,5540,587,112,112
msg,2,171,437,5577,583,112,112
msg,2,172,413,5586,588,112,112
msg,2,173,413,5628,556,112,112
msg,2,174,417,5593,558,112,112
msg,2,175,408,6137,587,112,112
msg,2,176,413,18327,557,112,112
msg,2,177,442,5799,561,112,112
msg,2,178,441,5999,554,112,112
msg,2,179,415,17429,557,112,112
msg,2,180,444,6824,558,112,112
msg,2,181,445,5850,558,112,112
msg,2,182,455,5710,555,112,112
msg,2,183,449,6066,555,112,112
msg,2,184,414,10697,560,112,112
msg,2,185,406,6048,595,112,112
msg,2,186,423,16831,591,112,112
msg,2,187,413,7023,591,112,112
msg,2,188,448,23285,589,112,112
msg,2,189,408,6839,591,112,112
msg,2,190,404,6041,585,112,112
msg,2,191,449,6387,586,112,112
msg,2,192,409,6697,558,112,112
msg,2,193,415,6885,588,112,112
msg,2,194,412,6071,583,112,112
msg,2,195,442,5998,561,112,112
msg,2,196,444,16959,558,112,112
msg,2,197,410,6002,581,112,112
msg,2,198,413,6191,587,112,112
msg,2,199,444,16447,596,112,112
whole,2,445.671,2478.480,200
#heap 21388
#stack 2672
#end
#block pipeline TLS lorawan11_256 up
#aead AES-256-CTR+2xCMAC (LoRaWAN 1.1 frame, 256-bit keys) (BearSSL (arduino-pico)), uplink, 51 B payload + 13 B overhead
#lib wolfSSL 5.9.4
iter,tcp_ms,tls_ms,mqtt_ms,total_ms,hs_tx_B,hs_rx_B,mqtt_tx_B,mqtt_rx_B,hs_writes,hs_reads,writes,reads,free_heap_B,hs_keygen_us,hs_derive_us,hs_verify_us,hs_sign_us,hs_keygen_n,hs_derive_n,hs_verify_n,hs_sign_n
msg,iter,idx,seal_us,rtt_us,open_us,tx_B,rx_B
whole,iter,first_ms,all_ms,msgs
#suite TLS13-AES256-GCM-SHA384
0,4.5790,398.6980,12.4600,415.7370,1387,1837,45,568,2,12,3,18,168292,66197.0,70360.0,195388.0,0.0,2,2,2,0
msg,0,0,1099,5767,1088,112,112
msg,0,1,929,5816,1081,112,112
msg,0,2,934,6557,1080,112,112
msg,0,3,934,16131,1088,112,112
msg,0,4,903,6013,1082,112,112
msg,0,5,940,29301,1080,112,112
msg,0,6,934,6622,1079,112,112
msg,0,7,1093,5868,1085,112,112
msg,0,8,940,7592,1078,112,112
msg,0,9,935,6437,1069,112,112
msg,0,10,935,6235,1081,112,112
msg,0,11,946,15985,1082,112,112
msg,0,12,928,5531,1171,112,112
msg,0,13,906,20175,1060,112,112
msg,0,14,927,8395,1080,112,112
msg,0,15,898,6474,1083,112,112
msg,0,16,945,5606,1075,112,112
msg,0,17,933,6934,1083,112,112
msg,0,18,1036,5673,1082,112,112
msg,0,19,946,6300,1092,112,112
msg,0,20,1526,18421,1074,112,112
msg,0,21,938,6079,1082,112,112
msg,0,22,931,20047,1088,112,112
msg,0,23,936,7714,1191,112,112
msg,0,24,943,6393,1085,112,112
msg,0,25,934,5765,1081,112,112
msg,0,26,903,5972,1082,112,112
msg,0,27,937,6179,1078,112,112
msg,0,28,930,5826,1083,112,112
msg,0,29,940,15545,1066,112,112
msg,0,30,931,5881,1076,112,112
msg,0,31,935,10072,1084,112,112
msg,0,32,936,10976,1080,112,112
msg,0,33,931,9272,1079,112,112
msg,0,34,934,7797,1074,112,112
msg,0,35,928,6765,1076,112,112
msg,0,36,940,6205,1083,112,112
msg,0,37,937,6466,1080,112,112
msg,0,38,1027,17958,1084,112,112
msg,0,39,1028,5676,1079,112,112
msg,0,40,928,42451,1089,112,112
msg,0,41,933,7293,1062,112,112
msg,0,42,935,5613,1092,112,112
msg,0,43,931,8505,1176,112,112
msg,0,44,933,19499,1082,112,112
msg,0,45,939,5664,1084,112,112
msg,0,46,932,10050,1081,112,112
msg,0,47,902,9584,1083,112,112
msg,0,48,933,6418,1079,112,112
msg,0,49,933,5797,1080,112,112
msg,0,50,932,7826,1078,112,112
msg,0,51,932,5902,1080,112,112
msg,0,52,937,7398,1066,112,112
msg,0,53,1034,20019,1076,112,112
msg,0,54,931,5681,1080,112,112
msg,0,55,935,5627,1067,112,112
msg,0,56,929,17650,1061,112,112
msg,0,57,933,6097,1080,112,112
msg,0,58,937,6661,1077,112,112
msg,0,59,938,5983,1083,112,112
msg,0,60,941,5806,1076,112,112
msg,0,61,940,5806,1083,112,112
msg,0,62,933,5519,1078,112,112
msg,0,63,930,14947,1081,112,112
msg,0,64,935,5786,1080,112,112
msg,0,65,931,5658,1084,112,112
msg,0,66,938,17858,1239,112,112
msg,0,67,931,5598,1083,112,112
msg,0,68,934,5712,1078,112,112
msg,0,69,931,7892,1085,112,112
msg,0,70,904,7168,1067,112,112
msg,0,71,936,5550,1083,112,112
msg,0,72,929,6227,1075,112,112
msg,0,73,935,14485,1156,112,112
msg,0,74,937,5662,1058,112,112
msg,0,75,940,19841,1062,112,112
msg,0,76,1103,5822,1079,112,112
msg,0,77,936,6065,1079,112,112
msg,0,78,934,5605,1074,112,112
msg,0,79,935,6223,1081,112,112
msg,0,80,932,8806,1099,112,112
msg,0,81,931,6151,1076,112,112
msg,0,82,932,17417,1059,112,112
msg,0,83,932,5524,1082,112,112
msg,0,84,1027,20350,1089,112,112
msg,0,85,948,8081,1083,112,112
msg,0,86,927,5700,1184,112,112
msg,0,87,928,5667,1085,112,112
msg,0,88,925,7813,1080,112,112
msg,0,89,941,6708,1074,112,112
msg,0,90,934,5590,1080,112,112
msg,0,91,930,16113,1091,112,112
msg,0,92,934,5650,1076,112,112
msg,0,93,928,19796,1096,112,112
msg,0,94,937,6045,1072,112,112
msg,0,95,944,5690,1155,112,112
msg,0,96,943,5807,1079,112,112
msg,0,97,935,5797,1080,112,112
msg,0,98,936,6703,1077,112,112
msg,0,99,935,7143,1082,112,112
msg,0,100,902,20277,1061,112,112
msg,0,101,936,5677,1057,112,112
msg,0,102,937,18547,1087,112,112
msg,0,103,931,6038,1064,112,112
msg,0,104,929,5985,1077,112,112
msg,0,105,936,5826,1081,112,112
msg,0,106,935,5975,1090,112,112
msg,0,107,941,5749,1085,112,112
msg,0,108,930,9711,1084,112,112
msg,0,109,927,17397,1073,112,112
msg,0,110,934,5824,1074,112,112
msg,0,111,932,19441,1095,112,112
msg,0,112,932,6106,1077,112,112
msg,0,113,934,7885,1079,112,112
msg,0,114,932,5899,1082,112,112
msg,0,115,933,7771,1083,112,112
msg,0,116,930,7612,1081,112,112
msg,0,117,934,5793,1075,112,112
msg,0,118,929,15996,1083,112,112
msg,0,119,905,5810,1176,112,112
msg,0,120,932,18520,1086,112,112
msg,0,121,930,5990,1082,112,112
msg,0,122,1030,5737,1087,112,112
msg,0,123,944,5695,1078,112,112
msg,0,124,946,5585,1081,112,112
msg,0,125,903,5623,1083,112,112
msg,0,126,933,9663,1084,112,112
msg,0,127,937,19122,1078,112,112
msg,0,128,927,7563,1087,112,112
msg,0,129,902,25865,1089,112,112
msg,0,130,929,6695,1078,112,112
msg,0,131,899,5805,1084,112,112
msg,0,132,1027,5911,1057,112,112
msg,0,133,937,5978,1073,112,112
msg,0,134,930,6857,1074,112,112
msg,0,135,931,22767,1076,112,112
msg,0,136,934,5903,1079,112,112
msg,0,137,929,15187,1085,112,112
msg,0,138,933,6283,1084,112,112
msg,0,139,925,5751,1080,112,112
msg,0,140,934,5602,1173,112,112
msg,0,141,937,5678,1077,112,112
msg,0,142,930,6227,1084,112,112
msg,0,143,903,10483,1079,112,112
msg,0,144,931,16771,1084,112,112
msg,0,145,935,5995,1083,112,112
msg,0,146,904,19674,1084,112,112
msg,0,147,1030,8233,1068,112,112
msg,0,148,929,5929,1596,112,112
msg,0,149,932,6000,1070,112,112
msg,0,150,934,6385,1086,112,112
msg,0,151,909,7463,1077,112,112
msg,0,152,931,6472,1065,112,112
msg,0,153,929,12498,1086,112,112
msg,0,154,926,5571,1082,112,112
msg,0,155,1050,5665,1084,112,112
msg,0,156,904,17784,1081,112,112
msg,0,157,905,5957,1077,112,112
msg,0,158,933,5696,1082,112,112
msg,0,159,928,5563,1082,112,112
msg,0,160,1034,6579,1081,112,112
msg,0,161,929,5869,1083,112,112
msg,0,162,904,5667,1075,112,112
msg,0,163,934,17473,1070,112,112
msg,0,164,940,5838,1081,112,112
msg,0,165,930,20187,1083,112,112
msg,0,166,932,8012,1063,112,112
msg,0,167,932,5581,1079,112,112
msg,0,168,935,5648,1081,112,112
msg,0,169,930,8416,1181,112,112
msg,0,170,938,10631,1084,112,112
msg,0,171,937,20433,1066,112,112
msg,0,172,937,6899,1082,112,112
msg,0,173,936,18448,1098,112,112
msg,0,174,945,6592,1077,112,112
msg,0,175,941,7384,1088,112,112
msg,0,176,928,5707,1075,112,112
msg,0,177,930,5643,1174,112,112
msg,0,178,933,5714,1080,112,112
msg,0,179,931,5945,1081,112,112
msg,0,180,930,18566,1076,112,112
msg,0,181,930,5805,1082,112,112
msg,0,182,933,21046,1085,112,112
msg,0,183,934,7260,1064,112,112
msg,0,184,1041,5756,1079,112,112
msg,0,185,925,5593,1061,112,112
msg,0,186,936,5620,1080,112,112
msg,0,187,937,5795,1088,112,112
msg,0,188,931,6089,1078,112,112
msg,0,189,1039,19517,1067,112,112
msg,0,190,925,6357,1082,112,112
msg,0,191,905,9132,1064,112,112
msg,0,192,931,9513,1083,112,112
msg,0,193,931,5587,1086,112,112
msg,0,194,904,5613,1081,112,112
msg,0,195,930,5677,1077,112,112
msg,0,196,939,5671,1076,112,112
msg,0,197,938,6121,1088,112,112
msg,0,198,930,7161,1076,112,112
msg,0,199,931,18842,1079,112,112
whole,0,431.554,2721.079,200
1,22.4250,405.6190,13.7540,441.7980,1387,1838,45,568,2,12,3,18,168292,66322.0,70344.0,195203.0,0.0,2,2,2,0
msg,1,0,1079,5918,1064,112,112
msg,1,1,947,5619,1086,112,112
msg,1,2,931,5644,1084,112,112
msg,1,3,929,5898,1194,112,112
msg,1,4,927,15474,1083,112,112
msg,1,5,926,5612,1081,112,112
msg,1,6,908,20654,1081,112,112
msg,1,7,932,6902,1082,112,112
msg,1,8,908,7858,1084,112,112
msg,1,9,928,5810,1077,112,112
msg,1,10,934,5734,1081,112,112
msg,1,11,927,5584,1177,112,112
msg,1,12,932,5646,1083,112,112
msg,1,13,904,17990,1082,112,112
msg,1,14,935,5544,1086,112,112
msg,1,15,908,20696,1080,112,112
msg,1,16,928,5933,1077,112,112
msg,1,17,929,7247,1073,112,112
msg,1,18,936,6174,1085,112,112
msg,1,19,903,7373,1075,112,112
msg,1,20,932,5821,1083,112,112
msg,1,21,934,5696,1237,112,112
msg,1,22,934,17270,1095,112,112
msg,1,23,937,5643,1093,112,112
msg,1,24,931,20087,1081,112,112
msg,1,25,932,5831,1079,112,112
msg,1,26,937,5806,1078,112,112
msg,1,27,934,5786,1081,112,112
msg,1,28,933,8675,1080,112,112
msg,1,29,934,5663,1072,112,112
msg,1,30,932,5828,1083,112,112
msg,1,31,929,18380,1097,112,112
msg,1,32,932,5515,1080,112,112
msg,1,33,905,5602,1075,112,112
msg,1,34,935,15562,1078,112,112
msg,1,35,940,7331,1082,112,112
msg,1,36,936,5644,1083,112,112
msg,1,37,927,5553,1172,112,112
msg,1,38,903,6025,1094,112,112
msg,1,39,936,6161,1080,112,112
msg,1,40,931,5799,1078,112,112
msg,1,41,927,16064,1079,112,112
msg,1,42,905,6291,1075,112,112
msg,1,43,937,23166,1082,112,112
msg,1,44,928,5683,1082,112,112
msg,1,45,934,5567,1078,112,112
msg,1,46,928,5633,1073,112,112
msg,1,47,931,5965,1082,112,112
msg,1,48,934,5715,1074,112,112
msg,1,49,937,6761,1078,112,112
msg,1,50,935,17180,1088,112,112
msg,1,51,934,5716,1085,112,112
msg,1,52,930,5576,1081,112,112
msg,1,53,928,14899,1085,112,112
msg,1,54,928,5778,1088,112,112
msg,1,55,1025,6724,1077,112,112
msg,1,56,932,6303,1082,112,112
msg,1,57,947,5906,1072,112,112
msg,1,58,930,5661,1083,112,112
msg,1,59,934,5574,1072,112,112
msg,1,60,942,17214,1087,112,112
msg,1,61,899,5600,1082,112,112
msg,1,62,927,5810,1080,112,112
msg,1,63,934,14812,1082,112,112
msg,1,64,931,5799,1080,112,112
msg,1,65,906,5849,1085,112,112
msg,1,66,929,6490,1637,112,112
msg,1,67,947,7053,1083,112,112
msg,1,68,935,6224,1085,112,112
msg,1,69,929,6352,1076,112,112
msg,1,70,930,15424,1057,112,112
msg,1,71,929,6228,1171,112,112
msg,1,72,930,19564,1073,112,112
msg,1,73,933,6672,1074,112,112
msg,1,74,927,5848,1079,112,112
msg,1,75,1027,7001,1085,112,112
msg,1,76,903,6772,1080,112,112
msg,1,77,899,5952,1086,112,112
msg,1,78,938,8410,1081,112,112
msg,1,79,935,14901,1084,112,112
msg,1,80,903,5679,1077,112,112
msg,1,81,945,5634,1081,112,112
msg,1,82,940,15550,1075,112,112
msg,1,83,935,6614,1066,112,112
msg,1,84,929,5600,1089,112,112
msg,1,85,936,5586,1087,112,112
msg,1,86,932,5563,1237,112,112
msg,1,87,935,13412,1081,112,112
msg,1,88,931,15838,1083,112,112
msg,1,89,937,5621,1084,112,112
msg,1,90,929,5589,1061,112,112
msg,1,91,936,18831,1076,112,112
msg,1,92,939,5872,1076,112,112
msg,1,93,937,5564,1059,112,112
msg,1,94,930,5570,1087,112,112
msg,1,95,932,5761,1097,112,112
msg,1,96,939,5779,1101,112,112
msg,1,97,934,6071,1075,112,112
msg,1,98,1030,14732,1079,112,112
msg,1,99,937,6167,1079,112,112
msg,1,100,927,5626,1084,112,112
msg,1,101,904,17889,1079,112,112
msg,1,102,940,5849,1079,112,112
msg,1,103,935,7807,1089,112,112
msg,1,104,929,5615,1087,112,112
msg,1,105,1105,5554,1081,112,112
msg,1,106,927,5509,1083,112,112
msg,1,107,935,6082,1081,112,112
msg,1,108,937,16032,1076,112,112
msg,1,109,935,7720,1068,112,112
msg,1,110,933,18208,1080,112,112
msg,1,111,930,7950,1085,112,112
msg,1,112,931,5677,1082,112,112
msg,1,113,905,5554,1080,112,112
msg,1,114,933,8076,1084,112,112
msg,1,115,936,5583,1080,112,112
msg,1,116,927,5591,1076,112,112
msg,1,117,936,16928,1082,112,112
msg,1,118,934,5549,1081,112,112
msg,1,119,935,5558,1076,112,112
msg,1,120,1035,15305,1083,112,112
msg,1,121,934,5972,1062,112,112
msg,1,122,936,5973,1079,112,112
msg,1,123,934,7370,1093,112,112
msg,1,124,942,10414,1082,112,112
msg,1,125,942,8683,1083,112,112
msg,1,126,932,17081,1085,112,112
msg,1,127,932,6701,1081,112,112
msg,1,128,929,19107,1067,112,112
msg,1,129,931,6100,1082,112,112
msg,1,130,933,5601,1081,112,112
msg,1,131,934,7085,1085,112,112
msg,1,132,908,7419,1080,112,112
msg,1,133,930,6630,1160,112,112
msg,1,134,943,5886,1085,112,112
msg,1,135,937,17340,1097,112,112
msg,1,136,930,5541,1086,112,112
msg,1,137,1029,19942,1063,112,112
msg,1,138,936,6049,1077,112,112
msg,1,139,932,5683,1082,112,112
msg,1,140,945,8408,1082,112,112
msg,1,141,947,6213,1079,112,112
msg,1,142,931,5901,1081,112,112
msg,1,143,928,6672,1072,112,112
msg,1,144,934,14766,1080,112,112
msg,1,145,1035,5703,1084,112,112
msg,1,146,931,5531,1076,112,112
msg,1,147,934,16664,1059,112,112
msg,1,148,939,6356,1081,112,112
msg,1,149,908,5975,1257,112,112
msg,1,150,944,6844,1071,112,112
msg,1,151,939,5819,1071,112,112
msg,1,152,933,5588,1061,112,112
msg,1,153,934,5544,1082,112,112
msg,1,154,934,17580,1076,112,112
msg,1,155,949,5526,1169,112,112
msg,1,156,931,5594,1074,112,112
msg,1,157,931,53860,1089,112,112
msg,1,158,933,8115,1082,112,112
msg,1,159,932,18249,1073,112,112
msg,1,160,933,5573,1058,112,112
msg,1,161,944,19598,1084,112,112
msg,1,162,937,8753,1093,112,112
msg,1,163,935,5609,1088,112,112
msg,1,164,931,7042,1067,112,112
msg,1,165,932,6614,1076,112,112
msg,1,166,931,7879,1062,112,112
msg,1,167,932,5903,1067,112,112
msg,1,168,933,14629,1056,112,112
msg,1,169,930,6458,1085,112,112
msg,1,170,916,19699,1084,112,112
msg,1,171,933,8022,1081,112,112
msg,1,172,1111,5630,1093,112,112
msg,1,173,926,7075,1076,112,112
msg,1,174,936,7313,1081,112,112
msg,1,175,928,5995,1070,112,112
msg,1,176,934,5635,1095,112,112
msg,1,177,926,16217,1077,112,112
msg,1,178,944,5597,1073,112,112
msg,1,179,935,19982,1081,112,112
msg,1,180,933,5992,1084,112,112
msg,1,181,1099,5650,1089,112,112
msg,1,182,928,5681,1080,112,112
msg,1,183,906,5592,1076,112,112
msg,1,184,933,5670,1080,112,112
msg,1,185,938,8709,1074,112,112
msg,1,186,931,18694,1084,112,112
msg,1,187,932,5795,1079,112,112
msg,1,188,933,19056,1074,112,112
msg,1,189,927,6875,1082,112,112
msg,1,190,900,6766,1083,112,112
msg,1,191,907,5758,1076,112,112
msg,1,192,902,5715,1082,112,112
msg,1,193,934,5675,1079,112,112
msg,1,194,934,6949,1091,112,112
msg,1,195,935,19387,1079,112,112
msg,1,196,933,5862,1083,112,112
msg,1,197,942,10027,1078,112,112
msg,1,198,1501,10874,1226,112,112
msg,1,199,932,5949,1083,112,112
whole,1,456.614,2692.076,200
2,4.3880,393.9000,12.3030,410.5910,1387,1839,45,568,2,12,3,18,168292,66228.0,70155.0,195368.0,0.0,2,2,2,0
msg,2,0,1095,5789,1082,112,112
msg,2,1,930,5777,1084,112,112
msg,2,2,936,6006,1081,112,112
msg,2,3,906,18837,1077,112,112
msg,2,4,931,5792,1168,112,112
msg,2,5,942,19034,1075,112,112
msg,2,6,936,6610,1060,112,112
msg,2,7,931,5589,1084,112,112
msg,2,8,931,5592,1081,112,112
msg,2,9,904,6009,1191,112,112
msg,2,10,931,6088,1079,112,112
msg,2,11,935,8093,1085,112,112
msg,2,12,1023,16054,1063,112,112
msg,2,13,933,5840,1069,112,112
msg,2,14,931,6240,1086,112,112
msg,2,15,931,17413,1080,112,112
msg,2,16,938,6125,1088,112,112
msg,2,17,920,5731,1083,112,112
msg,2,18,947,5707,1082,112,112
msg,2,19,943,6136,1086,112,112
msg,2,20,936,5847,1061,112,112
msg,2,21,944,5703,1095,112,112
msg,2,22,941,14873,1065,112,112
msg,2,23,943,6187,1079,112,112
msg,2,24,930,12417,1077,112,112
msg,2,25,935,11073,1079,112,112
msg,2,26,930,5819,1082,112,112
msg,2,27,935,5856,1083,112,112
msg,2,28,903,6093,1070,112,112
msg,2,29,939,5937,1075,112,112
msg,2,30,939,6477,1098,112,112
msg,2,31,946,6006,1078,112,112
msg,2,32,928,15978,1078,112,112
msg,2,33,934,5569,1076,112,112
msg,2,34,932,5539,1221,112,112
msg,2,35,934,15090,1082,112,112
msg,2,36,933,5554,1078,112,112
msg,2,37,928,6236,1081,112,112
msg,2,38,932,5491,1083,112,112
msg,2,39,936,5621,1178,112,112
msg,2,40,933,5677,1081,112,112
msg,2,41,934,6026,1083,112,112
msg,2,42,931,18486,1079,112,112
msg,2,43,934,8423,1073,112,112
msg,2,44,939,20271,1085,112,112
msg,2,45,942,5917,1097,112,112
msg,2,46,932,7839,1064,112,112
msg,2,47,936,7299,1077,112,112
msg,2,48,934,6387,1080,112,112
msg,2,49,932,9353,1081,112,112
msg,2,50,926,20611,1091,112,112
msg,2,51,906,6229,1225,112,112
msg,2,52,944,17461,1067,112,112
msg,2,53,942,8157,1081,112,112
msg,2,54,934,6353,1060,112,112
msg,2,55,1045,5605,1063,112,112
msg,2,56,931,5789,1062,112,112
msg,2,57,942,5555,1084,112,112
msg,2,58,929,5679,1090,112,112
msg,2,59,930,18780,1080,112,112
msg,2,60,929,6051,1226,112,112
msg,2,61,938,9814,1081,112,112
msg,2,62,929,9376,1077,112,112
msg,2,63,937,5551,1077,112,112
msg,2,64,913,5584,1086,112,112
msg,2,65,937,5614,1086,112,112
msg,2,66,934,5570,1075,112,112
msg,2,67,939,5534,1063,112,112
msg,2,68,931,6970,1077,112,112
msg,2,69,933,23375,1078,112,112
msg,2,70,933,54597,1094,112,112
msg,2,71,900,6150,1059,112,112
msg,2,72,929,5535,1191,112,112
msg,2,73,936,5909,1057,112,112
msg,2,74,932,14896,1074,112,112
msg,2,75,931,6454,1081,112,112
msg,2,76,933,9308,1076,112,112
msg,2,77,937,9715,1260,112,112
msg,2,78,935,7198,1059,112,112
msg,2,79,928,5593,1086,112,112
msg,2,80,935,6119,1074,112,112
msg,2,81,935,5677,1061,112,112
msg,2,82,933,5713,1062,112,112
msg,2,83,936,5623,1079,112,112
msg,2,84,940,17790,1092,112,112
msg,2,85,1107,5516,1086,112,112
msg,2,86,939,35000,1063,112,112
msg,2,87,936,5686,1061,112,112
msg,2,88,935,5488,1179,112,112
msg,2,89,934,5546,1083,112,112
msg,2,90,918,5583,1081,112,112
msg,2,91,937,5831,1080,112,112
msg,2,92,927,15186,1096,112,112
msg,2,93,932,5662,1080,112,112
msg,2,94,931,10427,1082,112,112
msg,2,95,934,10495,1076,112,112
msg,2,96,934,5811,1078,112,112
msg,2,97,928,5720,1069,112,112
msg,2,98,931,5764,1077,112,112
msg,2,99,1042,5635,1073,112,112
msg,2,100,945,6267,1084,112,112
msg,2,101,927,5902,1084,112,112
msg,2,102,940,18499,1083,112,112
msg,2,103,901,5607,1080,112,112
msg,2,104,930,18935,1081,112,112
msg,2,105,902,6465,1080,112,112
msg,2,106,933,5751,1077,112,112
msg,2,107,933,5747,1080,112,112
msg,2,108,952,6194,1082,112,112
msg,2,109,934,5675,1085,112,112
msg,2,110,900,8678,1086,112,112
msg,2,111,930,18228,1065,112,112
msg,2,112,928,6055,1081,112,112
msg,2,113,937,9882,1076,112,112
msg,2,114,932,10729,1081,112,112
msg,2,115,926,6021,1080,112,112
msg,2,116,900,5730,1078,112,112
msg,2,117,935,6005,1078,112,112
msg,2,118,930,5659,1086,112,112
msg,2,119,936,6027,1062,112,112
msg,2,120,929,5830,1066,112,112
msg,2,121,927,17734,1063,112,112
msg,2,122,932,5741,1062,112,112
msg,2,123,935,10612,1223,112,112
msg,2,124,945,9651,1087,112,112
msg,2,125,937,6356,1079,112,112
msg,2,126,938,8611,1077,112,112
msg,2,127,924,5983,1170,112,112
msg,2,128,903,5933,1083,112,112
msg,2,129,929,5760,1083,112,112
msg,2,130,929,19890,1067,112,112
msg,2,131,939,6065,1077,112,112
msg,2,132,932,6704,1073,112,112
msg,2,133,930,17228,1084,112,112
msg,2,134,903,5700,1089,112,112
msg,2,135,899,7420,1076,112,112
msg,2,136,933,7879,1077,112,112
msg,2,137,933,7303,1096,112,112
msg,2,138,936,8487,1084,112,112
msg,2,139,897,17833,1084,112,112
msg,2,140,926,5699,1072,112,112
msg,2,141,897,5633,1081,112,112
msg,2,142,943,15648,1084,112,112
msg,2,143,930,5542,1073,112,112
msg,2,144,938,8254,1085,112,112
msg,2,145,924,8846,1085,112,112
msg,2,146,935,6531,1082,112,112
msg,2,147,930,6918,1083,112,112
msg,2,148,927,20308,1082,112,112
msg,2,149,935,5703,1076,112,112
msg,2,150,933,8953,1078,112,112
msg,2,151,932,9708,1084,112,112
msg,2,152,938,6455,1061,112,112
msg,2,153,941,5616,1092,112,112
msg,2,154,931,5543,1082,112,112
msg,2,155,931,5774,1182,112,112
msg,2,156,932,5669,1081,112,112
msg,2,157,929,5612,1081,112,112
msg,2,158,901,18996,1091,112,112
msg,2,159,934,5705,1079,112,112
msg,2,160,930,19785,1094,112,112
msg,2,161,939,5763,1094,112,112
msg,2,162,929,5938,1064,112,112
msg,2,163,937,6275,1083,112,112
msg,2,164,926,5623,1076,112,112
msg,2,165,931,6224,1089,112,112
msg,2,166,935,7962,1072,112,112
msg,2,167,952,18281,1192,112,112
msg,2,168,932,6087,1256,112,112
msg,2,169,949,19345,1063,112,112
msg,2,170,940,6202,1078,112,112
msg,2,171,937,6122,1080,112,112
msg,2,172,932,7569,1078,112,112
msg,2,173,909,5647,1087,112,112
msg,2,174,934,6040,1088,112,112
msg,2,175,925,6033,1066,112,112
msg,2,176,931,18696,1064,112,112
msg,2,177,935,5529,1082,112,112
msg,2,178,933,19976,1064,112,112
msg,2,179,938,5863,1058,112,112
msg,2,180,935,5882,1077,112,112
msg,2,181,935,5835,1070,112,112
msg,2,182,930,5676,1077,112,112
msg,2,183,938,6791,1080,112,112
msg,2,184,949,8446,1098,112,112
msg,2,185,932,19424,1081,112,112
msg,2,186,933,5750,1082,112,112
msg,2,187,929,18351,1073,112,112
msg,2,188,933,6011,1082,112,112
msg,2,189,928,6177,1076,112,112
msg,2,190,929,6065,1163,112,112
msg,2,191,938,6043,1078,112,112
msg,2,192,931,7409,1078,112,112
msg,2,193,1101,6756,1083,112,112
msg,2,194,934,14758,1082,112,112
msg,2,195,938,5618,1072,112,112
msg,2,196,936,5706,1061,112,112
msg,2,197,934,17218,1182,112,112
msg,2,198,905,5550,1072,112,112
msg,2,199,935,5766,1079,112,112
whole,2,425.125,2661.839,200
#heap 21388
#stack 3176
#end
#block pipeline TLS lorawan11_256 down
#aead AES-256-CTR+2xCMAC (LoRaWAN 1.1 frame, 256-bit keys) (BearSSL (arduino-pico)), downlink, 51 B payload + 13 B overhead
#lib wolfSSL 5.9.4
iter,tcp_ms,tls_ms,mqtt_ms,total_ms,hs_tx_B,hs_rx_B,mqtt_tx_B,mqtt_rx_B,hs_writes,hs_reads,writes,reads,free_heap_B,hs_keygen_us,hs_derive_us,hs_verify_us,hs_sign_us,hs_keygen_n,hs_derive_n,hs_verify_n,hs_sign_n
msg,iter,idx,seal_us,rtt_us,open_us,tx_B,rx_B
whole,iter,first_ms,all_ms,msgs
#suite TLS13-AES256-GCM-SHA384
0,5.3810,399.4650,12.6230,417.4690,1387,1838,45,568,2,12,3,18,168292,66402.0,70166.0,195386.0,0.0,2,2,2,0
msg,0,0,737,5754,718,112,112
msg,0,1,543,6243,691,112,112
msg,0,2,545,6138,723,112,112
msg,0,3,571,14855,697,112,112
msg,0,4,553,9918,724,112,112
msg,0,5,573,24440,724,112,112
msg,0,6,541,5885,725,112,112
msg,0,7,574,7423,726,112,112
msg,0,8,575,5590,722,112,112
msg,0,9,579,5866,810,112,112
msg,0,10,543,5959,720,112,112
msg,0,11,584,7564,726,112,112
msg,0,12,580,17886,721,112,112
msg,0,13,548,6030,725,112,112
msg,0,14,574,5729,693,112,112
msg,0,15,545,17141,724,112,112
msg,0,16,579,7213,721,112,112
msg,0,17,681,7470,719,112,112
msg,0,18,572,6318,715,112,112
msg,0,19,550,5944,724,112,112
msg,0,20,575,6167,720,112,112
msg,0,21,575,7370,820,112,112
msg,0,22,592,17784,880,112,112
msg,0,23,550,6326,720,112,112
msg,0,24,577,5512,715,112,112
msg,0,25,581,16079,727,112,112
msg,0,26,580,7458,729,112,112
msg,0,27,581,6480,721,112,112
msg,0,28,576,5536,717,112,112
msg,0,29,576,6115,691,112,112
msg,0,30,556,5938,726,112,112
msg,0,31,574,7212,724,112,112
msg,0,32,548,19536,724,112,112
msg,0,33,575,5765,726,112,112
msg,0,34,577,5879,690,112,112
msg,0,35,549,17016,732,112,112
msg,0,36,578,6301,718,112,112
msg,0,37,572,8988,696,112,112
msg,0,38,567,6064,730,112,112
msg,0,39,579,5974,688,112,112
msg,0,40,644,5724,722,112,112
msg,0,41,545,6018,717,112,112
msg,0,42,576,18946,721,112,112
msg,0,43,552,5912,725,112,112
msg,0,44,578,5503,726,112,112
msg,0,45,575,16995,717,112,112
msg,0,46,548,6018,722,112,112
msg,0,47,571,5877,691,112,112
msg,0,48,548,5579,727,112,112
msg,0,49,549,6283,689,112,112
msg,0,50,547,7377,727,112,112
msg,0,51,580,7558,692,112,112
msg,0,52,550,17200,735,112,112
msg,0,53,572,5846,694,112,112
msg,0,54,548,5583,690,112,112
msg,0,55,558,27622,711,112,112
msg,0,56,547,5745,723,112,112
msg,0,57,572,5725,719,112,112
msg,0,58,577,6007,719,112,112
msg,0,59,545,5664,720,112,112
msg,0,60,574,8516,719,112,112
msg,0,61,578,20742,724,112,112
msg,0,62,576,5516,729,112,112
msg,0,63,578,5591,722,112,112
msg,0,64,588,13792,689,112,112
msg,0,65,547,9412,690,112,112
msg,0,66,547,5727,720,112,112
msg,0,67,550,5887,724,112,112
msg,0,68,586,5976,715,112,112
msg,0,69,552,5999,729,112,112
msg,0,70,564,8191,723,112,112
msg,0,71,587,17414,729,112,112
msg,0,72,577,5844,720,112,112
msg,0,73,572,5570,692,112,112
msg,0,74,545,20377,727,112,112
msg,0,75,577,5812,694,112,112
msg,0,76,549,5681,721,112,112
msg,0,77,555,5684,724,112,112
msg,0,78,575,7674,718,112,112
msg,0,79,575,6441,725,112,112
msg,0,80,578,7831,689,112,112
msg,0,81,553,16265,724,112,112
msg,0,82,574,5670,692,112,112
msg,0,83,553,5746,716,112,112
msg,0,84,546,19989,727,112,112
msg,0,85,571,5801,692,112,112
msg,0,86,550,5573,689,112,112
msg,0,87,540,6653,716,112,112
msg,0,88,545,5657,719,112,112
msg,0,89,545,6601,723,112,112
msg,0,90,576,7949,694,112,112
msg,0,91,573,17081,728,112,112
msg,0,92,575,5597,810,112,112
msg,0,93,571,5937,691,112,112
msg,0,94,546,19676,719,112,112
msg,0,95,544,6179,688,112,112
msg,0,96,544,5647,692,112,112
msg,0,97,552,5566,719,112,112
msg,0,98,549,5735,721,112,112
msg,0,99,590,7627,727,112,112
msg,0,100,611,9894,877,112,112
msg,0,101,581,16746,689,112,112
msg,0,102,550,5775,722,112,112
msg,0,103,556,6159,693,112,112
msg,0,104,545,16776,718,112,112
msg,0,105,553,6283,693,112,112
msg,0,106,650,6214,724,112,112
msg,0,107,580,5484,725,112,112
msg,0,108,575,6138,729,112,112
msg,0,109,581,5825,726,112,112
msg,0,110,579,8818,878,112,112
msg,0,111,544,16818,726,112,112
msg,0,112,582,6524,718,112,112
msg,0,113,577,5915,694,112,112
msg,0,114,548,19332,690,112,112
msg,0,115,549,6022,726,112,112
msg,0,116,581,6252,724,112,112
msg,0,117,548,5703,725,112,112
msg,0,118,580,5737,725,112,112
msg,0,119,580,5775,690,112,112
msg,0,120,552,8330,695,112,112
msg,0,121,573,20384,724,112,112
msg,0,122,579,5600,689,112,112
msg,0,123,581,6352,720,112,112
msg,0,124,581,16353,722,112,112
msg,0,125,576,5592,724,112,112
msg,0,126,588,6900,688,112,112
msg,0,127,547,6314,690,112,112
msg,0,128,553,6557,690,112,112
msg,0,129,558,6124,723,112,112
msg,0,130,571,6823,692,112,112
msg,0,131,542,19989,725,112,112
msg,0,132,574,6000,693,112,112
msg,0,133,549,21078,727,112,112
msg,0,134,579,8958,692,112,112
msg,0,135,556,5804,722,112,112
msg,0,136,546,6028,724,112,112
msg,0,137,575,6013,813,112,112
msg,0,138,578,5850,722,112,112
msg,0,139,580,7564,692,112,112
msg,0,140,545,17975,728,112,112
msg,0,141,587,6292,723,112,112
msg,0,142,544,6103,710,112,112
msg,0,143,575,20612,690,112,112
msg,0,144,549,6013,722,112,112
msg,0,145,576,6039,689,112,112
msg,0,146,544,6541,690,112,112
msg,0,147,552,6424,692,112,112
msg,0,148,540,6858,726,112,112
msg,0,149,548,6743,726,112,112
msg,0,150,575,15514,724,112,112
msg,0,151,580,6097,724,112,112
msg,0,152,548,5769,722,112,112
msg,0,153,569,19221,724,112,112
msg,0,154,562,6275,688,112,112
msg,0,155,560,5602,689,112,112
msg,0,156,547,6764,718,112,112
msg,0,157,575,7383,722,112,112
msg,0,158,555,6992,726,112,112
msg,0,159,578,9015,719,112,112
msg,0,160,544,16264,691,112,112
msg,0,161,549,5604,815,112,112
msg,0,162,550,5619,718,112,112
msg,0,163,579,13965,726,112,112
msg,0,164,569,7443,722,112,112
msg,0,165,585,5512,727,112,112
msg,0,166,572,6071,722,112,112
msg,0,167,577,7219,722,112,112
msg,0,168,547,7254,695,112,112
msg,0,169,544,5889,722,112,112
msg,0,170,576,19626,725,112,112
msg,0,171,579,6041,693,112,112
msg,0,172,547,5708,723,112,112
msg,0,173,546,19969,720,112,112
msg,0,174,575,5760,692,112,112
msg,0,175,546,5804,722,112,112
msg,0,176,545,5900,724,112,112
msg,0,177,577,5764,689,112,112
msg,0,178,558,7068,722,112,112
msg,0,179,571,8479,724,112,112
msg,0,180,583,16555,719,112,112
msg,0,181,577,5543,724,112,112
msg,0,182,578,5569,780,112,112
msg,0,183,547,16351,725,112,112
msg,0,184,579,6658,690,112,112
msg,0,185,549,5649,692,112,112
msg,0,186,548,6556,722,112,112
msg,0,187,545,5665,726,112,112
msg,0,188,582,6479,726,112,112
msg,0,189,575,6407,723,112,112
msg,0,190,545,6633,721,112,112
msg,0,191,576,16160,809,112,112
msg,0,192,544,5662,722,112,112
msg,0,193,578,5918,717,112,112
msg,0,194,574,13475,723,112,112
msg,0,195,573,6810,710,112,112
msg,0,196,553,5951,729,112,112
msg,0,197,586,5695,728,112,112
msg,0,198,570,5655,869,112,112
msg,0,199,554,9215,690,112,112
whole,0,431.754,2482.713,200
1,17.4610,396.4970,25.7790,439.7370,1387,1838,45,568,2,12,3,18,168292,66417.0,70160.0,195330.0,0.0,2,2,2,0
msg,1,0,740,12150,727,112,112
msg,1,1,577,31274,720,112,112
msg,1,2,559,6032,721,112,112
msg,1,3,580,17516,729,112,112
msg,1,4,578,5995,721,112,112
msg,1,5,574,6205,689,112,112
msg,1,6,558,17146,730,112,112
msg,1,7,578,5775,694,112,112
msg,1,8,555,5762,725,112,112
msg,1,9,542,6239,691,112,112
msg,1,10,545,5768,724,112,112
msg,1,11,545,5667,720,112,112
msg,1,12,579,7761,724,112,112
msg,1,13,589,17995,717,112,112
msg,1,14,542,6245,692,112,112
msg,1,15,549,5802,724,112,112
msg,1,16,549,19531,725,112,112
msg,1,17,547,6060,729,112,112
msg,1,18,576,6887,726,112,112
msg,1,19,545,5650,722,112,112
msg,1,20,578,6533,727,112,112
msg,1,21,590,5987,691,112,112
msg,1,22,551,7449,1224,112,112
msg,1,23,591,18742,724,112,112
msg,1,24,571,5526,720,112,112
msg,1,25,577,5742,686,112,112
msg,1,26,550,17679,722,112,112
msg,1,27,549,5968,859,112,112
msg,1,28,578,5977,721,112,112
msg,1,29,544,5652,721,112,112
msg,1,30,575,5624,723,112,112
msg,1,31,573,6146,723,112,112
msg,1,32,539,8505,721,112,112
msg,1,33,538,17957,718,112,112
msg,1,34,578,6134,716,112,112
msg,1,35,582,5666,725,112,112
msg,1,36,574,17919,693,112,112
msg,1,37,548,7104,727,112,112
msg,1,38,581,5681,724,112,112
msg,1,39,572,5590,692,112,112
msg,1,40,544,5533,695,112,112
msg,1,41,546,5961,731,112,112
msg,1,42,576,5668,725,112,112
msg,1,43,594,5793,693,112,112
msg,1,44,545,17498,697,112,112
msg,1,45,545,5644,690,112,112
msg,1,46,549,20646,725,112,112
msg,1,47,548,6696,729,112,112
msg,1,48,586,5613,724,112,112
msg,1,49,578,5544,724,112,112
msg,1,50,573,5531,719,112,112
msg,1,51,571,5698,688,112,112
msg,1,52,575,5891,720,112,112
msg,1,53,541,5818,725,112,112
msg,1,54,584,18567,729,112,112
msg,1,55,574,5612,725,112,112
msg,1,56,580,6165,721,112,112
msg,1,57,573,17274,879,112,112
msg,1,58,580,7050,693,112,112
msg,1,59,544,5601,717,112,112
msg,1,60,542,5719,725,112,112
msg,1,61,581,5461,721,112,112
msg,1,62,574,6075,692,112,112
msg,1,63,544,8461,694,112,112
msg,1,64,544,19161,723,112,112
msg,1,65,574,7215,723,112,112
msg,1,66,548,20546,721,112,112
msg,1,67,594,8526,722,112,112
msg,1,68,577,5713,725,112,112
msg,1,69,573,5845,718,112,112
msg,1,70,543,5575,720,112,112
msg,1,71,544,6393,698,112,112
msg,1,72,551,7828,722,112,112
msg,1,73,578,17921,690,112,112
msg,1,74,550,5605,691,112,112
msg,1,75,547,5637,692,112,112
msg,1,76,549,19569,728,112,112
msg,1,77,546,5750,727,112,112
msg,1,78,574,6229,718,112,112
msg,1,79,544,6243,692,112,112
msg,1,80,550,5863,728,112,112
msg,1,81,545,6456,721,112,112
msg,1,82,545,9047,729,112,112
msg,1,83,577,20103,722,112,112
msg,1,84,583,6352,726,112,112
msg,1,85,547,20371,720,112,112
msg,1,86,546,7434,696,112,112
msg,1,87,549,5856,809,112,112
msg,1,88,577,5761,724,112,112
msg,1,89,580,7304,722,112,112
msg,1,90,574,6117,721,112,112
msg,1,91,549,9386,725,112,112
msg,1,92,549,19668,720,112,112
msg,1,93,576,5712,725,112,112
msg,1,94,572,21193,733,112,112
msg,1,95,546,10131,694,112,112
msg,1,96,541,5887,728,112,112
msg,1,97,544,5635,729,112,112
msg,1,98,576,6208,705,112,112
msg,1,99,551,5758,723,112,112
msg,1,100,578,8792,720,112,112
msg,1,101,585,18343,719,112,112
msg,1,102,580,5619,725,112,112
msg,1,103,576,6231,727,112,112
msg,1,104,576,17756,725,112,112
msg,1,105,584,7370,727,112,112
msg,1,106,587,6251,725,112,112
msg,1,107,577,5570,723,112,112
msg,1,108,579,7026,718,112,112
msg,1,109,547,5613,722,112,112
msg,1,110,543,6343,816,112,112
msg,1,111,551,18976,712,112,112
msg,1,112,579,6106,716,112,112
msg,1,113,550,5858,727,112,112
msg,1,114,577,13571,724,112,112
msg,1,115,587,9301,725,112,112
msg,1,116,574,6035,718,112,112
msg,1,117,543,5753,723,112,112
msg,1,118,580,7067,697,112,112
msg,1,119,548,5831,720,112,112
msg,1,120,572,7863,726,112,112
msg,1,121,581,19340,728,112,112
msg,1,122,575,5526,724,112,112
msg,1,123,576,5509,721,112,112
msg,1,124,679,18833,727,112,112
msg,1,125,548,6651,721,112,112
msg,1,126,571,5613,728,112,112
msg,1,127,582,5535,728,112,112
msg,1,128,574,5506,719,112,112
msg,1,129,580,5624,726,112,112
msg,1,130,582,26949,718,112,112
msg,1,131,548,7089,721,112,112
msg,1,132,576,7313,715,112,112
msg,1,133,587,17940,819,112,112
msg,1,134,539,6283,691,112,112
msg,1,135,548,5745,726,112,112
msg,1,136,544,5693,726,112,112
msg,1,137,576,6802,722,112,112
msg,1,138,583,5617,690,112,112
msg,1,139,546,7152,720,112,112
msg,1,140,575,17163,719,112,112
msg,1,141,548,5691,729,112,112
msg,1,142,577,6023,836,112,112
msg,1,143,549,19218,726,112,112
msg,1,144,573,6880,724,112,112
msg,1,145,546,10910,725,112,112
msg,1,146,578,5891,688,112,112
msg,1,147,550,5981,720,112,112
msg,1,148,579,7307,724,112,112
msg,1,149,573,20070,692,112,112
msg,1,150,549,5742,723,112,112
msg,1,151,550,5663,727,112,112
msg,1,152,576,30446,718,112,112
msg,1,153,577,7337,719,112,112
msg,1,154,543,6428,689,112,112
msg,1,155,558,5826,724,112,112
msg,1,156,579,5714,726,112,112
msg,1,157,589,5961,726,112,112
msg,1,158,544,18896,721,112,112
msg,1,159,579,5979,697,112,112
msg,1,160,544,5838,723,112,112
msg,1,161,579,16471,726,112,112
msg,1,162,576,6584,723,112,112
msg,1,163,579,9726,729,112,112
msg,1,164,575,5590,690,112,112
msg,1,165,548,5658,693,112,112
msg,1,166,547,5896,721,112,112
msg,1,167,576,5443,722,112,112
msg,1,168,576,19321,725,112,112
msg,1,169,549,5711,725,112,112
msg,1,170,589,5618,723,112,112
msg,1,171,573,17537,857,112,112
msg,1,172,543,6001,726,112,112
msg,1,173,584,6595,724,112,112
msg,1,174,578,6686,717,112,112
msg,1,175,581,6840,690,112,112
msg,1,176,545,6784,725,112,112
msg,1,177,573,5583,717,112,112
msg,1,178,575,18809,724,112,112
msg,1,179,579,5750,695,112,112
msg,1,180,556,5811,723,112,112
msg,1,181,576,16287,718,112,112
msg,1,182,546,5730,728,112,112
msg,1,183,583,6094,691,112,112
msg,1,184,544,5560,690,112,112
msg,1,185,546,7822,726,112,112
msg,1,186,574,5908,693,112,112
msg,1,187,565,8296,725,112,112
msg,1,188,577,17074,728,112,112
msg,1,189,547,5747,728,112,112
msg,1,190,573,5867,690,112,112
msg,1,191,568,20633,689,112,112
msg,1,192,543,6286,726,112,112
msg,1,193,575,5859,690,112,112
msg,1,194,545,6554,720,112,112
msg,1,195,551,10061,725,112,112
msg,1,196,586,6499,722,112,112
msg,1,197,574,20721,692,112,112
msg,1,198,563,6277,691,112,112
msg,1,199,548,5870,727,112,112
whole,1,474.113,2594.518,200
2,8.3850,400.8790,15.0330,424.2970,1387,1838,45,568,2,12,3,18,168292,66262.0,70349.0,195373.0,0.0,2,2,2,0
msg,2,0,706,6809,730,112,112
msg,2,1,670,7599,727,112,112
msg,2,2,575,8352,718,112,112
msg,2,3,573,19175,732,112,112
msg,2,4,573,7230,689,112,112
msg,2,5,545,20289,689,112,112
msg,2,6,575,8898,722,112,112
msg,2,7,543,6009,720,112,112
msg,2,8,587,5971,714,112,112
msg,2,9,545,6003,717,112,112
msg,2,10,576,6246,726,112,112
msg,2,11,574,9984,692,112,112
msg,2,12,548,18776,727,112,112
msg,2,13,548,8040,722,112,112
msg,2,14,576,18350,725,112,112
msg,2,15,574,6538,721,112,112
msg,2,16,579,8584,690,112,112
msg,2,17,571,6767,691,112,112
msg,2,18,550,6731,727,112,112
msg,2,19,572,7236,690,112,112
msg,2,20,547,5681,813,112,112
msg,2,21,576,19540,730,112,112
msg,2,22,676,6845,695,112,112
msg,2,23,709,20190,712,112,112
msg,2,24,572,8923,719,112,112
msg,2,25,539,7690,811,112,112
msg,2,26,584,6205,727,112,112
msg,2,27,543,7087,725,112,112
msg,2,28,584,5901,722,112,112
msg,2,29,544,6049,725,112,112
msg,2,30,579,19048,722,112,112
msg,2,31,583,6747,720,112,112
msg,2,32,576,5544,720,112,112
msg,2,33,582,16246,720,112,112
msg,2,34,577,7268,722,112,112
msg,2,35,545,7330,690,112,112
msg,2,36,549,5506,691,112,112
msg,2,37,555,7029,1221,112,112
msg,2,38,554,6983,726,112,112
msg,2,39,576,5987,723,112,112
msg,2,40,545,15132,688,112,112
msg,2,41,551,5597,689,112,112
msg,2,42,549,5712,718,112,112
msg,2,43,547,20468,690,112,112
msg,2,44,558,5804,722,112,112
msg,2,45,573,5858,723,112,112
msg,2,46,577,6132,815,112,112
msg,2,47,575,5621,723,112,112
msg,2,48,572,5832,694,112,112
msg,2,49,547,8634,724,112,112
msg,2,50,540,21253,693,112,112
msg,2,51,547,6455,691,112,112
msg,2,52,548,9625,692,112,112
msg,2,53,548,34933,725,112,112
msg,2,54,578,8309,723,112,112
msg,2,55,541,5673,863,112,112
msg,2,56,580,6268,723,112,112
msg,2,57,576,18373,719,112,112
msg,2,58,577,5860,718,112,112
msg,2,59,578,5807,695,112,112
msg,2,60,546,17832,728,112,112
msg,2,61,570,5797,717,112,112
msg,2,62,572,5749,690,112,112
msg,2,63,545,6455,690,112,112
msg,2,64,545,5863,719,112,112
msg,2,65,544,5898,852,112,112
msg,2,66,586,8480,728,112,112
msg,2,67,579,19143,727,112,112
msg,2,68,572,6957,690,112,112
msg,2,69,552,5698,719,112,112
msg,2,70,551,16666,725,112,112
msg,2,71,586,5715,726,112,112
msg,2,72,576,5620,724,112,112
msg,2,73,576,5547,724,112,112
msg,2,74,577,6121,720,112,112
msg,2,75,569,5903,697,112,112
msg,2,76,577,7699,689,112,112
msg,2,77,547,33999,728,112,112
msg,2,78,575,19517,724,112,112
msg,2,79,589,5670,724,112,112
msg,2,80,572,5827,721,112,112
msg,2,81,545,5796,726,112,112
msg,2,82,579,6754,727,112,112
msg,2,83,577,5857,693,112,112
msg,2,84,548,8683,721,112,112
msg,2,85,550,18749,727,112,112
msg,2,86,580,6650,722,112,112
msg,2,87,578,5734,690,112,112
msg,2,88,548,20772,718,112,112
msg,2,89,549,7013,722,112,112
msg,2,90,575,5638,693,112,112
msg,2,91,548,5872,718,112,112
msg,2,92,540,5616,724,112,112
msg,2,93,591,5845,719,112,112
msg,2,94,584,5680,687,112,112
msg,2,95,646,15335,694,112,112
msg,2,96,549,5781,720,112,112
msg,2,97,547,5775,724,112,112
msg,2,98,579,19619,728,112,112
msg,2,99,583,6178,722,112,112
msg,2,100,675,5814,720,112,112
msg,2,101,579,6545,723,112,112
msg,2,102,578,6029,725,112,112
msg,2,103,575,5705,725,112,112
msg,2,104,583,8103,724,112,112
msg,2,105,579,23042,697,112,112
msg,2,106,547,5755,716,112,112
msg,2,107,544,18154,721,112,112
msg,2,108,570,8997,724,112,112
msg,2,109,576,6033,690,112,112
msg,2,110,548,5761,687,112,112
msg,2,111,552,5822,728,112,112
msg,2,112,581,5561,727,112,112
msg,2,113,585,8441,726,112,112
msg,2,114,587,29624,729,112,112
msg,2,115,579,18971,720,112,112
msg,2,116,546,7416,692,112,112
msg,2,117,545,5668,817,112,112
msg,2,118,588,5845,720,112,112
msg,2,119,578,5578,690,112,112
msg,2,120,574,6170,722,112,112
msg,2,121,590,5535,732,112,112
msg,2,122,579,6098,725,112,112
msg,2,123,544,17741,725,112,112
msg,2,124,575,6718,720,112,112
msg,2,125,579,21119,721,112,112
msg,2,126,575,6567,726,112,112
msg,2,127,584,6986,699,112,112
msg,2,128,556,7054,732,112,112
msg,2,129,583,5554,727,112,112
msg,2,130,577,5820,693,112,112
msg,2,131,547,9214,725,112,112
msg,2,132,579,19676,687,112,112
msg,2,133,548,6540,689,112,112
msg,2,134,549,20482,688,112,112
msg,2,135,586,9729,696,112,112
msg,2,136,545,5650,725,112,112
msg,2,137,546,6918,728,112,112
msg,2,138,575,6059,723,112,112
msg,2,139,548,5845,808,112,112
msg,2,140,578,7971,720,112,112
msg,2,141,549,19034,720,112,112
msg,2,142,576,5916,719,112,112
msg,2,143,544,5884,717,112,112
msg,2,144,570,16608,720,112,112
msg,2,145,573,5975,717,112,112
msg,2,146,544,6796,730,112,112
msg,2,147,589,6124,724,112,112
msg,2,148,578,8270,690,112,112
msg,2,149,553,5720,719,112,112
msg,2,150,573,6445,719,112,112
msg,2,151,541,18667,726,112,112
msg,2,152,573,6752,722,112,112
msg,2,153,582,5530,723,112,112
msg,2,154,576,17941,723,112,112
msg,2,155,544,7107,691,112,112
msg,2,156,568,6447,727,112,112
msg,2,157,590,5891,719,112,112
msg,2,158,551,6850,819,112,112
msg,2,159,580,5671,692,112,112
msg,2,160,573,6530,693,112,112
msg,2,161,548,15671,687,112,112
msg,2,162,548,5606,723,112,112
msg,2,163,544,5611,718,112,112
msg,2,164,547,20475,722,112,112
msg,2,165,579,6037,688,112,112
msg,2,166,545,5622,698,112,112
msg,2,167,551,5903,723,112,112
msg,2,168,579,5541,724,112,112
msg,2,169,588,5704,724,112,112
msg,2,170,575,8003,717,112,112
msg,2,171,558,17976,723,112,112
msg,2,172,581,5813,687,112,112
msg,2,173,547,5860,724,112,112
msg,2,174,585,20731,730,112,112
msg,2,175,575,6143,727,112,112
msg,2,176,601,5806,693,112,112
msg,2,177,550,5641,688,112,112
msg,2,178,542,5597,689,112,112
msg,2,179,550,5553,720,112,112
msg,2,180,545,7631,717,112,112
msg,2,181,545,17976,722,112,112
msg,2,182,581,5916,723,112,112
msg,2,183,553,5573,719,112,112
msg,2,184,544,20054,725,112,112
msg,2,185,574,9189,725,112,112
msg,2,186,575,5860,687,112,112
msg,2,187,549,5638,692,112,112
msg,2,188,550,7007,724,112,112
msg,2,189,589,5527,725,112,112
msg,2,190,577,6264,725,112,112
msg,2,191,581,18491,720,112,112
msg,2,192,591,7442,723,112,112
msg,2,193,583,19888,721,112,112
msg,2,194,574,9015,727,112,112
msg,2,195,576,5766,726,112,112
msg,2,196,574,5733,693,112,112
msg,2,197,549,6282,726,112,112
msg,2,198,582,6656,691,112,112
msg,2,199,578,9087,725,112,112
whole,2,440.341,2610.771,200
#heap 21388
#stack 2664
#end
#block pipeline mTLS lorawan11 up
#aead LoRaWAN-1.1 AES-128-CTR+2xCMAC (BearSSL (arduino-pico)), uplink, 51 B payload + 13 B overhead
#lib wolfSSL 5.9.4
iter,tcp_ms,tls_ms,mqtt_ms,total_ms,hs_tx_B,hs_rx_B,mqtt_tx_B,mqtt_rx_B,hs_writes,hs_reads,writes,reads,free_heap_B,hs_keygen_us,hs_derive_us,hs_verify_us,hs_sign_us,hs_keygen_n,hs_derive_n,hs_verify_n,hs_sign_n
msg,iter,idx,seal_us,rtt_us,open_us,tx_B,rx_B
whole,iter,first_ms,all_ms,msgs
#suite TLS13-AES256-GCM-SHA384
0,4.6620,450.9860,19.5840,475.2320,1942,2008,45,1400,4,14,5,20,167660,66216.0,70397.0,195179.0,43033.0,2,2,2,1
msg,0,0,865,7205,852,112,112
msg,0,1,667,8304,819,112,112
msg,0,2,672,5668,847,112,112
msg,0,3,701,9296,854,112,112
msg,0,4,716,5642,854,112,112
msg,0,5,678,5997,854,112,112
msg,0,6,797,15893,851,112,112
msg,0,7,711,5733,820,112,112
msg,0,8,674,5586,851,112,112
msg,0,9,694,19327,850,112,112
msg,0,10,706,5842,918,112,112
msg,0,11,676,5914,1440,112,112
msg,0,12,707,5889,823,112,112
msg,0,13,677,7258,821,112,112
msg,0,14,676,7650,855,112,112
msg,0,15,702,6341,849,112,112
msg,0,16,702,19098,851,112,112
msg,0,17,710,6409,853,112,112
msg,0,18,706,20070,852,112,112
msg,0,19,698,6524,846,112,112
msg,0,20,708,5786,851,112,112
msg,0,21,698,5875,821,112,112
msg,0,22,673,5749,855,112,112
msg,0,23,704,5726,820,112,112
msg,0,24,673,8291,817,112,112
msg,0,25,669,19763,851,112,112
msg,0,26,695,6532,851,112,112
msg,0,27,701,23913,848,112,112
msg,0,28,702,5990,849,112,112
msg,0,29,702,6144,845,112,112
msg,0,30,670,6086,820,112,112
msg,0,31,673,6802,850,112,112
msg,0,32,702,6710,821,112,112
msg,0,33,688,5612,853,112,112
msg,0,34,704,17765,824,112,112
msg,0,35,673,8557,851,112,112
msg,0,36,798,17515,858,112,112
msg,0,37,701,9326,850,112,112
msg,0,38,675,5696,850,112,112
msg,0,39,704,6448,854,112,112
msg,0,40,701,5928,852,112,112
msg,0,41,701,5704,851,112,112
msg,0,42,706,7691,846,112,112
msg,0,43,889,16373,852,112,112
msg,0,44,702,6005,847,112,112
msg,0,45,702,6675,850,112,112
msg,0,46,702,14267,844,112,112
msg,0,47,697,7983,854,112,112
msg,0,48,706,6131,853,112,112
msg,0,49,707,6793,848,112,112
msg,0,50,698,5684,856,112,112
msg,0,51,697,6039,836,112,112
msg,0,52,698,8016,847,112,112
msg,0,53,704,17734,860,112,112
msg,0,54,711,5921,850,112,112
msg,0,55,711,6781,816,112,112
msg,0,56,672,17761,852,112,112
msg,0,57,697,9203,854,112,112
msg,0,58,696,5963,854,112,112
msg,0,59,715,5588,848,112,112
msg,0,60,701,5979,950,112,112
msg,0,61,699,5596,852,112,112
msg,0,62,676,5816,844,112,112
msg,0,63,702,16580,848,112,112
msg,0,64,702,6742,847,112,112
msg,0,65,703,5534,850,112,112
msg,0,66,707,12761,847,112,112
msg,0,67,704,7290,847,112,112
msg,0,68,704,5835,845,112,112
msg,0,69,684,8906,855,112,112
msg,0,70,704,6484,853,112,112
msg,0,71,678,5680,849,112,112
msg,0,72,699,6004,840,112,112
msg,0,73,672,18802,850,112,112
msg,0,74,711,7098,848,112,112
msg,0,75,706,20811,837,112,112
msg,0,76,676,6346,844,112,112
msg,0,77,705,7792,855,112,112
msg,0,78,705,7882,848,112,112
msg,0,79,719,8463,858,112,112
msg,0,80,702,9408,849,112,112
msg,0,81,678,21329,824,112,112
msg,0,82,676,6690,855,112,112
msg,0,83,697,20152,848,112,112
msg,0,84,703,7913,815,112,112
msg,0,85,826,5901,857,112,112
msg,0,86,703,5861,855,112,112
msg,0,87,700,6837,821,112,112
msg,0,88,683,6345,850,112,112
msg,0,89,700,6260,847,112,112
msg,0,90,699,19288,850,112,112
msg,0,91,705,6469,945,112,112
msg,0,92,701,20109,847,112,112
msg,0,93,700,6622,1012,112,112
msg,0,94,671,7097,851,112,112
msg,0,95,676,5767,851,112,112
msg,0,96,705,7273,851,112,112
msg,0,97,699,5619,851,112,112
msg,0,98,669,8566,844,112,112
msg,0,99,708,17730,853,112,112
msg,0,100,699,6833,852,112,112
msg,0,101,702,20302,850,112,112
msg,0,102,703,6532,855,112,112
msg,0,103,703,5581,836,112,112
msg,0,104,676,5651,847,112,112
msg,0,105,699,5542,847,112,112
msg,0,106,677,6636,850,112,112
msg,0,107,701,7798,846,112,112
msg,0,108,672,18748,853,112,112
msg,0,109,698,6559,855,112,112
msg,0,110,706,7872,848,112,112
msg,0,111,707,15509,851,112,112
msg,0,112,718,6472,855,112,112
msg,0,113,669,7801,846,112,112
msg,0,114,702,5640,852,112,112
msg,0,115,673,6820,850,112,112
msg,0,116,700,5800,917,112,112
msg,0,117,672,5863,852,112,112
msg,0,118,697,15957,850,112,112
msg,0,119,699,7015,846,112,112
msg,0,120,695,6603,851,112,112
msg,0,121,705,13642,818,112,112
msg,0,122,675,9020,858,112,112
msg,0,123,700,5875,849,112,112
msg,0,124,702,5927,840,112,112
msg,0,125,668,5573,850,112,112
msg,0,126,706,6384,856,112,112
msg,0,127,696,7362,851,112,112
msg,0,128,697,16966,855,112,112
msg,0,129,698,5567,852,112,112
msg,0,130,674,5614,844,112,112
msg,0,131,703,21978,826,112,112
msg,0,132,682,5691,858,112,112
msg,0,133,703,5840,815,112,112
msg,0,134,671,6727,856,112,112
msg,0,135,705,5554,850,112,112
msg,0,136,680,5639,846,112,112
msg,0,137,700,5723,846,112,112
msg,0,138,699,18330,851,112,112
msg,0,139,675,6667,850,112,112
msg,0,140,700,5596,855,112,112
msg,0,141,702,14858,852,112,112
msg,0,142,700,5813,818,112,112
msg,0,143,669,5614,946,112,112
msg,0,144,704,5576,851,112,112
msg,0,145,675,5658,853,112,112
msg,0,146,702,5857,852,112,112
msg,0,147,669,9518,845,112,112
msg,0,148,705,16502,852,112,112
msg,0,149,717,5534,947,112,112
msg,0,150,672,5621,1395,112,112
msg,0,151,718,19415,826,112,112
msg,0,152,672,6954,852,112,112
msg,0,153,706,6691,846,112,112
msg,0,154,698,5548,856,112,112
msg,0,155,708,6761,820,112,112
msg,0,156,678,5776,846,112,112
msg,0,157,709,5749,823,112,112
msg,0,158,670,20538,949,112,112
msg,0,159,703,5630,848,112,112
msg,0,160,672,8878,852,112,112
msg,0,161,703,10092,846,112,112
msg,0,162,705,6827,818,112,112
msg,0,163,783,9882,853,112,112
msg,0,164,703,5936,847,112,112
msg,0,165,716,5752,819,112,112
msg,0,166,671,5554,843,112,112
msg,0,167,705,5713,844,112,112
msg,0,168,696,17649,947,112,112
msg,0,169,704,6719,846,112,112
msg,0,170,699,19323,857,112,112
msg,0,171,673,9289,825,112,112
msg,0,172,673,6513,851,112,112
msg,0,173,702,7683,852,112,112
msg,0,174,706,6711,837,112,112
msg,0,175,705,5577,855,112,112
msg,0,176,708,5990,843,112,112
msg,0,177,705,18117,837,112,112
msg,0,178,702,6478,850,112,112
msg,0,179,700,19870,823,112,112
msg,0,180,675,8984,855,112,112
msg,0,181,702,7587,846,112,112
msg,0,182,705,6708,853,112,112
msg,0,183,704,5939,950,112,112
msg,0,184,709,5575,848,112,112
msg,0,185,675,6658,850,112,112
msg,0,186,702,17941,820,112,112
msg,0,187,678,6925,848,112,112
msg,0,188,712,19936,853,112,112
msg,0,189,704,7957,837,112,112
msg,0,190,665,5848,849,112,112
msg,0,191,700,5593,931,112,112
msg,0,192,674,9205,819,112,112
msg,0,193,669,10058,850,112,112
msg,0,194,670,19671,852,112,112
msg,0,195,704,6811,855,112,112
msg,0,196,671,5766,841,112,112
msg,0,197,702,17815,918,112,112
msg,0,198,673,5718,855,112,112
msg,0,199,709,5975,845,112,112
whole,0,503.634,2664.713,200
1,6.4600,445.0250,12.9150,464.4000,1942,2008,45,1400,4,14,5,20,167660,66270.0,70255.0,195563.0,42915.0,2,2,2,1
msg,1,0,868,16442,851,112,112
msg,1,1,672,6765,944,112,112
msg,1,2,704,5646,855,112,112
msg,1,3,673,5839,855,112,112
msg,1,4,705,6008,845,112,112
msg,1,5,700,6278,846,112,112
msg,1,6,705,7213,945,112,112
msg,1,7,704,20164,852,112,112
msg,1,8,697,5961,840,112,112
msg,1,9,673,19619,854,112,112
msg,1,10,706,6230,859,112,112
msg,1,11,711,5923,851,112,112
msg,1,12,697,5518,848,112,112
msg,1,13,706,5528,859,112,112
msg,1,14,672,5559,848,112,112
msg,1,15,704,11515,851,112,112
msg,1,16,705,19423,857,112,112
msg,1,17,703,6475,823,112,112
msg,1,18,672,19893,849,112,112
msg,1,19,703,7898,852,112,112
msg,1,20,705,7196,853,112,112
msg,1,21,703,6382,850,112,112
msg,1,22,703,6285,848,112,112
msg,1,23,704,5557,852,112,112
msg,1,24,675,6836,853,112,112
msg,1,25,697,19364,848,112,112
msg,1,26,709,6866,846,112,112
msg,1,27,700,19617,854,112,112
msg,1,28,708,8994,851,112,112
msg,1,29,702,5714,853,112,112
msg,1,30,669,5826,847,112,112
msg,1,31,697,6264,854,112,112
msg,1,32,701,6250,850,112,112
msg,1,33,699,7885,848,112,112
msg,1,34,799,18347,851,112,112
msg,1,35,712,7114,851,112,112
msg,1,36,701,20036,840,112,112
msg,1,37,802,6448,850,112,112
msg,1,38,704,6907,839,112,112
msg,1,39,672,6120,815,112,112
msg,1,40,673,9302,817,112,112
msg,1,41,671,11975,850,112,112
msg,1,42,693,20017,854,112,112
msg,1,43,703,7044,939,112,112
msg,1,44,708,19599,849,112,112
msg,1,45,703,6626,840,112,112
msg,1,46,705,5994,812,112,112
msg,1,47,682,6751,848,112,112
msg,1,48,705,6276,850,112,112
msg,1,49,700,5569,850,112,112
msg,1,50,678,8161,849,112,112
msg,1,51,698,17616,852,112,112
msg,1,52,704,8581,855,112,112
msg,1,53,701,5546,855,112,112
msg,1,54,675,12870,849,112,112
msg,1,55,696,9168,852,112,112
msg,1,56,701,6294,851,112,112
msg,1,57,706,5545,854,112,112
msg,1,58,667,6005,851,112,112
msg,1,59,699,5777,847,112,112
msg,1,60,706,7493,853,112,112
msg,1,61,703,19273,853,112,112
msg,1,62,706,7520,849,112,112
msg,1,63,673,19080,857,112,112
msg,1,64,702,7513,822,112,112
msg,1,65,672,5541,848,112,112
msg,1,66,704,5588,854,112,112
msg,1,67,700,5814,943,112,112
msg,1,68,709,5645,854,112,112
msg,1,69,701,5548,817,112,112
msg,1,70,674,5734,991,112,112
msg,1,71,705,16139,856,112,112
msg,1,72,711,6076,851,112,112
msg,1,73,702,5560,852,112,112
msg,1,74,681,15956,846,112,112
msg,1,75,695,6136,845,112,112
msg,1,76,699,5504,852,112,112
msg,1,77,700,5590,842,112,112
msg,1,78,674,6272,847,112,112
msg,1,79,668,5649,947,112,112
msg,1,80,709,8538,997,112,112
msg,1,81,675,18611,943,112,112
msg,1,82,705,7114,852,112,112
msg,1,83,705,19602,854,112,112
msg,1,84,685,9039,849,112,112
msg,1,85,701,5425,854,112,112
msg,1,86,671,6458,822,112,112
msg,1,87,673,5788,853,112,112
msg,1,88,702,5965,854,112,112
msg,1,89,704,7602,856,112,112
msg,1,90,704,22940,854,112,112
msg,1,91,708,6561,850,112,112
msg,1,92,678,18792,848,112,112
msg,1,93,702,6388,850,112,112
msg,1,94,713,5850,845,112,112
msg,1,95,701,6465,940,112,112
msg,1,96,702,6357,854,112,112
msg,1,97,705,6345,848,112,112
msg,1,98,678,6885,853,112,112
msg,1,99,702,22119,852,112,112
msg,1,100,703,6066,849,112,112
msg,1,101,699,22187,849,112,112
msg,1,102,701,6241,848,112,112
msg,1,103,702,5668,851,112,112
msg,1,104,705,6160,848,112,112
msg,1,105,705,5701,818,112,112
msg,1,106,673,5633,1011,112,112
msg,1,107,708,6207,855,112,112
msg,1,108,704,18265,851,112,112
msg,1,109,699,6155,851,112,112
msg,1,110,706,20659,936,112,112
msg,1,111,667,8798,846,112,112
msg,1,112,702,5765,846,112,112
msg,1,113,703,5861,852,112,112
msg,1,114,673,6370,815,112,112
msg,1,115,671,6701,838,112,112
msg,1,116,706,6939,819,112,112
msg,1,117,673,18938,856,112,112
msg,1,118,702,7183,852,112,112
msg,1,119,707,19273,849,112,112
msg,1,120,694,9025,848,112,112
msg,1,121,704,5977,851,112,112
msg,1,122,701,5513,847,112,112
msg,1,123,701,6092,846,112,112
msg,1,124,700,5843,840,112,112
msg,1,125,682,7798,851,112,112
msg,1,126,705,19361,851,112,112
msg,1,127,678,5556,942,112,112
msg,1,128,694,5722,854,112,112
msg,1,129,710,17983,851,112,112
msg,1,130,705,6841,849,112,112
msg,1,131,703,5627,849,112,112
msg,1,132,701,6231,859,112,112
msg,1,133,709,5645,819,112,112
msg,1,134,722,6069,821,112,112
msg,1,135,670,5660,850,112,112
msg,1,136,701,18337,851,112,112
msg,1,137,704,5712,818,112,112
msg,1,138,675,5617,848,112,112
msg,1,139,696,16112,849,112,112
msg,1,140,700,6848,853,112,112
msg,1,141,672,5768,849,112,112
msg,1,142,713,5528,852,112,112
msg,1,143,711,5522,812,112,112
msg,1,144,860,6277,848,112,112
msg,1,145,706,8320,849,112,112
msg,1,146,700,18658,851,112,112
msg,1,147,706,6480,817,112,112
msg,1,148,673,5596,848,112,112
msg,1,149,698,15590,852,112,112
msg,1,150,698,5968,845,112,112
msg,1,151,708,5890,842,112,112
msg,1,152,704,5691,848,112,112
msg,1,153,701,6225,853,112,112
msg,1,154,702,6397,853,112,112
msg,1,155,671,9687,846,112,112
msg,1,156,699,16632,860,112,112
msg,1,157,703,7131,850,112,112
msg,1,158,698,19558,822,112,112
msg,1,159,674,8740,855,112,112
msg,1,160,700,9185,850,112,112
msg,1,161,704,6013,850,112,112
msg,1,162,717,5899,815,112,112
msg,1,163,675,5628,848,112,112
msg,1,164,706,6334,847,112,112
msg,1,165,707,17334,851,112,112
msg,1,166,701,6820,852,112,112
msg,1,167,704,19754,850,112,112
msg,1,168,703,8899,852,112,112
msg,1,169,706,6439,852,112,112
msg,1,170,708,5976,860,112,112
msg,1,171,727,7821,849,112,112
msg,1,172,709,5781,852,112,112
msg,1,173,704,6582,840,112,112
msg,1,174,676,15389,841,112,112
msg,1,175,695,5644,857,112,112
msg,1,176,701,5897,851,112,112
msg,1,177,707,18298,852,112,112
msg,1,178,709,6790,822,112,112
msg,1,179,671,7719,858,112,112
msg,1,180,709,5925,852,112,112
msg,1,181,703,8228,845,112,112
msg,1,182,704,6235,852,112,112
msg,1,183,701,5655,851,112,112
msg,1,184,708,16202,855,112,112
msg,1,185,702,7911,850,112,112
msg,1,186,701,19172,850,112,112
msg,1,187,712,8322,844,112,112
msg,1,188,709,7177,848,112,112
msg,1,189,706,5605,855,112,112
msg,1,190,699,6002,846,112,112
msg,1,191,704,5514,855,112,112
msg,1,192,814,7171,849,112,112
msg,1,193,681,19160,852,112,112
msg,1,194,705,7121,854,112,112
msg,1,195,702,18999,848,112,112
msg,1,196,799,8946,847,112,112
msg,1,197,704,5696,848,112,112
msg,1,198,703,5873,852,112,112
msg,1,199,702,8225,846,112,112
whole,1,489.443,2673.662,200
2,6.5580,444.7070,26.9620,478.2270,1941,2008,45,1400,4,14,5,20,167660,66356.0,70259.0,196179.0,42929.0,2,2,2,1
msg,2,0,852,6018,823,112,112
msg,2,1,672,6063,855,112,112
msg,2,2,701,5715,850,112,112
msg,2,3,699,6519,857,112,112
msg,2,4,706,5982,856,112,112
msg,2,5,707,15171,847,112,112
msg,2,6,699,6136,848,112,112
msg,2,7,706,5772,853,112,112
msg,2,8,705,16751,939,112,112
msg,2,9,715,9010,852,112,112
msg,2,10,705,6228,847,112,112
msg,2,11,700,5890,854,112,112
msg,2,12,672,5654,851,112,112
msg,2,13,701,6347,847,112,112
msg,2,14,701,5877,817,112,112
msg,2,15,768,15998,854,112,112
msg,2,16,674,6864,849,112,112
msg,2,17,700,5555,854,112,112
msg,2,18,672,15219,847,112,112
msg,2,19,682,6566,846,112,112
msg,2,20,698,6538,857,112,112
msg,2,21,719,6375,854,112,112
msg,2,22,1084,13803,939,112,112
msg,2,23,667,6497,846,112,112
msg,2,24,666,18352,842,112,112
msg,2,25,700,5710,857,112,112
msg,2,26,701,5629,847,112,112
msg,2,27,704,12844,852,112,112
msg,2,28,700,8031,851,112,112
msg,2,29,709,6723,816,112,112
msg,2,30,672,5733,856,112,112
msg,2,31,699,12421,857,112,112
msg,2,32,713,5908,848,112,112
msg,2,33,703,20139,847,112,112
msg,2,34,713,5716,856,112,112
msg,2,35,678,5634,850,112,112
msg,2,36,707,18922,827,112,112
msg,2,37,673,6337,819,112,112
msg,2,38,670,6584,839,112,112
msg,2,39,698,7064,848,112,112
msg,2,40,697,6660,852,112,112
msg,2,41,703,6658,822,112,112
msg,2,42,686,6244,823,112,112
msg,2,43,671,14805,857,112,112
msg,2,44,706,6035,851,112,112
msg,2,45,800,5989,847,112,112
msg,2,46,711,19178,853,112,112
msg,2,47,703,5744,847,112,112
msg,2,48,721,8455,813,112,112
msg,2,49,670,8169,848,112,112
msg,2,50,674,5867,852,112,112
msg,2,51,700,5939,847,112,112
msg,2,52,699,6164,836,112,112
msg,2,53,701,15141,824,112,112
msg,2,54,677,6738,856,112,112
msg,2,55,697,19871,848,112,112
msg,2,56,706,8165,844,112,112
msg,2,57,700,6985,853,112,112
msg,2,58,674,5994,851,112,112
msg,2,59,699,7174,854,112,112
msg,2,60,711,5965,945,112,112
msg,2,61,700,5645,852,112,112
msg,2,62,674,19833,859,112,112
msg,2,63,703,6254,853,112,112
msg,2,64,701,19762,843,112,112
msg,2,65,684,6537,848,112,112
msg,2,66,703,5648,853,112,112
msg,2,67,700,5912,855,112,112
msg,2,68,704,5524,852,112,112
msg,2,69,800,5589,849,112,112
msg,2,70,704,7118,844,112,112
msg,2,71,700,6226,841,112,112
msg,2,72,673,15325,940,112,112
msg,2,73,699,6804,856,112,112
msg,2,74,674,10174,857,112,112
msg,2,75,673,10866,842,112,112
msg,2,76,703,16258,852,112,112
msg,2,77,703,5605,853,112,112
msg,2,78,674,6476,847,112,112
msg,2,79,702,5608,851,112,112
msg,2,80,704,6983,845,112,112
msg,2,81,703,16932,839,112,112
msg,2,82,674,6845,852,112,112
msg,2,83,708,19542,824,112,112
msg,2,84,674,6982,848,112,112
msg,2,85,702,5725,849,112,112
msg,2,86,708,6206,848,112,112
msg,2,87,711,5682,856,112,112
msg,2,88,708,8508,821,112,112
msg,2,89,681,9346,820,112,112
msg,2,90,688,14883,852,112,112
msg,2,91,712,6510,821,112,112
msg,2,92,685,6207,815,112,112
msg,2,93,684,13997,853,112,112
msg,2,94,674,8887,852,112,112
msg,2,95,704,5559,845,112,112
msg,2,96,680,5607,852,112,112
msg,2,97,704,5538,854,112,112
msg,2,98,705,5856,846,112,112
msg,2,99,704,11038,816,112,112
msg,2,100,672,18019,849,112,112
msg,2,101,713,6014,853,112,112
msg,2,102,709,19831,850,112,112
msg,2,103,701,9128,1035,112,112
msg,2,104,704,5738,850,112,112
msg,2,105,678,5916,853,112,112
msg,2,106,698,5750,818,112,112
msg,2,107,674,6057,855,112,112
msg,2,108,673,9456,823,112,112
msg,2,109,670,17625,850,112,112
msg,2,110,702,6476,855,112,112
msg,2,111,873,10256,850,112,112
msg,2,112,673,11621,854,112,112
msg,2,113,697,6205,847,112,112
msg,2,114,696,5618,946,112,112
msg,2,115,702,5739,849,112,112
msg,2,116,701,5506,850,112,112
msg,2,117,707,6288,848,112,112
msg,2,118,702,8111,854,112,112
msg,2,119,698,18417,857,112,112
msg,2,120,707,6279,847,112,112
msg,2,121,700,19798,849,112,112
msg,2,122,703,8996,837,112,112
msg,2,123,671,5803,859,112,112
msg,2,124,722,5537,820,112,112
msg,2,125,671,5577,848,112,112
msg,2,126,708,5557,857,112,112
msg,2,127,700,31215,847,112,112
msg,2,128,703,7261,853,112,112
msg,2,129,700,17741,842,112,112
msg,2,130,708,9147,850,112,112
msg,2,131,705,5697,853,112,112
msg,2,132,698,5715,840,112,112
msg,2,133,668,5549,850,112,112
msg,2,134,705,5676,855,112,112
msg,2,135,670,9048,849,112,112
msg,2,136,700,20162,854,112,112
msg,2,137,864,6971,854,112,112
msg,2,138,708,8599,855,112,112
msg,2,139,676,10499,848,112,112
msg,2,140,697,6885,854,112,112
msg,2,141,675,7612,850,112,112
msg,2,142,694,7248,848,112,112
msg,2,143,711,5751,855,112,112
msg,2,144,683,6401,822,112,112
msg,2,145,674,6752,850,112,112
msg,2,146,705,13397,853,112,112
msg,2,147,803,5717,852,112,112
msg,2,148,705,5549,852,112,112
msg,2,149,701,32088,850,112,112
msg,2,150,703,5730,817,112,112
msg,2,151,682,5608,850,112,112
msg,2,152,704,5824,819,112,112
msg,2,153,684,5898,856,112,112
msg,2,154,701,5893,852,112,112
msg,2,155,707,16173,851,112,112
msg,2,156,710,7884,818,112,112
msg,2,157,675,19628,851,112,112
msg,2,158,704,9145,850,112,112
msg,2,159,700,6413,845,112,112
msg,2,160,704,5711,820,112,112
msg,2,161,680,6712,849,112,112
msg,2,162,703,5540,851,112,112
msg,2,163,679,6159,856,112,112
msg,2,164,702,19547,847,112,112
msg,2,165,673,6136,818,112,112
msg,2,166,684,19617,847,112,112
msg,2,167,702,8313,853,112,112
msg,2,168,706,5552,850,112,112
msg,2,169,704,5577,938,112,112
msg,2,170,701,5911,852,112,112
msg,2,171,673,37760,856,112,112
msg,2,172,703,5600,855,112,112
msg,2,173,666,5844,852,112,112
msg,2,174,703,17078,848,112,112
msg,2,175,705,8211,850,112,112
msg,2,176,700,5608,850,112,112
msg,2,177,699,5870,850,112,112
msg,2,178,707,6600,856,112,112
msg,2,179,701,5599,820,112,112
msg,2,180,675,6392,849,112,112
msg,2,181,702,17308,857,112,112
msg,2,182,702,5564,852,112,112
msg,2,183,703,5738,846,112,112
msg,2,184,715,15869,854,112,112
msg,2,185,669,6556,850,112,112
msg,2,186,716,5532,946,112,112
msg,2,187,703,5811,845,112,112
msg,2,188,696,5569,853,112,112
msg,2,189,706,7422,857,112,112
msg,2,190,699,7880,845,112,112
msg,2,191,705,19084,858,112,112
msg,2,192,701,40731,850,112,112
msg,2,193,718,8282,846,112,112
msg,2,194,695,5929,849,112,112
msg,2,195,706,6732,816,112,112
msg,2,196,675,5882,943,112,112
msg,2,197,699,20683,848,112,112
msg,2,198,701,5802,948,112,112
msg,2,199,671,5993,852,112,112
whole,2,492.344,2704.726,200
#heap 21985
#stack 2640
#end
#block pipeline mTLS lorawan11 down
#aead LoRaWAN-1.1 AES-128-CTR+2xCMAC (BearSSL (arduino-pico)), downlink, 51 B payload + 13 B overhead
#lib wolfSSL 5.9.4
iter,tcp_ms,tls_ms,mqtt_ms,total_ms,hs_tx_B,hs_rx_B,mqtt_tx_B,mqtt_rx_B,hs_writes,hs_reads,writes,reads,free_heap_B,hs_keygen_us,hs_derive_us,hs_verify_us,hs_sign_us,hs_keygen_n,hs_derive_n,hs_verify_n,hs_sign_n
msg,iter,idx,seal_us,rtt_us,open_us,tx_B,rx_B
whole,iter,first_ms,all_ms,msgs
#suite TLS13-AES256-GCM-SHA384
0,6.4540,445.6370,11.6120,463.7030,1941,2008,45,1400,4,14,5,20,167660,66471.0,70593.0,195441.0,43346.0,2,2,2,1
msg,0,0,572,9898,599,112,112
msg,0,1,411,6153,585,112,112
msg,0,2,442,5702,590,112,112
msg,0,3,543,6128,555,112,112
msg,0,4,413,5886,590,112,112
msg,0,5,414,6291,557,112,112
msg,0,6,442,20637,584,112,112
msg,0,7,437,6470,601,112,112
msg,0,8,409,6976,590,112,112
msg,0,9,453,18512,593,112,112
msg,0,10,442,6491,584,112,112
msg,0,11,415,5882,593,112,112
msg,0,12,441,6287,556,112,112
msg,0,13,418,6136,587,112,112
msg,0,14,407,6438,556,112,112
msg,0,15,412,8237,590,112,112
msg,0,16,444,17765,589,112,112
msg,0,17,445,6376,585,112,112
msg,0,18,414,24371,564,112,112
msg,0,19,444,9273,590,112,112
msg,0,20,416,5705,586,112,112
msg,0,21,408,5583,561,112,112
msg,0,22,411,5575,555,112,112
msg,0,23,440,6190,587,112,112
msg,0,24,410,6204,589,112,112
msg,0,25,444,5730,593,112,112
msg,0,26,439,22830,559,112,112
msg,0,27,439,6121,559,112,112
msg,0,28,414,16375,587,112,112
msg,0,29,440,8012,554,112,112
msg,0,30,417,5638,555,112,112
msg,0,31,506,5830,589,112,112
msg,0,32,440,10422,588,112,112
msg,0,33,421,7929,596,112,112
msg,0,34,409,6408,558,112,112
msg,0,35,415,18117,588,112,112
msg,0,36,410,7968,592,112,112
msg,0,37,441,20154,556,112,112
msg,0,38,411,9075,589,112,112
msg,0,39,412,5857,586,112,112
msg,0,40,408,5727,590,112,112
msg,0,41,454,7093,555,112,112
msg,0,42,450,5957,560,112,112
msg,0,43,412,9918,585,112,112
msg,0,44,411,24136,590,112,112
msg,0,45,442,6214,557,112,112
msg,0,46,407,19361,590,112,112
msg,0,47,447,10403,587,112,112
msg,0,48,412,9764,589,112,112
msg,0,49,412,6936,686,112,112
msg,0,50,438,6558,589,112,112
msg,0,51,414,8782,586,112,112
msg,0,52,410,19358,562,112,112
msg,0,53,455,7258,593,112,112
msg,0,54,425,20643,591,112,112
msg,0,55,412,8919,591,112,112
msg,0,56,411,5876,590,112,112
msg,0,57,442,6526,591,112,112
msg,0,58,411,5794,582,112,112
msg,0,59,410,6084,586,112,112
msg,0,60,441,6956,560,112,112
msg,0,61,443,19589,592,112,112
msg,0,62,452,6584,593,112,112
msg,0,63,447,8608,587,112,112
msg,0,64,409,17860,583,112,112
msg,0,65,440,6024,555,112,112
msg,0,66,447,6875,559,112,112
msg,0,67,411,5867,555,112,112
msg,0,68,411,6187,585,112,112
msg,0,69,417,6976,587,112,112
msg,0,70,438,8232,549,112,112
msg,0,71,412,23072,592,112,112
msg,0,72,413,6143,557,112,112
msg,0,73,442,8203,583,112,112
msg,0,74,413,11968,589,112,112
msg,0,75,416,6248,556,112,112
msg,0,76,445,5783,556,112,112
msg,0,77,446,6464,591,112,112
msg,0,78,443,5502,586,112,112
msg,0,79,415,5883,598,112,112
msg,0,80,407,5597,591,112,112
msg,0,81,411,21652,560,112,112
msg,0,82,418,7731,559,112,112
msg,0,83,410,5781,558,112,112
msg,0,84,424,18398,559,112,112
msg,0,85,444,6346,588,112,112
msg,0,86,410,6411,560,112,112
msg,0,87,410,5632,560,112,112
msg,0,88,443,6078,551,112,112
msg,0,89,517,5952,589,112,112
msg,0,90,412,5705,590,112,112
msg,0,91,415,6520,559,112,112
msg,0,92,414,13907,594,112,112
msg,0,93,413,6985,591,112,112
msg,0,94,446,6282,558,112,112
msg,0,95,413,17770,558,112,112
msg,0,96,411,7051,590,112,112
msg,0,97,412,5648,589,112,112
msg,0,98,411,5620,559,112,112
msg,0,99,413,5783,554,112,112
msg,0,100,412,5722,555,112,112
msg,0,101,416,6052,590,112,112
msg,0,102,410,6465,558,112,112
msg,0,103,410,17948,563,112,112
msg,0,104,417,8008,678,112,112
msg,0,105,441,9398,557,112,112
msg,0,106,424,11930,586,112,112
msg,0,107,421,5952,588,112,112
msg,0,108,436,5544,590,112,112
msg,0,109,409,6484,555,112,112
msg,0,110,418,5710,553,112,112
msg,0,111,413,5548,591,112,112
msg,0,112,456,6094,556,112,112
msg,0,113,406,5772,553,112,112
msg,0,114,424,14658,560,112,112
msg,0,115,413,6068,592,112,112
msg,0,116,412,6055,586,112,112
msg,0,117,443,19790,589,112,112
msg,0,118,457,8445,586,112,112
msg,0,119,407,7216,557,112,112
msg,0,120,453,6115,556,112,112
msg,0,121,416,7242,677,112,112
msg,0,122,452,5741,593,112,112
msg,0,123,440,6418,587,112,112
msg,0,124,417,21633,595,112,112
msg,0,125,415,8492,561,112,112
msg,0,126,408,20413,596,112,112
msg,0,127,451,5756,591,112,112
msg,0,128,442,6155,560,112,112
msg,0,129,416,5943,587,112,112
msg,0,130,411,5780,687,112,112
msg,0,131,419,6056,594,112,112
msg,0,132,440,9489,589,112,112
msg,0,133,410,20031,590,112,112
msg,0,134,438,8728,593,112,112
msg,0,135,445,18591,587,112,112
msg,0,136,445,7055,559,112,112
msg,0,137,412,5617,556,112,112
msg,0,138,439,7425,590,112,112
msg,0,139,413,6724,589,112,112
msg,0,140,412,7018,588,112,112
msg,0,141,450,9725,588,112,112
msg,0,142,446,19424,591,112,112
msg,0,143,421,7710,591,112,112
msg,0,144,410,21234,557,112,112
msg,0,145,449,8459,589,112,112
msg,0,146,449,6320,558,112,112
msg,0,147,409,6153,592,112,112
msg,0,148,442,6421,589,112,112
msg,0,149,413,6174,592,112,112
msg,0,150,459,9218,556,112,112
msg,0,151,410,19895,587,112,112
msg,0,152,418,6763,592,112,112
msg,0,153,411,20728,560,112,112
msg,0,154,410,8215,594,112,112
msg,0,155,442,6314,587,112,112
msg,0,156,417,6211,592,112,112
msg,0,157,442,6482,591,112,112
msg,0,158,423,7580,589,112,112
msg,0,159,412,26355,564,112,112
msg,0,160,448,6232,587,112,112
msg,0,161,418,6031,587,112,112
msg,0,162,436,17573,592,112,112
msg,0,163,406,7753,587,112,112
msg,0,164,408,5877,587,112,112
msg,0,165,405,7323,661,112,112
msg,0,166,425,8655,553,112,112
msg,0,167,414,7283,587,112,112
msg,0,168,442,6245,568,112,112
msg,0,169,412,67597,566,112,112
msg,0,170,446,6046,559,112,112
msg,0,171,410,6067,593,112,112
msg,0,172,415,18661,599,112,112
msg,0,173,408,18448,557,112,112
msg,0,174,412,8462,586,112,112
msg,0,175,449,19198,556,112,112
msg,0,176,411,6710,559,112,112
msg,0,177,410,7145,590,112,112
msg,0,178,413,8598,585,112,112
msg,0,179,412,8810,587,112,112
msg,0,180,422,6013,592,112,112
msg,0,181,440,6785,593,112,112
msg,0,182,447,19033,554,112,112
msg,0,183,444,5995,552,112,112
msg,0,184,510,5730,562,112,112
msg,0,185,412,18445,555,112,112
msg,0,186,445,6176,589,112,112
msg,0,187,429,5983,584,112,112
msg,0,188,413,5716,587,112,112
msg,0,189,483,6892,553,112,112
msg,0,190,425,8959,589,112,112
msg,0,191,406,6689,595,112,112
msg,0,192,409,18542,560,112,112
msg,0,193,425,6037,588,112,112
msg,0,194,409,5657,555,112,112
msg,0,195,409,18021,587,112,112
msg,0,196,414,6072,588,112,112
msg,0,197,446,5708,588,112,112
msg,0,198,441,7062,557,112,112
msg,0,199,411,9415,590,112,112
whole,0,492.867,2669.511,200
1,5.4430,445.2640,27.2210,477.9280,1941,2009,45,1400,4,14,5,20,167660,66248.0,70988.0,195716.0,42862.0,2,2,2,1
msg,1,0,603,6066,563,112,112
msg,1,1,415,8574,557,112,112
msg,1,2,441,7604,682,112,112
msg,1,3,442,6291,592,112,112
msg,1,4,422,17148,585,112,112
msg,1,5,439,5929,557,112,112
msg,1,6,442,6367,589,112,112
msg,1,7,407,19761,590,112,112
msg,1,8,403,6657,594,112,112
msg,1,9,411,6539,552,112,112
msg,1,10,413,6287,594,112,112
msg,1,11,441,6405,593,112,112
msg,1,12,408,6027,689,112,112
msg,1,13,445,70697,594,112,112
msg,1,14,447,9475,594,112,112
msg,1,15,408,8668,556,112,112
msg,1,16,421,5903,693,112,112
msg,1,17,413,32332,560,112,112
msg,1,18,412,7086,590,112,112
msg,1,19,414,5769,681,112,112
msg,1,20,413,15870,590,112,112
msg,1,21,453,6771,585,112,112
msg,1,22,454,5873,590,112,112
msg,1,23,442,5857,558,112,112
msg,1,24,444,5997,556,112,112
msg,1,25,412,7929,558,112,112
msg,1,26,413,10463,558,112,112
msg,1,27,440,17552,585,112,112
msg,1,28,445,5500,589,112,112
msg,1,29,409,5476,557,112,112
msg,1,30,420,131999,599,112,112
msg,1,31,411,19977,588,112,112
msg,1,32,442,10666,593,112,112
msg,1,33,445,5800,587,112,112
msg,1,34,442,17269,556,112,112
msg,1,35,423,5714,555,112,112
msg,1,36,424,5806,557,112,112
msg,1,37,411,16773,554,112,112
msg,1,38,408,6818,559,112,112
msg,1,39,410,5743,558,112,112
msg,1,40,414,5732,559,112,112
msg,1,41,413,9524,559,112,112
msg,1,42,455,13430,588,112,112
msg,1,43,409,17800,587,112,112
msg,1,44,410,6778,590,112,112
msg,1,45,411,5546,586,112,112
msg,1,46,410,20058,590,112,112
msg,1,47,441,6314,563,112,112
msg,1,48,408,5648,553,112,112
msg,1,49,410,5672,554,112,112
msg,1,50,442,5663,559,112,112
msg,1,51,441,5895,558,112,112
msg,1,52,447,6145,587,112,112
msg,1,53,413,7103,584,112,112
msg,1,54,445,16427,590,112,112
msg,1,55,405,5800,586,112,112
msg,1,56,408,5908,589,112,112
msg,1,57,407,17643,588,112,112
msg,1,58,408,6505,562,112,112
msg,1,59,410,5681,554,112,112
msg,1,60,412,5681,657,112,112
msg,1,61,412,5753,557,112,112
msg,1,62,413,5461,581,112,112
msg,1,63,439,29533,587,112,112
msg,1,64,408,6881,583,112,112
msg,1,65,439,5452,596,112,112
msg,1,66,409,16629,589,112,112
msg,1,67,413,6180,590,112,112
msg,1,68,445,6075,561,112,112
msg,1,69,410,5724,556,112,112
msg,1,70,411,5560,557,112,112
msg,1,71,437,6328,590,112,112
msg,1,72,412,5947,591,112,112
msg,1,73,439,7605,591,112,112
msg,1,74,408,19077,589,112,112
msg,1,75,449,5728,594,112,112
msg,1,76,444,6640,592,112,112
msg,1,77,444,55188,562,112,112
msg,1,78,413,10416,591,112,112
msg,1,79,445,18926,555,112,112
msg,1,80,439,7085,557,112,112
msg,1,81,416,18779,559,112,112
msg,1,82,412,7563,561,112,112
msg,1,83,414,5989,553,112,112
msg,1,84,428,5939,588,112,112
msg,1,85,409,5813,588,112,112
msg,1,86,415,5826,593,112,112
msg,1,87,407,5481,561,112,112
msg,1,88,412,5699,555,112,112
msg,1,89,415,17653,554,112,112
msg,1,90,413,6162,591,112,112
msg,1,91,407,5523,557,112,112
msg,1,92,411,19960,592,112,112
msg,1,93,409,6694,583,112,112
msg,1,94,413,23013,594,112,112
msg,1,95,413,6909,590,112,112
msg,1,96,547,7583,589,112,112
msg,1,97,438,24518,586,112,112
msg,1,98,411,6810,585,112,112
msg,1,99,414,14829,591,112,112
msg,1,100,416,9701,588,112,112
msg,1,101,416,5614,554,112,112
msg,1,102,413,5615,552,112,112
msg,1,103,417,5902,553,112,112
msg,1,104,509,5616,555,112,112
msg,1,105,415,5494,556,112,112
msg,1,106,439,5547,688,112,112
msg,1,107,438,19689,583,112,112
msg,1,108,439,5463,1122,112,112
msg,1,109,470,5793,557,112,112
msg,1,110,416,15550,589,112,112
msg,1,111,440,7461,590,112,112
msg,1,112,407,5523,590,112,112
msg,1,113,413,5634,556,112,112
msg,1,114,414,5769,555,112,112
msg,1,115,410,5626,557,112,112
msg,1,116,436,5509,587,112,112
msg,1,117,446,5572,588,112,112
msg,1,118,442,16081,556,112,112
msg,1,119,548,6170,586,112,112
msg,1,120,415,7952,596,112,112
msg,1,121,439,14243,559,112,112
msg,1,122,411,10000,587,112,112
msg,1,123,409,5956,589,112,112
msg,1,124,409,5679,591,112,112
msg,1,125,412,5564,557,112,112
msg,1,126,415,5502,557,112,112
msg,1,127,438,5459,583,112,112
msg,1,128,438,5996,556,112,112
msg,1,129,439,18109,554,112,112
msg,1,130,412,5708,554,112,112
msg,1,131,415,12871,558,112,112
msg,1,132,415,11726,559,112,112
msg,1,133,415,5583,558,112,112
msg,1,134,446,5811,557,112,112
msg,1,135,417,6825,560,112,112
msg,1,136,412,5383,587,112,112
msg,1,137,447,6157,559,112,112
msg,1,138,407,6440,591,112,112
msg,1,139,450,5678,585,112,112
msg,1,140,453,16278,585,112,112
msg,1,141,412,7197,586,112,112
msg,1,142,438,5962,558,112,112
msg,1,143,451,17342,587,112,112
msg,1,144,415,5862,594,112,112
msg,1,145,617,6671,586,112,112
msg,1,146,445,5717,587,112,112
msg,1,147,458,7993,556,112,112
msg,1,148,445,5543,583,112,112
msg,1,149,439,7399,588,112,112
msg,1,150,510,19656,681,112,112
msg,1,151,413,6010,588,112,112
msg,1,152,445,5935,559,112,112
msg,1,153,438,17732,555,112,112
msg,1,154,443,10719,588,112,112
msg,1,155,448,6470,590,112,112
msg,1,156,406,6026,589,112,112
msg,1,157,440,5646,590,112,112
msg,1,158,436,5725,584,112,112
msg,1,159,441,6111,556,112,112
msg,1,160,417,20965,561,112,112
msg,1,161,414,8079,589,112,112
msg,1,162,411,17304,559,112,112
msg,1,163,428,6352,584,112,112
msg,1,164,445,5702,587,112,112
msg,1,165,448,7878,593,112,112
msg,1,166,442,5592,591,112,112
msg,1,167,446,6644,682,112,112
msg,1,168,444,6460,586,112,112
msg,1,169,416,7225,554,112,112
msg,1,170,453,16310,582,112,112
msg,1,171,417,6335,557,112,112
msg,1,172,451,6022,556,112,112
msg,1,173,413,18090,593,112,112
msg,1,174,411,5996,588,112,112
msg,1,175,442,6146,558,112,112
msg,1,176,410,5944,585,112,112
msg,1,177,410,5966,587,112,112
msg,1,178,420,6196,556,112,112
msg,1,179,446,8155,592,112,112
msg,1,180,414,17934,594,112,112
msg,1,181,411,7204,562,112,112
msg,1,182,443,5961,557,112,112
msg,1,183,414,53181,594,112,112
msg,1,184,436,6579,590,112,112
msg,1,185,413,7794,588,112,112
msg,1,186,411,25075,587,112,112
msg,1,187,449,5916,560,112,112
msg,1,188,448,16706,561,112,112
msg,1,189,443,8185,587,112,112
msg,1,190,414,6814,583,112,112
msg,1,191,409,5933,586,112,112
msg,1,192,410,6789,589,112,112
msg,1,193,406,5837,589,112,112
msg,1,194,411,7158,556,112,112
msg,1,195,452,19417,594,112,112
msg,1,196,440,6213,560,112,112
msg,1,197,409,6019,586,112,112
msg,1,198,410,21847,596,112,112
msg,1,199,511,7051,590,112,112
whole,1,491.999,2839.057,200
2,4.6730,447.0180,15.9370,467.6280,1942,2008,45,1400,4,14,5,20,167660,66349.0,70116.0,195310.0,42893.0,2,2,2,1
msg,2,0,603,13218,588,112,112
msg,2,1,424,6769,588,112,112
msg,2,2,409,5813,584,112,112
msg,2,3,407,5481,559,112,112
msg,2,4,412,6313,592,112,112
msg,2,5,432,5845,591,112,112
msg,2,6,445,8245,563,112,112
msg,2,7,414,17853,588,112,112
msg,2,8,408,6852,589,112,112
msg,2,9,411,8374,556,112,112
msg,2,10,446,18316,594,112,112
msg,2,11,416,6391,552,112,112
msg,2,12,412,7943,590,112,112
msg,2,13,410,6014,594,112,112
msg,2,14,445,7113,558,112,112
msg,2,15,452,6187,586,112,112
msg,2,16,412,6538,556,112,112
msg,2,17,416,18900,589,112,112
msg,2,18,414,6169,590,112,112
msg,2,19,440,6373,586,112,112
msg,2,20,411,18126,585,112,112
msg,2,21,439,6800,588,112,112
msg,2,22,444,5969,557,112,112
msg,2,23,441,6148,587,112,112
msg,2,24,414,7174,588,112,112
msg,2,25,436,7877,557,112,112
msg,2,26,443,6527,592,112,112
msg,2,27,437,20511,587,112,112
msg,2,28,414,6477,553,112,112
msg,2,29,415,9438,592,112,112
msg,2,30,445,19024,555,112,112
msg,2,31,418,6401,591,112,112
msg,2,32,438,7502,684,112,112
msg,2,33,414,5638,590,112,112
msg,2,34,409,6464,553,112,112
msg,2,35,411,7750,562,112,112
msg,2,36,413,17109,677,112,112
msg,2,37,410,6049,585,112,112
msg,2,38,449,36886,558,112,112
msg,2,39,445,7446,588,112,112
msg,2,40,438,7985,555,112,112
msg,2,41,443,6078,560,112,112
msg,2,42,407,5779,555,112,112
msg,2,43,416,7020,590,112,112
msg,2,44,412,22320,559,112,112
msg,2,45,440,5868,555,112,112
msg,2,46,411,17025,588,112,112
msg,2,47,413,10790,586,112,112
msg,2,48,411,5713,584,112,112
msg,2,49,413,5715,562,112,112
msg,2,50,419,6445,560,112,112
msg,2,51,442,5720,556,112,112
msg,2,52,443,8151,558,112,112
msg,2,53,416,17984,589,112,112
msg,2,54,412,9340,556,112,112
msg,2,55,413,5721,561,112,112
msg,2,56,441,17044,551,112,112
msg,2,57,413,6631,557,112,112
msg,2,58,427,5700,557,112,112
msg,2,59,448,5743,556,112,112
msg,2,60,448,10094,589,112,112
msg,2,61,406,6644,563,112,112
msg,2,62,416,6614,559,112,112
msg,2,63,416,24277,589,112,112
msg,2,64,412,6024,585,112,112
msg,2,65,450,20028,554,112,112
msg,2,66,416,5972,551,112,112
msg,2,67,408,17124,594,112,112
msg,2,68,444,7202,557,112,112
msg,2,69,414,5833,559,112,112
msg,2,70,412,5834,562,112,112
msg,2,71,417,19071,588,112,112
msg,2,72,423,6453,558,112,112
msg,2,73,413,5750,557,112,112
msg,2,74,415,16859,554,112,112
msg,2,75,414,22011,585,112,112
msg,2,76,412,10255,556,112,112
msg,2,77,448,12323,591,112,112
msg,2,78,412,19655,591,112,112
msg,2,79,406,5803,590,112,112
msg,2,80,410,5869,695,112,112
msg,2,81,442,20306,556,112,112
msg,2,82,412,6399,590,112,112
msg,2,83,438,5887,562,112,112
msg,2,84,445,5725,559,112,112
msg,2,85,442,5650,591,112,112
msg,2,86,465,5592,592,112,112
msg,2,87,458,8957,557,112,112
msg,2,88,413,19432,587,112,112
msg,2,89,445,5950,557,112,112
msg,2,90,448,5565,588,112,112
msg,2,91,444,17480,586,112,112
msg,2,92,410,6286,557,112,112
msg,2,93,443,6942,561,112,112
msg,2,94,411,8194,594,112,112
msg,2,95,452,6422,557,112,112
msg,2,96,414,5621,557,112,112
msg,2,97,418,6996,590,112,112
msg,2,98,417,20527,558,112,112
msg,2,99,415,5741,555,112,112
msg,2,100,412,5671,561,112,112
msg,2,101,445,14091,589,112,112
msg,2,102,415,7749,557,112,112
msg,2,103,427,6930,588,112,112
msg,2,104,404,8472,553,112,112
msg,2,105,412,6168,591,112,112
msg,2,106,410,7702,587,112,112
msg,2,107,410,6818,591,112,112
msg,2,108,409,17026,585,112,112
msg,2,109,451,6341,588,112,112
msg,2,110,409,5647,592,112,112
msg,2,111,410,16443,556,112,112
msg,2,112,409,9995,558,112,112
msg,2,113,415,6293,586,112,112
msg,2,114,457,7565,745,112,112
msg,2,115,446,8931,558,112,112
msg,2,116,447,5738,557,112,112
msg,2,117,455,6157,589,112,112
msg,2,118,412,18810,593,112,112
msg,2,119,413,5765,591,112,112
msg,2,120,410,6037,588,112,112
msg,2,121,441,17832,678,112,112
msg,2,122,443,6245,587,112,112
msg,2,123,410,5740,557,112,112
msg,2,124,411,7803,587,112,112
msg,2,125,417,7441,553,112,112
msg,2,126,446,6615,587,112,112
msg,2,127,445,6552,591,112,112
msg,2,128,445,19630,588,112,112
msg,2,129,410,6907,586,112,112
msg,2,130,436,5519,591,112,112
msg,2,131,410,13532,554,112,112
msg,2,132,410,7673,557,112,112
msg,2,133,421,5860,560,112,112
msg,2,134,416,6251,592,112,112
msg,2,135,442,5942,558,112,112
msg,2,136,447,6060,558,112,112
msg,2,137,412,6693,558,112,112
msg,2,138,414,6689,554,112,112
msg,2,139,444,17030,558,112,112
msg,2,140,414,5909,588,112,112
msg,2,141,412,6459,556,112,112
msg,2,142,409,13934,556,112,112
msg,2,143,418,9590,558,112,112
msg,2,144,414,5845,556,112,112
msg,2,145,412,5648,562,112,112
msg,2,146,408,5645,558,112,112
msg,2,147,435,5865,557,112,112
msg,2,148,410,10090,585,112,112
msg,2,149,411,17817,589,112,112
msg,2,150,423,7320,556,112,112
msg,2,151,446,6590,592,112,112
msg,2,152,435,18414,585,112,112
msg,2,153,410,6540,555,112,112
msg,2,154,416,5638,722,112,112
msg,2,155,425,5807,586,112,112
msg,2,156,415,5635,559,112,112
msg,2,157,423,6755,557,112,112
msg,2,158,419,13120,593,112,112
msg,2,159,420,16463,551,112,112
msg,2,160,412,6077,591,112,112
msg,2,161,412,5640,591,112,112
msg,2,162,410,17773,586,112,112
msg,2,163,408,6200,594,112,112
msg,2,164,449,5789,594,112,112
msg,2,165,453,5629,590,112,112
msg,2,166,443,5848,591,112,112
msg,2,167,444,5666,583,112,112
msg,2,168,441,6982,558,112,112
msg,2,169,445,6719,569,112,112
msg,2,170,446,16267,589,112,112
msg,2,171,417,6607,592,112,112
msg,2,172,406,5712,554,112,112
msg,2,173,415,16818,583,112,112
msg,2,174,412,6520,557,112,112
msg,2,175,510,5656,564,112,112
msg,2,176,416,6446,591,112,112
msg,2,177,437,5693,587,112,112
msg,2,178,539,7457,592,112,112
msg,2,179,617,12146,554,112,112
msg,2,180,416,13239,593,112,112
msg,2,181,408,6461,555,112,112
msg,2,182,413,5988,588,112,112
msg,2,183,409,24563,557,112,112
msg,2,184,410,6078,594,112,112
msg,2,185,412,5721,587,112,112
msg,2,186,409,5721,592,112,112
msg,2,187,413,5937,594,112,112
msg,2,188,438,5741,587,112,112
msg,2,189,445,7442,588,112,112
msg,2,190,411,20094,589,112,112
msg,2,191,440,8223,555,112,112
msg,2,192,413,17977,591,112,112
msg,2,193,414,8938,595,112,112
msg,2,194,415,5697,588,112,112
msg,2,195,411,5640,554,112,112
msg,2,196,414,5687,555,112,112
msg,2,197,411,8111,590,112,112
msg,2,198,418,5657,594,112,112
msg,2,199,414,28751,587,112,112
whole,2,493.727,2615.215,200
#heap 21985
#stack 2640
#end
#block pipeline mTLS lorawan11_256 up
#aead AES-256-CTR+2xCMAC (LoRaWAN 1.1 frame, 256-bit keys) (BearSSL (arduino-pico)), uplink, 51 B payload + 13 B overhead
#lib wolfSSL 5.9.4
iter,tcp_ms,tls_ms,mqtt_ms,total_ms,hs_tx_B,hs_rx_B,mqtt_tx_B,mqtt_rx_B,hs_writes,hs_reads,writes,reads,free_heap_B,hs_keygen_us,hs_derive_us,hs_verify_us,hs_sign_us,hs_keygen_n,hs_derive_n,hs_verify_n,hs_sign_n
msg,iter,idx,seal_us,rtt_us,open_us,tx_B,rx_B
whole,iter,first_ms,all_ms,msgs
#suite TLS13-AES256-GCM-SHA384
0,7.3970,453.8680,29.0850,490.3500,1942,2008,45,1400,4,14,5,20,167660,66218.0,70269.0,195164.0,42910.0,2,2,2,1
msg,0,0,1103,5902,1195,112,112
msg,0,1,943,6004,1074,112,112
msg,0,2,936,6173,1085,112,112
msg,0,3,903,6410,1083,112,112
msg,0,4,944,8645,1070,112,112
msg,0,5,935,16513,1093,112,112
msg,0,6,933,5980,1075,112,112
msg,0,7,930,18991,1077,112,112
msg,0,8,940,8552,1072,112,112
msg,0,9,931,5846,1082,112,112
msg,0,10,940,6023,1079,112,112
msg,0,11,935,7464,1073,112,112
msg,0,12,933,5760,1075,112,112
msg,0,13,1035,5902,1085,112,112
msg,0,14,933,16780,1076,112,112
msg,0,15,935,5851,1077,112,112
msg,0,16,927,10103,1079,112,112
msg,0,17,940,9919,1066,112,112
msg,0,18,1030,5847,1074,112,112
msg,0,19,934,5830,1079,112,112
msg,0,20,930,6079,1086,112,112
msg,0,21,941,5992,1081,112,112
msg,0,22,937,5568,1178,112,112
msg,0,23,930,5631,1078,112,112
msg,0,24,903,20300,1072,112,112
msg,0,25,930,7031,1083,112,112
msg,0,26,935,19591,1081,112,112
msg,0,27,933,5752,1075,112,112
msg,0,28,932,6027,1081,112,112
msg,0,29,904,6030,1096,112,112
msg,0,30,946,5569,1080,112,112
msg,0,31,901,6902,1082,112,112
msg,0,32,928,5941,1067,112,112
msg,0,33,932,17950,1078,112,112
msg,0,34,933,6128,1087,112,112
msg,0,35,936,18361,1070,112,112
msg,0,36,928,8721,1066,112,112
msg,0,37,931,5742,1063,112,112
msg,0,38,943,5602,1063,112,112
msg,0,39,930,5710,1061,112,112
msg,0,40,932,6188,1081,112,112
msg,0,41,947,5862,1078,112,112
msg,0,42,939,15953,1080,112,112
msg,0,43,901,6312,1072,112,112
msg,0,44,936,5856,1079,112,112
msg,0,45,939,16516,1061,112,112
msg,0,46,944,8852,1068,112,112
msg,0,47,933,10997,1075,112,112
msg,0,48,933,7837,1177,112,112
msg,0,49,930,12353,1068,112,112
msg,0,50,930,18577,1095,112,112
msg,0,51,925,7649,1077,112,112
msg,0,52,940,17212,1082,112,112
msg,0,53,936,8682,1077,112,112
msg,0,54,946,5620,1067,112,112
msg,0,55,927,6258,1086,112,112
msg,0,56,932,7169,1063,112,112
msg,0,57,935,5571,1079,112,112
msg,0,58,934,5530,1083,112,112
msg,0,59,936,14874,1087,112,112
msg,0,60,904,5674,1083,112,112
msg,0,61,930,6876,1091,112,112
msg,0,62,931,17161,1067,112,112
msg,0,63,940,5564,1252,112,112
msg,0,64,934,5899,1073,112,112
msg,0,65,939,5772,1077,112,112
msg,0,66,940,5827,1076,112,112
msg,0,67,938,5630,1072,112,112
msg,0,68,933,6232,1166,112,112
msg,0,69,926,18296,1078,112,112
msg,0,70,933,6744,1073,112,112
msg,0,71,929,18031,1078,112,112
msg,0,72,940,8574,1077,112,112
msg,0,73,930,5570,1061,112,112
msg,0,74,935,6430,1087,112,112
msg,0,75,928,5922,1091,112,112
msg,0,76,950,5570,1074,112,112
msg,0,77,936,5743,1091,112,112
msg,0,78,932,18193,1071,112,112
msg,0,79,931,7994,1083,112,112
msg,0,80,938,17589,1079,112,112
msg,0,81,934,8664,1076,112,112
msg,0,82,928,5600,1061,112,112
msg,0,83,940,5544,1082,112,112
msg,0,84,1024,6200,1080,112,112
msg,0,85,1124,5774,1078,112,112
msg,0,86,935,8829,1080,112,112
msg,0,87,930,12818,1081,112,112
msg,0,88,907,6849,1081,112,112
msg,0,89,912,6750,1089,112,112
msg,0,90,909,15017,1089,112,112
msg,0,91,937,6538,1086,112,112
msg,0,92,931,5562,1081,112,112
msg,0,93,942,7810,1083,112,112
msg,0,94,933,6052,1091,112,112
msg,0,95,928,6262,1078,112,112
msg,0,96,929,5948,1074,112,112
msg,0,97,930,15374,1077,112,112
msg,0,98,935,5700,1067,112,112
msg,0,99,938,19455,1081,112,112
msg,0,100,929,8398,1091,112,112
msg,0,101,935,5580,1071,112,112
msg,0,102,933,6236,1086,112,112
msg,0,103,935,6837,1090,112,112
msg,0,104,934,5686,1062,112,112
msg,0,105,935,6466,1084,112,112
msg,0,106,935,17628,1083,112,112
msg,0,107,935,5631,1078,112,112
msg,0,108,938,19279,1087,112,112
msg,0,109,958,6655,1080,112,112
msg,0,110,938,5639,1085,112,112
msg,0,111,949,5659,1080,112,112
msg,0,112,899,6000,1086,112,112
msg,0,113,938,5855,1057,112,112
msg,0,114,931,7822,1064,112,112
msg,0,115,932,19331,1081,112,112
msg,0,116,933,7463,1078,112,112
msg,0,117,934,8396,1093,112,112
msg,0,118,926,10035,1078,112,112
msg,0,119,939,7125,1088,112,112
msg,0,120,930,6249,1064,112,112
msg,0,121,937,6185,1082,112,112
msg,0,122,934,5974,1086,112,112
msg,0,123,931,5660,1082,112,112
msg,0,124,900,6964,1084,112,112
msg,0,125,1032,15866,1062,112,112
msg,0,126,931,5640,1094,112,112
msg,0,127,929,19070,1085,112,112
msg,0,128,925,8063,1081,112,112
msg,0,129,932,5810,1084,112,112
msg,0,130,933,5938,1088,112,112
msg,0,131,928,7213,1077,112,112
msg,0,132,933,6245,1180,112,112
msg,0,133,925,6449,1084,112,112
msg,0,134,936,16775,1079,112,112
msg,0,135,931,5868,1077,112,112
msg,0,136,902,19384,1086,112,112
msg,0,137,933,8690,1076,112,112
msg,0,138,932,6055,1082,112,112
msg,0,139,949,7470,1071,112,112
msg,0,140,931,11511,1093,112,112
msg,0,141,932,9928,1072,112,112
msg,0,142,929,15491,1080,112,112
msg,0,143,941,5924,1631,112,112
msg,0,144,904,18360,1085,112,112
msg,0,145,927,8733,1170,112,112
msg,0,146,930,5720,1084,112,112
msg,0,147,935,5720,1080,112,112
msg,0,148,932,7326,1076,112,112
msg,0,149,933,5712,1082,112,112
msg,0,150,928,5791,1080,112,112
msg,0,151,927,17313,1083,112,112
msg,0,152,929,8181,1079,112,112
msg,0,153,935,17836,1097,112,112
msg,0,154,930,7081,1078,112,112
msg,0,155,935,5774,1073,112,112
msg,0,156,931,5756,1076,112,112
msg,0,157,943,5771,1080,112,112
msg,0,158,930,5798,1074,112,112
msg,0,159,938,7951,1085,112,112
msg,0,160,937,18006,1085,112,112
msg,0,161,925,7443,1087,112,112
msg,0,162,934,17749,1087,112,112
msg,0,163,933,8619,1077,112,112
msg,0,164,927,6314,1079,112,112
msg,0,165,928,5603,1091,112,112
msg,0,166,901,7746,1077,112,112
msg,0,167,903,5714,1081,112,112
msg,0,168,934,5917,1080,112,112
msg,0,169,931,16546,1077,112,112
msg,0,170,934,5791,1080,112,112
msg,0,171,931,19780,1087,112,112
msg,0,172,907,7838,1082,112,112
msg,0,173,930,5930,1095,112,112
msg,0,174,941,5576,1082,112,112
msg,0,175,930,5600,1081,112,112
msg,0,176,932,5591,1082,112,112
msg,0,177,929,7124,1082,112,112
msg,0,178,1026,18249,1171,112,112
msg,0,179,942,5634,1075,112,112
msg,0,180,933,10512,1062,112,112
msg,0,181,931,9729,1063,112,112
msg,0,182,934,6042,1076,112,112
msg,0,183,934,5942,1077,112,112
msg,0,184,938,5689,1078,112,112
msg,0,185,928,7273,1089,112,112
msg,0,186,930,5577,1080,112,112
msg,0,187,944,5613,1080,112,112
msg,0,188,905,17434,1087,112,112
msg,0,189,932,5700,1080,112,112
msg,0,190,946,19907,1077,112,112
msg,0,191,940,6820,1084,112,112
msg,0,192,902,5609,1080,112,112
msg,0,193,1042,6826,1083,112,112
msg,0,194,902,5862,1080,112,112
msg,0,195,927,6357,1073,112,112
msg,0,196,931,6594,1073,112,112
msg,0,197,938,18220,1088,112,112
msg,0,198,902,6046,1095,112,112
msg,0,199,929,19617,1085,112,112
whole,0,527.923,2763.511,200
1,4.5260,451.4550,14.6160,470.5970,1942,2009,45,1400,4,14,5,20,167660,66248.0,70333.0,195222.0,43023.0,2,2,2,1
msg,1,0,1101,10110,1086,112,112
msg,1,1,928,6269,1079,112,112
msg,1,2,932,7924,1079,112,112
msg,1,3,929,5616,1082,112,112
msg,1,4,934,5956,1084,112,112
msg,1,5,937,5867,1082,112,112
msg,1,6,924,15897,1083,112,112
msg,1,7,933,5746,1086,112,112
msg,1,8,933,19770,1678,112,112
msg,1,9,944,8200,1091,112,112
msg,1,10,929,15798,1055,112,112
msg,1,11,932,6101,1079,112,112
msg,1,12,932,6240,1081,112,112
msg,1,13,923,5542,1081,112,112
msg,1,14,935,15895,1093,112,112
msg,1,15,932,5603,1082,112,112
msg,1,16,929,20546,1082,112,112
msg,1,17,931,8405,1069,112,112
msg,1,18,934,6805,1064,112,112
msg,1,19,947,9763,1060,112,112
msg,1,20,926,8359,1081,112,112
msg,1,21,928,8018,1079,112,112
msg,1,22,931,14423,1080,112,112
msg,1,23,934,5722,1084,112,112
msg,1,24,931,6374,1066,112,112
msg,1,25,934,13519,1081,112,112
msg,1,26,946,8949,1060,112,112
msg,1,27,928,5734,1058,112,112
msg,1,28,935,6688,1088,112,112
msg,1,29,936,9686,1078,112,112
msg,1,30,930,5718,1088,112,112
msg,1,31,932,20050,1068,112,112
msg,1,32,931,5895,1075,112,112
msg,1,33,931,6861,1079,112,112
msg,1,34,935,15889,1078,112,112
msg,1,35,938,5870,1083,112,112
msg,1,36,934,6103,1085,112,112
msg,1,37,948,6552,1085,112,112
msg,1,38,927,6312,1074,112,112
msg,1,39,932,5738,1073,112,112
msg,1,40,948,5673,1070,112,112
msg,1,41,1098,14026,1080,112,112
msg,1,42,934,9219,1057,112,112
msg,1,43,940,9537,1084,112,112
msg,1,44,1025,10070,1072,112,112
msg,1,45,936,6288,1086,112,112
msg,1,46,935,5574,1080,112,112
msg,1,47,906,7838,1081,112,112
msg,1,48,928,8895,1090,112,112
msg,1,49,943,10661,1085,112,112
msg,1,50,928,13502,1085,112,112
msg,1,51,932,5879,1081,112,112
msg,1,52,904,5631,1086,112,112
msg,1,53,931,18640,1085,112,112
msg,1,54,932,6126,1086,112,112
msg,1,55,928,7335,1080,112,112
msg,1,56,930,6110,1085,112,112
msg,1,57,931,5784,1077,112,112
msg,1,58,926,5549,1074,112,112
msg,1,59,1031,5630,1081,112,112
msg,1,60,930,12861,1175,112,112
msg,1,61,929,5661,1083,112,112
msg,1,62,1080,6436,1080,112,112
msg,1,63,949,13094,1080,112,112
msg,1,64,932,8946,1061,112,112
msg,1,65,928,6814,1059,112,112
msg,1,66,927,5852,1073,112,112
msg,1,67,929,6484,1182,112,112
msg,1,68,927,6042,1078,112,112
msg,1,69,935,5939,1081,112,112
msg,1,70,929,19994,1077,112,112
msg,1,71,907,9137,1059,112,112
msg,1,72,934,18100,1183,112,112
msg,1,73,931,5826,1081,112,112
msg,1,74,930,6307,1067,112,112
msg,1,75,927,5727,1060,112,112
msg,1,76,932,7799,1069,112,112
msg,1,77,989,8574,1084,112,112
msg,1,78,930,18538,1075,112,112
msg,1,79,933,5929,1074,112,112
msg,1,80,928,20200,1077,112,112
msg,1,81,937,7493,1083,112,112
msg,1,82,944,6482,1075,112,112
msg,1,83,935,5654,1068,112,112
msg,1,84,932,5945,1075,112,112
msg,1,85,935,5714,1075,112,112
msg,1,86,930,5986,1084,112,112
msg,1,87,939,18340,1057,112,112
msg,1,88,930,5562,1079,112,112
msg,1,89,928,5763,1081,112,112
msg,1,90,935,15162,1070,112,112
msg,1,91,931,7805,1082,112,112
msg,1,92,934,6614,1067,112,112
msg,1,93,933,6657,1066,112,112
msg,1,94,942,8613,1079,112,112
msg,1,95,934,7206,1077,112,112
msg,1,96,933,16046,1077,112,112
msg,1,97,938,6455,1670,112,112
msg,1,98,927,6509,1081,112,112
msg,1,99,906,14807,1081,112,112
msg,1,100,903,6205,1064,112,112
msg,1,101,929,5680,1067,112,112
msg,1,102,928,5520,1079,112,112
msg,1,103,932,6767,1179,112,112
msg,1,104,936,5969,1067,112,112
msg,1,105,934,6628,1096,112,112
msg,1,106,933,16670,1081,112,112
msg,1,107,937,5902,1063,112,112
msg,1,108,932,19589,1078,112,112
msg,1,109,942,5699,1079,112,112
msg,1,110,938,5557,1085,112,112
msg,1,111,933,5569,1076,112,112
msg,1,112,1036,9534,1231,112,112
msg,1,113,937,6298,1063,112,112
msg,1,114,931,31059,1079,112,112
msg,1,115,936,5788,1075,112,112
msg,1,116,934,17352,1090,112,112
msg,1,117,931,5938,1061,112,112
msg,1,118,941,6183,1078,112,112
msg,1,119,1497,5857,1072,112,112
msg,1,120,939,7781,1075,112,112
msg,1,121,934,7085,1084,112,112
msg,1,122,938,19882,1085,112,112
msg,1,123,942,5933,1081,112,112
msg,1,124,944,5605,1081,112,112
msg,1,125,902,17711,1077,112,112
msg,1,126,931,5791,1072,112,112
msg,1,127,932,5654,1080,112,112
msg,1,128,936,5651,1079,112,112
msg,1,129,933,5628,1081,112,112
msg,1,130,935,5546,1064,112,112
msg,1,131,935,7583,1077,112,112
msg,1,132,933,17294,1081,112,112
msg,1,133,942,5628,1077,112,112
msg,1,134,931,19293,1085,112,112
msg,1,135,929,8518,1085,112,112
msg,1,136,937,5679,1078,112,112
msg,1,137,933,6151,1078,112,112
msg,1,138,1109,6364,1080,112,112
msg,1,139,903,9525,1087,112,112
msg,1,140,1041,19649,1085,112,112
msg,1,141,930,6227,1090,112,112
msg,1,142,924,5632,1179,112,112
msg,1,143,935,18287,1172,112,112
msg,1,144,932,6185,1093,112,112
msg,1,145,928,6347,1082,112,112
msg,1,146,938,6773,1083,112,112
msg,1,147,935,6582,1084,112,112
msg,1,148,929,7827,1075,112,112
msg,1,149,932,17807,1086,112,112
msg,1,150,931,5798,1078,112,112
msg,1,151,933,5615,1078,112,112
msg,1,152,931,14625,1077,112,112
msg,1,153,935,8106,1085,112,112
msg,1,154,925,5810,1079,112,112
msg,1,155,900,5985,1081,112,112
msg,1,156,937,5862,1062,112,112
msg,1,157,930,5602,1082,112,112
msg,1,158,940,6527,1080,112,112
msg,1,159,932,20693,1091,112,112
msg,1,160,904,6334,1174,112,112
msg,1,161,929,18279,1187,112,112
msg,1,162,935,6989,1073,112,112
msg,1,163,945,5700,1059,112,112
msg,1,164,940,7146,1088,112,112
msg,1,165,933,7155,1078,112,112
msg,1,166,934,5713,1078,112,112
msg,1,167,932,5988,1056,112,112
msg,1,168,935,20477,1086,112,112
msg,1,169,931,25542,1085,112,112
msg,1,170,932,7321,1067,112,112
msg,1,171,933,6557,1097,112,112
msg,1,172,933,6832,1065,112,112
msg,1,173,932,5829,1068,112,112
msg,1,174,1022,7076,1075,112,112
msg,1,175,927,20390,1057,112,112
msg,1,176,937,8188,1083,112,112
msg,1,177,931,20015,1081,112,112
msg,1,178,931,8422,1075,112,112
msg,1,179,936,6412,1056,112,112
msg,1,180,932,6915,1073,112,112
msg,1,181,936,10721,1066,112,112
msg,1,182,927,7479,1082,112,112
msg,1,183,932,21620,1086,112,112
msg,1,184,924,6475,1088,112,112
msg,1,185,942,20232,1093,112,112
msg,1,186,929,5520,1174,112,112
msg,1,187,928,5878,1097,112,112
msg,1,188,935,5973,1075,112,112
msg,1,189,945,5697,1057,112,112
msg,1,190,941,5705,1062,112,112
msg,1,191,931,7073,1081,112,112
msg,1,192,929,19275,1079,112,112
msg,1,193,925,6293,1077,112,112
msg,1,194,935,19921,1082,112,112
msg,1,195,930,6461,1079,112,112
msg,1,196,931,7076,1076,112,112
msg,1,197,936,5714,1083,112,112
msg,1,198,1033,5605,1080,112,112
msg,1,199,935,5711,1079,112,112
whole,1,503.449,2791.655,200
2,19.4840,460.2620,12.9990,492.7450,1943,2009,45,1400,4,14,5,20,167660,66196.0,70252.0,195314.0,42917.0,2,2,2,1
msg,2,0,1092,10567,1067,112,112
msg,2,1,933,15760,1064,112,112
msg,2,2,935,5803,1070,112,112
msg,2,3,936,20209,1086,112,112
msg,2,4,932,7318,1062,112,112
msg,2,5,936,5864,1067,112,112
msg,2,6,934,5722,1071,112,112
msg,2,7,934,5694,1065,112,112
msg,2,8,930,5812,1059,112,112
msg,2,9,933,7776,1063,112,112
msg,2,10,933,17758,1066,112,112
msg,2,11,939,6058,1087,112,112
msg,2,12,934,19713,1083,112,112
msg,2,13,930,8225,1082,112,112
msg,2,14,922,6061,1064,112,112
msg,2,15,933,6168,1082,112,112
msg,2,16,934,7047,1082,112,112
msg,2,17,929,6049,1059,112,112
msg,2,18,931,6528,1078,112,112
msg,2,19,943,13308,1080,112,112
msg,2,20,938,6044,1085,112,112
msg,2,21,931,5780,1077,112,112
msg,2,22,931,18329,1082,112,112
msg,2,23,946,5657,1172,112,112
msg,2,24,931,6372,1062,112,112
msg,2,25,937,5564,1079,112,112
msg,2,26,1514,5947,1080,112,112
msg,2,27,935,5711,1079,112,112
msg,2,28,931,6915,1084,112,112
msg,2,29,910,15569,1076,112,112
msg,2,30,934,5708,1082,112,112
msg,2,31,933,19922,1084,112,112
msg,2,32,930,8208,1160,112,112
msg,2,33,936,5671,1248,112,112
msg,2,34,938,6085,1079,112,112
msg,2,35,932,6841,1088,112,112
msg,2,36,945,5754,1078,112,112
msg,2,37,932,6631,1079,112,112
msg,2,38,939,16300,1060,112,112
msg,2,39,934,5932,1075,112,112
msg,2,40,935,21636,1071,112,112
msg,2,41,932,6769,1064,112,112
msg,2,42,929,5870,1074,112,112
msg,2,43,930,1316212,1094,112,112
msg,2,44,934,6063,1093,112,112
msg,2,45,938,5808,1066,112,112
msg,2,46,939,6400,1086,112,112
msg,2,47,907,6491,1076,112,112
msg,2,48,935,8797,1080,112,112
msg,2,49,949,18607,1083,112,112
msg,2,50,927,6267,1088,112,112
msg,2,51,938,19249,1076,112,112
msg,2,52,945,9448,1059,112,112
msg,2,53,930,5808,1058,112,112
msg,2,54,937,6010,1077,112,112
msg,2,55,937,6687,1076,112,112
msg,2,56,930,5977,1077,112,112
msg,2,57,934,5694,1228,112,112
msg,2,58,931,16446,1073,112,112
msg,2,59,1030,5634,1063,112,112
msg,2,60,937,5560,1094,112,112
msg,2,61,945,17855,1062,112,112
msg,2,62,945,7019,1078,112,112
msg,2,63,934,8610,1062,112,112
msg,2,64,943,5963,1073,112,112
msg,2,65,935,6142,1083,112,112
msg,2,66,903,6603,1239,112,112
msg,2,67,914,18382,1066,112,112
msg,2,68,933,5906,1078,112,112
msg,2,69,932,19516,1073,112,112
msg,2,70,937,7167,1175,112,112
msg,2,71,904,6147,1060,112,112
msg,2,72,935,5911,1065,112,112
msg,2,73,933,5624,1058,112,112
msg,2,74,931,5779,1065,112,112
msg,2,75,930,7118,1082,112,112
msg,2,76,933,18594,1070,112,112
msg,2,77,934,5546,1091,112,112
msg,2,78,931,20463,1081,112,112
msg,2,79,899,8319,1077,112,112
msg,2,80,936,5596,1064,112,112
msg,2,81,931,5586,1188,112,112
msg,2,82,932,6134,1081,112,112
msg,2,83,945,5547,1065,112,112
msg,2,84,934,6210,1083,112,112
msg,2,85,936,18447,1075,112,112
msg,2,86,930,5893,1078,112,112
msg,2,87,931,20060,1092,112,112
msg,2,88,901,8323,1080,112,112
msg,2,89,931,5835,1081,112,112
msg,2,90,934,5545,1061,112,112
msg,2,91,931,5918,1072,112,112
msg,2,92,931,6064,1176,112,112
msg,2,93,1056,6316,1076,112,112
msg,2,94,932,17806,1077,112,112
msg,2,95,1125,5773,1074,112,112
msg,2,96,932,19327,1063,112,112
msg,2,97,939,8894,1171,112,112
msg,2,98,943,6099,1085,112,112
msg,2,99,926,5745,1082,112,112
msg,2,100,929,5610,1078,112,112
msg,2,101,931,5846,1074,112,112
msg,2,102,931,6458,1075,112,112
msg,2,103,927,15150,1080,112,112
msg,2,104,933,5823,1086,112,112
msg,2,105,904,6004,1079,112,112
msg,2,106,933,17412,1081,112,112
msg,2,107,930,5689,1082,112,112
msg,2,108,935,6644,1069,112,112
msg,2,109,928,5754,1634,112,112
msg,2,110,942,6013,1072,112,112
msg,2,111,928,5843,1080,112,112
msg,2,112,943,5682,1069,112,112
msg,2,113,934,16712,1062,112,112
msg,2,114,932,6313,1081,112,112
msg,2,115,922,19964,1079,112,112
msg,2,116,930,8119,1069,112,112
msg,2,117,933,6028,1078,112,112
msg,2,118,931,5632,1080,112,112
msg,2,119,935,6018,1082,112,112
msg,2,120,1116,5541,1078,112,112
msg,2,121,933,5915,1084,112,112
msg,2,122,929,19964,1095,112,112
msg,2,123,932,8440,1078,112,112
msg,2,124,901,17901,1082,112,112
msg,2,125,931,6135,1066,112,112
msg,2,126,934,5549,1096,112,112
msg,2,127,931,5538,1077,112,112
msg,2,128,934,6342,1075,112,112
msg,2,129,931,6021,1088,112,112
msg,2,130,931,6059,1084,112,112
msg,2,131,940,17991,1066,112,112
msg,2,132,1523,5750,1080,112,112
msg,2,133,914,19528,1071,112,112
msg,2,134,947,8519,1074,112,112
msg,2,135,933,5639,1067,112,112
msg,2,136,925,5682,1060,112,112
msg,2,137,937,5635,1088,112,112
msg,2,138,946,5479,1084,112,112
msg,2,139,914,6772,1080,112,112
msg,2,140,1027,19257,1082,112,112
msg,2,141,935,5665,1175,112,112
msg,2,142,935,18395,1179,112,112
msg,2,143,929,9009,1077,112,112
msg,2,144,934,5794,1170,112,112
msg,2,145,941,6040,1082,112,112
msg,2,146,907,7784,1087,112,112
msg,2,147,907,5818,1087,112,112
msg,2,148,930,5756,1081,112,112
msg,2,149,931,17800,1079,112,112
msg,2,150,930,7239,1073,112,112
msg,2,151,937,21918,1073,112,112
msg,2,152,933,6212,1091,112,112
msg,2,153,933,7235,1080,112,112
msg,2,154,935,5934,1084,112,112
msg,2,155,936,5577,1078,112,112
msg,2,156,935,5550,1172,112,112
msg,2,157,943,20090,1079,112,112
msg,2,158,934,5618,1082,112,112
msg,2,159,933,6656,1078,112,112
msg,2,160,1031,16674,1082,112,112
msg,2,161,930,6302,1095,112,112
msg,2,162,930,5547,1081,112,112
msg,2,163,931,5587,1086,112,112
msg,2,164,931,6683,1075,112,112
msg,2,165,940,5567,1081,112,112
msg,2,166,920,6053,1082,112,112
msg,2,167,926,17294,1081,112,112
msg,2,168,943,5776,1079,112,112
msg,2,169,927,10522,1065,112,112
msg,2,170,930,10340,1064,112,112
msg,2,171,928,5865,1085,112,112
msg,2,172,905,5657,1086,112,112
msg,2,173,939,5584,1080,112,112
msg,2,174,931,5599,1077,112,112
msg,2,175,946,6407,1077,112,112
msg,2,176,930,6029,1068,112,112
msg,2,177,944,17873,1075,112,112
msg,2,178,934,5945,1079,112,112
msg,2,179,1030,19786,1077,112,112
msg,2,180,934,7979,1080,112,112
msg,2,181,926,5546,1080,112,112
msg,2,182,1039,6100,1063,112,112
msg,2,183,933,5665,1092,112,112
msg,2,184,937,6303,1084,112,112
msg,2,185,931,5919,1090,112,112
msg,2,186,925,15880,1174,112,112
msg,2,187,934,5754,1079,112,112
msg,2,188,929,21772,1077,112,112
msg,2,189,932,9140,1075,112,112
msg,2,190,927,5856,1080,112,112
msg,2,191,935,6388,1092,112,112
msg,2,192,936,5791,1061,112,112
msg,2,193,935,5711,1091,112,112
msg,2,194,933,5544,1078,112,112
msg,2,195,932,18069,1065,112,112
msg,2,196,927,5898,1075,112,112
msg,2,197,926,20215,1083,112,112
msg,2,198,903,8426,1078,112,112
msg,2,199,933,6037,1084,112,112
whole,2,513.357,4062.725,200
#heap 21985
#stack 2640
#end
#block pipeline mTLS lorawan11_256 down
#aead AES-256-CTR+2xCMAC (LoRaWAN 1.1 frame, 256-bit keys) (BearSSL (arduino-pico)), downlink, 51 B payload + 13 B overhead
#lib wolfSSL 5.9.4
iter,tcp_ms,tls_ms,mqtt_ms,total_ms,hs_tx_B,hs_rx_B,mqtt_tx_B,mqtt_rx_B,hs_writes,hs_reads,writes,reads,free_heap_B,hs_keygen_us,hs_derive_us,hs_verify_us,hs_sign_us,hs_keygen_n,hs_derive_n,hs_verify_n,hs_sign_n
msg,iter,idx,seal_us,rtt_us,open_us,tx_B,rx_B
whole,iter,first_ms,all_ms,msgs
#suite TLS13-AES256-GCM-SHA384
0,4.9270,458.3790,14.0380,477.3440,1942,2007,45,1400,4,14,5,20,167660,67143.0,70288.0,195475.0,42960.0,2,2,2,1
msg,0,0,740,13192,727,112,112
msg,0,1,581,6886,693,112,112
msg,0,2,547,6906,723,112,112
msg,0,3,573,5553,721,112,112
msg,0,4,576,7480,732,112,112
msg,0,5,583,6228,722,112,112
msg,0,6,739,22483,719,112,112
msg,0,7,573,6529,721,112,112
msg,0,8,576,5570,720,112,112
msg,0,9,581,19464,820,112,112
msg,0,10,581,5994,719,112,112
msg,0,11,550,6692,720,112,112
msg,0,12,579,7358,727,112,112
msg,0,13,546,5610,718,112,112
msg,0,14,576,6152,693,112,112
msg,0,15,559,6303,692,112,112
msg,0,16,543,17084,724,112,112
msg,0,17,580,5737,725,112,112
msg,0,18,575,5987,722,112,112
msg,0,19,577,19467,720,112,112
msg,0,20,583,6287,694,112,112
msg,0,21,547,5580,716,112,112
msg,0,22,545,6370,693,112,112
msg,0,23,550,5734,730,112,112
msg,0,24,579,7333,728,112,112
msg,0,25,560,7670,724,112,112
msg,0,26,575,19212,696,112,112
msg,0,27,547,7884,728,112,112
msg,0,28,578,9881,690,112,112
msg,0,29,574,11865,722,112,112
msg,0,30,542,5935,726,112,112
msg,0,31,576,6091,718,112,112
msg,0,32,544,5782,728,112,112
msg,0,33,576,5717,724,112,112
msg,0,34,580,5776,693,112,112
msg,0,35,543,9577,716,112,112
msg,0,36,549,19606,720,112,112
msg,0,37,545,10970,724,112,112
msg,0,38,596,18694,694,112,112
msg,0,39,547,6295,720,112,112
msg,0,40,578,5873,687,112,112
msg,0,41,551,6063,726,112,112
msg,0,42,576,5671,694,112,112
msg,0,43,570,5513,694,112,112
msg,0,44,568,6329,728,112,112
msg,0,45,587,19145,725,112,112
msg,0,46,587,7223,691,112,112
msg,0,47,548,6526,690,112,112
msg,0,48,543,17781,719,112,112
msg,0,49,577,5666,727,112,112
msg,0,50,581,6004,694,112,112
msg,0,51,547,5808,722,112,112
msg,0,52,584,6172,692,112,112
msg,0,53,724,7416,725,112,112
msg,0,54,548,7709,722,112,112
msg,0,55,579,19121,689,112,112
msg,0,56,542,6532,691,112,112
msg,0,57,548,5807,727,112,112
msg,0,58,582,16467,725,112,112
msg,0,59,589,6152,687,112,112
msg,0,60,643,5635,722,112,112
msg,0,61,551,5511,724,112,112
msg,0,62,578,6063,693,112,112
msg,0,63,547,5527,688,112,112
msg,0,64,547,5670,690,112,112
msg,0,65,548,5730,721,112,112
msg,0,66,539,16469,720,112,112
msg,0,67,541,5582,725,112,112
msg,0,68,571,6951,715,112,112
msg,0,69,575,16109,724,112,112
msg,0,70,584,6523,721,112,112
msg,0,71,578,5520,725,112,112
msg,0,72,577,5515,724,112,112
msg,0,73,574,5699,731,112,112
msg,0,74,582,5784,688,112,112
msg,0,75,548,8123,716,112,112
msg,0,76,579,18296,730,112,112
msg,0,77,573,6404,722,112,112
msg,0,78,575,5937,690,112,112
msg,0,79,549,19120,724,112,112
msg,0,80,575,5894,689,112,112
msg,0,81,555,5731,725,112,112
msg,0,82,543,5743,722,112,112
msg,0,83,579,5780,690,112,112
msg,0,84,569,5926,724,112,112
msg,0,85,545,5875,714,112,112
msg,0,86,572,5946,688,112,112
msg,0,87,589,12553,727,112,112
msg,0,88,577,9017,691,112,112
msg,0,89,550,5841,721,112,112
msg,0,90,546,15686,724,112,112
msg,0,91,575,7111,687,112,112
msg,0,92,553,5687,720,112,112
msg,0,93,549,5745,726,112,112
msg,0,94,573,5562,724,112,112
msg,0,95,572,6008,690,112,112
msg,0,96,551,5525,689,112,112
msg,0,97,547,20490,693,112,112
msg,0,98,549,5790,722,112,112
msg,0,99,578,5714,726,112,112
msg,0,100,587,21124,722,112,112
msg,0,101,577,6979,695,112,112
msg,0,102,551,6954,726,112,112
msg,0,103,595,6528,722,112,112
msg,0,104,578,5539,723,112,112
msg,0,105,575,5902,688,112,112
msg,0,106,546,8337,693,112,112
msg,0,107,555,14031,722,112,112
msg,0,108,581,6300,715,112,112
msg,0,109,544,6142,691,112,112
msg,0,110,550,19219,727,112,112
msg,0,111,581,6232,723,112,112
msg,0,112,579,5963,691,112,112
msg,0,113,556,6174,721,112,112
msg,0,114,577,5688,694,112,112
msg,0,115,548,6178,728,112,112
msg,0,116,574,10854,685,112,112
msg,0,117,546,16463,690,112,112
msg,0,118,546,7947,723,112,112
msg,0,119,580,18920,722,112,112
msg,0,120,578,8226,723,112,112
msg,0,121,577,5531,722,112,112
msg,0,122,594,5437,722,112,112
msg,0,123,575,7685,687,112,112
msg,0,124,551,6992,722,112,112
msg,0,125,580,7924,689,112,112
msg,0,126,549,23242,825,112,112
msg,0,127,588,7067,726,112,112
msg,0,128,589,19461,719,112,112
msg,0,129,575,6438,722,112,112
msg,0,130,542,5862,728,112,112
msg,0,131,572,5761,689,112,112
msg,0,132,550,5921,728,112,112
msg,0,133,582,7471,713,112,112
msg,0,134,582,8236,691,112,112
msg,0,135,543,18665,721,112,112
msg,0,136,549,7694,729,112,112
msg,0,137,578,19566,726,112,112
msg,0,138,692,8811,692,112,112
msg,0,139,542,5999,728,112,112
msg,0,140,575,5720,724,112,112
msg,0,141,583,7076,722,112,112
msg,0,142,576,5566,721,112,112
msg,0,143,583,10093,813,112,112
msg,0,144,546,17743,724,112,112
msg,0,145,577,8423,724,112,112
msg,0,146,575,19629,726,112,112
msg,0,147,574,8817,695,112,112
msg,0,148,547,6146,728,112,112
msg,0,149,567,6072,717,112,112
msg,0,150,554,5524,718,112,112
msg,0,151,542,5778,726,112,112
msg,0,152,570,9123,692,112,112
msg,0,153,545,15852,726,112,112
msg,0,154,680,6348,724,112,112
msg,0,155,575,5684,719,112,112
msg,0,156,577,18744,693,112,112
msg,0,157,556,7121,726,112,112
msg,0,158,576,6692,727,112,112
msg,0,159,578,5997,804,112,112
msg,0,160,579,8261,692,112,112
msg,0,161,557,8608,812,112,112
msg,0,162,578,20429,721,112,112
msg,0,163,545,6014,718,112,112
msg,0,164,575,5560,696,112,112
msg,0,165,574,19791,716,112,112
msg,0,166,554,6447,690,112,112
msg,0,167,549,5803,718,112,112
msg,0,168,577,5705,826,112,112
msg,0,169,577,6003,719,112,112
msg,0,170,544,5762,719,112,112
msg,0,171,574,30936,698,112,112
msg,0,172,550,6455,695,112,112
msg,0,173,549,19806,724,112,112
msg,0,174,554,8305,690,112,112
msg,0,175,553,5596,696,112,112
msg,0,176,564,5960,721,112,112
msg,0,177,581,5525,910,112,112
msg,0,178,578,6035,726,112,112
msg,0,179,579,5633,725,112,112
msg,0,180,581,5583,723,112,112
msg,0,181,577,16897,692,112,112
msg,0,182,544,8424,691,112,112
msg,0,183,549,19025,892,112,112
msg,0,184,580,9179,722,112,112
msg,0,185,577,6234,693,112,112
msg,0,186,549,5771,721,112,112
msg,0,187,581,19136,692,112,112
msg,0,188,554,6424,692,112,112
msg,0,189,547,13118,726,112,112
msg,0,190,584,6362,721,112,112
msg,0,191,575,5561,724,112,112
msg,0,192,571,19245,723,112,112
msg,0,193,548,8078,695,112,112
msg,0,194,573,5751,693,112,112
msg,0,195,559,5564,722,112,112
msg,0,196,544,5583,725,112,112
msg,0,197,553,6006,720,112,112
msg,0,198,574,8015,720,112,112
msg,0,199,543,20731,724,112,112
whole,0,501.707,2619.285,200
1,17.6130,444.4610,14.9790,477.0530,1942,2008,45,1400,4,14,5,20,167660,66149.0,70203.0,195264.0,43105.0,2,2,2,1
msg,1,0,738,5842,691,112,112
msg,1,1,546,5968,725,112,112
msg,1,2,582,17741,728,112,112
msg,1,3,583,8861,720,112,112
msg,1,4,547,6159,689,112,112
msg,1,5,575,6051,728,112,112
msg,1,6,575,6037,690,112,112
msg,1,7,540,6475,691,112,112
msg,1,8,542,8385,727,112,112
msg,1,9,576,19874,720,112,112
msg,1,10,546,7559,721,112,112
msg,1,11,547,19006,726,112,112
msg,1,12,668,6001,720,112,112
msg,1,13,576,6439,719,112,112
msg,1,14,579,22912,730,112,112
msg,1,15,675,13096,724,112,112
msg,1,16,574,13240,725,112,112
msg,1,17,546,7086,691,112,112
msg,1,18,580,6261,732,112,112
msg,1,19,574,18080,719,112,112
msg,1,20,548,6087,725,112,112
msg,1,21,579,6145,723,112,112
msg,1,22,581,5647,722,112,112
msg,1,23,579,5772,695,112,112
msg,1,24,559,5897,722,112,112
msg,1,25,577,10281,725,112,112
msg,1,26,544,17972,727,112,112
msg,1,27,580,7464,725,112,112
msg,1,28,589,19495,729,112,112
msg,1,29,574,9489,722,112,112
msg,1,30,575,5689,694,112,112
msg,1,31,543,5810,718,112,112
msg,1,32,548,6222,690,112,112
msg,1,33,547,5699,692,112,112
msg,1,34,544,5702,723,112,112
msg,1,35,546,5663,725,112,112
msg,1,36,578,18787,729,112,112
msg,1,37,733,8658,691,112,112
msg,1,38,547,18270,691,112,112
msg,1,39,554,6848,724,112,112
msg,1,40,542,5661,723,112,112
msg,1,41,578,5624,716,112,112
msg,1,42,569,5557,726,112,112
msg,1,43,683,5778,693,112,112
msg,1,44,557,5632,718,112,112
msg,1,45,547,5953,725,112,112
msg,1,46,579,16829,691,112,112
msg,1,47,561,6123,723,112,112
msg,1,48,579,19678,693,112,112
msg,1,49,551,9255,724,112,112
msg,1,50,681,5724,692,112,112
msg,1,51,548,5558,691,112,112
msg,1,52,547,6212,722,112,112
msg,1,53,577,6684,688,112,112
msg,1,54,546,8089,725,112,112
msg,1,55,677,22348,726,112,112
msg,1,56,572,5992,689,112,112
msg,1,57,547,19444,691,112,112
msg,1,58,552,8596,696,112,112
msg,1,59,548,6861,723,112,112
msg,1,60,575,5940,693,112,112
msg,1,61,550,6254,730,112,112
msg,1,62,593,6164,721,112,112
msg,1,63,577,7818,720,112,112
msg,1,64,584,18297,728,112,112
msg,1,65,584,7724,725,112,112
msg,1,66,578,19549,690,112,112
msg,1,67,584,5993,721,112,112
msg,1,68,575,9382,715,112,112
msg,1,69,546,6190,691,112,112
msg,1,70,561,7002,723,112,112
msg,1,71,591,8437,721,112,112
msg,1,72,574,5610,727,112,112
msg,1,73,579,18443,728,112,112
msg,1,74,579,6325,726,112,112
msg,1,75,575,5757,821,112,112
msg,1,76,580,16328,723,112,112
msg,1,77,579,6729,688,112,112
msg,1,78,571,6161,721,112,112
msg,1,79,575,6038,690,112,112
msg,1,80,543,8451,688,112,112
msg,1,81,543,7940,719,112,112
msg,1,82,578,8188,698,112,112
msg,1,83,546,16689,729,112,112
msg,1,84,573,5656,724,112,112
msg,1,85,571,5519,729,112,112
msg,1,86,573,15705,708,112,112
msg,1,87,589,6463,720,112,112
msg,1,88,580,7003,722,112,112
msg,1,89,547,6804,723,112,112
msg,1,90,577,7810,689,112,112
msg,1,91,546,6958,721,112,112
msg,1,92,568,6180,692,112,112
msg,1,93,548,19679,726,112,112
msg,1,94,540,6520,719,112,112
msg,1,95,546,17928,822,112,112
msg,1,96,591,5894,720,112,112
msg,1,97,544,5578,731,112,112
msg,1,98,550,5594,720,112,112
msg,1,99,578,5498,725,112,112
msg,1,100,579,5849,722,112,112
msg,1,101,580,5590,694,112,112
msg,1,102,570,6693,687,112,112
msg,1,103,552,16564,692,112,112
msg,1,104,548,6088,723,112,112
msg,1,105,570,5695,692,112,112
msg,1,106,549,19040,727,112,112
msg,1,107,575,7285,722,112,112
msg,1,108,546,5675,720,112,112
msg,1,109,576,5751,718,112,112
msg,1,110,584,5723,692,112,112
msg,1,111,547,5729,718,112,112
msg,1,112,554,5569,716,112,112
msg,1,113,540,20551,729,112,112
msg,1,114,541,5677,821,112,112
msg,1,115,577,5751,726,112,112
msg,1,116,581,19470,728,112,112
msg,1,117,680,6615,692,112,112
msg,1,118,551,5530,692,112,112
msg,1,119,548,5701,723,112,112
msg,1,120,545,5546,718,112,112
msg,1,121,579,5559,723,112,112
msg,1,122,580,5661,728,112,112
msg,1,123,576,6189,858,112,112
msg,1,124,577,16907,692,112,112
msg,1,125,637,6986,725,112,112
msg,1,126,572,18395,722,112,112
msg,1,127,576,9585,723,112,112
msg,1,128,587,5730,723,112,112
msg,1,129,574,6399,721,112,112
msg,1,130,575,5785,691,112,112
msg,1,131,548,6001,727,112,112
msg,1,132,578,8886,687,112,112
msg,1,133,552,19123,732,112,112
msg,1,134,669,7431,725,112,112
msg,1,135,579,19459,723,112,112
msg,1,136,579,9407,817,112,112
msg,1,137,582,5770,691,112,112
msg,1,138,552,7157,729,112,112
msg,1,139,576,5545,719,112,112
msg,1,140,582,5556,722,112,112
msg,1,141,578,6773,870,112,112
msg,1,142,546,18154,689,112,112
msg,1,143,567,6251,721,112,112
msg,1,144,581,7790,691,112,112
msg,1,145,545,14018,726,112,112
msg,1,146,582,9487,719,112,112
msg,1,147,577,5603,721,112,112
msg,1,148,581,5730,690,112,112
msg,1,149,547,7692,719,112,112
msg,1,150,544,5984,725,112,112
msg,1,151,568,8258,723,112,112
msg,1,152,576,18512,725,112,112
msg,1,153,579,7007,690,112,112
msg,1,154,546,20147,723,112,112
msg,1,155,575,8397,725,112,112
msg,1,156,582,5535,720,112,112
msg,1,157,575,5815,692,112,112
msg,1,158,645,5838,723,112,112
msg,1,159,583,5591,720,112,112
msg,1,160,574,6238,727,112,112
msg,1,161,558,6102,690,112,112
msg,1,162,576,13717,692,112,112
msg,1,163,548,6250,729,112,112
msg,1,164,576,6153,728,112,112
msg,1,165,580,20095,714,112,112
msg,1,166,546,5835,817,112,112
msg,1,167,578,5978,689,112,112
msg,1,168,547,6519,692,112,112
msg,1,169,547,5911,723,112,112
msg,1,170,568,5513,725,112,112
msg,1,171,751,7571,725,112,112
msg,1,172,581,19346,724,112,112
msg,1,173,582,7718,695,112,112
msg,1,174,545,19218,728,112,112
msg,1,175,594,9305,724,112,112
msg,1,176,568,5789,693,112,112
msg,1,177,546,5719,692,112,112
msg,1,178,544,5740,721,112,112
msg,1,179,573,5743,883,112,112
msg,1,180,579,5610,690,112,112
msg,1,181,548,5566,689,112,112
msg,1,182,549,15975,723,112,112
msg,1,183,585,5941,688,112,112
msg,1,184,648,5589,695,112,112
msg,1,185,548,17050,722,112,112
msg,1,186,571,7169,725,112,112
msg,1,187,580,7750,727,112,112
msg,1,188,579,5777,692,112,112
msg,1,189,549,5660,692,112,112
msg,1,190,551,5585,722,112,112
msg,1,191,542,7134,725,112,112
msg,1,192,577,19117,726,112,112
msg,1,193,576,5547,728,112,112
msg,1,194,578,5515,722,112,112
msg,1,195,577,14870,688,112,112
msg,1,196,542,9426,692,112,112
msg,1,197,574,6304,726,112,112
msg,1,198,581,5667,693,112,112
msg,1,199,571,6059,723,112,112
whole,1,504.434,2613.342,200
2,4.6130,444.6310,24.3370,473.5810,1942,2007,45,1400,4,14,5,20,167660,66246.0,70413.0,195428.0,42921.0,2,2,2,1
msg,2,0,706,5987,725,112,112
msg,2,1,580,6521,726,112,112
msg,2,2,578,6215,722,112,112
msg,2,3,573,5639,728,112,112
msg,2,4,576,10001,693,112,112
msg,2,5,549,18552,723,112,112
msg,2,6,556,7434,693,112,112
msg,2,7,552,20347,694,112,112
msg,2,8,554,8633,723,112,112
msg,2,9,540,5655,724,112,112
msg,2,10,545,5598,724,112,112
msg,2,11,579,5477,724,112,112
msg,2,12,574,6301,722,112,112
msg,2,13,667,5613,724,112,112
msg,2,14,575,20317,726,112,112
msg,2,15,679,5841,723,112,112
msg,2,16,582,5705,692,112,112
msg,2,17,547,16663,719,112,112
msg,2,18,546,5662,721,112,112
msg,2,19,570,5758,720,112,112
msg,2,20,569,5652,695,112,112
msg,2,21,545,6192,727,112,112
msg,2,22,570,5639,723,112,112
msg,2,23,575,5863,721,112,112
msg,2,24,551,6037,722,112,112
msg,2,25,573,25086,721,112,112
msg,2,26,591,22323,722,112,112
msg,2,27,544,8693,728,112,112
msg,2,28,577,5722,727,112,112
msg,2,29,579,5496,721,112,112
msg,2,30,579,7332,725,112,112
msg,2,31,587,6094,725,112,112
msg,2,32,543,7846,726,112,112
msg,2,33,578,17196,720,112,112
msg,2,34,539,6931,861,112,112
msg,2,35,583,6083,720,112,112
msg,2,36,577,18476,722,112,112
msg,2,37,583,6113,691,112,112
msg,2,38,545,5632,725,112,112
msg,2,39,544,5613,717,112,112
msg,2,40,546,5557,726,112,112
msg,2,41,575,6547,724,112,112
msg,2,42,579,5541,721,112,112
msg,2,43,578,5900,690,112,112
msg,2,44,546,12992,723,112,112
msg,2,45,585,6580,721,112,112
msg,2,46,573,6333,715,112,112
msg,2,47,573,19358,716,112,112
msg,2,48,544,6986,723,112,112
msg,2,49,582,5548,720,112,112
msg,2,50,580,5898,721,112,112
msg,2,51,547,5892,726,112,112
msg,2,52,574,5797,694,112,112
msg,2,53,550,8215,1268,112,112
msg,2,54,555,30257,695,112,112
msg,2,55,550,21337,729,112,112
msg,2,56,576,6424,724,112,112
msg,2,57,583,6069,724,112,112
msg,2,58,571,6203,691,112,112
msg,2,59,638,10470,723,112,112
msg,2,60,545,6263,691,112,112
msg,2,61,554,19962,724,112,112
msg,2,62,577,6392,723,112,112
msg,2,63,543,6033,731,112,112
msg,2,64,572,18961,719,112,112
msg,2,65,543,6707,723,112,112
msg,2,66,581,5720,724,112,112
msg,2,67,593,5772,689,112,112
msg,2,68,651,5797,719,112,112
msg,2,69,582,5766,727,112,112
msg,2,70,575,8513,721,112,112
msg,2,71,571,17078,729,112,112
msg,2,72,578,6226,714,112,112
msg,2,73,545,6578,724,112,112
msg,2,74,550,18946,730,112,112
msg,2,75,742,6391,721,112,112
msg,2,76,576,5659,694,112,112
msg,2,77,544,7387,721,112,112
msg,2,78,591,5799,695,112,112
msg,2,79,545,5908,720,112,112
msg,2,80,581,8261,723,112,112
msg,2,81,574,15740,719,112,112
msg,2,82,579,5551,722,112,112
msg,2,83,574,5624,729,112,112
msg,2,84,677,20281,726,112,112
msg,2,85,579,7427,719,112,112
msg,2,86,575,6497,724,112,112
msg,2,87,575,6209,724,112,112
msg,2,88,581,6686,727,112,112
msg,2,89,579,5665,688,112,112
msg,2,90,548,7093,718,112,112
msg,2,91,582,18700,721,112,112
msg,2,92,588,5814,693,112,112
msg,2,93,546,5831,724,112,112
msg,2,94,581,16625,726,112,112
msg,2,95,576,8138,718,112,112
msg,2,96,547,10700,718,112,112
msg,2,97,583,7104,691,112,112
msg,2,98,548,6128,730,112,112
msg,2,99,575,7913,694,112,112
msg,2,100,554,19690,715,112,112
msg,2,101,544,5841,723,112,112
msg,2,102,593,6012,717,112,112
msg,2,103,558,17828,725,112,112
msg,2,104,575,7531,719,112,112
msg,2,105,578,6458,723,112,112
msg,2,106,586,5588,723,112,112
msg,2,107,592,6711,693,112,112
msg,2,108,550,6039,725,112,112
msg,2,109,579,6196,720,112,112
msg,2,110,543,18366,715,112,112
msg,2,111,554,7656,725,112,112
msg,2,112,547,19968,722,112,112
msg,2,113,580,8288,718,112,112
msg,2,114,575,7467,721,112,112
msg,2,115,577,5812,689,112,112
msg,2,116,543,5796,725,112,112
msg,2,117,640,5662,719,112,112
msg,2,118,578,8509,727,112,112
msg,2,119,576,19130,693,112,112
msg,2,120,546,7582,720,112,112
msg,2,121,547,19170,701,112,112
msg,2,122,572,5636,694,112,112
msg,2,123,547,5987,728,112,112
msg,2,124,585,6229,725,112,112
msg,2,125,546,6048,721,112,112
msg,2,126,574,5837,692,112,112
msg,2,127,550,6918,725,112,112
msg,2,128,572,6300,709,112,112
msg,2,129,577,17421,724,112,112
msg,2,130,577,7828,723,112,112
msg,2,131,573,9834,725,112,112
msg,2,132,557,11346,690,112,112
msg,2,133,548,6459,690,112,112
msg,2,134,549,5726,712,112,112
msg,2,135,544,8779,725,112,112
msg,2,136,679,6023,690,112,112
msg,2,137,546,5691,721,112,112
msg,2,138,543,6133,691,112,112
msg,2,139,570,18692,688,112,112
msg,2,140,546,7826,727,112,112
msg,2,141,574,19228,698,112,112
msg,2,142,545,7370,695,112,112
msg,2,143,547,5665,693,112,112
msg,2,144,551,6164,726,112,112
msg,2,145,571,6837,691,112,112
msg,2,146,555,8342,691,112,112
msg,2,147,552,7919,722,112,112
msg,2,148,584,16614,720,112,112
msg,2,149,580,7086,694,112,112
msg,2,150,550,6015,720,112,112
msg,2,151,571,15222,722,112,112
msg,2,152,575,7962,693,112,112
msg,2,153,544,5625,694,112,112
msg,2,154,545,6266,723,112,112
msg,2,155,575,6160,724,112,112
msg,2,156,589,7301,722,112,112
msg,2,157,553,7879,724,112,112
msg,2,158,570,17234,727,112,112
msg,2,159,580,6951,687,112,112
msg,2,160,547,5746,878,112,112
msg,2,161,573,15299,694,112,112
msg,2,162,550,9548,716,112,112
msg,2,163,545,5539,724,112,112
msg,2,164,544,6197,693,112,112
msg,2,165,544,5713,691,112,112
msg,2,166,549,7851,727,112,112
msg,2,167,581,8449,727,112,112
msg,2,168,579,18550,1302,112,112
msg,2,169,563,5848,721,112,112
msg,2,170,577,5829,692,112,112
msg,2,171,540,16900,723,112,112
msg,2,172,547,5980,729,112,112
msg,2,173,582,5812,693,112,112
msg,2,174,548,6220,724,112,112
msg,2,175,569,6187,728,112,112
msg,2,176,582,5755,724,112,112
msg,2,177,576,8364,721,112,112
msg,2,178,584,21202,720,112,112
msg,2,179,572,6539,727,112,112
msg,2,180,573,8867,691,112,112
msg,2,181,551,11806,718,112,112
msg,2,182,540,5848,725,112,112
msg,2,183,577,5709,718,112,112
msg,2,184,579,5797,693,112,112
msg,2,185,546,5593,716,112,112
msg,2,186,544,5598,720,112,112
msg,2,187,545,11390,719,112,112
msg,2,188,546,17391,694,112,112
msg,2,189,547,7547,692,112,112
msg,2,190,546,19517,694,112,112
msg,2,191,549,7881,724,112,112
msg,2,192,578,6551,731,112,112
msg,2,193,582,5889,694,112,112
msg,2,194,548,5884,723,112,112
msg,2,195,576,5562,727,112,112
msg,2,196,578,5697,723,112,112
msg,2,197,579,5956,716,112,112
msg,2,198,561,16299,692,112,112
msg,2,199,551,8813,725,112,112
whole,2,489.023,2602.230,200
#heap 21985
#stack 2696
#end
#block sweep TLS MLKEM512
#lib wolfSSL 5.9.4
iter,tcp_ms,tls_ms,mqtt_ms,total_ms,hs_tx_B,hs_rx_B,mqtt_tx_B,mqtt_rx_B,hs_writes,hs_reads,writes,reads,free_heap_B,hs_keygen_us,hs_derive_us,hs_verify_us,hs_sign_us,hs_keygen_n,hs_derive_n,hs_verify_n,hs_sign_n
#suite TLS13-AES256-GCM-SHA384
0,4.5960,263.9260,19.9600,288.4820,971,1527,45,568,2,12,3,18,168292,6103.0,8705.0,195109.0,0.0,1,1,2,0
1,4.7840,265.5910,23.6730,294.0480,971,1525,45,568,2,12,3,18,168292,6032.0,8721.0,195369.0,0.0,1,1,2,0
2,7.4430,264.2070,13.6780,285.3280,971,1525,45,568,2,12,3,18,168292,6036.0,8564.0,195340.0,0.0,1,1,2,0
3,5.3800,263.7570,21.5230,290.6600,971,1527,45,568,2,12,3,18,168292,6135.0,8563.0,195162.0,0.0,1,1,2,0
4,4.5490,263.9570,30.8820,299.3880,971,1526,45,568,2,12,3,18,168292,6029.0,8562.0,195392.0,0.0,1,1,2,0
5,4.6230,264.7200,13.5210,282.8640,971,1525,45,568,2,12,3,18,168292,6040.0,8723.0,195813.0,0.0,1,1,2,0
6,8.4170,263.5490,12.3390,284.3050,971,1525,45,568,2,12,3,18,168292,6246.0,8746.0,195047.0,0.0,1,1,2,0
7,5.4120,263.6800,14.0160,283.1080,971,1527,45,568,2,12,3,18,168292,6245.0,8722.0,195221.0,0.0,1,1,2,0
8,18.7920,263.5310,20.7820,303.1050,971,1527,45,568,2,12,3,18,168292,6041.0,8579.0,195102.0,0.0,1,1,2,0
9,4.8230,264.0000,15.8050,284.6280,971,1526,45,568,2,12,3,18,168292,6037.0,8591.0,195347.0,0.0,1,1,2,0
10,4.8660,264.1650,17.2300,286.2610,971,1526,45,568,2,12,3,18,168292,6148.0,8730.0,195449.0,0.0,1,1,2,0
11,5.4950,266.1280,10.7510,282.3740,971,1525,45,568,2,12,3,18,168292,6235.0,8706.0,195995.0,0.0,1,1,2,0
12,16.4150,263.9400,23.2010,303.5560,971,1527,45,568,2,12,3,18,168292,6027.0,8562.0,195507.0,0.0,1,1,2,0
13,11.7140,264.0630,31.7680,307.5450,971,1526,45,568,2,12,3,18,168292,6022.0,8544.0,195167.0,0.0,1,1,2,0
14,4.4000,264.4300,14.2920,283.1220,971,1527,45,568,2,12,3,18,168292,6165.0,8727.0,195470.0,0.0,1,1,2,0
15,7.4250,264.5440,14.6480,286.6170,971,1527,45,568,2,12,3,18,168292,6044.0,8753.0,195409.0,0.0,1,1,2,0
16,6.3810,264.5690,14.7390,285.6890,971,1525,45,568,2,12,3,18,168292,6041.0,8754.0,195237.0,0.0,1,1,2,0
17,5.4310,264.3890,22.9000,292.7200,971,1526,45,568,2,12,3,18,168292,6185.0,8716.0,195380.0,0.0,1,1,2,0
18,7.4530,264.2800,12.0800,283.8130,971,1527,45,568,2,12,3,18,168292,6049.0,8578.0,195338.0,0.0,1,1,2,0
19,5.6250,263.8530,15.6190,285.0970,971,1525,45,568,2,12,3,18,168292,6132.0,8553.0,195129.0,0.0,1,1,2,0
#heap 16476
#stack 2728
#end
#block sweep TLS MLKEM768
#lib wolfSSL 5.9.4
iter,tcp_ms,tls_ms,mqtt_ms,total_ms,hs_tx_B,hs_rx_B,mqtt_tx_B,mqtt_rx_B,hs_writes,hs_reads,writes,reads,free_heap_B,hs_keygen_us,hs_derive_us,hs_verify_us,hs_sign_us,hs_keygen_n,hs_derive_n,hs_verify_n,hs_sign_n
#suite TLS13-AES256-GCM-SHA384
0,7.6400,279.0300,14.5250,301.1950,1355,1847,45,568,2,12,3,18,168292,9266.0,13358.0,195534.0,0.0,1,1,2,0
1,4.6190,277.3280,18.0410,299.9880,1355,1847,45,568,2,12,3,18,168292,9424.0,13328.0,195211.0,0.0,1,1,2,0
2,5.4720,276.9890,17.2190,299.6800,1355,1846,45,568,2,12,3,18,168292,9415.0,13342.0,195154.0,0.0,1,1,2,0
3,13.8330,288.1160,11.1510,313.1000,1355,1846,45,568,2,12,3,18,168292,9275.0,13509.0,195507.0,0.0,1,1,2,0
4,5.6080,285.2340,9.6810,300.5230,1355,1846,45,568,2,12,3,18,168292,9290.0,13193.0,195355.0,0.0,1,1,2,0
5,4.7970,284.6560,12.1650,301.6180,1355,1846,45,568,2,12,3,18,168292,9274.0,13176.0,195237.0,0.0,1,1,2,0
6,11.4090,282.4550,11.4210,305.2850,1355,1847,45,568,2,12,3,18,168292,9391.0,13287.0,195339.0,0.0,1,1,2,0
7,5.5970,282.8660,12.2850,300.7480,1355,1846,45,568,2,12,3,18,168292,9492.0,13311.0,195315.0,0.0,1,1,2,0
8,4.4360,285.2950,15.4340,305.1650,1355,1847,45,568,2,12,3,18,168292,9284.0,13465.0,195241.0,0.0,1,1,2,0
9,7.4070,276.8700,12.3610,296.6380,1355,1847,45,568,2,12,3,18,168292,9376.0,13181.0,195401.0,0.0,1,1,2,0
10,5.3960,277.1410,12.2800,294.8170,1355,1846,45,568,2,12,3,18,168292,9532.0,13296.0,195374.0,0.0,1,1,2,0
11,9.4310,277.8070,12.4170,299.6550,1355,1846,45,568,2,12,3,18,168292,9407.0,13304.0,195298.0,0.0,1,1,2,0
12,8.4000,277.1580,12.0680,297.6260,1355,1846,45,568,2,12,3,18,168292,9403.0,13300.0,195073.0,0.0,1,1,2,0
13,5.7990,277.9840,13.2740,297.0570,1355,1847,45,568,2,12,3,18,168292,9267.0,13331.0,195333.0,0.0,1,1,2,0
14,7.8760,278.7490,12.3890,299.0140,1355,1847,45,568,2,12,3,18,168292,9400.0,13330.0,195317.0,0.0,1,1,2,0
15,6.7600,278.2510,12.7170,297.7280,1355,1847,45,568,2,12,3,18,168292,9284.0,13327.0,195228.0,0.0,1,1,2,0
16,7.4020,277.3410,11.1530,295.8960,1355,1845,45,568,2,12,3,18,168292,9426.0,13520.0,195523.0,0.0,1,1,2,0
17,4.4050,283.8040,11.6770,299.8860,1355,1846,45,568,2,12,3,18,168292,9275.0,13360.0,195334.0,0.0,1,1,2,0
18,4.4320,283.2950,12.3550,300.0820,1355,1845,45,568,2,12,3,18,168292,9443.0,13462.0,195193.0,0.0,1,1,2,0
19,8.7880,277.5910,12.7810,299.1600,1355,1846,45,568,2,12,3,18,168292,9420.0,13337.0,195194.0,0.0,1,1,2,0
#heap 20124
#stack 2728
#end
#block sweep TLS MLKEM1024
#lib wolfSSL 5.9.4
iter,tcp_ms,tls_ms,mqtt_ms,total_ms,hs_tx_B,hs_rx_B,mqtt_tx_B,mqtt_rx_B,hs_writes,hs_reads,writes,reads,free_heap_B,hs_keygen_us,hs_derive_us,hs_verify_us,hs_sign_us,hs_keygen_n,hs_derive_n,hs_verify_n,hs_sign_n
#suite TLS13-AES256-GCM-SHA384
0,41.5090,304.4550,11.1530,357.1170,1739,2326,45,568,2,12,3,18,168292,14488.0,19679.0,195617.0,0.0,1,1,2,0
1,8.4210,292.6610,14.8490,315.9310,1739,2327,45,568,2,12,3,18,168292,14313.0,19427.0,195203.0,0.0,1,1,2,0
2,10.4570,293.2120,11.8560,315.5250,1739,2326,45,568,2,12,3,18,168292,14299.0,19410.0,195074.0,0.0,1,1,2,0
3,4.3980,291.2950,22.5020,318.1950,1739,2327,45,568,2,12,3,18,168292,14541.0,20164.0,196228.0,0.0,1,1,2,0
4,4.5620,303.1170,9.0370,316.7160,1739,2325,45,568,2,12,3,18,168292,14415.0,19423.0,195083.0,0.0,1,1,2,0
5,8.7740,290.5470,12.0110,311.3320,1739,2326,45,568,2,12,3,18,168292,14428.0,19414.0,195196.0,0.0,1,1,2,0
6,18.4210,304.1270,14.1770,336.7250,1739,2326,45,568,2,13,3,19,168292,14602.0,19749.0,195348.0,0.0,1,1,2,0
7,6.3880,291.1160,22.7170,320.2210,1739,2326,45,568,2,12,3,18,168292,14413.0,19413.0,195811.0,0.0,1,1,2,0
8,5.4250,304.9010,12.7450,323.0710,1739,2325,45,568,2,12,3,18,168292,14306.0,19425.0,195285.0,0.0,1,1,2,0
9,5.5900,292.9900,43.4570,342.0370,1739,2327,45,568,2,12,3,18,168292,14461.0,19377.0,195234.0,0.0,1,1,2,0
10,6.4380,291.6680,19.4480,317.5540,1739,2327,45,568,2,12,3,18,168292,14484.0,19507.0,195317.0,0.0,1,1,2,0
11,4.4190,303.7480,11.8330,320.0000,1739,2326,45,568,2,13,3,19,168292,14295.0,19471.0,195078.0,0.0,1,1,2,0
12,4.4050,293.9510,11.5600,309.9160,1739,2326,45,568,2,12,3,18,168292,14315.0,19621.0,195309.0,0.0,1,1,2,0
13,5.4150,298.0860,13.6470,317.1480,1739,2326,45,568,2,13,3,19,168292,14438.0,19361.0,195333.0,0.0,1,1,2,0
14,5.4410,290.3700,21.8640,317.6750,1739,2327,45,568,2,12,3,18,168292,14467.0,19435.0,195122.0,0.0,1,1,2,0
15,5.3890,307.0690,12.3580,324.8160,1739,2326,45,568,2,12,3,18,168292,14329.0,19434.0,195373.0,0.0,1,1,2,0
16,7.6630,295.5530,12.0160,315.2320,1739,2327,45,568,2,13,3,19,168292,14605.0,19598.0,195201.0,0.0,1,1,2,0
17,5.4680,295.1390,12.5370,313.1440,1739,2326,45,568,2,12,3,18,168292,14391.0,19436.0,195159.0,0.0,1,1,2,0
18,12.4120,290.1260,12.1910,314.7290,1739,2327,45,568,2,12,3,18,168292,14490.0,19645.0,195288.0,0.0,1,1,2,0
19,7.3770,290.3350,15.5860,313.2980,1739,2327,45,568,2,12,3,18,168292,14311.0,19406.0,195282.0,0.0,1,1,2,0
#heap 24252
#stack 2720
#end
#block sweep TLS X25519MLKEM768
#lib wolfSSL 5.9.4
iter,tcp_ms,tls_ms,mqtt_ms,total_ms,hs_tx_B,hs_rx_B,mqtt_tx_B,mqtt_rx_B,hs_writes,hs_reads,writes,reads,free_heap_B,hs_keygen_us,hs_derive_us,hs_verify_us,hs_sign_us,hs_keygen_n,hs_derive_n,hs_verify_n,hs_sign_n
#suite TLS13-AES256-GCM-SHA384
0,8.5200,394.6820,12.0140,415.2160,1387,1839,45,568,2,12,3,18,168292,66380.0,70148.0,195280.0,0.0,2,2,2,0
1,4.7650,406.3470,12.3720,423.4840,1387,1837,45,568,2,12,3,18,168292,66140.0,70440.0,195278.0,0.0,2,2,2,0
2,4.4760,397.3420,17.9630,419.7810,1387,1838,45,568,2,12,3,18,168292,66243.0,71104.0,195149.0,0.0,2,2,2,0
3,5.7600,402.5770,9.6160,417.9530,1387,1838,45,568,2,12,3,18,168292,66383.0,70224.0,195251.0,0.0,2,2,2,0
4,5.4010,394.6940,8.8490,408.9440,1387,1839,45,568,2,12,3,18,168292,66227.0,70148.0,195191.0,0.0,2,2,2,0
5,4.9220,397.2000,12.1230,414.2450,1387,1838,45,568,2,12,3,18,168292,66164.0,70222.0,195212.0,0.0,2,2,2,0
6,5.3870,398.0270,12.1190,415.5330,1387,1838,45,568,2,12,3,18,168292,67167.0,70250.0,195553.0,0.0,2,2,2,0
7,4.7520,403.1560,8.9900,416.8980,1387,1838,45,568,2,12,3,18,168292,66463.0,70325.0,195169.0,0.0,2,2,2,0
8,19.7410,398.8630,16.3380,434.9420,1387,1837,45,568,2,12,3,18,168292,66124.0,71112.0,195539.0,0.0,2,2,2,0
9,7.4810,397.5070,13.5710,418.5590,1387,1838,45,568,2,12,3,18,168292,66245.0,70017.0,195470.0,0.0,2,2,2,0
10,5.4510,394.1170,12.2040,411.7720,1387,1837,45,568,2,12,3,18,168292,66334.0,70277.0,195153.0,0.0,2,2,2,0
11,7.4190,393.9610,8.7990,410.1790,1387,1837,45,568,2,12,3,18,168292,66192.0,70371.0,195150.0,0.0,2,2,2,0
12,20.5030,407.3630,12.8500,440.7160,1387,1838,45,568,2,12,3,18,168292,66129.0,70327.0,195156.0,0.0,2,2,2,0
13,6.3830,411.1250,11.8400,429.3480,1387,1837,45,568,2,12,3,18,168292,66364.0,70302.0,195101.0,0.0,2,2,2,0
14,9.4090,394.6650,12.2110,416.2850,1387,1839,45,568,2,12,3,18,168292,66350.0,70260.0,195172.0,0.0,2,2,2,0
15,4.5410,395.4830,8.9310,408.9550,1387,1838,45,568,2,12,3,18,168292,66237.0,70412.0,195238.0,0.0,2,2,2,0
16,7.6740,396.1070,9.8330,413.6140,1387,1838,45,568,2,12,3,18,168292,66229.0,70229.0,195408.0,0.0,2,2,2,0
17,5.4120,405.5870,11.9190,422.9180,1387,1838,45,568,2,12,3,18,168292,66295.0,70255.0,195424.0,0.0,2,2,2,0
18,4.3890,406.7300,12.5420,423.6610,1387,1837,45,568,2,12,3,18,168292,66129.0,70173.0,195325.0,0.0,2,2,2,0
19,4.7710,397.4900,8.7420,411.0030,1387,1837,45,568,2,12,3,18,168292,66249.0,70183.0,195290.0,0.0,2,2,2,0
#heap 21388
#stack 3280
#end
#block sweep TLS SecP256r1MLKEM768
#lib wolfSSL 5.9.4
iter,tcp_ms,tls_ms,mqtt_ms,total_ms,hs_tx_B,hs_rx_B,mqtt_tx_B,mqtt_rx_B,hs_writes,hs_reads,writes,reads,free_heap_B,hs_keygen_us,hs_derive_us,hs_verify_us,hs_sign_us,hs_keygen_n,hs_derive_n,hs_verify_n,hs_sign_n
#suite TLS13-AES256-GCM-SHA384
0,5.3910,388.0360,12.1040,405.5310,1420,1911,45,568,2,12,3,18,168292,40408.0,83477.0,195404.0,0.0,2,2,2,0
1,19.5450,384.9060,27.9140,432.3650,1420,1912,45,568,2,12,3,18,168292,40416.0,83421.0,195469.0,0.0,2,2,2,0
2,5.5080,383.7970,20.5850,409.8900,1420,1911,45,568,2,12,3,18,168292,40620.0,83502.0,195410.0,0.0,2,2,2,0
3,19.5140,389.1160,20.0470,428.6770,1420,1911,45,568,2,12,3,18,168292,40445.0,83454.0,195334.0,0.0,2,2,2,0
4,6.3840,388.5570,9.5270,404.4680,1420,1910,45,568,2,12,3,18,168292,40555.0,83410.0,195299.0,0.0,2,2,2,0
5,5.3850,385.2170,19.8280,410.4300,1420,1910,45,568,2,12,3,18,168292,40766.0,83531.0,195135.0,0.0,2,2,2,0
6,4.7740,384.3050,8.5640,397.6430,1420,1912,45,568,2,12,3,18,168292,40540.0,83473.0,195414.0,0.0,2,2,2,0
7,5.8350,388.4130,19.2470,413.4950,1420,1911,45,568,2,12,3,18,168292,40523.0,83559.0,195218.0,0.0,2,2,2,0
8,5.3830,394.7110,19.6050,419.6990,1420,1911,45,568,2,12,3,18,168292,40477.0,83605.0,195301.0,0.0,2,2,2,0
9,7.4930,387.6410,14.1200,409.2540,1420,1912,45,568,2,12,3,18,168292,40594.0,83476.0,195764.0,0.0,2,2,2,0
10,20.4350,383.8670,9.4930,413.7950,1420,1910,45,568,2,12,3,18,168292,40560.0,83404.0,195203.0,0.0,2,2,2,0
11,7.4400,385.3750,25.1170,417.9320,1420,1911,45,568,2,12,3,18,168292,40605.0,83378.0,195264.0,0.0,2,2,2,0
12,5.4400,388.6460,26.2130,420.2990,1420,1910,45,568,2,12,3,18,168292,40562.0,83658.0,195501.0,0.0,2,2,2,0
13,5.5180,384.6150,16.2150,406.3480,1420,1911,45,568,2,12,3,18,168292,40387.0,83668.0,195383.0,0.0,2,2,2,0
14,4.5930,386.0600,12.4060,403.0590,1420,1911,45,568,2,12,3,18,168292,40505.0,83445.0,196129.0,0.0,2,2,2,0
15,5.5160,386.4630,12.8420,404.8210,1420,1911,45,568,2,12,3,18,168292,40415.0,84508.0,196070.0,0.0,2,2,2,0
16,5.4020,397.3950,12.2280,415.0250,1420,1911,45,568,2,12,3,18,168292,40609.0,83886.0,195112.0,0.0,2,2,2,0
17,5.6890,394.4550,8.8010,408.9450,1420,1911,45,568,2,12,3,18,168292,40305.0,83624.0,195372.0,0.0,2,2,2,0
18,6.3890,389.5600,8.3880,404.3370,1420,1912,45,568,2,12,3,18,168292,40646.0,83574.0,195668.0,0.0,2,2,2,0
19,6.3920,386.5770,13.4080,406.3770,1420,1911,45,568,2,12,3,18,168292,40483.0,83376.0,195754.0,0.0,2,2,2,0
#heap 21487
#stack 2952
#end
#block sweep TLS SecP384r1MLKEM1024
#lib wolfSSL 5.9.4
iter,tcp_ms,tls_ms,mqtt_ms,total_ms,hs_tx_B,hs_rx_B,mqtt_tx_B,mqtt_rx_B,hs_writes,hs_reads,writes,reads,free_heap_B,hs_keygen_us,hs_derive_us,hs_verify_us,hs_sign_us,hs_keygen_n,hs_derive_n,hs_verify_n,hs_sign_n
#suite TLS13-AES256-GCM-SHA384
0,7.3960,799.0940,14.0140,820.5040,1836,2423,45,568,2,13,3,19,168292,170977.0,351639.0,195125.0,0.0,2,2,2,0
1,9.4210,793.4560,16.4850,819.3620,1836,2423,45,568,2,12,3,18,168292,170729.0,352231.0,195646.0,0.0,2,2,2,0
2,5.6260,790.7680,12.7270,809.1210,1836,2424,45,568,2,12,3,18,168292,170798.0,351591.0,195184.0,0.0,2,2,2,0
3,5.7830,791.9780,14.1310,811.8920,1836,2423,45,568,2,12,3,18,168292,171091.0,351977.0,195490.0,0.0,2,2,2,0
4,6.6020,790.7380,11.7400,809.0800,1836,2423,45,568,2,12,3,18,168292,170765.0,351842.0,195522.0,0.0,2,2,2,0
5,5.4310,792.9160,12.1560,810.5030,1836,2422,45,568,2,12,3,18,168292,171115.0,352002.0,195306.0,0.0,2,2,2,0
6,5.4010,797.6360,66.1810,869.2180,1836,2423,45,568,2,12,3,18,168292,171044.0,354600.0,197668.0,0.0,2,2,2,0
7,4.8830,797.8940,19.5350,822.3120,1836,2422,45,568,2,12,3,18,168292,170818.0,351771.0,195313.0,0.0,2,2,2,0
8,5.4140,794.6560,22.2700,822.3400,1836,2423,45,568,2,12,3,18,168292,171094.0,352043.0,195305.0,0.0,2,2,2,0
9,5.4370,798.1910,15.7670,819.3950,1836,2422,45,568,2,12,3,18,168292,171041.0,352099.0,195570.0,0.0,2,2,2,0
10,5.3810,792.8590,13.1370,811.3770,1836,2423,45,568,2,12,3,18,168292,170818.0,351678.0,195161.0,0.0,2,2,2,0
11,4.6080,792.6510,11.6660,808.9250,1836,2423,45,568,2,12,3,18,168292,170896.0,351900.0,195229.0,0.0,2,2,2,0
12,5.4040,793.8810,11.4030,810.6880,1836,2423,45,568,2,12,3,18,168292,171094.0,351902.0,195513.0,0.0,2,2,2,0
13,5.4950,795.8370,12.8490,814.1810,1836,2423,45,568,2,12,3,18,168292,171672.0,352106.0,195332.0,0.0,2,2,2,0
14,5.3810,792.6190,18.0220,816.0220,1836,2423,45,568,2,12,3,18,168292,170859.0,351835.0,195321.0,0.0,2,2,2,0
15,6.6730,790.7610,11.2920,808.7260,1836,2424,45,568,2,12,3,18,168292,170877.0,351637.0,195254.0,0.0,2,2,2,0
16,5.4340,792.2570,11.4700,809.1610,1836,2423,45,568,2,12,3,18,168292,171192.0,352347.0,195243.0,0.0,2,2,2,0
17,5.6570,796.0950,13.1020,814.8540,1836,2423,45,568,2,12,3,18,168292,171016.0,352553.0,195986.0,0.0,2,2,2,0
18,5.4010,792.7390,12.0190,810.1590,1836,2424,45,568,2,12,3,18,168292,171229.0,352063.0,195913.0,0.0,2,2,2,0
19,4.4250,826.6790,11.7680,842.8720,1836,2422,45,568,2,12,3,18,168292,171381.0,353938.0,195386.0,0.0,2,2,2,0
#heap 26191
#stack 2728
#end
#block sweep TLS SecP256r1MLKEM512
#lib wolfSSL 5.9.4
iter,tcp_ms,tls_ms,mqtt_ms,total_ms,hs_tx_B,hs_rx_B,mqtt_tx_B,mqtt_rx_B,hs_writes,hs_reads,writes,reads,free_heap_B,hs_keygen_us,hs_derive_us,hs_verify_us,hs_sign_us,hs_keygen_n,hs_derive_n,hs_verify_n,hs_sign_n
#err tls handshake failed: received alert fatal error
#heap 12771
#stack 1816
#end
#block sweep TLS x25519_mlkem512
#lib wolfSSL 5.9.4
iter,tcp_ms,tls_ms,mqtt_ms,total_ms,hs_tx_B,hs_rx_B,mqtt_tx_B,mqtt_rx_B,hs_writes,hs_reads,writes,reads,free_heap_B,hs_keygen_us,hs_derive_us,hs_verify_us,hs_sign_us,hs_keygen_n,hs_derive_n,hs_verify_n,hs_sign_n
#err tls handshake failed: received alert fatal error
#heap 12242
#stack 1816
#end
#block sweep TLS p384_mlkem768
#lib wolfSSL 5.9.4
iter,tcp_ms,tls_ms,mqtt_ms,total_ms,hs_tx_B,hs_rx_B,mqtt_tx_B,mqtt_rx_B,hs_writes,hs_reads,writes,reads,free_heap_B,hs_keygen_us,hs_derive_us,hs_verify_us,hs_sign_us,hs_keygen_n,hs_derive_n,hs_verify_n,hs_sign_n
#suite TLS13-AES256-GCM-SHA384
0,8.3840,806.8330,13.9860,829.2030,1452,1943,45,568,2,12,3,18,168292,165614.0,345611.0,196134.0,0.0,2,2,2,0
1,6.3680,812.8070,13.6620,832.8370,1452,1943,45,568,2,12,3,18,168292,165670.0,345746.0,195351.0,0.0,2,2,2,0
2,7.4050,796.7540,19.4240,823.5830,1452,1943,45,568,2,12,3,18,168292,165781.0,345754.0,195523.0,0.0,2,2,2,0
3,5.3860,807.0490,13.9440,826.3790,1452,1942,45,568,2,12,3,18,168292,165682.0,345461.0,195371.0,0.0,2,2,2,0
4,4.6610,799.1720,14.4530,818.2860,1452,1944,45,568,2,12,3,18,168292,166551.0,346547.0,195047.0,0.0,2,2,2,0
5,5.3960,791.7170,12.3030,809.4160,1452,1943,45,568,2,12,3,18,168292,165621.0,346043.0,195601.0,0.0,2,2,2,0
6,4.3940,798.4640,12.2910,815.1490,1452,1944,45,568,2,12,3,18,168292,165634.0,345689.0,195582.0,0.0,2,2,2,0
7,20.5870,801.9730,13.3710,835.9310,1452,1943,45,568,2,12,3,18,168292,165605.0,345633.0,195215.0,0.0,2,2,2,0
8,4.8130,814.7200,12.1710,831.7040,1452,1943,45,568,2,12,3,18,168292,165715.0,345560.0,195414.0,0.0,2,2,2,0
9,4.4310,792.9520,55.9870,853.3700,1452,1943,45,568,2,12,3,18,168292,165626.0,345789.0,195278.0,0.0,2,2,2,0
10,22.4480,796.6280,26.2970,845.3730,1452,1942,45,568,2,12,3,18,168292,165702.0,345621.0,195505.0,0.0,2,2,2,0
11,4.7330,807.6840,11.8910,824.3080,1452,1944,45,568,2,12,3,18,168292,165754.0,345737.0,195393.0,0.0,2,2,2,0
12,7.6120,798.3270,24.9340,830.8730,1452,1943,45,568,2,12,3,18,168292,165814.0,345268.0,195323.0,0.0,2,2,2,0
13,5.8680,798.6490,14.7310,819.2480,1452,1943,45,568,2,12,3,18,168292,165520.0,345647.0,195501.0,0.0,2,2,2,0
14,4.7900,798.8480,12.1740,815.8120,1452,1944,45,568,2,12,3,18,168292,165552.0,345744.0,195394.0,0.0,2,2,2,0
15,5.5130,805.9840,17.5080,829.0050,1452,1943,45,568,2,12,3,18,168292,165810.0,345504.0,195462.0,0.0,2,2,2,0
16,17.3950,798.4830,24.5490,840.4270,1452,1944,45,568,2,12,3,18,168292,165544.0,345633.0,195413.0,0.0,2,2,2,0
17,4.8510,808.7280,11.8390,825.4180,1452,1942,45,568,2,12,3,18,168292,166038.0,345171.0,195653.0,0.0,2,2,2,0
18,4.6550,800.5130,23.9620,829.1300,1452,1942,45,568,2,12,3,18,168292,165833.0,345502.0,195592.0,0.0,2,2,2,0
19,5.3790,812.6280,11.5910,829.5980,1452,1942,45,568,2,12,3,18,168292,165651.0,345716.0,195580.0,0.0,2,2,2,0
#heap 22962
#stack 2640
#end
#block sweep TLS p521_mlkem1024
#lib wolfSSL 5.9.4
iter,tcp_ms,tls_ms,mqtt_ms,total_ms,hs_tx_B,hs_rx_B,mqtt_tx_B,mqtt_rx_B,hs_writes,hs_reads,writes,reads,free_heap_B,hs_keygen_us,hs_derive_us,hs_verify_us,hs_sign_us,hs_keygen_n,hs_derive_n,hs_verify_n,hs_sign_n
#suite TLS13-AES256-GCM-SHA384
0,16.3840,1042.6190,26.4490,1085.4520,1872,2460,45,568,2,12,3,18,168292,250086.0,492752.0,195595.0,0.0,2,2,2,0
1,6.4660,1035.7880,14.9230,1057.1770,1872,2459,45,568,2,13,3,19,168292,250303.0,492511.0,195467.0,0.0,2,2,2,0
2,5.8580,1036.2150,29.2120,1071.2850,1872,2459,45,568,2,12,3,18,168292,250561.0,492748.0,195373.0,0.0,2,2,2,0
3,5.4010,1036.2510,15.2070,1056.8590,1872,2458,45,568,2,12,3,18,168292,250313.0,492525.0,195453.0,0.0,2,2,2,0
4,7.3910,1037.5640,17.5270,1062.4820,1872,2459,45,568,2,13,3,19,168292,250404.0,492621.0,195664.0,0.0,2,2,2,0
5,4.4370,1039.6250,11.6260,1055.6880,1872,2460,45,568,2,12,3,18,168292,250502.0,493049.0,195143.0,0.0,2,2,2,0
6,5.3990,1038.8440,23.9900,1068.2330,1872,2459,45,568,2,12,3,18,168292,250360.0,493008.0,195548.0,0.0,2,2,2,0
7,5.8380,1041.5670,12.9030,1060.3080,1872,2459,45,568,2,12,3,18,168292,249985.0,492567.0,195344.0,0.0,2,2,2,0
8,7.3770,1040.7900,15.4800,1063.6470,1872,2460,45,568,2,12,3,18,168292,250782.0,492708.0,195576.0,0.0,2,2,2,0
9,5.3800,1045.1620,27.6960,1078.2380,1872,2459,45,568,2,13,3,19,168292,250272.0,493052.0,195159.0,0.0,2,2,2,0
10,4.6990,1033.2420,17.9790,1055.9200,1872,2459,45,568,2,13,3,19,168292,250358.0,492658.0,195628.0,0.0,2,2,2,0
11,8.3940,1042.7460,27.9060,1079.0460,1872,2458,45,568,2,12,3,18,168292,250277.0,492448.0,195532.0,0.0,2,2,2,0
12,5.4380,1056.1240,12.0400,1073.6020,1872,2460,45,568,2,13,3,19,168292,250402.0,492353.0,195487.0,0.0,2,2,2,0
13,5.3750,1044.8400,17.6210,1067.8360,1872,2460,45,568,2,13,3,19,168292,250112.0,492446.0,195643.0,0.0,2,2,2,0
14,5.5420,1043.2240,12.3360,1061.1020,1872,2459,45,568,2,12,3,18,168292,250312.0,492426.0,195485.0,0.0,2,2,2,0
15,7.8810,1036.7380,17.1210,1061.7400,1872,2459,45,568,2,12,3,18,168292,250474.0,492626.0,195398.0,0.0,2,2,2,0
16,4.4820,1044.4220,12.3250,1061.2290,1872,2459,45,568,2,12,3,18,168292,250301.0,492473.0,195296.0,0.0,2,2,2,0
17,23.4180,1043.2480,26.9820,1093.6480,1872,2460,45,568,2,12,3,18,168292,250000.0,493258.0,195390.0,0.0,2,2,2,0
18,5.3840,1040.9000,13.0000,1059.2840,1872,2459,45,568,2,12,3,18,168292,250461.0,492461.0,195581.0,0.0,2,2,2,0
19,5.3980,1040.4220,22.4590,1068.2790,1872,2459,45,568,2,12,3,18,168292,250158.0,492353.0,195443.0,0.0,2,2,2,0
#heap 28142
#stack 2728
#end
#block sweep TLS x448_mlkem768
#lib wolfSSL 5.9.4
iter,tcp_ms,tls_ms,mqtt_ms,total_ms,hs_tx_B,hs_rx_B,mqtt_tx_B,mqtt_rx_B,hs_writes,hs_reads,writes,reads,free_heap_B,hs_keygen_us,hs_derive_us,hs_verify_us,hs_sign_us,hs_keygen_n,hs_derive_n,hs_verify_n,hs_sign_n
#suite TLS13-AES256-GCM-SHA384
0,4.6180,695.0090,12.8240,712.4510,1411,1902,45,568,2,12,3,18,168292,210204.0,213911.0,195334.0,0.0,2,2,2,0
1,5.4070,718.4020,27.2240,751.0330,1411,1901,45,568,2,12,3,18,168292,209994.0,213623.0,195260.0,0.0,2,2,2,0
2,5.4320,698.9250,12.3510,716.7080,1411,1903,45,568,2,12,3,18,168292,210153.0,213802.0,195130.0,0.0,2,2,2,0
3,14.4910,695.5640,15.3840,725.4390,1411,1902,45,568,2,12,3,18,168292,209994.0,214004.0,195840.0,0.0,2,2,2,0
4,5.4060,705.5850,12.1280,723.1190,1411,1902,45,568,2,12,3,18,168292,209924.0,213762.0,195300.0,0.0,2,2,2,0
5,7.4280,692.5770,12.0820,712.0870,1411,1902,45,568,2,12,3,18,168292,210198.0,213751.0,195369.0,0.0,2,2,2,0
6,7.4720,718.7070,128.5870,854.7660,1411,1902,45,568,2,12,3,18,168292,209871.0,213684.0,195999.0,0.0,2,2,2,0
7,20.6340,696.2530,21.2930,738.1800,1411,1903,45,568,2,12,3,18,168292,210637.0,213832.0,195435.0,0.0,2,2,2,0
8,4.4290,696.4160,15.1860,716.0310,1411,1902,45,568,2,12,3,18,168292,209994.0,213591.0,195335.0,0.0,2,2,2,0
9,6.3790,693.3180,20.4520,720.1490,1411,1902,45,568,2,12,3,18,168292,210441.0,213638.0,195312.0,0.0,2,2,2,0
10,5.3900,707.4440,15.9960,728.8300,1411,1902,45,568,2,12,3,18,168292,209773.0,213497.0,195064.0,0.0,2,2,2,0
11,5.3730,719.3150,12.4100,737.0980,1411,1902,45,568,2,12,3,18,168292,210609.0,213530.0,195077.0,0.0,2,2,2,0
12,4.4270,706.6590,13.1800,724.2660,1411,1902,45,568,2,12,3,18,168292,210084.0,213781.0,195352.0,0.0,2,2,2,0
13,21.4340,697.1340,26.3360,744.9040,1411,1903,45,568,2,12,3,18,168292,210230.0,213911.0,195842.0,0.0,2,2,2,0
14,5.7910,702.7650,13.8280,722.3840,1411,1902,45,568,2,12,3,18,168292,209916.0,213440.0,195306.0,0.0,2,2,2,0
15,7.9080,691.9330,12.1800,712.0210,1411,1902,45,568,2,12,3,18,168292,209619.0,213863.0,195345.0,0.0,2,2,2,0
16,5.4310,694.2100,12.0900,711.7310,1411,1902,45,568,2,12,3,18,168292,210032.0,213477.0,195422.0,0.0,2,2,2,0
17,7.5830,708.9050,81.3320,797.8200,1411,1901,45,568,2,12,3,18,168292,210343.0,213599.0,195144.0,0.0,2,2,2,0
18,7.6270,693.1590,15.2120,715.9980,1411,1902,45,568,2,12,3,18,168292,209676.0,214588.0,195402.0,0.0,2,2,2,0
19,5.5970,767.3920,78.7610,851.7500,1411,1902,45,568,2,12,3,18,168292,210164.0,213725.0,195288.0,0.0,2,2,2,0
#heap 21460
#stack 3232
#end
#block sweep TLS X25519
#lib wolfSSL 5.9.4
iter,tcp_ms,tls_ms,mqtt_ms,total_ms,hs_tx_B,hs_rx_B,mqtt_tx_B,mqtt_rx_B,hs_writes,hs_reads,writes,reads,free_heap_B,hs_keygen_us,hs_derive_us,hs_verify_us,hs_sign_us,hs_keygen_n,hs_derive_n,hs_verify_n,hs_sign_n
#suite TLS13-AES256-GCM-SHA384
0,156.7730,462.9410,51.9510,671.6650,203,791,45,568,2,12,3,18,168292,57026.0,56744.0,195655.0,0.0,1,1,2,0
1,4.7020,456.8930,41.8640,503.4590,203,791,45,568,2,12,3,18,168292,56937.0,56728.0,195572.0,0.0,1,1,2,0
2,5.5380,445.9260,36.2020,487.6660,203,789,45,568,2,12,3,18,168292,56894.0,56779.0,195646.0,0.0,1,1,2,0
3,6.6970,437.0270,52.0780,495.8020,203,790,45,568,2,12,3,18,168292,56878.0,56757.0,195633.0,0.0,1,1,2,0
4,4.4090,400.7650,13.9020,419.0760,203,790,45,568,2,12,3,18,168292,56966.0,56751.0,195688.0,0.0,1,1,2,0
5,5.6790,369.8150,23.0580,398.5520,203,791,45,568,2,12,3,18,168292,56953.0,56764.0,196525.0,0.0,1,1,2,0
6,5.4880,371.9970,29.2330,406.7180,203,791,45,568,2,12,3,18,168292,56966.0,57270.0,195061.0,0.0,1,1,2,0
7,4.9870,366.7910,23.8040,395.5820,203,791,45,568,2,12,3,18,168292,57076.0,56757.0,195529.0,0.0,1,1,2,0
8,5.4460,374.3140,26.0860,405.8460,203,791,45,568,2,12,3,18,168292,56873.0,56874.0,196289.0,0.0,1,1,2,0
9,5.6900,370.1900,24.7900,400.6700,203,789,45,568,2,12,3,18,168292,56969.0,56813.0,195082.0,0.0,1,1,2,0
10,4.7640,373.1210,23.1490,401.0340,203,790,45,568,2,12,3,18,168292,56902.0,56644.0,195778.0,0.0,1,1,2,0
11,4.7020,363.1420,29.8770,397.7210,203,790,45,568,2,12,3,18,168292,56976.0,57109.0,195199.0,0.0,1,1,2,0
12,5.5540,360.5280,12.7160,378.7980,203,790,45,568,2,12,3,18,168292,56879.0,56645.0,195736.0,0.0,1,1,2,0
13,4.4990,365.7570,15.8060,386.0620,203,789,45,568,2,12,3,18,168292,57036.0,56765.0,196833.0,0.0,1,1,2,0
14,20.9060,365.6800,18.5730,405.1590,203,791,45,568,2,12,3,18,168292,56971.0,57305.0,195423.0,0.0,1,1,2,0
15,4.5340,361.7620,19.7070,386.0030,203,790,45,568,2,12,3,18,168292,57031.0,56672.0,195785.0,0.0,1,1,2,0
16,21.4310,364.9590,18.6050,404.9950,203,790,45,568,2,12,3,18,168292,57026.0,56730.0,196168.0,0.0,1,1,2,0
17,15.4150,360.9270,11.2290,387.5710,203,790,45,568,2,12,3,18,168292,56988.0,56803.0,195023.0,0.0,1,1,2,0
18,17.5930,369.3400,17.6210,404.5540,203,791,45,568,2,12,3,18,168292,57073.0,56737.0,195679.0,0.0,1,1,2,0
19,19.5610,365.4610,16.6360,401.6580,203,791,45,568,2,12,3,18,168292,57024.0,57211.0,195162.0,0.0,1,1,2,0
#heap 12267
#stack 3328
#end
#block sweep TLS secp256r1
#lib wolfSSL 5.9.4
iter,tcp_ms,tls_ms,mqtt_ms,total_ms,hs_tx_B,hs_rx_B,mqtt_tx_B,mqtt_rx_B,hs_writes,hs_reads,writes,reads,free_heap_B,hs_keygen_us,hs_derive_us,hs_verify_us,hs_sign_us,hs_keygen_n,hs_derive_n,hs_verify_n,hs_sign_n
#suite TLS13-AES256-GCM-SHA384
0,24.5640,351.5000,14.2180,390.2820,236,822,45,568,2,12,3,18,168292,31190.0,70132.0,196176.0,0.0,1,1,2,0
1,5.4980,347.7680,28.9020,382.1680,236,822,45,568,2,12,3,18,168292,31256.0,70243.0,196424.0,0.0,1,1,2,0
2,5.3970,358.0100,14.9370,378.3440,236,824,45,568,2,12,3,18,168292,31169.0,70528.0,195462.0,0.0,1,1,2,0
3,4.8520,351.5670,22.0070,378.4260,236,823,45,568,2,12,3,18,168292,31067.0,70256.0,195995.0,0.0,1,1,2,0
4,6.3930,355.3650,13.5500,375.3080,236,824,45,568,2,12,3,18,168292,31164.0,70622.0,195227.0,0.0,1,1,2,0
5,16.3920,350.0390,15.1580,381.5890,236,823,45,568,2,12,3,18,168292,31210.0,70228.0,195739.0,0.0,1,1,2,0
6,5.4670,350.1500,24.4820,380.0990,236,822,45,568,2,12,3,18,168292,31043.0,70660.0,195373.0,0.0,1,1,2,0
7,8.4160,358.5940,12.9410,379.9510,236,822,45,568,2,12,3,18,168292,31246.0,70194.0,196238.0,0.0,1,1,2,0
8,5.3980,348.5000,25.7880,379.6860,236,822,45,568,2,12,3,18,168292,31314.0,70230.0,196227.0,0.0,1,1,2,0
9,9.7100,346.8420,12.5090,369.0610,236,822,45,568,2,12,3,18,168292,31150.0,70175.0,195508.0,0.0,1,1,2,0
10,5.5050,364.6500,13.7400,383.8950,236,822,45,568,2,12,3,18,168292,31260.0,70253.0,195606.0,0.0,1,1,2,0
11,4.7690,364.4600,12.2680,381.4970,236,823,45,568,2,12,3,18,168292,31137.0,70714.0,195397.0,0.0,1,1,2,0
12,5.6260,362.1720,11.1530,378.9510,236,824,45,568,2,12,3,18,168292,31046.0,70111.0,195999.0,0.0,1,1,2,0
13,4.5570,350.7700,20.0860,375.4130,236,824,45,568,2,12,3,18,168292,31078.0,70620.0,195157.0,0.0,1,1,2,0
14,5.4430,350.4990,12.0740,368.0160,236,823,45,568,2,12,3,18,168292,31238.0,70096.0,196303.0,0.0,1,1,2,0
15,24.6940,351.5650,14.6540,390.9130,236,823,45,568,2,12,3,18,168292,31157.0,71219.0,195905.0,0.0,1,1,2,0
16,7.3970,348.3090,24.7170,380.4230,236,822,45,568,2,12,3,18,168292,31047.0,70201.0,196305.0,0.0,1,1,2,0
17,8.4790,357.8050,48.0060,414.2900,236,823,45,568,2,12,3,18,168292,31205.0,70219.0,196964.0,0.0,1,1,2,0
18,5.4450,351.1460,16.0520,372.6430,236,824,45,568,2,12,3,18,168292,31048.0,70838.0,195362.0,0.0,1,1,2,0
19,19.5420,351.4350,14.1610,385.1380,236,823,45,568,2,12,3,18,168292,31043.0,70129.0,196437.0,0.0,1,1,2,0
#heap 12300
#stack 2768
#end
#block sweep mTLS MLKEM512
#lib wolfSSL 5.9.4
iter,tcp_ms,tls_ms,mqtt_ms,total_ms,hs_tx_B,hs_rx_B,mqtt_tx_B,mqtt_rx_B,hs_writes,hs_reads,writes,reads,free_heap_B,hs_keygen_us,hs_derive_us,hs_verify_us,hs_sign_us,hs_keygen_n,hs_derive_n,hs_verify_n,hs_sign_n
#suite TLS13-AES256-GCM-SHA384
0,5.4060,365.4070,19.1100,389.9230,1526,1696,45,1400,4,14,5,20,167660,6033.0,8793.0,195205.0,43121.0,1,1,2,1
1,5.3690,316.8790,11.1790,333.4270,1525,1696,45,1400,4,14,5,20,167660,6023.0,8563.0,195155.0,43034.0,1,1,2,1
2,18.6950,328.1130,22.3220,369.1300,1527,1695,45,1400,4,14,5,20,167660,6030.0,8730.0,195379.0,43059.0,1,1,2,1
3,9.5880,349.5020,11.2050,370.2950,1526,1697,45,1400,4,14,5,20,167660,6140.0,8567.0,196067.0,42979.0,1,1,2,1
4,5.4640,317.0700,11.3270,333.8610,1527,1696,45,1400,4,14,5,20,167660,6137.0,8714.0,195294.0,43010.0,1,1,2,1
5,5.3900,328.1220,23.6720,357.1840,1526,1697,45,1400,4,14,5,20,167660,6215.0,8577.0,195298.0,43107.0,1,1,2,1
6,5.3730,318.7030,12.3640,336.4400,1527,1695,45,1400,4,14,5,20,167660,6026.0,8596.0,195428.0,43029.0,1,1,2,1
7,7.7370,322.4210,16.4740,346.6320,1525,1696,45,1400,4,14,5,20,167660,6211.0,8556.0,195434.0,43015.0,1,1,2,1
8,5.3800,323.2500,18.0340,346.6640,1525,1696,45,1400,4,14,5,20,167660,6164.0,8882.0,195044.0,43005.0,1,1,2,1
9,21.4290,332.1650,21.1240,374.7180,1525,1696,45,1400,4,14,5,20,167660,6032.0,8864.0,195402.0,43029.0,1,1,2,1
10,5.8680,321.1680,10.7200,337.7560,1526,1695,45,1400,4,14,5,20,167660,6025.0,8706.0,195384.0,42899.0,1,1,2,1
11,9.3760,318.6310,12.1340,340.1410,1525,1696,45,1400,4,14,5,20,167660,6029.0,8584.0,195412.0,43068.0,1,1,2,1
12,9.3840,324.8110,20.5750,354.7700,1527,1697,45,1400,4,14,5,20,167660,6398.0,8733.0,195379.0,42975.0,1,1,2,1
13,5.5590,319.4230,12.4360,337.4180,1526,1696,45,1400,4,14,5,20,167660,6143.0,8814.0,195386.0,43097.0,1,1,2,1
14,4.6240,330.1300,15.8080,350.5620,1527,1696,45,1400,4,14,5,20,167660,6036.0,8575.0,195429.0,43007.0,1,1,2,1
15,4.6640,316.9240,12.1450,333.7330,1527,1696,45,1400,4,14,5,20,167660,6051.0,8724.0,195175.0,43100.0,1,1,2,1
16,19.4010,328.3310,22.6940,370.4260,1525,1697,45,1400,4,14,5,20,167660,6240.0,8573.0,195335.0,42995.0,1,1,2,1
17,5.3890,318.0890,12.6650,336.1430,1527,1696,45,1400,4,14,5,20,167660,6165.0,8711.0,195279.0,43010.0,1,1,2,1
18,5.4030,330.0790,16.3910,351.8730,1527,1696,45,1400,4,14,5,20,167660,6156.0,8576.0,195424.0,43123.0,1,1,2,1
19,4.3910,318.9260,12.4130,335.7300,1527,1697,45,1400,4,14,5,20,167660,6026.0,8566.0,195352.0,42991.0,1,1,2,1
#heap 17073
#stack 2696
#end
#block sweep mTLS MLKEM768
#lib wolfSSL 5.9.4
iter,tcp_ms,tls_ms,mqtt_ms,total_ms,hs_tx_B,hs_rx_B,mqtt_tx_B,mqtt_rx_B,hs_writes,hs_reads,writes,reads,free_heap_B,hs_keygen_us,hs_derive_us,hs_verify_us,hs_sign_us,hs_keygen_n,hs_derive_n,hs_verify_n,hs_sign_n
#suite TLS13-AES256-GCM-SHA384
0,4.3920,330.3250,11.7440,346.4610,1909,2015,45,1400,4,14,5,20,167660,9281.0,13284.0,195359.0,43108.0,1,1,2,1
1,5.5820,329.9810,11.3070,346.8700,1910,2014,45,1400,4,14,5,20,167660,9279.0,13411.0,195564.0,42923.0,1,1,2,1
2,5.4840,330.3470,10.6890,346.5200,1909,2015,45,1400,4,14,5,20,167660,9438.0,13514.0,195304.0,43068.0,1,1,2,1
3,6.4680,329.0670,12.1270,347.6620,1909,2016,45,1400,4,14,5,20,167660,9271.0,13319.0,196086.0,42946.0,1,1,2,1
4,5.6640,329.0240,12.0640,346.7520,1910,2017,45,1400,4,14,5,20,167660,9403.0,13179.0,195325.0,42936.0,1,1,2,1
5,20.3970,335.3650,25.0270,380.7890,1909,2017,45,1400,4,14,5,20,167660,9475.0,13195.0,195276.0,42909.0,1,1,2,1
6,5.9410,344.8030,10.9970,361.7410,1909,2016,45,1400,4,14,5,20,167660,9524.0,13346.0,196085.0,43096.0,1,1,2,1
7,4.4070,329.5440,12.7420,346.6930,1911,2016,45,1400,4,14,5,20,167660,9412.0,13171.0,195478.0,42927.0,1,1,2,1
8,7.4460,340.5860,12.1300,360.1620,1910,2016,45,1400,4,14,5,20,167660,9279.0,13209.0,195181.0,43046.0,1,1,2,1
9,5.4070,341.2680,12.9950,359.6700,1910,2017,45,1400,4,14,5,20,167660,9571.0,13342.0,195228.0,42928.0,1,1,2,1
10,14.7770,330.9860,10.8520,356.6150,1911,2016,45,1400,4,14,5,20,167660,9490.0,13174.0,195417.0,43043.0,1,1,2,1
11,5.7820,330.1020,11.9460,347.8300,1909,2015,45,1400,4,14,5,20,167660,9260.0,13293.0,195338.0,42915.0,1,1,2,1
12,7.6970,329.1710,10.9600,347.8280,1911,2016,45,1400,4,14,5,20,167660,9273.0,13182.0,195222.0,42957.0,1,1,2,1
13,17.6470,371.5530,21.3850,410.5850,1909,2016,45,1400,4,14,5,20,167660,9272.0,13171.0,195190.0,42899.0,1,1,2,1
14,5.4880,334.9990,11.1600,351.6470,1910,2017,45,1400,4,14,5,20,167660,9276.0,13344.0,195362.0,42996.0,1,1,2,1
15,4.4300,343.0590,12.9720,360.4610,1911,2016,45,1400,4,14,5,20,167660,9272.0,13173.0,195298.0,42976.0,1,1,2,1
16,19.9900,330.5890,12.6410,363.2200,1910,2015,45,1400,4,14,5,20,167660,9279.0,13172.0,195256.0,42908.0,1,1,2,1
17,16.8210,340.8620,12.7540,370.4370,1910,2016,45,1400,4,14,5,20,167660,9470.0,13318.0,195293.0,42925.0,1,1,2,1
18,4.4320,331.9350,24.2550,360.6220,1910,2016,45,1400,4,14,5,20,167660,9280.0,13349.0,195091.0,42889.0,1,1,2,1
19,18.6090,331.2320,13.5850,363.4260,1910,2016,45,1400,4,14,5,20,167660,9405.0,13376.0,195465.0,43515.0,1,1,2,1
#heap 20721
#stack 2800
#end
#block sweep mTLS MLKEM1024
#lib wolfSSL 5.9.4
iter,tcp_ms,tls_ms,mqtt_ms,total_ms,hs_tx_B,hs_rx_B,mqtt_tx_B,mqtt_rx_B,hs_writes,hs_reads,writes,reads,free_heap_B,hs_keygen_us,hs_derive_us,hs_verify_us,hs_sign_us,hs_keygen_n,hs_derive_n,hs_verify_n,hs_sign_n
#suite TLS13-AES256-GCM-SHA384
0,6.3880,346.1070,22.5260,375.0210,2294,2496,45,1400,4,14,5,20,167660,14472.0,19413.0,195649.0,43076.0,1,1,2,1
1,20.4130,345.8120,15.3400,381.5650,2294,2496,45,1400,4,14,5,20,167660,14452.0,19418.0,195397.0,42898.0,1,1,2,1
2,4.7530,351.8350,10.8870,367.4750,2294,2497,45,1400,4,14,5,20,167660,14630.0,19436.0,195230.0,43059.0,1,1,2,1
3,4.7410,348.8250,25.8740,379.4400,2294,2495,45,1400,4,15,5,21,167660,14327.0,19418.0,195245.0,42988.0,1,1,2,1
4,12.4410,353.0010,13.9280,379.3700,2295,2496,45,1400,4,14,5,20,167660,14443.0,19415.0,195268.0,42989.0,1,1,2,1
5,5.6000,346.2270,24.3750,376.2020,2293,2496,45,1400,4,14,5,20,167660,14612.0,19753.0,195340.0,43244.0,1,1,2,1
6,4.5840,345.2360,10.7050,360.5250,2294,2497,45,1400,4,14,5,20,167660,14309.0,19411.0,195273.0,42942.0,1,1,2,1
7,8.6030,347.1520,24.2610,380.0160,2294,2495,45,1400,4,14,5,20,167660,14327.0,19462.0,195360.0,42926.0,1,1,2,1
8,4.8660,365.6090,11.7490,382.2240,2294,2496,45,1400,4,14,5,20,167660,14562.0,19429.0,195268.0,42909.0,1,1,2,1
9,6.4160,344.5210,11.3650,362.3020,2294,2496,45,1400,4,15,5,21,167660,14620.0,19391.0,195526.0,43036.0,1,1,2,1
10,4.4080,349.3210,11.9400,365.6690,2293,2496,45,1400,4,15,5,21,167660,14476.0,19412.0,195666.0,42876.0,1,1,2,1
11,4.4390,343.5610,27.1670,375.1670,2294,2497,45,1400,4,14,5,20,167660,14465.0,19465.0,195213.0,42884.0,1,1,2,1
12,6.4730,360.8690,11.1860,378.5280,2294,2496,45,1400,4,15,5,21,167660,14514.0,19403.0,195253.0,42887.0,1,1,2,1
13,6.7490,347.5600,24.1260,378.4350,2294,2497,45,1400,4,14,5,20,167660,14327.0,19480.0,195244.0,43019.0,1,1,2,1
14,18.6360,343.5630,11.4700,373.6690,2295,2496,45,1400,4,14,5,20,167660,14566.0,19552.0,195212.0,42869.0,1,1,2,1
15,6.5640,350.8070,10.6410,368.0120,2294,2497,45,1400,4,14,5,20,167660,14472.0,19434.0,196554.0,43050.0,1,1,2,1
16,4.4390,349.0190,24.5850,378.0430,2295,2495,45,1400,4,14,5,20,167660,14322.0,19376.0,195101.0,43041.0,1,1,2,1
17,4.4000,347.6370,23.5680,375.6050,2293,2495,45,1400,4,14,5,20,167660,14456.0,19443.0,195309.0,42977.0,1,1,2,1
18,20.4230,345.4440,11.1880,377.0550,2293,2497,45,1400,4,14,5,20,167660,14444.0,19426.0,195720.0,42995.0,1,1,2,1
19,5.3820,347.8860,11.5770,364.8450,2294,2495,45,1400,4,14,5,20,167660,14451.0,19580.0,196438.0,42886.0,1,1,2,1
#heap 24849
#stack 2728
#end
#block sweep mTLS X25519MLKEM768
#lib wolfSSL 5.9.4
iter,tcp_ms,tls_ms,mqtt_ms,total_ms,hs_tx_B,hs_rx_B,mqtt_tx_B,mqtt_rx_B,hs_writes,hs_reads,writes,reads,free_heap_B,hs_keygen_us,hs_derive_us,hs_verify_us,hs_sign_us,hs_keygen_n,hs_derive_n,hs_verify_n,hs_sign_n
#suite TLS13-AES256-GCM-SHA384
0,17.6510,450.0960,11.6940,479.4410,1942,2009,45,1400,4,14,5,20,167660,66156.0,70331.0,195797.0,43493.0,2,2,2,1
1,6.5850,454.6170,11.2610,472.4630,1942,2008,45,1400,4,14,5,20,167660,66225.0,70338.0,195113.0,43040.0,2,2,2,1
2,5.4760,447.7120,24.4610,477.6490,1943,2007,45,1400,4,14,5,20,167660,66109.0,70338.0,195263.0,43056.0,2,2,2,1
3,5.4240,453.0040,83.1390,541.5670,1941,2008,45,1400,4,14,5,20,167660,66217.0,70235.0,195262.0,43050.0,2,2,2,1
4,5.4100,459.7310,10.8740,476.0150,1942,2009,45,1400,4,14,5,20,167660,66160.0,70270.0,195156.0,42901.0,2,2,2,1
5,5.4120,448.4450,27.1920,481.0490,1943,2008,45,1400,4,14,5,20,167660,66168.0,70347.0,195454.0,43031.0,2,2,2,1
6,4.6950,453.9850,12.6540,471.3340,1942,2009,45,1400,4,14,5,20,167660,66317.0,70312.0,195282.0,43042.0,2,2,2,1
7,4.8680,459.7820,24.1200,488.7700,1942,2009,45,1400,4,14,5,20,167660,66164.0,70357.0,195147.0,43040.0,2,2,2,1
8,14.5960,446.1510,10.6600,471.4070,1941,2007,45,1400,4,14,5,20,167660,66433.0,71177.0,195661.0,43119.0,2,2,2,1
9,7.3990,454.8800,10.9420,473.2210,1942,2008,45,1400,4,14,5,20,167660,66221.0,70147.0,195351.0,43005.0,2,2,2,1
10,4.7100,446.0900,26.1820,476.9820,1943,2008,45,1400,4,14,5,20,167660,66204.0,70120.0,195188.0,43079.0,2,2,2,1
11,4.8910,462.5810,412.8070,880.2790,1942,2008,45,1400,4,14,5,20,167660,66331.0,70082.0,196233.0,44039.0,2,2,2,1
12,17.5870,447.6250,10.8810,476.0930,1942,2009,45,1400,4,14,5,20,167660,66366.0,70183.0,195363.0,42903.0,2,2,2,1
13,4.9100,459.5500,14.0740,478.5340,1942,2008,45,1400,4,14,5,20,167660,66355.0,70152.0,195304.0,42910.0,2,2,2,1
14,5.4130,450.1350,24.4100,479.9580,1942,2008,45,1400,4,14,5,20,167660,66610.0,70441.0,195305.0,42903.0,2,2,2,1
15,5.5310,451.2610,12.5130,469.3050,1941,2008,45,1400,4,14,5,20,167660,66207.0,70340.0,195291.0,42908.0,2,2,2,1
16,14.4210,460.1000,24.5120,499.0330,1942,2007,45,1400,4,14,5,20,167660,66106.0,70307.0,195256.0,42883.0,2,2,2,1
17,5.6320,459.3290,24.1030,489.0640,1943,2008,45,1400,4,14,5,20,167660,66215.0,70191.0,195217.0,42927.0,2,2,2,1
18,4.9810,445.3110,11.2970,461.5890,1943,2007,45,1400,4,14,5,20,167660,66377.0,71332.0,195266.0,42928.0,2,2,2,1
19,5.4060,456.5500,11.1630,473.1190,1942,2008,45,1400,4,14,5,20,167660,66117.0,70231.0,195228.0,42922.0,2,2,2,1
#heap 21985
#stack 3288
#end
#block sweep mTLS SecP256r1MLKEM768
#lib wolfSSL 5.9.4
iter,tcp_ms,tls_ms,mqtt_ms,total_ms,hs_tx_B,hs_rx_B,mqtt_tx_B,mqtt_rx_B,hs_writes,hs_reads,writes,reads,free_heap_B,hs_keygen_us,hs_derive_us,hs_verify_us,hs_sign_us,hs_keygen_n,hs_derive_n,hs_verify_n,hs_sign_n
#suite TLS13-AES256-GCM-SHA384
0,16.5200,446.2400,11.6220,474.3820,1974,2082,45,1400,4,14,5,20,167660,40612.0,83729.0,195388.0,43005.0,2,2,2,1
1,4.4240,437.2200,11.9480,453.5920,1975,2080,45,1400,4,14,5,20,167660,40452.0,83566.0,195339.0,42948.0,2,2,2,1
2,4.4420,453.3660,11.1530,468.9610,1974,2080,45,1400,4,14,5,20,167660,40390.0,83374.0,195217.0,43068.0,2,2,2,1
3,4.8350,441.1660,10.8170,456.8180,1976,2081,45,1400,4,14,5,20,167660,40487.0,83398.0,195217.0,43060.0,2,2,2,1
4,5.4690,440.9680,12.5190,458.9560,1975,2080,45,1400,4,14,5,20,167660,40644.0,83579.0,195852.0,42868.0,2,2,2,1
5,4.4050,440.7280,19.8530,464.9860,1976,2081,45,1400,4,14,5,20,167660,40395.0,84531.0,195279.0,43023.0,2,2,2,1
6,20.6030,445.4580,11.9890,478.0500,1975,2080,45,1400,4,14,5,20,167660,40499.0,83860.0,195394.0,42889.0,2,2,2,1
7,4.8270,437.8200,12.4830,455.1300,1975,2081,45,1400,4,14,5,20,167660,40847.0,83540.0,195356.0,42922.0,2,2,2,1
8,6.5770,440.4730,17.1590,464.2090,1975,2081,45,1400,4,14,5,20,167660,40823.0,84643.0,195566.0,42919.0,2,2,2,1
9,17.4860,445.1670,11.4790,474.1320,1976,2080,45,1400,4,14,5,20,167660,40492.0,83539.0,195464.0,42979.0,2,2,2,1
10,8.6130,437.6290,11.3600,457.6020,1976,2081,45,1400,4,14,5,20,167660,40544.0,83599.0,195202.0,42938.0,2,2,2,1
11,5.3860,436.7810,21.6450,463.8120,1975,2082,45,1400,4,14,5,20,167660,40404.0,83717.0,195142.0,42880.0,2,2,2,1
12,19.6080,445.3010,11.0470,475.9560,1975,2081,45,1400,4,14,5,20,167660,40580.0,83444.0,195062.0,43090.0,2,2,2,1
13,19.4170,436.5490,14.3140,470.2800,1974,2082,45,1400,4,14,5,20,167660,40670.0,83605.0,195343.0,43062.0,2,2,2,1
14,6.3980,437.6330,27.3440,471.3750,1974,2081,45,1400,4,14,5,20,167660,40466.0,83314.0,195923.0,42885.0,2,2,2,1
15,5.4020,440.1740,13.4240,459.0000,1974,2082,45,1400,4,14,5,20,167660,40398.0,83350.0,195277.0,42929.0,2,2,2,1
16,5.4460,437.8810,12.3990,455.7260,1975,2081,45,1400,4,14,5,20,167660,40613.0,83411.0,195423.0,42940.0,2,2,2,1
17,4.5290,433.3300,24.6440,462.5030,1975,2082,45,1400,4,14,5,20,167660,40520.0,83574.0,195290.0,42977.0,2,2,2,1
18,37.4120,442.9280,27.1610,507.5010,1974,2080,45,1400,4,14,5,20,167660,40903.0,83748.0,195333.0,42869.0,2,2,2,1
19,5.3900,438.1720,13.4820,457.0440,1974,2081,45,1400,4,14,5,20,167660,40689.0,83654.0,195274.0,42926.0,2,2,2,1
#heap 22084
#stack 2744
#end
#block sweep mTLS SecP384r1MLKEM1024
#lib wolfSSL 5.9.4
iter,tcp_ms,tls_ms,mqtt_ms,total_ms,hs_tx_B,hs_rx_B,mqtt_tx_B,mqtt_rx_B,hs_writes,hs_reads,writes,reads,free_heap_B,hs_keygen_us,hs_derive_us,hs_verify_us,hs_sign_us,hs_keygen_n,hs_derive_n,hs_verify_n,hs_sign_n
#suite TLS13-AES256-GCM-SHA384
0,6.4190,847.7210,12.1100,866.2500,2391,2594,45,1400,4,15,5,21,167660,170900.0,351786.0,195135.0,42894.0,2,2,2,1
1,4.7770,844.9990,25.0730,874.8490,2391,2593,45,1400,4,14,5,20,167660,171055.0,351906.0,195358.0,42988.0,2,2,2,1
2,19.4360,847.1790,12.4240,879.0390,2392,2592,45,1400,4,14,5,20,167660,171182.0,351949.0,195290.0,43023.0,2,2,2,1
3,18.3780,847.0700,19.1610,884.6090,2391,2593,45,1400,4,14,5,20,167660,170885.0,351474.0,195202.0,42921.0,2,2,2,1
4,8.4830,840.9920,21.3510,870.8260,2391,2594,45,1400,4,14,5,20,167660,170715.0,351939.0,195251.0,42903.0,2,2,2,1
5,19.4890,851.1530,11.9280,882.5700,2391,2593,45,1400,4,14,5,20,167660,171027.0,352307.0,195236.0,42871.0,2,2,2,1
6,15.8780,850.2840,15.4450,881.6070,2391,2594,45,1400,4,14,5,20,167660,171011.0,351946.0,195446.0,42920.0,2,2,2,1
7,5.7840,841.2330,24.2950,871.3120,2392,2594,45,1400,4,14,5,20,167660,170934.0,351960.0,195580.0,42987.0,2,2,2,1
8,5.4400,853.4610,12.0970,870.9980,2391,2594,45,1400,4,14,5,20,167660,170906.0,351779.0,195461.0,43018.0,2,2,2,1
9,5.4090,841.6900,18.3670,865.4660,2391,2592,45,1400,4,14,5,20,167660,170894.0,351944.0,195238.0,43076.0,2,2,2,1
10,20.3770,846.5280,11.3360,878.2410,2390,2592,45,1400,4,14,5,20,167660,170706.0,352083.0,195313.0,42913.0,2,2,2,1
11,15.4490,850.9620,16.8440,883.2550,2391,2593,45,1400,4,15,5,21,167660,171102.0,351842.0,195375.0,43008.0,2,2,2,1
12,5.4520,843.1960,23.9510,872.5990,2391,2592,45,1400,4,14,5,20,167660,170801.0,351917.0,195458.0,42998.0,2,2,2,1
13,5.3750,847.4510,12.1750,865.0010,2390,2593,45,1400,4,14,5,20,167660,171050.0,351877.0,195184.0,43197.0,2,2,2,1
14,4.5900,842.3280,21.6310,868.5490,2392,2593,45,1400,4,14,5,20,167660,170852.0,351945.0,195285.0,42911.0,2,2,2,1
15,6.3770,846.4870,13.5860,866.4500,2392,2594,45,1400,4,14,5,20,167660,171403.0,352648.0,195453.0,43016.0,2,2,2,1
16,5.4650,845.3250,14.2060,864.9960,2391,2594,45,1400,4,14,5,20,167660,170986.0,351753.0,195479.0,42926.0,2,2,2,1
17,4.4750,847.8010,21.5000,873.7760,2390,2592,45,1400,4,15,5,21,167660,170833.0,351617.0,195319.0,42966.0,2,2,2,1
18,5.4030,865.6680,11.5630,882.6340,2391,2593,45,1400,4,15,5,21,167660,170785.0,351772.0,195747.0,42883.0,2,2,2,1
19,18.9530,850.3460,16.9310,886.2300,2391,2593,45,1400,4,14,5,20,167660,171019.0,351858.0,195445.0,42978.0,2,2,2,1
#heap 26788
#stack 2728
#end
#block sweep mTLS SecP256r1MLKEM512
#lib wolfSSL 5.9.4
iter,tcp_ms,tls_ms,mqtt_ms,total_ms,hs_tx_B,hs_rx_B,mqtt_tx_B,mqtt_rx_B,hs_writes,hs_reads,writes,reads,free_heap_B,hs_keygen_us,hs_derive_us,hs_verify_us,hs_sign_us,hs_keygen_n,hs_derive_n,hs_verify_n,hs_sign_n
#err tls handshake failed: received alert fatal error
#heap 13368
#stack 1816
#end
#block sweep mTLS x25519_mlkem512
#lib wolfSSL 5.9.4
iter,tcp_ms,tls_ms,mqtt_ms,total_ms,hs_tx_B,hs_rx_B,mqtt_tx_B,mqtt_rx_B,hs_writes,hs_reads,writes,reads,free_heap_B,hs_keygen_us,hs_derive_us,hs_verify_us,hs_sign_us,hs_keygen_n,hs_derive_n,hs_verify_n,hs_sign_n
#err tls handshake failed: error state on socket
#heap 12839
#stack 1832
#end
#block sweep mTLS p384_mlkem768
#lib wolfSSL 5.9.4
iter,tcp_ms,tls_ms,mqtt_ms,total_ms,hs_tx_B,hs_rx_B,mqtt_tx_B,mqtt_rx_B,hs_writes,hs_reads,writes,reads,free_heap_B,hs_keygen_us,hs_derive_us,hs_verify_us,hs_sign_us,hs_keygen_n,hs_derive_n,hs_verify_n,hs_sign_n
#suite TLS13-AES256-GCM-SHA384
0,21.4100,855.0170,23.6720,900.0990,2007,2113,45,1400,4,14,5,20,167660,165726.0,345427.0,195308.0,42953.0,2,2,2,1
1,8.4060,860.5960,11.4920,880.4940,2007,2113,45,1400,4,14,5,20,167660,166288.0,345749.0,195359.0,43039.0,2,2,2,1
2,5.4040,863.3780,26.2240,895.0060,2007,2114,45,1400,4,14,5,20,167660,165803.0,345865.0,195221.0,42929.0,2,2,2,1
3,7.7460,854.9140,14.6110,877.2710,2008,2113,45,1400,4,14,5,20,167660,165849.0,345784.0,195503.0,43027.0,2,2,2,1
4,6.4220,854.4000,11.9050,872.7270,2006,2112,45,1400,4,14,5,20,167660,165765.0,345680.0,196122.0,43048.0,2,2,2,1
5,4.4110,959.3210,11.9210,975.6530,2007,2112,45,1400,4,14,5,20,167660,165736.0,346639.0,195529.0,43050.0,2,2,2,1
6,5.4140,845.3360,18.0950,868.8450,2007,2113,45,1400,4,14,5,20,167660,165617.0,345515.0,195981.0,42890.0,2,2,2,1
7,20.4560,846.5350,12.5680,879.5590,2007,2113,45,1400,4,14,5,20,167660,165791.0,346444.0,195317.0,42923.0,2,2,2,1
8,15.4670,854.8960,14.2520,884.6150,2007,2113,45,1400,4,14,5,20,167660,165808.0,345662.0,195482.0,42903.0,2,2,2,1
9,4.8580,854.5100,16.3520,875.7200,2007,2114,45,1400,4,14,5,20,167660,165768.0,345418.0,195318.0,42959.0,2,2,2,1
10,22.5990,854.4870,15.8380,892.9240,2007,2112,45,1400,4,14,5,20,167660,165567.0,345583.0,195461.0,42898.0,2,2,2,1
11,5.4260,868.8870,11.2110,885.5240,2008,2112,45,1400,4,14,5,20,167660,165864.0,345445.0,195472.0,43044.0,2,2,2,1
12,5.4000,863.6170,21.9300,890.9470,2006,2114,45,1400,4,14,5,20,167660,165662.0,345474.0,195206.0,42892.0,2,2,2,1
13,5.3920,849.4770,23.5630,878.4320,2007,2112,45,1400,4,14,5,20,167660,165911.0,345495.0,195540.0,43025.0,2,2,2,1
14,7.4280,857.3770,20.3870,885.1920,2006,2113,45,1400,4,14,5,20,167660,165661.0,345694.0,195401.0,42933.0,2,2,2,1
15,16.6510,854.5170,12.7860,883.9540,2008,2113,45,1400,4,14,5,20,167660,165712.0,345444.0,195505.0,42958.0,2,2,2,1
16,4.7420,850.7940,12.0990,867.6350,2008,2112,45,1400,4,14,5,20,167660,165713.0,346379.0,195408.0,42899.0,2,2,2,1
17,6.6850,849.1990,12.8210,868.7050,2008,2113,45,1400,4,14,5,20,167660,165894.0,345445.0,195535.0,42999.0,2,2,2,1
18,21.7270,852.9280,11.1080,885.7630,2008,2114,45,1400,4,14,5,20,167660,165544.0,345706.0,195721.0,43025.0,2,2,2,1
19,4.6740,847.5110,11.7090,863.8940,2007,2113,45,1400,4,14,5,20,167660,165833.0,345601.0,195211.0,43133.0,2,2,2,1
#heap 23559
#stack 2728
#end
#block sweep mTLS p521_mlkem1024
#lib wolfSSL 5.9.4
iter,tcp_ms,tls_ms,mqtt_ms,total_ms,hs_tx_B,hs_rx_B,mqtt_tx_B,mqtt_rx_B,hs_writes,hs_reads,writes,reads,free_heap_B,hs_keygen_us,hs_derive_us,hs_verify_us,hs_sign_us,hs_keygen_n,hs_derive_n,hs_verify_n,hs_sign_n
#suite TLS13-AES256-GCM-SHA384
0,5.4800,1097.4730,13.9320,1116.8850,2427,2629,45,1400,4,14,5,20,167660,250270.0,492879.0,195655.0,42908.0,2,2,2,1
1,5.8090,1096.3280,17.4850,1119.6220,2427,2628,45,1400,4,15,5,21,167660,250458.0,492515.0,195144.0,43102.0,2,2,2,1
2,6.5750,1095.7700,241.7400,1344.0850,2426,2629,45,1400,4,14,5,20,167660,250223.0,492618.0,198405.0,42976.0,2,2,2,1
3,4.6510,1092.1890,12.0460,1108.8860,2428,2629,45,1400,4,14,5,20,167660,250449.0,492612.0,195369.0,43024.0,2,2,2,1
4,6.3830,1099.5830,12.7280,1118.6940,2426,2628,45,1400,4,15,5,21,167660,250126.0,492478.0,195507.0,42985.0,2,2,2,1
5,21.0560,1094.2810,12.9650,1128.3020,2427,2630,45,1400,4,14,5,20,167660,250132.0,492206.0,195469.0,42953.0,2,2,2,1
6,6.3800,1091.4640,13.8910,1111.7350,2427,2628,45,1400,4,14,5,20,167660,250561.0,492626.0,195402.0,42887.0,2,2,2,1
7,5.6020,1102.9300,11.5850,1120.1170,2426,2629,45,1400,4,14,5,20,167660,250508.0,493382.0,195442.0,42947.0,2,2,2,1
8,10.4180,1099.2350,14.1850,1123.8380,2427,2630,45,1400,4,15,5,21,167660,250117.0,492624.0,195571.0,43015.0,2,2,2,1
9,5.5320,1102.1350,10.7620,1118.4290,2427,2629,45,1400,4,14,5,20,167660,250442.0,492736.0,195384.0,42942.0,2,2,2,1
10,4.7750,1093.5240,12.2500,1110.5490,2427,2629,45,1400,4,14,5,20,167660,250776.0,492440.0,195328.0,42899.0,2,2,2,1
11,4.5670,1103.4620,10.9770,1119.0060,2427,2629,45,1400,4,14,5,20,167660,251287.0,492394.0,195162.0,43019.0,2,2,2,1
12,5.4060,1109.7150,23.0960,1138.2170,2428,2629,45,1400,4,14,5,20,167660,250404.0,492685.0,195667.0,43018.0,2,2,2,1
13,7.3770,1091.2420,12.7380,1111.3570,2428,2630,45,1400,4,14,5,20,167660,250471.0,492805.0,196007.0,43004.0,2,2,2,1
14,4.6650,1092.6870,10.8330,1108.1850,2426,2629,45,1400,4,14,5,20,167660,250262.0,492772.0,195600.0,42859.0,2,2,2,1
15,8.4040,1098.0970,12.1540,1118.6550,2427,2629,45,1400,4,14,5,20,167660,250321.0,492292.0,195255.0,43109.0,2,2,2,1
16,8.4820,1105.6180,15.1160,1129.2160,2428,2630,45,1400,4,14,5,20,167660,250017.0,492619.0,195634.0,42996.0,2,2,2,1
17,5.3880,1096.5120,11.2640,1113.1640,2428,2629,45,1400,4,14,5,20,167660,250343.0,492598.0,195524.0,42955.0,2,2,2,1
18,8.3780,1103.5250,11.3060,1123.2090,2427,2628,45,1400,4,15,5,21,167660,250706.0,492560.0,195127.0,42901.0,2,2,2,1
19,4.5260,1097.7410,10.8540,1113.1210,2428,2629,45,1400,4,14,5,20,167660,250307.0,492536.0,195438.0,43059.0,2,2,2,1
#heap 28739
#stack 2760
#end
#block sweep mTLS x448_mlkem768
#lib wolfSSL 5.9.4
iter,tcp_ms,tls_ms,mqtt_ms,total_ms,hs_tx_B,hs_rx_B,mqtt_tx_B,mqtt_rx_B,hs_writes,hs_reads,writes,reads,free_heap_B,hs_keygen_us,hs_derive_us,hs_verify_us,hs_sign_us,hs_keygen_n,hs_derive_n,hs_verify_n,hs_sign_n
#suite TLS13-AES256-GCM-SHA384
0,4.3930,748.7680,13.5940,766.7550,1967,2072,45,1400,4,14,5,20,167660,209676.0,214642.0,195406.0,42915.0,2,2,2,1
1,4.6880,751.5040,17.8240,774.0160,1965,2073,45,1400,4,14,5,20,167660,209929.0,213608.0,195288.0,42935.0,2,2,2,1
2,5.4750,746.0040,11.5180,762.9970,1966,2071,45,1400,4,14,5,20,167660,209878.0,213756.0,195283.0,43065.0,2,2,2,1
3,4.8140,747.6930,14.3110,766.8180,1967,2072,45,1400,4,14,5,20,167660,209871.0,214096.0,194987.0,42893.0,2,2,2,1
4,5.6490,751.7860,14.8390,772.2740,1966,2073,45,1400,4,14,5,20,167660,210068.0,214595.0,195600.0,42944.0,2,2,2,1
5,6.8280,747.3600,11.1400,765.3280,1965,2073,45,1400,4,14,5,20,167660,210024.0,213446.0,195050.0,42859.0,2,2,2,1
6,4.9880,748.2490,34.0900,787.3270,1966,2072,45,1400,4,14,5,20,167660,210196.0,213664.0,195131.0,43116.0,2,2,2,1
7,4.8860,746.8110,25.7090,777.4060,1966,2072,45,1400,4,14,5,20,167660,209812.0,213598.0,195332.0,43037.0,2,2,2,1
8,6.5140,750.0040,13.8530,770.3710,1966,2073,45,1400,4,14,5,20,167660,210200.0,213816.0,195108.0,42871.0,2,2,2,1
9,7.3980,748.4390,22.5850,778.4220,1967,2073,45,1400,4,14,5,20,167660,209920.0,214694.0,195183.0,42906.0,2,2,2,1
10,5.7790,747.2330,26.7030,779.7150,1966,2073,45,1400,4,14,5,20,167660,210028.0,213459.0,195347.0,42924.0,2,2,2,1
11,5.5810,754.9860,11.6210,772.1880,1965,2071,45,1400,4,14,5,20,167660,209950.0,213733.0,195221.0,42919.0,2,2,2,1
12,4.8540,768.6650,18.5840,792.1030,1966,2072,45,1400,4,14,5,20,167660,209910.0,213408.0,195139.0,42862.0,2,2,2,1
13,6.7760,750.0660,15.9660,772.8080,1966,2071,45,1400,4,14,5,20,167660,209822.0,213590.0,195209.0,43016.0,2,2,2,1
14,17.3980,745.4010,11.9140,774.7130,1966,2072,45,1400,4,14,5,20,167660,210229.0,213756.0,195242.0,42937.0,2,2,2,1
15,5.4590,759.9700,18.5550,783.9840,1967,2072,45,1400,4,14,5,20,167660,209820.0,214404.0,195519.0,43040.0,2,2,2,1
16,5.3970,753.4690,18.1860,777.0520,1966,2072,45,1400,4,14,5,20,167660,209874.0,213652.0,195352.0,42955.0,2,2,2,1
17,19.6970,749.7870,11.3320,780.8160,1965,2073,45,1400,4,14,5,20,167660,210033.0,213592.0,195371.0,42964.0,2,2,2,1
18,4.5590,751.2780,13.2370,769.0740,1966,2071,45,1400,4,14,5,20,167660,210104.0,213967.0,195231.0,42917.0,2,2,2,1
19,5.7400,747.7410,17.9360,771.4170,1966,2073,45,1400,4,14,5,20,167660,209784.0,213393.0,195302.0,42901.0,2,2,2,1
#heap 22057
#stack 3848
#end
#block sweep mTLS X25519
#lib wolfSSL 5.9.4
iter,tcp_ms,tls_ms,mqtt_ms,total_ms,hs_tx_B,hs_rx_B,mqtt_tx_B,mqtt_rx_B,hs_writes,hs_reads,writes,reads,free_heap_B,hs_keygen_us,hs_derive_us,hs_verify_us,hs_sign_us,hs_keygen_n,hs_derive_n,hs_verify_n,hs_sign_n
#suite TLS13-AES256-GCM-SHA384
0,5.6990,415.0300,23.9440,444.6730,758,960,45,1400,4,14,5,20,167660,56994.0,56738.0,196380.0,43056.0,1,1,2,1
1,4.6510,424.3710,11.6140,440.6360,759,960,45,1400,4,14,5,20,167660,57005.0,57101.0,195418.0,42889.0,1,1,2,1
2,5.4110,414.1990,26.4210,446.0310,758,959,45,1400,4,14,5,20,167660,56898.0,56831.0,195364.0,43267.0,1,1,2,1
3,5.5060,429.0770,12.4490,447.0320,758,961,45,1400,4,14,5,20,167660,56987.0,56763.0,195562.0,42977.0,1,1,2,1
4,5.4000,428.0650,11.5050,444.9700,757,961,45,1400,4,14,5,20,167660,56961.0,56720.0,195796.0,42894.0,1,1,2,1
5,3.6100,421.2240,10.8850,435.7190,759,959,45,1400,4,14,5,20,167660,56992.0,56731.0,195755.0,43067.0,1,1,2,1
6,6.4640,416.1160,24.0000,446.5800,758,960,45,1400,4,14,5,20,167660,57121.0,56661.0,196442.0,43025.0,1,1,2,1
7,5.6180,428.6540,11.8150,446.0870,757,961,45,1400,4,14,5,20,167660,56863.0,56793.0,196410.0,42877.0,1,1,2,1
8,4.6320,413.8810,12.0420,430.5550,758,961,45,1400,4,14,5,20,167660,56970.0,57330.0,195241.0,42983.0,1,1,2,1
9,7.4270,414.4130,12.6810,434.5210,758,961,45,1400,4,14,5,20,167660,56948.0,56663.0,195830.0,42947.0,1,1,2,1
10,7.7500,414.0140,25.0820,446.8460,758,960,45,1400,4,14,5,20,167660,56990.0,56833.0,196482.0,43026.0,1,1,2,1
11,5.4450,414.4810,25.2820,445.2080,757,961,45,1400,4,14,5,20,167660,56966.0,56649.0,196713.0,42994.0,1,1,2,1
12,7.6000,428.5880,23.8030,459.9910,758,961,45,1400,4,14,5,20,167660,56929.0,56829.0,196408.0,42958.0,1,1,2,1
13,4.3900,428.8840,13.1070,446.3810,758,960,45,1400,4,14,5,20,167660,57053.0,57042.0,195366.0,42892.0,1,1,2,1
14,4.8840,427.6020,24.3870,456.8730,759,960,45,1400,4,14,5,20,167660,56956.0,56800.0,195337.0,43283.0,1,1,2,1
15,5.3830,414.3580,23.9740,443.7150,759,960,45,1400,4,14,5,20,167660,57050.0,56785.0,195769.0,42888.0,1,1,2,1
16,5.4080,423.0730,12.3930,440.8740,758,960,45,1400,4,14,5,20,167660,56979.0,56659.0,196735.0,42974.0,1,1,2,1
17,8.7720,436.0480,11.5740,456.3940,759,958,45,1400,4,14,5,20,167660,57230.0,56728.0,195690.0,43031.0,1,1,2,1
18,5.4400,433.5710,25.5920,464.6030,758,960,45,1400,4,14,5,20,167660,57116.0,56669.0,197238.0,42871.0,1,1,2,1
19,5.4280,416.1160,14.0420,435.5860,757,959,45,1400,4,14,5,20,167660,57489.0,56787.0,196308.0,42918.0,1,1,2,1
#heap 12864
#stack 3240
#end
#block sweep mTLS secp256r1
#lib wolfSSL 5.9.4
iter,tcp_ms,tls_ms,mqtt_ms,total_ms,hs_tx_B,hs_rx_B,mqtt_tx_B,mqtt_rx_B,hs_writes,hs_reads,writes,reads,free_heap_B,hs_keygen_us,hs_derive_us,hs_verify_us,hs_sign_us,hs_keygen_n,hs_derive_n,hs_verify_n,hs_sign_n
#suite TLS13-AES256-GCM-SHA384
0,19.5220,403.2300,13.5700,436.3220,791,994,45,1400,4,14,5,20,167660,31185.0,70214.0,195674.0,42888.0,1,1,2,1
1,4.6400,411.8630,11.9160,428.4190,792,994,45,1400,4,14,5,20,167660,31035.0,70615.0,195471.0,42953.0,1,1,2,1
2,18.8750,400.8930,19.4690,439.2370,791,994,45,1400,4,14,5,20,167660,31189.0,70663.0,195616.0,43047.0,1,1,2,1
3,6.4370,403.9160,15.0140,425.3670,790,993,45,1400,4,14,5,20,167660,31022.0,70234.0,195641.0,43045.0,1,1,2,1
4,5.6390,399.5300,10.5980,415.7670,791,994,45,1400,4,14,5,20,167660,31161.0,70218.0,195732.0,43011.0,1,1,2,1
5,5.3870,417.4860,22.5960,445.4690,792,992,45,1400,4,14,5,20,167660,31043.0,70239.0,196876.0,42883.0,1,1,2,1
6,9.7110,400.6900,24.9450,435.3460,790,993,45,1400,4,14,5,20,167660,31206.0,70762.0,195035.0,42971.0,1,1,2,1
7,5.4080,408.5970,14.6730,428.6780,792,992,45,1400,4,14,5,20,167660,31229.0,70122.0,195697.0,42884.0,1,1,2,1
8,5.4000,407.7580,11.6920,424.8500,791,994,45,1400,4,14,5,20,167660,31226.0,70253.0,196414.0,42894.0,1,1,2,1
9,5.4080,405.1300,15.1530,425.6910,791,992,45,1400,4,14,5,20,167660,31138.0,70222.0,196230.0,43008.0,1,1,2,1
10,4.8250,410.0010,13.6300,428.4560,791,993,45,1400,4,14,5,20,167660,31182.0,70609.0,195444.0,42939.0,1,1,2,1
11,4.7520,419.5120,22.4570,446.7210,791,992,45,1400,4,14,5,20,167660,31152.0,70198.0,195148.0,43152.0,1,1,2,1
12,5.4350,402.7830,11.8840,420.1020,790,994,45,1400,4,14,5,20,167660,31194.0,70156.0,195537.0,43007.0,1,1,2,1
13,4.4240,415.1450,13.8870,433.4560,791,993,45,1400,4,14,5,20,167660,31117.0,70246.0,196282.0,42874.0,1,1,2,1
14,7.7840,412.2540,26.4790,446.5170,790,993,45,1400,4,14,5,20,167660,31039.0,70660.0,195029.0,42888.0,1,1,2,1
15,5.6690,403.0430,26.1130,434.8250,791,993,45,1400,4,14,5,20,167660,31054.0,70682.0,194954.0,43059.0,1,1,2,1
16,4.3840,410.0580,11.9850,426.4270,791,994,45,1400,4,14,5,20,167660,31220.0,70221.0,195720.0,42922.0,1,1,2,1
17,6.7360,407.9430,23.1720,437.8510,791,992,45,1400,4,14,5,20,167660,31195.0,70208.0,195791.0,42898.0,1,1,2,1
18,4.5650,401.3100,24.5770,430.4520,790,993,45,1400,4,14,5,20,167660,31284.0,70216.0,196346.0,42929.0,1,1,2,1
19,5.4290,413.1390,12.4030,430.9710,790,993,45,1400,4,14,5,20,167660,31290.0,70635.0,195232.0,42876.0,1,1,2,1
#heap 12897
#stack 3232
#end
=== done ===
