=== MQTT / TLS 1.3 / mTLS, MLDSA44 certificates, X25519MLKEM768 (wolfSSL 5.9.4) on RP2040 ===
CPU clock: 200 MHz
#config iterations=50 warmup=5 pipe_iterations=3 messages=200 payload_B=51 schemes=2 sweep_iterations=20 sweep_warmup=2 groups=13 kex_iterations=50 kex_warmup=2 blocks=41
#kat LoRaWAN / AES-CMAC / Ascon known-answer checks: OK
#wifi rssi=-20 dBm channel=10 ip=192.168.50.235 broker=192.168.50.132
#block connect plain
#lib none (plain MQTT)
iter,tcp_ms,tls_ms,mqtt_ms,total_ms,hs_tx_B,hs_rx_B,mqtt_tx_B,mqtt_rx_B,hs_writes,hs_reads,writes,reads,free_heap_B,hs_keygen_us,hs_derive_us,hs_verify_us,hs_sign_us,hs_keygen_n,hs_derive_n,hs_verify_n,hs_sign_n
0,6.3340,0.0020,18.9820,25.3180,0,0,23,4,0,0,1,1,169580,0.0,0.0,0.0,0.0,0,0,0,0
1,9.6030,0.0030,5.2230,14.8290,0,0,23,4,0,0,1,1,169356,0.0,0.0,0.0,0.0,0,0,0,0
2,4.7260,0.0020,5.6900,10.4180,0,0,23,4,0,0,1,1,169356,0.0,0.0,0.0,0.0,0,0,0,0
3,6.3650,0.0020,9.1260,15.4930,0,0,23,4,0,0,1,1,169356,0.0,0.0,0.0,0.0,0,0,0,0
4,21.5400,0.0020,9.3970,30.9390,0,0,23,4,0,0,1,1,169356,0.0,0.0,0.0,0.0,0,0,0,0
5,10.7500,0.0020,4.5640,15.3160,0,0,23,4,0,0,1,1,169356,0.0,0.0,0.0,0.0,0,0,0,0
6,5.3890,0.0030,20.5430,25.9350,0,0,23,4,0,0,1,1,169356,0.0,0.0,0.0,0.0,0,0,0,0
7,5.3450,0.0020,4.9550,10.3020,0,0,23,4,0,0,1,1,169356,0.0,0.0,0.0,0.0,0,0,0,0
8,6.3530,0.0020,8.5170,14.8720,0,0,23,4,0,0,1,1,169356,0.0,0.0,0.0,0.0,0,0,0,0
9,5.3980,0.0030,7.0540,12.4550,0,0,23,4,0,0,1,1,169356,0.0,0.0,0.0,0.0,0,0,0,0
10,22.4520,0.0030,6.1520,28.6070,0,0,23,4,0,0,1,1,169356,0.0,0.0,0.0,0.0,0,0,0,0
11,27.3890,0.0030,5.5670,32.9590,0,0,23,4,0,0,1,1,169356,0.0,0.0,0.0,0.0,0,0,0,0
12,4.3390,0.0020,5.6620,10.0030,0,0,23,4,0,0,1,1,169356,0.0,0.0,0.0,0.0,0,0,0,0
13,8.3520,0.0020,4.6290,12.9830,0,0,23,4,0,0,1,1,169356,0.0,0.0,0.0,0.0,0,0,0,0
14,6.3750,0.0020,30.3140,36.6910,0,0,23,4,0,0,1,1,169356,0.0,0.0,0.0,0.0,0,0,0,0
15,5.5840,0.0020,5.5920,11.1780,0,0,23,4,0,0,1,1,169356,0.0,0.0,0.0,0.0,0,0,0,0
16,10.7830,0.0020,5.4450,16.2300,0,0,23,4,0,0,1,1,169356,0.0,0.0,0.0,0.0,0,0,0,0
17,20.3810,0.0020,4.5060,24.8890,0,0,23,4,0,0,1,1,169356,0.0,0.0,0.0,0.0,0,0,0,0
18,5.3450,0.0020,21.4910,26.8380,0,0,23,4,0,0,1,1,169356,0.0,0.0,0.0,0.0,0,0,0,0
19,6.5650,0.0020,4.3250,10.8920,0,0,23,4,0,0,1,1,169356,0.0,0.0,0.0,0.0,0,0,0,0
20,6.3420,0.0020,5.4870,11.8310,0,0,23,4,0,0,1,1,169356,0.0,0.0,0.0,0.0,0,0,0,0
21,19.7390,0.0020,10.7480,30.4890,0,0,23,4,0,0,1,1,169356,0.0,0.0,0.0,0.0,0,0,0,0
22,6.7160,0.0030,5.4310,12.1500,0,0,23,4,0,0,1,1,169356,0.0,0.0,0.0,0.0,0,0,0,0
23,13.6320,0.0030,7.1270,20.7620,0,0,23,4,0,0,1,1,169356,0.0,0.0,0.0,0.0,0,0,0,0
24,19.3610,0.0020,4.6970,24.0600,0,0,23,4,0,0,1,1,169356,0.0,0.0,0.0,0.0,0,0,0,0
25,7.3510,0.0030,16.5220,23.8760,0,0,23,4,0,0,1,1,169356,0.0,0.0,0.0,0.0,0,0,0,0
26,9.5160,0.0030,5.1500,14.6690,0,0,23,4,0,0,1,1,169356,0.0,0.0,0.0,0.0,0,0,0,0
27,7.3390,0.0020,5.3160,12.6570,0,0,23,4,0,0,1,1,169356,0.0,0.0,0.0,0.0,0,0,0,0
28,19.3780,0.0020,5.1760,24.5560,0,0,23,4,0,0,1,1,169356,0.0,0.0,0.0,0.0,0,0,0,0
29,4.4040,0.0030,5.8950,10.3020,0,0,23,4,0,0,1,1,169356,0.0,0.0,0.0,0.0,0,0,0,0
30,6.3940,0.0030,4.9750,11.3720,0,0,23,4,0,0,1,1,169356,0.0,0.0,0.0,0.0,0,0,0,0
31,4.7070,0.0030,15.0840,19.7940,0,0,23,4,0,0,1,1,169356,0.0,0.0,0.0,0.0,0,0,0,0
32,10.3700,0.0020,20.7400,31.1120,0,0,23,4,0,0,1,1,169356,0.0,0.0,0.0,0.0,0,0,0,0
33,13.3470,0.0020,6.3700,19.7190,0,0,23,4,0,0,1,1,169356,0.0,0.0,0.0,0.0,0,0,0,0
34,6.6620,0.0030,5.9450,12.6100,0,0,23,4,0,0,1,1,169356,0.0,0.0,0.0,0.0,0,0,0,0
35,6.3480,0.0030,4.3290,10.6800,0,0,23,4,0,0,1,1,169356,0.0,0.0,0.0,0.0,0,0,0,0
36,5.3380,0.0020,19.6030,24.9430,0,0,23,4,0,0,1,1,169356,0.0,0.0,0.0,0.0,0,0,0,0
37,4.4850,0.0020,5.2700,9.7570,0,0,23,4,0,0,1,1,169356,0.0,0.0,0.0,0.0,0,0,0,0
38,7.4190,0.0020,5.1860,12.6070,0,0,23,4,0,0,1,1,169356,0.0,0.0,0.0,0.0,0,0,0,0
39,4.3520,0.0020,19.7860,24.1400,0,0,23,4,0,0,1,1,169356,0.0,0.0,0.0,0.0,0,0,0,0
40,4.3490,0.0020,6.7540,11.1050,0,0,23,4,0,0,1,1,169356,0.0,0.0,0.0,0.0,0,0,0,0
41,7.3470,0.0030,5.7690,13.1190,0,0,23,4,0,0,1,1,169356,0.0,0.0,0.0,0.0,0,0,0,0
42,8.3700,0.0020,6.3880,14.7600,0,0,23,4,0,0,1,1,169356,0.0,0.0,0.0,0.0,0,0,0,0
43,16.3570,0.0020,4.5590,20.9180,0,0,23,4,0,0,1,1,169356,0.0,0.0,0.0,0.0,0,0,0,0
44,5.3620,0.0030,5.2170,10.5820,0,0,23,4,0,0,1,1,169356,0.0,0.0,0.0,0.0,0,0,0,0
45,7.3730,0.0030,7.4260,14.8020,0,0,23,4,0,0,1,1,169356,0.0,0.0,0.0,0.0,0,0,0,0
46,9.3730,0.0030,4.6210,13.9970,0,0,23,4,0,0,1,1,169356,0.0,0.0,0.0,0.0,0,0,0,0
47,20.3800,0.0030,7.8710,28.2540,0,0,23,4,0,0,1,1,169356,0.0,0.0,0.0,0.0,0,0,0,0
48,15.3370,0.0020,4.8590,20.1980,0,0,23,4,0,0,1,1,169356,0.0,0.0,0.0,0.0,0,0,0,0
49,5.4990,0.0030,10.1040,15.6060,0,0,23,4,0,0,1,1,169356,0.0,0.0,0.0,0.0,0,0,0,0
#stack 1728
#end
#block connect TLS
#lib wolfSSL 5.9.4
iter,tcp_ms,tls_ms,mqtt_ms,total_ms,hs_tx_B,hs_rx_B,mqtt_tx_B,mqtt_rx_B,hs_writes,hs_reads,writes,reads,free_heap_B,hs_keygen_us,hs_derive_us,hs_verify_us,hs_sign_us,hs_keygen_n,hs_derive_n,hs_verify_n,hs_sign_n
#suite TLS13-AES256-GCM-SHA384
0,5.6300,284.8520,13.6170,304.0990,1393,7780,45,568,2,12,3,18,167060,66775.0,72592.0,58461.0,0.0,2,2,2,0
1,6.4130,283.6930,13.9090,304.0150,1393,7780,45,568,2,12,3,18,167060,66879.0,72692.0,58341.0,0.0,2,2,2,0
2,7.4730,293.5410,20.3560,321.3700,1393,7780,45,568,2,12,3,18,167060,66417.0,70420.0,58405.0,0.0,2,2,2,0
3,5.7830,289.4340,23.2490,318.4660,1393,7780,45,568,2,12,3,18,167060,66812.0,70386.0,58350.0,0.0,2,2,2,0
4,8.3800,283.6980,13.8770,305.9550,1393,7780,45,568,2,12,3,18,167060,66688.0,72367.0,58451.0,0.0,2,2,2,0
5,5.4230,286.9040,11.5270,303.8540,1393,7780,45,568,2,12,3,18,167060,67279.0,72636.0,58807.0,0.0,2,2,2,0
6,4.3800,284.8070,11.0300,300.2170,1393,7780,45,568,2,12,3,18,167060,66472.0,72628.0,58425.0,0.0,2,2,2,0
7,5.6160,284.4380,12.1670,302.2210,1393,7780,45,568,2,12,3,18,167060,66543.0,72638.0,58446.0,0.0,2,2,2,0
8,4.4190,284.6120,13.5730,302.6040,1393,7780,45,568,2,12,3,18,167060,66632.0,72932.0,58211.0,0.0,2,2,2,0
9,5.6260,284.2500,13.4500,303.3260,1393,7780,45,568,2,12,3,18,167060,66436.0,72582.0,58615.0,0.0,2,2,2,0
10,20.4940,285.6810,8.7230,314.8980,1393,7780,45,568,2,12,3,18,167060,66542.0,72613.0,58405.0,0.0,2,2,2,0
11,7.4530,290.8540,12.7830,311.0900,1393,7780,45,568,2,12,3,18,167060,66636.0,72552.0,58218.0,0.0,2,2,2,0
12,5.3830,291.0490,11.4830,307.9150,1393,7780,45,568,2,12,3,18,167060,66710.0,72456.0,58640.0,0.0,2,2,2,0
13,5.5020,295.4050,22.3270,323.2340,1393,7780,45,568,2,12,3,18,167060,66475.0,70428.0,58469.0,0.0,2,2,2,0
14,7.8350,284.4330,12.8690,305.1370,1393,7780,45,568,2,12,3,18,167060,66641.0,72327.0,58297.0,0.0,2,2,2,0
15,5.8340,290.2260,12.5020,308.5620,1393,7780,45,568,2,12,3,18,167060,66816.0,73151.0,58351.0,0.0,2,2,2,0
16,5.4990,283.2970,11.5270,300.3230,1393,7780,45,568,2,12,3,18,167060,66500.0,72412.0,58520.0,0.0,2,2,2,0
17,6.5040,283.8370,11.4900,301.8310,1393,7780,45,568,2,12,3,18,167060,66617.0,72762.0,58346.0,0.0,2,2,2,0
18,4.7520,283.6780,11.6680,300.0980,1393,7780,45,568,2,12,3,18,167060,66632.0,72488.0,58397.0,0.0,2,2,2,0
19,5.5630,284.3310,12.8920,302.7860,1393,7780,45,568,2,12,3,18,167060,66465.0,72346.0,59173.0,0.0,2,2,2,0
20,5.6700,286.8340,36.2380,328.7420,1393,7780,45,568,2,12,3,18,167060,66638.0,73049.0,58248.0,0.0,2,2,2,0
21,6.4290,297.7810,9.5310,313.7410,1393,7780,45,568,2,12,3,18,167060,66741.0,72452.0,59089.0,0.0,2,2,2,0
22,8.4330,294.8550,24.2500,327.5380,1393,7780,45,568,2,12,3,18,167060,66715.0,70531.0,59278.0,0.0,2,2,2,0
23,4.4960,283.8050,11.4980,299.7990,1393,7780,45,568,2,12,3,18,167060,66663.0,72311.0,58486.0,0.0,2,2,2,0
24,5.4420,285.7920,12.3790,303.6130,1393,7780,45,568,2,12,3,18,167060,66569.0,72313.0,58983.0,0.0,2,2,2,0
25,5.4140,284.1710,12.3280,301.9130,1393,7780,45,568,2,12,3,18,167060,66773.0,72648.0,58534.0,0.0,2,2,2,0
26,4.6160,284.1720,11.3040,300.0920,1393,7780,45,568,2,12,3,18,167060,66539.0,73542.0,58537.0,0.0,2,2,2,0
27,6.6290,283.7690,11.6380,302.0360,1393,7780,45,568,2,12,3,18,167060,66525.0,72603.0,58430.0,0.0,2,2,2,0
28,18.4160,285.0440,10.0680,313.5280,1393,7780,45,568,2,12,3,18,167060,66587.0,72730.0,58407.0,0.0,2,2,2,0
29,4.4370,294.6600,15.7570,314.8540,1393,7780,45,568,2,12,3,18,167060,66484.0,72581.0,58228.0,0.0,2,2,2,0
30,21.4380,296.4040,18.5680,336.4100,1393,7780,45,568,2,12,3,18,167060,66657.0,70644.0,58526.0,0.0,2,2,2,0
31,4.4050,285.5250,11.7220,301.6520,1393,7780,45,568,2,12,3,18,167060,66676.0,72499.0,58504.0,0.0,2,2,2,0
32,4.3830,284.7840,11.9960,301.1630,1393,7780,45,568,2,12,3,18,167060,66531.0,73000.0,58877.0,0.0,2,2,2,0
33,4.5110,283.8800,11.2620,299.6530,1393,7780,45,568,2,12,3,18,167060,66461.0,72425.0,59062.0,0.0,2,2,2,0
34,4.6930,286.1380,12.0450,302.8760,1393,7780,45,568,2,12,3,18,167060,66591.0,72621.0,58952.0,0.0,2,2,2,0
35,3.6480,284.5660,11.6720,299.8860,1393,7780,45,568,2,12,3,18,167060,66544.0,72741.0,58535.0,0.0,2,2,2,0
36,5.3890,288.5030,11.5640,305.4560,1393,7780,45,568,2,12,3,18,167060,66848.0,72516.0,58398.0,0.0,2,2,2,0
37,4.4010,285.4850,12.0130,301.8990,1393,7780,45,568,2,12,3,18,167060,66658.0,72330.0,58930.0,0.0,2,2,2,0
38,18.8350,297.2120,14.1340,330.1810,1393,7780,45,568,2,12,3,18,167060,66493.0,70627.0,58470.0,0.0,2,2,2,0
39,4.4400,300.6360,11.8730,316.9490,1393,7780,45,568,2,12,3,18,167060,67337.0,72744.0,58738.0,0.0,2,2,2,0
40,5.3940,284.9960,12.2040,302.5940,1393,7780,45,568,2,12,3,18,167060,66613.0,72456.0,58462.0,0.0,2,2,2,0
41,5.4220,284.1290,256.0690,545.6200,1393,7780,45,568,2,12,3,18,167060,66504.0,72582.0,58352.0,0.0,2,2,2,0
42,4.3910,284.4900,12.7260,301.6070,1393,7780,45,568,2,12,3,18,167060,66767.0,72804.0,58372.0,0.0,2,2,2,0
43,5.3930,285.7020,24.7700,315.8650,1393,7780,45,568,2,12,3,18,167060,66622.0,72850.0,58259.0,0.0,2,2,2,0
44,5.3740,295.5980,11.2240,312.1960,1393,7780,45,568,2,12,3,18,167060,66596.0,71148.0,58419.0,0.0,2,2,2,0
45,5.3890,295.2140,11.1110,311.7140,1393,7780,45,568,2,12,3,18,167060,66827.0,73176.0,58472.0,0.0,2,2,2,0
46,7.4390,286.8620,18.5730,312.8740,1393,7780,45,568,2,12,3,18,167060,66562.0,73406.0,58517.0,0.0,2,2,2,0
47,5.4300,297.4910,13.9130,316.8340,1393,7780,45,568,2,12,3,18,167060,66430.0,72799.0,58478.0,0.0,2,2,2,0
48,11.3720,283.4090,12.3100,307.0910,1393,7780,45,568,2,12,3,18,167060,66672.0,72253.0,58549.0,0.0,2,2,2,0
49,6.6260,291.6870,11.7980,310.1110,1393,7780,45,568,2,12,3,18,167060,66788.0,72553.0,58469.0,0.0,2,2,2,0
#heap 28068
#stack 3384
#end
#block connect mTLS
#lib wolfSSL 5.9.4
iter,tcp_ms,tls_ms,mqtt_ms,total_ms,hs_tx_B,hs_rx_B,mqtt_tx_B,mqtt_rx_B,hs_writes,hs_reads,writes,reads,free_heap_B,hs_keygen_us,hs_derive_us,hs_verify_us,hs_sign_us,hs_keygen_n,hs_derive_n,hs_verify_n,hs_sign_n
#suite TLS13-AES256-GCM-SHA384
0,4.7330,468.8800,31.6300,505.2430,7890,7950,45,8600,4,14,5,20,160348,66601.0,70624.0,58638.0,120535.0,2,2,2,1
1,6.6850,411.2430,31.9200,449.8480,7890,7950,45,8600,4,14,5,20,160348,66607.0,72463.0,58472.0,51719.0,2,2,2,1
2,5.4410,405.7460,33.7070,444.8940,7890,7950,45,8600,4,14,5,20,160348,66765.0,70762.0,58761.0,51935.0,2,2,2,1
3,4.7600,650.0720,41.6680,696.5000,7890,7950,45,8600,4,14,5,20,160348,66567.0,72319.0,58391.0,290074.0,2,2,2,1
4,5.3660,399.6100,37.0960,442.0720,7890,7950,45,8600,4,14,5,20,160348,66441.0,70580.0,58473.0,51801.0,2,2,2,1
5,15.7850,394.8540,40.6710,451.3100,7890,7950,45,8600,4,14,5,20,160348,66664.0,72688.0,58468.0,51348.0,2,2,2,1
6,5.4570,637.0170,34.4470,676.9210,7890,7950,45,8600,4,14,5,20,160348,66550.0,70270.0,58362.0,289774.0,2,2,2,1
7,5.5140,749.2260,32.3730,787.1130,7890,7950,45,8600,4,14,5,20,160348,66624.0,72767.0,58489.0,392532.0,2,2,2,1
8,4.4360,666.6290,41.5020,712.5670,7890,7950,45,8600,4,14,5,20,160348,66629.0,70248.0,58320.0,311375.0,2,2,2,1
9,5.4640,845.3430,37.5150,888.3220,7890,7950,45,8600,4,14,5,20,160348,66561.0,70576.0,58619.0,497138.0,2,2,2,1
10,20.3930,637.6510,43.3520,701.3960,7890,7950,45,8600,4,14,5,20,160348,67190.0,73833.0,58307.0,293567.0,2,2,2,1
11,6.3920,727.1940,44.3030,777.8890,7890,7950,45,8600,4,14,5,20,160348,66572.0,72549.0,58390.0,384036.0,2,2,2,1
12,7.4080,404.5800,33.8090,445.7970,7890,7950,45,8600,4,14,5,20,160348,66559.0,70809.0,58520.0,51401.0,2,2,2,1
13,4.8250,394.0800,31.2910,430.1960,7890,7950,45,8600,4,14,5,20,160348,66612.0,72621.0,58552.0,51491.0,2,2,2,1
14,5.4310,698.5270,43.6850,747.6430,7890,7950,45,8600,4,14,5,20,160348,66688.0,70621.0,58734.0,348309.0,2,2,2,1
15,4.5730,438.6360,32.6340,475.8430,7890,7950,45,8600,4,14,5,20,160348,66718.0,72666.0,58481.0,89881.0,2,2,2,1
16,4.5770,942.1310,34.2130,980.9210,7890,7950,45,8600,4,14,5,20,160348,66734.0,72410.0,58466.0,590792.0,2,2,2,1
17,4.5810,437.6210,30.3410,472.5430,7890,7950,45,8600,4,14,5,20,160348,67086.0,72494.0,58346.0,94436.0,2,2,2,1
18,5.8650,437.2290,44.6720,487.7660,7890,7950,45,8600,4,14,5,20,160348,66639.0,73503.0,58491.0,89979.0,2,2,2,1
19,7.6990,628.4860,32.7810,668.9660,7890,7950,45,8600,4,14,5,20,160348,66749.0,72490.0,58214.0,270747.0,2,2,2,1
20,4.6890,771.3910,33.2510,809.3310,7890,7950,45,8600,4,14,5,20,160348,66794.0,72620.0,58455.0,420367.0,2,2,2,1
21,4.5530,473.8130,33.1000,511.4660,7890,7950,45,8600,4,14,5,20,160348,66655.0,72287.0,58472.0,122737.0,2,2,2,1
22,5.4410,406.3040,30.5420,442.2870,7890,7950,45,8600,4,14,5,20,160348,66752.0,72374.0,58420.0,51486.0,2,2,2,1
23,5.5920,1136.8790,33.3050,1175.7760,7890,7950,45,8600,4,14,5,20,160348,66414.0,72597.0,58260.0,783676.0,2,2,2,1
24,8.4120,482.9610,45.4010,536.7740,7890,7950,45,8600,4,14,5,20,160348,66434.0,72222.0,58466.0,133715.0,2,2,2,1
25,6.3760,588.3500,42.3600,637.0860,7890,7950,45,8600,4,14,5,20,160348,66591.0,70389.0,58556.0,237482.0,2,2,2,1
26,6.5510,511.1420,35.1460,552.8390,7890,7950,45,8600,4,14,5,20,160348,66675.0,72491.0,58564.0,167626.0,2,2,2,1
27,19.3910,797.9520,46.2980,863.6410,7890,7950,45,8600,4,14,5,20,160348,66645.0,72408.0,58521.0,454735.0,2,2,2,1
28,6.4100,655.1180,44.2270,705.7550,7890,7950,45,8600,4,14,5,20,160348,66689.0,74697.0,58403.0,311484.0,2,2,2,1
29,32.4060,432.6240,43.8690,508.8990,7890,7950,45,8600,4,14,5,20,160348,66737.0,72448.0,58370.0,89645.0,2,2,2,1
30,4.3870,429.7060,36.4100,470.5030,7890,7950,45,8600,4,14,5,20,160348,66479.0,72372.0,58515.0,87249.0,2,2,2,1
31,5.4200,485.0830,43.9740,534.4770,7890,7950,45,8600,4,14,5,20,160348,66774.0,70758.0,58463.0,138119.0,2,2,2,1
32,5.4360,511.1690,36.4030,553.0080,7890,7950,45,8600,4,14,5,20,160348,66596.0,72510.0,58438.0,167874.0,2,2,2,1
33,8.7430,403.0320,32.6150,444.3900,7890,7950,45,8600,4,14,5,20,160348,66518.0,70576.0,58635.0,51511.0,2,2,2,1
34,6.6480,431.9500,32.1410,470.7390,7890,7950,45,8600,4,14,5,20,160348,66539.0,72319.0,58253.0,85776.0,2,2,2,1
35,5.5580,476.3790,36.1740,518.1110,7890,7950,45,8600,4,14,5,20,160348,66703.0,70511.0,58465.0,129718.0,2,2,2,1
36,5.3810,1150.3790,41.4390,1197.1990,7890,7950,45,8600,4,14,5,20,160348,66539.0,73681.0,58236.0,805668.0,2,2,2,1
37,4.6860,450.1680,41.8260,496.6800,7890,7950,45,8600,4,14,5,20,160348,66435.0,70484.0,58748.0,85905.0,2,2,2,1
38,5.6080,400.1260,33.3850,439.1190,7890,7950,45,8600,4,14,5,20,160348,66572.0,70482.0,58569.0,51528.0,2,2,2,1
39,4.4490,632.9550,34.2370,671.6410,7890,7950,45,8600,4,14,5,20,160348,66575.0,72572.0,58372.0,289780.0,2,2,2,1
40,4.5440,398.6480,31.8940,435.0860,7890,7950,45,8600,4,14,5,20,160348,66674.0,70487.0,58476.0,51294.0,2,2,2,1
41,11.9300,481.7420,33.0090,526.6810,7890,7950,45,8600,4,14,5,20,160348,66585.0,72364.0,58226.0,138917.0,2,2,2,1
42,6.4440,437.2880,35.9180,479.6500,7890,7950,45,8600,4,14,5,21,160348,66669.0,72656.0,58533.0,87051.0,2,2,2,1
43,6.5500,549.2350,44.9720,600.7570,7890,7950,45,8600,4,14,5,20,160348,66700.0,72811.0,58683.0,205965.0,2,2,2,1
44,6.5930,558.8100,47.5720,612.9750,7890,7950,45,8600,4,14,5,20,160348,66633.0,72591.0,58560.0,215857.0,2,2,2,1
45,5.6400,589.8360,32.2220,627.6980,7890,7950,45,8600,4,14,5,20,160348,66514.0,72268.0,58539.0,241697.0,2,2,2,1
46,5.4540,511.3140,32.9500,549.7180,7890,7950,45,8600,4,14,5,20,160348,66589.0,70543.0,58237.0,160982.0,2,2,2,1
47,5.3770,524.2710,32.9580,562.6060,7890,7950,45,8600,4,14,5,20,160348,66462.0,72423.0,58481.0,169165.0,2,2,2,1
48,5.3650,440.7990,33.9340,480.0980,7890,7950,45,8600,4,14,5,20,160348,66710.0,70842.0,58569.0,91209.0,2,2,2,1
49,19.8020,394.6500,44.1570,458.6090,7890,7950,45,8600,4,14,5,20,160348,66692.0,72738.0,58655.0,51500.0,2,2,2,1
#heap 39026
#stack 3328
#end
#block pipeline plain lorawan11 up
#aead LoRaWAN-1.1 AES-128-CTR+2xCMAC (BearSSL (arduino-pico)), uplink, 51 B payload + 13 B overhead
#lib none (plain MQTT)
iter,tcp_ms,tls_ms,mqtt_ms,total_ms,hs_tx_B,hs_rx_B,mqtt_tx_B,mqtt_rx_B,hs_writes,hs_reads,writes,reads,free_heap_B,hs_keygen_us,hs_derive_us,hs_verify_us,hs_sign_us,hs_keygen_n,hs_derive_n,hs_verify_n,hs_sign_n
msg,iter,idx,seal_us,rtt_us,open_us,tx_B,rx_B
whole,iter,first_ms,all_ms,msgs
0,16.6810,0.0030,6.1790,22.8630,0,0,23,4,0,0,1,1,169356,0.0,0.0,0.0,0.0,0,0,0,0
msg,0,0,907,3866,755,90,90
msg,0,1,696,8424,747,90,90
msg,0,2,693,10625,753,90,90
msg,0,3,698,3988,751,90,90
msg,0,4,693,4018,737,90,90
msg,0,5,663,4665,742,90,90
msg,0,6,672,3815,746,90,90
msg,0,7,694,4778,736,90,90
msg,0,8,657,4216,746,90,90
msg,0,9,691,5474,737,90,90
msg,0,10,693,18964,747,90,90
msg,0,11,684,4421,843,90,90
msg,0,12,694,3903,742,90,90
msg,0,13,662,4142,745,90,90
msg,0,14,691,8376,752,90,90
msg,0,15,684,10166,750,90,90
msg,0,16,689,4698,735,90,90
msg,0,17,690,5055,746,90,90
msg,0,18,692,3547,748,90,90
msg,0,19,699,3856,760,90,90
msg,0,20,672,3763,749,90,90
msg,0,21,692,9134,757,90,90
msg,0,22,691,4860,747,90,90
msg,0,23,690,15417,755,90,90
msg,0,24,690,3934,754,90,90
msg,0,25,699,4213,748,90,90
msg,0,26,662,4040,751,90,90
msg,0,27,688,17760,741,90,90
msg,0,28,661,7338,735,90,90
msg,0,29,671,5519,750,90,90
msg,0,30,671,4410,757,90,90
msg,0,31,666,3565,753,90,90
msg,0,32,688,4432,741,90,90
msg,0,33,691,5324,748,90,90
msg,0,34,696,5933,747,90,90
msg,0,35,682,16596,733,90,90
msg,0,36,664,4626,753,90,90
msg,0,37,665,4254,732,90,90
msg,0,38,666,3555,752,90,90
msg,0,39,669,17843,746,90,90
msg,0,40,688,5905,756,90,90
msg,0,41,732,4453,749,90,90
msg,0,42,695,4724,753,90,90
msg,0,43,695,4311,749,90,90
msg,0,44,692,3745,733,90,90
msg,0,45,693,4783,746,90,90
msg,0,46,666,3979,746,90,90
msg,0,47,684,3854,807,90,90
msg,0,48,689,15362,746,90,90
msg,0,49,691,3967,736,90,90
msg,0,50,691,3609,734,90,90
msg,0,51,669,4243,729,90,90
msg,0,52,693,3675,752,90,90
msg,0,53,727,16223,736,90,90
msg,0,54,673,4858,767,90,90
msg,0,55,689,4602,751,90,90
msg,0,56,690,6754,736,90,90
msg,0,57,724,5271,736,90,90
msg,0,58,663,3866,749,90,90
msg,0,59,688,4287,750,90,90
msg,0,60,689,4702,748,90,90
msg,0,61,687,17888,754,90,90
msg,0,62,669,4118,745,90,90
msg,0,63,693,3891,746,90,90
msg,0,64,688,3974,732,90,90
msg,0,65,694,6417,737,90,90
msg,0,66,697,10108,755,90,90
msg,0,67,690,6941,748,90,90
msg,0,68,668,3554,751,90,90
msg,0,69,693,3809,744,90,90
msg,0,70,691,4011,748,90,90
msg,0,71,692,4682,751,90,90
msg,0,72,692,3818,734,90,90
msg,0,73,667,3840,807,90,90
msg,0,74,681,3870,731,90,90
msg,0,75,662,18715,757,90,90
msg,0,76,686,4413,745,90,90
msg,0,77,684,3817,754,90,90
msg,0,78,699,3870,749,90,90
msg,0,79,666,19352,755,90,90
msg,0,80,663,4715,755,90,90
msg,0,81,684,5109,747,90,90
msg,0,82,666,4546,753,90,90
msg,0,83,690,4529,748,90,90
msg,0,84,690,3862,734,90,90
msg,0,85,689,4164,747,90,90
msg,0,86,693,4411,750,90,90
msg,0,87,692,15771,733,90,90
msg,0,88,677,6425,735,90,90
msg,0,89,660,5438,731,90,90
msg,0,90,666,5869,755,90,90
msg,0,91,693,12950,732,90,90
msg,0,92,666,4715,749,90,90
msg,0,93,685,4278,751,90,90
msg,0,94,682,6170,737,90,90
msg,0,95,670,4225,737,90,90
msg,0,96,682,4691,755,90,90
msg,0,97,657,3852,750,90,90
msg,0,98,689,4030,749,90,90
msg,0,99,666,3673,755,90,90
msg,0,100,688,15264,755,90,90
msg,0,101,694,3929,735,90,90
msg,0,102,691,4702,740,90,90
msg,0,103,667,4267,737,90,90
msg,0,104,661,17381,734,90,90
msg,0,105,669,4947,747,90,90
msg,0,106,690,5643,743,90,90
msg,0,107,689,6233,745,90,90
msg,0,108,684,4307,750,90,90
msg,0,109,689,3691,731,90,90
msg,0,110,696,4663,750,90,90
msg,0,111,669,3939,749,90,90
msg,0,112,700,19376,753,90,90
msg,0,113,688,4887,749,90,90
msg,0,114,660,3639,744,90,90
msg,0,115,691,4245,754,90,90
msg,0,116,667,8168,736,90,90
msg,0,117,662,8365,742,90,90
msg,0,118,665,4391,731,90,90
msg,0,119,689,4333,804,90,90
msg,0,120,686,3848,750,90,90
msg,0,121,691,3953,730,90,90
msg,0,122,690,3812,751,90,90
msg,0,123,690,4532,754,90,90
msg,0,124,692,7054,747,90,90
msg,0,125,661,4526,752,90,90
msg,0,126,661,18699,755,90,90
msg,0,127,689,4131,753,90,90
msg,0,128,671,3637,746,90,90
msg,0,129,688,3646,754,90,90
msg,0,130,686,17223,753,90,90
msg,0,131,688,4613,745,90,90
msg,0,132,688,3755,752,90,90
msg,0,133,672,4512,756,90,90
msg,0,134,693,5561,751,90,90
msg,0,135,681,3694,743,90,90
msg,0,136,689,4839,754,90,90
msg,0,137,666,3803,745,90,90
msg,0,138,692,3940,732,90,90
msg,0,139,772,16310,739,90,90
msg,0,140,675,3919,745,90,90
msg,0,141,690,3950,749,90,90
msg,0,142,669,3510,748,90,90
msg,0,143,663,16031,735,90,90
msg,0,144,693,4942,745,90,90
msg,0,145,684,4351,753,90,90
msg,0,146,679,4078,739,90,90
msg,0,147,671,4460,730,90,90
msg,0,148,663,4497,754,90,90
msg,0,149,672,5483,1107,90,90
msg,0,150,695,5316,745,90,90
msg,0,151,687,4656,749,90,90
msg,0,152,693,13950,750,90,90
msg,0,153,690,3869,731,90,90
msg,0,154,689,4187,750,90,90
msg,0,155,679,3810,733,90,90
msg,0,156,668,17620,751,90,90
msg,0,157,666,5098,778,90,90
msg,0,158,668,4117,745,90,90
msg,0,159,686,3623,732,90,90
msg,0,160,681,5284,746,90,90
msg,0,161,693,4393,751,90,90
msg,0,162,689,6762,743,90,90
msg,0,163,668,9470,750,90,90
msg,0,164,668,16640,753,90,90
msg,0,165,683,5073,734,90,90
msg,0,166,670,3690,749,90,90
msg,0,167,694,3597,746,90,90
msg,0,168,692,17541,746,90,90
msg,0,169,693,4427,744,90,90
msg,0,170,695,3676,739,90,90
msg,0,171,669,4044,752,90,90
msg,0,172,688,4052,798,90,90
msg,0,173,693,5277,750,90,90
msg,0,174,692,6656,747,90,90
msg,0,175,690,7300,756,90,90
msg,0,176,682,18364,748,90,90
msg,0,177,692,4857,732,90,90
msg,0,178,687,3838,752,90,90
msg,0,179,693,3675,761,90,90
msg,0,180,689,17276,759,90,90
msg,0,181,687,5016,753,90,90
msg,0,182,661,4021,747,90,90
msg,0,183,690,4246,751,90,90
msg,0,184,695,4687,734,90,90
msg,0,185,686,4277,743,90,90
msg,0,186,689,3984,746,90,90
msg,0,187,687,3798,748,90,90
msg,0,188,692,3920,746,90,90
msg,0,189,690,18940,731,90,90
msg,0,190,700,4625,738,90,90
msg,0,191,670,3634,754,90,90
msg,0,192,748,4008,733,90,90
msg,0,193,668,16521,734,90,90
msg,0,194,663,3854,753,90,90
msg,0,195,695,4308,752,90,90
msg,0,196,684,3780,805,90,90
msg,0,197,694,3788,742,90,90
msg,0,198,692,3847,759,90,90
msg,0,199,692,5250,754,90,90
whole,0,34.668,1628.032,200
1,20.3850,0.0030,5.8830,26.2710,0,0,23,4,0,0,1,1,169356,0.0,0.0,0.0,0.0,0,0,0,0
msg,1,0,816,3784,734,90,90
msg,1,1,691,17777,741,90,90
msg,1,2,691,4584,753,90,90
msg,1,3,682,5308,750,90,90
msg,1,4,684,6126,743,90,90
msg,1,5,670,6012,757,90,90
msg,1,6,695,3647,734,90,90
msg,1,7,672,4238,743,90,90
msg,1,8,695,4033,747,90,90
msg,1,9,692,18703,754,90,90
msg,1,10,686,4058,750,90,90
msg,1,11,692,5464,747,90,90
msg,1,12,692,3943,732,90,90
msg,1,13,663,7466,735,90,90
msg,1,14,662,12716,751,90,90
msg,1,15,681,6021,728,90,90
msg,1,16,668,4724,753,90,90
msg,1,17,694,4104,731,90,90
msg,1,18,672,4016,750,90,90
msg,1,19,693,6779,733,90,90
msg,1,20,667,3852,747,90,90
msg,1,21,686,3889,734,90,90
msg,1,22,668,18044,751,90,90
msg,1,23,693,3715,735,90,90
msg,1,24,666,3802,751,90,90
msg,1,25,684,3597,751,90,90
msg,1,26,687,15931,736,90,90
msg,1,27,670,4791,748,90,90
msg,1,28,688,4019,797,90,90
msg,1,29,667,3904,755,90,90
msg,1,30,691,3631,732,90,90
msg,1,31,690,4562,736,90,90
msg,1,32,662,4222,747,90,90
msg,1,33,689,3827,750,90,90
msg,1,34,692,4148,730,90,90
msg,1,35,668,17682,745,90,90
msg,1,36,691,4749,764,90,90
msg,1,37,693,4426,752,90,90
msg,1,38,696,4973,747,90,90
msg,1,39,695,16469,749,90,90
msg,1,40,696,4619,754,90,90
msg,1,41,691,4629,729,90,90
msg,1,42,683,4045,746,90,90
msg,1,43,689,4313,750,90,90
msg,1,44,689,4323,818,90,90
msg,1,45,683,3434,751,90,90
msg,1,46,688,4837,735,90,90
msg,1,47,665,4010,755,90,90
msg,1,48,693,16403,752,90,90
msg,1,49,693,4295,752,90,90
msg,1,50,692,3911,735,90,90
msg,1,51,672,4591,752,90,90
msg,1,52,664,17445,752,90,90
msg,1,53,665,5365,744,90,90
msg,1,54,725,4068,745,90,90
msg,1,55,690,3535,735,90,90
msg,1,56,667,3881,752,90,90
msg,1,57,700,3868,740,90,90
msg,1,58,670,4369,734,90,90
msg,1,59,668,4208,748,90,90
msg,1,60,682,4739,751,90,90
msg,1,61,731,17093,738,90,90
msg,1,62,692,9410,729,90,90
msg,1,63,691,4995,748,90,90
msg,1,64,692,8106,752,90,90
msg,1,65,670,12791,750,90,90
msg,1,66,695,4111,741,90,90
msg,1,67,683,4057,738,90,90
msg,1,68,662,4221,742,90,90
msg,1,69,688,4318,757,90,90
msg,1,70,688,5408,746,90,90
msg,1,71,691,6826,744,90,90
msg,1,72,665,20392,789,90,90
msg,1,73,664,4333,750,90,90
msg,1,74,666,4048,751,90,90
msg,1,75,693,6738,811,90,90
msg,1,76,660,18090,784,90,90
msg,1,77,690,4053,747,90,90
msg,1,78,683,5387,750,90,90
msg,1,79,688,3920,731,90,90
msg,1,80,670,4126,743,90,90
msg,1,81,688,3838,746,90,90
msg,1,82,671,4960,743,90,90
msg,1,83,689,5940,752,90,90
msg,1,84,689,3559,750,90,90
msg,1,85,688,12673,750,90,90
msg,1,86,693,4949,747,90,90
msg,1,87,691,4415,746,90,90
msg,1,88,685,53291,754,90,90
msg,1,89,669,11239,740,90,90
msg,1,90,672,20205,746,90,90
msg,1,91,690,4075,757,90,90
msg,1,92,683,7067,746,90,90
msg,1,93,670,20560,746,90,90
msg,1,94,688,7121,741,90,90
msg,1,95,674,5129,751,90,90
msg,1,96,750,3626,741,90,90
msg,1,97,665,4645,748,90,90
msg,1,98,689,3847,751,90,90
msg,1,99,693,3884,758,90,90
msg,1,100,750,4659,749,90,90
msg,1,101,690,5707,732,90,90
msg,1,102,690,18224,746,90,90
msg,1,103,692,6067,744,90,90
msg,1,104,689,3949,735,90,90
msg,1,105,670,16209,745,90,90
msg,1,106,692,4639,792,90,90
msg,1,107,673,4778,754,90,90
msg,1,108,697,4202,745,90,90
msg,1,109,692,6625,751,90,90
msg,1,110,686,3580,754,90,90
msg,1,111,691,5689,740,90,90
msg,1,112,672,3923,749,90,90
msg,1,113,690,3993,740,90,90
msg,1,114,666,18644,749,90,90
msg,1,115,684,3690,799,90,90
msg,1,116,694,3921,750,90,90
msg,1,117,659,9815,757,90,90
msg,1,118,689,10491,764,90,90
msg,1,119,689,4025,748,90,90
msg,1,120,682,4818,752,90,90
msg,1,121,687,3832,754,90,90
msg,1,122,694,3463,750,90,90
msg,1,123,689,6399,803,90,90
msg,1,124,691,4269,754,90,90
msg,1,125,693,4709,750,90,90
msg,1,126,694,4162,741,90,90
msg,1,127,690,15966,736,90,90
msg,1,128,668,3929,748,90,90
msg,1,129,690,5356,755,90,90
msg,1,130,693,19184,750,90,90
msg,1,131,668,5160,730,90,90
msg,1,132,669,4090,757,90,90
msg,1,133,687,3954,745,90,90
msg,1,134,664,4690,759,90,90
msg,1,135,689,3673,748,90,90
msg,1,136,699,3576,732,90,90
msg,1,137,657,3779,756,90,90
msg,1,138,697,5419,747,90,90
msg,1,139,688,16826,745,90,90
msg,1,140,697,4980,746,90,90
msg,1,141,697,4261,748,90,90
msg,1,142,665,4145,734,90,90
msg,1,143,658,7611,748,90,90
msg,1,144,663,14101,731,90,90
msg,1,145,681,4967,755,90,90
msg,1,146,682,3840,729,90,90
msg,1,147,681,3866,748,90,90
msg,1,148,692,3522,799,90,90
msg,1,149,690,4195,752,90,90
msg,1,150,690,4076,735,90,90
msg,1,151,668,5405,743,90,90
msg,1,152,673,16498,737,90,90
msg,1,153,667,4002,754,90,90
msg,1,154,688,3722,732,90,90
msg,1,155,668,3717,754,90,90
msg,1,156,692,3814,805,90,90
msg,1,157,692,15970,753,90,90
msg,1,158,693,8378,753,90,90
msg,1,159,690,3862,745,90,90
msg,1,160,690,3897,748,90,90
msg,1,161,681,3970,736,90,90
msg,1,162,690,3731,750,90,90
msg,1,163,668,3783,756,90,90
msg,1,164,694,4008,750,90,90
msg,1,165,663,3909,752,90,90
msg,1,166,682,15636,741,90,90
msg,1,167,662,4010,752,90,90
msg,1,168,690,30241,760,90,90
msg,1,169,704,4187,748,90,90
msg,1,170,686,4506,754,90,90
msg,1,171,679,3998,734,90,90
msg,1,172,662,4494,746,90,90
msg,1,173,669,3534,749,90,90
msg,1,174,669,3603,750,90,90
msg,1,175,678,4000,732,90,90
msg,1,176,727,4570,750,90,90
msg,1,177,671,17335,755,90,90
msg,1,178,666,4078,749,90,90
msg,1,179,694,3881,749,90,90
msg,1,180,687,3562,748,90,90
msg,1,181,686,6859,738,90,90
msg,1,182,671,13818,751,90,90
msg,1,183,691,4896,736,90,90
msg,1,184,695,6204,750,90,90
msg,1,185,755,4110,752,90,90
msg,1,186,690,3821,730,90,90
msg,1,187,698,7882,747,90,90
msg,1,188,689,4250,750,90,90
msg,1,189,696,17054,743,90,90
msg,1,190,662,3961,749,90,90
msg,1,191,692,4339,749,90,90
msg,1,192,691,4023,737,90,90
msg,1,193,665,18355,737,90,90
msg,1,194,662,7423,728,90,90
msg,1,195,663,4361,735,90,90
msg,1,196,668,3852,747,90,90
msg,1,197,689,4097,750,90,90
msg,1,198,671,4137,737,90,90
msg,1,199,690,3839,747,90,90
whole,1,38.232,1733.862,200
2,5.3680,0.0030,16.9850,22.3560,0,0,23,4,0,0,1,1,169356,0.0,0.0,0.0,0.0,0,0,0,0
msg,2,0,809,3970,757,90,90
msg,2,1,669,3916,756,90,90
msg,2,2,689,3728,735,90,90
msg,2,3,669,15749,758,90,90
msg,2,4,688,4095,733,90,90
msg,2,5,669,6634,809,90,90
msg,2,6,691,5725,751,90,90
msg,2,7,690,8862,755,90,90
msg,2,8,762,4378,748,90,90
msg,2,9,685,4265,752,90,90
msg,2,10,680,17314,751,90,90
msg,2,11,689,4167,751,90,90
msg,2,12,667,3920,743,90,90
msg,2,13,689,3780,734,90,90
msg,2,14,669,3677,750,90,90
msg,2,15,685,16013,743,90,90
msg,2,16,663,4994,759,90,90
msg,2,17,690,5278,750,90,90
msg,2,18,694,7325,746,90,90
msg,2,19,689,4221,756,90,90
msg,2,20,665,5117,731,90,90
msg,2,21,695,3851,741,90,90
msg,2,22,699,3987,729,90,90
msg,2,23,688,15165,747,90,90
msg,2,24,687,3921,751,90,90
msg,2,25,667,5048,738,90,90
msg,2,26,692,3905,752,90,90
msg,2,27,828,7973,742,90,90
msg,2,28,764,10308,735,90,90
msg,2,29,673,5999,746,90,90
msg,2,30,688,6583,743,90,90
msg,2,31,690,5941,752,90,90
msg,2,32,691,3851,746,90,90
msg,2,33,682,6518,731,90,90
msg,2,34,669,3471,730,90,90
msg,2,35,663,4448,738,90,90
msg,2,36,728,15905,753,90,90
msg,2,37,691,3878,746,90,90
msg,2,38,665,4005,752,90,90
msg,2,39,712,4028,744,90,90
msg,2,40,695,17925,754,90,90
msg,2,41,684,4844,751,90,90
msg,2,42,696,4180,747,90,90
msg,2,43,691,4847,729,90,90
msg,2,44,667,8391,730,90,90
msg,2,45,670,6724,748,90,90
msg,2,46,689,3398,753,90,90
msg,2,47,691,3431,799,90,90
msg,2,48,689,16862,741,90,90
msg,2,49,749,5088,744,90,90
msg,2,50,690,3911,744,90,90
msg,2,51,666,3441,744,90,90
msg,2,52,669,30941,762,90,90
msg,2,53,693,6686,727,90,90
msg,2,54,663,9881,753,90,90
msg,2,55,684,4841,736,90,90
msg,2,56,682,3898,746,90,90
msg,2,57,690,16492,752,90,90
msg,2,58,693,4025,745,90,90
msg,2,59,659,3718,750,90,90
msg,2,60,684,3667,750,90,90
msg,2,61,685,3631,828,90,90
msg,2,62,676,16761,756,90,90
msg,2,63,691,3937,731,90,90
msg,2,64,661,4243,747,90,90
msg,2,65,681,4368,749,90,90
msg,2,66,688,3759,756,90,90
msg,2,67,671,4966,750,90,90
msg,2,68,687,5454,746,90,90
msg,2,69,689,6683,734,90,90
msg,2,70,666,20550,757,90,90
msg,2,71,669,4673,748,90,90
msg,2,72,692,3915,730,90,90
msg,2,73,730,4075,753,90,90
msg,2,74,691,19251,752,90,90
msg,2,75,679,4921,730,90,90
msg,2,76,667,4369,736,90,90
msg,2,77,664,4964,747,90,90
msg,2,78,695,5589,742,90,90
msg,2,79,685,6186,748,90,90
msg,2,80,683,7855,736,90,90
msg,2,81,669,31135,830,90,90
msg,2,82,697,4118,750,90,90
msg,2,83,690,15398,754,90,90
msg,2,84,689,5995,750,90,90
msg,2,85,666,4598,749,90,90
msg,2,86,692,3808,746,90,90
msg,2,87,691,3915,751,90,90
msg,2,88,693,4270,744,90,90
msg,2,89,667,5642,751,90,90
msg,2,90,689,5087,731,90,90
msg,2,91,671,16766,750,90,90
msg,2,92,688,4079,734,90,90
msg,2,93,675,4228,735,90,90
msg,2,94,690,4281,749,90,90
msg,2,95,693,17890,757,90,90
msg,2,96,691,5703,753,90,90
msg,2,97,686,4150,751,90,90
msg,2,98,689,4862,742,90,90
msg,2,99,689,4708,757,90,90
msg,2,100,673,5777,749,90,90
msg,2,101,691,3895,737,90,90
msg,2,102,672,6008,757,90,90
msg,2,103,694,18647,727,90,90
msg,2,104,691,4168,752,90,90
msg,2,105,696,3805,736,90,90
msg,2,106,670,3529,747,90,90
msg,2,107,663,17436,754,90,90
msg,2,108,666,5297,738,90,90
msg,2,109,662,4084,747,90,90
msg,2,110,691,6632,732,90,90
msg,2,111,669,3682,754,90,90
msg,2,112,681,4914,749,90,90
msg,2,113,694,3836,753,90,90
msg,2,114,669,3702,753,90,90
msg,2,115,695,5989,745,90,90
msg,2,116,667,19191,730,90,90
msg,2,117,695,7205,754,90,90
msg,2,118,694,20127,749,90,90
msg,2,119,692,5027,734,90,90
msg,2,120,667,4070,766,90,90
msg,2,121,691,10893,757,90,90
msg,2,122,685,4573,800,90,90
msg,2,123,691,4722,747,90,90
msg,2,124,693,4122,747,90,90
msg,2,125,693,4531,753,90,90
msg,2,126,697,15194,750,90,90
msg,2,127,690,4135,754,90,90
msg,2,128,810,3878,736,90,90
msg,2,129,696,3627,734,90,90
msg,2,130,668,18260,732,90,90
msg,2,131,662,4887,750,90,90
msg,2,132,688,4503,746,90,90
msg,2,133,691,4091,752,90,90
msg,2,134,666,5317,755,90,90
msg,2,135,669,6282,734,90,90
msg,2,136,668,4097,751,90,90
msg,2,137,693,8112,750,90,90
msg,2,138,696,15975,816,90,90
msg,2,139,673,3996,757,90,90
msg,2,140,686,4526,750,90,90
msg,2,141,695,4725,743,90,90
msg,2,142,667,16717,751,90,90
msg,2,143,688,4705,748,90,90
msg,2,144,696,4513,737,90,90
msg,2,145,693,4442,729,90,90
msg,2,146,690,6481,738,90,90
msg,2,147,661,7659,756,90,90
msg,2,148,669,4794,742,90,90
msg,2,149,687,3441,750,90,90
msg,2,150,756,16452,754,90,90
msg,2,151,697,4039,756,90,90
msg,2,152,685,4092,751,90,90
msg,2,153,669,4872,745,90,90
msg,2,154,689,17278,749,90,90
msg,2,155,690,5343,748,90,90
msg,2,156,689,3724,749,90,90
msg,2,157,696,3581,727,90,90
msg,2,158,664,3852,748,90,90
msg,2,159,689,4985,734,90,90
msg,2,160,662,5684,752,90,90
msg,2,161,692,4170,731,90,90
msg,2,162,662,4114,749,90,90
msg,2,163,686,15634,826,90,90
msg,2,164,673,3933,751,90,90
msg,2,165,690,3745,729,90,90
msg,2,166,663,3586,744,90,90
msg,2,167,660,3847,751,90,90
msg,2,168,693,13537,753,90,90
msg,2,169,684,5113,749,90,90
msg,2,170,685,4339,747,90,90
msg,2,171,699,3827,745,90,90
msg,2,172,693,4041,749,90,90
msg,2,173,687,4151,750,90,90
msg,2,174,663,5756,752,90,90
msg,2,175,687,5590,743,90,90
msg,2,176,694,5422,746,90,90
msg,2,177,688,18118,752,90,90
msg,2,178,691,3680,747,90,90
msg,2,179,693,3762,748,90,90
msg,2,180,663,3860,752,90,90
msg,2,181,684,16349,761,90,90
msg,2,182,694,4136,749,90,90
msg,2,183,686,3834,745,90,90
msg,2,184,690,4512,738,90,90
msg,2,185,688,4142,750,90,90
msg,2,186,684,4125,753,90,90
msg,2,187,685,4204,750,90,90
msg,2,188,671,5230,733,90,90
msg,2,189,675,4479,736,90,90
msg,2,190,671,17288,730,90,90
msg,2,191,668,3732,752,90,90
msg,2,192,691,4714,748,90,90
msg,2,193,697,4026,744,90,90
msg,2,194,690,17503,755,90,90
msg,2,195,689,4017,727,90,90
msg,2,196,663,4881,750,90,90
msg,2,197,694,4016,731,90,90
msg,2,198,674,3946,753,90,90
msg,2,199,681,3814,737,90,90
whole,2,33.870,1729.995,200
#stack 2288
#end
#block pipeline plain lorawan11 down
#aead LoRaWAN-1.1 AES-128-CTR+2xCMAC (BearSSL (arduino-pico)), downlink, 51 B payload + 13 B overhead
#lib none (plain MQTT)
iter,tcp_ms,tls_ms,mqtt_ms,total_ms,hs_tx_B,hs_rx_B,mqtt_tx_B,mqtt_rx_B,hs_writes,hs_reads,writes,reads,free_heap_B,hs_keygen_us,hs_derive_us,hs_verify_us,hs_sign_us,hs_keygen_n,hs_derive_n,hs_verify_n,hs_sign_n
msg,iter,idx,seal_us,rtt_us,open_us,tx_B,rx_B
whole,iter,first_ms,all_ms,msgs
0,4.5100,0.0030,4.8210,9.3340,0,0,23,4,0,0,1,1,169356,0.0,0.0,0.0,0.0,0,0,0,0
msg,0,0,551,3801,481,90,90
msg,0,1,438,4221,471,90,90
msg,0,2,405,3918,475,90,90
msg,0,3,405,4173,494,90,90
msg,0,4,405,3558,474,90,90
msg,0,5,432,16354,494,90,90
msg,0,6,411,4068,492,90,90
msg,0,7,404,4476,479,90,90
msg,0,8,401,5682,476,90,90
msg,0,9,425,15917,471,90,90
msg,0,10,433,5521,493,90,90
msg,0,11,404,4555,484,90,90
msg,0,12,402,4181,488,90,90
msg,0,13,404,3902,496,90,90
msg,0,14,405,4256,486,90,90
msg,0,15,431,5976,477,90,90
msg,0,16,432,4395,476,90,90
msg,0,17,401,3877,475,90,90
msg,0,18,401,4354,493,90,90
msg,0,19,407,13615,495,90,90
msg,0,20,406,3778,476,90,90
msg,0,21,403,4066,489,90,90
msg,0,22,409,5468,473,90,90
msg,0,23,429,4291,473,90,90
msg,0,24,402,16057,489,90,90
msg,0,25,415,4011,493,90,90
msg,0,26,412,4509,474,90,90
msg,0,27,431,3961,474,90,90
msg,0,28,430,3800,476,90,90
msg,0,29,433,4069,468,90,90
msg,0,30,437,3691,479,90,90
msg,0,31,423,3816,481,90,90
msg,0,32,432,4123,471,90,90
msg,0,33,430,3849,474,90,90
msg,0,34,421,16330,474,90,90
msg,0,35,407,3593,477,90,90
msg,0,36,419,4705,479,90,90
msg,0,37,402,3782,484,90,90
msg,0,38,405,3438,477,90,90
msg,0,39,430,16156,477,90,90
msg,0,40,411,5600,477,90,90
msg,0,41,428,4353,490,90,90
msg,0,42,404,4201,501,90,90
msg,0,43,399,3891,496,90,90
msg,0,44,403,3762,490,90,90
msg,0,45,403,4110,498,90,90
msg,0,46,404,4437,476,90,90
msg,0,47,401,3678,475,90,90
msg,0,48,433,4438,481,90,90
msg,0,49,404,16143,510,90,90
msg,0,50,401,3679,484,90,90
msg,0,51,409,4850,475,90,90
msg,0,52,408,6151,491,90,90
msg,0,53,404,18121,486,90,90
msg,0,54,401,4907,488,90,90
msg,0,55,404,6805,501,90,90
msg,0,56,405,5659,471,90,90
msg,0,57,416,8544,471,90,90
msg,0,58,431,4030,474,90,90
msg,0,59,434,6391,495,90,90
msg,0,60,400,4167,494,90,90
msg,0,61,400,16078,479,90,90
msg,0,62,435,4547,487,90,90
msg,0,63,400,3828,487,90,90
msg,0,64,407,3707,477,90,90
msg,0,65,404,3789,470,90,90
msg,0,66,432,6186,526,90,90
msg,0,67,402,27773,482,90,90
msg,0,68,405,3576,478,90,90
msg,0,69,422,5172,536,90,90
msg,0,70,425,4365,487,90,90
msg,0,71,397,3942,492,90,90
msg,0,72,399,4899,492,90,90
msg,0,73,404,17726,470,90,90
msg,0,74,406,3817,528,90,90
msg,0,75,400,4019,492,90,90
msg,0,76,409,5402,479,90,90
msg,0,77,429,4086,472,90,90
msg,0,78,431,22311,527,90,90
msg,0,79,407,7580,473,90,90
msg,0,80,431,4676,490,90,90
msg,0,81,424,3692,494,90,90
msg,0,82,474,4367,477,90,90
msg,0,83,432,5258,490,90,90
msg,0,84,404,4510,474,90,90
msg,0,85,429,3609,491,90,90
msg,0,86,404,15062,490,90,90
msg,0,87,435,3673,491,90,90
msg,0,88,408,3779,497,90,90
msg,0,89,407,4476,471,90,90
msg,0,90,431,3654,487,90,90
msg,0,91,411,6123,471,90,90
msg,0,92,427,14301,480,90,90
msg,0,93,415,4969,472,90,90
msg,0,94,403,8001,489,90,90
msg,0,95,406,5152,492,90,90
msg,0,96,399,4728,489,90,90
msg,0,97,406,5301,490,90,90
msg,0,98,409,4178,472,90,90
msg,0,99,433,4440,484,90,90
msg,0,100,406,16973,494,90,90
msg,0,101,409,5292,475,90,90
msg,0,102,434,4993,474,90,90
msg,0,103,437,4007,530,90,90
msg,0,104,434,21016,477,90,90
msg,0,105,412,7856,474,90,90
msg,0,106,429,8870,475,90,90
msg,0,107,436,7991,477,90,90
msg,0,108,399,3819,470,90,90
msg,0,109,431,3929,477,90,90
msg,0,110,438,5706,479,90,90
msg,0,111,438,14659,495,90,90
msg,0,112,408,5718,485,90,90
msg,0,113,398,3931,496,90,90
msg,0,114,411,3964,491,90,90
msg,0,115,408,3426,474,90,90
msg,0,116,431,16889,476,90,90
msg,0,117,433,4589,489,90,90
msg,0,118,403,5348,476,90,90
msg,0,119,431,4146,477,90,90
msg,0,120,471,8944,483,90,90
msg,0,121,405,4770,474,90,90
msg,0,122,429,5527,488,90,90
msg,0,123,412,5656,486,90,90
msg,0,124,410,17593,476,90,90
msg,0,125,436,5017,478,90,90
msg,0,126,413,4211,490,90,90
msg,0,127,408,3528,471,90,90
msg,0,128,436,17547,492,90,90
msg,0,129,415,5313,480,90,90
msg,0,130,437,3873,478,90,90
msg,0,131,429,7612,482,90,90
msg,0,132,430,5733,487,90,90
msg,0,133,404,6233,474,90,90
msg,0,134,433,4205,471,90,90
msg,0,135,405,3777,473,90,90
msg,0,136,429,19779,478,90,90
msg,0,137,431,3819,485,90,90
msg,0,138,431,4124,475,90,90
msg,0,139,435,4829,473,90,90
msg,0,140,429,25765,493,90,90
msg,0,141,406,4126,477,90,90
msg,0,142,426,9961,477,90,90
msg,0,143,434,5840,476,90,90
msg,0,144,439,5329,474,90,90
msg,0,145,409,5961,493,90,90
msg,0,146,410,5828,466,90,90
msg,0,147,412,20509,477,90,90
msg,0,148,424,6105,473,90,90
msg,0,149,428,4164,476,90,90
msg,0,150,404,17581,483,90,90
msg,0,151,433,6777,489,90,90
msg,0,152,429,3789,488,90,90
msg,0,153,466,3678,494,90,90
msg,0,154,398,4722,475,90,90
msg,0,155,411,3932,478,90,90
msg,0,156,399,5331,495,90,90
msg,0,157,406,7985,488,90,90
msg,0,158,408,4506,471,90,90
msg,0,159,410,18178,496,90,90
msg,0,160,405,4182,489,90,90
msg,0,161,422,4219,472,90,90
msg,0,162,437,3798,469,90,90
msg,0,163,435,17371,492,90,90
msg,0,164,412,4742,472,90,90
msg,0,165,403,3845,529,90,90
msg,0,166,404,3805,475,90,90
msg,0,167,437,3812,472,90,90
msg,0,168,430,3683,484,90,90
msg,0,169,400,5046,486,90,90
msg,0,170,429,6061,472,90,90
msg,0,171,435,5042,474,90,90
msg,0,172,441,4516,483,90,90
msg,0,173,409,16513,476,90,90
msg,0,174,462,3761,478,90,90
msg,0,175,411,4375,492,90,90
msg,0,176,402,3769,489,90,90
msg,0,177,408,17543,480,90,90
msg,0,178,431,4946,469,90,90
msg,0,179,439,4004,471,90,90
msg,0,180,407,3593,477,90,90
msg,0,181,433,3906,472,90,90
msg,0,182,431,3903,473,90,90
msg,0,183,423,4061,474,90,90
msg,0,184,442,3795,472,90,90
msg,0,185,425,4213,469,90,90
msg,0,186,433,5692,479,90,90
msg,0,187,436,16920,475,90,90
msg,0,188,436,7967,475,90,90
msg,0,189,431,4820,477,90,90
msg,0,190,435,4583,491,90,90
msg,0,191,405,17353,481,90,90
msg,0,192,426,4033,473,90,90
msg,0,193,436,4563,486,90,90
msg,0,194,406,6053,483,90,90
msg,0,195,437,4447,488,90,90
msg,0,196,405,4604,476,90,90
msg,0,197,437,3771,470,90,90
msg,0,198,430,3782,490,90,90
msg,0,199,431,4500,491,90,90
whole,0,19.752,1572.198,200
1,5.3520,0.0030,6.0110,11.3660,0,0,23,4,0,0,1,1,169356,0.0,0.0,0.0,0.0,0,0,0,0
msg,1,0,545,18410,499,90,90
msg,1,1,402,7369,476,90,90
msg,1,2,430,4556,488,90,90
msg,1,3,427,3863,492,90,90
msg,1,4,405,5710,493,90,90
msg,1,5,400,4675,475,90,90
msg,1,6,402,4126,487,90,90
msg,1,7,411,4124,490,90,90
msg,1,8,399,4548,476,90,90
msg,1,9,401,17016,470,90,90
msg,1,10,410,3637,474,90,90
msg,1,11,440,4560,493,90,90
msg,1,12,401,3371,477,90,90
msg,1,13,431,4348,495,90,90
msg,1,14,403,15781,496,90,90
msg,1,15,401,4439,477,90,90
msg,1,16,423,4022,471,90,90
msg,1,17,431,3948,472,90,90
msg,1,18,435,3506,493,90,90
msg,1,19,406,4026,493,90,90
msg,1,20,401,4406,475,90,90
msg,1,21,424,4163,486,90,90
msg,1,22,404,4668,473,90,90
msg,1,23,425,4861,468,90,90
msg,1,24,437,16472,494,90,90
msg,1,25,400,3816,493,90,90
msg,1,26,403,5317,482,90,90
msg,1,27,438,4298,480,90,90
msg,1,28,411,18708,477,90,90
msg,1,29,430,5573,489,90,90
msg,1,30,406,5053,489,90,90
msg,1,31,437,4623,502,90,90
msg,1,32,415,4482,472,90,90
msg,1,33,440,6073,473,90,90
msg,1,34,409,4342,495,90,90
msg,1,35,482,5484,479,90,90
msg,1,36,400,5093,489,90,90
msg,1,37,398,15413,477,90,90
msg,1,38,436,4513,490,90,90
msg,1,39,402,5199,483,90,90
msg,1,40,431,4442,491,90,90
msg,1,41,402,17921,474,90,90
msg,1,42,404,5949,491,90,90
msg,1,43,403,4998,485,90,90
msg,1,44,407,4316,487,90,90
msg,1,45,430,5850,492,90,90
msg,1,46,410,6650,491,90,90
msg,1,47,407,5462,478,90,90
msg,1,48,433,4873,472,90,90
msg,1,49,435,4709,498,90,90
msg,1,50,408,13653,484,90,90
msg,1,51,522,3971,491,90,90
msg,1,52,405,3983,498,90,90
msg,1,53,532,4157,472,90,90
msg,1,54,437,4674,487,90,90
msg,1,55,429,17177,473,90,90
msg,1,56,430,4559,489,90,90
msg,1,57,410,4199,472,90,90
msg,1,58,428,3906,478,90,90
msg,1,59,436,4058,468,90,90
msg,1,60,428,4469,494,90,90
msg,1,61,404,4395,479,90,90
msg,1,62,431,3909,477,90,90
msg,1,63,429,4969,475,90,90
msg,1,64,402,3920,473,90,90
msg,1,65,428,16426,494,90,90
msg,1,66,409,3937,495,90,90
msg,1,67,544,4055,472,90,90
msg,1,68,427,4051,473,90,90
msg,1,69,439,16947,474,90,90
msg,1,70,431,5573,490,90,90
msg,1,71,407,4848,488,90,90
msg,1,72,407,3902,497,90,90
msg,1,73,410,4574,477,90,90
msg,1,74,411,4132,496,90,90
msg,1,75,417,3746,478,90,90
msg,1,76,411,8937,471,90,90
msg,1,77,410,5240,491,90,90
msg,1,78,400,15186,478,90,90
msg,1,79,434,3962,472,90,90
msg,1,80,429,3693,486,90,90
msg,1,81,402,4589,476,90,90
msg,1,82,411,3787,473,90,90
msg,1,83,406,18142,489,90,90
msg,1,84,404,3700,472,90,90
msg,1,85,434,4252,496,90,90
msg,1,86,405,3487,480,90,90
msg,1,87,435,3893,473,90,90
msg,1,88,438,3482,487,90,90
msg,1,89,411,3837,488,90,90
msg,1,90,408,4291,471,90,90
msg,1,91,433,7098,480,90,90
msg,1,92,435,4307,487,90,90
msg,1,93,409,19561,479,90,90
msg,1,94,431,4110,481,90,90
msg,1,95,408,3790,479,90,90
msg,1,96,442,3555,493,90,90
msg,1,97,401,17723,494,90,90
msg,1,98,407,4170,491,90,90
msg,1,99,429,3829,493,90,90
msg,1,100,403,3811,488,90,90
msg,1,101,410,3917,490,90,90
msg,1,102,407,3391,480,90,90
msg,1,103,433,4267,471,90,90
msg,1,104,406,6765,476,90,90
msg,1,105,430,4067,473,90,90
msg,1,106,408,3789,474,90,90
msg,1,107,438,21733,479,90,90
msg,1,108,441,4132,475,90,90
msg,1,109,414,5677,476,90,90
msg,1,110,425,13888,482,90,90
msg,1,111,432,17720,491,90,90
msg,1,112,407,3803,488,90,90
msg,1,113,405,4840,495,90,90
msg,1,114,405,3721,480,90,90
msg,1,115,403,4338,494,90,90
msg,1,116,401,4120,475,90,90
msg,1,117,437,22036,473,90,90
msg,1,118,440,5114,475,90,90
msg,1,119,431,4132,488,90,90
msg,1,120,406,3894,472,90,90
msg,1,121,405,3553,470,90,90
msg,1,122,438,16593,484,90,90
msg,1,123,406,4813,490,90,90
msg,1,124,403,3799,490,90,90
msg,1,125,406,3822,473,90,90
msg,1,126,405,5230,493,90,90
msg,1,127,403,3933,493,90,90
msg,1,128,404,3538,476,90,90
msg,1,129,402,5194,483,90,90
msg,1,130,406,4406,467,90,90
msg,1,131,429,4329,477,90,90
msg,1,132,402,19020,498,90,90
msg,1,133,400,3723,476,90,90
msg,1,134,403,3696,473,90,90
msg,1,135,440,4204,472,90,90
msg,1,136,398,17555,475,90,90
msg,1,137,429,4399,477,90,90
msg,1,138,406,3755,475,90,90
msg,1,139,432,3568,490,90,90
msg,1,140,437,3575,488,90,90
msg,1,141,403,3790,473,90,90
msg,1,142,409,4385,492,90,90
msg,1,143,428,3765,492,90,90
msg,1,144,410,3618,478,90,90
msg,1,145,398,4739,477,90,90
msg,1,146,435,17352,494,90,90
msg,1,147,408,4302,480,90,90
msg,1,148,429,4246,473,90,90
msg,1,149,407,3606,474,90,90
msg,1,150,432,3886,467,90,90
msg,1,151,426,17170,474,90,90
msg,1,152,432,5594,483,90,90
msg,1,153,434,4425,473,90,90
msg,1,154,412,3754,478,90,90
msg,1,155,424,3838,470,90,90
msg,1,156,427,3612,484,90,90
msg,1,157,399,4249,475,90,90
msg,1,158,440,3654,485,90,90
msg,1,159,430,3799,492,90,90
msg,1,160,408,3705,493,90,90
msg,1,161,408,15708,478,90,90
msg,1,162,407,5051,476,90,90
msg,1,163,404,4325,497,90,90
msg,1,164,422,4574,488,90,90
msg,1,165,408,3870,480,90,90
msg,1,166,399,16436,487,90,90
msg,1,167,434,3547,495,90,90
msg,1,168,400,4470,527,90,90
msg,1,169,433,3874,472,90,90
msg,1,170,433,3757,478,90,90
msg,1,171,432,3809,489,90,90
msg,1,172,427,3796,497,90,90
msg,1,173,426,3602,487,90,90
msg,1,174,411,3774,478,90,90
msg,1,175,406,3593,477,90,90
msg,1,176,433,17510,493,90,90
msg,1,177,407,3667,471,90,90
msg,1,178,406,3562,533,90,90
msg,1,179,435,3706,492,90,90
msg,1,180,402,21554,492,90,90
msg,1,181,403,6094,488,90,90
msg,1,182,404,4419,525,90,90
msg,1,183,437,4802,473,90,90
msg,1,184,428,3817,479,90,90
msg,1,185,428,3753,491,90,90
msg,1,186,405,3636,487,90,90
msg,1,187,413,4293,490,90,90
msg,1,188,407,3823,491,90,90
msg,1,189,404,3781,493,90,90
msg,1,190,410,16767,488,90,90
msg,1,191,410,5374,518,90,90
msg,1,192,429,10949,469,90,90
msg,1,193,434,16481,485,90,90
msg,1,194,411,3814,490,90,90
msg,1,195,413,4414,525,90,90
msg,1,196,432,3801,487,90,90
msg,1,197,430,3821,492,90,90
msg,1,198,405,3518,473,90,90
msg,1,199,408,5521,472,90,90
whole,1,36.815,1502.023,200
2,4.4550,0.0020,4.2850,8.7420,0,0,23,4,0,0,1,1,169356,0.0,0.0,0.0,0.0,0,0,0,0
msg,2,0,532,16051,502,90,90
msg,2,1,405,4775,497,90,90
msg,2,2,403,10484,480,90,90
msg,2,3,435,15703,490,90,90
msg,2,4,402,5508,475,90,90
msg,2,5,410,4433,490,90,90
msg,2,6,427,4008,473,90,90
msg,2,7,435,4197,474,90,90
msg,2,8,404,7839,482,90,90
msg,2,9,440,5265,493,90,90
msg,2,10,405,3994,492,90,90
msg,2,11,406,4166,577,90,90
msg,2,12,434,16539,491,90,90
msg,2,13,404,4219,488,90,90
msg,2,14,398,4062,472,90,90
msg,2,15,422,5587,488,90,90
msg,2,16,401,18260,487,90,90
msg,2,17,432,8740,493,90,90
msg,2,18,407,4364,476,90,90
msg,2,19,433,4662,471,90,90
msg,2,20,432,3936,519,90,90
msg,2,21,432,3954,477,90,90
msg,2,22,426,3530,493,90,90
msg,2,23,404,3890,485,90,90
msg,2,24,409,3758,579,90,90
msg,2,25,409,4167,492,90,90
msg,2,26,401,14238,476,90,90
msg,2,27,431,3816,475,90,90
msg,2,28,429,4780,488,90,90
msg,2,29,404,6344,487,90,90
msg,2,30,425,17257,495,90,90
msg,2,31,403,5261,490,90,90
msg,2,32,434,6146,468,90,90
msg,2,33,440,4190,475,90,90
msg,2,34,402,3628,470,90,90
msg,2,35,437,3597,493,90,90
msg,2,36,408,3546,474,90,90
msg,2,37,401,3779,473,90,90
msg,2,38,435,3865,479,90,90
msg,2,39,543,3531,476,90,90
msg,2,40,439,17025,479,90,90
msg,2,41,429,4955,471,90,90
msg,2,42,437,4269,471,90,90
msg,2,43,412,4337,493,90,90
msg,2,44,409,4209,476,90,90
msg,2,45,432,21646,491,90,90
msg,2,46,410,5888,495,90,90
msg,2,47,411,3845,490,90,90
msg,2,48,402,4611,471,90,90
msg,2,49,404,3983,476,90,90
msg,2,50,408,4542,474,90,90
msg,2,51,439,5205,479,90,90
msg,2,52,408,5256,492,90,90
msg,2,53,403,15799,486,90,90
msg,2,54,407,4037,496,90,90
msg,2,55,410,3677,492,90,90
msg,2,56,403,3676,531,90,90
msg,2,57,405,3643,482,90,90
msg,2,58,427,16945,473,90,90
msg,2,59,428,5707,487,90,90
msg,2,60,404,4894,493,90,90
msg,2,61,411,5066,486,90,90
msg,2,62,433,3860,487,90,90
msg,2,63,403,3735,494,90,90
msg,2,64,402,3999,491,90,90
msg,2,65,407,3850,498,90,90
msg,2,66,402,3659,474,90,90
msg,2,67,407,3847,475,90,90
msg,2,68,402,17830,475,90,90
msg,2,69,435,4012,475,90,90
msg,2,70,402,4463,486,90,90
msg,2,71,408,5303,475,90,90
msg,2,72,436,18638,485,90,90
msg,2,73,436,4838,488,90,90
msg,2,74,406,40241,484,90,90
msg,2,75,434,33000,480,90,90
msg,2,76,435,21741,475,90,90
msg,2,77,427,6761,479,90,90
msg,2,78,427,4068,471,90,90
msg,2,79,437,3566,493,90,90
msg,2,80,407,3859,491,90,90
msg,2,81,410,4065,485,90,90
msg,2,82,403,4320,478,90,90
msg,2,83,432,6688,483,90,90
msg,2,84,435,4700,496,90,90
msg,2,85,401,17023,496,90,90
msg,2,86,406,4888,501,90,90
msg,2,87,409,3944,494,90,90
msg,2,88,404,20853,483,90,90
msg,2,89,406,5049,491,90,90
msg,2,90,410,5519,471,90,90
msg,2,91,401,3734,472,90,90
msg,2,92,431,3984,477,90,90
msg,2,93,428,3723,479,90,90
msg,2,94,429,3568,499,90,90
msg,2,95,412,3457,474,90,90
msg,2,96,428,3850,475,90,90
msg,2,97,423,3968,473,90,90
msg,2,98,435,3870,529,90,90
msg,2,99,432,18956,526,90,90
msg,2,100,405,3647,471,90,90
msg,2,101,429,3582,489,90,90
msg,2,102,404,4511,472,90,90
msg,2,103,435,17653,473,90,90
msg,2,104,435,4165,478,90,90
msg,2,105,440,5222,483,90,90
msg,2,106,406,4420,479,90,90
msg,2,107,426,3812,572,90,90
msg,2,108,429,3871,481,90,90
msg,2,109,431,4235,473,90,90
msg,2,110,407,3844,475,90,90
msg,2,111,430,3945,476,90,90
msg,2,112,437,3869,475,90,90
msg,2,113,439,17101,476,90,90
msg,2,114,408,4816,471,90,90
msg,2,115,402,3962,474,90,90
msg,2,116,406,4417,491,90,90
msg,2,117,409,16781,489,90,90
msg,2,118,409,6940,487,90,90
msg,2,119,404,6459,478,90,90
msg,2,120,438,4059,471,90,90
msg,2,121,410,4372,587,90,90
msg,2,122,425,3596,490,90,90
msg,2,123,404,4221,484,90,90
msg,2,124,427,3787,489,90,90
msg,2,125,402,5012,490,90,90
msg,2,126,408,17070,470,90,90
msg,2,127,483,4326,478,90,90
msg,2,128,407,3985,471,90,90
msg,2,129,413,4006,484,90,90
msg,2,130,408,3872,544,90,90
msg,2,131,412,21856,478,90,90
msg,2,132,411,4477,474,90,90
msg,2,133,427,4603,494,90,90
msg,2,134,401,3668,475,90,90
msg,2,135,401,3768,475,90,90
msg,2,136,432,3410,494,90,90
msg,2,137,406,3712,491,90,90
msg,2,138,403,4886,492,90,90
msg,2,139,409,4051,488,90,90
msg,2,140,404,16573,475,90,90
msg,2,141,438,4072,476,90,90
msg,2,142,408,3912,477,90,90
msg,2,143,407,3728,477,90,90
msg,2,144,437,3801,475,90,90
msg,2,145,437,15872,471,90,90
msg,2,146,438,5186,475,90,90
msg,2,147,431,3817,478,90,90
msg,2,148,436,5275,491,90,90
msg,2,149,399,5178,496,90,90
msg,2,150,402,4889,488,90,90
msg,2,151,406,4694,501,90,90
msg,2,152,405,3739,474,90,90
msg,2,153,403,3984,470,90,90
msg,2,154,406,4640,477,90,90
msg,2,155,427,16636,496,90,90
msg,2,156,411,4280,478,90,90
msg,2,157,441,3767,478,90,90
msg,2,158,431,3753,486,90,90
msg,2,159,435,17753,492,90,90
msg,2,160,405,4756,492,90,90
msg,2,161,404,4294,483,90,90
msg,2,162,429,5765,494,90,90
msg,2,163,540,3605,494,90,90
msg,2,164,403,3950,486,90,90
msg,2,165,402,3765,467,90,90
msg,2,166,408,4011,489,90,90
msg,2,167,406,3606,467,90,90
msg,2,168,431,4023,473,90,90
msg,2,169,424,16350,485,90,90
msg,2,170,408,4230,473,90,90
msg,2,171,437,4270,472,90,90
msg,2,172,401,7297,492,90,90
msg,2,173,410,17124,490,90,90
msg,2,174,427,4899,483,90,90
msg,2,175,410,5113,466,90,90
msg,2,176,446,4359,496,90,90
msg,2,177,400,3737,477,90,90
msg,2,178,406,3922,477,90,90
msg,2,179,403,3764,471,90,90
msg,2,180,430,3604,488,90,90
msg,2,181,429,3698,490,90,90
msg,2,182,407,3759,492,90,90
msg,2,183,407,17607,476,90,90
msg,2,184,434,4416,488,90,90
msg,2,185,403,5122,489,90,90
msg,2,186,426,3643,494,90,90
msg,2,187,403,4330,475,90,90
msg,2,188,433,16014,824,90,90
msg,2,189,407,5149,490,90,90
msg,2,190,405,5755,489,90,90
msg,2,191,408,5653,472,90,90
msg,2,192,430,3687,473,90,90
msg,2,193,433,3871,489,90,90
msg,2,194,424,4030,476,90,90
msg,2,195,426,4027,471,90,90
msg,2,196,430,3884,475,90,90
msg,2,197,433,17162,474,90,90
msg,2,198,406,4250,493,90,90
msg,2,199,406,4413,477,90,90
whole,2,31.494,1576.006,200
#stack 2256
#end
#block pipeline plain lorawan11_256 up
#aead AES-256-CTR+2xCMAC (LoRaWAN 1.1 frame, 256-bit keys) (BearSSL (arduino-pico)), uplink, 51 B payload + 13 B overhead
#lib none (plain MQTT)
iter,tcp_ms,tls_ms,mqtt_ms,total_ms,hs_tx_B,hs_rx_B,mqtt_tx_B,mqtt_rx_B,hs_writes,hs_reads,writes,reads,free_heap_B,hs_keygen_us,hs_derive_us,hs_verify_us,hs_sign_us,hs_keygen_n,hs_derive_n,hs_verify_n,hs_sign_n
msg,iter,idx,seal_us,rtt_us,open_us,tx_B,rx_B
whole,iter,first_ms,all_ms,msgs
0,4.3570,0.0030,8.1290,12.4890,0,0,23,4,0,0,1,1,169356,0.0,0.0,0.0,0.0,0,0,0,0
msg,0,0,1039,4136,1063,90,90
msg,0,1,933,4149,980,90,90
msg,0,2,920,3835,979,90,90
msg,0,3,898,17206,977,90,90
msg,0,4,924,4418,976,90,90
msg,0,5,923,3914,975,90,90
msg,0,6,922,3834,975,90,90
msg,0,7,920,3860,971,90,90
msg,0,8,915,3702,978,90,90
msg,0,9,927,4075,987,90,90
msg,0,10,915,3829,983,90,90
msg,0,11,924,4343,1028,90,90
msg,0,12,923,17747,1056,90,90
msg,0,13,927,7073,982,90,90
msg,0,14,914,5242,970,90,90
msg,0,15,921,18188,983,90,90
msg,0,16,917,3945,981,90,90
msg,0,17,922,3939,976,90,90
msg,0,18,919,3950,979,90,90
msg,0,19,925,4728,977,90,90
msg,0,20,925,3824,975,90,90
msg,0,21,913,3788,975,90,90
msg,0,22,900,5413,979,90,90
msg,0,23,910,16431,1065,90,90
msg,0,24,924,7032,976,90,90
msg,0,25,913,6324,977,90,90
msg,0,26,919,17112,978,90,90
msg,0,27,918,4812,985,90,90
msg,0,28,916,3904,979,90,90
msg,0,29,913,5009,979,90,90
msg,0,30,924,3701,977,90,90
msg,0,31,921,3892,973,90,90
msg,0,32,923,5442,981,90,90
msg,0,33,920,4418,983,90,90
msg,0,34,923,3819,977,90,90
msg,0,35,923,16405,978,90,90
msg,0,36,920,4232,973,90,90
msg,0,37,909,5256,1031,90,90
msg,0,38,923,16812,1002,90,90
msg,0,39,934,4531,984,90,90
msg,0,40,892,3542,984,90,90
msg,0,41,913,3867,970,90,90
msg,0,42,983,3768,984,90,90
msg,0,43,915,4428,978,90,90
msg,0,44,918,3965,983,90,90
msg,0,45,918,4319,987,90,90
msg,0,46,919,3905,973,90,90
msg,0,47,924,17506,984,90,90
msg,0,48,924,3803,981,90,90
msg,0,49,925,4322,962,90,90
msg,0,50,933,18805,1026,90,90
msg,0,51,918,4989,971,90,90
msg,0,52,920,4290,977,90,90
msg,0,53,917,4092,1028,90,90
msg,0,54,922,4131,985,90,90
msg,0,55,915,4213,970,90,90
msg,0,56,926,4048,979,90,90
msg,0,57,982,3872,982,90,90
msg,0,58,923,3933,982,90,90
msg,0,59,921,16828,976,90,90
msg,0,60,918,4786,974,90,90
msg,0,61,916,4290,974,90,90
msg,0,62,918,17637,977,90,90
msg,0,63,929,6828,977,90,90
msg,0,64,920,7213,971,90,90
msg,0,65,913,3886,983,90,90
msg,0,66,914,14480,984,90,90
msg,0,67,922,4251,980,90,90
msg,0,68,917,16802,977,90,90
msg,0,69,912,4676,984,90,90
msg,0,70,916,4576,976,90,90
msg,0,71,908,4102,978,90,90
msg,0,72,917,17691,978,90,90
msg,0,73,918,4529,984,90,90
msg,0,74,894,6001,972,90,90
msg,0,75,894,3836,982,90,90
msg,0,76,913,3786,982,90,90
msg,0,77,924,3853,972,90,90
msg,0,78,922,3956,980,90,90
msg,0,79,923,4155,973,90,90
msg,0,80,924,16382,980,90,90
msg,0,81,919,4114,977,90,90
msg,0,82,917,3828,981,90,90
msg,0,83,920,3976,978,90,90
msg,0,84,927,17734,981,90,90
msg,0,85,926,4587,974,90,90
msg,0,86,893,3861,989,90,90
msg,0,87,911,4189,962,90,90
msg,0,88,914,3956,966,90,90
msg,0,89,921,3774,1034,90,90
msg,0,90,893,5275,982,90,90
msg,0,91,914,3614,979,90,90
msg,0,92,895,3870,981,90,90
msg,0,93,1033,12650,979,90,90
msg,0,94,921,3900,1044,90,90
msg,0,95,920,4840,979,90,90
msg,0,96,925,3998,982,90,90
msg,0,97,921,15948,994,90,90
msg,0,98,922,7840,976,90,90
msg,0,99,917,4355,973,90,90
msg,0,100,926,3878,962,90,90
msg,0,101,923,3827,977,90,90
msg,0,102,894,3896,985,90,90
msg,0,103,896,7152,977,90,90
msg,0,104,916,19977,979,90,90
msg,0,105,923,5241,982,90,90
msg,0,106,921,4643,973,90,90
msg,0,107,919,4119,981,90,90
msg,0,108,920,20183,975,90,90
msg,0,109,975,9404,973,90,90
msg,0,110,922,4908,969,90,90
msg,0,111,916,4334,977,90,90
msg,0,112,912,3872,979,90,90
msg,0,113,919,4196,1061,90,90
msg,0,114,921,4080,980,90,90
msg,0,115,901,14343,982,90,90
msg,0,116,982,4207,979,90,90
msg,0,117,925,4866,980,90,90
msg,0,118,914,4235,979,90,90
msg,0,119,980,17173,974,90,90
msg,0,120,928,9522,976,90,90
msg,0,121,920,3932,978,90,90
msg,0,122,928,11584,991,90,90
msg,0,123,927,4200,987,90,90
msg,0,124,916,3604,985,90,90
msg,0,125,924,18624,971,90,90
msg,0,126,919,4325,985,90,90
msg,0,127,913,4171,983,90,90
msg,0,128,925,4092,972,90,90
msg,0,129,924,19713,977,90,90
msg,0,130,926,6559,980,90,90
msg,0,131,913,7790,970,90,90
msg,0,132,912,3919,982,90,90
msg,0,133,923,3968,981,90,90
msg,0,134,922,3986,978,90,90
msg,0,135,1034,4522,967,90,90
msg,0,136,922,15463,987,90,90
msg,0,137,921,3889,982,90,90
msg,0,138,921,4172,979,90,90
msg,0,139,921,4118,981,90,90
msg,0,140,910,16439,1025,90,90
msg,0,141,925,4563,977,90,90
msg,0,142,914,5338,986,90,90
msg,0,143,915,4069,975,90,90
msg,0,144,915,4582,975,90,90
msg,0,145,914,4808,977,90,90
msg,0,146,923,4278,984,90,90
msg,0,147,926,4350,972,90,90
msg,0,148,922,16895,970,90,90
msg,0,149,919,4743,979,90,90
msg,0,150,924,4338,980,90,90
msg,0,151,924,6956,983,90,90
msg,0,152,922,19969,984,90,90
msg,0,153,924,6083,1025,90,90
msg,0,154,921,5092,982,90,90
msg,0,155,923,4698,976,90,90
msg,0,156,923,3837,1032,90,90
msg,0,157,999,4837,979,90,90
msg,0,158,924,4033,982,90,90
msg,0,159,915,18212,983,90,90
msg,0,160,920,3979,978,90,90
msg,0,161,908,3853,977,90,90
msg,0,162,922,3752,984,90,90
msg,0,163,923,13906,976,90,90
msg,0,164,924,5116,977,90,90
msg,0,165,916,4049,978,90,90
msg,0,166,984,3875,980,90,90
msg,0,167,919,4064,988,90,90
msg,0,168,897,3941,980,90,90
msg,0,169,903,5632,988,90,90
msg,0,170,922,3893,976,90,90
msg,0,171,919,3838,991,90,90
msg,0,172,921,14663,975,90,90
msg,0,173,917,3587,978,90,90
msg,0,174,952,3917,974,90,90
msg,0,175,897,3898,980,90,90
msg,0,176,921,21156,974,90,90
msg,0,177,916,4257,981,90,90
msg,0,178,923,5067,1344,90,90
msg,0,179,913,4385,983,90,90
msg,0,180,918,4139,987,90,90
msg,0,181,918,5473,981,90,90
msg,0,182,918,4870,976,90,90
msg,0,183,925,15517,977,90,90
msg,0,184,914,3985,974,90,90
msg,0,185,975,4003,983,90,90
msg,0,186,888,3896,979,90,90
msg,0,187,925,17437,987,90,90
msg,0,188,915,4256,978,90,90
msg,0,189,918,5638,978,90,90
msg,0,190,923,6048,983,90,90
msg,0,191,924,4130,982,90,90
msg,0,192,1027,4061,976,90,90
msg,0,193,897,4102,969,90,90
msg,0,194,916,4783,980,90,90
msg,0,195,976,15228,983,90,90
msg,0,196,921,4374,975,90,90
msg,0,197,925,3945,981,90,90
msg,0,198,917,4156,979,90,90
msg,0,199,909,36863,986,90,90
whole,0,35.601,1829.124,200
1,4.3700,0.0030,6.0980,10.4710,0,0,23,4,0,0,1,1,169356,0.0,0.0,0.0,0.0,0,0,0,0
msg,1,0,1041,18803,1366,90,90
msg,1,1,932,4238,983,90,90
msg,1,2,927,4807,974,90,90
msg,1,3,920,4379,1042,90,90
msg,1,4,925,17316,1030,90,90
msg,1,5,924,5035,979,90,90
msg,1,6,915,3852,976,90,90
msg,1,7,922,3651,975,90,90
msg,1,8,898,4526,985,90,90
msg,1,9,923,4326,980,90,90
msg,1,10,902,5321,984,90,90
msg,1,11,915,4117,979,90,90
msg,1,12,915,15171,1035,90,90
msg,1,13,925,4008,976,90,90
msg,1,14,915,4066,975,90,90
msg,1,15,919,4343,974,90,90
msg,1,16,993,15688,979,90,90
msg,1,17,911,5285,983,90,90
msg,1,18,924,3899,975,90,90
msg,1,19,918,4436,984,90,90
msg,1,20,916,3870,983,90,90
msg,1,21,916,6580,979,90,90
msg,1,22,920,4917,976,90,90
msg,1,23,918,4210,983,90,90
msg,1,24,893,15988,973,90,90
msg,1,25,891,4435,981,90,90
msg,1,26,918,3829,975,90,90
msg,1,27,923,3897,971,90,90
msg,1,28,922,16440,979,90,90
msg,1,29,982,4618,974,90,90
msg,1,30,1312,4300,983,90,90
msg,1,31,921,4662,1046,90,90
msg,1,32,922,4767,977,90,90
msg,1,33,919,7208,985,90,90
msg,1,34,919,4513,974,90,90
msg,1,35,922,5440,988,90,90
msg,1,36,925,15893,977,90,90
msg,1,37,918,3747,973,90,90
msg,1,38,919,3862,1025,90,90
msg,1,39,919,3808,967,90,90
msg,1,40,892,19659,987,90,90
msg,1,41,926,5126,977,90,90
msg,1,42,913,4884,981,90,90
msg,1,43,918,4809,984,90,90
msg,1,44,915,5020,980,90,90
msg,1,45,920,5662,980,90,90
msg,1,46,919,4135,974,90,90
msg,1,47,913,15663,981,90,90
msg,1,48,912,3690,975,90,90
msg,1,49,914,3911,974,90,90
msg,1,50,985,3803,972,90,90
msg,1,51,917,17447,980,90,90
msg,1,52,924,4728,980,90,90
msg,1,53,923,3868,979,90,90
msg,1,54,921,4712,977,90,90
msg,1,55,921,4123,982,90,90
msg,1,56,918,8935,977,90,90
msg,1,57,923,5498,978,90,90
msg,1,58,895,4196,979,90,90
msg,1,59,923,15898,986,90,90
msg,1,60,925,3688,980,90,90
msg,1,61,897,3839,984,90,90
msg,1,62,924,4092,974,90,90
msg,1,63,890,16361,983,90,90
msg,1,64,909,7781,1053,90,90
msg,1,65,919,3907,980,90,90
msg,1,66,916,4006,976,90,90
msg,1,67,924,4629,967,90,90
msg,1,68,916,5044,981,90,90
msg,1,69,915,4705,981,90,90
msg,1,70,893,3937,977,90,90
msg,1,71,886,16236,978,90,90
msg,1,72,925,4507,976,90,90
msg,1,73,920,3911,983,90,90
msg,1,74,926,18138,982,90,90
msg,1,75,1047,4153,1050,90,90
msg,1,76,927,4351,987,90,90
msg,1,77,926,4332,975,90,90
msg,1,78,924,3922,980,90,90
msg,1,79,919,3908,1026,90,90
msg,1,80,924,5846,977,90,90
msg,1,81,913,5956,975,90,90
msg,1,82,912,16031,975,90,90
msg,1,83,920,4662,971,90,90
msg,1,84,920,4440,977,90,90
msg,1,85,916,3896,982,90,90
msg,1,86,923,15623,974,90,90
msg,1,87,924,7187,985,90,90
msg,1,88,923,4597,968,90,90
msg,1,89,924,3726,982,90,90
msg,1,90,920,3708,977,90,90
msg,1,91,988,3716,976,90,90
msg,1,92,914,4985,980,90,90
msg,1,93,923,5042,972,90,90
msg,1,94,983,15757,980,90,90
msg,1,95,922,3834,981,90,90
msg,1,96,914,3926,972,90,90
msg,1,97,915,3667,979,90,90
msg,1,98,918,17438,978,90,90
msg,1,99,926,4455,977,90,90
msg,1,100,913,4486,984,90,90
msg,1,101,922,4678,979,90,90
msg,1,102,923,3908,1041,90,90
msg,1,103,919,4818,981,90,90
msg,1,104,921,4431,975,90,90
msg,1,105,896,4092,1023,90,90
msg,1,106,932,17573,983,90,90
msg,1,107,985,4000,976,90,90
msg,1,108,889,3606,980,90,90
msg,1,109,920,3825,977,90,90
msg,1,110,922,17040,976,90,90
msg,1,111,921,4936,979,90,90
msg,1,112,918,3788,978,90,90
msg,1,113,917,5067,980,90,90
msg,1,114,923,3798,973,90,90
msg,1,115,915,4058,982,90,90
msg,1,116,916,5552,979,90,90
msg,1,117,923,5676,995,90,90
msg,1,118,904,16085,965,90,90
msg,1,119,922,7085,981,90,90
msg,1,120,915,6821,972,90,90
msg,1,121,920,17064,978,90,90
msg,1,122,1036,4301,981,90,90
msg,1,123,920,4587,976,90,90
msg,1,124,919,4292,981,90,90
msg,1,125,987,14680,986,90,90
msg,1,126,919,3887,983,90,90
msg,1,127,922,3967,973,90,90
msg,1,128,922,14985,984,90,90
msg,1,129,915,4028,978,90,90
msg,1,130,922,5156,976,90,90
msg,1,131,899,4932,983,90,90
msg,1,132,899,30201,990,90,90
msg,1,133,915,4540,981,90,90
msg,1,134,918,4083,979,90,90
msg,1,135,900,4773,978,90,90
msg,1,136,919,4921,988,90,90
msg,1,137,922,4136,977,90,90
msg,1,138,911,21008,972,90,90
msg,1,139,925,5641,985,90,90
msg,1,140,915,3913,984,90,90
msg,1,141,1335,17524,981,90,90
msg,1,142,928,7012,978,90,90
msg,1,143,897,5118,967,90,90
msg,1,144,922,6625,984,90,90
msg,1,145,920,5664,1038,90,90
msg,1,146,914,7181,978,90,90
msg,1,147,920,18056,975,90,90
msg,1,148,899,3600,981,90,90
msg,1,149,918,5834,980,90,90
msg,1,150,924,4308,977,90,90
msg,1,151,920,17585,990,90,90
msg,1,152,920,5235,980,90,90
msg,1,153,923,4734,979,90,90
msg,1,154,920,4649,978,90,90
msg,1,155,918,5125,983,90,90
msg,1,156,922,4893,980,90,90
msg,1,157,920,5256,986,90,90
msg,1,158,917,33198,984,90,90
msg,1,159,925,5490,985,90,90
msg,1,160,919,19270,977,90,90
msg,1,161,923,7473,980,90,90
msg,1,162,923,10012,976,90,90
msg,1,163,1379,6662,980,90,90
msg,1,164,928,5489,987,90,90
msg,1,165,917,18626,971,90,90
msg,1,166,920,4417,985,90,90
msg,1,167,917,4745,980,90,90
msg,1,168,921,4249,984,90,90
msg,1,169,913,17026,992,90,90
msg,1,170,917,5060,1034,90,90
msg,1,171,917,4248,978,90,90
msg,1,172,924,3640,959,90,90
msg,1,173,921,7515,988,90,90
msg,1,174,918,5856,984,90,90
msg,1,175,922,5114,986,90,90
msg,1,176,919,16913,977,90,90
msg,1,177,922,3945,980,90,90
msg,1,178,923,3921,982,90,90
msg,1,179,927,3950,983,90,90
msg,1,180,920,16732,980,90,90
msg,1,181,917,3653,979,90,90
msg,1,182,982,4694,976,90,90
msg,1,183,915,3993,980,90,90
msg,1,184,920,4811,968,90,90
msg,1,185,986,4550,983,90,90
msg,1,186,915,7149,977,90,90
msg,1,187,893,4466,976,90,90
msg,1,188,913,15543,980,90,90
msg,1,189,925,4069,973,90,90
msg,1,190,915,3986,982,90,90
msg,1,191,924,3936,977,90,90
msg,1,192,911,16713,965,90,90
msg,1,193,923,4454,984,90,90
msg,1,194,919,4045,979,90,90
msg,1,195,914,5118,982,90,90
msg,1,196,918,3813,976,90,90
msg,1,197,921,4656,982,90,90
msg,1,198,918,3952,982,90,90
msg,1,199,925,7489,976,90,90
whole,1,37.364,1862.738,200
2,5.4100,0.0030,5.9430,11.3560,0,0,23,4,0,0,1,1,169356,0.0,0.0,0.0,0.0,0,0,0,0
msg,2,0,1038,3878,997,90,90
msg,2,1,930,14643,1026,90,90
msg,2,2,923,4596,983,90,90
msg,2,3,895,4008,980,90,90
msg,2,4,923,3879,976,90,90
msg,2,5,983,4105,986,90,90
msg,2,6,925,3873,971,90,90
msg,2,7,918,4040,973,90,90
msg,2,8,918,9359,981,90,90
msg,2,9,925,16488,979,90,90
msg,2,10,914,4047,981,90,90
msg,2,11,923,3767,973,90,90
msg,2,12,1038,3888,980,90,90
msg,2,13,921,12713,1025,90,90
msg,2,14,922,5177,976,90,90
msg,2,15,919,4036,978,90,90
msg,2,16,925,5382,992,90,90
msg,2,17,895,3987,991,90,90
msg,2,18,901,3823,975,90,90
msg,2,19,915,4622,977,90,90
msg,2,20,915,4605,974,90,90
msg,2,21,916,17659,981,90,90
msg,2,22,892,5832,980,90,90
msg,2,23,913,4422,1060,90,90
msg,2,24,917,3868,975,90,90
msg,2,25,923,17293,981,90,90
msg,2,26,921,18049,985,90,90
msg,2,27,915,4025,976,90,90
msg,2,28,912,3833,984,90,90
msg,2,29,922,4002,986,90,90
msg,2,30,915,4035,987,90,90
msg,2,31,896,16222,981,90,90
msg,2,32,918,4447,978,90,90
msg,2,33,1035,5165,972,90,90
msg,2,34,929,3861,973,90,90
msg,2,35,916,17647,977,90,90
msg,2,36,926,3925,978,90,90
msg,2,37,915,3931,1034,90,90
msg,2,38,912,4607,980,90,90
msg,2,39,920,3883,982,90,90
msg,2,40,921,3854,982,90,90
msg,2,41,982,3802,980,90,90
msg,2,42,916,4311,987,90,90
msg,2,43,918,17993,983,90,90
msg,2,44,922,4185,970,90,90
msg,2,45,919,3862,978,90,90
msg,2,46,901,4431,976,90,90
msg,2,47,917,6291,977,90,90
msg,2,48,917,13180,983,90,90
msg,2,49,919,4216,1033,90,90
msg,2,50,924,3668,971,90,90
msg,2,51,921,3982,973,90,90
msg,2,52,921,4512,978,90,90
msg,2,53,919,3761,982,90,90
msg,2,54,914,3804,981,90,90
msg,2,55,917,4889,982,90,90
msg,2,56,918,18307,981,90,90
msg,2,57,923,4347,986,90,90
msg,2,58,915,3845,973,90,90
msg,2,59,922,3835,974,90,90
msg,2,60,927,22237,1012,90,90
msg,2,61,923,4076,978,90,90
msg,2,62,929,3911,976,90,90
msg,2,63,908,3871,977,90,90
msg,2,64,916,4683,973,90,90
msg,2,65,921,3597,976,90,90
msg,2,66,915,3855,981,90,90
msg,2,67,914,17134,975,90,90
msg,2,68,892,5212,980,90,90
msg,2,69,924,4939,980,90,90
msg,2,70,919,3868,981,90,90
msg,2,71,919,18086,979,90,90
msg,2,72,926,4101,999,90,90
msg,2,73,926,3810,979,90,90
msg,2,74,918,3827,975,90,90
msg,2,75,917,3840,982,90,90
msg,2,76,917,4074,976,90,90
msg,2,77,918,3763,981,90,90
msg,2,78,914,5253,979,90,90
msg,2,79,925,16968,1028,90,90
msg,2,80,919,4366,986,90,90
msg,2,81,923,4563,986,90,90
msg,2,82,921,3947,975,90,90
msg,2,83,920,17838,980,90,90
msg,2,84,916,4664,977,90,90
msg,2,85,923,3916,975,90,90
msg,2,86,915,3585,972,90,90
msg,2,87,892,3743,984,90,90
msg,2,88,917,4284,971,90,90
msg,2,89,917,3821,972,90,90
msg,2,90,919,4022,1028,90,90
msg,2,91,919,3873,970,90,90
msg,2,92,919,16183,985,90,90
msg,2,93,922,6788,978,90,90
msg,2,94,914,6865,973,90,90
msg,2,95,914,15854,969,90,90
msg,2,96,936,4407,989,90,90
msg,2,97,917,3711,981,90,90
msg,2,98,918,3827,975,90,90
msg,2,99,922,3981,983,90,90
msg,2,100,921,4085,969,90,90
msg,2,101,915,4068,977,90,90
msg,2,102,917,5087,974,90,90
msg,2,103,920,16970,988,90,90
msg,2,104,925,8338,972,90,90
msg,2,105,922,5546,979,90,90
msg,2,106,914,7303,975,90,90
msg,2,107,921,9640,977,90,90
msg,2,108,915,4889,979,90,90
msg,2,109,923,3699,977,90,90
msg,2,110,922,4209,983,90,90
msg,2,111,919,3850,982,90,90
msg,2,112,919,4489,980,90,90
msg,2,113,923,3816,981,90,90
msg,2,114,988,4295,979,90,90
msg,2,115,922,17326,964,90,90
msg,2,116,924,4686,975,90,90
msg,2,117,924,4596,982,90,90
msg,2,118,986,21181,980,90,90
msg,2,119,920,4551,970,90,90
msg,2,120,912,3764,977,90,90
msg,2,121,922,3690,1028,90,90
msg,2,122,924,3681,981,90,90
msg,2,123,923,3690,979,90,90
msg,2,124,924,3686,976,90,90
msg,2,125,918,6523,983,90,90
msg,2,126,891,3733,981,90,90
msg,2,127,921,16445,983,90,90
msg,2,128,917,4491,986,90,90
msg,2,129,918,4265,974,90,90
msg,2,130,921,9516,982,90,90
msg,2,131,924,9958,984,90,90
msg,2,132,923,4701,984,90,90
msg,2,133,924,4019,982,90,90
msg,2,134,918,4178,978,90,90
msg,2,135,925,3856,979,90,90
msg,2,136,922,3879,1037,90,90
msg,2,137,926,4061,978,90,90
msg,2,138,896,3890,981,90,90
msg,2,139,914,17667,985,90,90
msg,2,140,925,4088,973,90,90
msg,2,141,925,3893,981,90,90
msg,2,142,922,3930,985,90,90
msg,2,143,922,7149,981,90,90
msg,2,144,902,13203,982,90,90
msg,2,145,915,5671,1031,90,90
msg,2,146,919,5929,977,90,90
msg,2,147,921,3768,975,90,90
msg,2,148,925,3684,1037,90,90
msg,2,149,926,6350,960,90,90
msg,2,150,914,3890,974,90,90
msg,2,151,1025,15678,978,90,90
msg,2,152,893,4360,980,90,90
msg,2,153,977,3691,975,90,90
msg,2,154,919,3640,978,90,90
msg,2,155,916,17172,962,90,90
msg,2,156,917,4428,979,90,90
msg,2,157,920,4515,975,90,90
msg,2,158,922,5976,977,90,90
msg,2,159,925,3907,972,90,90
msg,2,160,914,3635,983,90,90
msg,2,161,925,3698,1345,90,90
msg,2,162,921,3938,974,90,90
msg,2,163,925,3646,1076,90,90
msg,2,164,927,12675,984,90,90
msg,2,165,923,4798,984,90,90
msg,2,166,925,3978,978,90,90
msg,2,167,923,5325,984,90,90
msg,2,168,886,16620,982,90,90
msg,2,169,916,3907,1030,90,90
msg,2,170,927,3658,980,90,90
msg,2,171,919,5235,986,90,90
msg,2,172,923,3667,979,90,90
msg,2,173,985,3776,982,90,90
msg,2,174,923,4459,980,90,90
msg,2,175,922,3888,975,90,90
msg,2,176,919,17557,981,90,90
msg,2,177,928,4135,979,90,90
msg,2,178,916,3634,988,90,90
msg,2,179,922,3779,975,90,90
msg,2,180,923,17077,974,90,90
msg,2,181,915,4186,1037,90,90
msg,2,182,923,3981,977,90,90
msg,2,183,925,4051,974,90,90
msg,2,184,921,3768,981,90,90
msg,2,185,986,4632,982,90,90
msg,2,186,923,5402,978,90,90
msg,2,187,896,4366,975,90,90
msg,2,188,1045,18186,1031,90,90
msg,2,189,922,3864,975,90,90
msg,2,190,921,5065,981,90,90
msg,2,191,924,4472,982,90,90
msg,2,192,923,17713,972,90,90
msg,2,193,914,4964,974,90,90
msg,2,194,917,4514,986,90,90
msg,2,195,926,3715,1033,90,90
msg,2,196,920,3691,983,90,90
msg,2,197,917,4158,978,90,90
msg,2,198,922,4574,980,90,90
msg,2,199,976,4892,981,90,90
whole,2,22.912,1724.009,200
#stack 2368
#end
#block pipeline plain lorawan11_256 down
#aead AES-256-CTR+2xCMAC (LoRaWAN 1.1 frame, 256-bit keys) (BearSSL (arduino-pico)), downlink, 51 B payload + 13 B overhead
#lib none (plain MQTT)
iter,tcp_ms,tls_ms,mqtt_ms,total_ms,hs_tx_B,hs_rx_B,mqtt_tx_B,mqtt_rx_B,hs_writes,hs_reads,writes,reads,free_heap_B,hs_keygen_us,hs_derive_us,hs_verify_us,hs_sign_us,hs_keygen_n,hs_derive_n,hs_verify_n,hs_sign_n
msg,iter,idx,seal_us,rtt_us,open_us,tx_B,rx_B
whole,iter,first_ms,all_ms,msgs
0,4.6900,0.0030,5.7470,10.4400,0,0,23,4,0,0,1,1,169356,0.0,0.0,0.0,0.0,0,0,0,0
msg,0,0,681,16369,636,90,90
msg,0,1,582,3752,610,90,90
msg,0,2,556,5588,620,90,90
msg,0,3,562,7011,676,90,90
msg,0,4,536,4357,606,90,90
msg,0,5,567,4102,626,90,90
msg,0,6,543,6462,613,90,90
msg,0,7,598,4513,611,90,90
msg,0,8,539,16376,624,90,90
msg,0,9,566,5743,608,90,90
msg,0,10,564,4067,620,90,90
msg,0,11,543,3979,623,90,90
msg,0,12,561,18103,684,90,90
msg,0,13,541,4926,617,90,90
msg,0,14,545,5821,626,90,90
msg,0,15,564,4344,631,90,90
msg,0,16,599,4052,623,90,90
msg,0,17,567,3734,619,90,90
msg,0,18,566,3714,613,90,90
msg,0,19,563,4771,609,90,90
msg,0,20,567,3884,623,90,90
msg,0,21,535,18317,611,90,90
msg,0,22,559,4212,630,90,90
msg,0,23,539,3754,633,90,90
msg,0,24,567,3808,624,90,90
msg,0,25,564,9127,613,90,90
msg,0,26,543,16710,625,90,90
msg,0,27,550,5131,624,90,90
msg,0,28,560,4657,625,90,90
msg,0,29,562,4874,613,90,90
msg,0,30,571,3517,623,90,90
msg,0,31,564,3480,639,90,90
msg,0,32,568,4591,629,90,90
msg,0,33,567,4162,605,90,90
msg,0,34,542,15622,614,90,90
msg,0,35,539,3667,608,90,90
msg,0,36,533,4081,689,90,90
msg,0,37,565,3615,629,90,90
msg,0,38,573,3825,624,90,90
msg,0,39,564,17374,628,90,90
msg,0,40,546,4390,606,90,90
msg,0,41,537,3678,607,90,90
msg,0,42,540,6561,610,90,90
msg,0,43,536,6192,631,90,90
msg,0,44,558,3724,616,90,90
msg,0,45,560,3988,614,90,90
msg,0,46,538,4509,612,90,90
msg,0,47,554,4209,631,90,90
msg,0,48,545,17082,604,90,90
msg,0,49,565,3926,610,90,90
msg,0,50,544,5639,605,90,90
msg,0,51,550,10219,635,90,90
msg,0,52,568,10552,631,90,90
msg,0,53,562,4945,608,90,90
msg,0,54,568,3938,611,90,90
msg,0,55,542,4478,609,90,90
msg,0,56,566,4287,628,90,90
msg,0,57,564,4986,609,90,90
msg,0,58,563,4226,623,90,90
msg,0,59,562,4765,627,90,90
msg,0,60,569,3902,617,90,90
msg,0,61,570,15346,619,90,90
msg,0,62,565,4282,621,90,90
msg,0,63,539,3847,624,90,90
msg,0,64,542,4458,644,90,90
msg,0,65,537,18970,620,90,90
msg,0,66,568,5159,606,90,90
msg,0,67,544,5269,622,90,90
msg,0,68,555,5053,611,90,90
msg,0,69,535,4139,631,90,90
msg,0,70,569,4689,681,90,90
msg,0,71,560,3955,606,90,90
msg,0,72,563,3551,606,90,90
msg,0,73,569,3942,614,90,90
msg,0,74,542,17320,606,90,90
msg,0,75,564,5655,610,90,90
msg,0,76,561,4381,619,90,90
msg,0,77,563,4084,606,90,90
msg,0,78,566,17124,634,90,90
msg,0,79,562,5566,620,90,90
msg,0,80,542,4109,611,90,90
msg,0,81,568,3870,611,90,90
msg,0,82,546,4219,630,90,90
msg,0,83,565,4247,681,90,90
msg,0,84,541,3731,624,90,90
msg,0,85,530,3611,630,90,90
msg,0,86,537,3924,620,90,90
msg,0,87,566,3662,622,90,90
msg,0,88,561,15177,610,90,90
msg,0,89,545,4330,623,90,90
msg,0,90,571,6081,608,90,90
msg,0,91,548,5333,612,90,90
msg,0,92,563,15415,631,90,90
msg,0,93,570,6546,623,90,90
msg,0,94,566,4518,627,90,90
msg,0,95,540,5769,632,90,90
msg,0,96,565,3905,628,90,90
msg,0,97,577,3680,609,90,90
msg,0,98,560,3532,617,90,90
msg,0,99,567,3723,617,90,90
msg,0,100,564,3610,626,90,90
msg,0,101,566,3675,618,90,90
msg,0,102,563,13506,629,90,90
msg,0,103,574,5458,625,90,90
msg,0,104,539,5817,623,90,90
msg,0,105,563,5030,682,90,90
msg,0,106,535,17423,613,90,90
msg,0,107,575,3936,610,90,90
msg,0,108,539,4383,610,90,90
msg,0,109,556,4734,608,90,90
msg,0,110,561,4093,619,90,90
msg,0,111,537,4417,604,90,90
msg,0,112,535,4210,625,90,90
msg,0,113,566,3752,620,90,90
msg,0,114,561,4233,627,90,90
msg,0,115,539,16950,625,90,90
msg,0,116,566,4399,631,90,90
msg,0,117,543,4933,624,90,90
msg,0,118,569,3558,635,90,90
msg,0,119,567,4114,608,90,90
msg,0,120,540,13140,632,90,90
msg,0,121,563,7659,625,90,90
msg,0,122,571,5511,629,90,90
msg,0,123,537,3842,626,90,90
msg,0,124,576,4466,631,90,90
msg,0,125,565,3834,619,90,90
msg,0,126,566,5996,612,90,90
msg,0,127,537,3970,624,90,90
msg,0,128,543,4985,626,90,90
msg,0,129,565,15329,633,90,90
msg,0,130,546,3921,628,90,90
msg,0,131,569,5110,606,90,90
msg,0,132,531,4597,612,90,90
msg,0,133,547,15398,623,90,90
msg,0,134,567,7912,608,90,90
msg,0,135,542,3657,614,90,90
msg,0,136,534,3834,624,90,90
msg,0,137,540,3749,628,90,90
msg,0,138,539,3846,632,90,90
msg,0,139,561,3995,608,90,90
msg,0,140,564,4341,623,90,90
msg,0,141,568,4398,633,90,90
msg,0,142,545,17430,610,90,90
msg,0,143,535,6363,622,90,90
msg,0,144,565,5435,630,90,90
msg,0,145,563,20936,651,90,90
msg,0,146,565,5466,621,90,90
msg,0,147,559,5556,622,90,90
msg,0,148,563,3669,623,90,90
msg,0,149,562,3990,608,90,90
msg,0,150,564,3885,624,90,90
msg,0,151,536,3678,624,90,90
msg,0,152,544,4041,682,90,90
msg,0,153,567,3906,611,90,90
msg,0,154,566,4387,620,90,90
msg,0,155,564,15989,608,90,90
msg,0,156,541,3995,624,90,90
msg,0,157,536,4025,622,90,90
msg,0,158,556,3857,609,90,90
msg,0,159,566,7431,622,90,90
msg,0,160,561,10737,608,90,90
msg,0,161,563,7755,611,90,90
msg,0,162,1008,3917,623,90,90
msg,0,163,567,3898,613,90,90
msg,0,164,566,3857,611,90,90
msg,0,165,541,3538,668,90,90
msg,0,166,537,3852,624,90,90
msg,0,167,545,3619,604,90,90
msg,0,168,542,3816,627,90,90
msg,0,169,543,15994,625,90,90
msg,0,170,565,4126,609,90,90
msg,0,171,535,3957,627,90,90
msg,0,172,541,3770,627,90,90
msg,0,173,565,3582,625,90,90
msg,0,174,533,18775,631,90,90
msg,0,175,567,5973,612,90,90
msg,0,176,631,3939,624,90,90
msg,0,177,540,3838,629,90,90
msg,0,178,546,3837,624,90,90
msg,0,179,560,3992,662,90,90
msg,0,180,565,5070,623,90,90
msg,0,181,537,3648,619,90,90
msg,0,182,536,3828,632,90,90
msg,0,183,565,15197,614,90,90
msg,0,184,538,3895,631,90,90
msg,0,185,641,3632,631,90,90
msg,0,186,542,3667,623,90,90
msg,0,187,543,4274,611,90,90
msg,0,188,543,18618,611,90,90
msg,0,189,569,4091,676,90,90
msg,0,190,568,4452,624,90,90
msg,0,191,536,5443,607,90,90
msg,0,192,541,6057,680,90,90
msg,0,193,564,4062,609,90,90
msg,0,194,567,4495,622,90,90
msg,0,195,562,3857,611,90,90
msg,0,196,567,17876,624,90,90
msg,0,197,540,5146,624,90,90
msg,0,198,567,3857,609,90,90
msg,0,199,568,3847,610,90,90
whole,0,34.236,1547.873,200
1,13.3920,0.0030,9.2150,22.6100,0,0,23,4,0,0,1,1,169356,0.0,0.0,0.0,0.0,0,0,0,0
msg,1,0,664,4311,613,90,90
msg,1,1,570,4548,607,90,90
msg,1,2,566,4197,629,90,90
msg,1,3,541,4725,624,90,90
msg,1,4,535,5005,621,90,90
msg,1,5,560,13535,622,90,90
msg,1,6,566,4054,610,90,90
msg,1,7,539,4259,626,90,90
msg,1,8,559,4103,609,90,90
msg,1,9,544,3828,684,90,90
msg,1,10,539,18013,619,90,90
msg,1,11,574,7293,628,90,90
msg,1,12,537,3906,621,90,90
msg,1,13,562,4168,624,90,90
msg,1,14,602,4115,628,90,90
msg,1,15,563,4281,621,90,90
msg,1,16,531,4668,626,90,90
msg,1,17,544,5270,611,90,90
msg,1,18,570,16429,625,90,90
msg,1,19,556,4268,629,90,90
msg,1,20,541,4162,612,90,90
msg,1,21,568,3934,611,90,90
msg,1,22,543,3877,618,90,90
msg,1,23,538,16839,638,90,90
msg,1,24,568,5429,627,90,90
msg,1,25,533,4612,620,90,90
msg,1,26,540,7996,626,90,90
msg,1,27,561,4395,625,90,90
msg,1,28,543,5292,604,90,90
msg,1,29,554,3904,622,90,90
msg,1,30,539,4295,609,90,90
msg,1,31,562,15730,607,90,90
msg,1,32,571,4643,604,90,90
msg,1,33,571,3574,610,90,90
msg,1,34,567,536372,656,90,90
msg,1,35,574,4743,625,90,90
msg,1,36,573,5348,626,90,90
msg,1,37,543,5440,619,90,90
msg,1,38,539,3812,627,90,90
msg,1,39,541,4077,615,90,90
msg,1,40,565,4017,609,90,90
msg,1,41,535,3525,616,90,90
msg,1,42,569,4126,632,90,90
msg,1,43,568,3875,628,90,90
msg,1,44,561,16123,624,90,90
msg,1,45,534,4807,625,90,90
msg,1,46,546,4147,610,90,90
msg,1,47,560,4040,631,90,90
msg,1,48,537,15696,623,90,90
msg,1,49,540,5190,623,90,90
msg,1,50,557,3751,610,90,90
msg,1,51,569,4575,608,90,90
msg,1,52,563,8855,608,90,90
msg,1,53,565,3597,606,90,90
msg,1,54,586,3824,622,90,90
msg,1,55,563,5075,605,90,90
msg,1,56,682,3548,607,90,90
msg,1,57,567,17506,610,90,90
msg,1,58,564,3746,608,90,90
msg,1,59,561,3939,623,90,90
msg,1,60,546,4675,679,90,90
msg,1,61,541,6253,611,90,90
msg,1,62,564,15659,609,90,90
msg,1,63,565,6422,625,90,90
msg,1,64,561,3949,608,90,90
msg,1,65,558,7044,626,90,90
msg,1,66,538,4288,609,90,90
msg,1,67,553,3890,624,90,90
msg,1,68,538,3875,629,90,90
msg,1,69,542,4090,612,90,90
msg,1,70,562,18556,626,90,90
msg,1,71,564,3937,609,90,90
msg,1,72,542,3815,627,90,90
msg,1,73,544,3651,620,90,90
msg,1,74,545,17990,632,90,90
msg,1,75,563,3902,617,90,90
msg,1,76,561,4588,617,90,90
msg,1,77,557,3748,611,90,90
msg,1,78,562,3927,609,90,90
msg,1,79,543,4509,610,90,90
msg,1,80,573,7161,620,90,90
msg,1,81,542,4199,615,90,90
msg,1,82,568,3941,619,90,90
msg,1,83,540,17903,632,90,90
msg,1,84,563,3867,626,90,90
msg,1,85,566,3856,622,90,90
msg,1,86,572,3874,623,90,90
msg,1,87,538,16227,620,90,90
msg,1,88,561,4989,614,90,90
msg,1,89,541,3890,630,90,90
msg,1,90,542,3566,673,90,90
msg,1,91,537,3868,631,90,90
msg,1,92,563,3544,624,90,90
msg,1,93,543,3808,623,90,90
msg,1,94,567,3593,615,90,90
msg,1,95,560,4422,621,90,90
msg,1,96,547,3901,625,90,90
msg,1,97,564,16378,621,90,90
msg,1,98,543,4492,606,90,90
msg,1,99,542,3801,626,90,90
msg,1,100,549,4294,607,90,90
msg,1,101,559,4566,618,90,90
msg,1,102,566,16262,625,90,90
msg,1,103,534,4033,619,90,90
msg,1,104,569,3804,603,90,90
msg,1,105,570,3850,613,90,90
msg,1,106,548,3743,618,90,90
msg,1,107,543,3742,623,90,90
msg,1,108,538,3676,621,90,90
msg,1,109,536,6027,625,90,90
msg,1,110,566,5536,626,90,90
msg,1,111,566,15615,630,90,90
msg,1,112,564,4301,610,90,90
msg,1,113,545,3770,621,90,90
msg,1,114,538,4036,626,90,90
msg,1,115,561,4574,629,90,90
msg,1,116,565,16283,624,90,90
msg,1,117,540,4032,622,90,90
msg,1,118,569,4637,622,90,90
msg,1,119,565,3831,615,90,90
msg,1,120,566,3586,627,90,90
msg,1,121,558,4140,626,90,90
msg,1,122,538,4078,634,90,90
msg,1,123,563,6859,607,90,90
msg,1,124,567,5678,611,90,90
msg,1,125,568,13925,604,90,90
msg,1,126,543,3846,629,90,90
msg,1,127,543,4930,628,90,90
msg,1,128,566,4176,606,90,90
msg,1,129,545,18116,623,90,90
msg,1,130,564,5604,629,90,90
msg,1,131,561,4237,612,90,90
msg,1,132,543,6529,611,90,90
msg,1,133,538,4274,627,90,90
msg,1,134,565,4344,627,90,90
msg,1,135,535,4338,604,90,90
msg,1,136,562,3883,621,90,90
msg,1,137,540,4474,609,90,90
msg,1,138,536,15699,615,90,90
msg,1,139,544,4330,671,90,90
msg,1,140,565,3838,611,90,90
msg,1,141,566,3761,607,90,90
msg,1,142,532,4008,618,90,90
msg,1,143,542,17480,631,90,90
msg,1,144,538,3898,625,90,90
msg,1,145,574,4237,612,90,90
msg,1,146,530,3605,605,90,90
msg,1,147,533,3902,630,90,90
msg,1,148,537,4204,609,90,90
msg,1,149,563,3482,621,90,90
msg,1,150,561,4160,621,90,90
msg,1,151,537,4046,625,90,90
msg,1,152,560,18503,625,90,90
msg,1,153,1003,4273,634,90,90
msg,1,154,566,3662,628,90,90
msg,1,155,568,3765,622,90,90
msg,1,156,566,3739,676,90,90
msg,1,157,558,17061,619,90,90
msg,1,158,534,4919,626,90,90
msg,1,159,567,3502,627,90,90
msg,1,160,540,3968,622,90,90
msg,1,161,560,3886,656,90,90
msg,1,162,571,4350,626,90,90
msg,1,163,565,3709,615,90,90
msg,1,164,559,3903,602,90,90
msg,1,165,570,3655,607,90,90
msg,1,166,634,3880,628,90,90
msg,1,167,544,13286,616,90,90
msg,1,168,620,3737,611,90,90
msg,1,169,538,3603,609,90,90
msg,1,170,569,3556,609,90,90
msg,1,171,565,3950,628,90,90
msg,1,172,610,17130,621,90,90
msg,1,173,561,3808,607,90,90
msg,1,174,564,3739,611,90,90
msg,1,175,562,3955,631,90,90
msg,1,176,548,4200,611,90,90
msg,1,177,666,3576,610,90,90
msg,1,178,567,3813,610,90,90
msg,1,179,536,4662,612,90,90
msg,1,180,535,3800,610,90,90
msg,1,181,539,3989,619,90,90
msg,1,182,562,17360,602,90,90
msg,1,183,541,4069,627,90,90
msg,1,184,568,3532,623,90,90
msg,1,185,567,5404,621,90,90
msg,1,186,534,18382,612,90,90
msg,1,187,562,5584,621,90,90
msg,1,188,565,5417,626,90,90
msg,1,189,568,3580,630,90,90
msg,1,190,557,4076,607,90,90
msg,1,191,545,3622,609,90,90
msg,1,192,537,5615,604,90,90
msg,1,193,562,4128,623,90,90
msg,1,194,541,3921,626,90,90
msg,1,195,558,14388,631,90,90
msg,1,196,542,4250,612,90,90
msg,1,197,533,3848,624,90,90
msg,1,198,545,4003,621,90,90
msg,1,199,561,3589,626,90,90
whole,1,36.685,2042.457,200
2,6.4040,0.0030,5.7420,12.1490,0,0,23,4,0,0,1,1,169356,0.0,0.0,0.0,0.0,0,0,0,0
msg,2,0,687,3862,635,90,90
msg,2,1,546,4814,623,90,90
msg,2,2,536,3923,628,90,90
msg,2,3,569,4012,602,90,90
msg,2,4,539,3593,613,90,90
msg,2,5,563,16131,621,90,90
msg,2,6,540,3700,624,90,90
msg,2,7,539,3868,621,90,90
msg,2,8,558,7137,604,90,90
msg,2,9,547,16226,628,90,90
msg,2,10,560,5538,622,90,90
msg,2,11,560,4954,610,90,90
msg,2,12,570,4874,608,90,90
msg,2,13,546,4685,607,90,90
msg,2,14,547,3664,608,90,90
msg,2,15,541,3849,624,90,90
msg,2,16,538,4038,618,90,90
msg,2,17,565,3762,612,90,90
msg,2,18,567,3782,610,90,90
msg,2,19,566,13737,618,90,90
msg,2,20,544,3625,615,90,90
msg,2,21,537,5076,628,90,90
msg,2,22,533,5740,628,90,90
msg,2,23,562,16861,615,90,90
msg,2,24,568,10918,663,90,90
msg,2,25,543,5874,638,90,90
msg,2,26,532,7841,628,90,90
msg,2,27,543,4548,624,90,90
msg,2,28,540,4974,618,90,90
msg,2,29,566,3942,606,90,90
msg,2,30,561,17825,610,90,90
msg,2,31,539,4595,610,90,90
msg,2,32,538,3822,606,90,90
msg,2,33,542,4807,621,90,90
msg,2,34,532,8697,621,90,90
msg,2,35,543,17482,610,90,90
msg,2,36,543,4305,624,90,90
msg,2,37,570,3730,606,90,90
msg,2,38,570,3644,605,90,90
msg,2,39,567,3982,619,90,90
msg,2,40,542,3868,630,90,90
msg,2,41,541,3671,622,90,90
msg,2,42,541,4628,625,90,90
msg,2,43,537,17471,607,90,90
msg,2,44,544,4817,672,90,90
msg,2,45,543,3903,622,90,90
msg,2,46,567,3968,604,90,90
msg,2,47,566,4107,619,90,90
msg,2,48,540,16389,616,90,90
msg,2,49,535,10378,629,90,90
msg,2,50,569,5308,631,90,90
msg,2,51,571,4481,623,90,90
msg,2,52,537,3876,625,90,90
msg,2,53,560,5489,621,90,90
msg,2,54,541,4673,634,90,90
msg,2,55,538,3952,624,90,90
msg,2,56,563,16994,612,90,90
msg,2,57,544,3969,635,90,90
msg,2,58,537,4467,603,90,90
msg,2,59,535,4350,604,90,90
msg,2,60,564,17912,613,90,90
msg,2,61,543,6310,616,90,90
msg,2,62,568,3823,606,90,90
msg,2,63,557,3988,620,90,90
msg,2,64,544,3596,608,90,90
msg,2,65,548,4361,608,90,90
msg,2,66,570,3758,607,90,90
msg,2,67,563,3563,608,90,90
msg,2,68,559,3943,672,90,90
msg,2,69,535,17178,621,90,90
msg,2,70,556,3816,611,90,90
msg,2,71,560,4208,622,90,90
msg,2,72,539,3962,623,90,90
msg,2,73,560,19626,616,90,90
msg,2,74,560,5483,633,90,90
msg,2,75,568,4290,623,90,90
msg,2,76,546,5238,608,90,90
msg,2,77,563,5176,622,90,90
msg,2,78,536,5208,603,90,90
msg,2,79,565,8207,620,90,90
msg,2,80,1010,6899,613,90,90
msg,2,81,551,16239,622,90,90
msg,2,82,565,3629,625,90,90
msg,2,83,564,5148,614,90,90
msg,2,84,542,4423,608,90,90
msg,2,85,577,6184,622,90,90
msg,2,86,562,13778,632,90,90
msg,2,87,566,3734,626,90,90
msg,2,88,565,3916,606,90,90
msg,2,89,542,3585,609,90,90
msg,2,90,574,3833,608,90,90
msg,2,91,546,4126,622,90,90
msg,2,92,555,5955,612,90,90
msg,2,93,568,3661,611,90,90
msg,2,94,565,20092,629,90,90
msg,2,95,544,4497,609,90,90
msg,2,96,538,4025,624,90,90
msg,2,97,566,3972,608,90,90
msg,2,98,564,3667,608,90,90
msg,2,99,574,13470,628,90,90
msg,2,100,564,6354,630,90,90
msg,2,101,566,5214,609,90,90
msg,2,102,547,3781,626,90,90
msg,2,103,599,3908,623,90,90
msg,2,104,564,3817,616,90,90
msg,2,105,575,4179,626,90,90
msg,2,106,542,3705,672,90,90
msg,2,107,544,3971,623,90,90
msg,2,108,564,4204,622,90,90
msg,2,109,544,16669,627,90,90
msg,2,110,545,4496,608,90,90
msg,2,111,542,3816,675,90,90
msg,2,112,542,3987,622,90,90
msg,2,113,565,15589,628,90,90
msg,2,114,560,4854,619,90,90
msg,2,115,564,4718,607,90,90
msg,2,116,571,4048,616,90,90
msg,2,117,545,3530,610,90,90
msg,2,118,539,4473,607,90,90
msg,2,119,573,3817,608,90,90
msg,2,120,539,4216,624,90,90
msg,2,121,561,3992,611,90,90
msg,2,122,560,3679,611,90,90
msg,2,123,538,18257,624,90,90
msg,2,124,561,4517,623,90,90
msg,2,125,552,5255,608,90,90
msg,2,126,543,3678,612,90,90
msg,2,127,545,19180,627,90,90
msg,2,128,564,3609,618,90,90
msg,2,129,567,3870,671,90,90
msg,2,130,574,3820,604,90,90
msg,2,131,539,3789,609,90,90
msg,2,132,546,3516,609,90,90
msg,2,133,538,3547,659,90,90
msg,2,134,568,4330,629,90,90
msg,2,135,564,4034,609,90,90
msg,2,136,566,17779,604,90,90
msg,2,137,540,4661,609,90,90
msg,2,138,540,5183,631,90,90
msg,2,139,568,4592,622,90,90
msg,2,140,567,16913,611,90,90
msg,2,141,566,5936,607,90,90
msg,2,142,542,4419,662,90,90
msg,2,143,564,4555,606,90,90
msg,2,144,569,3717,609,90,90
msg,2,145,576,3751,600,90,90
msg,2,146,550,3803,616,90,90
msg,2,147,542,4370,609,90,90
msg,2,148,558,3815,610,90,90
msg,2,149,536,3841,683,90,90
msg,2,150,547,17112,616,90,90
msg,2,151,558,4281,622,90,90
msg,2,152,541,3770,630,90,90
msg,2,153,542,3809,623,90,90
msg,2,154,565,16252,626,90,90
msg,2,155,539,5099,624,90,90
msg,2,156,561,4677,623,90,90
msg,2,157,564,4186,622,90,90
msg,2,158,535,3654,624,90,90
msg,2,159,544,4008,621,90,90
msg,2,160,563,3724,636,90,90
msg,2,161,570,3596,622,90,90
msg,2,162,568,4104,606,90,90
msg,2,163,534,3718,608,90,90
msg,2,164,542,15161,624,90,90
msg,2,165,557,6034,613,90,90
msg,2,166,569,7068,620,90,90
msg,2,167,540,4920,633,90,90
msg,2,168,566,16147,613,90,90
msg,2,169,542,4857,633,90,90
msg,2,170,545,4635,628,90,90
msg,2,171,542,4328,610,90,90
msg,2,172,565,3917,621,90,90
msg,2,173,544,3952,626,90,90
msg,2,174,570,3428,626,90,90
msg,2,175,542,3821,626,90,90
msg,2,176,564,4855,628,90,90
msg,2,177,628,16717,609,90,90
msg,2,178,570,4493,615,90,90
msg,2,179,566,3845,613,90,90
msg,2,180,562,3726,611,90,90
msg,2,181,563,9922,628,90,90
msg,2,182,545,10896,626,90,90
msg,2,183,570,5936,623,90,90
msg,2,184,563,3811,608,90,90
msg,2,185,565,3651,610,90,90
msg,2,186,568,3836,664,90,90
msg,2,187,550,4412,609,90,90
msg,2,188,572,4554,615,90,90
msg,2,189,569,3802,606,90,90
msg,2,190,565,4008,629,90,90
msg,2,191,544,16491,671,90,90
msg,2,192,535,3572,613,90,90
msg,2,193,546,4060,631,90,90
msg,2,194,561,4230,604,90,90
msg,2,195,549,19569,609,90,90
msg,2,196,534,5073,619,90,90
msg,2,197,545,3863,626,90,90
msg,2,198,561,4337,622,90,90
msg,2,199,547,4130,685,90,90
whole,2,23.380,1556.133,200
#stack 2288
#end
#block pipeline TLS lorawan11 up
#aead LoRaWAN-1.1 AES-128-CTR+2xCMAC (BearSSL (arduino-pico)), uplink, 51 B payload + 13 B overhead
#lib wolfSSL 5.9.4
iter,tcp_ms,tls_ms,mqtt_ms,total_ms,hs_tx_B,hs_rx_B,mqtt_tx_B,mqtt_rx_B,hs_writes,hs_reads,writes,reads,free_heap_B,hs_keygen_us,hs_derive_us,hs_verify_us,hs_sign_us,hs_keygen_n,hs_derive_n,hs_verify_n,hs_sign_n
msg,iter,idx,seal_us,rtt_us,open_us,tx_B,rx_B
whole,iter,first_ms,all_ms,msgs
#suite TLS13-AES256-GCM-SHA384
0,21.5590,295.3630,16.4040,333.3260,1393,7780,45,568,2,12,3,18,167060,66523.0,70334.0,58327.0,0.0,2,2,2,0
msg,0,0,861,18514,824,112,112
msg,0,1,667,7193,823,112,112
msg,0,2,683,5807,859,112,112
msg,0,3,729,5996,850,112,112
msg,0,4,699,5579,858,112,112
msg,0,5,680,6639,851,112,112
msg,0,6,702,5479,850,112,112
msg,0,7,704,19571,847,112,112
msg,0,8,664,6605,923,112,112
msg,0,9,701,5718,854,112,112
msg,0,10,699,18678,852,112,112
msg,0,11,768,7060,858,112,112
msg,0,12,715,6264,857,112,112
msg,0,13,712,5783,849,112,112
msg,0,14,704,7676,852,112,112
msg,0,15,700,5563,819,112,112
msg,0,16,676,18931,857,112,112
msg,0,17,704,5693,844,112,112
msg,0,18,670,5611,855,112,112
msg,0,19,699,19961,845,112,112
msg,0,20,706,6931,852,112,112
msg,0,21,675,5541,852,112,112
msg,0,22,707,5497,851,112,112
msg,0,23,702,5588,849,112,112
msg,0,24,677,5813,855,112,112
msg,0,25,708,6077,853,112,112
msg,0,26,706,17490,848,112,112
msg,0,27,702,5773,818,112,112
msg,0,28,677,5549,850,112,112
msg,0,29,702,5473,854,112,112
msg,0,30,698,15150,858,112,112
msg,0,31,698,5653,949,112,112
msg,0,32,671,5897,858,112,112
msg,0,33,698,6752,849,112,112
msg,0,34,706,9211,845,112,112
msg,0,35,701,8832,855,112,112
msg,0,36,1325,18832,900,112,112
msg,0,37,684,6166,820,112,112
msg,0,38,676,5464,842,112,112
msg,0,39,705,19050,823,112,112
msg,0,40,675,6315,821,112,112
msg,0,41,671,6107,849,112,112
msg,0,42,671,5500,850,112,112
msg,0,43,676,5723,855,112,112
msg,0,44,694,6113,849,112,112
msg,0,45,700,5720,817,112,112
msg,0,46,673,15506,848,112,112
msg,0,47,706,5809,856,112,112
msg,0,48,690,6041,857,112,112
msg,0,49,697,18637,824,112,112
msg,0,50,673,6088,851,112,112
msg,0,51,671,6662,850,112,112
msg,0,52,702,5700,852,112,112
msg,0,53,699,5765,851,112,112
msg,0,54,695,6402,850,112,112
msg,0,55,700,5671,850,112,112
msg,0,56,671,17116,925,112,112
msg,0,57,675,5605,854,112,112
msg,0,58,701,8508,856,112,112
msg,0,59,706,19748,959,112,112
msg,0,60,672,6401,845,112,112
msg,0,61,699,5945,818,112,112
msg,0,62,681,5826,852,112,112
msg,0,63,701,5445,850,112,112
msg,0,64,708,5403,850,112,112
msg,0,65,670,5606,853,112,112
msg,0,66,700,19101,842,112,112
msg,0,67,675,6037,852,112,112
msg,0,68,675,8116,851,112,112
msg,0,69,701,13496,820,112,112
msg,0,70,720,6579,856,112,112
msg,0,71,699,5466,850,112,112
msg,0,72,703,5669,846,112,112
msg,0,73,699,6164,843,112,112
msg,0,74,678,6546,855,112,112
msg,0,75,782,33924,848,112,112
msg,0,76,704,26400,858,112,112
msg,0,77,706,6973,848,112,112
msg,0,78,676,5548,853,112,112
msg,0,79,795,6263,852,112,112
msg,0,80,706,5863,842,112,112
msg,0,81,697,5834,859,112,112
msg,0,82,701,6199,858,112,112
msg,0,83,699,18766,853,112,112
msg,0,84,703,5633,941,112,112
msg,0,85,702,6667,852,112,112
msg,0,86,703,22358,855,112,112
msg,0,87,699,5605,856,112,112
msg,0,88,789,6032,852,112,112
msg,0,89,704,16048,855,112,112
msg,0,90,702,34138,1288,112,112
msg,0,91,701,6234,853,112,112
msg,0,92,697,19412,820,112,112
msg,0,93,673,7490,849,112,112
msg,0,94,786,6642,854,112,112
msg,0,95,701,6486,822,112,112
msg,0,96,676,5513,850,112,112
msg,0,97,702,5560,857,112,112
msg,0,98,703,5551,850,112,112
msg,0,99,674,19409,818,112,112
msg,0,100,770,5548,853,112,112
msg,0,101,701,5593,856,112,112
msg,0,102,700,22156,851,112,112
msg,0,103,699,5667,840,112,112
msg,0,104,681,5520,851,112,112
msg,0,105,700,6071,854,112,112
msg,0,106,701,6181,847,112,112
msg,0,107,671,6081,816,112,112
msg,0,108,679,19654,852,112,112
msg,0,109,708,5947,821,112,112
msg,0,110,671,5696,853,112,112
msg,0,111,702,24557,926,112,112
msg,0,112,682,5472,845,112,112
msg,0,113,679,5835,852,112,112
msg,0,114,700,6237,857,112,112
msg,0,115,702,5648,842,112,112
msg,0,116,673,5856,851,112,112
msg,0,117,703,17410,852,112,112
msg,0,118,669,5597,849,112,112
msg,0,119,704,5614,853,112,112
msg,0,120,714,5485,849,112,112
msg,0,121,689,12521,855,112,112
msg,0,122,709,9494,853,112,112
msg,0,123,695,7679,821,112,112
msg,0,124,672,5519,855,112,112
msg,0,125,700,5455,854,112,112
msg,0,126,694,5711,818,112,112
msg,0,127,675,5763,854,112,112
msg,0,128,698,17242,852,112,112
msg,0,129,698,6095,854,112,112
msg,0,130,703,5488,861,112,112
msg,0,131,790,23495,823,112,112
msg,0,132,672,6168,848,112,112
msg,0,133,670,8859,857,112,112
msg,0,134,701,6069,847,112,112
msg,0,135,708,6673,860,112,112
msg,0,136,705,21545,820,112,112
msg,0,137,671,6205,976,112,112
msg,0,138,672,6135,819,112,112
msg,0,139,673,9621,856,112,112
msg,0,140,705,11883,822,112,112
msg,0,141,670,10589,845,112,112
msg,0,142,696,6099,854,112,112
msg,0,143,701,6534,857,112,112
msg,0,144,698,9825,819,112,112
msg,0,145,678,19334,842,112,112
msg,0,146,681,7122,819,112,112
msg,0,147,683,5974,861,112,112
msg,0,148,697,18399,849,112,112
msg,0,149,672,5957,851,112,112
msg,0,150,712,6099,854,112,112
msg,0,151,697,5713,821,112,112
msg,0,152,681,5592,852,112,112
msg,0,153,706,5701,859,112,112
msg,0,154,682,5720,851,112,112
msg,0,155,698,17983,820,112,112
msg,0,156,679,6833,856,112,112
msg,0,157,697,6570,821,112,112
msg,0,158,678,17922,857,112,112
msg,0,159,701,5660,823,112,112
msg,0,160,680,6858,855,112,112
msg,0,161,704,7434,821,112,112
msg,0,162,687,6578,848,112,112
msg,0,163,703,7031,820,112,112
msg,0,164,670,5727,853,112,112
msg,0,165,704,14113,854,112,112
msg,0,166,703,6044,850,112,112
msg,0,167,703,6540,853,112,112
msg,0,168,701,9104,855,112,112
msg,0,169,711,12024,852,112,112
msg,0,170,706,8533,855,112,112
msg,0,171,703,5522,855,112,112
msg,0,172,706,6399,825,112,112
msg,0,173,673,8913,852,112,112
msg,0,174,700,8499,851,112,112
msg,0,175,673,14918,857,112,112
msg,0,176,713,5944,854,112,112
msg,0,177,698,6147,847,112,112
msg,0,178,706,19374,851,112,112
msg,0,179,700,8397,855,112,112
msg,0,180,699,6120,851,112,112
msg,0,181,700,8455,854,112,112
msg,0,182,788,6912,856,112,112
msg,0,183,706,5672,850,112,112
msg,0,184,673,19403,819,112,112
msg,0,185,677,5906,860,112,112
msg,0,186,697,5679,822,112,112
msg,0,187,678,20495,852,112,112
msg,0,188,698,6799,857,112,112
msg,0,189,673,5694,852,112,112
msg,0,190,706,6276,852,112,112
msg,0,191,707,6023,855,112,112
msg,0,192,699,6341,855,112,112
msg,0,193,700,20937,823,112,112
msg,0,194,669,6918,854,112,112
msg,0,195,702,6453,852,112,112
msg,0,196,681,21624,848,112,112
msg,0,197,702,8171,849,112,112
msg,0,198,708,5684,853,112,112
msg,0,199,706,5577,823,112,112
whole,0,360.563,2540.431,200
1,4.7140,280.2090,11.7970,296.7200,1393,7780,45,568,2,12,3,18,167060,66629.0,72560.0,58492.0,0.0,2,2,2,0
msg,1,0,864,5728,821,112,112
msg,1,1,674,6027,856,112,112
msg,1,2,702,16116,858,112,112
msg,1,3,701,6285,846,112,112
msg,1,4,704,6027,857,112,112
msg,1,5,702,9357,851,112,112
msg,1,6,707,10149,853,112,112
msg,1,7,698,5525,852,112,112
msg,1,8,675,5919,929,112,112
msg,1,9,702,5783,849,112,112
msg,1,10,700,7659,855,112,112
msg,1,11,704,6068,858,112,112
msg,1,12,703,5699,823,112,112
msg,1,13,674,17047,858,112,112
msg,1,14,711,5539,819,112,112
msg,1,15,757,5541,852,112,112
msg,1,16,708,21082,849,112,112
msg,1,17,702,6573,853,112,112
msg,1,18,699,5687,822,112,112
msg,1,19,671,5530,853,112,112
msg,1,20,708,5750,937,112,112
msg,1,21,669,6945,852,112,112
msg,1,22,696,5885,852,112,112
msg,1,23,697,14959,825,112,112
msg,1,24,670,6119,852,112,112
msg,1,25,673,5597,854,112,112
msg,1,26,699,23534,850,112,112
msg,1,27,1167,5746,850,112,112
msg,1,28,712,5404,852,112,112
msg,1,29,698,5466,849,112,112
msg,1,30,673,12228,849,112,112
msg,1,31,675,22870,858,112,112
msg,1,32,708,5644,855,112,112
msg,1,33,671,5563,848,112,112
msg,1,34,702,9182,857,112,112
msg,1,35,705,14648,856,112,112
msg,1,36,703,5997,852,112,112
msg,1,37,698,5481,852,112,112
msg,1,38,700,5797,846,112,112
msg,1,39,700,7516,852,112,112
msg,1,40,699,5608,854,112,112
msg,1,41,673,16968,855,112,112
msg,1,42,712,7126,850,112,112
msg,1,43,700,8716,818,112,112
msg,1,44,673,18752,852,112,112
msg,1,45,704,7401,854,112,112
msg,1,46,704,5903,850,112,112
msg,1,47,700,8268,848,112,112
msg,1,48,704,5593,850,112,112
msg,1,49,710,5634,824,112,112
msg,1,50,672,19489,856,112,112
msg,1,51,788,6027,845,112,112
msg,1,52,700,5947,845,112,112
msg,1,53,673,18826,855,112,112
msg,1,54,711,5926,849,112,112
msg,1,55,700,5472,854,112,112
msg,1,56,709,6317,852,112,112
msg,1,57,705,5867,846,112,112
msg,1,58,702,5680,860,112,112
msg,1,59,704,5939,851,112,112
msg,1,60,707,21518,859,112,112
msg,1,61,701,5939,852,112,112
msg,1,62,696,5455,852,112,112
msg,1,63,717,18405,924,112,112
msg,1,64,673,6056,849,112,112
msg,1,65,699,5478,822,112,112
msg,1,66,672,8612,859,112,112
msg,1,67,698,5447,853,112,112
msg,1,68,709,5520,983,112,112
msg,1,69,691,5542,849,112,112
msg,1,70,699,16537,854,112,112
msg,1,71,700,5648,821,112,112
msg,1,72,674,6293,823,112,112
msg,1,73,670,16450,853,112,112
msg,1,74,708,6020,816,112,112
msg,1,75,670,5570,850,112,112
msg,1,76,698,5572,852,112,112
msg,1,77,707,5446,846,112,112
msg,1,78,682,5496,850,112,112
msg,1,79,672,6830,851,112,112
msg,1,80,698,18598,820,112,112
msg,1,81,684,6895,855,112,112
msg,1,82,703,5533,827,112,112
msg,1,83,678,9069,855,112,112
msg,1,84,702,13143,858,112,112
msg,1,85,702,5675,850,112,112
msg,1,86,704,5914,852,112,112
msg,1,87,674,5557,853,112,112
msg,1,88,701,5477,854,112,112
msg,1,89,703,6106,850,112,112
msg,1,90,697,5489,857,112,112
msg,1,91,698,16903,852,112,112
msg,1,92,703,5447,854,112,112
msg,1,93,705,7568,855,112,112
msg,1,94,710,17334,852,112,112
msg,1,95,676,7864,854,112,112
msg,1,96,701,5886,847,112,112
msg,1,97,707,5624,857,112,112
msg,1,98,702,5551,850,112,112
msg,1,99,690,6948,854,112,112
msg,1,100,706,20470,816,112,112
msg,1,101,674,7810,934,112,112
msg,1,102,701,6029,857,112,112
msg,1,103,701,24247,847,112,112
msg,1,104,706,6422,855,112,112
msg,1,105,706,7901,856,112,112
msg,1,106,699,8223,847,112,112
msg,1,107,699,5656,851,112,112
msg,1,108,698,5975,852,112,112
msg,1,109,711,17554,856,112,112
msg,1,110,709,6551,823,112,112
msg,1,111,686,22549,847,112,112
msg,1,112,709,6206,852,112,112
msg,1,113,697,5579,854,112,112
msg,1,114,697,6876,848,112,112
msg,1,115,716,6216,851,112,112
msg,1,116,700,7601,850,112,112
msg,1,117,698,5776,853,112,112
msg,1,118,702,14829,852,112,112
msg,1,119,677,5810,852,112,112
msg,1,120,704,7583,855,112,112
msg,1,121,703,17769,850,112,112
msg,1,122,713,6088,846,112,112
msg,1,123,709,6578,857,112,112
msg,1,124,712,5684,817,112,112
msg,1,125,671,5498,854,112,112
msg,1,126,700,8552,856,112,112
msg,1,127,697,6072,853,112,112
msg,1,128,709,18016,857,112,112
msg,1,129,700,6144,847,112,112
msg,1,130,696,6625,847,112,112
msg,1,131,709,17510,847,112,112
msg,1,132,668,7882,854,112,112
msg,1,133,711,6494,851,112,112
msg,1,134,698,5550,821,112,112
msg,1,135,671,5661,859,112,112
msg,1,136,696,5597,849,112,112
msg,1,137,705,6794,853,112,112
msg,1,138,700,15687,850,112,112
msg,1,139,674,7038,855,112,112
msg,1,140,701,5550,819,112,112
msg,1,141,671,26171,853,112,112
msg,1,142,676,8862,856,112,112
msg,1,143,701,6204,859,112,112
msg,1,144,698,5598,848,112,112
msg,1,145,678,5526,921,112,112
msg,1,146,705,19758,854,112,112
msg,1,147,709,5519,819,112,112
msg,1,148,669,5929,853,112,112
msg,1,149,699,20600,821,112,112
msg,1,150,764,9272,854,112,112
msg,1,151,701,6115,824,112,112
msg,1,152,841,5650,856,112,112
msg,1,153,702,6258,855,112,112
msg,1,154,702,5908,844,112,112
msg,1,155,701,6004,820,112,112
msg,1,156,676,13265,820,112,112
msg,1,157,673,5668,857,112,112
msg,1,158,703,5797,906,112,112
msg,1,159,671,19435,856,112,112
msg,1,160,700,5965,822,112,112
msg,1,161,678,5814,850,112,112
msg,1,162,691,6698,823,112,112
msg,1,163,685,10183,820,112,112
msg,1,164,673,7021,852,112,112
msg,1,165,706,19265,858,112,112
msg,1,166,701,6224,854,112,112
msg,1,167,700,6081,852,112,112
msg,1,168,710,18775,841,112,112
msg,1,169,684,5916,857,112,112
msg,1,170,702,5948,851,112,112
msg,1,171,854,6454,846,112,112
msg,1,172,673,7343,822,112,112
msg,1,173,683,5983,856,112,112
msg,1,174,696,5582,825,112,112
msg,1,175,672,20249,823,112,112
msg,1,176,671,6861,855,112,112
msg,1,177,703,22426,852,112,112
msg,1,178,706,8572,848,112,112
msg,1,179,703,7415,852,112,112
msg,1,180,696,6348,852,112,112
msg,1,181,698,5850,821,112,112
msg,1,182,674,5499,851,112,112
msg,1,183,699,5594,854,112,112
msg,1,184,698,14395,854,112,112
msg,1,185,701,5622,936,112,112
msg,1,186,706,6153,844,112,112
msg,1,187,703,9146,841,112,112
msg,1,188,673,10214,821,112,112
msg,1,189,674,5646,853,112,112
msg,1,190,696,6080,856,112,112
msg,1,191,710,5869,814,112,112
msg,1,192,676,5555,850,112,112
msg,1,193,711,5609,852,112,112
msg,1,194,701,5931,847,112,112
msg,1,195,698,21780,924,112,112
msg,1,196,674,5804,853,112,112
msg,1,197,704,5903,847,112,112
msg,1,198,708,18191,845,112,112
msg,1,199,671,6655,852,112,112
whole,1,311.364,2434.920,200
2,5.5110,281.4760,17.0350,304.0220,1393,7780,45,568,2,12,3,18,167060,66534.0,72234.0,58512.0,0.0,2,2,2,0
msg,2,0,831,5638,858,112,112
msg,2,1,701,8400,859,112,112
msg,2,2,698,5939,847,112,112
msg,2,3,706,19151,849,112,112
msg,2,4,707,6555,858,112,112
msg,2,5,699,5892,851,112,112
msg,2,6,698,19088,824,112,112
msg,2,7,677,8841,861,112,112
msg,2,8,702,5557,823,112,112
msg,2,9,672,5458,846,112,112
msg,2,10,706,5422,855,112,112
msg,2,11,712,5692,853,112,112
msg,2,12,674,20545,843,112,112
msg,2,13,681,5543,849,112,112
msg,2,14,698,5611,836,112,112
msg,2,15,703,5735,856,112,112
msg,2,16,734,16450,845,112,112
msg,2,17,674,6539,855,112,112
msg,2,18,699,7065,852,112,112
msg,2,19,701,5526,853,112,112
msg,2,20,699,5624,855,112,112
msg,2,21,758,10569,853,112,112
msg,2,22,702,18544,850,112,112
msg,2,23,702,6042,852,112,112
msg,2,24,705,5641,821,112,112
msg,2,25,677,19577,850,112,112
msg,2,26,698,7344,855,112,112
msg,2,27,701,6087,851,112,112
msg,2,28,703,5687,856,112,112
msg,2,29,697,5663,834,112,112
msg,2,30,673,6315,844,112,112
msg,2,31,673,5601,858,112,112
msg,2,32,706,16418,862,112,112
msg,2,33,703,6035,853,112,112
msg,2,34,700,5698,818,112,112
msg,2,35,681,18347,821,112,112
msg,2,36,674,7069,852,112,112
msg,2,37,758,5480,851,112,112
msg,2,38,703,6746,856,112,112
msg,2,39,698,5633,838,112,112
msg,2,40,677,5725,854,112,112
msg,2,41,699,5961,850,112,112
msg,2,42,707,20014,916,112,112
msg,2,43,701,5810,852,112,112
msg,2,44,704,5674,851,112,112
msg,2,45,700,13845,857,112,112
msg,2,46,697,8190,937,112,112
msg,2,47,673,5874,847,112,112
msg,2,48,699,7161,860,112,112
msg,2,49,697,7535,853,112,112
msg,2,50,704,5540,824,112,112
msg,2,51,685,5944,851,112,112
msg,2,52,704,12927,855,112,112
msg,2,53,699,6067,852,112,112
msg,2,54,700,5609,852,112,112
msg,2,55,704,34233,853,112,112
msg,2,56,701,6226,853,112,112
msg,2,57,707,6576,818,112,112
msg,2,58,670,6522,849,112,112
msg,2,59,710,5609,857,112,112
msg,2,60,788,19832,850,112,112
msg,2,61,705,6049,1362,112,112
msg,2,62,736,7241,859,112,112
msg,2,63,716,17815,854,112,112
msg,2,64,707,9993,818,112,112
msg,2,65,675,5450,845,112,112
msg,2,66,701,7080,823,112,112
msg,2,67,673,5503,849,112,112
msg,2,68,699,5434,925,112,112
msg,2,69,705,17996,933,112,112
msg,2,70,707,5800,820,112,112
msg,2,71,675,5510,853,112,112
msg,2,72,706,5463,859,112,112
msg,2,73,705,19562,851,112,112
msg,2,74,671,5928,855,112,112
msg,2,75,691,7347,855,112,112
msg,2,76,696,6594,820,112,112
msg,2,77,674,6482,847,112,112
msg,2,78,702,5715,855,112,112
msg,2,79,699,19328,853,112,112
msg,2,80,702,6587,843,112,112
msg,2,81,702,6037,819,112,112
msg,2,82,677,17837,857,112,112
msg,2,83,698,5820,846,112,112
msg,2,84,670,6287,855,112,112
msg,2,85,1272,8286,856,112,112
msg,2,86,696,6078,855,112,112
msg,2,87,707,5950,858,112,112
msg,2,88,702,19180,850,112,112
msg,2,89,701,5524,856,112,112
msg,2,90,699,6270,973,112,112
msg,2,91,701,19690,848,112,112
msg,2,92,700,8315,852,112,112
msg,2,93,698,6594,932,112,112
msg,2,94,693,5666,843,112,112
msg,2,95,707,6096,820,112,112
msg,2,96,678,5721,856,112,112
msg,2,97,698,5450,851,112,112
msg,2,98,709,18491,822,112,112
msg,2,99,679,5676,854,112,112
msg,2,100,702,5644,852,112,112
msg,2,101,673,16482,824,112,112
msg,2,102,672,10848,851,112,112
msg,2,103,703,6085,855,112,112
msg,2,104,702,9772,826,112,112
msg,2,105,681,5760,850,112,112
msg,2,106,702,5495,850,112,112
msg,2,107,674,17677,860,112,112
msg,2,108,708,6491,859,112,112
msg,2,109,854,5953,852,112,112
msg,2,110,706,18298,853,112,112
msg,2,111,706,5873,851,112,112
msg,2,112,671,6474,853,112,112
msg,2,113,698,5894,824,112,112
msg,2,114,672,6148,852,112,112
msg,2,115,671,5785,853,112,112
msg,2,116,701,5638,854,112,112
msg,2,117,670,17060,857,112,112
msg,2,118,706,6535,826,112,112
msg,2,119,675,5674,852,112,112
msg,2,120,706,9626,945,112,112
msg,2,121,679,12357,820,112,112
msg,2,122,676,6243,821,112,112
msg,2,123,676,5657,853,112,112
msg,2,124,699,7847,815,112,112
msg,2,125,674,7786,847,112,112
msg,2,126,697,5706,817,112,112
msg,2,127,672,20423,844,112,112
msg,2,128,672,5610,854,112,112
msg,2,129,697,7402,855,112,112
msg,2,130,701,24168,855,112,112
msg,2,131,698,5634,815,112,112
msg,2,132,675,6599,850,112,112
msg,2,133,707,6032,847,112,112
msg,2,134,670,5753,853,112,112
msg,2,135,702,5671,915,112,112
msg,2,136,677,19032,963,112,112
msg,2,137,678,6448,849,112,112
msg,2,138,706,7698,852,112,112
msg,2,139,703,16956,850,112,112
msg,2,140,704,7409,853,112,112
msg,2,141,703,6188,858,112,112
msg,2,142,699,5817,845,112,112
msg,2,143,669,5597,850,112,112
msg,2,144,702,5436,855,112,112
msg,2,145,703,5584,827,112,112
msg,2,146,676,25395,848,112,112
msg,2,147,703,5797,855,112,112
msg,2,148,700,20057,930,112,112
msg,2,149,700,6315,855,112,112
msg,2,150,700,5588,836,112,112
msg,2,151,676,7113,823,112,112
msg,2,152,686,5804,848,112,112
msg,2,153,700,5383,855,112,112
msg,2,154,706,6154,857,112,112
msg,2,155,1266,14986,822,112,112
msg,2,156,682,6213,821,112,112
msg,2,157,673,5837,854,112,112
msg,2,158,702,20379,859,112,112
msg,2,159,707,6468,853,112,112
msg,2,160,671,6028,855,112,112
msg,2,161,776,5585,844,112,112
msg,2,162,669,6814,856,112,112
msg,2,163,712,5882,854,112,112
msg,2,164,700,19564,861,112,112
msg,2,165,696,5994,857,112,112
msg,2,166,700,5870,917,112,112
msg,2,167,674,19869,860,112,112
msg,2,168,698,6300,853,112,112
msg,2,169,699,5671,849,112,112
msg,2,170,701,6347,854,112,112
msg,2,171,709,5375,854,112,112
msg,2,172,699,5881,924,112,112
msg,2,173,707,5777,854,112,112
msg,2,174,699,20576,849,112,112
msg,2,175,668,5785,855,112,112
msg,2,176,697,5709,846,112,112
msg,2,177,672,19377,849,112,112
msg,2,178,697,8014,821,112,112
msg,2,179,680,5997,853,112,112
msg,2,180,709,5682,850,112,112
msg,2,181,699,5599,935,112,112
msg,2,182,714,8764,850,112,112
msg,2,183,709,17670,856,112,112
msg,2,184,696,5859,845,112,112
msg,2,185,701,5582,857,112,112
msg,2,186,700,5461,856,112,112
msg,2,187,676,16113,850,112,112
msg,2,188,716,8775,929,112,112
msg,2,189,701,5582,856,112,112
msg,2,190,716,6663,851,112,112
msg,2,191,700,5485,851,112,112
msg,2,192,702,9891,823,112,112
msg,2,193,851,17859,853,112,112
msg,2,194,671,6362,819,112,112
msg,2,195,674,5489,848,112,112
msg,2,196,699,23829,853,112,112
msg,2,197,695,5740,854,112,112
msg,2,198,700,5626,848,112,112
msg,2,199,701,5513,819,112,112
whole,2,317.928,2468.334,200
#heap 28068
#stack 3296
#end
#block pipeline TLS lorawan11 down
#aead LoRaWAN-1.1 AES-128-CTR+2xCMAC (BearSSL (arduino-pico)), downlink, 51 B payload + 13 B overhead
#lib wolfSSL 5.9.4
iter,tcp_ms,tls_ms,mqtt_ms,total_ms,hs_tx_B,hs_rx_B,mqtt_tx_B,mqtt_rx_B,hs_writes,hs_reads,writes,reads,free_heap_B,hs_keygen_us,hs_derive_us,hs_verify_us,hs_sign_us,hs_keygen_n,hs_derive_n,hs_verify_n,hs_sign_n
msg,iter,idx,seal_us,rtt_us,open_us,tx_B,rx_B
whole,iter,first_ms,all_ms,msgs
#suite TLS13-AES256-GCM-SHA384
0,4.7660,282.3140,14.7020,301.7820,1393,7780,45,568,2,12,3,18,167060,66563.0,72332.0,58902.0,0.0,2,2,2,0
msg,0,0,602,7570,591,112,112
msg,0,1,532,6004,557,112,112
msg,0,2,413,7399,589,112,112
msg,0,3,436,19073,557,112,112
msg,0,4,444,7473,590,112,112
msg,0,5,442,6264,555,112,112
msg,0,6,416,19740,560,112,112
msg,0,7,412,8055,594,112,112
msg,0,8,411,5895,588,112,112
msg,0,9,412,5834,593,112,112
msg,0,10,442,8861,594,112,112
msg,0,11,438,5509,596,112,112
msg,0,12,409,5782,589,112,112
msg,0,13,410,17639,663,112,112
msg,0,14,411,5876,591,112,112
msg,0,15,410,5616,591,112,112
msg,0,16,414,17279,559,112,112
msg,0,17,443,6385,580,112,112
msg,0,18,411,6418,558,112,112
msg,0,19,412,6711,558,112,112
msg,0,20,411,11107,593,112,112
msg,0,21,410,6560,561,112,112
msg,0,22,411,6483,555,112,112
msg,0,23,442,16108,558,112,112
msg,0,24,413,5873,586,112,112
msg,0,25,417,5814,592,112,112
msg,0,26,418,18070,592,112,112
msg,0,27,445,6871,591,112,112
msg,0,28,449,7491,597,112,112
msg,0,29,421,6829,662,112,112
msg,0,30,440,7208,560,112,112
msg,0,31,415,8696,558,112,112
msg,0,32,417,6365,591,112,112
msg,0,33,440,16335,563,112,112
msg,0,34,412,5932,594,112,112
msg,0,35,425,5599,564,112,112
msg,0,36,416,18742,564,112,112
msg,0,37,415,6000,590,112,112
msg,0,38,415,8132,590,112,112
msg,0,39,440,9111,560,112,112
msg,0,40,413,5764,556,112,112
msg,0,41,413,7011,670,112,112
msg,0,42,411,5711,589,112,112
msg,0,43,410,15000,594,112,112
msg,0,44,411,7020,587,112,112
msg,0,45,442,9362,593,112,112
msg,0,46,415,19260,556,112,112
msg,0,47,444,5819,556,112,112
msg,0,48,451,6084,564,112,112
msg,0,49,412,6204,595,112,112
msg,0,50,445,5836,589,112,112
msg,0,51,459,7099,560,112,112
msg,0,52,412,7260,596,112,112
msg,0,53,438,15791,594,112,112
msg,0,54,446,6343,558,112,112
msg,0,55,415,6053,593,112,112
msg,0,56,412,20336,558,112,112
msg,0,57,411,6323,599,112,112
msg,0,58,440,6066,558,112,112
msg,0,59,448,5800,561,112,112
msg,0,60,440,5974,559,112,112
msg,0,61,417,5836,556,112,112
msg,0,62,496,5590,557,112,112
msg,0,63,415,5636,562,112,112
msg,0,64,449,19872,561,112,112
msg,0,65,414,6898,561,112,112
msg,0,66,422,6133,590,112,112
msg,0,67,413,16679,595,112,112
msg,0,68,420,7736,589,112,112
msg,0,69,417,9157,593,112,112
msg,0,70,447,8701,587,112,112
msg,0,71,446,7532,595,112,112
msg,0,72,418,5823,597,112,112
msg,0,73,441,19890,581,112,112
msg,0,74,446,5788,590,112,112
msg,0,75,442,5439,593,112,112
msg,0,76,416,18451,556,112,112
msg,0,77,413,8514,557,112,112
msg,0,78,443,6144,557,112,112
msg,0,79,414,5758,559,112,112
msg,0,80,413,5665,559,112,112
msg,0,81,413,6178,588,112,112
msg,0,82,415,6204,559,112,112
msg,0,83,444,18383,592,112,112
msg,0,84,414,6077,560,112,112
msg,0,85,442,5620,590,112,112
msg,0,86,447,5578,593,112,112
msg,0,87,412,17338,552,112,112
msg,0,88,416,5745,653,112,112
msg,0,89,430,5609,560,112,112
msg,0,90,447,5682,556,112,112
msg,0,91,445,6000,565,112,112
msg,0,92,416,8408,590,112,112
msg,0,93,441,6533,595,112,112
msg,0,94,411,18671,590,112,112
msg,0,95,411,6894,599,112,112
msg,0,96,436,5779,597,112,112
msg,0,97,443,17231,557,112,112
msg,0,98,413,7207,586,112,112
msg,0,99,419,5823,591,112,112
msg,0,100,421,5636,594,112,112
msg,0,101,422,5738,592,112,112
msg,0,102,418,5701,596,112,112
msg,0,103,409,6235,590,112,112
msg,0,104,441,20475,595,112,112
msg,0,105,414,5958,595,112,112
msg,0,106,441,5857,588,112,112
msg,0,107,449,11765,592,112,112
msg,0,108,447,10438,593,112,112
msg,0,109,411,6310,555,112,112
msg,0,110,412,5861,558,112,112
msg,0,111,415,11662,561,112,112
msg,0,112,447,6274,586,112,112
msg,0,113,413,5476,560,112,112
msg,0,114,415,20209,585,112,112
msg,0,115,444,6232,561,112,112
msg,0,116,414,5566,554,112,112
msg,0,117,436,5832,561,112,112
msg,0,118,447,16780,1130,112,112
msg,0,119,432,6696,593,112,112
msg,0,120,413,6001,589,112,112
msg,0,121,441,5917,590,112,112
msg,0,122,442,6158,561,112,112
msg,0,123,421,6338,586,112,112
msg,0,124,435,6547,592,112,112
msg,0,125,437,19414,563,112,112
msg,0,126,416,9197,590,112,112
msg,0,127,449,6531,592,112,112
msg,0,128,417,27759,588,112,112
msg,0,129,412,5967,596,112,112
msg,0,130,439,6066,561,112,112
msg,0,131,454,6109,589,112,112
msg,0,132,416,6515,554,112,112
msg,0,133,416,5962,556,112,112
msg,0,134,410,16803,564,112,112
msg,0,135,410,6558,557,112,112
msg,0,136,442,5698,560,112,112
msg,0,137,438,17034,560,112,112
msg,0,138,424,8573,558,112,112
msg,0,139,442,5691,557,112,112
msg,0,140,441,5456,591,112,112
msg,0,141,420,5728,595,112,112
msg,0,142,420,5809,592,112,112
msg,0,143,413,5639,590,112,112
msg,0,144,410,5662,592,112,112
msg,0,145,425,13264,594,112,112
msg,0,146,441,7261,594,112,112
msg,0,147,415,6812,593,112,112
msg,0,148,424,18978,593,112,112
msg,0,149,434,5712,593,112,112
msg,0,150,422,5707,599,112,112
msg,0,151,415,5614,593,112,112
msg,0,152,412,5493,559,112,112
msg,0,153,417,5551,589,112,112
msg,0,154,442,5953,559,112,112
msg,0,155,453,5771,558,112,112
msg,0,156,418,15630,556,112,112
msg,0,157,445,7217,589,112,112
msg,0,158,417,7395,550,112,112
msg,0,159,444,18044,558,112,112
msg,0,160,415,5987,589,112,112
msg,0,161,414,5903,593,112,112
msg,0,162,415,5898,588,112,112
msg,0,163,439,6218,561,112,112
msg,0,164,412,6313,592,112,112
msg,0,165,439,5790,594,112,112
msg,0,166,447,5760,587,112,112
msg,0,167,441,16316,589,112,112
msg,0,168,422,7754,562,112,112
msg,0,169,418,7253,589,112,112
msg,0,170,442,18301,589,112,112
msg,0,171,414,5836,593,112,112
msg,0,172,498,5767,586,112,112
msg,0,173,419,7645,592,112,112
msg,0,174,424,9655,561,112,112
msg,0,175,414,39570,558,112,112
msg,0,176,446,23371,596,112,112
msg,0,177,413,8488,557,112,112
msg,0,178,422,5961,590,112,112
msg,0,179,407,5786,595,112,112
msg,0,180,412,5705,594,112,112
msg,0,181,414,7809,592,112,112
msg,0,182,418,5630,561,112,112
msg,0,183,416,17215,595,112,112
msg,0,184,443,5914,557,112,112
msg,0,185,448,28284,586,112,112
msg,0,186,407,6795,594,112,112
msg,0,187,408,6076,590,112,112
msg,0,188,441,5590,594,112,112
msg,0,189,421,5549,587,112,112
msg,0,190,420,10109,592,112,112
msg,0,191,437,7748,594,112,112
msg,0,192,445,15273,654,112,112
msg,0,193,415,5962,589,112,112
msg,0,194,416,7551,561,112,112
msg,0,195,413,19013,594,112,112
msg,0,196,412,6202,560,112,112
msg,0,197,449,5978,558,112,112
msg,0,198,418,6497,591,112,112
msg,0,199,442,7638,597,112,112
whole,0,317.953,2365.471,200
1,5.4150,280.7630,14.0640,300.2420,1393,7780,45,568,2,12,3,18,167060,66476.0,72482.0,58302.0,0.0,2,2,2,0
msg,1,0,599,6267,559,112,112
msg,1,1,415,17668,560,112,112
msg,1,2,414,7394,591,112,112
msg,1,3,439,5749,593,112,112
msg,1,4,446,19811,591,112,112
msg,1,5,442,6788,592,112,112
msg,1,6,444,8333,589,112,112
msg,1,7,408,7012,596,112,112
msg,1,8,409,5710,594,112,112
msg,1,9,413,6358,562,112,112
msg,1,10,427,6060,594,112,112
msg,1,11,408,21458,559,112,112
msg,1,12,413,6446,587,112,112
msg,1,13,439,7955,561,112,112
msg,1,14,443,18012,558,112,112
msg,1,15,413,7731,560,112,112
msg,1,16,411,6009,590,112,112
msg,1,17,413,5986,592,112,112
msg,1,18,416,7197,557,112,112
msg,1,19,438,6136,592,112,112
msg,1,20,414,20506,560,112,112
msg,1,21,411,6081,588,112,112
msg,1,22,410,6571,564,112,112
msg,1,23,413,5867,559,112,112
msg,1,24,425,16315,593,112,112
msg,1,25,437,5786,589,112,112
msg,1,26,439,5538,596,112,112
msg,1,27,412,5635,591,112,112
msg,1,28,415,5825,592,112,112
msg,1,29,414,5909,591,112,112
msg,1,30,451,6441,588,112,112
msg,1,31,420,18799,585,112,112
msg,1,32,411,7079,595,112,112
msg,1,33,433,6532,597,112,112
msg,1,34,408,19143,595,112,112
msg,1,35,434,6609,591,112,112
msg,1,36,434,5691,593,112,112
msg,1,37,435,5574,591,112,112
msg,1,38,411,5687,590,112,112
msg,1,39,409,5694,561,112,112
msg,1,40,410,5634,556,112,112
msg,1,41,409,5676,557,112,112
msg,1,42,451,21480,591,112,112
msg,1,43,439,9530,591,112,112
msg,1,44,410,8756,591,112,112
msg,1,45,414,11240,562,112,112
msg,1,46,437,19259,595,112,112
msg,1,47,561,6833,595,112,112
msg,1,48,440,6339,560,112,112
msg,1,49,415,5538,559,112,112
msg,1,50,449,18039,557,112,112
msg,1,51,415,8409,594,112,112
msg,1,52,441,6967,558,112,112
msg,1,53,415,17449,593,112,112
msg,1,54,437,6297,560,112,112
msg,1,55,416,5760,562,112,112
msg,1,56,413,5749,558,112,112
msg,1,57,559,5625,559,112,112
msg,1,58,419,5863,587,112,112
msg,1,59,423,5881,587,112,112
msg,1,60,420,5768,593,112,112
msg,1,61,411,17042,588,112,112
msg,1,62,436,5356,593,112,112
msg,1,63,411,6061,681,112,112
msg,1,64,438,20364,560,112,112
msg,1,65,418,9938,596,112,112
msg,1,66,407,6751,597,112,112
msg,1,67,409,6150,594,112,112
msg,1,68,445,5547,587,112,112
msg,1,69,414,5516,591,112,112
msg,1,70,418,6017,589,112,112
msg,1,71,412,15635,592,112,112
msg,1,72,411,5941,592,112,112
msg,1,73,421,5609,663,112,112
msg,1,74,409,11817,590,112,112
msg,1,75,414,10882,595,112,112
msg,1,76,442,6034,559,112,112
msg,1,77,446,5502,595,112,112
msg,1,78,460,5425,590,112,112
msg,1,79,412,5635,591,112,112
msg,1,80,412,5644,669,112,112
msg,1,81,414,5874,592,112,112
msg,1,82,413,19642,563,112,112
msg,1,83,415,5768,562,112,112
msg,1,84,418,5768,561,112,112
msg,1,85,410,6212,597,112,112
msg,1,86,441,16518,591,112,112
msg,1,87,414,6856,582,112,112
msg,1,88,416,7672,596,112,112
msg,1,89,414,7585,558,112,112
msg,1,90,411,5872,587,112,112
msg,1,91,423,5866,595,112,112
msg,1,92,406,6003,589,112,112
msg,1,93,444,17573,590,112,112
msg,1,94,415,5762,594,112,112
msg,1,95,415,5599,556,112,112
msg,1,96,409,18958,591,112,112
msg,1,97,409,6802,712,112,112
msg,1,98,446,6711,592,112,112
msg,1,99,412,7863,593,112,112
msg,1,100,441,6186,559,112,112
msg,1,101,412,8020,591,112,112
msg,1,102,408,6185,585,112,112
msg,1,103,455,17927,556,112,112
msg,1,104,442,7653,592,112,112
msg,1,105,444,7226,558,112,112
msg,1,106,418,21690,561,112,112
msg,1,107,408,6364,592,112,112
msg,1,108,451,5826,592,112,112
msg,1,109,436,6374,591,112,112
msg,1,110,420,6201,559,112,112
msg,1,111,446,6508,590,112,112
msg,1,112,434,19275,560,112,112
msg,1,113,416,6079,591,112,112
msg,1,114,412,5753,591,112,112
msg,1,115,411,5723,595,112,112
msg,1,116,411,17598,587,112,112
msg,1,117,413,7804,588,112,112
msg,1,118,408,8592,557,112,112
msg,1,119,416,5754,561,112,112
msg,1,120,418,6031,589,112,112
msg,1,121,413,6949,590,112,112
msg,1,122,413,19559,561,112,112
msg,1,123,415,7605,557,112,112
msg,1,124,415,5826,564,112,112
msg,1,125,410,19706,561,112,112
msg,1,126,407,8162,592,112,112
msg,1,127,412,8418,561,112,112
msg,1,128,420,5834,555,112,112
msg,1,129,414,7964,587,112,112
msg,1,130,414,5987,599,112,112
msg,1,131,415,6472,560,112,112
msg,1,132,407,18108,594,112,112
msg,1,133,411,7607,595,112,112
msg,1,134,415,5764,579,112,112
msg,1,135,413,17969,592,112,112
msg,1,136,454,6978,558,112,112
msg,1,137,444,5752,554,112,112
msg,1,138,447,7889,557,112,112
msg,1,139,415,8221,595,112,112
msg,1,140,415,6309,562,112,112
msg,1,141,418,5654,563,112,112
msg,1,142,444,13452,594,112,112
msg,1,143,440,5726,589,112,112
msg,1,144,440,5620,590,112,112
msg,1,145,404,21595,557,112,112
msg,1,146,432,5778,598,112,112
msg,1,147,413,6364,560,112,112
msg,1,148,417,6968,556,112,112
msg,1,149,410,8507,559,112,112
msg,1,150,444,7153,590,112,112
msg,1,151,410,5730,559,112,112
msg,1,152,410,16347,589,112,112
msg,1,153,440,6386,597,112,112
msg,1,154,412,8866,595,112,112
msg,1,155,415,20314,561,112,112
msg,1,156,414,8274,593,112,112
msg,1,157,449,8772,594,112,112
msg,1,158,451,6980,559,112,112
msg,1,159,438,6848,563,112,112
msg,1,160,449,7421,590,112,112
msg,1,161,449,16808,592,112,112
msg,1,162,442,6824,586,112,112
msg,1,163,441,5560,591,112,112
msg,1,164,417,5973,590,112,112
msg,1,165,445,16809,587,112,112
msg,1,166,444,7531,597,112,112
msg,1,167,410,6724,591,112,112
msg,1,168,409,5961,596,112,112
msg,1,169,439,6767,665,112,112
msg,1,170,448,6148,556,112,112
msg,1,171,414,6657,558,112,112
msg,1,172,418,17993,563,112,112
msg,1,173,415,5975,596,112,112
msg,1,174,413,7675,585,112,112
msg,1,175,413,17442,556,112,112
msg,1,176,444,5894,557,112,112
msg,1,177,416,6050,592,112,112
msg,1,178,407,5593,558,112,112
msg,1,179,411,7003,597,112,112
msg,1,180,1043,6275,598,112,112
msg,1,181,413,6541,592,112,112
msg,1,182,419,19238,587,112,112
msg,1,183,444,5622,596,112,112
msg,1,184,444,5896,592,112,112
msg,1,185,442,17917,557,112,112
msg,1,186,445,6215,591,112,112
msg,1,187,410,5826,593,112,112
msg,1,188,413,5818,597,112,112
msg,1,189,420,5702,589,112,112
msg,1,190,412,6745,590,112,112
msg,1,191,410,6829,588,112,112
msg,1,192,418,20014,593,112,112
msg,1,193,445,7328,590,112,112
msg,1,194,412,5934,593,112,112
msg,1,195,420,10009,598,112,112
msg,1,196,449,11647,594,112,112
msg,1,197,440,8436,589,112,112
msg,1,198,415,7495,554,112,112
msg,1,199,445,5996,562,112,112
whole,1,316.185,2347.056,200
2,9.4090,281.1080,13.8070,304.3240,1393,7780,45,568,2,12,3,18,167060,66674.0,72249.0,58428.0,0.0,2,2,2,0
msg,2,0,684,8148,589,112,112
msg,2,1,413,26658,561,112,112
msg,2,2,413,6925,597,112,112
msg,2,3,410,14884,591,112,112
msg,2,4,411,6155,591,112,112
msg,2,5,442,5813,559,112,112
msg,2,6,443,7114,559,112,112
msg,2,7,414,7018,589,112,112
msg,2,8,410,7048,578,112,112
msg,2,9,442,5752,588,112,112
msg,2,10,446,17651,596,112,112
msg,2,11,438,6870,594,112,112
msg,2,12,443,5997,565,112,112
msg,2,13,416,10738,555,112,112
msg,2,14,439,10730,559,112,112
msg,2,15,447,6129,588,112,112
msg,2,16,409,5618,644,112,112
msg,2,17,416,7016,587,112,112
msg,2,18,416,6388,560,112,112
msg,2,19,414,6696,559,112,112
msg,2,20,448,7163,592,112,112
msg,2,21,412,18154,601,112,112
msg,2,22,445,5894,556,112,112
msg,2,23,594,6182,587,112,112
msg,2,24,419,17906,599,112,112
msg,2,25,434,8252,558,112,112
msg,2,26,416,5836,560,112,112
msg,2,27,414,6635,557,112,112
msg,2,28,444,7057,586,112,112
msg,2,29,418,9832,593,112,112
msg,2,30,409,5622,558,112,112
msg,2,31,413,14328,591,112,112
msg,2,32,444,5621,591,112,112
msg,2,33,597,7703,592,112,112
msg,2,34,446,18504,592,112,112
msg,2,35,409,6404,560,112,112
msg,2,36,411,6896,561,112,112
msg,2,37,414,6050,591,112,112
msg,2,38,414,9577,586,112,112
msg,2,39,410,6344,590,112,112
msg,2,40,442,6312,594,112,112
msg,2,41,413,18942,593,112,112
msg,2,42,414,6442,557,112,112
msg,2,43,413,5513,559,112,112
msg,2,44,439,8124,589,112,112
msg,2,45,422,10721,553,112,112
msg,2,46,411,6243,585,112,112
msg,2,47,444,5969,560,112,112
msg,2,48,438,5472,592,112,112
msg,2,49,433,5798,592,112,112
msg,2,50,443,5538,592,112,112
msg,2,51,408,7957,592,112,112
msg,2,52,437,20297,556,112,112
msg,2,53,564,7309,557,112,112
msg,2,54,446,6027,556,112,112
msg,2,55,417,19246,591,112,112
msg,2,56,440,5913,588,112,112
msg,2,57,451,7546,591,112,112
msg,2,58,410,7904,588,112,112
msg,2,59,438,5636,588,112,112
msg,2,60,439,5581,583,112,112
msg,2,61,423,6841,594,112,112
msg,2,62,414,17533,556,112,112
msg,2,63,413,6529,555,112,112
msg,2,64,441,5811,557,112,112
msg,2,65,408,19760,557,112,112
msg,2,66,443,5994,563,112,112
msg,2,67,412,5581,562,112,112
msg,2,68,415,5476,590,112,112
msg,2,69,442,5607,592,112,112
msg,2,70,445,7163,554,112,112
msg,2,71,412,6241,592,112,112
msg,2,72,414,18639,588,112,112
msg,2,73,411,6864,590,112,112
msg,2,74,421,5923,600,112,112
msg,2,75,438,19457,583,112,112
msg,2,76,415,6414,561,112,112
msg,2,77,438,5505,592,112,112
msg,2,78,448,6399,595,112,112
msg,2,79,422,7584,560,112,112
msg,2,80,413,6705,562,112,112
msg,2,81,418,5771,563,112,112
msg,2,82,415,18559,561,112,112
msg,2,83,448,6141,584,112,112
msg,2,84,414,7083,592,112,112
msg,2,85,536,10220,560,112,112
msg,2,86,419,10883,562,112,112
msg,2,87,411,6498,559,112,112
msg,2,88,441,7845,647,112,112
msg,2,89,412,5607,558,112,112
msg,2,90,449,5732,557,112,112
msg,2,91,446,5974,560,112,112
msg,2,92,413,6527,590,112,112
msg,2,93,448,19017,557,112,112
msg,2,94,412,6651,555,112,112
msg,2,95,438,8123,584,112,112
msg,2,96,414,18284,594,112,112
msg,2,97,438,5648,595,112,112
msg,2,98,435,5709,672,112,112
msg,2,99,443,7087,562,112,112
msg,2,100,411,6059,589,112,112
msg,2,101,418,7802,590,112,112
msg,2,102,413,5619,557,112,112
msg,2,103,417,20137,587,112,112
msg,2,104,409,7270,560,112,112
msg,2,105,415,6596,561,112,112
msg,2,106,437,17352,598,112,112
msg,2,107,417,5642,593,112,112
msg,2,108,411,7465,558,112,112
msg,2,109,442,5671,558,112,112
msg,2,110,441,6009,562,112,112
msg,2,111,421,5678,558,112,112
msg,2,112,409,5726,558,112,112
msg,2,113,445,17786,562,112,112
msg,2,114,442,9688,557,112,112
msg,2,115,449,6244,587,112,112
msg,2,116,414,19586,557,112,112
msg,2,117,410,6381,588,112,112
msg,2,118,441,5886,559,112,112
msg,2,119,448,6075,557,112,112
msg,2,120,412,9646,560,112,112
msg,2,121,414,6869,564,112,112
msg,2,122,412,6071,595,112,112
msg,2,123,416,15809,595,112,112
msg,2,124,413,11553,595,112,112
msg,2,125,421,20353,556,112,112
msg,2,126,437,5957,561,112,112
msg,2,127,413,5768,559,112,112
msg,2,128,410,5624,557,112,112
msg,2,129,438,5660,584,112,112
msg,2,130,438,5987,562,112,112
msg,2,131,438,6090,582,112,112
msg,2,132,427,5711,710,112,112
msg,2,133,427,17331,559,112,112
msg,2,134,448,7310,588,112,112
msg,2,135,407,6231,559,112,112
msg,2,136,444,19479,594,112,112
msg,2,137,437,8314,562,112,112
msg,2,138,418,8103,591,112,112
msg,2,139,408,5932,590,112,112
msg,2,140,442,5834,588,112,112
msg,2,141,444,6303,588,112,112
msg,2,142,411,5863,593,112,112
msg,2,143,416,19669,552,112,112
msg,2,144,412,6823,584,112,112
msg,2,145,411,5689,555,112,112
msg,2,146,1022,20975,563,112,112
msg,2,147,414,6062,588,112,112
msg,2,148,412,5739,562,112,112
msg,2,149,410,5743,557,112,112
msg,2,150,409,5736,556,112,112
msg,2,151,413,6213,593,112,112
msg,2,152,439,5858,594,112,112
msg,2,153,449,17503,589,112,112
msg,2,154,415,6617,590,112,112
msg,2,155,414,6468,558,112,112
msg,2,156,524,20888,562,112,112
msg,2,157,410,6850,560,112,112
msg,2,158,417,7132,596,112,112
msg,2,159,437,5993,558,112,112
msg,2,160,440,6402,589,112,112
msg,2,161,411,6379,558,112,112
msg,2,162,413,20769,555,112,112
msg,2,163,411,7226,593,112,112
msg,2,164,408,6594,589,112,112
msg,2,165,509,19113,594,112,112
msg,2,166,451,7100,557,112,112
msg,2,167,415,6928,589,112,112
msg,2,168,418,6220,587,112,112
msg,2,169,439,8046,562,112,112
msg,2,170,414,7208,590,112,112
msg,2,171,410,6484,555,112,112
msg,2,172,415,18247,589,112,112
msg,2,173,443,5969,559,112,112
msg,2,174,454,6098,556,112,112
msg,2,175,418,8040,594,112,112
msg,2,176,414,14210,561,112,112
msg,2,177,446,8690,557,112,112
msg,2,178,446,8234,592,112,112
msg,2,179,423,7943,595,112,112
msg,2,180,413,6188,558,112,112
msg,2,181,442,21841,558,112,112
msg,2,182,439,6621,591,112,112
msg,2,183,440,6330,586,112,112
msg,2,184,418,20642,560,112,112
msg,2,185,425,9690,560,112,112
msg,2,186,415,5954,591,112,112
msg,2,187,410,6329,555,112,112
msg,2,188,442,6644,590,112,112
msg,2,189,446,9408,593,112,112
msg,2,190,423,19992,592,112,112
msg,2,191,444,9749,602,112,112
msg,2,192,449,6464,590,112,112
msg,2,193,408,19348,556,112,112
msg,2,194,437,5690,560,112,112
msg,2,195,445,5662,590,112,112
msg,2,196,439,5762,590,112,112
msg,2,197,447,5832,559,112,112
msg,2,198,441,6961,559,112,112
msg,2,199,411,5539,588,112,112
whole,2,321.130,2365.297,200
#heap 28068
#stack 3296
#end
#block pipeline TLS lorawan11_256 up
#aead AES-256-CTR+2xCMAC (LoRaWAN 1.1 frame, 256-bit keys) (BearSSL (arduino-pico)), uplink, 51 B payload + 13 B overhead
#lib wolfSSL 5.9.4
iter,tcp_ms,tls_ms,mqtt_ms,total_ms,hs_tx_B,hs_rx_B,mqtt_tx_B,mqtt_rx_B,hs_writes,hs_reads,writes,reads,free_heap_B,hs_keygen_us,hs_derive_us,hs_verify_us,hs_sign_us,hs_keygen_n,hs_derive_n,hs_verify_n,hs_sign_n
msg,iter,idx,seal_us,rtt_us,open_us,tx_B,rx_B
whole,iter,first_ms,all_ms,msgs
#suite TLS13-AES256-GCM-SHA384
0,16.7460,287.9870,22.6260,327.3590,1393,7780,45,568,2,12,3,18,167060,66882.0,73911.0,58351.0,0.0,2,2,2,0
msg,0,0,1076,5938,1063,112,112
msg,0,1,929,18161,1086,112,112
msg,0,2,934,9417,1070,112,112
msg,0,3,937,6027,1080,112,112
msg,0,4,935,5755,1085,112,112
msg,0,5,927,7282,1080,112,112
msg,0,6,928,5652,1086,112,112
msg,0,7,922,17053,1063,112,112
msg,0,8,936,5802,1056,112,112
msg,0,9,939,6454,1087,112,112
msg,0,10,1016,17581,1083,112,112
msg,0,11,1021,6881,1081,112,112
msg,0,12,929,9610,1168,112,112
msg,0,13,920,5728,1082,112,112
msg,0,14,931,8384,1080,112,112
msg,0,15,1016,5575,1074,112,112
msg,0,16,923,18147,1087,112,112
msg,0,17,899,5777,1080,112,112
msg,0,18,905,5768,1085,112,112
msg,0,19,902,20563,1084,112,112
msg,0,20,931,6568,1080,112,112
msg,0,21,927,5850,1075,112,112
msg,0,22,939,5768,1083,112,112
msg,0,23,932,7393,1075,112,112
msg,0,24,929,6681,1617,112,112
msg,0,25,951,17817,1077,112,112
msg,0,26,930,6724,1085,112,112
msg,0,27,938,5518,1075,112,112
msg,0,28,932,22037,1080,112,112
msg,0,29,926,7357,1066,112,112
msg,0,30,929,5514,1087,112,112
msg,0,31,940,6379,1085,112,112
msg,0,32,931,6617,1082,112,112
msg,0,33,937,20490,1063,112,112
msg,0,34,927,5667,1078,112,112
msg,0,35,940,5608,1090,112,112
msg,0,36,925,19076,1067,112,112
msg,0,37,929,9026,1084,112,112
msg,0,38,928,7804,1075,112,112
msg,0,39,932,5665,1081,112,112
msg,0,40,927,7245,1088,112,112
msg,0,41,907,6968,1083,112,112
msg,0,42,930,18255,1081,112,112
msg,0,43,933,6008,1085,112,112
msg,0,44,926,6366,1081,112,112
msg,0,45,932,19530,1093,112,112
msg,0,46,926,5655,1082,112,112
msg,0,47,940,9713,1091,112,112
msg,0,48,938,5654,1085,112,112
msg,0,49,906,5472,1085,112,112
msg,0,50,926,5751,1080,112,112
msg,0,51,932,17157,1091,112,112
msg,0,52,924,5793,1078,112,112
msg,0,53,930,5530,1084,112,112
msg,0,54,930,18587,1078,112,112
msg,0,55,928,7800,1087,112,112
msg,0,56,929,5781,1080,112,112
msg,0,57,926,5486,1072,112,112
msg,0,58,1008,7579,1063,112,112
msg,0,59,941,5950,1075,112,112
msg,0,60,931,21720,1069,112,112
msg,0,61,936,5914,1081,112,112
msg,0,62,932,6604,1065,112,112
msg,0,63,1012,15648,1068,112,112
msg,0,64,940,7258,1084,112,112
msg,0,65,936,5660,1087,112,112
msg,0,66,929,6426,1071,112,112
msg,0,67,930,8724,1067,112,112
msg,0,68,930,5640,1081,112,112
msg,0,69,936,18342,1080,112,112
msg,0,70,936,6185,1080,112,112
msg,0,71,933,6348,1087,112,112
msg,0,72,1016,16689,1083,112,112
msg,0,73,945,5578,1081,112,112
msg,0,74,929,9698,1079,112,112
msg,0,75,941,5885,1082,112,112
msg,0,76,929,5493,1063,112,112
msg,0,77,930,5656,1092,112,112
msg,0,78,933,17226,1083,112,112
msg,0,79,938,5567,1076,112,112
msg,0,80,928,6498,1096,112,112
msg,0,81,934,17837,1063,112,112
msg,0,82,937,7816,1066,112,112
msg,0,83,927,5463,1082,112,112
msg,0,84,899,5820,1088,112,112
msg,0,85,927,5913,1088,112,112
msg,0,86,934,6700,1077,112,112
msg,0,87,926,5935,1062,112,112
msg,0,88,927,19889,1063,112,112
msg,0,89,930,8130,1082,112,112
msg,0,90,928,20973,1087,112,112
msg,0,91,900,7649,1084,112,112
msg,0,92,930,8342,1064,112,112
msg,0,93,925,6015,1080,112,112
msg,0,94,932,6105,1085,112,112
msg,0,95,914,5553,1084,112,112
msg,0,96,935,17407,1066,112,112
msg,0,97,928,6030,1086,112,112
msg,0,98,933,5801,1083,112,112
msg,0,99,934,17019,1083,112,112
msg,0,100,927,7323,1073,112,112
msg,0,101,933,5549,1090,112,112
msg,0,102,934,6144,1082,112,112
msg,0,103,933,5517,1072,112,112
msg,0,104,1079,6426,1084,112,112
msg,0,105,927,18389,1082,112,112
msg,0,106,931,6732,1085,112,112
msg,0,107,928,5813,1085,112,112
msg,0,108,926,17565,1083,112,112
msg,0,109,931,7199,1088,112,112
msg,0,110,903,5604,1083,112,112
msg,0,111,932,14255,1069,112,112
msg,0,112,1088,8868,1075,112,112
msg,0,113,934,17961,1083,112,112
msg,0,114,925,6701,1083,112,112
msg,0,115,939,5663,1084,112,112
msg,0,116,931,17536,1067,112,112
msg,0,117,930,7465,1084,112,112
msg,0,118,936,8812,1078,112,112
msg,0,119,934,5500,1079,112,112
msg,0,120,926,5603,1083,112,112
msg,0,121,933,6702,1080,112,112
msg,0,122,938,17990,1078,112,112
msg,0,123,920,5774,1078,112,112
msg,0,124,940,5613,1079,112,112
msg,0,125,932,18962,1083,112,112
msg,0,126,938,6761,1160,112,112
msg,0,127,907,6385,1077,112,112
msg,0,128,932,7975,1081,112,112
msg,0,129,1080,5753,1082,112,112
msg,0,130,905,6010,1082,112,112
msg,0,131,930,18441,1084,112,112
msg,0,132,932,5825,1091,112,112
msg,0,133,932,6206,1063,112,112
msg,0,134,937,17967,1077,112,112
msg,0,135,926,7769,1078,112,112
msg,0,136,930,7261,1084,112,112
msg,0,137,901,6627,1079,112,112
msg,0,138,930,8044,1083,112,112
msg,0,139,925,7710,1085,112,112
msg,0,140,927,27841,1082,112,112
msg,0,141,941,21437,1080,112,112
msg,0,142,937,7708,1080,112,112
msg,0,143,933,6671,1085,112,112
msg,0,144,932,7043,1090,112,112
msg,0,145,902,7323,1074,112,112
msg,0,146,934,5766,1064,112,112
msg,0,147,931,17364,1165,112,112
msg,0,148,928,5595,1086,112,112
msg,0,149,901,7012,1095,112,112
msg,0,150,936,8113,1076,112,112
msg,0,151,929,10247,1169,112,112
msg,0,152,927,8754,1091,112,112
msg,0,153,930,8340,1079,112,112
msg,0,154,928,5661,1080,112,112
msg,0,155,943,9352,1089,112,112
msg,0,156,941,18631,1086,112,112
msg,0,157,926,7399,1079,112,112
msg,0,158,931,5512,1152,112,112
msg,0,159,930,19973,1086,112,112
msg,0,160,937,7569,1075,112,112
msg,0,161,931,6275,1088,112,112
msg,0,162,907,7833,1089,112,112
msg,0,163,935,7827,1078,112,112
msg,0,164,936,5579,1085,112,112
msg,0,165,906,17713,1085,112,112
msg,0,166,931,5769,1081,112,112
msg,0,167,928,6965,1083,112,112
msg,0,168,923,16386,1083,112,112
msg,0,169,938,7557,1078,112,112
msg,0,170,939,5823,1078,112,112
msg,0,171,936,7233,1081,112,112
msg,0,172,928,5818,1160,112,112
msg,0,173,930,5496,1083,112,112
msg,0,174,926,17079,1093,112,112
msg,0,175,938,5479,1082,112,112
msg,0,176,920,6205,1064,112,112
msg,0,177,926,18267,1080,112,112
msg,0,178,929,5509,1080,112,112
msg,0,179,930,5421,1228,112,112
msg,0,180,936,5605,1080,112,112
msg,0,181,931,8102,1074,112,112
msg,0,182,931,7111,1089,112,112
msg,0,183,933,5410,1076,112,112
msg,0,184,936,16298,1084,112,112
msg,0,185,922,5740,1086,112,112
msg,0,186,897,5736,1086,112,112
msg,0,187,903,18023,1243,112,112
msg,0,188,929,12492,1087,112,112
msg,0,189,927,5468,1083,112,112
msg,0,190,935,7323,1064,112,112
msg,0,191,936,7867,1076,112,112
msg,0,192,934,17690,1063,112,112
msg,0,193,933,7910,1085,112,112
msg,0,194,944,5455,1083,112,112
msg,0,195,932,16595,1084,112,112
msg,0,196,1476,7543,1197,112,112
msg,0,197,940,5516,1091,112,112
msg,0,198,930,5434,1085,112,112
msg,0,199,930,5989,1082,112,112
whole,0,343.005,2649.702,200
1,7.6220,282.2300,11.4890,301.3410,1393,7780,45,568,2,12,3,18,167060,66786.0,72311.0,58374.0,0.0,2,2,2,0
msg,1,0,1094,21524,1086,112,112
msg,1,1,935,6978,1080,112,112
msg,1,2,1021,7642,1080,112,112
msg,1,3,935,20872,1091,112,112
msg,1,4,936,7805,1085,112,112
msg,1,5,930,8432,1079,112,112
msg,1,6,930,5830,1080,112,112
msg,1,7,935,8744,1080,112,112
msg,1,8,933,18307,1082,112,112
msg,1,9,927,8204,1084,112,112
msg,1,10,937,6249,1083,112,112
msg,1,11,933,18537,1090,112,112
msg,1,12,929,5690,1076,112,112
msg,1,13,929,5878,1161,112,112
msg,1,14,905,7015,1081,112,112
msg,1,15,928,8175,1166,112,112
msg,1,16,927,8082,1085,112,112
msg,1,17,908,14117,1060,112,112
msg,1,18,934,8969,1080,112,112
msg,1,19,938,5724,1074,112,112
msg,1,20,944,17465,1081,112,112
msg,1,21,937,7610,1087,112,112
msg,1,22,904,5543,1084,112,112
msg,1,23,932,5604,1079,112,112
msg,1,24,928,8017,1086,112,112
msg,1,25,930,5816,1081,112,112
msg,1,26,930,19617,1081,112,112
msg,1,27,928,6671,1081,112,112
msg,1,28,935,22680,1078,112,112
msg,1,29,930,6985,1076,112,112
msg,1,30,936,6817,1079,112,112
msg,1,31,931,8915,1083,112,112
msg,1,32,903,8864,1087,112,112
msg,1,33,925,7263,1082,112,112
msg,1,34,939,18992,1079,112,112
msg,1,35,932,8771,1089,112,112
msg,1,36,930,17917,1090,112,112
msg,1,37,903,5703,1085,112,112
msg,1,38,938,5527,1081,112,112
msg,1,39,928,7816,1081,112,112
msg,1,40,934,7095,1083,112,112
msg,1,41,905,5592,1085,112,112
msg,1,42,932,20483,1078,112,112
msg,1,43,933,7052,1083,112,112
msg,1,44,937,6243,1063,112,112
msg,1,45,932,18603,1081,112,112
msg,1,46,930,5951,1064,112,112
msg,1,47,935,5678,1090,112,112
msg,1,48,942,7184,1085,112,112
msg,1,49,1019,5742,1084,112,112
msg,1,50,932,6915,1086,112,112
msg,1,51,928,17941,1083,112,112
msg,1,52,904,5741,1080,112,112
msg,1,53,901,6577,1083,112,112
msg,1,54,933,18000,1082,112,112
msg,1,55,913,10189,1068,112,112
msg,1,56,937,8905,1079,112,112
msg,1,57,934,7714,1074,112,112
msg,1,58,933,5972,1076,112,112
msg,1,59,931,21240,1083,112,112
msg,1,60,1015,5653,1088,112,112
msg,1,61,937,5466,1078,112,112
msg,1,62,925,18780,1084,112,112
msg,1,63,928,7004,1085,112,112
msg,1,64,925,6362,1080,112,112
msg,1,65,933,6384,1092,112,112
msg,1,66,931,5527,1081,112,112
msg,1,67,903,5627,1080,112,112
msg,1,68,932,21692,1083,112,112
msg,1,69,930,5579,1083,112,112
msg,1,70,933,9125,1088,112,112
msg,1,71,906,17744,1081,112,112
msg,1,72,903,5506,1083,112,112
msg,1,73,933,5486,1060,112,112
msg,1,74,929,5518,1089,112,112
msg,1,75,925,5637,1083,112,112
msg,1,76,899,6438,1084,112,112
msg,1,77,937,5739,1076,112,112
msg,1,78,919,12568,1066,112,112
msg,1,79,933,6294,1081,112,112
msg,1,80,938,6231,1067,112,112
msg,1,81,935,20313,1083,112,112
msg,1,82,932,7374,1078,112,112
msg,1,83,927,6040,1086,112,112
msg,1,84,935,6022,1083,112,112
msg,1,85,902,6151,1063,112,112
msg,1,86,934,5454,1085,112,112
msg,1,87,928,17792,1086,112,112
msg,1,88,926,6018,1061,112,112
msg,1,89,1085,7405,1088,112,112
msg,1,90,932,18494,1078,112,112
msg,1,91,940,8434,1082,112,112
msg,1,92,939,7710,1079,112,112
msg,1,93,927,7062,1088,112,112
msg,1,94,924,5740,1078,112,112
msg,1,95,929,5493,1071,112,112
msg,1,96,941,19708,1063,112,112
msg,1,97,927,6396,1085,112,112
msg,1,98,899,6700,1082,112,112
msg,1,99,927,13300,1067,112,112
msg,1,100,936,6623,1090,112,112
msg,1,101,936,5594,1087,112,112
msg,1,102,928,5476,1085,112,112
msg,1,103,929,5474,1077,112,112
msg,1,104,931,5619,1063,112,112
msg,1,105,939,5444,1086,112,112
msg,1,106,912,18461,1078,112,112
msg,1,107,930,6138,1087,112,112
msg,1,108,921,7511,1081,112,112
msg,1,109,929,15334,1062,112,112
msg,1,110,928,5611,1078,112,112
msg,1,111,934,5658,1082,112,112
msg,1,112,924,5506,1083,112,112
msg,1,113,933,7406,1077,112,112
msg,1,114,927,6918,1082,112,112
msg,1,115,940,18693,1072,112,112
msg,1,116,934,7667,1069,112,112
msg,1,117,928,8044,1082,112,112
msg,1,118,934,22077,1089,112,112
msg,1,119,906,9262,1077,112,112
msg,1,120,930,5827,1075,112,112
msg,1,121,944,5761,1073,112,112
msg,1,122,931,5668,1062,112,112
msg,1,123,939,5894,1078,112,112
msg,1,124,930,14821,1081,112,112
msg,1,125,1079,5812,1081,112,112
msg,1,126,937,5518,1076,112,112
msg,1,127,940,19929,1077,112,112
msg,1,128,931,7026,1081,112,112
msg,1,129,928,6140,1094,112,112
msg,1,130,928,7055,1079,112,112
msg,1,131,934,5748,1078,112,112
msg,1,132,931,5659,1144,112,112
msg,1,133,930,19102,1090,112,112
msg,1,134,933,7749,1085,112,112
msg,1,135,933,5417,1066,112,112
msg,1,136,1014,22978,1082,112,112
msg,1,137,945,6890,1086,112,112
msg,1,138,931,5701,1082,112,112
msg,1,139,943,5481,1075,112,112
msg,1,140,936,5962,1081,112,112
msg,1,141,933,5737,1076,112,112
msg,1,142,929,13061,1084,112,112
msg,1,143,942,7090,1090,112,112
msg,1,144,939,5711,1080,112,112
msg,1,145,932,20539,1083,112,112
msg,1,146,932,9890,1081,112,112
msg,1,147,931,5752,1082,112,112
msg,1,148,926,5821,1085,112,112
msg,1,149,928,6539,1082,112,112
msg,1,150,943,5866,1081,112,112
msg,1,151,902,16931,1080,112,112
msg,1,152,930,7208,1078,112,112
msg,1,153,927,5887,1084,112,112
msg,1,154,930,17644,1077,112,112
msg,1,155,930,9137,1082,112,112
msg,1,156,905,8004,1083,112,112
msg,1,157,936,6351,1086,112,112
msg,1,158,942,6564,1081,112,112
msg,1,159,931,5722,1075,112,112
msg,1,160,931,15455,1080,112,112
msg,1,161,943,5454,1089,112,112
msg,1,162,940,5520,1079,112,112
msg,1,163,931,19627,1082,112,112
msg,1,164,928,9132,1089,112,112
msg,1,165,930,5593,1081,112,112
msg,1,166,937,7478,1064,112,112
msg,1,167,941,6030,1082,112,112
msg,1,168,938,7500,1062,112,112
msg,1,169,931,13218,1084,112,112
msg,1,170,932,5816,1087,112,112
msg,1,171,930,7156,1093,112,112
msg,1,172,929,19039,1079,112,112
msg,1,173,924,6133,1084,112,112
msg,1,174,934,9703,1078,112,112
msg,1,175,931,6937,1086,112,112
msg,1,176,905,5574,1087,112,112
msg,1,177,935,5480,1073,112,112
msg,1,178,928,18818,1076,112,112
msg,1,179,943,8431,1086,112,112
msg,1,180,943,11474,1080,112,112
msg,1,181,937,10433,1080,112,112
msg,1,182,947,6938,1082,112,112
msg,1,183,940,7814,1084,112,112
msg,1,184,933,6269,1071,112,112
msg,1,185,940,6779,1067,112,112
msg,1,186,934,7718,1066,112,112
msg,1,187,940,89428,1089,112,112
msg,1,188,903,8937,1233,112,112
msg,1,189,933,30888,1066,112,112
msg,1,190,932,19375,1089,112,112
msg,1,191,906,10387,1080,112,112
msg,1,192,933,7615,1077,112,112
msg,1,193,932,6508,1073,112,112
msg,1,194,948,7802,1093,112,112
msg,1,195,928,18493,1084,112,112
msg,1,196,902,6927,1084,112,112
msg,1,197,931,7134,1077,112,112
msg,1,198,936,20614,1070,112,112
msg,1,199,1006,10189,1087,112,112
whole,1,332.090,2741.428,200
2,8.5940,281.2620,14.7380,304.5940,1393,7780,45,568,2,12,3,18,167060,66492.0,72691.0,58615.0,0.0,2,2,2,0
msg,2,0,1093,5839,1089,112,112
msg,2,1,945,6824,1086,112,112
msg,2,2,939,14482,1079,112,112
msg,2,3,927,7627,1069,112,112
msg,2,4,944,6292,1084,112,112
msg,2,5,930,18917,1089,112,112
msg,2,6,928,6045,1065,112,112
msg,2,7,936,6834,1062,112,112
msg,2,8,939,6176,1086,112,112
msg,2,9,929,6611,1080,112,112
msg,2,10,935,5547,1067,112,112
msg,2,11,943,17735,1063,112,112
msg,2,12,931,6493,1086,112,112
msg,2,13,932,8168,1080,112,112
msg,2,14,928,22343,1086,112,112
msg,2,15,931,5453,1163,112,112
msg,2,16,929,6488,1082,112,112
msg,2,17,937,7113,1085,112,112
msg,2,18,1105,6488,1083,112,112
msg,2,19,938,5651,1082,112,112
msg,2,20,925,13787,1084,112,112
msg,2,21,948,8664,1080,112,112
msg,2,22,937,7004,1082,112,112
msg,2,23,936,14048,1085,112,112
msg,2,24,930,7751,1081,112,112
msg,2,25,1007,5594,1079,112,112
msg,2,26,902,6318,1078,112,112
msg,2,27,1091,5506,1072,112,112
msg,2,28,931,5863,1081,112,112
msg,2,29,927,20646,1067,112,112
msg,2,30,927,5763,1065,112,112
msg,2,31,932,5770,1069,112,112
msg,2,32,933,18375,1086,112,112
msg,2,33,904,5704,1079,112,112
msg,2,34,937,5695,1081,112,112
msg,2,35,931,5633,1082,112,112
msg,2,36,931,6107,1088,112,112
msg,2,37,932,6368,1083,112,112
msg,2,38,940,7172,1082,112,112
msg,2,39,927,13646,1080,112,112
msg,2,40,932,7403,1075,112,112
msg,2,41,930,5418,1080,112,112
msg,2,42,934,19402,1079,112,112
msg,2,43,938,5504,1078,112,112
msg,2,44,937,5542,1058,112,112
msg,2,45,930,5430,1080,112,112
msg,2,46,951,5838,1079,112,112
msg,2,47,930,8458,1084,112,112
msg,2,48,931,18490,1090,112,112
msg,2,49,1024,7112,1092,112,112
msg,2,50,931,6118,1064,112,112
msg,2,51,933,19716,1065,112,112
msg,2,52,1004,6061,1088,112,112
msg,2,53,936,7121,1083,112,112
msg,2,54,927,6164,1077,112,112
msg,2,55,939,5564,1095,112,112
msg,2,56,933,6330,1085,112,112
msg,2,57,933,17969,1086,112,112
msg,2,58,935,6520,1081,112,112
msg,2,59,938,7869,1153,112,112
msg,2,60,901,18139,1067,112,112
msg,2,61,927,7874,1068,112,112
msg,2,62,931,5531,1085,112,112
msg,2,63,1084,5463,1088,112,112
msg,2,64,933,5797,1087,112,112
msg,2,65,927,10082,1068,112,112
msg,2,66,933,21460,1086,112,112
msg,2,67,923,5842,1085,112,112
msg,2,68,1011,18439,1161,112,112
msg,2,69,903,7120,1213,112,112
msg,2,70,932,5940,1082,112,112
msg,2,71,933,5772,1081,112,112
msg,2,72,928,6077,1085,112,112
msg,2,73,904,5870,1089,112,112
msg,2,74,930,5593,1083,112,112
msg,2,75,938,19349,1067,112,112
msg,2,76,934,8408,1088,112,112
msg,2,77,926,18205,1084,112,112
msg,2,78,928,8835,1080,112,112
msg,2,79,931,5582,1065,112,112
msg,2,80,940,5812,1077,112,112
msg,2,81,926,5404,1089,112,112
msg,2,82,931,9449,1084,112,112
msg,2,83,931,87710,1160,112,112
msg,2,84,937,7962,1086,112,112
msg,2,85,904,34186,1074,112,112
msg,2,86,942,19334,1085,112,112
msg,2,87,902,8073,1094,112,112
msg,2,88,1012,6132,1086,112,112
msg,2,89,933,7075,1083,112,112
msg,2,90,906,5562,1085,112,112
msg,2,91,932,5862,1081,112,112
msg,2,92,931,19465,1089,112,112
msg,2,93,931,7071,1079,112,112
msg,2,94,924,7547,1082,112,112
msg,2,95,928,14992,1077,112,112
msg,2,96,934,5622,1083,112,112
msg,2,97,936,7712,1087,112,112
msg,2,98,934,5495,1066,112,112
msg,2,99,930,7641,1086,112,112
msg,2,100,927,5662,1080,112,112
msg,2,101,929,19764,1083,112,112
msg,2,102,932,7499,1083,112,112
msg,2,103,929,8361,1078,112,112
msg,2,104,930,14297,1083,112,112
msg,2,105,900,6560,1083,112,112
msg,2,106,936,5785,1080,112,112
msg,2,107,940,7150,1081,112,112
msg,2,108,1018,10831,1060,112,112
msg,2,109,946,5475,1169,112,112
msg,2,110,937,19618,1080,112,112
msg,2,111,906,5870,1088,112,112
msg,2,112,929,7901,1167,112,112
msg,2,113,932,15029,1085,112,112
msg,2,114,931,7851,1087,112,112
msg,2,115,932,5573,1074,112,112
msg,2,116,921,5737,1076,112,112
msg,2,117,935,6239,1082,112,112
msg,2,118,926,5753,1168,112,112
msg,2,119,909,20247,1071,112,112
msg,2,120,933,5933,1079,112,112
msg,2,121,940,44837,1083,112,112
msg,2,122,930,12270,1080,112,112
msg,2,123,943,6512,1079,112,112
msg,2,124,926,19468,1078,112,112
msg,2,125,927,6880,1081,112,112
msg,2,126,942,6691,1074,112,112
msg,2,127,929,18863,1081,112,112
msg,2,128,927,5567,1082,112,112
msg,2,129,930,10114,1086,112,112
msg,2,130,940,8956,1081,112,112
msg,2,131,924,8743,1086,112,112
msg,2,132,930,18432,1085,112,112
msg,2,133,931,8679,1080,112,112
msg,2,134,936,9224,1082,112,112
msg,2,135,925,15578,1091,112,112
msg,2,136,939,9644,1085,112,112
msg,2,137,931,10936,1084,112,112
msg,2,138,904,5892,1083,112,112
msg,2,139,1015,11921,1062,112,112
msg,2,140,930,15634,1086,112,112
msg,2,141,936,5877,1061,112,112
msg,2,142,1021,5756,1069,112,112
msg,2,143,930,18300,1086,112,112
msg,2,144,929,8087,1090,112,112
msg,2,145,935,5587,1085,112,112
msg,2,146,928,5644,1085,112,112
msg,2,147,933,6898,1084,112,112
msg,2,148,930,5545,1086,112,112
msg,2,149,940,17149,1090,112,112
msg,2,150,931,5509,1084,112,112
msg,2,151,903,5736,1086,112,112
msg,2,152,902,18557,1087,112,112
msg,2,153,931,7413,1062,112,112
msg,2,154,928,5492,1088,112,112
msg,2,155,926,5450,1083,112,112
msg,2,156,942,5458,1153,112,112
msg,2,157,929,6699,1073,112,112
msg,2,158,937,5615,1062,112,112
msg,2,159,932,18631,1084,112,112
msg,2,160,942,5684,1086,112,112
msg,2,161,927,5577,1080,112,112
msg,2,162,937,16799,1094,112,112
msg,2,163,906,7243,1067,112,112
msg,2,164,933,5836,1072,112,112
msg,2,165,929,7410,1159,112,112
msg,2,166,946,8746,1081,112,112
msg,2,167,935,6118,1081,112,112
msg,2,168,936,13792,1082,112,112
msg,2,169,930,6320,1080,112,112
msg,2,170,925,5596,1086,112,112
msg,2,171,900,8086,1060,112,112
msg,2,172,930,9646,1084,112,112
msg,2,173,941,5562,1086,112,112
msg,2,174,911,5460,1084,112,112
msg,2,175,934,5674,1075,112,112
msg,2,176,941,6135,1094,112,112
msg,2,177,921,6877,1083,112,112
msg,2,178,904,19601,1078,112,112
msg,2,179,928,5550,1080,112,112
msg,2,180,937,5624,1077,112,112
msg,2,181,925,18726,1069,112,112
msg,2,182,933,8150,1080,112,112
msg,2,183,929,5536,1077,112,112
msg,2,184,933,5550,1141,112,112
msg,2,185,932,5629,1094,112,112
msg,2,186,932,5981,1076,112,112
msg,2,187,936,6046,1085,112,112
msg,2,188,933,16215,1086,112,112
msg,2,189,925,5474,1087,112,112
msg,2,190,927,5929,1085,112,112
msg,2,191,1080,17990,1073,112,112
msg,2,192,1016,7789,1075,112,112
msg,2,193,942,5465,1092,112,112
msg,2,194,931,6397,1081,112,112
msg,2,195,930,5965,1083,112,112
msg,2,196,930,5656,1084,112,112
msg,2,197,900,17753,1086,112,112
msg,2,198,925,5524,1617,112,112
msg,2,199,939,7408,1213,112,112
whole,2,320.369,2719.548,200
#heap 28068
#stack 3304
#end
#block pipeline TLS lorawan11_256 down
#aead AES-256-CTR+2xCMAC (LoRaWAN 1.1 frame, 256-bit keys) (BearSSL (arduino-pico)), downlink, 51 B payload + 13 B overhead
#lib wolfSSL 5.9.4
iter,tcp_ms,tls_ms,mqtt_ms,total_ms,hs_tx_B,hs_rx_B,mqtt_tx_B,mqtt_rx_B,hs_writes,hs_reads,writes,reads,free_heap_B,hs_keygen_us,hs_derive_us,hs_verify_us,hs_sign_us,hs_keygen_n,hs_derive_n,hs_verify_n,hs_sign_n
msg,iter,idx,seal_us,rtt_us,open_us,tx_B,rx_B
whole,iter,first_ms,all_ms,msgs
#suite TLS13-AES256-GCM-SHA384
0,7.6030,280.7940,14.9070,303.3040,1393,7780,45,568,2,12,3,18,167060,66453.0,72291.0,58308.0,0.0,2,2,2,0
msg,0,0,737,5403,725,112,112
msg,0,1,584,16458,731,112,112
msg,0,2,572,9691,720,112,112
msg,0,3,573,20424,721,112,112
msg,0,4,579,6462,723,112,112
msg,0,5,573,5933,723,112,112
msg,0,6,544,6792,727,112,112
msg,0,7,568,5575,731,112,112
msg,0,8,571,7504,729,112,112
msg,0,9,569,6155,728,112,112
msg,0,10,559,21413,719,112,112
msg,0,11,549,6179,721,112,112
msg,0,12,578,6324,731,112,112
msg,0,13,580,18350,730,112,112
msg,0,14,580,7585,733,112,112
msg,0,15,578,9009,726,112,112
msg,0,16,547,7131,798,112,112
msg,0,17,550,6554,692,112,112
msg,0,18,548,8973,726,112,112
msg,0,19,653,17769,721,112,112
msg,0,20,583,7588,697,112,112
msg,0,21,564,5464,725,112,112
msg,0,22,581,17120,731,112,112
msg,0,23,574,9814,722,112,112
msg,0,24,571,5844,690,112,112
msg,0,25,549,9566,728,112,112
msg,0,26,543,6358,696,112,112
msg,0,27,547,5697,726,112,112
msg,0,28,548,19894,803,112,112
msg,0,29,574,5632,721,112,112
msg,0,30,573,5783,691,112,112
msg,0,31,550,17648,723,112,112
msg,0,32,544,7916,730,112,112
msg,0,33,570,7608,722,112,112
msg,0,34,581,6239,798,112,112
msg,0,35,585,6116,722,112,112
msg,0,36,552,7288,691,112,112
msg,0,37,550,5606,695,112,112
msg,0,38,552,22574,727,112,112
msg,0,39,555,7745,724,112,112
msg,0,40,573,20052,694,112,112
msg,0,41,555,9867,725,112,112
msg,0,42,570,7528,728,112,112
msg,0,43,666,7211,726,112,112
msg,0,44,544,9271,690,112,112
msg,0,45,552,20957,726,112,112
msg,0,46,590,5988,692,112,112
msg,0,47,568,7597,692,112,112
msg,0,48,547,19269,724,112,112
msg,0,49,581,12067,729,112,112
msg,0,50,583,6372,802,112,112
msg,0,51,545,5888,730,112,112
msg,0,52,577,7159,727,112,112
msg,0,53,578,6015,695,112,112
msg,0,54,547,18218,724,112,112
msg,0,55,580,8445,731,112,112
msg,0,56,580,6131,720,112,112
msg,0,57,551,22002,728,112,112
msg,0,58,585,7302,726,112,112
msg,0,59,577,5894,696,112,112
msg,0,60,548,6199,733,112,112
msg,0,61,576,6176,732,112,112
msg,0,62,576,5780,727,112,112
msg,0,63,577,6065,721,112,112
msg,0,64,546,17597,729,112,112
msg,0,65,575,5644,728,112,112
msg,0,66,572,6164,730,112,112
msg,0,67,562,18356,698,112,112
msg,0,68,546,5836,717,112,112
msg,0,69,567,9784,732,112,112
msg,0,70,581,6160,728,112,112
msg,0,71,579,9875,725,112,112
msg,0,72,581,5959,727,112,112
msg,0,73,543,15880,732,112,112
msg,0,74,582,6447,725,112,112
msg,0,75,575,6038,694,112,112
msg,0,76,547,20189,726,112,112
msg,0,77,581,6725,691,112,112
msg,0,78,550,5636,721,112,112
msg,0,79,544,5677,727,112,112
msg,0,80,550,5970,722,112,112
msg,0,81,572,6113,730,112,112
msg,0,82,574,9168,694,112,112
msg,0,83,547,18822,725,112,112
msg,0,84,577,10154,699,112,112
msg,0,85,549,10308,691,112,112
msg,0,86,576,12631,696,112,112
msg,0,87,550,6783,721,112,112
msg,0,88,550,5896,727,112,112
msg,0,89,578,21935,695,112,112
msg,0,90,549,5824,720,112,112
msg,0,91,658,16671,731,112,112
msg,0,92,581,6201,726,112,112
msg,0,93,568,23176,692,112,112
msg,0,94,548,7608,727,112,112
msg,0,95,548,6786,723,112,112
msg,0,96,573,5401,725,112,112
msg,0,97,574,5562,722,112,112
msg,0,98,574,6678,724,112,112
msg,0,99,584,7510,728,112,112
msg,0,100,581,18796,697,112,112
msg,0,101,546,5664,721,112,112
msg,0,102,549,6192,697,112,112
msg,0,103,570,22818,725,112,112
msg,0,104,547,5654,726,112,112
msg,0,105,580,6164,696,112,112
msg,0,106,542,5560,794,112,112
msg,0,107,546,5758,730,112,112
msg,0,108,570,5627,726,112,112
msg,0,109,572,6744,723,112,112
msg,0,110,576,16811,689,112,112
msg,0,111,552,5820,728,112,112
msg,0,112,575,5548,730,112,112
msg,0,113,584,17952,697,112,112
msg,0,114,550,7756,727,112,112
msg,0,115,544,5722,727,112,112
msg,0,116,584,6491,802,112,112
msg,0,117,585,5575,725,112,112
msg,0,118,569,6444,727,112,112
msg,0,119,574,5763,691,112,112
msg,0,120,575,18913,725,112,112
msg,0,121,554,5585,724,112,112
msg,0,122,573,5912,728,112,112
msg,0,123,573,17622,694,112,112
msg,0,124,548,6554,698,112,112
msg,0,125,547,6299,719,112,112
msg,0,126,584,5497,1240,112,112
msg,0,127,608,5716,729,112,112
msg,0,128,579,5870,694,112,112
msg,0,129,547,5678,692,112,112
msg,0,130,543,19131,728,112,112
msg,0,131,577,9720,693,112,112
msg,0,132,549,7778,730,112,112
msg,0,133,543,17894,729,112,112
msg,0,134,585,6451,726,112,112
msg,0,135,579,9910,690,112,112
msg,0,136,545,7538,695,112,112
msg,0,137,549,8433,696,112,112
msg,0,138,546,6472,694,112,112
msg,0,139,573,17253,723,112,112
msg,0,140,574,5563,733,112,112
msg,0,141,573,5754,697,112,112
msg,0,142,551,17830,724,112,112
msg,0,143,544,13017,721,112,112
msg,0,144,588,6313,724,112,112
msg,0,145,577,5410,731,112,112
msg,0,146,578,5868,696,112,112
msg,0,147,547,6317,720,112,112
msg,0,148,576,5284,730,112,112
msg,0,149,575,14019,693,112,112
msg,0,150,551,6578,730,112,112
msg,0,151,555,6133,726,112,112
msg,0,152,584,18491,726,112,112
msg,0,153,583,8421,718,112,112
msg,0,154,574,6023,723,112,112
msg,0,155,550,6162,688,112,112
msg,0,156,544,8231,726,112,112
msg,0,157,582,5930,692,112,112
msg,0,158,547,5516,696,112,112
msg,0,159,549,14436,692,112,112
msg,0,160,544,6173,724,112,112
msg,0,161,574,6123,726,112,112
msg,0,162,581,19752,726,112,112
msg,0,163,581,8806,695,112,112
msg,0,164,548,5443,694,112,112
msg,0,165,578,5378,722,112,112
msg,0,166,574,6167,729,112,112
msg,0,167,579,5550,725,112,112
msg,0,168,585,5965,694,112,112
msg,0,169,552,17190,729,112,112
msg,0,170,574,6536,836,112,112
msg,0,171,575,5541,688,112,112
msg,0,172,570,5593,692,112,112
msg,0,173,548,13586,692,112,112
msg,0,174,546,6000,726,112,112
msg,0,175,572,7253,725,112,112
msg,0,176,541,9311,695,112,112
msg,0,177,552,5746,726,112,112
msg,0,178,554,5373,719,112,112
msg,0,179,554,7670,805,112,112
msg,0,180,577,17047,691,112,112
msg,0,181,555,6456,694,112,112
msg,0,182,576,6834,721,112,112
msg,0,183,544,18657,723,112,112
msg,0,184,576,6049,691,112,112
msg,0,185,557,7747,719,112,112
msg,0,186,547,11067,725,112,112
msg,0,187,581,6659,689,112,112
msg,0,188,573,6926,724,112,112
msg,0,189,547,17474,714,112,112
msg,0,190,546,6852,732,112,112
msg,0,191,575,6052,725,112,112
msg,0,192,558,19053,726,112,112
msg,0,193,574,6564,723,112,112
msg,0,194,570,7572,691,112,112
msg,0,195,578,5943,722,112,112
msg,0,196,551,5598,727,112,112
msg,0,197,576,5559,725,112,112
msg,0,198,581,5817,724,112,112
msg,0,199,577,17121,735,112,112
whole,0,319.689,2487.318,200
1,5.7450,290.8490,13.4330,310.0270,1393,7780,45,568,2,12,3,18,167060,66542.0,72345.0,58179.0,0.0,2,2,2,0
msg,1,0,704,17614,725,112,112
msg,1,1,550,5886,727,112,112
msg,1,2,572,5945,777,112,112
msg,1,3,549,5684,725,112,112
msg,1,4,546,5678,731,112,112
msg,1,5,568,5958,693,112,112
msg,1,6,570,10511,695,112,112
msg,1,7,576,12981,729,112,112
msg,1,8,574,6207,692,112,112
msg,1,9,545,5696,729,112,112
msg,1,10,548,20346,693,112,112
msg,1,11,551,5691,716,112,112
msg,1,12,549,6527,723,112,112
msg,1,13,549,6213,690,112,112
msg,1,14,548,6731,724,112,112
msg,1,15,551,5735,723,112,112
msg,1,16,583,5779,729,112,112
msg,1,17,581,17996,729,112,112
msg,1,18,552,5798,726,112,112
msg,1,19,580,5775,727,112,112
msg,1,20,578,5880,720,112,112
msg,1,21,557,16083,723,112,112
msg,1,22,578,7668,766,112,112
msg,1,23,551,7363,697,112,112
msg,1,24,575,8204,727,112,112
msg,1,25,660,7440,724,112,112
msg,1,26,574,6827,690,112,112
msg,1,27,547,15932,724,112,112
msg,1,28,572,5687,727,112,112
msg,1,29,573,5846,691,112,112
msg,1,30,551,5451,692,112,112
msg,1,31,587,16196,731,112,112
msg,1,32,575,6182,723,112,112
msg,1,33,551,6562,722,112,112
msg,1,34,542,5964,727,112,112
msg,1,35,580,6067,724,112,112
msg,1,36,572,7055,694,112,112
msg,1,37,552,21683,696,112,112
msg,1,38,544,5713,723,112,112
msg,1,39,544,5881,730,112,112
msg,1,40,576,5735,695,112,112
msg,1,41,569,20019,738,112,112
msg,1,42,580,6151,723,112,112
msg,1,43,551,5481,692,112,112
msg,1,44,546,5795,726,112,112
msg,1,45,570,6040,696,112,112
msg,1,46,549,6967,722,112,112
msg,1,47,580,19110,692,112,112
msg,1,48,551,6113,731,112,112
msg,1,49,573,5464,734,112,112
msg,1,50,579,5481,798,112,112
msg,1,51,579,16149,727,112,112
msg,1,52,575,7151,694,112,112
msg,1,53,550,5520,692,112,112
msg,1,54,545,5706,721,112,112
msg,1,55,554,6430,721,112,112
msg,1,56,545,6252,693,112,112
msg,1,57,552,6152,732,112,112
msg,1,58,575,25001,694,112,112
msg,1,59,558,5838,727,112,112
msg,1,60,577,18130,694,112,112
msg,1,61,551,6063,726,112,112
msg,1,62,577,6223,722,112,112
msg,1,63,581,5688,718,112,112
msg,1,64,576,5424,726,112,112
msg,1,65,573,6438,730,112,112
msg,1,66,573,7424,728,112,112
msg,1,67,576,17153,690,112,112
msg,1,68,544,5700,726,112,112
msg,1,69,546,5513,725,112,112
msg,1,70,547,5439,729,112,112
msg,1,71,551,16905,728,112,112
msg,1,72,575,6151,720,112,112
msg,1,73,546,5483,719,112,112
msg,1,74,553,5450,688,112,112
msg,1,75,551,5565,722,112,112
msg,1,76,544,7060,710,112,112
msg,1,77,571,6291,725,112,112
msg,1,78,572,16321,730,112,112
msg,1,79,587,5785,729,112,112
msg,1,80,575,6118,726,112,112
msg,1,81,553,5570,720,112,112
msg,1,82,572,15411,720,112,112
msg,1,83,542,5484,729,112,112
msg,1,84,553,5441,726,112,112
msg,1,85,629,5528,724,112,112
msg,1,86,549,5488,724,112,112
msg,1,87,545,7672,728,112,112
msg,1,88,575,5619,728,112,112
msg,1,89,580,17115,717,112,112
msg,1,90,545,6054,725,112,112
msg,1,91,573,5420,731,112,112
msg,1,92,572,5396,728,112,112
msg,1,93,581,16524,726,112,112
msg,1,94,573,5728,696,112,112
msg,1,95,573,5579,693,112,112
msg,1,96,546,6945,726,112,112
msg,1,97,571,5481,723,112,112
msg,1,98,578,5653,725,112,112
msg,1,99,573,5511,729,112,112
msg,1,100,581,17090,724,112,112
msg,1,101,553,5927,730,112,112
msg,1,102,570,6117,726,112,112
msg,1,103,545,5501,715,112,112
msg,1,104,553,13031,726,112,112
msg,1,105,575,6562,728,112,112
msg,1,106,578,5485,723,112,112
msg,1,107,575,5475,729,112,112
msg,1,108,565,5767,726,112,112
msg,1,109,555,6023,723,112,112
msg,1,110,588,6092,719,112,112
msg,1,111,575,19169,692,112,112
msg,1,112,553,6590,690,112,112
msg,1,113,548,5676,728,112,112
msg,1,114,550,20011,722,112,112
msg,1,115,589,6016,720,112,112
msg,1,116,576,9735,724,112,112
msg,1,117,577,7839,699,112,112
msg,1,118,544,6117,733,112,112
msg,1,119,573,5984,689,112,112
msg,1,120,546,6330,693,112,112
msg,1,121,573,20967,722,112,112
msg,1,122,570,5736,732,112,112
msg,1,123,575,20023,694,112,112
msg,1,124,550,6097,807,112,112
msg,1,125,574,5868,717,112,112
msg,1,126,549,5544,723,112,112
msg,1,127,554,5633,730,112,112
msg,1,128,545,5653,726,112,112
msg,1,129,587,5489,722,112,112
msg,1,130,582,5746,728,112,112
msg,1,131,574,16557,722,112,112
msg,1,132,577,6002,722,112,112
msg,1,133,583,5426,724,112,112
msg,1,134,557,19642,724,112,112
msg,1,135,573,5617,720,112,112
msg,1,136,575,5968,695,112,112
msg,1,137,552,5466,694,112,112
msg,1,138,698,5742,725,112,112
msg,1,139,576,6444,724,112,112
msg,1,140,558,5736,730,112,112
msg,1,141,576,17542,723,112,112
msg,1,142,584,7756,699,112,112
msg,1,143,573,6033,727,112,112
msg,1,144,575,8519,728,112,112
msg,1,145,585,14190,724,112,112
msg,1,146,546,5638,724,112,112
msg,1,147,547,5743,727,112,112
msg,1,148,584,5853,692,112,112
msg,1,149,545,10544,695,112,112
msg,1,150,550,6072,726,112,112
msg,1,151,572,19653,726,112,112
msg,1,152,574,6931,692,112,112
msg,1,153,555,7068,720,112,112
msg,1,154,580,17419,725,112,112
msg,1,155,583,5789,688,112,112
msg,1,156,546,5776,727,112,112
msg,1,157,545,5818,728,112,112
msg,1,158,576,5427,725,112,112
msg,1,159,573,5453,726,112,112
msg,1,160,575,10954,693,112,112
msg,1,161,574,15421,722,112,112
msg,1,162,575,6180,724,112,112
msg,1,163,576,6131,693,112,112
msg,1,164,552,18109,723,112,112
msg,1,165,573,7630,696,112,112
msg,1,166,578,6072,728,112,112
msg,1,167,587,5851,691,112,112
msg,1,168,554,5823,729,112,112
msg,1,169,542,6462,726,112,112
msg,1,170,541,6217,694,112,112
msg,1,171,549,22037,726,112,112
msg,1,172,577,6879,729,112,112
msg,1,173,565,5865,724,112,112
msg,1,174,544,16802,726,112,112
msg,1,175,575,7454,729,112,112
msg,1,176,576,5726,729,112,112
msg,1,177,588,6206,728,112,112
msg,1,178,576,5440,731,112,112
msg,1,179,662,7060,692,112,112
msg,1,180,554,6000,729,112,112
msg,1,181,575,19079,725,112,112
msg,1,182,553,5716,729,112,112
msg,1,183,576,5857,725,112,112
msg,1,184,578,20962,726,112,112
msg,1,185,555,6079,717,112,112
msg,1,186,577,5821,691,112,112
msg,1,187,545,5664,724,112,112
msg,1,188,554,5597,722,112,112
msg,1,189,574,7397,728,112,112
msg,1,190,543,19314,697,112,112
msg,1,191,550,6136,802,112,112
msg,1,192,577,6117,730,112,112
msg,1,193,576,19721,726,112,112
msg,1,194,574,7138,724,112,112
msg,1,195,542,5963,724,112,112
msg,1,196,579,7816,691,112,112
msg,1,197,548,10309,688,112,112
msg,1,198,572,5711,691,112,112
msg,1,199,549,19596,700,112,112
whole,1,335.886,2344.824,200
2,4.8680,288.8660,19.7530,313.4870,1393,7780,45,568,2,12,3,18,167060,66600.0,70607.0,58316.0,0.0,2,2,2,0
msg,2,0,733,18193,722,112,112
msg,2,1,548,5948,731,112,112
msg,2,2,588,6068,721,112,112
msg,2,3,544,6132,695,112,112
msg,2,4,545,5879,727,112,112
msg,2,5,549,5564,729,112,112
msg,2,6,1161,6088,732,112,112
msg,2,7,585,15576,727,112,112
msg,2,8,573,5713,691,112,112
msg,2,9,567,5628,694,112,112
msg,2,10,548,5805,725,112,112
msg,2,11,544,16873,732,112,112
msg,2,12,572,9245,728,112,112
msg,2,13,572,6356,730,112,112
msg,2,14,547,5499,722,112,112
msg,2,15,545,5855,732,112,112
msg,2,16,573,5842,695,112,112
msg,2,17,547,19921,723,112,112
msg,2,18,577,6517,727,112,112
msg,2,19,572,6532,729,112,112
msg,2,20,577,9812,722,112,112
msg,2,21,582,15081,727,112,112
msg,2,22,575,6202,692,112,112
msg,2,23,548,5902,726,112,112
msg,2,24,571,5697,729,112,112
msg,2,25,576,5440,815,112,112
msg,2,26,577,5501,721,112,112
msg,2,27,593,20126,726,112,112
msg,2,28,574,8210,724,112,112
msg,2,29,550,5700,725,112,112
msg,2,30,575,18612,730,112,112
msg,2,31,574,7063,697,112,112
msg,2,32,547,5544,693,112,112
msg,2,33,547,5380,693,112,112
msg,2,34,549,5402,691,112,112
msg,2,35,577,5429,727,112,112
msg,2,36,580,5417,719,112,112
msg,2,37,577,5582,724,112,112
msg,2,38,575,16357,729,112,112
msg,2,39,576,5921,718,112,112
msg,2,40,550,6018,726,112,112
msg,2,41,585,20061,728,112,112
msg,2,42,554,6491,724,112,112
msg,2,43,557,6583,722,112,112
msg,2,44,571,5753,731,112,112
msg,2,45,578,5987,723,112,112
msg,2,46,548,5482,696,112,112
msg,2,47,549,5802,727,112,112
msg,2,48,576,19206,692,112,112
msg,2,49,547,6632,726,112,112
msg,2,50,543,5496,731,112,112
msg,2,51,542,19997,727,112,112
msg,2,52,583,6160,723,112,112
msg,2,53,573,6817,721,112,112
msg,2,54,588,6494,728,112,112
msg,2,55,578,6191,740,112,112
msg,2,56,574,6246,729,112,112
msg,2,57,551,6019,719,112,112
msg,2,58,577,16453,722,112,112
msg,2,59,656,6846,724,112,112
msg,2,60,551,5526,722,112,112
msg,2,61,545,22741,728,112,112
msg,2,62,666,6269,726,112,112
msg,2,63,575,6271,691,112,112
msg,2,64,555,7037,730,112,112
msg,2,65,571,7341,727,112,112
msg,2,66,576,7177,723,112,112
msg,2,67,548,33880,720,112,112
msg,2,68,578,17689,722,112,112
msg,2,69,578,6597,694,112,112
msg,2,70,553,7041,723,112,112
msg,2,71,581,6527,723,112,112
msg,2,72,577,5649,730,112,112
msg,2,73,574,5899,691,112,112
msg,2,74,556,6032,725,112,112
msg,2,75,578,19969,694,112,112
msg,2,76,545,6703,728,112,112
msg,2,77,544,5746,856,112,112
msg,2,78,578,19524,732,112,112
msg,2,79,574,5672,694,112,112
msg,2,80,578,6058,723,112,112
msg,2,81,580,7977,691,112,112
msg,2,82,545,6210,720,112,112
msg,2,83,575,6100,720,112,112
msg,2,84,543,6842,725,112,112
msg,2,85,570,12846,690,112,112
msg,2,86,556,6525,691,112,112
msg,2,87,571,5563,697,112,112
msg,2,88,546,20758,725,112,112
msg,2,89,550,5991,727,112,112
msg,2,90,572,5521,727,112,112
msg,2,91,574,8848,692,112,112
msg,2,92,553,9517,695,112,112
msg,2,93,548,5738,720,112,112
msg,2,94,558,19725,731,112,112
msg,2,95,571,6085,696,112,112
msg,2,96,547,5949,728,112,112
msg,2,97,572,20329,723,112,112
msg,2,98,573,6101,691,112,112
msg,2,99,547,5528,691,112,112
msg,2,100,550,5606,696,112,112
msg,2,101,546,7722,728,112,112
msg,2,102,567,6993,728,112,112
msg,2,103,573,7971,725,112,112
msg,2,104,571,18279,692,112,112
msg,2,105,544,5815,731,112,112
msg,2,106,731,5504,726,112,112
msg,2,107,574,17854,694,112,112
msg,2,108,548,5918,723,112,112
msg,2,109,575,5778,801,112,112
msg,2,110,583,5795,692,112,112
msg,2,111,551,6343,699,112,112
msg,2,112,546,5633,695,112,112
msg,2,113,550,5543,693,112,112
msg,2,114,547,19202,727,112,112
msg,2,115,576,6095,727,112,112
msg,2,116,579,5698,728,112,112
msg,2,117,574,5421,723,112,112
msg,2,118,576,16425,723,112,112
msg,2,119,573,5728,722,112,112
msg,2,120,574,6154,728,112,112
msg,2,121,575,5760,729,112,112
msg,2,122,577,5384,728,112,112
msg,2,123,584,5579,723,112,112
msg,2,124,571,7528,724,112,112
msg,2,125,581,19305,730,112,112
msg,2,126,589,6866,699,112,112
msg,2,127,543,5960,729,112,112
msg,2,128,580,19342,724,112,112
msg,2,129,575,7377,723,112,112
msg,2,130,543,6461,722,112,112
msg,2,131,544,5886,722,112,112
msg,2,132,574,6334,730,112,112
msg,2,133,578,5470,727,112,112
msg,2,134,585,20748,727,112,112
msg,2,135,573,6846,696,112,112
msg,2,136,546,5472,693,112,112
msg,2,137,548,10664,689,112,112
msg,2,138,553,11084,728,112,112
msg,2,139,570,5755,695,112,112
msg,2,140,546,6797,721,112,112
msg,2,141,548,6189,697,112,112
msg,2,142,545,5788,732,112,112
msg,2,143,553,5492,724,112,112
msg,2,144,544,6385,697,112,112
msg,2,145,560,19542,695,112,112
msg,2,146,553,6898,726,112,112
msg,2,147,578,6145,721,112,112
msg,2,148,545,17823,730,112,112
msg,2,149,575,5894,694,112,112
msg,2,150,549,7007,726,112,112
msg,2,151,573,6043,696,112,112
msg,2,152,546,5804,726,112,112
msg,2,153,544,5535,723,112,112
msg,2,154,545,5786,727,112,112
msg,2,155,579,19178,723,112,112
msg,2,156,547,6922,729,112,112
msg,2,157,580,6119,803,112,112
msg,2,158,586,21442,729,112,112
msg,2,159,572,7139,695,112,112
msg,2,160,549,6614,697,112,112
msg,2,161,554,6292,692,112,112
msg,2,162,546,5452,691,112,112
msg,2,163,570,5863,722,112,112
msg,2,164,550,32573,729,112,112
msg,2,165,555,5957,727,112,112
msg,2,166,574,17799,694,112,112
msg,2,167,544,8761,728,112,112
msg,2,168,546,7164,694,112,112
msg,2,169,543,5626,693,112,112
msg,2,170,548,5486,695,112,112
msg,2,171,549,6065,729,112,112
msg,2,172,567,6299,726,112,112
msg,2,173,587,14733,732,112,112
msg,2,174,585,5646,726,112,112
msg,2,175,576,5564,694,112,112
msg,2,176,550,18299,727,112,112
msg,2,177,583,6043,720,112,112
msg,2,178,554,6921,728,112,112
msg,2,179,582,6631,723,112,112
msg,2,180,578,6306,727,112,112
msg,2,181,573,8138,726,112,112
msg,2,182,547,5518,722,112,112
msg,2,183,542,18590,729,112,112
msg,2,184,586,5786,728,112,112
msg,2,185,582,5534,723,112,112
msg,2,186,581,17833,697,112,112
msg,2,187,548,5567,721,112,112
msg,2,188,553,6980,814,112,112
msg,2,189,583,9322,723,112,112
msg,2,190,581,6084,720,112,112
msg,2,191,547,5876,723,112,112
msg,2,192,578,5535,732,112,112
msg,2,193,580,15107,722,112,112
msg,2,194,555,6009,726,112,112
msg,2,195,573,5896,726,112,112
msg,2,196,544,5391,698,112,112
msg,2,197,550,16313,732,112,112
msg,2,198,572,5862,725,112,112
msg,2,199,548,5879,729,112,112
whole,2,340.791,2403.922,200
#heap 28068
#stack 3296
#end
#block pipeline mTLS lorawan11 up
#aead LoRaWAN-1.1 AES-128-CTR+2xCMAC (BearSSL (arduino-pico)), uplink, 51 B payload + 13 B overhead
#lib wolfSSL 5.9.4
iter,tcp_ms,tls_ms,mqtt_ms,total_ms,hs_tx_B,hs_rx_B,mqtt_tx_B,mqtt_rx_B,hs_writes,hs_reads,writes,reads,free_heap_B,hs_keygen_us,hs_derive_us,hs_verify_us,hs_sign_us,hs_keygen_n,hs_derive_n,hs_verify_n,hs_sign_n
msg,iter,idx,seal_us,rtt_us,open_us,tx_B,rx_B
whole,iter,first_ms,all_ms,msgs
#suite TLS13-AES256-GCM-SHA384
0,4.7190,796.1900,33.7440,834.6530,7890,7950,45,8600,4,14,5,20,160348,67639.0,72681.0,58649.0,445513.0,2,2,2,1
msg,0,0,848,19803,854,112,112
msg,0,1,673,6545,853,112,112
msg,0,2,699,6698,856,112,112
msg,0,3,702,16373,856,112,112
msg,0,4,671,9512,848,112,112
msg,0,5,672,7187,821,112,112
msg,0,6,676,7306,823,112,112
msg,0,7,681,7696,856,112,112
msg,0,8,705,5920,855,112,112
msg,0,9,700,14142,847,112,112
msg,0,10,669,6174,822,112,112
msg,0,11,675,5806,855,112,112
msg,0,12,702,19182,854,112,112
msg,0,13,702,6344,858,112,112
msg,0,14,704,5763,851,112,112
msg,0,15,698,5614,856,112,112
msg,0,16,701,5895,848,112,112
msg,0,17,699,6771,853,112,112
msg,0,18,705,7084,857,112,112
msg,0,19,709,19118,857,112,112
msg,0,20,712,6498,817,112,112
msg,0,21,675,5602,855,112,112
msg,0,22,699,18289,858,112,112
msg,0,23,698,7964,823,112,112
msg,0,24,673,5617,851,112,112
msg,0,25,707,5888,917,112,112
msg,0,26,698,5615,857,112,112
msg,0,27,702,6793,841,112,112
msg,0,28,672,5933,849,112,112
msg,0,29,699,15261,856,112,112
msg,0,30,707,5569,845,112,112
msg,0,31,673,5594,850,112,112
msg,0,32,711,17384,852,112,112
msg,0,33,704,5838,854,112,112
msg,0,34,709,6146,848,112,112
msg,0,35,664,5663,854,112,112
msg,0,36,707,5526,856,112,112
msg,0,37,676,6208,847,112,112
msg,0,38,698,6004,851,112,112
msg,0,39,702,17664,824,112,112
msg,0,40,671,5540,852,112,112
msg,0,41,700,6546,854,112,112
msg,0,42,703,19056,853,112,112
msg,0,43,702,5588,850,112,112
msg,0,44,694,5563,846,112,112
msg,0,45,674,5494,852,112,112
msg,0,46,710,5532,851,112,112
msg,0,47,695,5644,845,112,112
msg,0,48,705,5567,857,112,112
msg,0,49,708,19709,819,112,112
msg,0,50,679,5605,852,112,112
msg,0,51,700,5489,854,112,112
msg,0,52,697,5590,822,112,112
msg,0,53,673,12645,1413,112,112
msg,0,54,689,6093,855,112,112
msg,0,55,700,6383,847,112,112
msg,0,56,670,6903,856,112,112
msg,0,57,701,9647,826,112,112
msg,0,58,672,7099,850,112,112
msg,0,59,709,24320,859,112,112
msg,0,60,676,6594,930,112,112
msg,0,61,700,28649,860,112,112
msg,0,62,698,7505,917,112,112
msg,0,63,680,5622,852,112,112
msg,0,64,711,5555,857,112,112
msg,0,65,701,5676,851,112,112
msg,0,66,700,7181,854,112,112
msg,0,67,708,19015,823,112,112
msg,0,68,672,5909,928,112,112
msg,0,69,705,6032,851,112,112
msg,0,70,697,15755,823,112,112
msg,0,71,687,7174,821,112,112
msg,0,72,670,5814,853,112,112
msg,0,73,701,6812,820,112,112
msg,0,74,673,5523,851,112,112
msg,0,75,697,5684,852,112,112
msg,0,76,697,6104,859,112,112
msg,0,77,702,20162,857,112,112
msg,0,78,703,9269,859,112,112
msg,0,79,702,19506,854,112,112
msg,0,80,672,7192,854,112,112
msg,0,81,674,5606,845,112,112
msg,0,82,699,5792,858,112,112
msg,0,83,706,6289,936,112,112
msg,0,84,681,5891,853,112,112
msg,0,85,701,7104,850,112,112
msg,0,86,694,21263,853,112,112
msg,0,87,711,5519,851,112,112
msg,0,88,674,5389,821,112,112
msg,0,89,677,17736,856,112,112
msg,0,90,695,8197,858,112,112
msg,0,91,706,6086,850,112,112
msg,0,92,707,5456,851,112,112
msg,0,93,787,5838,849,112,112
msg,0,94,697,5444,850,112,112
msg,0,95,701,19993,855,112,112
msg,0,96,710,6278,843,112,112
msg,0,97,694,6171,847,112,112
msg,0,98,695,19175,841,112,112
msg,0,99,686,5659,932,112,112
msg,0,100,700,5673,819,112,112
msg,0,101,674,6053,853,112,112
msg,0,102,676,6002,854,112,112
msg,0,103,700,5874,848,112,112
msg,0,104,704,5479,853,112,112
msg,0,105,708,17952,851,112,112
msg,0,106,701,6709,859,112,112
msg,0,107,697,5861,850,112,112
msg,0,108,706,18941,822,112,112
msg,0,109,672,5748,857,112,112
msg,0,110,702,5745,820,112,112
msg,0,111,678,5632,853,112,112
msg,0,112,700,5463,858,112,112
msg,0,113,699,5969,854,112,112
msg,0,114,700,5461,986,112,112
msg,0,115,707,18611,929,112,112
msg,0,116,698,5870,854,112,112
msg,0,117,675,5487,851,112,112
msg,0,118,668,5481,857,112,112
msg,0,119,700,15885,912,112,112
msg,0,120,673,6773,859,112,112
msg,0,121,699,5500,850,112,112
msg,0,122,679,6416,822,112,112
msg,0,123,672,5901,859,112,112
msg,0,124,700,6138,989,112,112
msg,0,125,718,20790,851,112,112
msg,0,126,712,5552,854,112,112
msg,0,127,700,5973,849,112,112
msg,0,128,703,20070,854,112,112
msg,0,129,786,6037,842,112,112
msg,0,130,676,6012,852,112,112
msg,0,131,675,5513,844,112,112
msg,0,132,683,5732,857,112,112
msg,0,133,708,6554,854,112,112
msg,0,134,815,6241,823,112,112
msg,0,135,674,21237,821,112,112
msg,0,136,674,6291,824,112,112
msg,0,137,674,6003,852,112,112
msg,0,138,701,17231,852,112,112
msg,0,139,710,5760,851,112,112
msg,0,140,694,5535,852,112,112
msg,0,141,713,5581,822,112,112
msg,0,142,681,5541,853,112,112
msg,0,143,699,5526,860,112,112
msg,0,144,694,6728,848,112,112
msg,0,145,700,15633,855,112,112
msg,0,146,701,5570,851,112,112
msg,0,147,669,5708,853,112,112
msg,0,148,698,5441,847,112,112
msg,0,149,703,15300,856,112,112
msg,0,150,700,5420,854,112,112
msg,0,151,673,5552,841,112,112
msg,0,152,675,6104,821,112,112
msg,0,153,671,6084,852,112,112
msg,0,154,696,5916,855,112,112
msg,0,155,708,6020,850,112,112
msg,0,156,702,18646,862,112,112
msg,0,157,697,6969,851,112,112
msg,0,158,697,5431,851,112,112
msg,0,159,702,19070,849,112,112
msg,0,160,710,5583,846,112,112
msg,0,161,672,5651,849,112,112
msg,0,162,702,6094,816,112,112
msg,0,163,672,6788,851,112,112
msg,0,164,691,6765,846,112,112
msg,0,165,675,6092,819,112,112
msg,0,166,677,12931,857,112,112
msg,0,167,702,5677,914,112,112
msg,0,168,712,5498,844,112,112
msg,0,169,710,19808,822,112,112
msg,0,170,678,5830,851,112,112
msg,0,171,703,5939,854,112,112
msg,0,172,705,5996,823,112,112
msg,0,173,675,5527,986,112,112
msg,0,174,707,6003,850,112,112
msg,0,175,702,5501,856,112,112
msg,0,176,699,17979,852,112,112
msg,0,177,698,6201,848,112,112
msg,0,178,700,7232,849,112,112
msg,0,179,708,18517,851,112,112
msg,0,180,708,8222,856,112,112
msg,0,181,699,5523,858,112,112
msg,0,182,697,5688,851,112,112
msg,0,183,708,5492,855,112,112
msg,0,184,702,5871,844,112,112
msg,0,185,668,9034,851,112,112
msg,0,186,670,15382,918,112,112
msg,0,187,675,5657,852,112,112
msg,0,188,700,5696,816,112,112
msg,0,189,675,17569,850,112,112
msg,0,190,699,5760,848,112,112
msg,0,191,678,6734,852,112,112
msg,0,192,702,5425,856,112,112
msg,0,193,701,5438,854,112,112
msg,0,194,705,7535,820,112,112
msg,0,195,679,6911,864,112,112
msg,0,196,705,17668,849,112,112
msg,0,197,670,5585,847,112,112
msg,0,198,700,6879,843,112,112
msg,0,199,669,19688,933,112,112
whole,0,863.777,2947.322,200
1,13.5010,428.6310,46.0660,488.1980,7890,7950,45,8600,4,14,5,20,160348,66483.0,72731.0,58454.0,87106.0,2,2,2,1
msg,1,0,860,6430,853,112,112
msg,1,1,720,8165,846,112,112
msg,1,2,674,6195,821,112,112
msg,1,3,676,5568,848,112,112
msg,1,4,702,5550,855,112,112
msg,1,5,700,5632,820,112,112
msg,1,6,671,16996,856,112,112
msg,1,7,700,7483,818,112,112
msg,1,8,674,5684,855,112,112
msg,1,9,701,17632,849,112,112
msg,1,10,682,6714,853,112,112
msg,1,11,701,6379,850,112,112
msg,1,12,696,5481,853,112,112
msg,1,13,710,5477,818,112,112
msg,1,14,684,5581,850,112,112
msg,1,15,700,5420,856,112,112
msg,1,16,785,17648,820,112,112
msg,1,17,676,5826,854,112,112
msg,1,18,706,6016,855,112,112
msg,1,19,699,8067,851,112,112
msg,1,20,702,10595,857,112,112
msg,1,21,703,9138,851,112,112
msg,1,22,697,5804,825,112,112
msg,1,23,678,5710,858,112,112
msg,1,24,700,5487,850,112,112
msg,1,25,698,5445,823,112,112
msg,1,26,676,5501,848,112,112
msg,1,27,698,15902,847,112,112
msg,1,28,674,5510,843,112,112
msg,1,29,674,5636,851,112,112
msg,1,30,703,20260,859,112,112
msg,1,31,853,6749,851,112,112
msg,1,32,705,8308,856,112,112
msg,1,33,697,5482,857,112,112
msg,1,34,702,5486,852,112,112
msg,1,35,675,5787,935,112,112
msg,1,36,713,19530,851,112,112
msg,1,37,702,5619,844,112,112
msg,1,38,701,5551,852,112,112
msg,1,39,712,5460,851,112,112
msg,1,40,700,15819,850,112,112
msg,1,41,699,7095,844,112,112
msg,1,42,704,8673,930,112,112
msg,1,43,706,6274,859,112,112
msg,1,44,699,5640,849,112,112
msg,1,45,671,5912,855,112,112
msg,1,46,698,17953,853,112,112
msg,1,47,712,5435,862,112,112
msg,1,48,702,5476,822,112,112
msg,1,49,673,5706,850,112,112
msg,1,50,711,13299,845,112,112
msg,1,51,702,6098,851,112,112
msg,1,52,701,5743,848,112,112
msg,1,53,674,5518,845,112,112
msg,1,54,709,5637,848,112,112
msg,1,55,699,7184,938,112,112
msg,1,56,701,10025,848,112,112
msg,1,57,697,15055,849,112,112
msg,1,58,695,5626,851,112,112
msg,1,59,712,6455,852,112,112
msg,1,60,678,20766,854,112,112
msg,1,61,703,7995,845,112,112
msg,1,62,672,8657,858,112,112
msg,1,63,699,10820,929,112,112
msg,1,64,710,6095,816,112,112
msg,1,65,675,18834,850,112,112
msg,1,66,700,5874,850,112,112
msg,1,67,702,6379,855,112,112
msg,1,68,699,19418,854,112,112
msg,1,69,700,6173,855,112,112
msg,1,70,702,6626,818,112,112
msg,1,71,680,7424,843,112,112
msg,1,72,676,7853,929,112,112
msg,1,73,673,6048,850,112,112
msg,1,74,694,6056,850,112,112
msg,1,75,709,16679,853,112,112
msg,1,76,671,5861,858,112,112
msg,1,77,693,5963,855,112,112
msg,1,78,698,18698,856,112,112
msg,1,79,700,5628,845,112,112
msg,1,80,675,5807,855,112,112
msg,1,81,698,5804,846,112,112
msg,1,82,698,5806,853,112,112
msg,1,83,712,8197,850,112,112
msg,1,84,711,5778,854,112,112
msg,1,85,783,15853,820,112,112
msg,1,86,683,5522,849,112,112
msg,1,87,702,5607,851,112,112
msg,1,88,705,20114,852,112,112
msg,1,89,700,5968,849,112,112
msg,1,90,701,5728,851,112,112
msg,1,91,696,5504,823,112,112
msg,1,92,669,6571,853,112,112
msg,1,93,702,9241,852,112,112
msg,1,94,700,18585,850,112,112
msg,1,95,708,5711,851,112,112
msg,1,96,700,9271,853,112,112
msg,1,97,703,19543,856,112,112
msg,1,98,699,5844,850,112,112
msg,1,99,701,5438,855,112,112
msg,1,100,700,5420,855,112,112
msg,1,101,696,6282,855,112,112
msg,1,102,699,5597,816,112,112
msg,1,103,683,5952,837,112,112
msg,1,104,706,19435,850,112,112
msg,1,105,687,6215,851,112,112
msg,1,106,669,6520,854,112,112
msg,1,107,699,17588,856,112,112
msg,1,108,692,7936,847,112,112
msg,1,109,711,6504,854,112,112
msg,1,110,704,5443,862,112,112
msg,1,111,694,5435,853,112,112
msg,1,112,675,5652,851,112,112
msg,1,113,699,20693,932,112,112
msg,1,114,672,6118,850,112,112
msg,1,115,703,6295,861,112,112
msg,1,116,676,19061,853,112,112
msg,1,117,705,7757,849,112,112
msg,1,118,694,6475,860,112,112
msg,1,119,703,6054,851,112,112
msg,1,120,714,5495,854,112,112
msg,1,121,697,5548,853,112,112
msg,1,122,671,5535,850,112,112
msg,1,123,666,18966,849,112,112
msg,1,124,672,5582,844,112,112
msg,1,125,705,5640,838,112,112
msg,1,126,711,17451,928,112,112
msg,1,127,673,6318,819,112,112
msg,1,128,686,5717,855,112,112
msg,1,129,706,5551,863,112,112
msg,1,130,714,5674,848,112,112
msg,1,131,709,7295,851,112,112
msg,1,132,708,5669,852,112,112
msg,1,133,701,21756,853,112,112
msg,1,134,700,6124,849,112,112
msg,1,135,703,5573,860,112,112
msg,1,136,699,17258,849,112,112
msg,1,137,699,5853,855,112,112
msg,1,138,694,5492,1402,112,112
msg,1,139,684,5837,852,112,112
msg,1,140,699,5466,852,112,112
msg,1,141,671,5612,854,112,112
msg,1,142,699,7402,855,112,112
msg,1,143,696,14060,852,112,112
msg,1,144,700,6191,849,112,112
msg,1,145,697,7384,853,112,112
msg,1,146,713,8192,853,112,112
msg,1,147,703,10152,853,112,112
msg,1,148,712,5621,856,112,112
msg,1,149,702,5629,818,112,112
msg,1,150,675,5477,850,112,112
msg,1,151,704,8627,854,112,112
msg,1,152,781,12997,854,112,112
msg,1,153,715,16719,823,112,112
msg,1,154,671,6018,844,112,112
msg,1,155,698,5509,822,112,112
msg,1,156,673,16815,852,112,112
msg,1,157,696,6182,853,112,112
msg,1,158,706,6301,852,112,112
msg,1,159,694,6851,846,112,112
msg,1,160,701,6410,852,112,112
msg,1,161,701,5542,850,112,112
msg,1,162,703,6167,854,112,112
msg,1,163,708,15790,851,112,112
msg,1,164,707,5609,989,112,112
msg,1,165,699,5501,820,112,112
msg,1,166,683,5537,848,112,112
msg,1,167,698,12667,851,112,112
msg,1,168,715,5784,851,112,112
msg,1,169,704,6210,846,112,112
msg,1,170,703,5473,852,112,112
msg,1,171,698,6950,845,112,112
msg,1,172,698,7347,852,112,112
msg,1,173,698,5861,816,112,112
msg,1,174,671,18256,820,112,112
msg,1,175,671,5516,852,112,112
msg,1,176,708,6234,850,112,112
msg,1,177,700,19511,850,112,112
msg,1,178,704,5807,819,112,112
msg,1,179,678,5565,853,112,112
msg,1,180,698,8270,856,112,112
msg,1,181,781,8112,858,112,112
msg,1,182,708,5956,824,112,112
msg,1,183,679,18048,851,112,112
msg,1,184,676,5919,854,112,112
msg,1,185,694,5870,852,112,112
msg,1,186,708,19736,855,112,112
msg,1,187,697,6218,862,112,112
msg,1,188,705,5664,846,112,112
msg,1,189,696,17489,855,112,112
msg,1,190,700,6354,852,112,112
msg,1,191,699,5536,846,112,112
msg,1,192,678,17355,822,112,112
msg,1,193,674,5471,848,112,112
msg,1,194,699,5595,857,112,112
msg,1,195,704,18804,844,112,112
msg,1,196,777,5514,856,112,112
msg,1,197,700,6785,818,112,112
msg,1,198,674,5458,852,112,112
msg,1,199,705,6207,849,112,112
whole,1,511.617,2583.502,200
2,7.6930,392.0760,31.9330,431.7020,7890,7950,45,8600,4,14,5,20,160348,66569.0,72501.0,58320.0,51529.0,2,2,2,1
msg,2,0,857,6414,860,112,112
msg,2,1,703,7634,851,112,112
msg,2,2,675,17601,851,112,112
msg,2,3,697,5539,854,112,112
msg,2,4,782,6279,854,112,112
msg,2,5,707,5931,848,112,112
msg,2,6,699,5446,855,112,112
msg,2,7,696,5367,853,112,112
msg,2,8,694,5844,852,112,112
msg,2,9,696,15258,854,112,112
msg,2,10,705,5830,822,112,112
msg,2,11,681,5499,852,112,112
msg,2,12,702,5416,850,112,112
msg,2,13,705,15304,853,112,112
msg,2,14,700,8135,854,112,112
msg,2,15,702,6380,859,112,112
msg,2,16,701,5601,822,112,112
msg,2,17,675,5681,849,112,112
msg,2,18,704,5474,853,112,112
msg,2,19,698,5807,855,112,112
msg,2,20,696,17671,857,112,112
msg,2,21,704,9578,824,112,112
msg,2,22,675,18889,857,112,112
msg,2,23,699,6164,851,112,112
msg,2,24,708,5799,847,112,112
msg,2,25,697,5839,850,112,112
msg,2,26,702,9684,847,112,112
msg,2,27,699,5500,856,112,112
msg,2,28,704,5984,853,112,112
msg,2,29,706,17266,854,112,112
msg,2,30,700,8723,846,112,112
msg,2,31,693,5924,937,112,112
msg,2,32,696,15935,848,112,112
msg,2,33,701,6630,858,112,112
msg,2,34,703,5475,847,112,112
msg,2,35,681,5620,840,112,112
msg,2,36,700,5595,855,112,112
msg,2,37,700,6750,850,112,112
msg,2,38,699,5717,856,112,112
msg,2,39,700,20182,851,112,112
msg,2,40,699,8201,854,112,112
msg,2,41,702,19730,826,112,112
msg,2,42,672,5732,851,112,112
msg,2,43,702,5480,850,112,112
msg,2,44,707,7901,859,112,112
msg,2,45,700,5539,851,112,112
msg,2,46,696,6131,855,112,112
msg,2,47,698,6312,857,112,112
msg,2,48,704,18929,851,112,112
msg,2,49,697,5510,854,112,112
msg,2,50,715,5552,824,112,112
msg,2,51,677,23579,846,112,112
msg,2,52,699,5680,850,112,112
msg,2,53,697,5521,845,112,112
msg,2,54,680,5651,853,112,112
msg,2,55,698,5706,823,112,112
msg,2,56,675,5646,857,112,112
msg,2,57,698,5627,845,112,112
msg,2,58,699,16359,857,112,112
msg,2,59,678,6711,847,112,112
msg,2,60,709,7239,854,112,112
msg,2,61,697,13867,825,112,112
msg,2,62,672,5850,859,112,112
msg,2,63,697,5601,821,112,112
msg,2,64,674,5704,851,112,112
msg,2,65,699,5509,855,112,112
msg,2,66,700,5547,968,112,112
msg,2,67,673,6103,820,112,112
msg,2,68,670,18881,856,112,112
msg,2,69,701,6372,855,112,112
msg,2,70,692,6866,857,112,112
msg,2,71,700,17614,856,112,112
msg,2,72,697,6029,855,112,112
msg,2,73,703,5516,931,112,112
msg,2,74,673,5532,851,112,112
msg,2,75,700,5503,853,112,112
msg,2,76,700,5521,859,112,112
msg,2,77,704,5522,822,112,112
msg,2,78,680,19477,847,112,112
msg,2,79,710,7695,937,112,112
msg,2,80,700,6047,855,112,112
msg,2,81,700,17597,827,112,112
msg,2,82,677,5991,856,112,112
msg,2,83,702,5639,848,112,112
msg,2,84,671,5547,855,112,112
msg,2,85,710,5576,852,112,112
msg,2,86,696,5974,853,112,112
msg,2,87,696,8752,822,112,112
msg,2,88,670,15752,852,112,112
msg,2,89,695,6177,859,112,112
msg,2,90,700,6382,856,112,112
msg,2,91,700,18320,855,112,112
msg,2,92,701,6017,851,112,112
msg,2,93,701,5555,853,112,112
msg,2,94,674,5750,855,112,112
msg,2,95,702,5442,985,112,112
msg,2,96,704,5814,854,112,112
msg,2,97,709,6089,844,112,112
msg,2,98,672,18321,848,112,112
msg,2,99,709,5602,858,112,112
msg,2,100,702,5815,849,112,112
msg,2,101,704,19853,849,112,112
msg,2,102,708,6197,942,112,112
msg,2,103,675,5947,857,112,112
msg,2,104,698,5831,851,112,112
msg,2,105,725,6552,854,112,112
msg,2,106,712,5867,847,112,112
msg,2,107,699,5766,850,112,112
msg,2,108,763,20255,818,112,112
msg,2,109,672,5572,852,112,112
msg,2,110,699,7297,847,112,112
msg,2,111,697,22198,852,112,112
msg,2,112,700,6005,825,112,112
msg,2,113,769,5873,853,112,112
msg,2,114,707,5671,861,112,112
msg,2,115,692,5766,849,112,112
msg,2,116,701,5804,841,112,112
msg,2,117,677,17659,926,112,112
msg,2,118,701,6957,821,112,112
msg,2,119,671,5770,853,112,112
msg,2,120,703,18273,857,112,112
msg,2,121,701,7250,854,112,112
msg,2,122,702,6012,846,112,112
msg,2,123,699,5838,822,112,112
msg,2,124,677,5763,854,112,112
msg,2,125,699,6741,817,112,112
msg,2,126,676,6594,852,112,112
msg,2,127,702,18745,855,112,112
msg,2,128,677,5746,851,112,112
msg,2,129,702,8070,844,112,112
msg,2,130,705,16876,851,112,112
msg,2,131,676,6543,848,112,112
msg,2,132,703,6338,853,112,112
msg,2,133,862,6848,827,112,112
msg,2,134,678,5817,857,112,112
msg,2,135,712,6183,853,112,112
msg,2,136,703,5461,854,112,112
msg,2,137,700,13042,855,112,112
msg,2,138,709,5497,847,112,112
msg,2,139,675,5507,925,112,112
msg,2,140,696,5812,843,112,112
msg,2,141,701,16658,857,112,112
msg,2,142,699,6360,849,112,112
msg,2,143,699,6628,859,112,112
msg,2,144,711,5504,822,112,112
msg,2,145,676,6019,852,112,112
msg,2,146,705,5552,844,112,112
msg,2,147,672,5548,852,112,112
msg,2,148,699,13320,852,112,112
msg,2,149,702,5618,852,112,112
msg,2,150,672,5464,835,112,112
msg,2,151,671,5428,851,112,112
msg,2,152,700,20788,849,112,112
msg,2,153,698,6159,986,112,112
msg,2,154,675,6383,822,112,112
msg,2,155,675,5662,855,112,112
msg,2,156,702,5855,819,112,112
msg,2,157,685,5843,856,112,112
msg,2,158,707,16979,855,112,112
msg,2,159,697,5984,819,112,112
msg,2,160,674,5529,855,112,112
msg,2,161,705,5485,856,112,112
msg,2,162,702,15857,1370,112,112
msg,2,163,731,7142,862,112,112
msg,2,164,693,9912,849,112,112
msg,2,165,704,5897,854,112,112
msg,2,166,785,5573,856,112,112
msg,2,167,700,6822,848,112,112
msg,2,168,701,18633,854,112,112
msg,2,169,702,5832,851,112,112
msg,2,170,700,5397,853,112,112
msg,2,171,703,19732,850,112,112
msg,2,172,672,6076,984,112,112
msg,2,173,670,6627,849,112,112
msg,2,174,701,8192,844,112,112
msg,2,175,718,5601,854,112,112
msg,2,176,695,5520,855,112,112
msg,2,177,670,19779,857,112,112
msg,2,178,702,5655,848,112,112
msg,2,179,675,5913,857,112,112
msg,2,180,695,5476,852,112,112
msg,2,181,710,15688,853,112,112
msg,2,182,704,5937,820,112,112
msg,2,183,674,5563,853,112,112
msg,2,184,697,5494,854,112,112
msg,2,185,702,5851,848,112,112
msg,2,186,675,7146,822,112,112
msg,2,187,675,21745,855,112,112
msg,2,188,702,5524,845,112,112
msg,2,189,695,5566,843,112,112
msg,2,190,677,5788,858,112,112
msg,2,191,708,14797,850,112,112
msg,2,192,699,6241,848,112,112
msg,2,193,703,5506,852,112,112
msg,2,194,699,6851,935,112,112
msg,2,195,704,7473,853,112,112
msg,2,196,714,6013,849,112,112
msg,2,197,696,5646,853,112,112
msg,2,198,701,13017,857,112,112
msg,2,199,711,5549,822,112,112
whole,2,447.044,2491.479,200
#heap 39026
#stack 3400
#end
#block pipeline mTLS lorawan11 down
#aead LoRaWAN-1.1 AES-128-CTR+2xCMAC (BearSSL (arduino-pico)), downlink, 51 B payload + 13 B overhead
#lib wolfSSL 5.9.4
iter,tcp_ms,tls_ms,mqtt_ms,total_ms,hs_tx_B,hs_rx_B,mqtt_tx_B,mqtt_rx_B,hs_writes,hs_reads,writes,reads,free_heap_B,hs_keygen_us,hs_derive_us,hs_verify_us,hs_sign_us,hs_keygen_n,hs_derive_n,hs_verify_n,hs_sign_n
msg,iter,idx,seal_us,rtt_us,open_us,tx_B,rx_B
whole,iter,first_ms,all_ms,msgs
#suite TLS13-AES256-GCM-SHA384
0,5.7650,391.2690,41.6960,438.7300,7890,7950,45,8600,4,14,5,20,160348,66464.0,72831.0,58215.0,51299.0,2,2,2,1
msg,0,0,569,5712,585,112,112
msg,0,1,411,5906,599,112,112
msg,0,2,440,8006,560,112,112
msg,0,3,446,6203,591,112,112
msg,0,4,407,6013,598,112,112
msg,0,5,407,9884,596,112,112
msg,0,6,440,17019,561,112,112
msg,0,7,446,7111,553,112,112
msg,0,8,414,5986,592,112,112
msg,0,9,407,19036,597,112,112
msg,0,10,444,7005,554,112,112
msg,0,11,443,8688,556,112,112
msg,0,12,447,5940,559,112,112
msg,0,13,409,5683,559,112,112
msg,0,14,441,5496,597,112,112
msg,0,15,440,5567,599,112,112
msg,0,16,415,18349,558,112,112
msg,0,17,425,5794,557,112,112
msg,0,18,413,5725,562,112,112
msg,0,19,416,18336,592,112,112
msg,0,20,439,11766,591,112,112
msg,0,21,450,6726,589,112,112
msg,0,22,1007,5858,560,112,112
msg,0,23,419,5732,557,112,112
msg,0,24,420,5595,559,112,112
msg,0,25,409,7030,591,112,112
msg,0,26,502,16580,555,112,112
msg,0,27,417,6724,561,112,112
msg,0,28,416,6188,591,112,112
msg,0,29,422,17446,558,112,112
msg,0,30,414,6007,589,112,112
msg,0,31,413,6804,588,112,112
msg,0,32,423,7487,554,112,112
msg,0,33,411,5905,558,112,112
msg,0,34,411,6323,588,112,112
msg,0,35,442,5564,596,112,112
msg,0,36,439,17839,590,112,112
msg,0,37,441,6427,592,112,112
msg,0,38,410,5810,596,112,112
msg,0,39,407,5882,595,112,112
msg,0,40,414,17089,557,112,112
msg,0,41,441,8331,590,112,112
msg,0,42,421,6900,594,112,112
msg,0,43,415,5672,588,112,112
msg,0,44,413,6047,591,112,112
msg,0,45,442,5648,595,112,112
msg,0,46,441,5608,587,112,112
msg,0,47,421,15227,559,112,112
msg,0,48,438,6845,567,112,112
msg,0,49,450,5646,560,112,112
msg,0,50,441,5847,561,112,112
msg,0,51,440,16123,596,112,112
msg,0,52,414,5742,557,112,112
msg,0,53,415,7925,590,112,112
msg,0,54,416,5840,590,112,112
msg,0,55,414,5497,561,112,112
msg,0,56,416,8795,559,112,112
msg,0,57,415,6667,554,112,112
msg,0,58,412,19783,561,112,112
msg,0,59,768,7534,558,112,112
msg,0,60,428,5464,556,112,112
msg,0,61,447,15931,647,112,112
msg,0,62,425,6587,561,112,112
msg,0,63,445,5774,559,112,112
msg,0,64,595,6787,560,112,112
msg,0,65,413,7560,559,112,112
msg,0,66,445,6467,666,112,112
msg,0,67,442,5606,589,112,112
msg,0,68,409,20416,557,112,112
msg,0,69,413,5781,559,112,112
msg,0,70,411,5552,563,112,112
msg,0,71,441,19454,595,112,112
msg,0,72,445,6301,564,112,112
msg,0,73,422,8988,594,112,112
msg,0,74,412,7540,558,112,112
msg,0,75,418,6648,557,112,112
msg,0,76,444,5534,591,112,112
msg,0,77,440,20136,562,112,112
msg,0,78,414,6111,591,112,112
msg,0,79,424,5731,674,112,112
msg,0,80,422,5606,589,112,112
msg,0,81,408,21369,556,112,112
msg,0,82,443,6777,556,112,112
msg,0,83,442,5842,558,112,112
msg,0,84,418,5529,592,112,112
msg,0,85,438,6742,591,112,112
msg,0,86,450,5962,559,112,112
msg,0,87,410,19591,557,112,112
msg,0,88,441,6001,555,112,112
msg,0,89,412,5730,563,112,112
msg,0,90,413,6133,589,112,112
msg,0,91,416,16535,558,112,112
msg,0,92,414,6619,563,112,112
msg,0,93,443,7250,586,112,112
msg,0,94,414,5725,587,112,112
msg,0,95,408,6075,591,112,112
msg,0,96,442,8634,594,112,112
msg,0,97,445,5790,590,112,112
msg,0,98,445,14155,567,112,112
msg,0,99,415,5898,561,112,112
msg,0,100,411,5776,558,112,112
msg,0,101,410,5618,563,112,112
msg,0,102,413,17619,560,112,112
msg,0,103,452,5834,560,112,112
msg,0,104,442,5471,592,112,112
msg,0,105,445,5404,581,112,112
msg,0,106,414,5406,561,112,112
msg,0,107,437,5581,589,112,112
msg,0,108,437,5407,593,112,112
msg,0,109,411,5388,558,112,112
msg,0,110,440,18862,555,112,112
msg,0,111,415,5472,587,112,112
msg,0,112,436,5333,594,112,112
msg,0,113,413,20457,564,112,112
msg,0,114,416,5959,561,112,112
msg,0,115,412,5755,557,112,112
msg,0,116,413,5900,591,112,112
msg,0,117,423,5912,591,112,112
msg,0,118,409,12439,557,112,112
msg,0,119,418,18483,592,112,112
msg,0,120,443,6244,588,112,112
msg,0,121,412,8439,557,112,112
msg,0,122,455,18776,557,112,112
msg,0,123,448,5988,554,112,112
msg,0,124,432,5683,564,112,112
msg,0,125,413,5705,559,112,112
msg,0,126,416,8397,586,112,112
msg,0,127,453,7160,561,112,112
msg,0,128,416,5742,560,112,112
msg,0,129,417,17498,560,112,112
msg,0,130,454,5884,558,112,112
msg,0,131,410,5914,562,112,112
msg,0,132,415,5610,555,112,112
msg,0,133,443,22307,596,112,112
msg,0,134,415,6053,587,112,112
msg,0,135,442,6572,590,112,112
msg,0,136,436,5926,590,112,112
msg,0,137,440,5634,589,112,112
msg,0,138,439,5574,592,112,112
msg,0,139,411,5863,602,112,112
msg,0,140,431,16584,589,112,112
msg,0,141,412,5778,594,112,112
msg,0,142,411,5705,588,112,112
msg,0,143,419,18142,593,112,112
msg,0,144,439,6115,563,112,112
msg,0,145,412,5685,561,112,112
msg,0,146,417,5540,583,112,112
msg,0,147,456,5641,588,112,112
msg,0,148,442,6231,553,112,112
msg,0,149,414,5727,556,112,112
msg,0,150,518,5993,560,112,112
msg,0,151,456,19107,557,112,112
msg,0,152,424,5814,593,112,112
msg,0,153,410,5821,592,112,112
msg,0,154,412,19798,593,112,112
msg,0,155,423,7375,554,112,112
msg,0,156,447,5914,559,112,112
msg,0,157,411,6673,560,112,112
msg,0,158,416,5878,557,112,112
msg,0,159,420,6903,555,112,112
msg,0,160,411,6174,593,112,112
msg,0,161,450,14316,563,112,112
msg,0,162,416,6488,556,112,112
msg,0,163,444,8729,558,112,112
msg,0,164,439,17982,560,112,112
msg,0,165,410,6287,591,112,112
msg,0,166,413,6230,558,112,112
msg,0,167,417,5985,558,112,112
msg,0,168,416,5977,594,112,112
msg,0,169,414,6278,556,112,112
msg,0,170,531,6176,592,112,112
msg,0,171,418,19322,555,112,112
msg,0,172,443,7059,557,112,112
msg,0,173,414,5903,588,112,112
msg,0,174,410,5691,1095,112,112
msg,0,175,461,20839,565,112,112
msg,0,176,458,5997,561,112,112
msg,0,177,506,5851,591,112,112
msg,0,178,419,8233,587,112,112
msg,0,179,443,6498,590,112,112
msg,0,180,411,6728,593,112,112
msg,0,181,409,19711,585,112,112
msg,0,182,413,5683,591,112,112
msg,0,183,422,6370,561,112,112
msg,0,184,457,17943,560,112,112
msg,0,185,412,7744,559,112,112
msg,0,186,411,5461,592,112,112
msg,0,187,436,5604,594,112,112
msg,0,188,453,6911,589,112,112
msg,0,189,451,7575,594,112,112
msg,0,190,441,5784,593,112,112
msg,0,191,439,17070,559,112,112
msg,0,192,446,5743,558,112,112
msg,0,193,528,5453,590,112,112
msg,0,194,437,5802,594,112,112
msg,0,195,442,21891,561,112,112
msg,0,196,445,7474,595,112,112
msg,0,197,447,6250,561,112,112
msg,0,198,414,5752,555,112,112
msg,0,199,1042,6281,563,112,112
whole,0,456.200,2431.634,200
1,5.3810,542.8300,45.4910,593.7020,7890,7950,45,8600,4,14,5,20,160348,66735.0,72808.0,58494.0,203117.0,2,2,2,1
msg,1,0,570,8927,596,112,112
msg,1,1,443,17721,594,112,112
msg,1,2,434,6966,589,112,112
msg,1,3,448,6254,590,112,112
msg,1,4,412,18297,554,112,112
msg,1,5,440,6303,593,112,112
msg,1,6,409,5899,667,112,112
msg,1,7,409,6088,560,112,112
msg,1,8,444,5978,556,112,112
msg,1,9,411,6153,588,112,112
msg,1,10,409,5880,594,112,112
msg,1,11,412,6127,561,112,112
msg,1,12,450,13719,565,112,112
msg,1,13,438,7311,584,112,112
msg,1,14,412,5887,594,112,112
msg,1,15,410,19277,558,112,112
msg,1,16,413,6281,595,112,112
msg,1,17,415,5537,594,112,112
msg,1,18,412,8052,587,112,112
msg,1,19,421,5848,592,112,112
msg,1,20,445,5758,589,112,112
msg,1,21,440,5509,590,112,112
msg,1,22,418,19615,560,112,112
msg,1,23,414,6841,592,112,112
msg,1,24,415,7991,599,112,112
msg,1,25,407,18623,595,112,112
msg,1,26,411,6355,556,112,112
msg,1,27,443,5779,563,112,112
msg,1,28,440,6351,590,112,112
msg,1,29,414,5825,600,112,112
msg,1,30,442,5898,558,112,112
msg,1,31,444,6005,559,112,112
msg,1,32,421,5968,588,112,112
msg,1,33,416,17795,597,112,112
msg,1,34,411,6535,560,112,112
msg,1,35,410,6994,560,112,112
msg,1,36,411,17451,561,112,112
msg,1,37,456,6007,565,112,112
msg,1,38,411,5708,558,112,112
msg,1,39,409,5595,563,112,112
msg,1,40,443,6126,559,112,112
msg,1,41,415,6993,595,112,112
msg,1,42,414,5584,601,112,112
msg,1,43,496,17746,591,112,112
msg,1,44,413,5931,593,112,112
msg,1,45,416,5513,553,112,112
msg,1,46,417,5525,556,112,112
msg,1,47,443,23697,562,112,112
msg,1,48,441,5918,558,112,112
msg,1,49,415,5339,593,112,112
msg,1,50,442,5458,591,112,112
msg,1,51,411,5590,558,112,112
msg,1,52,417,5449,593,112,112
msg,1,53,439,5632,589,112,112
msg,1,54,438,17886,598,112,112
msg,1,55,444,5552,596,112,112
msg,1,56,436,7619,669,112,112
msg,1,57,437,18815,656,112,112
msg,1,58,453,6751,586,112,112
msg,1,59,441,5508,588,112,112
msg,1,60,415,5512,559,112,112
msg,1,61,413,6784,557,112,112
msg,1,62,409,5489,556,112,112
msg,1,63,449,5379,589,112,112
msg,1,64,406,18599,588,112,112
msg,1,65,415,6947,594,112,112
msg,1,66,413,6941,595,112,112
msg,1,67,447,9860,561,112,112
msg,1,68,446,11587,591,112,112
msg,1,69,445,5914,560,112,112
msg,1,70,444,5804,562,112,112
msg,1,71,440,5795,558,112,112
msg,1,72,445,5512,593,112,112
msg,1,73,441,6352,558,112,112
msg,1,74,503,6573,557,112,112
msg,1,75,411,17060,593,112,112
msg,1,76,414,5750,591,112,112
msg,1,77,412,6328,639,112,112
msg,1,78,416,5976,561,112,112
msg,1,79,418,20470,557,112,112
msg,1,80,452,6166,594,112,112
msg,1,81,423,5740,554,112,112
msg,1,82,413,5675,560,112,112
msg,1,83,413,5587,559,112,112
msg,1,84,442,5882,560,112,112
msg,1,85,415,6672,561,112,112
msg,1,86,442,17661,559,112,112
msg,1,87,439,5676,588,112,112
msg,1,88,446,5646,596,112,112
msg,1,89,451,18179,563,112,112
msg,1,90,409,6870,559,112,112
msg,1,91,408,5702,654,112,112
msg,1,92,424,5547,557,112,112
msg,1,93,454,5817,558,112,112
msg,1,94,442,5654,559,112,112
msg,1,95,445,5517,591,112,112
msg,1,96,456,5662,584,112,112
msg,1,97,412,16979,594,112,112
msg,1,98,448,5846,668,112,112
msg,1,99,439,5814,561,112,112
msg,1,100,447,192962,560,112,112
msg,1,101,413,451788,571,112,112
msg,1,102,423,7186,592,112,112
msg,1,103,449,6904,592,112,112
msg,1,104,438,6436,593,112,112
msg,1,105,426,6218,556,112,112
msg,1,106,448,19610,590,112,112
msg,1,107,450,6575,594,112,112
msg,1,108,411,6358,558,112,112
msg,1,109,419,20383,591,112,112
msg,1,110,439,6128,559,112,112
msg,1,111,425,6480,589,112,112
msg,1,112,537,6268,595,112,112
msg,1,113,415,6339,558,112,112
msg,1,114,442,7188,597,112,112
msg,1,115,410,6620,556,112,112
msg,1,116,413,17338,587,112,112
msg,1,117,442,6923,553,112,112
msg,1,118,446,6081,556,112,112
msg,1,119,410,20239,597,112,112
msg,1,120,442,8555,594,112,112
msg,1,121,413,5902,597,112,112
msg,1,122,441,5545,593,112,112
msg,1,123,417,5846,593,112,112
msg,1,124,416,6041,586,112,112
msg,1,125,449,5599,592,112,112
msg,1,126,444,18877,593,112,112
msg,1,127,437,5873,562,112,112
msg,1,128,1025,5720,597,112,112
msg,1,129,413,5762,593,112,112
msg,1,130,419,17408,561,112,112
msg,1,131,412,5792,559,112,112
msg,1,132,493,5517,558,112,112
msg,1,133,443,6010,555,112,112
msg,1,134,416,5926,597,112,112
msg,1,135,409,6865,589,112,112
msg,1,136,418,5613,559,112,112
msg,1,137,415,17352,587,112,112
msg,1,138,451,5813,557,112,112
msg,1,139,447,6161,555,112,112
msg,1,140,425,5742,558,112,112
msg,1,141,424,17775,562,112,112
msg,1,142,411,5698,554,112,112
msg,1,143,423,5788,560,112,112
msg,1,144,413,5560,699,112,112
msg,1,145,425,5514,595,112,112
msg,1,146,440,8684,592,112,112
msg,1,147,442,6076,646,112,112
msg,1,148,409,19591,557,112,112
msg,1,149,453,6248,592,112,112
msg,1,150,411,34952,601,112,112
msg,1,151,443,8640,591,112,112
msg,1,152,412,6287,560,112,112
msg,1,153,416,7912,556,112,112
msg,1,154,412,8189,590,112,112
msg,1,155,416,21351,562,112,112
msg,1,156,415,5937,593,112,112
msg,1,157,410,6535,562,112,112
msg,1,158,414,19229,591,112,112
msg,1,159,413,9960,591,112,112
msg,1,160,442,6324,555,112,112
msg,1,161,420,6244,596,112,112
msg,1,162,437,6419,592,112,112
msg,1,163,422,5879,666,112,112
msg,1,164,434,20189,560,112,112
msg,1,165,418,6715,559,112,112
msg,1,166,444,5913,559,112,112
msg,1,167,416,5663,556,112,112
msg,1,168,441,16427,594,112,112
msg,1,169,442,5755,592,112,112
msg,1,170,437,5692,594,112,112
msg,1,171,439,5568,594,112,112
msg,1,172,413,5667,592,112,112
msg,1,173,412,5766,592,112,112
msg,1,174,417,5682,561,112,112
msg,1,175,413,19669,560,112,112
msg,1,176,411,6336,595,112,112
msg,1,177,441,5769,593,112,112
msg,1,178,454,5791,591,112,112
msg,1,179,438,16645,594,112,112
msg,1,180,440,6000,556,112,112
msg,1,181,443,5816,557,112,112
msg,1,182,450,5604,590,112,112
msg,1,183,441,5494,591,112,112
msg,1,184,412,5890,591,112,112
msg,1,185,530,6560,588,112,112
msg,1,186,407,18222,560,112,112
msg,1,187,447,6657,588,112,112
msg,1,188,440,5722,591,112,112
msg,1,189,435,5431,598,112,112
msg,1,190,418,17012,585,112,112
msg,1,191,440,5725,596,112,112
msg,1,192,445,6445,593,112,112
msg,1,193,410,6232,557,112,112
msg,1,194,440,5894,552,112,112
msg,1,195,446,9264,590,112,112
msg,1,196,411,27518,558,112,112
msg,1,197,422,5875,588,112,112
msg,1,198,411,5926,592,112,112
msg,1,199,410,17829,592,112,112
whole,1,617.382,3234.868,200
2,4.8670,1055.8140,61.5620,1122.2430,7890,7950,45,8600,4,14,5,20,160348,66469.0,72586.0,59254.0,697455.0,2,2,2,1
msg,2,0,606,7597,592,112,112
msg,2,1,443,6290,578,112,112
msg,2,2,416,6132,588,112,112
msg,2,3,437,6132,556,112,112
msg,2,4,412,6447,591,112,112
msg,2,5,440,16397,584,112,112
msg,2,6,425,6343,558,112,112
msg,2,7,441,9331,590,112,112
msg,2,8,601,16713,591,112,112
msg,2,9,437,22541,602,112,112
msg,2,10,411,5576,559,112,112
msg,2,11,422,6917,596,112,112
msg,2,12,418,6451,560,112,112
msg,2,13,450,20050,592,112,112
msg,2,14,413,5670,556,112,112
msg,2,15,418,6108,722,112,112
msg,2,16,446,19877,588,112,112
msg,2,17,456,7388,592,112,112
msg,2,18,408,5636,585,112,112
msg,2,19,412,5715,559,112,112
msg,2,20,412,5665,559,112,112
msg,2,21,411,5599,560,112,112
msg,2,22,436,5552,596,112,112
msg,2,23,444,17087,558,112,112
msg,2,24,444,5973,559,112,112
msg,2,25,413,5758,560,112,112
msg,2,26,413,5545,561,112,112
msg,2,27,443,17350,598,112,112
msg,2,28,412,5734,596,112,112
msg,2,29,411,5551,584,112,112
msg,2,30,415,5452,556,112,112
msg,2,31,438,5638,592,112,112
msg,2,32,440,5369,595,112,112
msg,2,33,423,5696,591,112,112
msg,2,34,428,20503,558,112,112
msg,2,35,414,8150,590,112,112
msg,2,36,412,7119,598,112,112
msg,2,37,447,18030,557,112,112
msg,2,38,414,6183,591,112,112
msg,2,39,413,5716,590,112,112
msg,2,40,407,5681,592,112,112
msg,2,41,409,6080,592,112,112
msg,2,42,449,5651,591,112,112
msg,2,43,412,5707,588,112,112
msg,2,44,410,5699,594,112,112
msg,2,45,409,17926,590,112,112
msg,2,46,407,6355,559,112,112
msg,2,47,411,7046,593,112,112
msg,2,48,419,19451,563,112,112
msg,2,49,412,6696,557,112,112
msg,2,50,436,5523,592,112,112
msg,2,51,448,5256,558,112,112
msg,2,52,411,6494,555,112,112
msg,2,53,442,7086,557,112,112
msg,2,54,414,7683,563,112,112
msg,2,55,407,17984,589,112,112
msg,2,56,421,5836,705,112,112
msg,2,57,416,5518,558,112,112
msg,2,58,422,19235,593,112,112
msg,2,59,438,5853,588,112,112
msg,2,60,440,5902,561,112,112
msg,2,61,440,5350,593,112,112
msg,2,62,408,5881,595,112,112
msg,2,63,442,5459,585,112,112
msg,2,64,420,7178,592,112,112
msg,2,65,438,5456,591,112,112
msg,2,66,406,16275,558,112,112
msg,2,67,452,5620,594,112,112
msg,2,68,441,6997,558,112,112
msg,2,69,414,24195,590,112,112
msg,2,70,412,5673,594,112,112
msg,2,71,412,5548,563,112,112
msg,2,72,410,6034,590,112,112
msg,2,73,421,5508,558,112,112
msg,2,74,416,6341,593,112,112
msg,2,75,449,5461,590,112,112
msg,2,76,413,20106,590,112,112
msg,2,77,591,6935,559,112,112
msg,2,78,411,5341,595,112,112
msg,2,79,441,19328,559,112,112
msg,2,80,413,11343,592,112,112
msg,2,81,440,6121,558,112,112
msg,2,82,411,7050,585,112,112
msg,2,83,412,6321,558,112,112
msg,2,84,438,5345,595,112,112
msg,2,85,413,18399,562,112,112
msg,2,86,409,6375,591,112,112
msg,2,87,441,5410,590,112,112
msg,2,88,420,5409,554,112,112
msg,2,89,440,18065,588,112,112
msg,2,90,411,9907,593,112,112
msg,2,91,423,5695,589,112,112
msg,2,92,414,9762,593,112,112
msg,2,93,410,35468,563,112,112
msg,2,94,447,10546,586,112,112
msg,2,95,440,23588,591,112,112
msg,2,96,447,7708,589,112,112
msg,2,97,443,6032,553,112,112
msg,2,98,447,6332,594,112,112
msg,2,99,412,5926,594,112,112
msg,2,100,442,5728,593,112,112
msg,2,101,436,5866,590,112,112
msg,2,102,446,18207,557,112,112
msg,2,103,414,5810,559,112,112
msg,2,104,411,5467,556,112,112
msg,2,105,454,19527,597,112,112
msg,2,106,1028,7625,563,112,112
msg,2,107,413,5910,595,112,112
msg,2,108,416,5420,560,112,112
msg,2,109,444,5388,594,112,112
msg,2,110,413,5556,594,112,112
msg,2,111,412,5562,557,112,112
msg,2,112,412,5455,589,112,112
msg,2,113,449,16637,590,112,112
msg,2,114,452,5621,595,112,112
msg,2,115,408,7313,559,112,112
msg,2,116,411,22810,561,112,112
msg,2,117,411,6129,593,112,112
msg,2,118,407,6516,558,112,112
msg,2,119,415,5478,557,112,112
msg,2,120,442,5347,594,112,112
msg,2,121,415,5527,559,112,112
msg,2,122,421,5574,559,112,112
msg,2,123,444,16240,592,112,112
msg,2,124,410,6103,593,112,112
msg,2,125,445,5601,589,112,112
msg,2,126,450,5469,587,112,112
msg,2,127,409,17816,592,112,112
msg,2,128,411,5433,556,112,112
msg,2,129,416,10194,593,112,112
msg,2,130,413,7035,591,112,112
msg,2,131,439,14395,592,112,112
msg,2,132,409,22311,570,112,112
msg,2,133,444,6431,672,112,112
msg,2,134,449,7041,560,112,112
msg,2,135,443,19383,593,112,112
msg,2,136,454,6898,589,112,112
msg,2,137,445,6255,560,112,112
msg,2,138,418,5970,591,112,112
msg,2,139,414,6119,586,112,112
msg,2,140,528,5500,594,112,112
msg,2,141,444,5553,590,112,112
msg,2,142,422,19442,561,112,112
msg,2,143,414,5888,555,112,112
msg,2,144,415,5877,587,112,112
msg,2,145,417,18944,592,112,112
msg,2,146,416,6464,555,112,112
msg,2,147,424,6213,589,112,112
msg,2,148,439,6241,560,112,112
msg,2,149,418,6793,559,112,112
msg,2,150,502,6720,560,112,112
msg,2,151,421,5954,588,112,112
msg,2,152,414,18746,589,112,112
msg,2,153,408,6714,559,112,112
msg,2,154,414,6942,593,112,112
msg,2,155,409,19007,599,112,112
msg,2,156,445,5902,591,112,112
msg,2,157,440,6071,561,112,112
msg,2,158,410,6602,561,112,112
msg,2,159,439,6337,589,112,112
msg,2,160,414,6511,557,112,112
msg,2,161,415,5792,561,112,112
msg,2,162,416,19222,592,112,112
msg,2,163,454,5754,594,112,112
msg,2,164,455,50389,591,112,112
msg,2,165,422,9514,559,112,112
msg,2,166,417,5943,554,112,112
msg,2,167,413,6516,563,112,112
msg,2,168,452,16584,585,112,112
msg,2,169,437,5955,557,112,112
msg,2,170,448,5967,559,112,112
msg,2,171,414,6599,562,112,112
msg,2,172,444,13023,560,112,112
msg,2,173,418,6879,593,112,112
msg,2,174,412,7300,556,112,112
msg,2,175,452,6428,596,112,112
msg,2,176,449,6773,599,112,112
msg,2,177,440,5781,592,112,112
msg,2,178,448,6134,557,112,112
msg,2,179,413,17345,594,112,112
msg,2,180,441,6215,558,112,112
msg,2,181,415,5955,559,112,112
msg,2,182,418,5730,562,112,112
msg,2,183,414,13816,565,112,112
msg,2,184,418,6424,558,112,112
msg,2,185,445,5950,559,112,112
msg,2,186,415,6032,673,112,112
msg,2,187,420,6905,596,112,112
msg,2,188,410,6381,560,112,112
msg,2,189,413,6141,595,112,112
msg,2,190,415,18666,590,112,112
msg,2,191,411,5854,597,112,112
msg,2,192,417,5763,590,112,112
msg,2,193,421,5773,590,112,112
msg,2,194,415,14546,667,112,112
msg,2,195,430,6652,554,112,112
msg,2,196,415,6384,588,112,112
msg,2,197,436,6455,591,112,112
msg,2,198,422,9937,595,112,112
msg,2,199,444,6830,589,112,112
whole,2,1137.703,3207.423,200
#heap 39026
#stack 3296
#end
#block pipeline mTLS lorawan11_256 up
#aead AES-256-CTR+2xCMAC (LoRaWAN 1.1 frame, 256-bit keys) (BearSSL (arduino-pico)), uplink, 51 B payload + 13 B overhead
#lib wolfSSL 5.9.4
iter,tcp_ms,tls_ms,mqtt_ms,total_ms,hs_tx_B,hs_rx_B,mqtt_tx_B,mqtt_rx_B,hs_writes,hs_reads,writes,reads,free_heap_B,hs_keygen_us,hs_derive_us,hs_verify_us,hs_sign_us,hs_keygen_n,hs_derive_n,hs_verify_n,hs_sign_n
msg,iter,idx,seal_us,rtt_us,open_us,tx_B,rx_B
whole,iter,first_ms,all_ms,msgs
#suite TLS13-AES256-GCM-SHA384
0,7.4520,485.4420,43.3330,536.2270,7890,7950,45,8600,4,14,5,20,160348,66871.0,70769.0,58548.0,133944.0,2,2,2,1
msg,0,0,1078,7817,1100,112,112
msg,0,1,1030,6193,1085,112,112
msg,0,2,927,16367,1066,112,112
msg,0,3,926,5821,1071,112,112
msg,0,4,933,5509,1082,112,112
msg,0,5,924,18969,1062,112,112
msg,0,6,928,8407,1165,112,112
msg,0,7,925,5517,1081,112,112
msg,0,8,928,6947,1083,112,112
msg,0,9,904,5859,1089,112,112
msg,0,10,937,5501,1084,112,112
msg,0,11,931,19973,1086,112,112
msg,0,12,924,5923,1093,112,112
msg,0,13,938,5433,1083,112,112
msg,0,14,932,18474,1075,112,112
msg,0,15,928,5851,1165,112,112
msg,0,16,939,8109,1086,112,112
msg,0,17,929,5721,1087,112,112
msg,0,18,1009,9552,1091,112,112
msg,0,19,898,5487,1085,112,112
msg,0,20,1093,16675,1086,112,112
msg,0,21,933,5699,1080,112,112
msg,0,22,925,5453,1063,112,112
msg,0,23,931,18213,1084,112,112
msg,0,24,937,6011,1081,112,112
msg,0,25,902,7163,1059,112,112
msg,0,26,939,6481,1166,112,112
msg,0,27,931,6528,1086,112,112
msg,0,28,933,5842,1082,112,112
msg,0,29,901,17313,1076,112,112
msg,0,30,928,6591,1060,112,112
msg,0,31,937,5439,1084,112,112
msg,0,32,903,8840,1084,112,112
msg,0,33,904,15164,1061,112,112
msg,0,34,936,5795,1067,112,112
msg,0,35,935,6857,1073,112,112
msg,0,36,1021,6797,1083,112,112
msg,0,37,940,6781,1079,112,112
msg,0,38,927,19771,1171,112,112
msg,0,39,939,5596,1076,112,112
msg,0,40,930,40885,1085,112,112
msg,0,41,930,6020,1090,112,112
msg,0,42,928,7268,1068,112,112
msg,0,43,934,7488,1085,112,112
msg,0,44,1073,7149,1077,112,112
msg,0,45,941,14937,1087,112,112
msg,0,46,928,5505,1076,112,112
msg,0,47,940,5672,1067,112,112
msg,0,48,938,19178,1081,112,112
msg,0,49,934,5816,1088,112,112
msg,0,50,924,5905,1080,112,112
msg,0,51,1004,6770,1088,112,112
msg,0,52,929,5881,1231,112,112
msg,0,53,925,5643,1091,112,112
msg,0,54,930,18279,1078,112,112
msg,0,55,931,5713,1077,112,112
msg,0,56,931,5488,1142,112,112
msg,0,57,930,18941,1079,112,112
msg,0,58,932,6355,1090,112,112
msg,0,59,931,5453,1083,112,112
msg,0,60,933,5612,1081,112,112
msg,0,61,922,5747,1087,112,112
msg,0,62,929,6195,1090,112,112
msg,0,63,930,6499,1083,112,112
msg,0,64,929,17460,1083,112,112
msg,0,65,931,5697,1078,112,112
msg,0,66,940,5611,1064,112,112
msg,0,67,928,18603,1082,112,112
msg,0,68,924,6861,1087,112,112
msg,0,69,930,6308,1075,112,112
msg,0,70,930,5841,1085,112,112
msg,0,71,931,5871,1087,112,112
msg,0,72,902,6230,1060,112,112
msg,0,73,935,17205,1081,112,112
msg,0,74,932,5640,1080,112,112
msg,0,75,927,5898,1087,112,112
msg,0,76,942,19050,1084,112,112
msg,0,77,931,7794,1084,112,112
msg,0,78,933,5822,1092,112,112
msg,0,79,929,5973,1072,112,112
msg,0,80,936,5748,1067,112,112
msg,0,81,930,5841,1074,112,112
msg,0,82,931,5871,1078,112,112
msg,0,83,928,15238,1083,112,112
msg,0,84,931,5526,1086,112,112
msg,0,85,930,5497,1082,112,112
msg,0,86,930,19335,1081,112,112
msg,0,87,937,6998,1066,112,112
msg,0,88,929,5578,1080,112,112
msg,0,89,929,10060,1069,112,112
msg,0,90,933,10280,1081,112,112
msg,0,91,928,18213,1069,112,112
msg,0,92,934,11802,1065,112,112
msg,0,93,933,20603,1096,112,112
msg,0,94,930,6040,1162,112,112
msg,0,95,941,5682,1077,112,112
msg,0,96,932,6240,1220,112,112
msg,0,97,935,5691,1086,112,112
msg,0,98,929,6938,1090,112,112
msg,0,99,926,20842,1061,112,112
msg,0,100,930,5565,1089,112,112
msg,0,101,935,5513,1084,112,112
msg,0,102,928,9427,1075,112,112
msg,0,103,928,10020,1080,112,112
msg,0,104,933,7490,1071,112,112
msg,0,105,931,6218,1084,112,112
msg,0,106,1500,5925,1087,112,112
msg,0,107,925,5744,1082,112,112
msg,0,108,928,6103,1166,112,112
msg,0,109,910,21336,1073,112,112
msg,0,110,937,5545,1058,112,112
msg,0,111,938,5418,1081,112,112
msg,0,112,1023,18201,1074,112,112
msg,0,113,1017,6784,1077,112,112
msg,0,114,931,6799,1076,112,112
msg,0,115,933,6397,1088,112,112
msg,0,116,936,5784,1098,112,112
msg,0,117,938,5532,1079,112,112
msg,0,118,902,17339,1083,112,112
msg,0,119,931,6439,1088,112,112
msg,0,120,932,5867,1062,112,112
msg,0,121,935,18033,1081,112,112
msg,0,122,942,5821,1086,112,112
msg,0,123,942,5570,1076,112,112
msg,0,124,935,5784,1076,112,112
msg,0,125,938,5684,1066,112,112
msg,0,126,924,5818,1063,112,112
msg,0,127,1016,5664,1061,112,112
msg,0,128,936,17920,1074,112,112
msg,0,129,924,5886,1081,112,112
msg,0,130,931,7944,1086,112,112
msg,0,131,1009,15864,1088,112,112
msg,0,132,937,7419,1076,112,112
msg,0,133,940,6883,1076,112,112
msg,0,134,930,5891,1079,112,112
msg,0,135,930,6083,1084,112,112
msg,0,136,1016,5686,1082,112,112
msg,0,137,939,20117,1078,112,112
msg,0,138,942,6208,1081,112,112
msg,0,139,928,23189,1068,112,112
msg,0,140,934,6162,1080,112,112
msg,0,141,927,5547,1204,112,112
msg,0,142,941,5647,1078,112,112
msg,0,143,931,5733,1074,112,112
msg,0,144,938,5683,1067,112,112
msg,0,145,931,5992,1087,112,112
msg,0,146,928,17915,1078,112,112
msg,0,147,935,10988,1087,112,112
msg,0,148,906,18335,1073,112,112
msg,0,149,943,6144,1083,112,112
msg,0,150,931,6255,1073,112,112
msg,0,151,927,6172,1086,112,112
msg,0,152,938,8203,1082,112,112
msg,0,153,928,7286,1082,112,112
msg,0,154,928,17259,1083,112,112
msg,0,155,933,5984,1064,112,112
msg,0,156,1018,5663,1069,112,112
msg,0,157,935,18021,1079,112,112
msg,0,158,928,6758,1085,112,112
msg,0,159,934,6392,1094,112,112
msg,0,160,940,6148,1077,112,112
msg,0,161,941,5749,1081,112,112
msg,0,162,930,7702,1078,112,112
msg,0,163,925,19422,1081,112,112
msg,0,164,945,6085,1078,112,112
msg,0,165,930,6683,1066,112,112
msg,0,166,939,17146,1078,112,112
msg,0,167,943,5916,1084,112,112
msg,0,168,930,8258,1066,112,112
msg,0,169,937,6449,1089,112,112
msg,0,170,931,5580,1083,112,112
msg,0,171,931,5774,1087,112,112
msg,0,172,927,20115,1101,112,112
msg,0,173,931,5633,1087,112,112
msg,0,174,944,6775,1077,112,112
msg,0,175,931,19946,1068,112,112
msg,0,176,932,10142,1088,112,112
msg,0,177,944,6917,1084,112,112
msg,0,178,932,5492,1080,112,112
msg,0,179,938,5737,1078,112,112
msg,0,180,929,5911,1161,112,112
msg,0,181,930,18758,1084,112,112
msg,0,182,927,5873,1084,112,112
msg,0,183,933,8758,1163,112,112
msg,0,184,905,15618,1085,112,112
msg,0,185,1080,5703,1078,112,112
msg,0,186,939,5489,1080,112,112
msg,0,187,930,5510,1063,112,112
msg,0,188,931,5799,1064,112,112
msg,0,189,932,5782,1066,112,112
msg,0,190,938,20828,1069,112,112
msg,0,191,931,7571,1088,112,112
msg,0,192,933,5675,1079,112,112
msg,0,193,1022,19534,1082,112,112
msg,0,194,913,5971,1090,112,112
msg,0,195,932,6233,1083,112,112
msg,0,196,930,5818,1084,112,112
msg,0,197,930,6109,1085,112,112
msg,0,198,933,5718,1090,112,112
msg,0,199,924,18190,1076,112,112
whole,0,553.472,2830.654,200
1,6.3990,436.5430,36.5760,479.5180,7890,7950,45,8600,4,14,5,20,160348,66600.0,72355.0,58243.0,91358.0,2,2,2,1
msg,1,0,1096,17741,1085,112,112
msg,1,1,934,5789,1086,112,112
msg,1,2,929,5976,1088,112,112
msg,1,3,933,18760,1088,112,112
msg,1,4,931,7202,1068,112,112
msg,1,5,925,5590,1085,112,112
msg,1,6,937,6558,1088,112,112
msg,1,7,905,5859,1083,112,112
msg,1,8,925,5728,1080,112,112
msg,1,9,899,17477,1072,112,112
msg,1,10,943,5803,1087,112,112
msg,1,11,927,5840,1083,112,112
msg,1,12,931,9206,1090,112,112
msg,1,13,927,11033,1082,112,112
msg,1,14,930,8755,1075,112,112
msg,1,15,936,5861,1080,112,112
msg,1,16,931,5733,1085,112,112
msg,1,17,1525,5634,1086,112,112
msg,1,18,911,5438,1084,112,112
msg,1,19,935,19207,1082,112,112
msg,1,20,937,5701,1087,112,112
msg,1,21,923,5696,1082,112,112
msg,1,22,1079,15447,1083,112,112
msg,1,23,931,5884,1086,112,112
msg,1,24,904,5552,1083,112,112
msg,1,25,933,5873,1156,112,112
msg,1,26,933,5567,1084,112,112
msg,1,27,930,5473,1068,112,112
msg,1,28,932,5505,1080,112,112
msg,1,29,931,17260,1081,112,112
msg,1,30,940,5705,1084,112,112
msg,1,31,933,5731,1220,112,112
msg,1,32,937,20247,1083,112,112
msg,1,33,931,7354,1085,112,112
msg,1,34,932,7966,1089,112,112
msg,1,35,904,10917,1081,112,112
msg,1,36,934,5529,1087,112,112
msg,1,37,929,18825,1082,112,112
msg,1,38,906,5510,1084,112,112
msg,1,39,938,5538,1206,112,112
msg,1,40,930,9552,1066,112,112
msg,1,41,927,12897,1076,112,112
msg,1,42,938,10284,1169,112,112
msg,1,43,933,14667,1086,112,112
msg,1,44,902,5937,1084,112,112
msg,1,45,926,19603,1081,112,112
msg,1,46,901,6210,1068,112,112
msg,1,47,942,5579,1093,112,112
msg,1,48,936,18583,1083,112,112
msg,1,49,922,17650,1085,112,112
msg,1,50,923,5546,1085,112,112
msg,1,51,929,5555,1077,112,112
msg,1,52,937,6020,1088,112,112
msg,1,53,926,19017,1086,112,112
msg,1,54,925,5552,1089,112,112
msg,1,55,939,5510,1088,112,112
msg,1,56,930,19774,1081,112,112
msg,1,57,928,6128,1085,112,112
msg,1,58,910,6295,1073,112,112
msg,1,59,932,8742,1077,112,112
msg,1,60,940,5462,1085,112,112
msg,1,61,928,6372,1078,112,112
msg,1,62,940,18138,1084,112,112
msg,1,63,927,5497,1090,112,112
msg,1,64,952,5556,1083,112,112
msg,1,65,932,19524,1076,112,112
msg,1,66,939,7574,1062,112,112
msg,1,67,1012,5869,1081,112,112
msg,1,68,932,6328,1087,112,112
msg,1,69,935,5512,1089,112,112
msg,1,70,926,5499,1078,112,112
msg,1,71,931,5542,1065,112,112
msg,1,72,1011,15314,1070,112,112
msg,1,73,932,5579,1083,112,112
msg,1,74,934,5755,1081,112,112
msg,1,75,928,18475,1065,112,112
msg,1,76,943,6000,1083,112,112
msg,1,77,932,5502,1059,112,112
msg,1,78,928,6322,1080,112,112
msg,1,79,927,5627,1085,112,112
msg,1,80,932,6827,1082,112,112
msg,1,81,931,19021,1624,112,112
msg,1,82,937,5775,1085,112,112
msg,1,83,930,26627,1075,112,112
msg,1,84,930,9016,1080,112,112
msg,1,85,931,7411,1068,112,112
msg,1,86,924,6285,1083,112,112
msg,1,87,940,6569,1080,112,112
msg,1,88,929,5486,1065,112,112
msg,1,89,937,21169,1079,112,112
msg,1,90,927,9030,1082,112,112
msg,1,91,924,19237,1078,112,112
msg,1,92,941,6212,1088,112,112
msg,1,93,903,10154,1064,112,112
msg,1,94,932,5517,1082,112,112
msg,1,95,933,5489,1077,112,112
msg,1,96,944,5482,1170,112,112
msg,1,97,935,18561,1075,112,112
msg,1,98,941,5509,1090,112,112
msg,1,99,930,5826,1095,112,112
msg,1,100,932,19644,1082,112,112
msg,1,101,1035,7999,1080,112,112
msg,1,102,932,5566,1060,112,112
msg,1,103,941,5800,1062,112,112
msg,1,104,1016,5506,1079,112,112
msg,1,105,935,5511,1084,112,112
msg,1,106,932,5521,1076,112,112
msg,1,107,934,12749,1079,112,112
msg,1,108,929,5720,1079,112,112
msg,1,109,929,5490,1094,112,112
msg,1,110,933,19371,1077,112,112
msg,1,111,944,7812,1083,112,112
msg,1,112,903,5709,1083,112,112
msg,1,113,1027,6065,1067,112,112
msg,1,114,933,7221,1081,112,112
msg,1,115,928,5450,1064,112,112
msg,1,116,930,18841,1072,112,112
msg,1,117,933,5496,1075,112,112
msg,1,118,937,5557,1082,112,112
msg,1,119,903,19208,1062,112,112
msg,1,120,928,6043,1081,112,112
msg,1,121,928,5468,1065,112,112
msg,1,122,1023,5501,1087,112,112
msg,1,123,929,8231,1084,112,112
msg,1,124,932,5791,1083,112,112
msg,1,125,935,5502,1066,112,112
msg,1,126,940,15861,1079,112,112
msg,1,127,932,5453,1088,112,112
msg,1,128,1030,5496,1085,112,112
msg,1,129,913,18717,1083,112,112
msg,1,130,939,6078,1089,112,112
msg,1,131,937,5451,1088,112,112
msg,1,132,903,5435,1083,112,112
msg,1,133,934,5507,1064,112,112
msg,1,134,1017,9140,1082,112,112
msg,1,135,935,17513,1085,112,112
msg,1,136,928,6100,1087,112,112
msg,1,137,917,5535,1086,112,112
msg,1,138,931,31505,1071,112,112
msg,1,139,932,5936,1077,112,112
msg,1,140,930,5732,1081,112,112
msg,1,141,932,6057,1082,112,112
msg,1,142,931,9214,1057,112,112
msg,1,143,930,16905,1063,112,112
msg,1,144,932,5715,1067,112,112
msg,1,145,929,6164,1086,112,112
msg,1,146,932,18730,1087,112,112
msg,1,147,920,7162,1085,112,112
msg,1,148,926,5841,1085,112,112
msg,1,149,931,5777,1076,112,112
msg,1,150,933,6046,1082,112,112
msg,1,151,939,5844,1078,112,112
msg,1,152,925,17809,1085,112,112
msg,1,153,931,7072,1082,112,112
msg,1,154,933,6125,1087,112,112
msg,1,155,943,20493,1085,112,112
msg,1,156,902,5673,1089,112,112
msg,1,157,927,5527,1076,112,112
msg,1,158,941,5707,1165,112,112
msg,1,159,933,5821,1084,112,112
msg,1,160,933,5507,1192,112,112
msg,1,161,936,20013,1085,112,112
msg,1,162,943,5851,1084,112,112
msg,1,163,934,5446,1079,112,112
msg,1,164,928,9307,1086,112,112
msg,1,165,930,9591,1075,112,112
msg,1,166,923,5881,1081,112,112
msg,1,167,902,5566,1088,112,112
msg,1,168,936,5584,1083,112,112
msg,1,169,931,5504,1065,112,112
msg,1,170,933,5455,1566,112,112
msg,1,171,929,20965,1161,112,112
msg,1,172,934,5558,1079,112,112
msg,1,173,930,5597,1062,112,112
msg,1,174,932,19421,1084,112,112
msg,1,175,928,6292,1076,112,112
msg,1,176,930,5612,1067,112,112
msg,1,177,931,6107,1087,112,112
msg,1,178,932,5568,1080,112,112
msg,1,179,932,5745,1072,112,112
msg,1,180,1079,5790,1081,112,112
msg,1,181,932,13979,1083,112,112
msg,1,182,928,6045,1080,112,112
msg,1,183,927,5820,1085,112,112
msg,1,184,934,8562,1084,112,112
msg,1,185,925,11048,1066,112,112
msg,1,186,929,6492,1085,112,112
msg,1,187,933,6477,1082,112,112
msg,1,188,937,5676,1086,112,112
msg,1,189,929,5576,1088,112,112
msg,1,190,929,5730,1080,112,112
msg,1,191,930,18072,1078,112,112
msg,1,192,935,7704,1087,112,112
msg,1,193,930,5596,1080,112,112
msg,1,194,925,20120,1091,112,112
msg,1,195,921,6916,1078,112,112
msg,1,196,931,6398,1084,112,112
msg,1,197,932,5739,1083,112,112
msg,1,198,929,5483,1075,112,112
msg,1,199,963,5495,1070,112,112
whole,1,506.288,2735.973,200
2,6.3780,481.1940,32.4970,520.0690,7890,7950,45,8600,4,14,5,20,160348,66969.0,73498.0,58386.0,141959.0,2,2,2,1
msg,2,0,1094,5999,1085,112,112
msg,2,1,926,15726,1085,112,112
msg,2,2,1027,8635,1085,112,112
msg,2,3,935,5796,1084,112,112
msg,2,4,1072,5528,1081,112,112
msg,2,5,933,7552,1067,112,112
msg,2,6,933,5499,1089,112,112
msg,2,7,921,19249,1076,112,112
msg,2,8,928,5772,1082,112,112
msg,2,9,933,5597,1069,112,112
msg,2,10,925,19318,1081,112,112
msg,2,11,924,7799,1082,112,112
msg,2,12,902,5719,1085,112,112
msg,2,13,933,5436,1082,112,112
msg,2,14,932,7171,1081,112,112
msg,2,15,901,6381,1078,112,112
msg,2,16,929,18369,1084,112,112
msg,2,17,932,7354,1081,112,112
msg,2,18,928,6697,1084,112,112
msg,2,19,927,16223,1087,112,112
msg,2,20,938,7114,1072,112,112
msg,2,21,935,6328,1221,112,112
msg,2,22,944,6740,1083,112,112
msg,2,23,928,8064,1073,112,112
msg,2,24,1014,5492,1097,112,112
msg,2,25,935,18314,1085,112,112
msg,2,26,924,5753,1082,112,112
msg,2,27,929,5567,1080,112,112
msg,2,28,933,18141,1083,112,112
msg,2,29,904,5582,1083,112,112
msg,2,30,933,5423,1075,112,112
msg,2,31,934,5443,1084,112,112
msg,2,32,926,5929,1087,112,112
msg,2,33,932,7897,1068,112,112
msg,2,34,935,18533,1088,112,112
msg,2,35,935,9469,1080,112,112
msg,2,36,930,5489,1084,112,112
msg,2,37,932,18099,1082,112,112
msg,2,38,905,7417,1080,112,112
msg,2,39,1081,6084,1086,112,112
msg,2,40,926,5925,1100,112,112
msg,2,41,929,5506,1091,112,112
msg,2,42,903,5823,1085,112,112
msg,2,43,901,17834,1086,112,112
msg,2,44,935,5559,1085,112,112
msg,2,45,1020,5629,1081,112,112
msg,2,46,929,9539,1083,112,112
msg,2,47,1015,10354,1092,112,112
msg,2,48,934,5614,1225,112,112
msg,2,49,936,5484,1088,112,112
msg,2,50,905,5807,1076,112,112
msg,2,51,902,5618,1086,112,112
msg,2,52,930,5519,1081,112,112
msg,2,53,932,6058,1086,112,112
msg,2,54,915,16807,1084,112,112
msg,2,55,1010,5880,1091,112,112
msg,2,56,929,6256,1086,112,112
msg,2,57,932,16062,1080,112,112
msg,2,58,905,7434,1085,112,112
msg,2,59,934,6698,1082,112,112
msg,2,60,941,6391,1088,112,112
msg,2,61,935,7373,1080,112,112
msg,2,62,928,6518,1158,112,112
msg,2,63,935,17658,1163,112,112
msg,2,64,938,6949,1080,112,112
msg,2,65,934,7053,1080,112,112
msg,2,66,930,15096,1068,112,112
msg,2,67,938,5984,1082,112,112
msg,2,68,932,5554,1065,112,112
msg,2,69,930,5938,1153,112,112
msg,2,70,931,5680,1075,112,112
msg,2,71,935,5485,1085,112,112
msg,2,72,928,5499,1079,112,112
msg,2,73,907,16029,1084,112,112
msg,2,74,934,6180,1085,112,112
msg,2,75,927,7788,1157,112,112
msg,2,76,932,17189,1221,112,112
msg,2,77,930,8187,1082,112,112
msg,2,78,929,5562,1077,112,112
msg,2,79,936,5571,1066,112,112
msg,2,80,935,6928,1068,112,112
msg,2,81,925,5490,1083,112,112
msg,2,82,929,18651,1090,112,112
msg,2,83,928,5788,1080,112,112
msg,2,84,930,5571,1081,112,112
msg,2,85,938,15895,1085,112,112
msg,2,86,903,8574,1082,112,112
msg,2,87,932,6659,1083,112,112
msg,2,88,931,5633,1078,112,112
msg,2,89,938,5505,1063,112,112
msg,2,90,932,5614,1079,112,112
msg,2,91,924,5797,1082,112,112
msg,2,92,928,15578,1087,112,112
msg,2,93,901,5857,1088,112,112
msg,2,94,924,5505,1080,112,112
msg,2,95,931,18294,1065,112,112
msg,2,96,925,8465,1080,112,112
msg,2,97,903,5603,1086,112,112
msg,2,98,927,5507,1085,112,112
msg,2,99,933,9010,1082,112,112
msg,2,100,931,5552,1075,112,112
msg,2,101,926,19551,1068,112,112
msg,2,102,936,5507,1082,112,112
msg,2,103,1011,5587,1080,112,112
msg,2,104,906,20720,1086,112,112
msg,2,105,905,5657,1082,112,112
msg,2,106,943,5505,1081,112,112
msg,2,107,935,5499,1060,112,112
msg,2,108,931,6693,1082,112,112
msg,2,109,933,5408,1085,112,112
msg,2,110,935,21522,1079,112,112
msg,2,111,938,7101,1087,112,112
msg,2,112,904,5492,1077,112,112
msg,2,113,927,20625,1076,112,112
msg,2,114,936,5998,1085,112,112
msg,2,115,937,5527,1074,112,112
msg,2,116,923,5663,1068,112,112
msg,2,117,937,5984,1075,112,112
msg,2,118,930,5718,1080,112,112
msg,2,119,931,17708,1065,112,112
msg,2,120,940,5768,1066,112,112
msg,2,121,937,6215,1078,112,112
msg,2,122,929,22001,1083,112,112
msg,2,123,944,5596,1086,112,112
msg,2,124,940,5503,1084,112,112
msg,2,125,943,5647,1079,112,112
msg,2,126,935,5601,1622,112,112
msg,2,127,915,6062,1089,112,112
msg,2,128,934,20949,1066,112,112
msg,2,129,943,5594,1097,112,112
msg,2,130,936,5870,1068,112,112
msg,2,131,935,16039,1084,112,112
msg,2,132,934,6309,1084,112,112
msg,2,133,927,8894,1065,112,112
msg,2,134,929,7661,1094,112,112
msg,2,135,931,5455,1084,112,112
msg,2,136,912,5543,1084,112,112
msg,2,137,936,18415,1069,112,112
msg,2,138,941,6358,1086,112,112
msg,2,139,903,5748,1089,112,112
msg,2,140,1085,18086,1069,112,112
msg,2,141,928,8060,1081,112,112
msg,2,142,940,7968,1084,112,112
msg,2,143,928,5510,1083,112,112
msg,2,144,933,5934,1077,112,112
msg,2,145,929,5956,1161,112,112
msg,2,146,919,15454,1079,112,112
msg,2,147,943,5689,1075,112,112
msg,2,148,940,5508,1060,112,112
msg,2,149,930,19447,1089,112,112
msg,2,150,923,6459,1079,112,112
msg,2,151,938,7392,1063,112,112
msg,2,152,937,5861,1067,112,112
msg,2,153,934,5484,1086,112,112
msg,2,154,931,5471,1089,112,112
msg,2,155,932,5542,1083,112,112
msg,2,156,935,15716,1081,112,112
msg,2,157,925,5491,1056,112,112
msg,2,158,929,5453,1082,112,112
msg,2,159,1054,19136,1157,112,112
msg,2,160,933,6193,1088,112,112
msg,2,161,902,19485,1077,112,112
msg,2,162,928,5730,1076,112,112
msg,2,163,1027,5744,1082,112,112
msg,2,164,936,16611,1079,112,112
msg,2,165,934,5554,1064,112,112
msg,2,166,937,5640,1082,112,112
msg,2,167,939,19430,1083,112,112
msg,2,168,931,7108,1082,112,112
msg,2,169,932,6438,1080,112,112
msg,2,170,937,5979,1088,112,112
msg,2,171,925,5528,1082,112,112
msg,2,172,934,5402,1073,112,112
msg,2,173,1026,17872,1084,112,112
msg,2,174,1009,5616,1079,112,112
msg,2,175,933,5706,1083,112,112
msg,2,176,930,19316,1084,112,112
msg,2,177,928,7669,1084,112,112
msg,2,178,907,5560,1158,112,112
msg,2,179,933,5555,1080,112,112
msg,2,180,928,5509,1066,112,112
msg,2,181,932,5491,1083,112,112
msg,2,182,931,5854,1085,112,112
msg,2,183,936,16239,1089,112,112
msg,2,184,927,5514,1064,112,112
msg,2,185,941,6125,1088,112,112
msg,2,186,936,19307,1055,112,112
msg,2,187,928,5563,1080,112,112
msg,2,188,923,7340,1084,112,112
msg,2,189,931,5564,1067,112,112
msg,2,190,926,5596,1080,112,112
msg,2,191,941,5988,1068,112,112
msg,2,192,933,18862,1079,112,112
msg,2,193,947,5681,1080,112,112
msg,2,194,1072,5530,1065,112,112
msg,2,195,936,18404,1091,112,112
msg,2,196,904,7908,1087,112,112
msg,2,197,932,5516,1086,112,112
msg,2,198,933,5465,1078,112,112
msg,2,199,927,5464,1173,112,112
whole,2,535.237,2734.770,200
#heap 39026
#stack 3200
#end
#block pipeline mTLS lorawan11_256 down
#aead AES-256-CTR+2xCMAC (LoRaWAN 1.1 frame, 256-bit keys) (BearSSL (arduino-pico)), downlink, 51 B payload + 13 B overhead
#lib wolfSSL 5.9.4
iter,tcp_ms,tls_ms,mqtt_ms,total_ms,hs_tx_B,hs_rx_B,mqtt_tx_B,mqtt_rx_B,hs_writes,hs_reads,writes,reads,free_heap_B,hs_keygen_us,hs_derive_us,hs_verify_us,hs_sign_us,hs_keygen_n,hs_derive_n,hs_verify_n,hs_sign_n
msg,iter,idx,seal_us,rtt_us,open_us,tx_B,rx_B
whole,iter,first_ms,all_ms,msgs
#suite TLS13-AES256-GCM-SHA384
0,5.6810,408.7230,32.9610,447.3650,7890,7950,45,8600,4,14,5,20,160348,66541.0,72691.0,58215.0,51333.0,2,2,2,1
msg,0,0,734,6292,731,112,112
msg,0,1,586,5468,728,112,112
msg,0,2,583,5430,725,112,112
msg,0,3,583,19357,722,112,112
msg,0,4,556,6908,732,112,112
msg,0,5,579,5635,726,112,112
msg,0,6,561,7231,728,112,112
msg,0,7,569,5580,726,112,112
msg,0,8,582,5683,695,112,112
msg,0,9,547,19514,694,112,112
msg,0,10,551,5918,724,112,112
msg,0,11,570,5563,726,112,112
msg,0,12,575,5561,729,112,112
msg,0,13,573,17971,693,112,112
msg,0,14,557,9659,722,112,112
msg,0,15,546,5822,724,112,112
msg,0,16,580,5933,691,112,112
msg,0,17,548,5450,690,112,112
msg,0,18,570,5607,696,112,112
msg,0,19,647,18830,771,112,112
msg,0,20,556,5823,722,112,112
msg,0,21,544,5540,723,112,112
msg,0,22,547,5579,725,112,112
msg,0,23,571,16491,728,112,112
msg,0,24,572,8790,733,112,112
msg,0,25,576,6198,727,112,112
msg,0,26,575,5544,724,112,112
msg,0,27,575,5589,722,112,112
msg,0,28,586,6677,727,112,112
msg,0,29,573,5488,722,112,112
msg,0,30,578,16777,694,112,112
msg,0,31,553,5512,695,112,112
msg,0,32,633,5573,726,112,112
msg,0,33,557,8942,723,112,112
msg,0,34,573,11211,729,112,112
msg,0,35,574,7564,726,112,112
msg,0,36,577,7114,696,112,112
msg,0,37,556,9927,727,112,112
msg,0,38,573,5912,691,112,112
msg,0,39,552,5708,694,112,112
msg,0,40,550,20036,727,112,112
msg,0,41,577,5523,730,112,112
msg,0,42,570,5551,721,112,112
msg,0,43,578,8196,729,112,112
msg,0,44,718,12228,726,112,112
msg,0,45,575,6713,728,112,112
msg,0,46,575,9829,692,112,112
msg,0,47,544,5505,691,112,112
msg,0,48,552,6679,720,112,112
msg,0,49,542,5373,695,112,112
msg,0,50,543,17472,695,112,112
msg,0,51,547,5681,695,112,112
msg,0,52,547,5538,689,112,112
msg,0,53,549,5617,722,112,112
msg,0,54,552,16309,692,112,112
msg,0,55,548,5786,802,112,112
msg,0,56,582,9493,728,112,112
msg,0,57,584,5870,729,112,112
msg,0,58,586,6094,728,112,112
msg,0,59,579,5564,723,112,112
msg,0,60,572,6057,691,112,112
msg,0,61,548,13659,722,112,112
msg,0,62,557,5585,729,112,112
msg,0,63,544,5560,723,112,112
msg,0,64,572,5475,726,112,112
msg,0,65,575,16404,723,112,112
msg,0,66,544,6069,724,112,112
msg,0,67,578,6492,725,112,112
msg,0,68,574,8578,688,112,112
msg,0,69,550,8755,700,112,112
msg,0,70,556,5642,728,112,112
msg,0,71,546,18191,692,112,112
msg,0,72,544,5607,691,112,112
msg,0,73,559,5972,723,112,112
msg,0,74,575,5686,714,112,112
msg,0,75,574,16512,725,112,112
msg,0,76,575,6043,726,112,112
msg,0,77,574,5929,727,112,112
msg,0,78,573,5977,723,112,112
msg,0,79,572,5855,726,112,112
msg,0,80,577,6033,722,112,112
msg,0,81,549,5744,727,112,112
msg,0,82,585,18972,691,112,112
msg,0,83,551,5616,693,112,112
msg,0,84,547,5740,721,112,112
msg,0,85,544,18301,696,112,112
msg,0,86,544,6357,691,112,112
msg,0,87,552,5931,722,112,112
msg,0,88,544,6238,691,112,112
msg,0,89,550,5736,724,112,112
msg,0,90,546,6193,695,112,112
msg,0,91,546,5504,694,112,112
msg,0,92,547,18609,693,112,112
msg,0,93,552,5510,696,112,112
msg,0,94,562,5985,726,112,112
msg,0,95,575,5656,724,112,112
msg,0,96,576,15988,724,112,112
msg,0,97,548,5712,723,112,112
msg,0,98,574,6586,727,112,112
msg,0,99,580,6482,725,112,112
msg,0,100,575,6213,725,112,112
msg,0,101,546,5553,705,112,112
msg,0,102,552,5862,728,112,112
msg,0,103,573,19421,728,112,112
msg,0,104,574,5702,723,112,112
msg,0,105,582,5894,730,112,112
msg,0,106,554,17496,725,112,112
msg,0,107,549,6649,723,112,112
msg,0,108,545,6665,732,112,112
msg,0,109,582,5849,695,112,112
msg,0,110,549,6704,694,112,112
msg,0,111,553,6149,723,112,112
msg,0,112,583,5418,725,112,112
msg,0,113,574,20291,724,112,112
msg,0,114,572,8727,726,112,112
msg,0,115,574,5441,722,112,112
msg,0,116,576,18206,730,112,112
msg,0,117,570,6016,695,112,112
msg,0,118,550,6834,724,112,112
msg,0,119,543,6192,698,112,112
msg,0,120,547,5814,723,112,112
msg,0,121,544,6178,696,112,112
msg,0,122,547,21705,693,112,112
msg,0,123,559,5729,722,112,112
msg,0,124,582,5673,730,112,112
msg,0,125,573,5595,728,112,112
msg,0,126,579,16502,731,112,112
msg,0,127,574,6176,726,112,112
msg,0,128,577,5656,728,112,112
msg,0,129,576,5504,733,112,112
msg,0,130,585,7395,722,112,112
msg,0,131,575,10470,731,112,112
msg,0,132,584,18152,726,112,112
msg,0,133,548,6632,730,112,112
msg,0,134,548,5604,724,112,112
msg,0,135,577,19853,722,112,112
msg,0,136,583,8348,729,112,112
msg,0,137,579,5712,697,112,112
msg,0,138,546,6278,727,112,112
msg,0,139,577,5831,692,112,112
msg,0,140,547,5611,731,112,112
msg,0,141,562,7324,697,112,112
msg,0,142,550,18712,726,112,112
msg,0,143,560,5651,722,112,112
msg,0,144,580,5592,731,112,112
msg,0,145,571,8593,726,112,112
msg,0,146,580,10700,722,112,112
msg,0,147,572,5900,722,112,112
msg,0,148,547,5657,725,112,112
msg,0,149,573,6061,688,112,112
msg,0,150,549,5509,694,112,112
msg,0,151,552,6062,723,112,112
msg,0,152,572,6175,693,112,112
msg,0,153,557,19626,725,112,112
msg,0,154,582,5474,726,112,112
msg,0,155,574,5653,729,112,112
msg,0,156,585,18200,728,112,112
msg,0,157,551,6067,725,112,112
msg,0,158,571,5905,728,112,112
msg,0,159,553,5809,727,112,112
msg,0,160,574,5420,725,112,112
msg,0,161,574,5538,731,112,112
msg,0,162,582,5452,726,112,112
msg,0,163,584,20145,842,112,112
msg,0,164,580,5942,722,112,112
msg,0,165,575,5607,692,112,112
msg,0,166,550,5423,724,112,112
msg,0,167,581,16401,800,112,112
msg,0,168,574,6906,729,112,112
msg,0,169,546,6148,695,112,112
msg,0,170,569,5874,720,112,112
msg,0,171,547,5637,725,112,112
msg,0,172,575,5778,725,112,112
msg,0,173,575,5435,731,112,112
msg,0,174,669,19397,727,112,112
msg,0,175,577,8700,726,112,112
msg,0,176,576,21874,731,112,112
msg,0,177,556,7123,697,112,112
msg,0,178,563,5931,729,112,112
msg,0,179,576,5581,731,112,112
msg,0,180,578,5458,724,112,112
msg,0,181,570,6010,694,112,112
msg,0,182,549,5546,693,112,112
msg,0,183,541,18606,692,112,112
msg,0,184,551,7838,724,112,112
msg,0,185,583,7256,718,112,112
msg,0,186,558,20383,691,112,112
msg,0,187,549,9477,693,112,112
msg,0,188,549,6864,724,112,112
msg,0,189,569,6044,694,112,112
msg,0,190,577,7858,723,112,112
msg,0,191,551,5885,735,112,112
msg,0,192,575,17003,721,112,112
msg,0,193,562,5980,727,112,112
msg,0,194,574,5514,724,112,112
msg,0,195,573,5525,724,112,112
msg,0,196,579,16111,723,112,112
msg,0,197,572,6932,722,112,112
msg,0,198,576,5585,695,112,112
msg,0,199,550,5646,695,112,112
whole,0,475.772,2476.193,200
1,6.8280,707.0100,32.4580,746.2960,7890,7950,45,8600,4,14,5,20,160348,66515.0,72434.0,58240.0,367484.0,2,2,2,1
msg,1,0,738,5717,694,112,112
msg,1,1,550,6404,697,112,112
msg,1,2,546,17789,723,112,112
msg,1,3,547,6551,724,112,112
msg,1,4,547,6328,696,112,112
msg,1,5,628,7112,724,112,112
msg,1,6,582,5913,723,112,112
msg,1,7,585,5555,727,112,112
msg,1,8,571,6036,691,112,112
msg,1,9,550,16989,728,112,112
msg,1,10,577,5591,729,112,112
msg,1,11,579,5517,731,112,112
msg,1,12,569,5865,695,112,112
msg,1,13,553,18914,722,112,112
msg,1,14,575,11900,725,112,112
msg,1,15,585,5730,692,112,112
msg,1,16,546,6036,730,112,112
msg,1,17,730,5700,699,112,112
msg,1,18,552,7136,718,112,112
msg,1,19,575,18872,696,112,112
msg,1,20,549,6079,731,112,112
msg,1,21,577,7031,693,112,112
msg,1,22,549,17913,725,112,112
msg,1,23,575,5935,697,112,112
msg,1,24,630,8422,692,112,112
msg,1,25,545,9212,861,112,112
msg,1,26,584,6744,694,112,112
msg,1,27,552,8307,727,112,112
msg,1,28,572,14644,697,112,112
msg,1,29,547,6848,724,112,112
msg,1,30,545,6465,726,112,112
msg,1,31,547,18827,725,112,112
msg,1,32,573,8171,803,112,112
msg,1,33,575,6387,728,112,112
msg,1,34,546,5648,732,112,112
msg,1,35,581,6310,722,112,112
msg,1,36,557,6272,691,112,112
msg,1,37,550,7294,807,112,112
msg,1,38,572,19697,693,112,112
msg,1,39,549,7187,727,112,112
msg,1,40,579,6738,691,112,112
msg,1,41,548,15451,691,112,112
msg,1,42,548,5500,688,112,112
msg,1,43,549,5646,692,112,112
msg,1,44,548,5486,688,112,112
msg,1,45,547,6210,731,112,112
msg,1,46,575,6829,694,112,112
msg,1,47,545,5651,809,112,112
msg,1,48,546,22644,728,112,112
msg,1,49,576,6389,724,112,112
msg,1,50,546,5629,735,112,112
msg,1,51,661,17432,724,112,112
msg,1,52,577,5718,730,112,112
msg,1,53,578,5481,724,112,112
msg,1,54,570,7035,733,112,112
msg,1,55,547,5465,726,112,112
msg,1,56,548,5772,726,112,112
msg,1,57,579,5636,729,112,112
msg,1,58,574,21064,724,112,112
msg,1,59,546,8333,693,112,112
msg,1,60,546,5527,697,112,112
msg,1,61,546,17214,726,112,112
msg,1,62,574,5530,725,112,112
msg,1,63,575,7209,735,112,112
msg,1,64,574,6594,729,112,112
msg,1,65,585,5579,728,112,112
msg,1,66,583,5666,692,112,112
msg,1,67,640,5882,729,112,112
msg,1,68,574,18525,726,112,112
msg,1,69,573,5476,726,112,112
msg,1,70,579,8894,721,112,112
msg,1,71,571,16385,722,112,112
msg,1,72,583,6138,727,112,112
msg,1,73,576,5350,728,112,112
msg,1,74,549,11186,696,112,112
msg,1,75,546,49584,696,112,112
msg,1,76,548,19973,726,112,112
msg,1,77,571,6295,724,112,112
msg,1,78,555,5915,724,112,112
msg,1,79,574,5701,692,112,112
msg,1,80,546,6191,725,112,112
msg,1,81,581,5726,804,112,112
msg,1,82,550,5837,725,112,112
msg,1,83,548,18997,728,112,112
msg,1,84,580,5750,699,112,112
msg,1,85,550,6607,697,112,112
msg,1,86,547,19930,724,112,112
msg,1,87,663,9778,692,112,112
msg,1,88,574,6630,697,112,112
msg,1,89,554,5868,724,112,112
msg,1,90,569,5906,726,112,112
msg,1,91,662,5810,726,112,112
msg,1,92,544,5675,725,112,112
msg,1,93,569,18068,689,112,112
msg,1,94,553,6026,731,112,112
msg,1,95,573,5419,722,112,112
msg,1,96,571,8399,719,112,112
msg,1,97,542,10642,727,112,112
msg,1,98,585,6397,725,112,112
msg,1,99,548,5687,729,112,112
msg,1,100,584,6035,691,112,112
msg,1,101,559,6236,718,112,112
msg,1,102,585,5714,691,112,112
msg,1,103,548,5568,699,112,112
msg,1,104,550,19607,723,112,112
msg,1,105,552,5695,725,112,112
msg,1,106,576,5428,727,112,112
msg,1,107,553,17916,728,112,112
msg,1,108,577,6924,724,112,112
msg,1,109,549,6075,725,112,112
msg,1,110,572,6029,727,112,112
msg,1,111,547,5310,799,112,112
msg,1,112,556,6743,730,112,112
msg,1,113,574,5664,725,112,112
msg,1,114,575,17603,727,112,112
msg,1,115,576,5751,693,112,112
msg,1,116,549,5817,724,112,112
msg,1,117,548,5803,727,112,112
msg,1,118,583,21228,858,112,112
msg,1,119,594,9282,722,112,112
msg,1,120,543,5669,725,112,112
msg,1,121,573,6022,693,112,112
msg,1,122,547,5735,721,112,112
msg,1,123,545,6721,714,112,112
msg,1,124,572,15095,696,112,112
msg,1,125,543,5761,725,112,112
msg,1,126,548,5902,720,112,112
msg,1,127,581,5682,719,112,112
msg,1,128,681,17421,723,112,112
msg,1,129,722,6815,724,112,112
msg,1,130,547,6119,694,112,112
msg,1,131,545,5569,688,112,112
msg,1,132,548,5731,725,112,112
msg,1,133,547,5825,728,112,112
msg,1,134,575,5613,728,112,112
msg,1,135,582,17955,693,112,112
msg,1,136,552,5974,731,112,112
msg,1,137,569,5630,723,112,112
msg,1,138,575,8109,727,112,112
msg,1,139,581,11375,716,112,112
msg,1,140,557,7573,725,112,112
msg,1,141,557,5610,724,112,112
msg,1,142,579,7000,693,112,112
msg,1,143,551,6763,720,112,112
msg,1,144,560,5743,726,112,112
msg,1,145,578,5657,722,112,112
msg,1,146,572,15840,696,112,112
msg,1,147,547,6137,729,112,112
msg,1,148,573,5657,795,112,112
msg,1,149,577,8266,712,112,112
msg,1,150,575,10608,724,112,112
msg,1,151,575,6256,725,112,112
msg,1,152,575,10603,731,112,112
msg,1,153,575,6201,725,112,112
msg,1,154,575,6352,726,112,112
msg,1,155,543,6924,726,112,112
msg,1,156,575,20328,725,112,112
msg,1,157,575,5509,729,112,112
msg,1,158,576,5404,729,112,112
msg,1,159,578,17677,733,112,112
msg,1,160,576,6977,722,112,112
msg,1,161,548,9641,726,112,112
msg,1,162,554,10809,725,112,112
msg,1,163,568,6695,726,112,112
msg,1,164,571,5708,691,112,112
msg,1,165,549,20898,724,112,112
msg,1,166,588,6063,693,112,112
msg,1,167,548,7867,729,112,112
msg,1,168,587,16451,726,112,112
msg,1,169,554,8595,724,112,112
msg,1,170,570,7196,691,112,112
msg,1,171,548,7467,693,112,112
msg,1,172,551,6078,726,112,112
msg,1,173,578,5781,694,112,112
msg,1,174,553,18506,693,112,112
msg,1,175,545,5773,719,112,112
msg,1,176,554,5709,728,112,112
msg,1,177,583,5608,724,112,112
msg,1,178,579,16512,732,112,112
msg,1,179,576,8354,731,112,112
msg,1,180,577,8176,727,112,112
msg,1,181,550,6223,694,112,112
msg,1,182,547,6527,691,112,112
msg,1,183,1149,5699,730,112,112
msg,1,184,579,17734,694,112,112
msg,1,185,545,6540,691,112,112
msg,1,186,546,6185,733,112,112
msg,1,187,583,19453,724,112,112
msg,1,188,581,6439,730,112,112
msg,1,189,582,5800,691,112,112
msg,1,190,550,6283,722,112,112
msg,1,191,569,5575,720,112,112
msg,1,192,657,5552,691,112,112
msg,1,193,549,5405,724,112,112
msg,1,194,583,20181,725,112,112
msg,1,195,572,5605,725,112,112
msg,1,196,576,5981,693,112,112
msg,1,197,551,5627,725,112,112
msg,1,198,555,16722,730,112,112
msg,1,199,573,6634,732,112,112
whole,1,760.191,2847.621,200
2,5.8220,427.4660,47.7900,481.0780,7890,7950,45,8600,4,14,5,20,160348,66898.0,72230.0,58265.0,85990.0,2,2,2,1
msg,2,0,735,7394,730,112,112
msg,2,1,568,5580,690,112,112
msg,2,2,548,5330,723,112,112
msg,2,3,572,5891,692,112,112
msg,2,4,553,5917,724,112,112
msg,2,5,574,8805,692,112,112
msg,2,6,573,14029,725,112,112
msg,2,7,575,6613,735,112,112
msg,2,8,580,6037,694,112,112
msg,2,9,554,19429,695,112,112
msg,2,10,556,6899,729,112,112
msg,2,11,570,5541,723,112,112
msg,2,12,579,5889,688,112,112
msg,2,13,551,5965,726,112,112
msg,2,14,575,6325,722,112,112
msg,2,15,556,7809,727,112,112
msg,2,16,578,17166,724,112,112
msg,2,17,545,5557,727,112,112
msg,2,18,591,5507,726,112,112
msg,2,19,582,5598,730,112,112
msg,2,20,578,15710,721,112,112
msg,2,21,574,5854,717,112,112
msg,2,22,550,6450,695,112,112
msg,2,23,546,5508,691,112,112
msg,2,24,546,17510,691,112,112
msg,2,25,550,19710,722,112,112
msg,2,26,544,8196,696,112,112
msg,2,27,543,7152,726,112,112
msg,2,28,572,20032,691,112,112
msg,2,29,549,7477,697,112,112
msg,2,30,549,5837,727,112,112
msg,2,31,568,5640,724,112,112
msg,2,32,571,5488,725,112,112
msg,2,33,588,5662,725,112,112
msg,2,34,574,5775,700,112,112
msg,2,35,549,18949,729,112,112
msg,2,36,726,6369,728,112,112
msg,2,37,575,5617,728,112,112
msg,2,38,574,19940,693,112,112
msg,2,39,552,5601,717,112,112
msg,2,40,548,5365,690,112,112
msg,2,41,545,5459,693,112,112
msg,2,42,553,6157,731,112,112
msg,2,43,580,6274,726,112,112
msg,2,44,570,6166,798,112,112
msg,2,45,546,20389,697,112,112
msg,2,46,544,5859,725,112,112
msg,2,47,581,5599,726,112,112
msg,2,48,575,19647,723,112,112
msg,2,49,584,5835,693,112,112
msg,2,50,556,6247,724,112,112
msg,2,51,576,5440,810,112,112
msg,2,52,583,5548,693,112,112
msg,2,53,547,5950,725,112,112
msg,2,54,576,5517,725,112,112
msg,2,55,584,17857,726,112,112
msg,2,56,580,7898,726,112,112
msg,2,57,544,6665,725,112,112
msg,2,58,658,17341,724,112,112
msg,2,59,546,6497,727,112,112
msg,2,60,546,5944,727,112,112
msg,2,61,576,5465,808,112,112
msg,2,62,581,5537,724,112,112
msg,2,63,576,5440,728,112,112
msg,2,64,572,5739,695,112,112
msg,2,65,557,5521,694,112,112
msg,2,66,548,18619,695,112,112
msg,2,67,543,6425,693,112,112
msg,2,68,548,5730,718,112,112
msg,2,69,544,16968,722,112,112
msg,2,70,583,6344,732,112,112
msg,2,71,576,6319,726,112,112
msg,2,72,582,6035,690,112,112
msg,2,73,552,5948,728,112,112
msg,2,74,574,5949,693,112,112
msg,2,75,570,5727,693,112,112
msg,2,76,548,19535,695,112,112
msg,2,77,545,5896,727,112,112
msg,2,78,578,8635,728,112,112
msg,2,79,574,17284,1280,112,112
msg,2,80,560,6288,724,112,112
msg,2,81,572,6244,719,112,112
msg,2,82,572,6336,725,112,112
msg,2,83,579,6626,731,112,112
msg,2,84,574,6075,722,112,112
msg,2,85,636,6034,724,112,112
msg,2,86,578,17597,694,112,112
msg,2,87,582,7629,697,112,112
msg,2,88,551,21591,693,112,112
msg,2,89,547,6452,699,112,112
msg,2,90,557,5623,794,112,112
msg,2,91,545,5588,720,112,112
msg,2,92,556,5662,728,112,112
msg,2,93,578,5699,727,112,112
msg,2,94,576,5684,726,112,112
msg,2,95,737,5572,843,112,112
msg,2,96,546,12814,725,112,112
msg,2,97,573,5983,691,112,112
msg,2,98,544,6676,718,112,112
msg,2,99,550,19536,729,112,112
msg,2,100,540,6165,720,112,112
msg,2,101,570,6328,719,112,112
msg,2,102,585,5794,691,112,112
msg,2,103,546,5855,727,112,112
msg,2,104,548,5882,727,112,112
msg,2,105,577,5436,728,112,112
msg,2,106,577,19100,731,112,112
msg,2,107,555,6696,722,112,112
msg,2,108,579,5532,727,112,112
msg,2,109,575,20028,695,112,112
msg,2,110,544,6726,724,112,112
msg,2,111,548,6018,724,112,112
msg,2,112,573,5968,728,112,112
msg,2,113,550,5519,799,112,112
msg,2,114,573,5582,727,112,112
msg,2,115,573,5517,729,112,112
msg,2,116,571,20381,730,112,112
msg,2,117,572,6259,717,112,112
msg,2,118,555,6203,695,112,112
msg,2,119,571,9555,694,112,112
msg,2,120,549,11107,726,112,112
msg,2,121,583,8004,689,112,112
msg,2,122,559,5627,721,112,112
msg,2,123,562,5678,726,112,112
msg,2,124,579,5491,725,112,112
msg,2,125,575,5377,726,112,112
msg,2,126,574,6062,692,112,112
msg,2,127,548,15146,728,112,112
msg,2,128,573,5464,730,112,112
msg,2,129,576,5693,725,112,112
msg,2,130,586,6328,810,112,112
msg,2,131,593,15676,695,112,112
msg,2,132,572,7245,810,112,112
msg,2,133,574,8446,724,112,112
msg,2,134,579,5803,691,112,112
msg,2,135,551,5489,695,112,112
msg,2,136,550,5679,695,112,112
msg,2,137,560,5547,721,112,112
msg,2,138,550,17874,733,112,112
msg,2,139,575,6360,731,112,112
msg,2,140,575,5733,729,112,112
msg,2,141,656,19498,789,112,112
msg,2,142,578,9084,728,112,112
msg,2,143,568,5847,725,112,112
msg,2,144,579,6320,728,112,112
msg,2,145,577,5489,728,112,112
msg,2,146,584,6182,727,112,112
msg,2,147,572,19708,728,112,112
msg,2,148,575,5738,696,112,112
msg,2,149,569,6415,723,112,112
msg,2,150,583,5888,727,112,112
msg,2,151,541,18518,728,112,112
msg,2,152,546,8351,696,112,112
msg,2,153,544,6167,725,112,112
msg,2,154,577,5925,695,112,112
msg,2,155,546,7095,727,112,112
msg,2,156,732,5452,723,112,112
msg,2,157,572,16988,727,112,112
msg,2,158,571,6300,696,112,112
msg,2,159,552,6055,803,112,112
msg,2,160,571,5703,696,112,112
msg,2,161,552,15665,692,112,112
msg,2,162,545,7357,694,112,112
msg,2,163,541,5938,724,112,112
msg,2,164,576,5596,730,112,112
msg,2,165,583,5623,724,112,112
msg,2,166,581,5673,730,112,112
msg,2,167,575,5409,728,112,112
msg,2,168,575,19634,694,112,112
msg,2,169,553,6045,729,112,112
msg,2,170,587,6379,724,112,112
msg,2,171,571,18889,725,112,112
msg,2,172,575,6226,728,112,112
msg,2,173,578,5567,727,112,112
msg,2,174,579,5988,693,112,112
msg,2,175,559,5628,726,112,112
msg,2,176,555,6795,725,112,112
msg,2,177,579,6119,723,112,112
msg,2,178,545,16484,721,112,112
msg,2,179,549,6857,727,112,112
msg,2,180,575,5864,1227,112,112
msg,2,181,585,9057,693,112,112
msg,2,182,550,10729,718,112,112
msg,2,183,548,8332,690,112,112
msg,2,184,546,5564,772,112,112
msg,2,185,545,5558,698,112,112
msg,2,186,556,5815,729,112,112
msg,2,187,579,5403,719,112,112
msg,2,188,573,6280,719,112,112
msg,2,189,553,18153,725,112,112
msg,2,190,583,5702,694,112,112
msg,2,191,552,5915,726,112,112
msg,2,192,575,17293,722,112,112
msg,2,193,549,7669,727,112,112
msg,2,194,587,5752,721,112,112
msg,2,195,573,5503,723,112,112
msg,2,196,578,5454,727,112,112
msg,2,197,584,5745,694,112,112
msg,2,198,547,5825,727,112,112
msg,2,199,570,18451,724,112,112
whole,2,504.591,2504.854,200
#heap 39026
#stack 3328
#end
#block sweep TLS MLKEM512
#lib wolfSSL 5.9.4
iter,tcp_ms,tls_ms,mqtt_ms,total_ms,hs_tx_B,hs_rx_B,mqtt_tx_B,mqtt_rx_B,hs_writes,hs_reads,writes,reads,free_heap_B,hs_keygen_us,hs_derive_us,hs_verify_us,hs_sign_us,hs_keygen_n,hs_derive_n,hs_verify_n,hs_sign_n
#suite TLS13-AES256-GCM-SHA384
0,4.3910,176.2190,12.2130,192.8230,977,7468,45,568,2,12,3,18,167060,6136.0,8653.0,58270.0,0.0,1,1,2,0
1,4.7560,164.5080,12.9750,182.2390,977,7468,45,568,2,12,3,18,167060,6130.0,10643.0,58437.0,0.0,1,1,2,0
2,10.3820,167.3930,16.1930,193.9680,977,7468,45,568,2,12,3,18,167060,6140.0,8819.0,58344.0,0.0,1,1,2,0
3,5.5210,153.9870,8.2530,167.7610,977,7468,45,568,2,12,3,18,167060,6192.0,8723.0,58521.0,0.0,1,1,2,0
4,5.4990,154.1720,18.9530,178.6240,977,7468,45,568,2,12,3,18,167060,6126.0,10723.0,58309.0,0.0,1,1,2,0
5,18.4050,153.8260,23.1230,195.3540,977,7468,45,568,2,12,3,18,167060,6124.0,10497.0,58218.0,0.0,1,1,2,0
6,15.5740,153.6820,22.0580,191.3140,977,7468,45,568,2,12,3,18,167060,6127.0,10497.0,58264.0,0.0,1,1,2,0
7,3.4120,160.6330,9.3340,173.3790,977,7468,45,568,2,12,3,18,167060,6313.0,10583.0,58479.0,0.0,1,1,2,0
8,5.4360,167.5500,25.2050,198.1910,977,7468,45,568,2,12,3,18,167060,6335.0,10523.0,58226.0,0.0,1,1,2,0
9,5.4360,164.0060,8.3900,177.8320,977,7468,45,568,2,12,3,18,167060,6131.0,10641.0,58236.0,0.0,1,1,2,0
10,4.7970,164.4000,9.8890,179.0860,977,7468,45,568,2,12,3,18,167060,6485.0,8829.0,58337.0,0.0,1,1,2,0
11,5.5930,166.9840,8.4760,181.0530,977,7468,45,568,2,12,3,18,167060,6282.0,8843.0,58172.0,0.0,1,1,2,0
12,17.4150,155.8170,8.9040,182.1360,977,7468,45,568,2,12,3,18,167060,6464.0,10276.0,58479.0,0.0,1,1,2,0
13,6.6970,167.2700,9.8770,183.8440,977,7468,45,568,2,12,3,18,167060,6148.0,10671.0,58638.0,0.0,1,1,2,0
14,5.5780,155.6520,11.8050,173.0350,977,7468,45,568,2,12,3,18,167060,6126.0,8817.0,58290.0,0.0,1,1,2,0
15,7.4370,153.4170,8.4640,169.3180,977,7468,45,568,2,12,3,18,167060,6310.0,8856.0,58422.0,0.0,1,1,2,0
16,4.3950,158.6690,8.4840,171.5480,977,7468,45,568,2,12,3,18,167060,6130.0,10535.0,58397.0,0.0,1,1,2,0
17,5.3690,163.1370,9.6710,178.1770,977,7468,45,568,2,12,3,18,167060,6130.0,8699.0,58778.0,0.0,1,1,2,0
18,19.6050,158.8810,9.3930,187.8790,977,7468,45,568,2,12,3,18,167060,6148.0,11429.0,58496.0,0.0,1,1,2,0
19,16.9560,153.5290,8.9380,179.4230,977,7468,45,568,2,12,3,18,167060,6145.0,8672.0,58341.0,0.0,1,1,2,0
#heap 28164
#stack 3384
#end
#block sweep TLS MLKEM768
#lib wolfSSL 5.9.4
iter,tcp_ms,tls_ms,mqtt_ms,total_ms,hs_tx_B,hs_rx_B,mqtt_tx_B,mqtt_rx_B,hs_writes,hs_reads,writes,reads,free_heap_B,hs_keygen_us,hs_derive_us,hs_verify_us,hs_sign_us,hs_keygen_n,hs_derive_n,hs_verify_n,hs_sign_n
#suite TLS13-AES256-GCM-SHA384
0,6.4790,166.4960,17.1340,190.1090,1361,7788,45,568,2,12,3,18,167060,9468.0,13481.0,58266.0,0.0,1,1,2,0
1,4.7230,166.2810,8.6990,179.7030,1361,7788,45,568,2,12,3,18,167060,9755.0,15139.0,58425.0,0.0,1,1,2,0
2,6.5670,173.1850,24.3730,204.1250,1361,7788,45,568,2,12,3,18,167060,9611.0,15438.0,58384.0,0.0,1,1,2,0
3,3.7150,167.7800,23.4660,194.9610,1361,7788,45,568,2,12,3,18,167060,9569.0,13760.0,59386.0,0.0,1,1,2,0
4,4.8550,167.8700,23.0230,195.7480,1361,7788,45,568,2,12,3,18,167060,9819.0,13516.0,58430.0,0.0,1,1,2,0
5,4.4100,166.3450,43.2680,214.0230,1361,7788,45,568,2,12,3,18,167060,9461.0,13589.0,58453.0,0.0,1,1,2,0
6,6.4230,172.2910,8.4690,187.1830,1361,7788,45,568,2,12,3,18,167060,9458.0,13731.0,58340.0,0.0,1,1,2,0
7,42.4690,165.6580,11.6640,219.7910,1361,7788,45,568,2,12,3,18,167060,9462.0,16109.0,58376.0,0.0,1,1,2,0
8,19.4150,170.2590,8.2770,197.9510,1361,7788,45,568,2,12,3,18,167060,9624.0,16245.0,58450.0,0.0,1,1,2,0
9,15.7320,165.7610,16.0790,197.5720,1361,7788,45,568,2,12,3,18,167060,9436.0,16272.0,58481.0,0.0,1,1,2,0
10,5.8000,181.9680,20.5740,208.3420,1361,7788,45,568,2,12,3,18,167060,9665.0,15749.0,58376.0,0.0,1,1,2,0
11,4.4160,169.6010,20.6970,194.7140,1361,7788,45,568,2,12,3,18,167060,9619.0,13379.0,59459.0,0.0,1,1,2,0
12,5.6250,168.8400,21.3920,195.8570,1361,7788,45,568,2,12,3,18,167060,9576.0,13543.0,58553.0,0.0,1,1,2,0
13,5.6370,169.2680,23.0500,197.9550,1361,7788,45,568,2,12,3,18,167060,9454.0,13548.0,58284.0,0.0,1,1,2,0
14,5.5040,166.1520,23.3420,194.9980,1361,7788,45,568,2,12,3,18,167060,9616.0,13474.0,58458.0,0.0,1,1,2,0
15,4.5640,170.8500,19.7730,195.1870,1361,7788,45,568,2,12,3,18,167060,9648.0,15213.0,58248.0,0.0,1,1,2,0
16,4.8070,168.8310,20.6190,194.2570,1361,7788,45,568,2,12,3,18,167060,9618.0,13521.0,58411.0,0.0,1,1,2,0
17,4.5130,169.4590,21.0070,194.9790,1361,7788,45,568,2,12,3,18,167060,9482.0,15436.0,58380.0,0.0,1,1,2,0
18,5.4560,169.1130,21.2890,195.8580,1361,7788,45,568,2,12,3,18,167060,9453.0,13566.0,58393.0,0.0,1,1,2,0
19,5.4640,169.5230,22.2170,197.2040,1361,7788,45,568,2,12,3,18,167060,9438.0,13535.0,58287.0,0.0,1,1,2,0
#heap 29316
#stack 3176
#end
#block sweep TLS MLKEM1024
#lib wolfSSL 5.9.4
iter,tcp_ms,tls_ms,mqtt_ms,total_ms,hs_tx_B,hs_rx_B,mqtt_tx_B,mqtt_rx_B,hs_writes,hs_reads,writes,reads,free_heap_B,hs_keygen_us,hs_derive_us,hs_verify_us,hs_sign_us,hs_keygen_n,hs_derive_n,hs_verify_n,hs_sign_n
#suite TLS13-AES256-GCM-SHA384
0,5.5530,183.3980,12.2830,201.2340,1745,8268,45,568,2,13,3,19,167060,14764.0,21728.0,58291.0,0.0,1,1,2,0
1,18.4070,179.3980,25.6360,223.4410,1745,8268,45,568,2,13,3,19,167060,14926.0,21759.0,58518.0,0.0,1,1,2,0
2,4.6680,179.6560,13.9660,198.2900,1745,8268,45,568,2,13,3,19,167060,14768.0,19748.0,58809.0,0.0,1,1,2,0
3,4.4220,180.6750,12.6560,197.7530,1745,8268,45,568,2,13,3,19,167060,14702.0,21863.0,58261.0,0.0,1,1,2,0
4,23.4090,186.4440,13.0830,222.9360,1745,8268,45,568,2,12,3,18,167060,14672.0,21871.0,58628.0,0.0,1,1,2,0
5,5.3840,183.3860,7.8030,196.5730,1745,8268,45,568,2,13,3,19,167060,14700.0,21817.0,58509.0,0.0,1,1,2,0
6,4.4230,188.9730,8.4550,201.8510,1745,8268,45,568,2,12,3,18,167060,15065.0,21706.0,58432.0,0.0,1,1,2,0
7,19.6250,195.7110,13.5620,228.8980,1745,8268,45,568,2,13,3,19,167060,14802.0,20250.0,59328.0,0.0,1,1,2,0
8,4.4090,181.9070,17.2900,203.6060,1745,8268,45,568,2,12,3,18,167060,14754.0,21733.0,58493.0,0.0,1,1,2,0
9,8.4270,179.1920,20.3750,207.9940,1745,8268,45,568,2,13,3,19,167060,14566.0,19681.0,58485.0,0.0,1,1,2,0
10,5.4510,179.6120,16.0950,201.1580,1745,8268,45,568,2,13,3,19,167060,14589.0,22182.0,58639.0,0.0,1,1,2,0
11,4.6600,192.9580,12.8480,210.4660,1745,8268,45,568,2,13,3,19,167060,14750.0,19698.0,58435.0,0.0,1,1,2,0
12,4.7380,185.6030,30.3530,220.6940,1745,8268,45,568,2,13,3,19,167060,14753.0,21826.0,58791.0,0.0,1,1,2,0
13,5.3620,189.0740,21.4880,215.9240,1745,8268,45,568,2,12,3,18,167060,14549.0,21680.0,58312.0,0.0,1,1,2,0
14,16.4180,179.5390,25.4540,221.4110,1745,8268,45,568,2,13,3,19,167060,14770.0,21816.0,58583.0,0.0,1,1,2,0
15,5.3710,182.4370,16.7090,204.5170,1745,8268,45,568,2,13,3,19,167060,14731.0,21900.0,58247.0,0.0,1,1,2,0
16,5.4270,191.9120,11.6570,208.9960,1745,8268,45,568,2,12,3,18,167060,15081.0,20536.0,58388.0,0.0,1,1,2,0
17,5.4250,187.8260,20.3640,213.6150,1745,8268,45,568,2,13,3,19,167060,14736.0,19756.0,58410.0,0.0,1,1,2,0
18,21.4010,189.5680,15.2690,226.2380,1745,8268,45,568,2,13,3,19,167060,14757.0,19771.0,58511.0,0.0,1,1,2,0
19,4.6190,179.3830,14.6430,198.6450,1745,8268,45,568,2,13,3,19,167060,14756.0,21644.0,58574.0,0.0,1,1,2,0
#heap 30468
#stack 2976
#end
#block sweep TLS X25519MLKEM768
#lib wolfSSL 5.9.4
iter,tcp_ms,tls_ms,mqtt_ms,total_ms,hs_tx_B,hs_rx_B,mqtt_tx_B,mqtt_rx_B,hs_writes,hs_reads,writes,reads,free_heap_B,hs_keygen_us,hs_derive_us,hs_verify_us,hs_sign_us,hs_keygen_n,hs_derive_n,hs_verify_n,hs_sign_n
#suite TLS13-AES256-GCM-SHA384
0,5.4210,283.5990,12.9630,301.9830,1393,7780,45,568,2,12,3,18,167060,66817.0,72315.0,58422.0,0.0,2,2,2,0
1,5.3840,284.6400,13.2150,303.2390,1393,7780,45,568,2,12,3,18,167060,66659.0,72561.0,58738.0,0.0,2,2,2,0
2,4.4760,284.3700,10.9700,299.8160,1393,7780,45,568,2,12,3,18,167060,66905.0,72639.0,58357.0,0.0,2,2,2,0
3,20.3730,283.6150,11.9270,315.9150,1393,7780,45,568,2,12,3,18,167060,66711.0,74028.0,58542.0,0.0,2,2,2,0
4,9.4470,289.4710,13.7090,312.6270,1393,7780,45,568,2,12,3,18,167060,66541.0,72027.0,58372.0,0.0,2,2,2,0
5,20.4100,297.8380,12.1850,330.4330,1393,7780,45,568,2,12,3,18,167060,66757.0,70736.0,58494.0,0.0,2,2,2,0
6,5.8670,295.1900,13.5420,314.5990,1393,7780,45,568,2,12,3,18,167060,66529.0,72428.0,58294.0,0.0,2,2,2,0
7,4.7060,284.0970,12.4100,301.2130,1393,7780,45,568,2,12,3,18,167060,66532.0,72682.0,58439.0,0.0,2,2,2,0
8,4.4410,287.6690,12.6890,304.7990,1393,7780,45,568,2,12,3,18,167060,66676.0,72467.0,58340.0,0.0,2,2,2,0
9,3.7150,283.6840,12.0270,299.4260,1393,7780,45,568,2,12,3,18,167060,66623.0,72439.0,58524.0,0.0,2,2,2,0
10,7.4450,284.3740,11.8080,303.6270,1393,7780,45,568,2,12,3,18,167060,66421.0,72273.0,58273.0,0.0,2,2,2,0
11,4.4100,284.2890,11.6910,300.3900,1393,7780,45,568,2,12,3,18,167060,66912.0,72322.0,58376.0,0.0,2,2,2,0
12,5.4140,284.0240,12.0760,301.5140,1393,7780,45,568,2,12,3,18,167060,66672.0,72634.0,58646.0,0.0,2,2,2,0
13,4.4960,284.0540,11.4550,300.0050,1393,7780,45,568,2,12,3,18,167060,66721.0,72583.0,58596.0,0.0,2,2,2,0
14,4.4640,289.0370,11.5370,305.0380,1393,7780,45,568,2,12,3,18,167060,66552.0,72738.0,58661.0,0.0,2,2,2,0
15,5.4460,301.8290,12.4000,319.6750,1393,7780,45,568,2,12,3,18,167060,66605.0,70630.0,58436.0,0.0,2,2,2,0
16,15.6800,284.1840,23.2490,323.1130,1393,7780,45,568,2,12,3,18,167060,66468.0,73722.0,58357.0,0.0,2,2,2,0
17,5.7780,294.3990,12.0810,312.2580,1393,7780,45,568,2,12,3,18,167060,66520.0,72514.0,58718.0,0.0,2,2,2,0
18,8.4860,285.4120,11.8140,305.7120,1393,7780,45,568,2,12,3,18,167060,66644.0,72437.0,58345.0,0.0,2,2,2,0
19,7.7110,283.6500,12.5370,303.8980,1393,7780,45,568,2,12,3,18,167060,66606.0,72393.0,58440.0,0.0,2,2,2,0
#heap 28068
#stack 3304
#end
#block sweep TLS SecP256r1MLKEM768
#lib wolfSSL 5.9.4
iter,tcp_ms,tls_ms,mqtt_ms,total_ms,hs_tx_B,hs_rx_B,mqtt_tx_B,mqtt_rx_B,hs_writes,hs_reads,writes,reads,free_heap_B,hs_keygen_us,hs_derive_us,hs_verify_us,hs_sign_us,hs_keygen_n,hs_derive_n,hs_verify_n,hs_sign_n
#suite TLS13-AES256-GCM-SHA384
0,5.3930,284.7480,12.2280,302.3690,1426,7853,45,568,2,12,3,18,167060,41037.0,85625.0,58493.0,0.0,2,2,2,0
1,4.8390,282.5150,12.0820,299.4360,1426,7853,45,568,2,12,3,18,167060,41207.0,85319.0,58322.0,0.0,2,2,2,0
2,4.5700,279.4440,12.2380,296.2520,1426,7853,45,568,2,12,3,18,167060,41227.0,85545.0,58306.0,0.0,2,2,2,0
3,6.6530,279.3100,12.6270,298.5900,1426,7853,45,568,2,12,3,18,167060,41330.0,85106.0,58396.0,0.0,2,2,2,0
4,5.4030,278.3930,12.5540,296.3500,1426,7853,45,568,2,12,3,18,167060,41157.0,84625.0,58442.0,0.0,2,2,2,0
5,4.5340,287.0950,12.0220,303.6510,1426,7853,45,568,2,12,3,18,167060,41097.0,84853.0,58572.0,0.0,2,2,2,0
6,4.6510,279.2700,12.1400,296.0610,1426,7853,45,568,2,12,3,18,167060,41166.0,84832.0,58560.0,0.0,2,2,2,0
7,3.6220,280.4550,12.7650,296.8420,1426,7853,45,568,2,12,3,18,167060,41465.0,84956.0,58493.0,0.0,2,2,2,0
8,4.5720,281.6200,12.1950,298.3870,1426,7853,45,568,2,12,3,18,167060,40996.0,84983.0,58385.0,0.0,2,2,2,0
9,4.3840,280.4220,12.2040,297.0100,1426,7853,45,568,2,12,3,18,167060,41123.0,85012.0,58226.0,0.0,2,2,2,0
10,4.5650,284.4550,10.9070,299.9270,1426,7853,45,568,2,12,3,18,167060,41484.0,84804.0,58254.0,0.0,2,2,2,0
11,4.3920,286.7170,12.0360,303.1450,1426,7853,45,568,2,12,3,18,167060,41147.0,84688.0,58881.0,0.0,2,2,2,0
12,4.8230,279.1720,12.1070,296.1020,1426,7853,45,568,2,12,3,18,167060,41182.0,84774.0,58794.0,0.0,2,2,2,0
13,5.3860,282.6530,11.9300,299.9690,1426,7853,45,568,2,12,3,18,167060,40946.0,83011.0,58587.0,0.0,2,2,2,0
14,5.4230,277.4280,12.6540,295.5050,1426,7853,45,568,2,12,3,18,167060,41146.0,84975.0,58462.0,0.0,2,2,2,0
15,4.4120,283.1030,12.0080,299.5230,1426,7853,45,568,2,12,3,18,167060,41193.0,84785.0,58203.0,0.0,2,2,2,0
16,4.7890,280.0770,11.1050,295.9710,1426,7853,45,568,2,12,3,18,167060,41346.0,85067.0,58261.0,0.0,2,2,2,0
17,5.3850,282.5650,11.9060,299.8560,1426,7853,45,568,2,12,3,18,167060,41110.0,84617.0,58516.0,0.0,2,2,2,0
18,5.4150,282.0810,12.2380,299.7340,1426,7853,45,568,2,12,3,18,167060,41037.0,85082.0,59083.0,0.0,2,2,2,0
19,6.3930,281.5250,13.3760,301.2940,1426,7853,45,568,2,12,3,18,167060,41127.0,85076.0,58672.0,0.0,2,2,2,0
#heap 28134
#stack 2840
#end
#block sweep TLS SecP384r1MLKEM1024
#lib wolfSSL 5.9.4
iter,tcp_ms,tls_ms,mqtt_ms,total_ms,hs_tx_B,hs_rx_B,mqtt_tx_B,mqtt_rx_B,hs_writes,hs_reads,writes,reads,free_heap_B,hs_keygen_us,hs_derive_us,hs_verify_us,hs_sign_us,hs_keygen_n,hs_derive_n,hs_verify_n,hs_sign_n
#suite TLS13-AES256-GCM-SHA384
0,5.6010,685.3920,20.9400,711.9330,1842,8365,45,568,2,13,3,19,167060,170781.0,355322.0,58308.0,0.0,2,2,2,0
1,10.7730,683.1320,16.2580,710.1630,1842,8365,45,568,2,13,3,19,167060,170892.0,355485.0,59242.0,0.0,2,2,2,0
2,5.4330,679.5600,14.7150,699.7080,1842,8365,45,568,2,13,3,19,167060,170708.0,355352.0,58459.0,0.0,2,2,2,0
3,4.4370,678.2130,19.4120,702.0620,1842,8365,45,568,2,12,3,18,167060,170780.0,355348.0,58511.0,0.0,2,2,2,0
4,4.4850,689.4690,23.3240,717.2780,1842,8365,45,568,2,13,3,19,167060,171079.0,355997.0,58609.0,0.0,2,2,2,0
5,4.4130,678.1970,24.8740,707.4840,1842,8365,45,568,2,13,3,19,167060,170899.0,355971.0,58597.0,0.0,2,2,2,0
6,3.7910,858.9080,14.5520,877.2510,1842,8365,45,568,2,13,3,19,167060,171150.0,360445.0,58493.0,0.0,2,2,2,0
7,17.4620,689.1040,12.2430,718.8090,1842,8365,45,568,2,13,3,19,167060,170828.0,353481.0,58445.0,0.0,2,2,2,0
8,5.4120,692.1520,25.3710,722.9350,1842,8365,45,568,2,13,3,19,167060,170871.0,355188.0,58223.0,0.0,2,2,2,0
9,3.6730,676.9030,20.2020,700.7780,1842,8365,45,568,2,13,3,19,167060,170671.0,355366.0,58295.0,0.0,2,2,2,0
10,4.7340,687.4380,23.8700,716.0420,1842,8365,45,568,2,12,3,18,167060,170868.0,355770.0,58651.0,0.0,2,2,2,0
11,4.6560,681.7450,23.2760,709.6770,1842,8365,45,568,2,12,3,18,167060,170671.0,355734.0,58493.0,0.0,2,2,2,0
12,5.4560,680.0320,21.5600,707.0480,1842,8365,45,568,2,13,3,19,167060,171519.0,355389.0,58653.0,0.0,2,2,2,0
13,6.5400,678.6670,19.2250,704.4320,1842,8365,45,568,2,12,3,18,167060,170835.0,355767.0,58333.0,0.0,2,2,2,0
14,5.4640,677.5270,24.0980,707.0890,1842,8365,45,568,2,13,3,19,167060,170803.0,355447.0,58533.0,0.0,2,2,2,0
15,4.4340,679.4630,24.2550,708.1520,1842,8365,45,568,2,12,3,18,167060,170790.0,354050.0,58323.0,0.0,2,2,2,0
16,6.4170,679.5440,35.6320,721.5930,1842,8365,45,568,2,13,3,19,167060,171254.0,356137.0,58805.0,0.0,2,2,2,0
17,4.4220,679.0330,12.4940,695.9490,1842,8365,45,568,2,13,3,19,167060,170849.0,355310.0,58337.0,0.0,2,2,2,0
18,8.4250,679.9350,14.2960,702.6560,1842,8365,45,568,2,12,3,18,167060,171229.0,355414.0,58519.0,0.0,2,2,2,0
19,4.8420,681.0320,16.5020,702.3760,1842,8365,45,568,2,13,3,19,167060,170772.0,355393.0,58486.0,0.0,2,2,2,0
#heap 29062
#stack 2800
#end
#block sweep TLS SecP256r1MLKEM512
#lib wolfSSL 5.9.4
iter,tcp_ms,tls_ms,mqtt_ms,total_ms,hs_tx_B,hs_rx_B,mqtt_tx_B,mqtt_rx_B,hs_writes,hs_reads,writes,reads,free_heap_B,hs_keygen_us,hs_derive_us,hs_verify_us,hs_sign_us,hs_keygen_n,hs_derive_n,hs_verify_n,hs_sign_n
#err tls handshake failed: received alert fatal error
#heap 14014
#stack 1992
#end
#block sweep TLS x25519_mlkem512
#lib wolfSSL 5.9.4
iter,tcp_ms,tls_ms,mqtt_ms,total_ms,hs_tx_B,hs_rx_B,mqtt_tx_B,mqtt_rx_B,hs_writes,hs_reads,writes,reads,free_heap_B,hs_keygen_us,hs_derive_us,hs_verify_us,hs_sign_us,hs_keygen_n,hs_derive_n,hs_verify_n,hs_sign_n
#err tls handshake failed: received alert fatal error
#heap 13485
#stack 1824
#end
#block sweep TLS p384_mlkem768
#lib wolfSSL 5.9.4
iter,tcp_ms,tls_ms,mqtt_ms,total_ms,hs_tx_B,hs_rx_B,mqtt_tx_B,mqtt_rx_B,hs_writes,hs_reads,writes,reads,free_heap_B,hs_keygen_us,hs_derive_us,hs_verify_us,hs_sign_us,hs_keygen_n,hs_derive_n,hs_verify_n,hs_sign_n
=== MQTT / TLS 1.3 / mTLS, MLDSA44 certificates, X25519MLKEM768 (wolfSSL 5.9.4) on RP2040 ===
CPU clock: 200 MHz
#watchdog sweep TLS p384_mlkem768: hung during TCP connect (connection -2); no progress for 8 s, the board rebooted; continuing with the next block
#config iterations=50 warmup=5 pipe_iterations=3 messages=200 payload_B=51 schemes=2 sweep_iterations=20 sweep_warmup=2 groups=13 kex_iterations=50 kex_warmup=2 blocks=41
#kat LoRaWAN / AES-CMAC / Ascon known-answer checks: OK
#wifi rssi=-19 dBm channel=10 ip=192.168.50.235 broker=192.168.50.132
#block sweep TLS p521_mlkem1024
#lib wolfSSL 5.9.4
iter,tcp_ms,tls_ms,mqtt_ms,total_ms,hs_tx_B,hs_rx_B,mqtt_tx_B,mqtt_rx_B,hs_writes,hs_reads,writes,reads,free_heap_B,hs_keygen_us,hs_derive_us,hs_verify_us,hs_sign_us,hs_keygen_n,hs_derive_n,hs_verify_n,hs_sign_n
#suite TLS13-AES256-GCM-SHA384
0,18.3990,935.1100,12.0580,965.5670,1878,8401,45,568,2,12,3,18,167284,248666.0,495800.0,58389.0,0.0,2,2,2,0
1,5.4530,936.2030,12.0590,953.7150,1878,8401,45,568,2,12,3,18,167060,248611.0,494613.0,58661.0,0.0,2,2,2,0
2,5.3840,931.5880,14.0370,951.0090,1878,8401,45,568,2,12,3,18,167060,248422.0,495031.0,58348.0,0.0,2,2,2,0
3,4.4160,930.7280,18.8170,953.9610,1878,8401,45,568,2,12,3,18,167060,248755.0,497045.0,58451.0,0.0,2,2,2,0
4,8.3670,926.5570,11.8810,946.8050,1878,8401,45,568,2,13,3,19,167060,248863.0,497212.0,58617.0,0.0,2,2,2,0
5,18.8050,931.2730,11.0150,961.0930,1878,8401,45,568,2,12,3,18,167060,248928.0,495332.0,58666.0,0.0,2,2,2,0
6,4.8090,930.5150,12.4600,947.7840,1878,8401,45,568,2,12,3,18,167060,248443.0,497093.0,58298.0,0.0,2,2,2,0
7,16.4190,933.6840,11.6130,961.7160,1878,8401,45,568,2,13,3,19,167060,249952.0,495024.0,58455.0,0.0,2,2,2,0
8,6.6560,933.7940,12.1020,952.5520,1878,8401,45,568,2,12,3,18,167060,248716.0,497275.0,58362.0,0.0,2,2,2,0
9,4.7470,935.6980,20.4570,960.9020,1878,8401,45,568,2,12,3,18,167060,248513.0,496913.0,58232.0,0.0,2,2,2,0
10,10.4050,932.7350,11.7350,954.8750,1878,8401,45,568,2,13,3,19,167060,249486.0,497323.0,58227.0,0.0,2,2,2,0
11,6.4020,924.5520,24.3970,955.3510,1878,8401,45,568,2,13,3,19,167060,248751.0,496989.0,58538.0,0.0,2,2,2,0
12,9.7110,926.8690,15.4990,952.0790,1878,8401,45,568,2,13,3,19,167060,248891.0,494767.0,58215.0,0.0,2,2,2,0
13,6.4220,930.7730,12.0610,949.2560,1878,8401,45,568,2,13,3,19,167060,248679.0,495144.0,58262.0,0.0,2,2,2,0
14,7.4550,928.1180,11.4190,946.9920,1878,8401,45,568,2,13,3,19,167060,248205.0,495365.0,58659.0,0.0,2,2,2,0
15,6.5460,929.2900,13.4480,949.2840,1878,8401,45,568,2,12,3,18,167060,248324.0,495431.0,58701.0,0.0,2,2,2,0
16,6.4010,931.1110,21.3100,958.8220,1878,8401,45,568,2,13,3,19,167060,248747.0,497187.0,58605.0,0.0,2,2,2,0
17,19.8650,936.2950,13.0600,969.2200,1878,8401,45,568,2,12,3,18,167060,248755.0,497002.0,58723.0,0.0,2,2,2,0
18,6.8070,933.2800,19.8270,959.9140,1878,8401,45,568,2,13,3,19,167060,248448.0,497176.0,58492.0,0.0,2,2,2,0
19,5.4600,925.2060,27.3000,957.9660,1878,8401,45,568,2,12,3,18,167060,248445.0,497658.0,58322.0,0.0,2,2,2,0
#heap 29385
#stack 2848
#end
#block sweep TLS x448_mlkem768
#lib wolfSSL 5.9.4
iter,tcp_ms,tls_ms,mqtt_ms,total_ms,hs_tx_B,hs_rx_B,mqtt_tx_B,mqtt_rx_B,hs_writes,hs_reads,writes,reads,free_heap_B,hs_keygen_us,hs_derive_us,hs_verify_us,hs_sign_us,hs_keygen_n,hs_derive_n,hs_verify_n,hs_sign_n
#suite TLS13-AES256-GCM-SHA384
0,4.4900,585.4100,16.9090,606.8090,1417,7844,45,568,2,12,3,18,167060,210288.0,216102.0,58316.0,0.0,2,2,2,0
1,5.3970,585.9130,16.0660,607.3760,1417,7844,45,568,2,12,3,18,167060,211725.0,216697.0,58443.0,0.0,2,2,2,0
2,5.4220,586.6730,13.5500,605.6450,1417,7844,45,568,2,12,3,18,167060,210530.0,215825.0,58486.0,0.0,2,2,2,0
3,5.6670,589.0620,13.6150,608.3440,1417,7844,45,568,2,12,3,18,167060,210255.0,217518.0,58282.0,0.0,2,2,2,0
4,4.6110,584.5860,246.2810,835.4780,1417,7844,45,568,2,12,3,18,167060,210285.0,217261.0,58635.0,0.0,2,2,2,0
5,7.4190,585.0970,32.5090,625.0250,1417,7844,45,568,2,12,3,18,167060,210742.0,217463.0,58453.0,0.0,2,2,2,0
6,5.4190,583.9090,12.6860,602.0140,1417,7844,45,568,2,12,3,18,167060,210473.0,216646.0,58360.0,0.0,2,2,2,0
7,6.4790,587.7220,12.4970,606.6980,1417,7844,45,568,2,12,3,18,167060,210610.0,216225.0,58521.0,0.0,2,2,2,0
8,4.5480,590.1160,11.9570,606.6210,1417,7844,45,568,2,12,3,18,167060,210502.0,214515.0,58660.0,0.0,2,2,2,0
9,6.5410,591.1160,11.8520,609.5090,1417,7844,45,568,2,12,3,18,167060,210315.0,216368.0,58346.0,0.0,2,2,2,0
10,4.6840,588.7020,14.1980,607.5840,1417,7844,45,568,2,12,3,18,167060,210935.0,214045.0,58241.0,0.0,2,2,2,0
11,11.6210,585.6460,16.4650,613.7320,1417,7844,45,568,2,12,3,18,167060,211365.0,216397.0,58549.0,0.0,2,2,2,0
12,5.4220,586.7590,12.2830,604.4640,1417,7844,45,568,2,12,3,18,167060,210447.0,216112.0,58192.0,0.0,2,2,2,0
13,5.5640,585.8820,12.5830,604.0290,1417,7844,45,568,2,12,3,18,167060,210602.0,215831.0,58307.0,0.0,2,2,2,0
14,4.5350,589.6590,13.1690,607.3630,1417,7844,45,568,2,12,3,18,167060,210588.0,214084.0,58468.0,0.0,2,2,2,0
15,4.8770,595.8040,12.2330,612.9140,1417,7844,45,568,2,12,3,18,167060,210912.0,213992.0,58478.0,0.0,2,2,2,0
16,5.3640,585.4690,12.4840,603.3170,1417,7844,45,568,2,12,3,18,167060,210326.0,216100.0,58565.0,0.0,2,2,2,0
17,4.6500,589.0570,17.1370,610.8440,1417,7844,45,568,2,12,3,18,167060,210352.0,214166.0,58468.0,0.0,2,2,2,0
18,5.3690,588.3560,17.8580,611.5830,1417,7844,45,568,2,12,3,18,167060,210763.0,214209.0,58244.0,0.0,2,2,2,0
19,4.5270,584.7660,15.3760,604.6690,1417,7844,45,568,2,12,3,18,167060,210511.0,215981.0,58407.0,0.0,2,2,2,0
#heap 28116
#stack 3872
#end
#block sweep TLS X25519
#lib wolfSSL 5.9.4
iter,tcp_ms,tls_ms,mqtt_ms,total_ms,hs_tx_B,hs_rx_B,mqtt_tx_B,mqtt_rx_B,hs_writes,hs_reads,writes,reads,free_heap_B,hs_keygen_us,hs_derive_us,hs_verify_us,hs_sign_us,hs_keygen_n,hs_derive_n,hs_verify_n,hs_sign_n
#suite TLS13-AES256-GCM-SHA384
0,6.4100,252.8590,11.7510,271.0200,209,6732,45,568,2,12,3,18,167060,57035.0,58539.0,58524.0,0.0,1,1,2,0
1,4.3910,261.5280,12.2840,278.2030,209,6732,45,568,2,12,3,18,167060,57200.0,57011.0,58244.0,0.0,1,1,2,0
2,5.4170,252.0120,12.0890,269.5180,209,6732,45,568,2,12,3,18,167060,57175.0,59737.0,58506.0,0.0,1,1,2,0
3,5.3750,252.0730,24.3930,281.8410,209,6732,45,568,2,12,3,18,167060,57133.0,58571.0,58723.0,0.0,1,1,2,0
4,4.9690,259.6570,11.6420,276.2680,209,6732,45,568,2,12,3,18,167060,57142.0,56939.0,58501.0,0.0,1,1,2,0
5,6.6710,252.0530,13.2260,271.9500,209,6732,45,568,2,12,3,18,167060,57108.0,58243.0,58327.0,0.0,1,1,2,0
6,18.7130,256.3060,25.3110,300.3300,209,6732,45,568,2,12,3,18,167060,57107.0,59236.0,58715.0,0.0,1,1,2,0
7,17.4930,257.7070,23.2710,298.4710,209,6732,45,568,2,12,3,18,167060,57213.0,58326.0,58313.0,0.0,1,1,2,0
8,19.3830,261.5300,19.3550,300.2680,209,6732,45,568,2,12,3,18,167060,57034.0,58593.0,58701.0,0.0,1,1,2,0
9,4.8520,262.4210,25.5080,292.7810,209,6732,45,568,2,12,3,18,167060,57241.0,57017.0,58538.0,0.0,1,1,2,0
10,4.7720,253.2950,11.7790,269.8460,209,6732,45,568,2,12,3,18,167060,57322.0,58406.0,58360.0,0.0,1,1,2,0
11,17.4260,253.7140,12.3560,283.4960,209,6732,45,568,2,12,3,18,167060,57130.0,58709.0,58539.0,0.0,1,1,2,0
12,8.3760,255.8630,17.1050,281.3440,209,6732,45,568,2,12,3,18,167060,57135.0,59521.0,58312.0,0.0,1,1,2,0
13,4.5430,251.5560,11.9660,268.0650,209,6732,45,568,2,12,3,18,167060,57197.0,59015.0,58467.0,0.0,1,1,2,0
14,19.5350,255.8650,24.5810,299.9810,209,6732,45,568,2,12,3,18,167060,57023.0,59696.0,58272.0,0.0,1,1,2,0
15,18.4380,262.0330,21.9880,302.4590,209,6732,45,568,2,12,3,18,167060,57129.0,58902.0,58521.0,0.0,1,1,2,0
16,18.3840,255.7370,19.6090,293.7300,209,6732,45,568,2,12,3,18,167060,57008.0,58950.0,58405.0,0.0,1,1,2,0
17,5.3890,252.0300,12.6600,270.0790,209,6732,45,568,2,12,3,18,167060,57029.0,59984.0,58382.0,0.0,1,1,2,0
18,17.6470,252.8250,15.9920,286.4640,209,6732,45,568,2,12,3,18,167060,57300.0,58434.0,58703.0,0.0,1,1,2,0
19,8.9480,257.1720,16.4610,282.5810,209,6732,45,568,2,12,3,18,167060,57183.0,58460.0,58346.0,0.0,1,1,2,0
#heap 25764
#stack 3384
#end
#block sweep TLS secp256r1
#lib wolfSSL 5.9.4
iter,tcp_ms,tls_ms,mqtt_ms,total_ms,hs_tx_B,hs_rx_B,mqtt_tx_B,mqtt_rx_B,hs_writes,hs_reads,writes,reads,free_heap_B,hs_keygen_us,hs_derive_us,hs_verify_us,hs_sign_us,hs_keygen_n,hs_derive_n,hs_verify_n,hs_sign_n
#suite TLS13-AES256-GCM-SHA384
0,20.8740,240.0330,12.2140,273.1210,242,6765,45,568,2,12,3,18,167060,31516.0,71038.0,58350.0,0.0,1,1,2,0
1,7.4540,239.9440,11.9640,259.3620,242,6765,45,568,2,12,3,18,167060,31629.0,71258.0,58463.0,0.0,1,1,2,0
2,5.3720,238.5410,12.4620,256.3750,242,6765,45,568,2,12,3,18,167060,31500.0,71313.0,58336.0,0.0,1,1,2,0
3,9.3730,236.0980,13.1700,258.6410,242,6765,45,568,2,12,3,18,167060,31782.0,71211.0,58454.0,0.0,1,1,2,0
4,5.3970,250.0950,18.0080,273.5000,242,6765,45,568,2,12,3,18,167060,31650.0,70076.0,58376.0,0.0,1,1,2,0
5,5.5860,249.8270,12.4000,267.8130,242,6765,45,568,2,12,3,18,167060,31630.0,70787.0,58207.0,0.0,1,1,2,0
6,18.6370,234.9370,12.6470,266.2210,242,6765,45,568,2,12,3,18,167060,31509.0,70879.0,58699.0,0.0,1,1,2,0
7,5.4220,240.2140,15.3790,261.0150,242,6765,45,568,2,12,3,18,167060,31620.0,70778.0,59302.0,0.0,1,1,2,0
8,4.4100,238.6300,15.2570,258.2970,242,6765,45,568,2,12,3,18,167060,31679.0,71021.0,58717.0,0.0,1,1,2,0
9,5.6370,235.1390,11.9200,252.6960,242,6765,45,568,2,12,3,18,167060,31524.0,70951.0,58218.0,0.0,1,1,2,0
10,5.6200,238.1970,12.1510,255.9680,242,6765,45,568,2,12,3,18,167060,31753.0,70945.0,58618.0,0.0,1,1,2,0
11,3.4330,242.5620,13.8880,259.8830,242,6765,45,568,2,12,3,18,167060,31510.0,70884.0,58301.0,0.0,1,1,2,0
12,5.4230,234.7920,15.9000,256.1150,242,6765,45,568,2,12,3,18,167060,31481.0,71295.0,58493.0,0.0,1,1,2,0
13,6.4130,239.1120,13.6180,259.1430,242,6765,45,568,2,12,3,18,167060,31577.0,71163.0,58479.0,0.0,1,1,2,0
14,4.8470,239.4010,13.9260,258.1740,242,6765,45,568,2,12,3,18,167060,31757.0,71309.0,58719.0,0.0,1,1,2,0
15,6.3930,251.5180,19.5110,277.4220,242,6765,45,568,2,12,3,18,167060,31641.0,69545.0,58312.0,0.0,1,1,2,0
16,19.5380,240.4090,12.0640,272.0110,242,6765,45,568,2,12,3,18,167060,31681.0,70888.0,58292.0,0.0,1,1,2,0
17,5.6490,239.7600,14.0600,259.4690,242,6765,45,568,2,12,3,18,167060,31506.0,70935.0,58545.0,0.0,1,1,2,0
18,4.6210,240.6700,12.4930,257.7840,242,6765,45,552,2,12,3,18,167060,31615.0,70830.0,58374.0,0.0,1,1,2,0
19,16.4000,252.6780,12.0670,281.1450,242,6765,45,568,2,12,3,18,167060,31510.0,70779.0,58446.0,0.0,1,1,2,0
#heap 25797
#stack 2832
#end
#block sweep mTLS MLKEM512
#lib wolfSSL 5.9.4
iter,tcp_ms,tls_ms,mqtt_ms,total_ms,hs_tx_B,hs_rx_B,mqtt_tx_B,mqtt_rx_B,hs_writes,hs_reads,writes,reads,free_heap_B,hs_keygen_us,hs_derive_us,hs_verify_us,hs_sign_us,hs_keygen_n,hs_derive_n,hs_verify_n,hs_sign_n
#suite TLS13-AES256-GCM-SHA384
0,4.4180,370.9460,45.3810,420.7450,7474,7638,45,8600,4,14,5,21,160348,6272.0,8847.0,58493.0,158059.0,1,1,2,1
1,12.4340,347.1280,32.7550,392.3170,7474,7638,45,8600,4,14,5,20,160348,6267.0,8689.0,58523.0,125293.0,1,1,2,1
2,4.4190,263.2280,48.4290,316.0760,7474,7638,45,8600,4,14,5,20,160348,6122.0,10645.0,58476.0,51628.0,1,1,2,1
3,16.6550,264.8080,32.3720,313.8350,7474,7638,45,8600,4,14,5,20,160348,6267.0,8698.0,58609.0,51596.0,1,1,2,1
4,6.5660,353.2960,34.3220,394.1840,7474,7638,45,8600,4,14,5,20,160348,6313.0,8670.0,58280.0,131133.0,1,1,2,1
5,5.6600,347.0050,31.5800,384.2450,7474,7638,45,8600,4,14,5,20,160348,6129.0,10527.0,58400.0,123955.0,1,1,2,1
6,5.3740,317.0670,44.8460,367.2870,7474,7638,45,8600,4,14,5,21,160348,6135.0,8803.0,58218.0,91492.0,1,1,2,1
7,5.4440,395.3880,33.2900,434.1220,7474,7638,45,8600,4,14,5,20,160348,6110.0,8679.0,58389.0,167096.0,1,1,2,1
8,4.4450,352.8330,32.5250,389.8030,7474,7638,45,8600,4,14,5,20,160348,6286.0,8655.0,58261.0,129542.0,1,1,2,1
9,6.4580,274.3160,32.4740,313.2480,7474,7638,45,8600,4,14,5,20,160348,6123.0,8835.0,58644.0,51466.0,1,1,2,1
10,3.7750,680.8740,44.0800,728.7290,7474,7638,45,8600,4,14,5,20,160348,6124.0,8673.0,58235.0,461777.0,1,1,2,1
11,8.4270,299.2180,33.0890,340.7340,7474,7638,45,8600,4,14,5,20,160348,6137.0,10503.0,58257.0,85790.0,1,1,2,1
12,18.5200,265.0760,31.9790,315.5750,7474,7638,45,8600,4,14,5,20,160348,6137.0,8670.0,58278.0,51700.0,1,1,2,1
13,5.6820,409.0810,33.1880,447.9510,7474,7638,45,8600,4,14,5,20,160348,6111.0,10672.0,58309.0,181201.0,1,1,2,1
14,4.6180,297.7550,33.3220,335.6950,7474,7638,45,8600,4,14,5,20,160348,6226.0,8662.0,58606.0,86072.0,1,1,2,1
15,5.8760,431.9410,42.6900,480.5070,7474,7638,45,8600,4,14,5,20,160348,6184.0,8802.0,58425.0,207884.0,1,1,2,1
16,16.5870,350.2920,35.9630,402.8420,7474,7638,45,8600,4,14,5,20,160348,6106.0,9602.0,58260.0,135277.0,1,1,2,1
17,19.4140,263.3040,32.8140,315.5320,7474,7638,45,8600,4,14,5,20,160348,6107.0,8689.0,58354.0,51585.0,1,1,2,1
18,6.4200,346.5590,36.2860,389.2650,7474,7638,45,8600,4,14,5,21,160348,6255.0,10451.0,58507.0,120260.0,1,1,2,1
19,8.3890,390.1320,45.2010,443.7220,7474,7638,45,8600,4,14,5,20,160348,6144.0,8860.0,58777.0,168010.0,1,1,2,1
#heap 39122
#stack 3640
#end
#block sweep mTLS MLKEM768
#lib wolfSSL 5.9.4
iter,tcp_ms,tls_ms,mqtt_ms,total_ms,hs_tx_B,hs_rx_B,mqtt_tx_B,mqtt_rx_B,hs_writes,hs_reads,writes,reads,free_heap_B,hs_keygen_us,hs_derive_us,hs_verify_us,hs_sign_us,hs_keygen_n,hs_derive_n,hs_verify_n,hs_sign_n
#suite TLS13-AES256-GCM-SHA384
0,5.3710,510.4810,36.7950,552.6470,7858,7958,45,8600,4,14,5,20,160348,9555.0,15360.0,58560.0,286443.0,1,1,2,1
1,4.7490,403.4470,39.0550,447.2510,7858,7958,45,8600,4,14,5,20,160348,9600.0,15438.0,58417.0,172050.0,1,1,2,1
2,4.6350,595.2190,34.2900,634.1440,7858,7958,45,8600,4,14,5,20,160348,9669.0,13333.0,58248.0,369386.0,1,1,2,1
3,4.4170,441.1300,46.5100,492.0570,7858,7958,45,8600,4,14,5,20,160348,9460.0,15483.0,58444.0,215613.0,1,1,2,1
4,4.6770,284.8180,32.1370,321.6320,7858,7958,45,8600,4,14,5,20,160348,9435.0,15140.0,58228.0,51703.0,1,1,2,1
5,5.6870,368.7140,32.0580,406.4590,7858,7958,45,8600,4,14,5,20,160348,9439.0,15328.0,58345.0,132333.0,1,1,2,1
6,4.7060,394.5490,33.1240,432.3790,7858,7958,45,8600,4,14,5,20,160348,9685.0,13528.0,58456.0,167021.0,1,1,2,1
7,5.3810,285.2220,44.7310,335.3340,7858,7958,45,8600,4,14,5,20,160348,9440.0,15460.0,58386.0,51507.0,1,1,2,1
8,4.3960,277.8820,32.9240,315.2020,7858,7958,45,8600,4,14,5,20,160348,9445.0,15402.0,58596.0,51849.0,1,1,2,1
9,6.4070,284.3790,46.8540,337.6400,7858,7958,45,8600,4,14,5,20,160348,9467.0,13524.0,58624.0,51571.0,1,1,2,1
10,5.4380,313.3040,33.1860,351.9280,7858,7958,45,8600,4,14,5,20,160348,9585.0,13730.0,58386.0,88557.0,1,1,2,1
11,7.6650,301.9990,31.2390,340.9030,7858,7958,45,8600,4,14,5,20,160348,9655.0,13805.0,58782.0,51691.0,1,1,2,1
12,4.8730,313.7520,32.3760,351.0010,7858,7958,45,8600,4,14,5,21,160348,9446.0,15497.0,58344.0,88557.0,1,1,2,1
13,18.5560,315.8780,36.0510,370.4850,7858,7958,45,8600,4,14,5,20,160348,9594.0,15309.0,58645.0,91371.0,1,1,2,1
14,4.6640,286.5450,40.7840,331.9930,7858,7958,45,8600,4,14,5,20,160348,9461.0,13762.0,58511.0,51504.0,1,1,2,1
15,6.7080,396.3400,39.7780,442.8260,7858,7958,45,8600,4,14,5,20,160348,9467.0,13543.0,58385.0,171656.0,1,1,2,1
16,18.7340,408.5800,35.9540,463.2680,7858,7958,45,8600,4,14,5,20,160348,9552.0,13509.0,58614.0,170561.0,1,1,2,1
17,4.5170,327.4960,32.6680,364.6810,7858,7958,45,8600,4,14,5,20,160348,9624.0,13315.0,58480.0,99671.0,1,1,2,1
18,4.6520,282.1990,42.5700,329.4210,7858,7958,45,8600,4,14,5,20,160348,9439.0,13376.0,58530.0,51491.0,1,1,2,1
19,5.3950,611.1190,47.8000,664.3140,7858,7958,45,8600,4,14,5,20,160348,9573.0,15216.0,58324.0,387513.0,1,1,2,1
#heap 40274
#stack 3376
#end
#block sweep mTLS MLKEM1024
#lib wolfSSL 5.9.4
iter,tcp_ms,tls_ms,mqtt_ms,total_ms,hs_tx_B,hs_rx_B,mqtt_tx_B,mqtt_rx_B,hs_writes,hs_reads,writes,reads,free_heap_B,hs_keygen_us,hs_derive_us,hs_verify_us,hs_sign_us,hs_keygen_n,hs_derive_n,hs_verify_n,hs_sign_n
#suite TLS13-AES256-GCM-SHA384
0,8.7600,334.9950,33.1970,376.9520,8242,8438,45,8600,4,14,5,20,160348,14857.0,19526.0,58423.0,92313.0,1,1,2,1
1,18.4520,413.5200,32.4310,464.4030,8242,8438,45,8600,4,14,5,20,160348,14562.0,19665.0,58229.0,174108.0,1,1,2,1
2,19.4040,583.2610,33.2160,635.8810,8242,8438,45,8600,4,14,5,20,160348,14747.0,19716.0,58274.0,326927.0,1,1,2,1
3,5.5380,338.5310,31.3250,375.3940,8242,8438,45,8600,4,14,5,20,160348,14981.0,22094.0,58467.0,97070.0,1,1,2,1
4,20.4840,532.8540,47.3260,600.6640,8242,8438,45,8600,4,14,5,20,160348,14870.0,21846.0,58513.0,273702.0,1,1,2,1
5,4.4020,1027.4320,41.8070,1073.6410,8242,8438,45,8600,4,15,5,21,160348,14728.0,19694.0,58271.0,788353.0,1,1,2,1
6,6.4480,500.3250,38.8170,545.5900,8242,8438,45,8600,4,15,5,21,160348,14565.0,21762.0,58464.0,259952.0,1,1,2,1
7,20.7350,307.6030,35.1210,363.4590,8242,8438,45,8600,4,14,5,20,160348,14768.0,21876.0,58587.0,51954.0,1,1,2,1
8,5.5570,330.1010,31.1380,366.7960,8242,8438,45,8600,4,15,5,22,160348,15136.0,22003.0,58392.0,91460.0,1,1,2,1
9,4.4290,412.8790,41.9260,459.2340,8242,8438,45,8600,4,15,5,21,160348,14746.0,19674.0,58517.0,173160.0,1,1,2,1
10,5.5990,453.9340,36.6070,496.1400,8242,8438,45,8600,4,14,5,20,160348,14718.0,22003.0,58486.0,207575.0,1,1,2,1
11,6.4240,340.2780,37.9530,384.6550,8242,8438,45,8600,4,14,5,20,160348,14522.0,19838.0,58636.0,87301.0,1,1,2,1
12,6.6250,329.3420,31.3780,367.3450,8242,8438,45,8600,4,14,5,20,160348,14749.0,19724.0,58391.0,88772.0,1,1,2,1
13,6.4350,688.7440,45.7200,740.8990,8242,8438,45,8600,4,14,5,20,160348,14733.0,19683.0,59564.0,445464.0,1,1,2,1
14,5.4340,328.5780,29.9880,364.0000,8242,8438,45,8600,4,14,5,20,160348,14556.0,19711.0,58484.0,88671.0,1,1,2,1
15,5.4070,291.7150,31.6650,328.7870,8242,8438,45,8600,4,14,5,20,160348,14787.0,22068.0,58461.0,51716.0,1,1,2,1
16,4.6150,442.6480,46.7190,493.9820,8242,8438,45,8600,4,15,5,21,160348,14543.0,19692.0,58272.0,199357.0,1,1,2,1
17,4.8590,372.3520,39.8080,417.0190,8242,8438,45,8600,4,15,5,21,160348,14815.0,19690.0,58232.0,135280.0,1,1,2,1
18,5.3960,299.5700,32.2110,337.1770,8242,8438,45,8600,4,14,5,20,160348,14571.0,19652.0,58302.0,51703.0,1,1,2,1
19,7.4100,328.6940,39.0550,375.1590,8242,8438,45,8600,4,15,5,21,160348,14754.0,19711.0,58542.0,88496.0,1,1,2,1
#heap 41426
#stack 3096
#end
#block sweep mTLS X25519MLKEM768
#lib wolfSSL 5.9.4
iter,tcp_ms,tls_ms,mqtt_ms,total_ms,hs_tx_B,hs_rx_B,mqtt_tx_B,mqtt_rx_B,hs_writes,hs_reads,writes,reads,free_heap_B,hs_keygen_us,hs_derive_us,hs_verify_us,hs_sign_us,hs_keygen_n,hs_derive_n,hs_verify_n,hs_sign_n
#suite TLS13-AES256-GCM-SHA384
0,5.8140,442.0170,47.4110,495.2420,7890,7950,45,8600,4,14,5,20,160348,66655.0,70573.0,59391.0,89880.0,2,2,2,1
1,6.5690,464.2160,34.4800,505.2650,7890,7950,45,8600,4,14,5,20,160348,66560.0,70599.0,58533.0,99655.0,2,2,2,1
2,4.5590,403.6010,33.8480,442.0080,7890,7950,45,8600,4,14,5,20,160348,66410.0,72262.0,58955.0,51522.0,2,2,2,1
3,19.5860,774.1690,33.7220,827.4770,7890,7950,45,8600,4,14,5,20,160348,66447.0,72652.0,58556.0,429063.0,2,2,2,1
4,5.4080,562.0020,34.0450,601.4550,7890,7950,45,8600,4,14,5,20,160348,66531.0,72913.0,58459.0,213222.0,2,2,2,1
5,20.4180,429.2050,32.2080,481.8310,7890,7950,45,8600,4,14,5,20,160348,66540.0,72562.0,58350.0,88369.0,2,2,2,1
6,7.5560,544.8140,32.7320,585.1020,7890,7950,45,8600,4,14,5,20,160348,66610.0,72373.0,58460.0,195239.0,2,2,2,1
7,18.4800,855.0390,36.4390,909.9580,7890,7950,45,8600,4,14,5,20,160348,66597.0,72461.0,58541.0,511349.0,2,2,2,1
8,6.3630,487.7680,32.8410,526.9720,7890,7950,45,8600,4,14,5,20,160348,66607.0,72263.0,58407.0,139268.0,2,2,2,1
9,6.6440,705.4010,522.8630,1234.9080,7890,7950,45,8600,4,14,5,20,160348,66625.0,72535.0,58625.0,354906.0,2,2,2,1
10,4.4050,734.0430,34.9070,773.3550,7890,7950,45,8600,4,14,5,20,160348,66506.0,72416.0,58676.0,384579.0,2,2,2,1
11,17.4250,507.7090,40.2160,565.3500,7890,7950,45,8600,4,14,5,20,160348,66561.0,72464.0,58571.0,164932.0,2,2,2,1
12,6.4400,526.5830,34.3940,567.4170,7890,7950,45,8600,4,14,5,20,160348,66706.0,72668.0,58843.0,177775.0,2,2,2,1
13,5.4560,645.6580,33.5690,684.6830,7890,7950,45,8600,4,14,5,20,160348,66836.0,72494.0,58239.0,288116.0,2,2,2,1
14,5.4590,406.2740,32.8260,444.5590,7890,7950,45,8600,4,14,5,20,160348,66439.0,70636.0,58229.0,51733.0,2,2,2,1
15,8.4050,633.7620,32.6060,674.7730,7890,7950,45,8600,4,14,5,20,160348,66529.0,72620.0,58436.0,278653.0,2,2,2,1
16,4.4120,581.1170,44.0040,629.5330,7890,7950,45,8600,4,14,5,20,160348,66548.0,72424.0,58410.0,229939.0,2,2,2,1
17,7.5680,448.8360,50.4250,506.8290,7890,7950,45,8600,4,14,5,20,160348,66444.0,70551.0,58226.0,99764.0,2,2,2,1
18,10.4830,551.5670,41.8520,603.9020,7890,7950,45,8600,4,14,5,20,160348,66731.0,72539.0,58244.0,195295.0,2,2,2,1
19,6.8860,438.2010,32.6460,477.7330,7890,7950,45,8600,4,14,5,20,160348,66582.0,70403.0,58675.0,89876.0,2,2,2,1
#heap 39026
#stack 3328
#end
#block sweep mTLS SecP256r1MLKEM768
#lib wolfSSL 5.9.4
iter,tcp_ms,tls_ms,mqtt_ms,total_ms,hs_tx_B,hs_rx_B,mqtt_tx_B,mqtt_rx_B,hs_writes,hs_reads,writes,reads,free_heap_B,hs_keygen_us,hs_derive_us,hs_verify_us,hs_sign_us,hs_keygen_n,hs_derive_n,hs_verify_n,hs_sign_n
#suite TLS13-AES256-GCM-SHA384
0,5.3930,686.9820,33.1590,725.5340,7923,8023,45,8600,4,14,5,20,160348,41316.0,84738.0,58361.0,352265.0,2,2,2,1
1,5.0090,420.0430,47.4180,472.4700,7923,8023,45,8600,4,14,5,20,160348,41051.0,84698.0,58524.0,87316.0,2,2,2,1
2,6.5500,469.7920,35.2690,511.6110,7923,8023,45,8600,4,14,5,20,160348,41037.0,85037.0,58211.0,125400.0,2,2,2,1
3,5.5600,496.8500,33.0410,535.4510,7923,8023,45,8600,4,14,5,20,160348,41109.0,85053.0,58624.0,158090.0,2,2,2,1
4,5.4400,705.0790,33.7370,744.2560,7923,8023,45,8600,4,14,5,20,160348,41159.0,85077.0,58491.0,372918.0,2,2,2,1
5,5.4890,390.3920,45.9990,441.8800,7923,8023,45,8600,4,14,5,20,160348,41096.0,84690.0,58768.0,51485.0,2,2,2,1
6,19.4300,823.4680,31.3070,874.2050,7923,8023,45,8600,4,14,5,20,160348,41259.0,84944.0,58328.0,488119.0,2,2,2,1
7,5.5980,418.3070,32.3630,456.2680,7923,8023,45,8600,4,14,5,20,160348,41195.0,84969.0,58416.0,86000.0,2,2,2,1
8,5.6260,425.1490,44.5940,475.3690,7923,8023,45,8600,4,14,5,20,160348,41255.0,84556.0,58507.0,93916.0,2,2,2,1
9,5.4810,476.5590,34.8810,516.9210,7923,8023,45,8600,4,14,5,20,160348,41215.0,84955.0,58567.0,131260.0,2,2,2,1
10,16.6460,522.0300,34.0950,572.7710,7923,8023,45,8600,4,14,5,20,160348,41318.0,84943.0,58463.0,190326.0,2,2,2,1
11,5.8270,783.7040,44.3080,833.8390,7923,8023,45,8600,4,14,5,20,160348,41028.0,84917.0,58262.0,450824.0,2,2,2,1
12,5.4350,395.6780,31.8510,432.9640,7923,8023,45,8600,4,14,5,20,160348,41287.0,85092.0,58637.0,51535.0,2,2,2,1
13,40.4710,543.6250,54.3420,638.4380,7923,8023,45,8600,4,14,5,20,160348,41057.0,83169.0,58611.0,204651.0,2,2,2,1
14,4.6020,621.1220,35.1160,660.8400,7923,8023,45,8600,4,14,5,21,160348,41145.0,85030.0,58489.0,283329.0,2,2,2,1
15,5.4480,760.6390,31.8080,797.8950,7923,8023,45,8600,4,14,5,20,160348,41142.0,84637.0,58631.0,427712.0,2,2,2,1
16,5.5110,528.1610,42.3450,576.0170,7923,8023,45,8600,4,14,5,20,160348,41451.0,84984.0,58558.0,195622.0,2,2,2,1
17,5.7390,396.9360,31.9200,434.5950,7923,8023,45,8600,4,14,5,20,160348,41198.0,84914.0,58535.0,51863.0,2,2,2,1
18,5.6470,561.2670,32.1310,599.0450,7923,8023,45,8600,4,14,5,20,160348,41159.0,84944.0,58390.0,229449.0,2,2,2,1
19,7.4360,457.6160,35.1050,500.1570,7923,8023,45,8600,4,14,5,20,160348,41069.0,85077.0,58337.0,125476.0,2,2,2,1
#heap 39092
#stack 2800
#end
#block sweep mTLS SecP384r1MLKEM1024
#lib wolfSSL 5.9.4
iter,tcp_ms,tls_ms,mqtt_ms,total_ms,hs_tx_B,hs_rx_B,mqtt_tx_B,mqtt_rx_B,hs_writes,hs_reads,writes,reads,free_heap_B,hs_keygen_us,hs_derive_us,hs_verify_us,hs_sign_us,hs_keygen_n,hs_derive_n,hs_verify_n,hs_sign_n
#suite TLS13-AES256-GCM-SHA384
0,4.6970,852.5450,33.8960,891.1380,8339,8535,45,8600,4,15,5,21,160348,171154.0,356014.0,58197.0,99824.0,2,2,2,1
1,19.4000,809.0130,39.5830,867.9960,8339,8535,45,8600,4,14,5,20,160348,170995.0,354075.0,58449.0,51569.0,2,2,2,1
2,7.3710,805.5770,44.9380,857.8860,8339,8535,45,8600,4,15,5,22,160348,170709.0,355639.0,58373.0,51574.0,2,2,2,1
3,18.6180,799.0140,42.1370,859.7690,8339,8535,45,8600,4,14,5,20,160348,171035.0,353542.0,59408.0,51638.0,2,2,2,1
4,5.3750,1495.1430,32.9810,1533.4990,8339,8535,45,8600,4,15,5,21,160348,170509.0,355227.0,59015.0,741817.0,2,2,2,1
5,4.7880,1059.3390,44.4310,1108.5580,8339,8535,45,8600,4,15,5,21,160348,171216.0,355497.0,58435.0,309967.0,2,2,2,1
6,6.4020,806.7300,37.8210,850.9530,8339,8535,45,8600,4,15,5,21,160348,170844.0,355611.0,58482.0,51656.0,2,2,2,1
7,5.4450,1077.5780,38.6180,1121.6410,8339,8535,45,8600,4,15,5,22,160348,170633.0,356043.0,58248.0,340551.0,2,2,2,1
8,17.4290,3679.9300,46.5050,3743.8640,8339,8535,45,8600,4,14,5,21,160348,170808.0,355968.0,58264.0,53235.0,2,2,2,1
9,5.6390,1017.8280,34.1750,1057.6420,8339,8535,45,8600,4,14,5,20,160348,171366.0,355741.0,58359.0,271395.0,2,2,2,1
10,5.4560,905.5680,46.2410,957.2650,8339,8535,45,8600,4,14,5,20,160348,170636.0,354088.0,58975.0,161315.0,2,2,2,1
11,5.7300,812.0880,32.8610,850.6790,8339,8535,45,8600,4,14,5,20,160348,170808.0,356075.0,58663.0,51675.0,2,2,2,1
12,4.6060,1179.9680,42.4930,1227.0670,8339,8535,45,8600,4,15,5,22,160348,171313.0,355991.0,58284.0,438739.0,2,2,2,1
13,15.4400,1137.2340,36.6470,1189.3210,8339,8535,45,8600,4,15,5,21,160348,170822.0,353517.0,58500.0,388171.0,2,2,2,1
14,5.7920,841.3860,43.4070,890.5850,8339,8535,45,8600,4,14,5,20,160348,170990.0,356052.0,58245.0,99686.0,2,2,2,1
15,6.4040,953.7550,44.8210,1004.9800,8339,8535,45,8600,4,15,5,21,160348,170783.0,356092.0,58448.0,200800.0,2,2,2,1
16,7.8870,838.0600,32.2500,878.1970,8339,8535,45,8600,4,15,5,21,160348,170982.0,355352.0,58656.0,85997.0,2,2,2,1
17,5.4350,798.3350,42.4760,846.2460,8339,8535,45,8600,4,14,5,20,160348,171220.0,355725.0,58871.0,51785.0,2,2,2,1
18,5.5700,840.1520,37.6640,883.3860,8339,8535,45,8600,4,15,5,21,160348,170943.0,356022.0,58408.0,87337.0,2,2,2,1
19,4.4090,1609.8440,48.0290,1662.2820,8339,8535,45,8600,4,15,5,22,160348,170790.0,356185.0,58420.0,867813.0,2,2,2,1
#heap 40020
#stack 2800
#end
#block sweep mTLS SecP256r1MLKEM512
#lib wolfSSL 5.9.4
iter,tcp_ms,tls_ms,mqtt_ms,total_ms,hs_tx_B,hs_rx_B,mqtt_tx_B,mqtt_rx_B,hs_writes,hs_reads,writes,reads,free_heap_B,hs_keygen_us,hs_derive_us,hs_verify_us,hs_sign_us,hs_keygen_n,hs_derive_n,hs_verify_n,hs_sign_n
#err tls handshake failed: error state on socket
#heap 27164
#stack 1824
#end
#block sweep mTLS x25519_mlkem512
#lib wolfSSL 5.9.4
iter,tcp_ms,tls_ms,mqtt_ms,total_ms,hs_tx_B,hs_rx_B,mqtt_tx_B,mqtt_rx_B,hs_writes,hs_reads,writes,reads,free_heap_B,hs_keygen_us,hs_derive_us,hs_verify_us,hs_sign_us,hs_keygen_n,hs_derive_n,hs_verify_n,hs_sign_n
#err tls handshake failed: error state on socket
#heap 27164
#stack 1832
#end
#block sweep mTLS p384_mlkem768
#lib wolfSSL 5.9.4
iter,tcp_ms,tls_ms,mqtt_ms,total_ms,hs_tx_B,hs_rx_B,mqtt_tx_B,mqtt_rx_B,hs_writes,hs_reads,writes,reads,free_heap_B,hs_keygen_us,hs_derive_us,hs_verify_us,hs_sign_us,hs_keygen_n,hs_derive_n,hs_verify_n,hs_sign_n
#suite TLS13-AES256-GCM-SHA384
0,5.6390,927.4510,47.1610,980.2510,7955,8055,45,8600,4,14,5,21,160348,165275.0,348373.0,58339.0,180513.0,2,2,2,1
1,4.8360,797.7930,33.1650,835.7940,7955,8055,45,8600,4,14,5,20,160348,165552.0,346855.0,58743.0,51584.0,2,2,2,1
2,4.6480,1070.7360,37.0000,1112.3840,7955,8055,45,8600,4,14,5,20,160348,165366.0,346784.0,58280.0,323799.0,2,2,2,1
3,6.3770,908.0610,40.5060,954.9440,7955,8055,45,8600,4,14,5,20,160348,165640.0,348888.0,58780.0,159953.0,2,2,2,1
4,5.4270,1133.5960,32.4650,1171.4880,7955,8055,45,8600,4,14,5,20,160348,165328.0,348592.0,58529.0,391671.0,2,2,2,1
5,4.9250,795.4250,44.2380,844.5880,7955,8055,45,8600,4,14,5,20,160348,165416.0,347053.0,58510.0,51487.0,2,2,2,1
6,6.5670,795.8140,47.9690,850.3500,7955,8055,45,8600,4,14,5,20,160348,165569.0,349443.0,58484.0,51583.0,2,2,2,1
7,7.4350,829.6540,40.8250,877.9140,7955,8055,45,8600,4,14,5,21,160348,165467.0,349303.0,58503.0,90038.0,2,2,2,1
8,5.5670,913.4560,34.4500,953.4730,7955,8055,45,8600,4,14,5,20,160348,165697.0,348843.0,58727.0,170700.0,2,2,2,1
9,5.5990,840.6430,32.5250,878.7670,7955,8055,45,8600,4,14,5,20,160348,165595.0,349144.0,58822.0,85808.0,2,2,2,1
10,8.6110,814.1040,35.2350,857.9500,7955,8055,45,8600,4,14,5,20,160348,165505.0,348642.0,58460.0,52095.0,2,2,2,1
11,4.4060,858.8180,32.6970,895.9210,7955,8055,45,8600,4,14,5,20,160348,165308.0,346791.0,58585.0,125162.0,2,2,2,1
12,16.6030,930.2490,611.7200,1558.5720,7955,8055,45,8600,4,14,5,20,160348,165404.0,346812.0,58385.0,207161.0,2,2,2,1
13,5.6880,940.4270,33.3240,979.4390,7955,8055,45,8600,4,14,5,20,160348,165643.0,346855.0,58235.0,208351.0,2,2,2,1
14,8.7490,845.1690,32.4900,886.4080,7955,8055,45,8600,4,14,5,20,160348,165452.0,348630.0,58338.0,121608.0,2,2,2,1
15,6.4140,1052.3930,42.6280,1101.4350,7955,8055,45,8600,4,14,5,20,160348,165630.0,348515.0,58215.0,292084.0,2,2,2,1
16,8.6750,876.4210,33.7670,918.8630,7955,8055,45,8600,4,14,5,20,160348,166032.0,349883.0,59381.0,129233.0,2,2,2,1
17,9.5950,814.0990,32.4280,856.1220,7955,8055,45,8600,4,14,5,20,160348,165288.0,349941.0,58389.0,51624.0,2,2,2,1
18,4.7060,836.4640,44.4380,885.6080,7955,8055,45,8600,4,14,5,20,160348,165365.0,348816.0,58702.0,86029.0,2,2,2,1
19,5.3980,815.8440,66.6280,887.8700,7955,8055,45,8600,4,14,5,20,160348,165490.0,347258.0,58480.0,51636.0,2,2,2,1
#heap 39156
#stack 2880
#end
#block sweep mTLS p521_mlkem1024
#lib wolfSSL 5.9.4
iter,tcp_ms,tls_ms,mqtt_ms,total_ms,hs_tx_B,hs_rx_B,mqtt_tx_B,mqtt_rx_B,hs_writes,hs_reads,writes,reads,free_heap_B,hs_keygen_us,hs_derive_us,hs_verify_us,hs_sign_us,hs_keygen_n,hs_derive_n,hs_verify_n,hs_sign_n
#suite TLS13-AES256-GCM-SHA384
0,18.4930,1278.8710,34.1770,1331.5410,8375,8571,45,8600,4,14,5,20,160348,248320.0,494852.0,59269.0,285311.0,2,2,2,1
1,6.4340,1318.6810,44.4370,1369.5520,8375,8571,45,8600,4,14,5,20,160348,248496.0,495683.0,58533.0,331318.0,2,2,2,1
2,4.7030,1073.9580,35.7680,1114.4290,8375,8571,45,8600,4,14,5,20,160348,249192.0,495027.0,58754.0,87194.0,2,2,2,1
3,10.3940,1109.4870,37.9920,1157.8730,8375,8571,45,8600,4,14,5,20,160348,248364.0,496882.0,58266.0,123263.0,2,2,2,1
4,18.9040,1165.4060,41.1670,1225.4770,8375,8571,45,8600,4,14,5,21,160348,248465.0,495918.0,58646.0,172091.0,2,2,2,1
5,18.7090,1124.2330,34.4780,1177.4200,8375,8571,45,8600,4,14,5,20,160348,249089.0,494909.0,58450.0,131138.0,2,2,2,1
6,4.6370,1079.3060,34.1820,1118.1250,8375,8571,45,8600,4,14,5,20,160348,248560.0,495096.0,58698.0,87317.0,2,2,2,1
7,6.7020,1133.0540,35.1120,1174.8680,8375,8571,45,8600,4,14,5,21,160348,248789.0,495872.0,58468.0,144766.0,2,2,2,1
8,5.5390,1146.9070,45.7410,1198.1870,8375,8571,45,8600,4,15,5,21,160348,248397.0,496779.0,58564.0,158370.0,2,2,2,1
9,17.3900,1084.9840,32.5570,1134.9310,8375,8571,45,8600,4,14,5,20,160348,248715.0,494995.0,58459.0,90982.0,2,2,2,1
10,5.4120,1089.2700,32.3760,1127.0580,8375,8571,45,8600,4,15,5,21,160348,248301.0,497511.0,58412.0,88427.0,2,2,2,1
11,5.4300,1039.9400,42.6130,1087.9830,8375,8571,45,8600,4,14,5,20,160348,248869.0,495121.0,58631.0,51447.0,2,2,2,1
12,19.4620,1129.9520,33.2140,1182.6280,8375,8571,45,8600,4,14,5,20,160348,248687.0,498245.0,58332.0,135177.0,2,2,2,1
13,6.3840,1218.8440,34.7350,1259.9630,8375,8571,45,8600,4,14,5,20,160348,248481.0,495005.0,58718.0,235505.0,2,2,2,1
14,5.4430,1158.7750,48.9990,1213.2170,8375,8571,45,8600,4,14,5,21,160348,248387.0,497718.0,58425.0,172282.0,2,2,2,1
15,7.5580,1086.1700,31.2150,1124.9430,8375,8571,45,8600,4,14,5,20,160348,248468.0,497176.0,59158.0,87286.0,2,2,2,1
16,5.7390,1017.5220,29.8870,1053.1480,8375,8571,45,8600,4,15,5,21,160348,248455.0,495198.0,58722.0,51474.0,2,2,2,1
17,2770.9350,1058.4390,32.7310,3862.1050,8375,8571,45,8600,4,15,5,21,160348,248970.0,495639.0,58703.0,87148.0,2,2,2,1
18,4.4060,1148.7450,50.2820,1203.4330,8375,8571,45,8600,4,14,5,20,160348,249400.0,496016.0,59281.0,162413.0,2,2,2,1
19,5.4690,1208.2540,51.5350,1265.2580,8375,8571,45,8600,4,14,5,21,160348,248472.0,497993.0,58578.0,214261.0,2,2,2,1
#heap 40092
#stack 2832
#end
#block sweep mTLS x448_mlkem768
#lib wolfSSL 5.9.4
iter,tcp_ms,tls_ms,mqtt_ms,total_ms,hs_tx_B,hs_rx_B,mqtt_tx_B,mqtt_rx_B,hs_writes,hs_reads,writes,reads,free_heap_B,hs_keygen_us,hs_derive_us,hs_verify_us,hs_sign_us,hs_keygen_n,hs_derive_n,hs_verify_n,hs_sign_n
#suite TLS13-AES256-GCM-SHA384
0,9.5140,771.6760,49.7050,830.8950,7914,8014,45,8600,4,14,5,20,160348,210344.0,214169.0,58249.0,122806.0,2,2,2,1
1,7.3890,781.3430,35.4320,824.1640,7914,8014,45,8600,4,14,5,20,160348,210539.0,215984.0,58523.0,127912.0,2,2,2,1
2,17.7300,937.3260,51.2360,1006.2920,7914,8014,45,8600,4,14,5,21,160348,210596.0,215482.0,58436.0,290967.0,2,2,2,1
3,6.3780,743.4370,32.7380,782.5530,7914,8014,45,8600,4,14,5,20,160348,210751.0,216469.0,58360.0,90870.0,2,2,2,1
4,5.4460,695.2830,48.9070,749.6360,7914,8014,45,8600,4,14,5,20,160348,211290.0,216465.0,58471.0,51473.0,2,2,2,1
5,18.6310,1164.9160,36.4180,1219.9650,7914,8014,45,8600,4,14,5,21,160348,211349.0,214082.0,58359.0,520003.0,2,2,2,1
6,5.3980,878.6980,34.2630,918.3590,7914,8014,45,8600,4,14,5,20,160348,210149.0,217785.0,58484.0,233455.0,2,2,2,1
7,16.4310,741.9820,44.8040,803.2170,7914,8014,45,8600,4,14,5,20,160348,210457.0,216770.0,58760.0,97017.0,2,2,2,1
8,9.5200,696.3120,34.0130,739.8450,7914,8014,45,8600,4,14,5,20,160348,210860.0,217230.0,58275.0,51686.0,2,2,2,1
9,7.4240,744.4850,32.7780,784.6870,7914,8014,45,8600,4,14,5,20,160348,210952.0,215987.0,58633.0,88339.0,2,2,2,1
10,6.3660,808.7560,49.9040,865.0260,7914,8014,45,8600,4,14,5,20,160348,210497.0,217285.0,58554.0,164132.0,2,2,2,1
11,6.6060,846.3410,34.2270,887.1740,7914,8014,45,8600,4,14,5,20,160348,210387.0,216094.0,58547.0,203887.0,2,2,2,1
12,21.5320,733.3010,33.4230,788.2560,7914,8014,45,8600,4,14,5,20,160348,210405.0,216311.0,58924.0,90024.0,2,2,2,1
13,4.4160,694.1440,40.6970,739.2570,7914,8014,45,8600,4,14,5,20,160348,210555.0,216100.0,58318.0,51615.0,2,2,2,1
14,5.4240,695.1660,48.2240,748.8140,7914,8014,45,8600,4,14,5,20,160348,210340.0,216569.0,58468.0,51555.0,2,2,2,1
15,3.6190,734.3250,33.4380,771.3820,7914,8014,45,8600,4,14,5,20,160348,210547.0,216436.0,58501.0,91311.0,2,2,2,1
16,4.5150,736.6010,32.9140,774.0300,7914,8014,45,8600,4,14,5,20,160348,210325.0,216462.0,58368.0,94224.0,2,2,2,1
17,5.7130,787.5330,44.2340,837.4800,7914,8014,45,8600,4,14,5,20,160348,210530.0,215903.0,58529.0,131006.0,2,2,2,1
18,5.4150,768.7940,36.6820,810.8910,7914,8014,45,8600,4,14,5,20,160348,210506.0,215710.0,58531.0,125699.0,2,2,2,1
19,6.8020,771.7600,33.3060,811.8680,7914,8014,45,8600,4,14,5,20,160348,210316.0,216629.0,58221.0,129716.0,2,2,2,1
#heap 39074
#stack 3960
#end
#block sweep mTLS X25519
#lib wolfSSL 5.9.4
iter,tcp_ms,tls_ms,mqtt_ms,total_ms,hs_tx_B,hs_rx_B,mqtt_tx_B,mqtt_rx_B,hs_writes,hs_reads,writes,reads,free_heap_B,hs_keygen_us,hs_derive_us,hs_verify_us,hs_sign_us,hs_keygen_n,hs_derive_n,hs_verify_n,hs_sign_n
#suite TLS13-AES256-GCM-SHA384
0,8.4480,774.4670,44.8110,827.7260,6706,6902,45,8600,4,14,5,20,160348,57116.0,58859.0,58751.0,450584.0,1,1,2,1
1,6.3960,516.0440,44.0110,566.4510,6706,6902,45,8600,4,14,5,20,160348,57229.0,58498.0,58629.0,203541.0,1,1,2,1
2,8.6190,482.6800,42.6860,533.9850,6706,6902,45,8600,4,14,5,20,160348,57136.0,58521.0,58493.0,174870.0,1,1,2,1
3,1274.8470,398.3320,495.2100,2168.3890,6706,6902,45,8600,4,14,5,20,160348,56968.0,58733.0,58425.0,89930.0,1,1,2,1
4,5.5550,434.1340,39.5370,479.2260,6706,6902,45,8600,4,14,5,20,160348,57208.0,58494.0,58753.0,123811.0,1,1,2,1
5,4.4780,446.1130,43.6670,494.2580,6706,6902,45,8600,4,14,5,20,160348,57131.0,58874.0,58491.0,132233.0,1,1,2,1
6,5.4040,678.5760,38.4750,722.4550,6706,6902,45,8600,4,14,5,20,160348,57130.0,58621.0,58735.0,362346.0,1,1,2,1
7,4.7350,524.6910,37.8850,567.3110,6706,6902,45,8600,4,14,5,20,160348,57154.0,58482.0,58643.0,212992.0,1,1,2,1
8,8.3750,398.6240,36.0920,443.0910,6706,6902,45,8600,4,14,5,20,160348,57238.0,58480.0,58613.0,88544.0,1,1,2,1
9,18.4420,395.2850,46.2050,459.9320,6706,6902,45,8600,4,14,5,21,160348,57136.0,58411.0,58655.0,85918.0,1,1,2,1
10,4.8900,795.1990,44.7340,844.8230,6706,6902,45,8600,4,14,5,20,160348,57206.0,58340.0,58569.0,485522.0,1,1,2,1
11,5.3650,411.8180,43.1260,460.3090,6706,6902,45,8600,4,14,5,20,160348,57142.0,58512.0,58286.0,99321.0,1,1,2,1
12,6.4170,626.6320,34.4030,667.4520,6706,6902,45,8600,4,14,5,20,160348,57019.0,58526.0,59500.0,316586.0,1,1,2,1
13,5.3730,477.8020,62.7730,545.9480,6706,6902,45,8600,4,14,5,20,160348,57025.0,58475.0,58324.0,167821.0,1,1,2,1
14,7.3980,433.4350,39.7960,480.6290,6706,6902,45,8600,4,14,5,20,160348,57190.0,58277.0,58618.0,122754.0,1,1,2,1
15,18.6390,404.2750,42.0350,464.9490,6706,6902,45,8600,4,14,5,20,160348,57164.0,58196.0,58579.0,91078.0,1,1,2,1
16,19.5580,774.7410,32.7180,827.0170,6706,6902,45,8600,4,14,5,20,160348,57028.0,58409.0,58520.0,464788.0,1,1,2,1
17,5.4060,361.8590,32.2390,399.5040,6706,6902,45,8600,4,14,5,20,160348,57178.0,58226.0,58380.0,51499.0,1,1,2,1
18,4.3990,573.5090,33.6930,611.6010,6706,6902,45,8600,4,14,5,21,160348,57129.0,58368.0,58505.0,263988.0,1,1,2,1
19,9.4220,445.4030,33.8890,488.7140,6706,6902,45,8600,4,14,5,20,160348,57115.0,57451.0,58420.0,120048.0,1,1,2,1
#heap 36722
#stack 3372
#end
#block sweep mTLS secp256r1
#lib wolfSSL 5.9.4
iter,tcp_ms,tls_ms,mqtt_ms,total_ms,hs_tx_B,hs_rx_B,mqtt_tx_B,mqtt_rx_B,hs_writes,hs_reads,writes,reads,free_heap_B,hs_keygen_us,hs_derive_us,hs_verify_us,hs_sign_us,hs_keygen_n,hs_derive_n,hs_verify_n,hs_sign_n
#suite TLS13-AES256-GCM-SHA384
0,5.6930,668.7200,36.4070,710.8200,6739,6935,45,8600,4,14,5,20,160348,31767.0,70824.0,58530.0,360940.0,1,1,2,1
1,5.3790,418.9170,41.9770,466.2730,6739,6935,45,8600,4,14,5,20,160348,31604.0,69599.0,58486.0,91268.0,1,1,2,1
2,4.7190,361.2020,34.9980,400.9190,6739,6935,45,8600,4,14,5,20,160348,31552.0,70579.0,58567.0,51662.0,1,1,2,1
3,9.6110,391.8710,42.3180,443.8000,6739,6935,45,8600,4,14,5,20,160348,31709.0,69603.0,58489.0,87816.0,1,1,2,1
4,4.5880,499.9300,32.7410,537.2590,6739,6935,45,8600,4,14,5,20,160348,31487.0,69652.0,58807.0,192460.0,1,1,2,1
5,29.5790,631.5090,31.9620,693.0500,6739,6935,45,8600,4,14,5,20,160348,31618.0,70046.0,58436.0,319608.0,1,1,2,1
6,5.4280,540.4640,38.7250,584.6170,6739,6935,45,8600,4,14,5,20,160348,31779.0,70943.0,58687.0,242102.0,1,1,2,1
7,5.4230,391.9270,31.5320,428.8820,6739,6935,45,8600,4,14,5,20,160348,31538.0,70034.0,58552.0,86003.0,1,1,2,1
8,6.4620,349.6350,33.2960,389.3930,6739,6935,45,8600,4,14,5,20,160348,31517.0,70887.0,58582.0,51665.0,1,1,2,1
9,5.4450,728.3880,42.1270,775.9600,6739,6935,45,8600,4,14,5,20,160348,31801.0,71049.0,58431.0,430001.0,1,1,2,1
10,4.6450,423.1490,44.0740,471.8680,6739,6935,45,8600,4,14,5,20,160348,31600.0,70953.0,58661.0,128967.0,1,1,2,1
11,8.3790,393.1350,42.9580,444.4720,6739,6935,45,8600,4,14,5,20,160348,31735.0,69622.0,58502.0,87162.0,1,1,2,1
12,16.3970,387.2280,34.9930,438.6180,6739,6935,45,8600,4,14,5,20,160348,31562.0,70883.0,58271.0,86112.0,1,1,2,1
13,19.4120,543.1570,32.1590,594.7280,6739,6935,45,8600,4,14,5,20,160348,31595.0,71243.0,58524.0,244685.0,1,1,2,1
14,5.4660,610.1970,33.1030,648.7660,6739,6935,45,8600,4,14,5,20,160348,31701.0,71826.0,58494.0,313017.0,1,1,2,1
15,5.5680,442.5110,44.1770,492.2560,6739,6935,45,8600,4,14,5,20,160348,31606.0,71389.0,58363.0,124252.0,1,1,2,1
16,7.7950,396.4190,39.7520,443.9660,6739,6935,45,8600,4,14,5,20,160348,31642.0,70078.0,58361.0,89951.0,1,1,2,1
17,19.4200,654.0400,34.8430,708.3030,6739,6935,45,8600,4,14,5,20,160348,31471.0,71000.0,58396.0,352578.0,1,1,2,1
18,4.4160,358.6280,39.0460,402.0900,6739,6935,45,8600,4,14,5,20,160348,31497.0,69593.0,58640.0,51667.0,1,1,2,1
19,15.4290,471.5030,33.2460,520.1780,6739,6935,45,8600,4,14,5,20,160348,31688.0,70834.0,58376.0,169202.0,1,1,2,1
#heap 36755
#stack 3168
#end
=== done ===
