=== MQTT / TLS 1.3 / mTLS, SNOVA3K certificates, X25519MLKEM768 (wolfSSL 5.9.4) on RP2040 ===
CPU clock: 200 MHz
#config iterations=50 warmup=5 pipe_iterations=3 messages=200 payload_B=51 schemes=2 sweep_iterations=20 sweep_warmup=2 groups=13 kex_iterations=50 kex_warmup=2 blocks=15
#kat LoRaWAN / AES-CMAC / Ascon known-answer checks: OK
#wifi rssi=-20 dBm channel=10 ip=192.168.50.235 broker=192.168.50.132
#block connect plain
#lib none (plain MQTT)
iter,tcp_ms,tls_ms,mqtt_ms,total_ms,hs_tx_B,hs_rx_B,mqtt_tx_B,mqtt_rx_B,hs_writes,hs_reads,writes,reads,free_heap_B,hs_keygen_us,hs_derive_us,hs_verify_us,hs_sign_us,hs_keygen_n,hs_derive_n,hs_verify_n,hs_sign_n
0,4.5430,0.0020,4.9110,9.4560,0,0,23,4,0,0,1,1,116116,0.0,0.0,0.0,0.0,0,0,0,0
1,5.3530,0.0020,10.3460,15.7010,0,0,23,4,0,0,1,1,115892,0.0,0.0,0.0,0.0,0,0,0,0
2,5.6630,0.0020,7.3340,12.9990,0,0,23,4,0,0,1,1,115892,0.0,0.0,0.0,0.0,0,0,0,0
3,7.3520,0.0020,30.4760,37.8300,0,0,23,4,0,0,1,1,115892,0.0,0.0,0.0,0.0,0,0,0,0
4,6.3740,0.0020,5.2350,11.6110,0,0,23,4,0,0,1,1,115892,0.0,0.0,0.0,0.0,0,0,0,0
5,7.3620,0.0020,4.9310,12.2950,0,0,23,4,0,0,1,1,115892,0.0,0.0,0.0,0.0,0,0,0,0
6,6.6990,0.0020,8.4420,15.1430,0,0,23,4,0,0,1,1,115892,0.0,0.0,0.0,0.0,0,0,0,0
7,4.7000,0.0010,5.2000,9.9010,0,0,23,4,0,0,1,1,115892,0.0,0.0,0.0,0.0,0,0,0,0
8,5.3690,0.0020,5.3670,10.7380,0,0,23,4,0,0,1,1,115892,0.0,0.0,0.0,0.0,0,0,0,0
9,8.7450,0.0020,4.6180,13.3650,0,0,23,4,0,0,1,1,115892,0.0,0.0,0.0,0.0,0,0,0,0
10,7.7060,0.0010,7.6770,15.3840,0,0,23,4,0,0,1,1,115892,0.0,0.0,0.0,0.0,0,0,0,0
11,5.3530,0.0020,5.6340,10.9890,0,0,23,4,0,0,1,1,115892,0.0,0.0,0.0,0.0,0,0,0,0
12,5.3520,0.0020,7.4400,12.7940,0,0,23,4,0,0,1,1,115892,0.0,0.0,0.0,0.0,0,0,0,0
13,6.3520,0.0020,9.1560,15.5100,0,0,23,4,0,0,1,1,115892,0.0,0.0,0.0,0.0,0,0,0,0
14,5.3680,0.0020,25.3110,30.6810,0,0,23,4,0,0,1,1,115892,0.0,0.0,0.0,0.0,0,0,0,0
15,5.3900,0.0020,5.3250,10.7170,0,0,23,4,0,0,1,1,115892,0.0,0.0,0.0,0.0,0,0,0,0
16,4.3760,0.0020,8.2160,12.5940,0,0,23,4,0,0,1,1,115892,0.0,0.0,0.0,0.0,0,0,0,0
17,3.5930,0.0020,4.8630,8.4580,0,0,23,4,0,0,1,1,115892,0.0,0.0,0.0,0.0,0,0,0,0
18,9.7160,0.0020,5.0920,14.8100,0,0,23,4,0,0,1,1,115892,0.0,0.0,0.0,0.0,0,0,0,0
19,23.3780,0.0020,4.2160,27.5960,0,0,23,4,0,0,1,1,115892,0.0,0.0,0.0,0.0,0,0,0,0
20,11.6080,0.0020,4.2570,15.8670,0,0,23,4,0,0,1,1,115892,0.0,0.0,0.0,0.0,0,0,0,0
21,9.3650,0.0020,5.0720,14.4390,0,0,23,4,0,0,1,1,115892,0.0,0.0,0.0,0.0,0,0,0,0
22,5.4760,0.0020,4.5140,9.9920,0,0,23,4,0,0,1,1,115892,0.0,0.0,0.0,0.0,0,0,0,0
23,4.3670,0.0020,44.0020,48.3710,0,0,23,4,0,0,1,1,115892,0.0,0.0,0.0,0.0,0,0,0,0
24,6.3450,0.0010,8.0510,14.3970,0,0,23,4,0,0,1,1,115892,0.0,0.0,0.0,0.0,0,0,0,0
25,5.3680,0.0020,5.2880,10.6580,0,0,23,4,0,0,1,1,115892,0.0,0.0,0.0,0.0,0,0,0,0
26,8.7150,0.0020,4.6110,13.3280,0,0,23,4,0,0,1,1,115892,0.0,0.0,0.0,0.0,0,0,0,0
27,6.6700,0.0020,4.6920,11.3640,0,0,23,4,0,0,1,1,115892,0.0,0.0,0.0,0.0,0,0,0,0
28,5.3460,0.0020,4.1990,9.5470,0,0,23,4,0,0,1,1,115892,0.0,0.0,0.0,0.0,0,0,0,0
29,5.3580,0.0020,8.1550,13.5150,0,0,23,4,0,0,1,1,115892,0.0,0.0,0.0,0.0,0,0,0,0
30,12.5140,0.0020,4.5860,17.1020,0,0,23,4,0,0,1,1,115892,0.0,0.0,0.0,0.0,0,0,0,0
31,32.5750,0.0020,4.7520,37.3290,0,0,23,4,0,0,1,1,115892,0.0,0.0,0.0,0.0,0,0,0,0
32,6.7070,0.0020,6.8450,13.5540,0,0,23,4,0,0,1,1,115892,0.0,0.0,0.0,0.0,0,0,0,0
33,5.5650,0.0020,4.5260,10.0930,0,0,23,4,0,0,1,1,115892,0.0,0.0,0.0,0.0,0,0,0,0
34,11.3630,0.0020,5.1130,16.4780,0,0,23,4,0,0,1,1,115892,0.0,0.0,0.0,0.0,0,0,0,0
35,18.3630,0.0020,4.0740,22.4390,0,0,23,4,0,0,1,1,115892,0.0,0.0,0.0,0.0,0,0,0,0
36,8.3470,0.0020,6.2830,14.6320,0,0,23,4,0,0,1,1,115892,0.0,0.0,0.0,0.0,0,0,0,0
37,5.3970,0.0020,4.1170,9.5160,0,0,23,4,0,0,1,1,115892,0.0,0.0,0.0,0.0,0,0,0,0
38,5.3700,0.0020,6.5480,11.9200,0,0,23,4,0,0,1,1,115892,0.0,0.0,0.0,0.0,0,0,0,0
39,4.5760,0.0010,29.7730,34.3500,0,0,23,4,0,0,1,1,115892,0.0,0.0,0.0,0.0,0,0,0,0
40,7.3460,0.0010,5.8650,13.2120,0,0,23,4,0,0,1,1,115892,0.0,0.0,0.0,0.0,0,0,0,0
41,7.4010,0.0020,5.5470,12.9500,0,0,23,4,0,0,1,1,115892,0.0,0.0,0.0,0.0,0,0,0,0
42,10.3650,0.0020,12.7500,23.1170,0,0,23,4,0,0,1,1,115892,0.0,0.0,0.0,0.0,0,0,0,0
43,4.3550,0.0020,4.4130,8.7700,0,0,23,4,0,0,1,1,115892,0.0,0.0,0.0,0.0,0,0,0,0
44,5.3590,0.0020,4.5560,9.9170,0,0,23,4,0,0,1,1,115892,0.0,0.0,0.0,0.0,0,0,0,0
45,8.3450,0.0020,4.5200,12.8670,0,0,23,4,0,0,1,1,115892,0.0,0.0,0.0,0.0,0,0,0,0
46,12.3550,0.0020,5.0020,17.3590,0,0,23,4,0,0,1,1,115892,0.0,0.0,0.0,0.0,0,0,0,0
47,4.3550,0.0020,4.6020,8.9590,0,0,23,4,0,0,1,1,115892,0.0,0.0,0.0,0.0,0,0,0,0
48,6.3710,0.0020,4.4290,10.8020,0,0,23,4,0,0,1,1,115892,0.0,0.0,0.0,0.0,0,0,0,0
49,5.3570,0.0020,5.3980,10.7570,0,0,23,4,0,0,1,1,115892,0.0,0.0,0.0,0.0,0,0,0,0
#stack 2144
#end
#block connect TLS
#lib wolfSSL 5.9.4
iter,tcp_ms,tls_ms,mqtt_ms,total_ms,hs_tx_B,hs_rx_B,mqtt_tx_B,mqtt_rx_B,hs_writes,hs_reads,writes,reads,free_heap_B,hs_keygen_us,hs_derive_us,hs_verify_us,hs_sign_us,hs_keygen_n,hs_derive_n,hs_verify_n,hs_sign_n
#suite TLS13-AES256-GCM-SHA384
0,4.7910,4911.7010,67.5880,4984.0800,1391,3907,45,568,2,12,3,18,113868,66075.0,70569.0,4670322.0,0.0,2,2,2,0
1,5.3760,4902.6760,79.7690,4987.8210,1391,3907,45,568,2,12,3,18,113868,66187.0,70447.0,4664282.0,0.0,2,2,2,0
2,4.6880,4903.7140,80.6060,4989.0080,1391,3907,45,568,2,12,3,18,113868,66245.0,70578.0,4659160.0,0.0,2,2,2,0
3,4.3950,4924.6290,60.0820,4989.1060,1391,3907,45,568,2,12,3,18,113868,66199.0,70487.0,4680374.0,0.0,2,2,2,0
4,5.4250,4896.3900,31.0970,4932.9120,1391,3907,45,568,2,12,3,18,113868,66094.0,70673.0,4670515.0,0.0,2,2,2,0
5,99.6900,4962.8300,12.1920,5074.7120,1391,3907,45,568,2,12,3,18,113868,66195.0,70065.0,4662355.0,0.0,2,2,2,0
6,4.4000,4890.2180,99.8200,4994.4380,1391,3907,45,568,2,12,3,18,113868,66366.0,70244.0,4670191.0,0.0,2,2,2,0
7,4.4170,4912.0630,76.4570,4992.9370,1391,3907,45,568,2,12,3,18,113868,66205.0,70052.0,4661697.0,0.0,2,2,2,0
8,4.7220,4915.2010,75.0220,4994.9450,1391,3907,45,568,2,12,3,18,113868,66444.0,70059.0,4670888.0,0.0,2,2,2,0
9,4.7360,4909.1200,77.2030,4991.0590,1391,3907,45,568,2,12,3,18,113868,66273.0,70140.0,4661238.0,0.0,2,2,2,0
10,6.6020,4908.4730,71.8210,4986.8960,1391,3907,45,568,2,12,3,18,113868,66470.0,70320.0,4663507.0,0.0,2,2,2,0
11,5.3850,4911.9430,68.9670,4986.2950,1391,3907,45,568,2,12,3,18,113868,66332.0,70176.0,4662840.0,0.0,2,2,2,0
12,5.6670,4909.7630,79.3240,4994.7540,1391,3907,45,568,2,12,3,18,113868,66115.0,71367.0,4666529.0,0.0,2,2,2,0
13,4.4300,4883.9350,32.2360,4920.6010,1391,3907,45,568,2,12,3,18,113868,66178.0,70153.0,4662575.0,0.0,2,2,2,0
14,6.4310,4893.5370,107.2600,5007.2280,1391,3907,45,568,2,12,3,18,113868,66508.0,70184.0,4665391.0,0.0,2,2,2,0
15,4.4280,4901.2820,78.2710,4983.9810,1391,3907,45,568,2,12,3,18,113868,66262.0,71352.0,4670674.0,0.0,2,2,2,0
16,4.7300,4917.7060,90.5740,5013.0100,1391,3907,45,568,2,12,3,18,113868,66413.0,71363.0,4666739.0,0.0,2,2,2,0
17,8.4030,4899.2270,79.1760,4986.8060,1391,3907,45,568,2,12,3,18,113868,66341.0,70136.0,4663386.0,0.0,2,2,2,0
18,5.4150,4905.2550,81.5150,4992.1850,1391,3907,45,568,2,12,3,18,113868,66178.0,70104.0,4668809.0,0.0,2,2,2,0
19,5.4350,4898.7010,82.5290,4986.6650,1391,3907,45,568,2,12,3,18,113868,66249.0,70108.0,4664411.0,0.0,2,2,2,0
20,5.3910,4904.6910,78.4480,4988.5300,1391,3907,45,568,2,12,3,18,113868,66173.0,70154.0,4666610.0,0.0,2,2,2,0
21,4.3850,4916.9280,12.6730,4933.9860,1391,3907,45,568,2,12,3,18,113868,66093.0,71852.0,4663961.0,0.0,2,2,2,0
22,6.4590,4883.6370,75.8810,4965.9770,1391,3907,45,568,2,12,3,18,113868,66340.0,71477.0,4659328.0,0.0,2,2,2,0
23,4.4050,4911.0470,75.9330,4991.3850,1391,3907,45,568,2,12,3,18,113868,66286.0,70170.0,4666833.0,0.0,2,2,2,0
24,7.3740,4904.8010,83.9550,4996.1300,1391,3907,45,568,2,12,3,18,113868,66339.0,70098.0,4665809.0,0.0,2,2,2,0
25,4.6140,4902.7270,108.6500,5015.9910,1391,3907,45,568,2,12,3,18,113868,66280.0,69954.0,4662723.0,0.0,2,2,2,0
26,7.3810,4903.1330,70.1730,4980.6870,1391,3907,45,568,2,12,3,18,113868,66247.0,70315.0,4662112.0,0.0,2,2,2,0
27,4.8830,4896.8060,112.5840,5014.2730,1391,3907,45,568,2,12,3,18,113868,66085.0,70138.0,4675338.0,0.0,2,2,2,0
28,5.7180,4910.3100,12.1230,4928.1510,1391,3907,45,568,2,12,3,18,113868,66295.0,70683.0,4667539.0,0.0,2,2,2,0
29,5.4050,4889.2660,79.7750,4974.4460,1391,3907,45,568,2,12,3,18,113868,66317.0,71273.0,4661219.0,0.0,2,2,2,0
30,5.3950,4904.8780,96.7590,5007.0320,1391,3907,45,568,2,12,3,18,113868,66298.0,69962.0,4669350.0,0.0,2,2,2,0
31,5.3830,4906.4640,76.5420,4988.3890,1391,3907,45,568,2,12,3,18,113868,66074.0,69970.0,4668159.0,0.0,2,2,2,0
32,4.4230,4886.8030,61.8330,4953.0590,1391,3907,45,568,2,12,3,18,113868,66202.0,70074.0,4662581.0,0.0,2,2,2,0
33,4.6260,4915.0330,133.8030,5053.4620,1391,3907,45,568,2,12,3,18,113868,66486.0,70093.0,4666349.0,0.0,2,2,2,0
34,5.4010,4892.7990,48.4010,4946.6010,1391,3907,45,568,2,12,3,18,113868,66096.0,69943.0,4666683.0,0.0,2,2,2,0
35,5.7520,4900.3980,80.7690,4986.9190,1391,3907,45,568,2,12,3,18,113868,66183.0,70118.0,4665123.0,0.0,2,2,2,0
36,8.5790,4917.2920,14.1680,4940.0390,1391,3907,45,568,2,12,3,18,113868,66229.0,71000.0,4665186.0,0.0,2,2,2,0
37,4.9230,4892.1550,90.7500,4987.8280,1391,3907,45,568,2,12,3,18,113868,66394.0,69960.0,4667133.0,0.0,2,2,2,0
38,6.4000,4901.8450,75.8510,4984.0960,1391,3907,45,568,2,12,3,18,113868,66224.0,71265.0,4663973.0,0.0,2,2,2,0
39,6.3910,4924.6120,90.1240,5021.1270,1391,3907,45,568,2,12,3,18,113868,66393.0,70066.0,4674373.0,0.0,2,2,2,0
40,6.8720,4904.0180,99.7270,5010.6170,1391,3907,45,568,2,12,3,18,113868,66161.0,70131.0,4663490.0,0.0,2,2,2,0
41,5.7520,4898.3810,102.7060,5006.8390,1391,3907,45,568,2,12,3,18,113868,66200.0,69994.0,4663298.0,0.0,2,2,2,0
42,5.4320,4907.9210,72.2990,4985.6520,1391,3907,45,568,2,12,3,18,113868,66104.0,71043.0,4667115.0,0.0,2,2,2,0
43,4.8260,4885.8970,106.6380,4997.3610,1391,3907,45,568,2,12,3,18,113868,66115.0,70080.0,4661608.0,0.0,2,2,2,0
44,5.4740,4914.0610,74.6690,4994.2040,1391,3907,45,568,2,12,3,18,113868,66107.0,72356.0,4667800.0,0.0,2,2,2,0
45,5.4570,4897.6010,93.1670,4996.2250,1391,3907,45,568,2,12,3,18,113868,66250.0,70715.0,4666716.0,0.0,2,2,2,0
46,4.6310,4892.3540,93.9760,4990.9610,1391,3907,45,568,2,12,3,18,113868,66151.0,70900.0,4663687.0,0.0,2,2,2,0
47,4.4310,4922.3280,62.3400,4989.0990,1391,3907,45,568,2,12,3,18,113868,66208.0,70646.0,4668156.0,0.0,2,2,2,0
48,4.7330,4911.8890,74.6280,4991.2500,1391,3907,45,568,2,12,3,18,113868,66089.0,70257.0,4664928.0,0.0,2,2,2,0
49,4.4040,4895.4780,96.1060,4995.9880,1391,3907,45,568,2,12,3,18,113868,66203.0,70211.0,4664437.0,0.0,2,2,2,0
#heap 22487
#stack 13616
#end
#block connect mTLS
#lib wolfSSL 5.9.4
iter,tcp_ms,tls_ms,mqtt_ms,total_ms,hs_tx_B,hs_rx_B,mqtt_tx_B,mqtt_rx_B,hs_writes,hs_reads,writes,reads,free_heap_B,hs_keygen_us,hs_derive_us,hs_verify_us,hs_sign_us,hs_keygen_n,hs_derive_n,hs_verify_n,hs_sign_n
#suite TLS13-AES256-GCM-SHA384
0,5.3760,8027.7180,150.8260,8183.9200,4015,4093,45,4312,4,14,5,20,110892,66808.0,69975.0,4667591.0,3111617.0,2,2,2,1
1,6.3850,8029.2220,44.5210,8080.1280,4015,4093,45,4312,4,14,5,20,110892,66299.0,71242.0,4672987.0,3110158.0,2,2,2,1
2,4.7710,8028.6990,152.2350,8185.7050,4015,4093,45,4312,4,14,5,20,110892,66275.0,70179.0,4675513.0,3111915.0,2,2,2,1
3,7.3840,8035.9440,143.0910,8186.4190,4015,4093,45,4312,4,14,5,20,110892,66287.0,70710.0,4682450.0,3116512.0,2,2,2,1
4,6.4140,8027.6940,113.4700,8147.5780,4015,4093,45,4312,4,14,5,20,110892,66209.0,70141.0,4671570.0,3112566.0,2,2,2,1
5,46.4580,8032.3350,128.0780,8206.8710,4015,4093,45,4312,4,14,5,20,110892,66220.0,69955.0,4675181.0,3109117.0,2,2,2,1
6,4.3860,8019.3740,155.9950,8179.7550,4015,4093,45,4312,4,14,5,20,110892,66216.0,70560.0,4669559.0,3112356.0,2,2,2,1
7,7.5550,8017.4410,63.2670,8088.2630,4015,4093,45,4312,4,14,5,20,110892,66508.0,70077.0,4671225.0,3110334.0,2,2,2,1
8,6.4250,8030.8830,41.5490,8078.8570,4015,4093,45,4312,4,14,5,20,110892,66219.0,70478.0,4675287.0,3114414.0,2,2,2,1
9,5.4190,8024.2620,157.1940,8186.8750,4015,4093,45,4312,4,14,5,20,110892,66186.0,70035.0,4671109.0,3112830.0,2,2,2,1
10,4.6760,8042.4340,134.2940,8181.4040,4015,4093,45,4312,4,14,5,20,110892,66238.0,70807.0,4676038.0,3119557.0,2,2,2,1
11,5.4100,8021.9360,59.3790,8086.7250,4015,4093,45,4312,4,14,5,20,110892,66198.0,69997.0,4672886.0,3110246.0,2,2,2,1
12,5.3820,8028.5060,142.5800,8176.4680,4015,4093,45,4312,4,14,5,20,110892,66096.0,70498.0,4678813.0,3112807.0,2,2,2,1
13,5.4380,8034.0640,142.5950,8182.0970,4015,4093,45,4312,4,14,5,20,110892,66308.0,70741.0,4675652.0,3109633.0,2,2,2,1
14,6.5660,8049.7320,132.3110,8188.6090,4015,4093,45,4312,4,14,5,20,110892,66248.0,70434.0,4668077.0,3112901.0,2,2,2,1
15,6.5340,8029.8380,149.1590,8185.5310,4015,4093,45,4312,4,14,5,20,110892,66300.0,70075.0,4674935.0,3115045.0,2,2,2,1
16,7.3890,8028.4960,152.7730,8188.6580,4015,4093,45,4312,4,14,5,20,110892,66199.0,70146.0,4674538.0,3111459.0,2,2,2,1
17,6.4020,8035.6570,134.4310,8176.4900,4015,4093,45,4312,4,14,5,20,110892,66073.0,70553.0,4673382.0,3112792.0,2,2,2,1
18,6.3900,8054.8540,127.8150,8189.0590,4015,4093,45,4312,4,14,5,20,110892,66295.0,70068.0,4685703.0,3112803.0,2,2,2,1
19,5.4020,8043.9520,140.0540,8189.4080,4015,4093,45,4312,4,14,5,20,110892,66518.0,70021.0,4676490.0,3115606.0,2,2,2,1
20,5.4080,8017.1840,146.8950,8169.4870,4015,4093,45,4312,4,14,5,20,110892,66165.0,70002.0,4668661.0,3108914.0,2,2,2,1
21,5.4270,8028.8220,149.1070,8183.3560,4015,4093,45,4312,4,14,5,20,110892,66223.0,70193.0,4674645.0,3114492.0,2,2,2,1
22,4.4450,8064.5210,115.8490,8184.8150,4015,4093,45,4312,4,14,5,20,110892,66133.0,70665.0,4667330.0,3107893.0,2,2,2,1
23,5.3940,8035.3940,144.7770,8185.5650,4015,4093,45,4312,4,14,5,20,110892,66231.0,69997.0,4677443.0,3112757.0,2,2,2,1
24,5.5950,8024.8310,153.7670,8184.1930,4015,4093,45,4312,4,14,5,20,110892,66276.0,71493.0,4672964.0,3111783.0,2,2,2,1
25,7.5070,8041.0740,141.7070,8190.2880,4015,4093,45,4312,4,14,5,20,110892,66121.0,71077.0,4685282.0,3116028.0,2,2,2,1
26,4.7980,8047.1920,105.6360,8157.6260,4015,4093,45,4312,4,14,5,20,110892,66211.0,70152.0,4679169.0,3123757.0,2,2,2,1
27,5.4030,11124.2030,118.2870,11247.8930,4015,4093,45,4312,4,14,5,20,110892,66228.0,69980.0,4673089.0,6202151.0,2,2,2,1
28,5.4110,11141.4220,133.0960,11279.9290,4015,4093,45,4312,4,14,5,20,110892,66344.0,69989.0,4673810.0,6201266.0,2,2,2,1
29,5.5400,8033.2280,152.3720,8191.1400,4015,4093,45,4312,4,14,5,20,110892,66284.0,70275.0,4674388.0,3113511.0,2,2,2,1
30,5.7410,8028.6970,38.6760,8073.1140,4015,4093,45,4312,4,14,5,20,110892,66305.0,70148.0,4674601.0,3111610.0,2,2,2,1
31,4.6170,8024.9570,478.8120,8508.3860,4015,4093,45,4312,4,14,5,20,110892,66092.0,69964.0,4673006.0,3113037.0,2,2,2,1
32,7.5580,8033.8080,118.2850,8159.6510,4015,4093,45,4312,4,14,5,20,110892,66239.0,70723.0,4668791.0,3113329.0,2,2,2,1
33,6.6850,8026.3780,50.2570,8083.3200,4015,4093,45,4312,4,14,5,20,110892,66169.0,70186.0,4673861.0,3114241.0,2,2,2,1
34,4.6070,8032.1700,147.1150,8183.8920,4015,4093,45,4312,4,14,5,20,110892,66582.0,70698.0,4674658.0,3111653.0,2,2,2,1
35,1839.4550,8050.8220,145.8290,10036.1060,4015,4093,45,4312,4,14,5,20,110892,66828.0,70898.0,4671986.0,3110248.0,2,2,2,1
36,4.4020,8036.3260,139.0350,8179.7630,4015,4093,45,4312,4,14,5,20,110892,66186.0,70088.0,4681207.0,3114482.0,2,2,2,1
37,4.6140,8038.1150,142.9070,8185.6360,4015,4093,45,4312,4,14,5,20,110892,66365.0,70047.0,4683181.0,3112538.0,2,2,2,1
38,4.6970,8022.2230,55.2310,8082.1510,4015,4093,45,4312,4,14,5,20,110892,66551.0,70003.0,4667788.0,3111228.0,2,2,2,1
39,4.3730,8038.9580,141.6840,8185.0150,4015,4093,45,4312,4,14,5,20,110892,66206.0,70105.0,4682777.0,3115003.0,2,2,2,1
40,5.3850,8035.3090,96.6070,8137.3010,4015,4093,45,4312,4,14,5,20,110892,66326.0,70049.0,4675610.0,3112808.0,2,2,2,1
41,135.5100,8127.8930,65.5840,8328.9870,4015,4093,45,4312,4,14,5,20,110892,66390.0,70449.0,4681630.0,3111618.0,2,2,2,1
42,5.5910,8033.1580,47.9040,8086.6530,4015,4093,45,4312,4,14,5,20,110892,66311.0,70009.0,4674633.0,3113431.0,2,2,2,1
43,5.3980,8029.9770,142.5820,8177.9570,4015,4093,45,4312,4,14,5,20,110892,66194.0,70302.0,4676859.0,3113979.0,2,2,2,1
44,3.5070,8027.2810,155.0810,8185.8690,4015,4093,45,4312,4,14,5,20,110892,66498.0,69886.0,4677565.0,3111763.0,2,2,2,1
45,5.4470,8025.3180,155.5980,8186.3630,4015,4093,45,4312,4,14,5,20,110892,66224.0,69995.0,4666411.0,3113913.0,2,2,2,1
46,6.3930,8037.0970,108.9250,8152.4150,4015,4093,45,4312,4,14,5,20,110892,66110.0,70563.0,4685344.0,3109831.0,2,2,2,1
47,4.5630,8039.3320,57.2370,8101.1320,4015,4093,45,4312,4,14,5,20,110892,66270.0,69948.0,4668396.0,3115583.0,2,2,2,1
48,5.6610,8026.5630,147.6210,8179.8450,4015,4093,45,4312,4,14,5,20,110892,66198.0,70506.0,4676486.0,3111291.0,2,2,2,1
49,7.4100,8030.5370,143.1550,8181.1020,4015,4093,45,4312,4,14,5,20,110892,66270.0,72284.0,4674853.0,3112709.0,2,2,2,1
#heap 25431
#stack 61944
#end
#block pipeline plain lorawan11 up
#aead LoRaWAN-1.1 AES-128-CTR+2xCMAC (BearSSL (arduino-pico)), uplink, 51 B payload + 13 B overhead
#lib none (plain MQTT)
iter,tcp_ms,tls_ms,mqtt_ms,total_ms,hs_tx_B,hs_rx_B,mqtt_tx_B,mqtt_rx_B,hs_writes,hs_reads,writes,reads,free_heap_B,hs_keygen_us,hs_derive_us,hs_verify_us,hs_sign_us,hs_keygen_n,hs_derive_n,hs_verify_n,hs_sign_n
msg,iter,idx,seal_us,rtt_us,open_us,tx_B,rx_B
whole,iter,first_ms,all_ms,msgs
0,5.6820,0.0020,6.3820,12.0660,0,0,23,4,0,0,1,1,115892,0.0,0.0,0.0,0.0,0,0,0,0
msg,0,0,829,23030,854,90,90
msg,0,1,704,3827,767,90,90
msg,0,2,708,4078,763,90,90
msg,0,3,710,8851,751,90,90
msg,0,4,685,4345,753,90,90
msg,0,5,682,5580,772,90,90
msg,0,6,698,3434,829,90,90
msg,0,7,705,3973,750,90,90
msg,0,8,679,3946,760,90,90
msg,0,9,697,3941,762,90,90
msg,0,10,699,3603,768,90,90
msg,0,11,697,3797,751,90,90
msg,0,12,687,7669,766,90,90
msg,0,13,686,26815,772,90,90
msg,0,14,708,4473,754,90,90
msg,0,15,693,3758,762,90,90
msg,0,16,698,5371,768,90,90
msg,0,17,696,4619,766,90,90
msg,0,18,701,3825,749,90,90
msg,0,19,676,4983,770,90,90
msg,0,20,698,4037,764,90,90
msg,0,21,706,5185,760,90,90
msg,0,22,697,3831,763,90,90
msg,0,23,713,3887,767,90,90
msg,0,24,697,3918,756,90,90
msg,0,25,702,5562,743,90,90
msg,0,26,748,27962,767,90,90
msg,0,27,701,3860,765,90,90
msg,0,28,695,4129,813,90,90
msg,0,29,678,3905,768,90,90
msg,0,30,698,3885,771,90,90
msg,0,31,677,3791,773,90,90
msg,0,32,704,4110,764,90,90
msg,0,33,694,3891,744,90,90
msg,0,34,687,5238,825,90,90
msg,0,35,699,5963,770,90,90
msg,0,36,710,5134,766,90,90
msg,0,37,713,6752,769,90,90
msg,0,38,699,3860,765,90,90
msg,0,39,690,32045,758,90,90
msg,0,40,683,4603,765,90,90
msg,0,41,685,4043,748,90,90
msg,0,42,706,4265,760,90,90
msg,0,43,702,6145,764,90,90
msg,0,44,707,3613,750,90,90
msg,0,45,700,5402,748,90,90
msg,0,46,683,4701,770,90,90
msg,0,47,697,4552,764,90,90
msg,0,48,826,4197,769,90,90
msg,0,49,699,8939,748,90,90
msg,0,50,686,31851,770,90,90
msg,0,51,703,3731,751,90,90
msg,0,52,678,5013,762,90,90
msg,0,53,711,3832,744,90,90
msg,0,54,677,4516,772,90,90
msg,0,55,706,4426,765,90,90
msg,0,56,709,4958,749,90,90
msg,0,57,685,4708,768,90,90
msg,0,58,698,3533,759,90,90
msg,0,59,694,4229,760,90,90
msg,0,60,703,3902,753,90,90
msg,0,61,679,3674,765,90,90
msg,0,62,695,4061,758,90,90
msg,0,63,680,20445,754,90,90
msg,0,64,690,3861,766,90,90
msg,0,65,701,3846,753,90,90
msg,0,66,683,6460,766,90,90
msg,0,67,676,4526,764,90,90
msg,0,68,698,3905,753,90,90
msg,0,69,678,3983,762,90,90
msg,0,70,706,5722,746,90,90
msg,0,71,685,4435,752,90,90
msg,0,72,679,3864,764,90,90
msg,0,73,693,4576,765,90,90
msg,0,74,704,3928,763,90,90
msg,0,75,715,3852,768,90,90
msg,0,76,703,4581,752,90,90
msg,0,77,683,21431,775,90,90
msg,0,78,687,3893,763,90,90
msg,0,79,701,3888,769,90,90
msg,0,80,700,3812,767,90,90
msg,0,81,704,6716,764,90,90
msg,0,82,677,4520,777,90,90
msg,0,83,702,4067,755,90,90
msg,0,84,687,4562,762,90,90
msg,0,85,679,5548,775,90,90
msg,0,86,706,4326,764,90,90
msg,0,87,708,4863,747,90,90
msg,0,88,721,4420,754,90,90
msg,0,89,684,7456,747,90,90
msg,0,90,681,24264,754,90,90
msg,0,91,688,4396,751,90,90
msg,0,92,680,4201,753,90,90
msg,0,93,706,4002,766,90,90
msg,0,94,744,3924,765,90,90
msg,0,95,698,9058,770,90,90
msg,0,96,691,4070,744,90,90
msg,0,97,684,4579,763,90,90
msg,0,98,676,3865,762,90,90
msg,0,99,700,4297,766,90,90
msg,0,100,712,3864,763,90,90
msg,0,101,707,3560,759,90,90
msg,0,102,705,6586,760,90,90
msg,0,103,700,28207,773,90,90
msg,0,104,701,5210,764,90,90
msg,0,105,703,5807,748,90,90
msg,0,106,685,4243,766,90,90
msg,0,107,704,4859,766,90,90
msg,0,108,696,4024,745,90,90
msg,0,109,682,4587,765,90,90
msg,0,110,693,4163,758,90,90
msg,0,111,678,3689,764,90,90
msg,0,112,696,3879,750,90,90
msg,0,113,683,3807,768,90,90
msg,0,114,704,3696,765,90,90
msg,0,115,711,5335,770,90,90
msg,0,116,704,24749,771,90,90
msg,0,117,701,5379,761,90,90
msg,0,118,704,4490,764,90,90
msg,0,119,696,4091,766,90,90
msg,0,120,683,3642,761,90,90
msg,0,121,698,3894,749,90,90
msg,0,122,688,4461,747,90,90
msg,0,123,756,4356,772,90,90
msg,0,124,677,4141,753,90,90
msg,0,125,687,3918,766,90,90
msg,0,126,704,3953,754,90,90
msg,0,127,683,4867,772,90,90
msg,0,128,714,7195,762,90,90
msg,0,129,711,25681,769,90,90
msg,0,130,701,5279,767,90,90
msg,0,131,702,3995,771,90,90
msg,0,132,697,3926,748,90,90
msg,0,133,680,4137,761,90,90
msg,0,134,697,3857,765,90,90
msg,0,135,701,3724,828,90,90
msg,0,136,703,4482,742,90,90
msg,0,137,694,4374,755,90,90
msg,0,138,696,5917,824,90,90
msg,0,139,700,4965,762,90,90
msg,0,140,679,3973,762,90,90
msg,0,141,704,6276,853,90,90
msg,0,142,696,25335,768,90,90
msg,0,143,703,7020,770,90,90
msg,0,144,711,9081,773,90,90
msg,0,145,704,3710,758,90,90
msg,0,146,700,5555,764,90,90
msg,0,147,763,3905,773,90,90
msg,0,148,704,5795,752,90,90
msg,0,149,705,6779,767,90,90
msg,0,150,710,6547,765,90,90
msg,0,151,695,3490,770,90,90
msg,0,152,708,7461,770,90,90
msg,0,153,698,26854,773,90,90
msg,0,154,700,4653,766,90,90
msg,0,155,704,3862,768,90,90
msg,0,156,679,4017,757,90,90
msg,0,157,708,3682,767,90,90
msg,0,158,715,4032,752,90,90
msg,0,159,679,4657,768,90,90
msg,0,160,705,4104,746,90,90
msg,0,161,681,4984,767,90,90
msg,0,162,708,4175,770,90,90
msg,0,163,709,3873,752,90,90
msg,0,164,677,5641,769,90,90
msg,0,165,705,6044,748,90,90
msg,0,166,686,20097,768,90,90
msg,0,167,703,4147,771,90,90
msg,0,168,695,3789,755,90,90
msg,0,169,678,4139,771,90,90
msg,0,170,697,4908,766,90,90
msg,0,171,704,3916,754,90,90
msg,0,172,676,4202,770,90,90
msg,0,173,700,4116,775,90,90
msg,0,174,720,4461,763,90,90
msg,0,175,700,7794,759,90,90
msg,0,176,701,5946,752,90,90
msg,0,177,699,4397,752,90,90
msg,0,178,675,4425,752,90,90
msg,0,179,682,4397,745,90,90
msg,0,180,682,24816,778,90,90
msg,0,181,712,4340,768,90,90
msg,0,182,701,5022,763,90,90
msg,0,183,677,3970,763,90,90
msg,0,184,703,3889,827,90,90
msg,0,185,696,8750,758,90,90
msg,0,186,708,4889,762,90,90
msg,0,187,704,4786,765,90,90
msg,0,188,706,4242,774,90,90
msg,0,189,709,4304,767,90,90
msg,0,190,719,6850,763,90,90
msg,0,191,709,6980,752,90,90
msg,0,192,679,26724,769,90,90
msg,0,193,701,5290,765,90,90
msg,0,194,714,3959,760,90,90
msg,0,195,702,4098,761,90,90
msg,0,196,713,4227,765,90,90
msg,0,197,695,4226,766,90,90
msg,0,198,703,4134,757,90,90
msg,0,199,694,4714,765,90,90
whole,0,44.463,1628.109,200
1,5.4920,0.0020,6.9870,12.4810,0,0,23,4,0,0,1,1,115892,0.0,0.0,0.0,0.0,0,0,0,0
msg,1,0,829,26338,774,90,90
msg,1,1,710,4237,772,90,90
msg,1,2,694,4737,753,90,90
msg,1,3,677,4373,820,90,90
msg,1,4,687,3941,761,90,90
msg,1,5,703,4109,762,90,90
msg,1,6,698,4183,758,90,90
msg,1,7,705,4170,776,90,90
msg,1,8,678,3645,760,90,90
msg,1,9,706,4024,767,90,90
msg,1,10,674,4460,767,90,90
msg,1,11,706,6468,765,90,90
msg,1,12,697,31280,766,90,90
msg,1,13,709,4063,748,90,90
msg,1,14,690,3911,766,90,90
msg,1,15,696,3943,767,90,90
msg,1,16,676,4272,750,90,90
msg,1,17,684,3869,760,90,90
msg,1,18,692,3808,795,90,90
msg,1,19,677,3593,768,90,90
msg,1,20,701,3919,743,90,90
msg,1,21,704,3664,767,90,90
msg,1,22,675,3695,766,90,90
msg,1,23,699,4493,767,90,90
msg,1,24,708,8746,749,90,90
msg,1,25,670,28888,778,90,90
msg,1,26,702,5630,745,90,90
msg,1,27,698,3855,765,90,90
msg,1,28,701,4362,775,90,90
msg,1,29,701,4982,749,90,90
msg,1,30,682,4024,761,90,90
msg,1,31,694,3951,764,90,90
msg,1,32,693,4451,768,90,90
msg,1,33,696,4915,751,90,90
msg,1,34,692,4241,755,90,90
msg,1,35,696,4700,759,90,90
msg,1,36,696,4636,762,90,90
msg,1,37,705,8027,770,90,90
msg,1,38,711,29736,762,90,90
msg,1,39,698,4119,765,90,90
msg,1,40,782,5216,767,90,90
msg,1,41,704,3718,748,90,90
msg,1,42,681,3920,768,90,90
msg,1,43,705,4265,772,90,90
msg,1,44,701,4253,773,90,90
msg,1,45,697,3477,764,90,90
msg,1,46,696,3816,755,90,90
msg,1,47,701,3850,759,90,90
msg,1,48,695,4183,763,90,90
msg,1,49,701,4664,769,90,90
msg,1,50,704,4189,768,90,90
msg,1,51,706,25920,769,90,90
msg,1,52,686,3776,771,90,90
msg,1,53,704,3869,749,90,90
msg,1,54,679,4315,750,90,90
msg,1,55,688,4339,757,90,90
msg,1,56,677,4559,823,90,90
msg,1,57,695,4369,765,90,90
msg,1,58,701,4739,773,90,90
msg,1,59,696,4319,771,90,90
msg,1,60,700,6235,764,90,90
msg,1,61,697,4165,762,90,90
msg,1,62,696,4441,764,90,90
msg,1,63,698,5580,763,90,90
msg,1,64,695,31730,770,90,90
msg,1,65,768,3882,770,90,90
msg,1,66,692,4133,761,90,90
msg,1,67,701,5114,762,90,90
msg,1,68,708,3809,772,90,90
msg,1,69,715,4210,768,90,90
msg,1,70,695,4164,767,90,90
msg,1,71,707,4232,835,90,90
msg,1,72,707,3825,753,90,90
msg,1,73,679,3758,763,90,90
msg,1,74,695,3862,760,90,90
msg,1,75,703,5257,765,90,90
msg,1,76,705,4250,764,90,90
msg,1,77,694,26692,757,90,90
msg,1,78,679,4845,771,90,90
msg,1,79,705,4178,757,90,90
msg,1,80,703,5287,772,90,90
msg,1,81,698,4297,765,90,90
msg,1,82,706,6279,765,90,90
msg,1,83,678,7576,797,90,90
msg,1,84,711,7164,767,90,90
msg,1,85,722,6840,767,90,90
msg,1,86,698,3840,774,90,90
msg,1,87,707,4856,764,90,90
msg,1,88,699,32535,755,90,90
msg,1,89,673,3520,869,90,90
msg,1,90,706,4087,749,90,90
msg,1,91,678,4156,760,90,90
msg,1,92,699,3849,767,90,90
msg,1,93,700,3796,766,90,90
msg,1,94,713,3972,763,90,90
msg,1,95,701,3843,753,90,90
msg,1,96,682,3820,762,90,90
msg,1,97,701,4085,758,90,90
msg,1,98,676,5188,756,90,90
msg,1,99,684,3832,771,90,90
msg,1,100,697,5233,756,90,90
msg,1,101,700,31611,765,90,90
msg,1,102,709,5576,767,90,90
msg,1,103,716,3826,762,90,90
msg,1,104,708,8548,776,90,90
msg,1,105,710,4902,768,90,90
msg,1,106,676,4215,761,90,90
msg,1,107,688,3738,756,90,90
msg,1,108,696,3633,757,90,90
msg,1,109,699,3843,771,90,90
msg,1,110,702,4895,766,90,90
msg,1,111,699,7852,766,90,90
msg,1,112,701,24913,756,90,90
msg,1,113,700,3916,767,90,90
msg,1,114,701,4263,759,90,90
msg,1,115,697,3918,754,90,90
msg,1,116,677,3977,768,90,90
msg,1,117,695,3511,763,90,90
msg,1,118,705,4051,769,90,90
msg,1,119,696,4186,767,90,90
msg,1,120,709,4142,751,90,90
msg,1,121,683,5276,747,90,90
msg,1,122,694,3755,759,90,90
msg,1,123,696,4136,772,90,90
msg,1,124,688,3987,763,90,90
msg,1,125,698,6112,766,90,90
msg,1,126,709,26186,771,90,90
msg,1,127,708,3508,765,90,90
msg,1,128,700,3997,760,90,90
msg,1,129,698,3916,768,90,90
msg,1,130,714,3570,747,90,90
msg,1,131,684,4208,751,90,90
msg,1,132,685,3642,772,90,90
msg,1,133,813,3967,749,90,90
msg,1,134,681,3417,746,90,90
msg,1,135,681,4111,761,90,90
msg,1,136,707,4320,768,90,90
msg,1,137,696,4093,771,90,90
msg,1,138,705,5292,770,90,90
msg,1,139,1121,4354,755,90,90
msg,1,140,708,25497,756,90,90
msg,1,141,679,4032,765,90,90
msg,1,142,706,3738,767,90,90
msg,1,143,682,3815,766,90,90
msg,1,144,698,3510,766,90,90
msg,1,145,708,4775,766,90,90
msg,1,146,685,4207,756,90,90
msg,1,147,681,4993,764,90,90
msg,1,148,702,3808,765,90,90
msg,1,149,687,3888,764,90,90
msg,1,150,773,4009,770,90,90
msg,1,151,706,3936,749,90,90
msg,1,152,679,4018,764,90,90
msg,1,153,695,4516,767,90,90
msg,1,154,701,23284,768,90,90
msg,1,155,711,5233,771,90,90
msg,1,156,701,3906,831,90,90
msg,1,157,708,5077,755,90,90
msg,1,158,689,4141,766,90,90
msg,1,159,697,4780,768,90,90
msg,1,160,800,3799,768,90,90
msg,1,161,696,4152,770,90,90
msg,1,162,696,3798,748,90,90
msg,1,163,676,3687,769,90,90
msg,1,164,690,3922,745,90,90
msg,1,165,690,3931,763,90,90
msg,1,166,702,4942,767,90,90
msg,1,167,688,4177,755,90,90
msg,1,168,675,27172,765,90,90
msg,1,169,696,3651,764,90,90
msg,1,170,681,3684,772,90,90
msg,1,171,770,4025,770,90,90
msg,1,172,702,6286,769,90,90
msg,1,173,704,6941,767,90,90
msg,1,174,689,4011,767,90,90
msg,1,175,695,4558,753,90,90
msg,1,176,747,4516,764,90,90
msg,1,177,711,4462,759,90,90
msg,1,178,710,4723,758,90,90
msg,1,179,702,6354,770,90,90
msg,1,180,714,30493,760,90,90
msg,1,181,691,4285,760,90,90
msg,1,182,697,3606,762,90,90
msg,1,183,689,4358,760,90,90
msg,1,184,675,3886,772,90,90
msg,1,185,698,3908,769,90,90
msg,1,186,711,4043,753,90,90
msg,1,187,680,4042,766,90,90
msg,1,188,700,4006,766,90,90
msg,1,189,704,4528,770,90,90
msg,1,190,695,4657,764,90,90
msg,1,191,697,4235,768,90,90
msg,1,192,697,7146,762,90,90
msg,1,193,697,30462,762,90,90
msg,1,194,698,4549,766,90,90
msg,1,195,701,4100,758,90,90
msg,1,196,698,4017,823,90,90
msg,1,197,704,3894,750,90,90
msg,1,198,703,3585,764,90,90
msg,1,199,688,5522,761,90,90
whole,1,47.439,1624.260,200
2,4.6620,0.0010,5.6530,10.3160,0,0,23,4,0,0,1,1,115892,0.0,0.0,0.0,0.0,0,0,0,0
msg,2,0,837,11402,768,90,90
msg,2,1,703,29220,766,90,90
msg,2,2,708,3801,767,90,90
msg,2,3,689,4072,750,90,90
msg,2,4,750,3860,847,90,90
msg,2,5,711,3913,769,90,90
msg,2,6,688,3595,771,90,90
msg,2,7,704,5207,767,90,90
msg,2,8,694,4263,778,90,90
msg,2,9,680,5167,747,90,90
msg,2,10,678,3843,763,90,90
msg,2,11,695,3863,753,90,90
msg,2,12,684,4572,770,90,90
msg,2,13,679,4590,767,90,90
msg,2,14,706,25208,769,90,90
msg,2,15,704,4313,771,90,90
msg,2,16,701,3853,763,90,90
msg,2,17,700,3818,770,90,90
msg,2,18,695,4209,765,90,90
msg,2,19,687,5544,769,90,90
msg,2,20,708,3921,752,90,90
msg,2,21,703,4773,771,90,90
msg,2,22,698,3975,753,90,90
msg,2,23,684,4418,752,90,90
msg,2,24,678,3804,824,90,90
msg,2,25,704,3538,767,90,90
msg,2,26,699,4140,772,90,90
msg,2,27,697,5457,766,90,90
msg,2,28,695,24406,774,90,90
msg,2,29,736,5684,770,90,90
msg,2,30,703,4892,752,90,90
msg,2,31,678,4299,753,90,90
msg,2,32,672,3730,762,90,90
msg,2,33,692,4026,747,90,90
msg,2,34,683,4608,771,90,90
msg,2,35,702,4769,762,90,90
msg,2,36,694,4157,758,90,90
msg,2,37,698,4103,759,90,90
msg,2,38,716,4141,771,90,90
msg,2,39,682,3867,769,90,90
msg,2,40,699,6344,762,90,90
msg,2,41,771,32139,768,90,90
msg,2,42,697,4434,765,90,90
msg,2,43,718,4416,760,90,90
msg,2,44,702,5073,755,90,90
msg,2,45,704,4480,769,90,90
msg,2,46,711,3994,760,90,90
msg,2,47,703,6714,769,90,90
msg,2,48,697,3816,762,90,90
msg,2,49,678,4846,770,90,90
msg,2,50,704,3824,769,90,90
msg,2,51,679,3847,763,90,90
msg,2,52,694,4408,766,90,90
msg,2,53,715,22030,765,90,90
msg,2,54,710,4486,761,90,90
msg,2,55,702,4763,750,90,90
msg,2,56,677,4784,772,90,90
msg,2,57,694,5447,760,90,90
msg,2,58,691,4769,752,90,90
msg,2,59,681,3923,770,90,90
msg,2,60,693,4578,763,90,90
msg,2,61,699,4859,765,90,90
msg,2,62,698,4100,750,90,90
msg,2,63,686,4589,765,90,90
msg,2,64,700,5280,826,90,90
msg,2,65,710,6223,770,90,90
msg,2,66,680,24894,775,90,90
msg,2,67,697,4374,766,90,90
msg,2,68,694,3862,770,90,90
msg,2,69,712,4764,769,90,90
msg,2,70,695,4884,769,90,90
msg,2,71,700,3780,770,90,90
msg,2,72,708,4357,761,90,90
msg,2,73,691,4267,768,90,90
msg,2,74,696,3883,769,90,90
msg,2,75,696,3813,771,90,90
msg,2,76,698,3828,767,90,90
msg,2,77,683,3851,766,90,90
msg,2,78,692,4054,766,90,90
msg,2,79,772,5012,765,90,90
msg,2,80,682,23673,769,90,90
msg,2,81,700,14405,775,90,90
msg,2,82,697,4286,763,90,90
msg,2,83,700,3849,747,90,90
msg,2,84,753,3798,768,90,90
msg,2,85,694,3850,752,90,90
msg,2,86,682,5064,767,90,90
msg,2,87,698,5541,758,90,90
msg,2,88,678,4288,757,90,90
msg,2,89,698,3882,767,90,90
msg,2,90,703,4053,751,90,90
msg,2,91,681,6353,751,90,90
msg,2,92,685,22776,772,90,90
msg,2,93,710,3561,766,90,90
msg,2,94,819,3766,767,90,90
msg,2,95,699,3863,760,90,90
msg,2,96,706,3815,764,90,90
msg,2,97,715,3441,768,90,90
msg,2,98,692,4615,766,90,90
msg,2,99,701,5619,753,90,90
msg,2,100,682,4319,810,90,90
msg,2,101,688,4481,747,90,90
msg,2,102,692,3823,763,90,90
msg,2,103,698,3849,749,90,90
msg,2,104,680,3928,763,90,90
msg,2,105,707,5794,750,90,90
msg,2,106,678,25255,754,90,90
msg,2,107,688,4393,755,90,90
msg,2,108,678,4163,763,90,90
msg,2,109,709,6112,766,90,90
msg,2,110,703,3964,769,90,90
msg,2,111,695,7275,769,90,90
msg,2,112,682,4367,759,90,90
msg,2,113,685,4007,772,90,90
msg,2,114,708,4083,762,90,90
msg,2,115,704,4719,748,90,90
msg,2,116,684,3790,768,90,90
msg,2,117,693,4016,752,90,90
msg,2,118,688,5315,749,90,90
msg,2,119,689,24987,835,90,90
msg,2,120,710,3691,748,90,90
msg,2,121,689,3908,766,90,90
msg,2,122,701,4483,767,90,90
msg,2,123,699,3779,768,90,90
msg,2,124,685,4029,762,90,90
msg,2,125,700,4806,1116,90,90
msg,2,126,709,4801,770,90,90
msg,2,127,685,3860,767,90,90
msg,2,128,694,3796,749,90,90
msg,2,129,688,4833,767,90,90
msg,2,130,695,4334,766,90,90
msg,2,131,698,4897,768,90,90
msg,2,132,676,28438,774,90,90
msg,2,133,700,15811,762,90,90
msg,2,134,778,5401,765,90,90
msg,2,135,697,4737,767,90,90
msg,2,136,700,3815,764,90,90
msg,2,137,700,4572,755,90,90
msg,2,138,676,3638,767,90,90
msg,2,139,701,3821,775,90,90
msg,2,140,715,4806,770,90,90
msg,2,141,687,3982,765,90,90
msg,2,142,702,4011,764,90,90
msg,2,143,697,5189,767,90,90
msg,2,144,711,26113,749,90,90
msg,2,145,670,5826,758,90,90
msg,2,146,708,6814,756,90,90
msg,2,147,677,4391,753,90,90
msg,2,148,690,3563,763,90,90
msg,2,149,706,4121,752,90,90
msg,2,150,682,3901,758,90,90
msg,2,151,696,4470,756,90,90
msg,2,152,697,3892,757,90,90
msg,2,153,698,4539,768,90,90
msg,2,154,695,3982,751,90,90
msg,2,155,689,3769,761,90,90
msg,2,156,694,4063,769,90,90
msg,2,157,713,30670,772,90,90
msg,2,158,703,4105,763,90,90
msg,2,159,711,4674,771,90,90
msg,2,160,715,3742,749,90,90
msg,2,161,688,4728,765,90,90
msg,2,162,706,3690,766,90,90
msg,2,163,712,5322,762,90,90
msg,2,164,699,4134,764,90,90
msg,2,165,708,6245,767,90,90
msg,2,166,705,5501,761,90,90
msg,2,167,707,4853,764,90,90
msg,2,168,682,5254,756,90,90
msg,2,169,682,25715,772,90,90
msg,2,170,698,3934,743,90,90
msg,2,171,679,26962,765,90,90
msg,2,172,709,16703,757,90,90
msg,2,173,690,4010,764,90,90
msg,2,174,695,3853,761,90,90
msg,2,175,690,3799,823,90,90
msg,2,176,701,27990,769,90,90
msg,2,177,716,4037,749,90,90
msg,2,178,685,3977,769,90,90
msg,2,179,699,3734,751,90,90
msg,2,180,680,4117,763,90,90
msg,2,181,707,4202,764,90,90
msg,2,182,697,5000,764,90,90
msg,2,183,702,3901,746,90,90
msg,2,184,703,4142,769,90,90
msg,2,185,698,3581,748,90,90
msg,2,186,674,3817,762,90,90
msg,2,187,698,3773,761,90,90
msg,2,188,703,3924,769,90,90
msg,2,189,699,6934,752,90,90
msg,2,190,688,20019,771,90,90
msg,2,191,703,3967,764,90,90
msg,2,192,696,4180,826,90,90
msg,2,193,692,3825,766,90,90
msg,2,194,703,3811,748,90,90
msg,2,195,688,3530,769,90,90
msg,2,196,704,3840,766,90,90
msg,2,197,712,4978,765,90,90
msg,2,198,696,3847,744,90,90
msg,2,199,706,7970,777,90,90
whole,2,28.979,1640.960,200
#stack 2412
#end
#block pipeline plain lorawan11 down
#aead LoRaWAN-1.1 AES-128-CTR+2xCMAC (BearSSL (arduino-pico)), downlink, 51 B payload + 13 B overhead
#lib none (plain MQTT)
iter,tcp_ms,tls_ms,mqtt_ms,total_ms,hs_tx_B,hs_rx_B,mqtt_tx_B,mqtt_rx_B,hs_writes,hs_reads,writes,reads,free_heap_B,hs_keygen_us,hs_derive_us,hs_verify_us,hs_sign_us,hs_keygen_n,hs_derive_n,hs_verify_n,hs_sign_n
msg,iter,idx,seal_us,rtt_us,open_us,tx_B,rx_B
whole,iter,first_ms,all_ms,msgs
0,4.3790,0.0020,4.0650,8.4460,0,0,23,4,0,0,1,1,115892,0.0,0.0,0.0,0.0,0,0,0,0
msg,0,0,548,4208,493,90,90
msg,0,1,444,3906,491,90,90
msg,0,2,443,3810,497,90,90
msg,0,3,435,3929,496,90,90
msg,0,4,436,4025,489,90,90
msg,0,5,415,4286,498,90,90
msg,0,6,420,6833,507,90,90
msg,0,7,435,4359,490,90,90
msg,0,8,432,25963,496,90,90
msg,0,9,421,4106,505,90,90
msg,0,10,418,4230,505,90,90
msg,0,11,434,4441,512,90,90
msg,0,12,429,3988,508,90,90
msg,0,13,422,3836,506,90,90
msg,0,14,423,4130,508,90,90
msg,0,15,445,4383,499,90,90
msg,0,16,424,3992,507,90,90
msg,0,17,417,3785,490,90,90
msg,0,18,432,3777,491,90,90
msg,0,19,412,6356,504,90,90
msg,0,20,432,4696,502,90,90
msg,0,21,422,7693,506,90,90
msg,0,22,418,26944,509,90,90
msg,0,23,428,6771,512,90,90
msg,0,24,419,4956,505,90,90
msg,0,25,423,3661,493,90,90
msg,0,26,419,3447,505,90,90
msg,0,27,440,3889,494,90,90
msg,0,28,450,4016,497,90,90
msg,0,29,443,5922,488,90,90
msg,0,30,448,4265,513,90,90
msg,0,31,420,4023,506,90,90
msg,0,32,429,3723,502,90,90
msg,0,33,421,3950,510,90,90
msg,0,34,410,4297,497,90,90
msg,0,35,440,7460,507,90,90
msg,0,36,412,21528,493,90,90
msg,0,37,414,3457,502,90,90
msg,0,38,447,4019,499,90,90
msg,0,39,441,3773,500,90,90
msg,0,40,439,5363,484,90,90
msg,0,41,417,4947,560,90,90
msg,0,42,421,4856,501,90,90
msg,0,43,428,4300,502,90,90
msg,0,44,439,4791,500,90,90
msg,0,45,439,4279,487,90,90
msg,0,46,423,3670,486,90,90
msg,0,47,442,3646,501,90,90
msg,0,48,436,3839,505,90,90
msg,0,49,419,4246,493,90,90
msg,0,50,447,8909,484,90,90
msg,0,51,445,26229,553,90,90
msg,0,52,419,3683,487,90,90
msg,0,53,419,3790,492,90,90
msg,0,54,417,5071,499,90,90
msg,0,55,419,3896,511,90,90
msg,0,56,414,4165,512,90,90
msg,0,57,411,3886,501,90,90
msg,0,58,417,3991,497,90,90
msg,0,59,434,4850,503,90,90
msg,0,60,439,4071,490,90,90
msg,0,61,451,4107,485,90,90
msg,0,62,422,5310,505,90,90
msg,0,63,511,4581,515,90,90
msg,0,64,415,6069,504,90,90
msg,0,65,416,30021,509,90,90
msg,0,66,443,3956,487,90,90
msg,0,67,437,3732,501,90,90
msg,0,68,413,4492,493,90,90
msg,0,69,427,3924,508,90,90
msg,0,70,422,3994,507,90,90
msg,0,71,417,3697,479,90,90
msg,0,72,423,4001,513,90,90
msg,0,73,514,3827,503,90,90
msg,0,74,415,3978,499,90,90
msg,0,75,414,3963,504,90,90
msg,0,76,418,3777,511,90,90
msg,0,77,490,3937,504,90,90
msg,0,78,426,3813,500,90,90
msg,0,79,413,5445,492,90,90
msg,0,80,440,26648,495,90,90
msg,0,81,438,4111,488,90,90
msg,0,82,451,4926,487,90,90
msg,0,83,424,3529,501,90,90
msg,0,84,449,4442,499,90,90
msg,0,85,423,4012,500,90,90
msg,0,86,420,3703,506,90,90
msg,0,87,419,3474,572,90,90
msg,0,88,438,3608,505,90,90
msg,0,89,447,3705,508,90,90
msg,0,90,417,3721,503,90,90
msg,0,91,421,3677,488,90,90
msg,0,92,496,4251,510,90,90
msg,0,93,439,3668,503,90,90
msg,0,94,417,3612,484,90,90
msg,0,95,424,32886,490,90,90
msg,0,96,414,3846,488,90,90
msg,0,97,417,3959,489,90,90
msg,0,98,421,4431,489,90,90
msg,0,99,444,4061,490,90,90
msg,0,100,454,5199,511,90,90
msg,0,101,424,4064,513,90,90
msg,0,102,425,5129,505,90,90
msg,0,103,432,4097,484,90,90
msg,0,104,449,3904,487,90,90
msg,0,105,440,4240,510,90,90
msg,0,106,424,3835,508,90,90
msg,0,107,422,3743,489,90,90
msg,0,108,428,7186,511,90,90
msg,0,109,415,32229,488,90,90
msg,0,110,441,4012,486,90,90
msg,0,111,455,4354,511,90,90
msg,0,112,428,4646,492,90,90
msg,0,113,424,3981,512,90,90
msg,0,114,417,3895,516,90,90
msg,0,115,426,3850,505,90,90
msg,0,116,414,3935,509,90,90
msg,0,117,413,4345,487,90,90
msg,0,118,444,3930,488,90,90
msg,0,119,441,3783,488,90,90
msg,0,120,446,3910,487,90,90
msg,0,121,438,3619,505,90,90
msg,0,122,419,5436,493,90,90
msg,0,123,415,24988,499,90,90
msg,0,124,416,3750,487,90,90
msg,0,125,420,7202,502,90,90
msg,0,126,412,3843,511,90,90
msg,0,127,413,4720,491,90,90
msg,0,128,424,4313,500,90,90
msg,0,129,448,7103,486,90,90
msg,0,130,445,4327,498,90,90
msg,0,131,423,4415,494,90,90
msg,0,132,446,4240,511,90,90
msg,0,133,424,4681,492,90,90
msg,0,134,420,3995,488,90,90
msg,0,135,420,3539,493,90,90
msg,0,136,439,5977,485,90,90
msg,0,137,450,23829,489,90,90
msg,0,138,451,6524,508,90,90
msg,0,139,413,6255,490,90,90
msg,0,140,434,3749,487,90,90
msg,0,141,444,12433,512,90,90
msg,0,142,424,4007,511,90,90
msg,0,143,418,5410,487,90,90
msg,0,144,454,4505,507,90,90
msg,0,145,439,4018,487,90,90
msg,0,146,441,3764,506,90,90
msg,0,147,451,3950,487,90,90
msg,0,148,442,3977,489,90,90
msg,0,149,434,6162,483,90,90
msg,0,150,420,29374,504,90,90
msg,0,151,443,6765,502,90,90
msg,0,152,413,7204,492,90,90
msg,0,153,441,6776,495,90,90
msg,0,154,447,5329,508,90,90
msg,0,155,425,4242,505,90,90
msg,0,156,438,3896,558,90,90
msg,0,157,439,4647,507,90,90
msg,0,158,414,4058,501,90,90
msg,0,159,447,4206,489,90,90
msg,0,160,455,3540,507,90,90
msg,0,161,443,6737,506,90,90
msg,0,162,424,26262,490,90,90
msg,0,163,440,5808,494,90,90
msg,0,164,436,5234,492,90,90
msg,0,165,428,4427,491,90,90
msg,0,166,435,6722,504,90,90
msg,0,167,444,3565,509,90,90
msg,0,168,421,4350,486,90,90
msg,0,169,440,3621,499,90,90
msg,0,170,414,4207,490,90,90
msg,0,171,450,3639,508,90,90
msg,0,172,437,3646,502,90,90
msg,0,173,419,3635,485,90,90
msg,0,174,421,12543,490,90,90
msg,0,175,442,25495,505,90,90
msg,0,176,415,4337,488,90,90
msg,0,177,446,5849,498,90,90
msg,0,178,447,5616,497,90,90
msg,0,179,439,8701,506,90,90
msg,0,180,413,7386,486,90,90
msg,0,181,434,4897,490,90,90
msg,0,182,448,3779,488,90,90
msg,0,183,441,4135,493,90,90
msg,0,184,427,4263,508,90,90
msg,0,185,418,3945,511,90,90
msg,0,186,439,4062,488,90,90
msg,0,187,442,7478,501,90,90
msg,0,188,410,27628,491,90,90
msg,0,189,427,7244,504,90,90
msg,0,190,418,6795,508,90,90
msg,0,191,415,9390,490,90,90
msg,0,192,455,4844,488,90,90
msg,0,193,449,7164,492,90,90
msg,0,194,426,3868,492,90,90
msg,0,195,417,4597,492,90,90
msg,0,196,441,3986,490,90,90
msg,0,197,420,5380,504,90,90
msg,0,198,412,6713,513,90,90
msg,0,199,414,24637,494,90,90
whole,0,19.787,1516.230,200
1,5.4920,0.0020,5.3870,10.8810,0,0,23,4,0,0,1,1,115892,0.0,0.0,0.0,0.0,0,0,0,0
msg,1,0,569,4086,513,90,90
msg,1,1,427,3938,502,90,90
msg,1,2,419,4914,515,90,90
msg,1,3,416,7538,490,90,90
msg,1,4,451,4693,485,90,90
msg,1,5,441,3947,495,90,90
msg,1,6,437,4406,506,90,90
msg,1,7,414,3916,502,90,90
msg,1,8,419,6114,499,90,90
msg,1,9,447,25404,510,90,90
msg,1,10,418,3679,490,90,90
msg,1,11,418,3776,492,90,90
msg,1,12,451,4249,517,90,90
msg,1,13,414,4175,500,90,90
msg,1,14,430,3770,512,90,90
msg,1,15,427,5790,504,90,90
msg,1,16,420,4282,492,90,90
msg,1,17,446,5799,489,90,90
msg,1,18,440,4568,510,90,90
msg,1,19,421,5646,510,90,90
msg,1,20,430,5385,486,90,90
msg,1,21,437,4284,491,90,90
msg,1,22,415,6296,508,90,90
msg,1,23,413,20174,491,90,90
msg,1,24,438,4279,518,90,90
msg,1,25,418,3955,508,90,90
msg,1,26,413,3848,507,90,90
msg,1,27,413,3540,491,90,90
msg,1,28,440,4118,502,90,90
msg,1,29,416,7412,483,90,90
msg,1,30,442,5680,509,90,90
msg,1,31,414,6290,487,90,90
msg,1,32,438,7234,562,90,90
msg,1,33,436,6105,505,90,90
msg,1,34,449,4048,492,90,90
msg,1,35,438,3923,484,90,90
msg,1,36,449,5944,492,90,90
msg,1,37,443,30019,496,90,90
msg,1,38,419,4963,494,90,90
msg,1,39,415,4275,506,90,90
msg,1,40,417,6019,501,90,90
msg,1,41,442,5252,494,90,90
msg,1,42,413,5555,492,90,90
msg,1,43,438,4955,488,90,90
msg,1,44,441,3840,488,90,90
msg,1,45,446,3888,497,90,90
msg,1,46,437,4148,484,90,90
msg,1,47,417,4057,513,90,90
msg,1,48,412,4348,494,90,90
msg,1,49,435,6067,492,90,90
msg,1,50,443,20079,490,90,90
msg,1,51,427,4156,509,90,90
msg,1,52,413,3885,498,90,90
msg,1,53,418,4898,517,90,90
msg,1,54,416,4467,488,90,90
msg,1,55,439,4800,490,90,90
msg,1,56,444,3903,495,90,90
msg,1,57,441,5513,505,90,90
msg,1,58,443,5293,483,90,90
msg,1,59,416,3871,489,90,90
msg,1,60,416,4099,503,90,90
msg,1,61,423,6385,491,90,90
msg,1,62,434,4491,504,90,90
msg,1,63,417,6229,499,90,90
msg,1,64,444,24672,506,90,90
msg,1,65,411,11903,513,90,90
msg,1,66,412,4730,505,90,90
msg,1,67,419,8789,508,90,90
msg,1,68,415,4142,511,90,90
msg,1,69,421,3939,505,90,90
msg,1,70,434,3955,500,90,90
msg,1,71,435,3727,508,90,90
msg,1,72,512,3803,508,90,90
msg,1,73,411,3911,507,90,90
msg,1,74,415,3974,509,90,90
msg,1,75,432,3810,506,90,90
msg,1,76,505,5477,512,90,90
msg,1,77,422,30714,496,90,90
msg,1,78,432,12849,494,90,90
msg,1,79,427,5484,489,90,90
msg,1,80,439,4370,507,90,90
msg,1,81,420,5320,504,90,90
msg,1,82,436,4857,499,90,90
msg,1,83,440,5647,507,90,90
msg,1,84,429,4529,490,90,90
msg,1,85,421,4669,488,90,90
msg,1,86,448,3512,511,90,90
msg,1,87,509,4146,489,90,90
msg,1,88,452,3607,502,90,90
msg,1,89,440,4786,504,90,90
msg,1,90,410,27345,497,90,90
msg,1,91,456,3635,496,90,90
msg,1,92,444,3737,498,90,90
msg,1,93,435,3640,499,90,90
msg,1,94,421,4914,509,90,90
msg,1,95,422,5509,486,90,90
msg,1,96,428,5559,491,90,90
msg,1,97,435,6510,510,90,90
msg,1,98,419,3773,506,90,90
msg,1,99,422,4976,503,90,90
msg,1,100,417,3862,508,90,90
msg,1,101,416,4365,491,90,90
msg,1,102,443,7468,506,90,90
msg,1,103,427,26083,507,90,90
msg,1,104,444,3822,507,90,90
msg,1,105,415,4234,480,90,90
msg,1,106,446,4637,502,90,90
msg,1,107,452,11191,487,90,90
msg,1,108,419,7133,509,90,90
msg,1,109,491,8755,509,90,90
msg,1,110,428,4183,508,90,90
msg,1,111,414,4424,552,90,90
msg,1,112,420,4014,508,90,90
msg,1,113,419,4004,502,90,90
msg,1,114,416,6332,487,90,90
msg,1,115,440,26343,516,90,90
msg,1,116,424,5220,504,90,90
msg,1,117,450,4021,487,90,90
msg,1,118,455,5523,509,90,90
msg,1,119,409,4483,488,90,90
msg,1,120,414,4162,506,90,90
msg,1,121,501,4012,491,90,90
msg,1,122,453,6397,503,90,90
msg,1,123,418,5712,511,90,90
msg,1,124,488,4359,493,90,90
msg,1,125,443,4987,494,90,90
msg,1,126,437,3895,489,90,90
msg,1,127,440,4237,504,90,90
msg,1,128,415,28332,491,90,90
msg,1,129,454,3680,503,90,90
msg,1,130,442,3902,502,90,90
msg,1,131,448,3834,509,90,90
msg,1,132,442,4030,491,90,90
msg,1,133,446,4136,488,90,90
msg,1,134,419,4907,490,90,90
msg,1,135,430,7061,511,90,90
msg,1,136,417,5794,482,90,90
msg,1,137,430,9240,509,90,90
msg,1,138,417,6863,504,90,90
msg,1,139,422,4833,501,90,90
msg,1,140,418,4803,512,90,90
msg,1,141,423,20476,490,90,90
msg,1,142,416,5359,503,90,90
msg,1,143,412,5306,488,90,90
msg,1,144,438,3754,489,90,90
msg,1,145,439,3887,486,90,90
msg,1,146,451,4273,503,90,90
msg,1,147,428,4433,491,90,90
msg,1,148,437,6217,483,90,90
msg,1,149,422,3811,483,90,90
msg,1,150,421,4919,490,90,90
msg,1,151,415,3932,489,90,90
msg,1,152,413,4068,505,90,90
msg,1,153,415,3785,507,90,90
msg,1,154,433,5640,486,90,90
msg,1,155,435,27245,512,90,90
msg,1,156,411,4597,490,90,90
msg,1,157,420,4267,506,90,90
msg,1,158,414,3998,508,90,90
msg,1,159,424,4928,508,90,90
msg,1,160,444,4652,507,90,90
msg,1,161,426,4621,491,90,90
msg,1,162,419,4056,503,90,90
msg,1,163,431,4112,508,90,90
msg,1,164,414,5506,486,90,90
msg,1,165,426,5472,493,90,90
msg,1,166,449,5353,508,90,90
msg,1,167,420,9002,501,90,90
msg,1,168,423,6323,492,90,90
msg,1,169,443,26284,510,90,90
msg,1,170,427,4617,491,90,90
msg,1,171,439,3954,491,90,90
msg,1,172,420,4008,487,90,90
msg,1,173,416,5837,488,90,90
msg,1,174,507,5293,505,90,90
msg,1,175,439,4915,501,90,90
msg,1,176,440,4030,488,90,90
msg,1,177,453,9369,510,90,90
msg,1,178,424,5353,490,90,90
msg,1,179,442,8444,511,90,90
msg,1,180,428,6263,485,90,90
msg,1,181,446,20338,507,90,90
msg,1,182,416,16439,495,90,90
msg,1,183,441,4019,860,90,90
msg,1,184,432,4117,508,90,90
msg,1,185,424,4110,487,90,90
msg,1,186,439,3497,507,90,90
msg,1,187,418,3689,564,90,90
msg,1,188,420,4394,490,90,90
msg,1,189,444,4163,488,90,90
msg,1,190,426,3846,492,90,90
msg,1,191,425,5218,504,90,90
msg,1,192,419,6717,504,90,90
msg,1,193,415,37003,510,90,90
msg,1,194,424,4362,488,90,90
msg,1,195,445,3984,489,90,90
msg,1,196,450,4914,492,90,90
msg,1,197,443,4730,489,90,90
msg,1,198,452,4620,501,90,90
msg,1,199,440,4210,492,90,90
whole,1,22.246,1569.083,200
2,4.3540,0.0020,6.4500,10.8060,0,0,23,4,0,0,1,1,115892,0.0,0.0,0.0,0.0,0,0,0,0
msg,2,0,568,4679,498,90,90
msg,2,1,448,27720,517,90,90
msg,2,2,433,3872,506,90,90
msg,2,3,441,4220,485,90,90
msg,2,4,418,3671,485,90,90
msg,2,5,444,4726,499,90,90
msg,2,6,433,4267,492,90,90
msg,2,7,421,3889,489,90,90
msg,2,8,415,3834,487,90,90
msg,2,9,448,5718,544,90,90
msg,2,10,453,4042,490,90,90
msg,2,11,429,4005,505,90,90
msg,2,12,413,4803,489,90,90
msg,2,13,415,4931,495,90,90
msg,2,14,411,3639,500,90,90
msg,2,15,439,3929,484,90,90
msg,2,16,422,4969,491,90,90
msg,2,17,421,37630,488,90,90
msg,2,18,446,7888,497,90,90
msg,2,19,445,4299,510,90,90
msg,2,20,418,4113,511,90,90
msg,2,21,405,6462,491,90,90
msg,2,22,416,5999,504,90,90
msg,2,23,413,4369,486,90,90
msg,2,24,449,6081,495,90,90
msg,2,25,446,7534,501,90,90
msg,2,26,435,36841,508,90,90
msg,2,27,441,4482,503,90,90
msg,2,28,419,4211,508,90,90
msg,2,29,422,4343,487,90,90
msg,2,30,413,4307,503,90,90
msg,2,31,417,3802,502,90,90
msg,2,32,414,4533,493,90,90
msg,2,33,418,4917,483,90,90
msg,2,34,423,3691,486,90,90
msg,2,35,434,3609,505,90,90
msg,2,36,449,5062,497,90,90
msg,2,37,444,4896,487,90,90
msg,2,38,437,4748,507,90,90
msg,2,39,442,34284,493,90,90
msg,2,40,430,6394,508,90,90
msg,2,41,447,4392,493,90,90
msg,2,42,415,4546,491,90,90
msg,2,43,449,4272,513,90,90
msg,2,44,423,4185,502,90,90
msg,2,45,421,5875,511,90,90
msg,2,46,416,5394,494,90,90
msg,2,47,427,3852,488,90,90
msg,2,48,416,4414,502,90,90
msg,2,49,417,3774,507,90,90
msg,2,50,414,3950,515,90,90
msg,2,51,417,6926,509,90,90
msg,2,52,425,20739,505,90,90
msg,2,53,413,6363,488,90,90
msg,2,54,447,3810,489,90,90
msg,2,55,440,4026,487,90,90
msg,2,56,453,3813,488,90,90
msg,2,57,440,3872,489,90,90
msg,2,58,438,3924,487,90,90
msg,2,59,439,3813,497,90,90
msg,2,60,440,3887,485,90,90
msg,2,61,435,3918,487,90,90
msg,2,62,444,3673,480,90,90
msg,2,63,440,3773,508,90,90
msg,2,64,440,3861,497,90,90
msg,2,65,448,4348,592,90,90
msg,2,66,421,4016,513,90,90
msg,2,67,514,6964,508,90,90
msg,2,68,426,29392,492,90,90
msg,2,69,419,4586,492,90,90
msg,2,70,435,5035,490,90,90
msg,2,71,445,4951,490,90,90
msg,2,72,413,4518,504,90,90
msg,2,73,439,4890,492,90,90
msg,2,74,443,5433,506,90,90
msg,2,75,416,7726,497,90,90
msg,2,76,418,4536,500,90,90
msg,2,77,450,4636,506,90,90
msg,2,78,415,6951,497,90,90
msg,2,79,440,6330,483,90,90
msg,2,80,418,28467,508,90,90
msg,2,81,446,5818,492,90,90
msg,2,82,437,6383,502,90,90
msg,2,83,412,9093,516,90,90
msg,2,84,425,5331,488,90,90
msg,2,85,443,4469,498,90,90
msg,2,86,412,4175,492,90,90
msg,2,87,452,4421,515,90,90
msg,2,88,432,5045,510,90,90
msg,2,89,410,4060,507,90,90
msg,2,90,443,5878,509,90,90
msg,2,91,440,7528,501,90,90
msg,2,92,428,24524,545,90,90
msg,2,93,417,3881,488,90,90
msg,2,94,416,3782,482,90,90
msg,2,95,445,3909,487,90,90
msg,2,96,446,4370,507,90,90
msg,2,97,413,4311,493,90,90
msg,2,98,438,5310,501,90,90
msg,2,99,423,4023,501,90,90
msg,2,100,411,3960,505,90,90
msg,2,101,417,4713,505,90,90
msg,2,102,411,4018,502,90,90
msg,2,103,420,5433,490,90,90
msg,2,104,423,3867,487,90,90
msg,2,105,426,4255,511,90,90
msg,2,106,422,4005,502,90,90
msg,2,107,425,39467,499,90,90
msg,2,108,431,3876,488,90,90
msg,2,109,426,4163,497,90,90
msg,2,110,417,5511,481,90,90
msg,2,111,423,3814,493,90,90
msg,2,112,449,4136,510,90,90
msg,2,113,421,4079,501,90,90
msg,2,114,415,4635,484,90,90
msg,2,115,494,4471,541,90,90
msg,2,116,441,4405,507,90,90
msg,2,117,410,5085,504,90,90
msg,2,118,440,4451,505,90,90
msg,2,119,412,34694,493,90,90
msg,2,120,422,6776,497,90,90
msg,2,121,438,4195,508,90,90
msg,2,122,426,5730,492,90,90
msg,2,123,421,4792,492,90,90
msg,2,124,416,5476,504,90,90
msg,2,125,441,6845,591,90,90
msg,2,126,443,7740,510,90,90
msg,2,127,436,4260,483,90,90
msg,2,128,420,3704,489,90,90
msg,2,129,435,4971,483,90,90
msg,2,130,523,20890,492,90,90
msg,2,131,428,3807,490,90,90
msg,2,132,451,4235,508,90,90
msg,2,133,415,3992,502,90,90
msg,2,134,415,4040,506,90,90
msg,2,135,447,6418,497,90,90
msg,2,136,417,3813,489,90,90
msg,2,137,416,4221,562,90,90
msg,2,138,418,4454,510,90,90
msg,2,139,432,4397,509,90,90
msg,2,140,439,3474,512,90,90
msg,2,141,415,4050,508,90,90
msg,2,142,415,3956,505,90,90
msg,2,143,412,3705,504,90,90
msg,2,144,417,3832,513,90,90
msg,2,145,414,5529,493,90,90
msg,2,146,451,31901,492,90,90
msg,2,147,449,4010,492,90,90
msg,2,148,418,3945,491,90,90
msg,2,149,418,3809,488,90,90
msg,2,150,421,3784,497,90,90
msg,2,151,418,4161,517,90,90
msg,2,152,418,4158,507,90,90
msg,2,153,440,3669,505,90,90
msg,2,154,425,4281,494,90,90
msg,2,155,439,3821,499,90,90
msg,2,156,439,4192,488,90,90
msg,2,157,413,4745,483,90,90
msg,2,158,444,4127,488,90,90
msg,2,159,428,5906,490,90,90
msg,2,160,428,22036,511,90,90
msg,2,161,423,4437,489,90,90
msg,2,162,440,4240,510,90,90
msg,2,163,425,4205,508,90,90
msg,2,164,444,4011,488,90,90
msg,2,165,442,3624,504,90,90
msg,2,166,413,4331,560,90,90
msg,2,167,422,4018,486,90,90
msg,2,168,419,4303,510,90,90
msg,2,169,446,4313,489,90,90
msg,2,170,417,3854,492,90,90
msg,2,171,412,3814,484,90,90
msg,2,172,446,3990,486,90,90
msg,2,173,422,3549,490,90,90
msg,2,174,438,3903,498,90,90
msg,2,175,437,4487,508,90,90
msg,2,176,420,29567,493,90,90
msg,2,177,417,3891,491,90,90
msg,2,178,414,3594,490,90,90
msg,2,179,442,3962,491,90,90
msg,2,180,438,4696,485,90,90
msg,2,181,442,5553,500,90,90
msg,2,182,411,4627,482,90,90
msg,2,183,414,4860,493,90,90
msg,2,184,424,4801,490,90,90
msg,2,185,420,7498,507,90,90
msg,2,186,449,6874,501,90,90
msg,2,187,445,4990,489,90,90
msg,2,188,444,33534,508,90,90
msg,2,189,487,6416,485,90,90
msg,2,190,413,5127,511,90,90
msg,2,191,418,4564,491,90,90
msg,2,192,414,4671,495,90,90
msg,2,193,439,3926,490,90,90
msg,2,194,440,4684,506,90,90
msg,2,195,445,3857,508,90,90
msg,2,196,442,3901,487,90,90
msg,2,197,440,5533,503,90,90
msg,2,198,425,4058,506,90,90
msg,2,199,412,4608,511,90,90
whole,2,24.963,1560.654,200
#stack 2412
#end
#block pipeline plain lorawan11_256 up
#aead AES-256-CTR+2xCMAC (LoRaWAN 1.1 frame, 256-bit keys) (BearSSL (arduino-pico)), uplink, 51 B payload + 13 B overhead
#lib none (plain MQTT)
iter,tcp_ms,tls_ms,mqtt_ms,total_ms,hs_tx_B,hs_rx_B,mqtt_tx_B,mqtt_rx_B,hs_writes,hs_reads,writes,reads,free_heap_B,hs_keygen_us,hs_derive_us,hs_verify_us,hs_sign_us,hs_keygen_n,hs_derive_n,hs_verify_n,hs_sign_n
msg,iter,idx,seal_us,rtt_us,open_us,tx_B,rx_B
whole,iter,first_ms,all_ms,msgs
0,4.6290,0.0020,4.7520,9.3830,0,0,23,4,0,0,1,1,115892,0.0,0.0,0.0,0.0,0,0,0,0
msg,0,0,1059,5940,996,90,90
msg,0,1,914,25146,997,90,90
msg,0,2,941,5708,998,90,90
msg,0,3,941,4022,991,90,90
msg,0,4,938,3913,996,90,90
msg,0,5,929,4306,998,90,90
msg,0,6,931,5346,985,90,90
msg,0,7,927,4702,994,90,90
msg,0,8,993,3870,995,90,90
msg,0,9,927,3925,995,90,90
msg,0,10,928,5817,1000,90,90
msg,0,11,993,3565,1000,90,90
msg,0,12,932,5513,996,90,90
msg,0,13,922,23083,994,90,90
msg,0,14,934,4786,1002,90,90
msg,0,15,930,3832,993,90,90
msg,0,16,929,3858,993,90,90
msg,0,17,926,3697,997,90,90
msg,0,18,924,4619,990,90,90
msg,0,19,924,3786,1361,90,90
msg,0,20,949,3780,998,90,90
msg,0,21,927,3853,985,90,90
msg,0,22,925,3790,991,90,90
msg,0,23,933,3798,1000,90,90
msg,0,24,928,4734,998,90,90
msg,0,25,926,6353,997,90,90
msg,0,26,942,24165,994,90,90
msg,0,27,924,3801,994,90,90
msg,0,28,923,4026,1001,90,90
msg,0,29,934,3786,994,90,90
msg,0,30,1003,3863,1003,90,90
msg,0,31,931,3678,1000,90,90
msg,0,32,933,3799,995,90,90
msg,0,33,942,4285,999,90,90
msg,0,34,929,3908,995,90,90
msg,0,35,929,3640,996,90,90
msg,0,36,933,3653,1052,90,90
msg,0,37,935,5247,998,90,90
msg,0,38,928,6607,990,90,90
msg,0,39,924,28910,1004,90,90
msg,0,40,925,19573,1002,90,90
msg,0,41,932,5373,999,90,90
msg,0,42,926,4461,1001,90,90
msg,0,43,927,4680,989,90,90
msg,0,44,929,4493,990,90,90
msg,0,45,930,5026,999,90,90
msg,0,46,904,5297,991,90,90
msg,0,47,926,7568,1002,90,90
msg,0,48,937,25094,1001,90,90
msg,0,49,931,4738,992,90,90
msg,0,50,932,4173,998,90,90
msg,0,51,925,4191,993,90,90
msg,0,52,928,4191,997,90,90
msg,0,53,932,4211,1003,90,90
msg,0,54,930,6746,988,90,90
msg,0,55,932,5208,995,90,90
msg,0,56,927,4457,991,90,90
msg,0,57,946,4079,992,90,90
msg,0,58,929,4211,995,90,90
msg,0,59,929,4952,992,90,90
msg,0,60,935,20511,997,90,90
msg,0,61,931,4070,997,90,90
msg,0,62,927,3634,997,90,90
msg,0,63,940,3842,1005,90,90
msg,0,64,933,3842,987,90,90
msg,0,65,930,3826,995,90,90
msg,0,66,932,4886,1003,90,90
msg,0,67,937,4722,986,90,90
msg,0,68,930,4008,995,90,90
msg,0,69,928,4944,987,90,90
msg,0,70,931,3935,995,90,90
msg,0,71,931,3894,990,90,90
msg,0,72,935,3823,996,90,90
msg,0,73,929,27376,1003,90,90
msg,0,74,936,4950,992,90,90
msg,0,75,930,3882,1001,90,90
msg,0,76,926,3951,993,90,90
msg,0,77,933,4050,1013,90,90
msg,0,78,931,5977,990,90,90
msg,0,79,938,3683,1000,90,90
msg,0,80,924,4648,997,90,90
msg,0,81,936,4963,991,90,90
msg,0,82,933,4980,996,90,90
msg,0,83,907,4544,991,90,90
msg,0,84,930,6076,997,90,90
msg,0,85,928,20106,998,90,90
msg,0,86,933,4117,996,90,90
msg,0,87,931,4357,1055,90,90
msg,0,88,931,3987,994,90,90
msg,0,89,912,4643,995,90,90
msg,0,90,931,4223,1058,90,90
msg,0,91,930,3655,995,90,90
msg,0,92,928,4622,992,90,90
msg,0,93,929,3810,998,90,90
msg,0,94,932,3659,993,90,90
msg,0,95,938,3844,1005,90,90
msg,0,96,938,3804,992,90,90
msg,0,97,931,4635,995,90,90
msg,0,98,914,5816,996,90,90
msg,0,99,937,28360,995,90,90
msg,0,100,939,3963,997,90,90
msg,0,101,939,4742,990,90,90
msg,0,102,930,4339,996,90,90
msg,0,103,922,3859,989,90,90
msg,0,104,941,3866,999,90,90
msg,0,105,939,3866,991,90,90
msg,0,106,1001,3743,1000,90,90
msg,0,107,940,4797,994,90,90
msg,0,108,936,7072,992,90,90
msg,0,109,926,4501,1010,90,90
msg,0,110,939,4040,997,90,90
msg,0,111,923,23721,1061,90,90
msg,0,112,932,6283,995,90,90
msg,0,113,931,3986,992,90,90
msg,0,114,906,4282,996,90,90
msg,0,115,929,3835,997,90,90
msg,0,116,931,3836,991,90,90
msg,0,117,934,4320,995,90,90
msg,0,118,1014,4188,987,90,90
msg,0,119,932,3801,993,90,90
msg,0,120,935,4928,994,90,90
msg,0,121,994,5021,995,90,90
msg,0,122,941,6476,997,90,90
msg,0,123,931,22131,989,90,90
msg,0,124,996,3910,1004,90,90
msg,0,125,941,3837,995,90,90
msg,0,126,936,4145,993,90,90
msg,0,127,932,3608,996,90,90
msg,0,128,932,3823,996,90,90
msg,0,129,930,3629,995,90,90
msg,0,130,926,3790,1060,90,90
msg,0,131,933,3803,996,90,90
msg,0,132,928,4414,993,90,90
msg,0,133,939,3796,998,90,90
msg,0,134,1007,3956,996,90,90
msg,0,135,929,5438,994,90,90
msg,0,136,905,27118,999,90,90
msg,0,137,935,3713,999,90,90
msg,0,138,931,4852,1353,90,90
msg,0,139,950,4480,995,90,90
msg,0,140,913,3835,995,90,90
msg,0,141,908,3847,993,90,90
msg,0,142,941,4492,1004,90,90
msg,0,143,935,4740,994,90,90
msg,0,144,928,4328,998,90,90
msg,0,145,936,4596,1001,90,90
msg,0,146,931,4478,985,90,90
msg,0,147,936,4841,991,90,90
msg,0,148,942,28276,1002,90,90
msg,0,149,927,3985,1000,90,90
msg,0,150,935,4849,992,90,90
msg,0,151,930,4522,992,90,90
msg,0,152,926,3867,987,90,90
msg,0,153,927,4118,992,90,90
msg,0,154,939,4050,997,90,90
msg,0,155,932,4177,991,90,90
msg,0,156,923,3836,995,90,90
msg,0,157,936,3768,1057,90,90
msg,0,158,938,3865,1002,90,90
msg,0,159,943,3823,1001,90,90
msg,0,160,1041,47388,994,90,90
msg,0,161,943,4261,1003,90,90
msg,0,162,926,4153,989,90,90
msg,0,163,940,3857,992,90,90
msg,0,164,924,4422,994,90,90
msg,0,165,940,4458,981,90,90
msg,0,166,925,3825,995,90,90
msg,0,167,940,4060,1006,90,90
msg,0,168,933,4058,991,90,90
msg,0,169,933,3793,987,90,90
msg,0,170,1028,5522,990,90,90
msg,0,171,940,25581,995,90,90
msg,0,172,929,3919,1054,90,90
msg,0,173,941,4417,995,90,90
msg,0,174,942,5647,989,90,90
msg,0,175,927,3886,1052,90,90
msg,0,176,936,3837,990,90,90
msg,0,177,931,4025,987,90,90
msg,0,178,935,4323,1000,90,90
msg,0,179,1012,4421,1001,90,90
msg,0,180,934,4730,996,90,90
msg,0,181,923,3833,993,90,90
msg,0,182,1032,5661,992,90,90
msg,0,183,943,22493,997,90,90
msg,0,184,938,3919,991,90,90
msg,0,185,931,3853,1005,90,90
msg,0,186,924,3827,999,90,90
msg,0,187,935,3814,989,90,90
msg,0,188,927,3989,996,90,90
msg,0,189,926,3829,992,90,90
msg,0,190,924,4737,995,90,90
msg,0,191,935,4421,1062,90,90
msg,0,192,943,3839,993,90,90
msg,0,193,934,3758,991,90,90
msg,0,194,926,3555,1001,90,90
msg,0,195,925,8559,996,90,90
msg,0,196,932,52188,1000,90,90
msg,0,197,926,4415,994,90,90
msg,0,198,935,4662,995,90,90
msg,0,199,928,5186,991,90,90
whole,0,23.725,1736.538,200
1,4.3850,0.0020,5.5140,9.9010,0,0,23,4,0,0,1,1,115892,0.0,0.0,0.0,0.0,0,0,0,0
msg,1,0,1062,46870,1004,90,90
msg,1,1,933,5750,1003,90,90
msg,1,2,927,3931,994,90,90
msg,1,3,927,4254,989,90,90
msg,1,4,932,3910,994,90,90
msg,1,5,928,4511,1002,90,90
msg,1,6,930,3878,992,90,90
msg,1,7,928,3844,998,90,90
msg,1,8,930,3928,993,90,90
msg,1,9,935,5185,995,90,90
msg,1,10,931,25233,996,90,90
msg,1,11,925,3883,996,90,90
msg,1,12,933,3804,990,90,90
msg,1,13,909,3819,1059,90,90
msg,1,14,914,3885,992,90,90
msg,1,15,904,4124,990,90,90
msg,1,16,926,4004,993,90,90
msg,1,17,1022,3924,1373,90,90
msg,1,18,937,4870,1006,90,90
msg,1,19,925,4508,999,90,90
msg,1,20,1033,3645,996,90,90
msg,1,21,933,3815,996,90,90
msg,1,22,921,3802,991,90,90
msg,1,23,925,26154,997,90,90
msg,1,24,937,3973,996,90,90
msg,1,25,928,4064,990,90,90
msg,1,26,926,3850,999,90,90
msg,1,27,938,3417,988,90,90
msg,1,28,930,3670,991,90,90
msg,1,29,904,3626,1060,90,90
msg,1,30,936,3865,995,90,90
msg,1,31,926,5625,997,90,90
msg,1,32,939,3815,1081,90,90
msg,1,33,940,3884,996,90,90
msg,1,34,931,4645,994,90,90
msg,1,35,932,4109,989,90,90
msg,1,36,948,29457,999,90,90
msg,1,37,927,4063,997,90,90
msg,1,38,928,3865,1000,90,90
msg,1,39,936,3849,998,90,90
msg,1,40,928,3834,987,90,90
msg,1,41,933,3848,996,90,90
msg,1,42,924,3763,993,90,90
msg,1,43,930,3940,992,90,90
msg,1,44,926,4363,1062,90,90
msg,1,45,927,3897,996,90,90
msg,1,46,937,4245,992,90,90
msg,1,47,922,7963,997,90,90
msg,1,48,933,23052,996,90,90
msg,1,49,937,4394,994,90,90
msg,1,50,1008,3841,990,90,90
msg,1,51,914,4337,993,90,90
msg,1,52,933,3986,990,90,90
msg,1,53,931,3813,1001,90,90
msg,1,54,930,4225,992,90,90
msg,1,55,934,3759,996,90,90
msg,1,56,930,5258,998,90,90
msg,1,57,927,3909,995,90,90
msg,1,58,922,3845,995,90,90
msg,1,59,932,3834,996,90,90
msg,1,60,937,4774,1000,90,90
msg,1,61,908,27525,995,90,90
msg,1,62,928,4618,1000,90,90
msg,1,63,1002,3847,997,90,90
msg,1,64,927,3861,995,90,90
msg,1,65,940,3853,993,90,90
msg,1,66,931,3841,1001,90,90
msg,1,67,928,3903,989,90,90
msg,1,68,936,4113,1009,90,90
msg,1,69,940,3926,999,90,90
msg,1,70,928,3979,999,90,90
msg,1,71,931,3856,992,90,90
msg,1,72,928,3870,1062,90,90
msg,1,73,936,5038,995,90,90
msg,1,74,926,21912,999,90,90
msg,1,75,935,4073,990,90,90
msg,1,76,923,3844,995,90,90
msg,1,77,931,3789,997,90,90
msg,1,78,911,3850,997,90,90
msg,1,79,911,3625,997,90,90
msg,1,80,932,4232,1003,90,90
msg,1,81,932,4883,1003,90,90
msg,1,82,926,3825,1079,90,90
msg,1,83,931,3742,996,90,90
msg,1,84,909,4003,992,90,90
msg,1,85,934,4400,995,90,90
msg,1,86,1003,6351,991,90,90
msg,1,87,934,24280,1009,90,90
msg,1,88,935,5146,1001,90,90
msg,1,89,939,4449,995,90,90
msg,1,90,932,6024,994,90,90
msg,1,91,931,4089,999,90,90
msg,1,92,945,6141,1000,90,90
msg,1,93,935,6359,988,90,90
msg,1,94,1041,4343,1000,90,90
msg,1,95,928,5615,997,90,90
msg,1,96,928,3964,1000,90,90
msg,1,97,939,3863,990,90,90
msg,1,98,926,4234,991,90,90
msg,1,99,927,20653,993,90,90
msg,1,100,929,4753,1000,90,90
msg,1,101,929,6385,994,90,90
msg,1,102,945,7869,1042,90,90
msg,1,103,938,3977,992,90,90
msg,1,104,931,4387,993,90,90
msg,1,105,940,3797,989,90,90
msg,1,106,1038,3770,999,90,90
msg,1,107,925,3958,989,90,90
msg,1,108,936,3599,992,90,90
msg,1,109,935,15934,1362,90,90
msg,1,110,957,29223,996,90,90
msg,1,111,941,4392,990,90,90
msg,1,112,932,3853,1000,90,90
msg,1,113,927,3818,977,90,90
msg,1,114,935,4393,1000,90,90
msg,1,115,923,4301,999,90,90
msg,1,116,938,4242,999,90,90
msg,1,117,928,4709,989,90,90
msg,1,118,946,5124,993,90,90
msg,1,119,933,3964,999,90,90
msg,1,120,925,8184,993,90,90
msg,1,121,936,24498,1001,90,90
msg,1,122,931,4638,999,90,90
msg,1,123,1049,3836,993,90,90
msg,1,124,943,8413,991,90,90
msg,1,125,930,3896,999,90,90
msg,1,126,912,3901,1003,90,90
msg,1,127,917,4144,1000,90,90
msg,1,128,933,3970,991,90,90
msg,1,129,936,4487,994,90,90
msg,1,130,932,4703,999,90,90
msg,1,131,935,3598,993,90,90
msg,1,132,927,7427,993,90,90
msg,1,133,935,23561,994,90,90
msg,1,134,930,4963,991,90,90
msg,1,135,930,3716,992,90,90
msg,1,136,947,3987,993,90,90
msg,1,137,933,4722,1002,90,90
msg,1,138,936,4443,994,90,90
msg,1,139,939,4427,992,90,90
msg,1,140,945,3750,992,90,90
msg,1,141,933,5582,990,90,90
msg,1,142,939,4005,1001,90,90
msg,1,143,930,3906,994,90,90
msg,1,144,936,4146,995,90,90
msg,1,145,935,4015,999,90,90
msg,1,146,939,21659,996,90,90
msg,1,147,932,3937,992,90,90
msg,1,148,936,4578,994,90,90
msg,1,149,943,3758,1001,90,90
msg,1,150,934,3807,996,90,90
msg,1,151,934,5293,993,90,90
msg,1,152,934,4468,997,90,90
msg,1,153,925,3857,997,90,90
msg,1,154,927,4138,990,90,90
msg,1,155,930,4468,995,90,90
msg,1,156,931,4769,992,90,90
msg,1,157,907,5098,976,90,90
msg,1,158,927,3951,1000,90,90
msg,1,159,931,28606,999,90,90
msg,1,160,908,4464,1053,90,90
msg,1,161,931,4351,989,90,90
msg,1,162,937,5217,998,90,90
msg,1,163,929,5271,1001,90,90
msg,1,164,936,4124,992,90,90
msg,1,165,942,3891,984,90,90
msg,1,166,926,3814,999,90,90
msg,1,167,1009,3920,997,90,90
msg,1,168,927,3811,991,90,90
msg,1,169,935,4185,997,90,90
msg,1,170,945,4769,993,90,90
msg,1,171,925,22121,995,90,90
msg,1,172,927,3933,1054,90,90
msg,1,173,938,3881,994,90,90
msg,1,174,928,4306,993,90,90
msg,1,175,935,3893,988,90,90
msg,1,176,938,4803,1085,90,90
msg,1,177,937,4490,1000,90,90
msg,1,178,934,4520,991,90,90
msg,1,179,934,5158,998,90,90
msg,1,180,934,6435,989,90,90
msg,1,181,930,3912,993,90,90
msg,1,182,931,6160,995,90,90
msg,1,183,937,26089,999,90,90
msg,1,184,927,4081,996,90,90
msg,1,185,907,3839,1000,90,90
msg,1,186,932,3907,1001,90,90
msg,1,187,935,4053,994,90,90
msg,1,188,928,4329,995,90,90
msg,1,189,931,4002,994,90,90
msg,1,190,935,4894,994,90,90
msg,1,191,931,5638,999,90,90
msg,1,192,929,5703,988,90,90
msg,1,193,922,3914,996,90,90
msg,1,194,936,8699,995,90,90
msg,1,195,931,25437,1000,90,90
msg,1,196,931,4714,1003,90,90
msg,1,197,936,3959,1002,90,90
msg,1,198,932,4066,1004,90,90
msg,1,199,939,3894,1001,90,90
whole,1,67.379,1712.257,200
2,5.3890,0.0020,5.7920,11.1830,0,0,23,4,0,0,1,1,115892,0.0,0.0,0.0,0.0,0,0,0,0
msg,2,0,1057,4216,1007,90,90
msg,2,1,930,3825,993,90,90
msg,2,2,934,4195,996,90,90
msg,2,3,930,6538,989,90,90
msg,2,4,937,23265,1001,90,90
msg,2,5,931,4761,1002,90,90
msg,2,6,931,3900,993,90,90
msg,2,7,925,5553,994,90,90
msg,2,8,930,4797,998,90,90
msg,2,9,931,4577,996,90,90
msg,2,10,911,3975,990,90,90
msg,2,11,926,4050,999,90,90
msg,2,12,925,5995,997,90,90
msg,2,13,929,4376,996,90,90
msg,2,14,925,4313,995,90,90
msg,2,15,934,7355,995,90,90
msg,2,16,929,27381,989,90,90
msg,2,17,940,4119,998,90,90
msg,2,18,925,4402,997,90,90
msg,2,19,911,4190,1004,90,90
msg,2,20,928,4224,998,90,90
msg,2,21,929,4269,993,90,90
msg,2,22,923,4865,1003,90,90
msg,2,23,927,4130,991,90,90
msg,2,24,928,4859,1355,90,90
msg,2,25,939,4386,995,90,90
msg,2,26,935,5375,995,90,90
msg,2,27,922,5700,996,90,90
msg,2,28,939,32613,993,90,90
msg,2,29,939,3933,997,90,90
msg,2,30,933,3926,999,90,90
msg,2,31,930,3903,993,90,90
msg,2,32,929,5729,991,90,90
msg,2,33,933,4181,997,90,90
msg,2,34,925,3876,992,90,90
msg,2,35,925,3254,995,90,90
msg,2,36,925,5385,991,90,90
msg,2,37,934,4815,995,90,90
msg,2,38,929,7204,990,90,90
msg,2,39,945,31851,1065,90,90
msg,2,40,945,4121,1084,90,90
msg,2,41,938,3743,1002,90,90
msg,2,42,906,4453,1002,90,90
msg,2,43,925,4195,992,90,90
msg,2,44,1002,4556,996,90,90
msg,2,45,943,4219,995,90,90
msg,2,46,929,4454,988,90,90
msg,2,47,1007,3573,991,90,90
msg,2,48,943,4934,995,90,90
msg,2,49,924,8085,1001,90,90
msg,2,50,929,21485,1403,90,90
msg,2,51,945,4163,996,90,90
msg,2,52,926,4226,992,90,90
msg,2,53,1039,4181,1000,90,90
msg,2,54,926,3779,992,90,90
msg,2,55,935,3793,994,90,90
msg,2,56,939,3619,995,90,90
msg,2,57,932,5552,995,90,90
msg,2,58,931,4664,997,90,90
msg,2,59,936,4816,999,90,90
msg,2,60,922,3969,1000,90,90
msg,2,61,926,5377,994,90,90
msg,2,62,933,4200,996,90,90
msg,2,63,932,19236,995,90,90
msg,2,64,934,3747,1001,90,90
msg,2,65,934,4015,1004,90,90
msg,2,66,920,3863,999,90,90
msg,2,67,927,3812,992,90,90
msg,2,68,938,4380,993,90,90
msg,2,69,924,3973,998,90,90
msg,2,70,922,3846,993,90,90
msg,2,71,925,4591,991,90,90
msg,2,72,934,4329,994,90,90
msg,2,73,930,5499,995,90,90
msg,2,74,908,3926,996,90,90
msg,2,75,937,4486,998,90,90
msg,2,76,930,4207,999,90,90
msg,2,77,907,26154,998,90,90
msg,2,78,927,4689,999,90,90
msg,2,79,935,3900,990,90,90
msg,2,80,929,3849,991,90,90
msg,2,81,931,4063,1000,90,90
msg,2,82,930,4032,991,90,90
msg,2,83,931,4041,1005,90,90
msg,2,84,923,4394,999,90,90
msg,2,85,943,9699,998,90,90
msg,2,86,908,4877,994,90,90
msg,2,87,929,4114,989,90,90
msg,2,88,931,28401,1059,90,90
msg,2,89,930,5244,999,90,90
msg,2,90,933,4650,990,90,90
msg,2,91,930,4024,987,90,90
msg,2,92,921,7176,990,90,90
msg,2,93,927,4430,996,90,90
msg,2,94,932,4600,999,90,90
msg,2,95,943,4573,997,90,90
msg,2,96,929,5975,997,90,90
msg,2,97,925,4059,997,90,90
msg,2,98,1008,3488,994,90,90
msg,2,99,937,5524,993,90,90
msg,2,100,937,30105,998,90,90
msg,2,101,931,3940,991,90,90
msg,2,102,930,3917,989,90,90
msg,2,103,932,4643,998,90,90
msg,2,104,908,3884,994,90,90
msg,2,105,907,4151,991,90,90
msg,2,106,938,4256,1001,90,90
msg,2,107,944,5189,994,90,90
msg,2,108,930,3882,998,90,90
msg,2,109,930,4456,1002,90,90
msg,2,110,930,4644,992,90,90
msg,2,111,934,4362,993,90,90
msg,2,112,939,26598,1009,90,90
msg,2,113,933,4200,993,90,90
msg,2,114,929,3833,994,90,90
msg,2,115,938,3852,1000,90,90
msg,2,116,933,3822,989,90,90
msg,2,117,942,4491,991,90,90
msg,2,118,933,4333,996,90,90
msg,2,119,935,3876,993,90,90
msg,2,120,940,3927,998,90,90
msg,2,121,931,5578,997,90,90
msg,2,122,928,4374,994,90,90
msg,2,123,911,5775,996,90,90
msg,2,124,928,21783,1076,90,90
msg,2,125,927,4074,998,90,90
msg,2,126,910,4980,998,90,90
msg,2,127,931,4262,998,90,90
msg,2,128,944,4425,993,90,90
msg,2,129,941,3830,994,90,90
msg,2,130,937,5877,1063,90,90
msg,2,131,942,3895,991,90,90
msg,2,132,924,4083,991,90,90
msg,2,133,931,4094,995,90,90
msg,2,134,1000,4734,998,90,90
msg,2,135,937,5501,990,90,90
msg,2,136,929,28710,994,90,90
msg,2,137,909,4217,993,90,90
msg,2,138,933,3860,997,90,90
msg,2,139,930,3863,1002,90,90
msg,2,140,923,24503,1002,90,90
msg,2,141,931,9004,1000,90,90
msg,2,142,930,4168,993,90,90
msg,2,143,927,4071,989,90,90
msg,2,144,924,52173,998,90,90
msg,2,145,937,5783,996,90,90
msg,2,146,934,3969,999,90,90
msg,2,147,934,5657,997,90,90
msg,2,148,931,3888,996,90,90
msg,2,149,932,3940,998,90,90
msg,2,150,940,8074,988,90,90
msg,2,151,949,5051,996,90,90
msg,2,152,931,32884,996,90,90
msg,2,153,938,4584,1058,90,90
msg,2,154,940,4021,986,90,90
msg,2,155,909,3925,1000,90,90
msg,2,156,921,4640,992,90,90
msg,2,157,1014,4022,996,90,90
msg,2,158,913,4159,996,90,90
msg,2,159,926,3889,995,90,90
msg,2,160,940,3937,997,90,90
msg,2,161,931,6620,994,90,90
msg,2,162,940,4314,990,90,90
msg,2,163,998,5600,1003,90,90
msg,2,164,946,33069,999,90,90
msg,2,165,945,3849,994,90,90
msg,2,166,929,3874,994,90,90
msg,2,167,926,4355,1002,90,90
msg,2,168,908,4506,994,90,90
msg,2,169,933,4203,995,90,90
msg,2,170,927,3933,996,90,90
msg,2,171,934,4289,998,90,90
msg,2,172,931,4260,995,90,90
msg,2,173,940,4560,1051,90,90
msg,2,174,942,6928,993,90,90
msg,2,175,928,33939,1000,90,90
msg,2,176,931,3877,996,90,90
msg,2,177,929,4181,997,90,90
msg,2,178,937,4702,996,90,90
msg,2,179,937,4810,1003,90,90
msg,2,180,928,3890,984,90,90
msg,2,181,938,4045,1001,90,90
msg,2,182,931,3728,992,90,90
msg,2,183,932,3879,993,90,90
msg,2,184,930,3899,1057,90,90
msg,2,185,942,6722,997,90,90
msg,2,186,930,27692,998,90,90
msg,2,187,998,4231,993,90,90
msg,2,188,931,5022,988,90,90
msg,2,189,909,3935,998,90,90
msg,2,190,940,4746,995,90,90
msg,2,191,930,4491,987,90,90
msg,2,192,938,3928,1004,90,90
msg,2,193,948,3868,992,90,90
msg,2,194,929,3956,994,90,90
msg,2,195,933,4497,994,90,90
msg,2,196,938,4526,992,90,90
msg,2,197,934,6295,995,90,90
msg,2,198,925,23190,994,90,90
msg,2,199,932,5924,989,90,90
whole,2,23.391,1818.978,200
#stack 2368
#end
#block pipeline plain lorawan11_256 down
#aead AES-256-CTR+2xCMAC (LoRaWAN 1.1 frame, 256-bit keys) (BearSSL (arduino-pico)), downlink, 51 B payload + 13 B overhead
#lib none (plain MQTT)
iter,tcp_ms,tls_ms,mqtt_ms,total_ms,hs_tx_B,hs_rx_B,mqtt_tx_B,mqtt_rx_B,hs_writes,hs_reads,writes,reads,free_heap_B,hs_keygen_us,hs_derive_us,hs_verify_us,hs_sign_us,hs_keygen_n,hs_derive_n,hs_verify_n,hs_sign_n
msg,iter,idx,seal_us,rtt_us,open_us,tx_B,rx_B
whole,iter,first_ms,all_ms,msgs
0,4.5950,0.0010,6.6660,11.2620,0,0,23,4,0,0,1,1,115892,0.0,0.0,0.0,0.0,0,0,0,0
msg,0,0,708,4687,635,90,90
msg,0,1,578,4162,640,90,90
msg,0,2,552,4297,623,90,90
msg,0,3,546,3993,646,90,90
msg,0,4,573,4555,638,90,90
msg,0,5,553,3739,649,90,90
msg,0,6,579,4678,647,90,90
msg,0,7,571,3901,617,90,90
msg,0,8,574,4107,641,90,90
msg,0,9,571,6694,646,90,90
msg,0,10,583,27567,641,90,90
msg,0,11,571,4928,624,90,90
msg,0,12,575,3825,749,90,90
msg,0,13,555,3884,646,90,90
msg,0,14,582,3755,633,90,90
msg,0,15,570,4273,638,90,90
msg,0,16,553,4653,646,90,90
msg,0,17,566,6160,622,90,90
msg,0,18,664,5236,643,90,90
msg,0,19,588,3627,639,90,90
msg,0,20,565,3851,623,90,90
msg,0,21,567,4332,640,90,90
msg,0,22,568,3638,632,90,90
msg,0,23,577,3833,624,90,90
msg,0,24,571,25723,626,90,90
msg,0,25,617,3927,637,90,90
msg,0,26,550,4431,640,90,90
msg,0,27,555,7268,628,90,90
msg,0,28,573,5492,668,90,90
msg,0,29,576,5384,653,90,90
msg,0,30,572,4106,625,90,90
msg,0,31,555,3929,637,90,90
msg,0,32,573,4315,621,90,90
msg,0,33,557,4012,631,90,90
msg,0,34,564,3676,708,90,90
msg,0,35,577,3889,618,90,90
msg,0,36,557,6220,641,90,90
msg,0,37,569,24107,629,90,90
msg,0,38,551,3945,643,90,90
msg,0,39,578,4997,625,90,90
msg,0,40,572,3692,625,90,90
msg,0,41,583,4103,633,90,90
msg,0,42,577,3753,644,90,90
msg,0,43,566,6672,634,90,90
msg,0,44,567,4111,641,90,90
msg,0,45,565,3834,643,90,90
msg,0,46,579,3850,632,90,90
msg,0,47,573,3927,622,90,90
msg,0,48,556,4271,637,90,90
msg,0,49,575,3894,624,90,90
msg,0,50,566,3613,625,90,90
msg,0,51,558,4601,619,90,90
msg,0,52,555,25043,640,90,90
msg,0,53,576,4289,637,90,90
msg,0,54,549,4003,640,90,90
msg,0,55,571,4019,625,90,90
msg,0,56,555,4704,621,90,90
msg,0,57,555,3680,641,90,90
msg,0,58,557,8051,645,90,90
msg,0,59,584,4342,641,90,90
msg,0,60,559,4068,614,90,90
msg,0,61,569,3906,626,90,90
msg,0,62,558,4041,637,90,90
msg,0,63,573,4020,627,90,90
msg,0,64,574,7701,620,90,90
msg,0,65,547,25466,627,90,90
msg,0,66,586,4082,635,90,90
msg,0,67,547,4057,667,90,90
msg,0,68,579,3836,625,90,90
msg,0,69,565,3967,635,90,90
msg,0,70,565,3972,621,90,90
msg,0,71,570,3489,639,90,90
msg,0,72,574,4508,643,90,90
msg,0,73,580,4313,642,90,90
msg,0,74,556,3700,645,90,90
msg,0,75,570,3558,634,90,90
msg,0,76,548,3705,644,90,90
msg,0,77,572,4605,637,90,90
msg,0,78,570,3782,639,90,90
msg,0,79,575,4391,694,90,90
msg,0,80,576,24561,640,90,90
msg,0,81,576,4828,640,90,90
msg,0,82,576,4373,644,90,90
msg,0,83,578,4481,642,90,90
msg,0,84,580,4570,637,90,90
msg,0,85,545,4352,629,90,90
msg,0,86,552,5877,643,90,90
msg,0,87,576,6335,620,90,90
msg,0,88,553,4166,635,90,90
msg,0,89,576,3726,630,90,90
msg,0,90,575,3979,640,90,90
msg,0,91,552,6397,624,90,90
msg,0,92,550,6254,645,90,90
msg,0,93,577,24064,625,90,90
msg,0,94,553,4022,640,90,90
msg,0,95,567,4246,636,90,90
msg,0,96,560,3968,648,90,90
msg,0,97,1031,4120,635,90,90
msg,0,98,579,4172,622,90,90
msg,0,99,549,3697,649,90,90
msg,0,100,544,3938,646,90,90
msg,0,101,570,4205,617,90,90
msg,0,102,555,4412,616,90,90
msg,0,103,578,4400,638,90,90
msg,0,104,573,3895,625,90,90
msg,0,105,562,6723,620,90,90
msg,0,106,552,5942,639,90,90
msg,0,107,569,24790,644,90,90
msg,0,108,572,6317,638,90,90
msg,0,109,558,4609,642,90,90
msg,0,110,552,4989,632,90,90
msg,0,111,580,4198,646,90,90
msg,0,112,549,4126,629,90,90
msg,0,113,584,3663,624,90,90
msg,0,114,584,3602,622,90,90
msg,0,115,574,4585,626,90,90
msg,0,116,579,4711,629,90,90
msg,0,117,553,3765,622,90,90
msg,0,118,552,3614,621,90,90
msg,0,119,549,3945,641,90,90
msg,0,120,582,3998,624,90,90
msg,0,121,553,22133,638,90,90
msg,0,122,581,3920,623,90,90
msg,0,123,581,3676,623,90,90
msg,0,124,645,3932,643,90,90
msg,0,125,560,3849,638,90,90
msg,0,126,571,4035,622,90,90
msg,0,127,552,4249,646,90,90
msg,0,128,585,3845,622,90,90
msg,0,129,583,3867,622,90,90
msg,0,130,560,4034,639,90,90
msg,0,131,579,3831,638,90,90
msg,0,132,586,4783,617,90,90
msg,0,133,551,4094,634,90,90
msg,0,134,580,4024,624,90,90
msg,0,135,576,4573,625,90,90
msg,0,136,577,4083,637,90,90
msg,0,137,553,22229,620,90,90
msg,0,138,652,3982,637,90,90
msg,0,139,549,4078,629,90,90
msg,0,140,569,3956,634,90,90
msg,0,141,549,3731,638,90,90
msg,0,142,550,3940,644,90,90
msg,0,143,568,3699,637,90,90
msg,0,144,581,3440,637,90,90
msg,0,145,568,3985,616,90,90
msg,0,146,555,4024,643,90,90
msg,0,147,542,4080,622,90,90
msg,0,148,585,3805,626,90,90
msg,0,149,561,5042,638,90,90
msg,0,150,573,4864,635,90,90
msg,0,151,573,7574,640,90,90
msg,0,152,574,30242,642,90,90
msg,0,153,564,5153,626,90,90
msg,0,154,582,3885,642,90,90
msg,0,155,561,4497,624,90,90
msg,0,156,567,4160,636,90,90
msg,0,157,569,5549,643,90,90
msg,0,158,570,5073,627,90,90
msg,0,159,561,4351,620,90,90
msg,0,160,584,4304,635,90,90
msg,0,161,576,3833,637,90,90
msg,0,162,651,3602,626,90,90
msg,0,163,574,4167,636,90,90
msg,0,164,577,5104,625,90,90
msg,0,165,579,28085,664,90,90
msg,0,166,584,4780,650,90,90
msg,0,167,582,3724,634,90,90
msg,0,168,572,4207,642,90,90
msg,0,169,577,5408,641,90,90
msg,0,170,561,4006,632,90,90
msg,0,171,568,3582,693,90,90
msg,0,172,575,5613,639,90,90
msg,0,173,574,4928,625,90,90
msg,0,174,554,3674,622,90,90
msg,0,175,553,4522,622,90,90
msg,0,176,550,3909,639,90,90
msg,0,177,551,5612,639,90,90
msg,0,178,552,25644,646,90,90
msg,0,179,560,4802,645,90,90
msg,0,180,568,3826,648,90,90
msg,0,181,576,3971,629,90,90
msg,0,182,560,3797,638,90,90
msg,0,183,560,3661,641,90,90
msg,0,184,555,3885,642,90,90
msg,0,185,582,4035,628,90,90
msg,0,186,562,4905,638,90,90
msg,0,187,546,3838,639,90,90
msg,0,188,569,4642,646,90,90
msg,0,189,654,3997,624,90,90
msg,0,190,551,4965,640,90,90
msg,0,191,571,6548,644,90,90
msg,0,192,646,29172,625,90,90
msg,0,193,559,3851,643,90,90
msg,0,194,549,3907,640,90,90
msg,0,195,578,3872,625,90,90
msg,0,196,578,3654,626,90,90
msg,0,197,568,3730,619,90,90
msg,0,198,552,4545,625,90,90
msg,0,199,561,3639,627,90,90
whole,0,24.876,1476.306,200
1,4.4360,0.0020,4.9740,9.4120,0,0,23,4,0,0,1,1,115892,0.0,0.0,0.0,0.0,0,0,0,0
msg,1,0,706,3938,635,90,90
msg,1,1,593,5903,649,90,90
msg,1,2,549,24603,645,90,90
msg,1,3,548,4032,631,90,90
msg,1,4,579,3912,626,90,90
msg,1,5,552,3659,627,90,90
msg,1,6,552,3592,618,90,90
msg,1,7,552,3816,644,90,90
msg,1,8,549,3416,623,90,90
msg,1,9,550,3637,627,90,90
msg,1,10,551,3641,622,90,90
msg,1,11,557,4239,640,90,90
msg,1,12,568,6329,646,90,90
msg,1,13,580,5670,640,90,90
msg,1,14,573,4428,637,90,90
msg,1,15,548,7701,644,90,90
msg,1,16,584,25423,644,90,90
msg,1,17,554,5371,626,90,90
msg,1,18,556,5127,644,90,90
msg,1,19,574,4421,642,90,90
msg,1,20,558,3866,637,90,90
msg,1,21,578,3845,690,90,90
msg,1,22,575,4145,642,90,90
msg,1,23,573,3877,638,90,90
msg,1,24,577,3827,624,90,90
msg,1,25,557,6978,640,90,90
msg,1,26,561,5073,620,90,90
msg,1,27,569,3923,622,90,90
msg,1,28,547,4213,641,90,90
msg,1,29,564,4465,641,90,90
msg,1,30,578,27533,645,90,90
msg,1,31,579,5676,647,90,90
msg,1,32,587,4069,616,90,90
msg,1,33,562,3686,621,90,90
msg,1,34,562,5078,642,90,90
msg,1,35,575,4349,643,90,90
msg,1,36,559,4228,624,90,90
msg,1,37,554,3891,637,90,90
msg,1,38,558,3919,643,90,90
msg,1,39,580,5050,621,90,90
msg,1,40,559,6695,622,90,90
msg,1,41,552,4917,646,90,90
msg,1,42,574,25266,618,90,90
msg,1,43,553,4781,643,90,90
msg,1,44,554,4094,635,90,90
msg,1,45,583,3761,628,90,90
msg,1,46,580,3650,621,90,90
msg,1,47,582,5881,641,90,90
msg,1,48,560,4283,623,90,90
msg,1,49,559,4252,636,90,90
msg,1,50,577,5017,619,90,90
msg,1,51,549,5184,642,90,90
msg,1,52,576,4192,645,90,90
msg,1,53,555,4139,635,90,90
msg,1,54,565,4210,644,90,90
msg,1,55,549,6812,630,90,90
msg,1,56,570,28430,637,90,90
msg,1,57,559,4387,631,90,90
msg,1,58,553,3586,623,90,90
msg,1,59,552,3720,637,90,90
msg,1,60,552,3576,643,90,90
msg,1,61,644,3502,624,90,90
msg,1,62,550,3716,642,90,90
msg,1,63,552,3936,987,90,90
msg,1,64,581,3929,649,90,90
msg,1,65,559,4046,631,90,90
msg,1,66,567,4401,638,90,90
msg,1,67,572,4183,621,90,90
msg,1,68,557,8079,644,90,90
msg,1,69,573,6987,630,90,90
msg,1,70,553,22861,641,90,90
msg,1,71,571,3675,641,90,90
msg,1,72,577,3940,642,90,90
msg,1,73,575,3770,618,90,90
msg,1,74,575,3857,623,90,90
msg,1,75,553,3513,621,90,90
msg,1,76,557,3818,641,90,90
msg,1,77,551,4198,626,90,90
msg,1,78,586,3979,642,90,90
msg,1,79,551,3798,633,90,90
msg,1,80,575,4334,622,90,90
msg,1,81,563,4013,637,90,90
msg,1,82,568,3637,641,90,90
msg,1,83,583,5153,623,90,90
msg,1,84,551,5489,620,90,90
msg,1,85,553,28479,626,90,90
msg,1,86,580,4861,639,90,90
msg,1,87,550,3805,638,90,90
msg,1,88,544,6484,646,90,90
msg,1,89,556,3894,638,90,90
msg,1,90,575,4128,623,90,90
msg,1,91,554,4321,639,90,90
msg,1,92,575,3794,620,90,90
msg,1,93,573,3817,615,90,90
msg,1,94,553,3559,625,90,90
msg,1,95,561,3965,642,90,90
msg,1,96,574,3576,642,90,90
msg,1,97,580,9203,620,90,90
msg,1,98,550,27866,647,90,90
msg,1,99,553,4051,638,90,90
msg,1,100,578,3776,618,90,90
msg,1,101,574,3804,623,90,90
msg,1,102,565,3580,626,90,90
msg,1,103,549,3691,644,90,90
msg,1,104,549,3789,638,90,90
msg,1,105,643,4279,627,90,90
msg,1,106,558,4005,641,90,90
msg,1,107,568,3802,638,90,90
msg,1,108,571,3649,636,90,90
msg,1,109,575,4077,643,90,90
msg,1,110,545,3963,629,90,90
msg,1,111,571,3678,637,90,90
msg,1,112,590,4362,648,90,90
msg,1,113,585,21331,643,90,90
msg,1,114,551,3684,641,90,90
msg,1,115,542,5806,639,90,90
msg,1,116,572,3659,637,90,90
msg,1,117,575,3765,634,90,90
msg,1,118,584,3889,628,90,90
msg,1,119,577,3942,640,90,90
msg,1,120,556,4081,644,90,90
msg,1,121,586,5698,623,90,90
msg,1,122,568,3817,629,90,90
msg,1,123,548,4109,646,90,90
msg,1,124,579,4192,639,90,90
msg,1,125,551,4350,627,90,90
msg,1,126,565,3550,626,90,90
msg,1,127,571,3903,632,90,90
msg,1,128,549,29116,646,90,90
msg,1,129,573,5299,638,90,90
msg,1,130,559,5041,632,90,90
msg,1,131,578,3634,623,90,90
msg,1,132,580,3862,625,90,90
msg,1,133,551,3877,645,90,90
msg,1,134,561,3904,638,90,90
msg,1,135,579,4090,619,90,90
msg,1,136,561,4231,647,90,90
msg,1,137,580,4202,639,90,90
msg,1,138,546,4719,646,90,90
msg,1,139,569,4843,645,90,90
msg,1,140,580,6451,636,90,90
msg,1,141,577,25898,631,90,90
msg,1,142,577,4054,639,90,90
msg,1,143,553,4131,625,90,90
msg,1,144,586,3926,642,90,90
msg,1,145,556,3949,637,90,90
msg,1,146,582,3987,622,90,90
msg,1,147,648,4223,643,90,90
msg,1,148,567,4909,625,90,90
msg,1,149,580,3831,641,90,90
msg,1,150,563,7033,644,90,90
msg,1,151,577,4001,620,90,90
msg,1,152,554,3593,624,90,90
msg,1,153,552,3601,674,90,90
msg,1,154,556,6287,642,90,90
msg,1,155,579,24093,643,90,90
msg,1,156,555,4376,621,90,90
msg,1,157,569,4145,640,90,90
msg,1,158,585,5736,640,90,90
msg,1,159,568,4304,642,90,90
msg,1,160,580,4012,634,90,90
msg,1,161,570,3923,647,90,90
msg,1,162,553,3876,642,90,90
msg,1,163,581,4322,701,90,90
msg,1,164,563,4035,636,90,90
msg,1,165,568,3862,622,90,90
msg,1,166,574,3924,636,90,90
msg,1,167,549,7573,1024,90,90
msg,1,168,593,5531,645,90,90
msg,1,169,582,25058,629,90,90
msg,1,170,558,3591,619,90,90
msg,1,171,555,5013,638,90,90
msg,1,172,571,5718,636,90,90
msg,1,173,569,4071,626,90,90
msg,1,174,555,3850,648,90,90
msg,1,175,556,3977,639,90,90
msg,1,176,577,5155,637,90,90
msg,1,177,560,3893,647,90,90
msg,1,178,567,3890,625,90,90
msg,1,179,585,4014,642,90,90
msg,1,180,560,4909,640,90,90
msg,1,181,569,3806,637,90,90
msg,1,182,572,4816,623,90,90
msg,1,183,556,29086,642,90,90
msg,1,184,569,4411,632,90,90
msg,1,185,551,3688,640,90,90
msg,1,186,552,3876,640,90,90
msg,1,187,574,4482,641,90,90
msg,1,188,577,4021,618,90,90
msg,1,189,593,3777,628,90,90
msg,1,190,554,3566,625,90,90
msg,1,191,554,3891,638,90,90
msg,1,192,540,3709,636,90,90
msg,1,193,569,3658,635,90,90
msg,1,194,569,3617,643,90,90
msg,1,195,569,5569,644,90,90
msg,1,196,573,4503,637,90,90
msg,1,197,554,24150,625,90,90
msg,1,198,579,4053,646,90,90
msg,1,199,546,4551,644,90,90
whole,1,20.268,1498.910,200
2,4.7220,0.0020,5.2250,9.9490,0,0,23,4,0,0,1,1,115892,0.0,0.0,0.0,0.0,0,0,0,0
msg,2,0,698,4276,641,90,90
msg,2,1,589,6955,618,90,90
msg,2,2,561,5017,641,90,90
msg,2,3,571,4657,642,90,90
msg,2,4,585,5056,620,90,90
msg,2,5,577,5193,642,90,90
msg,2,6,573,4626,645,90,90
msg,2,7,574,26600,649,90,90
msg,2,8,575,3871,624,90,90
msg,2,9,581,3806,621,90,90
msg,2,10,558,3671,621,90,90
msg,2,11,559,3956,641,90,90
msg,2,12,568,3809,633,90,90
msg,2,13,580,3636,642,90,90
msg,2,14,569,7029,629,90,90
msg,2,15,558,4427,625,90,90
msg,2,16,552,3791,636,90,90
msg,2,17,553,3539,625,90,90
msg,2,18,553,3483,619,90,90
msg,2,19,578,3767,626,90,90
msg,2,20,554,7003,642,90,90
msg,2,21,577,26415,641,90,90
msg,2,22,560,4176,618,90,90
msg,2,23,573,4369,637,90,90
msg,2,24,587,4454,632,90,90
msg,2,25,580,3739,641,90,90
msg,2,26,573,3985,621,90,90
msg,2,27,549,4571,621,90,90
msg,2,28,551,3871,637,90,90
msg,2,29,561,4248,623,90,90
msg,2,30,545,5014,643,90,90
msg,2,31,651,5487,645,90,90
msg,2,32,556,6233,624,90,90
msg,2,33,552,7449,628,90,90
msg,2,34,572,29002,646,90,90
msg,2,35,551,4278,623,90,90
msg,2,36,656,3755,623,90,90
msg,2,37,560,4083,640,90,90
msg,2,38,570,4939,623,90,90
msg,2,39,576,5865,650,90,90
msg,2,40,553,4388,619,90,90
msg,2,41,549,5106,640,90,90
msg,2,42,573,3761,639,90,90
msg,2,43,581,3761,627,90,90
msg,2,44,574,3826,629,90,90
msg,2,45,553,3877,639,90,90
msg,2,46,564,6715,642,90,90
msg,2,47,572,24101,626,90,90
msg,2,48,580,4075,633,90,90
msg,2,49,564,4144,625,90,90
msg,2,50,573,3926,648,90,90
msg,2,51,558,3835,638,90,90
msg,2,52,569,4103,624,90,90
msg,2,53,548,5364,637,90,90
msg,2,54,573,3826,626,90,90
msg,2,55,551,3676,623,90,90
msg,2,56,557,3647,624,90,90
msg,2,57,562,3896,641,90,90
msg,2,58,571,4600,639,90,90
msg,2,59,575,4154,622,90,90
msg,2,60,555,4603,627,90,90
msg,2,61,559,3965,641,90,90
msg,2,62,556,22373,629,90,90
msg,2,63,558,4444,624,90,90
msg,2,64,557,4630,616,90,90
msg,2,65,555,3866,636,90,90
msg,2,66,555,4652,698,90,90
msg,2,67,563,6095,627,90,90
msg,2,68,572,3680,625,90,90
msg,2,69,573,3660,620,90,90
msg,2,70,570,4953,646,90,90
msg,2,71,557,3958,636,90,90
msg,2,72,576,3842,628,90,90
msg,2,73,575,6454,640,90,90
msg,2,74,566,4221,648,90,90
msg,2,75,562,26508,644,90,90
msg,2,76,557,5542,643,90,90
msg,2,77,561,5960,650,90,90
msg,2,78,577,4357,641,90,90
msg,2,79,563,5261,624,90,90
msg,2,80,573,4041,643,90,90
msg,2,81,558,4443,640,90,90
msg,2,82,549,3957,635,90,90
msg,2,83,572,3851,627,90,90
msg,2,84,591,3823,627,90,90
msg,2,85,549,4008,644,90,90
msg,2,86,568,3827,644,90,90
msg,2,87,584,3799,629,90,90
msg,2,88,555,3886,644,90,90
msg,2,89,559,4853,636,90,90
msg,2,90,569,32254,629,90,90
msg,2,91,554,5470,623,90,90
msg,2,92,549,5780,688,90,90
msg,2,93,554,5088,637,90,90
msg,2,94,577,4324,631,90,90
msg,2,95,580,3846,641,90,90
msg,2,96,586,3770,624,90,90
msg,2,97,573,4002,654,90,90
msg,2,98,552,4060,634,90,90
msg,2,99,568,3448,642,90,90
msg,2,100,572,3864,628,90,90
msg,2,101,572,3838,622,90,90
msg,2,102,558,4011,639,90,90
msg,2,103,579,25664,643,90,90
msg,2,104,576,4217,619,90,90
msg,2,105,550,4313,624,90,90
msg,2,106,575,4050,637,90,90
msg,2,107,550,5986,642,90,90
msg,2,108,582,4918,623,90,90
msg,2,109,552,4162,635,90,90
msg,2,110,575,5481,638,90,90
msg,2,111,573,3894,634,90,90
msg,2,112,583,4175,640,90,90
msg,2,113,550,4486,638,90,90
msg,2,114,548,3855,641,90,90
msg,2,115,577,3807,638,90,90
msg,2,116,573,4662,630,90,90
msg,2,117,576,28778,626,90,90
msg,2,118,582,5014,638,90,90
msg,2,119,549,4465,689,90,90
msg,2,120,552,5564,624,90,90
msg,2,121,556,6973,640,90,90
msg,2,122,582,3955,628,90,90
msg,2,123,577,3921,647,90,90
msg,2,124,547,3676,640,90,90
msg,2,125,550,5194,622,90,90
msg,2,126,581,4314,648,90,90
msg,2,127,571,3944,624,90,90
msg,2,128,579,3824,615,90,90
msg,2,129,559,5371,625,90,90
msg,2,130,585,30881,621,90,90
msg,2,131,544,4128,641,90,90
msg,2,132,580,5906,619,90,90
msg,2,133,554,3757,623,90,90
msg,2,134,554,4788,641,90,90
msg,2,135,555,3543,644,90,90
msg,2,136,553,5712,633,90,90
msg,2,137,557,5774,644,90,90
msg,2,138,570,5515,642,90,90
msg,2,139,575,4241,622,90,90
msg,2,140,556,3763,634,90,90
msg,2,141,556,6626,640,90,90
msg,2,142,558,25833,644,90,90
msg,2,143,568,3830,636,90,90
msg,2,144,573,3862,662,90,90
msg,2,145,554,3831,635,90,90
msg,2,146,554,4564,643,90,90
msg,2,147,551,4637,643,90,90
msg,2,148,559,5912,642,90,90
msg,2,149,576,4047,629,90,90
msg,2,150,550,3578,629,90,90
msg,2,151,580,3937,643,90,90
msg,2,152,552,4373,622,90,90
msg,2,153,556,3751,634,90,90
msg,2,154,550,3828,639,90,90
msg,2,155,553,6282,633,90,90
msg,2,156,552,32045,642,90,90
msg,2,157,578,3608,644,90,90
msg,2,158,580,3605,642,90,90
msg,2,159,589,4640,639,90,90
msg,2,160,579,3671,642,90,90
msg,2,161,574,7610,640,90,90
msg,2,162,582,4734,624,90,90
msg,2,163,566,3670,620,90,90
msg,2,164,562,3617,620,90,90
msg,2,165,550,3675,621,90,90
msg,2,166,560,4550,621,90,90
msg,2,167,554,3692,623,90,90
msg,2,168,556,4383,621,90,90
msg,2,169,569,24813,630,90,90
msg,2,170,553,3666,623,90,90
msg,2,171,564,3726,643,90,90
msg,2,172,564,4555,639,90,90
msg,2,173,552,3782,643,90,90
msg,2,174,547,4417,626,90,90
msg,2,175,561,4319,628,90,90
msg,2,176,575,9019,647,90,90
msg,2,177,550,5257,628,90,90
msg,2,178,562,3967,641,90,90
msg,2,179,553,3889,642,90,90
msg,2,180,566,3649,639,90,90
msg,2,181,576,3918,622,90,90
msg,2,182,552,26131,648,90,90
msg,2,183,560,5712,646,90,90
msg,2,184,571,3664,642,90,90
msg,2,185,577,3726,626,90,90
msg,2,186,574,3873,627,90,90
msg,2,187,559,3864,642,90,90
msg,2,188,648,4154,623,90,90
msg,2,189,553,4642,624,90,90
msg,2,190,554,4044,641,90,90
msg,2,191,575,4536,640,90,90
msg,2,192,570,6425,645,90,90
msg,2,193,548,3706,640,90,90
msg,2,194,552,3506,705,90,90
msg,2,195,564,3947,641,90,90
msg,2,196,571,35041,628,90,90
msg,2,197,560,4164,638,90,90
msg,2,198,582,3828,620,90,90
msg,2,199,572,3942,642,90,90
whole,2,21.237,1540.996,200
#stack 2412
#end
#block pipeline TLS lorawan11 up
#aead LoRaWAN-1.1 AES-128-CTR+2xCMAC (BearSSL (arduino-pico)), uplink, 51 B payload + 13 B overhead
#lib wolfSSL 5.9.4
iter,tcp_ms,tls_ms,mqtt_ms,total_ms,hs_tx_B,hs_rx_B,mqtt_tx_B,mqtt_rx_B,hs_writes,hs_reads,writes,reads,free_heap_B,hs_keygen_us,hs_derive_us,hs_verify_us,hs_sign_us,hs_keygen_n,hs_derive_n,hs_verify_n,hs_sign_n
msg,iter,idx,seal_us,rtt_us,open_us,tx_B,rx_B
whole,iter,first_ms,all_ms,msgs
#suite TLS13-AES256-GCM-SHA384
0,3.6110,4905.1680,77.9570,4986.7360,1391,3907,45,568,2,12,3,18,113868,66768.0,71400.0,4664195.0,0.0,2,2,2,0
msg,0,0,860,5868,842,112,112
msg,0,1,735,5980,822,112,112
msg,0,2,690,6071,846,112,112
msg,0,3,690,7242,846,112,112
msg,0,4,690,5716,842,112,112
msg,0,5,717,5691,848,112,112
msg,0,6,686,7783,841,112,112
msg,0,7,827,7182,843,112,112
msg,0,8,712,22752,821,112,112
msg,0,9,695,5360,951,112,112
msg,0,10,735,5404,850,112,112
msg,0,11,722,5827,847,112,112
msg,0,12,686,5484,840,112,112
msg,0,13,718,5434,947,112,112
msg,0,14,718,6552,821,112,112
msg,0,15,683,6998,853,112,112
msg,0,16,710,5753,846,112,112
msg,0,17,718,6306,840,112,112
msg,0,18,718,6632,846,112,112
msg,0,19,687,28152,843,112,112
msg,0,20,718,6571,838,112,112
msg,0,21,721,5340,841,112,112
msg,0,22,716,6960,823,112,112
msg,0,23,1317,5726,846,112,112
msg,0,24,713,5633,842,112,112
msg,0,25,721,7627,817,112,112
msg,0,26,688,6843,847,112,112
msg,0,27,830,5760,842,112,112
msg,0,28,725,25361,843,112,112
msg,0,29,714,5593,837,112,112
msg,0,30,718,5924,848,112,112
msg,0,31,709,5869,840,112,112
msg,0,32,718,5473,842,112,112
msg,0,33,718,5792,821,112,112
msg,0,34,687,5507,844,112,112
msg,0,35,893,5678,819,112,112
msg,0,36,693,5869,849,112,112
msg,0,37,718,6946,841,112,112
msg,0,38,720,6139,842,112,112
msg,0,39,710,23757,853,112,112
msg,0,40,721,5554,846,112,112
msg,0,41,694,5427,841,112,112
msg,0,42,706,5373,848,112,112
msg,0,43,716,5476,849,112,112
msg,0,44,723,6070,852,112,112
msg,0,45,712,5706,847,112,112
msg,0,46,724,5689,845,112,112
msg,0,47,716,5768,844,112,112
msg,0,48,714,7903,847,112,112
msg,0,49,695,5624,834,112,112
msg,0,50,717,32648,857,112,112
msg,0,51,716,5825,847,112,112
msg,0,52,832,5435,849,112,112
msg,0,53,715,5420,849,112,112
msg,0,54,693,5548,841,112,112
msg,0,55,717,5709,844,112,112
msg,0,56,731,5352,847,112,112
msg,0,57,685,5413,819,112,112
msg,0,58,826,5642,847,112,112
msg,0,59,727,5342,841,112,112
msg,0,60,721,34781,839,112,112
msg,0,61,713,5780,846,112,112
msg,0,62,688,5969,851,112,112
msg,0,63,708,5598,821,112,112
msg,0,64,735,5627,844,112,112
msg,0,65,713,7136,850,112,112
msg,0,66,716,7029,843,112,112
msg,0,67,837,5740,819,112,112
msg,0,68,685,7386,844,112,112
msg,0,69,684,6217,818,112,112
msg,0,70,687,22480,839,112,112
msg,0,71,716,5719,844,112,112
msg,0,72,694,5971,843,112,112
msg,0,73,723,5654,818,112,112
msg,0,74,689,7879,979,112,112
msg,0,75,691,5410,821,112,112
msg,0,76,689,5337,844,112,112
msg,0,77,680,6340,843,112,112
msg,0,78,713,7429,841,112,112
msg,0,79,718,10411,850,112,112
msg,0,80,719,23724,838,112,112
msg,0,81,719,5456,848,112,112
msg,0,82,711,5890,824,112,112
msg,0,83,683,5371,843,112,112
msg,0,84,719,5428,847,112,112
msg,0,85,730,5394,852,112,112
msg,0,86,708,7438,816,112,112
msg,0,87,676,6370,844,112,112
msg,0,88,712,5949,845,112,112
msg,0,89,684,5732,848,112,112
msg,0,90,730,6727,818,112,112
msg,0,91,683,26706,847,112,112
msg,0,92,710,5563,848,112,112
msg,0,93,683,5898,843,112,112
msg,0,94,716,6414,1002,112,112
msg,0,95,685,5750,845,112,112
msg,0,96,731,6298,845,112,112
msg,0,97,725,5806,820,112,112
msg,0,98,687,6267,842,112,112
msg,0,99,684,8002,849,112,112
msg,0,100,689,6997,851,112,112
msg,0,101,716,22502,828,112,112
msg,0,102,687,6160,852,112,112
msg,0,103,684,5527,847,112,112
msg,0,104,713,5477,841,112,112
msg,0,105,712,5440,848,112,112
msg,0,106,717,5706,843,112,112
msg,0,107,728,5649,848,112,112
msg,0,108,832,6821,843,112,112
msg,0,109,719,5425,846,112,112
msg,0,110,714,6329,857,112,112
msg,0,111,713,6901,838,112,112
msg,0,112,714,24120,842,112,112
msg,0,113,710,8237,839,112,112
msg,0,114,821,6994,840,112,112
msg,0,115,707,6240,839,112,112
msg,0,116,718,5380,844,112,112
msg,0,117,714,8006,839,112,112
msg,0,118,716,6203,843,112,112
msg,0,119,716,5525,849,112,112
msg,0,120,714,6478,848,112,112
msg,0,121,725,6923,847,112,112
msg,0,122,718,28183,846,112,112
msg,0,123,718,7264,857,112,112
msg,0,124,721,6187,848,112,112
msg,0,125,719,5354,841,112,112
msg,0,126,713,5853,838,112,112
msg,0,127,720,5825,823,112,112
msg,0,128,692,6640,839,112,112
msg,0,129,713,5367,850,112,112
msg,0,130,732,5659,841,112,112
msg,0,131,685,7614,845,112,112
msg,0,132,728,27272,844,112,112
msg,0,133,712,5453,849,112,112
msg,0,134,688,5657,837,112,112
msg,0,135,712,5467,854,112,112
msg,0,136,709,6983,839,112,112
msg,0,137,717,5396,846,112,112
msg,0,138,706,5477,846,112,112
msg,0,139,709,6544,823,112,112
msg,0,140,727,5384,840,112,112
msg,0,141,720,5997,841,112,112
msg,0,142,717,28308,844,112,112
msg,0,143,716,6193,843,112,112
msg,0,144,715,6335,839,112,112
msg,0,145,711,5699,847,112,112
msg,0,146,683,5385,821,112,112
msg,0,147,689,6813,849,112,112
msg,0,148,709,6850,842,112,112
msg,0,149,711,5323,844,112,112
msg,0,150,716,5454,848,112,112
msg,0,151,720,5474,850,112,112
msg,0,152,803,6237,821,112,112
msg,0,153,682,22629,841,112,112
msg,0,154,715,8061,839,112,112
msg,0,155,713,6292,835,112,112
msg,0,156,707,5739,845,112,112
msg,0,157,684,5848,941,112,112
msg,0,158,722,5449,850,112,112
msg,0,159,685,5634,838,112,112
msg,0,160,723,5369,834,112,112
msg,0,161,723,5713,846,112,112
msg,0,162,682,6174,849,112,112
msg,0,163,687,5855,846,112,112
msg,0,164,716,29432,851,112,112
msg,0,165,713,5802,843,112,112
msg,0,166,713,5397,849,112,112
msg,0,167,729,5477,854,112,112
msg,0,168,835,6443,836,112,112
msg,0,169,680,5383,839,112,112
msg,0,170,710,6536,850,112,112
msg,0,171,710,5792,840,112,112
msg,0,172,712,5445,838,112,112
msg,0,173,714,6255,838,112,112
msg,0,174,711,24144,838,112,112
msg,0,175,708,8679,848,112,112
msg,0,176,693,6197,842,112,112
msg,0,177,716,5356,818,112,112
msg,0,178,683,5391,820,112,112
msg,0,179,688,5764,847,112,112
msg,0,180,716,5447,851,112,112
msg,0,181,706,5399,841,112,112
msg,0,182,713,5350,849,112,112
msg,0,183,713,6312,844,112,112
msg,0,184,708,5610,845,112,112
msg,0,185,720,30863,845,112,112
msg,0,186,710,5375,855,112,112
msg,0,187,703,5332,849,112,112
msg,0,188,716,5640,844,112,112
msg,0,189,720,5438,846,112,112
msg,0,190,713,5335,847,112,112
msg,0,191,721,5425,856,112,112
msg,0,192,723,7238,840,112,112
msg,0,193,716,5982,846,112,112
msg,0,194,718,6252,847,112,112
msg,0,195,713,28153,980,112,112
msg,0,196,724,5768,838,112,112
msg,0,197,713,5402,842,112,112
msg,0,198,732,5421,848,112,112
msg,0,199,716,5804,837,112,112
whole,0,5003.288,6964.529,200
1,6.4460,4891.4910,81.8010,4979.7380,1391,3907,45,568,2,12,3,18,113868,66243.0,71468.0,4666494.0,0.0,2,2,2,0
msg,1,0,858,5921,847,112,112
msg,1,1,715,6246,843,112,112
msg,1,2,711,5307,837,112,112
msg,1,3,727,5466,847,112,112
msg,1,4,711,5124,850,112,112
msg,1,5,709,6403,850,112,112
msg,1,6,717,5816,840,112,112
msg,1,7,721,8252,842,112,112
msg,1,8,714,28499,847,112,112
msg,1,9,719,6219,847,112,112
msg,1,10,718,5395,852,112,112
msg,1,11,684,5843,961,112,112
msg,1,12,713,5687,838,112,112
msg,1,13,683,5418,831,112,112
msg,1,14,709,5420,852,112,112
msg,1,15,713,5701,987,112,112
msg,1,16,682,5415,846,112,112
msg,1,17,716,6968,820,112,112
msg,1,18,686,6352,847,112,112
msg,1,19,743,22936,820,112,112
msg,1,20,687,7993,845,112,112
msg,1,21,716,7587,845,112,112
msg,1,22,711,5704,850,112,112
msg,1,23,718,5754,848,112,112
msg,1,24,709,6261,841,112,112
msg,1,25,709,5541,851,112,112
msg,1,26,730,6751,842,112,112
msg,1,27,687,5601,846,112,112
msg,1,28,717,11048,837,112,112
msg,1,29,719,23101,847,112,112
msg,1,30,716,8454,846,112,112
msg,1,31,716,5733,949,112,112
msg,1,32,690,5998,848,112,112
msg,1,33,698,5756,842,112,112
msg,1,34,719,6083,836,112,112
msg,1,35,712,5382,847,112,112
msg,1,36,712,5873,836,112,112
msg,1,37,686,6471,840,112,112
msg,1,38,724,9749,845,112,112
msg,1,39,686,27114,852,112,112
msg,1,40,721,5874,845,112,112
msg,1,41,714,6681,848,112,112
msg,1,42,688,6578,836,112,112
msg,1,43,710,5375,844,112,112
msg,1,44,836,6907,839,112,112
msg,1,45,717,5563,852,112,112
msg,1,46,713,5514,845,112,112
msg,1,47,688,7653,844,112,112
msg,1,48,717,23758,844,112,112
msg,1,49,692,6802,844,112,112
msg,1,50,718,5553,850,112,112
msg,1,51,690,5731,838,112,112
msg,1,52,720,5829,818,112,112
msg,1,53,682,5390,816,112,112
msg,1,54,686,5563,848,112,112
msg,1,55,713,5364,848,112,112
msg,1,56,721,5386,848,112,112
msg,1,57,838,5393,814,112,112
msg,1,58,684,7714,841,112,112
msg,1,59,713,32798,824,112,112
msg,1,60,686,6411,843,112,112
msg,1,61,720,5400,844,112,112
msg,1,62,714,7234,850,112,112
msg,1,63,713,5878,841,112,112
msg,1,64,718,5391,840,112,112
msg,1,65,712,5424,850,112,112
msg,1,66,716,5847,841,112,112
msg,1,67,718,5388,844,112,112
msg,1,68,720,41039,842,112,112
msg,1,69,710,7197,843,112,112
msg,1,70,714,5495,845,112,112
msg,1,71,718,6112,836,112,112
msg,1,72,731,6385,847,112,112
msg,1,73,707,8040,841,112,112
msg,1,74,712,7007,846,112,112
msg,1,75,717,5522,849,112,112
msg,1,76,711,5667,821,112,112
msg,1,77,704,6941,847,112,112
msg,1,78,695,31450,820,112,112
msg,1,79,688,7443,837,112,112
msg,1,80,707,5523,847,112,112
msg,1,81,715,5391,854,112,112
msg,1,82,718,5992,845,112,112
msg,1,83,719,6884,843,112,112
msg,1,84,713,5780,845,112,112
msg,1,85,715,5798,842,112,112
msg,1,86,718,6523,846,112,112
msg,1,87,716,23972,845,112,112
msg,1,88,727,6570,844,112,112
msg,1,89,702,5599,951,112,112
msg,1,90,718,5863,817,112,112
msg,1,91,687,5377,836,112,112
msg,1,92,684,5762,850,112,112
msg,1,93,720,7463,839,112,112
msg,1,94,692,5418,820,112,112
msg,1,95,828,5405,837,112,112
msg,1,96,708,6287,845,112,112
msg,1,97,708,8404,845,112,112
msg,1,98,716,24205,1386,112,112
msg,1,99,733,5593,846,112,112
msg,1,100,719,11053,957,112,112
msg,1,101,723,6220,850,112,112
msg,1,102,713,9510,852,112,112
msg,1,103,709,7082,850,112,112
msg,1,104,684,5949,851,112,112
msg,1,105,715,6221,846,112,112
msg,1,106,719,5727,834,112,112
msg,1,107,693,32525,838,112,112
msg,1,108,715,5865,818,112,112
msg,1,109,684,6497,956,112,112
msg,1,110,717,9118,840,112,112
msg,1,111,714,5699,845,112,112
msg,1,112,692,5734,836,112,112
msg,1,113,714,6188,974,112,112
msg,1,114,714,6291,844,112,112
msg,1,115,718,5971,842,112,112
msg,1,116,710,46995,842,112,112
msg,1,117,732,6761,847,112,112
msg,1,118,718,5695,845,112,112
msg,1,119,711,5362,839,112,112
msg,1,120,718,6712,852,112,112
msg,1,121,685,5565,836,112,112
msg,1,122,877,8080,838,112,112
msg,1,123,721,57436,847,112,112
msg,1,124,716,7444,855,112,112
msg,1,125,719,5573,833,112,112
msg,1,126,698,5905,843,112,112
msg,1,127,725,5628,990,112,112
msg,1,128,720,5442,846,112,112
msg,1,129,717,6936,836,112,112
msg,1,130,712,34170,839,112,112
msg,1,131,715,5686,968,112,112
msg,1,132,690,5929,847,112,112
msg,1,133,718,7246,844,112,112
msg,1,134,722,5895,842,112,112
msg,1,135,712,6761,846,112,112
msg,1,136,692,6926,846,112,112
msg,1,137,713,5502,845,112,112
msg,1,138,702,5898,852,112,112
msg,1,139,716,6132,843,112,112
msg,1,140,714,27344,845,112,112
msg,1,141,713,8337,846,112,112
msg,1,142,722,5546,821,112,112
msg,1,143,686,5597,837,112,112
msg,1,144,711,5500,856,112,112
msg,1,145,715,5365,849,112,112
msg,1,146,685,5768,845,112,112
msg,1,147,712,5950,845,112,112
msg,1,148,722,5463,839,112,112
msg,1,149,714,5402,851,112,112
msg,1,150,716,30450,844,112,112
msg,1,151,686,7412,821,112,112
msg,1,152,703,6097,843,112,112
msg,1,153,692,5647,951,112,112
msg,1,154,715,5857,822,112,112
msg,1,155,682,6291,843,112,112
msg,1,156,685,5539,843,112,112
msg,1,157,724,8043,840,112,112
msg,1,158,712,6305,842,112,112
msg,1,159,714,6176,842,112,112
msg,1,160,715,31434,853,112,112
msg,1,161,715,5480,845,112,112
msg,1,162,685,5421,812,112,112
msg,1,163,685,5893,844,112,112
msg,1,164,730,6597,821,112,112
msg,1,165,689,5952,839,112,112
msg,1,166,716,5598,840,112,112
msg,1,167,712,5672,847,112,112
msg,1,168,705,6306,844,112,112
msg,1,169,711,6678,850,112,112
msg,1,170,718,28299,843,112,112
msg,1,171,721,6275,847,112,112
msg,1,172,719,6386,844,112,112
msg,1,173,829,6939,851,112,112
msg,1,174,720,6678,850,112,112
msg,1,175,688,5394,822,112,112
msg,1,176,688,5666,849,112,112
msg,1,177,711,5441,846,112,112
msg,1,178,721,6755,838,112,112
msg,1,179,716,6143,849,112,112
msg,1,180,709,31498,847,112,112
msg,1,181,713,7201,845,112,112
msg,1,182,713,5401,847,112,112
msg,1,183,715,5819,836,112,112
msg,1,184,709,5811,1013,112,112
msg,1,185,688,5484,842,112,112
msg,1,186,716,5431,847,112,112
msg,1,187,721,5788,819,112,112
msg,1,188,680,5393,841,112,112
msg,1,189,714,5860,851,112,112
msg,1,190,1295,26361,854,112,112
msg,1,191,727,6929,843,112,112
msg,1,192,718,6034,841,112,112
msg,1,193,715,5625,851,112,112
msg,1,194,724,5643,821,112,112
msg,1,195,678,6350,841,112,112
msg,1,196,711,5336,841,112,112
msg,1,197,715,5695,853,112,112
msg,1,198,702,5582,841,112,112
msg,1,199,714,8529,850,112,112
whole,1,4994.309,7100.885,200
2,6.4060,4921.1600,98.3420,5025.9080,1391,3907,45,568,2,12,3,18,113868,66749.0,70074.0,4662662.0,0.0,2,2,2,0
msg,2,0,852,6202,843,112,112
msg,2,1,720,7083,822,112,112
msg,2,2,690,5753,842,112,112
msg,2,3,711,5639,822,112,112
msg,2,4,688,8553,844,112,112
msg,2,5,730,5888,820,112,112
msg,2,6,690,7341,821,112,112
msg,2,7,688,23518,841,112,112
msg,2,8,714,8324,853,112,112
msg,2,9,719,5976,839,112,112
msg,2,10,715,6210,843,112,112
msg,2,11,708,5647,850,112,112
msg,2,12,717,5788,836,112,112
msg,2,13,713,6993,820,112,112
msg,2,14,687,6835,850,112,112
msg,2,15,830,5769,840,112,112
msg,2,16,716,5494,848,112,112
msg,2,17,723,5827,843,112,112
msg,2,18,712,28785,847,112,112
msg,2,19,715,5870,997,112,112
msg,2,20,718,5535,819,112,112
msg,2,21,685,6478,847,112,112
msg,2,22,712,5404,841,112,112
msg,2,23,714,5409,850,112,112
msg,2,24,711,5312,850,112,112
msg,2,25,721,7271,845,112,112
msg,2,26,722,7771,845,112,112
msg,2,27,715,8083,845,112,112
msg,2,28,718,21995,822,112,112
msg,2,29,687,5821,842,112,112
msg,2,30,714,5740,821,112,112
msg,2,31,690,6282,835,112,112
msg,2,32,684,5355,954,112,112
msg,2,33,718,5405,852,112,112
msg,2,34,721,6403,848,112,112
msg,2,35,722,6360,840,112,112
msg,2,36,685,6072,850,112,112
msg,2,37,714,5631,934,112,112
msg,2,38,721,5487,850,112,112
msg,2,39,714,28480,847,112,112
msg,2,40,722,5685,843,112,112
msg,2,41,724,5476,853,112,112
msg,2,42,712,5413,843,112,112
msg,2,43,825,5691,841,112,112
msg,2,44,722,5327,849,112,112
msg,2,45,715,5514,845,112,112
msg,2,46,714,6136,853,112,112
msg,2,47,719,6483,821,112,112
msg,2,48,692,5821,851,112,112
msg,2,49,728,28131,839,112,112
msg,2,50,715,5482,847,112,112
msg,2,51,723,5326,844,112,112
msg,2,52,689,6303,822,112,112
msg,2,53,686,5409,837,112,112
msg,2,54,679,5380,840,112,112
msg,2,55,713,5395,848,112,112
msg,2,56,834,6865,839,112,112
msg,2,57,715,5500,851,112,112
msg,2,58,715,5673,824,112,112
msg,2,59,683,31460,840,112,112
msg,2,60,719,6374,839,112,112
msg,2,61,718,5741,849,112,112
msg,2,62,684,5978,847,112,112
msg,2,63,832,5807,846,112,112
msg,2,64,722,5381,851,112,112
msg,2,65,711,5850,842,112,112
msg,2,66,716,5964,843,112,112
msg,2,67,688,6448,844,112,112
msg,2,68,683,7219,839,112,112
msg,2,69,694,30922,848,112,112
msg,2,70,707,8079,850,112,112
msg,2,71,687,7987,849,112,112
msg,2,72,830,5421,817,112,112
msg,2,73,684,5329,817,112,112
msg,2,74,687,5710,843,112,112
msg,2,75,716,5776,819,112,112
msg,2,76,683,5777,850,112,112
msg,2,77,713,5447,845,112,112
msg,2,78,689,5751,843,112,112
msg,2,79,715,23197,845,112,112
msg,2,80,713,6487,849,112,112
msg,2,81,724,6110,842,112,112
msg,2,82,713,6422,841,112,112
msg,2,83,716,5924,854,112,112
msg,2,84,718,7618,846,112,112
msg,2,85,796,5863,842,112,112
msg,2,86,707,6236,844,112,112
msg,2,87,709,5963,821,112,112
msg,2,88,696,5757,845,112,112
msg,2,89,714,6981,844,112,112
msg,2,90,728,27285,851,112,112
msg,2,91,711,7779,819,112,112
msg,2,92,689,7108,845,112,112
msg,2,93,681,5755,841,112,112
msg,2,94,716,5787,817,112,112
msg,2,95,690,5489,845,112,112
msg,2,96,725,6381,839,112,112
msg,2,97,712,6463,838,112,112
msg,2,98,725,5800,840,112,112
msg,2,99,712,6095,834,112,112
msg,2,100,685,26948,848,112,112
msg,2,101,709,6299,849,112,112
msg,2,102,684,6375,825,112,112
msg,2,103,689,6988,846,112,112
msg,2,104,692,6158,846,112,112
msg,2,105,713,6455,819,112,112
msg,2,106,683,7312,950,112,112
msg,2,107,715,5581,846,112,112
msg,2,108,708,5494,845,112,112
msg,2,109,682,7491,819,112,112
msg,2,110,689,27312,848,112,112
msg,2,111,709,5556,836,112,112
msg,2,112,728,5362,849,112,112
msg,2,113,719,5437,851,112,112
msg,2,114,692,5481,838,112,112
msg,2,115,722,5296,842,112,112
msg,2,116,713,5359,837,112,112
msg,2,117,720,5407,854,112,112
msg,2,118,717,7620,818,112,112
msg,2,119,702,9611,839,112,112
msg,2,120,717,31792,822,112,112
msg,2,121,701,5685,838,112,112
msg,2,122,708,6479,851,112,112
msg,2,123,713,5734,842,112,112
msg,2,124,713,5377,836,112,112
msg,2,125,716,5359,854,112,112
msg,2,126,715,6900,842,112,112
msg,2,127,714,5882,849,112,112
msg,2,128,682,5903,963,112,112
msg,2,129,727,7229,852,112,112
msg,2,130,726,23940,846,112,112
msg,2,131,721,6732,821,112,112
msg,2,132,685,5640,846,112,112
msg,2,133,712,5581,1406,112,112
msg,2,134,721,5872,822,112,112
msg,2,135,697,5769,853,112,112
msg,2,136,731,5708,824,112,112
msg,2,137,692,5654,841,112,112
msg,2,138,708,5664,849,112,112
msg,2,139,685,5637,842,112,112
msg,2,140,719,26045,843,112,112
msg,2,141,716,5422,846,112,112
msg,2,142,838,6244,849,112,112
msg,2,143,716,6402,849,112,112
msg,2,144,727,7311,847,112,112
msg,2,145,691,5989,844,112,112
msg,2,146,716,5808,953,112,112
msg,2,147,717,6798,851,112,112
msg,2,148,687,5359,819,112,112
msg,2,149,685,5414,842,112,112
msg,2,150,707,7183,846,112,112
msg,2,151,884,30758,849,112,112
msg,2,152,682,6324,819,112,112
msg,2,153,687,6460,842,112,112
msg,2,154,710,6755,848,112,112
msg,2,155,721,186151,848,112,112
msg,2,156,716,5468,821,112,112
msg,2,157,691,5806,850,112,112
msg,2,158,712,5873,837,112,112
msg,2,159,718,5837,847,112,112
msg,2,160,822,6260,820,112,112
msg,2,161,685,6028,846,112,112
msg,2,162,706,6077,847,112,112
msg,2,163,715,5714,1002,112,112
msg,2,164,717,27335,841,112,112
msg,2,165,718,8736,831,112,112
msg,2,166,689,9505,839,112,112
msg,2,167,713,5427,853,112,112
msg,2,168,829,5320,852,112,112
msg,2,169,711,6946,847,112,112
msg,2,170,714,6433,846,112,112
msg,2,171,712,6411,845,112,112
msg,2,172,685,9323,821,112,112
msg,2,173,695,23841,848,112,112
msg,2,174,712,6883,843,112,112
msg,2,175,717,5368,836,112,112
msg,2,176,721,5510,848,112,112
msg,2,177,717,5753,835,112,112
msg,2,178,717,5867,850,112,112
msg,2,179,684,5648,840,112,112
msg,2,180,729,6220,841,112,112
msg,2,181,717,6145,840,112,112
msg,2,182,712,6198,839,112,112
msg,2,183,714,5836,848,112,112
msg,2,184,682,24728,846,112,112
msg,2,185,709,7523,850,112,112
msg,2,186,712,6714,842,112,112
msg,2,187,706,7154,844,112,112
msg,2,188,819,5386,838,112,112
msg,2,189,714,6929,839,112,112
msg,2,190,709,8443,837,112,112
msg,2,191,708,6608,846,112,112
msg,2,192,714,5770,839,112,112
msg,2,193,717,30421,850,112,112
msg,2,194,715,5816,843,112,112
msg,2,195,722,5329,841,112,112
msg,2,196,718,5475,843,112,112
msg,2,197,712,5360,851,112,112
msg,2,198,723,5297,848,112,112
msg,2,199,723,5783,844,112,112
whole,2,5041.321,7214.729,200
#heap 22487
#stack 13616
#end
#block pipeline TLS lorawan11 down
#aead LoRaWAN-1.1 AES-128-CTR+2xCMAC (BearSSL (arduino-pico)), downlink, 51 B payload + 13 B overhead
#lib wolfSSL 5.9.4
iter,tcp_ms,tls_ms,mqtt_ms,total_ms,hs_tx_B,hs_rx_B,mqtt_tx_B,mqtt_rx_B,hs_writes,hs_reads,writes,reads,free_heap_B,hs_keygen_us,hs_derive_us,hs_verify_us,hs_sign_us,hs_keygen_n,hs_derive_n,hs_verify_n,hs_sign_n
msg,iter,idx,seal_us,rtt_us,open_us,tx_B,rx_B
whole,iter,first_ms,all_ms,msgs
#suite TLS13-AES256-GCM-SHA384
0,5.5670,4885.2030,18.6620,4909.4320,1391,3907,45,568,2,12,3,18,113868,66100.0,70083.0,4663360.0,0.0,2,2,2,0
msg,0,0,603,7295,586,112,112
msg,0,1,457,6308,560,112,112
msg,0,2,426,9133,585,112,112
msg,0,3,421,5704,589,112,112
msg,0,4,425,5961,587,112,112
msg,0,5,458,6899,562,112,112
msg,0,6,458,29087,560,112,112
msg,0,7,424,7415,560,112,112
msg,0,8,461,7633,582,112,112
msg,0,9,472,6010,558,112,112
msg,0,10,425,5672,562,112,112
msg,0,11,456,5951,558,112,112
msg,0,12,426,5626,561,112,112
msg,0,13,420,6792,558,112,112
msg,0,14,426,5760,560,112,112
msg,0,15,426,6860,559,112,112
msg,0,16,427,7568,556,112,112
msg,0,17,453,31040,561,112,112
msg,0,18,431,5574,559,112,112
msg,0,19,421,6561,552,112,112
msg,0,20,457,5645,589,112,112
msg,0,21,451,5999,556,112,112
msg,0,22,427,6130,591,112,112
msg,0,23,543,6844,584,112,112
msg,0,24,449,5737,591,112,112
msg,0,25,447,5542,584,112,112
msg,0,26,428,10660,580,112,112
msg,0,27,431,25630,683,112,112
msg,0,28,434,6559,559,112,112
msg,0,29,431,5617,557,112,112
msg,0,30,456,5834,558,112,112
msg,0,31,1022,11612,590,112,112
msg,0,32,421,6275,679,112,112
msg,0,33,427,7135,587,112,112
msg,0,34,428,6803,582,112,112
msg,0,35,418,5815,591,112,112
msg,0,36,446,6826,589,112,112
msg,0,37,452,31304,559,112,112
msg,0,38,429,5660,559,112,112
msg,0,39,426,5807,561,112,112
msg,0,40,433,6620,556,112,112
msg,0,41,421,6128,590,112,112
msg,0,42,423,6404,558,112,112
msg,0,43,425,5720,560,112,112
msg,0,44,429,5863,562,112,112
msg,0,45,428,5522,557,112,112
msg,0,46,452,5533,580,112,112
msg,0,47,457,25785,585,112,112
msg,0,48,579,5541,590,112,112
msg,0,49,476,6622,590,112,112
msg,0,50,450,7495,588,112,112
msg,0,51,426,7953,596,112,112
msg,0,52,455,5513,595,112,112
msg,0,53,426,7290,562,112,112
msg,0,54,449,5949,556,112,112
msg,0,55,428,6894,561,112,112
msg,0,56,422,6232,589,112,112
msg,0,57,453,8290,710,112,112
msg,0,58,426,26149,589,112,112
msg,0,59,459,7718,589,112,112
msg,0,60,456,6225,593,112,112
msg,0,61,427,5527,556,112,112
msg,0,62,421,6852,560,112,112
msg,0,63,540,7287,588,112,112
msg,0,64,453,6331,581,112,112
msg,0,65,423,6226,556,112,112
msg,0,66,456,5875,558,112,112
msg,0,67,437,5912,558,112,112
msg,0,68,435,28384,589,112,112
msg,0,69,460,5801,555,112,112
msg,0,70,460,18934,563,112,112
msg,0,71,424,6290,589,112,112
msg,0,72,449,6598,589,112,112
msg,0,73,420,5922,581,112,112
msg,0,74,457,5410,581,112,112
msg,0,75,420,5537,559,112,112
msg,0,76,424,9420,588,112,112
msg,0,77,458,29437,587,112,112
msg,0,78,423,6428,559,112,112
msg,0,79,443,6732,558,112,112
msg,0,80,423,5696,557,112,112
msg,0,81,420,6751,560,112,112
msg,0,82,442,5789,583,112,112
msg,0,83,421,5833,588,112,112
msg,0,84,426,6441,559,112,112
msg,0,85,428,6414,588,112,112
msg,0,86,468,7384,584,112,112
msg,0,87,421,6184,588,112,112
msg,0,88,456,25599,591,112,112
msg,0,89,447,6427,588,112,112
msg,0,90,429,5521,559,112,112
msg,0,91,433,6035,590,112,112
msg,0,92,433,5517,557,112,112
msg,0,93,432,6911,588,112,112
msg,0,94,427,7263,561,112,112
msg,0,95,458,6123,559,112,112
msg,0,96,539,6036,591,112,112
msg,0,97,451,6900,583,112,112
msg,0,98,451,5845,560,112,112
msg,0,99,458,22993,560,112,112
msg,0,100,426,5653,558,112,112
msg,0,101,425,5655,561,112,112
msg,0,102,468,5678,561,112,112
msg,0,103,455,6265,589,112,112
msg,0,104,419,6872,580,112,112
msg,0,105,425,7691,577,112,112
msg,0,106,419,5699,582,112,112
msg,0,107,420,6317,559,112,112
msg,0,108,456,5568,587,112,112
msg,0,109,451,9138,557,112,112
msg,0,110,420,24303,580,112,112
msg,0,111,457,5545,588,112,112
msg,0,112,418,5563,590,112,112
msg,0,113,427,5708,583,112,112
msg,0,114,421,6309,585,112,112
msg,0,115,472,5464,585,112,112
msg,0,116,458,5818,697,112,112
msg,0,117,461,5621,594,112,112
msg,0,118,457,11403,729,112,112
msg,0,119,426,5977,582,112,112
msg,0,120,469,6371,589,112,112
msg,0,121,426,26032,592,112,112
msg,0,122,464,7481,582,112,112
msg,0,123,424,7573,700,112,112
msg,0,124,430,5463,564,112,112
msg,0,125,427,7003,583,112,112
msg,0,126,423,6079,589,112,112
msg,0,127,452,5910,593,112,112
msg,0,128,456,8606,748,112,112
msg,0,129,451,7330,593,112,112
msg,0,130,435,31940,590,112,112
msg,0,131,454,6692,586,112,112
msg,0,132,456,6014,558,112,112
msg,0,133,452,6235,583,112,112
msg,0,134,422,6206,561,112,112
msg,0,135,458,5668,593,112,112
msg,0,136,450,6025,559,112,112
msg,0,137,430,5937,575,112,112
msg,0,138,434,8206,583,112,112
msg,0,139,456,52785,588,112,112
msg,0,140,565,5999,560,112,112
msg,0,141,431,5495,564,112,112
msg,0,142,458,6152,582,112,112
msg,0,143,423,5930,584,112,112
msg,0,144,426,5749,589,112,112
msg,0,145,618,6633,588,112,112
msg,0,146,416,6331,555,112,112
msg,0,147,419,12444,586,112,112
msg,0,148,468,23991,557,112,112
msg,0,149,421,6173,582,112,112
msg,0,150,419,5719,587,112,112
msg,0,151,422,5948,590,112,112
msg,0,152,460,5761,591,112,112
msg,0,153,453,5728,585,112,112
msg,0,154,460,5976,559,112,112
msg,0,155,452,5642,591,112,112
msg,0,156,463,5608,581,112,112
msg,0,157,460,5509,586,112,112
msg,0,158,428,5721,577,112,112
msg,0,159,418,29199,565,112,112
msg,0,160,451,6171,578,112,112
msg,0,161,428,5834,577,112,112
msg,0,162,431,5627,559,112,112
msg,0,163,431,7873,594,112,112
msg,0,164,533,6021,582,112,112
msg,0,165,457,7659,594,112,112
msg,0,166,456,7075,558,112,112
msg,0,167,434,6808,559,112,112
msg,0,168,428,7448,585,112,112
msg,0,169,461,34141,557,112,112
msg,0,170,428,6294,587,112,112
msg,0,171,464,5514,593,112,112
msg,0,172,418,5727,589,112,112
msg,0,173,416,7351,558,112,112
msg,0,174,426,5871,559,112,112
msg,0,175,424,6399,561,112,112
msg,0,176,450,6585,588,112,112
msg,0,177,461,6225,557,112,112
msg,0,178,433,5763,560,112,112
msg,0,179,427,24343,587,112,112
msg,0,180,457,5732,587,112,112
msg,0,181,454,6255,696,112,112
msg,0,182,425,9476,561,112,112
msg,0,183,422,6416,582,112,112
msg,0,184,459,8598,590,112,112
msg,0,185,454,9770,588,112,112
msg,0,186,456,7038,557,112,112
msg,0,187,420,5840,556,112,112
msg,0,188,419,5558,562,112,112
msg,0,189,467,33689,559,112,112
msg,0,190,470,5770,557,112,112
msg,0,191,453,5451,589,112,112
msg,0,192,455,5800,590,112,112
msg,0,193,460,7720,584,112,112
msg,0,194,461,6046,555,112,112
msg,0,195,428,6454,583,112,112
msg,0,196,471,7872,558,112,112
msg,0,197,459,7241,581,112,112
msg,0,198,423,7444,556,112,112
msg,0,199,420,33131,590,112,112
whole,0,4924.664,6949.475,200
1,5.6250,4897.6590,104.3000,5007.5840,1391,3907,45,568,2,12,3,18,113868,66321.0,70100.0,4669003.0,0.0,2,2,2,0
msg,1,0,600,5601,558,112,112
msg,1,1,459,5956,563,112,112
msg,1,2,427,6026,591,112,112
msg,1,3,424,6383,557,112,112
msg,1,4,439,8034,581,112,112
msg,1,5,434,5964,593,112,112
msg,1,6,417,6242,669,112,112
msg,1,7,420,6474,584,112,112
msg,1,8,455,5857,558,112,112
msg,1,9,465,26456,590,112,112
msg,1,10,452,5747,591,112,112
msg,1,11,461,5411,589,112,112
msg,1,12,428,7096,591,112,112
msg,1,13,455,5318,579,112,112
msg,1,14,426,5804,587,112,112
msg,1,15,426,6411,561,112,112
msg,1,16,430,5603,562,112,112
msg,1,17,456,5783,559,112,112
msg,1,18,454,8308,591,112,112
msg,1,19,426,6049,581,112,112
msg,1,20,463,20300,584,112,112
msg,1,21,529,6798,589,112,112
msg,1,22,422,6167,556,112,112
msg,1,23,457,5817,556,112,112
msg,1,24,457,7323,583,112,112
msg,1,25,431,7589,589,112,112
msg,1,26,540,6041,587,112,112
msg,1,27,455,7479,592,112,112
msg,1,28,428,5663,584,112,112
msg,1,29,422,6699,589,112,112
msg,1,30,436,8006,586,112,112
msg,1,31,452,30374,562,112,112
msg,1,32,427,5686,563,112,112
msg,1,33,431,5850,581,112,112
msg,1,34,427,6183,581,112,112
msg,1,35,454,7201,560,112,112
msg,1,36,434,6972,589,112,112
msg,1,37,427,6859,585,112,112
msg,1,38,424,5383,557,112,112
msg,1,39,436,6720,561,112,112
msg,1,40,431,32818,564,112,112
msg,1,41,424,5933,585,112,112
msg,1,42,435,5722,580,112,112
msg,1,43,416,9035,587,112,112
msg,1,44,457,7426,691,112,112
msg,1,45,438,5645,587,112,112
msg,1,46,418,5469,559,112,112
msg,1,47,427,6539,557,112,112
msg,1,48,462,6275,589,112,112
msg,1,49,427,7363,558,112,112
msg,1,50,424,29781,558,112,112
msg,1,51,429,6093,584,112,112
msg,1,52,427,7337,560,112,112
msg,1,53,428,7022,583,112,112
msg,1,54,423,5658,689,112,112
msg,1,55,426,5458,557,112,112
msg,1,56,451,7488,585,112,112
msg,1,57,459,5875,558,112,112
msg,1,58,463,5460,587,112,112
msg,1,59,420,6116,559,112,112
msg,1,60,455,8362,584,112,112
msg,1,61,424,26733,588,112,112
msg,1,62,423,5807,590,112,112
msg,1,63,458,5516,587,112,112
msg,1,64,422,5642,560,112,112
msg,1,65,420,5937,589,112,112
msg,1,66,421,5386,559,112,112
msg,1,67,423,5818,556,112,112
msg,1,68,430,7480,586,112,112
msg,1,69,462,5513,587,112,112
msg,1,70,455,5974,557,112,112
msg,1,71,460,7674,585,112,112
msg,1,72,451,32019,565,112,112
msg,1,73,432,5997,581,112,112
msg,1,74,422,5640,557,112,112
msg,1,75,424,5760,557,112,112
msg,1,76,428,5610,560,112,112
msg,1,77,427,7934,556,112,112
msg,1,78,423,8552,558,112,112
msg,1,79,992,8943,589,112,112
msg,1,80,456,9306,681,112,112
msg,1,81,425,25920,587,112,112
msg,1,82,455,6312,560,112,112
msg,1,83,425,6323,590,112,112
msg,1,84,454,5365,585,112,112
msg,1,85,425,5876,592,112,112
msg,1,86,423,5426,559,112,112
msg,1,87,426,5983,701,112,112
msg,1,88,425,5385,561,112,112
msg,1,89,426,5683,559,112,112
msg,1,90,430,5719,562,112,112
msg,1,91,431,5755,563,112,112
msg,1,92,423,28479,591,112,112
msg,1,93,465,6647,589,112,112
msg,1,94,457,5389,581,112,112
msg,1,95,430,5804,589,112,112
msg,1,96,543,5440,561,112,112
msg,1,97,432,7604,561,112,112
msg,1,98,426,6918,559,112,112
msg,1,99,430,7131,587,112,112
msg,1,100,456,5729,588,112,112
msg,1,101,443,5653,587,112,112
msg,1,102,418,8793,585,112,112
msg,1,103,418,26885,586,112,112
msg,1,104,453,6655,587,112,112
msg,1,105,449,6148,558,112,112
msg,1,106,432,9242,582,112,112
msg,1,107,415,7433,559,112,112
msg,1,108,440,6184,585,112,112
msg,1,109,445,6826,581,112,112
msg,1,110,456,6096,559,112,112
msg,1,111,430,6703,557,112,112
msg,1,112,455,6741,562,112,112
msg,1,113,460,27093,584,112,112
msg,1,114,421,10053,592,112,112
msg,1,115,457,5841,591,112,112
msg,1,116,458,5716,582,112,112
msg,1,117,454,5492,587,112,112
msg,1,118,420,8337,559,112,112
msg,1,119,423,5561,562,112,112
msg,1,120,454,5858,561,112,112
msg,1,121,452,5476,585,112,112
msg,1,122,454,9570,583,112,112
msg,1,123,425,22742,588,112,112
msg,1,124,420,6323,561,112,112
msg,1,125,424,5870,555,112,112
msg,1,126,427,6316,586,112,112
msg,1,127,452,6344,591,112,112
msg,1,128,417,6847,585,112,112
msg,1,129,432,6448,1084,112,112
msg,1,130,454,5956,561,112,112
msg,1,131,459,6585,589,112,112
msg,1,132,449,5787,583,112,112
msg,1,133,454,8839,556,112,112
msg,1,134,463,27025,558,112,112
msg,1,135,431,5688,560,112,112
msg,1,136,423,6046,590,112,112
msg,1,137,423,5567,558,112,112
msg,1,138,423,7682,700,112,112
msg,1,139,425,6217,579,112,112
msg,1,140,455,5508,586,112,112
msg,1,141,419,6121,559,112,112
msg,1,142,458,5496,583,112,112
msg,1,143,449,6022,555,112,112
msg,1,144,456,7658,591,112,112
msg,1,145,470,31798,560,112,112
msg,1,146,458,6055,560,112,112
msg,1,147,424,6197,587,112,112
msg,1,148,459,5823,701,112,112
msg,1,149,459,5408,586,112,112
msg,1,150,418,6470,556,112,112
msg,1,151,421,5679,561,112,112
msg,1,152,423,6069,584,112,112
msg,1,153,437,6116,587,112,112
msg,1,154,455,5562,588,112,112
msg,1,155,453,27310,557,112,112
msg,1,156,425,5934,588,112,112
msg,1,157,423,5687,584,112,112
msg,1,158,413,5543,560,112,112
msg,1,159,427,5784,558,112,112
msg,1,160,444,6119,584,112,112
msg,1,161,458,10587,583,112,112
msg,1,162,557,5528,580,112,112
msg,1,163,427,5813,581,112,112
msg,1,164,424,6878,586,112,112
msg,1,165,422,6829,590,112,112
msg,1,166,455,31761,589,112,112
msg,1,167,446,6200,556,112,112
msg,1,168,431,5953,584,112,112
msg,1,169,424,5629,559,112,112
msg,1,170,427,6140,584,112,112
msg,1,171,460,5639,586,112,112
msg,1,172,422,5494,557,112,112
msg,1,173,431,6269,583,112,112
msg,1,174,450,6750,577,112,112
msg,1,175,453,5883,555,112,112
msg,1,176,464,27702,557,112,112
msg,1,177,456,6846,559,112,112
msg,1,178,459,6669,562,112,112
msg,1,179,457,6984,561,112,112
msg,1,180,429,5583,561,112,112
msg,1,181,1000,5796,588,112,112
msg,1,182,431,6633,585,112,112
msg,1,183,420,8829,589,112,112
msg,1,184,421,6029,588,112,112
msg,1,185,462,40513,591,112,112
msg,1,186,422,7884,591,112,112
msg,1,187,458,7647,585,112,112
msg,1,188,456,6337,558,112,112
msg,1,189,436,6207,590,112,112
msg,1,190,449,7717,585,112,112
msg,1,191,455,8209,559,112,112
msg,1,192,420,6192,587,112,112
msg,1,193,427,5676,701,112,112
msg,1,194,455,7520,589,112,112
msg,1,195,427,20665,689,112,112
msg,1,196,425,6102,589,112,112
msg,1,197,452,5422,583,112,112
msg,1,198,428,5555,558,112,112
msg,1,199,430,5862,586,112,112
whole,1,5021.450,6975.897,200
2,4.5270,4888.3450,93.1020,4985.9740,1391,3907,45,568,2,12,3,18,113868,66201.0,70061.0,4667955.0,0.0,2,2,2,0
msg,2,0,599,5588,587,112,112
msg,2,1,421,5888,589,112,112
msg,2,2,450,5521,590,112,112
msg,2,3,421,5813,583,112,112
msg,2,4,423,6067,586,112,112
msg,2,5,459,7215,559,112,112
msg,2,6,428,5941,585,112,112
msg,2,7,426,6158,590,112,112
msg,2,8,455,7414,589,112,112
msg,2,9,421,24828,587,112,112
msg,2,10,426,5580,586,112,112
msg,2,11,434,5612,558,112,112
msg,2,12,440,5712,562,112,112
msg,2,13,430,5668,559,112,112
msg,2,14,433,6674,560,112,112
msg,2,15,422,6238,587,112,112
msg,2,16,424,5978,585,112,112
msg,2,17,455,5793,585,112,112
msg,2,18,449,5392,587,112,112
msg,2,19,419,12253,558,112,112
msg,2,20,464,26960,555,112,112
msg,2,21,432,6223,590,112,112
msg,2,22,453,5711,591,112,112
msg,2,23,449,6077,556,112,112
msg,2,24,462,6074,591,112,112
msg,2,25,423,5546,559,112,112
msg,2,26,427,5952,584,112,112
msg,2,27,428,5739,561,112,112
msg,2,28,444,5731,587,112,112
msg,2,29,419,5637,586,112,112
msg,2,30,423,37649,560,112,112
msg,2,31,434,6365,587,112,112
msg,2,32,456,5612,583,112,112
msg,2,33,457,5537,584,112,112
msg,2,34,425,5773,589,112,112
msg,2,35,427,5463,557,112,112
msg,2,36,424,7433,556,112,112
msg,2,37,460,7233,579,112,112
msg,2,38,435,6124,586,112,112
msg,2,39,454,5718,582,112,112
msg,2,40,567,29054,557,112,112
msg,2,41,432,6344,588,112,112
msg,2,42,465,5515,587,112,112
msg,2,43,428,5729,587,112,112
msg,2,44,426,7183,556,112,112
msg,2,45,580,6128,587,112,112
msg,2,46,425,7353,557,112,112
msg,2,47,427,6397,587,112,112
msg,2,48,453,5983,558,112,112
msg,2,49,458,5564,585,112,112
msg,2,50,457,32225,556,112,112
msg,2,51,432,11812,583,112,112
msg,2,52,422,7819,584,112,112
msg,2,53,426,7491,561,112,112
msg,2,54,430,6214,587,112,112
msg,2,55,415,6632,589,112,112
msg,2,56,420,6735,590,112,112
msg,2,57,421,5886,588,112,112
msg,2,58,419,6432,560,112,112
msg,2,59,444,7936,584,112,112
msg,2,60,419,21636,581,112,112
msg,2,61,439,7156,683,112,112
msg,2,62,460,6906,561,112,112
msg,2,63,430,5996,580,112,112
msg,2,64,424,6049,590,112,112
msg,2,65,422,6827,588,112,112
msg,2,66,452,7757,587,112,112
msg,2,67,460,6244,558,112,112
msg,2,68,426,5942,587,112,112
msg,2,69,424,6540,561,112,112
msg,2,70,424,7126,583,112,112
msg,2,71,419,25564,582,112,112
msg,2,72,419,7192,590,112,112
msg,2,73,456,6969,560,112,112
msg,2,74,460,6299,590,112,112
msg,2,75,426,7866,590,112,112
msg,2,76,453,9367,585,112,112
msg,2,77,417,7048,592,112,112
msg,2,78,456,5876,587,112,112
msg,2,79,459,6118,559,112,112
msg,2,80,427,6291,585,112,112
msg,2,81,448,22210,557,112,112
msg,2,82,420,5714,559,112,112
msg,2,83,430,5749,560,112,112
msg,2,84,435,6083,589,112,112
msg,2,85,423,9146,582,112,112
msg,2,86,471,5450,584,112,112
msg,2,87,451,7475,586,112,112
msg,2,88,432,6063,585,112,112
msg,2,89,449,5833,586,112,112
msg,2,90,457,7557,590,112,112
msg,2,91,447,7191,558,112,112
msg,2,92,434,25971,587,112,112
msg,2,93,418,7252,584,112,112
msg,2,94,464,8902,554,112,112
msg,2,95,463,6465,580,112,112
msg,2,96,465,7984,552,112,112
msg,2,97,610,7802,561,112,112
msg,2,98,426,5761,556,112,112
msg,2,99,427,5623,562,112,112
msg,2,100,442,8642,558,112,112
msg,2,101,455,6549,692,112,112
msg,2,102,459,25887,560,112,112
msg,2,103,425,6603,560,112,112
msg,2,104,456,8064,557,112,112
msg,2,105,417,5946,585,112,112
msg,2,106,425,5827,1143,112,112
msg,2,107,536,5649,562,112,112
msg,2,108,423,6868,562,112,112
msg,2,109,427,5559,554,112,112
msg,2,110,459,5472,590,112,112
msg,2,111,458,5428,592,112,112
msg,2,112,429,5954,588,112,112
msg,2,113,451,28166,560,112,112
msg,2,114,423,6667,560,112,112
msg,2,115,567,9003,587,112,112
msg,2,116,424,5765,585,112,112
msg,2,117,424,6409,556,112,112
msg,2,118,457,5657,560,112,112
msg,2,119,455,7828,560,112,112
msg,2,120,452,5459,583,112,112
msg,2,121,456,5928,558,112,112
msg,2,122,447,7232,584,112,112
msg,2,123,420,25662,558,112,112
msg,2,124,426,6423,560,112,112
msg,2,125,456,5824,557,112,112
msg,2,126,455,8292,585,112,112
msg,2,127,422,7015,589,112,112
msg,2,128,459,5835,562,112,112
msg,2,129,459,5790,563,112,112
msg,2,130,465,5576,583,112,112
msg,2,131,454,6975,558,112,112
msg,2,132,469,5390,581,112,112
msg,2,133,461,6230,558,112,112
msg,2,134,436,31171,580,112,112
msg,2,135,455,5962,585,112,112
msg,2,136,464,7323,588,112,112
msg,2,137,427,5937,585,112,112
msg,2,138,458,5688,585,112,112
msg,2,139,416,7416,562,112,112
msg,2,140,424,5725,559,112,112
msg,2,141,425,6558,560,112,112
msg,2,142,452,7804,558,112,112
msg,2,143,425,5776,559,112,112
msg,2,144,428,25237,581,112,112
msg,2,145,426,8012,584,112,112
msg,2,146,465,5663,584,112,112
msg,2,147,453,5852,557,112,112
msg,2,148,457,6868,557,112,112
msg,2,149,461,7078,581,112,112
msg,2,150,425,5807,583,112,112
msg,2,151,421,7550,560,112,112
msg,2,152,424,5880,557,112,112
msg,2,153,431,5939,586,112,112
msg,2,154,417,33635,684,112,112
msg,2,155,425,6572,560,112,112
msg,2,156,431,6977,580,112,112
msg,2,157,422,5948,589,112,112
msg,2,158,458,6793,585,112,112
msg,2,159,453,5658,591,112,112
msg,2,160,456,5610,591,112,112
msg,2,161,422,6796,591,112,112
msg,2,162,452,6517,584,112,112
msg,2,163,431,5445,561,112,112
msg,2,164,427,23974,558,112,112
msg,2,165,433,6597,559,112,112
msg,2,166,429,7408,585,112,112
msg,2,167,461,5688,585,112,112
msg,2,168,458,6239,562,112,112
msg,2,169,427,5576,559,112,112
msg,2,170,443,5474,584,112,112
msg,2,171,463,5549,589,112,112
msg,2,172,453,5472,582,112,112
msg,2,173,425,5944,589,112,112
msg,2,174,425,5528,581,112,112
msg,2,175,420,5679,562,112,112
msg,2,176,420,22602,561,112,112
msg,2,177,423,5896,558,112,112
msg,2,178,425,5976,590,112,112
msg,2,179,428,5894,591,112,112
msg,2,180,452,5638,587,112,112
msg,2,181,419,5895,581,112,112
msg,2,182,450,6039,560,112,112
msg,2,183,448,5474,582,112,112
msg,2,184,466,5619,587,112,112
msg,2,185,455,6208,560,112,112
msg,2,186,424,8036,592,112,112
msg,2,187,423,6651,583,112,112
msg,2,188,420,30746,585,112,112
msg,2,189,426,7750,586,112,112
msg,2,190,591,6832,585,112,112
msg,2,191,431,7837,593,112,112
msg,2,192,453,8253,556,112,112
msg,2,193,423,6779,557,112,112
msg,2,194,422,5678,559,112,112
msg,2,195,427,5726,562,112,112
msg,2,196,430,6341,586,112,112
msg,2,197,453,29174,560,112,112
msg,2,198,429,5930,563,112,112
msg,2,199,579,7414,564,112,112
whole,2,5001.022,6946.708,200
#heap 22487
#stack 13632
#end
#block pipeline TLS lorawan11_256 up
#aead AES-256-CTR+2xCMAC (LoRaWAN 1.1 frame, 256-bit keys) (BearSSL (arduino-pico)), uplink, 51 B payload + 13 B overhead
#lib wolfSSL 5.9.4
iter,tcp_ms,tls_ms,mqtt_ms,total_ms,hs_tx_B,hs_rx_B,mqtt_tx_B,mqtt_rx_B,hs_writes,hs_reads,writes,reads,free_heap_B,hs_keygen_us,hs_derive_us,hs_verify_us,hs_sign_us,hs_keygen_n,hs_derive_n,hs_verify_n,hs_sign_n
msg,iter,idx,seal_us,rtt_us,open_us,tx_B,rx_B
whole,iter,first_ms,all_ms,msgs
#suite TLS13-AES256-GCM-SHA384
0,5.5080,4918.5170,93.2920,5017.3170,1391,3907,45,568,2,12,3,18,113868,66098.0,70076.0,4675696.0,0.0,2,2,2,0
msg,0,0,1080,5561,1080,112,112
msg,0,1,951,5579,1229,112,112
msg,0,2,948,6092,1073,112,112
msg,0,3,944,7394,1078,112,112
msg,0,4,951,6803,1090,112,112
msg,0,5,953,5938,1062,112,112
msg,0,6,944,5529,1074,112,112
msg,0,7,953,27552,1077,112,112
msg,0,8,928,5857,1075,112,112
msg,0,9,942,5727,1077,112,112
msg,0,10,940,6126,1065,112,112
msg,0,11,955,6888,1069,112,112
msg,0,12,943,5593,1068,112,112
msg,0,13,936,6688,1068,112,112
msg,0,14,951,6533,1079,112,112
msg,0,15,944,6679,1076,112,112
msg,0,16,942,9123,1077,112,112
msg,0,17,949,25405,1075,112,112
msg,0,18,949,5396,1073,112,112
msg,0,19,947,5419,1077,112,112
msg,0,20,949,6456,1094,112,112
msg,0,21,952,6489,1080,112,112
msg,0,22,916,6135,1064,112,112
msg,0,23,940,7511,1077,112,112
msg,0,24,938,5534,1074,112,112
msg,0,25,1069,7624,1077,112,112
msg,0,26,956,31961,1073,112,112
msg,0,27,947,5979,1068,112,112
msg,0,28,943,5698,1220,112,112
msg,0,29,953,5468,1090,112,112
msg,0,30,944,6848,1063,112,112
msg,0,31,942,5786,1062,112,112
msg,0,32,953,6665,1095,112,112
msg,0,33,946,6453,1078,112,112
msg,0,34,921,6266,1064,112,112
msg,0,35,949,35486,1088,112,112
msg,0,36,959,5436,1084,112,112
msg,0,37,947,6852,1079,112,112
msg,0,38,940,6943,1094,112,112
msg,0,39,946,5614,1081,112,112
msg,0,40,945,7346,1073,112,112
msg,0,41,950,7587,1072,112,112
msg,0,42,957,8069,1081,112,112
msg,0,43,946,27491,1076,112,112
msg,0,44,950,6320,1091,112,112
msg,0,45,946,5861,1068,112,112
msg,0,46,964,5582,1072,112,112
msg,0,47,942,5399,1075,112,112
msg,0,48,915,6478,1072,112,112
msg,0,49,941,6519,1069,112,112
msg,0,50,942,5891,1070,112,112
msg,0,51,945,5942,1074,112,112
msg,0,52,947,5353,1062,112,112
msg,0,53,948,22093,1073,112,112
msg,0,54,939,6517,1070,112,112
msg,0,55,946,7611,1219,112,112
msg,0,56,951,5411,1079,112,112
msg,0,57,948,5983,1062,112,112
msg,0,58,949,5521,1078,112,112
msg,0,59,946,7990,1066,112,112
msg,0,60,942,7311,1080,112,112
msg,0,61,917,5755,1541,112,112
msg,0,62,957,8319,1080,112,112
msg,0,63,947,27613,1074,112,112
msg,0,64,944,5642,1223,112,112
msg,0,65,914,5568,1068,112,112
msg,0,66,988,7435,1071,112,112
msg,0,67,1069,5429,1068,112,112
msg,0,68,947,5596,1066,112,112
msg,0,69,949,6101,1080,112,112
msg,0,70,951,5422,1063,112,112
msg,0,71,947,7215,1190,112,112
msg,0,72,949,27431,1177,112,112
msg,0,73,921,5395,1069,112,112
msg,0,74,943,5418,1089,112,112
msg,0,75,944,8796,1065,112,112
msg,0,76,944,5866,1070,112,112
msg,0,77,943,5471,1074,112,112
msg,0,78,939,5812,1208,112,112
msg,0,79,952,5973,1073,112,112
msg,0,80,945,5344,1079,112,112
msg,0,81,942,5369,1073,112,112
msg,0,82,945,21820,1071,112,112
msg,0,83,950,5811,1081,112,112
msg,0,84,946,5585,1072,112,112
msg,0,85,945,5441,1064,112,112
msg,0,86,943,5954,1070,112,112
msg,0,87,1060,6801,1076,112,112
msg,0,88,949,7425,1063,112,112
msg,0,89,945,6068,1068,112,112
msg,0,90,950,5463,1065,112,112
msg,0,91,938,6174,1078,112,112
msg,0,92,943,5926,1085,112,112
msg,0,93,952,29869,1091,112,112
msg,0,94,947,5392,1074,112,112
msg,0,95,945,6575,1181,112,112
msg,0,96,943,7282,1058,112,112
msg,0,97,941,6479,1075,112,112
msg,0,98,1048,5530,1078,112,112
msg,0,99,915,5491,1073,112,112
msg,0,100,948,5507,1070,112,112
msg,0,101,943,8392,1076,112,112
msg,0,102,948,25159,1212,112,112
msg,0,103,956,6979,1073,112,112
msg,0,104,944,5850,1079,112,112
msg,0,105,911,5762,1081,112,112
msg,0,106,944,6446,1074,112,112
msg,0,107,945,6463,1067,112,112
msg,0,108,944,6667,1065,112,112
msg,0,109,944,5641,1091,112,112
msg,0,110,946,6652,1077,112,112
msg,0,111,954,24713,1078,112,112
msg,0,112,942,5811,1090,112,112
msg,0,113,944,6735,1092,112,112
msg,0,114,942,5590,1069,112,112
msg,0,115,956,5408,1073,112,112
msg,0,116,947,7035,1084,112,112
msg,0,117,949,5507,1078,112,112
msg,0,118,956,5888,1077,112,112
msg,0,119,913,6121,1070,112,112
msg,0,120,950,6181,1067,112,112
msg,0,121,951,5421,1066,112,112
msg,0,122,1058,19188,1229,112,112
msg,0,123,958,16245,1069,112,112
msg,0,124,1058,5478,1069,112,112
msg,0,125,951,7013,1074,112,112
msg,0,126,948,5918,1076,112,112
msg,0,127,943,5691,1072,112,112
msg,0,128,951,5387,1182,112,112
msg,0,129,947,5694,1068,112,112
msg,0,130,953,5538,1063,112,112
msg,0,131,942,21845,1217,112,112
msg,0,132,1493,5817,1079,112,112
msg,0,133,949,6313,1066,112,112
msg,0,134,941,5870,1078,112,112
msg,0,135,950,5519,1071,112,112
msg,0,136,946,6619,1188,112,112
msg,0,137,944,5460,1062,112,112
msg,0,138,949,7126,1066,112,112
msg,0,139,949,5780,1062,112,112
msg,0,140,944,5886,1069,112,112
msg,0,141,958,29947,1079,112,112
msg,0,142,939,6055,1066,112,112
msg,0,143,944,5574,1077,112,112
msg,0,144,945,6049,1072,112,112
msg,0,145,944,8093,1077,112,112
msg,0,146,939,5370,1068,112,112
msg,0,147,943,5384,1069,112,112
msg,0,148,941,5581,1078,112,112
msg,0,149,955,5453,1074,112,112
msg,0,150,943,7479,1064,112,112
msg,0,151,946,26132,1072,112,112
msg,0,152,946,5915,1181,112,112
msg,0,153,920,5689,1080,112,112
msg,0,154,948,6571,1067,112,112
msg,0,155,947,7254,1090,112,112
msg,0,156,945,5670,1080,112,112
msg,0,157,940,5392,1076,112,112
msg,0,158,937,7348,1064,112,112
msg,0,159,941,7042,1066,112,112
msg,0,160,943,28561,1069,112,112
msg,0,161,943,7129,1067,112,112
msg,0,162,943,5418,1073,112,112
msg,0,163,949,5638,1069,112,112
msg,0,164,935,5548,1079,112,112
msg,0,165,945,5335,1075,112,112
msg,0,166,948,6951,1080,112,112
msg,0,167,914,5686,1223,112,112
msg,0,168,941,5775,1075,112,112
msg,0,169,946,8673,1189,112,112
msg,0,170,936,30723,1073,112,112
msg,0,171,943,5843,1091,112,112
msg,0,172,956,5659,1079,112,112
msg,0,173,953,5439,1080,112,112
msg,0,174,945,6222,1068,112,112
msg,0,175,943,5364,1077,112,112
msg,0,176,915,5578,1066,112,112
msg,0,177,941,5346,1063,112,112
msg,0,178,943,5754,1058,112,112
msg,0,179,947,25755,1066,112,112
msg,0,180,957,6324,1075,112,112
msg,0,181,915,7913,1081,112,112
msg,0,182,949,6822,1204,112,112
msg,0,183,942,5356,1077,112,112
msg,0,184,958,5309,1067,112,112
msg,0,185,944,5806,1067,112,112
msg,0,186,948,5291,1083,112,112
msg,0,187,939,7219,1069,112,112
msg,0,188,937,5545,1061,112,112
msg,0,189,945,28930,1064,112,112
msg,0,190,942,8123,1083,112,112
msg,0,191,943,5957,1078,112,112
msg,0,192,956,5501,1079,112,112
msg,0,193,955,6612,1068,112,112
msg,0,194,954,5873,1076,112,112
msg,0,195,943,6977,1079,112,112
msg,0,196,956,6024,1063,112,112
msg,0,197,945,6032,1069,112,112
msg,0,198,947,24451,1060,112,112
msg,0,199,958,5837,1068,112,112
whole,0,5031.804,7165.509,200
1,4.4250,4901.1710,14.2540,4919.8500,1391,3907,45,568,2,12,3,18,113868,66419.0,70179.0,4662905.0,0.0,2,2,2,0
msg,1,0,1091,5610,1078,112,112
msg,1,1,942,6123,1075,112,112
msg,1,2,953,6000,1072,112,112
msg,1,3,957,6298,1074,112,112
msg,1,4,912,7216,1073,112,112
msg,1,5,945,5929,1068,112,112
msg,1,6,940,23353,1083,112,112
msg,1,7,953,5524,1075,112,112
msg,1,8,913,5497,1072,112,112
msg,1,9,945,5451,1071,112,112
msg,1,10,946,5347,1078,112,112
msg,1,11,948,5517,1183,112,112
msg,1,12,948,6077,1099,112,112
msg,1,13,940,5811,1065,112,112
msg,1,14,945,5568,1079,112,112
msg,1,15,944,7227,1073,112,112
msg,1,16,947,7811,1071,112,112
msg,1,17,944,19685,1073,112,112
msg,1,18,1049,5488,1069,112,112
msg,1,19,961,6156,1074,112,112
msg,1,20,945,5928,1076,112,112
msg,1,21,948,5406,1067,112,112
msg,1,22,956,5372,1071,112,112
msg,1,23,1054,5755,1065,112,112
msg,1,24,947,5943,1074,112,112
msg,1,25,953,5559,1067,112,112
msg,1,26,946,5649,1067,112,112
msg,1,27,947,5660,1070,112,112
msg,1,28,1060,20202,1079,112,112
msg,1,29,956,6054,1070,112,112
msg,1,30,947,6225,1072,112,112
msg,1,31,1055,5426,1069,112,112
msg,1,32,956,5403,1077,112,112
msg,1,33,951,5509,1080,112,112
msg,1,34,948,5526,1072,112,112
msg,1,35,944,5861,1074,112,112
msg,1,36,1106,5931,1072,112,112
msg,1,37,945,5666,1078,112,112
msg,1,38,946,29495,1069,112,112
msg,1,39,941,5734,1081,112,112
msg,1,40,944,5848,1084,112,112
msg,1,41,959,5834,1075,112,112
msg,1,42,958,5748,1077,112,112
msg,1,43,954,8542,1084,112,112
msg,1,44,913,5670,1084,112,112
msg,1,45,944,5643,1074,112,112
msg,1,46,944,5568,1069,112,112
msg,1,47,947,8229,1080,112,112
msg,1,48,936,39505,1078,112,112
msg,1,49,945,5852,1072,112,112
msg,1,50,915,8809,1081,112,112
msg,1,51,915,7581,1073,112,112
msg,1,52,948,5807,1082,112,112
msg,1,53,946,5905,1079,112,112
msg,1,54,938,7213,1181,112,112
msg,1,55,941,27538,1063,112,112
msg,1,56,945,5973,1066,112,112
msg,1,57,940,5388,1089,112,112
msg,1,58,946,7353,1076,112,112
msg,1,59,945,5919,1081,112,112
msg,1,60,944,5401,1067,112,112
msg,1,61,1074,5499,1226,112,112
msg,1,62,951,6762,1067,112,112
msg,1,63,944,7398,1061,112,112
msg,1,64,1055,31799,1069,112,112
msg,1,65,947,6409,1071,112,112
msg,1,66,941,6440,1072,112,112
msg,1,67,948,5865,1082,112,112
msg,1,68,914,6130,1068,112,112
msg,1,69,953,5964,1066,112,112
msg,1,70,943,5544,1068,112,112
msg,1,71,948,6578,1075,112,112
msg,1,72,942,5428,1084,112,112
msg,1,73,934,7832,1083,112,112
msg,1,74,946,26168,1074,112,112
msg,1,75,948,8062,1076,112,112
msg,1,76,946,5379,1065,112,112
msg,1,77,937,5538,1091,112,112
msg,1,78,948,5396,1072,112,112
msg,1,79,949,5703,1241,112,112
msg,1,80,953,7847,1076,112,112
msg,1,81,939,6131,1066,112,112
msg,1,82,950,5750,1062,112,112
msg,1,83,940,5741,1067,112,112
msg,1,84,949,19451,1075,112,112
msg,1,85,942,5401,1164,112,112
msg,1,86,943,5460,1069,112,112
msg,1,87,946,5768,1071,112,112
msg,1,88,945,5909,1069,112,112
msg,1,89,939,5538,1068,112,112
msg,1,90,948,6814,1069,112,112
msg,1,91,952,8597,1064,112,112
msg,1,92,949,6955,1071,112,112
msg,1,93,1377,48033,1063,112,112
msg,1,94,949,6388,1082,112,112
msg,1,95,938,5508,1075,112,112
msg,1,96,956,5391,1230,112,112
msg,1,97,947,5442,1065,112,112
msg,1,98,942,6021,1070,112,112
msg,1,99,952,6089,1079,112,112
msg,1,100,942,8841,1081,112,112
msg,1,101,949,32549,1080,112,112
msg,1,102,943,5502,1068,112,112
msg,1,103,941,5370,1088,112,112
msg,1,104,955,6481,1076,112,112
msg,1,105,924,5524,1068,112,112
msg,1,106,952,7281,1093,112,112
msg,1,107,948,5542,1204,112,112
msg,1,108,960,6509,1072,112,112
msg,1,109,921,9908,1069,112,112
msg,1,110,959,25624,1075,112,112
msg,1,111,925,5515,1075,112,112
msg,1,112,946,5390,1066,112,112
msg,1,113,949,5833,1068,112,112
msg,1,114,1106,5841,1064,112,112
msg,1,115,951,7067,1080,112,112
msg,1,116,942,5634,1080,112,112
msg,1,117,911,5582,1067,112,112
msg,1,118,957,10000,1082,112,112
msg,1,119,926,31515,1068,112,112
msg,1,120,955,5991,1187,112,112
msg,1,121,952,5581,1078,112,112
msg,1,122,915,5738,1079,112,112
msg,1,123,916,6114,1073,112,112
msg,1,124,942,7261,1078,112,112
msg,1,125,944,5606,1075,112,112
msg,1,126,1062,5602,1076,112,112
msg,1,127,951,5805,1067,112,112
msg,1,128,947,34136,1081,112,112
msg,1,129,959,5747,1077,112,112
msg,1,130,1054,5564,1079,112,112
msg,1,131,938,5719,1076,112,112
msg,1,132,1115,6758,1089,112,112
msg,1,133,948,5736,1088,112,112
msg,1,134,941,5387,1075,112,112
msg,1,135,946,5553,1075,112,112
msg,1,136,945,6034,1191,112,112
msg,1,137,950,5654,1074,112,112
msg,1,138,942,22792,1081,112,112
msg,1,139,939,6351,1066,112,112
msg,1,140,944,6052,1073,112,112
msg,1,141,917,6114,1065,112,112
msg,1,142,948,6253,1075,112,112
msg,1,143,953,5612,1068,112,112
msg,1,144,940,5427,1070,112,112
msg,1,145,950,5882,1067,112,112
msg,1,146,945,5458,1095,112,112
msg,1,147,948,5550,1075,112,112
msg,1,148,946,26204,1065,112,112
msg,1,149,956,6085,1071,112,112
msg,1,150,950,5352,1070,112,112
msg,1,151,950,6142,1072,112,112
msg,1,152,1118,5710,1079,112,112
msg,1,153,914,5635,1076,112,112
msg,1,154,950,5380,1071,112,112
msg,1,155,947,5394,1079,112,112
msg,1,156,943,6310,1070,112,112
msg,1,157,1063,5471,1074,112,112
msg,1,158,942,29300,1080,112,112
msg,1,159,948,5809,1075,112,112
msg,1,160,944,7035,1071,112,112
msg,1,161,958,5815,1068,112,112
msg,1,162,946,5992,1071,112,112
msg,1,163,953,5736,1186,112,112
msg,1,164,948,5532,1071,112,112
msg,1,165,950,5509,1066,112,112
msg,1,166,948,5790,1065,112,112
msg,1,167,947,8903,1069,112,112
msg,1,168,944,32744,1068,112,112
msg,1,169,948,5743,1073,112,112
msg,1,170,955,5627,1059,112,112
msg,1,171,950,5627,1066,112,112
msg,1,172,941,5817,1068,112,112
msg,1,173,1058,5484,1096,112,112
msg,1,174,939,5436,1075,112,112
msg,1,175,926,5425,1070,112,112
msg,1,176,952,5454,1062,112,112
msg,1,177,939,27869,1173,112,112
msg,1,178,941,8021,1080,112,112
msg,1,179,945,5509,1074,112,112
msg,1,180,942,5537,1063,112,112
msg,1,181,947,5567,1079,112,112
msg,1,182,949,6142,1068,112,112
msg,1,183,960,5554,1065,112,112
msg,1,184,944,5470,1068,112,112
msg,1,185,947,6052,1064,112,112
msg,1,186,952,8120,1187,112,112
msg,1,187,950,32024,1080,112,112
msg,1,188,947,7367,1074,112,112
msg,1,189,950,5351,1067,112,112
msg,1,190,938,5487,1075,112,112
msg,1,191,962,6252,1072,112,112
msg,1,192,956,5697,1070,112,112
msg,1,193,955,5459,1066,112,112
msg,1,194,943,5410,1081,112,112
msg,1,195,1481,8307,1100,112,112
msg,1,196,944,28040,1075,112,112
msg,1,197,967,8215,1080,112,112
msg,1,198,950,5707,1077,112,112
msg,1,199,945,5484,1078,112,112
whole,1,4934.125,7087.567,200
2,5.4280,4889.7940,84.3440,4979.5660,1391,3907,45,568,2,12,3,18,113868,66347.0,71413.0,4666857.0,0.0,2,2,2,0
msg,2,0,1094,5588,1079,112,112
msg,2,1,1062,5250,1067,112,112
msg,2,2,943,5537,1077,112,112
msg,2,3,943,5975,1066,112,112
msg,2,4,953,5512,1083,112,112
msg,2,5,946,8023,1071,112,112
msg,2,6,950,6242,1074,112,112
msg,2,7,921,9226,1062,112,112
msg,2,8,953,26080,1072,112,112
msg,2,9,947,5962,1073,112,112
msg,2,10,943,5716,1083,112,112
msg,2,11,943,5442,1073,112,112
msg,2,12,946,5864,1068,112,112
msg,2,13,947,6554,1067,112,112
msg,2,14,946,5929,1068,112,112
msg,2,15,1063,5626,1072,112,112
msg,2,16,947,5340,1088,112,112
msg,2,17,940,7282,1076,112,112
msg,2,18,947,30752,1074,112,112
msg,2,19,950,5364,1067,112,112
msg,2,20,953,5961,1069,112,112
msg,2,21,942,5503,1063,112,112
msg,2,22,941,6978,1071,112,112
msg,2,23,949,5556,1069,112,112
msg,2,24,951,5425,1078,112,112
msg,2,25,1053,5379,1075,112,112
msg,2,26,944,5387,1069,112,112
msg,2,27,942,18438,1071,112,112
msg,2,28,955,14351,1075,112,112
msg,2,29,1067,6383,1071,112,112
msg,2,30,946,5406,1076,112,112
msg,2,31,954,5571,1080,112,112
msg,2,32,952,6158,1066,112,112
msg,2,33,945,5746,1071,112,112
msg,2,34,963,10797,1068,112,112
msg,2,35,939,6218,1073,112,112
msg,2,36,945,6673,1080,112,112
msg,2,37,943,25486,1072,112,112
msg,2,38,945,5697,1070,112,112
msg,2,39,944,5791,1065,112,112
msg,2,40,943,5790,1079,112,112
msg,2,41,948,5976,1074,112,112
msg,2,42,940,6337,1077,112,112
msg,2,43,950,6438,1068,112,112
msg,2,44,945,6797,1070,112,112
msg,2,45,959,6878,1071,112,112
msg,2,46,948,23370,1098,112,112
msg,2,47,943,5431,1079,112,112
msg,2,48,1042,8046,1067,112,112
msg,2,49,949,5996,1064,112,112
msg,2,50,940,5811,1070,112,112
msg,2,51,949,6914,1076,112,112
msg,2,52,941,6027,1078,112,112
msg,2,53,940,5943,1063,112,112
msg,2,54,956,5518,1077,112,112
msg,2,55,946,5906,1095,112,112
msg,2,56,1060,27919,1073,112,112
msg,2,57,949,11988,1077,112,112
msg,2,58,943,5340,1183,112,112
msg,2,59,944,5826,1067,112,112
msg,2,60,943,7980,1075,112,112
msg,2,61,1059,5439,1072,112,112
msg,2,62,950,5626,1070,112,112
msg,2,63,944,9627,1068,112,112
msg,2,64,947,32772,1070,112,112
msg,2,65,937,6108,1074,112,112
msg,2,66,942,6096,1074,112,112
msg,2,67,946,5724,1076,112,112
msg,2,68,964,5587,1078,112,112
msg,2,69,941,5403,1064,112,112
msg,2,70,956,5922,1074,112,112
msg,2,71,942,6916,1079,112,112
msg,2,72,941,63425,1073,112,112
msg,2,73,942,7104,1080,112,112
msg,2,74,939,6383,1073,112,112
msg,2,75,947,5432,1063,112,112
msg,2,76,946,6992,1188,112,112
msg,2,77,957,7505,1069,112,112
msg,2,78,948,6483,1088,112,112
msg,2,79,1108,23035,1075,112,112
msg,2,80,943,5808,1069,112,112
msg,2,81,946,5340,1175,112,112
msg,2,82,946,5451,1073,112,112
msg,2,83,948,5877,1066,112,112
msg,2,84,1513,5508,1071,112,112
msg,2,85,948,6041,1071,112,112
msg,2,86,949,5439,1066,112,112
msg,2,87,946,7495,1061,112,112
msg,2,88,939,5816,1064,112,112
msg,2,89,946,29483,1077,112,112
msg,2,90,945,7137,1065,112,112
msg,2,91,1065,6222,1083,112,112
msg,2,92,941,6710,1082,112,112
msg,2,93,943,5365,1071,112,112
msg,2,94,951,5362,1063,112,112
msg,2,95,941,5805,1169,112,112
msg,2,96,949,6012,1069,112,112
msg,2,97,946,5393,1063,112,112
msg,2,98,944,7898,1074,112,112
msg,2,99,944,26594,1067,112,112
msg,2,100,951,6826,1067,112,112
msg,2,101,947,5485,1074,112,112
msg,2,102,941,5615,1191,112,112
msg,2,103,936,6750,1083,112,112
msg,2,104,948,5956,1064,112,112
msg,2,105,937,5925,1070,112,112
msg,2,106,951,5370,1077,112,112
msg,2,107,948,5488,1084,112,112
msg,2,108,943,5888,1081,112,112
msg,2,109,946,28593,1083,112,112
msg,2,110,922,5518,1072,112,112
msg,2,111,941,5379,1068,112,112
msg,2,112,946,5313,1077,112,112
msg,2,113,948,5897,1079,112,112
msg,2,114,941,6296,1074,112,112
msg,2,115,951,6146,1085,112,112
msg,2,116,941,7688,1071,112,112
msg,2,117,1110,5710,1079,112,112
msg,2,118,945,22424,1074,112,112
msg,2,119,944,5543,1069,112,112
msg,2,120,1059,5544,1070,112,112
msg,2,121,946,6209,1063,112,112
msg,2,122,910,5817,1084,112,112
msg,2,123,946,5304,1072,112,112
msg,2,124,947,5512,1066,112,112
msg,2,125,1062,5617,1060,112,112
msg,2,126,945,5524,1076,112,112
msg,2,127,945,5458,1080,112,112
msg,2,128,942,7975,1079,112,112
msg,2,129,940,27028,1057,112,112
msg,2,130,942,5443,1071,112,112
msg,2,131,912,7404,1066,112,112
msg,2,132,952,7870,1072,112,112
msg,2,133,940,8837,1079,112,112
msg,2,134,958,7648,1078,112,112
msg,2,135,948,5806,1078,112,112
msg,2,136,1111,5932,1078,112,112
msg,2,137,944,30160,1166,112,112
msg,2,138,951,5579,1071,112,112
msg,2,139,949,5341,1081,112,112
msg,2,140,943,5501,1078,112,112
msg,2,141,950,5391,1065,112,112
msg,2,142,946,5385,1074,112,112
msg,2,143,949,5347,1072,112,112
msg,2,144,946,6732,1069,112,112
msg,2,145,954,7676,1070,112,112
msg,2,146,950,5380,1068,112,112
msg,2,147,946,28053,1065,112,112
msg,2,148,950,5484,1063,112,112
msg,2,149,952,5355,1076,112,112
msg,2,150,1033,5942,1092,112,112
msg,2,151,944,5352,1072,112,112
msg,2,152,938,5426,1063,112,112
msg,2,153,955,6666,1068,112,112
msg,2,154,940,5508,1088,112,112
msg,2,155,967,7452,1084,112,112
msg,2,156,954,5599,1074,112,112
msg,2,157,915,29019,1087,112,112
msg,2,158,958,6397,1073,112,112
msg,2,159,943,5333,1063,112,112
msg,2,160,941,5349,1076,112,112
msg,2,161,942,5366,1065,112,112
msg,2,162,947,5839,1179,112,112
msg,2,163,948,5382,1067,112,112
msg,2,164,939,5354,1076,112,112
msg,2,165,942,5870,1090,112,112
msg,2,166,941,8940,1070,112,112
msg,2,167,948,30795,1065,112,112
msg,2,168,947,5938,1071,112,112
msg,2,169,940,6089,1077,112,112
msg,2,170,946,5419,1178,112,112
msg,2,171,941,5541,1063,112,112
msg,2,172,942,5849,1071,112,112
msg,2,173,946,5335,1091,112,112
msg,2,174,946,6897,1069,112,112
msg,2,175,942,10239,1083,112,112
msg,2,176,942,30758,1088,112,112
msg,2,177,921,5731,1083,112,112
msg,2,178,941,5357,1073,112,112
msg,2,179,948,5360,1080,112,112
msg,2,180,944,5348,1071,112,112
msg,2,181,944,5322,1175,112,112
msg,2,182,950,5454,1075,112,112
msg,2,183,946,7115,1075,112,112
msg,2,184,949,5427,1094,112,112
msg,2,185,951,24935,1061,112,112
msg,2,186,947,5808,1068,112,112
msg,2,187,943,5527,1099,112,112
msg,2,188,939,5684,1086,112,112
msg,2,189,947,5347,1182,112,112
msg,2,190,953,5828,1082,112,112
msg,2,191,950,5557,1078,112,112
msg,2,192,951,5330,1066,112,112
msg,2,193,950,5738,1068,112,112
msg,2,194,946,5338,1191,112,112
msg,2,195,944,27786,1080,112,112
msg,2,196,946,5653,1077,112,112
msg,2,197,949,6144,1071,112,112
msg,2,198,948,5390,1078,112,112
msg,2,199,947,5379,1077,112,112
whole,2,4993.843,7156.254,200
#heap 22487
#stack 13608
#end
#block pipeline TLS lorawan11_256 down
#aead AES-256-CTR+2xCMAC (LoRaWAN 1.1 frame, 256-bit keys) (BearSSL (arduino-pico)), downlink, 51 B payload + 13 B overhead
#lib wolfSSL 5.9.4
iter,tcp_ms,tls_ms,mqtt_ms,total_ms,hs_tx_B,hs_rx_B,mqtt_tx_B,mqtt_rx_B,hs_writes,hs_reads,writes,reads,free_heap_B,hs_keygen_us,hs_derive_us,hs_verify_us,hs_sign_us,hs_keygen_n,hs_derive_n,hs_verify_n,hs_sign_n
msg,iter,idx,seal_us,rtt_us,open_us,tx_B,rx_B
whole,iter,first_ms,all_ms,msgs
#suite TLS13-AES256-GCM-SHA384
0,5.4410,4889.3550,75.8710,4970.6670,1391,3907,45,568,2,12,3,18,113868,66183.0,70562.0,4663306.0,0.0,2,2,2,0
msg,0,0,705,6699,841,112,112
msg,0,1,589,6614,725,112,112
msg,0,2,584,5619,696,112,112
msg,0,3,564,5326,720,112,112
msg,0,4,585,5322,719,112,112
msg,0,5,591,6615,726,112,112
msg,0,6,587,5356,720,112,112
msg,0,7,589,6278,719,112,112
msg,0,8,590,36428,710,112,112
msg,0,9,584,7444,718,112,112
msg,0,10,583,5568,717,112,112
msg,0,11,586,5816,692,112,112
msg,0,12,562,5616,696,112,112
msg,0,13,558,7065,836,112,112
msg,0,14,590,5398,725,112,112
msg,0,15,588,7138,712,112,112
msg,0,16,587,5389,714,112,112
msg,0,17,571,8014,718,112,112
msg,0,18,590,27365,722,112,112
msg,0,19,590,6325,726,112,112
msg,0,20,706,6873,694,112,112
msg,0,21,560,7740,716,112,112
msg,0,22,585,6074,693,112,112
msg,0,23,561,5832,713,112,112
msg,0,24,555,5634,723,112,112
msg,0,25,704,6393,721,112,112
msg,0,26,595,5912,689,112,112
msg,0,27,561,5826,718,112,112
msg,0,28,557,26053,826,112,112
msg,0,29,554,6368,716,112,112
msg,0,30,585,7394,721,112,112
msg,0,31,594,5945,713,112,112
msg,0,32,556,7160,694,112,112
msg,0,33,597,5435,836,112,112
msg,0,34,579,7244,721,112,112
msg,0,35,588,6253,720,112,112
msg,0,36,599,5411,714,112,112
msg,0,37,588,5541,723,112,112
msg,0,38,593,6594,717,112,112
msg,0,39,699,27672,693,112,112
msg,0,40,556,5419,688,112,112
msg,0,41,558,6737,715,112,112
msg,0,42,562,5746,719,112,112
msg,0,43,589,5850,722,112,112
msg,0,44,587,8781,694,112,112
msg,0,45,561,5604,717,112,112
msg,0,46,557,5510,716,112,112
msg,0,47,559,5329,697,112,112
msg,0,48,561,5521,694,112,112
msg,0,49,566,26967,726,112,112
msg,0,50,588,6342,722,112,112
msg,0,51,588,6849,697,112,112
msg,0,52,587,5537,694,112,112
msg,0,53,580,6171,718,112,112
msg,0,54,594,6203,721,112,112
msg,0,55,585,6085,714,112,112
msg,0,56,565,6904,839,112,112
msg,0,57,587,5843,694,112,112
msg,0,58,560,7603,707,112,112
msg,0,59,556,33494,719,112,112
msg,0,60,561,6060,721,112,112
msg,0,61,577,6895,716,112,112
msg,0,62,583,5462,720,112,112
msg,0,63,592,5633,725,112,112
msg,0,64,590,5859,695,112,112
msg,0,65,559,5523,696,112,112
msg,0,66,561,5956,717,112,112
msg,0,67,597,9054,695,112,112
msg,0,68,555,9741,721,112,112
msg,0,69,556,27606,716,112,112
msg,0,70,588,6915,719,112,112
msg,0,71,586,5927,717,112,112
msg,0,72,579,5572,714,112,112
msg,0,73,591,5417,714,112,112
msg,0,74,559,5887,719,112,112
msg,0,75,589,9802,691,112,112
msg,0,76,560,5446,692,112,112
msg,0,77,566,6783,720,112,112
msg,0,78,601,7333,719,112,112
msg,0,79,564,20225,692,112,112
msg,0,80,564,5321,719,112,112
msg,0,81,591,5351,728,112,112
msg,0,82,591,5563,726,112,112
msg,0,83,592,5661,693,112,112
msg,0,84,557,6263,720,112,112
msg,0,85,591,5439,717,112,112
msg,0,86,587,6916,715,112,112
msg,0,87,552,7782,718,112,112
msg,0,88,592,5387,715,112,112
msg,0,89,596,5392,718,112,112
msg,0,90,591,23567,720,112,112
msg,0,91,596,6160,715,112,112
msg,0,92,562,5818,718,112,112
msg,0,93,592,5294,716,112,112
msg,0,94,583,5358,721,112,112
msg,0,95,559,5556,723,112,112
msg,0,96,599,5299,709,112,112
msg,0,97,557,5608,849,112,112
msg,0,98,594,7710,724,112,112
msg,0,99,588,6399,717,112,112
msg,0,100,588,5382,725,112,112
msg,0,101,593,36103,709,112,112
msg,0,102,560,5719,718,112,112
msg,0,103,593,5751,842,112,112
msg,0,104,588,5372,718,112,112
msg,0,105,596,5412,721,112,112
msg,0,106,586,5534,722,112,112
msg,0,107,589,5525,721,112,112
msg,0,108,595,6204,724,112,112
msg,0,109,579,6416,709,112,112
msg,0,110,584,5471,721,112,112
msg,0,111,582,6496,726,112,112
msg,0,112,587,25401,720,112,112
msg,0,113,597,6685,720,112,112
msg,0,114,591,6400,725,112,112
msg,0,115,705,5950,717,112,112
msg,0,116,560,5871,723,112,112
msg,0,117,581,5420,724,112,112
msg,0,118,591,5574,720,112,112
msg,0,119,592,7807,701,112,112
msg,0,120,559,5662,719,112,112
msg,0,121,559,6669,717,112,112
msg,0,122,586,23336,717,112,112
msg,0,123,557,6320,690,112,112
msg,0,124,559,5640,715,112,112
msg,0,125,556,6040,720,112,112
msg,0,126,590,5893,716,112,112
msg,0,127,551,6063,718,112,112
msg,0,128,586,5932,718,112,112
msg,0,129,552,9352,692,112,112
msg,0,130,567,6947,717,112,112
msg,0,131,589,7158,718,112,112
msg,0,132,570,7778,715,112,112
msg,0,133,586,27287,720,112,112
msg,0,134,582,8495,724,112,112
msg,0,135,707,9160,715,112,112
msg,0,136,555,6631,714,112,112
msg,0,137,593,6410,718,112,112
msg,0,138,556,6088,694,112,112
msg,0,139,590,5782,715,112,112
msg,0,140,554,5915,723,112,112
msg,0,141,594,6212,716,112,112
msg,0,142,591,32987,695,112,112
msg,0,143,562,6716,694,112,112
msg,0,144,684,6303,695,112,112
msg,0,145,559,8584,718,112,112
msg,0,146,553,7913,719,112,112
msg,0,147,587,8518,725,112,112
msg,0,148,588,6154,717,112,112
msg,0,149,594,5695,720,112,112
msg,0,150,585,5381,722,112,112
msg,0,151,710,33330,719,112,112
msg,0,152,597,6961,695,112,112
msg,0,153,565,5731,716,112,112
msg,0,154,552,5418,691,112,112
msg,0,155,569,5554,716,112,112
msg,0,156,555,5434,694,112,112
msg,0,157,563,6715,708,112,112
msg,0,158,715,7155,711,112,112
msg,0,159,557,5752,718,112,112
msg,0,160,590,5376,727,112,112
msg,0,161,596,23969,725,112,112
msg,0,162,592,6156,725,112,112
msg,0,163,590,8656,721,112,112
msg,0,164,593,5930,713,112,112
msg,0,165,568,6448,715,112,112
msg,0,166,557,6543,720,112,112
msg,0,167,1187,6054,725,112,112
msg,0,168,587,6907,696,112,112
msg,0,169,600,7209,717,112,112
msg,0,170,589,5278,722,112,112
msg,0,171,603,6457,723,112,112
msg,0,172,710,30500,722,112,112
msg,0,173,602,5544,720,112,112
msg,0,174,591,5603,723,112,112
msg,0,175,581,5299,728,112,112
msg,0,176,582,6396,719,112,112
msg,0,177,587,5968,693,112,112
msg,0,178,573,6416,699,112,112
msg,0,179,561,7456,688,112,112
msg,0,180,565,6466,691,112,112
msg,0,181,566,6573,692,112,112
msg,0,182,559,21378,693,112,112
msg,0,183,560,5803,712,112,112
msg,0,184,563,5371,690,112,112
msg,0,185,561,6311,693,112,112
msg,0,186,560,5821,712,112,112
msg,0,187,558,5911,723,112,112
msg,0,188,602,5801,695,112,112
msg,0,189,558,5646,711,112,112
msg,0,190,559,8286,691,112,112
msg,0,191,568,6282,716,112,112
msg,0,192,597,9217,718,112,112
msg,0,193,588,27119,720,112,112
msg,0,194,554,5761,718,112,112
msg,0,195,593,6205,718,112,112
msg,0,196,550,8969,725,112,112
msg,0,197,594,6526,720,112,112
msg,0,198,599,7423,719,112,112
msg,0,199,591,6399,716,112,112
whole,0,4986.078,6969.313,200
1,4.3910,4885.8910,63.0690,4953.3510,1391,3907,45,568,2,12,3,18,113868,66261.0,70691.0,4661484.0,0.0,2,2,2,0
msg,1,0,705,5940,719,112,112
msg,1,1,586,5745,697,112,112
msg,1,2,587,5760,690,112,112
msg,1,3,555,5760,719,112,112
msg,1,4,592,6182,697,112,112
msg,1,5,563,5746,724,112,112
msg,1,6,588,5988,692,112,112
msg,1,7,556,6037,721,112,112
msg,1,8,599,34539,724,112,112
msg,1,9,594,7595,723,112,112
msg,1,10,590,7089,718,112,112
msg,1,11,593,5485,713,112,112
msg,1,12,601,5367,714,112,112
msg,1,13,569,5373,693,112,112
msg,1,14,561,6300,690,112,112
msg,1,15,564,5308,723,112,112
msg,1,16,582,5782,694,112,112
msg,1,17,569,5835,718,112,112
msg,1,18,583,24315,718,112,112
msg,1,19,555,6593,717,112,112
msg,1,20,586,6696,720,112,112
msg,1,21,594,5444,724,112,112
msg,1,22,591,7058,715,112,112
msg,1,23,555,6435,693,112,112
msg,1,24,558,6035,721,112,112
msg,1,25,587,5333,720,112,112
msg,1,26,593,5617,722,112,112
msg,1,27,604,6068,715,112,112
msg,1,28,556,9359,720,112,112
msg,1,29,556,30735,722,112,112
msg,1,30,589,5578,717,112,112
msg,1,31,592,5551,724,112,112
msg,1,32,591,6003,720,112,112
msg,1,33,553,6285,813,112,112
msg,1,34,555,5352,691,112,112
msg,1,35,559,6310,721,112,112
msg,1,36,590,5874,724,112,112
msg,1,37,570,5871,717,112,112
msg,1,38,591,9739,719,112,112
msg,1,39,581,31593,690,112,112
msg,1,40,563,5512,693,112,112
msg,1,41,563,5347,726,112,112
msg,1,42,586,5501,695,112,112
msg,1,43,563,6302,721,112,112
msg,1,44,594,5512,717,112,112
msg,1,45,590,10345,722,112,112
msg,1,46,585,8045,719,112,112
msg,1,47,558,5684,719,112,112
msg,1,48,600,27272,718,112,112
msg,1,49,590,9912,831,112,112
msg,1,50,561,5464,692,112,112
msg,1,51,562,5822,713,112,112
msg,1,52,566,17261,693,112,112
msg,1,53,567,7864,719,112,112
msg,1,54,582,5967,693,112,112
msg,1,55,588,7348,717,112,112
msg,1,56,605,5526,717,112,112
msg,1,57,593,23033,718,112,112
msg,1,58,587,6531,726,112,112
msg,1,59,587,5532,725,112,112
msg,1,60,586,6396,718,112,112
msg,1,61,601,5455,719,112,112
msg,1,62,591,5549,719,112,112
msg,1,63,589,5434,726,112,112
msg,1,64,586,5481,718,112,112
msg,1,65,585,5568,723,112,112
msg,1,66,586,5522,718,112,112
msg,1,67,588,5371,720,112,112
msg,1,68,588,23861,694,112,112
msg,1,69,558,6605,720,112,112
msg,1,70,561,5361,693,112,112
msg,1,71,559,6166,713,112,112
msg,1,72,595,7628,693,112,112
msg,1,73,559,5425,719,112,112
msg,1,74,587,5322,722,112,112
msg,1,75,593,5358,720,112,112
msg,1,76,584,5296,721,112,112
msg,1,77,590,5614,721,112,112
msg,1,78,587,5694,716,112,112
msg,1,79,586,6121,840,112,112
msg,1,80,588,30243,719,112,112
msg,1,81,600,9409,723,112,112
msg,1,82,584,5980,716,112,112
msg,1,83,591,5281,721,112,112
msg,1,84,587,5331,718,112,112
msg,1,85,583,6234,717,112,112
msg,1,86,561,6422,717,112,112
msg,1,87,565,6074,725,112,112
msg,1,88,591,8129,718,112,112
msg,1,89,591,23712,712,112,112
msg,1,90,592,7121,717,112,112
msg,1,91,585,6145,688,112,112
msg,1,92,569,5806,716,112,112
msg,1,93,591,5755,724,112,112
msg,1,94,591,5376,716,112,112
msg,1,95,585,5680,722,112,112
msg,1,96,594,6322,730,112,112
msg,1,97,602,5301,719,112,112
msg,1,98,592,7294,712,112,112
msg,1,99,587,7207,695,112,112
msg,1,100,565,28756,716,112,112
msg,1,101,584,5608,719,112,112
msg,1,102,594,6097,714,112,112
msg,1,103,555,7835,721,112,112
msg,1,104,585,5756,722,112,112
msg,1,105,585,5335,724,112,112
msg,1,106,594,5948,715,112,112
msg,1,107,559,6877,721,112,112
msg,1,108,595,5646,721,112,112
msg,1,109,587,5607,691,112,112
msg,1,110,558,7028,723,112,112
msg,1,111,598,26044,688,112,112
msg,1,112,559,6083,723,112,112
msg,1,113,593,6815,692,112,112
msg,1,114,565,6035,721,112,112
msg,1,115,587,5850,694,112,112
msg,1,116,562,5869,718,112,112
msg,1,117,595,6109,696,112,112
msg,1,118,559,5737,722,112,112
msg,1,119,593,5807,721,112,112
msg,1,120,592,5599,692,112,112
msg,1,121,591,5882,719,112,112
msg,1,122,561,25607,719,112,112
msg,1,123,582,6444,721,112,112
msg,1,124,590,6439,716,112,112
msg,1,125,594,5666,719,112,112
msg,1,126,588,5837,691,112,112
msg,1,127,563,5343,720,112,112
msg,1,128,592,5804,711,112,112
msg,1,129,560,5684,720,112,112
msg,1,130,588,6651,724,112,112
msg,1,131,705,6500,722,112,112
msg,1,132,593,32964,719,112,112
msg,1,133,559,6004,725,112,112
msg,1,134,708,5540,691,112,112
msg,1,135,558,5707,696,112,112
msg,1,136,559,5537,720,112,112
msg,1,137,556,5653,712,112,112
msg,1,138,590,5695,722,112,112
msg,1,139,591,5845,694,112,112
msg,1,140,561,7248,718,112,112
msg,1,141,589,5993,724,112,112
msg,1,142,744,29471,723,112,112
msg,1,143,589,5819,718,112,112
msg,1,144,588,5425,723,112,112
msg,1,145,589,5689,691,112,112
msg,1,146,552,5462,693,112,112
msg,1,147,1147,6287,716,112,112
msg,1,148,587,5340,715,112,112
msg,1,149,563,5823,722,112,112
msg,1,150,583,5715,715,112,112
msg,1,151,601,5350,719,112,112
msg,1,152,588,6035,720,112,112
msg,1,153,558,26599,720,112,112
msg,1,154,596,6771,835,112,112
msg,1,155,587,8644,694,112,112
msg,1,156,563,7663,718,112,112
msg,1,157,581,6761,723,112,112
msg,1,158,772,6410,720,112,112
msg,1,159,597,5887,692,112,112
msg,1,160,560,5366,691,112,112
msg,1,161,566,5616,696,112,112
msg,1,162,572,5591,719,112,112
msg,1,163,567,32907,721,112,112
msg,1,164,689,5526,720,112,112
msg,1,165,597,5277,718,112,112
msg,1,166,587,6016,713,112,112
msg,1,167,561,6042,725,112,112
msg,1,168,584,5265,718,112,112
msg,1,169,591,6235,717,112,112
msg,1,170,557,5529,717,112,112
msg,1,171,583,7407,717,112,112
msg,1,172,763,5888,694,112,112
msg,1,173,588,28156,722,112,112
msg,1,174,591,5524,726,112,112
msg,1,175,598,8112,717,112,112
msg,1,176,562,6207,698,112,112
msg,1,177,560,5931,722,112,112
msg,1,178,598,5490,717,112,112
msg,1,179,587,7384,718,112,112
msg,1,180,599,19893,721,112,112
msg,1,181,591,31836,717,112,112
msg,1,182,666,6098,694,112,112
msg,1,183,555,5951,714,112,112
msg,1,184,591,5765,719,112,112
msg,1,185,585,6383,721,112,112
msg,1,186,587,5831,695,112,112
msg,1,187,561,5865,715,112,112
msg,1,188,587,8200,697,112,112
msg,1,189,567,5825,722,112,112
msg,1,190,585,5532,722,112,112
msg,1,191,588,7016,694,112,112
msg,1,192,560,22778,717,112,112
msg,1,193,583,5655,720,112,112
msg,1,194,592,6595,727,112,112
msg,1,195,587,5557,721,112,112
msg,1,196,584,6031,713,112,112
msg,1,197,586,5657,717,112,112
msg,1,198,702,5441,721,112,112
msg,1,199,593,5560,717,112,112
whole,1,4970.914,6948.185,200
2,4.5030,4893.3820,63.6040,4961.4890,1391,3907,45,568,2,12,3,18,113868,66096.0,70056.0,4667446.0,0.0,2,2,2,0
msg,2,0,735,5370,722,112,112
msg,2,1,594,5889,689,112,112
msg,2,2,573,5786,713,112,112
msg,2,3,585,5548,722,112,112
msg,2,4,588,5727,722,112,112
msg,2,5,596,5708,695,112,112
msg,2,6,572,5769,716,112,112
msg,2,7,556,7524,716,112,112
msg,2,8,559,27814,726,112,112
msg,2,9,586,5702,693,112,112
msg,2,10,580,5779,696,112,112
msg,2,11,560,6030,720,112,112
msg,2,12,590,5588,718,112,112
msg,2,13,598,5577,696,112,112
msg,2,14,564,5681,693,112,112
msg,2,15,557,5382,696,112,112
msg,2,16,560,5373,692,112,112
msg,2,17,579,5281,721,112,112
msg,2,18,597,11640,692,112,112
msg,2,19,582,30623,714,112,112
msg,2,20,562,5700,725,112,112
msg,2,21,700,5474,728,112,112
msg,2,22,590,5871,695,112,112
msg,2,23,565,6280,720,112,112
msg,2,24,583,5502,721,112,112
msg,2,25,598,25991,719,112,112
msg,2,26,593,50513,823,112,112
msg,2,27,593,7305,716,112,112
msg,2,28,598,5709,724,112,112
msg,2,29,591,5621,720,112,112
msg,2,30,590,5867,712,112,112
msg,2,31,672,5463,718,112,112
msg,2,32,568,6406,715,112,112
msg,2,33,553,6030,720,112,112
msg,2,34,593,30031,714,112,112
msg,2,35,552,7376,692,112,112
msg,2,36,576,8371,693,112,112
msg,2,37,564,5466,694,112,112
msg,2,38,726,5944,722,112,112
msg,2,39,594,6013,716,112,112
msg,2,40,558,5551,719,112,112
msg,2,41,552,6952,721,112,112
msg,2,42,588,5310,723,112,112
msg,2,43,585,9062,696,112,112
msg,2,44,557,26447,692,112,112
msg,2,45,565,8041,715,112,112
msg,2,46,600,5640,717,112,112
msg,2,47,594,9651,689,112,112
msg,2,48,556,5504,696,112,112
msg,2,49,560,5469,692,112,112
msg,2,50,561,6269,720,112,112
msg,2,51,587,5491,719,112,112
msg,2,52,589,5276,724,112,112
msg,2,53,707,5643,694,112,112
msg,2,54,589,33387,710,112,112
msg,2,55,586,6048,822,112,112
msg,2,56,595,6280,716,112,112
msg,2,57,564,7829,730,112,112
msg,2,58,586,6703,694,112,112
msg,2,59,556,5374,724,112,112
msg,2,60,589,5853,722,112,112
msg,2,61,570,5498,715,112,112
msg,2,62,560,6053,721,112,112
msg,2,63,592,5889,714,112,112
msg,2,64,561,22373,689,112,112
msg,2,65,560,7161,720,112,112
msg,2,66,593,5776,699,112,112
msg,2,67,558,5459,695,112,112
msg,2,68,565,5891,713,112,112
msg,2,69,588,6007,696,112,112
msg,2,70,563,5557,690,112,112
msg,2,71,559,5417,692,112,112
msg,2,72,567,5361,721,112,112
msg,2,73,604,5442,721,112,112
msg,2,74,590,5713,696,112,112
msg,2,75,563,28973,722,112,112
msg,2,76,587,10263,720,112,112
msg,2,77,554,7806,848,112,112
msg,2,78,596,5512,721,112,112
msg,2,79,589,5940,720,112,112
msg,2,80,554,6192,698,112,112
msg,2,81,552,5578,690,112,112
msg,2,82,562,5493,692,112,112
msg,2,83,564,5308,691,112,112
msg,2,84,599,6565,691,112,112
msg,2,85,557,24843,714,112,112
msg,2,86,557,8323,692,112,112
msg,2,87,572,5664,713,112,112
msg,2,88,556,5451,723,112,112
msg,2,89,560,6312,692,112,112
msg,2,90,564,6493,696,112,112
msg,2,91,569,6280,691,112,112
msg,2,92,565,5625,690,112,112
msg,2,93,560,5965,713,112,112
msg,2,94,589,5938,694,112,112
msg,2,95,567,8449,692,112,112
msg,2,96,559,22594,799,112,112
msg,2,97,578,6632,717,112,112
msg,2,98,557,5478,720,112,112
msg,2,99,573,6706,721,112,112
msg,2,100,589,7723,718,112,112
msg,2,101,589,6331,722,112,112
msg,2,102,597,5762,695,112,112
msg,2,103,563,6768,720,112,112
msg,2,104,557,5810,727,112,112
msg,2,105,597,6368,727,112,112
msg,2,106,594,6771,721,112,112
msg,2,107,594,26184,716,112,112
msg,2,108,590,8123,712,112,112
msg,2,109,595,7399,723,112,112
msg,2,110,555,5498,717,112,112
msg,2,111,562,6265,696,112,112
msg,2,112,557,5481,697,112,112
msg,2,113,560,5513,690,112,112
msg,2,114,558,5600,712,112,112
msg,2,115,560,5381,692,112,112
msg,2,116,563,5666,725,112,112
msg,2,117,565,27846,724,112,112
msg,2,118,584,5584,724,112,112
msg,2,119,600,7684,696,112,112
msg,2,120,555,6790,723,112,112
msg,2,121,557,17644,829,112,112
msg,2,122,588,5483,718,112,112
msg,2,123,587,5893,694,112,112
msg,2,124,558,5526,694,112,112
msg,2,125,559,6429,694,112,112
msg,2,126,556,27036,719,112,112
msg,2,127,604,6727,724,112,112
msg,2,128,754,7299,718,112,112
msg,2,129,587,5705,692,112,112
msg,2,130,565,6100,719,112,112
msg,2,131,586,5927,693,112,112
msg,2,132,565,6331,696,112,112
msg,2,133,565,6203,719,112,112
msg,2,134,582,5419,721,112,112
msg,2,135,589,6455,722,112,112
msg,2,136,583,6796,695,112,112
msg,2,137,561,20519,690,112,112
msg,2,138,555,5641,695,112,112
msg,2,139,566,5649,726,112,112
msg,2,140,562,6198,697,112,112
msg,2,141,561,8347,715,112,112
msg,2,142,591,8181,716,112,112
msg,2,143,588,7310,717,112,112
msg,2,144,586,6321,717,112,112
msg,2,145,552,8198,695,112,112
msg,2,146,575,5483,693,112,112
msg,2,147,570,22752,719,112,112
msg,2,148,557,8777,725,112,112
msg,2,149,585,6455,724,112,112
msg,2,150,586,5982,694,112,112
msg,2,151,558,6676,720,112,112
msg,2,152,559,5855,725,112,112
msg,2,153,598,5894,828,112,112
msg,2,154,576,5878,716,112,112
msg,2,155,588,6526,725,112,112
msg,2,156,589,5616,718,112,112
msg,2,157,588,28952,719,112,112
msg,2,158,757,7121,715,112,112
msg,2,159,563,5662,713,112,112
msg,2,160,588,5537,723,112,112
msg,2,161,591,6206,713,112,112
msg,2,162,557,7440,687,112,112
msg,2,163,552,5941,718,112,112
msg,2,164,587,5387,719,112,112
msg,2,165,588,5385,713,112,112
msg,2,166,585,5417,720,112,112
msg,2,167,598,8286,711,112,112
msg,2,168,556,24934,722,112,112
msg,2,169,583,6265,722,112,112
msg,2,170,586,6166,700,112,112
msg,2,171,570,7066,727,112,112
msg,2,172,593,6159,720,112,112
msg,2,173,589,6387,710,112,112
msg,2,174,581,8333,718,112,112
msg,2,175,557,5769,718,112,112
msg,2,176,600,5715,714,112,112
msg,2,177,592,7046,715,112,112
msg,2,178,585,5855,716,112,112
msg,2,179,597,26943,718,112,112
msg,2,180,556,5548,714,112,112
msg,2,181,553,5512,803,112,112
msg,2,182,594,7325,717,112,112
msg,2,183,557,5547,721,112,112
msg,2,184,554,6424,718,112,112
msg,2,185,552,6801,727,112,112
msg,2,186,591,5435,820,112,112
msg,2,187,605,7756,690,112,112
msg,2,188,562,8372,717,112,112
msg,2,189,706,27813,717,112,112
msg,2,190,560,5965,717,112,112
msg,2,191,600,6376,724,112,112
msg,2,192,583,7786,696,112,112
msg,2,193,559,7308,722,112,112
msg,2,194,589,6700,695,112,112
msg,2,195,555,7436,807,112,112
msg,2,196,562,6758,721,112,112
msg,2,197,596,5859,721,112,112
msg,2,198,593,34320,724,112,112
msg,2,199,586,6085,723,112,112
whole,2,4979.179,7018.996,200
#heap 22487
#stack 13656
#end
#block pipeline mTLS lorawan11 up
#aead LoRaWAN-1.1 AES-128-CTR+2xCMAC (BearSSL (arduino-pico)), uplink, 51 B payload + 13 B overhead
#lib wolfSSL 5.9.4
iter,tcp_ms,tls_ms,mqtt_ms,total_ms,hs_tx_B,hs_rx_B,mqtt_tx_B,mqtt_rx_B,hs_writes,hs_reads,writes,reads,free_heap_B,hs_keygen_us,hs_derive_us,hs_verify_us,hs_sign_us,hs_keygen_n,hs_derive_n,hs_verify_n,hs_sign_n
msg,iter,idx,seal_us,rtt_us,open_us,tx_B,rx_B
whole,iter,first_ms,all_ms,msgs
#suite TLS13-AES256-GCM-SHA384
0,5.6230,8037.8840,45.8030,8089.3100,4015,4093,45,4312,4,14,5,20,110892,66194.0,71102.0,4680612.0,3113054.0,2,2,2,1
msg,0,0,831,5453,845,112,112
msg,0,1,732,6905,820,112,112
msg,0,2,684,5527,844,112,112
msg,0,3,718,5568,850,112,112
msg,0,4,727,5398,843,112,112
msg,0,5,850,33400,840,112,112
msg,0,6,715,5840,843,112,112
msg,0,7,681,7950,847,112,112
msg,0,8,717,6589,819,112,112
msg,0,9,699,5572,843,112,112
msg,0,10,725,5704,849,112,112
msg,0,11,683,5567,836,112,112
msg,0,12,715,6037,819,112,112
msg,0,13,687,7085,839,112,112
msg,0,14,851,6187,822,112,112
msg,0,15,684,27446,840,112,112
msg,0,16,713,5953,818,112,112
msg,0,17,680,7722,840,112,112
msg,0,18,716,7289,846,112,112
msg,0,19,720,5755,819,112,112
msg,0,20,686,5614,848,112,112
msg,0,21,721,6732,823,112,112
msg,0,22,688,5487,836,112,112
msg,0,23,716,5740,846,112,112
msg,0,24,723,5753,840,112,112
msg,0,25,719,33783,843,112,112
msg,0,26,680,5743,842,112,112
msg,0,27,725,6515,954,112,112
msg,0,28,733,9705,839,112,112
msg,0,29,716,6904,816,112,112
msg,0,30,684,5689,843,112,112
msg,0,31,714,5530,853,112,112
msg,0,32,718,6835,837,112,112
msg,0,33,705,6701,847,112,112
msg,0,34,685,28220,850,112,112
msg,0,35,687,6059,849,112,112
msg,0,36,721,5753,846,112,112
msg,0,37,716,5656,854,112,112
msg,0,38,723,6530,822,112,112
msg,0,39,698,5444,844,112,112
msg,0,40,717,9650,847,112,112
msg,0,41,720,5637,974,112,112
msg,0,42,719,5543,845,112,112
msg,0,43,717,5300,848,112,112
msg,0,44,716,24224,842,112,112
msg,0,45,713,7184,843,112,112
msg,0,46,712,5439,844,112,112
msg,0,47,684,5869,848,112,112
msg,0,48,719,5786,843,112,112
msg,0,49,709,6192,938,112,112
msg,0,50,719,7192,842,112,112
msg,0,51,711,5561,846,112,112
msg,0,52,718,5520,851,112,112
msg,0,53,680,5602,841,112,112
msg,0,54,713,6254,1395,112,112
msg,0,55,694,30685,845,112,112
msg,0,56,713,6554,845,112,112
msg,0,57,715,8827,840,112,112
msg,0,58,714,13914,821,112,112
msg,0,59,688,6937,850,112,112
msg,0,60,711,5366,843,112,112
msg,0,61,691,5921,844,112,112
msg,0,62,718,5446,851,112,112
msg,0,63,718,24848,839,112,112
msg,0,64,713,6022,843,112,112
msg,0,65,710,6144,839,112,112
msg,0,66,715,5606,843,112,112
msg,0,67,718,9468,964,112,112
msg,0,68,699,5726,844,112,112
msg,0,69,714,5436,850,112,112
msg,0,70,716,7957,839,112,112
msg,0,71,716,6344,846,112,112
msg,0,72,709,5780,953,112,112
msg,0,73,714,5434,850,112,112
msg,0,74,719,28698,821,112,112
msg,0,75,681,5698,842,112,112
msg,0,76,718,6019,846,112,112
msg,0,77,712,5957,821,112,112
msg,0,78,693,6953,959,112,112
msg,0,79,714,6779,841,112,112
msg,0,80,722,6473,849,112,112
msg,0,81,717,5685,837,112,112
msg,0,82,681,5922,840,112,112
msg,0,83,710,6172,851,112,112
msg,0,84,721,29359,841,112,112
msg,0,85,689,6507,843,112,112
msg,0,86,714,5694,847,112,112
msg,0,87,731,6112,848,112,112
msg,0,88,719,5578,819,112,112
msg,0,89,688,7765,846,112,112
msg,0,90,715,7227,845,112,112
msg,0,91,714,5392,847,112,112
msg,0,92,706,7484,823,112,112
msg,0,93,682,22304,822,112,112
msg,0,94,684,8131,850,112,112
msg,0,95,690,7119,844,112,112
msg,0,96,715,7396,819,112,112
msg,0,97,702,5567,843,112,112
msg,0,98,711,6153,838,112,112
msg,0,99,716,5659,843,112,112
msg,0,100,691,8221,842,112,112
msg,0,101,687,7040,851,112,112
msg,0,102,719,8134,843,112,112
msg,0,103,714,31036,841,112,112
msg,0,104,716,8090,840,112,112
msg,0,105,715,13504,848,112,112
msg,0,106,712,9169,981,112,112
msg,0,107,717,6178,848,112,112
msg,0,108,713,5349,845,112,112
msg,0,109,719,6729,836,112,112
msg,0,110,728,6724,845,112,112
msg,0,111,689,29781,837,112,112
msg,0,112,716,5935,848,112,112
msg,0,113,696,5428,842,112,112
msg,0,114,833,6072,840,112,112
msg,0,115,716,7552,850,112,112
msg,0,116,716,6820,838,112,112
msg,0,117,727,5728,849,112,112
msg,0,118,718,5495,946,112,112
msg,0,119,715,5795,854,112,112
msg,0,120,722,5460,814,112,112
msg,0,121,699,35490,843,112,112
msg,0,122,724,8144,846,112,112
msg,0,123,716,6563,849,112,112
msg,0,124,715,5445,843,112,112
msg,0,125,708,5715,842,112,112
msg,0,126,711,5621,851,112,112
msg,0,127,708,7275,853,112,112
msg,0,128,711,6984,848,112,112
msg,0,129,715,8071,841,112,112
msg,0,130,712,21309,847,112,112
msg,0,131,719,7879,842,112,112
msg,0,132,713,5375,842,112,112
msg,0,133,716,5911,954,112,112
msg,0,134,713,6999,823,112,112
msg,0,135,690,5455,839,112,112
msg,0,136,717,6837,848,112,112
msg,0,137,718,7867,844,112,112
msg,0,138,716,8315,851,112,112
msg,0,139,722,33173,846,112,112
msg,0,140,719,6684,821,112,112
msg,0,141,684,5544,833,112,112
msg,0,142,714,5564,850,112,112
msg,0,143,715,6173,1011,112,112
msg,0,144,719,6740,842,112,112
msg,0,145,720,5592,850,112,112
msg,0,146,713,6634,845,112,112
msg,0,147,711,7204,840,112,112
msg,0,148,710,6396,840,112,112
msg,0,149,719,22724,845,112,112
msg,0,150,691,6819,839,112,112
msg,0,151,713,5947,841,112,112
msg,0,152,702,5476,840,112,112
msg,0,153,717,5398,850,112,112
msg,0,154,709,5637,821,112,112
msg,0,155,691,6771,843,112,112
msg,0,156,720,6166,841,112,112
msg,0,157,721,6278,844,112,112
msg,0,158,716,7888,845,112,112
msg,0,159,831,32215,843,112,112
msg,0,160,717,6012,844,112,112
msg,0,161,714,5678,856,112,112
msg,0,162,711,5481,819,112,112
msg,0,163,686,5522,841,112,112
msg,0,164,719,5622,846,112,112
msg,0,165,714,7356,946,112,112
msg,0,166,701,5825,849,112,112
msg,0,167,719,5828,838,112,112
msg,0,168,731,6556,844,112,112
msg,0,169,716,6408,851,112,112
msg,0,170,713,15196,846,112,112
msg,0,171,720,5992,854,112,112
msg,0,172,713,5452,847,112,112
msg,0,173,713,6135,845,112,112
msg,0,174,710,5395,848,112,112
msg,0,175,839,13437,843,112,112
msg,0,176,707,5996,822,112,112
msg,0,177,693,5654,839,112,112
msg,0,178,716,8443,850,112,112
msg,0,179,843,11105,849,112,112
msg,0,180,710,22810,838,112,112
msg,0,181,711,5473,850,112,112
msg,0,182,720,5583,847,112,112
msg,0,183,691,5772,1003,112,112
msg,0,184,718,5813,841,112,112
msg,0,185,717,5942,820,112,112
msg,0,186,693,6422,847,112,112
msg,0,187,716,6244,843,112,112
msg,0,188,712,5466,851,112,112
msg,0,189,824,5340,847,112,112
msg,0,190,712,37120,846,112,112
msg,0,191,721,5475,845,112,112
msg,0,192,689,5476,837,112,112
msg,0,193,865,5414,852,112,112
msg,0,194,718,6005,836,112,112
msg,0,195,714,5939,818,112,112
msg,0,196,689,5549,843,112,112
msg,0,197,719,5519,839,112,112
msg,0,198,722,5993,837,112,112
msg,0,199,716,6020,834,112,112
whole,0,8103.784,10188.947,200
1,6.3800,8050.9540,142.0750,8199.4090,4015,4093,45,4312,4,14,5,20,110892,66185.0,70444.0,4671495.0,3112876.0,2,2,2,1
msg,1,0,857,6338,847,112,112
msg,1,1,720,6820,836,112,112
msg,1,2,720,5763,846,112,112
msg,1,3,716,5437,821,112,112
msg,1,4,708,5458,838,112,112
msg,1,5,711,7378,849,112,112
msg,1,6,716,7010,839,112,112
msg,1,7,715,30878,820,112,112
msg,1,8,689,5427,843,112,112
msg,1,9,712,5849,846,112,112
msg,1,10,729,6406,820,112,112
msg,1,11,689,5817,846,112,112
msg,1,12,713,5994,836,112,112
msg,1,13,713,10462,849,112,112
msg,1,14,713,5957,844,112,112
msg,1,15,715,5441,848,112,112
msg,1,16,711,5928,838,112,112
msg,1,17,726,25884,823,112,112
msg,1,18,792,6065,843,112,112
msg,1,19,684,6704,838,112,112
msg,1,20,712,5519,850,112,112
msg,1,21,712,5571,824,112,112
msg,1,22,687,6148,821,112,112
msg,1,23,689,9631,843,112,112
msg,1,24,725,5871,816,112,112
msg,1,25,697,5349,958,112,112
msg,1,26,717,5845,845,112,112
msg,1,27,689,27386,819,112,112
msg,1,28,700,6531,844,112,112
msg,1,29,717,7696,848,112,112
msg,1,30,871,6616,841,112,112
msg,1,31,725,5541,852,112,112
msg,1,32,718,6011,851,112,112
msg,1,33,720,6054,844,112,112
msg,1,34,714,5875,821,112,112
msg,1,35,685,5825,853,112,112
msg,1,36,719,5739,843,112,112
msg,1,37,715,28089,822,112,112
msg,1,38,700,8947,844,112,112
msg,1,39,715,7321,850,112,112
msg,1,40,686,5553,844,112,112
msg,1,41,714,6968,933,112,112
msg,1,42,690,5392,837,112,112
msg,1,43,716,5454,847,112,112
msg,1,44,714,5813,822,112,112
msg,1,45,683,5499,836,112,112
msg,1,46,712,6088,843,112,112
msg,1,47,714,27181,845,112,112
msg,1,48,715,7767,853,112,112
msg,1,49,713,5688,840,112,112
msg,1,50,718,5806,846,112,112
msg,1,51,713,5694,837,112,112
msg,1,52,730,5577,844,112,112
msg,1,53,715,6246,844,112,112
msg,1,54,717,7178,848,112,112
msg,1,55,715,5699,835,112,112
msg,1,56,714,6786,852,112,112
msg,1,57,826,19342,936,112,112
msg,1,58,684,12756,846,112,112
msg,1,59,716,5462,846,112,112
msg,1,60,693,5592,844,112,112
msg,1,61,720,5384,841,112,112
msg,1,62,712,6452,842,112,112
msg,1,63,716,5335,847,112,112
msg,1,64,716,7062,841,112,112
msg,1,65,719,5921,838,112,112
msg,1,66,716,5485,850,112,112
msg,1,67,714,8978,847,112,112
msg,1,68,709,28189,839,112,112
msg,1,69,713,5796,820,112,112
msg,1,70,690,6024,852,112,112
msg,1,71,725,7065,842,112,112
msg,1,72,718,5609,823,112,112
msg,1,73,688,5847,849,112,112
msg,1,74,713,5841,965,112,112
msg,1,75,718,5534,847,112,112
msg,1,76,715,6544,815,112,112
msg,1,77,684,27765,848,112,112
msg,1,78,726,7124,842,112,112
msg,1,79,708,20655,836,112,112
msg,1,80,691,8189,841,112,112
msg,1,81,693,5958,846,112,112
msg,1,82,713,5936,841,112,112
msg,1,83,716,5989,837,112,112
msg,1,84,687,6029,848,112,112
msg,1,85,692,33090,854,112,112
msg,1,86,715,8010,847,112,112
msg,1,87,713,6247,845,112,112
msg,1,88,713,7203,849,112,112
msg,1,89,727,7196,844,112,112
msg,1,90,712,6079,834,112,112
msg,1,91,714,5739,819,112,112
msg,1,92,679,6156,848,112,112
msg,1,93,689,6367,823,112,112
msg,1,94,698,27861,961,112,112
msg,1,95,714,7919,849,112,112
msg,1,96,717,6372,843,112,112
msg,1,97,715,6754,837,112,112
msg,1,98,714,5445,845,112,112
msg,1,99,715,5401,846,112,112
msg,1,100,719,5525,822,112,112
msg,1,101,681,5938,842,112,112
msg,1,102,717,5627,820,112,112
msg,1,103,683,6463,841,112,112
msg,1,104,720,32735,976,112,112
msg,1,105,678,6249,818,112,112
msg,1,106,694,5638,838,112,112
msg,1,107,714,6249,842,112,112
msg,1,108,716,5358,846,112,112
msg,1,109,714,9302,849,112,112
msg,1,110,711,6666,835,112,112
msg,1,111,690,6016,851,112,112
msg,1,112,692,5553,842,112,112
msg,1,113,718,6077,837,112,112
msg,1,114,691,29116,820,112,112
msg,1,115,682,5621,844,112,112
msg,1,116,717,5987,949,112,112
msg,1,117,720,6684,849,112,112
msg,1,118,718,8003,846,112,112
msg,1,119,706,5576,852,112,112
msg,1,120,685,5975,853,112,112
msg,1,121,713,5711,845,112,112
msg,1,122,720,5337,842,112,112
msg,1,123,714,7345,839,112,112
msg,1,124,714,21960,845,112,112
msg,1,125,722,7444,843,112,112
msg,1,126,718,6945,836,112,112
msg,1,127,840,9894,822,112,112
msg,1,128,691,7409,952,112,112
msg,1,129,712,6180,841,112,112
msg,1,130,726,6095,840,112,112
msg,1,131,683,5483,844,112,112
msg,1,132,719,5574,854,112,112
msg,1,133,713,5800,836,112,112
msg,1,134,718,27959,819,112,112
msg,1,135,688,5592,843,112,112
msg,1,136,709,5831,818,112,112
msg,1,137,684,5382,842,112,112
msg,1,138,707,5727,851,112,112
msg,1,139,719,8396,853,112,112
msg,1,140,687,5742,841,112,112
msg,1,141,717,6232,842,112,112
msg,1,142,715,9635,847,112,112
msg,1,143,690,7836,841,112,112
msg,1,144,711,32128,841,112,112
msg,1,145,716,5493,853,112,112
msg,1,146,714,5700,841,112,112
msg,1,147,710,8876,842,112,112
msg,1,148,720,6269,849,112,112
msg,1,149,684,7065,845,112,112
msg,1,150,712,5641,843,112,112
msg,1,151,718,5684,845,112,112
msg,1,152,711,6314,845,112,112
msg,1,153,714,25933,846,112,112
msg,1,154,708,5886,947,112,112
msg,1,155,718,5707,854,112,112
msg,1,156,715,5421,821,112,112
msg,1,157,689,8395,839,112,112
msg,1,158,684,5372,839,112,112
msg,1,159,727,7223,840,112,112
msg,1,160,716,5914,816,112,112
msg,1,161,684,6729,847,112,112
msg,1,162,717,5564,848,112,112
msg,1,163,692,29603,843,112,112
msg,1,164,713,5844,1358,112,112
msg,1,165,723,5925,841,112,112
msg,1,166,678,5531,849,112,112
msg,1,167,717,7641,848,112,112
msg,1,168,689,9872,845,112,112
msg,1,169,724,5664,822,112,112
msg,1,170,702,5354,822,112,112
msg,1,171,683,6160,823,112,112
msg,1,172,798,8657,844,112,112
msg,1,173,715,27424,847,112,112
msg,1,174,715,5612,832,112,112
msg,1,175,687,6191,821,112,112
msg,1,176,826,5413,838,112,112
msg,1,177,718,6169,840,112,112
msg,1,178,713,7514,847,112,112
msg,1,179,730,5359,846,112,112
msg,1,180,709,5612,842,112,112
msg,1,181,716,6090,820,112,112
msg,1,182,685,8887,851,112,112
msg,1,183,708,26601,842,112,112
msg,1,184,687,6123,819,112,112
msg,1,185,692,5735,832,112,112
msg,1,186,728,7766,822,112,112
msg,1,187,691,6984,849,112,112
msg,1,188,835,5462,838,112,112
msg,1,189,713,7232,851,112,112
msg,1,190,715,6967,819,112,112
msg,1,191,686,6296,821,112,112
msg,1,192,687,28030,851,112,112
msg,1,193,715,6143,848,112,112
msg,1,194,710,7450,817,112,112
msg,1,195,809,5450,846,112,112
msg,1,196,712,5967,819,112,112
msg,1,197,687,7743,847,112,112
msg,1,198,726,5984,837,112,112
msg,1,199,712,5534,849,112,112
whole,1,8214.046,10297.330,200
2,6.4340,8028.2790,105.3170,8140.0300,4015,4093,45,4312,4,14,5,20,110892,66286.0,71831.0,4672733.0,3111519.0,2,2,2,1
msg,2,0,848,5795,845,112,112
msg,2,1,726,11261,849,112,112
msg,2,2,722,6772,834,112,112
msg,2,3,711,6322,848,112,112
msg,2,4,710,6386,845,112,112
msg,2,5,714,7246,846,112,112
msg,2,6,720,29390,846,112,112
msg,2,7,799,5580,840,112,112
msg,2,8,713,6211,842,112,112
msg,2,9,709,8350,848,112,112
msg,2,10,714,5689,820,112,112
msg,2,11,692,5786,960,112,112
msg,2,12,717,6663,817,112,112
msg,2,13,685,8736,847,112,112
msg,2,14,832,7222,847,112,112
msg,2,15,718,24884,841,112,112
msg,2,16,714,5545,854,112,112
msg,2,17,714,6468,820,112,112
msg,2,18,681,5790,850,112,112
msg,2,19,718,6381,848,112,112
msg,2,20,716,7215,851,112,112
msg,2,21,713,7386,844,112,112
msg,2,22,686,5900,853,112,112
msg,2,23,714,6107,848,112,112
msg,2,24,717,5938,834,112,112
msg,2,25,714,7525,850,112,112
msg,2,26,713,34196,849,112,112
msg,2,27,722,5505,834,112,112
msg,2,28,685,5425,821,112,112
msg,2,29,685,5545,845,112,112
msg,2,30,712,5425,850,112,112
msg,2,31,715,5389,851,112,112
msg,2,32,722,9216,843,112,112
msg,2,33,715,5706,842,112,112
msg,2,34,718,5575,849,112,112
msg,2,35,713,33823,841,112,112
msg,2,36,715,5435,838,112,112
msg,2,37,710,5506,850,112,112
msg,2,38,716,5429,820,112,112
msg,2,39,694,6138,835,112,112
msg,2,40,685,5601,838,112,112
msg,2,41,711,5607,844,112,112
msg,2,42,711,5548,821,112,112
msg,2,43,689,6104,845,112,112
msg,2,44,693,7155,977,112,112
msg,2,45,690,22612,840,112,112
msg,2,46,1280,6569,848,112,112
msg,2,47,713,5415,843,112,112
msg,2,48,719,5372,846,112,112
msg,2,49,712,5810,846,112,112
msg,2,50,707,6121,818,112,112
msg,2,51,685,8410,843,112,112
msg,2,52,714,8511,845,112,112
msg,2,53,721,9050,845,112,112
msg,2,54,715,8085,843,112,112
msg,2,55,713,27085,844,112,112
msg,2,56,715,5721,845,112,112
msg,2,57,712,5739,836,112,112
msg,2,58,718,7653,849,112,112
msg,2,59,716,7083,847,112,112
msg,2,60,716,6281,842,112,112
msg,2,61,715,5405,845,112,112
msg,2,62,682,5748,842,112,112
msg,2,63,710,5558,848,112,112
msg,2,64,718,7839,840,112,112
msg,2,65,725,21187,838,112,112
msg,2,66,725,6496,847,112,112
msg,2,67,825,5486,820,112,112
msg,2,68,690,7128,844,112,112
msg,2,69,683,7060,845,112,112
msg,2,70,716,7021,847,112,112
msg,2,71,715,5843,848,112,112
msg,2,72,715,5474,844,112,112
msg,2,73,711,6250,963,112,112
msg,2,74,715,5856,845,112,112
msg,2,75,715,25179,845,112,112
msg,2,76,710,7683,953,112,112
msg,2,77,715,5881,839,112,112
msg,2,78,713,5832,819,112,112
msg,2,79,694,5694,850,112,112
msg,2,80,724,5516,845,112,112
msg,2,81,677,5991,849,112,112
msg,2,82,713,5822,845,112,112
msg,2,83,713,6462,993,112,112
msg,2,84,713,7196,848,112,112
msg,2,85,723,26646,822,112,112
msg,2,86,676,9700,848,112,112
msg,2,87,717,5539,846,112,112
msg,2,88,685,5708,836,112,112
msg,2,89,716,5528,847,112,112
msg,2,90,711,7174,842,112,112
msg,2,91,712,6706,821,112,112
msg,2,92,690,5548,841,112,112
msg,2,93,712,6027,836,112,112
msg,2,94,722,6486,848,112,112
msg,2,95,709,30543,846,112,112
msg,2,96,688,5550,948,112,112
msg,2,97,720,5534,847,112,112
msg,2,98,722,5412,845,112,112
msg,2,99,712,5663,841,112,112
msg,2,100,721,7116,838,112,112
msg,2,101,709,5314,840,112,112
msg,2,102,716,5482,845,112,112
msg,2,103,716,6073,1002,112,112
msg,2,104,721,5679,816,112,112
msg,2,105,687,32083,846,112,112
msg,2,106,698,6086,849,112,112
msg,2,107,717,6955,849,112,112
msg,2,108,713,5455,849,112,112
msg,2,109,726,5492,817,112,112
msg,2,110,697,5568,955,112,112
msg,2,111,717,9073,841,112,112
msg,2,112,726,5515,844,112,112
msg,2,113,724,7348,846,112,112
msg,2,114,713,5727,838,112,112
msg,2,115,713,27286,838,112,112
msg,2,116,715,6537,844,112,112
msg,2,117,708,6796,843,112,112
msg,2,118,716,6089,846,112,112
msg,2,119,713,6677,848,112,112
msg,2,120,720,5418,849,112,112
msg,2,121,689,5680,840,112,112
msg,2,122,718,5782,998,112,112
msg,2,123,683,6664,846,112,112
msg,2,124,714,5549,846,112,112
msg,2,125,689,25137,856,112,112
msg,2,126,730,6414,821,112,112
msg,2,127,685,5898,852,112,112
msg,2,128,714,6740,839,112,112
msg,2,129,716,6214,842,112,112
msg,2,130,719,6203,844,112,112
msg,2,131,733,5685,844,112,112
msg,2,132,714,7432,998,112,112
msg,2,133,685,8175,823,112,112
msg,2,134,682,5909,847,112,112
msg,2,135,708,27876,846,112,112
msg,2,136,713,6151,842,112,112
msg,2,137,719,5732,849,112,112
msg,2,138,723,7215,845,112,112
msg,2,139,722,5677,842,112,112
msg,2,140,744,5783,821,112,112
msg,2,141,689,9723,845,112,112
msg,2,142,881,5457,844,112,112
msg,2,143,689,7505,841,112,112
msg,2,144,722,6448,841,112,112
msg,2,145,716,25209,847,112,112
msg,2,146,716,6101,836,112,112
msg,2,147,714,6748,839,112,112
msg,2,148,688,5711,838,112,112
msg,2,149,713,7141,843,112,112
msg,2,150,712,5990,821,112,112
msg,2,151,684,6095,1001,112,112
msg,2,152,701,5675,840,112,112
msg,2,153,714,5924,841,112,112
msg,2,154,711,5889,849,112,112
msg,2,155,687,43713,839,112,112
msg,2,156,716,7258,839,112,112
msg,2,157,728,5414,854,112,112
msg,2,158,715,5361,843,112,112
msg,2,159,712,6251,1007,112,112
msg,2,160,688,7267,814,112,112
msg,2,161,684,5636,842,112,112
msg,2,162,712,7517,850,112,112
msg,2,163,719,43710,837,112,112
msg,2,164,711,7199,840,112,112
msg,2,165,719,6481,851,112,112
msg,2,166,710,5348,957,112,112
msg,2,167,715,8922,841,112,112
msg,2,168,724,5389,850,112,112
msg,2,169,710,5400,847,112,112
msg,2,170,734,5768,833,112,112
msg,2,171,721,27468,845,112,112
msg,2,172,718,5851,839,112,112
msg,2,173,719,7454,848,112,112
msg,2,174,711,6459,851,112,112
msg,2,175,718,6218,848,112,112
msg,2,176,716,5439,824,112,112
msg,2,177,681,5584,837,112,112
msg,2,178,716,6060,843,112,112
msg,2,179,715,6708,848,112,112
msg,2,180,715,5669,844,112,112
msg,2,181,712,28732,949,112,112
msg,2,182,720,5880,841,112,112
msg,2,183,711,5420,849,112,112
msg,2,184,712,5547,824,112,112
msg,2,185,686,6444,848,112,112
msg,2,186,727,6402,848,112,112
msg,2,187,880,5635,823,112,112
msg,2,188,699,5579,838,112,112
msg,2,189,710,5503,845,112,112
msg,2,190,718,5469,848,112,112
msg,2,191,702,32280,822,112,112
msg,2,192,685,5990,845,112,112
msg,2,193,716,9711,841,112,112
msg,2,194,720,6998,820,112,112
msg,2,195,686,7406,987,112,112
msg,2,196,715,5740,848,112,112
msg,2,197,684,5359,817,112,112
msg,2,198,681,7915,846,112,112
msg,2,199,719,6272,841,112,112
whole,2,8154.306,10246.446,200
#heap 25431
#stack 61984
#end
#block pipeline mTLS lorawan11 down
#aead LoRaWAN-1.1 AES-128-CTR+2xCMAC (BearSSL (arduino-pico)), downlink, 51 B payload + 13 B overhead
#lib wolfSSL 5.9.4
iter,tcp_ms,tls_ms,mqtt_ms,total_ms,hs_tx_B,hs_rx_B,mqtt_tx_B,mqtt_rx_B,hs_writes,hs_reads,writes,reads,free_heap_B,hs_keygen_us,hs_derive_us,hs_verify_us,hs_sign_us,hs_keygen_n,hs_derive_n,hs_verify_n,hs_sign_n
msg,iter,idx,seal_us,rtt_us,open_us,tx_B,rx_B
whole,iter,first_ms,all_ms,msgs
#suite TLS13-AES256-GCM-SHA384
0,9.4990,8028.3570,64.6450,8102.5010,4015,4093,45,4312,4,14,5,20,110892,66099.0,70056.0,4674713.0,3110630.0,2,2,2,1
msg,0,0,603,5394,587,112,112
msg,0,1,420,5739,585,112,112
msg,0,2,422,5336,560,112,112
msg,0,3,430,6099,580,112,112
msg,0,4,426,5509,558,112,112
msg,0,5,422,5603,560,112,112
msg,0,6,455,6905,561,112,112
msg,0,7,424,5557,558,112,112
msg,0,8,446,34246,714,112,112
msg,0,9,427,5763,588,112,112
msg,0,10,420,5696,585,112,112
msg,0,11,424,5609,578,112,112
msg,0,12,432,7022,594,112,112
msg,0,13,457,5655,586,112,112
msg,0,14,423,5650,587,112,112
msg,0,15,425,5539,560,112,112
msg,0,16,424,5365,586,112,112
msg,0,17,453,5810,563,112,112
msg,0,18,452,34253,584,112,112
msg,0,19,617,6100,556,112,112
msg,0,20,459,5724,558,112,112
msg,0,21,457,6636,589,112,112
msg,0,22,458,6210,584,112,112
msg,0,23,1054,5761,557,112,112
msg,0,24,458,5732,560,112,112
msg,0,25,452,6086,563,112,112
msg,0,26,429,6605,555,112,112
msg,0,27,424,5573,559,112,112
msg,0,28,459,5903,563,112,112
msg,0,29,422,25860,719,112,112
msg,0,30,420,5732,561,112,112
msg,0,31,422,5649,560,112,112
msg,0,32,427,5692,557,112,112
msg,0,33,425,5690,561,112,112
msg,0,34,426,5801,559,112,112
msg,0,35,428,5880,561,112,112
msg,0,36,423,5594,560,112,112
msg,0,37,423,5769,557,112,112
msg,0,38,426,5484,589,112,112
msg,0,39,462,40876,563,112,112
msg,0,40,453,21016,557,112,112
msg,0,41,428,6110,582,112,112
msg,0,42,430,5753,587,112,112
msg,0,43,425,5889,591,112,112
msg,0,44,459,6266,557,112,112
msg,0,45,421,6256,586,112,112
msg,0,46,451,7150,558,112,112
msg,0,47,421,28635,559,112,112
msg,0,48,453,5970,559,112,112
msg,0,49,425,8294,590,112,112
msg,0,50,563,6144,562,112,112
msg,0,51,423,5807,584,112,112
msg,0,52,422,5662,560,112,112
msg,0,53,440,5630,559,112,112
msg,0,54,428,5363,590,112,112
msg,0,55,456,5420,579,112,112
msg,0,56,428,5555,558,112,112
msg,0,57,608,5406,561,112,112
msg,0,58,426,27942,558,112,112
msg,0,59,425,5994,591,112,112
msg,0,60,420,5520,563,112,112
msg,0,61,433,6151,588,112,112
msg,0,62,458,5437,583,112,112
msg,0,63,420,5680,559,112,112
msg,0,64,541,5784,588,112,112
msg,0,65,423,5467,559,112,112
msg,0,66,425,6413,582,112,112
msg,0,67,462,6200,561,112,112
msg,0,68,427,5733,558,112,112
msg,0,69,424,34505,559,112,112
msg,0,70,475,9131,587,112,112
msg,0,71,425,5971,585,112,112
msg,0,72,1040,5749,560,112,112
msg,0,73,429,6408,589,112,112
msg,0,74,471,6527,588,112,112
msg,0,75,463,5766,588,112,112
msg,0,76,461,5868,582,112,112
msg,0,77,461,6497,589,112,112
msg,0,78,452,5860,589,112,112
msg,0,79,448,34933,563,112,112
msg,0,80,453,6551,579,112,112
msg,0,81,454,6684,587,112,112
msg,0,82,448,5517,700,112,112
msg,0,83,463,5777,590,112,112
msg,0,84,444,5445,586,112,112
msg,0,85,428,5571,557,112,112
msg,0,86,427,7887,573,112,112
msg,0,87,429,5639,554,112,112
msg,0,88,422,7901,577,112,112
msg,0,89,427,19261,586,112,112
msg,0,90,456,9613,592,112,112
msg,0,91,454,7229,560,112,112
msg,0,92,425,5926,578,112,112
msg,0,93,421,6008,584,112,112
msg,0,94,422,5533,584,112,112
msg,0,95,419,6703,559,112,112
msg,0,96,418,5495,559,112,112
msg,0,97,459,5806,558,112,112
msg,0,98,430,5837,557,112,112
msg,0,99,437,5865,559,112,112
msg,0,100,424,28923,587,112,112
msg,0,101,416,5898,583,112,112
msg,0,102,421,7404,554,112,112
msg,0,103,427,5721,560,112,112
msg,0,104,423,5949,585,112,112
msg,0,105,422,6800,582,112,112
msg,0,106,422,5644,556,112,112
msg,0,107,428,5485,554,112,112
msg,0,108,451,5413,581,112,112
msg,0,109,450,5620,593,112,112
msg,0,110,423,7221,558,112,112
msg,0,111,455,31762,561,112,112
msg,0,112,457,5868,555,112,112
msg,0,113,428,7166,584,112,112
msg,0,114,424,5901,588,112,112
msg,0,115,450,6221,561,112,112
msg,0,116,430,5939,578,112,112
msg,0,117,420,6217,590,112,112
msg,0,118,458,5803,589,112,112
msg,0,119,457,6436,692,112,112
msg,0,120,450,6712,589,112,112
msg,0,121,453,32908,592,112,112
msg,0,122,455,8783,558,112,112
msg,0,123,462,6195,587,112,112
msg,0,124,426,6133,579,112,112
msg,0,125,453,5660,586,112,112
msg,0,126,452,5493,582,112,112
msg,0,127,424,5516,560,112,112
msg,0,128,421,5586,560,112,112
msg,0,129,462,6458,586,112,112
msg,0,130,448,6761,577,112,112
msg,0,131,449,28926,558,112,112
msg,0,132,459,5540,590,112,112
msg,0,133,461,5587,588,112,112
msg,0,134,451,5796,587,112,112
msg,0,135,451,5954,555,112,112
msg,0,136,463,6103,565,112,112
msg,0,137,425,5704,560,112,112
msg,0,138,420,5493,559,112,112
msg,0,139,457,6267,586,112,112
msg,0,140,427,6257,556,112,112
msg,0,141,470,5764,561,112,112
msg,0,142,456,29307,586,112,112
msg,0,143,422,5896,591,112,112
msg,0,144,458,5604,587,112,112
msg,0,145,427,5805,590,112,112
msg,0,146,452,5655,589,112,112
msg,0,147,425,5627,584,112,112
msg,0,148,425,5661,582,112,112
msg,0,149,421,5593,560,112,112
msg,0,150,423,5808,561,112,112
msg,0,151,1012,6654,592,112,112
msg,0,152,460,6120,559,112,112
msg,0,153,422,29506,582,112,112
msg,0,154,461,5701,584,112,112
msg,0,155,453,5537,592,112,112
msg,0,156,564,6417,597,112,112
msg,0,157,423,6671,576,112,112
msg,0,158,431,7200,582,112,112
msg,0,159,455,5630,590,112,112
msg,0,160,458,6180,556,112,112
msg,0,161,425,6677,562,112,112
msg,0,162,426,5926,562,112,112
msg,0,163,587,5576,561,112,112
msg,0,164,438,21830,557,112,112
msg,0,165,434,5709,561,112,112
msg,0,166,441,6339,587,112,112
msg,0,167,464,5461,588,112,112
msg,0,168,429,6538,582,112,112
msg,0,169,422,5617,554,112,112
msg,0,170,541,6366,558,112,112
msg,0,171,467,6807,560,112,112
msg,0,172,456,5988,560,112,112
msg,0,173,426,6250,587,112,112
msg,0,174,455,5927,557,112,112
msg,0,175,461,8119,581,112,112
msg,0,176,420,26964,586,112,112
msg,0,177,421,6853,590,112,112
msg,0,178,451,5722,695,112,112
msg,0,179,458,5716,585,112,112
msg,0,180,457,9031,560,112,112
msg,0,181,456,6142,582,112,112
msg,0,182,427,5553,556,112,112
msg,0,183,430,7124,678,112,112
msg,0,184,458,5973,556,112,112
msg,0,185,453,8803,555,112,112
msg,0,186,453,19464,591,112,112
msg,0,187,459,6083,562,112,112
msg,0,188,452,6774,560,112,112
msg,0,189,424,5823,558,112,112
msg,0,190,423,6003,586,112,112
msg,0,191,436,6137,584,112,112
msg,0,192,457,5359,587,112,112
msg,0,193,426,5819,583,112,112
msg,0,194,426,6991,583,112,112
msg,0,195,447,5746,587,112,112
msg,0,196,455,5546,589,112,112
msg,0,197,419,8557,559,112,112
msg,0,198,420,30166,586,112,112
msg,0,199,451,5635,590,112,112
whole,0,8115.630,10050.746,200
1,5.3760,11119.1450,131.1150,11255.6360,4015,4093,45,4312,4,14,5,20,110892,66170.0,70127.0,4673570.0,6202238.0,2,2,2,1
msg,1,0,570,5547,561,112,112
msg,1,1,455,5553,1176,112,112
msg,1,2,431,5663,583,112,112
msg,1,3,424,9333,558,112,112
msg,1,4,459,6289,593,112,112
msg,1,5,423,5544,557,112,112
msg,1,6,424,6130,593,112,112
msg,1,7,562,28807,586,112,112
msg,1,8,460,6346,587,112,112
msg,1,9,421,5614,560,112,112
msg,1,10,417,5479,560,112,112
msg,1,11,457,5372,584,112,112
msg,1,12,455,5516,584,112,112
msg,1,13,426,5521,562,112,112
msg,1,14,423,6905,562,112,112
msg,1,15,439,6834,588,112,112
msg,1,16,427,5776,693,112,112
msg,1,17,420,5748,586,112,112
msg,1,18,423,28784,588,112,112
msg,1,19,432,6558,558,112,112
msg,1,20,426,5385,562,112,112
msg,1,21,455,6367,585,112,112
msg,1,22,423,5983,587,112,112
msg,1,23,452,5480,696,112,112
msg,1,24,448,5517,585,112,112
msg,1,25,420,5483,560,112,112
msg,1,26,429,6702,557,112,112
msg,1,27,429,8091,590,112,112
msg,1,28,437,5590,560,112,112
msg,1,29,435,651622,569,112,112
msg,1,30,426,5955,590,112,112
msg,1,31,421,5867,593,112,112
msg,1,32,420,5527,562,112,112
msg,1,33,432,6089,592,112,112
msg,1,34,572,5717,590,112,112
msg,1,35,454,5537,582,112,112
msg,1,36,424,5555,704,112,112
msg,1,37,425,5742,588,112,112
msg,1,38,432,6778,585,112,112
msg,1,39,425,27429,560,112,112
msg,1,40,425,6606,1124,112,112
msg,1,41,429,7216,558,112,112
msg,1,42,456,5481,583,112,112
msg,1,43,455,5815,587,112,112
msg,1,44,454,5981,559,112,112
msg,1,45,463,5614,586,112,112
msg,1,46,467,5840,557,112,112
msg,1,47,453,5505,586,112,112
msg,1,48,461,9853,588,112,112
msg,1,49,454,6002,564,112,112
msg,1,50,424,27051,583,112,112
msg,1,51,428,6082,584,112,112
msg,1,52,450,6314,557,112,112
msg,1,53,425,5452,562,112,112
msg,1,54,453,5792,558,112,112
msg,1,55,455,6160,584,112,112
msg,1,56,428,5535,559,112,112
msg,1,57,424,5666,561,112,112
msg,1,58,445,5716,555,112,112
msg,1,59,436,5775,559,112,112
msg,1,60,432,6450,559,112,112
msg,1,61,453,33132,558,112,112
msg,1,62,432,5668,558,112,112
msg,1,63,426,5455,560,112,112
msg,1,64,458,6127,558,112,112
msg,1,65,430,5378,558,112,112
msg,1,66,458,5986,558,112,112
msg,1,67,424,6494,585,112,112
msg,1,68,460,6035,557,112,112
msg,1,69,434,5919,582,112,112
msg,1,70,418,5969,579,112,112
msg,1,71,426,28634,586,112,112
msg,1,72,423,6527,555,112,112
msg,1,73,429,5535,563,112,112
msg,1,74,459,5992,562,112,112
msg,1,75,422,5561,560,112,112
msg,1,76,571,5419,586,112,112
msg,1,77,453,5607,590,112,112
msg,1,78,450,6081,558,112,112
msg,1,79,455,5807,555,112,112
msg,1,80,424,5797,562,112,112
msg,1,81,435,7125,589,112,112
msg,1,82,422,28676,587,112,112
msg,1,83,423,6984,581,112,112
msg,1,84,445,5469,583,112,112
msg,1,85,424,5847,593,112,112
msg,1,86,424,5502,560,112,112
msg,1,87,436,5428,583,112,112
msg,1,88,460,5676,587,112,112
msg,1,89,457,6044,557,112,112
msg,1,90,423,5451,587,112,112
msg,1,91,450,5582,592,112,112
msg,1,92,455,6877,581,112,112
msg,1,93,455,34280,584,112,112
msg,1,94,430,9161,588,112,112
msg,1,95,459,6548,586,112,112
msg,1,96,453,5484,581,112,112
msg,1,97,434,5796,691,112,112
msg,1,98,419,5982,590,112,112
msg,1,99,456,5612,584,112,112
msg,1,100,455,5608,588,112,112
msg,1,101,426,5715,714,112,112
msg,1,102,452,5487,585,112,112
msg,1,103,421,29241,582,112,112
msg,1,104,458,6370,584,112,112
msg,1,105,412,5639,586,112,112
msg,1,106,421,5521,554,112,112
msg,1,107,437,5518,557,112,112
msg,1,108,469,5438,582,112,112
msg,1,109,422,5509,583,112,112
msg,1,110,548,5663,581,112,112
msg,1,111,415,49086,589,112,112
msg,1,112,467,8360,559,112,112
msg,1,113,427,5851,581,112,112
msg,1,114,417,5516,672,112,112
msg,1,115,430,5746,556,112,112
msg,1,116,425,6099,585,112,112
msg,1,117,424,5748,1081,112,112
msg,1,118,429,5874,561,112,112
msg,1,119,420,6118,588,112,112
msg,1,120,428,6500,561,112,112
msg,1,121,426,6941,587,112,112
msg,1,122,423,28122,585,112,112
msg,1,123,455,6061,557,112,112
msg,1,124,421,5564,558,112,112
msg,1,125,449,8349,584,112,112
msg,1,126,434,7265,562,112,112
msg,1,127,424,5359,585,112,112
msg,1,128,454,7649,588,112,112
msg,1,129,454,6861,587,112,112
msg,1,130,453,5801,585,112,112
msg,1,131,452,8997,559,112,112
msg,1,132,426,32219,588,112,112
msg,1,133,415,8116,557,112,112
msg,1,134,461,7784,560,112,112
msg,1,135,463,6061,557,112,112
msg,1,136,434,5821,590,112,112
msg,1,137,423,6775,588,112,112
msg,1,138,423,5540,556,112,112
msg,1,139,428,5856,561,112,112
msg,1,140,425,5832,558,112,112
msg,1,141,424,5471,559,112,112
msg,1,142,454,28859,559,112,112
msg,1,143,441,6835,558,112,112
msg,1,144,430,6281,588,112,112
msg,1,145,456,5832,583,112,112
msg,1,146,457,6047,556,112,112
msg,1,147,424,5619,560,112,112
msg,1,148,457,5924,560,112,112
msg,1,149,424,7356,581,112,112
msg,1,150,453,6173,560,112,112
msg,1,151,421,5753,558,112,112
msg,1,152,430,8206,595,112,112
msg,1,153,455,27686,583,112,112
msg,1,154,458,5855,580,112,112
msg,1,155,464,6739,582,112,112
msg,1,156,453,6741,591,112,112
msg,1,157,457,6693,587,112,112
msg,1,158,454,5967,560,112,112
msg,1,159,450,6670,558,112,112
msg,1,160,453,7003,555,112,112
msg,1,161,431,6361,583,112,112
msg,1,162,448,6200,559,112,112
msg,1,163,432,31346,589,112,112
msg,1,164,450,7696,583,112,112
msg,1,165,453,7605,585,112,112
msg,1,166,459,6647,1043,112,112
msg,1,167,433,8677,562,112,112
msg,1,168,449,7992,558,112,112
msg,1,169,428,6297,589,112,112
msg,1,170,456,7056,558,112,112
msg,1,171,427,5480,586,112,112
msg,1,172,451,33103,560,112,112
msg,1,173,549,6154,585,112,112
msg,1,174,451,7406,579,112,112
msg,1,175,421,5643,557,112,112
msg,1,176,423,5807,585,112,112
msg,1,177,429,5944,587,112,112
msg,1,178,416,6894,583,112,112
msg,1,179,455,6323,561,112,112
msg,1,180,426,5605,561,112,112
msg,1,181,529,6505,562,112,112
msg,1,182,456,28364,585,112,112
msg,1,183,423,5976,583,112,112
msg,1,184,461,6100,557,112,112
msg,1,185,425,9040,584,112,112
msg,1,186,422,5538,558,112,112
msg,1,187,425,6226,590,112,112
msg,1,188,460,5633,588,112,112
msg,1,189,448,7850,588,112,112
msg,1,190,455,6097,658,112,112
msg,1,191,443,6872,578,112,112
msg,1,192,425,30198,582,112,112
msg,1,193,458,6588,584,112,112
msg,1,194,422,5396,561,112,112
msg,1,195,434,5487,559,112,112
msg,1,196,456,10348,690,112,112
msg,1,197,458,6407,712,112,112
msg,1,198,426,6799,584,112,112
msg,1,199,433,5947,588,112,112
whole,1,11269.037,13859.864,200
2,4.5160,8029.4880,35.3920,8069.3960,4015,4093,45,4312,4,14,5,20,110892,66118.0,70601.0,4673629.0,3111739.0,2,2,2,1
msg,2,0,571,6385,561,112,112
msg,2,1,424,6660,558,112,112
msg,2,2,463,8112,586,112,112
msg,2,3,428,28883,585,112,112
msg,2,4,423,5932,581,112,112
msg,2,5,452,6011,562,112,112
msg,2,6,463,5368,582,112,112
msg,2,7,427,5398,560,112,112
msg,2,8,423,6131,591,112,112
msg,2,9,425,5338,558,112,112
msg,2,10,428,5451,586,112,112
msg,2,11,466,7478,591,112,112
msg,2,12,457,6276,559,112,112
msg,2,13,422,33494,562,112,112
msg,2,14,451,6867,559,112,112
msg,2,15,459,5471,584,112,112
msg,2,16,464,5562,586,112,112
msg,2,17,419,5546,586,112,112
msg,2,18,422,5721,583,112,112
msg,2,19,428,5625,563,112,112
msg,2,20,422,5890,585,112,112
msg,2,21,418,5501,565,112,112
msg,2,22,434,6308,584,112,112
msg,2,23,444,7968,590,112,112
msg,2,24,454,27773,559,112,112
msg,2,25,455,6956,560,112,112
msg,2,26,429,5676,561,112,112
msg,2,27,455,5432,584,112,112
msg,2,28,447,5619,590,112,112
msg,2,29,423,5704,592,112,112
msg,2,30,418,5431,557,112,112
msg,2,31,423,5590,562,112,112
msg,2,32,455,5250,583,112,112
msg,2,33,419,5948,588,112,112
msg,2,34,567,6929,558,112,112
msg,2,35,469,33772,556,112,112
msg,2,36,425,6044,587,112,112
msg,2,37,424,5977,582,112,112
msg,2,38,421,5301,560,112,112
msg,2,39,427,5342,590,112,112
msg,2,40,451,6203,559,112,112
msg,2,41,427,6567,562,112,112
msg,2,42,458,5422,591,112,112
msg,2,43,451,5335,558,112,112
msg,2,44,420,5647,553,112,112
msg,2,45,424,5517,563,112,112
msg,2,46,454,27034,558,112,112
msg,2,47,431,7122,589,112,112
msg,2,48,421,5815,583,112,112
msg,2,49,461,6831,587,112,112
msg,2,50,448,5592,587,112,112
msg,2,51,427,6784,592,112,112
msg,2,52,624,5341,579,112,112
msg,2,53,424,20381,558,112,112
msg,2,54,453,6013,560,112,112
msg,2,55,432,26928,581,112,112
msg,2,56,432,7653,585,112,112
msg,2,57,430,5731,558,112,112
msg,2,58,544,5836,1040,112,112
msg,2,59,462,5604,583,112,112
msg,2,60,462,5601,582,112,112
msg,2,61,457,6262,560,112,112
msg,2,62,438,8043,581,112,112
msg,2,63,426,7482,561,112,112
msg,2,64,420,6952,584,112,112
msg,2,65,428,29556,557,112,112
msg,2,66,421,6988,581,112,112
msg,2,67,425,5733,588,112,112
msg,2,68,420,5959,593,112,112
msg,2,69,451,5843,590,112,112
msg,2,70,455,5702,581,112,112
msg,2,71,451,6195,555,112,112
msg,2,72,424,5850,557,112,112
msg,2,73,422,7175,587,112,112
msg,2,74,456,8491,590,112,112
msg,2,75,425,8027,583,112,112
msg,2,76,463,27374,586,112,112
msg,2,77,424,6054,675,112,112
msg,2,78,471,5606,585,112,112
msg,2,79,452,5487,582,112,112
msg,2,80,426,5637,584,112,112
msg,2,81,420,5362,557,112,112
msg,2,82,458,5807,557,112,112
msg,2,83,458,8657,561,112,112
msg,2,84,460,7808,557,112,112
msg,2,85,455,35376,585,112,112
msg,2,86,429,8433,557,112,112
msg,2,87,429,8391,561,112,112
msg,2,88,448,8376,587,112,112
msg,2,89,629,5819,582,112,112
msg,2,90,456,6171,559,112,112
msg,2,91,425,6128,591,112,112
msg,2,92,428,5959,584,112,112
msg,2,93,444,6189,554,112,112
msg,2,94,427,6622,560,112,112
msg,2,95,422,17856,560,112,112
msg,2,96,429,7523,560,112,112
msg,2,97,454,7993,560,112,112
msg,2,98,431,6032,589,112,112
msg,2,99,428,6157,556,112,112
msg,2,100,458,6121,558,112,112
msg,2,101,423,5765,557,112,112
msg,2,102,427,5788,560,112,112
msg,2,103,435,6173,588,112,112
msg,2,104,458,5711,592,112,112
msg,2,105,450,6812,676,112,112
msg,2,106,464,34299,583,112,112
msg,2,107,422,6324,560,112,112
msg,2,108,470,6444,586,112,112
msg,2,109,458,5466,586,112,112
msg,2,110,425,5606,579,112,112
msg,2,111,418,5549,560,112,112
msg,2,112,426,35116,587,112,112
msg,2,113,421,32296,560,112,112
msg,2,114,455,5676,558,112,112
msg,2,115,456,5576,589,112,112
msg,2,116,458,5439,583,112,112
msg,2,117,426,7937,589,112,112
msg,2,118,454,5483,587,112,112
msg,2,119,424,5516,561,112,112
msg,2,120,431,6636,558,112,112
msg,2,121,426,5895,557,112,112
msg,2,122,445,5822,583,112,112
msg,2,123,434,35809,590,112,112
msg,2,124,428,5987,593,112,112
msg,2,125,452,5757,586,112,112
msg,2,126,564,5837,561,112,112
msg,2,127,457,8558,589,112,112
msg,2,128,462,6527,586,112,112
msg,2,129,424,8333,557,112,112
msg,2,130,432,5818,559,112,112
msg,2,131,427,5805,563,112,112
msg,2,132,428,9655,561,112,112
msg,2,133,441,18776,555,112,112
msg,2,134,436,6104,588,112,112
msg,2,135,424,8035,588,112,112
msg,2,136,568,6211,583,112,112
msg,2,137,423,5991,587,112,112
msg,2,138,420,6186,558,112,112
msg,2,139,457,5434,581,112,112
msg,2,140,448,6066,556,112,112
msg,2,141,456,5651,555,112,112
msg,2,142,458,6228,583,112,112
msg,2,143,420,6068,589,112,112
msg,2,144,457,30500,585,112,112
msg,2,145,421,6695,582,112,112
msg,2,146,416,5790,717,112,112
msg,2,147,453,6451,589,112,112
msg,2,148,418,20809,584,112,112
msg,2,149,418,8735,693,112,112
msg,2,150,424,5729,592,112,112
msg,2,151,425,5966,585,112,112
msg,2,152,458,36269,560,112,112
msg,2,153,430,5777,563,112,112
msg,2,154,585,5561,556,112,112
msg,2,155,430,5756,559,112,112
msg,2,156,420,5751,671,112,112
msg,2,157,427,5857,582,112,112
msg,2,158,428,5766,587,112,112
msg,2,159,427,7666,561,112,112
msg,2,160,424,6263,582,112,112
msg,2,161,454,6157,562,112,112
msg,2,162,425,6171,587,112,112
msg,2,163,450,25479,589,112,112
msg,2,164,434,5688,561,112,112
msg,2,165,451,10277,557,112,112
msg,2,166,460,5569,584,112,112
msg,2,167,452,5478,583,112,112
msg,2,168,423,5758,587,112,112
msg,2,169,430,7065,701,112,112
msg,2,170,458,7371,583,112,112
msg,2,171,458,5454,581,112,112
msg,2,172,430,5523,556,112,112
msg,2,173,428,28297,588,112,112
msg,2,174,460,7499,587,112,112
msg,2,175,434,10040,593,112,112
msg,2,176,455,5681,590,112,112
msg,2,177,561,5537,585,112,112
msg,2,178,435,5914,583,112,112
msg,2,179,457,5906,553,112,112
msg,2,180,458,5690,584,112,112
msg,2,181,458,6090,560,112,112
msg,2,182,425,7137,577,112,112
msg,2,183,459,30114,559,112,112
msg,2,184,459,7355,591,112,112
msg,2,185,451,6258,560,112,112
msg,2,186,423,7510,558,112,112
msg,2,187,468,5725,559,112,112
msg,2,188,461,5577,588,112,112
msg,2,189,453,5569,579,112,112
msg,2,190,459,5284,560,112,112
msg,2,191,422,6591,560,112,112
msg,2,192,429,6456,581,112,112
msg,2,193,458,8096,557,112,112
msg,2,194,430,28138,586,112,112
msg,2,195,417,5946,586,112,112
msg,2,196,454,5732,586,112,112
msg,2,197,468,6417,588,112,112
msg,2,198,425,6988,587,112,112
msg,2,199,456,5479,594,112,112
whole,2,8084.087,10116.450,200
#heap 25431
#stack 61856
#end
#block pipeline mTLS lorawan11_256 up
#aead AES-256-CTR+2xCMAC (LoRaWAN 1.1 frame, 256-bit keys) (BearSSL (arduino-pico)), uplink, 51 B payload + 13 B overhead
#lib wolfSSL 5.9.4
iter,tcp_ms,tls_ms,mqtt_ms,total_ms,hs_tx_B,hs_rx_B,mqtt_tx_B,mqtt_rx_B,hs_writes,hs_reads,writes,reads,free_heap_B,hs_keygen_us,hs_derive_us,hs_verify_us,hs_sign_us,hs_keygen_n,hs_derive_n,hs_verify_n,hs_sign_n
msg,iter,idx,seal_us,rtt_us,open_us,tx_B,rx_B
whole,iter,first_ms,all_ms,msgs
#suite TLS13-AES256-GCM-SHA384
0,4.6560,8033.0200,53.8760,8091.5520,4015,4093,45,4312,4,14,5,20,110892,66267.0,70081.0,4666650.0,3110381.0,2,2,2,1
msg,0,0,1091,5737,1074,112,112
msg,0,1,957,5530,1070,112,112
msg,0,2,951,5561,1071,112,112
msg,0,3,941,6474,1075,112,112
msg,0,4,945,5651,1079,112,112
msg,0,5,910,6603,1076,112,112
msg,0,6,951,32312,1058,112,112
msg,0,7,955,6036,1072,112,112
msg,0,8,957,5543,1067,112,112
msg,0,9,941,7051,1066,112,112
msg,0,10,939,6634,1067,112,112
msg,0,11,952,6974,1084,112,112
msg,0,12,931,5517,1067,112,112
msg,0,13,944,7109,1081,112,112
msg,0,14,945,7430,1072,112,112
msg,0,15,942,29603,1069,112,112
msg,0,16,1059,8158,1082,112,112
msg,0,17,948,8692,1210,112,112
msg,0,18,953,7047,1233,112,112
msg,0,19,948,6130,1076,112,112
msg,0,20,943,5354,1067,112,112
msg,0,21,943,6635,1201,112,112
msg,0,22,947,6044,1080,112,112
msg,0,23,937,31407,1073,112,112
msg,0,24,950,6924,1078,112,112
msg,0,25,958,7396,1069,112,112
msg,0,26,945,7972,1072,112,112
msg,0,27,958,7815,1076,112,112
msg,0,28,953,8593,1072,112,112
msg,0,29,942,5473,1066,112,112
msg,0,30,945,6999,1072,112,112
msg,0,31,943,37459,1068,112,112
msg,0,32,945,6577,1076,112,112
msg,0,33,945,6997,1061,112,112
msg,0,34,950,5802,1069,112,112
msg,0,35,945,5997,1072,112,112
msg,0,36,943,5578,1065,112,112
msg,0,37,948,8397,1201,112,112
msg,0,38,947,5808,1067,112,112
msg,0,39,940,5843,1066,112,112
msg,0,40,945,34870,1076,112,112
msg,0,41,944,5770,1062,112,112
msg,0,42,944,5977,1073,112,112
msg,0,43,952,5493,1065,112,112
msg,0,44,955,7535,1067,112,112
msg,0,45,956,5468,1071,112,112
msg,0,46,914,5381,1073,112,112
msg,0,47,1116,5381,1059,112,112
msg,0,48,955,5551,1087,112,112
msg,0,49,960,30102,1069,112,112
msg,0,50,952,7398,1086,112,112
msg,0,51,953,8755,1094,112,112
msg,0,52,945,5382,1075,112,112
msg,0,53,950,5785,1078,112,112
msg,0,54,919,7265,1078,112,112
msg,0,55,947,5828,1069,112,112
msg,0,56,945,6121,1076,112,112
msg,0,57,947,5513,1058,112,112
msg,0,58,944,28970,1076,112,112
msg,0,59,940,7652,1077,112,112
msg,0,60,1059,7666,1075,112,112
msg,0,61,943,5985,1082,112,112
msg,0,62,944,5389,1066,112,112
msg,0,63,944,8089,1073,112,112
msg,0,64,944,6388,1069,112,112
msg,0,65,942,5396,1069,112,112
msg,0,66,947,6125,1175,112,112
msg,0,67,950,30622,1075,112,112
msg,0,68,952,7615,1069,112,112
msg,0,69,950,6032,1069,112,112
msg,0,70,949,7139,1208,112,112
msg,0,71,948,6393,1084,112,112
msg,0,72,919,8272,1223,112,112
msg,0,73,948,7660,1071,112,112
msg,0,74,943,8010,1189,112,112
msg,0,75,917,29440,1071,112,112
msg,0,76,951,8883,1078,112,112
msg,0,77,945,8603,1064,112,112
msg,0,78,938,6617,1074,112,112
msg,0,79,946,6277,1079,112,112
msg,0,80,945,6531,1201,112,112
msg,0,81,913,5907,1082,112,112
msg,0,82,947,6020,1066,112,112
msg,0,83,936,9943,1068,112,112
msg,0,84,946,21916,1069,112,112
msg,0,85,946,12768,1072,112,112
msg,0,86,939,13380,1067,112,112
msg,0,87,948,6095,1071,112,112
msg,0,88,950,6572,1066,112,112
msg,0,89,946,6604,1063,112,112
msg,0,90,943,9992,1068,112,112
msg,0,91,952,35236,1198,112,112
msg,0,92,941,9565,1080,112,112
msg,0,93,938,6453,1071,112,112
msg,0,94,954,7794,1621,112,112
msg,0,95,955,7370,1075,112,112
msg,0,96,918,9423,1069,112,112
msg,0,97,942,6033,1073,112,112
msg,0,98,945,39347,1070,112,112
msg,0,99,946,8103,1076,112,112
msg,0,100,943,5847,1083,112,112
msg,0,101,913,6984,1071,112,112
msg,0,102,952,16050,1064,112,112
msg,0,103,939,6901,1069,112,112
msg,0,104,957,7670,1070,112,112
msg,0,105,958,30026,1182,112,112
msg,0,106,922,7068,1084,112,112
msg,0,107,944,5978,1063,112,112
msg,0,108,956,5918,1071,112,112
msg,0,109,952,5560,1063,112,112
msg,0,110,952,6463,1072,112,112
msg,0,111,949,5975,1066,112,112
msg,0,112,946,5922,1075,112,112
msg,0,113,945,6266,1084,112,112
msg,0,114,937,7809,1063,112,112
msg,0,115,953,27130,1081,112,112
msg,0,116,943,6101,1079,112,112
msg,0,117,950,6441,1077,112,112
msg,0,118,943,5774,1072,112,112
msg,0,119,950,6056,1074,112,112
msg,0,120,951,9183,1071,112,112
msg,0,121,945,9429,1079,112,112
msg,0,122,959,6122,1066,112,112
msg,0,123,940,34567,1066,112,112
msg,0,124,945,6300,1079,112,112
msg,0,125,925,6522,1074,112,112
msg,0,126,950,5835,1077,112,112
msg,0,127,937,6733,1079,112,112
msg,0,128,944,9106,1073,112,112
msg,0,129,943,5754,1077,112,112
msg,0,130,939,5355,1067,112,112
msg,0,131,946,5745,1074,112,112
msg,0,132,1066,26381,1069,112,112
msg,0,133,949,7006,1071,112,112
msg,0,134,947,5566,1072,112,112
msg,0,135,947,6697,1072,112,112
msg,0,136,944,5800,1071,112,112
msg,0,137,943,5405,1072,112,112
msg,0,138,951,5748,1087,112,112
msg,0,139,964,7003,1073,112,112
msg,0,140,948,8243,1086,112,112
msg,0,141,918,31321,1067,112,112
msg,0,142,950,5783,1069,112,112
msg,0,143,1056,5598,1072,112,112
msg,0,144,947,6611,1064,112,112
msg,0,145,952,6153,1071,112,112
msg,0,146,945,5393,1064,112,112
msg,0,147,944,5689,1168,112,112
msg,0,148,942,6910,1069,112,112
msg,0,149,947,6400,1090,112,112
msg,0,150,954,22963,1074,112,112
msg,0,151,942,9583,1065,112,112
msg,0,152,941,5374,1083,112,112
msg,0,153,951,5404,1070,112,112
msg,0,154,950,5983,1077,112,112
msg,0,155,1115,5720,1079,112,112
msg,0,156,922,5612,1071,112,112
msg,0,157,938,5558,1073,112,112
msg,0,158,949,5516,1071,112,112
msg,0,159,939,5347,1078,112,112
msg,0,160,917,5804,1077,112,112
msg,0,161,934,29121,1063,112,112
msg,0,162,949,7455,1083,112,112
msg,0,163,940,6594,1078,112,112
msg,0,164,917,6459,1068,112,112
msg,0,165,941,6708,1067,112,112
msg,0,166,950,5711,1071,112,112
msg,0,167,942,5626,1067,112,112
msg,0,168,949,5853,1064,112,112
msg,0,169,946,7897,1079,112,112
msg,0,170,946,31066,1077,112,112
msg,0,171,911,6453,1072,112,112
msg,0,172,947,6364,1067,112,112
msg,0,173,1116,6322,1080,112,112
msg,0,174,943,5706,1079,112,112
msg,0,175,944,5674,1082,112,112
msg,0,176,914,8418,1069,112,112
msg,0,177,953,5581,1071,112,112
msg,0,178,938,6074,1075,112,112
msg,0,179,943,31063,1078,112,112
msg,0,180,944,5597,1552,112,112
msg,0,181,954,5702,1218,112,112
msg,0,182,953,7728,1067,112,112
msg,0,183,950,5454,1083,112,112
msg,0,184,951,8427,1081,112,112
msg,0,185,914,6563,1074,112,112
msg,0,186,941,7812,1069,112,112
msg,0,187,935,36152,1079,112,112
msg,0,188,943,5582,1227,112,112
msg,0,189,944,5721,1076,112,112
msg,0,190,945,5772,1093,112,112
msg,0,191,944,5353,1074,112,112
msg,0,192,953,5691,1072,112,112
msg,0,193,942,8099,1080,112,112
msg,0,194,941,7020,1063,112,112
msg,0,195,949,6257,1079,112,112
msg,0,196,950,27843,1077,112,112
msg,0,197,918,7163,1068,112,112
msg,0,198,947,6087,1076,112,112
msg,0,199,943,5631,1072,112,112
whole,0,8106.632,10456.930,200
1,5.3850,8024.4770,145.7840,8175.6460,4015,4093,45,4312,4,14,5,20,110892,66236.0,70105.0,4668398.0,3112893.0,2,2,2,1
msg,1,0,1080,5665,1081,112,112
msg,1,1,959,5447,1078,112,112
msg,1,2,942,5896,1085,112,112
msg,1,3,939,9508,1075,112,112
msg,1,4,940,5987,1080,112,112
msg,1,5,951,6595,1078,112,112
msg,1,6,943,25554,1073,112,112
msg,1,7,1043,7185,1088,112,112
msg,1,8,945,5957,1062,112,112
msg,1,9,938,5822,1065,112,112
msg,1,10,943,5335,1082,112,112
msg,1,11,943,5566,1186,112,112
msg,1,12,943,6085,1062,112,112
msg,1,13,946,5276,1077,112,112
msg,1,14,947,5631,1071,112,112
msg,1,15,944,10253,1060,112,112
msg,1,16,954,31983,1064,112,112
msg,1,17,950,5363,1076,112,112
msg,1,18,1119,6416,1079,112,112
msg,1,19,944,5336,1066,112,112
msg,1,20,951,5371,1091,112,112
msg,1,21,940,6338,1088,112,112
msg,1,22,941,5330,1067,112,112
msg,1,23,1054,5921,1067,112,112
msg,1,24,944,5305,1092,112,112
msg,1,25,944,32416,1077,112,112
msg,1,26,944,6527,1072,112,112
msg,1,27,1112,7066,1074,112,112
msg,1,28,944,5676,1080,112,112
msg,1,29,947,5664,1072,112,112
msg,1,30,940,5490,1078,112,112
msg,1,31,946,7102,1067,112,112
msg,1,32,955,8384,1082,112,112
msg,1,33,949,36660,1070,112,112
msg,1,34,947,6327,1069,112,112
msg,1,35,975,5949,1069,112,112
msg,1,36,945,8477,1064,112,112
msg,1,37,1056,7245,1074,112,112
msg,1,38,915,5930,1077,112,112
msg,1,39,946,5367,1071,112,112
msg,1,40,940,5355,1063,112,112
msg,1,41,939,5365,1081,112,112
msg,1,42,1068,26552,1079,112,112
msg,1,43,939,10772,1075,112,112
msg,1,44,938,7712,1084,112,112
msg,1,45,955,16930,1078,112,112
msg,1,46,944,6740,1078,112,112
msg,1,47,962,5387,1075,112,112
msg,1,48,948,5614,1067,112,112
msg,1,49,951,5689,1067,112,112
msg,1,50,945,27891,1608,112,112
msg,1,51,948,6264,1083,112,112
msg,1,52,942,5914,1080,112,112
msg,1,53,949,7507,1198,112,112
msg,1,54,919,7128,1059,112,112
msg,1,55,945,5765,1060,112,112
msg,1,56,940,5514,1080,112,112
msg,1,57,944,5498,1075,112,112
msg,1,58,943,5981,1076,112,112
msg,1,59,948,28936,1094,112,112
msg,1,60,1106,7473,1080,112,112
msg,1,61,957,6350,1071,112,112
msg,1,62,944,5367,1066,112,112
msg,1,63,1056,5411,1075,112,112
msg,1,64,947,5455,1080,112,112
msg,1,65,951,5849,1077,112,112
msg,1,66,921,5527,1070,112,112
msg,1,67,953,5623,1069,112,112
msg,1,68,1051,6084,1079,112,112
msg,1,69,944,28736,1073,112,112
msg,1,70,941,7260,1067,112,112
msg,1,71,952,7325,1077,112,112
msg,1,72,948,5852,1057,112,112
msg,1,73,941,6273,1080,112,112
msg,1,74,948,5608,1071,112,112
msg,1,75,1532,6450,1075,112,112
msg,1,76,918,5438,1073,112,112
msg,1,77,945,6704,1071,112,112
msg,1,78,950,27554,1060,112,112
msg,1,79,950,9648,1065,112,112
msg,1,80,944,5627,1078,112,112
msg,1,81,950,5699,1077,112,112
msg,1,82,944,5368,1073,112,112
msg,1,83,952,5475,1066,112,112
msg,1,84,943,5328,1078,112,112
msg,1,85,941,5993,1070,112,112
msg,1,86,950,5354,1078,112,112
msg,1,87,946,37984,1081,112,112
msg,1,88,946,6872,1066,112,112
msg,1,89,938,6187,1073,112,112
msg,1,90,943,5872,1080,112,112
msg,1,91,947,5672,1072,112,112
msg,1,92,943,5354,1063,112,112
msg,1,93,943,5856,1069,112,112
msg,1,94,963,5413,1074,112,112
msg,1,95,946,5694,1076,112,112
msg,1,96,942,34855,1088,112,112
msg,1,97,948,5674,1079,112,112
msg,1,98,948,6437,1079,112,112
msg,1,99,941,7530,1069,112,112
msg,1,100,944,5619,1072,112,112
msg,1,101,951,5432,1089,112,112
msg,1,102,956,6879,1068,112,112
msg,1,103,942,5860,1070,112,112
msg,1,104,940,5863,1070,112,112
msg,1,105,946,27999,1077,112,112
msg,1,106,953,6004,1076,112,112
msg,1,107,946,5338,1184,112,112
msg,1,108,952,7124,1075,112,112
msg,1,109,944,5432,1082,112,112
msg,1,110,950,6637,1072,112,112
msg,1,111,948,5788,1076,112,112
msg,1,112,948,5643,1072,112,112
msg,1,113,941,5521,1063,112,112
msg,1,114,952,5864,1066,112,112
msg,1,115,948,35644,1073,112,112
msg,1,116,940,5562,1095,112,112
msg,1,117,944,5322,1078,112,112
msg,1,118,939,6720,1072,112,112
msg,1,119,942,7058,1087,112,112
msg,1,120,950,7154,1068,112,112
msg,1,121,941,5347,1073,112,112
msg,1,122,943,5423,1077,112,112
msg,1,123,939,8329,1059,112,112
msg,1,124,950,24989,1072,112,112
msg,1,125,949,6549,1067,112,112
msg,1,126,942,5369,1074,112,112
msg,1,127,945,5378,1067,112,112
msg,1,128,945,5744,1069,112,112
msg,1,129,944,6314,1090,112,112
msg,1,130,945,7256,1070,112,112
msg,1,131,949,5445,1068,112,112
msg,1,132,948,7894,1070,112,112
msg,1,133,943,33488,1067,112,112
msg,1,134,956,5676,1088,112,112
msg,1,135,940,6216,1070,112,112
msg,1,136,948,5934,1086,112,112
msg,1,137,946,7447,1078,112,112
msg,1,138,948,6894,1173,112,112
msg,1,139,951,5653,1071,112,112
msg,1,140,940,7737,1073,112,112
msg,1,141,1062,9129,1090,112,112
msg,1,142,941,25309,1074,112,112
msg,1,143,946,6557,1071,112,112
msg,1,144,941,6238,1078,112,112
msg,1,145,941,5531,1076,112,112
msg,1,146,947,5339,1071,112,112
msg,1,147,944,6364,1073,112,112
msg,1,148,1052,5598,1080,112,112
msg,1,149,1119,5396,1085,112,112
msg,1,150,914,5586,1073,112,112
msg,1,151,949,32001,1083,112,112
msg,1,152,949,6767,1080,112,112
msg,1,153,944,5505,1075,112,112
msg,1,154,946,5906,1085,112,112
msg,1,155,915,6386,1073,112,112
msg,1,156,943,5381,1096,112,112
msg,1,157,1057,5561,1075,112,112
msg,1,158,941,5631,1077,112,112
msg,1,159,950,7381,1067,112,112
msg,1,160,947,5742,1069,112,112
msg,1,161,941,33914,1079,112,112
msg,1,162,958,5401,1070,112,112
msg,1,163,947,5961,1088,112,112
msg,1,164,953,5629,1070,112,112
msg,1,165,951,5780,1070,112,112
msg,1,166,941,5366,1067,112,112
msg,1,167,948,6899,1063,112,112
msg,1,168,947,5498,1091,112,112
msg,1,169,950,5764,1095,112,112
msg,1,170,947,36024,1068,112,112
msg,1,171,944,5325,1081,112,112
msg,1,172,967,5949,1067,112,112
msg,1,173,944,5355,1081,112,112
msg,1,174,951,5419,1071,112,112
msg,1,175,942,5359,1065,112,112
msg,1,176,943,6206,1075,112,112
msg,1,177,1063,5575,1072,112,112
msg,1,178,946,5562,1070,112,112
msg,1,179,948,27136,1086,112,112
msg,1,180,926,7065,1091,112,112
msg,1,181,942,5459,1082,112,112
msg,1,182,923,5396,1073,112,112
msg,1,183,943,5894,1068,112,112
msg,1,184,947,5960,1082,112,112
msg,1,185,914,5658,1072,112,112
msg,1,186,943,5929,1079,112,112
msg,1,187,947,5428,1072,112,112
msg,1,188,959,5599,1064,112,112
msg,1,189,949,27683,1070,112,112
msg,1,190,945,7797,1066,112,112
msg,1,191,943,5410,1085,112,112
msg,1,192,938,5331,1076,112,112
msg,1,193,958,7347,1066,112,112
msg,1,194,950,6226,1079,112,112
msg,1,195,951,6170,1069,112,112
msg,1,196,1058,5489,1077,112,112
msg,1,197,940,5603,1079,112,112
msg,1,198,952,31634,1077,112,112
msg,1,199,910,7768,1081,112,112
whole,1,8190.076,10423.139,200
2,6.4050,8028.9890,46.3980,8081.7920,4015,4093,45,4312,4,14,5,20,110892,66265.0,69928.0,4673459.0,3109727.0,2,2,2,1
msg,2,0,1086,6388,1085,112,112
msg,2,1,944,7378,1071,112,112
msg,2,2,944,5516,1064,112,112
msg,2,3,1052,5876,1066,112,112
msg,2,4,948,6435,1067,112,112
msg,2,5,946,5622,1091,112,112
msg,2,6,948,30920,1065,112,112
msg,2,7,943,7648,1063,112,112
msg,2,8,947,5322,1071,112,112
msg,2,9,948,7235,1064,112,112
msg,2,10,938,7607,1088,112,112
msg,2,11,941,6722,1088,112,112
msg,2,12,949,5298,1070,112,112
msg,2,13,939,6697,1071,112,112
msg,2,14,942,8072,1075,112,112
msg,2,15,944,31668,1079,112,112
msg,2,16,919,5624,1076,112,112
msg,2,17,944,5475,1070,112,112
msg,2,18,952,6252,1082,112,112
msg,2,19,946,7402,1077,112,112
msg,2,20,943,5803,1081,112,112
msg,2,21,948,5375,1067,112,112
msg,2,22,957,5969,1070,112,112
msg,2,23,946,5567,1583,112,112
msg,2,24,932,29356,1073,112,112
msg,2,25,944,8050,1074,112,112
msg,2,26,942,5346,1066,112,112
msg,2,27,941,5341,1080,112,112
msg,2,28,947,7353,1069,112,112
msg,2,29,948,5786,1235,112,112
msg,2,30,950,5345,1066,112,112
msg,2,31,943,7119,1077,112,112
msg,2,32,948,6775,1072,112,112
msg,2,33,936,30543,1073,112,112
msg,2,34,942,6436,1063,112,112
msg,2,35,945,5439,1080,112,112
msg,2,36,946,5397,1076,112,112
msg,2,37,945,5398,1169,112,112
msg,2,38,946,5600,1095,112,112
msg,2,39,947,9250,1077,112,112
msg,2,40,1050,6604,1073,112,112
msg,2,41,943,5425,1065,112,112
msg,2,42,952,6186,1072,112,112
msg,2,43,943,19194,1060,112,112
msg,2,44,944,5598,1077,112,112
msg,2,45,937,5936,1066,112,112
msg,2,46,944,6150,1074,112,112
msg,2,47,951,6387,1066,112,112
msg,2,48,944,6177,1075,112,112
msg,2,49,947,6209,1093,112,112
msg,2,50,952,7279,1078,112,112
msg,2,51,948,9621,1070,112,112
msg,2,52,950,5525,1073,112,112
msg,2,53,952,28052,1068,112,112
msg,2,54,942,5658,1075,112,112
msg,2,55,939,5468,1065,112,112
msg,2,56,946,6871,1176,112,112
msg,2,57,946,5583,1062,112,112
msg,2,58,948,7199,1076,112,112
msg,2,59,946,6489,1072,112,112
msg,2,60,943,6416,1096,112,112
msg,2,61,941,5482,1075,112,112
msg,2,62,918,29866,1078,112,112
msg,2,63,943,6119,1072,112,112
msg,2,64,949,6063,1070,112,112
msg,2,65,944,5466,1178,112,112
msg,2,66,946,6716,1068,112,112
msg,2,67,946,5705,1070,112,112
msg,2,68,945,5348,1082,112,112
msg,2,69,943,6276,1073,112,112
msg,2,70,1533,6083,1068,112,112
msg,2,71,945,5393,1091,112,112
msg,2,72,946,36827,1063,112,112
msg,2,73,943,7537,1075,112,112
msg,2,74,945,7948,1073,112,112
msg,2,75,941,6872,1067,112,112
msg,2,76,944,5663,1067,112,112
msg,2,77,941,6831,1070,112,112
msg,2,78,935,5654,1066,112,112
msg,2,79,941,6521,1077,112,112
msg,2,80,946,30849,1077,112,112
msg,2,81,943,6380,1075,112,112
msg,2,82,949,5449,1069,112,112
msg,2,83,947,5327,1081,112,112
msg,2,84,945,5342,1069,112,112
msg,2,85,942,5707,1073,112,112
msg,2,86,943,5760,1067,112,112
msg,2,87,945,5858,1068,112,112
msg,2,88,947,6195,1079,112,112
msg,2,89,942,32049,1626,112,112
msg,2,90,967,5878,1093,112,112
msg,2,91,943,7832,1064,112,112
msg,2,92,948,7001,1069,112,112
msg,2,93,941,10166,1193,112,112
msg,2,94,942,6041,1070,112,112
msg,2,95,947,6716,1060,112,112
msg,2,96,946,6247,1077,112,112
msg,2,97,947,5418,1072,112,112
msg,2,98,942,29818,1077,112,112
msg,2,99,945,5611,1069,112,112
msg,2,100,949,5907,1078,112,112
msg,2,101,947,5716,1073,112,112
msg,2,102,941,5562,1065,112,112
msg,2,103,935,5641,1064,112,112
msg,2,104,943,6954,1065,112,112
msg,2,105,1119,5504,1065,112,112
msg,2,106,943,9596,1090,112,112
msg,2,107,1050,22004,1070,112,112
msg,2,108,948,5927,1070,112,112
msg,2,109,953,5361,1063,112,112
msg,2,110,1057,9793,1069,112,112
msg,2,111,949,6083,1075,112,112
msg,2,112,1050,5389,1070,112,112
msg,2,113,964,5858,1073,112,112
msg,2,114,948,6712,1072,112,112
msg,2,115,942,5566,1064,112,112
msg,2,116,943,5924,1183,112,112
msg,2,117,947,26799,1069,112,112
msg,2,118,951,10694,1072,112,112
msg,2,119,939,6067,1082,112,112
msg,2,120,948,5883,1093,112,112
msg,2,121,946,7274,1080,112,112
msg,2,122,963,7637,1075,112,112
msg,2,123,1104,5499,1073,112,112
msg,2,124,944,6792,1072,112,112
msg,2,125,945,6891,1073,112,112
msg,2,126,946,36592,1072,112,112
msg,2,127,947,5497,1068,112,112
msg,2,128,952,5479,1087,112,112
msg,2,129,941,5949,1068,112,112
msg,2,130,961,14122,1073,112,112
msg,2,131,952,23331,1066,112,112
msg,2,132,945,45596,1096,112,112
msg,2,133,944,5945,1074,112,112
msg,2,134,951,5718,1061,112,112
msg,2,135,943,5993,1067,112,112
msg,2,136,953,7283,1078,112,112
msg,2,137,941,5771,1209,112,112
msg,2,138,953,6886,1071,112,112
msg,2,139,942,28955,1173,112,112
msg,2,140,952,6271,1063,112,112
msg,2,141,935,6066,1074,112,112
msg,2,142,946,5900,1073,112,112
msg,2,143,941,5851,1079,112,112
msg,2,144,955,7041,1072,112,112
msg,2,145,941,5972,1057,112,112
msg,2,146,943,5702,1066,112,112
msg,2,147,1057,5358,1084,112,112
msg,2,148,946,29990,1064,112,112
msg,2,149,1048,7747,1062,112,112
msg,2,150,949,5338,1071,112,112
msg,2,151,925,5503,1068,112,112
msg,2,152,948,7585,1541,112,112
msg,2,153,944,6027,1067,112,112
msg,2,154,945,5543,1081,112,112
msg,2,155,950,5967,1070,112,112
msg,2,156,965,6182,1075,112,112
msg,2,157,949,31632,1065,112,112
msg,2,158,947,8078,1080,112,112
msg,2,159,941,5467,1187,112,112
msg,2,160,915,5761,1072,112,112
msg,2,161,914,5717,1076,112,112
msg,2,162,941,5415,1070,112,112
msg,2,163,951,6566,1071,112,112
msg,2,164,947,5333,1171,112,112
msg,2,165,945,5754,1085,112,112
msg,2,166,948,5370,1070,112,112
msg,2,167,948,35595,1069,112,112
msg,2,168,950,5486,1061,112,112
msg,2,169,949,6286,1077,112,112
msg,2,170,945,5653,1072,112,112
msg,2,171,1108,7385,1070,112,112
msg,2,172,940,6685,1067,112,112
msg,2,173,945,6125,1073,112,112
msg,2,174,957,6021,1080,112,112
msg,2,175,939,34736,1080,112,112
msg,2,176,942,5784,1078,112,112
msg,2,177,944,5671,1079,112,112
msg,2,178,947,6184,1062,112,112
msg,2,179,945,7043,1074,112,112
msg,2,180,944,5617,1069,112,112
msg,2,181,951,5700,1070,112,112
msg,2,182,941,5317,1095,112,112
msg,2,183,950,9734,1206,112,112
msg,2,184,952,30591,1092,112,112
msg,2,185,942,5732,1088,112,112
msg,2,186,947,7316,1076,112,112
msg,2,187,946,6907,1231,112,112
msg,2,188,953,5666,1076,112,112
msg,2,189,946,5432,1069,112,112
msg,2,190,946,6442,1063,112,112
msg,2,191,949,5524,1081,112,112
msg,2,192,949,7349,1084,112,112
msg,2,193,948,27282,1064,112,112
msg,2,194,949,7612,1089,112,112
msg,2,195,940,6267,1065,112,112
msg,2,196,946,9830,1077,112,112
msg,2,197,943,5945,1075,112,112
msg,2,198,935,5373,1068,112,112
msg,2,199,948,5890,1076,112,112
whole,2,8097.487,10378.560,200
#heap 25431
#stack 61856
#end
#block pipeline mTLS lorawan11_256 down
#aead AES-256-CTR+2xCMAC (LoRaWAN 1.1 frame, 256-bit keys) (BearSSL (arduino-pico)), downlink, 51 B payload + 13 B overhead
#lib wolfSSL 5.9.4
iter,tcp_ms,tls_ms,mqtt_ms,total_ms,hs_tx_B,hs_rx_B,mqtt_tx_B,mqtt_rx_B,hs_writes,hs_reads,writes,reads,free_heap_B,hs_keygen_us,hs_derive_us,hs_verify_us,hs_sign_us,hs_keygen_n,hs_derive_n,hs_verify_n,hs_sign_n
msg,iter,idx,seal_us,rtt_us,open_us,tx_B,rx_B
whole,iter,first_ms,all_ms,msgs
#suite TLS13-AES256-GCM-SHA384
0,7.3800,8033.1820,600.7440,8641.3060,4015,4093,45,4312,4,14,5,20,110892,66278.0,70692.0,4665868.0,3115743.0,2,2,2,1
msg,0,0,705,6197,694,112,112
msg,0,1,558,8432,692,112,112
msg,0,2,564,8198,724,112,112
msg,0,3,584,5932,698,112,112
msg,0,4,554,5346,692,112,112
msg,0,5,564,5641,696,112,112
msg,0,6,559,5569,714,112,112
msg,0,7,556,6979,727,112,112
msg,0,8,703,5501,720,112,112
msg,0,9,603,28450,723,112,112
msg,0,10,585,6971,712,112,112
msg,0,11,597,6754,728,112,112
msg,0,12,589,6917,694,112,112
msg,0,13,562,6788,714,112,112
msg,0,14,587,6829,723,112,112
msg,0,15,588,8316,715,112,112
msg,0,16,708,5643,692,112,112
msg,0,17,563,5371,722,112,112
msg,0,18,587,7765,692,112,112
msg,0,19,563,27694,714,112,112
msg,0,20,557,6535,807,112,112
msg,0,21,593,5933,697,112,112
msg,0,22,565,9889,717,112,112
msg,0,23,710,9570,717,112,112
msg,0,24,602,8908,690,112,112
msg,0,25,567,5918,724,112,112
msg,0,26,583,6557,725,112,112
msg,0,27,592,36707,723,112,112
msg,0,28,597,6245,721,112,112
msg,0,29,588,5584,721,112,112
msg,0,30,587,6140,715,112,112
msg,0,31,593,5747,720,112,112
msg,0,32,588,8555,721,112,112
msg,0,33,590,7428,715,112,112
msg,0,34,589,6435,720,112,112
msg,0,35,582,5553,720,112,112
msg,0,36,755,35236,714,112,112
msg,0,37,593,6473,724,112,112
msg,0,38,611,9098,725,112,112
msg,0,39,592,5327,718,112,112
msg,0,40,559,5532,713,112,112
msg,0,41,586,5858,722,112,112
msg,0,42,589,5867,693,112,112
msg,0,43,557,6859,725,112,112
msg,0,44,589,10447,727,112,112
msg,0,45,588,33851,696,112,112
msg,0,46,582,5964,720,112,112
msg,0,47,589,5327,720,112,112
msg,0,48,586,6062,695,112,112
msg,0,49,554,6610,692,112,112
msg,0,50,672,9683,713,112,112
msg,0,51,594,6910,722,112,112
msg,0,52,592,6436,720,112,112
msg,0,53,598,5835,722,112,112
msg,0,54,561,21009,722,112,112
msg,0,55,591,10544,819,112,112
msg,0,56,574,6969,720,112,112
msg,0,57,591,7743,719,112,112
msg,0,58,586,7009,717,112,112
msg,0,59,562,5536,722,112,112
msg,0,60,559,7826,724,112,112
msg,0,61,589,7172,714,112,112
msg,0,62,592,6330,719,112,112
msg,0,63,599,6019,689,112,112
msg,0,64,564,31146,832,112,112
msg,0,65,590,5887,694,112,112
msg,0,66,560,5315,694,112,112
msg,0,67,563,6684,696,112,112
msg,0,68,556,6190,715,112,112
msg,0,69,590,5734,689,112,112
msg,0,70,574,5868,719,112,112
msg,0,71,604,7895,696,112,112
msg,0,72,557,6915,715,112,112
msg,0,73,585,7086,696,112,112
msg,0,74,578,28716,716,112,112
msg,0,75,559,5769,722,112,112
msg,0,76,590,5568,718,112,112
msg,0,77,590,5794,694,112,112
msg,0,78,561,6026,724,112,112
msg,0,79,587,5958,693,112,112
msg,0,80,556,6263,720,112,112
msg,0,81,587,5932,862,112,112
msg,0,82,596,5531,721,112,112
msg,0,83,596,5910,694,112,112
msg,0,84,585,33728,695,112,112
msg,0,85,563,6423,696,112,112
msg,0,86,556,5430,694,112,112
msg,0,87,559,6455,695,112,112
msg,0,88,568,5985,719,112,112
msg,0,89,586,5511,723,112,112
msg,0,90,593,5909,694,112,112
msg,0,91,565,5372,721,112,112
msg,0,92,593,6883,718,112,112
msg,0,93,553,7802,718,112,112
msg,0,94,583,35588,1276,112,112
msg,0,95,574,6588,721,112,112
msg,0,96,601,5625,722,112,112
msg,0,97,588,5642,716,112,112
msg,0,98,587,6384,718,112,112
msg,0,99,591,5874,696,112,112
msg,0,100,566,6496,692,112,112
msg,0,101,558,6019,722,112,112
msg,0,102,588,7344,723,112,112
msg,0,103,600,6106,694,112,112
msg,0,104,564,21093,720,112,112
msg,0,105,595,6069,716,112,112
msg,0,106,585,5771,722,112,112
msg,0,107,702,8080,720,112,112
msg,0,108,591,5821,723,112,112
msg,0,109,594,5334,723,112,112
msg,0,110,584,5470,722,112,112
msg,0,111,589,5270,722,112,112
msg,0,112,592,5290,712,112,112
msg,0,113,556,9755,719,112,112
msg,0,114,591,38799,697,112,112
msg,0,115,556,5808,719,112,112
msg,0,116,566,5489,722,112,112
msg,0,117,556,5792,719,112,112
msg,0,118,593,5718,715,112,112
msg,0,119,596,6251,719,112,112
msg,0,120,588,5885,848,112,112
msg,0,121,1083,7111,717,112,112
msg,0,122,560,6020,723,112,112
msg,0,123,586,5830,713,112,112
msg,0,124,560,27727,719,112,112
msg,0,125,595,5673,729,112,112
msg,0,126,690,5521,725,112,112
msg,0,127,595,7144,720,112,112
msg,0,128,599,6208,712,112,112
msg,0,129,560,5445,716,112,112
msg,0,130,568,5793,722,112,112
msg,0,131,595,5502,722,112,112
msg,0,132,589,5536,718,112,112
msg,0,133,596,17004,699,112,112
msg,0,134,573,22644,717,112,112
msg,0,135,569,6359,711,112,112
msg,0,136,561,5360,693,112,112
msg,0,137,567,5664,715,112,112
msg,0,138,566,6331,694,112,112
msg,0,139,557,5893,724,112,112
msg,0,140,591,6184,716,112,112
msg,0,141,553,7830,719,112,112
msg,0,142,585,7063,694,112,112
msg,0,143,561,5609,721,112,112
msg,0,144,557,30986,721,112,112
msg,0,145,593,6043,715,112,112
msg,0,146,561,5828,718,112,112
msg,0,147,590,7094,715,112,112
msg,0,148,557,6568,717,112,112
msg,0,149,712,5805,720,112,112
msg,0,150,606,6973,711,112,112
msg,0,151,587,8176,691,112,112
msg,0,152,558,6345,690,112,112
msg,0,153,585,6717,695,112,112
msg,0,154,561,27286,693,112,112
msg,0,155,588,9729,696,112,112
msg,0,156,560,7842,719,112,112
msg,0,157,586,7315,713,112,112
msg,0,158,596,7419,718,112,112
msg,0,159,612,7344,712,112,112
msg,0,160,587,5919,722,112,112
msg,0,161,584,5339,723,112,112
msg,0,162,595,45121,717,112,112
msg,0,163,588,6352,717,112,112
msg,0,164,558,6770,722,112,112
msg,0,165,591,6309,720,112,112
msg,0,166,593,12856,720,112,112
msg,0,167,590,8066,718,112,112
msg,0,168,591,5386,725,112,112
msg,0,169,577,6311,722,112,112
msg,0,170,563,31821,724,112,112
msg,0,171,586,8178,717,112,112
msg,0,172,552,6204,694,112,112
msg,0,173,565,5909,716,112,112
msg,0,174,585,8450,715,112,112
msg,0,175,583,7269,711,112,112
msg,0,176,556,7697,716,112,112
msg,0,177,711,6730,717,112,112
msg,0,178,593,6276,723,112,112
msg,0,179,592,35608,720,112,112
msg,0,180,587,7020,717,112,112
msg,0,181,556,6072,715,112,112
msg,0,182,590,5680,698,112,112
msg,0,183,559,6647,712,112,112
msg,0,184,553,5691,725,112,112
msg,0,185,585,6340,722,112,112
msg,0,186,706,11812,720,112,112
msg,0,187,608,7981,722,112,112
msg,0,188,562,31315,691,112,112
msg,0,189,557,7582,716,112,112
msg,0,190,556,7706,721,112,112
msg,0,191,592,6658,724,112,112
msg,0,192,599,7305,719,112,112
msg,0,193,587,7145,694,112,112
msg,0,194,677,10414,711,112,112
msg,0,195,560,7079,726,112,112
msg,0,196,577,30962,715,112,112
msg,0,197,586,5715,720,112,112
msg,0,198,597,5915,723,112,112
msg,0,199,557,6870,720,112,112
whole,0,8684.360,10847.175,200
1,4.7930,11118.1160,127.2060,11250.1150,4015,4093,45,4312,4,14,5,20,110892,66083.0,70069.0,4676085.0,6198222.0,2,2,2,1
msg,1,0,735,6421,820,112,112
msg,1,1,564,7096,720,112,112
msg,1,2,587,5996,693,112,112
msg,1,3,560,5598,717,112,112
msg,1,4,561,5829,720,112,112
msg,1,5,584,5559,717,112,112
msg,1,6,591,5334,718,112,112
msg,1,7,588,25709,718,112,112
msg,1,8,606,6974,717,112,112
msg,1,9,593,5729,730,112,112
msg,1,10,583,5792,690,112,112
msg,1,11,554,5417,692,112,112
msg,1,12,560,5536,690,112,112
msg,1,13,565,6269,719,112,112
msg,1,14,589,6021,715,112,112
msg,1,15,566,7167,821,112,112
msg,1,16,562,5873,717,112,112
msg,1,17,580,35904,689,112,112
msg,1,18,556,6296,723,112,112
msg,1,19,589,5374,840,112,112
msg,1,20,593,5395,720,112,112
msg,1,21,593,6210,719,112,112
msg,1,22,589,5456,724,112,112
msg,1,23,587,5381,713,112,112
msg,1,24,581,5645,723,112,112
msg,1,25,584,5482,718,112,112
msg,1,26,593,5705,728,112,112
msg,1,27,596,31207,718,112,112
msg,1,28,587,6359,723,112,112
msg,1,29,586,5331,720,112,112
msg,1,30,599,5736,719,112,112
msg,1,31,589,5886,692,112,112
msg,1,32,557,6789,715,112,112
msg,1,33,589,8430,712,112,112
msg,1,34,600,7527,720,112,112
msg,1,35,596,5325,713,112,112
msg,1,36,560,5399,714,112,112
msg,1,37,559,30083,727,112,112
msg,1,38,590,5649,692,112,112
msg,1,39,558,5448,691,112,112
msg,1,40,562,5357,718,112,112
msg,1,41,597,5564,696,112,112
msg,1,42,555,5417,725,112,112
msg,1,43,585,5353,717,112,112
msg,1,44,697,5411,718,112,112
msg,1,45,587,5477,719,112,112
msg,1,46,592,5692,694,112,112
msg,1,47,559,5355,693,112,112
msg,1,48,587,31324,712,112,112
msg,1,49,589,5907,718,112,112
msg,1,50,558,7378,689,112,112
msg,1,51,562,7157,714,112,112
msg,1,52,601,5544,721,112,112
msg,1,53,592,5655,698,112,112
msg,1,54,557,6141,715,112,112
msg,1,55,596,5491,724,112,112
msg,1,56,587,5691,692,112,112
msg,1,57,560,5337,724,112,112
msg,1,58,595,31665,695,112,112
msg,1,59,558,5908,718,112,112
msg,1,60,586,5681,723,112,112
msg,1,61,586,5964,695,112,112
msg,1,62,676,5579,722,112,112
msg,1,63,588,5314,713,112,112
msg,1,64,557,5541,710,112,112
msg,1,65,555,5809,723,112,112
msg,1,66,590,5845,690,112,112
msg,1,67,562,5619,694,112,112
msg,1,68,561,6711,709,112,112
msg,1,69,554,31601,721,112,112
msg,1,70,590,6500,707,112,112
msg,1,71,588,5318,722,112,112
msg,1,72,559,5733,826,112,112
msg,1,73,585,5811,692,112,112
msg,1,74,553,5506,697,112,112
msg,1,75,563,5501,694,112,112
msg,1,76,561,5391,721,112,112
msg,1,77,594,5495,697,112,112
msg,1,78,584,5396,720,112,112
msg,1,79,587,8004,715,112,112
msg,1,80,592,26650,820,112,112
msg,1,81,592,5795,692,112,112
msg,1,82,563,5475,691,112,112
msg,1,83,553,5447,700,112,112
msg,1,84,554,5977,714,112,112
msg,1,85,584,5325,715,112,112
msg,1,86,558,5444,718,112,112
msg,1,87,1160,5480,717,112,112
msg,1,88,594,5276,718,112,112
msg,1,89,583,5261,821,112,112
msg,1,90,586,5529,718,112,112
msg,1,91,580,28472,724,112,112
msg,1,92,596,6693,721,112,112
msg,1,93,592,5680,692,112,112
msg,1,94,563,7539,698,112,112
msg,1,95,560,5926,888,112,112
msg,1,96,586,6782,693,112,112
msg,1,97,561,5414,692,112,112
msg,1,98,572,5589,692,112,112
msg,1,99,561,5733,715,112,112
msg,1,100,556,5578,716,112,112
msg,1,101,585,28361,717,112,112
msg,1,102,557,5969,716,112,112
msg,1,103,601,6394,717,112,112
msg,1,104,596,5926,695,112,112
msg,1,105,562,5686,714,112,112
msg,1,106,580,5803,723,112,112
msg,1,107,591,6014,722,112,112
msg,1,108,560,6072,721,112,112
msg,1,109,589,6753,692,112,112
msg,1,110,562,5317,692,112,112
msg,1,111,562,5598,695,112,112
msg,1,112,563,30843,718,112,112
msg,1,113,604,8316,716,112,112
msg,1,114,562,5784,722,112,112
msg,1,115,589,5365,724,112,112
msg,1,116,603,5677,718,112,112
msg,1,117,750,5414,720,112,112
msg,1,118,591,5471,725,112,112
msg,1,119,587,5589,691,112,112
msg,1,120,561,5872,717,112,112
msg,1,121,600,6507,717,112,112
msg,1,122,586,31738,724,112,112
msg,1,123,590,6568,719,112,112
msg,1,124,593,6066,721,112,112
msg,1,125,583,5570,719,112,112
msg,1,126,589,5756,876,112,112
msg,1,127,563,5693,716,112,112
msg,1,128,564,5956,722,112,112
msg,1,129,586,5938,692,112,112
msg,1,130,570,5773,718,112,112
msg,1,131,596,7514,720,112,112
msg,1,132,589,31827,723,112,112
msg,1,133,586,7623,692,112,112
msg,1,134,571,7386,692,112,112
msg,1,135,603,5479,690,112,112
msg,1,136,593,5993,716,112,112
msg,1,137,589,5535,720,112,112
msg,1,138,584,6346,712,112,112
msg,1,139,593,6130,694,112,112
msg,1,140,557,5355,695,112,112
msg,1,141,593,5295,719,112,112
msg,1,142,596,28175,717,112,112
msg,1,143,586,5868,724,112,112
msg,1,144,585,8381,722,112,112
msg,1,145,593,5631,690,112,112
msg,1,146,558,6349,721,112,112
msg,1,147,587,5449,722,112,112
msg,1,148,592,5615,690,112,112
msg,1,149,559,5364,721,112,112
msg,1,150,591,5332,716,112,112
msg,1,151,587,5351,723,112,112
msg,1,152,594,37092,713,112,112
msg,1,153,554,6160,694,112,112
msg,1,154,590,6289,717,112,112
msg,1,155,602,21343,724,112,112
msg,1,156,591,5685,720,112,112
msg,1,157,591,7397,721,112,112
msg,1,158,588,5960,721,112,112
msg,1,159,698,6232,690,112,112
msg,1,160,562,42394,690,112,112
msg,1,161,564,6708,714,112,112
msg,1,162,758,5581,714,112,112
msg,1,163,587,7315,714,112,112
msg,1,164,585,6602,726,112,112
msg,1,165,588,6102,695,112,112
msg,1,166,561,5577,718,112,112
msg,1,167,562,5618,716,112,112
msg,1,168,587,30251,695,112,112
msg,1,169,559,5600,712,112,112
msg,1,170,557,5672,716,112,112
msg,1,171,588,5393,717,112,112
msg,1,172,745,7660,722,112,112
msg,1,173,590,5842,690,112,112
msg,1,174,561,5785,711,112,112
msg,1,175,592,6220,688,112,112
msg,1,176,561,6831,726,112,112
msg,1,177,697,5374,722,112,112
msg,1,178,591,5632,724,112,112
msg,1,179,586,28440,729,112,112
msg,1,180,584,7100,716,112,112
msg,1,181,557,5523,717,112,112
msg,1,182,753,5615,722,112,112
msg,1,183,590,5720,694,112,112
msg,1,184,591,6017,723,112,112
msg,1,185,588,7561,721,112,112
msg,1,186,597,8582,720,112,112
msg,1,187,588,5350,719,112,112
msg,1,188,590,5493,720,112,112
msg,1,189,596,30914,694,112,112
msg,1,190,563,5574,872,112,112
msg,1,191,570,6648,718,112,112
msg,1,192,582,6002,693,112,112
msg,1,193,563,5908,713,112,112
msg,1,194,584,5458,714,112,112
msg,1,195,581,5433,717,112,112
msg,1,196,580,6683,836,112,112
msg,1,197,588,6760,698,112,112
msg,1,198,560,7286,718,112,112
msg,1,199,585,30663,694,112,112
whole,1,11264.546,13286.642,200
2,5.4030,8031.8130,56.6100,8093.8260,4015,4093,45,4312,4,14,5,20,110892,66254.0,70646.0,4671011.0,3111521.0,2,2,2,1
msg,2,0,704,9127,717,112,112
msg,2,1,604,6166,720,112,112
msg,2,2,589,6850,720,112,112
msg,2,3,594,7932,718,112,112
msg,2,4,558,5573,820,112,112
msg,2,5,589,6589,720,112,112
msg,2,6,587,31840,696,112,112
msg,2,7,565,5585,693,112,112
msg,2,8,560,8595,722,112,112
msg,2,9,752,5795,723,112,112
msg,2,10,586,5361,726,112,112
msg,2,11,588,5741,694,112,112
msg,2,12,594,6324,716,112,112
msg,2,13,590,5327,718,112,112
msg,2,14,591,5353,722,112,112
msg,2,15,583,6600,727,112,112
msg,2,16,578,28522,716,112,112
msg,2,17,594,8883,696,112,112
msg,2,18,559,7924,720,112,112
msg,2,19,587,8740,720,112,112
msg,2,20,594,5810,712,112,112
msg,2,21,560,5338,691,112,112
msg,2,22,559,5598,694,112,112
msg,2,23,552,5385,690,112,112
msg,2,24,558,5567,695,112,112
msg,2,25,564,5674,720,112,112
msg,2,26,557,32912,722,112,112
msg,2,27,700,5421,724,112,112
msg,2,28,585,6685,692,112,112
msg,2,29,556,5346,722,112,112
msg,2,30,583,5326,719,112,112
msg,2,31,591,5577,722,112,112
msg,2,32,599,5412,718,112,112
msg,2,33,604,6378,724,112,112
msg,2,34,703,7006,717,112,112
msg,2,35,587,6241,694,112,112
msg,2,36,562,26675,714,112,112
msg,2,37,562,5804,726,112,112
msg,2,38,602,8839,694,112,112
msg,2,39,556,5568,689,112,112
msg,2,40,566,5364,695,112,112
msg,2,41,563,5439,694,112,112
msg,2,42,592,5812,719,112,112
msg,2,43,561,6108,721,112,112
msg,2,44,586,6314,721,112,112
msg,2,45,585,5463,722,112,112
msg,2,46,591,7095,714,112,112
msg,2,47,555,32465,716,112,112
msg,2,48,556,6519,713,112,112
msg,2,49,601,5369,709,112,112
msg,2,50,560,6201,695,112,112
msg,2,51,563,5625,695,112,112
msg,2,52,565,5308,693,112,112
msg,2,53,589,5531,693,112,112
msg,2,54,672,7233,720,112,112
msg,2,55,593,5999,714,112,112
msg,2,56,555,31359,712,112,112
msg,2,57,553,6475,696,112,112
msg,2,58,563,5596,717,112,112
msg,2,59,550,5579,715,112,112
msg,2,60,557,7082,692,112,112
msg,2,61,571,5422,691,112,112
msg,2,62,570,6881,717,112,112
msg,2,63,588,5490,720,112,112
msg,2,64,588,6743,726,112,112
msg,2,65,593,8371,827,112,112
msg,2,66,593,33528,720,112,112
msg,2,67,609,8693,694,112,112
msg,2,68,555,6130,725,112,112
msg,2,69,594,5955,691,112,112
msg,2,70,562,5558,819,112,112
msg,2,71,563,6457,719,112,112
msg,2,72,555,5331,694,112,112
msg,2,73,563,6154,724,112,112
msg,2,74,589,6114,719,112,112
msg,2,75,588,5885,719,112,112
msg,2,76,589,34054,719,112,112
msg,2,77,585,6139,697,112,112
msg,2,78,565,5488,696,112,112
msg,2,79,559,5493,688,112,112
msg,2,80,558,5390,690,112,112
msg,2,81,558,6252,720,112,112
msg,2,82,589,5857,695,112,112
msg,2,83,561,5875,722,112,112
msg,2,84,597,8148,714,112,112
msg,2,85,569,7912,723,112,112
msg,2,86,589,34539,726,112,112
msg,2,87,592,7401,724,112,112
msg,2,88,590,5282,723,112,112
msg,2,89,586,5650,722,112,112
msg,2,90,587,5328,722,112,112
msg,2,91,584,6356,725,112,112
msg,2,92,588,5866,720,112,112
msg,2,93,588,6720,689,112,112
msg,2,94,559,6316,692,112,112
msg,2,95,564,27493,692,112,112
msg,2,96,569,7747,718,112,112
msg,2,97,556,5807,720,112,112
msg,2,98,581,5675,723,112,112
msg,2,99,586,5362,718,112,112
msg,2,100,591,5366,719,112,112
msg,2,101,594,6095,696,112,112
msg,2,102,556,5460,694,112,112
msg,2,103,570,5400,692,112,112
msg,2,104,557,8668,718,112,112
msg,2,105,556,31838,723,112,112
msg,2,106,591,6101,712,112,112
msg,2,107,562,5611,717,112,112
msg,2,108,557,5647,719,112,112
msg,2,109,588,5398,717,112,112
msg,2,110,591,5281,716,112,112
msg,2,111,557,5918,727,112,112
msg,2,112,585,5433,718,112,112
msg,2,113,591,5953,696,112,112
msg,2,114,684,5600,714,112,112
msg,2,115,599,5521,721,112,112
msg,2,116,590,32358,718,112,112
msg,2,117,1158,5988,718,112,112
msg,2,118,589,6288,722,112,112
msg,2,119,571,5518,712,112,112
msg,2,120,564,6436,717,112,112
msg,2,121,574,5395,690,112,112
msg,2,122,561,5883,723,112,112
msg,2,123,590,5346,715,112,112
msg,2,124,589,5562,721,112,112
msg,2,125,604,7289,711,112,112
msg,2,126,568,19098,689,112,112
msg,2,127,562,11137,716,112,112
msg,2,128,583,6425,729,112,112
msg,2,129,586,5853,690,112,112
msg,2,130,565,8130,718,112,112
msg,2,131,587,5438,724,112,112
msg,2,132,588,5320,722,112,112
msg,2,133,593,5553,720,112,112
msg,2,134,595,6760,719,112,112
msg,2,135,599,5580,694,112,112
msg,2,136,559,6533,698,112,112
msg,2,137,564,18404,689,112,112
msg,2,138,587,12809,716,112,112
msg,2,139,561,7702,720,112,112
msg,2,140,590,5462,727,112,112
msg,2,141,586,6044,695,112,112
msg,2,142,551,5785,709,112,112
msg,2,143,558,5671,720,112,112
msg,2,144,593,6393,726,112,112
msg,2,145,593,5547,720,112,112
msg,2,146,592,5526,725,112,112
msg,2,147,590,6148,719,112,112
msg,2,148,564,28739,724,112,112
msg,2,149,585,5902,692,112,112
msg,2,150,680,7518,691,112,112
msg,2,151,568,5497,694,112,112
msg,2,152,568,5706,715,112,112
msg,2,153,588,6408,722,112,112
msg,2,154,561,5374,713,112,112
msg,2,155,553,5492,716,112,112
msg,2,156,560,5902,719,112,112
msg,2,157,586,5835,691,112,112
msg,2,158,662,6118,724,112,112
msg,2,159,593,27881,696,112,112
msg,2,160,574,8104,723,112,112
msg,2,161,591,7403,717,112,112
msg,2,162,586,6117,723,112,112
msg,2,163,581,5757,725,112,112
msg,2,164,593,6166,714,112,112
msg,2,165,584,6320,710,112,112
msg,2,166,553,7009,721,112,112
msg,2,167,600,5902,711,112,112
msg,2,168,558,32091,718,112,112
msg,2,169,588,7974,713,112,112
msg,2,170,555,7676,717,112,112
msg,2,171,592,6726,718,112,112
msg,2,172,594,6058,715,112,112
msg,2,173,557,5678,719,112,112
msg,2,174,592,5360,722,112,112
msg,2,175,583,5735,721,112,112
msg,2,176,591,5347,716,112,112
msg,2,177,586,5307,723,112,112
msg,2,178,590,34683,720,112,112
msg,2,179,581,6644,725,112,112
msg,2,180,583,5838,719,112,112
msg,2,181,560,6381,697,112,112
msg,2,182,559,9880,720,112,112
msg,2,183,599,5361,717,112,112
msg,2,184,585,6475,721,112,112
msg,2,185,607,5549,720,112,112
msg,2,186,594,5847,695,112,112
msg,2,187,562,6652,696,112,112
msg,2,188,559,30972,723,112,112
msg,2,189,587,5962,690,112,112
msg,2,190,562,8034,729,112,112
msg,2,191,584,6090,714,112,112
msg,2,192,572,6740,722,112,112
msg,2,193,581,7160,721,112,112
msg,2,194,570,5543,712,112,112
msg,2,195,559,5427,693,112,112
msg,2,196,566,5595,718,112,112
msg,2,197,557,35326,696,112,112
msg,2,198,566,6377,693,112,112
msg,2,199,562,6631,696,112,112
whole,2,8111.203,10146.775,200
#heap 25431
#stack 61872
#end
=== done ===
