=== MQTT / TLS 1.3 / mTLS, SNOVA3B certificates, X25519MLKEM768 (wolfSSL 5.9.4) on RP2040 ===
CPU clock: 200 MHz
#config iterations=50 warmup=5 pipe_iterations=3 messages=200 payload_B=51 schemes=2 sweep_iterations=20 sweep_warmup=2 groups=13 kex_iterations=50 kex_warmup=2 blocks=15
#kat LoRaWAN / AES-CMAC / Ascon known-answer checks: OK
#wifi rssi=-21 dBm channel=10 ip=192.168.50.235 broker=192.168.50.132
#block connect plain
#lib none (plain MQTT)
iter,tcp_ms,tls_ms,mqtt_ms,total_ms,hs_tx_B,hs_rx_B,mqtt_tx_B,mqtt_rx_B,hs_writes,hs_reads,writes,reads,free_heap_B,hs_keygen_us,hs_derive_us,hs_verify_us,hs_sign_us,hs_keygen_n,hs_derive_n,hs_verify_n,hs_sign_n
0,5.3570,0.0020,6.3900,11.7490,0,0,23,4,0,0,1,1,124308,0.0,0.0,0.0,0.0,0,0,0,0
1,3.4470,0.0030,5.9410,9.3910,0,0,23,4,0,0,1,1,124084,0.0,0.0,0.0,0.0,0,0,0,0
2,6.3620,0.0030,5.6420,12.0070,0,0,23,4,0,0,1,1,124084,0.0,0.0,0.0,0.0,0,0,0,0
3,32.3820,0.0020,7.0790,39.4630,0,0,23,4,0,0,1,1,124084,0.0,0.0,0.0,0.0,0,0,0,0
4,4.3580,0.0020,4.7800,9.1400,0,0,23,4,0,0,1,1,124084,0.0,0.0,0.0,0.0,0,0,0,0
5,5.6920,0.0020,7.0400,12.7340,0,0,23,4,0,0,1,1,124084,0.0,0.0,0.0,0.0,0,0,0,0
6,5.3660,0.0020,4.3080,9.6760,0,0,23,4,0,0,1,1,124084,0.0,0.0,0.0,0.0,0,0,0,0
7,27.3780,0.0020,4.4590,31.8390,0,0,23,4,0,0,1,1,124084,0.0,0.0,0.0,0.0,0,0,0,0
8,4.3860,0.0030,9.5430,13.9320,0,0,23,4,0,0,1,1,124084,0.0,0.0,0.0,0.0,0,0,0,0
9,4.6160,0.0030,17.2050,21.8240,0,0,23,4,0,0,1,1,124084,0.0,0.0,0.0,0.0,0,0,0,0
10,4.3830,0.0030,4.4780,8.8640,0,0,23,4,0,0,1,1,124084,0.0,0.0,0.0,0.0,0,0,0,0
11,30.5160,0.0020,5.5000,36.0180,0,0,23,4,0,0,1,1,124084,0.0,0.0,0.0,0.0,0,0,0,0
12,7.4000,0.0020,7.9570,15.3590,0,0,23,4,0,0,1,1,124084,0.0,0.0,0.0,0.0,0,0,0,0
13,8.3670,0.0030,7.1290,15.4990,0,0,23,4,0,0,1,1,124084,0.0,0.0,0.0,0.0,0,0,0,0
14,6.3680,0.0020,4.8070,11.1770,0,0,23,4,0,0,1,1,124084,0.0,0.0,0.0,0.0,0,0,0,0
15,5.5060,0.0030,5.2160,10.7250,0,0,23,4,0,0,1,1,124084,0.0,0.0,0.0,0.0,0,0,0,0
16,6.3640,0.0030,5.7990,12.1660,0,0,23,4,0,0,1,1,124084,0.0,0.0,0.0,0.0,0,0,0,0
17,5.3550,0.0020,5.6930,11.0500,0,0,23,4,0,0,1,1,124084,0.0,0.0,0.0,0.0,0,0,0,0
18,5.3680,0.0020,5.1810,10.5510,0,0,23,4,0,0,1,1,124084,0.0,0.0,0.0,0.0,0,0,0,0
19,30.3710,0.0030,5.9520,36.3260,0,0,23,4,0,0,1,1,124084,0.0,0.0,0.0,0.0,0,0,0,0
20,6.5740,0.0020,4.9740,11.5500,0,0,23,4,0,0,1,1,124084,0.0,0.0,0.0,0.0,0,0,0,0
21,5.3520,0.0030,4.5400,9.8950,0,0,23,4,0,0,1,1,124084,0.0,0.0,0.0,0.0,0,0,0,0
22,5.3800,0.0030,4.3330,9.7160,0,0,23,4,0,0,1,1,124084,0.0,0.0,0.0,0.0,0,0,0,0
23,4.3810,0.0020,4.3240,8.7070,0,0,23,4,0,0,1,1,124084,0.0,0.0,0.0,0.0,0,0,0,0
24,6.6300,0.0020,5.0170,11.6490,0,0,23,4,0,0,1,1,124084,0.0,0.0,0.0,0.0,0,0,0,0
25,11.6710,0.0030,6.0160,17.6900,0,0,23,4,0,0,1,1,124084,0.0,0.0,0.0,0.0,0,0,0,0
26,5.4310,0.0030,5.9820,11.4160,0,0,23,4,0,0,1,1,124084,0.0,0.0,0.0,0.0,0,0,0,0
27,4.3600,0.0030,7.8750,12.2380,0,0,23,4,0,0,1,1,124084,0.0,0.0,0.0,0.0,0,0,0,0
28,7.4960,0.0030,5.1510,12.6500,0,0,23,4,0,0,1,1,124084,0.0,0.0,0.0,0.0,0,0,0,0
29,6.4970,0.0020,9.8660,16.3650,0,0,23,4,0,0,1,1,124084,0.0,0.0,0.0,0.0,0,0,0,0
30,5.6950,0.0020,6.3750,12.0720,0,0,23,4,0,0,1,1,124084,0.0,0.0,0.0,0.0,0,0,0,0
31,4.4330,0.0020,4.4120,8.8470,0,0,23,4,0,0,1,1,124084,0.0,0.0,0.0,0.0,0,0,0,0
32,8.3650,0.0030,4.9470,13.3150,0,0,23,4,0,0,1,1,124084,0.0,0.0,0.0,0.0,0,0,0,0
33,5.3600,0.0030,3.5860,8.9490,0,0,23,4,0,0,1,1,124084,0.0,0.0,0.0,0.0,0,0,0,0
34,4.5610,0.0020,4.9430,9.5060,0,0,23,4,0,0,1,1,124084,0.0,0.0,0.0,0.0,0,0,0,0
35,6.5930,0.0020,5.6480,12.2430,0,0,23,4,0,0,1,1,124084,0.0,0.0,0.0,0.0,0,0,0,0
36,4.3890,0.0030,32.9010,37.2930,0,0,23,4,0,0,1,1,124084,0.0,0.0,0.0,0.0,0,0,0,0
37,8.7310,0.0020,12.3820,21.1150,0,0,23,4,0,0,1,1,124084,0.0,0.0,0.0,0.0,0,0,0,0
38,8.3840,0.0020,8.7370,17.1230,0,0,23,4,0,0,1,1,124084,0.0,0.0,0.0,0.0,0,0,0,0
39,4.3420,0.0030,5.6830,10.0280,0,0,23,4,0,0,1,1,124084,0.0,0.0,0.0,0.0,0,0,0,0
40,5.3890,0.0030,7.7810,13.1730,0,0,23,4,0,0,1,1,124084,0.0,0.0,0.0,0.0,0,0,0,0
41,3.4190,0.0020,6.0200,9.4410,0,0,23,4,0,0,1,1,124084,0.0,0.0,0.0,0.0,0,0,0,0
42,4.5270,0.0030,6.4350,10.9650,0,0,23,4,0,0,1,1,124084,0.0,0.0,0.0,0.0,0,0,0,0
43,36.4230,0.0030,4.3890,40.8150,0,0,23,4,0,0,1,1,124084,0.0,0.0,0.0,0.0,0,0,0,0
44,4.3600,0.0020,9.8080,14.1700,0,0,23,4,0,0,1,1,124084,0.0,0.0,0.0,0.0,0,0,0,0
45,12.3790,0.0020,6.7880,19.1690,0,0,23,4,0,0,1,1,124084,0.0,0.0,0.0,0.0,0,0,0,0
46,4.3680,0.0030,4.7870,9.1580,0,0,23,4,0,0,1,1,124084,0.0,0.0,0.0,0.0,0,0,0,0
47,4.3740,0.0020,4.3960,8.7720,0,0,23,4,0,0,1,1,124084,0.0,0.0,0.0,0.0,0,0,0,0
48,9.6930,0.0020,6.7910,16.4860,0,0,23,4,0,0,1,1,124084,0.0,0.0,0.0,0.0,0,0,0,0
49,5.3810,0.0020,8.4070,13.7900,0,0,23,4,0,0,1,1,124084,0.0,0.0,0.0,0.0,0,0,0,0
#stack 1744
#end
#block connect TLS
#lib wolfSSL 5.9.4
iter,tcp_ms,tls_ms,mqtt_ms,total_ms,hs_tx_B,hs_rx_B,mqtt_tx_B,mqtt_rx_B,hs_writes,hs_reads,writes,reads,free_heap_B,hs_keygen_us,hs_derive_us,hs_verify_us,hs_sign_us,hs_keygen_n,hs_derive_n,hs_verify_n,hs_sign_n
#suite TLS13-AES256-GCM-SHA384
0,6.4300,4756.1780,145.1880,4907.7960,1391,4099,45,568,2,12,3,18,121556,66331.0,70160.0,4522408.0,0.0,2,2,2,0
1,5.4030,4752.8560,12.4000,4770.6590,1391,4099,45,568,2,12,3,18,121556,66307.0,70209.0,4518693.0,0.0,2,2,2,0
2,5.4430,4775.3400,137.5090,4918.2920,1391,4099,45,568,2,12,3,18,121556,66292.0,70086.0,4518877.0,0.0,2,2,2,0
3,4.4230,4761.4870,166.5850,4932.4950,1391,4099,45,568,2,12,3,18,121556,66442.0,70099.0,4521192.0,0.0,2,2,2,0
4,5.5290,4819.5280,14.6340,4839.6910,1391,4099,45,568,2,12,3,18,121556,66452.0,70310.0,4522731.0,0.0,2,2,2,0
5,5.7260,4776.8240,72.1710,4854.7210,1391,4099,45,568,2,12,3,18,121556,66300.0,70167.0,4522545.0,0.0,2,2,2,0
6,7.8020,4760.3700,140.0040,4908.1760,1391,4099,45,568,2,12,3,18,121556,66580.0,70127.0,4518534.0,0.0,2,2,2,0
7,7.6880,4753.8620,145.5450,4907.0950,1391,4099,45,568,2,12,3,18,121556,66423.0,70183.0,4521599.0,0.0,2,2,2,0
8,7.5570,4765.5320,130.7740,4903.8630,1391,4099,45,568,2,12,3,18,121556,66332.0,70292.0,4522882.0,0.0,2,2,2,0
9,5.4140,4778.3880,135.4070,4919.2090,1391,4099,45,568,2,12,3,18,121556,66635.0,70192.0,4524446.0,0.0,2,2,2,0
10,9.5580,4746.0320,50.4610,4806.0510,1391,4099,45,568,2,12,3,18,121556,66325.0,70191.0,4517621.0,0.0,2,2,2,0
11,4.6550,4753.0790,48.2930,4806.0270,1391,4099,45,568,2,12,3,18,121556,66216.0,70249.0,4515311.0,0.0,2,2,2,0
12,4.4960,4772.9670,126.2230,4903.6860,1391,4099,45,568,2,12,3,18,121556,66324.0,70248.0,4535232.0,0.0,2,2,2,0
13,4.5110,4776.5030,125.4710,4906.4850,1391,4099,45,568,2,12,3,18,121556,66536.0,70312.0,4520169.0,0.0,2,2,2,0
14,3.4450,4764.8280,138.4440,4906.7170,1391,4099,45,568,2,12,3,18,121556,66545.0,70528.0,4520790.0,0.0,2,2,2,0
15,6.4820,4753.6200,42.4070,4802.5090,1391,4099,45,568,2,12,3,18,121556,66322.0,70165.0,4521177.0,0.0,2,2,2,0
16,4.4320,4757.0770,33.4440,4794.9530,1391,4099,45,568,2,12,3,18,121556,66280.0,70244.0,4521478.0,0.0,2,2,2,0
17,6.5890,4756.2850,12.9990,4775.8730,1391,4099,45,568,2,12,3,18,121556,66259.0,70215.0,4514662.0,0.0,2,2,2,0
18,33.6190,4748.5730,135.6700,4917.8620,1391,4099,45,568,2,12,3,18,121556,67262.0,69981.0,4516304.0,0.0,2,2,2,0
19,4.4390,4752.3200,47.8940,4804.6530,1391,4099,45,568,2,12,3,18,121556,66185.0,69950.0,4516447.0,0.0,2,2,2,0
20,7.7530,4751.2100,16.5880,4775.5510,1391,4099,45,568,2,12,3,18,121556,66638.0,70289.0,4521609.0,0.0,2,2,2,0
21,7.5540,4767.7440,136.9190,4912.2170,1391,4099,45,568,2,12,3,18,121556,66333.0,70596.0,4524689.0,0.0,2,2,2,0
22,4.6690,4757.7110,42.7630,4805.1430,1391,4099,45,568,2,12,3,18,121556,66488.0,70153.0,4517031.0,0.0,2,2,2,0
23,5.4350,4754.5800,47.6070,4807.6220,1391,4099,45,568,2,12,3,18,121556,66488.0,70282.0,4519834.0,0.0,2,2,2,0
24,4.7200,4768.5970,131.2810,4904.5980,1391,4099,45,568,2,12,3,18,121556,66251.0,70204.0,4532035.0,0.0,2,2,2,0
25,5.4110,4757.1380,12.4390,4774.9880,1391,4099,45,568,2,12,3,18,121556,66285.0,70181.0,4525541.0,0.0,2,2,2,0
26,7.4660,4769.2060,138.9950,4915.6670,1391,4099,45,568,2,12,3,18,121556,66329.0,70206.0,4523106.0,0.0,2,2,2,0
27,5.8580,4757.9070,143.5730,4907.3380,1391,4099,45,568,2,12,3,18,121556,66548.0,70827.0,4522055.0,0.0,2,2,2,0
28,4.4390,4756.3050,140.1340,4900.8780,1391,4099,45,568,2,12,3,18,121556,66405.0,70595.0,4519247.0,0.0,2,2,2,0
29,4.4590,4768.7640,134.2730,4907.4960,1391,4099,45,568,2,12,3,18,121556,66290.0,71277.0,4520396.0,0.0,2,2,2,0
30,5.5080,4757.7450,42.5110,4805.7640,1391,4099,45,568,2,12,3,18,121556,66575.0,70392.0,4523127.0,0.0,2,2,2,0
31,5.3890,4755.2650,45.2950,4805.9490,1391,4099,45,568,2,12,3,18,121556,66390.0,70082.0,4520493.0,0.0,2,2,2,0
32,7.4010,4759.0990,144.7320,4911.2320,1391,4099,45,568,2,12,3,18,121556,66188.0,69973.0,4522139.0,0.0,2,2,2,0
33,5.3950,4757.3720,43.7900,4806.5570,1391,4099,45,568,2,12,3,18,121556,66861.0,70201.0,4519281.0,0.0,2,2,2,0
34,6.4610,4758.9110,143.2240,4908.5960,1391,4099,45,568,2,12,3,18,121556,66536.0,70157.0,4521463.0,0.0,2,2,2,0
35,4.4690,4756.5130,142.5980,4903.5800,1391,4099,45,568,2,12,3,18,121556,66478.0,70186.0,4520320.0,0.0,2,2,2,0
36,4.8390,4780.2070,122.8750,4907.9210,1391,4099,45,568,2,12,3,18,121556,66282.0,70373.0,4544713.0,0.0,2,2,2,0
37,4.7980,4891.1480,109.9110,5005.8570,1391,4099,45,568,2,12,3,18,121556,67488.0,70854.0,4523607.0,0.0,2,2,2,0
38,5.5230,4760.9830,39.8060,4806.3120,1391,4099,45,568,2,12,3,18,121556,66311.0,70176.0,4515962.0,0.0,2,2,2,0
39,7.3990,4773.3960,135.2840,4916.0790,1391,4099,45,568,2,12,3,18,121556,66164.0,70125.0,4520044.0,0.0,2,2,2,0
40,4.5710,4756.6070,140.2260,4901.4040,1391,4099,45,568,2,12,3,18,121556,66258.0,69965.0,4523441.0,0.0,2,2,2,0
41,6.6260,4754.3070,12.5080,4773.4410,1391,4099,45,568,2,12,3,18,121556,66632.0,70274.0,4519862.0,0.0,2,2,2,0
42,4.5400,4766.9980,40.8680,4812.4060,1391,4099,45,568,2,12,3,18,121556,66502.0,70244.0,4514510.0,0.0,2,2,2,0
43,5.4350,4747.9320,55.4970,4808.8640,1391,4099,45,568,2,12,3,18,121556,66289.0,70179.0,4513726.0,0.0,2,2,2,0
44,4.5520,4751.7750,48.8320,4805.1590,1391,4099,45,568,2,12,3,18,121556,66305.0,70468.0,4520144.0,0.0,2,2,2,0
45,4.4600,4766.4710,132.6340,4903.5650,1391,4099,45,568,2,12,3,18,121556,66300.0,70163.0,4525233.0,0.0,2,2,2,0
46,6.6360,4755.6040,42.7090,4804.9490,1391,4099,45,568,2,12,3,18,121556,66189.0,70187.0,4521398.0,0.0,2,2,2,0
47,5.5860,4766.0920,140.0950,4911.7730,1391,4099,45,568,2,12,3,18,121556,66300.0,70130.0,4521903.0,0.0,2,2,2,0
48,5.4420,4763.0780,134.7970,4903.3170,1391,4099,45,568,2,12,3,18,121556,66286.0,70123.0,4521152.0,0.0,2,2,2,0
49,4.4140,4763.6400,140.6180,4908.6720,1391,4099,45,568,2,12,3,18,121556,66418.0,70325.0,4525984.0,0.0,2,2,2,0
#heap 22991
#stack 11464
#end
#block connect mTLS
#lib wolfSSL 5.9.4
iter,tcp_ms,tls_ms,mqtt_ms,total_ms,hs_tx_B,hs_rx_B,mqtt_tx_B,mqtt_rx_B,hs_writes,hs_reads,writes,reads,free_heap_B,hs_keygen_us,hs_derive_us,hs_verify_us,hs_sign_us,hs_keygen_n,hs_derive_n,hs_verify_n,hs_sign_n
#suite TLS13-AES256-GCM-SHA384
0,33.4380,7724.6800,72.1380,7830.2560,4207,4285,45,5016,4,14,5,20,117724,66244.0,70081.0,4522637.0,2924108.0,2,2,2,1
1,8.5970,7670.0890,94.2260,7772.9120,4207,4285,45,5016,4,14,5,20,117724,66390.0,70320.0,4514528.0,2917037.0,2,2,2,1
2,4.6340,7704.4660,68.5370,7777.6370,4207,4285,45,5016,4,14,5,20,117724,66284.0,70301.0,4540521.0,2920041.0,2,2,2,1
3,4.4240,7701.1180,68.0150,7773.5570,4207,4285,45,5016,4,14,5,20,117724,66369.0,70046.0,4531689.0,2924082.0,2,2,2,1
4,5.3740,10584.5300,48.5720,10638.4760,4207,4285,45,5016,4,14,5,20,117724,66285.0,70174.0,4526093.0,5820191.0,2,2,2,1
5,4.8240,7840.3500,147.9040,7993.0780,4207,4285,45,5016,4,14,5,20,117724,66439.0,70246.0,4532226.0,2920914.0,2,2,2,1
6,2638.5330,7689.3620,110.9650,10438.8600,4207,4285,45,5016,4,14,5,20,117724,66277.0,70091.0,4516001.0,2922486.0,2,2,2,1
7,4.3810,7676.7080,95.5840,7776.6730,4207,4285,45,5016,4,14,5,20,117724,66346.0,70442.0,4519481.0,2919790.0,2,2,2,1
8,4.5640,7675.0820,95.5600,7775.2060,4207,4285,45,5016,4,14,5,20,117724,66472.0,70465.0,4520459.0,2915156.0,2,2,2,1
9,6.4930,7698.8210,67.5920,7772.9060,4207,4285,45,5016,4,14,5,20,117724,66133.0,70711.0,4535251.0,2926252.0,2,2,2,1
10,5.3740,7671.0930,98.1670,7774.6340,4207,4285,45,5016,4,14,5,20,117724,66427.0,70046.0,4516474.0,2919771.0,2,2,2,1
11,4.6190,7684.5410,85.8880,7775.0480,4207,4285,45,5016,4,14,5,20,117724,66398.0,71887.0,4521820.0,2917969.0,2,2,2,1
12,4.6290,7681.4000,35.2120,7721.2410,4207,4285,45,5016,4,14,5,20,117724,66169.0,70146.0,4517386.0,2922014.0,2,2,2,1
13,31.6230,10585.8080,77.8130,10695.2440,4207,4285,45,5016,4,14,5,20,117724,66289.0,70207.0,4520908.0,5814841.0,2,2,2,1
14,5.5710,7687.7700,81.9840,7775.3250,4207,4285,45,5016,4,14,5,20,117724,66306.0,70803.0,4520176.0,2923288.0,2,2,2,1
15,5.4300,7680.0030,89.7020,7775.1350,4207,4285,45,5016,4,14,5,20,117724,66417.0,70246.0,4519858.0,2918676.0,2,2,2,1
16,4.4000,7695.3260,86.1440,7785.8700,4207,4285,45,5016,4,14,5,20,117724,66312.0,70183.0,4531047.0,2922797.0,2,2,2,1
17,5.5860,7687.0820,54.0350,7746.7030,4207,4285,45,5016,4,14,5,20,117724,66194.0,70263.0,4517195.0,2920084.0,2,2,2,1
18,4.4300,7688.1350,77.7160,7770.2810,4207,4285,45,5016,4,14,5,20,117724,66408.0,70249.0,4525393.0,2923851.0,2,2,2,1
19,7.4670,7683.8930,83.1590,7774.5190,4207,4285,45,5016,4,14,5,20,117724,66300.0,70229.0,4519032.0,2921109.0,2,2,2,1
20,5.6520,7677.5780,193.2620,7876.4920,4207,4285,45,5016,4,14,5,20,117724,66489.0,71602.0,4518812.0,2919268.0,2,2,2,1
21,5.5830,7667.5300,102.2790,7775.3920,4207,4285,45,5016,4,14,5,20,117724,66255.0,70081.0,4513510.0,2918941.0,2,2,2,1
22,4.8540,7684.1890,85.2440,7774.2870,4207,4285,45,5016,4,14,5,20,117724,66178.0,70228.0,4522822.0,2919147.0,2,2,2,1
23,5.7960,7683.1950,85.9500,7774.9410,4207,4285,45,5016,4,14,5,20,117724,66266.0,70343.0,4521508.0,2919533.0,2,2,2,1
24,5.7460,7689.9540,33.9830,7729.6830,4207,4285,45,5016,4,14,5,20,117724,66214.0,70344.0,4528978.0,2922974.0,2,2,2,1
25,5.3760,7706.4610,82.9110,7794.7480,4207,4285,45,5016,4,14,5,20,117724,66569.0,70374.0,4514392.0,2920984.0,2,2,2,1
26,4.6510,7683.2380,87.4710,7775.3600,4207,4285,45,5016,4,14,5,20,117724,66457.0,70283.0,4518069.0,2919696.0,2,2,2,1
27,5.3690,7687.2830,79.8530,7772.5050,4207,4285,45,5016,4,14,5,20,117724,66652.0,70065.0,4526097.0,2921179.0,2,2,2,1
28,4.5930,7682.0440,89.1370,7775.7740,4207,4285,45,5016,4,14,5,20,117724,66463.0,70064.0,4520870.0,2918791.0,2,2,2,1
29,5.3680,7683.4760,37.4410,7726.2850,4207,4285,45,5016,4,14,5,20,117724,66442.0,70179.0,4519471.0,2921809.0,2,2,2,1
30,4.6960,7714.9540,82.5420,7802.1920,4207,4285,45,5016,4,14,5,20,117724,66503.0,70255.0,4520184.0,2917911.0,2,2,2,1
31,3.7800,7687.1000,80.9910,7771.8710,4207,4285,45,5016,4,14,5,20,117724,66380.0,70210.0,4517733.0,2930815.0,2,2,2,1
32,4.4210,7678.4420,91.4220,7774.2850,4207,4285,45,5016,4,14,5,20,117724,66731.0,70320.0,4519067.0,2920367.0,2,2,2,1
33,7.4090,7680.0140,86.9660,7774.3890,4207,4285,45,5016,4,14,5,20,117724,66265.0,71798.0,4516524.0,2922629.0,2,2,2,1
34,7.7810,7679.4860,82.7550,7770.0220,4207,4285,45,5016,4,14,5,20,117724,66127.0,70215.0,4520977.0,2919172.0,2,2,2,1
35,4.3790,7686.9680,83.0710,7774.4180,4207,4285,45,5016,4,14,5,20,117724,66484.0,70337.0,4518926.0,2922767.0,2,2,2,1
36,4.4800,7686.7240,83.9790,7775.1830,4207,4285,45,5016,4,14,5,20,117724,66371.0,70029.0,4518127.0,2921259.0,2,2,2,1
37,4.4860,7677.5330,107.5540,7789.5730,4207,4285,45,5016,4,14,5,20,117724,66460.0,70065.0,4518531.0,2919640.0,2,2,2,1
38,7.4130,7689.5590,64.5520,7761.5240,4207,4285,45,5016,4,14,5,20,117724,66833.0,70247.0,4523402.0,2919215.0,2,2,2,1
39,4.5820,7689.7630,81.2480,7775.5930,4207,4285,45,5016,4,14,5,20,117724,66152.0,70211.0,4526244.0,2920666.0,2,2,2,1
40,4.6360,7683.9270,88.0510,7776.6140,4207,4285,45,5016,4,14,5,20,117724,66221.0,70268.0,4521436.0,2923047.0,2,2,2,1
41,5.3820,7684.0680,34.8880,7724.3380,4207,4285,45,5016,4,14,5,20,117724,66455.0,70259.0,4518286.0,2921767.0,2,2,2,1
42,4.6360,10608.8500,78.4280,10691.9140,4207,4285,45,5016,4,14,5,20,117724,66562.0,70150.0,4521702.0,5816897.0,2,2,2,1
43,5.3800,7734.3660,113.9760,7853.7220,4207,4285,45,5016,4,14,5,20,117724,66183.0,70577.0,4519219.0,2918582.0,2,2,2,1
44,4.7370,7675.7460,94.9480,7775.4310,4207,4285,45,5016,4,14,5,20,117724,66248.0,70325.0,4517912.0,2920305.0,2,2,2,1
45,4.4130,7675.7310,93.0670,7773.2110,4207,4285,45,5016,4,14,5,20,117724,66374.0,70239.0,4519729.0,2921061.0,2,2,2,1
46,5.3670,7697.8430,72.9600,7776.1700,4207,4285,45,5016,4,14,5,20,117724,66433.0,70168.0,4520076.0,2931505.0,2,2,2,1
47,5.5360,7674.1140,95.1820,7774.8320,4207,4285,45,5016,4,14,5,20,117724,66547.0,70177.0,4519089.0,2916374.0,2,2,2,1
48,5.3930,7684.1540,80.7440,7770.2910,4207,4285,45,5016,4,14,5,20,117724,66153.0,70345.0,4520945.0,2918727.0,2,2,2,1
49,5.7450,7683.3220,87.5010,7776.5680,4207,4285,45,5016,4,14,5,20,117724,66183.0,70077.0,4525185.0,2922732.0,2,2,2,1
#heap 26787
#stack 53384
#end
#block pipeline plain lorawan11 up
#aead LoRaWAN-1.1 AES-128-CTR+2xCMAC (BearSSL (arduino-pico)), uplink, 51 B payload + 13 B overhead
#lib none (plain MQTT)
iter,tcp_ms,tls_ms,mqtt_ms,total_ms,hs_tx_B,hs_rx_B,mqtt_tx_B,mqtt_rx_B,hs_writes,hs_reads,writes,reads,free_heap_B,hs_keygen_us,hs_derive_us,hs_verify_us,hs_sign_us,hs_keygen_n,hs_derive_n,hs_verify_n,hs_sign_n
msg,iter,idx,seal_us,rtt_us,open_us,tx_B,rx_B
whole,iter,first_ms,all_ms,msgs
0,4.5840,0.0030,7.6390,12.2260,0,0,23,4,0,0,1,1,124084,0.0,0.0,0.0,0.0,0,0,0,0
msg,0,0,827,3459,761,90,90
msg,0,1,712,3564,754,90,90
msg,0,2,690,4586,744,90,90
msg,0,3,679,30454,744,90,90
msg,0,4,684,4365,745,90,90
msg,0,5,675,3583,754,90,90
msg,0,6,697,3634,759,90,90
msg,0,7,695,3425,765,90,90
msg,0,8,696,3323,760,90,90
msg,0,9,700,3539,767,90,90
msg,0,10,699,3586,738,90,90
msg,0,11,703,3357,738,90,90
msg,0,12,697,4997,761,90,90
msg,0,13,701,3658,759,90,90
msg,0,14,710,3297,757,90,90
msg,0,15,699,3531,741,90,90
msg,0,16,681,3409,740,90,90
msg,0,17,682,30664,783,90,90
msg,0,18,711,3598,770,90,90
msg,0,19,709,3555,764,90,90
msg,0,20,702,5760,737,90,90
msg,0,21,682,5227,746,90,90
msg,0,22,673,3361,735,90,90
msg,0,23,696,3654,763,90,90
msg,0,24,668,3363,762,90,90
msg,0,25,666,3987,768,90,90
msg,0,26,698,3531,743,90,90
msg,0,27,699,3513,740,90,90
msg,0,28,668,5322,803,90,90
msg,0,29,670,3380,741,90,90
msg,0,30,671,30480,747,90,90
msg,0,31,669,4240,739,90,90
msg,0,32,670,5354,743,90,90
msg,0,33,696,4088,764,90,90
msg,0,34,709,3732,746,90,90
msg,0,35,671,3946,760,90,90
msg,0,36,696,3831,743,90,90
msg,0,37,674,4374,744,90,90
msg,0,38,669,7030,760,90,90
msg,0,39,710,5517,757,90,90
msg,0,40,694,3707,744,90,90
msg,0,41,741,3475,762,90,90
msg,0,42,696,3773,764,90,90
msg,0,43,704,24274,762,90,90
msg,0,44,706,4293,765,90,90
msg,0,45,707,3537,767,90,90
msg,0,46,703,4201,768,90,90
msg,0,47,699,4112,767,90,90
msg,0,48,667,3752,769,90,90
msg,0,49,703,3513,762,90,90
msg,0,50,697,3562,740,90,90
msg,0,51,674,3338,740,90,90
msg,0,52,763,3323,740,90,90
msg,0,53,692,4435,742,90,90
msg,0,54,672,3823,759,90,90
msg,0,55,698,3464,769,90,90
msg,0,56,688,3425,762,90,90
msg,0,57,705,4244,763,90,90
msg,0,58,692,24111,758,90,90
msg,0,59,674,4487,767,90,90
msg,0,60,691,4257,759,90,90
msg,0,61,681,7405,763,90,90
msg,0,62,682,5234,745,90,90
msg,0,63,674,4191,762,90,90
msg,0,64,702,3759,758,90,90
msg,0,65,673,3403,769,90,90
msg,0,66,680,4474,764,90,90
msg,0,67,706,4298,758,90,90
msg,0,68,668,3407,827,90,90
msg,0,69,704,3576,760,90,90
msg,0,70,694,3382,760,90,90
msg,0,71,706,3655,759,90,90
msg,0,72,700,26834,768,90,90
msg,0,73,710,6024,738,90,90
msg,0,74,673,4208,764,90,90
msg,0,75,704,4145,764,90,90
msg,0,76,711,3307,764,90,90
msg,0,77,696,4563,757,90,90
msg,0,78,694,3730,735,90,90
msg,0,79,740,3411,759,90,90
msg,0,80,685,4156,741,90,90
msg,0,81,697,4578,735,90,90
msg,0,82,675,3687,769,90,90
msg,0,83,701,4860,742,90,90
msg,0,84,690,5133,778,90,90
msg,0,85,703,26298,770,90,90
msg,0,86,706,5103,760,90,90
msg,0,87,704,3345,758,90,90
msg,0,88,696,3580,829,90,90
msg,0,89,697,3700,744,90,90
msg,0,90,700,3366,736,90,90
msg,0,91,699,3851,760,90,90
msg,0,92,703,5019,749,90,90
msg,0,93,675,3753,762,90,90
msg,0,94,695,7092,743,90,90
msg,0,95,682,3484,775,90,90
msg,0,96,683,3878,761,90,90
msg,0,97,707,3425,752,90,90
msg,0,98,699,3988,762,90,90
msg,0,99,696,25477,772,90,90
msg,0,100,703,5544,767,90,90
msg,0,101,708,4081,761,90,90
msg,0,102,690,9034,736,90,90
msg,0,103,678,3385,737,90,90
msg,0,104,668,3578,773,90,90
msg,0,105,752,5442,763,90,90
msg,0,106,698,5158,763,90,90
msg,0,107,668,8098,762,90,90
msg,0,108,702,4757,762,90,90
msg,0,109,694,4892,760,90,90
msg,0,110,704,3946,763,90,90
msg,0,111,696,31156,749,90,90
msg,0,112,673,3840,1118,90,90
msg,0,113,679,4080,764,90,90
msg,0,114,709,4193,763,90,90
msg,0,115,692,3997,745,90,90
msg,0,116,671,3381,746,90,90
msg,0,117,679,3436,766,90,90
msg,0,118,673,4514,760,90,90
msg,0,119,703,7508,765,90,90
msg,0,120,692,3802,759,90,90
msg,0,121,690,3319,760,90,90
msg,0,122,696,3444,764,90,90
msg,0,123,693,3325,759,90,90
msg,0,124,713,24861,766,90,90
msg,0,125,713,5094,744,90,90
msg,0,126,674,3832,764,90,90
msg,0,127,703,4711,753,90,90
msg,0,128,701,3932,764,90,90
msg,0,129,708,4262,762,90,90
msg,0,130,705,3349,764,90,90
msg,0,131,708,3560,761,90,90
msg,0,132,698,3362,759,90,90
msg,0,133,691,3978,741,90,90
msg,0,134,676,5819,757,90,90
msg,0,135,701,9798,743,90,90
msg,0,136,668,41045,769,90,90
msg,0,137,700,7891,741,90,90
msg,0,138,678,5453,761,90,90
msg,0,139,679,5069,762,90,90
msg,0,140,695,3416,757,90,90
msg,0,141,766,3770,764,90,90
msg,0,142,695,3758,760,90,90
msg,0,143,698,3796,758,90,90
msg,0,144,682,3795,773,90,90
msg,0,145,711,3312,771,90,90
msg,0,146,702,3344,759,90,90
msg,0,147,700,3298,759,90,90
msg,0,148,698,29398,772,90,90
msg,0,149,708,5323,766,90,90
msg,0,150,706,4383,756,90,90
msg,0,151,702,3503,765,90,90
msg,0,152,701,4111,763,90,90
msg,0,153,706,4206,759,90,90
msg,0,154,668,3651,761,90,90
msg,0,155,703,3662,762,90,90
msg,0,156,774,4459,758,90,90
msg,0,157,707,3973,766,90,90
msg,0,158,701,4107,766,90,90
msg,0,159,675,4572,764,90,90
msg,0,160,705,4331,764,90,90
msg,0,161,696,31069,745,90,90
msg,0,162,671,3773,762,90,90
msg,0,163,711,5148,763,90,90
msg,0,164,686,3964,765,90,90
msg,0,165,771,4227,760,90,90
msg,0,166,696,3626,734,90,90
msg,0,167,674,4385,743,90,90
msg,0,168,674,4038,765,90,90
msg,0,169,690,3673,745,90,90
msg,0,170,707,3677,762,90,90
msg,0,171,679,3600,767,90,90
msg,0,172,691,3338,763,90,90
msg,0,173,704,3345,759,90,90
msg,0,174,700,3338,762,90,90
msg,0,175,697,31629,771,90,90
msg,0,176,697,3609,757,90,90
msg,0,177,695,3836,761,90,90
msg,0,178,704,4413,761,90,90
msg,0,179,692,7789,757,90,90
msg,0,180,697,3907,762,90,90
msg,0,181,696,3328,760,90,90
msg,0,182,668,4356,764,90,90
msg,0,183,679,3670,763,90,90
msg,0,184,704,4613,802,90,90
msg,0,185,697,6053,766,90,90
msg,0,186,699,3607,762,90,90
msg,0,187,698,30262,765,90,90
msg,0,188,708,6093,763,90,90
msg,0,189,697,4106,874,90,90
msg,0,190,671,4464,760,90,90
msg,0,191,697,3636,765,90,90
msg,0,192,711,3579,763,90,90
msg,0,193,697,3740,748,90,90
msg,0,194,676,3372,739,90,90
msg,0,195,682,3362,741,90,90
msg,0,196,670,4337,739,90,90
msg,0,197,667,3848,765,90,90
msg,0,198,703,3513,765,90,90
msg,0,199,703,3360,757,90,90
whole,0,23.816,1565.001,200
1,25.6770,0.0020,8.9500,34.6290,0,0,23,4,0,0,1,1,124084,0.0,0.0,0.0,0.0,0,0,0,0
msg,1,0,829,3357,765,90,90
msg,1,1,693,3857,764,90,90
msg,1,2,707,4434,770,90,90
msg,1,3,694,3430,769,90,90
msg,1,4,708,3368,760,90,90
msg,1,5,699,3573,769,90,90
msg,1,6,707,5409,773,90,90
msg,1,7,692,5931,762,90,90
msg,1,8,695,3703,767,90,90
msg,1,9,687,4359,761,90,90
msg,1,10,684,26982,767,90,90
msg,1,11,682,7315,742,90,90
msg,1,12,682,4073,761,90,90
msg,1,13,698,3325,758,90,90
msg,1,14,696,3338,765,90,90
msg,1,15,694,3866,767,90,90
msg,1,16,681,3536,763,90,90
msg,1,17,705,3795,763,90,90
msg,1,18,698,3694,739,90,90
msg,1,19,680,3854,757,90,90
msg,1,20,703,3340,771,90,90
msg,1,21,688,3993,755,90,90
msg,1,22,668,4541,763,90,90
msg,1,23,695,4322,762,90,90
msg,1,24,697,21865,758,90,90
msg,1,25,695,5070,759,90,90
msg,1,26,691,3858,742,90,90
msg,1,27,674,4059,761,90,90
msg,1,28,703,4115,766,90,90
msg,1,29,697,3591,759,90,90
msg,1,30,698,4664,795,90,90
msg,1,31,673,3560,756,90,90
msg,1,32,672,3363,745,90,90
msg,1,33,679,3406,743,90,90
msg,1,34,681,6767,758,90,90
msg,1,35,696,3917,745,90,90
msg,1,36,674,3641,763,90,90
msg,1,37,692,3682,847,90,90
msg,1,38,706,3998,761,90,90
msg,1,39,696,31241,763,90,90
msg,1,40,672,4187,745,90,90
msg,1,41,666,3357,736,90,90
msg,1,42,697,5085,768,90,90
msg,1,43,695,3400,763,90,90
msg,1,44,706,4157,755,90,90
msg,1,45,695,3316,761,90,90
msg,1,46,703,5338,760,90,90
msg,1,47,706,6449,770,90,90
msg,1,48,697,3758,759,90,90
msg,1,49,691,3681,758,90,90
msg,1,50,676,3405,764,90,90
msg,1,51,672,4135,738,90,90
msg,1,52,668,30437,743,90,90
msg,1,53,672,4870,756,90,90
msg,1,54,701,3918,744,90,90
msg,1,55,680,3887,761,90,90
msg,1,56,767,3567,771,90,90
msg,1,57,696,4569,742,90,90
msg,1,58,667,5636,759,90,90
msg,1,59,671,4438,768,90,90
msg,1,60,710,4122,739,90,90
msg,1,61,677,3809,761,90,90
msg,1,62,688,3339,811,90,90
msg,1,63,780,3332,766,90,90
msg,1,64,708,3483,763,90,90
msg,1,65,707,29602,759,90,90
msg,1,66,711,6704,767,90,90
msg,1,67,676,3360,763,90,90
msg,1,68,673,4732,811,90,90
msg,1,69,709,5043,765,90,90
msg,1,70,679,4076,750,90,90
msg,1,71,668,4205,769,90,90
msg,1,72,701,3643,741,90,90
msg,1,73,682,6124,766,90,90
msg,1,74,705,3732,759,90,90
msg,1,75,685,3380,760,90,90
msg,1,76,681,3455,769,90,90
msg,1,77,664,3724,759,90,90
msg,1,78,694,30804,750,90,90
msg,1,79,698,4151,765,90,90
msg,1,80,698,3304,766,90,90
msg,1,81,693,3473,769,90,90
msg,1,82,697,3432,759,90,90
msg,1,83,690,4503,741,90,90
msg,1,84,670,5151,761,90,90
msg,1,85,779,5589,739,90,90
msg,1,86,669,7053,764,90,90
msg,1,87,705,4670,743,90,90
msg,1,88,675,4281,754,90,90
msg,1,89,704,4338,755,90,90
msg,1,90,695,21631,746,90,90
msg,1,91,672,6982,763,90,90
msg,1,92,693,3864,763,90,90
msg,1,93,684,7212,738,90,90
msg,1,94,691,3802,761,90,90
msg,1,95,701,3327,758,90,90
msg,1,96,694,3784,756,90,90
msg,1,97,692,7029,762,90,90
msg,1,98,706,3696,760,90,90
msg,1,99,706,6096,766,90,90
msg,1,100,695,4443,761,90,90
msg,1,101,706,3979,763,90,90
msg,1,102,682,4247,736,90,90
msg,1,103,681,27073,769,90,90
msg,1,104,708,5295,772,90,90
msg,1,105,707,3321,764,90,90
msg,1,106,693,3383,761,90,90
msg,1,107,707,3639,739,90,90
msg,1,108,675,3308,762,90,90
msg,1,109,709,4531,743,90,90
msg,1,110,682,3848,765,90,90
msg,1,111,706,3439,766,90,90
msg,1,112,711,3762,746,90,90
msg,1,113,669,4164,762,90,90
msg,1,114,809,5289,759,90,90
msg,1,115,712,4292,761,90,90
msg,1,116,702,3582,739,90,90
msg,1,117,708,31326,767,90,90
msg,1,118,710,3941,769,90,90
msg,1,119,708,3349,761,90,90
msg,1,120,697,4022,744,90,90
msg,1,121,681,3399,746,90,90
msg,1,122,678,6374,786,90,90
msg,1,123,684,4645,758,90,90
msg,1,124,697,3365,759,90,90
msg,1,125,706,3357,752,90,90
msg,1,126,714,6714,762,90,90
msg,1,127,707,4333,756,90,90
msg,1,128,692,4142,759,90,90
msg,1,129,705,3338,767,90,90
msg,1,130,709,25342,764,90,90
msg,1,131,695,6952,741,90,90
msg,1,132,713,3572,746,90,90
msg,1,133,666,4207,741,90,90
msg,1,134,673,3369,745,90,90
msg,1,135,707,3528,744,90,90
msg,1,136,668,4477,763,90,90
msg,1,137,676,4317,821,90,90
msg,1,138,675,3338,741,90,90
msg,1,139,668,3411,858,90,90
msg,1,140,675,3621,763,90,90
msg,1,141,696,3690,761,90,90
msg,1,142,703,3795,757,90,90
msg,1,143,671,3571,764,90,90
msg,1,144,702,28418,764,90,90
msg,1,145,704,5321,762,90,90
msg,1,146,708,3759,763,90,90
msg,1,147,698,3674,741,90,90
msg,1,148,668,4853,766,90,90
msg,1,149,696,3724,747,90,90
msg,1,150,671,4008,759,90,90
msg,1,151,694,4946,766,90,90
msg,1,152,679,4295,741,90,90
msg,1,153,794,5205,744,90,90
msg,1,154,684,3680,759,90,90
msg,1,155,694,3631,759,90,90
msg,1,156,697,3813,741,90,90
msg,1,157,670,4625,765,90,90
msg,1,158,669,30444,760,90,90
msg,1,159,680,3559,756,90,90
msg,1,160,698,3555,759,90,90
msg,1,161,691,3324,759,90,90
msg,1,162,694,3406,764,90,90
msg,1,163,697,4103,765,90,90
msg,1,164,696,4014,740,90,90
msg,1,165,669,4177,764,90,90
msg,1,166,707,4221,765,90,90
msg,1,167,701,3852,738,90,90
msg,1,168,675,4608,760,90,90
msg,1,169,706,11526,768,90,90
msg,1,170,704,31140,775,90,90
msg,1,171,681,4657,762,90,90
msg,1,172,693,3825,740,90,90
msg,1,173,679,3769,764,90,90
msg,1,174,764,3799,754,90,90
msg,1,175,707,3881,757,90,90
msg,1,176,703,3336,761,90,90
msg,1,177,705,7071,742,90,90
msg,1,178,680,9736,761,90,90
msg,1,179,695,4127,763,90,90
msg,1,180,668,3610,765,90,90
msg,1,181,702,4541,756,90,90
msg,1,182,701,23905,746,90,90
msg,1,183,742,6113,756,90,90
msg,1,184,707,3596,739,90,90
msg,1,185,677,3855,762,90,90
msg,1,186,697,3927,741,90,90
msg,1,187,683,3468,758,90,90
msg,1,188,682,4071,756,90,90
msg,1,189,700,3548,742,90,90
msg,1,190,741,4120,763,90,90
msg,1,191,698,6928,761,90,90
msg,1,192,690,4290,761,90,90
msg,1,193,698,3324,767,90,90
msg,1,194,698,3470,762,90,90
msg,1,195,708,3383,770,90,90
msg,1,196,702,20755,764,90,90
msg,1,197,699,8467,738,90,90
msg,1,198,707,4439,756,90,90
msg,1,199,684,3520,743,90,90
whole,1,47.635,1580.091,200
2,4.3790,0.0030,5.6990,10.0810,0,0,23,4,0,0,1,1,124084,0.0,0.0,0.0,0.0,0,0,0,0
msg,2,0,827,9593,752,90,90
msg,2,1,669,6101,763,90,90
msg,2,2,703,3779,768,90,90
msg,2,3,678,3706,762,90,90
msg,2,4,696,3695,760,90,90
msg,2,5,709,3823,762,90,90
msg,2,6,780,29676,765,90,90
msg,2,7,701,5096,764,90,90
msg,2,8,692,4128,760,90,90
msg,2,9,682,3495,757,90,90
msg,2,10,682,4021,754,90,90
msg,2,11,696,3528,738,90,90
msg,2,12,669,4210,764,90,90
msg,2,13,697,4329,753,90,90
msg,2,14,713,4500,739,90,90
msg,2,15,672,3351,735,90,90
msg,2,16,699,4885,758,90,90
msg,2,17,703,5079,739,90,90
msg,2,18,674,4556,762,90,90
msg,2,19,696,26557,766,90,90
msg,2,20,709,3771,762,90,90
msg,2,21,692,3614,822,90,90
msg,2,22,665,4437,770,90,90
msg,2,23,682,3896,764,90,90
msg,2,24,696,3730,743,90,90
msg,2,25,679,3646,763,90,90
msg,2,26,708,3602,761,90,90
msg,2,27,699,3586,761,90,90
msg,2,28,692,7192,767,90,90
msg,2,29,711,4862,742,90,90
msg,2,30,676,5121,761,90,90
msg,2,31,704,3342,822,90,90
msg,2,32,697,29857,761,90,90
msg,2,33,691,3735,759,90,90
msg,2,34,693,4655,745,90,90
msg,2,35,670,4409,742,90,90
msg,2,36,673,4792,760,90,90
msg,2,37,710,3562,764,90,90
msg,2,38,693,3346,761,90,90
msg,2,39,705,4285,755,90,90
msg,2,40,692,3531,757,90,90
msg,2,41,705,5157,766,90,90
msg,2,42,704,3953,740,90,90
msg,2,43,675,7700,887,90,90
msg,2,44,716,4480,763,90,90
msg,2,45,705,28850,742,90,90
msg,2,46,671,3906,765,90,90
msg,2,47,702,5758,741,90,90
msg,2,48,681,3615,765,90,90
msg,2,49,676,3874,822,90,90
msg,2,50,782,3888,765,90,90
msg,2,51,702,3659,767,90,90
msg,2,52,703,4088,760,90,90
msg,2,53,690,3837,760,90,90
msg,2,54,706,3827,757,90,90
msg,2,55,699,5672,760,90,90
msg,2,56,705,4042,824,90,90
msg,2,57,711,45668,781,90,90
msg,2,58,697,4589,760,90,90
msg,2,59,693,3838,764,90,90
msg,2,60,806,3894,735,90,90
msg,2,61,671,3890,764,90,90
msg,2,62,689,3485,762,90,90
msg,2,63,703,4824,743,90,90
msg,2,64,680,3956,766,90,90
msg,2,65,693,4934,761,90,90
msg,2,66,675,5657,762,90,90
msg,2,67,698,4428,761,90,90
msg,2,68,700,29546,760,90,90
msg,2,69,704,4440,762,90,90
msg,2,70,693,4281,766,90,90
msg,2,71,693,4209,766,90,90
msg,2,72,693,4256,763,90,90
msg,2,73,695,3804,759,90,90
msg,2,74,708,4090,767,90,90
msg,2,75,704,4093,762,90,90
msg,2,76,698,9483,766,90,90
msg,2,77,695,6851,740,90,90
msg,2,78,767,4671,762,90,90
msg,2,79,699,3457,764,90,90
msg,2,80,699,32148,745,90,90
msg,2,81,681,4222,745,90,90
msg,2,82,669,3848,763,90,90
msg,2,83,706,3855,745,90,90
msg,2,84,671,4361,745,90,90
msg,2,85,707,3836,758,90,90
msg,2,86,703,3646,759,90,90
msg,2,87,698,3869,771,90,90
msg,2,88,671,6046,755,90,90
msg,2,89,696,4807,763,90,90
msg,2,90,709,3472,762,90,90
msg,2,91,710,3834,754,90,90
msg,2,92,701,3472,740,90,90
msg,2,93,666,31557,743,90,90
msg,2,94,672,3971,755,90,90
msg,2,95,703,4238,765,90,90
msg,2,96,711,4160,761,90,90
msg,2,97,706,3613,762,90,90
msg,2,98,691,3747,736,90,90
msg,2,99,671,4352,742,90,90
msg,2,100,678,4289,754,90,90
msg,2,101,695,6600,745,90,90
msg,2,102,682,3796,766,90,90
msg,2,103,710,3696,750,90,90
msg,2,104,703,3761,759,90,90
msg,2,105,671,4115,741,90,90
msg,2,106,698,30262,767,90,90
msg,2,107,698,3555,741,90,90
msg,2,108,677,3856,803,90,90
msg,2,109,796,3891,741,90,90
msg,2,110,671,4359,740,90,90
msg,2,111,677,3825,763,90,90
msg,2,112,695,3708,758,90,90
msg,2,113,710,3831,761,90,90
msg,2,114,702,6556,757,90,90
msg,2,115,697,3544,766,90,90
msg,2,116,697,3803,738,90,90
msg,2,117,677,3454,764,90,90
msg,2,118,667,3866,757,90,90
msg,2,119,705,65402,780,90,90
msg,2,120,704,6042,766,90,90
msg,2,121,710,4922,757,90,90
msg,2,122,706,4676,767,90,90
msg,2,123,673,3860,767,90,90
msg,2,124,693,35401,766,90,90
msg,2,125,702,30917,819,90,90
msg,2,126,672,4236,741,90,90
msg,2,127,685,4072,759,90,90
msg,2,128,694,3848,758,90,90
msg,2,129,680,4541,764,90,90
msg,2,130,696,4631,762,90,90
msg,2,131,699,4855,740,90,90
msg,2,132,685,4509,767,90,90
msg,2,133,681,29393,769,90,90
msg,2,134,681,7439,760,90,90
msg,2,135,702,4840,762,90,90
msg,2,136,699,4412,764,90,90
msg,2,137,701,6005,765,90,90
msg,2,138,707,4398,763,90,90
msg,2,139,703,5564,768,90,90
msg,2,140,700,7162,765,90,90
msg,2,141,694,4430,766,90,90
msg,2,142,689,5092,764,90,90
msg,2,143,700,4482,763,90,90
msg,2,144,696,26438,765,90,90
msg,2,145,696,5160,764,90,90
msg,2,146,675,3863,772,90,90
msg,2,147,708,4061,766,90,90
msg,2,148,699,4583,758,90,90
msg,2,149,717,3882,763,90,90
msg,2,150,668,4329,740,90,90
msg,2,151,684,4044,766,90,90
msg,2,152,704,4397,876,90,90
msg,2,153,711,3993,762,90,90
msg,2,154,701,4025,763,90,90
msg,2,155,674,3660,768,90,90
msg,2,156,697,3582,766,90,90
msg,2,157,695,4129,761,90,90
msg,2,158,711,25315,756,90,90
msg,2,159,702,5495,770,90,90
msg,2,160,700,5360,753,90,90
msg,2,161,696,5074,763,90,90
msg,2,162,678,3708,825,90,90
msg,2,163,702,5472,760,90,90
msg,2,164,703,5685,740,90,90
msg,2,165,663,4020,819,90,90
msg,2,166,709,3619,740,90,90
msg,2,167,704,4056,762,90,90
msg,2,168,695,4765,738,90,90
msg,2,169,671,5888,766,90,90
msg,2,170,698,3833,756,90,90
msg,2,171,677,27966,813,90,90
msg,2,172,711,3926,758,90,90
msg,2,173,675,4695,761,90,90
msg,2,174,706,3842,742,90,90
msg,2,175,707,4738,761,90,90
msg,2,176,707,4166,741,90,90
msg,2,177,668,3718,759,90,90
msg,2,178,703,5888,744,90,90
msg,2,179,707,7000,763,90,90
msg,2,180,696,3967,737,90,90
msg,2,181,676,3664,765,90,90
msg,2,182,708,3546,768,90,90
msg,2,183,700,3728,741,90,90
msg,2,184,667,27904,764,90,90
msg,2,185,707,4961,742,90,90
msg,2,186,676,4060,756,90,90
msg,2,187,707,4155,797,90,90
msg,2,188,695,4098,765,90,90
msg,2,189,673,3810,769,90,90
msg,2,190,695,3679,743,90,90
msg,2,191,668,4208,763,90,90
msg,2,192,706,4762,761,90,90
msg,2,193,671,4974,757,90,90
msg,2,194,710,5896,763,90,90
msg,2,195,697,9421,766,90,90
msg,2,196,703,28810,773,90,90
msg,2,197,706,4233,763,90,90
msg,2,198,696,4033,763,90,90
msg,2,199,693,4366,758,90,90
whole,2,26.613,1740.329,200
#stack 2248
#end
#block pipeline plain lorawan11 down
#aead LoRaWAN-1.1 AES-128-CTR+2xCMAC (BearSSL (arduino-pico)), downlink, 51 B payload + 13 B overhead
#lib none (plain MQTT)
iter,tcp_ms,tls_ms,mqtt_ms,total_ms,hs_tx_B,hs_rx_B,mqtt_tx_B,mqtt_rx_B,hs_writes,hs_reads,writes,reads,free_heap_B,hs_keygen_us,hs_derive_us,hs_verify_us,hs_sign_us,hs_keygen_n,hs_derive_n,hs_verify_n,hs_sign_n
msg,iter,idx,seal_us,rtt_us,open_us,tx_B,rx_B
whole,iter,first_ms,all_ms,msgs
0,7.4040,0.0030,5.6920,13.0990,0,0,23,4,0,0,1,1,124084,0.0,0.0,0.0,0.0,0,0,0,0
msg,0,0,542,5402,484,90,90
msg,0,1,447,4788,488,90,90
msg,0,2,449,6008,487,90,90
msg,0,3,444,4000,478,90,90
msg,0,4,411,3857,481,90,90
msg,0,5,436,3765,480,90,90
msg,0,6,459,4143,478,90,90
msg,0,7,411,17118,512,90,90
msg,0,8,414,4257,490,90,90
msg,0,9,433,19754,503,90,90
msg,0,10,410,4787,500,90,90
msg,0,11,415,4129,500,90,90
msg,0,12,441,3924,499,90,90
msg,0,13,444,3965,479,90,90
msg,0,14,447,4754,504,90,90
msg,0,15,407,7775,507,90,90
msg,0,16,422,5804,501,90,90
msg,0,17,513,5382,484,90,90
msg,0,18,449,6039,475,90,90
msg,0,19,414,26354,512,90,90
msg,0,20,406,4952,503,90,90
msg,0,21,412,4687,513,90,90
msg,0,22,417,4214,499,90,90
msg,0,23,455,3703,504,90,90
msg,0,24,407,4184,484,90,90
msg,0,25,449,4161,478,90,90
msg,0,26,440,5216,510,90,90
msg,0,27,423,4230,499,90,90
msg,0,28,439,4181,478,90,90
msg,0,29,441,4333,508,90,90
msg,0,30,410,3900,505,90,90
msg,0,31,408,4762,483,90,90
msg,0,32,423,4407,496,90,90
msg,0,33,444,28414,491,90,90
msg,0,34,413,5192,502,90,90
msg,0,35,407,4230,482,90,90
msg,0,36,449,4134,482,90,90
msg,0,37,448,4253,508,90,90
msg,0,38,415,4567,484,90,90
msg,0,39,850,4636,506,90,90
msg,0,40,416,7930,504,90,90
msg,0,41,418,5829,489,90,90
msg,0,42,422,5142,503,90,90
msg,0,43,410,4730,507,90,90
msg,0,44,425,3863,483,90,90
msg,0,45,413,3712,482,90,90
msg,0,46,428,5192,508,90,90
msg,0,47,431,30321,480,90,90
msg,0,48,436,4202,485,90,90
msg,0,49,414,5015,486,90,90
msg,0,50,424,4553,486,90,90
msg,0,51,437,3945,485,90,90
msg,0,52,445,4066,480,90,90
msg,0,53,417,3930,485,90,90
msg,0,54,415,5660,482,90,90
msg,0,55,441,4358,504,90,90
msg,0,56,414,4069,509,90,90
msg,0,57,421,4757,506,90,90
msg,0,58,410,4518,482,90,90
msg,0,59,440,3896,475,90,90
msg,0,60,460,27311,507,90,90
msg,0,61,418,5452,483,90,90
msg,0,62,448,5026,480,90,90
msg,0,63,442,4808,482,90,90
msg,0,64,440,4767,482,90,90
msg,0,65,449,5989,480,90,90
msg,0,66,437,7089,485,90,90
msg,0,67,406,5492,505,90,90
msg,0,68,448,6167,557,90,90
msg,0,69,413,3594,476,90,90
msg,0,70,445,4406,481,90,90
msg,0,71,416,4771,479,90,90
msg,0,72,420,6501,506,90,90
msg,0,73,445,28092,485,90,90
msg,0,74,438,5721,561,90,90
msg,0,75,435,4514,495,90,90
msg,0,76,417,3975,499,90,90
msg,0,77,423,4844,504,90,90
msg,0,78,421,4340,483,90,90
msg,0,79,433,3933,483,90,90
msg,0,80,442,3724,503,90,90
msg,0,81,438,3491,504,90,90
msg,0,82,421,6031,507,90,90
msg,0,83,411,3751,480,90,90
msg,0,84,413,4146,505,90,90
msg,0,85,407,4210,483,90,90
msg,0,86,509,6331,499,90,90
msg,0,87,417,30393,501,90,90
msg,0,88,510,4049,481,90,90
msg,0,89,445,5124,481,90,90
msg,0,90,413,4155,501,90,90
msg,0,91,408,5959,505,90,90
msg,0,92,406,3852,499,90,90
msg,0,93,411,4196,501,90,90
msg,0,94,437,3511,505,90,90
msg,0,95,419,3739,480,90,90
msg,0,96,422,3425,499,90,90
msg,0,97,438,4228,483,90,90
msg,0,98,450,4533,505,90,90
msg,0,99,442,3746,504,90,90
msg,0,100,415,4461,483,90,90
msg,0,101,421,27027,483,90,90
msg,0,102,417,4092,503,90,90
msg,0,103,419,3782,483,90,90
msg,0,104,420,4856,495,90,90
msg,0,105,414,4079,507,90,90
msg,0,106,414,3456,480,90,90
msg,0,107,452,3849,485,90,90
msg,0,108,457,3563,515,90,90
msg,0,109,417,3993,503,90,90
msg,0,110,439,4377,486,90,90
msg,0,111,411,5931,481,90,90
msg,0,112,411,5183,504,90,90
msg,0,113,413,6359,481,90,90
msg,0,114,437,5225,477,90,90
msg,0,115,412,29588,537,90,90
msg,0,116,433,3730,485,90,90
msg,0,117,450,3747,503,90,90
msg,0,118,421,4167,479,90,90
msg,0,119,438,3738,557,90,90
msg,0,120,448,3532,504,90,90
msg,0,121,416,3829,505,90,90
msg,0,122,421,4469,487,90,90
msg,0,123,449,4132,486,90,90
msg,0,124,417,4027,505,90,90
msg,0,125,419,5261,500,90,90
msg,0,126,410,3810,508,90,90
msg,0,127,404,4604,485,90,90
msg,0,128,413,3861,487,90,90
msg,0,129,426,4267,504,90,90
msg,0,130,417,27140,501,90,90
msg,0,131,445,3973,483,90,90
msg,0,132,439,3486,500,90,90
msg,0,133,404,5145,499,90,90
msg,0,134,442,3777,508,90,90
msg,0,135,413,3894,503,90,90
msg,0,136,406,4515,478,90,90
msg,0,137,413,4002,487,90,90
msg,0,138,418,4387,496,90,90
msg,0,139,432,3627,506,90,90
msg,0,140,415,4845,510,90,90
msg,0,141,407,5416,489,90,90
msg,0,142,446,4786,484,90,90
msg,0,143,441,4268,482,90,90
msg,0,144,425,3758,484,90,90
msg,0,145,438,29621,505,90,90
msg,0,146,443,4580,503,90,90
msg,0,147,417,4851,505,90,90
msg,0,148,422,3804,507,90,90
msg,0,149,419,3933,504,90,90
msg,0,150,421,3767,477,90,90
msg,0,151,424,3567,481,90,90
msg,0,152,440,3909,488,90,90
msg,0,153,457,4554,513,90,90
msg,0,154,411,4989,499,90,90
msg,0,155,427,4127,481,90,90
msg,0,156,445,5228,477,90,90
msg,0,157,423,5649,481,90,90
msg,0,158,442,28642,514,90,90
msg,0,159,422,7137,482,90,90
msg,0,160,453,4825,482,90,90
msg,0,161,441,4682,503,90,90
msg,0,162,411,3858,505,90,90
msg,0,163,423,6161,481,90,90
msg,0,164,440,4179,483,90,90
msg,0,165,414,4209,502,90,90
msg,0,166,421,3908,514,90,90
msg,0,167,414,5926,505,90,90
msg,0,168,424,4548,479,90,90
msg,0,169,447,4399,506,90,90
msg,0,170,415,8231,485,90,90
msg,0,171,530,25623,498,90,90
msg,0,172,454,5528,516,90,90
msg,0,173,417,3979,507,90,90
msg,0,174,414,6296,477,90,90
msg,0,175,443,4237,484,90,90
msg,0,176,416,4478,500,90,90
msg,0,177,441,4497,500,90,90
msg,0,178,421,4673,485,90,90
msg,0,179,414,6762,483,90,90
msg,0,180,440,4565,502,90,90
msg,0,181,408,4366,482,90,90
msg,0,182,415,4837,485,90,90
msg,0,183,451,5973,548,90,90
msg,0,184,410,22665,480,90,90
msg,0,185,452,9404,500,90,90
msg,0,186,411,4233,501,90,90
msg,0,187,445,4273,482,90,90
msg,0,188,414,4327,503,90,90
msg,0,189,406,5618,509,90,90
msg,0,190,407,4585,487,90,90
msg,0,191,448,4127,484,90,90
msg,0,192,415,5451,483,90,90
msg,0,193,447,4388,479,90,90
msg,0,194,412,4666,480,90,90
msg,0,195,431,3976,480,90,90
msg,0,196,405,5690,478,90,90
msg,0,197,447,4664,503,90,90
msg,0,198,415,25428,480,90,90
msg,0,199,405,6567,483,90,90
whole,0,25.253,1525.146,200
1,4.7180,0.0020,6.1900,10.9100,0,0,23,4,0,0,1,1,124084,0.0,0.0,0.0,0.0,0,0,0,0
msg,1,0,564,3647,485,90,90
msg,1,1,444,3940,484,90,90
msg,1,2,439,3801,479,90,90
msg,1,3,447,4013,484,90,90
msg,1,4,443,3937,484,90,90
msg,1,5,454,3973,477,90,90
msg,1,6,446,4130,506,90,90
msg,1,7,412,3718,480,90,90
msg,1,8,414,3887,481,90,90
msg,1,9,439,29243,509,90,90
msg,1,10,418,3926,502,90,90
msg,1,11,419,3598,483,90,90
msg,1,12,413,4457,501,90,90
msg,1,13,430,3924,496,90,90
msg,1,14,438,3631,507,90,90
msg,1,15,423,4887,501,90,90
msg,1,16,416,5025,500,90,90
msg,1,17,406,4686,571,90,90
msg,1,18,404,4054,506,90,90
msg,1,19,408,4203,478,90,90
msg,1,20,449,4150,480,90,90
msg,1,21,449,4079,483,90,90
msg,1,22,420,4202,502,90,90
msg,1,23,404,23367,484,90,90
msg,1,24,442,9439,504,90,90
msg,1,25,417,3645,480,90,90
msg,1,26,422,3680,479,90,90
msg,1,27,446,5280,502,90,90
msg,1,28,422,4010,508,90,90
msg,1,29,409,3822,504,90,90
msg,1,30,410,3901,502,90,90
msg,1,31,404,4204,499,90,90
msg,1,32,446,5251,486,90,90
msg,1,33,433,5805,479,90,90
msg,1,34,451,4569,501,90,90
msg,1,35,411,3698,510,90,90
msg,1,36,419,4357,484,90,90
msg,1,37,448,5237,479,90,90
msg,1,38,414,30455,512,90,90
msg,1,39,442,3644,506,90,90
msg,1,40,421,3962,501,90,90
msg,1,41,414,3661,593,90,90
msg,1,42,421,4023,507,90,90
msg,1,43,408,5445,477,90,90
msg,1,44,416,4310,504,90,90
msg,1,45,411,6598,479,90,90
msg,1,46,427,3656,484,90,90
msg,1,47,435,3648,500,90,90
msg,1,48,443,3984,482,90,90
msg,1,49,504,3653,503,90,90
msg,1,50,422,4090,486,90,90
msg,1,51,434,3750,503,90,90
msg,1,52,408,32349,486,90,90
msg,1,53,456,4417,500,90,90
msg,1,54,412,3963,506,90,90
msg,1,55,407,3927,502,90,90
msg,1,56,439,5082,488,90,90
msg,1,57,444,4163,475,90,90
msg,1,58,415,4005,556,90,90
msg,1,59,410,4201,506,90,90
msg,1,60,415,3563,483,90,90
msg,1,61,412,4672,477,90,90
msg,1,62,443,5276,508,90,90
msg,1,63,418,4439,480,90,90
msg,1,64,445,4873,480,90,90
msg,1,65,442,27428,508,90,90
msg,1,66,411,7715,480,90,90
msg,1,67,420,3930,483,90,90
msg,1,68,412,3929,484,90,90
msg,1,69,411,4830,484,90,90
msg,1,70,409,4421,497,90,90
msg,1,71,432,6803,506,90,90
msg,1,72,409,4622,508,90,90
msg,1,73,412,3586,473,90,90
msg,1,74,452,5534,500,90,90
msg,1,75,434,4182,486,90,90
msg,1,76,451,3911,482,90,90
msg,1,77,445,3954,487,90,90
msg,1,78,450,3932,479,90,90
msg,1,79,445,29479,503,90,90
msg,1,80,420,3853,498,90,90
msg,1,81,411,4424,484,90,90
msg,1,82,520,3871,482,90,90
msg,1,83,409,3749,480,90,90
msg,1,84,444,3462,500,90,90
msg,1,85,411,5210,528,90,90
msg,1,86,438,5718,500,90,90
msg,1,87,447,4498,505,90,90
msg,1,88,424,6457,485,90,90
msg,1,89,448,4034,480,90,90
msg,1,90,441,4050,482,90,90
msg,1,91,420,3971,499,90,90
msg,1,92,416,36789,481,90,90
msg,1,93,418,5600,477,90,90
msg,1,94,448,4441,501,90,90
msg,1,95,413,4399,485,90,90
msg,1,96,447,5057,482,90,90
msg,1,97,434,3730,487,90,90
msg,1,98,442,5779,495,90,90
msg,1,99,436,5666,504,90,90
msg,1,100,405,5772,508,90,90
msg,1,101,425,4757,482,90,90
msg,1,102,416,4017,507,90,90
msg,1,103,417,4832,564,90,90
msg,1,104,419,28357,511,90,90
msg,1,105,502,5905,481,90,90
msg,1,106,432,3720,496,90,90
msg,1,107,434,3836,499,90,90
msg,1,108,407,5612,501,90,90
msg,1,109,419,3467,486,90,90
msg,1,110,451,3983,479,90,90
msg,1,111,446,3461,495,90,90
msg,1,112,409,4247,483,90,90
msg,1,113,454,3859,483,90,90
msg,1,114,438,4407,510,90,90
msg,1,115,423,4478,483,90,90
msg,1,116,454,4709,496,90,90
msg,1,117,445,4073,537,90,90
msg,1,118,452,3494,502,90,90
msg,1,119,423,30724,509,90,90
msg,1,120,410,3793,485,90,90
msg,1,121,417,5725,481,90,90
msg,1,122,441,4327,499,90,90
msg,1,123,417,4108,499,90,90
msg,1,124,440,5445,487,90,90
msg,1,125,410,6807,479,90,90
msg,1,126,412,6446,506,90,90
msg,1,127,448,14138,482,90,90
msg,1,128,442,5474,506,90,90
msg,1,129,414,4292,478,90,90
msg,1,130,443,24774,501,90,90
msg,1,131,432,6157,485,90,90
msg,1,132,453,4224,505,90,90
msg,1,133,419,18756,481,90,90
msg,1,134,419,5986,480,90,90
msg,1,135,427,4825,552,90,90
msg,1,136,427,4110,499,90,90
msg,1,137,421,3957,502,90,90
msg,1,138,417,5278,473,90,90
msg,1,139,450,3726,502,90,90
msg,1,140,445,5708,506,90,90
msg,1,141,420,31506,482,90,90
msg,1,142,418,5474,502,90,90
msg,1,143,433,4152,484,90,90
msg,1,144,454,4413,503,90,90
msg,1,145,419,4125,504,90,90
msg,1,146,430,4441,485,90,90
msg,1,147,420,3807,483,90,90
msg,1,148,409,4246,499,90,90
msg,1,149,416,5271,472,90,90
msg,1,150,452,5546,504,90,90
msg,1,151,405,4798,506,90,90
msg,1,152,492,4054,503,90,90
msg,1,153,417,3944,499,90,90
msg,1,154,403,4796,504,90,90
msg,1,155,410,27638,486,90,90
msg,1,156,415,4028,505,90,90
msg,1,157,422,3856,476,90,90
msg,1,158,412,3994,502,90,90
msg,1,159,409,4204,509,90,90
msg,1,160,421,5338,483,90,90
msg,1,161,439,3924,483,90,90
msg,1,162,412,4263,509,90,90
msg,1,163,418,4529,479,90,90
msg,1,164,413,5415,507,90,90
msg,1,165,410,3712,502,90,90
msg,1,166,409,3995,509,90,90
msg,1,167,421,3749,513,90,90
msg,1,168,421,3601,493,90,90
msg,1,169,446,32227,512,90,90
msg,1,170,418,4434,482,90,90
msg,1,171,438,5980,480,90,90
msg,1,172,442,3988,478,90,90
msg,1,173,448,3945,482,90,90
msg,1,174,409,3844,478,90,90
msg,1,175,440,3772,483,90,90
msg,1,176,441,3918,486,90,90
msg,1,177,448,4365,502,90,90
msg,1,178,425,3443,480,90,90
msg,1,179,432,3523,495,90,90
msg,1,180,409,4498,483,90,90
msg,1,181,420,3702,482,90,90
msg,1,182,446,4247,504,90,90
msg,1,183,421,4054,507,90,90
msg,1,184,486,30279,488,90,90
msg,1,185,442,3942,475,90,90
msg,1,186,438,4108,485,90,90
msg,1,187,420,3915,480,90,90
msg,1,188,413,3702,481,90,90
msg,1,189,436,4292,509,90,90
msg,1,190,417,4185,506,90,90
msg,1,191,409,4148,484,90,90
msg,1,192,451,4033,476,90,90
msg,1,193,449,5667,483,90,90
msg,1,194,439,4740,507,90,90
msg,1,195,406,3776,505,90,90
msg,1,196,417,4128,501,90,90
msg,1,197,433,4252,545,90,90
msg,1,198,407,25149,510,90,90
msg,1,199,417,6907,499,90,90
whole,1,21.400,1529.953,200
2,8.3880,0.0020,4.8670,13.2570,0,0,23,4,0,0,1,1,124084,0.0,0.0,0.0,0.0,0,0,0,0
msg,2,0,545,4060,509,90,90
msg,2,1,416,3811,510,90,90
msg,2,2,409,3989,505,90,90
msg,2,3,409,4494,481,90,90
msg,2,4,448,3896,481,90,90
msg,2,5,449,4340,498,90,90
msg,2,6,419,3494,479,90,90
msg,2,7,449,3892,483,90,90
msg,2,8,439,29798,482,90,90
msg,2,9,444,5683,499,90,90
msg,2,10,412,4429,480,90,90
msg,2,11,409,5162,506,90,90
msg,2,12,410,3816,518,90,90
msg,2,13,411,4779,483,90,90
msg,2,14,417,3966,476,90,90
msg,2,15,423,3726,481,90,90
msg,2,16,441,3970,538,90,90
msg,2,17,420,4903,486,90,90
msg,2,18,421,3902,481,90,90
msg,2,19,410,3902,479,90,90
msg,2,20,414,3666,482,90,90
msg,2,21,454,3938,475,90,90
msg,2,22,444,29120,481,90,90
msg,2,23,415,4188,505,90,90
msg,2,24,415,3739,512,90,90
msg,2,25,410,5468,475,90,90
msg,2,26,446,4000,484,90,90
msg,2,27,435,4217,485,90,90
msg,2,28,419,4359,493,90,90
msg,2,29,433,4552,496,90,90
msg,2,30,410,4538,478,90,90
msg,2,31,447,3959,481,90,90
msg,2,32,440,4526,495,90,90
msg,2,33,459,4176,513,90,90
msg,2,34,408,5088,503,90,90
msg,2,35,410,4546,482,90,90
msg,2,36,418,24925,480,90,90
msg,2,37,416,9531,483,90,90
msg,2,38,441,4782,495,90,90
msg,2,39,437,5007,476,90,90
msg,2,40,443,3906,485,90,90
msg,2,41,443,4412,504,90,90
msg,2,42,407,3985,510,90,90
msg,2,43,416,4038,497,90,90
msg,2,44,419,4151,492,90,90
msg,2,45,445,5753,498,90,90
msg,2,46,454,5118,477,90,90
msg,2,47,446,3835,476,90,90
msg,2,48,520,4332,511,90,90
msg,2,49,417,3963,507,90,90
msg,2,50,406,30060,508,90,90
msg,2,51,412,6106,499,90,90
msg,2,52,427,4766,505,90,90
msg,2,53,410,3665,571,90,90
msg,2,54,423,3865,504,90,90
msg,2,55,409,3871,503,90,90
msg,2,56,408,3906,511,90,90
msg,2,57,411,4032,562,90,90
msg,2,58,410,5260,484,90,90
msg,2,59,440,4978,481,90,90
msg,2,60,446,5441,501,90,90
msg,2,61,418,3988,506,90,90
msg,2,62,402,4298,483,90,90
msg,2,63,443,31706,502,90,90
msg,2,64,438,5729,505,90,90
msg,2,65,405,4258,484,90,90
msg,2,66,451,3641,507,90,90
msg,2,67,511,4237,482,90,90
msg,2,68,415,4325,500,90,90
msg,2,69,406,4628,484,90,90
msg,2,70,415,3651,482,90,90
msg,2,71,438,4346,503,90,90
msg,2,72,407,4265,482,90,90
msg,2,73,449,3860,499,90,90
msg,2,74,446,4519,506,90,90
msg,2,75,412,3823,507,90,90
msg,2,76,419,3852,478,90,90
msg,2,77,414,3469,486,90,90
msg,2,78,429,29727,508,90,90
msg,2,79,419,3883,504,90,90
msg,2,80,416,3949,501,90,90
msg,2,81,420,4160,484,90,90
msg,2,82,442,4615,498,90,90
msg,2,83,419,6541,477,90,90
msg,2,84,409,5081,503,90,90
msg,2,85,414,4257,495,90,90
msg,2,86,443,6192,478,90,90
msg,2,87,446,3617,503,90,90
msg,2,88,452,3803,501,90,90
msg,2,89,441,4060,486,90,90
msg,2,90,449,3745,499,90,90
msg,2,91,450,26766,502,90,90
msg,2,92,418,6138,483,90,90
msg,2,93,443,3640,501,90,90
msg,2,94,419,5701,504,90,90
msg,2,95,415,6795,479,90,90
msg,2,96,416,3638,474,90,90
msg,2,97,443,3823,480,90,90
msg,2,98,515,3664,501,90,90
msg,2,99,447,4314,873,90,90
msg,2,100,434,6064,505,90,90
msg,2,101,444,3740,494,90,90
msg,2,102,421,3988,504,90,90
msg,2,103,410,5988,500,90,90
msg,2,104,438,3699,503,90,90
msg,2,105,506,24882,503,90,90
msg,2,106,411,6093,494,90,90
msg,2,107,439,3770,495,90,90
msg,2,108,414,5099,483,90,90
msg,2,109,432,3798,502,90,90
msg,2,110,440,5723,506,90,90
msg,2,111,420,4429,484,90,90
msg,2,112,449,4093,480,90,90
msg,2,113,427,3920,478,90,90
msg,2,114,420,3869,488,90,90
msg,2,115,421,4125,500,90,90
msg,2,116,410,4388,477,90,90
msg,2,117,438,4185,484,90,90
msg,2,118,412,3853,484,90,90
msg,2,119,419,4070,507,90,90
msg,2,120,407,24780,485,90,90
msg,2,121,420,5458,502,90,90
msg,2,122,445,4546,506,90,90
msg,2,123,419,4537,485,90,90
msg,2,124,446,4262,506,90,90
msg,2,125,416,5503,480,90,90
msg,2,126,444,4243,509,90,90
msg,2,127,421,4838,481,90,90
msg,2,128,408,3983,503,90,90
msg,2,129,406,7905,502,90,90
msg,2,130,417,4451,483,90,90
msg,2,131,449,4300,477,90,90
msg,2,132,417,4755,487,90,90
msg,2,133,411,3826,491,90,90
msg,2,134,448,31214,509,90,90
msg,2,135,416,3893,507,90,90
msg,2,136,408,3854,480,90,90
msg,2,137,424,3853,479,90,90
msg,2,138,423,4629,482,90,90
msg,2,139,449,3961,482,90,90
msg,2,140,438,5011,481,90,90
msg,2,141,405,4078,503,90,90
msg,2,142,415,3891,480,90,90
msg,2,143,425,5184,506,90,90
msg,2,144,412,7241,477,90,90
msg,2,145,437,5159,486,90,90
msg,2,146,420,4290,505,90,90
msg,2,147,406,29360,481,90,90
msg,2,148,445,7502,509,90,90
msg,2,149,416,3854,502,90,90
msg,2,150,417,3745,503,90,90
msg,2,151,420,4006,504,90,90
msg,2,152,402,4348,481,90,90
msg,2,153,440,4892,483,90,90
msg,2,154,443,6119,525,90,90
msg,2,155,408,8123,511,90,90
msg,2,156,422,3551,480,90,90
msg,2,157,450,4623,560,90,90
msg,2,158,452,3860,484,90,90
msg,2,159,452,4086,479,90,90
msg,2,160,443,24953,483,90,90
msg,2,161,447,7421,502,90,90
msg,2,162,408,4543,481,90,90
msg,2,163,421,4519,477,90,90
msg,2,164,440,4625,506,90,90
msg,2,165,410,5337,483,90,90
msg,2,166,458,4209,516,90,90
msg,2,167,410,3987,505,90,90
msg,2,168,417,3670,480,90,90
msg,2,169,412,3698,479,90,90
msg,2,170,446,4443,501,90,90
msg,2,171,410,3902,508,90,90
msg,2,172,410,4083,502,90,90
msg,2,173,437,3779,503,90,90
msg,2,174,415,3761,500,90,90
msg,2,175,406,30374,481,90,90
msg,2,176,439,4449,501,90,90
msg,2,177,412,4083,508,90,90
msg,2,178,422,4625,509,90,90
msg,2,179,416,4081,498,90,90
msg,2,180,411,4955,504,90,90
msg,2,181,412,4668,479,90,90
msg,2,182,406,12826,490,90,90
msg,2,183,420,4044,502,90,90
msg,2,184,410,3862,480,90,90
msg,2,185,418,3851,486,90,90
msg,2,186,408,4336,506,90,90
msg,2,187,405,26662,503,90,90
msg,2,188,410,8194,509,90,90
msg,2,189,421,7807,505,90,90
msg,2,190,407,6963,506,90,90
msg,2,191,418,4285,485,90,90
msg,2,192,442,3590,503,90,90
msg,2,193,446,6258,485,90,90
msg,2,194,447,4766,480,90,90
msg,2,195,440,3990,485,90,90
msg,2,196,438,4174,503,90,90
msg,2,197,418,3819,477,90,90
msg,2,198,415,4093,503,90,90
msg,2,199,419,4235,500,90,90
whole,2,26.228,1494.598,200
#stack 2368
#end
#block pipeline plain lorawan11_256 up
#aead AES-256-CTR+2xCMAC (LoRaWAN 1.1 frame, 256-bit keys) (BearSSL (arduino-pico)), uplink, 51 B payload + 13 B overhead
#lib none (plain MQTT)
iter,tcp_ms,tls_ms,mqtt_ms,total_ms,hs_tx_B,hs_rx_B,mqtt_tx_B,mqtt_rx_B,hs_writes,hs_reads,writes,reads,free_heap_B,hs_keygen_us,hs_derive_us,hs_verify_us,hs_sign_us,hs_keygen_n,hs_derive_n,hs_verify_n,hs_sign_n
msg,iter,idx,seal_us,rtt_us,open_us,tx_B,rx_B
whole,iter,first_ms,all_ms,msgs
0,5.3950,0.0020,5.2210,10.6180,0,0,23,4,0,0,1,1,124084,0.0,0.0,0.0,0.0,0,0,0,0
msg,0,0,1048,4046,996,90,90
msg,0,1,932,5186,989,90,90
msg,0,2,923,3969,997,90,90
msg,0,3,929,3854,997,90,90
msg,0,4,929,4369,981,90,90
msg,0,5,927,25826,1003,90,90
msg,0,6,911,5044,1064,90,90
msg,0,7,929,4042,998,90,90
msg,0,8,924,3983,999,90,90
msg,0,9,928,3622,987,90,90
msg,0,10,937,3993,986,90,90
msg,0,11,924,3621,1054,90,90
msg,0,12,904,4326,989,90,90
msg,0,13,931,3903,982,90,90
msg,0,14,925,3688,971,90,90
msg,0,15,992,4328,991,90,90
msg,0,16,936,3667,988,90,90
msg,0,17,929,5049,997,90,90
msg,0,18,929,25794,992,90,90
msg,0,19,943,5044,996,90,90
msg,0,20,932,7436,987,90,90
msg,0,21,926,4673,988,90,90
msg,0,22,924,4170,986,90,90
msg,0,23,933,5079,999,90,90
msg,0,24,928,5250,989,90,90
msg,0,25,929,4299,988,90,90
msg,0,26,924,5812,995,90,90
msg,0,27,900,4267,998,90,90
msg,0,28,934,5323,987,90,90
msg,0,29,1003,27874,993,90,90
msg,0,30,935,6063,999,90,90
msg,0,31,930,7730,995,90,90
msg,0,32,931,5839,993,90,90
msg,0,33,932,8543,993,90,90
msg,0,34,931,7250,996,90,90
msg,0,35,939,6839,995,90,90
msg,0,36,927,5143,985,90,90
msg,0,37,939,3920,993,90,90
msg,0,38,920,3528,992,90,90
msg,0,39,933,30048,994,90,90
msg,0,40,925,4206,999,90,90
msg,0,41,926,4218,969,90,90
msg,0,42,926,4238,994,90,90
msg,0,43,933,6180,1002,90,90
msg,0,44,942,4226,994,90,90
msg,0,45,920,3840,999,90,90
msg,0,46,931,6292,993,90,90
msg,0,47,925,4091,990,90,90
msg,0,48,933,3978,991,90,90
msg,0,49,932,4728,997,90,90
msg,0,50,923,4813,997,90,90
msg,0,51,931,30367,997,90,90
msg,0,52,931,4991,989,90,90
msg,0,53,927,4897,988,90,90
msg,0,54,928,3816,990,90,90
msg,0,55,936,3832,991,90,90
msg,0,56,933,3821,991,90,90
msg,0,57,927,4446,1051,90,90
msg,0,58,929,4089,989,90,90
msg,0,59,932,4761,987,90,90
msg,0,60,917,3830,987,90,90
msg,0,61,997,3720,981,90,90
msg,0,62,922,3889,999,90,90
msg,0,63,929,28865,991,90,90
msg,0,64,935,9219,991,90,90
msg,0,65,941,4631,1058,90,90
msg,0,66,934,3814,986,90,90
msg,0,67,919,4325,996,90,90
msg,0,68,922,3836,996,90,90
msg,0,69,931,4028,990,90,90
msg,0,70,924,5123,991,90,90
msg,0,71,927,3641,989,90,90
msg,0,72,933,4990,990,90,90
msg,0,73,932,4060,988,90,90
msg,0,74,929,31567,992,90,90
msg,0,75,939,3972,989,90,90
msg,0,76,940,4348,989,90,90
msg,0,77,932,4042,995,90,90
msg,0,78,895,4197,997,90,90
msg,0,79,934,3812,987,90,90
msg,0,80,924,3680,991,90,90
msg,0,81,912,5245,995,90,90
msg,0,82,922,3867,987,90,90
msg,0,83,929,4159,1050,90,90
msg,0,84,923,3885,991,90,90
msg,0,85,923,3816,985,90,90
msg,0,86,930,29383,990,90,90
msg,0,87,926,5243,990,90,90
msg,0,88,937,5521,1348,90,90
msg,0,89,946,4642,987,90,90
msg,0,90,934,5197,991,90,90
msg,0,91,935,3759,1056,90,90
msg,0,92,925,3924,970,90,90
msg,0,93,927,6835,990,90,90
msg,0,94,914,4701,995,90,90
msg,0,95,923,3837,991,90,90
msg,0,96,922,5035,990,90,90
msg,0,97,918,29858,1003,90,90
msg,0,98,923,7248,991,90,90
msg,0,99,937,3625,993,90,90
msg,0,100,935,4164,986,90,90
msg,0,101,941,4292,990,90,90
msg,0,102,928,3860,1006,90,90
msg,0,103,939,3991,995,90,90
msg,0,104,926,5067,988,90,90
msg,0,105,936,9100,1000,90,90
msg,0,106,902,4135,981,90,90
msg,0,107,930,3787,989,90,90
msg,0,108,938,25814,997,90,90
msg,0,109,898,4329,988,90,90
msg,0,110,935,3481,984,90,90
msg,0,111,936,4436,997,90,90
msg,0,112,936,3804,992,90,90
msg,0,113,934,6232,994,90,90
msg,0,114,925,3660,995,90,90
msg,0,115,938,4249,988,90,90
msg,0,116,924,8008,1057,90,90
msg,0,117,904,3885,992,90,90
msg,0,118,902,5474,1012,90,90
msg,0,119,939,5044,996,90,90
msg,0,120,931,20097,1001,90,90
msg,0,121,938,9396,989,90,90
msg,0,122,924,4007,990,90,90
msg,0,123,925,3670,982,90,90
msg,0,124,933,3520,996,90,90
msg,0,125,921,4046,989,90,90
msg,0,126,1013,3938,997,90,90
msg,0,127,932,5670,984,90,90
msg,0,128,928,4553,996,90,90
msg,0,129,997,4176,993,90,90
msg,0,130,921,4314,984,90,90
msg,0,131,928,3922,979,90,90
msg,0,132,933,3977,994,90,90
msg,0,133,930,26260,996,90,90
msg,0,134,941,4061,997,90,90
msg,0,135,994,6230,986,90,90
msg,0,136,929,3960,985,90,90
msg,0,137,930,3791,988,90,90
msg,0,138,993,5675,991,90,90
msg,0,139,936,4781,992,90,90
msg,0,140,936,4834,995,90,90
msg,0,141,938,4414,987,90,90
msg,0,142,930,4385,992,90,90
msg,0,143,938,4231,1057,90,90
msg,0,144,924,4028,988,90,90
msg,0,145,922,26452,1001,90,90
msg,0,146,927,4008,992,90,90
msg,0,147,929,5578,990,90,90
msg,0,148,939,3988,994,90,90
msg,0,149,932,4031,998,90,90
msg,0,150,928,4297,978,90,90
msg,0,151,931,7231,984,90,90
msg,0,152,939,5571,969,90,90
msg,0,153,941,3803,993,90,90
msg,0,154,910,3794,990,90,90
msg,0,155,933,3618,1000,90,90
msg,0,156,938,5380,981,90,90
msg,0,157,921,23154,1002,90,90
msg,0,158,926,4834,991,90,90
msg,0,159,934,4097,991,90,90
msg,0,160,936,4181,998,90,90
msg,0,161,929,3816,991,90,90
msg,0,162,929,4603,997,90,90
msg,0,163,933,3832,994,90,90
msg,0,164,927,3824,1048,90,90
msg,0,165,930,3859,990,90,90
msg,0,166,932,3795,988,90,90
msg,0,167,931,3817,990,90,90
msg,0,168,902,6372,997,90,90
msg,0,169,932,5406,990,90,90
msg,0,170,903,28964,995,90,90
msg,0,171,900,4132,988,90,90
msg,0,172,930,4104,986,90,90
msg,0,173,931,3797,993,90,90
msg,0,174,920,6392,998,90,90
msg,0,175,929,3640,994,90,90
msg,0,176,924,3645,985,90,90
msg,0,177,924,5019,996,90,90
msg,0,178,978,5329,988,90,90
msg,0,179,940,3805,992,90,90
msg,0,180,924,3843,989,90,90
msg,0,181,991,3797,990,90,90
msg,0,182,896,25518,994,90,90
msg,0,183,923,3931,995,90,90
msg,0,184,940,4847,989,90,90
msg,0,185,923,3814,995,90,90
msg,0,186,942,4058,990,90,90
msg,0,187,940,4666,986,90,90
msg,0,188,929,4068,991,90,90
msg,0,189,928,4555,992,90,90
msg,0,190,933,7510,993,90,90
msg,0,191,938,3816,999,90,90
msg,0,192,934,5250,987,90,90
msg,0,193,934,3937,989,90,90
msg,0,194,934,30553,995,90,90
msg,0,195,943,5060,993,90,90
msg,0,196,920,4500,997,90,90
msg,0,197,924,4048,991,90,90
msg,0,198,919,3919,991,90,90
msg,0,199,923,4023,987,90,90
whole,0,23.224,1755.229,200
1,5.3980,0.0020,5.2570,10.6570,0,0,23,4,0,0,1,1,124084,0.0,0.0,0.0,0.0,0,0,0,0
msg,1,0,1057,4645,1000,90,90
msg,1,1,929,5765,994,90,90
msg,1,2,934,29356,993,90,90
msg,1,3,929,4070,994,90,90
msg,1,4,927,3770,980,90,90
msg,1,5,943,3742,984,90,90
msg,1,6,904,6039,990,90,90
msg,1,7,921,4223,992,90,90
msg,1,8,926,3844,989,90,90
msg,1,9,935,6902,990,90,90
msg,1,10,933,8865,995,90,90
msg,1,11,920,7390,985,90,90
msg,1,12,1035,25357,989,90,90
msg,1,13,933,5543,991,90,90
msg,1,14,936,3867,1003,90,90
msg,1,15,926,3710,994,90,90
msg,1,16,940,4815,995,90,90
msg,1,17,929,4809,997,90,90
msg,1,18,938,4603,988,90,90
msg,1,19,922,3876,984,90,90
msg,1,20,923,6993,995,90,90
msg,1,21,929,4964,988,90,90
msg,1,22,937,4250,995,90,90
msg,1,23,936,4150,997,90,90
msg,1,24,930,25758,995,90,90
msg,1,25,935,7375,988,90,90
msg,1,26,998,6343,993,90,90
msg,1,27,935,4987,987,90,90
msg,1,28,927,4192,1051,90,90
msg,1,29,933,3852,985,90,90
msg,1,30,932,3874,1007,90,90
msg,1,31,923,6480,993,90,90
msg,1,32,924,5559,987,90,90
msg,1,33,995,3716,988,90,90
msg,1,34,934,7948,989,90,90
msg,1,35,926,24323,993,90,90
msg,1,36,930,4610,988,90,90
msg,1,37,922,3903,999,90,90
msg,1,38,939,3799,992,90,90
msg,1,39,931,3897,989,90,90
msg,1,40,938,4133,999,90,90
msg,1,41,927,4022,997,90,90
msg,1,42,934,3575,986,90,90
msg,1,43,930,3811,1063,90,90
msg,1,44,933,4396,987,90,90
msg,1,45,941,4112,989,90,90
msg,1,46,940,5267,1073,90,90
msg,1,47,936,3747,990,90,90
msg,1,48,932,29709,997,90,90
msg,1,49,900,5224,996,90,90
msg,1,50,934,3600,996,90,90
msg,1,51,898,5636,995,90,90
msg,1,52,993,6412,991,90,90
msg,1,53,927,8243,988,90,90
msg,1,54,927,4866,992,90,90
msg,1,55,929,7922,996,90,90
msg,1,56,934,6009,994,90,90
msg,1,57,939,5475,995,90,90
msg,1,58,922,33271,999,90,90
msg,1,59,927,4116,994,90,90
msg,1,60,930,3903,994,90,90
msg,1,61,934,3879,996,90,90
msg,1,62,926,4260,984,90,90
msg,1,63,933,3556,991,90,90
msg,1,64,928,3807,989,90,90
msg,1,65,927,6789,996,90,90
msg,1,66,932,5022,987,90,90
msg,1,67,928,5310,983,90,90
msg,1,68,928,4424,989,90,90
msg,1,69,937,26761,1001,90,90
msg,1,70,940,4104,990,90,90
msg,1,71,925,3838,989,90,90
msg,1,72,924,4085,1033,90,90
msg,1,73,931,4472,988,90,90
msg,1,74,936,3879,990,90,90
msg,1,75,937,3815,987,90,90
msg,1,76,1003,3598,988,90,90
msg,1,77,905,4546,991,90,90
msg,1,78,928,5745,985,90,90
msg,1,79,1000,5527,986,90,90
msg,1,80,944,5180,991,90,90
msg,1,81,926,29781,998,90,90
msg,1,82,930,5170,996,90,90
msg,1,83,925,4641,993,90,90
msg,1,84,1011,3825,989,90,90
msg,1,85,937,3902,1003,90,90
msg,1,86,940,3768,973,90,90
msg,1,87,941,4122,992,90,90
msg,1,88,938,3983,999,90,90
msg,1,89,940,7169,997,90,90
msg,1,90,1029,3821,992,90,90
msg,1,91,930,3826,991,90,90
msg,1,92,927,3952,987,90,90
msg,1,93,930,30336,975,90,90
msg,1,94,934,4001,988,90,90
msg,1,95,926,3881,995,90,90
msg,1,96,934,3786,988,90,90
msg,1,97,922,4519,991,90,90
msg,1,98,941,3787,1056,90,90
msg,1,99,939,3808,992,90,90
msg,1,100,934,3843,988,90,90
msg,1,101,929,5175,993,90,90
msg,1,102,932,6835,994,90,90
msg,1,103,923,3660,993,90,90
msg,1,104,924,3965,1047,90,90
msg,1,105,930,19522,994,90,90
msg,1,106,933,7168,991,90,90
msg,1,107,925,4064,993,90,90
msg,1,108,927,3806,992,90,90
msg,1,109,933,3757,988,90,90
msg,1,110,927,3938,1000,90,90
msg,1,111,939,4084,988,90,90
msg,1,112,938,3724,986,90,90
msg,1,113,927,3428,989,90,90
msg,1,114,895,5591,990,90,90
msg,1,115,925,4193,990,90,90
msg,1,116,898,5820,996,90,90
msg,1,117,933,5447,1001,90,90
msg,1,118,936,24175,996,90,90
msg,1,119,933,5063,998,90,90
msg,1,120,936,3932,997,90,90
msg,1,121,924,11375,989,90,90
msg,1,122,923,4771,986,90,90
msg,1,123,941,3814,988,90,90
msg,1,124,916,3848,989,90,90
msg,1,125,903,8727,998,90,90
msg,1,126,1263,3815,985,90,90
msg,1,127,919,3638,997,90,90
msg,1,128,916,5994,996,90,90
msg,1,129,936,30882,998,90,90
msg,1,130,1001,4045,990,90,90
msg,1,131,922,3799,994,90,90
msg,1,132,904,4413,996,90,90
msg,1,133,929,3695,997,90,90
msg,1,134,930,3876,992,90,90
msg,1,135,929,4142,992,90,90
msg,1,136,918,3992,992,90,90
msg,1,137,927,4641,993,90,90
msg,1,138,934,3785,984,90,90
msg,1,139,924,3411,994,90,90
msg,1,140,1005,5127,995,90,90
msg,1,141,902,31623,1054,90,90
msg,1,142,933,4076,998,90,90
msg,1,143,927,3867,1009,90,90
msg,1,144,940,4075,985,90,90
msg,1,145,902,5828,992,90,90
msg,1,146,934,4300,986,90,90
msg,1,147,931,6996,992,90,90
msg,1,148,938,6996,992,90,90
msg,1,149,932,4208,995,90,90
msg,1,150,931,4032,995,90,90
msg,1,151,926,5260,996,90,90
msg,1,152,925,24858,988,90,90
msg,1,153,942,3823,975,90,90
msg,1,154,935,4207,993,90,90
msg,1,155,922,4660,986,90,90
msg,1,156,923,4604,996,90,90
msg,1,157,926,4505,992,90,90
msg,1,158,928,4325,989,90,90
msg,1,159,922,4648,993,90,90
msg,1,160,929,4895,993,90,90
msg,1,161,931,3859,993,90,90
msg,1,162,925,4242,999,90,90
msg,1,163,933,4829,995,90,90
msg,1,164,939,26055,998,90,90
msg,1,165,932,4943,994,90,90
msg,1,166,902,3833,993,90,90
msg,1,167,927,3683,993,90,90
msg,1,168,930,4280,992,90,90
msg,1,169,920,3807,997,90,90
msg,1,170,905,3836,997,90,90
msg,1,171,930,3947,996,90,90
msg,1,172,909,3656,993,90,90
msg,1,173,930,4597,987,90,90
msg,1,174,916,3773,1336,90,90
msg,1,175,941,4126,994,90,90
msg,1,176,925,4641,992,90,90
msg,1,177,934,25102,1051,90,90
msg,1,178,936,6749,996,90,90
msg,1,179,926,4889,992,90,90
msg,1,180,934,5199,995,90,90
msg,1,181,900,4587,991,90,90
msg,1,182,925,4476,987,90,90
msg,1,183,936,3988,988,90,90
msg,1,184,939,4605,992,90,90
msg,1,185,911,4442,990,90,90
msg,1,186,925,4215,992,90,90
msg,1,187,929,4961,988,90,90
msg,1,188,928,4205,973,90,90
msg,1,189,915,30815,992,90,90
msg,1,190,897,4723,990,90,90
msg,1,191,934,3854,993,90,90
msg,1,192,940,3809,995,90,90
msg,1,193,939,6900,984,90,90
msg,1,194,935,3820,999,90,90
msg,1,195,939,4565,990,90,90
msg,1,196,928,5844,985,90,90
msg,1,197,929,4524,986,90,90
msg,1,198,932,5179,986,90,90
msg,1,199,939,4173,992,90,90
whole,1,24.701,1770.860,200
2,9.3900,0.0020,9.7590,19.1510,0,0,23,4,0,0,1,1,124084,0.0,0.0,0.0,0.0,0,0,0,0
msg,2,0,1058,7300,1098,90,90
msg,2,1,928,4611,999,90,90
msg,2,2,929,4165,990,90,90
msg,2,3,922,6513,999,90,90
msg,2,4,932,4167,996,90,90
msg,2,5,932,5495,987,90,90
msg,2,6,936,3575,1001,90,90
msg,2,7,932,34054,998,90,90
msg,2,8,900,7021,994,90,90
msg,2,9,922,6397,987,90,90
msg,2,10,921,4081,997,90,90
msg,2,11,943,3775,995,90,90
msg,2,12,924,4798,987,90,90
msg,2,13,936,6291,990,90,90
msg,2,14,930,3938,1000,90,90
msg,2,15,927,3847,986,90,90
msg,2,16,927,5506,992,90,90
msg,2,17,922,25485,996,90,90
msg,2,18,907,6422,992,90,90
msg,2,19,927,4612,992,90,90
msg,2,20,923,5881,984,90,90
msg,2,21,929,3830,985,90,90
msg,2,22,1045,4012,996,90,90
msg,2,23,929,4116,994,90,90
msg,2,24,920,4550,986,90,90
msg,2,25,938,5974,993,90,90
msg,2,26,932,4445,997,90,90
msg,2,27,936,3845,990,90,90
msg,2,28,1005,4732,992,90,90
msg,2,29,934,27064,991,90,90
msg,2,30,922,3900,987,90,90
msg,2,31,925,3717,987,90,90
msg,2,32,944,3643,991,90,90
msg,2,33,938,5750,1080,90,90
msg,2,34,931,6660,995,90,90
msg,2,35,901,3866,992,90,90
msg,2,36,937,3690,996,90,90
msg,2,37,942,5559,988,90,90
msg,2,38,921,3970,989,90,90
msg,2,39,937,4489,997,90,90
msg,2,40,925,4073,986,90,90
msg,2,41,930,29327,1040,90,90
msg,2,42,925,4918,992,90,90
msg,2,43,942,3931,987,90,90
msg,2,44,938,4072,986,90,90
msg,2,45,1007,7070,995,90,90
msg,2,46,933,4621,987,90,90
msg,2,47,928,3983,1052,90,90
msg,2,48,904,6926,989,90,90
msg,2,49,899,4173,995,90,90
msg,2,50,923,3817,990,90,90
msg,2,51,934,5341,995,90,90
msg,2,52,919,25837,1005,90,90
msg,2,53,939,7648,990,90,90
msg,2,54,931,5470,992,90,90
msg,2,55,925,4321,991,90,90
msg,2,56,936,4358,1001,90,90
msg,2,57,930,4297,986,90,90
msg,2,58,910,3727,988,90,90
msg,2,59,929,3817,990,90,90
msg,2,60,923,5204,985,90,90
msg,2,61,941,3743,984,90,90
msg,2,62,996,3848,997,90,90
msg,2,63,902,4334,983,90,90
msg,2,64,940,30366,993,90,90
msg,2,65,930,4099,988,90,90
msg,2,66,910,4948,989,90,90
msg,2,67,897,4421,996,90,90
msg,2,68,930,3616,989,90,90
msg,2,69,926,3815,970,90,90
msg,2,70,936,4041,994,90,90
msg,2,71,937,3938,990,90,90
msg,2,72,939,5769,987,90,90
msg,2,73,928,3915,985,90,90
msg,2,74,923,5240,998,90,90
msg,2,75,921,4157,997,90,90
msg,2,76,930,29121,999,90,90
msg,2,77,936,6881,998,90,90
msg,2,78,937,4113,984,90,90
msg,2,79,922,4218,990,90,90
msg,2,80,932,3688,981,90,90
msg,2,81,943,3637,993,90,90
msg,2,82,978,3739,991,90,90
msg,2,83,925,4041,988,90,90
msg,2,84,920,5088,993,90,90
msg,2,85,1001,3581,998,90,90
msg,2,86,927,4577,984,90,90
msg,2,87,921,3794,991,90,90
msg,2,88,934,25226,982,90,90
msg,2,89,938,4840,987,90,90
msg,2,90,930,3872,993,90,90
msg,2,91,898,4437,997,90,90
msg,2,92,942,3907,996,90,90
msg,2,93,928,3947,994,90,90
msg,2,94,924,3645,1000,90,90
msg,2,95,923,3847,995,90,90
msg,2,96,926,3940,989,90,90
msg,2,97,928,4144,994,90,90
msg,2,98,938,3890,990,90,90
msg,2,99,937,4570,982,90,90
msg,2,100,923,4681,987,90,90
msg,2,101,898,27982,996,90,90
msg,2,102,914,3932,988,90,90
msg,2,103,908,3588,994,90,90
msg,2,104,939,3804,989,90,90
msg,2,105,922,3907,998,90,90
msg,2,106,925,3413,985,90,90
msg,2,107,993,4917,987,90,90
msg,2,108,924,4293,983,90,90
msg,2,109,933,6752,994,90,90
msg,2,110,927,7013,1000,90,90
msg,2,111,935,10643,997,90,90
msg,2,112,928,32692,1002,90,90
msg,2,113,903,6541,990,90,90
msg,2,114,922,5978,993,90,90
msg,2,115,921,4504,993,90,90
msg,2,116,938,3838,987,90,90
msg,2,117,945,4063,992,90,90
msg,2,118,938,3814,994,90,90
msg,2,119,936,4291,989,90,90
msg,2,120,934,3929,990,90,90
msg,2,121,938,5853,1051,90,90
msg,2,122,934,3963,995,90,90
msg,2,123,927,30962,990,90,90
msg,2,124,1032,3815,991,90,90
msg,2,125,939,3801,989,90,90
msg,2,126,935,3567,990,90,90
msg,2,127,932,4688,990,90,90
msg,2,128,946,3611,992,90,90
msg,2,129,920,3744,998,90,90
msg,2,130,934,4445,998,90,90
msg,2,131,938,4116,988,90,90
msg,2,132,937,3951,993,90,90
msg,2,133,932,3908,1056,90,90
msg,2,134,931,4460,984,90,90
msg,2,135,929,42289,998,90,90
msg,2,136,928,5816,990,90,90
msg,2,137,1337,4983,991,90,90
msg,2,138,919,4389,990,90,90
msg,2,139,936,4017,993,90,90
msg,2,140,1010,3698,991,90,90
msg,2,141,928,4008,993,90,90
msg,2,142,922,3927,987,90,90
msg,2,143,936,4921,996,90,90
msg,2,144,932,4151,992,90,90
msg,2,145,927,41838,999,90,90
msg,2,146,931,4352,994,90,90
msg,2,147,926,4317,990,90,90
msg,2,148,929,3868,983,90,90
msg,2,149,924,4077,992,90,90
msg,2,150,939,6314,986,90,90
msg,2,151,921,4177,991,90,90
msg,2,152,925,3828,999,90,90
msg,2,153,934,3987,990,90,90
msg,2,154,934,3885,985,90,90
msg,2,155,936,29929,995,90,90
msg,2,156,943,5510,987,90,90
msg,2,157,898,3980,991,90,90
msg,2,158,902,3826,995,90,90
msg,2,159,921,4035,989,90,90
msg,2,160,918,3921,986,90,90
msg,2,161,925,4198,995,90,90
msg,2,162,941,3814,990,90,90
msg,2,163,923,4225,993,90,90
msg,2,164,932,3944,986,90,90
msg,2,165,933,4829,995,90,90
msg,2,166,930,30730,1006,90,90
msg,2,167,933,12330,998,90,90
msg,2,168,929,5467,997,90,90
msg,2,169,930,4126,990,90,90
msg,2,170,942,4867,994,90,90
msg,2,171,934,4829,992,90,90
msg,2,172,925,5221,989,90,90
msg,2,173,923,3839,993,90,90
msg,2,174,931,4270,988,90,90
msg,2,175,898,5007,992,90,90
msg,2,176,936,4046,986,90,90
msg,2,177,922,29787,993,90,90
msg,2,178,931,4802,990,90,90
msg,2,179,907,6322,990,90,90
msg,2,180,921,4469,995,90,90
msg,2,181,911,4492,987,90,90
msg,2,182,935,3800,1000,90,90
msg,2,183,944,3829,993,90,90
msg,2,184,933,4008,996,90,90
msg,2,185,922,3632,1048,90,90
msg,2,186,934,4623,992,90,90
msg,2,187,901,4180,996,90,90
msg,2,188,926,3861,984,90,90
msg,2,189,1003,31014,990,90,90
msg,2,190,941,3839,992,90,90
msg,2,191,1319,3937,998,90,90
msg,2,192,944,3985,988,90,90
msg,2,193,924,3749,997,90,90
msg,2,194,927,4010,990,90,90
msg,2,195,927,7107,990,90,90
msg,2,196,904,5577,1057,90,90
msg,2,197,931,4767,985,90,90
msg,2,198,935,3660,993,90,90
msg,2,199,921,3817,978,90,90
whole,2,35.635,1814.687,200
#stack 2368
#end
#block pipeline plain lorawan11_256 down
#aead AES-256-CTR+2xCMAC (LoRaWAN 1.1 frame, 256-bit keys) (BearSSL (arduino-pico)), downlink, 51 B payload + 13 B overhead
#lib none (plain MQTT)
iter,tcp_ms,tls_ms,mqtt_ms,total_ms,hs_tx_B,hs_rx_B,mqtt_tx_B,mqtt_rx_B,hs_writes,hs_reads,writes,reads,free_heap_B,hs_keygen_us,hs_derive_us,hs_verify_us,hs_sign_us,hs_keygen_n,hs_derive_n,hs_verify_n,hs_sign_n
msg,iter,idx,seal_us,rtt_us,open_us,tx_B,rx_B
whole,iter,first_ms,all_ms,msgs
0,35.3920,0.0020,6.7180,42.1120,0,0,23,4,0,0,1,1,124084,0.0,0.0,0.0,0.0,0,0,0,0
msg,0,0,675,4428,613,90,90
msg,0,1,578,3800,614,90,90
msg,0,2,546,3812,645,90,90
msg,0,3,632,3844,647,90,90
msg,0,4,572,3631,635,90,90
msg,0,5,584,3730,637,90,90
msg,0,6,572,5306,675,90,90
msg,0,7,577,4043,617,90,90
msg,0,8,586,3541,613,90,90
msg,0,9,571,3930,615,90,90
msg,0,10,547,4044,638,90,90
msg,0,11,573,30568,636,90,90
msg,0,12,582,3606,634,90,90
msg,0,13,583,4683,639,90,90
msg,0,14,583,3710,986,90,90
msg,0,15,597,3953,643,90,90
msg,0,16,560,3903,646,90,90
msg,0,17,574,4614,636,90,90
msg,0,18,568,4477,629,90,90
msg,0,19,575,3759,642,90,90
msg,0,20,563,4190,647,90,90
msg,0,21,545,3833,637,90,90
msg,0,22,581,4086,613,90,90
msg,0,23,586,3761,613,90,90
msg,0,24,623,4270,631,90,90
msg,0,25,579,25241,639,90,90
msg,0,26,554,4016,635,90,90
msg,0,27,585,4082,617,90,90
msg,0,28,545,3797,640,90,90
msg,0,29,541,3794,639,90,90
msg,0,30,575,3821,636,90,90
msg,0,31,567,4279,642,90,90
msg,0,32,558,3539,646,90,90
msg,0,33,545,3706,633,90,90
msg,0,34,552,3823,644,90,90
msg,0,35,682,4330,637,90,90
msg,0,36,542,4000,634,90,90
msg,0,37,574,3946,614,90,90
msg,0,38,545,3398,626,90,90
msg,0,39,570,3784,615,90,90
msg,0,40,581,26820,617,90,90
msg,0,41,542,4867,698,90,90
msg,0,42,549,7291,612,90,90
msg,0,43,546,3668,617,90,90
msg,0,44,543,3769,638,90,90
msg,0,45,623,4900,636,90,90
msg,0,46,576,3802,634,90,90
msg,0,47,580,3998,617,90,90
msg,0,48,543,3639,617,90,90
msg,0,49,553,3673,619,90,90
msg,0,50,551,4944,642,90,90
msg,0,51,566,3581,641,90,90
msg,0,52,556,3737,640,90,90
msg,0,53,585,3698,635,90,90
msg,0,54,573,32439,641,90,90
msg,0,55,538,3766,639,90,90
msg,0,56,573,4161,612,90,90
msg,0,57,545,4656,620,90,90
msg,0,58,621,3515,614,90,90
msg,0,59,556,3951,634,90,90
msg,0,60,556,4000,634,90,90
msg,0,61,567,4173,643,90,90
msg,0,62,641,3629,637,90,90
msg,0,63,544,4219,612,90,90
msg,0,64,569,3662,621,90,90
msg,0,65,573,3535,672,90,90
msg,0,66,577,3794,615,90,90
msg,0,67,549,3587,619,90,90
msg,0,68,541,20264,639,90,90
msg,0,69,574,9710,631,90,90
msg,0,70,574,3714,613,90,90
msg,0,71,578,3743,615,90,90
msg,0,72,569,3734,616,90,90
msg,0,73,555,3773,639,90,90
msg,0,74,554,3597,644,90,90
msg,0,75,544,3533,618,90,90
msg,0,76,548,3909,702,90,90
msg,0,77,652,3545,635,90,90
msg,0,78,582,6168,613,90,90
msg,0,79,547,4212,641,90,90
msg,0,80,569,3987,615,90,90
msg,0,81,545,3636,611,90,90
msg,0,82,547,3931,637,90,90
msg,0,83,552,20108,641,90,90
msg,0,84,572,9694,629,90,90
msg,0,85,581,6310,649,90,90
msg,0,86,572,4110,616,90,90
msg,0,87,548,3763,612,90,90
msg,0,88,554,3749,633,90,90
msg,0,89,632,3524,634,90,90
msg,0,90,558,3826,639,90,90
msg,0,91,662,4072,612,90,90
msg,0,92,579,4105,636,90,90
msg,0,93,576,3939,632,90,90
msg,0,94,581,4341,635,90,90
msg,0,95,578,4282,620,90,90
msg,0,96,546,3905,631,90,90
msg,0,97,546,31374,621,90,90
msg,0,98,559,6892,637,90,90
msg,0,99,545,4348,615,90,90
msg,0,100,618,3832,639,90,90
msg,0,101,562,3517,640,90,90
msg,0,102,546,3909,631,90,90
msg,0,103,577,4052,698,90,90
msg,0,104,545,3745,617,90,90
msg,0,105,550,3560,614,90,90
msg,0,106,551,5256,635,90,90
msg,0,107,560,3998,621,90,90
msg,0,108,544,3742,615,90,90
msg,0,109,553,3641,618,90,90
msg,0,110,547,4209,635,90,90
msg,0,111,582,26716,635,90,90
msg,0,112,575,3886,616,90,90
msg,0,113,547,3581,615,90,90
msg,0,114,546,4023,642,90,90
msg,0,115,545,3795,633,90,90
msg,0,116,572,5971,613,90,90
msg,0,117,585,9016,638,90,90
msg,0,118,553,4091,634,90,90
msg,0,119,570,6434,636,90,90
msg,0,120,573,3901,617,90,90
msg,0,121,588,3771,617,90,90
msg,0,122,545,4439,618,90,90
msg,0,123,581,3790,676,90,90
msg,0,124,558,31652,622,90,90
msg,0,125,540,3885,642,90,90
msg,0,126,556,4998,635,90,90
msg,0,127,580,7714,632,90,90
msg,0,128,579,4455,645,90,90
msg,0,129,683,4250,641,90,90
msg,0,130,545,3727,640,90,90
msg,0,131,580,3775,634,90,90
msg,0,132,581,5220,643,90,90
msg,0,133,552,4078,641,90,90
msg,0,134,582,3584,632,90,90
msg,0,135,582,3445,637,90,90
msg,0,136,576,3926,632,90,90
msg,0,137,573,26600,641,90,90
msg,0,138,579,3918,618,90,90
msg,0,139,546,4656,621,90,90
msg,0,140,550,6012,641,90,90
msg,0,141,584,5724,631,90,90
msg,0,142,569,4750,633,90,90
msg,0,143,576,3932,615,90,90
msg,0,144,548,3632,613,90,90
msg,0,145,548,5810,676,90,90
msg,0,146,549,4535,606,90,90
msg,0,147,547,4226,633,90,90
msg,0,148,569,3797,615,90,90
msg,0,149,584,3357,640,90,90
msg,0,150,565,27728,655,90,90
msg,0,151,576,5521,642,90,90
msg,0,152,566,4643,638,90,90
msg,0,153,578,3825,613,90,90
msg,0,154,578,5281,636,90,90
msg,0,155,572,4300,619,90,90
msg,0,156,550,3924,639,90,90
msg,0,157,565,3823,635,90,90
msg,0,158,587,3801,610,90,90
msg,0,159,575,6450,643,90,90
msg,0,160,581,3833,615,90,90
msg,0,161,573,3844,612,90,90
msg,0,162,560,3679,623,90,90
msg,0,163,554,3880,636,90,90
msg,0,164,546,29782,641,90,90
msg,0,165,580,3797,631,90,90
msg,0,166,569,4675,628,90,90
msg,0,167,588,3469,640,90,90
msg,0,168,576,3811,632,90,90
msg,0,169,586,4159,641,90,90
msg,0,170,559,3830,640,90,90
msg,0,171,582,3810,632,90,90
msg,0,172,583,4331,680,90,90
msg,0,173,572,3836,638,90,90
msg,0,174,566,4303,637,90,90
msg,0,175,540,4420,631,90,90
msg,0,176,550,4535,618,90,90
msg,0,177,555,4024,635,90,90
msg,0,178,576,25214,619,90,90
msg,0,179,552,7743,620,90,90
msg,0,180,554,5876,637,90,90
msg,0,181,556,3789,637,90,90
msg,0,182,579,4249,619,90,90
msg,0,183,556,3998,641,90,90
msg,0,184,566,3826,631,90,90
msg,0,185,568,3788,615,90,90
msg,0,186,570,3758,619,90,90
msg,0,187,554,6030,637,90,90
msg,0,188,569,3800,639,90,90
msg,0,189,571,4146,617,90,90
msg,0,190,543,3838,640,90,90
msg,0,191,553,3591,643,90,90
msg,0,192,552,27095,681,90,90
msg,0,193,575,4145,632,90,90
msg,0,194,551,4281,623,90,90
msg,0,195,586,4111,630,90,90
msg,0,196,548,6284,621,90,90
msg,0,197,560,5481,616,90,90
msg,0,198,571,4845,616,90,90
msg,0,199,553,3769,647,90,90
whole,0,54.679,1509.994,200
1,6.5020,0.0020,4.3130,10.8170,0,0,23,4,0,0,1,1,124084,0.0,0.0,0.0,0.0,0,0,0,0
msg,1,0,700,3778,651,90,90
msg,1,1,546,4561,615,90,90
msg,1,2,552,28110,645,90,90
msg,1,3,583,5682,635,90,90
msg,1,4,568,4269,641,90,90
msg,1,5,550,4810,640,90,90
msg,1,6,584,4169,617,90,90
msg,1,7,546,3520,614,90,90
msg,1,8,581,3442,626,90,90
msg,1,9,570,3945,618,90,90
msg,1,10,549,3505,618,90,90
msg,1,11,576,4917,641,90,90
msg,1,12,541,4302,618,90,90
msg,1,13,574,4015,638,90,90
msg,1,14,549,4030,635,90,90
msg,1,15,570,47105,736,90,90
msg,1,16,552,6172,641,90,90
msg,1,17,577,6778,615,90,90
msg,1,18,572,5219,644,90,90
msg,1,19,583,5327,640,90,90
msg,1,20,553,3681,638,90,90
msg,1,21,556,19752,645,90,90
msg,1,22,550,4066,635,90,90
msg,1,23,578,31631,640,90,90
msg,1,24,582,5509,635,90,90
msg,1,25,572,7885,617,90,90
msg,1,26,577,7804,622,90,90
msg,1,27,611,3998,634,90,90
msg,1,28,567,4107,619,90,90
msg,1,29,547,3869,635,90,90
msg,1,30,551,4394,624,90,90
msg,1,31,550,3910,645,90,90
msg,1,32,554,3715,633,90,90
msg,1,33,541,3538,644,90,90
msg,1,34,544,4123,632,90,90
msg,1,35,581,30985,618,90,90
msg,1,36,560,4038,718,90,90
msg,1,37,580,5480,637,90,90
msg,1,38,567,5047,616,90,90
msg,1,39,576,7385,643,90,90
msg,1,40,584,3817,612,90,90
msg,1,41,579,3882,613,90,90
msg,1,42,546,3969,638,90,90
msg,1,43,579,4136,620,90,90
msg,1,44,582,3780,615,90,90
msg,1,45,555,5009,653,90,90
msg,1,46,564,5485,641,90,90
msg,1,47,553,26877,644,90,90
msg,1,48,581,5488,639,90,90
msg,1,49,574,3505,642,90,90
msg,1,50,551,4071,633,90,90
msg,1,51,567,3528,636,90,90
msg,1,52,586,3993,611,90,90
msg,1,53,545,4945,638,90,90
msg,1,54,544,3887,635,90,90
msg,1,55,582,3650,638,90,90
msg,1,56,571,4120,621,90,90
msg,1,57,555,4574,621,90,90
msg,1,58,557,3759,629,90,90
msg,1,59,542,5422,618,90,90
msg,1,60,623,4189,635,90,90
msg,1,61,579,27359,646,90,90
msg,1,62,556,5469,638,90,90
msg,1,63,652,4215,612,90,90
msg,1,64,582,3862,613,90,90
msg,1,65,549,3899,634,90,90
msg,1,66,559,4119,621,90,90
msg,1,67,585,7569,632,90,90
msg,1,68,570,4373,632,90,90
msg,1,69,572,4007,615,90,90
msg,1,70,589,7809,618,90,90
msg,1,71,548,4023,644,90,90
msg,1,72,567,4391,640,90,90
msg,1,73,542,4803,635,90,90
msg,1,74,581,24955,648,90,90
msg,1,75,586,5741,620,90,90
msg,1,76,590,4046,638,90,90
msg,1,77,550,4066,626,90,90
msg,1,78,572,4360,636,90,90
msg,1,79,579,4661,633,90,90
msg,1,80,572,10751,639,90,90
msg,1,81,571,4477,637,90,90
msg,1,82,578,5910,622,90,90
msg,1,83,583,3443,636,90,90
msg,1,84,574,3900,680,90,90
msg,1,85,550,4483,609,90,90
msg,1,86,576,3821,619,90,90
msg,1,87,548,32039,640,90,90
msg,1,88,556,3850,635,90,90
msg,1,89,571,4093,618,90,90
msg,1,90,541,3771,703,90,90
msg,1,91,546,3657,641,90,90
msg,1,92,547,4331,620,90,90
msg,1,93,543,7018,638,90,90
msg,1,94,652,8557,637,90,90
msg,1,95,544,3720,643,90,90
msg,1,96,577,4128,683,90,90
msg,1,97,552,4113,638,90,90
msg,1,98,574,3708,626,90,90
msg,1,99,572,27149,616,90,90
msg,1,100,640,6019,643,90,90
msg,1,101,576,3985,615,90,90
msg,1,102,548,4008,643,90,90
msg,1,103,554,3555,642,90,90
msg,1,104,550,3630,639,90,90
msg,1,105,557,4592,636,90,90
msg,1,106,540,7997,643,90,90
msg,1,107,580,12657,634,90,90
msg,1,108,576,4354,637,90,90
msg,1,109,551,6487,642,90,90
msg,1,110,552,3885,636,90,90
msg,1,111,572,26885,638,90,90
msg,1,112,578,3556,632,90,90
msg,1,113,583,4224,640,90,90
msg,1,114,540,3813,701,90,90
msg,1,115,580,3536,635,90,90
msg,1,116,567,3678,643,90,90
msg,1,117,579,4097,613,90,90
msg,1,118,548,3812,621,90,90
msg,1,119,542,3906,636,90,90
msg,1,120,575,3713,639,90,90
msg,1,121,580,5699,645,90,90
msg,1,122,653,6122,638,90,90
msg,1,123,543,5603,621,90,90
msg,1,124,558,5530,612,90,90
msg,1,125,555,25269,640,90,90
msg,1,126,582,3841,613,90,90
msg,1,127,583,4235,632,90,90
msg,1,128,574,4219,614,90,90
msg,1,129,546,3911,651,90,90
msg,1,130,552,4496,632,90,90
msg,1,131,553,3675,640,90,90
msg,1,132,549,3798,643,90,90
msg,1,133,548,4886,637,90,90
msg,1,134,572,6289,639,90,90
msg,1,135,553,5650,639,90,90
msg,1,136,548,4214,629,90,90
msg,1,137,584,3999,640,90,90
msg,1,138,555,3851,636,90,90
msg,1,139,581,26540,640,90,90
msg,1,140,548,4349,610,90,90
msg,1,141,557,5775,643,90,90
msg,1,142,556,4036,637,90,90
msg,1,143,566,4403,634,90,90
msg,1,144,559,5281,619,90,90
msg,1,145,549,4043,647,90,90
msg,1,146,582,4003,616,90,90
msg,1,147,580,4115,636,90,90
msg,1,148,560,5824,641,90,90
msg,1,149,567,7439,635,90,90
msg,1,150,544,3970,636,90,90
msg,1,151,567,3919,621,90,90
msg,1,152,576,28219,639,90,90
msg,1,153,572,3850,630,90,90
msg,1,154,568,5396,638,90,90
msg,1,155,571,4420,637,90,90
msg,1,156,542,4306,620,90,90
msg,1,157,559,5305,642,90,90
msg,1,158,572,4586,629,90,90
msg,1,159,577,4104,621,90,90
msg,1,160,542,4606,616,90,90
msg,1,161,547,4428,620,90,90
msg,1,162,582,4899,636,90,90
msg,1,163,543,5500,682,90,90
msg,1,164,556,4908,641,90,90
msg,1,165,545,28076,635,90,90
msg,1,166,572,3961,623,90,90
msg,1,167,546,4030,643,90,90
msg,1,168,570,3527,639,90,90
msg,1,169,577,3628,631,90,90
msg,1,170,570,3927,639,90,90
msg,1,171,579,3748,614,90,90
msg,1,172,584,4051,640,90,90
msg,1,173,556,4648,637,90,90
msg,1,174,560,4206,609,90,90
msg,1,175,582,4343,639,90,90
msg,1,176,579,7037,616,90,90
msg,1,177,540,5795,645,90,90
msg,1,178,551,27123,638,90,90
msg,1,179,573,5267,641,90,90
msg,1,180,555,3689,638,90,90
msg,1,181,557,4390,620,90,90
msg,1,182,544,3596,619,90,90
msg,1,183,561,3828,645,90,90
msg,1,184,558,4867,636,90,90
msg,1,185,583,3845,635,90,90
msg,1,186,566,30611,640,90,90
msg,1,187,571,4462,634,90,90
msg,1,188,580,43404,646,90,90
msg,1,189,542,3750,639,90,90
msg,1,190,573,4919,643,90,90
msg,1,191,576,3828,619,90,90
msg,1,192,573,4272,639,90,90
msg,1,193,570,8981,617,90,90
msg,1,194,581,4016,651,90,90
msg,1,195,544,5567,643,90,90
msg,1,196,542,6403,622,90,90
msg,1,197,558,28518,619,90,90
msg,1,198,579,6175,638,90,90
msg,1,199,579,4020,617,90,90
whole,1,21.614,1704.680,200
2,4.6920,0.0020,4.7300,9.4240,0,0,23,4,0,0,1,1,124084,0.0,0.0,0.0,0.0,0,0,0,0
msg,2,0,707,4051,646,90,90
msg,2,1,557,4007,638,90,90
msg,2,2,570,4937,619,90,90
msg,2,3,556,4103,635,90,90
msg,2,4,575,3524,684,90,90
msg,2,5,585,3951,621,90,90
msg,2,6,582,5472,634,90,90
msg,2,7,571,31069,614,90,90
msg,2,8,548,3689,615,90,90
msg,2,9,544,3805,633,90,90
msg,2,10,545,3944,642,90,90
msg,2,11,583,4832,617,90,90
msg,2,12,573,4800,610,90,90
msg,2,13,542,3789,614,90,90
msg,2,14,542,3761,647,90,90
msg,2,15,541,4018,637,90,90
msg,2,16,564,5039,612,90,90
msg,2,17,557,3621,622,90,90
msg,2,18,547,4510,616,90,90
msg,2,19,585,6752,619,90,90
msg,2,20,548,31752,618,90,90
msg,2,21,550,3714,637,90,90
msg,2,22,549,3765,631,90,90
msg,2,23,558,3857,637,90,90
msg,2,24,576,3985,621,90,90
msg,2,25,579,3436,645,90,90
msg,2,26,570,5213,693,90,90
msg,2,27,550,3802,643,90,90
msg,2,28,565,3973,620,90,90
msg,2,29,585,3706,613,90,90
msg,2,30,585,3872,644,90,90
msg,2,31,561,3819,637,90,90
msg,2,32,544,5432,616,90,90
msg,2,33,550,6544,619,90,90
msg,2,34,547,24677,620,90,90
msg,2,35,558,4209,645,90,90
msg,2,36,571,3785,619,90,90
msg,2,37,590,3470,635,90,90
msg,2,38,566,3857,620,90,90
msg,2,39,565,4047,638,90,90
msg,2,40,556,3614,638,90,90
msg,2,41,615,4244,614,90,90
msg,2,42,542,4629,613,90,90
msg,2,43,550,3566,615,90,90
msg,2,44,587,5865,620,90,90
msg,2,45,562,7161,635,90,90
msg,2,46,583,3865,617,90,90
msg,2,47,584,4670,619,90,90
msg,2,48,552,28869,636,90,90
msg,2,49,542,4082,640,90,90
msg,2,50,581,3571,641,90,90
msg,2,51,584,4739,636,90,90
msg,2,52,576,5532,637,90,90
msg,2,53,583,4729,631,90,90
msg,2,54,569,3552,641,90,90
msg,2,55,580,3562,653,90,90
msg,2,56,569,4789,621,90,90
msg,2,57,582,8194,633,90,90
msg,2,58,555,4760,643,90,90
msg,2,59,577,4081,621,90,90
msg,2,60,647,4606,617,90,90
msg,2,61,551,31176,641,90,90
msg,2,62,582,4989,611,90,90
msg,2,63,587,4671,613,90,90
msg,2,64,549,4312,627,90,90
msg,2,65,572,6552,634,90,90
msg,2,66,580,4758,629,90,90
msg,2,67,569,3873,614,90,90
msg,2,68,547,4085,636,90,90
msg,2,69,564,5189,615,90,90
msg,2,70,551,3734,616,90,90
msg,2,71,556,3617,615,90,90
msg,2,72,552,5353,620,90,90
msg,2,73,573,26965,613,90,90
msg,2,74,555,6494,614,90,90
msg,2,75,547,3641,615,90,90
msg,2,76,547,3914,638,90,90
msg,2,77,544,5144,631,90,90
msg,2,78,572,3820,617,90,90
msg,2,79,585,4368,636,90,90
msg,2,80,572,3734,618,90,90
msg,2,81,584,3875,612,90,90
msg,2,82,616,3518,619,90,90
msg,2,83,545,4533,615,90,90
msg,2,84,588,3748,617,90,90
msg,2,85,553,3748,701,90,90
msg,2,86,543,6201,634,90,90
msg,2,87,582,31486,640,90,90
msg,2,88,588,33400,642,90,90
msg,2,89,557,7954,633,90,90
msg,2,90,581,5269,641,90,90
msg,2,91,545,3939,635,90,90
msg,2,92,583,3722,628,90,90
msg,2,93,579,3659,619,90,90
msg,2,94,576,3683,618,90,90
msg,2,95,569,27052,642,90,90
msg,2,96,557,3846,630,90,90
msg,2,97,567,3684,630,90,90
msg,2,98,578,3724,634,90,90
msg,2,99,581,14776,636,90,90
msg,2,100,576,3743,617,90,90
msg,2,101,585,3660,615,90,90
msg,2,102,581,3687,619,90,90
msg,2,103,544,4135,636,90,90
msg,2,104,571,4623,699,90,90
msg,2,105,663,4256,637,90,90
msg,2,106,561,9643,639,90,90
msg,2,107,554,27595,645,90,90
msg,2,108,550,4254,613,90,90
msg,2,109,576,4427,640,90,90
msg,2,110,581,4027,620,90,90
msg,2,111,555,4422,614,90,90
msg,2,112,569,3805,631,90,90
msg,2,113,550,4994,640,90,90
msg,2,114,553,3909,630,90,90
msg,2,115,581,4187,696,90,90
msg,2,116,552,6289,610,90,90
msg,2,117,586,5183,633,90,90
msg,2,118,582,5317,646,90,90
msg,2,119,554,4751,642,90,90
msg,2,120,555,28220,622,90,90
msg,2,121,573,5076,640,90,90
msg,2,122,542,4081,636,90,90
msg,2,123,587,4804,618,90,90
msg,2,124,580,4373,638,90,90
msg,2,125,581,4744,620,90,90
msg,2,126,580,5450,633,90,90
msg,2,127,570,3764,615,90,90
msg,2,128,574,4340,642,90,90
msg,2,129,588,4771,635,90,90
msg,2,130,583,6810,616,90,90
msg,2,131,580,3876,614,90,90
msg,2,132,557,4404,662,90,90
msg,2,133,571,27987,644,90,90
msg,2,134,550,4233,621,90,90
msg,2,135,567,4414,637,90,90
msg,2,136,568,3982,613,90,90
msg,2,137,545,3790,616,90,90
msg,2,138,559,5481,615,90,90
msg,2,139,547,3568,617,90,90
msg,2,140,573,3747,614,90,90
msg,2,141,547,3786,646,90,90
msg,2,142,553,10419,612,90,90
msg,2,143,549,4084,644,90,90
msg,2,144,584,4871,629,90,90
msg,2,145,571,3665,640,90,90
msg,2,146,569,30555,637,90,90
msg,2,147,581,3815,623,90,90
msg,2,148,580,4482,635,90,90
msg,2,149,570,5586,630,90,90
msg,2,150,571,4234,642,90,90
msg,2,151,543,3720,633,90,90
msg,2,152,578,4328,617,90,90
msg,2,153,553,3614,614,90,90
msg,2,154,554,3901,634,90,90
msg,2,155,683,3660,636,90,90
msg,2,156,570,3838,629,90,90
msg,2,157,583,3945,612,90,90
msg,2,158,554,3653,669,90,90
msg,2,159,549,4192,634,90,90
msg,2,160,574,26083,614,90,90
msg,2,161,543,4251,690,90,90
msg,2,162,577,3941,614,90,90
msg,2,163,546,4410,616,90,90
msg,2,164,578,4010,641,90,90
msg,2,165,552,5415,615,90,90
msg,2,166,549,3834,635,90,90
msg,2,167,560,3775,633,90,90
msg,2,168,579,3534,636,90,90
msg,2,169,546,4248,617,90,90
msg,2,170,573,4233,634,90,90
msg,2,171,568,3754,634,90,90
msg,2,172,582,3833,615,90,90
msg,2,173,650,3673,616,90,90
msg,2,174,544,26193,642,90,90
msg,2,175,582,6298,644,90,90
msg,2,176,554,3870,640,90,90
msg,2,177,580,7568,650,90,90
msg,2,178,582,4884,616,90,90
msg,2,179,575,4024,629,90,90
msg,2,180,558,4302,619,90,90
msg,2,181,574,4317,639,90,90
msg,2,182,569,3623,640,90,90
msg,2,183,572,5023,614,90,90
msg,2,184,546,4333,632,90,90
msg,2,185,580,3595,642,90,90
msg,2,186,650,3675,618,90,90
msg,2,187,577,3625,613,90,90
msg,2,188,580,26742,617,90,90
msg,2,189,581,4687,615,90,90
msg,2,190,591,6731,616,90,90
msg,2,191,549,6040,637,90,90
msg,2,192,659,3580,636,90,90
msg,2,193,569,3868,629,90,90
msg,2,194,574,3746,611,90,90
msg,2,195,577,3891,738,90,90
msg,2,196,551,3616,637,90,90
msg,2,197,542,4264,615,90,90
msg,2,198,586,3814,612,90,90
msg,2,199,549,3826,646,90,90
whole,2,21.101,1584.171,200
#stack 2096
#end
#block pipeline TLS lorawan11 up
#aead LoRaWAN-1.1 AES-128-CTR+2xCMAC (BearSSL (arduino-pico)), uplink, 51 B payload + 13 B overhead
#lib wolfSSL 5.9.4
iter,tcp_ms,tls_ms,mqtt_ms,total_ms,hs_tx_B,hs_rx_B,mqtt_tx_B,mqtt_rx_B,hs_writes,hs_reads,writes,reads,free_heap_B,hs_keygen_us,hs_derive_us,hs_verify_us,hs_sign_us,hs_keygen_n,hs_derive_n,hs_verify_n,hs_sign_n
msg,iter,idx,seal_us,rtt_us,open_us,tx_B,rx_B
whole,iter,first_ms,all_ms,msgs
#suite TLS13-AES256-GCM-SHA384
0,13.6910,4771.9840,105.2020,4890.8770,1391,4099,45,568,2,12,3,18,121556,66395.0,70179.0,4536524.0,0.0,2,2,2,0
msg,0,0,831,6447,836,112,112
msg,0,1,713,6376,840,112,112
msg,0,2,716,5650,850,112,112
msg,0,3,722,5714,842,112,112
msg,0,4,714,6015,819,112,112
msg,0,5,686,6102,843,112,112
msg,0,6,676,5673,960,112,112
msg,0,7,819,5576,850,112,112
msg,0,8,681,32545,848,112,112
msg,0,9,713,5639,850,112,112
msg,0,10,713,5424,849,112,112
msg,0,11,703,5444,822,112,112
msg,0,12,681,8038,853,112,112
msg,0,13,707,5711,840,112,112
msg,0,14,712,9547,849,112,112
msg,0,15,716,6065,843,112,112
msg,0,16,730,5981,835,112,112
msg,0,17,708,26743,849,112,112
msg,0,18,715,7610,843,112,112
msg,0,19,714,5564,847,112,112
msg,0,20,710,6390,848,112,112
msg,0,21,708,6821,841,112,112
msg,0,22,712,8319,936,112,112
msg,0,23,730,6418,849,112,112
msg,0,24,708,6603,822,112,112
msg,0,25,680,5433,848,112,112
msg,0,26,708,5432,842,112,112
msg,0,27,712,30405,840,112,112
msg,0,28,715,6632,821,112,112
msg,0,29,682,5592,842,112,112
msg,0,30,835,5669,848,112,112
msg,0,31,678,7436,824,112,112
msg,0,32,675,5447,841,112,112
msg,0,33,718,6020,825,112,112
msg,0,34,680,6102,847,112,112
msg,0,35,850,5475,844,112,112
msg,0,36,718,5409,850,112,112
msg,0,37,711,25595,850,112,112
msg,0,38,715,5716,844,112,112
msg,0,39,706,6158,839,112,112
msg,0,40,704,5603,847,112,112
msg,0,41,713,5402,847,112,112
msg,0,42,711,5382,846,112,112
msg,0,43,678,8060,851,112,112
msg,0,44,724,7712,842,112,112
msg,0,45,710,5474,849,112,112
msg,0,46,712,5812,819,112,112
msg,0,47,677,29010,844,112,112
msg,0,48,717,5902,839,112,112
msg,0,49,712,6579,966,112,112
msg,0,50,679,5543,844,112,112
msg,0,51,706,5882,842,112,112
msg,0,52,675,5526,842,112,112
msg,0,53,677,5558,845,112,112
msg,0,54,713,7156,843,112,112
msg,0,55,826,6019,844,112,112
msg,0,56,710,5457,848,112,112
msg,0,57,712,5458,971,112,112
msg,0,58,677,27137,846,112,112
msg,0,59,714,5828,840,112,112
msg,0,60,708,6273,842,112,112
msg,0,61,707,6203,848,112,112
msg,0,62,712,5954,827,112,112
msg,0,63,691,6513,839,112,112
msg,0,64,722,6406,849,112,112
msg,0,65,711,5777,821,112,112
msg,0,66,678,6617,845,112,112
msg,0,67,714,5968,842,112,112
msg,0,68,678,30382,841,112,112
msg,0,69,711,6310,842,112,112
msg,0,70,718,6231,841,112,112
msg,0,71,713,7288,842,112,112
msg,0,72,829,7809,822,112,112
msg,0,73,679,8325,818,112,112
msg,0,74,886,7062,817,112,112
msg,0,75,678,9141,820,112,112
msg,0,76,792,29533,849,112,112
msg,0,77,725,8038,948,112,112
msg,0,78,714,6059,820,112,112
msg,0,79,681,6470,844,112,112
msg,0,80,715,6982,820,112,112
msg,0,81,674,6066,848,112,112
msg,0,82,717,6001,842,112,112
msg,0,83,713,5541,847,112,112
msg,0,84,678,5539,846,112,112
msg,0,85,715,5377,840,112,112
msg,0,86,710,28479,847,112,112
msg,0,87,713,6764,820,112,112
msg,0,88,679,6668,844,112,112
msg,0,89,712,10501,851,112,112
msg,0,90,716,6463,824,112,112
msg,0,91,672,6730,850,112,112
msg,0,92,730,13587,821,112,112
msg,0,93,679,7953,847,112,112
msg,0,94,709,33950,840,112,112
msg,0,95,714,6362,842,112,112
msg,0,96,722,6751,822,112,112
msg,0,97,680,6291,819,112,112
msg,0,98,681,5613,837,112,112
msg,0,99,706,5698,976,112,112
msg,0,100,679,5722,850,112,112
msg,0,101,709,6420,851,112,112
msg,0,102,715,9553,817,112,112
msg,0,103,682,28614,839,112,112
msg,0,104,710,5826,846,112,112
msg,0,105,681,6208,840,112,112
msg,0,106,680,5577,846,112,112
msg,0,107,711,7607,850,112,112
msg,0,108,728,5801,838,112,112
msg,0,109,673,5585,847,112,112
msg,0,110,716,7414,846,112,112
msg,0,111,710,8287,843,112,112
msg,0,112,709,6280,851,112,112
msg,0,113,704,33259,852,112,112
msg,0,114,707,5725,838,112,112
msg,0,115,710,5502,851,112,112
msg,0,116,718,5582,849,112,112
msg,0,117,675,5541,841,112,112
msg,0,118,704,5464,843,112,112
msg,0,119,719,6025,831,112,112
msg,0,120,710,7497,849,112,112
msg,0,121,723,5396,852,112,112
msg,0,122,714,5454,848,112,112
msg,0,123,680,31839,841,112,112
msg,0,124,722,5869,815,112,112
msg,0,125,678,5434,848,112,112
msg,0,126,719,6802,843,112,112
msg,0,127,715,5637,845,112,112
msg,0,128,713,5405,838,112,112
msg,0,129,715,8459,847,112,112
msg,0,130,712,8306,856,112,112
msg,0,131,713,5869,845,112,112
msg,0,132,728,31422,846,112,112
msg,0,133,705,7802,839,112,112
msg,0,134,678,5923,850,112,112
msg,0,135,689,6810,840,112,112
msg,0,136,711,5681,846,112,112
msg,0,137,677,5496,843,112,112
msg,0,138,707,5443,841,112,112
msg,0,139,710,6758,845,112,112
msg,0,140,681,5762,842,112,112
msg,0,141,717,5554,849,112,112
msg,0,142,710,32651,837,112,112
msg,0,143,686,5879,850,112,112
msg,0,144,705,5446,820,112,112
msg,0,145,681,5656,840,112,112
msg,0,146,821,6194,848,112,112
msg,0,147,720,5367,846,112,112
msg,0,148,710,5352,962,112,112
msg,0,149,711,6480,820,112,112
msg,0,150,678,6232,817,112,112
msg,0,151,676,7609,837,112,112
msg,0,152,712,25622,845,112,112
msg,0,153,709,5658,850,112,112
msg,0,154,711,5469,841,112,112
msg,0,155,708,6469,851,112,112
msg,0,156,721,5661,841,112,112
msg,0,157,712,5325,844,112,112
msg,0,158,717,5410,846,112,112
msg,0,159,722,6368,846,112,112
msg,0,160,707,5813,838,112,112
msg,0,161,716,8438,840,112,112
msg,0,162,721,31992,820,112,112
msg,0,163,689,5773,852,112,112
msg,0,164,710,5878,841,112,112
msg,0,165,711,6769,845,112,112
msg,0,166,715,5446,817,112,112
msg,0,167,678,5510,839,112,112
msg,0,168,706,5777,846,112,112
msg,0,169,711,5696,840,112,112
msg,0,170,709,5516,846,112,112
msg,0,171,826,6188,851,112,112
msg,0,172,709,33099,841,112,112
msg,0,173,714,8326,845,112,112
msg,0,174,710,6836,983,112,112
msg,0,175,717,11431,852,112,112
msg,0,176,718,6187,845,112,112
msg,0,177,704,7515,849,112,112
msg,0,178,711,5647,845,112,112
msg,0,179,680,6333,944,112,112
msg,0,180,709,32792,844,112,112
msg,0,181,685,6031,846,112,112
msg,0,182,709,23883,846,112,112
msg,0,183,713,6811,848,112,112
msg,0,184,681,7368,821,112,112
msg,0,185,676,6051,848,112,112
msg,0,186,707,6492,819,112,112
msg,0,187,683,28249,818,112,112
msg,0,188,683,6572,843,112,112
msg,0,189,706,6871,820,112,112
msg,0,190,679,8181,849,112,112
msg,0,191,682,6987,847,112,112
msg,0,192,709,6934,847,112,112
msg,0,193,713,7903,820,112,112
msg,0,194,671,5807,850,112,112
msg,0,195,711,5739,819,112,112
msg,0,196,677,5450,841,112,112
msg,0,197,721,30854,850,112,112
msg,0,198,676,6992,940,112,112
msg,0,199,718,9495,820,112,112
whole,0,4906.008,7062.529,200
1,5.4000,4747.5480,131.6950,4884.6430,1391,4099,45,568,2,12,3,18,121556,66170.0,70249.0,4519642.0,0.0,2,2,2,0
msg,1,0,863,5885,841,112,112
msg,1,1,712,6218,845,112,112
msg,1,2,706,6068,844,112,112
msg,1,3,674,5943,837,112,112
msg,1,4,712,6980,839,112,112
msg,1,5,705,6380,853,112,112
msg,1,6,708,6873,839,112,112
msg,1,7,715,6079,841,112,112
msg,1,8,720,31080,828,112,112
msg,1,9,677,7158,852,112,112
msg,1,10,681,7102,847,112,112
msg,1,11,719,5642,851,112,112
msg,1,12,703,5589,963,112,112
msg,1,13,713,5697,844,112,112
msg,1,14,672,7264,845,112,112
msg,1,15,675,7983,842,112,112
msg,1,16,687,8006,851,112,112
msg,1,17,712,28135,846,112,112
msg,1,18,713,7620,841,112,112
msg,1,19,673,6983,851,112,112
msg,1,20,712,6828,843,112,112
msg,1,21,713,5651,960,112,112
msg,1,22,701,5734,842,112,112
msg,1,23,710,7941,820,112,112
msg,1,24,682,6700,840,112,112
msg,1,25,718,5598,844,112,112
msg,1,26,714,32758,842,112,112
msg,1,27,715,9278,846,112,112
msg,1,28,820,6367,1355,112,112
msg,1,29,701,6360,839,112,112
msg,1,30,709,5716,855,112,112
msg,1,31,716,5407,848,112,112
msg,1,32,681,7051,852,112,112
msg,1,33,715,5672,841,112,112
msg,1,34,831,6124,843,112,112
msg,1,35,673,5436,843,112,112
msg,1,36,706,32558,845,112,112
msg,1,37,711,5840,845,112,112
msg,1,38,707,7936,846,112,112
msg,1,39,676,6810,850,112,112
msg,1,40,713,5465,847,112,112
msg,1,41,713,5585,818,112,112
msg,1,42,827,5637,844,112,112
msg,1,43,713,6068,841,112,112
msg,1,44,705,7239,844,112,112
msg,1,45,729,24882,820,112,112
msg,1,46,677,5807,848,112,112
msg,1,47,715,7773,841,112,112
msg,1,48,675,9286,840,112,112
msg,1,49,676,5623,849,112,112
msg,1,50,717,5806,838,112,112
msg,1,51,672,5723,948,112,112
msg,1,52,721,6442,850,112,112
msg,1,53,682,5555,834,112,112
msg,1,54,704,5545,850,112,112
msg,1,55,732,27116,844,112,112
msg,1,56,705,6078,840,112,112
msg,1,57,722,6926,822,112,112
msg,1,58,681,6426,846,112,112
msg,1,59,707,7011,823,112,112
msg,1,60,680,5764,853,112,112
msg,1,61,723,5367,966,112,112
msg,1,62,707,6182,848,112,112
msg,1,63,707,6104,848,112,112
msg,1,64,719,5657,820,112,112
msg,1,65,679,27966,852,112,112
msg,1,66,708,6087,852,112,112
msg,1,67,711,9551,851,112,112
msg,1,68,680,5435,942,112,112
msg,1,69,674,5441,837,112,112
msg,1,70,714,5743,841,112,112
msg,1,71,712,7287,849,112,112
msg,1,72,682,5875,844,112,112
msg,1,73,709,5594,850,112,112
msg,1,74,789,6968,849,112,112
msg,1,75,716,26360,844,112,112
msg,1,76,679,5770,842,112,112
msg,1,77,713,5699,845,112,112
msg,1,78,679,5866,851,112,112
msg,1,79,706,6415,847,112,112
msg,1,80,822,7194,849,112,112
msg,1,81,708,5368,848,112,112
msg,1,82,687,7827,850,112,112
msg,1,83,716,5377,849,112,112
msg,1,84,725,5902,960,112,112
msg,1,85,714,28334,847,112,112
msg,1,86,715,6073,846,112,112
msg,1,87,714,5409,851,112,112
msg,1,88,703,8333,847,112,112
msg,1,89,703,7333,848,112,112
msg,1,90,709,6826,841,112,112
msg,1,91,719,5389,860,112,112
msg,1,92,716,5424,849,112,112
msg,1,93,713,5963,850,112,112
msg,1,94,703,5404,853,112,112
msg,1,95,713,28169,848,112,112
msg,1,96,715,5940,842,112,112
msg,1,97,705,5427,844,112,112
msg,1,98,715,5444,846,112,112
msg,1,99,705,5641,819,112,112
msg,1,100,678,6184,820,112,112
msg,1,101,676,6592,842,112,112
msg,1,102,708,8175,850,112,112
msg,1,103,1312,5678,844,112,112
msg,1,104,716,5501,856,112,112
msg,1,105,718,5430,847,112,112
msg,1,106,872,24644,839,112,112
msg,1,107,706,5677,845,112,112
msg,1,108,706,5511,820,112,112
msg,1,109,684,7494,840,112,112
msg,1,110,707,5561,851,112,112
msg,1,111,710,6120,842,112,112
msg,1,112,709,8125,844,112,112
msg,1,113,710,6903,816,112,112
msg,1,114,678,5627,846,112,112
msg,1,115,710,5670,848,112,112
msg,1,116,851,32177,817,112,112
msg,1,117,680,6749,838,112,112
msg,1,118,713,8032,845,112,112
msg,1,119,711,5482,847,112,112
msg,1,120,708,5554,846,112,112
msg,1,121,708,5813,840,112,112
msg,1,122,720,6664,847,112,112
msg,1,123,686,6105,845,112,112
msg,1,124,703,7276,852,112,112
msg,1,125,689,27454,825,112,112
msg,1,126,680,6712,844,112,112
msg,1,127,713,5729,823,112,112
msg,1,128,681,6476,846,112,112
msg,1,129,721,5379,846,112,112
msg,1,130,709,5904,956,112,112
msg,1,131,723,5501,845,112,112
msg,1,132,717,7212,847,112,112
msg,1,133,705,7284,845,112,112
msg,1,134,709,8044,840,112,112
msg,1,135,721,25284,845,112,112
msg,1,136,711,6411,1043,112,112
msg,1,137,712,5868,841,112,112
msg,1,138,709,5475,849,112,112
msg,1,139,713,5940,843,112,112
msg,1,140,711,5748,837,112,112
msg,1,141,677,6466,818,112,112
msg,1,142,677,8489,847,112,112
msg,1,143,712,11675,850,112,112
msg,1,144,717,5778,837,112,112
msg,1,145,718,24939,823,112,112
msg,1,146,685,5839,853,112,112
msg,1,147,726,5567,848,112,112
msg,1,148,675,6197,848,112,112
msg,1,149,676,8745,840,112,112
msg,1,150,715,5885,820,112,112
msg,1,151,1303,5896,849,112,112
msg,1,152,718,5686,847,112,112
msg,1,153,715,5710,976,112,112
msg,1,154,713,5786,848,112,112
msg,1,155,683,33195,846,112,112
msg,1,156,683,5454,816,112,112
msg,1,157,678,5418,846,112,112
msg,1,158,708,5669,852,112,112
msg,1,159,715,5922,844,112,112
msg,1,160,703,5620,959,112,112
msg,1,161,676,6349,817,112,112
msg,1,162,675,5301,815,112,112
msg,1,163,678,5684,844,112,112
msg,1,164,713,5552,843,112,112
msg,1,165,711,36631,818,112,112
msg,1,166,684,6431,838,112,112
msg,1,167,727,6002,812,112,112
msg,1,168,677,6378,841,112,112
msg,1,169,674,6104,820,112,112
msg,1,170,676,5460,845,112,112
msg,1,171,707,5918,844,112,112
msg,1,172,673,5727,839,112,112
msg,1,173,708,6014,820,112,112
msg,1,174,687,27153,822,112,112
msg,1,175,679,7166,841,112,112
msg,1,176,678,6028,845,112,112
msg,1,177,707,7352,847,112,112
msg,1,178,709,5494,813,112,112
msg,1,179,677,5441,846,112,112
msg,1,180,704,5373,844,112,112
msg,1,181,718,7667,843,112,112
msg,1,182,681,7338,817,112,112
msg,1,183,680,7071,849,112,112
msg,1,184,711,32774,839,112,112
msg,1,185,711,6047,814,112,112
msg,1,186,824,5408,842,112,112
msg,1,187,708,5387,848,112,112
msg,1,188,712,6046,842,112,112
msg,1,189,713,5831,819,112,112
msg,1,190,676,8684,846,112,112
msg,1,191,828,6216,847,112,112
msg,1,192,714,6858,818,112,112
msg,1,193,680,32527,844,112,112
msg,1,194,719,6259,839,112,112
msg,1,195,720,5797,848,112,112
msg,1,196,681,5642,840,112,112
msg,1,197,718,6571,849,112,112
msg,1,198,709,5674,845,112,112
msg,1,199,680,6162,818,112,112
whole,1,4901.573,6980.872,200
2,5.3900,4744.6800,108.0820,4858.1520,1391,4099,45,568,2,12,3,18,121556,66140.0,70173.0,4521710.0,0.0,2,2,2,0
msg,2,0,864,9945,848,112,112
msg,2,1,712,5727,820,112,112
msg,2,2,675,5888,959,112,112
msg,2,3,711,7367,847,112,112
msg,2,4,681,5886,848,112,112
msg,2,5,713,6312,942,112,112
msg,2,6,706,5418,847,112,112
msg,2,7,681,5535,842,112,112
msg,2,8,722,32120,822,112,112
msg,2,9,677,5543,839,112,112
msg,2,10,709,5438,861,112,112
msg,2,11,719,5363,855,112,112
msg,2,12,718,5431,844,112,112
msg,2,13,804,5886,846,112,112
msg,2,14,711,5680,835,112,112
msg,2,15,685,7176,818,112,112
msg,2,16,680,5612,840,112,112
msg,2,17,706,5921,821,112,112
msg,2,18,685,33401,840,112,112
msg,2,19,681,7875,854,112,112
msg,2,20,705,6369,848,112,112
msg,2,21,686,6456,841,112,112
msg,2,22,877,6326,842,112,112
msg,2,23,708,5941,842,112,112
msg,2,24,681,7472,841,112,112
msg,2,25,710,5415,850,112,112
msg,2,26,713,6030,839,112,112
msg,2,27,839,34016,844,112,112
msg,2,28,708,6737,848,112,112
msg,2,29,717,8410,843,112,112
msg,2,30,680,6649,837,112,112
msg,2,31,704,5568,847,112,112
msg,2,32,720,6437,855,112,112
msg,2,33,715,5872,840,112,112
msg,2,34,715,5792,821,112,112
msg,2,35,683,5448,845,112,112
msg,2,36,706,27397,843,112,112
msg,2,37,718,6261,841,112,112
msg,2,38,711,6436,846,112,112
msg,2,39,714,7499,842,112,112
msg,2,40,678,5678,846,112,112
msg,2,41,704,6514,849,112,112
msg,2,42,721,5478,847,112,112
msg,2,43,715,6824,845,112,112
msg,2,44,708,5397,842,112,112
msg,2,45,700,5527,849,112,112
msg,2,46,684,28547,845,112,112
msg,2,47,709,6037,819,112,112
msg,2,48,680,5396,820,112,112
msg,2,49,679,5469,845,112,112
msg,2,50,702,7234,839,112,112
msg,2,51,711,6568,850,112,112
msg,2,52,714,5892,847,112,112
msg,2,53,718,8854,819,112,112
msg,2,54,686,5530,835,112,112
msg,2,55,715,5593,847,112,112
msg,2,56,712,32353,1403,112,112
msg,2,57,716,6115,841,112,112
msg,2,58,710,5633,843,112,112
msg,2,59,714,5782,848,112,112
msg,2,60,707,5430,837,112,112
msg,2,61,709,5757,847,112,112
msg,2,62,680,5589,841,112,112
msg,2,63,710,6458,843,112,112
msg,2,64,704,5381,962,112,112
msg,2,65,715,5509,815,112,112
msg,2,66,675,27450,843,112,112
msg,2,67,687,6272,846,112,112
msg,2,68,673,6591,850,112,112
msg,2,69,712,8655,849,112,112
msg,2,70,679,6632,842,112,112
msg,2,71,719,5953,949,112,112
msg,2,72,680,5456,845,112,112
msg,2,73,721,6332,849,112,112
msg,2,74,715,8543,849,112,112
msg,2,75,711,36259,848,112,112
msg,2,76,710,5718,845,112,112
msg,2,77,702,6046,821,112,112
msg,2,78,850,5468,845,112,112
msg,2,79,709,5519,846,112,112
msg,2,80,705,5593,821,112,112
msg,2,81,678,5493,1366,112,112
msg,2,82,734,6116,843,112,112
msg,2,83,720,5365,847,112,112
msg,2,84,673,5423,817,112,112
msg,2,85,680,28732,844,112,112
msg,2,86,709,6244,842,112,112
msg,2,87,712,7509,1010,112,112
msg,2,88,682,6122,848,112,112
msg,2,89,710,7193,854,112,112
msg,2,90,709,5509,820,112,112
msg,2,91,675,5504,844,112,112
msg,2,92,720,6322,840,112,112
msg,2,93,710,5864,822,112,112
msg,2,94,679,5483,844,112,112
msg,2,95,721,32272,845,112,112
msg,2,96,709,9654,981,112,112
msg,2,97,707,7730,836,112,112
msg,2,98,706,5459,853,112,112
msg,2,99,723,5373,856,112,112
msg,2,100,714,6169,847,112,112
msg,2,101,727,7973,848,112,112
msg,2,102,711,5424,846,112,112
msg,2,103,707,5350,855,112,112
msg,2,104,723,33180,851,112,112
msg,2,105,711,6290,970,112,112
msg,2,106,825,10071,851,112,112
msg,2,107,713,7484,932,112,112
msg,2,108,683,6376,842,112,112
msg,2,109,705,5368,836,112,112
msg,2,110,720,6300,844,112,112
msg,2,111,716,5361,848,112,112
msg,2,112,710,5371,846,112,112
msg,2,113,713,32782,849,112,112
msg,2,114,712,6619,846,112,112
msg,2,115,708,5472,845,112,112
msg,2,116,718,5790,843,112,112
msg,2,117,701,5624,848,112,112
msg,2,118,711,5755,841,112,112
msg,2,119,713,6599,964,112,112
msg,2,120,724,5860,841,112,112
msg,2,121,709,16489,846,112,112
msg,2,122,717,27729,825,112,112
msg,2,123,678,6549,839,112,112
msg,2,124,710,5566,851,112,112
msg,2,125,730,5943,848,112,112
msg,2,126,826,9413,846,112,112
msg,2,127,709,5641,845,112,112
msg,2,128,707,6768,846,112,112
msg,2,129,710,5354,853,112,112
msg,2,130,684,6693,846,112,112
msg,2,131,715,5951,817,112,112
msg,2,132,677,29610,841,112,112
msg,2,133,717,7075,840,112,112
msg,2,134,717,9050,822,112,112
msg,2,135,678,6837,846,112,112
msg,2,136,708,5560,848,112,112
msg,2,137,680,5683,844,112,112
msg,2,138,712,5807,853,112,112
msg,2,139,678,5746,845,112,112
msg,2,140,709,6111,844,112,112
msg,2,141,717,26609,851,112,112
msg,2,142,714,5978,843,112,112
msg,2,143,710,9039,845,112,112
msg,2,144,723,6094,817,112,112
msg,2,145,684,6071,848,112,112
msg,2,146,678,6516,846,112,112
msg,2,147,824,6069,843,112,112
msg,2,148,678,6330,847,112,112
msg,2,149,710,5740,847,112,112
msg,2,150,720,8693,842,112,112
msg,2,151,717,31953,848,112,112
msg,2,152,681,8536,835,112,112
msg,2,153,677,6713,850,112,112
msg,2,154,712,10389,847,112,112
msg,2,155,699,6318,848,112,112
msg,2,156,677,8370,814,112,112
msg,2,157,684,6111,846,112,112
msg,2,158,679,6317,845,112,112
msg,2,159,696,27266,844,112,112
msg,2,160,679,5801,847,112,112
msg,2,161,714,7825,820,112,112
msg,2,162,674,6233,821,112,112
msg,2,163,681,8403,841,112,112
msg,2,164,675,5692,844,112,112
msg,2,165,708,5409,846,112,112
msg,2,166,716,7227,964,112,112
msg,2,167,673,6055,847,112,112
msg,2,168,711,6933,840,112,112
msg,2,169,719,27375,850,112,112
msg,2,170,714,6119,838,112,112
msg,2,171,711,5587,847,112,112
msg,2,172,712,7149,848,112,112
msg,2,173,716,6008,844,112,112
msg,2,174,711,6363,849,112,112
msg,2,175,706,5369,848,112,112
msg,2,176,712,9099,847,112,112
msg,2,177,720,8082,843,112,112
msg,2,178,710,5469,850,112,112
msg,2,179,708,24480,848,112,112
msg,2,180,675,5871,843,112,112
msg,2,181,713,6713,818,112,112
msg,2,182,679,5472,849,112,112
msg,2,183,712,6364,843,112,112
msg,2,184,718,5968,839,112,112
msg,2,185,679,6303,846,112,112
msg,2,186,673,6772,854,112,112
msg,2,187,707,5796,839,112,112
msg,2,188,710,6760,848,112,112
msg,2,189,719,28637,845,112,112
msg,2,190,680,6156,817,112,112
msg,2,191,792,5559,844,112,112
msg,2,192,711,5464,848,112,112
msg,2,193,709,6714,839,112,112
msg,2,194,717,5876,846,112,112
msg,2,195,708,5401,816,112,112
msg,2,196,681,9711,843,112,112
msg,2,197,709,6026,839,112,112
msg,2,198,705,5488,847,112,112
msg,2,199,720,27521,846,112,112
whole,2,4876.423,7009.406,200
#heap 22991
#stack 11432
#end
#block pipeline TLS lorawan11 down
#aead LoRaWAN-1.1 AES-128-CTR+2xCMAC (BearSSL (arduino-pico)), downlink, 51 B payload + 13 B overhead
#lib wolfSSL 5.9.4
iter,tcp_ms,tls_ms,mqtt_ms,total_ms,hs_tx_B,hs_rx_B,mqtt_tx_B,mqtt_rx_B,hs_writes,hs_reads,writes,reads,free_heap_B,hs_keygen_us,hs_derive_us,hs_verify_us,hs_sign_us,hs_keygen_n,hs_derive_n,hs_verify_n,hs_sign_n
msg,iter,idx,seal_us,rtt_us,open_us,tx_B,rx_B
whole,iter,first_ms,all_ms,msgs
#suite TLS13-AES256-GCM-SHA384
0,5.3930,4744.3280,31.1860,4780.9070,1391,4099,45,568,2,12,3,18,121556,66281.0,70142.0,4518653.0,0.0,2,2,2,0
msg,0,0,598,8422,591,112,112
msg,0,1,430,5929,592,112,112
msg,0,2,446,5653,677,112,112
msg,0,3,452,5637,585,112,112
msg,0,4,420,7729,591,112,112
msg,0,5,418,6691,594,112,112
msg,0,6,431,5312,559,112,112
msg,0,7,459,29448,594,112,112
msg,0,8,452,7231,565,112,112
msg,0,9,417,6168,587,112,112
msg,0,10,417,5690,586,112,112
msg,0,11,412,5674,554,112,112
msg,0,12,424,5718,559,112,112
msg,0,13,416,5687,559,112,112
msg,0,14,421,5768,558,112,112
msg,0,15,419,6483,590,112,112
msg,0,16,463,5968,560,112,112
msg,0,17,418,5700,560,112,112
msg,0,18,416,28673,561,112,112
msg,0,19,456,6512,583,112,112
msg,0,20,451,7231,560,112,112
msg,0,21,422,8407,589,112,112
msg,0,22,456,7085,558,112,112
msg,0,23,421,6237,586,112,112
msg,0,24,429,6518,576,112,112
msg,0,25,425,6115,591,112,112
msg,0,26,449,5667,584,112,112
msg,0,27,420,5493,578,112,112
msg,0,28,416,5519,558,112,112
msg,0,29,455,25932,560,112,112
msg,0,30,416,5827,556,112,112
msg,0,31,421,5738,559,112,112
msg,0,32,423,5493,554,112,112
msg,0,33,461,5463,592,112,112
msg,0,34,418,5652,585,112,112
msg,0,35,418,5715,584,112,112
msg,0,36,420,6136,587,112,112
msg,0,37,454,6167,562,112,112
msg,0,38,428,5527,558,112,112
msg,0,39,465,7290,586,112,112
msg,0,40,416,27049,585,112,112
msg,0,41,448,7751,579,112,112
msg,0,42,468,7037,559,112,112
msg,0,43,456,5797,562,112,112
msg,0,44,451,6307,581,112,112
msg,0,45,418,5599,582,112,112
msg,0,46,417,6629,562,112,112
msg,0,47,420,5763,558,112,112
msg,0,48,419,5800,558,112,112
msg,0,49,420,5502,558,112,112
msg,0,50,452,6087,562,112,112
msg,0,51,424,34008,597,112,112
msg,0,52,613,7770,591,112,112
msg,0,53,453,5477,577,112,112
msg,0,54,413,5452,557,112,112
msg,0,55,419,5462,587,112,112
msg,0,56,456,6254,561,112,112
msg,0,57,418,5789,557,112,112
msg,0,58,421,6943,590,112,112
msg,0,59,420,5909,585,112,112
msg,0,60,417,6530,555,112,112
msg,0,61,417,29246,592,112,112
msg,0,62,458,6924,556,112,112
msg,0,63,455,6576,584,112,112
msg,0,64,458,7767,585,112,112
msg,0,65,459,6632,586,112,112
msg,0,66,453,8546,702,112,112
msg,0,67,417,10400,559,112,112
msg,0,68,421,5934,587,112,112
msg,0,69,419,7925,582,112,112
msg,0,70,415,27499,559,112,112
msg,0,71,420,6286,589,112,112
msg,0,72,444,7889,585,112,112
msg,0,73,447,6039,562,112,112
msg,0,74,422,5649,562,112,112
msg,0,75,453,5623,583,112,112
msg,0,76,453,5594,588,112,112
msg,0,77,458,5638,587,112,112
msg,0,78,412,5818,588,112,112
msg,0,79,454,5495,592,112,112
msg,0,80,423,8605,556,112,112
msg,0,81,415,33788,561,112,112
msg,0,82,418,6017,587,112,112
msg,0,83,412,5914,589,112,112
msg,0,84,415,6950,587,112,112
msg,0,85,452,5860,587,112,112
msg,0,86,469,5536,588,112,112
msg,0,87,459,5665,582,112,112
msg,0,88,421,5487,559,112,112
msg,0,89,415,5542,559,112,112
msg,0,90,455,5914,558,112,112
msg,0,91,419,29418,585,112,112
msg,0,92,455,7660,582,112,112
msg,0,93,453,6468,593,112,112
msg,0,94,418,6790,589,112,112
msg,0,95,427,6146,584,112,112
msg,0,96,448,23984,553,112,112
msg,0,97,431,8478,586,112,112
msg,0,98,453,5533,594,112,112
msg,0,99,412,45983,595,112,112
msg,0,100,457,6199,558,112,112
msg,0,101,418,6261,588,112,112
msg,0,102,453,5918,582,112,112
msg,0,103,456,5845,556,112,112
msg,0,104,466,6187,678,112,112
msg,0,105,420,5916,583,112,112
msg,0,106,413,6328,558,112,112
msg,0,107,418,29241,593,112,112
msg,0,108,423,7100,553,112,112
msg,0,109,457,6400,590,112,112
msg,0,110,419,6403,562,112,112
msg,0,111,416,5965,588,112,112
msg,0,112,423,9137,586,112,112
msg,0,113,442,7702,592,112,112
msg,0,114,446,6038,560,112,112
msg,0,115,455,5380,585,112,112
msg,0,116,415,5412,561,112,112
msg,0,117,418,34068,586,112,112
msg,0,118,418,5709,584,112,112
msg,0,119,423,5774,582,112,112
msg,0,120,417,6091,593,112,112
msg,0,121,446,6054,562,112,112
msg,0,122,456,5893,558,112,112
msg,0,123,436,6067,580,112,112
msg,0,124,425,8494,557,112,112
msg,0,125,420,5650,561,112,112
msg,0,126,462,6040,560,112,112
msg,0,127,422,5699,556,112,112
msg,0,128,426,27454,587,112,112
msg,0,129,470,12036,557,112,112
msg,0,130,420,5733,558,112,112
msg,0,131,445,14042,558,112,112
msg,0,132,426,9961,586,112,112
msg,0,133,420,8080,587,112,112
msg,0,134,449,6534,692,112,112
msg,0,135,452,5781,587,112,112
msg,0,136,445,27733,591,112,112
msg,0,137,450,5677,590,112,112
msg,0,138,417,6273,558,112,112
msg,0,139,418,6329,590,112,112
msg,0,140,448,6833,587,112,112
msg,0,141,448,5763,584,112,112
msg,0,142,459,5669,591,112,112
msg,0,143,463,5571,592,112,112
msg,0,144,453,6416,575,112,112
msg,0,145,419,5602,1123,112,112
msg,0,146,459,6012,558,112,112
msg,0,147,467,33579,585,112,112
msg,0,148,462,7204,557,112,112
msg,0,149,416,6669,561,112,112
msg,0,150,417,5539,585,112,112
msg,0,151,460,5470,585,112,112
msg,0,152,431,5799,593,112,112
msg,0,153,416,5696,590,112,112
msg,0,154,419,6565,561,112,112
msg,0,155,423,5688,557,112,112
msg,0,156,414,6319,586,112,112
msg,0,157,462,33975,561,112,112
msg,0,158,461,6074,553,112,112
msg,0,159,426,5705,669,112,112
msg,0,160,420,5856,587,112,112
msg,0,161,417,6158,588,112,112
msg,0,162,451,5534,592,112,112
msg,0,163,417,6062,587,112,112
msg,0,164,465,6111,562,112,112
msg,0,165,419,5677,559,112,112
msg,0,166,450,5785,559,112,112
msg,0,167,427,28259,693,112,112
msg,0,168,468,6411,561,112,112
msg,0,169,415,5608,559,112,112
msg,0,170,421,6504,589,112,112
msg,0,171,454,6676,583,112,112
msg,0,172,568,6212,585,112,112
msg,0,173,418,5513,559,112,112
msg,0,174,415,5756,562,112,112
msg,0,175,418,5860,558,112,112
msg,0,176,420,6334,587,112,112
msg,0,177,446,6613,588,112,112
msg,0,178,419,26812,590,112,112
msg,0,179,416,7711,591,112,112
msg,0,180,423,9922,588,112,112
msg,0,181,447,6420,586,112,112
msg,0,182,420,5958,588,112,112
msg,0,183,419,5676,587,112,112
msg,0,184,412,5576,558,112,112
msg,0,185,421,9011,587,112,112
msg,0,186,418,5941,583,112,112
msg,0,187,414,6232,557,112,112
msg,0,188,453,28259,591,112,112
msg,0,189,419,6512,561,112,112
msg,0,190,427,6319,584,112,112
msg,0,191,468,7589,585,112,112
msg,0,192,451,5658,589,112,112
msg,0,193,419,5574,585,112,112
msg,0,194,416,5836,593,112,112
msg,0,195,416,5723,582,112,112
msg,0,196,412,6120,596,112,112
msg,0,197,448,5810,585,112,112
msg,0,198,465,5819,585,112,112
msg,0,199,465,30381,588,112,112
whole,0,4797.740,6823.327,200
1,4.6820,4761.8880,40.8790,4807.4490,1391,4099,45,568,2,12,3,18,121556,66450.0,70393.0,4521008.0,0.0,2,2,2,0
msg,1,0,570,6555,563,112,112
msg,1,1,415,6328,590,112,112
msg,1,2,452,6312,558,112,112
msg,1,3,418,6047,590,112,112
msg,1,4,413,5719,586,112,112
msg,1,5,419,7461,560,112,112
msg,1,6,422,53360,593,112,112
msg,1,7,452,26329,564,112,112
msg,1,8,418,5792,561,112,112
msg,1,9,416,7673,704,112,112
msg,1,10,419,5598,557,112,112
msg,1,11,414,5318,584,112,112
msg,1,12,455,29677,593,112,112
msg,1,13,422,7118,587,112,112
msg,1,14,455,8996,561,112,112
msg,1,15,415,8521,588,112,112
msg,1,16,454,6367,586,112,112
msg,1,17,422,10794,588,112,112
msg,1,18,416,9135,585,112,112
msg,1,19,447,5863,562,112,112
msg,1,20,449,6561,584,112,112
msg,1,21,455,31669,586,112,112
msg,1,22,449,10903,581,112,112
msg,1,23,456,10053,555,112,112
msg,1,24,419,7469,584,112,112
msg,1,25,449,5715,587,112,112
msg,1,26,454,5450,596,112,112
msg,1,27,418,6801,592,112,112
msg,1,28,413,7238,561,112,112
msg,1,29,462,9091,559,112,112
msg,1,30,419,31012,593,112,112
msg,1,31,414,6732,582,112,112
msg,1,32,420,7033,581,112,112
msg,1,33,467,6129,558,112,112
msg,1,34,419,6103,588,112,112
msg,1,35,424,6059,583,112,112
msg,1,36,456,6092,559,112,112
msg,1,37,452,8457,591,112,112
msg,1,38,464,6041,554,112,112
msg,1,39,574,5610,560,112,112
msg,1,40,449,32186,587,112,112
msg,1,41,421,5751,578,112,112
msg,1,42,417,5594,559,112,112
msg,1,43,422,5626,562,112,112
msg,1,44,453,5507,586,112,112
msg,1,45,455,5552,587,112,112
msg,1,46,410,6957,589,112,112
msg,1,47,452,6813,586,112,112
msg,1,48,453,5768,587,112,112
msg,1,49,451,5707,590,112,112
msg,1,50,456,28440,592,112,112
msg,1,51,418,6712,585,112,112
msg,1,52,414,7847,587,112,112
msg,1,53,427,5488,560,112,112
msg,1,54,418,6468,594,112,112
msg,1,55,461,5490,589,112,112
msg,1,56,420,6634,582,112,112
msg,1,57,420,5560,559,112,112
msg,1,58,433,5510,557,112,112
msg,1,59,458,6083,557,112,112
msg,1,60,413,7649,558,112,112
msg,1,61,421,29981,561,112,112
msg,1,62,423,5679,561,112,112
msg,1,63,422,5949,584,112,112
msg,1,64,416,6921,591,112,112
msg,1,65,425,5735,590,112,112
msg,1,66,427,5719,589,112,112
msg,1,67,425,6185,585,112,112
msg,1,68,452,7423,587,112,112
msg,1,69,428,6178,557,112,112
msg,1,70,458,6659,590,112,112
msg,1,71,454,30329,585,112,112
msg,1,72,417,6003,589,112,112
msg,1,73,417,5915,591,112,112
msg,1,74,449,5529,586,112,112
msg,1,75,415,5814,587,112,112
msg,1,76,415,5603,584,112,112
msg,1,77,415,6319,559,112,112
msg,1,78,459,5619,591,112,112
msg,1,79,454,7282,559,112,112
msg,1,80,531,6151,589,112,112
msg,1,81,455,6978,563,112,112
msg,1,82,455,25830,561,112,112
msg,1,83,419,6007,556,112,112
msg,1,84,417,6155,590,112,112
msg,1,85,448,6122,555,112,112
msg,1,86,453,6061,688,112,112
msg,1,87,415,6166,587,112,112
msg,1,88,624,5375,593,112,112
msg,1,89,450,5750,590,112,112
msg,1,90,453,6532,591,112,112
msg,1,91,416,7951,587,112,112
msg,1,92,453,32585,589,112,112
msg,1,93,415,7005,583,112,112
msg,1,94,450,7461,580,112,112
msg,1,95,411,6436,558,112,112
msg,1,96,454,5872,560,112,112
msg,1,97,429,5813,561,112,112
msg,1,98,422,5448,577,112,112
msg,1,99,466,6699,585,112,112
msg,1,100,452,5542,588,112,112
msg,1,101,417,7554,559,112,112
msg,1,102,416,6406,562,112,112
msg,1,103,452,32145,555,112,112
msg,1,104,429,6161,1125,112,112
msg,1,105,428,5870,556,112,112
msg,1,106,421,7327,589,112,112
msg,1,107,456,5506,594,112,112
msg,1,108,454,5526,587,112,112
msg,1,109,421,5757,584,112,112
msg,1,110,421,5583,558,112,112
msg,1,111,422,5727,559,112,112
msg,1,112,423,7140,591,112,112
msg,1,113,417,26484,553,112,112
msg,1,114,424,6585,561,112,112
msg,1,115,455,5638,592,112,112
msg,1,116,451,5613,591,112,112
msg,1,117,454,5619,588,112,112
msg,1,118,454,5970,588,112,112
msg,1,119,462,5644,591,112,112
msg,1,120,464,5990,559,112,112
msg,1,121,566,6229,589,112,112
msg,1,122,419,5983,591,112,112
msg,1,123,455,5696,584,112,112
msg,1,124,453,29133,561,112,112
msg,1,125,424,6792,555,112,112
msg,1,126,521,7561,560,112,112
msg,1,127,455,5688,560,112,112
msg,1,128,458,7126,557,112,112
msg,1,129,429,5866,583,112,112
msg,1,130,428,5970,586,112,112
msg,1,131,426,5658,591,112,112
msg,1,132,419,6853,588,112,112
msg,1,133,427,6241,559,112,112
msg,1,134,457,6033,559,112,112
msg,1,135,423,24245,588,112,112
msg,1,136,453,6436,590,112,112
msg,1,137,414,6330,559,112,112
msg,1,138,457,5761,557,112,112
msg,1,139,453,6242,582,112,112
msg,1,140,415,6565,561,112,112
msg,1,141,419,6483,556,112,112
msg,1,142,459,7980,563,112,112
msg,1,143,418,6007,588,112,112
msg,1,144,417,6857,589,112,112
msg,1,145,414,6378,559,112,112
msg,1,146,447,30604,588,112,112
msg,1,147,462,5818,555,112,112
msg,1,148,450,6009,558,112,112
msg,1,149,420,5750,562,112,112
msg,1,150,423,6081,587,112,112
msg,1,151,417,5912,587,112,112
msg,1,152,419,5843,588,112,112
msg,1,153,457,6333,559,112,112
msg,1,154,425,5614,562,112,112
msg,1,155,446,5849,559,112,112
msg,1,156,423,29943,561,112,112
msg,1,157,419,8961,595,112,112
msg,1,158,416,8232,559,112,112
msg,1,159,452,8124,558,112,112
msg,1,160,424,6518,561,112,112
msg,1,161,468,7627,589,112,112
msg,1,162,456,5651,583,112,112
msg,1,163,454,8842,583,112,112
msg,1,164,456,5930,559,112,112
msg,1,165,423,6265,589,112,112
msg,1,166,419,31758,588,112,112
msg,1,167,425,6737,577,112,112
msg,1,168,415,6595,560,112,112
msg,1,169,421,10382,591,112,112
msg,1,170,471,5802,560,112,112
msg,1,171,448,6324,590,112,112
msg,1,172,419,5956,593,112,112
msg,1,173,571,5649,586,112,112
msg,1,174,461,6323,555,112,112
msg,1,175,420,18935,583,112,112
msg,1,176,418,13021,589,112,112
msg,1,177,447,5857,586,112,112
msg,1,178,449,6762,583,112,112
msg,1,179,453,5831,587,112,112
msg,1,180,458,7208,587,112,112
msg,1,181,544,5976,587,112,112
msg,1,182,452,6155,565,112,112
msg,1,183,423,6273,588,112,112
msg,1,184,416,5858,590,112,112
msg,1,185,448,5560,585,112,112
msg,1,186,419,28989,592,112,112
msg,1,187,452,6604,583,112,112
msg,1,188,418,5696,583,112,112
msg,1,189,421,7460,554,112,112
msg,1,190,418,6271,591,112,112
msg,1,191,459,5621,592,112,112
msg,1,192,416,6039,582,112,112
msg,1,193,465,6158,756,112,112
msg,1,194,442,5467,558,112,112
msg,1,195,414,5624,558,112,112
msg,1,196,450,7784,562,112,112
msg,1,197,452,32928,556,112,112
msg,1,198,421,5612,561,112,112
msg,1,199,452,11646,584,112,112
whole,1,4824.409,6876.494,200
2,5.5660,4737.3980,12.2420,4755.2060,1391,4099,45,568,2,12,3,18,121556,66351.0,70142.0,4517119.0,0.0,2,2,2,0
msg,2,0,570,9329,594,112,112
msg,2,1,465,7174,564,112,112
msg,2,2,415,6174,589,112,112
msg,2,3,454,6351,559,112,112
msg,2,4,422,5925,588,112,112
msg,2,5,424,8189,588,112,112
msg,2,6,456,5511,589,112,112
msg,2,7,417,7754,592,112,112
msg,2,8,415,31752,585,112,112
msg,2,9,417,7263,561,112,112
msg,2,10,457,5474,590,112,112
msg,2,11,453,5891,578,112,112
msg,2,12,451,6311,594,112,112
msg,2,13,615,10999,582,112,112
msg,2,14,461,8512,593,112,112
msg,2,15,413,6039,592,112,112
msg,2,16,459,5474,591,112,112
msg,2,17,418,33670,592,112,112
msg,2,18,418,6086,588,112,112
msg,2,19,447,5474,583,112,112
msg,2,20,413,6880,592,112,112
msg,2,21,416,6675,589,112,112
msg,2,22,541,5454,556,112,112
msg,2,23,422,6329,586,112,112
msg,2,24,448,6684,585,112,112
msg,2,25,453,5511,590,112,112
msg,2,26,416,6313,557,112,112
msg,2,27,424,51245,588,112,112
msg,2,28,424,7427,561,112,112
msg,2,29,428,6680,559,112,112
msg,2,30,462,5448,589,112,112
msg,2,31,455,5853,583,112,112
msg,2,32,449,5816,562,112,112
msg,2,33,468,5949,558,112,112
msg,2,34,414,39271,585,112,112
msg,2,35,422,6095,588,112,112
msg,2,36,448,5993,555,112,112
msg,2,37,421,6005,580,112,112
msg,2,38,421,5829,582,112,112
msg,2,39,422,8544,558,112,112
msg,2,40,419,5636,652,112,112
msg,2,41,442,7490,589,112,112
msg,2,42,450,5762,588,112,112
msg,2,43,461,5345,580,112,112
msg,2,44,421,28487,560,112,112
msg,2,45,458,7429,587,112,112
msg,2,46,453,9771,581,112,112
msg,2,47,452,5857,580,112,112
msg,2,48,451,7212,581,112,112
msg,2,49,421,9073,588,112,112
msg,2,50,417,6276,561,112,112
msg,2,51,436,5565,557,112,112
msg,2,52,462,5694,587,112,112
msg,2,53,458,9069,555,112,112
msg,2,54,427,28713,659,112,112
msg,2,55,419,7546,561,112,112
msg,2,56,464,6076,561,112,112
msg,2,57,416,5714,560,112,112
msg,2,58,420,5750,560,112,112
msg,2,59,413,5878,561,112,112
msg,2,60,416,5635,562,112,112
msg,2,61,419,8106,584,112,112
msg,2,62,418,6685,562,112,112
msg,2,63,420,6853,585,112,112
msg,2,64,413,26576,562,112,112
msg,2,65,424,6415,587,112,112
msg,2,66,447,6739,585,112,112
msg,2,67,443,6306,555,112,112
msg,2,68,418,5692,561,112,112
msg,2,69,426,5405,591,112,112
msg,2,70,458,6356,589,112,112
msg,2,71,417,9458,557,112,112
msg,2,72,428,6804,561,112,112
msg,2,73,423,5627,562,112,112
msg,2,74,453,5802,562,112,112
msg,2,75,431,24639,558,112,112
msg,2,76,467,6571,593,112,112
msg,2,77,467,9222,560,112,112
msg,2,78,530,5487,560,112,112
msg,2,79,449,5653,564,112,112
msg,2,80,450,6465,584,112,112
msg,2,81,421,6047,586,112,112
msg,2,82,448,7139,559,112,112
msg,2,83,419,7781,557,112,112
msg,2,84,422,5838,559,112,112
msg,2,85,419,28265,589,112,112
msg,2,86,446,6271,553,112,112
msg,2,87,431,6171,585,112,112
msg,2,88,451,5601,583,112,112
msg,2,89,421,5528,555,112,112
msg,2,90,423,6306,587,112,112
msg,2,91,453,5654,590,112,112
msg,2,92,456,9779,583,112,112
msg,2,93,447,8405,581,112,112
msg,2,94,408,9236,584,112,112
msg,2,95,457,17648,594,112,112
msg,2,96,457,12329,558,112,112
msg,2,97,420,5582,559,112,112
msg,2,98,420,5498,583,112,112
msg,2,99,465,5531,584,112,112
msg,2,100,417,5769,593,112,112
msg,2,101,417,6147,560,112,112
msg,2,102,453,6444,586,112,112
msg,2,103,452,5531,591,112,112
msg,2,104,420,5630,563,112,112
msg,2,105,420,6418,557,112,112
msg,2,106,562,5459,725,112,112
msg,2,107,449,30561,589,112,112
msg,2,108,454,6242,562,112,112
msg,2,109,420,5773,557,112,112
msg,2,110,418,5976,586,112,112
msg,2,111,423,5777,585,112,112
msg,2,112,416,17336,562,112,112
msg,2,113,460,5807,556,112,112
msg,2,114,467,5605,578,112,112
msg,2,115,454,6208,559,112,112
msg,2,116,427,27859,560,112,112
msg,2,117,414,7014,586,112,112
msg,2,118,423,5642,584,112,112
msg,2,119,414,6530,557,112,112
msg,2,120,415,6043,681,112,112
msg,2,121,416,5597,556,112,112
msg,2,122,420,8639,560,112,112
msg,2,123,417,9230,592,112,112
msg,2,124,416,7199,560,112,112
msg,2,125,454,5889,557,112,112
msg,2,126,420,50160,593,112,112
msg,2,127,431,7658,582,112,112
msg,2,128,421,5925,585,112,112
msg,2,129,419,6137,584,112,112
msg,2,130,454,5820,561,112,112
msg,2,131,455,5656,585,112,112
msg,2,132,445,5883,556,112,112
msg,2,133,433,5583,558,112,112
msg,2,134,468,34867,559,112,112
msg,2,135,454,7271,588,112,112
msg,2,136,419,7511,560,112,112
msg,2,137,430,6282,586,112,112
msg,2,138,462,5973,559,112,112
msg,2,139,454,5521,588,112,112
msg,2,140,453,5545,590,112,112
msg,2,141,429,5763,585,112,112
msg,2,142,414,6565,557,112,112
msg,2,143,417,6114,589,112,112
msg,2,144,452,35919,586,112,112
msg,2,145,445,7447,588,112,112
msg,2,146,438,6099,582,112,112
msg,2,147,463,5693,582,112,112
msg,2,148,455,6119,565,112,112
msg,2,149,420,6060,589,112,112
msg,2,150,416,9194,586,112,112
msg,2,151,452,6348,587,112,112
msg,2,152,415,7703,585,112,112
msg,2,153,419,28426,559,112,112
msg,2,154,446,6121,559,112,112
msg,2,155,430,6429,555,112,112
msg,2,156,452,7398,588,112,112
msg,2,157,414,6678,590,112,112
msg,2,158,411,6118,590,112,112
msg,2,159,467,5654,592,112,112
msg,2,160,453,6518,589,112,112
msg,2,161,412,7973,588,112,112
msg,2,162,449,9402,582,112,112
msg,2,163,424,26759,558,112,112
msg,2,164,416,6116,586,112,112
msg,2,165,421,6147,557,112,112
msg,2,166,458,8168,583,112,112
msg,2,167,414,6362,558,112,112
msg,2,168,457,6153,581,112,112
msg,2,169,419,5985,600,112,112
msg,2,170,415,8151,557,112,112
msg,2,171,452,6085,556,112,112
msg,2,172,420,6049,590,112,112
msg,2,173,428,27858,592,112,112
msg,2,174,424,6184,559,112,112
msg,2,175,451,5789,558,112,112
msg,2,176,464,5977,558,112,112
msg,2,177,417,7246,595,112,112
msg,2,178,455,5781,591,112,112
msg,2,179,456,8794,588,112,112
msg,2,180,452,5740,591,112,112
msg,2,181,454,7752,588,112,112
msg,2,182,452,5775,586,112,112
msg,2,183,466,5408,595,112,112
msg,2,184,413,26335,560,112,112
msg,2,185,447,5485,583,112,112
msg,2,186,451,8572,588,112,112
msg,2,187,424,5637,584,112,112
msg,2,188,419,7169,583,112,112
msg,2,189,449,6052,560,112,112
msg,2,190,415,5923,554,112,112
msg,2,191,418,6502,557,112,112
msg,2,192,464,6397,580,112,112
msg,2,193,418,5969,595,112,112
msg,2,194,450,30348,558,112,112
msg,2,195,417,7056,591,112,112
msg,2,196,415,6479,560,112,112
msg,2,197,421,5691,559,112,112
msg,2,198,423,5964,579,112,112
msg,2,199,420,6246,582,112,112
whole,2,4797.662,6866.243,200
#heap 22991
#stack 11400
#end
#block pipeline TLS lorawan11_256 up
#aead AES-256-CTR+2xCMAC (LoRaWAN 1.1 frame, 256-bit keys) (BearSSL (arduino-pico)), uplink, 51 B payload + 13 B overhead
#lib wolfSSL 5.9.4
iter,tcp_ms,tls_ms,mqtt_ms,total_ms,hs_tx_B,hs_rx_B,mqtt_tx_B,mqtt_rx_B,hs_writes,hs_reads,writes,reads,free_heap_B,hs_keygen_us,hs_derive_us,hs_verify_us,hs_sign_us,hs_keygen_n,hs_derive_n,hs_verify_n,hs_sign_n
msg,iter,idx,seal_us,rtt_us,open_us,tx_B,rx_B
whole,iter,first_ms,all_ms,msgs
#suite TLS13-AES256-GCM-SHA384
0,5.4180,4742.9230,34.2320,4782.5730,1391,4099,45,568,2,12,3,18,121556,66374.0,70303.0,4516552.0,0.0,2,2,2,0
msg,0,0,1088,5777,1059,112,112
msg,0,1,939,8000,1066,112,112
msg,0,2,940,5556,1070,112,112
msg,0,3,936,6184,1070,112,112
msg,0,4,949,5818,1083,112,112
msg,0,5,939,6045,1085,112,112
msg,0,6,935,5503,1077,112,112
msg,0,7,946,6602,1072,112,112
msg,0,8,941,27721,1072,112,112
msg,0,9,945,6243,1077,112,112
msg,0,10,946,5416,1074,112,112
msg,0,11,943,5462,1070,112,112
msg,0,12,937,5841,1078,112,112
msg,0,13,944,6162,1080,112,112
msg,0,14,937,5517,1072,112,112
msg,0,15,946,5790,1071,112,112
msg,0,16,943,5478,1065,112,112
msg,0,17,939,6014,1082,112,112
msg,0,18,942,33346,1080,112,112
msg,0,19,937,5840,1094,112,112
msg,0,20,938,5492,1078,112,112
msg,0,21,1067,5462,1077,112,112
msg,0,22,938,5648,1066,112,112
msg,0,23,938,5407,1053,112,112
msg,0,24,943,8100,1067,112,112
msg,0,25,939,6269,1223,112,112
msg,0,26,946,5745,1089,112,112
msg,0,27,937,28502,1084,112,112
msg,0,28,1046,7488,1079,112,112
msg,0,29,941,6305,1066,112,112
msg,0,30,945,5730,1068,112,112
msg,0,31,956,5841,1064,112,112
msg,0,32,940,5880,1075,112,112
msg,0,33,938,5580,1608,112,112
msg,0,34,961,5925,1080,112,112
msg,0,35,909,5575,1081,112,112
msg,0,36,943,28530,1067,112,112
msg,0,37,954,6540,1067,112,112
msg,0,38,943,7371,1077,112,112
msg,0,39,940,5692,1079,112,112
msg,0,40,937,5427,1071,112,112
msg,0,41,944,5931,1078,112,112
msg,0,42,1063,5437,1066,112,112
msg,0,43,938,7269,1081,112,112
msg,0,44,948,6041,1087,112,112
msg,0,45,936,5891,1067,112,112
msg,0,46,937,26790,1057,112,112
msg,0,47,951,6190,1073,112,112
msg,0,48,949,8298,1085,112,112
msg,0,49,937,6842,1063,112,112
msg,0,50,940,5918,1074,112,112
msg,0,51,1053,5813,1075,112,112
msg,0,52,938,5911,1070,112,112
msg,0,53,948,5996,1077,112,112
msg,0,54,906,5444,1070,112,112
msg,0,55,944,28925,1072,112,112
msg,0,56,950,6233,1075,112,112
msg,0,57,939,8068,1175,112,112
msg,0,58,941,5397,1095,112,112
msg,0,59,934,5537,1077,112,112
msg,0,60,904,5497,1071,112,112
msg,0,61,944,6156,1081,112,112
msg,0,62,945,6439,1075,112,112
msg,0,63,950,5418,1073,112,112
msg,0,64,938,5836,1073,112,112
msg,0,65,940,32746,1076,112,112
msg,0,66,946,5898,1069,112,112
msg,0,67,942,6456,1090,112,112
msg,0,68,942,6999,1072,112,112
msg,0,69,1062,5953,1079,112,112
msg,0,70,939,5391,1061,112,112
msg,0,71,939,6723,1070,112,112
msg,0,72,936,5852,1066,112,112
msg,0,73,948,6861,1187,112,112
msg,0,74,944,26770,1067,112,112
msg,0,75,946,5814,1069,112,112
msg,0,76,947,6684,1074,112,112
msg,0,77,942,5469,1093,112,112
msg,0,78,949,5582,1081,112,112
msg,0,79,935,5669,1631,112,112
msg,0,80,952,6793,1232,112,112
msg,0,81,959,5366,1065,112,112
msg,0,82,938,5526,1079,112,112
msg,0,83,944,5379,1076,112,112
msg,0,84,945,26094,1074,112,112
msg,0,85,934,5902,1210,112,112
msg,0,86,955,6647,1085,112,112
msg,0,87,946,6174,1068,112,112
msg,0,88,939,5499,1070,112,112
msg,0,89,940,5935,1066,112,112
msg,0,90,941,6746,1066,112,112
msg,0,91,948,5859,1070,112,112
msg,0,92,941,5555,1064,112,112
msg,0,93,1049,6382,1077,112,112
msg,0,94,933,27352,1075,112,112
msg,0,95,939,5937,1080,112,112
msg,0,96,936,6229,1087,112,112
msg,0,97,948,5546,1078,112,112
msg,0,98,932,6427,1070,112,112
msg,0,99,942,5440,1064,112,112
msg,0,100,939,5486,1084,112,112
msg,0,101,938,6067,1063,112,112
msg,0,102,933,6392,1079,112,112
msg,0,103,909,29292,1069,112,112
msg,0,104,942,6138,1081,112,112
msg,0,105,942,7139,1087,112,112
msg,0,106,949,7667,1074,112,112
msg,0,107,934,6438,1080,112,112
msg,0,108,944,5594,1070,112,112
msg,0,109,1122,5676,1071,112,112
msg,0,110,938,7203,1080,112,112
msg,0,111,940,6643,1084,112,112
msg,0,112,933,28875,1078,112,112
msg,0,113,947,5717,1071,112,112
msg,0,114,937,6111,1069,112,112
msg,0,115,939,5926,1071,112,112
msg,0,116,951,6923,1070,112,112
msg,0,117,942,5422,1064,112,112
msg,0,118,1045,5473,1080,112,112
msg,0,119,937,8851,1086,112,112
msg,0,120,951,6717,1097,112,112
msg,0,121,947,5707,1074,112,112
msg,0,122,940,31729,1081,112,112
msg,0,123,939,9071,1072,112,112
msg,0,124,1055,6265,1074,112,112
msg,0,125,938,6304,1077,112,112
msg,0,126,946,5522,1061,112,112
msg,0,127,936,5379,1080,112,112
msg,0,128,917,5978,1196,112,112
msg,0,129,942,5634,1078,112,112
msg,0,130,938,5491,1075,112,112
msg,0,131,950,25826,1076,112,112
msg,0,132,939,6039,1079,112,112
msg,0,133,937,5991,1171,112,112
msg,0,134,939,5741,1074,112,112
msg,0,135,946,5433,1077,112,112
msg,0,136,940,5958,1059,112,112
msg,0,137,947,5439,1083,112,112
msg,0,138,933,5396,1184,112,112
msg,0,139,954,5396,1064,112,112
msg,0,140,941,6849,1068,112,112
msg,0,141,936,24498,1077,112,112
msg,0,142,935,6382,1075,112,112
msg,0,143,935,6147,1187,112,112
msg,0,144,946,6725,1095,112,112
msg,0,145,944,8378,1222,112,112
msg,0,146,907,8910,1074,112,112
msg,0,147,949,5617,1198,112,112
msg,0,148,946,5599,1081,112,112
msg,0,149,903,5470,1069,112,112
msg,0,150,940,32414,1086,112,112
msg,0,151,945,7018,1072,112,112
msg,0,152,1060,5747,1072,112,112
msg,0,153,947,5843,1069,112,112
msg,0,154,949,5660,1070,112,112
msg,0,155,941,5599,1068,112,112
msg,0,156,950,5505,1076,112,112
msg,0,157,1048,6003,1071,112,112
msg,0,158,952,6995,1070,112,112
msg,0,159,938,31202,1078,112,112
msg,0,160,937,5842,1072,112,112
msg,0,161,953,5842,1065,112,112
msg,0,162,950,5490,1077,112,112
msg,0,163,935,5424,1071,112,112
msg,0,164,941,6583,1072,112,112
msg,0,165,942,6363,1077,112,112
msg,0,166,958,5918,1069,112,112
msg,0,167,939,5821,1072,112,112
msg,0,168,944,5402,1082,112,112
msg,0,169,936,28735,1081,112,112
msg,0,170,937,7000,1062,112,112
msg,0,171,942,6049,1077,112,112
msg,0,172,945,5463,1226,112,112
msg,0,173,940,6073,1074,112,112
msg,0,174,941,5461,1077,112,112
msg,0,175,941,5456,1075,112,112
msg,0,176,954,5673,1071,112,112
msg,0,177,936,5582,1201,112,112
msg,0,178,908,6251,1074,112,112
msg,0,179,947,25778,1069,112,112
msg,0,180,942,6853,1075,112,112
msg,0,181,944,5629,1065,112,112
msg,0,182,932,6024,1070,112,112
msg,0,183,945,5899,1073,112,112
msg,0,184,945,6704,1072,112,112
msg,0,185,1060,6187,1087,112,112
msg,0,186,941,6752,1087,112,112
msg,0,187,944,5365,1082,112,112
msg,0,188,945,28775,1066,112,112
msg,0,189,952,6375,1061,112,112
msg,0,190,941,6154,1070,112,112
msg,0,191,942,6216,1084,112,112
msg,0,192,942,5646,1077,112,112
msg,0,193,937,5394,1069,112,112
msg,0,194,938,6072,1077,112,112
msg,0,195,936,9228,1075,112,112
msg,0,196,942,6195,1079,112,112
msg,0,197,906,5392,1074,112,112
msg,0,198,946,27477,1085,112,112
msg,0,199,937,6389,1070,112,112
whole,0,4797.827,6945.119,200
1,5.4020,4762.2400,129.3290,4896.9710,1391,4099,45,568,2,12,3,18,121556,66189.0,70195.0,4533084.0,0.0,2,2,2,0
msg,1,0,1093,5646,1075,112,112
msg,1,1,960,5882,1189,112,112
msg,1,2,937,6464,1071,112,112
msg,1,3,943,6408,1087,112,112
msg,1,4,940,6536,1080,112,112
msg,1,5,907,6701,1082,112,112
msg,1,6,939,6930,1077,112,112
msg,1,7,944,29294,1072,112,112
msg,1,8,955,7086,1077,112,112
msg,1,9,934,5515,1071,112,112
msg,1,10,944,5752,1063,112,112
msg,1,11,951,5722,1074,112,112
msg,1,12,943,5767,1071,112,112
msg,1,13,945,6887,1078,112,112
msg,1,14,950,6857,1068,112,112
msg,1,15,945,5634,1068,112,112
msg,1,16,941,48942,1074,112,112
msg,1,17,935,6788,1077,112,112
msg,1,18,945,6063,1081,112,112
msg,1,19,946,7653,1083,112,112
msg,1,20,954,6588,1078,112,112
msg,1,21,942,9655,1072,112,112
msg,1,22,954,6173,1079,112,112
msg,1,23,931,26621,1235,112,112
msg,1,24,937,6924,1073,112,112
msg,1,25,941,6370,1077,112,112
msg,1,26,939,8050,1081,112,112
msg,1,27,926,7722,1076,112,112
msg,1,28,932,6018,1068,112,112
msg,1,29,937,5577,1079,112,112
msg,1,30,930,7087,1072,112,112
msg,1,31,952,6972,1078,112,112
msg,1,32,938,27278,1077,112,112
msg,1,33,937,6448,1077,112,112
msg,1,34,941,7125,1211,112,112
msg,1,35,945,7629,1076,112,112
msg,1,36,953,6453,1077,112,112
msg,1,37,1051,5783,1080,112,112
msg,1,38,908,5427,1071,112,112
msg,1,39,949,7332,1073,112,112
msg,1,40,939,5479,1080,112,112
msg,1,41,937,5591,1177,112,112
msg,1,42,951,21984,1077,112,112
msg,1,43,942,6302,1070,112,112
msg,1,44,940,6915,1072,112,112
msg,1,45,936,7363,1062,112,112
msg,1,46,955,5389,1623,112,112
msg,1,47,948,5955,1070,112,112
msg,1,48,943,5757,1071,112,112
msg,1,49,937,5588,1074,112,112
msg,1,50,941,5817,1069,112,112
msg,1,51,946,8031,1073,112,112
msg,1,52,942,25939,1079,112,112
msg,1,53,944,5461,1081,112,112
msg,1,54,1061,6448,1067,112,112
msg,1,55,941,5419,1080,112,112
msg,1,56,932,6155,1070,112,112
msg,1,57,935,6325,1078,112,112
msg,1,58,910,5534,1078,112,112
msg,1,59,932,6465,1074,112,112
msg,1,60,942,6487,1079,112,112
msg,1,61,1042,29336,1078,112,112
msg,1,62,944,7856,1197,112,112
msg,1,63,913,7471,1074,112,112
msg,1,64,940,5898,1072,112,112
msg,1,65,939,6241,1063,112,112
msg,1,66,942,6038,1070,112,112
msg,1,67,938,5614,1061,112,112
msg,1,68,941,5513,1080,112,112
msg,1,69,936,5362,1064,112,112
msg,1,70,951,5836,1073,112,112
msg,1,71,936,29410,1067,112,112
msg,1,72,955,6253,1079,112,112
msg,1,73,942,5391,1066,112,112
msg,1,74,939,5483,1091,112,112
msg,1,75,951,5532,1073,112,112
msg,1,76,909,5627,1074,112,112
msg,1,77,942,5493,1070,112,112
msg,1,78,940,5980,1077,112,112
msg,1,79,954,5453,1069,112,112
msg,1,80,939,5479,1076,112,112
msg,1,81,943,25773,1075,112,112
msg,1,82,937,5762,1074,112,112
msg,1,83,936,6496,1078,112,112
msg,1,84,939,7273,1066,112,112
msg,1,85,938,7197,1081,112,112
msg,1,86,940,5876,1073,112,112
msg,1,87,911,5461,1070,112,112
msg,1,88,938,6151,1080,112,112
msg,1,89,907,5962,1084,112,112
msg,1,90,943,30167,1074,112,112
msg,1,91,944,7859,1070,112,112
msg,1,92,940,7277,1075,112,112
msg,1,93,951,5465,1083,112,112
msg,1,94,944,5516,1072,112,112
msg,1,95,940,6089,1078,112,112
msg,1,96,910,6154,1069,112,112
msg,1,97,939,6082,1073,112,112
msg,1,98,944,6154,1079,112,112
msg,1,99,938,5501,1075,112,112
msg,1,100,945,31449,1062,112,112
msg,1,101,940,5896,1071,112,112
msg,1,102,944,6175,1085,112,112
msg,1,103,908,7013,1090,112,112
msg,1,104,951,7778,1094,112,112
msg,1,105,934,5611,1081,112,112
msg,1,106,932,5828,1077,112,112
msg,1,107,937,5680,1076,112,112
msg,1,108,934,6231,1068,112,112
msg,1,109,942,31364,1075,112,112
msg,1,110,936,6801,1079,112,112
msg,1,111,1051,8051,1069,112,112
msg,1,112,942,7356,1084,112,112
msg,1,113,955,5386,1079,112,112
msg,1,114,949,5485,1073,112,112
msg,1,115,939,7193,1085,112,112
msg,1,116,939,6123,1074,112,112
msg,1,117,934,33728,1070,112,112
msg,1,118,936,5971,1070,112,112
msg,1,119,938,5718,1066,112,112
msg,1,120,940,8053,1074,112,112
msg,1,121,945,6017,1080,112,112
msg,1,122,904,5575,1074,112,112
msg,1,123,936,5946,1191,112,112
msg,1,124,939,5711,1081,112,112
msg,1,125,906,5600,1074,112,112
msg,1,126,939,28310,1065,112,112
msg,1,127,936,6709,1091,112,112
msg,1,128,948,6495,1081,112,112
msg,1,129,908,5913,1079,112,112
msg,1,130,935,8493,1080,112,112
msg,1,131,946,6941,1078,112,112
msg,1,132,907,5918,1207,112,112
msg,1,133,942,6874,1071,112,112
msg,1,134,937,5945,1065,112,112
msg,1,135,942,28600,1067,112,112
msg,1,136,942,7047,1070,112,112
msg,1,137,958,7274,1089,112,112
msg,1,138,940,5761,1077,112,112
msg,1,139,942,10392,1075,112,112
msg,1,140,939,5772,1074,112,112
msg,1,141,939,5896,1077,112,112
msg,1,142,933,6485,1063,112,112
msg,1,143,941,5900,1071,112,112
msg,1,144,941,29747,1070,112,112
msg,1,145,947,7925,1075,112,112
msg,1,146,942,6728,1076,112,112
msg,1,147,938,6187,1078,112,112
msg,1,148,934,5474,1081,112,112
msg,1,149,943,9762,1077,112,112
msg,1,150,942,7878,1075,112,112
msg,1,151,911,5836,1186,112,112
msg,1,152,952,5905,1062,112,112
msg,1,153,936,32260,1081,112,112
msg,1,154,943,5690,1073,112,112
msg,1,155,944,8189,1197,112,112
msg,1,156,938,5551,1081,112,112
msg,1,157,945,6543,1087,112,112
msg,1,158,944,5903,1082,112,112
msg,1,159,936,5670,1086,112,112
msg,1,160,918,5641,1073,112,112
msg,1,161,948,5730,1076,112,112
msg,1,162,942,24489,1073,112,112
msg,1,163,942,6358,1076,112,112
msg,1,164,939,7092,1067,112,112
msg,1,165,945,6756,1068,112,112
msg,1,166,944,6414,1082,112,112
msg,1,167,933,5394,1192,112,112
msg,1,168,938,5694,1076,112,112
msg,1,169,939,5991,1077,112,112
msg,1,170,941,6824,1089,112,112
msg,1,171,906,6885,1077,112,112
msg,1,172,933,24554,1068,112,112
msg,1,173,943,5437,1069,112,112
msg,1,174,949,5422,1091,112,112
msg,1,175,940,5625,1074,112,112
msg,1,176,950,5868,1072,112,112
msg,1,177,956,5882,1070,112,112
msg,1,178,941,6115,1073,112,112
msg,1,179,942,6940,1073,112,112
msg,1,180,1097,5558,1076,112,112
msg,1,181,944,5433,1071,112,112
msg,1,182,945,35660,1067,112,112
msg,1,183,953,10297,1078,112,112
msg,1,184,951,5767,1074,112,112
msg,1,185,949,6160,1073,112,112
msg,1,186,935,6443,1079,112,112
msg,1,187,950,7925,1266,112,112
msg,1,188,939,6989,1079,112,112
msg,1,189,944,6218,1080,112,112
msg,1,190,938,31589,1071,112,112
msg,1,191,937,7184,1077,112,112
msg,1,192,936,7586,1076,112,112
msg,1,193,951,7611,1067,112,112
msg,1,194,943,6123,1080,112,112
msg,1,195,936,6895,1096,112,112
msg,1,196,1067,6154,1072,112,112
msg,1,197,945,7588,1071,112,112
msg,1,198,949,30580,1067,112,112
msg,1,199,937,10428,1079,112,112
whole,1,4914.078,7165.429,200
2,11.9230,4740.6100,12.0300,4764.5630,1391,4099,45,568,2,12,3,18,121556,66406.0,70201.0,4517037.0,0.0,2,2,2,0
msg,2,0,1090,5718,1076,112,112
msg,2,1,950,5945,1184,112,112
msg,2,2,929,6092,1090,112,112
msg,2,3,940,8518,1077,112,112
msg,2,4,918,6419,1070,112,112
msg,2,5,950,6189,1083,112,112
msg,2,6,1052,7231,1068,112,112
msg,2,7,941,5532,1069,112,112
msg,2,8,936,27277,1077,112,112
msg,2,9,947,5923,1080,112,112
msg,2,10,934,5630,1074,112,112
msg,2,11,940,5439,1071,112,112
msg,2,12,944,7434,1208,112,112
msg,2,13,1052,7641,1065,112,112
msg,2,14,955,5935,1073,112,112
msg,2,15,948,5486,1091,112,112
msg,2,16,942,5437,1074,112,112
msg,2,17,940,28216,1066,112,112
msg,2,18,936,6490,1080,112,112
msg,2,19,948,8895,1079,112,112
msg,2,20,938,7082,1074,112,112
msg,2,21,946,5696,1226,112,112
msg,2,22,939,5469,1067,112,112
msg,2,23,942,5438,1079,112,112
msg,2,24,905,7748,1081,112,112
msg,2,25,948,7646,1082,112,112
msg,2,26,942,31348,1065,112,112
msg,2,27,940,5875,1067,112,112
msg,2,28,935,5939,1073,112,112
msg,2,29,943,5378,1092,112,112
msg,2,30,943,6067,1070,112,112
msg,2,31,939,5731,1063,112,112
msg,2,32,953,6152,1079,112,112
msg,2,33,1052,8767,1077,112,112
msg,2,34,905,5462,1068,112,112
msg,2,35,937,28229,1076,112,112
msg,2,36,935,7427,1078,112,112
msg,2,37,944,5826,1074,112,112
msg,2,38,946,5591,1074,112,112
msg,2,39,942,5889,1075,112,112
msg,2,40,939,5487,1071,112,112
msg,2,41,938,5420,1075,112,112
msg,2,42,946,5447,1073,112,112
msg,2,43,947,7143,1073,112,112
msg,2,44,931,5862,1088,112,112
msg,2,45,955,28406,1078,112,112
msg,2,46,945,5608,1076,112,112
msg,2,47,1053,5414,1070,112,112
msg,2,48,937,5729,1066,112,112
msg,2,49,956,5760,1071,112,112
msg,2,50,939,5647,1064,112,112
msg,2,51,940,5528,1073,112,112
msg,2,52,939,7551,1080,112,112
msg,2,53,940,6395,1246,112,112
msg,2,54,944,5495,1063,112,112
msg,2,55,939,26346,1074,112,112
msg,2,56,935,5921,1081,112,112
msg,2,57,950,5411,1073,112,112
msg,2,58,941,7056,1076,112,112
msg,2,59,907,6443,1071,112,112
msg,2,60,930,5382,1093,112,112
msg,2,61,947,5858,1065,112,112
msg,2,62,939,6219,1073,112,112
msg,2,63,938,6008,1081,112,112
msg,2,64,943,6195,1072,112,112
msg,2,65,945,27006,1071,112,112
msg,2,66,949,5556,1069,112,112
msg,2,67,945,5761,1083,112,112
msg,2,68,944,5711,1075,112,112
msg,2,69,943,5600,1066,112,112
msg,2,70,939,5586,1210,112,112
msg,2,71,935,6561,1080,112,112
msg,2,72,939,6047,1068,112,112
msg,2,73,939,7073,1071,112,112
msg,2,74,949,29027,1075,112,112
msg,2,75,940,7096,1075,112,112
msg,2,76,941,7395,1076,112,112
msg,2,77,942,6683,1071,112,112
msg,2,78,954,5775,1075,112,112
msg,2,79,951,6679,1072,112,112
msg,2,80,942,5807,1072,112,112
msg,2,81,941,8191,1078,112,112
msg,2,82,941,6267,1069,112,112
msg,2,83,938,27922,1165,112,112
msg,2,84,942,6292,1060,112,112
msg,2,85,935,6785,1068,112,112
msg,2,86,954,7386,1080,112,112
msg,2,87,907,5858,1078,112,112
msg,2,88,930,5437,1069,112,112
msg,2,89,937,6412,1069,112,112
msg,2,90,940,6690,1087,112,112
msg,2,91,1454,5594,1074,112,112
msg,2,92,944,5438,1061,112,112
msg,2,93,935,33354,1077,112,112
msg,2,94,936,5567,1204,112,112
msg,2,95,945,5403,1073,112,112
msg,2,96,936,5339,1077,112,112
msg,2,97,910,5375,1069,112,112
msg,2,98,946,5977,1072,112,112
msg,2,99,939,8028,1076,112,112
msg,2,100,910,5926,1078,112,112
msg,2,101,950,5332,1072,112,112
msg,2,102,1054,61795,1087,112,112
msg,2,103,945,5534,1076,112,112
msg,2,104,943,7710,1188,112,112
msg,2,105,938,5552,1073,112,112
msg,2,106,942,6487,1078,112,112
msg,2,107,940,28423,1076,112,112
msg,2,108,940,8230,1099,112,112
msg,2,109,940,6258,1075,112,112
msg,2,110,940,6389,1067,112,112
msg,2,111,950,6729,1065,112,112
msg,2,112,940,5710,1093,112,112
msg,2,113,936,6405,1196,112,112
msg,2,114,913,6978,1090,112,112
msg,2,115,945,5448,1077,112,112
msg,2,116,939,5957,1074,112,112
msg,2,117,942,29891,1084,112,112
msg,2,118,946,6284,1080,112,112
msg,2,119,941,6647,1077,112,112
msg,2,120,951,6222,1071,112,112
msg,2,121,938,9102,1067,112,112
msg,2,122,949,6122,1072,112,112
msg,2,123,944,5444,1071,112,112
msg,2,124,939,6250,1078,112,112
msg,2,125,952,5440,1078,112,112
msg,2,126,939,22132,1072,112,112
msg,2,127,946,6119,1069,112,112
msg,2,128,939,8824,1067,112,112
msg,2,129,954,5475,1202,112,112
msg,2,130,948,7690,1089,112,112
msg,2,131,942,5639,1079,112,112
msg,2,132,943,5523,1076,112,112
msg,2,133,940,5869,1081,112,112
msg,2,134,910,5639,1080,112,112
msg,2,135,923,5707,1074,112,112
msg,2,136,948,25919,1076,112,112
msg,2,137,943,5577,1076,112,112
msg,2,138,938,7382,1065,112,112
msg,2,139,946,5439,1080,112,112
msg,2,140,934,5465,1085,112,112
msg,2,141,947,5865,1248,112,112
msg,2,142,948,6103,1073,112,112
msg,2,143,946,6322,1080,112,112
msg,2,144,936,5866,1078,112,112
msg,2,145,931,5611,1072,112,112
msg,2,146,907,22738,1078,112,112
msg,2,147,936,6756,1083,112,112
msg,2,148,939,5442,1073,112,112
msg,2,149,942,5497,1060,112,112
msg,2,150,953,5628,1075,112,112
msg,2,151,934,5512,1074,112,112
msg,2,152,949,5883,1078,112,112
msg,2,153,912,8401,1068,112,112
msg,2,154,944,5400,1095,112,112
msg,2,155,941,5638,1075,112,112
msg,2,156,930,34175,1075,112,112
msg,2,157,945,6635,1064,112,112
msg,2,158,949,6172,1076,112,112
msg,2,159,941,5526,1072,112,112
msg,2,160,936,5736,1070,112,112
msg,2,161,945,5514,1088,112,112
msg,2,162,945,6085,1075,112,112
msg,2,163,942,5418,1096,112,112
msg,2,164,943,6712,1089,112,112
msg,2,165,951,33644,1082,112,112
msg,2,166,949,8192,1180,112,112
msg,2,167,943,6935,1076,112,112
msg,2,168,940,6601,1074,112,112
msg,2,169,950,5717,1067,112,112
msg,2,170,937,5497,1092,112,112
msg,2,171,946,6308,1076,112,112
msg,2,172,938,5435,1073,112,112
msg,2,173,948,5444,1084,112,112
msg,2,174,936,32530,1078,112,112
msg,2,175,936,6716,1076,112,112
msg,2,176,946,6764,1080,112,112
msg,2,177,943,5724,1074,112,112
msg,2,178,1053,5523,1075,112,112
msg,2,179,944,7456,1064,112,112
msg,2,180,938,6029,1069,112,112
msg,2,181,948,5967,1074,112,112
msg,2,182,941,5389,1067,112,112
msg,2,183,1050,25641,1068,112,112
msg,2,184,938,6263,1079,112,112
msg,2,185,941,5937,1080,112,112
msg,2,186,912,6585,1078,112,112
msg,2,187,944,6108,1080,112,112
msg,2,188,935,5407,1079,112,112
msg,2,189,944,6063,1169,112,112
msg,2,190,953,6157,1075,112,112
msg,2,191,944,5473,1065,112,112
msg,2,192,941,5430,1072,112,112
msg,2,193,906,28445,1071,112,112
msg,2,194,950,6830,1070,112,112
msg,2,195,940,6075,1082,112,112
msg,2,196,940,7433,1073,112,112
msg,2,197,942,6000,1076,112,112
msg,2,198,936,7959,1197,112,112
msg,2,199,952,7929,1064,112,112
whole,2,4804.683,7001.161,200
#heap 22991
#stack 11416
#end
#block pipeline TLS lorawan11_256 down
#aead AES-256-CTR+2xCMAC (LoRaWAN 1.1 frame, 256-bit keys) (BearSSL (arduino-pico)), downlink, 51 B payload + 13 B overhead
#lib wolfSSL 5.9.4
iter,tcp_ms,tls_ms,mqtt_ms,total_ms,hs_tx_B,hs_rx_B,mqtt_tx_B,mqtt_rx_B,hs_writes,hs_reads,writes,reads,free_heap_B,hs_keygen_us,hs_derive_us,hs_verify_us,hs_sign_us,hs_keygen_n,hs_derive_n,hs_verify_n,hs_sign_n
msg,iter,idx,seal_us,rtt_us,open_us,tx_B,rx_B
whole,iter,first_ms,all_ms,msgs
#suite TLS13-AES256-GCM-SHA384
0,8.7560,4754.0700,53.1410,4815.9670,1391,4099,45,568,2,12,3,18,121556,66266.0,70236.0,4519919.0,0.0,2,2,2,0
msg,0,0,739,9256,725,112,112
msg,0,1,586,6252,716,112,112
msg,0,2,547,6006,824,112,112
msg,0,3,593,5498,720,112,112
msg,0,4,580,5963,716,112,112
msg,0,5,553,8940,726,112,112
msg,0,6,578,5653,694,112,112
msg,0,7,583,6035,719,112,112
msg,0,8,585,29850,724,112,112
msg,0,9,587,7022,860,112,112
msg,0,10,601,6049,689,112,112
msg,0,11,555,5725,716,112,112
msg,0,12,555,5653,716,112,112
msg,0,13,583,5531,726,112,112
msg,0,14,592,6097,690,112,112
msg,0,15,556,8276,725,112,112
msg,0,16,587,5702,693,112,112
msg,0,17,554,6679,714,112,112
msg,0,18,556,34952,824,112,112
msg,0,19,580,8547,718,112,112
msg,0,20,598,5716,692,112,112
msg,0,21,551,5976,725,112,112
msg,0,22,586,5629,722,112,112
msg,0,23,581,5665,719,112,112
msg,0,24,591,5485,717,112,112
msg,0,25,601,7207,727,112,112
msg,0,26,586,5468,718,112,112
msg,0,27,590,31339,1263,112,112
msg,0,28,571,6094,724,112,112
msg,0,29,584,6288,721,112,112
msg,0,30,551,5474,719,112,112
msg,0,31,549,5733,724,112,112
msg,0,32,588,8535,722,112,112
msg,0,33,583,6374,721,112,112
msg,0,34,584,5486,716,112,112
msg,0,35,595,7735,720,112,112
msg,0,36,592,33959,712,112,112
msg,0,37,566,6880,720,112,112
msg,0,38,585,7679,723,112,112
msg,0,39,588,6077,722,112,112
msg,0,40,602,5543,725,112,112
msg,0,41,590,6384,723,112,112
msg,0,42,590,6581,721,112,112
msg,0,43,592,6446,720,112,112
msg,0,44,590,6745,722,112,112
msg,0,45,701,5941,713,112,112
msg,0,46,582,33145,692,112,112
msg,0,47,555,5826,716,112,112
msg,0,48,554,5415,723,112,112
msg,0,49,555,5625,726,112,112
msg,0,50,551,5534,719,112,112
msg,0,51,587,5561,719,112,112
msg,0,52,591,6380,715,112,112
msg,0,53,585,5687,729,112,112
msg,0,54,586,6805,694,112,112
msg,0,55,584,7270,722,112,112
msg,0,56,584,28064,723,112,112
msg,0,57,747,7559,723,112,112
msg,0,58,581,6140,695,112,112
msg,0,59,562,7877,720,112,112
msg,0,60,591,5489,722,112,112
msg,0,61,587,5765,714,112,112
msg,0,62,585,5408,718,112,112
msg,0,63,581,6920,713,112,112
msg,0,64,552,5846,724,112,112
msg,0,65,587,6115,691,112,112
msg,0,66,555,33509,693,112,112
msg,0,67,548,6223,723,112,112
msg,0,68,597,5628,791,112,112
msg,0,69,553,7610,692,112,112
msg,0,70,555,5407,694,112,112
msg,0,71,551,6389,695,112,112
msg,0,72,583,6844,718,112,112
msg,0,73,565,9243,695,112,112
msg,0,74,547,7346,716,112,112
msg,0,75,585,5494,724,112,112
msg,0,76,569,31871,728,112,112
msg,0,77,551,6699,717,112,112
msg,0,78,588,7235,714,112,112
msg,0,79,553,5386,691,112,112
msg,0,80,556,5744,713,112,112
msg,0,81,545,9298,692,112,112
msg,0,82,559,8478,694,112,112
msg,0,83,554,5879,723,112,112
msg,0,84,578,6056,804,112,112
msg,0,85,554,27774,721,112,112
msg,0,86,556,5529,720,112,112
msg,0,87,585,6292,696,112,112
msg,0,88,547,6900,720,112,112
msg,0,89,585,5348,721,112,112
msg,0,90,596,5544,719,112,112
msg,0,91,582,5377,717,112,112
msg,0,92,587,6027,693,112,112
msg,0,93,553,7327,719,112,112
msg,0,94,587,6722,689,112,112
msg,0,95,552,30785,715,112,112
msg,0,96,554,9249,691,112,112
msg,0,97,556,5907,717,112,112
msg,0,98,585,5482,722,112,112
msg,0,99,579,5614,723,112,112
msg,0,100,607,5684,716,112,112
msg,0,101,549,5558,726,112,112
msg,0,102,585,6171,697,112,112
msg,0,103,550,5586,695,112,112
msg,0,104,562,5758,715,112,112
msg,0,105,591,29549,714,112,112
msg,0,106,593,6369,713,112,112
msg,0,107,552,5804,724,112,112
msg,0,108,589,5986,692,112,112
msg,0,109,557,5465,695,112,112
msg,0,110,553,5521,689,112,112
msg,0,111,550,5718,719,112,112
msg,0,112,546,5869,724,112,112
msg,0,113,583,7958,696,112,112
msg,0,114,553,6994,717,112,112
msg,0,115,584,30469,721,112,112
msg,0,116,586,8313,713,112,112
msg,0,117,585,5928,713,112,112
msg,0,118,600,6020,724,112,112
msg,0,119,564,5924,718,112,112
msg,0,120,595,6368,726,112,112
msg,0,121,585,5919,695,112,112
msg,0,122,555,6257,723,112,112
msg,0,123,586,6436,717,112,112
msg,0,124,585,6530,718,112,112
msg,0,125,591,29000,718,112,112
msg,0,126,587,7474,714,112,112
msg,0,127,583,5832,722,112,112
msg,0,128,583,5834,691,112,112
msg,0,129,667,5503,691,112,112
msg,0,130,554,5592,716,112,112
msg,0,131,560,5366,809,112,112
msg,0,132,552,5918,723,112,112
msg,0,133,589,8091,716,112,112
msg,0,134,556,5630,719,112,112
msg,0,135,555,5846,720,112,112
msg,0,136,585,32430,723,112,112
msg,0,137,588,8830,693,112,112
msg,0,138,552,7085,720,112,112
msg,0,139,587,5754,725,112,112
msg,0,140,592,6857,713,112,112
msg,0,141,554,5738,716,112,112
msg,0,142,585,8311,716,112,112
msg,0,143,554,6822,718,112,112
msg,0,144,599,5964,694,112,112
msg,0,145,552,28454,690,112,112
msg,0,146,607,5769,719,112,112
msg,0,147,561,5710,724,112,112
msg,0,148,588,7342,717,112,112
msg,0,149,551,6172,696,112,112
msg,0,150,555,6504,692,112,112
msg,0,151,693,6147,724,112,112
msg,0,152,588,7777,691,112,112
msg,0,153,562,5703,692,112,112
msg,0,154,551,5748,718,112,112
msg,0,155,592,29757,725,112,112
msg,0,156,585,6737,693,112,112
msg,0,157,592,6835,719,112,112
msg,0,158,553,8765,723,112,112
msg,0,159,592,5873,691,112,112
msg,0,160,591,6572,697,112,112
msg,0,161,561,7089,725,112,112
msg,0,162,592,7741,720,112,112
msg,0,163,588,5618,694,112,112
msg,0,164,556,5738,711,112,112
msg,0,165,555,36123,725,112,112
msg,0,166,593,6029,720,112,112
msg,0,167,546,5810,730,112,112
msg,0,168,583,5363,830,112,112
msg,0,169,581,5874,692,112,112
msg,0,170,554,5603,698,112,112
msg,0,171,555,8037,728,112,112
msg,0,172,582,6762,694,112,112
msg,0,173,1143,6457,723,112,112
msg,0,174,584,28391,721,112,112
msg,0,175,592,6046,690,112,112
msg,0,176,703,5470,690,112,112
msg,0,177,551,5917,718,112,112
msg,0,178,596,5439,717,112,112
msg,0,179,587,5893,726,112,112
msg,0,180,585,5269,725,112,112
msg,0,181,601,6419,722,112,112
msg,0,182,583,7359,720,112,112
msg,0,183,592,5423,720,112,112
msg,0,184,599,29489,725,112,112
msg,0,185,583,7211,724,112,112
msg,0,186,693,6778,721,112,112
msg,0,187,577,7641,722,112,112
msg,0,188,590,5751,695,112,112
msg,0,189,564,5582,693,112,112
msg,0,190,553,7187,836,112,112
msg,0,191,560,5919,709,112,112
msg,0,192,594,7589,719,112,112
msg,0,193,578,5397,705,112,112
msg,0,194,584,31545,722,112,112
msg,0,195,582,6026,1154,112,112
msg,0,196,595,5673,714,112,112
msg,0,197,580,7226,718,112,112
msg,0,198,549,6148,695,112,112
msg,0,199,555,5366,722,112,112
whole,0,4833.755,6904.701,200
1,4.4030,4746.5880,118.8330,4869.8240,1391,4099,45,568,2,12,3,18,121556,66399.0,70298.0,4520539.0,0.0,2,2,2,0
msg,1,0,704,5653,717,112,112
msg,1,1,557,6117,726,112,112
msg,1,2,588,5891,723,112,112
msg,1,3,560,6000,721,112,112
msg,1,4,589,5937,717,112,112
msg,1,5,550,6025,717,112,112
msg,1,6,590,6151,719,112,112
msg,1,7,590,5885,720,112,112
msg,1,8,587,6098,720,112,112
msg,1,9,594,34060,693,112,112
msg,1,10,554,6385,723,112,112
msg,1,11,592,6619,692,112,112
msg,1,12,551,5437,697,112,112
msg,1,13,556,7093,716,112,112
msg,1,14,579,6659,722,112,112
msg,1,15,584,7636,722,112,112
msg,1,16,591,6280,713,112,112
msg,1,17,583,6057,722,112,112
msg,1,18,550,30867,830,112,112
msg,1,19,583,24461,724,112,112
msg,1,20,588,6013,691,112,112
msg,1,21,552,5910,857,112,112
msg,1,22,595,5733,695,112,112
msg,1,23,548,7391,717,112,112
msg,1,24,581,5911,720,112,112
msg,1,25,552,5943,723,112,112
msg,1,26,578,25222,716,112,112
msg,1,27,592,6210,692,112,112
msg,1,28,552,7976,725,112,112
msg,1,29,586,7426,726,112,112
msg,1,30,582,6789,719,112,112
msg,1,31,578,6791,699,112,112
msg,1,32,551,6664,714,112,112
msg,1,33,563,5999,726,112,112
msg,1,34,584,6944,718,112,112
msg,1,35,554,6147,718,112,112
msg,1,36,595,31038,713,112,112
msg,1,37,579,6034,694,112,112
msg,1,38,555,6504,693,112,112
msg,1,39,559,5720,695,112,112
msg,1,40,552,6377,696,112,112
msg,1,41,558,5864,719,112,112
msg,1,42,587,5757,722,112,112
msg,1,43,583,6759,698,112,112
msg,1,44,561,7795,718,112,112
msg,1,45,555,30852,721,112,112
msg,1,46,593,6243,720,112,112
msg,1,47,588,5708,725,112,112
msg,1,48,584,8518,727,112,112
msg,1,49,586,6461,721,112,112
msg,1,50,586,5964,692,112,112
msg,1,51,550,8475,694,112,112
msg,1,52,558,9528,691,112,112
msg,1,53,550,5898,726,112,112
msg,1,54,587,6308,718,112,112
msg,1,55,547,26937,723,112,112
msg,1,56,596,6033,719,112,112
msg,1,57,583,5623,726,112,112
msg,1,58,584,7395,724,112,112
msg,1,59,590,5411,723,112,112
msg,1,60,586,5492,720,112,112
msg,1,61,588,7027,694,112,112
msg,1,62,559,8737,719,112,112
msg,1,63,556,5843,719,112,112
msg,1,64,582,6429,892,112,112
msg,1,65,591,26753,693,112,112
msg,1,66,555,5920,723,112,112
msg,1,67,580,6298,696,112,112
msg,1,68,550,7611,715,112,112
msg,1,69,555,5789,829,112,112
msg,1,70,692,6713,689,112,112
msg,1,71,554,5584,689,112,112
msg,1,72,556,8331,719,112,112
msg,1,73,596,5346,723,112,112
msg,1,74,587,6202,722,112,112
msg,1,75,697,26375,724,112,112
msg,1,76,590,7290,716,112,112
msg,1,77,564,5887,724,112,112
msg,1,78,595,6165,711,112,112
msg,1,79,548,6800,727,112,112
msg,1,80,605,6284,723,112,112
msg,1,81,590,7580,721,112,112
msg,1,82,593,5618,721,112,112
msg,1,83,588,7429,717,112,112
msg,1,84,590,7527,718,112,112
msg,1,85,591,28534,717,112,112
msg,1,86,593,5834,690,112,112
msg,1,87,565,6031,724,112,112
msg,1,88,583,6459,719,112,112
msg,1,89,588,6069,719,112,112
msg,1,90,594,5720,720,112,112
msg,1,91,587,6233,724,112,112
msg,1,92,588,8905,717,112,112
msg,1,93,590,5934,720,112,112
msg,1,94,548,6949,725,112,112
msg,1,95,579,29049,718,112,112
msg,1,96,552,5571,719,112,112
msg,1,97,560,5972,723,112,112
msg,1,98,588,8456,887,112,112
msg,1,99,551,5544,695,112,112
msg,1,100,554,5357,718,112,112
msg,1,101,586,5796,696,112,112
msg,1,102,559,8964,722,112,112
msg,1,103,586,5893,695,112,112
msg,1,104,668,5932,1236,112,112
msg,1,105,564,32205,719,112,112
msg,1,106,583,6344,722,112,112
msg,1,107,588,6088,720,112,112
msg,1,108,549,5700,720,112,112
msg,1,109,588,6430,718,112,112
msg,1,110,589,5848,717,112,112
msg,1,111,696,5644,695,112,112
msg,1,112,556,6640,692,112,112
msg,1,113,562,6806,724,112,112
msg,1,114,600,5854,719,112,112
msg,1,115,579,27460,708,112,112
msg,1,116,586,5743,687,112,112
msg,1,117,554,6056,719,112,112
msg,1,118,583,6582,721,112,112
msg,1,119,586,5322,717,112,112
msg,1,120,582,5971,693,112,112
msg,1,121,553,5354,717,112,112
msg,1,122,595,5788,693,112,112
msg,1,123,565,7370,808,112,112
msg,1,124,564,6026,727,112,112
msg,1,125,587,5823,693,112,112
msg,1,126,557,25071,723,112,112
msg,1,127,598,5875,692,112,112
msg,1,128,559,5376,723,112,112
msg,1,129,1196,5618,724,112,112
msg,1,130,591,5735,726,112,112
msg,1,131,593,6079,723,112,112
msg,1,132,703,7450,725,112,112
msg,1,133,586,5590,716,112,112
msg,1,134,591,5552,724,112,112
msg,1,135,581,6776,690,112,112
msg,1,136,554,29065,717,112,112
msg,1,137,603,7519,723,112,112
msg,1,138,586,5842,694,112,112
msg,1,139,555,5772,715,112,112
msg,1,140,563,6497,719,112,112
msg,1,141,555,5828,824,112,112
msg,1,142,583,5302,724,112,112
msg,1,143,583,5798,717,112,112
msg,1,144,582,6460,720,112,112
msg,1,145,588,7735,691,112,112
msg,1,146,557,34854,715,112,112
msg,1,147,557,6247,692,112,112
msg,1,148,560,5439,699,112,112
msg,1,149,554,5555,696,112,112
msg,1,150,566,5423,697,112,112
msg,1,151,551,6085,721,112,112
msg,1,152,594,6340,722,112,112
msg,1,153,584,5522,837,112,112
msg,1,154,592,5556,1197,112,112
msg,1,155,555,5984,720,112,112
msg,1,156,589,33797,693,112,112
msg,1,157,588,6018,722,112,112
msg,1,158,587,5720,719,112,112
msg,1,159,590,5701,689,112,112
msg,1,160,584,8110,724,112,112
msg,1,161,597,6187,713,112,112
msg,1,162,564,5811,724,112,112
msg,1,163,587,7482,724,112,112
msg,1,164,587,12758,725,112,112
msg,1,165,580,29178,726,112,112
msg,1,166,583,5619,721,112,112
msg,1,167,694,5530,717,112,112
msg,1,168,591,5588,694,112,112
msg,1,169,588,6940,721,112,112
msg,1,170,583,8386,717,112,112
msg,1,171,552,5796,723,112,112
msg,1,172,590,8440,724,112,112
msg,1,173,596,6041,693,112,112
msg,1,174,555,5866,723,112,112
msg,1,175,596,30036,694,112,112
msg,1,176,550,6154,728,112,112
msg,1,177,591,5525,726,112,112
msg,1,178,590,5818,694,112,112
msg,1,179,554,5353,719,112,112
msg,1,180,580,5551,696,112,112
msg,1,181,595,6017,728,112,112
msg,1,182,702,6241,715,112,112
msg,1,183,551,6222,693,112,112
msg,1,184,557,5496,686,112,112
msg,1,185,568,5668,689,112,112
msg,1,186,548,31605,715,112,112
msg,1,187,558,5755,723,112,112
msg,1,188,581,5382,720,112,112
msg,1,189,546,5419,711,112,112
msg,1,190,556,9503,718,112,112
msg,1,191,550,6138,714,112,112
msg,1,192,585,5802,696,112,112
msg,1,193,550,6358,698,112,112
msg,1,194,549,5444,693,112,112
msg,1,195,549,5525,695,112,112
msg,1,196,549,32211,719,112,112
msg,1,197,585,7041,716,112,112
msg,1,198,559,7014,720,112,112
msg,1,199,592,5444,726,112,112
whole,1,4883.548,6947.457,200
2,4.6140,4740.2000,131.9710,4876.7850,1391,4099,45,568,2,12,3,18,121556,66499.0,70636.0,4514976.0,0.0,2,2,2,0
msg,2,0,737,10132,719,112,112
msg,2,1,557,6307,695,112,112
msg,2,2,557,6911,725,112,112
msg,2,3,583,6040,694,112,112
msg,2,4,548,6282,720,112,112
msg,2,5,589,6054,719,112,112
msg,2,6,554,6598,834,112,112
msg,2,7,590,7063,692,112,112
msg,2,8,556,31687,716,112,112
msg,2,9,547,9791,728,112,112
msg,2,10,586,5689,720,112,112
msg,2,11,593,6290,720,112,112
msg,2,12,589,5835,692,112,112
msg,2,13,586,5506,688,112,112
msg,2,14,587,5769,693,112,112
msg,2,15,550,8983,723,112,112
msg,2,16,593,6071,813,112,112
msg,2,17,550,28957,718,112,112
msg,2,18,678,5618,693,112,112
msg,2,19,558,7295,718,112,112
msg,2,20,583,7719,690,112,112
msg,2,21,560,6757,725,112,112
msg,2,22,552,7112,717,112,112
msg,2,23,611,10999,717,112,112
msg,2,24,582,5613,720,112,112
msg,2,25,586,5383,715,112,112
msg,2,26,585,30339,815,112,112
msg,2,27,545,6611,718,112,112
msg,2,28,585,6824,717,112,112
msg,2,29,588,6828,693,112,112
msg,2,30,556,5852,716,112,112
msg,2,31,581,5443,725,112,112
msg,2,32,600,5604,717,112,112
msg,2,33,586,5595,721,112,112
msg,2,34,599,6098,717,112,112
msg,2,35,586,6312,717,112,112
msg,2,36,550,5734,721,112,112
msg,2,37,1158,29565,693,112,112
msg,2,38,554,6675,714,112,112
msg,2,39,557,6896,719,112,112
msg,2,40,579,5404,724,112,112
msg,2,41,582,5518,722,112,112
msg,2,42,593,6182,710,112,112
msg,2,43,547,5560,719,112,112
msg,2,44,551,6768,716,112,112
msg,2,45,580,5863,693,112,112
msg,2,46,557,5894,721,112,112
msg,2,47,543,32155,694,112,112
msg,2,48,553,6551,690,112,112
msg,2,49,662,6952,722,112,112
msg,2,50,591,6737,715,112,112
msg,2,51,598,5485,722,112,112
msg,2,52,589,5621,696,112,112
msg,2,53,552,5807,709,112,112
msg,2,54,554,7493,712,112,112
msg,2,55,548,6356,695,112,112
msg,2,56,551,5619,695,112,112
msg,2,57,549,26874,722,112,112
msg,2,58,593,5512,720,112,112
msg,2,59,586,6084,689,112,112
msg,2,60,554,7954,720,112,112
msg,2,61,597,7879,699,112,112
msg,2,62,550,5610,694,112,112
msg,2,63,552,5413,691,112,112
msg,2,64,554,7315,721,112,112
msg,2,65,590,5496,720,112,112
msg,2,66,591,8918,719,112,112
msg,2,67,559,22637,716,112,112
msg,2,68,551,6995,718,112,112
msg,2,69,587,5418,720,112,112
msg,2,70,591,6370,721,112,112
msg,2,71,601,5500,718,112,112
msg,2,72,600,5705,689,112,112
msg,2,73,559,5472,693,112,112
msg,2,74,553,5606,689,112,112
msg,2,75,551,9767,709,112,112
msg,2,76,553,6215,810,112,112
msg,2,77,665,29084,724,112,112
msg,2,78,598,7161,722,112,112
msg,2,79,587,5720,722,112,112
msg,2,80,600,6507,721,112,112
msg,2,81,579,5468,715,112,112
msg,2,82,582,13778,692,112,112
msg,2,83,557,5889,719,112,112
msg,2,84,589,6697,720,112,112
msg,2,85,585,5699,731,112,112
msg,2,86,755,5597,696,112,112
msg,2,87,558,24423,693,112,112
msg,2,88,556,7636,694,112,112
msg,2,89,558,5781,715,112,112
msg,2,90,584,5740,721,112,112
msg,2,91,586,6037,716,112,112
msg,2,92,549,9547,717,112,112
msg,2,93,553,5706,726,112,112
msg,2,94,578,5546,717,112,112
msg,2,95,585,5658,718,112,112
msg,2,96,589,5368,721,112,112
msg,2,97,586,5441,720,112,112
msg,2,98,587,31378,712,112,112
msg,2,99,582,5679,719,112,112
msg,2,100,587,6580,727,112,112
msg,2,101,701,5501,720,112,112
msg,2,102,583,5345,723,112,112
msg,2,103,593,9420,726,112,112
msg,2,104,589,10019,716,112,112
msg,2,105,551,5655,713,112,112
msg,2,106,553,5583,717,112,112
msg,2,107,587,26166,696,112,112
msg,2,108,562,6967,719,112,112
msg,2,109,591,7616,727,112,112
msg,2,110,587,5952,694,112,112
msg,2,111,553,5683,717,112,112
msg,2,112,562,5431,718,112,112
msg,2,113,569,6132,721,112,112
msg,2,114,592,7855,715,112,112
msg,2,115,551,5681,720,112,112
msg,2,116,595,6360,714,112,112
msg,2,117,546,29000,719,112,112
msg,2,118,581,7566,723,112,112
msg,2,119,590,6463,715,112,112
msg,2,120,582,5809,693,112,112
msg,2,121,560,5819,724,112,112
msg,2,122,584,5665,722,112,112
msg,2,123,597,6061,715,112,112
msg,2,124,552,6274,691,112,112
msg,2,125,552,6073,727,112,112
msg,2,126,598,5372,720,112,112
msg,2,127,588,5773,722,112,112
msg,2,128,581,28796,692,112,112
msg,2,129,553,6163,721,112,112
msg,2,130,585,26271,725,112,112
msg,2,131,599,7744,720,112,112
msg,2,132,587,7460,717,112,112
msg,2,133,591,6324,721,112,112
msg,2,134,582,6010,694,112,112
msg,2,135,553,26928,721,112,112
msg,2,136,584,7957,694,112,112
msg,2,137,555,7055,721,112,112
msg,2,138,585,6294,721,112,112
msg,2,139,586,6034,693,112,112
msg,2,140,591,6074,729,112,112
msg,2,141,583,6825,720,112,112
msg,2,142,594,5901,713,112,112
msg,2,143,555,5950,725,112,112
msg,2,144,585,5615,719,112,112
msg,2,145,599,28944,717,112,112
msg,2,146,550,7721,722,112,112
msg,2,147,589,6727,722,112,112
msg,2,148,581,5381,716,112,112
msg,2,149,584,5588,723,112,112
msg,2,150,584,8642,696,112,112
msg,2,151,590,8401,719,112,112
msg,2,152,590,8780,695,112,112
msg,2,153,552,5524,694,112,112
msg,2,154,556,5921,724,112,112
msg,2,155,596,33510,726,112,112
msg,2,156,580,6580,724,112,112
msg,2,157,586,6515,718,112,112
msg,2,158,600,5620,720,112,112
msg,2,159,584,5870,719,112,112
msg,2,160,546,5560,717,112,112
msg,2,161,565,5461,713,112,112
msg,2,162,554,6600,715,112,112
msg,2,163,549,5486,715,112,112
msg,2,164,548,7033,724,112,112
msg,2,165,592,26992,716,112,112
msg,2,166,554,6884,716,112,112
msg,2,167,592,5798,692,112,112
msg,2,168,552,5519,692,112,112
msg,2,169,567,5833,720,112,112
msg,2,170,581,5715,725,112,112
msg,2,171,577,7383,724,112,112
msg,2,172,589,6090,695,112,112
msg,2,173,557,5445,694,112,112
msg,2,174,558,5389,691,112,112
msg,2,175,563,30813,718,112,112
msg,2,176,546,5683,716,112,112
msg,2,177,582,5462,720,112,112
msg,2,178,584,5482,717,112,112
msg,2,179,588,5381,716,112,112
msg,2,180,549,5455,720,112,112
msg,2,181,553,6528,719,112,112
msg,2,182,761,6957,719,112,112
msg,2,183,596,7625,694,112,112
msg,2,184,554,5425,693,112,112
msg,2,185,576,5464,722,112,112
msg,2,186,597,32864,714,112,112
msg,2,187,556,7205,691,112,112
msg,2,188,592,5451,714,112,112
msg,2,189,592,6259,722,112,112
msg,2,190,596,5987,692,112,112
msg,2,191,556,5615,713,112,112
msg,2,192,551,6373,695,112,112
msg,2,193,557,6004,725,112,112
msg,2,194,591,6700,693,112,112
msg,2,195,547,33825,714,112,112
msg,2,196,552,6097,718,112,112
msg,2,197,587,5748,696,112,112
msg,2,198,556,6429,692,112,112
msg,2,199,554,5538,691,112,112
whole,2,4895.855,6956.232,200
#heap 22991
#stack 11396
#end
#block pipeline mTLS lorawan11 up
#aead LoRaWAN-1.1 AES-128-CTR+2xCMAC (BearSSL (arduino-pico)), uplink, 51 B payload + 13 B overhead
#lib wolfSSL 5.9.4
iter,tcp_ms,tls_ms,mqtt_ms,total_ms,hs_tx_B,hs_rx_B,mqtt_tx_B,mqtt_rx_B,hs_writes,hs_reads,writes,reads,free_heap_B,hs_keygen_us,hs_derive_us,hs_verify_us,hs_sign_us,hs_keygen_n,hs_derive_n,hs_verify_n,hs_sign_n
msg,iter,idx,seal_us,rtt_us,open_us,tx_B,rx_B
whole,iter,first_ms,all_ms,msgs
#suite TLS13-AES256-GCM-SHA384
0,6.3690,7687.4210,80.4200,7774.2100,4207,4285,45,5016,4,14,5,20,117724,66208.0,70253.0,4520851.0,2922753.0,2,2,2,1
msg,0,0,1018,6663,822,112,112
msg,0,1,682,5450,840,112,112
msg,0,2,708,5803,843,112,112
msg,0,3,711,6615,841,112,112
msg,0,4,682,5528,845,112,112
msg,0,5,714,6491,844,112,112
msg,0,6,716,31655,818,112,112
msg,0,7,678,7546,841,112,112
msg,0,8,709,5527,854,112,112
msg,0,9,715,6180,851,112,112
msg,0,10,702,5982,843,112,112
msg,0,11,715,5345,846,112,112
msg,0,12,716,5521,842,112,112
msg,0,13,719,5528,840,112,112
msg,0,14,680,7768,847,112,112
msg,0,15,717,32531,849,112,112
msg,0,16,687,6087,841,112,112
msg,0,17,675,5421,818,112,112
msg,0,18,685,5884,849,112,112
msg,0,19,710,5401,847,112,112
msg,0,20,709,5532,819,112,112
msg,0,21,682,5824,848,112,112
msg,0,22,707,5858,842,112,112
msg,0,23,707,5688,844,112,112
msg,0,24,717,5901,840,112,112
msg,0,25,718,28362,849,112,112
msg,0,26,710,8501,853,112,112
msg,0,27,712,7033,850,112,112
msg,0,28,708,5659,824,112,112
msg,0,29,681,5647,840,112,112
msg,0,30,718,5598,847,112,112
msg,0,31,712,5435,818,112,112
msg,0,32,685,5726,848,112,112
msg,0,33,707,6796,947,112,112
msg,0,34,677,5500,844,112,112
msg,0,35,708,30703,946,112,112
msg,0,36,679,6908,847,112,112
msg,0,37,719,5449,846,112,112
msg,0,38,705,5503,821,112,112
msg,0,39,693,6152,825,112,112
msg,0,40,679,5891,963,112,112
msg,0,41,707,5445,817,112,112
msg,0,42,677,5592,837,112,112
msg,0,43,710,6176,845,112,112
msg,0,44,706,6284,845,112,112
msg,0,45,717,32777,845,112,112
msg,0,46,715,6356,845,112,112
msg,0,47,681,5591,845,112,112
msg,0,48,707,7505,851,112,112
msg,0,49,717,8580,838,112,112
msg,0,50,672,5851,843,112,112
msg,0,51,719,5413,849,112,112
msg,0,52,708,6239,849,112,112
msg,0,53,723,6791,844,112,112
msg,0,54,705,5864,840,112,112
msg,0,55,675,25719,842,112,112
msg,0,56,717,5750,851,112,112
msg,0,57,715,6709,841,112,112
msg,0,58,709,8168,838,112,112
msg,0,59,702,5932,838,112,112
msg,0,60,681,5693,846,112,112
msg,0,61,712,7129,847,112,112
msg,0,62,911,6780,820,112,112
msg,0,63,692,7174,848,112,112
msg,0,64,692,33202,842,112,112
msg,0,65,723,6214,849,112,112
msg,0,66,689,6946,842,112,112
msg,0,67,708,5871,849,112,112
msg,0,68,712,5378,848,112,112
msg,0,69,720,5456,846,112,112
msg,0,70,721,5400,846,112,112
msg,0,71,673,5426,817,112,112
msg,0,72,677,5327,820,112,112
msg,0,73,679,5440,839,112,112
msg,0,74,722,30494,838,112,112
msg,0,75,703,5979,841,112,112
msg,0,76,707,6842,852,112,112
msg,0,77,714,6728,849,112,112
msg,0,78,703,9727,852,112,112
msg,0,79,710,6294,845,112,112
msg,0,80,674,5793,844,112,112
msg,0,81,715,7025,839,112,112
msg,0,82,705,5563,848,112,112
msg,0,83,712,5564,844,112,112
msg,0,84,682,31699,849,112,112
msg,0,85,727,5777,820,112,112
msg,0,86,678,5561,839,112,112
msg,0,87,708,6315,841,112,112
msg,0,88,717,6310,846,112,112
msg,0,89,711,5364,846,112,112
msg,0,90,726,5440,846,112,112
msg,0,91,678,5437,821,112,112
msg,0,92,678,6076,960,112,112
msg,0,93,679,5751,842,112,112
msg,0,94,708,26048,839,112,112
msg,0,95,709,5722,847,112,112
msg,0,96,707,5383,844,112,112
msg,0,97,683,5583,844,112,112
msg,0,98,712,7814,848,112,112
msg,0,99,715,5801,846,112,112
msg,0,100,703,5545,848,112,112
msg,0,101,709,9988,846,112,112
msg,0,102,715,7976,841,112,112
msg,0,103,704,5570,848,112,112
msg,0,104,709,25454,850,112,112
msg,0,105,685,5550,844,112,112
msg,0,106,705,5925,845,112,112
msg,0,107,685,5514,846,112,112
msg,0,108,681,5558,851,112,112
msg,0,109,708,5873,821,112,112
msg,0,110,682,7581,849,112,112
msg,0,111,716,7314,851,112,112
msg,0,112,712,5827,821,112,112
msg,0,113,681,5525,844,112,112
msg,0,114,712,28972,818,112,112
msg,0,115,681,5687,853,112,112
msg,0,116,719,5432,848,112,112
msg,0,117,707,5803,842,112,112
msg,0,118,706,5463,849,112,112
msg,0,119,709,5392,851,112,112
msg,0,120,706,6709,838,112,112
msg,0,121,678,7208,817,112,112
msg,0,122,688,5754,845,112,112
msg,0,123,724,5381,852,112,112
msg,0,124,710,32752,845,112,112
msg,0,125,714,5527,850,112,112
msg,0,126,708,5799,818,112,112
msg,0,127,675,5994,849,112,112
msg,0,128,717,5616,843,112,112
msg,0,129,714,6466,841,112,112
msg,0,130,725,5396,851,112,112
msg,0,131,710,6137,840,112,112
msg,0,132,732,6951,843,112,112
msg,0,133,708,5798,843,112,112
msg,0,134,714,26592,844,112,112
msg,0,135,717,7330,843,112,112
msg,0,136,707,6791,960,112,112
msg,0,137,678,5538,840,112,112
msg,0,138,711,5489,847,112,112
msg,0,139,706,5762,819,112,112
msg,0,140,679,5534,839,112,112
msg,0,141,702,6094,845,112,112
msg,0,142,676,631630,1525,112,112
msg,0,143,676,28134,821,112,112
msg,0,144,682,6171,844,112,112
msg,0,145,685,5649,843,112,112
msg,0,146,884,5452,846,112,112
msg,0,147,713,5712,836,112,112
msg,0,148,706,6204,845,112,112
msg,0,149,674,5969,847,112,112
msg,0,150,676,5491,821,112,112
msg,0,151,681,61460,843,112,112
msg,0,152,821,7787,845,112,112
msg,0,153,678,6882,844,112,112
msg,0,154,707,5804,822,112,112
msg,0,155,681,5952,844,112,112
msg,0,156,717,7070,850,112,112
msg,0,157,701,6120,844,112,112
msg,0,158,722,5963,846,112,112
msg,0,159,717,37526,857,112,112
msg,0,160,710,6198,844,112,112
msg,0,161,712,6261,850,112,112
msg,0,162,709,5485,847,112,112
msg,0,163,830,6036,852,112,112
msg,0,164,715,5748,840,112,112
msg,0,165,709,8346,842,112,112
msg,0,166,708,5593,854,112,112
msg,0,167,719,6546,817,112,112
msg,0,168,690,31759,850,112,112
msg,0,169,712,6097,846,112,112
msg,0,170,712,5376,851,112,112
msg,0,171,708,5687,819,112,112
msg,0,172,677,5900,852,112,112
msg,0,173,710,7049,844,112,112
msg,0,174,711,6239,850,112,112
msg,0,175,710,7141,842,112,112
msg,0,176,712,6303,1018,112,112
msg,0,177,721,28270,844,112,112
msg,0,178,703,7424,851,112,112
msg,0,179,789,6138,845,112,112
msg,0,180,681,6590,840,112,112
msg,0,181,708,5458,841,112,112
msg,0,182,718,5630,851,112,112
msg,0,183,686,6257,822,112,112
msg,0,184,674,5439,842,112,112
msg,0,185,670,5621,857,112,112
msg,0,186,712,5848,843,112,112
msg,0,187,681,31302,843,112,112
msg,0,188,691,6391,844,112,112
msg,0,189,723,5410,842,112,112
msg,0,190,713,5388,852,112,112
msg,0,191,716,6868,840,112,112
msg,0,192,713,9603,856,112,112
msg,0,193,706,5919,841,112,112
msg,0,194,715,8504,844,112,112
msg,0,195,706,5642,821,112,112
msg,0,196,676,5443,834,112,112
msg,0,197,705,32375,840,112,112
msg,0,198,713,8612,846,112,112
msg,0,199,718,7724,837,112,112
whole,0,7789.575,10545.643,200
1,4.5550,7673.8380,90.3560,7768.7490,4207,4285,45,5016,4,14,5,20,117724,66472.0,70180.0,4515957.0,2919553.0,2,2,2,1
msg,1,0,850,5691,853,112,112
msg,1,1,715,8367,846,112,112
msg,1,2,709,7624,850,112,112
msg,1,3,709,5835,851,112,112
msg,1,4,707,6037,847,112,112
msg,1,5,717,29738,817,112,112
msg,1,6,677,6657,851,112,112
msg,1,7,712,6250,846,112,112
msg,1,8,717,6780,817,112,112
msg,1,9,683,5475,840,112,112
msg,1,10,718,5434,846,112,112
msg,1,11,712,5727,821,112,112
msg,1,12,684,5464,835,112,112
msg,1,13,722,6082,821,112,112
msg,1,14,681,5730,847,112,112
msg,1,15,720,27707,820,112,112
msg,1,16,682,8774,849,112,112
msg,1,17,711,7228,852,112,112
msg,1,18,711,6408,852,112,112
msg,1,19,707,5967,836,112,112
msg,1,20,711,6144,843,112,112
msg,1,21,712,5467,841,112,112
msg,1,22,711,8102,843,112,112
msg,1,23,709,6634,842,112,112
msg,1,24,710,5494,821,112,112
msg,1,25,885,32123,843,112,112
msg,1,26,676,6940,848,112,112
msg,1,27,823,5463,847,112,112
msg,1,28,685,5576,844,112,112
msg,1,29,718,5779,820,112,112
msg,1,30,681,5533,844,112,112
msg,1,31,711,5857,849,112,112
msg,1,32,676,5816,849,112,112
msg,1,33,715,12337,840,112,112
msg,1,34,725,32400,846,112,112
msg,1,35,704,5996,847,112,112
msg,1,36,718,5652,845,112,112
msg,1,37,680,5889,850,112,112
msg,1,38,716,5706,818,112,112
msg,1,39,678,5396,839,112,112
msg,1,40,706,5365,957,112,112
msg,1,41,718,7137,842,112,112
msg,1,42,706,5771,844,112,112
msg,1,43,681,5471,823,112,112
msg,1,44,680,25875,855,112,112
msg,1,45,714,6142,855,112,112
msg,1,46,825,7855,842,112,112
msg,1,47,712,7003,843,112,112
msg,1,48,676,7402,840,112,112
msg,1,49,717,5750,851,112,112
msg,1,50,716,5571,837,112,112
msg,1,51,678,6562,849,112,112
msg,1,52,707,5519,848,112,112
msg,1,53,721,5946,845,112,112
msg,1,54,710,26184,849,112,112
msg,1,55,711,5843,822,112,112
msg,1,56,687,6303,817,112,112
msg,1,57,688,5475,846,112,112
msg,1,58,713,5533,853,112,112
msg,1,59,708,5933,841,112,112
msg,1,60,712,5805,959,112,112
msg,1,61,678,5656,844,112,112
msg,1,62,720,6213,839,112,112
msg,1,63,707,5832,814,112,112
msg,1,64,677,29318,818,112,112
msg,1,65,679,7428,842,112,112
msg,1,66,687,9613,848,112,112
msg,1,67,715,5469,849,112,112
msg,1,68,710,5456,819,112,112
msg,1,69,678,6116,847,112,112
msg,1,70,713,5445,815,112,112
msg,1,71,672,5515,844,112,112
msg,1,72,713,6831,1010,112,112
msg,1,73,680,6469,852,112,112
msg,1,74,714,27598,853,112,112
msg,1,75,718,6647,822,112,112
msg,1,76,680,5502,845,112,112
msg,1,77,707,5785,845,112,112
msg,1,78,709,5682,840,112,112
msg,1,79,707,5392,847,112,112
msg,1,80,715,5354,961,112,112
msg,1,81,711,5631,818,112,112
msg,1,82,680,6709,850,112,112
msg,1,83,889,6261,850,112,112
msg,1,84,714,28869,843,112,112
msg,1,85,713,15027,842,112,112
msg,1,86,675,5676,846,112,112
msg,1,87,707,7114,840,112,112
msg,1,88,710,5838,820,112,112
msg,1,89,683,5769,851,112,112
msg,1,90,714,5983,839,112,112
msg,1,91,712,6347,840,112,112
msg,1,92,707,5648,845,112,112
msg,1,93,713,28721,920,112,112
msg,1,94,714,7638,851,112,112
msg,1,95,717,5822,843,112,112
msg,1,96,707,5435,846,112,112
msg,1,97,708,7155,844,112,112
msg,1,98,711,6941,840,112,112
msg,1,99,716,6027,818,112,112
msg,1,100,674,5690,846,112,112
msg,1,101,715,5499,846,112,112
msg,1,102,713,5440,850,112,112
msg,1,103,680,28605,843,112,112
msg,1,104,705,7857,852,112,112
msg,1,105,680,5923,842,112,112
msg,1,106,710,5410,845,112,112
msg,1,107,705,5450,846,112,112
msg,1,108,683,7688,842,112,112
msg,1,109,707,6209,840,112,112
msg,1,110,713,5380,964,112,112
msg,1,111,833,5660,845,112,112
msg,1,112,716,5822,853,112,112
msg,1,113,711,28639,836,112,112
msg,1,114,676,9004,845,112,112
msg,1,115,673,8187,850,112,112
msg,1,116,716,7570,847,112,112
msg,1,117,689,7136,822,112,112
msg,1,118,669,5864,847,112,112
msg,1,119,718,5711,997,112,112
msg,1,120,730,6761,850,112,112
msg,1,121,709,6477,821,112,112
msg,1,122,691,5711,851,112,112
msg,1,123,713,22567,846,112,112
msg,1,124,678,6848,852,112,112
msg,1,125,721,5693,845,112,112
msg,1,126,677,5709,841,112,112
msg,1,127,711,5803,817,112,112
msg,1,128,682,5480,843,112,112
msg,1,129,716,5945,848,112,112
msg,1,130,683,6317,820,112,112
msg,1,131,683,6052,849,112,112
msg,1,132,707,9784,845,112,112
msg,1,133,719,35968,924,112,112
msg,1,134,685,5804,848,112,112
msg,1,135,716,5493,845,112,112
msg,1,136,671,5563,842,112,112
msg,1,137,709,5600,847,112,112
msg,1,138,709,6226,852,112,112
msg,1,139,715,5610,822,112,112
msg,1,140,675,6588,839,112,112
msg,1,141,717,5451,843,112,112
msg,1,142,710,5991,845,112,112
msg,1,143,712,30865,849,112,112
msg,1,144,679,5413,825,112,112
msg,1,145,683,5815,850,112,112
msg,1,146,716,5928,844,112,112
msg,1,147,718,8198,843,112,112
msg,1,148,726,6295,841,112,112
msg,1,149,708,5874,816,112,112
msg,1,150,677,5685,846,112,112
msg,1,151,708,5470,844,112,112
msg,1,152,715,28448,840,112,112
msg,1,153,725,7674,843,112,112
msg,1,154,717,9479,850,112,112
msg,1,155,713,5852,842,112,112
msg,1,156,673,5962,849,112,112
msg,1,157,714,5719,841,112,112
msg,1,158,823,7644,846,112,112
msg,1,159,702,7202,849,112,112
msg,1,160,709,5869,845,112,112
msg,1,161,720,5488,848,112,112
msg,1,162,703,26060,941,112,112
msg,1,163,722,6079,842,112,112
msg,1,164,710,8177,841,112,112
msg,1,165,705,5679,848,112,112
msg,1,166,710,8619,846,112,112
msg,1,167,711,5424,1409,112,112
msg,1,168,688,6124,845,112,112
msg,1,169,681,7191,849,112,112
msg,1,170,709,5690,838,112,112
msg,1,171,720,5349,841,112,112
msg,1,172,707,32041,846,112,112
msg,1,173,676,9487,843,112,112
msg,1,174,714,5820,821,112,112
msg,1,175,676,11351,822,112,112
msg,1,176,675,6538,839,112,112
msg,1,177,729,5566,842,112,112
msg,1,178,711,5487,850,112,112
msg,1,179,676,5825,843,112,112
msg,1,180,714,28464,850,112,112
msg,1,181,719,8149,851,112,112
msg,1,182,720,6361,852,112,112
msg,1,183,689,5856,845,112,112
msg,1,184,712,6280,847,112,112
msg,1,185,720,6170,847,112,112
msg,1,186,719,6355,854,112,112
msg,1,187,716,5405,848,112,112
msg,1,188,692,7134,849,112,112
msg,1,189,720,6254,845,112,112
msg,1,190,711,28900,842,112,112
msg,1,191,704,5844,819,112,112
msg,1,192,681,5494,842,112,112
msg,1,193,721,6873,846,112,112
msg,1,194,679,5880,849,112,112
msg,1,195,712,5675,820,112,112
msg,1,196,686,5656,838,112,112
msg,1,197,722,6335,851,112,112
msg,1,198,714,6552,844,112,112
msg,1,199,708,6556,851,112,112
whole,1,7786.759,9869.232,200
2,4.7070,7700.5760,95.2140,7800.4970,4207,4285,45,5016,4,14,5,20,117724,66352.0,70396.0,4523340.0,2919825.0,2,2,2,1
msg,2,0,852,7042,822,112,112
msg,2,1,679,5849,851,112,112
msg,2,2,710,5797,845,112,112
msg,2,3,712,6716,842,112,112
msg,2,4,711,7222,850,112,112
msg,2,5,719,28171,850,112,112
msg,2,6,709,8645,822,112,112
msg,2,7,681,6060,842,112,112
msg,2,8,710,5647,844,112,112
msg,2,9,824,5635,847,112,112
msg,2,10,705,5357,848,112,112
msg,2,11,680,6394,971,112,112
msg,2,12,684,5486,845,112,112
msg,2,13,713,5897,819,112,112
msg,2,14,676,6100,847,112,112
msg,2,15,675,31198,845,112,112
msg,2,16,712,5567,838,112,112
msg,2,17,685,6549,848,112,112
msg,2,18,717,5390,959,112,112
msg,2,19,710,5441,843,112,112
msg,2,20,684,5542,840,112,112
msg,2,21,710,5739,849,112,112
msg,2,22,711,5768,836,112,112
msg,2,23,716,6576,854,112,112
msg,2,24,719,8462,847,112,112
msg,2,25,678,29761,843,112,112
msg,2,26,818,9186,845,112,112
msg,2,27,705,6310,845,112,112
msg,2,28,711,6516,848,112,112
msg,2,29,719,7136,847,112,112
msg,2,30,712,5414,844,112,112
msg,2,31,685,7196,858,112,112
msg,2,32,712,6047,852,112,112
msg,2,33,705,8844,841,112,112
msg,2,34,712,31009,821,112,112
msg,2,35,683,7095,845,112,112
msg,2,36,709,6328,847,112,112
msg,2,37,671,6624,837,112,112
msg,2,38,709,7663,855,112,112
msg,2,39,717,5633,848,112,112
msg,2,40,679,6427,840,112,112
msg,2,41,719,7016,841,112,112
msg,2,42,678,5636,849,112,112
msg,2,43,716,29524,848,112,112
msg,2,44,712,9011,851,112,112
msg,2,45,712,9277,852,112,112
msg,2,46,712,5759,816,112,112
msg,2,47,683,7659,837,112,112
msg,2,48,717,5591,849,112,112
msg,2,49,679,5391,817,112,112
msg,2,50,676,6640,843,112,112
msg,2,51,707,5701,843,112,112
msg,2,52,682,5316,851,112,112
msg,2,53,691,31393,817,112,112
msg,2,54,673,5717,838,112,112
msg,2,55,707,5535,843,112,112
msg,2,56,718,5691,839,112,112
msg,2,57,710,7292,839,112,112
msg,2,58,710,5467,846,112,112
msg,2,59,715,5374,852,112,112
msg,2,60,711,8052,843,112,112
msg,2,61,710,5623,846,112,112
msg,2,62,679,5403,821,112,112
msg,2,63,680,33133,847,112,112
msg,2,64,683,7244,842,112,112
msg,2,65,678,5500,839,112,112
msg,2,66,674,5517,974,112,112
msg,2,67,711,5784,819,112,112
msg,2,68,676,5767,842,112,112
msg,2,69,711,5348,852,112,112
msg,2,70,717,5976,848,112,112
msg,2,71,713,5364,850,112,112
msg,2,72,714,42897,844,112,112
msg,2,73,715,6295,843,112,112
msg,2,74,709,6148,847,112,112
msg,2,75,714,7547,1429,112,112
msg,2,76,687,6037,845,112,112
msg,2,77,677,5718,844,112,112
msg,2,78,713,6358,851,112,112
msg,2,79,711,5722,820,112,112
msg,2,80,674,5746,843,112,112
msg,2,81,822,24494,847,112,112
msg,2,82,705,6073,849,112,112
msg,2,83,716,5773,840,112,112
msg,2,84,712,5519,849,112,112
msg,2,85,718,5866,846,112,112
msg,2,86,678,6287,845,112,112
msg,2,87,710,6469,934,112,112
msg,2,88,710,5417,846,112,112
msg,2,89,714,5724,844,112,112
msg,2,90,714,5361,834,112,112
msg,2,91,714,24102,838,112,112
msg,2,92,686,8142,816,112,112
msg,2,93,682,5663,839,112,112
msg,2,94,707,5838,816,112,112
msg,2,95,692,8010,845,112,112
msg,2,96,705,5740,844,112,112
msg,2,97,709,5424,852,112,112
msg,2,98,714,5626,848,112,112
msg,2,99,674,8608,842,112,112
msg,2,100,706,6001,824,112,112
msg,2,101,676,5907,845,112,112
msg,2,102,712,23085,847,112,112
msg,2,103,710,7601,847,112,112
msg,2,104,678,9295,846,112,112
msg,2,105,675,8049,848,112,112
msg,2,106,713,6811,1241,112,112
msg,2,107,738,8424,848,112,112
msg,2,108,678,5813,851,112,112
msg,2,109,708,8420,852,112,112
msg,2,110,713,7537,819,112,112
msg,2,111,680,34314,820,112,112
msg,2,112,684,6469,841,112,112
msg,2,113,708,5590,850,112,112
msg,2,114,723,5468,848,112,112
msg,2,115,679,5485,820,112,112
msg,2,116,818,5422,844,112,112
msg,2,117,722,6137,844,112,112
msg,2,118,712,6166,847,112,112
msg,2,119,713,5703,846,112,112
msg,2,120,705,32710,819,112,112
msg,2,121,680,5696,844,112,112
msg,2,122,711,7533,841,112,112
msg,2,123,678,10253,851,112,112
msg,2,124,679,6081,849,112,112
msg,2,125,714,5492,819,112,112
msg,2,126,679,5468,838,112,112
msg,2,127,706,5441,847,112,112
msg,2,128,725,5521,847,112,112
msg,2,129,702,31622,819,112,112
msg,2,130,681,6949,853,112,112
msg,2,131,710,5798,969,112,112
msg,2,132,713,5416,848,112,112
msg,2,133,709,5506,846,112,112
msg,2,134,673,6210,851,112,112
msg,2,135,685,5571,843,112,112
msg,2,136,707,5971,839,112,112
msg,2,137,673,6382,819,112,112
msg,2,138,689,5741,843,112,112
msg,2,139,722,5730,819,112,112
msg,2,140,674,24846,847,112,112
msg,2,141,719,6498,847,112,112
msg,2,142,687,7989,842,112,112
msg,2,143,717,6677,817,112,112
msg,2,144,686,5778,846,112,112
msg,2,145,721,5508,847,112,112
msg,2,146,704,5393,820,112,112
msg,2,147,682,5475,841,112,112
msg,2,148,709,7452,841,112,112
msg,2,149,707,5536,851,112,112
msg,2,150,706,28908,844,112,112
msg,2,151,713,5764,838,112,112
msg,2,152,810,5713,850,112,112
msg,2,153,715,6301,849,112,112
msg,2,154,708,5786,843,112,112
msg,2,155,679,5573,844,112,112
msg,2,156,710,5923,842,112,112
msg,2,157,691,5632,843,112,112
msg,2,158,718,6217,855,112,112
msg,2,159,709,6314,849,112,112
msg,2,160,710,28737,817,112,112
msg,2,161,680,6766,986,112,112
msg,2,162,713,5605,821,112,112
msg,2,163,678,5704,852,112,112
msg,2,164,715,5718,818,112,112
msg,2,165,675,6237,820,112,112
msg,2,166,680,5397,840,112,112
msg,2,167,679,7747,851,112,112
msg,2,168,712,11318,960,112,112
msg,2,169,704,30656,844,112,112
msg,2,170,714,7786,847,112,112
msg,2,171,705,6685,856,112,112
msg,2,172,733,10242,840,112,112
msg,2,173,711,5817,850,112,112
msg,2,174,678,6043,844,112,112
msg,2,175,711,5675,820,112,112
msg,2,176,681,7273,819,112,112
msg,2,177,683,6015,845,112,112
msg,2,178,676,5753,839,112,112
msg,2,179,713,30624,850,112,112
msg,2,180,720,7088,845,112,112
msg,2,181,712,5536,848,112,112
msg,2,182,792,6383,839,112,112
msg,2,183,677,5564,840,112,112
msg,2,184,709,5620,845,112,112
msg,2,185,702,5583,841,112,112
msg,2,186,708,7280,841,112,112
msg,2,187,715,6901,845,112,112
msg,2,188,677,33720,836,112,112
msg,2,189,712,9201,838,112,112
msg,2,190,707,7999,814,112,112
msg,2,191,679,5662,847,112,112
msg,2,192,722,7272,932,112,112
msg,2,193,706,5521,849,112,112
msg,2,194,679,5683,843,112,112
msg,2,195,715,5746,846,112,112
msg,2,196,683,5374,820,112,112
msg,2,197,682,32865,853,112,112
msg,2,198,710,5957,846,112,112
msg,2,199,714,6513,847,112,112
whole,2,7817.978,9950.330,200
#heap 26787
#stack 53320
#end
#block pipeline mTLS lorawan11 down
#aead LoRaWAN-1.1 AES-128-CTR+2xCMAC (BearSSL (arduino-pico)), downlink, 51 B payload + 13 B overhead
#lib wolfSSL 5.9.4
iter,tcp_ms,tls_ms,mqtt_ms,total_ms,hs_tx_B,hs_rx_B,mqtt_tx_B,mqtt_rx_B,hs_writes,hs_reads,writes,reads,free_heap_B,hs_keygen_us,hs_derive_us,hs_verify_us,hs_sign_us,hs_keygen_n,hs_derive_n,hs_verify_n,hs_sign_n
msg,iter,idx,seal_us,rtt_us,open_us,tx_B,rx_B
whole,iter,first_ms,all_ms,msgs
#suite TLS13-AES256-GCM-SHA384
0,4.5470,7702.3990,128.0090,7834.9550,4207,4285,45,5016,4,14,5,20,117724,66277.0,70407.0,4517811.0,2920261.0,2,2,2,1
msg,0,0,569,5593,584,112,112
msg,0,1,414,6545,561,112,112
msg,0,2,419,11646,553,112,112
msg,0,3,458,10207,592,112,112
msg,0,4,427,7874,591,112,112
msg,0,5,417,26151,560,112,112
msg,0,6,456,6278,589,112,112
msg,0,7,419,6084,589,112,112
msg,0,8,455,5517,591,112,112
msg,0,9,425,5909,587,112,112
msg,0,10,447,7275,675,112,112
msg,0,11,413,5938,579,112,112
msg,0,12,418,9244,560,112,112
msg,0,13,458,6492,593,112,112
msg,0,14,452,5876,588,112,112
msg,0,15,451,31883,582,112,112
msg,0,16,455,6164,555,112,112
msg,0,17,420,8522,563,112,112
msg,0,18,450,6424,591,112,112
msg,0,19,449,5781,583,112,112
msg,0,20,451,5418,585,112,112
msg,0,21,415,5995,587,112,112
msg,0,22,425,6345,559,112,112
msg,0,23,541,9496,555,112,112
msg,0,24,460,5616,588,112,112
msg,0,25,461,28321,579,112,112
msg,0,26,419,6342,557,112,112
msg,0,27,447,6793,560,112,112
msg,0,28,464,5595,588,112,112
msg,0,29,456,5915,562,112,112
msg,0,30,454,6153,585,112,112
msg,0,31,414,5515,557,112,112
msg,0,32,424,5915,557,112,112
msg,0,33,414,5737,560,112,112
msg,0,34,414,5966,578,112,112
msg,0,35,413,8375,553,112,112
msg,0,36,462,26074,561,112,112
msg,0,37,414,6536,559,112,112
msg,0,38,450,6191,582,112,112
msg,0,39,412,5579,560,112,112
msg,0,40,418,5750,557,112,112
msg,0,41,419,6050,593,112,112
msg,0,42,423,6041,590,112,112
msg,0,43,457,6566,587,112,112
msg,0,44,420,8191,560,112,112
msg,0,45,448,6158,582,112,112
msg,0,46,420,5666,559,112,112
msg,0,47,424,32493,558,112,112
msg,0,48,467,10299,590,112,112
msg,0,49,422,6161,583,112,112
msg,0,50,451,5607,594,112,112
msg,0,51,446,7172,561,112,112
msg,0,52,423,6225,677,112,112
msg,0,53,447,6332,558,112,112
msg,0,54,433,6219,596,112,112
msg,0,55,451,6591,589,112,112
msg,0,56,414,31038,585,112,112
msg,0,57,457,6092,557,112,112
msg,0,58,423,6481,584,112,112
msg,0,59,457,6450,582,112,112
msg,0,60,416,6653,582,112,112
msg,0,61,413,8920,586,112,112
msg,0,62,417,8759,583,112,112
msg,0,63,427,7822,593,112,112
msg,0,64,419,7333,555,112,112
msg,0,65,418,27956,557,112,112
msg,0,66,416,8681,557,112,112
msg,0,67,416,6183,586,112,112
msg,0,68,419,6533,560,112,112
msg,0,69,421,6486,557,112,112
msg,0,70,449,8109,577,112,112
msg,0,71,423,5908,595,112,112
msg,0,72,433,8148,598,112,112
msg,0,73,447,6692,576,112,112
msg,0,74,455,5551,587,112,112
msg,0,75,417,28272,553,112,112
msg,0,76,421,9128,584,112,112
msg,0,77,422,5541,560,112,112
msg,0,78,1068,7543,588,112,112
msg,0,79,418,6141,560,112,112
msg,0,80,455,5593,579,112,112
msg,0,81,448,7606,587,112,112
msg,0,82,450,6225,562,112,112
msg,0,83,416,7041,586,112,112
msg,0,84,418,6606,561,112,112
msg,0,85,422,27104,586,112,112
msg,0,86,418,9969,587,112,112
msg,0,87,466,9655,579,112,112
msg,0,88,414,11200,559,112,112
msg,0,89,469,8258,596,112,112
msg,0,90,420,6289,558,112,112
msg,0,91,453,6609,590,112,112
msg,0,92,450,6385,587,112,112
msg,0,93,432,33603,560,112,112
msg,0,94,419,9142,588,112,112
msg,0,95,449,7212,561,112,112
msg,0,96,542,10745,560,112,112
msg,0,97,419,6802,557,112,112
msg,0,98,524,6478,557,112,112
msg,0,99,450,6517,586,112,112
msg,0,100,455,7969,1053,112,112
msg,0,101,417,7978,591,112,112
msg,0,102,453,28110,561,112,112
msg,0,103,451,8131,558,112,112
msg,0,104,421,5959,575,112,112
msg,0,105,422,6981,591,112,112
msg,0,106,454,6806,585,112,112
msg,0,107,460,5935,560,112,112
msg,0,108,447,6274,590,112,112
msg,0,109,418,6716,590,112,112
msg,0,110,428,6156,586,112,112
msg,0,111,460,6432,594,112,112
msg,0,112,415,34511,558,112,112
msg,0,113,422,7229,586,112,112
msg,0,114,566,6777,585,112,112
msg,0,115,449,8570,587,112,112
msg,0,116,450,5897,585,112,112
msg,0,117,449,6358,585,112,112
msg,0,118,423,7627,560,112,112
msg,0,119,423,6722,557,112,112
msg,0,120,423,6482,587,112,112
msg,0,121,471,5917,562,112,112
msg,0,122,465,25943,558,112,112
msg,0,123,416,6409,590,112,112
msg,0,124,454,7208,560,112,112
msg,0,125,414,5777,562,112,112
msg,0,126,433,5954,585,112,112
msg,0,127,421,6854,587,112,112
msg,0,128,452,6056,561,112,112
msg,0,129,451,6417,586,112,112
msg,0,130,426,8008,591,112,112
msg,0,131,571,5851,562,112,112
msg,0,132,417,30228,588,112,112
msg,0,133,422,6898,586,112,112
msg,0,134,429,9570,585,112,112
msg,0,135,419,8487,558,112,112
msg,0,136,422,8831,555,112,112
msg,0,137,417,7010,686,112,112
msg,0,138,432,5898,598,112,112
msg,0,139,451,6721,591,112,112
msg,0,140,416,5605,589,112,112
msg,0,141,422,33654,558,112,112
msg,0,142,418,6426,557,112,112
msg,0,143,453,7910,559,112,112
msg,0,144,418,6251,588,112,112
msg,0,145,419,6436,560,112,112
msg,0,146,422,7141,584,112,112
msg,0,147,414,6998,587,112,112
msg,0,148,449,6069,557,112,112
msg,0,149,417,7445,587,112,112
msg,0,150,452,5975,562,112,112
msg,0,151,457,29898,557,112,112
msg,0,152,415,7075,588,112,112
msg,0,153,413,6906,587,112,112
msg,0,154,420,7476,560,112,112
msg,0,155,419,7242,591,112,112
msg,0,156,462,6026,558,112,112
msg,0,157,457,5992,560,112,112
msg,0,158,421,6742,558,112,112
msg,0,159,422,5667,557,112,112
msg,0,160,456,5742,567,112,112
msg,0,161,454,28937,561,112,112
msg,0,162,423,8463,588,112,112
msg,0,163,450,7025,559,112,112
msg,0,164,419,6172,581,112,112
msg,0,165,416,6102,589,112,112
msg,0,166,475,6082,561,112,112
msg,0,167,418,6044,590,112,112
msg,0,168,419,6066,593,112,112
msg,0,169,454,6027,557,112,112
msg,0,170,463,7513,588,112,112
msg,0,171,453,22851,588,112,112
msg,0,172,463,6814,560,112,112
msg,0,173,451,8821,559,112,112
msg,0,174,576,7280,592,112,112
msg,0,175,421,5665,589,112,112
msg,0,176,416,6065,582,112,112
msg,0,177,452,6019,560,112,112
msg,0,178,420,7235,585,112,112
msg,0,179,415,10562,581,112,112
msg,0,180,423,7633,558,112,112
msg,0,181,430,32015,581,112,112
msg,0,182,426,6499,557,112,112
msg,0,183,417,7670,563,112,112
msg,0,184,454,7111,559,112,112
msg,0,185,427,5798,558,112,112
msg,0,186,531,5802,598,112,112
msg,0,187,415,6246,559,112,112
msg,0,188,460,6389,588,112,112
msg,0,189,420,7263,560,112,112
msg,0,190,456,6090,580,112,112
msg,0,191,417,26244,584,112,112
msg,0,192,456,8214,558,112,112
msg,0,193,419,5315,579,112,112
msg,0,194,452,6122,559,112,112
msg,0,195,418,5938,577,112,112
msg,0,196,418,5871,587,112,112
msg,0,197,419,6271,557,112,112
msg,0,198,468,6865,561,112,112
msg,0,199,449,7068,558,112,112
whole,0,7849.290,9922.647,200
1,5.3710,7708.8320,121.5850,7835.7880,4207,4285,45,5016,4,14,5,20,117724,66154.0,70584.0,4519174.0,2921314.0,2,2,2,1
msg,1,0,601,6824,563,112,112
msg,1,1,419,5914,561,112,112
msg,1,2,420,6260,580,112,112
msg,1,3,450,5735,587,112,112
msg,1,4,450,6139,559,112,112
msg,1,5,423,5291,585,112,112
msg,1,6,450,37133,564,112,112
msg,1,7,472,10999,559,112,112
msg,1,8,416,7983,595,112,112
msg,1,9,409,5609,558,112,112
msg,1,10,417,5556,560,112,112
msg,1,11,453,5789,559,112,112
msg,1,12,456,5852,563,112,112
msg,1,13,416,5919,561,112,112
msg,1,14,423,5810,559,112,112
msg,1,15,422,31054,584,112,112
msg,1,16,426,5814,593,112,112
msg,1,17,425,7739,586,112,112
msg,1,18,436,5828,584,112,112
msg,1,19,414,6567,582,112,112
msg,1,20,425,5813,587,112,112
msg,1,21,429,6320,560,112,112
msg,1,22,460,6105,582,112,112
msg,1,23,420,7852,678,112,112
msg,1,24,428,5564,560,112,112
msg,1,25,431,5471,555,112,112
msg,1,26,454,29681,584,112,112
msg,1,27,459,5708,585,112,112
msg,1,28,458,6219,562,112,112
msg,1,29,430,6262,587,112,112
msg,1,30,457,5400,584,112,112
msg,1,31,426,5851,589,112,112
msg,1,32,441,5645,586,112,112
msg,1,33,421,6340,557,112,112
msg,1,34,419,5891,558,112,112
msg,1,35,418,6371,583,112,112
msg,1,36,460,33140,563,112,112
msg,1,37,422,5969,582,112,112
msg,1,38,420,5604,557,112,112
msg,1,39,422,5538,560,112,112
msg,1,40,462,5586,587,112,112
msg,1,41,449,19053,558,112,112
msg,1,42,454,6066,584,112,112
msg,1,43,419,5978,586,112,112
msg,1,44,415,6084,577,112,112
msg,1,45,451,51068,559,112,112
msg,1,46,422,7410,582,112,112
msg,1,47,454,5860,587,112,112
msg,1,48,450,6932,560,112,112
msg,1,49,454,7264,588,112,112
msg,1,50,432,6919,588,112,112
msg,1,51,454,5801,591,112,112
msg,1,52,457,19653,591,112,112
msg,1,53,454,10619,585,112,112
msg,1,54,416,6428,562,112,112
msg,1,55,421,6648,556,112,112
msg,1,56,448,5709,556,112,112
msg,1,57,453,6192,590,112,112
msg,1,58,420,5908,584,112,112
msg,1,59,421,7152,558,112,112
msg,1,60,453,6367,591,112,112
msg,1,61,417,6625,580,112,112
msg,1,62,419,5565,558,112,112
msg,1,63,417,5741,559,112,112
msg,1,64,420,26553,589,112,112
msg,1,65,461,5712,584,112,112
msg,1,66,450,6057,557,112,112
msg,1,67,419,7648,559,112,112
msg,1,68,452,7163,583,112,112
msg,1,69,416,6252,587,112,112
msg,1,70,453,6478,588,112,112
msg,1,71,418,5632,590,112,112
msg,1,72,420,6569,563,112,112
msg,1,73,414,7156,725,112,112
msg,1,74,458,28544,586,112,112
msg,1,75,429,7989,587,112,112
msg,1,76,470,6169,560,112,112
msg,1,77,418,6777,558,112,112
msg,1,78,417,6279,587,112,112
msg,1,79,450,5766,589,112,112
msg,1,80,452,5676,588,112,112
msg,1,81,418,5926,584,112,112
msg,1,82,449,5958,560,112,112
msg,1,83,447,5974,558,112,112
msg,1,84,419,5654,559,112,112
msg,1,85,453,25517,585,112,112
msg,1,86,458,8791,584,112,112
msg,1,87,457,6139,559,112,112
msg,1,88,423,6100,585,112,112
msg,1,89,422,6013,586,112,112
msg,1,90,453,5633,592,112,112
msg,1,91,455,5811,587,112,112
msg,1,92,448,5984,556,112,112
msg,1,93,459,6129,561,112,112
msg,1,94,426,5610,557,112,112
msg,1,95,596,5435,561,112,112
msg,1,96,454,30206,587,112,112
msg,1,97,416,9934,583,112,112
msg,1,98,416,5674,576,112,112
msg,1,99,415,7890,583,112,112
msg,1,100,421,6577,565,112,112
msg,1,101,419,5741,558,112,112
msg,1,102,430,6429,561,112,112
msg,1,103,451,5564,586,112,112
msg,1,104,461,8192,565,112,112
msg,1,105,431,6361,578,112,112
msg,1,106,451,25434,592,112,112
msg,1,107,432,6746,589,112,112
msg,1,108,430,6092,584,112,112
msg,1,109,451,6267,581,112,112
msg,1,110,420,5857,592,112,112
msg,1,111,423,7287,557,112,112
msg,1,112,449,5605,588,112,112
msg,1,113,452,7234,564,112,112
msg,1,114,432,7443,560,112,112
msg,1,115,463,5501,592,112,112
msg,1,116,451,29170,559,112,112
msg,1,117,589,6013,583,112,112
msg,1,118,425,5540,560,112,112
msg,1,119,417,8053,586,112,112
msg,1,120,413,6276,560,112,112
msg,1,121,466,5715,555,112,112
msg,1,122,461,6109,560,112,112
msg,1,123,431,9245,581,112,112
msg,1,124,456,6748,587,112,112
msg,1,125,454,5957,554,112,112
msg,1,126,455,5330,585,112,112
msg,1,127,415,33088,584,112,112
msg,1,128,464,6278,586,112,112
msg,1,129,418,5867,583,112,112
msg,1,130,416,6103,590,112,112
msg,1,131,449,7411,587,112,112
msg,1,132,417,5627,561,112,112
msg,1,133,422,5524,551,112,112
msg,1,134,454,10152,583,112,112
msg,1,135,416,5637,558,112,112
msg,1,136,418,32906,561,112,112
msg,1,137,424,5862,584,112,112
msg,1,138,415,5842,590,112,112
msg,1,139,419,5935,586,112,112
msg,1,140,451,5815,691,112,112
msg,1,141,456,6274,588,112,112
msg,1,142,418,6376,560,112,112
msg,1,143,452,6690,583,112,112
msg,1,144,620,7817,556,112,112
msg,1,145,415,6358,585,112,112
msg,1,146,448,33085,558,112,112
msg,1,147,453,6033,563,112,112
msg,1,148,418,5692,555,112,112
msg,1,149,417,5696,555,112,112
msg,1,150,448,5914,560,112,112
msg,1,151,417,5587,560,112,112
msg,1,152,447,5556,587,112,112
msg,1,153,455,5987,693,112,112
msg,1,154,422,7699,559,112,112
msg,1,155,427,5834,558,112,112
msg,1,156,427,5703,562,112,112
msg,1,157,420,28120,583,112,112
msg,1,158,419,5878,700,112,112
msg,1,159,416,9238,560,112,112
msg,1,160,423,5861,559,112,112
msg,1,161,432,5973,586,112,112
msg,1,162,416,6240,588,112,112
msg,1,163,456,5703,590,112,112
msg,1,164,623,5563,583,112,112
msg,1,165,454,5619,588,112,112
msg,1,166,450,6375,562,112,112
msg,1,167,419,28318,589,112,112
msg,1,168,468,9172,557,112,112
msg,1,169,418,6460,559,112,112
msg,1,170,448,5557,591,112,112
msg,1,171,463,5540,587,112,112
msg,1,172,417,6539,560,112,112
msg,1,173,423,5905,586,112,112
msg,1,174,414,6126,585,112,112
msg,1,175,451,8547,589,112,112
msg,1,176,418,5679,593,112,112
msg,1,177,427,6142,587,112,112
msg,1,178,449,32284,581,112,112
msg,1,179,414,5964,589,112,112
msg,1,180,416,5696,591,112,112
msg,1,181,416,5642,559,112,112
msg,1,182,429,5599,559,112,112
msg,1,183,419,5595,557,112,112
msg,1,184,458,6407,591,112,112
msg,1,185,414,5912,591,112,112
msg,1,186,455,5495,600,112,112
msg,1,187,415,6021,589,112,112
msg,1,188,454,27538,590,112,112
msg,1,189,520,8261,565,112,112
msg,1,190,414,6739,560,112,112
msg,1,191,452,5816,561,112,112
msg,1,192,410,5543,590,112,112
msg,1,193,449,5747,588,112,112
msg,1,194,469,5669,585,112,112
msg,1,195,458,5919,559,112,112
msg,1,196,447,5820,560,112,112
msg,1,197,449,5764,558,112,112
msg,1,198,458,5650,557,112,112
msg,1,199,459,31739,584,112,112
whole,1,7850.666,9865.796,200
2,5.3690,7702.0470,87.4260,7794.8420,4207,4285,45,5016,4,14,5,20,117724,66786.0,70236.0,4516195.0,2932163.0,2,2,2,1
msg,2,0,570,6489,559,112,112
msg,2,1,459,5577,590,112,112
msg,2,2,469,5420,593,112,112
msg,2,3,434,7935,583,112,112
msg,2,4,461,5584,593,112,112
msg,2,5,414,6434,552,112,112
msg,2,6,420,36729,564,112,112
msg,2,7,455,8799,558,112,112
msg,2,8,456,6546,584,112,112
msg,2,9,450,5905,557,112,112
msg,2,10,449,6095,556,112,112
msg,2,11,415,5806,579,112,112
msg,2,12,423,5614,558,112,112
msg,2,13,572,7471,557,112,112
msg,2,14,461,5566,576,112,112
msg,2,15,450,28341,585,112,112
msg,2,16,428,8356,561,112,112
msg,2,17,457,5536,588,112,112
msg,2,18,445,5515,591,112,112
msg,2,19,422,5923,585,112,112
msg,2,20,418,6178,559,112,112
msg,2,21,470,5893,560,112,112
msg,2,22,421,5491,578,112,112
msg,2,23,453,5615,587,112,112
msg,2,24,451,5899,587,112,112
msg,2,25,446,5626,592,112,112
msg,2,26,455,28306,563,112,112
msg,2,27,423,20350,586,112,112
msg,2,28,450,6171,560,112,112
msg,2,29,421,5834,560,112,112
msg,2,30,424,6877,584,112,112
msg,2,31,421,6048,591,112,112
msg,2,32,461,5568,596,112,112
msg,2,33,420,5490,558,112,112
msg,2,34,419,5510,559,112,112
msg,2,35,457,29020,561,112,112
msg,2,36,423,10060,589,112,112
msg,2,37,415,5477,563,112,112
msg,2,38,431,5428,586,112,112
msg,2,39,448,5569,588,112,112
msg,2,40,457,8945,587,112,112
msg,2,41,449,5714,587,112,112
msg,2,42,462,5949,557,112,112
msg,2,43,455,8124,584,112,112
msg,2,44,423,5595,561,112,112
msg,2,45,415,29716,560,112,112
msg,2,46,423,7478,584,112,112
msg,2,47,453,5557,590,112,112
msg,2,48,418,5500,583,112,112
msg,2,49,426,6029,585,112,112
msg,2,50,416,5574,582,112,112
msg,2,51,432,5862,591,112,112
msg,2,52,414,5608,557,112,112
msg,2,53,430,5526,564,112,112
msg,2,54,454,5652,559,112,112
msg,2,55,450,5343,596,112,112
msg,2,56,418,5663,587,112,112
msg,2,57,415,22692,561,112,112
msg,2,58,429,9037,586,112,112
msg,2,59,414,7026,587,112,112
msg,2,60,462,5584,684,112,112
msg,2,61,452,5368,581,112,112
msg,2,62,419,6623,559,112,112
msg,2,63,419,5531,559,112,112
msg,2,64,457,5817,559,112,112
msg,2,65,461,5240,590,112,112
msg,2,66,419,5813,584,112,112
msg,2,67,420,5862,583,112,112
msg,2,68,418,36163,560,112,112
msg,2,69,456,9756,557,112,112
msg,2,70,452,5967,559,112,112
msg,2,71,419,5442,585,112,112
msg,2,72,446,5652,584,112,112
msg,2,73,450,5878,579,112,112
msg,2,74,451,5839,559,112,112
msg,2,75,451,7108,556,112,112
msg,2,76,423,5805,558,112,112
msg,2,77,420,5539,562,112,112
msg,2,78,455,34737,561,112,112
msg,2,79,452,6086,564,112,112
msg,2,80,421,6228,594,112,112
msg,2,81,455,5781,587,112,112
msg,2,82,449,5725,576,112,112
msg,2,83,457,6475,585,112,112
msg,2,84,417,6803,589,112,112
msg,2,85,415,8263,556,112,112
msg,2,86,457,5992,560,112,112
msg,2,87,422,27664,558,112,112
msg,2,88,457,7992,562,112,112
msg,2,89,418,7361,572,112,112
msg,2,90,460,11458,591,112,112
msg,2,91,418,5675,678,112,112
msg,2,92,572,5747,587,112,112
msg,2,93,452,5618,594,112,112
msg,2,94,431,5615,677,112,112
msg,2,95,419,5977,589,112,112
msg,2,96,457,5497,591,112,112
msg,2,97,417,28055,583,112,112
msg,2,98,449,8804,586,112,112
msg,2,99,447,7036,553,112,112
msg,2,100,453,6550,587,112,112
msg,2,101,440,6735,582,112,112
msg,2,102,456,5646,588,112,112
msg,2,103,458,5703,584,112,112
msg,2,104,447,5804,596,112,112
msg,2,105,1038,8674,561,112,112
msg,2,106,433,5650,556,112,112
msg,2,107,423,28750,559,112,112
msg,2,108,421,8977,558,112,112
msg,2,109,414,6454,560,112,112
msg,2,110,452,5957,556,112,112
msg,2,111,417,5925,560,112,112
msg,2,112,592,6527,561,112,112
msg,2,113,423,5997,589,112,112
msg,2,114,418,7492,561,112,112
msg,2,115,423,8615,559,112,112
msg,2,116,456,10255,588,112,112
msg,2,117,421,23763,587,112,112
msg,2,118,417,8640,557,112,112
msg,2,119,428,6460,558,112,112
msg,2,120,421,5507,582,112,112
msg,2,121,452,5676,586,112,112
msg,2,122,455,7282,560,112,112
msg,2,123,415,6065,589,112,112
msg,2,124,414,5591,583,112,112
msg,2,125,414,8403,557,112,112
msg,2,126,449,6051,561,112,112
msg,2,127,425,5446,560,112,112
msg,2,128,452,31628,587,112,112
msg,2,129,458,5952,554,112,112
msg,2,130,463,5572,586,112,112
msg,2,131,455,6922,558,112,112
msg,2,132,459,5508,590,112,112
msg,2,133,456,5482,589,112,112
msg,2,134,415,5728,593,112,112
msg,2,135,432,5615,556,112,112
msg,2,136,424,5868,585,112,112
msg,2,137,416,5655,559,112,112
msg,2,138,421,28061,584,112,112
msg,2,139,435,9076,588,112,112
msg,2,140,451,6820,591,112,112
msg,2,141,453,5633,702,112,112
msg,2,142,565,6130,585,112,112
msg,2,143,418,5576,560,112,112
msg,2,144,421,5522,664,112,112
msg,2,145,453,6239,587,112,112
msg,2,146,429,8925,590,112,112
msg,2,147,458,7097,559,112,112
msg,2,148,456,32790,640,112,112
msg,2,149,421,8128,591,112,112
msg,2,150,418,5589,563,112,112
msg,2,151,437,5659,557,112,112
msg,2,152,429,6107,586,112,112
msg,2,153,417,5719,591,112,112
msg,2,154,414,6475,565,112,112
msg,2,155,413,5801,561,112,112
msg,2,156,415,7564,558,112,112
msg,2,157,455,5541,586,112,112
msg,2,158,453,19567,589,112,112
msg,2,159,419,11941,589,112,112
msg,2,160,457,6376,561,112,112
msg,2,161,423,8372,743,112,112
msg,2,162,455,5517,581,112,112
msg,2,163,450,5964,560,112,112
msg,2,164,449,5956,559,112,112
msg,2,165,418,6300,586,112,112
msg,2,166,454,5459,585,112,112
msg,2,167,421,5968,590,112,112
msg,2,168,451,6080,560,112,112
msg,2,169,450,5506,589,112,112
msg,2,170,449,25145,559,112,112
msg,2,171,421,6273,584,112,112
msg,2,172,428,6310,556,112,112
msg,2,173,423,5571,557,112,112
msg,2,174,450,5972,560,112,112
msg,2,175,422,7098,592,112,112
msg,2,176,415,5366,558,112,112
msg,2,177,454,5725,560,112,112
msg,2,178,461,6081,560,112,112
msg,2,179,420,5571,559,112,112
msg,2,180,419,5803,563,112,112
msg,2,181,420,35875,563,112,112
msg,2,182,418,5871,558,112,112
msg,2,183,421,7850,555,112,112
msg,2,184,421,10551,558,112,112
msg,2,185,418,5855,558,112,112
msg,2,186,429,6016,583,112,112
msg,2,187,418,6138,588,112,112
msg,2,188,459,6096,559,112,112
msg,2,189,419,5991,579,112,112
msg,2,190,417,26805,583,112,112
msg,2,191,416,8011,592,112,112
msg,2,192,416,8292,557,112,112
msg,2,193,460,8127,580,112,112
msg,2,194,415,7158,582,112,112
msg,2,195,463,5500,592,112,112
msg,2,196,422,5506,559,112,112
msg,2,197,421,5496,562,112,112
msg,2,198,457,9264,583,112,112
msg,2,199,420,6066,583,112,112
whole,2,7809.599,9792.807,200
#heap 26787
#stack 53320
#end
#block pipeline mTLS lorawan11_256 up
#aead AES-256-CTR+2xCMAC (LoRaWAN 1.1 frame, 256-bit keys) (BearSSL (arduino-pico)), uplink, 51 B payload + 13 B overhead
#lib wolfSSL 5.9.4
iter,tcp_ms,tls_ms,mqtt_ms,total_ms,hs_tx_B,hs_rx_B,mqtt_tx_B,mqtt_rx_B,hs_writes,hs_reads,writes,reads,free_heap_B,hs_keygen_us,hs_derive_us,hs_verify_us,hs_sign_us,hs_keygen_n,hs_derive_n,hs_verify_n,hs_sign_n
msg,iter,idx,seal_us,rtt_us,open_us,tx_B,rx_B
whole,iter,first_ms,all_ms,msgs
#suite TLS13-AES256-GCM-SHA384
0,5.3740,7693.4630,33.2080,7732.0450,4207,4285,45,5016,4,14,5,20,117724,66332.0,70065.0,4520349.0,2921983.0,2,2,2,1
msg,0,0,1078,28387,1078,112,112
msg,0,1,947,6409,1068,112,112
msg,0,2,942,6196,1075,112,112
msg,0,3,942,5586,1067,112,112
msg,0,4,1096,5457,1075,112,112
msg,0,5,947,5739,1067,112,112
msg,0,6,944,5428,1075,112,112
msg,0,7,932,7928,1069,112,112
msg,0,8,948,5431,1191,112,112
msg,0,9,937,5886,1084,112,112
msg,0,10,949,25931,1063,112,112
msg,0,11,933,5656,1095,112,112
msg,0,12,935,5711,1080,112,112
msg,0,13,936,5544,1218,112,112
msg,0,14,931,5823,1077,112,112
msg,0,15,941,5595,1078,112,112
msg,0,16,908,5543,1071,112,112
msg,0,17,937,5461,1075,112,112
msg,0,18,940,5928,1186,112,112
msg,0,19,946,5882,1070,112,112
msg,0,20,940,29881,1081,112,112
msg,0,21,939,5545,1074,112,112
msg,0,22,944,5581,1067,112,112
msg,0,23,954,6526,1099,112,112
msg,0,24,945,5616,1074,112,112
msg,0,25,935,5895,1093,112,112
msg,0,26,940,6086,1068,112,112
msg,0,27,942,9204,1079,112,112
msg,0,28,934,5486,1072,112,112
msg,0,29,948,26970,1077,112,112
msg,0,30,1022,17980,1094,112,112
msg,0,31,1054,5823,1073,112,112
msg,0,32,940,6092,1070,112,112
msg,0,33,942,5926,1080,112,112
msg,0,34,938,5384,1068,112,112
msg,0,35,938,6753,1077,112,112
msg,0,36,952,6534,1069,112,112
msg,0,37,943,29170,1171,112,112
msg,0,38,949,9120,1076,112,112
msg,0,39,943,6122,1239,112,112
msg,0,40,943,5840,1075,112,112
msg,0,41,943,6028,1077,112,112
msg,0,42,931,5486,1075,112,112
msg,0,43,943,5465,1080,112,112
msg,0,44,940,5652,1063,112,112
msg,0,45,936,5548,1081,112,112
msg,0,46,1057,5582,1075,112,112
msg,0,47,936,33740,1079,112,112
msg,0,48,931,7195,1073,112,112
msg,0,49,953,5486,1073,112,112
msg,0,50,941,5898,1067,112,112
msg,0,51,942,6112,1076,112,112
msg,0,52,937,5486,1068,112,112
msg,0,53,940,5870,1075,112,112
msg,0,54,944,8810,1075,112,112
msg,0,55,941,34524,1090,112,112
msg,0,56,939,5564,1082,112,112
msg,0,57,937,5510,1071,112,112
msg,0,58,940,6921,1076,112,112
msg,0,59,901,5561,1066,112,112
msg,0,60,939,6034,1074,112,112
msg,0,61,909,5592,1081,112,112
msg,0,62,1056,5885,1077,112,112
msg,0,63,947,5561,1076,112,112
msg,0,64,943,6765,1082,112,112
msg,0,65,941,24607,1075,112,112
msg,0,66,935,7009,1171,112,112
msg,0,67,910,5888,1081,112,112
msg,0,68,932,5546,1082,112,112
msg,0,69,948,5554,1072,112,112
msg,0,70,942,5524,1064,112,112
msg,0,71,946,5398,1255,112,112
msg,0,72,936,6014,1070,112,112
msg,0,73,943,5492,1073,112,112
msg,0,74,949,5445,1079,112,112
msg,0,75,938,35100,1233,112,112
msg,0,76,938,8895,1068,112,112
msg,0,77,945,6128,1194,112,112
msg,0,78,942,5515,1069,112,112
msg,0,79,941,5443,1068,112,112
msg,0,80,947,6006,1067,112,112
msg,0,81,947,5635,1076,112,112
msg,0,82,937,8557,1089,112,112
msg,0,83,941,26998,1069,112,112
msg,0,84,942,8176,1074,112,112
msg,0,85,939,6772,1082,112,112
msg,0,86,943,5470,1066,112,112
msg,0,87,950,5479,1067,112,112
msg,0,88,1503,5884,1087,112,112
msg,0,89,944,5862,1072,112,112
msg,0,90,933,5412,1079,112,112
msg,0,91,942,5534,1066,112,112
msg,0,92,954,5828,1073,112,112
msg,0,93,1064,28153,1080,112,112
msg,0,94,1097,5600,1078,112,112
msg,0,95,937,8071,1074,112,112
msg,0,96,943,6453,1077,112,112
msg,0,97,933,5446,1078,112,112
msg,0,98,939,5545,1069,112,112
msg,0,99,941,6032,1081,112,112
msg,0,100,943,8708,1185,112,112
msg,0,101,928,5467,1074,112,112
msg,0,102,945,31031,1085,112,112
msg,0,103,944,5538,1065,112,112
msg,0,104,943,5573,1059,112,112
msg,0,105,941,5423,1078,112,112
msg,0,106,941,5841,1072,112,112
msg,0,107,936,6943,1070,112,112
msg,0,108,937,5437,1077,112,112
msg,0,109,911,5438,1071,112,112
msg,0,110,940,5681,1071,112,112
msg,0,111,941,5491,1091,112,112
msg,0,112,941,28442,1082,112,112
msg,0,113,914,5648,1081,112,112
msg,0,114,938,5510,1185,112,112
msg,0,115,941,6452,1068,112,112
msg,0,116,940,6098,1075,112,112
msg,0,117,946,5617,1072,112,112
msg,0,118,942,5534,1076,112,112
msg,0,119,942,5504,1079,112,112
msg,0,120,916,5462,1073,112,112
msg,0,121,946,5372,1094,112,112
msg,0,122,940,29116,1076,112,112
msg,0,123,940,5481,1062,112,112
msg,0,124,942,5709,1084,112,112
msg,0,125,938,5783,1093,112,112
msg,0,126,953,5689,1076,112,112
msg,0,127,1051,5387,1074,112,112
msg,0,128,946,5651,1078,112,112
msg,0,129,945,5459,1070,112,112
msg,0,130,940,7049,1071,112,112
msg,0,131,954,6396,1177,112,112
msg,0,132,934,30836,1069,112,112
msg,0,133,943,6718,1071,112,112
msg,0,134,938,5798,1075,112,112
msg,0,135,947,11154,1080,112,112
msg,0,136,938,6456,1078,112,112
msg,0,137,941,6839,1075,112,112
msg,0,138,954,6734,1068,112,112
msg,0,139,943,5845,1073,112,112
msg,0,140,944,34793,1072,112,112
msg,0,141,943,8680,1071,112,112
msg,0,142,942,5476,1096,112,112
msg,0,143,952,6469,1080,112,112
msg,0,144,905,6542,1072,112,112
msg,0,145,939,5883,1184,112,112
msg,0,146,948,9213,1059,112,112
msg,0,147,935,6111,1184,112,112
msg,0,148,943,29824,1078,112,112
msg,0,149,942,5567,1179,112,112
msg,0,150,942,5624,1077,112,112
msg,0,151,946,5377,1092,112,112
msg,0,152,934,5785,1090,112,112
msg,0,153,937,5870,1068,112,112
msg,0,154,947,5412,1193,112,112
msg,0,155,942,5779,1073,112,112
msg,0,156,942,6702,1081,112,112
msg,0,157,1470,7192,1082,112,112
msg,0,158,947,21888,1076,112,112
msg,0,159,935,9495,1075,112,112
msg,0,160,937,5460,1073,112,112
msg,0,161,943,5555,1235,112,112
msg,0,162,942,5437,1093,112,112
msg,0,163,939,7003,1072,112,112
msg,0,164,939,5446,1078,112,112
msg,0,165,931,5418,1073,112,112
msg,0,166,951,5562,1184,112,112
msg,0,167,939,5392,1063,112,112
msg,0,168,940,28989,1071,112,112
msg,0,169,1045,5483,1067,112,112
msg,0,170,947,5579,1077,112,112
msg,0,171,934,5472,1079,112,112
msg,0,172,944,5439,1068,112,112
msg,0,173,945,6611,1068,112,112
msg,0,174,945,5567,1066,112,112
msg,0,175,946,5827,1085,112,112
msg,0,176,940,5471,1079,112,112
msg,0,177,938,5562,1073,112,112
msg,0,178,942,27735,1173,112,112
msg,0,179,941,5623,1072,112,112
msg,0,180,1534,5780,1094,112,112
msg,0,181,946,5406,1078,112,112
msg,0,182,939,5933,1077,112,112
msg,0,183,931,5641,1085,112,112
msg,0,184,940,5622,1072,112,112
msg,0,185,1054,7208,1065,112,112
msg,0,186,940,6088,1074,112,112
msg,0,187,938,5999,1078,112,112
msg,0,188,947,24812,1073,112,112
msg,0,189,939,6368,1070,112,112
msg,0,190,958,6780,1071,112,112
msg,0,191,955,5451,1062,112,112
msg,0,192,936,5429,1082,112,112
msg,0,193,907,5524,1074,112,112
msg,0,194,942,5396,1062,112,112
msg,0,195,940,5644,1088,112,112
msg,0,196,948,8617,1075,112,112
msg,0,197,938,5740,1080,112,112
msg,0,198,943,24203,1073,112,112
msg,0,199,944,5842,1067,112,112
whole,0,7769.204,9927.795,200
1,4.5360,7688.6300,136.9160,7830.0820,4207,4285,45,5016,4,14,5,20,117724,66262.0,70165.0,4516489.0,2920714.0,2,2,2,1
msg,1,0,1087,133430,1081,112,112
msg,1,1,938,5542,1198,112,112
msg,1,2,938,5535,1072,112,112
msg,1,3,947,5788,1080,112,112
msg,1,4,944,6038,1076,112,112
msg,1,5,933,134920,1082,112,112
msg,1,6,1339,166286,1075,112,112
msg,1,7,944,7706,1076,112,112
msg,1,8,943,5870,1079,112,112
msg,1,9,940,7020,1082,112,112
msg,1,10,931,5833,1080,112,112
msg,1,11,936,131567,1170,112,112
msg,1,12,942,7972,1074,112,112
msg,1,13,941,7578,1190,112,112
msg,1,14,907,5569,1070,112,112
msg,1,15,940,5610,1072,112,112
msg,1,16,939,130219,1083,112,112
msg,1,17,934,7052,1077,112,112
msg,1,18,1053,156589,1084,112,112
msg,1,19,944,10066,1077,112,112
msg,1,20,945,9468,1079,112,112
msg,1,21,956,6185,1067,112,112
msg,1,22,1050,140346,1079,112,112
msg,1,23,949,8447,1067,112,112
msg,1,24,942,5989,1065,112,112
msg,1,25,936,5664,1071,112,112
msg,1,26,1054,134227,1082,112,112
msg,1,27,939,5780,1083,112,112
msg,1,28,908,6968,1073,112,112
msg,1,29,934,149130,1069,112,112
msg,1,30,1050,5986,1070,112,112
msg,1,31,945,5717,1069,112,112
msg,1,32,943,5695,1067,112,112
msg,1,33,937,5943,1073,112,112
msg,1,34,939,140706,1177,112,112
msg,1,35,941,8303,1082,112,112
msg,1,36,909,5913,1079,112,112
msg,1,37,1060,6088,1066,112,112
msg,1,38,944,133748,1064,112,112
msg,1,39,942,7116,1073,112,112
msg,1,40,939,5528,1188,112,112
msg,1,41,944,149303,1188,112,112
msg,1,42,909,5999,1089,112,112
msg,1,43,941,5973,1068,112,112
msg,1,44,937,5983,1071,112,112
msg,1,45,937,6214,1078,112,112
msg,1,46,933,6457,1076,112,112
msg,1,47,954,7046,1084,112,112
msg,1,48,940,28089,1068,112,112
msg,1,49,935,104936,1071,112,112
msg,1,50,941,5972,1071,112,112
msg,1,51,947,6124,1076,112,112
msg,1,52,942,93962,1079,112,112
msg,1,53,904,7982,1075,112,112
msg,1,54,941,6025,1073,112,112
msg,1,55,940,5991,1069,112,112
msg,1,56,944,5974,1068,112,112
msg,1,57,947,5491,1075,112,112
msg,1,58,945,6494,1069,112,112
msg,1,59,941,6573,1074,112,112
msg,1,60,935,27265,1075,112,112
msg,1,61,950,5816,1066,112,112
msg,1,62,941,6033,1077,112,112
msg,1,63,936,5386,1076,112,112
msg,1,64,943,5474,1092,112,112
msg,1,65,937,6392,1074,112,112
msg,1,66,942,5410,1067,112,112
msg,1,67,936,5360,1201,112,112
msg,1,68,940,5878,1065,112,112
msg,1,69,938,5645,1081,112,112
msg,1,70,951,16208,1080,112,112
msg,1,71,939,11546,1068,112,112
msg,1,72,937,6292,1083,112,112
msg,1,73,940,5438,1074,112,112
msg,1,74,939,5438,1184,112,112
msg,1,75,947,5674,1084,112,112
msg,1,76,940,5421,1081,112,112
msg,1,77,942,5556,1072,112,112
msg,1,78,939,5992,1081,112,112
msg,1,79,908,6371,1072,112,112
msg,1,80,946,6275,1083,112,112
msg,1,81,937,27634,1076,112,112
msg,1,82,949,10297,1061,112,112
msg,1,83,936,5931,1071,112,112
msg,1,84,949,6079,1061,112,112
msg,1,85,952,6276,1069,112,112
msg,1,86,938,5944,1074,112,112
msg,1,87,947,5529,1061,112,112
msg,1,88,937,5680,1090,112,112
msg,1,89,939,5761,1094,112,112
msg,1,90,931,27445,1083,112,112
msg,1,91,942,6446,1187,112,112
msg,1,92,938,6249,1081,112,112
msg,1,93,956,5505,1076,112,112
msg,1,94,945,5462,1071,112,112
msg,1,95,945,5778,1076,112,112
msg,1,96,943,5568,1184,112,112
msg,1,97,939,5541,1062,112,112
msg,1,98,945,5824,1061,112,112
msg,1,99,937,6259,1082,112,112
msg,1,100,937,27684,1068,112,112
msg,1,101,941,5939,1078,112,112
msg,1,102,934,5625,1073,112,112
msg,1,103,937,5406,1071,112,112
msg,1,104,1064,5565,1067,112,112
msg,1,105,944,5486,1085,112,112
msg,1,106,909,5533,1074,112,112
msg,1,107,942,5402,1067,112,112
msg,1,108,939,6550,1074,112,112
msg,1,109,946,5723,1078,112,112
msg,1,110,939,28023,1065,112,112
msg,1,111,939,6873,1070,112,112
msg,1,112,941,7674,1061,112,112
msg,1,113,950,6924,1073,112,112
msg,1,114,951,5399,1069,112,112
msg,1,115,936,5546,1189,112,112
msg,1,116,941,5473,1071,112,112
msg,1,117,958,5834,1080,112,112
msg,1,118,938,5863,1083,112,112
msg,1,119,903,28942,1078,112,112
msg,1,120,938,7361,1071,112,112
msg,1,121,950,6389,1065,112,112
msg,1,122,940,6173,1073,112,112
msg,1,123,946,6007,1083,112,112
msg,1,124,937,5634,1080,112,112
msg,1,125,935,5550,1074,112,112
msg,1,126,942,6131,1081,112,112
msg,1,127,913,6058,1084,112,112
msg,1,128,944,5637,1074,112,112
msg,1,129,932,29660,1080,112,112
msg,1,130,906,5834,1083,112,112
msg,1,131,935,5384,1074,112,112
msg,1,132,1100,6291,1066,112,112
msg,1,133,936,5769,1059,112,112
msg,1,134,945,7981,1070,112,112
msg,1,135,946,5749,1076,112,112
msg,1,136,931,8066,1069,112,112
msg,1,137,947,6607,1077,112,112
msg,1,138,938,29808,1071,112,112
msg,1,139,940,5486,1065,112,112
msg,1,140,935,6404,1078,112,112
msg,1,141,942,6811,1083,112,112
msg,1,142,908,5604,1073,112,112
msg,1,143,940,5569,1070,112,112
msg,1,144,940,5969,1072,112,112
msg,1,145,946,5651,1071,112,112
msg,1,146,942,5498,1067,112,112
msg,1,147,941,5471,1079,112,112
msg,1,148,1043,25095,1071,112,112
msg,1,149,942,5580,1069,112,112
msg,1,150,938,5892,1073,112,112
msg,1,151,943,6036,1071,112,112
msg,1,152,938,5973,1077,112,112
msg,1,153,940,5740,1080,112,112
msg,1,154,935,5433,1071,112,112
msg,1,155,942,5587,1064,112,112
msg,1,156,937,6701,1068,112,112
msg,1,157,953,5679,1086,112,112
msg,1,158,1063,33205,1075,112,112
msg,1,159,943,7881,1077,112,112
msg,1,160,944,7372,1074,112,112
msg,1,161,953,5814,1072,112,112
msg,1,162,951,5411,1079,112,112
msg,1,163,940,6393,1079,112,112
msg,1,164,947,5595,1071,112,112
msg,1,165,948,5597,1071,112,112
msg,1,166,951,5733,1071,112,112
msg,1,167,952,23783,1070,112,112
msg,1,168,940,7704,1059,112,112
msg,1,169,947,5533,1085,112,112
msg,1,170,936,5629,1076,112,112
msg,1,171,905,7465,1074,112,112
msg,1,172,943,7806,1069,112,112
msg,1,173,940,5917,1076,112,112
msg,1,174,941,7527,1072,112,112
msg,1,175,944,6315,1202,112,112
msg,1,176,947,32020,1071,112,112
msg,1,177,940,5733,1062,112,112
msg,1,178,957,5379,1079,112,112
msg,1,179,911,5481,1076,112,112
msg,1,180,943,5672,1075,112,112
msg,1,181,952,8813,1074,112,112
msg,1,182,953,5655,1074,112,112
msg,1,183,941,5744,1078,112,112
msg,1,184,940,5403,1176,112,112
msg,1,185,940,5458,1080,112,112
msg,1,186,941,26028,1073,112,112
msg,1,187,941,5507,1078,112,112
msg,1,188,934,5472,1073,112,112
msg,1,189,952,5356,1208,112,112
msg,1,190,936,6005,1070,112,112
msg,1,191,943,6149,1076,112,112
msg,1,192,911,7471,1075,112,112
msg,1,193,941,10063,1185,112,112
msg,1,194,925,7845,1078,112,112
msg,1,195,936,27260,1185,112,112
msg,1,196,1065,5498,1073,112,112
msg,1,197,949,5895,1071,112,112
msg,1,198,951,5369,1088,112,112
msg,1,199,933,5384,1080,112,112
whole,1,7974.155,11692.208,200
2,6.4340,7691.7930,67.2880,7765.5150,4207,4285,45,5016,4,14,5,20,117724,66300.0,70183.0,4516779.0,2920911.0,2,2,2,1
msg,2,0,1085,6577,1085,112,112
msg,2,1,1048,5925,1072,112,112
msg,2,2,952,5867,1072,112,112
msg,2,3,939,7865,1072,112,112
msg,2,4,950,6225,1077,112,112
msg,2,5,935,35490,1080,112,112
msg,2,6,949,11484,1068,112,112
msg,2,7,941,5908,1075,112,112
msg,2,8,956,9264,1071,112,112
msg,2,9,935,6742,1082,112,112
msg,2,10,937,5435,1074,112,112
msg,2,11,942,7392,1075,112,112
msg,2,12,944,28321,1079,112,112
msg,2,13,947,11878,1074,112,112
msg,2,14,906,5926,1073,112,112
msg,2,15,939,5585,1077,112,112
msg,2,16,908,5500,1074,112,112
msg,2,17,950,5698,1077,112,112
msg,2,18,938,6057,1078,112,112
msg,2,19,934,6167,1069,112,112
msg,2,20,933,6083,1072,112,112
msg,2,21,945,28957,1075,112,112
msg,2,22,940,5890,1080,112,112
msg,2,23,942,9501,1077,112,112
msg,2,24,938,5475,1072,112,112
msg,2,25,949,5887,1186,112,112
msg,2,26,939,5675,1074,112,112
msg,2,27,950,5498,1058,112,112
msg,2,28,941,6120,1081,112,112
msg,2,29,938,6851,1074,112,112
msg,2,30,937,31289,1088,112,112
msg,2,31,938,10623,1081,112,112
msg,2,32,952,5429,1073,112,112
msg,2,33,933,5368,1069,112,112
msg,2,34,938,5721,1074,112,112
msg,2,35,940,5372,1077,112,112
msg,2,36,936,5560,1080,112,112
msg,2,37,949,5904,1082,112,112
msg,2,38,906,6428,1066,112,112
msg,2,39,943,5883,1075,112,112
msg,2,40,954,25802,1077,112,112
msg,2,41,944,7148,1076,112,112
msg,2,42,940,9046,1069,112,112
msg,2,43,937,9066,1075,112,112
msg,2,44,944,10386,1067,112,112
msg,2,45,940,5422,1079,112,112
msg,2,46,906,5781,1074,112,112
msg,2,47,904,6885,1072,112,112
msg,2,48,940,31794,1076,112,112
msg,2,49,938,9593,1084,112,112
msg,2,50,914,8552,1076,112,112
msg,2,51,950,5757,1073,112,112
msg,2,52,942,6430,1066,112,112
msg,2,53,936,5396,1080,112,112
msg,2,54,904,5761,1081,112,112
msg,2,55,913,5831,1192,112,112
msg,2,56,934,6504,1075,112,112
msg,2,57,942,27361,1071,112,112
msg,2,58,1057,8782,1070,112,112
msg,2,59,943,5670,1069,112,112
msg,2,60,938,7996,1071,112,112
msg,2,61,942,7225,1077,112,112
msg,2,62,930,7615,1077,112,112
msg,2,63,921,8484,1069,112,112
msg,2,64,937,6963,1084,112,112
msg,2,65,936,27647,1073,112,112
msg,2,66,948,8713,1067,112,112
msg,2,67,944,6110,1077,112,112
msg,2,68,904,6005,1076,112,112
msg,2,69,940,6043,1072,112,112
msg,2,70,935,5825,1069,112,112
msg,2,71,936,5577,1066,112,112
msg,2,72,944,6000,1076,112,112
msg,2,73,935,5900,1073,112,112
msg,2,74,951,5752,1073,112,112
msg,2,75,941,33667,1078,112,112
msg,2,76,945,8185,1078,112,112
msg,2,77,954,8155,1069,112,112
msg,2,78,943,5727,1087,112,112
msg,2,79,945,5436,1083,112,112
msg,2,80,955,6935,1084,112,112
msg,2,81,933,8690,1081,112,112
msg,2,82,941,8940,1088,112,112
msg,2,83,947,35216,1072,112,112
msg,2,84,941,8315,1079,112,112
msg,2,85,942,11847,1091,112,112
msg,2,86,940,6512,1082,112,112
msg,2,87,942,6395,1076,112,112
msg,2,88,942,7566,1073,112,112
msg,2,89,946,5483,1069,112,112
msg,2,90,941,31596,1081,112,112
msg,2,91,906,10311,1179,112,112
msg,2,92,945,6204,1075,112,112
msg,2,93,936,6445,1071,112,112
msg,2,94,1116,5752,1080,112,112
msg,2,95,952,6804,1073,112,112
msg,2,96,942,5879,1076,112,112
msg,2,97,938,6742,1073,112,112
msg,2,98,907,5668,1072,112,112
msg,2,99,937,26621,1072,112,112
msg,2,100,943,6038,1081,112,112
msg,2,101,901,5591,1075,112,112
msg,2,102,939,5461,1067,112,112
msg,2,103,945,5550,1195,112,112
msg,2,104,938,5422,1073,112,112
msg,2,105,912,5673,1080,112,112
msg,2,106,938,5591,1072,112,112
msg,2,107,939,7033,1078,112,112
msg,2,108,908,6581,1073,112,112
msg,2,109,942,28429,1074,112,112
msg,2,110,940,14700,1069,112,112
msg,2,111,948,5799,1646,112,112
msg,2,112,911,5605,1076,112,112
msg,2,113,938,5518,1076,112,112
msg,2,114,938,6212,1074,112,112
msg,2,115,906,6088,1092,112,112
msg,2,116,937,5710,1088,112,112
msg,2,117,943,29838,1091,112,112
msg,2,118,946,9253,1071,112,112
msg,2,119,938,7896,1073,112,112
msg,2,120,943,6034,1074,112,112
msg,2,121,948,6148,1074,112,112
msg,2,122,941,5459,1088,112,112
msg,2,123,935,5779,1090,112,112
msg,2,124,946,5685,1073,112,112
msg,2,125,934,5803,1087,112,112
msg,2,126,939,33280,1070,112,112
msg,2,127,944,7108,1076,112,112
msg,2,128,936,5519,1077,112,112
msg,2,129,944,5902,1077,112,112
msg,2,130,939,5413,1072,112,112
msg,2,131,941,5873,1064,112,112
msg,2,132,950,5597,1066,112,112
msg,2,133,949,5836,1074,112,112
msg,2,134,956,5741,1071,112,112
msg,2,135,948,6644,1063,112,112
msg,2,136,936,28988,1074,112,112
msg,2,137,946,6067,1074,112,112
msg,2,138,939,8214,1065,112,112
msg,2,139,944,8617,1070,112,112
msg,2,140,940,6137,1071,112,112
msg,2,141,942,5573,1061,112,112
msg,2,142,941,5611,1082,112,112
msg,2,143,938,6079,1070,112,112
msg,2,144,943,30680,1063,112,112
msg,2,145,939,10845,1069,112,112
msg,2,146,936,7685,1172,112,112
msg,2,147,936,5737,1064,112,112
msg,2,148,939,6549,1077,112,112
msg,2,149,929,5658,1079,112,112
msg,2,150,941,5607,1081,112,112
msg,2,151,953,8820,1082,112,112
msg,2,152,909,6031,1087,112,112
msg,2,153,956,40258,1072,112,112
msg,2,154,940,9413,1076,112,112
msg,2,155,937,5524,1079,112,112
msg,2,156,934,6751,1076,112,112
msg,2,157,935,5487,1074,112,112
msg,2,158,944,5799,1076,112,112
msg,2,159,942,5802,1078,112,112
msg,2,160,950,6183,1086,112,112
msg,2,161,947,26647,1080,112,112
msg,2,162,931,6312,1074,112,112
msg,2,163,941,6932,1084,112,112
msg,2,164,937,6575,1073,112,112
msg,2,165,934,6917,1071,112,112
msg,2,166,943,5364,1063,112,112
msg,2,167,945,5600,1072,112,112
msg,2,168,951,5368,1080,112,112
msg,2,169,938,5868,1079,112,112
msg,2,170,938,34674,1073,112,112
msg,2,171,937,5650,1071,112,112
msg,2,172,938,5450,1067,112,112
msg,2,173,943,7302,1078,112,112
msg,2,174,940,6356,1068,112,112
msg,2,175,939,6372,1075,112,112
msg,2,176,930,5428,1077,112,112
msg,2,177,962,6073,1603,112,112
msg,2,178,957,6302,1088,112,112
msg,2,179,936,32273,1072,112,112
msg,2,180,957,5847,1073,112,112
msg,2,181,949,7479,1073,112,112
msg,2,182,946,6166,1075,112,112
msg,2,183,1058,6019,1090,112,112
msg,2,184,941,6191,1066,112,112
msg,2,185,939,10549,1074,112,112
msg,2,186,944,45276,1081,112,112
msg,2,187,950,5709,1085,112,112
msg,2,188,937,5583,1071,112,112
msg,2,189,938,5555,1064,112,112
msg,2,190,1052,6603,1062,112,112
msg,2,191,941,8260,1080,112,112
msg,2,192,938,6821,1078,112,112
msg,2,193,938,7650,1074,112,112
msg,2,194,941,5928,1079,112,112
msg,2,195,905,34037,1078,112,112
msg,2,196,958,6209,1069,112,112
msg,2,197,941,5490,1178,112,112
msg,2,198,944,5483,1075,112,112
msg,2,199,937,7007,1063,112,112
whole,2,7780.892,10138.261,200
#heap 26787
#stack 53312
#end
#block pipeline mTLS lorawan11_256 down
#aead AES-256-CTR+2xCMAC (LoRaWAN 1.1 frame, 256-bit keys) (BearSSL (arduino-pico)), downlink, 51 B payload + 13 B overhead
#lib wolfSSL 5.9.4
iter,tcp_ms,tls_ms,mqtt_ms,total_ms,hs_tx_B,hs_rx_B,mqtt_tx_B,mqtt_rx_B,hs_writes,hs_reads,writes,reads,free_heap_B,hs_keygen_us,hs_derive_us,hs_verify_us,hs_sign_us,hs_keygen_n,hs_derive_n,hs_verify_n,hs_sign_n
msg,iter,idx,seal_us,rtt_us,open_us,tx_B,rx_B
whole,iter,first_ms,all_ms,msgs
#suite TLS13-AES256-GCM-SHA384
0,4.3830,7718.2050,34.8280,7757.4160,4207,4285,45,5016,4,14,5,20,117724,66520.0,71633.0,4527957.0,2920731.0,2,2,2,1
msg,0,0,732,5996,699,112,112
msg,0,1,593,6510,696,112,112
msg,0,2,585,5614,694,112,112
msg,0,3,558,28715,714,112,112
msg,0,4,555,7581,717,112,112
msg,0,5,553,5671,720,112,112
msg,0,6,582,5384,713,112,112
msg,0,7,552,5950,723,112,112
msg,0,8,701,7715,688,112,112
msg,0,9,561,5786,717,112,112
msg,0,10,555,5561,713,112,112
msg,0,11,583,6353,719,112,112
msg,0,12,557,5554,716,112,112
msg,0,13,562,32082,716,112,112
msg,0,14,582,6380,722,112,112
msg,0,15,702,6007,718,112,112
msg,0,16,588,6295,719,112,112
msg,0,17,560,8245,694,112,112
msg,0,18,600,5508,699,112,112
msg,0,19,554,6279,722,112,112
msg,0,20,754,5495,695,112,112
msg,0,21,588,7669,696,112,112
msg,0,22,545,7122,723,112,112
msg,0,23,581,30494,724,112,112
msg,0,24,592,5971,698,112,112
msg,0,25,548,7557,717,112,112
msg,0,26,551,7466,694,112,112
msg,0,27,556,6205,726,112,112
msg,0,28,580,5350,721,112,112
msg,0,29,585,5550,720,112,112
msg,0,30,586,5719,691,112,112
msg,0,31,557,6000,722,112,112
msg,0,32,603,5792,717,112,112
msg,0,33,587,31406,716,112,112
msg,0,34,584,6692,694,112,112
msg,0,35,558,6326,720,112,112
msg,0,36,591,5820,692,112,112
msg,0,37,556,5651,716,112,112
msg,0,38,568,5526,720,112,112
msg,0,39,547,5467,718,112,112
msg,0,40,549,5736,722,112,112
msg,0,41,586,7782,711,112,112
msg,0,42,587,5401,722,112,112
msg,0,43,587,28047,723,112,112
msg,0,44,551,6998,719,112,112
msg,0,45,589,9839,694,112,112
msg,0,46,564,8518,691,112,112
msg,0,47,550,9016,725,112,112
msg,0,48,593,5610,725,112,112
msg,0,49,591,5614,724,112,112
msg,0,50,586,6696,803,112,112
msg,0,51,557,5418,695,112,112
msg,0,52,554,32167,720,112,112
msg,0,53,582,6199,721,112,112
msg,0,54,589,6679,729,112,112
msg,0,55,583,8090,715,112,112
msg,0,56,552,5921,720,112,112
msg,0,57,585,5577,723,112,112
msg,0,58,586,9087,718,112,112
msg,0,59,549,5954,727,112,112
msg,0,60,570,6678,686,112,112
msg,0,61,552,5607,712,112,112
msg,0,62,559,33624,718,112,112
msg,0,63,561,8028,722,112,112
msg,0,64,594,6325,723,112,112
msg,0,65,587,6160,722,112,112
msg,0,66,590,7212,692,112,112
msg,0,67,559,6363,690,112,112
msg,0,68,554,7113,719,112,112
msg,0,69,587,9075,717,112,112
msg,0,70,552,32928,718,112,112
msg,0,71,582,6713,722,112,112
msg,0,72,591,6341,720,112,112
msg,0,73,577,5956,693,112,112
msg,0,74,554,6478,697,112,112
msg,0,75,557,10121,726,112,112
msg,0,76,581,6478,723,112,112
msg,0,77,590,6099,724,112,112
msg,0,78,587,6493,715,112,112
msg,0,79,599,19618,718,112,112
msg,0,80,587,15592,724,112,112
msg,0,81,585,8476,725,112,112
msg,0,82,580,7571,723,112,112
msg,0,83,592,6860,693,112,112
msg,0,84,720,5733,725,112,112
msg,0,85,587,6150,693,112,112
msg,0,86,558,5816,727,112,112
msg,0,87,581,9616,719,112,112
msg,0,88,578,5719,833,112,112
msg,0,89,551,25087,728,112,112
msg,0,90,588,6427,726,112,112
msg,0,91,595,8767,721,112,112
msg,0,92,597,5527,723,112,112
msg,0,93,584,5657,697,112,112
msg,0,94,573,5531,714,112,112
msg,0,95,558,5874,721,112,112
msg,0,96,594,5631,714,112,112
msg,0,97,588,6773,694,112,112
msg,0,98,553,5967,725,112,112
msg,0,99,583,30058,696,112,112
msg,0,100,554,5513,691,112,112
msg,0,101,550,9955,721,112,112
msg,0,102,601,6358,712,112,112
msg,0,103,587,7441,722,112,112
msg,0,104,586,11192,696,112,112
msg,0,105,554,6979,718,112,112
msg,0,106,587,8506,722,112,112
msg,0,107,584,10111,714,112,112
msg,0,108,550,26153,721,112,112
msg,0,109,586,6453,723,112,112
msg,0,110,588,9916,720,112,112
msg,0,111,554,7946,716,112,112
msg,0,112,585,5379,724,112,112
msg,0,113,589,5860,698,112,112
msg,0,114,556,5647,695,112,112
msg,0,115,550,5493,700,112,112
msg,0,116,556,5965,719,112,112
msg,0,117,593,5492,724,112,112
msg,0,118,585,32358,720,112,112
msg,0,119,593,6564,726,112,112
msg,0,120,597,5627,722,112,112
msg,0,121,589,5635,717,112,112
msg,0,122,588,5351,724,112,112
msg,0,123,585,5392,718,112,112
msg,0,124,591,5686,719,112,112
msg,0,125,589,5626,695,112,112
msg,0,126,557,5504,693,112,112
msg,0,127,550,6834,718,112,112
msg,0,128,551,27106,722,112,112
msg,0,129,590,5412,728,112,112
msg,0,130,585,7911,712,112,112
msg,0,131,555,9454,690,112,112
msg,0,132,550,5972,726,112,112
msg,0,133,582,6278,716,112,112
msg,0,134,587,6125,697,112,112
msg,0,135,548,6250,716,112,112
msg,0,136,601,5610,690,112,112
msg,0,137,594,5995,728,112,112
msg,0,138,589,28022,696,112,112
msg,0,139,586,5783,714,112,112
msg,0,140,557,7689,715,112,112
msg,0,141,587,6111,688,112,112
msg,0,142,557,5459,692,112,112
msg,0,143,557,5466,692,112,112
msg,0,144,596,5403,724,112,112
msg,0,145,592,5647,694,112,112
msg,0,146,554,5619,690,112,112
msg,0,147,552,8086,720,112,112
msg,0,148,585,5346,727,112,112
msg,0,149,587,25234,716,112,112
msg,0,150,562,6634,715,112,112
msg,0,151,580,5508,719,112,112
msg,0,152,582,5432,721,112,112
msg,0,153,587,6459,716,112,112
msg,0,154,550,5742,730,112,112
msg,0,155,582,7866,695,112,112
msg,0,156,555,6814,718,112,112
msg,0,157,549,5923,726,112,112
msg,0,158,583,7030,714,112,112
msg,0,159,553,33719,717,112,112
msg,0,160,580,5935,718,112,112
msg,0,161,581,7891,711,112,112
msg,0,162,562,5664,716,112,112
msg,0,163,589,7349,718,112,112
msg,0,164,554,5397,693,112,112
msg,0,165,556,5494,698,112,112
msg,0,166,554,5532,692,112,112
msg,0,167,557,5758,719,112,112
msg,0,168,590,5634,720,112,112
msg,0,169,583,31901,692,112,112
msg,0,170,555,6063,720,112,112
msg,0,171,584,9080,693,112,112
msg,0,172,556,6172,719,112,112
msg,0,173,594,6370,721,112,112
msg,0,174,583,5616,715,112,112
msg,0,175,598,5516,722,112,112
msg,0,176,602,5416,719,112,112
msg,0,177,594,5385,725,112,112
msg,0,178,580,5874,691,112,112
msg,0,179,667,26859,717,112,112
msg,0,180,584,6594,725,112,112
msg,0,181,590,5408,722,112,112
msg,0,182,586,5396,718,112,112
msg,0,183,587,6371,722,112,112
msg,0,184,586,7291,718,112,112
msg,0,185,554,6949,717,112,112
msg,0,186,592,5842,694,112,112
msg,0,187,1147,5605,723,112,112
msg,0,188,592,5999,721,112,112
msg,0,189,558,6009,724,112,112
msg,0,190,583,30344,720,112,112
msg,0,191,581,5527,724,112,112
msg,0,192,593,5506,721,112,112
msg,0,193,586,5349,719,112,112
msg,0,194,586,7533,729,112,112
msg,0,195,583,7912,693,112,112
msg,0,196,562,6231,721,112,112
msg,0,197,593,5388,724,112,112
msg,0,198,590,5524,729,112,112
msg,0,199,585,5603,720,112,112
whole,0,7771.791,9835.340,200
1,6.3740,7704.7720,92.0300,7803.1760,4207,4285,45,5016,4,14,5,20,117724,66363.0,70469.0,4518305.0,2920010.0,2,2,2,1
msg,1,0,1123,18787,721,112,112
msg,1,1,588,5422,715,112,112
msg,1,2,590,8081,692,112,112
msg,1,3,555,6797,722,112,112
msg,1,4,546,26483,722,112,112
msg,1,5,549,7724,723,112,112
msg,1,6,589,6668,730,112,112
msg,1,7,587,5541,722,112,112
msg,1,8,602,6784,694,112,112
msg,1,9,554,6096,719,112,112
msg,1,10,600,6486,715,112,112
msg,1,11,594,7042,693,112,112
msg,1,12,553,8522,692,112,112
msg,1,13,558,5315,694,112,112
msg,1,14,553,27195,723,112,112
msg,1,15,587,6103,714,112,112
msg,1,16,548,5859,726,112,112
msg,1,17,595,5844,692,112,112
msg,1,18,557,6307,721,112,112
msg,1,19,590,7728,694,112,112
msg,1,20,550,5354,717,112,112
msg,1,21,584,6338,721,112,112
msg,1,22,592,5499,722,112,112
msg,1,23,585,6566,719,112,112
msg,1,24,581,27709,697,112,112
msg,1,25,549,10131,722,112,112
msg,1,26,590,6590,723,112,112
msg,1,27,585,5457,728,112,112
msg,1,28,585,6745,693,112,112
msg,1,29,556,6672,692,112,112
msg,1,30,554,5930,720,112,112
msg,1,31,588,7862,694,112,112
msg,1,32,549,5977,717,112,112
msg,1,33,590,6328,724,112,112
msg,1,34,700,27825,722,112,112
msg,1,35,585,7364,719,112,112
msg,1,36,582,5647,723,112,112
msg,1,37,580,5556,721,112,112
msg,1,38,589,6462,720,112,112
msg,1,39,593,5625,691,112,112
msg,1,40,557,5375,718,112,112
msg,1,41,581,5372,843,112,112
msg,1,42,585,5850,716,112,112
msg,1,43,551,6362,693,112,112
msg,1,44,556,30347,720,112,112
msg,1,45,589,6927,721,112,112
msg,1,46,550,8396,693,112,112
msg,1,47,550,5498,691,112,112
msg,1,48,552,7698,718,112,112
msg,1,49,552,7126,693,112,112
msg,1,50,556,6519,690,112,112
msg,1,51,554,5717,695,112,112
msg,1,52,656,6563,714,112,112
msg,1,53,593,5813,693,112,112
msg,1,54,548,26530,695,112,112
msg,1,55,549,6868,723,112,112
msg,1,56,598,6774,720,112,112
msg,1,57,584,5343,723,112,112
msg,1,58,583,8035,708,112,112
msg,1,59,549,5467,688,112,112
msg,1,60,554,5651,717,112,112
msg,1,61,562,5598,722,112,112
msg,1,62,581,5661,721,112,112
msg,1,63,580,5397,725,112,112
msg,1,64,599,5776,717,112,112
msg,1,65,589,28833,692,112,112
msg,1,66,561,6896,720,112,112
msg,1,67,582,5954,695,112,112
msg,1,68,557,5372,716,112,112
msg,1,69,704,6283,721,112,112
msg,1,70,585,7335,724,112,112
msg,1,71,585,5687,717,112,112
msg,1,72,599,5349,725,112,112
msg,1,73,591,6804,693,112,112
msg,1,74,555,5759,717,112,112
msg,1,75,550,31213,693,112,112
msg,1,76,592,6436,725,112,112
msg,1,77,583,5694,692,112,112
msg,1,78,562,5580,690,112,112
msg,1,79,554,6043,720,112,112
msg,1,80,582,8263,722,112,112
msg,1,81,783,5569,720,112,112
msg,1,82,582,5827,696,112,112
msg,1,83,558,5623,711,112,112
msg,1,84,555,7879,721,112,112
msg,1,85,585,30322,715,112,112
msg,1,86,591,6595,723,112,112
msg,1,87,585,6705,723,112,112
msg,1,88,580,5527,719,112,112
msg,1,89,589,6151,727,112,112
msg,1,90,582,6204,826,112,112
msg,1,91,547,7719,719,112,112
msg,1,92,595,5965,693,112,112
msg,1,93,549,5517,690,112,112
msg,1,94,553,5973,713,112,112
msg,1,95,588,29173,694,112,112
msg,1,96,552,6383,692,112,112
msg,1,97,550,8264,831,112,112
msg,1,98,587,5404,724,112,112
msg,1,99,591,5404,719,112,112
msg,1,100,585,6638,722,112,112
msg,1,101,589,5529,724,112,112
msg,1,102,586,5589,694,112,112
msg,1,103,556,7565,807,112,112
msg,1,104,553,7202,722,112,112
msg,1,105,590,32584,691,112,112
msg,1,106,591,7159,728,112,112
msg,1,107,584,5810,691,112,112
msg,1,108,589,5749,694,112,112
msg,1,109,553,5620,720,112,112
msg,1,110,689,5413,720,112,112
msg,1,111,558,5500,719,112,112
msg,1,112,551,5621,717,112,112
msg,1,113,594,11085,692,112,112
msg,1,114,554,29008,726,112,112
msg,1,115,592,7040,692,112,112
msg,1,116,552,7346,723,112,112
msg,1,117,595,5617,694,112,112
msg,1,118,552,6602,691,112,112
msg,1,119,549,5679,724,112,112
msg,1,120,557,5379,695,112,112
msg,1,121,552,6396,693,112,112
msg,1,122,555,6419,726,112,112
msg,1,123,583,5525,693,112,112
msg,1,124,582,5993,718,112,112
msg,1,125,589,26642,720,112,112
msg,1,126,592,7446,724,112,112
msg,1,127,588,7019,690,112,112
msg,1,128,560,5472,695,112,112
msg,1,129,557,5855,720,112,112
msg,1,130,581,5633,721,112,112
msg,1,131,581,5724,725,112,112
msg,1,132,587,5503,721,112,112
msg,1,133,600,5981,716,112,112
msg,1,134,550,5629,714,112,112
msg,1,135,706,20340,843,112,112
msg,1,136,595,10301,720,112,112
msg,1,137,554,6777,833,112,112
msg,1,138,585,5546,719,112,112
msg,1,139,597,6224,726,112,112
msg,1,140,590,5770,721,112,112
msg,1,141,585,5323,729,112,112
msg,1,142,586,5292,716,112,112
msg,1,143,588,5534,722,112,112
msg,1,144,602,5876,695,112,112
msg,1,145,558,5754,717,112,112
msg,1,146,555,5891,724,112,112
msg,1,147,597,24359,722,112,112
msg,1,148,582,6154,692,112,112
msg,1,149,666,5484,719,112,112
msg,1,150,550,6117,720,112,112
msg,1,151,581,5484,727,112,112
msg,1,152,586,5357,728,112,112
msg,1,153,590,5889,694,112,112
msg,1,154,564,6280,696,112,112
msg,1,155,607,5385,722,112,112
msg,1,156,599,8615,693,112,112
msg,1,157,558,5465,694,112,112
msg,1,158,589,24700,692,112,112
msg,1,159,552,7548,697,112,112
msg,1,160,555,6187,717,112,112
msg,1,161,605,5496,720,112,112
msg,1,162,590,5447,716,112,112
msg,1,163,584,5604,693,112,112
msg,1,164,554,5311,724,112,112
msg,1,165,586,5438,717,112,112
msg,1,166,579,5343,724,112,112
msg,1,167,592,6084,835,112,112
msg,1,168,561,5697,725,112,112
msg,1,169,595,32317,717,112,112
msg,1,170,552,6041,719,112,112
msg,1,171,587,6388,724,112,112
msg,1,172,586,5882,691,112,112
msg,1,173,555,5414,692,112,112
msg,1,174,556,6482,692,112,112
msg,1,175,668,5577,687,112,112
msg,1,176,553,5386,695,112,112
msg,1,177,558,5586,812,112,112
msg,1,178,556,5375,696,112,112
msg,1,179,557,29264,714,112,112
msg,1,180,588,7166,721,112,112
msg,1,181,587,7663,717,112,112
msg,1,182,590,6338,729,112,112
msg,1,183,589,7326,722,112,112
msg,1,184,588,5933,716,112,112
msg,1,185,583,7390,720,112,112
msg,1,186,589,5306,726,112,112
msg,1,187,591,5628,720,112,112
msg,1,188,583,5783,692,112,112
msg,1,189,558,32568,695,112,112
msg,1,190,553,6820,723,112,112
msg,1,191,599,6044,694,112,112
msg,1,192,550,5888,717,112,112
msg,1,193,563,5843,715,112,112
msg,1,194,584,5616,719,112,112
msg,1,195,583,6895,716,112,112
msg,1,196,556,6113,721,112,112
msg,1,197,590,6682,695,112,112
msg,1,198,553,6021,719,112,112
msg,1,199,588,27346,718,112,112
whole,1,7830.785,9827.207,200
2,4.4040,7703.4580,32.9430,7740.8050,4207,4285,45,5016,4,14,5,20,117724,66531.0,70049.0,4523959.0,2920494.0,2,2,2,1
msg,2,0,705,5609,718,112,112
msg,2,1,552,5649,713,112,112
msg,2,2,590,8562,724,112,112
msg,2,3,600,9316,718,112,112
msg,2,4,561,5458,715,112,112
msg,2,5,548,6465,722,112,112
msg,2,6,555,14656,722,112,112
msg,2,7,586,43590,723,112,112
msg,2,8,582,7506,714,112,112
msg,2,9,584,6671,724,112,112
msg,2,10,591,7509,718,112,112
msg,2,11,587,5956,696,112,112
msg,2,12,553,6438,692,112,112
msg,2,13,551,5933,720,112,112
msg,2,14,581,5995,691,112,112
msg,2,15,551,6365,711,112,112
msg,2,16,580,32068,716,112,112
msg,2,17,583,6244,693,112,112
msg,2,18,565,6436,696,112,112
msg,2,19,553,11671,720,112,112
msg,2,20,548,5462,700,112,112
msg,2,21,554,5421,692,112,112
msg,2,22,562,8214,824,112,112
msg,2,23,589,5599,693,112,112
msg,2,24,563,5535,690,112,112
msg,2,25,555,29516,693,112,112
msg,2,26,554,5885,822,112,112
msg,2,27,583,5588,723,112,112
msg,2,28,599,5999,693,112,112
msg,2,29,555,5436,695,112,112
msg,2,30,550,6094,714,112,112
msg,2,31,588,7829,692,112,112
msg,2,32,590,7900,711,112,112
msg,2,33,551,6476,719,112,112
msg,2,34,554,6403,695,112,112
msg,2,35,557,33580,716,112,112
msg,2,36,662,6581,720,112,112
msg,2,37,594,6091,696,112,112
msg,2,38,556,6615,693,112,112
msg,2,39,561,6140,724,112,112
msg,2,40,589,6146,720,112,112
msg,2,41,584,5513,718,112,112
msg,2,42,587,6312,716,112,112
msg,2,43,560,5567,718,112,112
msg,2,44,553,5476,721,112,112
msg,2,45,550,28149,720,112,112
msg,2,46,584,6036,723,112,112
msg,2,47,589,6687,724,112,112
msg,2,48,589,7907,696,112,112
msg,2,49,561,6800,713,112,112
msg,2,50,582,8951,719,112,112
msg,2,51,587,6710,695,112,112
msg,2,52,551,5627,692,112,112
msg,2,53,565,5644,715,112,112
msg,2,54,551,5547,725,112,112
msg,2,55,563,28338,695,112,112
msg,2,56,570,7145,714,112,112
msg,2,57,584,5470,720,112,112
msg,2,58,590,7422,725,112,112
msg,2,59,588,7820,692,112,112
msg,2,60,554,6443,693,112,112
msg,2,61,548,6055,725,112,112
msg,2,62,589,6172,717,112,112
msg,2,63,563,6549,714,112,112
msg,2,64,550,7356,696,112,112
msg,2,65,563,28210,719,112,112
msg,2,66,587,6846,695,112,112
msg,2,67,563,5524,695,112,112
msg,2,68,550,6020,726,112,112
msg,2,69,586,5566,725,112,112
msg,2,70,602,5869,695,112,112
msg,2,71,553,5964,725,112,112
msg,2,72,584,6066,717,112,112
msg,2,73,556,5552,713,112,112
msg,2,74,553,6576,716,112,112
msg,2,75,553,5889,716,112,112
msg,2,76,579,25391,725,112,112
msg,2,77,594,8012,692,112,112
msg,2,78,554,6084,720,112,112
msg,2,79,583,5317,718,112,112
msg,2,80,587,5475,718,112,112
msg,2,81,587,6946,694,112,112
msg,2,82,556,7333,720,112,112
msg,2,83,579,7137,720,112,112
msg,2,84,582,9166,700,112,112
msg,2,85,557,34272,717,112,112
msg,2,86,585,6651,692,112,112
msg,2,87,667,7627,718,112,112
msg,2,88,564,5951,721,112,112
msg,2,89,588,5873,696,112,112
msg,2,90,550,7028,719,112,112
msg,2,91,587,7491,724,112,112
msg,2,92,585,11960,694,112,112
msg,2,93,555,6634,713,112,112
msg,2,94,555,32567,709,112,112
msg,2,95,559,6075,724,112,112
msg,2,96,588,6466,722,112,112
msg,2,97,587,5549,817,112,112
msg,2,98,567,5492,693,112,112
msg,2,99,554,5820,717,112,112
msg,2,100,563,9082,720,112,112
msg,2,101,583,5957,720,112,112
msg,2,102,551,8166,691,112,112
msg,2,103,559,28133,721,112,112
msg,2,104,599,6078,696,112,112
msg,2,105,559,6271,692,112,112
msg,2,106,598,8028,722,112,112
msg,2,107,581,6856,719,112,112
msg,2,108,588,5361,723,112,112
msg,2,109,589,5402,720,112,112
msg,2,110,588,6148,716,112,112
msg,2,111,549,5805,728,112,112
msg,2,112,589,5389,724,112,112
msg,2,113,584,6101,687,112,112
msg,2,114,557,26913,721,112,112
msg,2,115,581,7312,713,112,112
msg,2,116,1168,6350,716,112,112
msg,2,117,602,5901,715,112,112
msg,2,118,552,6934,723,112,112
msg,2,119,597,6136,717,112,112
msg,2,120,550,5589,720,112,112
msg,2,121,591,5937,722,112,112
msg,2,122,586,6583,691,112,112
msg,2,123,550,5366,715,112,112
msg,2,124,584,27020,717,112,112
msg,2,125,567,6056,726,112,112
msg,2,126,590,6172,721,112,112
msg,2,127,585,6694,841,112,112
msg,2,128,588,6320,716,112,112
msg,2,129,590,8089,718,112,112
msg,2,130,551,6652,720,112,112
msg,2,131,593,6775,727,112,112
msg,2,132,588,6631,691,112,112
msg,2,133,561,5367,723,112,112
msg,2,134,587,28000,719,112,112
msg,2,135,683,7040,696,112,112
msg,2,136,554,6015,720,112,112
msg,2,137,583,5365,721,112,112
msg,2,138,549,5562,719,112,112
msg,2,139,595,5380,709,112,112
msg,2,140,553,5588,719,112,112
msg,2,141,589,5392,716,112,112
msg,2,142,552,6355,698,112,112
msg,2,143,561,6325,695,112,112
msg,2,144,552,8582,694,112,112
msg,2,145,551,27029,719,112,112
msg,2,146,580,6374,714,112,112
msg,2,147,599,5795,713,112,112
msg,2,148,584,5771,697,112,112
msg,2,149,559,5560,695,112,112
msg,2,150,557,5456,688,112,112
msg,2,151,568,8569,693,112,112
msg,2,152,553,5668,693,112,112
msg,2,153,666,5615,718,112,112
msg,2,154,580,5343,718,112,112
msg,2,155,552,30147,724,112,112
msg,2,156,588,7083,721,112,112
msg,2,157,584,6558,718,112,112
msg,2,158,587,5730,727,112,112
msg,2,159,603,6976,720,112,112
msg,2,160,550,5486,719,112,112
msg,2,161,553,7409,711,112,112
msg,2,162,557,6786,725,112,112
msg,2,163,596,6640,723,112,112
msg,2,164,599,8030,716,112,112
msg,2,165,672,28489,728,112,112
msg,2,166,556,6817,726,112,112
msg,2,167,585,5353,716,112,112
msg,2,168,591,5534,728,112,112
msg,2,169,585,6226,720,112,112
msg,2,170,557,5384,693,112,112
msg,2,171,663,6224,694,112,112
msg,2,172,558,5911,721,112,112
msg,2,173,573,6670,722,112,112
msg,2,174,585,6387,714,112,112
msg,2,175,577,34012,691,112,112
msg,2,176,586,5742,809,112,112
msg,2,177,552,7300,690,112,112
msg,2,178,554,5410,694,112,112
msg,2,179,575,7613,696,112,112
msg,2,180,548,5475,687,112,112
msg,2,181,552,5405,724,112,112
msg,2,182,568,6668,718,112,112
msg,2,183,563,7222,696,112,112
msg,2,184,590,5702,698,112,112
msg,2,185,553,28322,692,112,112
msg,2,186,598,6760,695,112,112
msg,2,187,557,5604,717,112,112
msg,2,188,551,5769,718,112,112
msg,2,189,582,6005,696,112,112
msg,2,190,561,5583,693,112,112
msg,2,191,557,5870,729,112,112
msg,2,192,759,6128,722,112,112
msg,2,193,561,6523,723,112,112
msg,2,194,553,7336,696,112,112
msg,2,195,554,29329,697,112,112
msg,2,196,559,6052,724,112,112
msg,2,197,588,6891,693,112,112
msg,2,198,589,7049,835,112,112
msg,2,199,584,6715,717,112,112
whole,2,7776.591,9852.721,200
#heap 26787
#stack 53312
#end
=== done ===
