=== MQTT / TLS 1.3 / mTLS, SNOVA5K certificates, X25519MLKEM768 (wolfSSL 5.9.4) on RP2040 ===
CPU clock: 200 MHz
#config iterations=50 warmup=5 pipe_iterations=3 messages=200 payload_B=51 schemes=2 sweep_iterations=20 sweep_warmup=2 groups=13 kex_iterations=50 kex_warmup=2 blocks=15
#kat LoRaWAN / AES-CMAC / Ascon known-answer checks: OK
#wifi rssi=-21 dBm channel=10 ip=192.168.50.235 broker=192.168.50.132
#block connect plain
#lib none (plain MQTT)
iter,tcp_ms,tls_ms,mqtt_ms,total_ms,hs_tx_B,hs_rx_B,mqtt_tx_B,mqtt_rx_B,hs_writes,hs_reads,writes,reads,free_heap_B,hs_keygen_us,hs_derive_us,hs_verify_us,hs_sign_us,hs_keygen_n,hs_derive_n,hs_verify_n,hs_sign_n
0,17.3700,0.0010,20.2170,37.5880,0,0,23,4,0,0,1,1,79224,0.0,0.0,0.0,0.0,0,0,0,0
1,8.5560,0.0030,6.1920,14.7510,0,0,23,4,0,0,1,1,79000,0.0,0.0,0.0,0.0,0,0,0,0
2,6.6040,0.0010,6.7480,13.3530,0,0,23,4,0,0,1,1,79000,0.0,0.0,0.0,0.0,0,0,0,0
3,26.4530,0.0020,27.2060,53.6610,0,0,23,4,0,0,1,1,79000,0.0,0.0,0.0,0.0,0,0,0,0
4,11.3680,0.0020,7.5920,18.9620,0,0,23,4,0,0,1,1,79000,0.0,0.0,0.0,0.0,0,0,0,0
5,5.3530,0.0030,9.8250,15.1810,0,0,23,4,0,0,1,1,79000,0.0,0.0,0.0,0.0,0,0,0,0
6,21.4560,0.0020,35.6640,57.1220,0,0,23,4,0,0,1,1,79000,0.0,0.0,0.0,0.0,0,0,0,0
7,9.3510,0.0020,4.1780,13.5310,0,0,23,4,0,0,1,1,79000,0.0,0.0,0.0,0.0,0,0,0,0
8,5.3520,0.0020,5.6620,11.0160,0,0,23,4,0,0,1,1,79000,0.0,0.0,0.0,0.0,0,0,0,0
9,16.4260,0.0030,51.3340,67.7630,0,0,23,4,0,0,1,1,79000,0.0,0.0,0.0,0.0,0,0,0,0
10,4.5020,0.0030,5.5480,10.0530,0,0,23,4,0,0,1,1,79000,0.0,0.0,0.0,0.0,0,0,0,0
11,8.3560,0.0020,29.1270,37.4850,0,0,23,4,0,0,1,1,79000,0.0,0.0,0.0,0.0,0,0,0,0
12,7.3840,0.0020,5.0830,12.4690,0,0,23,4,0,0,1,1,79000,0.0,0.0,0.0,0.0,0,0,0,0
13,6.3810,0.0020,4.6360,11.0190,0,0,23,4,0,0,1,1,79000,0.0,0.0,0.0,0.0,0,0,0,0
14,4.3430,0.0020,4.7940,9.1390,0,0,23,4,0,0,1,1,79000,0.0,0.0,0.0,0.0,0,0,0,0
15,17.4880,0.0030,5.5230,23.0140,0,0,23,4,0,0,1,1,79000,0.0,0.0,0.0,0.0,0,0,0,0
16,7.3950,0.0020,10.5640,17.9610,0,0,23,4,0,0,1,1,79000,0.0,0.0,0.0,0.0,0,0,0,0
17,3.5510,0.0020,4.3300,7.8830,0,0,23,4,0,0,1,1,79000,0.0,0.0,0.0,0.0,0,0,0,0
18,5.3650,0.0030,6.3510,11.7190,0,0,23,4,0,0,1,1,79000,0.0,0.0,0.0,0.0,0,0,0,0
19,28.3850,0.0020,4.1940,32.5810,0,0,23,4,0,0,1,1,79000,0.0,0.0,0.0,0.0,0,0,0,0
20,11.3640,0.0020,4.2620,15.6280,0,0,23,4,0,0,1,1,79000,0.0,0.0,0.0,0.0,0,0,0,0
21,7.3670,0.0020,4.1090,11.4780,0,0,23,4,0,0,1,1,79000,0.0,0.0,0.0,0.0,0,0,0,0
22,20.3700,0.0020,11.9100,32.2820,0,0,23,4,0,0,1,1,79000,0.0,0.0,0.0,0.0,0,0,0,0
23,6.3450,0.0020,7.6540,14.0010,0,0,23,4,0,0,1,1,79000,0.0,0.0,0.0,0.0,0,0,0,0
24,5.4710,0.0020,4.2070,9.6800,0,0,23,4,0,0,1,1,79000,0.0,0.0,0.0,0.0,0,0,0,0
25,5.4290,0.0030,4.1700,9.6020,0,0,23,4,0,0,1,1,79000,0.0,0.0,0.0,0.0,0,0,0,0
26,5.4830,0.0030,30.0560,35.5420,0,0,23,4,0,0,1,1,79000,0.0,0.0,0.0,0.0,0,0,0,0
27,7.5630,0.0030,4.8890,12.4550,0,0,23,4,0,0,1,1,79000,0.0,0.0,0.0,0.0,0,0,0,0
28,5.3830,0.0020,5.3400,10.7250,0,0,23,4,0,0,1,1,79000,0.0,0.0,0.0,0.0,0,0,0,0
29,5.3760,0.0020,18.2430,23.6210,0,0,23,4,0,0,1,1,79000,0.0,0.0,0.0,0.0,0,0,0,0
30,26.5290,0.0030,6.4290,32.9610,0,0,23,4,0,0,1,1,79000,0.0,0.0,0.0,0.0,0,0,0,0
31,8.3700,0.0020,3.8960,12.2680,0,0,23,4,0,0,1,1,79000,0.0,0.0,0.0,0.0,0,0,0,0
32,4.5770,0.0010,7.2050,11.7830,0,0,23,4,0,0,1,1,79000,0.0,0.0,0.0,0.0,0,0,0,0
33,18.7840,0.0020,16.8580,35.6440,0,0,23,4,0,0,1,1,79000,0.0,0.0,0.0,0.0,0,0,0,0
34,6.3550,0.0030,7.2580,13.6160,0,0,23,4,0,0,1,1,79000,0.0,0.0,0.0,0.0,0,0,0,0
35,7.3690,0.0020,4.8500,12.2210,0,0,23,4,0,0,1,1,79000,0.0,0.0,0.0,0.0,0,0,0,0
36,4.3480,0.0020,6.4610,10.8110,0,0,23,4,0,0,1,1,79000,0.0,0.0,0.0,0.0,0,0,0,0
37,7.3590,0.0020,13.2140,20.5750,0,0,23,4,0,0,1,1,79000,0.0,0.0,0.0,0.0,0,0,0,0
38,7.3880,0.0020,4.6190,12.0090,0,0,23,4,0,0,1,1,79000,0.0,0.0,0.0,0.0,0,0,0,0
39,5.3530,0.0030,4.1370,9.4930,0,0,23,4,0,0,1,1,79000,0.0,0.0,0.0,0.0,0,0,0,0
40,4.3720,0.0020,10.1210,14.4950,0,0,23,4,0,0,1,1,79000,0.0,0.0,0.0,0.0,0,0,0,0
41,5.4650,0.0020,26.8440,32.3110,0,0,23,4,0,0,1,1,79000,0.0,0.0,0.0,0.0,0,0,0,0
42,6.7630,0.0020,5.6260,12.3910,0,0,23,4,0,0,1,1,79000,0.0,0.0,0.0,0.0,0,0,0,0
43,6.3520,0.0020,4.3940,10.7480,0,0,23,4,0,0,1,1,79000,0.0,0.0,0.0,0.0,0,0,0,0
44,4.7320,0.0030,16.6340,21.3690,0,0,23,4,0,0,1,1,79000,0.0,0.0,0.0,0.0,0,0,0,0
45,17.7210,0.0020,10.4650,28.1880,0,0,23,4,0,0,1,1,79000,0.0,0.0,0.0,0.0,0,0,0,0
46,5.3920,0.0020,8.6080,14.0020,0,0,23,4,0,0,1,1,79000,0.0,0.0,0.0,0.0,0,0,0,0
47,5.3850,0.0020,4.4750,9.8620,0,0,23,4,0,0,1,1,79000,0.0,0.0,0.0,0.0,0,0,0,0
48,4.6690,0.0020,17.8070,22.4780,0,0,23,4,0,0,1,1,79000,0.0,0.0,0.0,0.0,0,0,0,0
49,11.5950,0.0020,7.0780,18.6750,0,0,23,4,0,0,1,1,79000,0.0,0.0,0.0,0.0,0,0,0,0
#stack 1828
#end
#block connect TLS
#lib wolfSSL 5.9.4
iter,tcp_ms,tls_ms,mqtt_ms,total_ms,hs_tx_B,hs_rx_B,mqtt_tx_B,mqtt_rx_B,hs_writes,hs_reads,writes,reads,free_heap_B,hs_keygen_us,hs_derive_us,hs_verify_us,hs_sign_us,hs_keygen_n,hs_derive_n,hs_verify_n,hs_sign_n
#suite TLS13-AES256-GCM-SHA384
0,6.5840,7490.1250,73.6970,7570.4060,1391,4627,45,568,2,12,3,18,76672,66333.0,70050.0,7223313.0,0.0,2,2,2,0
1,5.5300,7491.1050,29.9310,7526.5660,1391,4627,45,568,2,12,3,18,76672,66179.0,70012.0,7223479.0,0.0,2,2,2,0
2,8.6620,7494.2860,115.3140,7618.2620,1391,4627,45,568,2,12,3,18,76672,66231.0,71628.0,7231780.0,0.0,2,2,2,0
3,19.7170,7472.9760,78.0320,7570.7250,1391,4627,45,568,2,12,3,18,76672,66206.0,69915.0,7221809.0,0.0,2,2,2,0
4,5.4080,7485.9650,92.9720,7584.3450,1391,4627,45,568,2,12,3,18,76672,66209.0,70168.0,7222396.0,0.0,2,2,2,0
5,5.7770,7487.4960,88.9580,7582.2310,1391,4627,45,568,2,12,3,18,76672,66167.0,70035.0,7227928.0,0.0,2,2,2,0
6,5.4450,7498.9500,65.8700,7570.2650,1391,4627,45,568,2,12,3,18,76672,66101.0,70125.0,7230562.0,0.0,2,2,2,0
7,6.5170,7484.9930,34.7700,7526.2800,1391,4627,45,568,2,12,3,18,76672,66180.0,70112.0,7218412.0,0.0,2,2,2,0
8,4.5780,7518.6600,92.0020,7615.2400,1391,4627,45,568,2,12,3,18,76672,66327.0,70083.0,7221644.0,0.0,2,2,2,0
9,5.5580,7479.5510,86.1850,7571.2940,1391,4627,45,568,2,12,3,18,76672,66304.0,70111.0,7229272.0,0.0,2,2,2,0
10,5.5050,7473.7920,91.1250,7570.4220,1391,4627,45,568,2,12,3,18,76672,66065.0,70016.0,7225587.0,0.0,2,2,2,0
11,4.4110,7487.0930,77.9200,7569.4240,1391,4627,45,568,2,12,3,18,76672,66284.0,69994.0,7217470.0,0.0,2,2,2,0
12,4.5710,7468.8930,97.0340,7570.4980,1391,4627,45,568,2,12,3,18,76672,66308.0,69897.0,7219000.0,0.0,2,2,2,0
13,5.6150,7486.3660,77.7310,7569.7120,1391,4627,45,568,2,12,3,18,76672,66234.0,70191.0,7220949.0,0.0,2,2,2,0
14,4.4420,7472.4430,93.6040,7570.4890,1391,4627,45,568,2,12,3,18,76672,66185.0,70086.0,7223649.0,0.0,2,2,2,0
15,4.4020,7470.1240,96.0540,7570.5800,1391,4627,45,568,2,12,3,18,76672,66320.0,70080.0,7220013.0,0.0,2,2,2,0
16,5.4920,7464.3300,102.7420,7572.5640,1391,4627,45,568,2,12,3,18,76672,66168.0,70011.0,7214048.0,0.0,2,2,2,0
17,5.4510,7473.1050,25.4700,7504.0260,1391,4627,45,568,2,12,3,18,76672,66185.0,70114.0,7224673.0,0.0,2,2,2,0
18,20.4490,7496.3020,123.7700,7640.5210,1391,4627,45,568,2,12,3,18,76672,66068.0,70095.0,7230930.0,0.0,2,2,2,0
19,16.6090,7481.9340,125.1850,7623.7280,1391,4627,45,568,2,12,3,18,76672,66195.0,70084.0,7224096.0,0.0,2,2,2,0
20,5.7960,7655.7030,30.4060,7691.9050,1391,4627,45,568,2,12,3,18,76672,66367.0,70365.0,7215528.0,0.0,2,2,2,0
21,5.6190,7480.7250,86.4470,7572.7910,1391,4627,45,568,2,12,3,18,76672,66374.0,70004.0,7215718.0,0.0,2,2,2,0
22,20.4100,7479.9590,63.3880,7563.7570,1391,4627,45,568,2,12,3,18,76672,66200.0,69941.0,7224141.0,0.0,2,2,2,0
23,6.3880,7472.0010,93.9020,7572.2910,1391,4627,45,568,2,12,3,18,76672,66267.0,70150.0,7222193.0,0.0,2,2,2,0
24,4.4930,7468.8620,91.5000,7564.8550,1391,4627,45,568,2,12,3,18,76672,66169.0,71892.0,7221967.0,0.0,2,2,2,0
25,6.3960,7485.6930,78.1830,7570.2720,1391,4627,45,568,2,12,3,18,76672,66337.0,70041.0,7220893.0,0.0,2,2,2,0
26,5.4250,7481.6800,83.7860,7570.8910,1391,4627,45,568,2,12,3,18,76672,66245.0,70190.0,7234304.0,0.0,2,2,2,0
27,5.4770,7468.9180,97.2770,7571.6720,1391,4627,45,568,2,12,3,18,76672,66203.0,70076.0,7218719.0,0.0,2,2,2,0
28,5.4760,7469.0850,13.7520,7488.3130,1391,4627,45,568,2,12,3,18,76672,66228.0,71006.0,7219332.0,0.0,2,2,2,0
29,18.4530,7479.3910,43.7540,7541.5980,1391,4627,45,568,2,12,3,18,76672,66366.0,70054.0,7220853.0,0.0,2,2,2,0
30,5.5090,7487.1540,79.6050,7572.2680,1391,4627,45,568,2,12,3,18,76672,66180.0,71740.0,7222342.0,0.0,2,2,2,0
31,5.6100,7483.8130,79.2980,7568.7210,1391,4627,45,568,2,12,3,18,76672,66167.0,70328.0,7221169.0,0.0,2,2,2,0
32,5.6110,7470.9490,93.0440,7569.6040,1391,4627,45,568,2,12,3,18,76672,66185.0,70186.0,7222932.0,0.0,2,2,2,0
33,5.5890,7474.1480,91.6150,7571.3520,1391,4627,45,568,2,12,3,18,76672,66401.0,71984.0,7223334.0,0.0,2,2,2,0
34,5.7180,7483.5610,80.1130,7569.3920,1391,4627,45,568,2,12,3,18,76672,66159.0,70117.0,7235341.0,0.0,2,2,2,0
35,4.4220,7472.9750,94.2020,7571.5990,1391,4627,45,568,2,12,3,18,76672,66080.0,70054.0,7224136.0,0.0,2,2,2,0
36,5.4770,7483.7810,33.5130,7522.7710,1391,4627,45,568,2,12,3,18,76672,66490.0,70141.0,7219783.0,0.0,2,2,2,0
37,5.4380,7481.0690,27.7310,7514.2380,1391,4627,45,568,2,12,3,18,76672,66262.0,69920.0,7218823.0,0.0,2,2,2,0
38,4.6710,7467.4080,12.7560,7484.8350,1391,4627,45,568,2,12,3,18,76672,66225.0,69944.0,7218923.0,0.0,2,2,2,0
39,18.4530,7478.6160,43.9400,7541.0090,1391,4627,45,568,2,12,3,18,76672,66337.0,70238.0,7220656.0,0.0,2,2,2,0
40,4.4280,7465.3670,100.9670,7570.7620,1391,4627,45,568,2,12,3,18,76672,66178.0,70109.0,7218342.0,0.0,2,2,2,0
41,5.4020,7468.3080,97.1790,7570.8890,1391,4627,45,568,2,12,3,18,76672,66166.0,70113.0,7219720.0,0.0,2,2,2,0
42,6.4880,7478.6030,86.6140,7571.7050,1391,4627,45,568,2,12,3,18,76672,66569.0,70296.0,7231304.0,0.0,2,2,2,0
43,5.4340,7463.2940,101.7560,7570.4840,1391,4627,45,568,2,12,3,18,76672,66197.0,71692.0,7218440.0,0.0,2,2,2,0
44,5.5540,7470.5050,95.0530,7571.1120,1391,4627,45,568,2,12,3,18,76672,66235.0,72084.0,7220236.0,0.0,2,2,2,0
45,5.4310,7468.5770,97.1920,7571.2000,1391,4627,45,568,2,12,3,18,76672,66357.0,70982.0,7219411.0,0.0,2,2,2,0
46,7.6880,7466.4850,95.0150,7569.1880,1391,4627,45,568,2,12,3,18,76672,66111.0,71182.0,7220445.0,0.0,2,2,2,0
47,9.4450,7471.3510,82.8750,7563.6710,1391,4627,45,568,2,12,3,18,76672,66092.0,70136.0,7218274.0,0.0,2,2,2,0
48,5.4940,7469.2990,97.2260,7572.0190,1391,4627,45,568,2,12,3,18,76672,66096.0,70093.0,7220608.0,0.0,2,2,2,0
49,4.5430,7487.7790,76.0250,7568.3470,1391,4627,45,568,2,12,3,18,76672,66310.0,70017.0,7221790.0,0.0,2,2,2,0
#heap 22791
#stack 19664
#end
#block connect mTLS
#lib wolfSSL 5.9.4
iter,tcp_ms,tls_ms,mqtt_ms,total_ms,hs_tx_B,hs_rx_B,mqtt_tx_B,mqtt_rx_B,hs_writes,hs_reads,writes,reads,free_heap_B,hs_keygen_us,hs_derive_us,hs_verify_us,hs_sign_us,hs_keygen_n,hs_derive_n,hs_verify_n,hs_sign_n
#suite TLS13-AES256-GCM-SHA384
0,17.5830,12410.3670,160.7640,12588.7140,4735,4813,45,5336,4,14,5,20,72880,66162.0,71748.0,7194086.0,4949450.0,2,2,2,1
1,4.6080,12415.6800,166.1300,12586.4180,4735,4813,45,5336,4,14,5,20,72880,66179.0,70170.0,7197818.0,4946377.0,2,2,2,1
2,5.6580,12414.3470,168.1270,12588.1320,4735,4813,45,5336,4,14,5,20,72880,66496.0,70008.0,7196506.0,4945318.0,2,2,2,1
3,6.3760,17349.0110,45.9030,17401.2900,4735,4813,45,5336,4,14,5,20,72880,66551.0,70021.0,7207607.0,9886918.0,2,2,2,1
4,7.4070,12416.8990,163.4070,12587.7130,4735,4813,45,5336,4,14,5,20,72880,66320.0,69921.0,7205907.0,4953096.0,2,2,2,1
5,4.4000,12415.4350,167.7240,12587.5590,4735,4813,45,5336,4,14,5,20,72880,66292.0,69976.0,7201074.0,4951108.0,2,2,2,1
6,5.4040,12412.2060,68.6620,12486.2720,4735,4813,45,5336,4,14,5,20,72880,66274.0,70058.0,7195799.0,4947860.0,2,2,2,1
7,5.4370,12432.9610,150.9040,12589.3020,4735,4813,45,5336,4,14,5,20,72880,66379.0,70093.0,7202534.0,4948057.0,2,2,2,1
8,5.4160,12432.2380,245.3370,12682.9910,4735,4813,45,5336,4,14,5,20,72880,66697.0,70874.0,7197532.0,4959688.0,2,2,2,1
9,6.4170,12431.9040,151.7170,12590.0380,4735,4813,45,5336,4,14,5,20,72880,66369.0,70151.0,7204769.0,4953323.0,2,2,2,1
10,4.6460,22276.2200,136.2520,22417.1180,4735,4813,45,5336,4,14,5,21,72880,66248.0,70111.0,7204944.0,14800585.0,2,2,2,1
11,4.4200,12415.1540,45.7750,12465.3490,4735,4813,45,5336,4,14,5,20,72880,66300.0,70119.0,7199602.0,4947770.0,2,2,2,1
12,5.4260,12429.2520,131.5070,12566.1850,4735,4813,45,5336,4,14,5,20,72880,66281.0,70035.0,7202292.0,4953902.0,2,2,2,1
13,5.4110,12410.8770,73.5570,12489.8450,4735,4813,45,5336,4,14,5,20,72880,66449.0,70184.0,7200658.0,4947081.0,2,2,2,1
14,6.3760,12441.1950,140.3400,12587.9110,4735,4813,45,5336,4,14,5,20,72880,66230.0,70025.0,7196564.0,4953737.0,2,2,2,1
15,8.5720,12439.0700,138.9800,12586.6220,4735,4813,45,5336,4,14,5,20,72880,66099.0,70576.0,7200724.0,4949604.0,2,2,2,1
16,5.4940,12408.4300,45.5970,12459.5210,4735,4813,45,5336,4,14,5,20,72880,66098.0,70079.0,7204645.0,4945872.0,2,2,2,1
17,5.4280,12445.1540,143.5200,12594.1020,4735,4813,45,5336,4,14,5,20,72880,66083.0,70003.0,7210531.0,4944734.0,2,2,2,1
18,6.5360,12424.6570,156.1010,12587.2940,4735,4813,45,5336,4,14,5,20,72880,66196.0,70070.0,7197723.0,4948814.0,2,2,2,1
19,6.7190,17332.4670,159.2060,17498.3920,4735,4813,45,5336,4,14,5,20,72880,66266.0,70088.0,7193777.0,9877756.0,2,2,2,1
20,6.4130,12405.5700,75.7540,12487.7370,4735,4813,45,5336,4,14,5,20,72880,66299.0,70265.0,7196526.0,4948529.0,2,2,2,1
21,5.6640,12413.0410,67.7510,12486.4560,4735,4813,45,5336,4,14,5,20,72880,66305.0,69974.0,7197404.0,4959653.0,2,2,2,1
22,4.9050,12418.2250,163.8850,12587.0150,4735,4813,45,5336,4,14,5,20,72880,66208.0,69928.0,7203118.0,4945115.0,2,2,2,1
23,5.6150,12408.7460,72.1160,12486.4770,4735,4813,45,5336,4,14,5,20,72880,66263.0,70027.0,7195824.0,4948455.0,2,2,2,1
24,5.7430,12404.2050,74.9700,12484.9180,4735,4813,45,5336,4,14,5,20,72880,66211.0,70136.0,7195253.0,4948019.0,2,2,2,1
25,4.5720,12414.9660,66.6950,12486.2330,4735,4813,45,5336,4,14,5,20,72880,66194.0,70045.0,7198378.0,4951036.0,2,2,2,1
26,13.7970,12427.5480,174.9830,12616.3280,4735,4813,45,5336,4,14,5,20,72880,66168.0,70145.0,7206670.0,4948619.0,2,2,2,1
27,7.5390,12419.2240,45.9510,12472.7140,4735,4813,45,5336,4,14,5,20,72880,66256.0,71136.0,7200344.0,4946915.0,2,2,2,1
28,6.6180,12409.2000,156.6140,12572.4320,4735,4813,45,5336,4,14,5,20,72880,66322.0,71121.0,7200059.0,4948025.0,2,2,2,1
29,5.3790,12414.4590,165.3660,12585.2040,4735,4813,45,5336,4,14,5,20,72880,66175.0,70040.0,7197563.0,4949077.0,2,2,2,1
30,5.5140,12458.2120,121.8990,12585.6250,4735,4813,45,5336,4,14,5,20,72880,66218.0,71973.0,7202344.0,4952426.0,2,2,2,1
31,6.4790,12415.4650,165.6430,12587.5870,4735,4813,45,5336,4,14,5,20,72880,66286.0,70097.0,7209638.0,4948017.0,2,2,2,1
32,5.4800,12411.7770,67.7470,12485.0040,4735,4813,45,5336,4,14,5,20,72880,66304.0,70005.0,7198814.0,4952663.0,2,2,2,1
33,6.8690,12436.1520,139.0680,12582.0890,4735,4813,45,5336,4,14,5,20,72880,66439.0,71630.0,7202513.0,4951555.0,2,2,2,1
34,5.5710,12418.5780,166.6570,12590.8060,4735,4813,45,5336,4,14,5,20,72880,66114.0,70204.0,7201801.0,4949820.0,2,2,2,1
35,5.7580,12406.2790,44.9640,12457.0010,4735,4813,45,5336,4,14,5,20,72880,66308.0,70044.0,7196990.0,4947371.0,2,2,2,1
36,4.4090,12429.2250,162.4990,12596.1330,4735,4813,45,5336,4,14,5,20,72880,66246.0,70158.0,7205221.0,4944252.0,2,2,2,1
37,5.3740,12416.5990,164.4250,12586.3980,4735,4813,45,5336,4,14,5,20,72880,66169.0,70089.0,7191708.0,4942692.0,2,2,2,1
38,6.3930,12422.7660,157.0620,12586.2210,4735,4813,45,5336,4,14,5,20,72880,66154.0,70005.0,7195983.0,4952508.0,2,2,2,1
39,2606.1710,12422.1940,117.8900,15146.2550,4735,4813,45,5336,4,14,5,20,72880,66095.0,69976.0,7193314.0,4949779.0,2,2,2,1
40,4.4010,12451.4980,150.3950,12606.2940,4735,4813,45,5336,4,14,5,20,72880,66190.0,69947.0,7199210.0,4958792.0,2,2,2,1
41,8.4690,12415.6900,145.6570,12569.8160,4735,4813,45,5336,4,14,5,20,72880,66484.0,70085.0,7198454.0,4948308.0,2,2,2,1
42,6.4600,12398.5930,78.5850,12483.6380,4735,4813,45,5336,4,14,5,20,72880,66282.0,70067.0,7191655.0,4941488.0,2,2,2,1
43,5.3770,12418.8790,163.5540,12587.8100,4735,4813,45,5336,4,14,5,20,72880,66346.0,70135.0,7196139.0,4948157.0,2,2,2,1
44,5.5590,12413.2260,67.0320,12485.8170,4735,4813,45,5336,4,14,5,20,72880,66377.0,70103.0,7194681.0,4950137.0,2,2,2,1
45,6.4780,12430.6110,153.4110,12590.5000,4735,4813,45,5336,4,14,5,20,72880,66089.0,70115.0,7217607.0,4956824.0,2,2,2,1
46,20.3940,12407.4410,159.3190,12587.1540,4735,4813,45,5336,4,14,5,20,72880,66473.0,70066.0,7207574.0,4945374.0,2,2,2,1
47,6.5820,12423.7800,157.0950,12587.4570,4735,4813,45,5336,4,14,5,20,72880,66234.0,70196.0,7203680.0,4950021.0,2,2,2,1
48,23.3850,12424.0830,134.9880,12582.4560,4735,4813,45,5336,4,14,5,20,72880,66788.0,70464.0,7200499.0,4950857.0,2,2,2,1
49,5.3880,12420.9810,161.6290,12587.9980,4735,4813,45,5336,4,14,5,20,72880,66097.0,69803.0,7196630.0,4951084.0,2,2,2,1
#heap 26551
#stack 95784
#end
#block pipeline plain lorawan11 up
#aead LoRaWAN-1.1 AES-128-CTR+2xCMAC (BearSSL (arduino-pico)), uplink, 51 B payload + 13 B overhead
#lib none (plain MQTT)
iter,tcp_ms,tls_ms,mqtt_ms,total_ms,hs_tx_B,hs_rx_B,mqtt_tx_B,mqtt_rx_B,hs_writes,hs_reads,writes,reads,free_heap_B,hs_keygen_us,hs_derive_us,hs_verify_us,hs_sign_us,hs_keygen_n,hs_derive_n,hs_verify_n,hs_sign_n
msg,iter,idx,seal_us,rtt_us,open_us,tx_B,rx_B
whole,iter,first_ms,all_ms,msgs
0,6.3710,0.0030,4.6420,11.0160,0,0,23,4,0,0,1,1,79000,0.0,0.0,0.0,0.0,0,0,0,0
msg,0,0,827,3682,750,90,90
msg,0,1,700,11005,748,90,90
msg,0,2,701,4013,726,90,90
msg,0,3,696,4490,730,90,90
msg,0,4,672,4674,753,90,90
msg,0,5,705,36117,731,90,90
msg,0,6,670,4822,755,90,90
msg,0,7,696,4027,731,90,90
msg,0,8,670,4435,728,90,90
msg,0,9,675,4145,748,90,90
msg,0,10,692,4554,729,90,90
msg,0,11,671,3896,747,90,90
msg,0,12,695,4463,742,90,90
msg,0,13,697,5158,739,90,90
msg,0,14,697,4196,739,90,90
msg,0,15,671,4122,725,90,90
msg,0,16,699,20250,766,90,90
msg,0,17,693,13532,737,90,90
msg,0,18,709,3882,746,90,90
msg,0,19,692,5155,745,90,90
msg,0,20,677,3954,751,90,90
msg,0,21,690,3802,745,90,90
msg,0,22,668,3932,750,90,90
msg,0,23,691,3895,748,90,90
msg,0,24,766,3848,745,90,90
msg,0,25,696,8570,724,90,90
msg,0,26,701,4231,742,90,90
msg,0,27,696,4025,768,90,90
msg,0,28,692,6363,755,90,90
msg,0,29,688,30702,742,90,90
msg,0,30,695,4762,746,90,90
msg,0,31,674,4645,756,90,90
msg,0,32,692,3509,753,90,90
msg,0,33,692,3574,743,90,90
msg,0,34,701,3863,753,90,90
msg,0,35,684,4773,750,90,90
msg,0,36,693,3783,731,90,90
msg,0,37,681,4961,746,90,90
msg,0,38,693,6120,744,90,90
msg,0,39,695,3859,749,90,90
msg,0,40,701,3861,741,90,90
msg,0,41,677,9566,751,90,90
msg,0,42,702,23918,726,90,90
msg,0,43,695,3944,753,90,90
msg,0,44,706,5302,747,90,90
msg,0,45,707,4037,728,90,90
msg,0,46,672,3903,750,90,90
msg,0,47,691,3833,733,90,90
msg,0,48,676,4079,749,90,90
msg,0,49,702,3836,746,90,90
msg,0,50,678,4756,756,90,90
msg,0,51,694,7065,753,90,90
msg,0,52,681,3751,753,90,90
msg,0,53,694,3814,732,90,90
msg,0,54,669,8943,798,90,90
msg,0,55,698,28018,754,90,90
msg,0,56,698,3873,752,90,90
msg,0,57,702,4436,747,90,90
msg,0,58,692,3579,734,90,90
msg,0,59,675,3608,746,90,90
msg,0,60,675,4603,744,90,90
msg,0,61,704,3639,751,90,90
msg,0,62,695,3865,738,90,90
msg,0,63,670,6877,750,90,90
msg,0,64,691,4314,750,90,90
msg,0,65,697,4769,731,90,90
msg,0,66,674,4800,747,90,90
msg,0,67,701,30360,755,90,90
msg,0,68,702,4453,749,90,90
msg,0,69,690,4340,799,90,90
msg,0,70,690,4141,742,90,90
msg,0,71,677,4248,728,90,90
msg,0,72,675,4268,728,90,90
msg,0,73,702,3989,751,90,90
msg,0,74,700,3832,728,90,90
msg,0,75,675,7873,742,90,90
msg,0,76,688,5618,746,90,90
msg,0,77,697,5306,746,90,90
msg,0,78,695,5233,760,90,90
msg,0,79,703,13283,793,90,90
msg,0,80,702,18396,801,90,90
msg,0,81,695,3547,753,90,90
msg,0,82,702,3717,725,90,90
msg,0,83,675,5010,752,90,90
msg,0,84,703,3922,746,90,90
msg,0,85,679,4047,750,90,90
msg,0,86,699,4462,727,90,90
msg,0,87,705,5670,752,90,90
msg,0,88,678,4159,730,90,90
msg,0,89,708,6590,730,90,90
msg,0,90,675,3850,753,90,90
msg,0,91,709,3904,730,90,90
msg,0,92,670,30230,731,90,90
msg,0,93,695,4068,745,90,90
msg,0,94,701,4941,745,90,90
msg,0,95,671,3881,748,90,90
msg,0,96,691,4166,749,90,90
msg,0,97,706,3745,748,90,90
msg,0,98,693,3848,744,90,90
msg,0,99,691,3803,743,90,90
msg,0,100,702,5015,747,90,90
msg,0,101,705,4525,754,90,90
msg,0,102,691,6005,741,90,90
msg,0,103,676,4066,739,90,90
msg,0,104,766,18729,740,90,90
msg,0,105,692,18345,749,90,90
msg,0,106,702,3572,745,90,90
msg,0,107,708,4050,755,90,90
msg,0,108,670,4085,731,90,90
msg,0,109,689,3626,728,90,90
msg,0,110,677,7029,746,90,90
msg,0,111,692,4126,747,90,90
msg,0,112,694,4062,751,90,90
msg,0,113,685,3803,746,90,90
msg,0,114,695,3950,745,90,90
msg,0,115,673,5477,753,90,90
msg,0,116,704,4597,743,90,90
msg,0,117,706,29960,726,90,90
msg,0,118,685,3675,750,90,90
msg,0,119,694,5160,751,90,90
msg,0,120,682,3870,751,90,90
msg,0,121,693,608034,1277,90,90
msg,0,122,711,7099,749,90,90
msg,0,123,700,4343,829,90,90
msg,0,124,693,5888,732,90,90
msg,0,125,680,4180,748,90,90
msg,0,126,746,7924,745,90,90
msg,0,127,697,7442,729,90,90
msg,0,128,706,5845,749,90,90
msg,0,129,703,15931,730,90,90
msg,0,130,706,15118,790,90,90
msg,0,131,707,6172,753,90,90
msg,0,132,698,4853,732,90,90
msg,0,133,672,8761,755,90,90
msg,0,134,778,6253,744,90,90
msg,0,135,703,5802,749,90,90
msg,0,136,699,22039,747,90,90
msg,0,137,694,4865,746,90,90
msg,0,138,702,30371,741,90,90
msg,0,139,706,7062,746,90,90
msg,0,140,692,3674,750,90,90
msg,0,141,694,6085,746,90,90
msg,0,142,697,3844,732,90,90
msg,0,143,676,5907,751,90,90
msg,0,144,693,4446,746,90,90
msg,0,145,709,9789,728,90,90
msg,0,146,671,4227,745,90,90
msg,0,147,702,6163,742,90,90
msg,0,148,699,19513,1077,90,90
msg,0,149,685,16545,747,90,90
msg,0,150,679,6245,726,90,90
msg,0,151,680,16300,728,90,90
msg,0,152,676,4346,731,90,90
msg,0,153,689,4305,745,90,90
msg,0,154,747,3905,748,90,90
msg,0,155,699,3518,743,90,90
msg,0,156,694,4064,753,90,90
msg,0,157,671,8830,755,90,90
msg,0,158,698,7468,748,90,90
msg,0,159,704,27795,741,90,90
msg,0,160,676,4452,752,90,90
msg,0,161,670,5701,750,90,90
msg,0,162,780,4885,730,90,90
msg,0,163,675,4907,750,90,90
msg,0,164,701,6893,726,90,90
msg,0,165,667,20819,759,90,90
msg,0,166,700,8910,725,90,90
msg,0,167,676,28900,755,90,90
msg,0,168,700,4061,745,90,90
msg,0,169,706,4701,742,90,90
msg,0,170,698,4101,752,90,90
msg,0,171,697,4735,746,90,90
msg,0,172,704,5984,760,90,90
msg,0,173,704,3573,755,90,90
msg,0,174,706,4161,750,90,90
msg,0,175,696,7549,751,90,90
msg,0,176,695,3936,728,90,90
msg,0,177,669,3447,731,90,90
msg,0,178,670,4981,747,90,90
msg,0,179,748,31592,729,90,90
msg,0,180,702,6688,740,90,90
msg,0,181,680,4882,746,90,90
msg,0,182,702,4206,747,90,90
msg,0,183,707,4238,747,90,90
msg,0,184,695,4968,724,90,90
msg,0,185,677,3980,745,90,90
msg,0,186,697,6841,728,90,90
msg,0,187,684,3477,744,90,90
msg,0,188,683,5214,731,90,90
msg,0,189,672,3533,729,90,90
msg,0,190,678,3787,748,90,90
msg,0,191,696,30855,725,90,90
msg,0,192,696,4081,743,90,90
msg,0,193,698,4775,733,90,90
msg,0,194,679,3626,747,90,90
msg,0,195,684,3836,750,90,90
msg,0,196,695,4184,750,90,90
msg,0,197,693,5351,746,90,90
msg,0,198,694,4384,749,90,90
msg,0,199,700,6576,750,90,90
whole,0,21.981,2387.693,200
1,4.4010,0.0020,4.8760,9.2790,0,0,23,4,0,0,1,1,79000,0.0,0.0,0.0,0.0,0,0,0,0
msg,1,0,812,21565,753,90,90
msg,1,1,703,4607,757,90,90
msg,1,2,700,3886,745,90,90
msg,1,3,671,3873,747,90,90
msg,1,4,698,5323,749,90,90
msg,1,5,703,3875,732,90,90
msg,1,6,677,3846,746,90,90
msg,1,7,693,4139,744,90,90
msg,1,8,751,4279,751,90,90
msg,1,9,669,3511,752,90,90
msg,1,10,697,3883,739,90,90
msg,1,11,697,3909,745,90,90
msg,1,12,700,30290,746,90,90
msg,1,13,692,3965,727,90,90
msg,1,14,777,5130,747,90,90
msg,1,15,703,3940,749,90,90
msg,1,16,692,4102,731,90,90
msg,1,17,672,4229,745,90,90
msg,1,18,696,6157,748,90,90
msg,1,19,707,3574,744,90,90
msg,1,20,704,6385,748,90,90
msg,1,21,695,3863,748,90,90
msg,1,22,695,3746,748,90,90
msg,1,23,705,3543,790,90,90
msg,1,24,700,18913,747,90,90
msg,1,25,698,17400,832,90,90
msg,1,26,695,6418,756,90,90
msg,1,27,699,3988,1098,90,90
msg,1,28,726,3854,734,90,90
msg,1,29,671,3887,751,90,90
msg,1,30,689,4194,744,90,90
msg,1,31,689,5600,765,90,90
msg,1,32,700,6938,741,90,90
msg,1,33,673,4011,751,90,90
msg,1,34,694,4285,751,90,90
msg,1,35,700,4256,745,90,90
msg,1,36,705,16683,753,90,90
msg,1,37,689,18274,743,90,90
msg,1,38,695,4136,749,90,90
msg,1,39,705,3984,730,90,90
msg,1,40,673,3865,750,90,90
msg,1,41,763,3862,729,90,90
msg,1,42,675,4244,726,90,90
msg,1,43,698,4820,748,90,90
msg,1,44,703,6154,747,90,90
msg,1,45,672,4835,742,90,90
msg,1,46,702,3539,747,90,90
msg,1,47,701,4200,751,90,90
msg,1,48,695,4407,742,90,90
msg,1,49,693,42728,729,90,90
msg,1,50,705,4145,751,90,90
msg,1,51,703,4361,750,90,90
msg,1,52,705,7150,753,90,90
msg,1,53,696,4824,772,90,90
msg,1,54,707,5969,750,90,90
msg,1,55,693,5272,744,90,90
msg,1,56,694,3593,756,90,90
msg,1,57,746,3663,723,90,90
msg,1,58,680,3972,752,90,90
msg,1,59,697,53469,745,90,90
msg,1,60,707,4174,750,90,90
msg,1,61,697,5044,726,90,90
msg,1,62,672,4791,745,90,90
msg,1,63,695,7836,729,90,90
msg,1,64,693,3875,749,90,90
msg,1,65,705,3675,745,90,90
msg,1,66,705,23896,740,90,90
msg,1,67,679,16007,749,90,90
msg,1,68,704,4611,728,90,90
msg,1,69,675,6638,746,90,90
msg,1,70,692,4536,743,90,90
msg,1,71,700,4259,746,90,90
msg,1,72,695,8729,753,90,90
msg,1,73,707,8989,743,90,90
msg,1,74,701,4314,750,90,90
msg,1,75,676,30484,753,90,90
msg,1,76,696,16673,749,90,90
msg,1,77,705,4238,763,90,90
msg,1,78,697,5533,755,90,90
msg,1,79,707,4251,749,90,90
msg,1,80,698,4141,749,90,90
msg,1,81,704,5509,746,90,90
msg,1,82,699,4244,751,90,90
msg,1,83,702,8925,749,90,90
msg,1,84,700,6568,726,90,90
msg,1,85,681,4654,748,90,90
msg,1,86,696,18442,747,90,90
msg,1,87,699,20714,752,90,90
msg,1,88,705,4074,745,90,90
msg,1,89,704,3886,729,90,90
msg,1,90,698,3691,751,90,90
msg,1,91,673,3824,748,90,90
msg,1,92,753,7206,749,90,90
msg,1,93,709,7380,749,90,90
msg,1,94,701,4903,738,90,90
msg,1,95,683,6457,726,90,90
msg,1,96,671,6034,748,90,90
msg,1,97,759,16506,726,90,90
msg,1,98,696,17733,746,90,90
msg,1,99,672,6636,745,90,90
msg,1,100,690,5029,729,90,90
msg,1,101,669,4998,747,90,90
msg,1,102,692,3749,731,90,90
msg,1,103,680,3955,743,90,90
msg,1,104,694,4182,751,90,90
msg,1,105,694,8211,758,90,90
msg,1,106,697,4759,750,90,90
msg,1,107,692,5471,747,90,90
msg,1,108,706,18802,749,90,90
msg,1,109,682,17811,746,90,90
msg,1,110,693,5182,751,90,90
msg,1,111,698,3491,752,90,90
msg,1,112,695,5500,745,90,90
msg,1,113,693,5390,749,90,90
msg,1,114,700,4013,750,90,90
msg,1,115,703,9872,744,90,90
msg,1,116,696,4145,746,90,90
msg,1,117,693,4949,731,90,90
msg,1,118,673,5558,751,90,90
msg,1,119,703,18720,749,90,90
msg,1,120,699,17375,740,90,90
msg,1,121,700,3730,722,90,90
msg,1,122,672,6963,754,90,90
msg,1,123,698,3833,783,90,90
msg,1,124,671,4451,729,90,90
msg,1,125,672,4538,750,90,90
msg,1,126,681,3908,748,90,90
msg,1,127,703,9530,747,90,90
msg,1,128,706,4041,748,90,90
msg,1,129,700,3850,782,90,90
msg,1,130,676,5557,751,90,90
msg,1,131,668,30816,760,90,90
msg,1,132,698,4230,743,90,90
msg,1,133,703,5748,746,90,90
msg,1,134,760,4816,744,90,90
msg,1,135,695,5023,734,90,90
msg,1,136,674,3981,745,90,90
msg,1,137,695,5618,745,90,90
msg,1,138,692,5833,744,90,90
msg,1,139,690,4373,748,90,90
msg,1,140,692,6347,746,90,90
msg,1,141,672,6130,734,90,90
msg,1,142,682,16393,730,90,90
msg,1,143,683,18880,750,90,90
msg,1,144,704,6223,744,90,90
msg,1,145,690,4723,750,90,90
msg,1,146,697,5716,733,90,90
msg,1,147,673,3869,748,90,90
msg,1,148,695,3957,735,90,90
msg,1,149,674,8570,747,90,90
msg,1,150,676,4085,728,90,90
msg,1,151,694,7743,751,90,90
msg,1,152,707,6557,749,90,90
msg,1,153,694,37390,749,90,90
msg,1,154,703,4121,748,90,90
msg,1,155,682,5492,753,90,90
msg,1,156,696,5794,750,90,90
msg,1,157,701,5512,747,90,90
msg,1,158,758,4192,742,90,90
msg,1,159,697,4894,751,90,90
msg,1,160,670,4849,752,90,90
msg,1,161,691,4179,742,90,90
msg,1,162,702,5398,742,90,90
msg,1,163,712,18549,755,90,90
msg,1,164,700,14255,745,90,90
msg,1,165,703,5517,749,90,90
msg,1,166,704,3853,797,90,90
msg,1,167,680,3794,745,90,90
msg,1,168,701,4997,748,90,90
msg,1,169,679,6719,749,90,90
msg,1,170,695,3903,731,90,90
msg,1,171,683,10333,732,90,90
msg,1,172,681,3783,740,90,90
msg,1,173,689,4626,749,90,90
msg,1,174,702,4216,743,90,90
msg,1,175,693,16972,727,90,90
msg,1,176,678,17108,745,90,90
msg,1,177,694,4128,753,90,90
msg,1,178,702,4503,750,90,90
msg,1,179,696,3736,729,90,90
msg,1,180,672,3776,747,90,90
msg,1,181,702,3531,743,90,90
msg,1,182,696,3584,748,90,90
msg,1,183,701,4764,727,90,90
msg,1,184,673,6637,791,90,90
msg,1,185,692,3853,744,90,90
msg,1,186,701,4336,751,90,90
msg,1,187,699,6119,841,90,90
msg,1,188,704,14178,768,90,90
msg,1,189,693,18482,750,90,90
msg,1,190,696,4430,748,90,90
msg,1,191,707,3988,747,90,90
msg,1,192,678,3780,748,90,90
msg,1,193,761,4502,745,90,90
msg,1,194,695,6942,750,90,90
msg,1,195,698,3878,744,90,90
msg,1,196,754,4383,724,90,90
msg,1,197,696,3767,754,90,90
msg,1,198,697,3804,743,90,90
msg,1,199,702,3716,733,90,90
whole,1,54.669,1851.846,200
2,41.4140,0.0030,4.3900,45.8070,0,0,23,4,0,0,1,1,79000,0.0,0.0,0.0,0.0,0,0,0,0
msg,2,0,832,3857,736,90,90
msg,2,1,673,4149,748,90,90
msg,2,2,693,7479,747,90,90
msg,2,3,706,4125,745,90,90
msg,2,4,697,3845,727,90,90
msg,2,5,670,4049,745,90,90
msg,2,6,696,4316,742,90,90
msg,2,7,705,3943,746,90,90
msg,2,8,676,15148,725,90,90
msg,2,9,682,17825,791,90,90
msg,2,10,700,3514,758,90,90
msg,2,11,704,3835,731,90,90
msg,2,12,666,5571,745,90,90
msg,2,13,673,3853,749,90,90
msg,2,14,708,4591,747,90,90
msg,2,15,694,4229,740,90,90
msg,2,16,671,6855,754,90,90
msg,2,17,695,3912,731,90,90
msg,2,18,673,5699,756,90,90
msg,2,19,710,4181,746,90,90
msg,2,20,679,8886,745,90,90
msg,2,21,688,23903,751,90,90
msg,2,22,738,5702,744,90,90
msg,2,23,708,4328,746,90,90
msg,2,24,697,4104,748,90,90
msg,2,25,699,3851,747,90,90
msg,2,26,693,4557,729,90,90
msg,2,27,673,3523,729,90,90
msg,2,28,681,8209,731,90,90
msg,2,29,700,7250,745,90,90
msg,2,30,711,3896,749,90,90
msg,2,31,776,8606,748,90,90
msg,2,32,700,30338,748,90,90
msg,2,33,699,3628,749,90,90
msg,2,34,703,5915,750,90,90
msg,2,35,700,3607,794,90,90
msg,2,36,695,3814,726,90,90
msg,2,37,671,4660,749,90,90
msg,2,38,697,4593,750,90,90
msg,2,39,693,3978,730,90,90
msg,2,40,683,7683,755,90,90
msg,2,41,701,4802,748,90,90
msg,2,42,789,4850,743,90,90
msg,2,43,699,5167,743,90,90
msg,2,44,678,35009,763,90,90
msg,2,45,696,5302,755,90,90
msg,2,46,708,4089,742,90,90
msg,2,47,702,4071,725,90,90
msg,2,48,672,3780,743,90,90
msg,2,49,699,4916,730,90,90
msg,2,50,682,4075,747,90,90
msg,2,51,692,3995,753,90,90
msg,2,52,699,4297,748,90,90
msg,2,53,678,4109,731,90,90
msg,2,54,675,4614,745,90,90
msg,2,55,676,4771,747,90,90
msg,2,56,706,29820,733,90,90
msg,2,57,671,3654,750,90,90
msg,2,58,675,5228,731,90,90
msg,2,59,677,3855,747,90,90
msg,2,60,702,3987,735,90,90
msg,2,61,670,3580,752,90,90
msg,2,62,703,5434,748,90,90
msg,2,63,701,4793,741,90,90
msg,2,64,689,9911,835,90,90
msg,2,65,695,3867,746,90,90
msg,2,66,697,4248,747,90,90
msg,2,67,709,20572,727,90,90
msg,2,68,687,16086,754,90,90
msg,2,69,694,5242,750,90,90
msg,2,70,698,4376,1081,90,90
msg,2,71,697,5837,749,90,90
msg,2,72,702,3868,753,90,90
msg,2,73,706,5179,741,90,90
msg,2,74,705,4899,736,90,90
msg,2,75,671,4784,752,90,90
msg,2,76,696,4566,751,90,90
msg,2,77,696,3901,747,90,90
msg,2,78,671,4856,752,90,90
msg,2,79,695,18832,730,90,90
msg,2,80,670,17493,750,90,90
msg,2,81,673,3544,790,90,90
msg,2,82,689,3837,745,90,90
msg,2,83,704,4540,721,90,90
msg,2,84,679,3887,746,90,90
msg,2,85,696,3480,741,90,90
msg,2,86,705,3880,728,90,90
msg,2,87,670,4248,730,90,90
msg,2,88,678,5093,742,90,90
msg,2,89,707,4143,743,90,90
msg,2,90,696,3820,745,90,90
msg,2,91,698,5147,751,90,90
msg,2,92,698,7707,728,90,90
msg,2,93,677,23966,750,90,90
msg,2,94,701,3746,728,90,90
msg,2,95,699,5129,743,90,90
msg,2,96,702,5603,748,90,90
msg,2,97,698,5193,740,90,90
msg,2,98,694,3764,727,90,90
msg,2,99,671,3515,748,90,90
msg,2,100,678,3964,743,90,90
msg,2,101,695,6780,747,90,90
msg,2,102,673,3810,752,90,90
msg,2,103,693,4231,761,90,90
msg,2,104,709,4767,727,90,90
msg,2,105,699,6630,722,90,90
msg,2,106,677,23959,751,90,90
msg,2,107,697,3984,750,90,90
msg,2,108,703,4867,755,90,90
msg,2,109,698,3876,748,90,90
msg,2,110,702,3960,729,90,90
msg,2,111,697,3461,730,90,90
msg,2,112,668,5000,745,90,90
msg,2,113,707,3825,728,90,90
msg,2,114,671,5056,744,90,90
msg,2,115,703,4122,748,90,90
msg,2,116,705,3706,749,90,90
msg,2,117,701,4327,805,90,90
msg,2,118,695,4410,750,90,90
msg,2,119,711,30562,731,90,90
msg,2,120,705,3638,744,90,90
msg,2,121,673,5083,747,90,90
msg,2,122,703,3995,748,90,90
msg,2,123,702,3670,743,90,90
msg,2,124,707,4004,749,90,90
msg,2,125,693,4340,750,90,90
msg,2,126,700,4288,749,90,90
msg,2,127,796,8201,751,90,90
msg,2,128,668,4592,751,90,90
msg,2,129,697,4295,754,90,90
msg,2,130,690,6438,756,90,90
msg,2,131,697,30139,731,90,90
msg,2,132,673,3738,751,90,90
msg,2,133,699,5116,752,90,90
msg,2,134,683,4467,743,90,90
msg,2,135,703,4145,729,90,90
msg,2,136,668,4368,734,90,90
msg,2,137,669,4056,743,90,90
msg,2,138,697,3840,725,90,90
msg,2,139,681,7382,732,90,90
msg,2,140,673,5253,728,90,90
msg,2,141,675,3909,752,90,90
msg,2,142,707,6302,746,90,90
msg,2,143,693,30229,750,90,90
msg,2,144,674,4122,726,90,90
msg,2,145,672,5266,748,90,90
msg,2,146,701,4559,729,90,90
msg,2,147,680,5017,749,90,90
msg,2,148,701,4746,725,90,90
msg,2,149,671,4253,751,90,90
msg,2,150,693,11495,731,90,90
msg,2,151,697,3864,751,90,90
msg,2,152,695,3517,746,90,90
msg,2,153,698,3843,724,90,90
msg,2,154,678,18569,752,90,90
msg,2,155,677,16756,749,90,90
msg,2,156,688,3956,755,90,90
msg,2,157,673,3835,802,90,90
msg,2,158,695,5183,752,90,90
msg,2,159,692,5129,744,90,90
msg,2,160,675,4911,831,90,90
msg,2,161,700,4208,746,90,90
msg,2,162,696,5737,725,90,90
msg,2,163,1106,5789,754,90,90
msg,2,164,713,4146,743,90,90
msg,2,165,700,3865,732,90,90
msg,2,166,674,17466,752,90,90
msg,2,167,679,15397,749,90,90
msg,2,168,681,3925,797,90,90
msg,2,169,702,4827,748,90,90
msg,2,170,674,4935,746,90,90
msg,2,171,699,5136,797,90,90
msg,2,172,704,5026,745,90,90
msg,2,173,681,4485,750,90,90
msg,2,174,693,7052,732,90,90
msg,2,175,679,5411,732,90,90
msg,2,176,684,5020,746,90,90
msg,2,177,698,3626,744,90,90
msg,2,178,690,3691,748,90,90
msg,2,179,737,28959,751,90,90
msg,2,180,691,4081,743,90,90
msg,2,181,703,5092,747,90,90
msg,2,182,669,3940,743,90,90
msg,2,183,700,3940,754,90,90
msg,2,184,702,5199,727,90,90
msg,2,185,667,4991,745,90,90
msg,2,186,699,3714,729,90,90
msg,2,187,676,7229,751,90,90
msg,2,188,695,3844,752,90,90
msg,2,189,702,4080,735,90,90
msg,2,190,682,6375,735,90,90
msg,2,191,683,33375,735,90,90
msg,2,192,670,3758,747,90,90
msg,2,193,692,3952,726,90,90
msg,2,194,699,3673,743,90,90
msg,2,195,667,3997,747,90,90
msg,2,196,698,5206,751,90,90
msg,2,197,693,3868,733,90,90
msg,2,198,673,7435,727,90,90
msg,2,199,739,4690,748,90,90
whole,2,57.374,1722.419,200
#stack 2464
#end
#block pipeline plain lorawan11 down
#aead LoRaWAN-1.1 AES-128-CTR+2xCMAC (BearSSL (arduino-pico)), downlink, 51 B payload + 13 B overhead
#lib none (plain MQTT)
iter,tcp_ms,tls_ms,mqtt_ms,total_ms,hs_tx_B,hs_rx_B,mqtt_tx_B,mqtt_rx_B,hs_writes,hs_reads,writes,reads,free_heap_B,hs_keygen_us,hs_derive_us,hs_verify_us,hs_sign_us,hs_keygen_n,hs_derive_n,hs_verify_n,hs_sign_n
msg,iter,idx,seal_us,rtt_us,open_us,tx_B,rx_B
whole,iter,first_ms,all_ms,msgs
0,4.7780,0.0020,5.2850,10.0650,0,0,23,4,0,0,1,1,79000,0.0,0.0,0.0,0.0,0,0,0,0
msg,0,0,546,5502,475,90,90
msg,0,1,447,3945,466,90,90
msg,0,2,450,3565,534,90,90
msg,0,3,415,4769,495,90,90
msg,0,4,421,67615,474,90,90
msg,0,5,410,6208,486,90,90
msg,0,6,416,4018,493,90,90
msg,0,7,404,3906,485,90,90
msg,0,8,415,3878,482,90,90
msg,0,9,410,3526,464,90,90
msg,0,10,411,12456,488,90,90
msg,0,11,411,3973,486,90,90
msg,0,12,439,3580,489,90,90
msg,0,13,419,5605,463,90,90
msg,0,14,444,30644,471,90,90
msg,0,15,440,3757,483,90,90
msg,0,16,410,6253,470,90,90
msg,0,17,444,4556,487,90,90
msg,0,18,413,3991,486,90,90
msg,0,19,432,3878,484,90,90
msg,0,20,441,5510,466,90,90
msg,0,21,413,3938,479,90,90
msg,0,22,410,10961,488,90,90
msg,0,23,418,4260,488,90,90
msg,0,24,439,3480,470,90,90
msg,0,25,412,3820,468,90,90
msg,0,26,411,19232,490,90,90
msg,0,27,412,18746,482,90,90
msg,0,28,415,3777,466,90,90
msg,0,29,414,3747,466,90,90
msg,0,30,447,3831,471,90,90
msg,0,31,453,3724,490,90,90
msg,0,32,443,3765,488,90,90
msg,0,33,416,4075,483,90,90
msg,0,34,434,3872,483,90,90
msg,0,35,438,5819,489,90,90
msg,0,36,415,5928,486,90,90
msg,0,37,411,4335,460,90,90
msg,0,38,450,4197,482,90,90
msg,0,39,419,4192,487,90,90
msg,0,40,410,6971,491,90,90
msg,0,41,410,29285,471,90,90
msg,0,42,453,6699,471,90,90
msg,0,43,442,3773,480,90,90
msg,0,44,438,3998,463,90,90
msg,0,45,433,4511,483,90,90
msg,0,46,405,4274,481,90,90
msg,0,47,435,4242,468,90,90
msg,0,48,448,6480,484,90,90
msg,0,49,413,16713,482,90,90
msg,0,50,416,4640,466,90,90
msg,0,51,413,31207,504,90,90
msg,0,52,411,4232,483,90,90
msg,0,53,441,6018,466,90,90
msg,0,54,451,4103,467,90,90
msg,0,55,448,5226,488,90,90
msg,0,56,415,3802,531,90,90
msg,0,57,408,3807,473,90,90
msg,0,58,408,3589,470,90,90
msg,0,59,432,7280,466,90,90
msg,0,60,415,3978,469,90,90
msg,0,61,408,4069,485,90,90
msg,0,62,416,4007,488,90,90
msg,0,63,410,3669,464,90,90
msg,0,64,415,19159,486,90,90
msg,0,65,410,18132,480,90,90
msg,0,66,435,3823,484,90,90
msg,0,67,420,4285,469,90,90
msg,0,68,442,3640,487,90,90
msg,0,69,436,4355,468,90,90
msg,0,70,414,3663,466,90,90
msg,0,71,448,4486,484,90,90
msg,0,72,421,3645,465,90,90
msg,0,73,426,5992,464,90,90
msg,0,74,410,3610,468,90,90
msg,0,75,444,4219,467,90,90
msg,0,76,418,3868,463,90,90
msg,0,77,417,3824,466,90,90
msg,0,78,418,4176,486,90,90
msg,0,79,422,29181,481,90,90
msg,0,80,438,4518,486,90,90
msg,0,81,418,6876,486,90,90
msg,0,82,408,3835,471,90,90
msg,0,83,411,4042,485,90,90
msg,0,84,412,3529,466,90,90
msg,0,85,437,3793,460,90,90
msg,0,86,818,3880,465,90,90
msg,0,87,507,5462,468,90,90
msg,0,88,436,4614,484,90,90
msg,0,89,416,3987,486,90,90
msg,0,90,420,3905,489,90,90
msg,0,91,411,4218,469,90,90
msg,0,92,440,4362,473,90,90
msg,0,93,422,29585,465,90,90
msg,0,94,433,4532,484,90,90
msg,0,95,415,5607,466,90,90
msg,0,96,418,5276,483,90,90
msg,0,97,412,5004,488,90,90
msg,0,98,417,3998,490,90,90
msg,0,99,438,4566,490,90,90
msg,0,100,418,4153,479,90,90
msg,0,101,410,5362,467,90,90
msg,0,102,421,3816,468,90,90
msg,0,103,445,4134,461,90,90
msg,0,104,422,3469,468,90,90
msg,0,105,434,3730,483,90,90
msg,0,106,532,3464,482,90,90
msg,0,107,416,13439,466,90,90
msg,0,108,435,15204,461,90,90
msg,0,109,415,4713,466,90,90
msg,0,110,444,5220,463,90,90
msg,0,111,411,3567,466,90,90
msg,0,112,444,3784,488,90,90
msg,0,113,438,3750,487,90,90
msg,0,114,414,3926,483,90,90
msg,0,115,413,3727,486,90,90
msg,0,116,408,4098,491,90,90
msg,0,117,416,4779,486,90,90
msg,0,118,406,4938,484,90,90
msg,0,119,413,4018,492,90,90
msg,0,120,412,3981,495,90,90
msg,0,121,405,4159,471,90,90
msg,0,122,443,16950,483,90,90
msg,0,123,442,19747,487,90,90
msg,0,124,438,3705,482,90,90
msg,0,125,411,4319,459,90,90
msg,0,126,452,4010,468,90,90
msg,0,127,442,3913,472,90,90
msg,0,128,448,5798,467,90,90
msg,0,129,448,3860,467,90,90
msg,0,130,447,3820,466,90,90
msg,0,131,443,6687,491,90,90
msg,0,132,417,3432,469,90,90
msg,0,133,441,4500,485,90,90
msg,0,134,417,3904,486,90,90
msg,0,135,412,4022,483,90,90
msg,0,136,435,30629,485,90,90
msg,0,137,420,3711,485,90,90
msg,0,138,416,6290,486,90,90
msg,0,139,434,3677,489,90,90
msg,0,140,408,3895,489,90,90
msg,0,141,409,3962,484,90,90
msg,0,142,411,6586,464,90,90
msg,0,143,416,3513,487,90,90
msg,0,144,441,6047,471,90,90
msg,0,145,437,4102,465,90,90
msg,0,146,442,4113,463,90,90
msg,0,147,416,3834,466,90,90
msg,0,148,412,4005,469,90,90
msg,0,149,411,19034,485,90,90
msg,0,150,413,17087,484,90,90
msg,0,151,417,4148,463,90,90
msg,0,152,437,3594,489,90,90
msg,0,153,418,3883,531,90,90
msg,0,154,416,3853,490,90,90
msg,0,155,407,3675,466,90,90
msg,0,156,418,6002,469,90,90
msg,0,157,409,3954,468,90,90
msg,0,158,421,9392,492,90,90
msg,0,159,434,3506,482,90,90
msg,0,160,412,4449,471,90,90
msg,0,161,447,3926,473,90,90
msg,0,162,440,3915,464,90,90
msg,0,163,439,30907,469,90,90
msg,0,164,450,44440,487,90,90
msg,0,165,421,4766,514,90,90
msg,0,166,420,4113,487,90,90
msg,0,167,417,3766,488,90,90
msg,0,168,417,3776,467,90,90
msg,0,169,418,4295,489,90,90
msg,0,170,406,33469,471,90,90
msg,0,171,423,4121,487,90,90
msg,0,172,421,3735,467,90,90
msg,0,173,412,5900,468,90,90
msg,0,174,410,3936,467,90,90
msg,0,175,410,4217,492,90,90
msg,0,176,419,3976,480,90,90
msg,0,177,406,3934,487,90,90
msg,0,178,410,4888,478,90,90
msg,0,179,411,3717,483,90,90
msg,0,180,503,3860,489,90,90
msg,0,181,410,3961,490,90,90
msg,0,182,420,4001,499,90,90
msg,0,183,410,18325,472,90,90
msg,0,184,441,18470,489,90,90
msg,0,185,478,4219,462,90,90
msg,0,186,444,3552,489,90,90
msg,0,187,409,5755,484,90,90
msg,0,188,412,4789,465,90,90
msg,0,189,418,89410,487,90,90
msg,0,190,438,4428,463,90,90
msg,0,191,410,3974,467,90,90
msg,0,192,411,3578,463,90,90
msg,0,193,499,4444,482,90,90
msg,0,194,411,4110,487,90,90
msg,0,195,440,12731,490,90,90
msg,0,196,420,5219,471,90,90
msg,0,197,445,4838,460,90,90
msg,0,198,446,18012,473,90,90
msg,0,199,437,15212,470,90,90
whole,0,22.874,1732.529,200
1,6.3770,0.0020,6.3510,12.7300,0,0,23,4,0,0,1,1,79000,0.0,0.0,0.0,0.0,0,0,0,0
msg,1,0,572,3844,492,90,90
msg,1,1,418,7626,487,90,90
msg,1,2,409,7550,471,90,90
msg,1,3,433,3929,458,90,90
msg,1,4,498,4129,468,90,90
msg,1,5,411,30851,469,90,90
msg,1,6,414,3991,486,90,90
msg,1,7,411,5868,468,90,90
msg,1,8,415,4309,486,90,90
msg,1,9,423,3900,482,90,90
msg,1,10,413,7607,465,90,90
msg,1,11,410,3999,486,90,90
msg,1,12,409,8264,481,90,90
msg,1,13,441,5515,485,90,90
msg,1,14,412,3796,465,90,90
msg,1,15,414,4456,481,90,90
msg,1,16,505,3892,469,90,90
msg,1,17,435,18318,470,90,90
msg,1,18,412,18265,490,90,90
msg,1,19,413,3999,481,90,90
msg,1,20,422,5943,486,90,90
msg,1,21,423,4492,468,90,90
msg,1,22,417,3672,470,90,90
msg,1,23,439,6809,468,90,90
msg,1,24,446,4903,467,90,90
msg,1,25,523,5329,484,90,90
msg,1,26,422,4513,463,90,90
msg,1,27,438,4429,500,90,90
msg,1,28,423,3622,466,90,90
msg,1,29,423,3901,466,90,90
msg,1,30,415,17817,467,90,90
msg,1,31,445,18588,489,90,90
msg,1,32,435,3773,495,90,90
msg,1,33,418,4269,464,90,90
msg,1,34,444,4662,481,90,90
msg,1,35,439,3683,486,90,90
msg,1,36,418,6247,465,90,90
msg,1,37,434,4122,465,90,90
msg,1,38,447,7076,469,90,90
msg,1,39,421,4166,489,90,90
msg,1,40,411,3654,467,90,90
msg,1,41,417,3814,468,90,90
msg,1,42,416,3792,466,90,90
msg,1,43,445,4337,483,90,90
msg,1,44,406,14946,491,90,90
msg,1,45,422,18927,494,90,90
msg,1,46,411,3658,464,90,90
msg,1,47,414,3726,465,90,90
msg,1,48,442,3987,466,90,90
msg,1,49,419,4810,468,90,90
msg,1,50,448,4597,483,90,90
msg,1,51,439,3799,573,90,90
msg,1,52,437,4544,485,90,90
msg,1,53,409,4147,486,90,90
msg,1,54,418,3697,481,90,90
msg,1,55,408,3961,483,90,90
msg,1,56,409,3911,494,90,90
msg,1,57,420,3740,466,90,90
msg,1,58,416,3818,470,90,90
msg,1,59,441,29890,469,90,90
msg,1,60,443,6118,472,90,90
msg,1,61,413,4534,470,90,90
msg,1,62,441,4365,484,90,90
msg,1,63,407,5198,489,90,90
msg,1,64,413,6912,484,90,90
msg,1,65,410,3977,490,90,90
msg,1,66,410,3701,491,90,90
msg,1,67,409,7187,490,90,90
msg,1,68,409,4191,471,90,90
msg,1,69,452,4054,466,90,90
msg,1,70,448,4267,494,90,90
msg,1,71,418,19050,488,90,90
msg,1,72,411,17379,469,90,90
msg,1,73,442,8153,471,90,90
msg,1,74,408,10141,483,90,90
msg,1,75,419,8021,491,90,90
msg,1,76,413,3973,493,90,90
msg,1,77,432,12716,528,90,90
msg,1,78,422,5351,472,90,90
msg,1,79,440,4082,468,90,90
msg,1,80,407,12659,469,90,90
msg,1,81,439,24412,487,90,90
msg,1,82,413,4565,467,90,90
msg,1,83,440,5432,477,90,90
msg,1,84,410,4963,479,90,90
msg,1,85,410,6303,468,90,90
msg,1,86,449,4320,487,90,90
msg,1,87,414,6223,485,90,90
msg,1,88,421,4598,502,90,90
msg,1,89,414,5930,491,90,90
msg,1,90,420,4194,487,90,90
msg,1,91,414,28601,488,90,90
msg,1,92,420,17347,487,90,90
msg,1,93,435,4653,487,90,90
msg,1,94,407,6044,489,90,90
msg,1,95,416,4279,473,90,90
msg,1,96,440,5404,478,90,90
msg,1,97,420,6400,464,90,90
msg,1,98,440,3979,464,90,90
msg,1,99,441,10006,472,90,90
msg,1,100,412,5713,467,90,90
msg,1,101,449,4045,463,90,90
msg,1,102,453,23377,480,90,90
msg,1,103,419,17607,462,90,90
msg,1,104,411,4238,481,90,90
msg,1,105,419,4647,465,90,90
msg,1,106,416,5492,469,90,90
msg,1,107,429,4138,465,90,90
msg,1,108,441,6563,483,90,90
msg,1,109,430,3687,489,90,90
msg,1,110,417,5518,472,90,90
msg,1,111,412,4442,487,90,90
msg,1,112,409,4810,491,90,90
msg,1,113,408,3837,488,90,90
msg,1,114,403,3717,470,90,90
msg,1,115,420,9185,488,90,90
msg,1,116,411,31059,492,90,90
msg,1,117,419,7356,469,90,90
msg,1,118,444,4090,461,90,90
msg,1,119,410,4624,468,90,90
msg,1,120,444,4186,462,90,90
msg,1,121,408,6065,484,90,90
msg,1,122,423,10723,468,90,90
msg,1,123,411,4710,466,90,90
msg,1,124,450,4311,486,90,90
msg,1,125,416,4690,467,90,90
msg,1,126,417,18597,462,90,90
msg,1,127,439,16956,466,90,90
msg,1,128,450,4634,483,90,90
msg,1,129,410,4483,468,90,90
msg,1,130,408,3848,467,90,90
msg,1,131,420,3840,467,90,90
msg,1,132,410,4145,484,90,90
msg,1,133,419,5319,482,90,90
msg,1,134,436,4102,462,90,90
msg,1,135,451,10960,464,90,90
msg,1,136,444,3792,462,90,90
msg,1,137,448,3671,486,90,90
msg,1,138,416,4734,486,90,90
msg,1,139,412,16551,475,90,90
msg,1,140,435,15245,485,90,90
msg,1,141,418,4643,470,90,90
msg,1,142,420,5400,478,90,90
msg,1,143,415,5779,494,90,90
msg,1,144,413,3490,470,90,90
msg,1,145,445,4050,464,90,90
msg,1,146,415,4079,496,90,90
msg,1,147,415,5166,485,90,90
msg,1,148,415,6012,485,90,90
msg,1,149,436,4077,468,90,90
msg,1,150,448,5749,481,90,90
msg,1,151,451,4580,481,90,90
msg,1,152,416,4502,467,90,90
msg,1,153,437,14114,466,90,90
msg,1,154,422,15349,483,90,90
msg,1,155,444,3718,489,90,90
msg,1,156,412,6204,469,90,90
msg,1,157,435,3940,467,90,90
msg,1,158,437,4476,480,90,90
msg,1,159,423,5598,468,90,90
msg,1,160,441,3903,520,90,90
msg,1,161,449,5062,468,90,90
msg,1,162,424,8646,465,90,90
msg,1,163,434,4613,487,90,90
msg,1,164,422,4485,467,90,90
msg,1,165,413,4518,467,90,90
msg,1,166,429,18166,466,90,90
msg,1,167,442,17368,493,90,90
msg,1,168,418,4060,489,90,90
msg,1,169,432,3833,481,90,90
msg,1,170,412,3816,486,90,90
msg,1,171,415,3716,485,90,90
msg,1,172,415,3909,483,90,90
msg,1,173,420,6121,491,90,90
msg,1,174,411,14710,487,90,90
msg,1,175,418,3811,458,90,90
msg,1,176,415,3608,466,90,90
msg,1,177,440,3635,486,90,90
msg,1,178,414,4138,466,90,90
msg,1,179,441,39601,486,90,90
msg,1,180,410,3987,489,90,90
msg,1,181,410,4366,472,90,90
msg,1,182,453,4214,491,90,90
msg,1,183,418,4156,488,90,90
msg,1,184,478,4237,461,90,90
msg,1,185,454,5113,467,90,90
msg,1,186,418,9239,494,90,90
msg,1,187,408,3800,484,90,90
msg,1,188,419,3825,463,90,90
msg,1,189,420,3852,469,90,90
msg,1,190,423,19804,465,90,90
msg,1,191,435,14407,486,90,90
msg,1,192,412,3776,485,90,90
msg,1,193,417,5998,493,90,90
msg,1,194,420,5184,488,90,90
msg,1,195,427,4050,462,90,90
msg,1,196,443,3862,468,90,90
msg,1,197,441,4145,464,90,90
msg,1,198,411,4344,488,90,90
msg,1,199,408,5992,487,90,90
whole,1,28.871,1671.151,200
2,5.4060,0.0020,4.6560,10.0640,0,0,23,4,0,0,1,1,79000,0.0,0.0,0.0,0.0,0,0,0,0
msg,2,0,543,19507,475,90,90
msg,2,1,461,14327,482,90,90
msg,2,2,422,4495,470,90,90
msg,2,3,413,5164,483,90,90
msg,2,4,411,3622,466,90,90
msg,2,5,411,4915,475,90,90
msg,2,6,415,4017,468,90,90
msg,2,7,411,7172,481,90,90
msg,2,8,414,5006,490,90,90
msg,2,9,421,4038,487,90,90
msg,2,10,447,3872,485,90,90
msg,2,11,440,3689,485,90,90
msg,2,12,414,3600,467,90,90
msg,2,13,413,3711,465,90,90
msg,2,14,443,8998,470,90,90
msg,2,15,439,10478,488,90,90
msg,2,16,419,13228,464,90,90
msg,2,17,444,3754,464,90,90
msg,2,18,440,3536,489,90,90
msg,2,19,411,4509,466,90,90
msg,2,20,437,3696,465,90,90
msg,2,21,436,3751,486,90,90
msg,2,22,424,3743,484,90,90
msg,2,23,415,4114,479,90,90
msg,2,24,419,3869,491,90,90
msg,2,25,418,5356,467,90,90
msg,2,26,443,5565,489,90,90
msg,2,27,433,4948,484,90,90
msg,2,28,433,3660,488,90,90
msg,2,29,418,5081,483,90,90
msg,2,30,409,31006,484,90,90
msg,2,31,449,3940,466,90,90
msg,2,32,439,6074,468,90,90
msg,2,33,442,3858,466,90,90
msg,2,34,443,3712,490,90,90
msg,2,35,433,3713,482,90,90
msg,2,36,422,3489,460,90,90
msg,2,37,413,4544,488,90,90
msg,2,38,431,3740,482,90,90
msg,2,39,411,7806,495,90,90
msg,2,40,421,4455,464,90,90
msg,2,41,448,3827,470,90,90
msg,2,42,444,3929,468,90,90
msg,2,43,439,4315,486,90,90
msg,2,44,412,33854,468,90,90
msg,2,45,420,4421,467,90,90
msg,2,46,435,6841,534,90,90
msg,2,47,432,4844,482,90,90
msg,2,48,436,3782,483,90,90
msg,2,49,411,5290,467,90,90
msg,2,50,446,4243,472,90,90
msg,2,51,413,12388,485,90,90
msg,2,52,445,10262,460,90,90
msg,2,53,419,4022,463,90,90
msg,2,54,405,31783,466,90,90
msg,2,55,444,4281,486,90,90
msg,2,56,417,5282,466,90,90
msg,2,57,442,4541,486,90,90
msg,2,58,415,4133,490,90,90
msg,2,59,414,4178,465,90,90
msg,2,60,434,7969,471,90,90
msg,2,61,438,4000,468,90,90
msg,2,62,454,8954,466,90,90
msg,2,63,442,5175,490,90,90
msg,2,64,416,4555,474,90,90
msg,2,65,445,4270,487,90,90
msg,2,66,420,30962,488,90,90
msg,2,67,415,4550,469,90,90
msg,2,68,443,6063,474,90,90
msg,2,69,415,3768,467,90,90
msg,2,70,433,3810,464,90,90
msg,2,71,445,3779,468,90,90
msg,2,72,446,7147,469,90,90
msg,2,73,450,4886,465,90,90
msg,2,74,446,7498,489,90,90
msg,2,75,412,3797,480,90,90
msg,2,76,421,5088,479,90,90
msg,2,77,417,4287,467,90,90
msg,2,78,433,4018,460,90,90
msg,2,79,409,29302,487,90,90
msg,2,80,423,3828,489,90,90
msg,2,81,408,3727,464,90,90
msg,2,82,414,4332,484,90,90
msg,2,83,422,4247,468,90,90
msg,2,84,441,4485,485,90,90
msg,2,85,408,3826,546,90,90
msg,2,86,421,3893,484,90,90
msg,2,87,413,3913,481,90,90
msg,2,88,414,7889,486,90,90
msg,2,89,417,4707,464,90,90
msg,2,90,418,4240,490,90,90
msg,2,91,410,4391,464,90,90
msg,2,92,430,4179,468,90,90
msg,2,93,421,29352,487,90,90
msg,2,94,439,3783,481,90,90
msg,2,95,411,3849,485,90,90
msg,2,96,418,4315,469,90,90
msg,2,97,442,3856,465,90,90
msg,2,98,432,7625,488,90,90
msg,2,99,419,4477,465,90,90
msg,2,100,413,3665,465,90,90
msg,2,101,436,6114,468,90,90
msg,2,102,450,4557,484,90,90
msg,2,103,478,5646,468,90,90
msg,2,104,447,5542,490,90,90
msg,2,105,413,3988,489,90,90
msg,2,106,414,34314,463,90,90
msg,2,107,435,3830,471,90,90
msg,2,108,445,3910,464,90,90
msg,2,109,435,3785,485,90,90
msg,2,110,441,3912,479,90,90
msg,2,111,436,3705,483,90,90
msg,2,112,413,5211,467,90,90
msg,2,113,444,3833,482,90,90
msg,2,114,445,5869,486,90,90
msg,2,115,433,4126,467,90,90
msg,2,116,441,3923,469,90,90
msg,2,117,445,4140,464,90,90
msg,2,118,418,3994,467,90,90
msg,2,119,409,8246,490,90,90
msg,2,120,409,31029,487,90,90
msg,2,121,411,4958,489,90,90
msg,2,122,434,3756,490,90,90
msg,2,123,419,3871,486,90,90
msg,2,124,409,4143,488,90,90
msg,2,125,434,7276,468,90,90
msg,2,126,449,3854,462,90,90
msg,2,127,451,8077,468,90,90
msg,2,128,411,4301,488,90,90
msg,2,129,420,5271,467,90,90
msg,2,130,450,7601,475,90,90
msg,2,131,416,30537,484,90,90
msg,2,132,420,4009,487,90,90
msg,2,133,421,6402,466,90,90
msg,2,134,443,4154,469,90,90
msg,2,135,453,4067,462,90,90
msg,2,136,421,4067,489,90,90
msg,2,137,419,6109,483,90,90
msg,2,138,413,3784,484,90,90
msg,2,139,410,8737,467,90,90
msg,2,140,419,3478,464,90,90
msg,2,141,501,3892,464,90,90
msg,2,142,452,3726,482,90,90
msg,2,143,420,4081,461,90,90
msg,2,144,445,15996,468,90,90
msg,2,145,443,19781,487,90,90
msg,2,146,441,5695,488,90,90
msg,2,147,413,3722,486,90,90
msg,2,148,415,3915,481,90,90
msg,2,149,417,3608,467,90,90
msg,2,150,443,3880,465,90,90
msg,2,151,440,3962,462,90,90
msg,2,152,441,4208,489,90,90
msg,2,153,409,8587,465,90,90
msg,2,154,436,4470,488,90,90
msg,2,155,412,4044,488,90,90
msg,2,156,430,3966,482,90,90
msg,2,157,439,8351,467,90,90
msg,2,158,420,24397,486,90,90
msg,2,159,434,4097,471,90,90
msg,2,160,439,5966,463,90,90
msg,2,161,449,4425,491,90,90
msg,2,162,412,4248,469,90,90
msg,2,163,439,4296,466,90,90
msg,2,164,414,4833,468,90,90
msg,2,165,449,3827,469,90,90
msg,2,166,827,9517,467,90,90
msg,2,167,442,3880,465,90,90
msg,2,168,449,3824,464,90,90
msg,2,169,436,3690,491,90,90
msg,2,170,447,10553,483,90,90
msg,2,171,420,24443,472,90,90
msg,2,172,443,3871,471,90,90
msg,2,173,439,3481,483,90,90
msg,2,174,405,3484,528,90,90
msg,2,175,446,4487,489,90,90
msg,2,176,410,3746,494,90,90
msg,2,177,407,4077,484,90,90
msg,2,178,418,4496,471,90,90
msg,2,179,413,4018,486,90,90
msg,2,180,415,5610,465,90,90
msg,2,181,442,4086,470,90,90
msg,2,182,416,4030,465,90,90
msg,2,183,408,3698,468,90,90
msg,2,184,454,3752,467,90,90
msg,2,185,437,18705,486,90,90
msg,2,186,435,14539,486,90,90
msg,2,187,417,3742,468,90,90
msg,2,188,421,3575,466,90,90
msg,2,189,437,3458,490,90,90
msg,2,190,419,3778,463,90,90
msg,2,191,414,6287,489,90,90
msg,2,192,412,3707,533,90,90
msg,2,193,412,3512,464,90,90
msg,2,194,447,3921,467,90,90
msg,2,195,444,4970,464,90,90
msg,2,196,452,3964,465,90,90
msg,2,197,415,3888,467,90,90
msg,2,198,447,3503,487,90,90
msg,2,199,444,4460,462,90,90
whole,2,36.021,1552.470,200
#stack 2452
#end
#block pipeline plain lorawan11_256 up
#aead AES-256-CTR+2xCMAC (LoRaWAN 1.1 frame, 256-bit keys) (BearSSL (arduino-pico)), uplink, 51 B payload + 13 B overhead
#lib none (plain MQTT)
iter,tcp_ms,tls_ms,mqtt_ms,total_ms,hs_tx_B,hs_rx_B,mqtt_tx_B,mqtt_rx_B,hs_writes,hs_reads,writes,reads,free_heap_B,hs_keygen_us,hs_derive_us,hs_verify_us,hs_sign_us,hs_keygen_n,hs_derive_n,hs_verify_n,hs_sign_n
msg,iter,idx,seal_us,rtt_us,open_us,tx_B,rx_B
whole,iter,first_ms,all_ms,msgs
0,5.7020,0.0020,30.8640,36.5680,0,0,23,4,0,0,1,1,79000,0.0,0.0,0.0,0.0,0,0,0,0
msg,0,0,1067,3573,990,90,90
msg,0,1,938,4194,981,90,90
msg,0,2,900,4110,971,90,90
msg,0,3,929,3825,980,90,90
msg,0,4,929,4656,980,90,90
msg,0,5,924,6547,974,90,90
msg,0,6,992,3775,983,90,90
msg,0,7,931,3962,977,90,90
msg,0,8,933,4630,969,90,90
msg,0,9,930,19275,984,90,90
msg,0,10,974,17059,978,90,90
msg,0,11,935,4324,961,90,90
msg,0,12,935,5136,974,90,90
msg,0,13,930,3946,977,90,90
msg,0,14,943,3320,980,90,90
msg,0,15,926,3971,981,90,90
msg,0,16,927,4076,978,90,90
msg,0,17,907,4261,977,90,90
msg,0,18,924,4278,973,90,90
msg,0,19,940,3694,975,90,90
msg,0,20,928,3704,1011,90,90
msg,0,21,926,19674,979,90,90
msg,0,22,906,17304,979,90,90
msg,0,23,926,6007,979,90,90
msg,0,24,931,4335,975,90,90
msg,0,25,929,4037,979,90,90
msg,0,26,918,3533,977,90,90
msg,0,27,925,3814,980,90,90
msg,0,28,1367,8076,954,90,90
msg,0,29,931,4022,971,90,90
msg,0,30,928,5649,975,90,90
msg,0,31,906,3953,980,90,90
msg,0,32,913,7913,973,90,90
msg,0,33,933,23557,984,90,90
msg,0,34,918,4062,980,90,90
msg,0,35,919,4082,969,90,90
msg,0,36,907,3946,976,90,90
msg,0,37,907,4152,963,90,90
msg,0,38,922,3793,978,90,90
msg,0,39,925,5490,985,90,90
msg,0,40,924,7080,974,90,90
msg,0,41,933,4248,951,90,90
msg,0,42,925,4325,983,90,90
msg,0,43,993,3586,971,90,90
msg,0,44,930,8852,966,90,90
msg,0,45,926,27553,976,90,90
msg,0,46,937,3898,977,90,90
msg,0,47,933,6551,1052,90,90
msg,0,48,926,3843,974,90,90
msg,0,49,927,6455,976,90,90
msg,0,50,911,3827,973,90,90
msg,0,51,935,6066,982,90,90
msg,0,52,901,3902,977,90,90
msg,0,53,904,4985,979,90,90
msg,0,54,920,4118,969,90,90
msg,0,55,932,8091,977,90,90
msg,0,56,933,23442,987,90,90
msg,0,57,903,4233,970,90,90
msg,0,58,934,4151,979,90,90
msg,0,59,931,3677,976,90,90
msg,0,60,925,4625,985,90,90
msg,0,61,897,5370,983,90,90
msg,0,62,923,4042,977,90,90
msg,0,63,939,6354,969,90,90
msg,0,64,929,3830,975,90,90
msg,0,65,924,5758,984,90,90
msg,0,66,919,3577,974,90,90
msg,0,67,923,18369,982,90,90
msg,0,68,925,17391,978,90,90
msg,0,69,927,5977,977,90,90
msg,0,70,1016,4035,979,90,90
msg,0,71,931,4253,972,90,90
msg,0,72,934,4338,966,90,90
msg,0,73,925,3787,954,90,90
msg,0,74,927,3814,974,90,90
msg,0,75,908,5432,984,90,90
msg,0,76,928,3708,973,90,90
msg,0,77,932,4071,976,90,90
msg,0,78,922,6230,983,90,90
msg,0,79,926,29406,974,90,90
msg,0,80,934,4045,978,90,90
msg,0,81,929,4076,977,90,90
msg,0,82,926,3690,977,90,90
msg,0,83,922,4118,980,90,90
msg,0,84,1366,3558,982,90,90
msg,0,85,935,3773,983,90,90
msg,0,86,929,3651,971,90,90
msg,0,87,931,9347,978,90,90
msg,0,88,926,4376,972,90,90
msg,0,89,930,4933,976,90,90
msg,0,90,933,17700,978,90,90
msg,0,91,927,13844,976,90,90
msg,0,92,925,4006,978,90,90
msg,0,93,927,4266,976,90,90
msg,0,94,935,4257,978,90,90
msg,0,95,936,4339,979,90,90
msg,0,96,902,5737,980,90,90
msg,0,97,926,10429,971,90,90
msg,0,98,926,11063,973,90,90
msg,0,99,939,9243,978,90,90
msg,0,100,930,34206,975,90,90
msg,0,101,932,6965,961,90,90
msg,0,102,926,3821,979,90,90
msg,0,103,927,3704,976,90,90
msg,0,104,993,3839,976,90,90
msg,0,105,934,4080,980,90,90
msg,0,106,905,6593,975,90,90
msg,0,107,923,3654,974,90,90
msg,0,108,933,4712,964,90,90
msg,0,109,930,4450,973,90,90
msg,0,110,996,4332,972,90,90
msg,0,111,937,28595,984,90,90
msg,0,112,935,4890,986,90,90
msg,0,113,920,3847,977,90,90
msg,0,114,934,3722,982,90,90
msg,0,115,939,3838,972,90,90
msg,0,116,924,3807,977,90,90
msg,0,117,931,3756,970,90,90
msg,0,118,935,4410,976,90,90
msg,0,119,993,6095,971,90,90
msg,0,120,896,3794,974,90,90
msg,0,121,922,4089,982,90,90
msg,0,122,991,4124,973,90,90
msg,0,123,930,30732,967,90,90
msg,0,124,1006,4078,973,90,90
msg,0,125,937,3956,976,90,90
msg,0,126,926,3747,964,90,90
msg,0,127,920,3786,977,90,90
msg,0,128,930,4098,970,90,90
msg,0,129,926,3692,978,90,90
msg,0,130,900,3839,1029,90,90
msg,0,131,903,4540,977,90,90
msg,0,132,928,3796,979,90,90
msg,0,133,927,4628,1017,90,90
msg,0,134,928,4525,976,90,90
msg,0,135,934,15770,981,90,90
msg,0,136,926,17695,978,90,90
msg,0,137,923,3893,978,90,90
msg,0,138,927,5795,989,90,90
msg,0,139,923,6135,982,90,90
msg,0,140,935,3789,980,90,90
msg,0,141,932,3932,976,90,90
msg,0,142,924,3807,976,90,90
msg,0,143,928,8890,969,90,90
msg,0,144,933,6756,958,90,90
msg,0,145,923,11797,986,90,90
msg,0,146,901,23374,977,90,90
msg,0,147,938,4779,969,90,90
msg,0,148,931,5890,974,90,90
msg,0,149,938,5414,985,90,90
msg,0,150,930,4894,976,90,90
msg,0,151,926,3756,972,90,90
msg,0,152,930,8050,974,90,90
msg,0,153,928,8444,964,90,90
msg,0,154,987,4693,973,90,90
msg,0,155,928,22447,968,90,90
msg,0,156,925,16436,977,90,90
msg,0,157,923,7866,972,90,90
msg,0,158,981,3952,949,90,90
msg,0,159,934,8264,979,90,90
msg,0,160,921,4082,978,90,90
msg,0,161,934,6255,979,90,90
msg,0,162,898,6962,977,90,90
msg,0,163,976,6354,982,90,90
msg,0,164,1045,4090,977,90,90
msg,0,165,926,16369,973,90,90
msg,0,166,934,16686,979,90,90
msg,0,167,913,3918,984,90,90
msg,0,168,897,5443,985,90,90
msg,0,169,932,6540,967,90,90
msg,0,170,931,6389,984,90,90
msg,0,171,926,4324,972,90,90
msg,0,172,901,9223,977,90,90
msg,0,173,924,7358,976,90,90
msg,0,174,933,23817,985,90,90
msg,0,175,931,18377,964,90,90
msg,0,176,926,4484,987,90,90
msg,0,177,932,5789,978,90,90
msg,0,178,932,5585,974,90,90
msg,0,179,931,7202,987,90,90
msg,0,180,928,12860,969,90,90
msg,0,181,928,4932,976,90,90
msg,0,182,927,4478,979,90,90
msg,0,183,922,18642,977,90,90
msg,0,184,934,14843,989,90,90
msg,0,185,1364,9621,986,90,90
msg,0,186,924,4937,980,90,90
msg,0,187,924,6785,972,90,90
msg,0,188,936,4167,979,90,90
msg,0,189,925,14154,974,90,90
msg,0,190,930,7744,953,90,90
msg,0,191,988,3842,978,90,90
msg,0,192,918,18034,1024,90,90
msg,0,193,936,16606,980,90,90
msg,0,194,905,9014,978,90,90
msg,0,195,921,12640,975,90,90
msg,0,196,927,8427,970,90,90
msg,0,197,935,11630,972,90,90
msg,0,198,906,5289,978,90,90
msg,0,199,923,6391,980,90,90
whole,0,50.123,1949.924,200
1,18.6000,0.0030,9.6010,28.2040,0,0,23,4,0,0,1,1,79000,0.0,0.0,0.0,0.0,0,0,0,0
msg,1,0,1059,5527,986,90,90
msg,1,1,930,6206,981,90,90
msg,1,2,928,4210,982,90,90
msg,1,3,978,8384,1049,90,90
msg,1,4,932,6173,971,90,90
msg,1,5,929,6101,973,90,90
msg,1,6,901,16676,979,90,90
msg,1,7,932,19029,982,90,90
msg,1,8,934,6339,969,90,90
msg,1,9,926,5379,973,90,90
msg,1,10,923,7516,977,90,90
msg,1,11,935,5255,983,90,90
msg,1,12,985,6521,973,90,90
msg,1,13,930,4412,982,90,90
msg,1,14,926,4083,1025,90,90
msg,1,15,922,4905,975,90,90
msg,1,16,924,16813,975,90,90
msg,1,17,907,14546,980,90,90
msg,1,18,934,4929,981,90,90
msg,1,19,935,4807,981,90,90
msg,1,20,931,6815,975,90,90
msg,1,21,929,3678,967,90,90
msg,1,22,932,6126,975,90,90
msg,1,23,925,7872,979,90,90
msg,1,24,926,4324,983,90,90
msg,1,25,938,4677,981,90,90
msg,1,26,924,4421,977,90,90
msg,1,27,927,18293,980,90,90
msg,1,28,935,19883,991,90,90
msg,1,29,934,4070,977,90,90
msg,1,30,924,4862,975,90,90
msg,1,31,918,5123,986,90,90
msg,1,32,928,9315,979,90,90
msg,1,33,919,6134,977,90,90
msg,1,34,929,5097,979,90,90
msg,1,35,935,5944,975,90,90
msg,1,36,933,6292,978,90,90
msg,1,37,933,43201,968,90,90
msg,1,38,923,3775,975,90,90
msg,1,39,897,4774,983,90,90
msg,1,40,925,4727,1030,90,90
msg,1,41,926,5134,973,90,90
msg,1,42,933,13704,978,90,90
msg,1,43,928,3755,981,90,90
msg,1,44,918,6571,974,90,90
msg,1,45,928,36844,962,90,90
msg,1,46,934,3802,977,90,90
msg,1,47,927,5462,982,90,90
msg,1,48,924,7797,1024,90,90
msg,1,49,929,3940,987,90,90
msg,1,50,923,6341,982,90,90
msg,1,51,906,6882,981,90,90
msg,1,52,925,4023,971,90,90
msg,1,53,918,4109,979,90,90
msg,1,54,925,8518,984,90,90
msg,1,55,933,23387,978,90,90
msg,1,56,933,5050,980,90,90
msg,1,57,985,6359,982,90,90
msg,1,58,900,3922,977,90,90
msg,1,59,926,3963,1029,90,90
msg,1,60,922,4223,971,90,90
msg,1,61,926,4105,976,90,90
msg,1,62,925,9719,974,90,90
msg,1,63,927,4318,977,90,90
msg,1,64,935,3922,980,90,90
msg,1,65,922,4626,977,90,90
msg,1,66,922,28986,980,90,90
msg,1,67,926,4224,972,90,90
msg,1,68,926,6424,972,90,90
msg,1,69,924,4247,977,90,90
msg,1,70,932,4059,977,90,90
msg,1,71,926,7197,977,90,90
msg,1,72,931,3852,972,90,90
msg,1,73,900,6606,977,90,90
msg,1,74,931,3875,964,90,90
msg,1,75,926,4444,969,90,90
msg,1,76,928,5599,982,90,90
msg,1,77,936,28839,987,90,90
msg,1,78,937,5749,982,90,90
msg,1,79,933,4304,978,90,90
msg,1,80,898,5082,969,90,90
msg,1,81,928,4170,974,90,90
msg,1,82,923,5035,984,90,90
msg,1,83,922,4428,982,90,90
msg,1,84,927,7321,982,90,90
msg,1,85,934,5860,972,90,90
msg,1,86,932,4518,979,90,90
msg,1,87,901,19365,976,90,90
msg,1,88,923,18389,983,90,90
msg,1,89,923,20108,978,90,90
msg,1,90,925,6196,977,90,90
msg,1,91,924,4076,976,90,90
msg,1,92,925,8682,969,90,90
msg,1,93,921,4581,978,90,90
msg,1,94,919,3940,982,90,90
msg,1,95,902,4230,971,90,90
msg,1,96,927,28830,968,90,90
msg,1,97,925,3940,968,90,90
msg,1,98,925,4487,983,90,90
msg,1,99,927,4593,970,90,90
msg,1,100,928,5004,984,90,90
msg,1,101,1013,4405,978,90,90
msg,1,102,922,4075,979,90,90
msg,1,103,931,5633,982,90,90
msg,1,104,979,3857,979,90,90
msg,1,105,906,5488,974,90,90
msg,1,106,930,6897,979,90,90
msg,1,107,931,10562,969,90,90
msg,1,108,923,18137,980,90,90
msg,1,109,930,3893,980,90,90
msg,1,110,924,4797,968,90,90
msg,1,111,937,6172,976,90,90
msg,1,112,926,3831,976,90,90
msg,1,113,928,6337,975,90,90
msg,1,114,931,3925,973,90,90
msg,1,115,922,8830,981,90,90
msg,1,116,925,4918,986,90,90
msg,1,117,929,4432,974,90,90
msg,1,118,929,39934,979,90,90
msg,1,119,940,5764,1004,90,90
msg,1,120,936,4508,979,90,90
msg,1,121,932,3823,978,90,90
msg,1,122,931,6396,968,90,90
msg,1,123,921,3944,965,90,90
msg,1,124,928,4363,971,90,90
msg,1,125,929,4670,1042,90,90
msg,1,126,930,4885,982,90,90
msg,1,127,930,7347,985,90,90
msg,1,128,929,29828,976,90,90
msg,1,129,931,6500,996,90,90
msg,1,130,933,5031,989,90,90
msg,1,131,933,6406,977,90,90
msg,1,132,985,6070,967,90,90
msg,1,133,937,5546,971,90,90
msg,1,134,932,10139,979,90,90
msg,1,135,930,7917,972,90,90
msg,1,136,927,5481,978,90,90
msg,1,137,985,30278,978,90,90
msg,1,138,928,5209,972,90,90
msg,1,139,926,4126,975,90,90
msg,1,140,931,4181,979,90,90
msg,1,141,923,4716,975,90,90
msg,1,142,928,4686,966,90,90
msg,1,143,931,6418,980,90,90
msg,1,144,935,6249,965,90,90
msg,1,145,927,5243,976,90,90
msg,1,146,933,5015,980,90,90
msg,1,147,933,4723,977,90,90
msg,1,148,939,33596,971,90,90
msg,1,149,920,5322,980,90,90
msg,1,150,934,4254,984,90,90
msg,1,151,928,4973,977,90,90
msg,1,152,923,4346,985,90,90
msg,1,153,925,4043,980,90,90
msg,1,154,926,6103,1054,90,90
msg,1,155,920,4164,974,90,90
msg,1,156,908,5688,980,90,90
msg,1,157,928,4962,977,90,90
msg,1,158,927,16633,1027,90,90
msg,1,159,929,18651,1004,90,90
msg,1,160,922,7566,981,90,90
msg,1,161,898,6064,978,90,90
msg,1,162,916,4059,967,90,90
msg,1,163,924,3961,976,90,90
msg,1,164,925,3772,969,90,90
msg,1,165,928,4195,983,90,90
msg,1,166,932,4040,978,90,90
msg,1,167,934,5230,978,90,90
msg,1,168,925,4198,973,90,90
msg,1,169,937,17815,976,90,90
msg,1,170,909,13852,974,90,90
msg,1,171,983,4477,976,90,90
msg,1,172,933,4006,979,90,90
msg,1,173,932,4009,983,90,90
msg,1,174,926,17449,977,90,90
msg,1,175,935,10098,981,90,90
msg,1,176,934,4035,990,90,90
msg,1,177,939,4098,980,90,90
msg,1,178,925,5684,978,90,90
msg,1,179,929,29230,975,90,90
msg,1,180,922,3924,979,90,90
msg,1,181,928,4293,975,90,90
msg,1,182,985,3872,965,90,90
msg,1,183,929,3933,970,90,90
msg,1,184,930,3600,973,90,90
msg,1,185,930,3935,987,90,90
msg,1,186,926,3884,981,90,90
msg,1,187,923,5871,981,90,90
msg,1,188,927,4197,958,90,90
msg,1,189,928,3887,979,90,90
msg,1,190,932,6533,980,90,90
msg,1,191,929,29268,975,90,90
msg,1,192,930,3921,975,90,90
msg,1,193,930,4115,971,90,90
msg,1,194,927,3935,972,90,90
msg,1,195,931,3881,972,90,90
msg,1,196,931,4445,975,90,90
msg,1,197,924,4967,977,90,90
msg,1,198,923,5988,969,90,90
msg,1,199,928,4349,971,90,90
whole,1,42.356,2013.953,200
2,4.3770,0.0020,6.8320,11.2110,0,0,23,4,0,0,1,1,79000,0.0,0.0,0.0,0.0,0,0,0,0
msg,2,0,1044,16735,982,90,90
msg,2,1,1009,3976,966,90,90
msg,2,2,924,4327,983,90,90
msg,2,3,928,3960,985,90,90
msg,2,4,928,4387,969,90,90
msg,2,5,925,4724,1053,90,90
msg,2,6,904,4037,978,90,90
msg,2,7,930,3937,975,90,90
msg,2,8,921,3839,977,90,90
msg,2,9,986,5427,981,90,90
msg,2,10,926,3968,979,90,90
msg,2,11,936,8272,981,90,90
msg,2,12,902,8122,966,90,90
msg,2,13,927,16960,971,90,90
msg,2,14,929,6381,1027,90,90
msg,2,15,934,3882,975,90,90
msg,2,16,928,4003,984,90,90
msg,2,17,925,3830,978,90,90
msg,2,18,924,6223,977,90,90
msg,2,19,905,5841,977,90,90
msg,2,20,934,3680,1020,90,90
msg,2,21,921,3923,977,90,90
msg,2,22,934,4432,966,90,90
msg,2,23,926,19360,985,90,90
msg,2,24,932,16758,973,90,90
msg,2,25,933,3779,974,90,90
msg,2,26,980,4307,974,90,90
msg,2,27,930,3914,978,90,90
msg,2,28,928,3896,967,90,90
msg,2,29,925,5845,979,90,90
msg,2,30,931,4003,979,90,90
msg,2,31,927,4147,990,90,90
msg,2,32,907,4404,983,90,90
msg,2,33,925,4408,971,90,90
msg,2,34,907,3876,981,90,90
msg,2,35,930,18590,975,90,90
msg,2,36,933,16094,976,90,90
msg,2,37,924,3992,975,90,90
msg,2,38,931,5311,972,90,90
msg,2,39,927,4021,981,90,90
msg,2,40,929,3833,979,90,90
msg,2,41,922,5319,978,90,90
msg,2,42,940,3676,976,90,90
msg,2,43,925,7240,973,90,90
msg,2,44,930,4119,981,90,90
msg,2,45,930,3903,976,90,90
msg,2,46,931,5694,973,90,90
msg,2,47,925,35669,978,90,90
msg,2,48,927,4095,984,90,90
msg,2,49,923,4213,974,90,90
msg,2,50,929,4410,967,90,90
msg,2,51,927,4969,981,90,90
msg,2,52,930,4211,977,90,90
msg,2,53,920,6152,977,90,90
msg,2,54,908,3848,980,90,90
msg,2,55,937,4409,976,90,90
msg,2,56,931,4082,979,90,90
msg,2,57,925,19390,982,90,90
msg,2,58,894,13506,986,90,90
msg,2,59,930,4456,962,90,90
msg,2,60,926,4720,982,90,90
msg,2,61,926,3886,983,90,90
msg,2,62,930,4823,981,90,90
msg,2,63,923,6650,977,90,90
msg,2,64,929,3780,974,90,90
msg,2,65,990,7671,967,90,90
msg,2,66,934,3995,974,90,90
msg,2,67,928,4782,959,90,90
msg,2,68,928,4376,978,90,90
msg,2,69,930,30304,995,90,90
msg,2,70,910,4088,965,90,90
msg,2,71,919,5884,967,90,90
msg,2,72,925,3946,965,90,90
msg,2,73,936,4600,981,90,90
msg,2,74,937,5690,975,90,90
msg,2,75,934,4572,967,90,90
msg,2,76,934,8131,978,90,90
msg,2,77,930,3842,979,90,90
msg,2,78,930,5228,980,90,90
msg,2,79,928,3864,968,90,90
msg,2,80,925,13818,977,90,90
msg,2,81,925,16183,975,90,90
msg,2,82,933,3843,982,90,90
msg,2,83,938,3846,974,90,90
msg,2,84,926,3865,984,90,90
msg,2,85,927,3927,979,90,90
msg,2,86,922,7466,982,90,90
msg,2,87,934,3964,977,90,90
msg,2,88,932,8285,993,90,90
msg,2,89,928,5703,980,90,90
msg,2,90,926,4370,982,90,90
msg,2,91,924,7503,975,90,90
msg,2,92,936,27642,960,90,90
msg,2,93,922,3865,978,90,90
msg,2,94,931,4210,978,90,90
msg,2,95,935,5844,976,90,90
msg,2,96,927,7148,978,90,90
msg,2,97,996,6106,976,90,90
msg,2,98,929,7236,974,90,90
msg,2,99,928,4059,968,90,90
msg,2,100,928,4546,979,90,90
msg,2,101,928,5535,970,90,90
msg,2,102,928,28642,967,90,90
msg,2,103,928,4301,979,90,90
msg,2,104,925,3905,1064,90,90
msg,2,105,932,4332,977,90,90
msg,2,106,926,4255,974,90,90
msg,2,107,929,4085,977,90,90
msg,2,108,988,4197,976,90,90
msg,2,109,926,6786,976,90,90
msg,2,110,925,3940,1026,90,90
msg,2,111,933,3959,979,90,90
msg,2,112,924,5345,979,90,90
msg,2,113,928,18418,977,90,90
msg,2,114,932,16405,964,90,90
msg,2,115,929,4125,975,90,90
msg,2,116,1019,4229,967,90,90
msg,2,117,925,3941,978,90,90
msg,2,118,910,4230,972,90,90
msg,2,119,928,4885,964,90,90
msg,2,120,932,4185,971,90,90
msg,2,121,940,5241,976,90,90
msg,2,122,924,4076,983,90,90
msg,2,123,933,4347,980,90,90
msg,2,124,930,4173,985,90,90
msg,2,125,926,7262,976,90,90
msg,2,126,906,23469,979,90,90
msg,2,127,934,4330,976,90,90
msg,2,128,1014,4391,974,90,90
msg,2,129,934,4500,973,90,90
msg,2,130,932,4793,973,90,90
msg,2,131,976,4323,977,90,90
msg,2,132,939,4516,972,90,90
msg,2,133,904,5547,980,90,90
msg,2,134,990,4839,980,90,90
msg,2,135,942,4820,974,90,90
msg,2,136,927,4046,975,90,90
msg,2,137,934,17608,979,90,90
msg,2,138,990,13419,980,90,90
msg,2,139,932,4237,977,90,90
msg,2,140,941,3983,970,90,90
msg,2,141,927,4390,1361,90,90
msg,2,142,939,5978,975,90,90
msg,2,143,941,5104,979,90,90
msg,2,144,923,4213,983,90,90
msg,2,145,921,7592,978,90,90
msg,2,146,933,4651,966,90,90
msg,2,147,936,4594,984,90,90
msg,2,148,920,4641,980,90,90
msg,2,149,935,29255,973,90,90
msg,2,150,927,4124,975,90,90
msg,2,151,926,4947,962,90,90
msg,2,152,922,4263,976,90,90
msg,2,153,932,4624,960,90,90
msg,2,154,934,6914,963,90,90
msg,2,155,926,3856,979,90,90
msg,2,156,932,7925,974,90,90
msg,2,157,934,4766,984,90,90
msg,2,158,897,4449,980,90,90
msg,2,159,923,3829,971,90,90
msg,2,160,932,30751,1027,90,90
msg,2,161,938,4291,973,90,90
msg,2,162,929,4364,973,90,90
msg,2,163,939,5111,1017,90,90
msg,2,164,924,3990,975,90,90
msg,2,165,927,5841,978,90,90
msg,2,166,928,4063,1023,90,90
msg,2,167,927,7626,959,90,90
msg,2,168,931,3816,978,90,90
msg,2,169,921,3759,982,90,90
msg,2,170,924,6700,987,90,90
msg,2,171,930,28443,973,90,90
msg,2,172,935,3923,976,90,90
msg,2,173,934,4036,982,90,90
msg,2,174,920,3960,980,90,90
msg,2,175,977,4717,973,90,90
msg,2,176,935,4381,975,90,90
msg,2,177,930,3521,968,90,90
msg,2,178,924,3869,972,90,90
msg,2,179,934,7796,957,90,90
msg,2,180,922,5454,976,90,90
msg,2,181,924,4287,975,90,90
msg,2,182,898,18196,965,90,90
msg,2,183,928,13417,977,90,90
msg,2,184,925,4318,963,90,90
msg,2,185,937,4017,971,90,90
msg,2,186,923,3904,964,90,90
msg,2,187,931,4332,976,90,90
msg,2,188,929,4001,984,90,90
msg,2,189,923,5358,962,90,90
msg,2,190,928,5931,958,90,90
msg,2,191,935,4045,973,90,90
msg,2,192,932,6163,979,90,90
msg,2,193,929,3793,981,90,90
msg,2,194,924,7756,968,90,90
msg,2,195,928,23358,981,90,90
msg,2,196,932,5255,1346,90,90
msg,2,197,935,4238,984,90,90
msg,2,198,927,4446,975,90,90
msg,2,199,930,4419,983,90,90
whole,2,47.499,1812.952,200
#stack 2392
#end
#block pipeline plain lorawan11_256 down
#aead AES-256-CTR+2xCMAC (LoRaWAN 1.1 frame, 256-bit keys) (BearSSL (arduino-pico)), downlink, 51 B payload + 13 B overhead
#lib none (plain MQTT)
iter,tcp_ms,tls_ms,mqtt_ms,total_ms,hs_tx_B,hs_rx_B,mqtt_tx_B,mqtt_rx_B,hs_writes,hs_reads,writes,reads,free_heap_B,hs_keygen_us,hs_derive_us,hs_verify_us,hs_sign_us,hs_keygen_n,hs_derive_n,hs_verify_n,hs_sign_n
msg,iter,idx,seal_us,rtt_us,open_us,tx_B,rx_B
whole,iter,first_ms,all_ms,msgs
0,4.3720,0.0030,4.6040,8.9790,0,0,23,4,0,0,1,1,79000,0.0,0.0,0.0,0.0,0,0,0,0
msg,0,0,696,5736,630,90,90
msg,0,1,587,3813,604,90,90
msg,0,2,572,4685,604,90,90
msg,0,3,578,29521,605,90,90
msg,0,4,579,3877,597,90,90
msg,0,5,550,6472,650,90,90
msg,0,6,566,4010,626,90,90
msg,0,7,541,3773,628,90,90
msg,0,8,549,3904,622,90,90
msg,0,9,572,4424,621,90,90
msg,0,10,571,3880,623,90,90
msg,0,11,571,5789,605,90,90
msg,0,12,580,4927,601,90,90
msg,0,13,550,5858,622,90,90
msg,0,14,552,4110,595,90,90
msg,0,15,570,4041,622,90,90
msg,0,16,547,34397,603,90,90
msg,0,17,579,5973,620,90,90
msg,0,18,557,3997,619,90,90
msg,0,19,570,3486,626,90,90
msg,0,20,568,3856,616,90,90
msg,0,21,575,6024,607,90,90
msg,0,22,547,3807,621,90,90
msg,0,23,556,5249,598,90,90
msg,0,24,570,7657,603,90,90
msg,0,25,577,4221,619,90,90
msg,0,26,575,4093,595,90,90
msg,0,27,578,18446,618,90,90
msg,0,28,572,14344,615,90,90
msg,0,29,566,3926,616,90,90
msg,0,30,575,5950,603,90,90
msg,0,31,549,4347,610,90,90
msg,0,32,577,3499,622,90,90
msg,0,33,570,4278,620,90,90
msg,0,34,544,6122,625,90,90
msg,0,35,571,3595,616,90,90
msg,0,36,571,4307,621,90,90
msg,0,37,663,4031,606,90,90
msg,0,38,570,4304,616,90,90
msg,0,39,578,4131,619,90,90
msg,0,40,551,3925,627,90,90
msg,0,41,551,17494,623,90,90
msg,0,42,546,16975,618,90,90
msg,0,43,570,4990,604,90,90
msg,0,44,578,4099,620,90,90
msg,0,45,547,4770,623,90,90
msg,0,46,577,3984,596,90,90
msg,0,47,581,9272,619,90,90
msg,0,48,584,6246,676,90,90
msg,0,49,540,3625,600,90,90
msg,0,50,543,3512,603,90,90
msg,0,51,585,3858,623,90,90
msg,0,52,544,3732,663,90,90
msg,0,53,547,4326,603,90,90
msg,0,54,544,29347,626,90,90
msg,0,55,572,4173,621,90,90
msg,0,56,554,5406,602,90,90
msg,0,57,546,4204,619,90,90
msg,0,58,574,4142,653,90,90
msg,0,59,551,3655,602,90,90
msg,0,60,547,5355,598,90,90
msg,0,61,568,3848,596,90,90
msg,0,62,546,5443,603,90,90
msg,0,63,568,4102,618,90,90
msg,0,64,546,4342,601,90,90
msg,0,65,585,4325,623,90,90
msg,0,66,583,3879,593,90,90
msg,0,67,584,16514,623,90,90
msg,0,68,574,17201,621,90,90
msg,0,69,547,3474,610,90,90
msg,0,70,556,4017,622,90,90
msg,0,71,582,4202,599,90,90
msg,0,72,548,4221,623,90,90
msg,0,73,565,3797,647,90,90
msg,0,74,571,3848,600,90,90
msg,0,75,544,4127,680,90,90
msg,0,76,569,4640,622,90,90
msg,0,77,577,4452,623,90,90
msg,0,78,582,3995,602,90,90
msg,0,79,584,3387,616,90,90
msg,0,80,580,3613,620,90,90
msg,0,81,569,17503,625,90,90
msg,0,82,541,16561,617,90,90
msg,0,83,553,3748,626,90,90
msg,0,84,543,3796,619,90,90
msg,0,85,569,3799,617,90,90
msg,0,86,635,4319,619,90,90
msg,0,87,570,3893,612,90,90
msg,0,88,583,4779,599,90,90
msg,0,89,578,3842,598,90,90
msg,0,90,546,5918,617,90,90
msg,0,91,553,4667,615,90,90
msg,0,92,540,3995,611,90,90
msg,0,93,570,5498,625,90,90
msg,0,94,570,3880,599,90,90
msg,0,95,573,29938,600,90,90
msg,0,96,544,3967,626,90,90
msg,0,97,567,4120,602,90,90
msg,0,98,572,5247,615,90,90
msg,0,99,574,4580,619,90,90
msg,0,100,571,11142,687,90,90
msg,0,101,551,3984,618,90,90
msg,0,102,545,8505,640,90,90
msg,0,103,547,4745,620,90,90
msg,0,104,555,3842,624,90,90
msg,0,105,569,4602,621,90,90
msg,0,106,572,34278,599,90,90
msg,0,107,554,3774,624,90,90
msg,0,108,610,5009,617,90,90
msg,0,109,576,3938,603,90,90
msg,0,110,544,3966,624,90,90
msg,0,111,546,3933,627,90,90
msg,0,112,577,6421,620,90,90
msg,0,113,555,3698,623,90,90
msg,0,114,572,7067,601,90,90
msg,0,115,577,3781,606,90,90
msg,0,116,551,3658,606,90,90
msg,0,117,541,4442,604,90,90
msg,0,118,573,18160,621,90,90
msg,0,119,547,19271,600,90,90
msg,0,120,571,3855,603,90,90
msg,0,121,548,3948,623,90,90
msg,0,122,567,3672,624,90,90
msg,0,123,576,4008,601,90,90
msg,0,124,576,5274,620,90,90
msg,0,125,566,4619,621,90,90
msg,0,126,578,3628,619,90,90
msg,0,127,574,6969,649,90,90
msg,0,128,574,5346,614,90,90
msg,0,129,571,4825,613,90,90
msg,0,130,573,3856,596,90,90
msg,0,131,542,35753,602,90,90
msg,0,132,561,3619,602,90,90
msg,0,133,546,4339,621,90,90
msg,0,134,563,6799,602,90,90
msg,0,135,568,6047,625,90,90
msg,0,136,548,10190,599,90,90
msg,0,137,571,8012,626,90,90
msg,0,138,553,4820,623,90,90
msg,0,139,552,4245,603,90,90
msg,0,140,546,3616,602,90,90
msg,0,141,644,18159,621,90,90
msg,0,142,634,13370,618,90,90
msg,0,143,555,3700,623,90,90
msg,0,144,547,5837,614,90,90
msg,0,145,581,3801,615,90,90
msg,0,146,570,3704,594,90,90
msg,0,147,579,3926,605,90,90
msg,0,148,549,5706,602,90,90
msg,0,149,554,5907,620,90,90
msg,0,150,544,4497,621,90,90
msg,0,151,551,4474,600,90,90
msg,0,152,552,5013,623,90,90
msg,0,153,546,3593,625,90,90
msg,0,154,607,3985,625,90,90
msg,0,155,572,29980,598,90,90
msg,0,156,547,17365,606,90,90
msg,0,157,583,4731,605,90,90
msg,0,158,573,4084,620,90,90
msg,0,159,553,3768,617,90,90
msg,0,160,573,3886,631,90,90
msg,0,161,571,8858,601,90,90
msg,0,162,547,3849,620,90,90
msg,0,163,548,4035,622,90,90
msg,0,164,580,4120,600,90,90
msg,0,165,553,18347,603,90,90
msg,0,166,577,18306,626,90,90
msg,0,167,563,3494,615,90,90
msg,0,168,542,4045,618,90,90
msg,0,169,573,8303,622,90,90
msg,0,170,546,4184,603,90,90
msg,0,171,585,4043,620,90,90
msg,0,172,547,3752,624,90,90
msg,0,173,554,5236,600,90,90
msg,0,174,577,4482,600,90,90
msg,0,175,572,3536,614,90,90
msg,0,176,576,4461,622,90,90
msg,0,177,573,6490,618,90,90
msg,0,178,548,29753,620,90,90
msg,0,179,581,3930,604,90,90
msg,0,180,583,5480,626,90,90
msg,0,181,578,5002,598,90,90
msg,0,182,627,3868,622,90,90
msg,0,183,551,3571,616,90,90
msg,0,184,543,4975,623,90,90
msg,0,185,567,3848,613,90,90
msg,0,186,566,6780,602,90,90
msg,0,187,574,4560,598,90,90
msg,0,188,572,3978,601,90,90
msg,0,189,550,4864,621,90,90
msg,0,190,541,4241,605,90,90
msg,0,191,576,29479,617,90,90
msg,0,192,575,4023,604,90,90
msg,0,193,616,5522,599,90,90
msg,0,194,547,3785,615,90,90
msg,0,195,555,3900,622,90,90
msg,0,196,569,3812,618,90,90
msg,0,197,582,5856,602,90,90
msg,0,198,574,3842,602,90,90
msg,0,199,549,4622,597,90,90
whole,0,27.406,1652.177,200
1,3.8060,0.0030,5.5510,9.3600,0,0,23,4,0,0,1,1,79000,0.0,0.0,0.0,0.0,0,0,0,0
msg,1,0,700,4068,631,90,90
msg,1,1,548,31111,607,90,90
msg,1,2,571,3948,602,90,90
msg,1,3,549,3959,621,90,90
msg,1,4,577,3765,628,90,90
msg,1,5,570,3740,623,90,90
msg,1,6,567,4258,623,90,90
msg,1,7,554,5648,623,90,90
msg,1,8,551,4657,623,90,90
msg,1,9,546,4040,618,90,90
msg,1,10,567,4178,622,90,90
msg,1,11,554,3789,626,90,90
msg,1,12,565,3802,617,90,90
msg,1,13,570,3776,619,90,90
msg,1,14,576,17639,618,90,90
msg,1,15,579,16119,623,90,90
msg,1,16,548,4074,619,90,90
msg,1,17,566,4597,614,90,90
msg,1,18,570,5472,618,90,90
msg,1,19,568,5207,617,90,90
msg,1,20,548,8436,604,90,90
msg,1,21,572,4369,624,90,90
msg,1,22,565,6397,627,90,90
msg,1,23,544,3682,623,90,90
msg,1,24,539,3587,620,90,90
msg,1,25,547,3706,619,90,90
msg,1,26,613,4849,616,90,90
msg,1,27,570,15288,622,90,90
msg,1,28,548,16572,669,90,90
msg,1,29,549,3564,604,90,90
msg,1,30,647,3562,600,90,90
msg,1,31,549,3839,621,90,90
msg,1,32,544,3439,600,90,90
msg,1,33,547,4615,651,90,90
msg,1,34,547,4758,619,90,90
msg,1,35,548,4344,602,90,90
msg,1,36,585,4111,622,90,90
msg,1,37,542,3772,618,90,90
msg,1,38,568,3816,620,90,90
msg,1,39,569,3843,601,90,90
msg,1,40,572,4384,618,90,90
msg,1,41,571,16793,599,90,90
msg,1,42,578,14658,601,90,90
msg,1,43,575,3645,606,90,90
msg,1,44,578,5928,603,90,90
msg,1,45,545,4345,598,90,90
msg,1,46,581,3604,617,90,90
msg,1,47,573,3906,600,90,90
msg,1,48,545,5011,625,90,90
msg,1,49,548,4256,601,90,90
msg,1,50,545,5130,619,90,90
msg,1,51,573,4558,624,90,90
msg,1,52,569,3981,603,90,90
msg,1,53,572,4373,615,90,90
msg,1,54,567,3813,619,90,90
msg,1,55,572,16388,625,90,90
msg,1,56,583,16771,617,90,90
msg,1,57,576,4458,622,90,90
msg,1,58,577,3575,618,90,90
msg,1,59,552,3807,618,90,90
msg,1,60,567,3523,618,90,90
msg,1,61,576,3784,620,90,90
msg,1,62,578,6216,617,90,90
msg,1,63,551,4037,622,90,90
msg,1,64,571,7199,597,90,90
msg,1,65,547,4411,602,90,90
msg,1,66,580,3828,604,90,90
msg,1,67,546,3560,599,90,90
msg,1,68,558,3845,618,90,90
msg,1,69,547,33280,602,90,90
msg,1,70,564,4025,621,90,90
msg,1,71,554,4005,621,90,90
msg,1,72,572,3624,619,90,90
msg,1,73,631,5194,615,90,90
msg,1,74,546,6089,624,90,90
msg,1,75,575,3921,608,90,90
msg,1,76,581,4528,601,90,90
msg,1,77,564,4652,599,90,90
msg,1,78,574,4254,625,90,90
msg,1,79,546,3775,624,90,90
msg,1,80,568,3598,621,90,90
msg,1,81,569,8602,619,90,90
msg,1,82,570,24079,601,90,90
msg,1,83,660,3919,620,90,90
msg,1,84,543,5537,599,90,90
msg,1,85,553,7930,641,90,90
msg,1,86,566,3821,622,90,90
msg,1,87,574,3897,604,90,90
msg,1,88,584,4207,621,90,90
msg,1,89,565,4010,599,90,90
msg,1,90,567,9005,621,90,90
msg,1,91,606,4109,620,90,90
msg,1,92,568,4699,598,90,90
msg,1,93,568,20359,621,90,90
msg,1,94,570,17174,603,90,90
msg,1,95,557,3835,618,90,90
msg,1,96,557,3965,623,90,90
msg,1,97,580,3732,612,90,90
msg,1,98,578,4145,599,90,90
msg,1,99,547,4564,598,90,90
msg,1,100,546,3875,622,90,90
msg,1,101,552,4652,620,90,90
msg,1,102,542,6823,620,90,90
msg,1,103,570,5495,618,90,90
msg,1,104,551,3780,623,90,90
msg,1,105,573,4138,603,90,90
msg,1,106,579,18747,595,90,90
msg,1,107,547,18028,620,90,90
msg,1,108,571,4013,601,90,90
msg,1,109,580,4444,676,90,90
msg,1,110,573,3773,603,90,90
msg,1,111,577,3806,597,90,90
msg,1,112,579,3894,623,90,90
msg,1,113,550,6680,624,90,90
msg,1,114,543,6564,601,90,90
msg,1,115,539,3900,620,90,90
msg,1,116,547,3715,621,90,90
msg,1,117,566,4038,605,90,90
msg,1,118,574,4617,606,90,90
msg,1,119,571,6827,604,90,90
msg,1,120,544,24208,629,90,90
msg,1,121,579,3918,602,90,90
msg,1,122,567,6016,661,90,90
msg,1,123,548,3654,618,90,90
msg,1,124,554,5586,617,90,90
msg,1,125,558,4049,622,90,90
msg,1,126,565,3609,624,90,90
msg,1,127,571,3664,619,90,90
msg,1,128,579,5419,624,90,90
msg,1,129,545,3945,622,90,90
msg,1,130,627,4023,594,90,90
msg,1,131,547,5665,601,90,90
msg,1,132,558,20190,621,90,90
msg,1,133,570,18978,597,90,90
msg,1,134,546,3972,619,90,90
msg,1,135,628,3714,613,90,90
msg,1,136,569,4236,598,90,90
msg,1,137,550,3834,617,90,90
msg,1,138,552,4307,604,90,90
msg,1,139,570,4862,600,90,90
msg,1,140,553,3889,619,90,90
msg,1,141,554,6065,597,90,90
msg,1,142,625,4829,597,90,90
msg,1,143,548,4007,623,90,90
msg,1,144,541,3921,624,90,90
msg,1,145,574,17256,616,90,90
msg,1,146,554,15262,599,90,90
msg,1,147,573,4006,630,90,90
msg,1,148,554,5556,628,90,90
msg,1,149,556,3974,621,90,90
msg,1,150,559,3939,606,90,90
msg,1,151,573,3707,603,90,90
msg,1,152,582,5575,604,90,90
msg,1,153,578,4055,619,90,90
msg,1,154,553,4813,616,90,90
msg,1,155,557,4119,606,90,90
msg,1,156,581,4267,615,90,90
msg,1,157,572,3918,619,90,90
msg,1,158,577,3425,623,90,90
msg,1,159,569,17956,603,90,90
msg,1,160,572,14038,619,90,90
msg,1,161,550,4243,593,90,90
msg,1,162,579,5455,619,90,90
msg,1,163,572,4030,600,90,90
msg,1,164,543,4281,617,90,90
msg,1,165,576,3790,603,90,90
msg,1,166,586,5104,618,90,90
msg,1,167,547,4406,603,90,90
msg,1,168,551,6128,617,90,90
msg,1,169,568,6393,626,90,90
msg,1,170,547,4235,602,90,90
msg,1,171,581,4111,616,90,90
msg,1,172,549,18057,604,90,90
msg,1,173,569,19206,620,90,90
msg,1,174,546,6174,598,90,90
msg,1,175,576,4141,617,90,90
msg,1,176,549,4182,607,90,90
msg,1,177,567,4263,623,90,90
msg,1,178,577,4770,621,90,90
msg,1,179,568,4088,598,90,90
msg,1,180,545,9659,604,90,90
msg,1,181,556,3734,623,90,90
msg,1,182,558,3753,619,90,90
msg,1,183,544,3842,616,90,90
msg,1,184,568,3771,658,90,90
msg,1,185,573,28242,623,90,90
msg,1,186,547,4328,600,90,90
msg,1,187,550,5512,603,90,90
msg,1,188,571,3903,618,90,90
msg,1,189,548,3803,622,90,90
msg,1,190,542,3807,622,90,90
msg,1,191,568,6280,598,90,90
msg,1,192,559,3840,661,90,90
msg,1,193,547,5024,625,90,90
msg,1,194,582,4674,601,90,90
msg,1,195,582,3702,597,90,90
msg,1,196,568,4142,617,90,90
msg,1,197,557,3670,624,90,90
msg,1,198,556,15568,623,90,90
msg,1,199,555,15205,605,90,90
whole,1,20.308,1587.247,200
2,7.3740,0.0020,4.6950,12.0710,0,0,23,4,0,0,1,1,79000,0.0,0.0,0.0,0.0,0,0,0,0
msg,2,0,701,4570,629,90,90
msg,2,1,576,4269,622,90,90
msg,2,2,556,3849,628,90,90
msg,2,3,565,7132,599,90,90
msg,2,4,577,4388,622,90,90
msg,2,5,576,4305,620,90,90
msg,2,6,544,3814,621,90,90
msg,2,7,566,8419,619,90,90
msg,2,8,552,9409,605,90,90
msg,2,9,544,17432,616,90,90
msg,2,10,579,6819,607,90,90
msg,2,11,550,4126,618,90,90
msg,2,12,574,4194,596,90,90
msg,2,13,553,3655,604,90,90
msg,2,14,557,7855,618,90,90
msg,2,15,543,3660,620,90,90
msg,2,16,552,6383,649,90,90
msg,2,17,551,4967,622,90,90
msg,2,18,543,3930,622,90,90
msg,2,19,575,4439,620,90,90
msg,2,20,572,17069,600,90,90
msg,2,21,576,18351,624,90,90
msg,2,22,581,4109,602,90,90
msg,2,23,546,4544,601,90,90
msg,2,24,550,3842,619,90,90
msg,2,25,544,5350,602,90,90
msg,2,26,573,6953,622,90,90
msg,2,27,557,3981,623,90,90
msg,2,28,575,5533,619,90,90
msg,2,29,547,4287,602,90,90
msg,2,30,600,3902,617,90,90
msg,2,31,553,4816,621,90,90
msg,2,32,580,5477,624,90,90
msg,2,33,544,29513,625,90,90
msg,2,34,547,3971,620,90,90
msg,2,35,577,5904,599,90,90
msg,2,36,577,3810,599,90,90
msg,2,37,543,4351,616,90,90
msg,2,38,574,5122,619,90,90
msg,2,39,547,5673,623,90,90
msg,2,40,547,3883,615,90,90
msg,2,41,574,3540,620,90,90
msg,2,42,554,3547,619,90,90
msg,2,43,549,3890,624,90,90
msg,2,44,567,3915,623,90,90
msg,2,45,570,3979,600,90,90
msg,2,46,553,7408,605,90,90
msg,2,47,578,24073,626,90,90
msg,2,48,557,3679,613,90,90
msg,2,49,550,4020,623,90,90
msg,2,50,578,4948,600,90,90
msg,2,51,545,4769,600,90,90
msg,2,52,546,3606,602,90,90
msg,2,53,549,5595,603,90,90
msg,2,54,554,3624,596,90,90
msg,2,55,553,5703,599,90,90
msg,2,56,550,4244,621,90,90
msg,2,57,568,4343,617,90,90
msg,2,58,545,4589,619,90,90
msg,2,59,550,5033,620,90,90
msg,2,60,571,30412,621,90,90
msg,2,61,571,3912,619,90,90
msg,2,62,569,5569,619,90,90
msg,2,63,570,4558,624,90,90
msg,2,64,567,3589,616,90,90
msg,2,65,568,3991,601,90,90
msg,2,66,581,5194,619,90,90
msg,2,67,576,3669,621,90,90
msg,2,68,562,5434,663,90,90
msg,2,69,546,3938,625,90,90
msg,2,70,572,4801,607,90,90
msg,2,71,574,4213,626,90,90
msg,2,72,551,6286,603,90,90
msg,2,73,550,29339,635,90,90
msg,2,74,583,4263,622,90,90
msg,2,75,548,5551,624,90,90
msg,2,76,549,4756,612,90,90
msg,2,77,550,4300,598,90,90
msg,2,78,548,4183,626,90,90
msg,2,79,565,3951,602,90,90
msg,2,80,576,4401,618,90,90
msg,2,81,580,4622,614,90,90
msg,2,82,572,4330,622,90,90
msg,2,83,548,3911,624,90,90
msg,2,84,569,4284,617,90,90
msg,2,85,627,4415,602,90,90
msg,2,86,548,15022,621,90,90
msg,2,87,570,15178,606,90,90
msg,2,88,548,4509,605,90,90
msg,2,89,580,5406,621,90,90
msg,2,90,570,3826,597,90,90
msg,2,91,575,3983,618,90,90
msg,2,92,552,3882,621,90,90
msg,2,93,577,5788,613,90,90
msg,2,94,577,4409,626,90,90
msg,2,95,547,7467,627,90,90
msg,2,96,545,4718,617,90,90
msg,2,97,548,3897,698,90,90
msg,2,98,579,3779,616,90,90
msg,2,99,572,18629,619,90,90
msg,2,100,574,14153,620,90,90
msg,2,101,548,3835,622,90,90
msg,2,102,565,5472,628,90,90
msg,2,103,555,3757,622,90,90
msg,2,104,558,3623,623,90,90
msg,2,105,941,3877,604,90,90
msg,2,106,652,5426,603,90,90
msg,2,107,574,3994,624,90,90
msg,2,108,549,5538,598,90,90
msg,2,109,559,4019,625,90,90
msg,2,110,573,3746,613,90,90
msg,2,111,586,3618,623,90,90
msg,2,112,575,7388,624,90,90
msg,2,113,552,35449,622,90,90
msg,2,114,550,5126,618,90,90
msg,2,115,565,3767,600,90,90
msg,2,116,575,4403,616,90,90
msg,2,117,579,3742,612,90,90
msg,2,118,578,5760,602,90,90
msg,2,119,574,3952,598,90,90
msg,2,120,549,5325,602,90,90
msg,2,121,576,3926,602,90,90
msg,2,122,553,4072,629,90,90
msg,2,123,573,4494,625,90,90
msg,2,124,553,4009,615,90,90
msg,2,125,575,31361,616,90,90
msg,2,126,578,3815,614,90,90
msg,2,127,575,3868,601,90,90
msg,2,128,571,3666,598,90,90
msg,2,129,581,3633,596,90,90
msg,2,130,574,3599,602,90,90
msg,2,131,581,5349,620,90,90
msg,2,132,569,3790,613,90,90
msg,2,133,575,3627,620,90,90
msg,2,134,569,6309,628,90,90
msg,2,135,545,4997,632,90,90
msg,2,136,577,3611,617,90,90
msg,2,137,571,4141,618,90,90
msg,2,138,551,17499,619,90,90
msg,2,139,549,15165,629,90,90
msg,2,140,570,4900,655,90,90
msg,2,141,567,4571,602,90,90
msg,2,142,578,3984,619,90,90
msg,2,143,547,3669,625,90,90
msg,2,144,545,4672,621,90,90
msg,2,145,544,4934,615,90,90
msg,2,146,577,3729,617,90,90
msg,2,147,579,5749,618,90,90
msg,2,148,578,3993,601,90,90
msg,2,149,555,3734,600,90,90
msg,2,150,546,3752,616,90,90
msg,2,151,552,3543,598,90,90
msg,2,152,548,7808,618,90,90
msg,2,153,551,24172,609,90,90
msg,2,154,571,4217,628,90,90
msg,2,155,543,4697,621,90,90
msg,2,156,578,4461,613,90,90
msg,2,157,543,4461,604,90,90
msg,2,158,553,4267,616,90,90
msg,2,159,633,5817,604,90,90
msg,2,160,572,9285,622,90,90
msg,2,161,569,5649,619,90,90
msg,2,162,570,4644,623,90,90
msg,2,163,576,3941,600,90,90
msg,2,164,583,4107,623,90,90
msg,2,165,547,30260,600,90,90
msg,2,166,582,3992,620,90,90
msg,2,167,553,6039,620,90,90
msg,2,168,565,4796,602,90,90
msg,2,169,568,3505,622,90,90
msg,2,170,574,3837,594,90,90
msg,2,171,581,5587,602,90,90
msg,2,172,571,3745,600,90,90
msg,2,173,543,4591,680,90,90
msg,2,174,547,3707,597,90,90
msg,2,175,548,4820,623,90,90
msg,2,176,553,5203,602,90,90
msg,2,177,572,5141,621,90,90
msg,2,178,547,30131,603,90,90
msg,2,179,577,4493,625,90,90
msg,2,180,568,4276,618,90,90
msg,2,181,557,3618,618,90,90
msg,2,182,558,3996,616,90,90
msg,2,183,568,3921,600,90,90
msg,2,184,571,5713,601,90,90
msg,2,185,575,4154,623,90,90
msg,2,186,578,5570,620,90,90
msg,2,187,581,4093,602,90,90
msg,2,188,573,3765,599,90,90
msg,2,189,548,3771,600,90,90
msg,2,190,543,6445,600,90,90
msg,2,191,577,15034,622,90,90
msg,2,192,544,16747,615,90,90
msg,2,193,553,4170,600,90,90
msg,2,194,576,3796,600,90,90
msg,2,195,548,3783,606,90,90
msg,2,196,549,3906,625,90,90
msg,2,197,549,3651,624,90,90
msg,2,198,539,4466,622,90,90
msg,2,199,557,3939,623,90,90
whole,2,25.206,1570.610,200
#stack 2368
#end
#block pipeline TLS lorawan11 up
#aead LoRaWAN-1.1 AES-128-CTR+2xCMAC (BearSSL (arduino-pico)), uplink, 51 B payload + 13 B overhead
#lib wolfSSL 5.9.4
iter,tcp_ms,tls_ms,mqtt_ms,total_ms,hs_tx_B,hs_rx_B,mqtt_tx_B,mqtt_rx_B,hs_writes,hs_reads,writes,reads,free_heap_B,hs_keygen_us,hs_derive_us,hs_verify_us,hs_sign_us,hs_keygen_n,hs_derive_n,hs_verify_n,hs_sign_n
msg,iter,idx,seal_us,rtt_us,open_us,tx_B,rx_B
whole,iter,first_ms,all_ms,msgs
#suite TLS13-AES256-GCM-SHA384
0,7.5910,7474.5430,39.2880,7521.4220,1391,4627,45,568,2,12,3,18,76672,66398.0,70059.0,7220379.0,0.0,2,2,2,0
msg,0,0,860,19245,843,112,112
msg,0,1,710,19443,836,112,112
msg,0,2,765,6696,844,112,112
msg,0,3,707,5512,816,112,112
msg,0,4,681,5481,834,112,112
msg,0,5,712,6571,842,112,112
msg,0,6,714,11284,840,112,112
msg,0,7,706,6385,842,112,112
msg,0,8,717,7479,817,112,112
msg,0,9,686,32507,830,112,112
msg,0,10,718,5503,847,112,112
msg,0,11,709,6726,814,112,112
msg,0,12,682,5486,826,112,112
msg,0,13,704,5433,837,112,112
msg,0,14,705,8142,837,112,112
msg,0,15,711,8393,839,112,112
msg,0,16,713,6271,841,112,112
msg,0,17,711,5464,839,112,112
msg,0,18,681,19205,844,112,112
msg,0,19,685,16288,842,112,112
msg,0,20,694,8488,831,112,112
msg,0,21,698,6759,848,112,112
msg,0,22,713,6129,835,112,112
msg,0,23,714,6694,814,112,112
msg,0,24,685,7933,834,112,112
msg,0,25,710,5694,837,112,112
msg,0,26,708,6511,844,112,112
msg,0,27,713,21525,842,112,112
msg,0,28,680,18031,842,112,112
msg,0,29,711,7931,833,112,112
msg,0,30,715,5466,837,112,112
msg,0,31,719,5559,967,112,112
msg,0,32,682,5873,842,112,112
msg,0,33,712,7970,837,112,112
msg,0,34,712,6170,830,112,112
msg,0,35,717,6476,840,112,112
msg,0,36,710,7195,839,112,112
msg,0,37,708,29320,838,112,112
msg,0,38,714,5585,828,112,112
msg,0,39,680,6211,814,112,112
msg,0,40,683,6854,842,112,112
msg,0,41,712,5898,830,112,112
msg,0,42,707,5511,844,112,112
msg,0,43,711,6456,840,112,112
msg,0,44,683,5960,838,112,112
msg,0,45,706,6693,812,112,112
msg,0,46,683,6372,834,112,112
msg,0,47,710,28636,841,112,112
msg,0,48,711,5645,815,112,112
msg,0,49,683,5638,835,112,112
msg,0,50,710,5526,840,112,112
msg,0,51,713,6106,835,112,112
msg,0,52,710,8811,834,112,112
msg,0,53,713,8704,836,112,112
msg,0,54,707,6234,839,112,112
msg,0,55,725,6663,833,112,112
msg,0,56,706,32862,835,112,112
msg,0,57,717,5859,833,112,112
msg,0,58,718,6056,836,112,112
msg,0,59,710,6036,816,112,112
msg,0,60,684,6861,839,112,112
msg,0,61,701,7026,838,112,112
msg,0,62,812,8946,829,112,112
msg,0,63,713,7312,842,112,112
msg,0,64,813,5552,837,112,112
msg,0,65,675,32256,904,112,112
msg,0,66,686,5802,839,112,112
msg,0,67,711,6168,839,112,112
msg,0,68,717,5927,830,112,112
msg,0,69,712,6326,835,112,112
msg,0,70,707,5647,1419,112,112
msg,0,71,713,6142,835,112,112
msg,0,72,730,5439,837,112,112
msg,0,73,710,5462,840,112,112
msg,0,74,714,6352,837,112,112
msg,0,75,712,30423,813,112,112
msg,0,76,683,5588,838,112,112
msg,0,77,713,5477,837,112,112
msg,0,78,711,6086,842,112,112
msg,0,79,716,5439,839,112,112
msg,0,80,712,6976,844,112,112
msg,0,81,711,7388,838,112,112
msg,0,82,708,5925,828,112,112
msg,0,83,811,6810,814,112,112
msg,0,84,684,10847,933,112,112
msg,0,85,712,23544,812,112,112
msg,0,86,681,5750,842,112,112
msg,0,87,710,6079,831,112,112
msg,0,88,713,7855,812,112,112
msg,0,89,679,9051,841,112,112
msg,0,90,705,9000,836,112,112
msg,0,91,713,8836,829,112,112
msg,0,92,716,6387,837,112,112
msg,0,93,711,35862,821,112,112
msg,0,94,683,5930,839,112,112
msg,0,95,728,5507,813,112,112
msg,0,96,681,5989,841,112,112
msg,0,97,702,5461,813,112,112
msg,0,98,776,5973,840,112,112
msg,0,99,710,7211,838,112,112
msg,0,100,708,6873,830,112,112
msg,0,101,717,6208,838,112,112
msg,0,102,711,5469,843,112,112
msg,0,103,724,28654,822,112,112
msg,0,104,712,5524,841,112,112
msg,0,105,712,5564,837,112,112
msg,0,106,687,6537,824,112,112
msg,0,107,705,6296,837,112,112
msg,0,108,709,7128,825,112,112
msg,0,109,685,8901,837,112,112
msg,0,110,710,7010,839,112,112
msg,0,111,705,6100,839,112,112
msg,0,112,708,37803,817,112,112
msg,0,113,681,7052,835,112,112
msg,0,114,683,5883,841,112,112
msg,0,115,712,6055,843,112,112
msg,0,116,703,5539,840,112,112
msg,0,117,714,8025,838,112,112
msg,0,118,812,7311,833,112,112
msg,0,119,712,6196,837,112,112
msg,0,120,710,21433,840,112,112
msg,0,121,774,18226,813,112,112
msg,0,122,689,9030,840,112,112
msg,0,123,679,8088,933,112,112
msg,0,124,706,8121,840,112,112
msg,0,125,705,6477,813,112,112
msg,0,126,686,11137,836,112,112
msg,0,127,711,6784,926,112,112
msg,0,128,709,36997,836,112,112
msg,0,129,858,6161,835,112,112
msg,0,130,711,7588,841,112,112
msg,0,131,721,6797,834,112,112
msg,0,132,714,5913,819,112,112
msg,0,133,676,6362,813,112,112
msg,0,134,683,7395,829,112,112
msg,0,135,712,5555,845,112,112
msg,0,136,724,7926,837,112,112
msg,0,137,715,30829,979,112,112
msg,0,138,696,6141,840,112,112
msg,0,139,681,6347,819,112,112
msg,0,140,683,6001,842,112,112
msg,0,141,710,5807,835,112,112
msg,0,142,714,6547,944,112,112
msg,0,143,712,5606,828,112,112
msg,0,144,688,7536,835,112,112
msg,0,145,706,5622,838,112,112
msg,0,146,684,21265,833,112,112
msg,0,147,685,15900,843,112,112
msg,0,148,719,7092,837,112,112
msg,0,149,712,6375,844,112,112
msg,0,150,713,7478,840,112,112
msg,0,151,687,5578,833,112,112
msg,0,152,807,14480,836,112,112
msg,0,153,712,9483,840,112,112
msg,0,154,682,10988,839,112,112
msg,0,155,817,23609,814,112,112
msg,0,156,679,5765,844,112,112
msg,0,157,711,6636,822,112,112
msg,0,158,677,6151,844,112,112
msg,0,159,679,5873,844,112,112
msg,0,160,711,6506,842,112,112
msg,0,161,680,5681,830,112,112
msg,0,162,717,6442,932,112,112
msg,0,163,712,6236,838,112,112
msg,0,164,723,21866,836,112,112
msg,0,165,712,17301,825,112,112
msg,0,166,714,6466,946,112,112
msg,0,167,708,6258,836,112,112
msg,0,168,703,6501,813,112,112
msg,0,169,683,5702,837,112,112
msg,0,170,718,8134,837,112,112
msg,0,171,707,6908,810,112,112
msg,0,172,684,6122,838,112,112
msg,0,173,685,22728,837,112,112
msg,0,174,708,15983,831,112,112
msg,0,175,678,5612,936,112,112
msg,0,176,713,5845,836,112,112
msg,0,177,723,6421,840,112,112
msg,0,178,711,8139,834,112,112
msg,0,179,704,5545,844,112,112
msg,0,180,710,6624,812,112,112
msg,0,181,682,7811,831,112,112
msg,0,182,710,22574,814,112,112
msg,0,183,680,18757,836,112,112
msg,0,184,712,8486,840,112,112
msg,0,185,721,5987,842,112,112
msg,0,186,713,6695,813,112,112
msg,0,187,679,6429,832,112,112
msg,0,188,675,7249,936,112,112
msg,0,189,712,7091,829,112,112
msg,0,190,684,6664,835,112,112
msg,0,191,715,19838,835,112,112
msg,0,192,860,13964,810,112,112
msg,0,193,691,6039,838,112,112
msg,0,194,709,5729,838,112,112
msg,0,195,712,5648,838,112,112
msg,0,196,710,5556,812,112,112
msg,0,197,685,6185,815,112,112
msg,0,198,686,10715,838,112,112
msg,0,199,714,5503,835,112,112
whole,0,7549.647,9774.429,200
1,20.6570,7467.5770,81.4390,7569.6730,1391,4627,45,568,2,12,3,18,76672,66389.0,70183.0,7223498.0,0.0,2,2,2,0
msg,1,0,862,21366,842,112,112
msg,1,1,706,16559,814,112,112
msg,1,2,680,6067,833,112,112
msg,1,3,690,8130,842,112,112
msg,1,4,710,7263,837,112,112
msg,1,5,714,7420,814,112,112
msg,1,6,687,6395,831,112,112
msg,1,7,681,6176,816,112,112
msg,1,8,674,5596,837,112,112
msg,1,9,711,22456,839,112,112
msg,1,10,711,18812,833,112,112
msg,1,11,712,6553,835,112,112
msg,1,12,711,6122,835,112,112
msg,1,13,711,5909,827,112,112
msg,1,14,679,5501,832,112,112
msg,1,15,713,8301,836,112,112
msg,1,16,710,7555,830,112,112
msg,1,17,713,7603,832,112,112
msg,1,18,712,9756,840,112,112
msg,1,19,1264,23129,829,112,112
msg,1,20,721,5733,838,112,112
msg,1,21,684,6365,816,112,112
msg,1,22,688,7293,819,112,112
msg,1,23,682,8321,813,112,112
msg,1,24,694,6507,838,112,112
msg,1,25,710,7160,832,112,112
msg,1,26,719,6083,836,112,112
msg,1,27,729,25333,835,112,112
msg,1,28,714,17328,846,112,112
msg,1,29,710,6501,839,112,112
msg,1,30,708,5551,818,112,112
msg,1,31,690,5519,834,112,112
msg,1,32,716,6709,837,112,112
msg,1,33,683,5769,831,112,112
msg,1,34,706,7214,831,112,112
msg,1,35,722,7224,835,112,112
msg,1,36,707,8902,812,112,112
msg,1,37,677,13235,821,112,112
msg,1,38,694,17788,844,112,112
msg,1,39,715,8924,831,112,112
msg,1,40,806,7907,821,112,112
msg,1,41,684,6937,842,112,112
msg,1,42,715,20900,839,112,112
msg,1,43,717,7665,843,112,112
msg,1,44,697,18740,834,112,112
msg,1,45,712,23913,818,112,112
msg,1,46,675,19039,845,112,112
msg,1,47,684,5855,842,112,112
msg,1,48,701,13099,837,112,112
msg,1,49,713,7548,842,112,112
msg,1,50,698,7370,817,112,112
msg,1,51,684,28955,842,112,112
msg,1,52,708,6013,833,112,112
msg,1,53,709,9692,842,112,112
msg,1,54,680,7333,810,112,112
msg,1,55,685,6851,840,112,112
msg,1,56,717,8628,816,112,112
msg,1,57,685,6206,815,112,112
msg,1,58,683,5942,844,112,112
msg,1,59,715,22077,833,112,112
msg,1,60,721,16416,838,112,112
msg,1,61,703,9398,839,112,112
msg,1,62,685,7088,838,112,112
msg,1,63,709,7756,829,112,112
msg,1,64,713,8379,840,112,112
msg,1,65,715,8699,838,112,112
msg,1,66,678,7468,828,112,112
msg,1,67,687,22836,839,112,112
msg,1,68,711,13873,836,112,112
msg,1,69,705,5723,838,112,112
msg,1,70,684,7715,840,112,112
msg,1,71,713,7750,825,112,112
msg,1,72,683,6762,836,112,112
msg,1,73,706,5704,835,112,112
msg,1,74,682,7901,837,112,112
msg,1,75,708,6210,841,112,112
msg,1,76,715,5957,836,112,112
msg,1,77,714,31994,815,112,112
msg,1,78,685,6770,840,112,112
msg,1,79,770,6803,841,112,112
msg,1,80,708,5616,838,112,112
msg,1,81,716,9723,840,112,112
msg,1,82,707,8835,841,112,112
msg,1,83,703,7551,844,112,112
msg,1,84,710,6021,829,112,112
msg,1,85,709,10636,839,112,112
msg,1,86,681,23677,833,112,112
msg,1,87,715,5622,844,112,112
msg,1,88,713,5470,808,112,112
msg,1,89,688,6301,817,112,112
msg,1,90,689,5853,841,112,112
msg,1,91,707,5759,828,112,112
msg,1,92,688,7463,831,112,112
msg,1,93,705,6713,838,112,112
msg,1,94,687,5577,831,112,112
msg,1,95,701,21990,815,112,112
msg,1,96,684,18526,834,112,112
msg,1,97,713,6166,836,112,112
msg,1,98,718,5629,834,112,112
msg,1,99,707,5478,831,112,112
msg,1,100,708,6795,837,112,112
msg,1,101,711,5390,839,112,112
msg,1,102,709,7669,816,112,112
msg,1,103,1246,6586,836,112,112
msg,1,104,687,8049,849,112,112
msg,1,105,708,33925,838,112,112
msg,1,106,715,6899,833,112,112
msg,1,107,689,5848,841,112,112
msg,1,108,711,5919,830,112,112
msg,1,109,710,5611,839,112,112
msg,1,110,802,7912,840,112,112
msg,1,111,705,5977,830,112,112
msg,1,112,711,5868,810,112,112
msg,1,113,680,5929,845,112,112
msg,1,114,720,31044,844,112,112
msg,1,115,711,7842,836,112,112
msg,1,116,679,7353,833,112,112
msg,1,117,714,5733,838,112,112
msg,1,118,721,7701,831,112,112
msg,1,119,709,5497,841,112,112
msg,1,120,710,7047,834,112,112
msg,1,121,710,6059,824,112,112
msg,1,122,709,6767,843,112,112
msg,1,123,711,32220,850,112,112
msg,1,124,710,5982,844,112,112
msg,1,125,709,6184,837,112,112
msg,1,126,825,6004,837,112,112
msg,1,127,718,5691,843,112,112
msg,1,128,707,6859,833,112,112
msg,1,129,713,6222,835,112,112
msg,1,130,717,5877,811,112,112
msg,1,131,683,6006,840,112,112
msg,1,132,684,11750,835,112,112
msg,1,133,709,23524,840,112,112
msg,1,134,708,6593,817,112,112
msg,1,135,786,6403,834,112,112
msg,1,136,709,5642,837,112,112
msg,1,137,711,6922,835,112,112
msg,1,138,711,5687,838,112,112
msg,1,139,682,9120,839,112,112
msg,1,140,704,6054,846,112,112
msg,1,141,711,5712,831,112,112
msg,1,142,677,34047,846,112,112
msg,1,143,683,6744,833,112,112
msg,1,144,714,5932,837,112,112
msg,1,145,679,6213,816,112,112
msg,1,146,684,6565,833,112,112
msg,1,147,710,6774,816,112,112
msg,1,148,1245,8199,842,112,112
msg,1,149,715,5600,840,112,112
msg,1,150,689,5943,837,112,112
msg,1,151,720,17196,838,112,112
msg,1,152,712,17541,812,112,112
msg,1,153,680,5559,838,112,112
msg,1,154,713,5464,840,112,112
msg,1,155,710,7340,846,112,112
msg,1,156,705,7092,835,112,112
msg,1,157,718,5421,835,112,112
msg,1,158,713,7067,846,112,112
msg,1,159,705,5861,834,112,112
msg,1,160,714,7154,833,112,112
msg,1,161,717,32983,814,112,112
msg,1,162,682,7488,833,112,112
msg,1,163,710,7304,830,112,112
msg,1,164,711,5627,842,112,112
msg,1,165,714,8979,839,112,112
msg,1,166,704,7885,814,112,112
msg,1,167,684,6363,835,112,112
msg,1,168,709,8625,840,112,112
msg,1,169,709,19741,1386,112,112
msg,1,170,716,15936,828,112,112
msg,1,171,712,8811,818,112,112
msg,1,172,685,5706,835,112,112
msg,1,173,715,7064,832,112,112
msg,1,174,708,6926,814,112,112
msg,1,175,682,10850,846,112,112
msg,1,176,712,5403,835,112,112
msg,1,177,884,5798,837,112,112
msg,1,178,716,18175,844,112,112
msg,1,179,709,18317,841,112,112
msg,1,180,710,7931,838,112,112
msg,1,181,711,6133,832,112,112
msg,1,182,715,7741,835,112,112
msg,1,183,715,7031,842,112,112
msg,1,184,712,8192,838,112,112
msg,1,185,725,7490,838,112,112
msg,1,186,705,6375,813,112,112
msg,1,187,678,32800,841,112,112
msg,1,188,706,5752,815,112,112
msg,1,189,686,10365,836,112,112
msg,1,190,683,6228,826,112,112
msg,1,191,688,5750,841,112,112
msg,1,192,710,5864,833,112,112
msg,1,193,712,7359,829,112,112
msg,1,194,711,7918,813,112,112
msg,1,195,678,8305,832,112,112
msg,1,196,697,28610,840,112,112
msg,1,197,702,5696,812,112,112
msg,1,198,682,6006,845,112,112
msg,1,199,721,6490,816,112,112
whole,1,7599.578,9891.336,200
2,5.6200,7480.9940,12.5230,7499.1370,1391,4627,45,568,2,12,3,18,76672,66178.0,70056.0,7232272.0,0.0,2,2,2,0
msg,2,0,861,6541,832,112,112
msg,2,1,714,15509,835,112,112
msg,2,2,710,17231,839,112,112
msg,2,3,711,8116,835,112,112
msg,2,4,721,7007,832,112,112
msg,2,5,678,7718,837,112,112
msg,2,6,711,5680,815,112,112
msg,2,7,684,8626,832,112,112
msg,2,8,711,6640,835,112,112
msg,2,9,684,9009,839,112,112
msg,2,10,708,32220,844,112,112
msg,2,11,1305,6249,833,112,112
msg,2,12,716,6414,842,112,112
msg,2,13,718,6024,832,112,112
msg,2,14,709,6397,830,112,112
msg,2,15,709,6007,837,112,112
msg,2,16,712,11277,833,112,112
msg,2,17,710,9374,837,112,112
msg,2,18,706,19601,836,112,112
msg,2,19,684,19666,833,112,112
msg,2,20,713,6849,816,112,112
msg,2,21,684,6163,835,112,112
msg,2,22,680,5880,847,112,112
msg,2,23,716,6481,835,112,112
msg,2,24,681,11589,832,112,112
msg,2,25,705,6062,812,112,112
msg,2,26,697,6973,841,112,112
msg,2,27,709,32330,835,112,112
msg,2,28,683,5895,839,112,112
msg,2,29,713,5552,814,112,112
msg,2,30,693,6622,839,112,112
msg,2,31,711,5603,832,112,112
msg,2,32,708,6418,840,112,112
msg,2,33,682,6774,835,112,112
msg,2,34,711,6429,841,112,112
msg,2,35,711,7312,844,112,112
msg,2,36,820,19806,843,112,112
msg,2,37,718,16623,839,112,112
msg,2,38,679,5483,832,112,112
msg,2,39,682,5732,840,112,112
msg,2,40,722,5550,816,112,112
msg,2,41,786,6221,818,112,112
msg,2,42,681,5817,835,112,112
msg,2,43,710,9952,832,112,112
msg,2,44,714,5651,845,112,112
msg,2,45,707,5927,834,112,112
msg,2,46,716,32916,828,112,112
msg,2,47,712,5525,835,112,112
msg,2,48,706,6222,842,112,112
msg,2,49,705,5852,923,112,112
msg,2,50,711,6084,811,112,112
msg,2,51,688,6344,836,112,112
msg,2,52,680,11820,839,112,112
msg,2,53,710,6040,840,112,112
msg,2,54,710,5886,835,112,112
msg,2,55,718,32338,841,112,112
msg,2,56,708,5939,813,112,112
msg,2,57,783,7117,811,112,112
msg,2,58,681,5557,835,112,112
msg,2,59,706,5491,844,112,112
msg,2,60,711,7027,841,112,112
msg,2,61,713,5868,814,112,112
msg,2,62,799,5732,842,112,112
msg,2,63,704,5592,815,112,112
msg,2,64,693,21956,847,112,112
msg,2,65,703,14273,835,112,112
msg,2,66,714,5586,812,112,112
msg,2,67,683,6266,816,112,112
msg,2,68,687,6691,840,112,112
msg,2,69,712,6193,836,112,112
msg,2,70,710,6739,813,112,112
msg,2,71,681,8925,843,112,112
msg,2,72,719,6138,837,112,112
msg,2,73,711,5884,834,112,112
msg,2,74,715,17403,835,112,112
msg,2,75,710,17398,838,112,112
msg,2,76,715,5553,813,112,112
msg,2,77,688,6695,836,112,112
msg,2,78,711,6356,846,112,112
msg,2,79,709,7229,847,112,112
msg,2,80,712,5560,835,112,112
msg,2,81,682,7054,841,112,112
msg,2,82,708,6867,836,112,112
msg,2,83,721,5472,844,112,112
msg,2,84,707,32115,835,112,112
msg,2,85,713,5699,812,112,112
msg,2,86,685,5615,834,112,112
msg,2,87,708,5686,840,112,112
msg,2,88,709,5620,828,112,112
msg,2,89,716,5736,837,112,112
msg,2,90,714,7639,812,112,112
msg,2,91,687,6241,814,112,112
msg,2,92,698,5506,834,112,112
msg,2,93,709,8152,835,112,112
msg,2,94,707,13224,830,112,112
msg,2,95,707,16847,838,112,112
msg,2,96,681,7283,834,112,112
msg,2,97,692,5734,830,112,112
msg,2,98,712,5948,832,112,112
msg,2,99,674,5656,846,112,112
msg,2,100,712,6125,836,112,112
msg,2,101,707,7597,840,112,112
msg,2,102,687,5628,833,112,112
msg,2,103,717,6191,836,112,112
msg,2,104,711,32689,843,112,112
msg,2,105,720,6457,843,112,112
msg,2,106,682,7037,944,112,112
msg,2,107,683,6035,839,112,112
msg,2,108,710,5840,833,112,112
msg,2,109,712,6046,819,112,112
msg,2,110,687,9721,839,112,112
msg,2,111,703,6306,840,112,112
msg,2,112,710,6914,938,112,112
msg,2,113,714,15445,837,112,112
msg,2,114,706,18558,813,112,112
msg,2,115,684,9349,815,112,112
msg,2,116,682,7157,813,112,112
msg,2,117,683,5492,835,112,112
msg,2,118,723,5835,838,112,112
msg,2,119,683,9560,833,112,112
msg,2,120,712,6177,827,112,112
msg,2,121,699,5554,838,112,112
msg,2,122,726,19246,833,112,112
msg,2,123,710,16226,838,112,112
msg,2,124,717,5820,832,112,112
msg,2,125,705,7354,833,112,112
msg,2,126,707,6879,814,112,112
msg,2,127,685,8603,835,112,112
msg,2,128,722,11640,839,112,112
msg,2,129,712,6567,828,112,112
msg,2,130,680,6849,835,112,112
msg,2,131,713,31529,816,112,112
msg,2,132,682,6061,843,112,112
msg,2,133,707,6242,838,112,112
msg,2,134,681,6991,842,112,112
msg,2,135,713,5682,814,112,112
msg,2,136,678,6062,845,112,112
msg,2,137,683,11202,842,112,112
msg,2,138,678,11853,843,112,112
msg,2,139,716,18190,841,112,112
msg,2,140,711,19301,838,112,112
msg,2,141,715,7920,828,112,112
msg,2,142,711,5679,842,112,112
msg,2,143,708,6937,829,112,112
msg,2,144,704,5528,844,112,112
msg,2,145,691,8415,813,112,112
msg,2,146,684,6858,844,112,112
msg,2,147,710,6417,834,112,112
msg,2,148,679,19664,843,112,112
msg,2,149,730,16457,833,112,112
msg,2,150,709,7821,831,112,112
msg,2,151,713,6451,835,112,112
msg,2,152,713,5438,839,112,112
msg,2,153,713,5498,815,112,112
msg,2,154,846,5999,839,112,112
msg,2,155,686,6102,843,112,112
msg,2,156,708,5583,817,112,112
msg,2,157,679,6172,819,112,112
msg,2,158,686,18699,834,112,112
msg,2,159,711,16078,837,112,112
msg,2,160,706,5422,837,112,112
msg,2,161,708,5981,831,112,112
msg,2,162,708,5475,839,112,112
msg,2,163,713,6912,834,112,112
msg,2,164,718,5558,844,112,112
msg,2,165,709,9275,841,112,112
msg,2,166,712,7371,834,112,112
msg,2,167,681,7079,843,112,112
msg,2,168,710,29972,841,112,112
msg,2,169,858,5893,836,112,112
msg,2,170,711,7447,841,112,112
msg,2,171,718,5886,837,112,112
msg,2,172,711,6353,830,112,112
msg,2,173,712,6155,832,112,112
msg,2,174,709,10305,834,112,112
msg,2,175,719,6815,813,112,112
msg,2,176,683,23661,836,112,112
msg,2,177,711,18499,845,112,112
msg,2,178,713,8059,839,112,112
msg,2,179,707,6035,837,112,112
msg,2,180,708,6400,841,112,112
msg,2,181,708,5993,832,112,112
msg,2,182,708,7236,836,112,112
msg,2,183,710,6598,848,112,112
msg,2,184,710,7764,837,112,112
msg,2,185,710,19511,836,112,112
msg,2,186,708,17486,841,112,112
msg,2,187,713,7238,840,112,112
msg,2,188,709,6506,815,112,112
msg,2,189,693,7153,818,112,112
msg,2,190,685,5663,839,112,112
msg,2,191,716,11172,833,112,112
msg,2,192,710,5912,826,112,112
msg,2,193,697,6018,836,112,112
msg,2,194,708,19132,839,112,112
msg,2,195,712,13653,834,112,112
msg,2,196,711,12291,832,112,112
msg,2,197,713,11346,838,112,112
msg,2,198,711,18257,836,112,112
msg,2,199,720,7266,830,112,112
whole,2,7514.054,9754.818,200
#heap 22791
#stack 19592
#end
#block pipeline TLS lorawan11 down
#aead LoRaWAN-1.1 AES-128-CTR+2xCMAC (BearSSL (arduino-pico)), downlink, 51 B payload + 13 B overhead
#lib wolfSSL 5.9.4
iter,tcp_ms,tls_ms,mqtt_ms,total_ms,hs_tx_B,hs_rx_B,mqtt_tx_B,mqtt_rx_B,hs_writes,hs_reads,writes,reads,free_heap_B,hs_keygen_us,hs_derive_us,hs_verify_us,hs_sign_us,hs_keygen_n,hs_derive_n,hs_verify_n,hs_sign_n
msg,iter,idx,seal_us,rtt_us,open_us,tx_B,rx_B
whole,iter,first_ms,all_ms,msgs
#suite TLS13-AES256-GCM-SHA384
0,5.5340,7475.3330,33.6450,7514.5120,1391,4627,45,568,2,12,3,18,76672,66148.0,70067.0,7219184.0,0.0,2,2,2,0
msg,0,0,603,20757,569,112,112
msg,0,1,457,16443,580,112,112
msg,0,2,419,6454,549,112,112
msg,0,3,426,6003,576,112,112
msg,0,4,422,5984,575,112,112
msg,0,5,446,5756,579,112,112
msg,0,6,449,5750,577,112,112
msg,0,7,451,7492,572,112,112
msg,0,8,419,5857,576,112,112
msg,0,9,431,6346,554,112,112
msg,0,10,425,5698,548,112,112
msg,0,11,457,31349,574,112,112
msg,0,12,419,6420,557,112,112
msg,0,13,421,5818,547,112,112
msg,0,14,421,5524,550,112,112
msg,0,15,432,5745,548,112,112
msg,0,16,420,6649,548,112,112
msg,0,17,453,5793,549,112,112
msg,0,18,424,6833,547,112,112
msg,0,19,422,5423,574,112,112
msg,0,20,453,5411,572,112,112
msg,0,21,426,19862,571,112,112
msg,0,22,428,21338,551,112,112
msg,0,23,418,6204,580,112,112
msg,0,24,423,6220,550,112,112
msg,0,25,442,5624,579,112,112
msg,0,26,456,6173,547,112,112
msg,0,27,426,5615,549,112,112
msg,0,28,421,8752,551,112,112
msg,0,29,423,5817,551,112,112
msg,0,30,430,6419,579,112,112
msg,0,31,457,8496,582,112,112
msg,0,32,449,24078,549,112,112
msg,0,33,445,5854,550,112,112
msg,0,34,418,6319,569,112,112
msg,0,35,420,6299,551,112,112
msg,0,36,425,6121,577,112,112
msg,0,37,420,5895,674,112,112
msg,0,38,448,6128,551,112,112
msg,0,39,425,15679,560,112,112
msg,0,40,452,5680,550,112,112
msg,0,41,461,32784,548,112,112
msg,0,42,453,5957,547,112,112
msg,0,43,428,5805,701,112,112
msg,0,44,434,10900,577,112,112
msg,0,45,421,8632,550,112,112
msg,0,46,423,5623,551,112,112
msg,0,47,427,8381,573,112,112
msg,0,48,451,5802,568,112,112
msg,0,49,447,5608,572,112,112
msg,0,50,452,18828,574,112,112
msg,0,51,455,16824,573,112,112
msg,0,52,457,6096,549,112,112
msg,0,53,424,5633,549,112,112
msg,0,54,420,5518,576,112,112
msg,0,55,461,5732,575,112,112
msg,0,56,464,6710,575,112,112
msg,0,57,456,7918,555,112,112
msg,0,58,452,6336,575,112,112
msg,0,59,424,7780,573,112,112
msg,0,60,425,20462,549,112,112
msg,0,61,424,17744,554,112,112
msg,0,62,426,8220,576,112,112
msg,0,63,452,6138,550,112,112
msg,0,64,423,6184,570,112,112
msg,0,65,422,7089,574,112,112
msg,0,66,451,5779,575,112,112
msg,0,67,455,7570,574,112,112
msg,0,68,445,7228,547,112,112
msg,0,69,426,7555,555,112,112
msg,0,70,554,37426,576,112,112
msg,0,71,447,7319,549,112,112
msg,0,72,421,5921,573,112,112
msg,0,73,421,5943,572,112,112
msg,0,74,424,6303,548,112,112
msg,0,75,429,6021,574,112,112
msg,0,76,417,7338,548,112,112
msg,0,77,450,5848,545,112,112
msg,0,78,452,6305,577,112,112
msg,0,79,551,18519,575,112,112
msg,0,80,421,18652,567,112,112
msg,0,81,423,8372,552,112,112
msg,0,82,459,6807,550,112,112
msg,0,83,455,6926,550,112,112
msg,0,84,424,5852,549,112,112
msg,0,85,425,5745,558,112,112
msg,0,86,435,7695,553,112,112
msg,0,87,423,5883,550,112,112
msg,0,88,423,6361,569,112,112
msg,0,89,466,33524,577,112,112
msg,0,90,449,6495,571,112,112
msg,0,91,426,5839,575,112,112
msg,0,92,425,5557,552,112,112
msg,0,93,423,6359,575,112,112
msg,0,94,445,5603,575,112,112
msg,0,95,464,5549,655,112,112
msg,0,96,422,7884,577,112,112
msg,0,97,447,5653,574,112,112
msg,0,98,460,5899,577,112,112
msg,0,99,449,19450,570,112,112
msg,0,100,424,17392,549,112,112
msg,0,101,427,7284,572,112,112
msg,0,102,417,5836,579,112,112
msg,0,103,448,5538,576,112,112
msg,0,104,427,8386,555,112,112
msg,0,105,423,5501,575,112,112
msg,0,106,450,9506,574,112,112
msg,0,107,426,6038,677,112,112
msg,0,108,449,5700,547,112,112
msg,0,109,456,18915,551,112,112
msg,0,110,426,17176,577,112,112
msg,0,111,434,7466,549,112,112
msg,0,112,436,6126,577,112,112
msg,0,113,424,6559,552,112,112
msg,0,114,424,8223,576,112,112
msg,0,115,547,7240,573,112,112
msg,0,116,422,5871,569,112,112
msg,0,117,417,5655,570,112,112
msg,0,118,423,5524,549,112,112
msg,0,119,423,19403,570,112,112
msg,0,120,450,16634,574,112,112
msg,0,121,426,5628,577,112,112
msg,0,122,426,5673,570,112,112
msg,0,123,427,6350,550,112,112
msg,0,124,464,6079,548,112,112
msg,0,125,420,7543,547,112,112
msg,0,126,451,9760,547,112,112
msg,0,127,458,5620,549,112,112
msg,0,128,449,6402,576,112,112
msg,0,129,422,9802,580,112,112
msg,0,130,437,24031,571,112,112
msg,0,131,449,6024,552,112,112
msg,0,132,426,5949,548,112,112
msg,0,133,438,5642,550,112,112
msg,0,134,422,6030,583,112,112
msg,0,135,426,6024,579,112,112
msg,0,136,449,5737,576,112,112
msg,0,137,451,8127,550,112,112
msg,0,138,424,5583,545,112,112
msg,0,139,449,5515,576,112,112
msg,0,140,456,18801,578,112,112
msg,0,141,456,18214,546,112,112
msg,0,142,428,5745,548,112,112
msg,0,143,429,6397,545,112,112
msg,0,144,462,6055,550,112,112
msg,0,145,438,5968,565,112,112
msg,0,146,425,5649,551,112,112
msg,0,147,427,6441,553,112,112
msg,0,148,454,6147,548,112,112
msg,0,149,423,6703,550,112,112
msg,0,150,425,5751,549,112,112
msg,0,151,425,16281,572,112,112
msg,0,152,447,16481,573,112,112
msg,0,153,430,6239,551,112,112
msg,0,154,461,5696,573,112,112
msg,0,155,463,5621,569,112,112
msg,0,156,455,5783,574,112,112
msg,0,157,455,6785,578,112,112
msg,0,158,458,13008,547,112,112
msg,0,159,421,6765,551,112,112
msg,0,160,421,6459,573,112,112
msg,0,161,444,31994,551,112,112
msg,0,162,454,5680,548,112,112
msg,0,163,446,6121,549,112,112
msg,0,164,422,5613,550,112,112
msg,0,165,421,5839,549,112,112
msg,0,166,428,7083,570,112,112
msg,0,167,434,5673,573,112,112
msg,0,168,420,7772,571,112,112
msg,0,169,438,5643,551,112,112
msg,0,170,424,5876,574,112,112
msg,0,171,430,19340,553,112,112
msg,0,172,446,17117,548,112,112
msg,0,173,431,5834,567,112,112
msg,0,174,417,5747,576,112,112
msg,0,175,421,5719,571,112,112
msg,0,176,427,5699,549,112,112
msg,0,177,422,6953,577,112,112
msg,0,178,414,6694,574,112,112
msg,0,179,421,7029,578,112,112
msg,0,180,456,6236,550,112,112
msg,0,181,432,12723,546,112,112
msg,0,182,430,23765,553,112,112
msg,0,183,423,6951,564,112,112
msg,0,184,414,6948,581,112,112
msg,0,185,425,6190,552,112,112
msg,0,186,458,6578,575,112,112
msg,0,187,455,6097,549,112,112
msg,0,188,429,6819,552,112,112
msg,0,189,424,7329,560,112,112
msg,0,190,454,6111,547,112,112
msg,0,191,420,12773,552,112,112
msg,0,192,418,23878,552,112,112
msg,0,193,421,6659,549,112,112
msg,0,194,421,5832,548,112,112
msg,0,195,424,6058,568,112,112
msg,0,196,427,7023,577,112,112
msg,0,197,451,5816,576,112,112
msg,0,198,539,7671,576,112,112
msg,0,199,450,5480,573,112,112
whole,0,7543.177,9557.307,200
1,5.4740,7466.2610,104.9740,7576.7090,1391,4627,45,568,2,12,3,18,76672,66173.0,70014.0,7220653.0,0.0,2,2,2,0
msg,1,0,596,36122,552,112,112
msg,1,1,422,6188,581,112,112
msg,1,2,420,7113,551,112,112
msg,1,3,450,6345,577,112,112
msg,1,4,419,6679,575,112,112
msg,1,5,421,6144,574,112,112
msg,1,6,459,6635,575,112,112
msg,1,7,450,8001,548,112,112
msg,1,8,450,7513,573,112,112
msg,1,9,450,20487,570,112,112
msg,1,10,425,20080,575,112,112
msg,1,11,455,6407,571,112,112
msg,1,12,424,7354,549,112,112
msg,1,13,458,6027,551,112,112
msg,1,14,436,5758,548,112,112
msg,1,15,436,5646,549,112,112
msg,1,16,429,7267,575,112,112
msg,1,17,445,5683,568,112,112
msg,1,18,421,6220,547,112,112
msg,1,19,456,18800,545,112,112
msg,1,20,431,16678,552,112,112
msg,1,21,451,6808,546,112,112
msg,1,22,453,5704,549,112,112
msg,1,23,452,5935,548,112,112
msg,1,24,421,6087,574,112,112
msg,1,25,423,7260,549,112,112
msg,1,26,464,10859,553,112,112
msg,1,27,427,5972,551,112,112
msg,1,28,426,6071,575,112,112
msg,1,29,427,18290,549,112,112
msg,1,30,425,17276,578,112,112
msg,1,31,442,9428,551,112,112
msg,1,32,421,6514,548,112,112
msg,1,33,451,6278,572,112,112
msg,1,34,422,5784,583,112,112
msg,1,35,426,5640,573,112,112
msg,1,36,423,7188,670,112,112
msg,1,37,448,5866,550,112,112
msg,1,38,419,6044,568,112,112
msg,1,39,437,19645,550,112,112
msg,1,40,422,14259,569,112,112
msg,1,41,444,5677,572,112,112
msg,1,42,463,6558,577,112,112
msg,1,43,434,5773,572,112,112
msg,1,44,420,5815,675,112,112
msg,1,45,427,6671,575,112,112
msg,1,46,416,7262,555,112,112
msg,1,47,454,6105,571,112,112
msg,1,48,419,6099,581,112,112
msg,1,49,449,6265,549,112,112
msg,1,50,428,17881,571,112,112
msg,1,51,425,18137,578,112,112
msg,1,52,450,9029,548,112,112
msg,1,53,453,6139,570,112,112
msg,1,54,419,7016,574,112,112
msg,1,55,421,10127,553,112,112
msg,1,56,454,8836,548,112,112
msg,1,57,457,7868,550,112,112
msg,1,58,420,7032,568,112,112
msg,1,59,424,32310,549,112,112
msg,1,60,447,5971,550,112,112
msg,1,61,421,6656,551,112,112
msg,1,62,450,7734,649,112,112
msg,1,63,421,6021,566,112,112
msg,1,64,427,7363,550,112,112
msg,1,65,458,11106,546,112,112
msg,1,66,420,6899,570,112,112
msg,1,67,423,6328,551,112,112
msg,1,68,451,32756,549,112,112
msg,1,69,446,6056,552,112,112
msg,1,70,416,5753,552,112,112
msg,1,71,421,17669,557,112,112
msg,1,72,425,5996,567,112,112
msg,1,73,419,6542,550,112,112
msg,1,74,420,6299,581,112,112
msg,1,75,452,5776,577,112,112
msg,1,76,461,5510,578,112,112
msg,1,77,425,45019,573,112,112
msg,1,78,448,5712,579,112,112
msg,1,79,450,6724,574,112,112
msg,1,80,451,6803,577,112,112
msg,1,81,453,5711,573,112,112
msg,1,82,449,9592,575,112,112
msg,1,83,419,7068,574,112,112
msg,1,84,455,38205,547,112,112
msg,1,85,425,6010,583,112,112
msg,1,86,422,6421,549,112,112
msg,1,87,436,6193,574,112,112
msg,1,88,421,6889,573,112,112
msg,1,89,449,5661,573,112,112
msg,1,90,459,12528,571,112,112
msg,1,91,426,6460,555,112,112
msg,1,92,428,7053,568,112,112
msg,1,93,420,33724,566,112,112
msg,1,94,424,7460,548,112,112
msg,1,95,449,5680,550,112,112
msg,1,96,466,6929,554,112,112
msg,1,97,424,10876,550,112,112
msg,1,98,421,6349,577,112,112
msg,1,99,448,8266,574,112,112
msg,1,100,423,5700,554,112,112
msg,1,101,425,5848,571,112,112
msg,1,102,424,8721,573,112,112
msg,1,103,419,23840,572,112,112
msg,1,104,438,5768,576,112,112
msg,1,105,429,5606,548,112,112
msg,1,106,419,6969,577,112,112
msg,1,107,423,5954,579,112,112
msg,1,108,462,6167,548,112,112
msg,1,109,424,5757,551,112,112
msg,1,110,456,7485,674,112,112
msg,1,111,447,6027,550,112,112
msg,1,112,423,6377,581,112,112
msg,1,113,454,18110,549,112,112
msg,1,114,425,16796,550,112,112
msg,1,115,420,6310,582,112,112
msg,1,116,458,5535,577,112,112
msg,1,117,434,6222,549,112,112
msg,1,118,430,7066,569,112,112
msg,1,119,420,5603,549,112,112
msg,1,120,426,7253,574,112,112
msg,1,121,447,6395,565,112,112
msg,1,122,437,5801,563,112,112
msg,1,123,422,22903,575,112,112
msg,1,124,421,17679,567,112,112
msg,1,125,419,6029,581,112,112
msg,1,126,450,6036,550,112,112
msg,1,127,454,6890,551,112,112
msg,1,128,435,8253,580,112,112
msg,1,129,419,5968,575,112,112
msg,1,130,465,7663,579,112,112
msg,1,131,450,5569,574,112,112
msg,1,132,425,5670,568,112,112
msg,1,133,416,19986,666,112,112
msg,1,134,458,13941,551,112,112
msg,1,135,455,6467,574,112,112
msg,1,136,421,6438,551,112,112
msg,1,137,420,6618,549,112,112
msg,1,138,421,6624,550,112,112
msg,1,139,455,6112,551,112,112
msg,1,140,423,8300,576,112,112
msg,1,141,451,7687,580,112,112
msg,1,142,451,6377,736,112,112
msg,1,143,432,20471,550,112,112
msg,1,144,428,14544,551,112,112
msg,1,145,422,5783,549,112,112
msg,1,146,424,6340,577,112,112
msg,1,147,450,5864,574,112,112
msg,1,148,547,5464,580,112,112
msg,1,149,446,5548,571,112,112
msg,1,150,422,5882,679,112,112
msg,1,151,457,7579,576,112,112
msg,1,152,435,5657,568,112,112
msg,1,153,421,5989,579,112,112
msg,1,154,421,18951,575,112,112
msg,1,155,457,17894,555,112,112
msg,1,156,449,6425,567,112,112
msg,1,157,424,6061,571,112,112
msg,1,158,456,5802,551,112,112
msg,1,159,450,6642,570,112,112
msg,1,160,454,7244,551,112,112
msg,1,161,421,10712,548,112,112
msg,1,162,423,6297,571,112,112
msg,1,163,459,6064,548,112,112
msg,1,164,423,12953,549,112,112
msg,1,165,421,18511,555,112,112
msg,1,166,450,9026,548,112,112
msg,1,167,421,6491,553,112,112
msg,1,168,451,11260,574,112,112
msg,1,169,423,7433,550,112,112
msg,1,170,427,12271,676,112,112
msg,1,171,465,6415,575,112,112
msg,1,172,422,5735,570,112,112
msg,1,173,427,18950,574,112,112
msg,1,174,422,17475,549,112,112
msg,1,175,425,7841,570,112,112
msg,1,176,423,6594,552,112,112
msg,1,177,426,7856,545,112,112
msg,1,178,422,5756,549,112,112
msg,1,179,424,14610,553,112,112
msg,1,180,427,7722,553,112,112
msg,1,181,428,5962,551,112,112
msg,1,182,424,16041,580,112,112
msg,1,183,421,17360,550,112,112
msg,1,184,423,6208,573,112,112
msg,1,185,420,6397,549,112,112
msg,1,186,425,6700,549,112,112
msg,1,187,419,5695,548,112,112
msg,1,188,453,7328,580,112,112
msg,1,189,420,8817,575,112,112
msg,1,190,451,5786,575,112,112
msg,1,191,451,6122,552,112,112
msg,1,192,461,10010,551,112,112
msg,1,193,424,24010,578,112,112
msg,1,194,419,5784,579,112,112
msg,1,195,421,6271,551,112,112
msg,1,196,447,6259,577,112,112
msg,1,197,416,5924,576,112,112
msg,1,198,457,5599,572,112,112
msg,1,199,430,6579,567,112,112
whole,1,7620.518,9712.028,200
2,4.6730,7473.4570,107.3250,7585.4550,1391,4627,45,568,2,12,3,18,76672,66111.0,70014.0,7218752.0,0.0,2,2,2,0
msg,2,0,598,19254,572,112,112
msg,2,1,423,16761,572,112,112
msg,2,2,426,5966,585,112,112
msg,2,3,424,5978,579,112,112
msg,2,4,449,6187,550,112,112
msg,2,5,423,6302,574,112,112
msg,2,6,456,9145,551,112,112
msg,2,7,424,13146,572,112,112
msg,2,8,420,5752,578,112,112
msg,2,9,422,5919,571,112,112
msg,2,10,448,29919,572,112,112
msg,2,11,447,6049,545,112,112
msg,2,12,427,5839,550,112,112
msg,2,13,424,5761,549,112,112
msg,2,14,423,5504,551,112,112
msg,2,15,448,5894,546,112,112
msg,2,16,421,5993,569,112,112
msg,2,17,429,7845,571,112,112
msg,2,18,417,6128,576,112,112
msg,2,19,451,5527,573,112,112
msg,2,20,429,19306,551,112,112
msg,2,21,437,17929,545,112,112
msg,2,22,422,6206,573,112,112
msg,2,23,452,5640,570,112,112
msg,2,24,434,5680,576,112,112
msg,2,25,424,5624,571,112,112
msg,2,26,415,6793,571,112,112
msg,2,27,419,10993,581,112,112
msg,2,28,453,5601,580,112,112
msg,2,29,424,5994,696,112,112
msg,2,30,454,19972,551,112,112
msg,2,31,424,16628,551,112,112
msg,2,32,559,8529,566,112,112
msg,2,33,454,6227,549,112,112
msg,2,34,421,7712,549,112,112
msg,2,35,431,5927,571,112,112
msg,2,36,418,9552,551,112,112
msg,2,37,427,6369,580,112,112
msg,2,38,447,5925,553,112,112
msg,2,39,452,6411,571,112,112
msg,2,40,425,31382,552,112,112
msg,2,41,426,6331,573,112,112
msg,2,42,467,6922,548,112,112
msg,2,43,453,5936,550,112,112
msg,2,44,427,5883,553,112,112
msg,2,45,420,6668,550,112,112
msg,2,46,426,8301,575,112,112
msg,2,47,449,6519,573,112,112
msg,2,48,420,6756,574,112,112
msg,2,49,433,5847,574,112,112
msg,2,50,422,30544,553,112,112
msg,2,51,423,6239,571,112,112
msg,2,52,448,7668,579,112,112
msg,2,53,455,7384,561,112,112
msg,2,54,417,5885,569,112,112
msg,2,55,421,6499,550,112,112
msg,2,56,427,11052,573,112,112
msg,2,57,426,6795,573,112,112
msg,2,58,420,6041,576,112,112
msg,2,59,448,18137,548,112,112
msg,2,60,426,17039,571,112,112
msg,2,61,422,8536,551,112,112
msg,2,62,419,7049,578,112,112
msg,2,63,422,6819,575,112,112
msg,2,64,430,7682,573,112,112
msg,2,65,421,8572,552,112,112
msg,2,66,419,7453,554,112,112
msg,2,67,448,6705,576,112,112
msg,2,68,447,21178,543,112,112
msg,2,69,428,16910,577,112,112
msg,2,70,426,6356,552,112,112
msg,2,71,458,6207,573,112,112
msg,2,72,426,7479,548,112,112
msg,2,73,424,9337,573,112,112
msg,2,74,456,8462,580,112,112
msg,2,75,434,7015,577,112,112
msg,2,76,452,7159,547,112,112
msg,2,77,424,22242,581,112,112
msg,2,78,451,16628,575,112,112
msg,2,79,420,5914,575,112,112
msg,2,80,443,5744,575,112,112
msg,2,81,451,6061,549,112,112
msg,2,82,450,7875,551,112,112
msg,2,83,428,6211,571,112,112
msg,2,84,422,8514,547,112,112
msg,2,85,581,5624,543,112,112
msg,2,86,418,5694,548,112,112
msg,2,87,419,6063,570,112,112
msg,2,88,419,28905,579,112,112
msg,2,89,455,6233,548,112,112
msg,2,90,427,7282,572,112,112
msg,2,91,445,6366,552,112,112
msg,2,92,431,5888,574,112,112
msg,2,93,427,5685,549,112,112
msg,2,94,421,8200,577,112,112
msg,2,95,453,6609,580,112,112
msg,2,96,428,8123,553,112,112
msg,2,97,449,6000,551,112,112
msg,2,98,423,29666,555,112,112
msg,2,99,421,17688,547,112,112
msg,2,100,451,6777,551,112,112
msg,2,101,453,7797,548,112,112
msg,2,102,455,6104,566,112,112
msg,2,103,425,11896,575,112,112
msg,2,104,434,7101,574,112,112
msg,2,105,454,21159,550,112,112
msg,2,106,423,13728,551,112,112
msg,2,107,423,6156,577,112,112
msg,2,108,447,8051,550,112,112
msg,2,109,452,8179,567,112,112
msg,2,110,424,8871,580,112,112
msg,2,111,417,6267,708,112,112
msg,2,112,430,7973,549,112,112
msg,2,113,426,6744,550,112,112
msg,2,114,426,5807,551,112,112
msg,2,115,437,32526,552,112,112
msg,2,116,422,6963,551,112,112
msg,2,117,432,6494,549,112,112
msg,2,118,455,5507,572,112,112
msg,2,119,453,6346,566,112,112
msg,2,120,418,5649,550,112,112
msg,2,121,422,8803,551,112,112
msg,2,122,419,6199,582,112,112
msg,2,123,449,5787,670,112,112
msg,2,124,452,6190,550,112,112
msg,2,125,424,19757,551,112,112
msg,2,126,421,6454,548,112,112
msg,2,127,458,7733,549,112,112
msg,2,128,450,7104,549,112,112
msg,2,129,428,6143,573,112,112
msg,2,130,422,6166,549,112,112
msg,2,131,446,7386,577,112,112
msg,2,132,452,5626,577,112,112
msg,2,133,424,7774,575,112,112
msg,2,134,427,7493,542,112,112
msg,2,135,417,7811,551,112,112
msg,2,136,424,30773,550,112,112
msg,2,137,423,6125,582,112,112
msg,2,138,461,7447,568,112,112
msg,2,139,428,6288,571,112,112
msg,2,140,464,5873,548,112,112
msg,2,141,452,5896,554,112,112
msg,2,142,423,9078,577,112,112
msg,2,143,427,6129,571,112,112
msg,2,144,448,6230,549,112,112
msg,2,145,426,5590,552,112,112
msg,2,146,426,15947,556,112,112
msg,2,147,428,16498,548,112,112
msg,2,148,457,5939,656,112,112
msg,2,149,422,6832,571,112,112
msg,2,150,419,6134,576,112,112
msg,2,151,448,6477,575,112,112
msg,2,152,420,7548,548,112,112
msg,2,153,437,8859,568,112,112
msg,2,154,421,7192,570,112,112
msg,2,155,449,6644,574,112,112
msg,2,156,454,32677,581,112,112
msg,2,157,420,6329,549,112,112
msg,2,158,420,6795,551,112,112
msg,2,159,420,5856,551,112,112
msg,2,160,422,5920,580,112,112
msg,2,161,420,5779,572,112,112
msg,2,162,421,5777,580,112,112
msg,2,163,424,7097,672,112,112
msg,2,164,454,5426,576,112,112
msg,2,165,428,5751,579,112,112
msg,2,166,424,19692,577,112,112
msg,2,167,436,16596,550,112,112
msg,2,168,428,5758,551,112,112
msg,2,169,419,5763,556,112,112
msg,2,170,424,5689,550,112,112
msg,2,171,420,5977,570,112,112
msg,2,172,421,7345,551,112,112
msg,2,173,451,7331,569,112,112
msg,2,174,421,5700,584,112,112
msg,2,175,422,6881,583,112,112
msg,2,176,419,5920,564,112,112
msg,2,177,455,30547,571,112,112
msg,2,178,422,6077,578,112,112
msg,2,179,456,5997,548,112,112
msg,2,180,426,5823,551,112,112
msg,2,181,427,5877,566,112,112
msg,2,182,430,6424,552,112,112
msg,2,183,451,6766,551,112,112
msg,2,184,456,7390,579,112,112
msg,2,185,450,7515,571,112,112
msg,2,186,420,5799,574,112,112
msg,2,187,430,35373,552,112,112
msg,2,188,430,5833,553,112,112
msg,2,189,422,5536,553,112,112
msg,2,190,456,5716,552,112,112
msg,2,191,595,5612,545,112,112
msg,2,192,456,7947,551,112,112
msg,2,193,436,11302,577,112,112
msg,2,194,417,7824,592,112,112
msg,2,195,445,6805,577,112,112
msg,2,196,452,30887,553,112,112
msg,2,197,450,6819,551,112,112
msg,2,198,466,10883,550,112,112
msg,2,199,419,5984,550,112,112
whole,2,7612.400,9703.432,200
#heap 22791
#stack 19656
#end
#block pipeline TLS lorawan11_256 up
#aead AES-256-CTR+2xCMAC (LoRaWAN 1.1 frame, 256-bit keys) (BearSSL (arduino-pico)), uplink, 51 B payload + 13 B overhead
#lib wolfSSL 5.9.4
iter,tcp_ms,tls_ms,mqtt_ms,total_ms,hs_tx_B,hs_rx_B,mqtt_tx_B,mqtt_rx_B,hs_writes,hs_reads,writes,reads,free_heap_B,hs_keygen_us,hs_derive_us,hs_verify_us,hs_sign_us,hs_keygen_n,hs_derive_n,hs_verify_n,hs_sign_n
msg,iter,idx,seal_us,rtt_us,open_us,tx_B,rx_B
whole,iter,first_ms,all_ms,msgs
#suite TLS13-AES256-GCM-SHA384
0,4.5540,7477.2710,156.7850,7638.6100,1391,4627,45,568,2,12,3,18,76672,66144.0,70034.0,7222465.0,0.0,2,2,2,0
msg,0,0,1082,5622,1084,112,112
msg,0,1,941,5935,1056,112,112
msg,0,2,942,8072,1062,112,112
msg,0,3,941,7196,1059,112,112
msg,0,4,937,6263,1066,112,112
msg,0,5,939,7406,1056,112,112
msg,0,6,1037,28583,1066,112,112
msg,0,7,944,6545,1076,112,112
msg,0,8,1107,5510,1070,112,112
msg,0,9,942,5558,1065,112,112
msg,0,10,935,5877,1070,112,112
msg,0,11,937,5942,1072,112,112
msg,0,12,912,9704,1072,112,112
msg,0,13,939,6258,1061,112,112
msg,0,14,939,6440,1165,112,112
msg,0,15,943,15084,1066,112,112
msg,0,16,952,15372,1070,112,112
msg,0,17,940,7504,1072,112,112
msg,0,18,946,5802,1069,112,112
msg,0,19,915,6149,1052,112,112
msg,0,20,942,6765,1050,112,112
msg,0,21,936,7886,1056,112,112
msg,0,22,935,6126,1069,112,112
msg,0,23,944,6765,1068,112,112
msg,0,24,943,19689,1147,112,112
msg,0,25,942,15161,1074,112,112
msg,0,26,940,5608,1072,112,112
msg,0,27,946,5590,1071,112,112
msg,0,28,935,6420,1065,112,112
msg,0,29,940,7218,1075,112,112
msg,0,30,934,5451,1062,112,112
msg,0,31,939,6526,1066,112,112
msg,0,32,941,6356,1063,112,112
msg,0,33,942,6390,1067,112,112
msg,0,34,933,29784,1070,112,112
msg,0,35,943,5687,1057,112,112
msg,0,36,943,5506,1069,112,112
msg,0,37,942,5989,1067,112,112
msg,0,38,942,6414,1054,112,112
msg,0,39,943,7143,1165,112,112
msg,0,40,945,8672,1069,112,112
msg,0,41,938,5591,1065,112,112
msg,0,42,947,5788,1061,112,112
msg,0,43,951,30826,1205,112,112
msg,0,44,942,5684,1069,112,112
msg,0,45,944,6080,1075,112,112
msg,0,46,945,5961,1056,112,112
msg,0,47,936,5486,1071,112,112
msg,0,48,936,5455,1165,112,112
msg,0,49,943,5819,1069,112,112
msg,0,50,940,6530,1059,112,112
msg,0,51,937,6321,1080,112,112
msg,0,52,942,19381,1073,112,112
msg,0,53,943,15513,1061,112,112
msg,0,54,942,5648,1065,112,112
msg,0,55,945,6909,1063,112,112
msg,0,56,939,5521,1052,112,112
msg,0,57,946,7904,1159,112,112
msg,0,58,940,8231,1070,112,112
msg,0,59,935,5729,1070,112,112
msg,0,60,942,6665,1072,112,112
msg,0,61,1085,9327,1069,112,112
msg,0,62,954,22909,1065,112,112
msg,0,63,942,5426,1064,112,112
msg,0,64,940,6094,1161,112,112
msg,0,65,919,5656,1075,112,112
msg,0,66,936,5464,1062,112,112
msg,0,67,957,6209,1071,112,112
msg,0,68,914,5954,1077,112,112
msg,0,69,943,6768,1071,112,112
msg,0,70,947,6055,1060,112,112
msg,0,71,938,19179,1072,112,112
msg,0,72,933,18063,1076,112,112
msg,0,73,954,5855,1138,112,112
msg,0,74,944,5536,1065,112,112
msg,0,75,941,5703,1067,112,112
msg,0,76,937,5560,1076,112,112
msg,0,77,937,6472,1064,112,112
msg,0,78,940,8412,1052,112,112
msg,0,79,930,5980,1059,112,112
msg,0,80,939,20339,1071,112,112
msg,0,81,938,17345,1069,112,112
msg,0,82,937,7228,1070,112,112
msg,0,83,940,7305,1060,112,112
msg,0,84,936,5664,1065,112,112
msg,0,85,944,8784,1072,112,112
msg,0,86,936,7786,1068,112,112
msg,0,87,1047,6213,1069,112,112
msg,0,88,947,5565,1069,112,112
msg,0,89,910,31057,1052,112,112
msg,0,90,945,5537,1071,112,112
msg,0,91,1035,5554,1074,112,112
msg,0,92,912,6376,1063,112,112
msg,0,93,940,5478,1074,112,112
msg,0,94,940,6551,1071,112,112
msg,0,95,936,9153,1073,112,112
msg,0,96,938,7879,1062,112,112
msg,0,97,942,12386,1068,112,112
msg,0,98,945,22770,1075,112,112
msg,0,99,941,5543,1071,112,112
msg,0,100,937,6217,1056,112,112
msg,0,101,959,8333,1064,112,112
msg,0,102,934,9322,1056,112,112
msg,0,103,939,11053,1073,112,112
msg,0,104,936,5620,1067,112,112
msg,0,105,943,5458,1062,112,112
msg,0,106,936,8113,1065,112,112
msg,0,107,1482,22097,1065,112,112
msg,0,108,937,5793,1061,112,112
msg,0,109,937,5812,1067,112,112
msg,0,110,943,5643,1061,112,112
msg,0,111,943,5556,1058,112,112
msg,0,112,941,6712,1050,112,112
msg,0,113,944,8979,1066,112,112
msg,0,114,936,5483,1051,112,112
msg,0,115,943,5438,1071,112,112
msg,0,116,920,32271,1068,112,112
msg,0,117,1027,5593,1058,112,112
msg,0,118,947,5928,1058,112,112
msg,0,119,937,5490,1047,112,112
msg,0,120,937,7359,1068,112,112
msg,0,121,948,6744,1067,112,112
msg,0,122,947,11181,1062,112,112
msg,0,123,941,7345,1073,112,112
msg,0,124,941,19450,1064,112,112
msg,0,125,941,13204,1075,112,112
msg,0,126,923,7123,1052,112,112
msg,0,127,938,6998,1156,112,112
msg,0,128,952,6141,1077,112,112
msg,0,129,950,6705,1074,112,112
msg,0,130,916,15884,1066,112,112
msg,0,131,938,6461,1073,112,112
msg,0,132,951,5597,1061,112,112
msg,0,133,939,38344,1080,112,112
msg,0,134,947,5591,1065,112,112
msg,0,135,941,5632,1070,112,112
msg,0,136,913,6719,1072,112,112
msg,0,137,945,6083,1074,112,112
msg,0,138,938,8890,1052,112,112
msg,0,139,940,7735,1052,112,112
msg,0,140,943,7070,1069,112,112
msg,0,141,942,12456,1052,112,112
msg,0,142,936,16991,1060,112,112
msg,0,143,951,6429,1068,112,112
msg,0,144,948,5757,1080,112,112
msg,0,145,944,6720,1077,112,112
msg,0,146,939,6857,1055,112,112
msg,0,147,943,6602,1067,112,112
msg,0,148,939,5630,1070,112,112
msg,0,149,937,7132,1064,112,112
msg,0,150,1467,19502,1063,112,112
msg,0,151,941,14612,1064,112,112
msg,0,152,938,5667,1061,112,112
msg,0,153,1039,6074,1067,112,112
msg,0,154,952,6060,1069,112,112
msg,0,155,938,7349,1062,112,112
msg,0,156,945,5906,1071,112,112
msg,0,157,938,6195,1049,112,112
msg,0,158,943,6248,1068,112,112
msg,0,159,940,7235,1203,112,112
msg,0,160,938,28373,1070,112,112
msg,0,161,935,7065,1152,112,112
msg,0,162,941,5949,1065,112,112
msg,0,163,945,5893,1068,112,112
msg,0,164,938,5763,1062,112,112
msg,0,165,943,7877,1065,112,112
msg,0,166,943,8025,1071,112,112
msg,0,167,945,6187,1061,112,112
msg,0,168,936,7015,1065,112,112
msg,0,169,947,28162,1072,112,112
msg,0,170,941,6752,1601,112,112
msg,0,171,953,6552,1060,112,112
msg,0,172,944,6503,1054,112,112
msg,0,173,946,7270,1072,112,112
msg,0,174,940,8470,1067,112,112
msg,0,175,933,5949,1067,112,112
msg,0,176,944,6112,1074,112,112
msg,0,177,948,21330,1067,112,112
msg,0,178,945,12744,1059,112,112
msg,0,179,942,5500,1055,112,112
msg,0,180,943,6464,1068,112,112
msg,0,181,954,6053,1053,112,112
msg,0,182,936,5645,1082,112,112
msg,0,183,940,5630,1066,112,112
msg,0,184,947,9547,1076,112,112
msg,0,185,928,6326,1056,112,112
msg,0,186,942,6111,1071,112,112
msg,0,187,940,30433,1066,112,112
msg,0,188,940,5707,1065,112,112
msg,0,189,940,6453,1064,112,112
msg,0,190,944,5488,1074,112,112
msg,0,191,936,5689,1070,112,112
msg,0,192,941,6210,1053,112,112
msg,0,193,949,9847,1054,112,112
msg,0,194,941,6312,1210,112,112
msg,0,195,943,6540,1070,112,112
msg,0,196,938,14900,1073,112,112
msg,0,197,920,15087,1056,112,112
msg,0,198,944,5808,1050,112,112
msg,0,199,938,8611,1068,112,112
whole,0,7653.782,9903.332,200
1,10.5810,7466.8380,32.0250,7509.4440,1391,4627,45,568,2,12,3,18,76672,66188.0,69997.0,7217480.0,0.0,2,2,2,0
msg,1,0,1095,45329,1062,112,112
msg,1,1,939,6416,1068,112,112
msg,1,2,940,7847,1069,112,112
msg,1,3,940,7311,1070,112,112
msg,1,4,947,8060,1074,112,112
msg,1,5,935,6936,1076,112,112
msg,1,6,945,6630,1069,112,112
msg,1,7,933,37105,1057,112,112
msg,1,8,946,7186,1071,112,112
msg,1,9,943,6929,1079,112,112
msg,1,10,913,8427,1066,112,112
msg,1,11,947,12290,1068,112,112
msg,1,12,936,8930,1050,112,112
msg,1,13,939,21493,1069,112,112
msg,1,14,939,19230,1058,112,112
msg,1,15,957,5970,1065,112,112
msg,1,16,935,6443,1061,112,112
msg,1,17,942,6922,1058,112,112
msg,1,18,950,6953,1070,112,112
msg,1,19,940,8191,1075,112,112
msg,1,20,936,6811,1053,112,112
msg,1,21,938,5695,1079,112,112
msg,1,22,946,30835,1058,112,112
msg,1,23,955,5516,1073,112,112
msg,1,24,943,5802,1072,112,112
msg,1,25,933,5455,1070,112,112
msg,1,26,947,5831,1069,112,112
msg,1,27,939,8402,1066,112,112
msg,1,28,1135,7474,1062,112,112
msg,1,29,945,9660,1135,112,112
msg,1,30,938,19550,1075,112,112
msg,1,31,937,16705,1074,112,112
msg,1,32,939,6642,1163,112,112
msg,1,33,934,6659,1066,112,112
msg,1,34,936,5698,1074,112,112
msg,1,35,912,5715,1068,112,112
msg,1,36,946,7423,1061,112,112
msg,1,37,938,6911,1062,112,112
msg,1,38,942,9025,1067,112,112
msg,1,39,918,8070,1058,112,112
msg,1,40,941,22684,1075,112,112
msg,1,41,947,7579,1165,112,112
msg,1,42,936,6777,1061,112,112
msg,1,43,939,6239,1067,112,112
msg,1,44,949,7142,1071,112,112
msg,1,45,945,5694,1072,112,112
msg,1,46,916,6363,1064,112,112
msg,1,47,951,5734,1058,112,112
msg,1,48,948,39046,1073,112,112
msg,1,49,939,9961,1070,112,112
msg,1,50,939,8012,1063,112,112
msg,1,51,937,8209,1066,112,112
msg,1,52,1036,7731,1063,112,112
msg,1,53,950,10217,1072,112,112
msg,1,54,945,5578,1071,112,112
msg,1,55,937,21265,1150,112,112
msg,1,56,940,17088,1073,112,112
msg,1,57,946,7008,1051,112,112
msg,1,58,936,6898,1061,112,112
msg,1,59,952,6466,1070,112,112
msg,1,60,938,10611,1173,112,112
msg,1,61,945,7136,1062,112,112
msg,1,62,941,11966,1071,112,112
msg,1,63,943,31644,1060,112,112
msg,1,64,938,10485,1052,112,112
msg,1,65,936,6077,1064,112,112
msg,1,66,938,5698,1062,112,112
msg,1,67,933,6396,1076,112,112
msg,1,68,944,12098,1155,112,112
msg,1,69,946,5549,1590,112,112
msg,1,70,918,5801,1064,112,112
msg,1,71,911,31805,1069,112,112
msg,1,72,944,5565,1075,112,112
msg,1,73,936,5688,1076,112,112
msg,1,74,936,5607,1068,112,112
msg,1,75,953,6504,1061,112,112
msg,1,76,932,6242,1156,112,112
msg,1,77,913,8581,1069,112,112
msg,1,78,940,5647,1228,112,112
msg,1,79,943,5470,1065,112,112
msg,1,80,953,32485,1047,112,112
msg,1,81,934,5906,1055,112,112
msg,1,82,942,5902,1057,112,112
msg,1,83,1038,6267,1073,112,112
msg,1,84,937,5632,1071,112,112
msg,1,85,934,6064,1058,112,112
msg,1,86,948,8748,1052,112,112
msg,1,87,942,6274,1074,112,112
msg,1,88,940,6713,1072,112,112
msg,1,89,948,30093,1072,112,112
msg,1,90,941,7590,1085,112,112
msg,1,91,914,5993,1082,112,112
msg,1,92,949,7243,1067,112,112
msg,1,93,944,7710,1062,112,112
msg,1,94,937,7455,1055,112,112
msg,1,95,944,6681,1067,112,112
msg,1,96,945,5685,1072,112,112
msg,1,97,948,10709,1071,112,112
msg,1,98,940,22786,1065,112,112
msg,1,99,944,7093,1062,112,112
msg,1,100,938,5993,1062,112,112
msg,1,101,943,5723,1065,112,112
msg,1,102,954,5913,1151,112,112
msg,1,103,913,7477,1057,112,112
msg,1,104,944,8896,1059,112,112
msg,1,105,956,6988,1071,112,112
msg,1,106,915,11588,1065,112,112
msg,1,107,939,22195,1078,112,112
msg,1,108,941,6974,1060,112,112
msg,1,109,1034,6397,1068,112,112
msg,1,110,1120,5821,1059,112,112
msg,1,111,939,8864,1065,112,112
msg,1,112,947,8036,1595,112,112
msg,1,113,941,6086,1064,112,112
msg,1,114,939,7380,1049,112,112
msg,1,115,947,18978,1064,112,112
msg,1,116,949,15927,1060,112,112
msg,1,117,943,6789,1065,112,112
msg,1,118,940,7474,1055,112,112
msg,1,119,953,7189,1072,112,112
msg,1,120,941,6705,1062,112,112
msg,1,121,939,7918,1064,112,112
msg,1,122,933,5703,1067,112,112
msg,1,123,940,7276,1141,112,112
msg,1,124,941,31888,1061,112,112
msg,1,125,948,7542,1052,112,112
msg,1,126,937,6470,1067,112,112
msg,1,127,936,8287,1063,112,112
msg,1,128,943,8667,1063,112,112
msg,1,129,945,9226,1068,112,112
msg,1,130,910,6299,1067,112,112
msg,1,131,940,6157,1068,112,112
msg,1,132,938,31774,1078,112,112
msg,1,133,938,10202,1059,112,112
msg,1,134,954,6079,1065,112,112
msg,1,135,945,6635,1068,112,112
msg,1,136,1037,7377,1077,112,112
msg,1,137,943,9401,1073,112,112
msg,1,138,946,6602,1061,112,112
msg,1,139,948,6045,1075,112,112
msg,1,140,936,36622,1071,112,112
msg,1,141,954,6857,1070,112,112
msg,1,142,905,5679,1070,112,112
msg,1,143,943,6208,1054,112,112
msg,1,144,936,6388,1169,112,112
msg,1,145,941,7108,1053,112,112
msg,1,146,944,6466,1064,112,112
msg,1,147,939,5795,1071,112,112
msg,1,148,937,19694,1062,112,112
msg,1,149,941,12960,1057,112,112
msg,1,150,944,6801,1053,112,112
msg,1,151,943,5853,1059,112,112
msg,1,152,950,6562,1077,112,112
msg,1,153,1038,9434,1208,112,112
msg,1,154,949,12845,1072,112,112
msg,1,155,953,6282,1060,112,112
msg,1,156,941,5486,1064,112,112
msg,1,157,938,30273,1072,112,112
msg,1,158,914,7765,1068,112,112
msg,1,159,914,6820,1069,112,112
msg,1,160,938,7464,1060,112,112
msg,1,161,945,5848,1062,112,112
msg,1,162,954,6501,1061,112,112
msg,1,163,934,6923,1064,112,112
msg,1,164,1042,6100,1067,112,112
msg,1,165,935,5451,1077,112,112
msg,1,166,940,29088,1075,112,112
msg,1,167,943,6684,1065,112,112
msg,1,168,934,6104,1068,112,112
msg,1,169,943,5664,1049,112,112
msg,1,170,940,5650,1081,112,112
msg,1,171,949,5634,1050,112,112
msg,1,172,949,7931,1059,112,112
msg,1,173,939,5564,1079,112,112
msg,1,174,940,5998,1062,112,112
msg,1,175,944,18020,1073,112,112
msg,1,176,943,14967,1073,112,112
msg,1,177,913,7740,1065,112,112
msg,1,178,906,7468,1065,112,112
msg,1,179,946,5557,1064,112,112
msg,1,180,1102,5705,1065,112,112
msg,1,181,943,10934,1150,112,112
msg,1,182,953,5959,1064,112,112
msg,1,183,913,5708,1072,112,112
msg,1,184,913,32339,1067,112,112
msg,1,185,939,5575,1056,112,112
msg,1,186,1050,6665,1053,112,112
msg,1,187,955,8877,1063,112,112
msg,1,188,1105,6865,1063,112,112
msg,1,189,950,9042,1173,112,112
msg,1,190,940,5728,1069,112,112
msg,1,191,935,6457,1070,112,112
msg,1,192,939,19754,1062,112,112
msg,1,193,1037,15107,1082,112,112
msg,1,194,943,5468,1071,112,112
msg,1,195,912,5622,1062,112,112
msg,1,196,939,6230,1216,112,112
msg,1,197,955,7685,1057,112,112
msg,1,198,942,5737,1047,112,112
msg,1,199,943,5619,1068,112,112
whole,1,7564.204,9957.574,200
2,5.3880,7460.8950,12.7480,7479.0310,1391,4627,45,568,2,12,3,18,76672,66363.0,70012.0,7215864.0,0.0,2,2,2,0
msg,2,0,1107,29074,1059,112,112
msg,2,1,945,6525,1071,112,112
msg,2,2,938,6019,1054,112,112
msg,2,3,943,5937,1062,112,112
msg,2,4,945,5907,1061,112,112
msg,2,5,940,6548,1065,112,112
msg,2,6,943,8955,1061,112,112
msg,2,7,944,6639,1059,112,112
msg,2,8,945,7924,1059,112,112
msg,2,9,939,27575,1056,112,112
msg,2,10,938,5720,1062,112,112
msg,2,11,944,6143,1070,112,112
msg,2,12,943,5676,1058,112,112
msg,2,13,941,5651,1062,112,112
msg,2,14,944,5703,1060,112,112
msg,2,15,941,8949,1064,112,112
msg,2,16,941,6852,1067,112,112
msg,2,17,944,5739,1067,112,112
msg,2,18,940,31757,1077,112,112
msg,2,19,944,12062,1072,112,112
msg,2,20,1039,10927,1061,112,112
msg,2,21,935,13444,1068,112,112
msg,2,22,960,9891,1059,112,112
msg,2,23,941,6923,1057,112,112
msg,2,24,932,20155,1061,112,112
msg,2,25,911,15311,1058,112,112
msg,2,26,939,8210,1071,112,112
msg,2,27,912,5683,1075,112,112
msg,2,28,1040,6508,1059,112,112
msg,2,29,945,5641,1070,112,112
msg,2,30,939,8463,1058,112,112
msg,2,31,940,6523,1072,112,112
msg,2,32,938,5872,1070,112,112
msg,2,33,937,19119,1060,112,112
msg,2,34,940,15746,1065,112,112
msg,2,35,937,6319,1069,112,112
msg,2,36,940,6408,1063,112,112
msg,2,37,944,10216,1071,112,112
msg,2,38,953,6222,1570,112,112
msg,2,39,950,9096,1060,112,112
msg,2,40,944,8715,1060,112,112
msg,2,41,937,6678,1054,112,112
msg,2,42,949,37303,1071,112,112
msg,2,43,940,5636,1070,112,112
msg,2,44,1042,8204,1050,112,112
msg,2,45,936,6392,1221,112,112
msg,2,46,936,6470,1063,112,112
msg,2,47,938,6920,1067,112,112
msg,2,48,951,5945,1071,112,112
msg,2,49,940,5503,1069,112,112
msg,2,50,930,29044,1069,112,112
msg,2,51,936,5477,1070,112,112
msg,2,52,937,5673,1056,112,112
msg,2,53,949,6060,1066,112,112
msg,2,54,942,5483,1069,112,112
msg,2,55,942,5533,1065,112,112
msg,2,56,945,9466,1055,112,112
msg,2,57,942,5661,1071,112,112
msg,2,58,938,5620,1069,112,112
msg,2,59,937,8185,1069,112,112
msg,2,60,943,22625,1058,112,112
msg,2,61,947,6390,1067,112,112
msg,2,62,916,6388,1061,112,112
msg,2,63,944,5539,1058,112,112
msg,2,64,939,5869,1054,112,112
msg,2,65,937,5593,1056,112,112
msg,2,66,939,8638,1071,112,112
msg,2,67,953,5482,1066,112,112
msg,2,68,910,5484,1065,112,112
msg,2,69,948,32391,1047,112,112
msg,2,70,944,6332,1069,112,112
msg,2,71,938,5668,1071,112,112
msg,2,72,941,5552,1059,112,112
msg,2,73,942,5494,1047,112,112
msg,2,74,940,5495,1070,112,112
msg,2,75,911,6421,1067,112,112
msg,2,76,1040,5735,1062,112,112
msg,2,77,941,5467,1057,112,112
msg,2,78,945,5547,1076,112,112
msg,2,79,950,27920,1052,112,112
msg,2,80,943,5622,1075,112,112
msg,2,81,941,5448,1072,112,112
msg,2,82,1019,6642,1065,112,112
msg,2,83,938,6153,1057,112,112
msg,2,84,950,5392,1063,112,112
msg,2,85,915,16229,1063,112,112
msg,2,86,937,5982,1068,112,112
msg,2,87,1039,16787,1063,112,112
msg,2,88,942,16141,1068,112,112
msg,2,89,946,5996,1049,112,112
msg,2,90,944,5762,1053,112,112
msg,2,91,950,5971,1059,112,112
msg,2,92,946,7918,1074,112,112
msg,2,93,938,5407,1061,112,112
msg,2,94,960,6062,1063,112,112
msg,2,95,942,5514,1060,112,112
msg,2,96,941,5719,1064,112,112
msg,2,97,935,30931,1065,112,112
msg,2,98,935,5612,1063,112,112
msg,2,99,939,6140,1071,112,112
msg,2,100,936,5873,1073,112,112
msg,2,101,913,5753,1074,112,112
msg,2,102,915,5683,1074,112,112
msg,2,103,942,5762,1071,112,112
msg,2,104,942,6167,1053,112,112
msg,2,105,955,6013,1063,112,112
msg,2,106,943,10158,1081,112,112
msg,2,107,914,22583,1063,112,112
msg,2,108,941,6211,1071,112,112
msg,2,109,944,7354,1070,112,112
msg,2,110,958,6993,1074,112,112
msg,2,111,938,7612,1071,112,112
msg,2,112,932,5532,1067,112,112
msg,2,113,948,7876,1065,112,112
msg,2,114,938,7616,1064,112,112
msg,2,115,945,19430,1053,112,112
msg,2,116,944,16280,1064,112,112
msg,2,117,940,7483,1064,112,112
msg,2,118,943,5984,1066,112,112
msg,2,119,938,5457,1051,112,112
msg,2,120,948,5895,1072,112,112
msg,2,121,1044,5517,1061,112,112
msg,2,122,939,6086,1063,112,112
msg,2,123,939,5406,1055,112,112
msg,2,124,936,5596,1065,112,112
msg,2,125,940,16389,1203,112,112
msg,2,126,913,15447,1060,112,112
msg,2,127,941,7705,1063,112,112
msg,2,128,943,5616,1063,112,112
msg,2,129,940,5472,1071,112,112
msg,2,130,939,18028,1061,112,112
msg,2,131,940,6176,1166,112,112
msg,2,132,911,5903,1063,112,112
msg,2,133,941,19102,1055,112,112
msg,2,134,941,16244,1068,112,112
msg,2,135,941,7598,1203,112,112
msg,2,136,942,5562,1064,112,112
msg,2,137,939,7388,1056,112,112
msg,2,138,941,5544,1065,112,112
msg,2,139,951,9490,1065,112,112
msg,2,140,937,6709,1062,112,112
msg,2,141,943,5654,1061,112,112
msg,2,142,939,18705,1063,112,112
msg,2,143,939,17721,1057,112,112
msg,2,144,944,6212,1066,112,112
msg,2,145,918,5529,1066,112,112
msg,2,146,937,5838,1065,112,112
msg,2,147,1044,5712,1067,112,112
msg,2,148,935,7702,1061,112,112
msg,2,149,949,5482,1063,112,112
msg,2,150,940,6051,1071,112,112
msg,2,151,942,21898,1077,112,112
msg,2,152,925,34009,1066,112,112
msg,2,153,942,5618,1068,112,112
msg,2,154,937,5747,1076,112,112
msg,2,155,937,7931,1076,112,112
msg,2,156,1032,5928,1056,112,112
msg,2,157,933,5640,1055,112,112
msg,2,158,939,5413,1067,112,112
msg,2,159,909,28249,1063,112,112
msg,2,160,934,6116,1065,112,112
msg,2,161,942,5629,1061,112,112
msg,2,162,939,5451,1054,112,112
msg,2,163,955,5619,1073,112,112
msg,2,164,940,5452,1070,112,112
msg,2,165,938,6855,1071,112,112
msg,2,166,915,8231,1063,112,112
msg,2,167,940,6746,1053,112,112
msg,2,168,941,31896,1065,112,112
msg,2,169,935,5996,1066,112,112
msg,2,170,943,5588,1065,112,112
msg,2,171,936,5446,1054,112,112
msg,2,172,949,6133,1062,112,112
msg,2,173,936,5741,1067,112,112
msg,2,174,944,5579,1064,112,112
msg,2,175,940,5402,1071,112,112
msg,2,176,946,5459,1064,112,112
msg,2,177,1057,6055,1054,112,112
msg,2,178,940,28200,1063,112,112
msg,2,179,1100,6296,1055,112,112
msg,2,180,943,6421,1070,112,112
msg,2,181,934,5498,1067,112,112
msg,2,182,941,5823,1075,112,112
msg,2,183,939,5832,1172,112,112
msg,2,184,942,9117,1059,112,112
msg,2,185,948,7143,1059,112,112
msg,2,186,942,5596,1067,112,112
msg,2,187,935,29939,1067,112,112
msg,2,188,943,7414,1072,112,112
msg,2,189,941,6791,1163,112,112
msg,2,190,941,5757,1056,112,112
msg,2,191,944,8186,1065,112,112
msg,2,192,1035,7851,1066,112,112
msg,2,193,957,6858,1063,112,112
msg,2,194,944,6261,1067,112,112
msg,2,195,940,20478,1064,112,112
msg,2,196,943,14880,1066,112,112
msg,2,197,938,7671,1064,112,112
msg,2,198,941,5512,1055,112,112
msg,2,199,937,7294,1072,112,112
whole,2,7517.323,9800.479,200
#heap 22791
#stack 19592
#end
#block pipeline TLS lorawan11_256 down
#aead AES-256-CTR+2xCMAC (LoRaWAN 1.1 frame, 256-bit keys) (BearSSL (arduino-pico)), downlink, 51 B payload + 13 B overhead
#lib wolfSSL 5.9.4
iter,tcp_ms,tls_ms,mqtt_ms,total_ms,hs_tx_B,hs_rx_B,mqtt_tx_B,mqtt_rx_B,hs_writes,hs_reads,writes,reads,free_heap_B,hs_keygen_us,hs_derive_us,hs_verify_us,hs_sign_us,hs_keygen_n,hs_derive_n,hs_verify_n,hs_sign_n
msg,iter,idx,seal_us,rtt_us,open_us,tx_B,rx_B
whole,iter,first_ms,all_ms,msgs
#suite TLS13-AES256-GCM-SHA384
0,9.3990,7496.2670,89.9600,7595.6260,1391,4627,45,568,2,12,3,18,76672,66293.0,69999.0,7223598.0,0.0,2,2,2,0
msg,0,0,704,29894,717,112,112
msg,0,1,601,21936,686,112,112
msg,0,2,560,32926,714,112,112
msg,0,3,591,12454,703,112,112
msg,0,4,584,13870,682,112,112
msg,0,5,561,16098,711,112,112
msg,0,6,589,8452,717,112,112
msg,0,7,595,6100,683,112,112
msg,0,8,562,5615,702,112,112
msg,0,9,693,5465,700,112,112
msg,0,10,582,6315,714,112,112
msg,0,11,557,12297,686,112,112
msg,0,12,560,6593,686,112,112
msg,0,13,558,6548,688,112,112
msg,0,14,578,27955,710,112,112
msg,0,15,589,5778,684,112,112
msg,0,16,587,6737,686,112,112
msg,0,17,560,5494,686,112,112
msg,0,18,569,6641,704,112,112
msg,0,19,557,7297,686,112,112
msg,0,20,558,7978,708,112,112
msg,0,21,584,6064,683,112,112
msg,0,22,571,5620,707,112,112
msg,0,23,555,5533,702,112,112
msg,0,24,556,29900,711,112,112
msg,0,25,589,5809,683,112,112
msg,0,26,569,5579,684,112,112
msg,0,27,551,5563,683,112,112
msg,0,28,562,5518,687,112,112
msg,0,29,560,8378,683,112,112
msg,0,30,559,7940,709,112,112
msg,0,31,583,6218,680,112,112
msg,0,32,555,5434,683,112,112
msg,0,33,561,5916,710,112,112
msg,0,34,588,30680,709,112,112
msg,0,35,599,5800,684,112,112
msg,0,36,558,5515,682,112,112
msg,0,37,565,5973,712,112,112
msg,0,38,586,5425,712,112,112
msg,0,39,588,7391,711,112,112
msg,0,40,590,7500,712,112,112
msg,0,41,585,6709,712,112,112
msg,0,42,586,5424,701,112,112
msg,0,43,588,5922,682,112,112
msg,0,44,563,32081,712,112,112
msg,0,45,585,7868,681,112,112
msg,0,46,562,5809,705,112,112
msg,0,47,557,6001,710,112,112
msg,0,48,590,6071,715,112,112
msg,0,49,586,5536,706,112,112
msg,0,50,586,7623,710,112,112
msg,0,51,596,6221,703,112,112
msg,0,52,580,7156,681,112,112
msg,0,53,563,20714,704,112,112
msg,0,54,557,16110,684,112,112
msg,0,55,588,5586,683,112,112
msg,0,56,564,5653,686,112,112
msg,0,57,559,5597,705,112,112
msg,0,58,555,5785,723,112,112
msg,0,59,590,5885,686,112,112
msg,0,60,559,11641,685,112,112
msg,0,61,561,5743,703,112,112
msg,0,62,557,6586,711,112,112
msg,0,63,591,17329,701,112,112
msg,0,64,551,19211,687,112,112
msg,0,65,559,7282,706,112,112
msg,0,66,687,7198,707,112,112
msg,0,67,583,6089,684,112,112
msg,0,68,555,6502,685,112,112
msg,0,69,558,5523,685,112,112
msg,0,70,561,6810,710,112,112
msg,0,71,686,5568,709,112,112
msg,0,72,585,6247,711,112,112
msg,0,73,578,17716,708,112,112
msg,0,74,583,13194,705,112,112
msg,0,75,588,6158,683,112,112
msg,0,76,557,6744,702,112,112
msg,0,77,586,6727,718,112,112
msg,0,78,580,10697,708,112,112
msg,0,79,588,7666,681,112,112
msg,0,80,558,7913,708,112,112
msg,0,81,590,6905,704,112,112
msg,0,82,582,5489,708,112,112
msg,0,83,747,31037,716,112,112
msg,0,84,584,8339,708,112,112
msg,0,85,586,8217,698,112,112
msg,0,86,559,8754,713,112,112
msg,0,87,674,8011,685,112,112
msg,0,88,569,6749,707,112,112
msg,0,89,556,6653,705,112,112
msg,0,90,582,6143,683,112,112
msg,0,91,559,21491,689,112,112
msg,0,92,559,18876,709,112,112
msg,0,93,681,5842,683,112,112
msg,0,94,557,5748,698,112,112
msg,0,95,555,5604,709,112,112
msg,0,96,559,8787,716,112,112
msg,0,97,589,8226,700,112,112
msg,0,98,554,7078,686,112,112
msg,0,99,578,7930,701,112,112
msg,0,100,736,18587,708,112,112
msg,0,101,592,14532,710,112,112
msg,0,102,597,5850,682,112,112
msg,0,103,564,6562,698,112,112
msg,0,104,560,6956,721,112,112
msg,0,105,592,5528,712,112,112
msg,0,106,587,5831,686,112,112
msg,0,107,560,7656,704,112,112
msg,0,108,556,6291,688,112,112
msg,0,109,556,5593,685,112,112
msg,0,110,560,6793,703,112,112
msg,0,111,590,13871,709,112,112
msg,0,112,582,14555,705,112,112
msg,0,113,579,6417,704,112,112
msg,0,114,585,7341,709,112,112
msg,0,115,583,5944,687,112,112
msg,0,116,559,6716,698,112,112
msg,0,117,573,6108,685,112,112
msg,0,118,561,10684,685,112,112
msg,0,119,557,5530,683,112,112
msg,0,120,562,6008,708,112,112
msg,0,121,583,8720,684,112,112
msg,0,122,584,23331,783,112,112
msg,0,123,599,6334,709,112,112
msg,0,124,585,6773,684,112,112
msg,0,125,556,5911,703,112,112
msg,0,126,555,6105,683,112,112
msg,0,127,561,5353,707,112,112
msg,0,128,582,8277,707,112,112
msg,0,129,682,6022,705,112,112
msg,0,130,558,10311,685,112,112
msg,0,131,555,33239,795,112,112
msg,0,132,593,6504,684,112,112
msg,0,133,582,14384,712,112,112
msg,0,134,599,9519,713,112,112
msg,0,135,582,6304,712,112,112
msg,0,136,588,10156,698,112,112
msg,0,137,587,6704,715,112,112
msg,0,138,586,7354,710,112,112
msg,0,139,588,13271,697,112,112
msg,0,140,556,14443,703,112,112
msg,0,141,557,5720,709,112,112
msg,0,142,584,5739,805,112,112
msg,0,143,586,5701,687,112,112
msg,0,144,561,5893,709,112,112
msg,0,145,584,6737,709,112,112
msg,0,146,581,5903,681,112,112
msg,0,147,560,6556,687,112,112
msg,0,148,560,5722,704,112,112
msg,0,149,568,5971,709,112,112
msg,0,150,591,18318,709,112,112
msg,0,151,579,15656,707,112,112
msg,0,152,592,6656,693,112,112
msg,0,153,558,6320,711,112,112
msg,0,154,583,6929,705,112,112
msg,0,155,556,5813,711,112,112
msg,0,156,591,6146,705,112,112
msg,0,157,552,13530,703,112,112
msg,0,158,557,6201,681,112,112
msg,0,159,556,21123,714,112,112
msg,0,160,587,18433,713,112,112
msg,0,161,586,7674,708,112,112
msg,0,162,587,6385,708,112,112
msg,0,163,590,6703,773,112,112
msg,0,164,558,6025,713,112,112
msg,0,165,586,8088,688,112,112
msg,0,166,554,6294,686,112,112
msg,0,167,581,7435,705,112,112
msg,0,168,588,6216,707,112,112
msg,0,169,589,28148,700,112,112
msg,0,170,556,6228,780,112,112
msg,0,171,557,6064,713,112,112
msg,0,172,600,6159,703,112,112
msg,0,173,557,6054,707,112,112
msg,0,174,587,6267,713,112,112
msg,0,175,589,8189,703,112,112
msg,0,176,590,6286,700,112,112
msg,0,177,561,7351,688,112,112
msg,0,178,564,20735,700,112,112
msg,0,179,554,16321,680,112,112
msg,0,180,557,5717,699,112,112
msg,0,181,567,8011,707,112,112
msg,0,182,589,7065,705,112,112
msg,0,183,588,8254,700,112,112
msg,0,184,571,5561,869,112,112
msg,0,185,591,6217,705,112,112
msg,0,186,567,5862,708,112,112
msg,0,187,585,5926,681,112,112
msg,0,188,558,17265,711,112,112
msg,0,189,583,18322,710,112,112
msg,0,190,588,7395,712,112,112
msg,0,191,590,6136,702,112,112
msg,0,192,557,6374,684,112,112
msg,0,193,557,7844,707,112,112
msg,0,194,587,8452,719,112,112
msg,0,195,587,6750,704,112,112
msg,0,196,587,7991,704,112,112
msg,0,197,558,20093,709,112,112
msg,0,198,598,16366,714,112,112
msg,0,199,585,8042,710,112,112
whole,0,7635.907,9798.960,200
1,17.4390,7467.9980,30.0020,7515.4390,1391,4627,45,568,2,12,3,18,76672,66790.0,70109.0,7219952.0,0.0,2,2,2,0
msg,1,0,704,18112,684,112,112
msg,1,1,558,16012,810,112,112
msg,1,2,586,6058,680,112,112
msg,1,3,562,5569,696,112,112
msg,1,4,571,5882,712,112,112
msg,1,5,587,6203,709,112,112
msg,1,6,560,6405,704,112,112
msg,1,7,555,6288,689,112,112
msg,1,8,558,6351,709,112,112
msg,1,9,584,5769,690,112,112
msg,1,10,550,7475,684,112,112
msg,1,11,559,28239,708,112,112
msg,1,12,564,5624,684,112,112
msg,1,13,559,5529,687,112,112
msg,1,14,558,6252,707,112,112
msg,1,15,600,5500,892,112,112
msg,1,16,556,6645,705,112,112
msg,1,17,566,5725,703,112,112
msg,1,18,587,7184,683,112,112
msg,1,19,556,5919,709,112,112
msg,1,20,584,5720,705,112,112
msg,1,21,581,17506,708,112,112
msg,1,22,590,16450,705,112,112
msg,1,23,581,5737,678,112,112
msg,1,24,561,5588,685,112,112
msg,1,25,556,6140,710,112,112
msg,1,26,586,5468,713,112,112
msg,1,27,577,5647,686,112,112
msg,1,28,591,10771,681,112,112
msg,1,29,557,5996,714,112,112
msg,1,30,584,5619,703,112,112
msg,1,31,588,9308,711,112,112
msg,1,32,688,8481,706,112,112
msg,1,33,584,15930,702,112,112
msg,1,34,563,5820,712,112,112
msg,1,35,587,5454,707,112,112
msg,1,36,584,6695,706,112,112
msg,1,37,585,5402,709,112,112
msg,1,38,599,8786,683,112,112
msg,1,39,565,9901,705,112,112
msg,1,40,581,6669,709,112,112
msg,1,41,581,6293,701,112,112
msg,1,42,588,30865,712,112,112
msg,1,43,602,6710,694,112,112
msg,1,44,558,5867,702,112,112
msg,1,45,586,5674,717,112,112
msg,1,46,586,6073,686,112,112
msg,1,47,558,5698,706,112,112
msg,1,48,584,5395,706,112,112
msg,1,49,558,7787,707,112,112
msg,1,50,589,5999,681,112,112
msg,1,51,556,5645,706,112,112
msg,1,52,558,32865,708,112,112
msg,1,53,582,5701,706,112,112
msg,1,54,586,5818,682,112,112
msg,1,55,560,11741,708,112,112
msg,1,56,589,7491,713,112,112
msg,1,57,584,5567,711,112,112
msg,1,58,601,6883,683,112,112
msg,1,59,558,6907,699,112,112
msg,1,60,555,5570,700,112,112
msg,1,61,584,32026,690,112,112
msg,1,62,558,5719,683,112,112
msg,1,63,557,7773,705,112,112
msg,1,64,585,5999,687,112,112
msg,1,65,556,5792,701,112,112
msg,1,66,559,5826,712,112,112
msg,1,67,580,8070,686,112,112
msg,1,68,569,6628,711,112,112
msg,1,69,577,5563,707,112,112
msg,1,70,589,5832,686,112,112
msg,1,71,591,29690,681,112,112
msg,1,72,572,5665,704,112,112
msg,1,73,551,6042,710,112,112
msg,1,74,591,6412,714,112,112
msg,1,75,589,5524,712,112,112
msg,1,76,593,8076,708,112,112
msg,1,77,585,11858,682,112,112
msg,1,78,587,5670,689,112,112
msg,1,79,560,5935,717,112,112
msg,1,80,583,8116,684,112,112
msg,1,81,556,23487,685,112,112
msg,1,82,558,5779,712,112,112
msg,1,83,585,6189,681,112,112
msg,1,84,560,6507,686,112,112
msg,1,85,657,5632,697,112,112
msg,1,86,583,6511,701,112,112
msg,1,87,589,11879,704,112,112
msg,1,88,587,5521,706,112,112
msg,1,89,583,6163,710,112,112
msg,1,90,589,19776,708,112,112
msg,1,91,580,15988,712,112,112
msg,1,92,557,8456,701,112,112
msg,1,93,569,6634,712,112,112
msg,1,94,584,5544,709,112,112
msg,1,95,582,5549,811,112,112
msg,1,96,586,6203,705,112,112
msg,1,97,596,8708,708,112,112
msg,1,98,595,6278,714,112,112
msg,1,99,588,5885,684,112,112
msg,1,100,561,31904,705,112,112
msg,1,101,587,6073,682,112,112
msg,1,102,555,5995,712,112,112
msg,1,103,587,6132,684,112,112
msg,1,104,564,5800,709,112,112
msg,1,105,585,7461,841,112,112
msg,1,106,585,8453,711,112,112
msg,1,107,589,6582,711,112,112
msg,1,108,591,6597,712,112,112
msg,1,109,586,10383,707,112,112
msg,1,110,586,23235,704,112,112
msg,1,111,583,6218,682,112,112
msg,1,112,560,6427,684,112,112
msg,1,113,561,5756,704,112,112
msg,1,114,560,5564,713,112,112
msg,1,115,585,5670,704,112,112
msg,1,116,582,5515,713,112,112
msg,1,117,579,7100,704,112,112
msg,1,118,556,5688,706,112,112
msg,1,119,591,5707,714,112,112
msg,1,120,577,17749,683,112,112
msg,1,121,557,17027,709,112,112
msg,1,122,590,6609,713,112,112
msg,1,123,581,6219,702,112,112
msg,1,124,588,7296,703,112,112
msg,1,125,560,8964,710,112,112
msg,1,126,583,8361,712,112,112
msg,1,127,590,5875,682,112,112
msg,1,128,555,5986,713,112,112
msg,1,129,586,6072,683,112,112
msg,1,130,562,32801,707,112,112
msg,1,131,596,5781,713,112,112
msg,1,132,586,6515,710,112,112
msg,1,133,583,6085,704,112,112
msg,1,134,585,5596,711,112,112
msg,1,135,581,5620,710,112,112
msg,1,136,584,8646,710,112,112
msg,1,137,581,5661,684,112,112
msg,1,138,558,6685,683,112,112
msg,1,139,571,20511,693,112,112
msg,1,140,561,16720,806,112,112
msg,1,141,586,5978,683,112,112
msg,1,142,555,5987,709,112,112
msg,1,143,586,6263,702,112,112
msg,1,144,550,5627,705,112,112
msg,1,145,587,6473,709,112,112
msg,1,146,587,10667,707,112,112
msg,1,147,595,5826,684,112,112
msg,1,148,589,8803,703,112,112
msg,1,149,553,29058,713,112,112
msg,1,150,591,5531,811,112,112
msg,1,151,571,5465,679,112,112
msg,1,152,583,5837,699,112,112
msg,1,153,561,5593,702,112,112
msg,1,154,586,8107,683,112,112
msg,1,155,562,8378,702,112,112
msg,1,156,589,6189,709,112,112
msg,1,157,590,6257,704,112,112
msg,1,158,593,7490,707,112,112
msg,1,159,590,28064,685,112,112
msg,1,160,558,5584,686,112,112
msg,1,161,561,6494,685,112,112
msg,1,162,561,7409,680,112,112
msg,1,163,575,5580,700,112,112
msg,1,164,555,5464,679,112,112
msg,1,165,559,8738,809,112,112
msg,1,166,582,5637,712,112,112
msg,1,167,583,5723,684,112,112
msg,1,168,584,7884,707,112,112
msg,1,169,571,28303,688,112,112
msg,1,170,566,6042,713,112,112
msg,1,171,584,5448,710,112,112
msg,1,172,587,7555,705,112,112
msg,1,173,592,8114,706,112,112
msg,1,174,555,7523,800,112,112
msg,1,175,588,8925,686,112,112
msg,1,176,586,6496,687,112,112
msg,1,177,588,5537,683,112,112
msg,1,178,561,16994,714,112,112
msg,1,179,588,17194,682,112,112
msg,1,180,561,6564,700,112,112
msg,1,181,556,5586,702,112,112
msg,1,182,553,5723,715,112,112
msg,1,183,591,5681,704,112,112
msg,1,184,587,5550,805,112,112
msg,1,185,582,11176,709,112,112
msg,1,186,597,5637,810,112,112
msg,1,187,588,5606,688,112,112
msg,1,188,556,8905,708,112,112
msg,1,189,585,23323,703,112,112
msg,1,190,557,7776,705,112,112
msg,1,191,579,5810,712,112,112
msg,1,192,719,5929,703,112,112
msg,1,193,584,5467,710,112,112
msg,1,194,588,5723,704,112,112
msg,1,195,589,6245,707,112,112
msg,1,196,585,6580,708,112,112
msg,1,197,582,5667,712,112,112
msg,1,198,586,5409,710,112,112
msg,1,199,585,34547,709,112,112
whole,1,7542.119,9607.351,200
2,6.4100,7473.0750,46.8760,7526.3610,1391,4627,45,568,2,12,3,18,76672,66090.0,70073.0,7221264.0,0.0,2,2,2,0
msg,2,0,731,8973,715,112,112
msg,2,1,584,26516,710,112,112
msg,2,2,594,5711,703,112,112
msg,2,3,594,6027,709,112,112
msg,2,4,585,6082,688,112,112
msg,2,5,653,5712,704,112,112
msg,2,6,559,5574,706,112,112
msg,2,7,591,11488,702,112,112
msg,2,8,595,5953,704,112,112
msg,2,9,591,5620,685,112,112
msg,2,10,560,17236,707,112,112
msg,2,11,575,17109,798,112,112
msg,2,12,589,5586,714,112,112
msg,2,13,587,5961,685,112,112
msg,2,14,560,5521,683,112,112
msg,2,15,560,6361,687,112,112
msg,2,16,585,5517,685,112,112
msg,2,17,559,11561,683,112,112
msg,2,18,560,6124,714,112,112
msg,2,19,582,5681,712,112,112
msg,2,20,591,13139,712,112,112
msg,2,21,582,18612,711,112,112
msg,2,22,584,5695,710,112,112
msg,2,23,586,5726,687,112,112
msg,2,24,561,6178,711,112,112
msg,2,25,587,5683,686,112,112
msg,2,26,563,6983,708,112,112
msg,2,27,580,5738,708,112,112
msg,2,28,589,7332,710,112,112
msg,2,29,592,5993,683,112,112
msg,2,30,560,5758,708,112,112
msg,2,31,575,17696,708,112,112
msg,2,32,587,15621,714,112,112
msg,2,33,588,5556,710,112,112
msg,2,34,588,5466,706,112,112
msg,2,35,597,5445,706,112,112
msg,2,36,588,5797,686,112,112
msg,2,37,562,5631,702,112,112
msg,2,38,558,7165,684,112,112
msg,2,39,554,6737,686,112,112
msg,2,40,552,6988,711,112,112
msg,2,41,578,6016,684,112,112
msg,2,42,560,14133,710,112,112
msg,2,43,586,16183,711,112,112
msg,2,44,580,6638,710,112,112
msg,2,45,597,5455,712,112,112
msg,2,46,577,5845,687,112,112
msg,2,47,554,5498,684,112,112
msg,2,48,558,6146,709,112,112
msg,2,49,584,8840,684,112,112
msg,2,50,559,5935,709,112,112
msg,2,51,597,6843,710,112,112
msg,2,52,591,10113,708,112,112
msg,2,53,579,22969,680,112,112
msg,2,54,557,5585,688,112,112
msg,2,55,561,5638,801,112,112
msg,2,56,562,5824,708,112,112
msg,2,57,582,5526,710,112,112
msg,2,58,590,9003,702,112,112
msg,2,59,558,8428,687,112,112
msg,2,60,558,5825,714,112,112
msg,2,61,580,6547,705,112,112
msg,2,62,581,5483,709,112,112
msg,2,63,586,28922,685,112,112
msg,2,64,556,5693,685,112,112
msg,2,65,558,5690,703,112,112
msg,2,66,557,6422,707,112,112
msg,2,67,596,5679,710,112,112
msg,2,68,590,6943,684,112,112
msg,2,69,558,5598,702,112,112
msg,2,70,559,7151,708,112,112
msg,2,71,584,6160,712,112,112
msg,2,72,586,6615,707,112,112
msg,2,73,588,16308,710,112,112
msg,2,74,585,15788,711,112,112
msg,2,75,601,5444,709,112,112
msg,2,76,591,6111,706,112,112
msg,2,77,588,6269,700,112,112
msg,2,78,560,5669,706,112,112
msg,2,79,581,5744,709,112,112
msg,2,80,697,9386,711,112,112
msg,2,81,581,5777,689,112,112
msg,2,82,556,5925,704,112,112
msg,2,83,586,5481,704,112,112
msg,2,84,585,525648,716,112,112
msg,2,85,607,17423,802,112,112
msg,2,86,583,6892,680,112,112
msg,2,87,562,5676,682,112,112
msg,2,88,559,6066,711,112,112
msg,2,89,587,8911,680,112,112
msg,2,90,559,5766,707,112,112
msg,2,91,675,6485,710,112,112
msg,2,92,585,5689,705,112,112
msg,2,93,586,5884,684,112,112
msg,2,94,561,18369,684,112,112
msg,2,95,562,13072,712,112,112
msg,2,96,586,6332,704,112,112
msg,2,97,586,6145,686,112,112
msg,2,98,570,6483,776,112,112
msg,2,99,562,5730,705,112,112
msg,2,100,581,6442,700,112,112
msg,2,101,555,8418,698,112,112
msg,2,102,572,7420,687,112,112
msg,2,103,553,5569,699,112,112
msg,2,104,553,20949,707,112,112
msg,2,105,582,15646,705,112,112
msg,2,106,597,6937,705,112,112
msg,2,107,555,5894,710,112,112
msg,2,108,584,7456,709,112,112
msg,2,109,582,8484,711,112,112
msg,2,110,585,5572,708,112,112
msg,2,111,587,7186,710,112,112
msg,2,112,588,5663,711,112,112
msg,2,113,584,5817,685,112,112
msg,2,114,571,32925,705,112,112
msg,2,115,589,6117,686,112,112
msg,2,116,559,5555,682,112,112
msg,2,117,563,5618,699,112,112
msg,2,118,562,5499,700,112,112
msg,2,119,555,8434,689,112,112
msg,2,120,664,7648,704,112,112
msg,2,121,601,5878,708,112,112
msg,2,122,590,7203,711,112,112
msg,2,123,586,21108,682,112,112
msg,2,124,558,17133,708,112,112
msg,2,125,579,5503,708,112,112
msg,2,126,583,5660,686,112,112
msg,2,127,556,6248,712,112,112
msg,2,128,588,6265,706,112,112
msg,2,129,580,6324,703,112,112
msg,2,130,558,6421,704,112,112
msg,2,131,559,6488,707,112,112
msg,2,132,551,6640,702,112,112
msg,2,133,583,5395,700,112,112
msg,2,134,554,32166,688,112,112
msg,2,135,566,7841,704,112,112
msg,2,136,553,6612,705,112,112
msg,2,137,579,5424,704,112,112
msg,2,138,555,8671,712,112,112
msg,2,139,588,5534,712,112,112
msg,2,140,595,7714,804,112,112
msg,2,141,579,5899,706,112,112
msg,2,142,560,5921,712,112,112
msg,2,143,581,31363,711,112,112
msg,2,144,581,6593,708,112,112
msg,2,145,580,5394,708,112,112
msg,2,146,585,6236,709,112,112
msg,2,147,594,5561,710,112,112
msg,2,148,585,5934,688,112,112
msg,2,149,559,5448,682,112,112
msg,2,150,576,8365,706,112,112
msg,2,151,583,5599,686,112,112
msg,2,152,588,5458,703,112,112
msg,2,153,585,12975,703,112,112
msg,2,154,566,17935,710,112,112
msg,2,155,583,9049,704,112,112
msg,2,156,554,5477,789,112,112
msg,2,157,591,6185,684,112,112
msg,2,158,561,5808,709,112,112
msg,2,159,581,5459,711,112,112
msg,2,160,581,8706,710,112,112
msg,2,161,588,5894,781,112,112
msg,2,162,570,7200,704,112,112
msg,2,163,594,19070,714,112,112
msg,2,164,585,16723,709,112,112
msg,2,165,582,5469,707,112,112
msg,2,166,586,6103,702,112,112
msg,2,167,554,5476,706,112,112
msg,2,168,552,5811,708,112,112
msg,2,169,584,5547,713,112,112
msg,2,170,590,7945,684,112,112
msg,2,171,557,6577,705,112,112
msg,2,172,554,6290,688,112,112
msg,2,173,559,5465,686,112,112
msg,2,174,560,29403,707,112,112
msg,2,175,587,7129,712,112,112
msg,2,176,588,6146,707,112,112
msg,2,177,563,5745,705,112,112
msg,2,178,681,6450,711,112,112
msg,2,179,599,6056,683,112,112
msg,2,180,558,8025,713,112,112
msg,2,181,586,6797,689,112,112
msg,2,182,559,6837,708,112,112
msg,2,183,555,20808,709,112,112
msg,2,184,580,15680,703,112,112
msg,2,185,591,5925,703,112,112
msg,2,186,554,6004,704,112,112
msg,2,187,585,5560,711,112,112
msg,2,188,591,7962,701,112,112
msg,2,189,573,7151,686,112,112
msg,2,190,557,8200,709,112,112
msg,2,191,579,5682,709,112,112
msg,2,192,583,6058,714,112,112
msg,2,193,585,18980,684,112,112
msg,2,194,559,19665,687,112,112
msg,2,195,572,5884,712,112,112
msg,2,196,582,5786,707,112,112
msg,2,197,586,5972,702,112,112
msg,2,198,551,7036,709,112,112
msg,2,199,586,6088,707,112,112
whole,2,7543.264,10071.711,200
#heap 22791
#stack 19560
#end
#block pipeline mTLS lorawan11 up
#aead LoRaWAN-1.1 AES-128-CTR+2xCMAC (BearSSL (arduino-pico)), uplink, 51 B payload + 13 B overhead
#lib wolfSSL 5.9.4
iter,tcp_ms,tls_ms,mqtt_ms,total_ms,hs_tx_B,hs_rx_B,mqtt_tx_B,mqtt_rx_B,hs_writes,hs_reads,writes,reads,free_heap_B,hs_keygen_us,hs_derive_us,hs_verify_us,hs_sign_us,hs_keygen_n,hs_derive_n,hs_verify_n,hs_sign_n
msg,iter,idx,seal_us,rtt_us,open_us,tx_B,rx_B
whole,iter,first_ms,all_ms,msgs
#suite TLS13-AES256-GCM-SHA384
0,4.6960,12421.6890,133.8260,12560.2110,4735,4813,45,5336,4,14,5,20,72880,66183.0,69925.0,7195157.0,4948583.0,2,2,2,1
msg,0,0,861,5610,838,112,112
msg,0,1,721,9719,839,112,112
msg,0,2,710,7544,815,112,112
msg,0,3,685,34574,835,112,112
msg,0,4,706,8069,840,112,112
msg,0,5,714,7022,816,112,112
msg,0,6,684,7641,846,112,112
msg,0,7,712,10197,838,112,112
msg,0,8,712,15062,829,112,112
msg,0,9,706,7652,841,112,112
msg,0,10,711,36256,842,112,112
msg,0,11,708,9412,816,112,112
msg,0,12,689,6725,835,112,112
msg,0,13,708,6386,840,112,112
msg,0,14,714,6493,836,112,112
msg,0,15,689,13525,831,112,112
msg,0,16,717,9071,811,112,112
msg,0,17,682,37680,836,112,112
msg,0,18,715,7745,816,112,112
msg,0,19,683,7550,840,112,112
msg,0,20,708,9391,834,112,112
msg,0,21,718,6416,835,112,112
msg,0,22,707,11717,832,112,112
msg,0,23,685,6534,834,112,112
msg,0,24,713,6089,920,112,112
msg,0,25,711,44077,839,112,112
msg,0,26,712,6332,828,112,112
msg,0,27,709,5935,814,112,112
msg,0,28,683,6868,841,112,112
msg,0,29,702,6184,840,112,112
msg,0,30,714,6974,837,112,112
msg,0,31,723,6775,839,112,112
msg,0,32,683,8587,830,112,112
msg,0,33,713,49631,842,112,112
msg,0,34,711,6196,838,112,112
msg,0,35,712,7019,833,112,112
msg,0,36,705,12664,836,112,112
msg,0,37,681,5743,834,112,112
msg,0,38,710,6378,933,112,112
msg,0,39,714,33597,818,112,112
msg,0,40,695,5747,837,112,112
msg,0,41,719,6710,816,112,112
msg,0,42,687,9578,835,112,112
msg,0,43,714,7239,838,112,112
msg,0,44,708,7930,812,112,112
msg,0,45,677,5725,843,112,112
msg,0,46,705,5476,834,112,112
msg,0,47,708,21253,907,112,112
msg,0,48,676,16613,840,112,112
msg,0,49,715,5578,840,112,112
msg,0,50,720,5658,817,112,112
msg,0,51,681,6493,836,112,112
msg,0,52,711,6333,839,112,112
msg,0,53,704,7602,839,112,112
msg,0,54,811,13588,829,112,112
msg,0,55,712,7707,841,112,112
msg,0,56,703,37094,843,112,112
msg,0,57,724,6753,827,112,112
msg,0,58,710,7003,933,112,112
msg,0,59,683,12138,820,112,112
msg,0,60,765,7117,834,112,112
msg,0,61,711,7295,840,112,112
msg,0,62,723,5909,824,112,112
msg,0,63,679,6715,842,112,112
msg,0,64,710,31984,840,112,112
msg,0,65,720,6012,834,112,112
msg,0,66,715,6375,836,112,112
msg,0,67,719,7530,842,112,112
msg,0,68,714,8566,815,112,112
msg,0,69,678,8462,831,112,112
msg,0,70,717,6372,836,112,112
msg,0,71,709,6003,831,112,112
msg,0,72,682,21175,818,112,112
msg,0,73,691,15906,842,112,112
msg,0,74,712,6313,833,112,112
msg,0,75,711,9267,840,112,112
msg,0,76,682,5966,834,112,112
msg,0,77,709,8067,835,112,112
msg,0,78,708,15566,929,112,112
msg,0,79,685,6526,831,112,112
msg,0,80,717,19669,852,112,112
msg,0,81,712,16091,844,112,112
msg,0,82,709,5595,840,112,112
msg,0,83,680,6129,837,112,112
msg,0,84,710,7517,811,112,112
msg,0,85,695,5820,945,112,112
msg,0,86,717,6756,830,112,112
msg,0,87,710,8572,844,112,112
msg,0,88,806,6369,839,112,112
msg,0,89,684,5892,835,112,112
msg,0,90,708,15481,843,112,112
msg,0,91,708,16937,842,112,112
msg,0,92,714,9337,842,112,112
msg,0,93,711,6437,836,112,112
msg,0,94,682,6078,847,112,112
msg,0,95,708,6050,838,112,112
msg,0,96,708,5552,839,112,112
msg,0,97,684,6412,816,112,112
msg,0,98,687,6633,834,112,112
msg,0,99,707,5546,844,112,112
msg,0,100,711,30799,914,112,112
msg,0,101,711,5842,810,112,112
msg,0,102,684,7374,833,112,112
msg,0,103,716,7526,841,112,112
msg,0,104,706,5662,839,112,112
msg,0,105,686,5570,834,112,112
msg,0,106,708,9309,832,112,112
msg,0,107,710,50113,825,112,112
msg,0,108,793,6248,834,112,112
msg,0,109,708,10547,840,112,112
msg,0,110,709,6010,836,112,112
msg,0,111,715,6789,813,112,112
msg,0,112,692,6219,817,112,112
msg,0,113,696,7195,839,112,112
msg,0,114,695,5714,840,112,112
msg,0,115,711,7145,832,112,112
msg,0,116,712,31789,831,112,112
msg,0,117,682,5977,841,112,112
msg,0,118,711,5552,814,112,112
msg,0,119,683,6373,819,112,112
msg,0,120,683,5502,834,112,112
msg,0,121,709,5446,840,112,112
msg,0,122,706,11363,841,112,112
msg,0,123,720,7088,838,112,112
msg,0,124,709,7432,852,112,112
msg,0,125,714,28047,848,112,112
msg,0,126,715,6133,841,112,112
msg,0,127,726,6699,809,112,112
msg,0,128,681,6387,833,112,112
msg,0,129,713,5492,834,112,112
msg,0,130,725,6530,841,112,112
msg,0,131,716,9894,837,112,112
msg,0,132,714,6025,832,112,112
msg,0,133,711,6479,833,112,112
msg,0,134,709,36337,842,112,112
msg,0,135,714,7938,834,112,112
msg,0,136,708,5754,833,112,112
msg,0,137,686,6803,837,112,112
msg,0,138,710,7681,831,112,112
msg,0,139,688,12741,835,112,112
msg,0,140,701,5848,818,112,112
msg,0,141,682,5721,848,112,112
msg,0,142,716,35296,842,112,112
msg,0,143,710,8403,832,112,112
msg,0,144,686,7557,836,112,112
msg,0,145,705,5474,840,112,112
msg,0,146,712,7528,843,112,112
msg,0,147,705,10711,835,112,112
msg,0,148,800,6235,833,112,112
msg,0,149,717,5617,837,112,112
msg,0,150,713,32400,812,112,112
msg,0,151,678,6717,836,112,112
msg,0,152,704,7247,835,112,112
msg,0,153,712,5432,843,112,112
msg,0,154,715,5744,828,112,112
msg,0,155,716,5680,839,112,112
msg,0,156,720,7926,834,112,112
msg,0,157,708,6349,834,112,112
msg,0,158,712,6031,837,112,112
msg,0,159,711,5878,811,112,112
msg,0,160,686,12721,834,112,112
msg,0,161,715,15459,841,112,112
msg,0,162,719,5946,834,112,112
msg,0,163,729,6372,840,112,112
msg,0,164,709,6977,835,112,112
msg,0,165,713,5541,841,112,112
msg,0,166,711,5463,836,112,112
msg,0,167,675,5906,840,112,112
msg,0,168,706,8548,845,112,112
msg,0,169,691,5752,833,112,112
msg,0,170,712,18696,834,112,112
msg,0,171,685,12693,835,112,112
msg,0,172,711,6082,837,112,112
msg,0,173,723,6668,843,112,112
msg,0,174,707,5424,837,112,112
msg,0,175,682,5423,918,112,112
msg,0,176,691,6692,834,112,112
msg,0,177,706,11472,838,112,112
msg,0,178,684,5644,830,112,112
msg,0,179,710,5398,828,112,112
msg,0,180,709,18709,840,112,112
msg,0,181,682,16613,834,112,112
msg,0,182,711,6713,843,112,112
msg,0,183,711,8348,846,112,112
msg,0,184,680,5883,847,112,112
msg,0,185,710,6226,840,112,112
msg,0,186,710,12508,842,112,112
msg,0,187,684,7324,813,112,112
msg,0,188,682,8893,842,112,112
msg,0,189,710,31471,834,112,112
msg,0,190,680,7799,834,112,112
msg,0,191,713,5544,840,112,112
msg,0,192,806,5487,812,112,112
msg,0,193,682,8230,814,112,112
msg,0,194,683,6035,840,112,112
msg,0,195,710,7434,815,112,112
msg,0,196,684,6503,830,112,112
msg,0,197,713,5442,843,112,112
msg,0,198,708,14730,815,112,112
msg,0,199,679,13850,838,112,112
whole,0,12576.991,14989.780,200
1,9.3830,12423.8100,169.1940,12602.3870,4735,4813,45,5336,4,14,5,20,72880,66369.0,71404.0,7199564.0,4946593.0,2,2,2,1
msg,1,0,859,5792,830,112,112
msg,1,1,683,10023,839,112,112
msg,1,2,680,13988,1314,112,112
msg,1,3,678,6516,831,112,112
msg,1,4,709,6060,840,112,112
msg,1,5,711,30841,836,112,112
msg,1,6,681,9277,839,112,112
msg,1,7,680,5603,832,112,112
msg,1,8,710,5488,838,112,112
msg,1,9,713,7288,841,112,112
msg,1,10,719,6357,840,112,112
msg,1,11,807,5975,833,112,112
msg,1,12,719,6495,838,112,112
msg,1,13,680,6295,835,112,112
msg,1,14,681,30117,845,112,112
msg,1,15,713,7842,835,112,112
msg,1,16,724,5764,816,112,112
msg,1,17,685,5896,836,112,112
msg,1,18,703,5476,838,112,112
msg,1,19,683,7346,816,112,112
msg,1,20,687,9733,984,112,112
msg,1,21,706,5545,838,112,112
msg,1,22,683,5544,835,112,112
msg,1,23,717,18895,837,112,112
msg,1,24,681,15843,837,112,112
msg,1,25,709,7912,828,112,112
msg,1,26,720,6411,836,112,112
msg,1,27,702,6430,839,112,112
msg,1,28,705,6237,842,112,112
msg,1,29,808,6197,844,112,112
msg,1,30,708,6220,840,112,112
msg,1,31,718,6579,817,112,112
msg,1,32,676,6075,840,112,112
msg,1,33,707,30585,831,112,112
msg,1,34,701,6398,832,112,112
msg,1,35,712,5770,841,112,112
msg,1,36,681,6451,813,112,112
msg,1,37,679,5881,839,112,112
msg,1,38,710,6634,822,112,112
msg,1,39,685,11700,841,112,112
msg,1,40,713,8017,838,112,112
msg,1,41,709,6757,836,112,112
msg,1,42,686,28437,831,112,112
msg,1,43,687,6533,830,112,112
msg,1,44,719,5498,843,112,112
msg,1,45,806,5455,812,112,112
msg,1,46,684,5702,836,112,112
msg,1,47,706,6950,833,112,112
msg,1,48,714,8317,835,112,112
msg,1,49,708,6750,837,112,112
msg,1,50,712,6970,846,112,112
msg,1,51,713,19113,831,112,112
msg,1,52,706,16012,829,112,112
msg,1,53,709,5453,840,112,112
msg,1,54,706,5564,846,112,112
msg,1,55,710,5866,841,112,112
msg,1,56,712,5853,816,112,112
msg,1,57,683,5616,838,112,112
msg,1,58,711,13550,837,112,112
msg,1,59,709,5521,814,112,112
msg,1,60,694,5607,826,112,112
msg,1,61,713,30484,840,112,112
msg,1,62,706,6261,841,112,112
msg,1,63,710,6391,841,112,112
msg,1,64,679,5501,836,112,112
msg,1,65,707,5699,842,112,112
msg,1,66,718,5519,810,112,112
msg,1,67,682,5993,840,112,112
msg,1,68,707,6857,834,112,112
msg,1,69,706,5588,847,112,112
msg,1,70,712,6310,843,112,112
msg,1,71,830,30013,834,112,112
msg,1,72,711,5747,831,112,112
msg,1,73,708,5909,816,112,112
msg,1,74,685,5816,837,112,112
msg,1,75,706,5938,838,112,112
msg,1,76,723,5469,838,112,112
msg,1,77,718,5822,844,112,112
msg,1,78,818,6708,834,112,112
msg,1,79,704,5992,843,112,112
msg,1,80,708,5580,945,112,112
msg,1,81,687,30645,837,112,112
msg,1,82,722,6288,834,112,112
msg,1,83,707,5518,839,112,112
msg,1,84,704,5792,831,112,112
msg,1,85,723,6566,840,112,112
msg,1,86,708,6856,831,112,112
msg,1,87,709,10913,813,112,112
msg,1,88,687,5613,839,112,112
msg,1,89,707,5727,833,112,112
msg,1,90,686,17967,937,112,112
msg,1,91,723,13975,834,112,112
msg,1,92,718,5872,832,112,112
msg,1,93,697,6603,843,112,112
msg,1,94,707,5572,844,112,112
msg,1,95,688,5731,1336,112,112
msg,1,96,684,5766,836,112,112
msg,1,97,705,11532,845,112,112
msg,1,98,705,6451,817,112,112
msg,1,99,680,5498,832,112,112
msg,1,100,709,16357,835,112,112
msg,1,101,709,13724,829,112,112
msg,1,102,687,6719,836,112,112
msg,1,103,712,8524,842,112,112
msg,1,104,709,5860,838,112,112
msg,1,105,705,6279,830,112,112
msg,1,106,711,5591,944,112,112
msg,1,107,704,8994,840,112,112
msg,1,108,723,5976,833,112,112
msg,1,109,712,5861,820,112,112
msg,1,110,685,8473,825,112,112
msg,1,111,711,37602,835,112,112
msg,1,112,718,8196,841,112,112
msg,1,113,707,5912,833,112,112
msg,1,114,711,5521,836,112,112
msg,1,115,708,7506,833,112,112
msg,1,116,706,5692,834,112,112
msg,1,117,712,6925,809,112,112
msg,1,118,682,34329,818,112,112
msg,1,119,685,6748,842,112,112
msg,1,120,708,9506,833,112,112
msg,1,121,681,5770,831,112,112
msg,1,122,710,7942,816,112,112
msg,1,123,684,6331,832,112,112
msg,1,124,723,8055,820,112,112
msg,1,125,689,6859,843,112,112
msg,1,126,714,6796,831,112,112
msg,1,127,703,28501,838,112,112
msg,1,128,710,6071,829,112,112
msg,1,129,717,6584,848,112,112
msg,1,130,716,5791,840,112,112
msg,1,131,707,5587,833,112,112
msg,1,132,715,5966,835,112,112
msg,1,133,714,8335,837,112,112
msg,1,134,708,7186,837,112,112
msg,1,135,710,6396,842,112,112
msg,1,136,708,34450,840,112,112
msg,1,137,685,6259,843,112,112
msg,1,138,681,5614,835,112,112
msg,1,139,714,6491,849,112,112
msg,1,140,713,5653,813,112,112
msg,1,141,688,6137,940,112,112
msg,1,142,680,5728,841,112,112
msg,1,143,714,6153,836,112,112
msg,1,144,710,5419,844,112,112
msg,1,145,714,5897,833,112,112
msg,1,146,711,31042,833,112,112
msg,1,147,681,5645,841,112,112
msg,1,148,713,5586,841,112,112
msg,1,149,687,6189,839,112,112
msg,1,150,687,8350,815,112,112
msg,1,151,683,5695,833,112,112
msg,1,152,712,7607,968,112,112
msg,1,153,678,6125,838,112,112
msg,1,154,709,6010,840,112,112
msg,1,155,715,19941,835,112,112
msg,1,156,711,15110,836,112,112
msg,1,157,714,5736,834,112,112
msg,1,158,708,6811,833,112,112
msg,1,159,716,5577,833,112,112
msg,1,160,707,5698,835,112,112
msg,1,161,708,6129,814,112,112
msg,1,162,698,9639,839,112,112
msg,1,163,710,5632,835,112,112
msg,1,164,680,5892,837,112,112
msg,1,165,713,32958,835,112,112
msg,1,166,714,6183,835,112,112
msg,1,167,708,6154,827,112,112
msg,1,168,709,5561,842,112,112
msg,1,169,708,5619,837,112,112
msg,1,170,689,6312,810,112,112
msg,1,171,677,7765,835,112,112
msg,1,172,708,5630,844,112,112
msg,1,173,684,5746,836,112,112
msg,1,174,711,6340,840,112,112
msg,1,175,709,31985,895,112,112
msg,1,176,707,8054,825,112,112
msg,1,177,715,6485,835,112,112
msg,1,178,714,5641,840,112,112
msg,1,179,686,7357,816,112,112
msg,1,180,680,5986,852,112,112
msg,1,181,706,6503,811,112,112
msg,1,182,683,6466,928,112,112
msg,1,183,709,5544,848,112,112
msg,1,184,714,34024,837,112,112
msg,1,185,707,5495,847,112,112
msg,1,186,712,6337,837,112,112
msg,1,187,681,5550,838,112,112
msg,1,188,806,5562,838,112,112
msg,1,189,714,5788,829,112,112
msg,1,190,711,9905,837,112,112
msg,1,191,680,7065,836,112,112
msg,1,192,710,5555,814,112,112
msg,1,193,684,34818,842,112,112
msg,1,194,709,7491,837,112,112
msg,1,195,681,6226,836,112,112
msg,1,196,682,6010,844,112,112
msg,1,197,713,9170,841,112,112
msg,1,198,714,11129,835,112,112
msg,1,199,714,5655,815,112,112
whole,1,12616.483,14798.774,200
2,19.6120,12438.1710,86.1150,12543.8980,4735,4813,45,5336,4,14,5,20,72880,66433.0,70231.0,7196478.0,4949007.0,2,2,2,1
msg,2,0,862,6086,845,112,112
msg,2,1,714,8879,834,112,112
msg,2,2,679,10076,814,112,112
msg,2,3,690,5607,836,112,112
msg,2,4,711,6362,843,112,112
msg,2,5,710,8069,833,112,112
msg,2,6,710,25131,835,112,112
msg,2,7,721,5565,840,112,112
msg,2,8,722,6799,833,112,112
msg,2,9,810,6701,840,112,112
msg,2,10,707,9374,838,112,112
msg,2,11,778,9092,835,112,112
msg,2,12,709,7387,813,112,112
msg,2,13,682,6115,837,112,112
msg,2,14,687,17625,834,112,112
msg,2,15,708,21470,838,112,112
msg,2,16,711,8134,829,112,112
msg,2,17,714,13026,835,112,112
msg,2,18,711,6680,839,112,112
msg,2,19,722,11161,842,112,112
msg,2,20,712,6443,827,112,112
msg,2,21,685,7266,836,112,112
msg,2,22,680,33510,830,112,112
msg,2,23,1301,7706,837,112,112
msg,2,24,711,6105,814,112,112
msg,2,25,678,5971,838,112,112
msg,2,26,699,7004,837,112,112
msg,2,27,712,5528,837,112,112
msg,2,28,678,7130,840,112,112
msg,2,29,724,6692,833,112,112
msg,2,30,705,5792,838,112,112
msg,2,31,706,34086,840,112,112
msg,2,32,709,7459,931,112,112
msg,2,33,687,6099,836,112,112
msg,2,34,677,5620,836,112,112
msg,2,35,706,8249,835,112,112
msg,2,36,713,5456,840,112,112
msg,2,37,712,7116,833,112,112
msg,2,38,713,5681,839,112,112
msg,2,39,684,5800,836,112,112
msg,2,40,719,33414,839,112,112
msg,2,41,710,5550,818,112,112
msg,2,42,681,5450,836,112,112
msg,2,43,685,5747,843,112,112
msg,2,44,712,6242,839,112,112
msg,2,45,713,5806,831,112,112
msg,2,46,730,9719,840,112,112
msg,2,47,711,6402,818,112,112
msg,2,48,687,6134,840,112,112
msg,2,49,712,32427,810,112,112
msg,2,50,680,6102,919,112,112
msg,2,51,679,9751,844,112,112
msg,2,52,713,9033,832,112,112
msg,2,53,708,7023,808,112,112
msg,2,54,681,5756,837,112,112
msg,2,55,707,7761,825,112,112
msg,2,56,683,6199,811,112,112
msg,2,57,686,5927,841,112,112
msg,2,58,709,12528,814,112,112
msg,2,59,689,16745,842,112,112
msg,2,60,705,5788,811,112,112
msg,2,61,681,6147,815,112,112
msg,2,62,681,6033,844,112,112
msg,2,63,689,5777,836,112,112
msg,2,64,712,6149,831,112,112
msg,2,65,713,6377,837,112,112
msg,2,66,712,5843,831,112,112
msg,2,67,683,6842,935,112,112
msg,2,68,710,19066,831,112,112
msg,2,69,717,16150,846,112,112
msg,2,70,710,5444,839,112,112
msg,2,71,685,5901,835,112,112
msg,2,72,708,5673,818,112,112
msg,2,73,676,5955,846,112,112
msg,2,74,705,5701,829,112,112
msg,2,75,712,10496,837,112,112
msg,2,76,706,7207,833,112,112
msg,2,77,705,5675,842,112,112
msg,2,78,686,31613,838,112,112
msg,2,79,803,5896,814,112,112
msg,2,80,686,6383,834,112,112
msg,2,81,684,5661,837,112,112
msg,2,82,703,5946,833,112,112
msg,2,83,714,5406,835,112,112
msg,2,84,708,5610,840,112,112
msg,2,85,684,6024,836,112,112
msg,2,86,702,5463,942,112,112
msg,2,87,694,5523,836,112,112
msg,2,88,706,17704,837,112,112
msg,2,89,703,15207,842,112,112
msg,2,90,711,5570,814,112,112
msg,2,91,678,5987,841,112,112
msg,2,92,707,6313,841,112,112
msg,2,93,683,5885,841,112,112
msg,2,94,713,7340,838,112,112
msg,2,95,723,9222,839,112,112
msg,2,96,709,5871,829,112,112
msg,2,97,715,5632,837,112,112
msg,2,98,705,17380,836,112,112
msg,2,99,681,16593,840,112,112
msg,2,100,711,7603,834,112,112
msg,2,101,701,6264,845,112,112
msg,2,102,707,6168,838,112,112
msg,2,103,710,7075,837,112,112
msg,2,104,721,5777,816,112,112
msg,2,105,691,6384,830,112,112
msg,2,106,727,6633,839,112,112
msg,2,107,709,6480,838,112,112
msg,2,108,684,29656,837,112,112
msg,2,109,710,5606,841,112,112
msg,2,110,713,7008,840,112,112
msg,2,111,701,5581,842,112,112
msg,2,112,709,6078,842,112,112
msg,2,113,710,7440,837,112,112
msg,2,114,689,10766,842,112,112
msg,2,115,809,5508,840,112,112
msg,2,116,683,5577,830,112,112
msg,2,117,712,16701,846,112,112
msg,2,118,708,16950,833,112,112
msg,2,119,709,5547,840,112,112
msg,2,120,714,6201,837,112,112
msg,2,121,710,5453,817,112,112
msg,2,122,687,595952,1587,112,112
msg,2,123,717,7720,836,112,112
msg,2,124,681,5954,833,112,112
msg,2,125,711,6009,836,112,112
msg,2,126,716,5717,838,112,112
msg,2,127,679,8711,838,112,112
msg,2,128,709,6114,835,112,112
msg,2,129,713,5708,843,112,112
msg,2,130,720,8167,840,112,112
msg,2,131,709,22438,841,112,112
msg,2,132,685,5687,835,112,112
msg,2,133,710,8165,831,112,112
msg,2,134,706,5821,842,112,112
msg,2,135,679,5589,834,112,112
msg,2,136,707,6510,837,112,112
msg,2,137,720,10193,834,112,112
msg,2,138,822,6299,846,112,112
msg,2,139,703,5834,836,112,112
msg,2,140,710,8173,832,112,112
msg,2,141,712,24779,838,112,112
msg,2,142,720,5602,828,112,112
msg,2,143,715,6062,813,112,112
msg,2,144,686,5489,833,112,112
msg,2,145,705,5715,944,112,112
msg,2,146,682,5712,832,112,112
msg,2,147,707,6998,815,112,112
msg,2,148,681,5873,842,112,112
msg,2,149,706,5491,815,112,112
msg,2,150,689,5991,843,112,112
msg,2,151,808,31000,839,112,112
msg,2,152,713,8771,835,112,112
msg,2,153,678,8906,839,112,112
msg,2,154,722,6240,842,112,112
msg,2,155,692,5615,831,112,112
msg,2,156,718,6658,837,112,112
msg,2,157,718,5957,833,112,112
msg,2,158,711,5520,851,112,112
msg,2,159,713,5491,813,112,112
msg,2,160,683,33594,835,112,112
msg,2,161,709,5452,836,112,112
msg,2,162,721,6082,836,112,112
msg,2,163,711,5481,846,112,112
msg,2,164,714,5623,834,112,112
msg,2,165,687,5830,839,112,112
msg,2,166,718,10181,840,112,112
msg,2,167,721,7146,839,112,112
msg,2,168,720,5662,814,112,112
msg,2,169,685,45561,834,112,112
msg,2,170,706,7688,842,112,112
msg,2,171,718,6222,838,112,112
msg,2,172,679,5675,933,112,112
msg,2,173,714,6796,811,112,112
msg,2,174,680,6644,834,112,112
msg,2,175,716,5568,841,112,112
msg,2,176,711,7355,841,112,112
msg,2,177,707,31254,842,112,112
msg,2,178,684,7729,835,112,112
msg,2,179,709,6419,843,112,112
msg,2,180,815,5568,813,112,112
msg,2,181,690,8129,840,112,112
msg,2,182,681,12109,836,112,112
msg,2,183,713,5623,832,112,112
msg,2,184,716,5470,834,112,112
msg,2,185,703,17524,843,112,112
msg,2,186,705,14325,838,112,112
msg,2,187,812,5753,836,112,112
msg,2,188,714,6801,813,112,112
msg,2,189,694,6127,840,112,112
msg,2,190,685,5663,833,112,112
msg,2,191,709,6682,840,112,112
msg,2,192,806,7520,838,112,112
msg,2,193,710,7634,837,112,112
msg,2,194,714,5877,834,112,112
msg,2,195,711,18086,829,112,112
msg,2,196,679,16251,825,112,112
msg,2,197,686,5992,837,112,112
msg,2,198,683,5987,949,112,112
msg,2,199,719,5967,840,112,112
whole,2,12559.559,15320.063,200
#heap 26551
#stack 95672
#end
#block pipeline mTLS lorawan11 down
#aead LoRaWAN-1.1 AES-128-CTR+2xCMAC (BearSSL (arduino-pico)), downlink, 51 B payload + 13 B overhead
#lib wolfSSL 5.9.4
iter,tcp_ms,tls_ms,mqtt_ms,total_ms,hs_tx_B,hs_rx_B,mqtt_tx_B,mqtt_rx_B,hs_writes,hs_reads,writes,reads,free_heap_B,hs_keygen_us,hs_derive_us,hs_verify_us,hs_sign_us,hs_keygen_n,hs_derive_n,hs_verify_n,hs_sign_n
msg,iter,idx,seal_us,rtt_us,open_us,tx_B,rx_B
whole,iter,first_ms,all_ms,msgs
#suite TLS13-AES256-GCM-SHA384
0,35.4030,12412.6200,95.6360,12543.6590,4735,4813,45,5336,4,14,5,20,72880,66123.0,70113.0,7201671.0,4948832.0,2,2,2,1
msg,0,0,601,5682,552,112,112
msg,0,1,451,5865,550,112,112
msg,0,2,425,5758,552,112,112
msg,0,3,425,6874,550,112,112
msg,0,4,434,8158,574,112,112
msg,0,5,454,5896,575,112,112
msg,0,6,451,7306,574,112,112
msg,0,7,421,8781,566,112,112
msg,0,8,424,8058,578,112,112
msg,0,9,455,30931,555,112,112
msg,0,10,445,6272,566,112,112
msg,0,11,419,5560,546,112,112
msg,0,12,425,6315,576,112,112
msg,0,13,455,6265,552,112,112
msg,0,14,425,6521,546,112,112
msg,0,15,451,8040,543,112,112
msg,0,16,421,6112,581,112,112
msg,0,17,553,5818,575,112,112
msg,0,18,469,6442,570,112,112
msg,0,19,422,33342,551,112,112
msg,0,20,425,8438,575,112,112
msg,0,21,465,6354,575,112,112
msg,0,22,435,6177,573,112,112
msg,0,23,451,8621,578,112,112
msg,0,24,463,5585,576,112,112
msg,0,25,422,7882,576,112,112
msg,0,26,455,6479,576,112,112
msg,0,27,422,5625,565,112,112
msg,0,28,428,36260,574,112,112
msg,0,29,452,7060,634,112,112
msg,0,30,421,6848,559,112,112
msg,0,31,421,7949,579,112,112
msg,0,32,419,6528,555,112,112
msg,0,33,421,5719,552,112,112
msg,0,34,430,7328,569,112,112
msg,0,35,447,6072,550,112,112
msg,0,36,427,6157,576,112,112
msg,0,37,417,32556,550,112,112
msg,0,38,429,7322,569,112,112
msg,0,39,456,6336,570,112,112
msg,0,40,425,6965,578,112,112
msg,0,41,423,6218,548,112,112
msg,0,42,464,6285,573,112,112
msg,0,43,422,9300,549,112,112
msg,0,44,531,5469,547,112,112
msg,0,45,453,5573,577,112,112
msg,0,46,456,5501,671,112,112
msg,0,47,422,33880,580,112,112
msg,0,48,449,5669,572,112,112
msg,0,49,448,5889,668,112,112
msg,0,50,450,9948,551,112,112
msg,0,51,420,7927,548,112,112
msg,0,52,425,6077,573,112,112
msg,0,53,424,8118,573,112,112
msg,0,54,450,5720,575,112,112
msg,0,55,456,6493,585,112,112
msg,0,56,452,31540,577,112,112
msg,0,57,426,6179,574,112,112
msg,0,58,455,6097,547,112,112
msg,0,59,427,5567,550,112,112
msg,0,60,447,6097,550,112,112
msg,0,61,424,8149,573,112,112
msg,0,62,444,5512,577,112,112
msg,0,63,426,7383,548,112,112
msg,0,64,423,6097,573,112,112
msg,0,65,426,6058,574,112,112
msg,0,66,453,32681,576,112,112
msg,0,67,457,5985,549,112,112
msg,0,68,451,7278,574,112,112
msg,0,69,420,5829,738,112,112
msg,0,70,450,6134,549,112,112
msg,0,71,428,9973,551,112,112
msg,0,72,426,9758,550,112,112
msg,0,73,423,5895,575,112,112
msg,0,74,420,7546,552,112,112
msg,0,75,428,8567,552,112,112
msg,0,76,453,22794,551,112,112
msg,0,77,435,6124,578,112,112
msg,0,78,425,7396,553,112,112
msg,0,79,424,6280,576,112,112
msg,0,80,423,5910,577,112,112
msg,0,81,454,6042,548,112,112
msg,0,82,450,9997,553,112,112
msg,0,83,426,8801,570,112,112
msg,0,84,523,5793,580,112,112
msg,0,85,416,10141,575,112,112
msg,0,86,467,22554,579,112,112
msg,0,87,447,9386,549,112,112
msg,0,88,424,5723,547,112,112
msg,0,89,587,5733,569,112,112
msg,0,90,427,5863,578,112,112
msg,0,91,422,6451,549,112,112
msg,0,92,419,5674,547,112,112
msg,0,93,453,6683,550,112,112
msg,0,94,446,5808,550,112,112
msg,0,95,452,5995,552,112,112
msg,0,96,425,32049,581,112,112
msg,0,97,432,7549,551,112,112
msg,0,98,424,7085,577,112,112
msg,0,99,426,5773,580,112,112
msg,0,100,416,6106,548,112,112
msg,0,101,456,6131,545,112,112
msg,0,102,433,6307,569,112,112
msg,0,103,448,7404,584,112,112
msg,0,104,420,6310,549,112,112
msg,0,105,424,5617,550,112,112
msg,0,106,452,16081,546,112,112
msg,0,107,423,14495,552,112,112
msg,0,108,450,7286,578,112,112
msg,0,109,418,6233,547,112,112
msg,0,110,456,6907,552,112,112
msg,0,111,431,5808,550,112,112
msg,0,112,420,9092,572,112,112
msg,0,113,420,10473,653,112,112
msg,0,114,421,5929,569,112,112
msg,0,115,424,5995,575,112,112
msg,0,116,446,18272,547,112,112
msg,0,117,424,17045,573,112,112
msg,0,118,422,5716,569,112,112
msg,0,119,592,5779,572,112,112
msg,0,120,424,5547,570,112,112
msg,0,121,421,6385,549,112,112
msg,0,122,457,12631,571,112,112
msg,0,123,445,6343,569,112,112
msg,0,124,423,7019,580,112,112
msg,0,125,453,6871,572,112,112
msg,0,126,457,31085,552,112,112
msg,0,127,428,7917,552,112,112
msg,0,128,433,7446,553,112,112
msg,0,129,447,6645,571,112,112
msg,0,130,445,7561,574,112,112
msg,0,131,421,6020,574,112,112
msg,0,132,448,10454,576,112,112
msg,0,133,420,6136,549,112,112
msg,0,134,447,6551,666,112,112
msg,0,135,451,32341,578,112,112
msg,0,136,417,7220,578,112,112
msg,0,137,446,6863,547,112,112
msg,0,138,452,6912,550,112,112
msg,0,139,423,5900,554,112,112
msg,0,140,421,6536,547,112,112
msg,0,141,455,11825,553,112,112
msg,0,142,427,6995,555,112,112
msg,0,143,424,6517,549,112,112
msg,0,144,431,32137,577,112,112
msg,0,145,424,6676,567,112,112
msg,0,146,423,7253,574,112,112
msg,0,147,451,7870,552,112,112
msg,0,148,456,5953,553,112,112
msg,0,149,425,6784,549,112,112
msg,0,150,423,12668,550,112,112
msg,0,151,425,6026,563,112,112
msg,0,152,425,5827,577,112,112
msg,0,153,423,31838,578,112,112
msg,0,154,435,7684,578,112,112
msg,0,155,421,8628,552,112,112
msg,0,156,431,8584,547,112,112
msg,0,157,422,11653,646,112,112
msg,0,158,448,9700,552,112,112
msg,0,159,450,7401,576,112,112
msg,0,160,455,6267,548,112,112
msg,0,161,426,17733,548,112,112
msg,0,162,429,15979,569,112,112
msg,0,163,422,6167,574,112,112
msg,0,164,446,6780,571,112,112
msg,0,165,455,5749,573,112,112
msg,0,166,451,5547,577,112,112
msg,0,167,455,7815,571,112,112
msg,0,168,453,11437,576,112,112
msg,0,169,422,7764,580,112,112
msg,0,170,422,5827,575,112,112
msg,0,171,434,31482,555,112,112
msg,0,172,426,6690,550,112,112
msg,0,173,424,6220,579,112,112
msg,0,174,421,5911,583,112,112
msg,0,175,443,6201,552,112,112
msg,0,176,435,6334,577,112,112
msg,0,177,450,6394,575,112,112
msg,0,178,423,11767,571,112,112
msg,0,179,423,5972,576,112,112
msg,0,180,432,5519,569,112,112
msg,0,181,418,32248,571,112,112
msg,0,182,449,8170,549,112,112
msg,0,183,425,5764,551,112,112
msg,0,184,427,5674,546,112,112
msg,0,185,423,5911,550,112,112
msg,0,186,427,6033,575,112,112
msg,0,187,423,9306,549,112,112
msg,0,188,424,5719,548,112,112
msg,0,189,418,5823,554,112,112
msg,0,190,423,6241,577,112,112
msg,0,191,448,27346,548,112,112
msg,0,192,425,7261,570,112,112
msg,0,193,461,6034,550,112,112
msg,0,194,451,6161,570,112,112
msg,0,195,502,6051,552,112,112
msg,0,196,430,5537,551,112,112
msg,0,197,452,5748,551,112,112
msg,0,198,455,7590,568,112,112
msg,0,199,448,5796,579,112,112
whole,0,12637.909,14741.158,200
1,33.4160,12414.7150,94.9470,12543.0780,4735,4813,45,5336,4,14,5,20,72880,66087.0,70241.0,7195289.0,4949901.0,2,2,2,1
msg,1,0,570,6684,553,112,112
msg,1,1,424,7918,551,112,112
msg,1,2,422,5454,550,112,112
msg,1,3,451,7948,551,112,112
msg,1,4,427,5736,551,112,112
msg,1,5,424,6689,549,112,112
msg,1,6,419,31980,547,112,112
msg,1,7,418,7028,579,112,112
msg,1,8,422,7373,547,112,112
msg,1,9,424,6417,574,112,112
msg,1,10,448,7225,548,112,112
msg,1,11,525,7619,550,112,112
msg,1,12,426,10553,647,112,112
msg,1,13,428,5835,551,112,112
msg,1,14,430,6155,577,112,112
msg,1,15,417,16601,571,112,112
msg,1,16,420,17081,579,112,112
msg,1,17,453,6448,574,112,112
msg,1,18,428,6255,579,112,112
msg,1,19,458,8321,574,112,112
msg,1,20,415,8324,549,112,112
msg,1,21,448,5968,550,112,112
msg,1,22,426,8226,576,112,112
msg,1,23,447,6014,547,112,112
msg,1,24,448,5560,578,112,112
msg,1,25,444,8749,578,112,112
msg,1,26,453,26767,576,112,112
msg,1,27,448,6277,550,112,112
msg,1,28,424,5957,578,112,112
msg,1,29,424,6065,579,112,112
msg,1,30,452,5786,576,112,112
msg,1,31,451,6036,546,112,112
msg,1,32,423,5670,550,112,112
msg,1,33,443,6500,571,112,112
msg,1,34,457,5749,581,112,112
msg,1,35,451,7257,549,112,112
msg,1,36,423,33956,579,112,112
msg,1,37,423,6340,550,112,112
msg,1,38,457,6304,579,112,112
msg,1,39,424,7791,582,112,112
msg,1,40,423,6913,577,112,112
msg,1,41,449,5777,576,112,112
msg,1,42,458,9398,574,112,112
msg,1,43,419,5808,578,112,112
msg,1,44,436,6660,574,112,112
msg,1,45,423,16813,581,112,112
msg,1,46,606,14539,571,112,112
msg,1,47,427,5959,572,112,112
msg,1,48,452,7320,551,112,112
msg,1,49,429,5511,547,112,112
msg,1,50,449,6244,571,112,112
msg,1,51,411,10077,580,112,112
msg,1,52,459,7030,547,112,112
msg,1,53,449,6994,547,112,112
msg,1,54,429,7878,560,112,112
msg,1,55,422,8802,570,112,112
msg,1,56,420,8388,550,112,112
msg,1,57,454,16766,647,112,112
msg,1,58,425,6550,577,112,112
msg,1,59,454,6941,555,112,112
msg,1,60,421,10600,551,112,112
msg,1,61,449,9733,570,112,112
msg,1,62,454,10286,569,112,112
msg,1,63,426,7624,554,112,112
msg,1,64,516,6413,560,112,112
msg,1,65,455,34185,575,112,112
msg,1,66,420,8230,551,112,112
msg,1,67,452,5717,670,112,112
msg,1,68,458,6305,569,112,112
msg,1,69,423,5636,568,112,112
msg,1,70,424,6328,550,112,112
msg,1,71,451,10603,576,112,112
msg,1,72,465,5945,549,112,112
msg,1,73,449,5640,575,112,112
msg,1,74,450,33180,550,112,112
msg,1,75,423,8339,574,112,112
msg,1,76,450,6559,579,112,112
msg,1,77,453,5610,580,112,112
msg,1,78,425,6577,563,112,112
msg,1,79,424,5701,552,112,112
msg,1,80,430,5618,549,112,112
msg,1,81,577,7705,550,112,112
msg,1,82,429,5553,551,112,112
msg,1,83,456,6293,579,112,112
msg,1,84,415,34289,546,112,112
msg,1,85,471,5688,552,112,112
msg,1,86,453,7474,576,112,112
msg,1,87,450,5680,573,112,112
msg,1,88,444,6020,551,112,112
msg,1,89,449,8724,572,112,112
msg,1,90,453,13132,546,112,112
msg,1,91,425,5642,552,112,112
msg,1,92,426,5948,548,112,112
msg,1,93,517,14752,568,112,112
msg,1,94,419,16762,569,112,112
msg,1,95,420,5797,569,112,112
msg,1,96,423,6948,581,112,112
msg,1,97,424,5546,564,112,112
msg,1,98,424,5384,552,112,112
msg,1,99,456,5845,548,112,112
msg,1,100,454,5854,552,112,112
msg,1,101,428,7021,569,112,112
msg,1,102,417,6646,550,112,112
msg,1,103,420,5996,576,112,112
msg,1,104,423,17241,554,112,112
msg,1,105,451,16411,574,112,112
msg,1,106,423,5847,579,112,112
msg,1,107,454,5923,549,112,112
msg,1,108,451,6563,573,112,112
msg,1,109,449,5705,571,112,112
msg,1,110,453,6013,551,112,112
msg,1,111,449,6003,548,112,112
msg,1,112,424,7275,574,112,112
msg,1,113,470,6388,580,112,112
msg,1,114,429,8658,554,112,112
msg,1,115,420,31822,568,112,112
msg,1,116,422,6841,580,112,112
msg,1,117,422,8532,548,112,112
msg,1,118,430,6777,549,112,112
msg,1,119,426,10216,571,112,112
msg,1,120,446,10545,570,112,112
msg,1,121,433,5646,545,112,112
msg,1,122,427,6376,554,112,112
msg,1,123,594,19360,682,112,112
msg,1,124,458,15461,574,112,112
msg,1,125,414,5818,572,112,112
msg,1,126,422,6246,550,112,112
msg,1,127,449,6895,550,112,112
msg,1,128,428,5943,568,112,112
msg,1,129,426,7788,575,112,112
msg,1,130,420,10286,546,112,112
msg,1,131,452,6240,573,112,112
msg,1,132,422,5894,576,112,112
msg,1,133,419,33805,579,112,112
msg,1,134,423,6723,578,112,112
msg,1,135,423,6011,576,112,112
msg,1,136,448,7021,547,112,112
msg,1,137,448,6999,551,112,112
msg,1,138,436,7007,576,112,112
msg,1,139,421,10864,582,112,112
msg,1,140,432,7221,546,112,112
msg,1,141,422,7844,550,112,112
msg,1,142,423,35788,551,112,112
msg,1,143,425,6965,568,112,112
msg,1,144,419,6697,550,112,112
msg,1,145,428,6266,572,112,112
msg,1,146,450,8518,580,112,112
msg,1,147,426,6856,574,112,112
msg,1,148,451,6468,566,112,112
msg,1,149,425,8690,547,112,112
msg,1,150,422,7956,574,112,112
msg,1,151,435,30224,553,112,112
msg,1,152,450,6130,552,112,112
msg,1,153,425,5638,547,112,112
msg,1,154,430,6193,579,112,112
msg,1,155,421,6563,567,112,112
msg,1,156,433,6645,548,112,112
msg,1,157,426,6715,554,112,112
msg,1,158,427,6059,575,112,112
msg,1,159,422,5615,552,112,112
msg,1,160,418,5845,569,112,112
msg,1,161,423,31876,575,112,112
msg,1,162,425,7127,572,112,112
msg,1,163,455,6632,677,112,112
msg,1,164,454,7000,546,112,112
msg,1,165,432,6285,580,112,112
msg,1,166,424,5726,576,112,112
msg,1,167,420,5853,580,112,112
msg,1,168,452,6618,577,112,112
msg,1,169,416,5764,577,112,112
msg,1,170,426,5721,574,112,112
msg,1,171,417,32740,574,112,112
msg,1,172,422,8312,552,112,112
msg,1,173,450,6504,577,112,112
msg,1,174,459,5636,574,112,112
msg,1,175,428,5932,574,112,112
msg,1,176,447,5925,553,112,112
msg,1,177,450,5883,551,112,112
msg,1,178,422,7920,553,112,112
msg,1,179,429,5805,549,112,112
msg,1,180,421,6461,552,112,112
msg,1,181,450,31728,552,112,112
msg,1,182,452,5646,670,112,112
msg,1,183,446,5837,548,112,112
msg,1,184,453,6110,568,112,112
msg,1,185,425,5929,574,112,112
msg,1,186,426,8643,572,112,112
msg,1,187,423,13194,573,112,112
msg,1,188,458,5714,576,112,112
msg,1,189,448,5740,578,112,112
msg,1,190,454,8716,576,112,112
msg,1,191,441,24686,583,112,112
msg,1,192,448,6450,571,112,112
msg,1,193,418,6055,580,112,112
msg,1,194,449,6493,565,112,112
msg,1,195,426,6078,575,112,112
msg,1,196,455,6175,548,112,112
msg,1,197,421,5965,569,112,112
msg,1,198,423,7843,570,112,112
msg,1,199,424,5845,582,112,112
whole,1,12557.399,14638.128,200
2,31.8940,17346.4440,78.3670,17456.7050,4735,4813,45,5336,4,14,5,20,72880,66296.0,70038.0,7196628.0,9882521.0,2,2,2,1
msg,2,0,571,5697,579,112,112
msg,2,1,419,7417,550,112,112
msg,2,2,425,7287,579,112,112
msg,2,3,456,8613,571,112,112
msg,2,4,428,7030,572,112,112
msg,2,5,452,5574,574,112,112
msg,2,6,416,31493,551,112,112
msg,2,7,423,6659,552,112,112
msg,2,8,419,7473,552,112,112
msg,2,9,442,6974,551,112,112
msg,2,10,419,6720,558,112,112
msg,2,11,423,7567,580,112,112
msg,2,12,451,11452,585,112,112
msg,2,13,470,6575,573,112,112
msg,2,14,425,6014,579,112,112
msg,2,15,460,33066,552,112,112
msg,2,16,426,7500,570,112,112
msg,2,17,450,10929,554,112,112
msg,2,18,450,6135,573,112,112
msg,2,19,426,6499,552,112,112
msg,2,20,423,10979,549,112,112
msg,2,21,424,6134,573,112,112
msg,2,22,442,6305,551,112,112
msg,2,23,429,6755,549,112,112
msg,2,24,430,29906,568,112,112
msg,2,25,426,5853,575,112,112
msg,2,26,427,6330,553,112,112
msg,2,27,450,6109,568,112,112
msg,2,28,420,5975,576,112,112
msg,2,29,417,5975,571,112,112
msg,2,30,456,6073,550,112,112
msg,2,31,426,8236,576,112,112
msg,2,32,417,6473,553,112,112
msg,2,33,426,7294,578,112,112
msg,2,34,445,31405,579,112,112
msg,2,35,416,6210,551,112,112
msg,2,36,459,6808,553,112,112
msg,2,37,454,8082,554,112,112
msg,2,38,579,5523,548,112,112
msg,2,39,424,6678,552,112,112
msg,2,40,433,11649,549,112,112
msg,2,41,454,7179,569,112,112
msg,2,42,421,6960,573,112,112
msg,2,43,417,31440,551,112,112
msg,2,44,419,5866,568,112,112
msg,2,45,424,6143,575,112,112
msg,2,46,455,5567,576,112,112
msg,2,47,420,6190,550,112,112
msg,2,48,450,5870,545,112,112
msg,2,49,456,5702,548,112,112
msg,2,50,551,7285,578,112,112
msg,2,51,448,5527,569,112,112
msg,2,52,425,7670,548,112,112
msg,2,53,428,8053,585,112,112
msg,2,54,422,25235,549,112,112
msg,2,55,515,5859,546,112,112
msg,2,56,425,5817,552,112,112
msg,2,57,505,5643,574,112,112
msg,2,58,452,5742,577,112,112
msg,2,59,453,5503,577,112,112
msg,2,60,430,5795,575,112,112
msg,2,61,418,7457,547,112,112
msg,2,62,425,5800,552,112,112
msg,2,63,426,6526,550,112,112
msg,2,64,456,31286,576,112,112
msg,2,65,419,6176,552,112,112
msg,2,66,457,5736,550,112,112
msg,2,67,463,5562,568,112,112
msg,2,68,462,8653,572,112,112
msg,2,69,453,6034,550,112,112
msg,2,70,430,5936,551,112,112
msg,2,71,427,6564,552,112,112
msg,2,72,423,5659,550,112,112
msg,2,73,451,6090,550,112,112
msg,2,74,424,8383,549,112,112
msg,2,75,450,23224,572,112,112
msg,2,76,421,5940,575,112,112
msg,2,77,420,5653,569,112,112
msg,2,78,420,7321,551,112,112
msg,2,79,463,5833,549,112,112
msg,2,80,448,8177,579,112,112
msg,2,81,432,5861,576,112,112
msg,2,82,455,7802,575,112,112
msg,2,83,451,5704,578,112,112
msg,2,84,457,6878,576,112,112
msg,2,85,463,30625,581,112,112
msg,2,86,453,6027,554,112,112
msg,2,87,451,6001,547,112,112
msg,2,88,423,6484,546,112,112
msg,2,89,458,6904,550,112,112
msg,2,90,431,6879,551,112,112
msg,2,91,428,5998,576,112,112
msg,2,92,428,6461,550,112,112
msg,2,93,425,7103,572,112,112
msg,2,94,421,6001,572,112,112
msg,2,95,450,17414,564,112,112
msg,2,96,424,18241,574,112,112
msg,2,97,446,8012,549,112,112
msg,2,98,441,5666,552,112,112
msg,2,99,426,7755,547,112,112
msg,2,100,423,7517,572,112,112
msg,2,101,446,10116,549,112,112
msg,2,102,420,6678,546,112,112
msg,2,103,424,5773,551,112,112
msg,2,104,426,7325,581,112,112
msg,2,105,544,29706,574,112,112
msg,2,106,446,5971,559,112,112
msg,2,107,457,9537,570,112,112
msg,2,108,453,6087,553,112,112
msg,2,109,428,6364,574,112,112
msg,2,110,455,7186,548,112,112
msg,2,111,425,9136,577,112,112
msg,2,112,421,5832,578,112,112
msg,2,113,424,8206,549,112,112
msg,2,114,457,32429,575,112,112
msg,2,115,459,5616,574,112,112
msg,2,116,475,6346,569,112,112
msg,2,117,422,5550,552,112,112
msg,2,118,421,5891,551,112,112
msg,2,119,418,6259,573,112,112
msg,2,120,455,5855,573,112,112
msg,2,121,455,8511,579,112,112
msg,2,122,421,7336,550,112,112
msg,2,123,423,6977,575,112,112
msg,2,124,421,31486,549,112,112
msg,2,125,419,6817,547,112,112
msg,2,126,425,7801,546,112,112
msg,2,127,422,10705,551,112,112
msg,2,128,427,8135,578,112,112
msg,2,129,419,12829,576,112,112
msg,2,130,430,6908,574,112,112
msg,2,131,448,6526,668,112,112
msg,2,132,420,34322,555,112,112
msg,2,133,433,5810,550,112,112
msg,2,134,428,5683,547,112,112
msg,2,135,429,5996,565,112,112
msg,2,136,424,5598,547,112,112
msg,2,137,439,6586,550,112,112
msg,2,138,460,5912,547,112,112
msg,2,139,426,7150,579,112,112
msg,2,140,423,5743,578,112,112
msg,2,141,424,5562,567,112,112
msg,2,142,422,31613,554,112,112
msg,2,143,420,6718,548,112,112
msg,2,144,425,7934,555,112,112
msg,2,145,422,5626,553,112,112
msg,2,146,420,5813,550,112,112
msg,2,147,425,5668,557,112,112
msg,2,148,424,5531,572,112,112
msg,2,149,452,10422,578,112,112
msg,2,150,423,6210,552,112,112
msg,2,151,451,6390,574,112,112
msg,2,152,423,13294,549,112,112
msg,2,153,422,17425,583,112,112
msg,2,154,465,8716,576,112,112
msg,2,155,459,5615,672,112,112
msg,2,156,464,6414,569,112,112
msg,2,157,425,5762,573,112,112
msg,2,158,427,6237,575,112,112
msg,2,159,452,10244,564,112,112
msg,2,160,423,5913,568,112,112
msg,2,161,436,7077,578,112,112
msg,2,162,451,31334,565,112,112
msg,2,163,430,5896,574,112,112
msg,2,164,435,6562,554,112,112
msg,2,165,419,5688,555,112,112
msg,2,166,425,5550,553,112,112
msg,2,167,456,5541,577,112,112
msg,2,168,450,6065,550,112,112
msg,2,169,426,9741,549,112,112
msg,2,170,425,5618,547,112,112
msg,2,171,446,6690,573,112,112
msg,2,172,456,32554,573,112,112
msg,2,173,451,6103,549,112,112
msg,2,174,456,6297,577,112,112
msg,2,175,537,5480,578,112,112
msg,2,176,420,5784,575,112,112
msg,2,177,418,5797,672,112,112
msg,2,178,418,5871,578,112,112
msg,2,179,456,9573,579,112,112
msg,2,180,418,5701,574,112,112
msg,2,181,425,5651,554,112,112
msg,2,182,422,33125,577,112,112
msg,2,183,453,5991,552,112,112
msg,2,184,452,5772,553,112,112
msg,2,185,469,5628,569,112,112
msg,2,186,464,5559,573,112,112
msg,2,187,452,5608,580,112,112
msg,2,188,437,5799,571,112,112
msg,2,189,430,10895,573,112,112
msg,2,190,453,6419,567,112,112
msg,2,191,422,6656,550,112,112
msg,2,192,421,31558,550,112,112
msg,2,193,457,5823,549,112,112
msg,2,194,451,5750,549,112,112
msg,2,195,454,5442,576,112,112
msg,2,196,453,6599,582,112,112
msg,2,197,434,6021,579,112,112
msg,2,198,455,6720,576,112,112
msg,2,199,453,8542,576,112,112
whole,2,17470.296,19543.742,200
#heap 26551
#stack 95672
#end
#block pipeline mTLS lorawan11_256 up
#aead AES-256-CTR+2xCMAC (LoRaWAN 1.1 frame, 256-bit keys) (BearSSL (arduino-pico)), uplink, 51 B payload + 13 B overhead
#lib wolfSSL 5.9.4
iter,tcp_ms,tls_ms,mqtt_ms,total_ms,hs_tx_B,hs_rx_B,mqtt_tx_B,mqtt_rx_B,hs_writes,hs_reads,writes,reads,free_heap_B,hs_keygen_us,hs_derive_us,hs_verify_us,hs_sign_us,hs_keygen_n,hs_derive_n,hs_verify_n,hs_sign_n
msg,iter,idx,seal_us,rtt_us,open_us,tx_B,rx_B
whole,iter,first_ms,all_ms,msgs
#suite TLS13-AES256-GCM-SHA384
0,4.8100,17360.2820,41.6520,17406.7440,4735,4813,45,5336,4,14,5,20,72880,66191.0,70018.0,7199861.0,9870890.0,2,2,2,1
msg,0,0,1079,9134,1066,112,112
msg,0,1,940,15247,1068,112,112
msg,0,2,945,13637,1073,112,112
msg,0,3,911,6638,1065,112,112
msg,0,4,941,5641,1065,112,112
msg,0,5,941,5942,1070,112,112
msg,0,6,938,5859,1070,112,112
msg,0,7,1079,5871,1051,112,112
msg,0,8,943,10697,1173,112,112
msg,0,9,944,5474,1068,112,112
msg,0,10,930,5990,1073,112,112
msg,0,11,940,33653,1069,112,112
msg,0,12,944,6879,1051,112,112
msg,0,13,944,5535,1071,112,112
msg,0,14,1026,5984,1051,112,112
msg,0,15,940,8305,1072,112,112
msg,0,16,935,7604,1062,112,112
msg,0,17,940,6260,1071,112,112
msg,0,18,939,6412,1063,112,112
msg,0,19,938,8056,1064,112,112
msg,0,20,937,25450,1076,112,112
msg,0,21,940,5846,1071,112,112
msg,0,22,916,5852,1069,112,112
msg,0,23,942,5701,1074,112,112
msg,0,24,913,7291,1066,112,112
msg,0,25,945,5752,1060,112,112
msg,0,26,941,7170,1072,112,112
msg,0,27,944,5481,1061,112,112
msg,0,28,942,5435,1153,112,112
msg,0,29,944,31239,1067,112,112
msg,0,30,936,5655,1062,112,112
msg,0,31,942,7100,1067,112,112
msg,0,32,942,5819,1063,112,112
msg,0,33,1108,6104,1080,112,112
msg,0,34,939,7943,1063,112,112
msg,0,35,951,7664,1066,112,112
msg,0,36,944,8082,1069,112,112
msg,0,37,938,20126,1061,112,112
msg,0,38,1027,16294,1071,112,112
msg,0,39,936,6740,1071,112,112
msg,0,40,942,6808,1073,112,112
msg,0,41,944,5583,1078,112,112
msg,0,42,934,6716,1068,112,112
msg,0,43,907,5514,1061,112,112
msg,0,44,942,7700,1066,112,112
msg,0,45,948,5463,1153,112,112
msg,0,46,938,5876,1065,112,112
msg,0,47,941,27233,1071,112,112
msg,0,48,941,7345,1063,112,112
msg,0,49,945,6225,1068,112,112
msg,0,50,943,5498,1064,112,112
msg,0,51,943,5639,1061,112,112
msg,0,52,943,5515,1067,112,112
msg,0,53,1040,10528,1057,112,112
msg,0,54,934,6886,1058,112,112
msg,0,55,941,6596,1057,112,112
msg,0,56,1472,29900,1072,112,112
msg,0,57,920,5761,1073,112,112
msg,0,58,928,5825,1061,112,112
msg,0,59,1094,5525,1069,112,112
msg,0,60,943,5544,1069,112,112
msg,0,61,936,5998,1068,112,112
msg,0,62,937,9263,1059,112,112
msg,0,63,940,5668,1058,112,112
msg,0,64,939,6001,1071,112,112
msg,0,65,940,33471,1058,112,112
msg,0,66,939,5495,1069,112,112
msg,0,67,951,5764,1076,112,112
msg,0,68,941,10435,1073,112,112
msg,0,69,943,5604,1065,112,112
msg,0,70,934,8916,1071,112,112
msg,0,71,936,7707,1072,112,112
msg,0,72,943,5951,1071,112,112
msg,0,73,936,31543,1071,112,112
msg,0,74,940,7015,1068,112,112
msg,0,75,938,6011,1057,112,112
msg,0,76,944,6006,1059,112,112
msg,0,77,943,5430,1084,112,112
msg,0,78,1044,6886,1053,112,112
msg,0,79,944,11076,1076,112,112
msg,0,80,940,5709,1060,112,112
msg,0,81,953,20131,1071,112,112
msg,0,82,939,14680,1070,112,112
msg,0,83,939,5489,1068,112,112
msg,0,84,938,5662,1067,112,112
msg,0,85,945,5542,1067,112,112
msg,0,86,939,6715,1058,112,112
msg,0,87,943,5540,1068,112,112
msg,0,88,935,9638,1068,112,112
msg,0,89,934,5645,1070,112,112
msg,0,90,912,6005,1075,112,112
msg,0,91,941,33173,1066,112,112
msg,0,92,940,6056,1069,112,112
msg,0,93,915,8315,1062,112,112
msg,0,94,939,6894,1062,112,112
msg,0,95,945,6036,1070,112,112
msg,0,96,935,5530,1064,112,112
msg,0,97,944,6920,1074,112,112
msg,0,98,937,5510,1069,112,112
msg,0,99,946,7656,1061,112,112
msg,0,100,943,29870,1056,112,112
msg,0,101,954,6714,1059,112,112
msg,0,102,943,6102,1067,112,112
msg,0,103,943,5897,1068,112,112
msg,0,104,912,7134,1053,112,112
msg,0,105,942,6215,1168,112,112
msg,0,106,939,7779,1069,112,112
msg,0,107,938,7191,1050,112,112
msg,0,108,941,32629,1076,112,112
msg,0,109,933,6314,1064,112,112
msg,0,110,939,5754,1062,112,112
msg,0,111,944,5924,1070,112,112
msg,0,112,937,5688,1072,112,112
msg,0,113,910,5678,1070,112,112
msg,0,114,943,12191,1055,112,112
msg,0,115,943,5930,1056,112,112
msg,0,116,946,6104,1069,112,112
msg,0,117,939,27924,1066,112,112
msg,0,118,929,7077,1058,112,112
msg,0,119,941,6101,1064,112,112
msg,0,120,942,6002,1072,112,112
msg,0,121,945,5659,1067,112,112
msg,0,122,942,6365,1061,112,112
msg,0,123,955,11493,1069,112,112
msg,0,124,935,7942,1053,112,112
msg,0,125,942,6014,1059,112,112
msg,0,126,942,29167,1071,112,112
msg,0,127,908,5494,1064,112,112
msg,0,128,941,6834,1066,112,112
msg,0,129,1037,6126,1080,112,112
msg,0,130,948,7610,1073,112,112
msg,0,131,940,6164,1066,112,112
msg,0,132,951,7598,1054,112,112
msg,0,133,938,5570,1058,112,112
msg,0,134,951,15059,1065,112,112
msg,0,135,944,20290,1069,112,112
msg,0,136,913,5502,1061,112,112
msg,0,137,941,5496,1154,112,112
msg,0,138,942,6142,1066,112,112
msg,0,139,936,5984,1062,112,112
msg,0,140,933,6641,1071,112,112
msg,0,141,931,8511,1070,112,112
msg,0,142,938,6101,1065,112,112
msg,0,143,937,6933,1054,112,112
msg,0,144,940,31262,1063,112,112
msg,0,145,938,5472,1058,112,112
msg,0,146,950,5437,1071,112,112
msg,0,147,940,6850,1052,112,112
msg,0,148,936,5604,1168,112,112
msg,0,149,939,5489,1072,112,112
msg,0,150,910,8821,1061,112,112
msg,0,151,1042,5503,1069,112,112
msg,0,152,953,6088,1074,112,112
msg,0,153,940,34132,1065,112,112
msg,0,154,933,5864,1060,112,112
msg,0,155,941,5826,1066,112,112
msg,0,156,941,5673,1067,112,112
msg,0,157,943,8120,1066,112,112
msg,0,158,937,8213,1066,112,112
msg,0,159,945,6341,1073,112,112
msg,0,160,945,5990,1053,112,112
msg,0,161,954,8427,1069,112,112
msg,0,162,942,25296,1069,112,112
msg,0,163,943,5493,1058,112,112
msg,0,164,1052,6083,1058,112,112
msg,0,165,944,5610,1056,112,112
msg,0,166,932,5668,1059,112,112
msg,0,167,955,7132,1066,112,112
msg,0,168,942,11538,1063,112,112
msg,0,169,941,5554,1055,112,112
msg,0,170,949,19884,1063,112,112
msg,0,171,946,15535,1053,112,112
msg,0,172,941,5504,1075,112,112
msg,0,173,937,6043,1049,112,112
msg,0,174,941,6087,1065,112,112
msg,0,175,1040,5635,1057,112,112
msg,0,176,936,5720,1063,112,112
msg,0,177,950,8923,1071,112,112
msg,0,178,943,5568,1069,112,112
msg,0,179,941,6176,1070,112,112
msg,0,180,948,42156,1052,112,112
msg,0,181,946,5774,1143,112,112
msg,0,182,944,8051,1068,112,112
msg,0,183,944,8019,1071,112,112
msg,0,184,915,11054,1072,112,112
msg,0,185,940,5902,1051,112,112
msg,0,186,934,22325,1069,112,112
msg,0,187,939,14403,1069,112,112
msg,0,188,942,5663,1061,112,112
msg,0,189,951,5883,1063,112,112
msg,0,190,945,5520,1051,112,112
msg,0,191,954,5487,1068,112,112
msg,0,192,926,7384,1075,112,112
msg,0,193,950,10699,1064,112,112
msg,0,194,943,5581,1152,112,112
msg,0,195,939,6771,1065,112,112
msg,0,196,946,26710,1066,112,112
msg,0,197,1034,6427,1050,112,112
msg,0,198,941,6539,1067,112,112
msg,0,199,940,7777,1068,112,112
whole,0,17424.668,19738.769,200
1,7.3790,12411.8270,146.8710,12566.0770,4735,4813,45,5336,4,14,5,21,72880,66283.0,69999.0,7194851.0,4947189.0,2,2,2,1
msg,1,0,1094,5420,1060,112,112
msg,1,1,941,5454,1069,112,112
msg,1,2,942,5453,1070,112,112
msg,1,3,947,12229,1053,112,112
msg,1,4,943,5995,1064,112,112
msg,1,5,946,19251,1062,112,112
msg,1,6,938,27653,1071,112,112
msg,1,7,947,5600,1064,112,112
msg,1,8,1042,6159,1078,112,112
msg,1,9,937,37689,1069,112,112
msg,1,10,944,34086,1066,112,112
msg,1,11,937,6710,1059,112,112
msg,1,12,949,6150,1063,112,112
msg,1,13,956,5532,1062,112,112
msg,1,14,939,5566,1059,112,112
msg,1,15,943,5496,1068,112,112
msg,1,16,936,6983,1158,112,112
msg,1,17,942,5614,1054,112,112
msg,1,18,943,7121,1067,112,112
msg,1,19,943,30446,1063,112,112
msg,1,20,942,5715,1052,112,112
msg,1,21,944,5455,1074,112,112
msg,1,22,939,7722,1066,112,112
msg,1,23,938,8381,1161,112,112
msg,1,24,940,5573,1063,112,112
msg,1,25,944,6677,1062,112,112
msg,1,26,938,6551,1055,112,112
msg,1,27,952,20026,1061,112,112
msg,1,28,941,12482,1054,112,112
msg,1,29,941,5565,1067,112,112
msg,1,30,938,6384,1173,112,112
msg,1,31,950,5468,1054,112,112
msg,1,32,943,6285,1068,112,112
msg,1,33,939,6026,1050,112,112
msg,1,34,940,11250,1069,112,112
msg,1,35,934,6103,1073,112,112
msg,1,36,936,5691,1069,112,112
msg,1,37,936,31639,1077,112,112
msg,1,38,919,5558,1066,112,112
msg,1,39,940,6803,1064,112,112
msg,1,40,944,5527,1057,112,112
msg,1,41,943,5824,1060,112,112
msg,1,42,933,5515,1055,112,112
msg,1,43,940,8020,1064,112,112
msg,1,44,937,5919,1061,112,112
msg,1,45,946,6366,1058,112,112
msg,1,46,943,32773,1062,112,112
msg,1,47,947,5499,1067,112,112
msg,1,48,1031,5506,1065,112,112
msg,1,49,907,6690,1072,112,112
msg,1,50,939,6716,1070,112,112
msg,1,51,945,6388,1069,112,112
msg,1,52,951,7409,1067,112,112
msg,1,53,936,5544,1072,112,112
msg,1,54,947,6864,1222,112,112
msg,1,55,945,33793,1076,112,112
msg,1,56,953,6536,1071,112,112
msg,1,57,908,5611,1073,112,112
msg,1,58,1483,5794,1057,112,112
msg,1,59,946,6283,1072,112,112
msg,1,60,949,5949,1069,112,112
msg,1,61,943,7601,1069,112,112
msg,1,62,915,5588,1072,112,112
msg,1,63,938,5570,1061,112,112
msg,1,64,937,26841,1067,112,112
msg,1,65,947,6534,1055,112,112
msg,1,66,938,7414,1075,112,112
msg,1,67,951,6167,1065,112,112
msg,1,68,1029,5483,1055,112,112
msg,1,69,951,5546,1070,112,112
msg,1,70,941,9925,1055,112,112
msg,1,71,941,5462,1073,112,112
msg,1,72,914,6803,1072,112,112
msg,1,73,916,29767,1074,112,112
msg,1,74,913,6594,1067,112,112
msg,1,75,948,6265,1055,112,112
msg,1,76,940,6397,1071,112,112
msg,1,77,912,5578,1057,112,112
msg,1,78,950,5603,1061,112,112
msg,1,79,945,8563,1051,112,112
msg,1,80,938,5533,1069,112,112
msg,1,81,937,5983,1058,112,112
msg,1,82,944,8239,1071,112,112
msg,1,83,936,24528,1062,112,112
msg,1,84,943,6714,1064,112,112
msg,1,85,946,5919,1066,112,112
msg,1,86,949,5549,1057,112,112
msg,1,87,951,9495,1071,112,112
msg,1,88,945,11310,1063,112,112
msg,1,89,938,7481,1070,112,112
msg,1,90,949,5482,1074,112,112
msg,1,91,943,31579,1081,112,112
msg,1,92,941,5569,1070,112,112
msg,1,93,933,7862,1067,112,112
msg,1,94,919,6392,1066,112,112
msg,1,95,947,6892,1069,112,112
msg,1,96,939,13451,1060,112,112
msg,1,97,945,6330,1073,112,112
msg,1,98,938,5837,1068,112,112
msg,1,99,943,30461,1066,112,112
msg,1,100,936,5562,1068,112,112
msg,1,101,1498,5724,1069,112,112
msg,1,102,943,6052,1063,112,112
msg,1,103,939,5455,1071,112,112
msg,1,104,940,5672,1068,112,112
msg,1,105,935,10939,1081,112,112
msg,1,106,1088,5515,1068,112,112
msg,1,107,932,6881,1051,112,112
msg,1,108,938,27064,1072,112,112
msg,1,109,951,7876,1067,112,112
msg,1,110,942,5841,1064,112,112
msg,1,111,935,6497,1064,112,112
msg,1,112,944,5406,1075,112,112
msg,1,113,952,5727,1076,112,112
msg,1,114,942,6704,1064,112,112
msg,1,115,947,6879,1057,112,112
msg,1,116,943,38995,1057,112,112
msg,1,117,939,5639,1055,112,112
msg,1,118,944,5471,1070,112,112
msg,1,119,934,5922,1075,112,112
msg,1,120,944,5453,1172,112,112
msg,1,121,944,5467,1062,112,112
msg,1,122,943,5500,1063,112,112
msg,1,123,954,7318,1640,112,112
msg,1,124,945,5751,1062,112,112
msg,1,125,938,5483,1054,112,112
msg,1,126,940,27008,1063,112,112
msg,1,127,943,6235,1071,112,112
msg,1,128,934,7570,1072,112,112
msg,1,129,940,5527,1061,112,112
msg,1,130,940,7578,1057,112,112
msg,1,131,943,5869,1063,112,112
msg,1,132,943,8145,1065,112,112
msg,1,133,911,5713,1072,112,112
msg,1,134,934,6049,1177,112,112
msg,1,135,946,33294,1070,112,112
msg,1,136,944,7626,1066,112,112
msg,1,137,959,5534,1061,112,112
msg,1,138,943,5577,1053,112,112
msg,1,139,939,8018,1057,112,112
msg,1,140,939,7956,1060,112,112
msg,1,141,944,6801,1064,112,112
msg,1,142,949,5439,1063,112,112
msg,1,143,1049,33021,1585,112,112
msg,1,144,944,6705,1054,112,112
msg,1,145,940,6601,1065,112,112
msg,1,146,1041,8072,1063,112,112
msg,1,147,945,8931,1158,112,112
msg,1,148,940,11363,1058,112,112
msg,1,149,943,6688,1053,112,112
msg,1,150,942,6402,1070,112,112
msg,1,151,912,32838,1061,112,112
msg,1,152,938,7670,1070,112,112
msg,1,153,915,5830,1070,112,112
msg,1,154,1040,5499,1074,112,112
msg,1,155,944,7467,1059,112,112
msg,1,156,938,5467,1052,112,112
msg,1,157,939,5645,1071,112,112
msg,1,158,936,6035,1143,112,112
msg,1,159,941,6122,1068,112,112
msg,1,160,940,12475,1065,112,112
msg,1,161,931,15932,1065,112,112
msg,1,162,939,5597,1065,112,112
msg,1,163,941,7576,1058,112,112
msg,1,164,944,8918,1060,112,112
msg,1,165,935,5721,1063,112,112
msg,1,166,1098,5565,1067,112,112
msg,1,167,955,6034,1079,112,112
msg,1,168,945,5667,1066,112,112
msg,1,169,1043,6979,1072,112,112
msg,1,170,944,26844,1066,112,112
msg,1,171,941,5806,1076,112,112
msg,1,172,936,7266,1072,112,112
msg,1,173,938,6040,1074,112,112
msg,1,174,940,6018,1056,112,112
msg,1,175,943,7685,1068,112,112
msg,1,176,938,8216,1062,112,112
msg,1,177,939,5682,1063,112,112
msg,1,178,942,6640,1062,112,112
msg,1,179,945,33065,1204,112,112
msg,1,180,953,5601,1068,112,112
msg,1,181,954,6651,1065,112,112
msg,1,182,939,5663,1064,112,112
msg,1,183,942,11425,1064,112,112
msg,1,184,941,9670,1072,112,112
msg,1,185,1049,6171,1064,112,112
msg,1,186,941,5485,1052,112,112
msg,1,187,941,33109,1066,112,112
msg,1,188,938,7504,1060,112,112
msg,1,189,943,5506,1064,112,112
msg,1,190,945,6429,1068,112,112
msg,1,191,940,6645,1063,112,112
msg,1,192,945,5476,1057,112,112
msg,1,193,940,6305,1068,112,112
msg,1,194,910,5582,1067,112,112
msg,1,195,940,6449,1060,112,112
msg,1,196,1039,12096,1063,112,112
msg,1,197,939,16973,1072,112,112
msg,1,198,935,7641,1073,112,112
msg,1,199,949,6225,1059,112,112
whole,1,12588.456,14938.124,200
2,5.4130,12417.7090,152.2080,12575.3300,4735,4813,45,5336,4,14,5,20,72880,66078.0,70035.0,7208709.0,4943220.0,2,2,2,1
msg,2,0,1095,5593,1061,112,112
msg,2,1,942,6145,1063,112,112
msg,2,2,939,6656,1062,112,112
msg,2,3,936,7565,1060,112,112
msg,2,4,935,5560,1075,112,112
msg,2,5,943,8461,1070,112,112
msg,2,6,954,31525,1062,112,112
msg,2,7,946,8217,1069,112,112
msg,2,8,941,5544,1066,112,112
msg,2,9,937,5750,1069,112,112
msg,2,10,940,5668,1067,112,112
msg,2,11,937,6031,1070,112,112
msg,2,12,941,9169,1060,112,112
msg,2,13,942,45586,1202,112,112
msg,2,14,946,7176,1070,112,112
msg,2,15,932,5549,1059,112,112
msg,2,16,940,6345,1074,112,112
msg,2,17,939,7193,1065,112,112
msg,2,18,938,7030,1076,112,112
msg,2,19,911,9132,1057,112,112
msg,2,20,945,6655,1069,112,112
msg,2,21,939,34752,1066,112,112
msg,2,22,946,7094,1057,112,112
msg,2,23,941,7028,1069,112,112
msg,2,24,943,6467,1069,112,112
msg,2,25,1035,5645,1058,112,112
msg,2,26,938,5458,1068,112,112
msg,2,27,938,8761,1069,112,112
msg,2,28,950,5479,1070,112,112
msg,2,29,938,7014,1070,112,112
msg,2,30,941,33487,1069,112,112
msg,2,31,939,7232,1052,112,112
msg,2,32,936,5924,1059,112,112
msg,2,33,934,5815,1058,112,112
msg,2,34,940,5904,1063,112,112
msg,2,35,944,5804,1168,112,112
msg,2,36,939,8791,1066,112,112
msg,2,37,942,5447,1065,112,112
msg,2,38,1042,6864,1072,112,112
msg,2,39,938,29064,1074,112,112
msg,2,40,946,5627,1070,112,112
msg,2,41,937,7262,1065,112,112
msg,2,42,946,6019,1067,112,112
msg,2,43,941,5512,1072,112,112
msg,2,44,941,5708,1068,112,112
msg,2,45,940,8027,1067,112,112
msg,2,46,942,5786,1068,112,112
msg,2,47,936,6055,1073,112,112
msg,2,48,1039,31517,1065,112,112
msg,2,49,909,5848,1150,112,112
msg,2,50,941,5763,1067,112,112
msg,2,51,942,7030,1064,112,112
msg,2,52,931,6174,1069,112,112
msg,2,53,938,5719,1067,112,112
msg,2,54,939,9245,1054,112,112
msg,2,55,941,6173,1067,112,112
msg,2,56,937,6010,1078,112,112
msg,2,57,935,26801,1070,112,112
msg,2,58,915,7199,1060,112,112
msg,2,59,941,9690,1054,112,112
msg,2,60,938,8742,1053,112,112
msg,2,61,944,6910,1058,112,112
msg,2,62,932,10015,1067,112,112
msg,2,63,943,6333,1078,112,112
msg,2,64,955,9593,1072,112,112
msg,2,65,937,29141,1064,112,112
msg,2,66,941,8916,1069,112,112
msg,2,67,1037,5684,1069,112,112
msg,2,68,938,7236,1067,112,112
msg,2,69,937,5520,1069,112,112
msg,2,70,927,11865,1073,112,112
msg,2,71,917,6174,1053,112,112
msg,2,72,951,6290,1077,112,112
msg,2,73,937,34428,1062,112,112
msg,2,74,939,5923,1065,112,112
msg,2,75,1119,6780,1064,112,112
msg,2,76,937,14933,1067,112,112
msg,2,77,948,12254,1164,112,112
msg,2,78,950,5658,1061,112,112
msg,2,79,944,7706,1064,112,112
msg,2,80,935,30386,1071,112,112
msg,2,81,943,6050,1067,112,112
msg,2,82,1104,8652,1066,112,112
msg,2,83,946,6652,1057,112,112
msg,2,84,960,6440,1072,112,112
msg,2,85,938,11871,1076,112,112
msg,2,86,947,6140,1061,112,112
msg,2,87,944,5799,1068,112,112
msg,2,88,941,31411,1051,112,112
msg,2,89,939,6362,1065,112,112
msg,2,90,944,7131,1081,112,112
msg,2,91,954,5583,1067,112,112
msg,2,92,942,7872,1073,112,112
msg,2,93,945,5863,1049,112,112
msg,2,94,940,8411,1076,112,112
msg,2,95,914,5539,1061,112,112
msg,2,96,939,6218,1067,112,112
msg,2,97,943,30529,1067,112,112
msg,2,98,917,7949,1067,112,112
msg,2,99,941,5605,1073,112,112
msg,2,100,922,6572,1072,112,112
msg,2,101,947,7306,1051,112,112
msg,2,102,948,5714,1138,112,112
msg,2,103,938,6882,1055,112,112
msg,2,104,938,7397,1546,112,112
msg,2,105,949,8341,1070,112,112
msg,2,106,943,25271,1066,112,112
msg,2,107,1030,5670,1060,112,112
msg,2,108,942,5497,1063,112,112
msg,2,109,938,5798,1062,112,112
msg,2,110,949,5515,1071,112,112
msg,2,111,942,6358,1073,112,112
msg,2,112,940,9321,1054,112,112
msg,2,113,940,5422,1073,112,112
msg,2,114,940,6704,1065,112,112
msg,2,115,910,34471,1066,112,112
msg,2,116,946,5643,1065,112,112
msg,2,117,936,8264,1077,112,112
msg,2,118,934,6570,1068,112,112
msg,2,119,941,5621,1066,112,112
msg,2,120,1037,10399,1062,112,112
msg,2,121,951,7627,1057,112,112
msg,2,122,954,6573,1070,112,112
msg,2,123,935,30848,1073,112,112
msg,2,124,940,5741,1085,112,112
msg,2,125,947,5624,1070,112,112
msg,2,126,939,6613,1065,112,112
msg,2,127,1043,7083,1055,112,112
msg,2,128,940,5515,1070,112,112
msg,2,129,937,7197,1070,112,112
msg,2,130,939,5513,1057,112,112
msg,2,131,937,5647,1076,112,112
msg,2,132,944,8041,1063,112,112
msg,2,133,939,24891,1063,112,112
msg,2,134,950,5937,1067,112,112
msg,2,135,934,5525,1063,112,112
msg,2,136,950,5689,1067,112,112
msg,2,137,943,8049,1067,112,112
msg,2,138,945,6988,1074,112,112
msg,2,139,917,6518,1170,112,112
msg,2,140,942,5527,1061,112,112
msg,2,141,1115,5472,1061,112,112
msg,2,142,938,26808,1064,112,112
msg,2,143,945,5858,1063,112,112
msg,2,144,952,7210,1069,112,112
msg,2,145,935,7331,1063,112,112
msg,2,146,940,5686,1161,112,112
msg,2,147,945,7232,1066,112,112
msg,2,148,952,8431,1072,112,112
msg,2,149,934,5819,1069,112,112
msg,2,150,944,5820,1070,112,112
msg,2,151,915,31351,1062,112,112
msg,2,152,940,5614,1059,112,112
msg,2,153,952,5977,1063,112,112
msg,2,154,938,7090,1069,112,112
msg,2,155,911,5562,1059,112,112
msg,2,156,945,5728,1067,112,112
msg,2,157,943,11031,1071,112,112
msg,2,158,908,5565,1068,112,112
msg,2,159,946,5464,1149,112,112
msg,2,160,940,26599,1059,112,112
msg,2,161,938,6022,1068,112,112
msg,2,162,943,7101,1066,112,112
msg,2,163,909,5464,1066,112,112
msg,2,164,936,5757,1066,112,112
msg,2,165,943,7846,1065,112,112
msg,2,166,942,6481,1064,112,112
msg,2,167,947,5490,1077,112,112
msg,2,168,949,6739,1078,112,112
msg,2,169,945,32066,1067,112,112
msg,2,170,948,6142,1072,112,112
msg,2,171,936,7072,1071,112,112
msg,2,172,940,5528,1071,112,112
msg,2,173,914,5599,1075,112,112
msg,2,174,943,5528,1067,112,112
msg,2,175,943,9190,1068,112,112
msg,2,176,937,5477,1068,112,112
msg,2,177,940,5531,1062,112,112
msg,2,178,945,8357,1074,112,112
msg,2,179,940,23942,1053,112,112
msg,2,180,939,7680,1084,112,112
msg,2,181,940,5599,1073,112,112
msg,2,182,942,5688,1074,112,112
msg,2,183,941,7743,1070,112,112
msg,2,184,939,5589,1073,112,112
msg,2,185,944,6069,1060,112,112
msg,2,186,941,5498,1074,112,112
msg,2,187,940,5995,1067,112,112
msg,2,188,941,33073,1060,112,112
msg,2,189,941,6493,1075,112,112
msg,2,190,936,8694,1059,112,112
msg,2,191,946,5897,1056,112,112
msg,2,192,940,5618,1073,112,112
msg,2,193,1488,11216,1065,112,112
msg,2,194,948,5718,1175,112,112
msg,2,195,941,5535,1070,112,112
msg,2,196,914,29344,1068,112,112
msg,2,197,1040,5573,1061,112,112
msg,2,198,936,5723,1055,112,112
msg,2,199,941,6262,1068,112,112
whole,2,12589.942,14946.179,200
#heap 26551
#stack 95672
#end
#block pipeline mTLS lorawan11_256 down
#aead AES-256-CTR+2xCMAC (LoRaWAN 1.1 frame, 256-bit keys) (BearSSL (arduino-pico)), downlink, 51 B payload + 13 B overhead
#lib wolfSSL 5.9.4
iter,tcp_ms,tls_ms,mqtt_ms,total_ms,hs_tx_B,hs_rx_B,mqtt_tx_B,mqtt_rx_B,hs_writes,hs_reads,writes,reads,free_heap_B,hs_keygen_us,hs_derive_us,hs_verify_us,hs_sign_us,hs_keygen_n,hs_derive_n,hs_verify_n,hs_sign_n
msg,iter,idx,seal_us,rtt_us,open_us,tx_B,rx_B
whole,iter,first_ms,all_ms,msgs
#suite TLS13-AES256-GCM-SHA384
0,7.5010,17337.6360,59.5590,17404.6960,4735,4813,45,5336,4,14,5,20,72880,66247.0,70059.0,7197860.0,9868152.0,2,2,2,1
msg,0,0,878,5836,712,112,112
msg,0,1,556,5997,707,112,112
msg,0,2,589,11448,718,112,112
msg,0,3,585,6270,707,112,112
msg,0,4,591,7990,686,112,112
msg,0,5,554,34271,704,112,112
msg,0,6,582,6455,710,112,112
msg,0,7,586,9628,682,112,112
msg,0,8,708,6649,700,112,112
msg,0,9,558,6038,708,112,112
msg,0,10,598,6098,709,112,112
msg,0,11,586,8527,709,112,112
msg,0,12,587,6418,704,112,112
msg,0,13,581,34072,682,112,112
msg,0,14,551,5938,711,112,112
msg,0,15,586,5718,713,112,112
msg,0,16,592,5647,683,112,112
msg,0,17,581,5889,702,112,112
msg,0,18,555,5750,713,112,112
msg,0,19,598,7006,686,112,112
msg,0,20,560,9422,687,112,112
msg,0,21,560,5707,802,112,112
msg,0,22,553,7814,712,112,112
msg,0,23,589,31626,711,112,112
msg,0,24,586,6121,703,112,112
msg,0,25,588,6267,696,112,112
msg,0,26,556,5752,714,112,112
msg,0,27,593,5783,707,112,112
msg,0,28,589,5723,773,112,112
msg,0,29,561,5771,698,112,112
msg,0,30,554,5710,700,112,112
msg,0,31,588,5596,712,112,112
msg,0,32,596,6954,684,112,112
msg,0,33,559,31358,688,112,112
msg,0,34,559,6850,703,112,112
msg,0,35,553,7405,703,112,112
msg,0,36,553,5712,708,112,112
msg,0,37,584,5504,703,112,112
msg,0,38,590,5598,714,112,112
msg,0,39,590,5414,711,112,112
msg,0,40,587,6482,708,112,112
msg,0,41,582,5470,714,112,112
msg,0,42,582,5788,710,112,112
msg,0,43,579,35971,706,112,112
msg,0,44,581,8406,700,112,112
msg,0,45,736,6808,707,112,112
msg,0,46,599,6058,703,112,112
msg,0,47,1167,7299,704,112,112
msg,0,48,577,13451,711,112,112
msg,0,49,583,5868,684,112,112
msg,0,50,564,5505,685,112,112
msg,0,51,561,33649,702,112,112
msg,0,52,554,6582,707,112,112
msg,0,53,585,6087,685,112,112
msg,0,54,560,5853,709,112,112
msg,0,55,558,5487,700,112,112
msg,0,56,683,5906,709,112,112
msg,0,57,589,5442,709,112,112
msg,0,58,588,6661,687,112,112
msg,0,59,559,5511,684,112,112
msg,0,60,565,48709,700,112,112
msg,0,61,594,6260,682,112,112
msg,0,62,562,5477,684,112,112
msg,0,63,560,5551,685,112,112
msg,0,64,561,6042,714,112,112
msg,0,65,590,5803,685,112,112
msg,0,66,557,7294,708,112,112
msg,0,67,591,5476,707,112,112
msg,0,68,587,5453,708,112,112
msg,0,69,683,15240,716,112,112
msg,0,70,586,17355,711,112,112
msg,0,71,589,5662,708,112,112
msg,0,72,588,5981,709,112,112
msg,0,73,552,5545,698,112,112
msg,0,74,551,5843,709,112,112
msg,0,75,596,5606,706,112,112
msg,0,76,583,5380,708,112,112
msg,0,77,585,7140,704,112,112
msg,0,78,563,5886,705,112,112
msg,0,79,595,5754,682,112,112
msg,0,80,562,31354,712,112,112
msg,0,81,584,7044,712,112,112
msg,0,82,590,5781,710,112,112
msg,0,83,587,6163,709,112,112
msg,0,84,589,5783,706,112,112
msg,0,85,585,5493,706,112,112
msg,0,86,591,6052,704,112,112
msg,0,87,586,9599,706,112,112
msg,0,88,592,5496,713,112,112
msg,0,89,578,5842,707,112,112
msg,0,90,577,34654,684,112,112
msg,0,91,557,6610,687,112,112
msg,0,92,560,5990,715,112,112
msg,0,93,583,5438,708,112,112
msg,0,94,584,5442,707,112,112
msg,0,95,578,5578,710,112,112
msg,0,96,590,11211,709,112,112
msg,0,97,580,5484,708,112,112
msg,0,98,587,5515,706,112,112
msg,0,99,584,31537,712,112,112
msg,0,100,729,6131,699,112,112
msg,0,101,557,6521,702,112,112
msg,0,102,551,5723,708,112,112
msg,0,103,590,5560,712,112,112
msg,0,104,585,8195,707,112,112
msg,0,105,686,5468,715,112,112
msg,0,106,590,10838,713,112,112
msg,0,107,588,6269,715,112,112
msg,0,108,593,8514,716,112,112
msg,0,109,588,26332,710,112,112
msg,0,110,584,5503,711,112,112
msg,0,111,587,6084,704,112,112
msg,0,112,658,6967,709,112,112
msg,0,113,586,5699,681,112,112
msg,0,114,557,6884,705,112,112
msg,0,115,587,11358,704,112,112
msg,0,116,557,5671,709,112,112
msg,0,117,586,7498,704,112,112
msg,0,118,582,33270,699,112,112
msg,0,119,559,5761,709,112,112
msg,0,120,597,5565,706,112,112
msg,0,121,580,5731,709,112,112
msg,0,122,588,5561,685,112,112
msg,0,123,559,10054,707,112,112
msg,0,124,588,8229,705,112,112
msg,0,125,557,5502,702,112,112
msg,0,126,554,5600,704,112,112
msg,0,127,564,5988,712,112,112
msg,0,128,680,29743,683,112,112
msg,0,129,561,5626,703,112,112
msg,0,130,555,6553,706,112,112
msg,0,131,577,7098,683,112,112
msg,0,132,563,5541,684,112,112
msg,0,133,558,5670,685,112,112
msg,0,134,557,9831,718,112,112
msg,0,135,592,5480,713,112,112
msg,0,136,584,5392,708,112,112
msg,0,137,586,32703,710,112,112
msg,0,138,586,8841,689,112,112
msg,0,139,557,6852,713,112,112
msg,0,140,588,5447,709,112,112
msg,0,141,591,5547,707,112,112
msg,0,142,596,5495,708,112,112
msg,0,143,589,6796,699,112,112
msg,0,144,577,5418,705,112,112
msg,0,145,589,5858,679,112,112
msg,0,146,556,5624,703,112,112
msg,0,147,557,8048,710,112,112
msg,0,148,581,24494,705,112,112
msg,0,149,588,6312,708,112,112
msg,0,150,583,7289,706,112,112
msg,0,151,589,6188,703,112,112
msg,0,152,564,5567,702,112,112
msg,0,153,554,5530,702,112,112
msg,0,154,559,6561,792,112,112
msg,0,155,588,6459,716,112,112
msg,0,156,598,5463,710,112,112
msg,0,157,578,5456,709,112,112
msg,0,158,593,33910,688,112,112
msg,0,159,557,6859,703,112,112
msg,0,160,593,6511,710,112,112
msg,0,161,585,5531,705,112,112
msg,0,162,581,5529,713,112,112
msg,0,163,583,5469,707,112,112
msg,0,164,590,10580,722,112,112
msg,0,165,597,5547,702,112,112
msg,0,166,599,5452,708,112,112
msg,0,167,588,31648,704,112,112
msg,0,168,585,6243,713,112,112
msg,0,169,585,6258,712,112,112
msg,0,170,579,5492,705,112,112
msg,0,171,586,8354,701,112,112
msg,0,172,554,6386,684,112,112
msg,0,173,559,5749,701,112,112
msg,0,174,582,8284,697,112,112
msg,0,175,557,5443,688,112,112
msg,0,176,653,5732,703,112,112
msg,0,177,591,33992,684,112,112
msg,0,178,561,6313,710,112,112
msg,0,179,594,7628,776,112,112
msg,0,180,560,5762,703,112,112
msg,0,181,557,5724,717,112,112
msg,0,182,589,5615,712,112,112
msg,0,183,593,9521,710,112,112
msg,0,184,579,6367,706,112,112
msg,0,185,596,6593,710,112,112
msg,0,186,585,31118,713,112,112
msg,0,187,555,7375,697,112,112
msg,0,188,560,7005,706,112,112
msg,0,189,584,6529,705,112,112
msg,0,190,579,5577,706,112,112
msg,0,191,589,5733,679,112,112
msg,0,192,560,5404,685,112,112
msg,0,193,556,6850,706,112,112
msg,0,194,582,6503,703,112,112
msg,0,195,581,36513,708,112,112
msg,0,196,587,7440,707,112,112
msg,0,197,586,5908,709,112,112
msg,0,198,581,5959,704,112,112
msg,0,199,552,5485,701,112,112
whole,0,17422.568,19569.993,200
1,5.3980,12416.9420,139.5340,12561.8740,4735,4813,45,5336,4,14,5,20,72880,66100.0,70088.0,7196258.0,4950590.0,2,2,2,1
msg,1,0,733,6335,713,112,112
msg,1,1,589,5892,707,112,112
msg,1,2,579,6109,714,112,112
msg,1,3,587,5932,687,112,112
msg,1,4,578,9188,719,112,112
msg,1,5,584,5662,715,112,112
msg,1,6,585,6197,714,112,112
msg,1,7,600,16201,700,112,112
msg,1,8,555,16741,707,112,112
msg,1,9,589,6105,685,112,112
msg,1,10,560,6468,681,112,112
msg,1,11,562,5837,714,112,112
msg,1,12,595,5542,709,112,112
msg,1,13,584,5467,809,112,112
msg,1,14,587,5482,715,112,112
msg,1,15,585,7535,711,112,112
msg,1,16,581,6330,715,112,112
msg,1,17,582,6768,711,112,112
msg,1,18,583,34080,709,112,112
msg,1,19,580,8086,685,112,112
msg,1,20,560,5957,710,112,112
msg,1,21,578,5784,711,112,112
msg,1,22,597,8376,707,112,112
msg,1,23,586,13815,682,112,112
msg,1,24,563,6565,682,112,112
msg,1,25,559,5795,708,112,112
msg,1,26,584,36733,713,112,112
msg,1,27,587,6176,709,112,112
msg,1,28,692,6206,701,112,112
msg,1,29,559,7990,707,112,112
msg,1,30,594,6788,683,112,112
msg,1,31,556,6327,705,112,112
msg,1,32,585,8216,710,112,112
msg,1,33,590,5832,683,112,112
msg,1,34,559,5637,685,112,112
msg,1,35,555,31379,684,112,112
msg,1,36,553,9030,709,112,112
msg,1,37,587,6789,704,112,112
msg,1,38,584,5832,684,112,112
msg,1,39,563,7039,717,112,112
msg,1,40,578,6766,685,112,112
msg,1,41,560,7766,701,112,112
msg,1,42,555,5707,706,112,112
msg,1,43,585,5436,700,112,112
msg,1,44,584,31056,688,112,112
msg,1,45,558,5765,701,112,112
msg,1,46,560,5473,684,112,112
msg,1,47,561,5591,701,112,112
msg,1,48,557,5944,712,112,112
msg,1,49,590,5670,686,112,112
msg,1,50,585,6166,710,112,112
msg,1,51,589,10199,700,112,112
msg,1,52,560,6213,687,112,112
msg,1,53,559,5947,700,112,112
msg,1,54,586,30240,704,112,112
msg,1,55,559,5948,807,112,112
msg,1,56,583,6107,702,112,112
msg,1,57,586,5891,705,112,112
msg,1,58,583,5876,683,112,112
msg,1,59,560,5863,715,112,112
msg,1,60,579,7166,703,112,112
msg,1,61,553,8126,708,112,112
msg,1,62,587,5988,702,112,112
msg,1,63,582,6095,688,112,112
msg,1,64,557,32261,711,112,112
msg,1,65,588,6748,683,112,112
msg,1,66,562,6288,709,112,112
msg,1,67,589,5784,683,112,112
msg,1,68,572,6365,686,112,112
msg,1,69,561,7944,707,112,112
msg,1,70,587,7626,703,112,112
msg,1,71,583,5727,709,112,112
msg,1,72,588,7241,711,112,112
msg,1,73,585,35272,714,112,112
msg,1,74,667,5815,706,112,112
msg,1,75,586,6496,712,112,112
msg,1,76,584,6162,709,112,112
msg,1,77,589,6275,699,112,112
msg,1,78,557,5972,711,112,112
msg,1,79,593,11388,709,112,112
msg,1,80,589,6070,696,112,112
msg,1,81,595,7971,681,112,112
msg,1,82,588,13658,683,112,112
msg,1,83,558,13545,684,112,112
msg,1,84,572,5676,707,112,112
msg,1,85,578,5473,704,112,112
msg,1,86,585,5908,707,112,112
msg,1,87,587,18047,708,112,112
msg,1,88,588,5689,708,112,112
msg,1,89,689,5851,681,112,112
msg,1,90,561,6449,684,112,112
msg,1,91,560,5661,703,112,112
msg,1,92,558,32548,707,112,112
msg,1,93,564,5752,712,112,112
msg,1,94,584,7224,701,112,112
msg,1,95,559,6903,704,112,112
msg,1,96,592,6055,708,112,112
msg,1,97,557,5608,701,112,112
msg,1,98,560,5904,811,112,112
msg,1,99,586,6097,707,112,112
msg,1,100,735,5477,709,112,112
msg,1,101,583,36203,707,112,112
msg,1,102,561,5835,708,112,112
msg,1,103,590,5457,811,112,112
msg,1,104,583,5622,678,112,112
msg,1,105,588,6235,714,112,112
msg,1,106,599,5535,708,112,112
msg,1,107,582,5802,686,112,112
msg,1,108,556,10536,830,112,112
msg,1,109,562,5666,706,112,112
msg,1,110,555,5646,708,112,112
msg,1,111,604,36889,683,112,112
msg,1,112,581,6432,707,112,112
msg,1,113,582,7315,705,112,112
msg,1,114,585,5587,707,112,112
msg,1,115,579,5427,708,112,112
msg,1,116,588,5369,714,112,112
msg,1,117,582,12145,705,112,112
msg,1,118,571,5794,712,112,112
msg,1,119,583,5567,712,112,112
msg,1,120,683,31515,721,112,112
msg,1,121,588,6062,704,112,112
msg,1,122,579,6413,707,112,112
msg,1,123,561,5537,705,112,112
msg,1,124,579,5983,683,112,112
msg,1,125,590,7683,689,112,112
msg,1,126,559,8554,682,112,112
msg,1,127,553,6014,708,112,112
msg,1,128,587,6994,685,112,112
msg,1,129,552,37097,715,112,112
msg,1,130,584,7700,689,112,112
msg,1,131,561,6081,718,112,112
msg,1,132,592,5433,711,112,112
msg,1,133,581,5360,709,112,112
msg,1,134,587,6036,686,112,112
msg,1,135,557,10306,705,112,112
msg,1,136,588,6211,711,112,112
msg,1,137,590,5795,709,112,112
msg,1,138,585,15041,703,112,112
msg,1,139,590,16598,708,112,112
msg,1,140,602,6596,712,112,112
msg,1,141,585,6696,686,112,112
msg,1,142,586,5692,683,112,112
msg,1,143,559,5407,688,112,112
msg,1,144,556,5507,686,112,112
msg,1,145,559,6213,706,112,112
msg,1,146,583,8220,709,112,112
msg,1,147,598,5644,713,112,112
msg,1,148,682,35738,682,112,112
msg,1,149,560,6727,699,112,112
msg,1,150,557,5719,714,112,112
msg,1,151,582,5642,711,112,112
msg,1,152,692,5876,686,112,112
msg,1,153,559,5577,679,112,112
msg,1,154,555,7472,685,112,112
msg,1,155,553,8689,703,112,112
msg,1,156,554,6767,710,112,112
msg,1,157,580,36202,705,112,112
msg,1,158,661,7188,680,112,112
msg,1,159,569,6399,683,112,112
msg,1,160,560,5656,683,112,112
msg,1,161,560,6057,706,112,112
msg,1,162,584,7088,699,112,112
msg,1,163,747,5678,709,112,112
msg,1,164,591,7594,705,112,112
msg,1,165,589,7110,709,112,112
msg,1,166,587,20557,711,112,112
msg,1,167,592,13377,803,112,112
msg,1,168,584,6129,687,112,112
msg,1,169,556,6182,712,112,112
msg,1,170,579,5879,695,112,112
msg,1,171,554,5514,704,112,112
msg,1,172,565,5737,704,112,112
msg,1,173,589,6558,708,112,112
msg,1,174,584,9345,709,112,112
msg,1,175,579,6023,685,112,112
msg,1,176,559,6393,712,112,112
msg,1,177,585,32109,713,112,112
msg,1,178,600,6009,680,112,112
msg,1,179,565,5875,707,112,112
msg,1,180,594,5998,783,112,112
msg,1,181,561,6120,710,112,112
msg,1,182,591,5580,709,112,112
msg,1,183,581,5578,708,112,112
msg,1,184,584,6879,707,112,112
msg,1,185,589,6508,701,112,112
msg,1,186,584,6542,705,112,112
msg,1,187,582,31702,711,112,112
msg,1,188,592,839928,696,112,112
msg,1,189,562,7134,711,112,112
msg,1,190,675,6730,684,112,112
msg,1,191,560,11777,699,112,112
msg,1,192,580,7889,707,112,112
msg,1,193,590,5634,684,112,112
msg,1,194,563,28248,708,112,112
msg,1,195,580,6233,714,112,112
msg,1,196,587,5919,687,112,112
msg,1,197,586,6768,698,112,112
msg,1,198,557,6139,705,112,112
msg,1,199,590,7799,683,112,112
whole,1,12576.228,15565.470,200
2,8.5670,12449.9350,96.3590,12554.8610,4735,4813,45,5336,4,14,5,20,72880,66275.0,70099.0,7211217.0,4947157.0,2,2,2,1
msg,2,0,734,6071,684,112,112
msg,2,1,552,6373,682,112,112
msg,2,2,560,5766,799,112,112
msg,2,3,558,7508,699,112,112
msg,2,4,558,10660,715,112,112
msg,2,5,588,5669,708,112,112
msg,2,6,583,5581,708,112,112
msg,2,7,589,31036,702,112,112
msg,2,8,586,5543,710,112,112
msg,2,9,588,6677,713,112,112
msg,2,10,588,7268,715,112,112
msg,2,11,587,5443,710,112,112
msg,2,12,689,5918,681,112,112
msg,2,13,556,9340,707,112,112
msg,2,14,580,5868,699,112,112
msg,2,15,562,6107,711,112,112
msg,2,16,590,8631,684,112,112
msg,2,17,555,25878,703,112,112
msg,2,18,561,5658,717,112,112
msg,2,19,591,5797,707,112,112
msg,2,20,582,8316,709,112,112
msg,2,21,586,5492,715,112,112
msg,2,22,577,5450,716,112,112
msg,2,23,582,12316,708,112,112
msg,2,24,588,6357,710,112,112
msg,2,25,586,6067,681,112,112
msg,2,26,562,32698,681,112,112
msg,2,27,572,5924,864,112,112
msg,2,28,589,5643,685,112,112
msg,2,29,556,6715,685,112,112
msg,2,30,567,5572,710,112,112
msg,2,31,548,6160,708,112,112
msg,2,32,590,5427,714,112,112
msg,2,33,586,7295,709,112,112
msg,2,34,585,6538,708,112,112
msg,2,35,586,6738,686,112,112
msg,2,36,567,42480,691,112,112
msg,2,37,557,6115,711,112,112
msg,2,38,593,6098,687,112,112
msg,2,39,558,5697,702,112,112
msg,2,40,584,5725,710,112,112
msg,2,41,580,9964,684,112,112
msg,2,42,559,7110,715,112,112
msg,2,43,595,5555,703,112,112
msg,2,44,587,34839,833,112,112
msg,2,45,556,5490,705,112,112
msg,2,46,555,5458,701,112,112
msg,2,47,554,5783,715,112,112
msg,2,48,584,5701,709,112,112
msg,2,49,579,6039,697,112,112
msg,2,50,562,9508,706,112,112
msg,2,51,557,6315,686,112,112
msg,2,52,562,5482,682,112,112
msg,2,53,558,8826,702,112,112
msg,2,54,592,26450,696,112,112
msg,2,55,569,6025,707,112,112
msg,2,56,582,5745,684,112,112
msg,2,57,560,5485,684,112,112
msg,2,58,559,6951,706,112,112
msg,2,59,584,5580,712,112,112
msg,2,60,591,5722,688,112,112
msg,2,61,593,5894,703,112,112
msg,2,62,559,5855,805,112,112
msg,2,63,580,5438,708,112,112
msg,2,64,585,30912,688,112,112
msg,2,65,705,5953,706,112,112
msg,2,66,581,6586,711,112,112
msg,2,67,589,5433,705,112,112
msg,2,68,592,6263,719,112,112
msg,2,69,594,8772,681,112,112
msg,2,70,580,5431,710,112,112
msg,2,71,589,6354,716,112,112
msg,2,72,587,5338,708,112,112
msg,2,73,585,6063,701,112,112
msg,2,74,559,34246,688,112,112
msg,2,75,557,5813,703,112,112
msg,2,76,552,5671,717,112,112
msg,2,77,591,5631,709,112,112
msg,2,78,597,5497,709,112,112
msg,2,79,588,5541,704,112,112
msg,2,80,576,5450,709,112,112
msg,2,81,580,7305,711,112,112
msg,2,82,592,6176,706,112,112
msg,2,83,557,7496,704,112,112
msg,2,84,558,28441,682,112,112
msg,2,85,559,5804,710,112,112
msg,2,86,592,6079,685,112,112
msg,2,87,652,5911,715,112,112
msg,2,88,587,5922,684,112,112
msg,2,89,563,5581,684,112,112
msg,2,90,558,5539,681,112,112
msg,2,91,559,10136,805,112,112
msg,2,92,587,6493,710,112,112
msg,2,93,583,6182,714,112,112
msg,2,94,585,13901,687,112,112
msg,2,95,558,16626,684,112,112
msg,2,96,569,6572,682,112,112
msg,2,97,557,6438,685,112,112
msg,2,98,557,5430,682,112,112
msg,2,99,568,5429,689,112,112
msg,2,100,659,5568,680,112,112
msg,2,101,558,5892,709,112,112
msg,2,102,582,7185,684,112,112
msg,2,103,556,6141,716,112,112
msg,2,104,585,22408,704,112,112
msg,2,105,582,13429,707,112,112
msg,2,106,589,5718,681,112,112
msg,2,107,561,6088,711,112,112
msg,2,108,584,7008,682,112,112
msg,2,109,557,5825,789,112,112
msg,2,110,583,5386,710,112,112
msg,2,111,587,5739,712,112,112
msg,2,112,584,8265,710,112,112
msg,2,113,587,6507,710,112,112
msg,2,114,583,6643,708,112,112
msg,2,115,581,32170,707,112,112
msg,2,116,558,6452,703,112,112
msg,2,117,567,6908,724,112,112
msg,2,118,588,5415,717,112,112
msg,2,119,584,6759,686,112,112
msg,2,120,562,5914,705,112,112
msg,2,121,587,11498,701,112,112
msg,2,122,582,5531,708,112,112
msg,2,123,584,5501,709,112,112
msg,2,124,579,31760,708,112,112
msg,2,125,585,6389,709,112,112
msg,2,126,592,9822,683,112,112
msg,2,127,563,6752,700,112,112
msg,2,128,561,7456,699,112,112
msg,2,129,552,10225,685,112,112
msg,2,130,584,7270,708,112,112
msg,2,131,584,5867,683,112,112
msg,2,132,562,5985,710,112,112
msg,2,133,585,28539,710,112,112
msg,2,134,599,5483,712,112,112
msg,2,135,591,5342,708,112,112
msg,2,136,585,5860,684,112,112
msg,2,137,589,5866,706,112,112
msg,2,138,554,5811,711,112,112
msg,2,139,593,5658,708,112,112
msg,2,140,585,11111,708,112,112
msg,2,141,589,7068,688,112,112
msg,2,142,557,21004,714,112,112
msg,2,143,591,16880,682,112,112
msg,2,144,556,5680,705,112,112
msg,2,145,555,8335,682,112,112
msg,2,146,570,6171,718,112,112
msg,2,147,580,6224,710,112,112
msg,2,148,586,16779,715,112,112
msg,2,149,591,5802,682,112,112
msg,2,150,568,6653,705,112,112
msg,2,151,558,31108,688,112,112
msg,2,152,585,5709,685,112,112
msg,2,153,562,5443,685,112,112
msg,2,154,556,5734,710,112,112
msg,2,155,573,5778,714,112,112
msg,2,156,588,5734,707,112,112
msg,2,157,585,5821,700,112,112
msg,2,158,555,10795,708,112,112
msg,2,159,591,5597,713,112,112
msg,2,160,580,6708,715,112,112
msg,2,161,586,14059,711,112,112
msg,2,162,584,17003,690,112,112
msg,2,163,563,6257,710,112,112
msg,2,164,583,6928,707,112,112
msg,2,165,654,5872,716,112,112
msg,2,166,592,6246,708,112,112
msg,2,167,587,5637,711,112,112
msg,2,168,590,8100,703,112,112
msg,2,169,553,5806,708,112,112
msg,2,170,593,5575,713,112,112
msg,2,171,587,5437,713,112,112
msg,2,172,588,30850,681,112,112
msg,2,173,555,6542,685,112,112
msg,2,174,560,6065,713,112,112
msg,2,175,589,5349,711,112,112
msg,2,176,588,6179,683,112,112
msg,2,177,660,6368,684,112,112
msg,2,178,559,5828,709,112,112
msg,2,179,579,5832,710,112,112
msg,2,180,580,5494,813,112,112
msg,2,181,554,7214,712,112,112
msg,2,182,580,13647,707,112,112
msg,2,183,583,17178,710,112,112
msg,2,184,580,5748,708,112,112
msg,2,185,588,6726,680,112,112
msg,2,186,557,5692,701,112,112
msg,2,187,553,6453,697,112,112
msg,2,188,560,7083,710,112,112
msg,2,189,592,10698,682,112,112
msg,2,190,564,5615,682,112,112
msg,2,191,560,5540,682,112,112
msg,2,192,558,16031,714,112,112
msg,2,193,583,16575,708,112,112
msg,2,194,586,6138,705,112,112
msg,2,195,591,5452,710,112,112
msg,2,196,576,5742,713,112,112
msg,2,197,590,5826,682,112,112
msg,2,198,569,7683,705,112,112
msg,2,199,555,5928,714,112,112
whole,2,12570.164,14645.196,200
#heap 26551
#stack 95680
#end
=== done ===
