=== MQTT / TLS 1.3 / mTLS, FALCON512 certificates, X25519MLKEM768 (wolfSSL 5.9.4) on RP2040 ===
CPU clock: 200 MHz
#config iterations=50 warmup=5 pipe_iterations=3 messages=200 payload_B=51 schemes=2 sweep_iterations=20 sweep_warmup=2 groups=13 kex_iterations=50 kex_warmup=2 blocks=41
#kat LoRaWAN / AES-CMAC / Ascon known-answer checks: OK
#wifi rssi=-20 dBm channel=10 ip=192.168.50.235 broker=192.168.50.132
#block connect plain
#lib none (plain MQTT)
iter,tcp_ms,tls_ms,mqtt_ms,total_ms,hs_tx_B,hs_rx_B,mqtt_tx_B,mqtt_rx_B,hs_writes,hs_reads,writes,reads,free_heap_B,hs_keygen_us,hs_derive_us,hs_verify_us,hs_sign_us,hs_keygen_n,hs_derive_n,hs_verify_n,hs_sign_n
0,18.3320,0.0030,8.8070,27.1420,0,0,23,4,0,0,1,1,169548,0.0,0.0,0.0,0.0,0,0,0,0
1,8.5230,0.0020,17.7900,26.3150,0,0,23,4,0,0,1,1,169324,0.0,0.0,0.0,0.0,0,0,0,0
2,6.3500,0.0030,9.5290,15.8820,0,0,23,4,0,0,1,1,169324,0.0,0.0,0.0,0.0,0,0,0,0
3,8.4840,0.0020,18.4560,26.9420,0,0,23,4,0,0,1,1,169324,0.0,0.0,0.0,0.0,0,0,0,0
4,8.6420,0.0030,6.5410,15.1860,0,0,23,4,0,0,1,1,169324,0.0,0.0,0.0,0.0,0,0,0,0
5,4.5490,0.0030,9.5220,14.0740,0,0,23,4,0,0,1,1,169324,0.0,0.0,0.0,0.0,0,0,0,0
6,7.3660,0.0020,6.4210,13.7890,0,0,23,4,0,0,1,1,169324,0.0,0.0,0.0,0.0,0,0,0,0
7,5.6360,0.0030,8.8450,14.4840,0,0,23,4,0,0,1,1,169324,0.0,0.0,0.0,0.0,0,0,0,0
8,20.3580,0.0020,4.5340,24.8940,0,0,23,4,0,0,1,1,169324,0.0,0.0,0.0,0.0,0,0,0,0
9,5.5010,0.0030,10.6590,16.1630,0,0,23,4,0,0,1,1,169324,0.0,0.0,0.0,0.0,0,0,0,0
10,24.6700,0.0030,9.4410,34.1140,0,0,23,4,0,0,1,1,169324,0.0,0.0,0.0,0.0,0,0,0,0
11,16.3540,0.0020,6.1090,22.4650,0,0,23,4,0,0,1,1,169324,0.0,0.0,0.0,0.0,0,0,0,0
12,7.5230,0.0030,4.9570,12.4830,0,0,23,4,0,0,1,1,169324,0.0,0.0,0.0,0.0,0,0,0,0
13,5.3350,0.0020,4.4960,9.8330,0,0,23,4,0,0,1,1,169324,0.0,0.0,0.0,0.0,0,0,0,0
14,10.3360,0.0030,38.5320,48.8710,0,0,23,4,0,0,1,1,169324,0.0,0.0,0.0,0.0,0,0,0,0
15,8.3490,0.0020,10.5570,18.9080,0,0,23,4,0,0,1,1,169324,0.0,0.0,0.0,0.0,0,0,0,0
16,6.5260,0.0030,25.1750,31.7040,0,0,23,4,0,0,1,1,169324,0.0,0.0,0.0,0.0,0,0,0,0
17,5.3450,0.0030,19.4410,24.7890,0,0,23,4,0,0,1,1,169324,0.0,0.0,0.0,0.0,0,0,0,0
18,13.3670,0.0030,15.5220,28.8920,0,0,23,4,0,0,1,1,169324,0.0,0.0,0.0,0.0,0,0,0,0
19,24.3720,0.0030,12.8250,37.2000,0,0,23,4,0,0,1,1,169324,0.0,0.0,0.0,0.0,0,0,0,0
20,4.4900,0.0030,5.0700,9.5630,0,0,23,4,0,0,1,1,169324,0.0,0.0,0.0,0.0,0,0,0,0
21,4.3650,0.0010,5.3100,9.6760,0,0,23,4,0,0,1,1,169324,0.0,0.0,0.0,0.0,0,0,0,0
22,10.3480,0.0030,18.0170,28.3680,0,0,23,4,0,0,1,1,169324,0.0,0.0,0.0,0.0,0,0,0,0
23,3.6580,0.0020,8.0640,11.7240,0,0,23,4,0,0,1,1,169324,0.0,0.0,0.0,0.0,0,0,0,0
24,15.3740,0.0030,6.8120,22.1890,0,0,23,4,0,0,1,1,169324,0.0,0.0,0.0,0.0,0,0,0,0
25,5.6410,0.0020,10.8260,16.4690,0,0,23,4,0,0,1,1,169324,0.0,0.0,0.0,0.0,0,0,0,0
26,22.7080,0.0020,6.4780,29.1880,0,0,23,4,0,0,1,1,169324,0.0,0.0,0.0,0.0,0,0,0,0
27,10.3550,0.0040,15.6450,26.0040,0,0,23,4,0,0,1,1,169324,0.0,0.0,0.0,0.0,0,0,0,0
28,6.4600,0.0030,15.5720,22.0350,0,0,23,4,0,0,1,1,169324,0.0,0.0,0.0,0.0,0,0,0,0
29,18.4750,0.0020,5.4430,23.9200,0,0,23,4,0,0,1,1,169324,0.0,0.0,0.0,0.0,0,0,0,0
30,5.6960,0.0030,6.1280,11.8270,0,0,23,4,0,0,1,1,169324,0.0,0.0,0.0,0.0,0,0,0,0
31,5.4550,0.0020,9.9870,15.4440,0,0,23,4,0,0,1,1,169324,0.0,0.0,0.0,0.0,0,0,0,0
32,6.5270,0.0040,30.3380,36.8690,0,0,23,4,0,0,1,1,169324,0.0,0.0,0.0,0.0,0,0,0,0
33,6.3610,0.0020,20.3430,26.7060,0,0,23,4,0,0,1,1,169324,0.0,0.0,0.0,0.0,0,0,0,0
34,8.3330,0.0020,11.3030,19.6380,0,0,23,4,0,0,1,1,169324,0.0,0.0,0.0,0.0,0,0,0,0
35,24.3570,0.0020,4.5290,28.8880,0,0,23,4,0,0,1,1,169324,0.0,0.0,0.0,0.0,0,0,0,0
36,4.3470,0.0020,20.0560,24.4050,0,0,23,4,0,0,1,1,169324,0.0,0.0,0.0,0.0,0,0,0,0
37,14.3470,0.0030,13.0600,27.4100,0,0,23,4,0,0,1,1,169324,0.0,0.0,0.0,0.0,0,0,0,0
38,10.3600,0.0030,7.7520,18.1150,0,0,23,4,0,0,1,1,169324,0.0,0.0,0.0,0.0,0,0,0,0
39,7.5830,0.0030,5.3570,12.9430,0,0,23,4,0,0,1,1,169324,0.0,0.0,0.0,0.0,0,0,0,0
40,6.7300,0.0020,9.7450,16.4770,0,0,23,4,0,0,1,1,169324,0.0,0.0,0.0,0.0,0,0,0,0
41,23.5380,0.0020,4.4920,28.0320,0,0,23,4,0,0,1,1,169324,0.0,0.0,0.0,0.0,0,0,0,0
42,5.3310,0.0030,18.1910,23.5250,0,0,23,4,0,0,1,1,169324,0.0,0.0,0.0,0.0,0,0,0,0
43,4.3540,0.0030,11.1250,15.4820,0,0,23,4,0,0,1,1,169324,0.0,0.0,0.0,0.0,0,0,0,0
44,4.3570,0.0030,4.3660,8.7260,0,0,23,4,0,0,1,1,169324,0.0,0.0,0.0,0.0,0,0,0,0
45,9.3560,0.0030,4.6020,13.9610,0,0,23,4,0,0,1,1,169324,0.0,0.0,0.0,0.0,0,0,0,0
46,8.3340,0.0020,19.6670,28.0030,0,0,23,4,0,0,1,1,169324,0.0,0.0,0.0,0.0,0,0,0,0
47,9.3690,0.0030,10.0900,19.4620,0,0,23,4,0,0,1,1,169324,0.0,0.0,0.0,0.0,0,0,0,0
48,6.4380,0.0020,15.8860,22.3260,0,0,23,4,0,0,1,1,169324,0.0,0.0,0.0,0.0,0,0,0,0
49,4.3350,0.0030,8.1380,12.4760,0,0,23,4,0,0,1,1,169324,0.0,0.0,0.0,0.0,0,0,0,0
#stack 1896
#end
#block connect TLS
#lib wolfSSL 5.9.4
iter,tcp_ms,tls_ms,mqtt_ms,total_ms,hs_tx_B,hs_rx_B,mqtt_tx_B,mqtt_rx_B,hs_writes,hs_reads,writes,reads,free_heap_B,hs_keygen_us,hs_derive_us,hs_verify_us,hs_sign_us,hs_keygen_n,hs_derive_n,hs_verify_n,hs_sign_n
#suite TLS13-AES256-GCM-SHA384
0,21.7000,230.4000,12.4160,264.5160,1391,3822,45,568,2,12,3,18,167444,66231.0,70611.0,15584.0,0.0,2,2,2,0
1,5.5070,227.7080,22.9970,256.2120,1391,3824,45,568,2,12,3,18,167444,66213.0,70388.0,15593.0,0.0,2,2,2,0
2,5.4980,231.4690,19.6720,256.6390,1391,3822,45,568,2,12,3,18,167444,66299.0,69992.0,15636.0,0.0,2,2,2,0
3,5.3980,324.7860,13.4010,343.5850,1391,3824,45,568,2,12,3,18,167444,66118.0,69948.0,15456.0,0.0,2,2,2,0
4,9.6090,228.6460,14.4150,252.6700,1391,3821,45,568,2,12,3,18,167444,66214.0,69924.0,15417.0,0.0,2,2,2,0
5,5.4230,229.8690,12.3890,247.6810,1391,3822,45,568,2,12,3,18,167444,66154.0,70048.0,15609.0,0.0,2,2,2,0
6,6.3980,229.5460,18.1240,254.0680,1391,3824,45,568,2,12,3,18,167444,66350.0,70064.0,15487.0,0.0,2,2,2,0
7,21.6180,229.6300,9.1730,260.4210,1391,3824,45,568,2,12,3,18,167444,66200.0,70058.0,15449.0,0.0,2,2,2,0
8,4.6520,231.9480,49.2530,285.8530,1391,3819,45,568,2,12,3,18,167444,66810.0,70573.0,15450.0,0.0,2,2,2,0
9,19.4200,230.6590,24.7060,274.7850,1391,3816,45,568,2,12,3,18,167444,66125.0,70410.0,15621.0,0.0,2,2,2,0
10,5.6030,228.1080,21.1940,254.9050,1391,3825,45,568,2,12,3,18,167444,66284.0,70110.0,15322.0,0.0,2,2,2,0
11,3.7570,230.7480,16.5320,251.0370,1391,3823,45,568,2,12,3,18,167444,66225.0,70056.0,15406.0,0.0,2,2,2,0
12,8.5520,228.2620,11.5250,248.3390,1391,3820,45,568,2,12,3,18,167444,66260.0,70066.0,15429.0,0.0,2,2,2,0
13,4.4160,228.1890,12.0050,244.6100,1391,3819,45,568,2,12,3,18,167444,66420.0,70273.0,15594.0,0.0,2,2,2,0
14,5.3850,226.7650,12.1630,244.3130,1391,3822,45,568,2,12,3,18,167444,66186.0,70665.0,15457.0,0.0,2,2,2,0
15,13.5800,225.1010,13.1530,251.8340,1391,3825,45,568,2,12,3,18,167444,66327.0,70025.0,15616.0,0.0,2,2,2,0
16,4.3780,230.3400,10.8240,245.5420,1391,3821,45,568,2,12,3,18,167444,66335.0,70040.0,15411.0,0.0,2,2,2,0
17,3.4190,228.3800,13.0280,244.8270,1391,3822,45,568,2,12,3,18,167444,66323.0,70159.0,15464.0,0.0,2,2,2,0
18,4.7390,224.5730,19.1850,248.4970,1391,3825,45,568,2,12,3,18,167444,66166.0,69945.0,15581.0,0.0,2,2,2,0
19,4.4560,229.8460,11.7580,246.0600,1391,3820,45,568,2,12,3,18,167444,66271.0,71499.0,15629.0,0.0,2,2,2,0
20,6.4970,225.9560,16.1280,248.5810,1391,3820,45,568,2,12,3,18,167444,66181.0,71595.0,15479.0,0.0,2,2,2,0
21,5.4500,233.0650,12.6740,251.1890,1391,3822,45,568,2,12,3,18,167444,66451.0,70332.0,15566.0,0.0,2,2,2,0
22,5.4110,224.9640,17.7370,248.1120,1391,3823,45,568,2,12,3,18,167444,66268.0,69951.0,15429.0,0.0,2,2,2,0
23,21.4460,236.1370,12.1030,269.6860,1391,3821,45,568,2,12,3,18,167444,66282.0,70564.0,15489.0,0.0,2,2,2,0
24,5.3870,231.5130,21.9060,258.8060,1391,3824,45,568,2,12,3,18,167444,66124.0,70090.0,15762.0,0.0,2,2,2,0
25,5.5430,230.2950,20.3080,256.1460,1391,3822,45,568,2,12,3,18,167444,66320.0,71445.0,15674.0,0.0,2,2,2,0
26,5.4510,229.2630,11.6240,246.3380,1391,3823,45,568,2,12,3,18,167444,66266.0,69951.0,15488.0,0.0,2,2,2,0
27,7.9120,227.3380,15.2190,250.4690,1391,3820,45,568,2,12,3,18,167444,66429.0,70155.0,15670.0,0.0,2,2,2,0
28,5.3970,231.8490,12.7870,250.0330,1391,3825,45,568,2,12,3,18,167444,66337.0,70806.0,15591.0,0.0,2,2,2,0
29,5.5340,225.9430,13.1000,244.5770,1391,3824,45,568,2,12,3,18,167444,66214.0,70639.0,15452.0,0.0,2,2,2,0
30,5.6030,229.3030,10.8520,245.7580,1391,3822,45,568,2,12,3,18,167444,66193.0,70673.0,15451.0,0.0,2,2,2,0
31,6.4110,225.5730,17.8230,249.8070,1391,3822,45,568,2,12,3,18,167444,66169.0,70534.0,15435.0,0.0,2,2,2,0
32,5.9020,229.1000,11.6420,246.6440,1391,3823,45,568,2,12,3,18,167444,66180.0,70539.0,15431.0,0.0,2,2,2,0
33,4.5370,232.8630,11.5510,248.9510,1391,3823,45,568,2,12,3,18,167444,66295.0,70314.0,15431.0,0.0,2,2,2,0
34,5.4270,229.4240,12.2180,247.0690,1391,3824,45,568,2,12,3,18,167444,66406.0,70540.0,15322.0,0.0,2,2,2,0
35,6.5470,226.4170,14.7040,247.6680,1391,3825,45,568,2,12,3,18,167444,66212.0,70506.0,15480.0,0.0,2,2,2,0
36,6.4760,231.9260,12.1660,250.5680,1391,3823,45,568,2,12,3,18,167444,66263.0,70599.0,15740.0,0.0,2,2,2,0
37,6.4350,225.8210,17.2840,249.5400,1391,3823,45,568,2,12,3,18,167444,66073.0,70445.0,15454.0,0.0,2,2,2,0
38,4.5830,228.6310,11.9640,245.1780,1391,3825,45,568,2,12,3,18,167444,66139.0,70393.0,15330.0,0.0,2,2,2,0
39,8.4070,228.2410,17.6050,254.2530,1391,3827,45,568,2,12,3,18,167444,66216.0,70520.0,15311.0,0.0,2,2,2,0
40,5.4440,228.9880,12.9470,247.3790,1391,3825,45,568,2,12,3,18,167444,66322.0,70605.0,15436.0,0.0,2,2,2,0
41,4.4120,226.8570,15.2020,246.4710,1391,3822,45,568,2,12,3,18,167444,66270.0,70918.0,15588.0,0.0,2,2,2,0
42,4.6540,229.2930,14.3130,248.2600,1391,3828,45,568,2,12,3,18,167444,66200.0,69957.0,15544.0,0.0,2,2,2,0
43,5.4950,227.4720,12.4150,245.3820,1391,3824,45,568,2,12,3,18,167444,66103.0,70097.0,15334.0,0.0,2,2,2,0
44,4.5410,232.3420,11.6310,248.5140,1391,3824,45,568,2,12,3,18,167444,66195.0,70099.0,15564.0,0.0,2,2,2,0
45,5.5910,228.8030,14.4710,248.8650,1391,3825,45,568,2,12,3,18,167444,66226.0,70064.0,15584.0,0.0,2,2,2,0
46,5.4990,228.8970,11.3530,245.7490,1391,3823,45,568,2,12,3,18,167444,66451.0,71122.0,15683.0,0.0,2,2,2,0
47,6.3900,225.3680,17.1890,248.9470,1391,3819,45,568,2,12,3,18,167444,66304.0,70067.0,15598.0,0.0,2,2,2,0
48,20.4310,236.0000,8.5550,264.9860,1391,3824,45,568,2,12,3,18,167444,66307.0,71583.0,15620.0,0.0,2,2,2,0
49,4.6840,230.3110,24.4850,259.4800,1391,3822,45,568,2,12,3,18,167444,66299.0,69961.0,15449.0,0.0,2,2,2,0
#heap 22218
#stack 3384
#end
#block connect mTLS
#lib wolfSSL 5.9.4
iter,tcp_ms,tls_ms,mqtt_ms,total_ms,hs_tx_B,hs_rx_B,mqtt_tx_B,mqtt_rx_B,hs_writes,hs_reads,writes,reads,free_heap_B,hs_keygen_us,hs_derive_us,hs_verify_us,hs_sign_us,hs_keygen_n,hs_derive_n,hs_verify_n,hs_sign_n
#suite TLS13-AES256-GCM-SHA384
0,7.6790,1247.7240,33.3350,1288.7380,3935,3995,45,4216,4,14,5,20,163348,66337.0,70164.0,15446.0,1002425.0,2,2,2,1
1,6.4170,1248.3520,29.4110,1284.1800,3934,3989,45,4216,4,14,5,20,163348,66617.0,69943.0,15789.0,1005852.0,2,2,2,1
2,5.3950,1254.8140,23.5000,1283.7090,3937,3994,45,4216,4,14,5,20,163348,66419.0,70128.0,15495.0,1006749.0,2,2,2,1
3,4.3870,1247.9030,36.6460,1288.9360,3930,3994,45,4216,4,14,5,20,163348,66098.0,70626.0,15595.0,1002812.0,2,2,2,1
4,4.4790,1248.6260,284.9300,1538.0350,3934,3992,45,4216,4,14,5,20,163348,66276.0,70062.0,15582.0,1006749.0,2,2,2,1
5,5.5330,1246.4320,32.8230,1284.7880,3936,3992,45,4216,4,14,5,20,163348,66280.0,70060.0,15648.0,999511.0,2,2,2,1
6,4.7380,1247.6030,33.1230,1285.4640,3934,3992,45,4216,4,14,5,20,163348,66345.0,71363.0,15772.0,999365.0,2,2,2,1
7,20.5210,1245.5460,22.9190,1288.9860,3931,3995,45,4216,4,14,5,20,163348,66284.0,70603.0,15619.0,997944.0,2,2,2,1
8,6.4290,1251.7660,34.6000,1292.7950,3935,3996,45,4216,4,14,5,20,163348,66189.0,70482.0,15472.0,1006979.0,2,2,2,1
9,4.6870,1247.5100,27.0840,1279.2810,3933,3997,45,4216,4,14,5,20,163348,66302.0,70177.0,15435.0,1003585.0,2,2,2,1
10,4.3960,1249.9100,23.8250,1278.1310,3937,3995,45,4216,4,14,5,20,163348,66285.0,70068.0,15593.0,1003858.0,2,2,2,1
11,5.3960,1246.7420,29.5370,1281.6750,3930,3991,45,4216,4,14,5,20,163348,66275.0,70029.0,15551.0,1002458.0,2,2,2,1
12,7.6910,1244.9410,29.9110,1282.5430,3930,3990,45,4216,4,14,5,20,163348,66171.0,70077.0,15587.0,1002456.0,2,2,2,1
13,15.4150,1256.5900,24.9960,1297.0010,3934,3990,45,4216,4,14,5,20,163348,66076.0,70699.0,15485.0,1002673.0,2,2,2,1
14,4.7810,1241.4710,34.3150,1280.5670,3936,3994,45,4216,4,14,5,20,163348,66073.0,70100.0,15431.0,997807.0,2,2,2,1
15,4.3750,1246.3170,29.2480,1279.9400,3935,3989,45,4216,4,14,5,20,163348,66172.0,70132.0,15610.0,1001110.0,2,2,2,1
16,4.6070,1243.4480,31.7130,1279.7680,3933,3994,45,4216,4,14,5,20,163348,66320.0,70188.0,15395.0,995685.0,2,2,2,1
17,5.7500,1238.8080,31.3320,1275.8900,3935,3995,45,4216,4,14,5,20,163348,66219.0,69975.0,15545.0,999049.0,2,2,2,1
18,7.3810,1244.1750,26.4490,1278.0050,3936,3992,45,4216,4,14,5,20,163348,66246.0,71195.0,15677.0,999864.0,2,2,2,1
19,5.4440,1244.5410,30.2950,1280.2800,3930,3994,45,4216,4,14,5,20,163348,66201.0,70569.0,15451.0,999736.0,2,2,2,1
20,5.5180,1247.5260,28.8170,1281.8610,3935,3995,45,4216,4,14,5,20,163348,66104.0,69942.0,15585.0,1000148.0,2,2,2,1
21,4.8490,1247.8800,22.1480,1274.8770,3937,3990,45,4216,4,14,5,20,163348,66440.0,71550.0,15543.0,1002420.0,2,2,2,1
22,4.4250,1241.4350,29.7000,1275.5600,3934,3990,45,4216,4,14,5,20,163348,66304.0,69921.0,15410.0,1001586.0,2,2,2,1
23,18.5990,1251.0860,23.2430,1292.9280,3934,3994,45,4216,4,14,5,20,163348,66206.0,71367.0,15466.0,999511.0,2,2,2,1
24,7.3820,1251.1960,23.3260,1281.9040,3932,3995,45,4216,4,14,5,20,163348,66304.0,71595.0,15758.0,999484.0,2,2,2,1
25,4.8870,1245.7880,31.2180,1281.8930,3935,3993,45,4216,4,14,5,20,163348,66097.0,70343.0,15558.0,999657.0,2,2,2,1
26,5.4030,1251.9070,24.2270,1281.5370,3935,3996,45,4216,4,14,5,20,163348,66317.0,70085.0,15555.0,1003733.0,2,2,2,1
27,5.7260,1240.8090,34.3620,1280.8970,3936,3994,45,4216,4,14,5,20,163348,66253.0,70085.0,15579.0,997653.0,2,2,2,1
28,11.4010,1238.8920,30.2220,1280.5150,3935,3993,45,4216,4,14,5,20,163348,66678.0,69883.0,15406.0,1000662.0,2,2,2,1
29,6.3970,1247.4710,25.5350,1279.4030,3932,3994,45,4216,4,14,5,20,163348,66365.0,70136.0,15649.0,1002862.0,2,2,2,1
30,20.3940,1261.4980,35.0060,1316.8980,3938,3995,45,4216,4,14,5,20,163348,66320.0,70457.0,15718.0,1008409.0,2,2,2,1
31,15.0220,1245.4230,25.4360,1285.8810,3932,3992,45,4216,4,14,5,20,163348,66156.0,70061.0,15435.0,1003408.0,2,2,2,1
32,5.5900,1241.2860,22.4200,1269.2960,3934,3994,45,4216,4,14,5,20,163348,66288.0,70149.0,15428.0,997725.0,2,2,2,1
33,4.5860,1247.6980,37.3550,1289.6390,3935,3992,45,4216,4,14,5,20,163348,66374.0,70108.0,15588.0,1002365.0,2,2,2,1
34,5.3990,1240.6870,26.2720,1272.3580,3936,3991,45,4216,4,14,5,20,163348,66170.0,70142.0,15660.0,999027.0,2,2,2,1
35,7.6360,1242.3010,25.9450,1275.8820,3931,3993,45,4216,4,14,5,20,163348,66235.0,70096.0,15408.0,998697.0,2,2,2,1
36,7.4050,1243.1200,31.8210,1282.3460,3933,3995,45,4216,4,14,5,20,163348,66113.0,70434.0,15629.0,1000365.0,2,2,2,1
37,5.6670,1242.0490,24.0300,1271.7460,3935,3996,45,4216,4,14,5,20,163348,66114.0,70050.0,15488.0,998151.0,2,2,2,1
38,4.7100,1241.6680,33.9840,1280.3620,3934,3993,45,4216,4,14,5,20,163348,66437.0,70070.0,15761.0,998543.0,2,2,2,1
39,5.3770,1249.2110,31.7000,1286.2880,3932,3993,45,4216,4,14,5,20,163348,66290.0,70051.0,15581.0,1002354.0,2,2,2,1
40,16.4080,1253.7200,21.9860,1292.1140,3933,3993,45,4216,4,14,5,20,163348,66304.0,70053.0,15651.0,1000870.0,2,2,2,1
41,4.3940,1250.7960,26.2870,1281.4770,3936,3994,45,4216,4,14,5,21,163348,66162.0,70043.0,15456.0,1005755.0,2,2,2,1
42,6.3710,1246.1060,29.2460,1281.7230,3935,3992,45,4216,4,14,5,20,163348,66208.0,70290.0,15464.0,1001747.0,2,2,2,1
43,18.7030,1252.5010,22.9250,1294.1290,3932,3992,45,4216,4,14,5,20,163348,66227.0,70092.0,15443.0,999016.0,2,2,2,1
44,7.5280,1247.0830,32.9480,1287.5590,3931,3991,45,4216,4,14,5,20,163348,66363.0,70066.0,15570.0,1003481.0,2,2,2,1
45,5.3870,1239.9160,32.1320,1277.4350,3936,3992,45,4216,4,14,5,20,163348,66222.0,70000.0,15607.0,998887.0,2,2,2,1
46,19.7170,1254.3060,22.1010,1296.1240,3934,3987,45,4216,4,14,5,20,163348,66226.0,70165.0,15588.0,999313.0,2,2,2,1
47,4.7410,1241.6540,32.5160,1278.9110,3934,3995,45,4216,4,14,5,20,163348,66103.0,70518.0,15599.0,998106.0,2,2,2,1
48,5.4630,1242.8240,32.3040,1280.5910,3933,3993,45,4216,4,14,5,20,163348,66217.0,71652.0,15568.0,999317.0,2,2,2,1
49,6.3980,1249.8130,23.9130,1280.1240,3935,3990,45,4216,4,14,5,20,163348,66405.0,69957.0,15421.0,1003133.0,2,2,2,1
#heap 75954
#stack 3384
#end
#block pipeline plain lorawan11 up
#aead LoRaWAN-1.1 AES-128-CTR+2xCMAC (BearSSL (arduino-pico)), uplink, 51 B payload + 13 B overhead
#lib none (plain MQTT)
iter,tcp_ms,tls_ms,mqtt_ms,total_ms,hs_tx_B,hs_rx_B,mqtt_tx_B,mqtt_rx_B,hs_writes,hs_reads,writes,reads,free_heap_B,hs_keygen_us,hs_derive_us,hs_verify_us,hs_sign_us,hs_keygen_n,hs_derive_n,hs_verify_n,hs_sign_n
msg,iter,idx,seal_us,rtt_us,open_us,tx_B,rx_B
whole,iter,first_ms,all_ms,msgs
0,4.3960,0.0020,4.3370,8.7350,0,0,23,4,0,0,1,1,169324,0.0,0.0,0.0,0.0,0,0,0,0
msg,0,0,829,3495,769,90,90
msg,0,1,706,17591,758,90,90
msg,0,2,675,3823,785,90,90
msg,0,3,701,3918,761,90,90
msg,0,4,670,6413,769,90,90
msg,0,5,669,3798,830,90,90
msg,0,6,696,16700,754,90,90
msg,0,7,678,5346,761,90,90
msg,0,8,703,3849,776,90,90
msg,0,9,699,3855,760,90,90
msg,0,10,698,3831,771,90,90
msg,0,11,698,5984,765,90,90
msg,0,12,681,3610,777,90,90
msg,0,13,698,4595,772,90,90
msg,0,14,697,20445,776,90,90
msg,0,15,694,7025,778,90,90
msg,0,16,697,3766,778,90,90
msg,0,17,696,4580,762,90,90
msg,0,18,675,16079,777,90,90
msg,0,19,701,4817,774,90,90
msg,0,20,672,3920,779,90,90
msg,0,21,767,4145,780,90,90
msg,0,22,705,3725,759,90,90
msg,0,23,704,6160,777,90,90
msg,0,24,701,3859,775,90,90
msg,0,25,680,3876,780,90,90
msg,0,26,698,18768,773,90,90
msg,0,27,678,6582,777,90,90
msg,0,28,695,6419,778,90,90
msg,0,29,696,4348,774,90,90
msg,0,30,707,17274,780,90,90
msg,0,31,706,4029,774,90,90
msg,0,32,682,4472,779,90,90
msg,0,33,674,4679,773,90,90
msg,0,34,706,3774,760,90,90
msg,0,35,744,3686,775,90,90
msg,0,36,699,3868,766,90,90
msg,0,37,700,4764,781,90,90
msg,0,38,700,20377,778,90,90
msg,0,39,694,6245,778,90,90
msg,0,40,676,5253,764,90,90
msg,0,41,672,3982,778,90,90
msg,0,42,699,17380,780,90,90
msg,0,43,707,5130,777,90,90
msg,0,44,780,4800,760,90,90
msg,0,45,672,4516,770,90,90
msg,0,46,683,3849,775,90,90
msg,0,47,699,3907,775,90,90
msg,0,48,673,4442,776,90,90
msg,0,49,699,3938,764,90,90
msg,0,50,697,18715,781,90,90
msg,0,51,703,3843,771,90,90
msg,0,52,693,6649,757,90,90
msg,0,53,678,4338,763,90,90
msg,0,54,670,16390,759,90,90
msg,0,55,676,4651,818,90,90
msg,0,56,701,5539,775,90,90
msg,0,57,706,3879,756,90,90
msg,0,58,675,3859,771,90,90
msg,0,59,699,5303,778,90,90
msg,0,60,705,3873,757,90,90
msg,0,61,679,4032,779,90,90
msg,0,62,703,19593,772,90,90
msg,0,63,675,8393,766,90,90
msg,0,64,678,4854,773,90,90
msg,0,65,702,4000,775,90,90
msg,0,66,673,16816,783,90,90
msg,0,67,705,4651,820,90,90
msg,0,68,679,4136,776,90,90
msg,0,69,703,4260,775,90,90
msg,0,70,704,3779,762,90,90
msg,0,71,674,5070,770,90,90
msg,0,72,696,3652,758,90,90
msg,0,73,677,5500,772,90,90
msg,0,74,678,15249,762,90,90
msg,0,75,672,5454,783,90,90
msg,0,76,674,7288,757,90,90
msg,0,77,675,5396,777,90,90
msg,0,78,671,15873,783,90,90
msg,0,79,712,4974,773,90,90
msg,0,80,707,3843,776,90,90
msg,0,81,705,3500,760,90,90
msg,0,82,699,3985,779,90,90
msg,0,83,698,5993,778,90,90
msg,0,84,685,7967,773,90,90
msg,0,85,815,17107,785,90,90
msg,0,86,704,4372,774,90,90
msg,0,87,700,3779,777,90,90
msg,0,88,670,5987,779,90,90
msg,0,89,698,5088,775,90,90
msg,0,90,701,19262,790,90,90
msg,0,91,694,5219,774,90,90
msg,0,92,700,4628,772,90,90
msg,0,93,701,5030,776,90,90
msg,0,94,697,6175,770,90,90
msg,0,95,671,3845,778,90,90
msg,0,96,702,4296,779,90,90
msg,0,97,706,20175,779,90,90
msg,0,98,698,3922,763,90,90
msg,0,99,669,7534,838,90,90
msg,0,100,813,21527,777,90,90
msg,0,101,706,4469,778,90,90
msg,0,102,701,4130,767,90,90
msg,0,103,708,4324,825,90,90
msg,0,104,693,4025,759,90,90
msg,0,105,673,5994,774,90,90
msg,0,106,700,4029,832,90,90
msg,0,107,701,3870,759,90,90
msg,0,108,672,19916,780,90,90
msg,0,109,711,4127,777,90,90
msg,0,110,697,3513,779,90,90
msg,0,111,705,4481,778,90,90
msg,0,112,702,3616,761,90,90
msg,0,113,697,16369,765,90,90
msg,0,114,694,6606,776,90,90
msg,0,115,680,6262,763,90,90
msg,0,116,684,3887,786,90,90
msg,0,117,704,5521,771,90,90
msg,0,118,698,4068,776,90,90
msg,0,119,695,3882,775,90,90
msg,0,120,674,15253,811,90,90
msg,0,121,670,4509,761,90,90
msg,0,122,687,6298,760,90,90
msg,0,123,671,6997,784,90,90
msg,0,124,696,18742,771,90,90
msg,0,125,681,4167,765,90,90
msg,0,126,702,4066,780,90,90
msg,0,127,702,4020,831,90,90
msg,0,128,703,4296,781,90,90
msg,0,129,698,5613,783,90,90
msg,0,130,809,3800,761,90,90
msg,0,131,681,21261,765,90,90
msg,0,132,683,6738,785,90,90
msg,0,133,714,4221,783,90,90
msg,0,134,699,4331,769,90,90
msg,0,135,696,3956,771,90,90
msg,0,136,693,15866,772,90,90
msg,0,137,699,4280,775,90,90
msg,0,138,704,7412,779,90,90
msg,0,139,702,5216,774,90,90
msg,0,140,701,7909,779,90,90
msg,0,141,695,4619,760,90,90
msg,0,142,679,19894,778,90,90
msg,0,143,694,4510,781,90,90
msg,0,144,707,4158,778,90,90
msg,0,145,705,6855,759,90,90
msg,0,146,679,3924,804,90,90
msg,0,147,707,18064,822,90,90
msg,0,148,702,4461,784,90,90
msg,0,149,703,6301,787,90,90
msg,0,150,696,4618,775,90,90
msg,0,151,704,5553,756,90,90
msg,0,152,674,3935,778,90,90
msg,0,153,706,3665,767,90,90
msg,0,154,669,16015,786,90,90
msg,0,155,704,5691,765,90,90
msg,0,156,739,4069,782,90,90
msg,0,157,703,5970,777,90,90
msg,0,158,703,4650,777,90,90
msg,0,159,691,17282,777,90,90
msg,0,160,701,4020,785,90,90
msg,0,161,702,5863,770,90,90
msg,0,162,692,56347,782,90,90
msg,0,163,716,32623,766,90,90
msg,0,164,675,3636,783,90,90
msg,0,165,700,4762,770,90,90
msg,0,166,696,4272,779,90,90
msg,0,167,701,9214,784,90,90
msg,0,168,696,4087,774,90,90
msg,0,169,704,17240,774,90,90
msg,0,170,673,5677,776,90,90
msg,0,171,773,4425,774,90,90
msg,0,172,703,4823,766,90,90
msg,0,173,670,4055,771,90,90
msg,0,174,710,16034,776,90,90
msg,0,175,709,3899,761,90,90
msg,0,176,679,3744,779,90,90
msg,0,177,704,5285,778,90,90
msg,0,178,700,3531,779,90,90
msg,0,179,701,6271,776,90,90
msg,0,180,702,3654,765,90,90
msg,0,181,699,6480,766,90,90
msg,0,182,675,15665,775,90,90
msg,0,183,695,3828,771,90,90
msg,0,184,711,3643,759,90,90
msg,0,185,679,4260,762,90,90
msg,0,186,669,4336,767,90,90
msg,0,187,696,16368,760,90,90
msg,0,188,697,4131,767,90,90
msg,0,189,702,5594,758,90,90
msg,0,190,675,7359,765,90,90
msg,0,191,678,7446,763,90,90
msg,0,192,670,4584,828,90,90
msg,0,193,706,5685,773,90,90
msg,0,194,709,17475,780,90,90
msg,0,195,707,3596,767,90,90
msg,0,196,674,3888,792,90,90
msg,0,197,701,4449,776,90,90
msg,0,198,704,4046,777,90,90
msg,0,199,694,17266,782,90,90
whole,0,22.162,1828.548,200
1,6.6990,0.0030,10.8680,17.5700,0,0,23,4,0,0,1,1,169324,0.0,0.0,0.0,0.0,0,0,0,0
msg,1,0,822,4217,785,90,90
msg,1,1,671,5679,771,90,90
msg,1,2,702,18016,783,90,90
msg,1,3,683,4490,773,90,90
msg,1,4,701,6487,779,90,90
msg,1,5,707,4771,764,90,90
msg,1,6,703,16253,773,90,90
msg,1,7,696,5937,766,90,90
msg,1,8,694,3896,768,90,90
msg,1,9,671,5014,779,90,90
msg,1,10,704,4190,773,90,90
msg,1,11,700,4763,825,90,90
msg,1,12,706,5865,776,90,90
msg,1,13,693,17292,771,90,90
msg,1,14,709,6180,781,90,90
msg,1,15,678,3490,778,90,90
msg,1,16,766,5532,779,90,90
msg,1,17,709,3404,776,90,90
msg,1,18,697,16764,769,90,90
msg,1,19,686,3959,777,90,90
msg,1,20,699,4040,780,90,90
msg,1,21,696,5710,788,90,90
msg,1,22,701,3667,761,90,90
msg,1,23,676,5186,759,90,90
msg,1,24,684,4064,774,90,90
msg,1,25,694,4906,779,90,90
msg,1,26,670,16689,777,90,90
msg,1,27,709,5320,772,90,90
msg,1,28,704,3833,759,90,90
msg,1,29,764,3489,777,90,90
msg,1,30,680,4350,765,90,90
msg,1,31,664,18671,775,90,90
msg,1,32,704,4809,778,90,90
msg,1,33,704,6475,763,90,90
msg,1,34,682,3924,781,90,90
msg,1,35,707,5589,780,90,90
msg,1,36,704,3929,771,90,90
msg,1,37,706,3728,776,90,90
msg,1,38,700,15684,763,90,90
msg,1,39,677,3728,777,90,90
msg,1,40,707,3976,755,90,90
msg,1,41,678,6340,763,90,90
msg,1,42,672,3908,778,90,90
msg,1,43,706,17490,784,90,90
msg,1,44,697,3669,828,90,90
msg,1,45,676,4134,764,90,90
msg,1,46,697,4132,773,90,90
msg,1,47,695,5316,775,90,90
msg,1,48,774,5685,763,90,90
msg,1,49,672,4743,771,90,90
msg,1,50,693,19299,774,90,90
msg,1,51,710,4089,765,90,90
msg,1,52,674,3876,777,90,90
msg,1,53,707,6239,774,90,90
msg,1,54,699,3694,769,90,90
msg,1,55,701,17348,775,90,90
msg,1,56,708,3885,779,90,90
msg,1,57,702,3895,764,90,90
msg,1,58,677,4055,766,90,90
msg,1,59,703,3968,784,90,90
msg,1,60,765,6637,773,90,90
msg,1,61,704,6179,766,90,90
msg,1,62,699,18467,787,90,90
msg,1,63,706,4384,783,90,90
msg,1,64,711,4005,776,90,90
msg,1,65,697,6687,776,90,90
msg,1,66,707,4949,771,90,90
msg,1,67,710,18105,768,90,90
msg,1,68,672,4044,786,90,90
msg,1,69,693,3798,772,90,90
msg,1,70,681,4134,760,90,90
msg,1,71,741,4877,781,90,90
msg,1,72,706,3884,762,90,90
msg,1,73,674,3991,780,90,90
msg,1,74,696,4074,777,90,90
msg,1,75,701,16774,774,90,90
msg,1,76,719,4370,775,90,90
msg,1,77,700,4347,768,90,90
msg,1,78,705,4635,780,90,90
msg,1,79,686,4329,777,90,90
msg,1,80,673,16269,769,90,90
msg,1,81,679,3985,784,90,90
msg,1,82,704,4031,785,90,90
msg,1,83,708,5429,778,90,90
msg,1,84,703,7162,781,90,90
msg,1,85,704,4917,760,90,90
msg,1,86,696,5125,767,90,90
msg,1,87,771,17874,776,90,90
msg,1,88,705,4273,771,90,90
msg,1,89,675,4245,762,90,90
msg,1,90,681,3816,779,90,90
msg,1,91,701,3468,778,90,90
msg,1,92,708,6503,766,90,90
msg,1,93,696,10055,784,90,90
msg,1,94,700,3629,769,90,90
msg,1,95,699,4319,772,90,90
msg,1,96,704,3832,775,90,90
msg,1,97,697,4138,766,90,90
msg,1,98,686,6854,775,90,90
msg,1,99,704,4172,778,90,90
msg,1,100,704,3802,774,90,90
msg,1,101,707,15893,769,90,90
msg,1,102,692,3950,767,90,90
msg,1,103,675,3871,777,90,90
msg,1,104,702,3508,773,90,90
msg,1,105,705,4228,772,90,90
msg,1,106,692,6909,759,90,90
msg,1,107,675,10489,785,90,90
msg,1,108,681,4107,764,90,90
msg,1,109,676,4032,772,90,90
msg,1,110,703,4741,761,90,90
msg,1,111,671,4935,782,90,90
msg,1,112,709,5691,765,90,90
msg,1,113,701,5674,772,90,90
msg,1,114,674,15817,784,90,90
msg,1,115,704,3631,762,90,90
msg,1,116,672,3828,773,90,90
msg,1,117,700,5975,764,90,90
msg,1,118,675,5232,764,90,90
msg,1,119,697,16608,776,90,90
msg,1,120,682,6291,765,90,90
msg,1,121,682,4096,769,90,90
msg,1,122,698,4374,771,90,90
msg,1,123,708,4118,779,90,90
msg,1,124,712,5440,779,90,90
msg,1,125,697,4558,771,90,90
msg,1,126,676,4265,769,90,90
msg,1,127,690,14951,777,90,90
msg,1,128,702,5306,780,90,90
msg,1,129,706,4323,778,90,90
msg,1,130,703,3532,781,90,90
msg,1,131,699,4371,778,90,90
msg,1,132,702,18204,774,90,90
msg,1,133,703,3440,831,90,90
msg,1,134,713,4968,776,90,90
msg,1,135,698,8010,759,90,90
msg,1,136,703,6465,762,90,90
msg,1,137,682,5364,765,90,90
msg,1,138,676,17762,778,90,90
msg,1,139,698,4039,765,90,90
msg,1,140,672,3916,786,90,90
msg,1,141,700,8427,782,90,90
msg,1,142,702,19772,785,90,90
msg,1,143,670,6860,774,90,90
msg,1,144,703,4370,779,90,90
msg,1,145,707,9629,759,90,90
msg,1,146,671,4162,835,90,90
msg,1,147,696,4394,768,90,90
msg,1,148,700,5981,768,90,90
msg,1,149,699,17496,779,90,90
msg,1,150,708,5157,776,90,90
msg,1,151,708,6753,765,90,90
msg,1,152,678,4008,773,90,90
msg,1,153,710,15654,761,90,90
msg,1,154,687,3662,778,90,90
msg,1,155,681,4159,765,90,90
msg,1,156,674,5875,777,90,90
msg,1,157,699,3907,820,90,90
msg,1,158,678,5447,777,90,90
msg,1,159,673,4229,771,90,90
msg,1,160,669,5818,772,90,90
msg,1,161,699,17687,816,90,90
msg,1,162,696,4078,783,90,90
msg,1,163,702,8927,773,90,90
msg,1,164,671,5077,764,90,90
msg,1,165,692,19846,774,90,90
msg,1,166,703,4662,774,90,90
msg,1,167,710,3974,771,90,90
msg,1,168,706,5524,773,90,90
msg,1,169,710,4694,772,90,90
msg,1,170,701,3941,791,90,90
msg,1,171,696,3939,761,90,90
msg,1,172,671,20010,776,90,90
msg,1,173,714,4013,769,90,90
msg,1,174,705,5824,773,90,90
msg,1,175,694,3433,772,90,90
msg,1,176,679,19090,777,90,90
msg,1,177,708,5072,770,90,90
msg,1,178,697,3673,772,90,90
msg,1,179,698,3627,758,90,90
msg,1,180,677,3937,778,90,90
msg,1,181,703,5767,757,90,90
msg,1,182,679,3834,780,90,90
msg,1,183,704,3914,781,90,90
msg,1,184,674,20450,775,90,90
msg,1,185,690,4044,761,90,90
msg,1,186,697,5965,777,90,90
msg,1,187,821,4588,779,90,90
msg,1,188,698,15625,777,90,90
msg,1,189,681,4043,768,90,90
msg,1,190,695,3881,781,90,90
msg,1,191,696,5873,764,90,90
msg,1,192,703,5227,780,90,90
msg,1,193,703,4401,768,90,90
msg,1,194,701,6168,773,90,90
msg,1,195,705,4224,768,90,90
msg,1,196,706,13007,776,90,90
msg,1,197,680,4388,781,90,90
msg,1,198,683,4163,760,90,90
msg,1,199,675,6205,774,90,90
whole,1,28.979,1709.505,200
2,18.4840,0.0030,5.4700,23.9570,0,0,23,4,0,0,1,1,169324,0.0,0.0,0.0,0.0,0,0,0,0
msg,2,0,840,4823,762,90,90
msg,2,1,741,3936,776,90,90
msg,2,2,694,5912,771,90,90
msg,2,3,700,6591,833,90,90
msg,2,4,704,17865,828,90,90
msg,2,5,677,4455,773,90,90
msg,2,6,704,6063,763,90,90
msg,2,7,686,6204,776,90,90
msg,2,8,700,4328,773,90,90
msg,2,9,707,15787,769,90,90
msg,2,10,701,3656,782,90,90
msg,2,11,695,3938,774,90,90
msg,2,12,682,3905,776,90,90
msg,2,13,695,3660,763,90,90
msg,2,14,679,5774,784,90,90
msg,2,15,765,3626,781,90,90
msg,2,16,703,5491,763,90,90
msg,2,17,692,16589,772,90,90
msg,2,18,679,4199,763,90,90
msg,2,19,677,4120,777,90,90
msg,2,20,704,5895,776,90,90
msg,2,21,694,3513,781,90,90
msg,2,22,699,14504,770,90,90
msg,2,23,698,3899,777,90,90
msg,2,24,673,5143,767,90,90
msg,2,25,699,3935,775,90,90
msg,2,26,693,3726,769,90,90
msg,2,27,1171,6786,788,90,90
msg,2,28,699,3919,776,90,90
msg,2,29,694,4699,780,90,90
msg,2,30,777,18139,778,90,90
msg,2,31,763,4549,782,90,90
msg,2,32,708,8752,769,90,90
msg,2,33,699,3963,761,90,90
msg,2,34,700,20736,780,90,90
msg,2,35,748,6434,779,90,90
msg,2,36,696,6928,760,90,90
msg,2,37,679,7508,776,90,90
msg,2,38,676,4040,772,90,90
msg,2,39,697,3927,770,90,90
msg,2,40,689,18922,769,90,90
msg,2,41,676,4544,784,90,90
msg,2,42,682,7351,775,90,90
msg,2,43,670,3717,776,90,90
msg,2,44,696,16741,771,90,90
msg,2,45,700,4456,764,90,90
msg,2,46,682,4911,774,90,90
msg,2,47,703,3611,777,90,90
msg,2,48,693,4315,778,90,90
msg,2,49,766,5622,761,90,90
msg,2,50,684,4191,757,90,90
msg,2,51,695,4391,763,90,90
msg,2,52,674,16939,771,90,90
msg,2,53,698,3757,766,90,90
msg,2,54,692,3976,785,90,90
msg,2,55,707,6216,767,90,90
msg,2,56,703,4406,768,90,90
msg,2,57,701,16638,769,90,90
msg,2,58,700,16545,759,90,90
msg,2,59,673,4248,830,90,90
msg,2,60,703,4048,770,90,90
msg,2,61,700,4743,758,90,90
msg,2,62,675,17884,781,90,90
msg,2,63,701,5264,782,90,90
msg,2,64,698,4979,756,90,90
msg,2,65,666,5538,775,90,90
msg,2,66,667,4081,753,90,90
msg,2,67,695,17604,772,90,90
msg,2,68,672,4580,779,90,90
msg,2,69,701,4000,767,90,90
msg,2,70,683,4164,819,90,90
msg,2,71,700,3893,775,90,90
msg,2,72,703,4544,777,90,90
msg,2,73,708,4119,772,90,90
msg,2,74,703,4593,780,90,90
msg,2,75,718,16267,772,90,90
msg,2,76,710,4897,775,90,90
msg,2,77,669,3404,775,90,90
msg,2,78,672,4589,782,90,90
msg,2,79,711,4936,755,90,90
msg,2,80,681,16834,771,90,90
msg,2,81,700,4281,772,90,90
msg,2,82,701,4159,790,90,90
msg,2,83,711,4330,772,90,90
msg,2,84,696,4947,778,90,90
msg,2,85,709,4085,830,90,90
msg,2,86,707,4385,779,90,90
msg,2,87,707,19009,785,90,90
msg,2,88,695,4128,779,90,90
msg,2,89,672,4065,772,90,90
msg,2,90,703,8566,762,90,90
msg,2,91,671,4480,782,90,90
msg,2,92,671,17627,781,90,90
msg,2,93,700,4327,771,90,90
msg,2,94,696,5773,769,90,90
msg,2,95,697,4206,769,90,90
msg,2,96,709,7393,774,90,90
msg,2,97,705,4106,775,90,90
msg,2,98,695,4229,789,90,90
msg,2,99,701,17180,786,90,90
msg,2,100,702,8062,771,90,90
msg,2,101,673,6819,769,90,90
msg,2,102,699,19660,781,90,90
msg,2,103,713,4234,773,90,90
msg,2,104,700,7667,765,90,90
msg,2,105,675,4796,777,90,90
msg,2,106,700,3715,772,90,90
msg,2,107,695,3658,760,90,90
msg,2,108,737,4778,778,90,90
msg,2,109,705,4156,772,90,90
msg,2,110,711,13643,787,90,90
msg,2,111,703,7940,776,90,90
msg,2,112,668,9257,775,90,90
msg,2,113,671,4500,773,90,90
msg,2,114,694,19325,788,90,90
msg,2,115,695,3973,770,90,90
msg,2,116,703,4283,772,90,90
msg,2,117,699,3844,772,90,90
msg,2,118,702,3711,780,90,90
msg,2,119,700,4074,773,90,90
msg,2,120,712,5122,770,90,90
msg,2,121,677,17241,774,90,90
msg,2,122,684,6352,753,90,90
msg,2,123,678,11715,774,90,90
msg,2,124,702,5228,775,90,90
msg,2,125,702,17804,774,90,90
msg,2,126,703,3924,774,90,90
msg,2,127,697,3810,772,90,90
msg,2,128,702,3471,761,90,90
msg,2,129,698,4047,782,90,90
msg,2,130,696,3928,778,90,90
msg,2,131,672,3616,780,90,90
msg,2,132,699,4483,776,90,90
msg,2,133,702,19274,781,90,90
msg,2,134,705,3808,769,90,90
msg,2,135,671,7934,780,90,90
msg,2,136,712,3722,759,90,90
msg,2,137,706,19647,784,90,90
msg,2,138,679,3916,774,90,90
msg,2,139,705,4623,762,90,90
msg,2,140,679,4902,772,90,90
msg,2,141,695,6752,767,90,90
msg,2,142,674,3910,783,90,90
msg,2,143,694,6093,776,90,90
msg,2,144,703,14013,764,90,90
msg,2,145,678,4073,781,90,90
msg,2,146,705,4163,773,90,90
msg,2,147,695,7419,780,90,90
msg,2,148,700,3880,830,90,90
msg,2,149,800,18117,762,90,90
msg,2,150,748,6200,767,90,90
msg,2,151,679,4996,777,90,90
msg,2,152,701,3830,760,90,90
msg,2,153,736,6502,781,90,90
msg,2,154,701,3417,774,90,90
msg,2,155,704,3784,773,90,90
msg,2,156,822,20495,759,90,90
msg,2,157,680,4027,774,90,90
msg,2,158,697,6435,768,90,90
msg,2,159,701,3667,827,90,90
msg,2,160,673,18029,821,90,90
msg,2,161,679,4069,773,90,90
msg,2,162,704,4004,776,90,90
msg,2,163,702,3862,772,90,90
msg,2,164,706,3893,774,90,90
msg,2,165,701,6260,777,90,90
msg,2,166,699,3515,772,90,90
msg,2,167,699,4067,780,90,90
msg,2,168,676,15568,781,90,90
msg,2,169,700,5222,828,90,90
msg,2,170,700,5200,775,90,90
msg,2,171,683,4136,762,90,90
msg,2,172,698,3817,777,90,90
msg,2,173,698,16734,774,90,90
msg,2,174,704,4097,776,90,90
msg,2,175,707,4253,770,90,90
msg,2,176,703,4814,761,90,90
msg,2,177,703,3537,828,90,90
msg,2,178,677,6258,763,90,90
msg,2,179,681,3756,772,90,90
msg,2,180,696,20566,790,90,90
msg,2,181,707,4777,763,90,90
msg,2,182,677,4113,769,90,90
msg,2,183,707,5960,779,90,90
msg,2,184,687,4146,773,90,90
msg,2,185,671,16407,782,90,90
msg,2,186,701,4074,761,90,90
msg,2,187,672,6174,770,90,90
msg,2,188,696,3896,778,90,90
msg,2,189,708,4323,778,90,90
msg,2,190,695,5508,773,90,90
msg,2,191,708,5767,766,90,90
msg,2,192,704,17365,766,90,90
msg,2,193,705,5483,760,90,90
msg,2,194,677,6805,787,90,90
msg,2,195,771,4942,777,90,90
msg,2,196,670,10407,788,90,90
msg,2,197,672,10307,767,90,90
msg,2,198,671,3887,832,90,90
msg,2,199,703,3832,772,90,90
whole,2,36.695,1773.700,200
#stack 2464
#end
#block pipeline plain lorawan11 down
#aead LoRaWAN-1.1 AES-128-CTR+2xCMAC (BearSSL (arduino-pico)), downlink, 51 B payload + 13 B overhead
#lib none (plain MQTT)
iter,tcp_ms,tls_ms,mqtt_ms,total_ms,hs_tx_B,hs_rx_B,mqtt_tx_B,mqtt_rx_B,hs_writes,hs_reads,writes,reads,free_heap_B,hs_keygen_us,hs_derive_us,hs_verify_us,hs_sign_us,hs_keygen_n,hs_derive_n,hs_verify_n,hs_sign_n
msg,iter,idx,seal_us,rtt_us,open_us,tx_B,rx_B
whole,iter,first_ms,all_ms,msgs
0,5.5300,0.0020,5.2440,10.7760,0,0,23,4,0,0,1,1,169324,0.0,0.0,0.0,0.0,0,0,0,0
msg,0,0,674,12017,495,90,90
msg,0,1,453,3709,506,90,90
msg,0,2,446,3522,510,90,90
msg,0,3,423,4378,494,90,90
msg,0,4,451,3584,508,90,90
msg,0,5,421,6172,491,90,90
msg,0,6,438,4560,512,90,90
msg,0,7,419,3584,497,90,90
msg,0,8,419,17325,512,90,90
msg,0,9,436,4690,512,90,90
msg,0,10,423,3646,492,90,90
msg,0,11,417,8073,510,90,90
msg,0,12,421,3764,507,90,90
msg,0,13,419,7976,517,90,90
msg,0,14,419,13728,499,90,90
msg,0,15,423,7182,512,90,90
msg,0,16,417,3914,511,90,90
msg,0,17,413,3776,507,90,90
msg,0,18,419,4984,508,90,90
msg,0,19,418,3633,496,90,90
msg,0,20,414,3655,491,90,90
msg,0,21,444,3846,505,90,90
msg,0,22,455,19146,494,90,90
msg,0,23,419,4193,509,90,90
msg,0,24,416,3963,509,90,90
msg,0,25,415,3753,510,90,90
msg,0,26,411,3696,492,90,90
msg,0,27,418,17300,515,90,90
msg,0,28,446,4243,543,90,90
msg,0,29,412,3855,498,90,90
msg,0,30,444,3491,512,90,90
msg,0,31,437,4166,494,90,90
msg,0,32,442,3604,570,90,90
msg,0,33,446,4727,517,90,90
msg,0,34,428,3977,508,90,90
msg,0,35,433,3452,506,90,90
msg,0,36,416,16913,509,90,90
msg,0,37,412,4850,495,90,90
msg,0,38,420,3669,499,90,90
msg,0,39,447,6690,491,90,90
msg,0,40,443,3695,509,90,90
msg,0,41,439,3615,515,90,90
msg,0,42,411,19107,511,90,90
msg,0,43,421,4301,495,90,90
msg,0,44,434,5817,496,90,90
msg,0,45,439,4178,492,90,90
msg,0,46,425,6774,498,90,90
msg,0,47,422,3741,496,90,90
msg,0,48,440,5179,509,90,90
msg,0,49,414,16277,503,90,90
msg,0,50,435,5403,497,90,90
msg,0,51,428,4634,494,90,90
msg,0,52,442,9579,509,90,90
msg,0,53,435,4109,500,90,90
msg,0,54,859,17018,516,90,90
msg,0,55,420,3918,512,90,90
msg,0,56,415,3750,508,90,90
msg,0,57,413,4126,510,90,90
msg,0,58,415,4317,495,90,90
msg,0,59,448,5811,496,90,90
msg,0,60,445,4085,495,90,90
msg,0,61,422,5610,498,90,90
msg,0,62,439,17706,507,90,90
msg,0,63,438,5333,496,90,90
msg,0,64,420,3333,503,90,90
msg,0,65,407,6593,508,90,90
msg,0,66,431,3866,509,90,90
msg,0,67,413,15636,496,90,90
msg,0,68,419,3891,499,90,90
msg,0,69,415,4037,503,90,90
msg,0,70,420,6810,497,90,90
msg,0,71,488,3784,495,90,90
msg,0,72,420,6453,513,90,90
msg,0,73,443,11240,493,90,90
msg,0,74,414,16140,506,90,90
msg,0,75,425,4466,491,90,90
msg,0,76,452,4329,514,90,90
msg,0,77,414,5812,507,90,90
msg,0,78,431,4478,498,90,90
msg,0,79,448,7744,497,90,90
msg,0,80,441,11540,511,90,90
msg,0,81,415,3580,493,90,90
msg,0,82,419,4434,504,90,90
msg,0,83,445,3990,495,90,90
msg,0,84,446,3788,505,90,90
msg,0,85,440,5531,517,90,90
msg,0,86,419,4065,514,90,90
msg,0,87,418,3984,510,90,90
msg,0,88,435,38490,522,90,90
msg,0,89,419,4964,513,90,90
msg,0,90,419,18674,499,90,90
msg,0,91,422,4935,493,90,90
msg,0,92,421,4076,509,90,90
msg,0,93,433,3944,515,90,90
msg,0,94,420,7968,511,90,90
msg,0,95,413,4227,491,90,90
msg,0,96,504,4165,510,90,90
msg,0,97,419,3821,494,90,90
msg,0,98,422,13685,498,90,90
msg,0,99,444,5344,502,90,90
msg,0,100,414,3894,505,90,90
msg,0,101,413,8527,498,90,90
msg,0,102,424,4023,513,90,90
msg,0,103,411,6179,507,90,90
msg,0,104,487,8589,504,90,90
msg,0,105,426,3641,488,90,90
msg,0,106,445,3836,494,90,90
msg,0,107,451,4291,501,90,90
msg,0,108,409,3827,508,90,90
msg,0,109,411,4285,507,90,90
msg,0,110,446,4176,554,90,90
msg,0,111,427,4209,512,90,90
msg,0,112,416,4291,497,90,90
msg,0,113,437,16461,513,90,90
msg,0,114,411,5312,500,90,90
msg,0,115,444,5842,502,90,90
msg,0,116,439,8126,500,90,90
msg,0,117,428,3789,499,90,90
msg,0,118,451,19211,507,90,90
msg,0,119,413,4107,510,90,90
msg,0,120,426,3923,511,90,90
msg,0,121,420,3998,506,90,90
msg,0,122,420,5078,497,90,90
msg,0,123,449,4167,498,90,90
msg,0,124,412,3477,502,90,90
msg,0,125,455,5383,490,90,90
msg,0,126,413,15192,514,90,90
msg,0,127,419,4131,500,90,90
msg,0,128,438,8285,495,90,90
msg,0,129,422,5426,511,90,90
msg,0,130,413,3557,512,90,90
msg,0,131,414,16790,496,90,90
msg,0,132,412,4707,551,90,90
msg,0,133,436,3830,492,90,90
msg,0,134,449,5281,507,90,90
msg,0,135,422,3742,489,90,90
msg,0,136,419,3695,496,90,90
msg,0,137,444,3816,493,90,90
msg,0,138,438,6500,508,90,90
msg,0,139,412,18027,502,90,90
msg,0,140,450,4350,497,90,90
msg,0,141,416,4319,516,90,90
msg,0,142,415,7158,492,90,90
msg,0,143,443,6418,508,90,90
msg,0,144,495,14773,515,90,90
msg,0,145,425,3901,514,90,90
msg,0,146,415,7362,495,90,90
msg,0,147,446,3874,492,90,90
msg,0,148,449,6120,505,90,90
msg,0,149,422,5192,506,90,90
msg,0,150,420,4568,483,90,90
msg,0,151,418,20704,535,90,90
msg,0,152,449,3736,580,90,90
msg,0,153,437,3925,491,90,90
msg,0,154,442,4800,495,90,90
msg,0,155,445,4609,510,90,90
msg,0,156,420,3881,513,90,90
msg,0,157,422,15576,499,90,90
msg,0,158,420,3656,503,90,90
msg,0,159,446,3765,499,90,90
msg,0,160,448,3635,507,90,90
msg,0,161,441,3636,509,90,90
msg,0,162,407,3657,498,90,90
msg,0,163,420,5943,496,90,90
msg,0,164,411,3648,492,90,90
msg,0,165,433,4007,494,90,90
msg,0,166,416,17055,488,90,90
msg,0,167,417,4946,519,90,90
msg,0,168,418,3584,495,90,90
msg,0,169,447,4306,511,90,90
msg,0,170,422,4481,494,90,90
msg,0,171,445,3502,504,90,90
msg,0,172,427,15775,508,90,90
msg,0,173,424,4800,507,90,90
msg,0,174,422,4246,496,90,90
msg,0,175,438,5688,508,90,90
msg,0,176,415,4357,497,90,90
msg,0,177,440,5299,509,90,90
msg,0,178,417,3580,491,90,90
msg,0,179,410,3901,555,90,90
msg,0,180,420,3714,499,90,90
msg,0,181,443,14301,513,90,90
msg,0,182,418,3953,524,90,90
msg,0,183,420,3530,497,90,90
msg,0,184,410,3879,492,90,90
msg,0,185,413,5045,506,90,90
msg,0,186,428,4043,510,90,90
msg,0,187,422,18979,512,90,90
msg,0,188,416,4023,498,90,90
msg,0,189,438,4941,501,90,90
msg,0,190,440,3672,508,90,90
msg,0,191,412,3711,508,90,90
msg,0,192,420,5799,495,90,90
msg,0,193,424,4491,494,90,90
msg,0,194,446,5284,494,90,90
msg,0,195,407,17200,521,90,90
msg,0,196,420,4654,516,90,90
msg,0,197,419,3778,493,90,90
msg,0,198,412,4758,495,90,90
msg,0,199,437,3913,498,90,90
whole,0,31.322,1545.295,200
1,6.3800,0.0020,4.9360,11.3180,0,0,23,4,0,0,1,1,169324,0.0,0.0,0.0,0.0,0,0,0,0
msg,1,0,566,3835,512,90,90
msg,1,1,410,5411,494,90,90
msg,1,2,421,3521,496,90,90
msg,1,3,442,3769,511,90,90
msg,1,4,446,19257,506,90,90
msg,1,5,419,4645,495,90,90
msg,1,6,446,4037,496,90,90
msg,1,7,442,4820,499,90,90
msg,1,8,449,4206,509,90,90
msg,1,9,414,3591,497,90,90
msg,1,10,442,19656,503,90,90
msg,1,11,440,3865,510,90,90
msg,1,12,447,4638,510,90,90
msg,1,13,412,3859,505,90,90
msg,1,14,424,3516,499,90,90
msg,1,15,420,5551,495,90,90
msg,1,16,442,3643,503,90,90
msg,1,17,411,3888,504,90,90
msg,1,18,409,16760,510,90,90
msg,1,19,418,4245,510,90,90
msg,1,20,441,4381,497,90,90
msg,1,21,421,4220,515,90,90
msg,1,22,426,3980,502,90,90
msg,1,23,439,3800,515,90,90
msg,1,24,411,15962,521,90,90
msg,1,25,444,4183,491,90,90
msg,1,26,442,3849,493,90,90
msg,1,27,506,8534,507,90,90
msg,1,28,442,4256,498,90,90
msg,1,29,441,4614,496,90,90
msg,1,30,439,3946,497,90,90
msg,1,31,439,4092,493,90,90
msg,1,32,439,16487,515,90,90
msg,1,33,454,5067,496,90,90
msg,1,34,439,4596,506,90,90
msg,1,35,415,8025,507,90,90
msg,1,36,436,3478,503,90,90
msg,1,37,415,50527,502,90,90
msg,1,38,451,6069,495,90,90
msg,1,39,423,16708,499,90,90
msg,1,40,448,4800,495,90,90
msg,1,41,440,4125,498,90,90
msg,1,42,419,3687,496,90,90
msg,1,43,449,4271,503,90,90
msg,1,44,422,5412,494,90,90
msg,1,45,443,18114,493,90,90
msg,1,46,416,5375,505,90,90
msg,1,47,421,7214,495,90,90
msg,1,48,444,3715,500,90,90
msg,1,49,447,4881,501,90,90
msg,1,50,510,3928,493,90,90
msg,1,51,452,5695,508,90,90
msg,1,52,441,16453,506,90,90
msg,1,53,419,4890,551,90,90
msg,1,54,420,3711,492,90,90
msg,1,55,420,7082,515,90,90
msg,1,56,414,3881,513,90,90
msg,1,57,410,3721,492,90,90
msg,1,58,416,15689,551,90,90
msg,1,59,441,4145,496,90,90
msg,1,60,407,6441,491,90,90
msg,1,61,446,5786,509,90,90
msg,1,62,447,3661,509,90,90
msg,1,63,410,4271,493,90,90
msg,1,64,441,3969,499,90,90
msg,1,65,452,3713,577,90,90
msg,1,66,452,15540,504,90,90
msg,1,67,411,5338,501,90,90
msg,1,68,443,4010,492,90,90
msg,1,69,412,4231,507,90,90
msg,1,70,414,6113,501,90,90
msg,1,71,446,18372,505,90,90
msg,1,72,410,4059,504,90,90
msg,1,73,406,3634,494,90,90
msg,1,74,419,5569,497,90,90
msg,1,75,441,5413,511,90,90
msg,1,76,419,4318,505,90,90
msg,1,77,436,4610,515,90,90
msg,1,78,420,3874,509,90,90
msg,1,79,433,3800,510,90,90
msg,1,80,413,15830,518,90,90
msg,1,81,419,3912,514,90,90
msg,1,82,417,3650,500,90,90
msg,1,83,418,6721,497,90,90
msg,1,84,487,5212,514,90,90
msg,1,85,415,20052,521,90,90
msg,1,86,450,4056,491,90,90
msg,1,87,449,3853,491,90,90
msg,1,88,445,3916,492,90,90
msg,1,89,452,3884,495,90,90
msg,1,90,448,5100,497,90,90
msg,1,91,415,3846,496,90,90
msg,1,92,442,3843,499,90,90
msg,1,93,439,17062,501,90,90
msg,1,94,417,4982,511,90,90
msg,1,95,410,3659,496,90,90
msg,1,96,439,3954,487,90,90
msg,1,97,413,4436,513,90,90
msg,1,98,444,4297,488,90,90
msg,1,99,451,19827,500,90,90
msg,1,100,444,4224,512,90,90
msg,1,101,422,8176,503,90,90
msg,1,102,448,5220,500,90,90
msg,1,103,453,4673,496,90,90
msg,1,104,450,4074,498,90,90
msg,1,105,447,6259,514,90,90
msg,1,106,430,16443,500,90,90
msg,1,107,439,4747,493,90,90
msg,1,108,434,3847,493,90,90
msg,1,109,446,7176,496,90,90
msg,1,110,415,3743,493,90,90
msg,1,111,447,16198,507,90,90
msg,1,112,420,4257,510,90,90
msg,1,113,413,4913,502,90,90
msg,1,114,419,4795,567,90,90
msg,1,115,427,3812,515,90,90
msg,1,116,422,4664,504,90,90
msg,1,117,426,3909,519,90,90
msg,1,118,418,4094,508,90,90
msg,1,119,418,3754,503,90,90
msg,1,120,417,16818,516,90,90
msg,1,121,426,3635,486,90,90
msg,1,122,438,3719,495,90,90
msg,1,123,440,5839,495,90,90
msg,1,124,440,3996,492,90,90
msg,1,125,442,18183,494,90,90
msg,1,126,423,7273,504,90,90
msg,1,127,417,5778,510,90,90
msg,1,128,422,4730,506,90,90
msg,1,129,418,3964,506,90,90
msg,1,130,423,4444,501,90,90
msg,1,131,452,3932,496,90,90
msg,1,132,437,3474,509,90,90
msg,1,133,418,16303,491,90,90
msg,1,134,447,5657,497,90,90
msg,1,135,439,3585,566,90,90
msg,1,136,420,6158,497,90,90
msg,1,137,437,4439,509,90,90
msg,1,138,418,8298,498,90,90
msg,1,139,450,13688,506,90,90
msg,1,140,419,3891,509,90,90
msg,1,141,411,6470,499,90,90
msg,1,142,424,4149,560,90,90
msg,1,143,417,4380,503,90,90
msg,1,144,445,6129,497,90,90
msg,1,145,428,3875,488,90,90
msg,1,146,415,17041,515,90,90
msg,1,147,416,7384,497,90,90
msg,1,148,513,3806,503,90,90
msg,1,149,445,5764,505,90,90
msg,1,150,444,4135,496,90,90
msg,1,151,449,17010,499,90,90
msg,1,152,413,3756,492,90,90
msg,1,153,438,3749,492,90,90
msg,1,154,447,7609,513,90,90
msg,1,155,413,4157,498,90,90
msg,1,156,444,6306,512,90,90
msg,1,157,417,3869,494,90,90
msg,1,158,422,3897,497,90,90
msg,1,159,415,16298,509,90,90
msg,1,160,442,4894,509,90,90
msg,1,161,508,4623,509,90,90
msg,1,162,421,6811,515,90,90
msg,1,163,413,4133,509,90,90
msg,1,164,445,17965,498,90,90
msg,1,165,443,4276,495,90,90
msg,1,166,411,3600,493,90,90
msg,1,167,442,9817,497,90,90
msg,1,168,444,6887,508,90,90
msg,1,169,441,3893,495,90,90
msg,1,170,442,4119,495,90,90
msg,1,171,415,3873,486,90,90
msg,1,172,442,15549,506,90,90
msg,1,173,436,3762,510,90,90
msg,1,174,419,4593,513,90,90
msg,1,175,428,5845,496,90,90
msg,1,176,428,4443,490,90,90
msg,1,177,433,17212,496,90,90
msg,1,178,418,3701,550,90,90
msg,1,179,437,4013,491,90,90
msg,1,180,411,5679,500,90,90
msg,1,181,449,4649,513,90,90
msg,1,182,444,7567,518,90,90
msg,1,183,418,8098,515,90,90
msg,1,184,422,16546,498,90,90
msg,1,185,420,3910,506,90,90
msg,1,186,420,3958,511,90,90
msg,1,187,415,11666,499,90,90
msg,1,188,429,3853,493,90,90
msg,1,189,420,19270,510,90,90
msg,1,190,420,3808,511,90,90
msg,1,191,422,6822,509,90,90
msg,1,192,516,3806,515,90,90
msg,1,193,411,10425,495,90,90
msg,1,194,443,7518,505,90,90
msg,1,195,414,15218,495,90,90
msg,1,196,446,4056,492,90,90
msg,1,197,451,3967,492,90,90
msg,1,198,419,3927,504,90,90
msg,1,199,419,4456,506,90,90
whole,1,23.302,1617.110,200
2,17.3660,0.0030,4.5540,21.9230,0,0,23,4,0,0,1,1,169324,0.0,0.0,0.0,0.0,0,0,0,0
msg,2,0,611,6547,507,90,90
msg,2,1,420,4388,505,90,90
msg,2,2,415,9637,509,90,90
msg,2,3,408,3518,501,90,90
msg,2,4,440,3668,497,90,90
msg,2,5,446,17010,509,90,90
msg,2,6,445,3621,504,90,90
msg,2,7,442,4680,505,90,90
msg,2,8,408,6087,507,90,90
msg,2,9,438,4872,511,90,90
msg,2,10,439,17417,498,90,90
msg,2,11,414,3970,504,90,90
msg,2,12,416,3808,495,90,90
msg,2,13,411,4297,512,90,90
msg,2,14,423,4229,501,90,90
msg,2,15,449,4616,506,90,90
msg,2,16,444,3736,510,90,90
msg,2,17,423,8303,492,90,90
msg,2,18,445,15181,510,90,90
msg,2,19,422,3633,488,90,90
msg,2,20,435,3930,494,90,90
msg,2,21,417,4237,507,90,90
msg,2,22,422,5666,494,90,90
msg,2,23,421,4050,509,90,90
msg,2,24,418,18998,508,90,90
msg,2,25,414,4022,513,90,90
msg,2,26,416,5470,495,90,90
msg,2,27,854,6639,509,90,90
msg,2,28,419,6524,497,90,90
msg,2,29,435,4514,506,90,90
msg,2,30,416,6607,501,90,90
msg,2,31,418,16719,496,90,90
msg,2,32,412,4592,499,90,90
msg,2,33,450,4741,506,90,90
msg,2,34,443,5040,497,90,90
msg,2,35,439,4512,510,90,90
msg,2,36,417,17930,505,90,90
msg,2,37,414,4250,497,90,90
msg,2,38,551,4368,506,90,90
msg,2,39,421,4221,494,90,90
msg,2,40,444,5030,496,90,90
msg,2,41,440,6406,509,90,90
msg,2,42,418,4266,494,90,90
msg,2,43,442,4289,506,90,90
msg,2,44,420,17863,496,90,90
msg,2,45,422,4170,512,90,90
msg,2,46,426,3711,509,90,90
msg,2,47,410,6298,504,90,90
msg,2,48,447,4417,504,90,90
msg,2,49,417,16387,494,90,90
msg,2,50,429,6497,516,90,90
msg,2,51,416,4545,495,90,90
msg,2,52,433,3862,498,90,90
msg,2,53,438,3749,497,90,90
msg,2,54,446,7200,500,90,90
msg,2,55,418,3827,492,90,90
msg,2,56,410,4158,508,90,90
msg,2,57,422,15521,498,90,90
msg,2,58,444,6242,519,90,90
msg,2,59,419,7209,506,90,90
msg,2,60,442,4087,493,90,90
msg,2,61,440,5676,505,90,90
msg,2,62,441,17668,513,90,90
msg,2,63,424,6613,497,90,90
msg,2,64,419,5859,495,90,90
msg,2,65,423,4346,502,90,90
msg,2,66,436,4491,512,90,90
msg,2,67,422,3775,497,90,90
msg,2,68,421,3449,503,90,90
msg,2,69,441,5240,499,90,90
msg,2,70,516,15476,501,90,90
msg,2,71,440,5731,508,90,90
msg,2,72,447,4164,495,90,90
msg,2,73,451,5387,507,90,90
msg,2,74,416,6150,507,90,90
msg,2,75,439,19733,514,90,90
msg,2,76,416,4283,495,90,90
msg,2,77,443,6049,492,90,90
msg,2,78,421,3622,493,90,90
msg,2,79,441,5283,513,90,90
msg,2,80,423,3843,496,90,90
msg,2,81,429,3874,496,90,90
msg,2,82,414,3905,490,90,90
msg,2,83,422,17754,497,90,90
msg,2,84,432,4339,513,90,90
msg,2,85,420,4312,496,90,90
msg,2,86,442,7208,507,90,90
msg,2,87,428,19307,510,90,90
msg,2,88,443,3630,526,90,90
msg,2,89,426,3809,505,90,90
msg,2,90,415,7169,503,90,90
msg,2,91,433,4203,499,90,90
msg,2,92,428,7771,497,90,90
msg,2,93,445,4188,504,90,90
msg,2,94,413,4431,497,90,90
msg,2,95,510,14206,496,90,90
msg,2,96,418,3600,502,90,90
msg,2,97,448,4599,506,90,90
msg,2,98,444,3791,499,90,90
msg,2,99,408,3712,509,90,90
msg,2,100,419,3929,568,90,90
msg,2,101,416,16273,505,90,90
msg,2,102,446,4073,494,90,90
msg,2,103,419,3808,495,90,90
msg,2,104,447,6850,495,90,90
msg,2,105,448,3764,493,90,90
msg,2,106,444,4626,511,90,90
msg,2,107,417,3817,509,90,90
msg,2,108,418,3938,509,90,90
msg,2,109,414,3783,514,90,90
msg,2,110,412,17194,497,90,90
msg,2,111,437,3517,504,90,90
msg,2,112,409,4156,505,90,90
msg,2,113,442,6047,498,90,90
msg,2,114,441,3556,513,90,90
msg,2,115,416,8456,500,90,90
msg,2,116,421,16136,512,90,90
msg,2,117,413,4605,496,90,90
msg,2,118,448,6664,499,90,90
msg,2,119,438,3673,509,90,90
msg,2,120,424,5320,497,90,90
msg,2,121,423,5463,509,90,90
msg,2,122,438,4230,500,90,90
msg,2,123,450,16109,516,90,90
msg,2,124,430,3997,512,90,90
msg,2,125,418,4422,498,90,90
msg,2,126,441,5669,505,90,90
msg,2,127,447,4857,503,90,90
msg,2,128,434,16506,516,90,90
msg,2,129,416,4094,508,90,90
msg,2,130,413,3750,511,90,90
msg,2,131,422,6247,508,90,90
msg,2,132,452,5274,493,90,90
msg,2,133,424,5967,494,90,90
msg,2,134,480,3892,520,90,90
msg,2,135,411,5682,493,90,90
msg,2,136,419,14926,497,90,90
msg,2,137,426,4182,514,90,90
msg,2,138,406,4227,508,90,90
msg,2,139,438,4994,495,90,90
msg,2,140,444,6035,496,90,90
msg,2,141,450,8399,514,90,90
msg,2,142,403,11880,508,90,90
msg,2,143,424,4232,494,90,90
msg,2,144,512,4914,498,90,90
msg,2,145,448,4237,512,90,90
msg,2,146,414,4663,490,90,90
msg,2,147,409,4619,496,90,90
msg,2,148,436,5334,507,90,90
msg,2,149,414,19850,494,90,90
msg,2,150,412,5344,512,90,90
msg,2,151,449,3561,517,90,90
msg,2,152,418,9331,496,90,90
msg,2,153,439,4061,498,90,90
msg,2,154,444,17118,500,90,90
msg,2,155,423,4418,494,90,90
msg,2,156,435,4237,492,90,90
msg,2,157,414,4105,504,90,90
msg,2,158,413,3770,496,90,90
msg,2,159,412,5021,509,90,90
msg,2,160,408,6612,495,90,90
msg,2,161,438,3851,491,90,90
msg,2,162,445,16290,505,90,90
msg,2,163,416,4095,509,90,90
msg,2,164,417,3835,510,90,90
msg,2,165,413,3976,505,90,90
msg,2,166,418,4543,501,90,90
msg,2,167,415,3755,494,90,90
msg,2,168,414,17327,516,90,90
msg,2,169,415,3811,511,90,90
msg,2,170,417,3660,497,90,90
msg,2,171,415,3947,509,90,90
msg,2,172,415,3892,490,90,90
msg,2,173,411,3756,496,90,90
msg,2,174,416,4530,512,90,90
msg,2,175,447,3807,507,90,90
msg,2,176,450,7182,498,90,90
msg,2,177,513,13791,492,90,90
msg,2,178,448,3871,493,90,90
msg,2,179,511,4105,497,90,90
msg,2,180,421,3858,494,90,90
msg,2,181,417,4165,508,90,90
msg,2,182,422,3932,597,90,90
msg,2,183,418,17309,496,90,90
msg,2,184,439,4159,513,90,90
msg,2,185,422,4259,503,90,90
msg,2,186,439,4625,505,90,90
msg,2,187,422,4242,507,90,90
msg,2,188,446,7104,503,90,90
msg,2,189,445,3977,488,90,90
msg,2,190,422,4121,525,90,90
msg,2,191,424,16549,499,90,90
msg,2,192,446,5740,494,90,90
msg,2,193,442,4655,507,90,90
msg,2,194,415,7308,491,90,90
msg,2,195,443,4256,517,90,90
msg,2,196,418,16587,496,90,90
msg,2,197,420,3712,494,90,90
msg,2,198,445,4365,510,90,90
msg,2,199,422,5057,507,90,90
whole,2,35.451,1570.635,200
#stack 2360
#end
#block pipeline plain lorawan11_256 up
#aead AES-256-CTR+2xCMAC (LoRaWAN 1.1 frame, 256-bit keys) (BearSSL (arduino-pico)), uplink, 51 B payload + 13 B overhead
#lib none (plain MQTT)
iter,tcp_ms,tls_ms,mqtt_ms,total_ms,hs_tx_B,hs_rx_B,mqtt_tx_B,mqtt_rx_B,hs_writes,hs_reads,writes,reads,free_heap_B,hs_keygen_us,hs_derive_us,hs_verify_us,hs_sign_us,hs_keygen_n,hs_derive_n,hs_verify_n,hs_sign_n
msg,iter,idx,seal_us,rtt_us,open_us,tx_B,rx_B
whole,iter,first_ms,all_ms,msgs
0,5.3450,0.0030,4.4350,9.7830,0,0,23,4,0,0,1,1,169324,0.0,0.0,0.0,0.0,0,0,0,0
msg,0,0,1112,4932,1012,90,90
msg,0,1,909,4560,1005,90,90
msg,0,2,934,4604,1060,90,90
msg,0,3,934,4213,1008,90,90
msg,0,4,932,17050,1003,90,90
msg,0,5,935,6153,997,90,90
msg,0,6,929,7638,1004,90,90
msg,0,7,923,3861,997,90,90
msg,0,8,928,6792,1002,90,90
msg,0,9,942,3971,1007,90,90
msg,0,10,923,16216,1005,90,90
msg,0,11,939,4850,997,90,90
msg,0,12,930,4395,1002,90,90
msg,0,13,931,3766,1016,90,90
msg,0,14,933,4489,997,90,90
msg,0,15,928,20983,1017,90,90
msg,0,16,928,6688,1005,90,90
msg,0,17,928,4025,1005,90,90
msg,0,18,931,4286,1001,90,90
msg,0,19,935,4898,1077,90,90
msg,0,20,927,4095,1006,90,90
msg,0,21,926,16418,1008,90,90
msg,0,22,928,4850,1005,90,90
msg,0,23,934,4040,1008,90,90
msg,0,24,931,4584,1017,90,90
msg,0,25,940,4586,1003,90,90
msg,0,26,905,20012,1002,90,90
msg,0,27,926,6814,1009,90,90
msg,0,28,928,4336,1003,90,90
msg,0,29,940,3865,1000,90,90
msg,0,30,936,3849,1011,90,90
msg,0,31,931,4830,1004,90,90
msg,0,32,926,17237,1006,90,90
msg,0,33,923,4455,1003,90,90
msg,0,34,939,3581,1063,90,90
msg,0,35,935,5752,1012,90,90
msg,0,36,904,4320,1007,90,90
msg,0,37,939,14221,999,90,90
msg,0,38,930,4194,1008,90,90
msg,0,39,903,6235,996,90,90
msg,0,40,928,4229,1003,90,90
msg,0,41,932,3707,1001,90,90
msg,0,42,931,4066,1009,90,90
msg,0,43,1375,4602,1014,90,90
msg,0,44,945,16995,1001,90,90
msg,0,45,910,4339,995,90,90
msg,0,46,932,4124,1008,90,90
msg,0,47,926,20054,1001,90,90
msg,0,48,981,10312,1001,90,90
msg,0,49,929,4490,1010,90,90
msg,0,50,930,6222,999,90,90
msg,0,51,934,4577,1008,90,90
msg,0,52,1039,4904,1003,90,90
msg,0,53,937,4440,1006,90,90
msg,0,54,936,20229,1003,90,90
msg,0,55,904,4154,997,90,90
msg,0,56,931,3929,1000,90,90
msg,0,57,936,4811,1000,90,90
msg,0,58,930,3998,1055,90,90
msg,0,59,930,15916,1011,90,90
msg,0,60,941,3875,1006,90,90
msg,0,61,939,6623,999,90,90
msg,0,62,936,3824,999,90,90
msg,0,63,1035,6181,1004,90,90
msg,0,64,942,6749,1003,90,90
msg,0,65,924,16138,1005,90,90
msg,0,66,927,4979,1004,90,90
msg,0,67,933,4928,1009,90,90
msg,0,68,925,5570,1017,90,90
msg,0,69,943,4494,1001,90,90
msg,0,70,933,15466,1003,90,90
msg,0,71,932,3900,1005,90,90
msg,0,72,938,6658,1065,90,90
msg,0,73,941,5535,999,90,90
msg,0,74,939,5039,1002,90,90
msg,0,75,934,5105,1002,90,90
msg,0,76,935,17336,1008,90,90
msg,0,77,903,4322,1012,90,90
msg,0,78,928,4926,1004,90,90
msg,0,79,943,5109,995,90,90
msg,0,80,927,3890,1004,90,90
msg,0,81,939,13898,998,90,90
msg,0,82,1002,4122,1010,90,90
msg,0,83,911,4997,1002,90,90
msg,0,84,928,4109,1005,90,90
msg,0,85,947,5276,1000,90,90
msg,0,86,931,7972,1000,90,90
msg,0,87,929,5410,1004,90,90
msg,0,88,934,12950,1068,90,90
msg,0,89,940,4110,1008,90,90
msg,0,90,943,4610,1008,90,90
msg,0,91,929,4483,1001,90,90
msg,0,92,992,3691,1005,90,90
msg,0,93,906,17610,1010,90,90
msg,0,94,932,3578,998,90,90
msg,0,95,932,4454,1006,90,90
msg,0,96,933,4104,999,90,90
msg,0,97,928,4528,1020,90,90
msg,0,98,949,4421,1019,90,90
msg,0,99,941,6932,1059,90,90
msg,0,100,931,14103,996,90,90
msg,0,101,931,4167,1004,90,90
msg,0,102,899,3844,1010,90,90
msg,0,103,927,5576,1008,90,90
msg,0,104,929,20622,1004,90,90
msg,0,105,987,4063,1007,90,90
msg,0,106,937,4052,1005,90,90
msg,0,107,937,4499,1005,90,90
msg,0,108,937,4030,1009,90,90
msg,0,109,938,7357,1004,90,90
msg,0,110,999,5470,1010,90,90
msg,0,111,940,15125,1002,90,90
msg,0,112,934,4314,1003,90,90
msg,0,113,932,3933,1016,90,90
msg,0,114,935,5504,1017,90,90
msg,0,115,934,4003,998,90,90
msg,0,116,931,18315,1013,90,90
msg,0,117,937,4565,998,90,90
msg,0,118,929,5802,1005,90,90
msg,0,119,931,3773,1001,90,90
msg,0,120,931,6707,1065,90,90
msg,0,121,907,3890,1004,90,90
msg,0,122,902,3916,1001,90,90
msg,0,123,901,19617,1007,90,90
msg,0,124,1409,3976,999,90,90
msg,0,125,930,8100,1001,90,90
msg,0,126,941,16410,1005,90,90
msg,0,127,907,4180,1056,90,90
msg,0,128,932,4643,999,90,90
msg,0,129,936,3976,1003,90,90
msg,0,130,935,3746,1004,90,90
msg,0,131,925,5108,1004,90,90
msg,0,132,925,3998,1008,90,90
msg,0,133,934,18793,1008,90,90
msg,0,134,942,4443,996,90,90
msg,0,135,934,3804,1061,90,90
msg,0,136,931,4932,1006,90,90
msg,0,137,933,3972,997,90,90
msg,0,138,911,6243,1012,90,90
msg,0,139,922,9833,1006,90,90
msg,0,140,931,4139,1020,90,90
msg,0,141,945,7145,1012,90,90
msg,0,142,922,3845,999,90,90
msg,0,143,938,6206,998,90,90
msg,0,144,935,4298,1009,90,90
msg,0,145,924,18037,1004,90,90
msg,0,146,927,4606,999,90,90
msg,0,147,924,4295,1006,90,90
msg,0,148,937,7551,1012,90,90
msg,0,149,934,3892,1058,90,90
msg,0,150,932,14902,1008,90,90
msg,0,151,941,6406,1039,90,90
msg,0,152,938,5523,1010,90,90
msg,0,153,933,3882,1010,90,90
msg,0,154,933,5056,1004,90,90
msg,0,155,912,3893,1012,90,90
msg,0,156,903,18897,1005,90,90
msg,0,157,904,4540,1007,90,90
msg,0,158,932,3870,1006,90,90
msg,0,159,938,4478,998,90,90
msg,0,160,932,4856,998,90,90
msg,0,161,934,18001,1073,90,90
msg,0,162,932,3897,1006,90,90
msg,0,163,928,6692,997,90,90
msg,0,164,930,4105,998,90,90
msg,0,165,926,5209,1006,90,90
msg,0,166,937,3554,1002,90,90
msg,0,167,925,3689,1050,90,90
msg,0,168,926,16869,1005,90,90
msg,0,169,994,4988,1009,90,90
msg,0,170,931,3743,1004,90,90
msg,0,171,932,7409,1007,90,90
msg,0,172,939,16102,1092,90,90
msg,0,173,931,4083,996,90,90
msg,0,174,927,5006,1006,90,90
msg,0,175,928,4324,1064,90,90
msg,0,176,934,4551,1001,90,90
msg,0,177,936,4408,1005,90,90
msg,0,178,929,8327,1003,90,90
msg,0,179,931,21334,1008,90,90
msg,0,180,905,9116,1006,90,90
msg,0,181,936,4247,1012,90,90
msg,0,182,940,14955,1006,90,90
msg,0,183,936,3910,1003,90,90
msg,0,184,934,4646,1000,90,90
msg,0,185,931,4998,1004,90,90
msg,0,186,933,4036,1012,90,90
msg,0,187,938,4339,1001,90,90
msg,0,188,921,3943,1067,90,90
msg,0,189,1043,3811,1007,90,90
msg,0,190,928,15220,1012,90,90
msg,0,191,929,4372,986,90,90
msg,0,192,930,3833,1000,90,90
msg,0,193,927,6765,1001,90,90
msg,0,194,899,16971,1004,90,90
msg,0,195,928,3917,1001,90,90
msg,0,196,927,4474,1005,90,90
msg,0,197,930,3832,1005,90,90
msg,0,198,931,3861,1008,90,90
msg,0,199,935,4789,996,90,90
whole,0,33.759,1843.269,200
1,4.4530,0.0030,17.1080,21.5640,0,0,23,4,0,0,1,1,169324,0.0,0.0,0.0,0.0,0,0,0,0
msg,1,0,1057,3458,1012,90,90
msg,1,1,936,4163,1006,90,90
msg,1,2,943,3819,1002,90,90
msg,1,3,928,15440,1014,90,90
msg,1,4,928,4396,1006,90,90
msg,1,5,935,3862,1012,90,90
msg,1,6,927,3917,1059,90,90
msg,1,7,929,4471,1007,90,90
msg,1,8,931,4143,1012,90,90
msg,1,9,937,3901,1007,90,90
msg,1,10,1000,4191,998,90,90
msg,1,11,937,13684,1010,90,90
msg,1,12,923,6908,1004,90,90
msg,1,13,903,6736,1010,90,90
msg,1,14,1006,3673,1009,90,90
msg,1,15,931,7383,1060,90,90
msg,1,16,943,11858,1004,90,90
msg,1,17,934,4241,1055,90,90
msg,1,18,931,4806,1012,90,90
msg,1,19,930,4076,1003,90,90
msg,1,20,941,4994,1056,90,90
msg,1,21,940,3583,1003,90,90
msg,1,22,927,5571,1004,90,90
msg,1,23,939,15043,1002,90,90
msg,1,24,927,7385,1058,90,90
msg,1,25,901,5998,1002,90,90
msg,1,26,920,4509,1001,90,90
msg,1,27,926,17092,1011,90,90
msg,1,28,924,3902,1057,90,90
msg,1,29,905,6615,1012,90,90
msg,1,30,940,3560,1001,90,90
msg,1,31,929,5036,1006,90,90
msg,1,32,934,4473,1002,90,90
msg,1,33,935,4170,1397,90,90
msg,1,34,956,16481,1000,90,90
msg,1,35,994,5399,1002,90,90
msg,1,36,926,7804,1007,90,90
msg,1,37,904,4072,1005,90,90
msg,1,38,930,13796,1007,90,90
msg,1,39,931,4359,1062,90,90
msg,1,40,939,4038,1018,90,90
msg,1,41,926,4112,1006,90,90
msg,1,42,905,3823,1002,90,90
msg,1,43,928,4683,1014,90,90
msg,1,44,943,4192,994,90,90
msg,1,45,898,3728,1002,90,90
msg,1,46,933,16351,1006,90,90
msg,1,47,929,5683,1005,90,90
msg,1,48,936,7705,1005,90,90
msg,1,49,927,4114,1091,90,90
msg,1,50,933,21057,1010,90,90
msg,1,51,939,4573,1009,90,90
msg,1,52,929,4122,1004,90,90
msg,1,53,930,4090,1004,90,90
msg,1,54,937,4401,1003,90,90
msg,1,55,934,4501,1004,90,90
msg,1,56,932,18752,1002,90,90
msg,1,57,937,4949,1005,90,90
msg,1,58,942,5826,1002,90,90
msg,1,59,925,8432,1006,90,90
msg,1,60,929,17796,1012,90,90
msg,1,61,926,4169,1002,90,90
msg,1,62,929,6432,1008,90,90
msg,1,63,928,17776,1009,90,90
msg,1,64,940,4266,1003,90,90
msg,1,65,932,16072,1002,90,90
msg,1,66,928,4037,1010,90,90
msg,1,67,931,7529,1001,90,90
msg,1,68,940,4320,1008,90,90
msg,1,69,936,15378,1007,90,90
msg,1,70,924,4086,997,90,90
msg,1,71,925,4248,1000,90,90
msg,1,72,933,5634,1001,90,90
msg,1,73,932,4122,1009,90,90
msg,1,74,940,4222,1011,90,90
msg,1,75,900,3966,1060,90,90
msg,1,76,928,3907,998,90,90
msg,1,77,925,15003,1002,90,90
msg,1,78,934,4131,1008,90,90
msg,1,79,936,4340,1000,90,90
msg,1,80,903,4963,999,90,90
msg,1,81,905,18359,1005,90,90
msg,1,82,935,4059,1011,90,90
msg,1,83,933,3646,1002,90,90
msg,1,84,940,4992,999,90,90
msg,1,85,925,4334,1010,90,90
msg,1,86,905,4071,1408,90,90
msg,1,87,965,3996,1009,90,90
msg,1,88,940,4503,1007,90,90
msg,1,89,941,12400,1003,90,90
msg,1,90,934,4167,1006,90,90
msg,1,91,928,3755,1059,90,90
msg,1,92,934,7230,1014,90,90
msg,1,93,934,19419,999,90,90
msg,1,94,924,4117,1006,90,90
msg,1,95,930,4182,998,90,90
msg,1,96,1007,3840,1009,90,90
msg,1,97,929,3789,997,90,90
msg,1,98,928,4828,1002,90,90
msg,1,99,941,4006,1007,90,90
msg,1,100,934,3835,1000,90,90
msg,1,101,940,13572,1005,90,90
msg,1,102,930,4160,1011,90,90
msg,1,103,931,3860,1009,90,90
msg,1,104,934,4582,1003,90,90
msg,1,105,926,3975,1002,90,90
msg,1,106,935,6244,1008,90,90
msg,1,107,1008,10687,1008,90,90
msg,1,108,937,4906,1003,90,90
msg,1,109,997,5847,1006,90,90
msg,1,110,936,4990,1003,90,90
msg,1,111,924,3801,1070,90,90
msg,1,112,941,3855,1005,90,90
msg,1,113,941,4060,1001,90,90
msg,1,114,926,13557,1004,90,90
msg,1,115,938,4441,1005,90,90
msg,1,116,930,4111,1089,90,90
msg,1,117,930,5330,1010,90,90
msg,1,118,935,3968,1005,90,90
msg,1,119,922,19544,1002,90,90
msg,1,120,939,3630,1001,90,90
msg,1,121,934,4424,1008,90,90
msg,1,122,929,3931,1003,90,90
msg,1,123,929,5290,994,90,90
msg,1,124,935,3882,998,90,90
msg,1,125,941,4060,1006,90,90
msg,1,126,921,16872,1006,90,90
msg,1,127,927,4588,1007,90,90
msg,1,128,1053,4295,1006,90,90
msg,1,129,938,3885,1000,90,90
msg,1,130,935,4422,996,90,90
msg,1,131,924,19689,1055,90,90
msg,1,132,929,4102,997,90,90
msg,1,133,926,3856,994,90,90
msg,1,134,941,4269,1000,90,90
msg,1,135,998,4118,1014,90,90
msg,1,136,932,3886,1006,90,90
msg,1,137,934,3939,1003,90,90
msg,1,138,925,15328,999,90,90
msg,1,139,927,4058,1010,90,90
msg,1,140,943,4160,1009,90,90
msg,1,141,937,4424,998,90,90
msg,1,142,931,4396,1070,90,90
msg,1,143,932,17233,1005,90,90
msg,1,144,936,8341,1007,90,90
msg,1,145,933,3669,1014,90,90
msg,1,146,934,3688,1002,90,90
msg,1,147,936,3886,1005,90,90
msg,1,148,936,3986,998,90,90
msg,1,149,997,3873,1003,90,90
msg,1,150,939,12598,1057,90,90
msg,1,151,935,4273,1003,90,90
msg,1,152,927,4750,1010,90,90
msg,1,153,938,4123,1007,90,90
msg,1,154,926,4036,1061,90,90
msg,1,155,917,18009,1087,90,90
msg,1,156,944,5042,1013,90,90
msg,1,157,934,7151,1008,90,90
msg,1,158,932,3798,1001,90,90
msg,1,159,926,5007,1001,90,90
msg,1,160,933,4369,993,90,90
msg,1,161,929,3663,1007,90,90
msg,1,162,931,15232,1091,90,90
msg,1,163,938,4050,1007,90,90
msg,1,164,924,3900,1004,90,90
msg,1,165,929,4588,998,90,90
msg,1,166,1002,4207,1011,90,90
msg,1,167,940,15142,1007,90,90
msg,1,168,929,4031,1001,90,90
msg,1,169,910,3964,1003,90,90
msg,1,170,932,3995,1003,90,90
msg,1,171,935,4162,1009,90,90
msg,1,172,934,4306,1004,90,90
msg,1,173,932,8860,1008,90,90
msg,1,174,931,15285,1011,90,90
msg,1,175,931,4422,1012,90,90
msg,1,176,922,3950,1010,90,90
msg,1,177,926,4210,999,90,90
msg,1,178,928,4186,1009,90,90
msg,1,179,930,29184,1004,90,90
msg,1,180,926,7163,997,90,90
msg,1,181,927,5652,1009,90,90
msg,1,182,931,3827,1005,90,90
msg,1,183,932,3931,1001,90,90
msg,1,184,931,15183,1011,90,90
msg,1,185,933,4059,1006,90,90
msg,1,186,925,8269,1006,90,90
msg,1,187,929,3942,1006,90,90
msg,1,188,932,19015,1014,90,90
msg,1,189,930,4299,999,90,90
msg,1,190,932,6098,1012,90,90
msg,1,191,932,4596,1001,90,90
msg,1,192,928,4721,1000,90,90
msg,1,193,926,3844,1004,90,90
msg,1,194,924,4693,1004,90,90
msg,1,195,935,12493,1008,90,90
msg,1,196,926,5045,997,90,90
msg,1,197,932,7417,999,90,90
msg,1,198,934,8602,1009,90,90
msg,1,199,928,19079,1002,90,90
whole,1,35.480,1811.973,200
2,7.4860,0.0020,5.0630,12.5510,0,0,23,4,0,0,1,1,169324,0.0,0.0,0.0,0.0,0,0,0,0
msg,2,0,1063,4828,1002,90,90
msg,2,1,933,4042,1010,90,90
msg,2,2,932,12303,1018,90,90
msg,2,3,933,4384,1004,90,90
msg,2,4,932,4491,1071,90,90
msg,2,5,903,5220,1005,90,90
msg,2,6,931,5741,1001,90,90
msg,2,7,932,15005,1009,90,90
msg,2,8,935,4110,1005,90,90
msg,2,9,932,5068,1001,90,90
msg,2,10,930,4805,1009,90,90
msg,2,11,937,5977,1058,90,90
msg,2,12,939,3581,1001,90,90
msg,2,13,928,4264,1004,90,90
msg,2,14,935,17095,1001,90,90
msg,2,15,933,4131,1003,90,90
msg,2,16,998,4177,1011,90,90
msg,2,17,936,3919,1006,90,90
msg,2,18,931,4069,1007,90,90
msg,2,19,922,12775,1009,90,90
msg,2,20,937,4016,1005,90,90
msg,2,21,906,4394,1003,90,90
msg,2,22,941,5889,1004,90,90
msg,2,23,933,4292,1006,90,90
msg,2,24,1009,4641,1007,90,90
msg,2,25,934,3981,1003,90,90
msg,2,26,929,17186,1015,90,90
msg,2,27,927,4498,1010,90,90
msg,2,28,932,4463,1001,90,90
msg,2,29,943,4328,998,90,90
msg,2,30,926,3799,1009,90,90
msg,2,31,935,6189,1063,90,90
msg,2,32,926,10221,1007,90,90
msg,2,33,935,6440,1006,90,90
msg,2,34,905,6437,1007,90,90
msg,2,35,926,5309,1009,90,90
msg,2,36,903,4421,1005,90,90
msg,2,37,931,3876,1006,90,90
msg,2,38,938,16824,1010,90,90
msg,2,39,927,4517,1054,90,90
msg,2,40,936,4169,1004,90,90
msg,2,41,935,4667,998,90,90
msg,2,42,936,4302,1060,90,90
msg,2,43,926,20003,1009,90,90
msg,2,44,935,4369,1002,90,90
msg,2,45,929,6075,1001,90,90
msg,2,46,940,6753,999,90,90
msg,2,47,930,5118,1004,90,90
msg,2,48,935,4229,1009,90,90
msg,2,49,1042,17284,1006,90,90
msg,2,50,1006,4092,1006,90,90
msg,2,51,939,4000,1007,90,90
msg,2,52,930,5070,1002,90,90
msg,2,53,908,4346,1003,90,90
msg,2,54,938,12949,1016,90,90
msg,2,55,932,3909,1010,90,90
msg,2,56,933,3898,1002,90,90
msg,2,57,927,4083,1001,90,90
msg,2,58,938,4556,1005,90,90
msg,2,59,935,3934,1005,90,90
msg,2,60,926,3891,1008,90,90
msg,2,61,935,5149,1012,90,90
msg,2,62,931,12322,998,90,90
msg,2,63,994,4363,1008,90,90
msg,2,64,930,4521,1010,90,90
msg,2,65,929,3979,1004,90,90
msg,2,66,927,3876,1011,90,90
msg,2,67,936,15627,1005,90,90
msg,2,68,925,3965,1004,90,90
msg,2,69,934,4829,1001,90,90
msg,2,70,928,3914,1062,90,90
msg,2,71,925,3972,1007,90,90
msg,2,72,928,4319,1006,90,90
msg,2,73,929,7138,1009,90,90
msg,2,74,940,16173,1004,90,90
msg,2,75,937,4872,1007,90,90
msg,2,76,930,3991,999,90,90
msg,2,77,936,5610,1001,90,90
msg,2,78,935,3666,1008,90,90
msg,2,79,902,17378,1005,90,90
msg,2,80,935,4253,1012,90,90
msg,2,81,936,7250,1003,90,90
msg,2,82,931,4245,1006,90,90
msg,2,83,933,4126,1002,90,90
msg,2,84,933,4056,1012,90,90
msg,2,85,909,4842,1019,90,90
msg,2,86,905,15613,1012,90,90
msg,2,87,935,5240,1006,90,90
msg,2,88,903,6914,997,90,90
msg,2,89,896,4544,1000,90,90
msg,2,90,941,17128,1018,90,90
msg,2,91,933,4126,1001,90,90
msg,2,92,933,4026,1000,90,90
msg,2,93,932,5002,1004,90,90
msg,2,94,943,7185,1008,90,90
msg,2,95,934,4107,1009,90,90
msg,2,96,904,19806,1010,90,90
msg,2,97,938,5578,1004,90,90
msg,2,98,929,3858,1004,90,90
msg,2,99,936,4736,1005,90,90
msg,2,100,931,3994,1008,90,90
msg,2,101,928,18040,1013,90,90
msg,2,102,935,7111,998,90,90
msg,2,103,913,6287,1006,90,90
msg,2,104,932,6285,1005,90,90
msg,2,105,1043,8696,1013,90,90
msg,2,106,939,16367,1011,90,90
msg,2,107,928,4793,998,90,90
msg,2,108,922,4018,1006,90,90
msg,2,109,924,6090,1010,90,90
msg,2,110,921,4775,1029,90,90
msg,2,111,933,16850,1067,90,90
msg,2,112,936,3994,1008,90,90
msg,2,113,927,6742,1010,90,90
msg,2,114,930,3957,1004,90,90
msg,2,115,933,4151,1008,90,90
msg,2,116,931,4358,1005,90,90
msg,2,117,931,4364,1001,90,90
msg,2,118,937,12899,1006,90,90
msg,2,119,931,7061,1061,90,90
msg,2,120,1073,7989,1005,90,90
msg,2,121,928,4222,1013,90,90
msg,2,122,927,17886,1005,90,90
msg,2,123,934,4075,1007,90,90
msg,2,124,937,6915,1004,90,90
msg,2,125,936,4112,1001,90,90
msg,2,126,896,5125,1004,90,90
msg,2,127,930,4079,1012,90,90
msg,2,128,933,3856,1010,90,90
msg,2,129,924,13676,986,90,90
msg,2,130,940,3964,1001,90,90
msg,2,131,996,4638,1015,90,90
msg,2,132,923,5100,1006,90,90
msg,2,133,930,3914,1008,90,90
msg,2,134,934,18612,1059,90,90
msg,2,135,937,6354,1008,90,90
msg,2,136,937,4742,1008,90,90
msg,2,137,937,3949,1004,90,90
msg,2,138,937,4679,1013,90,90
msg,2,139,935,5650,999,90,90
msg,2,140,933,16844,1003,90,90
msg,2,141,932,6017,1003,90,90
msg,2,142,936,3941,996,90,90
msg,2,143,934,4633,1005,90,90
msg,2,144,898,3835,1005,90,90
msg,2,145,931,17466,1003,90,90
msg,2,146,937,6711,1010,90,90
msg,2,147,931,4847,1014,90,90
msg,2,148,934,3835,1006,90,90
msg,2,149,935,4913,1008,90,90
msg,2,150,930,3897,1004,90,90
msg,2,151,932,4990,1001,90,90
msg,2,152,936,12323,1000,90,90
msg,2,153,926,7736,1008,90,90
msg,2,154,935,7400,1004,90,90
msg,2,155,931,4324,1006,90,90
msg,2,156,931,17025,1008,90,90
msg,2,157,926,6770,1000,90,90
msg,2,158,938,6197,1078,90,90
msg,2,159,934,3719,1007,90,90
msg,2,160,928,4710,1012,90,90
msg,2,161,934,3825,1010,90,90
msg,2,162,998,18841,1059,90,90
msg,2,163,931,7983,1003,90,90
msg,2,164,934,7310,1015,90,90
msg,2,165,933,4204,1006,90,90
msg,2,166,931,18457,1001,90,90
msg,2,167,935,3857,1001,90,90
msg,2,168,930,6574,1008,90,90
msg,2,169,941,4348,1001,90,90
msg,2,170,923,4560,1007,90,90
msg,2,171,908,3917,1053,90,90
msg,2,172,929,3817,1007,90,90
msg,2,173,906,16571,1009,90,90
msg,2,174,944,3993,1011,90,90
msg,2,175,927,4318,998,90,90
msg,2,176,925,6544,1013,90,90
msg,2,177,934,16589,1007,90,90
msg,2,178,930,3864,999,90,90
msg,2,179,934,4025,1006,90,90
msg,2,180,930,3936,1011,90,90
msg,2,181,938,3711,1007,90,90
msg,2,182,933,5846,1008,90,90
msg,2,183,931,3704,1000,90,90
msg,2,184,934,3838,999,90,90
msg,2,185,932,16267,1002,90,90
msg,2,186,934,5537,1001,90,90
msg,2,187,930,3872,1008,90,90
msg,2,188,938,4589,999,90,90
msg,2,189,927,18523,1005,90,90
msg,2,190,941,4143,1000,90,90
msg,2,191,904,4839,1005,90,90
msg,2,192,925,3905,1011,90,90
msg,2,193,903,3865,1007,90,90
msg,2,194,929,5871,1006,90,90
msg,2,195,935,4633,1001,90,90
msg,2,196,924,16891,1002,90,90
msg,2,197,933,4322,1009,90,90
msg,2,198,924,4114,1002,90,90
msg,2,199,936,5150,1002,90,90
whole,2,27.528,1808.768,200
#stack 2368
#end
#block pipeline plain lorawan11_256 down
#aead AES-256-CTR+2xCMAC (LoRaWAN 1.1 frame, 256-bit keys) (BearSSL (arduino-pico)), downlink, 51 B payload + 13 B overhead
#lib none (plain MQTT)
iter,tcp_ms,tls_ms,mqtt_ms,total_ms,hs_tx_B,hs_rx_B,mqtt_tx_B,mqtt_rx_B,hs_writes,hs_reads,writes,reads,free_heap_B,hs_keygen_us,hs_derive_us,hs_verify_us,hs_sign_us,hs_keygen_n,hs_derive_n,hs_verify_n,hs_sign_n
msg,iter,idx,seal_us,rtt_us,open_us,tx_B,rx_B
whole,iter,first_ms,all_ms,msgs
0,4.3440,0.0030,18.5490,22.8960,0,0,23,4,0,0,1,1,169324,0.0,0.0,0.0,0.0,0,0,0,0
msg,0,0,730,4014,725,90,90
msg,0,1,582,7105,642,90,90
msg,0,2,548,4251,626,90,90
msg,0,3,565,21350,643,90,90
msg,0,4,571,7841,640,90,90
msg,0,5,584,4033,640,90,90
msg,0,6,552,4526,644,90,90
msg,0,7,547,6538,627,90,90
msg,0,8,552,3934,645,90,90
msg,0,9,578,18431,647,90,90
msg,0,10,546,4128,640,90,90
msg,0,11,573,4321,645,90,90
msg,0,12,574,6675,643,90,90
msg,0,13,578,3571,644,90,90
msg,0,14,581,7475,647,90,90
msg,0,15,552,10453,647,90,90
msg,0,16,555,4010,642,90,90
msg,0,17,570,3993,630,90,90
msg,0,18,553,4931,637,90,90
msg,0,19,555,4252,621,90,90
msg,0,20,587,5154,650,90,90
msg,0,21,574,3840,634,90,90
msg,0,22,573,5019,620,90,90
msg,0,23,545,15308,640,90,90
msg,0,24,577,4994,731,90,90
msg,0,25,553,4247,653,90,90
msg,0,26,571,6882,639,90,90
msg,0,27,554,4035,640,90,90
msg,0,28,575,20426,643,90,90
msg,0,29,553,3914,640,90,90
msg,0,30,577,6553,646,90,90
msg,0,31,578,5957,629,90,90
msg,0,32,547,7732,632,90,90
msg,0,33,556,3756,643,90,90
msg,0,34,551,17600,645,90,90
msg,0,35,554,5868,639,90,90
msg,0,36,582,5732,645,90,90
msg,0,37,573,6789,638,90,90
msg,0,38,568,4180,648,90,90
msg,0,39,550,19249,628,90,90
msg,0,40,585,3984,648,90,90
msg,0,41,545,6387,627,90,90
msg,0,42,550,4758,645,90,90
msg,0,43,551,5486,634,90,90
msg,0,44,555,4858,646,90,90
msg,0,45,547,4652,639,90,90
msg,0,46,544,16837,647,90,90
msg,0,47,588,4351,642,90,90
msg,0,48,555,4062,640,90,90
msg,0,49,582,6923,680,90,90
msg,0,50,556,3872,641,90,90
msg,0,51,560,17150,627,90,90
msg,0,52,576,5383,635,90,90
msg,0,53,580,8838,635,90,90
msg,0,54,581,9009,640,90,90
msg,0,55,551,5554,638,90,90
msg,0,56,555,5955,641,90,90
msg,0,57,579,15711,656,90,90
msg,0,58,578,5716,631,90,90
msg,0,59,575,4115,640,90,90
msg,0,60,556,5214,631,90,90
msg,0,61,583,4890,638,90,90
msg,0,62,550,16514,634,90,90
msg,0,63,544,4438,628,90,90
msg,0,64,573,3971,646,90,90
msg,0,65,546,4314,633,90,90
msg,0,66,579,4664,634,90,90
msg,0,67,547,4900,639,90,90
msg,0,68,547,3980,647,90,90
msg,0,69,641,4030,624,90,90
msg,0,70,558,17421,633,90,90
msg,0,71,572,3969,643,90,90
msg,0,72,549,3931,644,90,90
msg,0,73,566,4742,643,90,90
msg,0,74,574,4555,644,90,90
msg,0,75,571,18353,642,90,90
msg,0,76,558,5457,649,90,90
msg,0,77,559,8778,641,90,90
msg,0,78,559,5581,644,90,90
msg,0,79,543,6344,629,90,90
msg,0,80,619,4680,646,90,90
msg,0,81,555,18407,1002,90,90
msg,0,82,568,7294,628,90,90
msg,0,83,555,4971,644,90,90
msg,0,84,554,3944,644,90,90
msg,0,85,579,4321,640,90,90
msg,0,86,570,21503,645,90,90
msg,0,87,562,5654,640,90,90
msg,0,88,551,5537,651,90,90
msg,0,89,549,3928,647,90,90
msg,0,90,571,4916,630,90,90
msg,0,91,575,3822,684,90,90
msg,0,92,567,3952,640,90,90
msg,0,93,573,15174,631,90,90
msg,0,94,556,5412,635,90,90
msg,0,95,584,3605,625,90,90
msg,0,96,652,6974,641,90,90
msg,0,97,557,4136,639,90,90
msg,0,98,572,16176,643,90,90
msg,0,99,545,4964,644,90,90
msg,0,100,576,5514,647,90,90
msg,0,101,577,3700,643,90,90
msg,0,102,572,7023,626,90,90
msg,0,103,545,6430,629,90,90
msg,0,104,570,4277,645,90,90
msg,0,105,584,17074,636,90,90
msg,0,106,549,7043,647,90,90
msg,0,107,580,9149,636,90,90
msg,0,108,560,4755,644,90,90
msg,0,109,561,18348,627,90,90
msg,0,110,1031,4117,636,90,90
msg,0,111,579,3971,644,90,90
msg,0,112,549,4262,628,90,90
msg,0,113,587,12369,643,90,90
msg,0,114,572,5513,644,90,90
msg,0,115,580,19030,631,90,90
msg,0,116,571,5348,643,90,90
msg,0,117,584,4031,626,90,90
msg,0,118,553,5891,650,90,90
msg,0,119,546,4754,645,90,90
msg,0,120,580,15356,656,90,90
msg,0,121,550,5045,694,90,90
msg,0,122,575,4610,640,90,90
msg,0,123,581,7752,625,90,90
msg,0,124,575,4323,638,90,90
msg,0,125,582,4183,644,90,90
msg,0,126,547,4817,642,90,90
msg,0,127,546,3640,642,90,90
msg,0,128,701,16536,646,90,90
msg,0,129,575,3878,640,90,90
msg,0,130,574,3793,627,90,90
msg,0,131,576,5459,640,90,90
msg,0,132,569,7172,640,90,90
msg,0,133,552,15837,689,90,90
msg,0,134,581,4533,645,90,90
msg,0,135,574,5404,649,90,90
msg,0,136,551,5277,631,90,90
msg,0,137,557,7602,636,90,90
msg,0,138,546,4475,632,90,90
msg,0,139,571,6503,644,90,90
msg,0,140,583,13567,647,90,90
msg,0,141,575,4578,641,90,90
msg,0,142,591,3688,636,90,90
msg,0,143,582,8780,628,90,90
msg,0,144,576,4224,644,90,90
msg,0,145,647,17455,640,90,90
msg,0,146,581,3811,641,90,90
msg,0,147,577,5350,644,90,90
msg,0,148,573,6026,627,90,90
msg,0,149,578,8105,647,90,90
msg,0,150,552,4251,626,90,90
msg,0,151,549,5181,650,90,90
msg,0,152,569,14204,698,90,90
msg,0,153,548,6044,640,90,90
msg,0,154,584,6860,634,90,90
msg,0,155,580,25997,648,90,90
msg,0,156,551,3927,641,90,90
msg,0,157,581,3896,626,90,90
msg,0,158,583,5376,642,90,90
msg,0,159,577,4789,628,90,90
msg,0,160,582,6284,640,90,90
msg,0,161,567,4368,748,90,90
msg,0,162,550,4466,644,90,90
msg,0,163,548,20119,641,90,90
msg,0,164,580,3839,625,90,90
msg,0,165,566,4284,646,90,90
msg,0,166,581,4963,628,90,90
msg,0,167,551,18313,644,90,90
msg,0,168,586,3901,638,90,90
msg,0,169,551,4291,645,90,90
msg,0,170,584,6285,641,90,90
msg,0,171,554,4349,630,90,90
msg,0,172,545,6281,636,90,90
msg,0,173,584,4062,648,90,90
msg,0,174,560,6095,641,90,90
msg,0,175,569,15995,629,90,90
msg,0,176,549,4461,627,90,90
msg,0,177,579,4252,643,90,90
msg,0,178,574,4547,653,90,90
msg,0,179,581,4766,650,90,90
msg,0,180,585,18943,630,90,90
msg,0,181,551,4080,643,90,90
msg,0,182,575,4170,634,90,90
msg,0,183,550,3866,641,90,90
msg,0,184,558,4285,632,90,90
msg,0,185,569,5202,643,90,90
msg,0,186,595,7860,628,90,90
msg,0,187,571,15899,647,90,90
msg,0,188,551,5858,643,90,90
msg,0,189,580,3784,648,90,90
msg,0,190,582,5865,626,90,90
msg,0,191,581,4237,642,90,90
msg,0,192,583,7029,683,90,90
msg,0,193,545,13087,639,90,90
msg,0,194,572,4151,685,90,90
msg,0,195,554,5586,629,90,90
msg,0,196,547,5936,647,90,90
msg,0,197,555,5821,650,90,90
msg,0,198,574,3954,634,90,90
msg,0,199,572,20257,642,90,90
whole,0,35.139,1763.677,200
1,5.3730,0.0020,4.2530,9.6280,0,0,23,4,0,0,1,1,169324,0.0,0.0,0.0,0.0,0,0,0,0
msg,1,0,698,4435,649,90,90
msg,1,1,575,14166,631,90,90
msg,1,2,561,5310,630,90,90
msg,1,3,577,3860,626,90,90
msg,1,4,617,3621,630,90,90
msg,1,5,553,3579,631,90,90
msg,1,6,549,3848,644,90,90
msg,1,7,586,3783,643,90,90
msg,1,8,565,3725,634,90,90
msg,1,9,576,3854,629,90,90
msg,1,10,554,14650,630,90,90
msg,1,11,552,6339,637,90,90
msg,1,12,637,3848,630,90,90
msg,1,13,555,5361,640,90,90
msg,1,14,576,5027,642,90,90
msg,1,15,551,6228,642,90,90
msg,1,16,570,11778,623,90,90
msg,1,17,573,3863,640,90,90
msg,1,18,549,3972,643,90,90
msg,1,19,576,3865,630,90,90
msg,1,20,576,7734,635,90,90
msg,1,21,579,11849,639,90,90
msg,1,22,552,38035,657,90,90
msg,1,23,563,4089,635,90,90
msg,1,24,549,13690,629,90,90
msg,1,25,550,4673,637,90,90
msg,1,26,554,3854,695,90,90
msg,1,27,576,5348,643,90,90
msg,1,28,547,3932,740,90,90
msg,1,29,581,7138,629,90,90
msg,1,30,546,4266,642,90,90
msg,1,31,568,4236,698,90,90
msg,1,32,578,16998,627,90,90
msg,1,33,578,7152,650,90,90
msg,1,34,573,10344,624,90,90
msg,1,35,552,19923,645,90,90
msg,1,36,579,4562,646,90,90
msg,1,37,580,3915,638,90,90
msg,1,38,579,5300,636,90,90
msg,1,39,569,4128,629,90,90
msg,1,40,575,5472,624,90,90
msg,1,41,583,5075,640,90,90
msg,1,42,547,4067,636,90,90
msg,1,43,581,15313,646,90,90
msg,1,44,569,6688,638,90,90
msg,1,45,574,4418,644,90,90
msg,1,46,555,4343,627,90,90
msg,1,47,552,3828,647,90,90
msg,1,48,547,6801,642,90,90
msg,1,49,582,13900,635,90,90
msg,1,50,571,3806,627,90,90
msg,1,51,578,5371,640,90,90
msg,1,52,693,12642,640,90,90
msg,1,53,579,4310,643,90,90
msg,1,54,577,4401,693,90,90
msg,1,55,581,14555,640,90,90
msg,1,56,548,5660,640,90,90
msg,1,57,545,5129,633,90,90
msg,1,58,579,4843,620,90,90
msg,1,59,557,4004,646,90,90
msg,1,60,583,6834,642,90,90
msg,1,61,579,10423,644,90,90
msg,1,62,590,4192,645,90,90
msg,1,63,549,5397,629,90,90
msg,1,64,573,4270,653,90,90
msg,1,65,577,3613,643,90,90
msg,1,66,578,5339,640,90,90
msg,1,67,552,4201,625,90,90
msg,1,68,587,3585,625,90,90
msg,1,69,576,15159,637,90,90
msg,1,70,581,5691,642,90,90
msg,1,71,578,3596,643,90,90
msg,1,72,583,5789,638,90,90
msg,1,73,576,3975,633,90,90
msg,1,74,552,7609,630,90,90
msg,1,75,551,10570,634,90,90
msg,1,76,552,4422,631,90,90
msg,1,77,583,11911,633,90,90
msg,1,78,551,10533,681,90,90
msg,1,79,552,5901,644,90,90
msg,1,80,546,16999,641,90,90
msg,1,81,578,5628,639,90,90
msg,1,82,581,3460,657,90,90
msg,1,83,577,6707,639,90,90
msg,1,84,581,3735,625,90,90
msg,1,85,582,17434,646,90,90
msg,1,86,580,3959,687,90,90
msg,1,87,559,4433,639,90,90
msg,1,88,582,3900,647,90,90
msg,1,89,550,4749,642,90,90
msg,1,90,551,6427,631,90,90
msg,1,91,559,3901,647,90,90
msg,1,92,581,3891,639,90,90
msg,1,93,579,15761,633,90,90
msg,1,94,585,5731,625,90,90
msg,1,95,545,3768,639,90,90
msg,1,96,550,7475,635,90,90
msg,1,97,546,3953,647,90,90
msg,1,98,552,15804,637,90,90
msg,1,99,574,4118,628,90,90
msg,1,100,551,4211,643,90,90
msg,1,101,581,5990,629,90,90
msg,1,102,556,3998,650,90,90
msg,1,103,578,5761,644,90,90
msg,1,104,574,3997,628,90,90
msg,1,105,573,3863,647,90,90
msg,1,106,550,15682,643,90,90
msg,1,107,558,4835,648,90,90
msg,1,108,573,6962,633,90,90
msg,1,109,575,5031,637,90,90
msg,1,110,562,3908,641,90,90
msg,1,111,582,16506,650,90,90
msg,1,112,580,4045,696,90,90
msg,1,113,582,28326,651,90,90
msg,1,114,592,3763,632,90,90
msg,1,115,580,16346,636,90,90
msg,1,116,572,5702,643,90,90
msg,1,117,577,7696,637,90,90
msg,1,118,582,7120,640,90,90
msg,1,119,553,17670,637,90,90
msg,1,120,554,4140,638,90,90
msg,1,121,582,3709,628,90,90
msg,1,122,572,6487,623,90,90
msg,1,123,577,3964,629,90,90
msg,1,124,559,6154,641,90,90
msg,1,125,586,3814,624,90,90
msg,1,126,571,3688,623,90,90
msg,1,127,579,15443,638,90,90
msg,1,128,585,5666,630,90,90
msg,1,129,571,6333,646,90,90
msg,1,130,582,8527,713,90,90
msg,1,131,579,17438,643,90,90
msg,1,132,580,3966,642,90,90
msg,1,133,575,3819,630,90,90
msg,1,134,547,6613,631,90,90
msg,1,135,547,3807,628,90,90
msg,1,136,555,5943,644,90,90
msg,1,137,565,3750,643,90,90
msg,1,138,578,3951,673,90,90
msg,1,139,554,15758,631,90,90
msg,1,140,560,5485,629,90,90
msg,1,141,558,3917,642,90,90
msg,1,142,545,6501,642,90,90
msg,1,143,550,6956,649,90,90
msg,1,144,578,15513,652,90,90
msg,1,145,582,4234,635,90,90
msg,1,146,559,4405,632,90,90
msg,1,147,569,3707,627,90,90
msg,1,148,646,4111,644,90,90
msg,1,149,577,5561,648,90,90
msg,1,150,571,3809,640,90,90
msg,1,151,566,5524,640,90,90
msg,1,152,576,17429,647,90,90
msg,1,153,587,4500,641,90,90
msg,1,154,555,3952,646,90,90
msg,1,155,572,4291,644,90,90
msg,1,156,554,4081,627,90,90
msg,1,157,578,17163,655,90,90
msg,1,158,561,3688,639,90,90
msg,1,159,569,9465,703,90,90
msg,1,160,560,4655,646,90,90
msg,1,161,551,6196,630,90,90
msg,1,162,576,3955,647,90,90
msg,1,163,555,3816,637,90,90
msg,1,164,574,16970,629,90,90
msg,1,165,587,5683,626,90,90
msg,1,166,578,4644,632,90,90
msg,1,167,552,6042,637,90,90
msg,1,168,547,21505,654,90,90
msg,1,169,548,3990,639,90,90
msg,1,170,575,4080,630,90,90
msg,1,171,550,6387,629,90,90
msg,1,172,649,3820,627,90,90
msg,1,173,553,5534,630,90,90
msg,1,174,553,3763,641,90,90
msg,1,175,548,31674,651,90,90
msg,1,176,556,4418,630,90,90
msg,1,177,548,4114,641,90,90
msg,1,178,573,4324,644,90,90
msg,1,179,551,19550,649,90,90
msg,1,180,553,3931,645,90,90
msg,1,181,568,7010,630,90,90
msg,1,182,579,6792,630,90,90
msg,1,183,552,5092,643,90,90
msg,1,184,579,4560,647,90,90
msg,1,185,572,3868,635,90,90
msg,1,186,574,16359,638,90,90
msg,1,187,577,3915,624,90,90
msg,1,188,571,4265,650,90,90
msg,1,189,582,4205,630,90,90
msg,1,190,548,3955,636,90,90
msg,1,191,547,19760,654,90,90
msg,1,192,575,4497,646,90,90
msg,1,193,642,3899,639,90,90
msg,1,194,572,3889,629,90,90
msg,1,195,553,4523,630,90,90
msg,1,196,572,4888,645,90,90
msg,1,197,557,3928,639,90,90
msg,1,198,578,3903,628,90,90
msg,1,199,578,15447,647,90,90
whole,1,21.426,1734.378,200
2,5.3720,0.0020,7.2100,12.5840,0,0,23,4,0,0,1,1,169324,0.0,0.0,0.0,0.0,0,0,0,0
msg,2,0,692,17475,641,90,90
msg,2,1,588,6947,644,90,90
msg,2,2,548,4600,643,90,90
msg,2,3,557,3781,642,90,90
msg,2,4,547,3830,642,90,90
msg,2,5,580,4655,656,90,90
msg,2,6,572,4934,631,90,90
msg,2,7,583,3574,630,90,90
msg,2,8,582,14981,645,90,90
msg,2,9,549,5738,645,90,90
msg,2,10,554,4924,646,90,90
msg,2,11,574,5168,636,90,90
msg,2,12,558,4759,648,90,90
msg,2,13,552,18192,635,90,90
msg,2,14,571,4251,644,90,90
msg,2,15,579,4238,639,90,90
msg,2,16,552,3798,645,90,90
msg,2,17,546,9975,640,90,90
msg,2,18,577,5224,646,90,90
msg,2,19,548,4263,632,90,90
msg,2,20,556,17950,638,90,90
msg,2,21,555,4616,646,90,90
msg,2,22,549,3708,643,90,90
msg,2,23,551,5782,639,90,90
msg,2,24,574,3741,642,90,90
msg,2,25,570,19416,654,90,90
msg,2,26,583,4855,639,90,90
msg,2,27,583,7868,626,90,90
msg,2,28,546,5343,633,90,90
msg,2,29,582,5602,640,90,90
msg,2,30,575,3889,634,90,90
msg,2,31,542,4255,642,90,90
msg,2,32,573,16059,633,90,90
msg,2,33,566,4052,646,90,90
msg,2,34,589,4643,641,90,90
msg,2,35,572,5216,639,90,90
msg,2,36,545,4068,647,90,90
msg,2,37,576,16310,638,90,90
msg,2,38,549,3952,639,90,90
msg,2,39,570,4361,639,90,90
msg,2,40,573,6297,639,90,90
msg,2,41,614,5511,626,90,90
msg,2,42,548,4327,631,90,90
msg,2,43,583,3843,629,90,90
msg,2,44,555,3816,645,90,90
msg,2,45,554,15269,629,90,90
msg,2,46,574,5261,648,90,90
msg,2,47,581,3922,634,90,90
msg,2,48,573,6627,629,90,90
msg,2,49,693,4456,628,90,90
msg,2,50,585,6356,645,90,90
msg,2,51,575,10241,638,90,90
msg,2,52,557,4092,637,90,90
msg,2,53,576,5431,645,90,90
msg,2,54,570,7780,641,90,90
msg,2,55,578,7653,1035,90,90
msg,2,56,573,4313,629,90,90
msg,2,57,576,18878,636,90,90
msg,2,58,560,6219,638,90,90
msg,2,59,573,3530,644,90,90
msg,2,60,580,8062,641,90,90
msg,2,61,561,3770,646,90,90
msg,2,62,551,17915,651,90,90
msg,2,63,576,3820,642,90,90
msg,2,64,574,3660,622,90,90
msg,2,65,568,5462,652,90,90
msg,2,66,579,8108,645,90,90
msg,2,67,556,4385,626,90,90
msg,2,68,572,4656,631,90,90
msg,2,69,550,16014,641,90,90
msg,2,70,556,6239,630,90,90
msg,2,71,554,4505,631,90,90
msg,2,72,578,5692,636,90,90
msg,2,73,555,3590,635,90,90
msg,2,74,584,16557,628,90,90
msg,2,75,570,3987,642,90,90
msg,2,76,558,3661,641,90,90
msg,2,77,554,7998,645,90,90
msg,2,78,572,3559,644,90,90
msg,2,79,574,5351,649,90,90
msg,2,80,645,3639,645,90,90
msg,2,81,569,4910,628,90,90
msg,2,82,576,14782,624,90,90
msg,2,83,579,6003,640,90,90
msg,2,84,548,4132,624,90,90
msg,2,85,695,7313,648,90,90
msg,2,86,580,4106,647,90,90
msg,2,87,564,19105,642,90,90
msg,2,88,577,4294,647,90,90
msg,2,89,558,6178,629,90,90
msg,2,90,579,4816,629,90,90
msg,2,91,550,5952,646,90,90
msg,2,92,572,3739,637,90,90
msg,2,93,570,4147,635,90,90
msg,2,94,553,15553,630,90,90
msg,2,95,550,6033,636,90,90
msg,2,96,577,3901,640,90,90
msg,2,97,570,6826,632,90,90
msg,2,98,556,3954,639,90,90
msg,2,99,559,16309,630,90,90
msg,2,100,552,3790,645,90,90
msg,2,101,558,4764,643,90,90
msg,2,102,559,5883,645,90,90
msg,2,103,583,3715,643,90,90
msg,2,104,573,6173,646,90,90
msg,2,105,553,3771,644,90,90
msg,2,106,573,5583,649,90,90
msg,2,107,551,16394,628,90,90
msg,2,108,553,4235,641,90,90
msg,2,109,697,3694,631,90,90
msg,2,110,559,4679,625,90,90
msg,2,111,564,4122,643,90,90
msg,2,112,574,17351,645,90,90
msg,2,113,547,4193,631,90,90
msg,2,114,588,3834,630,90,90
msg,2,115,556,4130,639,90,90
msg,2,116,578,5486,650,90,90
msg,2,117,582,5361,642,90,90
msg,2,118,546,4320,629,90,90
msg,2,119,573,4844,643,90,90
msg,2,120,552,15832,638,90,90
msg,2,121,645,8156,633,90,90
msg,2,122,554,9207,646,90,90
msg,2,123,582,21842,632,90,90
msg,2,124,577,5438,650,90,90
msg,2,125,585,4968,626,90,90
msg,2,126,552,4443,629,90,90
msg,2,127,574,5568,632,90,90
msg,2,128,577,7810,626,90,90
msg,2,129,546,4890,654,90,90
msg,2,130,552,15238,639,90,90
msg,2,131,578,3964,654,90,90
msg,2,132,559,4513,641,90,90
msg,2,133,554,8312,628,90,90
msg,2,134,579,6050,640,90,90
msg,2,135,546,17002,639,90,90
msg,2,136,575,5411,639,90,90
msg,2,137,570,6958,637,90,90
msg,2,138,578,7395,642,90,90
msg,2,139,573,6673,642,90,90
msg,2,140,584,6010,630,90,90
msg,2,141,550,17420,631,90,90
msg,2,142,582,4384,649,90,90
msg,2,143,581,4383,636,90,90
msg,2,144,571,6192,633,90,90
msg,2,145,555,4184,646,90,90
msg,2,146,576,16451,650,90,90
msg,2,147,572,4139,630,90,90
msg,2,148,555,6585,627,90,90
msg,2,149,571,4563,624,90,90
msg,2,150,582,4070,642,90,90
msg,2,151,550,7734,655,90,90
msg,2,152,577,6748,644,90,90
msg,2,153,582,16394,646,90,90
msg,2,154,576,4228,626,90,90
msg,2,155,545,4490,625,90,90
msg,2,156,585,4975,647,90,90
msg,2,157,550,3972,642,90,90
msg,2,158,585,15124,631,90,90
msg,2,159,555,4472,628,90,90
msg,2,160,547,4459,630,90,90
msg,2,161,582,6264,644,90,90
msg,2,162,583,4034,627,90,90
msg,2,163,585,8924,647,90,90
msg,2,164,548,3805,646,90,90
msg,2,165,577,18018,630,90,90
msg,2,166,578,6067,643,90,90
msg,2,167,550,4970,642,90,90
msg,2,168,576,8641,641,90,90
msg,2,169,575,8488,644,90,90
msg,2,170,572,13079,631,90,90
msg,2,171,557,4485,634,90,90
msg,2,172,580,5855,641,90,90
msg,2,173,551,3861,648,90,90
msg,2,174,560,5491,643,90,90
msg,2,175,556,4528,642,90,90
msg,2,176,547,3618,630,90,90
msg,2,177,547,16641,647,90,90
msg,2,178,553,5270,629,90,90
msg,2,179,579,4594,638,90,90
msg,2,180,582,5621,633,90,90
msg,2,181,579,4306,637,90,90
msg,2,182,582,17674,659,90,90
msg,2,183,591,4506,639,90,90
msg,2,184,571,4286,649,90,90
msg,2,185,555,4156,638,90,90
msg,2,186,572,3897,630,90,90
msg,2,187,544,6638,629,90,90
msg,2,188,613,4084,640,90,90
msg,2,189,580,4490,632,90,90
msg,2,190,549,14878,646,90,90
msg,2,191,580,8937,633,90,90
msg,2,192,550,3549,629,90,90
msg,2,193,572,6531,630,90,90
msg,2,194,575,3976,640,90,90
msg,2,195,554,15305,632,90,90
msg,2,196,576,4415,636,90,90
msg,2,197,641,4699,629,90,90
msg,2,198,579,4220,640,90,90
msg,2,199,570,4818,643,90,90
whole,2,37.023,1700.660,200
#stack 2268
#end
#block pipeline TLS lorawan11 up
#aead LoRaWAN-1.1 AES-128-CTR+2xCMAC (BearSSL (arduino-pico)), uplink, 51 B payload + 13 B overhead
#lib wolfSSL 5.9.4
iter,tcp_ms,tls_ms,mqtt_ms,total_ms,hs_tx_B,hs_rx_B,mqtt_tx_B,mqtt_rx_B,hs_writes,hs_reads,writes,reads,free_heap_B,hs_keygen_us,hs_derive_us,hs_verify_us,hs_sign_us,hs_keygen_n,hs_derive_n,hs_verify_n,hs_sign_n
msg,iter,idx,seal_us,rtt_us,open_us,tx_B,rx_B
whole,iter,first_ms,all_ms,msgs
#suite TLS13-AES256-GCM-SHA384
0,5.3920,225.2390,8.6030,239.2340,1391,3821,45,568,2,12,3,18,167444,66339.0,70082.0,15759.0,0.0,2,2,2,0
msg,0,0,877,6709,858,112,112
msg,0,1,712,6389,856,112,112
msg,0,2,719,7253,858,112,112
msg,0,3,712,20629,852,112,112
msg,0,4,682,8890,857,112,112
msg,0,5,718,6810,851,112,112
msg,0,6,717,6978,849,112,112
msg,0,7,719,6040,838,112,112
msg,0,8,684,17334,850,112,112
msg,0,9,719,5970,835,112,112
msg,0,10,679,6526,850,112,112
msg,0,11,718,5487,860,112,112
msg,0,12,709,18222,854,112,112
msg,0,13,716,8346,850,112,112
msg,0,14,703,11365,846,112,112
msg,0,15,679,6396,831,112,112
msg,0,16,686,6164,838,112,112
msg,0,17,680,17626,860,112,112
msg,0,18,721,6087,855,112,112
msg,0,19,711,5833,836,112,112
msg,0,20,680,5928,856,112,112
msg,0,21,703,18518,943,112,112
msg,0,22,711,6033,850,112,112
msg,0,23,683,8608,848,112,112
msg,0,24,709,5518,857,112,112
msg,0,25,687,5419,832,112,112
msg,0,26,687,6738,937,112,112
msg,0,27,713,18099,943,112,112
msg,0,28,719,6076,847,112,112
msg,0,29,713,6432,855,112,112
msg,0,30,718,5547,854,112,112
msg,0,31,717,17371,851,112,112
msg,0,32,714,5942,836,112,112
msg,0,33,676,9600,854,112,112
msg,0,34,714,8744,837,112,112
msg,0,35,685,8358,855,112,112
msg,0,36,712,17875,849,112,112
msg,0,37,685,6565,855,112,112
msg,0,38,713,8824,848,112,112
msg,0,39,688,19328,845,112,112
msg,0,40,772,6168,827,112,112
msg,0,41,696,9219,839,112,112
msg,0,42,680,5714,855,112,112
msg,0,43,723,6356,854,112,112
msg,0,44,709,6499,834,112,112
msg,0,45,683,29796,855,112,112
msg,0,46,867,6146,852,112,112
msg,0,47,716,18133,854,112,112
msg,0,48,715,6076,850,112,112
msg,0,49,716,8662,841,112,112
msg,0,50,690,7332,828,112,112
msg,0,51,673,6193,835,112,112
msg,0,52,685,6780,862,112,112
msg,0,53,721,15478,850,112,112
msg,0,54,681,14681,858,112,112
msg,0,55,711,22990,850,112,112
msg,0,56,710,8563,940,112,112
msg,0,57,726,8035,854,112,112
msg,0,58,724,7991,847,112,112
msg,0,59,714,5754,849,112,112
msg,0,60,683,18686,862,112,112
msg,0,61,716,6889,831,112,112
msg,0,62,682,5501,848,112,112
msg,0,63,710,6998,857,112,112
msg,0,64,717,20070,829,112,112
msg,0,65,683,5710,855,112,112
msg,0,66,720,5987,852,112,112
msg,0,67,722,5681,849,112,112
msg,0,68,718,5440,831,112,112
msg,0,69,683,5815,854,112,112
msg,0,70,718,18811,844,112,112
msg,0,71,718,5577,859,112,112
msg,0,72,717,7631,853,112,112
msg,0,73,688,5425,855,112,112
msg,0,74,709,14228,859,112,112
msg,0,75,716,5579,851,112,112
msg,0,76,716,6483,836,112,112
msg,0,77,678,6977,853,112,112
msg,0,78,713,5680,854,112,112
msg,0,79,717,5707,855,112,112
msg,0,80,712,18027,853,112,112
msg,0,81,707,6305,860,112,112
msg,0,82,718,5598,855,112,112
msg,0,83,715,6544,856,112,112
msg,0,84,722,17741,830,112,112
msg,0,85,675,5785,863,112,112
msg,0,86,811,6750,856,112,112
msg,0,87,713,8782,846,112,112
msg,0,88,681,6721,850,112,112
msg,0,89,710,5500,855,112,112
msg,0,90,713,14645,848,112,112
msg,0,91,715,5990,827,112,112
msg,0,92,680,8651,854,112,112
msg,0,93,708,5788,833,112,112
msg,0,94,688,18839,859,112,112
msg,0,95,720,5367,851,112,112
msg,0,96,725,5674,854,112,112
msg,0,97,715,5775,844,112,112
msg,0,98,686,7713,852,112,112
msg,0,99,715,21950,853,112,112
msg,0,100,675,8376,846,112,112
msg,0,101,714,7611,852,112,112
msg,0,102,709,5454,836,112,112
msg,0,103,685,17951,856,112,112
msg,0,104,713,5443,836,112,112
msg,0,105,680,6536,848,112,112
msg,0,106,714,5381,849,112,112
msg,0,107,712,6533,853,112,112
msg,0,108,717,8237,849,112,112
msg,0,109,679,12896,855,112,112
msg,0,110,716,6704,834,112,112
msg,0,111,686,8563,855,112,112
msg,0,112,724,5586,851,112,112
msg,0,113,681,17262,835,112,112
msg,0,114,685,5332,832,112,112
msg,0,115,689,5822,943,112,112
msg,0,116,716,5406,833,112,112
msg,0,117,684,6321,830,112,112
msg,0,118,675,6968,856,112,112
msg,0,119,709,16029,860,112,112
msg,0,120,720,5795,853,112,112
msg,0,121,719,5643,852,112,112
msg,0,122,714,5853,855,112,112
msg,0,123,723,18295,852,112,112
msg,0,124,726,5495,851,112,112
msg,0,125,717,5730,945,112,112
msg,0,126,726,5415,854,112,112
msg,0,127,717,7578,834,112,112
msg,0,128,684,6604,856,112,112
msg,0,129,712,17566,1368,112,112
msg,0,130,717,5752,853,112,112
msg,0,131,684,5595,849,112,112
msg,0,132,714,5467,865,112,112
msg,0,133,721,18635,830,112,112
msg,0,134,679,6266,833,112,112
msg,0,135,685,5435,848,112,112
msg,0,136,718,5667,857,112,112
msg,0,137,719,6765,859,112,112
msg,0,138,711,5850,834,112,112
msg,0,139,686,18230,832,112,112
msg,0,140,683,7721,852,112,112
msg,0,141,713,8570,853,112,112
msg,0,142,682,6656,854,112,112
msg,0,143,715,18281,853,112,112
msg,0,144,727,5694,837,112,112
msg,0,145,683,5657,855,112,112
msg,0,146,717,7977,856,112,112
msg,0,147,709,5575,851,112,112
msg,0,148,721,19526,855,112,112
msg,0,149,678,11120,847,112,112
msg,0,150,680,8396,832,112,112
msg,0,151,694,18840,856,112,112
msg,0,152,716,6151,869,112,112
msg,0,153,726,5695,861,112,112
msg,0,154,716,6537,850,112,112
msg,0,155,722,5903,853,112,112
msg,0,156,718,5423,850,112,112
msg,0,157,711,17885,856,112,112
msg,0,158,711,9292,851,112,112
msg,0,159,715,8537,847,112,112
msg,0,160,715,10409,855,112,112
msg,0,161,686,10687,854,112,112
msg,0,162,713,5400,860,112,112
msg,0,163,715,6089,848,112,112
msg,0,164,710,6042,938,112,112
msg,0,165,713,5467,859,112,112
msg,0,166,719,5931,849,112,112
msg,0,167,705,20687,855,112,112
msg,0,168,762,5963,851,112,112
msg,0,169,717,5974,865,112,112
msg,0,170,711,5983,845,112,112
msg,0,171,712,17337,856,112,112
msg,0,172,716,5376,854,112,112
msg,0,173,723,6010,853,112,112
msg,0,174,716,5397,859,112,112
msg,0,175,713,6171,857,112,112
msg,0,176,710,22944,854,112,112
msg,0,177,718,8107,853,112,112
msg,0,178,708,10860,836,112,112
msg,0,179,690,9359,848,112,112
msg,0,180,711,14933,847,112,112
msg,0,181,681,6445,849,112,112
msg,0,182,675,6129,837,112,112
msg,0,183,683,7184,835,112,112
msg,0,184,679,5791,965,112,112
msg,0,185,717,17206,858,112,112
msg,0,186,712,7235,845,112,112
msg,0,187,686,7587,858,112,112
msg,0,188,713,5957,831,112,112
msg,0,189,675,19457,856,112,112
msg,0,190,717,6864,848,112,112
msg,0,191,684,5595,858,112,112
msg,0,192,722,5452,860,112,112
msg,0,193,712,5970,859,112,112
msg,0,194,720,5577,862,112,112
msg,0,195,710,14555,852,112,112
msg,0,196,722,5869,850,112,112
msg,0,197,684,5449,834,112,112
msg,0,198,679,6850,857,112,112
msg,0,199,721,17743,862,112,112
whole,0,266.268,2452.968,200
1,5.4510,241.5330,22.1260,269.1100,1391,3819,45,568,2,12,3,18,167444,66374.0,70027.0,15513.0,0.0,2,2,2,0
msg,1,0,871,19995,836,112,112
msg,1,1,678,6742,852,112,112
msg,1,2,720,5962,845,112,112
msg,1,3,711,5495,854,112,112
msg,1,4,713,6005,862,112,112
msg,1,5,717,7044,854,112,112
msg,1,6,712,17103,851,112,112
msg,1,7,708,6326,932,112,112
msg,1,8,713,8347,851,112,112
msg,1,9,713,5612,837,112,112
msg,1,10,692,15398,853,112,112
msg,1,11,673,5787,852,112,112
msg,1,12,716,6039,857,112,112
msg,1,13,719,6944,862,112,112
msg,1,14,872,7664,834,112,112
msg,1,15,684,23719,854,112,112
msg,1,16,718,7797,831,112,112
msg,1,17,676,8285,853,112,112
msg,1,18,1315,21183,867,112,112
msg,1,19,720,5921,852,112,112
msg,1,20,714,8945,856,112,112
msg,1,21,719,5440,862,112,112
msg,1,22,730,5829,845,112,112
msg,1,23,685,5349,854,112,112
msg,1,24,716,18910,832,112,112
msg,1,25,682,6548,857,112,112
msg,1,26,715,7725,854,112,112
msg,1,27,689,5993,854,112,112
msg,1,28,712,17550,831,112,112
msg,1,29,687,5770,851,112,112
msg,1,30,727,5470,847,112,112
msg,1,31,837,5436,859,112,112
msg,1,32,712,5660,854,112,112
msg,1,33,708,6846,853,112,112
msg,1,34,720,16671,852,112,112
msg,1,35,674,5706,847,112,112
msg,1,36,712,7839,829,112,112
msg,1,37,687,22190,849,112,112
msg,1,38,681,6772,849,112,112
msg,1,39,711,8695,835,112,112
msg,1,40,682,5678,861,112,112
msg,1,41,726,5835,825,112,112
msg,1,42,690,6021,852,112,112
msg,1,43,691,18052,849,112,112
msg,1,44,796,6446,856,112,112
msg,1,45,719,6417,858,112,112
msg,1,46,721,11984,849,112,112
msg,1,47,714,12522,852,112,112
msg,1,48,718,6285,854,112,112
msg,1,49,712,7351,862,112,112
msg,1,50,719,8471,851,112,112
msg,1,51,688,6601,854,112,112
msg,1,52,722,19309,857,112,112
msg,1,53,713,6205,856,112,112
msg,1,54,713,14769,855,112,112
msg,1,55,715,16701,856,112,112
msg,1,56,715,6428,830,112,112
msg,1,57,685,5858,859,112,112
msg,1,58,715,6058,859,112,112
msg,1,59,710,5758,830,112,112
msg,1,60,685,7436,857,112,112
msg,1,61,720,17164,856,112,112
msg,1,62,714,6057,859,112,112
msg,1,63,681,6234,856,112,112
msg,1,64,714,5810,862,112,112
msg,1,65,718,19859,855,112,112
msg,1,66,800,6329,861,112,112
msg,1,67,714,6006,858,112,112
msg,1,68,710,8376,856,112,112
msg,1,69,727,5856,852,112,112
msg,1,70,722,17932,850,112,112
msg,1,71,681,5581,853,112,112
msg,1,72,716,5639,848,112,112
msg,1,73,683,7849,854,112,112
msg,1,74,712,17362,859,112,112
msg,1,75,707,7511,840,112,112
msg,1,76,681,7250,831,112,112
msg,1,77,677,5727,858,112,112
msg,1,78,711,6045,851,112,112
msg,1,79,719,7765,833,112,112
msg,1,80,683,13752,852,112,112
msg,1,81,710,5424,857,112,112
msg,1,82,714,5464,834,112,112
msg,1,83,685,5742,854,112,112
msg,1,84,714,9628,833,112,112
msg,1,85,686,11799,855,112,112
msg,1,86,719,7149,868,112,112
msg,1,87,709,5641,840,112,112
msg,1,88,684,6190,831,112,112
msg,1,89,685,6592,849,112,112
msg,1,90,707,20255,859,112,112
msg,1,91,707,6158,852,112,112
msg,1,92,727,5748,852,112,112
msg,1,93,688,7637,853,112,112
msg,1,94,710,20482,964,112,112
msg,1,95,710,6675,855,112,112
msg,1,96,711,5759,853,112,112
msg,1,97,714,8993,855,112,112
msg,1,98,711,6100,852,112,112
msg,1,99,718,18289,859,112,112
msg,1,100,720,5760,855,112,112
msg,1,101,716,5411,857,112,112
msg,1,102,720,5396,859,112,112
msg,1,103,720,9851,841,112,112
msg,1,104,715,10274,850,112,112
msg,1,105,716,6578,854,112,112
msg,1,106,713,11449,829,112,112
msg,1,107,681,6409,847,112,112
msg,1,108,712,5626,851,112,112
msg,1,109,715,17306,855,112,112
msg,1,110,716,6112,857,112,112
msg,1,111,714,5491,836,112,112
msg,1,112,686,6619,848,112,112
msg,1,113,711,8253,844,112,112
msg,1,114,715,11895,853,112,112
msg,1,115,713,9913,853,112,112
msg,1,116,680,5500,856,112,112
msg,1,117,703,6676,848,112,112
msg,1,118,720,5828,929,112,112
msg,1,119,730,17728,831,112,112
msg,1,120,802,5643,855,112,112
msg,1,121,718,5836,857,112,112
msg,1,122,713,6781,849,112,112
msg,1,123,690,18086,857,112,112
msg,1,124,716,5972,857,112,112
msg,1,125,713,5626,837,112,112
msg,1,126,779,5982,853,112,112
msg,1,127,681,6492,852,112,112
msg,1,128,682,10047,829,112,112
msg,1,129,680,16672,853,112,112
msg,1,130,729,7178,860,112,112
msg,1,131,728,7821,837,112,112
msg,1,132,682,19012,1320,112,112
msg,1,133,716,6273,857,112,112
msg,1,134,722,6318,853,112,112
msg,1,135,701,11126,849,112,112
msg,1,136,719,5510,857,112,112
msg,1,137,718,5844,861,112,112
msg,1,138,712,15836,848,112,112
msg,1,139,688,5623,851,112,112
msg,1,140,719,7888,853,112,112
msg,1,141,712,5600,860,112,112
msg,1,142,715,19142,859,112,112
msg,1,143,721,7607,856,112,112
msg,1,144,690,8762,853,112,112
msg,1,145,717,8003,848,112,112
msg,1,146,719,7283,856,112,112
msg,1,147,718,16572,838,112,112
msg,1,148,684,6676,855,112,112
msg,1,149,812,8103,853,112,112
msg,1,150,718,20116,846,112,112
msg,1,151,708,5666,847,112,112
msg,1,152,769,7875,855,112,112
msg,1,153,718,6493,844,112,112
msg,1,154,691,7386,827,112,112
msg,1,155,678,7042,1422,112,112
msg,1,156,742,15841,849,112,112
msg,1,157,681,5515,850,112,112
msg,1,158,722,8336,857,112,112
msg,1,159,728,5685,830,112,112
msg,1,160,684,18521,851,112,112
msg,1,161,714,6299,855,112,112
msg,1,162,718,5370,857,112,112
msg,1,163,723,8541,833,112,112
msg,1,164,686,9969,854,112,112
msg,1,165,710,17489,832,112,112
msg,1,166,678,5719,856,112,112
msg,1,167,736,7904,853,112,112
msg,1,168,718,6017,852,112,112
msg,1,169,712,12956,854,112,112
msg,1,170,684,5478,857,112,112
msg,1,171,710,5895,850,112,112
msg,1,172,685,5507,853,112,112
msg,1,173,725,8413,853,112,112
msg,1,174,720,6563,856,112,112
msg,1,175,717,19305,847,112,112
msg,1,176,684,7271,832,112,112
msg,1,177,676,9526,846,112,112
msg,1,178,728,8728,855,112,112
msg,1,179,687,12788,854,112,112
msg,1,180,717,6041,856,112,112
msg,1,181,733,6793,851,112,112
msg,1,182,685,9400,836,112,112
msg,1,183,680,6431,846,112,112
msg,1,184,708,16543,858,112,112
msg,1,185,718,7058,853,112,112
msg,1,186,715,7961,848,112,112
msg,1,187,718,7773,847,112,112
msg,1,188,693,16082,859,112,112
msg,1,189,716,6309,859,112,112
msg,1,190,695,5977,859,112,112
msg,1,191,799,5820,856,112,112
msg,1,192,722,5648,848,112,112
msg,1,193,689,5588,851,112,112
msg,1,194,707,21867,845,112,112
msg,1,195,683,5747,856,112,112
msg,1,196,725,5595,851,112,112
msg,1,197,675,20686,853,112,112
msg,1,198,715,7160,846,112,112
msg,1,199,717,7841,828,112,112
whole,1,300.320,2470.054,200
2,5.6950,221.8890,18.7990,246.3830,1391,3822,45,568,2,12,3,18,167444,66262.0,71445.0,15606.0,0.0,2,2,2,0
msg,2,0,872,6266,862,112,112
msg,2,1,719,16082,855,112,112
msg,2,2,712,5797,830,112,112
msg,2,3,686,8391,853,112,112
msg,2,4,719,10544,856,112,112
msg,2,5,734,8057,845,112,112
msg,2,6,716,15987,849,112,112
msg,2,7,725,5576,853,112,112
msg,2,8,718,5610,850,112,112
msg,2,9,687,5729,859,112,112
msg,2,10,716,18242,857,112,112
msg,2,11,716,5757,942,112,112
msg,2,12,719,9590,855,112,112
msg,2,13,712,5727,854,112,112
msg,2,14,798,5621,854,112,112
msg,2,15,714,23027,854,112,112
msg,2,16,717,6119,859,112,112
msg,2,17,726,8702,860,112,112
msg,2,18,716,6342,859,112,112
msg,2,19,722,17561,849,112,112
msg,2,20,711,6628,852,112,112
msg,2,21,710,6336,852,112,112
msg,2,22,767,8346,857,112,112
msg,2,23,715,5792,848,112,112
msg,2,24,715,19170,851,112,112
msg,2,25,714,7610,852,112,112
msg,2,26,716,7627,851,112,112
msg,2,27,717,6195,856,112,112
msg,2,28,718,17971,933,112,112
msg,2,29,738,5922,850,112,112
msg,2,30,711,5338,854,112,112
msg,2,31,715,5950,849,112,112
msg,2,32,715,6105,849,112,112
msg,2,33,717,6241,853,112,112
msg,2,34,721,18260,852,112,112
msg,2,35,737,5545,847,112,112
msg,2,36,684,7636,849,112,112
msg,2,37,714,5775,851,112,112
msg,2,38,682,18373,835,112,112
msg,2,39,688,5884,854,112,112
msg,2,40,707,6263,937,112,112
msg,2,41,679,7995,861,112,112
msg,2,42,718,5753,854,112,112
msg,2,43,724,19136,853,112,112
msg,2,44,719,6185,857,112,112
msg,2,45,718,5549,850,112,112
msg,2,46,715,6221,845,112,112
msg,2,47,710,17968,853,112,112
msg,2,48,718,5407,852,112,112
msg,2,49,717,17370,856,112,112
msg,2,50,719,5791,856,112,112
msg,2,51,714,5456,858,112,112
msg,2,52,712,19678,849,112,112
msg,2,53,674,8339,854,112,112
msg,2,54,717,7385,852,112,112
msg,2,55,718,18590,850,112,112
msg,2,56,681,6038,854,112,112
msg,2,57,715,8721,853,112,112
msg,2,58,723,5837,849,112,112
msg,2,59,684,5588,855,112,112
msg,2,60,728,6165,852,112,112
msg,2,61,718,20079,857,112,112
msg,2,62,683,6215,831,112,112
msg,2,63,676,5543,851,112,112
msg,2,64,708,5602,849,112,112
msg,2,65,708,16952,858,112,112
msg,2,66,725,5787,863,112,112
msg,2,67,711,6171,854,112,112
msg,2,68,713,5738,859,112,112
msg,2,69,717,5792,850,112,112
msg,2,70,713,5528,857,112,112
msg,2,71,715,19468,853,112,112
msg,2,72,690,7310,835,112,112
msg,2,73,682,13203,832,112,112
msg,2,74,675,18544,851,112,112
msg,2,75,719,5431,850,112,112
msg,2,76,803,5834,844,112,112
msg,2,77,716,5867,828,112,112
msg,2,78,680,7324,830,112,112
msg,2,79,677,6827,847,112,112
msg,2,80,707,15297,854,112,112
msg,2,81,720,5458,835,112,112
msg,2,82,684,11544,855,112,112
msg,2,83,726,18480,856,112,112
msg,2,84,724,5512,829,112,112
msg,2,85,691,7640,858,112,112
msg,2,86,716,7579,853,112,112
msg,2,87,679,13381,837,112,112
msg,2,88,691,18463,854,112,112
msg,2,89,715,7011,856,112,112
msg,2,90,678,9875,856,112,112
msg,2,91,714,18335,850,112,112
msg,2,92,689,5594,855,112,112
msg,2,93,715,7977,853,112,112
msg,2,94,682,5652,851,112,112
msg,2,95,715,6102,854,112,112
msg,2,96,715,5598,853,112,112
msg,2,97,691,19704,852,112,112
msg,2,98,725,6289,851,112,112
msg,2,99,709,9610,853,112,112
msg,2,100,685,18925,851,112,112
msg,2,101,719,5862,850,112,112
msg,2,102,723,11516,852,112,112
msg,2,103,720,8620,831,112,112
msg,2,104,685,6209,836,112,112
msg,2,105,687,17693,852,112,112
msg,2,106,719,7285,852,112,112
msg,2,107,717,16402,844,112,112
msg,2,108,723,18038,860,112,112
msg,2,109,724,5933,852,112,112
msg,2,110,717,6058,863,112,112
msg,2,111,713,5889,830,112,112
msg,2,112,683,5630,851,112,112
msg,2,113,716,6018,851,112,112
msg,2,114,713,14822,847,112,112
msg,2,115,687,6143,849,112,112
msg,2,116,680,5665,859,112,112
msg,2,117,710,6257,963,112,112
msg,2,118,715,17931,940,112,112
msg,2,119,713,7985,857,112,112
msg,2,120,681,5886,847,112,112
msg,2,121,708,5506,833,112,112
msg,2,122,678,5809,853,112,112
msg,2,123,720,5524,832,112,112
msg,2,124,674,16969,944,112,112
msg,2,125,680,7509,852,112,112
msg,2,126,716,8609,947,112,112
msg,2,127,712,6305,852,112,112
msg,2,128,721,19755,859,112,112
msg,2,129,714,6026,851,112,112
msg,2,130,708,5908,852,112,112
msg,2,131,682,8394,829,112,112
msg,2,132,682,5384,850,112,112
msg,2,133,718,17907,835,112,112
msg,2,134,682,7137,858,112,112
msg,2,135,683,5802,855,112,112
msg,2,136,729,6308,850,112,112
msg,2,137,714,23303,862,112,112
msg,2,138,712,5787,847,112,112
msg,2,139,713,5938,826,112,112
msg,2,140,685,9428,855,112,112
msg,2,141,874,5422,858,112,112
msg,2,142,710,16941,849,112,112
msg,2,143,723,6973,850,112,112
msg,2,144,714,9035,833,112,112
msg,2,145,687,5680,853,112,112
msg,2,146,709,16164,847,112,112
msg,2,147,719,5613,848,112,112
msg,2,148,686,5462,857,112,112
msg,2,149,718,6508,852,112,112
msg,2,150,711,6101,857,112,112
msg,2,151,714,5395,862,112,112
msg,2,152,719,16922,851,112,112
msg,2,153,712,8841,832,112,112
msg,2,154,685,9553,851,112,112
msg,2,155,710,19545,853,112,112
msg,2,156,716,5620,849,112,112
msg,2,157,685,6253,852,112,112
msg,2,158,712,6766,942,112,112
msg,2,159,715,5640,856,112,112
msg,2,160,714,5779,854,112,112
msg,2,161,677,17999,855,112,112
msg,2,162,716,5907,855,112,112
msg,2,163,718,5927,847,112,112
msg,2,164,680,5803,856,112,112
msg,2,165,718,18928,854,112,112
msg,2,166,712,5654,936,112,112
msg,2,167,679,9220,833,112,112
msg,2,168,680,5942,1002,112,112
msg,2,169,688,5476,848,112,112
msg,2,170,678,5376,849,112,112
msg,2,171,711,22361,855,112,112
msg,2,172,794,7044,852,112,112
msg,2,173,714,5824,831,112,112
msg,2,174,672,17657,857,112,112
msg,2,175,720,6257,853,112,112
msg,2,176,718,5503,855,112,112
msg,2,177,685,5549,849,112,112
msg,2,178,718,7433,853,112,112
msg,2,179,720,5694,832,112,112
msg,2,180,682,18278,830,112,112
msg,2,181,683,6188,833,112,112
msg,2,182,686,9737,854,112,112
msg,2,183,719,6280,849,112,112
msg,2,184,716,17619,836,112,112
msg,2,185,685,5610,859,112,112
msg,2,186,715,6165,852,112,112
msg,2,187,718,6699,857,112,112
msg,2,188,685,6050,862,112,112
msg,2,189,711,7071,853,112,112
msg,2,190,714,12890,850,112,112
msg,2,191,721,6924,832,112,112
msg,2,192,679,10047,851,112,112
msg,2,193,679,11298,832,112,112
msg,2,194,688,11300,837,112,112
msg,2,195,686,5580,851,112,112
msg,2,196,719,6737,986,112,112
msg,2,197,684,9251,852,112,112
msg,2,198,714,6681,945,112,112
msg,2,199,721,18594,937,112,112
whole,2,265.373,2491.770,200
#heap 22218
#stack 3056
#end
#block pipeline TLS lorawan11 down
#aead LoRaWAN-1.1 AES-128-CTR+2xCMAC (BearSSL (arduino-pico)), downlink, 51 B payload + 13 B overhead
#lib wolfSSL 5.9.4
iter,tcp_ms,tls_ms,mqtt_ms,total_ms,hs_tx_B,hs_rx_B,mqtt_tx_B,mqtt_rx_B,hs_writes,hs_reads,writes,reads,free_heap_B,hs_keygen_us,hs_derive_us,hs_verify_us,hs_sign_us,hs_keygen_n,hs_derive_n,hs_verify_n,hs_sign_n
msg,iter,idx,seal_us,rtt_us,open_us,tx_B,rx_B
whole,iter,first_ms,all_ms,msgs
#suite TLS13-AES256-GCM-SHA384
0,4.5690,225.5220,15.7140,245.8050,1391,3818,45,568,2,12,3,18,167444,66252.0,70425.0,15592.0,0.0,2,2,2,0
msg,0,0,606,6566,594,112,112
msg,0,1,429,6512,559,112,112
msg,0,2,422,18199,586,112,112
msg,0,3,456,6994,555,112,112
msg,0,4,456,9647,652,112,112
msg,0,5,454,6607,564,112,112
msg,0,6,462,18043,561,112,112
msg,0,7,420,5993,580,112,112
msg,0,8,424,7461,563,112,112
msg,0,9,428,6232,584,112,112
msg,0,10,450,6123,557,112,112
msg,0,11,452,6627,563,112,112
msg,0,12,460,19520,588,112,112
msg,0,13,459,6893,560,112,112
msg,0,14,461,7434,668,112,112
msg,0,15,459,21444,582,112,112
msg,0,16,437,5881,578,112,112
msg,0,17,422,6049,580,112,112
msg,0,18,460,6136,559,112,112
msg,0,19,427,7904,585,112,112
msg,0,20,429,6029,581,112,112
msg,0,21,456,19028,563,112,112
msg,0,22,458,6712,563,112,112
msg,0,23,466,5704,563,112,112
msg,0,24,460,6232,579,112,112
msg,0,25,423,19852,591,112,112
msg,0,26,455,5862,585,112,112
msg,0,27,451,6408,587,112,112
msg,0,28,426,5869,581,112,112
msg,0,29,427,7980,582,112,112
msg,0,30,461,5752,577,112,112
msg,0,31,458,19011,564,112,112
msg,0,32,435,7830,561,112,112
msg,0,33,428,8775,559,112,112
msg,0,34,419,6098,586,112,112
msg,0,35,451,16944,577,112,112
msg,0,36,470,8226,589,112,112
msg,0,37,429,6031,587,112,112
msg,0,38,458,5759,586,112,112
msg,0,39,460,6183,560,112,112
msg,0,40,416,7037,585,112,112
msg,0,41,424,20146,585,112,112
msg,0,42,456,5662,579,112,112
msg,0,43,459,8002,558,112,112
msg,0,44,422,5489,578,112,112
msg,0,45,457,21263,584,112,112
msg,0,46,421,6004,580,112,112
msg,0,47,459,5772,586,112,112
msg,0,48,456,5851,574,112,112
msg,0,49,458,6002,562,112,112
msg,0,50,430,7968,579,112,112
msg,0,51,420,14357,566,112,112
msg,0,52,474,5881,556,112,112
msg,0,53,427,5578,560,112,112
msg,0,54,458,5810,562,112,112
msg,0,55,457,5596,579,112,112
msg,0,56,455,17165,560,112,112
msg,0,57,432,5508,561,112,112
msg,0,58,431,7063,578,112,112
msg,0,59,421,5841,581,112,112
msg,0,60,427,6038,579,112,112
msg,0,61,455,5487,582,112,112
msg,0,62,432,18195,566,112,112
msg,0,63,467,10294,589,112,112
msg,0,64,427,7723,585,112,112
msg,0,65,415,6409,563,112,112
msg,0,66,443,16740,565,112,112
msg,0,67,422,5566,564,112,112
msg,0,68,432,6124,584,112,112
msg,0,69,426,5904,588,112,112
msg,0,70,560,6020,558,112,112
msg,0,71,431,8359,588,112,112
msg,0,72,457,19584,588,112,112
msg,0,73,426,5802,585,112,112
msg,0,74,461,7737,589,112,112
msg,0,75,456,5603,585,112,112
msg,0,76,421,17477,565,112,112
msg,0,77,424,5740,560,112,112
msg,0,78,422,8960,579,112,112
msg,0,79,422,5873,588,112,112
msg,0,80,421,6119,560,112,112
msg,0,81,457,7029,564,112,112
msg,0,82,422,19505,560,112,112
msg,0,83,462,5546,580,112,112
msg,0,84,465,7845,558,112,112
msg,0,85,459,6341,583,112,112
msg,0,86,434,18032,581,112,112
msg,0,87,469,5526,586,112,112
msg,0,88,458,8097,563,112,112
msg,0,89,423,5729,560,112,112
msg,0,90,425,5851,561,112,112
msg,0,91,429,6252,581,112,112
msg,0,92,453,19682,585,112,112
msg,0,93,460,5541,583,112,112
msg,0,94,426,10231,563,112,112
msg,0,95,456,10700,564,112,112
msg,0,96,457,12031,560,112,112
msg,0,97,424,12354,563,112,112
msg,0,98,457,6742,567,112,112
msg,0,99,457,6407,587,112,112
msg,0,100,475,5504,583,112,112
msg,0,101,420,17681,589,112,112
msg,0,102,426,9462,563,112,112
msg,0,103,426,8612,564,112,112
msg,0,104,422,5701,560,112,112
msg,0,105,428,18554,575,112,112
msg,0,106,450,5571,588,112,112
msg,0,107,466,7451,583,112,112
msg,0,108,434,5711,584,112,112
msg,0,109,426,5876,591,112,112
msg,0,110,456,5682,587,112,112
msg,0,111,458,20311,564,112,112
msg,0,112,428,5610,560,112,112
msg,0,113,425,8117,586,112,112
msg,0,114,436,7090,576,112,112
msg,0,115,450,16896,560,112,112
msg,0,116,464,6018,562,112,112
msg,0,117,431,7806,584,112,112
msg,0,118,427,6052,589,112,112
msg,0,119,454,6392,578,112,112
msg,0,120,437,7521,561,112,112
msg,0,121,421,17354,580,112,112
msg,0,122,454,6070,561,112,112
msg,0,123,428,8376,582,112,112
msg,0,124,448,5590,583,112,112
msg,0,125,424,15077,564,112,112
msg,0,126,462,5916,561,112,112
msg,0,127,425,6513,578,112,112
msg,0,128,462,6281,582,112,112
msg,0,129,423,8496,563,112,112
msg,0,130,427,6262,579,112,112
msg,0,131,453,18116,563,112,112
msg,0,132,421,8511,578,112,112
msg,0,133,460,8912,561,112,112
msg,0,134,450,22493,583,112,112
msg,0,135,468,6070,562,112,112
msg,0,136,424,5717,564,112,112
msg,0,137,424,5916,559,112,112
msg,0,138,420,5618,567,112,112
msg,0,139,429,6274,585,112,112
msg,0,140,452,6251,641,112,112
msg,0,141,428,17083,584,112,112
msg,0,142,454,6034,560,112,112
msg,0,143,465,11600,580,112,112
msg,0,144,469,18375,584,112,112
msg,0,145,429,6031,578,112,112
msg,0,146,472,6145,562,112,112
msg,0,147,430,6139,591,112,112
msg,0,148,464,6966,561,112,112
msg,0,149,463,47075,565,112,112
msg,0,150,428,6033,586,112,112
msg,0,151,428,20726,580,112,112
msg,0,152,422,7396,560,112,112
msg,0,153,424,9631,569,112,112
msg,0,154,431,10202,584,112,112
msg,0,155,438,6894,585,112,112
msg,0,156,457,15798,583,112,112
msg,0,157,457,5841,565,112,112
msg,0,158,453,8772,567,112,112
msg,0,159,461,5927,558,112,112
msg,0,160,424,17309,584,112,112
msg,0,161,454,6242,564,112,112
msg,0,162,427,7074,580,112,112
msg,0,163,425,7344,561,112,112
msg,0,164,425,6110,580,112,112
msg,0,165,421,6570,579,112,112
msg,0,166,427,18703,568,112,112
msg,0,167,424,5808,583,112,112
msg,0,168,437,8353,563,112,112
msg,0,169,462,6039,562,112,112
msg,0,170,424,18258,579,112,112
msg,0,171,455,5816,562,112,112
msg,0,172,456,6110,563,112,112
msg,0,173,432,7196,581,112,112
msg,0,174,462,7923,561,112,112
msg,0,175,456,6110,581,112,112
msg,0,176,422,14785,585,112,112
msg,0,177,426,6239,580,112,112
msg,0,178,454,5724,581,112,112
msg,0,179,461,5734,559,112,112
msg,0,180,456,20636,578,112,112
msg,0,181,466,6336,589,112,112
msg,0,182,426,5725,578,112,112
msg,0,183,421,8700,581,112,112
msg,0,184,424,7017,587,112,112
msg,0,185,464,5724,582,112,112
msg,0,186,461,17228,561,112,112
msg,0,187,428,6668,564,112,112
msg,0,188,420,5972,561,112,112
msg,0,189,438,7308,575,112,112
msg,0,190,454,17986,559,112,112
msg,0,191,425,6914,560,112,112
msg,0,192,420,5878,584,112,112
msg,0,193,426,9281,562,112,112
msg,0,194,452,6043,560,112,112
msg,0,195,419,5863,583,112,112
msg,0,196,425,17793,582,112,112
msg,0,197,429,6783,585,112,112
msg,0,198,426,5758,582,112,112
msg,0,199,425,6107,578,112,112
whole,0,260.857,2358.671,200
1,4.8160,230.5250,9.1160,244.4570,1391,3823,45,568,2,12,3,18,167444,66355.0,70135.0,15493.0,0.0,2,2,2,0
msg,1,0,583,5518,568,112,112
msg,1,1,437,7679,566,112,112
msg,1,2,434,5539,562,112,112
msg,1,3,423,20327,590,112,112
msg,1,4,460,6121,568,112,112
msg,1,5,430,5549,564,112,112
msg,1,6,462,5551,585,112,112
msg,1,7,458,8097,563,112,112
msg,1,8,433,6145,585,112,112
msg,1,9,426,19519,561,112,112
msg,1,10,429,6323,579,112,112
msg,1,11,454,5832,561,112,112
msg,1,12,467,7079,581,112,112
msg,1,13,424,18480,561,112,112
msg,1,14,427,6946,563,112,112
msg,1,15,424,8698,649,112,112
msg,1,16,426,5630,563,112,112
msg,1,17,425,6247,587,112,112
msg,1,18,465,5941,563,112,112
msg,1,19,474,18296,582,112,112
msg,1,20,429,7374,563,112,112
msg,1,21,424,10480,582,112,112
msg,1,22,459,5591,584,112,112
msg,1,23,455,17769,583,112,112
msg,1,24,460,5695,580,112,112
msg,1,25,458,7108,562,112,112
msg,1,26,420,5556,563,112,112
msg,1,27,458,9349,580,112,112
msg,1,28,455,6137,558,112,112
msg,1,29,455,22016,558,112,112
msg,1,30,431,5566,560,112,112
msg,1,31,420,6388,579,112,112
msg,1,32,451,20038,567,112,112
msg,1,33,427,6582,560,112,112
msg,1,34,458,6082,562,112,112
msg,1,35,427,8273,577,112,112
msg,1,36,457,6297,669,112,112
msg,1,37,428,6482,562,112,112
msg,1,38,424,17343,580,112,112
msg,1,39,457,6324,588,112,112
msg,1,40,430,6336,563,112,112
msg,1,41,477,6043,587,112,112
msg,1,42,427,20736,583,112,112
msg,1,43,433,6666,559,112,112
msg,1,44,427,10809,583,112,112
msg,1,45,430,12046,585,112,112
msg,1,46,460,5619,583,112,112
msg,1,47,418,19484,567,112,112
msg,1,48,428,7316,581,112,112
msg,1,49,451,6709,578,112,112
msg,1,50,456,6375,585,112,112
msg,1,51,418,19582,563,112,112
msg,1,52,426,7136,584,112,112
msg,1,53,462,6371,585,112,112
msg,1,54,423,8697,582,112,112
msg,1,55,426,5562,563,112,112
msg,1,56,430,5733,562,112,112
msg,1,57,427,16701,565,112,112
msg,1,58,434,6487,583,112,112
msg,1,59,459,10283,584,112,112
msg,1,60,424,9348,561,112,112
msg,1,61,464,10823,559,112,112
msg,1,62,423,5595,563,112,112
msg,1,63,460,7143,580,112,112
msg,1,64,427,6428,649,112,112
msg,1,65,425,6268,587,112,112
msg,1,66,458,6316,561,112,112
msg,1,67,418,17009,590,112,112
msg,1,68,428,8728,581,112,112
msg,1,69,427,8684,579,112,112
msg,1,70,436,5744,583,112,112
msg,1,71,422,20313,562,112,112
msg,1,72,461,5934,563,112,112
msg,1,73,428,5891,580,112,112
msg,1,74,441,6046,586,112,112
msg,1,75,457,5663,579,112,112
msg,1,76,419,5725,581,112,112
msg,1,77,416,19485,565,112,112
msg,1,78,424,5609,642,112,112
msg,1,79,431,8355,577,112,112
msg,1,80,467,5790,560,112,112
msg,1,81,458,15401,585,112,112
msg,1,82,556,5513,582,112,112
msg,1,83,424,6279,566,112,112
msg,1,84,450,7078,583,112,112
msg,1,85,421,7962,584,112,112
msg,1,86,432,6194,560,112,112
msg,1,87,457,18782,559,112,112
msg,1,88,433,6953,563,112,112
msg,1,89,427,5886,579,112,112
msg,1,90,428,6559,563,112,112
msg,1,91,429,18999,587,112,112
msg,1,92,424,5848,584,112,112
msg,1,93,420,5569,581,112,112
msg,1,94,428,5943,581,112,112
msg,1,95,449,7591,584,112,112
msg,1,96,426,5589,586,112,112
msg,1,97,440,20346,561,112,112
msg,1,98,458,7186,590,112,112
msg,1,99,423,7707,584,112,112
msg,1,100,427,9210,587,112,112
msg,1,101,459,17217,580,112,112
msg,1,102,421,5694,563,112,112
msg,1,103,419,5714,688,112,112
msg,1,104,429,5855,584,112,112
msg,1,105,423,7461,558,112,112
msg,1,106,437,5725,567,112,112
msg,1,107,434,17777,560,112,112
msg,1,108,421,8867,557,112,112
msg,1,109,429,11007,586,112,112
msg,1,110,424,20847,585,112,112
msg,1,111,458,6037,551,112,112
msg,1,112,463,9071,563,112,112
msg,1,113,428,5928,587,112,112
msg,1,114,422,5976,669,112,112
msg,1,115,451,6037,566,112,112
msg,1,116,428,16994,582,112,112
msg,1,117,425,6690,581,112,112
msg,1,118,427,17050,584,112,112
msg,1,119,454,19774,584,112,112
msg,1,120,460,5818,578,112,112
msg,1,121,454,6923,565,112,112
msg,1,122,464,10467,577,112,112
msg,1,123,458,5625,588,112,112
msg,1,124,459,19649,583,112,112
msg,1,125,424,6728,582,112,112
msg,1,126,427,9900,579,112,112
msg,1,127,464,23600,584,112,112
msg,1,128,459,5996,560,112,112
msg,1,129,545,6034,563,112,112
msg,1,130,427,6242,580,112,112
msg,1,131,455,7551,587,112,112
msg,1,132,468,5605,585,112,112
msg,1,133,437,18939,582,112,112
msg,1,134,459,6985,560,112,112
msg,1,135,467,5562,581,112,112
msg,1,136,464,9395,579,112,112
msg,1,137,435,21442,564,112,112
msg,1,138,423,5730,561,112,112
msg,1,139,427,5813,566,112,112
msg,1,140,433,9221,588,112,112
msg,1,141,462,5598,586,112,112
msg,1,142,454,6223,555,112,112
msg,1,143,425,17289,583,112,112
msg,1,144,457,5806,589,112,112
msg,1,145,474,8351,583,112,112
msg,1,146,416,5619,669,112,112
msg,1,147,430,22256,578,112,112
msg,1,148,459,6318,585,112,112
msg,1,149,423,6904,588,112,112
msg,1,150,461,6514,586,112,112
msg,1,151,419,9611,560,112,112
msg,1,152,432,18512,559,112,112
msg,1,153,424,5767,561,112,112
msg,1,154,427,8018,582,112,112
msg,1,155,423,6559,558,112,112
msg,1,156,427,21065,582,112,112
msg,1,157,426,11461,563,112,112
msg,1,158,414,7385,581,112,112
msg,1,159,456,8089,563,112,112
msg,1,160,422,21637,560,112,112
msg,1,161,428,6951,569,112,112
msg,1,162,431,5588,564,112,112
msg,1,163,429,6982,582,112,112
msg,1,164,428,8551,559,112,112
msg,1,165,420,10837,560,112,112
msg,1,166,423,5667,567,112,112
msg,1,167,429,7253,586,112,112
msg,1,168,458,5775,577,112,112
msg,1,169,455,5986,556,112,112
msg,1,170,457,5504,577,112,112
msg,1,171,480,18456,714,112,112
msg,1,172,464,7799,582,112,112
msg,1,173,470,6004,561,112,112
msg,1,174,426,5625,561,112,112
msg,1,175,464,23970,563,112,112
msg,1,176,425,7011,578,112,112
msg,1,177,424,5543,562,112,112
msg,1,178,429,5805,577,112,112
msg,1,179,430,7439,566,112,112
msg,1,180,553,5476,578,112,112
msg,1,181,449,17646,583,112,112
msg,1,182,463,6270,592,112,112
msg,1,183,432,8156,579,112,112
msg,1,184,459,7460,587,112,112
msg,1,185,436,18409,563,112,112
msg,1,186,431,8159,588,112,112
msg,1,187,459,5743,587,112,112
msg,1,188,460,10381,588,112,112
msg,1,189,437,6126,582,112,112
msg,1,190,460,17006,560,112,112
msg,1,191,455,7891,561,112,112
msg,1,192,419,5665,564,112,112
msg,1,193,425,6108,584,112,112
msg,1,194,428,8957,590,112,112
msg,1,195,455,11436,584,112,112
msg,1,196,424,5800,586,112,112
msg,1,197,422,5820,578,112,112
msg,1,198,422,7630,580,112,112
msg,1,199,435,7653,558,112,112
whole,1,269.928,2390.436,200
2,16.4770,236.1160,25.1260,277.7190,1391,3822,45,568,2,12,3,18,167444,66290.0,70130.0,15430.0,0.0,2,2,2,0
msg,2,0,583,6063,580,112,112
msg,2,1,457,7019,560,112,112
msg,2,2,431,6791,556,112,112
msg,2,3,424,19542,560,112,112
msg,2,4,435,7832,565,112,112
msg,2,5,426,8006,582,112,112
msg,2,6,424,8902,586,112,112
msg,2,7,456,13946,581,112,112
msg,2,8,455,6773,564,112,112
msg,2,9,459,7715,561,112,112
msg,2,10,458,7285,586,112,112
msg,2,11,425,6416,560,112,112
msg,2,12,422,18605,563,112,112
msg,2,13,457,6896,561,112,112
msg,2,14,428,16202,591,112,112
msg,2,15,454,16241,564,112,112
msg,2,16,427,7151,583,112,112
msg,2,17,426,6624,583,112,112
msg,2,18,424,5785,578,112,112
msg,2,19,436,7568,565,112,112
msg,2,20,431,5820,581,112,112
msg,2,21,582,18750,586,112,112
msg,2,22,537,8958,577,112,112
msg,2,23,457,8282,590,112,112
msg,2,24,520,5867,580,112,112
msg,2,25,459,17780,578,112,112
msg,2,26,461,6057,563,112,112
msg,2,27,461,10492,578,112,112
msg,2,28,465,16968,563,112,112
msg,2,29,430,18136,586,112,112
msg,2,30,423,6526,563,112,112
msg,2,31,428,5664,564,112,112
msg,2,32,428,7852,561,112,112
msg,2,33,425,23579,563,112,112
msg,2,34,435,6402,581,112,112
msg,2,35,461,5826,578,112,112
msg,2,36,458,7708,581,112,112
msg,2,37,458,6278,584,112,112
msg,2,38,433,20016,587,112,112
msg,2,39,455,9856,582,112,112
msg,2,40,461,7504,589,112,112
msg,2,41,461,6089,559,112,112
msg,2,42,448,18290,581,112,112
msg,2,43,430,5837,584,112,112
msg,2,44,454,6449,579,112,112
msg,2,45,431,6068,581,112,112
msg,2,46,460,6219,562,112,112
msg,2,47,423,6066,585,112,112
msg,2,48,429,17114,559,112,112
msg,2,49,467,5738,561,112,112
msg,2,50,463,7026,564,112,112
msg,2,51,427,7795,561,112,112
msg,2,52,426,8086,592,112,112
msg,2,53,424,11766,586,112,112
msg,2,54,462,5625,586,112,112
msg,2,55,426,6884,582,112,112
msg,2,56,460,7741,582,112,112
msg,2,57,472,5783,586,112,112
msg,2,58,458,7182,560,112,112
msg,2,59,430,17542,560,112,112
msg,2,60,428,6072,581,112,112
msg,2,61,425,8194,575,112,112
msg,2,62,458,6076,563,112,112
msg,2,63,427,20938,580,112,112
msg,2,64,426,10461,559,112,112
msg,2,65,426,5861,563,112,112
msg,2,66,430,5794,561,112,112
msg,2,67,429,42090,589,112,112
msg,2,68,457,6254,560,112,112
msg,2,69,428,8605,563,112,112
msg,2,70,461,12226,586,112,112
msg,2,71,428,5993,577,112,112
msg,2,72,453,7440,585,112,112
msg,2,73,420,6043,580,112,112
msg,2,74,455,6188,565,112,112
msg,2,75,437,6298,579,112,112
msg,2,76,461,19659,584,112,112
msg,2,77,467,7485,585,112,112
msg,2,78,434,38178,564,112,112
msg,2,79,461,9132,584,112,112
msg,2,80,421,6500,563,112,112
msg,2,81,424,6820,556,112,112
msg,2,82,433,8181,586,112,112
msg,2,83,453,22560,580,112,112
msg,2,84,422,9998,581,112,112
msg,2,85,464,6356,582,112,112
msg,2,86,422,19390,559,112,112
msg,2,87,460,6203,582,112,112
msg,2,88,421,6901,587,112,112
msg,2,89,461,8390,579,112,112
msg,2,90,422,5647,563,112,112
msg,2,91,421,19775,563,112,112
msg,2,92,428,6895,582,112,112
msg,2,93,437,6561,1084,112,112
msg,2,94,531,5925,565,112,112
msg,2,95,454,18527,579,112,112
msg,2,96,458,9113,559,112,112
msg,2,97,421,6311,583,112,112
msg,2,98,465,6228,563,112,112
msg,2,99,425,5763,564,112,112
msg,2,100,434,9563,567,112,112
msg,2,101,427,16758,565,112,112
msg,2,102,427,6740,561,112,112
msg,2,103,425,7452,583,112,112
msg,2,104,467,5528,584,112,112
msg,2,105,468,18595,584,112,112
msg,2,106,458,6233,560,112,112
msg,2,107,423,7577,560,112,112
msg,2,108,453,9718,563,112,112
msg,2,109,462,6133,584,112,112
msg,2,110,424,19725,589,112,112
msg,2,111,425,8616,563,112,112
msg,2,112,429,8850,580,112,112
msg,2,113,424,5676,562,112,112
msg,2,114,430,19354,575,112,112
msg,2,115,452,5831,568,112,112
msg,2,116,462,8240,586,112,112
msg,2,117,438,18357,563,112,112
msg,2,118,424,17646,560,112,112
msg,2,119,463,6213,586,112,112
msg,2,120,422,6035,577,112,112
msg,2,121,453,6224,560,112,112
msg,2,122,429,19324,580,112,112
msg,2,123,455,6262,585,112,112
msg,2,124,427,5581,562,112,112
msg,2,125,427,6147,583,112,112
msg,2,126,455,9391,578,112,112
msg,2,127,432,10125,583,112,112
msg,2,128,454,17399,582,112,112
msg,2,129,426,5629,565,112,112
msg,2,130,424,8550,567,112,112
msg,2,131,426,5909,562,112,112
msg,2,132,427,19753,561,112,112
msg,2,133,430,6003,585,112,112
msg,2,134,426,5964,587,112,112
msg,2,135,455,5635,590,112,112
msg,2,136,464,8865,584,112,112
msg,2,137,469,5658,577,112,112
msg,2,138,462,17738,578,112,112
msg,2,139,1031,6208,576,112,112
msg,2,140,459,7670,576,112,112
msg,2,141,467,6008,566,112,112
msg,2,142,416,19895,566,112,112
msg,2,143,581,6673,585,112,112
msg,2,144,423,6462,565,112,112
msg,2,145,428,8631,562,112,112
msg,2,146,455,5716,561,112,112
msg,2,147,452,19954,564,112,112
msg,2,148,432,6366,664,112,112
msg,2,149,470,13219,583,112,112
msg,2,150,423,18796,581,112,112
msg,2,151,423,7189,590,112,112
msg,2,152,457,8328,582,112,112
msg,2,153,425,5867,582,112,112
msg,2,154,463,7369,561,112,112
msg,2,155,431,5946,584,112,112
msg,2,156,425,20567,562,112,112
msg,2,157,513,6343,560,112,112
msg,2,158,457,6443,587,112,112
msg,2,159,461,5503,585,112,112
msg,2,160,429,15898,584,112,112
msg,2,161,464,6601,591,112,112
msg,2,162,428,12338,559,112,112
msg,2,163,427,8986,581,112,112
msg,2,164,423,5700,579,112,112
msg,2,165,428,18916,583,112,112
msg,2,166,435,8430,562,112,112
msg,2,167,434,9314,581,112,112
msg,2,168,462,7080,559,112,112
msg,2,169,427,13332,589,112,112
msg,2,170,458,11914,561,112,112
msg,2,171,467,5724,561,112,112
msg,2,172,457,5495,584,112,112
msg,2,173,454,6075,564,112,112
msg,2,174,470,5793,560,112,112
msg,2,175,427,19815,566,112,112
msg,2,176,428,5832,565,112,112
msg,2,177,437,7932,582,112,112
msg,2,178,424,6044,580,112,112
msg,2,179,455,17625,587,112,112
msg,2,180,464,6638,584,112,112
msg,2,181,455,6947,563,112,112
msg,2,182,459,6116,560,112,112
msg,2,183,420,5587,561,112,112
msg,2,184,431,6146,582,112,112
msg,2,185,421,17454,568,112,112
msg,2,186,440,7342,584,112,112
msg,2,187,459,13116,561,112,112
msg,2,188,421,9191,589,112,112
msg,2,189,459,12811,581,112,112
msg,2,190,463,6428,579,112,112
msg,2,191,423,5641,585,112,112
msg,2,192,424,5656,560,112,112
msg,2,193,423,5775,580,112,112
msg,2,194,437,6405,562,112,112
msg,2,195,464,17875,564,112,112
msg,2,196,422,9678,565,112,112
msg,2,197,430,6978,559,112,112
msg,2,198,430,5831,582,112,112
msg,2,199,424,20115,577,112,112
whole,2,292.858,2524.313,200
#heap 22218
#stack 3168
#end
#block pipeline TLS lorawan11_256 up
#aead AES-256-CTR+2xCMAC (LoRaWAN 1.1 frame, 256-bit keys) (BearSSL (arduino-pico)), uplink, 51 B payload + 13 B overhead
#lib wolfSSL 5.9.4
iter,tcp_ms,tls_ms,mqtt_ms,total_ms,hs_tx_B,hs_rx_B,mqtt_tx_B,mqtt_rx_B,hs_writes,hs_reads,writes,reads,free_heap_B,hs_keygen_us,hs_derive_us,hs_verify_us,hs_sign_us,hs_keygen_n,hs_derive_n,hs_verify_n,hs_sign_n
msg,iter,idx,seal_us,rtt_us,open_us,tx_B,rx_B
whole,iter,first_ms,all_ms,msgs
#suite TLS13-AES256-GCM-SHA384
0,5.4470,223.4980,16.7440,245.6890,1391,3828,45,568,2,12,3,18,167444,66258.0,70609.0,15545.0,0.0,2,2,2,0
msg,0,0,1103,8101,1090,112,112
msg,0,1,915,20672,1085,112,112
msg,0,2,942,6041,1082,112,112
msg,0,3,945,7274,1085,112,112
msg,0,4,945,6596,1168,112,112
msg,0,5,1066,8525,1093,112,112
msg,0,6,954,20496,1074,112,112
msg,0,7,944,7480,1084,112,112
msg,0,8,942,6497,1080,112,112
msg,0,9,948,6558,1091,112,112
msg,0,10,948,14668,1080,112,112
msg,0,11,942,5645,1084,112,112
msg,0,12,948,6815,1167,112,112
msg,0,13,943,5527,1085,112,112
msg,0,14,940,8455,1073,112,112
msg,0,15,935,18843,1077,112,112
msg,0,16,945,7589,1091,112,112
msg,0,17,940,7804,1079,112,112
msg,0,18,944,5639,1089,112,112
msg,0,19,943,16532,1177,112,112
msg,0,20,951,5631,1081,112,112
msg,0,21,936,5471,1084,112,112
msg,0,22,941,5858,1084,112,112
msg,0,23,919,5611,1083,112,112
msg,0,24,936,5896,1089,112,112
msg,0,25,917,16608,1163,112,112
msg,0,26,941,6036,1090,112,112
msg,0,27,952,10068,1087,112,112
msg,0,28,949,19962,1083,112,112
msg,0,29,939,5689,1086,112,112
msg,0,30,950,5543,1081,112,112
msg,0,31,965,5541,1086,112,112
msg,0,32,951,6235,1078,112,112
msg,0,33,945,21405,1088,112,112
msg,0,34,947,5972,1083,112,112
msg,0,35,940,9542,1090,112,112
msg,0,36,944,6256,1079,112,112
msg,0,37,954,14633,1158,112,112
msg,0,38,940,5927,1085,112,112
msg,0,39,947,6565,1082,112,112
msg,0,40,945,5487,1082,112,112
msg,0,41,946,5745,1080,112,112
msg,0,42,951,21442,1091,112,112
msg,0,43,945,6236,1071,112,112
msg,0,44,948,9356,1084,112,112
msg,0,45,942,5396,1083,112,112
msg,0,46,943,15190,1075,112,112
msg,0,47,943,5474,1088,112,112
msg,0,48,921,6414,1080,112,112
msg,0,49,945,5723,1088,112,112
msg,0,50,947,5472,1074,112,112
msg,0,51,946,7097,1079,112,112
msg,0,52,948,21704,1082,112,112
msg,0,53,942,9681,1090,112,112
msg,0,54,940,5752,1084,112,112
msg,0,55,946,17488,1078,112,112
msg,0,56,953,7848,1090,112,112
msg,0,57,955,5998,1083,112,112
msg,0,58,910,6003,1081,112,112
msg,0,59,1050,5491,1086,112,112
msg,0,60,941,17189,1075,112,112
msg,0,61,952,7833,1087,112,112
msg,0,62,942,7850,1084,112,112
msg,0,63,950,5913,1086,112,112
msg,0,64,912,15651,1086,112,112
msg,0,65,948,5618,1090,112,112
msg,0,66,948,5465,1081,112,112
msg,0,67,947,5396,1081,112,112
msg,0,68,941,5639,1087,112,112
msg,0,69,936,5582,1079,112,112
msg,0,70,945,17162,1079,112,112
msg,0,71,946,5583,1178,112,112
msg,0,72,948,7928,1083,112,112
msg,0,73,947,10421,1097,112,112
msg,0,74,959,11428,1081,112,112
msg,0,75,934,5567,1601,112,112
msg,0,76,981,5525,1088,112,112
msg,0,77,948,6395,1079,112,112
msg,0,78,946,5527,1083,112,112
msg,0,79,950,19871,1085,112,112
msg,0,80,955,7476,1079,112,112
msg,0,81,942,9299,1087,112,112
msg,0,82,952,10099,1164,112,112
msg,0,83,947,10020,1092,112,112
msg,0,84,949,5708,1086,112,112
msg,0,85,947,6899,1086,112,112
msg,0,86,923,5520,1080,112,112
msg,0,87,948,7177,1088,112,112
msg,0,88,944,5416,1166,112,112
msg,0,89,918,14357,1091,112,112
msg,0,90,951,5401,1094,112,112
msg,0,91,946,7550,1084,112,112
msg,0,92,938,6230,1078,112,112
msg,0,93,949,17151,1088,112,112
msg,0,94,942,5847,1087,112,112
msg,0,95,944,5849,1088,112,112
msg,0,96,1039,9862,1077,112,112
msg,0,97,943,5363,1085,112,112
msg,0,98,937,19183,1082,112,112
msg,0,99,945,8031,1091,112,112
msg,0,100,946,8008,1085,112,112
msg,0,101,940,22066,1081,112,112
msg,0,102,942,6779,1081,112,112
msg,0,103,950,5995,1086,112,112
msg,0,104,941,7369,1078,112,112
msg,0,105,957,5410,1080,112,112
msg,0,106,1065,20265,1094,112,112
msg,0,107,914,5523,1087,112,112
msg,0,108,938,6733,1083,112,112
msg,0,109,941,5661,1083,112,112
msg,0,110,955,16247,1073,112,112
msg,0,111,940,5437,1082,112,112
msg,0,112,948,5951,1089,112,112
msg,0,113,940,5576,1082,112,112
msg,0,114,913,5501,1080,112,112
msg,0,115,946,5728,1086,112,112
msg,0,116,947,17447,1085,112,112
msg,0,117,949,5628,1077,112,112
msg,0,118,946,6642,1089,112,112
msg,0,119,944,20518,1599,112,112
msg,0,120,996,5866,1083,112,112
msg,0,121,938,7018,1087,112,112
msg,0,122,941,6542,1086,112,112
msg,0,123,950,5630,1090,112,112
msg,0,124,949,93807,1091,112,112
msg,0,125,936,5850,1092,112,112
msg,0,126,938,19776,1081,112,112
msg,0,127,937,103276,1091,112,112
msg,0,128,949,5762,1086,112,112
msg,0,129,947,6201,1088,112,112
msg,0,130,954,20948,1081,112,112
msg,0,131,954,100750,1150,112,112
msg,0,132,944,6014,1085,112,112
msg,0,133,950,6860,1081,112,112
msg,0,134,910,5790,1083,112,112
msg,0,135,939,98509,1088,112,112
msg,0,136,949,7462,1087,112,112
msg,0,137,942,5842,1083,112,112
msg,0,138,950,14631,1084,112,112
msg,0,139,958,108990,1083,112,112
msg,0,140,1022,9469,1080,112,112
msg,0,141,1097,20246,1079,112,112
msg,0,142,945,99951,1084,112,112
msg,0,143,957,5962,1092,112,112
msg,0,144,918,7547,1091,112,112
msg,0,145,950,5838,1083,112,112
msg,0,146,941,93064,1085,112,112
msg,0,147,946,6107,1081,112,112
msg,0,148,951,6644,1089,112,112
msg,0,149,948,19794,1089,112,112
msg,0,150,960,52915,1090,112,112
msg,0,151,944,6234,1073,112,112
msg,0,152,946,9115,1086,112,112
msg,0,153,945,5990,1084,112,112
msg,0,154,909,134434,1087,112,112
msg,0,155,950,6649,1083,112,112
msg,0,156,946,17804,1084,112,112
msg,0,157,946,6279,1082,112,112
msg,0,158,941,135163,1085,112,112
msg,0,159,942,15173,1085,112,112
msg,0,160,939,6493,1084,112,112
msg,0,161,950,6385,1082,112,112
msg,0,162,950,130775,1084,112,112
msg,0,163,947,7806,1163,112,112
msg,0,164,948,5972,1087,112,112
msg,0,165,910,5699,1084,112,112
msg,0,166,947,6165,1076,112,112
msg,0,167,952,131089,1082,112,112
msg,0,168,940,9130,1087,112,112
msg,0,169,942,19568,1088,112,112
msg,0,170,913,133969,1087,112,112
msg,0,171,952,18215,1088,112,112
msg,0,172,957,7941,1088,112,112
msg,0,173,945,136055,1090,112,112
msg,0,174,946,6015,1084,112,112
msg,0,175,947,5805,1082,112,112
msg,0,176,955,5484,1170,112,112
msg,0,177,955,5659,1082,112,112
msg,0,178,947,132660,1074,112,112
msg,0,179,946,7801,1080,112,112
msg,0,180,948,5885,1169,112,112
msg,0,181,940,14347,1108,112,112
msg,0,182,939,131001,1092,112,112
msg,0,183,950,5620,1083,112,112
msg,0,184,1092,17462,1073,112,112
msg,0,185,1038,6217,1091,112,112
msg,0,186,954,136012,1084,112,112
msg,0,187,950,5754,1099,112,112
msg,0,188,946,7691,1086,112,112
msg,0,189,948,11422,1082,112,112
msg,0,190,948,133267,1082,112,112
msg,0,191,948,6462,1096,112,112
msg,0,192,948,6586,1085,112,112
msg,0,193,945,18582,1089,112,112
msg,0,194,913,128008,1093,112,112
msg,0,195,951,6556,1079,112,112
msg,0,196,937,17716,1083,112,112
msg,0,197,936,5910,1094,112,112
msg,0,198,1041,135478,1094,112,112
msg,0,199,942,5992,1071,112,112
whole,0,263.016,4698.389,200
1,5.6600,283.9970,28.6900,318.3470,1391,3823,45,568,2,12,3,18,167444,66226.0,70413.0,15601.0,0.0,2,2,2,0
msg,1,0,1105,5650,1088,112,112
msg,1,1,954,14109,1084,112,112
msg,1,2,937,142542,1092,112,112
msg,1,3,948,5781,1085,112,112
msg,1,4,940,9906,1087,112,112
msg,1,5,936,5532,1081,112,112
msg,1,6,938,131406,1086,112,112
msg,1,7,945,6750,1092,112,112
msg,1,8,947,8827,1084,112,112
msg,1,9,943,6116,1081,112,112
msg,1,10,936,16660,1175,112,112
msg,1,11,946,8600,1087,112,112
msg,1,12,950,5603,1076,112,112
msg,1,13,941,94603,1088,112,112
msg,1,14,938,6150,1077,112,112
msg,1,15,947,5495,1080,112,112
msg,1,16,920,5551,1083,112,112
msg,1,17,947,117603,1093,112,112
msg,1,18,948,6146,1095,112,112
msg,1,19,947,8374,1081,112,112
msg,1,20,944,5773,1088,112,112
msg,1,21,941,16790,1084,112,112
msg,1,22,952,5471,1080,112,112
msg,1,23,946,5947,1170,112,112
msg,1,24,952,5654,1079,112,112
msg,1,25,934,5505,1082,112,112
msg,1,26,946,5759,1083,112,112
msg,1,27,950,13995,1166,112,112
msg,1,28,912,7961,1081,112,112
msg,1,29,944,8229,1165,112,112
msg,1,30,941,19816,1087,112,112
msg,1,31,937,6052,1079,112,112
msg,1,32,939,5484,1083,112,112
msg,1,33,1045,6011,1076,112,112
msg,1,34,947,5757,1079,112,112
msg,1,35,944,5440,1094,112,112
msg,1,36,943,20005,1077,112,112
msg,1,37,943,7969,1088,112,112
msg,1,38,1036,6581,1087,112,112
msg,1,39,951,19060,1086,112,112
msg,1,40,942,5526,1087,112,112
msg,1,41,943,5542,1075,112,112
msg,1,42,942,5464,1089,112,112
msg,1,43,942,5684,1079,112,112
msg,1,44,952,6943,1082,112,112
msg,1,45,945,15681,1079,112,112
msg,1,46,937,7010,1081,112,112
msg,1,47,946,10470,1077,112,112
msg,1,48,943,9193,1091,112,112
msg,1,49,951,10747,1086,112,112
msg,1,50,949,5439,1081,112,112
msg,1,51,1032,6137,1089,112,112
msg,1,52,939,5385,1082,112,112
msg,1,53,943,5429,1078,112,112
msg,1,54,952,7455,1070,112,112
msg,1,55,942,12031,1085,112,112
msg,1,56,947,5932,1083,112,112
msg,1,57,950,10005,1092,112,112
msg,1,58,909,20499,1078,112,112
msg,1,59,945,5557,1083,112,112
msg,1,60,939,9446,1091,112,112
msg,1,61,947,5427,1081,112,112
msg,1,62,929,5802,1090,112,112
msg,1,63,1033,31481,1082,112,112
msg,1,64,949,10734,1081,112,112
msg,1,65,954,23043,1088,112,112
msg,1,66,944,5883,1079,112,112
msg,1,67,943,6981,1081,112,112
msg,1,68,948,7922,1080,112,112
msg,1,69,952,6158,1086,112,112
msg,1,70,945,17919,1080,112,112
msg,1,71,951,5517,1083,112,112
msg,1,72,947,8112,1080,112,112
msg,1,73,948,20592,1074,112,112
msg,1,74,946,5521,1095,112,112
msg,1,75,945,7554,1085,112,112
msg,1,76,931,5469,1085,112,112
msg,1,77,943,5641,1083,112,112
msg,1,78,953,6233,1657,112,112
msg,1,79,952,16525,1081,112,112
msg,1,80,1039,5668,1082,112,112
msg,1,81,945,7174,1085,112,112
msg,1,82,946,21577,1083,112,112
msg,1,83,907,5627,1090,112,112
msg,1,84,947,7193,1072,112,112
msg,1,85,952,5542,1088,112,112
msg,1,86,940,5842,1099,112,112
msg,1,87,956,6375,1089,112,112
msg,1,88,1045,16529,1084,112,112
msg,1,89,948,5438,1081,112,112
msg,1,90,942,7080,1086,112,112
msg,1,91,942,17182,1081,112,112
msg,1,92,936,6103,1082,112,112
msg,1,93,940,6365,1072,112,112
msg,1,94,943,5446,1171,112,112
msg,1,95,945,8675,1079,112,112
msg,1,96,941,5460,1087,112,112
msg,1,97,1021,17094,1083,112,112
msg,1,98,1025,6073,1073,112,112
msg,1,99,951,5477,1078,112,112
msg,1,100,953,5712,1082,112,112
msg,1,101,947,20476,1081,112,112
msg,1,102,1022,5511,1089,112,112
msg,1,103,941,5902,1084,112,112
msg,1,104,945,5472,1086,112,112
msg,1,105,904,5534,1081,112,112
msg,1,106,946,5673,1081,112,112
msg,1,107,946,13713,1082,112,112
msg,1,108,947,5705,1081,112,112
msg,1,109,945,5620,1081,112,112
msg,1,110,946,5503,1070,112,112
msg,1,111,948,20783,1076,112,112
msg,1,112,952,6255,1080,112,112
msg,1,113,950,5421,1087,112,112
msg,1,114,951,5400,1100,112,112
msg,1,115,945,5715,1175,112,112
msg,1,116,947,5587,1086,112,112
msg,1,117,953,21424,1085,112,112
msg,1,118,941,5579,1221,112,112
msg,1,119,956,6674,1081,112,112
msg,1,120,937,20563,1079,112,112
msg,1,121,959,6584,1158,112,112
msg,1,122,953,6628,1082,112,112
msg,1,123,951,7362,1089,112,112
msg,1,124,943,5510,1088,112,112
msg,1,125,904,19214,1083,112,112
msg,1,126,955,5409,1085,112,112
msg,1,127,1031,7483,1090,112,112
msg,1,128,909,6036,1097,112,112
msg,1,129,944,16044,1079,112,112
msg,1,130,950,11710,1081,112,112
msg,1,131,947,6427,1093,112,112
msg,1,132,944,5527,1086,112,112
msg,1,133,939,5814,1083,112,112
msg,1,134,947,14716,1081,112,112
msg,1,135,944,6598,1082,112,112
msg,1,136,946,8508,1087,112,112
msg,1,137,954,5534,1083,112,112
msg,1,138,940,17250,1084,112,112
msg,1,139,948,7549,1090,112,112
msg,1,140,913,5765,1081,112,112
msg,1,141,908,7010,1090,112,112
msg,1,142,946,5378,1080,112,112
msg,1,143,940,17929,1090,112,112
msg,1,144,955,6908,1220,112,112
msg,1,145,943,12595,1076,112,112
msg,1,146,951,21526,1089,112,112
msg,1,147,945,5606,1088,112,112
msg,1,148,942,5600,1082,112,112
msg,1,149,905,6131,1075,112,112
msg,1,150,943,5518,1083,112,112
msg,1,151,943,20036,1077,112,112
msg,1,152,946,6444,1081,112,112
msg,1,153,948,6255,1080,112,112
msg,1,154,947,5467,1076,112,112
msg,1,155,952,19954,1167,112,112
msg,1,156,951,5524,1085,112,112
msg,1,157,949,5488,1075,112,112
msg,1,158,948,5695,1066,112,112
msg,1,159,936,5629,1082,112,112
msg,1,160,944,6290,1163,112,112
msg,1,161,947,15174,1092,112,112
msg,1,162,950,6121,1087,112,112
msg,1,163,954,7039,1090,112,112
msg,1,164,951,11087,1078,112,112
msg,1,165,948,12808,1084,112,112
msg,1,166,938,11908,1096,112,112
msg,1,167,945,8029,1086,112,112
msg,1,168,918,5382,1082,112,112
msg,1,169,948,18717,1161,112,112
msg,1,170,957,6333,1079,112,112
msg,1,171,950,7978,1083,112,112
msg,1,172,946,5632,1084,112,112
msg,1,173,957,16503,1097,112,112
msg,1,174,950,7418,1089,112,112
msg,1,175,908,6020,1190,112,112
msg,1,176,945,6390,1086,112,112
msg,1,177,940,6397,1083,112,112
msg,1,178,956,19008,1207,112,112
msg,1,179,935,6523,1078,112,112
msg,1,180,950,9238,1078,112,112
msg,1,181,946,5704,1083,112,112
msg,1,182,945,15823,1085,112,112
msg,1,183,953,5491,1091,112,112
msg,1,184,951,7365,1086,112,112
msg,1,185,944,5850,1082,112,112
msg,1,186,944,5601,1161,112,112
msg,1,187,912,19982,1089,112,112
msg,1,188,948,6491,1085,112,112
msg,1,189,913,8610,1085,112,112
msg,1,190,940,6306,1083,112,112
msg,1,191,953,16278,1086,112,112
msg,1,192,907,5718,1081,112,112
msg,1,193,921,6698,1078,112,112
msg,1,194,939,9964,1087,112,112
msg,1,195,946,5788,1164,112,112
msg,1,196,943,15952,1081,112,112
msg,1,197,943,6801,1084,112,112
msg,1,198,950,8238,1089,112,112
msg,1,199,942,5463,1089,112,112
whole,1,333.646,3039.821,200
2,5.4090,228.2040,8.4660,242.0790,1391,3824,45,568,2,12,3,18,167444,66411.0,70651.0,15576.0,0.0,2,2,2,0
msg,2,0,1100,6190,1092,112,112
msg,2,1,955,5537,1087,112,112
msg,2,2,913,5962,1078,112,112
msg,2,3,950,18331,1084,112,112
msg,2,4,943,5491,1082,112,112
msg,2,5,949,7528,1073,112,112
msg,2,6,945,5484,1091,112,112
msg,2,7,940,5470,1085,112,112
msg,2,8,944,6150,1088,112,112
msg,2,9,947,18656,1094,112,112
msg,2,10,949,5477,1088,112,112
msg,2,11,929,6435,1081,112,112
msg,2,12,945,20922,1085,112,112
msg,2,13,914,5464,1081,112,112
msg,2,14,1040,5411,1088,112,112
msg,2,15,946,6007,1089,112,112
msg,2,16,946,5752,1085,112,112
msg,2,17,950,7538,1232,112,112
msg,2,18,951,18762,1085,112,112
msg,2,19,942,5720,1088,112,112
msg,2,20,940,7445,1084,112,112
msg,2,21,1036,19108,1089,112,112
msg,2,22,916,5554,1083,112,112
msg,2,23,945,8798,1180,112,112
msg,2,24,917,6419,1074,112,112
msg,2,25,941,7114,1077,112,112
msg,2,26,907,19647,1173,112,112
msg,2,27,910,6057,1073,112,112
msg,2,28,950,7111,1081,112,112
msg,2,29,951,5674,1083,112,112
msg,2,30,941,17242,1084,112,112
msg,2,31,948,5686,1090,112,112
msg,2,32,943,13191,1080,112,112
msg,2,33,945,7449,1070,112,112
msg,2,34,940,21346,1093,112,112
msg,2,35,946,6988,1081,112,112
msg,2,36,948,8149,1210,112,112
msg,2,37,950,5853,1080,112,112
msg,2,38,938,16729,1085,112,112
msg,2,39,940,5424,1087,112,112
msg,2,40,948,6025,1082,112,112
msg,2,41,940,7083,1090,112,112
msg,2,42,944,5574,1091,112,112
msg,2,43,945,19624,1084,112,112
msg,2,44,907,6218,1079,112,112
msg,2,45,950,7139,1079,112,112
msg,2,46,946,7440,1085,112,112
msg,2,47,937,25830,1147,112,112
msg,2,48,944,7912,1077,112,112
msg,2,49,944,13222,1087,112,112
msg,2,50,1510,61760,1092,112,112
msg,2,51,912,5695,1091,112,112
msg,2,52,1039,7562,1082,112,112
msg,2,53,944,5686,1076,112,112
msg,2,54,939,5657,1092,112,112
msg,2,55,949,7049,1085,112,112
msg,2,56,934,16277,1083,112,112
msg,2,57,950,7922,1083,112,112
msg,2,58,942,7497,1081,112,112
msg,2,59,943,18781,1085,112,112
msg,2,60,945,5559,1081,112,112
msg,2,61,943,7475,1084,112,112
msg,2,62,946,9001,1084,112,112
msg,2,63,945,5939,1088,112,112
msg,2,64,944,18740,1083,112,112
msg,2,65,937,6686,1172,112,112
msg,2,66,940,9827,1091,112,112
msg,2,67,943,19809,1084,112,112
msg,2,68,925,5704,1082,112,112
msg,2,69,907,9083,1087,112,112
msg,2,70,948,5804,1075,112,112
msg,2,71,950,5448,1088,112,112
msg,2,72,932,5477,1081,112,112
msg,2,73,945,16558,1084,112,112
msg,2,74,946,6660,1085,112,112
msg,2,75,948,10894,1083,112,112
msg,2,76,943,19226,1098,112,112
msg,2,77,1030,5446,1087,112,112
msg,2,78,945,5382,1078,112,112
msg,2,79,945,5381,1084,112,112
msg,2,80,949,5378,1086,112,112
msg,2,81,940,6995,1159,112,112
msg,2,82,953,16311,1088,112,112
msg,2,83,1033,6306,1086,112,112
msg,2,84,951,7297,1085,112,112
msg,2,85,940,20378,1158,112,112
msg,2,86,919,5512,1084,112,112
msg,2,87,950,11359,1076,112,112
msg,2,88,944,7418,1088,112,112
msg,2,89,940,5663,1090,112,112
msg,2,90,913,18106,1077,112,112
msg,2,91,944,7949,1088,112,112
msg,2,92,958,7151,1096,112,112
msg,2,93,911,5531,1177,112,112
msg,2,94,944,15865,1088,112,112
msg,2,95,953,6745,1078,112,112
msg,2,96,944,7031,1078,112,112
msg,2,97,948,7950,1083,112,112
msg,2,98,945,7134,1081,112,112
msg,2,99,907,18614,1086,112,112
msg,2,100,942,6214,1076,112,112
msg,2,101,944,6943,1077,112,112
msg,2,102,955,21293,1087,112,112
msg,2,103,948,6557,1081,112,112
msg,2,104,914,7402,1078,112,112
msg,2,105,944,6982,1074,112,112
msg,2,106,944,6783,1086,112,112
msg,2,107,916,18555,1078,112,112
msg,2,108,952,6407,1081,112,112
msg,2,109,945,10312,1087,112,112
msg,2,110,946,10217,1159,112,112
msg,2,111,946,12333,1089,112,112
msg,2,112,942,6434,1090,112,112
msg,2,113,948,5898,1083,112,112
msg,2,114,952,7317,1078,112,112
msg,2,115,1041,5442,1083,112,112
msg,2,116,948,17133,1092,112,112
msg,2,117,943,7580,1081,112,112
msg,2,118,949,8322,1077,112,112
msg,2,119,942,11043,1078,112,112
msg,2,120,1040,9898,1090,112,112
msg,2,121,920,5994,1233,112,112
msg,2,122,944,7213,1090,112,112
msg,2,123,946,6175,1092,112,112
msg,2,124,954,6444,1087,112,112
msg,2,125,908,19248,1076,112,112
msg,2,126,946,9931,1159,112,112
msg,2,127,950,6786,1084,112,112
msg,2,128,944,9835,1087,112,112
msg,2,129,939,9988,1072,112,112
msg,2,130,942,5532,1084,112,112
msg,2,131,914,6952,1085,112,112
msg,2,132,951,5460,1083,112,112
msg,2,133,910,8046,1098,112,112
msg,2,134,948,18799,1074,112,112
msg,2,135,944,7410,1087,112,112
msg,2,136,907,8746,1079,112,112
msg,2,137,913,5473,1088,112,112
msg,2,138,941,16160,1077,112,112
msg,2,139,940,6715,1078,112,112
msg,2,140,949,5683,1087,112,112
msg,2,141,944,8934,1075,112,112
msg,2,142,946,5775,1073,112,112
msg,2,143,942,16978,1084,112,112
msg,2,144,948,7807,1078,112,112
msg,2,145,942,8751,1084,112,112
msg,2,146,947,10239,1094,112,112
msg,2,147,941,10361,1217,112,112
msg,2,148,942,5416,1083,112,112
msg,2,149,954,6027,1085,112,112
msg,2,150,932,5453,1082,112,112
msg,2,151,946,5402,1078,112,112
msg,2,152,947,6156,1176,112,112
msg,2,153,918,16617,1094,112,112
msg,2,154,942,5576,1084,112,112
msg,2,155,938,7262,1083,112,112
msg,2,156,1034,10821,1073,112,112
msg,2,157,946,12082,1080,112,112
msg,2,158,945,6318,1074,112,112
msg,2,159,938,5790,1165,112,112
msg,2,160,942,8215,1087,112,112
msg,2,161,918,5456,1081,112,112
msg,2,162,942,19816,1081,112,112
msg,2,163,1033,6202,1079,112,112
msg,2,164,943,6088,1084,112,112
msg,2,165,948,21781,1086,112,112
msg,2,166,945,5870,1084,112,112
msg,2,167,946,8687,1176,112,112
msg,2,168,948,5638,1084,112,112
msg,2,169,948,6185,1098,112,112
msg,2,170,936,20495,1083,112,112
msg,2,171,941,7019,1079,112,112
msg,2,172,941,9387,1158,112,112
msg,2,173,941,20914,1073,112,112
msg,2,174,947,6578,1090,112,112
msg,2,175,952,6077,1089,112,112
msg,2,176,952,5646,1082,112,112
msg,2,177,940,5930,1085,112,112
msg,2,178,960,6473,1075,112,112
msg,2,179,949,16219,1080,112,112
msg,2,180,941,5713,1079,112,112
msg,2,181,915,7502,1084,112,112
msg,2,182,946,5618,1082,112,112
msg,2,183,944,15667,1079,112,112
msg,2,184,954,5468,1079,112,112
msg,2,185,946,5452,1087,112,112
msg,2,186,943,5963,1077,112,112
msg,2,187,944,5445,1166,112,112
msg,2,188,944,21948,1075,112,112
msg,2,189,943,6404,1081,112,112
msg,2,190,918,9056,1072,112,112
msg,2,191,942,5414,1079,112,112
msg,2,192,911,14622,1086,112,112
msg,2,193,943,5628,1081,112,112
msg,2,194,943,5813,1091,112,112
msg,2,195,949,5437,1081,112,112
msg,2,196,942,6385,1092,112,112
msg,2,197,949,7265,1078,112,112
msg,2,198,949,13806,1083,112,112
msg,2,199,940,7281,1166,112,112
whole,2,268.516,2626.836,200
#heap 22218
#stack 3168
#end
#block pipeline TLS lorawan11_256 down
#aead AES-256-CTR+2xCMAC (LoRaWAN 1.1 frame, 256-bit keys) (BearSSL (arduino-pico)), downlink, 51 B payload + 13 B overhead
#lib wolfSSL 5.9.4
iter,tcp_ms,tls_ms,mqtt_ms,total_ms,hs_tx_B,hs_rx_B,mqtt_tx_B,mqtt_rx_B,hs_writes,hs_reads,writes,reads,free_heap_B,hs_keygen_us,hs_derive_us,hs_verify_us,hs_sign_us,hs_keygen_n,hs_derive_n,hs_verify_n,hs_sign_n
msg,iter,idx,seal_us,rtt_us,open_us,tx_B,rx_B
whole,iter,first_ms,all_ms,msgs
#suite TLS13-AES256-GCM-SHA384
0,9.4130,274.2450,24.1930,307.8510,1391,3819,45,568,2,12,3,18,167444,66283.0,70282.0,15341.0,0.0,2,2,2,0
msg,0,0,713,5738,720,112,112
msg,0,1,593,5657,719,112,112
msg,0,2,588,15159,725,112,112
msg,0,3,596,9005,696,112,112
msg,0,4,562,9297,714,112,112
msg,0,5,594,20192,715,112,112
msg,0,6,593,5648,721,112,112
msg,0,7,594,5967,717,112,112
msg,0,8,562,5659,712,112,112
msg,0,9,590,7998,695,112,112
msg,0,10,564,6521,696,112,112
msg,0,11,558,17767,716,112,112
msg,0,12,559,8622,716,112,112
msg,0,13,596,9140,697,112,112
msg,0,14,562,20485,696,112,112
msg,0,15,562,5611,717,112,112
msg,0,16,565,5558,721,112,112
msg,0,17,593,5373,718,112,112
msg,0,18,560,5699,718,112,112
msg,0,19,590,5547,720,112,112
msg,0,20,589,5449,712,112,112
msg,0,21,597,18093,714,112,112
msg,0,22,557,6664,800,112,112
msg,0,23,598,7889,698,112,112
msg,0,24,562,20834,712,112,112
msg,0,25,741,5838,711,112,112
msg,0,26,589,5462,716,112,112
msg,0,27,599,5759,717,112,112
msg,0,28,553,5944,717,112,112
msg,0,29,594,5660,721,112,112
msg,0,30,590,5444,715,112,112
msg,0,31,595,17853,717,112,112
msg,0,32,548,6571,717,112,112
msg,0,33,562,6745,724,112,112
msg,0,34,602,5803,697,112,112
msg,0,35,561,47687,715,112,112
msg,0,36,555,6095,709,112,112
msg,0,37,609,16870,716,112,112
msg,0,38,560,5539,719,112,112
msg,0,39,561,5553,723,112,112
msg,0,40,596,7473,719,112,112
msg,0,41,599,8660,716,112,112
msg,0,42,586,11972,698,112,112
msg,0,43,560,7508,696,112,112
msg,0,44,561,5574,718,112,112
msg,0,45,557,5403,694,112,112
msg,0,46,557,7570,811,112,112
msg,0,47,744,5430,717,112,112
msg,0,48,591,16474,720,112,112
msg,0,49,592,6614,717,112,112
msg,0,50,592,8499,720,112,112
msg,0,51,594,5858,692,112,112
msg,0,52,561,17686,717,112,112
msg,0,53,560,7833,794,112,112
msg,0,54,588,5956,712,112,112
msg,0,55,564,9345,696,112,112
msg,0,56,559,5882,722,112,112
msg,0,57,595,18156,713,112,112
msg,0,58,559,7469,720,112,112
msg,0,59,556,5745,718,112,112
msg,0,60,592,6356,713,112,112
msg,0,61,588,17706,720,112,112
msg,0,62,596,5944,699,112,112
msg,0,63,565,6208,697,112,112
msg,0,64,597,5651,694,112,112
msg,0,65,562,7794,718,112,112
msg,0,66,585,5707,723,112,112
msg,0,67,595,18232,717,112,112
msg,0,68,580,7479,717,112,112
msg,0,69,588,9977,696,112,112
msg,0,70,561,5450,697,112,112
msg,0,71,564,17273,717,112,112
msg,0,72,598,7070,720,112,112
msg,0,73,587,7086,696,112,112
msg,0,74,570,5671,716,112,112
msg,0,75,639,8495,722,112,112
msg,0,76,584,19696,721,112,112
msg,0,77,595,8633,714,112,112
msg,0,78,587,9043,715,112,112
msg,0,79,593,5981,698,112,112
msg,0,80,722,16332,700,112,112
msg,0,81,570,5878,715,112,112
msg,0,82,593,7849,717,112,112
msg,0,83,591,5695,698,112,112
msg,0,84,553,6941,726,112,112
msg,0,85,592,6748,724,112,112
msg,0,86,604,17488,722,112,112
msg,0,87,573,5456,693,112,112
msg,0,88,559,8262,721,112,112
msg,0,89,602,6033,713,112,112
msg,0,90,563,16224,688,112,112
msg,0,91,558,5716,714,112,112
msg,0,92,564,7757,717,112,112
msg,0,93,594,8426,724,112,112
msg,0,94,598,6959,695,112,112
msg,0,95,560,19639,719,112,112
msg,0,96,560,47551,723,112,112
msg,0,97,560,5953,717,112,112
msg,0,98,594,8356,719,112,112
msg,0,99,585,9461,712,112,112
msg,0,100,594,5885,791,112,112
msg,0,101,564,19112,714,112,112
msg,0,102,588,5798,710,112,112
msg,0,103,563,7661,716,112,112
msg,0,104,590,21492,717,112,112
msg,0,105,602,8616,718,112,112
msg,0,106,593,8315,718,112,112
msg,0,107,584,6088,702,112,112
msg,0,108,562,5926,720,112,112
msg,0,109,592,6298,715,112,112
msg,0,110,589,18108,695,112,112
msg,0,111,562,78706,722,112,112
msg,0,112,554,17081,717,112,112
msg,0,113,581,7534,695,112,112
msg,0,114,557,12911,721,112,112
msg,0,115,592,18368,720,112,112
msg,0,116,559,6115,692,112,112
msg,0,117,560,7036,721,112,112
msg,0,118,583,6860,698,112,112
msg,0,119,565,6551,701,112,112
msg,0,120,561,6060,726,112,112
msg,0,121,596,16967,694,112,112
msg,0,122,559,7676,719,112,112
msg,0,123,592,6596,719,112,112
msg,0,124,596,5935,696,112,112
msg,0,125,566,22510,697,112,112
msg,0,126,563,5749,844,112,112
msg,0,127,604,6575,715,112,112
msg,0,128,595,6263,717,112,112
msg,0,129,594,5415,722,112,112
msg,0,130,593,6489,721,112,112
msg,0,131,593,16016,695,112,112
msg,0,132,559,5826,715,112,112
msg,0,133,562,8857,722,112,112
msg,0,134,596,5571,712,112,112
msg,0,135,587,17044,713,112,112
msg,0,136,604,5876,712,112,112
msg,0,137,592,8043,719,112,112
msg,0,138,594,7445,723,112,112
msg,0,139,593,6422,717,112,112
msg,0,140,594,5738,722,112,112
msg,0,141,592,16476,713,112,112
msg,0,142,593,5468,847,112,112
msg,0,143,558,8251,714,112,112
msg,0,144,593,6797,698,112,112
msg,0,145,563,15693,715,112,112
msg,0,146,591,5606,718,112,112
msg,0,147,596,7075,697,112,112
msg,0,148,568,5477,695,112,112
msg,0,149,567,7229,774,112,112
msg,0,150,562,7071,721,112,112
msg,0,151,587,17845,698,112,112
msg,0,152,562,6442,699,112,112
msg,0,153,565,6956,719,112,112
msg,0,154,593,5485,720,112,112
msg,0,155,686,20084,725,112,112
msg,0,156,561,6232,694,112,112
msg,0,157,558,5905,718,112,112
msg,0,158,598,5430,717,112,112
msg,0,159,595,6113,697,112,112
msg,0,160,564,22104,715,112,112
msg,0,161,598,8594,721,112,112
msg,0,162,600,8540,698,112,112
msg,0,163,564,5604,696,112,112
msg,0,164,566,17956,716,112,112
msg,0,165,591,5762,711,112,112
msg,0,166,593,5942,716,112,112
msg,0,167,1180,5636,698,112,112
msg,0,168,564,5862,717,112,112
msg,0,169,595,23784,713,112,112
msg,0,170,675,8824,720,112,112
msg,0,171,592,8125,699,112,112
msg,0,172,565,5916,723,112,112
msg,0,173,588,17432,714,112,112
msg,0,174,592,5591,718,112,112
msg,0,175,594,6387,721,112,112
msg,0,176,589,5860,688,112,112
msg,0,177,562,5613,698,112,112
msg,0,178,560,5676,723,112,112
msg,0,179,683,17091,693,112,112
msg,0,180,697,7823,720,112,112
msg,0,181,597,15233,721,112,112
msg,0,182,562,15678,719,112,112
msg,0,183,593,5921,692,112,112
msg,0,184,554,6462,694,112,112
msg,0,185,562,5991,719,112,112
msg,0,186,591,7460,720,112,112
msg,0,187,594,6050,698,112,112
msg,0,188,557,17654,722,112,112
msg,0,189,563,9872,718,112,112
msg,0,190,597,9265,715,112,112
msg,0,191,595,10024,693,112,112
msg,0,192,568,14962,719,112,112
msg,0,193,602,15747,715,112,112
msg,0,194,584,6674,698,112,112
msg,0,195,563,5660,710,112,112
msg,0,196,558,18184,701,112,112
msg,0,197,563,10276,718,112,112
msg,0,198,589,6656,699,112,112
msg,0,199,560,5885,713,112,112
whole,0,322.059,2626.706,200
1,4.4800,227.9900,10.0900,242.5600,1391,3822,45,568,2,12,3,18,167444,66254.0,70510.0,15446.0,0.0,2,2,2,0
msg,1,0,715,5642,724,112,112
msg,1,1,595,9079,694,112,112
msg,1,2,562,24415,691,112,112
msg,1,3,633,6900,721,112,112
msg,1,4,586,5730,714,112,112
msg,1,5,592,5672,698,112,112
msg,1,6,557,7533,699,112,112
msg,1,7,556,5785,713,112,112
msg,1,8,597,16176,697,112,112
msg,1,9,564,6542,716,112,112
msg,1,10,564,11004,722,112,112
msg,1,11,608,19179,710,112,112
msg,1,12,599,5545,725,112,112
msg,1,13,590,5400,715,112,112
msg,1,14,588,5804,714,112,112
msg,1,15,588,7822,712,112,112
msg,1,16,561,7238,697,112,112
msg,1,17,564,17400,695,112,112
msg,1,18,586,7601,699,112,112
msg,1,19,554,6926,720,112,112
msg,1,20,591,7698,712,112,112
msg,1,21,592,18498,716,112,112
msg,1,22,599,5793,694,112,112
msg,1,23,565,5864,716,112,112
msg,1,24,588,5497,719,112,112
msg,1,25,587,5981,699,112,112
msg,1,26,564,5574,862,112,112
msg,1,27,604,19656,727,112,112
msg,1,28,593,6156,711,112,112
msg,1,29,559,9098,696,112,112
msg,1,30,568,21136,724,112,112
msg,1,31,582,5731,703,112,112
msg,1,32,557,5611,805,112,112
msg,1,33,563,5468,695,112,112
msg,1,34,562,8172,716,112,112
msg,1,35,590,6327,718,112,112
msg,1,36,600,17656,694,112,112
msg,1,37,556,7690,696,112,112
msg,1,38,558,10433,701,112,112
msg,1,39,567,21386,692,112,112
msg,1,40,560,6240,715,112,112
msg,1,41,600,9175,717,112,112
msg,1,42,594,6733,712,112,112
msg,1,43,593,8020,718,112,112
msg,1,44,587,5760,715,112,112
msg,1,45,592,17451,715,112,112
msg,1,46,591,5719,693,112,112
msg,1,47,565,7031,713,112,112
msg,1,48,596,5405,717,112,112
msg,1,49,591,18761,719,112,112
msg,1,50,596,8062,718,112,112
msg,1,51,591,7300,722,112,112
msg,1,52,554,7690,722,112,112
msg,1,53,593,6758,1238,112,112
msg,1,54,566,17370,720,112,112
msg,1,55,663,6202,697,112,112
msg,1,56,567,8284,716,112,112
msg,1,57,595,26710,698,112,112
msg,1,58,557,6461,695,112,112
msg,1,59,558,5600,803,112,112
msg,1,60,560,5429,716,112,112
msg,1,61,562,5653,722,112,112
msg,1,62,596,6292,717,112,112
msg,1,63,563,20616,719,112,112
msg,1,64,589,6161,699,112,112
msg,1,65,581,8548,722,112,112
msg,1,66,569,5433,716,112,112
msg,1,67,566,16433,719,112,112
msg,1,68,562,5488,718,112,112
msg,1,69,567,7334,695,112,112
msg,1,70,557,5967,721,112,112
msg,1,71,592,5683,717,112,112
msg,1,72,587,5363,716,112,112
msg,1,73,596,16741,695,112,112
msg,1,74,561,8396,696,112,112
msg,1,75,565,8746,720,112,112
msg,1,76,560,20956,720,112,112
msg,1,77,592,7395,721,112,112
msg,1,78,587,7741,697,112,112
msg,1,79,564,10440,701,112,112
msg,1,80,588,7026,722,112,112
msg,1,81,585,18945,698,112,112
msg,1,82,560,8778,720,112,112
msg,1,83,559,9275,694,112,112
msg,1,84,561,21512,697,112,112
msg,1,85,562,5638,723,112,112
msg,1,86,565,5648,712,112,112
msg,1,87,592,5513,716,112,112
msg,1,88,607,9359,724,112,112
msg,1,89,586,5445,716,112,112
msg,1,90,584,17268,715,112,112
msg,1,91,562,7747,720,112,112
msg,1,92,589,9119,691,112,112
msg,1,93,555,6484,697,112,112
msg,1,94,563,17448,693,112,112
msg,1,95,558,5809,720,112,112
msg,1,96,598,6560,712,112,112
msg,1,97,595,5453,719,112,112
msg,1,98,596,5648,714,112,112
msg,1,99,588,5506,714,112,112
msg,1,100,601,16995,723,112,112
msg,1,101,599,8791,716,112,112
msg,1,102,592,9239,722,112,112
msg,1,103,600,21175,715,112,112
msg,1,104,562,5658,718,112,112
msg,1,105,595,5557,726,112,112
msg,1,106,594,5438,718,112,112
msg,1,107,596,8298,715,112,112
msg,1,108,590,5588,807,112,112
msg,1,109,606,18121,794,112,112
msg,1,110,589,6309,719,112,112
msg,1,111,560,6127,700,112,112
msg,1,112,559,7586,697,112,112
msg,1,113,564,21164,711,112,112
msg,1,114,587,6044,719,112,112
msg,1,115,589,5927,712,112,112
msg,1,116,588,5692,700,112,112
msg,1,117,559,5890,714,112,112
msg,1,118,599,5525,717,112,112
msg,1,119,593,20244,719,112,112
msg,1,120,589,5570,719,112,112
msg,1,121,589,8439,714,112,112
msg,1,122,589,6058,692,112,112
msg,1,123,562,16335,696,112,112
msg,1,124,562,11893,722,112,112
msg,1,125,599,7031,697,112,112
msg,1,126,567,6651,694,112,112
msg,1,127,652,6244,701,112,112
msg,1,128,568,21855,719,112,112
msg,1,129,584,5490,717,112,112
msg,1,130,592,5796,719,112,112
msg,1,131,593,5532,712,112,112
msg,1,132,599,20118,716,112,112
msg,1,133,585,7679,714,112,112
msg,1,134,597,6151,720,112,112
msg,1,135,587,7989,788,112,112
msg,1,136,555,6963,716,112,112
msg,1,137,595,22868,699,112,112
msg,1,138,565,6174,720,112,112
msg,1,139,598,6314,723,112,112
msg,1,140,592,5767,696,112,112
msg,1,141,598,17841,715,112,112
msg,1,142,555,5679,717,112,112
msg,1,143,601,6739,716,112,112
msg,1,144,595,5892,713,112,112
msg,1,145,560,7743,717,112,112
msg,1,146,588,20138,697,112,112
msg,1,147,564,7990,717,112,112
msg,1,148,590,5528,712,112,112
msg,1,149,695,10205,719,112,112
msg,1,150,588,18744,694,112,112
msg,1,151,596,6041,722,112,112
msg,1,152,597,5580,716,112,112
msg,1,153,588,5626,800,112,112
msg,1,154,590,6189,721,112,112
msg,1,155,593,6123,718,112,112
msg,1,156,564,17157,692,112,112
msg,1,157,558,5979,717,112,112
msg,1,158,585,8827,711,112,112
msg,1,159,592,6634,697,112,112
msg,1,160,558,16542,701,112,112
msg,1,161,557,5566,693,112,112
msg,1,162,560,5507,713,112,112
msg,1,163,565,6209,695,112,112
msg,1,164,590,6189,718,112,112
msg,1,165,591,6174,714,112,112
msg,1,166,594,20650,730,112,112
msg,1,167,594,7571,720,112,112
msg,1,168,593,8004,717,112,112
msg,1,169,595,20189,699,112,112
msg,1,170,560,7337,694,112,112
msg,1,171,560,9142,723,112,112
msg,1,172,594,10938,696,112,112
msg,1,173,570,9012,723,112,112
msg,1,174,588,13828,698,112,112
msg,1,175,557,8466,695,112,112
msg,1,176,562,8778,715,112,112
msg,1,177,595,5554,722,112,112
msg,1,178,586,17275,719,112,112
msg,1,179,562,5286,693,112,112
msg,1,180,566,6441,692,112,112
msg,1,181,561,7559,694,112,112
msg,1,182,571,5998,720,112,112
msg,1,183,594,5511,715,112,112
msg,1,184,590,20535,711,112,112
msg,1,185,589,6100,722,112,112
msg,1,186,600,6466,727,112,112
msg,1,187,686,6399,722,112,112
msg,1,188,598,17207,1182,112,112
msg,1,189,683,8753,715,112,112
msg,1,190,557,8277,781,112,112
msg,1,191,563,6868,724,112,112
msg,1,192,597,5485,720,112,112
msg,1,193,591,21008,697,112,112
msg,1,194,558,5908,711,112,112
msg,1,195,595,7472,715,112,112
msg,1,196,589,5455,721,112,112
msg,1,197,587,16663,718,112,112
msg,1,198,596,5444,714,112,112
msg,1,199,591,5474,709,112,112
whole,1,270.284,2469.254,200
2,7.7740,220.8780,15.8060,244.4580,1391,3823,45,568,2,12,3,18,167444,66408.0,70237.0,15483.0,0.0,2,2,2,0
msg,2,0,869,29246,716,112,112
msg,2,1,592,5843,715,112,112
msg,2,2,564,7967,719,112,112
msg,2,3,596,6789,695,112,112
msg,2,4,564,17661,722,112,112
msg,2,5,557,5537,715,112,112
msg,2,6,594,9553,713,112,112
msg,2,7,599,19843,720,112,112
msg,2,8,600,6598,694,112,112
msg,2,9,563,5850,714,112,112
msg,2,10,594,7990,701,112,112
msg,2,11,562,6137,821,112,112
msg,2,12,590,6098,718,112,112
msg,2,13,592,20133,694,112,112
msg,2,14,572,5597,700,112,112
msg,2,15,556,9804,713,112,112
msg,2,16,588,6019,696,112,112
msg,2,17,563,16378,786,112,112
msg,2,18,556,5590,695,112,112
msg,2,19,558,5692,720,112,112
msg,2,20,591,5793,722,112,112
msg,2,21,591,6212,716,112,112
msg,2,22,587,5441,718,112,112
msg,2,23,596,17435,716,112,112
msg,2,24,593,7936,696,112,112
msg,2,25,566,8190,726,112,112
msg,2,26,586,23851,700,112,112
msg,2,27,564,9810,712,112,112
msg,2,28,590,7772,721,112,112
msg,2,29,594,9255,721,112,112
msg,2,30,596,5667,717,112,112
msg,2,31,596,18309,717,112,112
msg,2,32,598,7229,722,112,112
msg,2,33,597,8226,715,112,112
msg,2,34,562,5843,719,112,112
msg,2,35,591,20257,719,112,112
msg,2,36,594,5818,716,112,112
msg,2,37,591,7029,722,112,112
msg,2,38,591,11604,717,112,112
msg,2,39,595,7147,720,112,112
msg,2,40,564,17170,693,112,112
msg,2,41,557,6180,716,112,112
msg,2,42,596,8322,719,112,112
msg,2,43,595,6378,716,112,112
msg,2,44,603,17056,699,112,112
msg,2,45,567,11926,719,112,112
msg,2,46,593,5861,693,112,112
msg,2,47,563,5705,694,112,112
msg,2,48,577,6209,697,112,112
msg,2,49,593,17703,700,112,112
msg,2,50,564,8605,714,112,112
msg,2,51,561,10574,717,112,112
msg,2,52,596,19304,727,112,112
msg,2,53,661,6607,715,112,112
msg,2,54,591,5565,712,112,112
msg,2,55,588,11000,698,112,112
msg,2,56,564,5930,718,112,112
msg,2,57,580,6296,716,112,112
msg,2,58,591,15550,721,112,112
msg,2,59,687,6879,698,112,112
msg,2,60,561,9771,716,112,112
msg,2,61,592,27154,698,112,112
msg,2,62,561,7099,721,112,112
msg,2,63,597,10480,711,112,112
msg,2,64,596,12216,712,112,112
msg,2,65,588,20047,698,112,112
msg,2,66,555,5559,695,112,112
msg,2,67,557,8457,701,112,112
msg,2,68,563,5763,714,112,112
msg,2,69,594,17534,718,112,112
msg,2,70,589,5659,719,112,112
msg,2,71,598,5657,698,112,112
msg,2,72,574,5363,712,112,112
msg,2,73,666,6008,701,112,112
msg,2,74,557,5719,714,112,112
msg,2,75,556,16955,721,112,112
msg,2,76,588,9229,721,112,112
msg,2,77,597,8019,690,112,112
msg,2,78,556,5563,699,112,112
msg,2,79,565,18577,721,112,112
msg,2,80,563,5499,718,112,112
msg,2,81,565,7269,698,112,112
msg,2,82,557,5961,807,112,112
msg,2,83,595,7749,698,112,112
msg,2,84,594,5811,717,112,112
msg,2,85,561,16778,715,112,112
msg,2,86,592,5530,724,112,112
msg,2,87,600,9027,715,112,112
msg,2,88,559,20433,692,112,112
msg,2,89,560,6266,701,112,112
msg,2,90,567,5429,697,112,112
msg,2,91,562,5436,693,112,112
msg,2,92,586,5773,710,112,112
msg,2,93,567,10245,702,112,112
msg,2,94,558,20857,717,112,112
msg,2,95,734,5564,1231,112,112
msg,2,96,583,7519,716,112,112
msg,2,97,568,5577,714,112,112
msg,2,98,563,15896,715,112,112
msg,2,99,597,6620,692,112,112
msg,2,100,589,5637,694,112,112
msg,2,101,570,5517,694,112,112
msg,2,102,561,5702,719,112,112
msg,2,103,559,6086,696,112,112
msg,2,104,564,17901,713,112,112
msg,2,105,596,6348,718,112,112
msg,2,106,559,5695,716,112,112
msg,2,107,595,5972,778,112,112
msg,2,108,564,19193,712,112,112
msg,2,109,597,5949,718,112,112
msg,2,110,553,6666,720,112,112
msg,2,111,594,5528,711,112,112
msg,2,112,585,7402,719,112,112
msg,2,113,595,8155,719,112,112
msg,2,114,560,19322,698,112,112
msg,2,115,560,5598,719,112,112
msg,2,116,558,7739,801,112,112
msg,2,117,590,5391,717,112,112
msg,2,118,588,14560,716,112,112
msg,2,119,597,6452,722,112,112
msg,2,120,590,7063,720,112,112
msg,2,121,554,6321,692,112,112
msg,2,122,563,6566,718,112,112
msg,2,123,650,9077,709,112,112
msg,2,124,590,17118,717,112,112
msg,2,125,597,5767,717,112,112
msg,2,126,597,9797,718,112,112
msg,2,127,557,20309,701,112,112
msg,2,128,564,6502,700,112,112
msg,2,129,561,5768,809,112,112
msg,2,130,603,5498,721,112,112
msg,2,131,595,8097,697,112,112
msg,2,132,560,6144,717,112,112
msg,2,133,590,17559,698,112,112
msg,2,134,566,8186,717,112,112
msg,2,135,592,8113,723,112,112
msg,2,136,560,5634,720,112,112
msg,2,137,598,14680,719,112,112
msg,2,138,599,5807,694,112,112
msg,2,139,555,5888,714,112,112
msg,2,140,606,5416,720,112,112
msg,2,141,594,6111,699,112,112
msg,2,142,563,6018,719,112,112
msg,2,143,588,5349,716,112,112
msg,2,144,589,16538,724,112,112
msg,2,145,589,5769,696,112,112
msg,2,146,563,10625,699,112,112
msg,2,147,560,20088,717,112,112
msg,2,148,598,5753,693,112,112
msg,2,149,558,5916,714,112,112
msg,2,150,586,5922,699,112,112
msg,2,151,565,7926,715,112,112
msg,2,152,595,5519,716,112,112
msg,2,153,594,18113,698,112,112
msg,2,154,572,11103,715,112,112
msg,2,155,596,6115,720,112,112
msg,2,156,595,21750,707,112,112
msg,2,157,599,5773,773,112,112
msg,2,158,560,5658,719,112,112
msg,2,159,592,5736,718,112,112
msg,2,160,596,7612,716,112,112
msg,2,161,594,5387,713,112,112
msg,2,162,593,19009,718,112,112
msg,2,163,560,8340,694,112,112
msg,2,164,561,9814,719,112,112
msg,2,165,592,6131,714,112,112
msg,2,166,561,15722,731,112,112
msg,2,167,597,5527,718,112,112
msg,2,168,594,5943,693,112,112
msg,2,169,558,5557,701,112,112
msg,2,170,560,6280,694,112,112
msg,2,171,585,5726,699,112,112
msg,2,172,559,17931,727,112,112
msg,2,173,587,8465,720,112,112
msg,2,174,588,7468,721,112,112
msg,2,175,600,5557,801,112,112
msg,2,176,721,19228,802,112,112
msg,2,177,588,6383,715,112,112
msg,2,178,592,5589,698,112,112
msg,2,179,588,5759,715,112,112
msg,2,180,564,5808,715,112,112
msg,2,181,593,6186,715,112,112
msg,2,182,614,20070,698,112,112
msg,2,183,566,6015,727,112,112
msg,2,184,596,13792,693,112,112
msg,2,185,559,17992,716,112,112
msg,2,186,601,5563,723,112,112
msg,2,187,585,5663,714,112,112
msg,2,188,586,6161,719,112,112
msg,2,189,586,6113,694,112,112
msg,2,190,564,6943,721,112,112
msg,2,191,595,19613,712,112,112
msg,2,192,592,5707,697,112,112
msg,2,193,561,7569,696,112,112
msg,2,194,559,5635,716,112,112
msg,2,195,597,17734,721,112,112
msg,2,196,687,5418,720,112,112
msg,2,197,598,5589,699,112,112
msg,2,198,586,5529,782,112,112
msg,2,199,555,5870,715,112,112
whole,2,302.105,2467.324,200
#heap 22218
#stack 3064
#end
#block pipeline mTLS lorawan11 up
#aead LoRaWAN-1.1 AES-128-CTR+2xCMAC (BearSSL (arduino-pico)), uplink, 51 B payload + 13 B overhead
#lib wolfSSL 5.9.4
iter,tcp_ms,tls_ms,mqtt_ms,total_ms,hs_tx_B,hs_rx_B,mqtt_tx_B,mqtt_rx_B,hs_writes,hs_reads,writes,reads,free_heap_B,hs_keygen_us,hs_derive_us,hs_verify_us,hs_sign_us,hs_keygen_n,hs_derive_n,hs_verify_n,hs_sign_n
msg,iter,idx,seal_us,rtt_us,open_us,tx_B,rx_B
whole,iter,first_ms,all_ms,msgs
#suite TLS13-AES256-GCM-SHA384
0,4.5650,1241.7590,31.6960,1278.0200,3931,3990,45,4216,4,14,5,20,163348,66229.0,70427.0,15445.0,998349.0,2,2,2,1
msg,0,0,864,5920,853,112,112
msg,0,1,684,6484,852,112,112
msg,0,2,678,21455,850,112,112
msg,0,3,718,8394,857,112,112
msg,0,4,712,8764,850,112,112
msg,0,5,711,5904,851,112,112
msg,0,6,683,16544,852,112,112
msg,0,7,711,6730,858,112,112
msg,0,8,709,8690,853,112,112
msg,0,9,713,8559,863,112,112
msg,0,10,725,5698,856,112,112
msg,0,11,712,16824,863,112,112
msg,0,12,708,6433,830,112,112
msg,0,13,677,5518,847,112,112
msg,0,14,709,31419,849,112,112
msg,0,15,717,7416,855,112,112
msg,0,16,721,9394,832,112,112
msg,0,17,681,6487,852,112,112
msg,0,18,715,5780,851,112,112
msg,0,19,707,19408,834,112,112
msg,0,20,682,5604,858,112,112
msg,0,21,730,7280,939,112,112
msg,0,22,716,6232,854,112,112
msg,0,23,715,15077,850,112,112
msg,0,24,715,5470,853,112,112
msg,0,25,684,5520,996,112,112
msg,0,26,713,7124,853,112,112
msg,0,27,714,6498,855,112,112
msg,0,28,719,6235,855,112,112
msg,0,29,718,17549,834,112,112
msg,0,30,690,5893,854,112,112
msg,0,31,711,9234,858,112,112
msg,0,32,716,19661,855,112,112
msg,0,33,716,6092,838,112,112
msg,0,34,681,5736,965,112,112
msg,0,35,710,5803,853,112,112
msg,0,36,715,6949,836,112,112
msg,0,37,686,6565,854,112,112
msg,0,38,707,17061,853,112,112
msg,0,39,729,8877,828,112,112
msg,0,40,675,7827,854,112,112
msg,0,41,720,6226,853,112,112
msg,0,42,715,17043,855,112,112
msg,0,43,716,5395,854,112,112
msg,0,44,868,6490,845,112,112
msg,0,45,691,9890,852,112,112
msg,0,46,804,6136,856,112,112
msg,0,47,681,17682,852,112,112
msg,0,48,714,8140,854,112,112
msg,0,49,712,8430,857,112,112
msg,0,50,715,5679,835,112,112
msg,0,51,679,16640,852,112,112
msg,0,52,733,5573,998,112,112
msg,0,53,691,5843,1388,112,112
msg,0,54,701,5778,858,112,112
msg,0,55,713,5378,841,112,112
msg,0,56,685,5716,854,112,112
msg,0,57,716,16617,849,112,112
msg,0,58,710,7760,854,112,112
msg,0,59,721,8815,834,112,112
msg,0,60,682,6276,826,112,112
msg,0,61,679,16004,854,112,112
msg,0,62,678,5443,834,112,112
msg,0,63,680,5531,851,112,112
msg,0,64,720,5526,852,112,112
msg,0,65,725,5813,855,112,112
msg,0,66,707,5712,854,112,112
msg,0,67,678,17538,851,112,112
msg,0,68,712,5645,856,112,112
msg,0,69,817,5762,853,112,112
msg,0,70,708,7072,852,112,112
msg,0,71,717,26890,853,112,112
msg,0,72,679,6190,854,112,112
msg,0,73,679,5508,937,112,112
msg,0,74,719,6659,849,112,112
msg,0,75,717,5946,851,112,112
msg,0,76,713,18401,861,112,112
msg,0,77,721,6083,864,112,112
msg,0,78,718,7652,836,112,112
msg,0,79,682,5449,849,112,112
msg,0,80,719,17261,964,112,112
msg,0,81,709,6685,835,112,112
msg,0,82,675,7458,858,112,112
msg,0,83,712,7920,850,112,112
msg,0,84,682,7990,865,112,112
msg,0,85,721,19836,854,112,112
msg,0,86,708,8603,850,112,112
msg,0,87,711,6639,854,112,112
msg,0,88,720,23393,857,112,112
msg,0,89,712,6894,856,112,112
msg,0,90,719,5791,854,112,112
msg,0,91,692,5625,850,112,112
msg,0,92,706,5710,855,112,112
msg,0,93,690,5865,858,112,112
msg,0,94,723,17493,858,112,112
msg,0,95,684,5528,854,112,112
msg,0,96,706,7436,854,112,112
msg,0,97,721,5499,858,112,112
msg,0,98,718,17300,849,112,112
msg,0,99,679,7562,859,112,112
msg,0,100,707,5863,856,112,112
msg,0,101,682,5610,851,112,112
msg,0,102,716,6699,853,112,112
msg,0,103,715,6856,851,112,112
msg,0,104,806,16099,854,112,112
msg,0,105,727,5893,854,112,112
msg,0,106,708,7303,850,112,112
msg,0,107,716,5671,854,112,112
msg,0,108,720,16606,849,112,112
msg,0,109,716,5444,857,112,112
msg,0,110,723,7936,852,112,112
msg,0,111,718,5590,857,112,112
msg,0,112,720,5575,829,112,112
msg,0,113,780,6213,829,112,112
msg,0,114,685,17974,851,112,112
msg,0,115,708,6565,851,112,112
msg,0,116,710,6166,848,112,112
msg,0,117,709,5865,853,112,112
msg,0,118,681,13061,858,112,112
msg,0,119,713,7838,852,112,112
msg,0,120,708,5701,845,112,112
msg,0,121,680,5417,832,112,112
msg,0,122,685,7138,927,112,112
msg,0,123,680,5588,855,112,112
msg,0,124,709,16832,833,112,112
msg,0,125,684,8028,847,112,112
msg,0,126,678,9107,858,112,112
msg,0,127,715,5690,857,112,112
msg,0,128,714,12555,862,112,112
msg,0,129,714,6362,853,112,112
msg,0,130,691,5972,856,112,112
msg,0,131,717,5758,847,112,112
msg,0,132,707,7311,984,112,112
msg,0,133,720,6339,857,112,112
msg,0,134,721,21250,855,112,112
msg,0,135,717,5383,842,112,112
msg,0,136,686,6437,831,112,112
msg,0,137,690,5744,853,112,112
msg,0,138,722,16601,838,112,112
msg,0,139,681,6224,829,112,112
msg,0,140,678,5555,849,112,112
msg,0,141,707,5958,838,112,112
msg,0,142,688,7416,850,112,112
msg,0,143,715,6165,850,112,112
msg,0,144,707,18020,830,112,112
msg,0,145,683,5669,865,112,112
msg,0,146,720,7173,852,112,112
msg,0,147,719,5498,850,112,112
msg,0,148,683,17321,837,112,112
msg,0,149,691,6228,830,112,112
msg,0,150,679,5723,859,112,112
msg,0,151,717,5456,858,112,112
msg,0,152,715,7418,832,112,112
msg,0,153,681,6156,852,112,112
msg,0,154,678,17400,830,112,112
msg,0,155,678,5403,858,112,112
msg,0,156,714,8856,849,112,112
msg,0,157,680,20352,832,112,112
msg,0,158,680,5806,846,112,112
msg,0,159,713,6109,854,112,112
msg,0,160,723,6982,851,112,112
msg,0,161,724,6025,848,112,112
msg,0,162,710,5427,852,112,112
msg,0,163,717,18357,851,112,112
msg,0,164,723,6909,855,112,112
msg,0,165,709,8379,847,112,112
msg,0,166,715,5462,853,112,112
msg,0,167,704,16928,860,112,112
msg,0,168,728,6007,857,112,112
msg,0,169,714,6096,844,112,112
msg,0,170,715,6070,844,112,112
msg,0,171,687,5489,852,112,112
msg,0,172,712,5727,865,112,112
msg,0,173,680,21429,851,112,112
msg,0,174,711,7875,854,112,112
msg,0,175,690,8358,831,112,112
msg,0,176,680,18570,854,112,112
msg,0,177,724,6000,850,112,112
msg,0,178,715,5717,855,112,112
msg,0,179,715,5584,835,112,112
msg,0,180,685,6514,853,112,112
msg,0,181,710,5712,848,112,112
msg,0,182,689,21745,857,112,112
msg,0,183,728,6539,852,112,112
msg,0,184,715,5952,854,112,112
msg,0,185,709,19898,857,112,112
msg,0,186,721,5853,832,112,112
msg,0,187,682,5756,854,112,112
msg,0,188,718,5465,851,112,112
msg,0,189,708,7474,828,112,112
msg,0,190,689,6254,833,112,112
msg,0,191,686,17461,862,112,112
msg,0,192,713,8389,855,112,112
msg,0,193,716,8736,831,112,112
msg,0,194,677,5655,853,112,112
msg,0,195,720,16493,857,112,112
msg,0,196,713,5465,835,112,112
msg,0,197,684,5750,851,112,112
msg,0,198,716,5815,855,112,112
msg,0,199,712,5413,855,112,112
whole,0,1294.066,3450.430,200
1,18.3920,1256.4060,29.6170,1304.4150,3933,3996,45,4216,4,14,5,20,163348,66200.0,70657.0,15523.0,1002756.0,2,2,2,1
msg,1,0,867,6063,850,112,112
msg,1,1,716,5639,830,112,112
msg,1,2,683,5825,850,112,112
msg,1,3,716,16003,855,112,112
msg,1,4,714,5800,831,112,112
msg,1,5,682,5601,852,112,112
msg,1,6,710,6110,856,112,112
msg,1,7,805,32315,864,112,112
msg,1,8,720,5547,853,112,112
msg,1,9,676,8709,851,112,112
msg,1,10,715,6679,1003,112,112
msg,1,11,687,20152,843,112,112
msg,1,12,686,5667,860,112,112
msg,1,13,716,8805,830,112,112
msg,1,14,676,20054,857,112,112
msg,1,15,678,6491,851,112,112
msg,1,16,676,5986,853,112,112
msg,1,17,679,5946,851,112,112
msg,1,18,712,6641,834,112,112
msg,1,19,683,7785,863,112,112
msg,1,20,709,15392,859,112,112
msg,1,21,683,8114,851,112,112
msg,1,22,717,9024,854,112,112
msg,1,23,713,21092,853,112,112
msg,1,24,714,5541,842,112,112
msg,1,25,678,5816,940,112,112
msg,1,26,730,7438,855,112,112
msg,1,27,710,10570,855,112,112
msg,1,28,718,19815,848,112,112
msg,1,29,712,8024,857,112,112
msg,1,30,716,7697,857,112,112
msg,1,31,717,6131,853,112,112
msg,1,32,684,18412,854,112,112
msg,1,33,711,9027,839,112,112
msg,1,34,688,7420,848,112,112
msg,1,35,702,6114,852,112,112
msg,1,36,851,6356,856,112,112
msg,1,37,725,20359,861,112,112
msg,1,38,719,6137,865,112,112
msg,1,39,719,7616,855,112,112
msg,1,40,681,20874,856,112,112
msg,1,41,718,7927,855,112,112
msg,1,42,715,8776,840,112,112
msg,1,43,689,9120,832,112,112
msg,1,44,681,6115,848,112,112
msg,1,45,688,17467,850,112,112
msg,1,46,713,8149,844,112,112
msg,1,47,678,10435,853,112,112
msg,1,48,713,18893,838,112,112
msg,1,49,683,7107,935,112,112
msg,1,50,686,7735,851,112,112
msg,1,51,716,11167,854,112,112
msg,1,52,711,6413,860,112,112
msg,1,53,718,17917,847,112,112
msg,1,54,716,8590,852,112,112
msg,1,55,684,7971,858,112,112
msg,1,56,722,6385,852,112,112
msg,1,57,678,16572,857,112,112
msg,1,58,716,5498,856,112,112
msg,1,59,717,5390,856,112,112
msg,1,60,704,17803,858,112,112
msg,1,61,718,5450,854,112,112
msg,1,62,804,15393,852,112,112
msg,1,63,685,5941,855,112,112
msg,1,64,722,8039,850,112,112
msg,1,65,727,6006,851,112,112
msg,1,66,711,18236,847,112,112
msg,1,67,714,6023,849,112,112
msg,1,68,709,5438,850,112,112
msg,1,69,717,5503,853,112,112
msg,1,70,718,5453,831,112,112
msg,1,71,678,22036,849,112,112
msg,1,72,709,8315,850,112,112
msg,1,73,681,8639,849,112,112
msg,1,74,713,6049,853,112,112
msg,1,75,714,16646,857,112,112
msg,1,76,716,5408,855,112,112
msg,1,77,683,5478,856,112,112
msg,1,78,726,6196,846,112,112
msg,1,79,725,5671,858,112,112
msg,1,80,720,7745,848,112,112
msg,1,81,718,17551,980,112,112
msg,1,82,726,6304,849,112,112
msg,1,83,681,7024,850,112,112
msg,1,84,712,6192,858,112,112
msg,1,85,724,15497,831,112,112
msg,1,86,683,5766,853,112,112
msg,1,87,715,5823,862,112,112
msg,1,88,875,6846,827,112,112
msg,1,89,691,7712,852,112,112
msg,1,90,724,20822,918,112,112
msg,1,91,716,8145,857,112,112
msg,1,92,678,8871,859,112,112
msg,1,93,720,5422,832,112,112
msg,1,94,675,18640,852,112,112
msg,1,95,718,5912,1239,112,112
msg,1,96,743,6404,855,112,112
msg,1,97,724,8735,856,112,112
msg,1,98,715,8337,856,112,112
msg,1,99,724,18760,832,112,112
msg,1,100,679,5688,859,112,112
msg,1,101,714,7279,856,112,112
msg,1,102,721,5625,837,112,112
msg,1,103,685,28931,855,112,112
msg,1,104,715,5549,855,112,112
msg,1,105,720,8074,824,112,112
msg,1,106,682,8044,847,112,112
msg,1,107,685,19426,830,112,112
msg,1,108,682,6300,851,112,112
msg,1,109,716,5914,852,112,112
msg,1,110,685,5569,851,112,112
msg,1,111,718,17235,862,112,112
msg,1,112,708,5699,854,112,112
msg,1,113,864,7520,850,112,112
msg,1,114,710,5575,853,112,112
msg,1,115,713,6119,856,112,112
msg,1,116,704,6106,848,112,112
msg,1,117,711,17165,852,112,112
msg,1,118,715,6832,858,112,112
msg,1,119,675,8425,854,112,112
msg,1,120,720,9452,863,112,112
msg,1,121,720,11240,854,112,112
msg,1,122,713,5631,831,112,112
msg,1,123,684,6561,854,112,112
msg,1,124,715,5360,855,112,112
msg,1,125,719,5633,834,112,112
msg,1,126,682,5545,852,112,112
msg,1,127,713,19069,856,112,112
msg,1,128,709,6424,859,112,112
msg,1,129,724,9094,860,112,112
msg,1,130,721,19690,827,112,112
msg,1,131,686,5969,855,112,112
msg,1,132,710,6726,850,112,112
msg,1,133,709,5876,835,112,112
msg,1,134,694,6397,843,112,112
msg,1,135,709,6349,855,112,112
msg,1,136,720,22666,855,112,112
msg,1,137,719,7050,856,112,112
msg,1,138,713,6960,859,112,112
msg,1,139,719,7998,856,112,112
msg,1,140,718,10637,860,112,112
msg,1,141,864,6029,859,112,112
msg,1,142,1263,6934,834,112,112
msg,1,143,685,8900,856,112,112
msg,1,144,727,6188,856,112,112
msg,1,145,714,17824,842,112,112
msg,1,146,709,8408,857,112,112
msg,1,147,728,8391,852,112,112
msg,1,148,708,5370,831,112,112
msg,1,149,681,13529,853,112,112
msg,1,150,717,6365,855,112,112
msg,1,151,723,5920,856,112,112
msg,1,152,717,5470,851,112,112
msg,1,153,714,8646,848,112,112
msg,1,154,682,5705,855,112,112
msg,1,155,818,20535,845,112,112
msg,1,156,673,5840,852,112,112
msg,1,157,713,7949,852,112,112
msg,1,158,727,20785,855,112,112
msg,1,159,684,7877,852,112,112
msg,1,160,701,6143,859,112,112
msg,1,161,818,5483,855,112,112
msg,1,162,685,5666,857,112,112
msg,1,163,711,6220,858,112,112
msg,1,164,724,19429,861,112,112
msg,1,165,718,6005,847,112,112
msg,1,166,709,8552,856,112,112
msg,1,167,708,9941,850,112,112
msg,1,168,715,10322,859,112,112
msg,1,169,712,5543,832,112,112
msg,1,170,686,6052,934,112,112
msg,1,171,687,5469,851,112,112
msg,1,172,724,6716,851,112,112
msg,1,173,715,8044,863,112,112
msg,1,174,720,13812,858,112,112
msg,1,175,717,6629,854,112,112
msg,1,176,715,9168,943,112,112
msg,1,177,711,6560,853,112,112
msg,1,178,726,17490,850,112,112
msg,1,179,718,6054,845,112,112
msg,1,180,703,6341,854,112,112
msg,1,181,727,5508,861,112,112
msg,1,182,711,5913,936,112,112
msg,1,183,718,7587,832,112,112
msg,1,184,690,18283,839,112,112
msg,1,185,685,6372,853,112,112
msg,1,186,721,5556,851,112,112
msg,1,187,714,23710,833,112,112
msg,1,188,675,5659,856,112,112
msg,1,189,713,6545,845,112,112
msg,1,190,779,6535,856,112,112
msg,1,191,737,6672,830,112,112
msg,1,192,682,5721,857,112,112
msg,1,193,719,18108,846,112,112
msg,1,194,713,6623,858,112,112
msg,1,195,715,5808,849,112,112
msg,1,196,723,5883,853,112,112
msg,1,197,808,15983,831,112,112
msg,1,198,677,5708,847,112,112
msg,1,199,712,7338,856,112,112
whole,1,1318.587,3565.365,200
2,7.3770,1239.7620,26.1580,1273.2970,3932,3995,45,4216,4,14,5,20,163348,66243.0,70616.0,15605.0,1000175.0,2,2,2,1
msg,2,0,869,5592,861,112,112
msg,2,1,731,15106,846,112,112
msg,2,2,709,6142,858,112,112
msg,2,3,722,6275,861,112,112
msg,2,4,713,5639,833,112,112
msg,2,5,687,8508,854,112,112
msg,2,6,712,23500,966,112,112
msg,2,7,719,8241,857,112,112
msg,2,8,680,9246,851,112,112
msg,2,9,679,5549,852,112,112
msg,2,10,721,15314,855,112,112
msg,2,11,715,7150,857,112,112
msg,2,12,717,7228,851,112,112
msg,2,13,723,5497,852,112,112
msg,2,14,720,6310,850,112,112
msg,2,15,714,5646,856,112,112
msg,2,16,800,17933,840,112,112
msg,2,17,682,5891,852,112,112
msg,2,18,712,6758,854,112,112
msg,2,19,709,20994,848,112,112
msg,2,20,688,7140,838,112,112
msg,2,21,680,5818,854,112,112
msg,2,22,713,6406,858,112,112
msg,2,23,684,6499,854,112,112
msg,2,24,818,5577,863,112,112
msg,2,25,724,21479,836,112,112
msg,2,26,679,9453,854,112,112
msg,2,27,713,7553,851,112,112
msg,2,28,718,18409,848,112,112
msg,2,29,717,7283,856,112,112
msg,2,30,686,7610,856,112,112
msg,2,31,715,6320,856,112,112
msg,2,32,819,6204,854,112,112
msg,2,33,718,19791,857,112,112
msg,2,34,710,8908,852,112,112
msg,2,35,681,8545,850,112,112
msg,2,36,717,20147,850,112,112
msg,2,37,677,6882,852,112,112
msg,2,38,712,8916,856,112,112
msg,2,39,716,6289,856,112,112
msg,2,40,716,6118,854,112,112
msg,2,41,719,6080,849,112,112
msg,2,42,720,15071,852,112,112
msg,2,43,715,5504,864,112,112
msg,2,44,719,5953,855,112,112
msg,2,45,718,6365,853,112,112
msg,2,46,714,16998,862,112,112
msg,2,47,716,6850,857,112,112
msg,2,48,678,5957,851,112,112
msg,2,49,679,6335,833,112,112
msg,2,50,684,6058,853,112,112
msg,2,51,712,6049,852,112,112
msg,2,52,717,21699,856,112,112
msg,2,53,720,6211,850,112,112
msg,2,54,717,6105,850,112,112
msg,2,55,683,5865,852,112,112
msg,2,56,714,15540,847,112,112
msg,2,57,683,5948,849,112,112
msg,2,58,692,9378,833,112,112
msg,2,59,687,9019,851,112,112
msg,2,60,688,5529,854,112,112
msg,2,61,713,17468,852,112,112
msg,2,62,710,5514,851,112,112
msg,2,63,687,5457,853,112,112
msg,2,64,685,5617,847,112,112
msg,2,65,709,19881,843,112,112
msg,2,66,724,7598,852,112,112
msg,2,67,718,7761,849,112,112
msg,2,68,710,5933,851,112,112
msg,2,69,685,9118,849,112,112
msg,2,70,717,19977,854,112,112
msg,2,71,718,5992,856,112,112
msg,2,72,713,6018,863,112,112
msg,2,73,709,6299,842,112,112
msg,2,74,719,20916,837,112,112
msg,2,75,696,5851,860,112,112
msg,2,76,722,6702,857,112,112
msg,2,77,702,5608,855,112,112
msg,2,78,720,6639,848,112,112
msg,2,79,678,21070,835,112,112
msg,2,80,767,6256,834,112,112
msg,2,81,676,6426,848,112,112
msg,2,82,713,9577,864,112,112
msg,2,83,713,16469,851,112,112
msg,2,84,682,6293,832,112,112
msg,2,85,683,5562,941,112,112
msg,2,86,719,9457,853,112,112
msg,2,87,713,10197,853,112,112
msg,2,88,713,20478,833,112,112
msg,2,89,679,6259,835,112,112
msg,2,90,694,6534,858,112,112
msg,2,91,717,10853,832,112,112
msg,2,92,688,11351,848,112,112
msg,2,93,715,5975,826,112,112
msg,2,94,679,6712,857,112,112
msg,2,95,717,10610,849,112,112
msg,2,96,676,6689,854,112,112
msg,2,97,719,20921,940,112,112
msg,2,98,717,5940,851,112,112
msg,2,99,681,6945,858,112,112
msg,2,100,717,10779,842,112,112
msg,2,101,709,13010,833,112,112
msg,2,102,681,6924,854,112,112
msg,2,103,713,7161,857,112,112
msg,2,104,712,7605,994,112,112
msg,2,105,712,6652,858,112,112
msg,2,106,708,20870,847,112,112
msg,2,107,725,6326,852,112,112
msg,2,108,807,6681,856,112,112
msg,2,109,718,20472,850,112,112
msg,2,110,715,6602,846,112,112
msg,2,111,680,8686,856,112,112
msg,2,112,714,7567,858,112,112
msg,2,113,874,7204,849,112,112
msg,2,114,686,19140,856,112,112
msg,2,115,685,8443,831,112,112
msg,2,116,803,8317,854,112,112
msg,2,117,709,21311,858,112,112
msg,2,118,713,5613,846,112,112
msg,2,119,683,5436,832,112,112
msg,2,120,688,5583,853,112,112
msg,2,121,716,8589,851,112,112
msg,2,122,681,6944,855,112,112
msg,2,123,714,22016,856,112,112
msg,2,124,721,6316,853,112,112
msg,2,125,719,5841,851,112,112
msg,2,126,713,19476,859,112,112
msg,2,127,721,5791,851,112,112
msg,2,128,677,7051,828,112,112
msg,2,129,689,6296,835,112,112
msg,2,130,720,6010,834,112,112
msg,2,131,679,6808,847,112,112
msg,2,132,712,16033,850,112,112
msg,2,133,713,7919,851,112,112
msg,2,134,680,8887,854,112,112
msg,2,135,697,21379,826,112,112
msg,2,136,685,5462,851,112,112
msg,2,137,722,5897,853,112,112
msg,2,138,681,5966,973,112,112
msg,2,139,705,7459,840,112,112
msg,2,140,687,8719,860,112,112
msg,2,141,720,14566,829,112,112
msg,2,142,683,7793,854,112,112
msg,2,143,716,8183,848,112,112
msg,2,144,718,5568,842,112,112
msg,2,145,676,16802,848,112,112
msg,2,146,717,5752,832,112,112
msg,2,147,680,5773,852,112,112
msg,2,148,721,5490,847,112,112
msg,2,149,681,6218,853,112,112
msg,2,150,674,6419,830,112,112
msg,2,151,681,16974,932,112,112
msg,2,152,685,9287,830,112,112
msg,2,153,679,6009,850,112,112
msg,2,154,802,5786,848,112,112
msg,2,155,710,13929,855,112,112
msg,2,156,720,5648,859,112,112
msg,2,157,716,5700,850,112,112
msg,2,158,715,5846,845,112,112
msg,2,159,682,7819,863,112,112
msg,2,160,716,6691,833,112,112
msg,2,161,683,21127,853,112,112
msg,2,162,682,8572,858,112,112
msg,2,163,725,6298,861,112,112
msg,2,164,710,8381,848,112,112
msg,2,165,716,11322,862,112,112
msg,2,166,726,9936,852,112,112
msg,2,167,864,8243,862,112,112
msg,2,168,714,7126,856,112,112
msg,2,169,715,22599,828,112,112
msg,2,170,678,8291,835,112,112
msg,2,171,687,11469,847,112,112
msg,2,172,705,8675,852,112,112
msg,2,173,716,10191,854,112,112
msg,2,174,709,5622,856,112,112
msg,2,175,705,5438,852,112,112
msg,2,176,720,5529,852,112,112
msg,2,177,707,7492,935,112,112
msg,2,178,718,5429,855,112,112
msg,2,179,715,19993,856,112,112
msg,2,180,710,6987,835,112,112
msg,2,181,683,8055,847,112,112
msg,2,182,678,9348,837,112,112
msg,2,183,778,10140,829,112,112
msg,2,184,673,7218,833,112,112
msg,2,185,683,7194,839,112,112
msg,2,186,679,9585,852,112,112
msg,2,187,719,6600,858,112,112
msg,2,188,713,20219,852,112,112
msg,2,189,709,5646,854,112,112
msg,2,190,716,7365,953,112,112
msg,2,191,725,5404,846,112,112
msg,2,192,707,17376,858,112,112
msg,2,193,682,7305,837,112,112
msg,2,194,683,5786,852,112,112
msg,2,195,712,5901,848,112,112
msg,2,196,805,5895,827,112,112
msg,2,197,679,6896,858,112,112
msg,2,198,708,15805,856,112,112
msg,2,199,729,6086,847,112,112
whole,2,1287.650,3524.995,200
#heap 75954
#stack 3168
#end
#block pipeline mTLS lorawan11 down
#aead LoRaWAN-1.1 AES-128-CTR+2xCMAC (BearSSL (arduino-pico)), downlink, 51 B payload + 13 B overhead
#lib wolfSSL 5.9.4
iter,tcp_ms,tls_ms,mqtt_ms,total_ms,hs_tx_B,hs_rx_B,mqtt_tx_B,mqtt_rx_B,hs_writes,hs_reads,writes,reads,free_heap_B,hs_keygen_us,hs_derive_us,hs_verify_us,hs_sign_us,hs_keygen_n,hs_derive_n,hs_verify_n,hs_sign_n
msg,iter,idx,seal_us,rtt_us,open_us,tx_B,rx_B
whole,iter,first_ms,all_ms,msgs
#suite TLS13-AES256-GCM-SHA384
0,6.4300,1243.8750,32.7430,1283.0480,3937,3993,45,4216,4,14,5,20,163348,66326.0,69991.0,15501.0,1004566.0,2,2,2,1
msg,0,0,582,16254,588,112,112
msg,0,1,460,6094,566,112,112
msg,0,2,439,6032,584,112,112
msg,0,3,427,5685,585,112,112
msg,0,4,427,9679,587,112,112
msg,0,5,430,5955,670,112,112
msg,0,6,460,18065,562,112,112
msg,0,7,518,6576,566,112,112
msg,0,8,460,5483,580,112,112
msg,0,9,458,5653,585,112,112
msg,0,10,455,5496,582,112,112
msg,0,11,420,16804,586,112,112
msg,0,12,423,7049,579,112,112
msg,0,13,459,7308,585,112,112
msg,0,14,424,6488,560,112,112
msg,0,15,427,6922,664,112,112
msg,0,16,424,7478,563,112,112
msg,0,17,426,15813,562,112,112
msg,0,18,428,6003,581,112,112
msg,0,19,422,9347,560,112,112
msg,0,20,420,21899,559,112,112
msg,0,21,996,6030,567,112,112
msg,0,22,421,6129,579,112,112
msg,0,23,423,5793,582,112,112
msg,0,24,417,8062,580,112,112
msg,0,25,458,5759,578,112,112
msg,0,26,463,18205,586,112,112
msg,0,27,419,7636,556,112,112
msg,0,28,428,5645,558,112,112
msg,0,29,424,10260,579,112,112
msg,0,30,471,18281,562,112,112
msg,0,31,425,5823,559,112,112
msg,0,32,433,6498,564,112,112
msg,0,33,426,6691,566,112,112
msg,0,34,420,5997,581,112,112
msg,0,35,420,6584,567,112,112
msg,0,36,424,16427,576,112,112
msg,0,37,475,8418,588,112,112
msg,0,38,429,10873,595,112,112
msg,0,39,458,20898,584,112,112
msg,0,40,454,6540,673,112,112
msg,0,41,466,5486,581,112,112
msg,0,42,424,5632,576,112,112
msg,0,43,422,5722,582,112,112
msg,0,44,425,6384,560,112,112
msg,0,45,453,20467,584,112,112
msg,0,46,460,5751,581,112,112
msg,0,47,549,5713,559,112,112
msg,0,48,457,5525,577,112,112
msg,0,49,450,5566,673,112,112
msg,0,50,459,18618,592,112,112
msg,0,51,440,6164,564,112,112
msg,0,52,455,5542,575,112,112
msg,0,53,457,6268,579,112,112
msg,0,54,432,5946,589,112,112
msg,0,55,466,5830,582,112,112
msg,0,56,463,16922,568,112,112
msg,0,57,459,5885,559,112,112
msg,0,58,425,5979,584,112,112
msg,0,59,428,6104,585,112,112
msg,0,60,455,5737,585,112,112
msg,0,61,456,15605,586,112,112
msg,0,62,468,5689,591,112,112
msg,0,63,428,5695,583,112,112
msg,0,64,420,6378,653,112,112
msg,0,65,433,9037,587,112,112
msg,0,66,427,5751,582,112,112
msg,0,67,422,19666,584,112,112
msg,0,68,428,6784,574,112,112
msg,0,69,422,7630,584,112,112
msg,0,70,417,5803,586,112,112
msg,0,71,422,18431,566,112,112
msg,0,72,435,6901,563,112,112
msg,0,73,423,5908,586,112,112
msg,0,74,428,5530,566,112,112
msg,0,75,425,5920,579,112,112
msg,0,76,421,5508,561,112,112
msg,0,77,418,17766,564,112,112
msg,0,78,422,9383,667,112,112
msg,0,79,460,8697,578,112,112
msg,0,80,459,6322,585,112,112
msg,0,81,422,17797,585,112,112
msg,0,82,418,6374,561,112,112
msg,0,83,428,7064,586,112,112
msg,0,84,421,5845,582,112,112
msg,0,85,430,5336,560,112,112
msg,0,86,424,5848,564,112,112
msg,0,87,427,16939,583,112,112
msg,0,88,432,7118,558,112,112
msg,0,89,462,6090,560,112,112
msg,0,90,422,6296,587,112,112
msg,0,91,454,9152,564,112,112
msg,0,92,428,10766,557,112,112
msg,0,93,428,6417,559,112,112
msg,0,94,470,6722,559,112,112
msg,0,95,459,7026,559,112,112
msg,0,96,431,7550,571,112,112
msg,0,97,424,5699,566,112,112
msg,0,98,454,15514,581,112,112
msg,0,99,455,5700,580,112,112
msg,0,100,452,5695,585,112,112
msg,0,101,457,5694,584,112,112
msg,0,102,458,11355,586,112,112
msg,0,103,427,12788,583,112,112
msg,0,104,433,7783,577,112,112
msg,0,105,422,8892,587,112,112
msg,0,106,424,8157,566,112,112
msg,0,107,465,5873,562,112,112
msg,0,108,431,17294,583,112,112
msg,0,109,454,6017,562,112,112
msg,0,110,458,6567,580,112,112
msg,0,111,474,5475,588,112,112
msg,0,112,457,20164,556,112,112
msg,0,113,431,6303,581,112,112
msg,0,114,454,5581,587,112,112
msg,0,115,459,5509,588,112,112
msg,0,116,423,10182,581,112,112
msg,0,117,472,5787,560,112,112
msg,0,118,474,17757,561,112,112
msg,0,119,470,5702,563,112,112
msg,0,120,468,5989,561,112,112
msg,0,121,433,6905,592,112,112
msg,0,122,428,20147,579,112,112
msg,0,123,457,8384,581,112,112
msg,0,124,423,6901,586,112,112
msg,0,125,458,7629,588,112,112
msg,0,126,432,6621,579,112,112
msg,0,127,419,5994,581,112,112
msg,0,128,462,18129,562,112,112
msg,0,129,430,6282,721,112,112
msg,0,130,461,9329,582,112,112
msg,0,131,424,6271,564,112,112
msg,0,132,460,13483,588,112,112
msg,0,133,460,6364,659,112,112
msg,0,134,431,5829,587,112,112
msg,0,135,428,6092,584,112,112
msg,0,136,452,7553,586,112,112
msg,0,137,457,5610,588,112,112
msg,0,138,423,19414,560,112,112
msg,0,139,424,9090,585,112,112
msg,0,140,458,8862,582,112,112
msg,0,141,454,6504,671,112,112
msg,0,142,466,18625,667,112,112
msg,0,143,473,6560,585,112,112
msg,0,144,426,6774,585,112,112
msg,0,145,423,7062,587,112,112
msg,0,146,459,5860,559,112,112
msg,0,147,465,6653,558,112,112
msg,0,148,458,15796,559,112,112
msg,0,149,459,5580,584,112,112
msg,0,150,461,5393,585,112,112
msg,0,151,433,6716,578,112,112
msg,0,152,428,18355,561,112,112
msg,0,153,427,6294,593,112,112
msg,0,154,453,5611,585,112,112
msg,0,155,417,5699,587,112,112
msg,0,156,424,9791,580,112,112
msg,0,157,420,6731,588,112,112
msg,0,158,413,16908,585,112,112
msg,0,159,460,5766,587,112,112
msg,0,160,453,5736,581,112,112
msg,0,161,454,5716,591,112,112
msg,0,162,459,6039,557,112,112
msg,0,163,432,17605,565,112,112
msg,0,164,466,5683,562,112,112
msg,0,165,460,5966,563,112,112
msg,0,166,441,6579,558,112,112
msg,0,167,464,6929,563,112,112
msg,0,168,429,5506,561,112,112
msg,0,169,462,30802,566,112,112
msg,0,170,428,7992,582,112,112
msg,0,171,419,9140,590,112,112
msg,0,172,459,11011,560,112,112
msg,0,173,459,5742,563,112,112
msg,0,174,450,5602,581,112,112
msg,0,175,464,5637,580,112,112
msg,0,176,464,8593,586,112,112
msg,0,177,464,27041,563,112,112
msg,0,178,449,6049,578,112,112
msg,0,179,430,7611,648,112,112
msg,0,180,426,5688,564,112,112
msg,0,181,429,18201,583,112,112
msg,0,182,457,5598,588,112,112
msg,0,183,430,5625,576,112,112
msg,0,184,426,5943,587,112,112
msg,0,185,460,8585,587,112,112
msg,0,186,426,9673,578,112,112
msg,0,187,428,13735,588,112,112
msg,0,188,427,5720,580,112,112
msg,0,189,421,7075,584,112,112
msg,0,190,551,7209,562,112,112
msg,0,191,425,17616,562,112,112
msg,0,192,422,5889,565,112,112
msg,0,193,430,5998,587,112,112
msg,0,194,432,6274,559,112,112
msg,0,195,423,6786,560,112,112
msg,0,196,427,7097,583,112,112
msg,0,197,419,5557,562,112,112
msg,0,198,426,13184,584,112,112
msg,0,199,457,9524,581,112,112
whole,0,1308.529,3324.829,200
1,4.6340,1245.0920,27.5480,1277.2740,3935,3995,45,4216,4,14,5,20,163348,66195.0,69977.0,15336.0,1003214.0,2,2,2,1
msg,1,0,605,5984,565,112,112
msg,1,1,462,19183,586,112,112
msg,1,2,424,5914,581,112,112
msg,1,3,420,6309,560,112,112
msg,1,4,424,5690,562,112,112
msg,1,5,549,20517,563,112,112
msg,1,6,464,5941,563,112,112
msg,1,7,425,7297,582,112,112
msg,1,8,456,7853,579,112,112
msg,1,9,453,7479,581,112,112
msg,1,10,424,5985,582,112,112
msg,1,11,458,16987,559,112,112
msg,1,12,424,6098,584,112,112
msg,1,13,424,7480,562,112,112
msg,1,14,442,9641,566,112,112
msg,1,15,426,19168,587,112,112
msg,1,16,428,5610,585,112,112
msg,1,17,423,5489,567,112,112
msg,1,18,438,5781,564,112,112
msg,1,19,427,6922,584,112,112
msg,1,20,434,5661,561,112,112
msg,1,21,424,17384,585,112,112
msg,1,22,469,5688,582,112,112
msg,1,23,460,5846,561,112,112
msg,1,24,474,6549,579,112,112
msg,1,25,460,19576,587,112,112
msg,1,26,459,5556,578,112,112
msg,1,27,423,6332,704,112,112
msg,1,28,433,5403,561,112,112
msg,1,29,461,7002,560,112,112
msg,1,30,432,5474,563,112,112
msg,1,31,460,5324,588,112,112
msg,1,32,429,17837,582,112,112
msg,1,33,449,5828,584,112,112
msg,1,34,459,5963,561,112,112
msg,1,35,458,7037,560,112,112
msg,1,36,423,20655,563,112,112
msg,1,37,424,5688,564,112,112
msg,1,38,584,6028,586,112,112
msg,1,39,421,6989,586,112,112
msg,1,40,455,5947,561,112,112
msg,1,41,424,7077,579,112,112
msg,1,42,432,19483,563,112,112
msg,1,43,423,5875,560,112,112
msg,1,44,430,8008,585,112,112
msg,1,45,515,7138,569,112,112
msg,1,46,458,16763,560,112,112
msg,1,47,451,5911,562,112,112
msg,1,48,429,6088,582,112,112
msg,1,49,426,5938,577,112,112
msg,1,50,450,5800,582,112,112
msg,1,51,460,5621,575,112,112
msg,1,52,457,18454,585,112,112
msg,1,53,424,6758,580,112,112
msg,1,54,427,5808,589,112,112
msg,1,55,423,5639,590,112,112
msg,1,56,427,5520,561,112,112
msg,1,57,430,16604,564,112,112
msg,1,58,425,6873,564,112,112
msg,1,59,434,6406,580,112,112
msg,1,60,463,5633,576,112,112
msg,1,61,545,5448,585,112,112
msg,1,62,430,5769,584,112,112
msg,1,63,419,17415,563,112,112
msg,1,64,419,6213,592,112,112
msg,1,65,460,5787,583,112,112
msg,1,66,449,6079,563,112,112
msg,1,67,425,19831,560,112,112
msg,1,68,423,5854,582,112,112
msg,1,69,421,7415,566,112,112
msg,1,70,464,5604,564,112,112
msg,1,71,462,6279,580,112,112
msg,1,72,426,5587,560,112,112
msg,1,73,431,5673,562,112,112
msg,1,74,428,14272,591,112,112
msg,1,75,455,5659,584,112,112
msg,1,76,461,11593,584,112,112
msg,1,77,456,7037,565,112,112
msg,1,78,461,50450,583,112,112
msg,1,79,464,5557,582,112,112
msg,1,80,425,21991,585,112,112
msg,1,81,457,7737,586,112,112
msg,1,82,462,6475,589,112,112
msg,1,83,455,17179,715,112,112
msg,1,84,433,6693,1064,112,112
msg,1,85,477,6076,562,112,112
msg,1,86,429,5736,563,112,112
msg,1,87,430,8200,581,112,112
msg,1,88,423,6324,558,112,112
msg,1,89,427,17608,561,112,112
msg,1,90,455,5935,562,112,112
msg,1,91,429,5879,563,112,112
msg,1,92,436,7366,565,112,112
msg,1,93,465,19199,584,112,112
msg,1,94,424,6263,563,112,112
msg,1,95,459,5775,562,112,112
msg,1,96,458,5513,577,112,112
msg,1,97,462,6470,585,112,112
msg,1,98,429,7770,668,112,112
msg,1,99,457,19271,564,112,112
msg,1,100,435,6300,578,112,112
msg,1,101,452,5707,579,112,112
msg,1,102,459,6561,586,112,112
msg,1,103,423,19079,561,112,112
msg,1,104,461,5788,557,112,112
msg,1,105,460,5526,581,112,112
msg,1,106,452,6227,558,112,112
msg,1,107,442,5389,562,112,112
msg,1,108,462,5289,583,112,112
msg,1,109,420,5630,582,112,112
msg,1,110,424,19410,561,112,112
msg,1,111,466,6926,567,112,112
msg,1,112,418,8946,584,112,112
msg,1,113,424,5499,562,112,112
msg,1,114,425,17493,567,112,112
msg,1,115,464,7934,565,112,112
msg,1,116,433,7332,577,112,112
msg,1,117,462,5629,580,112,112
msg,1,118,453,5746,580,112,112
msg,1,119,464,5486,588,112,112
msg,1,120,424,18632,581,112,112
msg,1,121,423,5775,581,112,112
msg,1,122,429,8113,583,112,112
msg,1,123,457,5498,585,112,112
msg,1,124,456,19382,563,112,112
msg,1,125,431,5678,662,112,112
msg,1,126,424,5680,560,112,112
msg,1,127,430,6148,585,112,112
msg,1,128,458,7009,565,112,112
msg,1,129,459,5766,556,112,112
msg,1,130,453,17368,586,112,112
msg,1,131,458,5933,578,112,112
msg,1,132,460,5900,558,112,112
msg,1,133,450,6409,588,112,112
msg,1,134,459,10594,589,112,112
msg,1,135,421,12019,577,112,112
msg,1,136,460,5693,580,112,112
msg,1,137,461,5893,562,112,112
msg,1,138,452,6657,563,112,112
msg,1,139,459,5878,561,112,112
msg,1,140,424,5734,563,112,112
msg,1,141,427,17514,577,112,112
msg,1,142,464,5835,562,112,112
msg,1,143,463,6015,560,112,112
msg,1,144,434,6134,581,112,112
msg,1,145,454,5408,589,112,112
msg,1,146,450,13290,563,112,112
msg,1,147,427,7252,584,112,112
msg,1,148,429,6163,562,112,112
msg,1,149,454,5296,582,112,112
msg,1,150,423,5853,585,112,112
msg,1,151,455,7198,562,112,112
msg,1,152,433,19680,560,112,112
msg,1,153,427,6140,586,112,112
msg,1,154,426,5758,587,112,112
msg,1,155,422,7448,559,112,112
msg,1,156,426,19803,563,112,112
msg,1,157,427,8579,563,112,112
msg,1,158,434,7073,588,112,112
msg,1,159,418,9066,585,112,112
msg,1,160,459,6614,582,112,112
msg,1,161,446,5843,584,112,112
msg,1,162,461,16147,564,112,112
msg,1,163,425,6281,577,112,112
msg,1,164,459,5873,561,112,112
msg,1,165,467,6274,584,112,112
msg,1,166,427,19889,583,112,112
msg,1,167,454,5567,588,112,112
msg,1,168,425,5876,584,112,112
msg,1,169,426,6148,558,112,112
msg,1,170,462,8322,587,112,112
msg,1,171,419,8639,583,112,112
msg,1,172,426,16695,665,112,112
msg,1,173,429,6075,578,112,112
msg,1,174,459,7817,564,112,112
msg,1,175,469,6619,582,112,112
msg,1,176,459,18072,561,112,112
msg,1,177,422,9276,587,112,112
msg,1,178,464,6119,556,112,112
msg,1,179,424,7092,578,112,112
msg,1,180,424,6059,582,112,112
msg,1,181,466,20997,563,112,112
msg,1,182,433,5940,560,112,112
msg,1,183,425,5703,563,112,112
msg,1,184,422,6035,578,112,112
msg,1,185,424,10723,587,112,112
msg,1,186,425,11336,565,112,112
msg,1,187,514,7647,562,112,112
msg,1,188,422,5697,563,112,112
msg,1,189,457,5842,566,112,112
msg,1,190,423,5856,555,112,112
msg,1,191,425,5640,560,112,112
msg,1,192,422,17316,586,112,112
msg,1,193,452,6205,563,112,112
msg,1,194,422,6015,583,112,112
msg,1,195,428,6029,586,112,112
msg,1,196,458,20374,580,112,112
msg,1,197,428,6423,559,112,112
msg,1,198,427,6521,577,112,112
msg,1,199,452,6721,578,112,112
whole,1,1291.064,3324.542,200
2,8.3840,1239.4280,33.2960,1281.1080,3934,3990,45,4216,4,14,5,20,163348,66160.0,70570.0,15454.0,1001271.0,2,2,2,1
msg,2,0,604,5594,558,112,112
msg,2,1,458,6604,585,112,112
msg,2,2,454,5541,589,112,112
msg,2,3,455,6648,583,112,112
msg,2,4,426,5986,583,112,112
msg,2,5,451,20918,564,112,112
msg,2,6,460,6247,579,112,112
msg,2,7,427,11148,562,112,112
msg,2,8,455,6965,567,112,112
msg,2,9,431,17685,563,112,112
msg,2,10,435,5836,566,112,112
msg,2,11,433,5891,579,112,112
msg,2,12,426,5685,565,112,112
msg,2,13,425,6055,589,112,112
msg,2,14,426,5715,587,112,112
msg,2,15,623,18481,589,112,112
msg,2,16,524,9016,580,112,112
msg,2,17,468,9341,659,112,112
msg,2,18,427,6247,561,112,112
msg,2,19,434,19909,564,112,112
msg,2,20,429,6646,564,112,112
msg,2,21,422,6492,581,112,112
msg,2,22,458,6771,561,112,112
msg,2,23,461,7896,564,112,112
msg,2,24,430,17963,568,112,112
msg,2,25,431,6129,584,112,112
msg,2,26,456,6062,562,112,112
msg,2,27,419,10647,565,112,112
msg,2,28,460,20812,564,112,112
msg,2,29,428,6378,587,112,112
msg,2,30,457,6670,587,112,112
msg,2,31,461,5494,582,112,112
msg,2,32,428,6327,675,112,112
msg,2,33,421,6488,577,112,112
msg,2,34,474,18244,577,112,112
msg,2,35,428,7296,566,112,112
msg,2,36,460,7436,591,112,112
msg,2,37,472,5557,586,112,112
msg,2,38,429,17862,583,112,112
msg,2,39,473,5717,584,112,112
msg,2,40,460,5824,578,112,112
msg,2,41,459,5758,584,112,112
msg,2,42,456,6081,700,112,112
msg,2,43,445,5772,582,112,112
msg,2,44,419,18084,591,112,112
msg,2,45,453,6298,560,112,112
msg,2,46,429,7721,560,112,112
msg,2,47,424,7993,585,112,112
msg,2,48,423,22641,589,112,112
msg,2,49,435,6068,584,112,112
msg,2,50,453,5964,565,112,112
msg,2,51,464,6108,578,112,112
msg,2,52,436,8832,581,112,112
msg,2,53,1001,18618,585,112,112
msg,2,54,550,8960,563,112,112
msg,2,55,427,10341,580,112,112
msg,2,56,461,20389,590,112,112
msg,2,57,431,6349,558,112,112
msg,2,58,426,6495,580,112,112
msg,2,59,458,5843,559,112,112
msg,2,60,460,8066,581,112,112
msg,2,61,430,5689,554,112,112
msg,2,62,426,18537,562,112,112
msg,2,63,431,5925,562,112,112
msg,2,64,434,5820,580,112,112
msg,2,65,426,5681,563,112,112
msg,2,66,428,20652,555,112,112
msg,2,67,430,6652,562,112,112
msg,2,68,426,7674,559,112,112
msg,2,69,459,10128,589,112,112
msg,2,70,422,6705,588,112,112
msg,2,71,425,5496,563,112,112
msg,2,72,428,18686,561,112,112
msg,2,73,431,6906,564,112,112
msg,2,74,429,7730,564,112,112
msg,2,75,427,6382,586,112,112
msg,2,76,467,16559,585,112,112
msg,2,77,460,5661,587,112,112
msg,2,78,463,5595,583,112,112
msg,2,79,427,5894,585,112,112
msg,2,80,455,7264,563,112,112
msg,2,81,422,7625,561,112,112
msg,2,82,425,18677,560,112,112
msg,2,83,429,5953,561,112,112
msg,2,84,429,5549,564,112,112
msg,2,85,421,8435,582,112,112
msg,2,86,460,19156,565,112,112
msg,2,87,435,5791,562,112,112
msg,2,88,429,5567,564,112,112
msg,2,89,427,6951,579,112,112
msg,2,90,424,5705,558,112,112
msg,2,91,428,5503,563,112,112
msg,2,92,455,18450,584,112,112
msg,2,93,455,8209,561,112,112
msg,2,94,430,5792,559,112,112
msg,2,95,429,8009,587,112,112
msg,2,96,425,19481,566,112,112
msg,2,97,429,6131,587,112,112
msg,2,98,459,5947,561,112,112
msg,2,99,438,6157,582,112,112
msg,2,100,427,7363,567,112,112
msg,2,101,432,5895,567,112,112
msg,2,102,433,18936,580,112,112
msg,2,103,426,7521,561,112,112
msg,2,104,430,14556,564,112,112
msg,2,105,438,18386,583,112,112
msg,2,106,455,6176,559,112,112
msg,2,107,430,8470,561,112,112
msg,2,108,464,7372,584,112,112
msg,2,109,425,5383,643,112,112
msg,2,110,426,7429,560,112,112
msg,2,111,467,16650,584,112,112
msg,2,112,466,5736,563,112,112
msg,2,113,458,8703,578,112,112
msg,2,114,467,21801,562,112,112
msg,2,115,470,5922,565,112,112
msg,2,116,424,5761,563,112,112
msg,2,117,427,6326,580,112,112
msg,2,118,457,7927,559,112,112
msg,2,119,460,5841,563,112,112
msg,2,120,429,18865,565,112,112
msg,2,121,426,8215,581,112,112
msg,2,122,466,8616,587,112,112
msg,2,123,428,7992,579,112,112
msg,2,124,470,16943,560,112,112
msg,2,125,429,5763,638,112,112
msg,2,126,534,5461,566,112,112
msg,2,127,459,6847,562,112,112
msg,2,128,420,6139,579,112,112
msg,2,129,424,5743,581,112,112
msg,2,130,422,17621,588,112,112
msg,2,131,430,8397,561,112,112
msg,2,132,457,5686,566,112,112
msg,2,133,465,6292,589,112,112
msg,2,134,427,17991,577,112,112
msg,2,135,451,9181,563,112,112
msg,2,136,434,7864,584,112,112
msg,2,137,431,5862,579,112,112
msg,2,138,431,5959,585,112,112
msg,2,139,459,5769,580,112,112
msg,2,140,460,19196,564,112,112
msg,2,141,426,7230,579,112,112
msg,2,142,459,9320,578,112,112
msg,2,143,427,21150,582,112,112
msg,2,144,459,5964,561,112,112
msg,2,145,460,7323,590,112,112
msg,2,146,454,5720,586,112,112
msg,2,147,450,7529,582,112,112
msg,2,148,420,5746,586,112,112
msg,2,149,421,17966,582,112,112
msg,2,150,454,9614,587,112,112
msg,2,151,421,9096,579,112,112
msg,2,152,472,6441,578,112,112
msg,2,153,458,17824,583,112,112
msg,2,154,454,5752,585,112,112
msg,2,155,464,5713,580,112,112
msg,2,156,459,6307,581,112,112
msg,2,157,428,7043,582,112,112
msg,2,158,455,5732,587,112,112
msg,2,159,454,18905,583,112,112
msg,2,160,464,6779,563,112,112
msg,2,161,462,8730,562,112,112
msg,2,162,464,5883,566,112,112
msg,2,163,426,16375,584,112,112
msg,2,164,459,5889,559,112,112
msg,2,165,460,6664,578,112,112
msg,2,166,464,6078,559,112,112
msg,2,167,428,6700,563,112,112
msg,2,168,424,5655,560,112,112
msg,2,169,427,17834,565,112,112
msg,2,170,429,9577,569,112,112
msg,2,171,458,8400,582,112,112
msg,2,172,464,5725,587,112,112
msg,2,173,466,15591,583,112,112
msg,2,174,457,7218,562,112,112
msg,2,175,425,6319,587,112,112
msg,2,176,465,5791,582,112,112
msg,2,177,478,7135,562,112,112
msg,2,178,429,5796,668,112,112
msg,2,179,558,17498,562,112,112
msg,2,180,429,9614,562,112,112
msg,2,181,427,9076,584,112,112
msg,2,182,519,5863,587,112,112
msg,2,183,464,16126,563,112,112
msg,2,184,424,5613,561,112,112
msg,2,185,457,5482,592,112,112
msg,2,186,553,5581,580,112,112
msg,2,187,454,9106,562,112,112
msg,2,188,427,5529,584,112,112
msg,2,189,463,17287,580,112,112
msg,2,190,427,6512,563,112,112
msg,2,191,427,5860,583,112,112
msg,2,192,424,5831,585,112,112
msg,2,193,432,5613,558,112,112
msg,2,194,436,13938,584,112,112
msg,2,195,421,6627,589,112,112
msg,2,196,436,7724,581,112,112
msg,2,197,435,7892,579,112,112
msg,2,198,425,5466,564,112,112
msg,2,199,429,5838,581,112,112
whole,2,1306.103,3388.109,200
#heap 75954
#stack 3304
#end
#block pipeline mTLS lorawan11_256 up
#aead AES-256-CTR+2xCMAC (LoRaWAN 1.1 frame, 256-bit keys) (BearSSL (arduino-pico)), uplink, 51 B payload + 13 B overhead
#lib wolfSSL 5.9.4
iter,tcp_ms,tls_ms,mqtt_ms,total_ms,hs_tx_B,hs_rx_B,mqtt_tx_B,mqtt_rx_B,hs_writes,hs_reads,writes,reads,free_heap_B,hs_keygen_us,hs_derive_us,hs_verify_us,hs_sign_us,hs_keygen_n,hs_derive_n,hs_verify_n,hs_sign_n
msg,iter,idx,seal_us,rtt_us,open_us,tx_B,rx_B
whole,iter,first_ms,all_ms,msgs
#suite TLS13-AES256-GCM-SHA384
0,5.6450,1239.2990,25.8370,1270.7810,3937,3991,45,4216,4,14,5,20,163348,66118.0,70445.0,15307.0,998822.0,2,2,2,1
msg,0,0,1104,21164,1076,112,112
msg,0,1,943,5435,1085,112,112
msg,0,2,952,5624,1169,112,112
msg,0,3,950,5441,1081,112,112
msg,0,4,939,8310,1085,112,112
msg,0,5,1036,18789,1163,112,112
msg,0,6,951,7701,1085,112,112
msg,0,7,946,8166,1087,112,112
msg,0,8,911,5921,1612,112,112
msg,0,9,966,16034,1089,112,112
msg,0,10,939,6296,1078,112,112
msg,0,11,948,5699,1085,112,112
msg,0,12,949,8981,1084,112,112
msg,0,13,955,7577,1087,112,112
msg,0,14,950,18408,1080,112,112
msg,0,15,946,7496,1085,112,112
msg,0,16,939,6115,1084,112,112
msg,0,17,940,9704,1077,112,112
msg,0,18,948,10104,1087,112,112
msg,0,19,950,5468,1075,112,112
msg,0,20,941,6434,1075,112,112
msg,0,21,946,5434,1085,112,112
msg,0,22,934,5815,1088,112,112
msg,0,23,944,6656,1082,112,112
msg,0,24,939,12688,1077,112,112
msg,0,25,945,10433,1083,112,112
msg,0,26,947,6567,1078,112,112
msg,0,27,937,9853,1086,112,112
msg,0,28,1041,9681,1082,112,112
msg,0,29,945,5412,1076,112,112
msg,0,30,1036,5458,1096,112,112
msg,0,31,945,5904,1081,112,112
msg,0,32,955,5441,1085,112,112
msg,0,33,939,5948,1074,112,112
msg,0,34,935,16665,1092,112,112
msg,0,35,947,6972,1163,112,112
msg,0,36,1051,7442,1082,112,112
msg,0,37,947,10214,1082,112,112
msg,0,38,944,11343,1082,112,112
msg,0,39,944,5482,1094,112,112
msg,0,40,947,6927,1079,112,112
msg,0,41,949,8014,1084,112,112
msg,0,42,951,5582,1089,112,112
msg,0,43,950,17211,1091,112,112
msg,0,44,950,7745,1247,112,112
msg,0,45,946,9909,1077,112,112
msg,0,46,954,18128,1084,112,112
msg,0,47,948,5888,1163,112,112
msg,0,48,947,6738,1077,112,112
msg,0,49,945,7890,1159,112,112
msg,0,50,953,6182,1082,112,112
msg,0,51,937,5595,1084,112,112
msg,0,52,949,17249,1096,112,112
msg,0,53,943,5870,1081,112,112
msg,0,54,943,6861,1086,112,112
msg,0,55,951,20172,1086,112,112
msg,0,56,939,5477,1075,112,112
msg,0,57,943,5649,1083,112,112
msg,0,58,945,5377,1072,112,112
msg,0,59,950,6253,1082,112,112
msg,0,60,1039,6704,1084,112,112
msg,0,61,942,23674,1083,112,112
msg,0,62,936,5715,1086,112,112
msg,0,63,942,5823,1087,112,112
msg,0,64,1015,19629,1083,112,112
msg,0,65,913,6366,1076,112,112
msg,0,66,944,5746,1083,112,112
msg,0,67,951,6770,1081,112,112
msg,0,68,957,5838,1077,112,112
msg,0,69,940,19671,1075,112,112
msg,0,70,938,7804,1086,112,112
msg,0,71,953,10548,1174,112,112
msg,0,72,957,18616,1159,112,112
msg,0,73,939,5518,1079,112,112
msg,0,74,954,5730,1078,112,112
msg,0,75,948,6242,1096,112,112
msg,0,76,938,5507,1081,112,112
msg,0,77,944,5540,1081,112,112
msg,0,78,948,18851,1085,112,112
msg,0,79,943,5665,1082,112,112
msg,0,80,953,10235,1078,112,112
msg,0,81,940,18521,1089,112,112
msg,0,82,949,5493,1083,112,112
msg,0,83,948,6102,1087,112,112
msg,0,84,1033,6951,1084,112,112
msg,0,85,947,6522,1080,112,112
msg,0,86,946,6498,1084,112,112
msg,0,87,914,15724,1080,112,112
msg,0,88,948,5372,1092,112,112
msg,0,89,952,11132,1085,112,112
msg,0,90,917,20424,1084,112,112
msg,0,91,948,6937,1083,112,112
msg,0,92,949,6188,1076,112,112
msg,0,93,941,7205,1076,112,112
msg,0,94,948,6000,1081,112,112
msg,0,95,940,17867,1096,112,112
msg,0,96,942,6324,1090,112,112
msg,0,97,942,5780,1087,112,112
msg,0,98,945,8484,1081,112,112
msg,0,99,941,16449,1074,112,112
msg,0,100,944,5485,1077,112,112
msg,0,101,940,5559,1086,112,112
msg,0,102,915,5928,1092,112,112
msg,0,103,945,6287,1077,112,112
msg,0,104,947,6046,1088,112,112
msg,0,105,939,16127,1080,112,112
msg,0,106,937,6131,1080,112,112
msg,0,107,946,8312,1080,112,112
msg,0,108,952,18884,1077,112,112
msg,0,109,948,6486,1072,112,112
msg,0,110,1042,7121,1087,112,112
msg,0,111,948,6776,1087,112,112
msg,0,112,940,7997,1082,112,112
msg,0,113,947,20180,1086,112,112
msg,0,114,955,5893,1084,112,112
msg,0,115,947,9320,1079,112,112
msg,0,116,941,19900,1081,112,112
msg,0,117,958,6934,1095,112,112
msg,0,118,948,6134,1085,112,112
msg,0,119,948,6140,1084,112,112
msg,0,120,1039,6458,1076,112,112
msg,0,121,944,5667,1075,112,112
msg,0,122,941,17444,1099,112,112
msg,0,123,939,6033,1080,112,112
msg,0,124,935,7480,1085,112,112
msg,0,125,939,21556,1080,112,112
msg,0,126,935,5475,1089,112,112
msg,0,127,943,5484,1087,112,112
msg,0,128,949,6755,1084,112,112
msg,0,129,955,5875,1083,112,112
msg,0,130,946,5508,1075,112,112
msg,0,131,942,17182,1085,112,112
msg,0,132,916,5769,1080,112,112
msg,0,133,912,7266,1080,112,112
msg,0,134,949,5923,1081,112,112
msg,0,135,952,12225,1086,112,112
msg,0,136,937,5674,1090,112,112
msg,0,137,939,5745,1077,112,112
msg,0,138,951,5766,1091,112,112
msg,0,139,944,6303,1083,112,112
msg,0,140,947,5600,1085,112,112
msg,0,141,955,20363,1077,112,112
msg,0,142,954,5873,1085,112,112
msg,0,143,947,6918,1078,112,112
msg,0,144,948,10183,1077,112,112
msg,0,145,938,10721,1081,112,112
msg,0,146,953,5758,1094,112,112
msg,0,147,950,5627,1081,112,112
msg,0,148,941,5938,1078,112,112
msg,0,149,940,5962,1087,112,112
msg,0,150,952,20440,1067,112,112
msg,0,151,1029,8741,1084,112,112
msg,0,152,948,8788,1165,112,112
msg,0,153,962,18991,1080,112,112
msg,0,154,945,6233,1072,112,112
msg,0,155,939,6243,1088,112,112
msg,0,156,1035,5800,1085,112,112
msg,0,157,908,6547,1082,112,112
msg,0,158,943,6605,1079,112,112
msg,0,159,951,16900,1082,112,112
msg,0,160,945,5831,1089,112,112
msg,0,161,948,7131,1075,112,112
msg,0,162,943,21099,1087,112,112
msg,0,163,945,6395,1078,112,112
msg,0,164,946,9840,1083,112,112
msg,0,165,947,8422,1086,112,112
msg,0,166,937,6339,1088,112,112
msg,0,167,942,15965,1083,112,112
msg,0,168,910,8500,1081,112,112
msg,0,169,943,7682,1079,112,112
msg,0,170,946,5471,1080,112,112
msg,0,171,950,15462,1083,112,112
msg,0,172,945,5406,1078,112,112
msg,0,173,942,6292,1081,112,112
msg,0,174,946,5425,1086,112,112
msg,0,175,940,5950,1077,112,112
msg,0,176,946,5855,1086,112,112
msg,0,177,951,13449,1085,112,112
msg,0,178,954,5450,1087,112,112
msg,0,179,941,5535,1087,112,112
msg,0,180,948,5719,1082,112,112
msg,0,181,946,17878,1079,112,112
msg,0,182,939,6105,1092,112,112
msg,0,183,944,5642,1082,112,112
msg,0,184,944,5933,1086,112,112
msg,0,185,947,5444,1085,112,112
msg,0,186,942,6851,1104,112,112
msg,0,187,950,17381,1087,112,112
msg,0,188,921,7542,1082,112,112
msg,0,189,939,6072,1169,112,112
msg,0,190,944,5609,1090,112,112
msg,0,191,941,15230,1077,112,112
msg,0,192,943,6150,1077,112,112
msg,0,193,940,7758,1087,112,112
msg,0,194,948,5895,1095,112,112
msg,0,195,956,6238,1087,112,112
msg,0,196,947,18283,1075,112,112
msg,0,197,950,5684,1083,112,112
msg,0,198,1035,5530,1083,112,112
msg,0,199,946,6938,1085,112,112
whole,0,1302.210,3533.143,200
1,5.5820,1252.2320,22.1380,1279.9520,3936,3997,45,4216,4,14,5,20,163348,66217.0,70050.0,15590.0,1000403.0,2,2,2,1
msg,1,0,1094,6138,1087,112,112
msg,1,1,944,8009,1079,112,112
msg,1,2,942,19714,1086,112,112
msg,1,3,940,5719,1085,112,112
msg,1,4,940,5902,1089,112,112
msg,1,5,946,6293,1082,112,112
msg,1,6,939,8785,1079,112,112
msg,1,7,948,20580,1079,112,112
msg,1,8,951,13909,1078,112,112
msg,1,9,941,33426,1078,112,112
msg,1,10,951,5881,1085,112,112
msg,1,11,956,6220,1080,112,112
msg,1,12,941,5837,1081,112,112
msg,1,13,952,6375,1083,112,112
msg,1,14,937,17178,1092,112,112
msg,1,15,963,6111,1081,112,112
msg,1,16,948,8526,1082,112,112
msg,1,17,945,19231,1092,112,112
msg,1,18,913,6283,1080,112,112
msg,1,19,949,8934,1087,112,112
msg,1,20,938,10865,1085,112,112
msg,1,21,941,5957,1090,112,112
msg,1,22,945,19169,1092,112,112
msg,1,23,945,5746,1083,112,112
msg,1,24,945,7170,1086,112,112
msg,1,25,944,10517,1083,112,112
msg,1,26,943,10433,1074,112,112
msg,1,27,948,5879,1086,112,112
msg,1,28,946,5583,1082,112,112
msg,1,29,949,5401,1091,112,112
msg,1,30,1074,5403,1087,112,112
msg,1,31,944,21893,1071,112,112
msg,1,32,947,8756,1080,112,112
msg,1,33,949,7047,1083,112,112
msg,1,34,955,5700,1214,112,112
msg,1,35,952,15629,1085,112,112
msg,1,36,946,5815,1077,112,112
msg,1,37,949,7130,1082,112,112
msg,1,38,945,8446,1086,112,112
msg,1,39,947,5548,1086,112,112
msg,1,40,946,17408,1075,112,112
msg,1,41,941,8826,1079,112,112
msg,1,42,954,7568,1071,112,112
msg,1,43,943,5497,1086,112,112
msg,1,44,943,15438,1088,112,112
msg,1,45,949,5444,1085,112,112
msg,1,46,1032,5670,1080,112,112
msg,1,47,943,6591,1081,112,112
msg,1,48,940,7216,1087,112,112
msg,1,49,942,19919,1082,112,112
msg,1,50,939,8888,1094,112,112
msg,1,51,1032,6445,1091,112,112
msg,1,52,941,6029,1080,112,112
msg,1,53,949,14502,1073,112,112
msg,1,54,937,5503,1085,112,112
msg,1,55,940,5459,1077,112,112
msg,1,56,945,6629,1085,112,112
msg,1,57,953,5473,1065,112,112
msg,1,58,948,5481,1085,112,112
msg,1,59,943,17087,1077,112,112
msg,1,60,954,6795,1085,112,112
msg,1,61,942,8376,1085,112,112
msg,1,62,942,18660,1084,112,112
msg,1,63,943,5501,1079,112,112
msg,1,64,935,5446,1079,112,112
msg,1,65,949,5811,1085,112,112
msg,1,66,952,6862,1078,112,112
msg,1,67,941,5810,1083,112,112
msg,1,68,939,18342,1085,112,112
msg,1,69,950,6255,1089,112,112
msg,1,70,912,7758,1094,112,112
msg,1,71,936,20220,1089,112,112
msg,1,72,947,5988,1080,112,112
msg,1,73,940,5985,1176,112,112
msg,1,74,956,5469,1084,112,112
msg,1,75,950,5712,1086,112,112
msg,1,76,950,5386,1087,112,112
msg,1,77,946,19011,1080,112,112
msg,1,78,948,6041,1081,112,112
msg,1,79,943,8172,1084,112,112
msg,1,80,939,19866,1077,112,112
msg,1,81,946,5480,1078,112,112
msg,1,82,939,5417,1080,112,112
msg,1,83,937,5845,1087,112,112
msg,1,84,955,6327,1087,112,112
msg,1,85,932,5589,1084,112,112
msg,1,86,951,19052,1077,112,112
msg,1,87,953,6610,1084,112,112
msg,1,88,934,10204,1094,112,112
msg,1,89,949,20139,1080,112,112
msg,1,90,910,5496,1089,112,112
msg,1,91,960,5482,1080,112,112
msg,1,92,1035,5457,1075,112,112
msg,1,93,937,5753,1071,112,112
msg,1,94,945,5384,1093,112,112
msg,1,95,920,17473,1079,112,112
msg,1,96,956,5967,1213,112,112
msg,1,97,948,6885,1088,112,112
msg,1,98,943,20406,1087,112,112
msg,1,99,912,5569,1084,112,112
msg,1,100,954,5405,1088,112,112
msg,1,101,957,5425,1099,112,112
msg,1,102,948,6615,1086,112,112
msg,1,103,949,5476,1087,112,112
msg,1,104,941,19904,1087,112,112
msg,1,105,947,5975,1077,112,112
msg,1,106,945,6923,1078,112,112
msg,1,107,942,19860,1087,112,112
msg,1,108,939,6321,1091,112,112
msg,1,109,942,6311,1073,112,112
msg,1,110,943,8108,1094,112,112
msg,1,111,943,5670,1079,112,112
msg,1,112,943,6309,1085,112,112
msg,1,113,1032,17372,1083,112,112
msg,1,114,1034,5753,1087,112,112
msg,1,115,943,7021,1090,112,112
msg,1,116,916,9533,1085,112,112
msg,1,117,940,11403,1167,112,112
msg,1,118,963,5973,1079,112,112
msg,1,119,946,5374,1081,112,112
msg,1,120,948,5816,1083,112,112
msg,1,121,950,6717,1082,112,112
msg,1,122,943,19044,1087,112,112
msg,1,123,940,6672,1079,112,112
msg,1,124,947,5473,1083,112,112
msg,1,125,948,7024,1080,112,112
msg,1,126,934,18466,1079,112,112
msg,1,127,946,5487,1078,112,112
msg,1,128,944,5459,1085,112,112
msg,1,129,944,6175,1081,112,112
msg,1,130,954,5794,1090,112,112
msg,1,131,947,29883,1081,112,112
msg,1,132,941,6290,1086,112,112
msg,1,133,948,5878,1080,112,112
msg,1,134,951,20063,1085,112,112
msg,1,135,937,5519,1084,112,112
msg,1,136,952,5349,1085,112,112
msg,1,137,947,5628,1080,112,112
msg,1,138,954,6090,1086,112,112
msg,1,139,952,20474,1204,112,112
msg,1,140,962,6478,1074,112,112
msg,1,141,941,8248,1087,112,112
msg,1,142,1037,5931,1088,112,112
msg,1,143,938,19679,1087,112,112
msg,1,144,943,6087,1078,112,112
msg,1,145,944,5932,1088,112,112
msg,1,146,951,7776,1080,112,112
msg,1,147,949,5593,1088,112,112
msg,1,148,951,18480,1080,112,112
msg,1,149,947,6491,1085,112,112
msg,1,150,933,7448,1084,112,112
msg,1,151,943,5416,1083,112,112
msg,1,152,952,17275,1087,112,112
msg,1,153,941,5773,1657,112,112
msg,1,154,950,6050,1084,112,112
msg,1,155,939,8051,1075,112,112
msg,1,156,1042,8946,1082,112,112
msg,1,157,946,15504,1074,112,112
msg,1,158,938,6250,1087,112,112
msg,1,159,911,7156,1075,112,112
msg,1,160,940,6123,1084,112,112
msg,1,161,943,17711,1079,112,112
msg,1,162,939,5439,1169,112,112
msg,1,163,942,5964,1081,112,112
msg,1,164,950,5825,1076,112,112
msg,1,165,949,5544,1082,112,112
msg,1,166,942,19027,1088,112,112
msg,1,167,946,5814,1087,112,112
msg,1,168,942,5420,1088,112,112
msg,1,169,939,5563,1083,112,112
msg,1,170,961,8117,1084,112,112
msg,1,171,915,10387,1083,112,112
msg,1,172,952,5515,1073,112,112
msg,1,173,945,5388,1078,112,112
msg,1,174,944,5582,1081,112,112
msg,1,175,955,5535,1085,112,112
msg,1,176,945,5524,1078,112,112
msg,1,177,941,16954,1084,112,112
msg,1,178,940,6378,1078,112,112
msg,1,179,948,6894,1082,112,112
msg,1,180,959,5805,1083,112,112
msg,1,181,942,19979,1084,112,112
msg,1,182,947,5408,1080,112,112
msg,1,183,1034,5424,1071,112,112
msg,1,184,944,7096,1085,112,112
msg,1,185,964,5581,1081,112,112
msg,1,186,948,19189,1086,112,112
msg,1,187,920,5561,1084,112,112
msg,1,188,951,8143,1087,112,112
msg,1,189,945,5623,1079,112,112
msg,1,190,943,14452,1082,112,112
msg,1,191,943,5759,1077,112,112
msg,1,192,940,5423,1079,112,112
msg,1,193,945,6191,1088,112,112
msg,1,194,942,5442,1075,112,112
msg,1,195,947,5536,1075,112,112
msg,1,196,941,17322,1084,112,112
msg,1,197,950,6100,1077,112,112
msg,1,198,942,8028,1076,112,112
msg,1,199,943,10323,1079,112,112
whole,1,1296.700,3572.340,200
2,10.5420,1248.5810,36.5880,1295.7110,3934,3992,45,4216,4,14,5,20,163348,66305.0,69931.0,15858.0,1001174.0,2,2,2,1
msg,2,0,1102,5673,1085,112,112
msg,2,1,937,17315,1078,112,112
msg,2,2,937,5698,1213,112,112
msg,2,3,942,6574,1087,112,112
msg,2,4,943,5437,1079,112,112
msg,2,5,941,10009,1087,112,112
msg,2,6,940,19158,1085,112,112
msg,2,7,948,6284,1094,112,112
msg,2,8,964,7749,1082,112,112
msg,2,9,941,10169,1083,112,112
msg,2,10,948,10583,1079,112,112
msg,2,11,949,5423,1082,112,112
msg,2,12,946,5470,1081,112,112
msg,2,13,944,5558,1085,112,112
msg,2,14,1040,8217,1070,112,112
msg,2,15,942,19300,1076,112,112
msg,2,16,940,6172,1624,112,112
msg,2,17,957,8419,1086,112,112
msg,2,18,942,5557,1084,112,112
msg,2,19,1042,16875,1081,112,112
msg,2,20,950,5934,1087,112,112
msg,2,21,955,5674,1089,112,112
msg,2,22,952,5493,1075,112,112
msg,2,23,941,5506,1077,112,112
msg,2,24,948,7006,1074,112,112
msg,2,25,945,14837,1085,112,112
msg,2,26,956,8996,1091,112,112
msg,2,27,911,8914,1082,112,112
msg,2,28,941,19649,1228,112,112
msg,2,29,950,5485,1082,112,112
msg,2,30,915,6813,1081,112,112
msg,2,31,941,9518,1083,112,112
msg,2,32,946,5639,1077,112,112
msg,2,33,946,19130,1088,112,112
msg,2,34,945,5673,1083,112,112
msg,2,35,942,7657,1076,112,112
msg,2,36,939,5593,1083,112,112
msg,2,37,941,15602,1086,112,112
msg,2,38,956,6029,1099,112,112
msg,2,39,932,7679,1083,112,112
msg,2,40,933,5857,1077,112,112
msg,2,41,1048,5533,1086,112,112
msg,2,42,939,18978,1079,112,112
msg,2,43,937,6245,1088,112,112
msg,2,44,946,5438,1085,112,112
msg,2,45,951,6199,1090,112,112
msg,2,46,941,19074,1083,112,112
msg,2,47,949,6257,1088,112,112
msg,2,48,913,5419,1085,112,112
msg,2,49,948,5621,1090,112,112
msg,2,50,949,5575,1073,112,112
msg,2,51,948,6069,1091,112,112
msg,2,52,943,16126,1099,112,112
msg,2,53,937,6270,1076,112,112
msg,2,54,939,7455,1163,112,112
msg,2,55,940,5439,1090,112,112
msg,2,56,953,12197,1087,112,112
msg,2,57,950,5920,1086,112,112
msg,2,58,909,6280,1163,112,112
msg,2,59,946,5574,1077,112,112
msg,2,60,940,5709,1075,112,112
msg,2,61,943,6125,1083,112,112
msg,2,62,952,18338,1085,112,112
msg,2,63,948,6247,1077,112,112
msg,2,64,943,7021,1078,112,112
msg,2,65,944,5630,1085,112,112
msg,2,66,939,15456,1087,112,112
msg,2,67,938,5434,1078,112,112
msg,2,68,943,6024,1083,112,112
msg,2,69,950,5536,1081,112,112
msg,2,70,944,11509,1082,112,112
msg,2,71,947,19904,1086,112,112
msg,2,72,951,5618,1083,112,112
msg,2,73,945,7200,1083,112,112
msg,2,74,916,20566,1088,112,112
msg,2,75,943,6342,1081,112,112
msg,2,76,951,6735,1076,112,112
msg,2,77,945,6321,1090,112,112
msg,2,78,907,5629,1091,112,112
msg,2,79,937,6829,1081,112,112
msg,2,80,909,16372,1087,112,112
msg,2,81,957,5802,1082,112,112
msg,2,82,1037,6376,1081,112,112
msg,2,83,946,6522,1081,112,112
msg,2,84,939,15731,1084,112,112
msg,2,85,943,5482,1092,112,112
msg,2,86,921,6128,1078,112,112
msg,2,87,945,6203,1086,112,112
msg,2,88,936,5724,1081,112,112
msg,2,89,948,5612,1080,112,112
msg,2,90,947,14839,1084,112,112
msg,2,91,943,6858,1086,112,112
msg,2,92,922,7201,1090,112,112
msg,2,93,946,20278,1088,112,112
msg,2,94,914,5588,1091,112,112
msg,2,95,948,8327,1082,112,112
msg,2,96,949,8993,1081,112,112
msg,2,97,950,6339,1070,112,112
msg,2,98,940,17980,1088,112,112
msg,2,99,953,11581,1079,112,112
msg,2,100,948,5751,1083,112,112
msg,2,101,955,19951,1085,112,112
msg,2,102,950,6352,1072,112,112
msg,2,103,951,7033,1085,112,112
msg,2,104,948,6104,1089,112,112
msg,2,105,929,5602,1085,112,112
msg,2,106,942,5367,1083,112,112
msg,2,107,1025,16278,1084,112,112
msg,2,108,952,7140,1085,112,112
msg,2,109,939,6587,1090,112,112
msg,2,110,908,19967,1093,112,112
msg,2,111,943,5480,1081,112,112
msg,2,112,912,5577,1079,112,112
msg,2,113,950,5518,1172,112,112
msg,2,114,945,6948,1091,112,112
msg,2,115,944,5379,1080,112,112
msg,2,116,947,19682,1079,112,112
msg,2,117,1029,7538,1082,112,112
msg,2,118,949,6005,1080,112,112
msg,2,119,1097,9691,1083,112,112
msg,2,120,944,10130,1083,112,112
msg,2,121,941,5377,1082,112,112
msg,2,122,939,5850,1086,112,112
msg,2,123,1011,5788,1083,112,112
msg,2,124,940,6261,1084,112,112
msg,2,125,950,6914,1088,112,112
msg,2,126,941,15216,1075,112,112
msg,2,127,945,6682,1091,112,112
msg,2,128,947,7343,1091,112,112
msg,2,129,940,19698,1090,112,112
msg,2,130,949,6766,1092,112,112
msg,2,131,941,7267,1079,112,112
msg,2,132,942,5989,1078,112,112
msg,2,133,950,5767,1079,112,112
msg,2,134,949,21266,1085,112,112
msg,2,135,949,8636,1081,112,112
msg,2,136,949,12953,1081,112,112
msg,2,137,942,14502,1077,112,112
msg,2,138,948,5937,1075,112,112
msg,2,139,944,5688,1077,112,112
msg,2,140,944,5760,1081,112,112
msg,2,141,951,5832,1078,112,112
msg,2,142,943,5754,1084,112,112
msg,2,143,947,19463,1093,112,112
msg,2,144,944,6298,1087,112,112
msg,2,145,943,7382,1079,112,112
msg,2,146,945,20262,1082,112,112
msg,2,147,916,5457,1084,112,112
msg,2,148,945,5366,1075,112,112
msg,2,149,933,6056,1085,112,112
msg,2,150,946,6716,1092,112,112
msg,2,151,949,5617,1083,112,112
msg,2,152,943,19184,1083,112,112
msg,2,153,941,5858,1086,112,112
msg,2,154,1034,11135,1079,112,112
msg,2,155,948,19543,1085,112,112
msg,2,156,950,5934,1211,112,112
msg,2,157,948,7322,1074,112,112
msg,2,158,945,5832,1086,112,112
msg,2,159,953,5633,1080,112,112
msg,2,160,950,19103,1085,112,112
msg,2,161,949,5725,1079,112,112
msg,2,162,942,5421,1088,112,112
msg,2,163,945,25502,1075,112,112
msg,2,164,949,5431,1165,112,112
msg,2,165,937,5627,1086,112,112
msg,2,166,912,5439,1079,112,112
msg,2,167,941,6729,1081,112,112
msg,2,168,947,5367,1075,112,112
msg,2,169,943,33331,1088,112,112
msg,2,170,1503,5913,1088,112,112
msg,2,171,948,18586,1082,112,112
msg,2,172,952,7448,1091,112,112
msg,2,173,952,5506,1089,112,112
msg,2,174,945,5915,1092,112,112
msg,2,175,949,5553,1081,112,112
msg,2,176,942,5865,1092,112,112
msg,2,177,949,15015,1083,112,112
msg,2,178,954,6004,1082,112,112
msg,2,179,939,6705,1081,112,112
msg,2,180,943,20957,1091,112,112
msg,2,181,915,7137,1080,112,112
msg,2,182,945,6524,1086,112,112
msg,2,183,948,5452,1090,112,112
msg,2,184,935,5396,1082,112,112
msg,2,185,952,5458,1074,112,112
msg,2,186,1033,17703,1071,112,112
msg,2,187,1114,6003,1081,112,112
msg,2,188,945,8829,1086,112,112
msg,2,189,1031,18271,1078,112,112
msg,2,190,1039,9455,1077,112,112
msg,2,191,948,6628,1107,112,112
msg,2,192,947,5615,1079,112,112
msg,2,193,940,6882,1077,112,112
msg,2,194,948,19049,1085,112,112
msg,2,195,1041,5719,1086,112,112
msg,2,196,948,5519,1080,112,112
msg,2,197,945,6112,1087,112,112
msg,2,198,949,22115,1066,112,112
msg,2,199,942,7814,1076,112,112
whole,2,1311.755,3596.532,200
#heap 75954
#stack 3168
#end
#block pipeline mTLS lorawan11_256 down
#aead AES-256-CTR+2xCMAC (LoRaWAN 1.1 frame, 256-bit keys) (BearSSL (arduino-pico)), downlink, 51 B payload + 13 B overhead
#lib wolfSSL 5.9.4
iter,tcp_ms,tls_ms,mqtt_ms,total_ms,hs_tx_B,hs_rx_B,mqtt_tx_B,mqtt_rx_B,hs_writes,hs_reads,writes,reads,free_heap_B,hs_keygen_us,hs_derive_us,hs_verify_us,hs_sign_us,hs_keygen_n,hs_derive_n,hs_verify_n,hs_sign_n
msg,iter,idx,seal_us,rtt_us,open_us,tx_B,rx_B
whole,iter,first_ms,all_ms,msgs
#suite TLS13-AES256-GCM-SHA384
0,5.4500,1243.2000,31.0300,1279.6800,3937,3992,45,4216,4,14,5,20,163348,66249.0,71862.0,15425.0,1003062.0,2,2,2,1
msg,0,0,740,5491,719,112,112
msg,0,1,598,5703,717,112,112
msg,0,2,589,5587,712,112,112
msg,0,3,598,7933,719,112,112
msg,0,4,562,5738,722,112,112
msg,0,5,597,17563,718,112,112
msg,0,6,591,5696,697,112,112
msg,0,7,559,5497,700,112,112
msg,0,8,564,10945,725,112,112
msg,0,9,596,21084,696,112,112
msg,0,10,561,7936,716,112,112
msg,0,11,592,5855,696,112,112
msg,0,12,565,7195,717,112,112
msg,0,13,599,5329,717,112,112
msg,0,14,597,18709,698,112,112
msg,0,15,589,10359,718,112,112
msg,0,16,590,7953,718,112,112
msg,0,17,562,21449,719,112,112
msg,0,18,563,7716,721,112,112
msg,0,19,594,6461,721,112,112
msg,0,20,587,6141,797,112,112
msg,0,21,563,6224,699,112,112
msg,0,22,559,6158,718,112,112
msg,0,23,597,16149,723,112,112
msg,0,24,589,6191,717,112,112
msg,0,25,561,5746,716,112,112
msg,0,26,584,5902,698,112,112
msg,0,27,599,9646,696,112,112
msg,0,28,564,11752,722,112,112
msg,0,29,661,6339,714,112,112
msg,0,30,597,6268,718,112,112
msg,0,31,585,8862,694,112,112
msg,0,32,560,6029,717,112,112
msg,0,33,589,19132,722,112,112
msg,0,34,552,5649,717,112,112
msg,0,35,599,5634,717,112,112
msg,0,36,598,6924,695,112,112
msg,0,37,570,22078,722,112,112
msg,0,38,589,9439,719,112,112
msg,0,39,595,5590,713,112,112
msg,0,40,690,6848,721,112,112
msg,0,41,597,5891,714,112,112
msg,0,42,593,20155,721,112,112
msg,0,43,593,5543,721,112,112
msg,0,44,586,5773,695,112,112
msg,0,45,562,5867,803,112,112
msg,0,46,595,5390,718,112,112
msg,0,47,592,17125,698,112,112
msg,0,48,559,9190,712,112,112
msg,0,49,591,7264,717,112,112
msg,0,50,590,7280,722,112,112
msg,0,51,592,5658,723,112,112
msg,0,52,598,17431,721,112,112
msg,0,53,592,5766,698,112,112
msg,0,54,562,6328,715,112,112
msg,0,55,591,5892,718,112,112
msg,0,56,564,19739,719,112,112
msg,0,57,597,6302,715,112,112
msg,0,58,592,7102,697,112,112
msg,0,59,561,7288,714,112,112
msg,0,60,600,5879,712,112,112
msg,0,61,556,6184,695,112,112
msg,0,62,561,19830,720,112,112
msg,0,63,555,6587,722,112,112
msg,0,64,589,7659,722,112,112
msg,0,65,585,6299,718,112,112
msg,0,66,591,15291,719,112,112
msg,0,67,562,5779,718,112,112
msg,0,68,604,7280,718,112,112
msg,0,69,601,7058,699,112,112
msg,0,70,561,6148,714,112,112
msg,0,71,592,6675,695,112,112
msg,0,72,559,19159,721,112,112
msg,0,73,585,7206,720,112,112
msg,0,74,589,6141,699,112,112
msg,0,75,568,5410,701,112,112
msg,0,76,564,13684,722,112,112
msg,0,77,567,6284,698,112,112
msg,0,78,558,5543,699,112,112
msg,0,79,567,5471,690,112,112
msg,0,80,561,6456,694,112,112
msg,0,81,565,5976,717,112,112
msg,0,82,595,20213,716,112,112
msg,0,83,597,9331,717,112,112
msg,0,84,561,8599,722,112,112
msg,0,85,606,6149,694,112,112
msg,0,86,578,13562,693,112,112
msg,0,87,559,5460,692,112,112
msg,0,88,558,6366,694,112,112
msg,0,89,569,5816,719,112,112
msg,0,90,600,9650,721,112,112
msg,0,91,598,6860,693,112,112
msg,0,92,560,15108,720,112,112
msg,0,93,595,6441,722,112,112
msg,0,94,598,5448,725,112,112
msg,0,95,600,5961,694,112,112
msg,0,96,566,19543,717,112,112
msg,0,97,562,5665,717,112,112
msg,0,98,593,6157,690,112,112
msg,0,99,555,5747,717,112,112
msg,0,100,594,5754,723,112,112
msg,0,101,607,8576,719,112,112
msg,0,102,591,20143,723,112,112
msg,0,103,594,6912,694,112,112
msg,0,104,566,7660,720,112,112
msg,0,105,555,42015,719,112,112
msg,0,106,592,12070,717,112,112
msg,0,107,597,22869,715,112,112
msg,0,108,588,6847,720,112,112
msg,0,109,559,6068,710,112,112
msg,0,110,592,9887,717,112,112
msg,0,111,554,20187,695,112,112
msg,0,112,560,5849,719,112,112
msg,0,113,602,5851,713,112,112
msg,0,114,752,5735,712,112,112
msg,0,115,563,6372,696,112,112
msg,0,116,562,6775,716,112,112
msg,0,117,588,15844,800,112,112
msg,0,118,588,7576,700,112,112
msg,0,119,562,8749,722,112,112
msg,0,120,614,10053,703,112,112
msg,0,121,560,11654,701,112,112
msg,0,122,561,5512,713,112,112
msg,0,123,565,6364,699,112,112
msg,0,124,592,5539,721,112,112
msg,0,125,594,8629,721,112,112
msg,0,126,594,21078,698,112,112
msg,0,127,578,10310,697,112,112
msg,0,128,566,8941,714,112,112
msg,0,129,594,20417,723,112,112
msg,0,130,588,6090,692,112,112
msg,0,131,562,5637,720,112,112
msg,0,132,759,5765,716,112,112
msg,0,133,602,7830,717,112,112
msg,0,134,565,5885,714,112,112
msg,0,135,591,17248,718,112,112
msg,0,136,587,5833,719,112,112
msg,0,137,587,5736,694,112,112
msg,0,138,560,5579,716,112,112
msg,0,139,563,10629,716,112,112
msg,0,140,607,10257,695,112,112
msg,0,141,558,5670,716,112,112
msg,0,142,597,8454,720,112,112
msg,0,143,596,5996,698,112,112
msg,0,144,558,6859,713,112,112
msg,0,145,566,6416,723,112,112
msg,0,146,554,18221,695,112,112
msg,0,147,556,5631,697,112,112
msg,0,148,558,8030,715,112,112
msg,0,149,601,5838,698,112,112
msg,0,150,552,16467,784,112,112
msg,0,151,568,5777,711,112,112
msg,0,152,594,7134,700,112,112
msg,0,153,565,5789,715,112,112
msg,0,154,592,5564,722,112,112
msg,0,155,595,5760,696,112,112
msg,0,156,588,22495,701,112,112
msg,0,157,567,6252,718,112,112
msg,0,158,593,6029,722,112,112
msg,0,159,565,20026,716,112,112
msg,0,160,591,10296,724,112,112
msg,0,161,589,6675,696,112,112
msg,0,162,564,5449,695,112,112
msg,0,163,569,5727,720,112,112
msg,0,164,558,5734,721,112,112
msg,0,165,600,18593,716,112,112
msg,0,166,586,9468,720,112,112
msg,0,167,591,5454,722,112,112
msg,0,168,588,5409,717,112,112
msg,0,169,589,17270,714,112,112
msg,0,170,587,6068,692,112,112
msg,0,171,561,6510,694,112,112
msg,0,172,564,6628,803,112,112
msg,0,173,576,5556,718,112,112
msg,0,174,584,5980,716,112,112
msg,0,175,598,18298,723,112,112
msg,0,176,592,6814,696,112,112
msg,0,177,581,8241,713,112,112
msg,0,178,596,5685,697,112,112
msg,0,179,569,13546,699,112,112
msg,0,180,563,5444,699,112,112
msg,0,181,560,7561,715,112,112
msg,0,182,572,5406,697,112,112
msg,0,183,563,8923,726,112,112
msg,0,184,592,5425,719,112,112
msg,0,185,601,17982,693,112,112
msg,0,186,559,5686,719,112,112
msg,0,187,595,6099,691,112,112
msg,0,188,559,5353,716,112,112
msg,0,189,588,19510,693,112,112
msg,0,190,568,5933,725,112,112
msg,0,191,586,6177,694,112,112
msg,0,192,558,10860,717,112,112
msg,0,193,594,5766,715,112,112
msg,0,194,614,5452,712,112,112
msg,0,195,601,17688,696,112,112
msg,0,196,558,7868,715,112,112
msg,0,197,595,10363,717,112,112
msg,0,198,596,18862,722,112,112
msg,0,199,591,5636,694,112,112
whole,0,1306.633,3456.906,200
1,4.3990,1247.9010,32.5420,1284.8420,3939,3996,45,4216,4,14,5,20,163348,66158.0,70493.0,15563.0,999537.0,2,2,2,1
msg,1,0,740,7039,724,112,112
msg,1,1,558,18765,721,112,112
msg,1,2,595,6865,698,112,112
msg,1,3,563,5598,695,112,112
msg,1,4,564,5803,720,112,112
msg,1,5,684,6112,695,112,112
msg,1,6,562,6712,718,112,112
msg,1,7,594,16418,712,112,112
msg,1,8,592,75919,721,112,112
msg,1,9,589,490644,709,112,112
msg,1,10,562,7328,696,112,112
msg,1,11,562,6268,722,112,112
msg,1,12,595,5567,713,112,112
msg,1,13,593,22338,720,112,112
msg,1,14,592,5620,699,112,112
msg,1,15,562,6823,712,112,112
msg,1,16,562,6021,717,112,112
msg,1,17,589,16870,715,112,112
msg,1,18,564,5703,718,112,112
msg,1,19,584,6323,722,112,112
msg,1,20,572,5798,721,112,112
msg,1,21,591,7121,715,112,112
msg,1,22,560,6085,692,112,112
msg,1,23,564,14890,720,112,112
msg,1,24,591,6554,713,112,112
msg,1,25,592,5605,719,112,112
msg,1,26,597,5353,717,112,112
msg,1,27,595,19687,719,112,112
msg,1,28,591,6387,718,112,112
msg,1,29,594,5838,702,112,112
msg,1,30,576,6802,712,112,112
msg,1,31,589,12303,722,112,112
msg,1,32,555,19540,720,112,112
msg,1,33,595,5593,717,112,112
msg,1,34,586,5718,719,112,112
msg,1,35,593,6096,717,112,112
msg,1,36,597,20066,697,112,112
msg,1,37,567,5716,713,112,112
msg,1,38,594,6068,694,112,112
msg,1,39,557,6157,718,112,112
msg,1,40,594,8322,722,112,112
msg,1,41,590,6188,714,112,112
msg,1,42,557,25142,760,112,112
msg,1,43,556,5894,720,112,112
msg,1,44,596,8898,713,112,112
msg,1,45,585,18907,720,112,112
msg,1,46,567,5664,725,112,112
msg,1,47,594,6662,712,112,112
msg,1,48,591,5610,698,112,112
msg,1,49,587,7016,717,112,112
msg,1,50,602,6485,718,112,112
msg,1,51,598,15698,717,112,112
msg,1,52,597,5860,693,112,112
msg,1,53,565,5767,717,112,112
msg,1,54,589,6096,693,112,112
msg,1,55,561,8907,721,112,112
msg,1,56,599,11012,696,112,112
msg,1,57,560,5545,693,112,112
msg,1,58,565,6955,721,112,112
msg,1,59,590,6128,716,112,112
msg,1,60,559,6261,694,112,112
msg,1,61,566,8672,720,112,112
msg,1,62,604,13009,695,112,112
msg,1,63,563,6198,721,112,112
msg,1,64,585,5814,700,112,112
msg,1,65,558,6606,795,112,112
msg,1,66,563,18912,715,112,112
msg,1,67,588,5726,693,112,112
msg,1,68,559,6022,719,112,112
msg,1,69,597,6378,718,112,112
msg,1,70,588,7761,716,112,112
msg,1,71,595,5534,852,112,112
msg,1,72,564,17432,697,112,112
msg,1,73,649,5657,719,112,112
msg,1,74,557,5340,696,112,112
msg,1,75,562,5768,797,112,112
msg,1,76,593,21392,728,112,112
msg,1,77,588,6259,718,112,112
msg,1,78,562,6281,700,112,112
msg,1,79,561,5481,698,112,112
msg,1,80,571,8707,718,112,112
msg,1,81,550,5702,715,112,112
msg,1,82,600,16407,721,112,112
msg,1,83,590,7721,716,112,112
msg,1,84,594,5611,711,112,112
msg,1,85,593,7923,721,112,112
msg,1,86,593,15928,715,112,112
msg,1,87,593,6168,715,112,112
msg,1,88,593,5770,719,112,112
msg,1,89,583,5993,720,112,112
msg,1,90,595,7177,699,112,112
msg,1,91,554,5636,717,112,112
msg,1,92,559,18385,721,112,112
msg,1,93,563,5735,717,112,112
msg,1,94,597,11669,714,112,112
msg,1,95,603,6786,699,112,112
msg,1,96,558,15580,698,112,112
msg,1,97,565,6070,708,112,112
msg,1,98,597,7624,698,112,112
msg,1,99,566,5604,693,112,112
msg,1,100,561,7995,723,112,112
msg,1,101,605,5830,696,112,112
msg,1,102,561,17886,719,112,112
msg,1,103,600,7899,711,112,112
msg,1,104,588,5704,694,112,112
msg,1,105,560,5478,698,112,112
msg,1,106,569,17407,774,112,112
msg,1,107,569,5766,725,112,112
msg,1,108,599,6538,717,112,112
msg,1,109,585,5478,721,112,112
msg,1,110,588,5926,699,112,112
msg,1,111,554,5666,723,112,112
msg,1,112,556,17080,713,112,112
msg,1,113,602,9965,804,112,112
msg,1,114,597,7545,721,112,112
msg,1,115,594,6248,720,112,112
msg,1,116,587,16822,717,112,112
msg,1,117,599,5661,693,112,112
msg,1,118,562,6860,718,112,112
msg,1,119,555,5919,718,112,112
msg,1,120,749,5911,715,112,112
msg,1,121,596,6099,698,112,112
msg,1,122,563,19233,718,112,112
msg,1,123,597,7998,716,112,112
msg,1,124,589,6950,711,112,112
msg,1,125,599,5390,800,112,112
msg,1,126,593,16383,712,112,112
msg,1,127,598,5607,694,112,112
msg,1,128,559,6889,715,112,112
msg,1,129,593,5872,718,112,112
msg,1,130,590,5682,695,112,112
msg,1,131,554,6576,696,112,112
msg,1,132,560,18026,723,112,112
msg,1,133,592,8266,714,112,112
msg,1,134,591,7570,715,112,112
msg,1,135,594,20428,722,112,112
msg,1,136,595,5455,721,112,112
msg,1,137,589,5579,720,112,112
msg,1,138,601,5917,722,112,112
msg,1,139,750,8126,697,112,112
msg,1,140,557,6093,718,112,112
msg,1,141,597,17864,703,112,112
msg,1,142,565,6503,698,112,112
msg,1,143,563,6476,699,112,112
msg,1,144,565,8252,696,112,112
msg,1,145,557,19570,697,112,112
msg,1,146,562,7748,712,112,112
msg,1,147,558,7225,696,112,112
msg,1,148,553,8503,699,112,112
msg,1,149,565,6646,725,112,112
msg,1,150,558,17590,718,112,112
msg,1,151,558,6535,713,112,112
msg,1,152,590,6960,695,112,112
msg,1,153,589,7087,714,112,112
msg,1,154,585,19712,715,112,112
msg,1,155,594,5387,717,112,112
msg,1,156,686,7345,723,112,112
msg,1,157,592,6573,709,112,112
msg,1,158,592,5742,693,112,112
msg,1,159,556,5700,721,112,112
msg,1,160,599,18472,719,112,112
msg,1,161,587,6899,715,112,112
msg,1,162,592,8099,719,112,112
msg,1,163,586,21139,696,112,112
msg,1,164,571,5726,720,112,112
msg,1,165,589,6352,723,112,112
msg,1,166,618,5467,721,112,112
msg,1,167,587,9442,717,112,112
msg,1,168,583,7030,696,112,112
msg,1,169,569,18514,695,112,112
msg,1,170,560,7134,714,112,112
msg,1,171,601,7785,698,112,112
msg,1,172,565,5438,697,112,112
msg,1,173,558,16718,717,112,112
msg,1,174,595,5697,719,112,112
msg,1,175,589,6937,700,112,112
msg,1,176,569,6455,695,112,112
msg,1,177,561,5607,714,112,112
msg,1,178,562,5580,713,112,112
msg,1,179,562,16531,726,112,112
msg,1,180,590,6363,719,112,112
msg,1,181,558,5887,802,112,112
msg,1,182,599,5646,698,112,112
msg,1,183,559,19019,718,112,112
msg,1,184,590,5985,694,112,112
msg,1,185,559,30205,713,112,112
msg,1,186,600,23288,720,112,112
msg,1,187,590,7542,717,112,112
msg,1,188,608,7427,710,112,112
msg,1,189,600,18557,718,112,112
msg,1,190,586,5841,723,112,112
msg,1,191,746,6015,694,112,112
msg,1,192,554,6183,722,112,112
msg,1,193,601,9472,719,112,112
msg,1,194,586,5701,699,112,112
msg,1,195,561,18947,721,112,112
msg,1,196,601,9019,698,112,112
msg,1,197,554,6251,713,112,112
msg,1,198,601,5511,699,112,112
msg,1,199,559,16326,719,112,112
whole,1,1300.470,3981.712,200
2,7.7020,1253.3530,39.4730,1300.5280,3931,3994,45,4216,4,14,5,20,163348,66208.0,70603.0,15443.0,1002626.0,2,2,2,1
msg,2,0,739,6205,717,112,112
msg,2,1,600,7094,700,112,112
msg,2,2,570,7073,721,112,112
msg,2,3,586,8156,716,112,112
msg,2,4,595,5539,718,112,112
msg,2,5,584,19119,715,112,112
msg,2,6,563,6654,719,112,112
msg,2,7,584,7180,699,112,112
msg,2,8,562,20648,714,112,112
msg,2,9,572,6054,713,112,112
msg,2,10,600,5921,716,112,112
msg,2,11,558,5674,718,112,112
msg,2,12,590,8466,715,112,112
msg,2,13,588,5871,698,112,112
msg,2,14,562,17207,729,112,112
msg,2,15,596,5909,694,112,112
msg,2,16,565,5601,722,112,112
msg,2,17,561,6232,696,112,112
msg,2,18,560,19805,722,112,112
msg,2,19,600,6415,712,112,112
msg,2,20,559,5911,715,112,112
msg,2,21,597,5671,697,112,112
msg,2,22,565,7217,718,112,112
msg,2,23,592,5759,693,112,112
msg,2,24,557,18450,696,112,112
msg,2,25,555,6184,714,112,112
msg,2,26,590,5380,718,112,112
msg,2,27,591,6276,715,112,112
msg,2,28,589,19910,696,112,112
msg,2,29,576,6780,722,112,112
msg,2,30,561,6011,716,112,112
msg,2,31,595,5957,721,112,112
msg,2,32,561,8194,703,112,112
msg,2,33,561,5810,717,112,112
msg,2,34,561,19157,697,112,112
msg,2,35,560,8292,715,112,112
msg,2,36,591,7475,710,112,112
msg,2,37,600,5667,784,112,112
msg,2,38,560,16983,713,112,112
msg,2,39,597,5643,712,112,112
msg,2,40,599,7187,716,112,112
msg,2,41,606,5537,718,112,112
msg,2,42,589,6086,715,112,112
msg,2,43,563,6167,700,112,112
msg,2,44,562,19620,696,112,112
msg,2,45,562,6009,719,112,112
msg,2,46,591,7001,715,112,112
msg,2,47,561,6480,715,112,112
msg,2,48,564,16847,723,112,112
msg,2,49,589,8225,715,112,112
msg,2,50,602,6635,714,112,112
msg,2,51,680,6964,697,112,112
msg,2,52,560,5729,722,112,112
msg,2,53,591,19438,713,112,112
msg,2,54,589,6286,715,112,112
msg,2,55,561,5460,720,112,112
msg,2,56,565,5626,721,112,112
msg,2,57,586,19666,722,112,112
msg,2,58,595,6518,713,112,112
msg,2,59,586,11237,716,112,112
msg,2,60,581,6077,697,112,112
msg,2,61,569,5925,721,112,112
msg,2,62,588,5352,715,112,112
msg,2,63,593,17976,694,112,112
msg,2,64,556,7802,717,112,112
msg,2,65,561,7435,803,112,112
msg,2,66,559,20516,719,112,112
msg,2,67,588,6206,697,112,112
msg,2,68,559,7064,718,112,112
msg,2,69,595,6089,720,112,112
msg,2,70,559,6409,713,112,112
msg,2,71,559,5587,716,112,112
msg,2,72,591,17998,699,112,112
msg,2,73,578,5502,698,112,112
msg,2,74,567,6186,722,112,112
msg,2,75,600,5718,695,112,112
msg,2,76,559,20044,720,112,112
msg,2,77,597,8661,716,112,112
msg,2,78,590,7004,1215,112,112
msg,2,79,613,5664,700,112,112
msg,2,80,560,6470,694,112,112
msg,2,81,563,6108,721,112,112
msg,2,82,586,19365,725,112,112
msg,2,83,597,6476,712,112,112
msg,2,84,594,7101,713,112,112
msg,2,85,559,6111,710,112,112
msg,2,86,588,13028,719,112,112
msg,2,87,592,5990,696,112,112
msg,2,88,562,6368,715,112,112
msg,2,89,590,6333,716,112,112
msg,2,90,590,8826,689,112,112
msg,2,91,663,5461,727,112,112
msg,2,92,562,19193,696,112,112
msg,2,93,557,7012,717,112,112
msg,2,94,605,8217,717,112,112
msg,2,95,556,5441,707,112,112
msg,2,96,563,18500,712,112,112
msg,2,97,558,5771,717,112,112
msg,2,98,580,5657,718,112,112
msg,2,99,587,7247,722,112,112
msg,2,100,591,6276,718,112,112
msg,2,101,569,7250,695,112,112
msg,2,102,563,12954,721,112,112
msg,2,103,602,5427,724,112,112
msg,2,104,596,5807,696,112,112
msg,2,105,566,6082,715,112,112
msg,2,106,593,20002,696,112,112
msg,2,107,565,6030,723,112,112
msg,2,108,596,23720,700,112,112
msg,2,109,564,5993,716,112,112
msg,2,110,684,19525,723,112,112
msg,2,111,590,8141,721,112,112
msg,2,112,592,8158,697,112,112
msg,2,113,566,9931,718,112,112
msg,2,114,593,11458,712,112,112
msg,2,115,591,6115,721,112,112
msg,2,116,554,7951,722,112,112
msg,2,117,597,11513,718,112,112
msg,2,118,592,7113,717,112,112
msg,2,119,593,17918,694,112,112
msg,2,120,592,6268,715,112,112
msg,2,121,589,8594,711,112,112
msg,2,122,594,6356,717,112,112
msg,2,123,598,15126,723,112,112
msg,2,124,602,5444,719,112,112
msg,2,125,592,8159,716,112,112
msg,2,126,560,5393,694,112,112
msg,2,127,557,6063,721,112,112
msg,2,128,599,5330,719,112,112
msg,2,129,594,17319,720,112,112
msg,2,130,593,7104,696,112,112
msg,2,131,559,5608,713,112,112
msg,2,132,570,8278,838,112,112
msg,2,133,563,18991,718,112,112
msg,2,134,602,10540,711,112,112
msg,2,135,592,5750,794,112,112
msg,2,136,562,8135,712,112,112
msg,2,137,594,5600,693,112,112
msg,2,138,561,17686,714,112,112
msg,2,139,564,5743,716,112,112
msg,2,140,594,5746,715,112,112
msg,2,141,590,5993,721,112,112
msg,2,142,596,19753,717,112,112
msg,2,143,594,5932,719,112,112
msg,2,144,562,6599,720,112,112
msg,2,145,594,5509,715,112,112
msg,2,146,595,8269,715,112,112
msg,2,147,563,5885,722,112,112
msg,2,148,584,17137,718,112,112
msg,2,149,594,6819,726,112,112
msg,2,150,585,6418,720,112,112
msg,2,151,592,9541,710,112,112
msg,2,152,588,18034,716,112,112
msg,2,153,588,7699,716,112,112
msg,2,154,596,7485,715,112,112
msg,2,155,585,8059,721,112,112
msg,2,156,570,6695,717,112,112
msg,2,157,596,17963,701,112,112
msg,2,158,560,6061,718,112,112
msg,2,159,599,7207,714,112,112
msg,2,160,595,7212,696,112,112
msg,2,161,564,19816,718,112,112
msg,2,162,585,6628,725,112,112
msg,2,163,590,6058,720,112,112
msg,2,164,550,5699,718,112,112
msg,2,165,602,6312,860,112,112
msg,2,166,592,5395,715,112,112
msg,2,167,593,20914,692,112,112
msg,2,168,590,7207,722,112,112
msg,2,169,589,10374,715,112,112
msg,2,170,599,19367,720,112,112
msg,2,171,589,11332,718,112,112
msg,2,172,587,5919,712,112,112
msg,2,173,590,7743,699,112,112
msg,2,174,557,5772,722,112,112
msg,2,175,595,16968,696,112,112
msg,2,176,556,5753,711,112,112
msg,2,177,556,5655,820,112,112
msg,2,178,592,5888,699,112,112
msg,2,179,562,20129,714,112,112
msg,2,180,597,6926,698,112,112
msg,2,181,558,5754,712,112,112
msg,2,182,595,5671,716,112,112
msg,2,183,597,8122,716,112,112
msg,2,184,557,5556,720,112,112
msg,2,185,569,17643,718,112,112
msg,2,186,594,6780,713,112,112
msg,2,187,589,9713,695,112,112
msg,2,188,565,5946,715,112,112
msg,2,189,599,14166,719,112,112
msg,2,190,558,8949,711,112,112
msg,2,191,600,7176,715,112,112
msg,2,192,608,9799,715,112,112
msg,2,193,590,10674,701,112,112
msg,2,194,564,18301,696,112,112
msg,2,195,556,7772,707,112,112
msg,2,196,558,7580,721,112,112
msg,2,197,559,20310,696,112,112
msg,2,198,566,7378,697,112,112
msg,2,199,556,8271,715,112,112
whole,2,1330.503,3491.480,200
#heap 75954
#stack 3192
#end
#block sweep TLS MLKEM512
#lib wolfSSL 5.9.4
iter,tcp_ms,tls_ms,mqtt_ms,total_ms,hs_tx_B,hs_rx_B,mqtt_tx_B,mqtt_rx_B,hs_writes,hs_reads,writes,reads,free_heap_B,hs_keygen_us,hs_derive_us,hs_verify_us,hs_sign_us,hs_keygen_n,hs_derive_n,hs_verify_n,hs_sign_n
#suite TLS13-AES256-GCM-SHA384
0,17.4120,95.0610,20.0530,132.5260,975,3514,45,568,2,12,3,18,167444,5992.0,8455.0,15435.0,0.0,1,1,2,0
1,5.5970,103.6770,10.8270,120.1010,975,3513,45,568,2,12,3,18,167444,6185.0,8569.0,15568.0,0.0,1,1,2,0
2,20.6450,108.2830,9.9690,138.8970,975,3509,45,568,2,12,3,18,167444,5971.0,8633.0,15575.0,0.0,1,1,2,0
3,4.8600,96.0570,8.5680,109.4850,975,3511,45,568,2,12,3,18,167444,6169.0,8449.0,15595.0,0.0,1,1,2,0
4,6.4000,106.2580,10.2520,122.9100,975,3513,45,568,2,12,3,18,167444,6102.0,8567.0,15488.0,0.0,1,1,2,0
5,7.4010,106.2380,8.2350,121.8740,975,3512,45,568,2,12,3,18,167444,5994.0,8444.0,15577.0,0.0,1,1,2,0
6,20.4010,97.5810,14.3650,132.3470,975,3512,45,568,2,12,3,18,167444,5999.0,8577.0,16099.0,0.0,1,1,2,0
7,5.3650,107.2300,8.6180,121.2130,975,3510,45,568,2,12,3,18,167444,6087.0,8451.0,15758.0,0.0,1,1,2,0
8,4.5290,110.0800,11.3260,125.9350,975,3510,45,568,2,12,3,18,167444,5971.0,9080.0,15601.0,0.0,1,1,2,0
9,5.3720,95.6840,9.3780,110.4340,975,3511,45,568,2,12,3,18,167444,6093.0,8450.0,15585.0,0.0,1,1,2,0
10,8.6240,104.1390,11.2210,123.9840,975,3508,45,568,2,12,3,18,167444,6074.0,8451.0,15445.0,0.0,1,1,2,0
11,5.5630,98.8990,8.9930,113.4550,975,3511,45,568,2,12,3,18,167444,6081.0,9838.0,15577.0,0.0,1,1,2,0
12,7.3920,101.7390,21.0170,130.1480,975,3512,45,568,2,12,3,18,167444,5970.0,8431.0,15597.0,0.0,1,1,2,0
13,5.3860,93.9440,10.3340,109.6640,975,3510,45,568,2,12,3,18,167444,6073.0,8463.0,15722.0,0.0,1,1,2,0
14,6.6000,109.6210,21.9390,138.1600,975,3510,45,568,2,12,3,18,167444,6151.0,8636.0,15456.0,0.0,1,1,2,0
15,7.4560,102.1260,8.6130,118.1950,975,3511,45,568,2,12,3,18,167444,5964.0,9770.0,15333.0,0.0,1,1,2,0
16,5.8270,94.5710,8.4900,108.8880,975,3508,45,568,2,12,3,18,167444,5988.0,8569.0,15794.0,0.0,1,1,2,0
17,7.3760,105.1050,11.7270,124.2080,975,3513,45,568,2,12,3,18,167444,5981.0,8707.0,15426.0,0.0,1,1,2,0
18,19.5380,109.2450,9.4810,138.2640,975,3507,45,568,2,12,3,18,167444,5989.0,8466.0,15443.0,0.0,1,1,2,0
19,7.4120,95.7330,8.6970,111.8420,975,3508,45,568,2,12,3,18,167444,5981.0,8561.0,15352.0,0.0,1,1,2,0
#heap 20276
#stack 3640
#end
#block sweep TLS MLKEM768
#lib wolfSSL 5.9.4
iter,tcp_ms,tls_ms,mqtt_ms,total_ms,hs_tx_B,hs_rx_B,mqtt_tx_B,mqtt_rx_B,hs_writes,hs_reads,writes,reads,free_heap_B,hs_keygen_us,hs_derive_us,hs_verify_us,hs_sign_us,hs_keygen_n,hs_derive_n,hs_verify_n,hs_sign_n
#suite TLS13-AES256-GCM-SHA384
0,7.3940,109.1780,11.4890,128.0610,1359,3833,45,568,2,12,3,18,167444,9342.0,13188.0,15300.0,0.0,1,1,2,0
1,12.5090,122.4780,19.8860,154.8730,1359,3829,45,568,2,12,3,18,167444,9349.0,13060.0,15469.0,0.0,1,1,2,0
2,5.8680,110.7520,11.9340,128.5540,1359,3835,45,568,2,12,3,18,167444,9351.0,13049.0,15560.0,0.0,1,1,2,0
3,5.5430,117.7750,21.7360,145.0540,1359,3833,45,568,2,12,3,18,167444,9479.0,13158.0,15588.0,0.0,1,1,2,0
4,6.3800,113.9470,12.1330,132.4600,1359,3836,45,568,2,12,3,18,167444,9346.0,13167.0,15495.0,0.0,1,1,2,0
5,4.4060,113.2050,11.5300,129.1410,1359,3829,45,568,2,12,3,18,167444,9236.0,13175.0,15343.0,0.0,1,1,2,0
6,5.3710,106.3030,14.9450,126.6190,1359,3831,45,568,2,12,3,18,167444,9255.0,13199.0,15303.0,0.0,1,1,2,0
7,6.3860,108.1540,19.6450,134.1850,1359,3832,45,568,2,12,3,18,167444,9324.0,13173.0,15452.0,0.0,1,1,2,0
8,7.5920,108.8100,29.5960,145.9980,1359,3829,45,568,2,12,3,18,167444,9327.0,13260.0,15327.0,0.0,1,1,2,0
9,4.5850,121.8250,26.4530,152.8630,1359,3831,45,568,2,12,3,18,167444,9215.0,13821.0,15360.0,0.0,1,1,2,0
10,4.5970,107.7550,18.4020,130.7540,1359,3832,45,568,2,12,3,18,167444,9249.0,13085.0,15601.0,0.0,1,1,2,0
11,6.3960,114.1630,11.4570,132.0160,1359,3831,45,568,2,12,3,18,167444,9434.0,13162.0,15489.0,0.0,1,1,2,0
12,5.4240,112.3940,12.3700,130.1880,1359,3828,45,568,2,12,3,18,167444,9311.0,13260.0,15463.0,0.0,1,1,2,0
13,5.4710,111.9270,13.1950,130.5930,1359,3833,45,568,2,12,3,18,167444,9250.0,13035.0,15592.0,0.0,1,1,2,0
14,4.4510,106.6900,15.6860,126.8270,1359,3833,45,568,2,12,3,18,167444,9246.0,13179.0,15491.0,0.0,1,1,2,0
15,5.7350,113.7140,24.6980,144.1470,1359,3830,45,568,2,12,3,18,167444,9235.0,13186.0,15466.0,0.0,1,1,2,0
16,4.7450,112.1670,25.7920,142.7040,1359,3830,45,568,2,12,3,18,167444,9243.0,13056.0,15603.0,0.0,1,1,2,0
17,5.4710,121.1670,19.3050,145.9430,1359,3830,45,568,2,12,3,18,167444,9352.0,13178.0,15440.0,0.0,1,1,2,0
18,7.3930,112.8110,11.1380,131.3420,1359,3832,45,568,2,12,3,18,167444,9244.0,13045.0,15327.0,0.0,1,1,2,0
19,4.5580,112.4800,12.5380,129.5760,1359,3834,45,568,2,12,3,18,167444,9241.0,13064.0,15435.0,0.0,1,1,2,0
#heap 21428
#stack 2848
#end
#block sweep TLS MLKEM1024
#lib wolfSSL 5.9.4
iter,tcp_ms,tls_ms,mqtt_ms,total_ms,hs_tx_B,hs_rx_B,mqtt_tx_B,mqtt_rx_B,hs_writes,hs_reads,writes,reads,free_heap_B,hs_keygen_us,hs_derive_us,hs_verify_us,hs_sign_us,hs_keygen_n,hs_derive_n,hs_verify_n,hs_sign_n
#suite TLS13-AES256-GCM-SHA384
0,4.7300,124.3690,19.8930,148.9920,1743,4312,45,568,2,12,3,18,167444,14365.0,19314.0,15567.0,0.0,1,1,2,0
1,5.5290,126.0780,13.2680,144.8750,1743,4311,45,568,2,12,3,18,167444,14494.0,19432.0,15561.0,0.0,1,1,2,0
2,4.6160,136.0080,14.0040,154.6280,1743,4312,45,568,2,13,3,19,167444,14259.0,19334.0,15596.0,0.0,1,1,2,0
3,5.3840,121.8280,11.7340,138.9460,1743,4313,45,568,2,13,3,19,167444,14373.0,19240.0,15604.0,0.0,1,1,2,0
4,4.3670,123.3980,20.2890,148.0540,1743,4313,45,568,2,12,3,18,167444,14443.0,19252.0,15484.0,0.0,1,1,2,0
5,12.3710,121.9530,10.2650,144.5890,1743,4310,45,568,2,12,3,18,167444,14347.0,19273.0,15487.0,0.0,1,1,2,0
6,6.6130,136.9810,13.0760,156.6700,1743,4310,45,568,2,13,3,19,167444,14249.0,19297.0,15593.0,0.0,1,1,2,0
7,4.8300,121.4730,12.5700,138.8730,1743,4311,45,568,2,12,3,18,167444,14674.0,19595.0,15597.0,0.0,1,1,2,0
8,4.3710,134.7960,11.0630,150.2300,1743,4314,45,568,2,12,3,18,167444,14283.0,19268.0,15579.0,0.0,1,1,2,0
9,5.5400,123.5330,10.7280,139.8010,1743,4310,45,568,2,12,3,18,167444,14269.0,19354.0,15622.0,0.0,1,1,2,0
10,6.4120,129.8270,15.3680,151.6070,1743,4310,45,568,2,12,3,18,167444,14463.0,19237.0,15764.0,0.0,1,1,2,0
11,5.5720,121.0460,10.5800,137.1980,1743,4309,45,568,2,12,3,18,167444,14372.0,19330.0,15577.0,0.0,1,1,2,0
12,5.3840,162.3640,11.6440,179.3920,1743,4310,45,568,2,13,3,19,167444,14451.0,19333.0,15521.0,0.0,1,1,2,0
13,5.4180,135.4720,20.3230,161.2130,1743,4308,45,568,2,13,3,19,167444,14277.0,19279.0,15576.0,0.0,1,1,2,0
14,5.4650,130.3270,11.3770,147.1690,1743,4313,45,568,2,12,3,18,167444,14384.0,19267.0,15562.0,0.0,1,1,2,0
15,5.7140,135.2130,14.6220,155.5490,1743,4315,45,568,2,12,3,18,167444,14451.0,19630.0,15594.0,0.0,1,1,2,0
16,6.5470,121.8980,14.5080,142.9530,1743,4306,45,568,2,13,3,19,167444,14269.0,19261.0,15667.0,0.0,1,1,2,0
17,6.3820,120.6180,12.7490,139.7490,1743,4311,45,568,2,12,3,18,167444,14566.0,19260.0,15418.0,0.0,1,1,2,0
18,6.5410,120.9390,11.9670,139.4470,1743,4314,45,568,2,12,3,18,167444,14281.0,19147.0,15589.0,0.0,1,1,2,0
19,4.4070,136.2350,12.0100,152.6520,1743,4317,45,568,2,12,3,18,167444,14261.0,19290.0,15572.0,0.0,1,1,2,0
#heap 25082
#stack 2748
#end
#block sweep TLS X25519MLKEM768
#lib wolfSSL 5.9.4
iter,tcp_ms,tls_ms,mqtt_ms,total_ms,hs_tx_B,hs_rx_B,mqtt_tx_B,mqtt_rx_B,hs_writes,hs_reads,writes,reads,free_heap_B,hs_keygen_us,hs_derive_us,hs_verify_us,hs_sign_us,hs_keygen_n,hs_derive_n,hs_verify_n,hs_sign_n
#suite TLS13-AES256-GCM-SHA384
0,5.8140,235.1620,11.9580,252.9340,1391,3823,45,568,2,12,3,18,167444,66360.0,70149.0,15352.0,0.0,2,2,2,0
1,5.7480,226.0220,17.0770,248.8470,1391,3823,45,568,2,12,3,18,167444,66223.0,69937.0,15449.0,0.0,2,2,2,0
2,4.5430,229.9240,12.8160,247.2830,1391,3821,45,568,2,12,3,18,167444,66385.0,70105.0,15712.0,0.0,2,2,2,0
3,6.3970,225.8740,14.9540,247.2250,1391,3822,45,568,2,12,3,18,167444,66115.0,70059.0,15493.0,0.0,2,2,2,0
4,24.4340,234.4710,43.5890,302.4940,1391,3824,45,568,2,12,3,18,167444,66418.0,70987.0,15714.0,0.0,2,2,2,0
5,19.6060,237.2130,9.1850,266.0040,1391,3823,45,568,2,12,3,18,167444,66203.0,70487.0,15582.0,0.0,2,2,2,0
6,6.4360,227.7350,19.3760,253.5470,1391,3821,45,568,2,12,3,18,167444,66113.0,69972.0,15321.0,0.0,2,2,2,0
7,5.8290,229.2100,19.6880,254.7270,1391,3821,45,568,2,12,3,18,167444,66201.0,71476.0,15337.0,0.0,2,2,2,0
8,7.6130,225.8740,8.5200,242.0070,1391,3822,45,568,2,12,3,18,167444,66208.0,70658.0,15687.0,0.0,2,2,2,0
9,5.6970,231.4450,19.8480,256.9900,1391,3825,45,568,2,12,3,18,167444,66274.0,70275.0,15647.0,0.0,2,2,2,0
10,4.5280,234.2480,12.7180,251.4940,1391,3822,45,568,2,12,3,18,167444,66346.0,70084.0,15611.0,0.0,2,2,2,0
11,4.6850,228.2520,12.2030,245.1400,1391,3822,45,568,2,12,3,18,167444,66360.0,70115.0,15574.0,0.0,2,2,2,0
12,5.3790,226.8310,11.8990,244.1090,1391,3825,45,568,2,12,3,18,167444,66187.0,70055.0,15440.0,0.0,2,2,2,0
13,3.8380,233.7090,16.9650,254.5120,1391,3821,45,568,2,12,3,18,167444,66387.0,70168.0,15574.0,0.0,2,2,2,0
14,9.4110,229.3350,8.4630,247.2090,1391,3823,45,568,2,12,3,18,167444,66157.0,70071.0,15583.0,0.0,2,2,2,0
15,4.5020,223.9490,22.1560,250.6070,1391,3823,45,568,2,12,3,18,167444,66992.0,70089.0,15608.0,0.0,2,2,2,0
16,5.4200,232.8080,12.0790,250.3070,1391,3824,45,568,2,12,3,18,167444,66253.0,70126.0,15690.0,0.0,2,2,2,0
17,7.4140,225.6790,14.1810,247.2740,1391,3823,45,568,2,12,3,18,167444,66316.0,69960.0,15600.0,0.0,2,2,2,0
18,5.5880,234.5100,31.8850,271.9830,1391,3824,45,568,2,12,3,18,167444,66177.0,69975.0,15608.0,0.0,2,2,2,0
19,5.7390,229.6370,23.2400,258.6160,1391,3821,45,568,2,12,3,18,167444,66399.0,70121.0,15643.0,0.0,2,2,2,0
#heap 22218
#stack 3296
#end
#block sweep TLS SecP256r1MLKEM768
#lib wolfSSL 5.9.4
iter,tcp_ms,tls_ms,mqtt_ms,total_ms,hs_tx_B,hs_rx_B,mqtt_tx_B,mqtt_rx_B,hs_writes,hs_reads,writes,reads,free_heap_B,hs_keygen_us,hs_derive_us,hs_verify_us,hs_sign_us,hs_keygen_n,hs_derive_n,hs_verify_n,hs_sign_n
#suite TLS13-AES256-GCM-SHA384
0,6.4110,227.2230,18.9340,252.5680,1424,3894,45,568,2,12,3,18,167444,40595.0,83422.0,15702.0,0.0,2,2,2,0
1,5.4060,225.6440,11.2350,242.2850,1424,3891,45,568,2,12,3,18,167444,40600.0,83425.0,15476.0,0.0,2,2,2,0
2,10.5110,218.9100,23.0410,252.4620,1424,3892,45,568,2,12,3,18,167444,40491.0,83163.0,15475.0,0.0,2,2,2,0
3,1207.8240,217.7730,12.0590,1437.6560,1424,3894,45,568,2,12,3,18,167444,40452.0,83391.0,15450.0,0.0,2,2,2,0
4,8.5530,216.3520,16.4620,241.3670,1424,3898,45,568,2,12,3,18,167444,40501.0,83255.0,15492.0,0.0,2,2,2,0
5,6.3900,214.2970,12.8480,233.5350,1424,3897,45,568,2,12,3,18,167444,40493.0,83544.0,15689.0,0.0,2,2,2,0
6,5.4430,215.6080,11.2540,232.3050,1424,3895,45,568,2,12,3,18,167444,40688.0,83286.0,15710.0,0.0,2,2,2,0
7,29.5390,219.8550,23.1690,272.5630,1424,3897,45,568,2,12,3,18,167444,40719.0,83436.0,15665.0,0.0,2,2,2,0
8,5.6560,215.7810,12.7050,234.1420,1424,3898,45,568,2,12,3,18,167444,40594.0,83193.0,15582.0,0.0,2,2,2,0
9,4.6000,216.3000,11.4830,232.3830,1424,3898,45,568,2,12,3,18,167444,40565.0,83284.0,15586.0,0.0,2,2,2,0
10,19.4370,228.0800,22.6430,270.1600,1424,3895,45,568,2,12,3,18,167444,40536.0,84190.0,15450.0,0.0,2,2,2,0
11,5.4010,224.3730,13.2420,243.0160,1424,3897,45,568,2,12,3,18,167444,40439.0,83706.0,15582.0,0.0,2,2,2,0
12,9.4030,219.1710,15.2680,243.8420,1424,3895,45,568,2,12,3,18,167444,40684.0,83729.0,15611.0,0.0,2,2,2,0
13,9.3990,229.6130,11.6830,250.6950,1424,3895,45,568,2,12,3,18,167444,40428.0,83931.0,15449.0,0.0,2,2,2,0
14,9.9430,218.8770,20.7480,249.5680,1424,3893,45,568,2,12,3,18,167444,40493.0,83701.0,15441.0,0.0,2,2,2,0
15,16.7260,226.1320,12.2410,255.0990,1424,3898,45,568,2,12,3,18,167444,40578.0,84259.0,15578.0,0.0,2,2,2,0
16,5.4550,217.6590,21.9300,245.0440,1424,3895,45,568,2,12,3,18,167444,40420.0,83896.0,15596.0,0.0,2,2,2,0
17,21.5140,230.1450,13.2020,264.8610,1424,3896,45,568,2,12,3,18,167444,40645.0,83939.0,15458.0,0.0,2,2,2,0
18,4.5430,216.4530,12.2060,233.2020,1424,3900,45,568,2,12,3,18,167444,40453.0,83767.0,15490.0,0.0,2,2,2,0
19,5.4000,218.2660,11.4230,235.0890,1424,3897,45,568,2,12,3,18,167444,40532.0,83343.0,15454.0,0.0,2,2,2,0
#heap 22317
#stack 2856
#end
#block sweep TLS SecP384r1MLKEM1024
#lib wolfSSL 5.9.4
iter,tcp_ms,tls_ms,mqtt_ms,total_ms,hs_tx_B,hs_rx_B,mqtt_tx_B,mqtt_rx_B,hs_writes,hs_reads,writes,reads,free_heap_B,hs_keygen_us,hs_derive_us,hs_verify_us,hs_sign_us,hs_keygen_n,hs_derive_n,hs_verify_n,hs_sign_n
#suite TLS13-AES256-GCM-SHA384
0,5.4460,621.1620,22.6180,649.2260,1840,4408,45,568,2,12,3,18,167444,168259.0,351400.0,15586.0,0.0,2,2,2,0
1,7.6140,644.6110,15.0590,667.2840,1840,4407,45,568,2,13,3,19,167444,168230.0,351627.0,15484.0,0.0,2,2,2,0
2,7.8110,622.0160,21.5100,651.3370,1840,4409,45,568,2,12,3,18,167444,168165.0,351590.0,15615.0,0.0,2,2,2,0
3,7.3900,624.3570,16.6900,648.4370,1840,4403,45,568,2,13,3,19,167444,168369.0,351397.0,15593.0,0.0,2,2,2,0
4,5.4060,625.8560,12.9550,644.2170,1840,4412,45,568,2,12,3,18,167444,168315.0,351607.0,15585.0,0.0,2,2,2,0
5,5.6380,619.1890,11.7540,636.5810,1840,4412,45,568,2,13,3,19,167444,168207.0,351628.0,15363.0,0.0,2,2,2,0
6,5.7460,623.0520,13.8250,642.6230,1840,4412,45,568,2,13,3,19,167444,168412.0,351603.0,15511.0,0.0,2,2,2,0
7,5.6830,621.9700,22.5540,650.2070,1840,4411,45,568,2,13,3,19,167444,168402.0,351726.0,15315.0,0.0,2,2,2,0
8,7.6160,621.8100,17.4830,646.9090,1840,4407,45,568,2,12,3,18,167444,168585.0,352508.0,15477.0,0.0,2,2,2,0
9,4.4360,624.3610,8.8860,637.6830,1840,4410,45,568,2,12,3,18,167444,168753.0,351432.0,15442.0,0.0,2,2,2,0
10,4.7160,620.9150,14.3660,639.9970,1840,4409,45,568,2,13,3,19,167444,168208.0,351632.0,15474.0,0.0,2,2,2,0
11,7.5310,629.6030,11.2730,648.4070,1840,4409,45,568,2,12,3,18,167444,168286.0,351940.0,15419.0,0.0,2,2,2,0
12,6.4140,618.3350,11.4200,636.1690,1840,4409,45,568,2,12,3,18,167444,168494.0,351464.0,15476.0,0.0,2,2,2,0
13,14.5510,633.9330,11.5780,660.0620,1840,4407,45,568,2,12,3,18,167444,168260.0,351372.0,15503.0,0.0,2,2,2,0
14,6.4140,622.2120,10.2550,638.8810,1840,4410,45,568,2,13,3,19,167444,168217.0,351645.0,15609.0,0.0,2,2,2,0
15,5.4050,619.6140,11.4720,636.4910,1840,4407,45,568,2,13,3,19,167444,168329.0,351589.0,15301.0,0.0,2,2,2,0
16,6.5370,621.8630,19.6460,648.0460,1840,4410,45,568,2,12,3,18,167444,168287.0,351536.0,15785.0,0.0,2,2,2,0
17,6.4260,626.4660,19.4770,652.3690,1840,4409,45,568,2,12,3,18,167444,168373.0,352034.0,15568.0,0.0,2,2,2,0
18,6.5170,617.6710,8.4570,632.6450,1840,4406,45,568,2,13,3,19,167444,168533.0,351602.0,15320.0,0.0,2,2,2,0
19,4.4920,621.6560,10.9670,637.1150,1840,4410,45,568,2,12,3,18,167444,168326.0,351793.0,15493.0,0.0,2,2,2,0
#heap 27021
#stack 2744
#end
#block sweep TLS SecP256r1MLKEM512
#lib wolfSSL 5.9.4
iter,tcp_ms,tls_ms,mqtt_ms,total_ms,hs_tx_B,hs_rx_B,mqtt_tx_B,mqtt_rx_B,hs_writes,hs_reads,writes,reads,free_heap_B,hs_keygen_us,hs_derive_us,hs_verify_us,hs_sign_us,hs_keygen_n,hs_derive_n,hs_verify_n,hs_sign_n
#err tls handshake failed: received alert fatal error
#heap 13601
#stack 1816
#end
#block sweep TLS x25519_mlkem512
#lib wolfSSL 5.9.4
iter,tcp_ms,tls_ms,mqtt_ms,total_ms,hs_tx_B,hs_rx_B,mqtt_tx_B,mqtt_rx_B,hs_writes,hs_reads,writes,reads,free_heap_B,hs_keygen_us,hs_derive_us,hs_verify_us,hs_sign_us,hs_keygen_n,hs_derive_n,hs_verify_n,hs_sign_n
#err tls handshake failed: received alert fatal error
#heap 13072
#stack 1832
#end
#block sweep TLS p384_mlkem768
#lib wolfSSL 5.9.4
iter,tcp_ms,tls_ms,mqtt_ms,total_ms,hs_tx_B,hs_rx_B,mqtt_tx_B,mqtt_rx_B,hs_writes,hs_reads,writes,reads,free_heap_B,hs_keygen_us,hs_derive_us,hs_verify_us,hs_sign_us,hs_keygen_n,hs_derive_n,hs_verify_n,hs_sign_n
=== MQTT / TLS 1.3 / mTLS, FALCON512 certificates, X25519MLKEM768 (wolfSSL 5.9.4) on RP2040 ===
CPU clock: 200 MHz
#watchdog sweep TLS p384_mlkem768: hung during TCP connect (connection -2); no progress for 8 s, the board rebooted; continuing with the next block
#config iterations=50 warmup=5 pipe_iterations=3 messages=200 payload_B=51 schemes=2 sweep_iterations=20 sweep_warmup=2 groups=13 kex_iterations=50 kex_warmup=2 blocks=41
#kat LoRaWAN / AES-CMAC / Ascon known-answer checks: OK
#wifi rssi=-21 dBm channel=10 ip=192.168.50.235 broker=192.168.50.132
#block sweep TLS p521_mlkem1024
#lib wolfSSL 5.9.4
iter,tcp_ms,tls_ms,mqtt_ms,total_ms,hs_tx_B,hs_rx_B,mqtt_tx_B,mqtt_rx_B,hs_writes,hs_reads,writes,reads,free_heap_B,hs_keygen_us,hs_derive_us,hs_verify_us,hs_sign_us,hs_keygen_n,hs_derive_n,hs_verify_n,hs_sign_n
#suite TLS13-AES256-GCM-SHA384
0,5.3890,868.5300,12.5650,886.4840,1876,4443,45,568,2,12,3,18,167668,242222.0,492250.0,15547.0,0.0,2,2,2,0
1,19.6230,867.3630,10.8520,897.8380,1876,4440,45,568,2,12,3,18,167444,242224.0,492108.0,15672.0,0.0,2,2,2,0
2,4.6520,877.7060,20.9640,903.3220,1876,4444,45,568,2,12,3,18,167444,242568.0,492240.0,15670.0,0.0,2,2,2,0
3,4.7610,870.1140,7.8480,882.7230,1876,4442,45,568,2,13,3,19,167444,242746.0,491860.0,15741.0,0.0,2,2,2,0
4,5.4580,863.8980,11.3310,880.6870,1876,4447,45,568,2,12,3,18,167444,242330.0,492192.0,15661.0,0.0,2,2,2,0
5,16.3910,867.3390,8.1290,891.8590,1876,4445,45,568,2,13,3,19,167444,242268.0,492209.0,15476.0,0.0,2,2,2,0
6,5.3980,857.1110,13.0080,875.5170,1876,4446,45,568,2,13,3,19,167444,242180.0,492460.0,15352.0,0.0,2,2,2,0
7,4.6190,865.6590,9.0110,879.2890,1876,4443,45,568,2,12,3,18,167444,242275.0,492263.0,15576.0,0.0,2,2,2,0
8,6.4160,866.0990,11.0940,883.6090,1876,4446,45,568,2,12,3,18,167444,242434.0,491869.0,15692.0,0.0,2,2,2,0
9,7.4790,866.5980,23.4580,897.5350,1876,4455,45,568,2,12,3,18,167444,242338.0,492312.0,15733.0,0.0,2,2,2,0
10,5.4000,866.6020,11.0020,883.0040,1876,4443,45,568,2,12,3,18,167444,243043.0,491764.0,15602.0,0.0,2,2,2,0
11,19.4390,873.9750,13.2700,906.6840,1876,4446,45,568,2,12,3,18,167444,242481.0,492026.0,15478.0,0.0,2,2,2,0
12,5.3880,840.9290,10.6700,856.9870,1876,4445,45,568,2,13,3,19,167444,242052.0,492221.0,15469.0,0.0,2,2,2,0
13,5.5310,839.8770,17.3170,862.7250,1876,4442,45,568,2,13,3,19,167444,242369.0,492297.0,15633.0,0.0,2,2,2,0
14,4.7980,830.0130,25.9670,860.7780,1876,4442,45,568,2,12,3,18,167444,242330.0,492560.0,15599.0,0.0,2,2,2,0
15,6.7340,841.1170,13.8000,861.6510,1876,4446,45,568,2,13,3,19,167444,242165.0,492025.0,15819.0,0.0,2,2,2,0
16,5.4090,850.1260,10.4400,865.9750,1876,4445,45,568,2,12,3,18,167444,242526.0,492254.0,15707.0,0.0,2,2,2,0
17,6.4640,860.9440,12.6130,880.0210,1876,4445,45,568,2,12,3,18,167444,242741.0,492006.0,15800.0,0.0,2,2,2,0
18,5.5380,867.1870,14.1670,886.8920,1876,4449,45,568,2,12,3,18,167444,243139.0,491975.0,15464.0,0.0,2,2,2,0
19,5.5870,859.6500,10.9040,876.1410,1876,4443,45,568,2,13,3,19,167444,242207.0,492067.0,15583.0,0.0,2,2,2,0
#heap 28972
#stack 2744
#end
#block sweep TLS x448_mlkem768
#lib wolfSSL 5.9.4
iter,tcp_ms,tls_ms,mqtt_ms,total_ms,hs_tx_B,hs_rx_B,mqtt_tx_B,mqtt_rx_B,hs_writes,hs_reads,writes,reads,free_heap_B,hs_keygen_us,hs_derive_us,hs_verify_us,hs_sign_us,hs_keygen_n,hs_derive_n,hs_verify_n,hs_sign_n
#suite TLS13-AES256-GCM-SHA384
0,4.4200,529.2090,13.0460,546.6750,1415,3889,45,568,2,12,3,18,167444,211430.0,215192.0,15597.0,0.0,2,2,2,0
1,4.4000,536.2830,9.2190,549.9020,1415,3884,45,568,2,12,3,18,167444,211728.0,215702.0,15431.0,0.0,2,2,2,0
2,6.3990,530.8220,20.4120,557.6330,1415,3888,45,568,2,12,3,18,167444,211609.0,215654.0,15438.0,0.0,2,2,2,0
3,8.4780,524.3680,8.8790,541.7250,1415,3887,45,568,2,12,3,18,167444,211714.0,215771.0,15301.0,0.0,2,2,2,0
4,5.3870,529.7860,20.1680,555.3410,1415,3887,45,568,2,12,3,18,167444,211680.0,215378.0,15486.0,0.0,2,2,2,0
5,6.4820,532.4190,11.9080,550.8090,1415,3883,45,568,2,12,3,18,167444,211523.0,216242.0,15800.0,0.0,2,2,2,0
6,4.4130,531.6060,19.7970,555.8160,1415,3886,45,568,2,12,3,18,167444,211519.0,215827.0,15716.0,0.0,2,2,2,0
7,5.4320,530.7100,11.8530,547.9950,1415,3885,45,568,2,12,3,18,167444,211731.0,216149.0,15719.0,0.0,2,2,2,0
8,5.5350,532.1860,27.9990,565.7200,1415,3887,45,568,2,12,3,18,167444,211736.0,215226.0,15896.0,0.0,2,2,2,0
9,4.4250,532.7960,19.4560,556.6770,1415,3888,45,568,2,12,3,18,167444,211713.0,215594.0,15566.0,0.0,2,2,2,0
10,5.4340,539.2120,11.6390,556.2850,1415,3885,45,568,2,12,3,18,167444,211628.0,215670.0,15322.0,0.0,2,2,2,0
11,5.4680,529.4290,21.9080,556.8050,1415,3884,45,568,2,12,3,18,167444,211858.0,215600.0,15279.0,0.0,2,2,2,0
12,5.4020,534.3900,12.1820,551.9740,1415,3887,45,568,2,12,3,18,167444,211699.0,216255.0,15427.0,0.0,2,2,2,0
13,4.3890,529.4570,19.7510,553.5970,1415,3886,45,568,2,12,3,18,167444,211391.0,215731.0,15473.0,0.0,2,2,2,0
14,7.5190,590.1470,12.1430,609.8090,1415,3886,45,568,2,12,3,18,167444,211559.0,215717.0,15434.0,0.0,2,2,2,0
15,5.4740,533.7470,15.0380,554.2590,1415,3890,45,568,2,12,3,18,167444,211395.0,215247.0,15796.0,0.0,2,2,2,0
16,5.6260,532.0520,14.9960,552.6740,1415,3887,45,568,2,12,3,18,167444,211452.0,216524.0,15557.0,0.0,2,2,2,0
17,10.8780,533.3900,13.6340,557.9020,1415,3888,45,568,2,12,3,18,167444,212925.0,215790.0,15568.0,0.0,2,2,2,0
18,7.3960,555.0640,12.4650,574.9250,1415,3888,45,568,2,12,3,18,167444,211958.0,215852.0,15477.0,0.0,2,2,2,0
19,6.3950,535.1580,25.0550,566.6080,1415,3888,45,568,2,12,3,18,167444,211574.0,216030.0,15735.0,0.0,2,2,2,0
#heap 22290
#stack 3760
#end
#block sweep TLS X25519
#lib wolfSSL 5.9.4
iter,tcp_ms,tls_ms,mqtt_ms,total_ms,hs_tx_B,hs_rx_B,mqtt_tx_B,mqtt_rx_B,hs_writes,hs_reads,writes,reads,free_heap_B,hs_keygen_us,hs_derive_us,hs_verify_us,hs_sign_us,hs_keygen_n,hs_derive_n,hs_verify_n,hs_sign_n
#suite TLS13-AES256-GCM-SHA384
0,5.6110,197.4040,13.9710,216.9860,207,2777,45,568,2,12,3,18,167444,56897.0,56765.0,15473.0,0.0,1,1,2,0
1,4.4180,194.6110,14.1850,213.2140,207,2779,45,568,2,12,3,18,167444,56992.0,56790.0,15592.0,0.0,1,1,2,0
2,5.4200,208.7520,12.2920,226.4640,207,2774,45,568,2,12,3,18,167444,56986.0,56744.0,15447.0,0.0,1,1,2,0
3,5.3660,195.9200,14.6420,215.9280,207,2772,45,568,2,12,3,18,167444,56892.0,56772.0,15314.0,0.0,1,1,2,0
4,4.4450,194.1640,12.0620,210.6710,207,2778,45,568,2,12,3,18,167444,56987.0,56877.0,15797.0,0.0,1,1,2,0
5,4.4360,199.5080,13.5760,217.5200,207,2775,45,568,2,12,3,18,167444,57064.0,56951.0,15605.0,0.0,1,1,2,0
6,4.5430,193.8070,12.8410,211.1910,207,2776,45,568,2,12,3,18,167444,57190.0,56860.0,15468.0,0.0,1,1,2,0
7,5.6560,196.1790,11.8520,213.6870,207,2775,45,568,2,12,3,18,167444,57002.0,56916.0,15487.0,0.0,1,1,2,0
8,5.6060,194.0080,18.9080,218.5220,207,2774,45,568,2,12,3,18,167444,57016.0,56948.0,15334.0,0.0,1,1,2,0
9,5.6380,192.8370,10.5050,208.9800,207,2777,45,568,2,12,3,18,167444,56999.0,56933.0,15344.0,0.0,1,1,2,0
10,8.3890,195.1200,27.8610,231.3700,207,2777,45,568,2,12,3,18,167444,57019.0,56866.0,15340.0,0.0,1,1,2,0
11,12.7340,196.3590,11.7600,220.8530,207,2775,45,568,2,12,3,18,167444,56912.0,56911.0,15475.0,0.0,1,1,2,0
12,4.7800,193.1270,18.2500,216.1570,207,2775,45,568,2,12,3,18,167444,56978.0,56874.0,15555.0,0.0,1,1,2,0
13,6.3910,191.8970,13.9220,212.2100,207,2777,45,568,2,12,3,18,167444,57037.0,56857.0,15457.0,0.0,1,1,2,0
14,5.3680,194.7130,12.7600,212.8410,207,2776,45,568,2,12,3,18,167444,57002.0,56904.0,15462.0,0.0,1,1,2,0
15,4.4120,193.7690,13.7380,211.9190,207,2775,45,568,2,12,3,18,167444,57066.0,56796.0,15626.0,0.0,1,1,2,0
16,5.4200,195.2420,11.9510,212.6130,207,2780,45,568,2,12,3,18,167444,56938.0,56964.0,15570.0,0.0,1,1,2,0
17,4.6690,212.9270,13.2520,230.8480,207,2776,45,568,2,12,3,18,167444,57166.0,56894.0,15464.0,0.0,1,1,2,0
18,4.3880,197.2280,14.4500,216.0660,207,2773,45,568,2,12,3,18,167444,57003.0,56853.0,15465.0,0.0,1,1,2,0
19,4.7120,192.5000,14.1150,211.3270,207,2780,45,568,2,12,3,18,167444,56992.0,56928.0,15487.0,0.0,1,1,2,0
#heap 17876
#stack 2712
#end
#block sweep TLS secp256r1
#lib wolfSSL 5.9.4
iter,tcp_ms,tls_ms,mqtt_ms,total_ms,hs_tx_B,hs_rx_B,mqtt_tx_B,mqtt_rx_B,hs_writes,hs_reads,writes,reads,free_heap_B,hs_keygen_us,hs_derive_us,hs_verify_us,hs_sign_us,hs_keygen_n,hs_derive_n,hs_verify_n,hs_sign_n
#suite TLS13-AES256-GCM-SHA384
0,5.4120,183.9640,12.6220,201.9980,240,2810,45,568,2,12,3,18,167444,31230.0,70250.0,15467.0,0.0,1,1,2,0
1,8.5600,198.8040,13.1710,220.5350,240,2812,45,568,2,12,3,18,167444,31236.0,70138.0,15608.0,0.0,1,1,2,0
2,4.4260,179.7470,46.2780,230.4510,240,2807,45,568,2,12,3,18,167444,31355.0,70739.0,15440.0,0.0,1,1,2,0
3,5.6090,183.0200,16.7400,205.3690,240,2806,45,568,2,12,3,18,167444,31113.0,70741.0,15645.0,0.0,1,1,2,0
4,6.3870,189.7400,8.4710,204.5980,240,2807,45,568,2,12,3,18,167444,31244.0,70620.0,15311.0,0.0,1,1,2,0
5,8.4080,178.6050,10.3050,197.3180,240,2808,45,568,2,12,3,18,167444,31221.0,70210.0,15472.0,0.0,1,1,2,0
6,8.6070,185.5910,28.7150,222.9130,240,2805,45,568,2,12,3,18,167444,31305.0,70364.0,15330.0,0.0,1,1,2,0
7,24.5320,180.4120,19.6120,224.5560,240,2809,45,568,2,12,3,18,167444,31291.0,70769.0,15761.0,0.0,1,1,2,0
8,5.3880,180.8340,16.1810,202.4030,240,2811,45,568,2,12,3,18,167444,31209.0,70306.0,15462.0,0.0,1,1,2,0
9,4.5140,184.6310,11.8790,201.0240,240,2806,45,568,2,12,3,18,167444,31238.0,70247.0,15465.0,0.0,1,1,2,0
10,6.4430,182.1760,13.8300,202.4490,240,2807,45,568,2,12,3,18,167444,31227.0,70119.0,15694.0,0.0,1,1,2,0
11,18.4990,187.1680,20.7820,226.4490,240,2810,45,568,2,12,3,18,167444,31186.0,71324.0,15710.0,0.0,1,1,2,0
12,4.4920,197.9830,12.6770,215.1520,240,2808,45,568,2,12,3,18,167444,31251.0,70153.0,15608.0,0.0,1,1,2,0
13,6.5980,195.3110,14.1300,216.0390,240,2812,45,568,2,12,3,18,167444,31435.0,70271.0,15468.0,0.0,1,1,2,0
14,5.7680,187.2290,19.1700,212.1670,240,2804,45,568,2,12,3,18,167444,31244.0,70124.0,16159.0,0.0,1,1,2,0
15,5.5040,183.3830,12.2020,201.0890,240,2808,45,568,2,12,3,18,167444,31213.0,70284.0,15346.0,0.0,1,1,2,0
16,11.6500,180.4570,16.0270,208.1340,240,2805,45,568,2,12,3,18,167444,31287.0,70697.0,15479.0,0.0,1,1,2,0
17,7.3860,181.8790,26.9420,216.2070,240,2810,45,568,2,12,3,18,167444,31232.0,70178.0,15474.0,0.0,1,1,2,0
18,4.4340,183.7280,12.8190,200.9810,240,2804,45,568,2,12,3,18,167444,31118.0,70225.0,15861.0,0.0,1,1,2,0
19,5.5640,184.9080,13.8910,204.3630,240,2809,45,568,2,12,3,18,167444,31113.0,70648.0,15468.0,0.0,1,1,2,0
#heap 17909
#stack 2704
#end
#block sweep mTLS MLKEM512
#lib wolfSSL 5.9.4
iter,tcp_ms,tls_ms,mqtt_ms,total_ms,hs_tx_B,hs_rx_B,mqtt_tx_B,mqtt_rx_B,hs_writes,hs_reads,writes,reads,free_heap_B,hs_keygen_us,hs_derive_us,hs_verify_us,hs_sign_us,hs_keygen_n,hs_derive_n,hs_verify_n,hs_sign_n
#suite TLS13-AES256-GCM-SHA384
0,5.7590,1123.9450,25.4040,1155.1080,3516,3680,45,4216,4,14,5,20,163348,5972.0,8564.0,15406.0,1004274.0,1,1,2,1
1,4.7790,1127.7580,24.7680,1157.3050,3520,3687,45,4216,4,14,5,20,163348,5970.0,8660.0,15591.0,1003094.0,1,1,2,1
2,5.5930,1115.8340,25.3950,1146.8220,3518,3678,45,4216,4,14,5,20,163348,6082.0,8461.0,15717.0,1002265.0,1,1,2,1
3,6.3830,1130.1020,30.9370,1167.4220,3519,3682,45,4216,4,14,5,20,163348,5989.0,8578.0,15590.0,1005250.0,1,1,2,1
4,20.4100,1114.4940,40.5180,1175.4220,3521,3679,45,4216,4,14,5,20,163348,6061.0,8444.0,15425.0,999966.0,1,1,2,1
5,4.6080,1122.7830,31.8780,1159.2690,3515,3679,45,4216,4,14,5,20,163348,5988.0,9043.0,15587.0,1003214.0,1,1,2,1
6,20.7240,1111.5520,31.6510,1163.9270,3520,3680,45,4216,4,14,5,20,163348,5966.0,8465.0,15511.0,1000966.0,1,1,2,1
7,8.7150,1138.6270,35.2510,1182.5930,3519,3681,45,4216,4,14,5,20,163348,5969.0,8571.0,15612.0,1012346.0,1,1,2,1
8,4.6320,1116.7330,30.2220,1151.5870,3516,3684,45,4216,4,14,5,20,163348,6135.0,8441.0,15543.0,1001261.0,1,1,2,1
9,5.3770,1120.3620,23.1990,1148.9380,3523,3682,45,4216,4,14,5,20,163348,6032.0,8651.0,15493.0,1000139.0,1,1,2,1
10,4.4080,1123.3750,22.4330,1150.2160,3519,3682,45,4216,4,14,5,20,163348,5977.0,8432.0,15531.0,1002835.0,1,1,2,1
11,5.8190,1120.4300,23.0190,1149.2680,3521,3680,45,4216,4,14,5,20,163348,5986.0,8570.0,15455.0,1005613.0,1,1,2,1
12,20.4250,1119.7550,32.7710,1172.9510,3520,3679,45,4216,4,14,5,20,163348,6071.0,8638.0,15562.0,1003712.0,1,1,2,1
13,4.4030,1113.0730,29.7900,1147.2660,3519,3682,45,4216,4,14,5,20,163348,5988.0,9984.0,15782.0,1000106.0,1,1,2,1
14,4.6070,1122.4220,30.4260,1157.4550,3519,3680,45,4216,4,14,5,20,163348,6281.0,8586.0,15329.0,998714.0,1,1,2,1
15,7.4020,1126.0000,35.6800,1169.0820,3518,3682,45,4216,4,14,5,20,163348,5981.0,8441.0,15587.0,1000577.0,1,1,2,1
16,6.4050,1123.4360,23.5780,1153.4190,3515,3682,45,4216,4,14,5,20,163348,5954.0,8446.0,15587.0,1004376.0,1,1,2,1
17,6.5500,1117.4010,24.1800,1148.1310,3518,3682,45,4216,4,14,5,20,163348,5970.0,10036.0,15352.0,1000443.0,1,1,2,1
18,4.8490,1116.9070,28.9870,1150.7430,3515,3683,45,4216,4,14,5,20,163348,5971.0,8448.0,15656.0,1002899.0,1,1,2,1
19,5.6760,1121.4460,36.5670,1163.6890,3520,3679,45,4216,4,14,5,20,163348,5984.0,8580.0,15646.0,1002223.0,1,1,2,1
#heap 76050
#stack 2800
#end
#block sweep mTLS MLKEM768
#lib wolfSSL 5.9.4
iter,tcp_ms,tls_ms,mqtt_ms,total_ms,hs_tx_B,hs_rx_B,mqtt_tx_B,mqtt_rx_B,hs_writes,hs_reads,writes,reads,free_heap_B,hs_keygen_us,hs_derive_us,hs_verify_us,hs_sign_us,hs_keygen_n,hs_derive_n,hs_verify_n,hs_sign_n
#suite TLS13-AES256-GCM-SHA384
0,6.5730,1150.7770,31.8300,1189.1800,3902,4001,45,4216,4,14,5,20,163348,9239.0,13057.0,15560.0,1000784.0,1,1,2,1
1,5.4390,1131.4640,23.5830,1160.4860,3902,4000,45,4216,4,14,5,20,163348,9351.0,13157.0,15661.0,1005880.0,1,1,2,1
2,20.5290,1133.4360,23.5190,1177.4840,3905,4003,45,4216,4,14,5,20,163348,9414.0,13179.0,15597.0,999483.0,1,1,2,1
3,5.4160,1125.2690,24.8330,1155.5180,3899,4000,45,4216,4,14,5,20,163348,9362.0,13060.0,15589.0,999584.0,1,1,2,1
4,17.5790,1156.1560,30.6460,1204.3810,3903,4001,45,4216,4,14,5,20,163348,9247.0,13195.0,15696.0,1004955.0,1,1,2,1
5,5.5590,1139.4140,30.4720,1175.4450,3902,4002,45,4216,4,14,5,20,163348,9345.0,13263.0,15859.0,999741.0,1,1,2,1
6,22.4240,1129.8380,24.3630,1176.6250,3900,4004,45,4216,4,14,5,20,163348,9221.0,13041.0,15729.0,1002840.0,1,1,2,1
7,6.4960,1133.9010,36.5930,1176.9900,3904,4003,45,4216,4,14,5,20,163348,9367.0,13055.0,15742.0,1005142.0,1,1,2,1
8,7.3780,1127.9810,22.3910,1157.7500,3896,4000,45,4216,4,14,5,20,163348,9240.0,13058.0,15828.0,1003309.0,1,1,2,1
9,20.4180,1125.5400,24.6450,1170.6030,3901,3999,45,4216,4,14,5,20,163348,9226.0,14602.0,15524.0,997524.0,1,1,2,1
10,5.4680,1129.0640,22.4480,1156.9800,3902,3998,45,4216,4,14,5,20,163348,9349.0,13275.0,15565.0,1003877.0,1,1,2,1
11,20.4220,1142.9460,40.6090,1203.9770,3901,4000,45,4216,4,14,5,20,163348,9235.0,13762.0,15450.0,1003791.0,1,1,2,1
12,5.6150,1142.9060,28.7330,1177.2540,3903,3997,45,4216,4,14,5,20,163348,9492.0,13405.0,15650.0,998181.0,1,1,2,1
13,20.4760,1124.4330,29.9060,1174.8150,3900,4002,45,4216,4,14,5,20,163348,9235.0,13044.0,15550.0,997355.0,1,1,2,1
14,6.4370,1123.7650,29.9430,1160.1450,3901,4004,45,4216,4,14,5,20,163348,9317.0,13048.0,15599.0,999652.0,1,1,2,1
15,18.4100,1136.9810,25.5610,1180.9520,3902,4000,45,4216,4,14,5,20,163348,9441.0,13165.0,15587.0,1004211.0,1,1,2,1
16,20.5850,1132.7760,22.8350,1176.1960,3904,3996,45,4216,4,14,5,20,163348,9326.0,13185.0,15448.0,999502.0,1,1,2,1
17,5.6320,1129.9220,24.1840,1159.7380,3906,4004,45,4216,4,14,5,20,163348,9245.0,14727.0,15332.0,1004120.0,1,1,2,1
18,5.4930,1135.0220,26.5830,1167.0980,3905,4000,45,4216,4,14,5,20,163348,9450.0,13202.0,15475.0,1001981.0,1,1,2,1
19,4.3910,1125.4090,22.3700,1152.1700,3904,3996,45,4216,4,14,5,20,163348,9337.0,13160.0,15641.0,1000600.0,1,1,2,1
#heap 77202
#stack 3096
#end
#block sweep mTLS MLKEM1024
#lib wolfSSL 5.9.4
iter,tcp_ms,tls_ms,mqtt_ms,total_ms,hs_tx_B,hs_rx_B,mqtt_tx_B,mqtt_rx_B,hs_writes,hs_reads,writes,reads,free_heap_B,hs_keygen_us,hs_derive_us,hs_verify_us,hs_sign_us,hs_keygen_n,hs_derive_n,hs_verify_n,hs_sign_n
#suite TLS13-AES256-GCM-SHA384
0,17.7090,1140.6400,23.5460,1181.8950,4284,4481,45,4216,4,14,5,20,163348,14612.0,19287.0,15399.0,1003045.0,1,1,2,1
1,6.4230,1159.0030,34.3710,1199.7970,4288,4485,45,4216,4,14,5,20,163348,14377.0,19480.0,15802.0,1002567.0,1,1,2,1
2,4.3920,1137.4840,28.7790,1170.6550,4283,4481,45,4216,4,14,5,20,163348,14485.0,19262.0,15411.0,999366.0,1,1,2,1
3,6.4390,1153.1940,48.2160,1207.8490,4284,4481,45,4216,4,14,5,20,163348,14376.0,19252.0,16114.0,999486.0,1,1,2,1
4,6.4750,1154.5140,30.2720,1191.2610,4285,4480,45,4216,4,14,5,20,163348,14436.0,19278.0,15577.0,999306.0,1,1,2,1
5,9.5690,1138.2050,34.3150,1182.0890,4283,4477,45,4216,4,14,5,20,163348,14387.0,19273.0,15512.0,999404.0,1,1,2,1
6,6.4500,1147.9840,22.5340,1176.9680,4286,4482,45,4216,4,15,5,21,163348,14379.0,19418.0,15572.0,1005683.0,1,1,2,1
7,4.7800,1154.5590,34.2180,1193.5570,4288,4481,45,4216,4,15,5,21,163348,14610.0,19437.0,15588.0,1003025.0,1,1,2,1
8,5.6680,1136.4280,29.9960,1172.0920,4284,4482,45,4216,4,15,5,21,163348,14439.0,19319.0,15645.0,998077.0,1,1,2,1
9,5.4060,1146.9330,23.9910,1176.3300,4286,4479,45,4216,4,15,5,21,163348,14342.0,19256.0,15720.0,1004317.0,1,1,2,1
10,6.6870,1157.5850,32.7680,1197.0400,4285,4481,45,4216,4,14,5,20,163348,14363.0,19271.0,15616.0,1005253.0,1,1,2,1
11,20.9240,1139.9260,23.7470,1184.5970,4286,4480,45,4216,4,14,5,20,163348,14259.0,19385.0,15425.0,999976.0,1,1,2,1
12,6.6160,1160.0850,29.3500,1196.0510,4287,4480,45,4216,4,14,5,20,163348,14463.0,19291.0,15485.0,1001858.0,1,1,2,1
13,5.4210,1143.1590,26.0340,1174.6140,4286,4482,45,4216,4,14,5,20,163348,14486.0,19318.0,15493.0,1000461.0,1,1,2,1
14,4.7550,1669.6500,34.2320,1708.6370,4284,4482,45,4216,4,14,5,20,163348,14533.0,19311.0,15432.0,1003446.0,1,1,2,1
15,5.3730,1137.1220,28.9210,1171.4160,4285,4479,45,4216,4,15,5,21,163348,14236.0,19267.0,15442.0,998981.0,1,1,2,1
16,5.3750,1148.1480,22.4220,1175.9450,4287,4482,45,4216,4,15,5,21,163348,14467.0,21010.0,15626.0,1000807.0,1,1,2,1
17,7.5330,1150.2310,21.9230,1179.6870,4286,4484,45,4216,4,14,5,20,163348,14505.0,19330.0,15622.0,1000124.0,1,1,2,1
18,5.4340,1146.6130,40.6590,1192.7060,4290,4478,45,4216,4,15,5,21,163348,14360.0,19263.0,15469.0,999179.0,1,1,2,1
19,5.6210,1144.3690,28.3590,1178.3490,4289,4480,45,4216,4,15,5,21,163348,14281.0,19286.0,15480.0,1001840.0,1,1,2,1
#heap 78354
#stack 2976
#end
#block sweep mTLS X25519MLKEM768
#lib wolfSSL 5.9.4
iter,tcp_ms,tls_ms,mqtt_ms,total_ms,hs_tx_B,hs_rx_B,mqtt_tx_B,mqtt_rx_B,hs_writes,hs_reads,writes,reads,free_heap_B,hs_keygen_us,hs_derive_us,hs_verify_us,hs_sign_us,hs_keygen_n,hs_derive_n,hs_verify_n,hs_sign_n
#suite TLS13-AES256-GCM-SHA384
0,5.4270,1241.8710,26.7160,1274.0140,3931,3996,45,4216,4,14,5,20,163348,66204.0,70064.0,15509.0,995700.0,2,2,2,1
1,19.4330,1251.3330,22.7410,1293.5070,3932,3992,45,4216,4,14,5,20,163348,66208.0,70504.0,15425.0,1002350.0,2,2,2,1
2,5.5410,1249.6950,30.9790,1286.2150,3934,3991,45,4216,4,14,5,20,163348,66314.0,70751.0,15470.0,1004016.0,2,2,2,1
3,5.4370,1241.4400,53.0710,1299.9480,3932,3995,45,4216,4,14,5,20,163348,66422.0,70167.0,15441.0,998450.0,2,2,2,1
4,13.4120,1254.4720,31.1210,1299.0050,3936,3993,45,4216,4,14,5,20,163348,66275.0,70500.0,15493.0,998949.0,2,2,2,1
5,19.5470,1259.2240,22.4730,1301.2440,3935,3994,45,4216,4,14,5,20,163348,66277.0,70090.0,15726.0,1003960.0,2,2,2,1
6,5.3840,1249.4520,36.0460,1290.8820,3932,3992,45,4216,4,14,5,20,163348,66215.0,70219.0,15489.0,1003955.0,2,2,2,1
7,5.5000,1328.3850,33.3940,1367.2790,3934,3992,45,4216,4,14,5,20,163348,66217.0,71586.0,15442.0,1003441.0,2,2,2,1
8,20.4040,1256.5440,38.2940,1315.2420,3934,3994,45,4216,4,14,5,20,163348,66219.0,70042.0,15466.0,1002451.0,2,2,2,1
9,7.4820,1256.7280,23.0410,1287.2510,3937,3993,45,4216,4,14,5,20,163348,66206.0,70477.0,15455.0,1008210.0,2,2,2,1
10,4.7630,1248.5230,26.5100,1279.7960,3930,3994,45,4216,4,14,5,20,163348,66187.0,70105.0,15411.0,1003931.0,2,2,2,1
11,14.8950,1253.0160,28.4930,1296.4040,3932,3997,45,4216,4,14,5,20,163348,66256.0,70029.0,15589.0,1003175.0,2,2,2,1
12,19.6630,1257.2170,22.7300,1299.6100,3934,3995,45,4216,4,14,5,20,163348,66264.0,70063.0,15518.0,1004572.0,2,2,2,1
13,4.3940,1251.5070,31.6430,1287.5440,3939,3993,45,4216,4,14,5,20,163348,66240.0,70054.0,15779.0,1004711.0,2,2,2,1
14,6.4070,1245.9730,27.9840,1280.3640,3937,3989,45,4216,4,14,5,20,163348,66347.0,70656.0,15410.0,1003242.0,2,2,2,1
15,18.4110,1256.1930,27.7590,1302.3630,3935,3992,45,4216,4,14,5,20,163348,66246.0,70144.0,15544.0,1003786.0,2,2,2,1
16,4.7690,1247.2520,29.4000,1281.4210,3933,3990,45,4216,4,14,5,20,163348,66263.0,70050.0,15431.0,1002894.0,2,2,2,1
17,8.4080,1241.8120,28.5680,1278.7880,3936,3991,45,4216,4,14,5,20,163348,66244.0,69920.0,15442.0,997810.0,2,2,2,1
18,19.4150,1258.5960,23.9940,1302.0050,3930,3994,45,4216,4,14,5,20,163348,66317.0,70069.0,15446.0,1003434.0,2,2,2,1
19,4.3850,1246.5760,31.7420,1282.7030,3937,3997,45,4216,4,14,5,20,163348,66289.0,70464.0,15453.0,1000637.0,2,2,2,1
#heap 75954
#stack 3512
#end
#block sweep mTLS SecP256r1MLKEM768
#lib wolfSSL 5.9.4
iter,tcp_ms,tls_ms,mqtt_ms,total_ms,hs_tx_B,hs_rx_B,mqtt_tx_B,mqtt_rx_B,hs_writes,hs_reads,writes,reads,free_heap_B,hs_keygen_us,hs_derive_us,hs_verify_us,hs_sign_us,hs_keygen_n,hs_derive_n,hs_verify_n,hs_sign_n
#suite TLS13-AES256-GCM-SHA384
0,5.4120,1249.2770,23.6450,1278.3340,3969,4065,45,4216,4,14,5,20,163348,40706.0,83380.0,15299.0,1003409.0,2,2,2,1
1,4.4170,1235.2070,23.7940,1263.4180,3966,4066,45,4216,4,14,5,20,163348,40542.0,83177.0,15461.0,1001585.0,2,2,2,1
2,5.4410,1229.3940,21.8680,1256.7030,3965,4068,45,4216,4,14,5,20,163348,40535.0,83303.0,15837.0,998131.0,2,2,2,1
3,5.4150,1232.0710,20.5680,1258.0540,3965,4066,45,4216,4,14,5,20,163348,40527.0,83283.0,15316.0,999811.0,2,2,2,1
4,18.4730,1230.1580,22.9730,1271.6040,3968,4066,45,4216,4,14,5,20,163348,40418.0,83379.0,15564.0,998776.0,2,2,2,1
5,9.5610,1235.7940,28.7270,1274.0820,3967,4063,45,4216,4,14,5,20,163348,40511.0,84579.0,15594.0,1002128.0,2,2,2,1
6,6.3760,1233.5830,21.8410,1261.8000,3967,4066,45,4216,4,14,5,20,163348,40535.0,83225.0,15464.0,1000096.0,2,2,2,1
7,4.6540,1230.7770,22.5700,1258.0010,3965,4068,45,4216,4,14,5,20,163348,40501.0,83373.0,15497.0,999175.0,2,2,2,1
8,5.4630,1237.7220,36.8480,1280.0330,3967,4065,45,4216,4,14,5,20,163348,40485.0,83269.0,15549.0,1003189.0,2,2,2,1
9,4.4140,1234.2240,34.4170,1273.0550,3961,4064,45,4216,4,14,5,20,163348,40657.0,84652.0,15577.0,999924.0,2,2,2,1
10,6.7110,1243.7260,28.5590,1278.9960,3968,4065,45,4216,4,14,5,20,163348,40461.0,83244.0,15330.0,999483.0,2,2,2,1
11,6.7160,1246.9190,24.6770,1278.3120,3968,4067,45,4216,4,14,5,20,163348,40616.0,83764.0,15450.0,1002251.0,2,2,2,1
12,5.3870,1297.1310,77.8920,1380.4100,3969,4068,45,4216,4,14,5,20,163348,40602.0,83348.0,15587.0,1002756.0,2,2,2,1
13,4.7220,1309.3260,28.3010,1342.3490,3970,4068,45,4216,4,14,5,20,163348,40518.0,83794.0,15423.0,999210.0,2,2,2,1
14,18.4770,1307.7930,30.6790,1356.9490,3968,4070,45,4216,4,14,5,20,163348,40544.0,83205.0,15327.0,1004577.0,2,2,2,1
15,6.4020,1235.8630,22.7650,1265.0300,3967,4069,45,4216,4,14,5,20,163348,40606.0,84803.0,15438.0,999787.0,2,2,2,1
16,5.3990,1240.7990,34.0860,1280.2840,3968,4064,45,4216,4,14,5,20,163348,40653.0,83491.0,15459.0,1006540.0,2,2,2,1
17,5.4490,1241.5750,48.7260,1295.7500,3966,4065,45,4216,4,14,5,20,163348,40432.0,85188.0,15462.0,1000366.0,2,2,2,1
18,4.4380,1245.7230,22.4820,1272.6430,3966,4065,45,4216,4,14,5,20,163348,40430.0,83868.0,16122.0,1006246.0,2,2,2,1
19,5.3680,1236.2320,23.1470,1264.7470,3969,4068,45,4216,4,14,5,20,163348,40482.0,83860.0,15588.0,1002360.0,2,2,2,1
#heap 76020
#stack 3256
#end
#block sweep mTLS SecP384r1MLKEM1024
#lib wolfSSL 5.9.4
iter,tcp_ms,tls_ms,mqtt_ms,total_ms,hs_tx_B,hs_rx_B,mqtt_tx_B,mqtt_rx_B,hs_writes,hs_reads,writes,reads,free_heap_B,hs_keygen_us,hs_derive_us,hs_verify_us,hs_sign_us,hs_keygen_n,hs_derive_n,hs_verify_n,hs_sign_n
#suite TLS13-AES256-GCM-SHA384
0,8.4860,1656.8160,34.6010,1699.9030,4379,4580,45,4216,4,14,5,20,163348,168466.0,351517.0,15650.0,1005647.0,2,2,2,1
1,9.7390,1646.4240,30.1140,1686.2770,4383,4578,45,4216,4,14,5,20,163348,168331.0,351476.0,15789.0,1004635.0,2,2,2,1
2,10.7760,1636.4180,30.5300,1677.7240,4380,4575,45,4216,4,14,5,20,163348,168444.0,351636.0,15321.0,999108.0,2,2,2,1
3,6.3910,1646.2960,29.9090,1682.5960,4381,4578,45,4216,4,14,5,20,163348,168273.0,352082.0,15478.0,1005170.0,2,2,2,1
4,5.4160,1639.1390,38.2250,1682.7800,4382,4574,45,4216,4,15,5,21,163348,168229.0,351853.0,15468.0,1001507.0,2,2,2,1
5,4.3990,1639.6410,33.5970,1677.6370,4387,4582,45,4216,4,14,5,20,163348,168342.0,351562.0,15314.0,1003123.0,2,2,2,1
6,5.5450,1639.0090,34.3990,1678.9530,4380,4580,45,4216,4,14,5,20,163348,168331.0,351399.0,16061.0,1000176.0,2,2,2,1
7,5.4490,1640.9230,29.8600,1676.2320,4382,4577,45,4216,4,14,5,20,163348,168291.0,351827.0,15329.0,1003529.0,2,2,2,1
8,5.4650,1635.1750,23.5220,1664.1620,4379,4580,45,4216,4,14,5,20,163348,168746.0,352137.0,15594.0,999258.0,2,2,2,1
9,4.8000,1642.7040,22.7000,1670.2040,4382,4579,45,4216,4,15,5,21,163348,168346.0,351883.0,15505.0,1005119.0,2,2,2,1
10,4.4110,1641.2970,23.1660,1668.8740,4382,4573,45,4216,4,15,5,21,163348,168344.0,351675.0,15304.0,1001902.0,2,2,2,1
11,20.4040,1638.8640,23.1310,1682.3990,4384,4578,45,4216,4,14,5,20,163348,168345.0,351579.0,15471.0,1000285.0,2,2,2,1
12,4.8120,1641.2400,22.3220,1668.3740,4381,4577,45,4216,4,14,5,20,163348,168301.0,351772.0,15451.0,1003582.0,2,2,2,1
13,17.4940,1642.7440,23.8400,1684.0780,4383,4577,45,4216,4,15,5,21,163348,169163.0,351238.0,15476.0,1005281.0,2,2,2,1
14,5.4000,1638.6120,23.3410,1667.3530,4386,4577,45,4216,4,15,5,21,163348,168397.0,352151.0,15616.0,999623.0,2,2,2,1
15,4.7980,1644.5040,24.9520,1674.2540,4384,4579,45,4216,4,14,5,20,163348,168379.0,353061.0,15489.0,1004884.0,2,2,2,1
16,4.3960,1639.4350,22.2700,1666.1010,4379,4582,45,4216,4,15,5,21,163348,168343.0,351741.0,15449.0,1000356.0,2,2,2,1
17,18.4700,1642.9500,23.4150,1684.8350,4378,4580,45,4216,4,15,5,21,163348,168312.0,351493.0,15560.0,1002835.0,2,2,2,1
18,6.6100,1639.4550,23.5790,1669.6440,4385,4580,45,4216,4,14,5,20,163348,168363.0,351335.0,15334.0,1004050.0,2,2,2,1
19,31.6160,1647.2820,32.7280,1711.6260,4382,4578,45,4216,4,14,5,20,163348,168080.0,351541.0,15458.0,998292.0,2,2,2,1
#heap 76948
#stack 2744
#end
#block sweep mTLS SecP256r1MLKEM512
#lib wolfSSL 5.9.4
iter,tcp_ms,tls_ms,mqtt_ms,total_ms,hs_tx_B,hs_rx_B,mqtt_tx_B,mqtt_rx_B,hs_writes,hs_reads,writes,reads,free_heap_B,hs_keygen_us,hs_derive_us,hs_verify_us,hs_sign_us,hs_keygen_n,hs_derive_n,hs_verify_n,hs_sign_n
#err tls handshake failed: error state on socket
#heap 17666
#stack 1824
#end
#block sweep mTLS x25519_mlkem512
#lib wolfSSL 5.9.4
iter,tcp_ms,tls_ms,mqtt_ms,total_ms,hs_tx_B,hs_rx_B,mqtt_tx_B,mqtt_rx_B,hs_writes,hs_reads,writes,reads,free_heap_B,hs_keygen_us,hs_derive_us,hs_verify_us,hs_sign_us,hs_keygen_n,hs_derive_n,hs_verify_n,hs_sign_n
#err tls handshake failed: received alert fatal error
#heap 17137
#stack 1816
#end
#block sweep mTLS p384_mlkem768
#lib wolfSSL 5.9.4
iter,tcp_ms,tls_ms,mqtt_ms,total_ms,hs_tx_B,hs_rx_B,mqtt_tx_B,mqtt_rx_B,hs_writes,hs_reads,writes,reads,free_heap_B,hs_keygen_us,hs_derive_us,hs_verify_us,hs_sign_us,hs_keygen_n,hs_derive_n,hs_verify_n,hs_sign_n
#suite TLS13-AES256-GCM-SHA384
0,7.4220,1657.3770,23.8780,1688.6770,4002,4099,45,4216,4,14,5,20,163348,163216.0,345462.0,15592.0,1004861.0,2,2,2,1
1,4.4010,1640.3500,26.4950,1671.2460,4002,4098,45,4216,4,14,5,20,163348,163331.0,345235.0,15425.0,1000607.0,2,2,2,1
2,5.7340,1654.5610,21.8360,1682.1310,3998,4101,45,4216,4,14,5,20,163348,164158.0,345979.0,15465.0,1004956.0,2,2,2,1
3,4.4030,1648.7840,22.6860,1675.8730,3996,4099,45,4216,4,14,5,20,163348,163321.0,345095.0,15412.0,1001437.0,2,2,2,1
4,4.3900,1640.3940,25.0620,1669.8460,4002,4100,45,4216,4,14,5,20,163348,163213.0,345507.0,15582.0,1000240.0,2,2,2,1
5,19.7230,1635.8130,23.6430,1679.1790,4001,4097,45,4216,4,14,5,20,163348,163191.0,345333.0,16000.0,1000135.0,2,2,2,1
6,5.5280,1654.2850,48.6380,1708.4510,4003,4095,45,4216,4,14,5,20,163348,163410.0,345820.0,15458.0,1002457.0,2,2,2,1
7,6.7330,1649.9620,35.3620,1692.0570,4002,4098,45,4216,4,14,5,20,163348,163218.0,345527.0,15537.0,999103.0,2,2,2,1
8,6.5280,1653.1010,25.8870,1685.5160,3999,4099,45,4216,4,14,5,20,163348,163261.0,345523.0,15437.0,1005648.0,2,2,2,1
9,6.5620,1651.7490,24.3970,1682.7080,3999,4101,45,4216,4,14,5,20,163348,163249.0,346265.0,15708.0,1004071.0,2,2,2,1
10,5.4230,1649.3830,36.4880,1691.2940,3999,4096,45,4216,4,14,5,20,163348,163174.0,345756.0,15725.0,1001979.0,2,2,2,1
11,5.4360,1666.1400,24.5230,1696.0990,3997,4101,45,4216,4,14,5,20,163348,163288.0,345632.0,15333.0,1002290.0,2,2,2,1
12,16.6060,1647.0640,22.8550,1686.5250,4003,4099,45,4216,4,14,5,20,163348,163372.0,345565.0,15301.0,1002709.0,2,2,2,1
13,18.4350,1651.6390,23.1670,1693.2410,3998,4095,45,4216,4,14,5,20,163348,163286.0,345740.0,15495.0,1002998.0,2,2,2,1
14,4.6510,1646.7910,21.8790,1673.3210,3999,4097,45,4216,4,14,5,20,163348,163244.0,345464.0,15438.0,998707.0,2,2,2,1
15,5.5510,1651.8390,22.3840,1679.7740,3996,4097,45,4216,4,14,5,20,163348,163232.0,345595.0,15724.0,999492.0,2,2,2,1
16,5.3990,1651.3980,24.5010,1681.2980,3996,4098,45,4216,4,14,5,20,163348,163416.0,345397.0,15435.0,1000281.0,2,2,2,1
17,5.8430,1648.6580,36.1370,1690.6380,3999,4097,45,4216,4,14,5,20,163348,163173.0,345658.0,15766.0,999319.0,2,2,2,1
18,5.3880,1662.4870,25.0070,1692.8820,3998,4097,45,4216,4,14,5,20,163348,163650.0,345379.0,15587.0,997871.0,2,2,2,1
19,18.4390,1649.9360,23.9520,1692.3270,4002,4097,45,4216,4,14,5,20,163348,163056.0,346173.0,15438.0,1000905.0,2,2,2,1
#heap 76084
#stack 2712
#end
#block sweep mTLS p521_mlkem1024
#lib wolfSSL 5.9.4
iter,tcp_ms,tls_ms,mqtt_ms,total_ms,hs_tx_B,hs_rx_B,mqtt_tx_B,mqtt_rx_B,hs_writes,hs_reads,writes,reads,free_heap_B,hs_keygen_us,hs_derive_us,hs_verify_us,hs_sign_us,hs_keygen_n,hs_derive_n,hs_verify_n,hs_sign_n
#suite TLS13-AES256-GCM-SHA384
0,5.6860,1888.6760,27.0850,1921.4470,4419,4615,45,4216,4,14,5,20,163348,242116.0,492056.0,15463.0,1000918.0,2,2,2,1
1,4.5620,1886.0040,30.9090,1921.4750,4419,4612,45,4216,4,14,5,20,163348,242084.0,492150.0,15695.0,1003935.0,2,2,2,1
2,4.7100,1886.7090,34.9960,1926.4150,4416,4615,45,4216,4,14,5,20,163348,242824.0,492568.0,15551.0,999905.0,2,2,2,1
3,5.6160,1886.3340,35.6790,1927.6290,4418,4614,45,4216,4,14,5,20,163348,242219.0,492257.0,15481.0,1004956.0,2,2,2,1
4,5.4550,1893.1030,24.1210,1922.6790,4424,4614,45,4216,4,14,5,20,163348,243450.0,492246.0,15791.0,999771.0,2,2,2,1
5,5.3790,1891.9890,26.9990,1924.3670,4418,4615,45,4216,4,14,5,20,163348,242192.0,492178.0,15581.0,1005157.0,2,2,2,1
6,5.7690,1890.7740,28.8480,1925.3910,4418,4617,45,4216,4,14,5,20,163348,242180.0,492263.0,15988.0,1002518.0,2,2,2,1
7,5.4060,1883.4520,35.6110,1924.4690,4419,4614,45,4216,4,14,5,20,163348,242225.0,492055.0,15639.0,998582.0,2,2,2,1
8,6.4660,1884.4150,27.4150,1918.2960,4419,4616,45,4216,4,14,5,20,163348,242162.0,492114.0,15542.0,1004884.0,2,2,2,1
9,20.4530,1886.7940,30.7590,1938.0060,4421,4616,45,4216,4,15,5,21,163348,242571.0,492197.0,15702.0,995884.0,2,2,2,1
10,19.3980,1891.7230,34.0860,1945.2070,4419,4613,45,4216,4,15,5,21,163348,242614.0,491852.0,15593.0,1003126.0,2,2,2,1
11,4.7850,1880.9560,34.8810,1920.6220,4420,4615,45,4216,4,15,5,21,163348,242299.0,492083.0,15639.0,1008115.0,2,2,2,1
12,4.6710,1891.1950,30.7810,1926.6470,4415,4613,45,4216,4,15,5,21,163348,242466.0,491970.0,15478.0,1001709.0,2,2,2,1
13,4.8060,1899.9350,22.4150,1927.1560,4420,4612,45,4216,4,14,5,20,163348,243080.0,492811.0,15435.0,1004091.0,2,2,2,1
14,6.3910,1886.0560,26.2810,1918.7280,4418,4614,45,4216,4,14,5,20,163348,243138.0,492277.0,15662.0,1003732.0,2,2,2,1
15,19.5350,1884.2550,29.5770,1933.3670,4417,4619,45,4216,4,15,5,21,163348,242174.0,492213.0,15576.0,999238.0,2,2,2,1
16,7.6890,1906.5340,30.6930,1944.9160,4417,4612,45,4216,4,15,5,21,163348,242196.0,492166.0,15619.0,1004730.0,2,2,2,1
17,18.3870,1884.7050,29.7540,1932.8460,4419,4612,45,4216,4,15,5,21,163348,242274.0,492133.0,15518.0,1000798.0,2,2,2,1
18,8.3760,1888.6940,330.5700,2227.6400,4420,4610,45,4216,4,14,5,20,163348,242174.0,491957.0,15778.0,1006257.0,2,2,2,1
19,4.3880,1887.5130,22.2660,1914.1670,4415,4612,45,4216,4,14,5,20,163348,242174.0,492348.0,15313.0,1005210.0,2,2,2,1
#heap 77020
#stack 2792
#end
#block sweep mTLS x448_mlkem768
#lib wolfSSL 5.9.4
iter,tcp_ms,tls_ms,mqtt_ms,total_ms,hs_tx_B,hs_rx_B,mqtt_tx_B,mqtt_rx_B,hs_writes,hs_reads,writes,reads,free_heap_B,hs_keygen_us,hs_derive_us,hs_verify_us,hs_sign_us,hs_keygen_n,hs_derive_n,hs_verify_n,hs_sign_n
#suite TLS13-AES256-GCM-SHA384
0,5.4130,1552.6060,31.2670,1589.2860,3959,4057,45,4216,4,14,5,20,163348,211738.0,215646.0,15554.0,1003854.0,2,2,2,1
1,5.4390,1545.5120,38.2690,1589.2200,3961,4056,45,4216,4,14,5,20,163348,211520.0,216203.0,15696.0,999364.0,2,2,2,1
2,9.4020,1551.1180,23.0580,1583.5780,3959,4055,45,4216,4,14,5,20,163348,211767.0,215980.0,15765.0,1002404.0,2,2,2,1
3,5.3730,1560.8950,24.7640,1591.0320,3957,4056,45,4216,4,14,5,20,163348,211840.0,215838.0,15573.0,997372.0,2,2,2,1
4,4.8210,1547.7200,24.9080,1577.4490,3957,4058,45,4216,4,14,5,20,163348,211685.0,215633.0,15496.0,997748.0,2,2,2,1
5,11.4200,1561.1840,28.9340,1601.5380,3956,4056,45,4216,4,14,5,20,163348,211727.0,215514.0,15316.0,1002445.0,2,2,2,1
6,19.5790,1550.2650,22.6250,1592.4690,3958,4058,45,4216,4,14,5,20,163348,212088.0,217152.0,15463.0,1003003.0,2,2,2,1
7,6.4370,1543.2200,21.8790,1571.5360,3959,4056,45,4216,4,14,5,20,163348,211380.0,215756.0,15307.0,998887.0,2,2,2,1
8,5.5290,1548.5280,34.6280,1588.6850,3959,4058,45,4216,4,14,5,20,163348,212131.0,215692.0,15478.0,1005553.0,2,2,2,1
9,5.4660,1549.3220,32.9630,1587.7510,3959,4055,45,4216,4,14,5,20,163348,211634.0,215495.0,15450.0,1003504.0,2,2,2,1
10,6.6050,1554.8030,28.1480,1589.5560,3956,4056,45,4216,4,14,5,20,163348,211769.0,215598.0,15471.0,1003742.0,2,2,2,1
11,5.7330,1567.3030,34.4620,1607.4980,3957,4056,45,4216,4,14,5,20,163348,211718.0,214993.0,15483.0,1003450.0,2,2,2,1
12,6.4660,1544.4090,21.4690,1572.3440,3959,4057,45,4216,4,14,5,20,163348,211438.0,215647.0,15591.0,998812.0,2,2,2,1
13,4.4240,1551.8600,28.2780,1584.5620,3955,4061,45,4216,4,14,5,20,163348,211876.0,215743.0,15694.0,1004596.0,2,2,2,1
14,7.7570,1551.0490,31.4640,1590.2700,3958,4056,45,4216,4,14,5,20,163348,212083.0,215736.0,15592.0,1006982.0,2,2,2,1
15,7.5610,1558.1420,26.7520,1592.4550,3954,4056,45,4216,4,14,5,20,163348,211852.0,215863.0,15462.0,1004022.0,2,2,2,1
16,18.7120,1547.5180,22.9060,1589.1360,3959,4059,45,4216,4,14,5,20,163348,211656.0,217092.0,15702.0,999619.0,2,2,2,1
17,6.6870,1552.2420,23.8300,1582.7590,3958,4059,45,4216,4,14,5,20,163348,211839.0,215923.0,15796.0,1002941.0,2,2,2,1
18,4.3990,1552.6160,34.2200,1591.2350,3955,4059,45,4216,4,14,5,20,163348,211539.0,216382.0,15474.0,1004268.0,2,2,2,1
19,8.5530,1562.1960,27.6970,1598.4460,3957,4056,45,4216,4,14,5,20,163348,211522.0,216886.0,15460.0,1001104.0,2,2,2,1
#heap 76002
#stack 3888
#end
#block sweep mTLS X25519
#lib wolfSSL 5.9.4
iter,tcp_ms,tls_ms,mqtt_ms,total_ms,hs_tx_B,hs_rx_B,mqtt_tx_B,mqtt_rx_B,hs_writes,hs_reads,writes,reads,free_heap_B,hs_keygen_us,hs_derive_us,hs_verify_us,hs_sign_us,hs_keygen_n,hs_derive_n,hs_verify_n,hs_sign_n
#suite TLS13-AES256-GCM-SHA384
0,13.4460,1216.6050,24.5750,1254.6260,2751,2944,45,4216,4,14,5,21,163348,57072.0,58038.0,15709.0,1003615.0,1,1,2,1
1,6.3760,1214.4730,24.0560,1244.9050,2752,2950,45,4216,4,14,5,20,163348,57121.0,56924.0,15477.0,1002822.0,1,1,2,1
2,6.6100,1229.1400,25.9200,1261.6700,2748,2943,45,4216,4,14,5,20,163348,57117.0,56731.0,15321.0,1004473.0,1,1,2,1
3,4.8410,1225.6020,26.4650,1256.9080,2747,2941,45,4216,4,14,5,20,163348,56999.0,56854.0,15720.0,1000808.0,1,1,2,1
4,17.4790,1209.9250,31.6630,1259.0670,2750,2950,45,4216,4,14,5,20,163348,57007.0,56773.0,15614.0,999598.0,1,1,2,1
5,5.3990,1213.0280,23.2190,1241.6460,2744,2945,45,4216,4,14,5,20,163348,57006.0,56874.0,15500.0,1002882.0,1,1,2,1
6,5.4620,1221.0640,26.4570,1252.9830,2750,2946,45,4216,4,14,5,20,163348,56910.0,56889.0,15623.0,997642.0,1,1,2,1
7,19.8170,1211.2880,30.4140,1261.5190,2752,2949,45,4216,4,14,5,20,163348,57011.0,56918.0,15345.0,1000736.0,1,1,2,1
8,6.7600,1230.5100,29.2790,1266.5490,2747,2946,45,4216,4,14,5,20,163348,57039.0,57998.0,16046.0,1004951.0,1,1,2,1
9,6.4080,1214.2280,23.1740,1243.8100,2748,2944,45,4216,4,14,5,20,163348,56977.0,56785.0,15644.0,1004627.0,1,1,2,1
10,21.4680,1212.4370,34.9810,1268.8860,2752,2942,45,4216,4,14,5,20,163348,56900.0,57215.0,15560.0,1003530.0,1,1,2,1
11,9.3800,1226.1030,23.2110,1258.6940,2749,2943,45,4216,4,14,5,20,163348,56953.0,57369.0,15445.0,999907.0,1,1,2,1
12,5.5170,1213.7030,23.1810,1242.4010,2751,2946,45,4216,4,14,5,20,163348,57386.0,57118.0,15570.0,1003792.0,1,1,2,1
13,5.4530,1211.2330,35.6070,1252.2930,2751,2949,45,4216,4,14,5,20,163348,56901.0,57447.0,15322.0,1000655.0,1,1,2,1
14,4.7080,1213.6200,29.2240,1247.5520,2749,2940,45,4216,4,14,5,20,163348,56990.0,56884.0,15471.0,1002646.0,1,1,2,1
15,9.6170,1221.0810,142.1790,1372.8770,2752,2942,45,4216,4,14,5,20,163348,57005.0,56780.0,15466.0,1007468.0,1,1,2,1
16,6.4090,1211.6500,49.9880,1268.0470,2750,2943,45,4216,4,14,5,20,163348,57517.0,56931.0,15336.0,999033.0,1,1,2,1
17,7.3800,1222.3670,24.0120,1253.7590,2751,2943,45,4216,4,14,5,20,163348,56983.0,56943.0,15817.0,1002474.0,1,1,2,1
18,7.4000,1223.7650,25.0920,1256.2570,2751,2950,45,4216,4,14,5,20,163348,56993.0,57412.0,15437.0,1000432.0,1,1,2,1
19,5.7520,1220.8940,24.2630,1250.9090,2753,2946,45,4216,4,14,5,20,163348,56896.0,58260.0,15621.0,1002759.0,1,1,2,1
#heap 73650
#stack 3212
#end
#block sweep mTLS secp256r1
#lib wolfSSL 5.9.4
iter,tcp_ms,tls_ms,mqtt_ms,total_ms,hs_tx_B,hs_rx_B,mqtt_tx_B,mqtt_rx_B,hs_writes,hs_reads,writes,reads,free_heap_B,hs_keygen_us,hs_derive_us,hs_verify_us,hs_sign_us,hs_keygen_n,hs_derive_n,hs_verify_n,hs_sign_n
#suite TLS13-AES256-GCM-SHA384
0,6.4250,1203.1340,31.1120,1240.6710,2782,2979,45,4216,4,14,5,20,163348,31214.0,70690.0,15327.0,1002034.0,1,1,2,1
1,5.7670,1202.3450,25.8280,1233.9400,2782,2977,45,4216,4,14,5,20,163348,31120.0,70510.0,15499.0,998610.0,1,1,2,1
2,6.3880,1211.0790,25.1830,1242.6500,2780,2977,45,4216,4,14,5,20,163348,31128.0,70682.0,15448.0,999600.0,1,1,2,1
3,5.4970,1199.4010,33.2330,1238.1310,2784,2981,45,4216,4,14,5,20,163348,31119.0,70533.0,15429.0,999844.0,1,1,2,1
4,5.6820,1203.8970,25.4620,1235.0410,2784,2977,45,4216,4,14,5,20,163348,31112.0,70691.0,15753.0,1003224.0,1,1,2,1
5,5.3840,1205.1040,30.7060,1241.1940,2785,2981,45,4216,4,14,5,20,163348,31309.0,70746.0,15568.0,1004837.0,1,1,2,1
6,6.3870,1201.1750,25.9620,1233.5240,2785,2981,45,4216,4,14,5,20,163348,31112.0,70742.0,15426.0,1002708.0,1,1,2,1
7,6.4990,1217.9870,24.9720,1249.4580,2784,2977,45,4216,4,14,5,20,163348,31099.0,70501.0,15460.0,1005870.0,1,1,2,1
8,4.6420,1204.8230,38.8090,1248.2740,2785,2977,45,4216,4,14,5,20,163348,31225.0,70667.0,15283.0,1002961.0,1,1,2,1
9,7.5050,1216.1670,23.5620,1247.2340,2779,2975,45,4216,4,14,5,20,163348,31180.0,70598.0,15613.0,1003861.0,1,1,2,1
10,6.3940,1203.3210,31.7210,1241.4360,2785,2982,45,4216,4,14,5,20,163348,31098.0,71138.0,15333.0,1001884.0,1,1,2,1
11,7.4580,1195.2910,31.4780,1234.2270,2781,2977,45,4216,4,14,5,20,163348,31229.0,70214.0,15441.0,999571.0,1,1,2,1
12,7.8320,1212.2070,33.9860,1254.0250,2786,2977,45,4216,4,14,5,20,163348,31110.0,70196.0,15358.0,999026.0,1,1,2,1
13,5.5820,1213.0970,26.5610,1245.2400,2783,2976,45,4216,4,14,5,20,163348,31251.0,70330.0,15734.0,1003429.0,1,1,2,1
14,5.7560,1199.8780,33.2980,1238.9320,2780,2981,45,4216,4,14,5,20,163348,31435.0,70183.0,15306.0,1000035.0,1,1,2,1
15,6.5500,1201.7150,26.1210,1234.3860,2785,2977,45,4216,4,14,5,20,163348,31261.0,70231.0,15325.0,1002918.0,1,1,2,1
16,5.4330,1200.3120,35.9850,1241.7300,2786,2979,45,4216,4,14,5,20,163348,31520.0,70178.0,15328.0,1000562.0,1,1,2,1
17,41.6130,1206.5760,87.4520,1335.6410,2783,2978,45,4216,4,14,5,20,163348,31222.0,70129.0,15442.0,1001705.0,1,1,2,1
18,9.3990,1203.2740,23.7070,1236.3800,2785,2976,45,4216,4,14,5,20,163348,31248.0,71379.0,15716.0,1003106.0,1,1,2,1
19,6.4280,1210.7170,28.9360,1246.0810,2779,2983,45,4216,4,14,5,20,163348,31229.0,70215.0,15600.0,1004476.0,1,1,2,1
#heap 73683
#stack 2760
#end
=== done ===
