=== MQTT / TLS 1.3 / mTLS, SNOVA5S certificates, X25519MLKEM768 (wolfSSL 5.9.4) on RP2040 ===
CPU clock: 200 MHz
#config iterations=50 warmup=5 pipe_iterations=3 messages=200 payload_B=51 schemes=2 sweep_iterations=20 sweep_warmup=2 groups=13 kex_iterations=50 kex_warmup=2 blocks=15
#kat LoRaWAN / AES-CMAC / Ascon known-answer checks: OK
#wifi rssi=-21 dBm channel=10 ip=192.168.50.235 broker=192.168.50.132
#block connect plain
#lib none (plain MQTT)
iter,tcp_ms,tls_ms,mqtt_ms,total_ms,hs_tx_B,hs_rx_B,mqtt_tx_B,mqtt_rx_B,hs_writes,hs_reads,writes,reads,free_heap_B,hs_keygen_us,hs_derive_us,hs_verify_us,hs_sign_us,hs_keygen_n,hs_derive_n,hs_verify_n,hs_sign_n
0,5.3380,0.0000,6.0340,11.3720,0,0,23,4,0,0,1,1,95608,0.0,0.0,0.0,0.0,0,0,0,0
1,4.3570,0.0020,14.8630,19.2220,0,0,23,4,0,0,1,1,95384,0.0,0.0,0.0,0.0,0,0,0,0
2,9.3580,0.0010,32.2670,41.6260,0,0,23,4,0,0,1,1,95384,0.0,0.0,0.0,0.0,0,0,0,0
3,6.3820,0.0010,6.8900,13.2730,0,0,23,4,0,0,1,1,95384,0.0,0.0,0.0,0.0,0,0,0,0
4,4.3530,0.0010,16.5870,20.9410,0,0,23,4,0,0,1,1,95384,0.0,0.0,0.0,0.0,0,0,0,0
5,4.6710,0.0010,36.5310,41.2030,0,0,23,4,0,0,1,1,95384,0.0,0.0,0.0,0.0,0,0,0,0
6,7.3690,0.0010,6.3590,13.7290,0,0,23,4,0,0,1,1,95384,0.0,0.0,0.0,0.0,0,0,0,0
7,6.5330,0.0010,13.5890,20.1230,0,0,23,4,0,0,1,1,95384,0.0,0.0,0.0,0.0,0,0,0,0
8,4.3730,0.0020,6.4780,10.8530,0,0,23,4,0,0,1,1,95384,0.0,0.0,0.0,0.0,0,0,0,0
9,4.3540,0.0010,4.3100,8.6650,0,0,23,4,0,0,1,1,95384,0.0,0.0,0.0,0.0,0,0,0,0
10,6.4610,0.0010,9.3670,15.8290,0,0,23,4,0,0,1,1,95384,0.0,0.0,0.0,0.0,0,0,0,0
11,10.5680,0.0010,4.5450,15.1140,0,0,23,4,0,0,1,1,95384,0.0,0.0,0.0,0.0,0,0,0,0
12,7.6590,0.0010,30.0880,37.7480,0,0,23,4,0,0,1,1,95384,0.0,0.0,0.0,0.0,0,0,0,0
13,5.3730,0.0010,5.2880,10.6620,0,0,23,4,0,0,1,1,95384,0.0,0.0,0.0,0.0,0,0,0,0
14,4.4710,0.0010,5.5860,10.0580,0,0,23,4,0,0,1,1,95384,0.0,0.0,0.0,0.0,0,0,0,0
15,4.7890,0.0010,6.3020,11.0920,0,0,23,4,0,0,1,1,95384,0.0,0.0,0.0,0.0,0,0,0,0
16,30.7680,0.0020,5.0620,35.8320,0,0,23,4,0,0,1,1,95384,0.0,0.0,0.0,0.0,0,0,0,0
17,5.5130,0.0010,5.4550,10.9690,0,0,23,4,0,0,1,1,95384,0.0,0.0,0.0,0.0,0,0,0,0
18,4.4850,0.0020,14.5290,19.0160,0,0,23,4,0,0,1,1,95384,0.0,0.0,0.0,0.0,0,0,0,0
19,8.3850,0.0020,5.1170,13.5040,0,0,23,4,0,0,1,1,95384,0.0,0.0,0.0,0.0,0,0,0,0
20,25.4450,0.0010,4.9190,30.3650,0,0,23,4,0,0,1,1,95384,0.0,0.0,0.0,0.0,0,0,0,0
21,8.3830,0.0010,5.5370,13.9210,0,0,23,4,0,0,1,1,95384,0.0,0.0,0.0,0.0,0,0,0,0
22,4.3750,0.0010,11.6550,16.0310,0,0,23,4,0,0,1,1,95384,0.0,0.0,0.0,0.0,0,0,0,0
23,7.3810,0.0010,10.4100,17.7920,0,0,23,4,0,0,1,1,95384,0.0,0.0,0.0,0.0,0,0,0,0
24,4.3500,0.0020,18.9020,23.2540,0,0,23,4,0,0,1,1,95384,0.0,0.0,0.0,0.0,0,0,0,0
25,4.6580,0.0010,12.0840,16.7430,0,0,23,4,0,0,1,1,95384,0.0,0.0,0.0,0.0,0,0,0,0
26,10.7350,0.0010,32.0730,42.8090,0,0,23,4,0,0,1,1,95384,0.0,0.0,0.0,0.0,0,0,0,0
27,5.4200,0.0020,6.9500,12.3720,0,0,23,4,0,0,1,1,95384,0.0,0.0,0.0,0.0,0,0,0,0
28,5.3470,0.0020,5.0580,10.4070,0,0,23,4,0,0,1,1,95384,0.0,0.0,0.0,0.0,0,0,0,0
29,5.6040,0.0010,8.1620,13.7670,0,0,23,4,0,0,1,1,95384,0.0,0.0,0.0,0.0,0,0,0,0
30,54.4030,0.0010,5.1460,59.5500,0,0,23,4,0,0,1,1,95384,0.0,0.0,0.0,0.0,0,0,0,0
31,13.3690,0.0020,4.5590,17.9300,0,0,23,4,0,0,1,1,95384,0.0,0.0,0.0,0.0,0,0,0,0
32,8.6600,0.0010,29.8460,38.5070,0,0,23,4,0,0,1,1,95384,0.0,0.0,0.0,0.0,0,0,0,0
33,5.5020,0.0010,6.7490,12.2520,0,0,23,4,0,0,1,1,95384,0.0,0.0,0.0,0.0,0,0,0,0
34,3.4210,0.0020,6.8350,10.2580,0,0,23,4,0,0,1,1,95384,0.0,0.0,0.0,0.0,0,0,0,0
35,5.3630,0.0010,6.3300,11.6940,0,0,23,4,0,0,1,1,95384,0.0,0.0,0.0,0.0,0,0,0,0
36,28.3740,0.0010,4.4940,32.8690,0,0,23,4,0,0,1,1,95384,0.0,0.0,0.0,0.0,0,0,0,0
37,5.3790,0.0020,6.6980,12.0790,0,0,23,4,0,0,1,1,95384,0.0,0.0,0.0,0.0,0,0,0,0
38,5.3800,0.0020,7.5060,12.8880,0,0,23,4,0,0,1,1,95384,0.0,0.0,0.0,0.0,0,0,0,0
39,4.3650,0.0010,6.4740,10.8400,0,0,23,4,0,0,1,1,95384,0.0,0.0,0.0,0.0,0,0,0,0
40,34.4530,0.0010,5.8420,40.2960,0,0,23,4,0,0,1,1,95384,0.0,0.0,0.0,0.0,0,0,0,0
41,5.6000,0.0010,5.1130,10.7140,0,0,23,4,0,0,1,1,95384,0.0,0.0,0.0,0.0,0,0,0,0
42,14.4690,0.0020,4.6300,19.1010,0,0,23,4,0,0,1,1,95384,0.0,0.0,0.0,0.0,0,0,0,0
43,33.3810,0.0010,5.0040,38.3860,0,0,23,4,0,0,1,1,95384,0.0,0.0,0.0,0.0,0,0,0,0
44,4.6950,0.0010,6.7380,11.4340,0,0,23,4,0,0,1,1,95384,0.0,0.0,0.0,0.0,0,0,0,0
45,15.7640,0.0020,5.3510,21.1170,0,0,23,4,0,0,1,1,95384,0.0,0.0,0.0,0.0,0,0,0,0
46,5.3830,0.0010,28.1190,33.5030,0,0,23,4,0,0,1,1,95384,0.0,0.0,0.0,0.0,0,0,0,0
47,5.3790,0.0010,5.3030,10.6830,0,0,23,4,0,0,1,1,95384,0.0,0.0,0.0,0.0,0,0,0,0
48,4.3650,0.0010,4.2900,8.6560,0,0,23,4,0,0,1,1,95384,0.0,0.0,0.0,0.0,0,0,0,0
49,8.3610,0.0010,6.6640,15.0260,0,0,23,4,0,0,1,1,95384,0.0,0.0,0.0,0.0,0,0,0,0
#stack 1760
#end
#block connect TLS
#lib wolfSSL 5.9.4
iter,tcp_ms,tls_ms,mqtt_ms,total_ms,hs_tx_B,hs_rx_B,mqtt_tx_B,mqtt_rx_B,hs_writes,hs_reads,writes,reads,free_heap_B,hs_keygen_us,hs_derive_us,hs_verify_us,hs_sign_us,hs_keygen_n,hs_derive_n,hs_verify_n,hs_sign_n
#suite TLS13-AES256-GCM-SHA384
0,4.4290,7082.5370,11.8140,7098.7800,1391,5517,45,568,2,12,3,18,91560,66301.0,71320.0,6855111.0,0.0,2,2,2,0
1,6.4660,7069.3250,149.0500,7224.8410,1391,5517,45,568,2,12,3,18,91560,66281.0,71379.0,6854605.0,0.0,2,2,2,0
2,4.7390,7082.7090,73.6410,7161.0890,1391,5517,45,568,2,12,3,18,91560,66625.0,70986.0,6854193.0,0.0,2,2,2,0
3,6.5170,7076.1470,12.3240,7094.9880,1391,5517,45,568,2,12,3,18,91560,66237.0,71505.0,6851771.0,0.0,2,2,2,0
4,5.4510,7088.9140,126.3650,7220.7300,1391,5517,45,568,2,12,3,18,91560,66445.0,70235.0,6873397.0,0.0,2,2,2,0
5,4.8210,7083.0730,71.1160,7159.0100,1391,5517,45,568,2,12,3,18,91560,66488.0,71280.0,6860650.0,0.0,2,2,2,0
6,5.6300,7068.7580,14.3080,7088.6960,1391,5517,45,568,2,12,3,18,91560,66246.0,71208.0,6853010.0,0.0,2,2,2,0
7,14.4020,7071.9970,141.0060,7227.4050,1391,5517,45,568,2,12,3,18,91560,66275.0,71488.0,6857845.0,0.0,2,2,2,0
8,4.7940,7094.7800,66.0600,7165.6340,1391,5517,45,568,2,12,3,18,91560,66453.0,71357.0,6859401.0,0.0,2,2,2,0
9,6.3920,7080.9580,73.2570,7160.6070,1391,5517,45,568,2,12,3,18,91560,66243.0,71378.0,6858286.0,0.0,2,2,2,0
10,6.6910,7066.2280,84.3200,7157.2390,1391,5517,45,568,2,12,3,18,91560,66468.0,71642.0,6850412.0,0.0,2,2,2,0
11,21.1250,7061.7820,13.3580,7096.2650,1391,5517,45,568,2,12,3,18,91560,66318.0,72728.0,6851204.0,0.0,2,2,2,0
12,6.4820,7076.2350,143.3630,7226.0800,1391,5517,45,568,2,12,3,18,91560,66352.0,71282.0,6865843.0,0.0,2,2,2,0
13,5.3980,7081.9940,12.5160,7099.9080,1391,5517,45,568,2,12,3,18,91560,66410.0,71061.0,6855110.0,0.0,2,2,2,0
14,6.4010,7078.3800,137.6270,7222.4080,1391,5517,45,568,2,12,3,18,91560,66283.0,71883.0,6862781.0,0.0,2,2,2,0
15,5.3990,7085.1260,70.8060,7161.3310,1391,5517,45,568,2,12,3,18,91560,66169.0,71270.0,6857777.0,0.0,2,2,2,0
16,6.4910,7083.7160,75.2480,7165.4550,1391,5517,45,568,2,12,3,18,91560,66548.0,72639.0,6854152.0,0.0,2,2,2,0
17,5.4210,7071.5870,12.6600,7089.6680,1391,5517,45,568,2,12,3,18,91560,66464.0,70215.0,6854055.0,0.0,2,2,2,0
18,3.4270,7071.2890,146.2170,7220.9330,1391,5517,45,568,2,12,3,18,91560,66127.0,71375.0,6858291.0,0.0,2,2,2,0
19,4.4300,7074.9500,13.1880,7092.5680,1391,5517,45,568,2,12,3,18,91560,66288.0,72675.0,6857515.0,0.0,2,2,2,0
20,5.4200,7063.5350,312.6380,7381.5930,1391,5517,45,568,2,12,3,18,91560,66110.0,71424.0,6852474.0,0.0,2,2,2,0
21,7.6180,7079.9890,78.3440,7165.9510,1391,5517,45,568,2,12,3,18,91560,66317.0,71345.0,6847432.0,0.0,2,2,2,0
22,5.3800,7094.0410,64.6240,7164.0450,1391,5517,45,568,2,12,3,18,91560,66286.0,71850.0,6861238.0,0.0,2,2,2,0
23,5.3840,7074.7440,77.5220,7157.6500,1391,5517,45,568,2,12,3,18,91560,66237.0,71520.0,6855507.0,0.0,2,2,2,0
24,9.3960,7071.9410,78.2700,7159.6070,1391,5517,45,568,2,12,3,18,91560,66420.0,70910.0,6850312.0,0.0,2,2,2,0
25,5.3910,7088.5320,69.3920,7163.3150,1391,5517,45,568,2,12,3,18,91560,66274.0,71262.0,6859849.0,0.0,2,2,2,0
26,6.4300,7074.6490,81.2440,7162.3230,1391,5517,45,568,2,12,3,18,91560,66275.0,71649.0,6852988.0,0.0,2,2,2,0
27,6.6220,7071.2420,77.8850,7155.7490,1391,5517,45,568,2,12,3,18,91560,66268.0,72284.0,6849432.0,0.0,2,2,2,0
28,11.4100,7076.1760,76.5460,7164.1320,1391,5517,45,568,2,12,3,18,91560,66250.0,71292.0,6853385.0,0.0,2,2,2,0
29,6.4030,7099.1970,49.5150,7155.1150,1391,5517,45,568,2,12,3,18,91560,66237.0,71457.0,6869591.0,0.0,2,2,2,0
30,5.4360,7084.8470,12.6860,7102.9690,1391,5517,45,568,2,12,3,18,91560,66395.0,71300.0,6853692.0,0.0,2,2,2,0
31,5.6380,7062.9980,52.3220,7120.9580,1391,5517,45,568,2,12,3,18,91560,66282.0,71325.0,6849057.0,0.0,2,2,2,0
32,5.4440,7077.6110,80.5240,7163.5790,1391,5517,45,568,2,12,3,18,91560,66259.0,71393.0,6851109.0,0.0,2,2,2,0
33,5.6230,7081.3510,69.8990,7156.8730,1391,5517,45,568,2,12,3,18,91560,66254.0,72405.0,6858234.0,0.0,2,2,2,0
34,7.3990,7078.0740,75.2820,7160.7550,1391,5517,45,568,2,12,3,18,91560,66129.0,71244.0,6858505.0,0.0,2,2,2,0
35,6.5840,7083.5380,71.3480,7161.4700,1391,5517,45,568,2,12,3,18,91560,66236.0,71333.0,6853405.0,0.0,2,2,2,0
36,6.4090,7075.5660,77.6960,7159.6710,1391,5517,45,568,2,12,3,18,91560,66251.0,71165.0,6857095.0,0.0,2,2,2,0
37,4.4300,7083.4830,73.5040,7161.4170,1391,5517,45,568,2,12,3,18,91560,66158.0,71426.0,6864750.0,0.0,2,2,2,0
38,7.6440,7068.0810,84.4150,7160.1400,1391,5517,45,568,2,12,3,18,91560,66333.0,71094.0,6851322.0,0.0,2,2,2,0
39,5.3880,7081.4860,12.3720,7099.2460,1391,5517,45,568,2,12,3,18,91560,66253.0,71338.0,6857579.0,0.0,2,2,2,0
40,5.3830,7069.1560,144.7450,7219.2840,1391,5517,45,568,2,12,3,18,91560,66415.0,71643.0,6855857.0,0.0,2,2,2,0
41,5.4160,7079.4930,12.4480,7097.3570,1391,5517,45,568,2,12,3,18,91560,66420.0,71333.0,6855935.0,0.0,2,2,2,0
42,6.6120,7067.2150,50.5490,7124.3760,1391,5517,45,568,2,12,3,18,91560,66332.0,71538.0,6854310.0,0.0,2,2,2,0
43,4.5060,7074.0400,81.0650,7159.6110,1391,5517,45,568,2,12,3,18,91560,66417.0,71318.0,6847448.0,0.0,2,2,2,0
44,6.3850,7088.2490,26.3890,7121.0230,1391,5517,45,568,2,12,3,18,91560,66315.0,71463.0,6863893.0,0.0,2,2,2,0
45,34.4170,7093.1930,66.0270,7193.6370,1391,5517,45,568,2,12,3,18,91560,66248.0,71217.0,6858806.0,0.0,2,2,2,0
46,5.3990,7095.4420,61.9480,7162.7890,1391,5517,45,568,2,12,3,18,91560,66427.0,71285.0,6867269.0,0.0,2,2,2,0
47,5.4720,7091.1970,67.2130,7163.8820,1391,5517,45,568,2,12,3,18,91560,66268.0,72787.0,6859698.0,0.0,2,2,2,0
48,5.3960,7078.4390,73.0760,7156.9110,1391,5517,45,568,2,12,3,18,91560,66133.0,71332.0,6850324.0,0.0,2,2,2,0
49,4.6480,7078.7300,78.6510,7162.0290,1391,5517,45,568,2,12,3,18,91560,66430.0,71292.0,6851454.0,0.0,2,2,2,0
#heap 24291
#stack 14448
#end
#block connect mTLS
#lib wolfSSL 5.9.4
iter,tcp_ms,tls_ms,mqtt_ms,total_ms,hs_tx_B,hs_rx_B,mqtt_tx_B,mqtt_rx_B,hs_writes,hs_reads,writes,reads,free_heap_B,hs_keygen_us,hs_derive_us,hs_verify_us,hs_sign_us,hs_keygen_n,hs_derive_n,hs_verify_n,hs_sign_n
#suite TLS13-AES256-GCM-SHA384
0,5.3650,11604.0190,56.7410,11666.1250,5625,5703,45,7736,4,14,5,20,85072,66395.0,71462.0,6847710.0,4515318.0,2,2,2,1
1,6.3810,11608.9380,154.4540,11769.7730,5625,5703,45,7736,4,14,5,20,85072,66295.0,71345.0,6846802.0,4519311.0,2,2,2,1
2,5.6740,16103.9120,161.8070,16271.3930,5625,5703,45,7736,4,14,5,20,85072,66293.0,71911.0,6843281.0,9022229.0,2,2,2,1
3,4.3610,11607.9070,80.8960,11693.1640,5625,5703,45,7736,4,14,5,20,85072,66155.0,70590.0,6844416.0,4520324.0,2,2,2,1
4,6.3780,11586.5660,150.6240,11743.5680,5625,5703,45,7736,4,14,5,20,85072,66220.0,71583.0,6835114.0,4512965.0,2,2,2,1
5,5.3730,16088.8300,80.7500,16174.9530,5625,5703,45,7736,4,14,5,20,85072,66231.0,71521.0,6843905.0,9009804.0,2,2,2,1
6,115.4880,11603.5740,146.5650,11865.6270,5625,5703,45,7736,4,14,5,20,85072,66251.0,71875.0,6844290.0,4522337.0,2,2,2,1
7,5.3800,11613.8760,150.9930,11770.2490,5625,5703,45,7736,4,14,5,20,85072,66461.0,71595.0,6853933.0,4524170.0,2,2,2,1
8,5.4420,11607.7660,158.6400,11771.8480,5625,5703,45,7736,4,14,5,20,85072,66274.0,71556.0,6846868.0,4518835.0,2,2,2,1
9,5.7280,11598.6800,56.7630,11661.1710,5625,5703,45,7736,4,14,5,20,85072,66308.0,71531.0,6839439.0,4521481.0,2,2,2,1
10,5.4740,11612.2190,152.0740,11769.7670,5625,5703,45,7736,4,14,5,20,85072,66183.0,71541.0,6852162.0,4520487.0,2,2,2,1
11,6.5610,11592.7900,66.6470,11665.9980,5625,5703,45,7736,4,14,5,20,85072,66383.0,71757.0,6842436.0,4515252.0,2,2,2,1
12,5.3690,11617.7270,150.2550,11773.3510,5625,5703,45,7736,4,14,5,20,85072,66426.0,71621.0,6856193.0,4517312.0,2,2,2,1
13,5.5820,11611.1670,54.0120,11670.7610,5625,5703,45,7736,4,14,5,20,85072,66329.0,71333.0,6851389.0,4525201.0,2,2,2,1
14,4.3710,11599.5910,84.3470,11688.3090,5625,5703,45,7736,4,14,5,20,85072,66391.0,71724.0,6846617.0,4517260.0,2,2,2,1
15,5.5750,11597.3640,136.1380,11739.0770,5625,5703,45,7736,4,14,5,20,85072,66274.0,71454.0,6844837.0,4514194.0,2,2,2,1
16,4.5050,11603.6400,165.1000,11773.2450,5625,5703,45,7736,4,14,5,20,85072,66244.0,73101.0,6845915.0,4519237.0,2,2,2,1
17,4.8720,11607.9580,151.4770,11764.3070,5625,5703,45,7736,4,14,5,20,85072,66571.0,71476.0,6854499.0,4518956.0,2,2,2,1
18,5.4110,11594.7840,67.0940,11667.2890,5625,5703,45,7736,4,14,5,20,85072,66279.0,71501.0,6842689.0,4518580.0,2,2,2,1
19,5.7080,11608.0800,158.1750,11771.9630,5625,5703,45,7736,4,14,5,20,85072,66412.0,71579.0,6847866.0,4521689.0,2,2,2,1
20,6.3940,11595.2230,63.4560,11665.0730,5625,5703,45,7736,4,14,5,20,85072,66182.0,72678.0,6840122.0,4517606.0,2,2,2,1
21,4.6650,11604.9140,154.3850,11763.9640,5625,5703,45,7736,4,14,5,20,85072,66417.0,71368.0,6841361.0,4523740.0,2,2,2,1
22,5.6800,11620.7020,142.7530,11769.1350,5625,5703,45,7736,4,14,5,20,85072,66249.0,71462.0,6861772.0,4521698.0,2,2,2,1
23,8.3590,11612.5520,148.3390,11769.2500,5625,5703,45,7736,4,14,5,20,85072,66443.0,71888.0,6850131.0,4522244.0,2,2,2,1
24,5.6650,16094.5630,75.9380,16176.1660,5625,5703,45,7736,4,14,5,20,85072,66397.0,71850.0,6848208.0,9009216.0,2,2,2,1
25,5.5440,11588.9420,68.4220,11662.9080,5625,5703,45,7736,4,14,5,20,85072,66410.0,71284.0,6838016.0,4513779.0,2,2,2,1
26,5.4970,11599.8320,61.9040,11667.2330,5625,5703,45,7736,4,14,5,20,85072,66294.0,71547.0,6847420.0,4517506.0,2,2,2,1
27,6.4670,11606.3130,156.3700,11769.1500,5625,5703,45,7736,4,14,5,20,85072,66254.0,71758.0,6853223.0,4518780.0,2,2,2,1
28,4.3790,11600.0070,65.0950,11669.4810,5625,5703,45,7736,4,14,5,20,85072,66244.0,71357.0,6842594.0,4518610.0,2,2,2,1
29,6.5450,11600.8920,159.1170,11766.5540,5625,5703,45,7736,4,14,5,20,85072,66322.0,71835.0,6842059.0,4522300.0,2,2,2,1
30,4.5690,11601.9450,62.1280,11668.6420,5625,5703,45,7736,4,14,5,20,85072,66406.0,72047.0,6840728.0,4520310.0,2,2,2,1
31,4.7620,11612.9950,70.6770,11688.4340,5625,5703,45,7736,4,14,5,20,85072,66244.0,71396.0,6852189.0,4522523.0,2,2,2,1
32,4.3830,11613.9420,120.7360,11739.0610,5625,5703,45,7736,4,14,5,20,85072,66383.0,70291.0,6857968.0,4521225.0,2,2,2,1
33,5.4000,11607.1510,48.3040,11660.8550,5625,5703,45,7736,4,14,5,20,85072,66553.0,71401.0,6848201.0,4520030.0,2,2,2,1
34,5.5710,11609.2470,154.5580,11769.3760,5625,5703,45,7736,4,14,5,20,85072,66177.0,71752.0,6848379.0,4521818.0,2,2,2,1
35,4.4000,11610.5040,157.0220,11771.9260,5625,5703,45,7736,4,14,5,20,85072,66791.0,71760.0,6846902.0,4525095.0,2,2,2,1
36,4.3770,11609.9060,150.7370,11765.0200,5625,5703,45,7736,4,14,5,20,85072,66229.0,71170.0,6849644.0,4522089.0,2,2,2,1
37,5.4090,11618.0650,145.5060,11768.9800,5625,5703,45,7736,4,14,5,20,85072,66340.0,71511.0,6857322.0,4519313.0,2,2,2,1
38,5.3770,11610.8500,150.5600,11766.7870,5625,5703,45,7736,4,14,5,20,85072,66444.0,71329.0,6846772.0,4523165.0,2,2,2,1
39,4.5160,11608.8820,155.6530,11769.0510,5625,5703,45,7736,4,14,5,20,85072,66370.0,71392.0,6848081.0,4522566.0,2,2,2,1
40,5.4880,16087.3080,74.8600,16167.6560,5625,5703,45,7736,4,14,5,20,85072,66383.0,71804.0,6841498.0,9006977.0,2,2,2,1
41,4.4390,11597.5480,65.3960,11667.3830,5625,5703,45,7736,4,14,5,20,85072,66327.0,71326.0,6837795.0,4521788.0,2,2,2,1
42,4.4550,11616.3400,146.0410,11766.8360,5625,5703,45,7736,4,14,5,20,85072,66254.0,71675.0,6857621.0,4518179.0,2,2,2,1
43,6.4180,11612.6660,143.8430,11762.9270,5625,5703,45,7736,4,14,5,20,85072,66286.0,72793.0,6853145.0,4521113.0,2,2,2,1
44,4.5050,11611.0640,154.6150,11770.1840,5625,5703,45,7736,4,14,5,20,85072,66134.0,71224.0,6846817.0,4525147.0,2,2,2,1
45,5.6330,11593.5780,68.0090,11667.2200,5625,5703,45,7736,4,14,5,20,85072,66406.0,71242.0,6843559.0,4516011.0,2,2,2,1
46,5.5740,11602.0170,56.2230,11663.8140,5625,5703,45,7736,4,14,5,20,85072,66448.0,71779.0,6842012.0,4517726.0,2,2,2,1
47,4.5760,11617.1300,74.0450,11695.7510,5625,5703,45,7736,4,14,5,20,85072,66431.0,71361.0,6859212.0,4519132.0,2,2,2,1
48,5.8010,11603.1120,128.2720,11737.1850,5625,5703,45,7736,4,14,5,20,85072,66374.0,71392.0,6846087.0,4517789.0,2,2,2,1
49,6.7120,11606.5570,45.2440,11658.5130,5625,5703,45,7736,4,14,5,20,85072,66254.0,71317.0,6849970.0,4521722.0,2,2,2,1
#heap 30746
#stack 79416
#end
#block pipeline plain lorawan11 up
#aead LoRaWAN-1.1 AES-128-CTR+2xCMAC (BearSSL (arduino-pico)), uplink, 51 B payload + 13 B overhead
#lib none (plain MQTT)
iter,tcp_ms,tls_ms,mqtt_ms,total_ms,hs_tx_B,hs_rx_B,mqtt_tx_B,mqtt_rx_B,hs_writes,hs_reads,writes,reads,free_heap_B,hs_keygen_us,hs_derive_us,hs_verify_us,hs_sign_us,hs_keygen_n,hs_derive_n,hs_verify_n,hs_sign_n
msg,iter,idx,seal_us,rtt_us,open_us,tx_B,rx_B
whole,iter,first_ms,all_ms,msgs
0,4.3750,0.0030,4.5800,8.9580,0,0,23,4,0,0,1,1,95384,0.0,0.0,0.0,0.0,0,0,0,0
msg,0,0,840,5865,776,90,90
msg,0,1,696,3980,800,90,90
msg,0,2,723,5068,789,90,90
msg,0,3,722,3951,772,90,90
msg,0,4,703,3876,797,90,90
msg,0,5,735,3895,793,90,90
msg,0,6,727,3648,797,90,90
msg,0,7,727,3864,791,90,90
msg,0,8,695,4025,842,90,90
msg,0,9,693,3655,796,90,90
msg,0,10,731,4070,773,90,90
msg,0,11,688,3807,796,90,90
msg,0,12,712,3947,780,90,90
msg,0,13,697,5816,803,90,90
msg,0,14,722,25335,794,90,90
msg,0,15,738,3866,788,90,90
msg,0,16,702,4441,792,90,90
msg,0,17,720,5651,802,90,90
msg,0,18,732,4002,792,90,90
msg,0,19,719,4196,800,90,90
msg,0,20,724,3801,791,90,90
msg,0,21,715,4053,799,90,90
msg,0,22,785,4314,790,90,90
msg,0,23,723,4844,786,90,90
msg,0,24,692,3838,803,90,90
msg,0,25,723,3628,765,90,90
msg,0,26,700,3827,795,90,90
msg,0,27,729,29201,799,90,90
msg,0,28,728,4308,798,90,90
msg,0,29,728,5154,797,90,90
msg,0,30,723,5354,797,90,90
msg,0,31,723,5043,767,90,90
msg,0,32,696,4298,766,90,90
msg,0,33,700,5510,802,90,90
msg,0,34,727,4795,798,90,90
msg,0,35,727,4195,794,90,90
msg,0,36,715,3951,786,90,90
msg,0,37,720,4363,793,90,90
msg,0,38,713,3879,789,90,90
msg,0,39,728,28360,776,90,90
msg,0,40,721,4045,794,90,90
msg,0,41,729,6284,792,90,90
msg,0,42,726,4264,796,90,90
msg,0,43,715,4438,799,90,90
msg,0,44,725,4130,795,90,90
msg,0,45,726,6459,791,90,90
msg,0,46,717,3861,793,90,90
msg,0,47,723,4001,769,90,90
msg,0,48,693,3974,794,90,90
msg,0,49,713,3786,835,90,90
msg,0,50,695,4013,795,90,90
msg,0,51,729,3572,773,90,90
msg,0,52,703,27400,788,90,90
msg,0,53,700,4068,778,90,90
msg,0,54,720,3726,786,90,90
msg,0,55,719,4048,775,90,90
msg,0,56,699,3849,804,90,90
msg,0,57,720,4631,770,90,90
msg,0,58,722,3690,802,90,90
msg,0,59,721,3794,849,90,90
msg,0,60,720,3712,785,90,90
msg,0,61,724,3861,788,90,90
msg,0,62,726,3864,802,90,90
msg,0,63,723,4450,799,90,90
msg,0,64,721,5459,792,90,90
msg,0,65,725,3835,789,90,90
msg,0,66,701,25256,775,90,90
msg,0,67,699,4424,786,90,90
msg,0,68,698,6712,796,90,90
msg,0,69,720,3825,767,90,90
msg,0,70,699,4137,772,90,90
msg,0,71,711,4224,784,90,90
msg,0,72,718,4068,841,90,90
msg,0,73,726,4206,794,90,90
msg,0,74,719,3994,796,90,90
msg,0,75,686,4175,775,90,90
msg,0,76,697,6077,794,90,90
msg,0,77,721,4627,770,90,90
msg,0,78,705,4191,773,90,90
msg,0,79,695,30198,793,90,90
msg,0,80,723,4606,783,90,90
msg,0,81,689,4279,764,90,90
msg,0,82,695,4376,793,90,90
msg,0,83,693,4832,793,90,90
msg,0,84,732,4065,840,90,90
msg,0,85,724,4206,798,90,90
msg,0,86,711,4451,790,90,90
msg,0,87,730,3957,791,90,90
msg,0,88,698,3985,790,90,90
msg,0,89,727,3779,791,90,90
msg,0,90,734,3905,787,90,90
msg,0,91,720,3783,843,90,90
msg,0,92,720,25213,791,90,90
msg,0,93,717,4081,766,90,90
msg,0,94,696,3917,792,90,90
msg,0,95,735,3637,771,90,90
msg,0,96,692,4496,795,90,90
msg,0,97,694,3890,804,90,90
msg,0,98,723,4679,769,90,90
msg,0,99,703,3503,798,90,90
msg,0,100,713,4125,776,90,90
msg,0,101,705,3982,792,90,90
msg,0,102,719,9603,764,90,90
msg,0,103,701,3955,799,90,90
msg,0,104,723,4038,794,90,90
msg,0,105,708,22982,775,90,90
msg,0,106,686,7495,798,90,90
msg,0,107,718,4015,774,90,90
msg,0,108,694,5878,791,90,90
msg,0,109,725,5585,790,90,90
msg,0,110,731,5201,801,90,90
msg,0,111,721,4403,789,90,90
msg,0,112,717,3813,788,90,90
msg,0,113,720,3878,784,90,90
msg,0,114,703,4526,791,90,90
msg,0,115,692,4160,781,90,90
msg,0,116,705,4006,791,90,90
msg,0,117,724,3775,787,90,90
msg,0,118,695,3718,797,90,90
msg,0,119,734,26698,767,90,90
msg,0,120,696,3870,792,90,90
msg,0,121,722,4124,796,90,90
msg,0,122,717,4492,788,90,90
msg,0,123,721,4032,842,90,90
msg,0,124,727,3949,791,90,90
msg,0,125,706,4507,773,90,90
msg,0,126,702,3565,797,90,90
msg,0,127,719,4201,794,90,90
msg,0,128,700,3793,803,90,90
msg,0,129,724,4496,782,90,90
msg,0,130,722,5636,786,90,90
msg,0,131,697,3912,789,90,90
msg,0,132,720,24742,790,90,90
msg,0,133,698,7146,766,90,90
msg,0,134,695,5619,797,90,90
msg,0,135,717,4333,793,90,90
msg,0,136,721,3804,791,90,90
msg,0,137,716,3675,797,90,90
msg,0,138,690,5332,788,90,90
msg,0,139,700,3658,854,90,90
msg,0,140,725,3594,777,90,90
msg,0,141,711,3656,797,90,90
msg,0,142,690,4099,770,90,90
msg,0,143,695,3842,794,90,90
msg,0,144,723,3781,773,90,90
msg,0,145,699,31511,831,90,90
msg,0,146,697,6061,773,90,90
msg,0,147,713,3807,791,90,90
msg,0,148,714,4351,796,90,90
msg,0,149,724,3751,772,90,90
msg,0,150,691,4742,794,90,90
msg,0,151,724,3924,771,90,90
msg,0,152,689,3615,791,90,90
msg,0,153,730,4246,795,90,90
msg,0,154,698,6486,792,90,90
msg,0,155,717,6146,798,90,90
msg,0,156,691,3988,786,90,90
msg,0,157,720,27582,790,90,90
msg,0,158,729,7191,776,90,90
msg,0,159,697,6019,791,90,90
msg,0,160,727,5814,790,90,90
msg,0,161,726,6180,797,90,90
msg,0,162,697,6828,848,90,90
msg,0,163,728,4504,767,90,90
msg,0,164,694,3796,792,90,90
msg,0,165,735,4257,795,90,90
msg,0,166,722,3678,799,90,90
msg,0,167,718,3810,786,90,90
msg,0,168,720,3767,794,90,90
msg,0,169,720,31509,774,90,90
msg,0,170,730,5032,794,90,90
msg,0,171,727,3832,794,90,90
msg,0,172,725,6051,780,90,90
msg,0,173,706,3859,798,90,90
msg,0,174,724,3573,796,90,90
msg,0,175,713,3908,785,90,90
msg,0,176,723,5258,795,90,90
msg,0,177,727,3928,776,90,90
msg,0,178,700,4820,791,90,90
msg,0,179,718,4409,793,90,90
msg,0,180,781,3792,785,90,90
msg,0,181,697,4253,771,90,90
msg,0,182,696,25273,769,90,90
msg,0,183,697,4276,780,90,90
msg,0,184,693,6035,794,90,90
msg,0,185,727,5588,768,90,90
msg,0,186,695,3899,790,90,90
msg,0,187,720,3712,768,90,90
msg,0,188,783,3778,794,90,90
msg,0,189,727,3799,774,90,90
msg,0,190,695,3803,791,90,90
msg,0,191,717,5434,794,90,90
msg,0,192,725,4377,795,90,90
msg,0,193,716,4465,792,90,90
msg,0,194,724,34879,799,90,90
msg,0,195,720,7776,792,90,90
msg,0,196,723,4460,771,90,90
msg,0,197,698,4148,787,90,90
msg,0,198,715,3946,795,90,90
msg,0,199,728,5738,793,90,90
whole,0,39.634,1612.353,200
1,5.3710,0.0020,6.1570,11.5300,0,0,23,4,0,0,1,1,95384,0.0,0.0,0.0,0.0,0,0,0,0
msg,1,0,843,3679,792,90,90
msg,1,1,704,4127,767,90,90
msg,1,2,696,22191,793,90,90
msg,1,3,730,4973,792,90,90
msg,1,4,722,4158,793,90,90
msg,1,5,728,5504,792,90,90
msg,1,6,733,4321,798,90,90
msg,1,7,716,3515,789,90,90
msg,1,8,712,3878,794,90,90
msg,1,9,712,3622,809,90,90
msg,1,10,715,3890,786,90,90
msg,1,11,724,3803,798,90,90
msg,1,12,728,5828,789,90,90
msg,1,13,721,17971,768,90,90
msg,1,14,700,48358,773,90,90
msg,1,15,690,3582,794,90,90
msg,1,16,726,3977,770,90,90
msg,1,17,721,3787,790,90,90
msg,1,18,719,3884,826,90,90
msg,1,19,689,4343,770,90,90
msg,1,20,700,7161,789,90,90
msg,1,21,720,4406,766,90,90
msg,1,22,695,3779,790,90,90
msg,1,23,724,28653,798,90,90
msg,1,24,720,3689,771,90,90
msg,1,25,699,3954,795,90,90
msg,1,26,729,4180,789,90,90
msg,1,27,719,6123,798,90,90
msg,1,28,801,3855,793,90,90
msg,1,29,708,3924,800,90,90
msg,1,30,735,3790,797,90,90
msg,1,31,722,3812,793,90,90
msg,1,32,717,4820,795,90,90
msg,1,33,714,6859,802,90,90
msg,1,34,729,5041,790,90,90
msg,1,35,719,3582,784,90,90
msg,1,36,724,26115,799,90,90
msg,1,37,731,4349,801,90,90
msg,1,38,730,6159,805,90,90
msg,1,39,728,5483,793,90,90
msg,1,40,723,3895,789,90,90
msg,1,41,725,4451,797,90,90
msg,1,42,726,4143,791,90,90
msg,1,43,716,4224,803,90,90
msg,1,44,719,4159,790,90,90
msg,1,45,690,5354,791,90,90
msg,1,46,693,3828,801,90,90
msg,1,47,789,3826,785,90,90
msg,1,48,715,3924,794,90,90
msg,1,49,719,26263,794,90,90
msg,1,50,723,3739,791,90,90
msg,1,51,717,4015,761,90,90
msg,1,52,692,3931,794,90,90
msg,1,53,724,4013,795,90,90
msg,1,54,724,4065,770,90,90
msg,1,55,703,4060,804,90,90
msg,1,56,717,3703,782,90,90
msg,1,57,698,4236,780,90,90
msg,1,58,698,4363,776,90,90
msg,1,59,697,4664,795,90,90
msg,1,60,716,4048,796,90,90
msg,1,61,699,4034,792,90,90
msg,1,62,732,4058,801,90,90
msg,1,63,736,25820,795,90,90
msg,1,64,700,4460,795,90,90
msg,1,65,728,6249,800,90,90
msg,1,66,718,3612,794,90,90
msg,1,67,727,4040,788,90,90
msg,1,68,720,3803,784,90,90
msg,1,69,718,3803,792,90,90
msg,1,70,721,4246,793,90,90
msg,1,71,731,4207,802,90,90
msg,1,72,699,5120,771,90,90
msg,1,73,690,6342,766,90,90
msg,1,74,690,5841,794,90,90
msg,1,75,717,35165,794,90,90
msg,1,76,718,4209,787,90,90
msg,1,77,717,4561,786,90,90
msg,1,78,720,6533,797,90,90
msg,1,79,718,5593,769,90,90
msg,1,80,692,6000,800,90,90
msg,1,81,718,4303,797,90,90
msg,1,82,717,8422,845,90,90
msg,1,83,727,4004,786,90,90
msg,1,84,717,3910,770,90,90
msg,1,85,690,4552,791,90,90
msg,1,86,721,31817,793,90,90
msg,1,87,724,4066,791,90,90
msg,1,88,730,4276,1134,90,90
msg,1,89,702,6350,781,90,90
msg,1,90,700,5978,798,90,90
msg,1,91,730,4033,798,90,90
msg,1,92,717,4762,794,90,90
msg,1,93,723,3782,794,90,90
msg,1,94,717,4385,792,90,90
msg,1,95,729,4289,797,90,90
msg,1,96,796,5280,796,90,90
msg,1,97,726,5066,785,90,90
msg,1,98,724,27444,788,90,90
msg,1,99,724,4211,793,90,90
msg,1,100,715,4769,800,90,90
msg,1,101,723,5280,796,90,90
msg,1,102,717,4821,786,90,90
msg,1,103,728,3793,792,90,90
msg,1,104,717,4275,793,90,90
msg,1,105,720,3962,791,90,90
msg,1,106,725,4509,796,90,90
msg,1,107,722,4142,788,90,90
msg,1,108,724,5966,771,90,90
msg,1,109,696,4248,771,90,90
msg,1,110,693,5101,786,90,90
msg,1,111,720,22198,792,90,90
msg,1,112,728,4322,789,90,90
msg,1,113,714,6429,790,90,90
msg,1,114,716,4013,792,90,90
msg,1,115,730,4162,797,90,90
msg,1,116,734,3995,766,90,90
msg,1,117,694,7018,804,90,90
msg,1,118,728,4083,792,90,90
msg,1,119,722,5222,793,90,90
msg,1,120,711,8490,807,90,90
msg,1,121,745,4054,879,90,90
msg,1,122,722,4012,785,90,90
msg,1,123,727,25615,797,90,90
msg,1,124,736,4050,791,90,90
msg,1,125,787,6870,776,90,90
msg,1,126,694,3888,795,90,90
msg,1,127,732,10955,796,90,90
msg,1,128,691,4978,797,90,90
msg,1,129,728,3640,791,90,90
msg,1,130,697,4178,775,90,90
msg,1,131,694,3830,798,90,90
msg,1,132,727,4234,785,90,90
msg,1,133,717,4393,791,90,90
msg,1,134,727,3979,796,90,90
msg,1,135,693,32240,774,90,90
msg,1,136,700,4223,775,90,90
msg,1,137,689,4104,800,90,90
msg,1,138,724,3698,794,90,90
msg,1,139,702,3870,799,90,90
msg,1,140,729,3753,793,90,90
msg,1,141,694,6026,797,90,90
msg,1,142,722,4079,796,90,90
msg,1,143,716,3821,794,90,90
msg,1,144,706,6808,803,90,90
msg,1,145,711,3752,770,90,90
msg,1,146,696,3826,800,90,90
msg,1,147,719,4395,799,90,90
msg,1,148,720,28427,789,90,90
msg,1,149,732,3993,788,90,90
msg,1,150,730,3990,795,90,90
msg,1,151,734,6570,792,90,90
msg,1,152,725,4624,823,90,90
msg,1,153,707,7454,799,90,90
msg,1,154,684,4281,765,90,90
msg,1,155,697,3788,844,90,90
msg,1,156,731,4002,787,90,90
msg,1,157,720,3471,806,90,90
msg,1,158,715,4556,802,90,90
msg,1,159,728,3832,792,90,90
msg,1,160,718,20694,800,90,90
msg,1,161,731,4302,794,90,90
msg,1,162,724,4506,788,90,90
msg,1,163,724,6069,793,90,90
msg,1,164,728,3651,767,90,90
msg,1,165,690,3893,791,90,90
msg,1,166,725,4291,789,90,90
msg,1,167,728,5217,794,90,90
msg,1,168,793,4053,789,90,90
msg,1,169,724,3560,796,90,90
msg,1,170,729,4056,793,90,90
msg,1,171,727,3793,792,90,90
msg,1,172,735,4183,792,90,90
msg,1,173,722,4702,767,90,90
msg,1,174,698,31646,804,90,90
msg,1,175,726,4060,767,90,90
msg,1,176,695,4798,808,90,90
msg,1,177,725,3817,799,90,90
msg,1,178,702,5973,791,90,90
msg,1,179,728,4264,796,90,90
msg,1,180,782,3698,790,90,90
msg,1,181,717,3917,787,90,90
msg,1,182,721,4005,802,90,90
msg,1,183,727,4830,772,90,90
msg,1,184,694,4848,793,90,90
msg,1,185,722,3835,796,90,90
msg,1,186,691,3841,854,90,90
msg,1,187,715,29044,787,90,90
msg,1,188,718,4233,791,90,90
msg,1,189,714,3695,792,90,90
msg,1,190,723,5376,789,90,90
msg,1,191,720,3862,790,90,90
msg,1,192,723,4031,834,90,90
msg,1,193,691,5564,796,90,90
msg,1,194,730,4660,791,90,90
msg,1,195,722,4111,887,90,90
msg,1,196,740,4429,790,90,90
msg,1,197,718,3842,799,90,90
msg,1,198,711,4211,790,90,90
msg,1,199,682,23643,792,90,90
whole,1,23.540,1690.629,200
2,4.3890,0.0030,4.1060,8.4980,0,0,23,4,0,0,1,1,95384,0.0,0.0,0.0,0.0,0,0,0,0
msg,2,0,843,3845,791,90,90
msg,2,1,725,3965,797,90,90
msg,2,2,723,4494,853,90,90
msg,2,3,723,6133,801,90,90
msg,2,4,735,5040,795,90,90
msg,2,5,720,6578,798,90,90
msg,2,6,733,4902,793,90,90
msg,2,7,687,5029,795,90,90
msg,2,8,728,3798,794,90,90
msg,2,9,722,22559,795,90,90
msg,2,10,725,4046,796,90,90
msg,2,11,731,4277,795,90,90
msg,2,12,728,3656,795,90,90
msg,2,13,731,3908,793,90,90
msg,2,14,721,5000,773,90,90
msg,2,15,692,3878,793,90,90
msg,2,16,734,3430,797,90,90
msg,2,17,719,4338,796,90,90
msg,2,18,724,4027,792,90,90
msg,2,19,735,4828,768,90,90
msg,2,20,692,5428,769,90,90
msg,2,21,697,4396,790,90,90
msg,2,22,694,3897,794,90,90
msg,2,23,729,27800,792,90,90
msg,2,24,720,4074,771,90,90
msg,2,25,687,6556,795,90,90
msg,2,26,696,3493,801,90,90
msg,2,27,727,4215,797,90,90
msg,2,28,713,4010,777,90,90
msg,2,29,696,3882,803,90,90
msg,2,30,722,3982,792,90,90
msg,2,31,732,5184,766,90,90
msg,2,32,696,3802,793,90,90
msg,2,33,730,4517,794,90,90
msg,2,34,711,4807,851,90,90
msg,2,35,727,3439,792,90,90
msg,2,36,720,24098,789,90,90
msg,2,37,716,4030,772,90,90
msg,2,38,695,4264,779,90,90
msg,2,39,717,5466,776,90,90
msg,2,40,701,4002,794,90,90
msg,2,41,725,4053,794,90,90
msg,2,42,726,3802,770,90,90
msg,2,43,688,3656,796,90,90
msg,2,44,1168,5085,799,90,90
msg,2,45,840,7728,770,90,90
msg,2,46,702,3772,797,90,90
msg,2,47,731,4300,841,90,90
msg,2,48,722,3751,769,90,90
msg,2,49,701,30042,799,90,90
msg,2,50,719,3949,793,90,90
msg,2,51,730,6548,798,90,90
msg,2,52,723,4112,794,90,90
msg,2,53,722,4175,788,90,90
msg,2,54,726,4104,779,90,90
msg,2,55,697,4513,787,90,90
msg,2,56,725,4339,796,90,90
msg,2,57,723,3365,798,90,90
msg,2,58,721,4575,798,90,90
msg,2,59,724,6715,778,90,90
msg,2,60,699,3857,797,90,90
msg,2,61,726,3796,785,90,90
msg,2,62,694,26858,838,90,90
msg,2,63,721,4011,794,90,90
msg,2,64,729,3635,798,90,90
msg,2,65,721,5611,771,90,90
msg,2,66,700,4453,796,90,90
msg,2,67,702,4881,790,90,90
msg,2,68,725,4389,789,90,90
msg,2,69,723,3861,794,90,90
msg,2,70,720,3807,788,90,90
msg,2,71,722,5903,793,90,90
msg,2,72,716,4079,798,90,90
msg,2,73,719,3584,795,90,90
msg,2,74,726,4046,791,90,90
msg,2,75,731,32524,792,90,90
msg,2,76,721,3834,773,90,90
msg,2,77,696,3619,798,90,90
msg,2,78,723,3816,791,90,90
msg,2,79,719,3889,790,90,90
msg,2,80,792,3833,774,90,90
msg,2,81,697,4034,788,90,90
msg,2,82,720,3831,794,90,90
msg,2,83,690,3883,792,90,90
msg,2,84,720,3990,797,90,90
msg,2,85,732,5491,798,90,90
msg,2,86,724,6175,791,90,90
msg,2,87,714,4030,791,90,90
msg,2,88,725,25000,770,90,90
msg,2,89,700,4869,802,90,90
msg,2,90,713,3680,787,90,90
msg,2,91,719,4121,797,90,90
msg,2,92,726,6376,788,90,90
msg,2,93,721,4030,791,90,90
msg,2,94,722,4103,796,90,90
msg,2,95,723,3798,784,90,90
msg,2,96,728,4063,796,90,90
msg,2,97,715,4604,838,90,90
msg,2,98,698,3896,796,90,90
msg,2,99,716,4484,797,90,90
msg,2,100,720,3852,791,90,90
msg,2,101,718,27911,786,90,90
msg,2,102,717,4815,792,90,90
msg,2,103,717,3434,803,90,90
msg,2,104,725,5155,795,90,90
msg,2,105,712,7397,801,90,90
msg,2,106,719,3777,854,90,90
msg,2,107,693,4446,771,90,90
msg,2,108,694,3992,798,90,90
msg,2,109,715,3798,798,90,90
msg,2,110,727,4033,768,90,90
msg,2,111,701,4174,796,90,90
msg,2,112,725,5738,786,90,90
msg,2,113,723,3847,797,90,90
msg,2,114,726,43548,772,90,90
msg,2,115,699,3606,788,90,90
msg,2,116,711,3710,800,90,90
msg,2,117,727,4026,803,90,90
msg,2,118,734,3916,770,90,90
msg,2,119,699,4177,771,90,90
msg,2,120,690,4393,775,90,90
msg,2,121,701,4521,806,90,90
msg,2,122,696,4037,771,90,90
msg,2,123,723,4457,769,90,90
msg,2,124,769,3794,800,90,90
msg,2,125,734,32004,794,90,90
msg,2,126,726,7963,772,90,90
msg,2,127,706,4505,796,90,90
msg,2,128,696,4769,802,90,90
msg,2,129,724,4123,797,90,90
msg,2,130,718,5062,791,90,90
msg,2,131,689,4108,774,90,90
msg,2,132,756,3841,789,90,90
msg,2,133,726,4061,794,90,90
msg,2,134,726,4053,774,90,90
msg,2,135,696,3893,798,90,90
msg,2,136,1135,6246,857,90,90
msg,2,137,705,29928,798,90,90
msg,2,138,728,4127,790,90,90
msg,2,139,733,3799,776,90,90
msg,2,140,695,4678,885,90,90
msg,2,141,727,3790,774,90,90
msg,2,142,727,4343,767,90,90
msg,2,143,699,6975,846,90,90
msg,2,144,731,3871,790,90,90
msg,2,145,698,6005,789,90,90
msg,2,146,717,4177,792,90,90
msg,2,147,797,3840,792,90,90
msg,2,148,724,3896,769,90,90
msg,2,149,696,29643,801,90,90
msg,2,150,725,4097,776,90,90
msg,2,151,690,6737,797,90,90
msg,2,152,722,4110,799,90,90
msg,2,153,715,4144,787,90,90
msg,2,154,684,3602,804,90,90
msg,2,155,725,4094,795,90,90
msg,2,156,695,3909,792,90,90
msg,2,157,717,3538,768,90,90
msg,2,158,694,4274,776,90,90
msg,2,159,714,4223,794,90,90
msg,2,160,726,5123,790,90,90
msg,2,161,723,4410,795,90,90
msg,2,162,718,26045,791,90,90
msg,2,163,729,3948,782,90,90
msg,2,164,692,5406,800,90,90
msg,2,165,705,7682,801,90,90
msg,2,166,731,4687,773,90,90
msg,2,167,692,5120,791,90,90
msg,2,168,727,3895,792,90,90
msg,2,169,725,6265,797,90,90
msg,2,170,725,3890,790,90,90
msg,2,171,718,3902,792,90,90
msg,2,172,726,3876,772,90,90
msg,2,173,696,4730,790,90,90
msg,2,174,714,21402,791,90,90
msg,2,175,721,5257,796,90,90
msg,2,176,721,5101,790,90,90
msg,2,177,714,5478,790,90,90
msg,2,178,726,4127,802,90,90
msg,2,179,729,4299,804,90,90
msg,2,180,726,3947,769,90,90
msg,2,181,690,3763,797,90,90
msg,2,182,717,3822,790,90,90
msg,2,183,717,3465,765,90,90
msg,2,184,691,4529,797,90,90
msg,2,185,702,4915,793,90,90
msg,2,186,726,6535,776,90,90
msg,2,187,702,29212,784,90,90
msg,2,188,699,4091,792,90,90
msg,2,189,726,3837,798,90,90
msg,2,190,721,3827,791,90,90
msg,2,191,718,4001,799,90,90
msg,2,192,718,3860,769,90,90
msg,2,193,704,3710,795,90,90
msg,2,194,718,4374,792,90,90
msg,2,195,734,3872,771,90,90
msg,2,196,692,3825,796,90,90
msg,2,197,728,4705,768,90,90
msg,2,198,691,5866,799,90,90
msg,2,199,721,3891,773,90,90
whole,2,19.944,1605.978,200
#stack 2368
#end
#block pipeline plain lorawan11 down
#aead LoRaWAN-1.1 AES-128-CTR+2xCMAC (BearSSL (arduino-pico)), downlink, 51 B payload + 13 B overhead
#lib none (plain MQTT)
iter,tcp_ms,tls_ms,mqtt_ms,total_ms,hs_tx_B,hs_rx_B,mqtt_tx_B,mqtt_rx_B,hs_writes,hs_reads,writes,reads,free_heap_B,hs_keygen_us,hs_derive_us,hs_verify_us,hs_sign_us,hs_keygen_n,hs_derive_n,hs_verify_n,hs_sign_n
msg,iter,idx,seal_us,rtt_us,open_us,tx_B,rx_B
whole,iter,first_ms,all_ms,msgs
0,5.7690,0.0010,5.1670,10.9370,0,0,23,4,0,0,1,1,95384,0.0,0.0,0.0,0.0,0,0,0,0
msg,0,0,581,3882,499,90,90
msg,0,1,469,3946,504,90,90
msg,0,2,432,4302,531,90,90
msg,0,3,428,3840,524,90,90
msg,0,4,433,4360,508,90,90
msg,0,5,521,3849,503,90,90
msg,0,6,437,3822,502,90,90
msg,0,7,437,3934,506,90,90
msg,0,8,442,27820,507,90,90
msg,0,9,434,4581,509,90,90
msg,0,10,453,4897,512,90,90
msg,0,11,458,5936,507,90,90
msg,0,12,855,7675,495,90,90
msg,0,13,435,6719,508,90,90
msg,0,14,437,3782,506,90,90
msg,0,15,458,3604,516,90,90
msg,0,16,454,3818,518,90,90
msg,0,17,469,6098,506,90,90
msg,0,18,452,8288,520,90,90
msg,0,19,447,3661,503,90,90
msg,0,20,440,25244,531,90,90
msg,0,21,459,5179,515,90,90
msg,0,22,466,6809,501,90,90
msg,0,23,462,3901,503,90,90
msg,0,24,464,4582,517,90,90
msg,0,25,464,3699,530,90,90
msg,0,26,431,3777,525,90,90
msg,0,27,427,3848,529,90,90
msg,0,28,441,4271,506,90,90
msg,0,29,460,3900,502,90,90
msg,0,30,462,4279,521,90,90
msg,0,31,425,3610,505,90,90
msg,0,32,444,3699,506,90,90
msg,0,33,456,4927,503,90,90
msg,0,34,464,5259,608,90,90
msg,0,35,430,28454,507,90,90
msg,0,36,429,7708,501,90,90
msg,0,37,455,4311,530,90,90
msg,0,38,424,4457,505,90,90
msg,0,39,447,3816,509,90,90
msg,0,40,462,3462,530,90,90
msg,0,41,425,3573,524,90,90
msg,0,42,427,3780,505,90,90
msg,0,43,438,3517,505,90,90
msg,0,44,462,3692,515,90,90
msg,0,45,464,4521,527,90,90
msg,0,46,434,4174,523,90,90
msg,0,47,454,3650,529,90,90
msg,0,48,438,3856,524,90,90
msg,0,49,560,30670,525,90,90
msg,0,50,434,4954,530,90,90
msg,0,51,437,4141,506,90,90
msg,0,52,471,4336,528,90,90
msg,0,53,426,4518,505,90,90
msg,0,54,461,4784,504,90,90
msg,0,55,532,3654,505,90,90
msg,0,56,466,4153,509,90,90
msg,0,57,436,4004,526,90,90
msg,0,58,442,3735,502,90,90
msg,0,59,441,3621,506,90,90
msg,0,60,460,3915,499,90,90
msg,0,61,455,4450,522,90,90
msg,0,62,459,4122,503,90,90
msg,0,63,475,27504,524,90,90
msg,0,64,429,3998,521,90,90
msg,0,65,460,3814,519,90,90
msg,0,66,532,4342,528,90,90
msg,0,67,433,3457,508,90,90
msg,0,68,459,3902,508,90,90
msg,0,69,462,3678,515,90,90
msg,0,70,535,3674,521,90,90
msg,0,71,457,4701,526,90,90
msg,0,72,432,3657,523,90,90
msg,0,73,430,3905,590,90,90
msg,0,74,429,4014,526,90,90
msg,0,75,438,4528,508,90,90
msg,0,76,436,3613,509,90,90
msg,0,77,461,3782,504,90,90
msg,0,78,467,25536,521,90,90
msg,0,79,453,3795,528,90,90
msg,0,80,428,3938,523,90,90
msg,0,81,458,3895,525,90,90
msg,0,82,864,4194,523,90,90
msg,0,83,429,3824,522,90,90
msg,0,84,424,4360,505,90,90
msg,0,85,458,4002,503,90,90
msg,0,86,432,7222,536,90,90
msg,0,87,426,3810,524,90,90
msg,0,88,430,3884,530,90,90
msg,0,89,422,3812,527,90,90
msg,0,90,426,6216,522,90,90
msg,0,91,461,5964,502,90,90
msg,0,92,469,3552,529,90,90
msg,0,93,430,26267,502,90,90
msg,0,94,456,4300,522,90,90
msg,0,95,504,8740,530,90,90
msg,0,96,430,3685,503,90,90
msg,0,97,442,3817,502,90,90
msg,0,98,501,3603,504,90,90
msg,0,99,459,3881,500,90,90
msg,0,100,453,3805,498,90,90
msg,0,101,458,4690,559,90,90
msg,0,102,467,3822,504,90,90
msg,0,103,461,4127,502,90,90
msg,0,104,430,4087,523,90,90
msg,0,105,426,5387,507,90,90
msg,0,106,467,3668,527,90,90
msg,0,107,461,31098,503,90,90
msg,0,108,468,5102,501,90,90
msg,0,109,439,5909,490,90,90
msg,0,110,435,5772,499,90,90
msg,0,111,426,4947,507,90,90
msg,0,112,432,4349,521,90,90
msg,0,113,465,3787,523,90,90
msg,0,114,463,4028,506,90,90
msg,0,115,466,3895,508,90,90
msg,0,116,460,4102,507,90,90
msg,0,117,432,4018,530,90,90
msg,0,118,432,4030,533,90,90
msg,0,119,444,5427,505,90,90
msg,0,120,430,32241,528,90,90
msg,0,121,436,4124,516,90,90
msg,0,122,458,6466,530,90,90
msg,0,123,436,3642,567,90,90
msg,0,124,435,3941,531,90,90
msg,0,125,441,3805,505,90,90
msg,0,126,425,4269,527,90,90
msg,0,127,454,4007,500,90,90
msg,0,128,460,3704,517,90,90
msg,0,129,456,4183,504,90,90
msg,0,130,458,3364,525,90,90
msg,0,131,427,3522,568,90,90
msg,0,132,438,4083,528,90,90
msg,0,133,447,4307,501,90,90
msg,0,134,467,5905,507,90,90
msg,0,135,458,24575,518,90,90
msg,0,136,459,3642,527,90,90
msg,0,137,437,6408,509,90,90
msg,0,138,427,3657,506,90,90
msg,0,139,524,4959,503,90,90
msg,0,140,467,3971,503,90,90
msg,0,141,431,5333,528,90,90
msg,0,142,464,3965,501,90,90
msg,0,143,457,4106,505,90,90
msg,0,144,464,4265,532,90,90
msg,0,145,436,3670,531,90,90
msg,0,146,439,3836,532,90,90
msg,0,147,430,4293,517,90,90
msg,0,148,454,3746,523,90,90
msg,0,149,455,4025,509,90,90
msg,0,150,540,20997,506,90,90
msg,0,151,451,4620,499,90,90
msg,0,152,463,4102,505,90,90
msg,0,153,428,6069,528,90,90
msg,0,154,426,3606,501,90,90
msg,0,155,466,3640,500,90,90
msg,0,156,462,4049,503,90,90
msg,0,157,451,4438,521,90,90
msg,0,158,435,3833,524,90,90
msg,0,159,433,3818,586,90,90
msg,0,160,430,3828,528,90,90
msg,0,161,427,3994,598,90,90
msg,0,162,480,6465,526,90,90
msg,0,163,437,4204,506,90,90
msg,0,164,456,3661,526,90,90
msg,0,165,430,22137,503,90,90
msg,0,166,462,3893,506,90,90
msg,0,167,463,3970,503,90,90
msg,0,168,459,4037,505,90,90
msg,0,169,433,4559,508,90,90
msg,0,170,449,5014,504,90,90
msg,0,171,432,4047,519,90,90
msg,0,172,431,5673,505,90,90
msg,0,173,435,3832,507,90,90
msg,0,174,464,3893,505,90,90
msg,0,175,439,4034,531,90,90
msg,0,176,435,4293,520,90,90
msg,0,177,466,4336,512,90,90
msg,0,178,434,4020,523,90,90
msg,0,179,441,3842,529,90,90
msg,0,180,439,26553,502,90,90
msg,0,181,452,4486,521,90,90
msg,0,182,460,4172,510,90,90
msg,0,183,463,6201,524,90,90
msg,0,184,437,4274,506,90,90
msg,0,185,465,3956,506,90,90
msg,0,186,460,3863,501,90,90
msg,0,187,464,3787,499,90,90
msg,0,188,464,4145,510,90,90
msg,0,189,435,4315,530,90,90
msg,0,190,453,3913,521,90,90
msg,0,191,566,3792,504,90,90
msg,0,192,455,4067,502,90,90
msg,0,193,462,3535,520,90,90
msg,0,194,468,4261,567,90,90
msg,0,195,437,5914,526,90,90
msg,0,196,440,21996,523,90,90
msg,0,197,429,3695,504,90,90
msg,0,198,432,3790,564,90,90
msg,0,199,431,5310,525,90,90
whole,0,22.040,1430.344,200
1,4.5010,0.0020,8.7150,13.2180,0,0,23,4,0,0,1,1,95384,0.0,0.0,0.0,0.0,0,0,0,0
msg,1,0,555,4229,511,90,90
msg,1,1,467,4075,508,90,90
msg,1,2,472,3527,521,90,90
msg,1,3,467,4177,497,90,90
msg,1,4,439,4229,527,90,90
msg,1,5,433,3792,524,90,90
msg,1,6,437,3846,527,90,90
msg,1,7,427,30920,526,90,90
msg,1,8,422,6596,510,90,90
msg,1,9,435,5416,522,90,90
msg,1,10,464,5060,507,90,90
msg,1,11,460,4201,539,90,90
msg,1,12,427,4289,519,90,90
msg,1,13,476,3933,507,90,90
msg,1,14,457,4132,594,90,90
msg,1,15,438,3859,506,90,90
msg,1,16,438,3476,506,90,90
msg,1,17,451,3459,534,90,90
msg,1,18,420,3540,506,90,90
msg,1,19,439,4156,533,90,90
msg,1,20,434,6247,503,90,90
msg,1,21,465,21792,503,90,90
msg,1,22,458,5333,529,90,90
msg,1,23,430,3766,505,90,90
msg,1,24,431,4209,526,90,90
msg,1,25,435,3957,526,90,90
msg,1,26,464,3650,533,90,90
msg,1,27,428,3920,530,90,90
msg,1,28,425,3730,525,90,90
msg,1,29,433,3624,504,90,90
msg,1,30,428,3959,529,90,90
msg,1,31,431,3606,509,90,90
msg,1,32,465,3875,511,90,90
msg,1,33,445,3676,507,90,90
msg,1,34,461,3848,509,90,90
msg,1,35,461,4110,509,90,90
msg,1,36,428,4131,533,90,90
msg,1,37,430,21660,506,90,90
msg,1,38,422,4523,559,90,90
msg,1,39,457,3995,502,90,90
msg,1,40,437,6391,525,90,90
msg,1,41,458,5774,532,90,90
msg,1,42,458,4154,507,90,90
msg,1,43,466,5649,513,90,90
msg,1,44,474,3765,524,90,90
msg,1,45,458,4477,533,90,90
msg,1,46,430,3849,524,90,90
msg,1,47,433,3943,535,90,90
msg,1,48,428,3932,526,90,90
msg,1,49,429,4039,521,90,90
msg,1,50,470,4921,522,90,90
msg,1,51,464,6545,534,90,90
msg,1,52,438,26031,526,90,90
msg,1,53,462,4576,522,90,90
msg,1,54,430,4542,504,90,90
msg,1,55,461,4456,523,90,90
msg,1,56,462,4114,503,90,90
msg,1,57,463,4024,505,90,90
msg,1,58,436,4085,529,90,90
msg,1,59,439,3681,504,90,90
msg,1,60,427,3936,528,90,90
msg,1,61,438,3744,506,90,90
msg,1,62,436,4275,525,90,90
msg,1,63,427,4514,504,90,90
msg,1,64,430,3854,508,90,90
msg,1,65,433,3778,503,90,90
msg,1,66,434,25184,532,90,90
msg,1,67,434,4242,509,90,90
msg,1,68,472,3616,521,90,90
msg,1,69,456,7052,504,90,90
msg,1,70,464,4065,509,90,90
msg,1,71,439,3651,509,90,90
msg,1,72,464,3877,507,90,90
msg,1,73,461,4022,507,90,90
msg,1,74,428,3995,509,90,90
msg,1,75,431,4007,529,90,90
msg,1,76,442,3852,526,90,90
msg,1,77,435,3996,529,90,90
msg,1,78,445,3709,534,90,90
msg,1,79,434,3827,522,90,90
msg,1,80,440,4002,536,90,90
msg,1,81,426,3988,525,90,90
msg,1,82,438,26111,506,90,90
msg,1,83,462,4186,507,90,90
msg,1,84,432,4317,530,90,90
msg,1,85,457,3996,502,90,90
msg,1,86,462,3720,523,90,90
msg,1,87,462,4464,528,90,90
msg,1,88,442,4406,510,90,90
msg,1,89,454,4454,525,90,90
msg,1,90,428,3984,522,90,90
msg,1,91,464,3576,526,90,90
msg,1,92,439,3441,510,90,90
msg,1,93,462,3891,502,90,90
msg,1,94,456,3700,500,90,90
msg,1,95,460,3961,507,90,90
msg,1,96,459,3818,499,90,90
msg,1,97,455,4438,846,90,90
msg,1,98,471,22674,528,90,90
msg,1,99,459,4649,534,90,90
msg,1,100,438,4059,506,90,90
msg,1,101,462,4428,526,90,90
msg,1,102,436,4026,525,90,90
msg,1,103,433,4664,525,90,90
msg,1,104,436,3604,508,90,90
msg,1,105,536,5247,525,90,90
msg,1,106,441,3920,522,90,90
msg,1,107,459,3461,500,90,90
msg,1,108,430,3903,526,90,90
msg,1,109,428,3688,501,90,90
msg,1,110,429,3689,508,90,90
msg,1,111,455,3851,498,90,90
msg,1,112,455,3951,558,90,90
msg,1,113,428,24082,526,90,90
msg,1,114,440,4013,531,90,90
msg,1,115,437,3983,520,90,90
msg,1,116,436,3868,528,90,90
msg,1,117,437,4136,503,90,90
msg,1,118,457,4078,506,90,90
msg,1,119,441,4716,504,90,90
msg,1,120,459,3902,500,90,90
msg,1,121,463,3883,505,90,90
msg,1,122,461,5021,509,90,90
msg,1,123,433,3649,503,90,90
msg,1,124,470,4194,519,90,90
msg,1,125,439,3506,499,90,90
msg,1,126,467,3846,505,90,90
msg,1,127,467,6893,502,90,90
msg,1,128,434,3974,505,90,90
msg,1,129,438,23119,523,90,90
msg,1,130,428,4795,528,90,90
msg,1,131,439,3713,520,90,90
msg,1,132,435,5696,502,90,90
msg,1,133,435,4264,530,90,90
msg,1,134,432,3837,526,90,90
msg,1,135,543,3821,531,90,90
msg,1,136,431,3788,524,90,90
msg,1,137,435,3685,528,90,90
msg,1,138,432,3649,505,90,90
msg,1,139,436,3754,509,90,90
msg,1,140,465,4398,533,90,90
msg,1,141,433,4137,501,90,90
msg,1,142,463,3596,537,90,90
msg,1,143,531,3802,524,90,90
msg,1,144,461,3570,524,90,90
msg,1,145,433,30504,500,90,90
msg,1,146,461,4138,524,90,90
msg,1,147,438,4113,528,90,90
msg,1,148,431,4474,510,90,90
msg,1,149,436,3851,505,90,90
msg,1,150,438,3849,503,90,90
msg,1,151,445,3614,502,90,90
msg,1,152,474,4533,526,90,90
msg,1,153,436,3932,527,90,90
msg,1,154,461,4039,509,90,90
msg,1,155,466,3638,527,90,90
msg,1,156,470,4157,502,90,90
msg,1,157,464,3878,507,90,90
msg,1,158,463,3758,505,90,90
msg,1,159,456,27254,523,90,90
msg,1,160,439,3740,521,90,90
msg,1,161,432,4588,499,90,90
msg,1,162,457,5315,519,90,90
msg,1,163,437,3918,525,90,90
msg,1,164,431,4086,523,90,90
msg,1,165,468,5912,506,90,90
msg,1,166,466,4065,503,90,90
msg,1,167,461,4139,521,90,90
msg,1,168,437,3766,503,90,90
msg,1,169,430,3912,530,90,90
msg,1,170,437,3859,528,90,90
msg,1,171,424,3947,526,90,90
msg,1,172,436,5447,513,90,90
msg,1,173,470,4302,524,90,90
msg,1,174,424,25146,523,90,90
msg,1,175,465,4058,503,90,90
msg,1,176,456,4560,519,90,90
msg,1,177,456,4806,518,90,90
msg,1,178,457,3993,502,90,90
msg,1,179,468,4427,534,90,90
msg,1,180,431,4851,523,90,90
msg,1,181,441,5026,525,90,90
msg,1,182,499,4599,530,90,90
msg,1,183,447,4652,502,90,90
msg,1,184,437,6548,510,90,90
msg,1,185,464,5205,508,90,90
msg,1,186,428,4183,528,90,90
msg,1,187,435,30420,494,90,90
msg,1,188,441,3855,509,90,90
msg,1,189,445,3712,498,90,90
msg,1,190,456,6245,527,90,90
msg,1,191,542,3909,529,90,90
msg,1,192,433,4202,501,90,90
msg,1,193,464,4767,519,90,90
msg,1,194,461,5458,526,90,90
msg,1,195,435,3851,528,90,90
msg,1,196,433,3772,524,90,90
msg,1,197,431,3918,528,90,90
msg,1,198,439,3802,519,90,90
msg,1,199,436,3902,523,90,90
whole,1,23.907,1376.031,200
2,5.3800,0.0030,30.2500,35.6330,0,0,23,4,0,0,1,1,95384,0.0,0.0,0.0,0.0,0,0,0,0
msg,2,0,580,4286,504,90,90
msg,2,1,440,4032,536,90,90
msg,2,2,433,3868,526,90,90
msg,2,3,428,3723,504,90,90
msg,2,4,436,3740,501,90,90
msg,2,5,460,3909,498,90,90
msg,2,6,431,4259,536,90,90
msg,2,7,435,3695,527,90,90
msg,2,8,435,4851,522,90,90
msg,2,9,433,13508,500,90,90
msg,2,10,451,28360,526,90,90
msg,2,11,438,3808,529,90,90
msg,2,12,430,4063,528,90,90
msg,2,13,463,3748,520,90,90
msg,2,14,430,4347,505,90,90
msg,2,15,468,5676,504,90,90
msg,2,16,468,3627,519,90,90
msg,2,17,468,6035,498,90,90
msg,2,18,464,3719,520,90,90
msg,2,19,461,3715,533,90,90
msg,2,20,438,3667,531,90,90
msg,2,21,429,3923,526,90,90
msg,2,22,442,3923,527,90,90
msg,2,23,439,3864,525,90,90
msg,2,24,432,4027,522,90,90
msg,2,25,465,26574,528,90,90
msg,2,26,434,5909,532,90,90
msg,2,27,430,3822,542,90,90
msg,2,28,438,4751,528,90,90
msg,2,29,432,6382,511,90,90
msg,2,30,459,4263,586,90,90
msg,2,31,435,4856,528,90,90
msg,2,32,444,5879,526,90,90
msg,2,33,441,4359,511,90,90
msg,2,34,450,4352,531,90,90
msg,2,35,430,7269,509,90,90
msg,2,36,455,3853,506,90,90
msg,2,37,465,4112,501,90,90
msg,2,38,431,3737,514,90,90
msg,2,39,456,21721,538,90,90
msg,2,40,455,3726,500,90,90
msg,2,41,461,3811,519,90,90
msg,2,42,467,5630,526,90,90
msg,2,43,424,5444,507,90,90
msg,2,44,429,5895,507,90,90
msg,2,45,441,4292,521,90,90
msg,2,46,427,3694,526,90,90
msg,2,47,435,3598,507,90,90
msg,2,48,433,3834,505,90,90
msg,2,49,437,3860,508,90,90
msg,2,50,435,3526,504,90,90
msg,2,51,463,4022,506,90,90
msg,2,52,458,3795,502,90,90
msg,2,53,458,4223,529,90,90
msg,2,54,434,26646,504,90,90
msg,2,55,434,4279,530,90,90
msg,2,56,567,3787,530,90,90
msg,2,57,433,4550,522,90,90
msg,2,58,432,3529,505,90,90
msg,2,59,455,3548,529,90,90
msg,2,60,531,3849,522,90,90
msg,2,61,467,3794,518,90,90
msg,2,62,467,3739,527,90,90
msg,2,63,432,3986,520,90,90
msg,2,64,520,3796,521,90,90
msg,2,65,466,3916,505,90,90
msg,2,66,458,4148,505,90,90
msg,2,67,433,3901,567,90,90
msg,2,68,439,3806,505,90,90
msg,2,69,441,4120,529,90,90
msg,2,70,429,24505,506,90,90
msg,2,71,433,3820,503,90,90
msg,2,72,439,4251,528,90,90
msg,2,73,443,5072,517,90,90
msg,2,74,456,3686,528,90,90
msg,2,75,436,4481,504,90,90
msg,2,76,444,4554,505,90,90
msg,2,77,456,3664,518,90,90
msg,2,78,458,4136,504,90,90
msg,2,79,461,3796,505,90,90
msg,2,80,462,4091,503,90,90
msg,2,81,432,3488,502,90,90
msg,2,82,456,3951,504,90,90
msg,2,83,461,3834,510,90,90
msg,2,84,468,4407,524,90,90
msg,2,85,436,4302,508,90,90
msg,2,86,451,22442,519,90,90
msg,2,87,428,4385,506,90,90
msg,2,88,458,4031,502,90,90
msg,2,89,441,4932,525,90,90
msg,2,90,437,3985,574,90,90
msg,2,91,432,3893,534,90,90
msg,2,92,433,4617,505,90,90
msg,2,93,429,3708,505,90,90
msg,2,94,437,3939,501,90,90
msg,2,95,442,3563,508,90,90
msg,2,96,452,3573,527,90,90
msg,2,97,426,3912,523,90,90
msg,2,98,459,4086,505,90,90
msg,2,99,457,3764,506,90,90
msg,2,100,460,3743,517,90,90
msg,2,101,461,3574,529,90,90
msg,2,102,430,24066,524,90,90
msg,2,103,460,4052,506,90,90
msg,2,104,470,3946,510,90,90
msg,2,105,470,5015,500,90,90
msg,2,106,435,3793,507,90,90
msg,2,107,441,3866,510,90,90
msg,2,108,434,3653,509,90,90
msg,2,109,479,4526,526,90,90
msg,2,110,435,3842,531,90,90
msg,2,111,860,4087,501,90,90
msg,2,112,440,3864,527,90,90
msg,2,113,439,3841,528,90,90
msg,2,114,432,4706,505,90,90
msg,2,115,431,5060,522,90,90
msg,2,116,428,3688,506,90,90
msg,2,117,430,23162,533,90,90
msg,2,118,540,4262,503,90,90
msg,2,119,459,3870,498,90,90
msg,2,120,461,3948,502,90,90
msg,2,121,437,3906,553,90,90
msg,2,122,439,3897,501,90,90
msg,2,123,439,3407,510,90,90
msg,2,124,465,4257,505,90,90
msg,2,125,442,3384,580,90,90
msg,2,126,462,3795,511,90,90
msg,2,127,460,3924,510,90,90
msg,2,128,461,3527,523,90,90
msg,2,129,435,3575,498,90,90
msg,2,130,497,3819,506,90,90
msg,2,131,428,5245,526,90,90
msg,2,132,427,4527,527,90,90
msg,2,133,440,24031,535,90,90
msg,2,134,424,3874,523,90,90
msg,2,135,433,3942,528,90,90
msg,2,136,430,3773,531,90,90
msg,2,137,432,4260,507,90,90
msg,2,138,471,3994,505,90,90
msg,2,139,458,3560,520,90,90
msg,2,140,467,3732,528,90,90
msg,2,141,455,3331,509,90,90
msg,2,142,429,3693,505,90,90
msg,2,143,453,4144,519,90,90
msg,2,144,433,4863,525,90,90
msg,2,145,442,3951,524,90,90
msg,2,146,432,5363,500,90,90
msg,2,147,462,6515,529,90,90
msg,2,148,433,3581,505,90,90
msg,2,149,428,26150,527,90,90
msg,2,150,433,5841,529,90,90
msg,2,151,434,6163,513,90,90
msg,2,152,467,3946,501,90,90
msg,2,153,473,5277,521,90,90
msg,2,154,434,4721,526,90,90
msg,2,155,436,4003,530,90,90
msg,2,156,427,4527,504,90,90
msg,2,157,428,3774,501,90,90
msg,2,158,467,4012,505,90,90
msg,2,159,431,3817,499,90,90
msg,2,160,434,4034,521,90,90
msg,2,161,433,4200,524,90,90
msg,2,162,425,4339,504,90,90
msg,2,163,459,27896,500,90,90
msg,2,164,427,4054,532,90,90
msg,2,165,425,3977,527,90,90
msg,2,166,429,4545,508,90,90
msg,2,167,432,3791,506,90,90
msg,2,168,453,3464,519,90,90
msg,2,169,449,4321,506,90,90
msg,2,170,430,3977,504,90,90
msg,2,171,436,3661,511,90,90
msg,2,172,469,3779,504,90,90
msg,2,173,463,4045,509,90,90
msg,2,174,441,4241,527,90,90
msg,2,175,436,4294,498,90,90
msg,2,176,468,3951,503,90,90
msg,2,177,434,3908,508,90,90
msg,2,178,427,4456,514,90,90
msg,2,179,460,27931,508,90,90
msg,2,180,465,7792,505,90,90
msg,2,181,463,6615,528,90,90
msg,2,182,433,4093,508,90,90
msg,2,183,465,3647,532,90,90
msg,2,184,463,4216,504,90,90
msg,2,185,452,3981,504,90,90
msg,2,186,439,4253,524,90,90
msg,2,187,441,3672,534,90,90
msg,2,188,431,3673,503,90,90
msg,2,189,428,3668,499,90,90
msg,2,190,446,3793,504,90,90
msg,2,191,462,4585,531,90,90
msg,2,192,458,33012,542,90,90
msg,2,193,470,3796,507,90,90
msg,2,194,462,5057,505,90,90
msg,2,195,463,3876,498,90,90
msg,2,196,456,3887,505,90,90
msg,2,197,432,3781,499,90,90
msg,2,198,465,4575,522,90,90
msg,2,199,461,3659,529,90,90
whole,2,46.938,1403.035,200
#stack 2448
#end
#block pipeline plain lorawan11_256 up
#aead AES-256-CTR+2xCMAC (LoRaWAN 1.1 frame, 256-bit keys) (BearSSL (arduino-pico)), uplink, 51 B payload + 13 B overhead
#lib none (plain MQTT)
iter,tcp_ms,tls_ms,mqtt_ms,total_ms,hs_tx_B,hs_rx_B,mqtt_tx_B,mqtt_rx_B,hs_writes,hs_reads,writes,reads,free_heap_B,hs_keygen_us,hs_derive_us,hs_verify_us,hs_sign_us,hs_keygen_n,hs_derive_n,hs_verify_n,hs_sign_n
msg,iter,idx,seal_us,rtt_us,open_us,tx_B,rx_B
whole,iter,first_ms,all_ms,msgs
0,5.6260,0.0010,4.6840,10.3110,0,0,23,4,0,0,1,1,95384,0.0,0.0,0.0,0.0,0,0,0,0
msg,0,0,1070,3645,1029,90,90
msg,0,1,962,4124,1026,90,90
msg,0,2,925,3967,1032,90,90
msg,0,3,957,3905,1089,90,90
msg,0,4,949,4013,1022,90,90
msg,0,5,946,4113,1023,90,90
msg,0,6,952,3849,1020,90,90
msg,0,7,1021,3900,1022,90,90
msg,0,8,958,3579,1022,90,90
msg,0,9,951,22881,1023,90,90
msg,0,10,959,3949,1019,90,90
msg,0,11,953,3813,1026,90,90
msg,0,12,951,4019,1025,90,90
msg,0,13,948,4559,1017,90,90
msg,0,14,957,4278,1022,90,90
msg,0,15,921,5299,1027,90,90
msg,0,16,955,3837,1023,90,90
msg,0,17,956,3905,1022,90,90
msg,0,18,954,3781,1027,90,90
msg,0,19,955,3922,1021,90,90
msg,0,20,1026,4063,1020,90,90
msg,0,21,961,4540,1021,90,90
msg,0,22,950,20209,1026,90,90
msg,0,23,952,4042,1079,90,90
msg,0,24,953,3970,1010,90,90
msg,0,25,945,4159,1027,90,90
msg,0,26,958,4692,1064,90,90
msg,0,27,964,4170,1027,90,90
msg,0,28,958,3894,1021,90,90
msg,0,29,955,3859,1016,90,90
msg,0,30,1080,3889,1022,90,90
msg,0,31,953,3866,1010,90,90
msg,0,32,949,3822,1014,90,90
msg,0,33,958,6751,1021,90,90
msg,0,34,929,3974,1021,90,90
msg,0,35,957,27700,1028,90,90
msg,0,36,922,4231,1023,90,90
msg,0,37,943,6250,1028,90,90
msg,0,38,959,3863,1026,90,90
msg,0,39,955,4169,1021,90,90
msg,0,40,1013,3942,1021,90,90
msg,0,41,957,4057,1013,90,90
msg,0,42,964,4640,1023,90,90
msg,0,43,952,3899,1016,90,90
msg,0,44,951,4236,1077,90,90
msg,0,45,952,4424,1020,90,90
msg,0,46,959,5145,1028,90,90
msg,0,47,950,27402,1018,90,90
msg,0,48,944,4100,1037,90,90
msg,0,49,958,3888,1027,90,90
msg,0,50,963,3884,1015,90,90
msg,0,51,948,4555,1020,90,90
msg,0,52,966,4491,1025,90,90
msg,0,53,923,5854,1029,90,90
msg,0,54,923,3635,1023,90,90
msg,0,55,954,3894,1019,90,90
msg,0,56,952,4244,1013,90,90
msg,0,57,958,4049,1018,90,90
msg,0,58,957,3911,1024,90,90
msg,0,59,963,25814,1019,90,90
msg,0,60,962,4373,1017,90,90
msg,0,61,921,3730,1022,90,90
msg,0,62,938,5972,1027,90,90
msg,0,63,924,3912,1014,90,90
msg,0,64,925,3836,1027,90,90
msg,0,65,924,4367,1026,90,90
msg,0,66,954,3870,1026,90,90
msg,0,67,958,3798,1024,90,90
msg,0,68,948,4290,1093,90,90
msg,0,69,952,4372,1028,90,90
msg,0,70,953,4018,1028,90,90
msg,0,71,949,3799,1026,90,90
msg,0,72,960,31573,1026,90,90
msg,0,73,970,4044,1026,90,90
msg,0,74,958,4169,1029,90,90
msg,0,75,928,4279,1014,90,90
msg,0,76,956,4303,1025,90,90
msg,0,77,948,4205,1021,90,90
msg,0,78,950,3873,1008,90,90
msg,0,79,955,3829,1013,90,90
msg,0,80,948,3835,1016,90,90
msg,0,81,956,3754,1027,90,90
msg,0,82,953,4549,1022,90,90
msg,0,83,956,3846,1018,90,90
msg,0,84,946,4270,1023,90,90
msg,0,85,962,27096,1023,90,90
msg,0,86,957,4004,1018,90,90
msg,0,87,955,3870,1017,90,90
msg,0,88,953,3967,1021,90,90
msg,0,89,957,4611,1019,90,90
msg,0,90,954,5407,1021,90,90
msg,0,91,956,4011,1025,90,90
msg,0,92,952,4464,1026,90,90
msg,0,93,927,3847,1029,90,90
msg,0,94,922,3814,1025,90,90
msg,0,95,945,4039,1086,90,90
msg,0,96,958,3987,1011,90,90
msg,0,97,953,25065,1025,90,90
msg,0,98,954,3984,1020,90,90
msg,0,99,957,5960,1021,90,90
msg,0,100,950,3831,1022,90,90
msg,0,101,953,3860,1111,90,90
msg,0,102,960,3888,1029,90,90
msg,0,103,958,3905,1019,90,90
msg,0,104,921,4098,1021,90,90
msg,0,105,957,4421,1022,90,90
msg,0,106,949,4260,1018,90,90
msg,0,107,946,4161,1022,90,90
msg,0,108,957,3839,1025,90,90
msg,0,109,958,34739,1056,90,90
msg,0,110,964,4502,1028,90,90
msg,0,111,952,3897,1013,90,90
msg,0,112,956,5471,1024,90,90
msg,0,113,954,4587,1028,90,90
msg,0,114,954,5298,1024,90,90
msg,0,115,959,4179,1015,90,90
msg,0,116,959,13085,1017,90,90
msg,0,117,950,4118,1023,90,90
msg,0,118,946,3977,1017,90,90
msg,0,119,951,32048,1011,90,90
msg,0,120,951,8697,1025,90,90
msg,0,121,959,6799,1035,90,90
msg,0,122,952,6366,1024,90,90
msg,0,123,956,4260,1024,90,90
msg,0,124,953,6067,1023,90,90
msg,0,125,949,4421,1026,90,90
msg,0,126,948,4760,1080,90,90
msg,0,127,949,6264,1015,90,90
msg,0,128,952,8589,1028,90,90
msg,0,129,1014,24609,1025,90,90
msg,0,130,953,6876,1027,90,90
msg,0,131,947,3887,1022,90,90
msg,0,132,953,3857,1027,90,90
msg,0,133,934,3930,1018,90,90
msg,0,134,960,4424,1087,90,90
msg,0,135,952,5898,1015,90,90
msg,0,136,961,3945,1020,90,90
msg,0,137,948,4265,1016,90,90
msg,0,138,957,5055,1028,90,90
msg,0,139,960,4742,1016,90,90
msg,0,140,945,27849,1019,90,90
msg,0,141,956,4741,1016,90,90
msg,0,142,958,5781,1078,90,90
msg,0,143,960,4157,1024,90,90
msg,0,144,956,4232,1023,90,90
msg,0,145,921,4492,1028,90,90
msg,0,146,1030,4550,1021,90,90
msg,0,147,957,3721,1014,90,90
msg,0,148,947,3844,1027,90,90
msg,0,149,959,3843,1014,90,90
msg,0,150,956,4345,1136,90,90
msg,0,151,940,3920,1020,90,90
msg,0,152,912,27127,1015,90,90
msg,0,153,948,4186,1021,90,90
msg,0,154,956,5888,1098,90,90
msg,0,155,965,4805,1020,90,90
msg,0,156,957,3840,1015,90,90
msg,0,157,954,3855,1023,90,90
msg,0,158,1017,4052,1025,90,90
msg,0,159,932,3609,1028,90,90
msg,0,160,962,3891,1025,90,90
msg,0,161,957,5715,1019,90,90
msg,0,162,958,3797,1023,90,90
msg,0,163,957,4940,1028,90,90
msg,0,164,951,27342,1027,90,90
msg,0,165,953,4674,1017,90,90
msg,0,166,953,6656,1030,90,90
msg,0,167,951,4184,1010,90,90
msg,0,168,960,3880,1021,90,90
msg,0,169,951,3865,1009,90,90
msg,0,170,951,3870,1023,90,90
msg,0,171,957,4000,1023,90,90
msg,0,172,955,3858,1067,90,90
msg,0,173,963,4045,1024,90,90
msg,0,174,950,4144,1025,90,90
msg,0,175,951,5125,1073,90,90
msg,0,176,948,28514,1017,90,90
msg,0,177,957,4409,1021,90,90
msg,0,178,956,6635,1019,90,90
msg,0,179,946,3827,1019,90,90
msg,0,180,955,3714,1013,90,90
msg,0,181,942,4169,1031,90,90
msg,0,182,957,3809,1025,90,90
msg,0,183,945,5021,1022,90,90
msg,0,184,956,5912,1025,90,90
msg,0,185,958,5149,1012,90,90
msg,0,186,953,4704,1085,90,90
msg,0,187,959,3821,1012,90,90
msg,0,188,946,29798,1026,90,90
msg,0,189,930,4302,1024,90,90
msg,0,190,961,4000,1018,90,90
msg,0,191,956,5039,1026,90,90
msg,0,192,956,4965,1017,90,90
msg,0,193,951,5454,1022,90,90
msg,0,194,958,3552,1018,90,90
msg,0,195,950,5425,1033,90,90
msg,0,196,957,4167,1011,90,90
msg,0,197,953,3579,1025,90,90
msg,0,198,947,4171,1015,90,90
msg,0,199,957,28796,1018,90,90
whole,0,21.672,1735.075,200
1,7.5000,0.0020,4.2590,11.7610,0,0,23,4,0,0,1,1,95384,0.0,0.0,0.0,0.0,0,0,0,0
msg,1,0,1083,4728,1017,90,90
msg,1,1,955,3862,1021,90,90
msg,1,2,956,3767,1018,90,90
msg,1,3,957,3800,1020,90,90
msg,1,4,950,3785,1020,90,90
msg,1,5,955,4012,1025,90,90
msg,1,6,956,3924,1021,90,90
msg,1,7,941,3809,1026,90,90
msg,1,8,955,25040,1022,90,90
msg,1,9,953,3916,1024,90,90
msg,1,10,958,3853,1035,90,90
msg,1,11,961,8785,1085,90,90
msg,1,12,951,4087,1015,90,90
msg,1,13,949,3708,1023,90,90
msg,1,14,927,4127,1015,90,90
msg,1,15,958,4031,1020,90,90
msg,1,16,959,3817,1016,90,90
msg,1,17,956,4379,1024,90,90
msg,1,18,949,3839,1027,90,90
msg,1,19,934,3907,1025,90,90
msg,1,20,922,7370,1029,90,90
msg,1,21,954,29159,1029,90,90
msg,1,22,950,4017,1021,90,90
msg,1,23,944,3955,1012,90,90
msg,1,24,954,14340,1026,90,90
msg,1,25,1022,3974,1023,90,90
msg,1,26,948,3964,1025,90,90
msg,1,27,931,4826,1027,90,90
msg,1,28,923,3992,1019,90,90
msg,1,29,956,4905,1026,90,90
msg,1,30,953,4882,1014,90,90
msg,1,31,944,32415,1036,90,90
msg,1,32,945,4508,1020,90,90
msg,1,33,1020,5954,1023,90,90
msg,1,34,951,4222,1019,90,90
msg,1,35,930,4175,1064,90,90
msg,1,36,941,4350,1025,90,90
msg,1,37,944,14042,1023,90,90
msg,1,38,1277,6193,1027,90,90
msg,1,39,953,6176,1077,90,90
msg,1,40,958,25131,1027,90,90
msg,1,41,952,34640,1015,90,90
msg,1,42,957,4142,1026,90,90
msg,1,43,963,3905,1023,90,90
msg,1,44,953,4577,1019,90,90
msg,1,45,958,3797,1020,90,90
msg,1,46,960,4349,1033,90,90
msg,1,47,959,42171,1073,90,90
msg,1,48,960,5903,1027,90,90
msg,1,49,949,3539,1033,90,90
msg,1,50,934,4462,1018,90,90
msg,1,51,963,4550,1020,90,90
msg,1,52,954,4237,1025,90,90
msg,1,53,949,3892,1027,90,90
msg,1,54,947,3815,1020,90,90
msg,1,55,948,3873,1025,90,90
msg,1,56,957,3831,1025,90,90
msg,1,57,950,5299,1014,90,90
msg,1,58,946,24053,1020,90,90
msg,1,59,955,4528,1014,90,90
msg,1,60,1022,4016,1022,90,90
msg,1,61,950,4311,1025,90,90
msg,1,62,937,3934,1022,90,90
msg,1,63,951,3969,1029,90,90
msg,1,64,919,5075,1013,90,90
msg,1,65,948,4485,1024,90,90
msg,1,66,953,4993,1016,90,90
msg,1,67,929,4745,1032,90,90
msg,1,68,946,6205,1072,90,90
msg,1,69,956,4474,1024,90,90
msg,1,70,945,28514,1027,90,90
msg,1,71,961,4105,1023,90,90
msg,1,72,954,4775,1025,90,90
msg,1,73,958,5054,1022,90,90
msg,1,74,950,4055,1014,90,90
msg,1,75,953,3861,1025,90,90
msg,1,76,954,4102,1021,90,90
msg,1,77,959,3991,1018,90,90
msg,1,78,952,4092,1025,90,90
msg,1,79,958,4548,1025,90,90
msg,1,80,955,3596,1016,90,90
msg,1,81,954,3903,1020,90,90
msg,1,82,938,20903,1024,90,90
msg,1,83,955,4009,1012,90,90
msg,1,84,965,3842,1024,90,90
msg,1,85,953,5383,1011,90,90
msg,1,86,959,4353,1028,90,90
msg,1,87,957,3828,1030,90,90
msg,1,88,956,3872,1026,90,90
msg,1,89,956,4074,1025,90,90
msg,1,90,928,4279,1016,90,90
msg,1,91,963,3843,1024,90,90
msg,1,92,954,3805,1022,90,90
msg,1,93,952,4130,1024,90,90
msg,1,94,954,3875,1023,90,90
msg,1,95,954,29116,1020,90,90
msg,1,96,949,4038,1024,90,90
msg,1,97,952,3837,1008,90,90
msg,1,98,954,4120,1020,90,90
msg,1,99,955,4631,1020,90,90
msg,1,100,950,3890,1018,90,90
msg,1,101,951,6002,1019,90,90
msg,1,102,957,5221,1021,90,90
msg,1,103,947,4121,1012,90,90
msg,1,104,948,5498,1033,90,90
msg,1,105,959,6003,1020,90,90
msg,1,106,926,4006,1012,90,90
msg,1,107,953,24384,1029,90,90
msg,1,108,1017,4391,1021,90,90
msg,1,109,950,4294,1021,90,90
msg,1,110,960,3898,1025,90,90
msg,1,111,948,4313,1017,90,90
msg,1,112,949,3899,1106,90,90
msg,1,113,955,3755,1018,90,90
msg,1,114,944,4890,1020,90,90
msg,1,115,952,4274,1084,90,90
msg,1,116,946,4325,1018,90,90
msg,1,117,947,4113,1026,90,90
msg,1,118,953,4283,1021,90,90
msg,1,119,1021,4165,1017,90,90
msg,1,120,954,22916,1067,90,90
msg,1,121,968,4764,1023,90,90
msg,1,122,957,5171,1028,90,90
msg,1,123,960,4272,1020,90,90
msg,1,124,950,4847,1005,90,90
msg,1,125,944,4702,1018,90,90
msg,1,126,946,4310,1025,90,90
msg,1,127,960,4126,1021,90,90
msg,1,128,955,4344,1020,90,90
msg,1,129,951,4944,1009,90,90
msg,1,130,950,3907,1016,90,90
msg,1,131,948,4519,1021,90,90
msg,1,132,958,26813,1015,90,90
msg,1,133,948,4327,1025,90,90
msg,1,134,942,6577,1020,90,90
msg,1,135,1017,3880,1024,90,90
msg,1,136,967,4271,1027,90,90
msg,1,137,955,4271,1015,90,90
msg,1,138,955,5611,1033,90,90
msg,1,139,955,4032,1021,90,90
msg,1,140,947,4041,1029,90,90
msg,1,141,949,4798,1024,90,90
msg,1,142,950,4386,1025,90,90
msg,1,143,931,4245,1018,90,90
msg,1,144,948,26636,1025,90,90
msg,1,145,954,4299,1030,90,90
msg,1,146,959,5336,1075,90,90
msg,1,147,959,4091,1025,90,90
msg,1,148,960,4038,1014,90,90
msg,1,149,950,4291,1019,90,90
msg,1,150,956,4196,1035,90,90
msg,1,151,956,4486,1014,90,90
msg,1,152,956,5720,1080,90,90
msg,1,153,951,5513,1023,90,90
msg,1,154,937,5406,1022,90,90
msg,1,155,956,4020,1028,90,90
msg,1,156,956,24003,1021,90,90
msg,1,157,955,4305,1027,90,90
msg,1,158,954,6521,1021,90,90
msg,1,159,956,4084,1023,90,90
msg,1,160,955,3993,1009,90,90
msg,1,161,941,3890,1019,90,90
msg,1,162,956,4716,1019,90,90
msg,1,163,946,4218,1022,90,90
msg,1,164,967,3891,1019,90,90
msg,1,165,957,4334,1023,90,90
msg,1,166,951,4280,1026,90,90
msg,1,167,958,3878,1108,90,90
msg,1,168,959,29059,1026,90,90
msg,1,169,951,4055,1018,90,90
msg,1,170,951,7444,1021,90,90
msg,1,171,958,6978,1029,90,90
msg,1,172,955,5258,1014,90,90
msg,1,173,946,4437,1083,90,90
msg,1,174,951,4016,1022,90,90
msg,1,175,953,4568,1022,90,90
msg,1,176,949,3885,1024,90,90
msg,1,177,1028,3888,1026,90,90
msg,1,178,927,4451,1027,90,90
msg,1,179,956,29939,1031,90,90
msg,1,180,961,3933,1072,90,90
msg,1,181,943,6914,1025,90,90
msg,1,182,959,4540,1020,90,90
msg,1,183,968,5282,1026,90,90
msg,1,184,950,4040,1016,90,90
msg,1,185,941,4548,1024,90,90
msg,1,186,945,4693,1021,90,90
msg,1,187,952,3916,1027,90,90
msg,1,188,947,4509,1020,90,90
msg,1,189,949,5236,1027,90,90
msg,1,190,947,4092,1026,90,90
msg,1,191,954,29267,1030,90,90
msg,1,192,951,6952,1023,90,90
msg,1,193,955,4627,1018,90,90
msg,1,194,957,4083,1020,90,90
msg,1,195,953,4191,1022,90,90
msg,1,196,951,4030,1026,90,90
msg,1,197,951,3875,1022,90,90
msg,1,198,958,4251,1030,90,90
msg,1,199,963,5006,1019,90,90
whole,1,25.750,1794.164,200
2,5.3720,0.0030,5.0280,10.4030,0,0,23,4,0,0,1,1,95384,0.0,0.0,0.0,0.0,0,0,0,0
msg,2,0,1072,3977,1019,90,90
msg,2,1,1022,3824,1023,90,90
msg,2,2,955,5883,1022,90,90
msg,2,3,947,4080,1025,90,90
msg,2,4,945,4081,1026,90,90
msg,2,5,924,4348,1018,90,90
msg,2,6,959,3736,1011,90,90
msg,2,7,955,4519,1015,90,90
msg,2,8,950,4540,1025,90,90
msg,2,9,960,7587,1029,90,90
msg,2,10,963,4716,1022,90,90
msg,2,11,961,3895,1017,90,90
msg,2,12,963,22706,1023,90,90
msg,2,13,1013,4715,1012,90,90
msg,2,14,955,4038,1025,90,90
msg,2,15,958,3689,1025,90,90
msg,2,16,956,5758,1020,90,90
msg,2,17,947,3872,1017,90,90
msg,2,18,949,3785,1025,90,90
msg,2,19,956,3927,1014,90,90
msg,2,20,955,3905,1016,90,90
msg,2,21,949,3935,1016,90,90
msg,2,22,950,5626,1020,90,90
msg,2,23,954,4204,1018,90,90
msg,2,24,958,3865,1023,90,90
msg,2,25,947,31799,1095,90,90
msg,2,26,960,6178,1027,90,90
msg,2,27,953,7407,1026,90,90
msg,2,28,965,4911,1018,90,90
msg,2,29,958,5006,1029,90,90
msg,2,30,957,3808,1017,90,90
msg,2,31,1010,3854,1019,90,90
msg,2,32,947,3893,1029,90,90
msg,2,33,944,3799,1031,90,90
msg,2,34,959,4925,1016,90,90
msg,2,35,944,3800,1086,90,90
msg,2,36,941,26436,1018,90,90
msg,2,37,959,3845,1025,90,90
msg,2,38,952,4873,1020,90,90
msg,2,39,960,6788,1019,90,90
msg,2,40,952,4113,1024,90,90
msg,2,41,959,7874,1025,90,90
msg,2,42,962,5593,1019,90,90
msg,2,43,968,3559,1100,90,90
msg,2,44,957,4291,1027,90,90
msg,2,45,949,4364,1008,90,90
msg,2,46,957,3890,1023,90,90
msg,2,47,955,25356,1029,90,90
msg,2,48,954,4241,1014,90,90
msg,2,49,945,4057,1082,90,90
msg,2,50,959,4276,1017,90,90
msg,2,51,926,5774,1025,90,90
msg,2,52,942,4085,1089,90,90
msg,2,53,954,3603,1022,90,90
msg,2,54,958,3886,1030,90,90
msg,2,55,1405,3644,1012,90,90
msg,2,56,950,4744,1027,90,90
msg,2,57,956,4218,1018,90,90
msg,2,58,952,5250,1026,90,90
msg,2,59,1010,24718,1014,90,90
msg,2,60,953,5102,1020,90,90
msg,2,61,952,4823,1085,90,90
msg,2,62,953,4572,1028,90,90
msg,2,63,947,5817,1021,90,90
msg,2,64,943,4710,1019,90,90
msg,2,65,959,5206,1013,90,90
msg,2,66,943,4037,1012,90,90
msg,2,67,957,4480,1032,90,90
msg,2,68,923,4884,1032,90,90
msg,2,69,925,4280,1025,90,90
msg,2,70,963,4146,1019,90,90
msg,2,71,956,28875,1023,90,90
msg,2,72,953,4915,1075,90,90
msg,2,73,945,5423,1023,90,90
msg,2,74,956,4708,1010,90,90
msg,2,75,952,4858,1011,90,90
msg,2,76,954,7090,1031,90,90
msg,2,77,956,5070,1023,90,90
msg,2,78,946,4346,1014,90,90
msg,2,79,955,5057,1022,90,90
msg,2,80,953,6474,1075,90,90
msg,2,81,951,4427,1030,90,90
msg,2,82,955,24380,1008,90,90
msg,2,83,956,4548,1024,90,90
msg,2,84,937,3832,1022,90,90
msg,2,85,917,3828,1029,90,90
msg,2,86,923,5653,1024,90,90
msg,2,87,954,4295,1013,90,90
msg,2,88,957,3838,1016,90,90
msg,2,89,956,3844,1024,90,90
msg,2,90,1063,4325,1024,90,90
msg,2,91,962,4327,1026,90,90
msg,2,92,959,4995,1030,90,90
msg,2,93,1017,4064,1027,90,90
msg,2,94,953,25864,1030,90,90
msg,2,95,946,4743,1072,90,90
msg,2,96,956,4092,1025,90,90
msg,2,97,921,5191,1018,90,90
msg,2,98,951,4080,1079,90,90
msg,2,99,963,4161,1016,90,90
msg,2,100,938,5140,1009,90,90
msg,2,101,959,5257,1027,90,90
msg,2,102,965,5221,1024,90,90
msg,2,103,946,7262,1015,90,90
msg,2,104,962,5111,1024,90,90
msg,2,105,949,4883,1020,90,90
msg,2,106,956,33169,1014,90,90
msg,2,107,953,6110,1024,90,90
msg,2,108,947,4249,1024,90,90
msg,2,109,956,3819,1026,90,90
msg,2,110,954,3838,1034,90,90
msg,2,111,948,5052,1030,90,90
msg,2,112,926,4268,1019,90,90
msg,2,113,957,4725,1006,90,90
msg,2,114,962,3888,1011,90,90
msg,2,115,947,6963,1023,90,90
msg,2,116,947,37046,1034,90,90
msg,2,117,958,6455,1020,90,90
msg,2,118,956,3880,1013,90,90
msg,2,119,960,3929,1012,90,90
msg,2,120,950,4228,1027,90,90
msg,2,121,946,4745,1024,90,90
msg,2,122,951,3800,1027,90,90
msg,2,123,955,11775,1016,90,90
msg,2,124,964,11045,1022,90,90
msg,2,125,957,25475,1027,90,90
msg,2,126,956,3841,1013,90,90
msg,2,127,951,3860,1023,90,90
msg,2,128,956,3714,1014,90,90
msg,2,129,948,4325,1020,90,90
msg,2,130,959,3828,1025,90,90
msg,2,131,952,4324,1015,90,90
msg,2,132,958,5634,1018,90,90
msg,2,133,955,4192,1021,90,90
msg,2,134,950,3859,1025,90,90
msg,2,135,957,3850,1025,90,90
msg,2,136,956,5034,1020,90,90
msg,2,137,956,3810,1076,90,90
msg,2,138,945,29890,1032,90,90
msg,2,139,967,3561,1019,90,90
msg,2,140,961,3456,1029,90,90
msg,2,141,941,5975,1018,90,90
msg,2,142,949,3918,1026,90,90
msg,2,143,950,28116,1034,90,90
msg,2,144,961,4431,1016,90,90
msg,2,145,959,4404,1030,90,90
msg,2,146,945,28621,1027,90,90
msg,2,147,954,4091,1029,90,90
msg,2,148,1019,4835,1022,90,90
msg,2,149,944,3918,1026,90,90
msg,2,150,948,3720,1022,90,90
msg,2,151,955,3953,1024,90,90
msg,2,152,950,3823,1027,90,90
msg,2,153,959,3628,1024,90,90
msg,2,154,968,3877,1025,90,90
msg,2,155,941,3611,1029,90,90
msg,2,156,959,16344,1030,90,90
msg,2,157,936,22449,1029,90,90
msg,2,158,943,3813,1028,90,90
msg,2,159,956,3847,1010,90,90
msg,2,160,967,3849,1021,90,90
msg,2,161,956,3862,1021,90,90
msg,2,162,959,4649,1019,90,90
msg,2,163,955,4478,1012,90,90
msg,2,164,948,4050,1015,90,90
msg,2,165,953,4223,1019,90,90
msg,2,166,962,4555,1020,90,90
msg,2,167,950,4539,1030,90,90
msg,2,168,945,3817,1079,90,90
msg,2,169,950,4076,1016,90,90
msg,2,170,955,25490,1027,90,90
msg,2,171,930,4064,1068,90,90
msg,2,172,944,6828,1014,90,90
msg,2,173,962,4319,1026,90,90
msg,2,174,956,4866,1029,90,90
msg,2,175,955,6077,1022,90,90
msg,2,176,918,4132,1010,90,90
msg,2,177,951,4044,1026,90,90
msg,2,178,956,3920,1029,90,90
msg,2,179,955,4637,1028,90,90
msg,2,180,949,4752,1016,90,90
msg,2,181,955,4452,1023,90,90
msg,2,182,948,27693,1059,90,90
msg,2,183,958,4185,1017,90,90
msg,2,184,957,4399,1024,90,90
msg,2,185,951,4365,1108,90,90
msg,2,186,955,4372,1029,90,90
msg,2,187,954,4479,1022,90,90
msg,2,188,961,4761,1072,90,90
msg,2,189,957,4401,1023,90,90
msg,2,190,920,15862,1027,90,90
msg,2,191,933,5842,1031,90,90
msg,2,192,922,27910,1021,90,90
msg,2,193,948,5746,1078,90,90
msg,2,194,924,4420,1022,90,90
msg,2,195,955,5064,1026,90,90
msg,2,196,951,3900,1021,90,90
msg,2,197,951,4496,1023,90,90
msg,2,198,958,4895,1017,90,90
msg,2,199,962,4593,1014,90,90
whole,2,38.134,1829.936,200
#stack 2412
#end
#block pipeline plain lorawan11_256 down
#aead AES-256-CTR+2xCMAC (LoRaWAN 1.1 frame, 256-bit keys) (BearSSL (arduino-pico)), downlink, 51 B payload + 13 B overhead
#lib none (plain MQTT)
iter,tcp_ms,tls_ms,mqtt_ms,total_ms,hs_tx_B,hs_rx_B,mqtt_tx_B,mqtt_rx_B,hs_writes,hs_reads,writes,reads,free_heap_B,hs_keygen_us,hs_derive_us,hs_verify_us,hs_sign_us,hs_keygen_n,hs_derive_n,hs_verify_n,hs_sign_n
msg,iter,idx,seal_us,rtt_us,open_us,tx_B,rx_B
whole,iter,first_ms,all_ms,msgs
0,4.3510,0.0010,6.2220,10.5740,0,0,23,4,0,0,1,1,95384,0.0,0.0,0.0,0.0,0,0,0,0
msg,0,0,712,4148,664,90,90
msg,0,1,601,5099,644,90,90
msg,0,2,569,5250,662,90,90
msg,0,3,596,4409,662,90,90
msg,0,4,593,4556,663,90,90
msg,0,5,592,4029,635,90,90
msg,0,6,572,6794,660,90,90
msg,0,7,564,28805,667,90,90
msg,0,8,603,9364,659,90,90
msg,0,9,646,3690,665,90,90
msg,0,10,594,4661,663,90,90
msg,0,11,606,3561,660,90,90
msg,0,12,588,3705,659,90,90
msg,0,13,587,4301,665,90,90
msg,0,14,585,4150,645,90,90
msg,0,15,572,3654,637,90,90
msg,0,16,566,4443,640,90,90
msg,0,17,595,3775,636,90,90
msg,0,18,568,4631,642,90,90
msg,0,19,572,3801,669,90,90
msg,0,20,598,30300,641,90,90
msg,0,21,574,4448,645,90,90
msg,0,22,569,5314,656,90,90
msg,0,23,592,3953,635,90,90
msg,0,24,575,6852,662,90,90
msg,0,25,576,5887,660,90,90
msg,0,26,590,4031,638,90,90
msg,0,27,572,3795,658,90,90
msg,0,28,570,4367,637,90,90
msg,0,29,570,4536,638,90,90
msg,0,30,572,6101,663,90,90
msg,0,31,594,4478,664,90,90
msg,0,32,598,22288,667,90,90
msg,0,33,570,3977,661,90,90
msg,0,34,599,3705,656,90,90
msg,0,35,591,3904,642,90,90
msg,0,36,574,4713,657,90,90
msg,0,37,572,3703,662,90,90
msg,0,38,564,8361,637,90,90
msg,0,39,572,4242,663,90,90
msg,0,40,598,4172,650,90,90
msg,0,41,570,6081,688,90,90
msg,0,42,594,3779,640,90,90
msg,0,43,576,6888,665,90,90
msg,0,44,599,5970,636,90,90
msg,0,45,602,33132,657,90,90
msg,0,46,582,5136,639,90,90
msg,0,47,595,4344,655,90,90
msg,0,48,592,7331,667,90,90
msg,0,49,585,3978,636,90,90
msg,0,50,595,4394,656,90,90
msg,0,51,599,4467,660,90,90
msg,0,52,597,3584,660,90,90
msg,0,53,663,4208,666,90,90
msg,0,54,573,9479,663,90,90
msg,0,55,567,6351,639,90,90
msg,0,56,566,5227,665,90,90
msg,0,57,595,20886,632,90,90
msg,0,58,593,4610,633,90,90
msg,0,59,570,3830,660,90,90
msg,0,60,572,4722,666,90,90
msg,0,61,573,4216,643,90,90
msg,0,62,570,3683,638,90,90
msg,0,63,565,4413,640,90,90
msg,0,64,597,3944,651,90,90
msg,0,65,556,4415,635,90,90
msg,0,66,567,3780,665,90,90
msg,0,67,569,3847,650,90,90
msg,0,68,598,4461,661,90,90
msg,0,69,593,3927,652,90,90
msg,0,70,685,4615,638,90,90
msg,0,71,591,24777,637,90,90
msg,0,72,564,4044,671,90,90
msg,0,73,594,4290,982,90,90
msg,0,74,613,6800,640,90,90
msg,0,75,587,3973,662,90,90
msg,0,76,567,4074,659,90,90
msg,0,77,603,4281,658,90,90
msg,0,78,588,3691,659,90,90
msg,0,79,598,5573,664,90,90
msg,0,80,599,3846,636,90,90
msg,0,81,583,3764,638,90,90
msg,0,82,565,4015,664,90,90
msg,0,83,594,4192,639,90,90
msg,0,84,567,4058,659,90,90
msg,0,85,591,25428,657,90,90
msg,0,86,595,4080,698,90,90
msg,0,87,566,3871,663,90,90
msg,0,88,571,3824,663,90,90
msg,0,89,594,3911,641,90,90
msg,0,90,593,3833,635,90,90
msg,0,91,569,4456,638,90,90
msg,0,92,569,4153,658,90,90
msg,0,93,589,4433,661,90,90
msg,0,94,596,4523,663,90,90
msg,0,95,597,4559,661,90,90
msg,0,96,563,3876,659,90,90
msg,0,97,592,6919,638,90,90
msg,0,98,564,4008,665,90,90
msg,0,99,587,3795,655,90,90
msg,0,100,591,24815,642,90,90
msg,0,101,604,4252,659,90,90
msg,0,102,595,4174,661,90,90
msg,0,103,564,5988,668,90,90
msg,0,104,662,5590,666,90,90
msg,0,105,592,6446,665,90,90
msg,0,106,595,4809,634,90,90
msg,0,107,585,3972,652,90,90
msg,0,108,568,4033,656,90,90
msg,0,109,597,3698,657,90,90
msg,0,110,604,5296,666,90,90
msg,0,111,588,4589,661,90,90
msg,0,112,592,3983,639,90,90
msg,0,113,572,27533,640,90,90
msg,0,114,598,3661,641,90,90
msg,0,115,561,4455,641,90,90
msg,0,116,588,4017,718,90,90
msg,0,117,569,3870,659,90,90
msg,0,118,593,3570,663,90,90
msg,0,119,592,3880,640,90,90
msg,0,120,571,5005,654,90,90
msg,0,121,595,4242,638,90,90
msg,0,122,570,3856,662,90,90
msg,0,123,562,4208,634,90,90
msg,0,124,699,4693,635,90,90
msg,0,125,568,3763,660,90,90
msg,0,126,572,3671,667,90,90
msg,0,127,591,4604,662,90,90
msg,0,128,597,20989,635,90,90
msg,0,129,593,4253,657,90,90
msg,0,130,583,3931,634,90,90
msg,0,131,605,6171,665,90,90
msg,0,132,588,3738,660,90,90
msg,0,133,592,4163,661,90,90
msg,0,134,567,3708,665,90,90
msg,0,135,578,6290,644,90,90
msg,0,136,580,4355,638,90,90
msg,0,137,593,4311,656,90,90
msg,0,138,596,3643,662,90,90
msg,0,139,591,4459,660,90,90
msg,0,140,586,3696,663,90,90
msg,0,141,584,3793,640,90,90
msg,0,142,661,23559,635,90,90
msg,0,143,607,4068,668,90,90
msg,0,144,599,3861,643,90,90
msg,0,145,590,6870,662,90,90
msg,0,146,567,4115,658,90,90
msg,0,147,603,4059,656,90,90
msg,0,148,574,4236,638,90,90
msg,0,149,600,3943,664,90,90
msg,0,150,563,3556,710,90,90
msg,0,151,570,3795,663,90,90
msg,0,152,592,4005,642,90,90
msg,0,153,599,5897,661,90,90
msg,0,154,564,4091,659,90,90
msg,0,155,587,4847,690,90,90
msg,0,156,573,29223,661,90,90
msg,0,157,594,5956,645,90,90
msg,0,158,568,6817,654,90,90
msg,0,159,560,5071,652,90,90
msg,0,160,597,6620,636,90,90
msg,0,161,598,11194,667,90,90
msg,0,162,601,5646,658,90,90
msg,0,163,592,5202,658,90,90
msg,0,164,558,4505,634,90,90
msg,0,165,568,8322,654,90,90
msg,0,166,598,28403,664,90,90
msg,0,167,593,4283,658,90,90
msg,0,168,576,5654,662,90,90
msg,0,169,595,4953,640,90,90
msg,0,170,592,7370,657,90,90
msg,0,171,599,4891,637,90,90
msg,0,172,593,4480,932,90,90
msg,0,173,575,8085,665,90,90
msg,0,174,589,5025,646,90,90
msg,0,175,579,4793,661,90,90
msg,0,176,570,6518,662,90,90
msg,0,177,561,3971,662,90,90
msg,0,178,597,25216,663,90,90
msg,0,179,576,3771,670,90,90
msg,0,180,593,3867,657,90,90
msg,0,181,600,4022,660,90,90
msg,0,182,572,3741,659,90,90
msg,0,183,565,3891,659,90,90
msg,0,184,593,4296,659,90,90
msg,0,185,589,3959,636,90,90
msg,0,186,603,3999,663,90,90
msg,0,187,568,3643,668,90,90
msg,0,188,564,4195,644,90,90
msg,0,189,594,3869,664,90,90
msg,0,190,560,4544,715,90,90
msg,0,191,570,3881,661,90,90
msg,0,192,601,3999,636,90,90
msg,0,193,591,20445,652,90,90
msg,0,194,596,3913,639,90,90
msg,0,195,571,3777,668,90,90
msg,0,196,571,3633,654,90,90
msg,0,197,572,5433,666,90,90
msg,0,198,558,3768,719,90,90
msg,0,199,595,4533,663,90,90
whole,0,21.948,1549.610,200
1,4.3750,0.0020,5.6380,10.0150,0,0,23,4,0,0,1,1,95384,0.0,0.0,0.0,0.0,0,0,0,0
msg,1,0,691,4184,651,90,90
msg,1,1,592,4452,661,90,90
msg,1,2,658,3559,650,90,90
msg,1,3,595,3902,638,90,90
msg,1,4,565,33576,642,90,90
msg,1,5,569,5087,663,90,90
msg,1,6,604,4289,663,90,90
msg,1,7,568,3794,655,90,90
msg,1,8,593,3854,652,90,90
msg,1,9,596,3514,662,90,90
msg,1,10,599,4508,661,90,90
msg,1,11,589,3851,641,90,90
msg,1,12,588,3836,667,90,90
msg,1,13,561,4289,638,90,90
msg,1,14,597,3693,698,90,90
msg,1,15,571,3880,660,90,90
msg,1,16,570,4297,639,90,90
msg,1,17,560,3861,659,90,90
msg,1,18,563,29938,667,90,90
msg,1,19,590,3785,641,90,90
msg,1,20,580,6027,708,90,90
msg,1,21,570,3756,660,90,90
msg,1,22,594,7042,639,90,90
msg,1,23,564,4343,663,90,90
msg,1,24,596,3915,661,90,90
msg,1,25,578,10682,658,90,90
msg,1,26,571,6472,668,90,90
msg,1,27,576,4106,654,90,90
msg,1,28,590,3764,633,90,90
msg,1,29,595,27445,655,90,90
msg,1,30,599,5051,661,90,90
msg,1,31,561,4395,643,90,90
msg,1,32,571,6350,644,90,90
msg,1,33,597,7557,645,90,90
msg,1,34,596,4032,660,90,90
msg,1,35,698,4035,645,90,90
msg,1,36,590,3877,658,90,90
msg,1,37,562,4741,657,90,90
msg,1,38,575,4894,663,90,90
msg,1,39,589,4399,661,90,90
msg,1,40,591,4389,664,90,90
msg,1,41,561,4500,710,90,90
msg,1,42,569,21730,656,90,90
msg,1,43,593,4549,666,90,90
msg,1,44,566,3928,659,90,90
msg,1,45,597,3831,697,90,90
msg,1,46,573,3797,660,90,90
msg,1,47,563,3750,659,90,90
msg,1,48,564,4056,640,90,90
msg,1,49,591,4037,659,90,90
msg,1,50,581,5349,644,90,90
msg,1,51,576,3826,658,90,90
msg,1,52,573,3963,655,90,90
msg,1,53,594,3781,639,90,90
msg,1,54,595,4705,636,90,90
msg,1,55,569,4092,661,90,90
msg,1,56,592,3383,712,90,90
msg,1,57,565,4028,654,90,90
msg,1,58,596,25686,638,90,90
msg,1,59,602,4648,638,90,90
msg,1,60,570,5003,665,90,90
msg,1,61,600,4290,641,90,90
msg,1,62,574,4080,662,90,90
msg,1,63,592,4411,661,90,90
msg,1,64,588,5537,660,90,90
msg,1,65,601,4421,657,90,90
msg,1,66,568,3627,654,90,90
msg,1,67,569,4344,642,90,90
msg,1,68,578,6089,659,90,90
msg,1,69,589,3761,636,90,90
msg,1,70,668,3636,640,90,90
msg,1,71,609,22269,662,90,90
msg,1,72,597,4904,641,90,90
msg,1,73,577,3758,667,90,90
msg,1,74,565,3885,657,90,90
msg,1,75,592,3916,701,90,90
msg,1,76,586,5982,653,90,90
msg,1,77,568,3909,667,90,90
msg,1,78,595,6824,638,90,90
msg,1,79,592,3486,655,90,90
msg,1,80,591,3856,637,90,90
msg,1,81,570,3846,655,90,90
msg,1,82,571,3559,663,90,90
msg,1,83,561,4235,636,90,90
msg,1,84,591,3829,634,90,90
msg,1,85,566,3924,669,90,90
msg,1,86,590,25638,659,90,90
msg,1,87,594,3839,693,90,90
msg,1,88,594,4474,651,90,90
msg,1,89,605,4892,643,90,90
msg,1,90,578,3661,664,90,90
msg,1,91,579,4293,637,90,90
msg,1,92,601,4173,658,90,90
msg,1,93,599,4884,643,90,90
msg,1,94,589,4051,650,90,90
msg,1,95,573,4134,637,90,90
msg,1,96,599,4112,664,90,90
msg,1,97,561,4475,659,90,90
msg,1,98,565,3821,660,90,90
msg,1,99,593,3847,656,90,90
msg,1,100,598,3866,638,90,90
msg,1,101,569,26809,665,90,90
msg,1,102,575,3333,639,90,90
msg,1,103,568,4152,649,90,90
msg,1,104,1016,4039,662,90,90
msg,1,105,605,3896,637,90,90
msg,1,106,597,4423,653,90,90
msg,1,107,598,3885,637,90,90
msg,1,108,574,5088,664,90,90
msg,1,109,585,4654,659,90,90
msg,1,110,586,3533,662,90,90
msg,1,111,592,3754,642,90,90
msg,1,112,590,4205,668,90,90
msg,1,113,594,5230,641,90,90
msg,1,114,564,28746,666,90,90
msg,1,115,569,4407,640,90,90
msg,1,116,580,3949,653,90,90
msg,1,117,595,5349,658,90,90
msg,1,118,561,5236,638,90,90
msg,1,119,587,4333,661,90,90
msg,1,120,586,4061,637,90,90
msg,1,121,571,3622,661,90,90
msg,1,122,573,4049,657,90,90
msg,1,123,588,4382,662,90,90
msg,1,124,576,5886,662,90,90
msg,1,125,667,4330,659,90,90
msg,1,126,590,4555,665,90,90
msg,1,127,597,28835,639,90,90
msg,1,128,597,4469,651,90,90
msg,1,129,598,3602,654,90,90
msg,1,130,593,4477,648,90,90
msg,1,131,598,4175,665,90,90
msg,1,132,571,3770,661,90,90
msg,1,133,592,3683,662,90,90
msg,1,134,599,3725,654,90,90
msg,1,135,662,3615,640,90,90
msg,1,136,592,3937,661,90,90
msg,1,137,563,3632,663,90,90
msg,1,138,567,3620,718,90,90
msg,1,139,596,4191,640,90,90
msg,1,140,572,3785,667,90,90
msg,1,141,567,3836,663,90,90
msg,1,142,581,26451,658,90,90
msg,1,143,564,4376,722,90,90
msg,1,144,567,3810,660,90,90
msg,1,145,595,4369,665,90,90
msg,1,146,568,4119,658,90,90
msg,1,147,584,3757,636,90,90
msg,1,148,597,3757,638,90,90
msg,1,149,572,3506,643,90,90
msg,1,150,569,5063,663,90,90
msg,1,151,587,3731,661,90,90
msg,1,152,598,5965,636,90,90
msg,1,153,574,4941,659,90,90
msg,1,154,593,4320,654,90,90
msg,1,155,574,7632,656,90,90
msg,1,156,568,26780,663,90,90
msg,1,157,597,5408,657,90,90
msg,1,158,577,5097,659,90,90
msg,1,159,599,4172,661,90,90
msg,1,160,590,3520,668,90,90
msg,1,161,573,3509,663,90,90
msg,1,162,571,5963,663,90,90
msg,1,163,606,3964,631,90,90
msg,1,164,577,4294,656,90,90
msg,1,165,598,3918,640,90,90
msg,1,166,569,4338,635,90,90
msg,1,167,600,3955,659,90,90
msg,1,168,569,3869,672,90,90
msg,1,169,667,27781,652,90,90
msg,1,170,594,4015,664,90,90
msg,1,171,571,3802,664,90,90
msg,1,172,694,5008,636,90,90
msg,1,173,566,5224,657,90,90
msg,1,174,596,3847,639,90,90
msg,1,175,594,4150,660,90,90
msg,1,176,593,3955,642,90,90
msg,1,177,606,4246,662,90,90
msg,1,178,590,3676,662,90,90
msg,1,179,595,3717,638,90,90
msg,1,180,588,5325,664,90,90
msg,1,181,592,4002,633,90,90
msg,1,182,565,4245,663,90,90
msg,1,183,589,23404,655,90,90
msg,1,184,593,4330,653,90,90
msg,1,185,571,3839,669,90,90
msg,1,186,599,6631,659,90,90
msg,1,187,596,3838,642,90,90
msg,1,188,590,4182,659,90,90
msg,1,189,593,3798,651,90,90
msg,1,190,595,3755,636,90,90
msg,1,191,559,4362,651,90,90
msg,1,192,596,4030,664,90,90
msg,1,193,631,3912,663,90,90
msg,1,194,588,4341,661,90,90
msg,1,195,596,3885,654,90,90
msg,1,196,595,4431,662,90,90
msg,1,197,597,3892,638,90,90
msg,1,198,601,5769,639,90,90
msg,1,199,582,30498,641,90,90
whole,1,21.427,1514.318,200
2,5.3740,0.0020,4.3540,9.7300,0,0,23,4,0,0,1,1,95384,0.0,0.0,0.0,0.0,0,0,0,0
msg,2,0,717,4199,647,90,90
msg,2,1,569,4426,700,90,90
msg,2,2,568,4406,638,90,90
msg,2,3,586,5762,647,90,90
msg,2,4,571,3826,661,90,90
msg,2,5,570,4972,658,90,90
msg,2,6,586,3992,695,90,90
msg,2,7,572,24481,644,90,90
msg,2,8,564,4055,665,90,90
msg,2,9,594,4292,665,90,90
msg,2,10,574,4762,665,90,90
msg,2,11,589,6359,657,90,90
msg,2,12,567,4261,642,90,90
msg,2,13,583,4223,660,90,90
msg,2,14,590,4280,657,90,90
msg,2,15,569,3857,667,90,90
msg,2,16,598,3473,659,90,90
msg,2,17,568,3475,671,90,90
msg,2,18,572,4520,662,90,90
msg,2,19,641,3592,662,90,90
msg,2,20,578,3985,659,90,90
msg,2,21,591,27451,665,90,90
msg,2,22,590,3912,641,90,90
msg,2,23,596,4012,658,90,90
msg,2,24,562,4614,661,90,90
msg,2,25,574,3751,659,90,90
msg,2,26,591,3869,638,90,90
msg,2,27,604,3933,659,90,90
msg,2,28,569,3654,667,90,90
msg,2,29,569,3867,662,90,90
msg,2,30,592,3982,638,90,90
msg,2,31,562,3817,659,90,90
msg,2,32,570,7040,658,90,90
msg,2,33,596,7625,662,90,90
msg,2,34,591,3910,642,90,90
msg,2,35,568,29774,669,90,90
msg,2,36,570,4551,658,90,90
msg,2,37,569,4663,659,90,90
msg,2,38,577,6057,655,90,90
msg,2,39,585,4334,658,90,90
msg,2,40,592,4681,669,90,90
msg,2,41,592,4472,660,90,90
msg,2,42,593,4234,666,90,90
msg,2,43,567,4646,661,90,90
msg,2,44,571,6441,642,90,90
msg,2,45,571,3724,662,90,90
msg,2,46,572,6843,665,90,90
msg,2,47,584,21192,641,90,90
msg,2,48,660,4161,633,90,90
msg,2,49,595,3857,633,90,90
msg,2,50,564,6567,638,90,90
msg,2,51,562,3609,641,90,90
msg,2,52,569,3786,660,90,90
msg,2,53,562,6625,664,90,90
msg,2,54,565,6063,652,90,90
msg,2,55,599,3802,641,90,90
msg,2,56,566,3878,668,90,90
msg,2,57,570,4243,686,90,90
msg,2,58,575,4044,664,90,90
msg,2,59,585,5918,646,90,90
msg,2,60,600,3988,660,90,90
msg,2,61,568,21147,657,90,90
msg,2,62,594,3995,659,90,90
msg,2,63,573,3923,656,90,90
msg,2,64,583,4157,641,90,90
msg,2,65,571,3782,662,90,90
msg,2,66,570,4271,641,90,90
msg,2,67,591,3824,660,90,90
msg,2,68,562,3632,662,90,90
msg,2,69,564,4203,641,90,90
msg,2,70,604,3717,724,90,90
msg,2,71,580,3428,641,90,90
msg,2,72,602,3882,659,90,90
msg,2,73,560,5241,649,90,90
msg,2,74,596,3817,639,90,90
msg,2,75,572,3554,639,90,90
msg,2,76,568,3639,636,90,90
msg,2,77,579,25926,664,90,90
msg,2,78,599,3726,666,90,90
msg,2,79,589,3889,638,90,90
msg,2,80,578,4051,662,90,90
msg,2,81,590,3991,636,90,90
msg,2,82,596,3820,630,90,90
msg,2,83,562,3564,635,90,90
msg,2,84,579,6477,642,90,90
msg,2,85,568,3927,658,90,90
msg,2,86,559,3870,669,90,90
msg,2,87,665,3866,641,90,90
msg,2,88,571,3954,661,90,90
msg,2,89,555,4305,633,90,90
msg,2,90,576,4426,638,90,90
msg,2,91,603,6673,643,90,90
msg,2,92,568,27260,655,90,90
msg,2,93,610,3684,650,90,90
msg,2,94,593,3949,660,90,90
msg,2,95,571,5369,642,90,90
msg,2,96,591,3616,634,90,90
msg,2,97,591,3716,637,90,90
msg,2,98,570,5848,654,90,90
msg,2,99,568,3711,662,90,90
msg,2,100,588,3765,660,90,90
msg,2,101,592,3880,642,90,90
msg,2,102,572,3875,653,90,90
msg,2,103,559,3738,665,90,90
msg,2,104,656,3712,657,90,90
msg,2,105,590,22942,642,90,90
msg,2,106,564,3870,661,90,90
msg,2,107,558,3822,669,90,90
msg,2,108,668,3689,661,90,90
msg,2,109,600,4062,661,90,90
msg,2,110,561,3626,663,90,90
msg,2,111,571,5506,659,90,90
msg,2,112,573,3996,659,90,90
msg,2,113,597,3700,653,90,90
msg,2,114,590,3809,645,90,90
msg,2,115,592,3747,646,90,90
msg,2,116,575,3866,660,90,90
msg,2,117,597,4302,639,90,90
msg,2,118,568,3841,668,90,90
msg,2,119,666,3721,662,90,90
msg,2,120,599,28990,643,90,90
msg,2,121,568,3765,710,90,90
msg,2,122,566,4509,667,90,90
msg,2,123,569,4844,661,90,90
msg,2,124,594,6697,663,90,90
msg,2,125,591,4803,633,90,90
msg,2,126,590,3556,631,90,90
msg,2,127,598,4992,660,90,90
msg,2,128,559,3797,668,90,90
msg,2,129,599,3913,653,90,90
msg,2,130,597,4070,662,90,90
msg,2,131,572,4065,650,90,90
msg,2,132,589,4190,660,90,90
msg,2,133,588,3864,657,90,90
msg,2,134,595,25086,660,90,90
msg,2,135,570,4596,664,90,90
msg,2,136,577,3837,662,90,90
msg,2,137,596,4914,646,90,90
msg,2,138,589,5157,659,90,90
msg,2,139,600,3813,659,90,90
msg,2,140,594,3784,640,90,90
msg,2,141,592,4377,655,90,90
msg,2,142,595,3923,631,90,90
msg,2,143,565,3535,636,90,90
msg,2,144,566,3847,665,90,90
msg,2,145,571,3881,660,90,90
msg,2,146,585,3766,653,90,90
msg,2,147,589,4122,656,90,90
msg,2,148,656,3733,668,90,90
msg,2,149,599,23870,677,90,90
msg,2,150,591,5474,638,90,90
msg,2,151,589,3900,633,90,90
msg,2,152,575,4301,640,90,90
msg,2,153,585,5865,636,90,90
msg,2,154,576,4530,643,90,90
msg,2,155,565,4433,642,90,90
msg,2,156,590,5538,637,90,90
msg,2,157,589,4764,636,90,90
msg,2,158,574,3660,636,90,90
msg,2,159,577,3890,669,90,90
msg,2,160,594,3828,660,90,90
msg,2,161,592,5207,662,90,90
msg,2,162,572,34014,658,90,90
msg,2,163,590,3788,639,90,90
msg,2,164,566,4943,657,90,90
msg,2,165,597,3618,664,90,90
msg,2,166,592,5509,661,90,90
msg,2,167,567,4388,662,90,90
msg,2,168,565,3918,666,90,90
msg,2,169,596,4097,640,90,90
msg,2,170,574,3794,660,90,90
msg,2,171,571,3843,663,90,90
msg,2,172,597,3631,658,90,90
msg,2,173,597,3553,665,90,90
msg,2,174,594,4145,640,90,90
msg,2,175,574,34012,668,90,90
msg,2,176,601,5422,664,90,90
msg,2,177,592,3937,639,90,90
msg,2,178,601,3856,634,90,90
msg,2,179,573,4045,659,90,90
msg,2,180,589,4585,660,90,90
msg,2,181,657,5058,642,90,90
msg,2,182,567,5841,669,90,90
msg,2,183,602,4506,660,90,90
msg,2,184,574,4584,659,90,90
msg,2,185,569,4252,636,90,90
msg,2,186,564,3840,662,90,90
msg,2,187,570,4464,644,90,90
msg,2,188,570,24091,660,90,90
msg,2,189,603,3906,636,90,90
msg,2,190,596,4127,664,90,90
msg,2,191,604,4445,659,90,90
msg,2,192,582,4537,670,90,90
msg,2,193,568,3980,658,90,90
msg,2,194,592,4284,661,90,90
msg,2,195,589,5568,665,90,90
msg,2,196,590,4007,645,90,90
msg,2,197,594,3714,645,90,90
msg,2,198,568,3778,661,90,90
msg,2,199,574,3864,663,90,90
whole,2,20.737,1475.817,200
#stack 2332
#end
#block pipeline TLS lorawan11 up
#aead LoRaWAN-1.1 AES-128-CTR+2xCMAC (BearSSL (arduino-pico)), uplink, 51 B payload + 13 B overhead
#lib wolfSSL 5.9.4
iter,tcp_ms,tls_ms,mqtt_ms,total_ms,hs_tx_B,hs_rx_B,mqtt_tx_B,mqtt_rx_B,hs_writes,hs_reads,writes,reads,free_heap_B,hs_keygen_us,hs_derive_us,hs_verify_us,hs_sign_us,hs_keygen_n,hs_derive_n,hs_verify_n,hs_sign_n
msg,iter,idx,seal_us,rtt_us,open_us,tx_B,rx_B
whole,iter,first_ms,all_ms,msgs
#suite TLS13-AES256-GCM-SHA384
0,5.7460,7069.2890,138.1920,7213.2270,1391,5517,45,568,2,12,3,18,91560,66249.0,71295.0,6856614.0,0.0,2,2,2,0
msg,0,0,869,5765,880,112,112
msg,0,1,700,6787,883,112,112
msg,0,2,730,5561,879,112,112
msg,0,3,695,6068,888,112,112
msg,0,4,742,6007,881,112,112
msg,0,5,751,6117,883,112,112
msg,0,6,736,5501,884,112,112
msg,0,7,711,5882,888,112,112
msg,0,8,738,28257,883,112,112
msg,0,9,732,5592,878,112,112
msg,0,10,734,7391,874,112,112
msg,0,11,747,5823,851,112,112
msg,0,12,698,6305,866,112,112
msg,0,13,744,5649,883,112,112
msg,0,14,733,5442,851,112,112
msg,0,15,702,5754,884,112,112
msg,0,16,736,5917,876,112,112
msg,0,17,731,5559,887,112,112
msg,0,18,735,29994,884,112,112
msg,0,19,837,6187,882,112,112
msg,0,20,741,9114,884,112,112
msg,0,21,729,6817,879,112,112
msg,0,22,735,5494,884,112,112
msg,0,23,735,6204,885,112,112
msg,0,24,742,5735,875,112,112
msg,0,25,731,8736,976,112,112
msg,0,26,748,5701,877,112,112
msg,0,27,737,5848,848,112,112
msg,0,28,707,27083,884,112,112
msg,0,29,705,5892,883,112,112
msg,0,30,748,5615,846,112,112
msg,0,31,704,6020,880,112,112
msg,0,32,704,5517,878,112,112
msg,0,33,739,6431,881,112,112
msg,0,34,739,5457,888,112,112
msg,0,35,735,5654,881,112,112
msg,0,36,833,6507,886,112,112
msg,0,37,742,6031,883,112,112
msg,0,38,731,32005,881,112,112
msg,0,39,743,9262,968,112,112
msg,0,40,739,7170,883,112,112
msg,0,41,736,5519,879,112,112
msg,0,42,706,5631,878,112,112
msg,0,43,745,5511,888,112,112
msg,0,44,734,6643,959,112,112
msg,0,45,739,6014,868,112,112
msg,0,46,699,6120,844,112,112
msg,0,47,697,25394,875,112,112
msg,0,48,731,5499,882,112,112
msg,0,49,741,6108,874,112,112
msg,0,50,850,6122,874,112,112
msg,0,51,744,5422,880,112,112
msg,0,52,738,5581,874,112,112
msg,0,53,737,5403,884,112,112
msg,0,54,735,5426,878,112,112
msg,0,55,736,5549,848,112,112
msg,0,56,702,6592,881,112,112
msg,0,57,735,5901,1021,112,112
msg,0,58,744,28348,884,112,112
msg,0,59,742,5624,880,112,112
msg,0,60,703,8611,879,112,112
msg,0,61,1296,5785,880,112,112
msg,0,62,730,5514,880,112,112
msg,0,63,703,5962,878,112,112
msg,0,64,741,5527,842,112,112
msg,0,65,711,5519,871,112,112
msg,0,66,731,5606,883,112,112
msg,0,67,737,6313,884,112,112
msg,0,68,705,28215,877,112,112
msg,0,69,703,5961,890,112,112
msg,0,70,735,7158,881,112,112
msg,0,71,738,6901,887,112,112
msg,0,72,743,5473,886,112,112
msg,0,73,730,5571,879,112,112
msg,0,74,747,5566,884,112,112
msg,0,75,734,5857,888,112,112
msg,0,76,742,5527,888,112,112
msg,0,77,738,5640,879,112,112
msg,0,78,737,6134,874,112,112
msg,0,79,732,22245,883,112,112
msg,0,80,741,6201,883,112,112
msg,0,81,736,5754,879,112,112
msg,0,82,704,6939,884,112,112
msg,0,83,840,5643,877,112,112
msg,0,84,742,6180,880,112,112
msg,0,85,738,6731,882,112,112
msg,0,86,727,5981,887,112,112
msg,0,87,738,5810,1424,112,112
msg,0,88,803,5837,881,112,112
msg,0,89,729,32453,877,112,112
msg,0,90,706,5612,880,112,112
msg,0,91,744,5570,881,112,112
msg,0,92,741,8108,885,112,112
msg,0,93,743,10254,886,112,112
msg,0,94,739,6715,874,112,112
msg,0,95,729,5937,848,112,112
msg,0,96,707,5694,885,112,112
msg,0,97,736,5748,871,112,112
msg,0,98,699,26599,886,112,112
msg,0,99,751,5643,850,112,112
msg,0,100,708,8121,883,112,112
msg,0,101,702,7382,872,112,112
msg,0,102,706,5518,881,112,112
msg,0,103,741,5563,979,112,112
msg,0,104,705,5905,886,112,112
msg,0,105,745,5899,881,112,112
msg,0,106,731,6022,882,112,112
msg,0,107,739,5496,884,112,112
msg,0,108,740,28513,878,112,112
msg,0,109,708,5639,1406,112,112
msg,0,110,819,7085,884,112,112
msg,0,111,704,7071,881,112,112
msg,0,112,731,5530,870,112,112
msg,0,113,741,5613,884,112,112
msg,0,114,739,5461,881,112,112
msg,0,115,795,6524,882,112,112
msg,0,116,745,6040,877,112,112
msg,0,117,737,5484,882,112,112
msg,0,118,731,28895,875,112,112
msg,0,119,746,6203,880,112,112
msg,0,120,730,7273,880,112,112
msg,0,121,736,7093,877,112,112
msg,0,122,732,6385,877,112,112
msg,0,123,748,5826,875,112,112
msg,0,124,745,5629,878,112,112
msg,0,125,733,5978,886,112,112
msg,0,126,741,5854,870,112,112
msg,0,127,690,6911,881,112,112
msg,0,128,736,27029,887,112,112
msg,0,129,733,6418,876,112,112
msg,0,130,701,6535,881,112,112
msg,0,131,736,5846,875,112,112
msg,0,132,710,5891,884,112,112
msg,0,133,839,6263,879,112,112
msg,0,134,703,5774,884,112,112
msg,0,135,739,6938,877,112,112
msg,0,136,744,6383,882,112,112
msg,0,137,740,5707,875,112,112
msg,0,138,815,27464,875,112,112
msg,0,139,735,5877,848,112,112
msg,0,140,698,6671,884,112,112
msg,0,141,747,7162,884,112,112
msg,0,142,732,6233,885,112,112
msg,0,143,750,5593,849,112,112
msg,0,144,695,5501,879,112,112
msg,0,145,739,5785,879,112,112
msg,0,146,712,6151,882,112,112
msg,0,147,710,5992,960,112,112
msg,0,148,733,28929,888,112,112
msg,0,149,749,5938,886,112,112
msg,0,150,847,7158,878,112,112
msg,0,151,743,6180,881,112,112
msg,0,152,732,6376,882,112,112
msg,0,153,746,5524,848,112,112
msg,0,154,699,5665,884,112,112
msg,0,155,751,5549,850,112,112
msg,0,156,706,6735,885,112,112
msg,0,157,740,5462,879,112,112
msg,0,158,734,29182,881,112,112
msg,0,159,739,5645,878,112,112
msg,0,160,737,8048,875,112,112
msg,0,161,738,5572,881,112,112
msg,0,162,735,6515,885,112,112
msg,0,163,698,6032,887,112,112
msg,0,164,736,5764,881,112,112
msg,0,165,736,5492,884,112,112
msg,0,166,735,6112,883,112,112
msg,0,167,752,5833,877,112,112
msg,0,168,746,24244,877,112,112
msg,0,169,735,6621,976,112,112
msg,0,170,712,5479,882,112,112
msg,0,171,751,6172,875,112,112
msg,0,172,736,5763,879,112,112
msg,0,173,697,6010,888,112,112
msg,0,174,750,8379,878,112,112
msg,0,175,703,5531,875,112,112
msg,0,176,732,6680,887,112,112
msg,0,177,732,8325,876,112,112
msg,0,178,701,28979,889,112,112
msg,0,179,737,6957,884,112,112
msg,0,180,745,5582,878,112,112
msg,0,181,705,5493,876,112,112
msg,0,182,742,5784,876,112,112
msg,0,183,726,5269,877,112,112
msg,0,184,693,5921,886,112,112
msg,0,185,740,6258,883,112,112
msg,0,186,730,7319,874,112,112
msg,0,187,701,5501,878,112,112
msg,0,188,737,29557,965,112,112
msg,0,189,733,6826,879,112,112
msg,0,190,737,6146,873,112,112
msg,0,191,729,7291,885,112,112
msg,0,192,747,5974,878,112,112
msg,0,193,740,5994,852,112,112
msg,0,194,698,5537,884,112,112
msg,0,195,736,5565,883,112,112
msg,0,196,735,5911,881,112,112
msg,0,197,737,5918,884,112,112
msg,0,198,742,24424,885,112,112
msg,0,199,831,5908,890,112,112
whole,0,7227.749,9262.511,200
1,4.6430,7091.2500,73.0420,7168.9350,1391,5517,45,568,2,12,3,18,91560,66418.0,71255.0,6854109.0,0.0,2,2,2,0
msg,1,0,878,6130,886,112,112
msg,1,1,733,5924,883,112,112
msg,1,2,740,5745,850,112,112
msg,1,3,705,5497,880,112,112
msg,1,4,839,5354,889,112,112
msg,1,5,755,7219,890,112,112
msg,1,6,729,5853,878,112,112
msg,1,7,736,6400,885,112,112
msg,1,8,749,24139,882,112,112
msg,1,9,740,5492,880,112,112
msg,1,10,701,5790,886,112,112
msg,1,11,744,7362,885,112,112
msg,1,12,734,5426,871,112,112
msg,1,13,707,5456,871,112,112
msg,1,14,738,5568,882,112,112
msg,1,15,746,5458,869,112,112
msg,1,16,700,5596,874,112,112
msg,1,17,735,6243,874,112,112
msg,1,18,739,5447,888,112,112
msg,1,19,737,28422,877,112,112
msg,1,20,699,6233,877,112,112
msg,1,21,701,7856,885,112,112
msg,1,22,734,5431,878,112,112
msg,1,23,703,5658,883,112,112
msg,1,24,725,6417,882,112,112
msg,1,25,841,5983,889,112,112
msg,1,26,748,5462,884,112,112
msg,1,27,725,5979,885,112,112
msg,1,28,737,6159,887,112,112
msg,1,29,745,32756,879,112,112
msg,1,30,742,10330,889,112,112
msg,1,31,741,6396,885,112,112
msg,1,32,743,5749,876,112,112
msg,1,33,738,6643,894,112,112
msg,1,34,735,5940,883,112,112
msg,1,35,738,5807,849,112,112
msg,1,36,709,6612,881,112,112
msg,1,37,743,5568,883,112,112
msg,1,38,701,29022,885,112,112
msg,1,39,733,6066,883,112,112
msg,1,40,738,6171,887,112,112
msg,1,41,739,5696,877,112,112
msg,1,42,739,5634,885,112,112
msg,1,43,749,6210,889,112,112
msg,1,44,732,5699,878,112,112
msg,1,45,729,6011,875,112,112
msg,1,46,693,6279,875,112,112
msg,1,47,731,6714,888,112,112
msg,1,48,734,27954,883,112,112
msg,1,49,762,6961,879,112,112
msg,1,50,739,6636,885,112,112
msg,1,51,738,7872,877,112,112
msg,1,52,745,5583,884,112,112
msg,1,53,704,5813,887,112,112
msg,1,54,736,5586,849,112,112
msg,1,55,706,6207,851,112,112
msg,1,56,700,5812,884,112,112
msg,1,57,737,5722,874,112,112
msg,1,58,740,28071,879,112,112
msg,1,59,739,5946,876,112,112
msg,1,60,701,9160,876,112,112
msg,1,61,699,5979,881,112,112
msg,1,62,733,5802,879,112,112
msg,1,63,734,5491,884,112,112
msg,1,64,746,5692,875,112,112
msg,1,65,740,5544,880,112,112
msg,1,66,738,5874,877,112,112
msg,1,67,732,5543,978,112,112
msg,1,68,738,28651,879,112,112
msg,1,69,731,5681,891,112,112
msg,1,70,742,7068,882,112,112
msg,1,71,740,5451,881,112,112
msg,1,72,702,5527,883,112,112
msg,1,73,738,5631,892,112,112
msg,1,74,730,7153,881,112,112
msg,1,75,723,5676,874,112,112
msg,1,76,733,6859,878,112,112
msg,1,77,703,5598,872,112,112
msg,1,78,733,29273,878,112,112
msg,1,79,739,5658,879,112,112
msg,1,80,700,7706,883,112,112
msg,1,81,827,5453,882,112,112
msg,1,82,735,6472,845,112,112
msg,1,83,701,6219,843,112,112
msg,1,84,707,6203,852,112,112
msg,1,85,705,5759,887,112,112
msg,1,86,740,5800,878,112,112
msg,1,87,731,5696,893,112,112
msg,1,88,746,28772,884,112,112
msg,1,89,750,6228,884,112,112
msg,1,90,736,7139,889,112,112
msg,1,91,737,6775,846,112,112
msg,1,92,700,6255,842,112,112
msg,1,93,705,5555,879,112,112
msg,1,94,734,6389,883,112,112
msg,1,95,738,5677,875,112,112
msg,1,96,745,5752,977,112,112
msg,1,97,735,5539,878,112,112
msg,1,98,738,33104,874,112,112
msg,1,99,697,6285,872,112,112
msg,1,100,737,6475,885,112,112
msg,1,101,835,5575,844,112,112
msg,1,102,700,5811,885,112,112
msg,1,103,744,5584,1364,112,112
msg,1,104,746,5647,848,112,112
msg,1,105,699,6715,878,112,112
msg,1,106,744,5474,882,112,112
msg,1,107,739,6551,878,112,112
msg,1,108,740,32036,850,112,112
msg,1,109,709,6922,886,112,112
msg,1,110,729,5585,873,112,112
msg,1,111,735,6470,875,112,112
msg,1,112,735,5872,1014,112,112
msg,1,113,733,5608,885,112,112
msg,1,114,744,5867,882,112,112
msg,1,115,742,5467,885,112,112
msg,1,116,737,6291,884,112,112
msg,1,117,706,29801,884,112,112
msg,1,118,739,5575,881,112,112
msg,1,119,699,10164,880,112,112
msg,1,120,704,5526,874,112,112
msg,1,121,742,5903,876,112,112
msg,1,122,706,6608,879,112,112
msg,1,123,733,5806,850,112,112
msg,1,124,699,6599,882,112,112
msg,1,125,731,5800,852,112,112
msg,1,126,699,5535,884,112,112
msg,1,127,729,27196,881,112,112
msg,1,128,735,5524,880,112,112
msg,1,129,744,5790,886,112,112
msg,1,130,736,5876,851,112,112
msg,1,131,701,5583,884,112,112
msg,1,132,740,7045,883,112,112
msg,1,133,736,5460,887,112,112
msg,1,134,750,6924,877,112,112
msg,1,135,732,5469,886,112,112
msg,1,136,741,5493,849,112,112
msg,1,137,699,25149,876,112,112
msg,1,138,701,5648,882,112,112
msg,1,139,729,5732,874,112,112
msg,1,140,702,6255,851,112,112
msg,1,141,702,6410,875,112,112
msg,1,142,741,5574,881,112,112
msg,1,143,742,5906,885,112,112
msg,1,144,737,6120,880,112,112
msg,1,145,739,7072,877,112,112
msg,1,146,740,6398,882,112,112
msg,1,147,741,6887,872,112,112
msg,1,148,743,30229,878,112,112
msg,1,149,736,10350,882,112,112
msg,1,150,740,6250,877,112,112
msg,1,151,731,5741,850,112,112
msg,1,152,702,5605,880,112,112
msg,1,153,737,5631,878,112,112
msg,1,154,708,5945,884,112,112
msg,1,155,738,5805,880,112,112
msg,1,156,735,5958,957,112,112
msg,1,157,736,29355,883,112,112
msg,1,158,729,5810,846,112,112
msg,1,159,710,6658,877,112,112
msg,1,160,739,7425,884,112,112
msg,1,161,840,5751,887,112,112
msg,1,162,739,5650,881,112,112
msg,1,163,710,5965,882,112,112
msg,1,164,743,5851,878,112,112
msg,1,165,731,5458,882,112,112
msg,1,166,744,5632,876,112,112
msg,1,167,740,29073,845,112,112
msg,1,168,698,6709,875,112,112
msg,1,169,737,8614,877,112,112
msg,1,170,708,6628,886,112,112
msg,1,171,741,6354,885,112,112
msg,1,172,741,6124,880,112,112
msg,1,173,754,6002,877,112,112
msg,1,174,730,6118,883,112,112
msg,1,175,737,5428,882,112,112
msg,1,176,735,5484,872,112,112
msg,1,177,883,33840,887,112,112
msg,1,178,736,6439,850,112,112
msg,1,179,703,5735,871,112,112
msg,1,180,727,6869,871,112,112
msg,1,181,737,5945,848,112,112
msg,1,182,698,6385,879,112,112
msg,1,183,737,5729,882,112,112
msg,1,184,742,6836,881,112,112
msg,1,185,729,5615,882,112,112
msg,1,186,707,32713,878,112,112
msg,1,187,736,6038,877,112,112
msg,1,188,742,9129,878,112,112
msg,1,189,742,7802,882,112,112
msg,1,190,706,8390,850,112,112
msg,1,191,703,6044,878,112,112
msg,1,192,699,5679,880,112,112
msg,1,193,741,5681,871,112,112
msg,1,194,706,5550,879,112,112
msg,1,195,734,26716,890,112,112
msg,1,196,743,5832,883,112,112
msg,1,197,750,7947,881,112,112
msg,1,198,917,6362,884,112,112
msg,1,199,735,5593,850,112,112
whole,1,7183.704,9248.255,200
2,5.4370,7069.1060,55.2430,7129.7860,1391,5517,45,568,2,12,3,18,91560,66159.0,71185.0,6858499.0,0.0,2,2,2,0
msg,2,0,846,6559,884,112,112
msg,2,1,850,6891,874,112,112
msg,2,2,748,5863,878,112,112
msg,2,3,704,5625,883,112,112
msg,2,4,745,5562,883,112,112
msg,2,5,740,5637,881,112,112
msg,2,6,735,5624,885,112,112
msg,2,7,735,6194,882,112,112
msg,2,8,748,33291,886,112,112
msg,2,9,700,9819,882,112,112
msg,2,10,735,6267,884,112,112
msg,2,11,734,6192,885,112,112
msg,2,12,751,6318,881,112,112
msg,2,13,836,6096,874,112,112
msg,2,14,705,5540,877,112,112
msg,2,15,750,6063,843,112,112
msg,2,16,704,6140,847,112,112
msg,2,17,702,32860,887,112,112
msg,2,18,746,10169,885,112,112
msg,2,19,733,6156,888,112,112
msg,2,20,732,5992,884,112,112
msg,2,21,750,5646,845,112,112
msg,2,22,701,5707,886,112,112
msg,2,23,742,5562,878,112,112
msg,2,24,709,5740,886,112,112
msg,2,25,744,8191,883,112,112
msg,2,26,729,32816,873,112,112
msg,2,27,707,10958,884,112,112
msg,2,28,712,6948,882,112,112
msg,2,29,740,5589,850,112,112
msg,2,30,702,5982,888,112,112
msg,2,31,702,6786,874,112,112
msg,2,32,750,5856,872,112,112
msg,2,33,730,5485,884,112,112
msg,2,34,736,5696,849,112,112
msg,2,35,702,27617,875,112,112
msg,2,36,745,6165,883,112,112
msg,2,37,734,8500,883,112,112
msg,2,38,732,6586,865,112,112
msg,2,39,706,6206,864,112,112
msg,2,40,706,14354,876,112,112
msg,2,41,740,5983,847,112,112
msg,2,42,713,6076,877,112,112
msg,2,43,700,5846,885,112,112
msg,2,44,743,31848,886,112,112
msg,2,45,744,5638,887,112,112
msg,2,46,734,5604,871,112,112
msg,2,47,736,5545,887,112,112
msg,2,48,735,6537,878,112,112
msg,2,49,703,5766,879,112,112
msg,2,50,738,5520,881,112,112
msg,2,51,704,6656,877,112,112
msg,2,52,739,5991,875,112,112
msg,2,53,726,5565,884,112,112
msg,2,54,738,28299,888,112,112
msg,2,55,745,5620,964,112,112
msg,2,56,748,6928,848,112,112
msg,2,57,700,5650,884,112,112
msg,2,58,749,7294,1027,112,112
msg,2,59,736,5877,887,112,112
msg,2,60,742,5645,881,112,112
msg,2,61,704,9793,884,112,112
msg,2,62,745,7480,880,112,112
msg,2,63,735,27900,886,112,112
msg,2,64,741,6494,881,112,112
msg,2,65,700,7665,876,112,112
msg,2,66,740,6261,885,112,112
msg,2,67,744,7043,875,112,112
msg,2,68,733,6736,879,112,112
msg,2,69,705,5836,889,112,112
msg,2,70,737,6495,882,112,112
msg,2,71,700,5995,889,112,112
msg,2,72,738,6044,885,112,112
msg,2,73,744,28627,849,112,112
msg,2,74,706,5534,884,112,112
msg,2,75,835,7058,878,112,112
msg,2,76,736,5604,883,112,112
msg,2,77,743,5548,876,112,112
msg,2,78,797,5639,877,112,112
msg,2,79,734,5457,885,112,112
msg,2,80,744,5712,850,112,112
msg,2,81,715,6195,847,112,112
msg,2,82,700,5702,879,112,112
msg,2,83,732,27839,877,112,112
msg,2,84,733,5534,889,112,112
msg,2,85,744,7848,879,112,112
msg,2,86,736,6188,878,112,112
msg,2,87,742,5610,888,112,112
msg,2,88,730,6244,882,112,112
msg,2,89,738,5524,972,112,112
msg,2,90,739,6173,878,112,112
msg,2,91,733,5562,890,112,112
msg,2,92,740,6510,845,112,112
msg,2,93,704,28011,878,112,112
msg,2,94,729,5865,878,112,112
msg,2,95,739,7992,874,112,112
msg,2,96,736,5444,887,112,112
msg,2,97,736,5670,851,112,112
msg,2,98,716,6736,884,112,112
msg,2,99,736,6032,881,112,112
msg,2,100,736,5954,877,112,112
msg,2,101,730,5734,881,112,112
msg,2,102,728,6423,848,112,112
msg,2,103,702,27955,883,112,112
msg,2,104,752,5981,884,112,112
msg,2,105,742,7823,882,112,112
msg,2,106,838,8970,877,112,112
msg,2,107,744,5887,880,112,112
msg,2,108,703,6089,975,112,112
msg,2,109,703,7188,878,112,112
msg,2,110,705,5551,875,112,112
msg,2,111,740,5712,880,112,112
msg,2,112,728,5468,847,112,112
msg,2,113,704,23879,882,112,112
msg,2,114,732,5661,878,112,112
msg,2,115,734,8321,885,112,112
msg,2,116,744,7943,880,112,112
msg,2,117,741,5973,849,112,112
msg,2,118,698,5931,970,112,112
msg,2,119,728,5786,881,112,112
msg,2,120,743,5998,876,112,112
msg,2,121,742,5801,880,112,112
msg,2,122,704,5951,884,112,112
msg,2,123,748,27428,869,112,112
msg,2,124,702,5842,885,112,112
msg,2,125,753,8413,881,112,112
msg,2,126,909,8805,892,112,112
msg,2,127,746,7191,884,112,112
msg,2,128,737,5528,850,112,112
msg,2,129,707,5615,884,112,112
msg,2,130,735,7867,875,112,112
msg,2,131,829,5637,880,112,112
msg,2,132,742,30479,846,112,112
msg,2,133,793,5756,885,112,112
msg,2,134,744,8647,876,112,112
msg,2,135,732,5565,883,112,112
msg,2,136,735,5480,885,112,112
msg,2,137,704,5505,883,112,112
msg,2,138,743,5711,887,112,112
msg,2,139,736,6477,846,112,112
msg,2,140,738,6278,881,112,112
msg,2,141,732,5758,879,112,112
msg,2,142,706,28348,849,112,112
msg,2,143,713,6139,879,112,112
msg,2,144,700,7872,885,112,112
msg,2,145,732,7766,882,112,112
msg,2,146,736,5639,975,112,112
msg,2,147,735,7231,880,112,112
msg,2,148,699,5701,872,112,112
msg,2,149,732,5823,846,112,112
msg,2,150,704,6960,886,112,112
msg,2,151,808,5652,881,112,112
msg,2,152,703,31205,964,112,112
msg,2,153,706,7948,887,112,112
msg,2,154,730,6195,885,112,112
msg,2,155,737,5835,963,112,112
msg,2,156,739,6767,866,112,112
msg,2,157,706,6538,884,112,112
msg,2,158,740,5539,878,112,112
msg,2,159,708,5609,874,112,112
msg,2,160,738,6376,972,112,112
msg,2,161,736,27850,884,112,112
msg,2,162,744,5532,885,112,112
msg,2,163,740,7981,885,112,112
msg,2,164,731,6049,880,112,112
msg,2,165,728,6277,877,112,112
msg,2,166,741,5891,868,112,112
msg,2,167,728,5746,887,112,112
msg,2,168,844,5527,879,112,112
msg,2,169,735,5598,882,112,112
msg,2,170,741,6979,880,112,112
msg,2,171,737,32444,885,112,112
msg,2,172,743,6838,881,112,112
msg,2,173,751,6086,878,112,112
msg,2,174,738,7043,879,112,112
msg,2,175,730,7339,882,112,112
msg,2,176,732,5522,887,112,112
msg,2,177,737,5639,874,112,112
msg,2,178,730,5570,884,112,112
msg,2,179,743,5500,879,112,112
msg,2,180,702,5506,881,112,112
msg,2,181,741,31747,881,112,112
msg,2,182,731,8201,878,112,112
msg,2,183,706,6178,975,112,112
msg,2,184,703,5615,876,112,112
msg,2,185,743,5981,875,112,112
msg,2,186,740,5523,881,112,112
msg,2,187,740,6514,886,112,112
msg,2,188,698,5534,881,112,112
msg,2,189,840,5559,889,112,112
msg,2,190,739,24155,887,112,112
msg,2,191,730,5765,874,112,112
msg,2,192,738,5449,877,112,112
msg,2,193,735,5734,870,112,112
msg,2,194,738,6694,887,112,112
msg,2,195,740,5678,867,112,112
msg,2,196,738,5659,890,112,112
msg,2,197,841,5658,877,112,112
msg,2,198,734,5546,1431,112,112
msg,2,199,750,5760,879,112,112
whole,2,7144.591,9240.127,200
#heap 24291
#stack 14400
#end
#block pipeline TLS lorawan11 down
#aead LoRaWAN-1.1 AES-128-CTR+2xCMAC (BearSSL (arduino-pico)), downlink, 51 B payload + 13 B overhead
#lib wolfSSL 5.9.4
iter,tcp_ms,tls_ms,mqtt_ms,total_ms,hs_tx_B,hs_rx_B,mqtt_tx_B,mqtt_rx_B,hs_writes,hs_reads,writes,reads,free_heap_B,hs_keygen_us,hs_derive_us,hs_verify_us,hs_sign_us,hs_keygen_n,hs_derive_n,hs_verify_n,hs_sign_n
msg,iter,idx,seal_us,rtt_us,open_us,tx_B,rx_B
whole,iter,first_ms,all_ms,msgs
#suite TLS13-AES256-GCM-SHA384
0,6.5250,7098.3890,66.6520,7171.5660,1391,5517,45,568,2,12,3,18,91560,66236.0,71255.0,6858519.0,0.0,2,2,2,0
msg,0,0,579,9138,610,112,112
msg,0,1,475,6099,576,112,112
msg,0,2,440,6289,615,112,112
msg,0,3,484,6153,578,112,112
msg,0,4,442,6079,613,112,112
msg,0,5,446,5948,613,112,112
msg,0,6,482,6142,580,112,112
msg,0,7,441,6696,579,112,112
msg,0,8,446,32487,609,112,112
msg,0,9,481,5611,611,112,112
msg,0,10,471,6218,578,112,112
msg,0,11,444,6984,615,112,112
msg,0,12,442,6364,574,112,112
msg,0,13,449,7202,612,112,112
msg,0,14,468,5612,611,112,112
msg,0,15,438,5957,605,112,112
msg,0,16,482,6131,579,112,112
msg,0,17,447,6680,579,112,112
msg,0,18,445,23967,610,112,112
msg,0,19,454,6287,578,112,112
msg,0,20,482,6657,604,112,112
msg,0,21,481,6225,609,112,112
msg,0,22,441,5965,613,112,112
msg,0,23,481,5852,605,112,112
msg,0,24,481,6363,612,112,112
msg,0,25,439,5973,612,112,112
msg,0,26,473,6773,611,112,112
msg,0,27,488,5875,579,112,112
msg,0,28,477,6626,604,112,112
msg,0,29,483,34244,610,112,112
msg,0,30,444,6524,577,112,112
msg,0,31,447,5681,579,112,112
msg,0,32,445,5863,577,112,112
msg,0,33,450,5609,573,112,112
msg,0,34,446,6901,577,112,112
msg,0,35,439,5664,576,112,112
msg,0,36,439,6742,578,112,112
msg,0,37,442,6703,577,112,112
msg,0,38,447,6344,610,112,112
msg,0,39,487,33484,613,112,112
msg,0,40,444,6931,609,112,112
msg,0,41,474,5715,614,112,112
msg,0,42,476,6206,579,112,112
msg,0,43,457,5682,579,112,112
msg,0,44,460,5658,575,112,112
msg,0,45,446,5538,578,112,112
msg,0,46,480,5784,575,112,112
msg,0,47,449,5700,576,112,112
msg,0,48,484,6303,613,112,112
msg,0,49,473,26902,606,112,112
msg,0,50,479,6180,574,112,112
msg,0,51,456,5739,578,112,112
msg,0,52,448,6556,578,112,112
msg,0,53,445,6505,608,112,112
msg,0,54,575,6168,612,112,112
msg,0,55,452,6050,608,112,112
msg,0,56,486,5528,615,112,112
msg,0,57,475,5545,609,112,112
msg,0,58,441,5592,605,112,112
msg,0,59,449,9213,607,112,112
msg,0,60,480,28883,579,112,112
msg,0,61,483,6207,611,112,112
msg,0,62,432,8686,613,112,112
msg,0,63,440,6047,601,112,112
msg,0,64,476,5558,612,112,112
msg,0,65,442,8499,606,112,112
msg,0,66,442,5616,574,112,112
msg,0,67,443,6186,611,112,112
msg,0,68,468,6213,582,112,112
msg,0,69,441,5707,577,112,112
msg,0,70,447,30490,662,112,112
msg,0,71,474,5835,577,112,112
msg,0,72,444,6160,609,112,112
msg,0,73,444,8415,580,112,112
msg,0,74,447,6050,609,112,112
msg,0,75,449,6155,578,112,112
msg,0,76,477,7329,611,112,112
msg,0,77,443,5687,609,112,112
msg,0,78,440,6860,615,112,112
msg,0,79,481,7417,609,112,112
msg,0,80,444,25294,576,112,112
msg,0,81,475,6309,608,112,112
msg,0,82,440,8249,575,112,112
msg,0,83,477,6190,610,112,112
msg,0,84,443,6023,606,112,112
msg,0,85,479,6136,576,112,112
msg,0,86,445,5820,576,112,112
msg,0,87,442,5642,576,112,112
msg,0,88,438,5852,583,112,112
msg,0,89,453,6013,609,112,112
msg,0,90,441,7629,612,112,112
msg,0,91,441,28301,579,112,112
msg,0,92,477,5879,577,112,112
msg,0,93,447,5871,610,112,112
msg,0,94,440,8655,579,112,112
msg,0,95,547,5632,577,112,112
msg,0,96,445,5874,611,112,112
msg,0,97,444,5876,611,112,112
msg,0,98,445,6167,576,112,112
msg,0,99,472,8352,614,112,112
msg,0,100,475,7056,576,112,112
msg,0,101,471,30455,614,112,112
msg,0,102,473,7386,612,112,112
msg,0,103,441,7870,615,112,112
msg,0,104,455,6837,610,112,112
msg,0,105,477,5918,603,112,112
msg,0,106,567,6393,608,112,112
msg,0,107,475,6561,615,112,112
msg,0,108,441,5643,616,112,112
msg,0,109,434,6337,576,112,112
msg,0,110,486,6005,605,112,112
msg,0,111,449,34406,576,112,112
msg,0,112,477,5793,578,112,112
msg,0,113,589,6146,611,112,112
msg,0,114,439,5992,603,112,112
msg,0,115,476,5941,578,112,112
msg,0,116,441,5492,606,112,112
msg,0,117,490,6442,613,112,112
msg,0,118,470,7276,578,112,112
msg,0,119,453,5891,602,112,112
msg,0,120,440,5889,607,112,112
msg,0,121,439,29800,608,112,112
msg,0,122,443,6118,579,112,112
msg,0,123,477,8781,576,112,112
msg,0,124,479,7391,613,112,112
msg,0,125,481,5950,575,112,112
msg,0,126,474,5752,578,112,112
msg,0,127,478,5701,579,112,112
msg,0,128,477,6185,605,112,112
msg,0,129,449,5868,613,112,112
msg,0,130,446,6811,694,112,112
msg,0,131,478,29984,577,112,112
msg,0,132,470,6387,706,112,112
msg,0,133,480,5633,609,112,112
msg,0,134,476,8500,614,112,112
msg,0,135,439,5659,612,112,112
msg,0,136,448,6036,609,112,112
msg,0,137,472,6374,617,112,112
msg,0,138,445,5831,616,112,112
msg,0,139,434,6236,578,112,112
msg,0,140,487,8553,607,112,112
msg,0,141,472,29564,612,112,112
msg,0,142,477,5985,576,112,112
msg,0,143,474,5803,575,112,112
msg,0,144,448,6042,609,112,112
msg,0,145,452,6360,580,112,112
msg,0,146,485,5534,605,112,112
msg,0,147,477,6304,613,112,112
msg,0,148,436,5827,610,112,112
msg,0,149,440,5804,610,112,112
msg,0,150,485,5793,608,112,112
msg,0,151,487,6315,603,112,112
msg,0,152,547,28077,609,112,112
msg,0,153,487,6638,610,112,112
msg,0,154,483,8495,613,112,112
msg,0,155,442,6933,610,112,112
msg,0,156,478,10316,610,112,112
msg,0,157,438,7490,576,112,112
msg,0,158,446,5793,578,112,112
msg,0,159,441,5747,579,112,112
msg,0,160,454,7002,608,112,112
msg,0,161,438,5618,604,112,112
msg,0,162,449,24987,612,112,112
msg,0,163,448,6614,612,112,112
msg,0,164,440,5854,619,112,112
msg,0,165,445,5668,612,112,112
msg,0,166,440,6069,600,112,112
msg,0,167,475,5622,604,112,112
msg,0,168,483,7491,610,112,112
msg,0,169,442,5674,616,112,112
msg,0,170,451,5480,699,112,112
msg,0,171,441,5849,604,112,112
msg,0,172,442,5780,614,112,112
msg,0,173,438,24568,615,112,112
msg,0,174,438,5547,577,112,112
msg,0,175,446,5536,580,112,112
msg,0,176,484,6434,609,112,112
msg,0,177,572,5411,613,112,112
msg,0,178,433,6741,612,112,112
msg,0,179,436,5664,611,112,112
msg,0,180,440,5693,612,112,112
msg,0,181,436,7986,609,112,112
msg,0,182,479,5850,612,112,112
msg,0,183,471,6350,608,112,112
msg,0,184,442,30711,614,112,112
msg,0,185,442,6036,609,112,112
msg,0,186,480,5898,575,112,112
msg,0,187,490,6587,604,112,112
msg,0,188,482,5655,611,112,112
msg,0,189,487,5907,581,112,112
msg,0,190,482,6830,575,112,112
msg,0,191,440,5847,578,112,112
msg,0,192,446,5658,577,112,112
msg,0,193,447,5892,574,112,112
msg,0,194,449,5683,576,112,112
msg,0,195,446,23926,609,112,112
msg,0,196,444,5775,613,112,112
msg,0,197,448,5704,615,112,112
msg,0,198,445,6994,610,112,112
msg,0,199,479,5557,612,112,112
whole,0,7189.534,9140.420,200
1,5.4910,7058.5300,73.2690,7137.2900,1391,5517,45,568,2,12,3,18,91560,66668.0,71330.0,6848909.0,0.0,2,2,2,0
msg,1,0,580,8960,611,112,112
msg,1,1,443,7065,607,112,112
msg,1,2,469,10029,574,112,112
msg,1,3,441,6572,578,112,112
msg,1,4,473,6124,612,112,112
msg,1,5,444,7916,618,112,112
msg,1,6,468,6624,615,112,112
msg,1,7,454,29349,577,112,112
msg,1,8,449,5838,575,112,112
msg,1,9,445,5937,610,112,112
msg,1,10,443,6935,616,112,112
msg,1,11,578,6687,610,112,112
msg,1,12,475,6201,575,112,112
msg,1,13,443,7107,614,112,112
msg,1,14,485,5967,576,112,112
msg,1,15,483,7398,608,112,112
msg,1,16,574,6184,576,112,112
msg,1,17,442,30784,581,112,112
msg,1,18,594,6375,579,112,112
msg,1,19,490,6237,615,112,112
msg,1,20,438,6892,607,112,112
msg,1,21,476,9211,576,112,112
msg,1,22,448,9028,610,112,112
msg,1,23,448,5593,613,112,112
msg,1,24,436,7454,577,112,112
msg,1,25,538,8755,577,112,112
msg,1,26,440,6162,608,112,112
msg,1,27,465,28001,578,112,112
msg,1,28,485,6742,574,112,112
msg,1,29,474,5917,576,112,112
msg,1,30,439,6067,613,112,112
msg,1,31,442,6357,578,112,112
msg,1,32,446,7128,614,112,112
msg,1,33,436,5865,616,112,112
msg,1,34,482,5433,610,112,112
msg,1,35,437,7504,578,112,112
msg,1,36,445,5641,576,112,112
msg,1,37,481,23956,756,112,112
msg,1,38,452,6024,610,112,112
msg,1,39,473,7368,605,112,112
msg,1,40,441,6047,614,112,112
msg,1,41,476,6240,578,112,112
msg,1,42,449,6069,616,112,112
msg,1,43,438,6854,611,112,112
msg,1,44,471,5698,611,112,112
msg,1,45,476,5823,597,112,112
msg,1,46,481,6137,579,112,112
msg,1,47,445,5898,616,112,112
msg,1,48,435,35056,615,112,112
msg,1,49,483,7247,700,112,112
msg,1,50,435,5762,613,112,112
msg,1,51,434,6387,573,112,112
msg,1,52,446,6198,614,112,112
msg,1,53,437,6441,576,112,112
msg,1,54,450,6605,579,112,112
msg,1,55,446,6351,613,112,112
msg,1,56,468,6307,611,112,112
msg,1,57,449,6400,576,112,112
msg,1,58,477,31336,616,112,112
msg,1,59,483,6209,574,112,112
msg,1,60,444,5935,608,112,112
msg,1,61,450,6143,605,112,112
msg,1,62,471,5412,614,112,112
msg,1,63,441,6809,609,112,112
msg,1,64,447,12198,574,112,112
msg,1,65,474,5933,576,112,112
msg,1,66,446,5672,580,112,112
msg,1,67,448,5797,574,112,112
msg,1,68,446,27993,615,112,112
msg,1,69,443,7157,577,112,112
msg,1,70,485,7079,576,112,112
msg,1,71,447,7597,574,112,112
msg,1,72,446,7111,610,112,112
msg,1,73,438,6087,603,112,112
msg,1,74,482,6230,609,112,112
msg,1,75,433,6977,608,112,112
msg,1,76,473,8124,577,112,112
msg,1,77,487,31371,618,112,112
msg,1,78,476,5833,606,112,112
msg,1,79,484,8189,604,112,112
msg,1,80,457,5756,614,112,112
msg,1,81,443,5578,580,112,112
msg,1,82,451,6453,576,112,112
msg,1,83,486,5472,611,112,112
msg,1,84,491,6598,616,112,112
msg,1,85,441,6919,611,112,112
msg,1,86,478,5499,612,112,112
msg,1,87,438,5862,611,112,112
msg,1,88,474,30101,574,112,112
msg,1,89,443,5655,578,112,112
msg,1,90,448,6152,610,112,112
msg,1,91,440,7557,613,112,112
msg,1,92,437,5661,579,112,112
msg,1,93,444,6727,576,112,112
msg,1,94,447,5529,578,112,112
msg,1,95,443,5780,576,112,112
msg,1,96,443,5759,575,112,112
msg,1,97,448,6107,611,112,112
msg,1,98,473,29729,611,112,112
msg,1,99,561,9065,576,112,112
msg,1,100,446,21283,615,112,112
msg,1,101,479,6140,1130,112,112
msg,1,102,504,6271,578,112,112
msg,1,103,448,6498,577,112,112
msg,1,104,477,6253,613,112,112
msg,1,105,443,6353,578,112,112
msg,1,106,447,28504,577,112,112
msg,1,107,476,6420,609,112,112
msg,1,108,475,5818,612,112,112
msg,1,109,482,6745,609,112,112
msg,1,110,478,6114,576,112,112
msg,1,111,442,5920,609,112,112
msg,1,112,445,6602,575,112,112
msg,1,113,438,6057,613,112,112
msg,1,114,441,8891,610,112,112
msg,1,115,471,8718,613,112,112
msg,1,116,479,24299,616,112,112
msg,1,117,444,6168,608,112,112
msg,1,118,475,5535,611,112,112
msg,1,119,475,7317,604,112,112
msg,1,120,453,5666,580,112,112
msg,1,121,448,6722,576,112,112
msg,1,122,450,6640,577,112,112
msg,1,123,442,5899,577,112,112
msg,1,124,442,5809,705,112,112
msg,1,125,445,6334,576,112,112
msg,1,126,451,7141,606,112,112
msg,1,127,446,24684,611,112,112
msg,1,128,444,6396,677,112,112
msg,1,129,447,7964,609,112,112
msg,1,130,434,233621,605,112,112
msg,1,131,449,8271,604,112,112
msg,1,132,474,6190,611,112,112
msg,1,133,448,6178,607,112,112
msg,1,134,480,280262,608,112,112
msg,1,135,438,7486,575,112,112
msg,1,136,444,5914,572,112,112
msg,1,137,440,5753,578,112,112
msg,1,138,441,6057,619,112,112
msg,1,139,470,24216,578,112,112
msg,1,140,452,5971,607,112,112
msg,1,141,451,5852,616,112,112
msg,1,142,445,7066,606,112,112
msg,1,143,574,5626,610,112,112
msg,1,144,476,6746,573,112,112
msg,1,145,479,7650,611,112,112
msg,1,146,475,6663,612,112,112
msg,1,147,487,6195,604,112,112
msg,1,148,447,6043,608,112,112
msg,1,149,487,5532,610,112,112
msg,1,150,445,24631,613,112,112
msg,1,151,454,5692,607,112,112
msg,1,152,448,5586,576,112,112
msg,1,153,445,7829,577,112,112
msg,1,154,447,7449,577,112,112
msg,1,155,481,5900,577,112,112
msg,1,156,440,5639,577,112,112
msg,1,157,439,5739,578,112,112
msg,1,158,447,7111,742,112,112
msg,1,159,484,6121,578,112,112
msg,1,160,479,5666,577,112,112
msg,1,161,473,25223,609,112,112
msg,1,162,444,5768,610,112,112
msg,1,163,442,5507,574,112,112
msg,1,164,452,7499,580,112,112
msg,1,165,482,6893,578,112,112
msg,1,166,446,6136,615,112,112
msg,1,167,461,6251,575,112,112
msg,1,168,451,6255,608,112,112
msg,1,169,482,7214,603,112,112
msg,1,170,436,5938,615,112,112
msg,1,171,433,5773,605,112,112
msg,1,172,436,29563,615,112,112
msg,1,173,438,6229,608,112,112
msg,1,174,476,8144,606,112,112
msg,1,175,439,6511,577,112,112
msg,1,176,448,6184,610,112,112
msg,1,177,457,6472,576,112,112
msg,1,178,449,5694,577,112,112
msg,1,179,445,8320,608,112,112
msg,1,180,487,6287,612,112,112
msg,1,181,449,5910,612,112,112
msg,1,182,473,24646,616,112,112
msg,1,183,448,5686,611,112,112
msg,1,184,446,5664,617,112,112
msg,1,185,444,6603,610,112,112
msg,1,186,443,5913,611,112,112
msg,1,187,446,5911,611,112,112
msg,1,188,483,5867,607,112,112
msg,1,189,581,5483,609,112,112
msg,1,190,478,8730,609,112,112
msg,1,191,476,5809,574,112,112
msg,1,192,476,5750,577,112,112
msg,1,193,473,26292,603,112,112
msg,1,194,439,5718,614,112,112
msg,1,195,451,6604,613,112,112
msg,1,196,442,7180,608,112,112
msg,1,197,479,8566,611,112,112
msg,1,198,472,5676,614,112,112
msg,1,199,478,5662,614,112,112
whole,1,7154.404,9636.472,200
2,4.6270,7065.8180,45.6480,7116.0930,1391,5517,45,568,2,12,3,18,91560,66342.0,71329.0,6852509.0,0.0,2,2,2,0
msg,2,0,615,7775,607,112,112
msg,2,1,482,8338,610,112,112
msg,2,2,443,6033,609,112,112
msg,2,3,481,6731,605,112,112
msg,2,4,470,6246,611,112,112
msg,2,5,439,6143,604,112,112
msg,2,6,475,6287,611,112,112
msg,2,7,440,9064,606,112,112
msg,2,8,480,28290,617,112,112
msg,2,9,439,6243,605,112,112
msg,2,10,473,5911,580,112,112
msg,2,11,474,8295,616,112,112
msg,2,12,478,6156,576,112,112
msg,2,13,442,6129,608,112,112
msg,2,14,453,5586,614,112,112
msg,2,15,439,5543,578,112,112
msg,2,16,444,8211,611,112,112
msg,2,17,479,7105,579,112,112
msg,2,18,473,26140,614,112,112
msg,2,19,443,9323,574,112,112
msg,2,20,479,8220,609,112,112
msg,2,21,442,6510,576,112,112
msg,2,22,439,5902,610,112,112
msg,2,23,439,6585,603,112,112
msg,2,24,449,5744,696,112,112
msg,2,25,442,6104,608,112,112
msg,2,26,473,5569,613,112,112
msg,2,27,479,6185,579,112,112
msg,2,28,446,5737,577,112,112
msg,2,29,436,35461,608,112,112
msg,2,30,479,8361,611,112,112
msg,2,31,447,5677,611,112,112
msg,2,32,445,5824,610,112,112
msg,2,33,440,5620,608,112,112
msg,2,34,440,5603,611,112,112
msg,2,35,444,5759,609,112,112
msg,2,36,441,6378,575,112,112
msg,2,37,471,5714,576,112,112
msg,2,38,473,5829,575,112,112
msg,2,39,449,37473,609,112,112
msg,2,40,470,7137,581,112,112
msg,2,41,459,5776,605,112,112
msg,2,42,442,5450,576,112,112
msg,2,43,474,6183,610,112,112
msg,2,44,448,6921,612,112,112
msg,2,45,573,6077,578,112,112
msg,2,46,449,5852,577,112,112
msg,2,47,455,6370,579,112,112
msg,2,48,485,23794,579,112,112
msg,2,49,484,5717,579,112,112
msg,2,50,487,5857,578,112,112
msg,2,51,441,8500,610,112,112
msg,2,52,471,8405,615,112,112
msg,2,53,471,5814,607,112,112
msg,2,54,478,5641,614,112,112
msg,2,55,473,5447,609,112,112
msg,2,56,445,6125,610,112,112
msg,2,57,477,7046,575,112,112
msg,2,58,446,7019,608,112,112
msg,2,59,443,22970,611,112,112
msg,2,60,483,6118,579,112,112
msg,2,61,440,5668,576,112,112
msg,2,62,472,7644,579,112,112
msg,2,63,488,7388,607,112,112
msg,2,64,438,5592,609,112,112
msg,2,65,445,6157,606,112,112
msg,2,66,473,5506,610,112,112
msg,2,67,487,6176,580,112,112
msg,2,68,450,5559,577,112,112
msg,2,69,484,7538,607,112,112
msg,2,70,480,28008,580,112,112
msg,2,71,445,5763,580,112,112
msg,2,72,445,6618,578,112,112
msg,2,73,484,6541,604,112,112
msg,2,74,474,6296,610,112,112
msg,2,75,445,5656,609,112,112
msg,2,76,445,7117,607,112,112
msg,2,77,478,6206,574,112,112
msg,2,78,444,6080,613,112,112
msg,2,79,433,7505,606,112,112
msg,2,80,444,5939,614,112,112
msg,2,81,443,34040,605,112,112
msg,2,82,487,7704,611,112,112
msg,2,83,476,5452,611,112,112
msg,2,84,478,5441,608,112,112
msg,2,85,441,7490,676,112,112
msg,2,86,443,5944,609,112,112
msg,2,87,440,5912,612,112,112
msg,2,88,476,6360,576,112,112
msg,2,89,440,7946,612,112,112
msg,2,90,441,29808,611,112,112
msg,2,91,445,5771,762,112,112
msg,2,92,479,7061,579,112,112
msg,2,93,445,6459,607,112,112
msg,2,94,484,5538,612,112,112
msg,2,95,470,5659,608,112,112
msg,2,96,571,6337,607,112,112
msg,2,97,449,5792,610,112,112
msg,2,98,440,5837,610,112,112
msg,2,99,439,5619,607,112,112
msg,2,100,439,5756,612,112,112
msg,2,101,452,26775,613,112,112
msg,2,102,443,6097,607,112,112
msg,2,103,477,10359,610,112,112
msg,2,104,449,5944,608,112,112
msg,2,105,478,6609,611,112,112
msg,2,106,477,6376,606,112,112
msg,2,107,443,5749,610,112,112
msg,2,108,440,7576,577,112,112
msg,2,109,450,5546,577,112,112
msg,2,110,480,7869,577,112,112
msg,2,111,448,26610,575,112,112
msg,2,112,482,5979,578,112,112
msg,2,113,452,6550,571,112,112
msg,2,114,440,8778,577,112,112
msg,2,115,452,5886,579,112,112
msg,2,116,441,6457,580,112,112
msg,2,117,468,6131,616,112,112
msg,2,118,439,5694,608,112,112
msg,2,119,445,8200,605,112,112
msg,2,120,1049,7095,611,112,112
msg,2,121,479,24717,610,112,112
msg,2,122,480,6162,577,112,112
msg,2,123,446,9161,612,112,112
msg,2,124,484,5602,612,112,112
msg,2,125,485,5552,612,112,112
msg,2,126,444,5796,612,112,112
msg,2,127,444,6190,668,112,112
msg,2,128,436,5894,578,112,112
msg,2,129,450,6472,577,112,112
msg,2,130,478,7041,612,112,112
msg,2,131,446,5881,612,112,112
msg,2,132,444,33090,611,112,112
msg,2,133,464,6180,609,112,112
msg,2,134,440,6807,609,112,112
msg,2,135,440,5696,614,112,112
msg,2,136,544,5777,611,112,112
msg,2,137,439,6224,575,112,112
msg,2,138,468,5542,609,112,112
msg,2,139,492,7072,576,112,112
msg,2,140,445,7660,579,112,112
msg,2,141,452,5652,577,112,112
msg,2,142,483,23579,610,112,112
msg,2,143,458,5610,576,112,112
msg,2,144,472,5991,577,112,112
msg,2,145,446,7611,578,112,112
msg,2,146,448,6413,697,112,112
msg,2,147,477,6135,604,112,112
msg,2,148,438,6014,609,112,112
msg,2,149,445,5724,614,112,112
msg,2,150,451,5581,615,112,112
msg,2,151,440,5630,612,112,112
msg,2,152,449,6509,573,112,112
msg,2,153,445,5584,575,112,112
msg,2,154,468,30975,579,112,112
msg,2,155,443,5861,607,112,112
msg,2,156,450,6079,608,112,112
msg,2,157,480,5963,575,112,112
msg,2,158,473,5645,608,112,112
msg,2,159,478,6659,600,112,112
msg,2,160,479,5650,614,112,112
msg,2,161,483,5510,615,112,112
msg,2,162,443,5867,610,112,112
msg,2,163,482,6276,601,112,112
msg,2,164,438,33252,606,112,112
msg,2,165,478,6083,577,112,112
msg,2,166,450,6185,610,112,112
msg,2,167,470,6671,614,112,112
msg,2,168,477,6132,575,112,112
msg,2,169,442,5733,577,112,112
msg,2,170,445,6298,611,112,112
msg,2,171,490,7156,580,112,112
msg,2,172,449,6475,607,112,112
msg,2,173,475,5774,581,112,112
msg,2,174,472,24036,578,112,112
msg,2,175,445,5817,579,112,112
msg,2,176,447,6911,610,112,112
msg,2,177,431,6307,573,112,112
msg,2,178,472,6180,610,112,112
msg,2,179,444,10056,602,112,112
msg,2,180,631,6314,610,112,112
msg,2,181,438,8547,608,112,112
msg,2,182,444,6704,606,112,112
msg,2,183,445,6237,606,112,112
msg,2,184,473,34871,580,112,112
msg,2,185,478,7511,608,112,112
msg,2,186,480,6620,613,112,112
msg,2,187,487,6703,606,112,112
msg,2,188,470,6565,613,112,112
msg,2,189,469,5658,613,112,112
msg,2,190,446,5562,615,112,112
msg,2,191,446,5737,610,112,112
msg,2,192,443,5935,609,112,112
msg,2,193,476,5789,612,112,112
msg,2,194,475,28281,578,112,112
msg,2,195,443,5882,609,112,112
msg,2,196,441,5869,618,112,112
msg,2,197,580,6643,611,112,112
msg,2,198,476,6519,610,112,112
msg,2,199,451,7492,578,112,112
whole,2,7132.462,9102.869,200
#heap 24291
#stack 14368
#end
#block pipeline TLS lorawan11_256 up
#aead AES-256-CTR+2xCMAC (LoRaWAN 1.1 frame, 256-bit keys) (BearSSL (arduino-pico)), uplink, 51 B payload + 13 B overhead
#lib wolfSSL 5.9.4
iter,tcp_ms,tls_ms,mqtt_ms,total_ms,hs_tx_B,hs_rx_B,mqtt_tx_B,mqtt_rx_B,hs_writes,hs_reads,writes,reads,free_heap_B,hs_keygen_us,hs_derive_us,hs_verify_us,hs_sign_us,hs_keygen_n,hs_derive_n,hs_verify_n,hs_sign_n
msg,iter,idx,seal_us,rtt_us,open_us,tx_B,rx_B
whole,iter,first_ms,all_ms,msgs
#suite TLS13-AES256-GCM-SHA384
0,5.4700,7086.4990,70.7490,7162.7180,1391,5517,45,568,2,12,3,18,91560,66320.0,71332.0,6857088.0,0.0,2,2,2,0
msg,0,0,1109,8202,1114,112,112
msg,0,1,965,6439,1115,112,112
msg,0,2,975,6219,1107,112,112
msg,0,3,970,7325,1251,112,112
msg,0,4,936,5594,1123,112,112
msg,0,5,969,5686,1114,112,112
msg,0,6,966,6067,1122,112,112
msg,0,7,958,33863,1175,112,112
msg,0,8,965,7355,1118,112,112
msg,0,9,965,10259,1103,112,112
msg,0,10,970,5720,1114,112,112
msg,0,11,968,5558,1096,112,112
msg,0,12,1129,5653,1105,112,112
msg,0,13,969,5501,1093,112,112
msg,0,14,975,5781,1097,112,112
msg,0,15,968,6574,1123,112,112
msg,0,16,969,24060,1109,112,112
msg,0,17,971,6191,1108,112,112
msg,0,18,960,7682,1113,112,112
msg,0,19,968,6283,1106,112,112
msg,0,20,962,6096,1117,112,112
msg,0,21,971,6277,1109,112,112
msg,0,22,982,6036,1120,112,112
msg,0,23,935,7256,1108,112,112
msg,0,24,964,5832,1108,112,112
msg,0,25,972,29551,1108,112,112
msg,0,26,973,6258,1120,112,112
msg,0,27,975,6707,1117,112,112
msg,0,28,964,5653,1114,112,112
msg,0,29,963,5477,1118,112,112
msg,0,30,961,5971,1117,112,112
msg,0,31,966,5479,1107,112,112
msg,0,32,927,6247,1096,112,112
msg,0,33,977,6437,1126,112,112
msg,0,34,971,5942,1099,112,112
msg,0,35,977,27831,1109,112,112
msg,0,36,980,6099,1119,112,112
msg,0,37,938,6121,1093,112,112
msg,0,38,971,6818,1102,112,112
msg,0,39,970,5564,1225,112,112
msg,0,40,983,5709,1101,112,112
msg,0,41,971,5814,1110,112,112
msg,0,42,980,6656,1106,112,112
msg,0,43,964,7674,1104,112,112
msg,0,44,963,23469,1121,112,112
msg,0,45,963,5659,1121,112,112
msg,0,46,967,6861,1094,112,112
msg,0,47,971,8907,1102,112,112
msg,0,48,972,5968,1118,112,112
msg,0,49,971,5543,1114,112,112
msg,0,50,965,5648,1113,112,112
msg,0,51,967,5788,1110,112,112
msg,0,52,965,6572,1107,112,112
msg,0,53,967,5521,1096,112,112
msg,0,54,967,22904,1109,112,112
msg,0,55,969,5598,1097,112,112
msg,0,56,972,5630,1093,112,112
msg,0,57,1062,11816,1105,112,112
msg,0,58,974,5706,1106,112,112
msg,0,59,969,5788,1106,112,112
msg,0,60,966,5636,1100,112,112
msg,0,61,971,5862,1113,112,112
msg,0,62,973,5615,1105,112,112
msg,0,63,972,5674,1110,112,112
msg,0,64,969,29988,1112,112,112
msg,0,65,968,6075,1117,112,112
msg,0,66,962,5454,1116,112,112
msg,0,67,932,5883,1120,112,112
msg,0,68,971,6082,1108,112,112
msg,0,69,973,6104,1107,112,112
msg,0,70,972,6270,1095,112,112
msg,0,71,971,7910,1207,112,112
msg,0,72,973,6092,1113,112,112
msg,0,73,977,27037,1103,112,112
msg,0,74,963,6927,1111,112,112
msg,0,75,971,9488,1103,112,112
msg,0,76,1069,6208,1109,112,112
msg,0,77,969,5578,1118,112,112
msg,0,78,942,5520,1115,112,112
msg,0,79,959,6366,1097,112,112
msg,0,80,968,6501,1124,112,112
msg,0,81,969,7601,1111,112,112
msg,0,82,959,23450,1116,112,112
msg,0,83,957,5804,1119,112,112
msg,0,84,1064,6588,1110,112,112
msg,0,85,927,6894,1116,112,112
msg,0,86,960,5532,1112,112,112
msg,0,87,933,5760,1111,112,112
msg,0,88,962,5556,1200,112,112
msg,0,89,930,5629,1119,112,112
msg,0,90,968,6170,1096,112,112
msg,0,91,969,5798,1092,112,112
msg,0,92,971,29094,1111,112,112
msg,0,93,961,5841,1105,112,112
msg,0,94,961,7905,1111,112,112
msg,0,95,963,6777,1109,112,112
msg,0,96,966,7301,1112,112,112
msg,0,97,972,8451,1102,112,112
msg,0,98,965,7541,1094,112,112
msg,0,99,964,5846,1101,112,112
msg,0,100,965,5778,1111,112,112
msg,0,101,976,30229,1110,112,112
msg,0,102,964,5617,1115,112,112
msg,0,103,931,7121,1097,112,112
msg,0,104,961,5508,1110,112,112
msg,0,105,964,7805,1129,112,112
msg,0,106,1078,5827,1105,112,112
msg,0,107,968,5842,1103,112,112
msg,0,108,972,6852,1114,112,112
msg,0,109,984,5860,1114,112,112
msg,0,110,942,22466,1111,112,112
msg,0,111,981,5692,1110,112,112
msg,0,112,973,5651,1104,112,112
msg,0,113,972,6371,1127,112,112
msg,0,114,968,6128,1108,112,112
msg,0,115,974,6254,1126,112,112
msg,0,116,970,7022,1104,112,112
msg,0,117,971,5812,1113,112,112
msg,0,118,968,7518,1107,112,112
msg,0,119,976,5598,1179,112,112
msg,0,120,971,32125,1117,112,112
msg,0,121,964,5561,1109,112,112
msg,0,122,972,5734,1114,112,112
msg,0,123,965,5613,1109,112,112
msg,0,124,969,5879,1105,112,112
msg,0,125,959,5938,1112,112,112
msg,0,126,961,7461,1114,112,112
msg,0,127,1059,5535,1112,112,112
msg,0,128,960,6822,1114,112,112
msg,0,129,969,23940,1112,112,112
msg,0,130,961,5666,1114,112,112
msg,0,131,968,5537,1117,112,112
msg,0,132,1115,5971,1099,112,112
msg,0,133,982,6081,1108,112,112
msg,0,134,963,5762,1113,112,112
msg,0,135,965,5684,1116,112,112
msg,0,136,974,5514,1103,112,112
msg,0,137,1057,8058,1269,112,112
msg,0,138,971,5597,1113,112,112
msg,0,139,965,29625,1125,112,112
msg,0,140,961,5681,1117,112,112
msg,0,141,967,6188,1114,112,112
msg,0,142,973,6318,1119,112,112
msg,0,143,962,5802,1121,112,112
msg,0,144,967,5794,1093,112,112
msg,0,145,968,6928,1208,112,112
msg,0,146,971,6927,1120,112,112
msg,0,147,967,6362,1108,112,112
msg,0,148,1079,5619,1106,112,112
msg,0,149,982,20972,1111,112,112
msg,0,150,972,5581,1115,112,112
msg,0,151,971,6063,1110,112,112
msg,0,152,969,6602,1118,112,112
msg,0,153,968,6911,1121,112,112
msg,0,154,976,7477,1116,112,112
msg,0,155,966,5607,1121,112,112
msg,0,156,931,5808,1117,112,112
msg,0,157,963,5887,1115,112,112
msg,0,158,966,6211,1110,112,112
msg,0,159,968,27147,1109,112,112
msg,0,160,959,5558,1114,112,112
msg,0,161,958,7372,1676,112,112
msg,0,162,966,5905,1106,112,112
msg,0,163,978,7298,1116,112,112
msg,0,164,985,6407,1115,112,112
msg,0,165,973,7829,1108,112,112
msg,0,166,963,5962,1119,112,112
msg,0,167,970,5932,1096,112,112
msg,0,168,969,25227,1113,112,112
msg,0,169,944,6263,1108,112,112
msg,0,170,967,5737,1106,112,112
msg,0,171,972,6408,1102,112,112
msg,0,172,969,5925,1094,112,112
msg,0,173,974,5787,1102,112,112
msg,0,174,970,5734,1108,112,112
msg,0,175,964,5682,1093,112,112
msg,0,176,967,6370,1117,112,112
msg,0,177,964,5850,1124,112,112
msg,0,178,975,29668,1131,112,112
msg,0,179,975,5622,1116,112,112
msg,0,180,966,6267,1108,112,112
msg,0,181,975,9007,1105,112,112
msg,0,182,960,6049,1096,112,112
msg,0,183,980,6213,1116,112,112
msg,0,184,955,5557,1111,112,112
msg,0,185,972,6364,1589,112,112
msg,0,186,973,6065,1118,112,112
msg,0,187,965,25086,1246,112,112
msg,0,188,969,6279,1092,112,112
msg,0,189,960,5603,1116,112,112
msg,0,190,969,5823,1094,112,112
msg,0,191,961,5566,1111,112,112
msg,0,192,970,6141,1104,112,112
msg,0,193,969,5568,1106,112,112
msg,0,194,964,5501,1128,112,112
msg,0,195,976,5492,1119,112,112
msg,0,196,970,6553,1112,112,112
msg,0,197,937,26993,1127,112,112
msg,0,198,967,7328,1123,112,112
msg,0,199,962,8575,1117,112,112
whole,0,7180.281,9331.404,200
1,6.4000,7064.9000,71.5390,7142.8390,1391,5517,45,568,2,12,3,18,91560,66627.0,71418.0,6851044.0,0.0,2,2,2,0
msg,1,0,1103,8248,1117,112,112
msg,1,1,937,5780,1114,112,112
msg,1,2,968,6226,1108,112,112
msg,1,3,972,5892,1109,112,112
msg,1,4,967,5977,1116,112,112
msg,1,5,963,7120,1110,112,112
msg,1,6,972,6816,1109,112,112
msg,1,7,975,5657,1115,112,112
msg,1,8,979,24838,1106,112,112
msg,1,9,970,5588,1101,112,112
msg,1,10,973,6772,1112,112,112
msg,1,11,963,5659,1106,112,112
msg,1,12,969,5836,1108,112,112
msg,1,13,961,5557,1108,112,112
msg,1,14,979,5882,1113,112,112
msg,1,15,968,7513,1102,112,112
msg,1,16,970,7156,1108,112,112
msg,1,17,930,27976,1125,112,112
msg,1,18,970,6352,1114,112,112
msg,1,19,958,8306,1105,112,112
msg,1,20,984,5642,1096,112,112
msg,1,21,971,5526,1125,112,112
msg,1,22,968,5631,1110,112,112
msg,1,23,1064,5587,1109,112,112
msg,1,24,960,5582,1115,112,112
msg,1,25,967,5880,1115,112,112
msg,1,26,962,5552,1119,112,112
msg,1,27,962,32224,1111,112,112
msg,1,28,971,7353,1122,112,112
msg,1,29,965,5487,1117,112,112
msg,1,30,968,6791,1115,112,112
msg,1,31,973,5553,1210,112,112
msg,1,32,959,6280,1108,112,112
msg,1,33,970,5878,1120,112,112
msg,1,34,969,6248,1100,112,112
msg,1,35,968,6425,1111,112,112
msg,1,36,973,24304,1112,112,112
msg,1,37,967,6614,1109,112,112
msg,1,38,968,5606,1108,112,112
msg,1,39,976,6402,1123,112,112
msg,1,40,968,6237,1119,112,112
msg,1,41,1570,6366,1111,112,112
msg,1,42,975,5763,1112,112,112
msg,1,43,954,7698,1112,112,112
msg,1,44,980,6378,1111,112,112
msg,1,45,968,5566,1119,112,112
msg,1,46,977,25238,1120,112,112
msg,1,47,961,5843,1091,112,112
msg,1,48,969,6486,1108,112,112
msg,1,49,963,5938,1095,112,112
msg,1,50,973,7559,1122,112,112
msg,1,51,964,6550,1105,112,112
msg,1,52,964,18495,1115,112,112
msg,1,53,971,5713,1212,112,112
msg,1,54,961,26202,1105,112,112
msg,1,55,966,5541,1094,112,112
msg,1,56,974,5525,1110,112,112
msg,1,57,967,6757,1113,112,112
msg,1,58,962,5895,1094,112,112
msg,1,59,975,6836,1104,112,112
msg,1,60,967,6829,1198,112,112
msg,1,61,975,5725,1108,112,112
msg,1,62,973,6251,1122,112,112
msg,1,63,974,33513,1114,112,112
msg,1,64,953,6259,1107,112,112
msg,1,65,976,6119,1109,112,112
msg,1,66,958,6613,1113,112,112
msg,1,67,1058,5987,1089,112,112
msg,1,68,973,6965,1109,112,112
msg,1,69,972,5972,1108,112,112
msg,1,70,970,6133,1125,112,112
msg,1,71,964,8311,1116,112,112
msg,1,72,968,33072,1124,112,112
msg,1,73,1126,5493,1126,112,112
msg,1,74,969,5900,1099,112,112
msg,1,75,963,6183,1111,112,112
msg,1,76,963,6441,1113,112,112
msg,1,77,975,5670,1205,112,112
msg,1,78,970,5564,1106,112,112
msg,1,79,965,6199,1115,112,112
msg,1,80,971,5550,1115,112,112
msg,1,81,969,29770,1116,112,112
msg,1,82,934,5782,1124,112,112
msg,1,83,963,5824,1111,112,112
msg,1,84,973,5908,1102,112,112
msg,1,85,977,5568,1126,112,112
msg,1,86,962,5577,1219,112,112
msg,1,87,959,5968,1109,112,112
msg,1,88,985,6582,1094,112,112
msg,1,89,966,7957,1107,112,112
msg,1,90,971,32793,1252,112,112
msg,1,91,973,6521,1108,112,112
msg,1,92,972,7163,1111,112,112
msg,1,93,1059,6148,1112,112,112
msg,1,94,970,5796,1109,112,112
msg,1,95,964,6044,1113,112,112
msg,1,96,965,6644,1116,112,112
msg,1,97,938,7979,1115,112,112
msg,1,98,965,5501,1118,112,112
msg,1,99,963,24925,1119,112,112
msg,1,100,965,5968,1110,112,112
msg,1,101,976,5634,1101,112,112
msg,1,102,968,5720,1107,112,112
msg,1,103,981,5639,1093,112,112
msg,1,104,970,5516,1118,112,112
msg,1,105,966,5581,1112,112,112
msg,1,106,958,6294,1109,112,112
msg,1,107,968,6091,1115,112,112
msg,1,108,955,5508,1117,112,112
msg,1,109,970,27185,1225,112,112
msg,1,110,973,6216,1114,112,112
msg,1,111,930,5940,1118,112,112
msg,1,112,968,5512,1119,112,112
msg,1,113,962,5635,1116,112,112
msg,1,114,930,6168,1092,112,112
msg,1,115,978,5998,1114,112,112
msg,1,116,975,5722,1110,112,112
msg,1,117,967,5862,1112,112,112
msg,1,118,964,6389,1111,112,112
msg,1,119,959,33004,1112,112,112
msg,1,120,960,5684,1111,112,112
msg,1,121,969,7084,1111,112,112
msg,1,122,967,7921,1095,112,112
msg,1,123,963,5689,1094,112,112
msg,1,124,973,6564,1130,112,112
msg,1,125,971,5675,1121,112,112
msg,1,126,970,6324,1120,112,112
msg,1,127,977,5488,1107,112,112
msg,1,128,1087,26594,1111,112,112
msg,1,129,968,6065,1669,112,112
msg,1,130,983,9013,1113,112,112
msg,1,131,959,6065,1215,112,112
msg,1,132,965,6412,1114,112,112
msg,1,133,962,6354,1113,112,112
msg,1,134,968,5732,1112,112,112
msg,1,135,972,5895,1121,112,112
msg,1,136,959,5562,1117,112,112
msg,1,137,973,33889,1111,112,112
msg,1,138,927,5503,1113,112,112
msg,1,139,963,5865,1113,112,112
msg,1,140,965,5550,1112,112,112
msg,1,141,983,5714,1109,112,112
msg,1,142,964,5507,1108,112,112
msg,1,143,971,7326,1106,112,112
msg,1,144,970,5493,1109,112,112
msg,1,145,943,6673,1203,112,112
msg,1,146,965,24677,1116,112,112
msg,1,147,969,5605,1112,112,112
msg,1,148,965,5525,1113,112,112
msg,1,149,971,5701,1105,112,112
msg,1,150,961,6487,1108,112,112
msg,1,151,967,6332,1292,112,112
msg,1,152,960,5582,1119,112,112
msg,1,153,975,5539,1119,112,112
msg,1,154,1506,7629,1104,112,112
msg,1,155,972,5682,1110,112,112
msg,1,156,967,30753,1109,112,112
msg,1,157,970,6201,1109,112,112
msg,1,158,965,7674,1112,112,112
msg,1,159,963,6199,1107,112,112
msg,1,160,966,5473,1124,112,112
msg,1,161,970,5512,1113,112,112
msg,1,162,963,5709,1121,112,112
msg,1,163,973,7585,1115,112,112
msg,1,164,972,5573,1115,112,112
msg,1,165,929,25023,1129,112,112
msg,1,166,963,6829,1091,112,112
msg,1,167,970,5570,1122,112,112
msg,1,168,961,5520,1115,112,112
msg,1,169,969,6206,1115,112,112
msg,1,170,982,5576,1105,112,112
msg,1,171,973,5462,1126,112,112
msg,1,172,957,5492,1120,112,112
msg,1,173,961,6560,1112,112,112
msg,1,174,1072,5582,1115,112,112
msg,1,175,962,23263,1098,112,112
msg,1,176,972,5758,1101,112,112
msg,1,177,969,5740,1101,112,112
msg,1,178,973,6060,1197,112,112
msg,1,179,969,5690,1108,112,112
msg,1,180,963,5803,1120,112,112
msg,1,181,958,6179,1111,112,112
msg,1,182,974,7123,1114,112,112
msg,1,183,960,5763,1117,112,112
msg,1,184,933,5787,1111,112,112
msg,1,185,976,29161,1107,112,112
msg,1,186,1073,6021,1113,112,112
msg,1,187,962,5798,1118,112,112
msg,1,188,935,8819,1109,112,112
msg,1,189,957,7256,1109,112,112
msg,1,190,971,5810,1113,112,112
msg,1,191,977,5765,1111,112,112
msg,1,192,969,6545,1111,112,112
msg,1,193,965,6161,1108,112,112
msg,1,194,967,29488,1109,112,112
msg,1,195,958,6371,1107,112,112
msg,1,196,963,5536,1101,112,112
msg,1,197,986,5934,1110,112,112
msg,1,198,971,7114,1118,112,112
msg,1,199,928,5657,1117,112,112
whole,1,7160.062,9334.294,200
2,5.5140,7098.8480,64.5580,7168.9200,1391,5517,45,568,2,12,3,18,91560,66454.0,71302.0,6862883.0,0.0,2,2,2,0
msg,2,0,1118,5756,1115,112,112
msg,2,1,964,5566,1109,112,112
msg,2,2,958,5400,1102,112,112
msg,2,3,978,8419,1224,112,112
msg,2,4,964,5852,1098,112,112
msg,2,5,1156,5882,1111,112,112
msg,2,6,969,7537,1109,112,112
msg,2,7,1558,33867,1093,112,112
msg,2,8,978,7008,1108,112,112
msg,2,9,976,7219,1114,112,112
msg,2,10,970,5459,1121,112,112
msg,2,11,964,5524,1115,112,112
msg,2,12,962,5582,1112,112,112
msg,2,13,973,5673,1108,112,112
msg,2,14,974,5575,1095,112,112
msg,2,15,977,5502,1119,112,112
msg,2,16,961,5603,1115,112,112
msg,2,17,962,25067,1102,112,112
msg,2,18,973,7714,1107,112,112
msg,2,19,965,5971,1114,112,112
msg,2,20,973,5541,1106,112,112
msg,2,21,968,6072,1205,112,112
msg,2,22,963,5999,1095,112,112
msg,2,23,965,7093,1118,112,112
msg,2,24,970,5954,1111,112,112
msg,2,25,974,6201,1099,112,112
msg,2,26,972,23045,1256,112,112
msg,2,27,976,6288,1106,112,112
msg,2,28,980,5601,1094,112,112
msg,2,29,1540,6842,1117,112,112
msg,2,30,957,6618,1121,112,112
msg,2,31,966,5508,1112,112,112
msg,2,32,965,6259,1092,112,112
msg,2,33,960,6530,1110,112,112
msg,2,34,968,7569,1111,112,112
msg,2,35,961,5501,1195,112,112
msg,2,36,960,29697,1115,112,112
msg,2,37,960,5523,1110,112,112
msg,2,38,969,6598,1114,112,112
msg,2,39,970,5763,1113,112,112
msg,2,40,966,5712,1111,112,112
msg,2,41,985,6746,1115,112,112
msg,2,42,967,6772,1112,112,112
msg,2,43,974,5882,1117,112,112
msg,2,44,938,8126,1191,112,112
msg,2,45,969,35843,1114,112,112
msg,2,46,1060,6538,1110,112,112
msg,2,47,967,6600,1097,112,112
msg,2,48,974,6465,1110,112,112
msg,2,49,964,6737,1116,112,112
msg,2,50,960,6249,1106,112,112
msg,2,51,966,5950,1115,112,112
msg,2,52,925,5829,1115,112,112
msg,2,53,967,5508,1113,112,112
msg,2,54,1079,25612,1118,112,112
msg,2,55,959,6033,1125,112,112
msg,2,56,962,6088,1107,112,112
msg,2,57,974,5649,1204,112,112
msg,2,58,965,6170,1115,112,112
msg,2,59,963,6932,1096,112,112
msg,2,60,960,5608,1123,112,112
msg,2,61,967,6421,1108,112,112
msg,2,62,929,7505,1115,112,112
msg,2,63,977,31844,1115,112,112
msg,2,64,969,6006,1124,112,112
msg,2,65,971,8226,1116,112,112
msg,2,66,965,5555,1108,112,112
msg,2,67,972,5620,1108,112,112
msg,2,68,966,5714,1100,112,112
msg,2,69,971,5600,1097,112,112
msg,2,70,970,5950,1108,112,112
msg,2,71,976,6319,1123,112,112
msg,2,72,964,27656,1110,112,112
msg,2,73,976,6954,1101,112,112
msg,2,74,971,5798,1108,112,112
msg,2,75,977,5846,1112,112,112
msg,2,76,966,6074,1116,112,112
msg,2,77,964,7311,1099,112,112
msg,2,78,964,5878,1110,112,112
msg,2,79,972,5626,1109,112,112
msg,2,80,965,5735,1112,112,112
msg,2,81,968,5705,1108,112,112
msg,2,82,969,28065,1116,112,112
msg,2,83,966,5607,1114,112,112
msg,2,84,963,6032,1091,112,112
msg,2,85,961,5801,1104,112,112
msg,2,86,969,6091,1106,112,112
msg,2,87,969,17218,1095,112,112
msg,2,88,974,5881,1103,112,112
msg,2,89,969,6218,1111,112,112
msg,2,90,931,25548,1117,112,112
msg,2,91,965,5696,1114,112,112
msg,2,92,969,6028,1117,112,112
msg,2,93,960,6013,1110,112,112
msg,2,94,963,6049,1116,112,112
msg,2,95,959,5706,1111,112,112
msg,2,96,960,7523,1112,112,112
msg,2,97,966,7697,1108,112,112
msg,2,98,970,6037,1102,112,112
msg,2,99,931,6437,1115,112,112
msg,2,100,972,22478,1100,112,112
msg,2,101,965,6794,1106,112,112
msg,2,102,976,5872,1213,112,112
msg,2,103,971,7544,1108,112,112
msg,2,104,970,5724,1109,112,112
msg,2,105,977,6865,1113,112,112
msg,2,106,971,5734,1116,112,112
msg,2,107,979,6104,1125,112,112
msg,2,108,968,6699,1127,112,112
msg,2,109,973,5692,1266,112,112
msg,2,110,969,26349,1114,112,112
msg,2,111,969,5509,1115,112,112
msg,2,112,969,5639,1115,112,112
msg,2,113,973,6701,1119,112,112
msg,2,114,957,5979,1113,112,112
msg,2,115,968,6507,1110,112,112
msg,2,116,962,8617,1114,112,112
msg,2,117,958,6999,1114,112,112
msg,2,118,952,6348,1264,112,112
msg,2,119,964,28741,1116,112,112
msg,2,120,930,6616,1113,112,112
msg,2,121,965,6106,1119,112,112
msg,2,122,961,6065,1115,112,112
msg,2,123,1068,5535,1110,112,112
msg,2,124,968,5750,1110,112,112
msg,2,125,971,7118,1119,112,112
msg,2,126,935,6270,1106,112,112
msg,2,127,963,6433,1262,112,112
msg,2,128,968,24049,1114,112,112
msg,2,129,971,5800,1112,112,112
msg,2,130,960,5563,1107,112,112
msg,2,131,975,5800,1110,112,112
msg,2,132,972,6415,1109,112,112
msg,2,133,1065,7421,1125,112,112
msg,2,134,962,5515,1116,112,112
msg,2,135,966,6754,1114,112,112
msg,2,136,963,5751,1123,112,112
msg,2,137,970,5909,1096,112,112
msg,2,138,977,23164,1113,112,112
msg,2,139,961,6812,1118,112,112
msg,2,140,940,6008,1120,112,112
msg,2,141,967,6636,1125,112,112
msg,2,142,965,5913,1094,112,112
msg,2,143,971,6098,1114,112,112
msg,2,144,966,6113,1123,112,112
msg,2,145,963,6898,1093,112,112
msg,2,146,973,5555,1125,112,112
msg,2,147,969,5673,1120,112,112
msg,2,148,973,28109,1108,112,112
msg,2,149,964,6321,1124,112,112
msg,2,150,964,5642,1105,112,112
msg,2,151,972,5494,1215,112,112
msg,2,152,970,5512,1113,112,112
msg,2,153,964,5483,1103,112,112
msg,2,154,974,5567,1110,112,112
msg,2,155,975,5555,1094,112,112
msg,2,156,966,5920,1239,112,112
msg,2,157,984,6379,1095,112,112
msg,2,158,965,26768,1091,112,112
msg,2,159,969,7743,1100,112,112
msg,2,160,970,5832,1106,112,112
msg,2,161,963,5636,1101,112,112
msg,2,162,971,7304,1122,112,112
msg,2,163,966,6629,1116,112,112
msg,2,164,968,5575,1113,112,112
msg,2,165,953,5531,1106,112,112
msg,2,166,969,6513,1103,112,112
msg,2,167,975,6125,1116,112,112
msg,2,168,935,26172,1098,112,112
msg,2,169,973,5780,1108,112,112
msg,2,170,972,6106,1113,112,112
msg,2,171,966,5545,1104,112,112
msg,2,172,970,5840,1106,112,112
msg,2,173,967,5619,1116,112,112
msg,2,174,968,5764,1116,112,112
msg,2,175,966,6080,1107,112,112
msg,2,176,963,6095,1112,112,112
msg,2,177,968,5502,1101,112,112
msg,2,178,971,26192,1117,112,112
msg,2,179,965,5632,1118,112,112
msg,2,180,963,5583,1109,112,112
msg,2,181,970,6405,1092,112,112
msg,2,182,967,6615,1134,112,112
msg,2,183,1072,5496,1108,112,112
msg,2,184,963,5480,1117,112,112
msg,2,185,929,5667,1113,112,112
msg,2,186,962,5719,1111,112,112
msg,2,187,964,5749,1118,112,112
msg,2,188,1056,26810,1108,112,112
msg,2,189,978,5743,1124,112,112
msg,2,190,965,7930,1103,112,112
msg,2,191,1549,6244,1108,112,112
msg,2,192,969,5473,1093,112,112
msg,2,193,975,5628,1121,112,112
msg,2,194,963,5794,1242,112,112
msg,2,195,981,6115,1116,112,112
msg,2,196,964,6076,1125,112,112
msg,2,197,969,32866,1095,112,112
msg,2,198,969,7693,1091,112,112
msg,2,199,964,6856,1108,112,112
whole,2,7183.793,9340.811,200
#heap 24291
#stack 14400
#end
#block pipeline TLS lorawan11_256 down
#aead AES-256-CTR+2xCMAC (LoRaWAN 1.1 frame, 256-bit keys) (BearSSL (arduino-pico)), downlink, 51 B payload + 13 B overhead
#lib wolfSSL 5.9.4
iter,tcp_ms,tls_ms,mqtt_ms,total_ms,hs_tx_B,hs_rx_B,mqtt_tx_B,mqtt_rx_B,hs_writes,hs_reads,writes,reads,free_heap_B,hs_keygen_us,hs_derive_us,hs_verify_us,hs_sign_us,hs_keygen_n,hs_derive_n,hs_verify_n,hs_sign_n
msg,iter,idx,seal_us,rtt_us,open_us,tx_B,rx_B
whole,iter,first_ms,all_ms,msgs
#suite TLS13-AES256-GCM-SHA384
0,4.4260,7082.7680,44.4660,7131.6600,1391,5517,45,568,2,12,3,18,91560,66143.0,71509.0,6868654.0,0.0,2,2,2,0
msg,0,0,749,6751,712,112,112
msg,0,1,580,8363,712,112,112
msg,0,2,585,6844,743,112,112
msg,0,3,570,6343,743,112,112
msg,0,4,572,6004,746,112,112
msg,0,5,617,5603,710,112,112
msg,0,6,610,5641,707,112,112
msg,0,7,583,5524,741,112,112
msg,0,8,583,27038,737,112,112
msg,0,9,612,6542,708,112,112
msg,0,10,698,5461,711,112,112
msg,0,11,578,5623,712,112,112
msg,0,12,582,5554,737,112,112
msg,0,13,571,6417,714,112,112
msg,0,14,583,5541,742,112,112
msg,0,15,578,5540,745,112,112
msg,0,16,613,6249,709,112,112
msg,0,17,582,6135,744,112,112
msg,0,18,779,6116,751,112,112
msg,0,19,607,25527,744,112,112
msg,0,20,617,6011,743,112,112
msg,0,21,613,5766,751,112,112
msg,0,22,610,5957,745,112,112
msg,0,23,584,8793,748,112,112
msg,0,24,612,6213,746,112,112
msg,0,25,612,6453,748,112,112
msg,0,26,605,5560,742,112,112
msg,0,27,610,5577,755,112,112
msg,0,28,611,5776,711,112,112
msg,0,29,593,31776,740,112,112
msg,0,30,568,6967,737,112,112
msg,0,31,603,7899,737,112,112
msg,0,32,569,5530,739,112,112
msg,0,33,578,5697,745,112,112
msg,0,34,622,6031,712,112,112
msg,0,35,583,6328,714,112,112
msg,0,36,578,7385,711,112,112
msg,0,37,599,6614,711,112,112
msg,0,38,579,6212,745,112,112
msg,0,39,603,27471,735,112,112
msg,0,40,583,7134,745,112,112
msg,0,41,615,6268,749,112,112
msg,0,42,614,5756,741,112,112
msg,0,43,604,5924,743,112,112
msg,0,44,576,6638,751,112,112
msg,0,45,718,5874,708,112,112
msg,0,46,583,6122,744,112,112
msg,0,47,606,5866,712,112,112
msg,0,48,571,5670,744,112,112
msg,0,49,592,26842,752,112,112
msg,0,50,617,6963,735,112,112
msg,0,51,583,7582,739,112,112
msg,0,52,580,6024,837,112,112
msg,0,53,584,5491,713,112,112
msg,0,54,582,5849,742,112,112
msg,0,55,609,6091,713,112,112
msg,0,56,579,5864,742,112,112
msg,0,57,611,6498,743,112,112
msg,0,58,609,9185,744,112,112
msg,0,59,582,28225,710,112,112
msg,0,60,589,6566,711,112,112
msg,0,61,582,6253,744,112,112
msg,0,62,614,5444,742,112,112
msg,0,63,628,5774,740,112,112
msg,0,64,571,5917,747,112,112
msg,0,65,706,5689,712,112,112
msg,0,66,578,5479,710,112,112
msg,0,67,585,5970,745,112,112
msg,0,68,612,5575,744,112,112
msg,0,69,613,5522,745,112,112
msg,0,70,610,26135,745,112,112
msg,0,71,609,5908,711,112,112
msg,0,72,581,6223,746,112,112
msg,0,73,615,6292,751,112,112
msg,0,74,609,6403,752,112,112
msg,0,75,617,6081,743,112,112
msg,0,76,583,5881,749,112,112
msg,0,77,606,6126,747,112,112
msg,0,78,614,7197,712,112,112
msg,0,79,577,6547,712,112,112
msg,0,80,584,5931,747,112,112
msg,0,81,608,26497,745,112,112
msg,0,82,609,5998,743,112,112
msg,0,83,577,9885,742,112,112
msg,0,84,609,5430,748,112,112
msg,0,85,605,5737,710,112,112
msg,0,86,577,6677,743,112,112
msg,0,87,576,5498,744,112,112
msg,0,88,572,5646,743,112,112
msg,0,89,613,6140,711,112,112
msg,0,90,571,5688,740,112,112
msg,0,91,612,28780,749,112,112
msg,0,92,604,5834,712,112,112
msg,0,93,577,5768,745,112,112
msg,0,94,615,5494,747,112,112
msg,0,95,611,5627,838,112,112
msg,0,96,616,6066,741,112,112
msg,0,97,612,5794,744,112,112
msg,0,98,611,9654,713,112,112
msg,0,99,589,8755,743,112,112
msg,0,100,585,6543,744,112,112
msg,0,101,613,27738,744,112,112
msg,0,102,606,7103,828,112,112
msg,0,103,611,8713,749,112,112
msg,0,104,603,6060,747,112,112
msg,0,105,618,6707,750,112,112
msg,0,106,611,8418,750,112,112
msg,0,107,616,11128,747,112,112
msg,0,108,608,6808,738,112,112
msg,0,109,611,6308,739,112,112
msg,0,110,609,32634,711,112,112
msg,0,111,582,6834,743,112,112
msg,0,112,583,8910,743,112,112
msg,0,113,608,6123,745,112,112
msg,0,114,605,5448,744,112,112
msg,0,115,627,5664,747,112,112
msg,0,116,606,5521,747,112,112
msg,0,117,616,7047,844,112,112
msg,0,118,615,5427,746,112,112
msg,0,119,610,25513,744,112,112
msg,0,120,608,5971,709,112,112
msg,0,121,584,5866,745,112,112
msg,0,122,706,5841,712,112,112
msg,0,123,582,5654,744,112,112
msg,0,124,573,5740,750,112,112
msg,0,125,606,6324,748,112,112
msg,0,126,618,6066,708,112,112
msg,0,127,577,5645,746,112,112
msg,0,128,579,5661,740,112,112
msg,0,129,615,5473,741,112,112
msg,0,130,624,26936,714,112,112
msg,0,131,580,7383,744,112,112
msg,0,132,605,5574,716,112,112
msg,0,133,582,8005,744,112,112
msg,0,134,617,6273,742,112,112
msg,0,135,614,5581,744,112,112
msg,0,136,603,6438,746,112,112
msg,0,137,611,5983,709,112,112
msg,0,138,579,8178,746,112,112
msg,0,139,614,6235,748,112,112
msg,0,140,609,25073,747,112,112
msg,0,141,591,5682,751,112,112
msg,0,142,614,5715,741,112,112
msg,0,143,615,5708,710,112,112
msg,0,144,675,5553,747,112,112
msg,0,145,567,5925,745,112,112
msg,0,146,610,7992,735,112,112
msg,0,147,573,5849,745,112,112
msg,0,148,605,5476,735,112,112
msg,0,149,609,5599,739,112,112
msg,0,150,606,7205,747,112,112
msg,0,151,607,27192,836,112,112
msg,0,152,611,7129,712,112,112
msg,0,153,575,5593,743,112,112
msg,0,154,579,5925,746,112,112
msg,0,155,603,5779,708,112,112
msg,0,156,577,5750,746,112,112
msg,0,157,610,5931,737,112,112
msg,0,158,603,6471,740,112,112
msg,0,159,617,7950,743,112,112
msg,0,160,602,7899,734,112,112
msg,0,161,607,23739,711,112,112
msg,0,162,581,8655,741,112,112
msg,0,163,577,6621,749,112,112
msg,0,164,611,8802,715,112,112
msg,0,165,572,6461,709,112,112
msg,0,166,575,5674,713,112,112
msg,0,167,578,6504,736,112,112
msg,0,168,579,6981,745,112,112
msg,0,169,621,6195,745,112,112
msg,0,170,612,6782,739,112,112
msg,0,171,612,23003,748,112,112
msg,0,172,603,5770,746,112,112
msg,0,173,604,5599,710,112,112
msg,0,174,585,5702,743,112,112
msg,0,175,583,5796,743,112,112
msg,0,176,615,5643,743,112,112
msg,0,177,750,5610,710,112,112
msg,0,178,577,5621,738,112,112
msg,0,179,574,5622,747,112,112
msg,0,180,608,6147,714,112,112
msg,0,181,581,5855,745,112,112
msg,0,182,622,5421,743,112,112
msg,0,183,623,27456,749,112,112
msg,0,184,616,6214,834,112,112
msg,0,185,613,5536,746,112,112
msg,0,186,608,8091,710,112,112
msg,0,187,572,5670,742,112,112
msg,0,188,612,6614,743,112,112
msg,0,189,604,5649,747,112,112
msg,0,190,610,5356,740,112,112
msg,0,191,605,6156,743,112,112
msg,0,192,619,5793,743,112,112
msg,0,193,608,27782,732,112,112
msg,0,194,578,5737,745,112,112
msg,0,195,615,6293,736,112,112
msg,0,196,587,5783,747,112,112
msg,0,197,602,8554,745,112,112
msg,0,198,608,5854,738,112,112
msg,0,199,584,8248,711,112,112
whole,0,7150.462,9124.490,200
1,4.6630,7074.7430,137.4680,7216.8740,1391,5517,45,568,2,12,3,18,91560,66157.0,70215.0,6863453.0,0.0,2,2,2,0
msg,1,0,745,5591,743,112,112
msg,1,1,608,6121,746,112,112
msg,1,2,575,5946,747,112,112
msg,1,3,635,6163,711,112,112
msg,1,4,577,6817,744,112,112
msg,1,5,573,5591,745,112,112
msg,1,6,606,7223,745,112,112
msg,1,7,578,5487,740,112,112
msg,1,8,576,5726,742,112,112
msg,1,9,617,21450,750,112,112
msg,1,10,612,6638,746,112,112
msg,1,11,610,5555,737,112,112
msg,1,12,707,5975,747,112,112
msg,1,13,608,5502,746,112,112
msg,1,14,618,5603,743,112,112
msg,1,15,605,5914,740,112,112
msg,1,16,578,7814,745,112,112
msg,1,17,612,6977,710,112,112
msg,1,18,571,9045,746,112,112
msg,1,19,617,23933,712,112,112
msg,1,20,580,6009,744,112,112
msg,1,21,605,5907,712,112,112
msg,1,22,585,5590,744,112,112
msg,1,23,580,7892,746,112,112
msg,1,24,608,7546,740,112,112
msg,1,25,609,5737,715,112,112
msg,1,26,578,5814,743,112,112
msg,1,27,612,5666,746,112,112
msg,1,28,607,5772,714,112,112
msg,1,29,587,5609,831,112,112
msg,1,30,580,32265,715,112,112
msg,1,31,583,6064,744,112,112
msg,1,32,610,7900,711,112,112
msg,1,33,581,7871,746,112,112
msg,1,34,607,6341,742,112,112
msg,1,35,608,8347,748,112,112
msg,1,36,610,5700,743,112,112
msg,1,37,611,5673,714,112,112
msg,1,38,607,6175,742,112,112
msg,1,39,617,33636,737,112,112
msg,1,40,607,6140,741,112,112
msg,1,41,614,7982,712,112,112
msg,1,42,574,5742,737,112,112
msg,1,43,596,6408,741,112,112
msg,1,44,602,9239,892,112,112
msg,1,45,576,5707,744,112,112
msg,1,46,618,5941,711,112,112
msg,1,47,572,5650,741,112,112
msg,1,48,578,5472,742,112,112
msg,1,49,579,23376,712,112,112
msg,1,50,572,5854,744,112,112
msg,1,51,615,6651,742,112,112
msg,1,52,609,6109,746,112,112
msg,1,53,610,6510,742,112,112
msg,1,54,603,6329,750,112,112
msg,1,55,714,5836,713,112,112
msg,1,56,576,5750,743,112,112
msg,1,57,574,7740,746,112,112
msg,1,58,615,6502,750,112,112
msg,1,59,616,34616,745,112,112
msg,1,60,622,8837,747,112,112
msg,1,61,574,6879,746,112,112
msg,1,62,606,9236,747,112,112
msg,1,63,604,6332,746,112,112
msg,1,64,624,6004,714,112,112
msg,1,65,586,6640,747,112,112
msg,1,66,579,6352,739,112,112
msg,1,67,576,6326,712,112,112
msg,1,68,574,25256,740,112,112
msg,1,69,612,6277,743,112,112
msg,1,70,607,7750,716,112,112
msg,1,71,578,7143,745,112,112
msg,1,72,609,6895,711,112,112
msg,1,73,574,5551,898,112,112
msg,1,74,615,5523,744,112,112
msg,1,75,622,5436,749,112,112
msg,1,76,618,5798,738,112,112
msg,1,77,607,7589,710,112,112
msg,1,78,579,24745,746,112,112
msg,1,79,582,5872,827,112,112
msg,1,80,613,5848,710,112,112
msg,1,81,581,5992,743,112,112
msg,1,82,615,7578,739,112,112
msg,1,83,609,5764,714,112,112
msg,1,84,581,6073,743,112,112
msg,1,85,604,5675,712,112,112
msg,1,86,572,6227,747,112,112
msg,1,87,614,5619,710,112,112
msg,1,88,579,5718,733,112,112
msg,1,89,579,28360,710,112,112
msg,1,90,582,5724,752,112,112
msg,1,91,616,5961,738,112,112
msg,1,92,605,6700,712,112,112
msg,1,93,580,5723,738,112,112
msg,1,94,609,5605,739,112,112
msg,1,95,609,5464,742,112,112
msg,1,96,604,5481,745,112,112
msg,1,97,611,5594,739,112,112
msg,1,98,613,5944,746,112,112
msg,1,99,575,5785,744,112,112
msg,1,100,610,22849,711,112,112
msg,1,101,579,6058,747,112,112
msg,1,102,707,7779,712,112,112
msg,1,103,583,5872,745,112,112
msg,1,104,616,5787,740,112,112
msg,1,105,709,5748,744,112,112
msg,1,106,577,6616,750,112,112
msg,1,107,606,7967,710,112,112
msg,1,108,575,5688,742,112,112
msg,1,109,573,5780,742,112,112
msg,1,110,607,5433,834,112,112
msg,1,111,605,22125,741,112,112
msg,1,112,586,6085,712,112,112
msg,1,113,612,5529,715,112,112
msg,1,114,575,5950,749,112,112
msg,1,115,606,7346,748,112,112
msg,1,116,610,5899,742,112,112
msg,1,117,604,5607,714,112,112
msg,1,118,575,5963,750,112,112
msg,1,119,616,6316,749,112,112
msg,1,120,617,6378,745,112,112
msg,1,121,608,7228,711,112,112
msg,1,122,581,30055,744,112,112
msg,1,123,606,5752,711,112,112
msg,1,124,573,5947,747,112,112
msg,1,125,612,7963,710,112,112
msg,1,126,572,6536,714,112,112
msg,1,127,580,5725,745,112,112
msg,1,128,602,5518,747,112,112
msg,1,129,605,5546,745,112,112
msg,1,130,619,6271,747,112,112
msg,1,131,611,7035,710,112,112
msg,1,132,579,31559,712,112,112
msg,1,133,581,5950,744,112,112
msg,1,134,610,8789,709,112,112
msg,1,135,615,5766,741,112,112
msg,1,136,579,5637,749,112,112
msg,1,137,607,5956,714,112,112
msg,1,138,582,7577,712,112,112
msg,1,139,583,5648,741,112,112
msg,1,140,577,5673,746,112,112
msg,1,141,604,7035,709,112,112
msg,1,142,566,27700,742,112,112
msg,1,143,695,6300,733,112,112
msg,1,144,586,5740,746,112,112
msg,1,145,622,7120,712,112,112
msg,1,146,582,7497,710,112,112
msg,1,147,582,6173,836,112,112
msg,1,148,579,5463,713,112,112
msg,1,149,586,6260,742,112,112
msg,1,150,610,6347,742,112,112
msg,1,151,609,5549,912,112,112
msg,1,152,580,33558,711,112,112
msg,1,153,581,5542,710,112,112
msg,1,154,578,6642,739,112,112
msg,1,155,588,6530,746,112,112
msg,1,156,611,5702,743,112,112
msg,1,157,615,5721,711,112,112
msg,1,158,572,5727,736,112,112
msg,1,159,589,5513,743,112,112
msg,1,160,576,6045,742,112,112
msg,1,161,617,6124,747,112,112
msg,1,162,618,29199,748,112,112
msg,1,163,581,7746,746,112,112
msg,1,164,613,7815,711,112,112
msg,1,165,578,5613,713,112,112
msg,1,166,582,6144,741,112,112
msg,1,167,608,5668,709,112,112
msg,1,168,571,7666,736,112,112
msg,1,169,583,5559,743,112,112
msg,1,170,578,5533,746,112,112
msg,1,171,606,5497,744,112,112
msg,1,172,606,33729,745,112,112
msg,1,173,625,6335,749,112,112
msg,1,174,623,6239,744,112,112
msg,1,175,609,5517,747,112,112
msg,1,176,620,6019,715,112,112
msg,1,177,582,5780,746,112,112
msg,1,178,624,6170,743,112,112
msg,1,179,581,5758,751,112,112
msg,1,180,612,5916,714,112,112
msg,1,181,581,5640,746,112,112
msg,1,182,571,28609,744,112,112
msg,1,183,604,6571,745,112,112
msg,1,184,608,5675,745,112,112
msg,1,185,611,6924,743,112,112
msg,1,186,578,6690,743,112,112
msg,1,187,615,5895,713,112,112
msg,1,188,577,5650,713,112,112
msg,1,189,586,5876,750,112,112
msg,1,190,615,6383,747,112,112
msg,1,191,613,35020,714,112,112
msg,1,192,578,6381,712,112,112
msg,1,193,585,7453,715,112,112
msg,1,194,588,8120,748,112,112
msg,1,195,608,8037,742,112,112
msg,1,196,585,6612,743,112,112
msg,1,197,606,5988,714,112,112
msg,1,198,586,5557,710,112,112
msg,1,199,574,5630,739,112,112
whole,1,7230.844,9226.697,200
2,27.5590,7086.6000,89.9770,7204.1360,1391,5517,45,568,2,12,3,18,91560,66256.0,71352.0,6856441.0,0.0,2,2,2,0
msg,2,0,749,5599,710,112,112
msg,2,1,581,6012,746,112,112
msg,2,2,616,6223,744,112,112
msg,2,3,609,8037,713,112,112
msg,2,4,574,6303,738,112,112
msg,2,5,609,6117,741,112,112
msg,2,6,607,6035,711,112,112
msg,2,7,574,32973,750,112,112
msg,2,8,606,5729,714,112,112
msg,2,9,582,6570,712,112,112
msg,2,10,579,5539,709,112,112
msg,2,11,578,8302,711,112,112
msg,2,12,585,5613,713,112,112
msg,2,13,571,5869,752,112,112
msg,2,14,605,5465,744,112,112
msg,2,15,720,5967,714,112,112
msg,2,16,588,5658,743,112,112
msg,2,17,601,26852,752,112,112
msg,2,18,615,6205,747,112,112
msg,2,19,614,5806,713,112,112
msg,2,20,604,6044,745,112,112
msg,2,21,620,6019,712,112,112
msg,2,22,585,5627,889,112,112
msg,2,23,614,5585,745,112,112
msg,2,24,605,6990,714,112,112
msg,2,25,592,5516,710,112,112
msg,2,26,582,5733,748,112,112
msg,2,27,618,5694,745,112,112
msg,2,28,614,29125,750,112,112
msg,2,29,626,5662,1268,112,112
msg,2,30,603,5634,746,112,112
msg,2,31,605,7116,713,112,112
msg,2,32,575,5572,711,112,112
msg,2,33,739,6121,711,112,112
msg,2,34,577,5566,712,112,112
msg,2,35,587,7669,742,112,112
msg,2,36,584,5572,740,112,112
msg,2,37,604,9833,747,112,112
msg,2,38,614,26865,710,112,112
msg,2,39,574,5857,747,112,112
msg,2,40,605,5475,747,112,112
msg,2,41,608,5680,742,112,112
msg,2,42,612,6085,888,112,112
msg,2,43,610,6376,748,112,112
msg,2,44,609,5935,714,112,112
msg,2,45,580,7165,746,112,112
msg,2,46,619,5640,712,112,112
msg,2,47,573,7936,744,112,112
msg,2,48,612,23586,744,112,112
msg,2,49,612,6791,710,112,112
msg,2,50,580,6325,739,112,112
msg,2,51,619,7380,745,112,112
msg,2,52,611,5780,708,112,112
msg,2,53,804,5516,741,112,112
msg,2,54,610,6321,742,112,112
msg,2,55,581,5630,747,112,112
msg,2,56,612,5637,742,112,112
msg,2,57,610,5883,711,112,112
msg,2,58,583,5839,745,112,112
msg,2,59,610,23031,712,112,112
msg,2,60,582,5571,738,112,112
msg,2,61,571,5571,748,112,112
msg,2,62,575,5603,743,112,112
msg,2,63,603,5533,745,112,112
msg,2,64,618,5750,741,112,112
msg,2,65,602,7500,709,112,112
msg,2,66,574,5884,735,112,112
msg,2,67,606,6558,743,112,112
msg,2,68,606,6174,746,112,112
msg,2,69,577,5751,748,112,112
msg,2,70,609,29742,742,112,112
msg,2,71,606,6390,742,112,112
msg,2,72,611,6756,712,112,112
msg,2,73,571,5896,749,112,112
msg,2,74,781,6112,746,112,112
msg,2,75,611,6474,742,112,112
msg,2,76,606,6011,709,112,112
msg,2,77,580,7992,744,112,112
msg,2,78,601,5989,711,112,112
msg,2,79,575,7639,746,112,112
msg,2,80,764,31507,748,112,112
msg,2,81,621,6206,743,112,112
msg,2,82,567,9119,713,112,112
msg,2,83,574,6380,745,112,112
msg,2,84,593,6350,741,112,112
msg,2,85,616,6122,744,112,112
msg,2,86,613,7353,750,112,112
msg,2,87,608,8517,749,112,112
msg,2,88,612,6409,748,112,112
msg,2,89,612,26721,740,112,112
msg,2,90,612,6287,752,112,112
msg,2,91,609,6648,707,112,112
msg,2,92,609,6032,747,112,112
msg,2,93,613,6210,740,112,112
msg,2,94,575,5578,745,112,112
msg,2,95,617,6242,735,112,112
msg,2,96,588,6083,740,112,112
msg,2,97,609,8885,742,112,112
msg,2,98,573,6330,713,112,112
msg,2,99,581,27578,738,112,112
msg,2,100,576,6053,740,112,112
msg,2,101,606,5941,748,112,112
msg,2,102,575,6746,746,112,112
msg,2,103,606,5589,746,112,112
msg,2,104,614,7111,747,112,112
msg,2,105,610,6142,712,112,112
msg,2,106,590,5475,712,112,112
msg,2,107,574,8634,838,112,112
msg,2,108,610,5485,746,112,112
msg,2,109,613,5519,741,112,112
msg,2,110,612,18207,745,112,112
msg,2,111,610,7192,713,112,112
msg,2,112,574,5751,749,112,112
msg,2,113,607,6018,709,112,112
msg,2,114,578,6383,710,112,112
msg,2,115,617,5432,742,112,112
msg,2,116,702,5462,711,112,112
msg,2,117,574,5512,711,112,112
msg,2,118,578,5646,827,112,112
msg,2,119,574,6274,715,112,112
msg,2,120,581,5666,745,112,112
msg,2,121,582,5491,741,112,112
msg,2,122,607,21715,745,112,112
msg,2,123,607,5816,711,112,112
msg,2,124,574,6099,746,112,112
msg,2,125,611,7636,743,112,112
msg,2,126,610,8275,837,112,112
msg,2,127,599,5483,738,112,112
msg,2,128,611,5487,736,112,112
msg,2,129,616,6402,738,112,112
msg,2,130,615,5572,710,112,112
msg,2,131,590,6672,742,112,112
msg,2,132,611,6005,713,112,112
msg,2,133,611,25895,741,112,112
msg,2,134,612,5677,872,112,112
msg,2,135,611,5462,744,112,112
msg,2,136,615,6046,747,112,112
msg,2,137,607,6216,713,112,112
msg,2,138,572,5482,710,112,112
msg,2,139,574,5615,741,112,112
msg,2,140,579,5513,741,112,112
msg,2,141,606,5563,742,112,112
msg,2,142,612,6173,742,112,112
msg,2,143,677,5734,747,112,112
msg,2,144,620,26565,748,112,112
msg,2,145,617,5685,709,112,112
msg,2,146,573,5898,749,112,112
msg,2,147,617,8104,712,112,112
msg,2,148,672,6227,713,112,112
msg,2,149,575,5662,710,112,112
msg,2,150,578,5645,746,112,112
msg,2,151,572,5677,747,112,112
msg,2,152,612,5989,707,112,112
msg,2,153,576,5676,740,112,112
msg,2,154,581,5467,744,112,112
msg,2,155,571,24081,741,112,112
msg,2,156,605,5800,743,112,112
msg,2,157,571,5767,744,112,112
msg,2,158,608,5878,714,112,112
msg,2,159,583,5609,709,112,112
msg,2,160,674,5700,711,112,112
msg,2,161,581,6163,744,112,112
msg,2,162,606,5759,711,112,112
msg,2,163,584,6650,710,112,112
msg,2,164,582,7158,739,112,112
msg,2,165,710,5522,710,112,112
msg,2,166,588,21665,740,112,112
msg,2,167,574,5736,745,112,112
msg,2,168,613,5960,711,112,112
msg,2,169,577,6950,745,112,112
msg,2,170,712,5622,741,112,112
msg,2,171,608,5477,739,112,112
msg,2,172,613,6327,744,112,112
msg,2,173,612,5755,713,112,112
msg,2,174,573,5510,714,112,112
msg,2,175,585,5501,712,112,112
msg,2,176,581,5724,746,112,112
msg,2,177,615,22649,745,112,112
msg,2,178,616,5674,742,112,112
msg,2,179,621,5629,710,112,112
msg,2,180,579,5967,746,112,112
msg,2,181,617,5589,745,112,112
msg,2,182,608,5257,738,112,112
msg,2,183,610,5407,748,112,112
msg,2,184,607,6064,714,112,112
msg,2,185,582,5480,711,112,112
msg,2,186,575,5774,743,112,112
msg,2,187,613,5545,741,112,112
msg,2,188,605,5442,744,112,112
msg,2,189,612,35312,747,112,112
msg,2,190,611,6164,712,112,112
msg,2,191,579,8328,713,112,112
msg,2,192,576,6497,711,112,112
msg,2,193,584,5850,746,112,112
msg,2,194,610,5968,713,112,112
msg,2,195,583,5701,733,112,112
msg,2,196,574,6768,741,112,112
msg,2,197,617,5757,742,112,112
msg,2,198,607,23759,711,112,112
msg,2,199,582,5562,747,112,112
whole,2,7221.502,9146.946,200
#heap 24291
#stack 14424
#end
#block pipeline mTLS lorawan11 up
#aead LoRaWAN-1.1 AES-128-CTR+2xCMAC (BearSSL (arduino-pico)), uplink, 51 B payload + 13 B overhead
#lib wolfSSL 5.9.4
iter,tcp_ms,tls_ms,mqtt_ms,total_ms,hs_tx_B,hs_rx_B,mqtt_tx_B,mqtt_rx_B,hs_writes,hs_reads,writes,reads,free_heap_B,hs_keygen_us,hs_derive_us,hs_verify_us,hs_sign_us,hs_keygen_n,hs_derive_n,hs_verify_n,hs_sign_n
msg,iter,idx,seal_us,rtt_us,open_us,tx_B,rx_B
whole,iter,first_ms,all_ms,msgs
#suite TLS13-AES256-GCM-SHA384
0,5.3880,11599.1270,145.1780,11749.6930,5625,5703,45,7736,4,14,5,20,85072,66246.0,71741.0,6843434.0,4520452.0,2,2,2,1
msg,0,0,881,5684,874,112,112
msg,0,1,747,5552,883,112,112
msg,0,2,737,5649,878,112,112
msg,0,3,840,6102,879,112,112
msg,0,4,750,5701,880,112,112
msg,0,5,733,5491,846,112,112
msg,0,6,711,21894,882,112,112
msg,0,7,735,5717,881,112,112
msg,0,8,737,6744,874,112,112
msg,0,9,698,6383,854,112,112
msg,0,10,706,5573,890,112,112
msg,0,11,743,6598,873,112,112
msg,0,12,705,6029,883,112,112
msg,0,13,741,5973,878,112,112
msg,0,14,742,5786,874,112,112
msg,0,15,731,6054,843,112,112
msg,0,16,698,5723,886,112,112
msg,0,17,740,22426,878,112,112
msg,0,18,738,5691,880,112,112
msg,0,19,735,5678,881,112,112
msg,0,20,728,7350,850,112,112
msg,0,21,709,6133,878,112,112
msg,0,22,705,7394,878,112,112
msg,0,23,701,5740,886,112,112
msg,0,24,732,6387,879,112,112
msg,0,25,701,5445,870,112,112
msg,0,26,743,5960,879,112,112
msg,0,27,711,28580,881,112,112
msg,0,28,746,6223,967,112,112
msg,0,29,737,5436,887,112,112
msg,0,30,740,6000,888,112,112
msg,0,31,738,5439,879,112,112
msg,0,32,703,6073,885,112,112
msg,0,33,730,5625,869,112,112
msg,0,34,731,5779,884,112,112
msg,0,35,705,7610,873,112,112
msg,0,36,734,6814,874,112,112
msg,0,37,705,28672,881,112,112
msg,0,38,740,6049,881,112,112
msg,0,39,746,5433,881,112,112
msg,0,40,746,6027,879,112,112
msg,0,41,739,6260,885,112,112
msg,0,42,738,5519,879,112,112
msg,0,43,701,6046,883,112,112
msg,0,44,727,5535,850,112,112
msg,0,45,824,5760,887,112,112
msg,0,46,743,5516,849,112,112
msg,0,47,703,5636,881,112,112
msg,0,48,736,25940,877,112,112
msg,0,49,841,5699,875,112,112
msg,0,50,699,6235,883,112,112
msg,0,51,701,6686,885,112,112
msg,0,52,739,5820,847,112,112
msg,0,53,703,5504,885,112,112
msg,0,54,751,5593,877,112,112
msg,0,55,704,5662,879,112,112
msg,0,56,734,5659,885,112,112
msg,0,57,744,5594,876,112,112
msg,0,58,732,28557,889,112,112
msg,0,59,843,5578,875,112,112
msg,0,60,738,6323,877,112,112
msg,0,61,744,6368,873,112,112
msg,0,62,726,5728,848,112,112
msg,0,63,701,5905,886,112,112
msg,0,64,735,5707,878,112,112
msg,0,65,735,5945,853,112,112
msg,0,66,707,6149,848,112,112
msg,0,67,695,5945,888,112,112
msg,0,68,739,5489,844,112,112
msg,0,69,711,26542,885,112,112
msg,0,70,742,5494,890,112,112
msg,0,71,742,7167,892,112,112
msg,0,72,728,5762,886,112,112
msg,0,73,736,6714,868,112,112
msg,0,74,715,6281,875,112,112
msg,0,75,700,6847,881,112,112
msg,0,76,739,5677,875,112,112
msg,0,77,703,7898,878,112,112
msg,0,78,727,5799,893,112,112
msg,0,79,755,30228,882,112,112
msg,0,80,737,6293,973,112,112
msg,0,81,702,5654,880,112,112
msg,0,82,736,5432,888,112,112
msg,0,83,737,5727,881,112,112
msg,0,84,741,5649,889,112,112
msg,0,85,743,5532,847,112,112
msg,0,86,711,9403,876,112,112
msg,0,87,743,5524,880,112,112
msg,0,88,736,24279,888,112,112
msg,0,89,732,5535,856,112,112
msg,0,90,703,5770,885,112,112
msg,0,91,738,5829,883,112,112
msg,0,92,728,6412,883,112,112
msg,0,93,741,6316,880,112,112
msg,0,94,728,5551,851,112,112
msg,0,95,716,6001,876,112,112
msg,0,96,712,5470,866,112,112
msg,0,97,705,5706,884,112,112
msg,0,98,734,5491,879,112,112
msg,0,99,908,27807,883,112,112
msg,0,100,735,5504,866,112,112
msg,0,101,705,5490,882,112,112
msg,0,102,735,8038,881,112,112
msg,0,103,742,5790,868,112,112
msg,0,104,701,5638,875,112,112
msg,0,105,735,9768,972,112,112
msg,0,106,700,10492,872,112,112
msg,0,107,741,5528,1037,112,112
msg,0,108,701,29748,881,112,112
msg,0,109,741,6111,888,112,112
msg,0,110,744,6343,889,112,112
msg,0,111,736,5940,880,112,112
msg,0,112,743,5501,883,112,112
msg,0,113,729,5604,876,112,112
msg,0,114,744,6524,884,112,112
msg,0,115,845,5650,870,112,112
msg,0,116,732,6648,884,112,112
msg,0,117,736,6635,846,112,112
msg,0,118,698,23432,882,112,112
msg,0,119,751,18885,847,112,112
msg,0,120,704,6589,869,112,112
msg,0,121,737,5554,882,112,112
msg,0,122,731,5755,875,112,112
msg,0,123,743,5726,882,112,112
msg,0,124,701,6147,886,112,112
msg,0,125,705,5573,878,112,112
msg,0,126,833,6463,887,112,112
msg,0,127,739,5658,878,112,112
msg,0,128,739,28476,881,112,112
msg,0,129,738,6549,882,112,112
msg,0,130,700,7361,847,112,112
msg,0,131,700,5516,879,112,112
msg,0,132,734,6021,880,112,112
msg,0,133,739,5779,881,112,112
msg,0,134,695,5808,878,112,112
msg,0,135,745,7264,1043,112,112
msg,0,136,746,6103,881,112,112
msg,0,137,739,24995,883,112,112
msg,0,138,737,5879,879,112,112
msg,0,139,743,5992,1026,112,112
msg,0,140,745,5827,883,112,112
msg,0,141,700,6202,876,112,112
msg,0,142,708,7732,882,112,112
msg,0,143,741,6231,882,112,112
msg,0,144,739,6237,884,112,112
msg,0,145,740,6770,868,112,112
msg,0,146,734,6694,881,112,112
msg,0,147,741,25774,879,112,112
msg,0,148,734,5984,852,112,112
msg,0,149,715,6951,878,112,112
msg,0,150,701,7945,877,112,112
msg,0,151,733,5567,845,112,112
msg,0,152,708,6757,888,112,112
msg,0,153,835,7082,887,112,112
msg,0,154,746,7396,886,112,112
msg,0,155,708,5696,876,112,112
msg,0,156,737,5529,888,112,112
msg,0,157,732,29283,877,112,112
msg,0,158,706,6867,877,112,112
msg,0,159,736,5498,885,112,112
msg,0,160,699,5991,886,112,112
msg,0,161,732,5825,887,112,112
msg,0,162,736,5499,882,112,112
msg,0,163,724,6486,846,112,112
msg,0,164,697,5525,874,112,112
msg,0,165,736,5717,878,112,112
msg,0,166,701,5995,885,112,112
msg,0,167,735,5585,877,112,112
msg,0,168,732,24685,894,112,112
msg,0,169,741,6497,848,112,112
msg,0,170,810,5885,889,112,112
msg,0,171,723,6323,879,112,112
msg,0,172,714,5586,889,112,112
msg,0,173,746,5453,887,112,112
msg,0,174,734,5892,875,112,112
msg,0,175,734,6366,886,112,112
msg,0,176,738,5573,850,112,112
msg,0,177,713,7205,847,112,112
msg,0,178,707,33872,889,112,112
msg,0,179,736,6065,885,112,112
msg,0,180,735,6146,889,112,112
msg,0,181,730,6050,884,112,112
msg,0,182,843,5582,848,112,112
msg,0,183,706,5511,880,112,112
msg,0,184,731,5582,880,112,112
msg,0,185,737,6071,886,112,112
msg,0,186,740,5570,858,112,112
msg,0,187,704,5526,883,112,112
msg,0,188,744,27921,877,112,112
msg,0,189,702,6360,879,112,112
msg,0,190,740,5476,880,112,112
msg,0,191,736,6800,880,112,112
msg,0,192,737,6252,1354,112,112
msg,0,193,746,6873,883,112,112
msg,0,194,739,5870,880,112,112
msg,0,195,738,5480,878,112,112
msg,0,196,741,5891,879,112,112
msg,0,197,749,5498,888,112,112
msg,0,198,728,27258,886,112,112
msg,0,199,733,5721,880,112,112
whole,0,11764.212,13782.469,200
1,6.4530,11616.5060,60.4300,11683.3890,5625,5703,45,7736,4,14,5,20,85072,66268.0,71828.0,6850072.0,4516603.0,2,2,2,1
msg,1,0,878,5695,877,112,112
msg,1,1,708,5904,880,112,112
msg,1,2,736,8068,889,112,112
msg,1,3,736,6074,877,112,112
msg,1,4,732,6534,998,112,112
msg,1,5,708,29506,877,112,112
msg,1,6,733,5515,888,112,112
msg,1,7,843,5836,877,112,112
msg,1,8,732,6233,879,112,112
msg,1,9,735,5790,847,112,112
msg,1,10,714,5462,883,112,112
msg,1,11,742,5790,881,112,112
msg,1,12,714,5841,882,112,112
msg,1,13,740,6078,885,112,112
msg,1,14,734,6074,878,112,112
msg,1,15,741,32361,888,112,112
msg,1,16,746,5730,875,112,112
msg,1,17,741,6022,848,112,112
msg,1,18,705,5534,876,112,112
msg,1,19,729,6972,874,112,112
msg,1,20,700,7549,877,112,112
msg,1,21,736,5767,849,112,112
msg,1,22,711,5559,878,112,112
msg,1,23,736,7888,848,112,112
msg,1,24,707,5483,883,112,112
msg,1,25,737,23544,886,112,112
msg,1,26,741,6295,876,112,112
msg,1,27,705,5587,877,112,112
msg,1,28,738,6154,879,112,112
msg,1,29,736,6142,875,112,112
msg,1,30,736,5653,885,112,112
msg,1,31,743,7636,882,112,112
msg,1,32,736,5810,886,112,112
msg,1,33,701,5704,883,112,112
msg,1,34,739,6793,853,112,112
msg,1,35,704,23298,849,112,112
msg,1,36,701,6563,969,112,112
msg,1,37,743,5561,882,112,112
msg,1,38,703,5573,883,112,112
msg,1,39,736,5742,883,112,112
msg,1,40,705,5988,887,112,112
msg,1,41,733,5815,881,112,112
msg,1,42,738,5586,878,112,112
msg,1,43,731,5710,884,112,112
msg,1,44,740,5695,876,112,112
msg,1,45,740,5548,876,112,112
msg,1,46,738,23794,881,112,112
msg,1,47,736,5559,878,112,112
msg,1,48,747,5533,883,112,112
msg,1,49,742,8121,880,112,112
msg,1,50,739,5498,880,112,112
msg,1,51,704,6251,879,112,112
msg,1,52,701,7934,889,112,112
msg,1,53,740,5827,882,112,112
msg,1,54,739,5455,985,112,112
msg,1,55,841,5692,881,112,112
msg,1,56,734,6138,882,112,112
msg,1,57,736,26194,884,112,112
msg,1,58,730,6892,847,112,112
msg,1,59,704,6703,974,112,112
msg,1,60,749,6164,886,112,112
msg,1,61,736,5832,879,112,112
msg,1,62,733,7445,881,112,112
msg,1,63,741,6182,880,112,112
msg,1,64,744,5934,889,112,112
msg,1,65,736,6290,884,112,112
msg,1,66,749,5483,881,112,112
msg,1,67,702,27805,882,112,112
msg,1,68,741,6003,884,112,112
msg,1,69,733,5663,883,112,112
msg,1,70,710,7677,879,112,112
msg,1,71,746,6748,876,112,112
msg,1,72,700,5658,879,112,112
msg,1,73,762,5933,883,112,112
msg,1,74,735,5559,873,112,112
msg,1,75,707,6745,880,112,112
msg,1,76,741,5426,877,112,112
msg,1,77,804,28209,851,112,112
msg,1,78,704,5977,880,112,112
msg,1,79,732,6233,882,112,112
msg,1,80,704,6710,875,112,112
msg,1,81,744,7328,886,112,112
msg,1,82,745,6079,880,112,112
msg,1,83,737,5616,886,112,112
msg,1,84,707,6113,882,112,112
msg,1,85,715,7871,880,112,112
msg,1,86,738,6159,889,112,112
msg,1,87,747,21034,885,112,112
msg,1,88,741,5810,848,112,112
msg,1,89,701,7350,877,112,112
msg,1,90,732,6290,877,112,112
msg,1,91,729,6326,974,112,112
msg,1,92,739,5740,874,112,112
msg,1,93,739,6866,878,112,112
msg,1,94,706,5588,884,112,112
msg,1,95,734,6402,880,112,112
msg,1,96,740,6469,881,112,112
msg,1,97,723,24421,851,112,112
msg,1,98,703,5701,880,112,112
msg,1,99,740,5789,881,112,112
msg,1,100,741,5485,879,112,112
msg,1,101,742,5666,852,112,112
msg,1,102,806,5616,882,112,112
msg,1,103,738,5590,877,112,112
msg,1,104,710,6461,871,112,112
msg,1,105,733,6228,871,112,112
msg,1,106,744,6745,883,112,112
msg,1,107,736,5735,879,112,112
msg,1,108,746,29334,877,112,112
msg,1,109,752,6315,888,112,112
msg,1,110,751,6109,885,112,112
msg,1,111,737,6844,883,112,112
msg,1,112,734,8033,879,112,112
msg,1,113,741,5514,880,112,112
msg,1,114,747,6242,881,112,112
msg,1,115,738,6396,886,112,112
msg,1,116,705,6490,878,112,112
msg,1,117,736,5626,884,112,112
msg,1,118,743,27016,878,112,112
msg,1,119,749,6544,881,112,112
msg,1,120,699,9378,847,112,112
msg,1,121,702,5699,879,112,112
msg,1,122,739,6184,885,112,112
msg,1,123,735,5587,851,112,112
msg,1,124,702,5502,876,112,112
msg,1,125,738,5443,883,112,112
msg,1,126,737,6052,883,112,112
msg,1,127,749,5470,882,112,112
msg,1,128,743,26926,968,112,112
msg,1,129,735,11321,881,112,112
msg,1,130,744,6889,882,112,112
msg,1,131,733,5985,876,112,112
msg,1,132,737,5804,875,112,112
msg,1,133,707,5935,881,112,112
msg,1,134,743,5972,882,112,112
msg,1,135,738,6932,881,112,112
msg,1,136,752,7361,884,112,112
msg,1,137,743,29995,881,112,112
msg,1,138,731,5743,879,112,112
msg,1,139,707,5965,886,112,112
msg,1,140,846,7525,846,112,112
msg,1,141,706,7443,876,112,112
msg,1,142,729,5948,847,112,112
msg,1,143,702,6849,886,112,112
msg,1,144,730,6802,885,112,112
msg,1,145,743,6022,878,112,112
msg,1,146,732,5526,1401,112,112
msg,1,147,697,29512,880,112,112
msg,1,148,757,5472,886,112,112
msg,1,149,835,6976,890,112,112
msg,1,150,738,5490,848,112,112
msg,1,151,698,5674,880,112,112
msg,1,152,741,5535,878,112,112
msg,1,153,732,5750,878,112,112
msg,1,154,734,5864,845,112,112
msg,1,155,707,7485,874,112,112
msg,1,156,740,5510,971,112,112
msg,1,157,733,26861,885,112,112
msg,1,158,744,5462,875,112,112
msg,1,159,734,6174,885,112,112
msg,1,160,732,6414,847,112,112
msg,1,161,708,6789,884,112,112
msg,1,162,740,5480,879,112,112
msg,1,163,703,5622,881,112,112
msg,1,164,731,5447,888,112,112
msg,1,165,736,6998,882,112,112
msg,1,166,736,6238,880,112,112
msg,1,167,736,24331,882,112,112
msg,1,168,730,8050,875,112,112
msg,1,169,740,5702,873,112,112
msg,1,170,737,7256,881,112,112
msg,1,171,752,5588,885,112,112
msg,1,172,740,5530,848,112,112
msg,1,173,712,5732,886,112,112
msg,1,174,739,5443,881,112,112
msg,1,175,704,5714,874,112,112
msg,1,176,739,6190,883,112,112
msg,1,177,837,25149,887,112,112
msg,1,178,740,6313,889,112,112
msg,1,179,740,6182,892,112,112
msg,1,180,735,9658,875,112,112
msg,1,181,729,6083,851,112,112
msg,1,182,706,5988,882,112,112
msg,1,183,703,5544,878,112,112
msg,1,184,737,5769,879,112,112
msg,1,185,730,7895,886,112,112
msg,1,186,736,6066,878,112,112
msg,1,187,751,27380,886,112,112
msg,1,188,738,6285,883,112,112
msg,1,189,709,6758,878,112,112
msg,1,190,744,5884,879,112,112
msg,1,191,742,7369,880,112,112
msg,1,192,747,7139,880,112,112
msg,1,193,740,7353,884,112,112
msg,1,194,734,6481,878,112,112
msg,1,195,705,7932,885,112,112
msg,1,196,744,5789,878,112,112
msg,1,197,740,22667,885,112,112
msg,1,198,744,5482,848,112,112
msg,1,199,712,6413,878,112,112
whole,1,11697.636,13721.106,200
2,4.7070,11600.3210,73.4180,11678.4460,5625,5703,45,7736,4,14,5,20,85072,66334.0,71462.0,6844144.0,4519819.0,2,2,2,1
msg,2,0,882,6422,1413,112,112
msg,2,1,744,6215,882,112,112
msg,2,2,735,5844,884,112,112
msg,2,3,700,6125,881,112,112
msg,2,4,733,5976,887,112,112
msg,2,5,744,28281,886,112,112
msg,2,6,742,5530,870,112,112
msg,2,7,708,5479,885,112,112
msg,2,8,733,5410,888,112,112
msg,2,9,738,5739,874,112,112
msg,2,10,735,5639,885,112,112
msg,2,11,727,7782,879,112,112
msg,2,12,742,5792,876,112,112
msg,2,13,705,8613,879,112,112
msg,2,14,742,5731,883,112,112
msg,2,15,711,25517,873,112,112
msg,2,16,737,5523,878,112,112
msg,2,17,742,5575,845,112,112
msg,2,18,697,5637,886,112,112
msg,2,19,744,5692,873,112,112
msg,2,20,702,5813,884,112,112
msg,2,21,740,5815,876,112,112
msg,2,22,748,6813,879,112,112
msg,2,23,703,5788,882,112,112
msg,2,24,736,6571,882,112,112
msg,2,25,703,26477,876,112,112
msg,2,26,734,5813,884,112,112
msg,2,27,730,6053,889,112,112
msg,2,28,742,6990,882,112,112
msg,2,29,737,5658,849,112,112
msg,2,30,698,5591,883,112,112
msg,2,31,741,5556,882,112,112
msg,2,32,731,5896,889,112,112
msg,2,33,738,5679,852,112,112
msg,2,34,705,6893,881,112,112
msg,2,35,737,5750,878,112,112
msg,2,36,731,22873,847,112,112
msg,2,37,706,5847,889,112,112
msg,2,38,738,6195,887,112,112
msg,2,39,738,6509,850,112,112
msg,2,40,709,5766,889,112,112
msg,2,41,746,6328,882,112,112
msg,2,42,734,6920,890,112,112
msg,2,43,738,6521,878,112,112
msg,2,44,704,6533,881,112,112
msg,2,45,741,7346,883,112,112
msg,2,46,740,25917,877,112,112
msg,2,47,739,5532,883,112,112
msg,2,48,741,6065,877,112,112
msg,2,49,736,9035,881,112,112
msg,2,50,731,5594,1412,112,112
msg,2,51,766,5684,884,112,112
msg,2,52,734,5567,882,112,112
msg,2,53,734,5538,887,112,112
msg,2,54,743,6993,879,112,112
msg,2,55,736,5932,873,112,112
msg,2,56,688,23914,879,112,112
msg,2,57,824,5968,886,112,112
msg,2,58,732,5508,847,112,112
msg,2,59,697,5930,880,112,112
msg,2,60,738,7041,886,112,112
msg,2,61,740,7263,1008,112,112
msg,2,62,704,5578,879,112,112
msg,2,63,738,5484,886,112,112
msg,2,64,737,6016,881,112,112
msg,2,65,744,6944,874,112,112
msg,2,66,740,5665,884,112,112
msg,2,67,727,26412,850,112,112
msg,2,68,703,6080,877,112,112
msg,2,69,703,5519,882,112,112
msg,2,70,738,6201,877,112,112
msg,2,71,737,5657,882,112,112
msg,2,72,885,5992,881,112,112
msg,2,73,733,5922,887,112,112
msg,2,74,744,6444,879,112,112
msg,2,75,721,5782,884,112,112
msg,2,76,729,6968,881,112,112
msg,2,77,845,25455,889,112,112
msg,2,78,737,6248,879,112,112
msg,2,79,740,5681,873,112,112
msg,2,80,737,9396,883,112,112
msg,2,81,740,5647,881,112,112
msg,2,82,707,5827,889,112,112
msg,2,83,750,5829,872,112,112
msg,2,84,725,5788,880,112,112
msg,2,85,735,6151,876,112,112
msg,2,86,734,7189,878,112,112
msg,2,87,738,34648,876,112,112
msg,2,88,737,5738,890,112,112
msg,2,89,702,8802,882,112,112
msg,2,90,743,5618,877,112,112
msg,2,91,693,5778,878,112,112
msg,2,92,740,5893,882,112,112
msg,2,93,835,6890,846,112,112
msg,2,94,704,5614,883,112,112
msg,2,95,731,5615,880,112,112
msg,2,96,701,24039,888,112,112
msg,2,97,727,5688,879,112,112
msg,2,98,729,5647,887,112,112
msg,2,99,738,6025,888,112,112
msg,2,100,732,7287,875,112,112
msg,2,101,737,6685,878,112,112
msg,2,102,738,5597,883,112,112
msg,2,103,737,6629,872,112,112
msg,2,104,733,5608,882,112,112
msg,2,105,741,8231,878,112,112
msg,2,106,746,5622,847,112,112
msg,2,107,718,25253,874,112,112
msg,2,108,743,6027,846,112,112
msg,2,109,701,5634,884,112,112
msg,2,110,732,6407,884,112,112
msg,2,111,734,5869,879,112,112
msg,2,112,749,5759,877,112,112
msg,2,113,700,7888,886,112,112
msg,2,114,733,5853,878,112,112
msg,2,115,742,6019,873,112,112
msg,2,116,739,6032,850,112,112
msg,2,117,696,25280,850,112,112
msg,2,118,696,5759,891,112,112
msg,2,119,741,6716,883,112,112
msg,2,120,739,8524,883,112,112
msg,2,121,738,5959,888,112,112
msg,2,122,743,5605,884,112,112
msg,2,123,729,6648,877,112,112
msg,2,124,737,5718,881,112,112
msg,2,125,728,6134,885,112,112
msg,2,126,732,7309,876,112,112
msg,2,127,706,25251,845,112,112
msg,2,128,707,5588,876,112,112
msg,2,129,735,6909,851,112,112
msg,2,130,707,8037,877,112,112
msg,2,131,709,5838,884,112,112
msg,2,132,743,5499,975,112,112
msg,2,133,706,6734,891,112,112
msg,2,134,750,5760,879,112,112
msg,2,135,735,6473,881,112,112
msg,2,136,738,7044,879,112,112
msg,2,137,741,29484,895,112,112
msg,2,138,738,5607,867,112,112
msg,2,139,709,5691,1030,112,112
msg,2,140,748,6632,880,112,112
msg,2,141,733,5803,883,112,112
msg,2,142,699,5814,880,112,112
msg,2,143,748,5734,848,112,112
msg,2,144,701,6630,979,112,112
msg,2,145,737,6088,884,112,112
msg,2,146,740,7817,873,112,112
msg,2,147,696,23915,879,112,112
msg,2,148,736,5906,881,112,112
msg,2,149,750,5770,876,112,112
msg,2,150,878,6723,881,112,112
msg,2,151,703,5800,882,112,112
msg,2,152,744,6158,876,112,112
msg,2,153,739,5684,844,112,112
msg,2,154,700,6138,877,112,112
msg,2,155,704,6165,886,112,112
msg,2,156,711,5695,880,112,112
msg,2,157,730,5600,887,112,112
msg,2,158,738,26171,882,112,112
msg,2,159,729,6122,886,112,112
msg,2,160,741,5589,880,112,112
msg,2,161,749,8323,880,112,112
msg,2,162,735,6573,882,112,112
msg,2,163,729,6761,880,112,112
msg,2,164,735,5642,969,112,112
msg,2,165,701,6299,851,112,112
msg,2,166,706,5733,885,112,112
msg,2,167,740,6314,885,112,112
msg,2,168,742,25926,885,112,112
msg,2,169,742,5668,849,112,112
msg,2,170,748,6264,879,112,112
msg,2,171,737,5643,892,112,112
msg,2,172,735,5921,881,112,112
msg,2,173,739,7197,885,112,112
msg,2,174,741,5806,968,112,112
msg,2,175,743,6208,878,112,112
msg,2,176,736,7836,881,112,112
msg,2,177,703,5668,876,112,112
msg,2,178,739,24001,881,112,112
msg,2,179,731,5477,888,112,112
msg,2,180,842,6403,879,112,112
msg,2,181,712,7872,884,112,112
msg,2,182,738,5820,880,112,112
msg,2,183,746,5654,889,112,112
msg,2,184,730,5663,879,112,112
msg,2,185,832,5609,886,112,112
msg,2,186,742,6110,884,112,112
msg,2,187,731,5646,871,112,112
msg,2,188,742,29378,879,112,112
msg,2,189,743,5828,847,112,112
msg,2,190,706,6128,849,112,112
msg,2,191,702,9033,974,112,112
msg,2,192,702,6055,882,112,112
msg,2,193,732,5530,866,112,112
msg,2,194,703,5727,885,112,112
msg,2,195,737,5915,874,112,112
msg,2,196,735,6673,874,112,112
msg,2,197,705,5615,883,112,112
msg,2,198,731,27276,887,112,112
msg,2,199,741,5740,853,112,112
whole,2,11695.228,13704.308,200
#heap 30746
#stack 79304
#end
#block pipeline mTLS lorawan11 down
#aead LoRaWAN-1.1 AES-128-CTR+2xCMAC (BearSSL (arduino-pico)), downlink, 51 B payload + 13 B overhead
#lib wolfSSL 5.9.4
iter,tcp_ms,tls_ms,mqtt_ms,total_ms,hs_tx_B,hs_rx_B,mqtt_tx_B,mqtt_rx_B,hs_writes,hs_reads,writes,reads,free_heap_B,hs_keygen_us,hs_derive_us,hs_verify_us,hs_sign_us,hs_keygen_n,hs_derive_n,hs_verify_n,hs_sign_n
msg,iter,idx,seal_us,rtt_us,open_us,tx_B,rx_B
whole,iter,first_ms,all_ms,msgs
#suite TLS13-AES256-GCM-SHA384
0,4.3660,11616.9300,72.4150,11693.7110,5625,5703,45,7736,4,14,5,20,85072,66146.0,71792.0,6847241.0,4514914.0,2,2,2,1
msg,0,0,615,5637,612,112,112
msg,0,1,477,6177,580,112,112
msg,0,2,444,6159,611,112,112
msg,0,3,452,5783,612,112,112
msg,0,4,451,6223,578,112,112
msg,0,5,535,5798,576,112,112
msg,0,6,445,25798,577,112,112
msg,0,7,441,5843,607,112,112
msg,0,8,439,5650,602,112,112
msg,0,9,442,8350,578,112,112
msg,0,10,484,6290,610,112,112
msg,0,11,441,5710,610,112,112
msg,0,12,445,5623,606,112,112
msg,0,13,443,5682,579,112,112
msg,0,14,444,5910,610,112,112
msg,0,15,445,5930,613,112,112
msg,0,16,480,6913,606,112,112
msg,0,17,482,22577,610,112,112
msg,0,18,479,6025,576,112,112
msg,0,19,454,6834,605,112,112
msg,0,20,436,28552,580,112,112
msg,0,21,448,6398,607,112,112
msg,0,22,485,6110,576,112,112
msg,0,23,446,6607,574,112,112
msg,0,24,443,5973,608,112,112
msg,0,25,435,31213,596,112,112
msg,0,26,473,6688,608,112,112
msg,0,27,472,5602,608,112,112
msg,0,28,488,6551,607,112,112
msg,0,29,447,6269,575,112,112
msg,0,30,443,6057,611,112,112
msg,0,31,448,6248,580,112,112
msg,0,32,486,6070,576,112,112
msg,0,33,434,6746,575,112,112
msg,0,34,452,5575,577,112,112
msg,0,35,442,23966,609,112,112
msg,0,36,441,6661,576,112,112
msg,0,37,443,7268,609,112,112
msg,0,38,476,5460,605,112,112
msg,0,39,443,7074,607,112,112
msg,0,40,473,7087,576,112,112
msg,0,41,446,7326,601,112,112
msg,0,42,474,6350,612,112,112
msg,0,43,440,6424,578,112,112
msg,0,44,443,6301,610,112,112
msg,0,45,481,7660,611,112,112
msg,0,46,478,24068,573,112,112
msg,0,47,599,6222,607,112,112
msg,0,48,478,7745,611,112,112
msg,0,49,468,9091,576,112,112
msg,0,50,454,6630,577,112,112
msg,0,51,446,7195,611,112,112
msg,0,52,442,7355,579,112,112
msg,0,53,443,5722,575,112,112
msg,0,54,451,5769,580,112,112
msg,0,55,450,5601,578,112,112
msg,0,56,483,28089,609,112,112
msg,0,57,436,6161,611,112,112
msg,0,58,479,5682,603,112,112
msg,0,59,477,5454,610,112,112
msg,0,60,437,5977,606,112,112
msg,0,61,479,5597,607,112,112
msg,0,62,483,5925,579,112,112
msg,0,63,473,5994,577,112,112
msg,0,64,441,5623,579,112,112
msg,0,65,443,8043,614,112,112
msg,0,66,457,7773,612,112,112
msg,0,67,436,34021,609,112,112
msg,0,68,479,6397,612,112,112
msg,0,69,446,9488,578,112,112
msg,0,70,443,5604,576,112,112
msg,0,71,437,5957,580,112,112
msg,0,72,447,5917,612,112,112
msg,0,73,446,6100,605,112,112
msg,0,74,484,6344,604,112,112
msg,0,75,450,7433,572,112,112
msg,0,76,448,5803,578,112,112
msg,0,77,445,25722,578,112,112
msg,0,78,443,6022,609,112,112
msg,0,79,444,5728,611,112,112
msg,0,80,442,7933,609,112,112
msg,0,81,477,6208,577,112,112
msg,0,82,449,6488,578,112,112
msg,0,83,475,6766,577,112,112
msg,0,84,478,6415,607,112,112
msg,0,85,478,7278,576,112,112
msg,0,86,443,6195,612,112,112
msg,0,87,478,26629,613,112,112
msg,0,88,472,6488,612,112,112
msg,0,89,451,5788,607,112,112
msg,0,90,443,10770,613,112,112
msg,0,91,473,5913,612,112,112
msg,0,92,472,5808,579,112,112
msg,0,93,481,6290,614,112,112
msg,0,94,443,5960,612,112,112
msg,0,95,478,6053,575,112,112
msg,0,96,443,7835,578,112,112
msg,0,97,443,28225,613,112,112
msg,0,98,478,6468,617,112,112
msg,0,99,534,5673,611,112,112
msg,0,100,439,5800,613,112,112
msg,0,101,436,6698,612,112,112
msg,0,102,446,8394,576,112,112
msg,0,103,446,5861,577,112,112
msg,0,104,450,6269,606,112,112
msg,0,105,478,6530,612,112,112
msg,0,106,476,6400,612,112,112
msg,0,107,454,6360,576,112,112
msg,0,108,471,26717,578,112,112
msg,0,109,479,6226,610,112,112
msg,0,110,436,5943,614,112,112
msg,0,111,468,7741,613,112,112
msg,0,112,465,6817,607,112,112
msg,0,113,637,5799,577,112,112
msg,0,114,448,6424,605,112,112
msg,0,115,487,6106,575,112,112
msg,0,116,452,7137,614,112,112
msg,0,117,439,5857,606,112,112
msg,0,118,480,24465,610,112,112
msg,0,119,437,5780,610,112,112
msg,0,120,440,5890,615,112,112
msg,0,121,484,5682,612,112,112
msg,0,122,476,7337,602,112,112
msg,0,123,457,6241,610,112,112
msg,0,124,486,6454,618,112,112
msg,0,125,441,6545,611,112,112
msg,0,126,448,5893,615,112,112
msg,0,127,444,6390,577,112,112
msg,0,128,447,6007,609,112,112
msg,0,129,448,5869,611,112,112
msg,0,130,478,22372,699,112,112
msg,0,131,438,6775,611,112,112
msg,0,132,449,6413,575,112,112
msg,0,133,444,8430,607,112,112
msg,0,134,471,5810,578,112,112
msg,0,135,484,5866,577,112,112
msg,0,136,450,5652,578,112,112
msg,0,137,450,5888,577,112,112
msg,0,138,450,5725,578,112,112
msg,0,139,448,6191,610,112,112
msg,0,140,478,6013,579,112,112
msg,0,141,442,32267,613,112,112
msg,0,142,458,5847,607,112,112
msg,0,143,469,5442,614,112,112
msg,0,144,439,6673,613,112,112
msg,0,145,1065,6119,606,112,112
msg,0,146,443,5771,614,112,112
msg,0,147,443,5859,618,112,112
msg,0,148,474,6593,610,112,112
msg,0,149,439,7046,610,112,112
msg,0,150,483,6361,612,112,112
msg,0,151,435,24707,617,112,112
msg,0,152,444,5709,608,112,112
msg,0,153,442,6059,610,112,112
msg,0,154,485,6167,579,112,112
msg,0,155,446,6183,611,112,112
msg,0,156,474,6492,603,112,112
msg,0,157,445,6784,612,112,112
msg,0,158,436,7228,577,112,112
msg,0,159,484,6354,616,112,112
msg,0,160,478,6264,577,112,112
msg,0,161,451,5727,751,112,112
msg,0,162,447,26322,577,112,112
msg,0,163,475,6197,606,112,112
msg,0,164,448,6267,579,112,112
msg,0,165,471,8169,607,112,112
msg,0,166,450,5895,608,112,112
msg,0,167,451,5643,614,112,112
msg,0,168,445,5481,576,112,112
msg,0,169,441,7040,614,112,112
msg,0,170,437,5785,607,112,112
msg,0,171,450,6859,610,112,112
msg,0,172,473,5872,611,112,112
msg,0,173,494,24100,576,112,112
msg,0,174,447,6233,607,112,112
msg,0,175,476,5709,601,112,112
msg,0,176,481,10488,612,112,112
msg,0,177,437,5526,710,112,112
msg,0,178,444,5650,610,112,112
msg,0,179,440,5468,579,112,112
msg,0,180,440,5576,577,112,112
msg,0,181,484,5958,579,112,112
msg,0,182,442,5954,612,112,112
msg,0,183,444,5698,612,112,112
msg,0,184,443,29602,578,112,112
msg,0,185,438,5711,578,112,112
msg,0,186,441,5630,575,112,112
msg,0,187,446,7380,608,112,112
msg,0,188,485,5691,611,112,112
msg,0,189,474,5539,621,112,112
msg,0,190,482,6389,608,112,112
msg,0,191,545,5813,615,112,112
msg,0,192,444,6362,580,112,112
msg,0,193,444,7009,614,112,112
msg,0,194,441,5695,614,112,112
msg,0,195,439,22772,609,112,112
msg,0,196,438,6093,608,112,112
msg,0,197,479,5737,608,112,112
msg,0,198,466,5786,576,112,112
msg,0,199,476,6193,607,112,112
whole,0,11707.864,13641.702,200
1,5.3790,11607.6870,154.3270,11767.3930,5625,5703,45,7736,4,14,5,20,85072,66241.0,71399.0,6841582.0,4527446.0,2,2,2,1
msg,1,0,581,6232,578,112,112
msg,1,1,482,6890,578,112,112
msg,1,2,442,7502,579,112,112
msg,1,3,572,8328,614,112,112
msg,1,4,473,5574,610,112,112
msg,1,5,441,23188,575,112,112
msg,1,6,479,8615,606,112,112
msg,1,7,484,6919,579,112,112
msg,1,8,448,10273,604,112,112
msg,1,9,479,5432,609,112,112
msg,1,10,443,6363,578,112,112
msg,1,11,481,5382,614,112,112
msg,1,12,483,5532,616,112,112
msg,1,13,444,5851,615,112,112
msg,1,14,484,7454,610,112,112
msg,1,15,451,5690,610,112,112
msg,1,16,450,32944,608,112,112
msg,1,17,454,6243,576,112,112
msg,1,18,446,8476,607,112,112
msg,1,19,479,7110,577,112,112
msg,1,20,441,5893,613,112,112
msg,1,21,448,6185,607,112,112
msg,1,22,478,5479,617,112,112
msg,1,23,481,8315,577,112,112
msg,1,24,461,6999,613,112,112
msg,1,25,435,31022,601,112,112
msg,1,26,476,6063,577,112,112
msg,1,27,451,5858,577,112,112
msg,1,28,444,7488,575,112,112
msg,1,29,479,8230,609,112,112
msg,1,30,440,5570,600,112,112
msg,1,31,444,6011,611,112,112
msg,1,32,480,6549,610,112,112
msg,1,33,437,6040,610,112,112
msg,1,34,482,6679,611,112,112
msg,1,35,472,23023,579,112,112
msg,1,36,444,6004,607,112,112
msg,1,37,438,6722,607,112,112
msg,1,38,448,7519,677,112,112
msg,1,39,444,7124,618,112,112
msg,1,40,479,6760,612,112,112
msg,1,41,487,6310,605,112,112
msg,1,42,447,5949,612,112,112
msg,1,43,435,5723,613,112,112
msg,1,44,436,7446,578,112,112
msg,1,45,443,6206,609,112,112
msg,1,46,475,26704,612,112,112
msg,1,47,491,7027,578,112,112
msg,1,48,479,6204,615,112,112
msg,1,49,444,7588,610,112,112
msg,1,50,445,5952,611,112,112
msg,1,51,472,5410,615,112,112
msg,1,52,444,6765,615,112,112
msg,1,53,439,5674,609,112,112
msg,1,54,441,7262,578,112,112
msg,1,55,479,6306,615,112,112
msg,1,56,452,5642,759,112,112
msg,1,57,447,27837,616,112,112
msg,1,58,481,7119,575,112,112
msg,1,59,449,6422,606,112,112
msg,1,60,472,7082,578,112,112
msg,1,61,447,5516,663,112,112
msg,1,62,464,5661,575,112,112
msg,1,63,475,5714,574,112,112
msg,1,64,483,5563,608,112,112
msg,1,65,472,6832,576,112,112
msg,1,66,489,5441,616,112,112
msg,1,67,482,5392,608,112,112
msg,1,68,434,30549,579,112,112
msg,1,69,446,6413,603,112,112
msg,1,70,471,6266,609,112,112
msg,1,71,437,5702,616,112,112
msg,1,72,1073,5572,608,112,112
msg,1,73,473,5935,577,112,112
msg,1,74,448,6350,611,112,112
msg,1,75,474,5516,611,112,112
msg,1,76,443,5648,607,112,112
msg,1,77,447,7091,604,112,112
msg,1,78,476,29658,602,112,112
msg,1,79,471,6980,575,112,112
msg,1,80,478,5657,577,112,112
msg,1,81,476,6677,577,112,112
msg,1,82,479,5883,579,112,112
msg,1,83,444,5677,574,112,112
msg,1,84,486,7183,610,112,112
msg,1,85,438,6131,608,112,112
msg,1,86,478,5606,607,112,112
msg,1,87,478,5843,576,112,112
msg,1,88,482,5540,608,112,112
msg,1,89,481,25884,577,112,112
msg,1,90,482,7558,610,112,112
msg,1,91,479,5710,601,112,112
msg,1,92,476,6630,611,112,112
msg,1,93,477,6088,575,112,112
msg,1,94,447,6620,577,112,112
msg,1,95,489,6807,576,112,112
msg,1,96,442,5969,608,112,112
msg,1,97,544,7250,576,112,112
msg,1,98,492,5986,575,112,112
msg,1,99,446,27857,611,112,112
msg,1,100,440,6353,578,112,112
msg,1,101,475,5644,603,112,112
msg,1,102,478,6039,579,112,112
msg,1,103,447,5834,601,112,112
msg,1,104,446,5569,580,112,112
msg,1,105,442,5951,612,112,112
msg,1,106,435,6649,573,112,112
msg,1,107,450,6041,611,112,112
msg,1,108,451,5772,762,112,112
msg,1,109,483,5605,608,112,112
msg,1,110,470,28968,573,112,112
msg,1,111,469,6970,578,112,112
msg,1,112,450,5687,580,112,112
msg,1,113,445,8797,580,112,112
msg,1,114,443,5690,577,112,112
msg,1,115,443,5993,608,112,112
msg,1,116,437,5928,610,112,112
msg,1,117,476,5864,609,112,112
msg,1,118,471,5563,609,112,112
msg,1,119,476,5901,606,112,112
msg,1,120,482,5590,613,112,112
msg,1,121,482,29815,606,112,112
msg,1,122,475,5981,578,112,112
msg,1,123,437,5891,1143,112,112
msg,1,124,499,6040,576,112,112
msg,1,125,444,6140,612,112,112
msg,1,126,474,6518,606,112,112
msg,1,127,448,5815,611,112,112
msg,1,128,444,6571,608,112,112
msg,1,129,441,5731,610,112,112
msg,1,130,449,5810,608,112,112
msg,1,131,442,5592,578,112,112
msg,1,132,442,26113,612,112,112
msg,1,133,476,5820,608,112,112
msg,1,134,477,5503,619,112,112
msg,1,135,478,7338,578,112,112
msg,1,136,445,6050,613,112,112
msg,1,137,444,5821,610,112,112
msg,1,138,476,6445,614,112,112
msg,1,139,448,5622,579,112,112
msg,1,140,447,5880,612,112,112
msg,1,141,448,5875,608,112,112
msg,1,142,473,5901,605,112,112
msg,1,143,477,24355,611,112,112
msg,1,144,440,5945,611,112,112
msg,1,145,475,5898,606,112,112
msg,1,146,472,6230,612,112,112
msg,1,147,440,5639,580,112,112
msg,1,148,445,6227,604,112,112
msg,1,149,483,6359,610,112,112
msg,1,150,445,7098,603,112,112
msg,1,151,477,5829,576,112,112
msg,1,152,480,6032,575,112,112
msg,1,153,444,6754,577,112,112
msg,1,154,444,28848,603,112,112
msg,1,155,440,7486,575,112,112
msg,1,156,440,6564,576,112,112
msg,1,157,474,6838,580,112,112
msg,1,158,447,5695,576,112,112
msg,1,159,473,5701,578,112,112
msg,1,160,443,6197,613,112,112
msg,1,161,442,7062,606,112,112
msg,1,162,472,6217,611,112,112
msg,1,163,449,5825,611,112,112
msg,1,164,443,29569,600,112,112
msg,1,165,452,6047,612,112,112
msg,1,166,484,6105,578,112,112
msg,1,167,451,6430,607,112,112
msg,1,168,478,5464,610,112,112
msg,1,169,440,5726,610,112,112
msg,1,170,438,6699,614,112,112
msg,1,171,438,5874,607,112,112
msg,1,172,466,5547,608,112,112
msg,1,173,441,6012,610,112,112
msg,1,174,474,6769,607,112,112
msg,1,175,475,34580,610,112,112
msg,1,176,480,5967,580,112,112
msg,1,177,479,9250,612,112,112
msg,1,178,444,5716,614,112,112
msg,1,179,429,5924,613,112,112
msg,1,180,473,6098,669,112,112
msg,1,181,449,6047,607,112,112
msg,1,182,437,5977,611,112,112
msg,1,183,470,9304,577,112,112
msg,1,184,439,28056,614,112,112
msg,1,185,474,6736,609,112,112
msg,1,186,483,6498,608,112,112
msg,1,187,439,9851,721,112,112
msg,1,188,473,5690,609,112,112
msg,1,189,478,5668,611,112,112
msg,1,190,471,6121,575,112,112
msg,1,191,447,5918,578,112,112
msg,1,192,444,5651,578,112,112
msg,1,193,442,6181,611,112,112
msg,1,194,475,5652,611,112,112
msg,1,195,442,23635,607,112,112
msg,1,196,434,6254,577,112,112
msg,1,197,475,6980,577,112,112
msg,1,198,446,6603,578,112,112
msg,1,199,447,5859,580,112,112
whole,1,11781.685,13717.878,200
2,5.3660,11600.1320,52.6310,11658.1290,5625,5703,45,7736,4,14,5,20,85072,66333.0,71501.0,6844339.0,4518779.0,2,2,2,1
msg,2,0,579,6170,576,112,112
msg,2,1,484,6692,577,112,112
msg,2,2,479,7036,578,112,112
msg,2,3,439,6103,616,112,112
msg,2,4,473,5872,607,112,112
msg,2,5,479,6060,578,112,112
msg,2,6,440,23246,612,112,112
msg,2,7,480,5484,606,112,112
msg,2,8,454,6042,601,112,112
msg,2,9,491,5563,609,112,112
msg,2,10,477,8003,576,112,112
msg,2,11,476,6939,576,112,112
msg,2,12,449,5653,577,112,112
msg,2,13,447,5503,606,112,112
msg,2,14,478,5640,608,112,112
msg,2,15,479,5985,577,112,112
msg,2,16,454,6876,579,112,112
msg,2,17,438,5876,612,112,112
msg,2,18,437,26788,616,112,112
msg,2,19,435,5911,608,112,112
msg,2,20,474,5672,611,112,112
msg,2,21,472,7917,608,112,112
msg,2,22,477,5703,606,112,112
msg,2,23,476,5676,605,112,112
msg,2,24,470,7388,613,112,112
msg,2,25,446,6469,579,112,112
msg,2,26,448,7126,611,112,112
msg,2,27,472,7948,604,112,112
msg,2,28,476,28727,687,112,112
msg,2,29,483,6890,580,112,112
msg,2,30,445,5781,576,112,112
msg,2,31,446,6991,613,112,112
msg,2,32,433,20958,611,112,112
msg,2,33,475,6590,613,112,112
msg,2,34,436,7100,578,112,112
msg,2,35,481,5794,579,112,112
msg,2,36,483,26647,576,112,112
msg,2,37,484,8219,616,112,112
msg,2,38,441,7059,607,112,112
msg,2,39,472,8421,609,112,112
msg,2,40,438,5716,706,112,112
msg,2,41,444,5479,610,112,112
msg,2,42,440,6518,576,112,112
msg,2,43,442,6216,617,112,112
msg,2,44,441,5931,608,112,112
msg,2,45,480,5511,613,112,112
msg,2,46,478,6203,575,112,112
msg,2,47,445,27946,576,112,112
msg,2,48,450,5774,615,112,112
msg,2,49,446,5692,604,112,112
msg,2,50,447,7042,614,112,112
msg,2,51,473,5609,609,112,112
msg,2,52,437,5608,611,112,112
msg,2,53,445,6594,579,112,112
msg,2,54,448,6022,612,112,112
msg,2,55,437,5946,610,112,112
msg,2,56,473,6770,611,112,112
msg,2,57,469,70557,616,112,112
msg,2,58,484,21937,579,112,112
msg,2,59,486,5967,576,112,112
msg,2,60,442,6460,579,112,112
msg,2,61,481,36478,698,112,112
msg,2,62,474,11207,577,112,112
msg,2,63,441,6474,664,112,112
msg,2,64,447,5991,605,112,112
msg,2,65,437,6861,612,112,112
msg,2,66,442,6917,617,112,112
msg,2,67,475,5565,613,112,112
msg,2,68,441,5749,618,112,112
msg,2,69,446,5519,609,112,112
msg,2,70,435,25798,615,112,112
msg,2,71,440,5830,613,112,112
msg,2,72,443,5885,613,112,112
msg,2,73,480,8041,577,112,112
msg,2,74,480,5670,578,112,112
msg,2,75,478,5518,603,112,112
msg,2,76,477,6221,575,112,112
msg,2,77,447,5653,578,112,112
msg,2,78,441,6113,617,112,112
msg,2,79,498,5788,580,112,112
msg,2,80,451,6021,616,112,112
msg,2,81,441,26346,576,112,112
msg,2,82,453,6073,618,112,112
msg,2,83,446,5596,614,112,112
msg,2,84,446,9025,610,112,112
msg,2,85,473,5578,617,112,112
msg,2,86,439,5556,709,112,112
msg,2,87,447,8426,579,112,112
msg,2,88,443,5954,606,112,112
msg,2,89,437,5947,610,112,112
msg,2,90,438,6164,578,112,112
msg,2,91,474,24088,612,112,112
msg,2,92,441,6562,578,112,112
msg,2,93,455,5889,608,112,112
msg,2,94,439,5605,575,112,112
msg,2,95,445,7727,677,112,112
msg,2,96,450,5994,613,112,112
msg,2,97,445,5615,610,112,112
msg,2,98,440,5847,611,112,112
msg,2,99,444,6781,611,112,112
msg,2,100,475,6488,613,112,112
msg,2,101,440,5931,616,112,112
msg,2,102,471,29094,576,112,112
msg,2,103,486,6516,608,112,112
msg,2,104,486,5693,610,112,112
msg,2,105,485,5752,607,112,112
msg,2,106,471,5684,607,112,112
msg,2,107,470,5565,613,112,112
msg,2,108,481,6672,614,112,112
msg,2,109,644,6252,608,112,112
msg,2,110,442,5774,610,112,112
msg,2,111,444,7904,616,112,112
msg,2,112,467,6216,576,112,112
msg,2,113,440,28451,600,112,112
msg,2,114,484,5745,606,112,112
msg,2,115,487,5806,578,112,112
msg,2,116,483,8163,609,112,112
msg,2,117,439,5699,615,112,112
msg,2,118,451,5890,615,112,112
msg,2,119,443,5890,612,112,112
msg,2,120,481,5507,612,112,112
msg,2,121,436,5520,578,112,112
msg,2,122,538,5673,611,112,112
msg,2,123,441,5690,578,112,112
msg,2,124,440,26519,577,112,112
msg,2,125,443,6259,620,112,112
msg,2,126,469,6266,576,112,112
msg,2,127,447,8747,581,112,112
msg,2,128,437,5796,577,112,112
msg,2,129,440,5920,613,112,112
msg,2,130,438,5953,612,112,112
msg,2,131,476,5880,607,112,112
msg,2,132,481,5813,576,112,112
msg,2,133,475,5545,608,112,112
msg,2,134,479,5522,610,112,112
msg,2,135,440,33940,608,112,112
msg,2,136,481,6309,615,112,112
msg,2,137,449,8565,612,112,112
msg,2,138,456,6052,615,112,112
msg,2,139,474,5692,615,112,112
msg,2,140,471,5587,619,112,112
msg,2,141,445,5682,611,112,112
msg,2,142,438,5761,614,112,112
msg,2,143,449,7525,614,112,112
msg,2,144,449,5691,693,112,112
msg,2,145,453,23648,614,112,112
msg,2,146,447,5726,605,112,112
msg,2,147,439,5969,616,112,112
msg,2,148,474,5772,607,112,112
msg,2,149,486,5602,613,112,112
msg,2,150,477,5870,605,112,112
msg,2,151,481,5631,609,112,112
msg,2,152,481,6868,578,112,112
msg,2,153,482,5552,614,112,112
msg,2,154,488,5431,614,112,112
msg,2,155,443,5940,612,112,112
msg,2,156,481,5446,611,112,112
msg,2,157,445,18958,612,112,112
msg,2,158,486,5837,606,112,112
msg,2,159,472,6621,608,112,112
msg,2,160,477,5428,602,112,112
msg,2,161,441,6854,609,112,112
msg,2,162,472,6042,578,112,112
msg,2,163,478,5731,575,112,112
msg,2,164,482,5613,606,112,112
msg,2,165,475,5511,609,112,112
msg,2,166,474,5529,615,112,112
msg,2,167,444,6266,576,112,112
msg,2,168,467,6019,604,112,112
msg,2,169,444,28379,576,112,112
msg,2,170,478,5445,694,112,112
msg,2,171,482,5712,606,112,112
msg,2,172,471,7361,609,112,112
msg,2,173,446,5984,610,112,112
msg,2,174,471,5831,607,112,112
msg,2,175,470,5570,614,112,112
msg,2,176,479,5540,614,112,112
msg,2,177,434,5627,618,112,112
msg,2,178,440,5705,611,112,112
msg,2,179,442,5767,610,112,112
msg,2,180,444,28892,614,112,112
msg,2,181,472,5470,613,112,112
msg,2,182,441,5756,705,112,112
msg,2,183,443,7517,609,112,112
msg,2,184,438,5731,609,112,112
msg,2,185,450,6187,613,112,112
msg,2,186,478,6037,578,112,112
msg,2,187,454,5838,577,112,112
msg,2,188,439,5817,611,112,112
msg,2,189,443,6390,579,112,112
msg,2,190,474,5715,576,112,112
msg,2,191,487,27573,607,112,112
msg,2,192,474,5480,614,112,112
msg,2,193,479,5607,701,112,112
msg,2,194,476,7744,609,112,112
msg,2,195,479,5639,610,112,112
msg,2,196,470,5761,610,112,112
msg,2,197,471,6582,609,112,112
msg,2,198,444,5785,613,112,112
msg,2,199,477,5895,604,112,112
whole,2,11672.992,13645.729,200
#heap 30746
#stack 79360
#end
#block pipeline mTLS lorawan11_256 up
#aead AES-256-CTR+2xCMAC (LoRaWAN 1.1 frame, 256-bit keys) (BearSSL (arduino-pico)), uplink, 51 B payload + 13 B overhead
#lib wolfSSL 5.9.4
iter,tcp_ms,tls_ms,mqtt_ms,total_ms,hs_tx_B,hs_rx_B,mqtt_tx_B,mqtt_rx_B,hs_writes,hs_reads,writes,reads,free_heap_B,hs_keygen_us,hs_derive_us,hs_verify_us,hs_sign_us,hs_keygen_n,hs_derive_n,hs_verify_n,hs_sign_n
msg,iter,idx,seal_us,rtt_us,open_us,tx_B,rx_B
whole,iter,first_ms,all_ms,msgs
#suite TLS13-AES256-GCM-SHA384
0,4.6340,11604.8270,128.0720,11737.5330,5625,5703,45,7736,4,14,5,20,85072,66328.0,71405.0,6843207.0,4521710.0,2,2,2,1
msg,0,0,1115,5642,1107,112,112
msg,0,1,971,5886,1119,112,112
msg,0,2,969,5607,1113,112,112
msg,0,3,962,5836,1108,112,112
msg,0,4,968,6984,1116,112,112
msg,0,5,971,24632,1119,112,112
msg,0,6,976,5553,1118,112,112
msg,0,7,973,5507,1120,112,112
msg,0,8,956,7280,1094,112,112
msg,0,9,967,5802,1108,112,112
msg,0,10,980,5705,1107,112,112
msg,0,11,974,6133,1116,112,112
msg,0,12,966,5692,1117,112,112
msg,0,13,970,5528,1119,112,112
msg,0,14,962,5542,1111,112,112
msg,0,15,972,34147,1117,112,112
msg,0,16,957,5804,1127,112,112
msg,0,17,963,6963,1107,112,112
msg,0,18,974,6040,1117,112,112
msg,0,19,960,5581,1115,112,112
msg,0,20,970,6200,1128,112,112
msg,0,21,966,6671,1126,112,112
msg,0,22,1064,5938,1110,112,112
msg,0,23,970,5813,1107,112,112
msg,0,24,973,27321,1119,112,112
msg,0,25,970,6272,1111,112,112
msg,0,26,968,5565,1110,112,112
msg,0,27,965,7284,1127,112,112
msg,0,28,975,5757,1598,112,112
msg,0,29,988,5650,1111,112,112
msg,0,30,966,5560,1114,112,112
msg,0,31,974,5759,1111,112,112
msg,0,32,975,6147,1121,112,112
msg,0,33,968,5484,1209,112,112
msg,0,34,963,24960,1113,112,112
msg,0,35,963,6698,1120,112,112
msg,0,36,968,6002,1109,112,112
msg,0,37,976,5948,1117,112,112
msg,0,38,962,5698,1118,112,112
msg,0,39,978,5740,1114,112,112
msg,0,40,964,5532,1109,112,112
msg,0,41,961,5767,1111,112,112
msg,0,42,979,5558,1116,112,112
msg,0,43,968,5880,1107,112,112
msg,0,44,966,27917,1118,112,112
msg,0,45,935,6262,1093,112,112
msg,0,46,973,6399,1115,112,112
msg,0,47,974,5727,1127,112,112
msg,0,48,965,5857,1095,112,112
msg,0,49,965,5477,1114,112,112
msg,0,50,964,5680,1112,112,112
msg,0,51,970,5521,1109,112,112
msg,0,52,966,5567,1110,112,112
msg,0,53,961,5728,1108,112,112
msg,0,54,965,22835,1193,112,112
msg,0,55,937,6932,1270,112,112
msg,0,56,966,5763,1101,112,112
msg,0,57,980,8329,1116,112,112
msg,0,58,1064,5459,1113,112,112
msg,0,59,964,5548,1104,112,112
msg,0,60,970,5642,1111,112,112
msg,0,61,975,5565,1109,112,112
msg,0,62,970,6904,1115,112,112
msg,0,63,972,5545,1109,112,112
msg,0,64,974,29637,1248,112,112
msg,0,65,972,6816,1115,112,112
msg,0,66,970,8780,1209,112,112
msg,0,67,959,5512,1110,112,112
msg,0,68,961,5633,1106,112,112
msg,0,69,971,7593,1112,112,112
msg,0,70,966,5581,1103,112,112
msg,0,71,970,5548,1092,112,112
msg,0,72,961,5969,1209,112,112
msg,0,73,979,25711,1110,112,112
msg,0,74,967,5841,1114,112,112
msg,0,75,957,6251,1099,112,112
msg,0,76,964,5967,1107,112,112
msg,0,77,975,5501,1097,112,112
msg,0,78,964,8095,1107,112,112
msg,0,79,960,5930,1109,112,112
msg,0,80,937,5827,1114,112,112
msg,0,81,964,7375,1109,112,112
msg,0,82,956,27320,1094,112,112
msg,0,83,971,6438,1109,112,112
msg,0,84,959,6461,1115,112,112
msg,0,85,971,8077,1123,112,112
msg,0,86,956,5519,1113,112,112
msg,0,87,965,6059,1087,112,112
msg,0,88,968,5596,1118,112,112
msg,0,89,966,5471,1119,112,112
msg,0,90,969,5586,1114,112,112
msg,0,91,964,5627,1115,112,112
msg,0,92,967,27715,1115,112,112
msg,0,93,964,7243,1094,112,112
msg,0,94,968,5706,1183,112,112
msg,0,95,966,6122,1115,112,112
msg,0,96,967,5552,1114,112,112
msg,0,97,976,5890,1111,112,112
msg,0,98,965,5545,1107,112,112
msg,0,99,973,5576,1203,112,112
msg,0,100,974,6798,1664,112,112
msg,0,101,990,28811,1099,112,112
msg,0,102,978,6060,1109,112,112
msg,0,103,965,6011,1115,112,112
msg,0,104,978,8652,1110,112,112
msg,0,105,967,6019,1098,112,112
msg,0,106,962,5692,1090,112,112
msg,0,107,970,5965,1111,112,112
msg,0,108,975,5607,1109,112,112
msg,0,109,977,5446,1113,112,112
msg,0,110,961,5430,1116,112,112
msg,0,111,931,27187,1100,112,112
msg,0,112,975,5456,1118,112,112
msg,0,113,966,5495,1117,112,112
msg,0,114,959,7351,1113,112,112
msg,0,115,967,5465,1095,112,112
msg,0,116,1072,12927,1111,112,112
msg,0,117,974,5661,1108,112,112
msg,0,118,970,5865,1112,112,112
msg,0,119,978,5821,1109,112,112
msg,0,120,964,27633,1111,112,112
msg,0,121,959,6042,1132,112,112
msg,0,122,981,7444,1117,112,112
msg,0,123,958,5915,1114,112,112
msg,0,124,966,5882,1100,112,112
msg,0,125,964,5502,1111,112,112
msg,0,126,983,6008,1195,112,112
msg,0,127,963,5799,1106,112,112
msg,0,128,960,5997,1118,112,112
msg,0,129,933,5531,1107,112,112
msg,0,130,956,24488,1106,112,112
msg,0,131,967,5449,1129,112,112
msg,0,132,1074,6151,1114,112,112
msg,0,133,972,6837,1115,112,112
msg,0,134,931,5690,1117,112,112
msg,0,135,930,6595,1111,112,112
msg,0,136,965,6126,1122,112,112
msg,0,137,971,5600,1110,112,112
msg,0,138,966,6689,1114,112,112
msg,0,139,1058,29056,1108,112,112
msg,0,140,984,6074,1116,112,112
msg,0,141,1063,8004,1094,112,112
msg,0,142,968,6071,1115,112,112
msg,0,143,967,5618,1106,112,112
msg,0,144,974,5633,1108,112,112
msg,0,145,973,5543,1094,112,112
msg,0,146,972,5916,1644,112,112
msg,0,147,982,5797,1125,112,112
msg,0,148,973,5568,1116,112,112
msg,0,149,960,27532,1117,112,112
msg,0,150,932,6998,1123,112,112
msg,0,151,975,5422,1116,112,112
msg,0,152,936,6596,1118,112,112
msg,0,153,962,5731,1114,112,112
msg,0,154,967,5649,1115,112,112
msg,0,155,979,5859,1110,112,112
msg,0,156,930,5674,1118,112,112
msg,0,157,968,6719,1113,112,112
msg,0,158,970,5526,1108,112,112
msg,0,159,969,26098,1208,112,112
msg,0,160,971,5865,1094,112,112
msg,0,161,969,5749,1098,112,112
msg,0,162,972,6744,1087,112,112
msg,0,163,975,5513,1122,112,112
msg,0,164,970,6118,1108,112,112
msg,0,165,968,5555,1189,112,112
msg,0,166,963,5893,1113,112,112
msg,0,167,967,5920,1119,112,112
msg,0,168,925,5738,1112,112,112
msg,0,169,942,29522,1108,112,112
msg,0,170,972,6014,1115,112,112
msg,0,171,958,9126,1110,112,112
msg,0,172,986,5851,1111,112,112
msg,0,173,977,5829,1116,112,112
msg,0,174,965,5916,1111,112,112
msg,0,175,939,5733,1109,112,112
msg,0,176,1060,8337,1112,112,112
msg,0,177,982,33674,1112,112,112
msg,0,178,963,6053,1119,112,112
msg,0,179,954,6358,1107,112,112
msg,0,180,962,5607,1103,112,112
msg,0,181,965,5603,1100,112,112
msg,0,182,1069,5509,1096,112,112
msg,0,183,967,5475,1122,112,112
msg,0,184,962,5524,1110,112,112
msg,0,185,934,5894,1112,112,112
msg,0,186,971,5961,1090,112,112
msg,0,187,1125,25177,1109,112,112
msg,0,188,974,5444,1113,112,112
msg,0,189,969,5665,1109,112,112
msg,0,190,973,7349,1093,112,112
msg,0,191,963,5537,1110,112,112
msg,0,192,1068,5779,1092,112,112
msg,0,193,974,6256,1112,112,112
msg,0,194,967,5520,1105,112,112
msg,0,195,967,6236,1124,112,112
msg,0,196,969,6253,1115,112,112
msg,0,197,976,22750,1107,112,112
msg,0,198,962,5555,1112,112,112
msg,0,199,976,5664,1112,112,112
whole,0,11752.588,13877.900,200
1,4.7300,11599.8280,72.9110,11677.4690,5625,5703,45,7736,4,14,5,20,85072,66302.0,71417.0,6845442.0,4516486.0,2,2,2,1
msg,1,0,1095,5754,1110,112,112
msg,1,1,977,6834,1121,112,112
msg,1,2,961,5677,1128,112,112
msg,1,3,974,5551,1114,112,112
msg,1,4,969,5462,1109,112,112
msg,1,5,963,28434,1107,112,112
msg,1,6,964,5452,1097,112,112
msg,1,7,972,5547,1115,112,112
msg,1,8,968,6987,1104,112,112
msg,1,9,972,5671,1095,112,112
msg,1,10,976,5960,1109,112,112
msg,1,11,970,5490,1109,112,112
msg,1,12,958,5670,1100,112,112
msg,1,13,971,5510,1128,112,112
msg,1,14,968,35487,1125,112,112
msg,1,15,961,9367,1113,112,112
msg,1,16,972,7052,1117,112,112
msg,1,17,973,5481,1119,112,112
msg,1,18,968,5539,1111,112,112
msg,1,19,958,5618,1110,112,112
msg,1,20,962,8105,1110,112,112
msg,1,21,969,6158,1105,112,112
msg,1,22,971,7355,1111,112,112
msg,1,23,972,26161,1115,112,112
msg,1,24,971,6399,1097,112,112
msg,1,25,1067,5507,1123,112,112
msg,1,26,983,5509,1114,112,112
msg,1,27,973,5954,1094,112,112
msg,1,28,965,5833,1102,112,112
msg,1,29,969,5832,1103,112,112
msg,1,30,1065,6310,1129,112,112
msg,1,31,971,6296,1107,112,112
msg,1,32,969,29702,1116,112,112
msg,1,33,960,6066,1121,112,112
msg,1,34,979,6594,1110,112,112
msg,1,35,963,5798,1118,112,112
msg,1,36,970,5698,1109,112,112
msg,1,37,968,5492,1262,112,112
msg,1,38,961,5522,1117,112,112
msg,1,39,926,5874,1116,112,112
msg,1,40,969,5674,1118,112,112
msg,1,41,962,5513,1114,112,112
msg,1,42,964,27104,1093,112,112
msg,1,43,968,5597,1121,112,112
msg,1,44,1069,5609,1108,112,112
msg,1,45,958,6754,1123,112,112
msg,1,46,967,5895,1189,112,112
msg,1,47,973,5738,1111,112,112
msg,1,48,967,7722,1107,112,112
msg,1,49,1069,6066,1123,112,112
msg,1,50,963,6228,1110,112,112
msg,1,51,966,6098,1116,112,112
msg,1,52,934,25861,1116,112,112
msg,1,53,962,5666,1112,112,112
msg,1,54,979,6202,1105,112,112
msg,1,55,974,7161,1117,112,112
msg,1,56,970,6675,1115,112,112
msg,1,57,962,6031,1191,112,112
msg,1,58,977,6055,1115,112,112
msg,1,59,978,5543,1102,112,112
msg,1,60,967,5562,1109,112,112
msg,1,61,969,5585,1095,112,112
msg,1,62,969,25383,1208,112,112
msg,1,63,965,5510,1105,112,112
msg,1,64,959,6415,1102,112,112
msg,1,65,968,5859,1113,112,112
msg,1,66,967,6148,1124,112,112
msg,1,67,974,5843,1100,112,112
msg,1,68,969,5873,1106,112,112
msg,1,69,971,5635,1103,112,112
msg,1,70,974,6002,1113,112,112
msg,1,71,965,5522,1198,112,112
msg,1,72,968,29878,1117,112,112
msg,1,73,965,6566,1104,112,112
msg,1,74,980,6495,1101,112,112
msg,1,75,958,5619,1092,112,112
msg,1,76,967,5562,1123,112,112
msg,1,77,976,5816,1101,112,112
msg,1,78,983,5911,1109,112,112
msg,1,79,968,5594,1104,112,112
msg,1,80,964,5497,1117,112,112
msg,1,81,973,27667,1121,112,112
msg,1,82,971,5846,1095,112,112
msg,1,83,975,6089,1114,112,112
msg,1,84,973,9102,1293,112,112
msg,1,85,973,6107,1110,112,112
msg,1,86,964,5557,1116,112,112
msg,1,87,969,5556,1104,112,112
msg,1,88,973,5478,1119,112,112
msg,1,89,965,5616,1214,112,112
msg,1,90,967,5822,1090,112,112
msg,1,91,976,23373,1649,112,112
msg,1,92,984,5915,1114,112,112
msg,1,93,981,5570,1105,112,112
msg,1,94,961,8284,1126,112,112
msg,1,95,974,5806,1091,112,112
msg,1,96,966,5638,1121,112,112
msg,1,97,966,6011,1110,112,112
msg,1,98,979,5592,1104,112,112
msg,1,99,1071,7119,1117,112,112
msg,1,100,930,5914,1114,112,112
msg,1,101,966,29390,1113,112,112
msg,1,102,954,6051,1118,112,112
msg,1,103,972,7216,1113,112,112
msg,1,104,973,5699,1105,112,112
msg,1,105,1064,5548,1117,112,112
msg,1,106,977,5545,1108,112,112
msg,1,107,966,6055,1115,112,112
msg,1,108,969,5763,1113,112,112
msg,1,109,970,5493,1114,112,112
msg,1,110,978,29740,1112,112,112
msg,1,111,959,6351,1195,112,112
msg,1,112,975,6178,1120,112,112
msg,1,113,964,7118,1105,112,112
msg,1,114,980,8520,1094,112,112
msg,1,115,976,5801,1099,112,112
msg,1,116,971,7747,1102,112,112
msg,1,117,970,6089,1112,112,112
msg,1,118,967,5834,1114,112,112
msg,1,119,970,27297,1105,112,112
msg,1,120,977,5635,1103,112,112
msg,1,121,976,8596,1088,112,112
msg,1,122,961,6501,1108,112,112
msg,1,123,969,6062,1102,112,112
msg,1,124,967,5767,1111,112,112
msg,1,125,963,6554,1094,112,112
msg,1,126,972,7036,1116,112,112
msg,1,127,968,5719,1108,112,112
msg,1,128,973,30596,1106,112,112
msg,1,129,963,6172,1118,112,112
msg,1,130,966,6083,1101,112,112
msg,1,131,976,6810,1114,112,112
msg,1,132,968,5846,1111,112,112
msg,1,133,964,7601,1108,112,112
msg,1,134,970,6972,1215,112,112
msg,1,135,969,8604,1119,112,112
msg,1,136,958,36308,1102,112,112
msg,1,137,966,5952,1114,112,112
msg,1,138,970,5566,1111,112,112
msg,1,139,966,6810,1103,112,112
msg,1,140,965,5590,1104,112,112
msg,1,141,964,11275,1107,112,112
msg,1,142,957,5547,1110,112,112
msg,1,143,935,6342,1109,112,112
msg,1,144,971,5540,1098,112,112
msg,1,145,968,25638,1092,112,112
msg,1,146,1065,5908,1106,112,112
msg,1,147,969,6104,1117,112,112
msg,1,148,967,8753,1115,112,112
msg,1,149,973,6216,1111,112,112
msg,1,150,978,5681,1105,112,112
msg,1,151,973,5669,1108,112,112
msg,1,152,976,5859,1260,112,112
msg,1,153,964,6699,1110,112,112
msg,1,154,970,25423,1107,112,112
msg,1,155,968,5615,1097,112,112
msg,1,156,973,9155,1112,112,112
msg,1,157,964,6853,1120,112,112
msg,1,158,957,5936,1673,112,112
msg,1,159,978,5679,1112,112,112
msg,1,160,964,7020,1109,112,112
msg,1,161,977,6058,1241,112,112
msg,1,162,972,5625,1103,112,112
msg,1,163,974,5542,1094,112,112
msg,1,164,966,31633,1129,112,112
msg,1,165,963,5844,1103,112,112
msg,1,166,973,10798,1105,112,112
msg,1,167,979,6301,1109,112,112
msg,1,168,970,5842,1100,112,112
msg,1,169,959,6160,1109,112,112
msg,1,170,970,6094,1106,112,112
msg,1,171,969,6113,1110,112,112
msg,1,172,973,25442,1095,112,112
msg,1,173,970,5819,1110,112,112
msg,1,174,977,7170,1121,112,112
msg,1,175,960,5676,1118,112,112
msg,1,176,959,5591,1108,112,112
msg,1,177,932,6181,1091,112,112
msg,1,178,967,5912,1106,112,112
msg,1,179,970,5897,1268,112,112
msg,1,180,926,5744,1114,112,112
msg,1,181,934,5784,1119,112,112
msg,1,182,974,28581,1121,112,112
msg,1,183,963,5526,1105,112,112
msg,1,184,968,5525,1105,112,112
msg,1,185,1076,6689,1104,112,112
msg,1,186,968,6070,1116,112,112
msg,1,187,934,5559,1119,112,112
msg,1,188,960,5794,1118,112,112
msg,1,189,961,7703,1111,112,112
msg,1,190,961,6618,1117,112,112
msg,1,191,968,5540,1112,112,112
msg,1,192,982,26120,1112,112,112
msg,1,193,973,5681,1210,112,112
msg,1,194,963,5529,1112,112,112
msg,1,195,976,7447,1118,112,112
msg,1,196,960,5804,1113,112,112
msg,1,197,963,5758,1119,112,112
msg,1,198,954,5595,1106,112,112
msg,1,199,970,5519,1108,112,112
whole,1,11692.330,13860.165,200
2,5.3830,11615.0640,114.5320,11734.9790,5625,5703,45,7736,4,14,5,20,85072,66292.0,71401.0,6857234.0,4518873.0,2,2,2,1
msg,2,0,1110,6394,1114,112,112
msg,2,1,957,6034,1100,112,112
msg,2,2,965,8146,1119,112,112
msg,2,3,957,5850,1115,112,112
msg,2,4,967,6338,1105,112,112
msg,2,5,972,28227,1128,112,112
msg,2,6,967,15038,1205,112,112
msg,2,7,980,5547,1108,112,112
msg,2,8,976,5708,1102,112,112
msg,2,9,980,5471,1127,112,112
msg,2,10,970,5503,1115,112,112
msg,2,11,964,6077,1193,112,112
msg,2,12,974,6308,1115,112,112
msg,2,13,1137,29141,1109,112,112
msg,2,14,968,6090,1116,112,112
msg,2,15,1064,6070,1109,112,112
msg,2,16,965,5757,1111,112,112
msg,2,17,966,5515,1097,112,112
msg,2,18,975,5823,1107,112,112
msg,2,19,966,5944,1197,112,112
msg,2,20,961,5696,1107,112,112
msg,2,21,963,5727,1118,112,112
msg,2,22,979,5548,1115,112,112
msg,2,23,968,30655,1108,112,112
msg,2,24,963,7352,1092,112,112
msg,2,25,965,5512,1111,112,112
msg,2,26,964,5781,1120,112,112
msg,2,27,963,7204,1106,112,112
msg,2,28,968,10212,1125,112,112
msg,2,29,963,5723,1120,112,112
msg,2,30,960,6123,1113,112,112
msg,2,31,963,5833,1116,112,112
msg,2,32,969,25462,1102,112,112
msg,2,33,976,7321,1115,112,112
msg,2,34,981,7107,1110,112,112
msg,2,35,970,7036,1116,112,112
msg,2,36,963,5980,1108,112,112
msg,2,37,979,5556,1121,112,112
msg,2,38,955,5612,1116,112,112
msg,2,39,940,5742,1118,112,112
msg,2,40,939,7887,1111,112,112
msg,2,41,967,32100,1111,112,112
msg,2,42,979,6258,1114,112,112
msg,2,43,967,5491,1111,112,112
msg,2,44,960,6071,1131,112,112
msg,2,45,979,7179,1117,112,112
msg,2,46,963,6264,1094,112,112
msg,2,47,967,5669,1124,112,112
msg,2,48,964,7218,1114,112,112
msg,2,49,961,5524,1100,112,112
msg,2,50,969,31257,1114,112,112
msg,2,51,966,6702,1114,112,112
msg,2,52,966,8081,1108,112,112
msg,2,53,969,5832,1114,112,112
msg,2,54,966,5530,1108,112,112
msg,2,55,965,5641,1101,112,112
msg,2,56,968,5532,1131,112,112
msg,2,57,967,5689,1125,112,112
msg,2,58,964,5651,1115,112,112
msg,2,59,963,33048,1107,112,112
msg,2,60,967,7531,1089,112,112
msg,2,61,968,6925,1106,112,112
msg,2,62,969,5797,1110,112,112
msg,2,63,967,5533,1099,112,112
msg,2,64,968,7910,1107,112,112
msg,2,65,970,6661,1107,112,112
msg,2,66,964,5639,1103,112,112
msg,2,67,982,6794,1111,112,112
msg,2,68,1071,23733,1108,112,112
msg,2,69,963,5896,1116,112,112
msg,2,70,935,7455,1105,112,112
msg,2,71,974,8156,1109,112,112
msg,2,72,966,6130,1107,112,112
msg,2,73,979,6308,1106,112,112
msg,2,74,972,5498,1118,112,112
msg,2,75,930,5611,1118,112,112
msg,2,76,957,7060,1121,112,112
msg,2,77,968,30096,1106,112,112
msg,2,78,984,5686,1106,112,112
msg,2,79,972,5829,1112,112,112
msg,2,80,976,6082,1113,112,112
msg,2,81,960,6481,1112,112,112
msg,2,82,969,5625,1111,112,112
msg,2,83,964,5550,1110,112,112
msg,2,84,978,5662,1106,112,112
msg,2,85,968,6241,1115,112,112
msg,2,86,963,9262,1114,112,112
msg,2,87,972,26068,1115,112,112
msg,2,88,934,6644,1112,112,112
msg,2,89,956,7329,1106,112,112
msg,2,90,964,5609,1095,112,112
msg,2,91,971,5889,1111,112,112
msg,2,92,971,5819,1103,112,112
msg,2,93,971,5686,1108,112,112
msg,2,94,972,5798,1112,112,112
msg,2,95,967,5531,1199,112,112
msg,2,96,965,29076,1116,112,112
msg,2,97,974,6061,1091,112,112
msg,2,98,968,5580,1121,112,112
msg,2,99,968,6537,1112,112,112
msg,2,100,959,5498,1112,112,112
msg,2,101,958,5700,1119,112,112
msg,2,102,957,5830,1117,112,112
msg,2,103,962,6904,1120,112,112
msg,2,104,966,6111,1106,112,112
msg,2,105,1063,6544,1113,112,112
msg,2,106,964,26166,1111,112,112
msg,2,107,960,5506,1115,112,112
msg,2,108,967,5674,1117,112,112
msg,2,109,964,5496,1203,112,112
msg,2,110,979,6109,1114,112,112
msg,2,111,968,5712,1116,112,112
msg,2,112,959,6333,1122,112,112
msg,2,113,967,5485,1106,112,112
msg,2,114,974,5960,1116,112,112
msg,2,115,971,5507,1113,112,112
msg,2,116,975,29151,1108,112,112
msg,2,117,966,7699,1117,112,112
msg,2,118,960,5525,1111,112,112
msg,2,119,1558,6196,1116,112,112
msg,2,120,965,5965,1124,112,112
msg,2,121,975,5581,1111,112,112
msg,2,122,962,5717,1109,112,112
msg,2,123,972,5567,1212,112,112
msg,2,124,963,5637,1113,112,112
msg,2,125,973,33032,1102,112,112
msg,2,126,981,7046,1115,112,112
msg,2,127,967,6608,1111,112,112
msg,2,128,977,6213,1107,112,112
msg,2,129,966,5787,1121,112,112
msg,2,130,1107,5459,1113,112,112
msg,2,131,964,5422,1120,112,112
msg,2,132,968,5500,1120,112,112
msg,2,133,974,5659,1109,112,112
msg,2,134,962,33477,1095,112,112
msg,2,135,969,6169,1116,112,112
msg,2,136,965,7074,1130,112,112
msg,2,137,960,7012,1110,112,112
msg,2,138,984,10406,1130,112,112
msg,2,139,968,6267,1113,112,112
msg,2,140,961,5563,1107,112,112
msg,2,141,964,7608,1107,112,112
msg,2,142,964,5787,1105,112,112
msg,2,143,966,24771,1105,112,112
msg,2,144,960,7100,1110,112,112
msg,2,145,970,5721,1105,112,112
msg,2,146,960,6138,1106,112,112
msg,2,147,967,5811,1111,112,112
msg,2,148,972,6404,1089,112,112
msg,2,149,974,5484,1113,112,112
msg,2,150,974,6358,1119,112,112
msg,2,151,962,6033,1108,112,112
msg,2,152,975,29174,1111,112,112
msg,2,153,968,5901,1110,112,112
msg,2,154,973,5552,1103,112,112
msg,2,155,973,6680,1110,112,112
msg,2,156,983,5950,1274,112,112
msg,2,157,966,5698,1116,112,112
msg,2,158,967,7100,1091,112,112
msg,2,159,971,6931,1110,112,112
msg,2,160,960,6232,1110,112,112
msg,2,161,977,5584,1115,112,112
msg,2,162,957,28300,1105,112,112
msg,2,163,973,7963,1116,112,112
msg,2,164,961,6547,1108,112,112
msg,2,165,967,5984,1116,112,112
msg,2,166,963,5832,1118,112,112
msg,2,167,969,6281,1112,112,112
msg,2,168,974,7566,1113,112,112
msg,2,169,971,5636,1116,112,112
msg,2,170,975,6060,1114,112,112
msg,2,171,969,27592,1110,112,112
msg,2,172,965,5505,1111,112,112
msg,2,173,969,5597,1101,112,112
msg,2,174,976,7585,1234,112,112
msg,2,175,968,6140,1115,112,112
msg,2,176,961,5618,1112,112,112
msg,2,177,969,5817,1113,112,112
msg,2,178,958,5711,1114,112,112
msg,2,179,971,5834,1106,112,112
msg,2,180,959,5581,1115,112,112
msg,2,181,1139,26910,1093,112,112
msg,2,182,967,6343,1122,112,112
msg,2,183,928,5904,1108,112,112
msg,2,184,967,5598,1116,112,112
msg,2,185,958,7022,1095,112,112
msg,2,186,968,6289,1105,112,112
msg,2,187,935,5754,1117,112,112
msg,2,188,1533,5753,1111,112,112
msg,2,189,970,5827,1108,112,112
msg,2,190,977,23543,1106,112,112
msg,2,191,980,6393,1130,112,112
msg,2,192,961,6765,1091,112,112
msg,2,193,1080,9384,1107,112,112
msg,2,194,971,6664,1118,112,112
msg,2,195,967,6021,1094,112,112
msg,2,196,1079,5952,1106,112,112
msg,2,197,975,6157,1113,112,112
msg,2,198,978,7354,1110,112,112
msg,2,199,971,6968,1115,112,112
whole,2,11750.225,13938.549,200
#heap 30746
#stack 79304
#end
#block pipeline mTLS lorawan11_256 down
#aead AES-256-CTR+2xCMAC (LoRaWAN 1.1 frame, 256-bit keys) (BearSSL (arduino-pico)), downlink, 51 B payload + 13 B overhead
#lib wolfSSL 5.9.4
iter,tcp_ms,tls_ms,mqtt_ms,total_ms,hs_tx_B,hs_rx_B,mqtt_tx_B,mqtt_rx_B,hs_writes,hs_reads,writes,reads,free_heap_B,hs_keygen_us,hs_derive_us,hs_verify_us,hs_sign_us,hs_keygen_n,hs_derive_n,hs_verify_n,hs_sign_n
msg,iter,idx,seal_us,rtt_us,open_us,tx_B,rx_B
whole,iter,first_ms,all_ms,msgs
#suite TLS13-AES256-GCM-SHA384
0,5.5090,11602.7280,156.2150,11764.4520,5625,5703,45,7736,4,14,5,20,85072,66236.0,71598.0,6840839.0,4520370.0,2,2,2,1
msg,0,0,748,6835,734,112,112
msg,0,1,591,6093,739,112,112
msg,0,2,614,6389,740,112,112
msg,0,3,709,5919,743,112,112
msg,0,4,613,25176,711,112,112
msg,0,5,577,5751,743,112,112
msg,0,6,611,5542,747,112,112
msg,0,7,607,5443,749,112,112
msg,0,8,616,5452,745,112,112
msg,0,9,607,6154,740,112,112
msg,0,10,581,6366,738,112,112
msg,0,11,579,6579,743,112,112
msg,0,12,578,6326,714,112,112
msg,0,13,582,6053,745,112,112
msg,0,14,608,5611,713,112,112
msg,0,15,610,24584,714,112,112
msg,0,16,579,6421,710,112,112
msg,0,17,580,5998,749,112,112
msg,0,18,611,5878,714,112,112
msg,0,19,580,5913,744,112,112
msg,0,20,608,6200,711,112,112
msg,0,21,579,5587,735,112,112
msg,0,22,570,5547,741,112,112
msg,0,23,581,5888,742,112,112
msg,0,24,602,5496,740,112,112
msg,0,25,608,5939,744,112,112
msg,0,26,578,29730,746,112,112
msg,0,27,612,6945,712,112,112
msg,0,28,584,5790,750,112,112
msg,0,29,618,6815,739,112,112
msg,0,30,619,5598,712,112,112
msg,0,31,572,7502,712,112,112
msg,0,32,571,7472,711,112,112
msg,0,33,580,6467,708,112,112
msg,0,34,575,5846,740,112,112
msg,0,35,616,6562,742,112,112
msg,0,36,615,26269,747,112,112
msg,0,37,573,5846,842,112,112
msg,0,38,613,5900,741,112,112
msg,0,39,567,5954,741,112,112
msg,0,40,621,7525,737,112,112
msg,0,41,620,5588,708,112,112
msg,0,42,574,6238,740,112,112
msg,0,43,603,7712,1201,112,112
msg,0,44,615,6332,744,112,112
msg,0,45,615,6400,746,112,112
msg,0,46,614,29193,711,112,112
msg,0,47,584,5540,739,112,112
msg,0,48,579,5639,748,112,112
msg,0,49,762,6285,746,112,112
msg,0,50,611,6774,743,112,112
msg,0,51,607,6099,750,112,112
msg,0,52,615,5635,749,112,112
msg,0,53,609,6515,742,112,112
msg,0,54,605,5938,742,112,112
msg,0,55,577,8854,750,112,112
msg,0,56,617,33151,742,112,112
msg,0,57,586,8988,746,112,112
msg,0,58,610,8272,742,112,112
msg,0,59,609,7455,749,112,112
msg,0,60,607,6534,739,112,112
msg,0,61,622,6922,742,112,112
msg,0,62,569,7375,743,112,112
msg,0,63,580,5581,743,112,112
msg,0,64,601,6378,742,112,112
msg,0,65,575,29529,747,112,112
msg,0,66,605,6176,712,112,112
msg,0,67,586,5948,746,112,112
msg,0,68,611,5676,743,112,112
msg,0,69,616,5959,746,112,112
msg,0,70,604,6375,745,112,112
msg,0,71,583,5959,737,112,112
msg,0,72,710,5557,712,112,112
msg,0,73,574,6089,745,112,112
msg,0,74,604,5659,741,112,112
msg,0,75,619,5487,740,112,112
msg,0,76,602,23282,746,112,112
msg,0,77,615,5912,735,112,112
msg,0,78,575,5541,745,112,112
msg,0,79,573,5900,747,112,112
msg,0,80,612,7327,746,112,112
msg,0,81,618,5631,738,112,112
msg,0,82,611,5633,711,112,112
msg,0,83,581,5626,710,112,112
msg,0,84,583,5976,746,112,112
msg,0,85,607,13271,745,112,112
msg,0,86,604,25091,732,112,112
msg,0,87,586,5822,752,112,112
msg,0,88,614,5427,742,112,112
msg,0,89,597,6375,749,112,112
msg,0,90,610,6574,747,112,112
msg,0,91,617,6043,743,112,112
msg,0,92,583,7163,713,112,112
msg,0,93,586,5897,749,112,112
msg,0,94,612,6607,745,112,112
msg,0,95,605,7828,713,112,112
msg,0,96,583,33538,716,112,112
msg,0,97,588,6278,710,112,112
msg,0,98,610,5491,715,112,112
msg,0,99,583,6529,712,112,112
msg,0,100,582,6436,710,112,112
msg,0,101,586,5757,746,112,112
msg,0,102,574,6806,743,112,112
msg,0,103,611,7005,712,112,112
msg,0,104,579,5610,746,112,112
msg,0,105,577,8061,740,112,112
msg,0,106,603,27830,744,112,112
msg,0,107,585,6895,745,112,112
msg,0,108,612,5546,736,112,112
msg,0,109,707,8979,742,112,112
msg,0,110,609,6080,713,112,112
msg,0,111,582,5599,741,112,112
msg,0,112,586,5510,739,112,112
msg,0,113,575,6205,712,112,112
msg,0,114,583,6708,746,112,112
msg,0,115,611,6800,742,112,112
msg,0,116,610,26289,750,112,112
msg,0,117,615,7168,743,112,112
msg,0,118,605,7008,712,112,112
msg,0,119,611,8711,711,112,112
msg,0,120,579,15127,740,112,112
msg,0,121,607,6093,746,112,112
msg,0,122,610,5423,746,112,112
msg,0,123,604,6918,711,112,112
msg,0,124,580,5871,748,112,112
msg,0,125,713,26468,749,112,112
msg,0,126,610,5623,744,112,112
msg,0,127,607,5988,741,112,112
msg,0,128,582,5555,745,112,112
msg,0,129,612,5586,743,112,112
msg,0,130,606,7984,714,112,112
msg,0,131,582,6748,743,112,112
msg,0,132,570,5879,743,112,112
msg,0,133,614,5441,744,112,112
msg,0,134,699,5818,740,112,112
msg,0,135,575,28759,749,112,112
msg,0,136,619,5868,714,112,112
msg,0,137,571,6103,747,112,112
msg,0,138,612,5436,744,112,112
msg,0,139,615,8179,741,112,112
msg,0,140,607,5612,745,112,112
msg,0,141,621,5512,747,112,112
msg,0,142,609,7073,743,112,112
msg,0,143,576,5910,747,112,112
msg,0,144,608,5737,711,112,112
msg,0,145,575,5888,743,112,112
msg,0,146,611,23684,745,112,112
msg,0,147,603,5500,747,112,112
msg,0,148,613,5465,744,112,112
msg,0,149,614,6011,745,112,112
msg,0,150,617,8474,747,112,112
msg,0,151,609,5705,746,112,112
msg,0,152,607,5821,714,112,112
msg,0,153,584,5871,741,112,112
msg,0,154,618,5657,745,112,112
msg,0,155,617,7204,743,112,112
msg,0,156,709,5795,712,112,112
msg,0,157,585,24106,743,112,112
msg,0,158,604,5605,834,112,112
msg,0,159,605,6159,746,112,112
msg,0,160,615,7434,749,112,112
msg,0,161,613,5524,747,112,112
msg,0,162,612,6105,743,112,112
msg,0,163,613,5475,747,112,112
msg,0,164,619,6360,746,112,112
msg,0,165,613,6218,711,112,112
msg,0,166,573,6916,749,112,112
msg,0,167,609,5872,709,112,112
msg,0,168,568,26290,742,112,112
msg,0,169,610,5908,748,112,112
msg,0,170,615,6258,713,112,112
msg,0,171,578,8660,745,112,112
msg,0,172,609,6009,713,112,112
msg,0,173,601,6689,833,112,112
msg,0,174,574,7029,744,112,112
msg,0,175,619,5928,737,112,112
msg,0,176,577,8703,745,112,112
msg,0,177,605,29410,750,112,112
msg,0,178,602,6120,741,112,112
msg,0,179,572,5999,735,112,112
msg,0,180,609,7339,747,112,112
msg,0,181,609,5997,746,112,112
msg,0,182,782,5536,742,112,112
msg,0,183,611,5464,751,112,112
msg,0,184,607,5489,733,112,112
msg,0,185,605,5559,744,112,112
msg,0,186,620,6992,744,112,112
msg,0,187,568,5460,743,112,112
msg,0,188,574,32356,711,112,112
msg,0,189,581,6531,733,112,112
msg,0,190,581,6371,708,112,112
msg,0,191,577,5828,741,112,112
msg,0,192,615,6521,745,112,112
msg,0,193,611,5440,749,112,112
msg,0,194,613,5878,710,112,112
msg,0,195,579,5749,744,112,112
msg,0,196,580,5801,747,112,112
msg,0,197,617,6097,740,112,112
msg,0,198,578,27425,738,112,112
msg,0,199,590,5679,746,112,112
whole,0,11781.302,13789.649,200
1,6.5870,11607.6550,59.4880,11673.7300,5625,5703,45,7736,4,14,5,20,85072,66244.0,71896.0,6843599.0,4521078.0,2,2,2,1
msg,1,0,748,5517,745,112,112
msg,1,1,614,6082,744,112,112
msg,1,2,614,5869,738,112,112
msg,1,3,609,5995,743,112,112
msg,1,4,617,5659,752,112,112
msg,1,5,710,6366,742,112,112
msg,1,6,610,27783,710,112,112
msg,1,7,575,5977,750,112,112
msg,1,8,603,5623,749,112,112
msg,1,9,609,5363,750,112,112
msg,1,10,615,7566,735,112,112
msg,1,11,615,5810,733,112,112
msg,1,12,579,5397,714,112,112
msg,1,13,583,5771,747,112,112
msg,1,14,618,6110,744,112,112
msg,1,15,574,6235,709,112,112
msg,1,16,576,7566,712,112,112
msg,1,17,586,25182,736,112,112
msg,1,18,611,7640,711,112,112
msg,1,19,581,5877,745,112,112
msg,1,20,615,5762,740,112,112
msg,1,21,607,5676,711,112,112
msg,1,22,580,6048,744,112,112
msg,1,23,617,5680,737,112,112
msg,1,24,610,5771,738,112,112
msg,1,25,581,6297,713,112,112
msg,1,26,582,6055,744,112,112
msg,1,27,613,5618,743,112,112
msg,1,28,613,23834,714,112,112
msg,1,29,580,6151,741,112,112
msg,1,30,613,6292,746,112,112
msg,1,31,606,7061,741,112,112
msg,1,32,613,6262,709,112,112
msg,1,33,579,5836,746,112,112
msg,1,34,620,5443,752,112,112
msg,1,35,614,5694,743,112,112
msg,1,36,609,5607,710,112,112
msg,1,37,581,5581,714,112,112
msg,1,38,579,6449,714,112,112
msg,1,39,575,32520,712,112,112
msg,1,40,580,5690,837,112,112
msg,1,41,614,7395,748,112,112
msg,1,42,613,6170,710,112,112
msg,1,43,580,6721,745,112,112
msg,1,44,611,5728,742,112,112
msg,1,45,605,5451,748,112,112
msg,1,46,604,5640,708,112,112
msg,1,47,585,6414,712,112,112
msg,1,48,567,5653,710,112,112
msg,1,49,578,23689,741,112,112
msg,1,50,609,5678,747,112,112
msg,1,51,610,5414,742,112,112
msg,1,52,610,5713,741,112,112
msg,1,53,609,6668,712,112,112
msg,1,54,573,7095,743,112,112
msg,1,55,610,5937,740,112,112
msg,1,56,573,5700,739,112,112
msg,1,57,600,5770,743,112,112
msg,1,58,613,7986,747,112,112
msg,1,59,619,5757,745,112,112
msg,1,60,613,26075,739,112,112
msg,1,61,580,5507,836,112,112
msg,1,62,619,5793,743,112,112
msg,1,63,615,6140,744,112,112
msg,1,64,615,6309,742,112,112
msg,1,65,607,6776,739,112,112
msg,1,66,605,7614,711,112,112
msg,1,67,586,5473,706,112,112
msg,1,68,592,6866,741,112,112
msg,1,69,581,5805,747,112,112
msg,1,70,604,34679,745,112,112
msg,1,71,583,6088,748,112,112
msg,1,72,601,7207,742,112,112
msg,1,73,610,5846,742,112,112
msg,1,74,610,5869,745,112,112
msg,1,75,581,5659,744,112,112
msg,1,76,611,5917,710,112,112
msg,1,77,585,5451,712,112,112
msg,1,78,580,6605,712,112,112
msg,1,79,579,5568,745,112,112
msg,1,80,593,28361,714,112,112
msg,1,81,580,5799,746,112,112
msg,1,82,613,5892,710,112,112
msg,1,83,621,6033,740,112,112
msg,1,84,611,6971,712,112,112
msg,1,85,578,7609,710,112,112
msg,1,86,577,6067,745,112,112
msg,1,87,614,6069,747,112,112
msg,1,88,607,5659,750,112,112
msg,1,89,611,6019,743,112,112
msg,1,90,574,28861,748,112,112
msg,1,91,700,5466,744,112,112
msg,1,92,606,6084,740,112,112
msg,1,93,601,6637,746,112,112
msg,1,94,614,5994,738,112,112
msg,1,95,579,7264,712,112,112
msg,1,96,585,5659,711,112,112
msg,1,97,575,5487,735,112,112
msg,1,98,572,5496,826,112,112
msg,1,99,580,6196,711,112,112
msg,1,100,1187,25971,714,112,112
msg,1,101,575,6765,747,112,112
msg,1,102,619,5534,745,112,112
msg,1,103,622,5758,735,112,112
msg,1,104,706,5632,712,112,112
msg,1,105,579,5836,748,112,112
msg,1,106,611,5634,736,112,112
msg,1,107,609,7997,739,112,112
msg,1,108,575,6128,713,112,112
msg,1,109,576,5833,745,112,112
msg,1,110,608,5533,744,112,112
msg,1,111,606,23833,741,112,112
msg,1,112,613,5981,744,112,112
msg,1,113,623,5469,746,112,112
msg,1,114,615,5750,831,112,112
msg,1,115,619,6505,712,112,112
msg,1,116,608,5916,749,112,112
msg,1,117,600,5897,740,112,112
msg,1,118,615,7109,744,112,112
msg,1,119,605,5423,744,112,112
msg,1,120,611,7093,735,112,112
msg,1,121,580,5812,749,112,112
msg,1,122,608,26906,709,112,112
msg,1,123,582,6060,745,112,112
msg,1,124,619,5617,1276,112,112
msg,1,125,632,7759,738,112,112
msg,1,126,601,5777,714,112,112
msg,1,127,574,5637,713,112,112
msg,1,128,576,5534,743,112,112
msg,1,129,578,5536,747,112,112
msg,1,130,573,5533,746,112,112
msg,1,131,610,5582,742,112,112
msg,1,132,616,6783,733,112,112
msg,1,133,586,23038,744,112,112
msg,1,134,618,5560,745,112,112
msg,1,135,606,6283,750,112,112
msg,1,136,702,6054,747,112,112
msg,1,137,582,8708,748,112,112
msg,1,138,616,6001,709,112,112
msg,1,139,579,5851,744,112,112
msg,1,140,619,5464,749,112,112
msg,1,141,706,6148,746,112,112
msg,1,142,611,5572,751,112,112
msg,1,143,611,5847,713,112,112
msg,1,144,627,32592,712,112,112
msg,1,145,581,6107,743,112,112
msg,1,146,616,7319,746,112,112
msg,1,147,608,6344,746,112,112
msg,1,148,615,7583,743,112,112
msg,1,149,607,8312,839,112,112
msg,1,150,616,6391,752,112,112
msg,1,151,636,6256,711,112,112
msg,1,152,575,6948,754,112,112
msg,1,153,612,24321,744,112,112
msg,1,154,604,7960,711,112,112
msg,1,155,577,5556,715,112,112
msg,1,156,576,6088,744,112,112
msg,1,157,608,6324,747,112,112
msg,1,158,613,7290,747,112,112
msg,1,159,612,5857,831,112,112
msg,1,160,577,5536,714,112,112
msg,1,161,576,5398,712,112,112
msg,1,162,575,6333,743,112,112
msg,1,163,611,6047,744,112,112
msg,1,164,612,22991,710,112,112
msg,1,165,568,5655,711,112,112
msg,1,166,576,6531,745,112,112
msg,1,167,623,6873,740,112,112
msg,1,168,608,5866,739,112,112
msg,1,169,581,5442,738,112,112
msg,1,170,576,5527,744,112,112
msg,1,171,573,5947,743,112,112
msg,1,172,607,7122,749,112,112
msg,1,173,609,6708,749,112,112
msg,1,174,613,5665,712,112,112
msg,1,175,576,23581,707,112,112
msg,1,176,581,5540,710,112,112
msg,1,177,573,5471,712,112,112
msg,1,178,583,8183,744,112,112
msg,1,179,604,5830,740,112,112
msg,1,180,569,5734,749,112,112
msg,1,181,613,5497,747,112,112
msg,1,182,608,5761,713,112,112
msg,1,183,586,6052,751,112,112
msg,1,184,617,6312,745,112,112
msg,1,185,607,5677,746,112,112
msg,1,186,615,24550,737,112,112
msg,1,187,616,5647,714,112,112
msg,1,188,580,5998,749,112,112
msg,1,189,617,7853,714,112,112
msg,1,190,578,5772,744,112,112
msg,1,191,577,5434,740,112,112
msg,1,192,573,5765,748,112,112
msg,1,193,612,5495,751,112,112
msg,1,194,606,5635,747,112,112
msg,1,195,770,7218,746,112,112
msg,1,196,611,5707,711,112,112
msg,1,197,576,27525,712,112,112
msg,1,198,579,7659,742,112,112
msg,1,199,581,5837,747,112,112
whole,1,11690.870,13622.842,200
2,4.5470,11613.5010,156.8900,11774.9380,5625,5703,45,7736,4,14,5,20,85072,66400.0,71425.0,6854536.0,4518846.0,2,2,2,1
msg,2,0,746,15493,744,112,112
msg,2,1,615,5980,713,112,112
msg,2,2,681,6369,714,112,112
msg,2,3,585,5666,743,112,112
msg,2,4,586,21752,746,112,112
msg,2,5,608,5431,744,112,112
msg,2,6,618,5401,745,112,112
msg,2,7,606,6043,712,112,112
msg,2,8,680,5538,743,112,112
msg,2,9,584,5861,749,112,112
msg,2,10,614,5816,708,112,112
msg,2,11,569,6027,740,112,112
msg,2,12,602,5532,742,112,112
msg,2,13,606,5541,743,112,112
msg,2,14,607,8102,746,112,112
msg,2,15,607,26914,714,112,112
msg,2,16,582,5706,710,112,112
msg,2,17,578,5948,750,112,112
msg,2,18,604,5450,742,112,112
msg,2,19,607,6481,745,112,112
msg,2,20,607,5465,751,112,112
msg,2,21,623,5304,744,112,112
msg,2,22,607,7936,712,112,112
msg,2,23,574,5544,745,112,112
msg,2,24,573,5858,753,112,112
msg,2,25,630,6326,712,112,112
msg,2,26,585,24418,713,112,112
msg,2,27,580,6560,711,112,112
msg,2,28,579,5745,747,112,112
msg,2,29,715,5584,746,112,112
msg,2,30,606,7521,742,112,112
msg,2,31,609,5877,742,112,112
msg,2,32,572,5667,743,112,112
msg,2,33,608,5952,710,112,112
msg,2,34,605,6106,743,112,112
msg,2,35,613,9194,744,112,112
msg,2,36,617,32774,746,112,112
msg,2,37,602,7248,838,112,112
msg,2,38,614,5595,743,112,112
msg,2,39,616,8390,748,112,112
msg,2,40,609,5648,713,112,112
msg,2,41,574,5975,747,112,112
msg,2,42,612,5583,749,112,112
msg,2,43,623,5911,709,112,112
msg,2,44,590,5530,711,112,112
msg,2,45,576,5829,744,112,112
msg,2,46,609,34407,743,112,112
msg,2,47,615,7305,741,112,112
msg,2,48,612,7049,710,112,112
msg,2,49,573,6353,737,112,112
msg,2,50,608,6071,750,112,112
msg,2,51,606,7069,713,112,112
msg,2,52,576,6231,745,112,112
msg,2,53,607,6579,710,112,112
msg,2,54,579,6734,745,112,112
msg,2,55,579,34566,740,112,112
msg,2,56,705,7612,744,112,112
msg,2,57,614,6032,747,112,112
msg,2,58,583,6401,735,112,112
msg,2,59,576,8338,712,112,112
msg,2,60,582,6093,737,112,112
msg,2,61,600,5906,736,112,112
msg,2,62,589,5544,742,112,112
msg,2,63,580,6192,707,112,112
msg,2,64,574,28362,738,112,112
msg,2,65,609,6181,750,112,112
msg,2,66,605,6463,749,112,112
msg,2,67,598,6594,740,112,112
msg,2,68,609,6961,744,112,112
msg,2,69,578,6332,712,112,112
msg,2,70,582,5922,750,112,112
msg,2,71,611,5728,713,112,112
msg,2,72,643,5739,742,112,112
msg,2,73,618,5466,743,112,112
msg,2,74,616,6008,744,112,112
msg,2,75,613,22838,739,112,112
msg,2,76,618,6388,740,112,112
msg,2,77,623,6519,713,112,112
msg,2,78,607,6754,744,112,112
msg,2,79,581,5821,749,112,112
msg,2,80,612,5996,709,112,112
msg,2,81,578,5826,747,112,112
msg,2,82,607,6387,742,112,112
msg,2,83,611,6292,744,112,112
msg,2,84,778,6100,712,112,112
msg,2,85,577,5674,744,112,112
msg,2,86,620,26406,748,112,112
msg,2,87,581,5535,748,112,112
msg,2,88,623,5566,745,112,112
msg,2,89,605,6423,747,112,112
msg,2,90,605,6019,744,112,112
msg,2,91,579,5954,743,112,112
msg,2,92,615,6849,737,112,112
msg,2,93,581,5770,745,112,112
msg,2,94,607,5713,747,112,112
msg,2,95,601,5660,714,112,112
msg,2,96,580,33440,710,112,112
msg,2,97,577,5716,743,112,112
msg,2,98,579,5904,837,112,112
msg,2,99,616,6053,747,112,112
msg,2,100,614,5851,743,112,112
msg,2,101,609,5732,711,112,112
msg,2,102,578,8184,737,112,112
msg,2,103,608,5669,711,112,112
msg,2,104,583,5987,747,112,112
msg,2,105,619,5951,735,112,112
msg,2,106,575,33823,750,112,112
msg,2,107,616,6561,743,112,112
msg,2,108,610,7513,745,112,112
msg,2,109,614,6442,740,112,112
msg,2,110,608,5973,741,112,112
msg,2,111,607,5536,750,112,112
msg,2,112,611,5663,739,112,112
msg,2,113,611,5999,746,112,112
msg,2,114,575,6281,712,112,112
msg,2,115,579,5661,828,112,112
msg,2,116,616,27572,744,112,112
msg,2,117,608,5476,747,112,112
msg,2,118,606,5457,748,112,112
msg,2,119,618,5855,714,112,112
msg,2,120,587,6227,743,112,112
msg,2,121,610,6867,736,112,112
msg,2,122,579,5997,749,112,112
msg,2,123,613,5719,713,112,112
msg,2,124,580,5645,744,112,112
msg,2,125,574,6127,741,112,112
msg,2,126,606,29587,712,112,112
msg,2,127,580,6161,745,112,112
msg,2,128,616,8150,748,112,112
msg,2,129,609,6166,707,112,112
msg,2,130,592,6207,741,112,112
msg,2,131,615,7332,746,112,112
msg,2,132,613,7829,896,112,112
msg,2,133,578,5646,744,112,112
msg,2,134,605,5879,712,112,112
msg,2,135,579,5728,742,112,112
msg,2,136,582,31599,743,112,112
msg,2,137,612,5569,746,112,112
msg,2,138,609,5403,739,112,112
msg,2,139,622,5973,710,112,112
msg,2,140,575,6007,744,112,112
msg,2,141,606,5949,716,112,112
msg,2,142,578,8208,744,112,112
msg,2,143,618,6708,711,112,112
msg,2,144,579,6828,745,112,112
msg,2,145,620,7226,743,112,112
msg,2,146,573,27845,753,112,112
msg,2,147,617,5748,713,112,112
msg,2,148,582,6323,749,112,112
msg,2,149,609,6173,845,112,112
msg,2,150,604,6584,745,112,112
msg,2,151,595,5764,711,112,112
msg,2,152,580,6837,753,112,112
msg,2,153,608,5607,747,112,112
msg,2,154,603,5603,740,112,112
msg,2,155,608,6147,748,112,112
msg,2,156,613,27354,744,112,112
msg,2,157,618,5782,744,112,112
msg,2,158,612,6075,749,112,112
msg,2,159,608,5967,708,112,112
msg,2,160,582,8298,740,112,112
msg,2,161,606,5652,711,112,112
msg,2,162,583,5952,743,112,112
msg,2,163,615,5681,734,112,112
msg,2,164,613,5622,713,112,112
msg,2,165,572,5824,739,112,112
msg,2,166,578,7288,714,112,112
msg,2,167,576,27348,710,112,112
msg,2,168,580,7994,744,112,112
msg,2,169,609,8158,743,112,112
msg,2,170,576,6268,712,112,112
msg,2,171,1189,5654,741,112,112
msg,2,172,608,5557,713,112,112
msg,2,173,579,6305,738,112,112
msg,2,174,615,5983,749,112,112
msg,2,175,613,6760,743,112,112
msg,2,176,607,5472,737,112,112
msg,2,177,609,25895,751,112,112
msg,2,178,581,5590,745,112,112
msg,2,179,613,6182,744,112,112
msg,2,180,581,5793,746,112,112
msg,2,181,610,6092,739,112,112
msg,2,182,578,6117,877,112,112
msg,2,183,584,5735,747,112,112
msg,2,184,575,5789,743,112,112
msg,2,185,608,6007,712,112,112
msg,2,186,580,6972,747,112,112
msg,2,187,612,5578,741,112,112
msg,2,188,624,21089,741,112,112
msg,2,189,608,5477,743,112,112
msg,2,190,610,6663,744,112,112
msg,2,191,603,5702,712,112,112
msg,2,192,582,5923,746,112,112
msg,2,193,609,6011,710,112,112
msg,2,194,582,6167,744,112,112
msg,2,195,608,5907,743,112,112
msg,2,196,576,7434,711,112,112
msg,2,197,574,7512,742,112,112
msg,2,198,573,6387,1260,112,112
msg,2,199,617,26472,745,112,112
whole,2,11802.136,13799.542,200
#heap 30746
#stack 79312
#end
=== done ===
