=== MQTT / TLS 1.3 / mTLS, FALCON1024 certificates, X25519MLKEM768 (wolfSSL 5.9.4) on RP2040 ===
CPU clock: 200 MHz
#config iterations=50 warmup=5 pipe_iterations=3 messages=200 payload_B=51 schemes=2 sweep_iterations=20 sweep_warmup=2 groups=13 kex_iterations=50 kex_warmup=2 blocks=41
#kat LoRaWAN / AES-CMAC / Ascon known-answer checks: OK
#wifi rssi=-20 dBm channel=10 ip=192.168.50.235 broker=192.168.50.132
#block connect plain
#lib none (plain MQTT)
iter,tcp_ms,tls_ms,mqtt_ms,total_ms,hs_tx_B,hs_rx_B,mqtt_tx_B,mqtt_rx_B,hs_writes,hs_reads,writes,reads,free_heap_B,hs_keygen_us,hs_derive_us,hs_verify_us,hs_sign_us,hs_keygen_n,hs_derive_n,hs_verify_n,hs_sign_n
0,6.3370,0.0020,5.0280,11.3670,0,0,23,4,0,0,1,1,169548,0.0,0.0,0.0,0.0,0,0,0,0
1,4.3650,0.0030,25.9710,30.3390,0,0,23,4,0,0,1,1,169324,0.0,0.0,0.0,0.0,0,0,0,0
2,16.7660,0.0020,45.7140,62.4820,0,0,23,4,0,0,1,1,169324,0.0,0.0,0.0,0.0,0,0,0,0
3,5.3470,0.0020,15.7010,21.0500,0,0,23,4,0,0,1,1,169324,0.0,0.0,0.0,0.0,0,0,0,0
4,18.3550,0.0030,9.4820,27.8400,0,0,23,4,0,0,1,1,169324,0.0,0.0,0.0,0.0,0,0,0,0
5,8.5700,0.0030,28.5360,37.1090,0,0,23,4,0,0,1,1,169324,0.0,0.0,0.0,0.0,0,0,0,0
6,8.4810,0.0030,6.2220,14.7060,0,0,23,4,0,0,1,1,169324,0.0,0.0,0.0,0.0,0,0,0,0
7,15.3740,0.0030,6.4470,21.8240,0,0,23,4,0,0,1,1,169324,0.0,0.0,0.0,0.0,0,0,0,0
8,7.3690,0.0030,6.6910,14.0630,0,0,23,4,0,0,1,1,169324,0.0,0.0,0.0,0.0,0,0,0,0
9,22.7640,0.0020,5.0470,27.8130,0,0,23,4,0,0,1,1,169324,0.0,0.0,0.0,0.0,0,0,0,0
10,7.3690,0.0020,4.2700,11.6410,0,0,23,4,0,0,1,1,169324,0.0,0.0,0.0,0.0,0,0,0,0
11,18.3590,0.0030,4.9920,23.3540,0,0,23,4,0,0,1,1,169324,0.0,0.0,0.0,0.0,0,0,0,0
12,4.3990,0.0030,8.2640,12.6660,0,0,23,4,0,0,1,1,169324,0.0,0.0,0.0,0.0,0,0,0,0
13,5.4260,0.0030,9.2800,14.7090,0,0,23,4,0,0,1,1,169324,0.0,0.0,0.0,0.0,0,0,0,0
14,34.3640,0.0020,11.6940,46.0600,0,0,23,4,0,0,1,1,169324,0.0,0.0,0.0,0.0,0,0,0,0
15,10.3470,0.0020,16.7500,27.0990,0,0,23,4,0,0,1,1,169324,0.0,0.0,0.0,0.0,0,0,0,0
16,6.6520,0.0020,4.6420,11.2960,0,0,23,4,0,0,1,1,169324,0.0,0.0,0.0,0.0,0,0,0,0
17,18.3800,0.0020,10.5340,28.9160,0,0,23,4,0,0,1,1,169324,0.0,0.0,0.0,0.0,0,0,0,0
18,7.3700,0.0020,5.1080,12.4800,0,0,23,4,0,0,1,1,169324,0.0,0.0,0.0,0.0,0,0,0,0
19,5.3410,0.0020,5.7490,11.0920,0,0,23,4,0,0,1,1,169324,0.0,0.0,0.0,0.0,0,0,0,0
20,4.5570,0.0030,6.5670,11.1270,0,0,23,4,0,0,1,1,169324,0.0,0.0,0.0,0.0,0,0,0,0
21,6.3400,0.0020,18.5550,24.8970,0,0,23,4,0,0,1,1,169324,0.0,0.0,0.0,0.0,0,0,0,0
22,25.3630,0.0020,7.2920,32.6570,0,0,23,4,0,0,1,1,169324,0.0,0.0,0.0,0.0,0,0,0,0
23,5.3670,0.0020,4.8110,10.1800,0,0,23,4,0,0,1,1,169324,0.0,0.0,0.0,0.0,0,0,0,0
24,24.7470,0.0030,7.0170,31.7670,0,0,23,4,0,0,1,1,169324,0.0,0.0,0.0,0.0,0,0,0,0
25,7.3670,0.0030,26.8910,34.2610,0,0,23,4,0,0,1,1,169324,0.0,0.0,0.0,0.0,0,0,0,0
26,8.5990,0.0010,5.2740,13.8740,0,0,23,4,0,0,1,1,169324,0.0,0.0,0.0,0.0,0,0,0,0
27,18.6440,0.0030,5.2950,23.9420,0,0,23,4,0,0,1,1,169324,0.0,0.0,0.0,0.0,0,0,0,0
28,4.3510,0.0020,6.5380,10.8910,0,0,23,4,0,0,1,1,169324,0.0,0.0,0.0,0.0,0,0,0,0
29,23.5380,0.0020,4.9910,28.5310,0,0,23,4,0,0,1,1,169324,0.0,0.0,0.0,0.0,0,0,0,0
30,4.5510,0.0020,4.8360,9.3890,0,0,23,4,0,0,1,1,169324,0.0,0.0,0.0,0.0,0,0,0,0
31,7.5010,0.0020,8.3920,15.8950,0,0,23,4,0,0,1,1,169324,0.0,0.0,0.0,0.0,0,0,0,0
32,4.4360,0.0030,4.4690,8.9080,0,0,23,4,0,0,1,1,169324,0.0,0.0,0.0,0.0,0,0,0,0
33,17.6300,0.0020,7.2580,24.8900,0,0,23,4,0,0,1,1,169324,0.0,0.0,0.0,0.0,0,0,0,0
34,5.3380,0.0020,25.4670,30.8070,0,0,23,4,0,0,1,1,169324,0.0,0.0,0.0,0.0,0,0,0,0
35,7.3420,0.0020,6.7330,14.0770,0,0,23,4,0,0,1,1,169324,0.0,0.0,0.0,0.0,0,0,0,0
36,24.3530,0.0110,6.0470,30.4110,0,0,23,4,0,0,1,1,169324,0.0,0.0,0.0,0.0,0,0,0,0
37,6.3560,0.0030,7.1740,13.5330,0,0,23,4,0,0,1,1,169324,0.0,0.0,0.0,0.0,0,0,0,0
38,7.3590,0.0020,12.2460,19.6070,0,0,23,4,0,0,1,1,169324,0.0,0.0,0.0,0.0,0,0,0,0
39,5.3730,0.0030,24.8460,30.2220,0,0,23,4,0,0,1,1,169324,0.0,0.0,0.0,0.0,0,0,0,0
40,7.7280,0.0010,6.2970,14.0260,0,0,23,4,0,0,1,1,169324,0.0,0.0,0.0,0.0,0,0,0,0
41,3.4370,0.0030,19.6600,23.1000,0,0,23,4,0,0,1,1,169324,0.0,0.0,0.0,0.0,0,0,0,0
42,9.3230,0.0030,6.3380,15.6640,0,0,23,4,0,0,1,1,169324,0.0,0.0,0.0,0.0,0,0,0,0
43,23.3650,0.0030,4.5980,27.9660,0,0,23,4,0,0,1,1,169324,0.0,0.0,0.0,0.0,0,0,0,0
44,4.3430,0.0030,4.7250,9.0710,0,0,23,4,0,0,1,1,169324,0.0,0.0,0.0,0.0,0,0,0,0
45,8.3410,0.0030,13.9190,22.2630,0,0,23,4,0,0,1,1,169324,0.0,0.0,0.0,0.0,0,0,0,0
46,9.5010,0.0020,5.8990,15.4020,0,0,23,4,0,0,1,1,169324,0.0,0.0,0.0,0.0,0,0,0,0
47,21.3930,0.0030,5.2830,26.6790,0,0,23,4,0,0,1,1,169324,0.0,0.0,0.0,0.0,0,0,0,0
48,5.4010,0.0030,24.5710,29.9750,0,0,23,4,0,0,1,1,169324,0.0,0.0,0.0,0.0,0,0,0,0
49,7.3760,0.0030,6.2890,13.6680,0,0,23,4,0,0,1,1,169324,0.0,0.0,0.0,0.0,0,0,0,0
#stack 1768
#end
#block connect TLS
#lib wolfSSL 5.9.4
iter,tcp_ms,tls_ms,mqtt_ms,total_ms,hs_tx_B,hs_rx_B,mqtt_tx_B,mqtt_rx_B,hs_writes,hs_reads,writes,reads,free_heap_B,hs_keygen_us,hs_derive_us,hs_verify_us,hs_sign_us,hs_keygen_n,hs_derive_n,hs_verify_n,hs_sign_n
#suite TLS13-AES256-GCM-SHA384
0,17.3940,246.3590,19.4880,283.2410,1391,5953,45,568,2,12,3,18,166548,66332.0,72492.0,31360.0,0.0,2,2,2,0
1,4.8520,258.5790,8.5900,272.0210,1391,5954,45,568,2,12,3,18,166548,66260.0,71973.0,31260.0,0.0,2,2,2,0
2,5.4430,256.7740,8.7820,270.9990,1391,5958,45,568,2,12,3,18,166548,66250.0,70643.0,31257.0,0.0,2,2,2,0
3,5.3910,246.6820,12.1860,264.2590,1391,5956,45,568,2,12,3,18,166548,66274.0,71873.0,31524.0,0.0,2,2,2,0
4,7.5750,254.1460,9.3760,271.0970,1391,5953,45,568,2,12,3,18,166548,66253.0,71523.0,31418.0,0.0,2,2,2,0
5,7.4130,247.7520,9.2250,264.3900,1391,5955,45,568,2,12,3,18,166548,66359.0,71480.0,31097.0,0.0,2,2,2,0
6,16.3900,245.8390,13.8120,276.0410,1391,5955,45,568,2,12,3,18,166548,66357.0,72477.0,31338.0,0.0,2,2,2,0
7,5.5960,255.3800,13.1170,274.0930,1391,5956,45,568,2,12,3,18,166548,66381.0,72305.0,31297.0,0.0,2,2,2,0
8,5.3970,257.0570,9.0330,271.4870,1391,5955,45,568,2,12,3,18,166548,66515.0,70436.0,31104.0,0.0,2,2,2,0
9,6.3890,251.6190,15.2460,273.2540,1391,5959,45,568,2,12,3,18,166548,66282.0,72037.0,31454.0,0.0,2,2,2,0
10,5.4070,253.4950,11.2920,270.1940,1391,5954,45,568,2,12,3,18,166548,66148.0,70642.0,31016.0,0.0,2,2,2,0
11,5.5410,246.7590,10.3790,262.6790,1391,5961,45,568,2,12,3,18,166548,66659.0,71836.0,31304.0,0.0,2,2,2,0
12,6.3870,251.2120,10.7100,268.3090,1391,5956,45,568,2,12,3,18,166548,66390.0,70326.0,31523.0,0.0,2,2,2,0
13,11.6980,246.3960,9.0780,267.1720,1391,5959,45,568,2,12,3,18,166548,66354.0,71524.0,31119.0,0.0,2,2,2,0
14,19.5730,256.0310,11.3450,286.9490,1391,5958,45,568,2,12,3,18,166548,66180.0,70242.0,31267.0,0.0,2,2,2,0
15,5.5780,247.1160,28.1310,280.8250,1391,5954,45,568,2,12,3,18,166548,66276.0,71301.0,31470.0,0.0,2,2,2,0
16,5.5400,254.7200,13.6390,273.8990,1391,5956,45,568,2,12,3,18,166548,66272.0,72665.0,31356.0,0.0,2,2,2,0
17,20.3950,258.2480,12.7420,291.3850,1391,5954,45,568,2,12,3,18,166548,66317.0,70567.0,31527.0,0.0,2,2,2,0
18,7.7190,247.5930,8.4200,263.7320,1391,5954,45,568,2,12,3,18,166548,66279.0,71967.0,31423.0,0.0,2,2,2,0
19,17.3980,260.5040,23.7670,301.6690,1391,5957,45,568,2,12,3,18,166548,66217.0,70283.0,31428.0,0.0,2,2,2,0
20,16.4260,265.6190,10.0920,292.1370,1391,5965,45,568,2,12,3,18,166548,66204.0,71438.0,31503.0,0.0,2,2,2,0
21,5.4340,254.2950,14.8160,274.5450,1391,5957,45,568,2,12,3,18,166548,66383.0,70246.0,31298.0,0.0,2,2,2,0
22,6.4700,246.8460,46.9880,300.3040,1391,5955,45,568,2,12,3,18,166548,66207.0,71457.0,31247.0,0.0,2,2,2,0
23,8.4000,245.6330,22.1770,276.2100,1391,5956,45,568,2,12,3,18,166548,66258.0,73088.0,31510.0,0.0,2,2,2,0
24,5.4000,263.3420,8.1560,276.8980,1391,5960,45,568,2,12,3,18,166548,66225.0,71619.0,31533.0,0.0,2,2,2,0
25,10.3930,250.4450,8.4370,269.2750,1391,5956,45,568,2,12,3,18,166548,66342.0,71555.0,31252.0,0.0,2,2,2,0
26,8.9740,252.2070,10.0370,271.2180,1391,5956,45,568,2,12,3,18,166548,66223.0,71578.0,31130.0,0.0,2,2,2,0
27,14.7640,261.4830,11.5760,287.8230,1391,5953,45,568,2,12,3,18,166548,66294.0,70114.0,31362.0,0.0,2,2,2,0
28,10.4910,254.4010,22.2430,287.1350,1391,5956,45,568,2,12,3,18,166548,66238.0,71295.0,31237.0,0.0,2,2,2,0
29,6.4360,253.3610,14.3700,274.1670,1391,5962,45,568,2,12,3,18,166548,66282.0,71719.0,31390.0,0.0,2,2,2,0
30,16.3980,256.7440,8.2810,281.4230,1391,5954,45,568,2,12,3,18,166548,66163.0,71282.0,31452.0,0.0,2,2,2,0
31,4.5710,256.8270,12.1670,273.5650,1391,5959,45,568,2,12,3,18,166548,66349.0,70379.0,31422.0,0.0,2,2,2,0
32,26.7520,245.8330,20.1280,292.7130,1391,5956,45,568,2,12,3,18,166548,66330.0,71602.0,31229.0,0.0,2,2,2,0
33,5.7590,259.1810,8.3140,273.2540,1391,5952,45,568,2,12,3,18,166548,66346.0,71366.0,31397.0,0.0,2,2,2,0
34,16.6230,267.8560,8.6410,293.1200,1391,5958,45,568,2,12,3,18,166548,66237.0,70718.0,31328.0,0.0,2,2,2,0
35,6.4000,248.0140,11.5570,265.9710,1391,5961,45,568,2,12,3,18,166548,66283.0,71817.0,31448.0,0.0,2,2,2,0
36,9.5040,254.0230,11.5860,275.1130,1391,5951,45,568,2,12,3,18,166548,66221.0,70483.0,31266.0,0.0,2,2,2,0
37,8.9780,253.3680,26.9910,289.3370,1391,5954,45,568,2,12,3,18,166548,66416.0,71926.0,31416.0,0.0,2,2,2,0
38,5.4110,259.2130,8.6170,273.2410,1391,5953,45,568,2,12,3,18,166548,66331.0,71442.0,31292.0,0.0,2,2,2,0
39,15.4440,246.9790,15.3700,277.7930,1391,5952,45,568,2,12,3,18,166548,66263.0,71590.0,31394.0,0.0,2,2,2,0
40,9.5580,247.3490,12.0110,268.9180,1391,5957,45,568,2,12,3,18,166548,66347.0,71370.0,31205.0,0.0,2,2,2,0
41,4.5050,257.2640,15.0030,276.7720,1391,5955,45,568,2,12,3,18,166548,66258.0,70190.0,31107.0,0.0,2,2,2,0
42,21.4020,246.2370,19.4620,287.1010,1391,5956,45,568,2,12,3,18,166548,66280.0,71897.0,31368.0,0.0,2,2,2,0
43,4.4030,259.7440,8.8810,273.0280,1391,5958,45,568,2,12,3,18,166548,66334.0,72369.0,31426.0,0.0,2,2,2,0
44,18.4250,244.0480,10.4650,272.9380,1391,5957,45,568,2,12,3,18,166548,66573.0,72227.0,31424.0,0.0,2,2,2,0
45,4.6160,254.4860,11.6950,270.7970,1391,5953,45,568,2,12,3,18,166548,66190.0,72154.0,31274.0,0.0,2,2,2,0
46,5.4020,254.6270,8.4860,268.5150,1391,5956,45,568,2,12,3,18,166548,66469.0,70395.0,31446.0,0.0,2,2,2,0
47,5.4720,254.4180,11.3050,271.1950,1391,5953,45,568,2,12,3,18,166548,66352.0,72032.0,31323.0,0.0,2,2,2,0
48,20.7420,258.7410,9.1210,288.6040,1391,5958,45,568,2,12,3,18,166548,66345.0,71401.0,31145.0,0.0,2,2,2,0
49,4.4150,257.0910,11.5190,273.0250,1391,5957,45,568,2,12,3,18,166548,66118.0,70715.0,31485.0,0.0,2,2,2,0
#heap 27587
#stack 3384
#end
#block connect mTLS
#lib wolfSSL 5.9.4
iter,tcp_ms,tls_ms,mqtt_ms,total_ms,hs_tx_B,hs_rx_B,mqtt_tx_B,mqtt_rx_B,hs_writes,hs_reads,writes,reads,free_heap_B,hs_keygen_us,hs_derive_us,hs_verify_us,hs_sign_us,hs_keygen_n,hs_derive_n,hs_verify_n,hs_sign_n
#suite TLS13-AES256-GCM-SHA384
0,4.4170,2460.1940,89.2840,2553.8950,6065,6129,45,7224,4,14,5,20,159020,66348.0,71874.0,31116.0,2188118.0,2,2,2,1
1,6.4360,2458.6120,87.8480,2552.8960,6058,6126,45,7224,4,14,5,20,159020,66722.0,71369.0,31825.0,2183891.0,2,2,2,1
2,6.3800,2445.2310,101.5080,2553.1190,6060,6123,45,7224,4,14,5,20,159020,66172.0,71439.0,31112.0,2173014.0,2,2,2,1
3,10.4040,2457.2870,83.4780,2551.1690,6059,6132,45,7224,4,14,5,20,159020,66284.0,71279.0,31213.0,2185726.0,2,2,2,1
4,5.4540,2450.4080,97.3640,2553.2260,6059,6125,45,7224,4,14,5,20,159020,66201.0,73454.0,31104.0,2179131.0,2,2,2,1
5,5.4070,2451.3220,96.1050,2552.8340,6063,6132,45,7224,4,14,5,20,159020,66223.0,72039.0,31439.0,2179558.0,2,2,2,1
6,7.3880,2452.1950,93.8740,2553.4570,6058,6128,45,7224,4,14,5,20,159020,66291.0,71607.0,31321.0,2180743.0,2,2,2,1
7,6.8520,2457.7150,40.5630,2505.1300,6061,6130,45,7224,4,14,5,20,159020,66403.0,71346.0,31368.0,2185488.0,2,2,2,1
8,4.8750,2460.1410,116.1850,2581.2010,6055,6124,45,7224,4,14,5,20,159020,66306.0,70734.0,31314.0,2177928.0,2,2,2,1
9,10.7240,2450.1600,89.7420,2550.6260,6056,6127,45,7224,4,14,5,20,159020,66340.0,71981.0,31406.0,2178270.0,2,2,2,1
10,7.3990,2457.4850,89.0250,2553.9090,6057,6125,45,7224,4,14,5,20,159020,66487.0,71745.0,31393.0,2184595.0,2,2,2,1
11,18.4290,2448.6960,85.2600,2552.3850,6060,6130,45,7224,4,14,5,20,159020,66214.0,71419.0,31423.0,2177399.0,2,2,2,1
12,4.6790,2456.7800,91.9340,2553.3930,6062,6127,45,7224,4,14,5,20,159020,66218.0,71478.0,31454.0,2185008.0,2,2,2,1
13,3.7900,2448.8770,97.3920,2550.0590,6055,6128,45,7224,4,14,5,20,159020,66176.0,71969.0,31836.0,2172728.0,2,2,2,1
14,7.6100,2455.0690,44.5850,2507.2640,6061,6122,45,7224,4,14,5,20,159020,66362.0,71494.0,31260.0,2179726.0,2,2,2,1
15,19.5870,2463.9370,113.4890,2597.0130,6055,6129,45,7224,4,14,5,20,159020,66422.0,70177.0,31222.0,2181729.0,2,2,2,1
16,5.3850,2451.1390,96.2330,2552.7570,6058,6127,45,7224,4,14,5,20,159020,66322.0,71452.0,31395.0,2178953.0,2,2,2,1
17,9.7230,2450.8480,92.3440,2552.9150,6058,6134,45,7224,4,14,5,20,159020,66195.0,71854.0,31353.0,2179452.0,2,2,2,1
18,6.4180,2458.3810,88.0990,2552.8980,6058,6125,45,7224,4,14,5,20,159020,66152.0,71402.0,31284.0,2185271.0,2,2,2,1
19,7.4140,2450.3580,95.2100,2552.9820,6055,6122,45,7224,4,14,5,20,159020,66320.0,71428.0,31239.0,2177819.0,2,2,2,1
20,5.3840,2454.1470,93.4840,2553.0150,6062,6125,45,7224,4,14,5,20,159020,66283.0,71580.0,31398.0,2179398.0,2,2,2,1
21,6.3770,2448.6660,446.6080,2901.6510,6057,6121,45,7224,4,14,5,20,159020,66165.0,71938.0,31569.0,2174926.0,2,2,2,1
22,11.5730,2449.7310,148.5630,2609.8670,6063,6130,45,7224,4,14,5,20,159020,66145.0,71391.0,31319.0,2177154.0,2,2,2,1
23,2642.5360,2460.0660,216.0060,5318.6080,6056,6123,45,7224,4,14,5,20,159020,66329.0,70030.0,31496.0,2182310.0,2,2,2,1
24,7.4660,2453.1200,88.0110,2548.5970,6056,6128,45,7224,4,14,5,20,159020,66345.0,71492.0,31680.0,2181242.0,2,2,2,1
25,5.3920,2445.6180,104.1470,2555.1570,6052,6128,45,7224,4,14,5,20,159020,66227.0,71374.0,31437.0,2173337.0,2,2,2,1
26,5.3990,2452.1420,89.3190,2546.8600,6061,6127,45,7224,4,14,5,20,159020,66263.0,71473.0,31302.0,2180410.0,2,2,2,1
27,5.6130,2458.6580,93.0170,2557.2880,6056,6132,45,7224,4,14,5,20,159020,66463.0,72120.0,31425.0,2183835.0,2,2,2,1
28,5.5090,2451.3900,95.3550,2552.2540,6060,6127,45,7224,4,14,5,20,159020,66303.0,71551.0,31412.0,2180543.0,2,2,2,1
29,5.4040,2453.2370,93.6440,2552.2850,6054,6128,45,7224,4,14,5,20,159020,66266.0,71490.0,31259.0,2181429.0,2,2,2,1
30,5.5220,2445.0650,102.9500,2553.5370,6063,6126,45,7224,4,14,5,20,159020,66339.0,71392.0,31431.0,2173411.0,2,2,2,1
31,4.6290,2448.7320,99.6910,2553.0520,6067,6126,45,7224,4,14,5,20,159020,66253.0,71971.0,31325.0,2176471.0,2,2,2,1
32,4.6650,2445.7840,100.3200,2550.7690,6055,6129,45,7224,4,14,5,20,159020,66447.0,71610.0,31254.0,2172975.0,2,2,2,1
33,26.4160,2456.4850,81.3720,2564.2730,6059,6126,45,7224,4,14,5,20,159020,66219.0,71531.0,31259.0,2185745.0,2,2,2,1
34,18.7320,2464.8840,56.3910,2540.0070,6059,6131,45,7224,4,14,5,20,159020,66273.0,70839.0,31438.0,2181526.0,2,2,2,1
35,7.6090,2444.3520,100.6350,2552.5960,6053,6130,45,7224,4,14,5,20,159020,66160.0,71816.0,31435.0,2175158.0,2,2,2,1
36,5.6150,2455.9810,91.7860,2553.3820,6058,6130,45,7224,4,14,5,20,159020,66286.0,71870.0,31322.0,2182565.0,2,2,2,1
37,5.7610,2453.7750,93.0010,2552.5370,6060,6130,45,7224,4,14,5,20,159020,66433.0,71485.0,31440.0,2182630.0,2,2,2,1
38,6.3980,2450.2850,98.2580,2554.9410,6060,6126,45,7224,4,14,5,20,159020,66408.0,73426.0,31478.0,2177757.0,2,2,2,1
39,5.5930,2455.4990,88.6560,2549.7480,6058,6125,45,7224,4,14,5,20,159020,66263.0,71824.0,31264.0,2185224.0,2,2,2,1
40,6.5760,2453.6760,92.1670,2552.4190,6059,6123,45,7224,4,14,5,20,159020,66146.0,71866.0,31466.0,2182886.0,2,2,2,1
41,15.4050,2445.8230,92.5490,2553.7770,6057,6130,45,7224,4,14,5,20,159020,66273.0,71403.0,31100.0,2174073.0,2,2,2,1
42,6.3690,2451.7830,93.9510,2552.1030,6059,6133,45,7224,4,14,5,20,159020,66327.0,71575.0,31248.0,2178360.0,2,2,2,1
43,6.4710,2448.5100,97.2560,2552.2370,6061,6126,45,7224,4,14,5,20,159020,66198.0,72969.0,31535.0,2178503.0,2,2,2,1
44,6.3730,2458.6260,87.0620,2552.0610,6062,6123,45,7224,4,14,5,20,159020,66332.0,71906.0,31098.0,2185350.0,2,2,2,1
45,6.4000,2452.2750,96.1790,2554.8540,6058,6126,45,7224,4,14,5,20,159020,66462.0,71561.0,31445.0,2181051.0,2,2,2,1
46,5.7840,2456.4050,86.8090,2548.9980,6061,6125,45,7224,4,14,5,20,159020,66340.0,71367.0,31307.0,2181760.0,2,2,2,1
47,6.7180,2456.4160,90.5860,2553.7200,6058,6126,45,7224,4,14,5,20,159020,66377.0,71509.0,31109.0,2180309.0,2,2,2,1
48,5.6210,2451.9740,94.6810,2552.2760,6059,6124,45,7224,4,14,5,20,159020,66139.0,72079.0,31277.0,2179684.0,2,2,2,1
49,4.5460,2448.7460,99.4120,2552.7040,6058,6126,45,7224,4,14,5,20,159020,66348.0,71469.0,31264.0,2175999.0,2,2,2,1
#heap 138238
#stack 3512
#end
#block pipeline plain lorawan11 up
#aead LoRaWAN-1.1 AES-128-CTR+2xCMAC (BearSSL (arduino-pico)), uplink, 51 B payload + 13 B overhead
#lib none (plain MQTT)
iter,tcp_ms,tls_ms,mqtt_ms,total_ms,hs_tx_B,hs_rx_B,mqtt_tx_B,mqtt_rx_B,hs_writes,hs_reads,writes,reads,free_heap_B,hs_keygen_us,hs_derive_us,hs_verify_us,hs_sign_us,hs_keygen_n,hs_derive_n,hs_verify_n,hs_sign_n
msg,iter,idx,seal_us,rtt_us,open_us,tx_B,rx_B
whole,iter,first_ms,all_ms,msgs
0,21.3630,0.0030,4.2280,25.5940,0,0,23,4,0,0,1,1,169324,0.0,0.0,0.0,0.0,0,0,0,0
msg,0,0,831,3860,777,90,90
msg,0,1,704,5145,773,90,90
msg,0,2,705,4108,777,90,90
msg,0,3,699,6268,793,90,90
msg,0,4,705,13586,778,90,90
msg,0,5,699,3947,780,90,90
msg,0,6,704,4089,764,90,90
msg,0,7,671,5091,778,90,90
msg,0,8,704,4813,773,90,90
msg,0,9,671,19528,789,90,90
msg,0,10,697,4993,763,90,90
msg,0,11,683,4187,776,90,90
msg,0,12,706,3888,776,90,90
msg,0,13,770,4019,773,90,90
msg,0,14,668,5311,764,90,90
msg,0,15,671,4855,781,90,90
msg,0,16,708,17407,772,90,90
msg,0,17,711,3928,783,90,90
msg,0,18,710,5095,764,90,90
msg,0,19,681,4085,770,90,90
msg,0,20,710,3422,759,90,90
msg,0,21,673,5453,754,90,90
msg,0,22,672,14154,772,90,90
msg,0,23,697,4980,828,90,90
msg,0,24,705,7451,771,90,90
msg,0,25,700,3654,762,90,90
msg,0,26,685,3905,831,90,90
msg,0,27,713,3964,771,90,90
msg,0,28,671,5889,784,90,90
msg,0,29,709,14898,773,90,90
msg,0,30,669,4479,784,90,90
msg,0,31,701,3839,779,90,90
msg,0,32,712,4143,775,90,90
msg,0,33,713,3760,762,90,90
msg,0,34,1150,4878,756,90,90
msg,0,35,680,19615,785,90,90
msg,0,36,696,4577,779,90,90
msg,0,37,696,4118,782,90,90
msg,0,38,771,4267,775,90,90
msg,0,39,701,4170,778,90,90
msg,0,40,670,4276,772,90,90
msg,0,41,669,4983,776,90,90
msg,0,42,707,15644,759,90,90
msg,0,43,682,4577,789,90,90
msg,0,44,702,5165,761,90,90
msg,0,45,679,4509,772,90,90
msg,0,46,702,6306,780,90,90
msg,0,47,676,19479,774,90,90
msg,0,48,704,3975,763,90,90
msg,0,49,674,4098,779,90,90
msg,0,50,709,5577,765,90,90
msg,0,51,671,6268,775,90,90
msg,0,52,703,4023,776,90,90
msg,0,53,701,17294,773,90,90
msg,0,54,696,4463,781,90,90
msg,0,55,703,4000,780,90,90
msg,0,56,700,3911,771,90,90
msg,0,57,701,4392,761,90,90
msg,0,58,698,4175,776,90,90
msg,0,59,700,19173,781,90,90
msg,0,60,705,7129,777,90,90
msg,0,61,697,5502,772,90,90
msg,0,62,703,5485,796,90,90
msg,0,63,697,4043,782,90,90
msg,0,64,704,6685,774,90,90
msg,0,65,692,15910,776,90,90
msg,0,66,718,3962,776,90,90
msg,0,67,681,4484,775,90,90
msg,0,68,673,5308,769,90,90
msg,0,69,667,7693,777,90,90
msg,0,70,701,18458,782,90,90
msg,0,71,709,4058,782,90,90
msg,0,72,700,3719,780,90,90
msg,0,73,703,3903,775,90,90
msg,0,74,697,4490,779,90,90
msg,0,75,700,3901,760,90,90
msg,0,76,671,6255,759,90,90
msg,0,77,681,17736,776,90,90
msg,0,78,700,5092,768,90,90
msg,0,79,675,5729,781,90,90
msg,0,80,706,3921,761,90,90
msg,0,81,675,4851,780,90,90
msg,0,82,699,19027,781,90,90
msg,0,83,673,4796,775,90,90
msg,0,84,700,4683,761,90,90
msg,0,85,673,4234,779,90,90
msg,0,86,701,4370,759,90,90
msg,0,87,699,3664,834,90,90
msg,0,88,700,20044,763,90,90
msg,0,89,676,7314,755,90,90
msg,0,90,693,6459,773,90,90
msg,0,91,676,6794,779,90,90
msg,0,92,693,18382,777,90,90
msg,0,93,702,3995,832,90,90
msg,0,94,671,4538,784,90,90
msg,0,95,697,3847,765,90,90
msg,0,96,691,3799,775,90,90
msg,0,97,704,4177,771,90,90
msg,0,98,673,4136,767,90,90
msg,0,99,670,4870,779,90,90
msg,0,100,704,13733,765,90,90
msg,0,101,697,3956,782,90,90
msg,0,102,698,3859,760,90,90
msg,0,103,674,4192,769,90,90
msg,0,104,700,5515,760,90,90
msg,0,105,682,4303,761,90,90
msg,0,106,678,18855,775,90,90
msg,0,107,705,5023,778,90,90
msg,0,108,694,5026,774,90,90
msg,0,109,707,4170,775,90,90
msg,0,110,700,4355,830,90,90
msg,0,111,698,4204,776,90,90
msg,0,112,695,3708,761,90,90
msg,0,113,679,15952,781,90,90
msg,0,114,718,4024,772,90,90
msg,0,115,706,4264,770,90,90
msg,0,116,678,3626,779,90,90
msg,0,117,697,3995,754,90,90
msg,0,118,670,21137,772,90,90
msg,0,119,702,4727,772,90,90
msg,0,120,695,3787,783,90,90
msg,0,121,702,5200,780,90,90
msg,0,122,698,3872,758,90,90
msg,0,123,676,4089,771,90,90
msg,0,124,697,5580,756,90,90
msg,0,125,679,15455,789,90,90
msg,0,126,672,4041,771,90,90
msg,0,127,709,4902,779,90,90
msg,0,128,694,3936,765,90,90
msg,0,129,679,4081,779,90,90
msg,0,130,700,5568,766,90,90
msg,0,131,673,20176,773,90,90
msg,0,132,695,4002,776,90,90
msg,0,133,704,3943,762,90,90
msg,0,134,677,3905,782,90,90
msg,0,135,694,5013,773,90,90
msg,0,136,699,3784,780,90,90
msg,0,137,706,4041,782,90,90
msg,0,138,707,15849,762,90,90
msg,0,139,683,4599,824,90,90
msg,0,140,694,4583,777,90,90
msg,0,141,693,4346,776,90,90
msg,0,142,698,6369,772,90,90
msg,0,143,700,14977,781,90,90
msg,0,144,675,4080,758,90,90
msg,0,145,707,4100,775,90,90
msg,0,146,705,4292,784,90,90
msg,0,147,703,8146,770,90,90
msg,0,148,701,4422,778,90,90
msg,0,149,700,6424,772,90,90
msg,0,150,701,16056,791,90,90
msg,0,151,694,5580,784,90,90
msg,0,152,709,4259,779,90,90
msg,0,153,706,4017,774,90,90
msg,0,154,672,7244,761,90,90
msg,0,155,672,18713,779,90,90
msg,0,156,700,6144,778,90,90
msg,0,157,669,8724,787,90,90
msg,0,158,700,5976,771,90,90
msg,0,159,671,5006,781,90,90
msg,0,160,718,17627,779,90,90
msg,0,161,681,4062,770,90,90
msg,0,162,693,3893,771,90,90
msg,0,163,702,4451,781,90,90
msg,0,164,708,4485,835,90,90
msg,0,165,697,3634,764,90,90
msg,0,166,667,18053,781,90,90
msg,0,167,712,5740,775,90,90
msg,0,168,673,5680,776,90,90
msg,0,169,711,5200,773,90,90
msg,0,170,700,3577,784,90,90
msg,0,171,710,9265,783,90,90
msg,0,172,706,14386,775,90,90
msg,0,173,768,6097,777,90,90
msg,0,174,706,4506,783,90,90
msg,0,175,699,4203,777,90,90
msg,0,176,772,6566,774,90,90
msg,0,177,703,15587,1177,90,90
msg,0,178,712,4017,779,90,90
msg,0,179,673,3695,776,90,90
msg,0,180,703,6905,824,90,90
msg,0,181,673,5884,774,90,90
msg,0,182,708,4610,759,90,90
msg,0,183,674,5971,781,90,90
msg,0,184,700,16984,773,90,90
msg,0,185,680,4072,854,90,90
msg,0,186,677,3982,771,90,90
msg,0,187,699,6379,781,90,90
msg,0,188,706,5975,775,90,90
msg,0,189,713,16969,806,90,90
msg,0,190,679,4223,770,90,90
msg,0,191,693,5271,780,90,90
msg,0,192,698,6165,776,90,90
msg,0,193,701,4850,755,90,90
msg,0,194,677,4266,772,90,90
msg,0,195,675,3742,782,90,90
msg,0,196,710,13110,785,90,90
msg,0,197,674,4355,770,90,90
msg,0,198,682,3842,783,90,90
msg,0,199,698,4149,779,90,90
whole,0,37.292,1728.988,200
1,5.5580,0.0020,21.1600,26.7200,0,0,23,4,0,0,1,1,169324,0.0,0.0,0.0,0.0,0,0,0,0
msg,1,0,830,4516,773,90,90
msg,1,1,703,3860,773,90,90
msg,1,2,701,5200,778,90,90
msg,1,3,814,3874,767,90,90
msg,1,4,704,4630,774,90,90
msg,1,5,670,16037,785,90,90
msg,1,6,703,3934,833,90,90
msg,1,7,696,6440,778,90,90
msg,1,8,708,4455,772,90,90
msg,1,9,703,5001,774,90,90
msg,1,10,701,18970,765,90,90
msg,1,11,677,6536,782,90,90
msg,1,12,707,3786,778,90,90
msg,1,13,699,4106,782,90,90
msg,1,14,695,5144,776,90,90
msg,1,15,706,5488,783,90,90
msg,1,16,707,17478,784,90,90
msg,1,17,697,4020,780,90,90
msg,1,18,700,3847,779,90,90
msg,1,19,772,3836,784,90,90
msg,1,20,698,4257,788,90,90
msg,1,21,702,5563,775,90,90
msg,1,22,697,21415,775,90,90
msg,1,23,704,4198,778,90,90
msg,1,24,701,3703,775,90,90
msg,1,25,707,6207,790,90,90
msg,1,26,708,4277,782,90,90
msg,1,27,701,8288,783,90,90
msg,1,28,698,15377,782,90,90
msg,1,29,705,3559,767,90,90
msg,1,30,676,3719,777,90,90
msg,1,31,700,4227,780,90,90
msg,1,32,676,7689,779,90,90
msg,1,33,772,21969,792,90,90
msg,1,34,752,4589,783,90,90
msg,1,35,706,5005,775,90,90
msg,1,36,698,7211,764,90,90
msg,1,37,680,5302,764,90,90
msg,1,38,680,19411,766,90,90
msg,1,39,678,4196,765,90,90
msg,1,40,684,5812,776,90,90
msg,1,41,697,3976,759,90,90
msg,1,42,676,9307,761,90,90
msg,1,43,676,20128,773,90,90
msg,1,44,710,5196,779,90,90
msg,1,45,704,5443,772,90,90
msg,1,46,704,8017,782,90,90
msg,1,47,710,5894,771,90,90
msg,1,48,675,17839,777,90,90
msg,1,49,699,3851,763,90,90
msg,1,50,680,4546,781,90,90
msg,1,51,673,7083,773,90,90
msg,1,52,699,7132,783,90,90
msg,1,53,708,14578,761,90,90
msg,1,54,697,5051,782,90,90
msg,1,55,707,5174,776,90,90
msg,1,56,703,3514,869,90,90
msg,1,57,711,4333,783,90,90
msg,1,58,698,3864,769,90,90
msg,1,59,687,5309,782,90,90
msg,1,60,710,3614,781,90,90
msg,1,61,701,15176,785,90,90
msg,1,62,709,3909,758,90,90
msg,1,63,678,6983,780,90,90
msg,1,64,712,4925,778,90,90
msg,1,65,667,5542,777,90,90
msg,1,66,698,19222,781,90,90
msg,1,67,673,3989,776,90,90
msg,1,68,701,3876,839,90,90
msg,1,69,705,4632,778,90,90
msg,1,70,696,4204,780,90,90
msg,1,71,709,4443,776,90,90
msg,1,72,766,4660,770,90,90
msg,1,73,678,20949,778,90,90
msg,1,74,713,7269,777,90,90
msg,1,75,704,4370,780,90,90
msg,1,76,697,6685,764,90,90
msg,1,77,667,19961,780,90,90
msg,1,78,703,4013,777,90,90
msg,1,79,696,3803,782,90,90
msg,1,80,707,3964,783,90,90
msg,1,81,694,4467,785,90,90
msg,1,82,703,3893,761,90,90
msg,1,83,677,5428,783,90,90
msg,1,84,675,17683,777,90,90
msg,1,85,705,4274,778,90,90
msg,1,86,701,4748,824,90,90
msg,1,87,704,4561,785,90,90
msg,1,88,677,4857,777,90,90
msg,1,89,705,18742,762,90,90
msg,1,90,673,4136,769,90,90
msg,1,91,818,5982,772,90,90
msg,1,92,700,6789,767,90,90
msg,1,93,671,4805,777,90,90
msg,1,94,704,5976,766,90,90
msg,1,95,695,14266,778,90,90
msg,1,96,678,5931,780,90,90
msg,1,97,694,5624,761,90,90
msg,1,98,672,4039,784,90,90
msg,1,99,711,6392,778,90,90
msg,1,100,697,24424,844,90,90
msg,1,101,703,5042,785,90,90
msg,1,102,711,3955,783,90,90
msg,1,103,665,4090,762,90,90
msg,1,104,673,7921,774,90,90
msg,1,105,696,17866,766,90,90
msg,1,106,679,4393,756,90,90
msg,1,107,672,4993,831,90,90
msg,1,108,696,4364,777,90,90
msg,1,109,695,3870,780,90,90
msg,1,110,700,4738,780,90,90
msg,1,111,707,18334,776,90,90
msg,1,112,703,4414,781,90,90
msg,1,113,697,3849,780,90,90
msg,1,114,715,3614,785,90,90
msg,1,115,710,3544,778,90,90
msg,1,116,710,5068,782,90,90
msg,1,117,697,20950,782,90,90
msg,1,118,674,7828,786,90,90
msg,1,119,705,7684,771,90,90
msg,1,120,673,8048,775,90,90
msg,1,121,707,15705,769,90,90
msg,1,122,681,3695,780,90,90
msg,1,123,706,4668,778,90,90
msg,1,124,711,3768,767,90,90
msg,1,125,674,3835,779,90,90
msg,1,126,701,4170,775,90,90
msg,1,127,698,3831,765,90,90
msg,1,128,680,5862,779,90,90
msg,1,129,705,16168,782,90,90
msg,1,130,705,4435,775,90,90
msg,1,131,699,3646,772,90,90
msg,1,132,697,7096,781,90,90
msg,1,133,699,5592,776,90,90
msg,1,134,700,19301,776,90,90
msg,1,135,701,4175,774,90,90
msg,1,136,693,7350,779,90,90
msg,1,137,709,6302,777,90,90
msg,1,138,697,3852,759,90,90
msg,1,139,677,29962,779,90,90
msg,1,140,744,4225,767,90,90
msg,1,141,680,5735,773,90,90
msg,1,142,707,5909,763,90,90
msg,1,143,677,19431,763,90,90
msg,1,144,675,3725,778,90,90
msg,1,145,691,3974,764,90,90
msg,1,146,676,3990,777,90,90
msg,1,147,713,3902,774,90,90
msg,1,148,676,5216,767,90,90
msg,1,149,675,5532,783,90,90
msg,1,150,695,13401,780,90,90
msg,1,151,697,4527,782,90,90
msg,1,152,703,3498,786,90,90
msg,1,153,701,3961,778,90,90
msg,1,154,708,4007,759,90,90
msg,1,155,670,5198,768,90,90
msg,1,156,706,17033,773,90,90
msg,1,157,710,4500,771,90,90
msg,1,158,711,5712,755,90,90
msg,1,159,745,3929,782,90,90
msg,1,160,700,4224,778,90,90
msg,1,161,704,4070,781,90,90
msg,1,162,694,6132,767,90,90
msg,1,163,676,16001,777,90,90
msg,1,164,703,4035,786,90,90
msg,1,165,700,3804,768,90,90
msg,1,166,703,3875,771,90,90
msg,1,167,695,3827,763,90,90
msg,1,168,695,3916,783,90,90
msg,1,169,699,18785,772,90,90
msg,1,170,676,4597,797,90,90
msg,1,171,676,4021,768,90,90
msg,1,172,706,3876,778,90,90
msg,1,173,698,5677,774,90,90
msg,1,174,698,4705,768,90,90
msg,1,175,673,4123,773,90,90
msg,1,176,701,15816,778,90,90
msg,1,177,702,4132,784,90,90
msg,1,178,672,4677,780,90,90
msg,1,179,701,4272,782,90,90
msg,1,180,695,7390,773,90,90
msg,1,181,697,21017,779,90,90
msg,1,182,685,4560,777,90,90
msg,1,183,702,3712,779,90,90
msg,1,184,706,3840,778,90,90
msg,1,185,669,5224,765,90,90
msg,1,186,673,4734,780,90,90
msg,1,187,706,18084,783,90,90
msg,1,188,674,6471,777,90,90
msg,1,189,697,6567,776,90,90
msg,1,190,700,4118,777,90,90
msg,1,191,703,4969,756,90,90
msg,1,192,675,30041,788,90,90
msg,1,193,701,6203,774,90,90
msg,1,194,710,7678,767,90,90
msg,1,195,697,8649,777,90,90
msg,1,196,675,16864,787,90,90
msg,1,197,705,5351,782,90,90
msg,1,198,703,5574,762,90,90
msg,1,199,683,4760,775,90,90
whole,1,38.399,1844.023,200
2,26.3880,0.0030,4.8390,31.2300,0,0,23,4,0,0,1,1,169324,0.0,0.0,0.0,0.0,0,0,0,0
msg,2,0,836,3937,786,90,90
msg,2,1,705,4306,778,90,90
msg,2,2,703,4591,782,90,90
msg,2,3,702,17018,775,90,90
msg,2,4,708,3867,761,90,90
msg,2,5,697,4564,757,90,90
msg,2,6,677,5510,774,90,90
msg,2,7,697,5869,780,90,90
msg,2,8,819,18623,779,90,90
msg,2,9,716,4335,775,90,90
msg,2,10,695,3720,776,90,90
msg,2,11,706,3732,755,90,90
msg,2,12,673,8035,778,90,90
msg,2,13,705,4102,780,90,90
msg,2,14,700,17690,776,90,90
msg,2,15,696,4225,771,90,90
msg,2,16,700,6458,773,90,90
msg,2,17,699,3875,777,90,90
msg,2,18,704,3762,775,90,90
msg,2,19,697,19543,768,90,90
msg,2,20,675,6058,779,90,90
msg,2,21,697,3539,757,90,90
msg,2,22,694,4277,778,90,90
msg,2,23,703,4664,777,90,90
msg,2,24,667,3569,777,90,90
msg,2,25,701,3856,775,90,90
msg,2,26,683,18494,827,90,90
msg,2,27,682,4000,774,90,90
msg,2,28,700,3969,777,90,90
msg,2,29,702,3857,766,90,90
msg,2,30,667,5201,779,90,90
msg,2,31,708,19992,783,90,90
msg,2,32,760,3921,760,90,90
msg,2,33,674,5155,776,90,90
msg,2,34,705,4404,766,90,90
msg,2,35,679,4287,775,90,90
msg,2,36,702,4610,777,90,90
msg,2,37,677,3947,783,90,90
msg,2,38,708,4161,769,90,90
msg,2,39,700,15598,773,90,90
msg,2,40,704,3834,785,90,90
msg,2,41,696,4018,759,90,90
msg,2,42,672,6955,775,90,90
msg,2,43,697,7192,781,90,90
msg,2,44,706,18010,784,90,90
msg,2,45,670,5051,773,90,90
msg,2,46,698,18218,787,90,90
msg,2,47,712,4176,783,90,90
msg,2,48,765,17378,792,90,90
msg,2,49,711,4688,754,90,90
msg,2,50,671,4607,781,90,90
msg,2,51,702,4581,777,90,90
msg,2,52,705,4555,780,90,90
msg,2,53,701,4225,783,90,90
msg,2,54,702,20626,765,90,90
msg,2,55,675,5976,764,90,90
msg,2,56,708,4726,759,90,90
msg,2,57,667,4801,779,90,90
msg,2,58,699,6468,776,90,90
msg,2,59,694,4574,785,90,90
msg,2,60,708,17227,776,90,90
msg,2,61,703,5825,777,90,90
msg,2,62,672,7035,779,90,90
msg,2,63,703,7691,769,90,90
msg,2,64,673,19075,763,90,90
msg,2,65,697,5691,779,90,90
msg,2,66,769,4899,764,90,90
msg,2,67,714,4373,758,90,90
msg,2,68,701,9282,771,90,90
msg,2,69,698,3980,771,90,90
msg,2,70,702,18375,778,90,90
msg,2,71,703,5292,780,90,90
msg,2,72,693,4648,778,90,90
msg,2,73,705,4782,780,90,90
msg,2,74,694,20706,785,90,90
msg,2,75,704,8901,771,90,90
msg,2,76,668,4520,776,90,90
msg,2,77,700,4049,763,90,90
msg,2,78,742,4587,780,90,90
msg,2,79,699,8348,777,90,90
msg,2,80,696,14854,758,90,90
msg,2,81,697,4642,773,90,90
msg,2,82,671,5125,763,90,90
msg,2,83,777,4215,764,90,90
msg,2,84,699,3842,777,90,90
msg,2,85,698,3888,764,90,90
msg,2,86,671,19851,779,90,90
msg,2,87,708,8469,777,90,90
msg,2,88,707,4879,783,90,90
msg,2,89,668,4054,829,90,90
msg,2,90,702,5636,774,90,90
msg,2,91,683,4061,773,90,90
msg,2,92,706,13540,761,90,90
msg,2,93,678,4170,763,90,90
msg,2,94,697,4021,868,90,90
msg,2,95,701,4269,780,90,90
msg,2,96,697,3883,780,90,90
msg,2,97,670,6025,772,90,90
msg,2,98,765,18723,833,90,90
msg,2,99,709,5724,782,90,90
msg,2,100,712,6724,761,90,90
msg,2,101,669,4532,775,90,90
msg,2,102,700,7227,783,90,90
msg,2,103,670,18339,782,90,90
msg,2,104,677,7850,867,90,90
msg,2,105,703,4651,763,90,90
msg,2,106,666,4200,772,90,90
msg,2,107,710,6133,835,90,90
msg,2,108,706,20917,789,90,90
msg,2,109,706,8168,776,90,90
msg,2,110,673,3994,781,90,90
msg,2,111,709,3875,774,90,90
msg,2,112,696,4182,780,90,90
msg,2,113,716,6593,779,90,90
msg,2,114,706,15965,776,90,90
msg,2,115,671,4485,780,90,90
msg,2,116,699,6101,755,90,90
msg,2,117,671,5159,775,90,90
msg,2,118,702,5587,769,90,90
msg,2,119,670,18267,769,90,90
msg,2,120,677,5016,784,90,90
msg,2,121,696,5061,776,90,90
msg,2,122,703,3953,768,90,90
msg,2,123,669,9009,786,90,90
msg,2,124,712,5802,766,90,90
msg,2,125,672,16265,763,90,90
msg,2,126,669,5958,782,90,90
msg,2,127,702,7502,785,90,90
msg,2,128,700,23814,778,90,90
msg,2,129,703,9143,766,90,90
msg,2,130,676,4672,777,90,90
msg,2,131,711,4278,775,90,90
msg,2,132,694,5282,771,90,90
msg,2,133,678,6447,778,90,90
msg,2,134,697,17105,758,90,90
msg,2,135,674,4825,782,90,90
msg,2,136,699,4676,760,90,90
msg,2,137,695,4119,778,90,90
msg,2,138,695,4928,778,90,90
msg,2,139,701,19344,782,90,90
msg,2,140,701,4003,763,90,90
msg,2,141,674,8890,830,90,90
msg,2,142,708,6875,761,90,90
msg,2,143,680,6277,760,90,90
msg,2,144,677,6311,763,90,90
msg,2,145,676,21734,784,90,90
msg,2,146,706,4441,778,90,90
msg,2,147,703,4132,831,90,90
msg,2,148,704,7011,760,90,90
msg,2,149,669,18997,774,90,90
msg,2,150,707,5698,761,90,90
msg,2,151,674,3838,780,90,90
msg,2,152,697,8017,776,90,90
msg,2,153,679,4274,761,90,90
msg,2,154,671,4042,774,90,90
msg,2,155,775,17208,781,90,90
msg,2,156,697,5088,776,90,90
msg,2,157,707,4334,769,90,90
msg,2,158,700,7000,758,90,90
msg,2,159,681,7696,791,90,90
msg,2,160,708,18354,785,90,90
msg,2,161,703,4984,763,90,90
msg,2,162,676,4340,760,90,90
msg,2,163,675,6194,771,90,90
msg,2,164,697,6967,771,90,90
msg,2,165,691,6696,775,90,90
msg,2,166,711,17466,759,90,90
msg,2,167,675,4572,771,90,90
msg,2,168,681,4940,775,90,90
msg,2,169,698,4296,772,90,90
msg,2,170,699,4076,778,90,90
msg,2,171,701,19832,767,90,90
msg,2,172,674,4027,778,90,90
msg,2,173,701,3984,781,90,90
msg,2,174,707,5678,773,90,90
msg,2,175,709,5085,778,90,90
msg,2,176,695,5111,768,90,90
msg,2,177,677,17561,781,90,90
msg,2,178,710,4299,779,90,90
msg,2,179,787,4193,781,90,90
msg,2,180,713,4316,783,90,90
msg,2,181,706,5179,784,90,90
msg,2,182,701,3894,764,90,90
msg,2,183,677,18282,764,90,90
msg,2,184,673,3924,781,90,90
msg,2,185,700,4142,782,90,90
msg,2,186,704,4067,777,90,90
msg,2,187,678,4829,781,90,90
msg,2,188,706,5348,783,90,90
msg,2,189,701,4839,764,90,90
msg,2,190,675,20379,775,90,90
msg,2,191,680,7224,757,90,90
msg,2,192,675,4094,779,90,90
msg,2,193,697,22161,777,90,90
msg,2,194,708,4700,761,90,90
msg,2,195,707,3866,775,90,90
msg,2,196,704,4977,761,90,90
msg,2,197,675,4636,777,90,90
msg,2,198,690,4268,780,90,90
msg,2,199,699,3941,767,90,90
whole,2,44.328,1894.859,200
#stack 2360
#end
#block pipeline plain lorawan11 down
#aead LoRaWAN-1.1 AES-128-CTR+2xCMAC (BearSSL (arduino-pico)), downlink, 51 B payload + 13 B overhead
#lib none (plain MQTT)
iter,tcp_ms,tls_ms,mqtt_ms,total_ms,hs_tx_B,hs_rx_B,mqtt_tx_B,mqtt_rx_B,hs_writes,hs_reads,writes,reads,free_heap_B,hs_keygen_us,hs_derive_us,hs_verify_us,hs_sign_us,hs_keygen_n,hs_derive_n,hs_verify_n,hs_sign_n
msg,iter,idx,seal_us,rtt_us,open_us,tx_B,rx_B
whole,iter,first_ms,all_ms,msgs
0,14.4940,0.0020,6.1310,20.6270,0,0,23,4,0,0,1,1,169324,0.0,0.0,0.0,0.0,0,0,0,0
msg,0,0,575,4165,518,90,90
msg,0,1,415,17839,510,90,90
msg,0,2,415,4267,518,90,90
msg,0,3,443,6023,493,90,90
msg,0,4,438,4545,513,90,90
msg,0,5,411,4457,501,90,90
msg,0,6,411,4111,509,90,90
msg,0,7,404,7109,519,90,90
msg,0,8,411,36595,497,90,90
msg,0,9,416,28265,517,90,90
msg,0,10,423,5333,494,90,90
msg,0,11,436,4196,514,90,90
msg,0,12,422,3973,507,90,90
msg,0,13,412,3976,512,90,90
msg,0,14,417,3939,515,90,90
msg,0,15,414,4302,498,90,90
msg,0,16,437,16512,508,90,90
msg,0,17,450,3921,507,90,90
msg,0,18,446,5060,496,90,90
msg,0,19,435,7832,495,90,90
msg,0,20,444,3787,492,90,90
msg,0,21,434,4351,492,90,90
msg,0,22,411,19303,516,90,90
msg,0,23,442,4032,491,90,90
msg,0,24,434,4907,501,90,90
msg,0,25,443,3832,496,90,90
msg,0,26,444,5663,508,90,90
msg,0,27,425,4041,494,90,90
msg,0,28,441,5657,513,90,90
msg,0,29,425,15400,493,90,90
msg,0,30,411,3763,494,90,90
msg,0,31,442,4591,509,90,90
msg,0,32,439,3691,505,90,90
msg,0,33,414,4750,512,90,90
msg,0,34,415,6581,496,90,90
msg,0,35,444,16281,518,90,90
msg,0,36,414,5858,514,90,90
msg,0,37,421,4111,508,90,90
msg,0,38,413,4406,497,90,90
msg,0,39,497,3546,493,90,90
msg,0,40,439,3845,495,90,90
msg,0,41,443,3892,496,90,90
msg,0,42,446,6673,505,90,90
msg,0,43,438,17514,509,90,90
msg,0,44,413,6860,504,90,90
msg,0,45,416,3996,514,90,90
msg,0,46,414,6043,511,90,90
msg,0,47,415,21172,503,90,90
msg,0,48,446,4335,516,90,90
msg,0,49,416,4234,504,90,90
msg,0,50,441,4795,569,90,90
msg,0,51,437,4123,490,90,90
msg,0,52,443,3721,508,90,90
msg,0,53,449,3634,515,90,90
msg,0,54,412,4135,548,90,90
msg,0,55,435,3842,490,90,90
msg,0,56,442,16213,494,90,90
msg,0,57,418,3765,500,90,90
msg,0,58,455,3661,495,90,90
msg,0,59,444,4422,510,90,90
msg,0,60,420,5930,507,90,90
msg,0,61,416,19717,498,90,90
msg,0,62,427,9247,512,90,90
msg,0,63,417,8223,497,90,90
msg,0,64,453,8940,500,90,90
msg,0,65,448,4042,494,90,90
msg,0,66,415,5674,491,90,90
msg,0,67,445,16574,500,90,90
msg,0,68,437,3848,563,90,90
msg,0,69,437,3783,516,90,90
msg,0,70,448,4031,497,90,90
msg,0,71,444,4075,496,90,90
msg,0,72,448,6455,513,90,90
msg,0,73,413,18394,500,90,90
msg,0,74,427,4110,510,90,90
msg,0,75,426,5399,496,90,90
msg,0,76,442,4579,511,90,90
msg,0,77,410,4034,505,90,90
msg,0,78,435,4705,512,90,90
msg,0,79,412,6766,512,90,90
msg,0,80,418,30480,495,90,90
msg,0,81,451,3828,494,90,90
msg,0,82,448,8969,495,90,90
msg,0,83,420,20817,503,90,90
msg,0,84,428,8313,513,90,90
msg,0,85,419,4843,518,90,90
msg,0,86,485,4911,506,90,90
msg,0,87,413,3548,499,90,90
msg,0,88,419,6768,496,90,90
msg,0,89,425,17032,507,90,90
msg,0,90,416,3905,509,90,90
msg,0,91,415,4705,498,90,90
msg,0,92,417,3751,492,90,90
msg,0,93,448,4059,493,90,90
msg,0,94,412,4886,496,90,90
msg,0,95,416,14639,494,90,90
msg,0,96,445,4876,495,90,90
msg,0,97,446,3876,497,90,90
msg,0,98,446,10841,492,90,90
msg,0,99,448,6534,508,90,90
msg,0,100,416,4755,516,90,90
msg,0,101,417,19141,507,90,90
msg,0,102,446,3866,501,90,90
msg,0,103,444,4433,559,90,90
msg,0,104,411,5310,506,90,90
msg,0,105,441,3755,511,90,90
msg,0,106,418,6457,497,90,90
msg,0,107,410,21737,502,90,90
msg,0,108,440,3720,495,90,90
msg,0,109,446,4508,508,90,90
msg,0,110,416,3751,509,90,90
msg,0,111,410,5290,496,90,90
msg,0,112,439,5312,492,90,90
msg,0,113,418,5820,495,90,90
msg,0,114,411,16260,519,90,90
msg,0,115,421,7449,499,90,90
msg,0,116,407,3809,495,90,90
msg,0,117,444,4515,513,90,90
msg,0,118,441,6929,507,90,90
msg,0,119,447,15646,508,90,90
msg,0,120,410,5595,500,90,90
msg,0,121,427,3470,612,90,90
msg,0,122,455,4199,511,90,90
msg,0,123,419,3719,495,90,90
msg,0,124,416,4300,513,90,90
msg,0,125,423,4034,508,90,90
msg,0,126,455,6358,493,90,90
msg,0,127,419,15193,510,90,90
msg,0,128,426,3834,513,90,90
msg,0,129,413,3981,511,90,90
msg,0,130,420,3943,521,90,90
msg,0,131,451,3808,507,90,90
msg,0,132,413,4132,567,90,90
msg,0,133,440,4455,505,90,90
msg,0,134,420,19055,507,90,90
msg,0,135,451,11295,490,90,90
msg,0,136,412,4329,513,90,90
msg,0,137,417,4252,498,90,90
msg,0,138,446,3765,494,90,90
msg,0,139,433,21611,514,90,90
msg,0,140,425,3837,514,90,90
msg,0,141,417,3713,509,90,90
msg,0,142,420,3951,512,90,90
msg,0,143,416,4183,504,90,90
msg,0,144,440,4462,515,90,90
msg,0,145,411,18974,516,90,90
msg,0,146,414,6169,510,90,90
msg,0,147,444,8037,497,90,90
msg,0,148,439,5022,499,90,90
msg,0,149,442,4090,497,90,90
msg,0,150,412,4025,510,90,90
msg,0,151,427,6147,507,90,90
msg,0,152,418,15181,500,90,90
msg,0,153,443,3728,494,90,90
msg,0,154,439,3827,511,90,90
msg,0,155,440,4878,509,90,90
msg,0,156,443,3759,597,90,90
msg,0,157,450,7996,500,90,90
msg,0,158,444,20001,495,90,90
msg,0,159,449,3903,494,90,90
msg,0,160,436,4790,491,90,90
msg,0,161,442,4219,516,90,90
msg,0,162,411,7119,505,90,90
msg,0,163,425,5399,492,90,90
msg,0,164,443,19040,497,90,90
msg,0,165,417,3782,493,90,90
msg,0,166,413,3824,490,90,90
msg,0,167,445,4420,506,90,90
msg,0,168,415,4117,504,90,90
msg,0,169,451,7078,497,90,90
msg,0,170,444,6412,515,90,90
msg,0,171,414,11754,513,90,90
msg,0,172,410,3774,509,90,90
msg,0,173,424,4536,500,90,90
msg,0,174,447,6722,498,90,90
msg,0,175,448,8054,492,90,90
msg,0,176,443,5273,521,90,90
msg,0,177,429,17855,565,90,90
msg,0,178,417,3822,514,90,90
msg,0,179,427,4389,496,90,90
msg,0,180,443,4100,499,90,90
msg,0,181,426,3791,499,90,90
msg,0,182,409,3917,492,90,90
msg,0,183,413,19056,596,90,90
msg,0,184,411,4997,507,90,90
msg,0,185,420,4766,509,90,90
msg,0,186,420,4512,488,90,90
msg,0,187,412,6103,515,90,90
msg,0,188,423,5172,508,90,90
msg,0,189,422,4343,500,90,90
msg,0,190,440,4630,492,90,90
msg,0,191,443,15610,509,90,90
msg,0,192,411,4197,491,90,90
msg,0,193,442,3903,494,90,90
msg,0,194,556,5217,511,90,90
msg,0,195,415,4893,513,90,90
msg,0,196,414,3968,511,90,90
msg,0,197,409,18795,510,90,90
msg,0,198,417,3886,511,90,90
msg,0,199,419,5359,490,90,90
whole,0,31.627,1701.039,200
1,3.3550,0.0020,5.1420,8.4990,0,0,23,4,0,0,1,1,169324,0.0,0.0,0.0,0.0,0,0,0,0
msg,1,0,567,5362,496,90,90
msg,1,1,418,16587,499,90,90
msg,1,2,449,6115,499,90,90
msg,1,3,413,7627,504,90,90
msg,1,4,444,25788,500,90,90
msg,1,5,439,8159,497,90,90
msg,1,6,418,8052,510,90,90
msg,1,7,411,9175,508,90,90
msg,1,8,407,11429,502,90,90
msg,1,9,409,17119,571,90,90
msg,1,10,415,4560,490,90,90
msg,1,11,437,3767,494,90,90
msg,1,12,413,4688,499,90,90
msg,1,13,446,4052,494,90,90
msg,1,14,423,4313,508,90,90
msg,1,15,416,20765,514,90,90
msg,1,16,415,6566,493,90,90
msg,1,17,416,4799,492,90,90
msg,1,18,443,4208,507,90,90
msg,1,19,419,4025,509,90,90
msg,1,20,410,6161,512,90,90
msg,1,21,442,17796,510,90,90
msg,1,22,444,4220,505,90,90
msg,1,23,432,5491,515,90,90
msg,1,24,431,4031,495,90,90
msg,1,25,443,3896,496,90,90
msg,1,26,439,6170,490,90,90
msg,1,27,416,20964,496,90,90
msg,1,28,413,4273,511,90,90
msg,1,29,417,10933,509,90,90
msg,1,30,447,4012,499,90,90
msg,1,31,447,3858,498,90,90
msg,1,32,447,6516,517,90,90
msg,1,33,412,17000,507,90,90
msg,1,34,416,4564,492,90,90
msg,1,35,411,3840,499,90,90
msg,1,36,412,3729,496,90,90
msg,1,37,439,3873,499,90,90
msg,1,38,444,6698,500,90,90
msg,1,39,450,19053,502,90,90
msg,1,40,417,4820,492,90,90
msg,1,41,443,4844,491,90,90
msg,1,42,435,6645,508,90,90
msg,1,43,439,3818,509,90,90
msg,1,44,445,6116,495,90,90
msg,1,45,443,18181,518,90,90
msg,1,46,417,3735,495,90,90
msg,1,47,413,4035,516,90,90
msg,1,48,424,3911,511,90,90
msg,1,49,409,3656,496,90,90
msg,1,50,411,4093,511,90,90
msg,1,51,423,5017,514,90,90
msg,1,52,412,18778,507,90,90
msg,1,53,410,4782,494,90,90
msg,1,54,415,4195,510,90,90
msg,1,55,413,3881,515,90,90
msg,1,56,419,5244,494,90,90
msg,1,57,455,3893,498,90,90
msg,1,58,441,7861,498,90,90
msg,1,59,437,16081,494,90,90
msg,1,60,412,4034,504,90,90
msg,1,61,423,3830,493,90,90
msg,1,62,853,4061,500,90,90
msg,1,63,449,4188,492,90,90
msg,1,64,412,6470,503,90,90
msg,1,65,442,13431,506,90,90
msg,1,66,410,5014,513,90,90
msg,1,67,414,3661,494,90,90
msg,1,68,413,4630,496,90,90
msg,1,69,444,4144,494,90,90
msg,1,70,410,4209,518,90,90
msg,1,71,482,4439,495,90,90
msg,1,72,414,3784,494,90,90
msg,1,73,439,17746,496,90,90
msg,1,74,437,4201,500,90,90
msg,1,75,415,4150,502,90,90
msg,1,76,411,3816,510,90,90
msg,1,77,414,3887,508,90,90
msg,1,78,413,3678,501,90,90
msg,1,79,417,4028,507,90,90
msg,1,80,411,19582,501,90,90
msg,1,81,456,4513,512,90,90
msg,1,82,442,3990,502,90,90
msg,1,83,431,4572,509,90,90
msg,1,84,411,6586,514,90,90
msg,1,85,423,5680,501,90,90
msg,1,86,447,4386,504,90,90
msg,1,87,412,15885,518,90,90
msg,1,88,418,3955,514,90,90
msg,1,89,408,4577,502,90,90
msg,1,90,413,4661,492,90,90
msg,1,91,419,3845,498,90,90
msg,1,92,438,5328,509,90,90
msg,1,93,410,19550,499,90,90
msg,1,94,417,4166,512,90,90
msg,1,95,414,4610,511,90,90
msg,1,96,421,3870,502,90,90
msg,1,97,421,6072,506,90,90
msg,1,98,421,4056,509,90,90
msg,1,99,424,5625,511,90,90
msg,1,100,426,18088,517,90,90
msg,1,101,415,3969,510,90,90
msg,1,102,406,7098,495,90,90
msg,1,103,451,3923,492,90,90
msg,1,104,560,7068,493,90,90
msg,1,105,430,15217,513,90,90
msg,1,106,417,4422,497,90,90
msg,1,107,438,4853,494,90,90
msg,1,108,447,4211,507,90,90
msg,1,109,418,3513,496,90,90
msg,1,110,451,4537,505,90,90
msg,1,111,416,7754,566,90,90
msg,1,112,412,4219,492,90,90
msg,1,113,440,16559,518,90,90
msg,1,114,422,4283,494,90,90
msg,1,115,455,4352,511,90,90
msg,1,116,409,3779,508,90,90
msg,1,117,426,4718,500,90,90
msg,1,118,415,5290,514,90,90
msg,1,119,410,19005,504,90,90
msg,1,120,436,3924,494,90,90
msg,1,121,439,4853,504,90,90
msg,1,122,442,3797,512,90,90
msg,1,123,433,3611,514,90,90
msg,1,124,423,4022,511,90,90
msg,1,125,422,3907,509,90,90
msg,1,126,417,3958,510,90,90
msg,1,127,416,15056,503,90,90
msg,1,128,476,5095,509,90,90
msg,1,129,409,4791,508,90,90
msg,1,130,412,3977,510,90,90
msg,1,131,418,3768,516,90,90
msg,1,132,413,11899,507,90,90
msg,1,133,411,16420,496,90,90
msg,1,134,449,4198,500,90,90
msg,1,135,421,6583,496,90,90
msg,1,136,453,5280,511,90,90
msg,1,137,411,6257,508,90,90
msg,1,138,510,5735,554,90,90
msg,1,139,443,13631,513,90,90
msg,1,140,415,5122,508,90,90
msg,1,141,442,5237,498,90,90
msg,1,142,419,7041,498,90,90
msg,1,143,414,6849,497,90,90
msg,1,144,412,16326,510,90,90
msg,1,145,439,4813,508,90,90
msg,1,146,415,4093,500,90,90
msg,1,147,448,4077,495,90,90
msg,1,148,451,3892,496,90,90
msg,1,149,443,5381,515,90,90
msg,1,150,410,3694,508,90,90
msg,1,151,411,5913,519,90,90
msg,1,152,424,15417,499,90,90
msg,1,153,447,3781,499,90,90
msg,1,154,444,4469,515,90,90
msg,1,155,418,3831,518,90,90
msg,1,156,417,4043,509,90,90
msg,1,157,415,6507,493,90,90
msg,1,158,411,6679,496,90,90
msg,1,159,451,13427,518,90,90
msg,1,160,420,4414,491,90,90
msg,1,161,427,4423,510,90,90
msg,1,162,414,3790,509,90,90
msg,1,163,418,6075,510,90,90
msg,1,164,448,4128,500,90,90
msg,1,165,448,6308,514,90,90
msg,1,166,420,18958,516,90,90
msg,1,167,418,4084,515,90,90
msg,1,168,470,4028,495,90,90
msg,1,169,449,5245,507,90,90
msg,1,170,416,7464,548,90,90
msg,1,171,448,19865,497,90,90
msg,1,172,453,4078,492,90,90
msg,1,173,421,4918,489,90,90
msg,1,174,424,6034,520,90,90
msg,1,175,493,4848,511,90,90
msg,1,176,419,3879,520,90,90
msg,1,177,424,5816,500,90,90
msg,1,178,410,17198,507,90,90
msg,1,179,445,6795,510,90,90
msg,1,180,417,5142,557,90,90
msg,1,181,441,4186,488,90,90
msg,1,182,424,5841,493,90,90
msg,1,183,423,22182,507,90,90
msg,1,184,415,4187,490,90,90
msg,1,185,437,3989,498,90,90
msg,1,186,448,4581,505,90,90
msg,1,187,411,6404,497,90,90
msg,1,188,534,3750,493,90,90
msg,1,189,426,5064,515,90,90
msg,1,190,413,15605,499,90,90
msg,1,191,444,3817,502,90,90
msg,1,192,442,3989,494,90,90
msg,1,193,409,4368,510,90,90
msg,1,194,412,5545,497,90,90
msg,1,195,412,21967,512,90,90
msg,1,196,413,4182,511,90,90
msg,1,197,415,4131,497,90,90
msg,1,198,446,3961,495,90,90
msg,1,199,450,3810,494,90,90
whole,1,19.859,1639.415,200
2,4.4380,0.0020,7.5140,11.9540,0,0,23,4,0,0,1,1,169324,0.0,0.0,0.0,0.0,0,0,0,0
msg,2,0,566,3988,502,90,90
msg,2,1,448,6820,491,90,90
msg,2,2,435,5302,505,90,90
msg,2,3,415,7335,505,90,90
msg,2,4,450,19072,493,90,90
msg,2,5,450,3656,507,90,90
msg,2,6,442,4913,495,90,90
msg,2,7,442,4031,493,90,90
msg,2,8,436,3833,500,90,90
msg,2,9,562,3958,498,90,90
msg,2,10,419,3830,496,90,90
msg,2,11,432,4220,512,90,90
msg,2,12,414,13757,495,90,90
msg,2,13,412,3736,498,90,90
msg,2,14,414,5513,507,90,90
msg,2,15,433,8081,498,90,90
msg,2,16,452,7443,509,90,90
msg,2,17,415,18302,510,90,90
msg,2,18,446,4034,489,90,90
msg,2,19,480,3862,494,90,90
msg,2,20,420,4019,507,90,90
msg,2,21,418,3483,499,90,90
msg,2,22,440,3800,502,90,90
msg,2,23,447,5893,498,90,90
msg,2,24,441,20400,519,90,90
msg,2,25,412,3787,515,90,90
msg,2,26,426,4746,491,90,90
msg,2,27,413,3891,496,90,90
msg,2,28,414,4561,498,90,90
msg,2,29,442,6946,494,90,90
msg,2,30,450,19696,504,90,90
msg,2,31,447,4135,496,90,90
msg,2,32,439,4369,517,90,90
msg,2,33,415,3668,511,90,90
msg,2,34,420,4206,518,90,90
msg,2,35,413,4203,499,90,90
msg,2,36,442,3822,495,90,90
msg,2,37,445,5026,557,90,90
msg,2,38,425,16100,509,90,90
msg,2,39,421,3847,510,90,90
msg,2,40,412,4235,508,90,90
msg,2,41,419,3820,514,90,90
msg,2,42,413,3793,523,90,90
msg,2,43,407,6686,510,90,90
msg,2,44,417,20141,514,90,90
msg,2,45,413,5825,515,90,90
msg,2,46,413,4803,514,90,90
msg,2,47,522,7224,492,90,90
msg,2,48,446,7279,502,90,90
msg,2,49,423,19515,501,90,90
msg,2,50,436,5230,496,90,90
msg,2,51,414,4289,510,90,90
msg,2,52,410,3792,512,90,90
msg,2,53,490,5933,511,90,90
msg,2,54,451,6218,494,90,90
msg,2,55,444,21418,510,90,90
msg,2,56,415,7265,495,90,90
msg,2,57,445,4566,506,90,90
msg,2,58,438,5161,493,90,90
msg,2,59,443,4131,494,90,90
msg,2,60,422,6162,513,90,90
msg,2,61,410,14906,510,90,90
msg,2,62,490,3851,516,90,90
msg,2,63,418,5557,496,90,90
msg,2,64,413,4869,497,90,90
msg,2,65,413,3653,496,90,90
msg,2,66,441,5451,510,90,90
msg,2,67,414,21283,496,90,90
msg,2,68,442,3991,489,90,90
msg,2,69,441,4054,500,90,90
msg,2,70,423,4531,500,90,90
msg,2,71,441,3545,507,90,90
msg,2,72,412,3926,513,90,90
msg,2,73,419,4028,503,90,90
msg,2,74,442,3843,508,90,90
msg,2,75,447,16203,497,90,90
msg,2,76,416,4184,515,90,90
msg,2,77,414,3754,496,90,90
msg,2,78,416,4654,554,90,90
msg,2,79,445,4958,503,90,90
msg,2,80,421,20028,511,90,90
msg,2,81,413,4287,507,90,90
msg,2,82,444,4122,492,90,90
msg,2,83,446,4449,518,90,90
msg,2,84,417,3868,510,90,90
msg,2,85,410,5311,494,90,90
msg,2,86,452,3910,547,90,90
msg,2,87,442,6657,495,90,90
msg,2,88,442,17366,516,90,90
msg,2,89,422,4164,517,90,90
msg,2,90,445,5334,497,90,90
msg,2,91,414,5285,509,90,90
msg,2,92,417,7492,493,90,90
msg,2,93,415,18385,515,90,90
msg,2,94,425,3993,502,90,90
msg,2,95,446,3988,495,90,90
msg,2,96,443,3855,497,90,90
msg,2,97,444,4486,512,90,90
msg,2,98,410,4035,510,90,90
msg,2,99,415,4057,493,90,90
msg,2,100,444,6521,513,90,90
msg,2,101,431,13708,498,90,90
msg,2,102,419,4756,492,90,90
msg,2,103,412,4225,510,90,90
msg,2,104,410,5435,493,90,90
msg,2,105,444,5537,513,90,90
msg,2,106,438,3812,506,90,90
msg,2,107,413,21157,494,90,90
msg,2,108,443,4215,499,90,90
msg,2,109,417,4127,512,90,90
msg,2,110,411,3980,884,90,90
msg,2,111,458,6016,498,90,90
msg,2,112,410,5747,497,90,90
msg,2,113,440,26448,507,90,90
msg,2,114,411,5377,494,90,90
msg,2,115,441,3738,492,90,90
msg,2,116,443,3767,498,90,90
msg,2,117,445,21546,513,90,90
msg,2,118,413,4460,498,90,90
msg,2,119,446,3893,491,90,90
msg,2,120,413,4655,497,90,90
msg,2,121,445,3897,496,90,90
msg,2,122,437,5813,501,90,90
msg,2,123,442,4115,496,90,90
msg,2,124,436,7207,508,90,90
msg,2,125,416,15108,511,90,90
msg,2,126,414,4460,497,90,90
msg,2,127,419,3806,495,90,90
msg,2,128,414,3664,494,90,90
msg,2,129,440,6593,512,90,90
msg,2,130,418,40381,510,90,90
msg,2,131,415,14098,511,90,90
msg,2,132,416,5253,509,90,90
msg,2,133,446,13392,496,90,90
msg,2,134,416,4021,512,90,90
msg,2,135,414,5905,521,90,90
msg,2,136,416,5141,509,90,90
msg,2,137,445,5054,494,90,90
msg,2,138,437,5213,498,90,90
msg,2,139,419,19070,518,90,90
msg,2,140,415,5178,511,90,90
msg,2,141,443,4891,508,90,90
msg,2,142,437,4574,508,90,90
msg,2,143,428,5981,563,90,90
msg,2,144,413,4518,499,90,90
msg,2,145,410,4969,513,90,90
msg,2,146,419,13250,509,90,90
msg,2,147,452,4241,494,90,90
msg,2,148,410,4249,502,90,90
msg,2,149,412,4186,511,90,90
msg,2,150,433,3817,509,90,90
msg,2,151,442,6829,508,90,90
msg,2,152,446,21169,504,90,90
msg,2,153,442,4187,512,90,90
msg,2,154,411,3912,514,90,90
msg,2,155,420,3890,512,90,90
msg,2,156,418,5407,498,90,90
msg,2,157,435,4848,501,90,90
msg,2,158,447,6748,509,90,90
msg,2,159,440,16604,509,90,90
msg,2,160,415,3853,510,90,90
msg,2,161,415,3747,499,90,90
msg,2,162,425,5277,512,90,90
msg,2,163,447,4540,510,90,90
msg,2,164,416,3688,493,90,90
msg,2,165,418,18584,497,90,90
msg,2,166,443,7540,517,90,90
msg,2,167,412,3682,511,90,90
msg,2,168,411,6931,515,90,90
msg,2,169,418,3785,563,90,90
msg,2,170,411,3773,496,90,90
msg,2,171,423,6273,516,90,90
msg,2,172,413,15802,503,90,90
msg,2,173,416,4008,520,90,90
msg,2,174,413,4215,552,90,90
msg,2,175,448,5930,499,90,90
msg,2,176,450,4010,495,90,90
msg,2,177,417,7523,494,90,90
msg,2,178,444,16443,517,90,90
msg,2,179,421,6488,548,90,90
msg,2,180,425,3802,502,90,90
msg,2,181,446,3893,494,90,90
msg,2,182,441,4116,502,90,90
msg,2,183,420,5166,515,90,90
msg,2,184,411,20456,501,90,90
msg,2,185,418,4682,495,90,90
msg,2,186,448,4973,492,90,90
msg,2,187,444,5217,512,90,90
msg,2,188,412,6095,512,90,90
msg,2,189,424,32045,512,90,90
msg,2,190,441,4358,494,90,90
msg,2,191,414,8780,493,90,90
msg,2,192,411,8314,512,90,90
msg,2,193,416,18145,502,90,90
msg,2,194,444,4117,498,90,90
msg,2,195,446,5220,514,90,90
msg,2,196,410,4730,495,90,90
msg,2,197,490,10325,509,90,90
msg,2,198,441,21283,494,90,90
msg,2,199,432,7510,497,90,90
whole,2,35.938,1726.801,200
#stack 2256
#end
#block pipeline plain lorawan11_256 up
#aead AES-256-CTR+2xCMAC (LoRaWAN 1.1 frame, 256-bit keys) (BearSSL (arduino-pico)), uplink, 51 B payload + 13 B overhead
#lib none (plain MQTT)
iter,tcp_ms,tls_ms,mqtt_ms,total_ms,hs_tx_B,hs_rx_B,mqtt_tx_B,mqtt_rx_B,hs_writes,hs_reads,writes,reads,free_heap_B,hs_keygen_us,hs_derive_us,hs_verify_us,hs_sign_us,hs_keygen_n,hs_derive_n,hs_verify_n,hs_sign_n
msg,iter,idx,seal_us,rtt_us,open_us,tx_B,rx_B
whole,iter,first_ms,all_ms,msgs
0,6.3520,0.0020,4.8280,11.1820,0,0,23,4,0,0,1,1,169324,0.0,0.0,0.0,0.0,0,0,0,0
msg,0,0,1051,3986,1016,90,90
msg,0,1,1002,4265,1006,90,90
msg,0,2,931,5708,1004,90,90
msg,0,3,927,8080,1013,90,90
msg,0,4,930,19278,1008,90,90
msg,0,5,946,3754,1006,90,90
msg,0,6,907,4136,1004,90,90
msg,0,7,927,3901,1000,90,90
msg,0,8,933,4410,1069,90,90
msg,0,9,931,3342,1005,90,90
msg,0,10,931,4025,1006,90,90
msg,0,11,928,16181,1056,90,90
msg,0,12,926,22661,1011,90,90
msg,0,13,935,7207,1006,90,90
msg,0,14,900,15558,1009,90,90
msg,0,15,928,4131,1013,90,90
msg,0,16,922,3691,1010,90,90
msg,0,17,937,4061,1006,90,90
msg,0,18,933,5450,1006,90,90
msg,0,19,941,4514,1005,90,90
msg,0,20,935,15648,1017,90,90
msg,0,21,934,4133,1001,90,90
msg,0,22,933,6291,1012,90,90
msg,0,23,922,3985,1009,90,90
msg,0,24,936,3633,1006,90,90
msg,0,25,931,19598,999,90,90
msg,0,26,930,8269,1008,90,90
msg,0,27,934,4403,1007,90,90
msg,0,28,938,3792,1000,90,90
msg,0,29,999,4641,1085,90,90
msg,0,30,910,4456,1008,90,90
msg,0,31,940,14972,1003,90,90
msg,0,32,931,3838,1003,90,90
msg,0,33,924,10416,993,90,90
msg,0,34,924,24017,1008,90,90
msg,0,35,931,6171,1010,90,90
msg,0,36,943,4633,1001,90,90
msg,0,37,931,4171,1010,90,90
msg,0,38,936,4891,1005,90,90
msg,0,39,931,3960,1012,90,90
msg,0,40,945,4078,1001,90,90
msg,0,41,933,14986,1005,90,90
msg,0,42,936,3904,998,90,90
msg,0,43,930,7888,1004,90,90
msg,0,44,932,8292,1006,90,90
msg,0,45,932,14541,1019,90,90
msg,0,46,939,4754,1007,90,90
msg,0,47,931,7038,1008,90,90
msg,0,48,938,3858,1008,90,90
msg,0,49,934,4288,1010,90,90
msg,0,50,935,3798,1018,90,90
msg,0,51,928,5058,1001,90,90
msg,0,52,927,12700,1010,90,90
msg,0,53,931,4717,1009,90,90
msg,0,54,928,3691,1000,90,90
msg,0,55,931,4052,1004,90,90
msg,0,56,931,3622,1003,90,90
msg,0,57,939,3805,1006,90,90
msg,0,58,934,18875,996,90,90
msg,0,59,934,5289,1010,90,90
msg,0,60,932,4117,1005,90,90
msg,0,61,933,3950,1004,90,90
msg,0,62,928,4390,1013,90,90
msg,0,63,930,3437,1000,90,90
msg,0,64,940,16564,1002,90,90
msg,0,65,932,4830,998,90,90
msg,0,66,935,3814,1006,90,90
msg,0,67,943,3780,1004,90,90
msg,0,68,934,3868,1004,90,90
msg,0,69,935,4437,1007,90,90
msg,0,70,907,12021,999,90,90
msg,0,71,929,3812,1066,90,90
msg,0,72,937,4787,1004,90,90
msg,0,73,902,4025,984,90,90
msg,0,74,931,3779,1013,90,90
msg,0,75,1049,4058,1011,90,90
msg,0,76,932,3727,1000,90,90
msg,0,77,930,17479,1022,90,90
msg,0,78,939,6683,1007,90,90
msg,0,79,932,8811,1011,90,90
msg,0,80,941,5025,1009,90,90
msg,0,81,935,16781,1011,90,90
msg,0,82,930,3957,1005,90,90
msg,0,83,933,4640,1012,90,90
msg,0,84,929,4465,1007,90,90
msg,0,85,939,6368,1006,90,90
msg,0,86,939,4334,999,90,90
msg,0,87,928,4954,1001,90,90
msg,0,88,935,15526,1013,90,90
msg,0,89,928,5154,1005,90,90
msg,0,90,940,4385,1011,90,90
msg,0,91,927,4612,1004,90,90
msg,0,92,929,5425,1012,90,90
msg,0,93,926,26963,1008,90,90
msg,0,94,910,5039,1089,90,90
msg,0,95,933,4192,1007,90,90
msg,0,96,927,3706,1006,90,90
msg,0,97,930,4911,1005,90,90
msg,0,98,935,14109,1004,90,90
msg,0,99,922,4177,1007,90,90
msg,0,100,902,4254,1003,90,90
msg,0,101,935,6106,1011,90,90
msg,0,102,937,7373,1016,90,90
msg,0,103,933,17773,1009,90,90
msg,0,104,934,4485,1013,90,90
msg,0,105,937,4314,1006,90,90
msg,0,106,1048,4106,1009,90,90
msg,0,107,933,3823,1010,90,90
msg,0,108,935,5066,1013,90,90
msg,0,109,1005,16992,1016,90,90
msg,0,110,936,5411,1004,90,90
msg,0,111,927,4888,1005,90,90
msg,0,112,935,5536,1004,90,90
msg,0,113,925,12034,1008,90,90
msg,0,114,934,12150,1009,90,90
msg,0,115,1001,4696,1017,90,90
msg,0,116,936,4634,999,90,90
msg,0,117,935,4334,1008,90,90
msg,0,118,934,4629,1008,90,90
msg,0,119,933,6636,1001,90,90
msg,0,120,933,14063,1053,90,90
msg,0,121,942,4345,1012,90,90
msg,0,122,930,4031,1005,90,90
msg,0,123,903,5056,1067,90,90
msg,0,124,928,8562,1004,90,90
msg,0,125,929,16364,1003,90,90
msg,0,126,935,4021,1007,90,90
msg,0,127,936,4514,1007,90,90
msg,0,128,941,3864,996,90,90
msg,0,129,934,4608,1023,90,90
msg,0,130,942,3821,1009,90,90
msg,0,131,929,4750,1007,90,90
msg,0,132,930,15193,1010,90,90
msg,0,133,924,4216,1006,90,90
msg,0,134,928,3800,1001,90,90
msg,0,135,934,4085,1015,90,90
msg,0,136,940,6915,1011,90,90
msg,0,137,1007,18278,1005,90,90
msg,0,138,1007,4175,1092,90,90
msg,0,139,935,3864,1000,90,90
msg,0,140,936,3885,1009,90,90
msg,0,141,936,4435,1005,90,90
msg,0,142,931,3924,999,90,90
msg,0,143,933,3925,998,90,90
msg,0,144,934,14892,1005,90,90
msg,0,145,940,3667,1007,90,90
msg,0,146,905,6643,1008,90,90
msg,0,147,933,4118,1012,90,90
msg,0,148,901,4211,1012,90,90
msg,0,149,930,19515,1012,90,90
msg,0,150,906,3669,1010,90,90
msg,0,151,933,3801,1000,90,90
msg,0,152,936,4902,1009,90,90
msg,0,153,929,3604,996,90,90
msg,0,154,944,3666,1005,90,90
msg,0,155,931,4373,1008,90,90
msg,0,156,935,16106,1008,90,90
msg,0,157,898,5078,1007,90,90
msg,0,158,931,4860,1012,90,90
msg,0,159,937,4592,1003,90,90
msg,0,160,930,3934,1003,90,90
msg,0,161,930,18367,1010,90,90
msg,0,162,1032,4776,1014,90,90
msg,0,163,933,4899,1009,90,90
msg,0,164,928,5734,1050,90,90
msg,0,165,933,4969,1000,90,90
msg,0,166,934,5113,1017,90,90
msg,0,167,930,15147,1017,90,90
msg,0,168,908,3921,1008,90,90
msg,0,169,912,5578,1006,90,90
msg,0,170,933,4567,1008,90,90
msg,0,171,934,20749,1001,90,90
msg,0,172,934,3980,1016,90,90
msg,0,173,932,3834,1007,90,90
msg,0,174,931,4310,1002,90,90
msg,0,175,935,4521,1002,90,90
msg,0,176,940,4062,1008,90,90
msg,0,177,938,3970,1001,90,90
msg,0,178,930,16779,1011,90,90
msg,0,179,933,4526,1000,90,90
msg,0,180,998,3881,1005,90,90
msg,0,181,934,4856,1000,90,90
msg,0,182,924,3901,1006,90,90
msg,0,183,931,18314,1005,90,90
msg,0,184,1020,4144,1000,90,90
msg,0,185,940,7334,1388,90,90
msg,0,186,913,3941,1017,90,90
msg,0,187,911,5199,1008,90,90
msg,0,188,926,4667,998,90,90
msg,0,189,921,17629,1055,90,90
msg,0,190,929,4493,1006,90,90
msg,0,191,930,4455,1002,90,90
msg,0,192,929,3885,1076,90,90
msg,0,193,929,8097,1004,90,90
msg,0,194,930,14680,1001,90,90
msg,0,195,934,5631,1008,90,90
msg,0,196,901,6018,1006,90,90
msg,0,197,929,5421,1011,90,90
msg,0,198,942,3768,1004,90,90
msg,0,199,930,3917,1007,90,90
whole,0,31.961,1849.478,200
1,18.7080,0.0020,4.5900,23.3000,0,0,23,4,0,0,1,1,169324,0.0,0.0,0.0,0.0,0,0,0,0
msg,1,0,1058,4039,1018,90,90
msg,1,1,934,13891,1006,90,90
msg,1,2,928,15621,1004,90,90
msg,1,3,929,6137,1070,90,90
msg,1,4,935,5990,1010,90,90
msg,1,5,922,6231,1000,90,90
msg,1,6,933,6909,1006,90,90
msg,1,7,935,12630,1063,90,90
msg,1,8,938,3955,1018,90,90
msg,1,9,931,20541,1007,90,90
msg,1,10,936,19932,1014,90,90
msg,1,11,934,5573,1004,90,90
msg,1,12,994,5383,1002,90,90
msg,1,13,930,4560,1021,90,90
msg,1,14,943,4967,1010,90,90
msg,1,15,943,5602,1006,90,90
msg,1,16,934,12254,1011,90,90
msg,1,17,906,4350,1015,90,90
msg,1,18,1007,3922,1009,90,90
msg,1,19,925,4361,1010,90,90
msg,1,20,931,7491,1005,90,90
msg,1,21,931,20368,1002,90,90
msg,1,22,938,4022,1003,90,90
msg,1,23,996,13100,1013,90,90
msg,1,24,932,4360,1010,90,90
msg,1,25,932,5961,998,90,90
msg,1,26,931,12969,1001,90,90
msg,1,27,929,3846,1004,90,90
msg,1,28,926,7407,1064,90,90
msg,1,29,933,3863,1016,90,90
msg,1,30,924,6181,1000,90,90
msg,1,31,934,21291,1021,90,90
msg,1,32,930,4088,1003,90,90
msg,1,33,929,5550,1012,90,90
msg,1,34,933,8528,1006,90,90
msg,1,35,931,7154,1009,90,90
msg,1,36,928,13028,1010,90,90
msg,1,37,933,3980,1006,90,90
msg,1,38,994,4060,1005,90,90
msg,1,39,933,3928,1003,90,90
msg,1,40,926,3850,1010,90,90
msg,1,41,929,4504,1002,90,90
msg,1,42,930,18127,1011,90,90
msg,1,43,937,4258,1000,90,90
msg,1,44,928,3738,1008,90,90
msg,1,45,929,3821,1000,90,90
msg,1,46,900,4195,1005,90,90
msg,1,47,936,3867,998,90,90
msg,1,48,939,3960,1005,90,90
msg,1,49,928,16474,1001,90,90
msg,1,50,935,5991,1000,90,90
msg,1,51,937,4717,1000,90,90
msg,1,52,932,3930,1002,90,90
msg,1,53,930,18587,1011,90,90
msg,1,54,927,5311,1001,90,90
msg,1,55,931,3951,998,90,90
msg,1,56,926,15004,1004,90,90
msg,1,57,931,23520,1032,90,90
msg,1,58,908,5085,1008,90,90
msg,1,59,928,4801,1008,90,90
msg,1,60,939,5151,1003,90,90
msg,1,61,928,7837,1007,90,90
msg,1,62,931,18892,1003,90,90
msg,1,63,936,4454,1015,90,90
msg,1,64,907,8166,1004,90,90
msg,1,65,929,6098,1017,90,90
msg,1,66,1008,22728,1007,90,90
msg,1,67,939,9900,1007,90,90
msg,1,68,933,7160,1005,90,90
msg,1,69,931,7719,1013,90,90
msg,1,70,937,17825,1004,90,90
msg,1,71,934,4220,1006,90,90
msg,1,72,927,3683,1007,90,90
msg,1,73,930,3870,1013,90,90
msg,1,74,937,3895,1012,90,90
msg,1,75,931,3887,1002,90,90
msg,1,76,940,3898,1005,90,90
msg,1,77,928,16419,1052,90,90
msg,1,78,923,6046,1012,90,90
msg,1,79,933,8411,1007,90,90
msg,1,80,1048,6706,1008,90,90
msg,1,81,904,13105,1015,90,90
msg,1,82,941,3621,1002,90,90
msg,1,83,909,5232,1008,90,90
msg,1,84,923,4386,1010,90,90
msg,1,85,926,4856,1005,90,90
msg,1,86,935,3963,1011,90,90
msg,1,87,928,5563,1009,90,90
msg,1,88,926,13400,1003,90,90
msg,1,89,928,4653,1010,90,90
msg,1,90,935,3842,1003,90,90
msg,1,91,931,4254,1007,90,90
msg,1,92,930,8533,1006,90,90
msg,1,93,937,17752,1004,90,90
msg,1,94,936,3845,1012,90,90
msg,1,95,927,5604,1003,90,90
msg,1,96,936,3861,1019,90,90
msg,1,97,929,4494,1000,90,90
msg,1,98,933,4202,1010,90,90
msg,1,99,935,17639,1006,90,90
msg,1,100,934,5272,1005,90,90
msg,1,101,940,4888,1013,90,90
msg,1,102,923,6184,1013,90,90
msg,1,103,909,4472,1014,90,90
msg,1,104,945,21326,1003,90,90
msg,1,105,927,7398,1015,90,90
msg,1,106,931,4389,993,90,90
msg,1,107,933,5464,1007,90,90
msg,1,108,931,6760,1020,90,90
msg,1,109,936,15016,1058,90,90
msg,1,110,940,5826,1004,90,90
msg,1,111,928,3990,1001,90,90
msg,1,112,929,4481,1009,90,90
msg,1,113,939,7653,998,90,90
msg,1,114,931,19999,1019,90,90
msg,1,115,941,4479,1013,90,90
msg,1,116,899,3855,1012,90,90
msg,1,117,1001,5705,1009,90,90
msg,1,118,927,4068,1010,90,90
msg,1,119,899,6225,1008,90,90
msg,1,120,930,14814,1002,90,90
msg,1,121,932,4389,1014,90,90
msg,1,122,931,3735,1005,90,90
msg,1,123,934,3858,1008,90,90
msg,1,124,932,6475,999,90,90
msg,1,125,928,14090,1004,90,90
msg,1,126,931,22262,1015,90,90
msg,1,127,931,4380,1006,90,90
msg,1,128,926,3750,1005,90,90
msg,1,129,925,17700,1009,90,90
msg,1,130,930,6617,1009,90,90
msg,1,131,941,5319,1005,90,90
msg,1,132,925,3745,1003,90,90
msg,1,133,932,12186,1018,90,90
msg,1,134,925,18663,1005,90,90
msg,1,135,939,11181,1011,90,90
msg,1,136,939,4497,1004,90,90
msg,1,137,932,7349,1007,90,90
msg,1,138,943,13752,1009,90,90
msg,1,139,938,4282,1008,90,90
msg,1,140,907,4455,1011,90,90
msg,1,141,939,6739,1008,90,90
msg,1,142,926,6853,1009,90,90
msg,1,143,940,18196,1014,90,90
msg,1,144,936,4494,1004,90,90
msg,1,145,932,4604,1011,90,90
msg,1,146,924,4675,1005,90,90
msg,1,147,932,4036,1002,90,90
msg,1,148,903,6870,1011,90,90
msg,1,149,909,16067,998,90,90
msg,1,150,930,3932,1009,90,90
msg,1,151,936,4506,1005,90,90
msg,1,152,935,3889,1009,90,90
msg,1,153,927,6229,999,90,90
msg,1,154,929,19663,1014,90,90
msg,1,155,902,3945,1005,90,90
msg,1,156,926,3849,1005,90,90
msg,1,157,898,3949,1001,90,90
msg,1,158,1379,3933,1012,90,90
msg,1,159,930,24189,1007,90,90
msg,1,160,924,4164,1012,90,90
msg,1,161,934,4382,1019,90,90
msg,1,162,937,4007,1000,90,90
msg,1,163,927,4114,997,90,90
msg,1,164,928,18497,1018,90,90
msg,1,165,940,3661,1009,90,90
msg,1,166,929,5952,1007,90,90
msg,1,167,935,3887,1016,90,90
msg,1,168,934,6224,1069,90,90
msg,1,169,936,4328,1012,90,90
msg,1,170,936,19665,1005,90,90
msg,1,171,927,3936,1017,90,90
msg,1,172,940,4898,1011,90,90
msg,1,173,945,4130,1006,90,90
msg,1,174,927,3902,1010,90,90
msg,1,175,938,3838,1002,90,90
msg,1,176,931,12518,1007,90,90
msg,1,177,928,3794,1004,90,90
msg,1,178,934,5552,1008,90,90
msg,1,179,927,18794,1008,90,90
msg,1,180,997,5039,1007,90,90
msg,1,181,926,17184,1014,90,90
msg,1,182,946,4381,1004,90,90
msg,1,183,930,6908,1011,90,90
msg,1,184,905,7706,1005,90,90
msg,1,185,934,18340,997,90,90
msg,1,186,932,4149,1020,90,90
msg,1,187,934,3907,1009,90,90
msg,1,188,934,3776,1004,90,90
msg,1,189,937,3831,1008,90,90
msg,1,190,939,3822,1000,90,90
msg,1,191,925,4600,998,90,90
msg,1,192,928,18321,1007,90,90
msg,1,193,931,5411,1008,90,90
msg,1,194,939,5677,1004,90,90
msg,1,195,929,6724,1006,90,90
msg,1,196,934,18708,1005,90,90
msg,1,197,933,4023,1012,90,90
msg,1,198,932,3957,1005,90,90
msg,1,199,932,4091,998,90,90
whole,1,35.189,2029.901,200
2,4.6840,0.0020,4.4370,9.1230,0,0,23,4,0,0,1,1,169324,0.0,0.0,0.0,0.0,0,0,0,0
msg,2,0,1062,6419,1007,90,90
msg,2,1,926,5710,1004,90,90
msg,2,2,929,4563,1009,90,90
msg,2,3,934,4656,1008,90,90
msg,2,4,927,19703,1000,90,90
msg,2,5,930,8560,1018,90,90
msg,2,6,928,3860,1008,90,90
msg,2,7,927,4198,1007,90,90
msg,2,8,932,4314,1009,90,90
msg,2,9,901,4257,999,90,90
msg,2,10,930,13208,1013,90,90
msg,2,11,931,4245,1006,90,90
msg,2,12,933,5688,1007,90,90
msg,2,13,935,3880,1009,90,90
msg,2,14,936,7265,1017,90,90
msg,2,15,935,18800,1004,90,90
msg,2,16,936,4121,1011,90,90
msg,2,17,932,4144,1004,90,90
msg,2,18,930,4469,1006,90,90
msg,2,19,920,4457,1018,90,90
msg,2,20,937,3812,1056,90,90
msg,2,21,931,17692,1014,90,90
msg,2,22,933,7992,1052,90,90
msg,2,23,933,7246,1003,90,90
msg,2,24,926,4260,1005,90,90
msg,2,25,933,8321,1006,90,90
msg,2,26,928,12984,1007,90,90
msg,2,27,927,4683,1003,90,90
msg,2,28,901,4316,1007,90,90
msg,2,29,929,3739,1055,90,90
msg,2,30,929,4364,1005,90,90
msg,2,31,934,4051,1012,90,90
msg,2,32,911,17927,1017,90,90
msg,2,33,1387,4122,1005,90,90
msg,2,34,930,4177,1005,90,90
msg,2,35,930,4601,1005,90,90
msg,2,36,998,6850,1013,90,90
msg,2,37,939,19711,1008,90,90
msg,2,38,930,4391,1004,90,90
msg,2,39,927,4685,1008,90,90
msg,2,40,905,6788,998,90,90
msg,2,41,933,4747,1001,90,90
msg,2,42,1003,5265,1010,90,90
msg,2,43,922,14813,997,90,90
msg,2,44,931,5436,1011,90,90
msg,2,45,928,4021,1008,90,90
msg,2,46,927,6317,1048,90,90
msg,2,47,935,19007,1003,90,90
msg,2,48,927,4452,996,90,90
msg,2,49,927,3937,1005,90,90
msg,2,50,928,4303,1060,90,90
msg,2,51,922,7628,1011,90,90
msg,2,52,928,4401,1008,90,90
msg,2,53,924,4169,1001,90,90
msg,2,54,935,15704,1055,90,90
msg,2,55,923,4252,1007,90,90
msg,2,56,944,4360,1012,90,90
msg,2,57,929,5861,1008,90,90
msg,2,58,926,9925,1010,90,90
msg,2,59,900,12187,1019,90,90
msg,2,60,928,7094,1006,90,90
msg,2,61,925,4824,1064,90,90
msg,2,62,930,8193,1018,90,90
msg,2,63,940,3974,1059,90,90
msg,2,64,899,17704,1065,90,90
msg,2,65,933,5658,1003,90,90
msg,2,66,928,3997,1014,90,90
msg,2,67,936,4333,996,90,90
msg,2,68,935,6895,1070,90,90
msg,2,69,941,16830,1003,90,90
msg,2,70,997,4320,1007,90,90
msg,2,71,932,3978,1003,90,90
msg,2,72,933,3853,1010,90,90
msg,2,73,931,4295,995,90,90
msg,2,74,929,3688,1090,90,90
msg,2,75,928,5049,1004,90,90
msg,2,76,929,15234,1009,90,90
msg,2,77,934,4921,1011,90,90
msg,2,78,937,3814,1001,90,90
msg,2,79,938,3603,1003,90,90
msg,2,80,930,5934,1002,90,90
msg,2,81,934,19278,1005,90,90
msg,2,82,935,4898,1065,90,90
msg,2,83,906,4385,1010,90,90
msg,2,84,933,3789,1009,90,90
msg,2,85,927,4365,1011,90,90
msg,2,86,1055,4407,1013,90,90
msg,2,87,935,16933,1023,90,90
msg,2,88,939,6474,1004,90,90
msg,2,89,1008,3906,1008,90,90
msg,2,90,930,3960,1006,90,90
msg,2,91,929,7303,1008,90,90
msg,2,92,932,15322,1002,90,90
msg,2,93,936,3856,1004,90,90
msg,2,94,929,3840,1006,90,90
msg,2,95,920,4211,1006,90,90
msg,2,96,934,5100,1063,90,90
msg,2,97,931,5134,1003,90,90
msg,2,98,930,5362,1007,90,90
msg,2,99,931,14700,1005,90,90
msg,2,100,927,4050,1008,90,90
msg,2,101,936,3828,1016,90,90
msg,2,102,933,3867,1007,90,90
msg,2,103,930,6802,1005,90,90
msg,2,104,938,19657,1004,90,90
msg,2,105,936,4136,1006,90,90
msg,2,106,931,4371,1009,90,90
msg,2,107,900,4246,1018,90,90
msg,2,108,922,6013,1011,90,90
msg,2,109,931,6886,1005,90,90
msg,2,110,928,15927,1011,90,90
msg,2,111,937,6461,1008,90,90
msg,2,112,932,4876,1001,90,90
msg,2,113,930,7473,1007,90,90
msg,2,114,934,18098,1021,90,90
msg,2,115,906,4060,1051,90,90
msg,2,116,929,5056,1002,90,90
msg,2,117,936,3592,1003,90,90
msg,2,118,938,4965,1003,90,90
msg,2,119,935,4732,1002,90,90
msg,2,120,929,18129,1015,90,90
msg,2,121,930,4312,1009,90,90
msg,2,122,938,3862,1018,90,90
msg,2,123,933,3723,1070,90,90
msg,2,124,936,4103,1003,90,90
msg,2,125,919,4809,1008,90,90
msg,2,126,932,15888,1013,90,90
msg,2,127,932,5463,1005,90,90
msg,2,128,1002,4292,1008,90,90
msg,2,129,927,4220,1009,90,90
msg,2,130,934,3821,1002,90,90
msg,2,131,931,3943,1004,90,90
msg,2,132,932,3864,998,90,90
msg,2,133,925,12339,1010,90,90
msg,2,134,933,3908,1057,90,90
msg,2,135,923,3855,1016,90,90
msg,2,136,931,3935,1006,90,90
msg,2,137,924,4588,1000,90,90
msg,2,138,998,9165,1004,90,90
msg,2,139,905,10643,1007,90,90
msg,2,140,927,5677,1006,90,90
msg,2,141,929,4311,1008,90,90
msg,2,142,899,4272,1008,90,90
msg,2,143,935,4061,1009,90,90
msg,2,144,933,4285,1011,90,90
msg,2,145,906,17816,1010,90,90
msg,2,146,941,3834,1009,90,90
msg,2,147,934,3950,1005,90,90
msg,2,148,929,3848,1062,90,90
msg,2,149,903,3852,1009,90,90
msg,2,150,942,3946,1003,90,90
msg,2,151,911,13446,1011,90,90
msg,2,152,932,7272,1013,90,90
msg,2,153,898,5332,1008,90,90
msg,2,154,1039,3790,1011,90,90
msg,2,155,935,4224,1012,90,90
msg,2,156,939,3876,1009,90,90
msg,2,157,931,4266,1002,90,90
msg,2,158,934,15587,1008,90,90
msg,2,159,938,3924,1006,90,90
msg,2,160,902,4012,995,90,90
msg,2,161,932,4132,1069,90,90
msg,2,162,937,6874,1003,90,90
msg,2,163,929,16212,1006,90,90
msg,2,164,926,4255,1000,90,90
msg,2,165,924,5087,1016,90,90
msg,2,166,931,3834,1003,90,90
msg,2,167,939,5260,1010,90,90
msg,2,168,935,3810,1061,90,90
msg,2,169,931,18724,1009,90,90
msg,2,170,934,3956,1003,90,90
msg,2,171,927,4052,1006,90,90
msg,2,172,930,3820,998,90,90
msg,2,173,998,3906,1017,90,90
msg,2,174,938,3865,1006,90,90
msg,2,175,929,20191,994,90,90
msg,2,176,926,6675,1014,90,90
msg,2,177,931,5188,1005,90,90
msg,2,178,929,4853,1004,90,90
msg,2,179,929,4078,1009,90,90
msg,2,180,930,18264,1006,90,90
msg,2,181,936,6615,1008,90,90
msg,2,182,941,4523,1005,90,90
msg,2,183,929,5159,1006,90,90
msg,2,184,925,6453,1005,90,90
msg,2,185,925,18324,1008,90,90
msg,2,186,938,8445,1003,90,90
msg,2,187,935,6228,1016,90,90
msg,2,188,932,5637,1005,90,90
msg,2,189,932,21698,1012,90,90
msg,2,190,905,4019,1004,90,90
msg,2,191,928,3837,1003,90,90
msg,2,192,928,5572,1007,90,90
msg,2,193,930,7051,1008,90,90
msg,2,194,901,17802,1003,90,90
msg,2,195,935,6000,1003,90,90
msg,2,196,903,3945,1015,90,90
msg,2,197,928,4739,1016,90,90
msg,2,198,928,4053,1014,90,90
msg,2,199,929,5092,1003,90,90
whole,2,36.765,1852.861,200
#stack 2368
#end
#block pipeline plain lorawan11_256 down
#aead AES-256-CTR+2xCMAC (LoRaWAN 1.1 frame, 256-bit keys) (BearSSL (arduino-pico)), downlink, 51 B payload + 13 B overhead
#lib none (plain MQTT)
iter,tcp_ms,tls_ms,mqtt_ms,total_ms,hs_tx_B,hs_rx_B,mqtt_tx_B,mqtt_rx_B,hs_writes,hs_reads,writes,reads,free_heap_B,hs_keygen_us,hs_derive_us,hs_verify_us,hs_sign_us,hs_keygen_n,hs_derive_n,hs_verify_n,hs_sign_n
msg,iter,idx,seal_us,rtt_us,open_us,tx_B,rx_B
whole,iter,first_ms,all_ms,msgs
0,4.7040,0.0030,7.1970,11.9040,0,0,23,4,0,0,1,1,169324,0.0,0.0,0.0,0.0,0,0,0,0
msg,0,0,702,5950,640,90,90
msg,0,1,558,5511,638,90,90
msg,0,2,549,4287,645,90,90
msg,0,3,573,5638,637,90,90
msg,0,4,578,32589,646,90,90
msg,0,5,580,4066,646,90,90
msg,0,6,551,4001,648,90,90
msg,0,7,577,4490,648,90,90
msg,0,8,580,20295,649,90,90
msg,0,9,553,4724,644,90,90
msg,0,10,548,8205,632,90,90
msg,0,11,574,4884,643,90,90
msg,0,12,546,11814,641,90,90
msg,0,13,557,10944,645,90,90
msg,0,14,571,5216,650,90,90
msg,0,15,550,5355,638,90,90
msg,0,16,549,4318,640,90,90
msg,0,17,580,5566,634,90,90
msg,0,18,572,3856,628,90,90
msg,0,19,626,6101,649,90,90
msg,0,20,585,15839,635,90,90
msg,0,21,584,6057,651,90,90
msg,0,22,556,7587,646,90,90
msg,0,23,548,8412,691,90,90
msg,0,24,548,19902,645,90,90
msg,0,25,572,4000,626,90,90
msg,0,26,579,4723,633,90,90
msg,0,27,576,4448,636,90,90
msg,0,28,573,4633,631,90,90
msg,0,29,574,6011,639,90,90
msg,0,30,543,5063,644,90,90
msg,0,31,573,13768,631,90,90
msg,0,32,570,4343,641,90,90
msg,0,33,583,3849,625,90,90
msg,0,34,579,5588,632,90,90
msg,0,35,577,26387,656,90,90
msg,0,36,574,4236,647,90,90
msg,0,37,550,3824,648,90,90
msg,0,38,576,3915,631,90,90
msg,0,39,574,3825,628,90,90
msg,0,40,549,6390,632,90,90
msg,0,41,580,4090,647,90,90
msg,0,42,548,5645,641,90,90
msg,0,43,552,15897,645,90,90
msg,0,44,576,4013,633,90,90
msg,0,45,551,4376,636,90,90
msg,0,46,585,3936,639,90,90
msg,0,47,555,3833,647,90,90
msg,0,48,578,5245,629,90,90
msg,0,49,550,14509,632,90,90
msg,0,50,575,5170,649,90,90
msg,0,51,572,4702,649,90,90
msg,0,52,569,5017,632,90,90
msg,0,53,557,9272,641,90,90
msg,0,54,570,3938,627,90,90
msg,0,55,552,18758,640,90,90
msg,0,56,562,3938,647,90,90
msg,0,57,569,3791,641,90,90
msg,0,58,577,4032,629,90,90
msg,0,59,549,4059,712,90,90
msg,0,60,575,7103,633,90,90
msg,0,61,558,20212,644,90,90
msg,0,62,578,4028,644,90,90
msg,0,63,559,4383,632,90,90
msg,0,64,571,3904,655,90,90
msg,0,65,556,4372,633,90,90
msg,0,66,544,3430,631,90,90
msg,0,67,578,5943,646,90,90
msg,0,68,555,20310,634,90,90
msg,0,69,582,3839,625,90,90
msg,0,70,552,5011,641,90,90
msg,0,71,577,4586,645,90,90
msg,0,72,574,4850,760,90,90
msg,0,73,582,20020,645,90,90
msg,0,74,545,4159,628,90,90
msg,0,75,583,4636,626,90,90
msg,0,76,578,4143,641,90,90
msg,0,77,574,6360,649,90,90
msg,0,78,551,4083,646,90,90
msg,0,79,577,5488,650,90,90
msg,0,80,582,13051,636,90,90
msg,0,81,552,4077,640,90,90
msg,0,82,575,4377,646,90,90
msg,0,83,537,4232,689,90,90
msg,0,84,582,3724,630,90,90
msg,0,85,552,6898,645,90,90
msg,0,86,551,16040,644,90,90
msg,0,87,576,5262,642,90,90
msg,0,88,567,5964,645,90,90
msg,0,89,575,3672,624,90,90
msg,0,90,580,7482,638,90,90
msg,0,91,577,4334,645,90,90
msg,0,92,573,5130,628,90,90
msg,0,93,548,12975,654,90,90
msg,0,94,555,3647,648,90,90
msg,0,95,571,3870,655,90,90
msg,0,96,583,3830,629,90,90
msg,0,97,554,4363,642,90,90
msg,0,98,570,6281,647,90,90
msg,0,99,568,18200,627,90,90
msg,0,100,555,4128,649,90,90
msg,0,101,574,3980,624,90,90
msg,0,102,577,4811,629,90,90
msg,0,103,547,3871,646,90,90
msg,0,104,552,4301,630,90,90
msg,0,105,548,4044,639,90,90
msg,0,106,575,18339,647,90,90
msg,0,107,553,4440,632,90,90
msg,0,108,553,3680,626,90,90
msg,0,109,546,4118,646,90,90
msg,0,110,575,5544,644,90,90
msg,0,111,579,5114,638,90,90
msg,0,112,548,20385,629,90,90
msg,0,113,625,4036,645,90,90
msg,0,114,545,4417,631,90,90
msg,0,115,554,3712,640,90,90
msg,0,116,543,3784,647,90,90
msg,0,117,552,4572,642,90,90
msg,0,118,540,7556,647,90,90
msg,0,119,550,17012,651,90,90
msg,0,120,576,7714,642,90,90
msg,0,121,576,7865,634,90,90
msg,0,122,551,7242,642,90,90
msg,0,123,583,19163,650,90,90
msg,0,124,550,3838,656,90,90
msg,0,125,581,4783,642,90,90
msg,0,126,583,3759,632,90,90
msg,0,127,580,8947,647,90,90
msg,0,128,551,6342,633,90,90
msg,0,129,579,14815,634,90,90
msg,0,130,554,3988,650,90,90
msg,0,131,583,4115,631,90,90
msg,0,132,548,3715,635,90,90
msg,0,133,670,5478,631,90,90
msg,0,134,555,21513,629,90,90
msg,0,135,541,4644,624,90,90
msg,0,136,546,4230,641,90,90
msg,0,137,578,3899,633,90,90
msg,0,138,574,3713,628,90,90
msg,0,139,554,4107,640,90,90
msg,0,140,576,3868,627,90,90
msg,0,141,573,5706,631,90,90
msg,0,142,584,17608,632,90,90
msg,0,143,583,8123,643,90,90
msg,0,144,577,3830,648,90,90
msg,0,145,571,5055,629,90,90
msg,0,146,630,5658,646,90,90
msg,0,147,547,20839,645,90,90
msg,0,148,586,4330,648,90,90
msg,0,149,551,3803,652,90,90
msg,0,150,643,4020,629,90,90
msg,0,151,581,4309,639,90,90
msg,0,152,563,4976,628,90,90
msg,0,153,546,4855,650,90,90
msg,0,154,555,15602,657,90,90
msg,0,155,553,6869,642,90,90
msg,0,156,574,4551,645,90,90
msg,0,157,575,4907,637,90,90
msg,0,158,570,11708,688,90,90
msg,0,159,580,12245,650,90,90
msg,0,160,573,7148,633,90,90
msg,0,161,552,5645,649,90,90
msg,0,162,557,7300,631,90,90
msg,0,163,575,4076,649,90,90
msg,0,164,549,20941,685,90,90
msg,0,165,571,6487,653,90,90
msg,0,166,575,5504,651,90,90
msg,0,167,576,8855,636,90,90
msg,0,168,580,19649,629,90,90
msg,0,169,575,5037,649,90,90
msg,0,170,556,6670,647,90,90
msg,0,171,553,5053,641,90,90
msg,0,172,565,8009,639,90,90
msg,0,173,549,4567,631,90,90
msg,0,174,550,18659,641,90,90
msg,0,175,547,8147,646,90,90
msg,0,176,573,4887,626,90,90
msg,0,177,558,7311,643,90,90
msg,0,178,576,20527,654,90,90
msg,0,179,578,4363,643,90,90
msg,0,180,577,4218,632,90,90
msg,0,181,553,4526,634,90,90
msg,0,182,574,6717,632,90,90
msg,0,183,544,6217,647,90,90
msg,0,184,574,21423,635,90,90
msg,0,185,578,4448,653,90,90
msg,0,186,547,4420,643,90,90
msg,0,187,559,4462,634,90,90
msg,0,188,547,6865,642,90,90
msg,0,189,550,18850,648,90,90
msg,0,190,578,5753,641,90,90
msg,0,191,578,4284,642,90,90
msg,0,192,544,4071,640,90,90
msg,0,193,585,4926,630,90,90
msg,0,194,549,4537,634,90,90
msg,0,195,548,8640,631,90,90
msg,0,196,552,14548,635,90,90
msg,0,197,546,4661,635,90,90
msg,0,198,555,4224,645,90,90
msg,0,199,644,5166,652,90,90
whole,0,38.958,1787.141,200
1,21.4120,0.0030,6.5130,27.9280,0,0,23,4,0,0,1,1,169324,0.0,0.0,0.0,0.0,0,0,0,0
msg,1,0,705,4792,641,90,90
msg,1,1,583,4695,643,90,90
msg,1,2,582,4464,654,90,90
msg,1,3,574,4098,638,90,90
msg,1,4,553,4604,642,90,90
msg,1,5,560,16881,649,90,90
msg,1,6,644,6529,646,90,90
msg,1,7,571,7640,645,90,90
msg,1,8,570,6808,644,90,90
msg,1,9,584,18022,635,90,90
msg,1,10,552,4553,631,90,90
msg,1,11,560,7708,644,90,90
msg,1,12,545,4571,625,90,90
msg,1,13,552,3965,654,90,90
msg,1,14,579,3638,649,90,90
msg,1,15,582,7211,644,90,90
msg,1,16,547,18237,643,90,90
msg,1,17,578,4875,627,90,90
msg,1,18,551,3734,646,90,90
msg,1,19,553,4225,630,90,90
msg,1,20,575,22057,646,90,90
msg,1,21,558,7336,630,90,90
msg,1,22,561,5142,639,90,90
msg,1,23,594,5227,732,90,90
msg,1,24,551,3755,642,90,90
msg,1,25,554,4163,630,90,90
msg,1,26,578,5205,644,90,90
msg,1,27,575,15625,637,90,90
msg,1,28,577,3801,645,90,90
msg,1,29,585,3754,629,90,90
msg,1,30,545,3959,645,90,90
msg,1,31,549,3766,643,90,90
msg,1,32,580,7782,664,90,90
msg,1,33,584,21005,634,90,90
msg,1,34,546,4521,630,90,90
msg,1,35,541,4138,648,90,90
msg,1,36,581,4152,637,90,90
msg,1,37,550,3839,646,90,90
msg,1,38,547,3795,651,90,90
msg,1,39,571,6700,646,90,90
msg,1,40,581,16590,646,90,90
msg,1,41,575,5725,637,90,90
msg,1,42,572,4220,643,90,90
msg,1,43,585,4275,634,90,90
msg,1,44,544,6275,634,90,90
msg,1,45,569,17748,629,90,90
msg,1,46,580,6460,637,90,90
msg,1,47,581,4507,735,90,90
msg,1,48,575,4054,639,90,90
msg,1,49,558,5208,633,90,90
msg,1,50,586,4921,625,90,90
msg,1,51,553,4293,645,90,90
msg,1,52,573,17500,647,90,90
msg,1,53,579,6561,649,90,90
msg,1,54,577,4052,627,90,90
msg,1,55,547,4553,635,90,90
msg,1,56,551,5239,644,90,90
msg,1,57,576,25925,627,90,90
msg,1,58,545,4520,636,90,90
msg,1,59,574,3754,631,90,90
msg,1,60,554,4321,637,90,90
msg,1,61,568,5965,634,90,90
msg,1,62,552,5551,630,90,90
msg,1,63,549,16252,643,90,90
msg,1,64,572,3652,641,90,90
msg,1,65,578,4639,631,90,90
msg,1,66,584,4488,633,90,90
msg,1,67,572,3918,634,90,90
msg,1,68,547,4596,624,90,90
msg,1,69,547,18068,652,90,90
msg,1,70,579,4595,646,90,90
msg,1,71,580,3917,646,90,90
msg,1,72,591,3739,633,90,90
msg,1,73,582,3674,629,90,90
msg,1,74,556,4272,653,90,90
msg,1,75,576,6859,631,90,90
msg,1,76,544,16883,644,90,90
msg,1,77,548,4136,645,90,90
msg,1,78,574,4377,650,90,90
msg,1,79,587,3808,639,90,90
msg,1,80,571,4466,644,90,90
msg,1,81,582,19255,642,90,90
msg,1,82,551,9201,705,90,90
msg,1,83,556,4515,630,90,90
msg,1,84,572,3909,642,90,90
msg,1,85,547,5601,643,90,90
msg,1,86,551,4105,643,90,90
msg,1,87,576,6633,645,90,90
msg,1,88,571,15683,637,90,90
msg,1,89,568,7163,651,90,90
msg,1,90,548,4247,628,90,90
msg,1,91,1039,4176,627,90,90
msg,1,92,556,4829,650,90,90
msg,1,93,549,18693,650,90,90
msg,1,94,556,4153,633,90,90
msg,1,95,580,5819,625,90,90
msg,1,96,551,3963,639,90,90
msg,1,97,583,4718,703,90,90
msg,1,98,576,4956,624,90,90
msg,1,99,554,21026,644,90,90
msg,1,100,557,4139,636,90,90
msg,1,101,579,3621,627,90,90
msg,1,102,572,3813,628,90,90
msg,1,103,549,4082,708,90,90
msg,1,104,575,7700,640,90,90
msg,1,105,571,20299,648,90,90
msg,1,106,577,3601,644,90,90
msg,1,107,575,3987,627,90,90
msg,1,108,573,6205,646,90,90
msg,1,109,576,6069,630,90,90
msg,1,110,583,4394,644,90,90
msg,1,111,583,17440,648,90,90
msg,1,112,583,5165,643,90,90
msg,1,113,549,5396,629,90,90
msg,1,114,552,5857,647,90,90
msg,1,115,549,8521,627,90,90
msg,1,116,549,19761,653,90,90
msg,1,117,559,4234,636,90,90
msg,1,118,581,8415,652,90,90
msg,1,119,578,6954,634,90,90
msg,1,120,567,4943,645,90,90
msg,1,121,646,19746,691,90,90
msg,1,122,586,5664,639,90,90
msg,1,123,576,6056,644,90,90
msg,1,124,551,5416,628,90,90
msg,1,125,550,22504,633,90,90
msg,1,126,559,5524,629,90,90
msg,1,127,584,7460,628,90,90
msg,1,128,580,3791,633,90,90
msg,1,129,549,5247,641,90,90
msg,1,130,575,4262,648,90,90
msg,1,131,546,6648,641,90,90
msg,1,132,544,17562,697,90,90
msg,1,133,554,6143,634,90,90
msg,1,134,584,3760,626,90,90
msg,1,135,548,3863,645,90,90
msg,1,136,546,6439,630,90,90
msg,1,137,549,19807,656,90,90
msg,1,138,555,5082,639,90,90
msg,1,139,581,4217,646,90,90
msg,1,140,645,4133,631,90,90
msg,1,141,546,4590,634,90,90
msg,1,142,571,4666,624,90,90
msg,1,143,552,20207,647,90,90
msg,1,144,575,4125,1010,90,90
msg,1,145,608,3760,643,90,90
msg,1,146,573,4191,643,90,90
msg,1,147,558,4599,646,90,90
msg,1,148,542,6617,648,90,90
msg,1,149,550,19744,649,90,90
msg,1,150,589,4729,642,90,90
msg,1,151,585,7619,651,90,90
msg,1,152,570,5854,638,90,90
msg,1,153,582,7690,629,90,90
msg,1,154,558,17523,630,90,90
msg,1,155,572,4336,647,90,90
msg,1,156,575,4034,629,90,90
msg,1,157,552,4150,643,90,90
msg,1,158,581,4579,648,90,90
msg,1,159,588,6351,642,90,90
msg,1,160,545,16324,634,90,90
msg,1,161,554,3975,645,90,90
msg,1,162,550,3814,644,90,90
msg,1,163,586,3770,625,90,90
msg,1,164,592,5712,627,90,90
msg,1,165,576,4380,636,90,90
msg,1,166,575,3802,634,90,90
msg,1,167,571,18802,625,90,90
msg,1,168,545,3882,647,90,90
msg,1,169,547,4044,629,90,90
msg,1,170,573,4501,701,90,90
msg,1,171,583,3668,632,90,90
msg,1,172,585,6459,642,90,90
msg,1,173,575,22671,651,90,90
msg,1,174,580,7197,648,90,90
msg,1,175,550,7912,644,90,90
msg,1,176,579,3951,629,90,90
msg,1,177,543,3848,650,90,90
msg,1,178,545,18702,648,90,90
msg,1,179,556,3875,648,90,90
msg,1,180,581,4641,647,90,90
msg,1,181,578,3852,625,90,90
msg,1,182,584,3553,633,90,90
msg,1,183,568,6543,629,90,90
msg,1,184,587,21742,630,90,90
msg,1,185,550,9192,647,90,90
msg,1,186,575,3986,631,90,90
msg,1,187,566,5198,647,90,90
msg,1,188,585,6032,628,90,90
msg,1,189,555,4394,645,90,90
msg,1,190,585,15358,645,90,90
msg,1,191,575,3991,632,90,90
msg,1,192,571,4553,628,90,90
msg,1,193,575,4151,642,90,90
msg,1,194,572,8719,649,90,90
msg,1,195,578,20486,684,90,90
msg,1,196,576,5420,645,90,90
msg,1,197,553,5940,644,90,90
msg,1,198,589,4055,624,90,90
msg,1,199,629,4491,630,90,90
whole,1,39.757,1794.114,200
2,18.7110,0.0030,8.3990,27.1130,0,0,23,4,0,0,1,1,169324,0.0,0.0,0.0,0.0,0,0,0,0
msg,2,0,688,4207,644,90,90
msg,2,1,581,3823,630,90,90
msg,2,2,549,4247,650,90,90
msg,2,3,574,22658,648,90,90
msg,2,4,578,6011,639,90,90
msg,2,5,559,5340,627,90,90
msg,2,6,582,4393,642,90,90
msg,2,7,574,4898,629,90,90
msg,2,8,578,5065,647,90,90
msg,2,9,581,16401,644,90,90
msg,2,10,560,3701,638,90,90
msg,2,11,561,4089,639,90,90
msg,2,12,574,4101,638,90,90
msg,2,13,548,3579,641,90,90
msg,2,14,551,5345,634,90,90
msg,2,15,555,16164,638,90,90
msg,2,16,578,3724,649,90,90
msg,2,17,575,4698,637,90,90
msg,2,18,572,3815,629,90,90
msg,2,19,576,3625,627,90,90
msg,2,20,551,3780,633,90,90
msg,2,21,556,3859,641,90,90
msg,2,22,546,20814,644,90,90
msg,2,23,580,3828,623,90,90
msg,2,24,580,5655,628,90,90
msg,2,25,575,6223,643,90,90
msg,2,26,573,4083,637,90,90
msg,2,27,579,3825,642,90,90
msg,2,28,548,14009,657,90,90
msg,2,29,589,4533,649,90,90
msg,2,30,571,3684,637,90,90
msg,2,31,576,4121,632,90,90
msg,2,32,556,4329,629,90,90
msg,2,33,583,4155,647,90,90
msg,2,34,573,4871,636,90,90
msg,2,35,579,5906,628,90,90
msg,2,36,556,14530,630,90,90
msg,2,37,583,5381,642,90,90
msg,2,38,568,4740,630,90,90
msg,2,39,584,3656,631,90,90
msg,2,40,573,3663,631,90,90
msg,2,41,575,5133,650,90,90
msg,2,42,582,19735,642,90,90
msg,2,43,569,5044,637,90,90
msg,2,44,549,3830,642,90,90
msg,2,45,552,7703,646,90,90
msg,2,46,551,4072,625,90,90
msg,2,47,581,3869,620,90,90
msg,2,48,554,18083,698,90,90
msg,2,49,579,8546,644,90,90
msg,2,50,577,4995,627,90,90
msg,2,51,551,4472,634,90,90
msg,2,52,582,6168,643,90,90
msg,2,53,568,20347,629,90,90
msg,2,54,544,3950,647,90,90
msg,2,55,573,4347,640,90,90
msg,2,56,557,3785,644,90,90
msg,2,57,545,4157,632,90,90
msg,2,58,581,3877,643,90,90
msg,2,59,619,6297,639,90,90
msg,2,60,558,16631,631,90,90
msg,2,61,549,5027,648,90,90
msg,2,62,578,4867,639,90,90
msg,2,63,575,4358,651,90,90
msg,2,64,569,6246,635,90,90
msg,2,65,552,6410,630,90,90
msg,2,66,578,13899,649,90,90
msg,2,67,547,4125,635,90,90
msg,2,68,573,3571,645,90,90
msg,2,69,580,3837,691,90,90
msg,2,70,580,4542,631,90,90
msg,2,71,575,3772,629,90,90
msg,2,72,551,3596,636,90,90
msg,2,73,554,17284,643,90,90
msg,2,74,584,4583,639,90,90
msg,2,75,575,8606,649,90,90
msg,2,76,575,6556,652,90,90
msg,2,77,581,5070,638,90,90
msg,2,78,554,18570,629,90,90
msg,2,79,550,6602,626,90,90
msg,2,80,561,4107,644,90,90
msg,2,81,572,3758,643,90,90
msg,2,82,575,3683,632,90,90
msg,2,83,645,3661,634,90,90
msg,2,84,563,6174,639,90,90
msg,2,85,576,18181,632,90,90
msg,2,86,545,3841,647,90,90
msg,2,87,543,4200,626,90,90
msg,2,88,585,3886,626,90,90
msg,2,89,542,4053,638,90,90
msg,2,90,574,18819,648,90,90
msg,2,91,585,4603,628,90,90
msg,2,92,578,4103,644,90,90
msg,2,93,555,4197,631,90,90
msg,2,94,584,6713,632,90,90
msg,2,95,554,3919,643,90,90
msg,2,96,550,3901,642,90,90
msg,2,97,570,5093,630,90,90
msg,2,98,548,15995,645,90,90
msg,2,99,566,4183,633,90,90
msg,2,100,546,3922,647,90,90
msg,2,101,558,3946,639,90,90
msg,2,102,575,4942,635,90,90
msg,2,103,543,19662,632,90,90
msg,2,104,545,5037,646,90,90
msg,2,105,577,5205,633,90,90
msg,2,106,550,3921,642,90,90
msg,2,107,546,3766,700,90,90
msg,2,108,588,3907,631,90,90
msg,2,109,571,4705,627,90,90
msg,2,110,546,5185,643,90,90
msg,2,111,578,15302,642,90,90
msg,2,112,555,3840,740,90,90
msg,2,113,586,3920,629,90,90
msg,2,114,574,3910,648,90,90
msg,2,115,551,3926,648,90,90
msg,2,116,579,4911,623,90,90
msg,2,117,581,16367,692,90,90
msg,2,118,569,3674,631,90,90
msg,2,119,589,3790,626,90,90
msg,2,120,552,4359,641,90,90
msg,2,121,570,3822,626,90,90
msg,2,122,570,4259,649,90,90
msg,2,123,582,4174,646,90,90
msg,2,124,546,5685,643,90,90
msg,2,125,547,17096,640,90,90
msg,2,126,569,4183,646,90,90
msg,2,127,552,3625,644,90,90
msg,2,128,561,3981,649,90,90
msg,2,129,566,3577,644,90,90
msg,2,130,655,4576,645,90,90
msg,2,131,574,16840,633,90,90
msg,2,132,545,5681,625,90,90
msg,2,133,558,4972,641,90,90
msg,2,134,583,3826,648,90,90
msg,2,135,574,4192,649,90,90
msg,2,136,552,6059,645,90,90
msg,2,137,572,5412,649,90,90
msg,2,138,586,17652,646,90,90
msg,2,139,581,4686,646,90,90
msg,2,140,570,4134,640,90,90
msg,2,141,545,3814,645,90,90
msg,2,142,576,7037,632,90,90
msg,2,143,571,17320,650,90,90
msg,2,144,575,4779,639,90,90
msg,2,145,578,20702,633,90,90
msg,2,146,583,3597,628,90,90
msg,2,147,588,4613,634,90,90
msg,2,148,583,15970,649,90,90
msg,2,149,560,4151,631,90,90
msg,2,150,570,4053,649,90,90
msg,2,151,1008,3937,644,90,90
msg,2,152,550,4339,640,90,90
msg,2,153,573,18940,630,90,90
msg,2,154,555,5229,643,90,90
msg,2,155,572,5566,644,90,90
msg,2,156,571,4371,650,90,90
msg,2,157,570,3875,638,90,90
msg,2,158,578,4067,643,90,90
msg,2,159,553,4342,629,90,90
msg,2,160,575,4918,644,90,90
msg,2,161,549,16012,649,90,90
msg,2,162,579,3850,632,90,90
msg,2,163,581,3680,625,90,90
msg,2,164,546,3681,623,90,90
msg,2,165,633,4006,648,90,90
msg,2,166,574,5689,642,90,90
msg,2,167,571,20407,643,90,90
msg,2,168,563,5413,644,90,90
msg,2,169,555,5232,627,90,90
msg,2,170,582,7246,642,90,90
msg,2,171,578,3629,646,90,90
msg,2,172,576,6406,644,90,90
msg,2,173,544,15888,648,90,90
msg,2,174,577,3705,639,90,90
msg,2,175,572,3879,629,90,90
msg,2,176,547,3665,624,90,90
msg,2,177,547,3836,639,90,90
msg,2,178,558,5535,629,90,90
msg,2,179,549,18055,647,90,90
msg,2,180,571,17842,643,90,90
msg,2,181,582,4150,649,90,90
msg,2,182,545,3544,648,90,90
msg,2,183,616,6095,633,90,90
msg,2,184,584,17735,636,90,90
msg,2,185,550,3687,625,90,90
msg,2,186,555,6704,641,90,90
msg,2,187,557,6444,636,90,90
msg,2,188,557,4458,630,90,90
msg,2,189,579,19132,643,90,90
msg,2,190,559,3939,642,90,90
msg,2,191,576,4313,640,90,90
msg,2,192,571,3724,654,90,90
msg,2,193,580,5604,648,90,90
msg,2,194,573,3574,648,90,90
msg,2,195,577,22402,648,90,90
msg,2,196,550,4559,646,90,90
msg,2,197,555,5146,629,90,90
msg,2,198,576,3882,627,90,90
msg,2,199,558,9290,628,90,90
whole,2,39.066,1687.086,200
#stack 2384
#end
#block pipeline TLS lorawan11 up
#aead LoRaWAN-1.1 AES-128-CTR+2xCMAC (BearSSL (arduino-pico)), uplink, 51 B payload + 13 B overhead
#lib wolfSSL 5.9.4
iter,tcp_ms,tls_ms,mqtt_ms,total_ms,hs_tx_B,hs_rx_B,mqtt_tx_B,mqtt_rx_B,hs_writes,hs_reads,writes,reads,free_heap_B,hs_keygen_us,hs_derive_us,hs_verify_us,hs_sign_us,hs_keygen_n,hs_derive_n,hs_verify_n,hs_sign_n
msg,iter,idx,seal_us,rtt_us,open_us,tx_B,rx_B
whole,iter,first_ms,all_ms,msgs
#suite TLS13-AES256-GCM-SHA384
0,7.8430,253.3600,15.0470,276.2500,1391,5958,45,568,2,12,3,18,166548,66230.0,70524.0,31328.0,0.0,2,2,2,0
msg,0,0,867,19280,863,112,112
msg,0,1,717,6462,867,112,112
msg,0,2,713,5665,861,112,112
msg,0,3,707,6478,864,112,112
msg,0,4,864,19865,857,112,112
msg,0,5,705,6430,859,112,112
msg,0,6,716,7460,870,112,112
msg,0,7,685,9664,864,112,112
msg,0,8,711,6219,862,112,112
msg,0,9,715,17582,868,112,112
msg,0,10,710,12430,840,112,112
msg,0,11,684,7817,865,112,112
msg,0,12,708,20256,869,112,112
msg,0,13,717,8636,839,112,112
msg,0,14,677,5611,862,112,112
msg,0,15,716,8306,865,112,112
msg,0,16,720,6002,867,112,112
msg,0,17,707,18596,870,112,112
msg,0,18,714,5695,866,112,112
msg,0,19,714,6800,859,112,112
msg,0,20,678,5886,870,112,112
msg,0,21,715,20025,861,112,112
msg,0,22,715,8065,862,112,112
msg,0,23,718,6122,864,112,112
msg,0,24,713,8444,866,112,112
msg,0,25,721,6138,862,112,112
msg,0,26,713,18664,862,112,112
msg,0,27,679,5731,861,112,112
msg,0,28,727,5651,859,112,112
msg,0,29,678,19671,858,112,112
msg,0,30,722,10125,864,112,112
msg,0,31,710,5722,862,112,112
msg,0,32,716,6042,867,112,112
msg,0,33,723,8327,861,112,112
msg,0,34,711,6521,852,112,112
msg,0,35,681,18172,835,112,112
msg,0,36,684,6065,859,112,112
msg,0,37,678,5767,991,112,112
msg,0,38,714,5680,845,112,112
msg,0,39,684,6404,861,112,112
msg,0,40,712,16584,861,112,112
msg,0,41,714,6930,862,112,112
msg,0,42,718,6132,865,112,112
msg,0,43,707,5672,866,112,112
msg,0,44,717,5842,863,112,112
msg,0,45,717,18912,858,112,112
msg,0,46,708,6006,835,112,112
msg,0,47,678,5764,868,112,112
msg,0,48,734,6200,859,112,112
msg,0,49,712,20216,869,112,112
msg,0,50,711,6388,941,112,112
msg,0,51,701,6653,857,112,112
msg,0,52,715,5560,871,112,112
msg,0,53,713,5902,870,112,112
msg,0,54,1322,7394,857,112,112
msg,0,55,722,15938,859,112,112
msg,0,56,682,6514,997,112,112
msg,0,57,712,5581,867,112,112
msg,0,58,708,7032,860,112,112
msg,0,59,714,22074,869,112,112
msg,0,60,727,5835,857,112,112
msg,0,61,681,6319,854,112,112
msg,0,62,714,5639,856,112,112
msg,0,63,711,6446,858,112,112
msg,0,64,681,17752,868,112,112
msg,0,65,717,6007,861,112,112
msg,0,66,728,5540,863,112,112
msg,0,67,717,5581,861,112,112
msg,0,68,708,6154,854,112,112
msg,0,69,679,20762,869,112,112
msg,0,70,711,7957,868,112,112
msg,0,71,716,6491,870,112,112
msg,0,72,711,28959,860,112,112
msg,0,73,715,5789,838,112,112
msg,0,74,684,6319,855,112,112
msg,0,75,706,6099,833,112,112
msg,0,76,686,19936,864,112,112
msg,0,77,718,7881,861,112,112
msg,0,78,722,6180,860,112,112
msg,0,79,719,5727,835,112,112
msg,0,80,683,5788,866,112,112
msg,0,81,710,7199,862,112,112
msg,0,82,715,13564,855,112,112
msg,0,83,673,5703,865,112,112
msg,0,84,713,5590,861,112,112
msg,0,85,707,6222,956,112,112
msg,0,86,682,5533,857,112,112
msg,0,87,720,15857,856,112,112
msg,0,88,677,5995,863,112,112
msg,0,89,717,5677,952,112,112
msg,0,90,712,8533,860,112,112
msg,0,91,718,11507,863,112,112
msg,0,92,679,16807,862,112,112
msg,0,93,725,5531,860,112,112
msg,0,94,683,5505,855,112,112
msg,0,95,682,9645,867,112,112
msg,0,96,719,19618,833,112,112
msg,0,97,678,8605,937,112,112
msg,0,98,706,5534,865,112,112
msg,0,99,715,5704,862,112,112
msg,0,100,717,8082,947,112,112
msg,0,101,722,16429,863,112,112
msg,0,102,718,6155,862,112,112
msg,0,103,716,7459,863,112,112
msg,0,104,712,8161,864,112,112
msg,0,105,714,17206,949,112,112
msg,0,106,712,6312,860,112,112
msg,0,107,677,6286,839,112,112
msg,0,108,684,8599,863,112,112
msg,0,109,713,5535,868,112,112
msg,0,110,719,17461,833,112,112
msg,0,111,685,5897,859,112,112
msg,0,112,713,5683,859,112,112
msg,0,113,677,7361,868,112,112
msg,0,114,700,10224,864,112,112
msg,0,115,722,10091,864,112,112
msg,0,116,716,6199,947,112,112
msg,0,117,713,7314,865,112,112
msg,0,118,716,6122,859,112,112
msg,0,119,718,5672,863,112,112
msg,0,120,677,19569,865,112,112
msg,0,121,711,7062,1392,112,112
msg,0,122,727,8127,866,112,112
msg,0,123,722,9523,837,112,112
msg,0,124,682,12948,869,112,112
msg,0,125,710,6395,857,112,112
msg,0,126,680,6428,835,112,112
msg,0,127,678,5689,947,112,112
msg,0,128,718,5975,860,112,112
msg,0,129,713,7111,862,112,112
msg,0,130,712,16739,860,112,112
msg,0,131,681,6221,864,112,112
msg,0,132,681,5655,861,112,112
msg,0,133,710,5464,865,112,112
msg,0,134,718,18182,867,112,112
msg,0,135,715,7222,863,112,112
msg,0,136,712,5914,861,112,112
msg,0,137,715,5836,839,112,112
msg,0,138,681,6801,865,112,112
msg,0,139,720,7645,832,112,112
msg,0,140,684,15046,863,112,112
msg,0,141,682,6489,853,112,112
msg,0,142,677,5791,871,112,112
msg,0,143,726,8906,939,112,112
msg,0,144,715,18335,953,112,112
msg,0,145,725,5614,853,112,112
msg,0,146,708,6232,855,112,112
msg,0,147,711,6788,862,112,112
msg,0,148,698,6045,861,112,112
msg,0,149,716,18748,857,112,112
msg,0,150,719,5503,938,112,112
msg,0,151,711,5970,861,112,112
msg,0,152,720,5617,867,112,112
msg,0,153,684,6508,857,112,112
msg,0,154,714,16172,862,112,112
msg,0,155,711,6501,943,112,112
msg,0,156,714,7717,861,112,112
msg,0,157,696,5989,861,112,112
msg,0,158,680,5979,866,112,112
msg,0,159,718,18043,858,112,112
msg,0,160,713,5912,857,112,112
msg,0,161,710,6787,860,112,112
msg,0,162,706,11912,868,112,112
msg,0,163,707,19478,869,112,112
msg,0,164,714,6676,861,112,112
msg,0,165,719,6211,866,112,112
msg,0,166,707,6072,856,112,112
msg,0,167,712,5533,859,112,112
msg,0,168,873,17027,864,112,112
msg,0,169,716,6107,869,112,112
msg,0,170,709,5538,865,112,112
msg,0,171,717,6061,870,112,112
msg,0,172,715,11400,864,112,112
msg,0,173,771,10018,867,112,112
msg,0,174,713,5769,857,112,112
msg,0,175,798,6626,864,112,112
msg,0,176,676,7701,858,112,112
msg,0,177,714,10592,865,112,112
msg,0,178,723,14415,914,112,112
msg,0,179,680,5644,862,112,112
msg,0,180,716,6091,865,112,112
msg,0,181,728,5626,858,112,112
msg,0,182,680,5718,869,112,112
msg,0,183,715,12898,836,112,112
msg,0,184,683,6473,857,112,112
msg,0,185,714,6947,836,112,112
msg,0,186,676,7064,865,112,112
msg,0,187,680,6361,986,112,112
msg,0,188,716,6333,855,112,112
msg,0,189,711,15239,867,112,112
msg,0,190,717,6250,859,112,112
msg,0,191,714,12462,863,112,112
msg,0,192,709,19823,857,112,112
msg,0,193,710,18218,859,112,112
msg,0,194,712,6146,863,112,112
msg,0,195,715,5929,841,112,112
msg,0,196,689,18260,835,112,112
msg,0,197,677,5708,861,112,112
msg,0,198,709,6111,862,112,112
msg,0,199,710,5765,833,112,112
whole,0,308.072,2481.953,200
1,21.3980,255.0810,13.2940,289.7730,1391,5955,45,568,2,12,3,18,166548,66255.0,70522.0,31364.0,0.0,2,2,2,0
msg,1,0,866,8674,864,112,112
msg,1,1,719,14719,862,112,112
msg,1,2,722,6503,859,112,112
msg,1,3,710,6676,835,112,112
msg,1,4,677,5538,861,112,112
msg,1,5,714,5774,858,112,112
msg,1,6,677,22972,864,112,112
msg,1,7,727,6062,873,112,112
msg,1,8,721,5648,838,112,112
msg,1,9,686,6475,861,112,112
msg,1,10,714,6433,862,112,112
msg,1,11,714,17766,837,112,112
msg,1,12,683,5597,863,112,112
msg,1,13,719,5619,860,112,112
msg,1,14,683,5832,865,112,112
msg,1,15,716,5556,862,112,112
msg,1,16,679,19213,861,112,112
msg,1,17,681,6898,858,112,112
msg,1,18,719,5924,860,112,112
msg,1,19,724,5527,863,112,112
msg,1,20,717,5560,836,112,112
msg,1,21,682,12627,855,112,112
msg,1,22,711,6492,869,112,112
msg,1,23,720,6720,980,112,112
msg,1,24,710,5446,862,112,112
msg,1,25,723,5478,858,112,112
msg,1,26,684,8870,859,112,112
msg,1,27,714,15802,854,112,112
msg,1,28,676,5709,868,112,112
msg,1,29,725,5465,854,112,112
msg,1,30,681,5656,860,112,112
msg,1,31,712,9000,856,112,112
msg,1,32,682,13182,829,112,112
msg,1,33,676,5752,871,112,112
msg,1,34,714,5824,858,112,112
msg,1,35,717,5840,860,112,112
msg,1,36,1296,6029,863,112,112
msg,1,37,716,17709,863,112,112
msg,1,38,676,5676,854,112,112
msg,1,39,714,5572,868,112,112
msg,1,40,716,6632,863,112,112
msg,1,41,682,6146,838,112,112
msg,1,42,676,15402,866,112,112
msg,1,43,717,5730,864,112,112
msg,1,44,708,6163,864,112,112
msg,1,45,713,8679,858,112,112
msg,1,46,717,5908,840,112,112
msg,1,47,682,18234,842,112,112
msg,1,48,680,5630,857,112,112
msg,1,49,714,6195,858,112,112
msg,1,50,816,5902,867,112,112
msg,1,51,720,20694,862,112,112
msg,1,52,718,6871,861,112,112
msg,1,53,712,6109,861,112,112
msg,1,54,726,5702,864,112,112
msg,1,55,708,5622,858,112,112
msg,1,56,729,7916,864,112,112
msg,1,57,682,17427,854,112,112
msg,1,58,685,6701,862,112,112
msg,1,59,806,6212,869,112,112
msg,1,60,722,7354,861,112,112
msg,1,61,680,19945,869,112,112
msg,1,62,720,6459,864,112,112
msg,1,63,679,6505,856,112,112
msg,1,64,707,6148,855,112,112
msg,1,65,714,5672,868,112,112
msg,1,66,717,19442,857,112,112
msg,1,67,670,6034,859,112,112
msg,1,68,714,5514,836,112,112
msg,1,69,686,5578,866,112,112
msg,1,70,716,18770,833,112,112
msg,1,71,685,6646,854,112,112
msg,1,72,714,6348,863,112,112
msg,1,73,723,5517,859,112,112
msg,1,74,764,5535,863,112,112
msg,1,75,715,7176,861,112,112
msg,1,76,712,16953,835,112,112
msg,1,77,677,6909,867,112,112
msg,1,78,715,5964,866,112,112
msg,1,79,721,8691,834,112,112
msg,1,80,680,14265,831,112,112
msg,1,81,684,6037,865,112,112
msg,1,82,716,7028,865,112,112
msg,1,83,1304,5685,866,112,112
msg,1,84,716,6240,861,112,112
msg,1,85,712,6750,868,112,112
msg,1,86,722,18255,862,112,112
msg,1,87,710,6472,867,112,112
msg,1,88,719,8635,858,112,112
msg,1,89,674,19982,863,112,112
msg,1,90,696,7068,857,112,112
msg,1,91,680,5981,866,112,112
msg,1,92,721,5545,835,112,112
msg,1,93,679,5567,866,112,112
msg,1,94,711,7630,942,112,112
msg,1,95,679,18327,843,112,112
msg,1,96,695,5600,857,112,112
msg,1,97,708,5477,866,112,112
msg,1,98,710,8627,835,112,112
msg,1,99,675,17251,835,112,112
msg,1,100,678,6478,863,112,112
msg,1,101,715,5765,850,112,112
msg,1,102,678,7881,864,112,112
msg,1,103,721,6239,869,112,112
msg,1,104,718,18081,859,112,112
msg,1,105,720,6783,860,112,112
msg,1,106,718,5926,861,112,112
msg,1,107,677,5739,859,112,112
msg,1,108,708,20024,860,112,112
msg,1,109,712,19031,831,112,112
msg,1,110,675,5894,874,112,112
msg,1,111,717,6297,862,112,112
msg,1,112,705,18113,864,112,112
msg,1,113,709,6030,866,112,112
msg,1,114,800,5809,865,112,112
msg,1,115,712,5990,838,112,112
msg,1,116,678,6008,870,112,112
msg,1,117,677,15595,853,112,112
msg,1,118,713,6295,865,112,112
msg,1,119,724,5564,867,112,112
msg,1,120,710,8358,865,112,112
msg,1,121,675,5593,861,112,112
msg,1,122,724,18721,868,112,112
msg,1,123,713,6388,835,112,112
msg,1,124,676,6527,943,112,112
msg,1,125,713,6495,867,112,112
msg,1,126,719,19109,858,112,112
msg,1,127,713,6503,857,112,112
msg,1,128,680,6155,865,112,112
msg,1,129,709,5549,860,112,112
msg,1,130,711,5632,869,112,112
msg,1,131,712,7626,838,112,112
msg,1,132,678,16768,863,112,112
msg,1,133,708,6536,866,112,112
msg,1,134,682,6362,837,112,112
msg,1,135,674,9960,870,112,112
msg,1,136,723,15813,862,112,112
msg,1,137,715,5964,864,112,112
msg,1,138,707,5954,865,112,112
msg,1,139,676,7887,951,112,112
msg,1,140,722,5537,839,112,112
msg,1,141,682,19997,869,112,112
msg,1,142,704,5717,861,112,112
msg,1,143,714,5937,837,112,112
msg,1,144,686,7774,863,112,112
msg,1,145,715,19344,865,112,112
msg,1,146,713,8891,866,112,112
msg,1,147,724,6935,856,112,112
msg,1,148,717,5537,860,112,112
msg,1,149,714,5637,834,112,112
msg,1,150,677,19433,861,112,112
msg,1,151,708,5935,863,112,112
msg,1,152,678,8508,857,112,112
msg,1,153,711,6441,866,112,112
msg,1,154,709,20028,873,112,112
msg,1,155,804,12186,861,112,112
msg,1,156,708,7585,861,112,112
msg,1,157,711,5631,945,112,112
msg,1,158,712,6854,861,112,112
msg,1,159,680,15321,844,112,112
msg,1,160,686,6270,835,112,112
msg,1,161,681,8372,863,112,112
msg,1,162,709,23063,833,112,112
msg,1,163,675,6941,865,112,112
msg,1,164,721,6526,854,112,112
msg,1,165,681,8578,856,112,112
msg,1,166,717,5802,832,112,112
msg,1,167,683,19444,869,112,112
msg,1,168,717,6077,859,112,112
msg,1,169,719,6005,835,112,112
msg,1,170,674,6888,1003,112,112
msg,1,171,708,20731,855,112,112
msg,1,172,716,6232,865,112,112
msg,1,173,718,5607,866,112,112
msg,1,174,710,5282,861,112,112
msg,1,175,673,5597,858,112,112
msg,1,176,706,7943,839,112,112
msg,1,177,680,16284,835,112,112
msg,1,178,682,6627,855,112,112
msg,1,179,717,6296,859,112,112
msg,1,180,722,8626,837,112,112
msg,1,181,677,20133,861,112,112
msg,1,182,683,5557,864,112,112
msg,1,183,715,5841,864,112,112
msg,1,184,680,5582,864,112,112
msg,1,185,712,5540,861,112,112
msg,1,186,797,19096,943,112,112
msg,1,187,716,6442,858,112,112
msg,1,188,681,5749,857,112,112
msg,1,189,709,5815,831,112,112
msg,1,190,679,5625,858,112,112
msg,1,191,711,13217,860,112,112
msg,1,192,718,6361,869,112,112
msg,1,193,711,6606,836,112,112
msg,1,194,687,5718,859,112,112
msg,1,195,714,5756,837,112,112
msg,1,196,678,8279,857,112,112
msg,1,197,689,15497,942,112,112
msg,1,198,711,7207,863,112,112
msg,1,199,720,5656,834,112,112
whole,1,306.619,2447.366,200
2,32.5750,253.4100,10.5960,296.5810,1391,5955,45,568,2,12,3,18,166548,66489.0,71679.0,31199.0,0.0,2,2,2,0
msg,2,0,877,20341,844,112,112
msg,2,1,682,6166,837,112,112
msg,2,2,682,6803,863,112,112
msg,2,3,715,7960,863,112,112
msg,2,4,715,6212,863,112,112
msg,2,5,711,5870,841,112,112
msg,2,6,680,15545,856,112,112
msg,2,7,709,6938,836,112,112
msg,2,8,692,6516,864,112,112
msg,2,9,714,23950,834,112,112
msg,2,10,677,7842,862,112,112
msg,2,11,709,8046,860,112,112
msg,2,12,717,7736,847,112,112
msg,2,13,684,5959,860,112,112
msg,2,14,679,17875,862,112,112
msg,2,15,711,5913,861,112,112
msg,2,16,716,6786,863,112,112
msg,2,17,681,6051,870,112,112
msg,2,18,805,19823,861,112,112
msg,2,19,709,6249,860,112,112
msg,2,20,815,6528,865,112,112
msg,2,21,678,5682,860,112,112
msg,2,22,711,5834,842,112,112
msg,2,23,682,7811,862,112,112
msg,2,24,724,16116,993,112,112
msg,2,25,715,6046,867,112,112
msg,2,26,718,6431,866,112,112
msg,2,27,712,7717,856,112,112
msg,2,28,709,22170,865,112,112
msg,2,29,719,7551,869,112,112
msg,2,30,805,5973,869,112,112
msg,2,31,715,6049,863,112,112
msg,2,32,723,7377,869,112,112
msg,2,33,716,18670,836,112,112
msg,2,34,681,9823,872,112,112
msg,2,35,718,11905,867,112,112
msg,2,36,716,17472,872,112,112
msg,2,37,719,10327,867,112,112
msg,2,38,715,6265,859,112,112
msg,2,39,690,6231,860,112,112
msg,2,40,681,7711,863,112,112
msg,2,41,718,15612,868,112,112
msg,2,42,678,6398,836,112,112
msg,2,43,697,6119,854,112,112
msg,2,44,688,10590,859,112,112
msg,2,45,713,15695,859,112,112
msg,2,46,704,6604,863,112,112
msg,2,47,806,5539,868,112,112
msg,2,48,717,7653,854,112,112
msg,2,49,678,6219,836,112,112
msg,2,50,673,18136,843,112,112
msg,2,51,678,5685,864,112,112
msg,2,52,718,6360,947,112,112
msg,2,53,712,5816,866,112,112
msg,2,54,708,6074,857,112,112
msg,2,55,710,15338,861,112,112
msg,2,56,717,6346,859,112,112
msg,2,57,721,6199,872,112,112
msg,2,58,718,7443,865,112,112
msg,2,59,718,5966,859,112,112
msg,2,60,720,18701,835,112,112
msg,2,61,676,5688,865,112,112
msg,2,62,711,6488,864,112,112
msg,2,63,687,6203,854,112,112
msg,2,64,688,19950,867,112,112
msg,2,65,716,8891,855,112,112
msg,2,66,717,6126,852,112,112
msg,2,67,711,8774,861,112,112
msg,2,68,715,5953,863,112,112
msg,2,69,710,17752,865,112,112
msg,2,70,726,5565,867,112,112
msg,2,71,712,5718,857,112,112
msg,2,72,713,6273,864,112,112
msg,2,73,712,5930,921,112,112
msg,2,74,679,17441,866,112,112
msg,2,75,800,5615,863,112,112
msg,2,76,712,6437,837,112,112
msg,2,77,683,8261,834,112,112
msg,2,78,686,24503,863,112,112
msg,2,79,712,6054,859,112,112
msg,2,80,717,5775,869,112,112
msg,2,81,711,5922,953,112,112
msg,2,82,716,20586,838,112,112
msg,2,83,683,6862,865,112,112
msg,2,84,719,6144,863,112,112
msg,2,85,805,7854,863,112,112
msg,2,86,714,6744,860,112,112
msg,2,87,677,19843,869,112,112
msg,2,88,721,5861,856,112,112
msg,2,89,716,6096,838,112,112
msg,2,90,675,5574,868,112,112
msg,2,91,723,6181,866,112,112
msg,2,92,715,13167,953,112,112
msg,2,93,713,5959,864,112,112
msg,2,94,709,6402,862,112,112
msg,2,95,718,5760,837,112,112
msg,2,96,687,5675,861,112,112
msg,2,97,724,8189,862,112,112
msg,2,98,719,16280,865,112,112
msg,2,99,816,5804,859,112,112
msg,2,100,722,5795,861,112,112
msg,2,101,683,8766,859,112,112
msg,2,102,712,19533,876,112,112
msg,2,103,707,6328,868,112,112
msg,2,104,684,5939,869,112,112
msg,2,105,711,5621,832,112,112
msg,2,106,682,6313,847,112,112
msg,2,107,679,18644,863,112,112
msg,2,108,715,6819,859,112,112
msg,2,109,711,5563,862,112,112
msg,2,110,719,5525,868,112,112
msg,2,111,684,5867,854,112,112
msg,2,112,819,15650,860,112,112
msg,2,113,673,5549,867,112,112
msg,2,114,711,6186,860,112,112
msg,2,115,716,8586,867,112,112
msg,2,116,681,5899,865,112,112
msg,2,117,720,33672,839,112,112
msg,2,118,687,12797,862,112,112
msg,2,119,710,17687,836,112,112
msg,2,120,684,5821,868,112,112
msg,2,121,713,5680,856,112,112
msg,2,122,721,8761,872,112,112
msg,2,123,710,6779,866,112,112
msg,2,124,725,35458,861,112,112
msg,2,125,714,5557,835,112,112
msg,2,126,681,18536,857,112,112
msg,2,127,711,6249,862,112,112
msg,2,128,710,6256,863,112,112
msg,2,129,705,5452,862,112,112
msg,2,130,714,5782,857,112,112
msg,2,131,714,8677,866,112,112
msg,2,132,712,18356,860,112,112
msg,2,133,678,23639,861,112,112
msg,2,134,715,18765,866,112,112
msg,2,135,684,5596,866,112,112
msg,2,136,714,5590,863,112,112
msg,2,137,705,7188,870,112,112
msg,2,138,716,5511,836,112,112
msg,2,139,683,17540,865,112,112
msg,2,140,714,5861,841,112,112
msg,2,141,685,5934,873,112,112
msg,2,142,720,7410,834,112,112
msg,2,143,679,19523,869,112,112
msg,2,144,715,6350,869,112,112
msg,2,145,711,6252,867,112,112
msg,2,146,714,5550,858,112,112
msg,2,147,683,5716,860,112,112
msg,2,148,716,8167,862,112,112
msg,2,149,716,16531,875,112,112
msg,2,150,718,7760,864,112,112
msg,2,151,712,9004,836,112,112
msg,2,152,684,20817,867,112,112
msg,2,153,720,6418,859,112,112
msg,2,154,681,18140,864,112,112
msg,2,155,676,6637,858,112,112
msg,2,156,715,17477,862,112,112
msg,2,157,716,10209,868,112,112
msg,2,158,713,6825,856,112,112
msg,2,159,711,23405,865,112,112
msg,2,160,809,6576,861,112,112
msg,2,161,674,6606,858,112,112
msg,2,162,712,5794,858,112,112
msg,2,163,677,5570,863,112,112
msg,2,164,714,8288,857,112,112
msg,2,165,710,12941,839,112,112
msg,2,166,678,7216,834,112,112
msg,2,167,684,6672,866,112,112
msg,2,168,723,10105,857,112,112
msg,2,169,716,16824,835,112,112
msg,2,170,687,6087,865,112,112
msg,2,171,678,5777,863,112,112
msg,2,172,722,7908,855,112,112
msg,2,173,714,5558,868,112,112
msg,2,174,714,19361,860,112,112
msg,2,175,687,5734,862,112,112
msg,2,176,713,7265,864,112,112
msg,2,177,715,6466,869,112,112
msg,2,178,715,9663,861,112,112
msg,2,179,715,11401,861,112,112
msg,2,180,715,5697,861,112,112
msg,2,181,678,5958,870,112,112
msg,2,182,716,5733,857,112,112
msg,2,183,712,5523,868,112,112
msg,2,184,711,5992,866,112,112
msg,2,185,721,43624,865,112,112
msg,2,186,1178,14650,867,112,112
msg,2,187,714,5767,854,112,112
msg,2,188,712,5908,838,112,112
msg,2,189,676,5430,858,112,112
msg,2,190,711,5504,858,112,112
msg,2,191,717,23059,863,112,112
msg,2,192,718,6267,860,112,112
msg,2,193,720,5713,841,112,112
msg,2,194,673,5565,860,112,112
msg,2,195,718,6119,865,112,112
msg,2,196,725,32143,851,112,112
msg,2,197,711,5477,858,112,112
msg,2,198,721,5603,866,112,112
msg,2,199,689,20436,857,112,112
whole,2,325.276,2634.756,200
#heap 27587
#stack 3256
#end
#block pipeline TLS lorawan11 down
#aead LoRaWAN-1.1 AES-128-CTR+2xCMAC (BearSSL (arduino-pico)), downlink, 51 B payload + 13 B overhead
#lib wolfSSL 5.9.4
iter,tcp_ms,tls_ms,mqtt_ms,total_ms,hs_tx_B,hs_rx_B,mqtt_tx_B,mqtt_rx_B,hs_writes,hs_reads,writes,reads,free_heap_B,hs_keygen_us,hs_derive_us,hs_verify_us,hs_sign_us,hs_keygen_n,hs_derive_n,hs_verify_n,hs_sign_n
msg,iter,idx,seal_us,rtt_us,open_us,tx_B,rx_B
whole,iter,first_ms,all_ms,msgs
#suite TLS13-AES256-GCM-SHA384
0,4.5410,256.2720,13.0040,273.8170,1391,5957,45,568,2,12,3,18,166548,66443.0,70299.0,31435.0,0.0,2,2,2,0
msg,0,0,608,6540,594,112,112
msg,0,1,454,17638,598,112,112
msg,0,2,466,7838,590,112,112
msg,0,3,464,6314,596,112,112
msg,0,4,423,6113,589,112,112
msg,0,5,461,20307,593,112,112
msg,0,6,425,6028,599,112,112
msg,0,7,462,6052,565,112,112
msg,0,8,421,6075,591,112,112
msg,0,9,428,6874,593,112,112
msg,0,10,424,6038,587,112,112
msg,0,11,458,17662,592,112,112
msg,0,12,461,5687,593,112,112
msg,0,13,455,5814,588,112,112
msg,0,14,463,6092,565,112,112
msg,0,15,425,8876,592,112,112
msg,0,16,430,15847,592,112,112
msg,0,17,429,6515,571,112,112
msg,0,18,428,5752,568,112,112
msg,0,19,425,7344,593,112,112
msg,0,20,450,6112,570,112,112
msg,0,21,424,6780,569,112,112
msg,0,22,427,16185,593,112,112
msg,0,23,453,7158,566,112,112
msg,0,24,421,6375,596,112,112
msg,0,25,455,5717,594,112,112
msg,0,26,454,9201,565,112,112
msg,0,27,424,10918,592,112,112
msg,0,28,437,5859,596,112,112
msg,0,29,429,5627,592,112,112
msg,0,30,420,11006,595,112,112
msg,0,31,453,8129,568,112,112
msg,0,32,458,19264,598,112,112
msg,0,33,425,5710,588,112,112
msg,0,34,419,5477,565,112,112
msg,0,35,420,5954,589,112,112
msg,0,36,421,6129,590,112,112
msg,0,37,461,13406,674,112,112
msg,0,38,457,5660,587,112,112
msg,0,39,421,5866,590,112,112
msg,0,40,460,5555,587,112,112
msg,0,41,418,5785,589,112,112
msg,0,42,428,7176,563,112,112
msg,0,43,462,18843,564,112,112
msg,0,44,454,7104,593,112,112
msg,0,45,429,12131,588,112,112
msg,0,46,462,6946,565,112,112
msg,0,47,459,17680,565,112,112
msg,0,48,448,6606,588,112,112
msg,0,49,456,5812,565,112,112
msg,0,50,457,5654,594,112,112
msg,0,51,456,5806,652,112,112
msg,0,52,472,8305,594,112,112
msg,0,53,420,16838,595,112,112
msg,0,54,475,7057,563,112,112
msg,0,55,459,5559,597,112,112
msg,0,56,459,5548,591,112,112
msg,0,57,456,9508,589,112,112
msg,0,58,426,10544,570,112,112
msg,0,59,428,6732,561,112,112
msg,0,60,424,5888,589,112,112
msg,0,61,432,5540,563,112,112
msg,0,62,425,5793,569,112,112
msg,0,63,428,8500,573,112,112
msg,0,64,463,16673,565,112,112
msg,0,65,458,5838,562,112,112
msg,0,66,458,5818,565,112,112
msg,0,67,421,5731,568,112,112
msg,0,68,430,20189,592,112,112
msg,0,69,422,7513,568,112,112
msg,0,70,426,6683,567,112,112
msg,0,71,422,7349,589,112,112
msg,0,72,459,5691,591,112,112
msg,0,73,479,23451,599,112,112
msg,0,74,463,6134,564,112,112
msg,0,75,428,9998,592,112,112
msg,0,76,423,5621,674,112,112
msg,0,77,423,9098,592,112,112
msg,0,78,456,11138,564,112,112
msg,0,79,423,5962,590,112,112
msg,0,80,434,7804,586,112,112
msg,0,81,527,7558,570,112,112
msg,0,82,429,6958,592,112,112
msg,0,83,438,18666,596,112,112
msg,0,84,426,6114,587,112,112
msg,0,85,468,5593,594,112,112
msg,0,86,462,6368,569,112,112
msg,0,87,427,6575,569,112,112
msg,0,88,423,20258,597,112,112
msg,0,89,477,5606,598,112,112
msg,0,90,424,5669,592,112,112
msg,0,91,427,7525,566,112,112
msg,0,92,430,5705,564,112,112
msg,0,93,428,6084,1117,112,112
msg,0,94,450,16275,591,112,112
msg,0,95,455,5697,596,112,112
msg,0,96,459,8312,565,112,112
msg,0,97,431,8759,569,112,112
msg,0,98,421,26597,568,112,112
msg,0,99,425,6831,645,112,112
msg,0,100,418,5770,566,112,112
msg,0,101,438,5853,590,112,112
msg,0,102,422,21979,596,112,112
msg,0,103,424,6120,570,112,112
msg,0,104,463,6167,595,112,112
msg,0,105,419,6023,595,112,112
msg,0,106,451,21122,566,112,112
msg,0,107,430,6624,563,112,112
msg,0,108,463,6485,595,112,112
msg,0,109,456,6047,564,112,112
msg,0,110,464,5608,566,112,112
msg,0,111,457,5636,592,112,112
msg,0,112,459,17679,592,112,112
msg,0,113,461,7649,591,112,112
msg,0,114,460,9625,595,112,112
msg,0,115,454,8671,600,112,112
msg,0,116,456,20657,684,112,112
msg,0,117,465,6381,592,112,112
msg,0,118,433,6124,590,112,112
msg,0,119,461,8183,563,112,112
msg,0,120,427,6081,589,112,112
msg,0,121,421,20013,595,112,112
msg,0,122,469,6428,593,112,112
msg,0,123,422,6307,567,112,112
msg,0,124,455,6508,588,112,112
msg,0,125,460,18645,595,112,112
msg,0,126,452,5675,592,112,112
msg,0,127,455,5795,591,112,112
msg,0,128,458,6447,593,112,112
msg,0,129,423,6079,593,112,112
msg,0,130,454,5884,569,112,112
msg,0,131,466,21257,594,112,112
msg,0,132,417,7480,565,112,112
msg,0,133,428,7317,588,112,112
msg,0,134,455,9339,588,112,112
msg,0,135,430,19582,568,112,112
msg,0,136,428,10110,595,112,112
msg,0,137,453,8427,588,112,112
msg,0,138,425,5859,590,112,112
msg,0,139,422,7148,598,112,112
msg,0,140,460,16080,569,112,112
msg,0,141,438,6322,587,112,112
msg,0,142,460,7072,564,112,112
msg,0,143,430,8893,567,112,112
msg,0,144,430,19616,565,112,112
msg,0,145,420,5523,566,112,112
msg,0,146,460,5861,568,112,112
msg,0,147,453,5556,589,112,112
msg,0,148,460,5590,593,112,112
msg,0,149,465,5936,566,112,112
msg,0,150,464,18915,569,112,112
msg,0,151,424,6828,565,112,112
msg,0,152,426,6633,568,112,112
msg,0,153,421,5437,592,112,112
msg,0,154,458,18774,591,112,112
msg,0,155,471,6036,564,112,112
msg,0,156,427,5961,595,112,112
msg,0,157,428,6073,598,112,112
msg,0,158,462,5818,588,112,112
msg,0,159,456,6591,597,112,112
msg,0,160,468,18407,593,112,112
msg,0,161,425,6699,568,112,112
msg,0,162,426,6706,566,112,112
msg,0,163,426,6199,594,112,112
msg,0,164,456,5941,564,112,112
msg,0,165,460,13869,559,112,112
msg,0,166,425,6117,593,112,112
msg,0,167,423,7684,591,112,112
msg,0,168,423,5787,594,112,112
msg,0,169,435,5730,593,112,112
msg,0,170,435,5614,562,112,112
msg,0,171,425,17866,594,112,112
msg,0,172,422,6074,593,112,112
msg,0,173,452,8158,562,112,112
msg,0,174,426,27582,568,112,112
msg,0,175,472,6116,592,112,112
msg,0,176,419,5688,563,112,112
msg,0,177,427,6163,588,112,112
msg,0,178,457,6163,564,112,112
msg,0,179,438,6080,586,112,112
msg,0,180,416,18839,591,112,112
msg,0,181,423,5826,594,112,112
msg,0,182,466,5673,594,112,112
msg,0,183,455,6836,587,112,112
msg,0,184,455,7384,592,112,112
msg,0,185,423,16470,567,112,112
msg,0,186,564,5804,590,112,112
msg,0,187,425,6453,564,112,112
msg,0,188,1009,8357,572,112,112
msg,0,189,427,5913,586,112,112
msg,0,190,425,5667,564,112,112
msg,0,191,428,13403,563,112,112
msg,0,192,468,5821,564,112,112
msg,0,193,456,5501,587,112,112
msg,0,194,456,6099,567,112,112
msg,0,195,513,8027,591,112,112
msg,0,196,425,19788,592,112,112
msg,0,197,424,6485,563,112,112
msg,0,198,423,6422,649,112,112
msg,0,199,456,6484,589,112,112
whole,0,289.032,2329.180,200
1,18.3960,247.2360,14.1580,279.7900,1391,5960,45,568,2,12,3,18,166548,66288.0,72154.0,31294.0,0.0,2,2,2,0
msg,1,0,606,6136,565,112,112
msg,1,1,422,6131,589,112,112
msg,1,2,425,5996,589,112,112
msg,1,3,460,17306,592,112,112
msg,1,4,425,6079,592,112,112
msg,1,5,457,5850,593,112,112
msg,1,6,465,5971,566,112,112
msg,1,7,426,7289,594,112,112
msg,1,8,552,14788,596,112,112
msg,1,9,460,7283,591,112,112
msg,1,10,430,6192,590,112,112
msg,1,11,452,6287,597,112,112
msg,1,12,433,5593,562,112,112
msg,1,13,430,5487,570,112,112
msg,1,14,457,17054,567,112,112
msg,1,15,427,5652,562,112,112
msg,1,16,434,5636,567,112,112
msg,1,17,432,5691,567,112,112
msg,1,18,461,7933,660,112,112
msg,1,19,435,18290,595,112,112
msg,1,20,457,7016,566,112,112
msg,1,21,421,5792,565,112,112
msg,1,22,420,5865,566,112,112
msg,1,23,436,6176,593,112,112
msg,1,24,459,6611,596,112,112
msg,1,25,453,16254,565,112,112
msg,1,26,427,5775,567,112,112
msg,1,27,438,5785,565,112,112
msg,1,28,421,5681,568,112,112
msg,1,29,434,5918,565,112,112
msg,1,30,426,13553,564,112,112
msg,1,31,438,6896,570,112,112
msg,1,32,429,6986,592,112,112
msg,1,33,420,5922,599,112,112
msg,1,34,460,5512,588,112,112
msg,1,35,423,5589,568,112,112
msg,1,36,430,17933,596,112,112
msg,1,37,433,5818,592,112,112
msg,1,38,425,6088,591,112,112
msg,1,39,551,5711,567,112,112
msg,1,40,460,8444,592,112,112
msg,1,41,453,16124,568,112,112
msg,1,42,430,6011,594,112,112
msg,1,43,422,6084,598,112,112
msg,1,44,467,7557,592,112,112
msg,1,45,423,5855,599,112,112
msg,1,46,549,6585,591,112,112
msg,1,47,438,17128,563,112,112
msg,1,48,458,6286,593,112,112
msg,1,49,435,5980,666,112,112
msg,1,50,461,5717,593,112,112
msg,1,51,462,19161,566,112,112
msg,1,52,430,6446,567,112,112
msg,1,53,461,8265,597,112,112
msg,1,54,425,6325,569,112,112
msg,1,55,431,5866,563,112,112
msg,1,56,426,7832,564,112,112
msg,1,57,426,18230,589,112,112
msg,1,58,462,5615,597,112,112
msg,1,59,459,6880,590,112,112
msg,1,60,455,5813,564,112,112
msg,1,61,462,8833,565,112,112
msg,1,62,455,14234,592,112,112
msg,1,63,416,5779,595,112,112
msg,1,64,430,6008,594,112,112
msg,1,65,455,7537,587,112,112
msg,1,66,456,6232,567,112,112
msg,1,67,424,18284,598,112,112
msg,1,68,459,6129,570,112,112
msg,1,69,421,5747,568,112,112
msg,1,70,425,6233,588,112,112
msg,1,71,428,6732,590,112,112
msg,1,72,420,17650,598,112,112
msg,1,73,425,5580,565,112,112
msg,1,74,419,5879,594,112,112
msg,1,75,437,6770,596,112,112
msg,1,76,420,11663,593,112,112
msg,1,77,428,17307,563,112,112
msg,1,78,557,5738,569,112,112
msg,1,79,420,5876,565,112,112
msg,1,80,424,6873,592,112,112
msg,1,81,426,6841,593,112,112
msg,1,82,431,13850,595,112,112
msg,1,83,425,6042,585,112,112
msg,1,84,454,6630,585,112,112
msg,1,85,465,5944,568,112,112
msg,1,86,461,6500,594,112,112
msg,1,87,466,6082,561,112,112
msg,1,88,424,17592,571,112,112
msg,1,89,454,5784,564,112,112
msg,1,90,466,5952,564,112,112
msg,1,91,430,5840,567,112,112
msg,1,92,427,23801,591,112,112
msg,1,93,416,6429,564,112,112
msg,1,94,457,6686,568,112,112
msg,1,95,464,6200,594,112,112
msg,1,96,421,5639,588,112,112
msg,1,97,421,6347,565,112,112
msg,1,98,468,19849,563,112,112
msg,1,99,456,6818,564,112,112
msg,1,100,439,6048,589,112,112
msg,1,101,415,5744,588,112,112
msg,1,102,422,9884,592,112,112
msg,1,103,415,14402,565,112,112
msg,1,104,426,5823,566,112,112
msg,1,105,417,6041,593,112,112
msg,1,106,430,6253,565,112,112
msg,1,107,456,6871,565,112,112
msg,1,108,425,18727,564,112,112
msg,1,109,424,5850,566,112,112
msg,1,110,425,5965,589,112,112
msg,1,111,427,5652,585,112,112
msg,1,112,430,7914,597,112,112
msg,1,113,428,36558,665,112,112
msg,1,114,439,5865,595,112,112
msg,1,115,424,31425,568,112,112
msg,1,116,437,9056,601,112,112
msg,1,117,423,8118,561,112,112
msg,1,118,464,18960,563,112,112
msg,1,119,426,6711,565,112,112
msg,1,120,429,7022,588,112,112
msg,1,121,425,6173,593,112,112
msg,1,122,466,6209,592,112,112
msg,1,123,418,6275,598,112,112
msg,1,124,450,18904,563,112,112
msg,1,125,451,6028,584,112,112
msg,1,126,428,5890,583,112,112
msg,1,127,425,5585,565,112,112
msg,1,128,425,5785,568,112,112
msg,1,129,435,15755,564,112,112
msg,1,130,520,6476,566,112,112
msg,1,131,422,5876,561,112,112
msg,1,132,422,7311,592,112,112
msg,1,133,461,6185,568,112,112
msg,1,134,427,7667,565,112,112
msg,1,135,425,15652,563,112,112
msg,1,136,438,7117,591,112,112
msg,1,137,432,9115,590,112,112
msg,1,138,458,7548,599,112,112
msg,1,139,455,17387,592,112,112
msg,1,140,417,5860,593,112,112
msg,1,141,437,5834,596,112,112
msg,1,142,454,9906,595,112,112
msg,1,143,456,26526,596,112,112
msg,1,144,470,6024,565,112,112
msg,1,145,455,5899,559,112,112
msg,1,146,427,6207,594,112,112
msg,1,147,430,6917,588,112,112
msg,1,148,466,20556,594,112,112
msg,1,149,430,9025,588,112,112
msg,1,150,455,6052,568,112,112
msg,1,151,439,7077,589,112,112
msg,1,152,431,8740,598,112,112
msg,1,153,420,13216,566,112,112
msg,1,154,459,6641,565,112,112
msg,1,155,456,6256,593,112,112
msg,1,156,1024,5939,574,112,112
msg,1,157,422,6666,564,112,112
msg,1,158,425,16269,590,112,112
msg,1,159,452,6239,564,112,112
msg,1,160,435,5608,563,112,112
msg,1,161,426,5888,565,112,112
msg,1,162,430,6264,595,112,112
msg,1,163,459,22952,566,112,112
msg,1,164,463,538931,574,112,112
msg,1,165,436,19582,566,112,112
msg,1,166,460,6757,568,112,112
msg,1,167,430,6871,570,112,112
msg,1,168,434,7156,594,112,112
msg,1,169,418,7681,591,112,112
msg,1,170,424,18457,563,112,112
msg,1,171,423,6451,564,112,112
msg,1,172,451,9494,592,112,112
msg,1,173,461,6369,594,112,112
msg,1,174,420,18238,590,112,112
msg,1,175,461,7537,598,112,112
msg,1,176,458,8857,591,112,112
msg,1,177,457,9176,565,112,112
msg,1,178,424,6720,565,112,112
msg,1,179,422,22694,569,112,112
msg,1,180,422,9699,565,112,112
msg,1,181,419,8190,589,112,112
msg,1,182,425,19621,595,112,112
msg,1,183,423,6548,564,112,112
msg,1,184,423,6947,588,112,112
msg,1,185,426,6872,594,112,112
msg,1,186,423,5713,589,112,112
msg,1,187,424,23830,592,112,112
msg,1,188,423,7456,567,112,112
msg,1,189,437,8318,590,112,112
msg,1,190,470,5834,568,112,112
msg,1,191,465,9747,563,112,112
msg,1,192,459,10624,589,112,112
msg,1,193,454,6407,591,112,112
msg,1,194,423,5657,591,112,112
msg,1,195,428,6053,597,112,112
msg,1,196,456,5906,565,112,112
msg,1,197,468,8744,565,112,112
msg,1,198,456,17183,592,112,112
msg,1,199,423,6025,597,112,112
whole,1,293.824,2898.609,200
2,5.3890,247.3420,10.7820,263.5130,1391,5958,45,568,2,12,3,18,166548,66356.0,71592.0,31438.0,0.0,2,2,2,0
msg,2,0,606,20545,594,112,112
msg,2,1,421,8263,565,112,112
msg,2,2,462,6045,563,112,112
msg,2,3,425,7285,588,112,112
msg,2,4,448,20019,568,112,112
msg,2,5,424,8765,566,112,112
msg,2,6,418,7066,592,112,112
msg,2,7,428,6622,563,112,112
msg,2,8,437,8313,592,112,112
msg,2,9,458,16627,592,112,112
msg,2,10,464,7737,588,112,112
msg,2,11,458,6839,565,112,112
msg,2,12,447,9216,591,112,112
msg,2,13,432,16787,594,112,112
msg,2,14,425,6832,593,112,112
msg,2,15,418,6662,595,112,112
msg,2,16,422,7398,565,112,112
msg,2,17,456,6256,591,112,112
msg,2,18,422,20319,659,112,112
msg,2,19,435,10870,587,112,112
msg,2,20,421,7529,567,112,112
msg,2,21,426,22177,593,112,112
msg,2,22,415,7779,590,112,112
msg,2,23,422,6474,565,112,112
msg,2,24,425,6466,570,112,112
msg,2,25,461,6554,590,112,112
msg,2,26,457,8457,599,112,112
msg,2,27,424,16313,567,112,112
msg,2,28,429,7414,587,112,112
msg,2,29,453,5602,589,112,112
msg,2,30,455,9932,564,112,112
msg,2,31,457,15225,589,112,112
msg,2,32,424,6232,564,112,112
msg,2,33,459,8643,593,112,112
msg,2,34,457,5699,588,112,112
msg,2,35,456,5532,594,112,112
msg,2,36,459,45771,595,112,112
msg,2,37,466,22202,657,112,112
msg,2,38,429,6454,562,112,112
msg,2,39,456,8066,565,112,112
msg,2,40,430,6868,592,112,112
msg,2,41,422,6232,590,112,112
msg,2,42,451,22508,594,112,112
msg,2,43,457,101114,642,112,112
msg,2,44,431,6368,594,112,112
msg,2,45,464,6045,565,112,112
msg,2,46,434,5716,563,112,112
msg,2,47,435,7169,590,112,112
msg,2,48,424,107087,588,112,112
msg,2,49,452,10735,585,112,112
msg,2,50,454,6518,594,112,112
msg,2,51,465,6329,565,112,112
msg,2,52,428,5832,592,112,112
msg,2,53,426,93576,569,112,112
msg,2,54,424,6295,674,112,112
msg,2,55,454,6429,591,112,112
msg,2,56,426,7581,589,112,112
msg,2,57,421,115757,597,112,112
msg,2,58,427,6535,563,112,112
msg,2,59,437,5844,565,112,112
msg,2,60,425,5835,566,112,112
msg,2,61,423,7023,595,112,112
msg,2,62,421,101013,590,112,112
msg,2,63,459,23273,594,112,112
msg,2,64,422,16417,563,112,112
msg,2,65,454,94276,590,112,112
msg,2,66,429,7403,569,112,112
msg,2,67,425,8218,588,112,112
msg,2,68,454,17041,568,112,112
msg,2,69,460,101212,657,112,112
msg,2,70,427,6318,569,112,112
msg,2,71,423,6151,592,112,112
msg,2,72,424,5778,677,112,112
msg,2,73,455,6675,594,112,112
msg,2,74,424,74561,595,112,112
msg,2,75,422,6272,565,112,112
msg,2,76,451,5675,595,112,112
msg,2,77,458,131385,599,112,112
msg,2,78,430,6268,564,112,112
msg,2,79,426,6372,596,112,112
msg,2,80,456,7441,592,112,112
msg,2,81,422,7344,565,112,112
msg,2,82,462,131358,597,112,112
msg,2,83,455,6123,568,112,112
msg,2,84,427,6041,594,112,112
msg,2,85,429,6548,564,112,112
msg,2,86,428,15740,571,112,112
msg,2,87,424,133868,569,112,112
msg,2,88,425,170129,598,112,112
msg,2,89,459,6186,567,112,112
msg,2,90,423,5934,569,112,112
msg,2,91,441,7504,567,112,112
msg,2,92,427,5907,563,112,112
msg,2,93,436,134922,591,112,112
msg,2,94,426,10395,565,112,112
msg,2,95,460,7197,595,112,112
msg,2,96,423,17931,595,112,112
msg,2,97,466,129143,567,112,112
msg,2,98,433,9021,588,112,112
msg,2,99,425,16079,591,112,112
msg,2,100,457,6233,567,112,112
msg,2,101,556,138942,593,112,112
msg,2,102,423,7743,593,112,112
msg,2,103,423,6971,588,112,112
msg,2,104,463,7304,591,112,112
msg,2,105,422,137225,593,112,112
msg,2,106,461,7359,589,112,112
msg,2,107,419,6375,567,112,112
msg,2,108,424,6154,589,112,112
msg,2,109,429,144319,568,112,112
msg,2,110,429,6107,597,112,112
msg,2,111,428,19001,595,112,112
msg,2,112,466,6485,590,112,112
msg,2,113,427,139468,567,112,112
msg,2,114,426,7542,565,112,112
msg,2,115,467,7432,589,112,112
msg,2,116,447,7013,565,112,112
msg,2,117,460,134491,593,112,112
msg,2,118,458,6716,595,112,112
msg,2,119,459,6387,588,112,112
msg,2,120,424,5962,588,112,112
msg,2,121,452,9052,565,112,112
msg,2,122,460,133658,566,112,112
msg,2,123,453,180674,592,112,112
msg,2,124,453,8583,596,112,112
msg,2,125,452,6951,568,112,112
msg,2,126,460,139091,666,112,112
msg,2,127,430,5963,590,112,112
msg,2,128,425,6415,565,112,112
msg,2,129,431,9595,569,112,112
msg,2,130,428,9345,597,112,112
msg,2,131,457,128808,595,112,112
msg,2,132,461,8621,594,112,112
msg,2,133,457,5724,597,112,112
msg,2,134,447,20075,565,112,112
msg,2,135,429,130409,591,112,112
msg,2,136,457,17819,592,112,112
msg,2,137,463,6733,593,112,112
msg,2,138,460,6331,593,112,112
msg,2,139,417,8457,567,112,112
msg,2,140,425,6118,589,112,112
msg,2,141,415,20008,592,112,112
msg,2,142,460,100623,601,112,112
msg,2,143,464,6289,588,112,112
msg,2,144,432,11199,674,112,112
msg,2,145,455,8745,565,112,112
msg,2,146,460,96423,595,112,112
msg,2,147,453,19151,566,112,112
msg,2,148,427,6129,590,112,112
msg,2,149,427,7533,565,112,112
msg,2,150,432,7637,566,112,112
msg,2,151,434,5846,566,112,112
msg,2,152,432,24267,592,112,112
msg,2,153,538,8489,594,112,112
msg,2,154,426,6400,566,112,112
msg,2,155,429,6126,592,112,112
msg,2,156,450,18307,563,112,112
msg,2,157,438,6467,570,112,112
msg,2,158,461,5953,566,112,112
msg,2,159,427,6346,590,112,112
msg,2,160,457,6323,591,112,112
msg,2,161,429,5896,591,112,112
msg,2,162,422,17623,591,112,112
msg,2,163,431,5985,598,112,112
msg,2,164,458,8328,565,112,112
msg,2,165,427,6459,564,112,112
msg,2,166,457,20125,591,112,112
msg,2,167,424,6681,565,112,112
msg,2,168,438,7082,597,112,112
msg,2,169,456,6593,587,112,112
msg,2,170,420,5710,595,112,112
msg,2,171,436,6541,565,112,112
msg,2,172,419,16336,589,112,112
msg,2,173,461,6069,565,112,112
msg,2,174,432,8555,568,112,112
msg,2,175,447,6245,595,112,112
msg,2,176,425,24858,590,112,112
msg,2,177,464,5932,568,112,112
msg,2,178,459,5620,587,112,112
msg,2,179,463,7299,591,112,112
msg,2,180,415,11100,593,112,112
msg,2,181,462,18516,596,112,112
msg,2,182,426,7617,592,112,112
msg,2,183,426,8466,574,112,112
msg,2,184,422,7184,597,112,112
msg,2,185,422,16896,598,112,112
msg,2,186,472,6415,589,112,112
msg,2,187,430,5901,593,112,112
msg,2,188,424,6142,567,112,112
msg,2,189,456,5932,567,112,112
msg,2,190,426,22376,591,112,112
msg,2,191,456,5913,566,112,112
msg,2,192,479,6454,594,112,112
msg,2,193,457,6196,658,112,112
msg,2,194,427,6398,569,112,112
msg,2,195,457,90612,596,112,112
msg,2,196,452,24831,564,112,112
msg,2,197,455,6314,593,112,112
msg,2,198,421,6488,568,112,112
msg,2,199,427,6310,587,112,112
whole,2,294.430,5478.032,200
#heap 27587
#stack 3304
#end
#block pipeline TLS lorawan11_256 up
#aead AES-256-CTR+2xCMAC (LoRaWAN 1.1 frame, 256-bit keys) (BearSSL (arduino-pico)), uplink, 51 B payload + 13 B overhead
#lib wolfSSL 5.9.4
iter,tcp_ms,tls_ms,mqtt_ms,total_ms,hs_tx_B,hs_rx_B,mqtt_tx_B,mqtt_rx_B,hs_writes,hs_reads,writes,reads,free_heap_B,hs_keygen_us,hs_derive_us,hs_verify_us,hs_sign_us,hs_keygen_n,hs_derive_n,hs_verify_n,hs_sign_n
msg,iter,idx,seal_us,rtt_us,open_us,tx_B,rx_B
whole,iter,first_ms,all_ms,msgs
#suite TLS13-AES256-GCM-SHA384
0,4.4280,257.1920,12.9110,274.5310,1391,5952,45,568,2,12,3,18,166548,66335.0,70767.0,31457.0,0.0,2,2,2,0
msg,0,0,1110,8002,1093,112,112
msg,0,1,944,14317,1092,112,112
msg,0,2,939,6985,1094,112,112
msg,0,3,946,6070,1106,112,112
msg,0,4,942,6566,1093,112,112
msg,0,5,943,20303,1099,112,112
msg,0,6,948,7029,1099,112,112
msg,0,7,913,6809,1094,112,112
msg,0,8,941,6281,1098,112,112
msg,0,9,949,7989,1100,112,112
msg,0,10,942,16273,1088,112,112
msg,0,11,945,6291,1101,112,112
msg,0,12,915,5718,1098,112,112
msg,0,13,1032,8221,1079,112,112
msg,0,14,946,19999,1099,112,112
msg,0,15,945,5786,1181,112,112
msg,0,16,906,22489,1092,112,112
msg,0,17,953,17680,1091,112,112
msg,0,18,946,6995,1089,112,112
msg,0,19,937,5759,1092,112,112
msg,0,20,920,13930,1093,112,112
msg,0,21,938,9605,1097,112,112
msg,0,22,911,6818,1095,112,112
msg,0,23,935,7478,1094,112,112
msg,0,24,949,9762,1091,112,112
msg,0,25,937,21201,1076,112,112
msg,0,26,942,6784,1076,112,112
msg,0,27,945,8980,1094,112,112
msg,0,28,953,7202,1095,112,112
msg,0,29,940,17045,1088,112,112
msg,0,30,946,6122,1087,112,112
msg,0,31,939,6272,1083,112,112
msg,0,32,945,5761,1078,112,112
msg,0,33,1103,6224,1094,112,112
msg,0,34,909,19980,1104,112,112
msg,0,35,946,5741,1108,112,112
msg,0,36,945,8067,1091,112,112
msg,0,37,947,6739,1092,112,112
msg,0,38,944,15983,1091,112,112
msg,0,39,935,7497,1088,112,112
msg,0,40,946,6063,1094,112,112
msg,0,41,939,5813,1089,112,112
msg,0,42,943,5490,1102,112,112
msg,0,43,938,17041,1089,112,112
msg,0,44,950,5546,1090,112,112
msg,0,45,947,6292,1090,112,112
msg,0,46,946,5523,1090,112,112
msg,0,47,952,18798,1088,112,112
msg,0,48,945,7723,1090,112,112
msg,0,49,948,5555,1082,112,112
msg,0,50,950,5810,1086,112,112
msg,0,51,958,6021,1090,112,112
msg,0,52,944,6046,1088,112,112
msg,0,53,942,14385,1087,112,112
msg,0,54,940,7037,1102,112,112
msg,0,55,939,7187,1089,112,112
msg,0,56,949,7020,1090,112,112
msg,0,57,940,17054,1091,112,112
msg,0,58,943,9975,1079,112,112
msg,0,59,943,6479,1096,112,112
msg,0,60,944,5544,1101,112,112
msg,0,61,936,6137,1077,112,112
msg,0,62,947,16775,1071,112,112
msg,0,63,939,5456,1102,112,112
msg,0,64,939,7201,1085,112,112
msg,0,65,1038,6171,1096,112,112
msg,0,66,935,17151,1088,112,112
msg,0,67,943,6847,1088,112,112
msg,0,68,960,7082,1087,112,112
msg,0,69,914,6747,1093,112,112
msg,0,70,912,7541,1172,112,112
msg,0,71,937,15888,1093,112,112
msg,0,72,1032,5671,1101,112,112
msg,0,73,951,5785,1089,112,112
msg,0,74,931,32576,1099,112,112
msg,0,75,910,7886,1236,112,112
msg,0,76,950,9446,1092,112,112
msg,0,77,905,5885,1176,112,112
msg,0,78,945,19067,1089,112,112
msg,0,79,944,5983,1095,112,112
msg,0,80,948,5641,1096,112,112
msg,0,81,944,10011,1098,112,112
msg,0,82,910,15642,1096,112,112
msg,0,83,938,6247,1085,112,112
msg,0,84,944,9765,1079,112,112
msg,0,85,943,7336,1097,112,112
msg,0,86,1030,20715,1091,112,112
msg,0,87,942,7801,1084,112,112
msg,0,88,948,6332,1086,112,112
msg,0,89,946,10174,1107,112,112
msg,0,90,948,14801,1161,112,112
msg,0,91,945,7836,1207,112,112
msg,0,92,942,7161,1096,112,112
msg,0,93,936,6437,1091,112,112
msg,0,94,1039,22687,1103,112,112
msg,0,95,949,7417,1083,112,112
msg,0,96,942,6681,1081,112,112
msg,0,97,943,8766,1084,112,112
msg,0,98,942,14715,1080,112,112
msg,0,99,947,5640,1080,112,112
msg,0,100,1095,6021,1094,112,112
msg,0,101,948,10891,1097,112,112
msg,0,102,945,23758,1098,112,112
msg,0,103,917,5740,1095,112,112
msg,0,104,906,6000,1100,112,112
msg,0,105,951,6919,1075,112,112
msg,0,106,937,8756,1086,112,112
msg,0,107,941,9716,1080,112,112
msg,0,108,1039,5654,1076,112,112
msg,0,109,941,6145,1091,112,112
msg,0,110,941,7788,1092,112,112
msg,0,111,942,5527,1091,112,112
msg,0,112,940,17300,1099,112,112
msg,0,113,943,6422,1087,112,112
msg,0,114,952,5533,1095,112,112
msg,0,115,947,6111,1092,112,112
msg,0,116,938,18253,1094,112,112
msg,0,117,949,6505,1080,112,112
msg,0,118,946,7297,1105,112,112
msg,0,119,920,7718,1095,112,112
msg,0,120,905,8038,1104,112,112
msg,0,121,941,19074,1085,112,112
msg,0,122,944,5747,1090,112,112
msg,0,123,943,6004,1095,112,112
msg,0,124,941,8366,1091,112,112
msg,0,125,944,16199,1235,112,112
msg,0,126,949,6182,1089,112,112
msg,0,127,939,5842,1090,112,112
msg,0,128,954,6505,1092,112,112
msg,0,129,945,5998,1091,112,112
msg,0,130,939,17487,1084,112,112
msg,0,131,943,5928,1093,112,112
msg,0,132,948,5806,1172,112,112
msg,0,133,949,5667,1089,112,112
msg,0,134,952,18672,1098,112,112
msg,0,135,1085,6872,1097,112,112
msg,0,136,913,6506,1099,112,112
msg,0,137,940,5929,1095,112,112
msg,0,138,909,5930,1093,112,112
msg,0,139,936,20227,1091,112,112
msg,0,140,945,6013,1091,112,112
msg,0,141,937,6510,1089,112,112
msg,0,142,948,11210,1090,112,112
msg,0,143,941,13117,1092,112,112
msg,0,144,944,5952,1092,112,112
msg,0,145,941,5762,1094,112,112
msg,0,146,947,5494,1091,112,112
msg,0,147,946,5476,1076,112,112
msg,0,148,950,22528,1094,112,112
msg,0,149,944,5875,1107,112,112
msg,0,150,952,5890,1084,112,112
msg,0,151,1039,5693,1086,112,112
msg,0,152,948,18973,1092,112,112
msg,0,153,949,9205,1100,112,112
msg,0,154,943,6118,1086,112,112
msg,0,155,950,6033,1090,112,112
msg,0,156,941,5521,1174,112,112
msg,0,157,953,17528,1172,112,112
msg,0,158,947,5888,1093,112,112
msg,0,159,942,5899,1088,112,112
msg,0,160,908,6327,1087,112,112
msg,0,161,944,18414,1098,112,112
msg,0,162,938,5752,1104,112,112
msg,0,163,947,7057,1090,112,112
msg,0,164,954,6969,1087,112,112
msg,0,165,946,6409,1087,112,112
msg,0,166,953,18911,1084,112,112
msg,0,167,942,5744,1093,112,112
msg,0,168,954,7167,1095,112,112
msg,0,169,939,6242,1089,112,112
msg,0,170,952,17644,1090,112,112
msg,0,171,950,6009,1096,112,112
msg,0,172,941,7857,1100,112,112
msg,0,173,916,8402,1096,112,112
msg,0,174,946,5521,1086,112,112
msg,0,175,951,17159,1089,112,112
msg,0,176,950,5825,1093,112,112
msg,0,177,908,5951,1101,112,112
msg,0,178,950,5520,1095,112,112
msg,0,179,1015,19318,1099,112,112
msg,0,180,947,6407,1164,112,112
msg,0,181,957,5932,1092,112,112
msg,0,182,950,6107,1094,112,112
msg,0,183,915,5861,1097,112,112
msg,0,184,941,6407,1093,112,112
msg,0,185,950,12134,1107,112,112
msg,0,186,943,6122,1091,112,112
msg,0,187,939,5560,1083,112,112
msg,0,188,950,5688,1083,112,112
msg,0,189,942,19727,1082,112,112
msg,0,190,948,13461,1103,112,112
msg,0,191,942,10212,1091,112,112
msg,0,192,953,6661,1086,112,112
msg,0,193,948,19073,1092,112,112
msg,0,194,943,5838,1096,112,112
msg,0,195,939,5508,1091,112,112
msg,0,196,939,8588,1216,112,112
msg,0,197,956,16524,1086,112,112
msg,0,198,1037,5805,1091,112,112
msg,0,199,945,5855,1096,112,112
whole,0,291.784,2626.182,200
1,5.3910,244.4970,13.4820,263.3700,1391,5957,45,568,2,12,3,18,166548,66249.0,72531.0,31277.0,0.0,2,2,2,0
msg,1,0,1104,6613,1093,112,112
msg,1,1,948,5661,1084,112,112
msg,1,2,1040,5570,1085,112,112
msg,1,3,943,6417,1094,112,112
msg,1,4,943,22231,1167,112,112
msg,1,5,952,6196,1092,112,112
msg,1,6,942,6090,1088,112,112
msg,1,7,945,7028,1093,112,112
msg,1,8,951,17834,1101,112,112
msg,1,9,913,7401,1182,112,112
msg,1,10,947,5763,1090,112,112
msg,1,11,952,9774,1176,112,112
msg,1,12,944,6281,1087,112,112
msg,1,13,946,15245,1096,112,112
msg,1,14,916,7291,1089,112,112
msg,1,15,950,7079,1102,112,112
msg,1,16,947,7496,1089,112,112
msg,1,17,952,18431,1079,112,112
msg,1,18,957,5641,1102,112,112
msg,1,19,951,5542,1091,112,112
msg,1,20,944,6605,1093,112,112
msg,1,21,940,6143,1089,112,112
msg,1,22,950,19760,1084,112,112
msg,1,23,947,6338,1087,112,112
msg,1,24,937,5574,1103,112,112
msg,1,25,942,9290,1087,112,112
msg,1,26,939,15324,1100,112,112
msg,1,27,938,5662,1092,112,112
msg,1,28,942,5581,1094,112,112
msg,1,29,944,8100,1108,112,112
msg,1,30,1043,6220,1100,112,112
msg,1,31,949,17493,1094,112,112
msg,1,32,953,5812,1087,112,112
msg,1,33,940,5557,1089,112,112
msg,1,34,942,5491,1105,112,112
msg,1,35,942,19500,1094,112,112
msg,1,36,947,7015,1081,112,112
msg,1,37,939,6440,1090,112,112
msg,1,38,942,8101,1083,112,112
msg,1,39,948,5469,1095,112,112
msg,1,40,1039,18303,1174,112,112
msg,1,41,944,6220,1082,112,112
msg,1,42,1086,6190,1095,112,112
msg,1,43,907,6620,1091,112,112
msg,1,44,945,20391,1094,112,112
msg,1,45,1036,12123,1106,112,112
msg,1,46,913,8474,1094,112,112
msg,1,47,942,5553,1080,112,112
msg,1,48,940,17905,1093,112,112
msg,1,49,946,6087,1213,112,112
msg,1,50,945,5970,1078,112,112
msg,1,51,947,6026,1088,112,112
msg,1,52,944,17998,1095,112,112
msg,1,53,917,6148,1086,112,112
msg,1,54,946,5828,1092,112,112
msg,1,55,947,5640,1079,112,112
msg,1,56,932,5462,1096,112,112
msg,1,57,949,7155,1086,112,112
msg,1,58,945,17374,1090,112,112
msg,1,59,1075,6919,1088,112,112
msg,1,60,949,6232,1095,112,112
msg,1,61,912,20794,1098,112,112
msg,1,62,949,5924,1081,112,112
msg,1,63,942,7351,1096,112,112
msg,1,64,908,6950,1090,112,112
msg,1,65,938,8230,1096,112,112
msg,1,66,944,21273,1088,112,112
msg,1,67,947,9642,1093,112,112
msg,1,68,937,10298,1093,112,112
msg,1,69,944,17174,1092,112,112
msg,1,70,939,6069,1088,112,112
msg,1,71,946,6450,1089,112,112
msg,1,72,942,6486,1097,112,112
msg,1,73,913,5564,1089,112,112
msg,1,74,949,17626,1089,112,112
msg,1,75,1087,6122,1092,112,112
msg,1,76,947,7629,1099,112,112
msg,1,77,942,10625,1256,112,112
msg,1,78,945,20585,1101,112,112
msg,1,79,940,6277,1093,112,112
msg,1,80,945,5826,1187,112,112
msg,1,81,946,5500,1086,112,112
msg,1,82,949,6287,1093,112,112
msg,1,83,942,13016,1083,112,112
msg,1,84,945,5676,1079,112,112
msg,1,85,941,8191,1178,112,112
msg,1,86,945,8767,1097,112,112
msg,1,87,915,18430,1087,112,112
msg,1,88,942,6013,1181,112,112
msg,1,89,915,5520,1092,112,112
msg,1,90,949,6751,1091,112,112
msg,1,91,942,5519,1092,112,112
msg,1,92,948,18819,1087,112,112
msg,1,93,942,5805,1093,112,112
msg,1,94,1521,8005,1092,112,112
msg,1,95,945,6487,1077,112,112
msg,1,96,946,15974,1093,112,112
msg,1,97,951,6539,1078,112,112
msg,1,98,938,5637,1104,112,112
msg,1,99,941,5543,1090,112,112
msg,1,100,938,5538,1094,112,112
msg,1,101,939,18661,1092,112,112
msg,1,102,936,5482,1093,112,112
msg,1,103,950,6171,1095,112,112
msg,1,104,942,5493,1093,112,112
msg,1,105,950,19852,1090,112,112
msg,1,106,945,9115,1075,112,112
msg,1,107,936,20433,1100,112,112
msg,1,108,908,19804,1101,112,112
msg,1,109,939,5585,1092,112,112
msg,1,110,936,6713,1090,112,112
msg,1,111,943,6763,1094,112,112
msg,1,112,936,8410,1089,112,112
msg,1,113,948,9856,1089,112,112
msg,1,114,944,6724,1667,112,112
msg,1,115,950,22151,1091,112,112
msg,1,116,947,17270,1099,112,112
msg,1,117,942,5590,1095,112,112
msg,1,118,1029,6454,1094,112,112
msg,1,119,914,5677,1094,112,112
msg,1,120,937,19913,1095,112,112
msg,1,121,948,6294,1086,112,112
msg,1,122,952,7517,1084,112,112
msg,1,123,939,6420,1100,112,112
msg,1,124,955,5711,1105,112,112
msg,1,125,937,18001,1084,112,112
msg,1,126,942,5727,1079,112,112
msg,1,127,944,5550,1094,112,112
msg,1,128,942,5706,1104,112,112
msg,1,129,938,20831,1180,112,112
msg,1,130,944,7425,1090,112,112
msg,1,131,910,9383,1086,112,112
msg,1,132,941,7717,1084,112,112
msg,1,133,944,21577,1605,112,112
msg,1,134,940,6338,1095,112,112
msg,1,135,947,7309,1089,112,112
msg,1,136,948,8720,1092,112,112
msg,1,137,942,21289,1092,112,112
msg,1,138,945,6958,1094,112,112
msg,1,139,910,6712,1099,112,112
msg,1,140,915,6124,1081,112,112
msg,1,141,1046,19890,1088,112,112
msg,1,142,951,6733,1094,112,112
msg,1,143,941,6162,1100,112,112
msg,1,144,942,6562,1094,112,112
msg,1,145,944,8062,1097,112,112
msg,1,146,941,10367,1086,112,112
msg,1,147,945,7217,1076,112,112
msg,1,148,957,9808,1081,112,112
msg,1,149,940,9869,1088,112,112
msg,1,150,945,17335,1088,112,112
msg,1,151,943,8045,1092,112,112
msg,1,152,946,5976,1094,112,112
msg,1,153,946,8861,1095,112,112
msg,1,154,916,17382,1095,112,112
msg,1,155,948,6632,1093,112,112
msg,1,156,944,6508,1104,112,112
msg,1,157,938,6247,1090,112,112
msg,1,158,943,5762,1095,112,112
msg,1,159,953,18774,1095,112,112
msg,1,160,948,7290,1081,112,112
msg,1,161,948,6901,1092,112,112
msg,1,162,946,22151,1095,112,112
msg,1,163,1019,6380,1098,112,112
msg,1,164,946,5656,1098,112,112
msg,1,165,950,6054,1096,112,112
msg,1,166,946,5890,1104,112,112
msg,1,167,947,6367,1088,112,112
msg,1,168,947,14975,1099,112,112
msg,1,169,947,6430,1098,112,112
msg,1,170,945,8030,1096,112,112
msg,1,171,944,7037,1088,112,112
msg,1,172,942,15587,1083,112,112
msg,1,173,944,6185,1088,112,112
msg,1,174,941,7068,1087,112,112
msg,1,175,933,6968,1082,112,112
msg,1,176,950,7206,1092,112,112
msg,1,177,947,14410,1087,112,112
msg,1,178,954,5777,1175,112,112
msg,1,179,948,6204,1094,112,112
msg,1,180,939,9507,1175,112,112
msg,1,181,910,18716,1090,112,112
msg,1,182,945,5679,1095,112,112
msg,1,183,935,7356,1091,112,112
msg,1,184,1035,7597,1084,112,112
msg,1,185,952,22518,1100,112,112
msg,1,186,952,5557,1096,112,112
msg,1,187,945,6216,1089,112,112
msg,1,188,944,5478,1075,112,112
msg,1,189,945,19343,1087,112,112
msg,1,190,909,7186,1085,112,112
msg,1,191,951,6471,1097,112,112
msg,1,192,942,7757,1096,112,112
msg,1,193,950,6081,1089,112,112
msg,1,194,951,17575,1085,112,112
msg,1,195,938,5777,1159,112,112
msg,1,196,953,5805,1091,112,112
msg,1,197,942,11447,1105,112,112
msg,1,198,942,17379,1098,112,112
msg,1,199,913,10025,1099,112,112
whole,1,285.823,2649.994,200
2,5.4020,248.8810,10.8210,265.1040,1391,5954,45,568,2,12,3,18,166548,66258.0,71377.0,31409.0,0.0,2,2,2,0
msg,2,0,1186,6389,1103,112,112
msg,2,1,938,7526,1087,112,112
msg,2,2,943,7548,1092,112,112
msg,2,3,950,10051,1105,112,112
msg,2,4,909,14937,1099,112,112
msg,2,5,944,7327,1088,112,112
msg,2,6,946,5824,1099,112,112
msg,2,7,943,7086,1103,112,112
msg,2,8,946,16882,1080,112,112
msg,2,9,963,5608,1102,112,112
msg,2,10,966,5603,1080,112,112
msg,2,11,949,6576,1100,112,112
msg,2,12,944,8606,1094,112,112
msg,2,13,943,17691,1091,112,112
msg,2,14,938,5496,1088,112,112
msg,2,15,959,6023,1098,112,112
msg,2,16,940,8516,1104,112,112
msg,2,17,958,21564,1090,112,112
msg,2,18,951,6878,1093,112,112
msg,2,19,946,6224,1089,112,112
msg,2,20,946,5815,1083,112,112
msg,2,21,946,20606,1082,112,112
msg,2,22,944,5927,1088,112,112
msg,2,23,944,5541,1074,112,112
msg,2,24,944,5485,1180,112,112
msg,2,25,949,19812,1104,112,112
msg,2,26,944,9808,1083,112,112
msg,2,27,942,6162,1087,112,112
msg,2,28,945,5715,1091,112,112
msg,2,29,941,5572,1088,112,112
msg,2,30,943,18048,1093,112,112
msg,2,31,943,5573,1093,112,112
msg,2,32,948,5558,1089,112,112
msg,2,33,956,5458,1092,112,112
msg,2,34,943,19753,1104,112,112
msg,2,35,944,5833,1081,112,112
msg,2,36,942,7243,1097,112,112
msg,2,37,949,9007,1101,112,112
msg,2,38,948,5924,1079,112,112
msg,2,39,946,17047,1093,112,112
msg,2,40,948,5803,1091,112,112
msg,2,41,949,6338,1084,112,112
msg,2,42,947,10708,1081,112,112
msg,2,43,942,19213,1098,112,112
msg,2,44,939,6033,1097,112,112
msg,2,45,940,6284,1188,112,112
msg,2,46,949,6678,1088,112,112
msg,2,47,941,22677,1093,112,112
msg,2,48,945,7254,1091,112,112
msg,2,49,955,6214,1086,112,112
msg,2,50,943,5486,1080,112,112
msg,2,51,949,8381,1089,112,112
msg,2,52,946,13903,1081,112,112
msg,2,53,943,5726,1075,112,112
msg,2,54,938,6059,1091,112,112
msg,2,55,944,6581,1087,112,112
msg,2,56,946,7940,1095,112,112
msg,2,57,947,14608,1091,112,112
msg,2,58,1031,6721,1092,112,112
msg,2,59,941,7557,1084,112,112
msg,2,60,955,6029,1090,112,112
msg,2,61,1042,16955,1103,112,112
msg,2,62,937,11152,1088,112,112
msg,2,63,1036,6920,1091,112,112
msg,2,64,1093,5624,1092,112,112
msg,2,65,945,19831,1098,112,112
msg,2,66,911,6319,1086,112,112
msg,2,67,950,5676,1082,112,112
msg,2,68,945,5950,1089,112,112
msg,2,69,944,18579,1085,112,112
msg,2,70,948,6370,1095,112,112
msg,2,71,947,6571,1088,112,112
msg,2,72,942,5540,1093,112,112
msg,2,73,943,5911,1095,112,112
msg,2,74,947,6053,1081,112,112
msg,2,75,949,15390,1100,112,112
msg,2,76,901,7225,1089,112,112
msg,2,77,942,5941,1098,112,112
msg,2,78,949,7527,1091,112,112
msg,2,79,953,16078,1088,112,112
msg,2,80,949,6803,1105,112,112
msg,2,81,919,7173,1081,112,112
msg,2,82,941,9272,1087,112,112
msg,2,83,942,21108,1105,112,112
msg,2,84,940,5721,1102,112,112
msg,2,85,947,5828,1079,112,112
msg,2,86,939,5500,1102,112,112
msg,2,87,942,19108,1095,112,112
msg,2,88,942,6105,1094,112,112
msg,2,89,937,6166,1079,112,112
msg,2,90,945,5791,1075,112,112
msg,2,91,936,6268,1100,112,112
msg,2,92,941,21063,1108,112,112
msg,2,93,950,5958,1084,112,112
msg,2,94,944,5945,1091,112,112
msg,2,95,942,5801,1093,112,112
msg,2,96,939,19172,1094,112,112
msg,2,97,946,6546,1080,112,112
msg,2,98,909,6263,1085,112,112
msg,2,99,940,5648,1085,112,112
msg,2,100,945,6897,1091,112,112
msg,2,101,944,19988,1100,112,112
msg,2,102,945,5884,1099,112,112
msg,2,103,913,5965,1101,112,112
msg,2,104,945,6159,1091,112,112
msg,2,105,957,18109,1090,112,112
msg,2,106,947,6445,1096,112,112
msg,2,107,944,6673,1091,112,112
msg,2,108,947,5696,1093,112,112
msg,2,109,944,5478,1085,112,112
msg,2,110,951,21328,1098,112,112
msg,2,111,938,6098,1085,112,112
msg,2,112,950,5487,1090,112,112
msg,2,113,944,5508,1096,112,112
msg,2,114,919,9784,1099,112,112
msg,2,115,945,10704,1186,112,112
msg,2,116,940,6049,1084,112,112
msg,2,117,940,6230,1092,112,112
msg,2,118,944,5808,1100,112,112
msg,2,119,936,6102,1082,112,112
msg,2,120,949,17026,1094,112,112
msg,2,121,956,7624,1091,112,112
msg,2,122,942,5972,1090,112,112
msg,2,123,952,9539,1092,112,112
msg,2,124,946,17806,1093,112,112
msg,2,125,942,5581,1093,112,112
msg,2,126,949,5763,1096,112,112
msg,2,127,946,7718,1091,112,112
msg,2,128,943,8383,1097,112,112
msg,2,129,943,16606,1095,112,112
msg,2,130,941,8759,1090,112,112
msg,2,131,947,5536,1170,112,112
msg,2,132,946,6370,1097,112,112
msg,2,133,950,15340,1082,112,112
msg,2,134,935,7130,1090,112,112
msg,2,135,947,6043,1100,112,112
msg,2,136,942,5923,1099,112,112
msg,2,137,947,5491,1093,112,112
msg,2,138,942,17599,1097,112,112
msg,2,139,943,5968,1095,112,112
msg,2,140,942,6102,1084,112,112
msg,2,141,948,6192,1087,112,112
msg,2,142,907,18016,1098,112,112
msg,2,143,940,6647,1085,112,112
msg,2,144,942,5607,1183,112,112
msg,2,145,939,6111,1091,112,112
msg,2,146,936,6005,1092,112,112
msg,2,147,943,21029,1096,112,112
msg,2,148,942,6119,1080,112,112
msg,2,149,938,11912,1098,112,112
msg,2,150,942,21342,1102,112,112
msg,2,151,939,8429,1097,112,112
msg,2,152,911,6080,1076,112,112
msg,2,153,943,8867,1081,112,112
msg,2,154,940,45578,1104,112,112
msg,2,155,951,30787,1080,112,112
msg,2,156,949,52347,1102,112,112
msg,2,157,921,11436,1097,112,112
msg,2,158,950,22625,1091,112,112
msg,2,159,953,6792,1089,112,112
msg,2,160,945,5943,1094,112,112
msg,2,161,942,5652,1094,112,112
msg,2,162,952,5548,1095,112,112
msg,2,163,951,6712,1092,112,112
msg,2,164,952,16997,1092,112,112
msg,2,165,939,5748,1094,112,112
msg,2,166,944,6338,1090,112,112
msg,2,167,950,7346,1096,112,112
msg,2,168,1023,14637,1093,112,112
msg,2,169,944,5631,1102,112,112
msg,2,170,946,5664,1090,112,112
msg,2,171,937,7863,1097,112,112
msg,2,172,951,5527,1094,112,112
msg,2,173,909,17588,1095,112,112
msg,2,174,938,6000,1101,112,112
msg,2,175,947,6749,1100,112,112
msg,2,176,939,5733,1098,112,112
msg,2,177,946,18041,1086,112,112
msg,2,178,946,7080,1092,112,112
msg,2,179,947,6813,1094,112,112
msg,2,180,945,7692,1092,112,112
msg,2,181,955,5564,1089,112,112
msg,2,182,951,17933,1090,112,112
msg,2,183,940,6449,1091,112,112
msg,2,184,943,5636,1083,112,112
msg,2,185,947,5895,1096,112,112
msg,2,186,949,19756,1094,112,112
msg,2,187,944,6166,1093,112,112
msg,2,188,948,5622,1098,112,112
msg,2,189,937,5471,1090,112,112
msg,2,190,945,5590,1091,112,112
msg,2,191,940,6753,1091,112,112
msg,2,192,946,14864,1094,112,112
msg,2,193,940,5997,1098,112,112
msg,2,194,939,6087,1090,112,112
msg,2,195,947,8748,1086,112,112
msg,2,196,957,16399,1098,112,112
msg,2,197,949,6089,1086,112,112
msg,2,198,947,5562,1166,112,112
msg,2,199,945,6531,1099,112,112
whole,2,294.238,2667.825,200
#heap 27587
#stack 3304
#end
#block pipeline TLS lorawan11_256 down
#aead AES-256-CTR+2xCMAC (LoRaWAN 1.1 frame, 256-bit keys) (BearSSL (arduino-pico)), downlink, 51 B payload + 13 B overhead
#lib wolfSSL 5.9.4
iter,tcp_ms,tls_ms,mqtt_ms,total_ms,hs_tx_B,hs_rx_B,mqtt_tx_B,mqtt_rx_B,hs_writes,hs_reads,writes,reads,free_heap_B,hs_keygen_us,hs_derive_us,hs_verify_us,hs_sign_us,hs_keygen_n,hs_derive_n,hs_verify_n,hs_sign_n
msg,iter,idx,seal_us,rtt_us,open_us,tx_B,rx_B
whole,iter,first_ms,all_ms,msgs
#suite TLS13-AES256-GCM-SHA384
0,8.4430,258.7230,11.6050,278.7710,1391,5959,45,568,2,12,3,18,166548,66278.0,73053.0,31361.0,0.0,2,2,2,0
msg,0,0,743,7736,702,112,112
msg,0,1,581,6331,724,112,112
msg,0,2,601,5816,699,112,112
msg,0,3,553,9762,809,112,112
msg,0,4,591,19652,724,112,112
msg,0,5,593,9982,728,112,112
msg,0,6,557,8582,720,112,112
msg,0,7,561,6985,723,112,112
msg,0,8,586,21162,728,112,112
msg,0,9,595,7751,729,112,112
msg,0,10,596,6363,726,112,112
msg,0,11,588,5463,726,112,112
msg,0,12,594,24406,726,112,112
msg,0,13,593,5832,699,112,112
msg,0,14,557,10795,727,112,112
msg,0,15,599,8204,723,112,112
msg,0,16,559,16473,702,112,112
msg,0,17,558,5462,704,112,112
msg,0,18,572,5486,727,112,112
msg,0,19,561,18651,725,112,112
msg,0,20,583,21298,721,112,112
msg,0,21,566,7155,700,112,112
msg,0,22,559,5768,723,112,112
msg,0,23,569,5702,727,112,112
msg,0,24,595,17670,733,112,112
msg,0,25,590,7067,729,112,112
msg,0,26,556,6302,700,112,112
msg,0,27,568,6302,701,112,112
msg,0,28,561,5845,725,112,112
msg,0,29,585,7657,728,112,112
msg,0,30,593,16842,700,112,112
msg,0,31,559,6741,727,112,112
msg,0,32,560,6101,727,112,112
msg,0,33,596,10146,728,112,112
msg,0,34,612,22416,736,112,112
msg,0,35,599,7484,728,112,112
msg,0,36,595,5786,783,112,112
msg,0,37,556,6463,701,112,112
msg,0,38,562,21709,726,112,112
msg,0,39,558,7295,807,112,112
msg,0,40,561,7599,731,112,112
msg,0,41,599,6019,701,112,112
msg,0,42,559,18657,701,112,112
msg,0,43,563,7948,720,112,112
msg,0,44,592,7572,726,112,112
msg,0,45,587,9048,731,112,112
msg,0,46,561,25639,728,112,112
msg,0,47,592,13188,728,112,112
msg,0,48,560,7373,701,112,112
msg,0,49,566,11286,701,112,112
msg,0,50,588,11805,723,112,112
msg,0,51,562,5789,727,112,112
msg,0,52,590,6632,728,112,112
msg,0,53,593,7140,725,112,112
msg,0,54,587,5598,725,112,112
msg,0,55,583,19449,734,112,112
msg,0,56,592,7530,730,112,112
msg,0,57,589,6619,724,112,112
msg,0,58,593,7715,698,112,112
msg,0,59,567,17961,722,112,112
msg,0,60,586,7291,728,112,112
msg,0,61,589,7098,789,112,112
msg,0,62,567,6750,727,112,112
msg,0,63,594,5582,731,112,112
msg,0,64,595,21537,727,112,112
msg,0,65,596,7535,728,112,112
msg,0,66,589,7666,702,112,112
msg,0,67,559,10316,721,112,112
msg,0,68,594,17181,730,112,112
msg,0,69,596,6418,723,112,112
msg,0,70,606,6853,702,112,112
msg,0,71,588,5608,699,112,112
msg,0,72,560,5713,722,112,112
msg,0,73,567,21015,721,112,112
msg,0,74,595,5555,700,112,112
msg,0,75,592,5663,702,112,112
msg,0,76,553,5956,729,112,112
msg,0,77,592,6649,719,112,112
msg,0,78,587,19289,731,112,112
msg,0,79,608,6802,785,112,112
msg,0,80,561,5979,724,112,112
msg,0,81,600,6140,731,112,112
msg,0,82,569,6532,727,112,112
msg,0,83,558,18131,700,112,112
msg,0,84,589,6311,728,112,112
msg,0,85,591,6318,733,112,112
msg,0,86,746,5715,702,112,112
msg,0,87,571,5942,729,112,112
msg,0,88,588,20603,735,112,112
msg,0,89,589,6294,730,112,112
msg,0,90,587,5687,723,112,112
msg,0,91,598,5732,701,112,112
msg,0,92,559,10009,725,112,112
msg,0,93,592,14032,700,112,112
msg,0,94,666,7499,723,112,112
msg,0,95,559,5762,723,112,112
msg,0,96,593,5960,699,112,112
msg,0,97,574,20157,731,112,112
msg,0,98,594,6279,724,112,112
msg,0,99,594,6940,702,112,112
msg,0,100,557,6380,699,112,112
msg,0,101,566,7124,726,112,112
msg,0,102,594,7869,701,112,112
msg,0,103,554,15622,699,112,112
msg,0,104,558,5828,725,112,112
msg,0,105,590,5862,701,112,112
msg,0,106,591,5405,725,112,112
msg,0,107,593,10105,729,112,112
msg,0,108,595,26822,723,112,112
msg,0,109,589,9093,724,112,112
msg,0,110,598,10869,702,112,112
msg,0,111,556,18372,722,112,112
msg,0,112,592,5661,699,112,112
msg,0,113,555,6185,726,112,112
msg,0,114,602,8909,720,112,112
msg,0,115,563,18105,724,112,112
msg,0,116,593,6507,725,112,112
msg,0,117,598,5841,812,112,112
msg,0,118,601,9134,700,112,112
msg,0,119,559,5729,720,112,112
msg,0,120,561,16816,728,112,112
msg,0,121,592,5989,702,112,112
msg,0,122,571,6514,700,112,112
msg,0,123,564,13625,729,112,112
msg,0,124,554,16871,726,112,112
msg,0,125,589,5968,727,112,112
msg,0,126,570,6744,727,112,112
msg,0,127,586,9699,728,112,112
msg,0,128,591,6048,722,112,112
msg,0,129,553,16874,728,112,112
msg,0,130,599,5931,717,112,112
msg,0,131,563,5551,724,112,112
msg,0,132,562,5822,729,112,112
msg,0,133,594,22256,726,112,112
msg,0,134,593,7967,699,112,112
msg,0,135,565,7499,783,112,112
msg,0,136,559,7841,729,112,112
msg,0,137,596,5804,724,112,112
msg,0,138,589,19295,726,112,112
msg,0,139,587,5786,699,112,112
msg,0,140,553,7182,727,112,112
msg,0,141,587,6925,701,112,112
msg,0,142,559,19504,702,112,112
msg,0,143,567,7033,729,112,112
msg,0,144,602,6466,729,112,112
msg,0,145,604,5724,697,112,112
msg,0,146,553,5682,701,112,112
msg,0,147,567,5510,698,112,112
msg,0,148,561,17020,843,112,112
msg,0,149,593,7832,727,112,112
msg,0,150,560,5873,726,112,112
msg,0,151,589,6802,701,112,112
msg,0,152,557,18826,728,112,112
msg,0,153,559,7083,698,112,112
msg,0,154,591,6377,729,112,112
msg,0,155,591,5835,718,112,112
msg,0,156,563,8102,727,112,112
msg,0,157,597,6923,729,112,112
msg,0,158,594,16079,700,112,112
msg,0,159,558,7530,700,112,112
msg,0,160,560,7115,727,112,112
msg,0,161,592,8921,698,112,112
msg,0,162,556,16807,725,112,112
msg,0,163,588,8466,725,112,112
msg,0,164,591,6081,700,112,112
msg,0,165,572,6815,721,112,112
msg,0,166,588,6062,702,112,112
msg,0,167,572,17370,699,112,112
msg,0,168,595,6113,727,112,112
msg,0,169,600,6873,701,112,112
msg,0,170,564,6078,729,112,112
msg,0,171,590,20347,731,112,112
msg,0,172,589,7724,732,112,112
msg,0,173,600,6770,724,112,112
msg,0,174,557,6599,726,112,112
msg,0,175,561,5549,730,112,112
msg,0,176,593,22059,701,112,112
msg,0,177,558,6479,693,112,112
msg,0,178,562,5716,728,112,112
msg,0,179,571,5749,723,112,112
msg,0,180,593,6327,723,112,112
msg,0,181,596,16878,721,112,112
msg,0,182,586,6259,728,112,112
msg,0,183,595,5606,731,112,112
msg,0,184,582,6223,726,112,112
msg,0,185,604,6219,727,112,112
msg,0,186,600,21233,700,112,112
msg,0,187,566,6240,698,112,112
msg,0,188,555,6679,704,112,112
msg,0,189,564,6359,698,112,112
msg,0,190,557,20260,718,112,112
msg,0,191,595,6813,699,112,112
msg,0,192,560,6772,729,112,112
msg,0,193,600,7185,700,112,112
msg,0,194,562,6030,727,112,112
msg,0,195,598,7850,701,112,112
msg,0,196,559,15460,699,112,112
msg,0,197,563,5663,730,112,112
msg,0,198,566,5523,725,112,112
msg,0,199,553,6102,695,112,112
whole,0,308.232,2531.589,200
1,7.3940,252.8120,12.3170,272.5230,1391,5954,45,568,2,12,3,18,166548,66296.0,70250.0,31255.0,0.0,2,2,2,0
msg,1,0,739,5746,700,112,112
msg,1,1,564,19983,729,112,112
msg,1,2,591,7907,709,112,112
msg,1,3,564,5588,700,112,112
msg,1,4,559,6191,726,112,112
msg,1,5,592,6676,700,112,112
msg,1,6,568,22333,724,112,112
msg,1,7,589,9054,727,112,112
msg,1,8,588,6426,725,112,112
msg,1,9,593,5474,722,112,112
msg,1,10,583,9389,723,112,112
msg,1,11,583,12013,700,112,112
msg,1,12,563,6681,698,112,112
msg,1,13,568,5917,729,112,112
msg,1,14,581,7112,725,112,112
msg,1,15,562,7026,727,112,112
msg,1,16,596,17676,703,112,112
msg,1,17,570,6057,730,112,112
msg,1,18,597,6731,810,112,112
msg,1,19,563,6525,700,112,112
msg,1,20,548,20315,718,112,112
msg,1,21,592,7428,722,112,112
msg,1,22,686,11958,727,112,112
msg,1,23,590,7100,698,112,112
msg,1,24,562,8367,697,112,112
msg,1,25,589,17301,726,112,112
msg,1,26,594,7130,726,112,112
msg,1,27,592,7830,727,112,112
msg,1,28,588,8421,722,112,112
msg,1,29,587,16042,724,112,112
msg,1,30,587,5606,727,112,112
msg,1,31,589,5858,703,112,112
msg,1,32,571,5679,804,112,112
msg,1,33,558,5587,729,112,112
msg,1,34,593,8348,724,112,112
msg,1,35,561,26700,729,112,112
msg,1,36,586,5802,726,112,112
msg,1,37,587,8047,735,112,112
msg,1,38,596,16496,726,112,112
msg,1,39,594,5511,728,112,112
msg,1,40,588,5565,725,112,112
msg,1,41,590,5901,857,112,112
msg,1,42,571,5628,728,112,112
msg,1,43,594,26289,727,112,112
msg,1,44,560,6096,698,112,112
msg,1,45,585,6042,724,112,112
msg,1,46,587,7205,729,112,112
msg,1,47,653,19150,701,112,112
msg,1,48,565,5769,802,112,112
msg,1,49,558,6016,721,112,112
msg,1,50,601,6117,729,112,112
msg,1,51,601,5830,705,112,112
msg,1,52,567,22925,726,112,112
msg,1,53,591,6081,697,112,112
msg,1,54,558,8719,727,112,112
msg,1,55,557,8052,729,112,112
msg,1,56,614,28878,720,112,112
msg,1,57,556,7073,725,112,112
msg,1,58,602,6234,730,112,112
msg,1,59,587,5608,725,112,112
msg,1,60,602,22483,805,112,112
msg,1,61,560,6210,727,112,112
msg,1,62,586,6216,730,112,112
msg,1,63,593,9629,727,112,112
msg,1,64,590,15977,701,112,112
msg,1,65,565,5755,731,112,112
msg,1,66,594,5875,728,112,112
msg,1,67,585,6536,703,112,112
msg,1,68,560,5839,728,112,112
msg,1,69,591,21890,701,112,112
msg,1,70,566,5883,728,112,112
msg,1,71,590,6257,698,112,112
msg,1,72,563,5867,729,112,112
msg,1,73,585,7106,703,112,112
msg,1,74,572,17883,728,112,112
msg,1,75,582,5867,699,112,112
msg,1,76,640,5615,725,112,112
msg,1,77,561,7551,725,112,112
msg,1,78,562,5585,812,112,112
msg,1,79,584,31789,729,112,112
msg,1,80,601,8597,697,112,112
msg,1,81,566,7089,726,112,112
msg,1,82,592,21493,730,112,112
msg,1,83,591,7137,729,112,112
msg,1,84,557,5654,730,112,112
msg,1,85,590,5684,728,112,112
msg,1,86,589,8337,731,112,112
msg,1,87,594,19790,699,112,112
msg,1,88,581,7017,726,112,112
msg,1,89,598,6152,702,112,112
msg,1,90,674,6175,727,112,112
msg,1,91,591,13470,721,112,112
msg,1,92,599,14798,728,112,112
msg,1,93,588,5760,717,112,112
msg,1,94,563,8211,701,112,112
msg,1,95,587,23213,731,112,112
msg,1,96,597,5938,698,112,112
msg,1,97,554,5679,728,112,112
msg,1,98,560,6632,730,112,112
msg,1,99,598,38805,726,112,112
msg,1,100,592,7856,729,112,112
msg,1,101,564,5670,727,112,112
msg,1,102,597,23729,729,112,112
msg,1,103,587,6783,705,112,112
msg,1,104,565,7850,725,112,112
msg,1,105,596,6201,700,112,112
msg,1,106,559,17465,700,112,112
msg,1,107,562,7050,730,112,112
msg,1,108,586,8526,1230,112,112
msg,1,109,615,6723,725,112,112
msg,1,110,590,6491,731,112,112
msg,1,111,587,18206,723,112,112
msg,1,112,578,6969,720,112,112
msg,1,113,594,6007,722,112,112
msg,1,114,589,5446,730,112,112
msg,1,115,676,5518,725,112,112
msg,1,116,595,18282,729,112,112
msg,1,117,589,6429,722,112,112
msg,1,118,592,5732,730,112,112
msg,1,119,593,5965,726,112,112
msg,1,120,554,5494,723,112,112
msg,1,121,562,17799,728,112,112
msg,1,122,588,5725,730,112,112
msg,1,123,568,6132,726,112,112
msg,1,124,587,5870,701,112,112
msg,1,125,558,5707,719,112,112
msg,1,126,560,17377,698,112,112
msg,1,127,567,6966,726,112,112
msg,1,128,596,6374,723,112,112
msg,1,129,593,7482,727,112,112
msg,1,130,594,6828,698,112,112
msg,1,131,556,18120,724,112,112
msg,1,132,589,5906,703,112,112
msg,1,133,560,5467,706,112,112
msg,1,134,558,5565,702,112,112
msg,1,135,557,7563,703,112,112
msg,1,136,566,16510,722,112,112
msg,1,137,557,7659,730,112,112
msg,1,138,590,5544,815,112,112
msg,1,139,593,8115,876,112,112
msg,1,140,604,6557,727,112,112
msg,1,141,586,25482,729,112,112
msg,1,142,595,18004,698,112,112
msg,1,143,567,34428,704,112,112
msg,1,144,568,5844,723,112,112
msg,1,145,587,5274,722,112,112
msg,1,146,562,28841,728,112,112
msg,1,147,587,9426,729,112,112
msg,1,148,599,7373,730,112,112
msg,1,149,593,18422,730,112,112
msg,1,150,592,7662,733,112,112
msg,1,151,594,8068,728,112,112
msg,1,152,562,8832,727,112,112
msg,1,153,598,5926,698,112,112
msg,1,154,561,21487,701,112,112
msg,1,155,555,5758,723,112,112
msg,1,156,589,7330,735,112,112
msg,1,157,561,5568,727,112,112
msg,1,158,593,8811,721,112,112
msg,1,159,724,10974,729,112,112
msg,1,160,596,7157,704,112,112
msg,1,161,554,5879,726,112,112
msg,1,162,588,8766,728,112,112
msg,1,163,600,5735,700,112,112
msg,1,164,557,17655,723,112,112
msg,1,165,559,6121,697,112,112
msg,1,166,561,6004,809,112,112
msg,1,167,598,5781,699,112,112
msg,1,168,579,25691,701,112,112
msg,1,169,560,6346,698,112,112
msg,1,170,557,6703,720,112,112
msg,1,171,561,8446,697,112,112
msg,1,172,555,9121,725,112,112
msg,1,173,590,17150,725,112,112
msg,1,174,591,6448,730,112,112
msg,1,175,607,10495,729,112,112
msg,1,176,594,11898,700,112,112
msg,1,177,563,10668,700,112,112
msg,1,178,564,5537,723,112,112
msg,1,179,559,5753,723,112,112
msg,1,180,593,6923,701,112,112
msg,1,181,559,6146,730,112,112
msg,1,182,585,21377,808,112,112
msg,1,183,591,29778,700,112,112
msg,1,184,567,15681,696,112,112
msg,1,185,562,5952,733,112,112
msg,1,186,591,7353,725,112,112
msg,1,187,598,5942,699,112,112
msg,1,188,556,5803,727,112,112
msg,1,189,560,31416,728,112,112
msg,1,190,558,6512,727,112,112
msg,1,191,562,6007,723,112,112
msg,1,192,594,18721,710,112,112
msg,1,193,565,7349,700,112,112
msg,1,194,570,7353,726,112,112
msg,1,195,687,9284,724,112,112
msg,1,196,602,6340,728,112,112
msg,1,197,591,20294,802,112,112
msg,1,198,606,5996,699,112,112
msg,1,199,559,5527,724,112,112
whole,1,286.195,2634.672,200
2,20.8380,262.4560,12.6530,295.9470,1391,5954,45,568,2,12,3,18,166548,66196.0,70616.0,31462.0,0.0,2,2,2,0
msg,2,0,714,9235,699,112,112
msg,2,1,564,16968,727,112,112
msg,2,2,588,6487,727,112,112
msg,2,3,591,5804,723,112,112
msg,2,4,594,8395,728,112,112
msg,2,5,590,5555,723,112,112
msg,2,6,592,19149,724,112,112
msg,2,7,594,6014,695,112,112
msg,2,8,561,5753,732,112,112
msg,2,9,736,5732,728,112,112
msg,2,10,595,12725,699,112,112
msg,2,11,557,13214,724,112,112
msg,2,12,604,9485,727,112,112
msg,2,13,590,5999,729,112,112
msg,2,14,595,5780,723,112,112
msg,2,15,601,7987,726,112,112
msg,2,16,556,16551,725,112,112
msg,2,17,593,7115,700,112,112
msg,2,18,565,7271,727,112,112
msg,2,19,593,14820,720,112,112
msg,2,20,557,11198,697,112,112
msg,2,21,584,7449,726,112,112
msg,2,22,593,6250,726,112,112
msg,2,23,606,6986,726,112,112
msg,2,24,558,5535,728,112,112
msg,2,25,558,19036,726,112,112
msg,2,26,590,5927,726,112,112
msg,2,27,558,5616,721,112,112
msg,2,28,593,5659,719,112,112
msg,2,29,593,7764,780,112,112
msg,2,30,562,17567,701,112,112
msg,2,31,654,6799,726,112,112
msg,2,32,589,5468,727,112,112
msg,2,33,582,6754,724,112,112
msg,2,34,590,5801,730,112,112
msg,2,35,561,19209,698,112,112
msg,2,36,564,5866,730,112,112
msg,2,37,725,5531,732,112,112
msg,2,38,594,5491,728,112,112
msg,2,39,595,7323,729,112,112
msg,2,40,593,18386,724,112,112
msg,2,41,588,7124,700,112,112
msg,2,42,557,6624,723,112,112
msg,2,43,556,7361,703,112,112
msg,2,44,561,5539,702,112,112
msg,2,45,558,17304,699,112,112
msg,2,46,556,6066,730,112,112
msg,2,47,596,5592,727,112,112
msg,2,48,589,6149,725,112,112
msg,2,49,594,6345,727,112,112
msg,2,50,566,17639,728,112,112
msg,2,51,592,5951,704,112,112
msg,2,52,556,5483,699,112,112
msg,2,53,558,6366,727,112,112
msg,2,54,593,5791,717,112,112
msg,2,55,555,7308,702,112,112
msg,2,56,560,15492,697,112,112
msg,2,57,708,6980,730,112,112
msg,2,58,590,5736,697,112,112
msg,2,59,569,5911,724,112,112
msg,2,60,593,8676,731,112,112
msg,2,61,595,13077,722,112,112
msg,2,62,557,6683,725,112,112
msg,2,63,593,7590,726,112,112
msg,2,64,588,9394,729,112,112
msg,2,65,599,6980,701,112,112
msg,2,66,558,15652,724,112,112
msg,2,67,548,6519,727,112,112
msg,2,68,567,6191,704,112,112
msg,2,69,559,6075,724,112,112
msg,2,70,588,18114,726,112,112
msg,2,71,555,7596,723,112,112
msg,2,72,555,7178,703,112,112
msg,2,73,558,7044,730,112,112
msg,2,74,587,8574,724,112,112
msg,2,75,589,18203,730,112,112
msg,2,76,585,5564,733,112,112
msg,2,77,601,5595,721,112,112
msg,2,78,596,5968,724,112,112
msg,2,79,558,6848,726,112,112
msg,2,80,587,17000,699,112,112
msg,2,81,560,6403,698,112,112
msg,2,82,557,6069,731,112,112
msg,2,83,598,7729,705,112,112
msg,2,84,560,5772,724,112,112
msg,2,85,565,19701,731,112,112
msg,2,86,599,6080,701,112,112
msg,2,87,561,5741,722,112,112
msg,2,88,596,5552,727,112,112
msg,2,89,596,7001,701,112,112
msg,2,90,561,16465,704,112,112
msg,2,91,559,5595,700,112,112
msg,2,92,565,5479,698,112,112
msg,2,93,554,5867,733,112,112
msg,2,94,597,7234,725,112,112
msg,2,95,565,7759,728,112,112
msg,2,96,589,17930,696,112,112
msg,2,97,563,6424,701,112,112
msg,2,98,652,5815,728,112,112
msg,2,99,590,7769,723,112,112
msg,2,100,588,13975,724,112,112
msg,2,101,561,7412,804,112,112
msg,2,102,566,5866,730,112,112
msg,2,103,592,6171,726,112,112
msg,2,104,584,6270,703,112,112
msg,2,105,567,5785,728,112,112
msg,2,106,587,15854,726,112,112
msg,2,107,593,5754,724,112,112
msg,2,108,561,7836,735,112,112
msg,2,109,600,5483,729,112,112
msg,2,110,593,5792,702,112,112
msg,2,111,560,15946,723,112,112
msg,2,112,600,5545,737,112,112
msg,2,113,591,5598,726,112,112
msg,2,114,595,6865,698,112,112
msg,2,115,559,6111,730,112,112
msg,2,116,594,21866,727,112,112
msg,2,117,554,7779,817,112,112
msg,2,118,597,6156,723,112,112
msg,2,119,568,10372,725,112,112
msg,2,120,568,17900,729,112,112
msg,2,121,689,5879,731,112,112
msg,2,122,562,6491,723,112,112
msg,2,123,558,5554,722,112,112
msg,2,124,564,5487,724,112,112
msg,2,125,551,7652,726,112,112
msg,2,126,592,15390,726,112,112
msg,2,127,596,6033,702,112,112
msg,2,128,567,5651,724,112,112
msg,2,129,561,5588,722,112,112
msg,2,130,555,20569,727,112,112
msg,2,131,594,7289,734,112,112
msg,2,132,557,6341,721,112,112
msg,2,133,566,5907,727,112,112
msg,2,134,593,6209,726,112,112
msg,2,135,592,22107,699,112,112
msg,2,136,563,5867,724,112,112
msg,2,137,588,5535,872,112,112
msg,2,138,594,5547,726,112,112
msg,2,139,595,5526,724,112,112
msg,2,140,596,17956,720,112,112
msg,2,141,560,7483,722,112,112
msg,2,142,553,43434,724,112,112
msg,2,143,553,5853,730,112,112
msg,2,144,593,5489,730,112,112
msg,2,145,593,5626,725,112,112
msg,2,146,687,22495,702,112,112
msg,2,147,557,6829,723,112,112
msg,2,148,597,10660,730,112,112
msg,2,149,592,6902,700,112,112
msg,2,150,551,5751,858,112,112
msg,2,151,594,18712,732,112,112
msg,2,152,587,7741,699,112,112
msg,2,153,572,6517,701,112,112
msg,2,154,560,6629,698,112,112
msg,2,155,563,18401,701,112,112
msg,2,156,563,7826,723,112,112
msg,2,157,598,6117,700,112,112
msg,2,158,561,7677,723,112,112
msg,2,159,556,5684,729,112,112
msg,2,160,606,6455,728,112,112
msg,2,161,592,15854,701,112,112
msg,2,162,564,5766,726,112,112
msg,2,163,589,5880,815,112,112
msg,2,164,596,7650,700,112,112
msg,2,165,560,20926,723,112,112
msg,2,166,590,6777,809,112,112
msg,2,167,570,6745,721,112,112
msg,2,168,566,7480,732,112,112
msg,2,169,560,6565,726,112,112
msg,2,170,563,17622,730,112,112
msg,2,171,593,7210,725,112,112
msg,2,172,558,6284,703,112,112
msg,2,173,565,5729,728,112,112
msg,2,174,557,5849,732,112,112
msg,2,175,591,16155,728,112,112
msg,2,176,559,5583,725,112,112
msg,2,177,583,5905,725,112,112
msg,2,178,586,6780,724,112,112
msg,2,179,559,5605,725,112,112
msg,2,180,584,7486,725,112,112
msg,2,181,590,16078,701,112,112
msg,2,182,565,7647,699,112,112
msg,2,183,564,7180,724,112,112
msg,2,184,592,8134,728,112,112
msg,2,185,597,16181,724,112,112
msg,2,186,560,6352,696,112,112
msg,2,187,554,5608,724,112,112
msg,2,188,559,6855,730,112,112
msg,2,189,612,6002,723,112,112
msg,2,190,593,20674,728,112,112
msg,2,191,595,5493,727,112,112
msg,2,192,587,6117,729,112,112
msg,2,193,564,7131,697,112,112
msg,2,194,561,6271,717,112,112
msg,2,195,595,15535,726,112,112
msg,2,196,588,7135,727,112,112
msg,2,197,593,5449,724,112,112
msg,2,198,599,5626,728,112,112
msg,2,199,587,5939,719,112,112
whole,2,313.617,2410.105,200
#heap 27587
#stack 3304
#end
#block pipeline mTLS lorawan11 up
#aead LoRaWAN-1.1 AES-128-CTR+2xCMAC (BearSSL (arduino-pico)), uplink, 51 B payload + 13 B overhead
#lib wolfSSL 5.9.4
iter,tcp_ms,tls_ms,mqtt_ms,total_ms,hs_tx_B,hs_rx_B,mqtt_tx_B,mqtt_rx_B,hs_writes,hs_reads,writes,reads,free_heap_B,hs_keygen_us,hs_derive_us,hs_verify_us,hs_sign_us,hs_keygen_n,hs_derive_n,hs_verify_n,hs_sign_n
msg,iter,idx,seal_us,rtt_us,open_us,tx_B,rx_B
whole,iter,first_ms,all_ms,msgs
#suite TLS13-AES256-GCM-SHA384
0,5.6880,2450.3940,146.1580,2602.2400,6058,6126,45,7224,4,14,5,20,159020,66411.0,71375.0,31326.0,2181082.0,2,2,2,1
msg,0,0,868,6567,862,112,112
msg,0,1,719,18153,864,112,112
msg,0,2,710,7356,862,112,112
msg,0,3,719,6020,859,112,112
msg,0,4,716,5555,870,112,112
msg,0,5,717,19425,860,112,112
msg,0,6,705,7550,862,112,112
msg,0,7,805,5779,864,112,112
msg,0,8,683,18543,866,112,112
msg,0,9,724,17529,864,112,112
msg,0,10,713,5953,860,112,112
msg,0,11,720,7844,843,112,112
msg,0,12,678,5546,863,112,112
msg,0,13,704,19155,862,112,112
msg,0,14,716,6938,840,112,112
msg,0,15,689,6923,868,112,112
msg,0,16,707,6020,869,112,112
msg,0,17,708,5494,857,112,112
msg,0,18,714,7589,856,112,112
msg,0,19,711,15298,866,112,112
msg,0,20,708,6577,858,112,112
msg,0,21,712,6021,857,112,112
msg,0,22,716,10440,866,112,112
msg,0,23,710,15231,859,112,112
msg,0,24,713,5631,867,112,112
msg,0,25,711,5553,859,112,112
msg,0,26,721,5657,940,112,112
msg,0,27,721,5801,869,112,112
msg,0,28,711,22117,864,112,112
msg,0,29,714,6467,838,112,112
msg,0,30,680,8248,833,112,112
msg,0,31,681,6473,864,112,112
msg,0,32,802,17198,859,112,112
msg,0,33,715,8789,843,112,112
msg,0,34,691,7503,864,112,112
msg,0,35,720,6963,834,112,112
msg,0,36,775,6388,863,112,112
msg,0,37,718,17555,863,112,112
msg,0,38,721,5790,862,112,112
msg,0,39,713,8087,864,112,112
msg,0,40,722,11245,859,112,112
msg,0,41,720,16679,867,112,112
msg,0,42,710,6124,865,112,112
msg,0,43,719,5514,835,112,112
msg,0,44,674,8730,861,112,112
msg,0,45,808,5799,860,112,112
msg,0,46,728,17840,862,112,112
msg,0,47,679,5793,865,112,112
msg,0,48,718,6456,864,112,112
msg,0,49,727,6953,864,112,112
msg,0,50,718,10129,868,112,112
msg,0,51,715,11378,866,112,112
msg,0,52,715,5819,855,112,112
msg,0,53,709,5674,865,112,112
msg,0,54,717,5859,856,112,112
msg,0,55,723,5775,837,112,112
msg,0,56,679,20366,841,112,112
msg,0,57,689,6020,859,112,112
msg,0,58,680,5709,855,112,112
msg,0,59,711,12616,861,112,112
msg,0,60,708,17793,868,112,112
msg,0,61,716,5637,866,112,112
msg,0,62,690,5964,860,112,112
msg,0,63,711,8273,862,112,112
msg,0,64,715,5902,862,112,112
msg,0,65,710,17867,868,112,112
msg,0,66,708,6342,864,112,112
msg,0,67,720,6176,862,112,112
msg,0,68,714,6383,866,112,112
msg,0,69,718,19819,854,112,112
msg,0,70,678,8994,864,112,112
msg,0,71,690,6064,864,112,112
msg,0,72,721,8490,834,112,112
msg,0,73,673,11040,865,112,112
msg,0,74,680,15487,865,112,112
msg,0,75,709,7628,869,112,112
msg,0,76,718,5878,861,112,112
msg,0,77,714,8563,866,112,112
msg,0,78,715,13782,863,112,112
msg,0,79,716,8929,836,112,112
msg,0,80,674,5599,862,112,112
msg,0,81,713,9009,862,112,112
msg,0,82,727,5519,859,112,112
msg,0,83,710,21639,962,112,112
msg,0,84,707,5584,862,112,112
msg,0,85,709,5827,864,112,112
msg,0,86,712,5529,861,112,112
msg,0,87,715,17924,861,112,112
msg,0,88,714,7083,856,112,112
msg,0,89,718,5860,868,112,112
msg,0,90,773,5549,863,112,112
msg,0,91,716,5593,863,112,112
msg,0,92,713,8411,863,112,112
msg,0,93,678,15863,862,112,112
msg,0,94,718,6753,847,112,112
msg,0,95,676,5836,869,112,112
msg,0,96,715,8123,867,112,112
msg,0,97,722,19187,865,112,112
msg,0,98,807,5974,859,112,112
msg,0,99,711,5554,862,112,112
msg,0,100,680,7459,863,112,112
msg,0,101,712,5792,865,112,112
msg,0,102,717,17957,866,112,112
msg,0,103,712,6398,866,112,112
msg,0,104,712,5963,873,112,112
msg,0,105,716,5450,864,112,112
msg,0,106,714,20866,938,112,112
msg,0,107,729,7024,864,112,112
msg,0,108,720,9299,943,112,112
msg,0,109,711,7438,861,112,112
msg,0,110,684,6334,842,112,112
msg,0,111,678,17048,865,112,112
msg,0,112,715,5890,871,112,112
msg,0,113,730,5938,856,112,112
msg,0,114,715,6343,857,112,112
msg,0,115,716,5951,864,112,112
msg,0,116,712,15339,868,112,112
msg,0,117,717,7548,856,112,112
msg,0,118,712,5600,835,112,112
msg,0,119,726,9107,860,112,112
msg,0,120,711,5470,857,112,112
msg,0,121,718,22411,863,112,112
msg,0,122,710,5562,838,112,112
msg,0,123,684,6625,866,112,112
msg,0,124,728,6738,836,112,112
msg,0,125,806,16879,871,112,112
msg,0,126,720,6096,862,112,112
msg,0,127,713,6693,867,112,112
msg,0,128,718,6938,859,112,112
msg,0,129,710,5915,865,112,112
msg,0,130,801,17896,838,112,112
msg,0,131,691,6037,857,112,112
msg,0,132,715,5579,857,112,112
msg,0,133,703,6142,863,112,112
msg,0,134,687,6470,940,112,112
msg,0,135,717,21431,867,112,112
msg,0,136,717,5912,868,112,112
msg,0,137,711,6627,856,112,112
msg,0,138,677,6575,858,112,112
msg,0,139,714,21407,860,112,112
msg,0,140,725,5646,859,112,112
msg,0,141,692,5726,867,112,112
msg,0,142,725,7271,860,112,112
msg,0,143,720,19362,865,112,112
msg,0,144,720,7832,860,112,112
msg,0,145,715,5822,832,112,112
msg,0,146,676,5887,869,112,112
msg,0,147,717,5946,858,112,112
msg,0,148,716,7884,834,112,112
msg,0,149,686,15063,869,112,112
msg,0,150,673,7527,855,112,112
msg,0,151,717,5788,856,112,112
msg,0,152,711,9059,867,112,112
msg,0,153,716,16641,857,112,112
msg,0,154,681,7397,864,112,112
msg,0,155,709,5937,841,112,112
msg,0,156,677,8380,862,112,112
msg,0,157,720,6205,864,112,112
msg,0,158,715,18887,833,112,112
msg,0,159,679,5555,860,112,112
msg,0,160,713,5514,864,112,112
msg,0,161,710,5726,865,112,112
msg,0,162,716,19281,865,112,112
msg,0,163,720,8437,859,112,112
msg,0,164,711,6173,868,112,112
msg,0,165,715,9040,862,112,112
msg,0,166,707,5794,861,112,112
msg,0,167,683,17641,865,112,112
msg,0,168,704,6241,865,112,112
msg,0,169,713,5499,872,112,112
msg,0,170,718,5586,857,112,112
msg,0,171,673,21274,855,112,112
msg,0,172,714,7413,865,112,112
msg,0,173,713,6607,864,112,112
msg,0,174,715,5516,860,112,112
msg,0,175,794,5624,860,112,112
msg,0,176,719,7557,838,112,112
msg,0,177,674,15475,855,112,112
msg,0,178,714,7643,859,112,112
msg,0,179,715,5638,936,112,112
msg,0,180,719,9319,859,112,112
msg,0,181,711,18115,861,112,112
msg,0,182,720,6194,863,112,112
msg,0,183,709,6114,856,112,112
msg,0,184,712,6028,833,112,112
msg,0,185,680,5614,860,112,112
msg,0,186,716,18373,868,112,112
msg,0,187,719,6045,853,112,112
msg,0,188,715,5585,868,112,112
msg,0,189,683,5551,851,112,112
msg,0,190,721,5653,870,112,112
msg,0,191,713,18470,862,112,112
msg,0,192,686,5957,866,112,112
msg,0,193,714,6662,861,112,112
msg,0,194,677,5435,867,112,112
msg,0,195,730,6136,862,112,112
msg,0,196,723,18590,869,112,112
msg,0,197,717,6091,863,112,112
msg,0,198,714,5545,836,112,112
msg,0,199,682,5622,863,112,112
whole,0,2618.756,4812.090,200
1,19.5820,2452.4620,124.1430,2596.1870,6056,6124,45,7224,4,14,5,20,159020,66319.0,72634.0,31511.0,2183862.0,2,2,2,1
msg,1,0,867,6269,863,112,112
msg,1,1,721,19083,852,112,112
msg,1,2,678,7467,856,112,112
msg,1,3,710,6382,863,112,112
msg,1,4,705,7169,860,112,112
msg,1,5,707,17798,847,112,112
msg,1,6,679,7236,853,112,112
msg,1,7,688,5585,862,112,112
msg,1,8,717,6184,863,112,112
msg,1,9,727,5462,864,112,112
msg,1,10,718,7416,837,112,112
msg,1,11,677,16815,865,112,112
msg,1,12,708,5926,860,112,112
msg,1,13,708,5654,862,112,112
msg,1,14,720,5494,836,112,112
msg,1,15,680,18500,863,112,112
msg,1,16,718,7705,855,112,112
msg,1,17,679,5944,867,112,112
msg,1,18,718,8542,867,112,112
msg,1,19,688,5707,864,112,112
msg,1,20,706,19153,869,112,112
msg,1,21,720,5628,856,112,112
msg,1,22,684,5811,861,112,112
msg,1,23,720,5924,863,112,112
msg,1,24,712,6182,860,112,112
msg,1,25,721,17182,856,112,112
msg,1,26,707,5728,955,112,112
msg,1,27,712,6086,861,112,112
msg,1,28,716,7632,861,112,112
msg,1,29,676,6442,858,112,112
msg,1,30,708,17334,864,112,112
msg,1,31,719,5479,860,112,112
msg,1,32,718,6663,861,112,112
msg,1,33,715,9254,863,112,112
msg,1,34,711,22217,861,112,112
msg,1,35,816,5525,869,112,112
msg,1,36,710,5527,852,112,112
msg,1,37,683,7578,986,112,112
msg,1,38,718,5521,866,112,112
msg,1,39,688,17814,866,112,112
msg,1,40,717,5497,862,112,112
msg,1,41,682,5713,859,112,112
msg,1,42,712,6420,868,112,112
msg,1,43,711,6835,861,112,112
msg,1,44,718,16197,863,112,112
msg,1,45,716,6181,858,112,112
msg,1,46,714,5604,869,112,112
msg,1,47,708,7733,859,112,112
msg,1,48,716,5594,868,112,112
msg,1,49,713,18332,863,112,112
msg,1,50,715,5935,861,112,112
msg,1,51,704,6127,861,112,112
msg,1,52,712,6054,859,112,112
msg,1,53,712,21067,857,112,112
msg,1,54,709,7119,838,112,112
msg,1,55,682,5737,868,112,112
msg,1,56,717,5473,997,112,112
msg,1,57,682,7175,835,112,112
msg,1,58,680,21050,862,112,112
msg,1,59,713,5674,859,112,112
msg,1,60,714,5599,864,112,112
msg,1,61,719,8979,858,112,112
msg,1,62,714,18600,863,112,112
msg,1,63,682,7518,864,112,112
msg,1,64,711,5583,861,112,112
msg,1,65,713,6476,859,112,112
msg,1,66,683,5692,860,112,112
msg,1,67,709,7560,956,112,112
msg,1,68,731,12624,859,112,112
msg,1,69,719,5601,862,112,112
msg,1,70,723,7931,866,112,112
msg,1,71,712,5583,864,112,112
msg,1,72,802,9790,865,112,112
msg,1,73,715,11534,861,112,112
msg,1,74,712,7721,859,112,112
msg,1,75,716,6101,863,112,112
msg,1,76,713,5725,868,112,112
msg,1,77,718,5550,1416,112,112
msg,1,78,720,17465,836,112,112
msg,1,79,693,5813,866,112,112
msg,1,80,708,5704,861,112,112
msg,1,81,711,5575,856,112,112
msg,1,82,706,6891,865,112,112
msg,1,83,719,12967,835,112,112
msg,1,84,679,6691,865,112,112
msg,1,85,710,5937,865,112,112
msg,1,86,729,5507,867,112,112
msg,1,87,717,5653,861,112,112
msg,1,88,722,6345,863,112,112
msg,1,89,704,17605,872,112,112
msg,1,90,723,5682,856,112,112
msg,1,91,706,6944,837,112,112
msg,1,92,681,5801,868,112,112
msg,1,93,720,17276,869,112,112
msg,1,94,724,7612,836,112,112
msg,1,95,677,8869,865,112,112
msg,1,96,708,7597,851,112,112
msg,1,97,686,5615,864,112,112
msg,1,98,720,17995,864,112,112
msg,1,99,729,5864,837,112,112
msg,1,100,670,5789,856,112,112
msg,1,101,711,5774,835,112,112
msg,1,102,692,6754,862,112,112
msg,1,103,709,17170,867,112,112
msg,1,104,719,5673,835,112,112
msg,1,105,722,5649,868,112,112
msg,1,106,725,7485,839,112,112
msg,1,107,685,6100,860,112,112
msg,1,108,678,17740,871,112,112
msg,1,109,715,6252,866,112,112
msg,1,110,709,6506,862,112,112
msg,1,111,712,11563,861,112,112
msg,1,112,677,19373,864,112,112
msg,1,113,714,9530,871,112,112
msg,1,114,719,5887,862,112,112
msg,1,115,714,5738,859,112,112
msg,1,116,682,8009,863,112,112
msg,1,117,709,16170,867,112,112
msg,1,118,720,6013,865,112,112
msg,1,119,712,6070,865,112,112
msg,1,120,709,7361,866,112,112
msg,1,121,716,18629,831,112,112
msg,1,122,683,6963,872,112,112
msg,1,123,713,7877,870,112,112
msg,1,124,719,5907,855,112,112
msg,1,125,721,10473,868,112,112
msg,1,126,717,16009,854,112,112
msg,1,127,723,6443,859,112,112
msg,1,128,713,5784,833,112,112
msg,1,129,687,5553,865,112,112
msg,1,130,715,18673,867,112,112
msg,1,131,682,6551,852,112,112
msg,1,132,708,7769,865,112,112
msg,1,133,711,7654,859,112,112
msg,1,134,714,5730,872,112,112
msg,1,135,717,19083,863,112,112
msg,1,136,713,5700,861,112,112
msg,1,137,806,5584,869,112,112
msg,1,138,716,5523,837,112,112
msg,1,139,676,7209,837,112,112
msg,1,140,672,17170,863,112,112
msg,1,141,684,5730,860,112,112
msg,1,142,718,7393,861,112,112
msg,1,143,707,5742,857,112,112
msg,1,144,712,7140,854,112,112
msg,1,145,708,17115,836,112,112
msg,1,146,684,5621,867,112,112
msg,1,147,713,5984,871,112,112
msg,1,148,716,6158,865,112,112
msg,1,149,712,5806,865,112,112
msg,1,150,685,16763,854,112,112
msg,1,151,727,6181,861,112,112
msg,1,152,708,8953,855,112,112
msg,1,153,713,7581,862,112,112
msg,1,154,713,6636,836,112,112
msg,1,155,685,14340,856,112,112
msg,1,156,683,6497,860,112,112
msg,1,157,713,5725,860,112,112
msg,1,158,680,6039,862,112,112
msg,1,159,712,5848,865,112,112
msg,1,160,711,16064,865,112,112
msg,1,161,717,5474,862,112,112
msg,1,162,713,8230,868,112,112
msg,1,163,722,7732,855,112,112
msg,1,164,675,8954,866,112,112
msg,1,165,682,13548,861,112,112
msg,1,166,708,5741,860,112,112
msg,1,167,714,5675,861,112,112
msg,1,168,710,5582,868,112,112
msg,1,169,717,6256,865,112,112
msg,1,170,708,15728,857,112,112
msg,1,171,708,5715,868,112,112
msg,1,172,715,6020,865,112,112
msg,1,173,719,5985,866,112,112
msg,1,174,725,8182,865,112,112
msg,1,175,709,18910,850,112,112
msg,1,176,679,5822,862,112,112
msg,1,177,714,5539,834,112,112
msg,1,178,772,5590,872,112,112
msg,1,179,709,6194,866,112,112
msg,1,180,714,18311,863,112,112
msg,1,181,712,5569,836,112,112
msg,1,182,773,5537,858,112,112
msg,1,183,712,8681,864,112,112
msg,1,184,684,9033,860,112,112
msg,1,185,724,13912,865,112,112
msg,1,186,711,5792,836,112,112
msg,1,187,681,6439,865,112,112
msg,1,188,802,5821,837,112,112
msg,1,189,683,5804,868,112,112
msg,1,190,715,15919,858,112,112
msg,1,191,720,5511,954,112,112
msg,1,192,718,6814,860,112,112
msg,1,193,710,8652,865,112,112
msg,1,194,806,5767,863,112,112
msg,1,195,715,17060,860,112,112
msg,1,196,716,6565,873,112,112
msg,1,197,711,11581,945,112,112
msg,1,198,712,7484,858,112,112
msg,1,199,724,16084,859,112,112
whole,1,2611.927,4730.287,200
2,5.4270,2460.6770,104.8210,2570.9250,6051,6128,45,7224,4,14,5,20,159020,66300.0,71315.0,31262.0,2181129.0,2,2,2,1
msg,2,0,869,9283,859,112,112
msg,2,1,714,13671,836,112,112
msg,2,2,679,6274,836,112,112
msg,2,3,679,6147,864,112,112
msg,2,4,686,5775,859,112,112
msg,2,5,705,20613,862,112,112
msg,2,6,673,6918,862,112,112
msg,2,7,706,6088,857,112,112
msg,2,8,714,5808,837,112,112
msg,2,9,678,5761,861,112,112
msg,2,10,714,22322,867,112,112
msg,2,11,719,5711,863,112,112
msg,2,12,711,5531,863,112,112
msg,2,13,719,5850,859,112,112
msg,2,14,708,7237,869,112,112
msg,2,15,715,16300,866,112,112
msg,2,16,716,7120,859,112,112
msg,2,17,711,6098,940,112,112
msg,2,18,711,7274,871,112,112
msg,2,19,712,6039,858,112,112
msg,2,20,711,19318,871,112,112
msg,2,21,715,5551,865,112,112
msg,2,22,682,5982,866,112,112
msg,2,23,713,5758,856,112,112
msg,2,24,709,9427,864,112,112
msg,2,25,707,11082,861,112,112
msg,2,26,715,6330,863,112,112
msg,2,27,714,6514,865,112,112
msg,2,28,857,6936,863,112,112
msg,2,29,727,5694,855,112,112
msg,2,30,689,18008,870,112,112
msg,2,31,677,5868,863,112,112
msg,2,32,711,6265,871,112,112
msg,2,33,711,6865,941,112,112
msg,2,34,713,20591,862,112,112
msg,2,35,688,6131,863,112,112
msg,2,36,710,5732,858,112,112
msg,2,37,712,7169,862,112,112
msg,2,38,711,6515,868,112,112
msg,2,39,712,20635,841,112,112
msg,2,40,687,6825,865,112,112
msg,2,41,717,5568,832,112,112
msg,2,42,675,6228,838,112,112
msg,2,43,677,21814,863,112,112
msg,2,44,712,7648,834,112,112
msg,2,45,677,6067,869,112,112
msg,2,46,681,7915,868,112,112
msg,2,47,713,6834,867,112,112
msg,2,48,709,17074,934,112,112
msg,2,49,710,6666,865,112,112
msg,2,50,709,6036,863,112,112
msg,2,51,723,5629,836,112,112
msg,2,52,691,29368,852,112,112
msg,2,53,673,7095,835,112,112
msg,2,54,676,5989,862,112,112
msg,2,55,710,5732,862,112,112
msg,2,56,721,21292,867,112,112
msg,2,57,716,5682,867,112,112
msg,2,58,684,6713,863,112,112
msg,2,59,715,6175,858,112,112
msg,2,60,713,10834,834,112,112
msg,2,61,679,11736,862,112,112
msg,2,62,717,5693,948,112,112
msg,2,63,678,8452,860,112,112
msg,2,64,714,6567,862,112,112
msg,2,65,802,9310,861,112,112
msg,2,66,678,17709,860,112,112
msg,2,67,720,6559,869,112,112
msg,2,68,710,7428,835,112,112
msg,2,69,681,5684,865,112,112
msg,2,70,728,18635,860,112,112
msg,2,71,677,6087,871,112,112
msg,2,72,717,11083,860,112,112
msg,2,73,718,5719,860,112,112
msg,2,74,714,21701,864,112,112
msg,2,75,712,5908,865,112,112
msg,2,76,713,5538,865,112,112
msg,2,77,716,5626,862,112,112
msg,2,78,726,6070,836,112,112
msg,2,79,681,16022,863,112,112
msg,2,80,679,6074,868,112,112
msg,2,81,715,16315,859,112,112
msg,2,82,688,6632,1026,112,112
msg,2,83,719,17489,865,112,112
msg,2,84,681,5788,865,112,112
msg,2,85,714,10088,866,112,112
msg,2,86,807,8774,837,112,112
msg,2,87,679,17609,861,112,112
msg,2,88,734,5472,867,112,112
msg,2,89,694,8318,835,112,112
msg,2,90,678,8013,871,112,112
msg,2,91,722,8097,865,112,112
msg,2,92,714,17409,860,112,112
msg,2,93,673,6238,860,112,112
msg,2,94,679,5676,862,112,112
msg,2,95,728,9607,858,112,112
msg,2,96,715,17084,864,112,112
msg,2,97,717,5590,833,112,112
msg,2,98,679,7746,874,112,112
msg,2,99,723,10210,862,112,112
msg,2,100,713,7623,838,112,112
msg,2,101,685,27472,860,112,112
msg,2,102,712,11988,858,112,112
msg,2,103,683,18505,863,112,112
msg,2,104,713,5461,864,112,112
msg,2,105,706,5802,863,112,112
msg,2,106,725,9661,863,112,112
msg,2,107,714,5951,863,112,112
msg,2,108,708,21415,859,112,112
msg,2,109,716,5616,856,112,112
msg,2,110,719,5588,866,112,112
msg,2,111,713,8860,859,112,112
msg,2,112,718,22573,852,112,112
msg,2,113,710,6040,871,112,112
msg,2,114,808,7400,866,112,112
msg,2,115,721,5617,861,112,112
msg,2,116,713,21332,857,112,112
msg,2,117,791,6155,1386,112,112
msg,2,118,687,6471,861,112,112
msg,2,119,709,6231,860,112,112
msg,2,120,718,19865,869,112,112
msg,2,121,685,6854,864,112,112
msg,2,122,720,6455,861,112,112
msg,2,123,726,6300,863,112,112
msg,2,124,678,8224,864,112,112
msg,2,125,676,18728,866,112,112
msg,2,126,716,6404,960,112,112
msg,2,127,724,6075,869,112,112
msg,2,128,713,5521,838,112,112
msg,2,129,675,6052,867,112,112
msg,2,130,715,16542,861,112,112
msg,2,131,716,5563,860,112,112
msg,2,132,721,5874,858,112,112
msg,2,133,714,8418,866,112,112
msg,2,134,716,6964,863,112,112
msg,2,135,716,21213,862,112,112
msg,2,136,715,6470,863,112,112
msg,2,137,713,12323,862,112,112
msg,2,138,716,20671,863,112,112
msg,2,139,719,5582,869,112,112
msg,2,140,721,6992,861,112,112
msg,2,141,721,7112,863,112,112
msg,2,142,716,6823,870,112,112
msg,2,143,686,17160,862,112,112
msg,2,144,682,6715,866,112,112
msg,2,145,705,6278,865,112,112
msg,2,146,709,5779,833,112,112
msg,2,147,678,5619,859,112,112
msg,2,148,716,16209,860,112,112
msg,2,149,718,6279,869,112,112
msg,2,150,715,5709,839,112,112
msg,2,151,692,7664,865,112,112
msg,2,152,722,7012,863,112,112
msg,2,153,721,19388,862,112,112
msg,2,154,719,7333,861,112,112
msg,2,155,713,5784,865,112,112
msg,2,156,723,7904,837,112,112
msg,2,157,677,14892,870,112,112
msg,2,158,711,7579,839,112,112
msg,2,159,677,6245,837,112,112
msg,2,160,679,5927,952,112,112
msg,2,161,683,6998,868,112,112
msg,2,162,720,20537,834,112,112
msg,2,163,678,6015,857,112,112
msg,2,164,708,6423,917,112,112
msg,2,165,677,5879,863,112,112
msg,2,166,707,10963,865,112,112
msg,2,167,719,10576,941,112,112
msg,2,168,680,5657,859,112,112
msg,2,169,710,5950,861,112,112
msg,2,170,678,8356,856,112,112
msg,2,171,708,5513,863,112,112
msg,2,172,713,18658,838,112,112
msg,2,173,680,6078,859,112,112
msg,2,174,684,6169,865,112,112
msg,2,175,784,5589,866,112,112
msg,2,176,718,5882,839,112,112
msg,2,177,683,16752,868,112,112
msg,2,178,713,5809,851,112,112
msg,2,179,706,6403,861,112,112
msg,2,180,802,7482,870,112,112
msg,2,181,713,6472,836,112,112
msg,2,182,679,17330,863,112,112
msg,2,183,726,9536,857,112,112
msg,2,184,721,6043,858,112,112
msg,2,185,716,8722,856,112,112
msg,2,186,682,18083,866,112,112
msg,2,187,713,5721,862,112,112
msg,2,188,711,5637,866,112,112
msg,2,189,726,8278,861,112,112
msg,2,190,682,5636,862,112,112
msg,2,191,719,18494,866,112,112
msg,2,192,716,5904,866,112,112
msg,2,193,713,7514,860,112,112
msg,2,194,804,5728,863,112,112
msg,2,195,710,19545,870,112,112
msg,2,196,718,7125,868,112,112
msg,2,197,715,5615,842,112,112
msg,2,198,683,5765,868,112,112
msg,2,199,715,5513,859,112,112
whole,2,2591.710,4835.345,200
#heap 138238
#stack 3304
#end
#block pipeline mTLS lorawan11 down
#aead LoRaWAN-1.1 AES-128-CTR+2xCMAC (BearSSL (arduino-pico)), downlink, 51 B payload + 13 B overhead
#lib wolfSSL 5.9.4
iter,tcp_ms,tls_ms,mqtt_ms,total_ms,hs_tx_B,hs_rx_B,mqtt_tx_B,mqtt_rx_B,hs_writes,hs_reads,writes,reads,free_heap_B,hs_keygen_us,hs_derive_us,hs_verify_us,hs_sign_us,hs_keygen_n,hs_derive_n,hs_verify_n,hs_sign_n
msg,iter,idx,seal_us,rtt_us,open_us,tx_B,rx_B
whole,iter,first_ms,all_ms,msgs
#suite TLS13-AES256-GCM-SHA384
0,17.8270,2450.5260,74.5810,2542.9340,6057,6125,45,7224,4,14,5,20,159020,66313.0,71587.0,31274.0,2182958.0,2,2,2,1
msg,0,0,609,21615,598,112,112
msg,0,1,530,6531,589,112,112
msg,0,2,427,6670,592,112,112
msg,0,3,437,7119,595,112,112
msg,0,4,460,20350,592,112,112
msg,0,5,423,6456,565,112,112
msg,0,6,427,7199,593,112,112
msg,0,7,460,6056,562,112,112
msg,0,8,466,6518,590,112,112
msg,0,9,461,25288,590,112,112
msg,0,10,423,6176,590,112,112
msg,0,11,463,6659,592,112,112
msg,0,12,451,7166,563,112,112
msg,0,13,426,19719,564,112,112
msg,0,14,427,7745,565,112,112
msg,0,15,429,8223,589,112,112
msg,0,16,422,10331,567,112,112
msg,0,17,424,6220,594,112,112
msg,0,18,457,16845,592,112,112
msg,0,19,457,6243,566,112,112
msg,0,20,424,5796,588,112,112
msg,0,21,424,5884,592,112,112
msg,0,22,421,6616,568,112,112
msg,0,23,422,18624,564,112,112
msg,0,24,418,5704,566,112,112
msg,0,25,429,6190,597,112,112
msg,0,26,429,5687,594,112,112
msg,0,27,430,5735,593,112,112
msg,0,28,427,22638,593,112,112
msg,0,29,428,6024,592,112,112
msg,0,30,455,5628,593,112,112
msg,0,31,429,5933,589,112,112
msg,0,32,462,8995,565,112,112
msg,0,33,428,16723,573,112,112
msg,0,34,430,5786,562,112,112
msg,0,35,432,6020,674,112,112
msg,0,36,421,6847,597,112,112
msg,0,37,422,5505,560,112,112
msg,0,38,425,7998,593,112,112
msg,0,39,424,15436,569,112,112
msg,0,40,425,7244,603,112,112
msg,0,41,458,6297,583,112,112
msg,0,42,432,5710,563,112,112
msg,0,43,428,9543,563,112,112
msg,0,44,425,11485,594,112,112
msg,0,45,462,5917,560,112,112
msg,0,46,454,6354,594,112,112
msg,0,47,458,6701,589,112,112
msg,0,48,448,5611,599,112,112
msg,0,49,421,22006,589,112,112
msg,0,50,453,8787,582,112,112
msg,0,51,462,6220,594,112,112
msg,0,52,425,6729,590,112,112
msg,0,53,417,20375,563,112,112
msg,0,54,465,7714,564,112,112
msg,0,55,456,6423,595,112,112
msg,0,56,425,9519,588,112,112
msg,0,57,422,5666,567,112,112
msg,0,58,428,19216,593,112,112
msg,0,59,460,5631,603,112,112
msg,0,60,461,12053,566,112,112
msg,0,61,459,8140,590,112,112
msg,0,62,430,18337,567,112,112
msg,0,63,456,6529,592,112,112
msg,0,64,450,6473,591,112,112
msg,0,65,419,8490,565,112,112
msg,0,66,433,5686,566,112,112
msg,0,67,426,29729,568,112,112
msg,0,68,442,9376,567,112,112
msg,0,69,460,9161,592,112,112
msg,0,70,421,18523,566,112,112
msg,0,71,428,6498,597,112,112
msg,0,72,457,6175,586,112,112
msg,0,73,424,8449,563,112,112
msg,0,74,456,5720,564,112,112
msg,0,75,464,17847,567,112,112
msg,0,76,423,12948,565,112,112
msg,0,77,426,8758,564,112,112
msg,0,78,424,11090,593,112,112
msg,0,79,455,14493,593,112,112
msg,0,80,426,8648,566,112,112
msg,0,81,427,5809,594,112,112
msg,0,82,416,5623,562,112,112
msg,0,83,438,5844,588,112,112
msg,0,84,436,17503,565,112,112
msg,0,85,421,5731,567,112,112
msg,0,86,463,9056,593,112,112
msg,0,87,426,6844,594,112,112
msg,0,88,424,9878,593,112,112
msg,0,89,464,11383,595,112,112
msg,0,90,433,5931,592,112,112
msg,0,91,454,6626,590,112,112
msg,0,92,427,5468,569,112,112
msg,0,93,425,5805,566,112,112
msg,0,94,428,7720,566,112,112
msg,0,95,420,16409,567,112,112
msg,0,96,451,5788,563,112,112
msg,0,97,460,10914,565,112,112
msg,0,98,427,23060,598,112,112
msg,0,99,517,7308,564,112,112
msg,0,100,421,6329,594,112,112
msg,0,101,465,5983,563,112,112
msg,0,102,454,6186,590,112,112
msg,0,103,426,5543,566,112,112
msg,0,104,426,27614,566,112,112
msg,0,105,456,6427,598,112,112
msg,0,106,459,6081,567,112,112
msg,0,107,431,19824,566,112,112
msg,0,108,424,7595,563,112,112
msg,0,109,469,6222,668,112,112
msg,0,110,429,5727,592,112,112
msg,0,111,424,6958,590,112,112
msg,0,112,448,22409,589,112,112
msg,0,113,510,5895,598,112,112
msg,0,114,460,5637,591,112,112
msg,0,115,420,6483,592,112,112
msg,0,116,561,7549,568,112,112
msg,0,117,431,17434,567,112,112
msg,0,118,462,5857,565,112,112
msg,0,119,425,6530,595,112,112
msg,0,120,464,6651,590,112,112
msg,0,121,461,6354,595,112,112
msg,0,122,427,20841,594,112,112
msg,0,123,544,6322,566,112,112
msg,0,124,424,5982,594,112,112
msg,0,125,427,6139,588,112,112
msg,0,126,458,21977,565,112,112
msg,0,127,430,5707,567,112,112
msg,0,128,421,5632,565,112,112
msg,0,129,552,5523,592,112,112
msg,0,130,466,5455,598,112,112
msg,0,131,465,6900,591,112,112
msg,0,132,470,19645,593,112,112
msg,0,133,458,6284,568,112,112
msg,0,134,422,5961,597,112,112
msg,0,135,427,6219,565,112,112
msg,0,136,457,7395,596,112,112
msg,0,137,470,16412,590,112,112
msg,0,138,430,6161,592,112,112
msg,0,139,458,6345,587,112,112
msg,0,140,424,5831,599,112,112
msg,0,141,425,5873,592,112,112
msg,0,142,425,7854,600,112,112
msg,0,143,460,16495,601,112,112
msg,0,144,420,5866,595,112,112
msg,0,145,452,5692,595,112,112
msg,0,146,453,5533,593,112,112
msg,0,147,422,6170,566,112,112
msg,0,148,461,17347,594,112,112
msg,0,149,423,7282,566,112,112
msg,0,150,424,6110,595,112,112
msg,0,151,418,7822,597,112,112
msg,0,152,425,7306,567,112,112
msg,0,153,429,17653,562,112,112
msg,0,154,433,6784,566,112,112
msg,0,155,428,6592,564,112,112
msg,0,156,465,6540,587,112,112
msg,0,157,456,22644,600,112,112
msg,0,158,462,6871,591,112,112
msg,0,159,459,6924,567,112,112
msg,0,160,437,8129,596,112,112
msg,0,161,420,8685,587,112,112
msg,0,162,422,21119,593,112,112
msg,0,163,455,7117,565,112,112
msg,0,164,424,5621,567,112,112
msg,0,165,460,5523,588,112,112
msg,0,166,471,19348,599,112,112
msg,0,167,431,9449,567,112,112
msg,0,168,421,6833,567,112,112
msg,0,169,431,5730,563,112,112
msg,0,170,427,5742,566,112,112
msg,0,171,431,7695,567,112,112
msg,0,172,422,15573,564,112,112
msg,0,173,461,6735,561,112,112
msg,0,174,458,5845,563,112,112
msg,0,175,418,6310,596,112,112
msg,0,176,454,19376,570,112,112
msg,0,177,429,11888,592,112,112
msg,0,178,428,6744,595,112,112
msg,0,179,516,6936,597,112,112
msg,0,180,493,6061,602,112,112
msg,0,181,457,17362,561,112,112
msg,0,182,418,6930,595,112,112
msg,0,183,421,6701,590,112,112
msg,0,184,415,7485,565,112,112
msg,0,185,520,10367,591,112,112
msg,0,186,470,11693,592,112,112
msg,0,187,458,6519,597,112,112
msg,0,188,463,6400,592,112,112
msg,0,189,420,9289,591,112,112
msg,0,190,468,6062,586,112,112
msg,0,191,431,19894,595,112,112
msg,0,192,422,6107,592,112,112
msg,0,193,465,6593,592,112,112
msg,0,194,458,5824,586,112,112
msg,0,195,465,5690,588,112,112
msg,0,196,456,16014,567,112,112
msg,0,197,423,6247,595,112,112
msg,0,198,420,6255,657,112,112
msg,0,199,435,6077,590,112,112
whole,0,2579.988,4698.995,200
1,7.5350,2443.6610,96.8230,2548.0190,6052,6129,45,7224,4,14,5,20,159020,66172.0,71376.0,31316.0,2177581.0,2,2,2,1
msg,1,0,582,5973,680,112,112
msg,1,1,464,18435,675,112,112
msg,1,2,421,6116,564,112,112
msg,1,3,468,5763,564,112,112
msg,1,4,458,5971,562,112,112
msg,1,5,434,7556,568,112,112
msg,1,6,462,17138,592,112,112
msg,1,7,423,5972,598,112,112
msg,1,8,464,5739,598,112,112
msg,1,9,466,5659,594,112,112
msg,1,10,419,5834,594,112,112
msg,1,11,449,5846,594,112,112
msg,1,12,467,19868,559,112,112
msg,1,13,460,6204,595,112,112
msg,1,14,422,5891,593,112,112
msg,1,15,421,10148,565,112,112
msg,1,16,463,19861,563,112,112
msg,1,17,423,8912,564,112,112
msg,1,18,423,7477,566,112,112
msg,1,19,457,5768,564,112,112
msg,1,20,456,6578,588,112,112
msg,1,21,452,19605,596,112,112
msg,1,22,465,7474,591,112,112
msg,1,23,425,5877,593,112,112
msg,1,24,458,5667,589,112,112
msg,1,25,422,19660,590,112,112
msg,1,26,422,18842,593,112,112
msg,1,27,431,9639,592,112,112
msg,1,28,423,8759,587,112,112
msg,1,29,437,13489,566,112,112
msg,1,30,436,5961,594,112,112
msg,1,31,425,6078,591,112,112
msg,1,32,455,5718,594,112,112
msg,1,33,452,8352,591,112,112
msg,1,34,435,13049,595,112,112
msg,1,35,458,12493,590,112,112
msg,1,36,417,6851,597,112,112
msg,1,37,425,5885,593,112,112
msg,1,38,454,6154,568,112,112
msg,1,39,432,18719,565,112,112
msg,1,40,425,6042,586,112,112
msg,1,41,418,7180,596,112,112
msg,1,42,460,5861,566,112,112
msg,1,43,472,6585,593,112,112
msg,1,44,615,19751,563,112,112
msg,1,45,462,9078,593,112,112
msg,1,46,424,6446,564,112,112
msg,1,47,431,5670,561,112,112
msg,1,48,427,5629,569,112,112
msg,1,49,465,17000,563,112,112
msg,1,50,422,5832,564,112,112
msg,1,51,425,5554,569,112,112
msg,1,52,426,5640,567,112,112
msg,1,53,461,8912,564,112,112
msg,1,54,434,16655,566,112,112
msg,1,55,512,6224,593,112,112
msg,1,56,456,5815,592,112,112
msg,1,57,455,9563,597,112,112
msg,1,58,427,5870,598,112,112
msg,1,59,468,19299,561,112,112
msg,1,60,428,5860,688,112,112
msg,1,61,428,5839,597,112,112
msg,1,62,458,5753,596,112,112
msg,1,63,472,8599,585,112,112
msg,1,64,427,16392,564,112,112
msg,1,65,428,6337,598,112,112
msg,1,66,460,7787,588,112,112
msg,1,67,546,10023,567,112,112
msg,1,68,431,5978,590,112,112
msg,1,69,431,19453,563,112,112
msg,1,70,426,5964,595,112,112
msg,1,71,438,5993,593,112,112
msg,1,72,455,5658,716,112,112
msg,1,73,460,6001,566,112,112
msg,1,74,463,16063,583,112,112
msg,1,75,428,6365,566,112,112
msg,1,76,460,10157,590,112,112
msg,1,77,431,6071,596,112,112
msg,1,78,457,5584,597,112,112
msg,1,79,424,18757,599,112,112
msg,1,80,424,6226,566,112,112
msg,1,81,459,5851,565,112,112
msg,1,82,423,5687,713,112,112
msg,1,83,440,7076,594,112,112
msg,1,84,421,16835,591,112,112
msg,1,85,464,5771,590,112,112
msg,1,86,460,5900,585,112,112
msg,1,87,460,10017,565,112,112
msg,1,88,427,5613,568,112,112
msg,1,89,456,20410,590,112,112
msg,1,90,453,5815,594,112,112
msg,1,91,459,5570,592,112,112
msg,1,92,459,5717,593,112,112
msg,1,93,460,7970,565,112,112
msg,1,94,454,17825,561,112,112
msg,1,95,460,6048,587,112,112
msg,1,96,427,6780,593,112,112
msg,1,97,432,7438,566,112,112
msg,1,98,460,6011,589,112,112
msg,1,99,429,20135,593,112,112
msg,1,100,449,6494,589,112,112
msg,1,101,429,6532,562,112,112
msg,1,102,436,6958,593,112,112
msg,1,103,426,11487,567,112,112
msg,1,104,431,10914,595,112,112
msg,1,105,426,6307,563,112,112
msg,1,106,518,7394,594,112,112
msg,1,107,455,6658,592,112,112
msg,1,108,456,5958,568,112,112
msg,1,109,427,20472,592,112,112
msg,1,110,458,8443,591,112,112
msg,1,111,418,6751,591,112,112
msg,1,112,420,5892,597,112,112
msg,1,113,456,20013,568,112,112
msg,1,114,462,7775,562,112,112
msg,1,115,461,6482,588,112,112
msg,1,116,460,6594,596,112,112
msg,1,117,461,5763,594,112,112
msg,1,118,457,8104,566,112,112
msg,1,119,435,16990,562,112,112
msg,1,120,421,6326,591,112,112
msg,1,121,457,5803,566,112,112
msg,1,122,462,5665,564,112,112
msg,1,123,459,19744,563,112,112
msg,1,124,456,7956,567,112,112
msg,1,125,426,5990,587,112,112
msg,1,126,420,5767,595,112,112
msg,1,127,424,6682,568,112,112
msg,1,128,430,6012,593,112,112
msg,1,129,432,16556,593,112,112
msg,1,130,434,6026,595,112,112
msg,1,131,459,6184,565,112,112
msg,1,132,427,5617,561,112,112
msg,1,133,461,7344,588,112,112
msg,1,134,460,16738,594,112,112
msg,1,135,465,7094,562,112,112
msg,1,136,458,5776,563,112,112
msg,1,137,429,5969,564,112,112
msg,1,138,435,6372,565,112,112
msg,1,139,466,22071,570,112,112
msg,1,140,427,5999,727,112,112
msg,1,141,456,5867,594,112,112
msg,1,142,455,6665,591,112,112
msg,1,143,459,7487,594,112,112
msg,1,144,424,13405,655,112,112
msg,1,145,435,8586,567,112,112
msg,1,146,431,7591,559,112,112
msg,1,147,461,9434,590,112,112
msg,1,148,453,9518,667,112,112
msg,1,149,424,17640,595,112,112
msg,1,150,516,5594,589,112,112
msg,1,151,424,5580,567,112,112
msg,1,152,450,5558,565,112,112
msg,1,153,466,11592,590,112,112
msg,1,154,459,11955,568,112,112
msg,1,155,442,6652,562,112,112
msg,1,156,455,6648,565,112,112
msg,1,157,470,6307,593,112,112
msg,1,158,419,5767,593,112,112
msg,1,159,432,20673,593,112,112
msg,1,160,425,6020,597,112,112
msg,1,161,457,5683,590,112,112
msg,1,162,458,5551,593,112,112
msg,1,163,427,8903,592,112,112
msg,1,164,461,25805,591,112,112
msg,1,165,453,6096,566,112,112
msg,1,166,424,10157,594,112,112
msg,1,167,427,5783,588,112,112
msg,1,168,451,21762,594,112,112
msg,1,169,463,5732,591,112,112
msg,1,170,463,5859,592,112,112
msg,1,171,549,8870,564,112,112
msg,1,172,601,19961,594,112,112
msg,1,173,424,6255,565,112,112
msg,1,174,456,7638,591,112,112
msg,1,175,459,6493,597,112,112
msg,1,176,457,5542,590,112,112
msg,1,177,430,18962,596,112,112
msg,1,178,452,5963,564,112,112
msg,1,179,460,5578,594,112,112
msg,1,180,467,5907,564,112,112
msg,1,181,464,8588,586,112,112
msg,1,182,459,15998,564,112,112
msg,1,183,425,7118,598,112,112
msg,1,184,417,6911,599,112,112
msg,1,185,461,8614,596,112,112
msg,1,186,426,5881,593,112,112
msg,1,187,456,18786,590,112,112
msg,1,188,457,5857,591,112,112
msg,1,189,459,5878,1124,112,112
msg,1,190,436,5825,587,112,112
msg,1,191,464,7302,565,112,112
msg,1,192,422,17756,566,112,112
msg,1,193,433,6233,595,112,112
msg,1,194,466,6401,593,112,112
msg,1,195,426,5759,597,112,112
msg,1,196,417,7807,593,112,112
msg,1,197,423,20444,567,112,112
msg,1,198,431,6181,599,112,112
msg,1,199,451,7741,595,112,112
whole,1,2563.400,4648.325,200
2,23.4030,3034.0460,32.1590,3089.6080,6056,6130,45,7224,4,14,5,20,159020,66285.0,70294.0,31283.0,2180616.0,2,2,2,1
msg,2,0,579,5678,564,112,112
msg,2,1,428,7802,566,112,112
msg,2,2,428,10269,592,112,112
msg,2,3,455,5985,564,112,112
msg,2,4,462,17125,596,112,112
msg,2,5,430,5947,686,112,112
msg,2,6,461,5986,565,112,112
msg,2,7,464,5969,561,112,112
msg,2,8,422,39187,591,112,112
msg,2,9,421,6692,591,112,112
msg,2,10,423,5774,593,112,112
msg,2,11,419,5777,599,112,112
msg,2,12,427,19093,567,112,112
msg,2,13,457,5631,593,112,112
msg,2,14,470,5961,566,112,112
msg,2,15,419,6175,597,112,112
msg,2,16,424,6296,567,112,112
msg,2,17,424,16854,564,112,112
msg,2,18,430,6049,596,112,112
msg,2,19,425,6257,565,112,112
msg,2,20,458,5872,567,112,112
msg,2,21,429,6206,597,112,112
msg,2,22,429,22308,567,112,112
msg,2,23,431,6427,579,112,112
msg,2,24,455,6878,566,112,112
msg,2,25,458,7123,592,112,112
msg,2,26,423,20020,596,112,112
msg,2,27,457,10070,563,112,112
msg,2,28,461,6030,567,112,112
msg,2,29,427,6109,599,112,112
msg,2,30,458,6553,596,112,112
msg,2,31,421,20808,595,112,112
msg,2,32,455,5648,597,112,112
msg,2,33,422,5743,596,112,112
msg,2,34,425,5711,601,112,112
msg,2,35,429,8804,680,112,112
msg,2,36,461,17211,566,112,112
msg,2,37,430,7891,593,112,112
msg,2,38,423,6047,594,112,112
msg,2,39,456,7719,597,112,112
msg,2,40,459,5942,581,112,112
msg,2,41,465,18490,590,112,112
msg,2,42,453,5742,588,112,112
msg,2,43,459,5607,596,112,112
msg,2,44,423,6132,568,112,112
msg,2,45,461,8931,565,112,112
msg,2,46,417,17562,567,112,112
msg,2,47,461,5731,562,112,112
msg,2,48,467,6232,585,112,112
msg,2,49,419,5982,598,112,112
msg,2,50,467,9529,592,112,112
msg,2,51,415,18085,589,112,112
msg,2,52,461,6356,594,112,112
msg,2,53,433,5809,596,112,112
msg,2,54,420,6125,564,112,112
msg,2,55,453,7803,561,112,112
msg,2,56,461,16576,586,112,112
msg,2,57,458,7291,592,112,112
msg,2,58,428,6539,567,112,112
msg,2,59,429,9551,652,112,112
msg,2,60,455,6393,592,112,112
msg,2,61,452,17069,565,112,112
msg,2,62,461,5938,565,112,112
msg,2,63,425,5652,563,112,112
msg,2,64,420,6538,560,112,112
msg,2,65,453,7650,592,112,112
msg,2,66,455,17858,570,112,112
msg,2,67,464,5756,565,112,112
msg,2,68,465,6621,591,112,112
msg,2,69,454,11835,565,112,112
msg,2,70,461,22862,568,112,112
msg,2,71,427,6229,590,112,112
msg,2,72,418,5722,592,112,112
msg,2,73,421,6589,601,112,112
msg,2,74,428,7680,584,112,112
msg,2,75,420,16710,567,112,112
msg,2,76,423,6403,566,112,112
msg,2,77,453,6947,567,112,112
msg,2,78,440,9222,593,112,112
msg,2,79,419,7582,592,112,112
msg,2,80,425,16892,589,112,112
msg,2,81,420,6381,563,112,112
msg,2,82,419,5594,564,112,112
msg,2,83,479,6583,592,112,112
msg,2,84,457,12522,592,112,112
msg,2,85,455,13291,565,112,112
msg,2,86,427,7099,599,112,112
msg,2,87,459,6347,597,112,112
msg,2,88,427,5742,589,112,112
msg,2,89,425,6053,597,112,112
msg,2,90,460,19361,565,112,112
msg,2,91,431,9718,567,112,112
msg,2,92,429,6898,593,112,112
msg,2,93,420,9530,562,112,112
msg,2,94,425,18158,592,112,112
msg,2,95,426,5896,596,112,112
msg,2,96,465,6672,591,112,112
msg,2,97,462,6945,571,112,112
msg,2,98,464,5597,591,112,112
msg,2,99,456,21176,589,112,112
msg,2,100,431,5917,590,112,112
msg,2,101,428,5783,592,112,112
msg,2,102,546,5560,592,112,112
msg,2,103,419,8892,598,112,112
msg,2,104,465,15466,597,112,112
msg,2,105,422,7076,591,112,112
msg,2,106,449,9324,591,112,112
msg,2,107,427,6802,591,112,112
msg,2,108,416,5671,566,112,112
msg,2,109,423,19785,593,112,112
msg,2,110,426,6733,565,112,112
msg,2,111,422,5912,597,112,112
msg,2,112,423,5956,594,112,112
msg,2,113,461,21571,593,112,112
msg,2,114,423,7886,592,112,112
msg,2,115,456,6074,566,112,112
msg,2,116,460,20484,592,112,112
msg,2,117,458,17161,565,112,112
msg,2,118,423,10947,590,112,112
msg,2,119,425,6432,566,112,112
msg,2,120,420,24044,593,112,112
msg,2,121,422,9341,565,112,112
msg,2,122,461,7369,588,112,112
msg,2,123,459,5820,592,112,112
msg,2,124,455,5871,591,112,112
msg,2,125,456,21599,592,112,112
msg,2,126,474,8172,567,112,112
msg,2,127,424,6844,567,112,112
msg,2,128,427,6777,595,112,112
msg,2,129,438,9768,597,112,112
msg,2,130,425,10970,591,112,112
msg,2,131,424,6643,594,112,112
msg,2,132,432,6362,565,112,112
msg,2,133,428,5735,566,112,112
msg,2,134,425,5517,589,112,112
msg,2,135,457,7814,699,112,112
msg,2,136,427,16066,593,112,112
msg,2,137,428,6055,594,112,112
msg,2,138,452,5529,597,112,112
msg,2,139,420,5872,599,112,112
msg,2,140,540,11402,589,112,112
msg,2,141,422,10672,586,112,112
msg,2,142,424,6951,594,112,112
msg,2,143,422,6726,590,112,112
msg,2,144,421,5709,590,112,112
msg,2,145,424,5715,590,112,112
msg,2,146,425,22404,563,112,112
msg,2,147,464,6719,564,112,112
msg,2,148,461,6941,564,112,112
msg,2,149,426,7626,562,112,112
msg,2,150,428,20024,597,112,112
msg,2,151,423,7358,563,112,112
msg,2,152,471,6225,596,112,112
msg,2,153,420,5714,591,112,112
msg,2,154,425,6102,589,112,112
msg,2,155,464,6021,565,112,112
msg,2,156,425,19659,566,112,112
msg,2,157,458,7817,569,112,112
msg,2,158,432,6400,589,112,112
msg,2,159,547,15567,591,112,112
msg,2,160,462,11421,591,112,112
msg,2,161,430,5963,597,112,112
msg,2,162,453,5993,567,112,112
msg,2,163,458,5628,591,112,112
msg,2,164,455,5744,593,112,112
msg,2,165,450,8200,568,112,112
msg,2,166,423,16370,567,112,112
msg,2,167,455,10830,569,112,112
msg,2,168,464,8054,595,112,112
msg,2,169,426,20896,596,112,112
msg,2,170,433,7783,588,112,112
msg,2,171,421,5689,588,112,112
msg,2,172,424,5623,595,112,112
msg,2,173,430,5640,564,112,112
msg,2,174,519,5655,561,112,112
msg,2,175,424,17835,565,112,112
msg,2,176,433,5807,588,112,112
msg,2,177,422,6483,567,112,112
msg,2,178,429,6128,595,112,112
msg,2,179,422,13241,565,112,112
msg,2,180,464,11497,596,112,112
msg,2,181,456,6229,565,112,112
msg,2,182,429,7024,592,112,112
msg,2,183,421,8581,732,112,112
msg,2,184,431,8594,590,112,112
msg,2,185,421,18623,563,112,112
msg,2,186,429,5826,567,112,112
msg,2,187,423,5766,567,112,112
msg,2,188,424,5925,592,112,112
msg,2,189,421,21124,594,112,112
msg,2,190,467,10236,596,112,112
msg,2,191,422,9082,597,112,112
msg,2,192,460,5572,597,112,112
msg,2,193,426,6282,566,112,112
msg,2,194,429,18184,593,112,112
msg,2,195,615,7043,565,112,112
msg,2,196,454,8233,593,112,112
msg,2,197,425,6018,587,112,112
msg,2,198,460,10073,569,112,112
msg,2,199,425,11695,568,112,112
whole,2,3104.653,5248.793,200
#heap 138238
#stack 3304
#end
#block pipeline mTLS lorawan11_256 up
#aead AES-256-CTR+2xCMAC (LoRaWAN 1.1 frame, 256-bit keys) (BearSSL (arduino-pico)), uplink, 51 B payload + 13 B overhead
#lib wolfSSL 5.9.4
iter,tcp_ms,tls_ms,mqtt_ms,total_ms,hs_tx_B,hs_rx_B,mqtt_tx_B,mqtt_rx_B,hs_writes,hs_reads,writes,reads,free_heap_B,hs_keygen_us,hs_derive_us,hs_verify_us,hs_sign_us,hs_keygen_n,hs_derive_n,hs_verify_n,hs_sign_n
msg,iter,idx,seal_us,rtt_us,open_us,tx_B,rx_B
whole,iter,first_ms,all_ms,msgs
#suite TLS13-AES256-GCM-SHA384
0,4.8220,2454.9100,103.6350,2563.3670,6058,6124,45,7224,4,14,5,20,159020,66255.0,72281.0,31117.0,2181846.0,2,2,2,1
msg,0,0,1103,6917,1098,112,112
msg,0,1,950,17841,1089,112,112
msg,0,2,946,6347,1089,112,112
msg,0,3,948,5625,1081,112,112
msg,0,4,952,6180,1100,112,112
msg,0,5,945,18355,1078,112,112
msg,0,6,949,7844,1094,112,112
msg,0,7,943,5533,1075,112,112
msg,0,8,945,5495,1100,112,112
msg,0,9,942,5748,1099,112,112
msg,0,10,941,20549,1092,112,112
msg,0,11,919,5710,1089,112,112
msg,0,12,1528,5795,1087,112,112
msg,0,13,947,5564,1086,112,112
msg,0,14,946,9867,1096,112,112
msg,0,15,961,9686,1089,112,112
msg,0,16,1053,5613,1091,112,112
msg,0,17,953,5782,1085,112,112
msg,0,18,945,8349,1095,112,112
msg,0,19,938,5551,1093,112,112
msg,0,20,911,19450,1089,112,112
msg,0,21,948,5942,1097,112,112
msg,0,22,937,6396,1091,112,112
msg,0,23,950,9155,1092,112,112
msg,0,24,911,16063,1098,112,112
msg,0,25,949,5822,1079,112,112
msg,0,26,940,5560,1090,112,112
msg,0,27,937,7527,1089,112,112
msg,0,28,910,6386,1090,112,112
msg,0,29,951,18966,1087,112,112
msg,0,30,946,5709,1098,112,112
msg,0,31,948,5540,1096,112,112
msg,0,32,940,5610,1088,112,112
msg,0,33,946,17158,1176,112,112
msg,0,34,941,5819,1660,112,112
msg,0,35,984,5911,1100,112,112
msg,0,36,919,7182,1081,112,112
msg,0,37,951,8889,1084,112,112
msg,0,38,946,19386,1178,112,112
msg,0,39,940,15026,1090,112,112
msg,0,40,953,14007,1093,112,112
msg,0,41,947,11928,1093,112,112
msg,0,42,937,5773,1093,112,112
msg,0,43,945,5550,1092,112,112
msg,0,44,906,5626,1099,112,112
msg,0,45,947,5563,1220,112,112
msg,0,46,944,19785,1097,112,112
msg,0,47,941,5584,1089,112,112
msg,0,48,943,5909,1095,112,112
msg,0,49,943,8519,1091,112,112
msg,0,50,948,18112,1098,112,112
msg,0,51,936,5910,1106,112,112
msg,0,52,950,7448,1096,112,112
msg,0,53,913,7187,1081,112,112
msg,0,54,942,8191,1099,112,112
msg,0,55,946,16193,1086,112,112
msg,0,56,939,9775,1085,112,112
msg,0,57,1034,6430,1105,112,112
msg,0,58,939,9663,1094,112,112
msg,0,59,959,12515,1097,112,112
msg,0,60,942,5559,1095,112,112
msg,0,61,942,5906,1098,112,112
msg,0,62,946,5494,1099,112,112
msg,0,63,949,5660,1099,112,112
msg,0,64,946,19463,1088,112,112
msg,0,65,939,5677,1086,112,112
msg,0,66,944,5777,1089,112,112
msg,0,67,941,9770,1086,112,112
msg,0,68,950,16649,1090,112,112
msg,0,69,962,5825,1091,112,112
msg,0,70,944,5507,1080,112,112
msg,0,71,945,7165,1225,112,112
msg,0,72,945,5482,1083,112,112
msg,0,73,942,19589,1085,112,112
msg,0,74,944,5952,1095,112,112
msg,0,75,943,5672,1093,112,112
msg,0,76,946,8184,1094,112,112
msg,0,77,944,18078,1091,112,112
msg,0,78,949,5880,1090,112,112
msg,0,79,949,5536,1088,112,112
msg,0,80,943,7184,1099,112,112
msg,0,81,947,5771,1094,112,112
msg,0,82,916,19655,1094,112,112
msg,0,83,945,6205,1071,112,112
msg,0,84,936,5885,1084,112,112
msg,0,85,1046,9451,1102,112,112
msg,0,86,941,15084,1096,112,112
msg,0,87,944,8106,1094,112,112
msg,0,88,904,6635,1100,112,112
msg,0,89,953,7631,1098,112,112
msg,0,90,953,21891,1095,112,112
msg,0,91,914,5819,1099,112,112
msg,0,92,950,6096,1087,112,112
msg,0,93,944,5758,1091,112,112
msg,0,94,943,19704,1090,112,112
msg,0,95,943,7964,1093,112,112
msg,0,96,947,5882,1095,112,112
msg,0,97,940,7757,1095,112,112
msg,0,98,939,5493,1090,112,112
msg,0,99,947,17100,1090,112,112
msg,0,100,936,6171,1091,112,112
msg,0,101,941,6184,1089,112,112
msg,0,102,929,5512,1092,112,112
msg,0,103,958,19143,1087,112,112
msg,0,104,950,7579,1097,112,112
msg,0,105,942,6299,1092,112,112
msg,0,106,1042,6880,1094,112,112
msg,0,107,911,5522,1086,112,112
msg,0,108,951,18148,1095,112,112
msg,0,109,944,5808,1105,112,112
msg,0,110,953,5532,1100,112,112
msg,0,111,948,5620,1178,112,112
msg,0,112,938,5541,1089,112,112
msg,0,113,944,17159,1102,112,112
msg,0,114,945,10918,1084,112,112
msg,0,115,948,8681,1085,112,112
msg,0,116,949,5515,1103,112,112
msg,0,117,946,19443,1094,112,112
msg,0,118,940,5740,1099,112,112
msg,0,119,947,5552,1092,112,112
msg,0,120,945,5793,1097,112,112
msg,0,121,917,20606,1099,112,112
msg,0,122,1021,6189,1082,112,112
msg,0,123,947,5674,1080,112,112
msg,0,124,948,5510,1096,112,112
msg,0,125,938,6182,1086,112,112
msg,0,126,947,17628,1084,112,112
msg,0,127,947,5539,1101,112,112
msg,0,128,1028,5905,1088,112,112
msg,0,129,949,12016,1093,112,112
msg,0,130,943,18312,1085,112,112
msg,0,131,937,5828,1206,112,112
msg,0,132,952,5979,1094,112,112
msg,0,133,948,5733,1093,112,112
msg,0,134,939,6589,1088,112,112
msg,0,135,941,15769,1089,112,112
msg,0,136,943,5908,1094,112,112
msg,0,137,943,6358,1173,112,112
msg,0,138,946,5604,1086,112,112
msg,0,139,945,41336,1087,112,112
msg,0,140,943,6330,1097,112,112
msg,0,141,951,22759,1092,112,112
msg,0,142,951,5536,1092,112,112
msg,0,143,947,5762,1092,112,112
msg,0,144,950,5735,1093,112,112
msg,0,145,947,20441,1082,112,112
msg,0,146,945,7989,1091,112,112
msg,0,147,947,6720,1085,112,112
msg,0,148,945,8840,1093,112,112
msg,0,149,949,5547,1088,112,112
msg,0,150,947,18619,1075,112,112
msg,0,151,951,7970,1091,112,112
msg,0,152,943,8212,1096,112,112
msg,0,153,943,19356,1090,112,112
msg,0,154,944,8576,1088,112,112
msg,0,155,946,5653,1089,112,112
msg,0,156,947,7943,1089,112,112
msg,0,157,940,5715,1094,112,112
msg,0,158,949,17081,1096,112,112
msg,0,159,908,5510,1094,112,112
msg,0,160,946,6003,1094,112,112
msg,0,161,939,6369,1099,112,112
msg,0,162,952,19807,1099,112,112
msg,0,163,945,6612,1089,112,112
msg,0,164,944,6929,1087,112,112
msg,0,165,945,6016,1096,112,112
msg,0,166,950,7747,1102,112,112
msg,0,167,948,17099,1093,112,112
msg,0,168,944,5647,1083,112,112
msg,0,169,943,5906,1101,112,112
msg,0,170,958,6009,1097,112,112
msg,0,171,941,19247,1205,112,112
msg,0,172,948,7595,1096,112,112
msg,0,173,948,6024,1092,112,112
msg,0,174,942,8628,1095,112,112
msg,0,175,957,24130,1090,112,112
msg,0,176,944,5539,1097,112,112
msg,0,177,913,5863,1093,112,112
msg,0,178,937,5860,1110,112,112
msg,0,179,944,10275,1095,112,112
msg,0,180,939,10819,1103,112,112
msg,0,181,939,10505,1090,112,112
msg,0,182,1532,5897,1090,112,112
msg,0,183,955,5513,1075,112,112
msg,0,184,941,20993,1088,112,112
msg,0,185,1028,5598,1088,112,112
msg,0,186,949,5719,1083,112,112
msg,0,187,949,5788,1088,112,112
msg,0,188,945,10166,1100,112,112
msg,0,189,910,9646,1094,112,112
msg,0,190,945,5913,1097,112,112
msg,0,191,936,5660,1095,112,112
msg,0,192,906,5539,1098,112,112
msg,0,193,949,5573,1099,112,112
msg,0,194,948,19526,1085,112,112
msg,0,195,1033,6120,1097,112,112
msg,0,196,943,5998,1085,112,112
msg,0,197,942,5595,1098,112,112
msg,0,198,940,19011,1081,112,112
msg,0,199,944,7928,1092,112,112
whole,0,2579.937,4909.212,200
1,4.7360,2456.3200,54.7910,2515.8470,6055,6125,45,7224,4,14,5,20,159020,66310.0,71917.0,31258.0,2182107.0,2,2,2,1
msg,1,0,1100,17978,1654,112,112
msg,1,1,954,5848,1083,112,112
msg,1,2,944,5837,1094,112,112
msg,1,3,952,7727,1090,112,112
msg,1,4,944,6268,1096,112,112
msg,1,5,912,19436,1095,112,112
msg,1,6,949,6700,1092,112,112
msg,1,7,946,5572,1088,112,112
msg,1,8,950,22736,1085,112,112
msg,1,9,1022,6057,1086,112,112
msg,1,10,933,5703,1093,112,112
msg,1,11,939,10367,1085,112,112
msg,1,12,948,7150,1095,112,112
msg,1,13,934,21352,1085,112,112
msg,1,14,947,8722,1092,112,112
msg,1,15,949,8095,1093,112,112
msg,1,16,943,21938,1102,112,112
msg,1,17,947,6000,1083,112,112
msg,1,18,950,6539,1091,112,112
msg,1,19,946,9004,1085,112,112
msg,1,20,945,20203,1092,112,112
msg,1,21,933,6002,1091,112,112
msg,1,22,939,6001,1083,112,112
msg,1,23,956,8684,1085,112,112
msg,1,24,945,20835,1088,112,112
msg,1,25,1030,6085,1092,112,112
msg,1,26,918,8966,1085,112,112
msg,1,27,1030,6555,1093,112,112
msg,1,28,939,20756,1095,112,112
msg,1,29,940,6915,1084,112,112
msg,1,30,1033,6704,1075,112,112
msg,1,31,946,10120,1176,112,112
msg,1,32,939,17502,1178,112,112
msg,1,33,943,10346,1074,112,112
msg,1,34,943,6174,1088,112,112
msg,1,35,942,5594,1090,112,112
msg,1,36,957,20542,1080,112,112
msg,1,37,952,6791,1085,112,112
msg,1,38,943,5646,1088,112,112
msg,1,39,949,5512,1091,112,112
msg,1,40,939,18720,1096,112,112
msg,1,41,940,8812,1183,112,112
msg,1,42,939,5955,1089,112,112
msg,1,43,949,9255,1097,112,112
msg,1,44,943,5542,1096,112,112
msg,1,45,951,30386,1169,112,112
msg,1,46,946,5597,1094,112,112
msg,1,47,944,11405,1089,112,112
msg,1,48,946,9712,1094,112,112
msg,1,49,941,5784,1107,112,112
msg,1,50,939,8357,1093,112,112
msg,1,51,944,6978,1097,112,112
msg,1,52,944,5788,1105,112,112
msg,1,53,1047,18013,1096,112,112
msg,1,54,946,6596,1090,112,112
msg,1,55,950,6417,1099,112,112
msg,1,56,949,8020,1089,112,112
msg,1,57,946,16599,1079,112,112
msg,1,58,943,5652,1075,112,112
msg,1,59,943,7540,1092,112,112
msg,1,60,942,5856,1102,112,112
msg,1,61,944,6089,1090,112,112
msg,1,62,942,18479,1084,112,112
msg,1,63,940,5944,1087,112,112
msg,1,64,939,5926,1097,112,112
msg,1,65,948,8854,1091,112,112
msg,1,66,905,16295,1083,112,112
msg,1,67,963,5814,1087,112,112
msg,1,68,939,6519,1077,112,112
msg,1,69,943,7771,1077,112,112
msg,1,70,946,9300,1099,112,112
msg,1,71,911,17789,1097,112,112
msg,1,72,934,6387,1091,112,112
msg,1,73,948,6357,1078,112,112
msg,1,74,941,11936,1082,112,112
msg,1,75,947,11011,1099,112,112
msg,1,76,948,5646,1232,112,112
msg,1,77,953,5504,1094,112,112
msg,1,78,961,7513,1082,112,112
msg,1,79,953,7163,1095,112,112
msg,1,80,947,15151,1102,112,112
msg,1,81,947,5519,1098,112,112
msg,1,82,954,6105,1167,112,112
msg,1,83,942,5837,1639,112,112
msg,1,84,986,18330,1180,112,112
msg,1,85,943,8796,1101,112,112
msg,1,86,916,6733,1099,112,112
msg,1,87,911,6813,1090,112,112
msg,1,88,1027,7439,1094,112,112
msg,1,89,1127,15073,1084,112,112
msg,1,90,943,5587,1103,112,112
msg,1,91,938,5963,1091,112,112
msg,1,92,938,5701,1083,112,112
msg,1,93,947,19224,1096,112,112
msg,1,94,937,8882,1098,112,112
msg,1,95,946,5636,1098,112,112
msg,1,96,910,8193,1096,112,112
msg,1,97,953,8436,1093,112,112
msg,1,98,950,16985,1085,112,112
msg,1,99,947,5750,1167,112,112
msg,1,100,947,5602,1083,112,112
msg,1,101,947,8070,1091,112,112
msg,1,102,1034,18012,1100,112,112
msg,1,103,1094,5800,1083,112,112
msg,1,104,947,5497,1096,112,112
msg,1,105,940,6790,1094,112,112
msg,1,106,951,5722,1095,112,112
msg,1,107,945,18339,1101,112,112
msg,1,108,945,8050,1090,112,112
msg,1,109,947,6299,1088,112,112
msg,1,110,950,7818,1092,112,112
msg,1,111,942,16752,1090,112,112
msg,1,112,952,6583,1096,112,112
msg,1,113,945,6047,1096,112,112
msg,1,114,949,7840,1100,112,112
msg,1,115,947,23454,1092,112,112
msg,1,116,941,7683,1099,112,112
msg,1,117,949,6121,1100,112,112
msg,1,118,941,5465,1184,112,112
msg,1,119,951,17402,1221,112,112
msg,1,120,943,8215,1081,112,112
msg,1,121,944,5426,1097,112,112
msg,1,122,1036,8043,1089,112,112
msg,1,123,952,5951,1090,112,112
msg,1,124,956,20188,1186,112,112
msg,1,125,953,6799,1631,112,112
msg,1,126,971,6105,1102,112,112
msg,1,127,947,7014,1088,112,112
msg,1,128,939,16084,1094,112,112
msg,1,129,942,6408,1091,112,112
msg,1,130,951,6920,1096,112,112
msg,1,131,950,7305,1081,112,112
msg,1,132,938,8480,1094,112,112
msg,1,133,945,15883,1105,112,112
msg,1,134,953,5509,1187,112,112
msg,1,135,948,5735,1091,112,112
msg,1,136,944,5590,1093,112,112
msg,1,137,946,16445,1098,112,112
msg,1,138,937,8453,1083,112,112
msg,1,139,960,6662,1080,112,112
msg,1,140,948,8001,1092,112,112
msg,1,141,945,6780,1094,112,112
msg,1,142,948,18438,1081,112,112
msg,1,143,947,8096,1101,112,112
msg,1,144,946,6058,1094,112,112
msg,1,145,944,7162,1089,112,112
msg,1,146,943,15829,1098,112,112
msg,1,147,946,11031,1095,112,112
msg,1,148,912,8141,1083,112,112
msg,1,149,943,7638,1106,112,112
msg,1,150,939,21120,1094,112,112
msg,1,151,945,6619,1089,112,112
msg,1,152,947,6488,1083,112,112
msg,1,153,948,6380,1100,112,112
msg,1,154,912,15329,1088,112,112
msg,1,155,953,6441,1092,112,112
msg,1,156,940,6181,1089,112,112
msg,1,157,947,7259,1105,112,112
msg,1,158,1034,5561,1094,112,112
msg,1,159,956,20193,1084,112,112
msg,1,160,942,5935,1095,112,112
msg,1,161,946,5768,1092,112,112
msg,1,162,940,8516,1092,112,112
msg,1,163,946,16097,1104,112,112
msg,1,164,944,6174,1088,112,112
msg,1,165,951,6228,1091,112,112
msg,1,166,910,7344,1090,112,112
msg,1,167,940,5879,1094,112,112
msg,1,168,946,19486,1100,112,112
msg,1,169,947,6708,1090,112,112
msg,1,170,945,8271,1094,112,112
msg,1,171,945,6817,1248,112,112
msg,1,172,939,14899,1089,112,112
msg,1,173,935,6702,1082,112,112
msg,1,174,947,5656,1081,112,112
msg,1,175,951,6801,1079,112,112
msg,1,176,955,5952,1101,112,112
msg,1,177,953,22531,1079,112,112
msg,1,178,947,5997,1090,112,112
msg,1,179,943,6589,1091,112,112
msg,1,180,945,20544,1078,112,112
msg,1,181,944,7941,1087,112,112
msg,1,182,956,5562,1083,112,112
msg,1,183,947,5631,1106,112,112
msg,1,184,945,5611,1091,112,112
msg,1,185,948,20143,1090,112,112
msg,1,186,944,6054,1098,112,112
msg,1,187,935,6705,1093,112,112
msg,1,188,947,7482,1232,112,112
msg,1,189,951,20363,1079,112,112
msg,1,190,939,6825,1084,112,112
msg,1,191,944,5852,1095,112,112
msg,1,192,944,5852,1088,112,112
msg,1,193,946,7396,1087,112,112
msg,1,194,1031,19927,1092,112,112
msg,1,195,944,5974,1097,112,112
msg,1,196,942,5727,1095,112,112
msg,1,197,936,7310,1089,112,112
msg,1,198,941,15785,1093,112,112
msg,1,199,947,5907,1098,112,112
whole,1,2546.435,4909.305,200
2,5.7850,2454.6060,100.9890,2561.3800,6058,6120,45,7224,4,14,5,20,159020,66268.0,71964.0,31662.0,2181359.0,2,2,2,1
msg,2,0,1095,8425,1092,112,112
msg,2,1,942,16915,1092,112,112
msg,2,2,940,6152,1094,112,112
msg,2,3,947,5590,1081,112,112
msg,2,4,948,8018,1090,112,112
msg,2,5,943,17340,1112,112,112
msg,2,6,942,7137,1091,112,112
msg,2,7,947,5801,1087,112,112
msg,2,8,945,6177,1107,112,112
msg,2,9,937,5588,1093,112,112
msg,2,10,935,21734,1095,112,112
msg,2,11,941,5558,1091,112,112
msg,2,12,918,7973,1091,112,112
msg,2,13,949,6075,1083,112,112
msg,2,14,948,16259,1173,112,112
msg,2,15,947,6043,1088,112,112
msg,2,16,1097,5540,1078,112,112
msg,2,17,950,6962,1096,112,112
msg,2,18,938,5597,1092,112,112
msg,2,19,943,16664,1087,112,112
msg,2,20,943,5570,1104,112,112
msg,2,21,944,6086,1095,112,112
msg,2,22,1041,5535,1089,112,112
msg,2,23,950,10045,1093,112,112
msg,2,24,1034,11829,1097,112,112
msg,2,25,939,6016,1086,112,112
msg,2,26,950,6030,1100,112,112
msg,2,27,948,5707,1098,112,112
msg,2,28,951,6149,1098,112,112
msg,2,29,943,18809,1101,112,112
msg,2,30,947,5673,1094,112,112
msg,2,31,940,6175,1087,112,112
msg,2,32,945,8516,1091,112,112
msg,2,33,945,17009,1097,112,112
msg,2,34,941,6066,1088,112,112
msg,2,35,916,6038,1101,112,112
msg,2,36,941,8258,1089,112,112
msg,2,37,948,8850,1095,112,112
msg,2,38,948,15186,1078,112,112
msg,2,39,940,5758,1086,112,112
msg,2,40,941,10100,1090,112,112
msg,2,41,946,5570,1090,112,112
msg,2,42,1040,16435,1086,112,112
msg,2,43,938,5964,1090,112,112
msg,2,44,947,5552,1087,112,112
msg,2,45,941,6883,1090,112,112
msg,2,46,949,5517,1084,112,112
msg,2,47,950,17086,1093,112,112
msg,2,48,955,7838,1177,112,112
msg,2,49,945,5859,1094,112,112
msg,2,50,949,9816,1101,112,112
msg,2,51,942,13051,1089,112,112
msg,2,52,948,5838,1098,112,112
msg,2,53,948,7596,1082,112,112
msg,2,54,945,6045,1093,112,112
msg,2,55,948,7291,1084,112,112
msg,2,56,947,30369,1093,112,112
msg,2,57,916,6615,1090,112,112
msg,2,58,951,22731,1089,112,112
msg,2,59,945,8254,1079,112,112
msg,2,60,946,6395,1098,112,112
msg,2,61,911,8711,1089,112,112
msg,2,62,910,5881,1097,112,112
msg,2,63,949,18692,1094,112,112
msg,2,64,943,7198,1089,112,112
msg,2,65,946,6414,1104,112,112
msg,2,66,948,7234,1093,112,112
msg,2,67,945,20288,1079,112,112
msg,2,68,948,6685,1099,112,112
msg,2,69,951,8498,1094,112,112
msg,2,70,931,5955,1099,112,112
msg,2,71,947,18504,1101,112,112
msg,2,72,945,6646,1095,112,112
msg,2,73,915,5599,1095,112,112
msg,2,74,941,5884,1100,112,112
msg,2,75,906,19399,1093,112,112
msg,2,76,947,8441,1084,112,112
msg,2,77,942,5733,1079,112,112
msg,2,78,940,7841,1087,112,112
msg,2,79,948,5605,1159,112,112
msg,2,80,942,16748,1175,112,112
msg,2,81,955,5551,1078,112,112
msg,2,82,942,5501,1093,112,112
msg,2,83,936,5527,1094,112,112
msg,2,84,942,10669,1092,112,112
msg,2,85,941,9673,1096,112,112
msg,2,86,947,6248,1101,112,112
msg,2,87,941,9005,1087,112,112
msg,2,88,944,5788,1087,112,112
msg,2,89,941,5781,1094,112,112
msg,2,90,947,18240,1094,112,112
msg,2,91,946,7114,1096,112,112
msg,2,92,953,5608,1084,112,112
msg,2,93,951,8473,1094,112,112
msg,2,94,940,16660,1101,112,112
msg,2,95,944,6338,1175,112,112
msg,2,96,942,6087,1089,112,112
msg,2,97,1121,6057,1094,112,112
msg,2,98,961,5591,1089,112,112
msg,2,99,943,17941,1088,112,112
msg,2,100,948,5544,1094,112,112
msg,2,101,940,5659,1093,112,112
msg,2,102,945,5643,1088,112,112
msg,2,103,1042,9396,1092,112,112
msg,2,104,944,9826,1104,112,112
msg,2,105,941,5973,1090,112,112
msg,2,106,949,6893,1091,112,112
msg,2,107,946,6619,1177,112,112
msg,2,108,945,5591,1088,112,112
msg,2,109,944,22767,1089,112,112
msg,2,110,946,5567,1171,112,112
msg,2,111,945,5612,1080,112,112
msg,2,112,941,6425,1093,112,112
msg,2,113,905,15554,1097,112,112
msg,2,114,947,6450,1087,112,112
msg,2,115,942,5768,1094,112,112
msg,2,116,947,7833,1090,112,112
msg,2,117,952,6224,1090,112,112
msg,2,118,946,16319,1097,112,112
msg,2,119,943,5660,1097,112,112
msg,2,120,944,5755,1098,112,112
msg,2,121,940,7595,1091,112,112
msg,2,122,942,18423,1110,112,112
msg,2,123,937,5530,1091,112,112
msg,2,124,943,7886,1098,112,112
msg,2,125,945,10144,1092,112,112
msg,2,126,949,5547,1088,112,112
msg,2,127,946,15115,1099,112,112
msg,2,128,940,10444,1093,112,112
msg,2,129,949,6648,1093,112,112
msg,2,130,948,6731,1090,112,112
msg,2,131,949,16350,1089,112,112
msg,2,132,941,5657,1093,112,112
msg,2,133,939,6603,1098,112,112
msg,2,134,913,5746,1095,112,112
msg,2,135,908,6197,1086,112,112
msg,2,136,945,17171,1097,112,112
msg,2,137,942,5536,1093,112,112
msg,2,138,948,6797,1175,112,112
msg,2,139,936,5612,1088,112,112
msg,2,140,1102,18795,1171,112,112
msg,2,141,917,8814,1087,112,112
msg,2,142,943,6618,1097,112,112
msg,2,143,927,7052,1102,112,112
msg,2,144,944,6249,1097,112,112
msg,2,145,953,29390,1170,112,112
msg,2,146,949,6680,1085,112,112
msg,2,147,1085,11670,1088,112,112
msg,2,148,950,9309,1099,112,112
msg,2,149,950,6861,1082,112,112
msg,2,150,945,7734,1077,112,112
msg,2,151,945,5611,1095,112,112
msg,2,152,938,5432,1096,112,112
msg,2,153,1038,30005,1108,112,112
msg,2,154,940,11054,1094,112,112
msg,2,155,950,17359,1103,112,112
msg,2,156,943,7888,1082,112,112
msg,2,157,952,5675,1084,112,112
msg,2,158,939,6135,1094,112,112
msg,2,159,948,5896,1095,112,112
msg,2,160,948,19080,1085,112,112
msg,2,161,955,5619,1100,112,112
msg,2,162,942,5548,1092,112,112
msg,2,163,940,5830,1105,112,112
msg,2,164,950,19350,1090,112,112
msg,2,165,947,5955,1091,112,112
msg,2,166,941,6435,1091,112,112
msg,2,167,945,5512,1086,112,112
msg,2,168,944,5509,1080,112,112
msg,2,169,1047,21660,1081,112,112
msg,2,170,943,5486,1095,112,112
msg,2,171,944,6139,1223,112,112
msg,2,172,957,5567,1087,112,112
msg,2,173,948,20156,1092,112,112
msg,2,174,941,7322,1185,112,112
msg,2,175,946,6486,1080,112,112
msg,2,176,945,5651,1106,112,112
msg,2,177,944,6519,1092,112,112
msg,2,178,940,18178,1090,112,112
msg,2,179,951,5681,1088,112,112
msg,2,180,941,5760,1088,112,112
msg,2,181,949,6015,1092,112,112
msg,2,182,958,19792,1093,112,112
msg,2,183,939,5878,1098,112,112
msg,2,184,914,6770,1094,112,112
msg,2,185,1030,5515,1100,112,112
msg,2,186,942,5494,1083,112,112
msg,2,187,952,20824,1093,112,112
msg,2,188,952,5750,1093,112,112
msg,2,189,954,5860,1096,112,112
msg,2,190,948,5796,1098,112,112
msg,2,191,916,19828,1097,112,112
msg,2,192,938,7284,1091,112,112
msg,2,193,946,6127,1094,112,112
msg,2,194,943,8285,1098,112,112
msg,2,195,948,5615,1087,112,112
msg,2,196,945,17107,1090,112,112
msg,2,197,940,5570,1096,112,112
msg,2,198,1100,5749,1092,112,112
msg,2,199,940,7238,1078,112,112
whole,2,2581.762,4876.598,200
#heap 138238
#stack 3344
#end
#block pipeline mTLS lorawan11_256 down
#aead AES-256-CTR+2xCMAC (LoRaWAN 1.1 frame, 256-bit keys) (BearSSL (arduino-pico)), downlink, 51 B payload + 13 B overhead
#lib wolfSSL 5.9.4
iter,tcp_ms,tls_ms,mqtt_ms,total_ms,hs_tx_B,hs_rx_B,mqtt_tx_B,mqtt_rx_B,hs_writes,hs_reads,writes,reads,free_heap_B,hs_keygen_us,hs_derive_us,hs_verify_us,hs_sign_us,hs_keygen_n,hs_derive_n,hs_verify_n,hs_sign_n
msg,iter,idx,seal_us,rtt_us,open_us,tx_B,rx_B
whole,iter,first_ms,all_ms,msgs
#suite TLS13-AES256-GCM-SHA384
0,18.4160,2454.3540,123.8280,2596.5980,6060,6123,45,7224,4,14,5,20,159020,66254.0,72738.0,31430.0,2179232.0,2,2,2,1
msg,0,0,738,8743,699,112,112
msg,0,1,557,19009,725,112,112
msg,0,2,595,5793,1269,112,112
msg,0,3,597,8022,699,112,112
msg,0,4,562,23636,700,112,112
msg,0,5,556,6212,728,112,112
msg,0,6,584,7399,723,112,112
msg,0,7,597,5747,699,112,112
msg,0,8,557,5999,727,112,112
msg,0,9,600,6007,700,112,112
msg,0,10,563,20224,727,112,112
msg,0,11,587,9195,729,112,112
msg,0,12,588,7158,724,112,112
msg,0,13,593,20608,730,112,112
msg,0,14,585,5677,725,112,112
msg,0,15,587,6251,731,112,112
msg,0,16,593,5542,729,112,112
msg,0,17,602,6849,790,112,112
msg,0,18,561,5763,728,112,112
msg,0,19,588,16974,702,112,112
msg,0,20,590,8145,730,112,112
msg,0,21,584,5936,698,112,112
msg,0,22,564,5656,724,112,112
msg,0,23,567,19478,724,112,112
msg,0,24,558,10280,703,112,112
msg,0,25,564,6361,702,112,112
msg,0,26,595,7656,700,112,112
msg,0,27,658,6293,697,112,112
msg,0,28,568,18085,733,112,112
msg,0,29,588,5611,725,112,112
msg,0,30,601,5551,727,112,112
msg,0,31,587,5762,699,112,112
msg,0,32,558,8365,701,112,112
msg,0,33,570,15180,700,112,112
msg,0,34,595,6255,728,112,112
msg,0,35,592,6553,726,112,112
msg,0,36,601,5509,727,112,112
msg,0,37,685,5466,703,112,112
msg,0,38,560,8017,731,112,112
msg,0,39,592,12924,700,112,112
msg,0,40,563,5723,720,112,112
msg,0,41,560,6429,700,112,112
msg,0,42,561,6253,703,112,112
msg,0,43,560,5951,726,112,112
msg,0,44,593,26521,728,112,112
msg,0,45,595,5750,725,112,112
msg,0,46,593,7942,725,112,112
msg,0,47,562,5924,725,112,112
msg,0,48,593,17882,705,112,112
msg,0,49,564,5936,727,112,112
msg,0,50,587,8834,700,112,112
msg,0,51,660,7098,733,112,112
msg,0,52,600,17803,728,112,112
msg,0,53,654,11706,733,112,112
msg,0,54,589,5438,726,112,112
msg,0,55,597,7218,725,112,112
msg,0,56,556,7571,730,112,112
msg,0,57,596,19083,698,112,112
msg,0,58,563,8093,729,112,112
msg,0,59,592,5840,697,112,112
msg,0,60,557,6575,703,112,112
msg,0,61,562,19766,727,112,112
msg,0,62,589,6297,729,112,112
msg,0,63,554,7000,725,112,112
msg,0,64,603,8255,728,112,112
msg,0,65,595,5950,699,112,112
msg,0,66,560,17526,699,112,112
msg,0,67,561,5964,729,112,112
msg,0,68,587,5901,703,112,112
msg,0,69,559,6482,703,112,112
msg,0,70,557,6864,723,112,112
msg,0,71,598,16706,729,112,112
msg,0,72,593,8545,730,112,112
msg,0,73,589,10257,728,112,112
msg,0,74,587,5845,703,112,112
msg,0,75,558,21697,724,112,112
msg,0,76,561,6529,722,112,112
msg,0,77,560,6312,702,112,112
msg,0,78,553,10256,724,112,112
msg,0,79,593,19639,699,112,112
msg,0,80,566,8038,730,112,112
msg,0,81,600,7102,724,112,112
msg,0,82,568,6831,733,112,112
msg,0,83,586,5763,698,112,112
msg,0,84,591,20395,729,112,112
msg,0,85,595,6261,733,112,112
msg,0,86,593,6818,699,112,112
msg,0,87,558,5752,726,112,112
msg,0,88,570,19024,725,112,112
msg,0,89,587,8368,725,112,112
msg,0,90,589,7117,727,112,112
msg,0,91,584,8393,727,112,112
msg,0,92,562,5558,729,112,112
msg,0,93,589,18452,732,112,112
msg,0,94,591,5822,725,112,112
msg,0,95,595,5544,698,112,112
msg,0,96,746,5634,723,112,112
msg,0,97,560,22759,726,112,112
msg,0,98,599,6568,730,112,112
msg,0,99,596,16045,722,112,112
msg,0,100,562,6186,701,112,112
msg,0,101,578,21184,728,112,112
msg,0,102,598,21229,728,112,112
msg,0,103,597,22678,724,112,112
msg,0,104,591,9373,731,112,112
msg,0,105,593,6927,702,112,112
msg,0,106,565,6436,699,112,112
msg,0,107,555,6025,728,112,112
msg,0,108,602,18642,727,112,112
msg,0,109,589,6304,729,112,112
msg,0,110,592,5844,702,112,112
msg,0,111,557,10054,725,112,112
msg,0,112,595,24541,730,112,112
msg,0,113,587,10765,699,112,112
msg,0,114,560,10383,726,112,112
msg,0,115,589,5783,724,112,112
msg,0,116,559,19207,702,112,112
msg,0,117,561,5869,728,112,112
msg,0,118,557,8411,723,112,112
msg,0,119,565,8204,704,112,112
msg,0,120,564,18106,731,112,112
msg,0,121,596,11471,724,112,112
msg,0,122,587,5679,730,112,112
msg,0,123,590,5852,721,112,112
msg,0,124,562,5978,731,112,112
msg,0,125,590,18957,722,112,112
msg,0,126,557,6600,729,112,112
msg,0,127,592,5586,726,112,112
msg,0,128,590,5518,819,112,112
msg,0,129,593,19780,702,112,112
msg,0,130,565,8300,723,112,112
msg,0,131,595,5744,702,112,112
msg,0,132,559,5922,731,112,112
msg,0,133,591,5555,730,112,112
msg,0,134,593,7460,733,112,112
msg,0,135,593,15491,724,112,112
msg,0,136,737,5513,702,112,112
msg,0,137,556,5583,699,112,112
msg,0,138,557,5783,729,112,112
msg,0,139,584,5930,725,112,112
msg,0,140,610,16455,727,112,112
msg,0,141,588,6601,698,112,112
msg,0,142,553,6443,699,112,112
msg,0,143,554,10228,730,112,112
msg,0,144,609,8609,728,112,112
msg,0,145,592,16233,729,112,112
msg,0,146,597,10056,723,112,112
msg,0,147,555,6398,696,112,112
msg,0,148,559,6031,727,112,112
msg,0,149,592,17963,721,112,112
msg,0,150,557,6439,701,112,112
msg,0,151,557,6160,724,112,112
msg,0,152,599,5604,700,112,112
msg,0,153,561,5521,697,112,112
msg,0,154,560,20945,724,112,112
msg,0,155,596,6583,732,112,112
msg,0,156,593,5481,730,112,112
msg,0,157,596,5503,729,112,112
msg,0,158,589,12851,702,112,112
msg,0,159,561,11502,704,112,112
msg,0,160,561,8075,810,112,112
msg,0,161,602,6453,723,112,112
msg,0,162,597,6242,728,112,112
msg,0,163,588,8100,728,112,112
msg,0,164,560,19105,703,112,112
msg,0,165,559,7423,724,112,112
msg,0,166,595,6142,730,112,112
msg,0,167,603,6694,729,112,112
msg,0,168,596,15989,724,112,112
msg,0,169,589,5647,729,112,112
msg,0,170,599,5476,727,112,112
msg,0,171,594,5901,701,112,112
msg,0,172,569,6323,701,112,112
msg,0,173,685,6465,703,112,112
msg,0,174,562,17319,721,112,112
msg,0,175,598,6150,722,112,112
msg,0,176,596,5524,731,112,112
msg,0,177,592,5475,727,112,112
msg,0,178,594,7777,701,112,112
msg,0,179,559,12880,726,112,112
msg,0,180,590,6020,704,112,112
msg,0,181,571,6258,726,112,112
msg,0,182,592,6013,729,112,112
msg,0,183,591,5735,733,112,112
msg,0,184,588,6569,823,112,112
msg,0,185,587,19913,727,112,112
msg,0,186,561,6781,728,112,112
msg,0,187,587,5594,726,112,112
msg,0,188,591,5588,700,112,112
msg,0,189,566,18628,700,112,112
msg,0,190,561,8715,727,112,112
msg,0,191,556,7726,726,112,112
msg,0,192,591,9221,725,112,112
msg,0,193,568,9573,725,112,112
msg,0,194,585,16242,722,112,112
msg,0,195,564,6784,729,112,112
msg,0,196,587,5881,699,112,112
msg,0,197,558,6061,727,112,112
msg,0,198,588,8455,732,112,112
msg,0,199,592,11514,729,112,112
whole,0,2615.137,4833.033,200
1,17.4870,2447.1510,104.0840,2568.7220,6061,6132,45,7224,4,14,5,20,159020,66268.0,71429.0,31274.0,2177942.0,2,2,2,1
msg,1,0,742,5660,701,112,112
msg,1,1,568,17584,720,112,112
msg,1,2,557,5876,731,112,112
msg,1,3,602,6445,722,112,112
msg,1,4,594,5631,700,112,112
msg,1,5,556,6888,722,112,112
msg,1,6,596,16005,702,112,112
msg,1,7,563,5965,731,112,112
msg,1,8,607,6721,731,112,112
msg,1,9,587,8531,726,112,112
msg,1,10,589,5731,702,112,112
msg,1,11,563,18809,727,112,112
msg,1,12,585,5745,728,112,112
msg,1,13,593,5610,732,112,112
msg,1,14,591,7119,730,112,112
msg,1,15,750,6535,722,112,112
msg,1,16,594,16057,725,112,112
msg,1,17,589,7633,728,112,112
msg,1,18,594,6078,722,112,112
msg,1,19,556,7987,733,112,112
msg,1,20,590,6429,732,112,112
msg,1,21,597,17071,726,112,112
msg,1,22,590,6737,731,112,112
msg,1,23,587,5599,724,112,112
msg,1,24,588,5913,726,112,112
msg,1,25,554,6730,730,112,112
msg,1,26,585,18706,726,112,112
msg,1,27,571,9377,731,112,112
msg,1,28,607,6300,730,112,112
msg,1,29,592,5760,703,112,112
msg,1,30,557,5815,726,112,112
msg,1,31,586,18455,729,112,112
msg,1,32,595,5400,804,112,112
msg,1,33,591,5814,725,112,112
msg,1,34,585,5769,698,112,112
msg,1,35,567,19843,731,112,112
msg,1,36,583,5836,719,112,112
msg,1,37,592,9903,723,112,112
msg,1,38,554,5620,725,112,112
msg,1,39,590,6130,784,112,112
msg,1,40,565,20934,733,112,112
msg,1,41,600,5580,730,112,112
msg,1,42,596,5754,700,112,112
msg,1,43,560,6131,727,112,112
msg,1,44,588,7799,703,112,112
msg,1,45,563,15848,727,112,112
msg,1,46,593,7216,729,112,112
msg,1,47,568,5901,726,112,112
msg,1,48,595,6058,720,112,112
msg,1,49,558,7864,730,112,112
msg,1,50,592,18488,727,112,112
msg,1,51,588,5758,700,112,112
msg,1,52,567,8175,726,112,112
msg,1,53,587,28699,702,112,112
msg,1,54,553,9426,700,112,112
msg,1,55,566,6531,695,112,112
msg,1,56,558,7972,728,112,112
msg,1,57,594,6211,723,112,112
msg,1,58,556,17264,701,112,112
msg,1,59,573,5927,723,112,112
msg,1,60,596,5529,730,112,112
msg,1,61,598,6588,724,112,112
msg,1,62,600,6855,700,112,112
msg,1,63,652,17082,729,112,112
msg,1,64,594,6793,703,112,112
msg,1,65,555,6477,699,112,112
msg,1,66,562,8159,729,112,112
msg,1,67,595,7375,729,112,112
msg,1,68,596,18644,701,112,112
msg,1,69,560,6040,721,112,112
msg,1,70,595,5721,729,112,112
msg,1,71,592,5637,699,112,112
msg,1,72,564,10217,725,112,112
msg,1,73,589,10968,722,112,112
msg,1,74,560,7345,697,112,112
msg,1,75,564,6696,727,112,112
msg,1,76,558,8749,723,112,112
msg,1,77,592,6746,723,112,112
msg,1,78,590,16210,731,112,112
msg,1,79,594,5499,831,112,112
msg,1,80,598,5533,729,112,112
msg,1,81,594,6379,725,112,112
msg,1,82,593,6719,701,112,112
msg,1,83,564,26393,702,112,112
msg,1,84,561,6101,723,112,112
msg,1,85,682,7412,726,112,112
msg,1,86,590,6539,735,112,112
msg,1,87,594,20117,730,112,112
msg,1,88,596,6629,730,112,112
msg,1,89,599,6527,730,112,112
msg,1,90,596,9541,725,112,112
msg,1,91,595,17713,698,112,112
msg,1,92,566,6084,723,112,112
msg,1,93,602,6871,783,112,112
msg,1,94,560,8858,727,112,112
msg,1,95,591,6536,723,112,112
msg,1,96,589,16398,728,112,112
msg,1,97,596,7384,729,112,112
msg,1,98,587,8832,725,112,112
msg,1,99,585,5554,700,112,112
msg,1,100,561,8589,701,112,112
msg,1,101,562,11006,727,112,112
msg,1,102,590,6729,726,112,112
msg,1,103,585,6935,725,112,112
msg,1,104,597,7749,726,112,112
msg,1,105,601,5443,817,112,112
msg,1,106,593,18187,854,112,112
msg,1,107,615,8893,702,112,112
msg,1,108,566,5767,728,112,112
msg,1,109,598,6053,698,112,112
msg,1,110,562,19958,728,112,112
msg,1,111,606,8428,729,112,112
msg,1,112,600,7852,724,112,112
msg,1,113,595,7364,729,112,112
msg,1,114,592,5518,725,112,112
msg,1,115,600,18165,723,112,112
msg,1,116,588,5541,726,112,112
msg,1,117,592,5427,727,112,112
msg,1,118,597,5592,719,112,112
msg,1,119,599,23612,702,112,112
msg,1,120,560,15909,724,112,112
msg,1,121,592,16034,700,112,112
msg,1,122,558,24192,732,112,112
msg,1,123,593,7342,727,112,112
msg,1,124,595,7191,733,112,112
msg,1,125,555,7337,700,112,112
msg,1,126,559,18888,730,112,112
msg,1,127,585,5954,702,112,112
msg,1,128,560,5785,725,112,112
msg,1,129,605,7302,809,112,112
msg,1,130,557,6264,703,112,112
msg,1,131,560,17347,700,112,112
msg,1,132,559,6326,728,112,112
msg,1,133,592,10880,729,112,112
msg,1,134,557,8526,723,112,112
msg,1,135,562,16891,728,112,112
msg,1,136,601,7482,729,112,112
msg,1,137,587,7048,724,112,112
msg,1,138,561,6196,784,112,112
msg,1,139,555,6150,728,112,112
msg,1,140,589,18841,703,112,112
msg,1,141,559,5604,723,112,112
msg,1,142,563,5957,721,112,112
msg,1,143,588,5733,700,112,112
msg,1,144,558,22890,727,112,112
msg,1,145,592,5878,722,112,112
msg,1,146,591,7190,731,112,112
msg,1,147,592,5547,727,112,112
msg,1,148,675,5516,728,112,112
msg,1,149,594,5439,722,112,112
msg,1,150,597,19660,699,112,112
msg,1,151,557,5597,699,112,112
msg,1,152,558,5529,703,112,112
msg,1,153,562,7655,722,112,112
msg,1,154,548,18405,727,112,112
msg,1,155,564,5871,735,112,112
msg,1,156,591,7386,730,112,112
msg,1,157,592,5638,722,112,112
msg,1,158,595,7349,731,112,112
msg,1,159,594,7736,855,112,112
msg,1,160,561,15685,731,112,112
msg,1,161,593,6136,700,112,112
msg,1,162,564,5919,729,112,112
msg,1,163,601,6593,730,112,112
msg,1,164,589,18097,728,112,112
msg,1,165,587,5851,724,112,112
msg,1,166,586,7403,730,112,112
msg,1,167,594,6169,723,112,112
msg,1,168,595,5744,728,112,112
msg,1,169,585,5824,699,112,112
msg,1,170,570,19092,810,112,112
msg,1,171,559,5861,726,112,112
msg,1,172,556,12010,730,112,112
msg,1,173,583,20307,727,112,112
msg,1,174,602,9143,730,112,112
msg,1,175,596,8846,724,112,112
msg,1,176,593,7905,723,112,112
msg,1,177,560,5710,725,112,112
msg,1,178,593,16746,724,112,112
msg,1,179,684,6374,730,112,112
msg,1,180,604,5784,701,112,112
msg,1,181,563,7349,701,112,112
msg,1,182,560,20542,704,112,112
msg,1,183,569,6869,728,112,112
msg,1,184,584,7200,725,112,112
msg,1,185,563,7105,726,112,112
msg,1,186,594,5761,701,112,112
msg,1,187,716,20810,732,112,112
msg,1,188,588,6118,727,112,112
msg,1,189,560,5508,725,112,112
msg,1,190,594,8814,730,112,112
msg,1,191,595,19980,720,112,112
msg,1,192,552,10676,805,112,112
msg,1,193,590,5751,725,112,112
msg,1,194,591,8009,728,112,112
msg,1,195,584,6214,699,112,112
msg,1,196,560,17031,729,112,112
msg,1,197,595,6507,721,112,112
msg,1,198,593,6170,727,112,112
msg,1,199,596,7014,701,112,112
whole,1,2586.023,4780.195,200
2,6.4130,2458.9360,34.1850,2499.5340,6059,6127,45,7224,4,14,5,20,159020,66353.0,70206.0,31321.0,2179745.0,2,2,2,1
msg,2,0,714,5646,725,112,112
msg,2,1,608,6562,735,112,112
msg,2,2,595,6509,730,112,112
msg,2,3,590,9483,725,112,112
msg,2,4,595,11910,700,112,112
msg,2,5,567,5909,727,112,112
msg,2,6,592,5767,725,112,112
msg,2,7,692,5571,704,112,112
msg,2,8,561,7603,726,112,112
msg,2,9,569,19449,723,112,112
msg,2,10,570,5857,731,112,112
msg,2,11,597,5726,723,112,112
msg,2,12,587,6333,723,112,112
msg,2,13,590,6926,726,112,112
msg,2,14,567,13784,725,112,112
msg,2,15,600,9419,732,112,112
msg,2,16,597,6571,737,112,112
msg,2,17,595,8601,725,112,112
msg,2,18,592,5595,700,112,112
msg,2,19,584,19037,728,112,112
msg,2,20,589,5816,723,112,112
msg,2,21,595,5414,729,112,112
msg,2,22,601,5422,726,112,112
msg,2,23,602,7139,808,112,112
msg,2,24,1110,16393,708,112,112
msg,2,25,558,6390,700,112,112
msg,2,26,583,7399,725,112,112
msg,2,27,588,6964,727,112,112
msg,2,28,563,6116,694,112,112
msg,2,29,564,17700,699,112,112
msg,2,30,561,5913,726,112,112
msg,2,31,587,5643,726,112,112
msg,2,32,595,6217,733,112,112
msg,2,33,592,6595,728,112,112
msg,2,34,593,16833,807,112,112
msg,2,35,566,7308,704,112,112
msg,2,36,559,7109,731,112,112
msg,2,37,580,6363,725,112,112
msg,2,38,583,5644,726,112,112
msg,2,39,589,19035,726,112,112
msg,2,40,556,6204,702,112,112
msg,2,41,562,5564,701,112,112
msg,2,42,559,6326,701,112,112
msg,2,43,563,7132,727,112,112
msg,2,44,593,16381,726,112,112
msg,2,45,605,7311,726,112,112
msg,2,46,589,8498,722,112,112
msg,2,47,590,5855,728,112,112
msg,2,48,601,7245,733,112,112
msg,2,49,599,21256,726,112,112
msg,2,50,594,6233,727,112,112
msg,2,51,555,5693,724,112,112
msg,2,52,589,8246,725,112,112
msg,2,53,559,18257,702,112,112
msg,2,54,555,6947,728,112,112
msg,2,55,590,6869,701,112,112
msg,2,56,555,5935,808,112,112
msg,2,57,598,5684,724,112,112
msg,2,58,596,19939,732,112,112
msg,2,59,738,6987,699,112,112
msg,2,60,555,9221,730,112,112
msg,2,61,596,9045,724,112,112
msg,2,62,553,18244,702,112,112
msg,2,63,551,6396,699,112,112
msg,2,64,559,6321,723,112,112
msg,2,65,600,5729,701,112,112
msg,2,66,567,5639,726,112,112
msg,2,67,654,19920,721,112,112
msg,2,68,595,5698,699,112,112
msg,2,69,565,5545,700,112,112
msg,2,70,557,7462,702,112,112
msg,2,71,561,7311,729,112,112
msg,2,72,596,15619,697,112,112
msg,2,73,556,7326,723,112,112
msg,2,74,596,6302,729,112,112
msg,2,75,593,5683,702,112,112
msg,2,76,558,5555,784,112,112
msg,2,77,557,20056,728,112,112
msg,2,78,593,5578,724,112,112
msg,2,79,592,7861,727,112,112
msg,2,80,652,6678,725,112,112
msg,2,81,588,19768,729,112,112
msg,2,82,587,7212,729,112,112
msg,2,83,593,6260,729,112,112
msg,2,84,587,5882,727,112,112
msg,2,85,595,5819,808,112,112
msg,2,86,555,6010,724,112,112
msg,2,87,590,19645,699,112,112
msg,2,88,555,7055,722,112,112
msg,2,89,599,6611,724,112,112
msg,2,90,598,8322,728,112,112
msg,2,91,590,17177,726,112,112
msg,2,92,587,6624,731,112,112
msg,2,93,595,7092,724,112,112
msg,2,94,562,7912,727,112,112
msg,2,95,594,6217,731,112,112
msg,2,96,596,17087,706,112,112
msg,2,97,568,5801,726,112,112
msg,2,98,601,7020,700,112,112
msg,2,99,558,6674,703,112,112
msg,2,100,559,6021,728,112,112
msg,2,101,583,17096,727,112,112
msg,2,102,562,5687,728,112,112
msg,2,103,602,6867,701,112,112
msg,2,104,561,8461,696,112,112
msg,2,105,570,5697,700,112,112
msg,2,106,555,17483,701,112,112
msg,2,107,561,5833,723,112,112
msg,2,108,588,5913,700,112,112
msg,2,109,560,6898,721,112,112
msg,2,110,597,21932,725,112,112
msg,2,111,590,5561,697,112,112
msg,2,112,564,7072,720,112,112
msg,2,113,588,5443,807,112,112
msg,2,114,593,6156,727,112,112
msg,2,115,561,5563,726,112,112
msg,2,116,594,19100,704,112,112
msg,2,117,565,7758,728,112,112
msg,2,118,591,5691,730,112,112
msg,2,119,584,5452,726,112,112
msg,2,120,600,18699,727,112,112
msg,2,121,589,8762,704,112,112
msg,2,122,562,5557,724,112,112
msg,2,123,560,5718,726,112,112
msg,2,124,592,6051,704,112,112
msg,2,125,566,7578,703,112,112
msg,2,126,558,15512,720,112,112
msg,2,127,563,6045,727,112,112
msg,2,128,601,5448,727,112,112
msg,2,129,592,5841,704,112,112
msg,2,130,580,20102,727,112,112
msg,2,131,583,5896,726,112,112
msg,2,132,558,7517,721,112,112
msg,2,133,596,5771,726,112,112
msg,2,134,597,5866,699,112,112
msg,2,135,557,6000,722,112,112
msg,2,136,602,18120,807,112,112
msg,2,137,595,5866,726,112,112
msg,2,138,586,6231,729,112,112
msg,2,139,591,11651,729,112,112
msg,2,140,591,17131,726,112,112
msg,2,141,596,6891,699,112,112
msg,2,142,558,5931,724,112,112
msg,2,143,592,5825,817,112,112
msg,2,144,595,7325,867,112,112
msg,2,145,591,18115,730,112,112
msg,2,146,592,6808,700,112,112
msg,2,147,562,7211,730,112,112
msg,2,148,598,6447,728,112,112
msg,2,149,593,29205,723,112,112
msg,2,150,599,5910,699,112,112
msg,2,151,566,5615,701,112,112
msg,2,152,568,5493,700,112,112
msg,2,153,568,5675,726,112,112
msg,2,154,567,18912,725,112,112
msg,2,155,591,5554,727,112,112
msg,2,156,591,5663,698,112,112
msg,2,157,563,7120,727,112,112
msg,2,158,594,19041,730,112,112
msg,2,159,594,5792,730,112,112
msg,2,160,595,6917,717,112,112
msg,2,161,560,5674,728,112,112
msg,2,162,600,6761,725,112,112
msg,2,163,594,7466,730,112,112
msg,2,164,598,20098,725,112,112
msg,2,165,590,6009,698,112,112
msg,2,166,554,8993,726,112,112
msg,2,167,595,20341,727,112,112
msg,2,168,586,5777,727,112,112
msg,2,169,597,7096,726,112,112
msg,2,170,562,5551,725,112,112
msg,2,171,590,5532,731,112,112
msg,2,172,589,5904,697,112,112
msg,2,173,558,19312,726,112,112
msg,2,174,590,5672,698,112,112
msg,2,175,565,6052,726,112,112
msg,2,176,591,6135,723,112,112
msg,2,177,579,20283,702,112,112
msg,2,178,565,6093,731,112,112
msg,2,179,588,6287,727,112,112
msg,2,180,586,5825,728,112,112
msg,2,181,588,5855,731,112,112
msg,2,182,563,5586,727,112,112
msg,2,183,589,19065,699,112,112
msg,2,184,563,5652,698,112,112
msg,2,185,569,6103,724,112,112
msg,2,186,596,5584,700,112,112
msg,2,187,561,20777,726,112,112
msg,2,188,557,6052,727,112,112
msg,2,189,595,6101,727,112,112
msg,2,190,595,5597,726,112,112
msg,2,191,740,5446,727,112,112
msg,2,192,582,5426,724,112,112
msg,2,193,593,20029,724,112,112
msg,2,194,593,8612,730,112,112
msg,2,195,590,6791,726,112,112
msg,2,196,594,23452,726,112,112
msg,2,197,601,6621,698,112,112
msg,2,198,564,6033,731,112,112
msg,2,199,598,5591,730,112,112
whole,2,2523.950,4632.424,200
#heap 138238
#stack 3192
#end
#block sweep TLS MLKEM512
#lib wolfSSL 5.9.4
iter,tcp_ms,tls_ms,mqtt_ms,total_ms,hs_tx_B,hs_rx_B,mqtt_tx_B,mqtt_rx_B,hs_writes,hs_reads,writes,reads,free_heap_B,hs_keygen_us,hs_derive_us,hs_verify_us,hs_sign_us,hs_keygen_n,hs_derive_n,hs_verify_n,hs_sign_n
#suite TLS13-AES256-GCM-SHA384
0,5.4270,116.4440,14.3140,136.1850,975,5650,45,568,2,12,3,18,166548,5986.0,10083.0,31387.0,0.0,1,1,2,0
1,10.4750,117.8900,25.3600,153.7250,975,5649,45,568,2,12,3,18,166548,5979.0,8529.0,31801.0,0.0,1,1,2,0
2,7.3880,128.5970,16.3120,152.2970,975,5641,45,568,2,12,3,18,166548,6047.0,8714.0,31521.0,0.0,1,1,2,0
3,5.5470,131.0220,15.8990,152.4680,975,5642,45,568,2,12,3,18,166548,6422.0,8682.0,31627.0,0.0,1,1,2,0
4,5.4340,131.2890,12.0020,148.7250,975,5644,45,568,2,12,3,18,166548,6135.0,10024.0,31473.0,0.0,1,1,2,0
5,4.4200,123.6530,13.6490,141.7220,975,5646,45,568,2,12,3,18,166548,6004.0,8518.0,31442.0,0.0,1,1,2,0
6,7.3930,130.5980,11.5650,149.5560,975,5645,45,568,2,12,3,18,166548,5986.0,9800.0,31416.0,0.0,1,1,2,0
7,8.3720,130.4340,11.4500,150.2560,975,5640,45,568,2,12,3,18,166548,5986.0,8507.0,31457.0,0.0,1,1,2,0
8,5.6590,122.4650,12.8750,140.9990,975,5643,45,568,2,12,3,18,166548,6160.0,9732.0,31313.0,0.0,1,1,2,0
9,4.4190,126.9700,16.4750,147.8640,975,5645,45,568,2,12,3,18,166548,5999.0,8612.0,31489.0,0.0,1,1,2,0
10,5.4300,123.3730,19.0740,147.8770,975,5642,45,568,2,12,3,18,166548,6138.0,10015.0,31510.0,0.0,1,1,2,0
11,7.5400,131.0580,11.0970,149.6950,975,5642,45,568,2,12,3,18,166548,6121.0,10003.0,31186.0,0.0,1,1,2,0
12,7.7560,120.1450,11.1380,139.0390,975,5646,45,568,2,12,3,18,166548,5967.0,9807.0,31196.0,0.0,1,1,2,0
13,4.6920,129.5810,15.5440,149.8170,975,5645,45,568,2,12,3,18,166548,5998.0,8720.0,31434.0,0.0,1,1,2,0
14,27.4450,116.8650,11.8140,156.1240,975,5639,45,568,2,12,3,18,166548,6122.0,10441.0,31541.0,0.0,1,1,2,0
15,5.3940,122.5350,16.6580,144.5870,975,5644,45,568,2,12,3,18,166548,6004.0,9809.0,31406.0,0.0,1,1,2,0
16,20.5940,117.0500,11.7120,149.3560,975,5639,45,568,2,12,3,18,166548,6129.0,10424.0,31619.0,0.0,1,1,2,0
17,5.6480,123.7440,11.1290,140.5210,975,5646,45,568,2,12,3,18,166548,5996.0,9857.0,31488.0,0.0,1,1,2,0
18,8.3900,119.2610,13.5500,141.2010,975,5643,45,568,2,12,3,18,166548,5987.0,9897.0,31275.0,0.0,1,1,2,0
19,6.3640,125.5170,14.8960,146.7770,975,5645,45,568,2,12,3,18,166548,5990.0,8658.0,31439.0,0.0,1,1,2,0
#heap 27683
#stack 3256
#end
#block sweep TLS MLKEM768
#lib wolfSSL 5.9.4
iter,tcp_ms,tls_ms,mqtt_ms,total_ms,hs_tx_B,hs_rx_B,mqtt_tx_B,mqtt_rx_B,hs_writes,hs_reads,writes,reads,free_heap_B,hs_keygen_us,hs_derive_us,hs_verify_us,hs_sign_us,hs_keygen_n,hs_derive_n,hs_verify_n,hs_sign_n
#suite TLS13-AES256-GCM-SHA384
0,4.3970,129.3840,8.8270,142.6080,1359,5964,45,568,2,12,3,18,166548,9335.0,14449.0,31489.0,0.0,1,1,2,0
1,4.7710,140.7440,13.5140,159.0290,1359,5963,45,568,2,12,3,18,166548,9224.0,13105.0,31106.0,0.0,1,1,2,0
2,6.4980,141.5210,8.3560,156.3750,1359,5968,45,568,2,12,3,18,166548,9236.0,14573.0,31396.0,0.0,1,1,2,0
3,20.5630,131.3660,11.4380,163.3670,1359,5967,45,568,2,12,3,18,166548,9208.0,14560.0,31156.0,0.0,1,1,2,0
4,5.4060,159.0330,11.8420,176.2810,1359,5970,45,568,2,12,3,18,166548,9359.0,14424.0,31246.0,0.0,1,1,2,0
5,18.6280,128.9310,23.2120,170.7710,1359,5968,45,568,2,12,3,18,166548,9321.0,13252.0,31479.0,0.0,1,1,2,0
6,6.3890,140.8630,12.2840,159.5360,1359,5960,45,568,2,12,3,18,166548,9232.0,13259.0,31583.0,0.0,1,1,2,0
7,5.4020,131.4070,14.9920,151.8010,1359,5965,45,568,2,12,3,18,166548,9234.0,14457.0,31259.0,0.0,1,1,2,0
8,6.4630,130.4950,12.2030,149.1610,1359,5961,45,568,2,12,3,18,166548,9362.0,14411.0,31272.0,0.0,1,1,2,0
9,20.6370,130.9550,24.8570,176.4490,1359,5968,45,568,2,12,3,18,166548,9227.0,14557.0,31308.0,0.0,1,1,2,0
10,4.4640,134.9860,12.8560,152.3060,1359,5963,45,568,2,12,3,18,166548,9221.0,13261.0,31432.0,0.0,1,1,2,0
11,10.7350,134.2970,11.4230,156.4550,1359,5961,45,568,2,12,3,18,166548,9249.0,14544.0,31274.0,0.0,1,1,2,0
12,19.4770,129.6400,8.6800,157.7970,1359,5972,45,568,2,12,3,18,166548,9371.0,14487.0,31373.0,0.0,1,1,2,0
13,6.4220,128.4110,22.9090,157.7420,1359,5963,45,568,2,12,3,18,166548,9239.0,15841.0,31275.0,0.0,1,1,2,0
14,5.5020,137.3830,13.9490,156.8340,1359,5966,45,568,2,12,3,18,166548,9230.0,13223.0,31422.0,0.0,1,1,2,0
15,20.4600,130.5480,8.2390,159.2470,1359,5968,45,568,2,12,3,18,166548,9219.0,14516.0,31475.0,0.0,1,1,2,0
16,8.3970,140.6470,10.1540,159.1980,1359,5967,45,568,2,12,3,18,166548,9420.0,13254.0,31123.0,0.0,1,1,2,0
17,4.4750,135.9080,10.6070,150.9900,1359,5962,45,568,2,12,3,18,166548,9362.0,13340.0,31381.0,0.0,1,1,2,0
18,5.4530,133.9010,11.7540,151.1080,1359,5961,45,568,2,12,3,18,166548,9365.0,14573.0,31438.0,0.0,1,1,2,0
19,4.6640,134.7000,15.1000,154.4640,1359,5962,45,568,2,12,3,18,166548,9389.0,14713.0,31431.0,0.0,1,1,2,0
#heap 28835
#stack 3256
#end
#block sweep TLS MLKEM1024
#lib wolfSSL 5.9.4
iter,tcp_ms,tls_ms,mqtt_ms,total_ms,hs_tx_B,hs_rx_B,mqtt_tx_B,mqtt_rx_B,hs_writes,hs_reads,writes,reads,free_heap_B,hs_keygen_us,hs_derive_us,hs_verify_us,hs_sign_us,hs_keygen_n,hs_derive_n,hs_verify_n,hs_sign_n
#suite TLS13-AES256-GCM-SHA384
0,5.4420,152.1710,8.1180,165.7310,1743,6442,45,568,2,12,3,18,166548,14401.0,19276.0,31258.0,0.0,1,1,2,0
1,6.4190,146.1110,11.3900,163.9200,1743,6448,45,568,2,13,3,19,166548,14548.0,20774.0,31388.0,0.0,1,1,2,0
2,4.4660,142.9590,20.8770,168.3020,1743,6448,45,568,2,13,3,19,166548,14520.0,20763.0,31424.0,0.0,1,1,2,0
3,5.3990,145.1420,12.0190,162.5600,1743,6446,45,568,2,13,3,19,166548,14246.0,19453.0,31355.0,0.0,1,1,2,0
4,18.6310,156.6380,13.3830,188.6520,1743,6446,45,568,2,12,3,18,166548,14259.0,19313.0,31377.0,0.0,1,1,2,0
5,6.6220,143.0300,12.9140,162.5660,1743,6453,45,568,2,13,3,19,166548,14392.0,20745.0,31422.0,0.0,1,1,2,0
6,7.5790,154.3440,11.0930,173.0160,1743,6444,45,568,2,12,3,18,166548,14523.0,19317.0,31270.0,0.0,1,1,2,0
7,20.7180,141.9000,19.6220,182.2400,1743,6442,45,568,2,13,3,19,166548,14393.0,20708.0,31615.0,0.0,1,1,2,0
8,4.7400,153.9300,12.9310,171.6010,1743,6450,45,568,2,12,3,18,166548,14387.0,20692.0,31540.0,0.0,1,1,2,0
9,18.8470,152.2300,11.7330,182.8100,1743,6446,45,568,2,12,3,18,166548,14393.0,19380.0,31248.0,0.0,1,1,2,0
10,4.6320,145.2710,11.6430,161.5460,1743,6446,45,568,2,12,3,18,166548,14844.0,21190.0,31476.0,0.0,1,1,2,0
11,5.4770,142.2650,20.1810,167.9230,1743,6440,45,568,2,13,3,19,166548,14398.0,20799.0,31579.0,0.0,1,1,2,0
12,5.3970,145.4710,9.4450,160.3130,1743,6446,45,568,2,13,3,19,166548,14379.0,20713.0,31558.0,0.0,1,1,2,0
13,20.6120,142.0550,16.5990,179.2660,1743,6442,45,568,2,12,3,18,166548,14574.0,21465.0,31238.0,0.0,1,1,2,0
14,4.9130,157.3290,26.2510,188.4930,1743,6450,45,568,2,13,3,19,166548,14387.0,20826.0,31331.0,0.0,1,1,2,0
15,16.4830,151.3960,10.8960,178.7750,1743,6442,45,568,2,13,3,19,166548,14410.0,21051.0,31401.0,0.0,1,1,2,0
16,5.7620,141.6010,44.1010,191.4640,1743,6448,45,568,2,13,3,19,166548,14415.0,20786.0,31523.0,0.0,1,1,2,0
17,7.8120,155.2090,10.9890,174.0100,1743,6447,45,568,2,12,3,18,166548,14541.0,19587.0,31365.0,0.0,1,1,2,0
18,20.6820,142.9810,21.9580,185.6210,1743,6446,45,568,2,12,3,18,166548,14373.0,21062.0,31566.0,0.0,1,1,2,0
19,5.4020,154.5090,12.2260,172.1370,1743,6444,45,568,2,12,3,18,166548,14393.0,20728.0,31320.0,0.0,1,1,2,0
#heap 29987
#stack 3120
#end
#block sweep TLS X25519MLKEM768
#lib wolfSSL 5.9.4
iter,tcp_ms,tls_ms,mqtt_ms,total_ms,hs_tx_B,hs_rx_B,mqtt_tx_B,mqtt_rx_B,hs_writes,hs_reads,writes,reads,free_heap_B,hs_keygen_us,hs_derive_us,hs_verify_us,hs_sign_us,hs_keygen_n,hs_derive_n,hs_verify_n,hs_sign_n
#suite TLS13-AES256-GCM-SHA384
0,13.3940,257.7110,12.4450,283.5500,1391,5958,45,568,2,12,3,18,166548,66218.0,71788.0,31445.0,0.0,2,2,2,0
1,4.9020,256.9590,11.4750,273.3360,1391,5953,45,568,2,12,3,18,166548,66405.0,72071.0,31525.0,0.0,2,2,2,0
2,14.6020,245.5210,9.4170,269.5400,1391,5955,45,568,2,12,3,18,166548,66481.0,71368.0,31381.0,0.0,2,2,2,0
3,5.3990,255.3810,12.4910,273.2710,1391,5956,45,568,2,12,3,18,166548,66342.0,70292.0,31408.0,0.0,2,2,2,0
4,5.3900,255.9310,13.3850,274.7060,1391,5950,45,568,2,12,3,18,166548,66432.0,70270.0,31412.0,0.0,2,2,2,0
5,4.5550,248.3870,25.6510,278.5930,1391,5952,45,568,2,12,3,18,166548,66157.0,72037.0,31445.0,0.0,2,2,2,0
6,6.4100,252.0090,11.1700,269.5890,1391,5954,45,568,2,12,3,18,166548,66254.0,71768.0,31114.0,0.0,2,2,2,0
7,21.3960,258.3790,11.4870,291.2620,1391,5958,45,568,2,12,3,18,166548,66195.0,70248.0,31263.0,0.0,2,2,2,0
8,4.5660,257.9520,12.7380,275.2560,1391,5952,45,568,2,12,3,18,166548,66367.0,70236.0,31412.0,0.0,2,2,2,0
9,6.5690,258.5640,11.6330,276.7660,1391,5959,45,568,2,12,3,18,166548,66339.0,70222.0,31424.0,0.0,2,2,2,0
10,17.4240,247.0440,13.8880,278.3560,1391,5956,45,568,2,12,3,18,166548,66398.0,72649.0,31590.0,0.0,2,2,2,0
11,5.4600,257.1050,13.2050,275.7700,1391,5956,45,568,2,12,3,18,166548,66263.0,71442.0,31386.0,0.0,2,2,2,0
12,7.7670,251.7520,12.8560,272.3750,1391,5954,45,568,2,12,3,18,166548,66257.0,70623.0,31414.0,0.0,2,2,2,0
13,4.8300,255.5840,8.3040,268.7180,1391,5954,45,568,2,12,3,18,166548,66189.0,71726.0,31270.0,0.0,2,2,2,0
14,5.3960,252.8360,13.8410,272.0730,1391,5957,45,568,2,12,3,18,166548,66539.0,71561.0,31263.0,0.0,2,2,2,0
15,4.5730,249.6260,590.6000,844.7990,1391,5952,45,568,2,12,3,18,166548,66354.0,72500.0,31222.0,0.0,2,2,2,0
16,5.3980,249.1070,12.8530,267.3580,1391,5955,45,568,2,12,3,18,166548,66514.0,71769.0,31429.0,0.0,2,2,2,0
17,4.7270,247.7230,11.1860,263.6360,1391,5960,45,568,2,12,3,18,166548,66284.0,72069.0,31131.0,0.0,2,2,2,0
18,6.4580,250.7010,11.7130,268.8720,1391,5956,45,568,2,12,3,18,166548,66304.0,71778.0,31462.0,0.0,2,2,2,0
19,5.3920,283.1370,11.6300,300.1590,1391,5954,45,568,2,12,3,18,166548,66309.0,70256.0,31286.0,0.0,2,2,2,0
#heap 27587
#stack 3304
#end
#block sweep TLS SecP256r1MLKEM768
#lib wolfSSL 5.9.4
iter,tcp_ms,tls_ms,mqtt_ms,total_ms,hs_tx_B,hs_rx_B,mqtt_tx_B,mqtt_rx_B,hs_writes,hs_reads,writes,reads,free_heap_B,hs_keygen_us,hs_derive_us,hs_verify_us,hs_sign_us,hs_keygen_n,hs_derive_n,hs_verify_n,hs_sign_n
#suite TLS13-AES256-GCM-SHA384
0,5.4170,238.7320,11.0960,255.2450,1424,6029,45,568,2,12,3,18,166548,41674.0,85118.0,31350.0,0.0,2,2,2,0
1,5.4670,238.1790,12.9060,256.5520,1424,6031,45,568,2,12,3,18,166548,41842.0,85682.0,31339.0,0.0,2,2,2,0
2,5.3820,240.3510,10.1160,255.8490,1424,6031,45,568,2,12,3,18,166548,41995.0,84600.0,31414.0,0.0,2,2,2,0
3,8.5540,239.0550,27.3000,274.9090,1424,6029,45,568,2,12,3,18,166548,42017.0,84705.0,31123.0,0.0,2,2,2,0
4,7.4170,248.4940,9.0320,264.9430,1424,6034,45,568,2,12,3,18,166548,41830.0,84171.0,31429.0,0.0,2,2,2,0
5,4.3950,239.1890,17.2190,260.8030,1424,6035,45,568,2,12,3,18,166548,41827.0,85210.0,31451.0,0.0,2,2,2,0
6,10.5030,246.5950,12.3180,269.4160,1424,6033,45,568,2,12,3,18,166548,41926.0,84077.0,31301.0,0.0,2,2,2,0
7,5.4440,237.9470,19.8270,263.2180,1424,6026,45,568,2,12,3,18,166548,42297.0,84999.0,31285.0,0.0,2,2,2,0
8,4.5600,238.7770,12.8790,256.2160,1424,6031,45,568,2,12,3,18,166548,41852.0,84709.0,31303.0,0.0,2,2,2,0
9,5.5880,245.1940,11.3220,262.1040,1424,6033,45,568,2,12,3,18,166548,41900.0,83567.0,31485.0,0.0,2,2,2,0
10,5.4660,239.1120,19.6450,264.2230,1424,6026,45,568,2,12,3,18,166548,41951.0,84663.0,31518.0,0.0,2,2,2,0
11,6.5810,239.8240,11.4130,257.8180,1424,6029,45,568,2,12,3,18,166548,41851.0,84779.0,31501.0,0.0,2,2,2,0
12,3.8590,244.3830,11.9320,260.1740,1424,6024,45,568,2,12,3,18,166548,41751.0,83494.0,31270.0,0.0,2,2,2,0
13,5.5060,240.1470,21.3720,267.0250,1424,6037,45,568,2,12,3,18,166548,41706.0,84806.0,31516.0,0.0,2,2,2,0
#err tls handshake failed: Buffer error, output too small or input too big
#heap 27653
#stack 2848
#end
#block sweep TLS SecP384r1MLKEM1024
#lib wolfSSL 5.9.4
iter,tcp_ms,tls_ms,mqtt_ms,total_ms,hs_tx_B,hs_rx_B,mqtt_tx_B,mqtt_rx_B,hs_writes,hs_reads,writes,reads,free_heap_B,hs_keygen_us,hs_derive_us,hs_verify_us,hs_sign_us,hs_keygen_n,hs_derive_n,hs_verify_n,hs_sign_n
#suite TLS13-AES256-GCM-SHA384
0,8.5740,646.9050,12.5570,668.0360,1840,6539,45,568,2,13,3,19,166548,171590.0,353737.0,31592.0,0.0,2,2,2,0
1,5.3910,654.7050,14.5630,674.6590,1840,6545,45,568,2,12,3,18,166548,171515.0,353094.0,31310.0,0.0,2,2,2,0
2,8.3860,662.9110,11.3610,682.6580,1840,6546,45,568,2,13,3,19,166548,171360.0,351913.0,31295.0,0.0,2,2,2,0
3,22.6840,643.5390,19.2460,685.4690,1840,6538,45,568,2,13,3,19,166548,171393.0,353294.0,31368.0,0.0,2,2,2,0
4,5.9160,642.9590,13.9400,662.8150,1840,6544,45,568,2,13,3,19,166548,171603.0,353277.0,31414.0,0.0,2,2,2,0
5,6.6170,641.7770,13.8410,662.2350,1840,6543,45,568,2,12,3,18,166548,171424.0,353157.0,31338.0,0.0,2,2,2,0
6,5.4260,643.4350,11.6290,660.4900,1840,6544,45,568,2,12,3,18,166548,171399.0,353073.0,31327.0,0.0,2,2,2,0
7,18.6670,649.0440,25.1580,692.8690,1840,6544,45,568,2,12,3,18,166548,171649.0,351878.0,31921.0,0.0,2,2,2,0
8,5.7400,653.0600,11.8130,670.6130,1840,6548,45,568,2,13,3,19,166548,171403.0,353170.0,31325.0,0.0,2,2,2,0
9,5.9110,646.1940,11.9050,664.0100,1840,6547,45,568,2,13,3,19,166548,171450.0,354170.0,31181.0,0.0,2,2,2,0
10,18.6650,648.4190,25.4310,692.5150,1840,6543,45,568,2,12,3,18,166548,171438.0,353574.0,31425.0,0.0,2,2,2,0
11,5.3840,651.2780,11.7230,668.3850,1840,6540,45,568,2,12,3,18,166548,171524.0,353077.0,31461.0,0.0,2,2,2,0
12,5.7410,650.2040,12.0970,668.0420,1840,6540,45,568,2,13,3,19,166548,171791.0,351879.0,31393.0,0.0,2,2,2,0
13,6.5330,646.7620,21.4930,674.7880,1840,6541,45,568,2,13,3,19,166548,171474.0,353757.0,31468.0,0.0,2,2,2,0
14,6.5850,648.9770,14.2820,669.8440,1840,6542,45,568,2,13,3,19,166548,171325.0,353106.0,31338.0,0.0,2,2,2,0
15,11.4010,645.7020,11.3240,668.4270,1840,6542,45,568,2,13,3,19,166548,171446.0,353076.0,31466.0,0.0,2,2,2,0
16,6.4170,643.0850,23.7690,673.2710,1840,6542,45,568,2,13,3,19,166548,171424.0,353077.0,31319.0,0.0,2,2,2,0
17,6.3870,652.1860,13.5750,672.1480,1840,6548,45,568,2,13,3,19,166548,171400.0,353775.0,31114.0,0.0,2,2,2,0
18,4.5840,647.0340,11.3030,662.9210,1840,6539,45,568,2,12,3,18,166548,171514.0,353567.0,31411.0,0.0,2,2,2,0
19,5.4450,646.2350,22.2710,673.9510,1840,6540,45,568,2,12,3,18,166548,171412.0,353858.0,31316.0,0.0,2,2,2,0
#heap 28581
#stack 2800
#end
#block sweep TLS SecP256r1MLKEM512
#lib wolfSSL 5.9.4
iter,tcp_ms,tls_ms,mqtt_ms,total_ms,hs_tx_B,hs_rx_B,mqtt_tx_B,mqtt_rx_B,hs_writes,hs_reads,writes,reads,free_heap_B,hs_keygen_us,hs_derive_us,hs_verify_us,hs_sign_us,hs_keygen_n,hs_derive_n,hs_verify_n,hs_sign_n
#err tls handshake failed: received alert fatal error
#heap 14498
#stack 1832
#end
#block sweep TLS x25519_mlkem512
#lib wolfSSL 5.9.4
iter,tcp_ms,tls_ms,mqtt_ms,total_ms,hs_tx_B,hs_rx_B,mqtt_tx_B,mqtt_rx_B,hs_writes,hs_reads,writes,reads,free_heap_B,hs_keygen_us,hs_derive_us,hs_verify_us,hs_sign_us,hs_keygen_n,hs_derive_n,hs_verify_n,hs_sign_n
=== MQTT / TLS 1.3 / mTLS, FALCON1024 certificates, X25519MLKEM768 (wolfSSL 5.9.4) on RP2040 ===
CPU clock: 200 MHz
#watchdog sweep TLS x25519_mlkem512: hung during TCP connect (connection -2); no progress for 8 s, the board rebooted; continuing with the next block
#config iterations=50 warmup=5 pipe_iterations=3 messages=200 payload_B=51 schemes=2 sweep_iterations=20 sweep_warmup=2 groups=13 kex_iterations=50 kex_warmup=2 blocks=41
#kat LoRaWAN / AES-CMAC / Ascon known-answer checks: OK
#wifi rssi=-20 dBm channel=10 ip=192.168.50.235 broker=192.168.50.132
#block sweep TLS p384_mlkem768
#lib wolfSSL 5.9.4
iter,tcp_ms,tls_ms,mqtt_ms,total_ms,hs_tx_B,hs_rx_B,mqtt_tx_B,mqtt_rx_B,hs_writes,hs_reads,writes,reads,free_heap_B,hs_keygen_us,hs_derive_us,hs_verify_us,hs_sign_us,hs_keygen_n,hs_derive_n,hs_verify_n,hs_sign_n
#suite TLS13-AES256-GCM-SHA384
0,4.6110,663.8180,8.5940,677.0230,1456,6065,45,568,2,12,3,18,166772,166318.0,346795.0,31270.0,0.0,2,2,2,0
1,6.4040,655.7600,11.7510,673.9150,1456,6061,45,568,2,12,3,18,166548,166428.0,346937.0,31355.0,0.0,2,2,2,0
2,4.8000,670.5010,22.3680,697.6690,1456,6054,45,568,2,12,3,18,166548,166221.0,345888.0,31402.0,0.0,2,2,2,0
3,10.4050,661.5130,11.5290,683.4470,1456,6060,45,568,2,12,3,18,166548,166320.0,347346.0,31424.0,0.0,2,2,2,0
4,18.5180,657.5720,21.1190,697.2090,1456,6066,45,568,2,12,3,18,166548,166264.0,349245.0,31361.0,0.0,2,2,2,0
5,7.5970,660.5720,9.3550,677.5240,1456,6065,45,568,2,12,3,18,166548,166188.0,346222.0,31317.0,0.0,2,2,2,0
6,5.4170,653.1340,12.3160,670.8670,1456,6058,45,568,2,12,3,18,166548,166903.0,346815.0,31241.0,0.0,2,2,2,0
7,5.4030,656.3590,12.0830,673.8450,1456,6061,45,568,2,12,3,18,166548,166356.0,347099.0,31267.0,0.0,2,2,2,0
8,5.4250,655.7740,20.6040,681.8030,1456,6063,45,568,2,12,3,18,166548,167228.0,347728.0,31294.0,0.0,2,2,2,0
9,5.6220,663.4710,8.8180,677.9110,1456,6063,45,568,2,12,3,18,166548,166323.0,345824.0,31250.0,0.0,2,2,2,0
10,4.4340,650.1780,15.1080,669.7200,1456,6059,45,568,2,12,3,18,166548,166624.0,347639.0,31333.0,0.0,2,2,2,0
11,4.4100,675.7100,23.5150,703.6350,1456,6060,45,568,2,12,3,18,166548,166692.0,345990.0,31381.0,0.0,2,2,2,0
12,6.6280,663.5320,12.3770,682.5370,1456,6065,45,568,2,12,3,18,166548,166111.0,347729.0,31248.0,0.0,2,2,2,0
13,4.7390,667.1820,20.9370,692.8580,1456,6061,45,568,2,12,3,18,166548,166724.0,346211.0,31440.0,0.0,2,2,2,0
14,6.5040,680.6910,48.1950,735.3900,1456,6058,45,568,2,12,3,18,166548,166509.0,346032.0,31405.0,0.0,2,2,2,0
15,5.6250,657.4370,21.7610,684.8230,1456,6066,45,568,2,12,3,18,166548,166418.0,347232.0,31418.0,0.0,2,2,2,0
16,6.5180,661.9260,14.2660,682.7100,1456,6059,45,568,2,12,3,18,166548,166313.0,347042.0,31314.0,0.0,2,2,2,0
17,5.4510,660.8020,16.2350,682.4880,1456,6060,45,568,2,12,3,18,166548,166326.0,345911.0,31440.0,0.0,2,2,2,0
18,6.6360,994.3220,16.5840,1017.5420,1456,6064,45,568,2,12,3,18,166548,166535.0,345598.0,31144.0,0.0,2,2,2,0
19,6.9230,661.5670,8.6180,677.1080,1456,6068,45,568,2,12,3,18,166548,166293.0,346331.0,31131.0,0.0,2,2,2,0
#heap 27717
#stack 2800
#end
#block sweep TLS p521_mlkem1024
#lib wolfSSL 5.9.4
iter,tcp_ms,tls_ms,mqtt_ms,total_ms,hs_tx_B,hs_rx_B,mqtt_tx_B,mqtt_rx_B,hs_writes,hs_reads,writes,reads,free_heap_B,hs_keygen_us,hs_derive_us,hs_verify_us,hs_sign_us,hs_keygen_n,hs_derive_n,hs_verify_n,hs_sign_n
#suite TLS13-AES256-GCM-SHA384
0,5.4620,895.7770,17.5860,918.8250,1876,6578,45,568,2,13,3,19,166548,249491.0,493019.0,31464.0,0.0,2,2,2,0
1,5.3810,893.1210,11.2270,909.7290,1876,6577,45,568,2,13,3,19,166548,249256.0,494096.0,31424.0,0.0,2,2,2,0
2,6.3850,896.3780,12.6480,915.4110,1876,6580,45,568,2,12,3,18,166548,249652.0,494719.0,31440.0,0.0,2,2,2,0
3,4.3770,893.9120,14.7800,913.0690,1876,6579,45,568,2,12,3,18,166548,249294.0,493903.0,31598.0,0.0,2,2,2,0
4,5.4040,887.0010,30.3730,922.7780,1876,6575,45,568,2,13,3,19,166548,249329.0,493935.0,31260.0,0.0,2,2,2,0
5,18.5740,899.5700,24.9810,943.1250,1876,6578,45,568,2,13,3,19,166548,249435.0,493911.0,31270.0,0.0,2,2,2,0
6,7.3920,875.2690,11.1270,893.7880,1876,6580,45,568,2,13,3,19,166548,249258.0,492580.0,31500.0,0.0,2,2,2,0
7,5.3780,865.1290,13.3790,883.8860,1876,6580,45,568,2,12,3,18,166548,249191.0,492572.0,31472.0,0.0,2,2,2,0
8,3.8450,872.9740,11.1980,888.0170,1876,6578,45,568,2,12,3,18,166548,249329.0,493188.0,31477.0,0.0,2,2,2,0
9,4.4080,864.8540,12.4290,881.6910,1876,6579,45,568,2,13,3,19,166548,249390.0,492615.0,31343.0,0.0,2,2,2,0
10,4.7360,867.7060,10.5240,882.9660,1876,6579,45,568,2,13,3,19,166548,249132.0,492892.0,31503.0,0.0,2,2,2,0
11,5.5200,894.3040,22.1240,921.9480,1876,6580,45,568,2,12,3,18,166548,249307.0,494307.0,31494.0,0.0,2,2,2,0
12,10.7130,886.9570,17.5770,915.2470,1876,6578,45,568,2,12,3,18,166548,249138.0,494259.0,31814.0,0.0,2,2,2,0
13,5.5710,891.2880,18.6550,915.5140,1876,6573,45,568,2,12,3,18,166548,249437.0,492769.0,31506.0,0.0,2,2,2,0
14,5.3810,894.0220,15.1470,914.5500,1876,6576,45,568,2,12,3,18,166548,249608.0,494375.0,31342.0,0.0,2,2,2,0
15,6.6130,893.9940,10.9800,911.5870,1876,6574,45,568,2,12,3,18,166548,249323.0,494106.0,31511.0,0.0,2,2,2,0
16,3.3720,869.3850,11.0560,883.8130,1876,6583,45,568,2,12,3,18,166548,249397.0,492797.0,31510.0,0.0,2,2,2,0
17,4.5720,866.0900,14.5480,885.2100,1876,6577,45,568,2,13,3,19,166548,250103.0,492791.0,31488.0,0.0,2,2,2,0
18,5.4080,869.7330,10.3550,885.4960,1876,6577,45,568,2,12,3,18,166548,250374.0,493526.0,31524.0,0.0,2,2,2,0
19,4.5240,869.8470,11.7700,886.1410,1876,6580,45,568,2,13,3,19,166548,249584.0,493894.0,31413.0,0.0,2,2,2,0
#heap 29869
#stack 2880
#end
#block sweep TLS x448_mlkem768
#lib wolfSSL 5.9.4
iter,tcp_ms,tls_ms,mqtt_ms,total_ms,hs_tx_B,hs_rx_B,mqtt_tx_B,mqtt_rx_B,hs_writes,hs_reads,writes,reads,free_heap_B,hs_keygen_us,hs_derive_us,hs_verify_us,hs_sign_us,hs_keygen_n,hs_derive_n,hs_verify_n,hs_sign_n
#suite TLS13-AES256-GCM-SHA384
0,6.3910,550.6880,11.8000,568.8790,1415,6017,45,568,2,12,3,18,166548,211841.0,217063.0,31262.0,0.0,2,2,2,0
1,4.7620,553.1970,11.5200,569.4790,1415,6015,45,568,2,12,3,18,166548,211468.0,217716.0,31316.0,0.0,2,2,2,0
2,19.4040,549.2630,21.4480,590.1150,1415,6020,45,568,2,12,3,18,166548,211863.0,217086.0,31530.0,0.0,2,2,2,0
3,4.7800,552.6790,12.5370,569.9960,1415,6019,45,568,2,12,3,18,166548,211650.0,217054.0,31413.0,0.0,2,2,2,0
4,3.7390,558.5420,10.5620,572.8430,1415,6021,45,568,2,12,3,18,166548,211679.0,217169.0,31261.0,0.0,2,2,2,0
5,5.4030,557.9000,11.7110,575.0140,1415,6024,45,568,2,12,3,18,166548,212249.0,218131.0,31327.0,0.0,2,2,2,0
6,8.3930,557.3380,9.1030,574.8340,1415,6025,45,568,2,12,3,18,166548,211579.0,217088.0,31951.0,0.0,2,2,2,0
7,5.3880,551.0950,11.7200,568.2030,1415,6018,45,568,2,12,3,18,166548,211811.0,217069.0,31504.0,0.0,2,2,2,0
8,7.3840,552.9650,13.2550,573.6040,1415,6017,45,568,2,12,3,18,166548,211449.0,217009.0,31774.0,0.0,2,2,2,0
9,5.4030,560.5060,14.2600,580.1690,1415,6019,45,568,2,12,3,18,166548,211407.0,215826.0,31446.0,0.0,2,2,2,0
10,4.5960,574.3410,19.4950,598.4320,1415,6018,45,568,2,12,3,18,166548,211734.0,217893.0,31288.0,0.0,2,2,2,0
11,5.3890,552.0100,16.5850,573.9840,1415,6019,45,568,2,12,3,18,166548,211447.0,216524.0,31249.0,0.0,2,2,2,0
12,20.4320,557.2030,12.3500,589.9850,1415,6021,45,568,2,12,3,18,166548,211550.0,215633.0,31246.0,0.0,2,2,2,0
13,5.4850,549.8300,12.9850,568.3000,1415,6022,45,568,2,12,3,18,166548,211496.0,217261.0,31423.0,0.0,2,2,2,0
14,22.4030,552.1520,19.0220,593.5770,1415,6021,45,568,2,12,3,18,166548,211328.0,217090.0,31262.0,0.0,2,2,2,0
15,4.8460,550.4160,13.3450,568.6070,1415,6023,45,568,2,12,3,18,166548,211354.0,216878.0,31129.0,0.0,2,2,2,0
16,5.4810,561.6980,22.8360,590.0150,1415,6024,45,568,2,12,3,18,166548,211845.0,216949.0,31503.0,0.0,2,2,2,0
17,6.7740,552.6460,12.4970,571.9170,1415,6023,45,568,2,12,3,18,166548,212213.0,217264.0,31486.0,0.0,2,2,2,0
18,4.7610,547.4410,13.2410,565.4430,1415,6015,45,568,2,12,3,18,166548,212261.0,216805.0,31263.0,0.0,2,2,2,0
19,17.4000,557.0070,12.4000,586.8070,1415,6021,45,568,2,12,3,18,166548,212109.0,215765.0,31274.0,0.0,2,2,2,0
#heap 27635
#stack 3968
#end
#block sweep TLS X25519
#lib wolfSSL 5.9.4
iter,tcp_ms,tls_ms,mqtt_ms,total_ms,hs_tx_B,hs_rx_B,mqtt_tx_B,mqtt_rx_B,hs_writes,hs_reads,writes,reads,free_heap_B,hs_keygen_us,hs_derive_us,hs_verify_us,hs_sign_us,hs_keygen_n,hs_derive_n,hs_verify_n,hs_sign_n
#suite TLS13-AES256-GCM-SHA384
0,5.6670,224.3050,13.1290,243.1010,207,4908,45,568,2,12,3,18,166548,57016.0,58565.0,31582.0,0.0,1,1,2,0
1,8.5590,229.0200,11.6880,249.2670,207,4912,45,568,2,12,3,18,166548,56945.0,56845.0,31501.0,0.0,1,1,2,0
2,5.7510,228.3840,11.1720,245.3070,207,4911,45,568,2,12,3,18,166548,56900.0,56962.0,31354.0,0.0,1,1,2,0
3,6.3820,219.2970,14.0950,239.7740,207,4909,45,568,2,12,3,18,166548,57063.0,56858.0,31305.0,0.0,1,1,2,0
4,5.3710,222.6840,19.9610,248.0160,207,4916,45,568,2,12,3,18,166548,57038.0,56921.0,31454.0,0.0,1,1,2,0
5,4.6800,227.3860,22.0860,254.1520,207,4910,45,568,2,12,3,18,166548,57054.0,56926.0,31381.0,0.0,1,1,2,0
6,5.5220,219.2280,26.9810,251.7310,207,4904,45,568,2,12,3,18,166548,57040.0,56927.0,31589.0,0.0,1,1,2,0
7,5.3610,223.8020,13.6780,242.8410,207,4915,45,568,2,12,3,18,166548,57139.0,56921.0,31325.0,0.0,1,1,2,0
8,7.6210,222.3720,26.3400,256.3330,207,4907,45,568,2,12,3,18,166548,57080.0,56880.0,31356.0,0.0,1,1,2,0
9,5.4130,223.3650,12.6790,241.4570,207,4907,45,568,2,12,3,18,166548,57027.0,57019.0,31229.0,0.0,1,1,2,0
10,7.3640,222.6290,21.3860,251.3790,207,4915,45,568,2,12,3,18,166548,57045.0,56991.0,31537.0,0.0,1,1,2,0
11,5.3960,221.2320,11.4300,238.0580,207,4907,45,568,2,12,3,18,166548,57133.0,57415.0,31365.0,0.0,1,1,2,0
12,6.3670,221.2490,20.4590,248.0750,207,4910,45,568,2,12,3,18,166548,56953.0,56988.0,31283.0,0.0,1,1,2,0
13,4.4650,228.1690,18.5260,251.1600,207,4906,45,568,2,12,3,18,166548,57035.0,57321.0,31299.0,0.0,1,1,2,0
14,5.3890,235.9340,12.7770,254.1000,207,4914,45,568,2,12,3,18,166548,57044.0,56994.0,31342.0,0.0,1,1,2,0
15,4.4210,219.2970,15.7250,239.4430,207,4912,45,568,2,12,3,18,166548,57102.0,56907.0,31371.0,0.0,1,1,2,0
16,5.3820,223.0150,25.8530,254.2500,207,4908,45,568,2,12,3,18,166548,57025.0,56844.0,31504.0,0.0,1,1,2,0
17,4.7600,222.5740,15.6520,242.9860,207,4917,45,568,2,12,3,18,166548,56956.0,56990.0,31571.0,0.0,1,1,2,0
18,5.4810,222.2530,25.4830,253.2170,207,4907,45,568,2,12,3,18,166548,57038.0,56984.0,31488.0,0.0,1,1,2,0
19,6.4350,224.0280,13.8830,244.3460,207,4912,45,568,2,12,3,18,166548,57031.0,56973.0,31448.0,0.0,1,1,2,0
#heap 25283
#stack 3296
#end
#block sweep TLS secp256r1
#lib wolfSSL 5.9.4
iter,tcp_ms,tls_ms,mqtt_ms,total_ms,hs_tx_B,hs_rx_B,mqtt_tx_B,mqtt_rx_B,hs_writes,hs_reads,writes,reads,free_heap_B,hs_keygen_us,hs_derive_us,hs_verify_us,hs_sign_us,hs_keygen_n,hs_derive_n,hs_verify_n,hs_sign_n
#suite TLS13-AES256-GCM-SHA384
0,5.6920,209.7970,11.4880,226.9770,240,4936,45,568,2,12,3,18,166548,32583.0,70368.0,31345.0,0.0,1,1,2,0
1,5.5400,209.4380,20.0740,235.0520,240,4937,45,568,2,12,3,18,166548,32637.0,72126.0,31361.0,0.0,1,1,2,0
2,5.5860,211.2060,12.1690,228.9610,240,4938,45,568,2,12,3,18,166548,32533.0,70440.0,31369.0,0.0,1,1,2,0
3,5.4100,219.8440,12.7900,238.0440,240,4946,45,568,2,12,3,18,166548,32530.0,70373.0,31383.0,0.0,1,1,2,0
4,4.9450,215.5060,11.1410,231.5920,240,4936,45,568,2,12,3,18,166548,32424.0,70345.0,31346.0,0.0,1,1,2,0
5,5.3730,224.2870,12.7870,242.4470,240,4949,45,568,2,12,3,18,166548,32626.0,70361.0,31304.0,0.0,1,1,2,0
6,6.5610,214.4510,11.9690,232.9810,240,4937,45,568,2,12,3,18,166548,32484.0,70410.0,31466.0,0.0,1,1,2,0
7,6.3660,214.4110,15.9320,236.7090,240,4946,45,568,2,12,3,18,166548,32347.0,70341.0,31239.0,0.0,1,1,2,0
8,16.6410,219.9110,11.6020,248.1540,240,4946,45,568,2,12,3,18,166548,32381.0,70318.0,31477.0,0.0,1,1,2,0
9,4.3710,211.5110,9.4140,225.2960,240,4947,45,568,2,12,3,18,166548,32567.0,70721.0,31583.0,0.0,1,1,2,0
10,5.5590,221.1910,12.6320,239.3820,240,4938,45,568,2,12,3,18,166548,32408.0,70402.0,31485.0,0.0,1,1,2,0
11,5.3710,211.7910,20.7360,237.8980,240,4938,45,568,2,12,3,18,166548,32606.0,70415.0,31288.0,0.0,1,1,2,0
12,7.5350,214.6100,14.9740,237.1190,240,4941,45,568,2,12,3,18,166548,32364.0,70653.0,31565.0,0.0,1,1,2,0
13,5.7170,211.0650,14.2090,230.9910,240,4942,45,568,2,12,3,18,166548,32717.0,70419.0,31439.0,0.0,1,1,2,0
14,5.7920,216.4140,15.4050,237.6110,240,4942,45,568,2,12,3,18,166548,32413.0,70351.0,31338.0,0.0,1,1,2,0
15,18.8710,218.2280,13.8050,250.9040,240,4945,45,568,2,12,3,18,166548,32387.0,70356.0,31368.0,0.0,1,1,2,0
16,4.5550,221.9800,36.6820,263.2170,240,4944,45,568,2,12,3,18,166548,32543.0,70299.0,31502.0,0.0,1,1,2,0
17,5.3580,212.2220,23.6100,241.1900,240,4946,45,568,2,12,3,18,166548,32499.0,70393.0,31302.0,0.0,1,1,2,0
18,7.3570,213.8260,9.7250,230.9080,240,4945,45,568,2,12,3,18,166548,32537.0,70453.0,31306.0,0.0,1,1,2,0
19,5.4220,215.8240,13.8320,235.0780,240,4941,45,568,2,12,3,18,166548,32467.0,70411.0,31316.0,0.0,1,1,2,0
#heap 25316
#stack 2736
#end
#block sweep mTLS MLKEM512
#lib wolfSSL 5.9.4
iter,tcp_ms,tls_ms,mqtt_ms,total_ms,hs_tx_B,hs_rx_B,mqtt_tx_B,mqtt_rx_B,hs_writes,hs_reads,writes,reads,free_heap_B,hs_keygen_us,hs_derive_us,hs_verify_us,hs_sign_us,hs_keygen_n,hs_derive_n,hs_verify_n,hs_sign_n
#suite TLS13-AES256-GCM-SHA384
0,5.5770,2329.8490,117.0310,2452.4570,5644,5813,45,7224,4,14,5,20,159020,5988.0,9826.0,31604.0,2177742.0,1,1,2,1
1,8.4120,2345.8660,198.4840,2552.7620,5642,5813,45,7224,4,14,5,20,159020,5984.0,8625.0,31490.0,2181374.0,1,1,2,1
2,5.5490,2329.5990,31.9320,2367.0800,5642,5813,45,7224,4,14,5,20,159020,5973.0,9824.0,31354.0,2179966.0,1,1,2,1
3,6.4250,2337.5490,189.6350,2533.6090,5639,5816,45,7224,4,14,5,20,159020,5972.0,8524.0,31882.0,2179902.0,1,1,2,1
4,5.6970,2335.9750,125.3690,2467.0410,5642,5814,45,7224,4,14,5,20,159020,5992.0,8528.0,31433.0,2182424.0,1,1,2,1
5,4.5910,2323.5740,116.0360,2444.2010,5641,5811,45,7224,4,14,5,20,159020,5956.0,9908.0,31355.0,2179171.0,1,1,2,1
6,6.4570,2324.5730,117.1020,2448.1320,5645,5821,45,7224,4,14,5,20,159020,6106.0,10311.0,31396.0,2177165.0,1,1,2,1
7,5.4000,2331.4350,113.9950,2450.8300,5640,5816,45,7224,4,14,5,20,159020,5987.0,8518.0,31345.0,2180272.0,1,1,2,1
8,5.5190,2319.1180,125.0800,2449.7170,5650,5816,45,7224,4,14,5,20,159020,5984.0,9987.0,31490.0,2176231.0,1,1,2,1
9,4.8010,2332.7330,112.4910,2450.0250,5645,5815,45,7224,4,14,5,20,159020,5980.0,9843.0,31223.0,2179644.0,1,1,2,1
10,7.5260,2329.6950,113.1450,2450.3660,5644,5816,45,7224,4,14,5,20,159020,5977.0,9859.0,31426.0,2179699.0,1,1,2,1
11,5.3970,2332.9710,111.8200,2450.1880,5645,5813,45,7224,4,14,5,20,159020,6199.0,10025.0,31445.0,2180943.0,1,1,2,1
12,6.6330,2328.1390,115.0730,2449.8450,5639,5813,45,7224,4,14,5,20,159020,6037.0,9834.0,31473.0,2175480.0,1,1,2,1
13,5.5900,2335.4410,110.0680,2451.0990,5642,5815,45,7224,4,14,5,20,159020,6107.0,9862.0,31327.0,2182946.0,1,1,2,1
14,5.5690,2319.2350,120.4600,2445.2640,5646,5817,45,7224,4,14,5,20,159020,6105.0,9833.0,31330.0,2173596.0,1,1,2,1
15,4.3960,2329.8880,117.1710,2451.4550,5640,5813,45,7224,4,14,5,20,159020,5966.0,9824.0,31344.0,2176294.0,1,1,2,1
16,5.4170,2330.7050,114.0550,2450.1770,5641,5818,45,7224,4,14,5,20,159020,5981.0,9829.0,31436.0,2179509.0,1,1,2,1
17,4.5810,2328.6670,116.3350,2449.5830,5646,5810,45,7224,4,14,5,20,159020,5984.0,9926.0,31515.0,2180906.0,1,1,2,1
18,4.5330,2331.6070,31.0810,2367.2210,5647,5812,45,7224,4,14,5,20,159020,5976.0,10009.0,31269.0,2179391.0,1,1,2,1
19,5.3930,2321.9680,99.7260,2427.0870,5646,5820,45,7224,4,14,5,20,159020,6117.0,8574.0,31360.0,2178983.0,1,1,2,1
#heap 138334
#stack 3400
#end
#block sweep mTLS MLKEM768
#lib wolfSSL 5.9.4
iter,tcp_ms,tls_ms,mqtt_ms,total_ms,hs_tx_B,hs_rx_B,mqtt_tx_B,mqtt_rx_B,hs_writes,hs_reads,writes,reads,free_heap_B,hs_keygen_us,hs_derive_us,hs_verify_us,hs_sign_us,hs_keygen_n,hs_derive_n,hs_verify_n,hs_sign_n
#suite TLS13-AES256-GCM-SHA384
0,7.4890,2335.9010,109.4860,2452.8760,6036,6131,45,7224,4,14,5,20,159020,9437.0,14501.0,31562.0,2176353.0,1,1,2,1
1,5.3870,2340.3650,133.6600,2479.4120,6026,6136,45,7224,4,14,5,20,159020,9237.0,14524.0,31290.0,2181730.0,1,1,2,1
2,4.6360,2345.6800,66.9450,2417.2610,6018,6134,45,7224,4,14,5,20,159020,9475.0,13344.0,31240.0,2180872.0,1,1,2,1
3,5.3780,2338.6690,106.1300,2450.1770,6029,6135,45,7224,4,14,5,20,159020,9217.0,14675.0,31420.0,2178698.0,1,1,2,1
4,5.5090,2338.2570,109.8640,2453.6300,6027,6131,45,7224,4,14,5,20,159020,9398.0,14616.0,31218.0,2179364.0,1,1,2,1
5,6.3960,2341.9630,98.5510,2446.9100,6033,6135,45,7224,4,14,5,20,159020,9500.0,15107.0,31154.0,2184485.0,1,1,2,1
6,5.3720,2345.2180,100.6680,2451.2580,6029,6136,45,7224,4,14,5,20,159020,9362.0,13098.0,31530.0,2189515.0,1,1,2,1
7,4.9160,2347.1090,97.8680,2449.8930,6026,6134,45,7224,4,14,5,20,159020,9579.0,14786.0,31290.0,2182416.0,1,1,2,1
8,12.4700,2355.7090,41.7730,2409.9520,6032,6130,45,7224,4,14,5,20,159020,9232.0,15111.0,31479.0,2181501.0,1,1,2,1
9,122.5050,2413.5180,114.6670,2650.6900,6025,6138,45,7224,4,14,5,20,159020,9357.0,13809.0,31486.0,2175928.0,1,1,2,1
10,7.3810,2334.7620,133.2410,2475.3840,6027,6139,45,7224,4,14,5,20,159020,9209.0,13223.0,31494.0,2180648.0,1,1,2,1
11,9.6180,2332.5750,107.7890,2449.9820,6028,6134,45,7224,4,14,5,20,159020,9390.0,14483.0,31450.0,2178101.0,1,1,2,1
12,5.3930,2346.2410,99.6370,2451.2710,6026,6137,45,7224,4,14,5,20,159020,9222.0,14610.0,31494.0,2181346.0,1,1,2,1
13,8.5320,2331.7310,107.6280,2447.8910,6027,6131,45,7224,4,14,5,20,159020,9342.0,14468.0,31414.0,2179276.0,1,1,2,1
14,5.6180,2348.7720,94.1790,2448.5690,6029,6134,45,7224,4,14,5,20,159020,9629.0,14748.0,31300.0,2189539.0,1,1,2,1
15,7.3700,2337.7300,31.5620,2376.6620,6030,6138,45,7224,4,14,5,20,159020,9352.0,14677.0,31133.0,2179995.0,1,1,2,1
16,6.4500,2344.6700,70.4130,2421.5330,6029,6132,45,7224,4,14,5,20,159020,9222.0,14092.0,31309.0,2177694.0,1,1,2,1
17,6.3770,2331.5950,112.2860,2450.2580,6025,6136,45,7224,4,14,5,20,159020,9350.0,13095.0,31284.0,2175100.0,1,1,2,1
18,5.3760,2342.4780,101.3330,2449.1870,6028,6132,45,7224,4,14,5,20,159020,9234.0,13110.0,31450.0,2183806.0,1,1,2,1
19,5.3760,2334.4420,111.3010,2451.1190,6028,6131,45,7224,4,14,5,20,159020,9214.0,15013.0,31452.0,2178583.0,1,1,2,1
#heap 139486
#stack 3296
#end
#block sweep mTLS MLKEM1024
#lib wolfSSL 5.9.4
iter,tcp_ms,tls_ms,mqtt_ms,total_ms,hs_tx_B,hs_rx_B,mqtt_tx_B,mqtt_rx_B,hs_writes,hs_reads,writes,reads,free_heap_B,hs_keygen_us,hs_derive_us,hs_verify_us,hs_sign_us,hs_keygen_n,hs_derive_n,hs_verify_n,hs_sign_n
#suite TLS13-AES256-GCM-SHA384
0,5.6090,2355.1510,194.3950,2555.1550,6409,6619,45,7224,4,15,5,21,159020,14369.0,20786.0,31207.0,2186110.0,1,1,2,1
1,6.5090,2345.3900,98.2060,2450.1050,6416,6616,45,7224,4,15,5,21,159020,14245.0,20759.0,31520.0,2175932.0,1,1,2,1
2,5.3720,2358.5480,86.4330,2450.3530,6407,6617,45,7224,4,15,5,21,159020,14344.0,20750.0,31240.0,2189689.0,1,1,2,1
3,5.3730,2347.8110,98.0270,2451.2110,6414,6619,45,7224,4,15,5,21,159020,14272.0,20771.0,31432.0,2180396.0,1,1,2,1
4,5.5620,2344.7450,99.2690,2449.5760,6412,6612,45,7224,4,15,5,21,159020,14516.0,20761.0,31462.0,2178005.0,1,1,2,1
5,4.5880,2348.0380,98.0810,2450.7070,6412,6616,45,7224,4,15,5,21,159020,14369.0,20992.0,31327.0,2180806.0,1,1,2,1
6,5.6170,2348.2690,97.4250,2451.3110,6410,6612,45,7224,4,14,5,20,159020,14547.0,20967.0,31555.0,2181105.0,1,1,2,1
7,7.5530,2342.8090,100.1870,2450.5490,6410,6611,45,7224,4,14,5,20,159020,14254.0,20825.0,31389.0,2173770.0,1,1,2,1
8,5.4250,2359.0390,59.1540,2423.6180,6412,6618,45,7224,4,15,5,21,159020,14254.0,20775.0,31365.0,2191558.0,1,1,2,1
9,5.4310,2361.1950,108.1510,2474.7770,6404,6616,45,7224,4,14,5,20,159020,14386.0,19853.0,31149.0,2183368.0,1,1,2,1
10,6.5000,2355.0100,161.8440,2523.3540,6411,6614,45,7224,4,15,5,21,159020,14343.0,20916.0,31546.0,2185993.0,1,1,2,1
11,5.4490,2356.8280,52.6470,2414.9240,6412,6621,45,7224,4,15,5,21,159020,14357.0,20825.0,31507.0,2180273.0,1,1,2,1
12,4.6590,2343.9870,102.8440,2451.4900,6408,6617,45,7224,4,15,5,21,159020,14383.0,20875.0,31430.0,2176356.0,1,1,2,1
13,5.3870,2349.6360,94.3750,2449.3980,6404,6609,45,7224,4,15,5,21,159020,14549.0,20754.0,31306.0,2180038.0,1,1,2,1
14,5.6540,2346.6020,98.2810,2450.5370,6416,6613,45,7224,4,15,5,21,159020,14401.0,21297.0,31516.0,2178874.0,1,1,2,1
15,9.5460,2356.0750,31.7720,2397.3930,6413,6622,45,7224,4,15,5,21,159020,14253.0,20781.0,31364.0,2180148.0,1,1,2,1
16,5.3800,2363.8400,101.4580,2470.6780,6414,6617,45,7224,4,14,5,20,159020,14401.0,19924.0,31437.0,2187198.0,1,1,2,1
17,6.4870,2371.6270,72.8960,2451.0100,6406,6614,45,7224,4,15,5,21,159020,14370.0,20718.0,31260.0,2189527.0,1,1,2,1
18,17.4430,2368.1440,56.2900,2441.8770,6416,6611,45,7224,4,15,5,21,159020,14331.0,19297.0,31482.0,2185589.0,1,1,2,1
19,4.6580,2339.9880,106.1870,2450.8330,6411,6615,45,7224,4,14,5,20,159020,14367.0,20769.0,31357.0,2173759.0,1,1,2,1
#heap 140638
#stack 3256
#end
#block sweep mTLS X25519MLKEM768
#lib wolfSSL 5.9.4
iter,tcp_ms,tls_ms,mqtt_ms,total_ms,hs_tx_B,hs_rx_B,mqtt_tx_B,mqtt_rx_B,hs_writes,hs_reads,writes,reads,free_heap_B,hs_keygen_us,hs_derive_us,hs_verify_us,hs_sign_us,hs_keygen_n,hs_derive_n,hs_verify_n,hs_sign_n
#suite TLS13-AES256-GCM-SHA384
0,5.3740,2453.4390,222.2390,2681.0520,6056,6127,45,7224,4,14,5,20,159020,66433.0,73032.0,31266.0,2181670.0,2,2,2,1
1,4.4070,2462.8240,157.9580,2625.1890,6055,6127,45,7224,4,14,5,20,159020,66269.0,70744.0,31280.0,2182698.0,2,2,2,1
2,4.9150,2460.0570,88.7520,2553.7240,6054,6128,45,7224,4,14,5,20,159020,67113.0,71982.0,31143.0,2187150.0,2,2,2,1
3,4.8900,2450.8470,31.6740,2487.4110,6063,6126,45,7224,4,14,5,20,159020,66262.0,71420.0,31222.0,2180338.0,2,2,2,1
4,5.4210,2460.7560,48.4000,2514.5770,6060,6131,45,7224,4,14,5,20,159020,66170.0,71297.0,31738.0,2177199.0,2,2,2,1
5,4.6850,2446.9420,100.9110,2552.5380,6056,6131,45,7224,4,14,5,20,159020,66390.0,71587.0,31444.0,2174215.0,2,2,2,1
6,5.5630,2455.2310,92.3150,2553.1090,6062,6131,45,7224,4,14,5,20,159020,66158.0,71784.0,31150.0,2180857.0,2,2,2,1
7,5.4430,2448.7430,98.8490,2553.0350,6062,6128,45,7224,4,14,5,20,159020,66445.0,71663.0,31133.0,2176788.0,2,2,2,1
8,5.4270,2451.1190,31.4180,2487.9640,6062,6129,45,7224,4,14,5,20,159020,66524.0,71397.0,31294.0,2180217.0,2,2,2,1
9,4.6380,2458.1590,139.7780,2602.5750,6059,6125,45,7224,4,14,5,20,159020,66339.0,71313.0,31403.0,2186646.0,2,2,2,1
10,5.4230,2461.4810,97.6270,2564.5310,6058,6130,45,7224,4,14,5,20,159020,66326.0,72107.0,31230.0,2190736.0,2,2,2,1
11,24.4070,2475.6780,144.3490,2644.4340,6056,6126,45,7224,4,14,5,20,159020,66393.0,70179.0,31115.0,2182569.0,2,2,2,1
12,34.4200,2460.7000,56.9310,2552.0510,6057,6127,45,7224,4,14,5,20,159020,66448.0,70777.0,31429.0,2182123.0,2,2,2,1
13,4.3910,2454.1390,91.7550,2550.2850,6058,6128,45,7224,4,14,5,20,159020,66159.0,72540.0,31105.0,2182564.0,2,2,2,1
14,5.5990,2460.6720,87.7390,2554.0100,6058,6131,45,7224,4,14,5,20,159020,66499.0,71555.0,31150.0,2189689.0,2,2,2,1
15,5.4070,2493.2710,52.9600,2551.6380,6064,6124,45,7224,4,14,5,20,159020,66238.0,70252.0,31456.0,2180147.0,2,2,2,1
16,5.3950,2452.3740,95.4280,2553.1970,6059,6129,45,7224,4,14,5,20,159020,66143.0,71405.0,31404.0,2180944.0,2,2,2,1
17,4.7640,2449.1140,98.9480,2552.8260,6061,6128,45,7224,4,14,5,20,159020,66269.0,71841.0,31250.0,2176960.0,2,2,2,1
18,5.4390,2456.0040,90.6740,2552.1170,6059,6126,45,7224,4,14,5,20,159020,66436.0,71296.0,31359.0,2184855.0,2,2,2,1
19,5.4010,2446.0890,72.3130,2523.8030,6059,6126,45,7224,4,14,5,20,159020,66432.0,71510.0,31113.0,2174335.0,2,2,2,1
#heap 138238
#stack 3384
#end
#block sweep mTLS SecP256r1MLKEM768
#lib wolfSSL 5.9.4
iter,tcp_ms,tls_ms,mqtt_ms,total_ms,hs_tx_B,hs_rx_B,mqtt_tx_B,mqtt_rx_B,hs_writes,hs_reads,writes,reads,free_heap_B,hs_keygen_us,hs_derive_us,hs_verify_us,hs_sign_us,hs_keygen_n,hs_derive_n,hs_verify_n,hs_sign_n
#suite TLS13-AES256-GCM-SHA384
0,8.5940,2452.0510,90.5320,2551.1770,6093,6198,45,7224,4,14,5,20,159020,41663.0,85362.0,31464.0,2179091.0,2,2,2,1
1,7.5510,2446.3410,98.5300,2552.4220,6089,6201,45,7224,4,14,5,20,159020,41724.0,83921.0,31468.0,2178947.0,2,2,2,1
2,4.4200,2448.1610,99.5850,2552.1660,6094,6201,45,7224,4,14,5,20,159020,41939.0,85277.0,31432.0,2178044.0,2,2,2,1
3,5.5510,2453.3680,45.3800,2504.2990,6090,6202,45,7224,4,14,5,20,159020,41926.0,85441.0,31438.0,2184062.0,2,2,2,1
4,19.5580,2445.4880,135.5620,2600.6080,6090,6204,45,7224,4,14,5,20,159020,41712.0,85026.0,31379.0,2176467.0,2,2,2,1
5,5.4250,2448.1640,98.5660,2552.1550,6087,6202,45,7224,4,14,5,20,159020,42007.0,83760.0,31259.0,2178820.0,2,2,2,1
6,5.4200,2445.7580,100.7120,2551.8900,6087,6204,45,7224,4,14,5,20,159020,41830.0,83626.0,31404.0,2178052.0,2,2,2,1
7,6.4730,2444.8750,99.6160,2550.9640,6091,6203,45,7224,4,14,5,20,159020,41724.0,84575.0,31551.0,2177708.0,2,2,2,1
8,5.5110,2452.4210,93.9360,2551.8680,6089,6194,45,7224,4,14,5,20,159020,41792.0,85623.0,31478.0,2184308.0,2,2,2,1
9,6.4140,2449.3560,98.0060,2553.7760,6090,6200,45,7224,4,14,5,21,159020,41892.0,83511.0,31789.0,2183842.0,2,2,2,1
10,19.6250,2448.1530,78.1460,2545.9240,6090,6202,45,7224,4,14,5,20,159020,41906.0,84662.0,31575.0,2183438.0,2,2,2,1
11,6.6040,2457.5340,88.2720,2552.4100,6090,6202,45,7224,4,14,5,20,159020,41740.0,85093.0,31516.0,2189117.0,2,2,2,1
12,7.3600,2443.7070,109.5510,2560.6180,6090,6199,45,7224,4,14,5,20,159020,41975.0,85340.0,31509.0,2177880.0,2,2,2,1
13,17.5070,2443.3240,39.9570,2500.7880,6097,6199,45,7224,4,14,5,20,159020,41808.0,84571.0,31383.0,2182603.0,2,2,2,1
14,5.3850,2442.8500,132.4310,2580.6660,6096,6204,45,7224,4,14,5,20,159020,42088.0,84886.0,31451.0,2180502.0,2,2,2,1
15,5.4080,2446.7000,70.6470,2522.7550,6091,6200,45,7224,4,14,5,20,159020,41794.0,84667.0,31587.0,2182176.0,2,2,2,1
16,5.7930,2445.9780,99.0300,2550.8010,6090,6200,45,7224,4,14,5,20,159020,41780.0,85235.0,31477.0,2179022.0,2,2,2,1
17,6.3590,2444.8090,100.3640,2551.5320,6083,6197,45,7224,4,14,5,20,159020,41726.0,84546.0,31515.0,2178613.0,2,2,2,1
18,5.5780,2447.9050,98.4740,2551.9570,6092,6194,45,7224,4,14,5,20,159020,41724.0,84746.0,31389.0,2179684.0,2,2,2,1
19,5.5790,2441.9880,103.1110,2550.6780,6095,6200,45,7224,4,14,5,20,159020,41697.0,83492.0,31288.0,2175937.0,2,2,2,1
#heap 138304
#stack 3512
#end
#block sweep mTLS SecP384r1MLKEM1024
#lib wolfSSL 5.9.4
iter,tcp_ms,tls_ms,mqtt_ms,total_ms,hs_tx_B,hs_rx_B,mqtt_tx_B,mqtt_rx_B,hs_writes,hs_reads,writes,reads,free_heap_B,hs_keygen_us,hs_derive_us,hs_verify_us,hs_sign_us,hs_keygen_n,hs_derive_n,hs_verify_n,hs_sign_n
#suite TLS13-AES256-GCM-SHA384
0,5.4510,2846.1080,109.1610,2960.7200,6512,6714,45,7224,4,14,5,20,159020,171322.0,352637.0,31352.0,2178294.0,2,2,2,1
1,5.6730,2846.4170,107.1710,2959.2610,6508,6708,45,7224,4,15,5,21,159020,171435.0,353302.0,31416.0,2177491.0,2,2,2,1
2,7.4330,2843.8580,111.4030,2962.6940,6503,6716,45,7224,4,15,5,21,159020,171337.0,353413.0,31163.0,2177223.0,2,2,2,1
3,5.4280,2841.7160,118.6770,2965.8210,6507,6713,45,7224,4,15,5,21,159020,171363.0,353258.0,31495.0,2176769.0,2,2,2,1
4,5.5100,2856.3670,96.9750,2958.8520,6511,6719,45,7224,4,15,5,21,159020,171527.0,354142.0,31408.0,2185033.0,2,2,2,1
5,5.5410,2843.0410,111.6740,2960.2560,6506,6715,45,7224,4,14,5,20,159020,171444.0,353445.0,31511.0,2176343.0,2,2,2,1
6,7.4290,2858.3160,95.9270,2961.6720,6508,6713,45,7224,4,15,5,21,159020,171354.0,353415.0,31419.0,2182008.0,2,2,2,1
7,5.4300,2843.1450,116.8190,2965.3940,6504,6712,45,7224,4,14,5,21,159020,171526.0,354526.0,31266.0,2178168.0,2,2,2,1
8,6.4310,2849.5950,110.2760,2966.3020,6508,6710,45,7224,4,15,5,22,159020,171415.0,352524.0,31484.0,2176670.0,2,2,2,1
9,18.6100,2869.7620,69.4380,2957.8100,6508,6710,45,7224,4,14,5,21,159020,171347.0,352570.0,31493.0,2183433.0,2,2,2,1
10,4.8630,2840.4030,112.8140,2958.0800,6510,6707,45,7224,4,14,5,20,159020,171619.0,353247.0,31367.0,2174797.0,2,2,2,1
11,4.6580,2852.0430,34.4290,2891.1300,6508,6710,45,7224,4,14,5,20,159020,171886.0,354434.0,33193.0,2181404.0,2,2,2,1
12,5.4030,2860.0220,35.2980,2900.7230,6508,6712,45,7224,4,15,5,21,159020,171409.0,353007.0,31237.0,2181075.0,2,2,2,1
13,5.4250,2854.9840,127.0100,2987.4190,6508,6711,45,7224,4,15,5,21,159020,171507.0,353152.0,31403.0,2186094.0,2,2,2,1
14,7.3830,2847.5770,125.8020,2980.7620,6505,6713,45,7224,4,14,5,20,159020,171520.0,353119.0,31578.0,2178655.0,2,2,2,1
15,7.5290,2855.4700,98.2590,2961.2580,6505,6713,45,7224,4,15,5,21,159020,171379.0,352894.0,31423.0,2187223.0,2,2,2,1
16,5.3890,2897.5520,44.0680,2947.0090,6506,6711,45,7224,4,15,5,21,159020,171367.0,353227.0,31269.0,2183008.0,2,2,2,1
17,6.4150,2856.7060,72.7450,2935.8660,6503,6709,45,7224,4,15,5,21,159020,171318.0,353120.0,31851.0,2186436.0,2,2,2,1
18,5.4480,2866.4840,88.9220,2960.8540,6508,6714,45,7224,4,15,5,21,159020,171499.0,352228.0,31425.0,2188839.0,2,2,2,1
19,4.6420,2846.7540,119.5500,2970.9460,6505,6711,45,7224,4,15,5,21,159020,171376.0,353056.0,31363.0,2179226.0,2,2,2,1
#heap 139232
#stack 2848
#end
#block sweep mTLS SecP256r1MLKEM512
#lib wolfSSL 5.9.4
iter,tcp_ms,tls_ms,mqtt_ms,total_ms,hs_tx_B,hs_rx_B,mqtt_tx_B,mqtt_rx_B,hs_writes,hs_reads,writes,reads,free_heap_B,hs_keygen_us,hs_derive_us,hs_verify_us,hs_sign_us,hs_keygen_n,hs_derive_n,hs_verify_n,hs_sign_n
#err tls handshake failed: received alert fatal error
#heap 21992
#stack 1904
#end
#block sweep mTLS x25519_mlkem512
#lib wolfSSL 5.9.4
iter,tcp_ms,tls_ms,mqtt_ms,total_ms,hs_tx_B,hs_rx_B,mqtt_tx_B,mqtt_rx_B,hs_writes,hs_reads,writes,reads,free_heap_B,hs_keygen_us,hs_derive_us,hs_verify_us,hs_sign_us,hs_keygen_n,hs_derive_n,hs_verify_n,hs_sign_n
#err tls handshake failed: received alert fatal error
#heap 21463
#stack 1816
#end
#block sweep mTLS p384_mlkem768
#lib wolfSSL 5.9.4
iter,tcp_ms,tls_ms,mqtt_ms,total_ms,hs_tx_B,hs_rx_B,mqtt_tx_B,mqtt_rx_B,hs_writes,hs_reads,writes,reads,free_heap_B,hs_keygen_us,hs_derive_us,hs_verify_us,hs_sign_us,hs_keygen_n,hs_derive_n,hs_verify_n,hs_sign_n
#suite TLS13-AES256-GCM-SHA384
0,6.3800,2864.7580,93.3390,2964.4770,6126,6231,45,7224,4,14,5,20,159020,166434.0,345613.0,31457.0,2177300.0,2,2,2,1
1,8.6060,2865.4880,88.3740,2962.4680,6119,6235,45,7224,4,14,5,20,159020,166203.0,345605.0,31480.0,2181844.0,2,2,2,1
2,8.3890,2862.8860,43.3400,2914.6150,6124,6231,45,7224,4,14,5,20,159020,166187.0,345542.0,31390.0,2178714.0,2,2,2,1
3,4.5920,2850.2420,54.0490,2908.8830,6116,6229,45,7224,4,14,5,20,159020,166291.0,347631.0,31432.0,2178598.0,2,2,2,1
4,7.4030,2846.8020,108.6600,2962.8650,6122,6233,45,7224,4,14,5,20,159020,166354.0,346953.0,31298.0,2179882.0,2,2,2,1
5,7.3650,2866.4130,88.5240,2962.3020,6120,6240,45,7224,4,14,5,20,159020,166410.0,345634.0,31495.0,2181960.0,2,2,2,1
6,6.6120,2864.6770,91.1480,2962.4370,6120,6236,45,7224,4,14,5,20,159020,166426.0,345724.0,31299.0,2179599.0,2,2,2,1
7,6.3910,2855.0850,32.7740,2894.2500,6125,6229,45,7224,4,14,5,20,159020,166672.0,348180.0,31625.0,2186219.0,2,2,2,1
8,5.3830,2875.0310,144.4720,3024.8860,6125,6238,45,7224,4,14,5,20,159020,166150.0,345519.0,31287.0,2179756.0,2,2,2,1
9,6.5370,2870.0100,84.6910,2961.2380,6129,6232,45,7224,4,14,5,20,159020,166326.0,345456.0,31527.0,2185829.0,2,2,2,1
10,8.4270,2864.4780,92.5650,2965.4700,6116,6232,45,7224,4,14,5,21,159020,166274.0,346605.0,31282.0,2180444.0,2,2,2,1
11,4.8720,2862.3340,92.1540,2959.3600,6131,6232,45,7224,4,14,5,21,159020,166167.0,346184.0,31139.0,2180738.0,2,2,2,1
12,19.9200,2857.8160,158.3500,3036.0860,6123,6229,45,7224,4,14,5,20,159020,166120.0,347312.0,31456.0,2180940.0,2,2,2,1
13,4.6870,2994.2120,37.5620,3036.4610,6124,6231,45,7224,4,14,5,20,159020,166108.0,345736.0,31278.0,2185064.0,2,2,2,1
14,18.3980,2855.4530,135.3800,3009.2310,6125,6230,45,7224,4,14,5,20,159020,166323.0,346967.0,31314.0,2177915.0,2,2,2,1
15,5.4360,2860.5890,45.6080,2911.6330,6127,6228,45,7224,4,14,5,20,159020,166334.0,345558.0,31572.0,2176780.0,2,2,2,1
16,15.8070,2845.8130,149.4980,3011.1180,6128,6232,45,7224,4,14,5,21,159020,166181.0,347084.0,31293.0,2176722.0,2,2,2,1
17,3.4450,2865.4860,89.3950,2958.3260,6121,6227,45,7224,4,14,5,21,159020,166812.0,347833.0,32346.0,2181948.0,2,2,2,1
18,5.6130,2862.4000,90.0560,2958.0690,6128,6230,45,7224,4,14,5,20,159020,166972.0,345714.0,31374.0,2180079.0,2,2,2,1
19,5.3720,2866.4310,91.5640,2963.3670,6122,6231,45,7224,4,14,5,20,159020,166251.0,345652.0,31457.0,2179901.0,2,2,2,1
#heap 138368
#stack 2800
#end
#block sweep mTLS p521_mlkem1024
#lib wolfSSL 5.9.4
iter,tcp_ms,tls_ms,mqtt_ms,total_ms,hs_tx_B,hs_rx_B,mqtt_tx_B,mqtt_rx_B,hs_writes,hs_reads,writes,reads,free_heap_B,hs_keygen_us,hs_derive_us,hs_verify_us,hs_sign_us,hs_keygen_n,hs_derive_n,hs_verify_n,hs_sign_n
#suite TLS13-AES256-GCM-SHA384
0,4.5100,3133.8630,134.7450,3273.1180,6547,6748,45,7224,4,15,5,21,159020,249321.0,492834.0,31350.0,2179480.0,2,2,2,1
1,6.4220,3116.1070,144.5090,3267.0380,6542,6752,45,7224,4,14,5,20,159020,249006.0,492733.0,31439.0,2181248.0,2,2,2,1
2,8.5950,3122.6880,138.3980,3269.6810,6545,6748,45,7224,4,14,5,20,159020,249659.0,494124.0,31308.0,2186659.0,2,2,2,1
3,8.4380,3111.9800,47.0120,3167.4300,6545,6746,45,7224,4,14,5,20,159020,249482.0,492676.0,31342.0,2177454.0,2,2,2,1
4,12.4700,3111.9410,143.8150,3268.2260,6543,6746,45,7224,4,15,5,21,159020,249401.0,493058.0,31372.0,2180494.0,2,2,2,1
5,7.7030,3129.7410,132.0130,3269.4570,6546,6751,45,7224,4,15,5,21,159020,249964.0,493253.0,31807.0,2179715.0,2,2,2,1
6,7.5300,3122.6570,139.7860,3269.9730,6544,6749,45,7224,4,15,5,21,159020,249940.0,492699.0,31533.0,2187138.0,2,2,2,1
7,7.5550,3113.2950,45.1670,3166.0170,6546,6751,45,7224,4,14,5,20,159020,249290.0,493102.0,31937.0,2177816.0,2,2,2,1
8,8.6030,3114.6620,146.2940,3269.5590,6540,6744,45,7224,4,14,5,20,159020,249312.0,493372.0,31562.0,2179545.0,2,2,2,1
9,11.4130,3115.3140,142.0600,3268.7870,6543,6752,45,7224,4,14,5,20,159020,249398.0,492893.0,31374.0,2183776.0,2,2,2,1
10,9.3900,3116.7590,144.3410,3270.4900,6547,6750,45,7224,4,15,5,21,159020,250182.0,493164.0,31332.0,2181903.0,2,2,2,1
11,25.4440,3097.0650,146.4430,3268.9520,6543,6753,45,7224,4,14,5,20,159020,249413.0,495203.0,31405.0,2177678.0,2,2,2,1
12,7.6660,3109.6390,49.0010,3166.3060,6538,6746,45,7224,4,14,5,20,159020,249340.0,492917.0,31272.0,2174651.0,2,2,2,1
13,7.5940,3110.4900,38.0880,3156.1720,6540,6749,45,7224,4,15,5,21,159020,249241.0,492692.0,31438.0,2175803.0,2,2,2,1
14,5.5860,3101.1240,76.1580,3182.8680,6542,6745,45,7224,4,14,5,21,159020,249375.0,494576.0,31433.0,2179483.0,2,2,2,1
15,16.7070,3098.2570,145.8270,3260.7910,6544,6747,45,7224,4,14,5,20,159020,249667.0,493966.0,31487.0,2179155.0,2,2,2,1
16,22.6330,3107.9990,151.4210,3282.0530,6545,6749,45,7224,4,14,5,21,159020,249323.0,493445.0,31587.0,2183846.0,2,2,2,1
17,5.3800,3097.5630,142.0920,3245.0350,6544,6755,45,7224,4,15,5,22,159020,249445.0,494652.0,31331.0,2179302.0,2,2,2,1
18,7.3990,3116.1400,41.5490,3165.0880,6552,6746,45,7224,4,15,5,21,159020,249562.0,492786.0,31527.0,2181553.0,2,2,2,1
19,6.3810,3110.6810,51.5890,3168.6510,6543,6748,45,7224,4,14,5,20,159020,249474.0,492602.0,31352.0,2174176.0,2,2,2,1
#heap 139304
#stack 2904
#end
#block sweep mTLS x448_mlkem768
#lib wolfSSL 5.9.4
iter,tcp_ms,tls_ms,mqtt_ms,total_ms,hs_tx_B,hs_rx_B,mqtt_tx_B,mqtt_rx_B,hs_writes,hs_reads,writes,reads,free_heap_B,hs_keygen_us,hs_derive_us,hs_verify_us,hs_sign_us,hs_keygen_n,hs_derive_n,hs_verify_n,hs_sign_n
#suite TLS13-AES256-GCM-SHA384
0,5.3920,2765.9940,112.9060,2884.2920,6079,6189,45,7224,4,14,5,20,159020,211776.0,217097.0,31256.0,2180529.0,2,2,2,1
1,5.6580,2763.2570,57.5000,2826.4150,6085,6193,45,7224,4,14,5,20,159020,212211.0,217128.0,31393.0,2186113.0,2,2,2,1
2,5.4350,2766.9620,86.5790,2858.9760,6080,6187,45,7224,4,14,5,20,159020,211728.0,217175.0,31157.0,2184001.0,2,2,2,1
3,7.3990,2764.7520,349.4360,3121.5870,6082,6192,45,7224,4,14,5,20,159020,211623.0,218265.0,31446.0,2180607.0,2,2,2,1
4,4.6400,2754.7770,118.7170,2878.1340,6082,6191,45,7224,4,14,5,20,159020,211500.0,218217.0,31433.0,2177740.0,2,2,2,1
5,5.9440,2757.5180,30.5030,2793.9650,6084,6192,45,7224,4,14,5,20,159020,211669.0,217455.0,31428.0,2178627.0,2,2,2,1
6,5.4570,2765.7100,47.1990,2818.3660,6090,6190,45,7224,4,14,5,20,159020,211905.0,216819.0,31307.0,2177948.0,2,2,2,1
7,5.4490,2754.4310,102.2470,2862.1270,6084,6196,45,7224,4,14,5,20,159020,211432.0,217199.0,31479.0,2177386.0,2,2,2,1
8,22.7910,2770.3510,64.2450,2857.3870,6079,6192,45,7224,4,14,5,20,159020,211452.0,215771.0,31287.0,2181991.0,2,2,2,1
9,5.4700,2758.3010,97.0680,2860.8390,6085,6192,45,7224,4,14,5,20,159020,211583.0,218200.0,31420.0,2180071.0,2,2,2,1
10,7.6480,2758.9520,47.5680,2814.1680,6084,6192,45,7224,4,14,5,21,159020,211247.0,217477.0,31391.0,2178551.0,2,2,2,1
11,18.5720,2764.3720,123.0320,2905.9760,6090,6196,45,7224,4,14,5,20,159020,211417.0,215854.0,31219.0,2175563.0,2,2,2,1
12,7.3840,2758.4810,99.7720,2865.6370,6090,6192,45,7224,4,14,5,21,159020,211517.0,216860.0,31279.0,2182136.0,2,2,2,1
13,4.5890,2757.7040,92.8800,2855.1730,6074,6194,45,7224,4,14,5,20,159020,211429.0,217121.0,31390.0,2179955.0,2,2,2,1
14,5.3770,2761.9310,92.6270,2859.9350,6081,6186,45,7224,4,14,5,20,159020,211401.0,217209.0,31568.0,2179608.0,2,2,2,1
15,6.4500,2767.9860,85.5440,2859.9800,6081,6194,45,7224,4,14,5,20,159020,211191.0,216987.0,31386.0,2186326.0,2,2,2,1
16,6.3770,2766.1290,88.8310,2861.3370,6085,6187,45,7224,4,14,5,20,159020,211492.0,218101.0,31418.0,2183849.0,2,2,2,1
17,10.5800,2753.6610,95.2310,2859.4720,6086,6187,45,7224,4,14,5,20,159020,211894.0,216783.0,31414.0,2175724.0,2,2,2,1
18,5.3710,2760.7100,94.3460,2860.4270,6087,6194,45,7224,4,14,5,20,159020,211566.0,218583.0,31229.0,2180322.0,2,2,2,1
19,5.4230,2761.1210,43.3000,2809.8440,6079,6188,45,7224,4,14,5,20,159020,212033.0,217384.0,31254.0,2178075.0,2,2,2,1
#heap 138286
#stack 3896
#end
#block sweep mTLS X25519
#lib wolfSSL 5.9.4
iter,tcp_ms,tls_ms,mqtt_ms,total_ms,hs_tx_B,hs_rx_B,mqtt_tx_B,mqtt_rx_B,hs_writes,hs_reads,writes,reads,free_heap_B,hs_keygen_us,hs_derive_us,hs_verify_us,hs_sign_us,hs_keygen_n,hs_derive_n,hs_verify_n,hs_sign_n
#suite TLS13-AES256-GCM-SHA384
0,6.5870,2439.8160,108.4060,2554.8090,4870,5080,45,7224,4,14,5,20,159020,57158.0,57001.0,31424.0,2185257.0,1,1,2,1
1,4.7000,2436.8340,108.9120,2550.4460,4877,5087,45,7224,4,14,5,20,159020,56905.0,56978.0,31475.0,2184083.0,1,1,2,1
2,5.4300,2432.6310,32.1770,2470.2380,4876,5078,45,7224,4,14,5,20,159020,56945.0,56923.0,31464.0,2178630.0,1,1,2,1
3,5.4280,2452.0990,66.8690,2524.3960,4872,5076,45,7224,4,14,5,20,159020,57036.0,56847.0,31623.0,2192237.0,1,1,2,1
4,8.4980,2425.3980,119.0320,2552.9280,4879,5077,45,7224,4,14,5,20,159020,57175.0,56958.0,31264.0,2174405.0,1,1,2,1
5,9.8060,2425.3090,117.2850,2552.4000,4874,5078,45,7224,4,14,5,20,159020,56965.0,57052.0,31407.0,2177379.0,1,1,2,1
6,4.6900,2435.6180,112.5360,2552.8440,4872,5077,45,7224,4,14,5,20,159020,57090.0,56947.0,31484.0,2180513.0,1,1,2,1
7,6.3990,2432.5250,111.1160,2550.0400,4877,5085,45,7224,4,14,5,20,159020,57577.0,57865.0,31477.0,2183100.0,1,1,2,1
8,5.7540,2435.1700,112.9500,2553.8740,4876,5085,45,7224,4,14,5,20,159020,57018.0,58309.0,31317.0,2184999.0,1,1,2,1
9,7.3770,2432.9410,111.3060,2551.6240,4873,5075,45,7224,4,14,5,20,159020,57070.0,56966.0,31398.0,2180950.0,1,1,2,1
10,5.8650,2431.7970,65.6310,2503.2930,4877,5081,45,7224,4,14,5,20,159020,57024.0,56936.0,31461.0,2173043.0,1,1,2,1
11,20.5950,2419.9150,108.2720,2548.7820,4883,5077,45,7224,4,14,5,20,159020,57061.0,56929.0,31466.0,2174254.0,1,1,2,1
12,5.8230,2433.8300,114.5030,2554.1560,4875,5080,45,7224,4,14,5,20,159020,56960.0,56917.0,31434.0,2179867.0,1,1,2,1
13,9.3920,2429.5040,112.6490,2551.5450,4874,5075,45,7224,4,14,5,20,159020,57082.0,58837.0,31346.0,2179209.0,1,1,2,1
14,23.4560,2427.9590,97.5120,2548.9270,4877,5071,45,7224,4,14,5,20,159020,56989.0,57000.0,31309.0,2178301.0,1,1,2,1
15,5.4160,2434.5230,112.8350,2552.7740,4872,5075,45,7224,4,14,5,20,159020,56948.0,56997.0,31379.0,2179696.0,1,1,2,1
16,6.5730,2436.7520,119.5360,2562.8610,4875,5079,45,7224,4,14,5,20,159020,56997.0,57093.0,31531.0,2182798.0,1,1,2,1
17,20.3960,2426.7270,36.6100,2483.7330,4872,5074,45,7224,4,14,5,20,159020,57082.0,56996.0,31479.0,2183217.0,1,1,2,1
18,4.6720,2427.2480,89.9760,2521.8960,4875,5074,45,7224,4,14,5,20,159020,56955.0,56834.0,31417.0,2177650.0,1,1,2,1
19,5.4050,2425.4000,96.7550,2527.5600,4877,5083,45,7224,4,14,5,20,159020,57052.0,57103.0,31464.0,2178596.0,1,1,2,1
#heap 135934
#stack 3296
#end
#block sweep mTLS secp256r1
#lib wolfSSL 5.9.4
iter,tcp_ms,tls_ms,mqtt_ms,total_ms,hs_tx_B,hs_rx_B,mqtt_tx_B,mqtt_rx_B,hs_writes,hs_reads,writes,reads,free_heap_B,hs_keygen_us,hs_derive_us,hs_verify_us,hs_sign_us,hs_keygen_n,hs_derive_n,hs_verify_n,hs_sign_n
#suite TLS13-AES256-GCM-SHA384
0,7.7380,2421.6280,124.9630,2554.3290,4907,5112,45,7224,4,14,5,20,159020,32377.0,72021.0,31564.0,2174786.0,1,1,2,1
1,5.4470,2423.2470,124.3500,2553.0440,4907,5110,45,7224,4,14,5,20,159020,32504.0,70401.0,31340.0,2175117.0,1,1,2,1
2,4.4590,2413.0440,135.3470,2552.8500,4910,5116,45,7224,4,14,5,20,159020,32560.0,70706.0,31376.0,2179990.0,1,1,2,1
3,5.6370,2414.2250,137.4770,2557.3390,4904,5110,45,7224,4,14,5,20,159020,32378.0,70287.0,31366.0,2183615.0,1,1,2,1
4,8.4190,2414.3440,429.9480,2852.7110,4911,5113,45,7224,4,14,5,20,159020,32529.0,70434.0,31583.0,2182533.0,1,1,2,1
5,4.6020,2421.3480,98.8700,2524.8200,4911,5112,45,7224,4,14,5,20,159020,32554.0,70317.0,31403.0,2181818.0,1,1,2,1
6,6.4250,2422.1800,124.0860,2552.6910,4907,5114,45,7224,4,14,5,20,159020,32649.0,70308.0,31363.0,2175693.0,1,1,2,1
7,6.4110,2431.2750,115.4760,2553.1620,4908,5116,45,7224,4,14,5,20,159020,32555.0,70211.0,31909.0,2199028.0,1,1,2,1
8,6.4390,2440.8170,80.1370,2527.3930,4909,5110,45,7224,4,14,5,20,159020,32937.0,70632.0,31870.0,2184679.0,1,1,2,1
9,6.3870,2436.8950,30.2170,2473.4990,4906,5111,45,7224,4,14,5,21,159020,32450.0,70422.0,31413.0,2188773.0,1,1,2,1
10,4.5800,2421.9860,31.7030,2458.2690,4913,5109,45,7224,4,14,5,20,159020,32477.0,70358.0,31417.0,2182470.0,1,1,2,1
11,5.4510,2413.3740,94.0650,2512.8900,4909,5116,45,7224,4,14,5,20,159020,32370.0,70394.0,31302.0,2179022.0,1,1,2,1
12,5.5870,2429.0110,31.5590,2466.1570,4908,5109,45,7224,4,14,5,20,159020,32370.0,70358.0,31531.0,2182277.0,1,1,2,1
13,5.3810,2425.8850,154.0420,2585.3080,4908,5109,45,7224,4,14,5,20,159020,32489.0,70504.0,31543.0,2183494.0,1,1,2,1
14,18.4010,2415.3550,60.8220,2494.5780,4903,5109,45,7224,4,14,5,20,159020,32583.0,70284.0,31377.0,2181901.0,1,1,2,1
15,5.5990,2431.2450,116.0230,2552.8670,4915,5116,45,7224,4,14,5,20,159020,32599.0,70340.0,31301.0,2183209.0,1,1,2,1
16,5.5860,2416.8220,130.7570,2553.1650,4912,5111,45,7224,4,14,5,20,159020,32531.0,72060.0,31419.0,2177628.0,1,1,2,1
17,5.3730,2400.3010,147.3600,2553.0340,4909,5109,45,7224,4,14,5,20,159020,32364.0,70345.0,31439.0,2170481.0,1,1,2,1
18,4.9800,2412.9430,134.9850,2552.9080,4902,5116,45,7224,4,14,5,20,159020,32364.0,70641.0,31306.0,2180350.0,1,1,2,1
19,6.5800,2423.4490,126.3330,2556.3620,4912,5112,45,7224,4,14,5,20,159020,32366.0,70269.0,31482.0,2176846.0,1,1,2,1
#heap 135967
#stack 2892
#end
=== done ===
