Board,Library,Signature,Mode,AEAD,Direction,iter,tcp_ms,tls_ms,mqtt_ms,total_ms,hs_tx_B,hs_rx_B,mqtt_tx_B,mqtt_rx_B,hs_writes,hs_reads,writes,reads,free_heap_B,hs_keygen_us,hs_derive_us,hs_verify_us,hs_sign_us,hs_keygen_n,hs_derive_n,hs_verify_n,hs_sign_n
rp2040,wolfSSL,SNOVA1K,TLS,,,0,5.4010,2277.3720,14.1170,2296.8900,1391,3051,45,568,2,12,3,18,134884,66312.0,70156.0,2027887.0,0.0,2,2,2,0
rp2040,wolfSSL,SNOVA1K,TLS,,,1,7.4470,2238.0630,12.7840,2258.2940,1391,3051,45,568,2,12,3,18,134884,66081.0,70092.0,2024839.0,0.0,2,2,2,0
rp2040,wolfSSL,SNOVA1K,TLS,,,2,5.3940,2242.4200,16.1880,2264.0020,1391,3051,45,568,2,12,3,18,134884,66200.0,70035.0,2026342.0,0.0,2,2,2,0
rp2040,wolfSSL,SNOVA1K,TLS,,,3,4.7700,2256.4270,14.2470,2275.4440,1391,3051,45,568,2,12,3,18,134884,66376.0,70830.0,2023798.0,0.0,2,2,2,0
rp2040,wolfSSL,SNOVA1K,TLS,,,4,5.4490,2253.6220,20.1630,2279.2340,1391,3051,45,568,2,12,3,18,134884,66401.0,70371.0,2035111.0,0.0,2,2,2,0
rp2040,wolfSSL,SNOVA1K,TLS,,,5,5.6640,2237.7230,14.4570,2257.8440,1391,3051,45,568,2,12,3,18,134884,66423.0,71639.0,2025493.0,0.0,2,2,2,0
rp2040,wolfSSL,SNOVA1K,TLS,,,6,21.4550,2252.6850,14.9090,2289.0490,1391,3051,45,568,2,12,3,18,134884,66114.0,70099.0,2030389.0,0.0,2,2,2,0
rp2040,wolfSSL,SNOVA1K,TLS,,,7,5.8390,2243.3350,13.1600,2262.3340,1391,3051,45,568,2,12,3,18,134884,66324.0,70153.0,2029801.0,0.0,2,2,2,0
rp2040,wolfSSL,SNOVA1K,TLS,,,8,4.5460,2243.4350,12.7580,2260.7390,1391,3051,45,568,2,12,3,18,134884,66263.0,70046.0,2029893.0,0.0,2,2,2,0
rp2040,wolfSSL,SNOVA1K,TLS,,,9,7.4710,2242.5840,13.0360,2263.0910,1391,3051,45,568,2,12,3,18,134884,66253.0,70087.0,2028694.0,0.0,2,2,2,0
rp2040,wolfSSL,SNOVA1K,TLS,,,10,4.6970,2241.8680,9.8320,2256.3970,1391,3051,45,568,2,12,3,18,134884,66302.0,71345.0,2031006.0,0.0,2,2,2,0
rp2040,wolfSSL,SNOVA1K,TLS,,,11,2534.9990,2243.3740,15.8280,4794.2010,1391,3051,45,568,2,12,3,18,134884,66356.0,70055.0,2028647.0,0.0,2,2,2,0
rp2040,wolfSSL,SNOVA1K,TLS,,,12,5.4450,2240.3720,13.0230,2258.8400,1391,3051,45,568,2,12,3,18,134884,66190.0,70049.0,2024586.0,0.0,2,2,2,0
rp2040,wolfSSL,SNOVA1K,TLS,,,13,25.4170,2244.6380,23.9650,2294.0200,1391,3051,45,568,2,12,3,18,134884,66365.0,70511.0,2026266.0,0.0,2,2,2,0
rp2040,wolfSSL,SNOVA1K,TLS,,,14,4.6710,2249.7310,12.8580,2267.2600,1391,3051,45,568,2,12,3,18,134884,66124.0,70427.0,2029513.0,0.0,2,2,2,0
rp2040,wolfSSL,SNOVA1K,TLS,,,15,9.4790,2252.8830,99.5880,2361.9500,1391,3051,45,568,2,12,3,18,134884,66126.0,69942.0,2034000.0,0.0,2,2,2,0
rp2040,wolfSSL,SNOVA1K,TLS,,,16,20.4290,2265.7480,49.0150,2335.1920,1391,3051,45,568,2,12,3,18,134884,66329.0,71595.0,2029700.0,0.0,2,2,2,0
rp2040,wolfSSL,SNOVA1K,TLS,,,17,21.6100,2261.0870,35.7650,2318.4620,1391,3051,45,568,2,12,3,18,134884,66530.0,71256.0,2026747.0,0.0,2,2,2,0
rp2040,wolfSSL,SNOVA1K,TLS,,,18,11.6210,2264.7830,52.5970,2329.0010,1391,3051,45,568,2,12,3,18,134884,66202.0,70716.0,2027864.0,0.0,2,2,2,0
rp2040,wolfSSL,SNOVA1K,TLS,,,19,25.5810,2299.9380,35.9540,2361.4730,1391,3051,45,568,2,12,3,18,134884,66067.0,70040.0,2028950.0,0.0,2,2,2,0
rp2040,wolfSSL,SNOVA1K,TLS,,,20,25.4570,2247.7550,39.9130,2313.1250,1391,3051,45,568,2,12,3,18,134884,66678.0,70065.0,2028445.0,0.0,2,2,2,0
rp2040,wolfSSL,SNOVA1K,TLS,,,21,36.4310,2263.7330,39.7130,2339.8770,1391,3051,45,568,2,12,3,18,134884,66221.0,70025.0,2028785.0,0.0,2,2,2,0
rp2040,wolfSSL,SNOVA1K,TLS,,,22,39.6470,2263.1660,30.9790,2333.7920,1391,3051,45,568,2,12,3,18,134884,66348.0,70063.0,2027680.0,0.0,2,2,2,0
rp2040,wolfSSL,SNOVA1K,TLS,,,23,29.5090,2255.2860,67.3950,2352.1900,1391,3051,45,568,2,12,3,18,134884,66114.0,70033.0,2027350.0,0.0,2,2,2,0
rp2040,wolfSSL,SNOVA1K,TLS,,,24,38.7900,2289.1600,39.7910,2367.7410,1391,3051,45,568,2,12,3,18,134884,66237.0,71563.0,2025769.0,0.0,2,2,2,0
rp2040,wolfSSL,SNOVA1K,TLS,,,25,53.7130,2281.4720,74.2350,2409.4200,1391,3051,45,568,2,12,3,18,134884,66533.0,70050.0,2026412.0,0.0,2,2,2,0
rp2040,wolfSSL,SNOVA1K,TLS,,,26,58.6530,2257.2070,45.8660,2361.7260,1391,3051,45,568,2,12,3,18,134884,66153.0,71658.0,2029849.0,0.0,2,2,2,0
rp2040,wolfSSL,SNOVA1K,TLS,,,27,28.5820,2246.4040,146.3100,2421.2960,1391,3051,45,568,2,12,3,18,134884,66171.0,71129.0,2030202.0,0.0,2,2,2,0
rp2040,wolfSSL,SNOVA1K,TLS,,,28,26.4520,2259.4410,483.3610,2769.2540,1391,3051,45,568,2,12,3,18,134884,66352.0,71313.0,2026364.0,0.0,2,2,2,0
rp2040,wolfSSL,SNOVA1K,TLS,,,29,25.6360,2272.2990,48.4150,2346.3500,1391,3051,45,568,2,12,3,18,134884,66202.0,70638.0,2025323.0,0.0,2,2,2,0
rp2040,wolfSSL,SNOVA1K,TLS,,,30,39.6070,2256.2450,29.5520,2325.4040,1391,3051,45,568,2,12,3,18,134884,66239.0,71342.0,2023139.0,0.0,2,2,2,0
rp2040,wolfSSL,SNOVA1K,TLS,,,31,42.4270,2257.2040,55.3100,2354.9410,1391,3051,45,568,2,12,3,18,134884,66161.0,71295.0,2035272.0,0.0,2,2,2,0
rp2040,wolfSSL,SNOVA1K,TLS,,,32,4.5740,2243.4440,9.2190,2257.2370,1391,3051,45,568,2,12,3,18,134884,66226.0,71652.0,2028462.0,0.0,2,2,2,0
rp2040,wolfSSL,SNOVA1K,TLS,,,33,4.4220,2258.7940,16.9690,2280.1850,1391,3051,45,568,2,12,3,18,134884,66261.0,71085.0,2026800.0,0.0,2,2,2,0
rp2040,wolfSSL,SNOVA1K,TLS,,,34,5.4000,2232.2460,17.2570,2254.9030,1391,3051,45,568,2,12,3,18,134884,66264.0,70161.0,2024703.0,0.0,2,2,2,0
rp2040,wolfSSL,SNOVA1K,TLS,,,35,6.6540,2238.7250,14.3160,2259.6950,1391,3051,45,568,2,12,3,18,134884,66253.0,69931.0,2028675.0,0.0,2,2,2,0
rp2040,wolfSSL,SNOVA1K,TLS,,,36,49.4880,2253.8290,12.4280,2315.7450,1391,3051,45,568,2,12,3,18,134884,66352.0,70119.0,2023932.0,0.0,2,2,2,0
rp2040,wolfSSL,SNOVA1K,TLS,,,37,5.4340,2237.6040,13.1560,2256.1940,1391,3051,45,568,2,12,3,18,134884,66236.0,70073.0,2024451.0,0.0,2,2,2,0
rp2040,wolfSSL,SNOVA1K,TLS,,,38,9.4180,2241.5040,25.8680,2276.7900,1391,3051,45,568,2,12,3,18,134884,66155.0,70043.0,2026513.0,0.0,2,2,2,0
rp2040,wolfSSL,SNOVA1K,TLS,,,39,30.4200,2255.2070,12.1690,2297.7960,1391,3051,45,568,2,12,3,18,134884,66231.0,70403.0,2027029.0,0.0,2,2,2,0
rp2040,wolfSSL,SNOVA1K,TLS,,,40,4.6060,2252.3910,15.6570,2272.6540,1391,3051,45,568,2,12,3,18,134884,66190.0,70182.0,2028744.0,0.0,2,2,2,0
rp2040,wolfSSL,SNOVA1K,TLS,,,41,5.4190,2244.5550,15.0630,2265.0370,1391,3051,45,568,2,12,3,18,134884,66350.0,70255.0,2025842.0,0.0,2,2,2,0
rp2040,wolfSSL,SNOVA1K,TLS,,,42,6.5620,2272.2100,12.8720,2291.6440,1391,3051,45,568,2,12,3,18,134884,66302.0,70019.0,2027091.0,0.0,2,2,2,0
rp2040,wolfSSL,SNOVA1K,TLS,,,43,9.4040,2241.4660,12.7430,2263.6130,1391,3051,45,568,2,12,3,18,134884,66200.0,70075.0,2027624.0,0.0,2,2,2,0
rp2040,wolfSSL,SNOVA1K,TLS,,,44,5.7660,2241.7300,12.6810,2260.1770,1391,3051,45,568,2,12,3,18,134884,66224.0,69952.0,2027382.0,0.0,2,2,2,0
rp2040,wolfSSL,SNOVA1K,TLS,,,45,8.4120,2249.8710,12.5520,2270.8350,1391,3051,45,568,2,12,3,18,134884,66095.0,71103.0,2028445.0,0.0,2,2,2,0
rp2040,wolfSSL,SNOVA1K,TLS,,,46,5.4520,2243.8600,13.1850,2262.4970,1391,3051,45,568,2,12,3,18,134884,66139.0,70608.0,2026103.0,0.0,2,2,2,0
rp2040,wolfSSL,SNOVA1K,TLS,,,47,4.4130,2241.3240,12.3320,2258.0690,1391,3051,45,568,2,12,3,18,134884,66314.0,70552.0,2024565.0,0.0,2,2,2,0
rp2040,wolfSSL,SNOVA1K,TLS,,,48,5.4120,2238.4850,14.7070,2258.6040,1391,3051,45,568,2,12,3,18,134884,66321.0,70138.0,2025738.0,0.0,2,2,2,0
rp2040,wolfSSL,SNOVA1K,TLS,,,49,5.5480,2246.3710,14.6390,2266.5580,1391,3051,45,568,2,12,3,18,134884,66396.0,70245.0,2029858.0,0.0,2,2,2,0
rp2040,wolfSSL,SNOVA1K,mTLS,,,0,5.4200,3613.6680,27.3510,3646.4390,3159,3237,45,2904,4,14,5,20,133140,66299.0,70717.0,2024615.0,1355128.0,2,2,2,1
rp2040,wolfSSL,SNOVA1K,mTLS,,,1,5.5940,3610.8390,25.9390,3642.3720,3159,3237,45,2904,4,14,5,20,133140,66113.0,70482.0,2026026.0,1354962.0,2,2,2,1
rp2040,wolfSSL,SNOVA1K,mTLS,,,2,5.4140,3610.0870,29.4950,3644.9960,3159,3237,45,2904,4,14,5,20,133140,66182.0,70056.0,2026890.0,1355167.0,2,2,2,1
rp2040,wolfSSL,SNOVA1K,mTLS,,,3,5.4120,3608.4380,44.6250,3658.4750,3159,3237,45,2904,4,14,5,20,133140,66499.0,70153.0,2028481.0,1354422.0,2,2,2,1
rp2040,wolfSSL,SNOVA1K,mTLS,,,4,5.4010,3616.1180,27.8300,3649.3490,3159,3237,45,2904,4,14,5,20,133140,66097.0,70392.0,2027809.0,1353599.0,2,2,2,1
rp2040,wolfSSL,SNOVA1K,mTLS,,,5,4.7660,3630.6610,27.4430,3662.8700,3159,3237,45,2904,4,14,5,20,133140,66213.0,70104.0,2030501.0,1354241.0,2,2,2,1
rp2040,wolfSSL,SNOVA1K,mTLS,,,6,4.5820,3627.8220,27.6050,3660.0090,3159,3237,45,2904,4,14,5,20,133140,66315.0,70055.0,2029558.0,1353723.0,2,2,2,1
rp2040,wolfSSL,SNOVA1K,mTLS,,,7,5.4750,3633.2360,21.9360,3660.6470,3159,3237,45,2904,4,14,5,20,133140,66216.0,70061.0,2031029.0,1356201.0,2,2,2,1
rp2040,wolfSSL,SNOVA1K,mTLS,,,8,6.3920,4987.0520,99.2210,5092.6650,3159,3237,45,2904,4,14,5,20,133140,66126.0,70657.0,2032651.0,2701670.0,2,2,2,1
rp2040,wolfSSL,SNOVA1K,mTLS,,,9,7.5090,3641.8810,44.6320,3694.0220,3159,3237,45,2904,4,14,5,20,133140,66326.0,70034.0,2034991.0,1355694.0,2,2,2,1
rp2040,wolfSSL,SNOVA1K,mTLS,,,10,5.4400,3619.1340,23.3180,3647.8920,3159,3237,45,2904,4,14,5,20,133140,66589.0,70021.0,2031173.0,1353223.0,2,2,2,1
rp2040,wolfSSL,SNOVA1K,mTLS,,,11,4.6270,3627.7160,26.6410,3658.9840,3159,3237,45,2904,4,14,5,20,133140,66116.0,70505.0,2024151.0,1356535.0,2,2,2,1
rp2040,wolfSSL,SNOVA1K,mTLS,,,12,5.4930,3626.9810,24.1660,3656.6400,3159,3237,45,2904,4,14,5,20,133140,66205.0,69951.0,2026839.0,1354758.0,2,2,2,1
rp2040,wolfSSL,SNOVA1K,mTLS,,,13,5.4940,3637.1520,22.1390,3664.7850,3159,3237,45,2904,4,14,5,20,133140,66341.0,70022.0,2027380.0,1363434.0,2,2,2,1
rp2040,wolfSSL,SNOVA1K,mTLS,,,14,4.4110,3624.2970,23.4730,3652.1810,3159,3237,45,2904,4,14,5,20,133140,66183.0,70503.0,2028484.0,1355523.0,2,2,2,1
rp2040,wolfSSL,SNOVA1K,mTLS,,,15,6.3990,3638.6890,20.4420,3665.5300,3159,3237,45,2904,4,14,5,20,133140,66126.0,70711.0,2029470.0,1357990.0,2,2,2,1
rp2040,wolfSSL,SNOVA1K,mTLS,,,16,16.4650,3625.7480,47.5190,3689.7320,3159,3237,45,2904,4,14,5,20,133140,66246.0,70023.0,2027642.0,1354340.0,2,2,2,1
rp2040,wolfSSL,SNOVA1K,mTLS,,,17,4.3910,3618.8580,27.9170,3651.1660,3159,3237,45,2904,4,14,5,20,133140,66363.0,71290.0,2026483.0,1354473.0,2,2,2,1
rp2040,wolfSSL,SNOVA1K,mTLS,,,18,4.6420,3622.3530,24.2580,3651.2530,3159,3237,45,2904,4,14,5,20,133140,66180.0,70462.0,2026156.0,1355822.0,2,2,2,1
rp2040,wolfSSL,SNOVA1K,mTLS,,,19,5.3900,3616.0970,23.4930,3644.9800,3159,3237,45,2904,4,14,5,20,133140,66084.0,70061.0,2026187.0,1353529.0,2,2,2,1
rp2040,wolfSSL,SNOVA1K,mTLS,,,20,5.5790,3607.0330,38.1440,3650.7560,3159,3237,45,2904,4,14,5,20,133140,66301.0,70055.0,2023657.0,1355874.0,2,2,2,1
rp2040,wolfSSL,SNOVA1K,mTLS,,,21,6.4190,3603.0770,24.5850,3634.0810,3159,3237,45,2904,4,14,5,20,133140,66090.0,70418.0,2023220.0,1353920.0,2,2,2,1
rp2040,wolfSSL,SNOVA1K,mTLS,,,22,5.4340,3619.8520,26.7240,3652.0100,3159,3237,45,2904,4,14,5,20,133140,66210.0,70048.0,2022162.0,1354845.0,2,2,2,1
rp2040,wolfSSL,SNOVA1K,mTLS,,,23,5.4380,3623.2860,26.9380,3655.6620,3159,3237,45,2904,4,14,5,20,133140,66349.0,70224.0,2024864.0,1354835.0,2,2,2,1
rp2040,wolfSSL,SNOVA1K,mTLS,,,24,6.6250,3616.8150,24.1850,3647.6250,3159,3237,45,2904,4,14,5,20,133140,66169.0,70517.0,2023234.0,1355882.0,2,2,2,1
rp2040,wolfSSL,SNOVA1K,mTLS,,,25,4.4060,3660.6120,24.3470,3689.3650,3159,3237,45,2904,4,14,5,20,133140,66816.0,70690.0,2024784.0,1354648.0,2,2,2,1
rp2040,wolfSSL,SNOVA1K,mTLS,,,26,5.4500,3622.7270,23.5010,3651.6780,3159,3237,45,2904,4,14,5,20,133140,66197.0,70135.0,2024041.0,1352705.0,2,2,2,1
rp2040,wolfSSL,SNOVA1K,mTLS,,,27,5.4140,3627.1950,26.3940,3659.0030,3159,3237,45,2904,4,14,5,20,133140,66095.0,69953.0,2025476.0,1354619.0,2,2,2,1
rp2040,wolfSSL,SNOVA1K,mTLS,,,28,9.4010,3620.8590,26.8480,3657.1080,3159,3237,45,2904,4,14,5,20,133140,66254.0,70726.0,2025093.0,1354413.0,2,2,2,1
rp2040,wolfSSL,SNOVA1K,mTLS,,,29,4.8180,3624.4160,408.8600,4038.0940,3159,3237,45,2904,4,14,5,20,133140,66051.0,70430.0,2028897.0,1357800.0,2,2,2,1
rp2040,wolfSSL,SNOVA1K,mTLS,,,30,10.7280,3608.1950,55.4360,3674.3590,3159,3237,45,2904,4,14,5,20,133140,66118.0,71354.0,2026613.0,1356026.0,2,2,2,1
rp2040,wolfSSL,SNOVA1K,mTLS,,,31,6.4200,3606.4050,32.8450,3645.6700,3159,3237,45,2904,4,14,5,20,133140,66112.0,70089.0,2027956.0,1354714.0,2,2,2,1
rp2040,wolfSSL,SNOVA1K,mTLS,,,32,6.4160,3614.0990,24.0930,3644.6080,3159,3237,45,2904,4,14,5,20,133140,66395.0,70211.0,2028821.0,1352242.0,2,2,2,1
rp2040,wolfSSL,SNOVA1K,mTLS,,,33,5.4120,3632.3460,26.8030,3664.5610,3159,3237,45,2904,4,14,5,20,133140,66096.0,70516.0,2025825.0,1357027.0,2,2,2,1
rp2040,wolfSSL,SNOVA1K,mTLS,,,34,6.4340,4975.3140,108.1210,5089.8690,3159,3237,45,2904,4,14,5,20,133140,66870.0,70162.0,2032701.0,2693565.0,2,2,2,1
rp2040,wolfSSL,SNOVA1K,mTLS,,,35,6.4000,3632.8120,26.5840,3665.7960,3159,3237,45,2904,4,14,5,20,133140,66362.0,70031.0,2026065.0,1353693.0,2,2,2,1
rp2040,wolfSSL,SNOVA1K,mTLS,,,36,7.4410,3632.2840,26.4300,3666.1550,3159,3237,45,2904,4,14,5,20,133140,66096.0,70424.0,2023879.0,1355219.0,2,2,2,1
rp2040,wolfSSL,SNOVA1K,mTLS,,,37,5.5390,3620.7340,24.5440,3650.8170,3159,3237,45,2904,4,14,5,20,133140,66212.0,70063.0,2025152.0,1353878.0,2,2,2,1
rp2040,wolfSSL,SNOVA1K,mTLS,,,38,4.4240,3621.5800,25.5470,3651.5510,3159,3237,45,2904,4,14,5,20,133140,66170.0,70088.0,2024634.0,1352430.0,2,2,2,1
rp2040,wolfSSL,SNOVA1K,mTLS,,,39,5.3930,3622.0870,27.0290,3654.5090,3159,3237,45,2904,4,14,5,20,133140,66208.0,70094.0,2025239.0,1356168.0,2,2,2,1
rp2040,wolfSSL,SNOVA1K,mTLS,,,40,5.5390,3634.8230,22.2220,3662.5840,3159,3237,45,2904,4,14,5,20,133140,67086.0,70547.0,2029159.0,1354612.0,2,2,2,1
rp2040,wolfSSL,SNOVA1K,mTLS,,,41,4.4090,3613.6340,25.6710,3643.7140,3159,3237,45,2904,4,14,5,20,133140,66188.0,70107.0,2029162.0,1354293.0,2,2,2,1
rp2040,wolfSSL,SNOVA1K,mTLS,,,42,9.5300,3609.2470,32.5870,3651.3640,3159,3237,45,2904,4,14,5,20,133140,66104.0,69973.0,2027374.0,1353252.0,2,2,2,1
rp2040,wolfSSL,SNOVA1K,mTLS,,,43,3.4810,3615.8100,33.9880,3653.2790,3159,3237,45,2904,4,14,5,20,133140,66370.0,70243.0,2027236.0,1355569.0,2,2,2,1
rp2040,wolfSSL,SNOVA1K,mTLS,,,44,4.4130,3616.8480,23.9090,3645.1700,3159,3237,45,2904,4,14,5,20,133140,66333.0,70040.0,2026754.0,1354610.0,2,2,2,1
rp2040,wolfSSL,SNOVA1K,mTLS,,,45,6.4780,3627.9300,52.7670,3687.1750,3159,3237,45,2904,4,14,5,20,133140,66251.0,70001.0,2027496.0,1365375.0,2,2,2,1
rp2040,wolfSSL,SNOVA1K,mTLS,,,46,6.4170,4953.8900,119.1290,5079.4360,3159,3237,45,2904,4,14,5,20,133140,66222.0,70701.0,2026023.0,2694533.0,2,2,2,1
rp2040,wolfSSL,SNOVA1K,mTLS,,,47,6.3900,3609.7410,22.7730,3638.9040,3159,3237,45,2904,4,14,5,20,133140,66301.0,70100.0,2028785.0,1355444.0,2,2,2,1
rp2040,wolfSSL,SNOVA1K,mTLS,,,48,7.5800,3611.9530,30.8200,3650.3530,3159,3237,45,2904,4,14,5,20,133140,66203.0,70631.0,2024198.0,1356327.0,2,2,2,1
rp2040,wolfSSL,SNOVA1K,mTLS,,,49,10.4880,3605.9430,45.1130,3661.5440,3159,3237,45,2904,4,14,5,20,133140,66102.0,69947.0,2027175.0,1355569.0,2,2,2,1
rp2040,wolfSSL,SNOVA1B,TLS,,,0,10.3970,1961.2310,16.5400,1988.1680,1391,3051,45,568,2,12,3,18,138700,66216.0,70049.0,1748297.0,0.0,2,2,2,0
rp2040,wolfSSL,SNOVA1B,TLS,,,1,4.6050,1960.8140,21.3890,1986.8080,1391,3051,45,568,2,12,3,18,138700,66246.0,70071.0,1751789.0,0.0,2,2,2,0
rp2040,wolfSSL,SNOVA1B,TLS,,,2,8.6350,1965.7500,15.7090,1990.0940,1391,3051,45,568,2,12,3,18,138700,66265.0,70065.0,1750002.0,0.0,2,2,2,0
rp2040,wolfSSL,SNOVA1B,TLS,,,3,7.5210,1963.0460,24.9670,1995.5340,1391,3051,45,568,2,12,3,18,138700,66254.0,70082.0,1750835.0,0.0,2,2,2,0
rp2040,wolfSSL,SNOVA1B,TLS,,,4,7.5330,1962.0530,11.8520,1981.4380,1391,3051,45,568,2,12,3,18,138700,66470.0,70079.0,1750832.0,0.0,2,2,2,0
rp2040,wolfSSL,SNOVA1B,TLS,,,5,2861.4140,1968.3930,31.7390,4861.5460,1391,3051,45,568,2,12,3,18,138700,66365.0,70702.0,1749705.0,0.0,2,2,2,0
rp2040,wolfSSL,SNOVA1B,TLS,,,6,8.6290,1959.3810,15.0610,1983.0710,1391,3051,45,568,2,12,3,18,138700,66885.0,70179.0,1749775.0,0.0,2,2,2,0
rp2040,wolfSSL,SNOVA1B,TLS,,,7,4.7330,1966.2510,27.9220,1998.9060,1391,3051,45,568,2,12,3,18,138700,66229.0,70543.0,1753424.0,0.0,2,2,2,0
rp2040,wolfSSL,SNOVA1B,TLS,,,8,5.3870,1973.7380,12.2830,1991.4080,1391,3051,45,568,2,12,3,18,138700,66264.0,70418.0,1747882.0,0.0,2,2,2,0
rp2040,wolfSSL,SNOVA1B,TLS,,,9,31.4210,1971.8740,13.5540,2016.8490,1391,3051,45,568,2,12,3,18,138700,66210.0,70614.0,1753516.0,0.0,2,2,2,0
rp2040,wolfSSL,SNOVA1B,TLS,,,10,6.5090,1974.2840,26.7290,2007.5220,1391,3051,45,568,2,12,3,18,138700,66173.0,70629.0,1758185.0,0.0,2,2,2,0
rp2040,wolfSSL,SNOVA1B,TLS,,,11,6.6010,1970.5440,14.3640,1991.5090,1391,3051,45,568,2,12,3,18,138700,66245.0,70864.0,1750242.0,0.0,2,2,2,0
rp2040,wolfSSL,SNOVA1B,TLS,,,12,7.6160,1967.4670,12.8830,1987.9660,1391,3051,45,568,2,12,3,18,138700,66065.0,70586.0,1751348.0,0.0,2,2,2,0
rp2040,wolfSSL,SNOVA1B,TLS,,,13,6.3910,1970.5460,13.2560,1990.1930,1391,3051,45,568,2,12,3,18,138700,66383.0,70678.0,1751420.0,0.0,2,2,2,0
rp2040,wolfSSL,SNOVA1B,TLS,,,14,5.5930,1984.5000,20.8920,2010.9850,1391,3051,45,568,2,12,3,18,138700,66271.0,70066.0,1749546.0,0.0,2,2,2,0
rp2040,wolfSSL,SNOVA1B,TLS,,,15,24.5200,1978.6600,12.6230,2015.8030,1391,3051,45,568,2,12,3,18,138700,66369.0,69871.0,1753346.0,0.0,2,2,2,0
rp2040,wolfSSL,SNOVA1B,TLS,,,16,7.5330,1971.6910,34.2940,2013.5180,1391,3051,45,568,2,12,3,18,138700,66455.0,69950.0,1750697.0,0.0,2,2,2,0
rp2040,wolfSSL,SNOVA1B,TLS,,,17,6.6560,1960.7570,15.1220,1982.5350,1391,3051,45,568,2,12,3,18,138700,66255.0,70055.0,1748818.0,0.0,2,2,2,0
rp2040,wolfSSL,SNOVA1B,TLS,,,18,5.4270,1960.4670,14.8830,1980.7770,1391,3051,45,568,2,12,3,18,138700,66289.0,69946.0,1749153.0,0.0,2,2,2,0
rp2040,wolfSSL,SNOVA1B,TLS,,,19,5.3890,1965.0450,14.8750,1985.3090,1391,3051,45,568,2,12,3,18,138700,66499.0,70143.0,1748001.0,0.0,2,2,2,0
rp2040,wolfSSL,SNOVA1B,TLS,,,20,5.4000,1961.7500,40.0920,2007.2420,1391,3051,45,568,2,12,3,18,138700,66156.0,71321.0,1749744.0,0.0,2,2,2,0
rp2040,wolfSSL,SNOVA1B,TLS,,,21,5.6450,1964.5810,13.2140,1983.4400,1391,3051,45,568,2,12,3,18,138700,66389.0,69979.0,1752529.0,0.0,2,2,2,0
rp2040,wolfSSL,SNOVA1B,TLS,,,22,5.3900,1960.9620,41.3390,2007.6910,1391,3051,45,568,2,12,3,18,138700,66371.0,70078.0,1749146.0,0.0,2,2,2,0
rp2040,wolfSSL,SNOVA1B,TLS,,,23,6.3920,1963.0160,14.9380,1984.3460,1391,3051,45,568,2,12,3,18,138700,66324.0,71445.0,1753111.0,0.0,2,2,2,0
rp2040,wolfSSL,SNOVA1B,TLS,,,24,6.5460,1983.1650,24.1930,2013.9040,1391,3051,45,568,2,12,3,18,138700,66280.0,70101.0,1752036.0,0.0,2,2,2,0
rp2040,wolfSSL,SNOVA1B,TLS,,,25,267.0500,1957.9990,15.6180,2240.6670,1391,3051,45,568,2,12,3,18,138700,66284.0,69900.0,1749755.0,0.0,2,2,2,0
rp2040,wolfSSL,SNOVA1B,TLS,,,26,5.7220,1987.5560,12.4660,2005.7440,1391,3051,45,568,2,12,3,18,138700,66262.0,70040.0,1750874.0,0.0,2,2,2,0
rp2040,wolfSSL,SNOVA1B,TLS,,,27,7.4800,1962.5750,12.0940,1982.1490,1391,3051,45,568,2,12,3,18,138700,66358.0,70135.0,1749599.0,0.0,2,2,2,0
rp2040,wolfSSL,SNOVA1B,TLS,,,28,7.5230,1969.7910,14.1120,1991.4260,1391,3051,45,568,2,12,3,18,138700,66228.0,71311.0,1747819.0,0.0,2,2,2,0
rp2040,wolfSSL,SNOVA1B,TLS,,,29,7.4410,1965.0770,26.6160,1999.1340,1391,3051,45,568,2,12,3,18,138700,66180.0,69924.0,1749073.0,0.0,2,2,2,0
rp2040,wolfSSL,SNOVA1B,TLS,,,30,6.7990,1966.0770,13.7720,1986.6480,1391,3051,45,568,2,12,3,18,138700,66213.0,70075.0,1750263.0,0.0,2,2,2,0
rp2040,wolfSSL,SNOVA1B,TLS,,,31,4.9490,1960.0370,25.7170,1990.7030,1391,3051,45,568,2,12,3,18,138700,66149.0,70042.0,1749837.0,0.0,2,2,2,0
rp2040,wolfSSL,SNOVA1B,TLS,,,32,5.4520,1969.9050,19.2780,1994.6350,1391,3051,45,568,2,12,3,18,138700,66078.0,69978.0,1747503.0,0.0,2,2,2,0
rp2040,wolfSSL,SNOVA1B,TLS,,,33,29.4390,1962.5560,13.5020,2005.4970,1391,3051,45,568,2,12,3,18,138700,66253.0,70120.0,1746132.0,0.0,2,2,2,0
rp2040,wolfSSL,SNOVA1B,TLS,,,34,8.6190,1958.9710,13.2870,1980.8770,1391,3051,45,568,2,12,3,18,138700,66374.0,69994.0,1746355.0,0.0,2,2,2,0
rp2040,wolfSSL,SNOVA1B,TLS,,,35,4.7350,1972.8400,12.4650,1990.0400,1391,3051,45,568,2,12,3,18,138700,66307.0,69982.0,1747736.0,0.0,2,2,2,0
rp2040,wolfSSL,SNOVA1B,TLS,,,36,5.5050,1970.5290,29.8220,2005.8560,1391,3051,45,568,2,12,3,18,138700,66267.0,70120.0,1750137.0,0.0,2,2,2,0
rp2040,wolfSSL,SNOVA1B,TLS,,,37,5.5980,1961.0170,12.9950,1979.6100,1391,3051,45,568,2,12,3,18,138700,66189.0,69977.0,1747324.0,0.0,2,2,2,0
rp2040,wolfSSL,SNOVA1B,TLS,,,38,6.3970,1959.4250,32.5730,1998.3950,1391,3051,45,568,2,12,3,18,138700,66266.0,70038.0,1746345.0,0.0,2,2,2,0
rp2040,wolfSSL,SNOVA1B,TLS,,,39,5.4180,1966.1740,13.5040,1985.0960,1391,3051,45,568,2,12,3,18,138700,66324.0,70126.0,1748017.0,0.0,2,2,2,0
rp2040,wolfSSL,SNOVA1B,TLS,,,40,6.4400,1961.4700,22.7530,1990.6630,1391,3051,45,568,2,12,3,18,138700,66478.0,71477.0,1747439.0,0.0,2,2,2,0
rp2040,wolfSSL,SNOVA1B,TLS,,,41,4.4160,1958.6920,13.0930,1976.2010,1391,3051,45,568,2,12,3,18,138700,66280.0,70060.0,1748696.0,0.0,2,2,2,0
rp2040,wolfSSL,SNOVA1B,TLS,,,42,8.6020,1963.0260,31.5670,2003.1950,1391,3051,45,568,2,12,3,18,138700,66167.0,70076.0,1750026.0,0.0,2,2,2,0
rp2040,wolfSSL,SNOVA1B,TLS,,,43,5.6020,1965.2770,14.9970,1985.8760,1391,3051,45,568,2,12,3,18,138700,66403.0,70116.0,1750373.0,0.0,2,2,2,0
rp2040,wolfSSL,SNOVA1B,TLS,,,44,5.4060,1963.6850,19.1770,1988.2680,1391,3051,45,568,2,12,3,18,138700,66168.0,70107.0,1750283.0,0.0,2,2,2,0
rp2040,wolfSSL,SNOVA1B,TLS,,,45,6.4110,1970.3770,12.8860,1989.6740,1391,3051,45,568,2,12,3,18,138700,66286.0,70086.0,1750913.0,0.0,2,2,2,0
rp2040,wolfSSL,SNOVA1B,TLS,,,46,8.5100,1964.7070,17.2950,1990.5120,1391,3051,45,568,2,12,3,18,138700,66403.0,70066.0,1750812.0,0.0,2,2,2,0
rp2040,wolfSSL,SNOVA1B,TLS,,,47,5.4230,1963.5360,14.4720,1983.4310,1391,3051,45,568,2,12,3,18,138700,66278.0,69951.0,1748815.0,0.0,2,2,2,0
rp2040,wolfSSL,SNOVA1B,TLS,,,48,5.4180,1960.3320,35.7380,2001.4880,1391,3051,45,568,2,12,3,18,138700,66301.0,70081.0,1748533.0,0.0,2,2,2,0
rp2040,wolfSSL,SNOVA1B,TLS,,,49,11.4300,1959.3680,29.7570,2000.5550,1391,3051,45,568,2,12,3,18,138700,66366.0,69976.0,1747659.0,0.0,2,2,2,0
rp2040,wolfSSL,SNOVA1B,mTLS,,,0,5.4350,3129.6460,25.7490,3160.8300,3159,3237,45,3192,4,14,5,20,136532,66321.0,70100.0,1748352.0,1156676.0,2,2,2,1
rp2040,wolfSSL,SNOVA1B,mTLS,,,1,7.3940,3131.2830,26.9890,3165.6660,3159,3237,45,3192,4,14,5,20,136532,66261.0,71351.0,1750266.0,1156363.0,2,2,2,1
rp2040,wolfSSL,SNOVA1B,mTLS,,,2,16.7330,3133.1170,24.3480,3174.1980,3159,3237,45,3192,4,14,5,20,136532,66171.0,70634.0,1750960.0,1156705.0,2,2,2,1
rp2040,wolfSSL,SNOVA1B,mTLS,,,3,5.6430,3135.8180,25.8990,3167.3600,3159,3237,45,3192,4,14,5,20,136532,66414.0,69934.0,1748130.0,1155455.0,2,2,2,1
rp2040,wolfSSL,SNOVA1B,mTLS,,,4,5.4150,3129.7870,24.2090,3159.4110,3159,3237,45,3192,4,14,5,20,136532,66183.0,70078.0,1748530.0,1156688.0,2,2,2,1
rp2040,wolfSSL,SNOVA1B,mTLS,,,5,6.5810,3130.0100,29.1060,3165.6970,3159,3237,45,3192,4,14,5,20,136532,66139.0,70639.0,1748201.0,1156728.0,2,2,2,1
rp2040,wolfSSL,SNOVA1B,mTLS,,,6,5.4200,3133.1310,27.3560,3165.9070,3159,3237,45,3192,4,14,5,20,136532,66188.0,70086.0,1748406.0,1155484.0,2,2,2,1
rp2040,wolfSSL,SNOVA1B,mTLS,,,7,6.4290,3131.1140,29.7520,3167.2950,3159,3237,45,3192,4,14,5,20,136532,66279.0,70103.0,1750949.0,1155286.0,2,2,2,1
rp2040,wolfSSL,SNOVA1B,mTLS,,,8,5.3900,3135.5530,24.8950,3165.8380,3159,3237,45,3192,4,14,5,20,136532,66096.0,70093.0,1750775.0,1161315.0,2,2,2,1
rp2040,wolfSSL,SNOVA1B,mTLS,,,9,36.5490,3141.7360,22.5280,3200.8130,3159,3237,45,3192,4,14,5,20,136532,66746.0,70550.0,1753737.0,1157955.0,2,2,2,1
rp2040,wolfSSL,SNOVA1B,mTLS,,,10,4.6770,3135.2470,24.0480,3163.9720,3159,3237,45,3192,4,14,5,20,136532,66354.0,70247.0,1751147.0,1157901.0,2,2,2,1
rp2040,wolfSSL,SNOVA1B,mTLS,,,11,5.5100,3135.0610,27.4510,3168.0220,3159,3237,45,3192,4,14,5,20,136532,66228.0,70289.0,1749764.0,1157333.0,2,2,2,1
rp2040,wolfSSL,SNOVA1B,mTLS,,,12,27.4580,3132.0060,24.8020,3184.2660,3159,3237,45,3192,4,14,5,20,136532,66123.0,70086.0,1748837.0,1156625.0,2,2,2,1
rp2040,wolfSSL,SNOVA1B,mTLS,,,13,6.4040,3164.1120,32.7350,3203.2510,3159,3237,45,3192,4,14,5,20,136532,66560.0,70760.0,1749604.0,1157536.0,2,2,2,1
rp2040,wolfSSL,SNOVA1B,mTLS,,,14,5.6260,3131.3830,31.2750,3168.2840,3159,3237,45,3192,4,14,5,20,136532,66208.0,70077.0,1750548.0,1155115.0,2,2,2,1
rp2040,wolfSSL,SNOVA1B,mTLS,,,15,5.6230,3131.8900,27.8940,3165.4070,3159,3237,45,3192,4,14,5,20,136532,66216.0,70063.0,1748978.0,1156005.0,2,2,2,1
rp2040,wolfSSL,SNOVA1B,mTLS,,,16,7.3890,3142.2310,23.6820,3173.3020,3159,3237,45,3192,4,14,5,20,136532,66242.0,70143.0,1747242.0,1167410.0,2,2,2,1
rp2040,wolfSSL,SNOVA1B,mTLS,,,17,7.7920,3142.9980,26.3780,3177.1680,3159,3237,45,3192,4,14,5,20,136532,66177.0,70103.0,1751201.0,1156996.0,2,2,2,1
rp2040,wolfSSL,SNOVA1B,mTLS,,,18,6.5890,3133.0700,23.7530,3163.4120,3159,3237,45,3192,4,14,5,20,136532,66212.0,70188.0,1747981.0,1156354.0,2,2,2,1
rp2040,wolfSSL,SNOVA1B,mTLS,,,19,12.4300,3127.4840,23.8190,3163.7330,3159,3237,45,3192,4,14,5,20,136532,66424.0,70171.0,1749132.0,1155687.0,2,2,2,1
rp2040,wolfSSL,SNOVA1B,mTLS,,,20,17.4010,3135.4000,23.8750,3176.6760,3159,3237,45,3192,4,14,5,20,136532,66130.0,70292.0,1749320.0,1157474.0,2,2,2,1
rp2040,wolfSSL,SNOVA1B,mTLS,,,21,7.4580,3133.2610,23.4510,3164.1700,3159,3237,45,3192,4,14,5,20,136532,66249.0,70143.0,1750846.0,1155152.0,2,2,2,1
rp2040,wolfSSL,SNOVA1B,mTLS,,,22,11.3870,3127.1870,25.4830,3164.0570,3159,3237,45,3192,4,14,5,20,136532,66342.0,69981.0,1746065.0,1155001.0,2,2,2,1
rp2040,wolfSSL,SNOVA1B,mTLS,,,23,5.4170,3130.8530,30.1870,3166.4570,3159,3237,45,3192,4,14,5,20,136532,66389.0,70572.0,1746748.0,1156413.0,2,2,2,1
rp2040,wolfSSL,SNOVA1B,mTLS,,,24,7.5350,3135.6590,24.1090,3167.3030,3159,3237,45,3192,4,14,5,20,136532,66359.0,71315.0,1751993.0,1155671.0,2,2,2,1
rp2040,wolfSSL,SNOVA1B,mTLS,,,25,11.6950,3131.1050,24.3540,3167.1540,3159,3237,45,3192,4,14,5,20,136532,66408.0,70052.0,1749380.0,1156428.0,2,2,2,1
rp2040,wolfSSL,SNOVA1B,mTLS,,,26,6.6050,3132.6150,27.1800,3166.4000,3159,3237,45,3192,4,14,5,20,136532,66239.0,70348.0,1747943.0,1154777.0,2,2,2,1
rp2040,wolfSSL,SNOVA1B,mTLS,,,27,5.3840,3132.1490,29.8160,3167.3490,3159,3237,45,3192,4,14,5,20,136532,66205.0,71445.0,1747020.0,1155234.0,2,2,2,1
rp2040,wolfSSL,SNOVA1B,mTLS,,,28,5.7580,4274.7730,54.5040,4335.0350,3159,3237,45,3192,4,14,5,20,136532,66367.0,70221.0,1751704.0,2296761.0,2,2,2,1
rp2040,wolfSSL,SNOVA1B,mTLS,,,29,6.5930,3148.4380,40.6510,3195.6820,3159,3237,45,3192,4,14,5,20,136532,66314.0,70508.0,1750673.0,1156420.0,2,2,2,1
rp2040,wolfSSL,SNOVA1B,mTLS,,,30,5.5980,3128.8590,29.0950,3163.5520,3159,3237,45,3192,4,14,5,20,136532,66198.0,69945.0,1750024.0,1156787.0,2,2,2,1
rp2040,wolfSSL,SNOVA1B,mTLS,,,31,5.4380,3129.1610,34.5210,3169.1200,3159,3237,45,3192,4,14,5,20,136532,66194.0,70131.0,1749965.0,1154630.0,2,2,2,1
rp2040,wolfSSL,SNOVA1B,mTLS,,,32,4.3920,3128.3420,31.1010,3163.8350,3159,3237,45,3192,4,14,5,20,136532,66168.0,70653.0,1750224.0,1155371.0,2,2,2,1
rp2040,wolfSSL,SNOVA1B,mTLS,,,33,7.4980,3134.9970,31.1100,3173.6050,3159,3237,45,3192,4,14,5,20,136532,66253.0,70124.0,1750690.0,1155109.0,2,2,2,1
rp2040,wolfSSL,SNOVA1B,mTLS,,,34,8.4610,3133.7100,25.6100,3167.7810,3159,3237,45,3192,4,14,5,20,136532,66183.0,70094.0,1750118.0,1156798.0,2,2,2,1
rp2040,wolfSSL,SNOVA1B,mTLS,,,35,5.6430,3144.8320,25.3350,3175.8100,3159,3237,45,3192,4,14,5,20,136532,66204.0,69995.0,1762653.0,1157728.0,2,2,2,1
rp2040,wolfSSL,SNOVA1B,mTLS,,,36,9.4200,3134.9020,24.3580,3168.6800,3159,3237,45,3192,4,14,5,20,136532,66278.0,70275.0,1749281.0,1157440.0,2,2,2,1
rp2040,wolfSSL,SNOVA1B,mTLS,,,37,4.6050,3136.5820,24.3980,3165.5850,3159,3237,45,3192,4,14,5,20,136532,66190.0,70059.0,1752576.0,1157240.0,2,2,2,1
rp2040,wolfSSL,SNOVA1B,mTLS,,,38,5.8280,3132.0330,26.0610,3163.9220,3159,3237,45,3192,4,14,5,20,136532,66481.0,70148.0,1748631.0,1157224.0,2,2,2,1
rp2040,wolfSSL,SNOVA1B,mTLS,,,39,11.4150,3130.7100,24.9410,3167.0660,3159,3237,45,3192,4,14,5,20,136532,66175.0,70577.0,1750149.0,1158027.0,2,2,2,1
rp2040,wolfSSL,SNOVA1B,mTLS,,,40,5.5310,3136.0930,25.0890,3166.7130,3159,3237,45,3192,4,14,5,20,136532,66219.0,69975.0,1747295.0,1156409.0,2,2,2,1
rp2040,wolfSSL,SNOVA1B,mTLS,,,41,8.4240,3129.1810,23.8750,3161.4800,3159,3237,45,3192,4,14,5,20,136532,66391.0,70051.0,1748288.0,1155638.0,2,2,2,1
rp2040,wolfSSL,SNOVA1B,mTLS,,,42,5.3850,3135.7150,25.3620,3166.4620,3159,3237,45,3192,4,14,5,20,136532,66174.0,70420.0,1748506.0,1158162.0,2,2,2,1
rp2040,wolfSSL,SNOVA1B,mTLS,,,43,5.4570,3136.6690,24.2220,3166.3480,3159,3237,45,3192,4,14,5,20,136532,66410.0,70219.0,1749996.0,1158583.0,2,2,2,1
rp2040,wolfSSL,SNOVA1B,mTLS,,,44,6.7250,3134.5490,24.5970,3165.8710,3159,3237,45,3192,4,14,5,20,136532,66342.0,71467.0,1753334.0,1156365.0,2,2,2,1
rp2040,wolfSSL,SNOVA1B,mTLS,,,45,8.3960,3131.6690,24.0770,3164.1420,3159,3237,45,3192,4,14,5,20,136532,66099.0,70002.0,1750543.0,1156097.0,2,2,2,1
rp2040,wolfSSL,SNOVA1B,mTLS,,,46,10.6270,3134.1290,23.8780,3168.6340,3159,3237,45,3192,4,14,5,20,136532,66167.0,70653.0,1749262.0,1155632.0,2,2,2,1
rp2040,wolfSSL,SNOVA1B,mTLS,,,47,9.4130,3132.6540,23.8240,3165.8910,3159,3237,45,3192,4,14,5,20,136532,66189.0,70083.0,1747498.0,1156527.0,2,2,2,1
rp2040,wolfSSL,SNOVA1B,mTLS,,,48,7.6090,3132.5280,26.6310,3166.7680,3159,3237,45,3192,4,14,5,20,136532,66095.0,71215.0,1752548.0,1157291.0,2,2,2,1
rp2040,wolfSSL,SNOVA1B,mTLS,,,49,5.4280,3129.6700,24.9960,3160.0940,3159,3237,45,3192,4,14,5,20,136532,66071.0,70823.0,1749985.0,1154379.0,2,2,2,1
rp2040,wolfSSL,SNOVA1S,TLS,,,0,4.6990,1846.4900,16.1570,1867.3460,1391,3179,45,568,2,12,3,18,146532,66447.0,70566.0,1633082.0,0.0,2,2,2,0
rp2040,wolfSSL,SNOVA1S,TLS,,,1,22.5660,1858.1470,13.6950,1894.4080,1391,3179,45,568,2,12,3,18,146532,66275.0,70185.0,1633202.0,0.0,2,2,2,0
rp2040,wolfSSL,SNOVA1S,TLS,,,2,6.4490,1846.9770,13.1170,1866.5430,1391,3179,45,568,2,12,3,18,146532,66127.0,70515.0,1634485.0,0.0,2,2,2,0
rp2040,wolfSSL,SNOVA1S,TLS,,,3,6.4420,1840.3410,11.1190,1857.9020,1391,3179,45,568,2,12,3,18,146532,66246.0,70089.0,1634392.0,0.0,2,2,2,0
rp2040,wolfSSL,SNOVA1S,TLS,,,4,8.4530,1861.3650,13.5210,1883.3390,1391,3179,45,568,2,12,3,18,146532,66151.0,69936.0,1632160.0,0.0,2,2,2,0
rp2040,wolfSSL,SNOVA1S,TLS,,,5,7.6340,1842.9730,13.9760,1864.5830,1391,3179,45,568,2,12,3,18,146532,66292.0,69987.0,1634754.0,0.0,2,2,2,0
rp2040,wolfSSL,SNOVA1S,TLS,,,6,30.4930,1868.1240,13.7580,1912.3750,1391,3179,45,568,2,12,3,18,146532,66112.0,70015.0,1638744.0,0.0,2,2,2,0
rp2040,wolfSSL,SNOVA1S,TLS,,,7,11.4510,1842.9000,12.7450,1867.0960,1391,3179,45,568,2,12,3,18,146532,66231.0,70509.0,1635791.0,0.0,2,2,2,0
rp2040,wolfSSL,SNOVA1S,TLS,,,8,6.5230,1855.8590,12.5100,1874.8920,1391,3179,45,568,2,12,3,18,146532,66166.0,70095.0,1634612.0,0.0,2,2,2,0
rp2040,wolfSSL,SNOVA1S,TLS,,,9,5.4350,1841.6150,17.4380,1864.4880,1391,3179,45,568,2,12,3,18,146532,66207.0,70671.0,1633076.0,0.0,2,2,2,0
rp2040,wolfSSL,SNOVA1S,TLS,,,10,27.4740,1846.3490,13.3890,1887.2120,1391,3179,45,568,2,12,3,18,146532,67058.0,70319.0,1635562.0,0.0,2,2,2,0
rp2040,wolfSSL,SNOVA1S,TLS,,,11,5.5690,1844.7360,13.6070,1863.9120,1391,3179,45,568,2,12,3,18,146532,66251.0,70521.0,1635290.0,0.0,2,2,2,0
rp2040,wolfSSL,SNOVA1S,TLS,,,12,12.4430,1842.8100,13.1980,1868.4510,1391,3179,45,568,2,12,3,18,146532,66145.0,69971.0,1636251.0,0.0,2,2,2,0
rp2040,wolfSSL,SNOVA1S,TLS,,,13,5.8790,1861.9550,20.9040,1888.7380,1391,3179,45,568,2,12,3,18,146532,66161.0,70072.0,1634869.0,0.0,2,2,2,0
rp2040,wolfSSL,SNOVA1S,TLS,,,14,6.4720,1844.7340,13.9370,1865.1430,1391,3179,45,568,2,12,3,18,146532,66380.0,71043.0,1636559.0,0.0,2,2,2,0
rp2040,wolfSSL,SNOVA1S,TLS,,,15,5.4850,1859.4130,12.6410,1877.5390,1391,3179,45,568,2,12,3,18,146532,66135.0,69938.0,1635594.0,0.0,2,2,2,0
rp2040,wolfSSL,SNOVA1S,TLS,,,16,5.4180,1844.6680,12.6420,1862.7280,1391,3179,45,568,2,12,3,18,146532,66193.0,70020.0,1636420.0,0.0,2,2,2,0
rp2040,wolfSSL,SNOVA1S,TLS,,,17,4.6850,1844.7970,31.6690,1881.1510,1391,3179,45,568,2,12,3,18,146532,66105.0,70031.0,1637538.0,0.0,2,2,2,0
rp2040,wolfSSL,SNOVA1S,TLS,,,18,5.5760,1850.9870,16.4610,1873.0240,1391,3179,45,568,2,12,3,18,146532,66989.0,70507.0,1634018.0,0.0,2,2,2,0
rp2040,wolfSSL,SNOVA1S,TLS,,,19,5.4320,1844.8390,14.5080,1864.7790,1391,3179,45,568,2,12,3,18,146532,66387.0,70103.0,1636249.0,0.0,2,2,2,0
rp2040,wolfSSL,SNOVA1S,TLS,,,20,8.6940,1862.7380,12.2480,1883.6800,1391,3179,45,568,2,12,3,18,146532,66315.0,70988.0,1634239.0,0.0,2,2,2,0
rp2040,wolfSSL,SNOVA1S,TLS,,,21,11.4460,1843.5890,15.2810,1870.3160,1391,3179,45,568,2,12,3,18,146532,66274.0,70387.0,1634530.0,0.0,2,2,2,0
rp2040,wolfSSL,SNOVA1S,TLS,,,22,5.7320,1855.2120,11.9700,1872.9140,1391,3179,45,568,2,12,3,18,146532,66314.0,71775.0,1634766.0,0.0,2,2,2,0
rp2040,wolfSSL,SNOVA1S,TLS,,,23,5.8870,1845.2540,59.8120,1910.9530,1391,3179,45,568,2,12,3,18,146532,66254.0,69974.0,1635168.0,0.0,2,2,2,0
rp2040,wolfSSL,SNOVA1S,TLS,,,24,5.4140,1847.8050,13.6750,1866.8940,1391,3179,45,568,2,12,3,18,146532,66654.0,70044.0,1635796.0,0.0,2,2,2,0
rp2040,wolfSSL,SNOVA1S,TLS,,,25,4.4340,1843.3290,13.8350,1861.5980,1391,3179,45,568,2,12,3,18,146532,66221.0,70045.0,1635238.0,0.0,2,2,2,0
rp2040,wolfSSL,SNOVA1S,TLS,,,26,34.4510,1866.1460,12.5260,1913.1230,1391,3179,45,568,2,12,3,18,146532,66307.0,70030.0,1635149.0,0.0,2,2,2,0
rp2040,wolfSSL,SNOVA1S,TLS,,,27,10.5010,1841.0880,12.6400,1864.2290,1391,3179,45,568,2,12,3,18,146532,66267.0,69956.0,1633834.0,0.0,2,2,2,0
rp2040,wolfSSL,SNOVA1S,TLS,,,28,6.4410,1858.6690,12.8900,1878.0000,1391,3179,45,568,2,12,3,18,146532,66374.0,70013.0,1636648.0,0.0,2,2,2,0
rp2040,wolfSSL,SNOVA1S,TLS,,,29,4.5120,1845.4260,13.4760,1863.4140,1391,3179,45,568,2,12,3,18,146532,66377.0,70725.0,1635360.0,0.0,2,2,2,0
rp2040,wolfSSL,SNOVA1S,TLS,,,30,29.6600,1844.9880,99.2810,1973.9290,1391,3179,45,568,2,12,3,18,146532,66101.0,69940.0,1635719.0,0.0,2,2,2,0
rp2040,wolfSSL,SNOVA1S,TLS,,,31,4.6580,1916.6000,87.2980,2008.5560,1391,3179,45,568,2,12,3,18,146532,66306.0,70045.0,1646536.0,0.0,2,2,2,0
rp2040,wolfSSL,SNOVA1S,TLS,,,32,131.5540,1941.7630,11.9650,2085.2820,1391,3179,45,568,2,12,3,18,146532,66141.0,69802.0,1637514.0,0.0,2,2,2,0
rp2040,wolfSSL,SNOVA1S,TLS,,,33,5.6070,1843.2100,14.8380,1863.6550,1391,3179,45,568,2,12,3,18,146532,66177.0,71688.0,1634049.0,0.0,2,2,2,0
rp2040,wolfSSL,SNOVA1S,TLS,,,34,2555.2300,1846.5700,40.5240,4442.3240,1391,3179,45,568,2,12,3,18,146532,66256.0,70103.0,1636431.0,0.0,2,2,2,0
rp2040,wolfSSL,SNOVA1S,TLS,,,35,5.4460,1857.8410,12.2290,1875.5160,1391,3179,45,568,2,12,3,18,146532,66384.0,70097.0,1633170.0,0.0,2,2,2,0
rp2040,wolfSSL,SNOVA1S,TLS,,,36,24.5450,1848.6540,11.7460,1884.9450,1391,3179,45,568,2,12,3,18,146532,66252.0,70584.0,1632581.0,0.0,2,2,2,0
rp2040,wolfSSL,SNOVA1S,TLS,,,37,4.7560,1846.2820,12.2740,1863.3120,1391,3179,45,568,2,12,3,18,146532,66253.0,70071.0,1636021.0,0.0,2,2,2,0
rp2040,wolfSSL,SNOVA1S,TLS,,,38,6.7130,1845.1270,14.2350,1866.0750,1391,3179,45,568,2,12,3,18,146532,66147.0,70616.0,1635319.0,0.0,2,2,2,0
rp2040,wolfSSL,SNOVA1S,TLS,,,39,5.4800,1845.9900,12.6860,1864.1560,1391,3179,45,568,2,12,3,18,146532,66243.0,70093.0,1632243.0,0.0,2,2,2,0
rp2040,wolfSSL,SNOVA1S,TLS,,,40,8.6020,1841.6280,14.2040,1864.4340,1391,3179,45,568,2,12,3,18,146532,66064.0,70476.0,1632544.0,0.0,2,2,2,0
rp2040,wolfSSL,SNOVA1S,TLS,,,41,8.5510,1841.9370,12.8130,1863.3010,1391,3179,45,568,2,12,3,18,146532,66414.0,70178.0,1633183.0,0.0,2,2,2,0
rp2040,wolfSSL,SNOVA1S,TLS,,,42,5.4940,1858.3770,14.8740,1878.7450,1391,3179,45,568,2,12,3,18,146532,66190.0,70329.0,1633924.0,0.0,2,2,2,0
rp2040,wolfSSL,SNOVA1S,TLS,,,43,7.4440,1847.3190,13.7670,1868.5300,1391,3179,45,568,2,12,3,18,146532,66078.0,70332.0,1634758.0,0.0,2,2,2,0
rp2040,wolfSSL,SNOVA1S,TLS,,,44,5.6990,1868.6180,18.1110,1892.4280,1391,3179,45,568,2,12,3,18,146532,66108.0,69949.0,1632918.0,0.0,2,2,2,0
rp2040,wolfSSL,SNOVA1S,TLS,,,45,7.5760,1841.4100,12.6350,1861.6210,1391,3179,45,568,2,12,3,18,146532,66180.0,70062.0,1635147.0,0.0,2,2,2,0
rp2040,wolfSSL,SNOVA1S,TLS,,,46,4.9470,1854.0930,12.5030,1871.5430,1391,3179,45,568,2,12,3,18,146532,66462.0,69977.0,1634982.0,0.0,2,2,2,0
rp2040,wolfSSL,SNOVA1S,TLS,,,47,5.4100,1843.4260,12.4980,1861.3340,1391,3179,45,568,2,12,3,18,146532,66258.0,69991.0,1634454.0,0.0,2,2,2,0
rp2040,wolfSSL,SNOVA1S,TLS,,,48,4.5360,1845.9590,33.4900,1883.9850,1391,3179,45,568,2,12,3,18,146532,66202.0,70057.0,1636399.0,0.0,2,2,2,0
rp2040,wolfSSL,SNOVA1S,TLS,,,49,6.9510,1849.1660,13.7330,1869.8500,1391,3179,45,568,2,12,3,18,146532,66252.0,70022.0,1634143.0,0.0,2,2,2,0
rp2040,wolfSSL,SNOVA1S,mTLS,,,0,8.6420,2876.5020,25.5700,2910.7140,3287,3365,45,3672,4,14,5,20,143764,66246.0,69981.0,1634369.0,1016059.0,2,2,2,1
rp2040,wolfSSL,SNOVA1S,mTLS,,,1,5.6870,2885.5560,25.2180,2916.4610,3287,3365,45,3672,4,14,5,20,143764,66196.0,71141.0,1633870.0,1014299.0,2,2,2,1
rp2040,wolfSSL,SNOVA1S,mTLS,,,2,5.4630,2881.1130,46.0300,2932.6060,3287,3365,45,3672,4,14,5,20,143764,66270.0,70001.0,1633370.0,1022553.0,2,2,2,1
rp2040,wolfSSL,SNOVA1S,mTLS,,,3,6.4110,2869.4420,24.5300,2900.3830,3287,3365,45,3672,4,14,5,20,143764,66095.0,70347.0,1634454.0,1014609.0,2,2,2,1
rp2040,wolfSSL,SNOVA1S,mTLS,,,4,11.4520,2882.5610,24.3390,2918.3520,3287,3365,45,3672,4,14,5,20,143764,66110.0,69921.0,1635635.0,1014800.0,2,2,2,1
rp2040,wolfSSL,SNOVA1S,mTLS,,,5,5.6540,2878.6070,43.7960,2928.0570,3287,3365,45,3672,4,14,5,20,143764,66185.0,70039.0,1640065.0,1015090.0,2,2,2,1
rp2040,wolfSSL,SNOVA1S,mTLS,,,6,6.4130,2877.4640,28.4090,2912.2860,3287,3365,45,3672,4,14,5,20,143764,66212.0,71157.0,1636781.0,1015998.0,2,2,2,1
rp2040,wolfSSL,SNOVA1S,mTLS,,,7,35.6240,2879.9110,24.7120,2940.2470,3287,3365,45,3672,4,14,5,20,143764,66096.0,70370.0,1637772.0,1015938.0,2,2,2,1
rp2040,wolfSSL,SNOVA1S,mTLS,,,8,6.8960,2868.8030,26.5730,2902.2720,3287,3365,45,3672,4,14,5,20,143764,66717.0,69961.0,1631845.0,1014728.0,2,2,2,1
rp2040,wolfSSL,SNOVA1S,mTLS,,,9,5.4630,2882.6000,25.3110,2913.3740,3287,3365,45,3672,4,14,5,20,143764,66362.0,70084.0,1636025.0,1014572.0,2,2,2,1
rp2040,wolfSSL,SNOVA1S,mTLS,,,10,5.7190,2871.0250,36.9440,2913.6880,3287,3365,45,3672,4,14,5,20,143764,66184.0,71256.0,1633841.0,1015810.0,2,2,2,1
rp2040,wolfSSL,SNOVA1S,mTLS,,,11,5.6630,3871.1700,24.7780,3901.6110,3287,3365,45,3672,4,14,5,20,143764,66108.0,70523.0,1634825.0,2010526.0,2,2,2,1
rp2040,wolfSSL,SNOVA1S,mTLS,,,12,5.4380,3873.3540,26.2530,3905.0450,3287,3365,45,3672,4,14,5,20,143764,66213.0,69957.0,1636247.0,2013193.0,2,2,2,1
rp2040,wolfSSL,SNOVA1S,mTLS,,,13,5.6250,2869.9710,50.3450,2925.9410,3287,3365,45,3672,4,14,5,20,143764,66105.0,70430.0,1632472.0,1013155.0,2,2,2,1
rp2040,wolfSSL,SNOVA1S,mTLS,,,14,8.5280,2872.5150,25.7330,2906.7760,3287,3365,45,3672,4,14,5,20,143764,66142.0,70043.0,1634276.0,1016557.0,2,2,2,1
rp2040,wolfSSL,SNOVA1S,mTLS,,,15,31.4440,2879.3080,24.7290,2935.4810,3287,3365,45,3672,4,14,5,20,143764,66910.0,69922.0,1635601.0,1012645.0,2,2,2,1
rp2040,wolfSSL,SNOVA1S,mTLS,,,16,8.4540,2873.8820,27.1880,2909.5240,3287,3365,45,3672,4,14,5,20,143764,66212.0,70144.0,1638676.0,1014584.0,2,2,2,1
rp2040,wolfSSL,SNOVA1S,mTLS,,,17,3.4600,2882.4800,25.0270,2910.9670,3287,3365,45,3672,4,14,5,20,143764,66390.0,69968.0,1634888.0,1014959.0,2,2,2,1
rp2040,wolfSSL,SNOVA1S,mTLS,,,18,5.6490,2874.6930,49.0820,2929.4240,3287,3365,45,3672,4,14,5,20,143764,66377.0,71292.0,1636527.0,1014019.0,2,2,2,1
rp2040,wolfSSL,SNOVA1S,mTLS,,,19,6.4390,2875.1120,25.2290,2906.7800,3287,3365,45,3672,4,14,5,20,143764,66324.0,70082.0,1633393.0,1013240.0,2,2,2,1
rp2040,wolfSSL,SNOVA1S,mTLS,,,20,10.6900,2875.2040,39.5060,2925.4000,3287,3365,45,3672,4,14,5,20,143764,66234.0,70407.0,1634610.0,1016463.0,2,2,2,1
rp2040,wolfSSL,SNOVA1S,mTLS,,,21,8.4140,2870.5840,28.5200,2907.5180,3287,3365,45,3672,4,14,5,20,143764,66194.0,69835.0,1634158.0,1014828.0,2,2,2,1
rp2040,wolfSSL,SNOVA1S,mTLS,,,22,5.4180,2908.4920,28.7750,2942.6850,3287,3365,45,3672,4,14,5,20,143764,66419.0,69948.0,1645088.0,1014338.0,2,2,2,1
rp2040,wolfSSL,SNOVA1S,mTLS,,,23,5.8140,2888.2990,24.5960,2918.7090,3287,3365,45,3672,4,14,5,20,143764,66764.0,69978.0,1638989.0,1014002.0,2,2,2,1
rp2040,wolfSSL,SNOVA1S,mTLS,,,24,5.5040,2873.5160,43.4120,2922.4320,3287,3365,45,3672,4,14,5,20,143764,66203.0,71084.0,1634806.0,1015337.0,2,2,2,1
rp2040,wolfSSL,SNOVA1S,mTLS,,,25,5.4760,2874.9110,25.4680,2905.8550,3287,3365,45,3672,4,14,5,20,143764,66205.0,70045.0,1636883.0,1014834.0,2,2,2,1
rp2040,wolfSSL,SNOVA1S,mTLS,,,26,28.7120,2891.1880,25.3100,2945.2100,3287,3365,45,3672,4,14,5,20,143764,66341.0,69982.0,1635785.0,1015812.0,2,2,2,1
rp2040,wolfSSL,SNOVA1S,mTLS,,,27,11.8570,2878.6780,33.4430,2923.9780,3287,3365,45,3672,4,14,5,20,143764,66175.0,71299.0,1638004.0,1016010.0,2,2,2,1
rp2040,wolfSSL,SNOVA1S,mTLS,,,28,8.4530,2875.7810,24.2620,2908.4960,3287,3365,45,3672,4,14,5,20,143764,66196.0,70435.0,1634933.0,1013689.0,2,2,2,1
rp2040,wolfSSL,SNOVA1S,mTLS,,,29,5.6610,2871.0510,40.0980,2916.8100,3287,3365,45,3672,4,14,5,20,143764,66227.0,69943.0,1631699.0,1015206.0,2,2,2,1
rp2040,wolfSSL,SNOVA1S,mTLS,,,30,6.4520,2869.0510,23.3020,2898.8050,3287,3365,45,3672,4,14,5,20,143764,66589.0,70083.0,1633543.0,1014624.0,2,2,2,1
rp2040,wolfSSL,SNOVA1S,mTLS,,,31,6.4460,2878.5600,43.2480,2928.2540,3287,3365,45,3672,4,14,5,20,143764,66743.0,70624.0,1635007.0,1015509.0,2,2,2,1
rp2040,wolfSSL,SNOVA1S,mTLS,,,32,6.4390,4867.2120,122.5790,4996.2300,3287,3365,45,3672,4,14,5,20,143764,66252.0,70090.0,1634044.0,3011415.0,2,2,2,1
rp2040,wolfSSL,SNOVA1S,mTLS,,,33,6.4110,2883.2410,24.6580,2914.3100,3287,3365,45,3672,4,14,5,20,143764,66108.0,69950.0,1635975.0,1014982.0,2,2,2,1
rp2040,wolfSSL,SNOVA1S,mTLS,,,34,27.7310,2887.4850,25.9930,2941.2090,3287,3365,45,3672,4,14,5,20,143764,66487.0,70248.0,1636677.0,1015763.0,2,2,2,1
rp2040,wolfSSL,SNOVA1S,mTLS,,,35,6.4570,2871.1400,53.4210,2931.0180,3287,3365,45,3672,4,14,5,20,143764,66918.0,71323.0,1634811.0,1014493.0,2,2,2,1
rp2040,wolfSSL,SNOVA1S,mTLS,,,36,5.7740,2872.6020,25.8800,2904.2560,3287,3365,45,3672,4,14,5,20,143764,66238.0,70562.0,1634813.0,1014422.0,2,2,2,1
rp2040,wolfSSL,SNOVA1S,mTLS,,,37,8.4640,2870.1930,37.5840,2916.2410,3287,3365,45,3672,4,14,5,20,143764,66173.0,69929.0,1634974.0,1013961.0,2,2,2,1
rp2040,wolfSSL,SNOVA1S,mTLS,,,38,5.5840,2871.0610,26.7070,2903.3520,3287,3365,45,3672,4,14,5,20,143764,66259.0,70145.0,1633450.0,1013055.0,2,2,2,1
rp2040,wolfSSL,SNOVA1S,mTLS,,,39,6.4740,2876.1090,40.9090,2923.4920,3287,3365,45,3672,4,14,5,20,143764,66195.0,70674.0,1635789.0,1015627.0,2,2,2,1
rp2040,wolfSSL,SNOVA1S,mTLS,,,40,8.4940,2872.6050,24.4530,2905.5520,3287,3365,45,3672,4,14,5,20,143764,66248.0,70074.0,1634508.0,1015015.0,2,2,2,1
rp2040,wolfSSL,SNOVA1S,mTLS,,,41,29.4720,2880.3220,25.8150,2935.6090,3287,3365,45,3672,4,14,5,20,143764,66231.0,71473.0,1635079.0,1014237.0,2,2,2,1
rp2040,wolfSSL,SNOVA1S,mTLS,,,42,4.5490,2886.1670,47.3880,2938.1040,3287,3365,45,3672,4,14,5,20,143764,66206.0,70515.0,1644408.0,1015696.0,2,2,2,1
rp2040,wolfSSL,SNOVA1S,mTLS,,,43,4.5910,2873.3600,23.6340,2901.5850,3287,3365,45,3672,4,14,5,20,143764,66237.0,70095.0,1633523.0,1016057.0,2,2,2,1
rp2040,wolfSSL,SNOVA1S,mTLS,,,44,5.4920,2875.0730,38.7320,2919.2970,3287,3365,45,3672,4,14,5,20,143764,66239.0,69969.0,1633617.0,1014929.0,2,2,2,1
rp2040,wolfSSL,SNOVA1S,mTLS,,,45,4.4450,2874.9430,24.4280,2903.8160,3287,3365,45,3672,4,14,5,20,143764,66382.0,70203.0,1635087.0,1015507.0,2,2,2,1
rp2040,wolfSSL,SNOVA1S,mTLS,,,46,34.4390,2883.6820,22.1490,2940.2700,3287,3365,45,3672,4,14,5,20,143764,66271.0,70747.0,1634187.0,1016835.0,2,2,2,1
rp2040,wolfSSL,SNOVA1S,mTLS,,,47,8.4120,2872.5470,51.2000,2932.1590,3287,3365,45,3672,4,14,5,20,143764,66107.0,71180.0,1637885.0,1014612.0,2,2,2,1
rp2040,wolfSSL,SNOVA1S,mTLS,,,48,6.4510,2874.7620,25.5450,2906.7580,3287,3365,45,3672,4,14,5,20,143764,66482.0,70120.0,1633247.0,1019054.0,2,2,2,1
rp2040,wolfSSL,SNOVA1S,mTLS,,,49,5.4100,2891.1440,37.1510,2933.7050,3287,3365,45,3672,4,14,5,20,143764,66233.0,71941.0,1641536.0,1016630.0,2,2,2,1
rp2040,wolfSSL,SNOVA3K,TLS,,,0,4.7910,4911.7010,67.5880,4984.0800,1391,3907,45,568,2,12,3,18,113868,66075.0,70569.0,4670322.0,0.0,2,2,2,0
rp2040,wolfSSL,SNOVA3K,TLS,,,1,5.3760,4902.6760,79.7690,4987.8210,1391,3907,45,568,2,12,3,18,113868,66187.0,70447.0,4664282.0,0.0,2,2,2,0
rp2040,wolfSSL,SNOVA3K,TLS,,,2,4.6880,4903.7140,80.6060,4989.0080,1391,3907,45,568,2,12,3,18,113868,66245.0,70578.0,4659160.0,0.0,2,2,2,0
rp2040,wolfSSL,SNOVA3K,TLS,,,3,4.3950,4924.6290,60.0820,4989.1060,1391,3907,45,568,2,12,3,18,113868,66199.0,70487.0,4680374.0,0.0,2,2,2,0
rp2040,wolfSSL,SNOVA3K,TLS,,,4,5.4250,4896.3900,31.0970,4932.9120,1391,3907,45,568,2,12,3,18,113868,66094.0,70673.0,4670515.0,0.0,2,2,2,0
rp2040,wolfSSL,SNOVA3K,TLS,,,5,99.6900,4962.8300,12.1920,5074.7120,1391,3907,45,568,2,12,3,18,113868,66195.0,70065.0,4662355.0,0.0,2,2,2,0
rp2040,wolfSSL,SNOVA3K,TLS,,,6,4.4000,4890.2180,99.8200,4994.4380,1391,3907,45,568,2,12,3,18,113868,66366.0,70244.0,4670191.0,0.0,2,2,2,0
rp2040,wolfSSL,SNOVA3K,TLS,,,7,4.4170,4912.0630,76.4570,4992.9370,1391,3907,45,568,2,12,3,18,113868,66205.0,70052.0,4661697.0,0.0,2,2,2,0
rp2040,wolfSSL,SNOVA3K,TLS,,,8,4.7220,4915.2010,75.0220,4994.9450,1391,3907,45,568,2,12,3,18,113868,66444.0,70059.0,4670888.0,0.0,2,2,2,0
rp2040,wolfSSL,SNOVA3K,TLS,,,9,4.7360,4909.1200,77.2030,4991.0590,1391,3907,45,568,2,12,3,18,113868,66273.0,70140.0,4661238.0,0.0,2,2,2,0
rp2040,wolfSSL,SNOVA3K,TLS,,,10,6.6020,4908.4730,71.8210,4986.8960,1391,3907,45,568,2,12,3,18,113868,66470.0,70320.0,4663507.0,0.0,2,2,2,0
rp2040,wolfSSL,SNOVA3K,TLS,,,11,5.3850,4911.9430,68.9670,4986.2950,1391,3907,45,568,2,12,3,18,113868,66332.0,70176.0,4662840.0,0.0,2,2,2,0
rp2040,wolfSSL,SNOVA3K,TLS,,,12,5.6670,4909.7630,79.3240,4994.7540,1391,3907,45,568,2,12,3,18,113868,66115.0,71367.0,4666529.0,0.0,2,2,2,0
rp2040,wolfSSL,SNOVA3K,TLS,,,13,4.4300,4883.9350,32.2360,4920.6010,1391,3907,45,568,2,12,3,18,113868,66178.0,70153.0,4662575.0,0.0,2,2,2,0
rp2040,wolfSSL,SNOVA3K,TLS,,,14,6.4310,4893.5370,107.2600,5007.2280,1391,3907,45,568,2,12,3,18,113868,66508.0,70184.0,4665391.0,0.0,2,2,2,0
rp2040,wolfSSL,SNOVA3K,TLS,,,15,4.4280,4901.2820,78.2710,4983.9810,1391,3907,45,568,2,12,3,18,113868,66262.0,71352.0,4670674.0,0.0,2,2,2,0
rp2040,wolfSSL,SNOVA3K,TLS,,,16,4.7300,4917.7060,90.5740,5013.0100,1391,3907,45,568,2,12,3,18,113868,66413.0,71363.0,4666739.0,0.0,2,2,2,0
rp2040,wolfSSL,SNOVA3K,TLS,,,17,8.4030,4899.2270,79.1760,4986.8060,1391,3907,45,568,2,12,3,18,113868,66341.0,70136.0,4663386.0,0.0,2,2,2,0
rp2040,wolfSSL,SNOVA3K,TLS,,,18,5.4150,4905.2550,81.5150,4992.1850,1391,3907,45,568,2,12,3,18,113868,66178.0,70104.0,4668809.0,0.0,2,2,2,0
rp2040,wolfSSL,SNOVA3K,TLS,,,19,5.4350,4898.7010,82.5290,4986.6650,1391,3907,45,568,2,12,3,18,113868,66249.0,70108.0,4664411.0,0.0,2,2,2,0
rp2040,wolfSSL,SNOVA3K,TLS,,,20,5.3910,4904.6910,78.4480,4988.5300,1391,3907,45,568,2,12,3,18,113868,66173.0,70154.0,4666610.0,0.0,2,2,2,0
rp2040,wolfSSL,SNOVA3K,TLS,,,21,4.3850,4916.9280,12.6730,4933.9860,1391,3907,45,568,2,12,3,18,113868,66093.0,71852.0,4663961.0,0.0,2,2,2,0
rp2040,wolfSSL,SNOVA3K,TLS,,,22,6.4590,4883.6370,75.8810,4965.9770,1391,3907,45,568,2,12,3,18,113868,66340.0,71477.0,4659328.0,0.0,2,2,2,0
rp2040,wolfSSL,SNOVA3K,TLS,,,23,4.4050,4911.0470,75.9330,4991.3850,1391,3907,45,568,2,12,3,18,113868,66286.0,70170.0,4666833.0,0.0,2,2,2,0
rp2040,wolfSSL,SNOVA3K,TLS,,,24,7.3740,4904.8010,83.9550,4996.1300,1391,3907,45,568,2,12,3,18,113868,66339.0,70098.0,4665809.0,0.0,2,2,2,0
rp2040,wolfSSL,SNOVA3K,TLS,,,25,4.6140,4902.7270,108.6500,5015.9910,1391,3907,45,568,2,12,3,18,113868,66280.0,69954.0,4662723.0,0.0,2,2,2,0
rp2040,wolfSSL,SNOVA3K,TLS,,,26,7.3810,4903.1330,70.1730,4980.6870,1391,3907,45,568,2,12,3,18,113868,66247.0,70315.0,4662112.0,0.0,2,2,2,0
rp2040,wolfSSL,SNOVA3K,TLS,,,27,4.8830,4896.8060,112.5840,5014.2730,1391,3907,45,568,2,12,3,18,113868,66085.0,70138.0,4675338.0,0.0,2,2,2,0
rp2040,wolfSSL,SNOVA3K,TLS,,,28,5.7180,4910.3100,12.1230,4928.1510,1391,3907,45,568,2,12,3,18,113868,66295.0,70683.0,4667539.0,0.0,2,2,2,0
rp2040,wolfSSL,SNOVA3K,TLS,,,29,5.4050,4889.2660,79.7750,4974.4460,1391,3907,45,568,2,12,3,18,113868,66317.0,71273.0,4661219.0,0.0,2,2,2,0
rp2040,wolfSSL,SNOVA3K,TLS,,,30,5.3950,4904.8780,96.7590,5007.0320,1391,3907,45,568,2,12,3,18,113868,66298.0,69962.0,4669350.0,0.0,2,2,2,0
rp2040,wolfSSL,SNOVA3K,TLS,,,31,5.3830,4906.4640,76.5420,4988.3890,1391,3907,45,568,2,12,3,18,113868,66074.0,69970.0,4668159.0,0.0,2,2,2,0
rp2040,wolfSSL,SNOVA3K,TLS,,,32,4.4230,4886.8030,61.8330,4953.0590,1391,3907,45,568,2,12,3,18,113868,66202.0,70074.0,4662581.0,0.0,2,2,2,0
rp2040,wolfSSL,SNOVA3K,TLS,,,33,4.6260,4915.0330,133.8030,5053.4620,1391,3907,45,568,2,12,3,18,113868,66486.0,70093.0,4666349.0,0.0,2,2,2,0
rp2040,wolfSSL,SNOVA3K,TLS,,,34,5.4010,4892.7990,48.4010,4946.6010,1391,3907,45,568,2,12,3,18,113868,66096.0,69943.0,4666683.0,0.0,2,2,2,0
rp2040,wolfSSL,SNOVA3K,TLS,,,35,5.7520,4900.3980,80.7690,4986.9190,1391,3907,45,568,2,12,3,18,113868,66183.0,70118.0,4665123.0,0.0,2,2,2,0
rp2040,wolfSSL,SNOVA3K,TLS,,,36,8.5790,4917.2920,14.1680,4940.0390,1391,3907,45,568,2,12,3,18,113868,66229.0,71000.0,4665186.0,0.0,2,2,2,0
rp2040,wolfSSL,SNOVA3K,TLS,,,37,4.9230,4892.1550,90.7500,4987.8280,1391,3907,45,568,2,12,3,18,113868,66394.0,69960.0,4667133.0,0.0,2,2,2,0
rp2040,wolfSSL,SNOVA3K,TLS,,,38,6.4000,4901.8450,75.8510,4984.0960,1391,3907,45,568,2,12,3,18,113868,66224.0,71265.0,4663973.0,0.0,2,2,2,0
rp2040,wolfSSL,SNOVA3K,TLS,,,39,6.3910,4924.6120,90.1240,5021.1270,1391,3907,45,568,2,12,3,18,113868,66393.0,70066.0,4674373.0,0.0,2,2,2,0
rp2040,wolfSSL,SNOVA3K,TLS,,,40,6.8720,4904.0180,99.7270,5010.6170,1391,3907,45,568,2,12,3,18,113868,66161.0,70131.0,4663490.0,0.0,2,2,2,0
rp2040,wolfSSL,SNOVA3K,TLS,,,41,5.7520,4898.3810,102.7060,5006.8390,1391,3907,45,568,2,12,3,18,113868,66200.0,69994.0,4663298.0,0.0,2,2,2,0
rp2040,wolfSSL,SNOVA3K,TLS,,,42,5.4320,4907.9210,72.2990,4985.6520,1391,3907,45,568,2,12,3,18,113868,66104.0,71043.0,4667115.0,0.0,2,2,2,0
rp2040,wolfSSL,SNOVA3K,TLS,,,43,4.8260,4885.8970,106.6380,4997.3610,1391,3907,45,568,2,12,3,18,113868,66115.0,70080.0,4661608.0,0.0,2,2,2,0
rp2040,wolfSSL,SNOVA3K,TLS,,,44,5.4740,4914.0610,74.6690,4994.2040,1391,3907,45,568,2,12,3,18,113868,66107.0,72356.0,4667800.0,0.0,2,2,2,0
rp2040,wolfSSL,SNOVA3K,TLS,,,45,5.4570,4897.6010,93.1670,4996.2250,1391,3907,45,568,2,12,3,18,113868,66250.0,70715.0,4666716.0,0.0,2,2,2,0
rp2040,wolfSSL,SNOVA3K,TLS,,,46,4.6310,4892.3540,93.9760,4990.9610,1391,3907,45,568,2,12,3,18,113868,66151.0,70900.0,4663687.0,0.0,2,2,2,0
rp2040,wolfSSL,SNOVA3K,TLS,,,47,4.4310,4922.3280,62.3400,4989.0990,1391,3907,45,568,2,12,3,18,113868,66208.0,70646.0,4668156.0,0.0,2,2,2,0
rp2040,wolfSSL,SNOVA3K,TLS,,,48,4.7330,4911.8890,74.6280,4991.2500,1391,3907,45,568,2,12,3,18,113868,66089.0,70257.0,4664928.0,0.0,2,2,2,0
rp2040,wolfSSL,SNOVA3K,TLS,,,49,4.4040,4895.4780,96.1060,4995.9880,1391,3907,45,568,2,12,3,18,113868,66203.0,70211.0,4664437.0,0.0,2,2,2,0
rp2040,wolfSSL,SNOVA3K,mTLS,,,0,5.3760,8027.7180,150.8260,8183.9200,4015,4093,45,4312,4,14,5,20,110892,66808.0,69975.0,4667591.0,3111617.0,2,2,2,1
rp2040,wolfSSL,SNOVA3K,mTLS,,,1,6.3850,8029.2220,44.5210,8080.1280,4015,4093,45,4312,4,14,5,20,110892,66299.0,71242.0,4672987.0,3110158.0,2,2,2,1
rp2040,wolfSSL,SNOVA3K,mTLS,,,2,4.7710,8028.6990,152.2350,8185.7050,4015,4093,45,4312,4,14,5,20,110892,66275.0,70179.0,4675513.0,3111915.0,2,2,2,1
rp2040,wolfSSL,SNOVA3K,mTLS,,,3,7.3840,8035.9440,143.0910,8186.4190,4015,4093,45,4312,4,14,5,20,110892,66287.0,70710.0,4682450.0,3116512.0,2,2,2,1
rp2040,wolfSSL,SNOVA3K,mTLS,,,4,6.4140,8027.6940,113.4700,8147.5780,4015,4093,45,4312,4,14,5,20,110892,66209.0,70141.0,4671570.0,3112566.0,2,2,2,1
rp2040,wolfSSL,SNOVA3K,mTLS,,,5,46.4580,8032.3350,128.0780,8206.8710,4015,4093,45,4312,4,14,5,20,110892,66220.0,69955.0,4675181.0,3109117.0,2,2,2,1
rp2040,wolfSSL,SNOVA3K,mTLS,,,6,4.3860,8019.3740,155.9950,8179.7550,4015,4093,45,4312,4,14,5,20,110892,66216.0,70560.0,4669559.0,3112356.0,2,2,2,1
rp2040,wolfSSL,SNOVA3K,mTLS,,,7,7.5550,8017.4410,63.2670,8088.2630,4015,4093,45,4312,4,14,5,20,110892,66508.0,70077.0,4671225.0,3110334.0,2,2,2,1
rp2040,wolfSSL,SNOVA3K,mTLS,,,8,6.4250,8030.8830,41.5490,8078.8570,4015,4093,45,4312,4,14,5,20,110892,66219.0,70478.0,4675287.0,3114414.0,2,2,2,1
rp2040,wolfSSL,SNOVA3K,mTLS,,,9,5.4190,8024.2620,157.1940,8186.8750,4015,4093,45,4312,4,14,5,20,110892,66186.0,70035.0,4671109.0,3112830.0,2,2,2,1
rp2040,wolfSSL,SNOVA3K,mTLS,,,10,4.6760,8042.4340,134.2940,8181.4040,4015,4093,45,4312,4,14,5,20,110892,66238.0,70807.0,4676038.0,3119557.0,2,2,2,1
rp2040,wolfSSL,SNOVA3K,mTLS,,,11,5.4100,8021.9360,59.3790,8086.7250,4015,4093,45,4312,4,14,5,20,110892,66198.0,69997.0,4672886.0,3110246.0,2,2,2,1
rp2040,wolfSSL,SNOVA3K,mTLS,,,12,5.3820,8028.5060,142.5800,8176.4680,4015,4093,45,4312,4,14,5,20,110892,66096.0,70498.0,4678813.0,3112807.0,2,2,2,1
rp2040,wolfSSL,SNOVA3K,mTLS,,,13,5.4380,8034.0640,142.5950,8182.0970,4015,4093,45,4312,4,14,5,20,110892,66308.0,70741.0,4675652.0,3109633.0,2,2,2,1
rp2040,wolfSSL,SNOVA3K,mTLS,,,14,6.5660,8049.7320,132.3110,8188.6090,4015,4093,45,4312,4,14,5,20,110892,66248.0,70434.0,4668077.0,3112901.0,2,2,2,1
rp2040,wolfSSL,SNOVA3K,mTLS,,,15,6.5340,8029.8380,149.1590,8185.5310,4015,4093,45,4312,4,14,5,20,110892,66300.0,70075.0,4674935.0,3115045.0,2,2,2,1
rp2040,wolfSSL,SNOVA3K,mTLS,,,16,7.3890,8028.4960,152.7730,8188.6580,4015,4093,45,4312,4,14,5,20,110892,66199.0,70146.0,4674538.0,3111459.0,2,2,2,1
rp2040,wolfSSL,SNOVA3K,mTLS,,,17,6.4020,8035.6570,134.4310,8176.4900,4015,4093,45,4312,4,14,5,20,110892,66073.0,70553.0,4673382.0,3112792.0,2,2,2,1
rp2040,wolfSSL,SNOVA3K,mTLS,,,18,6.3900,8054.8540,127.8150,8189.0590,4015,4093,45,4312,4,14,5,20,110892,66295.0,70068.0,4685703.0,3112803.0,2,2,2,1
rp2040,wolfSSL,SNOVA3K,mTLS,,,19,5.4020,8043.9520,140.0540,8189.4080,4015,4093,45,4312,4,14,5,20,110892,66518.0,70021.0,4676490.0,3115606.0,2,2,2,1
rp2040,wolfSSL,SNOVA3K,mTLS,,,20,5.4080,8017.1840,146.8950,8169.4870,4015,4093,45,4312,4,14,5,20,110892,66165.0,70002.0,4668661.0,3108914.0,2,2,2,1
rp2040,wolfSSL,SNOVA3K,mTLS,,,21,5.4270,8028.8220,149.1070,8183.3560,4015,4093,45,4312,4,14,5,20,110892,66223.0,70193.0,4674645.0,3114492.0,2,2,2,1
rp2040,wolfSSL,SNOVA3K,mTLS,,,22,4.4450,8064.5210,115.8490,8184.8150,4015,4093,45,4312,4,14,5,20,110892,66133.0,70665.0,4667330.0,3107893.0,2,2,2,1
rp2040,wolfSSL,SNOVA3K,mTLS,,,23,5.3940,8035.3940,144.7770,8185.5650,4015,4093,45,4312,4,14,5,20,110892,66231.0,69997.0,4677443.0,3112757.0,2,2,2,1
rp2040,wolfSSL,SNOVA3K,mTLS,,,24,5.5950,8024.8310,153.7670,8184.1930,4015,4093,45,4312,4,14,5,20,110892,66276.0,71493.0,4672964.0,3111783.0,2,2,2,1
rp2040,wolfSSL,SNOVA3K,mTLS,,,25,7.5070,8041.0740,141.7070,8190.2880,4015,4093,45,4312,4,14,5,20,110892,66121.0,71077.0,4685282.0,3116028.0,2,2,2,1
rp2040,wolfSSL,SNOVA3K,mTLS,,,26,4.7980,8047.1920,105.6360,8157.6260,4015,4093,45,4312,4,14,5,20,110892,66211.0,70152.0,4679169.0,3123757.0,2,2,2,1
rp2040,wolfSSL,SNOVA3K,mTLS,,,27,5.4030,11124.2030,118.2870,11247.8930,4015,4093,45,4312,4,14,5,20,110892,66228.0,69980.0,4673089.0,6202151.0,2,2,2,1
rp2040,wolfSSL,SNOVA3K,mTLS,,,28,5.4110,11141.4220,133.0960,11279.9290,4015,4093,45,4312,4,14,5,20,110892,66344.0,69989.0,4673810.0,6201266.0,2,2,2,1
rp2040,wolfSSL,SNOVA3K,mTLS,,,29,5.5400,8033.2280,152.3720,8191.1400,4015,4093,45,4312,4,14,5,20,110892,66284.0,70275.0,4674388.0,3113511.0,2,2,2,1
rp2040,wolfSSL,SNOVA3K,mTLS,,,30,5.7410,8028.6970,38.6760,8073.1140,4015,4093,45,4312,4,14,5,20,110892,66305.0,70148.0,4674601.0,3111610.0,2,2,2,1
rp2040,wolfSSL,SNOVA3K,mTLS,,,31,4.6170,8024.9570,478.8120,8508.3860,4015,4093,45,4312,4,14,5,20,110892,66092.0,69964.0,4673006.0,3113037.0,2,2,2,1
rp2040,wolfSSL,SNOVA3K,mTLS,,,32,7.5580,8033.8080,118.2850,8159.6510,4015,4093,45,4312,4,14,5,20,110892,66239.0,70723.0,4668791.0,3113329.0,2,2,2,1
rp2040,wolfSSL,SNOVA3K,mTLS,,,33,6.6850,8026.3780,50.2570,8083.3200,4015,4093,45,4312,4,14,5,20,110892,66169.0,70186.0,4673861.0,3114241.0,2,2,2,1
rp2040,wolfSSL,SNOVA3K,mTLS,,,34,4.6070,8032.1700,147.1150,8183.8920,4015,4093,45,4312,4,14,5,20,110892,66582.0,70698.0,4674658.0,3111653.0,2,2,2,1
rp2040,wolfSSL,SNOVA3K,mTLS,,,35,1839.4550,8050.8220,145.8290,10036.1060,4015,4093,45,4312,4,14,5,20,110892,66828.0,70898.0,4671986.0,3110248.0,2,2,2,1
rp2040,wolfSSL,SNOVA3K,mTLS,,,36,4.4020,8036.3260,139.0350,8179.7630,4015,4093,45,4312,4,14,5,20,110892,66186.0,70088.0,4681207.0,3114482.0,2,2,2,1
rp2040,wolfSSL,SNOVA3K,mTLS,,,37,4.6140,8038.1150,142.9070,8185.6360,4015,4093,45,4312,4,14,5,20,110892,66365.0,70047.0,4683181.0,3112538.0,2,2,2,1
rp2040,wolfSSL,SNOVA3K,mTLS,,,38,4.6970,8022.2230,55.2310,8082.1510,4015,4093,45,4312,4,14,5,20,110892,66551.0,70003.0,4667788.0,3111228.0,2,2,2,1
rp2040,wolfSSL,SNOVA3K,mTLS,,,39,4.3730,8038.9580,141.6840,8185.0150,4015,4093,45,4312,4,14,5,20,110892,66206.0,70105.0,4682777.0,3115003.0,2,2,2,1
rp2040,wolfSSL,SNOVA3K,mTLS,,,40,5.3850,8035.3090,96.6070,8137.3010,4015,4093,45,4312,4,14,5,20,110892,66326.0,70049.0,4675610.0,3112808.0,2,2,2,1
rp2040,wolfSSL,SNOVA3K,mTLS,,,41,135.5100,8127.8930,65.5840,8328.9870,4015,4093,45,4312,4,14,5,20,110892,66390.0,70449.0,4681630.0,3111618.0,2,2,2,1
rp2040,wolfSSL,SNOVA3K,mTLS,,,42,5.5910,8033.1580,47.9040,8086.6530,4015,4093,45,4312,4,14,5,20,110892,66311.0,70009.0,4674633.0,3113431.0,2,2,2,1
rp2040,wolfSSL,SNOVA3K,mTLS,,,43,5.3980,8029.9770,142.5820,8177.9570,4015,4093,45,4312,4,14,5,20,110892,66194.0,70302.0,4676859.0,3113979.0,2,2,2,1
rp2040,wolfSSL,SNOVA3K,mTLS,,,44,3.5070,8027.2810,155.0810,8185.8690,4015,4093,45,4312,4,14,5,20,110892,66498.0,69886.0,4677565.0,3111763.0,2,2,2,1
rp2040,wolfSSL,SNOVA3K,mTLS,,,45,5.4470,8025.3180,155.5980,8186.3630,4015,4093,45,4312,4,14,5,20,110892,66224.0,69995.0,4666411.0,3113913.0,2,2,2,1
rp2040,wolfSSL,SNOVA3K,mTLS,,,46,6.3930,8037.0970,108.9250,8152.4150,4015,4093,45,4312,4,14,5,20,110892,66110.0,70563.0,4685344.0,3109831.0,2,2,2,1
rp2040,wolfSSL,SNOVA3K,mTLS,,,47,4.5630,8039.3320,57.2370,8101.1320,4015,4093,45,4312,4,14,5,20,110892,66270.0,69948.0,4668396.0,3115583.0,2,2,2,1
rp2040,wolfSSL,SNOVA3K,mTLS,,,48,5.6610,8026.5630,147.6210,8179.8450,4015,4093,45,4312,4,14,5,20,110892,66198.0,70506.0,4676486.0,3111291.0,2,2,2,1
rp2040,wolfSSL,SNOVA3K,mTLS,,,49,7.4100,8030.5370,143.1550,8181.1020,4015,4093,45,4312,4,14,5,20,110892,66270.0,72284.0,4674853.0,3112709.0,2,2,2,1
rp2040,wolfSSL,SNOVA3B,TLS,,,0,6.4300,4756.1780,145.1880,4907.7960,1391,4099,45,568,2,12,3,18,121556,66331.0,70160.0,4522408.0,0.0,2,2,2,0
rp2040,wolfSSL,SNOVA3B,TLS,,,1,5.4030,4752.8560,12.4000,4770.6590,1391,4099,45,568,2,12,3,18,121556,66307.0,70209.0,4518693.0,0.0,2,2,2,0
rp2040,wolfSSL,SNOVA3B,TLS,,,2,5.4430,4775.3400,137.5090,4918.2920,1391,4099,45,568,2,12,3,18,121556,66292.0,70086.0,4518877.0,0.0,2,2,2,0
rp2040,wolfSSL,SNOVA3B,TLS,,,3,4.4230,4761.4870,166.5850,4932.4950,1391,4099,45,568,2,12,3,18,121556,66442.0,70099.0,4521192.0,0.0,2,2,2,0
rp2040,wolfSSL,SNOVA3B,TLS,,,4,5.5290,4819.5280,14.6340,4839.6910,1391,4099,45,568,2,12,3,18,121556,66452.0,70310.0,4522731.0,0.0,2,2,2,0
rp2040,wolfSSL,SNOVA3B,TLS,,,5,5.7260,4776.8240,72.1710,4854.7210,1391,4099,45,568,2,12,3,18,121556,66300.0,70167.0,4522545.0,0.0,2,2,2,0
rp2040,wolfSSL,SNOVA3B,TLS,,,6,7.8020,4760.3700,140.0040,4908.1760,1391,4099,45,568,2,12,3,18,121556,66580.0,70127.0,4518534.0,0.0,2,2,2,0
rp2040,wolfSSL,SNOVA3B,TLS,,,7,7.6880,4753.8620,145.5450,4907.0950,1391,4099,45,568,2,12,3,18,121556,66423.0,70183.0,4521599.0,0.0,2,2,2,0
rp2040,wolfSSL,SNOVA3B,TLS,,,8,7.5570,4765.5320,130.7740,4903.8630,1391,4099,45,568,2,12,3,18,121556,66332.0,70292.0,4522882.0,0.0,2,2,2,0
rp2040,wolfSSL,SNOVA3B,TLS,,,9,5.4140,4778.3880,135.4070,4919.2090,1391,4099,45,568,2,12,3,18,121556,66635.0,70192.0,4524446.0,0.0,2,2,2,0
rp2040,wolfSSL,SNOVA3B,TLS,,,10,9.5580,4746.0320,50.4610,4806.0510,1391,4099,45,568,2,12,3,18,121556,66325.0,70191.0,4517621.0,0.0,2,2,2,0
rp2040,wolfSSL,SNOVA3B,TLS,,,11,4.6550,4753.0790,48.2930,4806.0270,1391,4099,45,568,2,12,3,18,121556,66216.0,70249.0,4515311.0,0.0,2,2,2,0
rp2040,wolfSSL,SNOVA3B,TLS,,,12,4.4960,4772.9670,126.2230,4903.6860,1391,4099,45,568,2,12,3,18,121556,66324.0,70248.0,4535232.0,0.0,2,2,2,0
rp2040,wolfSSL,SNOVA3B,TLS,,,13,4.5110,4776.5030,125.4710,4906.4850,1391,4099,45,568,2,12,3,18,121556,66536.0,70312.0,4520169.0,0.0,2,2,2,0
rp2040,wolfSSL,SNOVA3B,TLS,,,14,3.4450,4764.8280,138.4440,4906.7170,1391,4099,45,568,2,12,3,18,121556,66545.0,70528.0,4520790.0,0.0,2,2,2,0
rp2040,wolfSSL,SNOVA3B,TLS,,,15,6.4820,4753.6200,42.4070,4802.5090,1391,4099,45,568,2,12,3,18,121556,66322.0,70165.0,4521177.0,0.0,2,2,2,0
rp2040,wolfSSL,SNOVA3B,TLS,,,16,4.4320,4757.0770,33.4440,4794.9530,1391,4099,45,568,2,12,3,18,121556,66280.0,70244.0,4521478.0,0.0,2,2,2,0
rp2040,wolfSSL,SNOVA3B,TLS,,,17,6.5890,4756.2850,12.9990,4775.8730,1391,4099,45,568,2,12,3,18,121556,66259.0,70215.0,4514662.0,0.0,2,2,2,0
rp2040,wolfSSL,SNOVA3B,TLS,,,18,33.6190,4748.5730,135.6700,4917.8620,1391,4099,45,568,2,12,3,18,121556,67262.0,69981.0,4516304.0,0.0,2,2,2,0
rp2040,wolfSSL,SNOVA3B,TLS,,,19,4.4390,4752.3200,47.8940,4804.6530,1391,4099,45,568,2,12,3,18,121556,66185.0,69950.0,4516447.0,0.0,2,2,2,0
rp2040,wolfSSL,SNOVA3B,TLS,,,20,7.7530,4751.2100,16.5880,4775.5510,1391,4099,45,568,2,12,3,18,121556,66638.0,70289.0,4521609.0,0.0,2,2,2,0
rp2040,wolfSSL,SNOVA3B,TLS,,,21,7.5540,4767.7440,136.9190,4912.2170,1391,4099,45,568,2,12,3,18,121556,66333.0,70596.0,4524689.0,0.0,2,2,2,0
rp2040,wolfSSL,SNOVA3B,TLS,,,22,4.6690,4757.7110,42.7630,4805.1430,1391,4099,45,568,2,12,3,18,121556,66488.0,70153.0,4517031.0,0.0,2,2,2,0
rp2040,wolfSSL,SNOVA3B,TLS,,,23,5.4350,4754.5800,47.6070,4807.6220,1391,4099,45,568,2,12,3,18,121556,66488.0,70282.0,4519834.0,0.0,2,2,2,0
rp2040,wolfSSL,SNOVA3B,TLS,,,24,4.7200,4768.5970,131.2810,4904.5980,1391,4099,45,568,2,12,3,18,121556,66251.0,70204.0,4532035.0,0.0,2,2,2,0
rp2040,wolfSSL,SNOVA3B,TLS,,,25,5.4110,4757.1380,12.4390,4774.9880,1391,4099,45,568,2,12,3,18,121556,66285.0,70181.0,4525541.0,0.0,2,2,2,0
rp2040,wolfSSL,SNOVA3B,TLS,,,26,7.4660,4769.2060,138.9950,4915.6670,1391,4099,45,568,2,12,3,18,121556,66329.0,70206.0,4523106.0,0.0,2,2,2,0
rp2040,wolfSSL,SNOVA3B,TLS,,,27,5.8580,4757.9070,143.5730,4907.3380,1391,4099,45,568,2,12,3,18,121556,66548.0,70827.0,4522055.0,0.0,2,2,2,0
rp2040,wolfSSL,SNOVA3B,TLS,,,28,4.4390,4756.3050,140.1340,4900.8780,1391,4099,45,568,2,12,3,18,121556,66405.0,70595.0,4519247.0,0.0,2,2,2,0
rp2040,wolfSSL,SNOVA3B,TLS,,,29,4.4590,4768.7640,134.2730,4907.4960,1391,4099,45,568,2,12,3,18,121556,66290.0,71277.0,4520396.0,0.0,2,2,2,0
rp2040,wolfSSL,SNOVA3B,TLS,,,30,5.5080,4757.7450,42.5110,4805.7640,1391,4099,45,568,2,12,3,18,121556,66575.0,70392.0,4523127.0,0.0,2,2,2,0
rp2040,wolfSSL,SNOVA3B,TLS,,,31,5.3890,4755.2650,45.2950,4805.9490,1391,4099,45,568,2,12,3,18,121556,66390.0,70082.0,4520493.0,0.0,2,2,2,0
rp2040,wolfSSL,SNOVA3B,TLS,,,32,7.4010,4759.0990,144.7320,4911.2320,1391,4099,45,568,2,12,3,18,121556,66188.0,69973.0,4522139.0,0.0,2,2,2,0
rp2040,wolfSSL,SNOVA3B,TLS,,,33,5.3950,4757.3720,43.7900,4806.5570,1391,4099,45,568,2,12,3,18,121556,66861.0,70201.0,4519281.0,0.0,2,2,2,0
rp2040,wolfSSL,SNOVA3B,TLS,,,34,6.4610,4758.9110,143.2240,4908.5960,1391,4099,45,568,2,12,3,18,121556,66536.0,70157.0,4521463.0,0.0,2,2,2,0
rp2040,wolfSSL,SNOVA3B,TLS,,,35,4.4690,4756.5130,142.5980,4903.5800,1391,4099,45,568,2,12,3,18,121556,66478.0,70186.0,4520320.0,0.0,2,2,2,0
rp2040,wolfSSL,SNOVA3B,TLS,,,36,4.8390,4780.2070,122.8750,4907.9210,1391,4099,45,568,2,12,3,18,121556,66282.0,70373.0,4544713.0,0.0,2,2,2,0
rp2040,wolfSSL,SNOVA3B,TLS,,,37,4.7980,4891.1480,109.9110,5005.8570,1391,4099,45,568,2,12,3,18,121556,67488.0,70854.0,4523607.0,0.0,2,2,2,0
rp2040,wolfSSL,SNOVA3B,TLS,,,38,5.5230,4760.9830,39.8060,4806.3120,1391,4099,45,568,2,12,3,18,121556,66311.0,70176.0,4515962.0,0.0,2,2,2,0
rp2040,wolfSSL,SNOVA3B,TLS,,,39,7.3990,4773.3960,135.2840,4916.0790,1391,4099,45,568,2,12,3,18,121556,66164.0,70125.0,4520044.0,0.0,2,2,2,0
rp2040,wolfSSL,SNOVA3B,TLS,,,40,4.5710,4756.6070,140.2260,4901.4040,1391,4099,45,568,2,12,3,18,121556,66258.0,69965.0,4523441.0,0.0,2,2,2,0
rp2040,wolfSSL,SNOVA3B,TLS,,,41,6.6260,4754.3070,12.5080,4773.4410,1391,4099,45,568,2,12,3,18,121556,66632.0,70274.0,4519862.0,0.0,2,2,2,0
rp2040,wolfSSL,SNOVA3B,TLS,,,42,4.5400,4766.9980,40.8680,4812.4060,1391,4099,45,568,2,12,3,18,121556,66502.0,70244.0,4514510.0,0.0,2,2,2,0
rp2040,wolfSSL,SNOVA3B,TLS,,,43,5.4350,4747.9320,55.4970,4808.8640,1391,4099,45,568,2,12,3,18,121556,66289.0,70179.0,4513726.0,0.0,2,2,2,0
rp2040,wolfSSL,SNOVA3B,TLS,,,44,4.5520,4751.7750,48.8320,4805.1590,1391,4099,45,568,2,12,3,18,121556,66305.0,70468.0,4520144.0,0.0,2,2,2,0
rp2040,wolfSSL,SNOVA3B,TLS,,,45,4.4600,4766.4710,132.6340,4903.5650,1391,4099,45,568,2,12,3,18,121556,66300.0,70163.0,4525233.0,0.0,2,2,2,0
rp2040,wolfSSL,SNOVA3B,TLS,,,46,6.6360,4755.6040,42.7090,4804.9490,1391,4099,45,568,2,12,3,18,121556,66189.0,70187.0,4521398.0,0.0,2,2,2,0
rp2040,wolfSSL,SNOVA3B,TLS,,,47,5.5860,4766.0920,140.0950,4911.7730,1391,4099,45,568,2,12,3,18,121556,66300.0,70130.0,4521903.0,0.0,2,2,2,0
rp2040,wolfSSL,SNOVA3B,TLS,,,48,5.4420,4763.0780,134.7970,4903.3170,1391,4099,45,568,2,12,3,18,121556,66286.0,70123.0,4521152.0,0.0,2,2,2,0
rp2040,wolfSSL,SNOVA3B,TLS,,,49,4.4140,4763.6400,140.6180,4908.6720,1391,4099,45,568,2,12,3,18,121556,66418.0,70325.0,4525984.0,0.0,2,2,2,0
rp2040,wolfSSL,SNOVA3B,mTLS,,,0,33.4380,7724.6800,72.1380,7830.2560,4207,4285,45,5016,4,14,5,20,117724,66244.0,70081.0,4522637.0,2924108.0,2,2,2,1
rp2040,wolfSSL,SNOVA3B,mTLS,,,1,8.5970,7670.0890,94.2260,7772.9120,4207,4285,45,5016,4,14,5,20,117724,66390.0,70320.0,4514528.0,2917037.0,2,2,2,1
rp2040,wolfSSL,SNOVA3B,mTLS,,,2,4.6340,7704.4660,68.5370,7777.6370,4207,4285,45,5016,4,14,5,20,117724,66284.0,70301.0,4540521.0,2920041.0,2,2,2,1
rp2040,wolfSSL,SNOVA3B,mTLS,,,3,4.4240,7701.1180,68.0150,7773.5570,4207,4285,45,5016,4,14,5,20,117724,66369.0,70046.0,4531689.0,2924082.0,2,2,2,1
rp2040,wolfSSL,SNOVA3B,mTLS,,,4,5.3740,10584.5300,48.5720,10638.4760,4207,4285,45,5016,4,14,5,20,117724,66285.0,70174.0,4526093.0,5820191.0,2,2,2,1
rp2040,wolfSSL,SNOVA3B,mTLS,,,5,4.8240,7840.3500,147.9040,7993.0780,4207,4285,45,5016,4,14,5,20,117724,66439.0,70246.0,4532226.0,2920914.0,2,2,2,1
rp2040,wolfSSL,SNOVA3B,mTLS,,,6,2638.5330,7689.3620,110.9650,10438.8600,4207,4285,45,5016,4,14,5,20,117724,66277.0,70091.0,4516001.0,2922486.0,2,2,2,1
rp2040,wolfSSL,SNOVA3B,mTLS,,,7,4.3810,7676.7080,95.5840,7776.6730,4207,4285,45,5016,4,14,5,20,117724,66346.0,70442.0,4519481.0,2919790.0,2,2,2,1
rp2040,wolfSSL,SNOVA3B,mTLS,,,8,4.5640,7675.0820,95.5600,7775.2060,4207,4285,45,5016,4,14,5,20,117724,66472.0,70465.0,4520459.0,2915156.0,2,2,2,1
rp2040,wolfSSL,SNOVA3B,mTLS,,,9,6.4930,7698.8210,67.5920,7772.9060,4207,4285,45,5016,4,14,5,20,117724,66133.0,70711.0,4535251.0,2926252.0,2,2,2,1
rp2040,wolfSSL,SNOVA3B,mTLS,,,10,5.3740,7671.0930,98.1670,7774.6340,4207,4285,45,5016,4,14,5,20,117724,66427.0,70046.0,4516474.0,2919771.0,2,2,2,1
rp2040,wolfSSL,SNOVA3B,mTLS,,,11,4.6190,7684.5410,85.8880,7775.0480,4207,4285,45,5016,4,14,5,20,117724,66398.0,71887.0,4521820.0,2917969.0,2,2,2,1
rp2040,wolfSSL,SNOVA3B,mTLS,,,12,4.6290,7681.4000,35.2120,7721.2410,4207,4285,45,5016,4,14,5,20,117724,66169.0,70146.0,4517386.0,2922014.0,2,2,2,1
rp2040,wolfSSL,SNOVA3B,mTLS,,,13,31.6230,10585.8080,77.8130,10695.2440,4207,4285,45,5016,4,14,5,20,117724,66289.0,70207.0,4520908.0,5814841.0,2,2,2,1
rp2040,wolfSSL,SNOVA3B,mTLS,,,14,5.5710,7687.7700,81.9840,7775.3250,4207,4285,45,5016,4,14,5,20,117724,66306.0,70803.0,4520176.0,2923288.0,2,2,2,1
rp2040,wolfSSL,SNOVA3B,mTLS,,,15,5.4300,7680.0030,89.7020,7775.1350,4207,4285,45,5016,4,14,5,20,117724,66417.0,70246.0,4519858.0,2918676.0,2,2,2,1
rp2040,wolfSSL,SNOVA3B,mTLS,,,16,4.4000,7695.3260,86.1440,7785.8700,4207,4285,45,5016,4,14,5,20,117724,66312.0,70183.0,4531047.0,2922797.0,2,2,2,1
rp2040,wolfSSL,SNOVA3B,mTLS,,,17,5.5860,7687.0820,54.0350,7746.7030,4207,4285,45,5016,4,14,5,20,117724,66194.0,70263.0,4517195.0,2920084.0,2,2,2,1
rp2040,wolfSSL,SNOVA3B,mTLS,,,18,4.4300,7688.1350,77.7160,7770.2810,4207,4285,45,5016,4,14,5,20,117724,66408.0,70249.0,4525393.0,2923851.0,2,2,2,1
rp2040,wolfSSL,SNOVA3B,mTLS,,,19,7.4670,7683.8930,83.1590,7774.5190,4207,4285,45,5016,4,14,5,20,117724,66300.0,70229.0,4519032.0,2921109.0,2,2,2,1
rp2040,wolfSSL,SNOVA3B,mTLS,,,20,5.6520,7677.5780,193.2620,7876.4920,4207,4285,45,5016,4,14,5,20,117724,66489.0,71602.0,4518812.0,2919268.0,2,2,2,1
rp2040,wolfSSL,SNOVA3B,mTLS,,,21,5.5830,7667.5300,102.2790,7775.3920,4207,4285,45,5016,4,14,5,20,117724,66255.0,70081.0,4513510.0,2918941.0,2,2,2,1
rp2040,wolfSSL,SNOVA3B,mTLS,,,22,4.8540,7684.1890,85.2440,7774.2870,4207,4285,45,5016,4,14,5,20,117724,66178.0,70228.0,4522822.0,2919147.0,2,2,2,1
rp2040,wolfSSL,SNOVA3B,mTLS,,,23,5.7960,7683.1950,85.9500,7774.9410,4207,4285,45,5016,4,14,5,20,117724,66266.0,70343.0,4521508.0,2919533.0,2,2,2,1
rp2040,wolfSSL,SNOVA3B,mTLS,,,24,5.7460,7689.9540,33.9830,7729.6830,4207,4285,45,5016,4,14,5,20,117724,66214.0,70344.0,4528978.0,2922974.0,2,2,2,1
rp2040,wolfSSL,SNOVA3B,mTLS,,,25,5.3760,7706.4610,82.9110,7794.7480,4207,4285,45,5016,4,14,5,20,117724,66569.0,70374.0,4514392.0,2920984.0,2,2,2,1
rp2040,wolfSSL,SNOVA3B,mTLS,,,26,4.6510,7683.2380,87.4710,7775.3600,4207,4285,45,5016,4,14,5,20,117724,66457.0,70283.0,4518069.0,2919696.0,2,2,2,1
rp2040,wolfSSL,SNOVA3B,mTLS,,,27,5.3690,7687.2830,79.8530,7772.5050,4207,4285,45,5016,4,14,5,20,117724,66652.0,70065.0,4526097.0,2921179.0,2,2,2,1
rp2040,wolfSSL,SNOVA3B,mTLS,,,28,4.5930,7682.0440,89.1370,7775.7740,4207,4285,45,5016,4,14,5,20,117724,66463.0,70064.0,4520870.0,2918791.0,2,2,2,1
rp2040,wolfSSL,SNOVA3B,mTLS,,,29,5.3680,7683.4760,37.4410,7726.2850,4207,4285,45,5016,4,14,5,20,117724,66442.0,70179.0,4519471.0,2921809.0,2,2,2,1
rp2040,wolfSSL,SNOVA3B,mTLS,,,30,4.6960,7714.9540,82.5420,7802.1920,4207,4285,45,5016,4,14,5,20,117724,66503.0,70255.0,4520184.0,2917911.0,2,2,2,1
rp2040,wolfSSL,SNOVA3B,mTLS,,,31,3.7800,7687.1000,80.9910,7771.8710,4207,4285,45,5016,4,14,5,20,117724,66380.0,70210.0,4517733.0,2930815.0,2,2,2,1
rp2040,wolfSSL,SNOVA3B,mTLS,,,32,4.4210,7678.4420,91.4220,7774.2850,4207,4285,45,5016,4,14,5,20,117724,66731.0,70320.0,4519067.0,2920367.0,2,2,2,1
rp2040,wolfSSL,SNOVA3B,mTLS,,,33,7.4090,7680.0140,86.9660,7774.3890,4207,4285,45,5016,4,14,5,20,117724,66265.0,71798.0,4516524.0,2922629.0,2,2,2,1
rp2040,wolfSSL,SNOVA3B,mTLS,,,34,7.7810,7679.4860,82.7550,7770.0220,4207,4285,45,5016,4,14,5,20,117724,66127.0,70215.0,4520977.0,2919172.0,2,2,2,1
rp2040,wolfSSL,SNOVA3B,mTLS,,,35,4.3790,7686.9680,83.0710,7774.4180,4207,4285,45,5016,4,14,5,20,117724,66484.0,70337.0,4518926.0,2922767.0,2,2,2,1
rp2040,wolfSSL,SNOVA3B,mTLS,,,36,4.4800,7686.7240,83.9790,7775.1830,4207,4285,45,5016,4,14,5,20,117724,66371.0,70029.0,4518127.0,2921259.0,2,2,2,1
rp2040,wolfSSL,SNOVA3B,mTLS,,,37,4.4860,7677.5330,107.5540,7789.5730,4207,4285,45,5016,4,14,5,20,117724,66460.0,70065.0,4518531.0,2919640.0,2,2,2,1
rp2040,wolfSSL,SNOVA3B,mTLS,,,38,7.4130,7689.5590,64.5520,7761.5240,4207,4285,45,5016,4,14,5,20,117724,66833.0,70247.0,4523402.0,2919215.0,2,2,2,1
rp2040,wolfSSL,SNOVA3B,mTLS,,,39,4.5820,7689.7630,81.2480,7775.5930,4207,4285,45,5016,4,14,5,20,117724,66152.0,70211.0,4526244.0,2920666.0,2,2,2,1
rp2040,wolfSSL,SNOVA3B,mTLS,,,40,4.6360,7683.9270,88.0510,7776.6140,4207,4285,45,5016,4,14,5,20,117724,66221.0,70268.0,4521436.0,2923047.0,2,2,2,1
rp2040,wolfSSL,SNOVA3B,mTLS,,,41,5.3820,7684.0680,34.8880,7724.3380,4207,4285,45,5016,4,14,5,20,117724,66455.0,70259.0,4518286.0,2921767.0,2,2,2,1
rp2040,wolfSSL,SNOVA3B,mTLS,,,42,4.6360,10608.8500,78.4280,10691.9140,4207,4285,45,5016,4,14,5,20,117724,66562.0,70150.0,4521702.0,5816897.0,2,2,2,1
rp2040,wolfSSL,SNOVA3B,mTLS,,,43,5.3800,7734.3660,113.9760,7853.7220,4207,4285,45,5016,4,14,5,20,117724,66183.0,70577.0,4519219.0,2918582.0,2,2,2,1
rp2040,wolfSSL,SNOVA3B,mTLS,,,44,4.7370,7675.7460,94.9480,7775.4310,4207,4285,45,5016,4,14,5,20,117724,66248.0,70325.0,4517912.0,2920305.0,2,2,2,1
rp2040,wolfSSL,SNOVA3B,mTLS,,,45,4.4130,7675.7310,93.0670,7773.2110,4207,4285,45,5016,4,14,5,20,117724,66374.0,70239.0,4519729.0,2921061.0,2,2,2,1
rp2040,wolfSSL,SNOVA3B,mTLS,,,46,5.3670,7697.8430,72.9600,7776.1700,4207,4285,45,5016,4,14,5,20,117724,66433.0,70168.0,4520076.0,2931505.0,2,2,2,1
rp2040,wolfSSL,SNOVA3B,mTLS,,,47,5.5360,7674.1140,95.1820,7774.8320,4207,4285,45,5016,4,14,5,20,117724,66547.0,70177.0,4519089.0,2916374.0,2,2,2,1
rp2040,wolfSSL,SNOVA3B,mTLS,,,48,5.3930,7684.1540,80.7440,7770.2910,4207,4285,45,5016,4,14,5,20,117724,66153.0,70345.0,4520945.0,2918727.0,2,2,2,1
rp2040,wolfSSL,SNOVA3B,mTLS,,,49,5.7450,7683.3220,87.5010,7776.5680,4207,4285,45,5016,4,14,5,20,117724,66183.0,70077.0,4525185.0,2922732.0,2,2,2,1
rp2040,wolfSSL,SNOVA3S,TLS,,,0,6.4000,4809.9510,94.0350,4910.3860,1391,4563,45,568,2,12,3,18,120940,67051.0,70267.0,4554050.0,0.0,2,2,2,0
rp2040,wolfSSL,SNOVA3S,TLS,,,1,7.5550,4789.0020,514.5980,5311.1550,1391,4563,45,568,2,12,3,18,120940,66434.0,70335.0,4553743.0,0.0,2,2,2,0
rp2040,wolfSSL,SNOVA3S,TLS,,,2,4.4340,4796.6450,15.0630,4816.1420,1391,4563,45,568,2,12,3,18,120940,66777.0,70286.0,4553911.0,0.0,2,2,2,0
rp2040,wolfSSL,SNOVA3S,TLS,,,3,5.4590,4781.3050,106.4340,4893.1980,1391,4563,45,568,2,12,3,18,120940,66231.0,70374.0,4549987.0,0.0,2,2,2,0
rp2040,wolfSSL,SNOVA3S,TLS,,,4,9.6020,4896.6490,101.1420,5007.3930,1391,4563,45,568,2,12,3,18,120940,66306.0,70817.0,4553753.0,0.0,2,2,2,0
rp2040,wolfSSL,SNOVA3S,TLS,,,5,5.4130,4796.5820,12.4120,4814.4070,1391,4563,45,568,2,12,3,18,120940,66330.0,70791.0,4558422.0,0.0,2,2,2,0
rp2040,wolfSSL,SNOVA3S,TLS,,,6,5.4740,4789.4990,104.3440,4899.3170,1391,4563,45,568,2,12,3,18,120940,66762.0,70252.0,4559071.0,0.0,2,2,2,0
rp2040,wolfSSL,SNOVA3S,TLS,,,7,8.5920,4780.1220,17.4430,4806.1570,1391,4563,45,568,2,12,3,18,120940,66285.0,70227.0,4546746.0,0.0,2,2,2,0
rp2040,wolfSSL,SNOVA3S,TLS,,,8,8.6810,4792.0490,104.9710,4905.7010,1391,4563,45,568,2,12,3,18,120940,66399.0,70296.0,4554893.0,0.0,2,2,2,0
rp2040,wolfSSL,SNOVA3S,TLS,,,9,6.4040,4794.3440,15.2570,4816.0050,1391,4563,45,568,2,12,3,18,120940,66530.0,70159.0,4552716.0,0.0,2,2,2,0
rp2040,wolfSSL,SNOVA3S,TLS,,,10,4.6600,4859.9560,36.9340,4901.5500,1391,4563,45,568,2,12,3,18,120940,66288.0,70349.0,4549821.0,0.0,2,2,2,0
rp2040,wolfSSL,SNOVA3S,TLS,,,11,5.6100,4807.0990,87.9670,4900.6760,1391,4563,45,568,2,12,3,18,120940,66449.0,70918.0,4557089.0,0.0,2,2,2,0
rp2040,wolfSSL,SNOVA3S,TLS,,,12,6.4330,4816.6050,82.1960,4905.2340,1391,4563,45,568,2,12,3,18,120940,66859.0,71208.0,4552981.0,0.0,2,2,2,0
rp2040,wolfSSL,SNOVA3S,TLS,,,13,5.4830,4797.0150,110.3800,4912.8780,1391,4563,45,568,2,12,3,18,120940,66377.0,70195.0,4552498.0,0.0,2,2,2,0
rp2040,wolfSSL,SNOVA3S,TLS,,,14,5.4150,4801.7390,106.8180,4913.9720,1391,4563,45,568,2,12,3,18,120940,66524.0,70251.0,4566296.0,0.0,2,2,2,0
rp2040,wolfSSL,SNOVA3S,TLS,,,15,5.4920,4778.1290,112.1260,4895.7470,1391,4563,45,568,2,12,3,18,120940,66493.0,70090.0,4548830.0,0.0,2,2,2,0
rp2040,wolfSSL,SNOVA3S,TLS,,,16,5.8350,4794.6420,110.9000,4911.3770,1391,4563,45,568,2,12,3,18,120940,66378.0,70259.0,4556326.0,0.0,2,2,2,0
rp2040,wolfSSL,SNOVA3S,TLS,,,17,5.5480,4791.0220,104.4750,4901.0450,1391,4563,45,568,2,12,3,18,120940,66278.0,70286.0,4557194.0,0.0,2,2,2,0
rp2040,wolfSSL,SNOVA3S,TLS,,,18,5.4900,4802.4800,100.8820,4908.8520,1391,4563,45,568,2,12,3,18,120940,66204.0,70326.0,4556048.0,0.0,2,2,2,0
rp2040,wolfSSL,SNOVA3S,TLS,,,19,6.4130,4820.1280,99.6120,4926.1530,1391,4563,45,568,2,12,3,18,120940,66405.0,70091.0,4563307.0,0.0,2,2,2,0
rp2040,wolfSSL,SNOVA3S,TLS,,,20,4.4360,4784.4520,97.6540,4886.5420,1391,4563,45,568,2,12,3,18,120940,66240.0,70256.0,4552777.0,0.0,2,2,2,0
rp2040,wolfSSL,SNOVA3S,TLS,,,21,7.6750,4793.8890,105.3800,4906.9440,1391,4563,45,568,2,12,3,18,120940,66187.0,70218.0,4556457.0,0.0,2,2,2,0
rp2040,wolfSSL,SNOVA3S,TLS,,,22,4.4090,4803.8410,99.2330,4907.4830,1391,4563,45,568,2,12,3,18,120940,66492.0,70242.0,4559835.0,0.0,2,2,2,0
rp2040,wolfSSL,SNOVA3S,TLS,,,23,4.5210,4784.6170,21.8410,4810.9790,1391,4563,45,568,2,12,3,18,120940,66264.0,70179.0,4550597.0,0.0,2,2,2,0
rp2040,wolfSSL,SNOVA3S,TLS,,,24,5.6030,4792.5510,103.1140,4901.2680,1391,4563,45,568,2,12,3,18,120940,66437.0,70132.0,4554892.0,0.0,2,2,2,0
rp2040,wolfSSL,SNOVA3S,TLS,,,25,5.4030,4796.5710,106.9210,4908.8950,1391,4563,45,568,2,12,3,18,120940,66281.0,70066.0,4549903.0,0.0,2,2,2,0
rp2040,wolfSSL,SNOVA3S,TLS,,,26,8.4350,4800.1450,94.1830,4902.7630,1391,4563,45,568,2,12,3,18,120940,66231.0,70176.0,4565178.0,0.0,2,2,2,0
rp2040,wolfSSL,SNOVA3S,TLS,,,27,335.9030,4801.7840,76.7350,5214.4220,1391,4563,45,568,2,12,3,18,120940,66597.0,70251.0,4554820.0,0.0,2,2,2,0
rp2040,wolfSSL,SNOVA3S,TLS,,,28,3.5250,4795.1740,108.3230,4907.0220,1391,4563,45,568,2,12,3,18,120940,66208.0,70218.0,4556913.0,0.0,2,2,2,0
rp2040,wolfSSL,SNOVA3S,TLS,,,29,6.3950,4795.1870,105.2400,4906.8220,1391,4563,45,568,2,12,3,18,120940,66317.0,70306.0,4554244.0,0.0,2,2,2,0
rp2040,wolfSSL,SNOVA3S,TLS,,,30,5.4290,4794.9290,107.8920,4908.2500,1391,4563,45,568,2,12,3,18,120940,66363.0,70414.0,4555826.0,0.0,2,2,2,0
rp2040,wolfSSL,SNOVA3S,TLS,,,31,6.5990,4791.2540,106.7480,4904.6010,1391,4563,45,568,2,12,3,18,120940,66470.0,70424.0,4553948.0,0.0,2,2,2,0
rp2040,wolfSSL,SNOVA3S,TLS,,,32,8.6900,4793.1800,102.2110,4904.0810,1391,4563,45,568,2,12,3,18,120940,66302.0,70370.0,4555472.0,0.0,2,2,2,0
rp2040,wolfSSL,SNOVA3S,TLS,,,33,4.4070,4794.2630,104.6080,4903.2780,1391,4563,45,568,2,12,3,18,120940,66514.0,70114.0,4556344.0,0.0,2,2,2,0
rp2040,wolfSSL,SNOVA3S,TLS,,,34,6.5220,4791.0700,109.5470,4907.1390,1391,4563,45,568,2,12,3,18,120940,66306.0,71001.0,4549841.0,0.0,2,2,2,0
rp2040,wolfSSL,SNOVA3S,TLS,,,35,9.4370,4794.0350,12.8030,4816.2750,1391,4563,45,568,2,12,3,18,120940,66312.0,70355.0,4557088.0,0.0,2,2,2,0
rp2040,wolfSSL,SNOVA3S,TLS,,,36,4.8660,4784.3890,107.2030,4896.4580,1391,4563,45,568,2,12,3,18,120940,66325.0,70281.0,4555373.0,0.0,2,2,2,0
rp2040,wolfSSL,SNOVA3S,TLS,,,37,5.4160,4791.1650,103.7400,4900.3210,1391,4563,45,568,2,12,3,18,120940,66348.0,70162.0,4554419.0,0.0,2,2,2,0
rp2040,wolfSSL,SNOVA3S,TLS,,,38,4.4180,4813.8280,89.0470,4907.2930,1391,4563,45,568,2,12,3,18,120940,66472.0,71143.0,4566608.0,0.0,2,2,2,0
rp2040,wolfSSL,SNOVA3S,TLS,,,39,6.4110,4796.2700,102.7430,4905.4240,1391,4563,45,568,2,12,3,18,120940,66329.0,70328.0,4554581.0,0.0,2,2,2,0
rp2040,wolfSSL,SNOVA3S,TLS,,,40,5.9240,4791.1270,109.3770,4906.4280,1391,4563,45,568,2,12,3,18,120940,66290.0,70245.0,4549139.0,0.0,2,2,2,0
rp2040,wolfSSL,SNOVA3S,TLS,,,41,5.4010,4792.0950,108.7900,4906.2860,1391,4563,45,568,2,12,3,18,120940,66298.0,69986.0,4556468.0,0.0,2,2,2,0
rp2040,wolfSSL,SNOVA3S,TLS,,,42,7.5260,4786.9640,107.4700,4901.9600,1391,4563,45,568,2,12,3,18,120940,66316.0,70762.0,4556439.0,0.0,2,2,2,0
rp2040,wolfSSL,SNOVA3S,TLS,,,43,9.6970,4792.9770,103.8590,4906.5330,1391,4563,45,568,2,12,3,18,120940,66260.0,71935.0,4558165.0,0.0,2,2,2,0
rp2040,wolfSSL,SNOVA3S,TLS,,,44,9.4110,4789.2660,14.2970,4812.9740,1391,4563,45,568,2,12,3,18,120940,66543.0,70293.0,4552872.0,0.0,2,2,2,0
rp2040,wolfSSL,SNOVA3S,TLS,,,45,5.4320,4786.2590,106.0510,4897.7420,1391,4563,45,568,2,12,3,18,120940,66504.0,70241.0,4556459.0,0.0,2,2,2,0
rp2040,wolfSSL,SNOVA3S,TLS,,,46,5.4750,4794.1570,108.9770,4908.6090,1391,4563,45,568,2,12,3,18,120940,66155.0,70075.0,4551767.0,0.0,2,2,2,0
rp2040,wolfSSL,SNOVA3S,TLS,,,47,6.4300,4793.7180,104.1140,4904.2620,1391,4563,45,568,2,12,3,18,120940,66288.0,70218.0,4554559.0,0.0,2,2,2,0
rp2040,wolfSSL,SNOVA3S,TLS,,,48,5.6500,4797.0670,106.3790,4909.0960,1391,4563,45,568,2,12,3,18,120940,66278.0,70287.0,4555452.0,0.0,2,2,2,0
rp2040,wolfSSL,SNOVA3S,TLS,,,49,6.4320,4792.0700,107.6910,4906.1930,1391,4563,45,568,2,12,3,18,120940,66277.0,70160.0,4554306.0,0.0,2,2,2,0
rp2040,wolfSSL,SNOVA3S,mTLS,,,0,5.3920,7697.1420,72.3100,7774.8440,4671,4749,45,6072,4,14,5,20,115956,66299.0,71240.0,4555675.0,2910407.0,2,2,2,1
rp2040,wolfSSL,SNOVA3S,mTLS,,,1,4.4070,7697.0290,73.7230,7775.1590,4671,4749,45,6072,4,14,5,20,115956,66409.0,71041.0,4553609.0,2913272.0,2,2,2,1
rp2040,wolfSSL,SNOVA3S,mTLS,,,2,4.3740,7703.1870,65.2930,7772.8540,4671,4749,45,6072,4,14,5,20,115956,66472.0,71070.0,4551556.0,2920675.0,2,2,2,1
rp2040,wolfSSL,SNOVA3S,mTLS,,,3,6.4430,7695.7060,65.1800,7767.3290,4671,4749,45,6072,4,14,5,20,115956,66223.0,71344.0,4552844.0,2912173.0,2,2,2,1
rp2040,wolfSSL,SNOVA3S,mTLS,,,4,4.3950,7699.7420,74.2920,7778.4290,4671,4749,45,6072,4,14,5,20,115956,66514.0,71194.0,4557981.0,2913762.0,2,2,2,1
rp2040,wolfSSL,SNOVA3S,mTLS,,,5,4.7230,7698.8780,69.8580,7773.4590,4671,4749,45,6072,4,14,5,20,115956,66404.0,71254.0,4555790.0,2911089.0,2,2,2,1
rp2040,wolfSSL,SNOVA3S,mTLS,,,6,4.4380,7693.6420,71.7060,7769.7860,4671,4749,45,6072,4,14,5,20,115956,66407.0,71242.0,4556740.0,2909349.0,2,2,2,1
rp2040,wolfSSL,SNOVA3S,mTLS,,,7,5.4510,7685.2280,70.7660,7761.4450,4671,4749,45,6072,4,14,5,20,115956,66342.0,71183.0,4552584.0,2905778.0,2,2,2,1
rp2040,wolfSSL,SNOVA3S,mTLS,,,8,13.4690,7732.5900,148.6400,7894.6990,4671,4749,45,6072,4,14,5,20,115956,66286.0,71172.0,4555206.0,2908379.0,2,2,2,1
rp2040,wolfSSL,SNOVA3S,mTLS,,,9,5.4200,7697.0640,75.5850,7778.0690,4671,4749,45,6072,4,14,5,20,115956,66302.0,71066.0,4557260.0,2913045.0,2,2,2,1
rp2040,wolfSSL,SNOVA3S,mTLS,,,10,5.5910,7704.1050,65.2420,7774.9380,4671,4749,45,6072,4,14,5,20,115956,66202.0,71373.0,4562618.0,2911422.0,2,2,2,1
rp2040,wolfSSL,SNOVA3S,mTLS,,,11,5.6590,7691.0940,64.2270,7760.9800,4671,4749,45,6072,4,14,5,20,115956,66299.0,71314.0,4549224.0,2911067.0,2,2,2,1
rp2040,wolfSSL,SNOVA3S,mTLS,,,12,4.7080,7700.4570,77.5030,7782.6680,4671,4749,45,6072,4,14,5,20,115956,66472.0,72105.0,4557848.0,2908866.0,2,2,2,1
rp2040,wolfSSL,SNOVA3S,mTLS,,,13,3.7650,7698.0060,72.8850,7774.6560,4671,4749,45,6072,4,14,5,20,115956,66337.0,71382.0,4558098.0,2907679.0,2,2,2,1
rp2040,wolfSSL,SNOVA3S,mTLS,,,14,6.5730,7692.1780,76.6140,7775.3650,4671,4749,45,6072,4,14,5,20,115956,66697.0,71214.0,4546968.0,2909943.0,2,2,2,1
rp2040,wolfSSL,SNOVA3S,mTLS,,,15,6.7210,10586.8550,148.9590,10742.5350,4671,4749,45,6072,4,14,5,20,115956,66301.0,72332.0,4554145.0,5802136.0,2,2,2,1
rp2040,wolfSSL,SNOVA3S,mTLS,,,16,4.6830,7696.0090,74.0590,7774.7510,4671,4749,45,6072,4,14,5,20,115956,66355.0,71171.0,4556428.0,2910266.0,2,2,2,1
rp2040,wolfSSL,SNOVA3S,mTLS,,,17,5.4560,7704.6650,61.9450,7772.0660,4671,4749,45,6072,4,14,5,21,115956,66675.0,71495.0,4554260.0,2916128.0,2,2,2,1
rp2040,wolfSSL,SNOVA3S,mTLS,,,18,5.6320,7705.4500,65.6710,7776.7530,4671,4749,45,6072,4,14,5,20,115956,66207.0,70987.0,4558700.0,2911592.0,2,2,2,1
rp2040,wolfSSL,SNOVA3S,mTLS,,,19,5.5540,7690.3850,77.4840,7773.4230,4671,4749,45,6072,4,14,5,20,115956,66313.0,71860.0,4554266.0,2908926.0,2,2,2,1
rp2040,wolfSSL,SNOVA3S,mTLS,,,20,6.3740,7694.5670,76.6130,7777.5540,4671,4749,45,6072,4,14,5,20,115956,66327.0,71064.0,4552956.0,2908995.0,2,2,2,1
rp2040,wolfSSL,SNOVA3S,mTLS,,,21,5.3820,7689.6200,80.2780,7775.2800,4671,4749,45,6072,4,14,5,20,115956,66363.0,71256.0,4553628.0,2905830.0,2,2,2,1
rp2040,wolfSSL,SNOVA3S,mTLS,,,22,6.7210,7691.3180,74.8130,7772.8520,4671,4749,45,6072,4,14,5,20,115956,66228.0,71234.0,4556302.0,2909075.0,2,2,2,1
rp2040,wolfSSL,SNOVA3S,mTLS,,,23,8.3840,7694.5530,70.4610,7773.3980,4671,4749,45,6072,4,14,5,20,115956,66389.0,71163.0,4554746.0,2908860.0,2,2,2,1
rp2040,wolfSSL,SNOVA3S,mTLS,,,24,6.4470,7698.0740,69.1130,7773.6340,4671,4749,45,6072,4,14,5,20,115956,66308.0,71096.0,4558333.0,2913278.0,2,2,2,1
rp2040,wolfSSL,SNOVA3S,mTLS,,,25,5.3890,7702.3070,66.5300,7774.2260,4671,4749,45,6072,4,14,5,20,115956,66368.0,71192.0,4555638.0,2915701.0,2,2,2,1
rp2040,wolfSSL,SNOVA3S,mTLS,,,26,5.4050,7689.9450,82.5050,7777.8550,4671,4749,45,6072,4,14,5,20,115956,66314.0,72387.0,4553140.0,2905985.0,2,2,2,1
rp2040,wolfSSL,SNOVA3S,mTLS,,,27,5.4470,7695.6590,75.6740,7776.7800,4671,4749,45,6072,4,14,5,20,115956,66313.0,71216.0,4555283.0,2911228.0,2,2,2,1
rp2040,wolfSSL,SNOVA3S,mTLS,,,28,7.4640,7698.1590,54.6200,7760.2430,4671,4749,45,6072,4,14,5,20,115956,66326.0,71170.0,4560562.0,2909996.0,2,2,2,1
rp2040,wolfSSL,SNOVA3S,mTLS,,,29,4.6180,7688.8750,95.1800,7788.6730,4671,4749,45,6072,4,14,5,20,115956,66195.0,71085.0,4549251.0,2911562.0,2,2,2,1
rp2040,wolfSSL,SNOVA3S,mTLS,,,30,5.6330,7697.5000,71.7240,7774.8570,4671,4749,45,6072,4,14,5,20,115956,66265.0,71244.0,4554954.0,2908866.0,2,2,2,1
rp2040,wolfSSL,SNOVA3S,mTLS,,,31,5.4080,7698.0820,70.6100,7774.1000,4671,4749,45,6072,4,14,5,20,115956,66187.0,70764.0,4554488.0,2911463.0,2,2,2,1
rp2040,wolfSSL,SNOVA3S,mTLS,,,32,6.4090,7697.5550,73.9900,7777.9540,4671,4749,45,6072,4,14,5,20,115956,66482.0,71029.0,4556015.0,2911431.0,2,2,2,1
rp2040,wolfSSL,SNOVA3S,mTLS,,,33,2161.6880,8208.9420,52.0580,10422.6880,4671,4749,45,6072,4,14,5,20,115956,66701.0,71305.0,4554537.0,2910645.0,2,2,2,1
rp2040,wolfSSL,SNOVA3S,mTLS,,,34,4.9620,7699.3130,83.2260,7787.5010,4671,4749,45,6072,4,14,5,20,115956,66368.0,71834.0,4555935.0,2910214.0,2,2,2,1
rp2040,wolfSSL,SNOVA3S,mTLS,,,35,5.4960,7697.9750,78.0940,7781.5650,4671,4749,45,6072,4,14,5,20,115956,66566.0,71120.0,4557266.0,2907898.0,2,2,2,1
rp2040,wolfSSL,SNOVA3S,mTLS,,,36,5.3780,7688.7260,78.0150,7772.1190,4671,4749,45,6072,4,14,5,21,115956,66198.0,71259.0,4553200.0,2907362.0,2,2,2,1
rp2040,wolfSSL,SNOVA3S,mTLS,,,37,5.4000,7701.9680,68.1770,7775.5450,4671,4749,45,6072,4,14,5,20,115956,66399.0,71145.0,4559260.0,2910385.0,2,2,2,1
rp2040,wolfSSL,SNOVA3S,mTLS,,,38,4.6490,10578.2970,46.4410,10629.3870,4671,4749,45,6072,4,14,5,20,115956,66316.0,71208.0,4554923.0,5792956.0,2,2,2,1
rp2040,wolfSSL,SNOVA3S,mTLS,,,39,5.4050,7695.2960,76.4650,7777.1660,4671,4749,45,6072,4,14,5,20,115956,66417.0,71479.0,4556243.0,2908736.0,2,2,2,1
rp2040,wolfSSL,SNOVA3S,mTLS,,,40,5.6540,7705.7980,65.7960,7777.2480,4671,4749,45,6072,4,14,5,20,115956,66509.0,70978.0,4566123.0,2908067.0,2,2,2,1
rp2040,wolfSSL,SNOVA3S,mTLS,,,41,4.3870,7692.4890,75.7650,7772.6410,4671,4749,45,6072,4,14,5,20,115956,66312.0,71135.0,4550155.0,2911682.0,2,2,2,1
rp2040,wolfSSL,SNOVA3S,mTLS,,,42,4.6440,7692.1220,78.5270,7775.2930,4671,4749,45,6072,4,14,5,20,115956,66357.0,71872.0,4549942.0,2910071.0,2,2,2,1
rp2040,wolfSSL,SNOVA3S,mTLS,,,43,5.5960,7693.5560,163.7430,7862.8950,4671,4749,45,6072,4,14,5,20,115956,67386.0,71036.0,4552858.0,2911238.0,2,2,2,1
rp2040,wolfSSL,SNOVA3S,mTLS,,,44,7.4340,7693.6030,69.7100,7770.7470,4671,4749,45,6072,4,14,5,20,115956,66255.0,72424.0,4552811.0,2909608.0,2,2,2,1
rp2040,wolfSSL,SNOVA3S,mTLS,,,45,4.4080,7684.0170,69.1190,7757.5440,4671,4749,45,6072,4,14,5,20,115956,66559.0,71283.0,4547632.0,2908681.0,2,2,2,1
rp2040,wolfSSL,SNOVA3S,mTLS,,,46,4.3930,7783.8260,96.0970,7884.3160,4671,4749,45,6072,4,14,5,20,115956,66266.0,71292.0,4553744.0,2912983.0,2,2,2,1
rp2040,wolfSSL,SNOVA3S,mTLS,,,47,5.3920,7697.3340,324.4350,8027.1610,4671,4749,45,6072,4,14,5,20,115956,66458.0,71117.0,4552625.0,2912194.0,2,2,2,1
rp2040,wolfSSL,SNOVA3S,mTLS,,,48,4.3900,7708.5210,99.9430,7812.8540,4671,4749,45,6072,4,14,5,20,115956,66343.0,71309.0,4551648.0,2907099.0,2,2,2,1
rp2040,wolfSSL,SNOVA3S,mTLS,,,49,4.3900,7693.6140,70.4250,7768.4290,4671,4749,45,6072,4,14,5,20,115956,66315.0,71037.0,4555164.0,2906777.0,2,2,2,1
rp2040,wolfSSL,DEPLOY,TLS,,,0,7.3920,282.6190,8.0900,298.1010,1393,7785,45,568,2,12,3,18,122032,67320.0,70473.0,58288.0,0.0,2,2,2,0
rp2040,wolfSSL,DEPLOY,TLS,,,1,4.4370,283.8670,11.8420,300.1460,1393,7785,45,568,2,12,3,18,121792,66493.0,70398.0,58424.0,0.0,2,2,2,0
rp2040,wolfSSL,DEPLOY,TLS,,,2,15.6860,280.2660,11.5110,307.4630,1393,7785,45,568,2,12,3,18,121792,66590.0,72606.0,58636.0,0.0,2,2,2,0
rp2040,wolfSSL,DEPLOY,TLS,,,3,6.3920,276.0250,12.9750,295.3920,1393,7785,45,568,2,12,3,18,121792,66557.0,70599.0,58549.0,0.0,2,2,2,0
rp2040,wolfSSL,DEPLOY,TLS,,,4,9.6310,282.4430,11.2840,303.3580,1393,7785,45,568,2,12,3,18,121792,66680.0,72268.0,58403.0,0.0,2,2,2,0
rp2040,wolfSSL,DEPLOY,TLS,,,5,6.3920,280.6710,12.2520,299.3150,1393,7785,45,568,2,12,3,18,121792,66504.0,72594.0,58756.0,0.0,2,2,2,0
rp2040,wolfSSL,DEPLOY,TLS,,,6,4.3950,277.0710,12.8150,294.2810,1393,7785,45,568,2,12,3,18,121792,66646.0,70475.0,58872.0,0.0,2,2,2,0
rp2040,wolfSSL,DEPLOY,TLS,,,7,5.6150,282.1620,11.1620,298.9390,1393,7785,45,568,2,12,3,18,121792,66491.0,72401.0,58696.0,0.0,2,2,2,0
rp2040,wolfSSL,DEPLOY,TLS,,,8,5.4180,280.1370,13.5130,299.0680,1393,7785,45,568,2,12,3,18,121792,66544.0,72121.0,58308.0,0.0,2,2,2,0
rp2040,wolfSSL,DEPLOY,TLS,,,9,4.6160,286.8380,13.8970,305.3510,1393,7785,45,568,2,12,3,18,121792,66635.0,72369.0,58612.0,0.0,2,2,2,0
rp2040,wolfSSL,DEPLOY,TLS,,,10,8.7570,275.4080,11.6380,295.8030,1393,7785,45,568,2,12,3,18,121792,66392.0,73009.0,58729.0,0.0,2,2,2,0
rp2040,wolfSSL,DEPLOY,TLS,,,11,6.6210,284.3530,11.3270,302.3010,1393,7785,45,568,2,12,3,18,121792,66338.0,72789.0,58414.0,0.0,2,2,2,0
rp2040,wolfSSL,DEPLOY,TLS,,,12,5.3880,287.6310,10.8570,303.8760,1393,7785,45,568,2,12,3,18,121792,66811.0,70298.0,58598.0,0.0,2,2,2,0
rp2040,wolfSSL,DEPLOY,TLS,,,13,7.7050,282.5520,10.9590,301.2160,1393,7785,45,568,2,12,3,18,121792,66467.0,70330.0,58294.0,0.0,2,2,2,0
rp2040,wolfSSL,DEPLOY,TLS,,,14,9.4220,279.2490,12.9550,301.6260,1393,7785,45,568,2,12,3,18,121792,66472.0,72260.0,58434.0,0.0,2,2,2,0
rp2040,wolfSSL,DEPLOY,TLS,,,15,6.3780,282.1810,9.2720,297.8310,1393,7785,45,568,2,12,3,18,121792,66682.0,72155.0,58672.0,0.0,2,2,2,0
rp2040,wolfSSL,DEPLOY,TLS,,,16,6.4080,281.0910,12.7070,300.2060,1393,7785,45,568,2,12,3,18,121792,66583.0,72564.0,58512.0,0.0,2,2,2,0
rp2040,wolfSSL,DEPLOY,TLS,,,17,7.3980,280.6050,9.0940,297.0970,1393,7785,45,568,2,12,3,18,121792,66632.0,72389.0,58690.0,0.0,2,2,2,0
rp2040,wolfSSL,DEPLOY,TLS,,,18,9.6410,283.3070,12.6220,305.5700,1393,7785,45,568,2,12,3,18,121792,66455.0,73221.0,58645.0,0.0,2,2,2,0
rp2040,wolfSSL,DEPLOY,TLS,,,19,4.6200,296.8540,10.1930,311.6670,1393,7785,45,568,2,12,3,18,121792,66622.0,73615.0,58460.0,0.0,2,2,2,0
rp2040,wolfSSL,DEPLOY,TLS-checked,,,0,7.6620,282.5200,9.1690,299.3510,1393,7785,45,568,2,12,3,18,121456,66419.0,72514.0,58518.0,0.0,2,2,2,0
rp2040,wolfSSL,DEPLOY,TLS-checked,,,1,6.7770,281.6180,16.1540,304.5490,1393,7785,45,568,2,12,3,18,121456,66554.0,72657.0,58414.0,0.0,2,2,2,0
rp2040,wolfSSL,DEPLOY,TLS-checked,,,2,4.4300,282.4960,9.0990,296.0250,1393,7785,45,568,2,12,3,18,121456,66584.0,72772.0,58479.0,0.0,2,2,2,0
rp2040,wolfSSL,DEPLOY,TLS-checked,,,3,7.8210,284.0040,12.2160,304.0410,1393,7785,45,568,2,12,3,18,121456,66702.0,72236.0,58553.0,0.0,2,2,2,0
rp2040,wolfSSL,DEPLOY,TLS-checked,,,4,4.9220,282.6830,14.5930,302.1980,1393,7785,45,568,2,12,3,18,121456,66402.0,72476.0,58740.0,0.0,2,2,2,0
rp2040,wolfSSL,DEPLOY,TLS-checked,,,5,4.8130,280.1060,11.3110,296.2300,1393,7785,45,568,2,12,3,18,121456,66687.0,72253.0,58581.0,0.0,2,2,2,0
rp2040,wolfSSL,DEPLOY,TLS-checked,,,6,6.5500,280.4870,16.2160,303.2530,1393,7785,45,568,2,12,3,18,121456,66682.0,72493.0,58662.0,0.0,2,2,2,0
rp2040,wolfSSL,DEPLOY,TLS-checked,,,7,17.4190,278.9950,13.2920,309.7060,1393,7785,45,568,2,12,3,18,121456,66433.0,72164.0,58272.0,0.0,2,2,2,0
rp2040,wolfSSL,DEPLOY,TLS-checked,,,8,20.5960,283.1480,12.4720,316.2160,1393,7785,45,568,2,12,3,18,121456,66455.0,72144.0,58534.0,0.0,2,2,2,0
rp2040,wolfSSL,DEPLOY,TLS-checked,,,9,5.4100,291.3000,19.5350,316.2450,1393,7785,45,568,2,12,3,18,121456,66668.0,70554.0,58507.0,0.0,2,2,2,0
rp2040,wolfSSL,DEPLOY,TLS-checked,,,10,6.6160,283.8950,8.9070,299.4180,1393,7785,45,568,2,12,3,18,121456,66469.0,72286.0,58786.0,0.0,2,2,2,0
rp2040,wolfSSL,DEPLOY,TLS-checked,,,11,9.6080,282.9810,13.4920,306.0810,1393,7785,45,568,2,12,3,18,121456,66586.0,72218.0,58532.0,0.0,2,2,2,0
rp2040,wolfSSL,DEPLOY,TLS-checked,,,12,5.4030,279.0940,8.5890,293.0860,1393,7785,45,568,2,12,3,18,121456,66467.0,72615.0,58664.0,0.0,2,2,2,0
rp2040,wolfSSL,DEPLOY,TLS-checked,,,13,8.5780,281.6270,12.5900,302.7950,1393,7785,45,568,2,12,3,18,121456,66472.0,72562.0,58385.0,0.0,2,2,2,0
rp2040,wolfSSL,DEPLOY,TLS-checked,,,14,5.7480,283.8180,9.1020,298.6680,1393,7785,45,568,2,12,3,18,121456,66579.0,72923.0,58881.0,0.0,2,2,2,0
rp2040,wolfSSL,DEPLOY,TLS-checked,,,15,6.9380,281.8750,13.8110,302.6240,1393,7785,45,568,2,12,3,18,121456,66479.0,72394.0,58684.0,0.0,2,2,2,0
rp2040,wolfSSL,DEPLOY,TLS-checked,,,16,6.5500,278.7390,8.9080,294.1970,1393,7785,45,568,2,12,3,18,121456,66369.0,72642.0,58670.0,0.0,2,2,2,0
rp2040,wolfSSL,DEPLOY,TLS-checked,,,17,4.4190,285.7860,13.2330,303.4380,1393,7785,45,568,2,12,3,18,121456,66347.0,72538.0,58522.0,0.0,2,2,2,0
rp2040,wolfSSL,DEPLOY,TLS-checked,,,18,5.4040,278.8470,11.7590,296.0100,1393,7785,45,568,2,12,3,18,121456,66401.0,72267.0,58278.0,0.0,2,2,2,0
rp2040,wolfSSL,DEPLOY,TLS-checked,,,19,9.7460,281.8120,11.9750,303.5330,1393,7785,45,568,2,12,3,18,121456,66516.0,72284.0,58618.0,0.0,2,2,2,0
rp2040,wolfSSL,DEPLOY,mTLS,,,0,5.6200,510.7080,44.8250,561.1530,7895,7955,45,8600,4,14,5,20,115072,66456.0,70408.0,58359.0,159352.0,2,2,2,1
rp2040,wolfSSL,DEPLOY,mTLS,,,1,5.4150,539.0120,44.6520,589.0790,7895,7955,45,8600,4,14,5,20,115072,66539.0,70465.0,58369.0,201419.0,2,2,2,1
rp2040,wolfSSL,DEPLOY,mTLS,,,2,4.8750,518.0650,30.8970,553.8370,7895,7955,45,8600,4,14,5,20,115072,66694.0,73414.0,58490.0,169196.0,2,2,2,1
rp2040,wolfSSL,DEPLOY,mTLS,,,3,8.4230,401.2230,29.7560,439.4020,7895,7955,45,8600,4,14,5,20,115072,67073.0,70631.0,58437.0,51838.0,2,2,2,1
rp2040,wolfSSL,DEPLOY,mTLS,,,4,5.3770,398.8230,31.4630,435.6630,7895,7955,45,8600,4,14,5,20,115072,66506.0,73390.0,58472.0,52040.0,2,2,2,1
rp2040,wolfSSL,DEPLOY,mTLS,,,5,4.7070,462.0990,31.5960,498.4020,7895,7955,45,8600,4,14,5,20,115072,66589.0,72147.0,58879.0,122285.0,2,2,2,1
rp2040,wolfSSL,DEPLOY,mTLS,,,6,4.7020,616.5820,33.6090,654.8930,7895,7955,45,8600,4,14,5,20,115072,66505.0,72499.0,58989.0,278985.0,2,2,2,1
rp2040,wolfSSL,DEPLOY,mTLS,,,7,5.4890,446.9000,34.3110,486.7000,7895,7955,45,8600,4,14,5,20,115072,66399.0,70408.0,58511.0,94848.0,2,2,2,1
rp2040,wolfSSL,DEPLOY,mTLS,,,8,20.6720,610.0560,31.9090,662.6370,7895,7955,45,8600,4,14,5,20,115072,66872.0,70636.0,58768.0,256641.0,2,2,2,1
rp2040,wolfSSL,DEPLOY,mTLS,,,9,6.5800,467.0550,34.8810,508.5160,7895,7955,45,8600,4,14,5,20,115072,66547.0,72251.0,58494.0,125531.0,2,2,2,1
rp2040,wolfSSL,DEPLOY,mTLS,,,10,7.6750,517.4940,45.8350,571.0040,7895,7955,45,8600,4,14,5,20,115072,66441.0,72559.0,58302.0,174669.0,2,2,2,1
rp2040,wolfSSL,DEPLOY,mTLS,,,11,4.7750,397.4030,33.5130,435.6910,7895,7955,45,8600,4,14,5,20,115072,66623.0,70482.0,58604.0,51878.0,2,2,2,1
rp2040,wolfSSL,DEPLOY,mTLS,,,12,4.7280,477.8010,34.1440,516.6730,7895,7955,45,8600,4,14,5,20,115072,66387.0,73650.0,58329.0,137349.0,2,2,2,1
rp2040,wolfSSL,DEPLOY,mTLS,,,13,5.4040,391.1220,32.8610,429.3870,7895,7955,45,8600,4,14,5,20,115072,67204.0,73875.0,58668.0,52247.0,2,2,2,1
rp2040,wolfSSL,DEPLOY,mTLS,,,14,20.3930,443.9760,32.2480,496.6170,7895,7955,45,8600,4,14,5,20,115072,66341.0,73794.0,58522.0,100264.0,2,2,2,1
rp2040,wolfSSL,DEPLOY,mTLS,,,15,20.4330,564.8270,33.8660,619.1260,7895,7955,45,8600,4,14,5,20,115072,67121.0,73389.0,58366.0,206716.0,2,2,2,1
rp2040,wolfSSL,DEPLOY,mTLS,,,16,6.3910,560.6320,33.6720,600.6950,7895,7955,45,8600,4,14,5,20,115072,66617.0,70516.0,58774.0,211280.0,2,2,2,1
rp2040,wolfSSL,DEPLOY,mTLS,,,17,5.6870,659.0770,36.8730,701.6370,7895,7955,45,8600,4,14,5,21,115072,66502.0,70691.0,58668.0,309319.0,2,2,2,1
rp2040,wolfSSL,DEPLOY,mTLS,,,18,5.3810,443.2240,33.3070,481.9120,7895,7955,45,8600,4,14,5,20,115072,66460.0,70411.0,58595.0,95114.0,2,2,2,1
rp2040,wolfSSL,DEPLOY,mTLS,,,19,18.7410,554.5410,32.3050,605.5870,7895,7955,45,8600,4,14,5,20,115072,66639.0,70715.0,58540.0,197295.0,2,2,2,1
rp2040,wolfSSL,DEPLOY,mTLS-checked,,,0,5.6590,478.4390,32.5800,516.6780,7895,7955,45,8600,4,14,5,20,114736,66653.0,73635.0,58567.0,137621.0,2,2,2,1
rp2040,wolfSSL,DEPLOY,mTLS-checked,,,1,8.5220,548.0670,43.7890,600.3780,7895,7955,45,8600,4,14,5,20,114736,66435.0,73083.0,58763.0,199344.0,2,2,2,1
rp2040,wolfSSL,DEPLOY,mTLS-checked,,,2,7.5750,394.3650,32.1030,434.0430,7895,7955,45,8600,4,14,5,20,114736,66548.0,72260.0,58531.0,52048.0,2,2,2,1
rp2040,wolfSSL,DEPLOY,mTLS-checked,,,3,20.4150,513.5240,34.8990,568.8380,7895,7955,45,8600,4,14,5,20,114736,66472.0,73860.0,58627.0,163757.0,2,2,2,1
rp2040,wolfSSL,DEPLOY,mTLS-checked,,,4,5.6060,636.4620,40.6790,682.7470,7895,7955,45,8600,4,14,5,20,114736,66428.0,72297.0,58311.0,293608.0,2,2,2,1
rp2040,wolfSSL,DEPLOY,mTLS-checked,,,5,5.5660,562.5160,54.6410,622.7230,7895,7955,45,8600,4,14,5,20,114736,66394.0,72308.0,58295.0,215101.0,2,2,2,1
rp2040,wolfSSL,DEPLOY,mTLS-checked,,,6,4.7370,395.0680,33.2140,433.0190,7895,7955,45,8600,4,14,5,20,114736,66877.0,72141.0,58578.0,52171.0,2,2,2,1
rp2040,wolfSSL,DEPLOY,mTLS-checked,,,7,6.4920,402.0370,49.7100,458.2390,7895,7955,45,8600,4,14,5,20,114736,66579.0,70455.0,58521.0,51857.0,2,2,2,1
rp2040,wolfSSL,DEPLOY,mTLS-checked,,,8,5.5980,392.6830,32.9180,431.1990,7895,7955,45,8600,4,14,5,20,114736,66380.0,72525.0,58607.0,52240.0,2,2,2,1
rp2040,wolfSSL,DEPLOY,mTLS-checked,,,9,18.4020,601.5950,194.2030,814.2000,7895,7955,45,8600,4,14,5,20,114736,66444.0,73320.0,58349.0,257571.0,2,2,2,1
rp2040,wolfSSL,DEPLOY,mTLS-checked,,,10,5.4000,717.4460,43.2570,766.1030,7895,7955,45,8600,4,14,5,20,114736,66827.0,70658.0,58545.0,364633.0,2,2,2,1
rp2040,wolfSSL,DEPLOY,mTLS-checked,,,11,7.0160,389.8720,34.4430,431.3310,7895,7955,45,8600,4,14,5,20,114736,66422.0,73933.0,58510.0,51959.0,2,2,2,1
rp2040,wolfSSL,DEPLOY,mTLS-checked,,,12,6.3820,403.0580,36.8100,446.2500,7895,7955,45,8600,4,14,5,20,114736,66533.0,70651.0,58484.0,51734.0,2,2,2,1
rp2040,wolfSSL,DEPLOY,mTLS-checked,,,13,9.3850,392.8870,32.6150,434.8870,7895,7955,45,8600,4,14,5,20,114736,66332.0,72267.0,58548.0,51779.0,2,2,2,1
rp2040,wolfSSL,DEPLOY,mTLS-checked,,,14,5.4020,390.4330,32.6470,428.4820,7895,7955,45,8600,4,14,5,20,114736,66466.0,72393.0,58693.0,52048.0,2,2,2,1
rp2040,wolfSSL,DEPLOY,mTLS-checked,,,15,19.4100,397.0110,43.6850,460.1060,7895,7955,45,8600,4,14,5,20,114736,66477.0,74046.0,58318.0,51613.0,2,2,2,1
rp2040,wolfSSL,DEPLOY,mTLS-checked,,,16,4.5620,466.1420,39.7710,510.4750,7895,7955,45,8600,4,14,5,20,114736,66315.0,72266.0,58629.0,127839.0,2,2,2,1
rp2040,wolfSSL,DEPLOY,mTLS-checked,,,17,13.7540,390.4040,33.2370,437.3950,7895,7955,45,8600,4,14,5,20,114736,67316.0,73242.0,59161.0,51882.0,2,2,2,1
rp2040,wolfSSL,DEPLOY,mTLS-checked,,,18,19.7180,401.3560,44.3380,465.4120,7895,7955,45,8600,4,14,5,20,114736,66509.0,73227.0,58378.0,52019.0,2,2,2,1
rp2040,wolfSSL,DEPLOY,mTLS-checked,,,19,4.5070,473.1940,33.2890,510.9900,7895,7955,45,8600,4,14,5,20,114736,66362.0,72536.0,58556.0,132208.0,2,2,2,1
rp2040,wolfSSL,RSA2048,TLS,,,0,5.4810,267.1140,12.0460,284.6410,1399,2416,45,568,2,12,3,18,168068,66149.0,70119.0,52419.0,0.0,2,2,2,0
rp2040,wolfSSL,RSA2048,TLS,,,1,6.5430,265.0480,12.7840,284.3750,1399,2416,45,568,2,12,3,18,168068,66334.0,70304.0,52446.0,0.0,2,2,2,0
rp2040,wolfSSL,RSA2048,TLS,,,2,6.3970,264.3300,16.3630,287.0900,1399,2416,45,568,2,12,3,18,168068,66159.0,70071.0,52335.0,0.0,2,2,2,0
rp2040,wolfSSL,RSA2048,TLS,,,3,5.4510,262.7730,11.8220,280.0460,1399,2416,45,568,2,12,3,18,168068,67028.0,69980.0,52286.0,0.0,2,2,2,0
rp2040,wolfSSL,RSA2048,TLS,,,4,18.4410,268.5050,16.0250,302.9710,1399,2416,45,568,2,12,3,18,168068,66266.0,71016.0,52414.0,0.0,2,2,2,0
rp2040,wolfSSL,RSA2048,TLS,,,5,5.8010,266.7370,11.3360,283.8740,1399,2416,45,568,2,12,3,18,168068,66385.0,70004.0,52425.0,0.0,2,2,2,0
rp2040,wolfSSL,RSA2048,TLS,,,6,15.8100,268.6330,10.8700,295.3130,1399,2416,45,568,2,12,3,18,168068,66160.0,70199.0,52383.0,0.0,2,2,2,0
rp2040,wolfSSL,RSA2048,TLS,,,7,4.4450,264.2380,13.8730,282.5560,1399,2416,45,568,2,12,3,18,168068,66952.0,69973.0,52359.0,0.0,2,2,2,0
rp2040,wolfSSL,RSA2048,TLS,,,8,14.0010,264.1800,11.2040,289.3850,1399,2416,45,568,2,12,3,18,168068,66331.0,69892.0,52299.0,0.0,2,2,2,0
rp2040,wolfSSL,RSA2048,TLS,,,9,5.7570,264.0410,12.0600,281.8580,1399,2416,45,568,2,12,3,18,168068,66269.0,70020.0,52483.0,0.0,2,2,2,0
rp2040,wolfSSL,RSA2048,TLS,,,10,5.5680,265.0390,19.6000,290.2070,1399,2416,45,568,2,12,3,18,168068,66176.0,70024.0,52472.0,0.0,2,2,2,0
rp2040,wolfSSL,RSA2048,TLS,,,11,5.7850,273.0300,27.5070,306.3220,1399,2416,45,568,2,12,3,18,168068,66159.0,70173.0,52413.0,0.0,2,2,2,0
rp2040,wolfSSL,RSA2048,TLS,,,12,5.6270,267.9680,18.3120,291.9070,1399,2416,45,568,2,12,3,18,168068,66944.0,69974.0,52346.0,0.0,2,2,2,0
rp2040,wolfSSL,RSA2048,TLS,,,13,5.5640,274.7290,23.5700,303.8630,1399,2416,45,568,2,12,3,18,168068,66353.0,70124.0,52345.0,0.0,2,2,2,0
rp2040,wolfSSL,RSA2048,TLS,,,14,5.4370,270.1330,26.8970,302.4670,1399,2416,45,568,2,12,3,18,168068,66396.0,70253.0,52404.0,0.0,2,2,2,0
rp2040,wolfSSL,RSA2048,TLS,,,15,5.5950,267.5280,19.0970,292.2200,1399,2416,45,568,2,12,3,18,168068,66069.0,69939.0,52394.0,0.0,2,2,2,0
rp2040,wolfSSL,RSA2048,TLS,,,16,5.4430,274.4860,20.4790,300.4080,1399,2416,45,568,2,12,3,18,168068,66074.0,70082.0,52310.0,0.0,2,2,2,0
rp2040,wolfSSL,RSA2048,TLS,,,17,5.3890,276.4160,20.4620,302.2670,1399,2416,45,568,2,12,3,18,168068,66072.0,69997.0,52366.0,0.0,2,2,2,0
rp2040,wolfSSL,RSA2048,TLS,,,18,6.3800,272.5810,26.5330,305.4940,1399,2416,45,568,2,12,3,18,168068,66270.0,69951.0,52337.0,0.0,2,2,2,0
rp2040,wolfSSL,RSA2048,TLS,,,19,4.8380,269.1160,25.9440,299.8980,1399,2416,45,568,2,12,3,18,168068,66071.0,70389.0,52409.0,0.0,2,2,2,0
rp2040,wolfSSL,RSA2048,TLS,,,20,5.4760,269.1510,25.7070,300.3340,1399,2416,45,568,2,12,3,18,168068,66447.0,70130.0,52283.0,0.0,2,2,2,0
rp2040,wolfSSL,RSA2048,TLS,,,21,5.3980,268.8550,27.9060,302.1590,1399,2416,45,568,2,12,3,18,168068,66190.0,70035.0,52424.0,0.0,2,2,2,0
rp2040,wolfSSL,RSA2048,TLS,,,22,5.4310,269.9300,23.4430,298.8040,1399,2416,45,568,2,12,3,18,168068,66270.0,69987.0,52390.0,0.0,2,2,2,0
rp2040,wolfSSL,RSA2048,TLS,,,23,7.7140,265.5890,20.5800,293.8830,1399,2416,45,568,2,12,3,18,168068,66172.0,69977.0,52375.0,0.0,2,2,2,0
rp2040,wolfSSL,RSA2048,TLS,,,24,5.3820,274.6800,26.5980,306.6600,1399,2416,45,568,2,12,3,18,168068,66199.0,70127.0,52306.0,0.0,2,2,2,0
rp2040,wolfSSL,RSA2048,TLS,,,25,5.4190,268.1070,20.5650,294.0910,1399,2416,45,568,2,12,3,18,168068,66437.0,70230.0,52361.0,0.0,2,2,2,0
rp2040,wolfSSL,RSA2048,TLS,,,26,4.4170,269.6580,21.9210,295.9960,1399,2416,45,568,2,12,3,18,168068,66346.0,70067.0,52329.0,0.0,2,2,2,0
rp2040,wolfSSL,RSA2048,TLS,,,27,5.6070,272.0150,21.7400,299.3620,1399,2416,45,568,2,12,3,18,168068,66237.0,70034.0,52612.0,0.0,2,2,2,0
rp2040,wolfSSL,RSA2048,TLS,,,28,5.5910,278.0450,27.0950,310.7310,1399,2416,45,568,2,12,3,18,168068,66262.0,70128.0,52441.0,0.0,2,2,2,0
rp2040,wolfSSL,RSA2048,TLS,,,29,5.3990,267.9380,19.8490,293.1860,1399,2416,45,568,2,12,3,18,168068,66067.0,70105.0,52349.0,0.0,2,2,2,0
rp2040,wolfSSL,RSA2048,TLS,,,30,7.3860,273.7240,19.6370,300.7470,1399,2416,45,568,2,12,3,18,168068,66075.0,70016.0,52242.0,0.0,2,2,2,0
rp2040,wolfSSL,RSA2048,TLS,,,31,5.4100,270.0150,23.0220,298.4470,1399,2416,45,568,2,12,3,18,168068,66432.0,70193.0,52326.0,0.0,2,2,2,0
rp2040,wolfSSL,RSA2048,TLS,,,32,4.4290,278.3340,25.5600,308.3230,1399,2416,45,568,2,12,3,18,168068,66193.0,69907.0,52450.0,0.0,2,2,2,0
rp2040,wolfSSL,RSA2048,TLS,,,33,4.5250,265.5930,21.1950,291.3130,1399,2416,45,568,2,12,3,18,168068,66268.0,70184.0,52265.0,0.0,2,2,2,0
rp2040,wolfSSL,RSA2048,TLS,,,34,7.4600,270.7960,23.8340,302.0900,1399,2416,45,568,2,12,3,18,168068,66513.0,69998.0,52396.0,0.0,2,2,2,0
rp2040,wolfSSL,RSA2048,TLS,,,35,3.7250,269.1320,22.6580,295.5150,1399,2416,45,568,2,12,3,18,168068,66311.0,70111.0,52334.0,0.0,2,2,2,0
rp2040,wolfSSL,RSA2048,TLS,,,36,5.5660,266.8700,24.7480,297.1840,1399,2416,45,568,2,12,3,18,168068,66287.0,70120.0,52314.0,0.0,2,2,2,0
rp2040,wolfSSL,RSA2048,TLS,,,37,3.5040,270.5920,26.6020,300.6980,1399,2416,45,568,2,12,3,18,168068,66203.0,70146.0,52317.0,0.0,2,2,2,0
rp2040,wolfSSL,RSA2048,TLS,,,38,4.4980,268.7810,24.7970,298.0760,1399,2416,45,568,2,12,3,18,168068,66156.0,69980.0,52289.0,0.0,2,2,2,0
rp2040,wolfSSL,RSA2048,TLS,,,39,5.5020,268.1180,25.2200,298.8400,1399,2416,45,568,2,12,3,18,168068,66445.0,70126.0,52345.0,0.0,2,2,2,0
rp2040,wolfSSL,RSA2048,TLS,,,40,6.4090,264.7650,19.5370,290.7110,1399,2416,45,568,2,12,3,18,168068,66117.0,70005.0,52307.0,0.0,2,2,2,0
rp2040,wolfSSL,RSA2048,TLS,,,41,4.4140,274.0980,12.7880,291.3000,1399,2416,45,568,2,12,3,18,168068,66458.0,70186.0,52352.0,0.0,2,2,2,0
rp2040,wolfSSL,RSA2048,TLS,,,42,5.6680,265.4330,15.9010,287.0020,1399,2416,45,568,2,12,3,18,168068,66148.0,70253.0,52280.0,0.0,2,2,2,0
rp2040,wolfSSL,RSA2048,TLS,,,43,7.6450,268.6860,11.6320,287.9630,1399,2416,45,568,2,12,3,18,168068,66182.0,70085.0,52247.0,0.0,2,2,2,0
rp2040,wolfSSL,RSA2048,TLS,,,44,6.6550,263.9710,21.0860,291.7120,1399,2416,45,568,2,12,3,18,168068,66301.0,70065.0,52339.0,0.0,2,2,2,0
rp2040,wolfSSL,RSA2048,TLS,,,45,2797.4980,266.7590,16.4320,3080.6890,1399,2416,45,568,2,12,3,18,168068,66238.0,70069.0,52410.0,0.0,2,2,2,0
rp2040,wolfSSL,RSA2048,TLS,,,46,4.7450,268.5730,21.5700,294.8880,1399,2416,45,568,2,12,3,18,168068,66144.0,70181.0,52468.0,0.0,2,2,2,0
rp2040,wolfSSL,RSA2048,TLS,,,47,4.6450,271.0650,19.9780,295.6880,1399,2416,45,568,2,12,3,18,168068,66246.0,70051.0,52485.0,0.0,2,2,2,0
rp2040,wolfSSL,RSA2048,TLS,,,48,4.4720,273.5680,21.7000,299.7400,1399,2416,45,568,2,12,3,18,168068,66308.0,69887.0,52438.0,0.0,2,2,2,0
rp2040,wolfSSL,RSA2048,TLS,,,49,9.4150,266.3890,27.4030,303.2070,1399,2416,45,568,2,12,3,18,168068,66170.0,70018.0,52267.0,0.0,2,2,2,0
rp2040,wolfSSL,RSA2048,mTLS,,,0,5.5890,1276.4340,14.9590,1296.9820,2532,2586,45,2200,4,14,5,20,165964,67272.0,70088.0,78772.0,972778.0,2,2,3,1
rp2040,wolfSSL,RSA2048,mTLS,,,1,5.7920,1276.6130,15.0170,1297.4220,2532,2586,45,2200,4,14,5,20,165964,66394.0,70313.0,78924.0,972803.0,2,2,3,1
rp2040,wolfSSL,RSA2048,mTLS,,,2,5.5890,1275.4110,14.6160,1295.6160,2532,2586,45,2200,4,14,5,20,165964,66192.0,69946.0,79041.0,973101.0,2,2,3,1
rp2040,wolfSSL,RSA2048,mTLS,,,3,7.4600,1277.1660,23.0950,1307.7210,2532,2586,45,2200,4,14,5,20,165964,66281.0,70777.0,78798.0,972923.0,2,2,3,1
rp2040,wolfSSL,RSA2048,mTLS,,,4,11.5260,1292.2310,15.6240,1319.3810,2532,2586,45,2200,4,14,5,20,165964,66416.0,70055.0,78722.0,973316.0,2,2,3,1
rp2040,wolfSSL,RSA2048,mTLS,,,5,6.4160,1277.2030,24.9230,1308.5420,2532,2586,45,2200,4,14,5,20,165964,66205.0,69994.0,78720.0,972917.0,2,2,3,1
rp2040,wolfSSL,RSA2048,mTLS,,,6,8.4150,1278.0450,25.2080,1311.6680,2532,2586,45,2200,4,14,5,20,165964,66190.0,70047.0,78575.0,972340.0,2,2,3,1
rp2040,wolfSSL,RSA2048,mTLS,,,7,5.4120,1276.7430,14.7770,1296.9320,2532,2586,45,2200,4,14,5,20,165964,66524.0,70207.0,78891.0,972983.0,2,2,3,1
rp2040,wolfSSL,RSA2048,mTLS,,,8,15.6510,1280.7050,14.7370,1311.0930,2532,2586,45,2200,4,14,5,20,165964,66234.0,69907.0,78801.0,972818.0,2,2,3,1
rp2040,wolfSSL,RSA2048,mTLS,,,9,4.4660,1272.0880,18.6970,1295.2510,2532,2586,45,2200,4,14,5,20,165964,66166.0,69926.0,78856.0,972997.0,2,2,3,1
rp2040,wolfSSL,RSA2048,mTLS,,,10,4.4440,1274.2750,16.6460,1295.3650,2532,2586,45,2200,4,14,5,20,165964,66179.0,70091.0,78941.0,972770.0,2,2,3,1
rp2040,wolfSSL,RSA2048,mTLS,,,11,11.3950,1279.0050,24.5180,1314.9180,2532,2586,45,2200,4,14,5,20,165964,66238.0,69938.0,78638.0,973390.0,2,2,3,1
rp2040,wolfSSL,RSA2048,mTLS,,,12,5.4690,1283.8560,18.5820,1307.9070,2532,2586,45,2200,4,14,5,20,165964,66246.0,69913.0,78721.0,972957.0,2,2,3,1
rp2040,wolfSSL,RSA2048,mTLS,,,13,6.4010,1277.2780,25.2000,1308.8790,2532,2586,45,2200,4,14,5,20,165964,66038.0,70020.0,78755.0,973666.0,2,2,3,1
rp2040,wolfSSL,RSA2048,mTLS,,,14,4.4300,1275.6980,28.8110,1308.9390,2532,2586,45,2200,4,14,5,20,165964,66176.0,69985.0,78750.0,973404.0,2,2,3,1
rp2040,wolfSSL,RSA2048,mTLS,,,15,6.6850,1273.1170,13.1470,1292.9490,2532,2586,45,2200,4,14,5,20,165964,66201.0,70023.0,78536.0,973632.0,2,2,3,1
rp2040,wolfSSL,RSA2048,mTLS,,,16,5.5350,1276.3430,18.3530,1300.2310,2532,2586,45,2200,4,14,5,20,165964,66069.0,70281.0,78897.0,972621.0,2,2,3,1
rp2040,wolfSSL,RSA2048,mTLS,,,17,4.5420,1279.4110,14.8400,1298.7930,2532,2586,45,2200,4,14,5,20,165964,66294.0,70227.0,78786.0,972469.0,2,2,3,1
rp2040,wolfSSL,RSA2048,mTLS,,,18,5.7830,1274.5380,26.9180,1307.2390,2532,2586,45,2200,4,14,5,20,165964,66306.0,70181.0,78812.0,972281.0,2,2,3,1
rp2040,wolfSSL,RSA2048,mTLS,,,19,5.4450,1283.5550,24.3880,1313.3880,2532,2586,45,2200,4,14,5,20,165964,66126.0,70021.0,78688.0,973185.0,2,2,3,1
rp2040,wolfSSL,RSA2048,mTLS,,,20,12.3880,1285.3720,17.2720,1315.0320,2532,2586,45,2200,4,14,5,20,165964,66400.0,70253.0,79055.0,972896.0,2,2,3,1
rp2040,wolfSSL,RSA2048,mTLS,,,21,7.4090,1278.4930,23.9230,1309.8250,2532,2586,45,2200,4,14,5,20,165964,66062.0,70848.0,78936.0,973239.0,2,2,3,1
rp2040,wolfSSL,RSA2048,mTLS,,,22,7.6040,1274.1990,27.9000,1309.7030,2532,2586,45,2200,4,14,5,20,165964,66310.0,70077.0,78569.0,972822.0,2,2,3,1
rp2040,wolfSSL,RSA2048,mTLS,,,23,5.4340,1284.1540,45.7910,1335.3790,2532,2586,45,2200,4,14,5,20,165964,66038.0,70124.0,79254.0,976217.0,2,2,3,1
rp2040,wolfSSL,RSA2048,mTLS,,,24,4.7240,1284.1400,17.9880,1306.8520,2532,2586,45,2200,4,14,5,20,165964,66173.0,70206.0,78892.0,973291.0,2,2,3,1
rp2040,wolfSSL,RSA2048,mTLS,,,25,6.4440,1277.4910,25.2430,1309.1780,2532,2586,45,2200,4,14,5,20,165964,66310.0,70121.0,78693.0,973033.0,2,2,3,1
rp2040,wolfSSL,RSA2048,mTLS,,,26,5.3870,1273.4540,14.1820,1293.0230,2532,2586,45,2200,4,14,5,20,165964,66135.0,70117.0,78830.0,973061.0,2,2,3,1
rp2040,wolfSSL,RSA2048,mTLS,,,27,5.4550,1281.2810,13.0040,1299.7400,2532,2586,45,2200,4,14,5,20,165964,66174.0,70250.0,79045.0,973583.0,2,2,3,1
rp2040,wolfSSL,RSA2048,mTLS,,,28,17.5950,1279.0970,16.5090,1313.2010,2532,2586,45,2200,4,14,5,20,165964,66252.0,70073.0,78911.0,972797.0,2,2,3,1
rp2040,wolfSSL,RSA2048,mTLS,,,29,5.4140,1275.6930,16.2740,1297.3810,2532,2586,45,2200,4,14,5,20,165964,66240.0,69908.0,78799.0,972935.0,2,2,3,1
rp2040,wolfSSL,RSA2048,mTLS,,,30,7.4070,1276.4690,13.8820,1297.7580,2532,2586,45,2200,4,14,5,20,165964,66072.0,69931.0,78824.0,972983.0,2,2,3,1
rp2040,wolfSSL,RSA2048,mTLS,,,31,5.5660,1274.6640,14.3140,1294.5440,2532,2586,45,2200,4,14,5,20,165964,66186.0,70031.0,78788.0,972781.0,2,2,3,1
rp2040,wolfSSL,RSA2048,mTLS,,,32,4.4390,1276.4090,13.7910,1294.6390,2532,2586,45,2200,4,14,5,20,165964,66074.0,70099.0,78766.0,973107.0,2,2,3,1
rp2040,wolfSSL,RSA2048,mTLS,,,33,8.7220,1276.3490,20.6960,1305.7670,2532,2586,45,2200,4,14,5,20,165964,66245.0,69957.0,78662.0,972755.0,2,2,3,1
rp2040,wolfSSL,RSA2048,mTLS,,,34,5.4140,1277.0070,23.1580,1305.5790,2532,2586,45,2200,4,14,5,20,165964,66665.0,70268.0,78980.0,973129.0,2,2,3,1
rp2040,wolfSSL,RSA2048,mTLS,,,35,7.4070,1279.4110,32.8980,1319.7160,2532,2586,45,2200,4,14,5,20,165964,66208.0,69997.0,78888.0,972914.0,2,2,3,1
rp2040,wolfSSL,RSA2048,mTLS,,,36,6.3810,1286.2960,18.1310,1310.8080,2532,2586,45,2200,4,14,5,20,165964,66240.0,70058.0,78627.0,972357.0,2,2,3,1
rp2040,wolfSSL,RSA2048,mTLS,,,37,4.6000,1281.4880,24.2090,1310.2970,2532,2586,45,2200,4,14,5,20,165964,66262.0,70842.0,78877.0,973119.0,2,2,3,1
rp2040,wolfSSL,RSA2048,mTLS,,,38,5.6200,1277.3020,27.4700,1310.3920,2532,2586,45,2200,4,14,5,20,165964,66166.0,71168.0,78933.0,972778.0,2,2,3,1
rp2040,wolfSSL,RSA2048,mTLS,,,39,545.9600,1279.9480,24.0530,1849.9610,2532,2586,45,2200,4,14,5,20,165964,66143.0,69882.0,78634.0,972866.0,2,2,3,1
rp2040,wolfSSL,RSA2048,mTLS,,,40,5.3970,1284.0740,18.3610,1307.8320,2532,2586,45,2200,4,14,5,20,165964,66543.0,70157.0,78852.0,972630.0,2,2,3,1
rp2040,wolfSSL,RSA2048,mTLS,,,41,5.5200,1274.6830,26.1680,1306.3710,2532,2586,45,2200,4,14,5,20,165964,66356.0,70112.0,79266.0,972553.0,2,2,3,1
rp2040,wolfSSL,RSA2048,mTLS,,,42,19.3930,1275.9060,13.5080,1308.8070,2532,2586,45,2200,4,14,5,20,165964,66154.0,69976.0,78655.0,973194.0,2,2,3,1
rp2040,wolfSSL,RSA2048,mTLS,,,43,11.8490,1289.5760,15.6160,1317.0410,2532,2586,45,2200,4,14,5,20,165964,66338.0,70095.0,78670.0,972857.0,2,2,3,1
rp2040,wolfSSL,RSA2048,mTLS,,,44,5.4820,1276.7660,34.9750,1317.2230,2532,2586,45,2200,4,14,5,20,165964,66194.0,70093.0,78736.0,972941.0,2,2,3,1
rp2040,wolfSSL,RSA2048,mTLS,,,45,6.6610,1282.5490,18.5270,1307.7370,2532,2586,45,2200,4,14,5,20,165964,66168.0,70080.0,79030.0,972546.0,2,2,3,1
rp2040,wolfSSL,RSA2048,mTLS,,,46,8.5950,1289.4940,16.9580,1315.0470,2532,2586,45,2200,4,14,5,20,165964,66068.0,69974.0,78606.0,973353.0,2,2,3,1
rp2040,wolfSSL,RSA2048,mTLS,,,47,10.6970,1291.4860,16.1870,1318.3700,2532,2586,45,2200,4,14,5,20,165964,66541.0,70069.0,78732.0,972921.0,2,2,3,1
rp2040,wolfSSL,RSA2048,mTLS,,,48,13.4440,1283.9280,15.8640,1313.2360,2532,2586,45,2200,4,14,5,20,165964,66164.0,70135.0,78747.0,972274.0,2,2,3,1
rp2040,wolfSSL,RSA2048,mTLS,,,49,4.7630,1274.4350,29.8030,1309.0010,2532,2586,45,2200,4,14,5,20,165964,66288.0,70060.0,78751.0,972522.0,2,2,3,1
rp2040,wolfSSL,RSA3072,TLS,,,0,9.4710,367.2050,54.8010,431.4770,1399,2800,45,568,2,12,3,18,167940,66403.0,70315.0,115667.0,0.0,2,2,2,0
rp2040,wolfSSL,RSA3072,TLS,,,1,103.9020,375.0630,15.1090,494.0740,1399,2800,45,568,2,12,3,18,167940,66369.0,70416.0,115308.0,0.0,2,2,2,0
rp2040,wolfSSL,RSA3072,TLS,,,2,5.5820,403.2250,92.2290,501.0360,1399,2800,45,568,2,12,3,18,167940,66209.0,70430.0,115336.0,0.0,2,2,2,0
rp2040,wolfSSL,RSA3072,TLS,,,3,13.6720,396.6280,98.7590,509.0590,1399,2800,45,568,2,12,3,18,167940,66406.0,70323.0,116110.0,0.0,2,2,2,0
rp2040,wolfSSL,RSA3072,TLS,,,4,13.6090,392.6570,87.1810,493.4470,1399,2800,45,568,2,12,3,18,167940,66307.0,70443.0,115812.0,0.0,2,2,2,0
rp2040,wolfSSL,RSA3072,TLS,,,5,5.4190,413.4720,80.3800,499.2710,1399,2800,45,568,2,12,3,18,167940,66305.0,70276.0,116190.0,0.0,2,2,2,0
rp2040,wolfSSL,RSA3072,TLS,,,6,7.8670,399.9860,96.8290,504.6820,1399,2800,45,568,2,12,3,18,167940,66333.0,70258.0,115790.0,0.0,2,2,2,0
rp2040,wolfSSL,RSA3072,TLS,,,7,5.4210,523.2780,15.2770,543.9760,1399,2800,45,568,2,12,3,18,167940,66293.0,70166.0,115129.0,0.0,2,2,2,0
rp2040,wolfSSL,RSA3072,TLS,,,8,4.5080,359.8120,11.8290,376.1490,1399,2800,45,568,2,12,3,18,167940,66234.0,71322.0,115232.0,0.0,2,2,2,0
rp2040,wolfSSL,RSA3072,TLS,,,9,8.4390,357.9380,8.0700,374.4470,1399,2800,45,568,2,12,3,18,167940,66255.0,70325.0,115392.0,0.0,2,2,2,0
rp2040,wolfSSL,RSA3072,TLS,,,10,39.4850,364.4440,11.7040,415.6330,1399,2800,45,568,2,12,3,18,167940,66417.0,70161.0,115275.0,0.0,2,2,2,0
rp2040,wolfSSL,RSA3072,TLS,,,11,9.6150,359.5460,11.8980,381.0590,1399,2800,45,568,2,12,3,18,167940,66327.0,70433.0,115199.0,0.0,2,2,2,0
rp2040,wolfSSL,RSA3072,TLS,,,12,6.3990,360.8440,19.9210,387.1640,1399,2800,45,568,2,12,3,18,167940,66415.0,70328.0,115672.0,0.0,2,2,2,0
rp2040,wolfSSL,RSA3072,TLS,,,13,4.6710,359.7050,20.1310,384.5070,1399,2800,45,568,2,12,3,18,167940,66229.0,70419.0,115255.0,0.0,2,2,2,0
rp2040,wolfSSL,RSA3072,TLS,,,14,15.4390,363.9810,21.5150,400.9350,1399,2800,45,568,2,12,3,18,167940,66237.0,70308.0,115335.0,0.0,2,2,2,0
rp2040,wolfSSL,RSA3072,TLS,,,15,18.4250,360.6320,23.9060,402.9630,1399,2800,45,568,2,12,3,18,167940,66571.0,70299.0,115218.0,0.0,2,2,2,0
rp2040,wolfSSL,RSA3072,TLS,,,16,17.6900,358.9790,8.0790,384.7480,1399,2800,45,568,2,12,3,18,167940,66381.0,70432.0,115171.0,0.0,2,2,2,0
rp2040,wolfSSL,RSA3072,TLS,,,17,5.4010,357.8020,13.9110,377.1140,1399,2800,45,568,2,12,3,18,167940,66404.0,70257.0,115187.0,0.0,2,2,2,0
rp2040,wolfSSL,RSA3072,TLS,,,18,5.4000,362.9620,8.3050,376.6670,1399,2800,45,568,2,12,3,18,167940,66209.0,71393.0,115741.0,0.0,2,2,2,0
rp2040,wolfSSL,RSA3072,TLS,,,19,12.8840,367.6720,8.1970,388.7530,1399,2800,45,568,2,12,3,18,167940,66288.0,70316.0,115221.0,0.0,2,2,2,0
rp2040,wolfSSL,RSA3072,TLS,,,20,5.8900,368.7830,24.4160,399.0890,1399,2800,45,568,2,12,3,18,167940,66262.0,70293.0,115312.0,0.0,2,2,2,0
rp2040,wolfSSL,RSA3072,TLS,,,21,5.4230,363.6840,9.8800,378.9870,1399,2800,45,568,2,12,3,18,167940,66329.0,70376.0,115310.0,0.0,2,2,2,0
rp2040,wolfSSL,RSA3072,TLS,,,22,5.4370,368.9120,17.7750,392.1240,1399,2800,45,568,2,12,3,18,167940,66548.0,70425.0,115315.0,0.0,2,2,2,0
rp2040,wolfSSL,RSA3072,TLS,,,23,5.3960,356.3780,23.9630,385.7370,1399,2800,45,568,2,12,3,18,167940,66268.0,70069.0,115244.0,0.0,2,2,2,0
rp2040,wolfSSL,RSA3072,TLS,,,24,20.6960,355.7990,8.1630,384.6580,1399,2800,45,568,2,12,3,18,167940,66208.0,70405.0,115196.0,0.0,2,2,2,0
rp2040,wolfSSL,RSA3072,TLS,,,25,4.4070,358.6020,9.2910,372.3000,1399,2800,45,568,2,12,3,18,167940,66222.0,71254.0,115271.0,0.0,2,2,2,0
rp2040,wolfSSL,RSA3072,TLS,,,26,5.6830,360.2750,11.8630,377.8210,1399,2800,45,568,2,12,3,18,167940,66405.0,70239.0,115361.0,0.0,2,2,2,0
rp2040,wolfSSL,RSA3072,TLS,,,27,4.4420,358.8560,25.9850,389.2830,1399,2800,45,568,2,12,3,18,167940,66454.0,70364.0,115266.0,0.0,2,2,2,0
rp2040,wolfSSL,RSA3072,TLS,,,28,6.7060,365.3010,8.4740,380.4810,1399,2800,45,568,2,12,3,18,167940,66338.0,70342.0,115225.0,0.0,2,2,2,0
rp2040,wolfSSL,RSA3072,TLS,,,29,4.5620,363.2010,24.4880,392.2510,1399,2800,45,568,2,12,3,18,167940,66365.0,70522.0,117393.0,0.0,2,2,2,0
rp2040,wolfSSL,RSA3072,TLS,,,30,11.4250,364.3730,15.1930,390.9910,1399,2800,45,568,2,12,3,18,167940,66233.0,70411.0,115249.0,0.0,2,2,2,0
rp2040,wolfSSL,RSA3072,TLS,,,31,5.4460,353.4920,13.1990,372.1370,1399,2800,45,568,2,12,3,18,167940,66320.0,70260.0,115361.0,0.0,2,2,2,0
rp2040,wolfSSL,RSA3072,TLS,,,32,5.6610,352.1410,8.3890,366.1910,1399,2800,45,568,2,12,3,18,167940,66228.0,70266.0,115353.0,0.0,2,2,2,0
rp2040,wolfSSL,RSA3072,TLS,,,33,4.5560,359.4860,16.9210,380.9630,1399,2800,45,568,2,12,3,18,167940,66398.0,70302.0,115176.0,0.0,2,2,2,0
rp2040,wolfSSL,RSA3072,TLS,,,34,5.4180,360.1310,12.7180,378.2670,1399,2800,45,568,2,12,3,18,167940,66555.0,70461.0,115221.0,0.0,2,2,2,0
rp2040,wolfSSL,RSA3072,TLS,,,35,10.4200,367.8480,14.4850,392.7530,1399,2800,45,568,2,12,3,18,167940,66220.0,70286.0,115316.0,0.0,2,2,2,0
rp2040,wolfSSL,RSA3072,TLS,,,36,6.3950,362.0920,8.3150,376.8020,1399,2800,45,568,2,12,3,18,167940,66402.0,70887.0,115347.0,0.0,2,2,2,0
rp2040,wolfSSL,RSA3072,TLS,,,37,5.5810,360.7900,24.4430,390.8140,1399,2800,45,568,2,12,3,18,167940,66471.0,70526.0,115200.0,0.0,2,2,2,0
rp2040,wolfSSL,RSA3072,TLS,,,38,4.5950,353.5870,25.9660,384.1480,1399,2800,45,568,2,12,3,18,167940,66335.0,70286.0,115324.0,0.0,2,2,2,0
rp2040,wolfSSL,RSA3072,TLS,,,39,17.4460,353.0760,8.2060,378.7280,1399,2800,45,568,2,12,3,18,167940,66244.0,70405.0,115186.0,0.0,2,2,2,0
rp2040,wolfSSL,RSA3072,TLS,,,40,4.5920,359.2230,12.8370,376.6520,1399,2800,45,568,2,12,3,18,167940,66355.0,70282.0,115309.0,0.0,2,2,2,0
rp2040,wolfSSL,RSA3072,TLS,,,41,5.4190,355.9920,13.0110,374.4220,1399,2800,45,568,2,12,3,18,167940,66577.0,70119.0,115245.0,0.0,2,2,2,0
rp2040,wolfSSL,RSA3072,TLS,,,42,4.3910,359.7090,7.9040,372.0040,1399,2800,45,568,2,12,3,18,167940,66368.0,70214.0,115232.0,0.0,2,2,2,0
rp2040,wolfSSL,RSA3072,TLS,,,43,5.7800,359.1330,24.8610,389.7740,1399,2800,45,568,2,12,3,18,167940,66383.0,70344.0,115289.0,0.0,2,2,2,0
rp2040,wolfSSL,RSA3072,TLS,,,44,5.5290,358.9460,20.5520,385.0270,1399,2800,45,568,2,12,3,18,167940,66317.0,70255.0,115282.0,0.0,2,2,2,0
rp2040,wolfSSL,RSA3072,TLS,,,45,4.4490,357.9360,22.4360,384.8210,1399,2800,45,568,2,12,3,18,167940,66215.0,70402.0,115258.0,0.0,2,2,2,0
rp2040,wolfSSL,RSA3072,TLS,,,46,17.4540,358.6610,9.2060,385.3210,1399,2800,45,568,2,12,3,18,167940,66326.0,71105.0,115884.0,0.0,2,2,2,0
rp2040,wolfSSL,RSA3072,TLS,,,47,18.4850,358.0980,31.0430,407.6260,1399,2800,45,568,2,12,3,18,167940,66387.0,70261.0,115198.0,0.0,2,2,2,0
rp2040,wolfSSL,RSA3072,TLS,,,48,4.7680,354.8300,9.4500,369.0480,1399,2800,45,568,2,12,3,18,167940,66322.0,70298.0,115188.0,0.0,2,2,2,0
rp2040,wolfSSL,RSA3072,TLS,,,49,6.3910,372.9720,8.2320,387.5950,1399,2800,45,568,2,12,3,18,167940,66341.0,70439.0,115239.0,0.0,2,2,2,0
rp2040,wolfSSL,RSA3072,mTLS,,,0,6.4420,3624.1570,36.5150,3667.1140,2916,2970,45,2712,4,14,5,20,165004,66370.0,70346.0,173751.0,3196913.0,2,2,3,1
rp2040,wolfSSL,RSA3072,mTLS,,,1,6.5820,3625.1230,34.3990,3666.1040,2916,2970,45,2712,4,14,5,20,165004,66476.0,70474.0,174123.0,3197659.0,2,2,3,1
rp2040,wolfSSL,RSA3072,mTLS,,,2,4.7270,3628.2270,34.0140,3666.9680,2916,2970,45,2712,4,14,5,20,165004,66361.0,70667.0,173257.0,3197371.0,2,2,3,1
rp2040,wolfSSL,RSA3072,mTLS,,,3,5.3940,3621.0220,39.6300,3666.0460,2916,2970,45,2712,4,14,5,20,165004,66373.0,71407.0,174138.0,3196859.0,2,2,3,1
rp2040,wolfSSL,RSA3072,mTLS,,,4,6.4530,3626.9180,33.1930,3666.5640,2916,2970,45,2712,4,14,5,20,165004,66431.0,70411.0,173670.0,3196127.0,2,2,3,1
rp2040,wolfSSL,RSA3072,mTLS,,,5,4.8770,3627.8090,34.5210,3667.2070,2916,2970,45,2712,4,14,5,20,165004,66286.0,70215.0,173610.0,3197996.0,2,2,3,1
rp2040,wolfSSL,RSA3072,mTLS,,,6,7.6450,3629.3920,130.2070,3767.2440,2916,2970,45,2712,4,14,5,20,165004,66366.0,70821.0,173728.0,3198407.0,2,2,3,1
rp2040,wolfSSL,RSA3072,mTLS,,,7,5.4530,3625.9430,35.3710,3666.7670,2916,2970,45,2712,4,14,5,20,165004,66313.0,70800.0,173369.0,3196474.0,2,2,3,1
rp2040,wolfSSL,RSA3072,mTLS,,,8,5.8210,3630.3080,328.8150,3964.9440,2916,2970,45,2712,4,14,5,20,165004,66413.0,70291.0,173935.0,3198114.0,2,2,3,1
rp2040,wolfSSL,RSA3072,mTLS,,,9,5.4730,3624.4130,60.1440,3690.0300,2916,2970,45,2712,4,14,5,20,165004,66352.0,70327.0,173828.0,3196766.0,2,2,3,1
rp2040,wolfSSL,RSA3072,mTLS,,,10,5.4590,3630.8450,30.4470,3666.7510,2916,2970,45,2712,4,14,5,20,165004,66382.0,70294.0,173440.0,3197427.0,2,2,3,1
rp2040,wolfSSL,RSA3072,mTLS,,,11,7.4270,3626.0660,35.2690,3668.7620,2916,2970,45,2712,4,14,5,20,165004,66315.0,70159.0,173346.0,3196560.0,2,2,3,1
rp2040,wolfSSL,RSA3072,mTLS,,,12,4.5590,3627.5860,136.8530,3768.9980,2916,2970,45,2712,4,14,5,20,165004,66252.0,71051.0,173403.0,3196669.0,2,2,3,1
rp2040,wolfSSL,RSA3072,mTLS,,,13,4.4210,3629.5830,93.0970,3727.1010,2916,2970,45,2712,4,14,5,20,165004,66331.0,70307.0,173908.0,3197270.0,2,2,3,1
rp2040,wolfSSL,RSA3072,mTLS,,,14,4.6810,3627.2130,15.6170,3647.5110,2916,2970,45,2712,4,14,5,20,165004,66246.0,71143.0,173846.0,3196682.0,2,2,3,1
rp2040,wolfSSL,RSA3072,mTLS,,,15,5.6250,3627.9420,63.9680,3697.5350,2916,2970,45,2712,4,14,5,20,165004,66254.0,70861.0,173409.0,3196324.0,2,2,3,1
rp2040,wolfSSL,RSA3072,mTLS,,,16,5.4070,3625.5350,30.2420,3661.1840,2916,2970,45,2712,4,14,5,20,165004,66410.0,70205.0,173391.0,3197143.0,2,2,3,1
rp2040,wolfSSL,RSA3072,mTLS,,,17,6.5780,3629.0230,33.0650,3668.6660,2916,2970,45,2712,4,14,5,20,165004,66291.0,70347.0,174020.0,3197098.0,2,2,3,1
rp2040,wolfSSL,RSA3072,mTLS,,,18,5.3960,3629.5500,130.4560,3765.4020,2916,2970,45,2712,4,14,5,20,165004,66354.0,70986.0,173840.0,3197178.0,2,2,3,1
rp2040,wolfSSL,RSA3072,mTLS,,,19,4.7630,3632.9250,133.7890,3771.4770,2916,2970,45,2712,4,14,5,20,165004,66556.0,71347.0,173721.0,3197687.0,2,2,3,1
rp2040,wolfSSL,RSA3072,mTLS,,,20,5.4660,3629.9650,129.6360,3765.0670,2916,2970,45,2712,4,14,5,20,165004,66377.0,70354.0,173674.0,3195795.0,2,2,3,1
rp2040,wolfSSL,RSA3072,mTLS,,,21,5.6320,3627.0250,34.9970,3667.6540,2916,2970,45,2712,4,14,5,20,165004,66328.0,70155.0,173843.0,3197743.0,2,2,3,1
rp2040,wolfSSL,RSA3072,mTLS,,,22,7.5260,3622.7940,38.5360,3668.8560,2916,2970,45,2712,4,14,5,20,165004,66366.0,70213.0,174001.0,3196391.0,2,2,3,1
rp2040,wolfSSL,RSA3072,mTLS,,,23,6.5160,3628.9260,33.4490,3668.8910,2916,2970,45,2712,4,14,5,20,165004,66326.0,70235.0,173345.0,3195641.0,2,2,3,1
rp2040,wolfSSL,RSA3072,mTLS,,,24,6.3910,3628.8500,15.3990,3650.6400,2916,2970,45,2712,4,14,5,20,165004,66346.0,70697.0,173324.0,3197602.0,2,2,3,1
rp2040,wolfSSL,ECDSAP256,TLS,,,0,4.4040,397.1040,19.8790,421.3870,1387,1837,45,568,2,12,3,18,168292,66283.0,71061.0,195504.0,0.0,2,2,2,0
rp2040,wolfSSL,ECDSAP256,TLS,,,1,9.4270,395.5180,14.1180,419.0630,1387,1838,45,568,2,12,3,18,168292,66389.0,70378.0,195245.0,0.0,2,2,2,0
rp2040,wolfSSL,ECDSAP256,TLS,,,2,7.7480,395.2380,13.4560,416.4420,1387,1837,45,568,2,12,3,18,168292,66242.0,70062.0,195279.0,0.0,2,2,2,0
rp2040,wolfSSL,ECDSAP256,TLS,,,3,5.4510,406.2380,12.6320,424.3210,1387,1839,45,568,2,12,3,18,168292,66990.0,70252.0,195019.0,0.0,2,2,2,0
rp2040,wolfSSL,ECDSAP256,TLS,,,4,6.6740,401.4300,12.9320,421.0360,1387,1838,45,568,2,12,3,18,168292,66364.0,70171.0,195052.0,0.0,2,2,2,0
rp2040,wolfSSL,ECDSAP256,TLS,,,5,8.3900,395.5230,11.7340,415.6470,1387,1838,45,568,2,12,3,18,168292,66644.0,70426.0,195260.0,0.0,2,2,2,0
rp2040,wolfSSL,ECDSAP256,TLS,,,6,8.8770,394.2340,12.5730,415.6840,1387,1838,45,568,2,12,3,18,168292,66317.0,70191.0,195241.0,0.0,2,2,2,0
rp2040,wolfSSL,ECDSAP256,TLS,,,7,17.4300,394.3750,19.2850,431.0900,1387,1838,45,568,2,12,3,18,168292,66145.0,70238.0,195237.0,0.0,2,2,2,0
rp2040,wolfSSL,ECDSAP256,TLS,,,8,4.4020,407.0750,21.8940,433.3710,1387,1837,45,568,2,12,3,18,168292,66466.0,70427.0,195399.0,0.0,2,2,2,0
rp2040,wolfSSL,ECDSAP256,TLS,,,9,4.8510,410.5250,11.7900,427.1660,1387,1839,45,568,2,12,3,18,168292,66276.0,70291.0,195350.0,0.0,2,2,2,0
rp2040,wolfSSL,ECDSAP256,TLS,,,10,5.4220,393.8580,14.4550,413.7350,1387,1837,45,568,2,12,3,18,168292,66297.0,70234.0,195090.0,0.0,2,2,2,0
rp2040,wolfSSL,ECDSAP256,TLS,,,11,18.6050,393.5840,19.8610,432.0500,1387,1838,45,568,2,12,3,18,168292,66454.0,70257.0,195023.0,0.0,2,2,2,0
rp2040,wolfSSL,ECDSAP256,TLS,,,12,4.4870,405.3740,22.5490,432.4100,1387,1838,45,568,2,12,3,18,168292,66354.0,70368.0,194970.0,0.0,2,2,2,0
rp2040,wolfSSL,ECDSAP256,TLS,,,13,6.8290,402.8620,11.9970,421.6880,1387,1837,45,568,2,12,3,18,168292,66429.0,70350.0,195233.0,0.0,2,2,2,0
rp2040,wolfSSL,ECDSAP256,TLS,,,14,4.6960,394.6060,12.4780,411.7800,1387,1837,45,568,2,12,3,18,168292,66374.0,70525.0,195238.0,0.0,2,2,2,0
rp2040,wolfSSL,ECDSAP256,TLS,,,15,10.4270,393.9200,12.8310,417.1780,1387,1838,45,568,2,12,3,18,168292,66243.0,70277.0,195427.0,0.0,2,2,2,0
rp2040,wolfSSL,ECDSAP256,TLS,,,16,5.4420,405.9980,11.9850,423.4250,1387,1838,45,568,2,12,3,18,168292,66345.0,70259.0,195204.0,0.0,2,2,2,0
rp2040,wolfSSL,ECDSAP256,TLS,,,17,4.4040,397.3540,18.5870,420.3450,1387,1838,45,568,2,12,3,18,168292,66252.0,70933.0,195075.0,0.0,2,2,2,0
rp2040,wolfSSL,ECDSAP256,TLS,,,18,5.3860,409.7350,11.9130,427.0340,1387,1838,45,568,2,12,3,18,168292,66291.0,70659.0,195135.0,0.0,2,2,2,0
rp2040,wolfSSL,ECDSAP256,TLS,,,19,5.7250,396.8870,15.3180,417.9300,1387,1838,45,568,2,12,3,18,168292,66352.0,70266.0,195458.0,0.0,2,2,2,0
rp2040,wolfSSL,ECDSAP256,TLS,,,20,4.6320,406.1200,12.1430,422.8950,1387,1838,45,568,2,12,3,18,168292,66257.0,70288.0,195933.0,0.0,2,2,2,0
rp2040,wolfSSL,ECDSAP256,TLS,,,21,5.3840,405.4470,12.0800,422.9110,1387,1839,45,568,2,12,3,18,168292,66141.0,70227.0,195324.0,0.0,2,2,2,0
rp2040,wolfSSL,ECDSAP256,TLS,,,22,4.8660,395.6740,12.4250,412.9650,1387,1838,45,568,2,12,3,18,168292,66569.0,70281.0,195411.0,0.0,2,2,2,0
rp2040,wolfSSL,ECDSAP256,TLS,,,23,6.5060,394.2040,10.8520,411.5620,1387,1839,45,568,2,12,3,18,168292,66376.0,70097.0,195485.0,0.0,2,2,2,0
rp2040,wolfSSL,ECDSAP256,TLS,,,24,4.3930,393.5910,11.5820,409.5660,1387,1838,45,568,2,12,3,18,168292,66248.0,70272.0,194939.0,0.0,2,2,2,0
rp2040,wolfSSL,ECDSAP256,TLS,,,25,18.5970,406.9880,12.3880,437.9730,1387,1838,45,568,2,12,3,18,168292,66239.0,70162.0,195046.0,0.0,2,2,2,0
rp2040,wolfSSL,ECDSAP256,TLS,,,26,5.4810,405.0450,12.3100,422.8360,1387,1838,45,568,2,12,3,18,168292,66251.0,70284.0,195028.0,0.0,2,2,2,0
rp2040,wolfSSL,ECDSAP256,TLS,,,27,5.8060,394.8790,11.3640,412.0490,1387,1839,45,568,2,12,3,18,168292,66421.0,70214.0,196063.0,0.0,2,2,2,0
rp2040,wolfSSL,ECDSAP256,TLS,,,28,4.6950,394.1930,12.1940,411.0820,1387,1837,45,568,2,12,3,18,168292,66147.0,70419.0,195282.0,0.0,2,2,2,0
rp2040,wolfSSL,ECDSAP256,TLS,,,29,8.4360,394.1490,15.9590,418.5440,1387,1839,45,568,2,12,3,18,168292,66196.0,70285.0,195232.0,0.0,2,2,2,0
rp2040,wolfSSL,ECDSAP256,TLS,,,30,5.5290,400.6890,11.5150,417.7330,1387,1839,45,568,2,12,3,18,168292,66218.0,70249.0,195224.0,0.0,2,2,2,0
rp2040,wolfSSL,ECDSAP256,TLS,,,31,4.8250,405.8940,15.1460,425.8650,1387,1838,45,568,2,12,3,18,168292,66134.0,70061.0,195063.0,0.0,2,2,2,0
rp2040,wolfSSL,ECDSAP256,TLS,,,32,5.4450,398.9580,12.3080,416.7110,1387,1838,45,568,2,12,3,18,168292,66385.0,70346.0,195166.0,0.0,2,2,2,0
rp2040,wolfSSL,ECDSAP256,TLS,,,33,7.4190,393.3580,11.0200,411.7970,1387,1838,45,568,2,12,3,18,168292,66437.0,70235.0,195045.0,0.0,2,2,2,0
rp2040,wolfSSL,ECDSAP256,TLS,,,34,15.6470,394.3590,20.4650,430.4710,1387,1838,45,568,2,12,3,18,168292,66337.0,70374.0,195051.0,0.0,2,2,2,0
rp2040,wolfSSL,ECDSAP256,TLS,,,35,18.6030,410.9830,13.6180,443.2040,1387,1838,45,568,2,12,3,18,168292,66331.0,70062.0,195267.0,0.0,2,2,2,0
rp2040,wolfSSL,ECDSAP256,TLS,,,36,5.4340,394.6960,14.1640,414.2940,1387,1838,45,568,2,12,3,18,168292,66175.0,70338.0,195308.0,0.0,2,2,2,0
rp2040,wolfSSL,ECDSAP256,TLS,,,37,8.8930,395.3360,16.7400,420.9690,1387,1838,45,568,2,12,3,18,168292,66204.0,70278.0,195282.0,0.0,2,2,2,0
rp2040,wolfSSL,ECDSAP256,TLS,,,38,6.4070,401.5960,12.5780,420.5810,1387,1837,45,568,2,12,3,18,168292,66314.0,70039.0,195276.0,0.0,2,2,2,0
rp2040,wolfSSL,ECDSAP256,TLS,,,39,5.4090,406.2850,11.5840,423.2780,1387,1839,45,568,2,12,3,18,168292,66216.0,70243.0,195172.0,0.0,2,2,2,0
rp2040,wolfSSL,ECDSAP256,TLS,,,40,4.4520,395.2280,12.7030,412.3830,1387,1839,45,568,2,12,3,18,168292,66266.0,70165.0,195151.0,0.0,2,2,2,0
rp2040,wolfSSL,ECDSAP256,TLS,,,41,4.6180,394.2750,12.0490,410.9420,1387,1838,45,568,2,12,3,18,168292,66366.0,70262.0,195159.0,0.0,2,2,2,0
rp2040,wolfSSL,ECDSAP256,TLS,,,42,5.4270,395.5410,10.9290,411.8970,1387,1837,45,568,2,12,3,18,168292,66250.0,70122.0,195726.0,0.0,2,2,2,0
rp2040,wolfSSL,ECDSAP256,TLS,,,43,18.7640,407.9890,11.9560,438.7090,1387,1837,45,568,2,12,3,18,168292,66285.0,70412.0,195222.0,0.0,2,2,2,0
rp2040,wolfSSL,ECDSAP256,TLS,,,44,5.3800,405.7430,12.6730,423.7960,1387,1837,45,568,2,12,3,18,168292,66423.0,70267.0,195460.0,0.0,2,2,2,0
rp2040,wolfSSL,ECDSAP256,TLS,,,45,4.4950,393.8420,12.8940,411.2310,1387,1837,45,568,2,12,3,18,168292,66353.0,70254.0,195262.0,0.0,2,2,2,0
rp2040,wolfSSL,ECDSAP256,TLS,,,46,4.4300,396.1150,12.2740,412.8190,1387,1838,45,568,2,12,3,18,168292,66338.0,70402.0,195288.0,0.0,2,2,2,0
rp2040,wolfSSL,ECDSAP256,TLS,,,47,5.4160,394.3890,12.6670,412.4720,1387,1838,45,568,2,12,3,18,168292,66271.0,70165.0,195182.0,0.0,2,2,2,0
rp2040,wolfSSL,ECDSAP256,TLS,,,48,7.6410,400.2540,12.3670,420.2620,1387,1838,45,568,2,12,3,18,168292,66297.0,70781.0,195220.0,0.0,2,2,2,0
rp2040,wolfSSL,ECDSAP256,TLS,,,49,5.6520,401.9390,12.0310,419.6220,1387,1838,45,568,2,12,3,18,168292,66359.0,70369.0,195039.0,0.0,2,2,2,0
rp2040,wolfSSL,ECDSAP256,mTLS,,,0,20.7950,461.9750,23.2230,505.9930,1941,2009,45,1400,4,14,5,20,167660,66278.0,70243.0,195814.0,43009.0,2,2,2,1
rp2040,wolfSSL,ECDSAP256,mTLS,,,1,5.4110,459.2280,21.3200,485.9590,1943,2009,45,1400,4,14,5,20,167660,66248.0,70394.0,195182.0,43065.0,2,2,2,1
rp2040,wolfSSL,ECDSAP256,mTLS,,,2,17.8800,448.2500,12.9560,479.0860,1941,2008,45,1400,4,14,5,20,167660,66216.0,70286.0,195222.0,42991.0,2,2,2,1
rp2040,wolfSSL,ECDSAP256,mTLS,,,3,4.7810,460.6020,12.0230,477.4060,1941,2007,45,1400,4,14,5,20,167660,66230.0,70255.0,196448.0,42977.0,2,2,2,1
rp2040,wolfSSL,ECDSAP256,mTLS,,,4,8.4420,448.8040,24.4370,481.6830,1942,2007,45,1400,4,14,5,20,167660,66222.0,70289.0,195283.0,42988.0,2,2,2,1
rp2040,wolfSSL,ECDSAP256,mTLS,,,5,5.5760,451.2580,13.1050,469.9390,1943,2008,45,1400,4,14,5,20,167660,66395.0,70146.0,195339.0,42895.0,2,2,2,1
rp2040,wolfSSL,ECDSAP256,mTLS,,,6,1433.9410,450.3560,11.7050,1896.0020,1941,2007,45,1400,4,14,5,20,167660,66307.0,70910.0,195709.0,42888.0,2,2,2,1
rp2040,wolfSSL,ECDSAP256,mTLS,,,7,5.4100,454.9170,10.5180,470.8450,1942,2008,45,1400,4,14,5,20,167660,66354.0,70228.0,195356.0,42905.0,2,2,2,1
rp2040,wolfSSL,ECDSAP256,mTLS,,,8,6.5650,451.4010,27.1400,485.1060,1941,2008,45,1400,4,14,5,20,167660,66410.0,70233.0,195284.0,42950.0,2,2,2,1
rp2040,wolfSSL,ECDSAP256,mTLS,,,9,5.6240,452.4540,471.0220,929.1000,1942,2007,45,1400,4,14,5,20,167660,66230.0,70081.0,195320.0,43549.0,2,2,2,1
rp2040,wolfSSL,ECDSAP256,mTLS,,,10,5.3920,447.8700,10.6710,463.9330,1942,2008,45,1400,4,14,5,20,167660,66315.0,70341.0,195206.0,42908.0,2,2,2,1
rp2040,wolfSSL,ECDSAP256,mTLS,,,11,4.7640,455.1230,21.5100,481.3970,1942,2007,45,1400,4,14,5,20,167660,66145.0,70157.0,195121.0,42935.0,2,2,2,1
rp2040,wolfSSL,ECDSAP256,mTLS,,,12,19.0480,465.1680,21.3240,505.5400,1942,2008,45,1400,4,14,5,20,167660,66117.0,70988.0,195234.0,42901.0,2,2,2,1
rp2040,wolfSSL,ECDSAP256,mTLS,,,13,18.6970,447.8500,11.2030,477.7500,1941,2009,45,1400,4,14,5,20,167660,66282.0,70255.0,195205.0,42921.0,2,2,2,1
rp2040,wolfSSL,ECDSAP256,mTLS,,,14,5.5410,458.8180,11.9580,476.3170,1941,2008,45,1400,4,14,5,20,167660,66132.0,69935.0,195064.0,42916.0,2,2,2,1
rp2040,wolfSSL,ECDSAP256,mTLS,,,15,9.6220,447.9730,23.2550,480.8500,1941,2007,45,1400,4,14,5,20,167660,66279.0,70150.0,195208.0,43111.0,2,2,2,1
rp2040,wolfSSL,ECDSAP256,mTLS,,,16,5.5710,455.3360,15.5090,476.4160,1943,2009,45,1400,4,14,5,20,167660,66224.0,70280.0,195197.0,42930.0,2,2,2,1
rp2040,wolfSSL,ECDSAP256,mTLS,,,17,8.3800,457.7280,20.5900,486.6980,1942,2009,45,1400,4,14,5,20,167660,66293.0,70290.0,195349.0,42936.0,2,2,2,1
rp2040,wolfSSL,ECDSAP256,mTLS,,,18,18.3990,464.5020,26.2340,509.1350,1941,2008,45,1400,4,14,5,20,167660,66210.0,70104.0,195191.0,43115.0,2,2,2,1
rp2040,wolfSSL,ECDSAP256,mTLS,,,19,5.4750,450.1910,13.5140,469.1800,1941,2008,45,1400,4,14,5,20,167660,66308.0,70921.0,195011.0,43024.0,2,2,2,1
rp2040,wolfSSL,ECDSAP256,mTLS,,,20,6.8170,455.3150,11.7100,473.8420,1941,2009,45,1400,4,14,5,20,167660,66224.0,70318.0,195837.0,42933.0,2,2,2,1
rp2040,wolfSSL,ECDSAP256,mTLS,,,21,18.0520,448.9690,13.9930,481.0140,1941,2008,45,1400,4,14,5,20,167660,66322.0,70852.0,195134.0,43142.0,2,2,2,1
rp2040,wolfSSL,ECDSAP256,mTLS,,,22,4.7620,452.6280,15.8600,473.2500,1943,2008,45,1400,4,14,5,20,167660,66363.0,70249.0,195274.0,42869.0,2,2,2,1
rp2040,wolfSSL,ECDSAP256,mTLS,,,23,14.7880,449.8580,11.8420,476.4880,1943,2008,45,1400,4,14,5,20,167660,66472.0,70923.0,195114.0,42906.0,2,2,2,1
rp2040,wolfSSL,ECDSAP256,mTLS,,,24,7.8450,452.7330,11.2310,471.8090,1941,2007,45,1400,4,14,5,20,167660,66303.0,70576.0,195347.0,42943.0,2,2,2,1
rp2040,wolfSSL,ECDSAP256,mTLS,,,25,5.3920,448.1170,23.5390,477.0480,1941,2007,45,1400,4,14,5,20,167660,66348.0,70277.0,195505.0,42880.0,2,2,2,1
rp2040,wolfSSL,ECDSAP256,mTLS,,,26,4.4550,459.2980,18.5800,482.3330,1942,2009,45,1400,4,14,5,20,167660,66276.0,70265.0,195238.0,42948.0,2,2,2,1
rp2040,wolfSSL,ECDSAP256,mTLS,,,27,5.4150,454.3230,21.1240,480.8620,1942,2007,45,1400,4,14,5,20,167660,66302.0,70308.0,195102.0,42893.0,2,2,2,1
rp2040,wolfSSL,ECDSAP256,mTLS,,,28,18.6490,464.9050,26.3510,509.9050,1941,2008,45,1400,4,14,5,20,167660,66297.0,70318.0,195132.0,43307.0,2,2,2,1
rp2040,wolfSSL,ECDSAP256,mTLS,,,29,5.4000,456.9000,27.2910,489.5910,1943,2008,45,1400,4,14,5,20,167660,66352.0,70160.0,195268.0,42907.0,2,2,2,1
rp2040,wolfSSL,ECDSAP256,mTLS,,,30,6.6490,457.6390,27.3450,491.6330,1942,2008,45,1400,4,14,5,20,167660,66303.0,70141.0,195397.0,42907.0,2,2,2,1
rp2040,wolfSSL,ECDSAP256,mTLS,,,31,9.6850,453.7960,26.0800,489.5610,1942,2007,45,1400,4,14,5,20,167660,66469.0,70250.0,195288.0,42943.0,2,2,2,1
rp2040,wolfSSL,ECDSAP256,mTLS,,,32,7.4050,457.6220,25.2630,490.2900,1942,2007,45,1400,4,14,5,20,167660,66398.0,70836.0,195548.0,42985.0,2,2,2,1
rp2040,wolfSSL,ECDSAP256,mTLS,,,33,5.6110,459.3990,28.6320,493.6420,1941,2009,45,1400,4,14,5,20,167660,66541.0,70419.0,195236.0,43105.0,2,2,2,1
rp2040,wolfSSL,ECDSAP256,mTLS,,,34,5.4410,459.2000,25.3670,490.0080,1942,2008,45,1400,4,14,5,20,167660,66293.0,70318.0,195434.0,42920.0,2,2,2,1
rp2040,wolfSSL,ECDSAP256,mTLS,,,35,4.5360,459.9490,25.9410,490.4260,1942,2008,45,1400,4,14,5,20,167660,66275.0,70170.0,195262.0,43099.0,2,2,2,1
rp2040,wolfSSL,ECDSAP256,mTLS,,,36,5.4780,461.3270,24.8160,491.6210,1943,2008,45,1400,4,14,5,20,167660,66285.0,70236.0,195107.0,43038.0,2,2,2,1
rp2040,wolfSSL,ECDSAP256,mTLS,,,37,10.4080,458.7790,25.8890,495.0760,1942,2009,45,1400,4,14,5,20,167660,66121.0,70096.0,195100.0,42914.0,2,2,2,1
rp2040,wolfSSL,ECDSAP256,mTLS,,,38,5.7300,473.7050,14.3060,493.7410,1943,2009,45,1400,4,14,5,20,167660,66321.0,70329.0,195276.0,42979.0,2,2,2,1
rp2040,wolfSSL,ECDSAP256,mTLS,,,39,5.4930,458.3140,25.7780,489.5850,1942,2007,45,1400,4,14,5,20,167660,66252.0,70331.0,195303.0,42953.0,2,2,2,1
rp2040,wolfSSL,ECDSAP256,mTLS,,,40,5.4610,449.6700,12.3200,467.4510,1943,2008,45,1400,4,14,5,20,167660,66254.0,70945.0,195489.0,42988.0,2,2,2,1
rp2040,wolfSSL,ECDSAP256,mTLS,,,41,5.4120,458.9700,13.2690,477.6510,1942,2008,45,1400,4,14,5,20,167660,66485.0,70305.0,195273.0,42910.0,2,2,2,1
rp2040,wolfSSL,ECDSAP256,mTLS,,,42,9.4180,448.3220,23.1900,480.9300,1941,2007,45,1400,4,14,5,20,167660,66327.0,70191.0,195176.0,43142.0,2,2,2,1
rp2040,wolfSSL,ECDSAP256,mTLS,,,43,5.4320,454.0870,16.4170,475.9360,1941,2008,45,1400,4,14,5,20,167660,66342.0,70224.0,195097.0,43110.0,2,2,2,1
rp2040,wolfSSL,ECDSAP256,mTLS,,,44,5.3910,455.1850,28.1630,488.7390,1941,2008,45,1400,4,14,5,20,167660,66238.0,70603.0,195246.0,43590.0,2,2,2,1
rp2040,wolfSSL,ECDSAP256,mTLS,,,45,6.4500,468.7140,14.7100,489.8740,1942,2008,45,1400,4,14,5,20,167660,66152.0,70326.0,195166.0,42891.0,2,2,2,1
rp2040,wolfSSL,ECDSAP256,mTLS,,,46,5.4710,455.6280,32.1620,493.2610,1943,2008,45,1400,4,14,5,20,167660,66388.0,70411.0,195203.0,42905.0,2,2,2,1
rp2040,wolfSSL,ECDSAP256,mTLS,,,47,4.6530,455.4210,24.7460,484.8200,1941,2008,45,1400,4,14,5,20,167660,66241.0,70118.0,195906.0,43466.0,2,2,2,1
rp2040,wolfSSL,ECDSAP256,mTLS,,,48,20.6300,450.5150,12.0510,483.1960,1941,2009,45,1400,4,14,5,20,167660,66200.0,71095.0,196005.0,42987.0,2,2,2,1
rp2040,wolfSSL,ECDSAP256,mTLS,,,49,5.5090,457.7750,13.2790,476.5630,1941,2008,45,1400,4,14,5,20,167660,66894.0,70365.0,196339.0,43517.0,2,2,2,1
rp2040,wolfSSL,ED25519,TLS,,,0,15.4240,359.5750,16.4260,391.4250,1389,1764,45,568,2,12,3,18,168348,66235.0,70178.0,138938.0,0.0,2,2,2,0
rp2040,wolfSSL,ED25519,TLS,,,1,8.4290,359.2080,51.0130,418.6500,1389,1764,45,568,2,12,3,18,168348,66145.0,70037.0,140908.0,0.0,2,2,2,0
rp2040,wolfSSL,ED25519,TLS,,,2,5.5070,346.9080,10.8910,363.3060,1389,1764,45,568,2,12,3,18,168348,66259.0,70144.0,140084.0,0.0,2,2,2,0
rp2040,wolfSSL,ED25519,TLS,,,3,6.4240,908.3400,13.3930,928.1570,1389,1764,45,568,2,12,3,18,168348,66297.0,70076.0,141139.0,0.0,2,2,2,0
rp2040,wolfSSL,ED25519,TLS,,,4,4.4150,342.2270,14.7800,361.4220,1389,1764,45,568,2,12,3,18,168348,66174.0,70209.0,139339.0,0.0,2,2,2,0
rp2040,wolfSSL,ED25519,TLS,,,5,21.4260,344.5550,10.8550,376.8360,1389,1764,45,568,2,12,3,18,168348,66371.0,70292.0,140997.0,0.0,2,2,2,0
rp2040,wolfSSL,ED25519,TLS,,,6,7.8890,351.4530,14.7450,374.0870,1389,1764,45,568,2,12,3,18,168348,66242.0,70167.0,139701.0,0.0,2,2,2,0
rp2040,wolfSSL,ED25519,TLS,,,7,5.3940,344.8850,21.5770,371.8560,1389,1764,45,568,2,12,3,18,168348,66255.0,70174.0,139676.0,0.0,2,2,2,0
rp2040,wolfSSL,ED25519,TLS,,,8,5.4870,356.0330,11.3060,372.8260,1389,1764,45,568,2,12,3,18,168348,66223.0,70078.0,140616.0,0.0,2,2,2,0
rp2040,wolfSSL,ED25519,TLS,,,9,18.6350,343.1650,12.1800,373.9800,1389,1764,45,568,2,12,3,18,168348,66303.0,70171.0,140020.0,0.0,2,2,2,0
rp2040,wolfSSL,ED25519,TLS,,,10,6.3900,353.5930,11.6120,371.5950,1389,1764,45,568,2,12,3,18,168348,66182.0,70025.0,139908.0,0.0,2,2,2,0
rp2040,wolfSSL,ED25519,TLS,,,11,9.5910,344.8090,21.5070,375.9070,1389,1764,45,568,2,12,3,18,168348,66190.0,70509.0,139880.0,0.0,2,2,2,0
rp2040,wolfSSL,ED25519,TLS,,,12,5.3940,357.5190,13.7070,376.6200,1389,1764,45,568,2,12,3,18,168348,66456.0,70317.0,138686.0,0.0,2,2,2,0
rp2040,wolfSSL,ED25519,TLS,,,13,5.4290,354.7980,24.9010,385.1280,1389,1764,45,568,2,12,3,18,168348,66304.0,70178.0,140272.0,0.0,2,2,2,0
rp2040,wolfSSL,ED25519,TLS,,,14,17.8810,343.4330,10.8110,372.1250,1389,1764,45,568,2,12,3,18,168348,66254.0,70304.0,140322.0,0.0,2,2,2,0
rp2040,wolfSSL,ED25519,TLS,,,15,6.4010,374.5620,12.6380,393.6010,1389,1764,45,568,2,12,3,18,168348,67007.0,71085.0,140580.0,0.0,2,2,2,0
rp2040,wolfSSL,ED25519,TLS,,,16,4.4220,354.8070,11.9980,371.2270,1389,1764,45,568,2,12,3,18,168348,66304.0,70141.0,139566.0,0.0,2,2,2,0
rp2040,wolfSSL,ED25519,TLS,,,17,7.4830,343.0440,23.8090,374.3360,1389,1764,45,568,2,12,3,18,168348,66274.0,70038.0,139429.0,0.0,2,2,2,0
rp2040,wolfSSL,ED25519,TLS,,,18,4.6700,357.7940,12.7710,375.2350,1389,1764,45,568,2,12,3,18,168348,66347.0,70195.0,140418.0,0.0,2,2,2,0
rp2040,wolfSSL,ED25519,TLS,,,19,22.8160,344.9880,25.4560,393.2600,1389,1764,45,568,2,12,3,18,168348,66701.0,71011.0,140541.0,0.0,2,2,2,0
rp2040,wolfSSL,ED25519,TLS,,,20,5.6170,357.6480,13.5650,376.8300,1389,1764,45,568,2,12,3,18,168348,66292.0,70111.0,141993.0,0.0,2,2,2,0
rp2040,wolfSSL,ED25519,TLS,,,21,16.5060,343.2530,12.7790,372.5380,1389,1764,45,568,2,12,3,18,168348,66231.0,70272.0,140231.0,0.0,2,2,2,0
rp2040,wolfSSL,ED25519,TLS,,,22,4.7980,345.1840,13.6320,363.6140,1389,1764,45,568,2,12,3,18,168348,66313.0,70033.0,140162.0,0.0,2,2,2,0
rp2040,wolfSSL,ED25519,TLS,,,23,2626.2250,342.6180,12.1160,2980.9590,1389,1764,45,568,2,12,3,18,168348,66254.0,70215.0,139137.0,0.0,2,2,2,0
rp2040,wolfSSL,ED25519,TLS,,,24,5.7500,347.9330,12.6920,366.3750,1389,1764,45,568,2,12,3,18,168348,66258.0,70571.0,141047.0,0.0,2,2,2,0
rp2040,wolfSSL,ED25519,TLS,,,25,16.4690,346.9010,14.2450,377.6150,1389,1764,45,568,2,12,3,18,168348,66138.0,70136.0,142063.0,0.0,2,2,2,0
rp2040,wolfSSL,ED25519,TLS,,,26,5.4260,350.8870,15.3440,371.6570,1389,1764,45,568,2,12,3,18,168348,66203.0,70156.0,140539.0,0.0,2,2,2,0
rp2040,wolfSSL,ED25519,TLS,,,27,4.4710,343.0970,24.4140,371.9820,1389,1764,45,568,2,12,3,18,168348,66306.0,70282.0,140111.0,0.0,2,2,2,0
rp2040,wolfSSL,ED25519,TLS,,,28,5.4370,354.6920,13.8450,373.9740,1389,1764,45,568,2,12,3,18,168348,66220.0,70009.0,139161.0,0.0,2,2,2,0
rp2040,wolfSSL,ED25519,TLS,,,29,21.5290,371.3010,14.6110,407.4410,1389,1764,45,568,2,12,3,18,168348,66188.0,70186.0,140673.0,0.0,2,2,2,0
rp2040,wolfSSL,ED25519,TLS,,,30,6.3930,351.5970,27.1170,385.1070,1389,1764,45,568,2,12,3,18,168348,66163.0,70141.0,141329.0,0.0,2,2,2,0
rp2040,wolfSSL,ED25519,TLS,,,31,4.4550,355.7690,23.4730,383.6970,1389,1764,45,568,2,12,3,18,168348,66239.0,70174.0,140364.0,0.0,2,2,2,0
rp2040,wolfSSL,ED25519,TLS,,,32,18.8760,342.7610,12.2060,373.8430,1389,1764,45,568,2,12,3,18,168348,66486.0,70383.0,139640.0,0.0,2,2,2,0
rp2040,wolfSSL,ED25519,TLS,,,33,5.4790,352.1310,15.6150,373.2250,1389,1764,45,568,2,12,3,18,168348,66223.0,70108.0,140085.0,0.0,2,2,2,0
rp2040,wolfSSL,ED25519,TLS,,,34,5.5110,342.5640,22.9420,371.0170,1389,1764,45,568,2,12,3,18,168348,66125.0,70115.0,140234.0,0.0,2,2,2,0
rp2040,wolfSSL,ED25519,TLS,,,35,5.4080,357.4820,10.9580,373.8480,1389,1764,45,568,2,12,3,18,168348,66126.0,70127.0,139844.0,0.0,2,2,2,0
rp2040,wolfSSL,ED25519,TLS,,,36,21.4120,356.9530,23.4770,401.8420,1389,1764,45,568,2,12,3,18,168348,66214.0,70029.0,140723.0,0.0,2,2,2,0
rp2040,wolfSSL,ED25519,TLS,,,37,18.4150,360.4770,23.1810,402.0730,1389,1764,45,568,2,12,3,18,168348,66279.0,70206.0,139901.0,0.0,2,2,2,0
rp2040,wolfSSL,ED25519,TLS,,,38,18.8620,342.8910,11.5490,373.3020,1389,1764,45,568,2,12,3,18,168348,66117.0,70179.0,140251.0,0.0,2,2,2,0
rp2040,wolfSSL,ED25519,TLS,,,39,5.9640,353.8960,12.1930,372.0530,1389,1764,45,568,2,12,3,18,168348,66154.0,69988.0,139899.0,0.0,2,2,2,0
rp2040,wolfSSL,ED25519,TLS,,,40,5.4620,344.6590,26.1020,376.2230,1389,1764,45,568,2,12,3,18,168348,66348.0,70308.0,140950.0,0.0,2,2,2,0
rp2040,wolfSSL,ED25519,TLS,,,41,5.4000,354.3660,15.1090,374.8750,1389,1764,45,568,2,12,3,18,168348,66285.0,70178.0,140105.0,0.0,2,2,2,0
rp2040,wolfSSL,ED25519,TLS,,,42,9.5650,349.7990,24.1670,383.5310,1389,1764,45,568,2,12,3,18,168348,66249.0,69996.0,140024.0,0.0,2,2,2,0
rp2040,wolfSSL,ED25519,TLS,,,43,18.6060,344.4240,11.9670,374.9970,1389,1764,45,568,2,12,3,18,168348,66231.0,71189.0,140233.0,0.0,2,2,2,0
rp2040,wolfSSL,ED25519,TLS,,,44,12.6880,366.4550,12.2010,391.3440,1389,1764,45,568,2,12,3,18,168348,66295.0,71029.0,139407.0,0.0,2,2,2,0
rp2040,wolfSSL,ED25519,TLS,,,45,9.4000,350.5430,15.1650,375.1080,1389,1764,45,568,2,12,3,18,168348,66244.0,70159.0,139710.0,0.0,2,2,2,0
rp2040,wolfSSL,ED25519,TLS,,,46,4.4310,347.3230,24.6490,376.4030,1389,1764,45,568,2,12,3,18,168348,66404.0,70324.0,140010.0,0.0,2,2,2,0
rp2040,wolfSSL,ED25519,TLS,,,47,4.6950,351.5240,13.3740,369.5930,1389,1764,45,568,2,12,3,18,168348,66148.0,70198.0,139890.0,0.0,2,2,2,0
rp2040,wolfSSL,ED25519,TLS,,,48,19.8560,342.6800,12.3320,374.8680,1389,1764,45,568,2,12,3,18,168348,66198.0,70844.0,139560.0,0.0,2,2,2,0
rp2040,wolfSSL,ED25519,TLS,,,49,4.4410,355.3900,13.1520,372.9830,1389,1764,45,568,2,12,3,18,168348,66314.0,70179.0,139633.0,0.0,2,2,2,0
rp2040,wolfSSL,ED25519,mTLS,,,0,5.4150,415.3170,12.0540,432.7860,1870,1934,45,1272,4,14,5,20,167884,66110.0,70162.0,140747.0,27953.0,2,2,2,1
rp2040,wolfSSL,ED25519,mTLS,,,1,21.4400,400.9420,34.3410,456.7230,1870,1934,45,1272,4,14,5,20,167884,66140.0,70124.0,138693.0,28410.0,2,2,2,1
rp2040,wolfSSL,ED25519,mTLS,,,2,4.5040,417.6090,11.5500,433.6630,1870,1934,45,1272,4,14,5,20,167884,66211.0,70076.0,141722.0,28006.0,2,2,2,1
rp2040,wolfSSL,ED25519,mTLS,,,3,6.6300,407.1310,10.4210,424.1820,1870,1934,45,1272,4,14,5,20,167884,66255.0,70106.0,140340.0,28372.0,2,2,2,1
rp2040,wolfSSL,ED25519,mTLS,,,4,4.6640,417.8150,22.7790,445.2580,1870,1934,45,1272,4,14,5,20,167884,66297.0,70186.0,140088.0,27858.0,2,2,2,1
rp2040,wolfSSL,ED25519,mTLS,,,5,5.3700,419.0720,10.5720,435.0140,1870,1934,45,1272,4,14,5,20,167884,66321.0,70201.0,139784.0,28227.0,2,2,2,1
rp2040,wolfSSL,ED25519,mTLS,,,6,4.5150,404.2520,12.1860,420.9530,1870,1934,45,1272,4,14,5,20,167884,66333.0,70219.0,139564.0,27682.0,2,2,2,1
rp2040,wolfSSL,ED25519,mTLS,,,7,4.4180,414.3510,11.9550,430.7240,1870,1934,45,1272,4,14,5,20,167884,66132.0,70147.0,138960.0,28206.0,2,2,2,1
rp2040,wolfSSL,ED25519,mTLS,,,8,7.4670,421.4160,10.7140,439.5970,1870,1934,45,1272,4,14,5,20,167884,66240.0,70164.0,140263.0,28575.0,2,2,2,1
rp2040,wolfSSL,ED25519,mTLS,,,9,6.5600,405.8010,28.3390,440.7000,1870,1934,45,1272,4,14,5,20,167884,66422.0,70150.0,140247.0,27731.0,2,2,2,1
rp2040,wolfSSL,ED25519,mTLS,,,10,5.4120,416.8260,18.8030,441.0410,1870,1934,45,1272,4,14,5,20,167884,66336.0,70039.0,140479.0,28371.0,2,2,2,1
rp2040,wolfSSL,ED25519,mTLS,,,11,5.4020,408.2490,10.7390,424.3900,1870,1934,45,1272,4,14,5,20,167884,66272.0,70781.0,139127.0,27678.0,2,2,2,1
rp2040,wolfSSL,ED25519,mTLS,,,12,5.7790,406.0950,22.3370,434.2110,1870,1934,45,1272,4,14,5,20,167884,66221.0,70145.0,140974.0,27622.0,2,2,2,1
rp2040,wolfSSL,ED25519,mTLS,,,13,5.4410,410.3060,10.5970,426.3440,1870,1934,45,1272,4,14,5,20,167884,66314.0,70144.0,140539.0,28330.0,2,2,2,1
rp2040,wolfSSL,ED25519,mTLS,,,14,4.4080,414.3350,11.7880,430.5310,1870,1934,45,1272,4,14,5,20,167884,66307.0,70225.0,140678.0,27736.0,2,2,2,1
rp2040,wolfSSL,ED25519,mTLS,,,15,4.4740,405.5940,10.8620,420.9300,1870,1934,45,1272,4,14,5,20,167884,66577.0,70304.0,140619.0,27794.0,2,2,2,1
rp2040,wolfSSL,ED25519,mTLS,,,16,5.3830,416.3130,9.9390,431.6350,1870,1934,45,1272,4,14,5,20,167884,66129.0,70252.0,139754.0,27575.0,2,2,2,1
rp2040,wolfSSL,ED25519,mTLS,,,17,6.3950,412.2600,10.3780,429.0330,1870,1934,45,1272,4,14,5,20,167884,66199.0,70196.0,140955.0,27710.0,2,2,2,1
rp2040,wolfSSL,ED25519,mTLS,,,18,5.5820,406.5540,14.4570,426.5930,1870,1934,45,1272,4,14,5,20,167884,66115.0,70282.0,140800.0,28534.0,2,2,2,1
rp2040,wolfSSL,ED25519,mTLS,,,19,4.7400,417.0720,10.1270,431.9390,1870,1934,45,1272,4,14,5,20,167884,66450.0,70255.0,139512.0,28244.0,2,2,2,1
rp2040,wolfSSL,ED25519,mTLS,,,20,5.3970,415.6470,10.4960,431.5400,1870,1934,45,1272,4,14,5,20,167884,66239.0,70199.0,141261.0,27904.0,2,2,2,1
rp2040,wolfSSL,ED25519,mTLS,,,21,7.4600,405.6980,9.8880,423.0460,1870,1934,45,1272,4,14,5,20,167884,66241.0,70195.0,139613.0,28436.0,2,2,2,1
rp2040,wolfSSL,ED25519,mTLS,,,22,4.8010,417.9310,10.2140,432.9460,1870,1934,45,1272,4,14,5,20,167884,66233.0,70121.0,140170.0,28426.0,2,2,2,1
rp2040,wolfSSL,ED25519,mTLS,,,23,5.3860,421.7690,10.0370,437.1920,1870,1934,45,1272,4,14,5,20,167884,66347.0,71414.0,140264.0,27753.0,2,2,2,1
rp2040,wolfSSL,ED25519,mTLS,,,24,4.6780,405.5460,10.4130,420.6370,1870,1934,45,1272,4,14,5,20,167884,66371.0,70124.0,140338.0,28281.0,2,2,2,1
rp2040,wolfSSL,ED25519,mTLS,,,25,5.3700,413.8680,22.7250,441.9630,1870,1934,45,1272,4,14,5,20,167884,66196.0,70207.0,140036.0,28495.0,2,2,2,1
rp2040,wolfSSL,ED25519,mTLS,,,26,4.4780,409.1480,11.9380,425.5640,1870,1934,45,1272,4,14,5,20,167884,66071.0,70181.0,140276.0,27621.0,2,2,2,1
rp2040,wolfSSL,ED25519,mTLS,,,27,7.4270,405.7550,10.3070,423.4890,1870,1934,45,1272,4,14,5,20,167884,66103.0,70273.0,139334.0,28371.0,2,2,2,1
rp2040,wolfSSL,ED25519,mTLS,,,28,4.4200,417.1660,10.4560,432.0420,1870,1934,45,1272,4,14,5,20,167884,66334.0,70003.0,139923.0,27640.0,2,2,2,1
rp2040,wolfSSL,ED25519,mTLS,,,29,6.4150,410.7020,15.4060,432.5230,1870,1934,45,1272,4,14,5,20,167884,66263.0,70103.0,138870.0,27897.0,2,2,2,1
rp2040,wolfSSL,ED25519,mTLS,,,30,6.6040,406.3980,13.5200,426.5220,1870,1934,45,1272,4,14,5,20,167884,66556.0,70325.0,140498.0,28559.0,2,2,2,1
rp2040,wolfSSL,ED25519,mTLS,,,31,4.4440,411.9010,10.1030,426.4480,1870,1934,45,1272,4,14,5,20,167884,66216.0,70134.0,140281.0,27597.0,2,2,2,1
rp2040,wolfSSL,ED25519,mTLS,,,32,4.4470,414.8790,10.3080,429.6340,1870,1934,45,1272,4,14,5,20,167884,66373.0,70200.0,140662.0,27653.0,2,2,2,1
rp2040,wolfSSL,ED25519,mTLS,,,33,6.5890,404.3800,13.8920,424.8610,1870,1934,45,1272,4,14,5,20,167884,66207.0,70276.0,138698.0,28501.0,2,2,2,1
rp2040,wolfSSL,ED25519,mTLS,,,34,5.6860,416.3870,22.6680,444.7410,1870,1934,45,1272,4,14,5,20,167884,66140.0,70175.0,140334.0,27598.0,2,2,2,1
rp2040,wolfSSL,ED25519,mTLS,,,35,5.4590,410.9330,14.8970,431.2890,1870,1934,45,1272,4,14,5,20,167884,66231.0,70853.0,140493.0,27788.0,2,2,2,1
rp2040,wolfSSL,ED25519,mTLS,,,36,7.4490,405.9730,12.1820,425.6040,1870,1934,45,1272,4,14,5,20,167884,66140.0,70195.0,140586.0,28366.0,2,2,2,1
rp2040,wolfSSL,ED25519,mTLS,,,37,5.6070,414.9960,24.1920,444.7950,1870,1934,45,1272,4,14,5,20,167884,66312.0,70209.0,141171.0,27624.0,2,2,2,1
rp2040,wolfSSL,ED25519,mTLS,,,38,5.7320,420.1310,10.8720,436.7350,1870,1934,45,1272,4,14,5,20,167884,66290.0,70253.0,142089.0,28353.0,2,2,2,1
rp2040,wolfSSL,ED25519,mTLS,,,39,18.6820,405.0310,14.9480,438.6610,1870,1934,45,1272,4,14,5,20,167884,66294.0,70085.0,140152.0,27676.0,2,2,2,1
rp2040,wolfSSL,ED25519,mTLS,,,40,18.6020,404.0110,19.1910,441.8040,1870,1934,45,1272,4,14,5,20,167884,66242.0,70191.0,140138.0,27778.0,2,2,2,1
rp2040,wolfSSL,ED25519,mTLS,,,41,6.3780,406.9990,10.8280,424.2050,1870,1934,45,1272,4,14,5,20,167884,66309.0,70096.0,139890.0,27610.0,2,2,2,1
rp2040,wolfSSL,ED25519,mTLS,,,42,5.9370,404.4900,23.0030,433.4300,1870,1934,45,1272,4,14,5,20,167884,66228.0,70361.0,140063.0,27648.0,2,2,2,1
rp2040,wolfSSL,ED25519,mTLS,,,43,7.4120,418.1910,12.3180,437.9210,1870,1934,45,1272,4,14,5,20,167884,66261.0,70282.0,139185.0,28198.0,2,2,2,1
rp2040,wolfSSL,ED25519,mTLS,,,44,5.3880,404.4980,11.4270,421.3130,1870,1934,45,1272,4,14,5,20,167884,67050.0,70113.0,140335.0,27624.0,2,2,2,1
rp2040,wolfSSL,ED25519,mTLS,,,45,5.6030,415.3480,10.1030,431.0540,1870,1934,45,1272,4,14,5,20,167884,66099.0,70152.0,140744.0,28366.0,2,2,2,1
rp2040,wolfSSL,ED25519,mTLS,,,46,6.4170,411.8450,9.8490,428.1110,1870,1934,45,1272,4,14,5,20,167884,66355.0,70310.0,140259.0,27614.0,2,2,2,1
rp2040,wolfSSL,ED25519,mTLS,,,47,5.4990,405.8840,11.1370,422.5200,1870,1934,45,1272,4,14,5,20,167884,66206.0,70223.0,140617.0,28529.0,2,2,2,1
rp2040,wolfSSL,ED25519,mTLS,,,48,16.6620,406.1520,15.5660,438.3800,1870,1934,45,1272,4,14,5,20,167884,66174.0,70235.0,140347.0,27646.0,2,2,2,1
rp2040,wolfSSL,ED25519,mTLS,,,49,16.4400,405.0260,17.9630,439.4290,1870,1934,45,1272,4,14,5,20,167884,66278.0,70230.0,139843.0,27635.0,2,2,2,1
rp2040,wolfSSL,MLDSA44,TLS,,,0,5.6300,284.8520,13.6170,304.0990,1393,7780,45,568,2,12,3,18,167060,66775.0,72592.0,58461.0,0.0,2,2,2,0
rp2040,wolfSSL,MLDSA44,TLS,,,1,6.4130,283.6930,13.9090,304.0150,1393,7780,45,568,2,12,3,18,167060,66879.0,72692.0,58341.0,0.0,2,2,2,0
rp2040,wolfSSL,MLDSA44,TLS,,,2,7.4730,293.5410,20.3560,321.3700,1393,7780,45,568,2,12,3,18,167060,66417.0,70420.0,58405.0,0.0,2,2,2,0
rp2040,wolfSSL,MLDSA44,TLS,,,3,5.7830,289.4340,23.2490,318.4660,1393,7780,45,568,2,12,3,18,167060,66812.0,70386.0,58350.0,0.0,2,2,2,0
rp2040,wolfSSL,MLDSA44,TLS,,,4,8.3800,283.6980,13.8770,305.9550,1393,7780,45,568,2,12,3,18,167060,66688.0,72367.0,58451.0,0.0,2,2,2,0
rp2040,wolfSSL,MLDSA44,TLS,,,5,5.4230,286.9040,11.5270,303.8540,1393,7780,45,568,2,12,3,18,167060,67279.0,72636.0,58807.0,0.0,2,2,2,0
rp2040,wolfSSL,MLDSA44,TLS,,,6,4.3800,284.8070,11.0300,300.2170,1393,7780,45,568,2,12,3,18,167060,66472.0,72628.0,58425.0,0.0,2,2,2,0
rp2040,wolfSSL,MLDSA44,TLS,,,7,5.6160,284.4380,12.1670,302.2210,1393,7780,45,568,2,12,3,18,167060,66543.0,72638.0,58446.0,0.0,2,2,2,0
rp2040,wolfSSL,MLDSA44,TLS,,,8,4.4190,284.6120,13.5730,302.6040,1393,7780,45,568,2,12,3,18,167060,66632.0,72932.0,58211.0,0.0,2,2,2,0
rp2040,wolfSSL,MLDSA44,TLS,,,9,5.6260,284.2500,13.4500,303.3260,1393,7780,45,568,2,12,3,18,167060,66436.0,72582.0,58615.0,0.0,2,2,2,0
rp2040,wolfSSL,MLDSA44,TLS,,,10,20.4940,285.6810,8.7230,314.8980,1393,7780,45,568,2,12,3,18,167060,66542.0,72613.0,58405.0,0.0,2,2,2,0
rp2040,wolfSSL,MLDSA44,TLS,,,11,7.4530,290.8540,12.7830,311.0900,1393,7780,45,568,2,12,3,18,167060,66636.0,72552.0,58218.0,0.0,2,2,2,0
rp2040,wolfSSL,MLDSA44,TLS,,,12,5.3830,291.0490,11.4830,307.9150,1393,7780,45,568,2,12,3,18,167060,66710.0,72456.0,58640.0,0.0,2,2,2,0
rp2040,wolfSSL,MLDSA44,TLS,,,13,5.5020,295.4050,22.3270,323.2340,1393,7780,45,568,2,12,3,18,167060,66475.0,70428.0,58469.0,0.0,2,2,2,0
rp2040,wolfSSL,MLDSA44,TLS,,,14,7.8350,284.4330,12.8690,305.1370,1393,7780,45,568,2,12,3,18,167060,66641.0,72327.0,58297.0,0.0,2,2,2,0
rp2040,wolfSSL,MLDSA44,TLS,,,15,5.8340,290.2260,12.5020,308.5620,1393,7780,45,568,2,12,3,18,167060,66816.0,73151.0,58351.0,0.0,2,2,2,0
rp2040,wolfSSL,MLDSA44,TLS,,,16,5.4990,283.2970,11.5270,300.3230,1393,7780,45,568,2,12,3,18,167060,66500.0,72412.0,58520.0,0.0,2,2,2,0
rp2040,wolfSSL,MLDSA44,TLS,,,17,6.5040,283.8370,11.4900,301.8310,1393,7780,45,568,2,12,3,18,167060,66617.0,72762.0,58346.0,0.0,2,2,2,0
rp2040,wolfSSL,MLDSA44,TLS,,,18,4.7520,283.6780,11.6680,300.0980,1393,7780,45,568,2,12,3,18,167060,66632.0,72488.0,58397.0,0.0,2,2,2,0
rp2040,wolfSSL,MLDSA44,TLS,,,19,5.5630,284.3310,12.8920,302.7860,1393,7780,45,568,2,12,3,18,167060,66465.0,72346.0,59173.0,0.0,2,2,2,0
rp2040,wolfSSL,MLDSA44,TLS,,,20,5.6700,286.8340,36.2380,328.7420,1393,7780,45,568,2,12,3,18,167060,66638.0,73049.0,58248.0,0.0,2,2,2,0
rp2040,wolfSSL,MLDSA44,TLS,,,21,6.4290,297.7810,9.5310,313.7410,1393,7780,45,568,2,12,3,18,167060,66741.0,72452.0,59089.0,0.0,2,2,2,0
rp2040,wolfSSL,MLDSA44,TLS,,,22,8.4330,294.8550,24.2500,327.5380,1393,7780,45,568,2,12,3,18,167060,66715.0,70531.0,59278.0,0.0,2,2,2,0
rp2040,wolfSSL,MLDSA44,TLS,,,23,4.4960,283.8050,11.4980,299.7990,1393,7780,45,568,2,12,3,18,167060,66663.0,72311.0,58486.0,0.0,2,2,2,0
rp2040,wolfSSL,MLDSA44,TLS,,,24,5.4420,285.7920,12.3790,303.6130,1393,7780,45,568,2,12,3,18,167060,66569.0,72313.0,58983.0,0.0,2,2,2,0
rp2040,wolfSSL,MLDSA44,TLS,,,25,5.4140,284.1710,12.3280,301.9130,1393,7780,45,568,2,12,3,18,167060,66773.0,72648.0,58534.0,0.0,2,2,2,0
rp2040,wolfSSL,MLDSA44,TLS,,,26,4.6160,284.1720,11.3040,300.0920,1393,7780,45,568,2,12,3,18,167060,66539.0,73542.0,58537.0,0.0,2,2,2,0
rp2040,wolfSSL,MLDSA44,TLS,,,27,6.6290,283.7690,11.6380,302.0360,1393,7780,45,568,2,12,3,18,167060,66525.0,72603.0,58430.0,0.0,2,2,2,0
rp2040,wolfSSL,MLDSA44,TLS,,,28,18.4160,285.0440,10.0680,313.5280,1393,7780,45,568,2,12,3,18,167060,66587.0,72730.0,58407.0,0.0,2,2,2,0
rp2040,wolfSSL,MLDSA44,TLS,,,29,4.4370,294.6600,15.7570,314.8540,1393,7780,45,568,2,12,3,18,167060,66484.0,72581.0,58228.0,0.0,2,2,2,0
rp2040,wolfSSL,MLDSA44,TLS,,,30,21.4380,296.4040,18.5680,336.4100,1393,7780,45,568,2,12,3,18,167060,66657.0,70644.0,58526.0,0.0,2,2,2,0
rp2040,wolfSSL,MLDSA44,TLS,,,31,4.4050,285.5250,11.7220,301.6520,1393,7780,45,568,2,12,3,18,167060,66676.0,72499.0,58504.0,0.0,2,2,2,0
rp2040,wolfSSL,MLDSA44,TLS,,,32,4.3830,284.7840,11.9960,301.1630,1393,7780,45,568,2,12,3,18,167060,66531.0,73000.0,58877.0,0.0,2,2,2,0
rp2040,wolfSSL,MLDSA44,TLS,,,33,4.5110,283.8800,11.2620,299.6530,1393,7780,45,568,2,12,3,18,167060,66461.0,72425.0,59062.0,0.0,2,2,2,0
rp2040,wolfSSL,MLDSA44,TLS,,,34,4.6930,286.1380,12.0450,302.8760,1393,7780,45,568,2,12,3,18,167060,66591.0,72621.0,58952.0,0.0,2,2,2,0
rp2040,wolfSSL,MLDSA44,TLS,,,35,3.6480,284.5660,11.6720,299.8860,1393,7780,45,568,2,12,3,18,167060,66544.0,72741.0,58535.0,0.0,2,2,2,0
rp2040,wolfSSL,MLDSA44,TLS,,,36,5.3890,288.5030,11.5640,305.4560,1393,7780,45,568,2,12,3,18,167060,66848.0,72516.0,58398.0,0.0,2,2,2,0
rp2040,wolfSSL,MLDSA44,TLS,,,37,4.4010,285.4850,12.0130,301.8990,1393,7780,45,568,2,12,3,18,167060,66658.0,72330.0,58930.0,0.0,2,2,2,0
rp2040,wolfSSL,MLDSA44,TLS,,,38,18.8350,297.2120,14.1340,330.1810,1393,7780,45,568,2,12,3,18,167060,66493.0,70627.0,58470.0,0.0,2,2,2,0
rp2040,wolfSSL,MLDSA44,TLS,,,39,4.4400,300.6360,11.8730,316.9490,1393,7780,45,568,2,12,3,18,167060,67337.0,72744.0,58738.0,0.0,2,2,2,0
rp2040,wolfSSL,MLDSA44,TLS,,,40,5.3940,284.9960,12.2040,302.5940,1393,7780,45,568,2,12,3,18,167060,66613.0,72456.0,58462.0,0.0,2,2,2,0
rp2040,wolfSSL,MLDSA44,TLS,,,41,5.4220,284.1290,256.0690,545.6200,1393,7780,45,568,2,12,3,18,167060,66504.0,72582.0,58352.0,0.0,2,2,2,0
rp2040,wolfSSL,MLDSA44,TLS,,,42,4.3910,284.4900,12.7260,301.6070,1393,7780,45,568,2,12,3,18,167060,66767.0,72804.0,58372.0,0.0,2,2,2,0
rp2040,wolfSSL,MLDSA44,TLS,,,43,5.3930,285.7020,24.7700,315.8650,1393,7780,45,568,2,12,3,18,167060,66622.0,72850.0,58259.0,0.0,2,2,2,0
rp2040,wolfSSL,MLDSA44,TLS,,,44,5.3740,295.5980,11.2240,312.1960,1393,7780,45,568,2,12,3,18,167060,66596.0,71148.0,58419.0,0.0,2,2,2,0
rp2040,wolfSSL,MLDSA44,TLS,,,45,5.3890,295.2140,11.1110,311.7140,1393,7780,45,568,2,12,3,18,167060,66827.0,73176.0,58472.0,0.0,2,2,2,0
rp2040,wolfSSL,MLDSA44,TLS,,,46,7.4390,286.8620,18.5730,312.8740,1393,7780,45,568,2,12,3,18,167060,66562.0,73406.0,58517.0,0.0,2,2,2,0
rp2040,wolfSSL,MLDSA44,TLS,,,47,5.4300,297.4910,13.9130,316.8340,1393,7780,45,568,2,12,3,18,167060,66430.0,72799.0,58478.0,0.0,2,2,2,0
rp2040,wolfSSL,MLDSA44,TLS,,,48,11.3720,283.4090,12.3100,307.0910,1393,7780,45,568,2,12,3,18,167060,66672.0,72253.0,58549.0,0.0,2,2,2,0
rp2040,wolfSSL,MLDSA44,TLS,,,49,6.6260,291.6870,11.7980,310.1110,1393,7780,45,568,2,12,3,18,167060,66788.0,72553.0,58469.0,0.0,2,2,2,0
rp2040,wolfSSL,MLDSA44,mTLS,,,0,4.7330,468.8800,31.6300,505.2430,7890,7950,45,8600,4,14,5,20,160348,66601.0,70624.0,58638.0,120535.0,2,2,2,1
rp2040,wolfSSL,MLDSA44,mTLS,,,1,6.6850,411.2430,31.9200,449.8480,7890,7950,45,8600,4,14,5,20,160348,66607.0,72463.0,58472.0,51719.0,2,2,2,1
rp2040,wolfSSL,MLDSA44,mTLS,,,2,5.4410,405.7460,33.7070,444.8940,7890,7950,45,8600,4,14,5,20,160348,66765.0,70762.0,58761.0,51935.0,2,2,2,1
rp2040,wolfSSL,MLDSA44,mTLS,,,3,4.7600,650.0720,41.6680,696.5000,7890,7950,45,8600,4,14,5,20,160348,66567.0,72319.0,58391.0,290074.0,2,2,2,1
rp2040,wolfSSL,MLDSA44,mTLS,,,4,5.3660,399.6100,37.0960,442.0720,7890,7950,45,8600,4,14,5,20,160348,66441.0,70580.0,58473.0,51801.0,2,2,2,1
rp2040,wolfSSL,MLDSA44,mTLS,,,5,15.7850,394.8540,40.6710,451.3100,7890,7950,45,8600,4,14,5,20,160348,66664.0,72688.0,58468.0,51348.0,2,2,2,1
rp2040,wolfSSL,MLDSA44,mTLS,,,6,5.4570,637.0170,34.4470,676.9210,7890,7950,45,8600,4,14,5,20,160348,66550.0,70270.0,58362.0,289774.0,2,2,2,1
rp2040,wolfSSL,MLDSA44,mTLS,,,7,5.5140,749.2260,32.3730,787.1130,7890,7950,45,8600,4,14,5,20,160348,66624.0,72767.0,58489.0,392532.0,2,2,2,1
rp2040,wolfSSL,MLDSA44,mTLS,,,8,4.4360,666.6290,41.5020,712.5670,7890,7950,45,8600,4,14,5,20,160348,66629.0,70248.0,58320.0,311375.0,2,2,2,1
rp2040,wolfSSL,MLDSA44,mTLS,,,9,5.4640,845.3430,37.5150,888.3220,7890,7950,45,8600,4,14,5,20,160348,66561.0,70576.0,58619.0,497138.0,2,2,2,1
rp2040,wolfSSL,MLDSA44,mTLS,,,10,20.3930,637.6510,43.3520,701.3960,7890,7950,45,8600,4,14,5,20,160348,67190.0,73833.0,58307.0,293567.0,2,2,2,1
rp2040,wolfSSL,MLDSA44,mTLS,,,11,6.3920,727.1940,44.3030,777.8890,7890,7950,45,8600,4,14,5,20,160348,66572.0,72549.0,58390.0,384036.0,2,2,2,1
rp2040,wolfSSL,MLDSA44,mTLS,,,12,7.4080,404.5800,33.8090,445.7970,7890,7950,45,8600,4,14,5,20,160348,66559.0,70809.0,58520.0,51401.0,2,2,2,1
rp2040,wolfSSL,MLDSA44,mTLS,,,13,4.8250,394.0800,31.2910,430.1960,7890,7950,45,8600,4,14,5,20,160348,66612.0,72621.0,58552.0,51491.0,2,2,2,1
rp2040,wolfSSL,MLDSA44,mTLS,,,14,5.4310,698.5270,43.6850,747.6430,7890,7950,45,8600,4,14,5,20,160348,66688.0,70621.0,58734.0,348309.0,2,2,2,1
rp2040,wolfSSL,MLDSA44,mTLS,,,15,4.5730,438.6360,32.6340,475.8430,7890,7950,45,8600,4,14,5,20,160348,66718.0,72666.0,58481.0,89881.0,2,2,2,1
rp2040,wolfSSL,MLDSA44,mTLS,,,16,4.5770,942.1310,34.2130,980.9210,7890,7950,45,8600,4,14,5,20,160348,66734.0,72410.0,58466.0,590792.0,2,2,2,1
rp2040,wolfSSL,MLDSA44,mTLS,,,17,4.5810,437.6210,30.3410,472.5430,7890,7950,45,8600,4,14,5,20,160348,67086.0,72494.0,58346.0,94436.0,2,2,2,1
rp2040,wolfSSL,MLDSA44,mTLS,,,18,5.8650,437.2290,44.6720,487.7660,7890,7950,45,8600,4,14,5,20,160348,66639.0,73503.0,58491.0,89979.0,2,2,2,1
rp2040,wolfSSL,MLDSA44,mTLS,,,19,7.6990,628.4860,32.7810,668.9660,7890,7950,45,8600,4,14,5,20,160348,66749.0,72490.0,58214.0,270747.0,2,2,2,1
rp2040,wolfSSL,MLDSA44,mTLS,,,20,4.6890,771.3910,33.2510,809.3310,7890,7950,45,8600,4,14,5,20,160348,66794.0,72620.0,58455.0,420367.0,2,2,2,1
rp2040,wolfSSL,MLDSA44,mTLS,,,21,4.5530,473.8130,33.1000,511.4660,7890,7950,45,8600,4,14,5,20,160348,66655.0,72287.0,58472.0,122737.0,2,2,2,1
rp2040,wolfSSL,MLDSA44,mTLS,,,22,5.4410,406.3040,30.5420,442.2870,7890,7950,45,8600,4,14,5,20,160348,66752.0,72374.0,58420.0,51486.0,2,2,2,1
rp2040,wolfSSL,MLDSA44,mTLS,,,23,5.5920,1136.8790,33.3050,1175.7760,7890,7950,45,8600,4,14,5,20,160348,66414.0,72597.0,58260.0,783676.0,2,2,2,1
rp2040,wolfSSL,MLDSA44,mTLS,,,24,8.4120,482.9610,45.4010,536.7740,7890,7950,45,8600,4,14,5,20,160348,66434.0,72222.0,58466.0,133715.0,2,2,2,1
rp2040,wolfSSL,MLDSA44,mTLS,,,25,6.3760,588.3500,42.3600,637.0860,7890,7950,45,8600,4,14,5,20,160348,66591.0,70389.0,58556.0,237482.0,2,2,2,1
rp2040,wolfSSL,MLDSA44,mTLS,,,26,6.5510,511.1420,35.1460,552.8390,7890,7950,45,8600,4,14,5,20,160348,66675.0,72491.0,58564.0,167626.0,2,2,2,1
rp2040,wolfSSL,MLDSA44,mTLS,,,27,19.3910,797.9520,46.2980,863.6410,7890,7950,45,8600,4,14,5,20,160348,66645.0,72408.0,58521.0,454735.0,2,2,2,1
rp2040,wolfSSL,MLDSA44,mTLS,,,28,6.4100,655.1180,44.2270,705.7550,7890,7950,45,8600,4,14,5,20,160348,66689.0,74697.0,58403.0,311484.0,2,2,2,1
rp2040,wolfSSL,MLDSA44,mTLS,,,29,32.4060,432.6240,43.8690,508.8990,7890,7950,45,8600,4,14,5,20,160348,66737.0,72448.0,58370.0,89645.0,2,2,2,1
rp2040,wolfSSL,MLDSA44,mTLS,,,30,4.3870,429.7060,36.4100,470.5030,7890,7950,45,8600,4,14,5,20,160348,66479.0,72372.0,58515.0,87249.0,2,2,2,1
rp2040,wolfSSL,MLDSA44,mTLS,,,31,5.4200,485.0830,43.9740,534.4770,7890,7950,45,8600,4,14,5,20,160348,66774.0,70758.0,58463.0,138119.0,2,2,2,1
rp2040,wolfSSL,MLDSA44,mTLS,,,32,5.4360,511.1690,36.4030,553.0080,7890,7950,45,8600,4,14,5,20,160348,66596.0,72510.0,58438.0,167874.0,2,2,2,1
rp2040,wolfSSL,MLDSA44,mTLS,,,33,8.7430,403.0320,32.6150,444.3900,7890,7950,45,8600,4,14,5,20,160348,66518.0,70576.0,58635.0,51511.0,2,2,2,1
rp2040,wolfSSL,MLDSA44,mTLS,,,34,6.6480,431.9500,32.1410,470.7390,7890,7950,45,8600,4,14,5,20,160348,66539.0,72319.0,58253.0,85776.0,2,2,2,1
rp2040,wolfSSL,MLDSA44,mTLS,,,35,5.5580,476.3790,36.1740,518.1110,7890,7950,45,8600,4,14,5,20,160348,66703.0,70511.0,58465.0,129718.0,2,2,2,1
rp2040,wolfSSL,MLDSA44,mTLS,,,36,5.3810,1150.3790,41.4390,1197.1990,7890,7950,45,8600,4,14,5,20,160348,66539.0,73681.0,58236.0,805668.0,2,2,2,1
rp2040,wolfSSL,MLDSA44,mTLS,,,37,4.6860,450.1680,41.8260,496.6800,7890,7950,45,8600,4,14,5,20,160348,66435.0,70484.0,58748.0,85905.0,2,2,2,1
rp2040,wolfSSL,MLDSA44,mTLS,,,38,5.6080,400.1260,33.3850,439.1190,7890,7950,45,8600,4,14,5,20,160348,66572.0,70482.0,58569.0,51528.0,2,2,2,1
rp2040,wolfSSL,MLDSA44,mTLS,,,39,4.4490,632.9550,34.2370,671.6410,7890,7950,45,8600,4,14,5,20,160348,66575.0,72572.0,58372.0,289780.0,2,2,2,1
rp2040,wolfSSL,MLDSA44,mTLS,,,40,4.5440,398.6480,31.8940,435.0860,7890,7950,45,8600,4,14,5,20,160348,66674.0,70487.0,58476.0,51294.0,2,2,2,1
rp2040,wolfSSL,MLDSA44,mTLS,,,41,11.9300,481.7420,33.0090,526.6810,7890,7950,45,8600,4,14,5,20,160348,66585.0,72364.0,58226.0,138917.0,2,2,2,1
rp2040,wolfSSL,MLDSA44,mTLS,,,42,6.4440,437.2880,35.9180,479.6500,7890,7950,45,8600,4,14,5,21,160348,66669.0,72656.0,58533.0,87051.0,2,2,2,1
rp2040,wolfSSL,MLDSA44,mTLS,,,43,6.5500,549.2350,44.9720,600.7570,7890,7950,45,8600,4,14,5,20,160348,66700.0,72811.0,58683.0,205965.0,2,2,2,1
rp2040,wolfSSL,MLDSA44,mTLS,,,44,6.5930,558.8100,47.5720,612.9750,7890,7950,45,8600,4,14,5,20,160348,66633.0,72591.0,58560.0,215857.0,2,2,2,1
rp2040,wolfSSL,MLDSA44,mTLS,,,45,5.6400,589.8360,32.2220,627.6980,7890,7950,45,8600,4,14,5,20,160348,66514.0,72268.0,58539.0,241697.0,2,2,2,1
rp2040,wolfSSL,MLDSA44,mTLS,,,46,5.4540,511.3140,32.9500,549.7180,7890,7950,45,8600,4,14,5,20,160348,66589.0,70543.0,58237.0,160982.0,2,2,2,1
rp2040,wolfSSL,MLDSA44,mTLS,,,47,5.3770,524.2710,32.9580,562.6060,7890,7950,45,8600,4,14,5,20,160348,66462.0,72423.0,58481.0,169165.0,2,2,2,1
rp2040,wolfSSL,MLDSA44,mTLS,,,48,5.3650,440.7990,33.9340,480.0980,7890,7950,45,8600,4,14,5,20,160348,66710.0,70842.0,58569.0,91209.0,2,2,2,1
rp2040,wolfSSL,MLDSA44,mTLS,,,49,19.8020,394.6500,44.1570,458.6090,7890,7950,45,8600,4,14,5,20,160348,66692.0,72738.0,58655.0,51500.0,2,2,2,1
rp2040,wolfSSL,MLDSA65,TLS,,,0,11.4070,331.6920,12.2210,355.3200,1393,10198,45,568,2,12,3,18,166420,66733.0,74436.0,94535.0,0.0,2,2,2,0
rp2040,wolfSSL,MLDSA65,TLS,,,1,13.5110,345.1210,36.5240,395.1560,1393,10198,45,568,2,12,3,18,166420,66738.0,74253.0,94391.0,0.0,2,2,2,0
rp2040,wolfSSL,MLDSA65,TLS,,,2,4.9870,338.2790,9.3770,352.6430,1393,10198,45,568,2,12,3,18,166420,66617.0,72120.0,94623.0,0.0,2,2,2,0
rp2040,wolfSSL,MLDSA65,TLS,,,3,4.5640,337.5010,14.3020,356.3670,1393,10198,45,568,2,12,3,18,166420,66783.0,72302.0,95079.0,0.0,2,2,2,0
rp2040,wolfSSL,MLDSA65,TLS,,,4,5.3920,331.7300,22.3810,359.5030,1393,10198,45,568,2,12,3,18,166420,66621.0,72202.0,94425.0,0.0,2,2,2,0
rp2040,wolfSSL,MLDSA65,TLS,,,5,20.4800,331.8490,13.3800,365.7090,1393,10198,45,568,2,12,3,18,166420,66658.0,73706.0,94797.0,0.0,2,2,2,0
rp2040,wolfSSL,MLDSA65,TLS,,,6,17.5770,331.1770,37.5630,386.3170,1393,10198,45,568,2,12,3,18,166420,66644.0,73833.0,94417.0,0.0,2,2,2,0
rp2040,wolfSSL,MLDSA65,TLS,,,7,6.3960,330.8110,15.0690,352.2760,1393,10198,45,568,2,12,3,18,166420,66642.0,73295.0,94541.0,0.0,2,2,2,0
rp2040,wolfSSL,MLDSA65,TLS,,,8,19.6530,329.1210,13.1250,361.8990,1393,10198,45,568,2,12,3,18,166420,66653.0,73892.0,94428.0,0.0,2,2,2,0
rp2040,wolfSSL,MLDSA65,TLS,,,9,5.4070,328.6080,11.6870,345.7020,1393,10198,45,568,2,12,3,18,166420,66899.0,73759.0,94753.0,0.0,2,2,2,0
rp2040,wolfSSL,MLDSA65,TLS,,,10,4.4000,341.9630,26.2800,372.6430,1393,10198,45,568,2,12,3,18,166420,66517.0,72181.0,94598.0,0.0,2,2,2,0
rp2040,wolfSSL,MLDSA65,TLS,,,11,4.6780,343.2760,11.5830,359.5370,1393,10198,45,568,2,12,3,18,166420,66608.0,73671.0,95029.0,0.0,2,2,2,0
rp2040,wolfSSL,MLDSA65,TLS,,,12,5.6700,334.6180,12.0710,352.3590,1393,10198,45,568,2,12,3,18,166420,66749.0,73548.0,94344.0,0.0,2,2,2,0
rp2040,wolfSSL,MLDSA65,TLS,,,13,4.9550,334.3660,11.9260,351.2470,1393,10198,45,568,2,12,3,18,166420,66711.0,73500.0,94577.0,0.0,2,2,2,0
rp2040,wolfSSL,MLDSA65,TLS,,,14,5.3740,331.0020,14.5870,350.9630,1393,10198,45,568,2,12,3,18,166420,66701.0,73702.0,94731.0,0.0,2,2,2,0
rp2040,wolfSSL,MLDSA65,TLS,,,15,5.3800,337.1540,12.4710,355.0050,1393,10198,45,568,2,12,3,18,166420,66596.0,73232.0,94508.0,0.0,2,2,2,0
rp2040,wolfSSL,MLDSA65,TLS,,,16,5.4300,330.8990,11.9400,348.2690,1393,10198,45,568,2,12,3,18,166420,66749.0,73765.0,94305.0,0.0,2,2,2,0
rp2040,wolfSSL,MLDSA65,TLS,,,17,16.6090,328.9070,12.0470,357.5630,1393,10198,45,568,2,12,3,18,166420,66688.0,73600.0,94643.0,0.0,2,2,2,0
rp2040,wolfSSL,MLDSA65,TLS,,,18,5.3620,330.8920,11.8760,348.1300,1393,10198,45,568,2,12,3,18,166420,66640.0,75132.0,94468.0,0.0,2,2,2,0
rp2040,wolfSSL,MLDSA65,TLS,,,19,5.3860,341.1080,11.9100,358.4040,1393,10198,45,568,2,12,3,18,166420,66661.0,72143.0,94748.0,0.0,2,2,2,0
rp2040,wolfSSL,MLDSA65,TLS,,,20,6.7510,334.5780,14.8190,356.1480,1393,10198,45,568,2,12,3,18,166420,66600.0,73427.0,94644.0,0.0,2,2,2,0
rp2040,wolfSSL,MLDSA65,TLS,,,21,5.3850,329.8980,15.9040,351.1870,1393,10198,45,568,2,12,3,18,166420,66533.0,73457.0,94628.0,0.0,2,2,2,0
rp2040,wolfSSL,MLDSA65,TLS,,,22,6.4080,338.6360,11.7120,356.7560,1393,10198,45,568,2,12,3,18,166420,66579.0,73224.0,94750.0,0.0,2,2,2,0
rp2040,wolfSSL,MLDSA65,TLS,,,23,6.4120,332.4450,13.6380,352.4950,1393,10198,45,568,2,12,3,18,166420,66747.0,73503.0,94387.0,0.0,2,2,2,0
rp2040,wolfSSL,MLDSA65,TLS,,,24,5.4100,336.4790,11.6420,353.5310,1393,10198,45,568,2,12,3,18,166420,66828.0,74137.0,94458.0,0.0,2,2,2,0
rp2040,wolfSSL,MLDSA65,TLS,,,25,4.3690,329.4970,15.4270,349.2930,1393,10198,45,568,2,12,3,18,166420,66635.0,73444.0,94991.0,0.0,2,2,2,0
rp2040,wolfSSL,MLDSA65,TLS,,,26,19.4350,330.2220,10.7080,360.3650,1393,10198,45,568,2,12,3,18,166420,66901.0,73697.0,94623.0,0.0,2,2,2,0
rp2040,wolfSSL,MLDSA65,TLS,,,27,4.3900,331.3210,11.1040,346.8150,1393,10198,45,568,2,12,3,18,166420,66686.0,73664.0,94556.0,0.0,2,2,2,0
rp2040,wolfSSL,MLDSA65,TLS,,,28,6.5060,339.4960,12.3350,358.3370,1393,10198,45,568,2,12,3,18,166420,66874.0,70835.0,94448.0,0.0,2,2,2,0
rp2040,wolfSSL,MLDSA65,TLS,,,29,4.6790,338.8220,14.0890,357.5900,1393,10198,45,568,2,12,3,18,166420,66918.0,73795.0,94553.0,0.0,2,2,2,0
rp2040,wolfSSL,MLDSA65,TLS,,,30,5.3700,330.7340,22.8260,358.9300,1393,10198,45,568,2,12,3,18,166420,66530.0,73701.0,94620.0,0.0,2,2,2,0
rp2040,wolfSSL,MLDSA65,TLS,,,31,18.4340,330.7320,10.7330,359.8990,1393,10198,45,568,2,12,3,18,166420,66951.0,75034.0,94497.0,0.0,2,2,2,0
rp2040,wolfSSL,MLDSA65,TLS,,,32,5.3650,329.5450,12.3440,347.2540,1393,10198,45,568,2,12,3,18,166420,66894.0,73416.0,94811.0,0.0,2,2,2,0
rp2040,wolfSSL,MLDSA65,TLS,,,33,4.3770,342.0590,11.6420,358.0780,1393,10198,45,568,2,12,3,18,166420,66567.0,72072.0,94516.0,0.0,2,2,2,0
rp2040,wolfSSL,MLDSA65,TLS,,,34,4.7330,340.0050,14.3620,359.1000,1393,10198,45,568,2,12,3,18,166420,66623.0,73616.0,94335.0,0.0,2,2,2,0
rp2040,wolfSSL,MLDSA65,TLS,,,35,5.3800,330.6880,24.0840,360.1520,1393,10198,45,568,2,12,3,18,166420,66755.0,74178.0,94774.0,0.0,2,2,2,0
rp2040,wolfSSL,MLDSA65,TLS,,,36,19.4100,329.7840,11.8390,361.0330,1393,10198,45,568,2,12,3,18,166420,66566.0,74233.0,94576.0,0.0,2,2,2,0
rp2040,wolfSSL,MLDSA65,TLS,,,37,5.4690,329.1730,11.7040,346.3460,1393,10198,45,568,2,12,3,18,166420,66656.0,73541.0,94630.0,0.0,2,2,2,0
rp2040,wolfSSL,MLDSA65,TLS,,,38,21.4250,341.5610,11.5880,374.5740,1393,10198,45,568,2,12,3,18,166420,66775.0,72305.0,94466.0,0.0,2,2,2,0
rp2040,wolfSSL,MLDSA65,TLS,,,39,4.8250,338.8070,14.8520,358.4840,1393,10198,45,568,2,12,3,18,166420,66757.0,72191.0,94317.0,0.0,2,2,2,0
rp2040,wolfSSL,MLDSA65,TLS,,,40,11.0200,330.2600,16.7020,357.9820,1393,10198,45,568,2,12,3,18,166420,66676.0,73716.0,94955.0,0.0,2,2,2,0
rp2040,wolfSSL,MLDSA65,TLS,,,41,13.3790,330.3790,12.7640,356.5220,1393,10198,45,568,2,12,3,18,166420,66714.0,73582.0,94702.0,0.0,2,2,2,0
rp2040,wolfSSL,MLDSA65,TLS,,,42,6.7290,328.3980,11.9080,347.0350,1393,10198,45,568,2,12,3,18,166420,66718.0,73480.0,94466.0,0.0,2,2,2,0
rp2040,wolfSSL,MLDSA65,TLS,,,43,5.4810,331.6260,11.5160,348.6230,1393,10198,45,568,2,12,3,18,166420,67201.0,73519.0,94544.0,0.0,2,2,2,0
rp2040,wolfSSL,MLDSA65,TLS,,,44,6.4030,331.8310,14.5760,352.8100,1393,10198,45,568,2,12,3,18,166420,66529.0,73275.0,94994.0,0.0,2,2,2,0
rp2040,wolfSSL,MLDSA65,TLS,,,45,9.3750,330.7610,10.5230,350.6590,1393,10198,45,568,2,12,3,18,166420,66561.0,73620.0,94473.0,0.0,2,2,2,0
rp2040,wolfSSL,MLDSA65,TLS,,,46,4.6690,332.0700,14.3350,351.0740,1393,10198,45,568,2,12,3,18,166420,66742.0,73604.0,94629.0,0.0,2,2,2,0
rp2040,wolfSSL,MLDSA65,TLS,,,47,18.9740,331.2660,13.2270,363.4670,1393,10198,45,568,2,12,3,18,166420,66610.0,73795.0,94571.0,0.0,2,2,2,0
rp2040,wolfSSL,MLDSA65,TLS,,,48,5.5740,330.6230,11.7300,347.9270,1393,10198,45,568,2,12,3,18,166420,66676.0,74048.0,94782.0,0.0,2,2,2,0
rp2040,wolfSSL,MLDSA65,TLS,,,49,5.4150,342.0800,23.3890,370.8840,1393,10198,45,568,2,12,3,18,166420,66845.0,73890.0,94319.0,0.0,2,2,2,0
rp2040,wolfSSL,MLDSA65,mTLS,,,0,5.3730,499.8660,46.1850,551.4240,10308,10368,45,11640,4,14,5,21,156708,66710.0,73536.0,94923.0,82840.0,2,2,2,1
rp2040,wolfSSL,MLDSA65,mTLS,,,1,4.3850,711.1000,41.5510,757.0360,10308,10368,45,11640,4,14,5,20,156708,66612.0,74013.0,94368.0,283732.0,2,2,2,1
rp2040,wolfSSL,MLDSA65,mTLS,,,2,4.5960,652.6270,43.0940,700.3170,10308,10368,45,11640,4,14,5,20,156708,66823.0,72284.0,94952.0,226622.0,2,2,2,1
rp2040,wolfSSL,MLDSA65,mTLS,,,3,4.6660,573.6350,42.1010,620.4020,10308,10368,45,11640,4,14,5,20,156708,66578.0,72254.0,94627.0,145150.0,2,2,2,1
rp2040,wolfSSL,MLDSA65,mTLS,,,4,8.3890,568.7810,54.1740,631.3440,10308,10368,45,11640,4,14,5,20,156708,66711.0,73558.0,94665.0,148167.0,2,2,2,1
rp2040,wolfSSL,MLDSA65,mTLS,,,5,5.4270,635.6910,42.4260,683.5440,10308,10368,45,11640,4,14,5,20,156708,66805.0,73536.0,94443.0,209404.0,2,2,2,1
rp2040,wolfSSL,MLDSA65,mTLS,,,6,4.4260,504.6920,76.1130,585.2310,10308,10368,45,11640,4,14,5,21,156708,66531.0,73522.0,94548.0,82918.0,2,2,2,1
rp2040,wolfSSL,MLDSA65,mTLS,,,7,5.6460,762.3940,41.5940,809.6340,10308,10368,45,11640,4,14,5,20,156708,66920.0,73610.0,94577.0,333993.0,2,2,2,1
rp2040,wolfSSL,MLDSA65,mTLS,,,8,6.6990,503.5130,40.5550,550.7670,10308,10368,45,11640,4,14,5,20,156708,66721.0,73517.0,94299.0,82726.0,2,2,2,1
rp2040,wolfSSL,MLDSA65,mTLS,,,9,7.3870,508.4970,42.0490,557.9330,10308,10368,45,11640,4,14,5,20,156708,66709.0,73628.0,94631.0,82601.0,2,2,2,1
rp2040,wolfSSL,MLDSA65,mTLS,,,10,5.9360,572.6080,44.4640,623.0080,10308,10368,45,11640,4,14,5,21,156708,66690.0,72208.0,94444.0,149469.0,2,2,2,1
rp2040,wolfSSL,MLDSA65,mTLS,,,11,2443.0530,570.2310,44.4650,3057.7490,10308,10368,45,11640,4,14,5,20,156708,66933.0,72160.0,94504.0,142619.0,2,2,2,1
rp2040,wolfSSL,MLDSA65,mTLS,,,12,6.4000,1019.6630,55.1800,1081.2430,10308,10368,45,11640,4,14,5,20,156708,66587.0,73353.0,94427.0,595304.0,2,2,2,1
rp2040,wolfSSL,MLDSA65,mTLS,,,13,5.7270,564.1940,58.8550,628.7760,10308,10368,45,11640,4,14,5,21,156708,66894.0,73865.0,94360.0,147822.0,2,2,2,1
rp2040,wolfSSL,MLDSA65,mTLS,,,14,5.5460,511.5070,240.1900,757.2430,10308,10368,45,11640,4,14,5,20,156708,66528.0,74017.0,95726.0,84182.0,2,2,2,1
rp2040,wolfSSL,MLDSA65,mTLS,,,15,5.4270,708.3170,41.5340,755.2780,10308,10368,45,11640,4,14,5,20,156708,66698.0,73479.0,94496.0,280766.0,2,2,2,1
rp2040,wolfSSL,MLDSA65,mTLS,,,16,5.3810,639.8970,50.6300,695.9080,10308,10368,45,11640,4,14,5,20,156708,66864.0,72316.0,94583.0,214353.0,2,2,2,1
rp2040,wolfSSL,MLDSA65,mTLS,,,17,6.3960,509.1850,39.8880,555.4690,10308,10368,45,11640,4,14,5,20,156708,66732.0,70829.0,94809.0,83073.0,2,2,2,1
rp2040,wolfSSL,MLDSA65,mTLS,,,18,6.4380,1023.4350,42.0050,1071.8780,10308,10368,45,11640,4,14,5,20,156708,66633.0,74785.0,94646.0,596844.0,2,2,2,1
rp2040,wolfSSL,MLDSA65,mTLS,,,19,5.4230,507.0540,40.4890,552.9660,10308,10368,45,11640,4,14,5,20,156708,67007.0,72364.0,95180.0,82740.0,2,2,2,1
rp2040,wolfSSL,MLDSA65,mTLS,,,20,4.3750,1256.9980,49.1210,1310.4940,10308,10368,45,11640,4,14,5,20,156708,66650.0,73403.0,94986.0,828719.0,2,2,2,1
rp2040,wolfSSL,MLDSA65,mTLS,,,21,7.7220,575.2510,41.6960,624.6690,10308,10368,45,11640,4,14,5,21,156708,66794.0,73819.0,94518.0,152622.0,2,2,2,1
rp2040,wolfSSL,MLDSA65,mTLS,,,22,8.4490,646.2390,42.7150,697.4030,10308,10368,45,11640,4,14,5,20,156708,66630.0,73377.0,94820.0,228346.0,2,2,2,1
rp2040,wolfSSL,MLDSA65,mTLS,,,23,4.7890,708.9950,44.6860,758.4700,10308,10368,45,11640,4,14,5,20,156708,66901.0,73330.0,94613.0,283222.0,2,2,2,1
rp2040,wolfSSL,MLDSA65,mTLS,,,24,5.4540,723.9560,51.3090,780.7190,10308,10368,45,11640,4,14,5,20,156708,66718.0,73838.0,95175.0,301229.0,2,2,2,1
rp2040,wolfSSL,MLDSA65,mTLS,,,25,5.4590,574.0550,42.2600,621.7740,10308,10368,45,11640,4,14,5,20,156708,66627.0,73710.0,94574.0,157784.0,2,2,2,1
rp2040,wolfSSL,MLDSA65,mTLS,,,26,4.7750,1166.9850,41.5090,1213.2690,10308,10368,45,11640,4,14,5,20,156708,66629.0,72280.0,94527.0,740694.0,2,2,2,1
rp2040,wolfSSL,MLDSA65,mTLS,,,27,4.6310,572.8770,45.0330,622.5410,10308,10368,45,11640,4,14,5,21,156708,66668.0,72095.0,94657.0,145083.0,2,2,2,1
rp2040,wolfSSL,MLDSA65,mTLS,,,28,5.4100,887.2370,50.9840,943.6310,10308,10368,45,11640,4,14,5,20,156708,66630.0,73616.0,94675.0,464688.0,2,2,2,1
rp2040,wolfSSL,MLDSA65,mTLS,,,29,8.0590,972.8810,42.8480,1023.7880,10308,10368,45,11640,4,14,5,20,156708,66714.0,73861.0,94550.0,546637.0,2,2,2,1
rp2040,wolfSSL,MLDSA65,mTLS,,,30,5.5220,1608.6130,55.0290,1669.1640,10308,10368,45,11640,4,14,5,20,156708,66803.0,73511.0,94918.0,1179959.0,2,2,2,1
rp2040,wolfSSL,MLDSA65,mTLS,,,31,4.7050,898.4840,50.6250,953.8140,10308,10368,45,11640,4,14,5,20,156708,66635.0,72035.0,94626.0,469773.0,2,2,2,1
rp2040,wolfSSL,MLDSA65,mTLS,,,32,4.6960,503.2960,41.5840,549.5760,10308,10368,45,11640,4,14,5,20,156708,66499.0,73730.0,95583.0,83924.0,2,2,2,1
rp2040,wolfSSL,MLDSA65,mTLS,,,33,5.8020,506.3330,40.0840,552.2190,10308,10368,45,11640,4,14,5,20,156708,66714.0,71197.0,94907.0,83404.0,2,2,2,1
rp2040,wolfSSL,MLDSA65,mTLS,,,34,5.4230,508.7980,41.5300,555.7510,10308,10368,45,11640,4,14,5,20,156708,66652.0,70625.0,94749.0,82836.0,2,2,2,1
rp2040,wolfSSL,MLDSA65,mTLS,,,35,4.3910,507.8580,46.6660,558.9150,10308,10368,45,11640,4,14,5,21,156708,66735.0,74623.0,94697.0,83053.0,2,2,2,1
rp2040,wolfSSL,MLDSA65,mTLS,,,36,6.4090,778.6250,51.8370,836.8710,10308,10368,45,11640,4,14,5,20,156708,66562.0,74716.0,94427.0,360194.0,2,2,2,1
rp2040,wolfSSL,MLDSA65,mTLS,,,37,5.4290,799.9180,52.4490,857.7960,10308,10368,45,11640,4,14,5,20,156708,66819.0,71913.0,94589.0,371345.0,2,2,2,1
rp2040,wolfSSL,MLDSA65,mTLS,,,38,7.5700,908.5390,44.4570,960.5660,10308,10368,45,11640,4,14,5,20,156708,66525.0,72244.0,94427.0,474645.0,2,2,2,1
rp2040,wolfSSL,MLDSA65,mTLS,,,39,4.4040,576.2780,44.4140,625.0960,10308,10368,45,11640,4,14,5,21,156708,66641.0,72230.0,94827.0,152268.0,2,2,2,1
rp2040,wolfSSL,MLDSA65,mTLS,,,40,25.4580,499.4610,41.4610,566.3800,10308,10368,45,11640,4,14,5,20,156708,66626.0,73658.0,94963.0,82929.0,2,2,2,1
rp2040,wolfSSL,MLDSA65,mTLS,,,41,6.4120,502.6880,40.1810,549.2810,10308,10368,45,11640,4,14,5,20,156708,66569.0,73706.0,94462.0,82919.0,2,2,2,1
rp2040,wolfSSL,MLDSA65,mTLS,,,42,4.6210,1191.9700,52.2030,1248.7940,10308,10368,45,11640,4,14,5,20,156708,66623.0,73699.0,94420.0,766204.0,2,2,2,1
rp2040,wolfSSL,MLDSA65,mTLS,,,43,5.4030,629.9480,45.1450,680.4960,10308,10368,45,11640,4,14,5,20,156708,66819.0,73404.0,94476.0,213085.0,2,2,2,1
rp2040,wolfSSL,MLDSA65,mTLS,,,44,5.3880,568.6790,47.8930,621.9600,10308,10368,45,11640,4,14,5,20,156708,66507.0,73390.0,94738.0,142628.0,2,2,2,1
rp2040,wolfSSL,MLDSA65,mTLS,,,45,5.3690,834.9850,52.7250,893.0790,10308,10368,45,11640,4,14,5,20,156708,66727.0,74024.0,94643.0,417108.0,2,2,2,1
rp2040,wolfSSL,MLDSA65,mTLS,,,46,5.4220,509.4390,42.8680,557.7290,10308,10368,45,11640,4,14,5,20,156708,66646.0,75374.0,94912.0,83222.0,2,2,2,1
rp2040,wolfSSL,MLDSA65,mTLS,,,47,8.6220,794.4330,54.8520,857.9070,10308,10368,45,11640,4,14,5,20,156708,66664.0,70885.0,94617.0,359036.0,2,2,2,1
rp2040,wolfSSL,MLDSA65,mTLS,,,48,5.3730,857.8880,52.9800,916.2410,10308,10368,45,11640,4,14,5,20,156708,66688.0,75199.0,94782.0,429951.0,2,2,2,1
rp2040,wolfSSL,MLDSA65,mTLS,,,49,4.6100,653.0820,48.3460,706.0380,10308,10368,45,11640,4,14,5,20,156708,66663.0,73652.0,94436.0,225278.0,2,2,2,1
rp2040,wolfSSL,MLDSA87,TLS,,,0,7.5990,404.7420,12.5130,424.8540,1393,13474,45,568,2,12,3,18,165780,66645.0,75002.0,154347.0,0.0,2,2,2,0
rp2040,wolfSSL,MLDSA87,TLS,,,1,4.5250,465.3300,23.2580,493.1130,1393,13474,45,568,2,12,3,18,165780,66427.0,70560.0,155828.0,0.0,2,2,2,0
rp2040,wolfSSL,MLDSA87,TLS,,,2,5.3930,413.2530,15.0690,433.7150,1393,13474,45,568,2,12,3,18,165780,66442.0,71192.0,154510.0,0.0,2,2,2,0
rp2040,wolfSSL,MLDSA87,TLS,,,3,5.4070,436.0530,85.4270,526.8870,1393,13474,45,568,2,12,3,18,165780,66532.0,72357.0,154294.0,0.0,2,2,2,0
rp2040,wolfSSL,MLDSA87,TLS,,,4,6.6680,415.1790,32.8700,454.7170,1393,13474,45,568,2,12,3,18,165780,67083.0,72192.0,154218.0,0.0,2,2,2,0
rp2040,wolfSSL,MLDSA87,TLS,,,5,4.3840,405.5110,44.6350,454.5300,1393,13474,45,568,2,12,3,18,165780,66784.0,72431.0,155644.0,0.0,2,2,2,0
rp2040,wolfSSL,MLDSA87,TLS,,,6,9.4160,428.0910,23.6880,461.1950,1393,13474,45,568,2,12,3,18,165780,66464.0,72363.0,154461.0,0.0,2,2,2,0
rp2040,wolfSSL,MLDSA87,TLS,,,7,4.7000,407.9460,12.4530,425.0990,1393,13474,45,568,2,12,3,18,165780,66782.0,72953.0,154382.0,0.0,2,2,2,0
rp2040,wolfSSL,MLDSA87,TLS,,,8,5.7100,416.6950,14.5430,436.9480,1393,13474,45,568,2,12,3,18,165780,66467.0,72857.0,155718.0,0.0,2,2,2,0
rp2040,wolfSSL,MLDSA87,TLS,,,9,8.3750,410.8870,15.8630,435.1250,1393,13474,45,568,2,12,3,18,165780,66633.0,72285.0,156828.0,0.0,2,2,2,0
rp2040,wolfSSL,MLDSA87,TLS,,,10,5.3770,406.0930,32.2350,443.7050,1393,13474,45,568,2,12,3,18,165780,66528.0,72427.0,154714.0,0.0,2,2,2,0
rp2040,wolfSSL,MLDSA87,TLS,,,11,3.7350,438.0530,13.6220,455.4100,1393,13474,45,568,2,12,3,18,165780,66876.0,72182.0,156119.0,0.0,2,2,2,0
rp2040,wolfSSL,MLDSA87,TLS,,,12,4.6620,405.2560,12.6940,422.6120,1393,13474,45,568,2,12,3,18,165780,66530.0,72196.0,154251.0,0.0,2,2,2,0
rp2040,wolfSSL,MLDSA87,TLS,,,13,5.4640,411.8680,12.0360,429.3680,1393,13474,45,568,2,12,3,18,165780,66600.0,70614.0,156121.0,0.0,2,2,2,0
rp2040,wolfSSL,MLDSA87,TLS,,,14,5.6820,426.9970,12.3060,444.9850,1393,13474,45,568,2,12,3,18,165780,66647.0,70328.0,155636.0,0.0,2,2,2,0
rp2040,wolfSSL,MLDSA87,TLS,,,15,7.5050,414.3260,12.8900,434.7210,1393,13474,45,568,2,12,3,18,165780,66545.0,72085.0,154345.0,0.0,2,2,2,0
rp2040,wolfSSL,MLDSA87,TLS,,,16,5.4210,405.6260,14.4070,425.4540,1393,13474,45,568,2,12,3,18,165780,67080.0,75378.0,154354.0,0.0,2,2,2,0
rp2040,wolfSSL,MLDSA87,TLS,,,17,5.7090,417.0090,24.1250,446.8430,1393,13474,45,568,2,12,3,18,165780,67303.0,70719.0,153999.0,0.0,2,2,2,0
rp2040,wolfSSL,MLDSA87,TLS,,,18,5.3860,417.5650,13.3910,436.3420,1393,13474,45,568,2,12,3,18,165780,66590.0,72114.0,154551.0,0.0,2,2,2,0
rp2040,wolfSSL,MLDSA87,TLS,,,19,21.8400,421.4540,12.0740,455.3680,1393,13474,45,568,2,12,3,18,165780,66798.0,70325.0,156068.0,0.0,2,2,2,0
rp2040,wolfSSL,MLDSA87,TLS,,,20,10.4250,404.2540,12.1970,426.8760,1393,13474,45,568,2,12,3,18,165780,66517.0,75092.0,154772.0,0.0,2,2,2,0
rp2040,wolfSSL,MLDSA87,TLS,,,21,6.7100,410.8800,12.6110,430.2010,1393,13474,45,568,2,12,3,18,165780,66545.0,70429.0,154294.0,0.0,2,2,2,0
rp2040,wolfSSL,MLDSA87,TLS,,,22,4.4020,411.0720,12.5300,428.0040,1393,13474,45,568,2,12,3,18,165780,66628.0,70533.0,154667.0,0.0,2,2,2,0
rp2040,wolfSSL,MLDSA87,TLS,,,23,3.5170,405.1060,12.8370,421.4600,1393,13474,45,568,2,12,3,18,165780,66554.0,72077.0,154256.0,0.0,2,2,2,0
rp2040,wolfSSL,MLDSA87,TLS,,,24,6.4330,411.0020,12.4790,429.9140,1393,13474,45,568,2,12,3,18,165780,66537.0,70618.0,155899.0,0.0,2,2,2,0
rp2040,wolfSSL,MLDSA87,TLS,,,25,5.5140,412.1670,16.8910,434.5720,1393,13474,45,568,2,12,3,18,165780,66574.0,70360.0,155720.0,0.0,2,2,2,0
rp2040,wolfSSL,MLDSA87,TLS,,,26,7.6660,406.3110,23.2820,437.2590,1393,13474,45,568,2,12,3,18,165780,66472.0,72187.0,154660.0,0.0,2,2,2,0
rp2040,wolfSSL,MLDSA87,TLS,,,27,8.3790,406.0740,21.8700,436.3230,1393,13474,45,568,2,12,3,18,165780,66416.0,72128.0,154243.0,0.0,2,2,2,0
rp2040,wolfSSL,MLDSA87,TLS,,,28,3.3890,420.4230,11.8400,435.6520,1393,13474,45,568,2,12,3,18,165780,66516.0,75170.0,155696.0,0.0,2,2,2,0
rp2040,wolfSSL,MLDSA87,TLS,,,29,19.4490,416.9700,12.6000,449.0190,1393,13474,45,568,2,12,3,18,165780,66404.0,70357.0,155798.0,0.0,2,2,2,0
rp2040,wolfSSL,MLDSA87,TLS,,,30,5.6720,404.4410,11.7020,421.8150,1393,13474,45,568,2,12,3,18,165780,66580.0,75252.0,154683.0,0.0,2,2,2,0
rp2040,wolfSSL,MLDSA87,TLS,,,31,15.5840,416.0710,20.8910,452.5460,1393,13474,45,568,2,12,3,18,165780,66740.0,72222.0,154446.0,0.0,2,2,2,0
rp2040,wolfSSL,MLDSA87,TLS,,,32,4.4270,416.7540,12.6840,433.8650,1393,13474,45,568,2,12,3,18,165780,66619.0,72156.0,154921.0,0.0,2,2,2,0
rp2040,wolfSSL,MLDSA87,TLS,,,33,18.4880,403.4330,46.9690,468.8900,1393,13474,45,568,2,12,3,18,165780,66529.0,74140.0,154356.0,0.0,2,2,2,0
rp2040,wolfSSL,MLDSA87,TLS,,,34,6.7720,407.5070,28.6860,442.9650,1393,13474,45,568,2,12,3,18,165780,66656.0,72543.0,155715.0,0.0,2,2,2,0
rp2040,wolfSSL,MLDSA87,TLS,,,35,7.4010,411.0700,10.1500,428.6210,1393,13474,45,568,2,12,3,18,165780,66713.0,72124.0,155631.0,0.0,2,2,2,0
rp2040,wolfSSL,MLDSA87,TLS,,,36,7.6990,414.4220,12.8620,434.9830,1393,13474,45,568,2,12,3,18,165780,66641.0,72277.0,154382.0,0.0,2,2,2,0
rp2040,wolfSSL,MLDSA87,TLS,,,37,8.6170,454.2450,35.0180,497.8800,1393,13474,45,568,2,12,3,18,165780,66833.0,70586.0,154152.0,0.0,2,2,2,0
rp2040,wolfSSL,MLDSA87,TLS,,,38,4.3900,413.3780,25.6900,443.4580,1393,13474,45,568,2,12,3,18,165780,66815.0,72376.0,154225.0,0.0,2,2,2,0
rp2040,wolfSSL,MLDSA87,TLS,,,39,6.4320,411.9960,22.6810,441.1090,1393,13474,45,568,2,12,3,18,165780,66430.0,72508.0,156169.0,0.0,2,2,2,0
rp2040,wolfSSL,MLDSA87,TLS,,,40,6.3810,438.8010,469.6780,914.8600,1393,13474,45,568,2,12,3,18,165780,66498.0,72267.0,155434.0,0.0,2,2,2,0
rp2040,wolfSSL,MLDSA87,TLS,,,41,6.7050,415.1720,12.4100,434.2870,1393,13474,45,568,2,12,3,18,165780,66409.0,72203.0,154836.0,0.0,2,2,2,0
rp2040,wolfSSL,MLDSA87,TLS,,,42,16.4020,404.1380,17.7570,438.2970,1393,13474,45,568,2,12,3,18,165780,66637.0,74255.0,154467.0,0.0,2,2,2,0
rp2040,wolfSSL,MLDSA87,TLS,,,43,5.3870,436.6020,27.0790,469.0680,1393,13474,45,568,2,12,3,18,165780,66492.0,70523.0,154392.0,0.0,2,2,2,0
rp2040,wolfSSL,MLDSA87,TLS,,,44,6.7080,422.7200,22.8260,452.2540,1393,13474,45,568,2,12,3,18,165780,66538.0,72189.0,154778.0,0.0,2,2,2,0
rp2040,wolfSSL,MLDSA87,TLS,,,45,4.6350,445.6170,18.8270,469.0790,1393,13474,45,568,2,12,3,18,165780,66435.0,72293.0,154491.0,0.0,2,2,2,0
rp2040,wolfSSL,MLDSA87,TLS,,,46,19.4670,405.5530,17.0110,442.0310,1393,13474,45,568,2,12,3,18,165780,66644.0,72198.0,155542.0,0.0,2,2,2,0
rp2040,wolfSSL,MLDSA87,TLS,,,47,51.5920,406.6460,12.2500,470.4880,1393,13474,45,568,2,12,3,18,165780,66678.0,72610.0,154533.0,0.0,2,2,2,0
rp2040,wolfSSL,MLDSA87,TLS,,,48,8.4630,429.3860,20.1070,457.9560,1393,13474,45,568,2,12,3,18,165780,66654.0,70390.0,155883.0,0.0,2,2,2,0
rp2040,wolfSSL,MLDSA87,TLS,,,49,8.7430,423.4470,46.2100,478.4000,1393,13474,45,568,2,12,3,18,165780,66422.0,74160.0,153964.0,0.0,2,2,2,0
rp2040,wolfSSL,MLDSA87,mTLS,,,0,5.4440,673.2730,53.2740,731.9910,13584,13644,45,15576,4,14,5,20,153244,67038.0,72003.0,156028.0,133274.0,2,2,2,1
rp2040,wolfSSL,MLDSA87,mTLS,,,1,37.4310,1814.3750,95.6010,1947.4070,13584,13644,45,15576,4,14,5,20,153244,66552.0,71912.0,154267.0,1261598.0,2,2,2,1
rp2040,wolfSSL,MLDSA87,mTLS,,,2,6.3740,912.9920,57.7150,977.0810,13584,13644,45,15576,4,14,5,20,153244,66509.0,73650.0,155528.0,366031.0,2,2,2,1
rp2040,wolfSSL,MLDSA87,mTLS,,,3,5.3680,677.3320,67.9450,750.6450,13584,13644,45,15576,4,14,5,21,153244,66399.0,74512.0,153969.0,132470.0,2,2,2,1
rp2040,wolfSSL,MLDSA87,mTLS,,,4,5.3850,1379.7100,60.7030,1445.7980,13584,13644,45,15576,4,14,5,20,153244,66536.0,70291.0,154205.0,813965.0,2,2,2,1
rp2040,wolfSSL,MLDSA87,mTLS,,,5,4.6720,778.3760,64.8480,847.8960,13584,13644,45,15576,4,14,5,20,153244,66547.0,72209.0,155512.0,238164.0,2,2,2,1
rp2040,wolfSSL,MLDSA87,mTLS,,,6,7.7660,680.6980,86.6830,775.1470,13584,13644,45,15576,4,14,5,20,153244,66459.0,71973.0,156396.0,132588.0,2,2,2,1
rp2040,wolfSSL,MLDSA87,mTLS,,,7,5.5210,666.8300,62.0270,734.3780,13584,13644,45,15576,4,14,5,20,153244,66460.0,74121.0,154712.0,133415.0,2,2,2,1
rp2040,wolfSSL,MLDSA87,mTLS,,,8,6.4750,672.9130,61.2990,740.6870,13584,13644,45,15576,4,14,5,22,153244,66408.0,72003.0,154220.0,133229.0,2,2,2,1
rp2040,wolfSSL,MLDSA87,mTLS,,,9,10.4460,773.7740,54.3880,838.6080,13584,13644,45,15576,4,14,5,20,153244,66342.0,71988.0,154274.0,237542.0,2,2,2,1
rp2040,wolfSSL,MLDSA87,mTLS,,,10,21.4570,1018.1820,60.4440,1100.0830,13584,13644,45,15576,4,14,5,20,153244,66519.0,72484.0,156691.0,485632.0,2,2,2,1
rp2040,wolfSSL,MLDSA87,mTLS,,,11,7.4110,795.0810,55.7440,858.2360,13584,13644,45,15576,4,14,5,20,153244,66546.0,74400.0,156049.0,261823.0,2,2,2,1
rp2040,wolfSSL,MLDSA87,mTLS,,,12,7.4320,916.8210,65.7660,990.0190,13584,13644,45,15576,4,14,5,21,153244,66791.0,72600.0,156166.0,369155.0,2,2,2,1
rp2040,wolfSSL,MLDSA87,mTLS,,,13,7.6070,778.7320,59.3470,845.6860,13584,13644,45,15576,4,14,5,22,153244,66469.0,70801.0,154614.0,239039.0,2,2,2,1
rp2040,wolfSSL,MLDSA87,mTLS,,,14,5.6140,894.0810,72.3970,972.0920,13584,13644,45,15576,4,14,5,20,153244,66476.0,70465.0,156294.0,355506.0,2,2,2,1
rp2040,wolfSSL,MLDSA87,mTLS,,,15,8.4260,880.5900,59.2130,948.2290,13584,13644,45,15576,4,14,5,20,153244,66488.0,71643.0,154396.0,346310.0,2,2,2,1
rp2040,wolfSSL,MLDSA87,mTLS,,,16,6.4670,2203.1510,53.2760,2262.8940,13584,13644,45,15576,4,14,5,20,153244,66419.0,71754.0,155925.0,1663146.0,2,2,2,1
rp2040,wolfSSL,MLDSA87,mTLS,,,17,5.4240,1695.7720,65.0390,1766.2350,13584,13644,45,15576,4,14,5,20,153244,66565.0,73869.0,154290.0,1163914.0,2,2,2,1
rp2040,wolfSSL,MLDSA87,mTLS,,,18,7.3830,1493.0180,54.7780,1555.1790,13584,13644,45,15576,4,14,5,20,153244,66542.0,70767.0,156755.0,913448.0,2,2,2,1
rp2040,wolfSSL,MLDSA87,mTLS,,,19,6.7410,894.1490,63.5670,964.4570,13584,13644,45,15576,4,14,5,20,153244,66526.0,70556.0,154808.0,351933.0,2,2,2,1
rp2040,wolfSSL,MLDSA87,mTLS,,,20,7.4070,1391.5240,126.1280,1525.0590,13584,13644,45,15576,4,14,5,20,153244,66726.0,71624.0,154649.0,853464.0,2,2,2,1
rp2040,wolfSSL,MLDSA87,mTLS,,,21,6.4230,1229.7880,122.5140,1358.7250,13584,13644,45,15576,4,14,5,20,153244,66790.0,71872.0,156104.0,651203.0,2,2,2,1
rp2040,wolfSSL,MLDSA87,mTLS,,,22,5.3990,1125.0780,242.3230,1372.8000,13584,13644,45,15576,4,14,5,21,153244,66540.0,70559.0,156093.0,490766.0,2,2,2,1
rp2040,wolfSSL,MLDSA87,mTLS,,,23,3.4780,719.8180,108.0530,831.3490,13584,13644,45,15576,4,14,5,20,153244,66407.0,72398.0,156028.0,132593.0,2,2,2,1
rp2040,wolfSSL,MLDSA87,mTLS,,,24,5.4610,1013.6590,58.4340,1077.5540,13584,13644,45,15576,4,14,5,20,153244,66621.0,70551.0,154535.0,470763.0,2,2,2,1
rp2040,wolfSSL,MLDSA87,mTLS,,,25,6.4000,766.6830,65.3800,838.4630,13584,13644,45,15576,4,14,5,20,153244,66497.0,72124.0,154715.0,236146.0,2,2,2,1
rp2040,wolfSSL,MLDSA87,mTLS,,,26,5.4550,677.3870,52.3380,735.1800,13584,13644,45,15576,4,14,5,20,153244,66411.0,70371.0,155285.0,132456.0,2,2,2,1
rp2040,wolfSSL,MLDSA87,mTLS,,,27,6.4350,675.4770,58.6830,740.5950,13584,13644,45,15576,4,14,5,22,153244,66527.0,70573.0,154270.0,132548.0,2,2,2,1
rp2040,wolfSSL,MLDSA87,mTLS,,,28,5.7140,663.8860,62.6830,732.2830,13584,13644,45,15576,4,14,5,20,153244,66452.0,72174.0,154384.0,132694.0,2,2,2,1
rp2040,wolfSSL,MLDSA87,mTLS,,,29,7.5790,906.5430,60.0730,974.1950,13584,13644,45,15576,4,14,5,20,153244,66538.0,70604.0,154429.0,366616.0,2,2,2,1
rp2040,wolfSSL,MLDSA87,mTLS,,,30,5.3940,877.7420,63.8100,946.9460,13584,13644,45,15576,4,14,5,20,153244,66862.0,73160.0,154198.0,344050.0,2,2,2,1
rp2040,wolfSSL,MLDSA87,mTLS,,,31,7.5650,670.5640,54.5740,732.7030,13584,13644,45,15576,4,14,5,20,153244,66342.0,72381.0,153947.0,132169.0,2,2,2,1
rp2040,wolfSSL,MLDSA87,mTLS,,,32,6.6320,674.8080,52.2590,733.6990,13584,13644,45,15576,4,14,5,20,153244,66631.0,70957.0,154240.0,132629.0,2,2,2,1
rp2040,wolfSSL,MLDSA87,mTLS,,,33,5.4120,1446.0400,59.6150,1511.0670,13584,13644,45,15576,4,14,5,20,153244,66382.0,72805.0,154401.0,913409.0,2,2,2,1
rp2040,wolfSSL,MLDSA87,mTLS,,,34,4.4210,790.8940,66.8250,862.1400,13584,13644,45,15576,4,14,5,20,153244,66430.0,72256.0,154407.0,243037.0,2,2,2,1
rp2040,wolfSSL,MLDSA87,mTLS,,,35,6.4020,781.1520,51.8350,839.3890,13584,13644,45,15576,4,14,5,21,153244,66582.0,71747.0,154472.0,242813.0,2,2,2,1
rp2040,wolfSSL,MLDSA87,mTLS,,,36,5.4350,1592.6520,52.9550,1651.0420,13584,13644,45,15576,4,14,5,20,153244,66635.0,72174.0,154429.0,1051781.0,2,2,2,1
rp2040,wolfSSL,MLDSA87,mTLS,,,37,4.4540,1309.8930,54.3200,1368.6670,13584,13644,45,15576,4,14,5,20,153244,66384.0,71841.0,154447.0,774943.0,2,2,2,1
rp2040,wolfSSL,MLDSA87,mTLS,,,38,4.3960,783.6500,61.8170,849.8630,13584,13644,45,15576,4,14,5,20,153244,66559.0,72418.0,155522.0,239886.0,2,2,2,1
rp2040,wolfSSL,MLDSA87,mTLS,,,39,7.4240,799.0690,53.6400,860.1330,13584,13644,45,15576,4,14,5,20,153244,66522.0,71698.0,154695.0,261510.0,2,2,2,1
rp2040,wolfSSL,MLDSA87,mTLS,,,40,7.4050,1468.6060,56.9780,1532.9890,13584,13644,45,15576,4,14,5,20,153244,66398.0,70626.0,154550.0,931449.0,2,2,2,1
rp2040,wolfSSL,MLDSA87,mTLS,,,41,4.4020,807.4760,52.8270,864.7050,13584,13644,45,15576,4,14,5,20,153244,66568.0,73059.0,156495.0,262720.0,2,2,2,1
rp2040,wolfSSL,MLDSA87,mTLS,,,42,5.5180,669.7330,61.7620,737.0130,13584,13644,45,15576,4,14,5,20,153244,66625.0,72011.0,155535.0,132414.0,2,2,2,1
rp2040,wolfSSL,MLDSA87,mTLS,,,43,6.4830,787.7060,69.2590,863.4480,13584,13644,45,15576,4,14,5,20,153244,66390.0,70629.0,155619.0,249549.0,2,2,2,1
rp2040,wolfSSL,MLDSA87,mTLS,,,44,6.4760,798.9140,56.4940,861.8840,13584,13644,45,15576,4,14,5,20,153244,67357.0,72221.0,154399.0,256522.0,2,2,2,1
rp2040,wolfSSL,MLDSA87,mTLS,,,45,4.3960,992.3640,60.9740,1057.7340,13584,13644,45,15576,4,14,5,20,153244,66789.0,72250.0,154238.0,446349.0,2,2,2,1
rp2040,wolfSSL,MLDSA87,mTLS,,,46,13.6540,893.3600,57.8970,964.9110,13584,13644,45,15576,4,14,5,20,153244,66385.0,72228.0,154661.0,356585.0,2,2,2,1
rp2040,wolfSSL,MLDSA87,mTLS,,,47,5.7680,2027.4370,65.2900,2098.4950,13584,13644,45,15576,4,14,5,20,153244,66542.0,70470.0,154394.0,1489174.0,2,2,2,1
rp2040,wolfSSL,MLDSA87,mTLS,,,48,5.5330,3035.7230,130.3760,3171.6320,13584,13644,45,15576,4,14,5,21,153244,66686.0,71909.0,153981.0,2501891.0,2,2,2,1
rp2040,wolfSSL,MLDSA87,mTLS,,,49,5.3930,1364.6250,55.5850,1425.6030,13584,13644,45,15576,4,14,5,20,153244,66725.0,72445.0,154434.0,830931.0,2,2,2,1
rp2040,wolfSSL,FALCON512,TLS,,,0,21.7000,230.4000,12.4160,264.5160,1391,3822,45,568,2,12,3,18,167444,66231.0,70611.0,15584.0,0.0,2,2,2,0
rp2040,wolfSSL,FALCON512,TLS,,,1,5.5070,227.7080,22.9970,256.2120,1391,3824,45,568,2,12,3,18,167444,66213.0,70388.0,15593.0,0.0,2,2,2,0
rp2040,wolfSSL,FALCON512,TLS,,,2,5.4980,231.4690,19.6720,256.6390,1391,3822,45,568,2,12,3,18,167444,66299.0,69992.0,15636.0,0.0,2,2,2,0
rp2040,wolfSSL,FALCON512,TLS,,,3,5.3980,324.7860,13.4010,343.5850,1391,3824,45,568,2,12,3,18,167444,66118.0,69948.0,15456.0,0.0,2,2,2,0
rp2040,wolfSSL,FALCON512,TLS,,,4,9.6090,228.6460,14.4150,252.6700,1391,3821,45,568,2,12,3,18,167444,66214.0,69924.0,15417.0,0.0,2,2,2,0
rp2040,wolfSSL,FALCON512,TLS,,,5,5.4230,229.8690,12.3890,247.6810,1391,3822,45,568,2,12,3,18,167444,66154.0,70048.0,15609.0,0.0,2,2,2,0
rp2040,wolfSSL,FALCON512,TLS,,,6,6.3980,229.5460,18.1240,254.0680,1391,3824,45,568,2,12,3,18,167444,66350.0,70064.0,15487.0,0.0,2,2,2,0
rp2040,wolfSSL,FALCON512,TLS,,,7,21.6180,229.6300,9.1730,260.4210,1391,3824,45,568,2,12,3,18,167444,66200.0,70058.0,15449.0,0.0,2,2,2,0
rp2040,wolfSSL,FALCON512,TLS,,,8,4.6520,231.9480,49.2530,285.8530,1391,3819,45,568,2,12,3,18,167444,66810.0,70573.0,15450.0,0.0,2,2,2,0
rp2040,wolfSSL,FALCON512,TLS,,,9,19.4200,230.6590,24.7060,274.7850,1391,3816,45,568,2,12,3,18,167444,66125.0,70410.0,15621.0,0.0,2,2,2,0
rp2040,wolfSSL,FALCON512,TLS,,,10,5.6030,228.1080,21.1940,254.9050,1391,3825,45,568,2,12,3,18,167444,66284.0,70110.0,15322.0,0.0,2,2,2,0
rp2040,wolfSSL,FALCON512,TLS,,,11,3.7570,230.7480,16.5320,251.0370,1391,3823,45,568,2,12,3,18,167444,66225.0,70056.0,15406.0,0.0,2,2,2,0
rp2040,wolfSSL,FALCON512,TLS,,,12,8.5520,228.2620,11.5250,248.3390,1391,3820,45,568,2,12,3,18,167444,66260.0,70066.0,15429.0,0.0,2,2,2,0
rp2040,wolfSSL,FALCON512,TLS,,,13,4.4160,228.1890,12.0050,244.6100,1391,3819,45,568,2,12,3,18,167444,66420.0,70273.0,15594.0,0.0,2,2,2,0
rp2040,wolfSSL,FALCON512,TLS,,,14,5.3850,226.7650,12.1630,244.3130,1391,3822,45,568,2,12,3,18,167444,66186.0,70665.0,15457.0,0.0,2,2,2,0
rp2040,wolfSSL,FALCON512,TLS,,,15,13.5800,225.1010,13.1530,251.8340,1391,3825,45,568,2,12,3,18,167444,66327.0,70025.0,15616.0,0.0,2,2,2,0
rp2040,wolfSSL,FALCON512,TLS,,,16,4.3780,230.3400,10.8240,245.5420,1391,3821,45,568,2,12,3,18,167444,66335.0,70040.0,15411.0,0.0,2,2,2,0
rp2040,wolfSSL,FALCON512,TLS,,,17,3.4190,228.3800,13.0280,244.8270,1391,3822,45,568,2,12,3,18,167444,66323.0,70159.0,15464.0,0.0,2,2,2,0
rp2040,wolfSSL,FALCON512,TLS,,,18,4.7390,224.5730,19.1850,248.4970,1391,3825,45,568,2,12,3,18,167444,66166.0,69945.0,15581.0,0.0,2,2,2,0
rp2040,wolfSSL,FALCON512,TLS,,,19,4.4560,229.8460,11.7580,246.0600,1391,3820,45,568,2,12,3,18,167444,66271.0,71499.0,15629.0,0.0,2,2,2,0
rp2040,wolfSSL,FALCON512,TLS,,,20,6.4970,225.9560,16.1280,248.5810,1391,3820,45,568,2,12,3,18,167444,66181.0,71595.0,15479.0,0.0,2,2,2,0
rp2040,wolfSSL,FALCON512,TLS,,,21,5.4500,233.0650,12.6740,251.1890,1391,3822,45,568,2,12,3,18,167444,66451.0,70332.0,15566.0,0.0,2,2,2,0
rp2040,wolfSSL,FALCON512,TLS,,,22,5.4110,224.9640,17.7370,248.1120,1391,3823,45,568,2,12,3,18,167444,66268.0,69951.0,15429.0,0.0,2,2,2,0
rp2040,wolfSSL,FALCON512,TLS,,,23,21.4460,236.1370,12.1030,269.6860,1391,3821,45,568,2,12,3,18,167444,66282.0,70564.0,15489.0,0.0,2,2,2,0
rp2040,wolfSSL,FALCON512,TLS,,,24,5.3870,231.5130,21.9060,258.8060,1391,3824,45,568,2,12,3,18,167444,66124.0,70090.0,15762.0,0.0,2,2,2,0
rp2040,wolfSSL,FALCON512,TLS,,,25,5.5430,230.2950,20.3080,256.1460,1391,3822,45,568,2,12,3,18,167444,66320.0,71445.0,15674.0,0.0,2,2,2,0
rp2040,wolfSSL,FALCON512,TLS,,,26,5.4510,229.2630,11.6240,246.3380,1391,3823,45,568,2,12,3,18,167444,66266.0,69951.0,15488.0,0.0,2,2,2,0
rp2040,wolfSSL,FALCON512,TLS,,,27,7.9120,227.3380,15.2190,250.4690,1391,3820,45,568,2,12,3,18,167444,66429.0,70155.0,15670.0,0.0,2,2,2,0
rp2040,wolfSSL,FALCON512,TLS,,,28,5.3970,231.8490,12.7870,250.0330,1391,3825,45,568,2,12,3,18,167444,66337.0,70806.0,15591.0,0.0,2,2,2,0
rp2040,wolfSSL,FALCON512,TLS,,,29,5.5340,225.9430,13.1000,244.5770,1391,3824,45,568,2,12,3,18,167444,66214.0,70639.0,15452.0,0.0,2,2,2,0
rp2040,wolfSSL,FALCON512,TLS,,,30,5.6030,229.3030,10.8520,245.7580,1391,3822,45,568,2,12,3,18,167444,66193.0,70673.0,15451.0,0.0,2,2,2,0
rp2040,wolfSSL,FALCON512,TLS,,,31,6.4110,225.5730,17.8230,249.8070,1391,3822,45,568,2,12,3,18,167444,66169.0,70534.0,15435.0,0.0,2,2,2,0
rp2040,wolfSSL,FALCON512,TLS,,,32,5.9020,229.1000,11.6420,246.6440,1391,3823,45,568,2,12,3,18,167444,66180.0,70539.0,15431.0,0.0,2,2,2,0
rp2040,wolfSSL,FALCON512,TLS,,,33,4.5370,232.8630,11.5510,248.9510,1391,3823,45,568,2,12,3,18,167444,66295.0,70314.0,15431.0,0.0,2,2,2,0
rp2040,wolfSSL,FALCON512,TLS,,,34,5.4270,229.4240,12.2180,247.0690,1391,3824,45,568,2,12,3,18,167444,66406.0,70540.0,15322.0,0.0,2,2,2,0
rp2040,wolfSSL,FALCON512,TLS,,,35,6.5470,226.4170,14.7040,247.6680,1391,3825,45,568,2,12,3,18,167444,66212.0,70506.0,15480.0,0.0,2,2,2,0
rp2040,wolfSSL,FALCON512,TLS,,,36,6.4760,231.9260,12.1660,250.5680,1391,3823,45,568,2,12,3,18,167444,66263.0,70599.0,15740.0,0.0,2,2,2,0
rp2040,wolfSSL,FALCON512,TLS,,,37,6.4350,225.8210,17.2840,249.5400,1391,3823,45,568,2,12,3,18,167444,66073.0,70445.0,15454.0,0.0,2,2,2,0
rp2040,wolfSSL,FALCON512,TLS,,,38,4.5830,228.6310,11.9640,245.1780,1391,3825,45,568,2,12,3,18,167444,66139.0,70393.0,15330.0,0.0,2,2,2,0
rp2040,wolfSSL,FALCON512,TLS,,,39,8.4070,228.2410,17.6050,254.2530,1391,3827,45,568,2,12,3,18,167444,66216.0,70520.0,15311.0,0.0,2,2,2,0
rp2040,wolfSSL,FALCON512,TLS,,,40,5.4440,228.9880,12.9470,247.3790,1391,3825,45,568,2,12,3,18,167444,66322.0,70605.0,15436.0,0.0,2,2,2,0
rp2040,wolfSSL,FALCON512,TLS,,,41,4.4120,226.8570,15.2020,246.4710,1391,3822,45,568,2,12,3,18,167444,66270.0,70918.0,15588.0,0.0,2,2,2,0
rp2040,wolfSSL,FALCON512,TLS,,,42,4.6540,229.2930,14.3130,248.2600,1391,3828,45,568,2,12,3,18,167444,66200.0,69957.0,15544.0,0.0,2,2,2,0
rp2040,wolfSSL,FALCON512,TLS,,,43,5.4950,227.4720,12.4150,245.3820,1391,3824,45,568,2,12,3,18,167444,66103.0,70097.0,15334.0,0.0,2,2,2,0
rp2040,wolfSSL,FALCON512,TLS,,,44,4.5410,232.3420,11.6310,248.5140,1391,3824,45,568,2,12,3,18,167444,66195.0,70099.0,15564.0,0.0,2,2,2,0
rp2040,wolfSSL,FALCON512,TLS,,,45,5.5910,228.8030,14.4710,248.8650,1391,3825,45,568,2,12,3,18,167444,66226.0,70064.0,15584.0,0.0,2,2,2,0
rp2040,wolfSSL,FALCON512,TLS,,,46,5.4990,228.8970,11.3530,245.7490,1391,3823,45,568,2,12,3,18,167444,66451.0,71122.0,15683.0,0.0,2,2,2,0
rp2040,wolfSSL,FALCON512,TLS,,,47,6.3900,225.3680,17.1890,248.9470,1391,3819,45,568,2,12,3,18,167444,66304.0,70067.0,15598.0,0.0,2,2,2,0
rp2040,wolfSSL,FALCON512,TLS,,,48,20.4310,236.0000,8.5550,264.9860,1391,3824,45,568,2,12,3,18,167444,66307.0,71583.0,15620.0,0.0,2,2,2,0
rp2040,wolfSSL,FALCON512,TLS,,,49,4.6840,230.3110,24.4850,259.4800,1391,3822,45,568,2,12,3,18,167444,66299.0,69961.0,15449.0,0.0,2,2,2,0
rp2040,wolfSSL,FALCON512,mTLS,,,0,7.6790,1247.7240,33.3350,1288.7380,3935,3995,45,4216,4,14,5,20,163348,66337.0,70164.0,15446.0,1002425.0,2,2,2,1
rp2040,wolfSSL,FALCON512,mTLS,,,1,6.4170,1248.3520,29.4110,1284.1800,3934,3989,45,4216,4,14,5,20,163348,66617.0,69943.0,15789.0,1005852.0,2,2,2,1
rp2040,wolfSSL,FALCON512,mTLS,,,2,5.3950,1254.8140,23.5000,1283.7090,3937,3994,45,4216,4,14,5,20,163348,66419.0,70128.0,15495.0,1006749.0,2,2,2,1
rp2040,wolfSSL,FALCON512,mTLS,,,3,4.3870,1247.9030,36.6460,1288.9360,3930,3994,45,4216,4,14,5,20,163348,66098.0,70626.0,15595.0,1002812.0,2,2,2,1
rp2040,wolfSSL,FALCON512,mTLS,,,4,4.4790,1248.6260,284.9300,1538.0350,3934,3992,45,4216,4,14,5,20,163348,66276.0,70062.0,15582.0,1006749.0,2,2,2,1
rp2040,wolfSSL,FALCON512,mTLS,,,5,5.5330,1246.4320,32.8230,1284.7880,3936,3992,45,4216,4,14,5,20,163348,66280.0,70060.0,15648.0,999511.0,2,2,2,1
rp2040,wolfSSL,FALCON512,mTLS,,,6,4.7380,1247.6030,33.1230,1285.4640,3934,3992,45,4216,4,14,5,20,163348,66345.0,71363.0,15772.0,999365.0,2,2,2,1
rp2040,wolfSSL,FALCON512,mTLS,,,7,20.5210,1245.5460,22.9190,1288.9860,3931,3995,45,4216,4,14,5,20,163348,66284.0,70603.0,15619.0,997944.0,2,2,2,1
rp2040,wolfSSL,FALCON512,mTLS,,,8,6.4290,1251.7660,34.6000,1292.7950,3935,3996,45,4216,4,14,5,20,163348,66189.0,70482.0,15472.0,1006979.0,2,2,2,1
rp2040,wolfSSL,FALCON512,mTLS,,,9,4.6870,1247.5100,27.0840,1279.2810,3933,3997,45,4216,4,14,5,20,163348,66302.0,70177.0,15435.0,1003585.0,2,2,2,1
rp2040,wolfSSL,FALCON512,mTLS,,,10,4.3960,1249.9100,23.8250,1278.1310,3937,3995,45,4216,4,14,5,20,163348,66285.0,70068.0,15593.0,1003858.0,2,2,2,1
rp2040,wolfSSL,FALCON512,mTLS,,,11,5.3960,1246.7420,29.5370,1281.6750,3930,3991,45,4216,4,14,5,20,163348,66275.0,70029.0,15551.0,1002458.0,2,2,2,1
rp2040,wolfSSL,FALCON512,mTLS,,,12,7.6910,1244.9410,29.9110,1282.5430,3930,3990,45,4216,4,14,5,20,163348,66171.0,70077.0,15587.0,1002456.0,2,2,2,1
rp2040,wolfSSL,FALCON512,mTLS,,,13,15.4150,1256.5900,24.9960,1297.0010,3934,3990,45,4216,4,14,5,20,163348,66076.0,70699.0,15485.0,1002673.0,2,2,2,1
rp2040,wolfSSL,FALCON512,mTLS,,,14,4.7810,1241.4710,34.3150,1280.5670,3936,3994,45,4216,4,14,5,20,163348,66073.0,70100.0,15431.0,997807.0,2,2,2,1
rp2040,wolfSSL,FALCON512,mTLS,,,15,4.3750,1246.3170,29.2480,1279.9400,3935,3989,45,4216,4,14,5,20,163348,66172.0,70132.0,15610.0,1001110.0,2,2,2,1
rp2040,wolfSSL,FALCON512,mTLS,,,16,4.6070,1243.4480,31.7130,1279.7680,3933,3994,45,4216,4,14,5,20,163348,66320.0,70188.0,15395.0,995685.0,2,2,2,1
rp2040,wolfSSL,FALCON512,mTLS,,,17,5.7500,1238.8080,31.3320,1275.8900,3935,3995,45,4216,4,14,5,20,163348,66219.0,69975.0,15545.0,999049.0,2,2,2,1
rp2040,wolfSSL,FALCON512,mTLS,,,18,7.3810,1244.1750,26.4490,1278.0050,3936,3992,45,4216,4,14,5,20,163348,66246.0,71195.0,15677.0,999864.0,2,2,2,1
rp2040,wolfSSL,FALCON512,mTLS,,,19,5.4440,1244.5410,30.2950,1280.2800,3930,3994,45,4216,4,14,5,20,163348,66201.0,70569.0,15451.0,999736.0,2,2,2,1
rp2040,wolfSSL,FALCON512,mTLS,,,20,5.5180,1247.5260,28.8170,1281.8610,3935,3995,45,4216,4,14,5,20,163348,66104.0,69942.0,15585.0,1000148.0,2,2,2,1
rp2040,wolfSSL,FALCON512,mTLS,,,21,4.8490,1247.8800,22.1480,1274.8770,3937,3990,45,4216,4,14,5,20,163348,66440.0,71550.0,15543.0,1002420.0,2,2,2,1
rp2040,wolfSSL,FALCON512,mTLS,,,22,4.4250,1241.4350,29.7000,1275.5600,3934,3990,45,4216,4,14,5,20,163348,66304.0,69921.0,15410.0,1001586.0,2,2,2,1
rp2040,wolfSSL,FALCON512,mTLS,,,23,18.5990,1251.0860,23.2430,1292.9280,3934,3994,45,4216,4,14,5,20,163348,66206.0,71367.0,15466.0,999511.0,2,2,2,1
rp2040,wolfSSL,FALCON512,mTLS,,,24,7.3820,1251.1960,23.3260,1281.9040,3932,3995,45,4216,4,14,5,20,163348,66304.0,71595.0,15758.0,999484.0,2,2,2,1
rp2040,wolfSSL,FALCON512,mTLS,,,25,4.8870,1245.7880,31.2180,1281.8930,3935,3993,45,4216,4,14,5,20,163348,66097.0,70343.0,15558.0,999657.0,2,2,2,1
rp2040,wolfSSL,FALCON512,mTLS,,,26,5.4030,1251.9070,24.2270,1281.5370,3935,3996,45,4216,4,14,5,20,163348,66317.0,70085.0,15555.0,1003733.0,2,2,2,1
rp2040,wolfSSL,FALCON512,mTLS,,,27,5.7260,1240.8090,34.3620,1280.8970,3936,3994,45,4216,4,14,5,20,163348,66253.0,70085.0,15579.0,997653.0,2,2,2,1
rp2040,wolfSSL,FALCON512,mTLS,,,28,11.4010,1238.8920,30.2220,1280.5150,3935,3993,45,4216,4,14,5,20,163348,66678.0,69883.0,15406.0,1000662.0,2,2,2,1
rp2040,wolfSSL,FALCON512,mTLS,,,29,6.3970,1247.4710,25.5350,1279.4030,3932,3994,45,4216,4,14,5,20,163348,66365.0,70136.0,15649.0,1002862.0,2,2,2,1
rp2040,wolfSSL,FALCON512,mTLS,,,30,20.3940,1261.4980,35.0060,1316.8980,3938,3995,45,4216,4,14,5,20,163348,66320.0,70457.0,15718.0,1008409.0,2,2,2,1
rp2040,wolfSSL,FALCON512,mTLS,,,31,15.0220,1245.4230,25.4360,1285.8810,3932,3992,45,4216,4,14,5,20,163348,66156.0,70061.0,15435.0,1003408.0,2,2,2,1
rp2040,wolfSSL,FALCON512,mTLS,,,32,5.5900,1241.2860,22.4200,1269.2960,3934,3994,45,4216,4,14,5,20,163348,66288.0,70149.0,15428.0,997725.0,2,2,2,1
rp2040,wolfSSL,FALCON512,mTLS,,,33,4.5860,1247.6980,37.3550,1289.6390,3935,3992,45,4216,4,14,5,20,163348,66374.0,70108.0,15588.0,1002365.0,2,2,2,1
rp2040,wolfSSL,FALCON512,mTLS,,,34,5.3990,1240.6870,26.2720,1272.3580,3936,3991,45,4216,4,14,5,20,163348,66170.0,70142.0,15660.0,999027.0,2,2,2,1
rp2040,wolfSSL,FALCON512,mTLS,,,35,7.6360,1242.3010,25.9450,1275.8820,3931,3993,45,4216,4,14,5,20,163348,66235.0,70096.0,15408.0,998697.0,2,2,2,1
rp2040,wolfSSL,FALCON512,mTLS,,,36,7.4050,1243.1200,31.8210,1282.3460,3933,3995,45,4216,4,14,5,20,163348,66113.0,70434.0,15629.0,1000365.0,2,2,2,1
rp2040,wolfSSL,FALCON512,mTLS,,,37,5.6670,1242.0490,24.0300,1271.7460,3935,3996,45,4216,4,14,5,20,163348,66114.0,70050.0,15488.0,998151.0,2,2,2,1
rp2040,wolfSSL,FALCON512,mTLS,,,38,4.7100,1241.6680,33.9840,1280.3620,3934,3993,45,4216,4,14,5,20,163348,66437.0,70070.0,15761.0,998543.0,2,2,2,1
rp2040,wolfSSL,FALCON512,mTLS,,,39,5.3770,1249.2110,31.7000,1286.2880,3932,3993,45,4216,4,14,5,20,163348,66290.0,70051.0,15581.0,1002354.0,2,2,2,1
rp2040,wolfSSL,FALCON512,mTLS,,,40,16.4080,1253.7200,21.9860,1292.1140,3933,3993,45,4216,4,14,5,20,163348,66304.0,70053.0,15651.0,1000870.0,2,2,2,1
rp2040,wolfSSL,FALCON512,mTLS,,,41,4.3940,1250.7960,26.2870,1281.4770,3936,3994,45,4216,4,14,5,21,163348,66162.0,70043.0,15456.0,1005755.0,2,2,2,1
rp2040,wolfSSL,FALCON512,mTLS,,,42,6.3710,1246.1060,29.2460,1281.7230,3935,3992,45,4216,4,14,5,20,163348,66208.0,70290.0,15464.0,1001747.0,2,2,2,1
rp2040,wolfSSL,FALCON512,mTLS,,,43,18.7030,1252.5010,22.9250,1294.1290,3932,3992,45,4216,4,14,5,20,163348,66227.0,70092.0,15443.0,999016.0,2,2,2,1
rp2040,wolfSSL,FALCON512,mTLS,,,44,7.5280,1247.0830,32.9480,1287.5590,3931,3991,45,4216,4,14,5,20,163348,66363.0,70066.0,15570.0,1003481.0,2,2,2,1
rp2040,wolfSSL,FALCON512,mTLS,,,45,5.3870,1239.9160,32.1320,1277.4350,3936,3992,45,4216,4,14,5,20,163348,66222.0,70000.0,15607.0,998887.0,2,2,2,1
rp2040,wolfSSL,FALCON512,mTLS,,,46,19.7170,1254.3060,22.1010,1296.1240,3934,3987,45,4216,4,14,5,20,163348,66226.0,70165.0,15588.0,999313.0,2,2,2,1
rp2040,wolfSSL,FALCON512,mTLS,,,47,4.7410,1241.6540,32.5160,1278.9110,3934,3995,45,4216,4,14,5,20,163348,66103.0,70518.0,15599.0,998106.0,2,2,2,1
rp2040,wolfSSL,FALCON512,mTLS,,,48,5.4630,1242.8240,32.3040,1280.5910,3933,3993,45,4216,4,14,5,20,163348,66217.0,71652.0,15568.0,999317.0,2,2,2,1
rp2040,wolfSSL,FALCON512,mTLS,,,49,6.3980,1249.8130,23.9130,1280.1240,3935,3990,45,4216,4,14,5,20,163348,66405.0,69957.0,15421.0,1003133.0,2,2,2,1
rp2040,wolfSSL,FALCON1024,TLS,,,0,17.3940,246.3590,19.4880,283.2410,1391,5953,45,568,2,12,3,18,166548,66332.0,72492.0,31360.0,0.0,2,2,2,0
rp2040,wolfSSL,FALCON1024,TLS,,,1,4.8520,258.5790,8.5900,272.0210,1391,5954,45,568,2,12,3,18,166548,66260.0,71973.0,31260.0,0.0,2,2,2,0
rp2040,wolfSSL,FALCON1024,TLS,,,2,5.4430,256.7740,8.7820,270.9990,1391,5958,45,568,2,12,3,18,166548,66250.0,70643.0,31257.0,0.0,2,2,2,0
rp2040,wolfSSL,FALCON1024,TLS,,,3,5.3910,246.6820,12.1860,264.2590,1391,5956,45,568,2,12,3,18,166548,66274.0,71873.0,31524.0,0.0,2,2,2,0
rp2040,wolfSSL,FALCON1024,TLS,,,4,7.5750,254.1460,9.3760,271.0970,1391,5953,45,568,2,12,3,18,166548,66253.0,71523.0,31418.0,0.0,2,2,2,0
rp2040,wolfSSL,FALCON1024,TLS,,,5,7.4130,247.7520,9.2250,264.3900,1391,5955,45,568,2,12,3,18,166548,66359.0,71480.0,31097.0,0.0,2,2,2,0
rp2040,wolfSSL,FALCON1024,TLS,,,6,16.3900,245.8390,13.8120,276.0410,1391,5955,45,568,2,12,3,18,166548,66357.0,72477.0,31338.0,0.0,2,2,2,0
rp2040,wolfSSL,FALCON1024,TLS,,,7,5.5960,255.3800,13.1170,274.0930,1391,5956,45,568,2,12,3,18,166548,66381.0,72305.0,31297.0,0.0,2,2,2,0
rp2040,wolfSSL,FALCON1024,TLS,,,8,5.3970,257.0570,9.0330,271.4870,1391,5955,45,568,2,12,3,18,166548,66515.0,70436.0,31104.0,0.0,2,2,2,0
rp2040,wolfSSL,FALCON1024,TLS,,,9,6.3890,251.6190,15.2460,273.2540,1391,5959,45,568,2,12,3,18,166548,66282.0,72037.0,31454.0,0.0,2,2,2,0
rp2040,wolfSSL,FALCON1024,TLS,,,10,5.4070,253.4950,11.2920,270.1940,1391,5954,45,568,2,12,3,18,166548,66148.0,70642.0,31016.0,0.0,2,2,2,0
rp2040,wolfSSL,FALCON1024,TLS,,,11,5.5410,246.7590,10.3790,262.6790,1391,5961,45,568,2,12,3,18,166548,66659.0,71836.0,31304.0,0.0,2,2,2,0
rp2040,wolfSSL,FALCON1024,TLS,,,12,6.3870,251.2120,10.7100,268.3090,1391,5956,45,568,2,12,3,18,166548,66390.0,70326.0,31523.0,0.0,2,2,2,0
rp2040,wolfSSL,FALCON1024,TLS,,,13,11.6980,246.3960,9.0780,267.1720,1391,5959,45,568,2,12,3,18,166548,66354.0,71524.0,31119.0,0.0,2,2,2,0
rp2040,wolfSSL,FALCON1024,TLS,,,14,19.5730,256.0310,11.3450,286.9490,1391,5958,45,568,2,12,3,18,166548,66180.0,70242.0,31267.0,0.0,2,2,2,0
rp2040,wolfSSL,FALCON1024,TLS,,,15,5.5780,247.1160,28.1310,280.8250,1391,5954,45,568,2,12,3,18,166548,66276.0,71301.0,31470.0,0.0,2,2,2,0
rp2040,wolfSSL,FALCON1024,TLS,,,16,5.5400,254.7200,13.6390,273.8990,1391,5956,45,568,2,12,3,18,166548,66272.0,72665.0,31356.0,0.0,2,2,2,0
rp2040,wolfSSL,FALCON1024,TLS,,,17,20.3950,258.2480,12.7420,291.3850,1391,5954,45,568,2,12,3,18,166548,66317.0,70567.0,31527.0,0.0,2,2,2,0
rp2040,wolfSSL,FALCON1024,TLS,,,18,7.7190,247.5930,8.4200,263.7320,1391,5954,45,568,2,12,3,18,166548,66279.0,71967.0,31423.0,0.0,2,2,2,0
rp2040,wolfSSL,FALCON1024,TLS,,,19,17.3980,260.5040,23.7670,301.6690,1391,5957,45,568,2,12,3,18,166548,66217.0,70283.0,31428.0,0.0,2,2,2,0
rp2040,wolfSSL,FALCON1024,TLS,,,20,16.4260,265.6190,10.0920,292.1370,1391,5965,45,568,2,12,3,18,166548,66204.0,71438.0,31503.0,0.0,2,2,2,0
rp2040,wolfSSL,FALCON1024,TLS,,,21,5.4340,254.2950,14.8160,274.5450,1391,5957,45,568,2,12,3,18,166548,66383.0,70246.0,31298.0,0.0,2,2,2,0
rp2040,wolfSSL,FALCON1024,TLS,,,22,6.4700,246.8460,46.9880,300.3040,1391,5955,45,568,2,12,3,18,166548,66207.0,71457.0,31247.0,0.0,2,2,2,0
rp2040,wolfSSL,FALCON1024,TLS,,,23,8.4000,245.6330,22.1770,276.2100,1391,5956,45,568,2,12,3,18,166548,66258.0,73088.0,31510.0,0.0,2,2,2,0
rp2040,wolfSSL,FALCON1024,TLS,,,24,5.4000,263.3420,8.1560,276.8980,1391,5960,45,568,2,12,3,18,166548,66225.0,71619.0,31533.0,0.0,2,2,2,0
rp2040,wolfSSL,FALCON1024,TLS,,,25,10.3930,250.4450,8.4370,269.2750,1391,5956,45,568,2,12,3,18,166548,66342.0,71555.0,31252.0,0.0,2,2,2,0
rp2040,wolfSSL,FALCON1024,TLS,,,26,8.9740,252.2070,10.0370,271.2180,1391,5956,45,568,2,12,3,18,166548,66223.0,71578.0,31130.0,0.0,2,2,2,0
rp2040,wolfSSL,FALCON1024,TLS,,,27,14.7640,261.4830,11.5760,287.8230,1391,5953,45,568,2,12,3,18,166548,66294.0,70114.0,31362.0,0.0,2,2,2,0
rp2040,wolfSSL,FALCON1024,TLS,,,28,10.4910,254.4010,22.2430,287.1350,1391,5956,45,568,2,12,3,18,166548,66238.0,71295.0,31237.0,0.0,2,2,2,0
rp2040,wolfSSL,FALCON1024,TLS,,,29,6.4360,253.3610,14.3700,274.1670,1391,5962,45,568,2,12,3,18,166548,66282.0,71719.0,31390.0,0.0,2,2,2,0
rp2040,wolfSSL,FALCON1024,TLS,,,30,16.3980,256.7440,8.2810,281.4230,1391,5954,45,568,2,12,3,18,166548,66163.0,71282.0,31452.0,0.0,2,2,2,0
rp2040,wolfSSL,FALCON1024,TLS,,,31,4.5710,256.8270,12.1670,273.5650,1391,5959,45,568,2,12,3,18,166548,66349.0,70379.0,31422.0,0.0,2,2,2,0
rp2040,wolfSSL,FALCON1024,TLS,,,32,26.7520,245.8330,20.1280,292.7130,1391,5956,45,568,2,12,3,18,166548,66330.0,71602.0,31229.0,0.0,2,2,2,0
rp2040,wolfSSL,FALCON1024,TLS,,,33,5.7590,259.1810,8.3140,273.2540,1391,5952,45,568,2,12,3,18,166548,66346.0,71366.0,31397.0,0.0,2,2,2,0
rp2040,wolfSSL,FALCON1024,TLS,,,34,16.6230,267.8560,8.6410,293.1200,1391,5958,45,568,2,12,3,18,166548,66237.0,70718.0,31328.0,0.0,2,2,2,0
rp2040,wolfSSL,FALCON1024,TLS,,,35,6.4000,248.0140,11.5570,265.9710,1391,5961,45,568,2,12,3,18,166548,66283.0,71817.0,31448.0,0.0,2,2,2,0
rp2040,wolfSSL,FALCON1024,TLS,,,36,9.5040,254.0230,11.5860,275.1130,1391,5951,45,568,2,12,3,18,166548,66221.0,70483.0,31266.0,0.0,2,2,2,0
rp2040,wolfSSL,FALCON1024,TLS,,,37,8.9780,253.3680,26.9910,289.3370,1391,5954,45,568,2,12,3,18,166548,66416.0,71926.0,31416.0,0.0,2,2,2,0
rp2040,wolfSSL,FALCON1024,TLS,,,38,5.4110,259.2130,8.6170,273.2410,1391,5953,45,568,2,12,3,18,166548,66331.0,71442.0,31292.0,0.0,2,2,2,0
rp2040,wolfSSL,FALCON1024,TLS,,,39,15.4440,246.9790,15.3700,277.7930,1391,5952,45,568,2,12,3,18,166548,66263.0,71590.0,31394.0,0.0,2,2,2,0
rp2040,wolfSSL,FALCON1024,TLS,,,40,9.5580,247.3490,12.0110,268.9180,1391,5957,45,568,2,12,3,18,166548,66347.0,71370.0,31205.0,0.0,2,2,2,0
rp2040,wolfSSL,FALCON1024,TLS,,,41,4.5050,257.2640,15.0030,276.7720,1391,5955,45,568,2,12,3,18,166548,66258.0,70190.0,31107.0,0.0,2,2,2,0
rp2040,wolfSSL,FALCON1024,TLS,,,42,21.4020,246.2370,19.4620,287.1010,1391,5956,45,568,2,12,3,18,166548,66280.0,71897.0,31368.0,0.0,2,2,2,0
rp2040,wolfSSL,FALCON1024,TLS,,,43,4.4030,259.7440,8.8810,273.0280,1391,5958,45,568,2,12,3,18,166548,66334.0,72369.0,31426.0,0.0,2,2,2,0
rp2040,wolfSSL,FALCON1024,TLS,,,44,18.4250,244.0480,10.4650,272.9380,1391,5957,45,568,2,12,3,18,166548,66573.0,72227.0,31424.0,0.0,2,2,2,0
rp2040,wolfSSL,FALCON1024,TLS,,,45,4.6160,254.4860,11.6950,270.7970,1391,5953,45,568,2,12,3,18,166548,66190.0,72154.0,31274.0,0.0,2,2,2,0
rp2040,wolfSSL,FALCON1024,TLS,,,46,5.4020,254.6270,8.4860,268.5150,1391,5956,45,568,2,12,3,18,166548,66469.0,70395.0,31446.0,0.0,2,2,2,0
rp2040,wolfSSL,FALCON1024,TLS,,,47,5.4720,254.4180,11.3050,271.1950,1391,5953,45,568,2,12,3,18,166548,66352.0,72032.0,31323.0,0.0,2,2,2,0
rp2040,wolfSSL,FALCON1024,TLS,,,48,20.7420,258.7410,9.1210,288.6040,1391,5958,45,568,2,12,3,18,166548,66345.0,71401.0,31145.0,0.0,2,2,2,0
rp2040,wolfSSL,FALCON1024,TLS,,,49,4.4150,257.0910,11.5190,273.0250,1391,5957,45,568,2,12,3,18,166548,66118.0,70715.0,31485.0,0.0,2,2,2,0
rp2040,wolfSSL,FALCON1024,mTLS,,,0,4.4170,2460.1940,89.2840,2553.8950,6065,6129,45,7224,4,14,5,20,159020,66348.0,71874.0,31116.0,2188118.0,2,2,2,1
rp2040,wolfSSL,FALCON1024,mTLS,,,1,6.4360,2458.6120,87.8480,2552.8960,6058,6126,45,7224,4,14,5,20,159020,66722.0,71369.0,31825.0,2183891.0,2,2,2,1
rp2040,wolfSSL,FALCON1024,mTLS,,,2,6.3800,2445.2310,101.5080,2553.1190,6060,6123,45,7224,4,14,5,20,159020,66172.0,71439.0,31112.0,2173014.0,2,2,2,1
rp2040,wolfSSL,FALCON1024,mTLS,,,3,10.4040,2457.2870,83.4780,2551.1690,6059,6132,45,7224,4,14,5,20,159020,66284.0,71279.0,31213.0,2185726.0,2,2,2,1
rp2040,wolfSSL,FALCON1024,mTLS,,,4,5.4540,2450.4080,97.3640,2553.2260,6059,6125,45,7224,4,14,5,20,159020,66201.0,73454.0,31104.0,2179131.0,2,2,2,1
rp2040,wolfSSL,FALCON1024,mTLS,,,5,5.4070,2451.3220,96.1050,2552.8340,6063,6132,45,7224,4,14,5,20,159020,66223.0,72039.0,31439.0,2179558.0,2,2,2,1
rp2040,wolfSSL,FALCON1024,mTLS,,,6,7.3880,2452.1950,93.8740,2553.4570,6058,6128,45,7224,4,14,5,20,159020,66291.0,71607.0,31321.0,2180743.0,2,2,2,1
rp2040,wolfSSL,FALCON1024,mTLS,,,7,6.8520,2457.7150,40.5630,2505.1300,6061,6130,45,7224,4,14,5,20,159020,66403.0,71346.0,31368.0,2185488.0,2,2,2,1
rp2040,wolfSSL,FALCON1024,mTLS,,,8,4.8750,2460.1410,116.1850,2581.2010,6055,6124,45,7224,4,14,5,20,159020,66306.0,70734.0,31314.0,2177928.0,2,2,2,1
rp2040,wolfSSL,FALCON1024,mTLS,,,9,10.7240,2450.1600,89.7420,2550.6260,6056,6127,45,7224,4,14,5,20,159020,66340.0,71981.0,31406.0,2178270.0,2,2,2,1
rp2040,wolfSSL,FALCON1024,mTLS,,,10,7.3990,2457.4850,89.0250,2553.9090,6057,6125,45,7224,4,14,5,20,159020,66487.0,71745.0,31393.0,2184595.0,2,2,2,1
rp2040,wolfSSL,FALCON1024,mTLS,,,11,18.4290,2448.6960,85.2600,2552.3850,6060,6130,45,7224,4,14,5,20,159020,66214.0,71419.0,31423.0,2177399.0,2,2,2,1
rp2040,wolfSSL,FALCON1024,mTLS,,,12,4.6790,2456.7800,91.9340,2553.3930,6062,6127,45,7224,4,14,5,20,159020,66218.0,71478.0,31454.0,2185008.0,2,2,2,1
rp2040,wolfSSL,FALCON1024,mTLS,,,13,3.7900,2448.8770,97.3920,2550.0590,6055,6128,45,7224,4,14,5,20,159020,66176.0,71969.0,31836.0,2172728.0,2,2,2,1
rp2040,wolfSSL,FALCON1024,mTLS,,,14,7.6100,2455.0690,44.5850,2507.2640,6061,6122,45,7224,4,14,5,20,159020,66362.0,71494.0,31260.0,2179726.0,2,2,2,1
rp2040,wolfSSL,FALCON1024,mTLS,,,15,19.5870,2463.9370,113.4890,2597.0130,6055,6129,45,7224,4,14,5,20,159020,66422.0,70177.0,31222.0,2181729.0,2,2,2,1
rp2040,wolfSSL,FALCON1024,mTLS,,,16,5.3850,2451.1390,96.2330,2552.7570,6058,6127,45,7224,4,14,5,20,159020,66322.0,71452.0,31395.0,2178953.0,2,2,2,1
rp2040,wolfSSL,FALCON1024,mTLS,,,17,9.7230,2450.8480,92.3440,2552.9150,6058,6134,45,7224,4,14,5,20,159020,66195.0,71854.0,31353.0,2179452.0,2,2,2,1
rp2040,wolfSSL,FALCON1024,mTLS,,,18,6.4180,2458.3810,88.0990,2552.8980,6058,6125,45,7224,4,14,5,20,159020,66152.0,71402.0,31284.0,2185271.0,2,2,2,1
rp2040,wolfSSL,FALCON1024,mTLS,,,19,7.4140,2450.3580,95.2100,2552.9820,6055,6122,45,7224,4,14,5,20,159020,66320.0,71428.0,31239.0,2177819.0,2,2,2,1
rp2040,wolfSSL,FALCON1024,mTLS,,,20,5.3840,2454.1470,93.4840,2553.0150,6062,6125,45,7224,4,14,5,20,159020,66283.0,71580.0,31398.0,2179398.0,2,2,2,1
rp2040,wolfSSL,FALCON1024,mTLS,,,21,6.3770,2448.6660,446.6080,2901.6510,6057,6121,45,7224,4,14,5,20,159020,66165.0,71938.0,31569.0,2174926.0,2,2,2,1
rp2040,wolfSSL,FALCON1024,mTLS,,,22,11.5730,2449.7310,148.5630,2609.8670,6063,6130,45,7224,4,14,5,20,159020,66145.0,71391.0,31319.0,2177154.0,2,2,2,1
rp2040,wolfSSL,FALCON1024,mTLS,,,23,2642.5360,2460.0660,216.0060,5318.6080,6056,6123,45,7224,4,14,5,20,159020,66329.0,70030.0,31496.0,2182310.0,2,2,2,1
rp2040,wolfSSL,FALCON1024,mTLS,,,24,7.4660,2453.1200,88.0110,2548.5970,6056,6128,45,7224,4,14,5,20,159020,66345.0,71492.0,31680.0,2181242.0,2,2,2,1
rp2040,wolfSSL,FALCON1024,mTLS,,,25,5.3920,2445.6180,104.1470,2555.1570,6052,6128,45,7224,4,14,5,20,159020,66227.0,71374.0,31437.0,2173337.0,2,2,2,1
rp2040,wolfSSL,FALCON1024,mTLS,,,26,5.3990,2452.1420,89.3190,2546.8600,6061,6127,45,7224,4,14,5,20,159020,66263.0,71473.0,31302.0,2180410.0,2,2,2,1
rp2040,wolfSSL,FALCON1024,mTLS,,,27,5.6130,2458.6580,93.0170,2557.2880,6056,6132,45,7224,4,14,5,20,159020,66463.0,72120.0,31425.0,2183835.0,2,2,2,1
rp2040,wolfSSL,FALCON1024,mTLS,,,28,5.5090,2451.3900,95.3550,2552.2540,6060,6127,45,7224,4,14,5,20,159020,66303.0,71551.0,31412.0,2180543.0,2,2,2,1
rp2040,wolfSSL,FALCON1024,mTLS,,,29,5.4040,2453.2370,93.6440,2552.2850,6054,6128,45,7224,4,14,5,20,159020,66266.0,71490.0,31259.0,2181429.0,2,2,2,1
rp2040,wolfSSL,FALCON1024,mTLS,,,30,5.5220,2445.0650,102.9500,2553.5370,6063,6126,45,7224,4,14,5,20,159020,66339.0,71392.0,31431.0,2173411.0,2,2,2,1
rp2040,wolfSSL,FALCON1024,mTLS,,,31,4.6290,2448.7320,99.6910,2553.0520,6067,6126,45,7224,4,14,5,20,159020,66253.0,71971.0,31325.0,2176471.0,2,2,2,1
rp2040,wolfSSL,FALCON1024,mTLS,,,32,4.6650,2445.7840,100.3200,2550.7690,6055,6129,45,7224,4,14,5,20,159020,66447.0,71610.0,31254.0,2172975.0,2,2,2,1
rp2040,wolfSSL,FALCON1024,mTLS,,,33,26.4160,2456.4850,81.3720,2564.2730,6059,6126,45,7224,4,14,5,20,159020,66219.0,71531.0,31259.0,2185745.0,2,2,2,1
rp2040,wolfSSL,FALCON1024,mTLS,,,34,18.7320,2464.8840,56.3910,2540.0070,6059,6131,45,7224,4,14,5,20,159020,66273.0,70839.0,31438.0,2181526.0,2,2,2,1
rp2040,wolfSSL,FALCON1024,mTLS,,,35,7.6090,2444.3520,100.6350,2552.5960,6053,6130,45,7224,4,14,5,20,159020,66160.0,71816.0,31435.0,2175158.0,2,2,2,1
rp2040,wolfSSL,FALCON1024,mTLS,,,36,5.6150,2455.9810,91.7860,2553.3820,6058,6130,45,7224,4,14,5,20,159020,66286.0,71870.0,31322.0,2182565.0,2,2,2,1
rp2040,wolfSSL,FALCON1024,mTLS,,,37,5.7610,2453.7750,93.0010,2552.5370,6060,6130,45,7224,4,14,5,20,159020,66433.0,71485.0,31440.0,2182630.0,2,2,2,1
rp2040,wolfSSL,FALCON1024,mTLS,,,38,6.3980,2450.2850,98.2580,2554.9410,6060,6126,45,7224,4,14,5,20,159020,66408.0,73426.0,31478.0,2177757.0,2,2,2,1
rp2040,wolfSSL,FALCON1024,mTLS,,,39,5.5930,2455.4990,88.6560,2549.7480,6058,6125,45,7224,4,14,5,20,159020,66263.0,71824.0,31264.0,2185224.0,2,2,2,1
rp2040,wolfSSL,FALCON1024,mTLS,,,40,6.5760,2453.6760,92.1670,2552.4190,6059,6123,45,7224,4,14,5,20,159020,66146.0,71866.0,31466.0,2182886.0,2,2,2,1
rp2040,wolfSSL,FALCON1024,mTLS,,,41,15.4050,2445.8230,92.5490,2553.7770,6057,6130,45,7224,4,14,5,20,159020,66273.0,71403.0,31100.0,2174073.0,2,2,2,1
rp2040,wolfSSL,FALCON1024,mTLS,,,42,6.3690,2451.7830,93.9510,2552.1030,6059,6133,45,7224,4,14,5,20,159020,66327.0,71575.0,31248.0,2178360.0,2,2,2,1
rp2040,wolfSSL,FALCON1024,mTLS,,,43,6.4710,2448.5100,97.2560,2552.2370,6061,6126,45,7224,4,14,5,20,159020,66198.0,72969.0,31535.0,2178503.0,2,2,2,1
rp2040,wolfSSL,FALCON1024,mTLS,,,44,6.3730,2458.6260,87.0620,2552.0610,6062,6123,45,7224,4,14,5,20,159020,66332.0,71906.0,31098.0,2185350.0,2,2,2,1
rp2040,wolfSSL,FALCON1024,mTLS,,,45,6.4000,2452.2750,96.1790,2554.8540,6058,6126,45,7224,4,14,5,20,159020,66462.0,71561.0,31445.0,2181051.0,2,2,2,1
rp2040,wolfSSL,FALCON1024,mTLS,,,46,5.7840,2456.4050,86.8090,2548.9980,6061,6125,45,7224,4,14,5,20,159020,66340.0,71367.0,31307.0,2181760.0,2,2,2,1
rp2040,wolfSSL,FALCON1024,mTLS,,,47,6.7180,2456.4160,90.5860,2553.7200,6058,6126,45,7224,4,14,5,20,159020,66377.0,71509.0,31109.0,2180309.0,2,2,2,1
rp2040,wolfSSL,FALCON1024,mTLS,,,48,5.6210,2451.9740,94.6810,2552.2760,6059,6124,45,7224,4,14,5,20,159020,66139.0,72079.0,31277.0,2179684.0,2,2,2,1
rp2040,wolfSSL,FALCON1024,mTLS,,,49,4.5460,2448.7460,99.4120,2552.7040,6058,6126,45,7224,4,14,5,20,159020,66348.0,71469.0,31264.0,2175999.0,2,2,2,1
rp2040,wolfSSL,SNOVA5K,TLS,,,0,6.5840,7490.1250,73.6970,7570.4060,1391,4627,45,568,2,12,3,18,76672,66333.0,70050.0,7223313.0,0.0,2,2,2,0
rp2040,wolfSSL,SNOVA5K,TLS,,,1,5.5300,7491.1050,29.9310,7526.5660,1391,4627,45,568,2,12,3,18,76672,66179.0,70012.0,7223479.0,0.0,2,2,2,0
rp2040,wolfSSL,SNOVA5K,TLS,,,2,8.6620,7494.2860,115.3140,7618.2620,1391,4627,45,568,2,12,3,18,76672,66231.0,71628.0,7231780.0,0.0,2,2,2,0
rp2040,wolfSSL,SNOVA5K,TLS,,,3,19.7170,7472.9760,78.0320,7570.7250,1391,4627,45,568,2,12,3,18,76672,66206.0,69915.0,7221809.0,0.0,2,2,2,0
rp2040,wolfSSL,SNOVA5K,TLS,,,4,5.4080,7485.9650,92.9720,7584.3450,1391,4627,45,568,2,12,3,18,76672,66209.0,70168.0,7222396.0,0.0,2,2,2,0
rp2040,wolfSSL,SNOVA5K,TLS,,,5,5.7770,7487.4960,88.9580,7582.2310,1391,4627,45,568,2,12,3,18,76672,66167.0,70035.0,7227928.0,0.0,2,2,2,0
rp2040,wolfSSL,SNOVA5K,TLS,,,6,5.4450,7498.9500,65.8700,7570.2650,1391,4627,45,568,2,12,3,18,76672,66101.0,70125.0,7230562.0,0.0,2,2,2,0
rp2040,wolfSSL,SNOVA5K,TLS,,,7,6.5170,7484.9930,34.7700,7526.2800,1391,4627,45,568,2,12,3,18,76672,66180.0,70112.0,7218412.0,0.0,2,2,2,0
rp2040,wolfSSL,SNOVA5K,TLS,,,8,4.5780,7518.6600,92.0020,7615.2400,1391,4627,45,568,2,12,3,18,76672,66327.0,70083.0,7221644.0,0.0,2,2,2,0
rp2040,wolfSSL,SNOVA5K,TLS,,,9,5.5580,7479.5510,86.1850,7571.2940,1391,4627,45,568,2,12,3,18,76672,66304.0,70111.0,7229272.0,0.0,2,2,2,0
rp2040,wolfSSL,SNOVA5K,TLS,,,10,5.5050,7473.7920,91.1250,7570.4220,1391,4627,45,568,2,12,3,18,76672,66065.0,70016.0,7225587.0,0.0,2,2,2,0
rp2040,wolfSSL,SNOVA5K,TLS,,,11,4.4110,7487.0930,77.9200,7569.4240,1391,4627,45,568,2,12,3,18,76672,66284.0,69994.0,7217470.0,0.0,2,2,2,0
rp2040,wolfSSL,SNOVA5K,TLS,,,12,4.5710,7468.8930,97.0340,7570.4980,1391,4627,45,568,2,12,3,18,76672,66308.0,69897.0,7219000.0,0.0,2,2,2,0
rp2040,wolfSSL,SNOVA5K,TLS,,,13,5.6150,7486.3660,77.7310,7569.7120,1391,4627,45,568,2,12,3,18,76672,66234.0,70191.0,7220949.0,0.0,2,2,2,0
rp2040,wolfSSL,SNOVA5K,TLS,,,14,4.4420,7472.4430,93.6040,7570.4890,1391,4627,45,568,2,12,3,18,76672,66185.0,70086.0,7223649.0,0.0,2,2,2,0
rp2040,wolfSSL,SNOVA5K,TLS,,,15,4.4020,7470.1240,96.0540,7570.5800,1391,4627,45,568,2,12,3,18,76672,66320.0,70080.0,7220013.0,0.0,2,2,2,0
rp2040,wolfSSL,SNOVA5K,TLS,,,16,5.4920,7464.3300,102.7420,7572.5640,1391,4627,45,568,2,12,3,18,76672,66168.0,70011.0,7214048.0,0.0,2,2,2,0
rp2040,wolfSSL,SNOVA5K,TLS,,,17,5.4510,7473.1050,25.4700,7504.0260,1391,4627,45,568,2,12,3,18,76672,66185.0,70114.0,7224673.0,0.0,2,2,2,0
rp2040,wolfSSL,SNOVA5K,TLS,,,18,20.4490,7496.3020,123.7700,7640.5210,1391,4627,45,568,2,12,3,18,76672,66068.0,70095.0,7230930.0,0.0,2,2,2,0
rp2040,wolfSSL,SNOVA5K,TLS,,,19,16.6090,7481.9340,125.1850,7623.7280,1391,4627,45,568,2,12,3,18,76672,66195.0,70084.0,7224096.0,0.0,2,2,2,0
rp2040,wolfSSL,SNOVA5K,TLS,,,20,5.7960,7655.7030,30.4060,7691.9050,1391,4627,45,568,2,12,3,18,76672,66367.0,70365.0,7215528.0,0.0,2,2,2,0
rp2040,wolfSSL,SNOVA5K,TLS,,,21,5.6190,7480.7250,86.4470,7572.7910,1391,4627,45,568,2,12,3,18,76672,66374.0,70004.0,7215718.0,0.0,2,2,2,0
rp2040,wolfSSL,SNOVA5K,TLS,,,22,20.4100,7479.9590,63.3880,7563.7570,1391,4627,45,568,2,12,3,18,76672,66200.0,69941.0,7224141.0,0.0,2,2,2,0
rp2040,wolfSSL,SNOVA5K,TLS,,,23,6.3880,7472.0010,93.9020,7572.2910,1391,4627,45,568,2,12,3,18,76672,66267.0,70150.0,7222193.0,0.0,2,2,2,0
rp2040,wolfSSL,SNOVA5K,TLS,,,24,4.4930,7468.8620,91.5000,7564.8550,1391,4627,45,568,2,12,3,18,76672,66169.0,71892.0,7221967.0,0.0,2,2,2,0
rp2040,wolfSSL,SNOVA5K,TLS,,,25,6.3960,7485.6930,78.1830,7570.2720,1391,4627,45,568,2,12,3,18,76672,66337.0,70041.0,7220893.0,0.0,2,2,2,0
rp2040,wolfSSL,SNOVA5K,TLS,,,26,5.4250,7481.6800,83.7860,7570.8910,1391,4627,45,568,2,12,3,18,76672,66245.0,70190.0,7234304.0,0.0,2,2,2,0
rp2040,wolfSSL,SNOVA5K,TLS,,,27,5.4770,7468.9180,97.2770,7571.6720,1391,4627,45,568,2,12,3,18,76672,66203.0,70076.0,7218719.0,0.0,2,2,2,0
rp2040,wolfSSL,SNOVA5K,TLS,,,28,5.4760,7469.0850,13.7520,7488.3130,1391,4627,45,568,2,12,3,18,76672,66228.0,71006.0,7219332.0,0.0,2,2,2,0
rp2040,wolfSSL,SNOVA5K,TLS,,,29,18.4530,7479.3910,43.7540,7541.5980,1391,4627,45,568,2,12,3,18,76672,66366.0,70054.0,7220853.0,0.0,2,2,2,0
rp2040,wolfSSL,SNOVA5K,TLS,,,30,5.5090,7487.1540,79.6050,7572.2680,1391,4627,45,568,2,12,3,18,76672,66180.0,71740.0,7222342.0,0.0,2,2,2,0
rp2040,wolfSSL,SNOVA5K,TLS,,,31,5.6100,7483.8130,79.2980,7568.7210,1391,4627,45,568,2,12,3,18,76672,66167.0,70328.0,7221169.0,0.0,2,2,2,0
rp2040,wolfSSL,SNOVA5K,TLS,,,32,5.6110,7470.9490,93.0440,7569.6040,1391,4627,45,568,2,12,3,18,76672,66185.0,70186.0,7222932.0,0.0,2,2,2,0
rp2040,wolfSSL,SNOVA5K,TLS,,,33,5.5890,7474.1480,91.6150,7571.3520,1391,4627,45,568,2,12,3,18,76672,66401.0,71984.0,7223334.0,0.0,2,2,2,0
rp2040,wolfSSL,SNOVA5K,TLS,,,34,5.7180,7483.5610,80.1130,7569.3920,1391,4627,45,568,2,12,3,18,76672,66159.0,70117.0,7235341.0,0.0,2,2,2,0
rp2040,wolfSSL,SNOVA5K,TLS,,,35,4.4220,7472.9750,94.2020,7571.5990,1391,4627,45,568,2,12,3,18,76672,66080.0,70054.0,7224136.0,0.0,2,2,2,0
rp2040,wolfSSL,SNOVA5K,TLS,,,36,5.4770,7483.7810,33.5130,7522.7710,1391,4627,45,568,2,12,3,18,76672,66490.0,70141.0,7219783.0,0.0,2,2,2,0
rp2040,wolfSSL,SNOVA5K,TLS,,,37,5.4380,7481.0690,27.7310,7514.2380,1391,4627,45,568,2,12,3,18,76672,66262.0,69920.0,7218823.0,0.0,2,2,2,0
rp2040,wolfSSL,SNOVA5K,TLS,,,38,4.6710,7467.4080,12.7560,7484.8350,1391,4627,45,568,2,12,3,18,76672,66225.0,69944.0,7218923.0,0.0,2,2,2,0
rp2040,wolfSSL,SNOVA5K,TLS,,,39,18.4530,7478.6160,43.9400,7541.0090,1391,4627,45,568,2,12,3,18,76672,66337.0,70238.0,7220656.0,0.0,2,2,2,0
rp2040,wolfSSL,SNOVA5K,TLS,,,40,4.4280,7465.3670,100.9670,7570.7620,1391,4627,45,568,2,12,3,18,76672,66178.0,70109.0,7218342.0,0.0,2,2,2,0
rp2040,wolfSSL,SNOVA5K,TLS,,,41,5.4020,7468.3080,97.1790,7570.8890,1391,4627,45,568,2,12,3,18,76672,66166.0,70113.0,7219720.0,0.0,2,2,2,0
rp2040,wolfSSL,SNOVA5K,TLS,,,42,6.4880,7478.6030,86.6140,7571.7050,1391,4627,45,568,2,12,3,18,76672,66569.0,70296.0,7231304.0,0.0,2,2,2,0
rp2040,wolfSSL,SNOVA5K,TLS,,,43,5.4340,7463.2940,101.7560,7570.4840,1391,4627,45,568,2,12,3,18,76672,66197.0,71692.0,7218440.0,0.0,2,2,2,0
rp2040,wolfSSL,SNOVA5K,TLS,,,44,5.5540,7470.5050,95.0530,7571.1120,1391,4627,45,568,2,12,3,18,76672,66235.0,72084.0,7220236.0,0.0,2,2,2,0
rp2040,wolfSSL,SNOVA5K,TLS,,,45,5.4310,7468.5770,97.1920,7571.2000,1391,4627,45,568,2,12,3,18,76672,66357.0,70982.0,7219411.0,0.0,2,2,2,0
rp2040,wolfSSL,SNOVA5K,TLS,,,46,7.6880,7466.4850,95.0150,7569.1880,1391,4627,45,568,2,12,3,18,76672,66111.0,71182.0,7220445.0,0.0,2,2,2,0
rp2040,wolfSSL,SNOVA5K,TLS,,,47,9.4450,7471.3510,82.8750,7563.6710,1391,4627,45,568,2,12,3,18,76672,66092.0,70136.0,7218274.0,0.0,2,2,2,0
rp2040,wolfSSL,SNOVA5K,TLS,,,48,5.4940,7469.2990,97.2260,7572.0190,1391,4627,45,568,2,12,3,18,76672,66096.0,70093.0,7220608.0,0.0,2,2,2,0
rp2040,wolfSSL,SNOVA5K,TLS,,,49,4.5430,7487.7790,76.0250,7568.3470,1391,4627,45,568,2,12,3,18,76672,66310.0,70017.0,7221790.0,0.0,2,2,2,0
rp2040,wolfSSL,SNOVA5K,mTLS,,,0,17.5830,12410.3670,160.7640,12588.7140,4735,4813,45,5336,4,14,5,20,72880,66162.0,71748.0,7194086.0,4949450.0,2,2,2,1
rp2040,wolfSSL,SNOVA5K,mTLS,,,1,4.6080,12415.6800,166.1300,12586.4180,4735,4813,45,5336,4,14,5,20,72880,66179.0,70170.0,7197818.0,4946377.0,2,2,2,1
rp2040,wolfSSL,SNOVA5K,mTLS,,,2,5.6580,12414.3470,168.1270,12588.1320,4735,4813,45,5336,4,14,5,20,72880,66496.0,70008.0,7196506.0,4945318.0,2,2,2,1
rp2040,wolfSSL,SNOVA5K,mTLS,,,3,6.3760,17349.0110,45.9030,17401.2900,4735,4813,45,5336,4,14,5,20,72880,66551.0,70021.0,7207607.0,9886918.0,2,2,2,1
rp2040,wolfSSL,SNOVA5K,mTLS,,,4,7.4070,12416.8990,163.4070,12587.7130,4735,4813,45,5336,4,14,5,20,72880,66320.0,69921.0,7205907.0,4953096.0,2,2,2,1
rp2040,wolfSSL,SNOVA5K,mTLS,,,5,4.4000,12415.4350,167.7240,12587.5590,4735,4813,45,5336,4,14,5,20,72880,66292.0,69976.0,7201074.0,4951108.0,2,2,2,1
rp2040,wolfSSL,SNOVA5K,mTLS,,,6,5.4040,12412.2060,68.6620,12486.2720,4735,4813,45,5336,4,14,5,20,72880,66274.0,70058.0,7195799.0,4947860.0,2,2,2,1
rp2040,wolfSSL,SNOVA5K,mTLS,,,7,5.4370,12432.9610,150.9040,12589.3020,4735,4813,45,5336,4,14,5,20,72880,66379.0,70093.0,7202534.0,4948057.0,2,2,2,1
rp2040,wolfSSL,SNOVA5K,mTLS,,,8,5.4160,12432.2380,245.3370,12682.9910,4735,4813,45,5336,4,14,5,20,72880,66697.0,70874.0,7197532.0,4959688.0,2,2,2,1
rp2040,wolfSSL,SNOVA5K,mTLS,,,9,6.4170,12431.9040,151.7170,12590.0380,4735,4813,45,5336,4,14,5,20,72880,66369.0,70151.0,7204769.0,4953323.0,2,2,2,1
rp2040,wolfSSL,SNOVA5K,mTLS,,,10,4.6460,22276.2200,136.2520,22417.1180,4735,4813,45,5336,4,14,5,21,72880,66248.0,70111.0,7204944.0,14800585.0,2,2,2,1
rp2040,wolfSSL,SNOVA5K,mTLS,,,11,4.4200,12415.1540,45.7750,12465.3490,4735,4813,45,5336,4,14,5,20,72880,66300.0,70119.0,7199602.0,4947770.0,2,2,2,1
rp2040,wolfSSL,SNOVA5K,mTLS,,,12,5.4260,12429.2520,131.5070,12566.1850,4735,4813,45,5336,4,14,5,20,72880,66281.0,70035.0,7202292.0,4953902.0,2,2,2,1
rp2040,wolfSSL,SNOVA5K,mTLS,,,13,5.4110,12410.8770,73.5570,12489.8450,4735,4813,45,5336,4,14,5,20,72880,66449.0,70184.0,7200658.0,4947081.0,2,2,2,1
rp2040,wolfSSL,SNOVA5K,mTLS,,,14,6.3760,12441.1950,140.3400,12587.9110,4735,4813,45,5336,4,14,5,20,72880,66230.0,70025.0,7196564.0,4953737.0,2,2,2,1
rp2040,wolfSSL,SNOVA5K,mTLS,,,15,8.5720,12439.0700,138.9800,12586.6220,4735,4813,45,5336,4,14,5,20,72880,66099.0,70576.0,7200724.0,4949604.0,2,2,2,1
rp2040,wolfSSL,SNOVA5K,mTLS,,,16,5.4940,12408.4300,45.5970,12459.5210,4735,4813,45,5336,4,14,5,20,72880,66098.0,70079.0,7204645.0,4945872.0,2,2,2,1
rp2040,wolfSSL,SNOVA5K,mTLS,,,17,5.4280,12445.1540,143.5200,12594.1020,4735,4813,45,5336,4,14,5,20,72880,66083.0,70003.0,7210531.0,4944734.0,2,2,2,1
rp2040,wolfSSL,SNOVA5K,mTLS,,,18,6.5360,12424.6570,156.1010,12587.2940,4735,4813,45,5336,4,14,5,20,72880,66196.0,70070.0,7197723.0,4948814.0,2,2,2,1
rp2040,wolfSSL,SNOVA5K,mTLS,,,19,6.7190,17332.4670,159.2060,17498.3920,4735,4813,45,5336,4,14,5,20,72880,66266.0,70088.0,7193777.0,9877756.0,2,2,2,1
rp2040,wolfSSL,SNOVA5K,mTLS,,,20,6.4130,12405.5700,75.7540,12487.7370,4735,4813,45,5336,4,14,5,20,72880,66299.0,70265.0,7196526.0,4948529.0,2,2,2,1
rp2040,wolfSSL,SNOVA5K,mTLS,,,21,5.6640,12413.0410,67.7510,12486.4560,4735,4813,45,5336,4,14,5,20,72880,66305.0,69974.0,7197404.0,4959653.0,2,2,2,1
rp2040,wolfSSL,SNOVA5K,mTLS,,,22,4.9050,12418.2250,163.8850,12587.0150,4735,4813,45,5336,4,14,5,20,72880,66208.0,69928.0,7203118.0,4945115.0,2,2,2,1
rp2040,wolfSSL,SNOVA5K,mTLS,,,23,5.6150,12408.7460,72.1160,12486.4770,4735,4813,45,5336,4,14,5,20,72880,66263.0,70027.0,7195824.0,4948455.0,2,2,2,1
rp2040,wolfSSL,SNOVA5K,mTLS,,,24,5.7430,12404.2050,74.9700,12484.9180,4735,4813,45,5336,4,14,5,20,72880,66211.0,70136.0,7195253.0,4948019.0,2,2,2,1
rp2040,wolfSSL,SNOVA5K,mTLS,,,25,4.5720,12414.9660,66.6950,12486.2330,4735,4813,45,5336,4,14,5,20,72880,66194.0,70045.0,7198378.0,4951036.0,2,2,2,1
rp2040,wolfSSL,SNOVA5K,mTLS,,,26,13.7970,12427.5480,174.9830,12616.3280,4735,4813,45,5336,4,14,5,20,72880,66168.0,70145.0,7206670.0,4948619.0,2,2,2,1
rp2040,wolfSSL,SNOVA5K,mTLS,,,27,7.5390,12419.2240,45.9510,12472.7140,4735,4813,45,5336,4,14,5,20,72880,66256.0,71136.0,7200344.0,4946915.0,2,2,2,1
rp2040,wolfSSL,SNOVA5K,mTLS,,,28,6.6180,12409.2000,156.6140,12572.4320,4735,4813,45,5336,4,14,5,20,72880,66322.0,71121.0,7200059.0,4948025.0,2,2,2,1
rp2040,wolfSSL,SNOVA5K,mTLS,,,29,5.3790,12414.4590,165.3660,12585.2040,4735,4813,45,5336,4,14,5,20,72880,66175.0,70040.0,7197563.0,4949077.0,2,2,2,1
rp2040,wolfSSL,SNOVA5K,mTLS,,,30,5.5140,12458.2120,121.8990,12585.6250,4735,4813,45,5336,4,14,5,20,72880,66218.0,71973.0,7202344.0,4952426.0,2,2,2,1
rp2040,wolfSSL,SNOVA5K,mTLS,,,31,6.4790,12415.4650,165.6430,12587.5870,4735,4813,45,5336,4,14,5,20,72880,66286.0,70097.0,7209638.0,4948017.0,2,2,2,1
rp2040,wolfSSL,SNOVA5K,mTLS,,,32,5.4800,12411.7770,67.7470,12485.0040,4735,4813,45,5336,4,14,5,20,72880,66304.0,70005.0,7198814.0,4952663.0,2,2,2,1
rp2040,wolfSSL,SNOVA5K,mTLS,,,33,6.8690,12436.1520,139.0680,12582.0890,4735,4813,45,5336,4,14,5,20,72880,66439.0,71630.0,7202513.0,4951555.0,2,2,2,1
rp2040,wolfSSL,SNOVA5K,mTLS,,,34,5.5710,12418.5780,166.6570,12590.8060,4735,4813,45,5336,4,14,5,20,72880,66114.0,70204.0,7201801.0,4949820.0,2,2,2,1
rp2040,wolfSSL,SNOVA5K,mTLS,,,35,5.7580,12406.2790,44.9640,12457.0010,4735,4813,45,5336,4,14,5,20,72880,66308.0,70044.0,7196990.0,4947371.0,2,2,2,1
rp2040,wolfSSL,SNOVA5K,mTLS,,,36,4.4090,12429.2250,162.4990,12596.1330,4735,4813,45,5336,4,14,5,20,72880,66246.0,70158.0,7205221.0,4944252.0,2,2,2,1
rp2040,wolfSSL,SNOVA5K,mTLS,,,37,5.3740,12416.5990,164.4250,12586.3980,4735,4813,45,5336,4,14,5,20,72880,66169.0,70089.0,7191708.0,4942692.0,2,2,2,1
rp2040,wolfSSL,SNOVA5K,mTLS,,,38,6.3930,12422.7660,157.0620,12586.2210,4735,4813,45,5336,4,14,5,20,72880,66154.0,70005.0,7195983.0,4952508.0,2,2,2,1
rp2040,wolfSSL,SNOVA5K,mTLS,,,39,2606.1710,12422.1940,117.8900,15146.2550,4735,4813,45,5336,4,14,5,20,72880,66095.0,69976.0,7193314.0,4949779.0,2,2,2,1
rp2040,wolfSSL,SNOVA5K,mTLS,,,40,4.4010,12451.4980,150.3950,12606.2940,4735,4813,45,5336,4,14,5,20,72880,66190.0,69947.0,7199210.0,4958792.0,2,2,2,1
rp2040,wolfSSL,SNOVA5K,mTLS,,,41,8.4690,12415.6900,145.6570,12569.8160,4735,4813,45,5336,4,14,5,20,72880,66484.0,70085.0,7198454.0,4948308.0,2,2,2,1
rp2040,wolfSSL,SNOVA5K,mTLS,,,42,6.4600,12398.5930,78.5850,12483.6380,4735,4813,45,5336,4,14,5,20,72880,66282.0,70067.0,7191655.0,4941488.0,2,2,2,1
rp2040,wolfSSL,SNOVA5K,mTLS,,,43,5.3770,12418.8790,163.5540,12587.8100,4735,4813,45,5336,4,14,5,20,72880,66346.0,70135.0,7196139.0,4948157.0,2,2,2,1
rp2040,wolfSSL,SNOVA5K,mTLS,,,44,5.5590,12413.2260,67.0320,12485.8170,4735,4813,45,5336,4,14,5,20,72880,66377.0,70103.0,7194681.0,4950137.0,2,2,2,1
rp2040,wolfSSL,SNOVA5K,mTLS,,,45,6.4780,12430.6110,153.4110,12590.5000,4735,4813,45,5336,4,14,5,20,72880,66089.0,70115.0,7217607.0,4956824.0,2,2,2,1
rp2040,wolfSSL,SNOVA5K,mTLS,,,46,20.3940,12407.4410,159.3190,12587.1540,4735,4813,45,5336,4,14,5,20,72880,66473.0,70066.0,7207574.0,4945374.0,2,2,2,1
rp2040,wolfSSL,SNOVA5K,mTLS,,,47,6.5820,12423.7800,157.0950,12587.4570,4735,4813,45,5336,4,14,5,20,72880,66234.0,70196.0,7203680.0,4950021.0,2,2,2,1
rp2040,wolfSSL,SNOVA5K,mTLS,,,48,23.3850,12424.0830,134.9880,12582.4560,4735,4813,45,5336,4,14,5,20,72880,66788.0,70464.0,7200499.0,4950857.0,2,2,2,1
rp2040,wolfSSL,SNOVA5K,mTLS,,,49,5.3880,12420.9810,161.6290,12587.9980,4735,4813,45,5336,4,14,5,20,72880,66097.0,69803.0,7196630.0,4951084.0,2,2,2,1
rp2040,wolfSSL,SNOVA5B,TLS,,,0,29.4870,7079.9030,52.6840,7162.0740,1391,4892,45,568,2,12,3,18,90336,66263.0,71257.0,6851352.0,0.0,2,2,2,0
rp2040,wolfSSL,SNOVA5B,TLS,,,1,5.4620,7098.3270,28.0200,7131.8090,1391,4892,45,568,2,12,3,18,90336,67275.0,72648.0,6862700.0,0.0,2,2,2,0
rp2040,wolfSSL,SNOVA5B,TLS,,,2,35.6160,7078.3660,48.1610,7162.1430,1391,4892,45,568,2,12,3,18,90336,66184.0,71745.0,6843792.0,0.0,2,2,2,0
rp2040,wolfSSL,SNOVA5B,TLS,,,3,4.5580,7094.8930,34.3720,7133.8230,1391,4892,45,568,2,12,3,18,90336,66356.0,71188.0,6854970.0,0.0,2,2,2,0
rp2040,wolfSSL,SNOVA5B,TLS,,,4,5.3860,7075.7750,50.4880,7131.6490,1391,4892,45,568,2,12,3,18,90336,66509.0,71299.0,6853520.0,0.0,2,2,2,0
rp2040,wolfSSL,SNOVA5B,TLS,,,5,6.6080,7083.0850,14.2460,7103.9390,1391,4892,45,568,2,12,3,18,90336,66183.0,70965.0,6848339.0,0.0,2,2,2,0
rp2040,wolfSSL,SNOVA5B,TLS,,,6,6.4380,7066.2550,118.2170,7190.9100,1391,4892,45,568,2,12,3,18,90336,66218.0,70895.0,6856644.0,0.0,2,2,2,0
rp2040,wolfSSL,SNOVA5B,TLS,,,7,4.6650,7091.1520,38.9130,7134.7300,1391,4892,45,568,2,12,3,18,90336,66510.0,71964.0,6856776.0,0.0,2,2,2,0
rp2040,wolfSSL,SNOVA5B,TLS,,,8,5.4100,7087.1260,12.6050,7105.1410,1391,4892,45,568,2,12,3,18,90336,66253.0,71242.0,6852653.0,0.0,2,2,2,0
rp2040,wolfSSL,SNOVA5B,TLS,,,9,11.7350,7077.8790,96.8470,7186.4610,1391,4892,45,568,2,12,3,18,90336,66179.0,72169.0,6864476.0,0.0,2,2,2,0
rp2040,wolfSSL,SNOVA5B,TLS,,,10,5.4400,7097.2970,30.5980,7133.3350,1391,4892,45,568,2,12,3,18,90336,66414.0,72341.0,6859414.0,0.0,2,2,2,0
rp2040,wolfSSL,SNOVA5B,TLS,,,11,8.4360,7071.7680,53.1960,7133.4000,1391,4892,45,568,2,12,3,18,90336,66241.0,72075.0,6851284.0,0.0,2,2,2,0
rp2040,wolfSSL,SNOVA5B,TLS,,,12,4.6010,7070.8670,57.7260,7133.1940,1391,4892,45,568,2,12,3,18,90336,66254.0,71104.0,6846781.0,0.0,2,2,2,0
rp2040,wolfSSL,SNOVA5B,TLS,,,13,4.5130,7084.5780,44.0320,7133.1230,1391,4892,45,568,2,12,3,18,90336,66409.0,72359.0,6848641.0,0.0,2,2,2,0
rp2040,wolfSSL,SNOVA5B,TLS,,,14,4.8640,7088.5380,9.1690,7102.5710,1391,4892,45,568,2,12,3,18,90336,66846.0,71105.0,6852429.0,0.0,2,2,2,0
rp2040,wolfSSL,SNOVA5B,TLS,,,15,8.4160,7056.3910,127.4970,7192.3040,1391,4892,45,568,2,12,3,18,90336,66199.0,71328.0,6844782.0,0.0,2,2,2,0
rp2040,wolfSSL,SNOVA5B,TLS,,,16,7.4080,7074.9880,49.4910,7131.8870,1391,4892,45,568,2,12,3,18,90336,66458.0,71022.0,6848159.0,0.0,2,2,2,0
rp2040,wolfSSL,SNOVA5B,TLS,,,17,41.6250,7097.6330,15.5410,7154.7990,1391,4892,45,568,2,12,3,18,90336,66529.0,71167.0,6849035.0,0.0,2,2,2,0
rp2040,wolfSSL,SNOVA5B,TLS,,,18,5.4420,7076.0630,87.1890,7168.6940,1391,4892,45,568,2,12,3,18,90336,66282.0,71173.0,6862388.0,0.0,2,2,2,0
rp2040,wolfSSL,SNOVA5B,TLS,,,19,5.4480,7093.5930,13.3420,7112.3830,1391,4892,45,568,2,12,3,18,90336,66360.0,72417.0,6854664.0,0.0,2,2,2,0
rp2040,wolfSSL,SNOVA5B,TLS,,,20,6.4060,7064.4880,112.8900,7183.7840,1391,4892,45,568,2,12,3,18,90336,66308.0,71217.0,6851025.0,0.0,2,2,2,0
rp2040,wolfSSL,SNOVA5B,TLS,,,21,5.4000,7072.1980,56.2730,7133.8710,1391,4892,45,568,2,12,3,18,90336,66348.0,71235.0,6848745.0,0.0,2,2,2,0
rp2040,wolfSSL,SNOVA5B,TLS,,,22,4.7680,7078.3390,11.6810,7094.7880,1391,4892,45,568,2,12,3,18,90336,66332.0,71160.0,6854517.0,0.0,2,2,2,0
rp2040,wolfSSL,SNOVA5B,TLS,,,23,4.4550,7072.6990,127.7500,7204.9040,1391,4892,45,568,2,12,3,18,90336,66301.0,71128.0,6856465.0,0.0,2,2,2,0
rp2040,wolfSSL,SNOVA5B,TLS,,,24,4.4940,7085.2320,40.0930,7129.8190,1391,4892,45,568,2,12,3,18,90336,66183.0,71167.0,6851357.0,0.0,2,2,2,0
rp2040,wolfSSL,SNOVA5B,TLS,,,25,5.4140,7088.2460,39.4930,7133.1530,1391,4892,45,568,2,12,3,18,90336,66395.0,71093.0,6854580.0,0.0,2,2,2,0
rp2040,wolfSSL,SNOVA5B,TLS,,,26,5.4360,7105.9820,126.3660,7237.7840,1391,4892,45,568,2,12,3,18,90336,66469.0,71360.0,6867581.0,0.0,2,2,2,0
rp2040,wolfSSL,SNOVA5B,TLS,,,27,5.3920,7086.3050,37.6950,7129.3920,1391,4892,45,568,2,12,3,18,90336,66286.0,71312.0,6853077.0,0.0,2,2,2,0
rp2040,wolfSSL,SNOVA5B,TLS,,,28,5.4190,7091.2620,37.7410,7134.4220,1391,4892,45,568,2,12,3,18,90336,66259.0,71198.0,6853108.0,0.0,2,2,2,0
rp2040,wolfSSL,SNOVA5B,TLS,,,29,5.4300,7092.9440,34.6530,7133.0270,1391,4892,45,568,2,12,3,18,90336,66545.0,71356.0,6854661.0,0.0,2,2,2,0
rp2040,wolfSSL,SNOVA5B,TLS,,,30,7.5660,7082.2440,43.6110,7133.4210,1391,4892,45,568,2,12,3,18,90336,66263.0,71197.0,6851527.0,0.0,2,2,2,0
rp2040,wolfSSL,SNOVA5B,TLS,,,31,6.4340,7081.1790,11.9530,7099.5660,1391,4892,45,568,2,12,3,18,90336,66863.0,71244.0,6842889.0,0.0,2,2,2,0
rp2040,wolfSSL,SNOVA5B,TLS,,,32,5.4390,7056.9040,33.0100,7095.3530,1391,4892,45,568,2,12,3,18,90336,66253.0,71173.0,6847745.0,0.0,2,2,2,0
rp2040,wolfSSL,SNOVA5B,TLS,,,33,4.4350,7082.2970,40.6020,7127.3340,1391,4892,45,568,2,12,3,18,90336,66274.0,72123.0,6853528.0,0.0,2,2,2,0
rp2040,wolfSSL,SNOVA5B,TLS,,,34,4.6770,7085.3150,195.7920,7285.7840,1391,4892,45,568,2,12,3,18,90336,66552.0,71419.0,6848506.0,0.0,2,2,2,0
rp2040,wolfSSL,SNOVA5B,TLS,,,35,5.4260,7064.5380,42.2190,7112.1830,1391,4892,45,568,2,12,3,18,90336,66275.0,71032.0,6851887.0,0.0,2,2,2,0
rp2040,wolfSSL,SNOVA5B,TLS,,,36,10.6920,7081.9530,39.6850,7132.3300,1391,4892,45,568,2,12,3,18,90336,66172.0,71190.0,6851938.0,0.0,2,2,2,0
rp2040,wolfSSL,SNOVA5B,TLS,,,37,5.3990,7088.9490,40.0370,7134.3850,1391,4892,45,568,2,12,3,18,90336,66282.0,71276.0,6851881.0,0.0,2,2,2,0
rp2040,wolfSSL,SNOVA5B,TLS,,,38,7.5550,7080.7120,44.8800,7133.1470,1391,4892,45,568,2,12,3,18,90336,66407.0,71255.0,6849098.0,0.0,2,2,2,0
rp2040,wolfSSL,SNOVA5B,TLS,,,39,4.5560,7089.3520,40.5960,7134.5040,1391,4892,45,568,2,12,3,18,90336,66194.0,71217.0,6850090.0,0.0,2,2,2,0
rp2040,wolfSSL,SNOVA5B,TLS,,,40,5.4140,7072.8120,57.7550,7135.9810,1391,4892,45,568,2,12,3,18,90336,66335.0,71194.0,6848387.0,0.0,2,2,2,0
rp2040,wolfSSL,SNOVA5B,TLS,,,41,4.6850,7083.2570,45.1660,7133.1080,1391,4892,45,568,2,12,3,18,90336,66318.0,71174.0,6848864.0,0.0,2,2,2,0
rp2040,wolfSSL,SNOVA5B,TLS,,,42,5.6880,7084.6030,46.2880,7136.5790,1391,4892,45,568,2,12,3,18,90336,66202.0,71545.0,6852190.0,0.0,2,2,2,0
rp2040,wolfSSL,SNOVA5B,TLS,,,43,7.4210,7093.1600,32.0180,7132.5990,1391,4892,45,568,2,12,3,18,90336,66269.0,70801.0,6865930.0,0.0,2,2,2,0
rp2040,wolfSSL,SNOVA5B,TLS,,,44,5.4250,7082.6820,45.8230,7133.9300,1391,4892,45,568,2,12,3,18,90336,66356.0,71311.0,6850249.0,0.0,2,2,2,0
rp2040,wolfSSL,SNOVA5B,TLS,,,45,5.4280,7081.2040,51.1480,7137.7800,1391,4892,45,568,2,12,3,18,90336,66274.0,71585.0,6852435.0,0.0,2,2,2,0
rp2040,wolfSSL,SNOVA5B,TLS,,,46,5.6210,7087.2820,42.0610,7134.9640,1391,4892,45,568,2,12,3,18,90336,66318.0,71138.0,6854710.0,0.0,2,2,2,0
rp2040,wolfSSL,SNOVA5B,TLS,,,47,5.3960,7085.7660,43.5530,7134.7150,1391,4892,45,568,2,12,3,18,90336,66403.0,71269.0,6852025.0,0.0,2,2,2,0
rp2040,wolfSSL,SNOVA5B,TLS,,,48,4.6730,7076.6500,53.7640,7135.0870,1391,4892,45,568,2,12,3,18,90336,66610.0,72769.0,6840168.0,0.0,2,2,2,0
rp2040,wolfSSL,SNOVA5B,TLS,,,49,5.3970,7081.9500,47.5100,7134.8570,1391,4892,45,568,2,12,3,18,90336,66639.0,71106.0,6844209.0,0.0,2,2,2,0
rp2040,wolfSSL,SNOVA5B,mTLS,,,0,5.5490,11645.0850,120.6830,11771.3170,5000,5078,45,6264,4,14,5,20,85400,66301.0,72455.0,6848432.0,4556642.0,2,2,2,1
rp2040,wolfSSL,SNOVA5B,mTLS,,,1,7.4000,11648.3130,94.7480,11750.4610,5000,5078,45,6264,4,14,5,20,85400,66342.0,71279.0,6859401.0,4558892.0,2,2,2,1
rp2040,wolfSSL,SNOVA5B,mTLS,,,2,4.3900,11639.9110,123.2520,11767.5530,5000,5078,45,6264,4,14,5,20,85400,66182.0,71462.0,6847604.0,4557158.0,2,2,2,1
rp2040,wolfSSL,SNOVA5B,mTLS,,,3,5.5010,11639.3180,125.0520,11769.8710,5000,5078,45,6264,4,14,5,20,85400,66339.0,71435.0,6849771.0,4559580.0,2,2,2,1
rp2040,wolfSSL,SNOVA5B,mTLS,,,4,6.4960,16163.1140,103.4610,16273.0710,5000,5078,45,6264,4,14,5,20,85400,66291.0,71334.0,6844223.0,9086421.0,2,2,2,1
rp2040,wolfSSL,SNOVA5B,mTLS,,,5,6.4400,11641.3520,121.3360,11769.1280,5000,5078,45,6264,4,14,5,20,85400,66428.0,71306.0,6845582.0,4565072.0,2,2,2,1
rp2040,wolfSSL,SNOVA5B,mTLS,,,6,6.4400,11640.3090,120.5280,11767.2770,5000,5078,45,6264,4,14,5,20,85400,66503.0,70933.0,6848178.0,4561923.0,2,2,2,1
rp2040,wolfSSL,SNOVA5B,mTLS,,,7,7.4590,11652.8250,112.6120,11772.8960,5000,5078,45,6264,4,14,5,20,85400,66648.0,71435.0,6853985.0,4562359.0,2,2,2,1
rp2040,wolfSSL,SNOVA5B,mTLS,,,8,5.4190,11644.7240,84.2680,11734.4110,5000,5078,45,6264,4,14,5,20,85400,66330.0,71262.0,6851592.0,4562952.0,2,2,2,1
rp2040,wolfSSL,SNOVA5B,mTLS,,,9,11.5890,11788.0770,79.3960,11879.0620,5000,5078,45,6264,4,15,5,21,85400,66160.0,70049.0,6848476.0,4561649.0,2,2,2,1
rp2040,wolfSSL,SNOVA5B,mTLS,,,10,6.6050,11647.0550,115.4880,11769.1480,5000,5078,45,6264,4,14,5,20,85400,66310.0,72221.0,6851837.0,4565376.0,2,2,2,1
rp2040,wolfSSL,SNOVA5B,mTLS,,,11,4.6280,11642.4890,42.5030,11689.6200,5000,5078,45,6264,4,14,5,20,85400,66318.0,71134.0,6848070.0,4562379.0,2,2,2,1
rp2040,wolfSSL,SNOVA5B,mTLS,,,12,8.4170,11646.3000,85.5670,11740.2840,5000,5078,45,6264,4,14,5,20,85400,66383.0,71127.0,6852455.0,4561616.0,2,2,2,1
rp2040,wolfSSL,SNOVA5B,mTLS,,,13,4.6620,11638.8230,47.2220,11690.7070,5000,5078,45,6264,4,14,5,20,85400,66391.0,71100.0,6847269.0,4556800.0,2,2,2,1
rp2040,wolfSSL,SNOVA5B,mTLS,,,14,7.5200,11648.9030,80.6920,11737.1150,5000,5078,45,6264,4,14,5,20,85400,66487.0,71015.0,6855207.0,4561102.0,2,2,2,1
rp2040,wolfSSL,SNOVA5B,mTLS,,,15,4.4010,11641.7810,122.2030,11768.3850,5000,5078,45,6264,4,14,5,20,85400,66339.0,71081.0,6853983.0,4557214.0,2,2,2,1
rp2040,wolfSSL,SNOVA5B,mTLS,,,16,7.3740,11657.5350,102.5890,11767.4980,5000,5078,45,6264,4,14,5,20,85400,66325.0,71277.0,6861856.0,4564723.0,2,2,2,1
rp2040,wolfSSL,SNOVA5B,mTLS,,,17,6.5080,11637.5650,125.9920,11770.0650,5000,5078,45,6264,4,14,5,20,85400,66260.0,71118.0,6845274.0,4559067.0,2,2,2,1
rp2040,wolfSSL,SNOVA5B,mTLS,,,18,4.4050,11646.6700,117.3140,11768.3890,5000,5078,45,6264,4,14,5,20,85400,66457.0,71217.0,6853878.0,4561403.0,2,2,2,1
rp2040,wolfSSL,SNOVA5B,mTLS,,,19,5.4040,11636.1920,127.8610,11769.4570,5000,5078,45,6264,4,14,5,20,85400,66171.0,70981.0,6849146.0,4556891.0,2,2,2,1
rp2040,wolfSSL,SNOVA5B,mTLS,,,20,5.3830,11647.8620,112.8210,11766.0660,5000,5078,45,6264,4,14,5,20,85400,66187.0,71253.0,6855768.0,4562746.0,2,2,2,1
rp2040,wolfSSL,SNOVA5B,mTLS,,,21,8.3850,11658.2180,101.7250,11768.3280,5000,5078,45,6264,4,14,5,20,85400,66299.0,71250.0,6859552.0,4564093.0,2,2,2,1
rp2040,wolfSSL,SNOVA5B,mTLS,,,22,5.5870,11635.7880,126.2990,11767.6740,5000,5078,45,6264,4,14,5,20,85400,66278.0,71132.0,6849085.0,4556541.0,2,2,2,1
rp2040,wolfSSL,SNOVA5B,mTLS,,,23,5.4340,11642.1920,122.5380,11770.1640,5000,5078,45,6264,4,14,5,20,85400,66327.0,71371.0,6849689.0,4558554.0,2,2,2,1
rp2040,wolfSSL,SNOVA5B,mTLS,,,24,5.3890,11645.2340,117.1080,11767.7310,5000,5078,45,6264,4,14,5,20,85400,66207.0,71384.0,6854469.0,4560512.0,2,2,2,1
rp2040,wolfSSL,SNOVA5B,mTLS,,,25,15.3900,11644.8010,108.1180,11768.3090,5000,5078,45,6264,4,14,5,20,85400,66328.0,71265.0,6847994.0,4562833.0,2,2,2,1
rp2040,wolfSSL,SNOVA5B,mTLS,,,26,4.6170,11646.3900,114.1160,11765.1230,5000,5078,45,6264,4,14,5,20,85400,66289.0,71318.0,6859338.0,4555877.0,2,2,2,1
rp2040,wolfSSL,SNOVA5B,mTLS,,,27,6.4390,11635.6250,126.3990,11768.4630,5000,5078,45,6264,4,14,5,20,85400,66377.0,71122.0,6847719.0,4557591.0,2,2,2,1
rp2040,wolfSSL,SNOVA5B,mTLS,,,28,16.9310,11635.3210,116.9660,11769.2180,5000,5078,45,6264,4,14,5,20,85400,66278.0,71244.0,6844035.0,4559143.0,2,2,2,1
rp2040,wolfSSL,SNOVA5B,mTLS,,,29,6.3760,11634.0380,128.7200,11769.1340,5000,5078,45,6264,4,14,5,20,85400,66420.0,71318.0,6843116.0,4561467.0,2,2,2,1
rp2040,wolfSSL,SNOVA5B,mTLS,,,30,7.3980,11635.6060,48.1020,11691.1060,5000,5078,45,6264,4,14,5,20,85400,66364.0,71277.0,6848350.0,4555779.0,2,2,2,1
rp2040,wolfSSL,SNOVA5B,mTLS,,,31,4.4490,16194.3470,151.3680,16350.1640,5000,5078,45,6264,4,14,5,20,85400,66473.0,70957.0,6861965.0,9100175.0,2,2,2,1
rp2040,wolfSSL,SNOVA5B,mTLS,,,32,5.4770,16171.7800,96.4760,16273.7330,5000,5078,45,6264,4,14,5,20,85400,66336.0,71134.0,6837990.0,9101047.0,2,2,2,1
rp2040,wolfSSL,SNOVA5B,mTLS,,,33,6.4060,11636.6640,125.5750,11768.6450,5000,5078,45,6264,4,14,5,20,85400,66183.0,71104.0,6847202.0,4559269.0,2,2,2,1
rp2040,wolfSSL,SNOVA5B,mTLS,,,34,6.4990,11657.7960,104.8500,11769.1450,5000,5078,45,6264,4,14,5,20,85400,66284.0,70061.0,6847535.0,4560753.0,2,2,2,1
rp2040,wolfSSL,SNOVA5B,mTLS,,,35,10.3880,11645.2480,116.5990,11772.2350,5000,5078,45,6264,4,14,5,20,85400,66297.0,71113.0,6842126.0,4572633.0,2,2,2,1
rp2040,wolfSSL,SNOVA5B,mTLS,,,36,5.4010,11649.3760,85.9300,11740.7070,5000,5078,45,6264,4,14,5,20,85400,66302.0,70228.0,6858276.0,4559098.0,2,2,2,1
rp2040,wolfSSL,SNOVA5B,mTLS,,,37,20.4060,11638.3850,112.0340,11770.8250,5000,5078,45,6264,4,14,5,20,85400,66357.0,71292.0,6845568.0,4553774.0,2,2,2,1
rp2040,wolfSSL,SNOVA5B,mTLS,,,38,8.4080,11644.5600,114.5270,11767.4950,5000,5078,45,6264,4,14,5,20,85400,66256.0,71345.0,6853204.0,4560818.0,2,2,2,1
rp2040,wolfSSL,SNOVA5B,mTLS,,,39,5.3970,11638.9770,129.3650,11773.7390,5000,5078,45,6264,4,14,5,20,85400,66297.0,71115.0,6851307.0,4556806.0,2,2,2,1
rp2040,wolfSSL,SNOVA5B,mTLS,,,40,7.4050,11655.0550,102.8780,11765.3380,5000,5078,45,6264,4,14,5,20,85400,66372.0,71132.0,6850404.0,4571460.0,2,2,2,1
rp2040,wolfSSL,SNOVA5B,mTLS,,,41,4.7550,11646.1860,115.9060,11766.8470,5000,5078,45,6264,4,14,5,20,85400,66232.0,71878.0,6855435.0,4558762.0,2,2,2,1
rp2040,wolfSSL,SNOVA5B,mTLS,,,42,4.5470,16162.6120,108.4420,16275.6010,5000,5078,45,6264,4,14,5,20,85400,66249.0,71329.0,6843916.0,9086749.0,2,2,2,1
rp2040,wolfSSL,SNOVA5B,mTLS,,,43,5.4010,11640.3190,120.6300,11766.3500,5000,5078,45,6264,4,14,5,20,85400,66605.0,72767.0,6851831.0,4557947.0,2,2,2,1
rp2040,wolfSSL,SNOVA5B,mTLS,,,44,4.4460,16182.0240,88.6640,16275.1340,5000,5078,45,6264,4,14,5,20,85400,66402.0,71298.0,6847730.0,9102961.0,2,2,2,1
rp2040,wolfSSL,SNOVA5B,mTLS,,,45,4.6760,11647.8990,116.8400,11769.4150,5000,5078,45,6264,4,14,5,20,85400,66330.0,71181.0,6860918.0,4557171.0,2,2,2,1
rp2040,wolfSSL,SNOVA5B,mTLS,,,46,4.4350,16161.9420,114.0350,16280.4120,5000,5078,45,6264,4,14,5,20,85400,66434.0,71475.0,6846299.0,9081551.0,2,2,2,1
rp2040,wolfSSL,SNOVA5B,mTLS,,,47,5.3780,11636.3440,122.0700,11763.7920,5000,5078,45,6264,4,14,5,20,85400,66234.0,71304.0,6842871.0,4562687.0,2,2,2,1
rp2040,wolfSSL,SNOVA5B,mTLS,,,48,4.5910,11643.7900,50.8220,11699.2030,5000,5078,45,6264,4,14,5,20,85400,66262.0,71287.0,6850025.0,4558085.0,2,2,2,1
rp2040,wolfSSL,SNOVA5B,mTLS,,,49,7.5190,11651.4200,76.1910,11735.1300,5000,5078,45,6264,4,14,5,20,85400,66301.0,71317.0,6846228.0,4574092.0,2,2,2,1
rp2040,none,(plain MQTT reference),plain,,,0,5.3380,0.0000,6.0340,11.3720,0,0,23,4,0,0,1,1,95608,0.0,0.0,0.0,0.0,0,0,0,0
rp2040,none,(plain MQTT reference),plain,,,1,4.3570,0.0020,14.8630,19.2220,0,0,23,4,0,0,1,1,95384,0.0,0.0,0.0,0.0,0,0,0,0
rp2040,none,(plain MQTT reference),plain,,,2,9.3580,0.0010,32.2670,41.6260,0,0,23,4,0,0,1,1,95384,0.0,0.0,0.0,0.0,0,0,0,0
rp2040,none,(plain MQTT reference),plain,,,3,6.3820,0.0010,6.8900,13.2730,0,0,23,4,0,0,1,1,95384,0.0,0.0,0.0,0.0,0,0,0,0
rp2040,none,(plain MQTT reference),plain,,,4,4.3530,0.0010,16.5870,20.9410,0,0,23,4,0,0,1,1,95384,0.0,0.0,0.0,0.0,0,0,0,0
rp2040,none,(plain MQTT reference),plain,,,5,4.6710,0.0010,36.5310,41.2030,0,0,23,4,0,0,1,1,95384,0.0,0.0,0.0,0.0,0,0,0,0
rp2040,none,(plain MQTT reference),plain,,,6,7.3690,0.0010,6.3590,13.7290,0,0,23,4,0,0,1,1,95384,0.0,0.0,0.0,0.0,0,0,0,0
rp2040,none,(plain MQTT reference),plain,,,7,6.5330,0.0010,13.5890,20.1230,0,0,23,4,0,0,1,1,95384,0.0,0.0,0.0,0.0,0,0,0,0
rp2040,none,(plain MQTT reference),plain,,,8,4.3730,0.0020,6.4780,10.8530,0,0,23,4,0,0,1,1,95384,0.0,0.0,0.0,0.0,0,0,0,0
rp2040,none,(plain MQTT reference),plain,,,9,4.3540,0.0010,4.3100,8.6650,0,0,23,4,0,0,1,1,95384,0.0,0.0,0.0,0.0,0,0,0,0
rp2040,none,(plain MQTT reference),plain,,,10,6.4610,0.0010,9.3670,15.8290,0,0,23,4,0,0,1,1,95384,0.0,0.0,0.0,0.0,0,0,0,0
rp2040,none,(plain MQTT reference),plain,,,11,10.5680,0.0010,4.5450,15.1140,0,0,23,4,0,0,1,1,95384,0.0,0.0,0.0,0.0,0,0,0,0
rp2040,none,(plain MQTT reference),plain,,,12,7.6590,0.0010,30.0880,37.7480,0,0,23,4,0,0,1,1,95384,0.0,0.0,0.0,0.0,0,0,0,0
rp2040,none,(plain MQTT reference),plain,,,13,5.3730,0.0010,5.2880,10.6620,0,0,23,4,0,0,1,1,95384,0.0,0.0,0.0,0.0,0,0,0,0
rp2040,none,(plain MQTT reference),plain,,,14,4.4710,0.0010,5.5860,10.0580,0,0,23,4,0,0,1,1,95384,0.0,0.0,0.0,0.0,0,0,0,0
rp2040,none,(plain MQTT reference),plain,,,15,4.7890,0.0010,6.3020,11.0920,0,0,23,4,0,0,1,1,95384,0.0,0.0,0.0,0.0,0,0,0,0
rp2040,none,(plain MQTT reference),plain,,,16,30.7680,0.0020,5.0620,35.8320,0,0,23,4,0,0,1,1,95384,0.0,0.0,0.0,0.0,0,0,0,0
rp2040,none,(plain MQTT reference),plain,,,17,5.5130,0.0010,5.4550,10.9690,0,0,23,4,0,0,1,1,95384,0.0,0.0,0.0,0.0,0,0,0,0
rp2040,none,(plain MQTT reference),plain,,,18,4.4850,0.0020,14.5290,19.0160,0,0,23,4,0,0,1,1,95384,0.0,0.0,0.0,0.0,0,0,0,0
rp2040,none,(plain MQTT reference),plain,,,19,8.3850,0.0020,5.1170,13.5040,0,0,23,4,0,0,1,1,95384,0.0,0.0,0.0,0.0,0,0,0,0
rp2040,none,(plain MQTT reference),plain,,,20,25.4450,0.0010,4.9190,30.3650,0,0,23,4,0,0,1,1,95384,0.0,0.0,0.0,0.0,0,0,0,0
rp2040,none,(plain MQTT reference),plain,,,21,8.3830,0.0010,5.5370,13.9210,0,0,23,4,0,0,1,1,95384,0.0,0.0,0.0,0.0,0,0,0,0
rp2040,none,(plain MQTT reference),plain,,,22,4.3750,0.0010,11.6550,16.0310,0,0,23,4,0,0,1,1,95384,0.0,0.0,0.0,0.0,0,0,0,0
rp2040,none,(plain MQTT reference),plain,,,23,7.3810,0.0010,10.4100,17.7920,0,0,23,4,0,0,1,1,95384,0.0,0.0,0.0,0.0,0,0,0,0
rp2040,none,(plain MQTT reference),plain,,,24,4.3500,0.0020,18.9020,23.2540,0,0,23,4,0,0,1,1,95384,0.0,0.0,0.0,0.0,0,0,0,0
rp2040,none,(plain MQTT reference),plain,,,25,4.6580,0.0010,12.0840,16.7430,0,0,23,4,0,0,1,1,95384,0.0,0.0,0.0,0.0,0,0,0,0
rp2040,none,(plain MQTT reference),plain,,,26,10.7350,0.0010,32.0730,42.8090,0,0,23,4,0,0,1,1,95384,0.0,0.0,0.0,0.0,0,0,0,0
rp2040,none,(plain MQTT reference),plain,,,27,5.4200,0.0020,6.9500,12.3720,0,0,23,4,0,0,1,1,95384,0.0,0.0,0.0,0.0,0,0,0,0
rp2040,none,(plain MQTT reference),plain,,,28,5.3470,0.0020,5.0580,10.4070,0,0,23,4,0,0,1,1,95384,0.0,0.0,0.0,0.0,0,0,0,0
rp2040,none,(plain MQTT reference),plain,,,29,5.6040,0.0010,8.1620,13.7670,0,0,23,4,0,0,1,1,95384,0.0,0.0,0.0,0.0,0,0,0,0
rp2040,none,(plain MQTT reference),plain,,,30,54.4030,0.0010,5.1460,59.5500,0,0,23,4,0,0,1,1,95384,0.0,0.0,0.0,0.0,0,0,0,0
rp2040,none,(plain MQTT reference),plain,,,31,13.3690,0.0020,4.5590,17.9300,0,0,23,4,0,0,1,1,95384,0.0,0.0,0.0,0.0,0,0,0,0
rp2040,none,(plain MQTT reference),plain,,,32,8.6600,0.0010,29.8460,38.5070,0,0,23,4,0,0,1,1,95384,0.0,0.0,0.0,0.0,0,0,0,0
rp2040,none,(plain MQTT reference),plain,,,33,5.5020,0.0010,6.7490,12.2520,0,0,23,4,0,0,1,1,95384,0.0,0.0,0.0,0.0,0,0,0,0
rp2040,none,(plain MQTT reference),plain,,,34,3.4210,0.0020,6.8350,10.2580,0,0,23,4,0,0,1,1,95384,0.0,0.0,0.0,0.0,0,0,0,0
rp2040,none,(plain MQTT reference),plain,,,35,5.3630,0.0010,6.3300,11.6940,0,0,23,4,0,0,1,1,95384,0.0,0.0,0.0,0.0,0,0,0,0
rp2040,none,(plain MQTT reference),plain,,,36,28.3740,0.0010,4.4940,32.8690,0,0,23,4,0,0,1,1,95384,0.0,0.0,0.0,0.0,0,0,0,0
rp2040,none,(plain MQTT reference),plain,,,37,5.3790,0.0020,6.6980,12.0790,0,0,23,4,0,0,1,1,95384,0.0,0.0,0.0,0.0,0,0,0,0
rp2040,none,(plain MQTT reference),plain,,,38,5.3800,0.0020,7.5060,12.8880,0,0,23,4,0,0,1,1,95384,0.0,0.0,0.0,0.0,0,0,0,0
rp2040,none,(plain MQTT reference),plain,,,39,4.3650,0.0010,6.4740,10.8400,0,0,23,4,0,0,1,1,95384,0.0,0.0,0.0,0.0,0,0,0,0
rp2040,none,(plain MQTT reference),plain,,,40,34.4530,0.0010,5.8420,40.2960,0,0,23,4,0,0,1,1,95384,0.0,0.0,0.0,0.0,0,0,0,0
rp2040,none,(plain MQTT reference),plain,,,41,5.6000,0.0010,5.1130,10.7140,0,0,23,4,0,0,1,1,95384,0.0,0.0,0.0,0.0,0,0,0,0
rp2040,none,(plain MQTT reference),plain,,,42,14.4690,0.0020,4.6300,19.1010,0,0,23,4,0,0,1,1,95384,0.0,0.0,0.0,0.0,0,0,0,0
rp2040,none,(plain MQTT reference),plain,,,43,33.3810,0.0010,5.0040,38.3860,0,0,23,4,0,0,1,1,95384,0.0,0.0,0.0,0.0,0,0,0,0
rp2040,none,(plain MQTT reference),plain,,,44,4.6950,0.0010,6.7380,11.4340,0,0,23,4,0,0,1,1,95384,0.0,0.0,0.0,0.0,0,0,0,0
rp2040,none,(plain MQTT reference),plain,,,45,15.7640,0.0020,5.3510,21.1170,0,0,23,4,0,0,1,1,95384,0.0,0.0,0.0,0.0,0,0,0,0
rp2040,none,(plain MQTT reference),plain,,,46,5.3830,0.0010,28.1190,33.5030,0,0,23,4,0,0,1,1,95384,0.0,0.0,0.0,0.0,0,0,0,0
rp2040,none,(plain MQTT reference),plain,,,47,5.3790,0.0010,5.3030,10.6830,0,0,23,4,0,0,1,1,95384,0.0,0.0,0.0,0.0,0,0,0,0
rp2040,none,(plain MQTT reference),plain,,,48,4.3650,0.0010,4.2900,8.6560,0,0,23,4,0,0,1,1,95384,0.0,0.0,0.0,0.0,0,0,0,0
rp2040,none,(plain MQTT reference),plain,,,49,8.3610,0.0010,6.6640,15.0260,0,0,23,4,0,0,1,1,95384,0.0,0.0,0.0,0.0,0,0,0,0
rp2040,wolfSSL,SNOVA5S,TLS,,,0,4.4290,7082.5370,11.8140,7098.7800,1391,5517,45,568,2,12,3,18,91560,66301.0,71320.0,6855111.0,0.0,2,2,2,0
rp2040,wolfSSL,SNOVA5S,TLS,,,1,6.4660,7069.3250,149.0500,7224.8410,1391,5517,45,568,2,12,3,18,91560,66281.0,71379.0,6854605.0,0.0,2,2,2,0
rp2040,wolfSSL,SNOVA5S,TLS,,,2,4.7390,7082.7090,73.6410,7161.0890,1391,5517,45,568,2,12,3,18,91560,66625.0,70986.0,6854193.0,0.0,2,2,2,0
rp2040,wolfSSL,SNOVA5S,TLS,,,3,6.5170,7076.1470,12.3240,7094.9880,1391,5517,45,568,2,12,3,18,91560,66237.0,71505.0,6851771.0,0.0,2,2,2,0
rp2040,wolfSSL,SNOVA5S,TLS,,,4,5.4510,7088.9140,126.3650,7220.7300,1391,5517,45,568,2,12,3,18,91560,66445.0,70235.0,6873397.0,0.0,2,2,2,0
rp2040,wolfSSL,SNOVA5S,TLS,,,5,4.8210,7083.0730,71.1160,7159.0100,1391,5517,45,568,2,12,3,18,91560,66488.0,71280.0,6860650.0,0.0,2,2,2,0
rp2040,wolfSSL,SNOVA5S,TLS,,,6,5.6300,7068.7580,14.3080,7088.6960,1391,5517,45,568,2,12,3,18,91560,66246.0,71208.0,6853010.0,0.0,2,2,2,0
rp2040,wolfSSL,SNOVA5S,TLS,,,7,14.4020,7071.9970,141.0060,7227.4050,1391,5517,45,568,2,12,3,18,91560,66275.0,71488.0,6857845.0,0.0,2,2,2,0
rp2040,wolfSSL,SNOVA5S,TLS,,,8,4.7940,7094.7800,66.0600,7165.6340,1391,5517,45,568,2,12,3,18,91560,66453.0,71357.0,6859401.0,0.0,2,2,2,0
rp2040,wolfSSL,SNOVA5S,TLS,,,9,6.3920,7080.9580,73.2570,7160.6070,1391,5517,45,568,2,12,3,18,91560,66243.0,71378.0,6858286.0,0.0,2,2,2,0
rp2040,wolfSSL,SNOVA5S,TLS,,,10,6.6910,7066.2280,84.3200,7157.2390,1391,5517,45,568,2,12,3,18,91560,66468.0,71642.0,6850412.0,0.0,2,2,2,0
rp2040,wolfSSL,SNOVA5S,TLS,,,11,21.1250,7061.7820,13.3580,7096.2650,1391,5517,45,568,2,12,3,18,91560,66318.0,72728.0,6851204.0,0.0,2,2,2,0
rp2040,wolfSSL,SNOVA5S,TLS,,,12,6.4820,7076.2350,143.3630,7226.0800,1391,5517,45,568,2,12,3,18,91560,66352.0,71282.0,6865843.0,0.0,2,2,2,0
rp2040,wolfSSL,SNOVA5S,TLS,,,13,5.3980,7081.9940,12.5160,7099.9080,1391,5517,45,568,2,12,3,18,91560,66410.0,71061.0,6855110.0,0.0,2,2,2,0
rp2040,wolfSSL,SNOVA5S,TLS,,,14,6.4010,7078.3800,137.6270,7222.4080,1391,5517,45,568,2,12,3,18,91560,66283.0,71883.0,6862781.0,0.0,2,2,2,0
rp2040,wolfSSL,SNOVA5S,TLS,,,15,5.3990,7085.1260,70.8060,7161.3310,1391,5517,45,568,2,12,3,18,91560,66169.0,71270.0,6857777.0,0.0,2,2,2,0
rp2040,wolfSSL,SNOVA5S,TLS,,,16,6.4910,7083.7160,75.2480,7165.4550,1391,5517,45,568,2,12,3,18,91560,66548.0,72639.0,6854152.0,0.0,2,2,2,0
rp2040,wolfSSL,SNOVA5S,TLS,,,17,5.4210,7071.5870,12.6600,7089.6680,1391,5517,45,568,2,12,3,18,91560,66464.0,70215.0,6854055.0,0.0,2,2,2,0
rp2040,wolfSSL,SNOVA5S,TLS,,,18,3.4270,7071.2890,146.2170,7220.9330,1391,5517,45,568,2,12,3,18,91560,66127.0,71375.0,6858291.0,0.0,2,2,2,0
rp2040,wolfSSL,SNOVA5S,TLS,,,19,4.4300,7074.9500,13.1880,7092.5680,1391,5517,45,568,2,12,3,18,91560,66288.0,72675.0,6857515.0,0.0,2,2,2,0
rp2040,wolfSSL,SNOVA5S,TLS,,,20,5.4200,7063.5350,312.6380,7381.5930,1391,5517,45,568,2,12,3,18,91560,66110.0,71424.0,6852474.0,0.0,2,2,2,0
rp2040,wolfSSL,SNOVA5S,TLS,,,21,7.6180,7079.9890,78.3440,7165.9510,1391,5517,45,568,2,12,3,18,91560,66317.0,71345.0,6847432.0,0.0,2,2,2,0
rp2040,wolfSSL,SNOVA5S,TLS,,,22,5.3800,7094.0410,64.6240,7164.0450,1391,5517,45,568,2,12,3,18,91560,66286.0,71850.0,6861238.0,0.0,2,2,2,0
rp2040,wolfSSL,SNOVA5S,TLS,,,23,5.3840,7074.7440,77.5220,7157.6500,1391,5517,45,568,2,12,3,18,91560,66237.0,71520.0,6855507.0,0.0,2,2,2,0
rp2040,wolfSSL,SNOVA5S,TLS,,,24,9.3960,7071.9410,78.2700,7159.6070,1391,5517,45,568,2,12,3,18,91560,66420.0,70910.0,6850312.0,0.0,2,2,2,0
rp2040,wolfSSL,SNOVA5S,TLS,,,25,5.3910,7088.5320,69.3920,7163.3150,1391,5517,45,568,2,12,3,18,91560,66274.0,71262.0,6859849.0,0.0,2,2,2,0
rp2040,wolfSSL,SNOVA5S,TLS,,,26,6.4300,7074.6490,81.2440,7162.3230,1391,5517,45,568,2,12,3,18,91560,66275.0,71649.0,6852988.0,0.0,2,2,2,0
rp2040,wolfSSL,SNOVA5S,TLS,,,27,6.6220,7071.2420,77.8850,7155.7490,1391,5517,45,568,2,12,3,18,91560,66268.0,72284.0,6849432.0,0.0,2,2,2,0
rp2040,wolfSSL,SNOVA5S,TLS,,,28,11.4100,7076.1760,76.5460,7164.1320,1391,5517,45,568,2,12,3,18,91560,66250.0,71292.0,6853385.0,0.0,2,2,2,0
rp2040,wolfSSL,SNOVA5S,TLS,,,29,6.4030,7099.1970,49.5150,7155.1150,1391,5517,45,568,2,12,3,18,91560,66237.0,71457.0,6869591.0,0.0,2,2,2,0
rp2040,wolfSSL,SNOVA5S,TLS,,,30,5.4360,7084.8470,12.6860,7102.9690,1391,5517,45,568,2,12,3,18,91560,66395.0,71300.0,6853692.0,0.0,2,2,2,0
rp2040,wolfSSL,SNOVA5S,TLS,,,31,5.6380,7062.9980,52.3220,7120.9580,1391,5517,45,568,2,12,3,18,91560,66282.0,71325.0,6849057.0,0.0,2,2,2,0
rp2040,wolfSSL,SNOVA5S,TLS,,,32,5.4440,7077.6110,80.5240,7163.5790,1391,5517,45,568,2,12,3,18,91560,66259.0,71393.0,6851109.0,0.0,2,2,2,0
rp2040,wolfSSL,SNOVA5S,TLS,,,33,5.6230,7081.3510,69.8990,7156.8730,1391,5517,45,568,2,12,3,18,91560,66254.0,72405.0,6858234.0,0.0,2,2,2,0
rp2040,wolfSSL,SNOVA5S,TLS,,,34,7.3990,7078.0740,75.2820,7160.7550,1391,5517,45,568,2,12,3,18,91560,66129.0,71244.0,6858505.0,0.0,2,2,2,0
rp2040,wolfSSL,SNOVA5S,TLS,,,35,6.5840,7083.5380,71.3480,7161.4700,1391,5517,45,568,2,12,3,18,91560,66236.0,71333.0,6853405.0,0.0,2,2,2,0
rp2040,wolfSSL,SNOVA5S,TLS,,,36,6.4090,7075.5660,77.6960,7159.6710,1391,5517,45,568,2,12,3,18,91560,66251.0,71165.0,6857095.0,0.0,2,2,2,0
rp2040,wolfSSL,SNOVA5S,TLS,,,37,4.4300,7083.4830,73.5040,7161.4170,1391,5517,45,568,2,12,3,18,91560,66158.0,71426.0,6864750.0,0.0,2,2,2,0
rp2040,wolfSSL,SNOVA5S,TLS,,,38,7.6440,7068.0810,84.4150,7160.1400,1391,5517,45,568,2,12,3,18,91560,66333.0,71094.0,6851322.0,0.0,2,2,2,0
rp2040,wolfSSL,SNOVA5S,TLS,,,39,5.3880,7081.4860,12.3720,7099.2460,1391,5517,45,568,2,12,3,18,91560,66253.0,71338.0,6857579.0,0.0,2,2,2,0
rp2040,wolfSSL,SNOVA5S,TLS,,,40,5.3830,7069.1560,144.7450,7219.2840,1391,5517,45,568,2,12,3,18,91560,66415.0,71643.0,6855857.0,0.0,2,2,2,0
rp2040,wolfSSL,SNOVA5S,TLS,,,41,5.4160,7079.4930,12.4480,7097.3570,1391,5517,45,568,2,12,3,18,91560,66420.0,71333.0,6855935.0,0.0,2,2,2,0
rp2040,wolfSSL,SNOVA5S,TLS,,,42,6.6120,7067.2150,50.5490,7124.3760,1391,5517,45,568,2,12,3,18,91560,66332.0,71538.0,6854310.0,0.0,2,2,2,0
rp2040,wolfSSL,SNOVA5S,TLS,,,43,4.5060,7074.0400,81.0650,7159.6110,1391,5517,45,568,2,12,3,18,91560,66417.0,71318.0,6847448.0,0.0,2,2,2,0
rp2040,wolfSSL,SNOVA5S,TLS,,,44,6.3850,7088.2490,26.3890,7121.0230,1391,5517,45,568,2,12,3,18,91560,66315.0,71463.0,6863893.0,0.0,2,2,2,0
rp2040,wolfSSL,SNOVA5S,TLS,,,45,34.4170,7093.1930,66.0270,7193.6370,1391,5517,45,568,2,12,3,18,91560,66248.0,71217.0,6858806.0,0.0,2,2,2,0
rp2040,wolfSSL,SNOVA5S,TLS,,,46,5.3990,7095.4420,61.9480,7162.7890,1391,5517,45,568,2,12,3,18,91560,66427.0,71285.0,6867269.0,0.0,2,2,2,0
rp2040,wolfSSL,SNOVA5S,TLS,,,47,5.4720,7091.1970,67.2130,7163.8820,1391,5517,45,568,2,12,3,18,91560,66268.0,72787.0,6859698.0,0.0,2,2,2,0
rp2040,wolfSSL,SNOVA5S,TLS,,,48,5.3960,7078.4390,73.0760,7156.9110,1391,5517,45,568,2,12,3,18,91560,66133.0,71332.0,6850324.0,0.0,2,2,2,0
rp2040,wolfSSL,SNOVA5S,TLS,,,49,4.6480,7078.7300,78.6510,7162.0290,1391,5517,45,568,2,12,3,18,91560,66430.0,71292.0,6851454.0,0.0,2,2,2,0
rp2040,wolfSSL,SNOVA5S,mTLS,,,0,5.3650,11604.0190,56.7410,11666.1250,5625,5703,45,7736,4,14,5,20,85072,66395.0,71462.0,6847710.0,4515318.0,2,2,2,1
rp2040,wolfSSL,SNOVA5S,mTLS,,,1,6.3810,11608.9380,154.4540,11769.7730,5625,5703,45,7736,4,14,5,20,85072,66295.0,71345.0,6846802.0,4519311.0,2,2,2,1
rp2040,wolfSSL,SNOVA5S,mTLS,,,2,5.6740,16103.9120,161.8070,16271.3930,5625,5703,45,7736,4,14,5,20,85072,66293.0,71911.0,6843281.0,9022229.0,2,2,2,1
rp2040,wolfSSL,SNOVA5S,mTLS,,,3,4.3610,11607.9070,80.8960,11693.1640,5625,5703,45,7736,4,14,5,20,85072,66155.0,70590.0,6844416.0,4520324.0,2,2,2,1
rp2040,wolfSSL,SNOVA5S,mTLS,,,4,6.3780,11586.5660,150.6240,11743.5680,5625,5703,45,7736,4,14,5,20,85072,66220.0,71583.0,6835114.0,4512965.0,2,2,2,1
rp2040,wolfSSL,SNOVA5S,mTLS,,,5,5.3730,16088.8300,80.7500,16174.9530,5625,5703,45,7736,4,14,5,20,85072,66231.0,71521.0,6843905.0,9009804.0,2,2,2,1
rp2040,wolfSSL,SNOVA5S,mTLS,,,6,115.4880,11603.5740,146.5650,11865.6270,5625,5703,45,7736,4,14,5,20,85072,66251.0,71875.0,6844290.0,4522337.0,2,2,2,1
rp2040,wolfSSL,SNOVA5S,mTLS,,,7,5.3800,11613.8760,150.9930,11770.2490,5625,5703,45,7736,4,14,5,20,85072,66461.0,71595.0,6853933.0,4524170.0,2,2,2,1
rp2040,wolfSSL,SNOVA5S,mTLS,,,8,5.4420,11607.7660,158.6400,11771.8480,5625,5703,45,7736,4,14,5,20,85072,66274.0,71556.0,6846868.0,4518835.0,2,2,2,1
rp2040,wolfSSL,SNOVA5S,mTLS,,,9,5.7280,11598.6800,56.7630,11661.1710,5625,5703,45,7736,4,14,5,20,85072,66308.0,71531.0,6839439.0,4521481.0,2,2,2,1
rp2040,wolfSSL,SNOVA5S,mTLS,,,10,5.4740,11612.2190,152.0740,11769.7670,5625,5703,45,7736,4,14,5,20,85072,66183.0,71541.0,6852162.0,4520487.0,2,2,2,1
rp2040,wolfSSL,SNOVA5S,mTLS,,,11,6.5610,11592.7900,66.6470,11665.9980,5625,5703,45,7736,4,14,5,20,85072,66383.0,71757.0,6842436.0,4515252.0,2,2,2,1
rp2040,wolfSSL,SNOVA5S,mTLS,,,12,5.3690,11617.7270,150.2550,11773.3510,5625,5703,45,7736,4,14,5,20,85072,66426.0,71621.0,6856193.0,4517312.0,2,2,2,1
rp2040,wolfSSL,SNOVA5S,mTLS,,,13,5.5820,11611.1670,54.0120,11670.7610,5625,5703,45,7736,4,14,5,20,85072,66329.0,71333.0,6851389.0,4525201.0,2,2,2,1
rp2040,wolfSSL,SNOVA5S,mTLS,,,14,4.3710,11599.5910,84.3470,11688.3090,5625,5703,45,7736,4,14,5,20,85072,66391.0,71724.0,6846617.0,4517260.0,2,2,2,1
rp2040,wolfSSL,SNOVA5S,mTLS,,,15,5.5750,11597.3640,136.1380,11739.0770,5625,5703,45,7736,4,14,5,20,85072,66274.0,71454.0,6844837.0,4514194.0,2,2,2,1
rp2040,wolfSSL,SNOVA5S,mTLS,,,16,4.5050,11603.6400,165.1000,11773.2450,5625,5703,45,7736,4,14,5,20,85072,66244.0,73101.0,6845915.0,4519237.0,2,2,2,1
rp2040,wolfSSL,SNOVA5S,mTLS,,,17,4.8720,11607.9580,151.4770,11764.3070,5625,5703,45,7736,4,14,5,20,85072,66571.0,71476.0,6854499.0,4518956.0,2,2,2,1
rp2040,wolfSSL,SNOVA5S,mTLS,,,18,5.4110,11594.7840,67.0940,11667.2890,5625,5703,45,7736,4,14,5,20,85072,66279.0,71501.0,6842689.0,4518580.0,2,2,2,1
rp2040,wolfSSL,SNOVA5S,mTLS,,,19,5.7080,11608.0800,158.1750,11771.9630,5625,5703,45,7736,4,14,5,20,85072,66412.0,71579.0,6847866.0,4521689.0,2,2,2,1
rp2040,wolfSSL,SNOVA5S,mTLS,,,20,6.3940,11595.2230,63.4560,11665.0730,5625,5703,45,7736,4,14,5,20,85072,66182.0,72678.0,6840122.0,4517606.0,2,2,2,1
rp2040,wolfSSL,SNOVA5S,mTLS,,,21,4.6650,11604.9140,154.3850,11763.9640,5625,5703,45,7736,4,14,5,20,85072,66417.0,71368.0,6841361.0,4523740.0,2,2,2,1
rp2040,wolfSSL,SNOVA5S,mTLS,,,22,5.6800,11620.7020,142.7530,11769.1350,5625,5703,45,7736,4,14,5,20,85072,66249.0,71462.0,6861772.0,4521698.0,2,2,2,1
rp2040,wolfSSL,SNOVA5S,mTLS,,,23,8.3590,11612.5520,148.3390,11769.2500,5625,5703,45,7736,4,14,5,20,85072,66443.0,71888.0,6850131.0,4522244.0,2,2,2,1
rp2040,wolfSSL,SNOVA5S,mTLS,,,24,5.6650,16094.5630,75.9380,16176.1660,5625,5703,45,7736,4,14,5,20,85072,66397.0,71850.0,6848208.0,9009216.0,2,2,2,1
rp2040,wolfSSL,SNOVA5S,mTLS,,,25,5.5440,11588.9420,68.4220,11662.9080,5625,5703,45,7736,4,14,5,20,85072,66410.0,71284.0,6838016.0,4513779.0,2,2,2,1
rp2040,wolfSSL,SNOVA5S,mTLS,,,26,5.4970,11599.8320,61.9040,11667.2330,5625,5703,45,7736,4,14,5,20,85072,66294.0,71547.0,6847420.0,4517506.0,2,2,2,1
rp2040,wolfSSL,SNOVA5S,mTLS,,,27,6.4670,11606.3130,156.3700,11769.1500,5625,5703,45,7736,4,14,5,20,85072,66254.0,71758.0,6853223.0,4518780.0,2,2,2,1
rp2040,wolfSSL,SNOVA5S,mTLS,,,28,4.3790,11600.0070,65.0950,11669.4810,5625,5703,45,7736,4,14,5,20,85072,66244.0,71357.0,6842594.0,4518610.0,2,2,2,1
rp2040,wolfSSL,SNOVA5S,mTLS,,,29,6.5450,11600.8920,159.1170,11766.5540,5625,5703,45,7736,4,14,5,20,85072,66322.0,71835.0,6842059.0,4522300.0,2,2,2,1
rp2040,wolfSSL,SNOVA5S,mTLS,,,30,4.5690,11601.9450,62.1280,11668.6420,5625,5703,45,7736,4,14,5,20,85072,66406.0,72047.0,6840728.0,4520310.0,2,2,2,1
rp2040,wolfSSL,SNOVA5S,mTLS,,,31,4.7620,11612.9950,70.6770,11688.4340,5625,5703,45,7736,4,14,5,20,85072,66244.0,71396.0,6852189.0,4522523.0,2,2,2,1
rp2040,wolfSSL,SNOVA5S,mTLS,,,32,4.3830,11613.9420,120.7360,11739.0610,5625,5703,45,7736,4,14,5,20,85072,66383.0,70291.0,6857968.0,4521225.0,2,2,2,1
rp2040,wolfSSL,SNOVA5S,mTLS,,,33,5.4000,11607.1510,48.3040,11660.8550,5625,5703,45,7736,4,14,5,20,85072,66553.0,71401.0,6848201.0,4520030.0,2,2,2,1
rp2040,wolfSSL,SNOVA5S,mTLS,,,34,5.5710,11609.2470,154.5580,11769.3760,5625,5703,45,7736,4,14,5,20,85072,66177.0,71752.0,6848379.0,4521818.0,2,2,2,1
rp2040,wolfSSL,SNOVA5S,mTLS,,,35,4.4000,11610.5040,157.0220,11771.9260,5625,5703,45,7736,4,14,5,20,85072,66791.0,71760.0,6846902.0,4525095.0,2,2,2,1
rp2040,wolfSSL,SNOVA5S,mTLS,,,36,4.3770,11609.9060,150.7370,11765.0200,5625,5703,45,7736,4,14,5,20,85072,66229.0,71170.0,6849644.0,4522089.0,2,2,2,1
rp2040,wolfSSL,SNOVA5S,mTLS,,,37,5.4090,11618.0650,145.5060,11768.9800,5625,5703,45,7736,4,14,5,20,85072,66340.0,71511.0,6857322.0,4519313.0,2,2,2,1
rp2040,wolfSSL,SNOVA5S,mTLS,,,38,5.3770,11610.8500,150.5600,11766.7870,5625,5703,45,7736,4,14,5,20,85072,66444.0,71329.0,6846772.0,4523165.0,2,2,2,1
rp2040,wolfSSL,SNOVA5S,mTLS,,,39,4.5160,11608.8820,155.6530,11769.0510,5625,5703,45,7736,4,14,5,20,85072,66370.0,71392.0,6848081.0,4522566.0,2,2,2,1
rp2040,wolfSSL,SNOVA5S,mTLS,,,40,5.4880,16087.3080,74.8600,16167.6560,5625,5703,45,7736,4,14,5,20,85072,66383.0,71804.0,6841498.0,9006977.0,2,2,2,1
rp2040,wolfSSL,SNOVA5S,mTLS,,,41,4.4390,11597.5480,65.3960,11667.3830,5625,5703,45,7736,4,14,5,20,85072,66327.0,71326.0,6837795.0,4521788.0,2,2,2,1
rp2040,wolfSSL,SNOVA5S,mTLS,,,42,4.4550,11616.3400,146.0410,11766.8360,5625,5703,45,7736,4,14,5,20,85072,66254.0,71675.0,6857621.0,4518179.0,2,2,2,1
rp2040,wolfSSL,SNOVA5S,mTLS,,,43,6.4180,11612.6660,143.8430,11762.9270,5625,5703,45,7736,4,14,5,20,85072,66286.0,72793.0,6853145.0,4521113.0,2,2,2,1
rp2040,wolfSSL,SNOVA5S,mTLS,,,44,4.5050,11611.0640,154.6150,11770.1840,5625,5703,45,7736,4,14,5,20,85072,66134.0,71224.0,6846817.0,4525147.0,2,2,2,1
rp2040,wolfSSL,SNOVA5S,mTLS,,,45,5.6330,11593.5780,68.0090,11667.2200,5625,5703,45,7736,4,14,5,20,85072,66406.0,71242.0,6843559.0,4516011.0,2,2,2,1
rp2040,wolfSSL,SNOVA5S,mTLS,,,46,5.5740,11602.0170,56.2230,11663.8140,5625,5703,45,7736,4,14,5,20,85072,66448.0,71779.0,6842012.0,4517726.0,2,2,2,1
rp2040,wolfSSL,SNOVA5S,mTLS,,,47,4.5760,11617.1300,74.0450,11695.7510,5625,5703,45,7736,4,14,5,20,85072,66431.0,71361.0,6859212.0,4519132.0,2,2,2,1
rp2040,wolfSSL,SNOVA5S,mTLS,,,48,5.8010,11603.1120,128.2720,11737.1850,5625,5703,45,7736,4,14,5,20,85072,66374.0,71392.0,6846087.0,4517789.0,2,2,2,1
rp2040,wolfSSL,SNOVA5S,mTLS,,,49,6.7120,11606.5570,45.2440,11658.5130,5625,5703,45,7736,4,14,5,20,85072,66254.0,71317.0,6849970.0,4521722.0,2,2,2,1
