Board,Library,Signature,Mode,iter,tcp_ms,tls_ms,mqtt_ms,total_ms,hs_tx_B,hs_rx_B,mqtt_tx_B,mqtt_rx_B,hs_writes,hs_reads,writes,reads,tx_segs,rx_segs,hs_keygen_us,hs_derive_us,hs_verify_us,hs_sign_us,hs_keygen_n,hs_derive_n,hs_verify_n,hs_sign_n
pi4,OpenSSL,DEPLOY,TLS,0,4.9607,12.4709,6.7868,24.2185,1568,7823,45,568,2,15,3,21,13,13,403.3,515.8,1076.3,0.0,1,1,2,0
pi4,OpenSSL,DEPLOY,TLS,1,6.3385,141.3919,5.2580,152.9884,1568,7823,45,568,2,12,3,18,13,15,415.3,545.0,1073.7,0.0,1,1,2,0
pi4,OpenSSL,DEPLOY,TLS,2,6.1188,14.1643,5.4172,25.7002,1568,7823,45,568,2,12,3,18,11,14,396.0,512.4,1068.4,0.0,1,1,2,0
pi4,OpenSSL,DEPLOY,TLS,3,4.7321,135.2114,6.6587,146.6022,1568,7823,45,568,2,12,3,18,15,16,389.1,554.2,1102.9,0.0,1,1,2,0
pi4,OpenSSL,DEPLOY,TLS,4,6.7790,12.9475,5.7881,25.5146,1568,7823,45,568,2,14,3,20,13,13,395.7,504.8,1068.1,0.0,1,1,2,0
pi4,OpenSSL,DEPLOY,TLS,5,133.2213,12.8124,6.8977,152.9313,1568,7823,45,568,2,14,3,20,14,15,408.1,510.1,1073.1,0.0,1,1,2,0
pi4,OpenSSL,DEPLOY,TLS,6,5.0979,13.5523,131.4285,150.0788,1568,7823,45,568,2,14,3,20,13,16,389.3,538.8,1097.8,0.0,1,1,2,0
pi4,OpenSSL,DEPLOY,TLS,7,5.0929,16.5636,6.2113,27.8678,1568,7823,45,568,2,15,3,21,13,14,405.6,510.8,1074.6,0.0,1,1,2,0
pi4,OpenSSL,DEPLOY,TLS,8,4.9490,139.2477,7.3799,151.5766,1568,7823,45,568,2,12,3,18,14,15,398.2,553.8,1110.9,0.0,1,1,2,0
pi4,OpenSSL,DEPLOY,TLS,9,6.9193,15.6723,6.0245,28.6160,1568,7823,45,568,2,14,3,20,11,14,393.1,508.3,1082.4,0.0,1,1,2,0
pi4,OpenSSL,DEPLOY,TLS,10,129.1262,13.5908,6.0580,148.7750,1568,7823,45,568,2,14,3,20,14,16,406.6,509.9,1072.7,0.0,1,1,2,0
pi4,OpenSSL,DEPLOY,TLS,11,6.8234,13.4361,130.4918,150.7512,1568,7823,45,568,2,15,3,21,14,15,388.0,504.7,1066.3,0.0,1,1,2,0
pi4,OpenSSL,DEPLOY,TLS,12,5.5490,15.9342,7.1744,28.6575,1568,7823,45,568,2,15,3,21,13,14,397.1,509.1,1074.7,0.0,1,1,2,0
pi4,OpenSSL,DEPLOY,TLS,13,5.9435,137.3165,4.9406,148.2005,1568,7823,45,568,2,12,3,18,12,14,410.9,545.4,1110.5,0.0,1,1,2,0
pi4,OpenSSL,DEPLOY,TLS,14,8.8863,15.7559,6.5172,31.1593,1568,7823,45,568,2,14,3,20,13,15,394.3,535.4,1074.1,0.0,1,1,2,0
pi4,OpenSSL,DEPLOY,TLS,15,131.1271,14.6119,11.3934,157.1324,1568,7823,45,568,2,16,3,22,14,15,406.1,511.0,1106.8,0.0,1,1,2,0
pi4,OpenSSL,DEPLOY,TLS,16,7.7188,138.4544,5.3544,151.5276,1568,7823,45,568,2,12,3,18,14,15,398.2,552.9,1111.2,0.0,1,1,2,0
pi4,OpenSSL,DEPLOY,TLS,17,5.4269,15.6522,10.4282,31.5073,1568,7823,45,568,2,17,3,23,16,15,413.5,537.0,1077.8,0.0,1,1,2,0
pi4,OpenSSL,DEPLOY,TLS,18,129.5721,14.6151,7.5689,151.7561,1568,7823,45,568,2,14,3,20,14,15,437.7,516.8,1225.6,0.0,1,1,2,0
pi4,OpenSSL,DEPLOY,TLS,19,7.6870,15.1405,127.3867,150.2142,1568,7823,45,568,2,15,3,21,17,17,394.3,505.5,1091.1,0.0,1,1,2,0
pi4,OpenSSL,DEPLOY,TLS,20,6.1384,14.6485,5.7720,26.5589,1568,7823,45,568,2,14,3,20,13,14,402.4,511.0,1097.6,0.0,1,1,2,0
pi4,OpenSSL,DEPLOY,TLS,21,5.9503,138.0119,4.6833,148.6454,1568,7823,45,568,2,12,3,18,11,14,389.6,546.3,1067.5,0.0,1,1,2,0
pi4,OpenSSL,DEPLOY,TLS,22,6.5157,15.8963,5.7038,28.1158,1568,7823,45,568,2,15,3,21,13,14,390.5,508.8,1065.3,0.0,1,1,2,0
pi4,OpenSSL,DEPLOY,TLS,23,132.2039,14.0061,8.8198,155.0298,1568,7823,45,568,2,14,3,20,14,15,409.2,535.5,1073.6,0.0,1,1,2,0
pi4,OpenSSL,DEPLOY,TLS,24,10.2089,14.6065,4.9489,29.7644,1568,7823,45,568,2,14,3,20,11,14,392.8,505.4,1070.9,0.0,1,1,2,0
pi4,OpenSSL,DEPLOY,TLS,25,5.0128,16.0391,4.7400,25.7919,1568,7823,45,568,2,14,3,20,16,15,388.9,506.4,1068.0,0.0,1,1,2,0
pi4,OpenSSL,DEPLOY,TLS,26,94.7935,16.1686,4.5917,115.5537,1568,7823,45,568,2,17,3,23,14,14,403.9,507.3,1090.2,0.0,1,1,2,0
pi4,OpenSSL,DEPLOY,TLS,27,5.1028,16.2121,94.7315,116.0464,1568,7823,45,568,2,15,3,21,17,16,395.9,539.6,1073.7,0.0,1,1,2,0
pi4,OpenSSL,DEPLOY,TLS,28,7.0890,15.5269,8.2620,30.8779,1568,7823,45,568,2,14,3,20,10,14,400.9,511.0,1077.3,0.0,1,1,2,0
pi4,OpenSSL,DEPLOY,TLS,29,7.1544,17.5456,8.2041,32.9041,1568,7823,45,568,2,15,3,21,13,13,407.2,510.5,1074.2,0.0,1,1,2,0
pi4,OpenSSL,DEPLOY,TLS,30,7.8244,12.0947,9.7877,29.7069,1568,7823,45,568,2,15,3,21,13,13,527.3,535.5,1072.6,0.0,1,1,2,0
pi4,OpenSSL,DEPLOY,TLS,31,9.8451,18.2690,9.5227,37.6369,1568,7823,45,568,2,15,3,21,13,14,406.4,526.3,1102.1,0.0,1,1,2,0
pi4,OpenSSL,DEPLOY,TLS,32,7.7210,14.5797,6.9411,29.2419,1568,7823,45,568,2,15,3,21,13,14,389.1,526.0,1087.2,0.0,1,1,2,0
pi4,OpenSSL,DEPLOY,TLS,33,10.8655,11.4443,5.0719,27.3817,1568,7823,45,568,2,15,3,21,13,13,389.8,503.7,1069.2,0.0,1,1,2,0
pi4,OpenSSL,DEPLOY,TLS,34,6.9018,14.1124,9.3922,30.4064,1568,7823,45,568,2,15,3,21,13,14,404.7,523.3,1077.9,0.0,1,1,2,0
pi4,OpenSSL,DEPLOY,TLS,35,5.6391,16.5627,6.2632,28.4651,1568,7823,45,568,2,15,3,21,16,14,389.7,526.5,1139.6,0.0,1,1,2,0
pi4,OpenSSL,DEPLOY,TLS,36,8.0862,13.8493,6.6605,28.5961,1568,7823,45,568,2,15,3,21,13,13,395.4,505.8,1106.1,0.0,1,1,2,0
pi4,OpenSSL,DEPLOY,TLS,37,7.0191,12.6086,6.0986,25.7263,1568,7823,45,568,2,14,3,20,13,14,400.3,509.0,1266.7,0.0,1,1,2,0
pi4,OpenSSL,DEPLOY,TLS,38,7.4682,13.5842,5.9025,26.9548,1568,7823,45,568,2,14,3,20,13,13,396.9,528.3,1071.6,0.0,1,1,2,0
pi4,OpenSSL,DEPLOY,TLS,39,7.5480,14.3664,7.5893,29.5037,1568,7823,45,568,2,15,3,21,13,14,391.5,524.0,1073.5,0.0,1,1,2,0
pi4,OpenSSL,DEPLOY,TLS,40,6.4131,17.1458,5.2952,28.8541,1568,7823,45,568,2,16,3,22,13,14,393.1,507.1,1075.4,0.0,1,1,2,0
pi4,OpenSSL,DEPLOY,TLS,41,7.2512,12.8840,8.1803,28.3155,1568,7823,45,568,2,15,3,21,13,14,403.9,511.2,1069.7,0.0,1,1,2,0
pi4,OpenSSL,DEPLOY,TLS,42,10.1206,13.5204,5.4669,29.1079,1568,7823,45,568,2,15,3,21,13,13,392.3,510.1,1066.6,0.0,1,1,2,0
pi4,OpenSSL,DEPLOY,TLS,43,6.6099,12.0877,8.6270,27.3246,1568,7823,45,568,2,15,3,21,13,14,399.8,508.4,1073.2,0.0,1,1,2,0
pi4,OpenSSL,DEPLOY,TLS,44,6.4685,13.2312,6.4675,26.1672,1568,7823,45,568,2,14,3,20,13,14,428.9,505.9,1104.1,0.0,1,1,2,0
pi4,OpenSSL,DEPLOY,TLS,45,5.4357,15.4639,7.2196,28.1193,1568,7823,45,568,2,17,3,23,13,14,397.8,530.4,1074.8,0.0,1,1,2,0
pi4,OpenSSL,DEPLOY,TLS,46,5.7275,16.7658,6.3709,28.8642,1568,7823,45,568,2,17,3,23,13,13,391.4,506.3,1072.6,0.0,1,1,2,0
pi4,OpenSSL,DEPLOY,TLS,47,6.0930,15.2939,5.2518,26.6387,1568,7823,45,568,2,15,3,21,13,13,390.5,506.1,1070.9,0.0,1,1,2,0
pi4,OpenSSL,DEPLOY,TLS,48,7.1088,13.1704,6.7108,26.9900,1568,7823,45,568,2,15,3,21,13,15,386.2,537.2,1075.9,0.0,1,1,2,0
pi4,OpenSSL,DEPLOY,TLS,49,6.3546,15.4157,5.7211,27.4914,1568,7823,45,568,2,14,3,20,13,14,391.5,525.0,1064.9,0.0,1,1,2,0
pi4,OpenSSL,DEPLOY,TLS-checked,0,7.0496,16.4971,6.5259,30.0727,1568,7823,45,568,2,17,3,23,13,14,398.4,521.2,1590.8,0.0,1,1,2,0
pi4,OpenSSL,DEPLOY,TLS-checked,1,6.5750,18.2711,6.4728,31.3189,1568,7823,45,568,2,15,3,21,13,15,401.5,1263.2,3924.2,0.0,1,1,2,0
pi4,OpenSSL,DEPLOY,TLS-checked,2,7.2215,21.0329,5.9611,34.2155,1568,7823,45,568,2,15,3,21,13,13,921.6,1345.3,3908.0,0.0,1,1,2,0
pi4,OpenSSL,DEPLOY,TLS-checked,3,7.2122,17.4551,5.7418,30.4092,1568,7823,45,568,2,15,3,21,13,14,954.7,1288.1,3901.6,0.0,1,1,2,0
pi4,OpenSSL,DEPLOY,TLS-checked,4,11.3637,15.2748,7.1705,33.8091,1568,7823,45,568,2,15,3,21,13,15,936.7,855.6,2556.8,0.0,1,1,2,0
pi4,OpenSSL,DEPLOY,TLS-checked,5,5.3477,20.7391,7.0649,33.1517,1568,7823,45,568,2,15,3,21,13,13,624.5,858.8,2550.7,0.0,1,1,2,0
pi4,OpenSSL,DEPLOY,TLS-checked,6,4.6673,15.8742,8.5416,29.0832,1568,7823,45,568,2,15,3,21,13,14,605.6,813.2,2526.5,0.0,1,1,2,0
pi4,OpenSSL,DEPLOY,TLS-checked,7,7.5606,22.3289,6.5903,36.4798,1568,7823,45,568,2,15,3,21,13,13,645.1,856.7,3058.0,0.0,1,1,2,0
pi4,OpenSSL,DEPLOY,TLS-checked,8,12.6216,22.8952,6.9137,42.4305,1568,7823,45,568,2,15,3,21,13,14,726.2,1039.0,3070.0,0.0,1,1,2,0
pi4,OpenSSL,DEPLOY,TLS-checked,9,5.6751,16.4860,9.9245,32.0855,1568,7823,45,568,2,15,3,21,13,15,749.3,985.1,3076.9,0.0,1,1,2,0
pi4,OpenSSL,DEPLOY,TLS-checked,10,6.1759,15.9968,5.7468,27.9195,1568,7823,45,568,2,15,3,21,13,15,743.3,986.5,3031.2,0.0,1,1,2,0
pi4,OpenSSL,DEPLOY,TLS-checked,11,6.3351,19.9862,8.9783,35.2995,1568,7823,45,568,2,12,3,18,13,15,749.5,1023.2,3066.0,0.0,1,1,2,0
pi4,OpenSSL,DEPLOY,TLS-checked,12,4.9742,17.7397,7.5901,30.3040,1568,7823,45,568,2,15,3,21,13,14,731.6,993.3,3063.3,0.0,1,1,2,0
pi4,OpenSSL,DEPLOY,TLS-checked,13,5.6484,18.6045,6.9311,31.1840,1568,7823,45,568,2,12,3,18,13,14,756.4,1039.8,2828.0,0.0,1,1,2,0
pi4,OpenSSL,DEPLOY,TLS-checked,14,5.3372,21.3946,6.6253,33.3571,1568,7823,45,568,2,15,3,21,13,15,660.3,931.8,2748.6,0.0,1,1,2,0
pi4,OpenSSL,DEPLOY,TLS-checked,15,9.2417,18.1810,8.1744,35.5970,1568,7823,45,568,2,14,3,20,13,15,668.0,890.5,2766.2,0.0,1,1,2,0
pi4,OpenSSL,DEPLOY,TLS-checked,16,6.5767,17.0078,6.7169,30.3013,1568,7823,45,568,2,15,3,21,13,14,659.5,916.9,3511.3,0.0,1,1,2,0
pi4,OpenSSL,DEPLOY,TLS-checked,17,6.8695,19.6135,8.6046,35.0875,1568,7823,45,568,2,15,3,21,13,15,812.7,1416.2,3442.8,0.0,1,1,2,0
pi4,OpenSSL,DEPLOY,TLS-checked,18,6.8516,17.0930,11.9489,35.8934,1568,7823,45,568,2,15,3,21,13,14,817.3,1098.8,3422.8,0.0,1,1,2,0
pi4,OpenSSL,DEPLOY,TLS-checked,19,6.3693,19.5829,7.0989,33.0511,1568,7823,45,568,2,12,3,18,13,15,870.4,1034.5,3055.6,0.0,1,1,2,0
pi4,OpenSSL,DEPLOY,TLS-checked,20,6.5928,20.4134,6.7634,33.7696,1568,7823,45,568,2,12,3,18,13,13,726.6,1058.4,3073.6,0.0,1,1,2,0
pi4,OpenSSL,DEPLOY,TLS-checked,21,4.7390,18.8538,7.1781,30.7709,1568,7823,45,568,2,15,3,21,13,16,727.5,1003.6,3028.2,0.0,1,1,2,0
pi4,OpenSSL,DEPLOY,TLS-checked,22,12.7175,20.1257,9.3505,42.1937,1568,7823,45,568,2,15,3,21,13,11,749.7,1026.1,3036.3,0.0,1,1,2,0
pi4,OpenSSL,DEPLOY,TLS-checked,23,17.8695,22.5548,10.1160,50.5402,1568,7823,45,568,2,12,3,18,13,11,746.8,1032.9,3055.1,0.0,1,1,2,0
pi4,OpenSSL,DEPLOY,TLS-checked,24,15.3984,19.2027,7.5346,42.1357,1568,7823,45,568,2,15,3,21,12,14,729.9,1014.6,3432.4,0.0,1,1,2,0
pi4,OpenSSL,DEPLOY,TLS-checked,25,6.7545,19.8119,5.7714,32.3378,1568,7823,45,568,2,12,3,18,13,13,815.2,1161.8,3394.2,0.0,1,1,2,0
pi4,OpenSSL,DEPLOY,TLS-checked,26,7.7889,17.7212,5.3024,30.8125,1568,7823,45,568,2,14,3,20,13,14,817.6,1107.4,3422.7,0.0,1,1,2,0
pi4,OpenSSL,DEPLOY,TLS-checked,27,5.5377,18.7871,5.3298,29.6546,1568,7823,45,568,2,15,3,21,13,15,810.6,1109.4,3282.7,0.0,1,1,2,0
pi4,OpenSSL,DEPLOY,TLS-checked,28,8.1815,18.5568,6.7927,33.5309,1568,7823,45,568,2,15,3,21,13,14,664.6,1221.7,2753.7,0.0,1,1,2,0
pi4,OpenSSL,DEPLOY,TLS-checked,29,5.1684,15.0079,5.8319,26.0082,1568,7823,45,568,2,15,3,21,13,15,672.8,886.8,2775.7,0.0,1,1,2,0
pi4,OpenSSL,DEPLOY,TLS-checked,30,5.4373,16.1039,5.2731,26.8143,1568,7823,45,568,2,12,3,18,13,15,659.5,925.9,2771.0,0.0,1,1,2,0
pi4,OpenSSL,DEPLOY,TLS-checked,31,4.7792,16.5475,6.0505,27.3771,1568,7823,45,568,2,15,3,21,13,15,665.6,983.9,3060.2,0.0,1,1,2,0
pi4,OpenSSL,DEPLOY,TLS-checked,32,6.6131,19.0533,7.3697,33.0362,1568,7823,45,568,2,15,3,21,13,15,760.9,991.0,3059.7,0.0,1,1,2,0
pi4,OpenSSL,DEPLOY,TLS-checked,33,7.3702,16.8014,7.5615,31.7332,1568,7823,45,568,2,14,3,20,13,13,730.2,1169.8,3052.3,0.0,1,1,2,0
pi4,OpenSSL,DEPLOY,TLS-checked,34,6.7042,21.7041,5.8473,34.2557,1568,7823,45,568,2,15,3,21,13,15,753.9,926.5,2779.0,0.0,1,1,2,0
pi4,OpenSSL,DEPLOY,TLS-checked,35,7.3600,22.7895,5.6342,35.7837,1568,7823,45,568,2,15,3,21,13,15,740.3,910.8,3187.5,0.0,1,1,2,0
pi4,OpenSSL,DEPLOY,TLS-checked,36,6.2826,15.4073,7.0612,28.7510,1568,7823,45,568,2,15,3,21,13,13,686.0,907.3,2741.5,0.0,1,1,2,0
pi4,OpenSSL,DEPLOY,TLS-checked,37,7.9377,18.8827,7.0375,33.8578,1568,7823,45,568,2,14,3,20,13,14,656.5,987.9,3066.2,0.0,1,1,2,0
pi4,OpenSSL,DEPLOY,TLS-checked,38,6.6613,17.0655,7.2396,30.9664,1568,7823,45,568,2,15,3,21,13,14,743.3,988.9,3071.7,0.0,1,1,2,0
pi4,OpenSSL,DEPLOY,TLS-checked,39,5.9427,17.1564,9.0011,32.1002,1568,7823,45,568,2,15,3,21,13,15,727.0,982.6,3057.6,0.0,1,1,2,0
pi4,OpenSSL,DEPLOY,TLS-checked,40,5.2148,22.2758,5.2416,32.7322,1568,7823,45,568,2,15,3,21,13,15,736.7,1015.6,3067.9,0.0,1,1,2,0
pi4,OpenSSL,DEPLOY,TLS-checked,41,7.2241,16.6169,6.3471,30.1881,1568,7823,45,568,2,15,3,21,13,11,779.1,1063.8,3076.8,0.0,1,1,2,0
pi4,OpenSSL,DEPLOY,TLS-checked,42,6.5846,17.3859,6.2660,30.2366,1568,7823,45,568,2,15,3,21,13,15,729.5,985.4,3054.5,0.0,1,1,2,0
pi4,OpenSSL,DEPLOY,TLS-checked,43,8.6407,19.0326,8.5589,36.2322,1568,7823,45,568,2,13,3,19,13,14,730.2,979.3,3021.5,0.0,1,1,2,0
pi4,OpenSSL,DEPLOY,TLS-checked,44,5.8061,18.7157,8.7383,33.2601,1568,7823,45,568,2,14,3,20,13,14,727.3,1010.6,3034.8,0.0,1,1,2,0
pi4,OpenSSL,DEPLOY,TLS-checked,45,7.5563,15.0276,5.4170,28.0008,1568,7823,45,568,2,15,3,21,13,15,728.4,978.6,3050.5,0.0,1,1,2,0
pi4,OpenSSL,DEPLOY,TLS-checked,46,7.8227,16.6397,8.8011,33.2634,1568,7823,45,568,2,17,3,23,13,15,728.5,980.0,3059.3,0.0,1,1,2,0
pi4,OpenSSL,DEPLOY,TLS-checked,47,10.4380,20.1859,8.5864,39.2103,1568,7823,45,568,2,14,3,20,13,12,733.5,1014.2,3104.0,0.0,1,1,2,0
pi4,OpenSSL,DEPLOY,TLS-checked,48,6.1281,17.3681,6.9596,30.4558,1568,7823,45,568,2,15,3,21,13,13,731.6,1012.4,3059.4,0.0,1,1,2,0
pi4,OpenSSL,DEPLOY,TLS-checked,49,8.6289,17.7742,5.9251,32.3281,1568,7823,45,568,2,15,3,21,13,15,767.4,981.9,3342.7,0.0,1,1,2,0
pi4,OpenSSL,DEPLOY,mTLS,0,8.6899,18.7307,7.9752,35.3958,8076,8032,45,8600,3,15,4,23,18,18,397.6,509.3,1092.9,5067.3,1,1,2,1
pi4,OpenSSL,DEPLOY,mTLS,1,8.9991,15.3325,10.6082,34.9398,8076,8032,45,8600,3,15,4,21,17,19,393.4,508.8,1086.7,915.3,1,1,2,1
pi4,OpenSSL,DEPLOY,mTLS,2,5.6011,14.1367,8.1411,27.8789,8076,8032,45,8600,3,15,4,23,18,19,398.9,508.4,1071.8,1353.4,1,1,2,1
pi4,OpenSSL,DEPLOY,mTLS,3,8.0166,19.8815,8.3890,36.2870,8076,8032,45,8600,3,16,4,24,17,19,390.3,509.9,1072.8,942.3,1,1,2,1
pi4,OpenSSL,DEPLOY,mTLS,4,6.9264,18.7786,10.3120,36.0170,8076,8032,45,8600,3,16,4,24,18,18,401.9,512.3,1084.8,920.1,1,1,2,1
pi4,OpenSSL,DEPLOY,mTLS,5,4.5968,14.4612,8.7143,27.7724,8076,8032,45,8600,3,16,4,24,18,19,398.4,543.0,1077.1,968.5,1,1,2,1
pi4,OpenSSL,DEPLOY,mTLS,6,9.5487,13.9945,7.6389,31.1820,8076,8032,45,8600,3,15,4,23,18,19,416.3,508.8,1067.9,1360.8,1,1,2,1
pi4,OpenSSL,DEPLOY,mTLS,7,7.8124,12.9225,7.3855,28.1204,8076,8032,45,8600,3,16,4,24,17,17,392.6,536.4,1097.2,917.7,1,1,2,1
pi4,OpenSSL,DEPLOY,mTLS,8,4.6671,16.1479,8.2027,29.0177,8076,8032,45,8600,3,14,4,22,14,19,391.0,539.4,1066.1,1331.1,1,1,2,1
pi4,OpenSSL,DEPLOY,mTLS,9,6.7109,14.8569,8.2762,29.8440,8076,8032,45,8600,3,15,4,23,18,17,394.6,506.6,1065.2,1763.7,1,1,2,1
pi4,OpenSSL,DEPLOY,mTLS,10,6.7805,14.1346,6.6563,27.5714,8076,8032,45,8600,3,15,4,21,18,20,414.5,504.3,1096.7,916.2,1,1,2,1
pi4,OpenSSL,DEPLOY,mTLS,11,6.4359,14.5158,8.7382,29.6899,8076,8032,45,8600,3,14,4,22,15,19,393.4,540.8,1064.5,1376.9,1,1,2,1
pi4,OpenSSL,DEPLOY,mTLS,12,5.4759,16.1130,11.0066,32.5955,8076,8032,45,8600,3,16,4,24,18,19,397.5,539.0,1094.9,2571.9,1,1,2,1
pi4,OpenSSL,DEPLOY,mTLS,13,5.7682,16.4305,7.5689,29.7676,8076,8032,45,8600,3,16,4,22,16,20,396.0,509.2,1067.8,1355.6,1,1,2,1
pi4,OpenSSL,DEPLOY,mTLS,14,7.5507,12.8777,12.0975,32.5259,8076,8032,45,8600,3,14,4,22,18,17,393.8,509.5,1096.9,916.3,1,1,2,1
pi4,OpenSSL,DEPLOY,mTLS,15,8.7645,14.3397,7.6266,30.7308,8076,8032,45,8600,3,15,4,23,18,19,400.4,508.4,1071.1,2191.8,1,1,2,1
pi4,OpenSSL,DEPLOY,mTLS,16,9.4496,15.5562,8.9807,33.9865,8076,8032,45,8600,3,14,4,20,18,18,391.8,511.7,1061.4,1328.4,1,1,2,1
pi4,OpenSSL,DEPLOY,mTLS,17,6.5397,15.1301,12.7630,34.4329,8076,8032,45,8600,3,15,4,23,18,18,392.2,505.1,1067.9,1357.8,1,1,2,1
pi4,OpenSSL,DEPLOY,mTLS,18,9.2168,18.1568,8.5727,35.9462,8076,8032,45,8600,3,17,4,25,17,18,400.4,542.0,1084.7,941.4,1,1,2,1
pi4,OpenSSL,DEPLOY,mTLS,19,10.7145,14.8267,8.2055,33.7467,8076,8032,45,8600,3,14,4,22,18,19,395.7,508.1,1064.3,1328.7,1,1,2,1
pi4,OpenSSL,DEPLOY,mTLS,20,7.6884,15.1834,10.0271,32.8990,8076,8032,45,8600,3,15,4,23,18,19,416.6,509.6,1093.5,915.5,1,1,2,1
pi4,OpenSSL,DEPLOY,mTLS,21,10.8647,18.0511,5.9975,34.9133,8076,8032,45,8600,3,18,4,24,17,18,414.7,509.9,1097.6,2175.0,1,1,2,1
pi4,OpenSSL,DEPLOY,mTLS,22,12.6528,16.0091,9.3505,38.0124,8076,8032,45,8600,3,16,4,24,18,18,394.1,511.4,1091.2,3001.4,1,1,2,1
pi4,OpenSSL,DEPLOY,mTLS,23,5.3306,17.8891,8.1807,31.4004,8076,8032,45,8600,3,16,4,24,18,19,409.6,506.6,1115.7,3965.5,1,1,2,1
pi4,OpenSSL,DEPLOY,mTLS,24,8.5299,16.0770,14.7625,39.3694,8076,8032,45,8600,3,17,4,26,18,19,404.0,510.4,1074.7,2182.3,1,1,2,1
pi4,OpenSSL,DEPLOY,mTLS,25,9.1226,13.6919,10.4176,33.2321,8076,8032,45,8600,3,16,4,23,18,19,393.5,512.5,1068.5,916.1,1,1,2,1
pi4,OpenSSL,DEPLOY,mTLS,26,7.5307,13.1600,10.2004,30.8910,8076,8032,45,8600,3,15,4,23,18,20,395.6,507.7,1081.6,919.9,1,1,2,1
pi4,OpenSSL,DEPLOY,mTLS,27,7.5596,13.5923,6.9471,28.0990,8076,8032,45,8600,3,17,4,25,19,18,392.5,514.8,1071.8,916.8,1,1,2,1
pi4,OpenSSL,DEPLOY,mTLS,28,11.4508,14.4633,6.9958,32.9098,8076,8032,45,8600,3,15,4,23,19,18,395.5,507.9,1069.9,1331.0,1,1,2,1
pi4,OpenSSL,DEPLOY,mTLS,29,6.4178,12.8797,10.7312,30.0287,8076,8032,45,8600,3,16,4,24,18,18,391.4,524.8,1096.1,915.8,1,1,2,1
pi4,OpenSSL,DEPLOY,mTLS,30,6.0607,19.8811,9.1544,35.0961,8076,8032,45,8600,3,14,4,22,15,18,419.1,543.9,1068.9,5112.6,1,1,2,1
pi4,OpenSSL,DEPLOY,mTLS,31,4.9932,17.6946,7.1704,29.8583,8076,8032,45,8600,3,15,4,23,18,17,394.4,508.3,1074.1,918.0,1,1,2,1
pi4,OpenSSL,DEPLOY,mTLS,32,6.3251,14.6320,8.1388,29.0958,8076,8032,45,8600,3,16,4,24,18,19,393.2,523.9,1071.1,1329.9,1,1,2,1
pi4,OpenSSL,DEPLOY,mTLS,33,8.8649,15.3016,8.1867,32.3533,8076,8032,45,8600,3,16,4,24,18,19,398.9,509.4,1073.4,917.9,1,1,2,1
pi4,OpenSSL,DEPLOY,mTLS,34,7.6230,15.6492,9.1440,32.4162,8076,8032,45,8600,3,15,4,23,18,18,391.8,507.1,1067.9,1742.8,1,1,2,1
pi4,OpenSSL,DEPLOY,mTLS,35,7.5757,14.9262,8.0875,30.5894,8076,8032,45,8600,3,16,4,22,17,19,467.3,532.2,1103.8,2158.0,1,1,2,1
pi4,OpenSSL,DEPLOY,mTLS,36,5.6255,20.2304,9.1291,34.9850,8076,8032,45,8600,3,15,4,23,18,18,406.0,524.7,1099.4,3850.9,1,1,2,1
pi4,OpenSSL,DEPLOY,mTLS,37,7.2147,16.7917,9.0091,33.0155,8076,8032,45,8600,3,16,4,24,18,17,397.5,510.6,1068.1,2573.8,1,1,2,1
pi4,OpenSSL,DEPLOY,mTLS,38,8.2362,13.5864,8.5583,30.3809,8076,8032,45,8600,3,15,4,23,18,18,399.0,508.4,1070.1,2608.3,1,1,2,1
pi4,OpenSSL,DEPLOY,mTLS,39,6.3978,20.0715,10.2770,36.7463,8076,8032,45,8600,3,19,4,27,19,23,405.1,511.7,1073.7,919.1,1,1,2,1
pi4,OpenSSL,DEPLOY,mTLS,40,7.3488,22.1412,7.0479,36.5379,8076,8032,45,8600,3,16,4,24,18,20,392.4,511.5,1067.0,6740.0,1,1,2,1
pi4,OpenSSL,DEPLOY,mTLS,41,8.7190,13.8710,7.9239,30.5138,8076,8032,45,8600,3,15,4,23,18,19,391.3,506.9,1096.5,1327.4,1,1,2,1
pi4,OpenSSL,DEPLOY,mTLS,42,7.9321,18.0055,11.2845,37.2221,8076,8032,45,8600,3,14,4,22,16,18,406.9,512.7,1097.5,1783.2,1,1,2,1
pi4,OpenSSL,DEPLOY,mTLS,43,6.2694,15.3004,11.1181,32.6880,8076,8032,45,8600,3,15,4,23,18,18,394.5,506.0,1068.3,1743.9,1,1,2,1
pi4,OpenSSL,DEPLOY,mTLS,44,6.4175,16.0085,6.2861,28.7121,8076,8032,45,8600,3,16,4,24,18,19,394.9,509.3,1097.7,2568.1,1,1,2,1
pi4,OpenSSL,DEPLOY,mTLS,45,7.1415,16.8890,10.5238,34.5544,8076,8032,45,8600,3,16,4,24,18,20,403.5,509.5,1095.6,916.6,1,1,2,1
pi4,OpenSSL,DEPLOY,mTLS,46,6.9319,15.0004,11.1299,33.0623,8076,8032,45,8600,3,16,4,24,18,18,393.4,507.1,1093.0,1329.7,1,1,2,1
pi4,OpenSSL,DEPLOY,mTLS,47,6.5540,13.3428,8.7931,28.6899,8076,8032,45,8600,3,15,4,23,18,17,391.6,528.4,1089.4,914.0,1,1,2,1
pi4,OpenSSL,DEPLOY,mTLS,48,5.1824,16.1714,9.9502,31.3040,8076,8032,45,8600,3,14,4,22,15,19,422.2,564.0,1068.1,1780.2,1,1,2,1
pi4,OpenSSL,DEPLOY,mTLS,49,8.6034,15.8545,8.2699,32.7278,8076,8032,45,8600,3,16,4,22,18,18,397.1,515.8,1073.1,916.0,1,1,2,1
pi4,OpenSSL,DEPLOY,mTLS-checked,0,9.6581,23.3066,8.5268,41.4915,8076,8032,45,8600,3,14,4,23,15,19,389.9,508.7,1577.5,6285.9,1,1,2,1
pi4,OpenSSL,DEPLOY,mTLS-checked,1,7.5188,19.5865,8.3811,35.4864,8076,8032,45,8600,3,15,4,21,18,20,405.0,542.1,1557.9,1333.2,1,1,2,1
pi4,OpenSSL,DEPLOY,mTLS-checked,2,5.4712,17.3355,11.4455,34.2522,8076,8032,45,8600,3,17,4,25,18,19,391.5,514.8,1581.8,2157.6,1,1,2,1
pi4,OpenSSL,DEPLOY,mTLS-checked,3,5.5573,15.3440,6.9292,27.8305,8076,8032,45,8600,3,15,4,22,18,20,390.9,507.0,1577.3,1329.7,1,1,2,1
pi4,OpenSSL,DEPLOY,mTLS-checked,4,7.0997,17.4726,10.0599,34.6321,8076,8032,45,8600,3,14,4,22,18,19,397.6,510.1,1585.3,2564.0,1,1,2,1
pi4,OpenSSL,DEPLOY,mTLS-checked,5,7.6248,15.3521,12.1905,35.1673,8076,8032,45,8600,3,16,4,24,18,19,390.8,523.4,1569.0,1771.5,1,1,2,1
pi4,OpenSSL,DEPLOY,mTLS-checked,6,7.4565,20.0321,8.8271,36.3157,8076,8032,45,8600,3,18,4,24,17,18,395.5,522.8,1613.7,947.4,1,1,2,1
pi4,OpenSSL,DEPLOY,mTLS-checked,7,6.5439,20.8501,8.7583,36.1523,8076,8032,45,8600,3,19,4,29,19,16,397.3,526.3,1574.4,3008.2,1,1,2,1
pi4,OpenSSL,DEPLOY,mTLS-checked,8,5.9101,13.9341,9.5206,29.3648,8076,8032,45,8600,3,15,4,23,17,17,410.1,509.9,1554.5,1332.4,1,1,2,1
pi4,OpenSSL,DEPLOY,mTLS-checked,9,8.3983,20.6973,7.1808,36.2764,8076,8032,45,8600,3,16,4,22,18,19,421.5,548.9,1558.9,948.3,1,1,2,1
pi4,OpenSSL,DEPLOY,mTLS-checked,10,7.0834,19.8682,10.6898,37.6414,8076,8032,45,8600,3,18,4,24,17,18,393.6,528.2,1578.7,4230.7,1,1,2,1
pi4,OpenSSL,DEPLOY,mTLS-checked,11,5.9841,19.8419,12.8276,38.6536,8076,8032,45,8600,3,17,4,25,21,21,408.5,506.6,1555.5,2154.9,1,1,2,1
pi4,OpenSSL,DEPLOY,mTLS-checked,12,6.1677,18.3425,9.1118,33.6220,8076,8032,45,8600,3,16,4,24,18,19,390.6,559.4,1628.7,3428.6,1,1,2,1
pi4,OpenSSL,DEPLOY,mTLS-checked,13,7.5634,19.0001,8.8841,35.4476,8076,8032,45,8600,3,15,4,23,18,19,407.6,526.1,1555.8,1354.7,1,1,2,1
pi4,OpenSSL,DEPLOY,mTLS-checked,14,7.2280,18.0728,9.2308,34.5317,8076,8032,45,8600,3,16,4,24,18,21,395.0,512.1,1550.9,3412.3,1,1,2,1
pi4,OpenSSL,DEPLOY,mTLS-checked,15,5.1116,14.4681,13.7528,33.3325,8076,8032,45,8600,3,15,4,23,18,18,416.5,517.6,1555.5,920.9,1,1,2,1
pi4,OpenSSL,DEPLOY,mTLS-checked,16,11.6986,16.3760,9.2738,37.3483,8076,8032,45,8600,3,18,4,26,18,18,396.8,508.0,1553.8,1745.8,1,1,2,1
pi4,OpenSSL,DEPLOY,mTLS-checked,17,7.5851,20.1030,8.6934,36.3814,8076,8032,45,8600,3,16,4,24,18,19,392.2,507.4,1547.1,4249.2,1,1,2,1
pi4,OpenSSL,DEPLOY,mTLS-checked,18,5.4022,14.7838,10.9731,31.1591,8076,8032,45,8600,3,16,4,24,18,18,396.1,536.2,1552.8,951.1,1,1,2,1
pi4,OpenSSL,DEPLOY,mTLS-checked,19,6.9122,17.8607,8.5081,33.2810,8076,8032,45,8600,3,17,4,25,18,19,397.4,508.0,1582.3,2587.2,1,1,2,1
pi4,OpenSSL,DEPLOY,mTLS-checked,20,6.6698,16.1768,10.2623,33.1089,8076,8032,45,8600,3,16,4,24,17,20,410.2,507.1,1548.0,1326.8,1,1,2,1
pi4,OpenSSL,DEPLOY,mTLS-checked,21,6.4831,16.2689,8.8551,31.6070,8076,8032,45,8600,3,15,4,23,18,18,398.3,509.4,1552.0,954.2,1,1,2,1
pi4,OpenSSL,DEPLOY,mTLS-checked,22,11.5294,17.4553,9.6549,38.6397,8076,8032,45,8600,3,15,4,23,18,19,392.4,505.0,1549.7,3412.9,1,1,2,1
pi4,OpenSSL,DEPLOY,mTLS-checked,23,5.1599,16.7532,9.7844,31.6975,8076,8032,45,8600,3,16,4,24,18,18,390.9,507.9,1555.9,917.7,1,1,2,1
pi4,OpenSSL,DEPLOY,mTLS-checked,24,6.1026,17.0160,8.2569,31.3755,8076,8032,45,8600,3,16,4,22,17,19,397.0,539.0,1553.7,921.2,1,1,2,1
pi4,OpenSSL,DEPLOY,mTLS-checked,25,6.9434,17.9599,14.0662,38.9694,8076,8032,45,8600,3,16,4,24,18,20,415.8,510.6,1553.4,922.0,1,1,2,1
pi4,OpenSSL,DEPLOY,mTLS-checked,26,12.6206,22.9805,9.2448,44.8459,8076,8032,45,8600,3,16,4,25,18,18,393.2,556.2,1556.0,2980.7,1,1,2,1
pi4,OpenSSL,DEPLOY,mTLS-checked,27,6.7149,17.4468,7.3017,31.4635,8076,8032,45,8600,3,14,4,22,15,19,415.9,518.3,1578.3,2993.8,1,1,2,1
pi4,OpenSSL,DEPLOY,mTLS-checked,28,6.4751,15.9667,7.2117,29.6535,8076,8032,45,8600,3,16,4,24,18,19,392.1,505.2,1572.6,1740.4,1,1,2,1
pi4,OpenSSL,DEPLOY,mTLS-checked,29,5.6998,18.6681,10.4360,34.8039,8076,8032,45,8600,3,16,4,24,18,17,395.1,507.1,1593.9,1745.6,1,1,2,1
pi4,OpenSSL,DEPLOY,mTLS-checked,30,5.0642,15.4841,8.2872,28.8356,8076,8032,45,8600,3,15,4,21,17,18,402.9,509.6,1554.0,3027.5,1,1,2,1
pi4,OpenSSL,DEPLOY,mTLS-checked,31,7.9711,16.8968,9.0494,33.9173,8076,8032,45,8600,3,14,4,22,18,19,399.3,511.2,1578.6,919.7,1,1,2,1
pi4,OpenSSL,DEPLOY,mTLS-checked,32,4.6841,13.9697,7.0084,25.6622,8076,8032,45,8600,3,17,4,23,17,18,392.9,527.0,1572.8,917.4,1,1,2,1
pi4,OpenSSL,DEPLOY,mTLS-checked,33,7.8066,15.7945,7.8972,31.4984,8076,8032,45,8600,3,14,4,22,15,19,397.3,532.4,1549.3,2591.3,1,1,2,1
pi4,OpenSSL,DEPLOY,mTLS-checked,34,5.6436,21.1659,9.3076,36.1171,8076,8032,45,8600,3,14,4,22,19,19,414.7,546.0,1547.0,959.1,1,1,2,1
pi4,OpenSSL,DEPLOY,mTLS-checked,35,5.0986,18.0283,8.5553,31.6822,8076,8032,45,8600,3,16,4,22,17,18,395.3,527.5,1555.7,5078.4,1,1,2,1
pi4,OpenSSL,DEPLOY,mTLS-checked,36,7.9026,17.9646,8.1404,34.0076,8076,8032,45,8600,3,15,4,21,17,18,397.5,538.5,1555.0,3391.4,1,1,2,1
pi4,OpenSSL,DEPLOY,mTLS-checked,37,7.5988,20.1621,11.1176,38.8785,8076,8032,45,8600,3,15,4,23,18,18,398.5,508.9,1582.0,2566.9,1,1,2,1
pi4,OpenSSL,DEPLOY,mTLS-checked,38,6.1518,16.9114,12.6055,35.6686,8076,8032,45,8600,3,16,4,22,21,21,396.7,512.5,1580.5,1331.6,1,1,2,1
pi4,OpenSSL,DEPLOY,mTLS-checked,39,7.2434,19.3196,8.7735,35.3365,8076,8032,45,8600,3,15,4,23,18,18,401.9,513.5,1558.9,1335.2,1,1,2,1
pi4,OpenSSL,DEPLOY,mTLS-checked,40,9.0853,15.3495,8.2440,32.6787,8076,8032,45,8600,3,15,4,23,18,18,397.1,518.8,1575.5,919.0,1,1,2,1
pi4,OpenSSL,DEPLOY,mTLS-checked,41,7.0171,17.4327,9.8698,34.3195,8076,8032,45,8600,3,17,4,23,16,17,391.1,506.2,1599.5,1746.3,1,1,2,1
pi4,OpenSSL,DEPLOY,mTLS-checked,42,6.7924,17.2445,9.6453,33.6821,8076,8032,45,8600,3,17,4,25,18,18,404.4,516.3,1560.6,2306.6,1,1,2,1
pi4,OpenSSL,DEPLOY,mTLS-checked,43,5.9980,21.3432,9.7333,37.0745,8076,8032,45,8600,3,15,4,23,18,21,395.4,521.6,1555.2,4247.2,1,1,2,1
pi4,OpenSSL,DEPLOY,mTLS-checked,44,11.1692,22.8709,8.8001,42.8402,8076,8032,45,8600,3,15,4,23,18,19,390.7,534.4,1582.3,5474.8,1,1,2,1
pi4,OpenSSL,DEPLOY,mTLS-checked,45,5.6654,15.4163,12.7463,33.8280,8076,8032,45,8600,3,15,4,23,18,17,393.0,509.8,1557.7,3008.9,1,1,2,1
pi4,OpenSSL,DEPLOY,mTLS-checked,46,7.4702,21.3134,7.3093,36.0930,8076,8032,45,8600,3,18,4,24,17,20,395.2,510.9,1551.8,2567.9,1,1,2,1
pi4,OpenSSL,DEPLOY,mTLS-checked,47,7.1617,23.8656,9.7012,40.7284,8076,8032,45,8600,3,16,4,22,17,17,405.8,509.1,1610.2,3834.2,1,1,2,1
pi4,OpenSSL,DEPLOY,mTLS-checked,48,6.8927,16.8604,9.2530,33.0061,8076,8032,45,8600,3,17,4,23,18,17,397.3,511.6,1587.7,1332.8,1,1,2,1
pi4,OpenSSL,DEPLOY,mTLS-checked,49,5.2269,18.9850,9.0474,33.2593,8076,8032,45,8600,3,15,4,24,18,18,395.9,511.1,1553.7,1360.8,1,1,2,1
pi4,wolfSSL,DEPLOY,TLS,0,5.3189,14.9464,10.4793,30.7446,1496,7791,45,568,2,15,3,21,12,12,153.9,284.2,358.3,0.0,2,2,2,0
pi4,wolfSSL,DEPLOY,TLS,1,8.2321,12.7119,6.2401,27.1841,1496,7791,45,568,2,14,3,20,9,14,139.2,279.8,351.0,0.0,2,2,2,0
pi4,wolfSSL,DEPLOY,TLS,2,5.6821,12.2455,7.8706,25.7982,1496,7791,45,568,2,15,3,21,12,14,136.4,293.8,351.2,0.0,2,2,2,0
pi4,wolfSSL,DEPLOY,TLS,3,4.7315,13.5001,5.1027,23.3343,1496,7791,45,568,2,15,3,21,12,12,137.6,275.4,351.8,0.0,2,2,2,0
pi4,wolfSSL,DEPLOY,TLS,4,6.8798,11.3478,8.7007,26.9282,1496,7791,45,568,2,14,3,20,9,13,150.6,282.8,356.0,0.0,2,2,2,0
pi4,wolfSSL,DEPLOY,TLS,5,6.7496,11.2178,5.7511,23.7184,1496,7791,45,568,2,14,3,20,10,14,152.3,303.2,360.2,0.0,2,2,2,0
pi4,wolfSSL,DEPLOY,TLS,6,6.0615,14.4989,6.7975,27.3579,1496,7791,45,568,2,17,3,23,12,14,146.1,278.1,351.6,0.0,2,2,2,0
pi4,wolfSSL,DEPLOY,TLS,7,6.2082,14.5510,7.3524,28.1115,1496,7791,45,568,2,12,3,18,10,12,139.0,302.7,356.5,0.0,2,2,2,0
pi4,wolfSSL,DEPLOY,TLS,8,6.2416,19.5345,7.8427,33.6188,1496,7791,45,568,2,17,3,23,12,13,143.6,275.6,352.6,0.0,2,2,2,0
pi4,wolfSSL,DEPLOY,TLS,9,6.0613,9.5316,5.2487,20.8416,1496,7791,45,568,2,15,3,21,12,13,137.0,276.1,348.2,0.0,2,2,2,0
pi4,wolfSSL,DEPLOY,TLS,10,5.7353,13.0304,5.0109,23.7766,1496,7791,45,568,2,15,3,21,11,11,136.6,275.8,358.5,0.0,2,2,2,0
pi4,wolfSSL,DEPLOY,TLS,11,6.4947,12.8046,4.9600,24.2593,1496,7791,45,568,2,15,3,21,12,13,134.1,314.6,372.3,0.0,2,2,2,0
pi4,wolfSSL,DEPLOY,TLS,12,5.9395,11.7693,6.8557,24.5645,1496,7791,45,568,2,15,3,21,12,14,141.8,274.1,350.3,0.0,2,2,2,0
pi4,wolfSSL,DEPLOY,TLS,13,5.2144,11.4041,4.8199,21.4385,1496,7791,45,568,2,15,3,21,12,13,149.0,301.7,361.0,0.0,2,2,2,0
pi4,wolfSSL,DEPLOY,TLS,14,5.2704,14.6389,7.9012,27.8104,1496,7791,45,568,2,17,3,23,12,14,144.5,278.3,351.6,0.0,2,2,2,0
pi4,wolfSSL,DEPLOY,TLS,15,6.0081,12.7733,8.0058,26.7872,1496,7791,45,568,2,14,3,20,10,12,139.2,303.1,359.6,0.0,2,2,2,0
pi4,wolfSSL,DEPLOY,TLS,16,6.5007,14.1119,7.4145,28.0271,1496,7791,45,568,2,15,3,21,12,14,145.4,277.5,351.1,0.0,2,2,2,0
pi4,wolfSSL,DEPLOY,TLS,17,7.6734,16.6698,7.0441,31.3873,1496,7791,45,568,2,15,3,21,12,13,139.2,276.7,350.3,0.0,2,2,2,0
pi4,wolfSSL,DEPLOY,TLS,18,5.7030,17.2685,7.6392,30.6108,1496,7791,45,568,2,15,3,21,12,14,306.8,599.5,793.9,0.0,2,2,2,0
pi4,wolfSSL,DEPLOY,TLS,19,8.3929,16.1740,9.5796,34.1464,1496,7791,45,568,2,16,3,22,12,14,291.5,605.5,782.0,0.0,2,2,2,0
pi4,wolfSSL,DEPLOY,TLS,20,7.8715,12.6027,6.1393,26.6135,1496,7791,45,568,2,14,3,20,12,14,297.1,620.5,784.8,0.0,2,2,2,0
pi4,wolfSSL,DEPLOY,TLS,21,6.7029,12.5896,7.5812,26.8738,1496,7791,45,568,2,15,3,21,12,14,288.5,688.0,926.7,0.0,2,2,2,0
pi4,wolfSSL,DEPLOY,TLS,22,6.6410,20.2331,7.6335,34.5075,1496,7791,45,568,2,12,3,18,12,14,342.3,710.4,888.6,0.0,2,2,2,0
pi4,wolfSSL,DEPLOY,TLS,23,7.2987,20.6042,8.8563,36.7591,1496,7791,45,568,2,15,3,21,12,13,323.7,682.0,884.4,0.0,2,2,2,0
pi4,wolfSSL,DEPLOY,TLS,24,8.9712,13.9917,9.7591,32.7220,1496,7791,45,568,2,14,3,20,12,13,315.2,602.4,773.9,0.0,2,2,2,0
pi4,wolfSSL,DEPLOY,TLS,25,5.3345,15.4827,6.4078,27.2250,1496,7791,45,568,2,12,3,18,10,14,293.0,632.5,778.8,0.0,2,2,2,0
pi4,wolfSSL,DEPLOY,TLS,26,6.3733,11.1132,7.7863,25.2728,1496,7791,45,568,2,14,3,20,12,13,279.4,599.8,790.6,0.0,2,2,2,0
pi4,wolfSSL,DEPLOY,TLS,27,7.2678,12.7243,11.9737,31.9659,1496,7791,45,568,2,15,3,21,12,13,293.7,606.6,781.7,0.0,2,2,2,0
pi4,wolfSSL,DEPLOY,TLS,28,4.8023,15.1392,9.4973,29.4388,1496,7791,45,568,2,15,3,21,10,14,281.1,600.3,905.1,0.0,2,2,2,0
pi4,wolfSSL,DEPLOY,TLS,29,5.9753,14.7184,6.2074,26.9011,1496,7791,45,568,2,15,3,21,12,14,292.7,604.7,802.9,0.0,2,2,2,0
pi4,wolfSSL,DEPLOY,TLS,30,10.3685,19.6386,7.8462,37.8533,1496,7791,45,568,2,17,3,23,12,14,283.1,629.2,828.6,0.0,2,2,2,0
pi4,wolfSSL,DEPLOY,TLS,31,5.4551,12.6815,7.0888,25.2253,1496,7791,45,568,2,15,3,21,12,13,293.5,612.2,780.9,0.0,2,2,2,0
pi4,wolfSSL,DEPLOY,TLS,32,5.7358,15.2453,5.6752,26.6563,1496,7791,45,568,2,14,3,20,12,13,295.8,622.5,785.6,0.0,2,2,2,0
pi4,wolfSSL,DEPLOY,TLS,33,13.8822,15.8366,7.3419,37.0607,1496,7791,45,568,2,15,3,21,12,13,295.2,668.5,795.2,0.0,2,2,2,0
pi4,wolfSSL,DEPLOY,TLS,34,8.0248,12.4357,6.8764,27.3369,1496,7791,45,568,2,14,3,20,10,14,299.7,613.3,778.1,0.0,2,2,2,0
pi4,wolfSSL,DEPLOY,TLS,35,7.3684,12.7757,6.2323,26.3764,1496,7791,45,568,2,14,3,20,12,13,600.1,619.0,782.9,0.0,2,2,2,0
pi4,wolfSSL,DEPLOY,TLS,36,5.7782,14.1625,5.8303,25.7709,1496,7791,45,568,2,14,3,20,12,14,286.9,601.1,772.7,0.0,2,2,2,0
pi4,wolfSSL,DEPLOY,TLS,37,8.0875,12.5679,7.3145,27.9699,1496,7791,45,568,2,15,3,21,12,13,286.3,603.0,771.7,0.0,2,2,2,0
pi4,wolfSSL,DEPLOY,TLS,38,5.8866,15.6198,7.8371,29.3435,1496,7791,45,568,2,15,3,21,12,14,280.3,600.2,772.0,0.0,2,2,2,0
pi4,wolfSSL,DEPLOY,TLS,39,8.6439,10.8080,6.8777,26.3296,1496,7791,45,568,2,12,3,18,10,14,292.9,606.0,780.9,0.0,2,2,2,0
pi4,wolfSSL,DEPLOY,TLS,40,4.6870,12.0422,10.2368,26.9659,1496,7791,45,568,2,14,3,20,12,13,293.5,609.8,778.2,0.0,2,2,2,0
pi4,wolfSSL,DEPLOY,TLS,41,5.9647,14.6739,7.3334,27.9720,1496,7791,45,568,2,12,3,18,12,14,296.8,609.6,784.9,0.0,2,2,2,0
pi4,wolfSSL,DEPLOY,TLS,42,6.2473,11.6897,8.2000,26.1370,1496,7791,45,568,2,15,3,21,12,13,305.5,603.6,1097.7,0.0,2,2,2,0
pi4,wolfSSL,DEPLOY,TLS,43,7.6281,13.4868,5.6764,26.7914,1496,7791,45,568,2,17,3,23,12,13,291.4,606.2,777.6,0.0,2,2,2,0
pi4,wolfSSL,DEPLOY,TLS,44,6.1930,14.2097,6.3304,26.7331,1496,7791,45,568,2,15,3,21,12,14,281.1,601.4,770.8,0.0,2,2,2,0
pi4,wolfSSL,DEPLOY,TLS,45,5.7640,13.7566,7.9393,27.4599,1496,7791,45,568,2,15,3,21,12,14,279.5,628.4,772.8,0.0,2,2,2,0
pi4,wolfSSL,DEPLOY,TLS,46,6.5770,16.5080,7.4354,30.5205,1496,7791,45,568,2,15,3,21,12,14,298.8,620.7,780.4,0.0,2,2,2,0
pi4,wolfSSL,DEPLOY,TLS,47,7.7738,13.1921,6.4407,27.4067,1496,7791,45,568,2,14,3,20,12,14,285.4,602.0,772.8,0.0,2,2,2,0
pi4,wolfSSL,DEPLOY,TLS,48,7.5734,13.7778,6.5759,27.9271,1496,7791,45,568,2,14,3,20,12,14,296.2,627.2,818.9,0.0,2,2,2,0
pi4,wolfSSL,DEPLOY,TLS,49,4.7522,16.4827,5.4472,26.6821,1496,7791,45,568,2,12,3,18,12,13,287.3,604.6,812.4,0.0,2,2,2,0
pi4,wolfSSL,DEPLOY,TLS-checked,0,7.1295,13.0048,6.5251,26.6594,1496,7791,45,568,2,15,3,21,12,13,294.2,690.8,914.9,0.0,2,2,2,0
pi4,wolfSSL,DEPLOY,TLS-checked,1,6.4499,16.2852,10.7722,33.5073,1496,7791,45,568,2,15,3,21,12,14,334.6,690.3,890.2,0.0,2,2,2,0
pi4,wolfSSL,DEPLOY,TLS-checked,2,5.9895,13.9346,10.1202,30.0443,1496,7791,45,568,2,15,3,21,12,14,350.5,684.9,886.2,0.0,2,2,2,0
pi4,wolfSSL,DEPLOY,TLS-checked,3,7.2906,15.0292,8.3715,30.6913,1496,7791,45,568,2,14,3,20,12,14,319.3,710.6,866.1,0.0,2,2,2,0
pi4,wolfSSL,DEPLOY,TLS-checked,4,5.1847,16.1886,7.4350,28.8083,1496,7791,45,568,2,15,3,21,12,13,282.8,620.9,782.9,0.0,2,2,2,0
pi4,wolfSSL,DEPLOY,TLS-checked,5,8.4778,14.5368,6.7575,29.7720,1496,7791,45,568,2,12,3,18,10,13,290.9,603.0,775.4,0.0,2,2,2,0
pi4,wolfSSL,DEPLOY,TLS-checked,6,4.8607,16.9058,6.6333,28.3998,1496,7791,45,568,2,12,3,18,15,14,280.7,626.9,785.1,0.0,2,2,2,0
pi4,wolfSSL,DEPLOY,TLS-checked,7,7.8684,14.6762,8.3311,30.8757,1496,7791,45,568,2,15,3,21,12,14,285.9,598.5,790.6,0.0,2,2,2,0
pi4,wolfSSL,DEPLOY,TLS-checked,8,8.0234,12.2878,6.0101,26.3213,1496,7791,45,568,2,15,3,21,12,14,295.6,626.9,778.4,0.0,2,2,2,0
pi4,wolfSSL,DEPLOY,TLS-checked,9,6.6927,13.6433,10.8022,31.1381,1496,7791,45,568,2,15,3,21,12,14,283.0,634.4,792.2,0.0,2,2,2,0
pi4,wolfSSL,DEPLOY,TLS-checked,10,5.2636,16.4616,6.4289,28.1540,1496,7791,45,568,2,16,3,22,12,13,296.5,631.0,789.8,0.0,2,2,2,0
pi4,wolfSSL,DEPLOY,TLS-checked,11,4.7451,13.3032,8.5195,26.5679,1496,7791,45,568,2,15,3,21,12,14,296.9,605.1,800.5,0.0,2,2,2,0
pi4,wolfSSL,DEPLOY,TLS-checked,12,7.0667,14.7480,5.6231,27.4378,1496,7791,45,568,2,16,3,22,12,13,285.4,599.7,795.7,0.0,2,2,2,0
pi4,wolfSSL,DEPLOY,TLS-checked,13,5.5460,12.1313,6.6852,24.3625,1496,7791,45,568,2,16,3,22,12,13,282.6,629.2,842.7,0.0,2,2,2,0
pi4,wolfSSL,DEPLOY,TLS-checked,14,5.3746,10.9558,6.4404,22.7709,1496,7791,45,568,2,15,3,21,12,14,296.6,606.8,783.8,0.0,2,2,2,0
pi4,wolfSSL,DEPLOY,TLS-checked,15,5.4741,16.2021,19.0806,40.7568,1496,7791,45,568,2,17,3,23,13,11,297.1,605.1,788.1,0.0,2,2,2,0
pi4,wolfSSL,DEPLOY,TLS-checked,16,10.4947,17.5083,15.2081,43.2111,1496,7791,45,568,2,15,3,21,11,12,284.2,601.3,781.4,0.0,2,2,2,0
pi4,wolfSSL,DEPLOY,TLS-checked,17,12.0511,15.6741,15.0392,42.7644,1496,7791,45,568,2,15,3,21,12,13,320.3,705.0,894.1,0.0,2,2,2,0
pi4,wolfSSL,DEPLOY,TLS-checked,18,14.0592,16.7916,4.9585,35.8094,1496,7791,45,568,2,15,3,21,12,13,330.6,685.0,890.3,0.0,2,2,2,0
pi4,wolfSSL,DEPLOY,TLS-checked,19,5.9590,13.7602,8.4089,28.1281,1496,7791,45,568,2,12,3,18,12,14,331.7,713.3,897.9,0.0,2,2,2,0
pi4,wolfSSL,DEPLOY,TLS-checked,20,5.6664,13.5169,6.4168,25.6000,1496,7791,45,568,2,14,3,20,10,14,287.7,624.5,785.1,0.0,2,2,2,0
pi4,wolfSSL,DEPLOY,TLS-checked,21,8.0242,16.8075,7.7465,32.5781,1496,7791,45,568,2,15,3,21,12,13,288.6,600.4,777.4,0.0,2,2,2,0
pi4,wolfSSL,DEPLOY,TLS-checked,22,5.6224,13.3990,9.7746,28.7960,1496,7791,45,568,2,16,3,22,12,14,282.1,597.5,776.7,0.0,2,2,2,0
pi4,wolfSSL,DEPLOY,TLS-checked,23,6.1813,15.7541,7.4787,29.4141,1496,7791,45,568,2,16,3,22,12,14,278.7,600.0,773.8,0.0,2,2,2,0
pi4,wolfSSL,DEPLOY,TLS-checked,24,5.7602,11.7456,7.0323,24.5381,1496,7791,45,568,2,15,3,21,12,13,293.1,606.7,782.8,0.0,2,2,2,0
pi4,wolfSSL,DEPLOY,TLS-checked,25,7.6456,13.6324,6.3100,27.5881,1496,7791,45,568,2,14,3,20,12,13,283.1,597.4,775.0,0.0,2,2,2,0
pi4,wolfSSL,DEPLOY,TLS-checked,26,6.4288,21.0518,5.1429,32.6234,1496,7791,45,568,2,15,3,21,15,14,279.6,627.8,853.9,0.0,2,2,2,0
pi4,wolfSSL,DEPLOY,TLS-checked,27,5.3684,12.7089,5.6313,23.7085,1496,7791,45,568,2,14,3,20,12,14,288.8,623.4,811.5,0.0,2,2,2,0
pi4,wolfSSL,DEPLOY,TLS-checked,28,4.8587,17.3399,10.7459,32.9445,1496,7791,45,568,2,15,3,21,12,14,295.3,629.3,797.5,0.0,2,2,2,0
pi4,wolfSSL,DEPLOY,TLS-checked,29,6.1412,14.7908,6.4050,27.3370,1496,7791,45,568,2,13,3,19,12,12,281.0,598.3,792.0,0.0,2,2,2,0
pi4,wolfSSL,DEPLOY,TLS-checked,30,10.9342,12.4661,7.1826,30.5829,1496,7791,45,568,2,14,3,20,12,14,279.6,598.2,774.1,0.0,2,2,2,0
pi4,wolfSSL,DEPLOY,TLS-checked,31,5.4441,14.1440,7.9195,27.5076,1496,7791,45,568,2,13,3,19,12,14,293.3,606.3,806.1,0.0,2,2,2,0
pi4,wolfSSL,DEPLOY,TLS-checked,32,5.7602,16.0246,7.2519,29.0366,1496,7791,45,568,2,14,3,20,10,14,281.6,597.5,773.1,0.0,2,2,2,0
pi4,wolfSSL,DEPLOY,TLS-checked,33,6.9020,13.1949,4.9502,25.0471,1496,7791,45,568,2,14,3,20,12,13,280.0,664.2,792.2,0.0,2,2,2,0
pi4,wolfSSL,DEPLOY,TLS-checked,34,6.2582,11.9451,6.8028,25.0062,1496,7791,45,568,2,14,3,20,12,14,293.7,624.4,783.6,0.0,2,2,2,0
pi4,wolfSSL,DEPLOY,TLS-checked,35,6.6807,13.5797,10.4126,30.6730,1496,7791,45,568,2,14,3,20,12,12,289.3,606.0,807.7,0.0,2,2,2,0
pi4,wolfSSL,DEPLOY,TLS-checked,36,6.7994,14.6831,6.7541,28.2365,1496,7791,45,568,2,14,3,20,12,14,280.0,603.0,794.2,0.0,2,2,2,0
pi4,wolfSSL,DEPLOY,TLS-checked,37,7.8328,18.8868,7.6901,34.4097,1496,7791,45,568,2,15,3,21,12,13,302.5,599.0,883.8,0.0,2,2,2,0
pi4,wolfSSL,DEPLOY,TLS-checked,38,5.5078,13.5912,6.3172,25.4162,1496,7791,45,568,2,17,3,23,12,14,332.7,717.8,894.5,0.0,2,2,2,0
pi4,wolfSSL,DEPLOY,TLS-checked,39,7.7372,13.7034,5.9734,27.4141,1496,7791,45,568,2,15,3,21,12,13,320.8,703.8,907.6,0.0,2,2,2,0
pi4,wolfSSL,DEPLOY,TLS-checked,40,9.1010,12.0169,9.2507,30.3686,1496,7791,45,568,2,15,3,21,12,14,326.3,712.4,893.8,0.0,2,2,2,0
pi4,wolfSSL,DEPLOY,TLS-checked,41,6.2778,13.0278,7.7468,27.0524,1496,7791,45,568,2,15,3,21,12,13,298.3,648.5,791.1,0.0,2,2,2,0
pi4,wolfSSL,DEPLOY,TLS-checked,42,11.4781,18.0208,10.5908,40.0898,1496,7791,45,568,2,14,3,20,12,13,290.8,627.6,779.6,0.0,2,2,2,0
pi4,wolfSSL,DEPLOY,TLS-checked,43,7.1031,12.4715,6.5000,26.0746,1496,7791,45,568,2,15,3,21,10,13,328.5,625.3,807.4,0.0,2,2,2,0
pi4,wolfSSL,DEPLOY,TLS-checked,44,9.9266,15.5370,7.5967,33.0604,1496,7791,45,568,2,15,3,21,12,13,329.6,704.8,920.7,0.0,2,2,2,0
pi4,wolfSSL,DEPLOY,TLS-checked,45,6.6008,16.1318,8.7089,31.4415,1496,7791,45,568,2,15,3,21,12,13,351.0,685.3,887.0,0.0,2,2,2,0
pi4,wolfSSL,DEPLOY,TLS-checked,46,8.4136,15.2110,4.4385,28.0631,1496,7791,45,568,2,15,3,21,12,13,318.8,723.0,909.5,0.0,2,2,2,0
pi4,wolfSSL,DEPLOY,TLS-checked,47,6.1621,16.3109,6.9566,29.4296,1496,7791,45,568,2,12,3,18,12,13,317.4,628.9,785.9,0.0,2,2,2,0
pi4,wolfSSL,DEPLOY,TLS-checked,48,9.2844,11.8759,5.8788,27.0391,1496,7791,45,568,2,15,3,21,12,14,296.9,622.3,784.6,0.0,2,2,2,0
pi4,wolfSSL,DEPLOY,TLS-checked,49,11.6825,16.5029,5.4664,33.6518,1496,7791,45,568,2,15,3,21,12,13,284.5,600.1,776.9,0.0,2,2,2,0
pi4,wolfSSL,DEPLOY,mTLS,0,9.9396,12.6226,12.9566,35.5188,8004,8000,45,8600,4,17,5,25,18,21,252.9,532.8,693.8,509.2,2,2,2,1
pi4,wolfSSL,DEPLOY,mTLS,1,8.8375,16.1914,8.2378,33.2667,8004,8000,45,8600,4,17,5,25,18,21,294.9,606.9,826.6,1274.1,2,2,2,1
pi4,wolfSSL,DEPLOY,mTLS,2,5.7786,18.7937,9.8908,34.4631,8004,8000,45,8600,4,17,5,25,23,20,287.7,602.0,780.2,910.1,2,2,2,1
pi4,wolfSSL,DEPLOY,mTLS,3,9.7634,17.0618,12.7155,39.5408,8004,8000,45,8600,4,16,5,25,16,17,322.6,598.6,779.8,1334.8,2,2,2,1
pi4,wolfSSL,DEPLOY,mTLS,4,9.4303,18.4000,9.4015,37.2318,8004,8000,45,8600,4,18,5,24,17,20,297.5,638.5,814.3,573.6,2,2,2,1
pi4,wolfSSL,DEPLOY,mTLS,5,6.0792,17.3042,10.1381,33.5215,8004,8000,45,8600,4,17,5,25,18,20,286.8,602.4,803.5,748.3,2,2,2,1
pi4,wolfSSL,DEPLOY,mTLS,6,7.2119,18.6809,10.2792,36.1720,8004,8000,45,8600,4,18,5,24,17,21,291.8,605.7,784.9,2058.5,2,2,2,1
pi4,wolfSSL,DEPLOY,mTLS,7,6.4459,14.2648,8.9621,29.6727,8004,8000,45,8600,4,16,5,24,17,20,292.5,606.3,787.3,913.6,2,2,2,1
pi4,wolfSSL,DEPLOY,mTLS,8,5.6211,17.8218,11.2187,34.6616,8004,8000,45,8600,4,17,5,25,16,20,285.0,623.5,782.6,2360.0,2,2,2,1
pi4,wolfSSL,DEPLOY,mTLS,9,5.7044,13.8562,10.2582,29.8188,8004,8000,45,8600,4,15,5,23,17,19,283.9,602.5,780.6,766.3,2,2,2,1
pi4,wolfSSL,DEPLOY,mTLS,10,8.8896,14.2277,10.4966,33.6139,8004,8000,45,8600,4,16,5,24,16,21,266.9,576.6,706.5,840.5,2,2,2,1
pi4,wolfSSL,DEPLOY,mTLS,11,5.7289,13.6913,10.2823,29.7025,8004,8000,45,8600,4,16,5,24,18,20,259.3,538.6,696.2,862.0,2,2,2,1
pi4,wolfSSL,DEPLOY,mTLS,12,7.6390,14.9073,8.0310,30.5773,8004,8000,45,8600,4,16,5,24,18,19,255.8,536.4,692.8,1790.8,2,2,2,1
pi4,wolfSSL,DEPLOY,mTLS,13,7.0175,18.3863,9.1572,34.5611,8004,8000,45,8600,4,17,5,25,18,20,296.1,605.7,787.3,1457.4,2,2,2,1
pi4,wolfSSL,DEPLOY,mTLS,14,6.7831,17.8364,12.8474,37.4669,8004,8000,45,8600,4,18,5,24,17,20,294.1,627.9,784.6,572.2,2,2,2,1
pi4,wolfSSL,DEPLOY,mTLS,15,8.5499,16.4028,8.6334,33.5861,8004,8000,45,8600,4,16,5,24,16,21,284.8,617.7,800.9,959.2,2,2,2,1
pi4,wolfSSL,DEPLOY,mTLS,16,8.6308,19.7654,9.2443,37.6404,8004,8000,45,8600,4,17,5,25,18,20,296.5,606.7,795.4,1342.6,2,2,2,1
pi4,wolfSSL,DEPLOY,mTLS,17,10.4676,15.4036,8.6567,34.5279,8004,8000,45,8600,4,18,5,26,18,22,297.6,608.7,846.0,1053.9,2,2,2,1
pi4,wolfSSL,DEPLOY,mTLS,18,5.6245,18.9594,15.8163,40.4002,8004,8000,45,8600,4,17,5,25,18,21,293.1,605.8,787.9,574.6,2,2,2,1
pi4,wolfSSL,DEPLOY,mTLS,19,7.2805,14.4816,10.1758,31.9379,8004,8000,45,8600,4,16,5,24,18,18,266.6,568.8,704.7,508.9,2,2,2,1
pi4,wolfSSL,DEPLOY,mTLS,20,5.0407,18.6528,10.7537,34.4473,8004,8000,45,8600,4,18,5,25,23,22,260.3,537.9,696.9,1011.6,2,2,2,1
pi4,wolfSSL,DEPLOY,mTLS,21,7.0838,15.3373,11.9596,34.3807,8004,8000,45,8600,4,16,5,24,17,19,257.6,538.8,710.3,754.0,2,2,2,1
pi4,wolfSSL,DEPLOY,mTLS,22,8.3574,18.5400,9.7001,36.5976,8004,8000,45,8600,4,18,5,26,18,20,296.5,605.1,791.9,777.7,2,2,2,1
pi4,wolfSSL,DEPLOY,mTLS,23,14.1377,18.1129,11.0630,43.3136,8004,8000,45,8600,4,15,5,23,18,19,289.4,602.8,780.0,3598.3,2,2,2,1
pi4,wolfSSL,DEPLOY,mTLS,24,8.4376,18.8968,9.7383,37.0726,8004,8000,45,8600,4,16,5,24,18,21,266.3,541.7,703.3,1211.1,2,2,2,1
pi4,wolfSSL,DEPLOY,mTLS,25,6.4806,15.7176,9.4059,31.6041,8004,8000,45,8600,4,19,5,25,17,19,258.7,538.4,714.1,508.0,2,2,2,1
pi4,wolfSSL,DEPLOY,mTLS,26,10.4490,17.1428,7.7030,35.2948,8004,8000,45,8600,4,17,5,25,16,20,261.5,540.1,693.1,507.0,2,2,2,1
pi4,wolfSSL,DEPLOY,mTLS,27,8.1917,18.0291,8.2568,34.4776,8004,8000,45,8600,4,17,5,25,18,20,298.9,621.8,790.2,575.1,2,2,2,1
pi4,wolfSSL,DEPLOY,mTLS,28,6.5447,14.7216,10.6829,31.9493,8004,8000,45,8600,4,17,5,23,16,20,294.8,636.4,780.3,726.9,2,2,2,1
pi4,wolfSSL,DEPLOY,mTLS,29,8.5348,19.8301,8.8033,37.1682,8004,8000,45,8600,4,19,5,27,17,20,284.6,599.8,778.8,2848.5,2,2,2,1
pi4,wolfSSL,DEPLOY,mTLS,30,7.9862,18.7497,7.6702,34.4061,8004,8000,45,8600,4,17,5,25,18,20,294.2,604.5,789.3,2011.9,2,2,2,1
pi4,wolfSSL,DEPLOY,mTLS,31,4.9775,17.8494,10.1642,32.9911,8004,8000,45,8600,4,17,5,23,19,21,285.3,601.6,782.4,2319.6,2,2,2,1
pi4,wolfSSL,DEPLOY,mTLS,32,5.7714,17.9563,7.9802,31.7078,8004,8000,45,8600,4,17,5,23,17,20,283.7,598.3,778.9,1241.3,2,2,2,1
pi4,wolfSSL,DEPLOY,mTLS,33,7.4934,18.7108,10.9353,37.1396,8004,8000,45,8600,4,19,5,25,17,18,267.8,560.7,714.1,1337.4,2,2,2,1
pi4,wolfSSL,DEPLOY,mTLS,34,6.9209,17.2968,7.7723,31.9900,8004,8000,45,8600,4,17,5,25,18,20,260.7,538.2,696.5,2668.4,2,2,2,1
pi4,wolfSSL,DEPLOY,mTLS,35,9.8653,16.6131,10.0154,36.4938,8004,8000,45,8600,4,14,5,22,16,20,255.9,539.5,722.9,812.4,2,2,2,1
pi4,wolfSSL,DEPLOY,mTLS,36,5.8773,17.7171,7.6080,31.2025,8004,8000,45,8600,4,16,5,24,16,21,266.8,543.3,731.7,1855.6,2,2,2,1
pi4,wolfSSL,DEPLOY,mTLS,37,7.1833,17.4617,13.5631,38.2080,8004,8000,45,8600,4,17,5,25,18,18,257.8,535.0,695.9,529.8,2,2,2,1
pi4,wolfSSL,DEPLOY,mTLS,38,5.6480,17.5487,12.5063,35.7030,8004,8000,45,8600,4,16,5,24,23,19,279.8,537.1,960.9,741.3,2,2,2,1
pi4,wolfSSL,DEPLOY,mTLS,39,8.3072,19.7669,16.6591,44.7331,8004,8000,45,8600,4,14,5,22,14,18,298.3,608.2,824.5,573.2,2,2,2,1
pi4,wolfSSL,DEPLOY,mTLS,40,8.6509,14.6417,7.2532,30.5458,8004,8000,45,8600,4,17,5,23,18,20,320.0,600.6,803.5,572.4,2,2,2,1
pi4,wolfSSL,DEPLOY,mTLS,41,7.5834,15.7463,9.9061,33.2358,8004,8000,45,8600,4,16,5,24,18,18,284.7,620.4,789.3,576.1,2,2,2,1
pi4,wolfSSL,DEPLOY,mTLS,42,6.1551,22.0136,7.2025,35.3712,8004,8000,45,8600,4,18,5,24,17,20,289.1,598.5,780.9,572.7,2,2,2,1
pi4,wolfSSL,DEPLOY,mTLS,43,8.2254,15.6111,7.7367,31.5731,8004,8000,45,8600,4,19,5,25,17,19,289.8,606.1,805.4,571.2,2,2,2,1
pi4,wolfSSL,DEPLOY,mTLS,44,14.7379,15.4156,10.9672,41.1207,8004,8000,45,8600,4,16,5,24,18,18,293.7,605.4,796.1,575.3,2,2,2,1
pi4,wolfSSL,DEPLOY,mTLS,45,5.1200,19.1411,8.6758,32.9369,8004,8000,45,8600,4,17,5,23,18,19,295.0,675.1,803.5,1099.5,2,2,2,1
pi4,wolfSSL,DEPLOY,mTLS,46,6.3229,15.3274,7.9745,29.6248,8004,8000,45,8600,4,17,5,25,17,20,295.6,640.2,790.2,788.9,2,2,2,1
pi4,wolfSSL,DEPLOY,mTLS,47,6.4524,13.6285,9.9734,30.0543,8004,8000,45,8600,4,16,5,22,18,19,267.9,567.4,725.6,927.4,2,2,2,1
pi4,wolfSSL,DEPLOY,mTLS,48,8.4387,12.7191,10.5080,31.6658,8004,8000,45,8600,4,17,5,23,18,19,257.9,534.8,695.8,672.2,2,2,2,1
pi4,wolfSSL,DEPLOY,mTLS,49,9.3975,14.0365,10.2439,33.6780,8004,8000,45,8600,4,17,5,25,18,19,259.0,535.8,694.7,845.9,2,2,2,1
pi4,wolfSSL,DEPLOY,mTLS-checked,0,6.0398,15.1575,12.7328,33.9302,8004,8000,45,8600,4,17,5,25,23,18,234.5,482.6,618.7,481.0,2,2,2,1
pi4,wolfSSL,DEPLOY,mTLS-checked,1,9.0251,18.1018,9.9771,37.1040,8004,8000,45,8600,4,16,5,24,23,21,296.9,608.9,787.3,784.6,2,2,2,1
pi4,wolfSSL,DEPLOY,mTLS-checked,2,8.5211,19.2170,8.6829,36.4210,8004,8000,45,8600,4,17,5,25,19,21,296.9,604.2,803.8,571.2,2,2,2,1
pi4,wolfSSL,DEPLOY,mTLS-checked,3,8.4591,14.5088,8.7280,31.6960,8004,8000,45,8600,4,16,5,24,18,21,290.6,604.0,791.4,570.2,2,2,2,1
pi4,wolfSSL,DEPLOY,mTLS-checked,4,5.2471,12.8592,8.2473,26.3535,8004,8000,45,8600,4,16,5,22,16,19,297.9,605.1,782.1,573.9,2,2,2,1
pi4,wolfSSL,DEPLOY,mTLS-checked,5,10.1437,14.7780,9.8475,34.7692,8004,8000,45,8600,4,16,5,24,18,20,328.1,602.2,798.9,571.2,2,2,2,1
pi4,wolfSSL,DEPLOY,mTLS-checked,6,5.8843,18.6214,10.5538,35.0596,8004,8000,45,8600,4,16,5,24,18,19,286.7,600.3,775.5,2886.3,2,2,2,1
pi4,wolfSSL,DEPLOY,mTLS-checked,7,5.4693,16.3856,8.1747,30.0297,8004,8000,45,8600,4,17,5,25,18,21,264.1,540.3,695.2,2564.8,2,2,2,1
pi4,wolfSSL,DEPLOY,mTLS-checked,8,5.2104,15.5208,10.6234,31.3546,8004,8000,45,8600,4,14,5,22,18,20,273.4,548.5,730.5,1030.2,2,2,2,1
pi4,wolfSSL,DEPLOY,mTLS-checked,9,6.5105,13.0185,8.4036,27.9326,8004,8000,45,8600,4,17,5,23,18,21,262.1,535.5,687.7,530.4,2,2,2,1
pi4,wolfSSL,DEPLOY,mTLS-checked,10,12.5690,16.9312,9.8175,39.3177,8004,8000,45,8600,4,16,5,24,19,20,268.6,540.6,695.3,1920.3,2,2,2,1
pi4,wolfSSL,DEPLOY,mTLS-checked,11,5.5106,17.6209,7.8653,30.9967,8004,8000,45,8600,4,17,5,25,18,20,259.5,540.2,689.5,1533.6,2,2,2,1
pi4,wolfSSL,DEPLOY,mTLS-checked,12,4.1708,12.3654,8.5919,25.1280,8004,8000,45,8600,4,17,5,25,17,20,257.4,536.7,686.9,670.6,2,2,2,1
pi4,wolfSSL,DEPLOY,mTLS-checked,13,5.2831,17.1477,9.8282,32.2590,8004,8000,45,8600,4,17,5,25,23,20,257.7,656.4,778.8,573.2,2,2,2,1
pi4,wolfSSL,DEPLOY,mTLS-checked,14,9.2612,15.5118,9.7089,34.4820,8004,8000,45,8600,4,17,5,23,18,19,295.3,619.3,786.1,1083.5,2,2,2,1
pi4,wolfSSL,DEPLOY,mTLS-checked,15,11.8125,16.6167,8.7407,37.1699,8004,8000,45,8600,4,17,5,25,18,20,293.6,603.2,776.2,1345.1,2,2,2,1
pi4,wolfSSL,DEPLOY,mTLS-checked,16,5.5830,18.4450,9.1520,33.1800,8004,8000,45,8600,4,16,5,24,16,20,290.7,656.0,782.2,2360.0,2,2,2,1
pi4,wolfSSL,DEPLOY,mTLS-checked,17,5.9155,16.9522,9.1704,32.0381,8004,8000,45,8600,4,17,5,23,18,20,288.4,601.1,774.4,2404.8,2,2,2,1
pi4,wolfSSL,DEPLOY,mTLS-checked,18,7.8354,18.3257,8.6793,34.8404,8004,8000,45,8600,4,17,5,25,18,21,286.5,600.1,770.6,1168.0,2,2,2,1
pi4,wolfSSL,DEPLOY,mTLS-checked,19,5.8753,18.6575,9.4691,34.0019,8004,8000,45,8600,4,14,5,20,18,20,307.3,559.0,696.3,3865.8,2,2,2,1
pi4,wolfSSL,DEPLOY,mTLS-checked,20,6.1926,14.9722,8.2608,29.4256,8004,8000,45,8600,4,14,5,20,18,20,266.4,569.2,713.5,705.5,2,2,2,1
pi4,wolfSSL,DEPLOY,mTLS-checked,21,5.9544,15.0707,10.8514,31.8765,8004,8000,45,8600,4,16,5,24,18,19,267.9,561.5,699.1,842.0,2,2,2,1
pi4,wolfSSL,DEPLOY,mTLS-checked,22,7.0188,13.0099,8.2990,28.3277,8004,8000,45,8600,4,17,5,25,18,20,262.2,556.1,695.9,512.0,2,2,2,1
pi4,wolfSSL,DEPLOY,mTLS-checked,23,7.7251,14.0700,6.6188,28.4139,8004,8000,45,8600,4,15,5,23,18,20,262.5,541.9,689.7,1161.4,2,2,2,1
pi4,wolfSSL,DEPLOY,mTLS-checked,24,7.2312,17.6503,8.6765,33.5580,8004,8000,45,8600,4,16,5,24,18,21,258.3,536.9,687.3,655.5,2,2,2,1
pi4,wolfSSL,DEPLOY,mTLS-checked,25,7.8693,12.5840,7.5525,28.0058,8004,8000,45,8600,4,17,5,23,17,20,259.1,536.8,688.7,538.1,2,2,2,1
pi4,wolfSSL,DEPLOY,mTLS-checked,26,8.1345,17.9883,6.7304,32.8532,8004,8000,45,8600,4,16,5,24,16,20,268.2,541.7,714.3,973.6,2,2,2,1
pi4,wolfSSL,DEPLOY,mTLS-checked,27,7.1975,19.8515,7.8950,34.9440,8004,8000,45,8600,4,14,5,22,23,20,268.6,554.8,698.3,719.2,2,2,2,1
pi4,wolfSSL,DEPLOY,mTLS-checked,28,6.0297,14.6079,6.7660,27.4036,8004,8000,45,8600,4,16,5,24,16,19,260.6,538.2,688.9,1889.1,2,2,2,1
pi4,wolfSSL,DEPLOY,mTLS-checked,29,8.5517,16.5463,6.5069,31.6050,8004,8000,45,8600,4,15,5,23,18,20,296.7,613.0,822.1,1477.2,2,2,2,1
pi4,wolfSSL,DEPLOY,mTLS-checked,30,6.9293,13.4761,10.0373,30.4427,8004,8000,45,8600,4,17,5,25,18,19,288.6,601.6,773.9,1431.4,2,2,2,1
pi4,wolfSSL,DEPLOY,mTLS-checked,31,5.9002,14.2417,7.3492,27.4910,8004,8000,45,8600,4,14,5,22,18,20,287.5,601.9,807.8,922.4,2,2,2,1
pi4,wolfSSL,DEPLOY,mTLS-checked,32,5.9395,19.9817,8.2923,34.2135,8004,8000,45,8600,4,17,5,25,18,21,283.7,588.7,714.9,2396.7,2,2,2,1
pi4,wolfSSL,DEPLOY,mTLS-checked,33,7.3575,18.0726,7.7963,33.2264,8004,8000,45,8600,4,17,5,25,17,20,282.6,560.6,696.3,2550.1,2,2,2,1
pi4,wolfSSL,DEPLOY,mTLS-checked,34,8.6216,14.0689,9.8958,32.5862,8004,8000,45,8600,4,17,5,25,18,21,267.3,538.7,693.4,1362.0,2,2,2,1
pi4,wolfSSL,DEPLOY,mTLS-checked,35,4.3794,16.9179,9.9582,31.2555,8004,8000,45,8600,4,18,5,26,18,21,258.8,560.1,697.3,1441.0,2,2,2,1
pi4,wolfSSL,DEPLOY,mTLS-checked,36,8.5744,13.1877,10.4774,32.2395,8004,8000,45,8600,4,17,5,25,18,20,264.9,538.2,692.8,996.0,2,2,2,1
pi4,wolfSSL,DEPLOY,mTLS-checked,37,7.8842,12.3333,9.3580,29.5754,8004,8000,45,8600,4,17,5,25,16,19,265.3,541.7,722.1,507.8,2,2,2,1
pi4,wolfSSL,DEPLOY,mTLS-checked,38,5.6447,16.6467,8.2213,30.5127,8004,8000,45,8600,4,19,5,25,17,21,255.3,535.5,822.3,1837.2,2,2,2,1
pi4,wolfSSL,DEPLOY,mTLS-checked,39,9.4606,20.2035,12.0883,41.7524,8004,8000,45,8600,4,17,5,25,18,21,295.4,604.8,788.4,1443.2,2,2,2,1
pi4,wolfSSL,DEPLOY,mTLS-checked,40,5.2207,19.1894,7.3530,31.7632,8004,8000,45,8600,4,17,5,23,18,20,297.7,607.6,782.3,1166.6,2,2,2,1
pi4,wolfSSL,DEPLOY,mTLS-checked,41,6.6860,17.9588,8.8477,33.4926,8004,8000,45,8600,4,16,5,22,17,19,287.2,559.3,700.0,823.3,2,2,2,1
pi4,wolfSSL,DEPLOY,mTLS-checked,42,5.8660,15.3322,9.0171,30.2153,8004,8000,45,8600,4,14,5,22,18,20,266.2,546.7,686.3,1003.3,2,2,2,1
pi4,wolfSSL,DEPLOY,mTLS-checked,43,7.2206,17.8559,7.4353,32.5119,8004,8000,45,8600,4,16,5,24,18,20,271.1,538.2,687.1,2460.7,2,2,2,1
pi4,wolfSSL,DEPLOY,mTLS-checked,44,6.5986,15.4370,8.0727,30.1083,8004,8000,45,8600,4,17,5,25,18,19,281.5,565.5,783.2,1066.1,2,2,2,1
pi4,wolfSSL,DEPLOY,mTLS-checked,45,9.7088,15.3013,7.6664,32.6764,8004,8000,45,8600,4,17,5,25,18,20,292.6,604.3,776.4,1659.9,2,2,2,1
pi4,wolfSSL,DEPLOY,mTLS-checked,46,5.8259,18.3824,8.9828,33.1911,8004,8000,45,8600,4,19,5,27,18,20,295.3,625.6,785.3,1144.5,2,2,2,1
pi4,wolfSSL,DEPLOY,mTLS-checked,47,7.0927,17.3335,8.2385,32.6648,8004,8000,45,8600,4,17,5,24,18,19,290.2,602.7,702.5,1237.0,2,2,2,1
pi4,wolfSSL,DEPLOY,mTLS-checked,48,9.4996,14.3506,8.1278,31.9780,8004,8000,45,8600,4,16,5,23,18,20,291.1,540.2,720.9,690.5,2,2,2,1
pi4,wolfSSL,DEPLOY,mTLS-checked,49,4.3134,14.2817,9.4166,28.0117,8004,8000,45,8600,4,17,5,23,18,19,258.4,536.4,691.3,507.8,2,2,2,1
pi4,OpenSSL,DEPLOY_RSA2048,TLS,0,6.7517,9.9181,4.8425,21.5123,1568,2467,45,568,2,13,3,19,9,9,404.6,507.5,505.9,0.0,1,1,2,0
pi4,OpenSSL,DEPLOY_RSA2048,TLS,1,7.3723,17.0192,8.8846,33.2761,1568,2467,45,568,2,13,3,19,12,11,393.0,517.7,499.4,0.0,1,1,2,0
pi4,OpenSSL,DEPLOY_RSA2048,TLS,2,6.9349,8.9188,7.9238,23.7775,1568,2467,45,568,2,12,3,18,9,9,417.0,540.2,530.9,0.0,1,1,2,0
pi4,OpenSSL,DEPLOY_RSA2048,TLS,3,9.3865,11.3831,6.5855,27.3550,1568,2467,45,568,2,13,3,19,9,11,395.1,509.0,503.6,0.0,1,1,2,0
pi4,OpenSSL,DEPLOY_RSA2048,TLS,4,5.9244,11.9244,6.3258,24.1745,1568,2467,45,568,2,13,3,19,9,11,399.5,508.7,504.8,0.0,1,1,2,0
pi4,OpenSSL,DEPLOY_RSA2048,TLS,5,9.9655,8.6137,7.8347,26.4139,1568,2467,45,568,2,12,3,18,9,10,393.4,510.2,493.8,0.0,1,1,2,0
pi4,OpenSSL,DEPLOY_RSA2048,TLS,6,7.7453,12.2580,7.1818,27.1850,1568,2467,45,568,2,13,3,19,9,10,390.9,503.8,496.8,0.0,1,1,2,0
pi4,OpenSSL,DEPLOY_RSA2048,TLS,7,6.7381,14.7384,5.7266,27.2032,1568,2467,45,568,2,13,3,19,12,10,388.2,562.2,505.2,0.0,1,1,2,0
pi4,OpenSSL,DEPLOY_RSA2048,TLS,8,11.4803,9.4341,9.5935,30.5079,1568,2467,45,568,2,12,3,18,9,9,391.5,508.8,492.9,0.0,1,1,2,0
pi4,OpenSSL,DEPLOY_RSA2048,TLS,9,7.4835,10.7604,4.7590,23.0029,1568,2467,45,568,2,12,3,18,9,10,390.6,538.7,501.9,0.0,1,1,2,0
pi4,OpenSSL,DEPLOY_RSA2048,TLS,10,6.2569,13.7390,7.6929,27.6887,1568,2467,45,568,2,13,3,19,9,10,408.6,513.2,507.7,0.0,1,1,2,0
pi4,OpenSSL,DEPLOY_RSA2048,TLS,11,8.4985,9.5245,5.1365,23.1596,1568,2467,45,568,2,12,3,18,9,9,406.1,520.2,499.1,0.0,1,1,2,0
pi4,OpenSSL,DEPLOY_RSA2048,TLS,12,6.7427,10.2605,5.8206,22.8238,1568,2467,45,568,2,12,3,18,9,10,391.5,507.5,489.6,0.0,1,1,2,0
pi4,OpenSSL,DEPLOY_RSA2048,TLS,13,6.5274,10.0846,8.3750,24.9870,1568,2467,45,568,2,12,3,18,9,10,389.1,503.6,487.1,0.0,1,1,2,0
pi4,OpenSSL,DEPLOY_RSA2048,TLS,14,5.2543,11.0079,5.0290,21.2913,1568,2467,45,568,2,13,3,19,9,10,387.2,504.2,493.7,0.0,1,1,2,0
pi4,OpenSSL,DEPLOY_RSA2048,TLS,15,8.2403,11.1271,7.0887,26.4561,1568,2467,45,568,2,12,3,18,9,9,390.5,537.0,501.3,0.0,1,1,2,0
pi4,OpenSSL,DEPLOY_RSA2048,TLS,16,8.5492,10.0805,6.7124,25.3421,1568,2467,45,568,2,12,3,18,9,10,419.4,527.8,494.8,0.0,1,1,2,0
pi4,OpenSSL,DEPLOY_RSA2048,TLS,17,5.5926,14.7220,5.1102,25.4247,1568,2467,45,568,2,12,3,18,9,7,391.6,537.2,539.5,0.0,1,1,2,0
pi4,OpenSSL,DEPLOY_RSA2048,TLS,18,5.2503,13.3885,6.4557,25.0945,1568,2467,45,568,2,12,3,18,9,10,391.9,540.6,505.3,0.0,1,1,2,0
pi4,OpenSSL,DEPLOY_RSA2048,TLS,19,8.5293,13.9801,5.6629,28.1723,1568,2467,45,568,2,12,3,18,9,11,412.2,555.7,502.2,0.0,1,1,2,0
pi4,OpenSSL,DEPLOY_RSA2048,TLS,20,6.6571,13.2889,5.6847,25.6308,1568,2467,45,568,2,12,3,18,9,10,390.1,507.9,492.4,0.0,1,1,2,0
pi4,OpenSSL,DEPLOY_RSA2048,TLS,21,8.2662,15.9278,6.3069,30.5010,1568,2467,45,568,2,13,3,19,9,11,387.1,507.8,497.1,0.0,1,1,2,0
pi4,OpenSSL,DEPLOY_RSA2048,TLS,22,7.0661,13.7776,8.4547,29.2984,1568,2467,45,568,2,13,3,19,9,10,389.0,538.3,547.5,0.0,1,1,2,0
pi4,OpenSSL,DEPLOY_RSA2048,TLS,23,4.7881,13.1448,5.9134,23.8463,1568,2467,45,568,2,12,3,18,9,10,398.2,510.1,506.3,0.0,1,1,2,0
pi4,OpenSSL,DEPLOY_RSA2048,TLS,24,4.7640,12.4253,7.7678,24.9570,1568,2467,45,568,2,12,3,18,9,9,390.2,512.8,550.8,0.0,1,1,2,0
pi4,OpenSSL,DEPLOY_RSA2048,TLS,25,5.8865,11.5300,6.2702,23.6867,1568,2467,45,568,2,12,3,18,9,9,405.9,515.8,501.1,0.0,1,1,2,0
pi4,OpenSSL,DEPLOY_RSA2048,TLS,26,8.9775,18.7179,5.9068,33.6021,1568,2467,45,568,2,13,3,19,9,9,424.0,508.6,518.4,0.0,1,1,2,0
pi4,OpenSSL,DEPLOY_RSA2048,TLS,27,5.4142,14.3409,7.6701,27.4252,1568,2467,45,568,2,12,3,18,9,11,411.6,517.1,500.8,0.0,1,1,2,0
pi4,OpenSSL,DEPLOY_RSA2048,TLS,28,5.9835,17.0269,9.4622,32.4726,1568,2467,45,568,2,13,3,19,9,11,392.2,523.4,500.5,0.0,1,1,2,0
pi4,OpenSSL,DEPLOY_RSA2048,TLS,29,8.3180,11.0127,6.7220,26.0527,1568,2467,45,568,2,12,3,18,9,11,393.2,511.5,496.0,0.0,1,1,2,0
pi4,OpenSSL,DEPLOY_RSA2048,TLS,30,7.6466,11.7068,4.9855,24.3389,1568,2467,45,568,2,12,3,18,9,10,402.7,551.3,512.8,0.0,1,1,2,0
pi4,OpenSSL,DEPLOY_RSA2048,TLS,31,5.3035,12.5948,5.8175,23.7158,1568,2467,45,568,2,12,3,18,9,9,397.9,512.7,507.7,0.0,1,1,2,0
pi4,OpenSSL,DEPLOY_RSA2048,TLS,32,5.8764,12.3649,6.7532,24.9945,1568,2467,45,568,2,12,3,18,9,10,394.9,555.9,502.8,0.0,1,1,2,0
pi4,OpenSSL,DEPLOY_RSA2048,TLS,33,8.4706,16.9033,6.7996,32.1736,1568,2467,45,568,2,12,3,18,9,9,403.0,543.9,501.3,0.0,1,1,2,0
pi4,OpenSSL,DEPLOY_RSA2048,TLS,34,14.4680,14.9256,6.9796,36.3731,1568,2467,45,568,2,12,3,18,9,11,397.8,525.3,502.0,0.0,1,1,2,0
pi4,OpenSSL,DEPLOY_RSA2048,TLS,35,5.0242,11.7976,10.4406,27.2624,1568,2467,45,568,2,12,3,18,9,10,390.9,511.2,495.3,0.0,1,1,2,0
pi4,OpenSSL,DEPLOY_RSA2048,TLS,36,7.0808,10.0575,9.4831,26.6214,1568,2467,45,568,2,12,3,18,9,9,391.5,507.4,492.1,0.0,1,1,2,0
pi4,OpenSSL,DEPLOY_RSA2048,TLS,37,6.5647,12.7050,7.0107,26.2804,1568,2467,45,568,2,12,3,18,9,10,389.0,552.0,509.5,0.0,1,1,2,0
pi4,OpenSSL,DEPLOY_RSA2048,TLS,38,6.4323,14.5221,6.6664,27.6209,1568,2467,45,568,2,13,3,19,9,10,392.6,507.8,498.2,0.0,1,1,2,0
pi4,OpenSSL,DEPLOY_RSA2048,TLS,39,6.1660,13.3917,6.0076,25.5654,1568,2467,45,568,2,12,3,18,9,10,390.9,539.6,501.8,0.0,1,1,2,0
pi4,OpenSSL,DEPLOY_RSA2048,TLS,40,9.3291,12.0735,6.8126,28.2152,1568,2467,45,568,2,12,3,18,9,9,403.4,507.8,535.5,0.0,1,1,2,0
pi4,OpenSSL,DEPLOY_RSA2048,TLS,41,9.6057,12.0034,6.6732,28.2823,1568,2467,45,568,2,13,3,19,9,9,408.3,512.5,505.2,0.0,1,1,2,0
pi4,OpenSSL,DEPLOY_RSA2048,TLS,42,6.0115,11.7025,9.5183,27.2324,1568,2467,45,568,2,12,3,18,9,10,391.7,509.1,494.5,0.0,1,1,2,0
pi4,OpenSSL,DEPLOY_RSA2048,TLS,43,7.0066,12.2089,7.8599,27.0754,1568,2467,45,568,2,13,3,19,9,11,399.3,516.9,502.0,0.0,1,1,2,0
pi4,OpenSSL,DEPLOY_RSA2048,TLS,44,6.8913,12.9796,9.2126,29.0836,1568,2467,45,568,2,12,3,18,9,10,417.6,539.6,505.9,0.0,1,1,2,0
pi4,OpenSSL,DEPLOY_RSA2048,TLS,45,5.1850,17.8357,6.8821,29.9029,1568,2467,45,568,2,13,3,19,12,10,393.6,514.2,499.9,0.0,1,1,2,0
pi4,OpenSSL,DEPLOY_RSA2048,TLS,46,6.8699,14.4182,9.7208,31.0089,1568,2467,45,568,2,13,3,19,9,9,389.2,539.0,502.4,0.0,1,1,2,0
pi4,OpenSSL,DEPLOY_RSA2048,TLS,47,9.6317,16.0415,4.8999,30.5730,1568,2467,45,568,2,13,3,19,9,9,402.1,518.9,505.4,0.0,1,1,2,0
pi4,OpenSSL,DEPLOY_RSA2048,TLS,48,8.5319,14.8617,6.0735,29.4672,1568,2467,45,568,2,13,3,19,9,10,397.9,534.8,510.1,0.0,1,1,2,0
pi4,OpenSSL,DEPLOY_RSA2048,TLS,49,5.5254,12.9167,6.3032,24.7453,1568,2467,45,568,2,12,3,18,9,10,410.3,509.5,522.6,0.0,1,1,2,0
pi4,OpenSSL,DEPLOY_RSA2048,TLS-checked,0,6.6857,15.2751,8.4989,30.4597,1568,2467,45,568,2,13,3,19,9,10,418.0,511.6,688.2,0.0,1,1,2,0
pi4,OpenSSL,DEPLOY_RSA2048,TLS-checked,1,7.7358,8.8298,5.5302,22.0958,1568,2467,45,568,2,12,3,18,9,10,407.6,516.9,689.3,0.0,1,1,2,0
pi4,OpenSSL,DEPLOY_RSA2048,TLS-checked,2,7.1042,13.4859,4.4748,25.0649,1568,2467,45,568,2,13,3,19,10,10,404.0,543.4,698.9,0.0,1,1,2,0
pi4,OpenSSL,DEPLOY_RSA2048,TLS-checked,3,7.9453,9.2471,4.7926,21.9851,1568,2467,45,568,2,12,3,18,9,10,405.7,512.0,688.2,0.0,1,1,2,0
pi4,OpenSSL,DEPLOY_RSA2048,TLS-checked,4,5.3787,10.3373,7.8942,23.6101,1568,2467,45,568,2,13,3,19,10,10,401.1,510.7,718.9,0.0,1,1,2,0
pi4,OpenSSL,DEPLOY_RSA2048,TLS-checked,5,6.1850,10.8922,4.9508,22.0280,1568,2467,45,568,2,12,3,18,9,9,392.6,527.0,679.8,0.0,1,1,2,0
pi4,OpenSSL,DEPLOY_RSA2048,TLS-checked,6,5.2209,10.9243,5.6502,21.7955,1568,2467,45,568,2,12,3,18,9,11,391.3,510.6,674.6,0.0,1,1,2,0
pi4,OpenSSL,DEPLOY_RSA2048,TLS-checked,7,8.7943,15.0401,8.7465,32.5809,1568,2467,45,568,2,12,3,18,9,10,391.5,508.9,714.2,0.0,1,1,2,0
pi4,OpenSSL,DEPLOY_RSA2048,TLS-checked,8,6.4442,11.2449,6.6007,24.2898,1568,2467,45,568,2,12,3,18,9,8,400.5,511.9,683.5,0.0,1,1,2,0
pi4,OpenSSL,DEPLOY_RSA2048,TLS-checked,9,7.0847,9.1717,6.5521,22.8085,1568,2467,45,568,2,13,3,19,9,10,393.5,509.8,679.5,0.0,1,1,2,0
pi4,OpenSSL,DEPLOY_RSA2048,TLS-checked,10,6.5937,11.5047,8.1187,26.2170,1568,2467,45,568,2,12,3,18,9,10,394.9,539.3,687.0,0.0,1,1,2,0
pi4,OpenSSL,DEPLOY_RSA2048,TLS-checked,11,5.4958,15.6963,9.8440,31.0361,1568,2467,45,568,2,13,3,19,9,10,415.8,558.1,719.1,0.0,1,1,2,0
pi4,OpenSSL,DEPLOY_RSA2048,TLS-checked,12,5.7738,16.6175,6.2363,28.6276,1568,2467,45,568,2,13,3,19,9,10,400.8,558.2,695.5,0.0,1,1,2,0
pi4,OpenSSL,DEPLOY_RSA2048,TLS-checked,13,10.8952,12.7151,6.3519,29.9623,1568,2467,45,568,2,12,3,18,9,10,395.0,540.3,691.8,0.0,1,1,2,0
pi4,OpenSSL,DEPLOY_RSA2048,TLS-checked,14,5.3020,11.8899,5.4346,22.6265,1568,2467,45,568,2,12,3,18,9,9,393.8,513.0,680.2,0.0,1,1,2,0
pi4,OpenSSL,DEPLOY_RSA2048,TLS-checked,15,10.4426,13.0588,7.8575,31.3589,1568,2467,45,568,2,13,3,19,9,10,403.6,519.0,688.9,0.0,1,1,2,0
pi4,OpenSSL,DEPLOY_RSA2048,TLS-checked,16,7.0044,9.5920,5.8692,22.4656,1568,2467,45,568,2,12,3,18,9,9,392.4,510.0,708.0,0.0,1,1,2,0
pi4,OpenSSL,DEPLOY_RSA2048,TLS-checked,17,5.5379,9.8162,6.5044,21.8585,1568,2467,45,568,2,12,3,18,9,10,391.5,509.0,680.2,0.0,1,1,2,0
pi4,OpenSSL,DEPLOY_RSA2048,TLS-checked,18,5.7617,18.3519,8.3371,32.4507,1568,2467,45,568,2,13,3,19,9,9,397.7,550.4,732.2,0.0,1,1,2,0
pi4,OpenSSL,DEPLOY_RSA2048,TLS-checked,19,5.4213,10.8327,6.3633,22.6173,1568,2467,45,568,2,13,3,19,9,10,405.9,517.4,688.9,0.0,1,1,2,0
pi4,OpenSSL,DEPLOY_RSA2048,TLS-checked,20,9.4286,11.1799,5.9518,26.5603,1568,2467,45,568,2,13,3,19,9,10,395.3,506.7,720.0,0.0,1,1,2,0
pi4,OpenSSL,DEPLOY_RSA2048,TLS-checked,21,4.6720,10.2221,5.4981,20.3923,1568,2467,45,568,2,12,3,18,9,10,410.7,525.1,674.5,0.0,1,1,2,0
pi4,OpenSSL,DEPLOY_RSA2048,TLS-checked,22,5.6252,16.9683,8.4817,31.0751,1568,2467,45,568,2,12,3,18,9,10,389.8,511.8,675.7,0.0,1,1,2,0
pi4,OpenSSL,DEPLOY_RSA2048,TLS-checked,23,4.9890,9.0976,6.1321,20.2187,1568,2467,45,568,2,12,3,18,9,10,417.1,509.8,706.2,0.0,1,1,2,0
pi4,OpenSSL,DEPLOY_RSA2048,TLS-checked,24,6.1671,12.8595,5.2665,24.2931,1568,2467,45,568,2,13,3,19,9,10,398.0,529.0,690.2,0.0,1,1,2,0
pi4,OpenSSL,DEPLOY_RSA2048,TLS-checked,25,6.2737,9.1963,6.9836,22.4536,1568,2467,45,568,2,12,3,18,9,10,390.5,506.8,676.5,0.0,1,1,2,0
pi4,OpenSSL,DEPLOY_RSA2048,TLS-checked,26,5.3925,10.1097,8.1657,23.6679,1568,2467,45,568,2,12,3,18,9,10,419.0,525.3,684.4,0.0,1,1,2,0
pi4,OpenSSL,DEPLOY_RSA2048,TLS-checked,27,7.7111,11.3216,5.4503,24.4830,1568,2467,45,568,2,13,3,19,9,10,426.6,520.5,716.8,0.0,1,1,2,0
pi4,OpenSSL,DEPLOY_RSA2048,TLS-checked,28,5.0933,13.6940,4.8752,23.6626,1568,2467,45,568,2,13,3,19,9,9,393.4,507.3,681.6,0.0,1,1,2,0
pi4,OpenSSL,DEPLOY_RSA2048,TLS-checked,29,5.9321,11.1620,5.3315,22.4257,1568,2467,45,568,2,13,3,19,9,10,392.1,524.1,681.8,0.0,1,1,2,0
pi4,OpenSSL,DEPLOY_RSA2048,TLS-checked,30,5.8195,10.5188,9.3708,25.7090,1568,2467,45,568,2,12,3,18,9,10,389.4,534.5,688.6,0.0,1,1,2,0
pi4,OpenSSL,DEPLOY_RSA2048,TLS-checked,31,5.3210,12.3221,5.6515,23.2946,1568,2467,45,568,2,12,3,18,9,10,395.3,537.6,725.7,0.0,1,1,2,0
pi4,OpenSSL,DEPLOY_RSA2048,TLS-checked,32,6.0515,10.9017,9.5520,26.5053,1568,2467,45,568,2,12,3,18,9,10,398.3,516.0,678.6,0.0,1,1,2,0
pi4,OpenSSL,DEPLOY_RSA2048,TLS-checked,33,6.7719,11.0403,7.7077,25.5200,1568,2467,45,568,2,12,3,18,9,11,394.5,511.8,680.5,0.0,1,1,2,0
pi4,OpenSSL,DEPLOY_RSA2048,TLS-checked,34,5.0423,11.2652,6.6542,22.9616,1568,2467,45,568,2,12,3,18,9,11,405.4,513.0,681.1,0.0,1,1,2,0
pi4,OpenSSL,DEPLOY_RSA2048,TLS-checked,35,10.3079,12.9279,6.4929,29.7287,1568,2467,45,568,2,13,3,19,9,11,402.9,534.5,692.2,0.0,1,1,2,0
pi4,OpenSSL,DEPLOY_RSA2048,TLS-checked,36,5.9254,20.6267,7.4332,33.9854,1568,2467,45,568,2,13,3,19,9,9,393.3,539.0,691.9,0.0,1,1,2,0
pi4,OpenSSL,DEPLOY_RSA2048,TLS-checked,37,6.0175,13.1651,7.9946,27.1771,1568,2467,45,568,2,12,3,18,9,10,395.9,508.9,682.2,0.0,1,1,2,0
pi4,OpenSSL,DEPLOY_RSA2048,TLS-checked,38,4.3866,16.0710,9.8503,30.3078,1568,2467,45,568,2,13,3,19,9,10,392.9,513.9,679.4,0.0,1,1,2,0
pi4,OpenSSL,DEPLOY_RSA2048,TLS-checked,39,6.1727,11.6440,6.9093,24.7260,1568,2467,45,568,2,12,3,18,9,10,397.7,535.8,681.7,0.0,1,1,2,0
pi4,OpenSSL,DEPLOY_RSA2048,TLS-checked,40,8.9528,13.3911,6.1650,28.5088,1568,2467,45,568,2,13,3,19,9,11,406.3,538.5,696.2,0.0,1,1,2,0
pi4,OpenSSL,DEPLOY_RSA2048,TLS-checked,41,5.5403,10.6716,6.9700,23.1818,1568,2467,45,568,2,12,3,18,9,9,412.1,561.8,686.4,0.0,1,1,2,0
pi4,OpenSSL,DEPLOY_RSA2048,TLS-checked,42,5.7585,12.6638,7.8052,26.2275,1568,2467,45,568,2,12,3,18,9,10,413.7,546.2,687.6,0.0,1,1,2,0
pi4,OpenSSL,DEPLOY_RSA2048,TLS-checked,43,5.7435,9.0072,5.6245,20.3752,1568,2467,45,568,2,12,3,18,9,10,395.4,527.7,679.7,0.0,1,1,2,0
pi4,OpenSSL,DEPLOY_RSA2048,TLS-checked,44,6.6908,14.3425,6.7957,27.8290,1568,2467,45,568,2,12,3,18,9,10,389.9,520.3,705.7,0.0,1,1,2,0
pi4,OpenSSL,DEPLOY_RSA2048,TLS-checked,45,4.9401,10.7407,7.2361,22.9169,1568,2467,45,568,2,12,3,18,9,9,391.3,508.0,677.8,0.0,1,1,2,0
pi4,OpenSSL,DEPLOY_RSA2048,TLS-checked,46,5.9718,11.0332,6.3162,23.3211,1568,2467,45,568,2,12,3,18,9,10,398.2,511.0,821.5,0.0,1,1,2,0
pi4,OpenSSL,DEPLOY_RSA2048,TLS-checked,47,7.1290,11.5716,7.0208,25.7214,1568,2467,45,568,2,12,3,18,9,9,399.9,509.1,712.4,0.0,1,1,2,0
pi4,OpenSSL,DEPLOY_RSA2048,TLS-checked,48,6.8270,17.0008,7.0208,30.8485,1568,2467,45,568,2,13,3,19,9,10,394.2,510.5,680.1,0.0,1,1,2,0
pi4,OpenSSL,DEPLOY_RSA2048,TLS-checked,49,7.8392,10.1399,5.0115,22.9905,1568,2467,45,568,2,12,3,18,9,10,402.6,514.0,685.2,0.0,1,1,2,0
pi4,OpenSSL,DEPLOY_RSA2048,mTLS,0,4.4137,16.7683,7.3944,28.5764,2720,2684,45,2232,2,14,3,20,9,11,392.0,531.4,494.2,5015.5,1,1,2,1
pi4,OpenSSL,DEPLOY_RSA2048,mTLS,1,6.5912,17.1118,16.9343,40.6373,2720,2684,45,2232,2,15,3,21,9,10,404.2,533.3,536.9,5047.2,1,1,2,1
pi4,OpenSSL,DEPLOY_RSA2048,mTLS,2,6.1302,16.0673,8.5936,30.7911,2720,2684,45,2232,2,15,3,21,9,10,397.2,515.7,506.7,5001.0,1,1,2,1
pi4,OpenSSL,DEPLOY_RSA2048,mTLS,3,5.7388,16.2360,7.0968,29.0716,2720,2684,45,2232,2,14,3,20,9,11,394.6,536.7,502.2,5024.9,1,1,2,1
pi4,OpenSSL,DEPLOY_RSA2048,mTLS,4,6.0297,19.7907,9.5475,35.3679,2720,2684,45,2232,2,15,3,21,9,11,405.0,543.0,508.8,4999.2,1,1,2,1
pi4,OpenSSL,DEPLOY_RSA2048,mTLS,5,5.0452,16.6630,10.7177,32.4259,2720,2684,45,2232,2,15,3,21,9,10,423.0,521.6,511.2,5028.0,1,1,2,1
pi4,OpenSSL,DEPLOY_RSA2048,mTLS,6,7.2780,16.8187,8.0377,32.1344,2720,2684,45,2232,2,15,3,21,9,10,394.3,527.9,501.1,5012.9,1,1,2,1
pi4,OpenSSL,DEPLOY_RSA2048,mTLS,7,5.8919,20.9877,8.2826,35.1622,2720,2684,45,2232,2,15,3,21,9,10,415.4,515.7,507.3,5018.2,1,1,2,1
pi4,OpenSSL,DEPLOY_RSA2048,mTLS,8,6.9328,15.5151,9.1720,31.6200,2720,2684,45,2232,2,15,3,21,9,10,396.3,517.5,524.9,5008.7,1,1,2,1
pi4,OpenSSL,DEPLOY_RSA2048,mTLS,9,5.9489,17.0170,7.1061,30.0720,2720,2684,45,2232,2,15,3,21,9,10,401.7,548.3,509.8,5006.8,1,1,2,1
pi4,OpenSSL,DEPLOY_RSA2048,mTLS,10,6.0851,17.1046,6.4315,29.6212,2720,2684,45,2232,2,15,3,21,9,10,456.2,539.5,508.7,5030.5,1,1,2,1
pi4,OpenSSL,DEPLOY_RSA2048,mTLS,11,10.6045,16.3013,6.9207,33.8264,2720,2684,45,2232,2,15,3,21,9,10,397.2,536.4,502.1,5004.1,1,1,2,1
pi4,OpenSSL,DEPLOY_RSA2048,mTLS,12,7.7391,18.2878,6.8790,32.9059,2720,2684,45,2232,2,15,3,21,9,10,393.2,538.8,498.3,5037.7,1,1,2,1
pi4,OpenSSL,DEPLOY_RSA2048,mTLS,13,7.8282,17.6906,6.3475,31.8663,2720,2684,45,2232,2,15,3,21,9,8,391.9,544.7,507.2,5044.4,1,1,2,1
pi4,OpenSSL,DEPLOY_RSA2048,mTLS,14,8.3840,19.2704,6.4227,34.0772,2720,2684,45,2232,2,14,3,20,9,10,399.1,541.8,537.0,5027.3,1,1,2,1
pi4,OpenSSL,DEPLOY_RSA2048,mTLS,15,8.6149,17.1880,6.8909,32.6938,2720,2684,45,2232,2,15,3,21,9,11,409.5,516.3,536.3,5033.9,1,1,2,1
pi4,OpenSSL,DEPLOY_RSA2048,mTLS,16,5.9543,14.7771,7.4958,28.2273,2720,2684,45,2232,2,15,3,21,9,10,399.7,548.4,522.2,5017.1,1,1,2,1
pi4,OpenSSL,DEPLOY_RSA2048,mTLS,17,8.5612,17.0051,6.6066,32.1729,2720,2684,45,2232,2,15,3,21,9,10,395.6,515.2,504.4,5009.0,1,1,2,1
pi4,OpenSSL,DEPLOY_RSA2048,mTLS,18,5.1774,17.3090,6.1922,28.6786,2720,2684,45,2232,2,15,3,21,9,9,394.8,520.0,500.0,5047.7,1,1,2,1
pi4,OpenSSL,DEPLOY_RSA2048,mTLS,19,5.4233,17.5249,7.3918,30.3400,2720,2684,45,2232,2,15,3,21,9,10,399.7,507.3,505.0,5077.3,1,1,2,1
pi4,OpenSSL,DEPLOY_RSA2048,mTLS,20,4.9453,17.4244,7.9797,30.3494,2720,2684,45,2232,2,15,3,21,9,10,396.1,520.2,502.8,5018.3,1,1,2,1
pi4,OpenSSL,DEPLOY_RSA2048,mTLS,21,5.8196,17.6551,7.1240,30.5986,2720,2684,45,2232,2,14,3,20,9,9,395.4,516.6,498.0,5016.9,1,1,2,1
pi4,OpenSSL,DEPLOY_RSA2048,mTLS,22,5.7121,19.7262,7.0799,32.5182,2720,2684,45,2232,2,14,3,20,9,11,390.9,537.5,505.0,5030.0,1,1,2,1
pi4,OpenSSL,DEPLOY_RSA2048,mTLS,23,5.8364,13.9545,6.2333,26.0242,2720,2684,45,2232,2,15,3,21,10,11,405.3,548.9,510.8,5016.4,1,1,2,1
pi4,OpenSSL,DEPLOY_RSA2048,mTLS,24,5.3566,15.9457,7.3245,28.6268,2720,2684,45,2232,2,15,3,21,9,11,398.1,526.3,501.4,5020.3,1,1,2,1
pi4,OpenSSL,DEPLOY_RSA2048,mTLS,25,5.6127,19.6711,6.6550,31.9389,2720,2684,45,2232,2,15,3,21,9,9,391.5,512.4,502.4,5018.8,1,1,2,1
pi4,OpenSSL,DEPLOY_RSA2048,mTLS,26,5.8106,16.5276,6.6016,28.9397,2720,2684,45,2232,2,15,3,21,9,10,391.9,534.3,534.8,5012.4,1,1,2,1
pi4,OpenSSL,DEPLOY_RSA2048,mTLS,27,6.9935,21.4483,6.0086,34.4504,2720,2684,45,2232,2,15,3,21,9,9,408.3,564.5,509.6,6633.8,1,1,2,1
pi4,OpenSSL,DEPLOY_RSA2048,mTLS,28,5.6540,16.5496,11.2201,33.4237,2720,2684,45,2232,2,14,3,20,9,10,394.4,517.3,502.4,5001.3,1,1,2,1
pi4,OpenSSL,DEPLOY_RSA2048,mTLS,29,6.2691,15.2608,8.0315,29.5614,2720,2684,45,2232,2,14,3,20,9,10,398.9,546.9,506.8,5037.7,1,1,2,1
pi4,OpenSSL,DEPLOY_RSA2048,mTLS,30,9.2734,19.5741,6.7584,35.6059,2720,2684,45,2232,2,14,3,20,9,9,398.1,553.3,513.9,5016.2,1,1,2,1
pi4,OpenSSL,DEPLOY_RSA2048,mTLS,31,5.6916,15.7364,6.5680,27.9960,2720,2684,45,2232,2,14,3,20,9,9,395.6,538.6,507.7,5033.2,1,1,2,1
pi4,OpenSSL,DEPLOY_RSA2048,mTLS,32,6.1044,14.9008,5.5765,26.5816,2720,2684,45,2232,2,14,3,20,9,9,394.3,514.8,498.6,5134.7,1,1,2,1
pi4,OpenSSL,DEPLOY_RSA2048,mTLS,33,13.8550,19.5529,7.2761,40.6840,2720,2684,45,2232,2,14,3,20,9,9,395.8,549.6,499.5,5013.2,1,1,2,1
pi4,OpenSSL,DEPLOY_RSA2048,mTLS,34,6.4658,15.5706,11.3433,33.3796,2720,2684,45,2232,2,15,3,21,9,9,392.5,508.3,504.7,5023.1,1,1,2,1
pi4,OpenSSL,DEPLOY_RSA2048,mTLS,35,7.9584,17.6801,5.3064,30.9450,2720,2684,45,2232,2,15,3,21,9,10,404.1,536.9,524.5,5015.3,1,1,2,1
pi4,OpenSSL,DEPLOY_RSA2048,mTLS,36,5.4754,13.7696,6.0350,25.2800,2720,2684,45,2232,2,15,3,21,10,10,398.0,514.2,509.3,5009.2,1,1,2,1
pi4,OpenSSL,DEPLOY_RSA2048,mTLS,37,7.8997,18.8343,6.3539,33.0879,2720,2684,45,2232,2,14,3,20,9,9,391.8,517.7,497.6,5012.8,1,1,2,1
pi4,OpenSSL,DEPLOY_RSA2048,mTLS,38,8.2306,16.9969,6.3405,31.5680,2720,2684,45,2232,2,15,3,21,9,9,392.2,513.1,501.1,5008.8,1,1,2,1
pi4,OpenSSL,DEPLOY_RSA2048,mTLS,39,7.0825,18.1057,9.9846,35.1727,2720,2684,45,2232,2,15,3,21,9,9,400.8,535.7,510.9,5009.5,1,1,2,1
pi4,OpenSSL,DEPLOY_RSA2048,mTLS,40,9.4849,14.2621,7.8753,31.6223,2720,2684,45,2232,2,15,3,21,9,9,397.3,508.8,500.3,5032.8,1,1,2,1
pi4,OpenSSL,DEPLOY_RSA2048,mTLS,41,4.6667,17.0899,8.4812,30.2378,2720,2684,45,2232,2,15,3,21,9,9,393.8,535.8,511.0,5012.5,1,1,2,1
pi4,OpenSSL,DEPLOY_RSA2048,mTLS,42,4.9656,16.7958,7.7381,29.4995,2720,2684,45,2232,2,15,3,21,9,9,399.3,545.8,507.2,5079.2,1,1,2,1
pi4,OpenSSL,DEPLOY_RSA2048,mTLS,43,9.9809,19.1234,7.6261,36.7304,2720,2684,45,2232,2,15,3,21,9,10,406.8,509.9,534.1,5011.8,1,1,2,1
pi4,OpenSSL,DEPLOY_RSA2048,mTLS,44,7.0992,18.9953,7.9224,34.0168,2720,2684,45,2232,2,15,3,21,9,10,394.8,507.8,501.2,5008.1,1,1,2,1
pi4,OpenSSL,DEPLOY_RSA2048,mTLS,45,7.6919,17.7589,13.0594,38.5101,2720,2684,45,2232,2,15,3,21,9,10,398.5,511.3,531.2,4997.7,1,1,2,1
pi4,OpenSSL,DEPLOY_RSA2048,mTLS,46,5.5579,21.1570,8.2872,35.0020,2720,2684,45,2232,2,15,3,21,9,10,397.9,535.9,538.4,5045.6,1,1,2,1
pi4,OpenSSL,DEPLOY_RSA2048,mTLS,47,5.2503,20.1724,10.6608,36.0835,2720,2684,45,2232,2,15,3,21,9,9,420.0,547.4,509.0,5123.4,1,1,2,1
pi4,OpenSSL,DEPLOY_RSA2048,mTLS,48,6.0653,25.5152,6.6764,38.2570,2720,2684,45,2232,2,15,3,21,9,10,399.6,517.1,509.3,5007.2,1,1,2,1
pi4,OpenSSL,DEPLOY_RSA2048,mTLS,49,5.3499,15.7794,6.5328,27.6620,2720,2684,45,2232,2,15,3,21,9,10,394.2,511.8,504.5,5014.7,1,1,2,1
pi4,OpenSSL,DEPLOY_RSA2048,mTLS-checked,0,4.0993,17.5825,8.1505,29.8323,2720,2684,45,2232,2,14,3,20,9,9,419.7,515.0,678.2,5027.6,1,1,2,1
pi4,OpenSSL,DEPLOY_RSA2048,mTLS-checked,1,6.3339,20.1536,9.9381,36.4257,2720,2684,45,2232,2,15,3,21,9,9,409.3,507.2,681.3,5007.3,1,1,2,1
pi4,OpenSSL,DEPLOY_RSA2048,mTLS-checked,2,7.7280,19.3503,7.7141,34.7924,2720,2684,45,2232,2,14,3,20,9,11,522.1,531.7,679.4,5035.8,1,1,2,1
pi4,OpenSSL,DEPLOY_RSA2048,mTLS-checked,3,7.8934,17.4946,8.5559,33.9439,2720,2684,45,2232,2,14,3,20,9,10,394.8,511.0,679.3,5002.1,1,1,2,1
pi4,OpenSSL,DEPLOY_RSA2048,mTLS-checked,4,5.9414,18.0379,6.2606,30.2400,2720,2684,45,2232,2,15,3,21,9,10,393.4,521.8,675.6,5011.5,1,1,2,1
pi4,OpenSSL,DEPLOY_RSA2048,mTLS-checked,5,6.1360,18.0282,6.8270,30.9912,2720,2684,45,2232,2,14,3,20,9,10,420.1,538.8,718.9,5005.5,1,1,2,1
pi4,OpenSSL,DEPLOY_RSA2048,mTLS-checked,6,7.7461,15.5259,9.3981,32.6702,2720,2684,45,2232,2,14,3,20,9,10,396.3,508.4,678.1,5017.0,1,1,2,1
pi4,OpenSSL,DEPLOY_RSA2048,mTLS-checked,7,5.6546,20.3398,17.1756,43.1699,2720,2684,45,2232,2,15,3,21,9,10,395.0,506.6,684.5,5008.8,1,1,2,1
pi4,OpenSSL,DEPLOY_RSA2048,mTLS-checked,8,7.2137,15.9651,11.8428,35.0215,2720,2684,45,2232,2,14,3,20,9,10,405.1,512.4,678.6,5021.0,1,1,2,1
pi4,OpenSSL,DEPLOY_RSA2048,mTLS-checked,9,5.4388,19.8816,6.1429,31.4633,2720,2684,45,2232,2,15,3,21,9,10,390.8,508.2,677.4,5002.6,1,1,2,1
pi4,OpenSSL,DEPLOY_RSA2048,mTLS-checked,10,6.5245,16.3425,6.2650,29.1321,2720,2684,45,2232,2,14,3,20,9,10,395.3,514.4,676.1,5009.2,1,1,2,1
pi4,OpenSSL,DEPLOY_RSA2048,mTLS-checked,11,5.9734,18.8471,6.7826,31.6031,2720,2684,45,2232,2,14,3,20,9,10,418.6,530.1,712.1,5013.8,1,1,2,1
pi4,OpenSSL,DEPLOY_RSA2048,mTLS-checked,12,5.8479,19.1498,11.3503,36.3480,2720,2684,45,2232,2,15,3,21,9,11,398.8,510.0,708.1,4999.8,1,1,2,1
pi4,OpenSSL,DEPLOY_RSA2048,mTLS-checked,13,9.4310,15.8885,8.7630,34.0825,2720,2684,45,2232,2,14,3,20,9,10,390.8,508.2,674.6,5003.7,1,1,2,1
pi4,OpenSSL,DEPLOY_RSA2048,mTLS-checked,14,6.8910,18.9385,9.5239,35.3534,2720,2684,45,2232,2,14,3,20,9,9,402.8,512.1,681.8,5007.8,1,1,2,1
pi4,OpenSSL,DEPLOY_RSA2048,mTLS-checked,15,9.2813,18.3706,6.8143,34.4662,2720,2684,45,2232,2,14,3,20,9,9,405.1,537.9,680.8,5020.7,1,1,2,1
pi4,OpenSSL,DEPLOY_RSA2048,mTLS-checked,16,10.5767,22.2381,6.7981,39.6130,2720,2684,45,2232,2,14,3,20,9,10,396.4,509.4,717.5,5048.7,1,1,2,1
pi4,OpenSSL,DEPLOY_RSA2048,mTLS-checked,17,8.2176,28.6863,6.7198,43.6237,2720,2684,45,2232,2,14,3,20,10,11,399.7,540.0,681.3,5009.0,1,1,2,1
pi4,OpenSSL,DEPLOY_RSA2048,mTLS-checked,18,6.0189,19.1158,6.9790,32.1137,2720,2684,45,2232,2,14,3,20,9,11,414.1,509.8,674.7,5005.8,1,1,2,1
pi4,OpenSSL,DEPLOY_RSA2048,mTLS-checked,19,5.0550,15.3346,9.8667,30.2563,2720,2684,45,2232,2,14,3,20,9,9,393.0,508.1,710.3,5113.2,1,1,2,1
pi4,OpenSSL,DEPLOY_RSA2048,mTLS-checked,20,4.3640,18.0424,7.3639,29.7703,2720,2684,45,2232,2,15,3,21,9,10,395.6,512.2,682.0,5013.5,1,1,2,1
pi4,OpenSSL,DEPLOY_RSA2048,mTLS-checked,21,5.5038,17.7513,9.5724,32.8274,2720,2684,45,2232,2,15,3,21,9,10,412.0,507.8,675.9,4996.3,1,1,2,1
pi4,OpenSSL,DEPLOY_RSA2048,mTLS-checked,22,7.6314,18.3735,6.7856,32.7905,2720,2684,45,2232,2,15,3,21,9,10,391.5,522.9,718.8,5049.2,1,1,2,1
pi4,OpenSSL,DEPLOY_RSA2048,mTLS-checked,23,8.3459,27.1460,9.1955,44.6874,2720,2684,45,2232,2,15,3,21,10,11,400.8,541.2,689.9,5011.1,1,1,2,1
pi4,OpenSSL,DEPLOY_RSA2048,mTLS-checked,24,6.6367,18.7792,9.5088,34.9247,2720,2684,45,2232,2,14,3,20,9,10,414.0,507.5,676.5,5004.9,1,1,2,1
pi4,OpenSSL,DEPLOY_RSA2048,mTLS-checked,25,7.4228,16.2155,8.0703,31.7085,2720,2684,45,2232,2,14,3,20,9,10,407.2,538.0,680.8,5028.3,1,1,2,1
pi4,OpenSSL,DEPLOY_RSA2048,mTLS-checked,26,6.9906,16.4569,6.0312,29.4787,2720,2684,45,2232,2,14,3,20,9,10,392.9,507.8,676.6,5018.1,1,1,2,1
pi4,OpenSSL,DEPLOY_RSA2048,mTLS-checked,27,5.1202,18.1700,6.0521,29.3423,2720,2684,45,2232,2,14,3,20,9,9,392.2,506.3,671.9,6558.3,1,1,2,1
pi4,OpenSSL,DEPLOY_RSA2048,mTLS-checked,28,7.9640,19.0731,7.6195,34.6567,2720,2684,45,2232,2,15,3,21,9,10,390.8,565.8,907.7,5014.3,1,1,2,1
pi4,OpenSSL,DEPLOY_RSA2048,mTLS-checked,29,10.2140,19.2277,7.9974,37.4391,2720,2684,45,2232,2,14,3,20,9,10,403.9,538.2,682.2,5014.7,1,1,2,1
pi4,OpenSSL,DEPLOY_RSA2048,mTLS-checked,30,4.3393,16.7199,5.6301,26.6893,2720,2684,45,2232,2,15,3,21,9,10,393.6,510.3,678.3,5024.1,1,1,2,1
pi4,OpenSSL,DEPLOY_RSA2048,mTLS-checked,31,6.4133,16.2440,7.8901,30.5475,2720,2684,45,2232,2,14,3,20,9,9,394.4,510.7,676.2,5106.7,1,1,2,1
pi4,OpenSSL,DEPLOY_RSA2048,mTLS-checked,32,4.2650,21.0056,8.1073,33.3780,2720,2684,45,2232,2,15,3,21,9,10,395.2,513.0,684.1,5005.0,1,1,2,1
pi4,OpenSSL,DEPLOY_RSA2048,mTLS-checked,33,5.9197,17.6483,9.0104,32.5784,2720,2684,45,2232,2,15,3,21,9,11,391.2,506.1,704.3,5001.6,1,1,2,1
pi4,OpenSSL,DEPLOY_RSA2048,mTLS-checked,34,7.8222,18.5257,6.3877,32.7355,2720,2684,45,2232,2,14,3,20,9,10,391.6,507.4,707.4,5028.1,1,1,2,1
pi4,OpenSSL,DEPLOY_RSA2048,mTLS-checked,35,5.3855,17.7410,5.8967,29.0232,2720,2684,45,2232,2,14,3,20,9,10,398.3,511.3,682.1,5038.2,1,1,2,1
pi4,OpenSSL,DEPLOY_RSA2048,mTLS-checked,36,7.8830,17.6608,6.2622,31.8060,2720,2684,45,2232,2,15,3,21,9,10,395.8,507.0,681.3,5004.8,1,1,2,1
pi4,OpenSSL,DEPLOY_RSA2048,mTLS-checked,37,7.9122,15.4746,5.6164,29.0032,2720,2684,45,2232,2,14,3,20,9,10,394.3,507.2,678.7,5017.2,1,1,2,1
pi4,OpenSSL,DEPLOY_RSA2048,mTLS-checked,38,5.7442,16.7952,7.2633,29.8026,2720,2684,45,2232,2,15,3,21,9,10,404.0,509.8,682.7,4996.7,1,1,2,1
pi4,OpenSSL,DEPLOY_RSA2048,mTLS-checked,39,10.2536,16.3334,5.5322,32.1192,2720,2684,45,2232,2,15,3,21,9,10,397.0,508.4,684.6,5012.2,1,1,2,1
pi4,OpenSSL,DEPLOY_RSA2048,mTLS-checked,40,5.7833,17.3803,9.3155,32.4791,2720,2684,45,2232,2,15,3,21,9,11,392.3,506.0,679.0,5014.1,1,1,2,1
pi4,OpenSSL,DEPLOY_RSA2048,mTLS-checked,41,24.3352,19.7168,8.5321,52.5842,2720,2684,45,2232,2,15,3,21,9,11,405.0,508.1,732.9,5006.0,1,1,2,1
pi4,OpenSSL,DEPLOY_RSA2048,mTLS-checked,42,5.9943,14.2509,6.0355,26.2808,2720,2684,45,2232,2,14,3,20,9,10,394.4,506.6,679.1,5013.8,1,1,2,1
pi4,OpenSSL,DEPLOY_RSA2048,mTLS-checked,43,7.9537,15.4419,5.4914,28.8870,2720,2684,45,2232,2,15,3,21,9,9,391.9,505.4,675.1,5017.3,1,1,2,1
pi4,OpenSSL,DEPLOY_RSA2048,mTLS-checked,44,7.8481,16.4834,9.0748,33.4062,2720,2684,45,2232,2,15,3,21,9,11,400.4,507.4,685.5,5002.3,1,1,2,1
pi4,OpenSSL,DEPLOY_RSA2048,mTLS-checked,45,6.8443,17.2060,7.0553,31.1056,2720,2684,45,2232,2,15,3,21,9,11,398.1,567.2,685.4,5026.1,1,1,2,1
pi4,OpenSSL,DEPLOY_RSA2048,mTLS-checked,46,6.6839,18.9734,7.7382,33.3956,2720,2684,45,2232,2,14,3,20,9,10,399.6,516.3,679.5,5026.4,1,1,2,1
pi4,OpenSSL,DEPLOY_RSA2048,mTLS-checked,47,6.8601,21.7050,9.4497,38.0148,2720,2684,45,2232,2,15,3,21,9,9,409.9,514.1,706.5,5031.6,1,1,2,1
pi4,OpenSSL,DEPLOY_RSA2048,mTLS-checked,48,4.9846,17.9365,8.5661,31.4871,2720,2684,45,2232,2,14,3,20,9,10,424.2,514.8,722.5,5004.1,1,1,2,1
pi4,OpenSSL,DEPLOY_RSA2048,mTLS-checked,49,6.2121,19.0145,7.7080,32.9346,2720,2684,45,2232,2,15,3,21,9,10,395.0,508.1,682.4,5006.1,1,1,2,1
pi4,wolfSSL,DEPLOY_RSA2048,TLS,0,5.5475,10.8674,6.4547,22.8695,1496,2435,45,568,2,12,3,18,8,10,152.2,292.3,238.1,0.0,2,2,2,0
pi4,wolfSSL,DEPLOY_RSA2048,TLS,1,6.2270,7.3314,6.2776,19.8359,1496,2435,45,568,2,12,3,18,8,10,142.1,274.4,231.5,0.0,2,2,2,0
pi4,wolfSSL,DEPLOY_RSA2048,TLS,2,5.1410,9.9530,8.6282,23.7221,1496,2435,45,568,2,13,3,19,8,10,133.2,274.2,231.5,0.0,2,2,2,0
pi4,wolfSSL,DEPLOY_RSA2048,TLS,3,6.9658,12.7423,6.4939,26.2020,1496,2435,45,568,2,13,3,19,8,10,151.9,284.3,255.4,0.0,2,2,2,0
pi4,wolfSSL,DEPLOY_RSA2048,TLS,4,6.5466,9.6862,8.3775,24.6103,1496,2435,45,568,2,13,3,19,8,10,141.4,279.8,232.9,0.0,2,2,2,0
pi4,wolfSSL,DEPLOY_RSA2048,TLS,5,5.5608,7.3086,5.1411,18.0105,1496,2435,45,568,2,12,3,18,8,10,133.6,274.2,245.4,0.0,2,2,2,0
pi4,wolfSSL,DEPLOY_RSA2048,TLS,6,4.8640,7.1014,4.8102,16.7755,1496,2435,45,568,2,12,3,18,8,10,133.2,271.5,228.0,0.0,2,2,2,0
pi4,wolfSSL,DEPLOY_RSA2048,TLS,7,7.0579,14.0341,5.9634,27.0553,1496,2435,45,568,2,13,3,19,8,9,133.1,295.4,238.9,0.0,2,2,2,0
pi4,wolfSSL,DEPLOY_RSA2048,TLS,8,5.9871,6.9277,5.6714,18.5862,1496,2435,45,568,2,12,3,18,8,8,151.8,286.4,238.6,0.0,2,2,2,0
pi4,wolfSSL,DEPLOY_RSA2048,TLS,9,5.9311,7.7738,8.6135,22.3185,1496,2435,45,568,2,12,3,18,8,9,137.8,302.2,238.3,0.0,2,2,2,0
pi4,wolfSSL,DEPLOY_RSA2048,TLS,10,5.7053,8.1258,6.2822,20.1134,1496,2435,45,568,2,13,3,19,8,10,141.7,276.5,233.2,0.0,2,2,2,0
pi4,wolfSSL,DEPLOY_RSA2048,TLS,11,5.5942,8.4303,5.3746,19.3992,1496,2435,45,568,2,12,3,18,8,9,136.0,291.0,231.8,0.0,2,2,2,0
pi4,wolfSSL,DEPLOY_RSA2048,TLS,12,6.0786,22.1011,8.2503,36.4300,1496,2435,45,568,2,13,3,19,8,9,132.8,301.0,238.7,0.0,2,2,2,0
pi4,wolfSSL,DEPLOY_RSA2048,TLS,13,5.4990,7.7349,4.9327,18.1666,1496,2435,45,568,2,12,3,18,8,8,154.3,283.7,239.4,0.0,2,2,2,0
pi4,wolfSSL,DEPLOY_RSA2048,TLS,14,7.5787,10.4865,8.9467,27.0119,1496,2435,45,568,2,13,3,19,8,10,151.6,305.5,238.0,0.0,2,2,2,0
pi4,wolfSSL,DEPLOY_RSA2048,TLS,15,5.7858,8.9141,4.2469,18.9469,1496,2435,45,568,2,12,3,18,8,10,139.0,282.6,234.6,0.0,2,2,2,0
pi4,wolfSSL,DEPLOY_RSA2048,TLS,16,6.4355,10.2296,5.9799,22.6449,1496,2435,45,568,2,13,3,19,8,10,138.4,309.7,239.2,0.0,2,2,2,0
pi4,wolfSSL,DEPLOY_RSA2048,TLS,17,5.8063,10.5191,6.3225,22.6480,1496,2435,45,568,2,12,3,18,8,10,148.9,282.0,233.4,0.0,2,2,2,0
pi4,wolfSSL,DEPLOY_RSA2048,TLS,18,4.9524,12.8680,10.3066,28.1270,1496,2435,45,568,2,12,3,18,8,10,151.3,285.5,238.1,0.0,2,2,2,0
pi4,wolfSSL,DEPLOY_RSA2048,TLS,19,5.4497,19.4214,28.1780,53.0491,1496,2435,45,568,2,13,3,19,9,9,139.4,278.8,232.7,0.0,2,2,2,0
pi4,wolfSSL,DEPLOY_RSA2048,TLS,20,7.4568,9.1965,4.8615,21.5148,1496,2435,45,568,2,13,3,19,8,9,150.2,283.3,238.5,0.0,2,2,2,0
pi4,wolfSSL,DEPLOY_RSA2048,TLS,21,5.0179,10.8809,20.8631,36.7619,1496,2435,45,568,2,13,3,19,12,10,137.0,277.2,229.9,0.0,2,2,2,0
pi4,wolfSSL,DEPLOY_RSA2048,TLS,22,8.5085,10.7808,5.6452,24.9345,1496,2435,45,568,2,13,3,19,8,10,134.6,278.6,233.0,0.0,2,2,2,0
pi4,wolfSSL,DEPLOY_RSA2048,TLS,23,13.5533,19.3019,5.8091,38.6643,1496,2435,45,568,2,12,3,18,8,9,152.4,282.8,239.7,0.0,2,2,2,0
pi4,wolfSSL,DEPLOY_RSA2048,TLS,24,6.7346,12.1309,6.9793,25.8449,1496,2435,45,568,2,12,3,18,8,9,151.1,285.4,237.8,0.0,2,2,2,0
pi4,wolfSSL,DEPLOY_RSA2048,TLS,25,4.7808,12.4970,7.2915,24.5694,1496,2435,45,568,2,12,3,18,8,9,135.1,276.6,232.5,0.0,2,2,2,0
pi4,wolfSSL,DEPLOY_RSA2048,TLS,26,4.5847,11.3181,8.2731,24.1759,1496,2435,45,568,2,12,3,18,8,8,132.6,299.4,237.9,0.0,2,2,2,0
pi4,wolfSSL,DEPLOY_RSA2048,TLS,27,7.2049,19.7795,6.5542,33.5386,1496,2435,45,568,2,13,3,19,8,9,143.8,277.7,232.6,0.0,2,2,2,0
pi4,wolfSSL,DEPLOY_RSA2048,TLS,28,38.3356,14.4054,6.3410,59.0820,1496,2435,45,568,2,13,3,19,8,8,136.2,276.1,239.5,0.0,2,2,2,0
pi4,wolfSSL,DEPLOY_RSA2048,TLS,29,22.7279,10.0669,7.3965,40.1912,1496,2435,45,568,2,12,3,18,8,10,153.7,284.9,238.6,0.0,2,2,2,0
pi4,wolfSSL,DEPLOY_RSA2048,TLS,30,6.5715,19.4281,6.1231,32.1227,1496,2435,45,568,2,12,3,18,8,8,152.5,284.8,238.0,0.0,2,2,2,0
pi4,wolfSSL,DEPLOY_RSA2048,TLS,31,6.6701,9.0748,6.1066,21.8515,1496,2435,45,568,2,13,3,19,8,9,135.8,276.5,231.0,0.0,2,2,2,0
pi4,wolfSSL,DEPLOY_RSA2048,TLS,32,7.5220,12.1088,8.5072,28.1380,1496,2435,45,568,2,13,3,19,8,10,151.1,283.1,238.6,0.0,2,2,2,0
pi4,wolfSSL,DEPLOY_RSA2048,TLS,33,5.8323,10.7051,7.6868,24.2242,1496,2435,45,568,2,13,3,19,8,8,136.7,291.4,231.3,0.0,2,2,2,0
pi4,wolfSSL,DEPLOY_RSA2048,TLS,34,5.7438,13.1114,5.4684,24.3236,1496,2435,45,568,2,12,3,18,8,10,132.2,275.8,231.1,0.0,2,2,2,0
pi4,wolfSSL,DEPLOY_RSA2048,TLS,35,6.7861,8.8765,6.7671,22.4297,1496,2435,45,568,2,13,3,19,8,10,131.9,273.1,229.9,0.0,2,2,2,0
pi4,wolfSSL,DEPLOY_RSA2048,TLS,36,6.5089,11.8606,4.9493,23.3189,1496,2435,45,568,2,13,3,19,8,10,150.2,302.1,238.8,0.0,2,2,2,0
pi4,wolfSSL,DEPLOY_RSA2048,TLS,37,10.6925,10.7934,6.7633,28.2492,1496,2435,45,568,2,13,3,19,8,9,141.5,297.3,238.6,0.0,2,2,2,0
pi4,wolfSSL,DEPLOY_RSA2048,TLS,38,6.0173,12.2181,10.3465,28.5819,1496,2435,45,568,2,13,3,19,8,9,150.7,281.7,235.9,0.0,2,2,2,0
pi4,wolfSSL,DEPLOY_RSA2048,TLS,39,5.4967,7.2925,5.7758,18.5650,1496,2435,45,568,2,12,3,18,8,10,135.7,276.4,230.7,0.0,2,2,2,0
pi4,wolfSSL,DEPLOY_RSA2048,TLS,40,6.1976,7.6964,7.6237,21.5177,1496,2435,45,568,2,12,3,18,8,10,152.5,282.5,237.9,0.0,2,2,2,0
pi4,wolfSSL,DEPLOY_RSA2048,TLS,41,5.9598,9.0782,7.1227,22.1607,1496,2435,45,568,2,12,3,18,8,10,144.9,279.6,234.7,0.0,2,2,2,0
pi4,wolfSSL,DEPLOY_RSA2048,TLS,42,7.4292,10.5738,8.7359,26.7389,1496,2435,45,568,2,12,3,18,8,10,133.0,273.6,231.8,0.0,2,2,2,0
pi4,wolfSSL,DEPLOY_RSA2048,TLS,43,6.9860,10.7516,6.0930,23.8307,1496,2435,45,568,2,12,3,18,8,10,134.4,275.8,231.6,0.0,2,2,2,0
pi4,wolfSSL,DEPLOY_RSA2048,TLS,44,6.1821,7.8757,6.0196,20.0774,1496,2435,45,568,2,13,3,19,8,8,150.6,306.9,238.5,0.0,2,2,2,0
pi4,wolfSSL,DEPLOY_RSA2048,TLS,45,7.7054,7.3650,7.4731,22.5436,1496,2435,45,568,2,12,3,18,8,9,150.2,282.6,237.8,0.0,2,2,2,0
pi4,wolfSSL,DEPLOY_RSA2048,TLS,46,5.3411,10.2060,5.7968,21.3438,1496,2435,45,568,2,13,3,19,8,9,138.3,303.0,237.2,0.0,2,2,2,0
pi4,wolfSSL,DEPLOY_RSA2048,TLS,47,8.9999,9.6017,5.5477,24.1493,1496,2435,45,568,2,12,3,18,8,9,143.3,278.8,231.8,0.0,2,2,2,0
pi4,wolfSSL,DEPLOY_RSA2048,TLS,48,5.0037,8.9703,5.8424,19.8165,1496,2435,45,568,2,12,3,18,8,10,136.0,276.2,229.9,0.0,2,2,2,0
pi4,wolfSSL,DEPLOY_RSA2048,TLS,49,5.0579,11.1942,10.6421,26.8942,1496,2435,45,568,2,12,3,18,8,10,150.1,283.4,238.6,0.0,2,2,2,0
pi4,wolfSSL,DEPLOY_RSA2048,TLS-checked,0,5.3754,9.4691,4.6651,19.5096,1496,2435,45,568,2,13,3,19,8,8,153.2,281.2,238.3,0.0,2,2,2,0
pi4,wolfSSL,DEPLOY_RSA2048,TLS-checked,1,6.1195,12.0127,5.4150,23.5472,1496,2435,45,568,2,13,3,19,8,10,137.5,277.4,233.5,0.0,2,2,2,0
pi4,wolfSSL,DEPLOY_RSA2048,TLS-checked,2,5.4201,7.9723,5.7321,19.1244,1496,2435,45,568,2,13,3,19,8,10,155.5,305.9,239.4,0.0,2,2,2,0
pi4,wolfSSL,DEPLOY_RSA2048,TLS-checked,3,5.4238,8.3917,8.1779,21.9935,1496,2435,45,568,2,13,3,19,8,10,143.5,292.1,233.6,0.0,2,2,2,0
pi4,wolfSSL,DEPLOY_RSA2048,TLS-checked,4,5.2626,10.0178,6.5776,21.8580,1496,2435,45,568,2,13,3,19,8,10,143.4,290.9,231.6,0.0,2,2,2,0
pi4,wolfSSL,DEPLOY_RSA2048,TLS-checked,5,4.9100,7.8687,9.8899,22.6686,1496,2435,45,568,2,13,3,19,8,8,150.3,293.5,231.5,0.0,2,2,2,0
pi4,wolfSSL,DEPLOY_RSA2048,TLS-checked,6,4.8291,11.8964,5.4931,22.2186,1496,2435,45,568,2,13,3,19,8,9,149.0,284.6,231.2,0.0,2,2,2,0
pi4,wolfSSL,DEPLOY_RSA2048,TLS-checked,7,6.5948,9.6771,5.3858,21.6577,1496,2435,45,568,2,13,3,19,8,9,150.0,305.4,239.5,0.0,2,2,2,0
pi4,wolfSSL,DEPLOY_RSA2048,TLS-checked,8,7.5488,8.0908,11.0174,26.6570,1496,2435,45,568,2,13,3,19,8,9,154.4,296.6,234.3,0.0,2,2,2,0
pi4,wolfSSL,DEPLOY_RSA2048,TLS-checked,9,6.5108,11.6428,5.9973,24.1509,1496,2435,45,568,2,13,3,19,8,9,150.5,292.0,238.3,0.0,2,2,2,0
pi4,wolfSSL,DEPLOY_RSA2048,TLS-checked,10,8.7158,11.5150,7.0979,27.3287,1496,2435,45,568,2,13,3,19,8,10,146.8,293.2,233.3,0.0,2,2,2,0
pi4,wolfSSL,DEPLOY_RSA2048,TLS-checked,11,4.7392,11.3557,6.3325,22.4273,1496,2435,45,568,2,13,3,19,8,10,167.2,302.5,238.9,0.0,2,2,2,0
pi4,wolfSSL,DEPLOY_RSA2048,TLS-checked,12,5.8000,15.4964,9.5211,30.8175,1496,2435,45,568,2,13,3,19,8,9,136.7,290.6,234.2,0.0,2,2,2,0
pi4,wolfSSL,DEPLOY_RSA2048,TLS-checked,13,5.6978,14.4974,10.9170,31.1121,1496,2435,45,568,2,13,3,19,8,9,163.7,286.1,230.9,0.0,2,2,2,0
pi4,wolfSSL,DEPLOY_RSA2048,TLS-checked,14,5.9134,9.8422,8.6034,24.3591,1496,2435,45,568,2,13,3,19,8,10,139.7,306.9,238.2,0.0,2,2,2,0
pi4,wolfSSL,DEPLOY_RSA2048,TLS-checked,15,6.3684,12.1583,8.9507,27.4775,1496,2435,45,568,2,13,3,19,8,10,152.0,308.5,239.0,0.0,2,2,2,0
pi4,wolfSSL,DEPLOY_RSA2048,TLS-checked,16,6.1917,8.3683,6.5320,21.0920,1496,2435,45,568,2,13,3,19,8,9,138.2,312.6,239.8,0.0,2,2,2,0
pi4,wolfSSL,DEPLOY_RSA2048,TLS-checked,17,4.4612,14.6397,9.3708,28.4717,1496,2435,45,568,2,13,3,19,8,10,148.1,292.3,235.5,0.0,2,2,2,0
pi4,wolfSSL,DEPLOY_RSA2048,TLS-checked,18,7.2837,10.5049,5.6869,23.4755,1496,2435,45,568,2,13,3,19,8,10,168.9,311.0,239.0,0.0,2,2,2,0
pi4,wolfSSL,DEPLOY_RSA2048,TLS-checked,19,8.7689,13.0817,9.8566,31.7072,1496,2435,45,568,2,13,3,19,8,10,157.0,285.6,234.1,0.0,2,2,2,0
pi4,wolfSSL,DEPLOY_RSA2048,TLS-checked,20,5.2559,12.5984,6.7803,24.6347,1496,2435,45,568,2,13,3,19,8,8,134.4,285.5,231.2,0.0,2,2,2,0
pi4,wolfSSL,DEPLOY_RSA2048,TLS-checked,21,5.1907,12.7953,7.0404,25.0264,1496,2435,45,568,2,13,3,19,8,10,146.3,301.3,231.6,0.0,2,2,2,0
pi4,wolfSSL,DEPLOY_RSA2048,TLS-checked,22,7.0361,11.1133,6.7462,24.8957,1496,2435,45,568,2,13,3,19,8,9,154.0,295.9,238.0,0.0,2,2,2,0
pi4,wolfSSL,DEPLOY_RSA2048,TLS-checked,23,9.7207,9.1365,8.1396,26.9968,1496,2435,45,568,2,13,3,19,8,9,150.8,297.5,238.8,0.0,2,2,2,0
pi4,wolfSSL,DEPLOY_RSA2048,TLS-checked,24,6.3045,14.0454,6.1206,26.4705,1496,2435,45,568,2,13,3,19,8,8,142.8,324.1,238.4,0.0,2,2,2,0
pi4,wolfSSL,DEPLOY_RSA2048,TLS-checked,25,6.6667,15.9230,9.4669,32.0566,1496,2435,45,568,2,13,3,19,8,10,142.6,285.9,244.0,0.0,2,2,2,0
pi4,wolfSSL,DEPLOY_RSA2048,TLS-checked,26,8.5442,14.1322,8.7155,31.3920,1496,2435,45,568,2,13,3,19,8,10,149.3,295.0,248.1,0.0,2,2,2,0
pi4,wolfSSL,DEPLOY_RSA2048,TLS-checked,27,8.2062,15.3196,7.5360,31.0618,1496,2435,45,568,2,13,3,19,8,10,142.8,285.3,232.3,0.0,2,2,2,0
pi4,wolfSSL,DEPLOY_RSA2048,TLS-checked,28,5.2879,17.7836,7.1112,30.1827,1496,2435,45,568,2,13,3,19,8,10,143.8,299.1,232.1,0.0,2,2,2,0
pi4,wolfSSL,DEPLOY_RSA2048,TLS-checked,29,6.3243,8.4918,6.3337,21.1498,1496,2435,45,568,2,13,3,19,8,10,151.9,297.4,237.3,0.0,2,2,2,0
pi4,wolfSSL,DEPLOY_RSA2048,TLS-checked,30,4.7403,9.7464,7.3330,21.8196,1496,2435,45,568,2,13,3,19,8,10,161.8,299.4,239.9,0.0,2,2,2,0
pi4,wolfSSL,DEPLOY_RSA2048,TLS-checked,31,7.5892,15.5451,7.9581,31.0924,1496,2435,45,568,2,13,3,19,8,9,142.7,312.4,237.7,0.0,2,2,2,0
pi4,wolfSSL,DEPLOY_RSA2048,TLS-checked,32,4.3498,11.4734,9.0242,24.8474,1496,2435,45,568,2,13,3,19,8,9,146.1,306.1,234.3,0.0,2,2,2,0
pi4,wolfSSL,DEPLOY_RSA2048,TLS-checked,33,5.2842,10.6983,9.2736,25.2561,1496,2435,45,568,2,13,3,19,8,10,162.8,293.7,239.3,0.0,2,2,2,0
pi4,wolfSSL,DEPLOY_RSA2048,TLS-checked,34,9.1721,11.0563,9.1356,29.3640,1496,2435,45,568,2,13,3,19,8,10,150.9,293.1,239.6,0.0,2,2,2,0
pi4,wolfSSL,DEPLOY_RSA2048,TLS-checked,35,7.0224,11.0378,7.5647,25.6249,1496,2435,45,568,2,13,3,19,8,9,196.3,298.7,238.1,0.0,2,2,2,0
pi4,wolfSSL,DEPLOY_RSA2048,TLS-checked,36,8.2251,11.1741,7.3286,26.7278,1496,2435,45,568,2,13,3,19,8,10,156.1,286.1,233.5,0.0,2,2,2,0
pi4,wolfSSL,DEPLOY_RSA2048,TLS-checked,37,7.5309,9.7699,6.6220,23.9229,1496,2435,45,568,2,13,3,19,8,11,153.4,300.4,238.4,0.0,2,2,2,0
pi4,wolfSSL,DEPLOY_RSA2048,TLS-checked,38,5.4112,12.3173,9.1231,26.8515,1496,2435,45,568,2,13,3,19,8,8,151.3,291.4,237.9,0.0,2,2,2,0
pi4,wolfSSL,DEPLOY_RSA2048,TLS-checked,39,6.1575,11.0758,6.9814,24.2148,1496,2435,45,568,2,13,3,19,8,9,150.3,301.6,239.1,0.0,2,2,2,0
pi4,wolfSSL,DEPLOY_RSA2048,TLS-checked,40,7.6175,14.4207,8.3626,30.4008,1496,2435,45,568,2,13,3,19,8,10,138.0,314.0,237.7,0.0,2,2,2,0
pi4,wolfSSL,DEPLOY_RSA2048,TLS-checked,41,5.4364,14.6254,6.8675,26.9293,1496,2435,45,568,2,13,3,19,8,10,147.3,296.0,237.3,0.0,2,2,2,0
pi4,wolfSSL,DEPLOY_RSA2048,TLS-checked,42,4.4705,13.7789,6.1259,24.3753,1496,2435,45,568,2,13,3,19,9,10,132.5,291.7,232.0,0.0,2,2,2,0
pi4,wolfSSL,DEPLOY_RSA2048,TLS-checked,43,7.8188,10.9742,5.3283,24.1212,1496,2435,45,568,2,13,3,19,8,9,135.6,283.6,232.0,0.0,2,2,2,0
pi4,wolfSSL,DEPLOY_RSA2048,TLS-checked,44,4.8628,10.8356,6.3186,22.0171,1496,2435,45,568,2,13,3,19,8,10,328.4,615.8,517.6,0.0,2,2,2,0
pi4,wolfSSL,DEPLOY_RSA2048,TLS-checked,45,6.0857,9.0499,10.4321,25.5677,1496,2435,45,568,2,12,3,18,8,10,307.9,701.3,545.7,0.0,2,2,2,0
pi4,wolfSSL,DEPLOY_RSA2048,TLS-checked,46,5.8345,12.9135,11.0901,29.8381,1496,2435,45,568,2,13,3,19,8,9,302.4,628.1,517.6,0.0,2,2,2,0
pi4,wolfSSL,DEPLOY_RSA2048,TLS-checked,47,7.8373,10.0878,6.6648,24.5899,1496,2435,45,568,2,13,3,19,8,10,311.0,621.9,516.5,0.0,2,2,2,0
pi4,wolfSSL,DEPLOY_RSA2048,TLS-checked,48,6.0300,14.8478,7.5058,28.3836,1496,2435,45,568,2,13,3,19,8,9,318.0,561.7,461.7,0.0,2,2,2,0
pi4,wolfSSL,DEPLOY_RSA2048,TLS-checked,49,4.9748,9.6491,5.5446,20.1685,1496,2435,45,568,2,13,3,19,8,10,270.6,560.8,457.4,0.0,2,2,2,0
pi4,wolfSSL,DEPLOY_RSA2048,mTLS,0,5.6324,17.7019,6.9901,30.3243,2648,2652,45,2232,4,15,5,21,9,10,267.0,509.1,615.7,7971.3,2,2,3,1
pi4,wolfSSL,DEPLOY_RSA2048,mTLS,1,5.6666,24.5749,6.5556,36.7971,2648,2652,45,2232,4,15,5,21,9,10,274.6,512.5,630.7,8068.6,2,2,3,1
pi4,wolfSSL,DEPLOY_RSA2048,mTLS,2,5.6961,19.0489,7.1542,31.8992,2648,2652,45,2232,4,15,5,21,10,10,249.1,534.5,631.4,8112.2,2,2,3,1
pi4,wolfSSL,DEPLOY_RSA2048,mTLS,3,5.0695,18.9182,6.2740,30.2616,2648,2652,45,2232,4,14,5,20,9,10,244.6,543.2,621.3,8004.4,2,2,3,1
pi4,wolfSSL,DEPLOY_RSA2048,mTLS,4,7.0782,18.4246,6.3858,31.8886,2648,2652,45,2232,4,15,5,21,9,10,244.2,490.8,623.2,7903.6,2,2,3,1
pi4,wolfSSL,DEPLOY_RSA2048,mTLS,5,7.9638,23.2123,7.1706,38.3467,2648,2652,45,2232,4,15,5,21,9,10,262.6,491.8,621.1,7900.1,2,2,3,1
pi4,wolfSSL,DEPLOY_RSA2048,mTLS,6,5.2206,17.5359,6.2915,29.0480,2648,2652,45,2232,4,14,5,20,9,10,229.8,485.8,616.2,7899.4,2,2,3,1
pi4,wolfSSL,DEPLOY_RSA2048,mTLS,7,5.4975,23.0718,19.4418,48.0112,2648,2652,45,2232,4,14,5,20,9,10,227.8,485.0,627.1,8115.4,2,2,3,1
pi4,wolfSSL,DEPLOY_RSA2048,mTLS,8,6.9362,19.8453,5.4797,32.2612,2648,2652,45,2232,4,15,5,21,9,10,242.5,509.8,622.7,7904.0,2,2,3,1
pi4,wolfSSL,DEPLOY_RSA2048,mTLS,9,5.7849,23.8785,6.7047,36.3681,2648,2652,45,2232,4,15,5,21,9,10,236.4,485.1,625.6,7916.1,2,2,3,1
pi4,wolfSSL,DEPLOY_RSA2048,mTLS,10,5.5606,21.3810,4.7426,31.6841,2648,2652,45,2232,4,15,5,21,10,10,242.9,507.9,621.8,7912.0,2,2,3,1
pi4,wolfSSL,DEPLOY_RSA2048,mTLS,11,5.1565,18.8266,5.0944,29.0775,2648,2652,45,2232,4,15,5,21,9,10,247.1,516.2,652.1,7941.3,2,2,3,1
pi4,wolfSSL,DEPLOY_RSA2048,mTLS,12,7.1040,17.2345,5.7193,30.0577,2648,2652,45,2232,4,14,5,20,9,10,244.9,490.8,619.7,7903.0,2,2,3,1
pi4,wolfSSL,DEPLOY_RSA2048,mTLS,13,9.6825,15.9641,5.5745,31.2211,2648,2652,45,2232,4,14,5,20,9,10,232.0,485.7,629.9,7997.7,2,2,3,1
pi4,wolfSSL,DEPLOY_RSA2048,mTLS,14,7.3914,17.2187,5.6176,30.2277,2648,2652,45,2232,4,14,5,20,9,10,241.1,489.7,626.5,7911.0,2,2,3,1
pi4,wolfSSL,DEPLOY_RSA2048,mTLS,15,4.6279,16.3719,5.1316,26.1315,2648,2652,45,2232,4,14,5,20,9,10,243.8,491.3,618.9,7909.0,2,2,3,1
pi4,wolfSSL,DEPLOY_RSA2048,mTLS,16,7.6109,16.6437,6.9673,31.2219,2648,2652,45,2232,4,14,5,20,9,10,243.2,504.8,621.4,7909.0,2,2,3,1
pi4,wolfSSL,DEPLOY_RSA2048,mTLS,17,7.2630,17.7091,5.1768,30.1490,2648,2652,45,2232,4,15,5,21,9,9,224.5,451.1,592.0,7167.7,2,2,3,1
pi4,wolfSSL,DEPLOY_RSA2048,mTLS,18,6.5253,17.0403,5.9594,29.5250,2648,2652,45,2232,4,14,5,20,9,10,226.8,456.5,560.1,7181.1,2,2,3,1
pi4,wolfSSL,DEPLOY_RSA2048,mTLS,19,9.5533,22.8192,5.9608,38.3333,2648,2652,45,2232,4,14,5,20,9,10,211.3,439.8,558.4,7186.1,2,2,3,1
pi4,wolfSSL,DEPLOY_RSA2048,mTLS,20,6.4949,21.5667,6.2831,34.3447,2648,2652,45,2232,4,14,5,20,9,10,292.6,545.6,688.7,8768.9,2,2,3,1
pi4,wolfSSL,DEPLOY_RSA2048,mTLS,21,6.1532,22.2623,6.2429,34.6584,2648,2652,45,2232,4,15,5,21,9,10,265.5,552.5,698.5,8781.9,2,2,3,1
pi4,wolfSSL,DEPLOY_RSA2048,mTLS,22,5.9931,23.2939,5.1722,34.4592,2648,2652,45,2232,4,15,5,21,9,10,256.4,559.4,665.6,8666.1,2,2,3,1
pi4,wolfSSL,DEPLOY_RSA2048,mTLS,23,7.4116,21.2906,5.0017,33.7040,2648,2652,45,2232,4,14,5,20,9,10,243.4,491.9,622.5,7908.5,2,2,3,1
pi4,wolfSSL,DEPLOY_RSA2048,mTLS,24,5.8572,19.9390,6.1056,31.9019,2648,2652,45,2232,4,14,5,20,9,10,231.0,485.3,629.6,7898.8,2,2,3,1
pi4,wolfSSL,DEPLOY_RSA2048,mTLS,25,6.7829,22.9015,8.5155,38.1999,2648,2652,45,2232,4,14,5,20,9,10,227.5,481.2,632.7,7928.3,2,2,3,1
pi4,wolfSSL,DEPLOY_RSA2048,mTLS,26,5.7159,17.4860,6.4332,29.6351,2648,2652,45,2232,4,14,5,20,9,9,243.5,490.6,639.2,7908.7,2,2,3,1
pi4,wolfSSL,DEPLOY_RSA2048,mTLS,27,6.2645,19.2818,6.6776,32.2238,2648,2652,45,2232,4,14,5,20,9,10,245.6,493.4,647.6,7898.8,2,2,3,1
pi4,wolfSSL,DEPLOY_RSA2048,mTLS,28,5.1110,20.5705,7.9666,33.6482,2648,2652,45,2232,4,14,5,20,9,10,235.1,514.5,652.4,7939.7,2,2,3,1
pi4,wolfSSL,DEPLOY_RSA2048,mTLS,29,5.3284,19.5245,8.7127,33.5655,2648,2652,45,2232,4,14,5,20,9,10,245.8,492.3,620.9,7913.1,2,2,3,1
pi4,wolfSSL,DEPLOY_RSA2048,mTLS,30,6.2654,19.0224,6.7185,32.0063,2648,2652,45,2232,4,14,5,20,9,10,233.0,485.1,623.8,7905.2,2,2,3,1
pi4,wolfSSL,DEPLOY_RSA2048,mTLS,31,6.2491,21.8426,7.5835,35.6752,2648,2652,45,2232,4,14,5,20,9,10,227.2,482.0,613.1,7927.8,2,2,3,1
pi4,wolfSSL,DEPLOY_RSA2048,mTLS,32,6.9918,21.2238,7.3205,35.5361,2648,2652,45,2232,4,15,5,21,9,10,241.8,490.7,621.0,7910.5,2,2,3,1
pi4,wolfSSL,DEPLOY_RSA2048,mTLS,33,7.6923,18.5301,7.0901,33.3125,2648,2652,45,2232,4,14,5,20,9,10,242.5,491.2,642.3,7891.1,2,2,3,1
pi4,wolfSSL,DEPLOY_RSA2048,mTLS,34,5.5371,21.4914,6.2874,33.3159,2648,2652,45,2232,4,14,5,20,9,10,231.6,511.1,645.3,8495.9,2,2,3,1
pi4,wolfSSL,DEPLOY_RSA2048,mTLS,35,5.0235,26.4500,6.2289,37.7023,2648,2652,45,2232,4,15,5,21,9,10,266.2,544.1,688.1,8803.7,2,2,3,1
pi4,wolfSSL,DEPLOY_RSA2048,mTLS,36,5.2225,19.7192,6.9534,31.8951,2648,2652,45,2232,4,15,5,21,9,10,253.2,535.9,682.7,8775.5,2,2,3,1
pi4,wolfSSL,DEPLOY_RSA2048,mTLS,37,5.1080,20.0514,6.4944,31.6538,2648,2652,45,2232,4,14,5,20,9,10,254.5,537.5,686.2,8201.8,2,2,3,1
pi4,wolfSSL,DEPLOY_RSA2048,mTLS,38,6.7371,22.7003,7.4281,36.8655,2648,2652,45,2232,4,15,5,21,9,10,241.6,492.1,618.4,7895.5,2,2,3,1
pi4,wolfSSL,DEPLOY_RSA2048,mTLS,39,5.9213,19.5103,6.1093,31.5409,2648,2652,45,2232,4,15,5,21,9,10,245.2,507.5,621.5,7898.7,2,2,3,1
pi4,wolfSSL,DEPLOY_RSA2048,mTLS,40,5.6085,17.6707,8.4388,31.7179,2648,2652,45,2232,4,15,5,21,9,10,234.0,485.5,629.6,7969.7,2,2,3,1
pi4,wolfSSL,DEPLOY_RSA2048,mTLS,41,9.1315,20.9332,8.5138,38.5785,2648,2652,45,2232,4,14,5,20,9,10,247.0,544.5,621.8,7905.1,2,2,3,1
pi4,wolfSSL,DEPLOY_RSA2048,mTLS,42,6.6925,18.1276,6.6195,31.4396,2648,2652,45,2232,4,15,5,21,9,10,244.0,500.2,622.1,7904.4,2,2,3,1
pi4,wolfSSL,DEPLOY_RSA2048,mTLS,43,6.5062,23.9167,6.8680,37.2910,2648,2652,45,2232,4,15,5,21,9,10,232.8,531.8,655.3,7970.9,2,2,3,1
pi4,wolfSSL,DEPLOY_RSA2048,mTLS,44,5.1402,18.2815,8.0030,31.4247,2648,2652,45,2232,4,14,5,20,9,10,245.9,491.5,618.0,7903.2,2,2,3,1
pi4,wolfSSL,DEPLOY_RSA2048,mTLS,45,5.4955,23.2304,6.8131,35.5391,2648,2652,45,2232,4,14,5,20,9,10,245.2,493.7,621.3,7903.4,2,2,3,1
pi4,wolfSSL,DEPLOY_RSA2048,mTLS,46,9.8456,23.4807,6.4857,39.8120,2648,2652,45,2232,4,14,5,20,9,9,240.8,516.5,622.3,7912.1,2,2,3,1
pi4,wolfSSL,DEPLOY_RSA2048,mTLS,47,6.6266,22.9247,5.2428,34.7941,2648,2652,45,2232,4,15,5,21,9,10,242.8,490.9,617.2,7907.5,2,2,3,1
pi4,wolfSSL,DEPLOY_RSA2048,mTLS,48,5.1848,18.8381,6.9719,30.9948,2648,2652,45,2232,4,14,5,20,9,10,227.7,481.8,615.0,7898.7,2,2,3,1
pi4,wolfSSL,DEPLOY_RSA2048,mTLS,49,6.5797,21.8891,5.0965,33.5652,2648,2652,45,2232,4,15,5,21,9,9,231.4,508.0,644.9,7901.2,2,2,3,1
pi4,wolfSSL,DEPLOY_RSA2048,mTLS-checked,0,8.4990,24.1838,6.9538,39.6366,2648,2652,45,2232,4,15,5,21,9,10,269.3,541.8,709.1,8772.5,2,2,3,1
pi4,wolfSSL,DEPLOY_RSA2048,mTLS-checked,1,6.8796,28.7361,7.0971,42.7129,2648,2652,45,2232,4,15,5,21,10,10,322.5,556.7,814.1,8859.1,2,2,3,1
pi4,wolfSSL,DEPLOY_RSA2048,mTLS-checked,2,6.5546,24.8859,8.2566,39.6972,2648,2652,45,2232,4,15,5,21,10,10,255.5,629.1,803.4,9869.1,2,2,3,1
pi4,wolfSSL,DEPLOY_RSA2048,mTLS-checked,3,6.6163,27.7902,6.9699,41.3764,2648,2652,45,2232,4,15,5,21,9,9,290.1,604.0,768.1,9892.9,2,2,3,1
pi4,wolfSSL,DEPLOY_RSA2048,mTLS-checked,4,8.3255,25.5493,9.9171,43.7919,2648,2652,45,2232,4,14,5,20,9,10,283.1,596.3,710.6,9830.5,2,2,3,1
pi4,wolfSSL,DEPLOY_RSA2048,mTLS-checked,5,7.8860,19.1431,7.2059,34.2350,2648,2652,45,2232,4,15,5,21,9,10,225.2,445.9,582.2,7176.1,2,2,3,1
pi4,wolfSSL,DEPLOY_RSA2048,mTLS-checked,6,9.6730,25.2077,8.5325,43.4133,2648,2652,45,2232,4,15,5,21,9,9,230.6,450.4,566.6,7189.7,2,2,3,1
pi4,wolfSSL,DEPLOY_RSA2048,mTLS-checked,7,8.5248,23.8868,8.9871,41.3987,2648,2652,45,2232,4,14,5,20,9,10,267.2,562.4,689.9,8789.9,2,2,3,1
pi4,wolfSSL,DEPLOY_RSA2048,mTLS-checked,8,6.6037,27.7475,10.0088,44.3600,2648,2652,45,2232,4,15,5,21,9,9,256.6,534.5,683.0,8776.1,2,2,3,1
pi4,wolfSSL,DEPLOY_RSA2048,mTLS-checked,9,5.6523,23.5432,10.2066,39.4021,2648,2652,45,2232,4,15,5,21,12,11,251.4,531.2,698.7,8058.6,2,2,3,1
pi4,wolfSSL,DEPLOY_RSA2048,mTLS-checked,10,10.1292,23.6805,9.4052,43.2149,2648,2652,45,2232,4,15,5,21,9,10,243.6,487.7,616.5,7900.5,2,2,3,1
pi4,wolfSSL,DEPLOY_RSA2048,mTLS-checked,11,7.2886,19.1803,7.0285,33.4974,2648,2652,45,2232,4,15,5,21,9,10,242.3,511.7,622.2,7902.3,2,2,3,1
pi4,wolfSSL,DEPLOY_RSA2048,mTLS-checked,12,6.1023,17.4444,8.8591,32.4059,2648,2652,45,2232,4,15,5,21,10,9,244.5,512.1,623.6,8083.3,2,2,3,1
pi4,wolfSSL,DEPLOY_RSA2048,mTLS-checked,13,6.3103,19.7930,9.8475,35.9508,2648,2652,45,2232,4,15,5,21,9,10,255.9,529.2,626.9,7961.3,2,2,3,1
pi4,wolfSSL,DEPLOY_RSA2048,mTLS-checked,14,9.3546,17.5393,7.2928,34.1867,2648,2652,45,2232,4,15,5,21,9,10,240.8,510.6,639.9,7974.7,2,2,3,1
pi4,wolfSSL,DEPLOY_RSA2048,mTLS-checked,15,6.5204,23.4905,6.7505,36.7614,2648,2652,45,2232,4,14,5,20,9,9,229.4,449.1,566.8,7197.6,2,2,3,1
pi4,wolfSSL,DEPLOY_RSA2048,mTLS-checked,16,5.6543,18.6213,6.9644,31.2401,2648,2652,45,2232,4,15,5,21,9,10,212.6,440.0,558.6,7189.7,2,2,3,1
pi4,wolfSSL,DEPLOY_RSA2048,mTLS-checked,17,4.7581,15.8315,5.0102,25.5998,2648,2652,45,2232,4,15,5,21,9,10,224.3,462.1,567.0,7186.2,2,2,3,1
pi4,wolfSSL,DEPLOY_RSA2048,mTLS-checked,18,7.2157,17.4240,6.4447,31.0844,2648,2652,45,2232,4,14,5,20,9,10,288.9,495.8,633.2,7933.4,2,2,3,1
pi4,wolfSSL,DEPLOY_RSA2048,mTLS-checked,19,5.6384,16.7763,5.8097,28.2243,2648,2652,45,2232,4,14,5,20,9,10,243.7,488.9,619.2,7921.0,2,2,3,1
pi4,wolfSSL,DEPLOY_RSA2048,mTLS-checked,20,5.3081,20.9976,5.9600,32.2657,2648,2652,45,2232,4,15,5,21,10,11,238.5,485.6,615.5,7900.3,2,2,3,1
pi4,wolfSSL,DEPLOY_RSA2048,mTLS-checked,21,5.0627,21.3770,5.7558,32.1956,2648,2652,45,2232,4,14,5,20,9,10,228.6,507.5,650.9,7896.9,2,2,3,1
pi4,wolfSSL,DEPLOY_RSA2048,mTLS-checked,22,7.6013,16.9052,6.0428,30.5493,2648,2652,45,2232,4,14,5,20,9,10,236.2,484.7,615.1,7904.8,2,2,3,1
pi4,wolfSSL,DEPLOY_RSA2048,mTLS-checked,23,5.2506,18.7405,6.2376,30.2287,2648,2652,45,2232,4,15,5,21,9,10,226.3,479.2,647.3,7915.6,2,2,3,1
pi4,wolfSSL,DEPLOY_RSA2048,mTLS-checked,24,5.6244,16.0880,5.0929,26.8053,2648,2652,45,2232,4,14,5,20,9,10,245.1,488.5,614.7,7893.3,2,2,3,1
pi4,wolfSSL,DEPLOY_RSA2048,mTLS-checked,25,5.6296,16.5271,5.5228,27.6794,2648,2652,45,2232,4,14,5,20,9,10,225.1,467.9,567.9,7197.0,2,2,3,1
pi4,wolfSSL,DEPLOY_RSA2048,mTLS-checked,26,9.0778,17.7925,5.2552,32.1255,2648,2652,45,2232,4,15,5,21,9,10,217.8,440.2,558.8,7188.3,2,2,3,1
pi4,wolfSSL,DEPLOY_RSA2048,mTLS-checked,27,7.7047,16.5780,5.0942,29.3769,2648,2652,45,2232,4,14,5,20,9,10,209.0,438.5,559.2,7181.1,2,2,3,1
pi4,wolfSSL,DEPLOY_RSA2048,mTLS-checked,28,7.7806,16.8831,8.0751,32.7389,2648,2652,45,2232,4,15,5,21,9,9,244.4,490.4,621.7,7899.3,2,2,3,1
pi4,wolfSSL,DEPLOY_RSA2048,mTLS-checked,29,4.9306,19.8999,5.8143,30.6449,2648,2652,45,2232,4,14,5,20,9,10,233.2,500.8,616.7,7897.4,2,2,3,1
pi4,wolfSSL,DEPLOY_RSA2048,mTLS-checked,30,5.8019,22.3844,6.5107,34.6970,2648,2652,45,2232,4,15,5,21,10,11,223.9,530.7,621.7,7906.5,2,2,3,1
pi4,wolfSSL,DEPLOY_RSA2048,mTLS-checked,31,5.7584,19.1284,6.4492,31.3360,2648,2652,45,2232,4,14,5,20,9,10,234.6,504.7,630.0,7911.9,2,2,3,1
pi4,wolfSSL,DEPLOY_RSA2048,mTLS-checked,32,8.1761,18.1002,5.4503,31.7266,2648,2652,45,2232,4,15,5,21,9,10,244.7,488.8,620.0,7915.7,2,2,3,1
pi4,wolfSSL,DEPLOY_RSA2048,mTLS-checked,33,6.8053,17.4432,8.0769,32.3254,2648,2652,45,2232,4,14,5,20,9,10,230.4,512.4,617.4,7956.7,2,2,3,1
pi4,wolfSSL,DEPLOY_RSA2048,mTLS-checked,34,5.3983,19.2275,5.5104,30.1362,2648,2652,45,2232,4,14,5,20,9,10,230.9,507.3,621.3,7923.3,2,2,3,1
pi4,wolfSSL,DEPLOY_RSA2048,mTLS-checked,35,6.4174,20.7479,5.5149,32.6802,2648,2652,45,2232,4,15,5,21,9,10,232.8,482.5,613.5,7908.9,2,2,3,1
pi4,wolfSSL,DEPLOY_RSA2048,mTLS-checked,36,5.4090,20.1052,6.4522,31.9665,2648,2652,45,2232,4,14,5,20,9,10,227.7,481.3,623.1,7929.6,2,2,3,1
pi4,wolfSSL,DEPLOY_RSA2048,mTLS-checked,37,5.8277,20.3578,6.4144,32.5999,2648,2652,45,2232,4,14,5,20,9,10,242.2,488.1,806.0,7925.4,2,2,3,1
pi4,wolfSSL,DEPLOY_RSA2048,mTLS-checked,38,7.6988,24.5969,6.9348,39.2304,2648,2652,45,2232,4,15,5,21,9,9,244.9,489.4,620.8,7903.7,2,2,3,1
pi4,wolfSSL,DEPLOY_RSA2048,mTLS-checked,39,5.7909,19.5645,8.6316,33.9870,2648,2652,45,2232,4,15,5,21,9,9,236.3,487.4,618.0,7905.3,2,2,3,1
pi4,wolfSSL,DEPLOY_RSA2048,mTLS-checked,40,7.1933,19.6886,7.4790,34.3609,2648,2652,45,2232,4,14,5,20,9,10,229.2,507.0,620.8,7909.7,2,2,3,1
pi4,wolfSSL,DEPLOY_RSA2048,mTLS-checked,41,6.9747,22.4465,8.6965,38.1177,2648,2652,45,2232,4,14,5,20,9,10,233.8,483.2,614.8,7901.8,2,2,3,1
pi4,wolfSSL,DEPLOY_RSA2048,mTLS-checked,42,5.7957,20.9515,8.2784,35.0256,2648,2652,45,2232,4,14,5,20,9,10,227.2,507.1,622.0,7911.5,2,2,3,1
pi4,wolfSSL,DEPLOY_RSA2048,mTLS-checked,43,6.0562,21.9449,6.9539,34.9549,2648,2652,45,2232,4,15,5,21,9,10,244.5,489.0,641.7,7918.9,2,2,3,1
pi4,wolfSSL,DEPLOY_RSA2048,mTLS-checked,44,9.4984,22.6045,6.8172,38.9202,2648,2652,45,2232,4,15,5,21,9,10,274.0,491.9,621.7,7913.5,2,2,3,1
pi4,wolfSSL,DEPLOY_RSA2048,mTLS-checked,45,5.6421,21.6768,6.3076,33.6266,2648,2652,45,2232,4,15,5,21,9,9,238.5,483.5,641.5,7893.8,2,2,3,1
pi4,wolfSSL,DEPLOY_RSA2048,mTLS-checked,46,9.1997,18.3498,7.6523,35.2019,2648,2652,45,2232,4,14,5,20,9,10,242.9,487.6,621.1,7906.7,2,2,3,1
pi4,wolfSSL,DEPLOY_RSA2048,mTLS-checked,47,4.7278,19.5994,5.0375,29.3647,2648,2652,45,2232,4,15,5,21,9,9,227.5,480.7,616.2,7971.2,2,2,3,1
pi4,wolfSSL,DEPLOY_RSA2048,mTLS-checked,48,6.8388,17.8935,5.7516,30.4839,2648,2652,45,2232,4,14,5,20,9,10,243.3,489.9,650.1,7898.1,2,2,3,1
pi4,wolfSSL,DEPLOY_RSA2048,mTLS-checked,49,5.8457,19.4301,6.2263,31.5021,2648,2652,45,2232,4,15,5,21,9,10,244.1,489.1,620.5,7901.5,2,2,3,1
pi4,OpenSSL,DEPLOY_RSA3072,TLS,0,6.4692,18.2695,9.4462,34.1849,1568,2851,45,568,2,13,3,19,9,9,386.1,538.3,802.1,0.0,1,1,2,0
pi4,OpenSSL,DEPLOY_RSA3072,TLS,1,10.9911,12.0512,7.7580,30.8002,1568,2851,45,568,2,12,3,18,9,10,397.0,507.9,790.0,0.0,1,1,2,0
pi4,OpenSSL,DEPLOY_RSA3072,TLS,2,6.8750,23.4770,6.4391,36.7910,1568,2851,45,568,2,13,3,19,9,11,389.0,530.0,802.5,0.0,1,1,2,0
pi4,OpenSSL,DEPLOY_RSA3072,TLS,3,5.8347,16.7693,8.9224,31.5264,1568,2851,45,568,2,12,3,18,9,9,393.5,505.8,796.1,0.0,1,1,2,0
pi4,OpenSSL,DEPLOY_RSA3072,TLS,4,6.9186,15.7303,6.6412,29.2900,1568,2851,45,568,2,12,3,18,10,10,386.3,508.5,787.3,0.0,1,1,2,0
pi4,OpenSSL,DEPLOY_RSA3072,TLS,5,6.5607,14.2734,6.9640,27.7981,1568,2851,45,568,2,12,3,18,9,9,396.4,554.4,799.7,0.0,1,1,2,0
pi4,OpenSSL,DEPLOY_RSA3072,TLS,6,6.7475,14.5940,7.5687,28.9103,1568,2851,45,568,2,12,3,18,9,10,392.0,508.0,805.5,0.0,1,1,2,0
pi4,OpenSSL,DEPLOY_RSA3072,TLS,7,5.6865,17.8919,7.7059,31.2844,1568,2851,45,568,2,12,3,18,9,10,398.0,527.5,795.0,0.0,1,1,2,0
pi4,OpenSSL,DEPLOY_RSA3072,TLS,8,6.2401,12.8505,6.0325,25.1231,1568,2851,45,568,2,12,3,18,9,10,388.2,505.8,822.9,0.0,1,1,2,0
pi4,OpenSSL,DEPLOY_RSA3072,TLS,9,6.8743,12.0616,6.5634,25.4993,1568,2851,45,568,2,12,3,18,9,11,400.9,528.7,796.7,0.0,1,1,2,0
pi4,OpenSSL,DEPLOY_RSA3072,TLS,10,5.2670,14.8238,6.0575,26.1483,1568,2851,45,568,2,12,3,18,9,10,387.8,505.2,817.9,0.0,1,1,2,0
pi4,OpenSSL,DEPLOY_RSA3072,TLS,11,7.6131,16.2704,7.8238,31.7073,1568,2851,45,568,2,12,3,18,9,9,389.7,509.5,788.4,0.0,1,1,2,0
pi4,OpenSSL,DEPLOY_RSA3072,TLS,12,5.0644,23.1747,5.9676,34.2066,1568,2851,45,568,2,13,3,19,12,11,395.2,534.9,801.3,0.0,1,1,2,0
pi4,OpenSSL,DEPLOY_RSA3072,TLS,13,5.6587,15.1178,5.2956,26.0721,1568,2851,45,568,2,12,3,18,9,8,405.5,683.4,827.4,0.0,1,1,2,0
pi4,OpenSSL,DEPLOY_RSA3072,TLS,14,7.2976,15.1914,5.9447,28.4337,1568,2851,45,568,2,12,3,18,9,9,397.3,527.6,796.0,0.0,1,1,2,0
pi4,OpenSSL,DEPLOY_RSA3072,TLS,15,4.4695,11.9813,5.5935,22.0442,1568,2851,45,568,2,12,3,18,9,8,391.8,509.5,816.3,0.0,1,1,2,0
pi4,OpenSSL,DEPLOY_RSA3072,TLS,16,9.1109,16.5592,6.2883,31.9584,1568,2851,45,568,2,13,3,19,9,10,436.6,513.2,803.6,0.0,1,1,2,0
pi4,OpenSSL,DEPLOY_RSA3072,TLS,17,5.9759,12.5352,7.3122,25.8233,1568,2851,45,568,2,12,3,18,9,9,388.7,506.3,824.6,0.0,1,1,2,0
pi4,OpenSSL,DEPLOY_RSA3072,TLS,18,5.5570,12.8341,7.3924,25.7835,1568,2851,45,568,2,12,3,18,9,10,386.7,509.3,795.3,0.0,1,1,2,0
pi4,OpenSSL,DEPLOY_RSA3072,TLS,19,5.9448,10.4712,7.6860,24.1020,1568,2851,45,568,2,12,3,18,9,10,403.2,512.0,794.0,0.0,1,1,2,0
pi4,OpenSSL,DEPLOY_RSA3072,TLS,20,11.0309,10.4786,5.3326,26.8420,1568,2851,45,568,2,12,3,18,9,10,395.0,507.8,790.7,0.0,1,1,2,0
pi4,OpenSSL,DEPLOY_RSA3072,TLS,21,5.1038,10.9101,5.6747,21.6886,1568,2851,45,568,2,12,3,18,9,10,387.5,558.4,798.2,0.0,1,1,2,0
pi4,OpenSSL,DEPLOY_RSA3072,TLS,22,4.9740,10.8922,6.6380,22.5042,1568,2851,45,568,2,12,3,18,9,9,388.1,506.9,785.3,0.0,1,1,2,0
pi4,OpenSSL,DEPLOY_RSA3072,TLS,23,7.9976,10.7220,5.8073,24.5269,1568,2851,45,568,2,12,3,18,9,11,385.3,509.2,818.8,0.0,1,1,2,0
pi4,OpenSSL,DEPLOY_RSA3072,TLS,24,6.3079,17.4124,6.9418,30.6621,1568,2851,45,568,2,13,3,19,9,10,400.3,514.8,798.0,0.0,1,1,2,0
pi4,OpenSSL,DEPLOY_RSA3072,TLS,25,5.8945,10.6349,6.0264,22.5559,1568,2851,45,568,2,12,3,18,9,10,409.7,508.3,791.2,0.0,1,1,2,0
pi4,OpenSSL,DEPLOY_RSA3072,TLS,26,7.8227,16.1585,9.8612,33.8423,1568,2851,45,568,2,13,3,19,9,9,386.4,514.6,819.8,0.0,1,1,2,0
pi4,OpenSSL,DEPLOY_RSA3072,TLS,27,6.4217,12.3429,7.5595,26.3242,1568,2851,45,568,2,12,3,18,9,10,396.1,538.2,805.8,0.0,1,1,2,0
pi4,OpenSSL,DEPLOY_RSA3072,TLS,28,8.4753,11.3437,7.7299,27.5489,1568,2851,45,568,2,12,3,18,9,10,390.5,506.6,829.0,0.0,1,1,2,0
pi4,OpenSSL,DEPLOY_RSA3072,TLS,29,4.3784,19.7404,11.6066,35.7254,1568,2851,45,568,2,12,3,18,9,10,401.4,508.8,828.4,0.0,1,1,2,0
pi4,OpenSSL,DEPLOY_RSA3072,TLS,30,8.6191,12.0644,5.0465,25.7300,1568,2851,45,568,2,12,3,18,9,10,394.2,508.8,791.7,0.0,1,1,2,0
pi4,OpenSSL,DEPLOY_RSA3072,TLS,31,6.1481,22.8754,7.2313,36.2548,1568,2851,45,568,2,13,3,19,12,11,397.4,509.5,798.2,0.0,1,1,2,0
pi4,OpenSSL,DEPLOY_RSA3072,TLS,32,5.3503,15.3366,10.7306,31.4174,1568,2851,45,568,2,12,3,18,9,11,388.7,508.9,788.3,0.0,1,1,2,0
pi4,OpenSSL,DEPLOY_RSA3072,TLS,33,7.1574,13.5331,7.2573,27.9479,1568,2851,45,568,2,12,3,18,9,10,386.2,535.6,796.2,0.0,1,1,2,0
pi4,OpenSSL,DEPLOY_RSA3072,TLS,34,6.0516,20.1888,5.7203,31.9607,1568,2851,45,568,2,12,3,18,9,10,403.3,508.2,824.1,0.0,1,1,2,0
pi4,OpenSSL,DEPLOY_RSA3072,TLS,35,5.6992,13.6850,7.9314,27.3157,1568,2851,45,568,2,12,3,18,10,11,389.6,553.2,794.9,0.0,1,1,2,0
pi4,OpenSSL,DEPLOY_RSA3072,TLS,36,11.2991,18.7130,6.0369,36.0491,1568,2851,45,568,2,13,3,19,9,9,394.5,508.2,789.3,0.0,1,1,2,0
pi4,OpenSSL,DEPLOY_RSA3072,TLS,37,6.1147,12.1054,7.2445,25.4647,1568,2851,45,568,2,12,3,18,9,10,423.4,523.2,829.1,0.0,1,1,2,0
pi4,OpenSSL,DEPLOY_RSA3072,TLS,38,6.7666,18.6486,5.7635,31.1786,1568,2851,45,568,2,13,3,19,9,10,393.3,505.7,792.9,0.0,1,1,2,0
pi4,OpenSSL,DEPLOY_RSA3072,TLS,39,5.4568,22.4582,6.0628,33.9777,1568,2851,45,568,2,12,3,18,9,10,388.7,510.6,785.8,0.0,1,1,2,0
pi4,OpenSSL,DEPLOY_RSA3072,TLS,40,7.8512,17.0167,5.8406,30.7085,1568,2851,45,568,2,13,3,19,10,10,401.1,532.3,804.2,0.0,1,1,2,0
pi4,OpenSSL,DEPLOY_RSA3072,TLS,41,7.8995,25.9299,4.8622,38.6916,1568,2851,45,568,2,13,3,19,9,9,400.0,538.9,807.2,0.0,1,1,2,0
pi4,OpenSSL,DEPLOY_RSA3072,TLS,42,6.4911,16.4210,4.4219,27.3340,1568,2851,45,568,2,13,3,19,9,9,392.5,505.5,792.1,0.0,1,1,2,0
pi4,OpenSSL,DEPLOY_RSA3072,TLS,43,4.8513,21.1624,8.9674,34.9811,1568,2851,45,568,2,13,3,19,10,10,399.8,551.4,822.4,0.0,1,1,2,0
pi4,OpenSSL,DEPLOY_RSA3072,TLS,44,13.8299,26.3377,5.2349,45.4024,1568,2851,45,568,2,13,3,19,9,10,393.2,506.6,792.1,0.0,1,1,2,0
pi4,OpenSSL,DEPLOY_RSA3072,TLS,45,6.8334,16.3018,10.8080,33.9432,1568,2851,45,568,2,12,3,18,9,10,391.2,509.1,791.9,0.0,1,1,2,0
pi4,OpenSSL,DEPLOY_RSA3072,TLS,46,6.4719,16.8208,8.2068,31.4995,1568,2851,45,568,2,12,3,18,9,11,404.1,512.3,829.7,0.0,1,1,2,0
pi4,OpenSSL,DEPLOY_RSA3072,TLS,47,5.4360,17.9685,6.2380,29.6425,1568,2851,45,568,2,12,3,18,9,11,464.9,542.2,801.2,0.0,1,1,2,0
pi4,OpenSSL,DEPLOY_RSA3072,TLS,48,6.1911,13.4029,8.7431,28.3371,1568,2851,45,568,2,13,3,19,9,10,392.3,521.1,800.5,0.0,1,1,2,0
pi4,OpenSSL,DEPLOY_RSA3072,TLS,49,6.2071,12.9565,6.9112,26.0748,1568,2851,45,568,2,12,3,18,9,10,390.6,533.7,797.9,0.0,1,1,2,0
pi4,OpenSSL,DEPLOY_RSA3072,TLS-checked,0,5.9644,15.7511,8.3810,30.0965,1568,2851,45,568,2,12,3,18,10,10,404.8,538.1,1144.0,0.0,1,1,2,0
pi4,OpenSSL,DEPLOY_RSA3072,TLS-checked,1,6.1470,16.0989,8.4442,30.6902,1568,2851,45,568,2,12,3,18,9,10,411.9,510.6,1106.4,0.0,1,1,2,0
pi4,OpenSSL,DEPLOY_RSA3072,TLS-checked,2,8.7252,16.8095,8.2033,33.7380,1568,2851,45,568,2,13,3,19,9,10,403.3,521.9,1121.0,0.0,1,1,2,0
pi4,OpenSSL,DEPLOY_RSA3072,TLS-checked,3,7.9805,22.9011,5.7412,36.6227,1568,2851,45,568,2,13,3,19,10,10,384.6,557.8,1145.1,0.0,1,1,2,0
pi4,OpenSSL,DEPLOY_RSA3072,TLS-checked,4,7.3660,15.0622,7.1343,29.5625,1568,2851,45,568,2,12,3,18,9,11,394.1,510.9,1111.1,0.0,1,1,2,0
pi4,OpenSSL,DEPLOY_RSA3072,TLS-checked,5,12.1037,16.1373,10.1613,38.4023,1568,2851,45,568,2,12,3,18,9,11,388.6,505.9,1130.2,0.0,1,1,2,0
pi4,OpenSSL,DEPLOY_RSA3072,TLS-checked,6,9.3030,23.9879,8.4399,41.7307,1568,2851,45,568,2,12,3,18,9,10,400.8,537.7,1116.6,0.0,1,1,2,0
pi4,OpenSSL,DEPLOY_RSA3072,TLS-checked,7,9.6338,12.4154,7.5400,29.5892,1568,2851,45,568,2,12,3,18,9,10,391.1,513.6,1141.4,0.0,1,1,2,0
pi4,OpenSSL,DEPLOY_RSA3072,TLS-checked,8,6.0905,17.4854,6.4741,30.0500,1568,2851,45,568,2,12,3,18,9,11,394.9,508.7,1113.2,0.0,1,1,2,0
pi4,OpenSSL,DEPLOY_RSA3072,TLS-checked,9,9.6533,19.3731,5.5486,34.5750,1568,2851,45,568,2,12,3,18,9,10,408.2,527.3,1116.1,0.0,1,1,2,0
pi4,OpenSSL,DEPLOY_RSA3072,TLS-checked,10,5.2928,12.2679,6.3663,23.9270,1568,2851,45,568,2,12,3,18,9,10,391.6,508.4,1106.5,0.0,1,1,2,0
pi4,OpenSSL,DEPLOY_RSA3072,TLS-checked,11,6.1457,12.7270,7.0160,25.8887,1568,2851,45,568,2,12,3,18,9,9,392.0,509.1,1107.4,0.0,1,1,2,0
pi4,OpenSSL,DEPLOY_RSA3072,TLS-checked,12,6.2349,19.9449,6.1116,32.2915,1568,2851,45,568,2,12,3,18,9,9,391.3,538.6,1154.1,0.0,1,1,2,0
pi4,OpenSSL,DEPLOY_RSA3072,TLS-checked,13,5.9805,11.6851,5.4362,23.1018,1568,2851,45,568,2,12,3,18,9,9,397.8,514.3,1109.7,0.0,1,1,2,0
pi4,OpenSSL,DEPLOY_RSA3072,TLS-checked,14,5.6842,21.2997,6.5244,33.5082,1568,2851,45,568,2,13,3,19,9,10,414.8,543.1,1157.9,0.0,1,1,2,0
pi4,OpenSSL,DEPLOY_RSA3072,TLS-checked,15,4.2260,14.0689,8.2298,26.5247,1568,2851,45,568,2,12,3,18,9,10,393.2,511.8,1108.6,0.0,1,1,2,0
pi4,OpenSSL,DEPLOY_RSA3072,TLS-checked,16,9.0100,17.4678,6.2420,32.7198,1568,2851,45,568,2,12,3,18,9,10,432.3,519.5,1112.6,0.0,1,1,2,0
pi4,OpenSSL,DEPLOY_RSA3072,TLS-checked,17,5.7388,13.2408,7.7853,26.7649,1568,2851,45,568,2,12,3,18,9,9,391.7,527.8,1109.1,0.0,1,1,2,0
pi4,OpenSSL,DEPLOY_RSA3072,TLS-checked,18,6.2018,15.1802,6.4960,27.8781,1568,2851,45,568,2,13,3,19,9,9,390.4,505.2,1107.4,0.0,1,1,2,0
pi4,OpenSSL,DEPLOY_RSA3072,TLS-checked,19,5.3005,16.6299,7.2614,29.1918,1568,2851,45,568,2,12,3,18,9,10,410.3,537.1,1303.2,0.0,1,1,2,0
pi4,OpenSSL,DEPLOY_RSA3072,TLS-checked,20,5.2741,19.3133,6.1890,30.7765,1568,2851,45,568,2,12,3,18,9,10,393.8,549.2,1319.6,0.0,1,1,2,0
pi4,OpenSSL,DEPLOY_RSA3072,TLS-checked,21,5.5473,20.5338,6.3129,32.3940,1568,2851,45,568,2,12,3,18,9,10,395.7,546.8,1153.1,0.0,1,1,2,0
pi4,OpenSSL,DEPLOY_RSA3072,TLS-checked,22,6.7911,21.3822,9.3590,37.5322,1568,2851,45,568,2,12,3,18,9,10,396.4,521.1,1109.9,0.0,1,1,2,0
pi4,OpenSSL,DEPLOY_RSA3072,TLS-checked,23,8.8382,12.4890,6.7114,28.0386,1568,2851,45,568,2,12,3,18,9,10,398.9,527.2,1109.9,0.0,1,1,2,0
pi4,OpenSSL,DEPLOY_RSA3072,TLS-checked,24,5.5725,14.0100,5.6432,25.2257,1568,2851,45,568,2,12,3,18,9,10,392.9,511.5,1143.1,0.0,1,1,2,0
pi4,OpenSSL,DEPLOY_RSA3072,TLS-checked,25,6.1810,12.1502,6.6945,25.0257,1568,2851,45,568,2,12,3,18,9,10,389.6,507.3,1136.2,0.0,1,1,2,0
pi4,OpenSSL,DEPLOY_RSA3072,TLS-checked,26,4.4512,12.1865,8.2739,24.9115,1568,2851,45,568,2,12,3,18,9,10,395.0,546.4,1115.1,0.0,1,1,2,0
pi4,OpenSSL,DEPLOY_RSA3072,TLS-checked,27,8.0089,14.6772,10.2884,32.9745,1568,2851,45,568,2,12,3,18,9,10,395.6,508.0,1102.7,0.0,1,1,2,0
pi4,OpenSSL,DEPLOY_RSA3072,TLS-checked,28,8.0862,11.3460,7.6005,27.0327,1568,2851,45,568,2,12,3,18,9,10,391.3,537.0,1150.7,0.0,1,1,2,0
pi4,OpenSSL,DEPLOY_RSA3072,TLS-checked,29,5.8744,10.5208,6.1773,22.5725,1568,2851,45,568,2,12,3,18,10,10,395.0,508.4,1135.0,0.0,1,1,2,0
pi4,OpenSSL,DEPLOY_RSA3072,TLS-checked,30,6.0342,12.2219,5.8368,24.0929,1568,2851,45,568,2,13,3,19,9,9,404.1,508.1,1115.6,0.0,1,1,2,0
pi4,OpenSSL,DEPLOY_RSA3072,TLS-checked,31,5.9620,10.7752,4.7211,21.4583,1568,2851,45,568,2,12,3,18,9,10,394.3,508.1,1124.3,0.0,1,1,2,0
pi4,OpenSSL,DEPLOY_RSA3072,TLS-checked,32,5.8310,13.8828,6.5869,26.3007,1568,2851,45,568,2,13,3,19,9,11,393.5,507.1,1131.3,0.0,1,1,2,0
pi4,OpenSSL,DEPLOY_RSA3072,TLS-checked,33,4.9248,13.7179,6.2561,24.8988,1568,2851,45,568,2,13,3,19,9,9,386.9,505.1,1107.1,0.0,1,1,2,0
pi4,OpenSSL,DEPLOY_RSA3072,TLS-checked,34,6.5207,15.6792,4.8743,27.0742,1568,2851,45,568,2,13,3,19,9,10,456.2,520.7,1120.1,0.0,1,1,2,0
pi4,OpenSSL,DEPLOY_RSA3072,TLS-checked,35,6.9994,11.0784,6.7132,24.7910,1568,2851,45,568,2,12,3,18,9,10,390.4,528.4,1106.1,0.0,1,1,2,0
pi4,OpenSSL,DEPLOY_RSA3072,TLS-checked,36,6.6028,12.8296,5.2819,24.7142,1568,2851,45,568,2,12,3,18,9,10,391.4,536.8,1152.5,0.0,1,1,2,0
pi4,OpenSSL,DEPLOY_RSA3072,TLS-checked,37,7.6192,13.5921,6.9920,28.2033,1568,2851,45,568,2,13,3,19,9,11,395.7,508.1,1107.1,0.0,1,1,2,0
pi4,OpenSSL,DEPLOY_RSA3072,TLS-checked,38,5.1926,15.3901,4.8733,25.4559,1568,2851,45,568,2,12,3,18,9,10,428.7,510.9,1110.0,0.0,1,1,2,0
pi4,OpenSSL,DEPLOY_RSA3072,TLS-checked,39,7.5902,14.3168,5.1908,27.0979,1568,2851,45,568,2,13,3,19,9,10,409.9,508.0,1103.3,0.0,1,1,2,0
pi4,OpenSSL,DEPLOY_RSA3072,TLS-checked,40,10.2682,12.6438,5.6247,28.5367,1568,2851,45,568,2,13,3,19,9,10,393.5,524.4,1106.4,0.0,1,1,2,0
pi4,OpenSSL,DEPLOY_RSA3072,TLS-checked,41,5.5042,14.5832,10.9483,31.0357,1568,2851,45,568,2,13,3,19,9,10,388.6,521.2,1146.3,0.0,1,1,2,0
pi4,OpenSSL,DEPLOY_RSA3072,TLS-checked,42,9.0240,16.1235,4.7173,29.8648,1568,2851,45,568,2,13,3,19,9,10,399.9,506.9,1139.1,0.0,1,1,2,0
pi4,OpenSSL,DEPLOY_RSA3072,TLS-checked,43,4.7321,14.2507,7.4359,26.4187,1568,2851,45,568,2,12,3,18,9,9,389.0,506.8,1103.1,0.0,1,1,2,0
pi4,OpenSSL,DEPLOY_RSA3072,TLS-checked,44,5.3472,14.6369,6.8598,26.8439,1568,2851,45,568,2,12,3,18,9,11,397.0,512.0,1110.9,0.0,1,1,2,0
pi4,OpenSSL,DEPLOY_RSA3072,TLS-checked,45,5.4926,15.3104,7.9655,28.7686,1568,2851,45,568,2,13,3,19,9,10,401.8,528.5,1115.9,0.0,1,1,2,0
pi4,OpenSSL,DEPLOY_RSA3072,TLS-checked,46,5.1823,16.2593,6.3792,27.8208,1568,2851,45,568,2,13,3,19,9,9,393.4,519.1,1133.7,0.0,1,1,2,0
pi4,OpenSSL,DEPLOY_RSA3072,TLS-checked,47,5.8698,25.0685,5.8317,36.7700,1568,2851,45,568,2,13,3,19,9,10,391.6,517.9,1107.3,0.0,1,1,2,0
pi4,OpenSSL,DEPLOY_RSA3072,TLS-checked,48,5.8221,22.2497,7.8104,35.8821,1568,2851,45,568,2,13,3,19,12,11,389.3,543.0,1143.9,0.0,1,1,2,0
pi4,OpenSSL,DEPLOY_RSA3072,TLS-checked,49,10.9310,18.6287,6.5585,36.1182,1568,2851,45,568,2,13,3,19,9,11,400.7,505.5,1109.4,0.0,1,1,2,0
pi4,OpenSSL,DEPLOY_RSA3072,mTLS,0,5.3974,35.3805,10.5480,51.3259,3104,3068,45,2744,2,15,3,21,11,10,398.6,509.4,800.0,15296.3,1,1,2,1
pi4,OpenSSL,DEPLOY_RSA3072,mTLS,1,6.4487,34.0529,9.4277,49.9292,3104,3068,45,2744,2,15,3,21,11,10,398.3,535.5,825.6,15275.9,1,1,2,1
pi4,OpenSSL,DEPLOY_RSA3072,mTLS,2,5.2643,39.0856,13.4563,57.8063,3104,3068,45,2744,2,15,3,21,11,11,393.0,508.9,797.2,15298.5,1,1,2,1
pi4,OpenSSL,DEPLOY_RSA3072,mTLS,3,5.7979,33.3011,11.8994,50.9985,3104,3068,45,2744,2,15,3,21,11,11,391.3,545.5,798.5,15290.3,1,1,2,1
pi4,OpenSSL,DEPLOY_RSA3072,mTLS,4,8.9465,31.7939,9.2456,49.9860,3104,3068,45,2744,2,15,3,21,11,11,418.4,509.9,792.2,15314.7,1,1,2,1
pi4,OpenSSL,DEPLOY_RSA3072,mTLS,5,6.4901,39.8857,7.5599,53.9358,3104,3068,45,2744,2,15,3,21,11,11,417.9,539.0,801.6,15302.6,1,1,2,1
pi4,OpenSSL,DEPLOY_RSA3072,mTLS,6,8.2215,32.9138,6.7027,47.8379,3104,3068,45,2744,2,15,3,21,11,12,394.7,509.3,792.0,15287.4,1,1,2,1
pi4,OpenSSL,DEPLOY_RSA3072,mTLS,7,6.6379,33.3216,8.7879,48.7474,3104,3068,45,2744,2,15,3,21,11,11,404.3,561.1,800.5,15297.2,1,1,2,1
pi4,OpenSSL,DEPLOY_RSA3072,mTLS,8,6.1165,32.7730,6.8327,45.7222,3104,3068,45,2744,2,15,3,21,11,9,392.5,524.2,795.1,15310.4,1,1,2,1
pi4,OpenSSL,DEPLOY_RSA3072,mTLS,9,6.0650,31.0143,6.2012,43.2805,3104,3068,45,2744,2,16,3,22,11,11,395.8,536.9,833.5,15292.5,1,1,2,1
pi4,OpenSSL,DEPLOY_RSA3072,mTLS,10,8.1506,29.1328,6.6995,43.9829,3104,3068,45,2744,2,15,3,21,11,11,391.6,508.8,794.3,15289.4,1,1,2,1
pi4,OpenSSL,DEPLOY_RSA3072,mTLS,11,5.6259,26.5881,7.7250,39.9390,3104,3068,45,2744,2,14,3,20,11,12,390.6,535.9,788.1,15457.2,1,1,2,1
pi4,OpenSSL,DEPLOY_RSA3072,mTLS,12,4.7683,30.4430,8.4902,43.7016,3104,3068,45,2744,2,15,3,21,11,11,399.3,514.2,802.0,15291.1,1,1,2,1
pi4,OpenSSL,DEPLOY_RSA3072,mTLS,13,6.3583,28.8017,8.1033,43.2632,3104,3068,45,2744,2,16,3,22,11,10,394.8,541.5,810.5,15303.6,1,1,2,1
pi4,OpenSSL,DEPLOY_RSA3072,mTLS,14,6.1984,32.0259,10.5509,48.7752,3104,3068,45,2744,2,15,3,21,11,12,395.5,528.4,800.2,15293.6,1,1,2,1
pi4,OpenSSL,DEPLOY_RSA3072,mTLS,15,7.4492,32.7655,7.7209,47.9357,3104,3068,45,2744,2,16,3,22,11,12,393.8,518.5,800.4,15287.1,1,1,2,1
pi4,OpenSSL,DEPLOY_RSA3072,mTLS,16,6.1771,35.1120,10.9515,52.2406,3104,3068,45,2744,2,16,3,22,11,12,397.1,547.3,817.4,15353.2,1,1,2,1
pi4,OpenSSL,DEPLOY_RSA3072,mTLS,17,7.4981,38.8606,7.6360,53.9946,3104,3068,45,2744,2,15,3,21,11,11,398.8,538.8,804.5,15291.8,1,1,2,1
pi4,OpenSSL,DEPLOY_RSA3072,mTLS,18,9.4823,30.9467,7.0853,47.5143,3104,3068,45,2744,2,16,3,22,11,10,395.4,520.9,802.3,15297.2,1,1,2,1
pi4,OpenSSL,DEPLOY_RSA3072,mTLS,19,9.9204,33.2704,8.7192,51.9101,3104,3068,45,2744,2,16,3,22,11,12,396.3,519.6,816.8,15275.9,1,1,2,1
pi4,OpenSSL,DEPLOY_RSA3072,mTLS,20,6.8358,27.6443,6.7968,41.2769,3104,3068,45,2744,2,15,3,21,11,13,423.2,509.5,797.3,15284.0,1,1,2,1
pi4,OpenSSL,DEPLOY_RSA3072,mTLS,21,10.4171,31.5991,6.8768,48.8930,3104,3068,45,2744,2,14,3,20,11,11,390.2,508.1,825.1,15296.4,1,1,2,1
pi4,OpenSSL,DEPLOY_RSA3072,mTLS,22,6.1770,28.9268,6.2590,41.3628,3104,3068,45,2744,2,15,3,21,11,12,412.8,517.3,802.3,15294.8,1,1,2,1
pi4,OpenSSL,DEPLOY_RSA3072,mTLS,23,5.6041,30.5575,5.9709,42.1325,3104,3068,45,2744,2,15,3,21,11,13,395.7,507.9,797.2,15276.8,1,1,2,1
pi4,OpenSSL,DEPLOY_RSA3072,mTLS,24,5.8472,52.9004,8.3727,67.1203,3104,3068,45,2744,2,15,3,21,13,11,388.8,1298.2,1682.6,34475.2,1,1,2,1
pi4,OpenSSL,DEPLOY_RSA3072,mTLS,25,8.8567,44.1335,10.6662,63.6564,3104,3068,45,2744,2,16,3,22,12,13,857.0,1107.4,1725.1,29118.4,1,1,2,1
pi4,OpenSSL,DEPLOY_RSA3072,mTLS,26,6.8665,28.1488,5.4432,40.4585,3104,3068,45,2744,2,15,3,21,11,11,402.7,510.8,803.4,15303.3,1,1,2,1
pi4,OpenSSL,DEPLOY_RSA3072,mTLS,27,7.1026,32.0094,5.6071,44.7191,3104,3068,45,2744,2,15,3,21,11,13,391.4,508.8,795.0,18259.1,1,1,2,1
pi4,OpenSSL,DEPLOY_RSA3072,mTLS,28,5.4008,32.7477,6.1029,44.2514,3104,3068,45,2744,2,15,3,21,11,11,403.9,510.5,810.3,15304.7,1,1,2,1
pi4,OpenSSL,DEPLOY_RSA3072,mTLS,29,7.9509,29.9199,5.5077,43.3785,3104,3068,45,2744,2,15,3,21,11,11,398.5,513.4,795.3,15280.1,1,1,2,1
pi4,OpenSSL,DEPLOY_RSA3072,mTLS,30,7.0083,31.4777,7.0684,45.5544,3104,3068,45,2744,2,15,3,21,11,11,396.9,535.4,805.5,15298.3,1,1,2,1
pi4,OpenSSL,DEPLOY_RSA3072,mTLS,31,7.0511,32.5046,9.7540,49.3097,3104,3068,45,2744,2,15,3,21,11,10,395.2,507.0,792.0,15294.7,1,1,2,1
pi4,OpenSSL,DEPLOY_RSA3072,mTLS,32,6.9483,32.8992,7.7575,47.6051,3104,3068,45,2744,2,15,3,21,11,11,391.1,535.7,804.2,15315.8,1,1,2,1
pi4,OpenSSL,DEPLOY_RSA3072,mTLS,33,6.3733,27.9118,9.6281,43.9132,3104,3068,45,2744,2,15,3,21,11,11,398.8,513.4,801.2,15291.4,1,1,2,1
pi4,OpenSSL,DEPLOY_RSA3072,mTLS,34,9.8265,33.3684,6.7366,49.9315,3104,3068,45,2744,2,15,3,21,11,10,393.0,537.9,828.0,15395.5,1,1,2,1
pi4,OpenSSL,DEPLOY_RSA3072,mTLS,35,6.4211,29.7855,8.9781,45.1846,3104,3068,45,2744,2,15,3,21,11,11,415.9,507.5,799.6,15308.8,1,1,2,1
pi4,OpenSSL,DEPLOY_RSA3072,mTLS,36,6.1872,33.0786,10.6410,49.9068,3104,3068,45,2744,2,15,3,21,11,11,389.8,509.9,791.0,15302.0,1,1,2,1
pi4,OpenSSL,DEPLOY_RSA3072,mTLS,37,6.3048,29.5838,9.5563,45.4449,3104,3068,45,2744,2,15,3,21,11,11,404.0,538.8,822.3,15284.3,1,1,2,1
pi4,OpenSSL,DEPLOY_RSA3072,mTLS,38,7.6219,35.0325,12.0203,54.6746,3104,3068,45,2744,2,15,3,21,11,12,397.5,524.9,837.1,15310.3,1,1,2,1
pi4,OpenSSL,DEPLOY_RSA3072,mTLS,39,6.0642,34.6610,7.0323,47.7574,3104,3068,45,2744,2,15,3,21,11,12,396.1,509.4,827.7,15289.2,1,1,2,1
pi4,OpenSSL,DEPLOY_RSA3072,mTLS,40,7.8827,34.1513,12.2670,54.3010,3104,3068,45,2744,2,15,3,21,11,12,391.2,510.3,792.1,15309.4,1,1,2,1
pi4,OpenSSL,DEPLOY_RSA3072,mTLS,41,6.3027,31.8034,7.3844,45.4906,3104,3068,45,2744,2,15,3,21,11,11,404.5,511.9,804.5,15293.3,1,1,2,1
pi4,OpenSSL,DEPLOY_RSA3072,mTLS,42,9.3390,36.5693,8.1218,54.0300,3104,3068,45,2744,2,15,3,21,11,13,391.2,538.7,799.7,15311.7,1,1,2,1
pi4,OpenSSL,DEPLOY_RSA3072,mTLS,43,6.2217,28.7589,5.2758,40.2564,3104,3068,45,2744,2,15,3,21,11,11,396.3,509.8,796.6,15284.8,1,1,2,1
pi4,OpenSSL,DEPLOY_RSA3072,mTLS,44,6.7509,30.3282,7.5173,44.5964,3104,3068,45,2744,2,15,3,21,11,13,388.9,507.6,794.1,15290.1,1,1,2,1
pi4,OpenSSL,DEPLOY_RSA3072,mTLS,45,5.2603,38.1810,6.8095,50.2508,3104,3068,45,2744,2,15,3,21,11,11,398.3,556.7,799.9,15281.3,1,1,2,1
pi4,OpenSSL,DEPLOY_RSA3072,mTLS,46,5.7261,30.1399,7.4724,43.3383,3104,3068,45,2744,2,15,3,21,11,11,391.6,519.9,793.1,15294.5,1,1,2,1
pi4,OpenSSL,DEPLOY_RSA3072,mTLS,47,7.5445,33.4201,6.8566,47.8212,3104,3068,45,2744,2,15,3,21,11,11,406.5,532.3,801.2,15269.7,1,1,2,1
pi4,OpenSSL,DEPLOY_RSA3072,mTLS,48,8.8171,32.7363,9.6323,51.1857,3104,3068,45,2744,2,15,3,21,11,11,411.3,509.7,813.4,15273.4,1,1,2,1
pi4,OpenSSL,DEPLOY_RSA3072,mTLS,49,4.6515,34.6114,6.6749,45.9378,3104,3068,45,2744,2,15,3,21,11,11,404.0,514.5,798.9,15319.5,1,1,2,1
pi4,OpenSSL,DEPLOY_RSA3072,mTLS-checked,0,8.2380,33.7495,7.1400,49.1275,3104,3068,45,2744,2,16,3,22,11,10,399.8,545.1,1212.4,15355.7,1,1,2,1
pi4,OpenSSL,DEPLOY_RSA3072,mTLS-checked,1,5.8195,29.5850,15.5411,50.9456,3104,3068,45,2744,2,16,3,22,11,13,397.8,521.4,1118.4,15299.9,1,1,2,1
pi4,OpenSSL,DEPLOY_RSA3072,mTLS-checked,2,6.5260,33.4730,7.6349,47.6339,3104,3068,45,2744,2,16,3,22,11,11,400.7,514.4,1121.2,15289.1,1,1,2,1
pi4,OpenSSL,DEPLOY_RSA3072,mTLS-checked,3,5.3013,29.3388,10.0393,44.6795,3104,3068,45,2744,2,16,3,22,11,11,397.9,522.4,1144.0,15294.8,1,1,2,1
pi4,OpenSSL,DEPLOY_RSA3072,mTLS-checked,4,6.7421,34.0447,8.4789,49.2658,3104,3068,45,2744,2,15,3,21,11,11,405.3,516.3,1137.9,15297.7,1,1,2,1
pi4,OpenSSL,DEPLOY_RSA3072,mTLS-checked,5,6.2212,35.0967,6.8011,48.1190,3104,3068,45,2744,2,16,3,22,11,11,397.2,513.8,1121.5,15292.1,1,1,2,1
pi4,OpenSSL,DEPLOY_RSA3072,mTLS-checked,6,11.0870,31.6419,9.7664,52.4952,3104,3068,45,2744,2,16,3,22,11,11,403.9,527.8,1135.8,15275.5,1,1,2,1
pi4,OpenSSL,DEPLOY_RSA3072,mTLS-checked,7,10.6739,31.3837,12.3933,54.4510,3104,3068,45,2744,2,15,3,21,11,12,393.7,524.3,1132.9,15277.1,1,1,2,1
pi4,OpenSSL,DEPLOY_RSA3072,mTLS-checked,8,5.3144,34.0841,8.9328,48.3313,3104,3068,45,2744,2,15,3,21,11,10,403.2,516.5,1143.6,15310.4,1,1,2,1
pi4,OpenSSL,DEPLOY_RSA3072,mTLS-checked,9,7.7209,32.1006,6.4963,46.3178,3104,3068,45,2744,2,16,3,22,11,11,398.0,520.7,1144.5,15282.8,1,1,2,1
pi4,OpenSSL,DEPLOY_RSA3072,mTLS-checked,10,8.0449,28.1913,6.5680,42.8042,3104,3068,45,2744,2,16,3,22,11,10,433.6,522.9,1139.8,15277.5,1,1,2,1
pi4,OpenSSL,DEPLOY_RSA3072,mTLS-checked,11,6.0994,31.3753,6.4699,43.9446,3104,3068,45,2744,2,16,3,22,11,10,395.7,511.5,1134.8,15280.4,1,1,2,1
pi4,OpenSSL,DEPLOY_RSA3072,mTLS-checked,12,6.2786,29.7551,6.8486,42.8824,3104,3068,45,2744,2,16,3,22,12,14,394.6,516.9,1167.3,15454.2,1,1,2,1
pi4,OpenSSL,DEPLOY_RSA3072,mTLS-checked,13,5.1928,31.6032,7.2591,44.0551,3104,3068,45,2744,2,16,3,22,11,12,395.5,563.2,1117.1,15293.3,1,1,2,1
pi4,OpenSSL,DEPLOY_RSA3072,mTLS-checked,14,5.8643,28.2941,8.9855,43.1439,3104,3068,45,2744,2,16,3,22,11,12,395.6,509.9,1136.1,15441.9,1,1,2,1
pi4,OpenSSL,DEPLOY_RSA3072,mTLS-checked,15,8.9884,29.6336,9.4111,48.0331,3104,3068,45,2744,2,16,3,22,11,13,399.9,521.1,1133.3,15279.2,1,1,2,1
pi4,OpenSSL,DEPLOY_RSA3072,mTLS-checked,16,6.0878,28.0585,8.4002,42.5464,3104,3068,45,2744,2,16,3,22,11,11,397.1,520.2,1140.2,15268.8,1,1,2,1
pi4,OpenSSL,DEPLOY_RSA3072,mTLS-checked,17,9.1612,32.1935,7.2523,48.6070,3104,3068,45,2744,2,16,3,22,11,11,400.9,512.0,1140.8,15307.8,1,1,2,1
pi4,OpenSSL,DEPLOY_RSA3072,mTLS-checked,18,6.9942,33.9802,6.6327,47.6071,3104,3068,45,2744,2,15,3,21,11,12,397.9,512.4,1116.2,15299.0,1,1,2,1
pi4,OpenSSL,DEPLOY_RSA3072,mTLS-checked,19,4.7002,35.1604,6.3397,46.2003,3104,3068,45,2744,2,16,3,22,11,10,415.9,545.2,1119.6,15285.2,1,1,2,1
pi4,OpenSSL,DEPLOY_RSA3072,mTLS-checked,20,5.8930,31.8926,7.3597,45.1453,3104,3068,45,2744,2,16,3,22,11,10,396.5,510.4,1116.4,15295.2,1,1,2,1
pi4,OpenSSL,DEPLOY_RSA3072,mTLS-checked,21,9.5454,32.3751,8.8422,50.7627,3104,3068,45,2744,2,15,3,21,11,12,419.9,592.4,1118.4,15352.5,1,1,2,1
pi4,OpenSSL,DEPLOY_RSA3072,mTLS-checked,22,5.3431,35.4011,7.4682,48.2124,3104,3068,45,2744,2,15,3,21,11,10,397.3,528.2,1143.6,15291.3,1,1,2,1
pi4,OpenSSL,DEPLOY_RSA3072,mTLS-checked,23,6.0139,33.3064,6.6098,45.9301,3104,3068,45,2744,2,16,3,22,11,12,393.3,576.2,1120.3,15435.1,1,1,2,1
pi4,OpenSSL,DEPLOY_RSA3072,mTLS-checked,24,5.1962,32.8217,9.3866,47.4046,3104,3068,45,2744,2,16,3,22,11,12,411.5,521.9,1114.4,15299.7,1,1,2,1
pi4,OpenSSL,DEPLOY_RSA3072,mTLS-checked,25,5.9519,31.5473,11.9332,49.4323,3104,3068,45,2744,2,15,3,21,11,10,395.0,565.7,1115.9,15273.8,1,1,2,1
pi4,OpenSSL,DEPLOY_RSA3072,mTLS-checked,26,6.7606,33.0380,10.0244,49.8230,3104,3068,45,2744,2,16,3,22,11,13,405.3,536.3,1120.2,15363.6,1,1,2,1
pi4,OpenSSL,DEPLOY_RSA3072,mTLS-checked,27,7.3750,32.4445,6.6858,46.5053,3104,3068,45,2744,2,15,3,21,11,11,395.4,509.3,1122.5,18301.5,1,1,2,1
pi4,OpenSSL,DEPLOY_RSA3072,mTLS-checked,28,6.1941,33.0957,8.5182,47.8080,3104,3068,45,2744,2,16,3,22,11,10,410.4,517.0,1120.0,15300.9,1,1,2,1
pi4,OpenSSL,DEPLOY_RSA3072,mTLS-checked,29,5.8003,30.6955,8.9061,45.4019,3104,3068,45,2744,2,16,3,22,11,12,394.2,510.8,1140.0,15361.5,1,1,2,1
pi4,OpenSSL,DEPLOY_RSA3072,mTLS-checked,30,8.0025,38.9251,6.5752,53.5029,3104,3068,45,2744,2,16,3,22,11,10,398.1,550.9,1148.7,15280.0,1,1,2,1
pi4,OpenSSL,DEPLOY_RSA3072,mTLS-checked,31,5.4230,31.3122,11.9348,48.6700,3104,3068,45,2744,2,16,3,22,11,12,396.3,518.9,1117.9,15344.1,1,1,2,1
pi4,OpenSSL,DEPLOY_RSA3072,mTLS-checked,32,5.6243,33.4084,9.3137,48.3463,3104,3068,45,2744,2,16,3,22,11,10,400.3,535.9,1119.8,15270.7,1,1,2,1
pi4,OpenSSL,DEPLOY_RSA3072,mTLS-checked,33,6.8219,38.3661,10.1406,55.3286,3104,3068,45,2744,2,16,3,22,11,10,396.0,535.2,1121.2,15296.5,1,1,2,1
pi4,OpenSSL,DEPLOY_RSA3072,mTLS-checked,34,5.1297,36.2024,10.2755,51.6076,3104,3068,45,2744,2,16,3,22,11,11,396.3,537.4,1153.8,15295.2,1,1,2,1
pi4,OpenSSL,DEPLOY_RSA3072,mTLS-checked,35,6.4190,32.1476,7.8375,46.4041,3104,3068,45,2744,2,16,3,22,12,13,397.6,536.0,1120.2,15326.9,1,1,2,1
pi4,OpenSSL,DEPLOY_RSA3072,mTLS-checked,36,5.8872,32.4671,10.0108,48.3651,3104,3068,45,2744,2,15,3,21,11,12,398.7,512.5,1112.4,15293.2,1,1,2,1
pi4,OpenSSL,DEPLOY_RSA3072,mTLS-checked,37,5.6608,32.2752,6.7270,44.6631,3104,3068,45,2744,2,16,3,22,11,12,394.7,517.8,1114.9,15468.3,1,1,2,1
pi4,OpenSSL,DEPLOY_RSA3072,mTLS-checked,38,5.6267,34.1451,6.8128,46.5847,3104,3068,45,2744,2,16,3,22,11,10,400.7,549.6,1121.7,15293.5,1,1,2,1
pi4,OpenSSL,DEPLOY_RSA3072,mTLS-checked,39,5.9883,36.1379,6.7183,48.8445,3104,3068,45,2744,2,15,3,21,11,10,393.9,513.7,1110.4,15483.6,1,1,2,1
pi4,OpenSSL,DEPLOY_RSA3072,mTLS-checked,40,5.6486,31.8241,5.7917,43.2644,3104,3068,45,2744,2,16,3,22,11,12,395.4,510.6,1117.1,15284.9,1,1,2,1
pi4,OpenSSL,DEPLOY_RSA3072,mTLS-checked,41,5.5087,29.7261,6.2059,41.4407,3104,3068,45,2744,2,16,3,22,11,11,395.2,523.6,1112.7,15288.5,1,1,2,1
pi4,OpenSSL,DEPLOY_RSA3072,mTLS-checked,42,6.1453,30.2778,8.1273,44.5505,3104,3068,45,2744,2,15,3,21,11,11,425.5,548.2,1123.7,15375.9,1,1,2,1
pi4,OpenSSL,DEPLOY_RSA3072,mTLS-checked,43,7.8721,32.7101,8.7306,49.3128,3104,3068,45,2744,2,15,3,21,11,11,400.9,515.0,1115.3,15288.3,1,1,2,1
pi4,OpenSSL,DEPLOY_RSA3072,mTLS-checked,44,6.1270,32.1829,7.6339,45.9438,3104,3068,45,2744,2,15,3,21,11,10,405.8,537.3,1161.0,15294.8,1,1,2,1
pi4,OpenSSL,DEPLOY_RSA3072,mTLS-checked,45,6.3366,31.8998,8.3822,46.6186,3104,3068,45,2744,2,15,3,21,11,11,397.2,513.0,1111.1,15267.0,1,1,2,1
pi4,OpenSSL,DEPLOY_RSA3072,mTLS-checked,46,6.5638,35.3045,11.0965,52.9649,3104,3068,45,2744,2,15,3,21,11,12,394.8,558.0,1115.2,15304.8,1,1,2,1
pi4,OpenSSL,DEPLOY_RSA3072,mTLS-checked,47,7.2533,34.9317,9.5605,51.7456,3104,3068,45,2744,2,16,3,22,11,12,403.3,529.3,1138.0,15276.2,1,1,2,1
pi4,OpenSSL,DEPLOY_RSA3072,mTLS-checked,48,7.7738,33.7899,12.8062,54.3699,3104,3068,45,2744,2,15,3,21,11,9,403.5,522.2,1140.6,15302.9,1,1,2,1
pi4,OpenSSL,DEPLOY_RSA3072,mTLS-checked,49,5.0342,33.9919,8.8648,47.8909,3104,3068,45,2744,2,15,3,21,11,12,394.0,514.9,1111.7,15313.5,1,1,2,1
pi4,wolfSSL,DEPLOY_RSA3072,TLS,0,4.9520,10.4863,7.6262,23.0645,1496,2819,45,568,2,12,3,18,8,10,142.1,277.5,498.0,0.0,2,2,2,0
pi4,wolfSSL,DEPLOY_RSA3072,TLS,1,6.3133,10.1836,7.4895,23.9864,1496,2819,45,568,2,13,3,19,8,9,139.6,275.9,499.0,0.0,2,2,2,0
pi4,wolfSSL,DEPLOY_RSA3072,TLS,2,6.5335,14.5776,5.5992,26.7103,1496,2819,45,568,2,13,3,19,8,9,136.4,309.1,509.5,0.0,2,2,2,0
pi4,wolfSSL,DEPLOY_RSA3072,TLS,3,5.5223,10.1918,5.7078,21.4218,1496,2819,45,568,2,12,3,18,8,10,193.0,286.1,521.4,0.0,2,2,2,0
pi4,wolfSSL,DEPLOY_RSA3072,TLS,4,7.0271,15.9694,6.6828,29.6794,1496,2819,45,568,2,13,3,19,8,10,147.6,301.6,505.0,0.0,2,2,2,0
pi4,wolfSSL,DEPLOY_RSA3072,TLS,5,6.8438,12.4448,5.7719,25.0606,1496,2819,45,568,2,13,3,19,8,9,148.7,290.7,503.9,0.0,2,2,2,0
pi4,wolfSSL,DEPLOY_RSA3072,TLS,6,5.3605,14.1688,6.5566,26.0859,1496,2819,45,568,2,13,3,19,8,8,140.1,298.2,507.0,0.0,2,2,2,0
pi4,wolfSSL,DEPLOY_RSA3072,TLS,7,7.4130,8.4926,6.0848,21.9905,1496,2819,45,568,2,12,3,18,8,10,157.3,298.6,505.5,0.0,2,2,2,0
pi4,wolfSSL,DEPLOY_RSA3072,TLS,8,6.9000,9.3423,8.4442,24.6865,1496,2819,45,568,2,12,3,18,8,10,145.1,277.0,498.6,0.0,2,2,2,0
pi4,wolfSSL,DEPLOY_RSA3072,TLS,9,5.3335,11.3487,7.1025,23.7847,1496,2819,45,568,2,12,3,18,8,8,133.6,272.9,495.9,0.0,2,2,2,0
pi4,wolfSSL,DEPLOY_RSA3072,TLS,10,5.9567,10.0134,8.0562,24.0262,1496,2819,45,568,2,12,3,18,8,10,133.3,299.0,505.1,0.0,2,2,2,0
pi4,wolfSSL,DEPLOY_RSA3072,TLS,11,4.7232,9.3102,5.9707,20.0041,1496,2819,45,568,2,12,3,18,8,10,143.1,275.9,519.1,0.0,2,2,2,0
pi4,wolfSSL,DEPLOY_RSA3072,TLS,12,5.4377,10.8212,7.4800,23.7389,1496,2819,45,568,2,13,3,19,8,10,134.1,273.7,495.8,0.0,2,2,2,0
pi4,wolfSSL,DEPLOY_RSA3072,TLS,13,7.8928,16.1611,5.3391,29.3930,1496,2819,45,568,2,13,3,19,8,9,151.9,281.9,504.4,0.0,2,2,2,0
pi4,wolfSSL,DEPLOY_RSA3072,TLS,14,6.2924,18.7399,8.5400,33.5723,1496,2819,45,568,2,13,3,19,8,10,138.8,301.6,522.0,0.0,2,2,2,0
pi4,wolfSSL,DEPLOY_RSA3072,TLS,15,6.1420,13.6431,5.6955,25.4807,1496,2819,45,568,2,13,3,19,8,9,143.5,304.0,504.4,0.0,2,2,2,0
pi4,wolfSSL,DEPLOY_RSA3072,TLS,16,5.7583,15.9936,5.4668,27.2187,1496,2819,45,568,2,13,3,19,8,10,142.8,277.1,515.4,0.0,2,2,2,0
pi4,wolfSSL,DEPLOY_RSA3072,TLS,17,7.5000,10.1442,5.9127,23.5569,1496,2819,45,568,2,12,3,18,8,10,138.6,275.5,497.1,0.0,2,2,2,0
pi4,wolfSSL,DEPLOY_RSA3072,TLS,18,5.5241,13.3963,5.5157,24.4361,1496,2819,45,568,2,12,3,18,8,10,153.1,284.8,521.9,0.0,2,2,2,0
pi4,wolfSSL,DEPLOY_RSA3072,TLS,19,6.1419,11.8602,6.6486,24.6507,1496,2819,45,568,2,12,3,18,8,8,140.6,277.4,509.5,0.0,2,2,2,0
pi4,wolfSSL,DEPLOY_RSA3072,TLS,20,5.1071,10.6248,10.1247,25.8565,1496,2819,45,568,2,13,3,19,8,9,133.7,299.2,505.1,0.0,2,2,2,0
pi4,wolfSSL,DEPLOY_RSA3072,TLS,21,5.6967,19.3043,7.1812,32.1822,1496,2819,45,568,2,13,3,19,8,8,141.9,601.8,1098.9,0.0,2,2,2,0
pi4,wolfSSL,DEPLOY_RSA3072,TLS,22,6.1539,22.4866,6.3393,34.9798,1496,2819,45,568,2,13,3,19,8,10,294.4,605.3,1109.8,0.0,2,2,2,0
pi4,wolfSSL,DEPLOY_RSA3072,TLS,23,5.7166,16.7086,7.2684,29.6936,1496,2819,45,568,2,13,3,19,8,9,294.8,604.8,1102.7,0.0,2,2,2,0
pi4,wolfSSL,DEPLOY_RSA3072,TLS,24,6.9037,16.1187,6.2986,29.3210,1496,2819,45,568,2,12,3,18,8,10,279.6,598.8,1220.9,0.0,2,2,2,0
pi4,wolfSSL,DEPLOY_RSA3072,TLS,25,7.1743,16.4460,6.3212,29.9416,1496,2819,45,568,2,12,3,18,8,9,332.0,687.9,1262.1,0.0,2,2,2,0
pi4,wolfSSL,DEPLOY_RSA3072,TLS,26,5.9680,16.8572,6.8797,29.7049,1496,2819,45,568,2,13,3,19,8,10,339.2,703.2,1277.0,0.0,2,2,2,0
pi4,wolfSSL,DEPLOY_RSA3072,TLS,27,5.4741,17.5076,6.9421,29.9238,1496,2819,45,568,2,13,3,19,8,10,331.1,687.1,1260.1,0.0,2,2,2,0
pi4,wolfSSL,DEPLOY_RSA3072,TLS,28,5.4975,14.4424,7.9517,27.8916,1496,2819,45,568,2,13,3,19,8,9,279.4,621.6,1106.8,0.0,2,2,2,0
pi4,wolfSSL,DEPLOY_RSA3072,TLS,29,8.1031,14.5506,6.1853,28.8390,1496,2819,45,568,2,12,3,18,8,10,286.2,624.8,1142.4,0.0,2,2,2,0
pi4,wolfSSL,DEPLOY_RSA3072,TLS,30,6.0829,13.7459,9.0839,28.9127,1496,2819,45,568,2,13,3,19,8,10,288.2,615.6,1097.3,0.0,2,2,2,0
pi4,wolfSSL,DEPLOY_RSA3072,TLS,31,7.0679,19.2287,6.3892,32.6858,1496,2819,45,568,2,13,3,19,8,9,276.6,678.9,1265.5,0.0,2,2,2,0
pi4,wolfSSL,DEPLOY_RSA3072,TLS,32,7.3652,15.3039,6.6510,29.3201,1496,2819,45,568,2,12,3,18,8,9,357.3,687.4,1259.0,0.0,2,2,2,0
pi4,wolfSSL,DEPLOY_RSA3072,TLS,33,7.1371,10.7920,5.4427,23.3719,1496,2819,45,568,2,12,3,18,8,10,312.9,676.9,1251.3,0.0,2,2,2,0
pi4,wolfSSL,DEPLOY_RSA3072,TLS,34,6.3878,14.9930,6.0259,27.4067,1496,2819,45,568,2,13,3,19,8,9,331.0,686.6,1259.1,0.0,2,2,2,0
pi4,wolfSSL,DEPLOY_RSA3072,TLS,35,7.6123,11.8900,7.1968,26.6991,1496,2819,45,568,2,12,3,18,8,10,281.1,623.5,1142.6,0.0,2,2,2,0
pi4,wolfSSL,DEPLOY_RSA3072,TLS,36,4.8783,20.6534,5.7435,31.2752,1496,2819,45,568,2,13,3,19,8,8,287.2,594.3,1129.2,0.0,2,2,2,0
pi4,wolfSSL,DEPLOY_RSA3072,TLS,37,5.1871,12.5845,7.2954,25.0670,1496,2819,45,568,2,13,3,19,8,10,293.8,604.8,1134.8,0.0,2,2,2,0
pi4,wolfSSL,DEPLOY_RSA3072,TLS,38,8.0277,11.0491,7.3368,26.4136,1496,2819,45,568,2,12,3,18,8,9,280.0,598.0,1094.1,0.0,2,2,2,0
pi4,wolfSSL,DEPLOY_RSA3072,TLS,39,5.2870,13.0742,6.6551,25.0163,1496,2819,45,568,2,13,3,19,8,10,293.2,627.6,1137.5,0.0,2,2,2,0
pi4,wolfSSL,DEPLOY_RSA3072,TLS,40,7.6817,14.8709,5.7655,28.3181,1496,2819,45,568,2,12,3,18,8,10,293.0,614.0,1105.2,0.0,2,2,2,0
pi4,wolfSSL,DEPLOY_RSA3072,TLS,41,5.1473,13.6952,5.7741,24.6166,1496,2819,45,568,2,13,3,19,8,10,288.0,623.3,1105.8,0.0,2,2,2,0
pi4,wolfSSL,DEPLOY_RSA3072,TLS,42,8.4509,15.4049,7.2027,31.0584,1496,2819,45,568,2,12,3,18,8,10,289.3,600.5,1127.3,0.0,2,2,2,0
pi4,wolfSSL,DEPLOY_RSA3072,TLS,43,6.1716,20.0801,7.8267,34.0785,1496,2819,45,568,2,13,3,19,8,10,293.2,603.2,1103.5,0.0,2,2,2,0
pi4,wolfSSL,DEPLOY_RSA3072,TLS,44,5.4762,21.0628,5.2188,31.7578,1496,2819,45,568,2,13,3,19,8,9,292.4,605.8,1104.3,0.0,2,2,2,0
pi4,wolfSSL,DEPLOY_RSA3072,TLS,45,5.7082,13.8118,7.8660,27.3860,1496,2819,45,568,2,13,3,19,8,9,279.2,617.7,1130.7,0.0,2,2,2,0
pi4,wolfSSL,DEPLOY_RSA3072,TLS,46,7.2801,20.0856,8.3526,35.7182,1496,2819,45,568,2,13,3,19,8,9,331.3,687.6,1260.1,0.0,2,2,2,0
pi4,wolfSSL,DEPLOY_RSA3072,TLS,47,6.0161,14.0107,6.9725,26.9993,1496,2819,45,568,2,12,3,18,8,10,315.5,715.2,1250.6,0.0,2,2,2,0
pi4,wolfSSL,DEPLOY_RSA3072,TLS,48,6.3977,20.5752,6.5001,33.4729,1496,2819,45,568,2,13,3,19,8,10,359.9,715.8,1297.9,0.0,2,2,2,0
pi4,wolfSSL,DEPLOY_RSA3072,TLS,49,7.0586,17.0385,6.5909,30.6880,1496,2819,45,568,2,13,3,19,8,10,294.9,608.1,1105.7,0.0,2,2,2,0
pi4,wolfSSL,DEPLOY_RSA3072,TLS-checked,0,5.4471,17.6448,6.8449,29.9368,1496,2819,45,568,2,13,3,19,8,9,332.5,690.7,1262.1,0.0,2,2,2,0
pi4,wolfSSL,DEPLOY_RSA3072,TLS-checked,1,9.4008,15.6914,6.6389,31.7311,1496,2819,45,568,2,12,3,18,8,8,319.3,710.5,1263.5,0.0,2,2,2,0
pi4,wolfSSL,DEPLOY_RSA3072,TLS-checked,2,6.3185,16.2841,10.0146,32.6173,1496,2819,45,568,2,13,3,19,8,10,322.0,683.5,1281.0,0.0,2,2,2,0
pi4,wolfSSL,DEPLOY_RSA3072,TLS-checked,3,11.0644,10.6053,6.3943,28.0639,1496,2819,45,568,2,12,3,18,8,9,333.1,689.2,1261.4,0.0,2,2,2,0
pi4,wolfSSL,DEPLOY_RSA3072,TLS-checked,4,6.1490,17.5292,5.7877,29.4659,1496,2819,45,568,2,13,3,19,8,9,313.6,679.5,1250.4,0.0,2,2,2,0
pi4,wolfSSL,DEPLOY_RSA3072,TLS-checked,5,6.2736,14.0485,7.7109,28.0330,1496,2819,45,568,2,12,3,18,8,10,315.6,707.9,1300.7,0.0,2,2,2,0
pi4,wolfSSL,DEPLOY_RSA3072,TLS-checked,6,6.3573,21.3342,6.1019,33.7934,1496,2819,45,568,2,13,3,19,8,9,356.8,645.2,1131.1,0.0,2,2,2,0
pi4,wolfSSL,DEPLOY_RSA3072,TLS-checked,7,4.6725,14.1894,9.5735,28.4353,1496,2819,45,568,2,13,3,19,8,9,285.2,597.2,1098.5,0.0,2,2,2,0
pi4,wolfSSL,DEPLOY_RSA3072,TLS-checked,8,5.8178,10.5871,6.3234,22.7283,1496,2819,45,568,2,12,3,18,8,10,278.6,627.1,1107.6,0.0,2,2,2,0
pi4,wolfSSL,DEPLOY_RSA3072,TLS-checked,9,5.4073,11.2951,6.1701,22.8726,1496,2819,45,568,2,12,3,18,8,10,285.4,597.7,1097.6,0.0,2,2,2,0
pi4,wolfSSL,DEPLOY_RSA3072,TLS-checked,10,7.5655,11.1324,7.2660,25.9640,1496,2819,45,568,2,12,3,18,8,10,279.6,621.2,1144.7,0.0,2,2,2,0
pi4,wolfSSL,DEPLOY_RSA3072,TLS-checked,11,6.1217,13.4581,8.0995,27.6793,1496,2819,45,568,2,13,3,19,8,10,284.3,596.2,1097.2,0.0,2,2,2,0
pi4,wolfSSL,DEPLOY_RSA3072,TLS-checked,12,5.3786,10.6500,5.5492,21.5778,1496,2819,45,568,2,12,3,18,8,9,278.9,596.5,1097.0,0.0,2,2,2,0
pi4,wolfSSL,DEPLOY_RSA3072,TLS-checked,13,5.2047,12.5044,6.5445,24.2536,1496,2819,45,568,2,13,3,19,8,10,274.9,621.2,1106.2,0.0,2,2,2,0
pi4,wolfSSL,DEPLOY_RSA3072,TLS-checked,14,8.1631,11.7782,7.6502,27.5914,1496,2819,45,568,2,12,3,18,9,10,285.7,621.8,1106.6,0.0,2,2,2,0
pi4,wolfSSL,DEPLOY_RSA3072,TLS-checked,15,6.4115,13.5360,5.7366,25.6841,1496,2819,45,568,2,13,3,19,8,9,307.7,598.4,1127.8,0.0,2,2,2,0
pi4,wolfSSL,DEPLOY_RSA3072,TLS-checked,16,7.8587,14.2079,6.6267,28.6934,1496,2819,45,568,2,13,3,19,8,10,279.6,625.9,1131.8,0.0,2,2,2,0
pi4,wolfSSL,DEPLOY_RSA3072,TLS-checked,17,5.0069,14.3645,10.2388,29.6102,1496,2819,45,568,2,13,3,19,8,10,294.6,605.7,1098.6,0.0,2,2,2,0
pi4,wolfSSL,DEPLOY_RSA3072,TLS-checked,18,5.8935,12.0335,5.7565,23.6834,1496,2819,45,568,2,12,3,18,8,10,335.3,609.9,1134.5,0.0,2,2,2,0
pi4,wolfSSL,DEPLOY_RSA3072,TLS-checked,19,5.6149,12.4922,7.9813,26.0885,1496,2819,45,568,2,12,3,18,8,9,293.7,620.2,1107.5,0.0,2,2,2,0
pi4,wolfSSL,DEPLOY_RSA3072,TLS-checked,20,5.8280,16.2947,6.2208,28.3435,1496,2819,45,568,2,13,3,19,8,10,290.5,608.5,1100.6,0.0,2,2,2,0
pi4,wolfSSL,DEPLOY_RSA3072,TLS-checked,21,5.8958,16.6243,6.7680,29.2881,1496,2819,45,568,2,13,3,19,8,10,294.2,605.7,1108.9,0.0,2,2,2,0
pi4,wolfSSL,DEPLOY_RSA3072,TLS-checked,22,5.6436,11.4258,5.4744,22.5438,1496,2819,45,568,2,12,3,18,8,10,292.5,603.4,1099.9,0.0,2,2,2,0
pi4,wolfSSL,DEPLOY_RSA3072,TLS-checked,23,5.8706,14.9055,5.8957,26.6718,1496,2819,45,568,2,12,3,18,8,9,277.6,599.1,1134.0,0.0,2,2,2,0
pi4,wolfSSL,DEPLOY_RSA3072,TLS-checked,24,5.7603,15.5950,6.2308,27.5861,1496,2819,45,568,2,13,3,19,8,9,294.5,616.3,1125.4,0.0,2,2,2,0
pi4,wolfSSL,DEPLOY_RSA3072,TLS-checked,25,6.3423,16.4414,6.7774,29.5610,1496,2819,45,568,2,13,3,19,8,10,284.1,621.2,1107.6,0.0,2,2,2,0
pi4,wolfSSL,DEPLOY_RSA3072,TLS-checked,26,8.4632,17.3364,7.9216,33.7211,1496,2819,45,568,2,13,3,19,8,9,288.3,599.0,1100.1,0.0,2,2,2,0
pi4,wolfSSL,DEPLOY_RSA3072,TLS-checked,27,6.7271,14.9917,6.8426,28.5614,1496,2819,45,568,2,13,3,19,8,10,282.8,636.7,1121.8,0.0,2,2,2,0
pi4,wolfSSL,DEPLOY_RSA3072,TLS-checked,28,8.6542,18.8912,5.7237,33.2691,1496,2819,45,568,2,13,3,19,8,9,330.0,707.3,1265.7,0.0,2,2,2,0
pi4,wolfSSL,DEPLOY_RSA3072,TLS-checked,29,5.5627,20.9021,7.0119,33.4767,1496,2819,45,568,2,12,3,18,8,9,325.0,683.8,1254.9,0.0,2,2,2,0
pi4,wolfSSL,DEPLOY_RSA3072,TLS-checked,30,7.3428,20.7214,6.9734,35.0376,1496,2819,45,568,2,13,3,19,8,10,313.0,711.4,1261.3,0.0,2,2,2,0
pi4,wolfSSL,DEPLOY_RSA3072,TLS-checked,31,6.5140,21.2037,8.2213,35.9390,1496,2819,45,568,2,13,3,19,8,9,329.9,738.8,1288.8,0.0,2,2,2,0
pi4,wolfSSL,DEPLOY_RSA3072,TLS-checked,32,9.0757,16.3568,6.2914,31.7239,1496,2819,45,568,2,13,3,19,8,9,325.8,680.9,1253.8,0.0,2,2,2,0
pi4,wolfSSL,DEPLOY_RSA3072,TLS-checked,33,7.4706,13.8099,6.8097,28.0901,1496,2819,45,568,2,13,3,19,8,9,315.9,703.5,1250.1,0.0,2,2,2,0
pi4,wolfSSL,DEPLOY_RSA3072,TLS-checked,34,7.6390,12.2249,7.1399,27.0038,1496,2819,45,568,2,12,3,18,8,9,333.2,699.0,1294.7,0.0,2,2,2,0
pi4,wolfSSL,DEPLOY_RSA3072,TLS-checked,35,7.3720,14.6863,5.4695,27.5278,1496,2819,45,568,2,13,3,19,8,9,331.5,711.0,1261.3,0.0,2,2,2,0
pi4,wolfSSL,DEPLOY_RSA3072,TLS-checked,36,6.8750,12.3359,5.7091,24.9200,1496,2819,45,568,2,12,3,18,8,10,317.2,681.4,1253.5,0.0,2,2,2,0
pi4,wolfSSL,DEPLOY_RSA3072,TLS-checked,37,8.9517,16.8369,6.6511,32.4396,1496,2819,45,568,2,13,3,19,8,10,313.0,704.8,1261.4,0.0,2,2,2,0
pi4,wolfSSL,DEPLOY_RSA3072,TLS-checked,38,5.3338,17.1621,8.4842,30.9801,1496,2819,45,568,2,13,3,19,8,10,322.5,651.2,1130.6,0.0,2,2,2,0
pi4,wolfSSL,DEPLOY_RSA3072,TLS-checked,39,9.3300,11.2920,5.9172,26.5392,1496,2819,45,568,2,12,3,18,8,10,286.8,626.4,1100.4,0.0,2,2,2,0
pi4,wolfSSL,DEPLOY_RSA3072,TLS-checked,40,5.7626,17.4519,6.2040,29.4185,1496,2819,45,568,2,13,3,19,9,10,277.4,597.2,1095.2,0.0,2,2,2,0
pi4,wolfSSL,DEPLOY_RSA3072,TLS-checked,41,5.8152,19.2119,9.2483,34.2754,1496,2819,45,568,2,13,3,19,8,10,288.4,625.4,1445.3,0.0,2,2,2,0
pi4,wolfSSL,DEPLOY_RSA3072,TLS-checked,42,8.4126,19.0540,5.7253,33.1919,1496,2819,45,568,2,13,3,19,8,10,331.5,685.6,1255.8,0.0,2,2,2,0
pi4,wolfSSL,DEPLOY_RSA3072,TLS-checked,43,6.0590,18.5935,6.6468,31.2993,1496,2819,45,568,2,13,3,19,8,9,315.2,678.0,1251.6,0.0,2,2,2,0
pi4,wolfSSL,DEPLOY_RSA3072,TLS-checked,44,6.1751,16.1465,9.3583,31.6800,1496,2819,45,568,2,12,3,18,8,9,332.4,688.0,1261.0,0.0,2,2,2,0
pi4,wolfSSL,DEPLOY_RSA3072,TLS-checked,45,5.6792,18.1438,10.8375,34.6605,1496,2819,45,568,2,12,3,18,8,10,330.5,687.2,1298.6,0.0,2,2,2,0
pi4,wolfSSL,DEPLOY_RSA3072,TLS-checked,46,5.8091,11.9058,8.0502,25.7651,1496,2819,45,568,2,12,3,18,8,10,315.5,679.7,1291.6,0.0,2,2,2,0
pi4,wolfSSL,DEPLOY_RSA3072,TLS-checked,47,6.6576,15.0524,6.7785,28.4884,1496,2819,45,568,2,12,3,18,8,10,314.5,679.3,1251.8,0.0,2,2,2,0
pi4,wolfSSL,DEPLOY_RSA3072,TLS-checked,48,5.9439,18.0891,8.8035,32.8365,1496,2819,45,568,2,13,3,19,8,9,329.3,604.9,1106.4,0.0,2,2,2,0
pi4,wolfSSL,DEPLOY_RSA3072,TLS-checked,49,8.3911,17.4555,7.0218,32.8685,1496,2819,45,568,2,12,3,18,8,9,283.6,597.0,1132.6,0.0,2,2,2,0
pi4,wolfSSL,DEPLOY_RSA3072,mTLS,0,7.5084,30.6322,8.0075,46.1481,3032,3036,45,2744,4,15,5,21,10,11,138.3,278.6,744.3,13974.0,2,2,3,1
pi4,wolfSSL,DEPLOY_RSA3072,mTLS,1,5.1203,29.0981,8.7660,42.9844,3032,3036,45,2744,4,15,5,21,10,11,150.5,308.4,754.7,13968.9,2,2,3,1
pi4,wolfSSL,DEPLOY_RSA3072,mTLS,2,5.5878,34.7533,9.0216,49.3627,3032,3036,45,2744,4,15,5,21,10,11,146.0,279.0,743.5,13960.3,2,2,3,1
pi4,wolfSSL,DEPLOY_RSA3072,mTLS,3,6.1894,28.0875,8.1894,42.4663,3032,3036,45,2744,4,15,5,21,10,10,151.6,303.5,757.9,13969.5,2,2,3,1
pi4,wolfSSL,DEPLOY_RSA3072,mTLS,4,8.8405,31.5482,6.0207,46.4093,3032,3036,45,2744,4,15,5,21,10,11,151.4,280.3,750.2,13961.8,2,2,3,1
pi4,wolfSSL,DEPLOY_RSA3072,mTLS,5,7.0578,31.4241,5.9314,44.4133,3032,3036,45,2744,4,15,5,21,10,11,140.4,276.4,759.5,14065.5,2,2,3,1
pi4,wolfSSL,DEPLOY_RSA3072,mTLS,6,6.3986,30.4370,6.8074,43.6431,3032,3036,45,2744,4,15,5,21,10,11,153.9,284.2,746.6,13965.2,2,2,3,1
pi4,wolfSSL,DEPLOY_RSA3072,mTLS,7,5.6564,36.9337,7.1806,49.7707,3032,3036,45,2744,4,15,5,21,10,11,142.1,280.5,764.4,13999.7,2,2,3,1
pi4,wolfSSL,DEPLOY_RSA3072,mTLS,8,6.0321,30.9947,15.7433,52.7701,3032,3036,45,2744,4,16,5,22,10,10,154.7,281.3,761.0,13961.8,2,2,3,1
pi4,wolfSSL,DEPLOY_RSA3072,mTLS,9,6.3125,26.3367,6.2555,38.9048,3032,3036,45,2744,4,15,5,21,10,11,137.2,276.6,742.9,13963.0,2,2,3,1
pi4,wolfSSL,DEPLOY_RSA3072,mTLS,10,6.4129,27.5913,9.8339,43.8381,3032,3036,45,2744,4,16,5,22,10,11,154.3,283.4,767.1,13970.0,2,2,3,1
pi4,wolfSSL,DEPLOY_RSA3072,mTLS,11,5.9991,30.0666,7.1794,43.2451,3032,3036,45,2744,4,15,5,21,10,10,140.7,281.2,749.9,13957.7,2,2,3,1
pi4,wolfSSL,DEPLOY_RSA3072,mTLS,12,7.1406,43.2988,6.4545,56.8940,3032,3036,45,2744,4,15,5,21,10,11,152.5,302.3,754.4,13996.1,2,2,3,1
pi4,wolfSSL,DEPLOY_RSA3072,mTLS,13,5.9941,29.4783,7.6349,43.1073,3032,3036,45,2744,4,16,5,22,10,10,146.4,278.2,745.6,13958.8,2,2,3,1
pi4,wolfSSL,DEPLOY_RSA3072,mTLS,14,6.3289,26.2428,6.0055,38.5771,3032,3036,45,2744,4,15,5,21,10,11,138.8,305.3,758.7,13965.9,2,2,3,1
pi4,wolfSSL,DEPLOY_RSA3072,mTLS,15,5.8057,26.8290,5.7155,38.3502,3032,3036,45,2744,4,15,5,21,10,10,147.5,279.4,755.5,13956.1,2,2,3,1
pi4,wolfSSL,DEPLOY_RSA3072,mTLS,16,5.5202,31.3099,5.5198,42.3500,3032,3036,45,2744,4,15,5,21,10,11,138.8,275.4,763.5,14087.3,2,2,3,1
pi4,wolfSSL,DEPLOY_RSA3072,mTLS,17,5.3155,25.1644,8.4598,38.9397,3032,3036,45,2744,4,15,5,21,10,10,155.0,323.0,760.7,13988.9,2,2,3,1
pi4,wolfSSL,DEPLOY_RSA3072,mTLS,18,5.4961,28.1831,5.9968,39.6760,3032,3036,45,2744,4,15,5,21,10,11,148.8,281.8,746.2,13962.1,2,2,3,1
pi4,wolfSSL,DEPLOY_RSA3072,mTLS,19,7.9262,27.1913,5.0062,40.1237,3032,3036,45,2744,4,15,5,21,10,10,149.2,306.5,752.6,13972.5,2,2,3,1
pi4,wolfSSL,DEPLOY_RSA3072,mTLS,20,4.6865,25.9235,6.6010,37.2111,3032,3036,45,2744,4,15,5,21,10,11,153.2,284.5,749.2,13966.2,2,2,3,1
pi4,wolfSSL,DEPLOY_RSA3072,mTLS,21,9.6915,28.3384,5.8685,43.8984,3032,3036,45,2744,4,15,5,21,10,10,141.8,279.6,761.4,14102.6,2,2,3,1
pi4,wolfSSL,DEPLOY_RSA3072,mTLS,22,6.3722,29.7604,7.1063,43.2388,3032,3036,45,2744,4,15,5,21,10,11,154.5,283.8,746.2,13964.1,2,2,3,1
pi4,wolfSSL,DEPLOY_RSA3072,mTLS,23,9.6285,27.6170,11.0761,48.3216,3032,3036,45,2744,4,15,5,21,10,10,141.0,276.9,740.3,13957.8,2,2,3,1
pi4,wolfSSL,DEPLOY_RSA3072,mTLS,24,6.4303,29.4810,5.7600,41.6712,3032,3036,45,2744,4,15,5,21,10,11,151.7,285.5,751.8,13965.4,2,2,3,1
pi4,wolfSSL,DEPLOY_RSA3072,mTLS,25,6.0283,39.5366,5.9955,51.5603,3032,3036,45,2744,4,15,5,21,10,11,142.5,278.9,744.4,13955.7,2,2,3,1
pi4,wolfSSL,DEPLOY_RSA3072,mTLS,26,10.8041,27.5901,8.3900,46.7842,3032,3036,45,2744,4,15,5,21,10,11,156.5,285.3,753.7,13965.7,2,2,3,1
pi4,wolfSSL,DEPLOY_RSA3072,mTLS,27,6.1141,35.7864,7.7684,49.6688,3032,3036,45,2744,4,15,5,21,10,10,141.6,279.3,743.9,13968.0,2,2,3,1
pi4,wolfSSL,DEPLOY_RSA3072,mTLS,28,7.8756,32.0837,14.9229,54.8822,3032,3036,45,2744,4,15,5,21,10,10,140.0,308.7,754.1,13974.2,2,2,3,1
pi4,wolfSSL,DEPLOY_RSA3072,mTLS,29,6.9820,33.6933,8.0947,48.7700,3032,3036,45,2744,4,15,5,21,10,10,146.7,278.7,745.7,13970.3,2,2,3,1
pi4,wolfSSL,DEPLOY_RSA3072,mTLS,30,4.7746,32.7669,29.7405,67.2819,3032,3036,45,2744,4,15,5,21,10,10,151.3,310.6,753.8,13961.5,2,2,3,1
pi4,wolfSSL,DEPLOY_RSA3072,mTLS,31,5.7241,27.7222,5.8525,39.2988,3032,3036,45,2744,4,15,5,21,10,11,146.3,295.3,742.9,13964.8,2,2,3,1
pi4,wolfSSL,DEPLOY_RSA3072,mTLS,32,8.2194,29.6182,8.5491,46.3867,3032,3036,45,2744,4,15,5,21,10,11,175.0,298.3,752.0,13967.5,2,2,3,1
pi4,wolfSSL,DEPLOY_RSA3072,mTLS,33,5.1843,29.7308,12.9726,47.8877,3032,3036,45,2744,4,15,5,21,10,11,142.6,278.0,741.0,13970.1,2,2,3,1
pi4,wolfSSL,DEPLOY_RSA3072,mTLS,34,5.9365,30.3538,7.0023,43.2927,3032,3036,45,2744,4,15,5,21,10,10,159.6,320.9,752.8,13957.5,2,2,3,1
pi4,wolfSSL,DEPLOY_RSA3072,mTLS,35,5.3839,29.5171,10.5135,45.4145,3032,3036,45,2744,4,16,5,22,10,11,143.8,280.3,742.3,13965.5,2,2,3,1
pi4,wolfSSL,DEPLOY_RSA3072,mTLS,36,5.6799,30.9072,7.1478,43.7350,3032,3036,45,2744,4,15,5,21,10,11,142.1,301.8,763.8,13983.3,2,2,3,1
pi4,wolfSSL,DEPLOY_RSA3072,mTLS,37,5.7894,29.7537,9.6666,45.2097,3032,3036,45,2744,4,15,5,21,10,10,152.3,282.5,744.2,13970.2,2,2,3,1
pi4,wolfSSL,DEPLOY_RSA3072,mTLS,38,10.5513,32.3210,10.6028,53.4752,3032,3036,45,2744,4,15,5,21,10,10,146.0,280.6,823.8,14039.9,2,2,3,1
pi4,wolfSSL,DEPLOY_RSA3072,mTLS,39,7.6020,32.8696,9.4443,49.9158,3032,3036,45,2744,4,15,5,21,10,10,154.7,295.3,751.6,13968.0,2,2,3,1
pi4,wolfSSL,DEPLOY_RSA3072,mTLS,40,11.6634,28.0156,6.3598,46.0388,3032,3036,45,2744,4,15,5,21,10,11,152.0,284.0,777.7,13989.5,2,2,3,1
pi4,wolfSSL,DEPLOY_RSA3072,mTLS,41,5.3591,28.4150,5.3965,39.1706,3032,3036,45,2744,4,15,5,21,10,11,155.2,286.0,745.5,13962.2,2,2,3,1
pi4,wolfSSL,DEPLOY_RSA3072,mTLS,42,5.2196,28.7903,6.9714,40.9813,3032,3036,45,2744,4,16,5,22,10,11,140.8,277.7,740.6,13957.1,2,2,3,1
pi4,wolfSSL,DEPLOY_RSA3072,mTLS,43,5.8995,28.6409,5.5459,40.0863,3032,3036,45,2744,4,15,5,21,10,11,153.6,283.8,750.2,13967.5,2,2,3,1
pi4,wolfSSL,DEPLOY_RSA3072,mTLS,44,6.2638,27.1163,6.6639,40.0441,3032,3036,45,2744,4,15,5,21,10,11,141.6,277.1,744.3,13959.6,2,2,3,1
pi4,wolfSSL,DEPLOY_RSA3072,mTLS,45,7.5320,27.6539,7.3049,42.4907,3032,3036,45,2744,4,15,5,21,10,10,142.5,278.4,777.2,13993.2,2,2,3,1
pi4,wolfSSL,DEPLOY_RSA3072,mTLS,46,5.2309,28.6552,5.6656,39.5517,3032,3036,45,2744,4,15,5,21,10,11,152.6,284.7,745.3,13960.8,2,2,3,1
pi4,wolfSSL,DEPLOY_RSA3072,mTLS,47,5.9230,29.9575,5.6722,41.5527,3032,3036,45,2744,4,15,5,21,10,11,140.8,277.3,742.5,13963.5,2,2,3,1
pi4,wolfSSL,DEPLOY_RSA3072,mTLS,48,5.3765,31.2336,5.7708,42.3809,3032,3036,45,2744,4,15,5,21,10,11,158.7,288.3,752.5,13964.2,2,2,3,1
pi4,wolfSSL,DEPLOY_RSA3072,mTLS,49,6.3122,30.4970,10.5882,47.3974,3032,3036,45,2744,4,15,5,21,10,11,141.8,279.7,743.0,13963.9,2,2,3,1
pi4,wolfSSL,DEPLOY_RSA3072,mTLS-checked,0,8.2743,28.8070,6.1519,43.2332,3032,3036,45,2744,4,15,5,21,10,11,152.5,282.0,747.2,13963.8,2,2,3,1
pi4,wolfSSL,DEPLOY_RSA3072,mTLS-checked,1,5.9663,35.0085,6.3917,47.3665,3032,3036,45,2744,4,15,5,21,10,10,140.4,276.2,767.0,14042.4,2,2,3,1
pi4,wolfSSL,DEPLOY_RSA3072,mTLS-checked,2,5.3829,31.0509,7.7730,44.2069,3032,3036,45,2744,4,15,5,21,10,10,152.6,282.1,750.7,13963.3,2,2,3,1
pi4,wolfSSL,DEPLOY_RSA3072,mTLS-checked,3,4.7298,30.2265,7.8805,42.8368,3032,3036,45,2744,4,15,5,21,10,11,137.0,281.8,745.2,13964.7,2,2,3,1
pi4,wolfSSL,DEPLOY_RSA3072,mTLS-checked,4,6.3676,26.9421,5.2082,38.5180,3032,3036,45,2744,4,15,5,21,10,10,152.4,321.3,752.9,13975.2,2,2,3,1
pi4,wolfSSL,DEPLOY_RSA3072,mTLS-checked,5,6.0092,27.1412,6.6975,39.8479,3032,3036,45,2744,4,15,5,21,10,11,143.8,277.4,752.6,13961.2,2,2,3,1
pi4,wolfSSL,DEPLOY_RSA3072,mTLS-checked,6,8.4290,29.5314,6.6144,44.5748,3032,3036,45,2744,4,15,5,21,10,10,137.1,352.2,775.8,14004.4,2,2,3,1
pi4,wolfSSL,DEPLOY_RSA3072,mTLS-checked,7,5.7280,28.9058,5.4680,40.1018,3032,3036,45,2744,4,15,5,21,10,11,153.6,292.8,751.9,13966.2,2,2,3,1
pi4,wolfSSL,DEPLOY_RSA3072,mTLS-checked,8,5.2708,24.7831,5.2273,35.2813,3032,3036,45,2744,4,15,5,21,10,10,149.8,283.2,750.6,13975.5,2,2,3,1
pi4,wolfSSL,DEPLOY_RSA3072,mTLS-checked,9,7.3468,24.4722,6.9155,38.7346,3032,3036,45,2744,4,15,5,21,10,11,155.1,285.9,773.9,13969.8,2,2,3,1
pi4,wolfSSL,DEPLOY_RSA3072,mTLS-checked,10,7.5464,30.4257,14.7169,52.6890,3032,3036,45,2744,4,15,5,21,10,11,154.9,286.4,746.9,13966.3,2,2,3,1
pi4,wolfSSL,DEPLOY_RSA3072,mTLS-checked,11,5.9038,29.1820,4.8258,39.9115,3032,3036,45,2744,4,15,5,21,11,12,143.3,301.5,767.6,13991.0,2,2,3,1
pi4,wolfSSL,DEPLOY_RSA3072,mTLS-checked,12,7.1869,26.4408,5.7307,39.3584,3032,3036,45,2744,4,15,5,21,10,11,152.9,283.3,747.7,13966.1,2,2,3,1
pi4,wolfSSL,DEPLOY_RSA3072,mTLS-checked,13,6.1160,27.8571,7.5248,41.4979,3032,3036,45,2744,4,15,5,21,10,12,139.8,279.4,758.6,14044.4,2,2,3,1
pi4,wolfSSL,DEPLOY_RSA3072,mTLS-checked,14,6.6778,27.7201,6.6049,41.0028,3032,3036,45,2744,4,16,5,22,10,11,152.6,283.1,768.3,13970.9,2,2,3,1
pi4,wolfSSL,DEPLOY_RSA3072,mTLS-checked,15,6.9283,29.7046,7.6260,44.2590,3032,3036,45,2744,4,15,5,21,10,11,140.1,277.1,744.7,13966.2,2,2,3,1
pi4,wolfSSL,DEPLOY_RSA3072,mTLS-checked,16,5.9694,30.6575,16.8682,53.4952,3032,3036,45,2744,4,15,5,21,10,11,157.3,307.9,752.2,13971.7,2,2,3,1
pi4,wolfSSL,DEPLOY_RSA3072,mTLS-checked,17,17.4222,27.5098,7.3838,52.3158,3032,3036,45,2744,4,15,5,21,10,11,150.2,279.7,748.1,13962.0,2,2,3,1
pi4,wolfSSL,DEPLOY_RSA3072,mTLS-checked,18,6.5290,31.2262,13.5162,51.2714,3032,3036,45,2744,4,15,5,21,10,11,153.0,303.7,771.8,13994.7,2,2,3,1
pi4,wolfSSL,DEPLOY_RSA3072,mTLS-checked,19,6.4752,31.2127,9.0439,46.7318,3032,3036,45,2744,4,15,5,21,10,11,145.7,281.2,750.6,13963.2,2,2,3,1
pi4,wolfSSL,DEPLOY_RSA3072,mTLS-checked,20,6.3422,28.0990,5.1890,39.6302,3032,3036,45,2744,4,15,5,21,10,11,151.4,308.4,753.0,13973.9,2,2,3,1
pi4,wolfSSL,DEPLOY_RSA3072,mTLS-checked,21,9.5778,27.6240,5.1483,42.3501,3032,3036,45,2744,4,15,5,21,10,11,146.9,279.6,745.0,13966.4,2,2,3,1
pi4,wolfSSL,DEPLOY_RSA3072,mTLS-checked,22,5.7412,31.5674,6.0463,43.3549,3032,3036,45,2744,4,15,5,21,10,11,138.7,299.2,761.7,13983.6,2,2,3,1
pi4,wolfSSL,DEPLOY_RSA3072,mTLS-checked,23,5.0142,29.8592,5.3179,40.1913,3032,3036,45,2744,4,15,5,21,11,12,171.0,284.7,748.7,13966.0,2,2,3,1
pi4,wolfSSL,DEPLOY_RSA3072,mTLS-checked,24,5.9225,27.8405,7.8143,41.5773,3032,3036,45,2744,4,15,5,21,10,11,140.6,277.1,772.0,13986.0,2,2,3,1
pi4,wolfSSL,DEPLOY_RSA3072,mTLS-checked,25,5.6414,29.2522,5.3933,40.2869,3032,3036,45,2744,4,15,5,21,10,11,153.1,304.3,750.9,13976.9,2,2,3,1
pi4,wolfSSL,DEPLOY_RSA3072,mTLS-checked,26,8.9511,31.5236,6.3268,46.8016,3032,3036,45,2744,4,16,5,22,10,11,144.1,280.1,755.5,13964.1,2,2,3,1
pi4,wolfSSL,DEPLOY_RSA3072,mTLS-checked,27,6.0864,32.7083,7.4610,46.2558,3032,3036,45,2744,4,15,5,21,10,11,155.0,287.5,763.6,13981.1,2,2,3,1
pi4,wolfSSL,DEPLOY_RSA3072,mTLS-checked,28,5.4779,29.8828,6.4985,41.8593,3032,3036,45,2744,4,15,5,21,10,10,161.0,282.3,756.9,13960.3,2,2,3,1
pi4,wolfSSL,DEPLOY_RSA3072,mTLS-checked,29,5.4600,30.8934,9.0894,45.4428,3032,3036,45,2744,4,15,5,21,10,10,136.3,309.1,769.8,14009.2,2,2,3,1
pi4,wolfSSL,DEPLOY_RSA3072,mTLS-checked,30,7.1415,30.4821,6.2493,43.8730,3032,3036,45,2744,4,16,5,22,10,11,154.5,282.7,753.1,13966.8,2,2,3,1
pi4,wolfSSL,DEPLOY_RSA3072,mTLS-checked,31,4.4082,30.9959,7.6532,43.0573,3032,3036,45,2744,4,15,5,21,10,11,143.3,279.0,757.9,14047.5,2,2,3,1
pi4,wolfSSL,DEPLOY_RSA3072,mTLS-checked,32,5.7634,32.6797,8.6126,47.0557,3032,3036,45,2744,4,15,5,21,10,11,152.3,299.7,753.5,13971.6,2,2,3,1
pi4,wolfSSL,DEPLOY_RSA3072,mTLS-checked,33,7.3778,27.2300,7.1233,41.7311,3032,3036,45,2744,4,15,5,21,10,11,144.3,278.9,745.3,13957.0,2,2,3,1
pi4,wolfSSL,DEPLOY_RSA3072,mTLS-checked,34,8.5550,33.1896,6.7490,48.4936,3032,3036,45,2744,4,15,5,21,10,11,152.1,302.6,751.6,13966.2,2,2,3,1
pi4,wolfSSL,DEPLOY_RSA3072,mTLS-checked,35,5.4138,31.4616,11.3415,48.2169,3032,3036,45,2744,4,15,5,21,10,10,146.0,278.6,748.1,13964.7,2,2,3,1
pi4,wolfSSL,DEPLOY_RSA3072,mTLS-checked,36,5.0935,32.9641,6.0594,44.1170,3032,3036,45,2744,4,16,5,22,10,11,155.0,286.4,775.4,13975.2,2,2,3,1
pi4,wolfSSL,DEPLOY_RSA3072,mTLS-checked,37,5.7542,31.4143,6.5065,43.6751,3032,3036,45,2744,4,15,5,21,11,13,150.2,282.2,753.0,13963.5,2,2,3,1
pi4,wolfSSL,DEPLOY_RSA3072,mTLS-checked,38,6.7860,30.7580,8.9355,46.4795,3032,3036,45,2744,4,15,5,21,10,11,146.3,299.9,785.6,13973.7,2,2,3,1
pi4,wolfSSL,DEPLOY_RSA3072,mTLS-checked,39,4.1030,33.0144,7.1539,44.2713,3032,3036,45,2744,4,15,5,21,10,11,152.9,283.2,759.3,13960.0,2,2,3,1
pi4,wolfSSL,DEPLOY_RSA3072,mTLS-checked,40,6.5462,29.7086,11.7590,48.0137,3032,3036,45,2744,4,16,5,22,10,11,140.2,303.4,755.3,13975.9,2,2,3,1
pi4,wolfSSL,DEPLOY_RSA3072,mTLS-checked,41,5.3878,32.7806,11.4725,49.6409,3032,3036,45,2744,4,16,5,22,10,11,152.6,283.7,751.7,13984.9,2,2,3,1
pi4,wolfSSL,DEPLOY_RSA3072,mTLS-checked,42,11.2815,26.7352,9.9787,47.9955,3032,3036,45,2744,4,15,5,21,10,10,141.5,277.7,782.8,13975.4,2,2,3,1
pi4,wolfSSL,DEPLOY_RSA3072,mTLS-checked,43,4.5381,32.7501,9.7711,47.0593,3032,3036,45,2744,4,15,5,21,10,11,154.2,285.0,752.9,13968.1,2,2,3,1
pi4,wolfSSL,DEPLOY_RSA3072,mTLS-checked,44,7.8457,30.8287,5.9939,44.6683,3032,3036,45,2744,4,15,5,21,10,11,138.8,276.3,756.4,14087.8,2,2,3,1
pi4,wolfSSL,DEPLOY_RSA3072,mTLS-checked,45,7.0068,33.9794,7.4454,48.4316,3032,3036,45,2744,4,15,5,21,10,11,150.4,304.9,752.9,13968.8,2,2,3,1
pi4,wolfSSL,DEPLOY_RSA3072,mTLS-checked,46,6.9498,36.3396,6.3085,49.5979,3032,3036,45,2744,4,15,5,21,10,10,143.8,281.3,759.4,14077.9,2,2,3,1
pi4,wolfSSL,DEPLOY_RSA3072,mTLS-checked,47,5.0244,33.9748,5.8310,44.8302,3032,3036,45,2744,4,16,5,22,10,10,150.9,302.6,751.6,13972.0,2,2,3,1
pi4,wolfSSL,DEPLOY_RSA3072,mTLS-checked,48,5.6935,30.5513,6.2804,42.5251,3032,3036,45,2744,4,16,5,22,10,11,143.7,280.9,746.5,13960.5,2,2,3,1
pi4,wolfSSL,DEPLOY_RSA3072,mTLS-checked,49,5.3199,29.5462,8.2961,43.1622,3032,3036,45,2744,4,15,5,21,10,10,152.1,285.0,769.3,13979.9,2,2,3,1
pi4,OpenSSL,DEPLOY_ECDSAP256,TLS,0,6.4368,9.5275,7.0575,23.0217,1568,1888,45,568,2,12,3,18,9,11,402.5,537.5,847.0,0.0,1,1,2,0
pi4,OpenSSL,DEPLOY_ECDSAP256,TLS,1,5.7675,11.0753,7.9346,24.7774,1568,1888,45,568,2,13,3,19,9,9,396.7,509.5,836.0,0.0,1,1,2,0
pi4,OpenSSL,DEPLOY_ECDSAP256,TLS,2,6.5484,15.9205,6.0369,28.5058,1568,1888,45,568,2,13,3,19,9,9,398.7,508.4,812.7,0.0,1,1,2,0
pi4,OpenSSL,DEPLOY_ECDSAP256,TLS,3,7.3839,13.7944,7.5308,28.7091,1568,1889,45,568,2,12,3,18,9,11,391.2,506.0,797.6,0.0,1,1,2,0
pi4,OpenSSL,DEPLOY_ECDSAP256,TLS,4,5.3236,11.8572,5.7369,22.9178,1568,1889,45,568,2,13,3,19,9,11,435.4,522.8,813.5,0.0,1,1,2,0
pi4,OpenSSL,DEPLOY_ECDSAP256,TLS,5,5.3515,12.5283,8.2718,26.1515,1568,1889,45,568,2,13,3,19,9,10,390.8,507.3,825.7,0.0,1,1,2,0
pi4,OpenSSL,DEPLOY_ECDSAP256,TLS,6,6.9091,9.7077,7.3727,23.9895,1568,1887,45,568,2,12,3,18,9,9,392.9,507.5,796.6,0.0,1,1,2,0
pi4,OpenSSL,DEPLOY_ECDSAP256,TLS,7,6.7835,10.8707,6.4479,24.1021,1568,1888,45,568,2,12,3,18,9,9,392.4,505.1,798.4,0.0,1,1,2,0
pi4,OpenSSL,DEPLOY_ECDSAP256,TLS,8,4.8575,14.1058,6.4037,25.3671,1568,1888,45,568,2,13,3,19,9,10,405.6,518.2,813.4,0.0,1,1,2,0
pi4,OpenSSL,DEPLOY_ECDSAP256,TLS,9,4.9727,9.5768,8.9575,23.5069,1568,1888,45,568,2,12,3,18,9,9,390.1,506.9,798.5,0.0,1,1,2,0
pi4,OpenSSL,DEPLOY_ECDSAP256,TLS,10,8.7788,15.3007,7.3368,31.4163,1568,1889,45,568,2,12,3,18,9,10,397.8,509.4,801.7,0.0,1,1,2,0
pi4,OpenSSL,DEPLOY_ECDSAP256,TLS,11,6.3428,12.0191,6.2437,24.6056,1568,1889,45,568,2,13,3,19,9,10,390.6,509.2,801.1,0.0,1,1,2,0
pi4,OpenSSL,DEPLOY_ECDSAP256,TLS,12,5.5090,13.0609,6.3336,24.9035,1568,1888,45,568,2,12,3,18,9,10,397.9,508.3,805.1,0.0,1,1,2,0
pi4,OpenSSL,DEPLOY_ECDSAP256,TLS,13,5.5829,10.9837,10.1451,26.7117,1568,1887,45,568,2,12,3,18,9,10,391.8,533.6,807.9,0.0,1,1,2,0
pi4,OpenSSL,DEPLOY_ECDSAP256,TLS,14,6.3773,11.7796,7.2158,25.3727,1568,1888,45,568,2,12,3,18,9,11,393.5,506.3,799.0,0.0,1,1,2,0
pi4,OpenSSL,DEPLOY_ECDSAP256,TLS,15,5.2010,17.8771,5.7055,28.7835,1568,1887,45,568,2,12,3,18,12,10,397.3,537.0,1024.8,0.0,1,1,2,0
pi4,OpenSSL,DEPLOY_ECDSAP256,TLS,16,6.9853,9.3590,7.9834,24.3277,1568,1888,45,568,2,12,3,18,9,9,397.3,511.1,834.9,0.0,1,1,2,0
pi4,OpenSSL,DEPLOY_ECDSAP256,TLS,17,6.1711,10.1666,7.2681,23.6059,1568,1888,45,568,2,12,3,18,9,10,405.7,511.9,835.7,0.0,1,1,2,0
pi4,OpenSSL,DEPLOY_ECDSAP256,TLS,18,6.1638,13.2109,6.8213,26.1960,1568,1888,45,568,2,13,3,19,9,10,393.8,507.9,800.7,0.0,1,1,2,0
pi4,OpenSSL,DEPLOY_ECDSAP256,TLS,19,6.2472,13.6176,5.1995,25.0643,1568,1888,45,568,2,12,3,18,9,9,390.3,507.6,844.5,0.0,1,1,2,0
pi4,OpenSSL,DEPLOY_ECDSAP256,TLS,20,4.6184,9.3223,6.6060,20.5467,1568,1889,45,568,2,13,3,19,9,10,395.8,508.4,809.4,0.0,1,1,2,0
pi4,OpenSSL,DEPLOY_ECDSAP256,TLS,21,4.4249,11.4255,8.5194,24.3698,1568,1888,45,568,2,13,3,19,9,10,393.9,538.7,823.5,0.0,1,1,2,0
pi4,OpenSSL,DEPLOY_ECDSAP256,TLS,22,7.5029,13.1671,6.2707,26.9406,1568,1888,45,568,2,12,3,18,9,10,394.7,522.3,802.4,0.0,1,1,2,0
pi4,OpenSSL,DEPLOY_ECDSAP256,TLS,23,5.9448,9.9920,9.5549,25.4917,1568,1888,45,568,2,12,3,18,9,10,394.3,505.9,834.2,0.0,1,1,2,0
pi4,OpenSSL,DEPLOY_ECDSAP256,TLS,24,6.3088,10.5895,5.8146,22.7129,1568,1887,45,568,2,12,3,18,9,11,396.8,512.2,808.1,0.0,1,1,2,0
pi4,OpenSSL,DEPLOY_ECDSAP256,TLS,25,5.8925,9.5431,4.8714,20.3070,1568,1887,45,568,2,12,3,18,9,10,390.9,534.4,852.4,0.0,1,1,2,0
pi4,OpenSSL,DEPLOY_ECDSAP256,TLS,26,9.1417,10.5985,7.6932,27.4334,1568,1889,45,568,2,12,3,18,9,10,393.1,510.0,802.2,0.0,1,1,2,0
pi4,OpenSSL,DEPLOY_ECDSAP256,TLS,27,5.3385,10.2293,10.4593,26.0272,1568,1889,45,568,2,12,3,18,9,10,390.4,512.7,805.8,0.0,1,1,2,0
pi4,OpenSSL,DEPLOY_ECDSAP256,TLS,28,5.4201,9.2274,5.7437,20.3912,1568,1889,45,568,2,12,3,18,9,9,406.2,551.6,810.8,0.0,1,1,2,0
pi4,OpenSSL,DEPLOY_ECDSAP256,TLS,29,6.5333,9.8348,5.3863,21.7543,1568,1887,45,568,2,12,3,18,9,10,402.8,510.7,837.4,0.0,1,1,2,0
pi4,OpenSSL,DEPLOY_ECDSAP256,TLS,30,6.2017,14.8273,8.2733,29.3023,1568,1888,45,568,2,13,3,19,9,10,397.7,517.9,812.0,0.0,1,1,2,0
pi4,OpenSSL,DEPLOY_ECDSAP256,TLS,31,5.5493,9.9851,6.9163,22.4507,1568,1888,45,568,2,12,3,18,9,10,393.4,508.8,802.0,0.0,1,1,2,0
pi4,OpenSSL,DEPLOY_ECDSAP256,TLS,32,4.2375,12.6016,6.6906,23.5297,1568,1889,45,568,2,12,3,18,9,10,408.5,518.3,805.4,0.0,1,1,2,0
pi4,OpenSSL,DEPLOY_ECDSAP256,TLS,33,5.9289,10.8476,7.6974,24.4739,1568,1888,45,568,2,13,3,19,9,10,417.7,522.3,804.2,0.0,1,1,2,0
pi4,OpenSSL,DEPLOY_ECDSAP256,TLS,34,5.8472,13.2207,5.3089,24.3768,1568,1888,45,568,2,13,3,19,9,10,399.5,509.5,811.2,0.0,1,1,2,0
pi4,OpenSSL,DEPLOY_ECDSAP256,TLS,35,6.3917,11.8752,7.1219,25.3889,1568,1887,45,568,2,12,3,18,9,9,393.4,504.5,806.2,0.0,1,1,2,0
pi4,OpenSSL,DEPLOY_ECDSAP256,TLS,36,4.6490,11.3965,6.3668,22.4123,1568,1889,45,568,2,12,3,18,9,10,651.8,524.7,843.9,0.0,1,1,2,0
pi4,OpenSSL,DEPLOY_ECDSAP256,TLS,37,5.0686,10.1468,6.8982,22.1136,1568,1889,45,568,2,12,3,18,9,10,393.5,507.1,800.2,0.0,1,1,2,0
pi4,OpenSSL,DEPLOY_ECDSAP256,TLS,38,4.7001,9.4520,7.9551,22.1072,1568,1888,45,568,2,12,3,18,9,10,405.8,512.2,809.9,0.0,1,1,2,0
pi4,OpenSSL,DEPLOY_ECDSAP256,TLS,39,8.0812,14.2245,5.7911,28.0968,1568,1889,45,568,2,12,3,18,9,9,395.5,529.2,800.8,0.0,1,1,2,0
pi4,OpenSSL,DEPLOY_ECDSAP256,TLS,40,7.3092,9.5211,7.4958,24.3260,1568,1888,45,568,2,12,3,18,9,9,390.2,537.7,854.2,0.0,1,1,2,0
pi4,OpenSSL,DEPLOY_ECDSAP256,TLS,41,4.5748,9.9176,6.5776,21.0699,1568,1888,45,568,2,12,3,18,9,10,397.0,507.5,804.8,0.0,1,1,2,0
pi4,OpenSSL,DEPLOY_ECDSAP256,TLS,42,6.1458,11.3661,12.6758,30.1876,1568,1888,45,568,2,13,3,19,9,9,411.3,516.9,811.9,0.0,1,1,2,0
pi4,OpenSSL,DEPLOY_ECDSAP256,TLS,43,5.8774,13.1068,7.4302,26.4144,1568,1889,45,568,2,12,3,18,9,10,391.8,508.1,797.3,0.0,1,1,2,0
pi4,OpenSSL,DEPLOY_ECDSAP256,TLS,44,7.0248,11.6411,6.8936,25.5595,1568,1887,45,568,2,13,3,19,9,10,412.9,517.7,812.0,0.0,1,1,2,0
pi4,OpenSSL,DEPLOY_ECDSAP256,TLS,45,7.4934,10.7443,7.1856,25.4233,1568,1888,45,568,2,13,3,19,9,9,391.5,504.5,804.4,0.0,1,1,2,0
pi4,OpenSSL,DEPLOY_ECDSAP256,TLS,46,11.7942,16.2064,8.3588,36.3595,1568,1887,45,568,2,13,3,19,9,10,403.7,506.8,809.5,0.0,1,1,2,0
pi4,OpenSSL,DEPLOY_ECDSAP256,TLS,47,6.8913,9.3747,6.2925,22.5586,1568,1888,45,568,2,12,3,18,9,10,391.3,504.0,799.8,0.0,1,1,2,0
pi4,OpenSSL,DEPLOY_ECDSAP256,TLS,48,6.0138,13.4066,10.3038,29.7242,1568,1888,45,568,2,13,3,19,9,9,399.3,513.3,815.6,0.0,1,1,2,0
pi4,OpenSSL,DEPLOY_ECDSAP256,TLS,49,4.7916,14.3947,7.7206,26.9069,1568,1888,45,568,2,13,3,19,9,10,392.2,534.5,812.8,0.0,1,1,2,0
pi4,OpenSSL,DEPLOY_ECDSAP256,TLS-checked,0,8.6335,14.1990,7.0241,29.8566,1568,1887,45,568,2,13,3,19,9,10,413.0,506.1,1141.9,0.0,1,1,2,0
pi4,OpenSSL,DEPLOY_ECDSAP256,TLS-checked,1,7.3409,12.2694,4.6663,24.2766,1568,1889,45,568,2,12,3,18,9,10,404.2,510.5,1153.2,0.0,1,1,2,0
pi4,OpenSSL,DEPLOY_ECDSAP256,TLS-checked,2,10.1971,14.0076,6.2589,30.4636,1568,1888,45,568,2,13,3,19,9,9,408.0,504.8,1143.6,0.0,1,1,2,0
pi4,OpenSSL,DEPLOY_ECDSAP256,TLS-checked,3,8.6930,11.7112,9.6418,30.0461,1568,1889,45,568,2,12,3,18,9,9,404.0,508.3,1191.0,0.0,1,1,2,0
pi4,OpenSSL,DEPLOY_ECDSAP256,TLS-checked,4,7.3340,11.6508,5.5012,24.4860,1568,1888,45,568,2,13,3,19,9,10,391.0,506.2,1230.4,0.0,1,1,2,0
pi4,OpenSSL,DEPLOY_ECDSAP256,TLS-checked,5,5.5744,23.9945,7.0142,36.5830,1568,1888,45,568,2,12,3,18,10,11,395.5,508.0,1192.6,0.0,1,1,2,0
pi4,OpenSSL,DEPLOY_ECDSAP256,TLS-checked,6,4.5389,13.9843,8.1976,26.7209,1568,1888,45,568,2,12,3,18,9,10,401.7,547.2,1151.1,0.0,1,1,2,0
pi4,OpenSSL,DEPLOY_ECDSAP256,TLS-checked,7,15.0999,17.9951,5.0668,38.1618,1568,1888,45,568,2,13,3,19,9,10,400.9,512.8,1151.3,0.0,1,1,2,0
pi4,OpenSSL,DEPLOY_ECDSAP256,TLS-checked,8,7.2567,10.4190,8.7059,26.3817,1568,1889,45,568,2,12,3,18,9,10,394.8,508.7,1148.5,0.0,1,1,2,0
pi4,OpenSSL,DEPLOY_ECDSAP256,TLS-checked,9,5.4116,15.4779,8.5325,29.4220,1568,1889,45,568,2,13,3,19,9,8,394.3,504.5,1335.2,0.0,1,1,2,0
pi4,OpenSSL,DEPLOY_ECDSAP256,TLS-checked,10,7.8449,13.5293,7.5571,28.9312,1568,1889,45,568,2,12,3,18,9,9,395.4,512.8,1144.6,0.0,1,1,2,0
pi4,OpenSSL,DEPLOY_ECDSAP256,TLS-checked,11,6.7815,13.1999,6.4850,26.4663,1568,1888,45,568,2,13,3,19,9,10,403.4,535.9,1151.5,0.0,1,1,2,0
pi4,OpenSSL,DEPLOY_ECDSAP256,TLS-checked,12,6.6436,14.3136,7.2992,28.2563,1568,1887,45,568,2,12,3,18,9,10,409.3,506.4,1140.0,0.0,1,1,2,0
pi4,OpenSSL,DEPLOY_ECDSAP256,TLS-checked,13,6.2162,9.5589,5.5432,21.3183,1568,1889,45,568,2,12,3,18,9,10,441.3,518.0,1187.6,0.0,1,1,2,0
pi4,OpenSSL,DEPLOY_ECDSAP256,TLS-checked,14,6.9406,19.2319,6.8090,32.9815,1568,1888,45,568,2,13,3,19,9,9,394.7,506.0,1172.9,0.0,1,1,2,0
pi4,OpenSSL,DEPLOY_ECDSAP256,TLS-checked,15,5.9752,11.9455,6.6214,24.5420,1568,1889,45,568,2,13,3,19,9,10,403.9,509.8,1151.4,0.0,1,1,2,0
pi4,OpenSSL,DEPLOY_ECDSAP256,TLS-checked,16,6.1198,12.6035,10.2578,28.9812,1568,1887,45,568,2,13,3,19,9,10,393.3,506.4,1146.0,0.0,1,1,2,0
pi4,OpenSSL,DEPLOY_ECDSAP256,TLS-checked,17,7.0729,11.7093,6.4124,25.1946,1568,1888,45,568,2,13,3,19,9,10,396.7,530.2,1176.6,0.0,1,1,2,0
pi4,OpenSSL,DEPLOY_ECDSAP256,TLS-checked,18,8.3826,10.3648,6.1358,24.8831,1568,1888,45,568,2,12,3,18,9,10,412.0,521.0,1141.3,0.0,1,1,2,0
pi4,OpenSSL,DEPLOY_ECDSAP256,TLS-checked,19,6.0718,10.8675,5.2925,22.2318,1568,1889,45,568,2,13,3,19,9,10,396.9,506.1,1184.8,0.0,1,1,2,0
pi4,OpenSSL,DEPLOY_ECDSAP256,TLS-checked,20,6.0120,14.6845,9.2021,29.8986,1568,1888,45,568,2,13,3,19,9,9,393.4,508.0,1143.7,0.0,1,1,2,0
pi4,OpenSSL,DEPLOY_ECDSAP256,TLS-checked,21,5.7787,12.3154,10.3493,28.4434,1568,1888,45,568,2,12,3,18,9,10,397.2,508.6,1143.2,0.0,1,1,2,0
pi4,OpenSSL,DEPLOY_ECDSAP256,TLS-checked,22,6.5813,12.5714,6.5090,25.6617,1568,1888,45,568,2,13,3,19,9,11,390.9,505.4,1144.4,0.0,1,1,2,0
pi4,OpenSSL,DEPLOY_ECDSAP256,TLS-checked,23,5.4001,12.6779,10.7122,28.7902,1568,1889,45,568,2,12,3,18,9,10,397.8,508.0,1177.0,0.0,1,1,2,0
pi4,OpenSSL,DEPLOY_ECDSAP256,TLS-checked,24,6.2494,12.8374,5.2490,24.3358,1568,1888,45,568,2,12,3,18,9,11,394.0,535.8,1151.3,0.0,1,1,2,0
pi4,OpenSSL,DEPLOY_ECDSAP256,TLS-checked,25,4.8608,9.9759,10.0253,24.8620,1568,1887,45,568,2,13,3,19,9,9,393.4,505.5,1141.0,0.0,1,1,2,0
pi4,OpenSSL,DEPLOY_ECDSAP256,TLS-checked,26,5.7227,13.2757,6.5452,25.5435,1568,1888,45,568,2,13,3,19,9,9,412.3,553.9,1186.4,0.0,1,1,2,0
pi4,OpenSSL,DEPLOY_ECDSAP256,TLS-checked,27,4.3399,14.4663,9.0776,27.8837,1568,1889,45,568,2,12,3,18,9,10,391.4,529.2,1137.6,0.0,1,1,2,0
pi4,OpenSSL,DEPLOY_ECDSAP256,TLS-checked,28,6.2843,16.0055,5.9120,28.2018,1568,1889,45,568,2,12,3,18,9,10,390.5,535.4,1149.4,0.0,1,1,2,0
pi4,OpenSSL,DEPLOY_ECDSAP256,TLS-checked,29,6.4363,12.1552,8.4620,27.0536,1568,1888,45,568,2,13,3,19,9,10,392.6,508.0,1138.8,0.0,1,1,2,0
pi4,OpenSSL,DEPLOY_ECDSAP256,TLS-checked,30,6.3526,9.9006,5.8458,22.0990,1568,1888,45,568,2,12,3,18,10,10,390.9,539.7,1149.2,0.0,1,1,2,0
pi4,OpenSSL,DEPLOY_ECDSAP256,TLS-checked,31,5.7844,10.4622,7.7300,23.9767,1568,1889,45,568,2,12,3,18,9,10,394.1,509.5,1136.2,0.0,1,1,2,0
pi4,OpenSSL,DEPLOY_ECDSAP256,TLS-checked,32,5.4412,13.8982,6.4232,25.7627,1568,1889,45,568,2,12,3,18,9,10,477.2,531.4,1185.6,0.0,1,1,2,0
pi4,OpenSSL,DEPLOY_ECDSAP256,TLS-checked,33,4.2332,13.0590,10.3115,27.6037,1568,1887,45,568,2,13,3,19,9,10,395.1,510.2,1179.7,0.0,1,1,2,0
pi4,OpenSSL,DEPLOY_ECDSAP256,TLS-checked,34,5.9983,12.4026,5.5373,23.9383,1568,1889,45,568,2,12,3,18,9,10,405.2,510.0,1145.3,0.0,1,1,2,0
pi4,OpenSSL,DEPLOY_ECDSAP256,TLS-checked,35,7.1512,16.9242,7.6725,31.7479,1568,1888,45,568,2,13,3,19,9,8,394.1,505.2,1141.0,0.0,1,1,2,0
pi4,OpenSSL,DEPLOY_ECDSAP256,TLS-checked,36,11.1309,9.2295,6.8910,27.2514,1568,1888,45,568,2,12,3,18,9,8,397.1,507.6,1149.3,0.0,1,1,2,0
pi4,OpenSSL,DEPLOY_ECDSAP256,TLS-checked,37,8.7879,16.4604,7.9776,33.2260,1568,1888,45,568,2,12,3,18,9,10,418.1,505.8,1138.0,0.0,1,1,2,0
pi4,OpenSSL,DEPLOY_ECDSAP256,TLS-checked,38,7.1584,10.9108,7.7588,25.8279,1568,1888,45,568,2,12,3,18,9,11,414.6,522.8,1147.2,0.0,1,1,2,0
pi4,OpenSSL,DEPLOY_ECDSAP256,TLS-checked,39,10.0321,11.9613,17.6120,39.6055,1568,1887,45,568,2,13,3,19,9,9,422.4,544.0,1151.4,0.0,1,1,2,0
pi4,OpenSSL,DEPLOY_ECDSAP256,TLS-checked,40,6.5824,17.1348,6.4433,30.1606,1568,1887,45,568,2,13,3,19,9,11,398.7,507.4,1176.6,0.0,1,1,2,0
pi4,OpenSSL,DEPLOY_ECDSAP256,TLS-checked,41,8.1424,12.1520,7.1505,27.4450,1568,1888,45,568,2,13,3,19,9,10,396.9,502.3,1179.5,0.0,1,1,2,0
pi4,OpenSSL,DEPLOY_ECDSAP256,TLS-checked,42,6.0053,13.4766,8.4993,27.9811,1568,1889,45,568,2,12,3,18,9,10,413.9,540.2,1152.9,0.0,1,1,2,0
pi4,OpenSSL,DEPLOY_ECDSAP256,TLS-checked,43,5.7830,10.7089,6.0080,22.4999,1568,1888,45,568,2,12,3,18,9,10,398.5,523.5,1188.6,0.0,1,1,2,0
pi4,OpenSSL,DEPLOY_ECDSAP256,TLS-checked,44,9.3665,8.5172,7.6398,25.5235,1568,1887,45,568,2,12,3,18,9,10,397.3,508.3,1182.3,0.0,1,1,2,0
pi4,OpenSSL,DEPLOY_ECDSAP256,TLS-checked,45,7.3363,11.4310,6.6059,25.3732,1568,1888,45,568,2,12,3,18,9,11,399.3,508.6,1144.6,0.0,1,1,2,0
pi4,OpenSSL,DEPLOY_ECDSAP256,TLS-checked,46,6.4770,16.6615,8.5117,31.6501,1568,1888,45,568,2,13,3,19,9,9,392.2,533.3,1188.2,0.0,1,1,2,0
pi4,OpenSSL,DEPLOY_ECDSAP256,TLS-checked,47,6.4746,9.0954,6.1153,21.6853,1568,1888,45,568,2,13,3,19,9,10,392.0,505.6,1147.5,0.0,1,1,2,0
pi4,OpenSSL,DEPLOY_ECDSAP256,TLS-checked,48,8.6132,12.8499,7.3230,28.7860,1568,1889,45,568,2,12,3,18,9,10,394.9,533.6,1186.7,0.0,1,1,2,0
pi4,OpenSSL,DEPLOY_ECDSAP256,TLS-checked,49,7.2976,9.0491,7.0013,23.3480,1568,1888,45,568,2,12,3,18,9,10,390.6,502.3,1175.6,0.0,1,1,2,0
pi4,OpenSSL,DEPLOY_ECDSAP256,mTLS,0,10.9914,13.9607,8.4558,33.4079,2139,2108,45,1432,2,14,3,20,9,10,413.6,547.3,808.2,142.1,1,1,2,1
pi4,OpenSSL,DEPLOY_ECDSAP256,mTLS,1,6.2630,12.9207,8.9556,28.1394,2141,2106,45,1432,2,15,3,21,9,9,394.4,568.8,817.0,142.4,1,1,2,1
pi4,OpenSSL,DEPLOY_ECDSAP256,mTLS,2,5.1099,14.4711,7.4535,27.0345,2140,2108,45,1432,2,15,3,21,9,10,394.9,510.0,801.5,141.4,1,1,2,1
pi4,OpenSSL,DEPLOY_ECDSAP256,mTLS,3,5.7213,13.5130,6.8520,26.0863,2139,2107,45,1432,2,15,3,21,9,11,393.8,508.3,824.9,142.2,1,1,2,1
pi4,OpenSSL,DEPLOY_ECDSAP256,mTLS,4,6.6809,14.2779,7.9647,28.9235,2141,2108,45,1432,2,15,3,21,9,10,397.0,507.0,804.6,138.4,1,1,2,1
pi4,OpenSSL,DEPLOY_ECDSAP256,mTLS,5,6.8661,12.9319,6.4660,26.2640,2139,2106,45,1432,2,15,3,21,9,10,405.5,512.1,814.0,141.5,1,1,2,1
pi4,OpenSSL,DEPLOY_ECDSAP256,mTLS,6,7.7835,10.2702,8.7649,26.8187,2141,2107,45,1432,2,15,3,21,9,10,395.7,527.7,803.2,139.7,1,1,2,1
pi4,OpenSSL,DEPLOY_ECDSAP256,mTLS,7,12.0180,12.0320,6.0984,30.1484,2141,2106,45,1432,2,15,3,21,9,10,394.5,535.2,815.6,141.0,1,1,2,1
pi4,OpenSSL,DEPLOY_ECDSAP256,mTLS,8,6.2457,12.4436,6.3057,24.9950,2141,2107,45,1432,2,15,3,21,9,11,393.4,505.8,830.7,141.7,1,1,2,1
pi4,OpenSSL,DEPLOY_ECDSAP256,mTLS,9,11.4859,10.3135,8.8153,30.6146,2140,2108,45,1432,2,15,3,21,9,10,399.1,521.3,847.6,142.0,1,1,2,1
pi4,OpenSSL,DEPLOY_ECDSAP256,mTLS,10,6.4150,10.4887,6.3015,23.2052,2140,2107,45,1432,2,15,3,21,9,10,394.8,508.7,800.5,140.1,1,1,2,1
pi4,OpenSSL,DEPLOY_ECDSAP256,mTLS,11,8.6967,16.1510,7.1435,31.9912,2140,2106,45,1432,2,15,3,21,9,11,400.3,512.7,813.5,140.6,1,1,2,1
pi4,OpenSSL,DEPLOY_ECDSAP256,mTLS,12,7.1865,12.8156,9.0138,29.0159,2141,2107,45,1432,2,14,3,20,9,10,585.7,529.2,809.0,140.7,1,1,2,1
pi4,OpenSSL,DEPLOY_ECDSAP256,mTLS,13,7.7986,15.7785,6.1427,29.7197,2140,2107,45,1432,2,15,3,21,9,10,396.3,509.7,803.1,139.3,1,1,2,1
pi4,OpenSSL,DEPLOY_ECDSAP256,mTLS,14,5.4483,14.7576,8.4478,28.6537,2140,2108,45,1432,2,14,3,20,9,10,394.5,540.0,856.9,142.6,1,1,2,1
pi4,OpenSSL,DEPLOY_ECDSAP256,mTLS,15,5.6133,13.0562,9.2324,27.9019,2140,2107,45,1432,2,14,3,20,9,11,392.9,511.9,802.2,144.2,1,1,2,1
pi4,OpenSSL,DEPLOY_ECDSAP256,mTLS,16,6.1140,15.0740,8.3981,29.5862,2141,2106,45,1432,2,14,3,20,9,9,397.2,513.5,802.7,140.2,1,1,2,1
pi4,OpenSSL,DEPLOY_ECDSAP256,mTLS,17,5.0957,15.9437,9.5794,30.6188,2140,2108,45,1432,2,15,3,21,9,9,394.0,528.9,800.4,142.3,1,1,2,1
pi4,OpenSSL,DEPLOY_ECDSAP256,mTLS,18,4.6824,11.1077,21.1859,36.9760,2139,2107,45,1432,2,14,3,20,9,9,397.6,525.4,804.4,139.4,1,1,2,1
pi4,OpenSSL,DEPLOY_ECDSAP256,mTLS,19,7.7310,18.8944,5.7771,32.4025,2139,2106,45,1432,2,15,3,21,12,10,422.9,535.4,812.3,140.3,1,1,2,1
pi4,OpenSSL,DEPLOY_ECDSAP256,mTLS,20,6.9446,20.1413,9.6115,36.6974,2139,2106,45,1432,2,14,3,20,9,9,393.9,533.4,809.5,140.5,1,1,2,1
pi4,OpenSSL,DEPLOY_ECDSAP256,mTLS,21,4.7718,12.7703,7.3947,24.9368,2141,2107,45,1432,2,15,3,21,9,10,398.6,508.3,809.7,139.1,1,1,2,1
pi4,OpenSSL,DEPLOY_ECDSAP256,mTLS,22,5.6991,10.9717,7.8443,24.5152,2140,2107,45,1432,2,14,3,20,9,9,399.5,511.4,804.5,137.9,1,1,2,1
pi4,OpenSSL,DEPLOY_ECDSAP256,mTLS,23,5.9211,12.4330,5.8142,24.1683,2141,2108,45,1432,2,14,3,20,9,9,397.5,511.7,851.0,140.9,1,1,2,1
pi4,OpenSSL,DEPLOY_ECDSAP256,mTLS,24,5.0379,12.5241,9.8632,27.4252,2138,2106,45,1432,2,14,3,20,9,9,391.0,538.4,821.4,143.4,1,1,2,1
pi4,OpenSSL,DEPLOY_ECDSAP256,mTLS,25,5.9156,13.6880,6.6443,26.2478,2139,2107,45,1432,2,15,3,21,9,9,394.0,507.6,801.1,138.7,1,1,2,1
pi4,OpenSSL,DEPLOY_ECDSAP256,mTLS,26,7.6990,8.8714,7.4779,24.0483,2141,2108,45,1432,2,14,3,20,9,9,397.7,505.8,804.5,138.6,1,1,2,1
pi4,OpenSSL,DEPLOY_ECDSAP256,mTLS,27,7.1419,15.7266,8.1446,31.0131,2141,2107,45,1432,2,15,3,21,9,11,390.9,528.3,802.8,142.3,1,1,2,1
pi4,OpenSSL,DEPLOY_ECDSAP256,mTLS,28,5.9978,16.2845,9.4049,31.6872,2141,2108,45,1432,2,14,3,20,9,10,395.9,541.0,804.4,141.6,1,1,2,1
pi4,OpenSSL,DEPLOY_ECDSAP256,mTLS,29,6.4884,12.3844,6.5195,25.3923,2140,2106,45,1432,2,15,3,21,9,10,395.0,537.3,809.6,141.6,1,1,2,1
pi4,OpenSSL,DEPLOY_ECDSAP256,mTLS,30,6.5271,15.0014,7.9286,29.4571,2141,2106,45,1432,2,15,3,21,9,10,395.5,511.0,801.7,138.4,1,1,2,1
pi4,OpenSSL,DEPLOY_ECDSAP256,mTLS,31,11.2389,11.4539,8.5177,31.2105,2141,2107,45,1432,2,14,3,20,9,9,393.7,540.2,805.8,140.3,1,1,2,1
pi4,OpenSSL,DEPLOY_ECDSAP256,mTLS,32,8.3911,13.4920,5.5727,27.4558,2139,2107,45,1432,2,15,3,21,9,9,413.8,521.9,831.9,140.2,1,1,2,1
pi4,OpenSSL,DEPLOY_ECDSAP256,mTLS,33,11.5821,12.3101,7.8555,31.7477,2139,2107,45,1432,2,14,3,20,9,10,400.5,510.2,804.7,140.5,1,1,2,1
pi4,OpenSSL,DEPLOY_ECDSAP256,mTLS,34,9.1255,11.2271,7.9689,28.3215,2140,2108,45,1432,2,14,3,20,9,10,393.1,508.5,797.5,138.0,1,1,2,1
pi4,OpenSSL,DEPLOY_ECDSAP256,mTLS,35,5.0995,24.2073,6.9958,36.3025,2140,2107,45,1432,2,14,3,20,9,10,393.8,539.7,842.1,145.4,1,1,2,1
pi4,OpenSSL,DEPLOY_ECDSAP256,mTLS,36,7.8210,12.6991,5.7687,26.2888,2140,2108,45,1432,2,14,3,20,9,11,398.4,508.8,801.6,145.8,1,1,2,1
pi4,OpenSSL,DEPLOY_ECDSAP256,mTLS,37,7.1352,9.9323,9.9743,27.0417,2140,2106,45,1432,2,14,3,20,9,10,393.5,507.5,797.9,138.5,1,1,2,1
pi4,OpenSSL,DEPLOY_ECDSAP256,mTLS,38,7.4186,16.9051,9.4859,33.8096,2140,2108,45,1432,2,14,3,20,12,10,394.7,536.2,810.2,141.0,1,1,2,1
pi4,OpenSSL,DEPLOY_ECDSAP256,mTLS,39,6.6429,9.7007,6.0518,22.3953,2140,2107,45,1432,2,14,3,20,9,10,394.3,535.7,809.1,140.7,1,1,2,1
pi4,OpenSSL,DEPLOY_ECDSAP256,mTLS,40,5.5906,9.0063,10.6192,25.2162,2140,2106,45,1432,2,14,3,20,9,10,396.3,508.0,831.7,141.4,1,1,2,1
pi4,OpenSSL,DEPLOY_ECDSAP256,mTLS,41,4.9438,14.8969,10.8046,30.6453,2141,2106,45,1432,2,15,3,21,9,10,394.3,508.0,801.8,139.6,1,1,2,1
pi4,OpenSSL,DEPLOY_ECDSAP256,mTLS,42,6.5967,14.1817,7.7210,28.4994,2140,2106,45,1432,2,15,3,21,9,9,400.8,536.2,810.1,142.0,1,1,2,1
pi4,OpenSSL,DEPLOY_ECDSAP256,mTLS,43,6.0922,12.1239,7.2767,25.4929,2140,2106,45,1432,2,14,3,20,9,9,402.7,508.8,848.0,139.1,1,1,2,1
pi4,OpenSSL,DEPLOY_ECDSAP256,mTLS,44,5.4033,15.8806,10.3096,31.5934,2140,2107,45,1432,2,14,3,20,9,9,393.0,522.0,801.6,140.8,1,1,2,1
pi4,OpenSSL,DEPLOY_ECDSAP256,mTLS,45,5.2242,13.8607,6.6452,25.7301,2140,2107,45,1432,2,15,3,21,9,10,392.9,538.4,810.7,139.0,1,1,2,1
pi4,OpenSSL,DEPLOY_ECDSAP256,mTLS,46,11.2317,11.4024,7.2983,29.9324,2140,2107,45,1432,2,14,3,20,9,10,395.7,529.0,859.4,144.6,1,1,2,1
pi4,OpenSSL,DEPLOY_ECDSAP256,mTLS,47,7.5215,13.6287,8.8498,30.0001,2141,2107,45,1432,2,14,3,20,9,11,396.1,511.5,799.6,140.7,1,1,2,1
pi4,OpenSSL,DEPLOY_ECDSAP256,mTLS,48,8.1415,13.4841,8.1285,29.7540,2139,2107,45,1432,2,15,3,21,9,10,392.9,531.2,802.5,144.9,1,1,2,1
pi4,OpenSSL,DEPLOY_ECDSAP256,mTLS,49,4.9053,11.8625,9.1077,25.8754,2141,2107,45,1432,2,15,3,21,9,11,392.7,538.1,840.9,142.4,1,1,2,1
pi4,OpenSSL,DEPLOY_ECDSAP256,mTLS-checked,0,7.3040,22.0225,7.1898,36.5162,2139,2107,45,1432,2,15,3,21,9,11,925.2,1286.2,2807.5,321.9,1,1,2,1
pi4,OpenSSL,DEPLOY_ECDSAP256,mTLS-checked,1,7.2461,17.2319,6.6904,31.1684,2141,2106,45,1432,2,15,3,21,9,9,975.4,1260.8,2778.7,316.4,1,1,2,1
pi4,OpenSSL,DEPLOY_ECDSAP256,mTLS-checked,2,10.0789,17.4224,7.7014,35.2028,2140,2108,45,1432,2,15,3,21,9,9,924.8,1258.0,2775.5,359.6,1,1,2,1
pi4,OpenSSL,DEPLOY_ECDSAP256,mTLS-checked,3,7.2248,19.2236,9.0551,35.5034,2139,2108,45,1432,2,14,3,20,9,10,732.7,1046.8,2163.2,258.9,1,1,2,1
pi4,OpenSSL,DEPLOY_ECDSAP256,mTLS-checked,4,5.8092,12.7532,6.6779,25.2403,2141,2108,45,1432,2,14,3,20,9,10,731.4,1015.6,2156.1,254.3,1,1,2,1
pi4,OpenSSL,DEPLOY_ECDSAP256,mTLS-checked,5,5.5961,20.7325,8.4167,34.7453,2140,2107,45,1432,2,15,3,21,10,12,731.6,984.5,2235.4,256.2,1,1,2,1
pi4,OpenSSL,DEPLOY_ECDSAP256,mTLS-checked,6,5.8897,17.7361,8.3930,32.0188,2140,2107,45,1432,2,15,3,21,9,10,734.5,1046.9,2211.5,255.2,1,1,2,1
pi4,OpenSSL,DEPLOY_ECDSAP256,mTLS-checked,7,5.0537,15.5102,7.4472,28.0111,2141,2107,45,1432,2,15,3,21,9,10,734.9,1014.6,2165.7,253.3,1,1,2,1
pi4,OpenSSL,DEPLOY_ECDSAP256,mTLS-checked,8,7.0175,15.6042,7.9529,30.5747,2140,2107,45,1432,2,14,3,20,9,9,733.6,984.2,2202.0,253.6,1,1,2,1
pi4,OpenSSL,DEPLOY_ECDSAP256,mTLS-checked,9,4.9303,14.2555,11.8815,31.0672,2140,2108,45,1432,2,15,3,21,9,9,765.1,1017.5,2208.1,258.8,1,1,2,1
pi4,OpenSSL,DEPLOY_ECDSAP256,mTLS-checked,10,5.8826,14.7053,7.9835,28.5714,2140,2108,45,1432,2,15,3,21,9,11,764.8,1014.3,2212.8,252.2,1,1,2,1
pi4,OpenSSL,DEPLOY_ECDSAP256,mTLS-checked,11,6.8048,17.7966,9.7518,34.3531,2140,2107,45,1432,2,15,3,21,9,10,731.3,1015.0,2195.2,252.0,1,1,2,1
pi4,OpenSSL,DEPLOY_ECDSAP256,mTLS-checked,12,5.6494,17.7554,10.8242,34.2290,2140,2108,45,1432,2,14,3,20,9,8,742.4,1015.0,2165.7,307.0,1,1,2,1
pi4,OpenSSL,DEPLOY_ECDSAP256,mTLS-checked,13,27.8436,13.6163,11.8535,53.3135,2141,2108,45,1432,2,14,3,20,9,11,769.1,1007.6,2162.7,257.6,1,1,2,1
pi4,OpenSSL,DEPLOY_ECDSAP256,mTLS-checked,14,7.1981,13.4681,15.9268,36.5930,2139,2107,45,1432,2,14,3,20,13,10,730.3,985.4,2161.0,253.5,1,1,2,1
pi4,OpenSSL,DEPLOY_ECDSAP256,mTLS-checked,15,7.7597,13.5550,8.2942,29.6090,2140,2108,45,1432,2,14,3,20,9,11,827.6,1105.9,2477.3,280.0,1,1,2,1
pi4,OpenSSL,DEPLOY_ECDSAP256,mTLS-checked,16,11.1500,19.0618,7.9778,38.1896,2140,2107,45,1432,2,14,3,20,9,9,858.9,1107.1,2474.2,279.8,1,1,2,1
pi4,OpenSSL,DEPLOY_ECDSAP256,mTLS-checked,17,13.7056,14.6988,19.0302,47.4347,2140,2106,45,1432,2,14,3,20,10,11,825.0,1108.3,2579.6,254.7,1,1,2,1
pi4,OpenSSL,DEPLOY_ECDSAP256,mTLS-checked,18,7.1675,14.0551,9.1794,30.4021,2140,2108,45,1432,2,14,3,20,9,9,735.3,988.7,2163.0,253.2,1,1,2,1
pi4,OpenSSL,DEPLOY_ECDSAP256,mTLS-checked,19,8.0719,17.1611,9.9860,35.2190,2140,2107,45,1432,2,15,3,21,9,10,730.0,1014.2,2200.6,253.2,1,1,2,1
pi4,OpenSSL,DEPLOY_ECDSAP256,mTLS-checked,20,7.5827,13.7204,10.0292,31.3322,2140,2106,45,1432,2,14,3,20,9,10,730.5,1095.2,2286.8,290.4,1,1,2,1
pi4,OpenSSL,DEPLOY_ECDSAP256,mTLS-checked,21,7.0578,17.5548,7.8188,32.4314,2140,2106,45,1432,2,14,3,20,9,10,772.5,1008.9,2156.7,256.1,1,1,2,1
pi4,OpenSSL,DEPLOY_ECDSAP256,mTLS-checked,22,5.3910,21.7394,7.0400,34.1704,2140,2108,45,1432,2,14,3,20,9,10,731.2,987.5,2158.8,249.8,1,1,2,1
pi4,OpenSSL,DEPLOY_ECDSAP256,mTLS-checked,23,8.1759,13.4640,7.8303,29.4702,2139,2107,45,1432,2,14,3,20,9,9,770.2,1055.9,2171.4,283.1,1,1,2,1
pi4,OpenSSL,DEPLOY_ECDSAP256,mTLS-checked,24,7.5159,18.9958,7.3198,33.8314,2140,2107,45,1432,2,14,3,20,9,9,738.3,1005.0,2174.1,254.4,1,1,2,1
pi4,OpenSSL,DEPLOY_ECDSAP256,mTLS-checked,25,6.7869,15.6893,9.1616,31.6378,2139,2107,45,1432,2,15,3,21,9,9,735.1,985.6,2191.7,252.3,1,1,2,1
pi4,OpenSSL,DEPLOY_ECDSAP256,mTLS-checked,26,5.3970,16.6023,8.7339,30.7332,2139,2107,45,1432,2,15,3,21,9,9,730.7,986.4,2157.6,253.7,1,1,2,1
pi4,OpenSSL,DEPLOY_ECDSAP256,mTLS-checked,27,6.3692,16.4486,7.5626,30.3803,2140,2108,45,1432,2,14,3,20,9,9,741.0,1018.1,2166.4,257.2,1,1,2,1
pi4,OpenSSL,DEPLOY_ECDSAP256,mTLS-checked,28,5.1382,13.6874,7.4773,26.3029,2140,2107,45,1432,2,14,3,20,9,11,734.3,985.4,2156.2,252.7,1,1,2,1
pi4,OpenSSL,DEPLOY_ECDSAP256,mTLS-checked,29,7.7759,13.2814,9.7997,30.8570,2141,2108,45,1432,2,14,3,20,9,8,772.2,987.0,2157.4,336.1,1,1,2,1
pi4,OpenSSL,DEPLOY_ECDSAP256,mTLS-checked,30,6.3937,14.5081,7.6045,28.5063,2140,2107,45,1432,2,14,3,20,9,9,840.9,995.2,2215.9,254.7,1,1,2,1
pi4,OpenSSL,DEPLOY_ECDSAP256,mTLS-checked,31,7.3327,13.2635,10.3813,30.9774,2141,2107,45,1432,2,14,3,20,9,10,720.4,986.3,2159.8,252.0,1,1,2,1
pi4,OpenSSL,DEPLOY_ECDSAP256,mTLS-checked,32,6.9128,17.9196,11.2741,36.1065,2140,2107,45,1432,2,14,3,20,9,11,729.9,986.6,2202.4,252.8,1,1,2,1
pi4,OpenSSL,DEPLOY_ECDSAP256,mTLS-checked,33,8.0102,18.8659,8.8456,35.7217,2140,2107,45,1432,2,14,3,20,9,11,774.3,1023.1,2172.5,256.9,1,1,2,1
pi4,OpenSSL,DEPLOY_ECDSAP256,mTLS-checked,34,6.6067,16.2143,6.6918,29.5128,2140,2107,45,1432,2,15,3,21,9,11,729.8,985.8,2167.8,253.1,1,1,2,1
pi4,OpenSSL,DEPLOY_ECDSAP256,mTLS-checked,35,9.1725,15.0243,8.3025,32.4993,2139,2107,45,1432,2,14,3,20,9,9,731.0,1019.5,2150.3,253.3,1,1,2,1
pi4,OpenSSL,DEPLOY_ECDSAP256,mTLS-checked,36,5.0225,16.4810,9.0933,30.5969,2140,2107,45,1432,2,15,3,21,9,11,736.4,1046.4,2219.3,254.5,1,1,2,1
pi4,OpenSSL,DEPLOY_ECDSAP256,mTLS-checked,37,8.8166,16.3140,7.0918,32.2223,2140,2106,45,1432,2,15,3,21,9,10,733.5,983.3,2190.9,256.2,1,1,2,1
pi4,OpenSSL,DEPLOY_ECDSAP256,mTLS-checked,38,8.1133,16.0292,9.4294,33.5719,2139,2107,45,1432,2,14,3,20,9,11,731.7,1022.5,2149.6,252.7,1,1,2,1
pi4,OpenSSL,DEPLOY_ECDSAP256,mTLS-checked,39,7.9513,14.9653,7.8109,30.7275,2140,2108,45,1432,2,15,3,21,9,11,732.5,1011.5,2311.0,290.5,1,1,2,1
pi4,OpenSSL,DEPLOY_ECDSAP256,mTLS-checked,40,8.4293,15.0154,6.5699,30.0147,2140,2107,45,1432,2,15,3,21,9,11,734.3,980.4,2197.8,257.6,1,1,2,1
pi4,OpenSSL,DEPLOY_ECDSAP256,mTLS-checked,41,6.4537,14.3790,7.1375,27.9703,2140,2106,45,1432,2,15,3,21,9,10,730.3,986.0,2159.6,258.3,1,1,2,1
pi4,OpenSSL,DEPLOY_ECDSAP256,mTLS-checked,42,10.7095,17.6503,6.3540,34.7137,2140,2108,45,1432,2,15,3,21,10,10,772.4,1014.0,2345.1,267.9,1,1,2,1
pi4,OpenSSL,DEPLOY_ECDSAP256,mTLS-checked,43,7.2902,18.7112,8.6120,34.6134,2139,2107,45,1432,2,15,3,21,9,9,735.1,990.8,2187.7,255.6,1,1,2,1
pi4,OpenSSL,DEPLOY_ECDSAP256,mTLS-checked,44,6.0833,14.6177,7.0878,27.7888,2140,2107,45,1432,2,15,3,21,9,10,731.8,986.5,2213.3,250.7,1,1,2,1
pi4,OpenSSL,DEPLOY_ECDSAP256,mTLS-checked,45,10.7677,19.1691,6.7465,36.6833,2140,2106,45,1432,2,15,3,21,9,10,728.6,987.3,2220.3,259.4,1,1,2,1
pi4,OpenSSL,DEPLOY_ECDSAP256,mTLS-checked,46,6.0458,21.4395,8.1133,35.5986,2140,2106,45,1432,2,15,3,21,9,9,739.5,1013.8,2216.8,252.9,1,1,2,1
pi4,OpenSSL,DEPLOY_ECDSAP256,mTLS-checked,47,5.8758,27.1572,7.7292,40.7623,2141,2107,45,1432,2,14,3,20,10,11,731.7,983.4,2156.0,252.4,1,1,2,1
pi4,OpenSSL,DEPLOY_ECDSAP256,mTLS-checked,48,7.0476,13.8336,10.4467,31.3278,2140,2107,45,1432,2,14,3,20,9,10,776.1,1056.1,2172.1,257.1,1,1,2,1
pi4,OpenSSL,DEPLOY_ECDSAP256,mTLS-checked,49,7.6364,19.7045,7.6759,35.0168,2140,2107,45,1432,2,14,3,20,9,10,771.9,987.5,2192.2,254.1,1,1,2,1
pi4,wolfSSL,DEPLOY_ECDSAP256,TLS,0,4.9915,11.4040,5.8171,22.2125,1496,1856,45,568,2,13,3,19,8,10,139.8,286.5,594.7,0.0,2,2,2,0
pi4,wolfSSL,DEPLOY_ECDSAP256,TLS,1,6.0068,13.9520,6.5845,26.5432,1496,1856,45,568,2,12,3,18,8,10,141.3,277.0,582.6,0.0,2,2,2,0
pi4,wolfSSL,DEPLOY_ECDSAP256,TLS,2,9.4102,13.0012,6.5763,28.9877,1496,1855,45,568,2,12,3,18,8,10,152.9,301.9,614.5,0.0,2,2,2,0
pi4,wolfSSL,DEPLOY_ECDSAP256,TLS,3,4.7970,10.1287,8.4822,23.4079,1496,1856,45,568,2,12,3,18,8,9,146.2,296.9,590.0,0.0,2,2,2,0
pi4,wolfSSL,DEPLOY_ECDSAP256,TLS,4,7.8392,9.4853,9.8667,27.1912,1496,1855,45,568,2,13,3,19,8,9,139.8,273.2,582.3,0.0,2,2,2,0
pi4,wolfSSL,DEPLOY_ECDSAP256,TLS,5,5.5506,17.0535,8.2278,30.8320,1496,1856,45,568,2,13,3,19,11,11,142.6,307.8,619.3,0.0,2,2,2,0
pi4,wolfSSL,DEPLOY_ECDSAP256,TLS,6,6.9639,8.3335,6.3534,21.6508,1496,1857,45,568,2,13,3,19,8,10,149.4,278.3,590.3,0.0,2,2,2,0
pi4,wolfSSL,DEPLOY_ECDSAP256,TLS,7,7.2150,22.9320,7.2466,37.3935,1496,1856,45,568,2,13,3,19,8,9,143.2,291.8,584.6,0.0,2,2,2,0
pi4,wolfSSL,DEPLOY_ECDSAP256,TLS,8,6.9775,9.5776,4.4365,20.9916,1496,1856,45,568,2,13,3,19,8,9,139.4,286.2,584.4,0.0,2,2,2,0
pi4,wolfSSL,DEPLOY_ECDSAP256,TLS,9,9.1378,18.5934,6.5409,34.2720,1496,1857,45,568,2,13,3,19,8,8,155.1,293.7,613.5,0.0,2,2,2,0
pi4,wolfSSL,DEPLOY_ECDSAP256,TLS,10,6.1266,10.8965,10.5828,27.6059,1496,1856,45,568,2,13,3,19,8,10,151.6,283.4,593.6,0.0,2,2,2,0
pi4,wolfSSL,DEPLOY_ECDSAP256,TLS,11,7.4737,15.5571,4.9175,27.9482,1496,1856,45,568,2,13,3,19,8,9,145.7,278.8,586.4,0.0,2,2,2,0
pi4,wolfSSL,DEPLOY_ECDSAP256,TLS,12,8.4753,11.0509,7.4976,27.0238,1496,1857,45,568,2,12,3,18,8,10,139.6,305.9,616.7,0.0,2,2,2,0
pi4,wolfSSL,DEPLOY_ECDSAP256,TLS,13,8.0561,10.2010,8.5177,26.7748,1496,1855,45,568,2,12,3,18,8,9,148.0,279.5,587.1,0.0,2,2,2,0
pi4,wolfSSL,DEPLOY_ECDSAP256,TLS,14,7.7179,13.9682,5.9206,27.6067,1496,1855,45,568,2,12,3,18,8,9,141.3,274.4,584.3,0.0,2,2,2,0
pi4,wolfSSL,DEPLOY_ECDSAP256,TLS,15,5.6869,9.3143,6.1874,21.1886,1496,1856,45,568,2,12,3,18,8,10,140.0,273.6,581.4,0.0,2,2,2,0
pi4,wolfSSL,DEPLOY_ECDSAP256,TLS,16,6.3880,12.0309,8.1255,26.5444,1496,1856,45,568,2,13,3,19,8,9,141.3,299.3,611.4,0.0,2,2,2,0
pi4,wolfSSL,DEPLOY_ECDSAP256,TLS,17,9.4780,6.3747,6.7458,22.5984,1496,1856,45,568,2,12,3,18,8,9,151.2,283.7,609.9,0.0,2,2,2,0
pi4,wolfSSL,DEPLOY_ECDSAP256,TLS,18,5.9533,12.7110,8.4377,27.1019,1496,1856,45,568,2,13,3,19,8,9,142.6,276.2,584.1,0.0,2,2,2,0
pi4,wolfSSL,DEPLOY_ECDSAP256,TLS,19,9.9695,9.0184,5.8642,24.8522,1496,1856,45,568,2,12,3,18,8,9,140.3,278.1,598.4,0.0,2,2,2,0
pi4,wolfSSL,DEPLOY_ECDSAP256,TLS,20,5.6783,11.7213,9.9579,27.3575,1496,1855,45,568,2,12,3,18,11,10,152.8,307.0,615.1,0.0,2,2,2,0
pi4,wolfSSL,DEPLOY_ECDSAP256,TLS,21,7.8734,11.5249,7.1123,26.5106,1496,1856,45,568,2,12,3,18,8,10,151.0,282.9,601.1,0.0,2,2,2,0
pi4,wolfSSL,DEPLOY_ECDSAP256,TLS,22,6.7947,11.8319,5.6350,24.2617,1496,1857,45,568,2,12,3,18,8,9,141.3,277.8,582.2,0.0,2,2,2,0
pi4,wolfSSL,DEPLOY_ECDSAP256,TLS,23,6.2189,10.4907,4.6398,21.3494,1496,1856,45,568,2,13,3,19,8,8,141.5,277.7,579.5,0.0,2,2,2,0
pi4,wolfSSL,DEPLOY_ECDSAP256,TLS,24,6.5316,9.4439,6.8419,22.8174,1496,1856,45,568,2,13,3,19,8,10,138.0,306.6,609.3,0.0,2,2,2,0
pi4,wolfSSL,DEPLOY_ECDSAP256,TLS,25,5.8354,10.8684,5.4485,22.1524,1496,1857,45,568,2,13,3,19,8,10,147.1,303.6,610.8,0.0,2,2,2,0
pi4,wolfSSL,DEPLOY_ECDSAP256,TLS,26,4.4557,13.0238,11.8098,29.2894,1496,1857,45,568,2,13,3,19,8,10,164.8,279.0,588.5,0.0,2,2,2,0
pi4,wolfSSL,DEPLOY_ECDSAP256,TLS,27,6.6215,9.2543,7.4309,23.3067,1496,1856,45,568,2,13,3,19,8,10,141.7,277.0,600.5,0.0,2,2,2,0
pi4,wolfSSL,DEPLOY_ECDSAP256,TLS,28,7.0350,15.5005,10.3520,32.8874,1496,1856,45,568,2,13,3,19,11,10,141.2,306.3,616.3,0.0,2,2,2,0
pi4,wolfSSL,DEPLOY_ECDSAP256,TLS,29,6.3879,8.3518,5.6008,20.3405,1496,1855,45,568,2,13,3,19,8,9,148.7,278.3,589.8,0.0,2,2,2,0
pi4,wolfSSL,DEPLOY_ECDSAP256,TLS,30,5.5687,7.8902,9.1328,22.5917,1496,1857,45,568,2,12,3,18,8,8,140.9,277.8,584.0,0.0,2,2,2,0
pi4,wolfSSL,DEPLOY_ECDSAP256,TLS,31,8.1929,9.2398,6.2766,23.7094,1496,1855,45,568,2,12,3,18,8,10,140.3,280.0,585.6,0.0,2,2,2,0
pi4,wolfSSL,DEPLOY_ECDSAP256,TLS,32,6.2285,8.6624,3.8911,18.7821,1496,1856,45,568,2,13,3,19,8,9,140.3,326.3,617.2,0.0,2,2,2,0
pi4,wolfSSL,DEPLOY_ECDSAP256,TLS,33,9.1974,14.5696,6.8465,30.6135,1496,1857,45,568,2,13,3,19,8,9,148.5,313.8,611.5,0.0,2,2,2,0
pi4,wolfSSL,DEPLOY_ECDSAP256,TLS,34,6.6266,10.2447,11.9576,28.8289,1496,1856,45,568,2,13,3,19,8,9,158.5,290.1,592.8,0.0,2,2,2,0
pi4,wolfSSL,DEPLOY_ECDSAP256,TLS,35,5.5199,16.5177,4.8969,26.9345,1496,1855,45,568,2,13,3,19,8,9,146.8,291.3,599.8,0.0,2,2,2,0
pi4,wolfSSL,DEPLOY_ECDSAP256,TLS,36,6.0895,10.3041,33.6014,49.9950,1496,1857,45,568,2,13,3,19,9,11,161.5,306.2,615.6,0.0,2,2,2,0
pi4,wolfSSL,DEPLOY_ECDSAP256,TLS,37,5.3599,9.6630,8.9690,23.9920,1496,1855,45,568,2,13,3,19,8,9,152.9,288.0,592.1,0.0,2,2,2,0
pi4,wolfSSL,DEPLOY_ECDSAP256,TLS,38,10.9733,11.1664,6.2425,28.3822,1496,1857,45,568,2,13,3,19,8,9,143.1,291.9,585.9,0.0,2,2,2,0
pi4,wolfSSL,DEPLOY_ECDSAP256,TLS,39,7.5920,12.8437,12.7697,33.2054,1496,1857,45,568,2,13,3,19,8,9,180.8,293.1,630.0,0.0,2,2,2,0
pi4,wolfSSL,DEPLOY_ECDSAP256,TLS,40,8.3330,13.3365,9.2418,30.9112,1496,1855,45,568,2,13,3,19,8,10,151.8,292.6,610.2,0.0,2,2,2,0
pi4,wolfSSL,DEPLOY_ECDSAP256,TLS,41,14.5018,10.6104,8.9011,34.0132,1496,1856,45,568,2,13,3,19,8,10,185.2,298.4,596.7,0.0,2,2,2,0
pi4,wolfSSL,DEPLOY_ECDSAP256,TLS,42,6.8531,13.0948,9.8740,29.8220,1496,1856,45,568,2,12,3,18,8,10,182.3,308.0,610.4,0.0,2,2,2,0
pi4,wolfSSL,DEPLOY_ECDSAP256,TLS,43,6.5455,15.7484,6.3877,28.6816,1496,1856,45,568,2,12,3,18,8,9,176.2,305.1,588.2,0.0,2,2,2,0
pi4,wolfSSL,DEPLOY_ECDSAP256,TLS,44,8.2385,11.5017,8.1046,27.8449,1496,1855,45,568,2,13,3,19,8,8,143.7,278.5,586.4,0.0,2,2,2,0
pi4,wolfSSL,DEPLOY_ECDSAP256,TLS,45,6.2047,12.3242,11.3986,29.9275,1496,1855,45,568,2,13,3,19,12,10,140.9,276.6,583.5,0.0,2,2,2,0
pi4,wolfSSL,DEPLOY_ECDSAP256,TLS,46,15.5811,14.5277,7.8468,37.9556,1496,1857,45,568,2,13,3,19,8,10,154.2,302.0,613.9,0.0,2,2,2,0
pi4,wolfSSL,DEPLOY_ECDSAP256,TLS,47,5.0889,11.4548,10.6682,27.2119,1496,1856,45,568,2,13,3,19,8,10,151.7,281.4,589.3,0.0,2,2,2,0
pi4,wolfSSL,DEPLOY_ECDSAP256,TLS,48,5.5594,7.3594,5.7376,18.6564,1496,1855,45,568,2,12,3,18,8,9,143.2,277.0,588.2,0.0,2,2,2,0
pi4,wolfSSL,DEPLOY_ECDSAP256,TLS,49,7.5431,9.8667,7.1773,24.5871,1496,1856,45,568,2,13,3,19,8,10,155.6,318.3,630.6,0.0,2,2,2,0
pi4,wolfSSL,DEPLOY_ECDSAP256,TLS-checked,0,8.8858,12.4618,7.5048,28.8524,1496,1855,45,568,2,13,3,19,8,9,153.2,283.4,790.0,0.0,2,2,2,0
pi4,wolfSSL,DEPLOY_ECDSAP256,TLS-checked,1,10.7890,10.2224,7.8398,28.8513,1496,1857,45,568,2,13,3,19,8,10,152.7,282.6,611.4,0.0,2,2,2,0
pi4,wolfSSL,DEPLOY_ECDSAP256,TLS-checked,2,6.0588,10.9530,6.1130,23.1248,1496,1857,45,568,2,13,3,19,8,9,144.8,289.1,600.9,0.0,2,2,2,0
pi4,wolfSSL,DEPLOY_ECDSAP256,TLS-checked,3,5.7271,10.0760,8.3064,24.1095,1496,1855,45,568,2,13,3,19,8,9,143.5,280.4,587.3,0.0,2,2,2,0
pi4,wolfSSL,DEPLOY_ECDSAP256,TLS-checked,4,5.6894,11.6756,5.7764,23.1414,1496,1856,45,568,2,13,3,19,8,9,142.0,278.3,612.1,0.0,2,2,2,0
pi4,wolfSSL,DEPLOY_ECDSAP256,TLS-checked,5,5.3211,7.8589,7.7032,20.8832,1496,1857,45,568,2,12,3,18,8,9,151.1,281.4,592.6,0.0,2,2,2,0
pi4,wolfSSL,DEPLOY_ECDSAP256,TLS-checked,6,6.8506,12.0504,8.2428,27.1438,1496,1857,45,568,2,13,3,19,8,10,152.6,292.3,625.8,0.0,2,2,2,0
pi4,wolfSSL,DEPLOY_ECDSAP256,TLS-checked,7,5.9047,7.5717,5.8003,19.2767,1496,1855,45,568,2,12,3,18,8,10,145.8,280.4,587.9,0.0,2,2,2,0
pi4,wolfSSL,DEPLOY_ECDSAP256,TLS-checked,8,9.5131,15.7021,9.5995,34.8148,1496,1855,45,568,2,13,3,19,8,9,144.5,279.2,733.5,0.0,2,2,2,0
pi4,wolfSSL,DEPLOY_ECDSAP256,TLS-checked,9,4.7535,11.8087,9.7451,26.3073,1496,1856,45,568,2,12,3,18,8,8,152.1,288.1,612.1,0.0,2,2,2,0
pi4,wolfSSL,DEPLOY_ECDSAP256,TLS-checked,10,5.4679,7.5970,9.4750,22.5400,1496,1856,45,568,2,12,3,18,8,9,141.9,277.8,588.5,0.0,2,2,2,0
pi4,wolfSSL,DEPLOY_ECDSAP256,TLS-checked,11,4.6934,10.2851,10.5894,25.5679,1496,1856,45,568,2,13,3,19,8,9,139.5,276.5,584.4,0.0,2,2,2,0
pi4,wolfSSL,DEPLOY_ECDSAP256,TLS-checked,12,5.3640,12.6725,6.7002,24.7366,1496,1857,45,568,2,13,3,19,8,10,142.7,281.5,614.5,0.0,2,2,2,0
pi4,wolfSSL,DEPLOY_ECDSAP256,TLS-checked,13,5.6450,10.9006,6.6780,23.2236,1496,1857,45,568,2,13,3,19,8,8,150.4,297.3,595.1,0.0,2,2,2,0
pi4,wolfSSL,DEPLOY_ECDSAP256,TLS-checked,14,9.7854,8.5187,5.5581,23.8623,1496,1857,45,568,2,12,3,18,8,10,172.0,282.3,625.0,0.0,2,2,2,0
pi4,wolfSSL,DEPLOY_ECDSAP256,TLS-checked,15,5.6592,7.5692,8.3731,21.6015,1496,1856,45,568,2,12,3,18,8,9,144.1,276.8,587.6,0.0,2,2,2,0
pi4,wolfSSL,DEPLOY_ECDSAP256,TLS-checked,16,5.2928,8.5290,7.3890,21.2108,1496,1857,45,568,2,12,3,18,8,9,147.3,280.8,597.3,0.0,2,2,2,0
pi4,wolfSSL,DEPLOY_ECDSAP256,TLS-checked,17,5.6391,12.1544,7.2349,25.0284,1496,1857,45,568,2,12,3,18,8,10,154.3,300.2,612.1,0.0,2,2,2,0
pi4,wolfSSL,DEPLOY_ECDSAP256,TLS-checked,18,5.5711,6.9674,7.2760,19.8145,1496,1855,45,568,2,12,3,18,8,8,145.1,277.9,587.7,0.0,2,2,2,0
pi4,wolfSSL,DEPLOY_ECDSAP256,TLS-checked,19,5.7009,14.4480,8.2280,28.3769,1496,1856,45,568,2,13,3,19,8,9,139.1,277.1,582.1,0.0,2,2,2,0
pi4,wolfSSL,DEPLOY_ECDSAP256,TLS-checked,20,8.8319,14.4861,7.8678,31.1857,1496,1855,45,568,2,13,3,19,8,8,138.2,274.2,583.6,0.0,2,2,2,0
pi4,wolfSSL,DEPLOY_ECDSAP256,TLS-checked,21,5.1583,9.7730,6.9546,21.8858,1496,1855,45,568,2,12,3,18,8,9,153.6,282.9,639.2,0.0,2,2,2,0
pi4,wolfSSL,DEPLOY_ECDSAP256,TLS-checked,22,4.4162,13.2601,6.5878,24.2641,1496,1855,45,568,2,13,3,19,8,9,142.4,300.6,608.8,0.0,2,2,2,0
pi4,wolfSSL,DEPLOY_ECDSAP256,TLS-checked,23,8.8624,9.7021,6.0967,24.6612,1496,1856,45,568,2,12,3,18,8,10,148.1,279.0,589.0,0.0,2,2,2,0
pi4,wolfSSL,DEPLOY_ECDSAP256,TLS-checked,24,9.4190,11.7875,5.7082,26.9147,1496,1855,45,568,2,12,3,18,8,9,138.6,276.4,585.5,0.0,2,2,2,0
pi4,wolfSSL,DEPLOY_ECDSAP256,TLS-checked,25,5.8922,9.8696,7.6864,23.4483,1496,1856,45,568,2,12,3,18,8,10,151.8,300.7,611.1,0.0,2,2,2,0
pi4,wolfSSL,DEPLOY_ECDSAP256,TLS-checked,26,5.7488,9.8265,8.2602,23.8355,1496,1857,45,568,2,12,3,18,8,9,145.9,279.4,590.0,0.0,2,2,2,0
pi4,wolfSSL,DEPLOY_ECDSAP256,TLS-checked,27,6.2816,11.7881,6.3633,24.4330,1496,1855,45,568,2,12,3,18,8,9,138.4,275.3,585.2,0.0,2,2,2,0
pi4,wolfSSL,DEPLOY_ECDSAP256,TLS-checked,28,6.1410,19.1471,5.7950,31.0831,1496,1856,45,568,2,12,3,18,8,9,138.8,287.9,583.9,0.0,2,2,2,0
pi4,wolfSSL,DEPLOY_ECDSAP256,TLS-checked,29,5.2836,7.9507,6.1647,19.3990,1496,1857,45,568,2,12,3,18,8,8,151.7,281.6,606.6,0.0,2,2,2,0
pi4,wolfSSL,DEPLOY_ECDSAP256,TLS-checked,30,6.3441,6.7969,21.9427,35.0837,1496,1857,45,568,2,13,3,19,8,8,141.2,276.5,581.8,0.0,2,2,2,0
pi4,wolfSSL,DEPLOY_ECDSAP256,TLS-checked,31,10.1625,18.8464,10.3232,39.3321,1496,1856,45,568,2,13,3,19,8,9,152.5,282.6,607.6,0.0,2,2,2,0
pi4,wolfSSL,DEPLOY_ECDSAP256,TLS-checked,32,4.5008,15.4393,8.1281,28.0682,1496,1857,45,568,2,13,3,19,11,10,153.9,298.6,613.5,0.0,2,2,2,0
pi4,wolfSSL,DEPLOY_ECDSAP256,TLS-checked,33,8.3775,12.9500,10.5008,31.8284,1496,1857,45,568,2,13,3,19,8,9,150.7,281.4,589.3,0.0,2,2,2,0
pi4,wolfSSL,DEPLOY_ECDSAP256,TLS-checked,34,7.9006,11.7308,6.7019,26.3333,1496,1856,45,568,2,13,3,19,8,10,143.1,279.9,601.5,0.0,2,2,2,0
pi4,wolfSSL,DEPLOY_ECDSAP256,TLS-checked,35,7.0316,22.6469,9.2696,38.9481,1496,1856,45,568,2,12,3,18,8,8,142.2,316.4,612.4,0.0,2,2,2,0
pi4,wolfSSL,DEPLOY_ECDSAP256,TLS-checked,36,7.8286,12.9360,9.3017,30.0663,1496,1855,45,568,2,12,3,18,8,9,144.7,299.3,610.6,0.0,2,2,2,0
pi4,wolfSSL,DEPLOY_ECDSAP256,TLS-checked,37,8.1203,19.0297,13.7187,40.8688,1496,1855,45,568,2,12,3,18,8,8,145.6,276.7,586.6,0.0,2,2,2,0
pi4,wolfSSL,DEPLOY_ECDSAP256,TLS-checked,38,9.0808,8.5151,10.2099,27.8057,1496,1855,45,568,2,12,3,18,8,10,155.5,298.1,615.5,0.0,2,2,2,0
pi4,wolfSSL,DEPLOY_ECDSAP256,TLS-checked,39,5.8913,16.7229,8.6167,31.2309,1496,1855,45,568,2,12,3,18,8,9,152.9,283.8,607.9,0.0,2,2,2,0
pi4,wolfSSL,DEPLOY_ECDSAP256,TLS-checked,40,5.9035,20.0895,13.2481,39.2411,1496,1855,45,568,2,13,3,19,8,10,150.7,283.6,600.9,0.0,2,2,2,0
pi4,wolfSSL,DEPLOY_ECDSAP256,TLS-checked,41,8.8385,10.4174,6.9400,26.1958,1496,1855,45,568,2,13,3,19,9,10,154.7,283.5,612.2,0.0,2,2,2,0
pi4,wolfSSL,DEPLOY_ECDSAP256,TLS-checked,42,5.4523,22.4097,8.8021,36.6641,1496,1856,45,568,2,13,3,19,8,10,158.7,293.6,612.5,0.0,2,2,2,0
pi4,wolfSSL,DEPLOY_ECDSAP256,TLS-checked,43,6.7570,24.2731,6.4185,37.4487,1496,1856,45,568,2,12,3,18,8,11,151.1,284.1,593.6,0.0,2,2,2,0
pi4,wolfSSL,DEPLOY_ECDSAP256,TLS-checked,44,7.6732,10.0377,7.5868,25.2978,1496,1856,45,568,2,13,3,19,8,9,162.1,281.6,610.6,0.0,2,2,2,0
pi4,wolfSSL,DEPLOY_ECDSAP256,TLS-checked,45,8.3335,10.3943,7.5585,26.2863,1496,1855,45,568,2,13,3,19,8,10,153.8,283.3,611.0,0.0,2,2,2,0
pi4,wolfSSL,DEPLOY_ECDSAP256,TLS-checked,46,5.0900,30.2724,7.0991,42.4615,1496,1857,45,568,2,13,3,19,8,9,143.1,297.0,591.4,0.0,2,2,2,0
pi4,wolfSSL,DEPLOY_ECDSAP256,TLS-checked,47,6.0019,10.9088,15.8129,32.7236,1496,1857,45,568,2,13,3,19,8,11,141.4,301.0,613.6,0.0,2,2,2,0
pi4,wolfSSL,DEPLOY_ECDSAP256,TLS-checked,48,6.3379,9.1409,6.1469,21.6257,1496,1855,45,568,2,13,3,19,8,9,148.0,296.3,588.2,0.0,2,2,2,0
pi4,wolfSSL,DEPLOY_ECDSAP256,TLS-checked,49,6.1402,18.4467,11.9745,36.5614,1496,1855,45,568,2,12,3,18,8,9,151.7,282.7,608.7,0.0,2,2,2,0
pi4,wolfSSL,DEPLOY_ECDSAP256,mTLS,0,12.2118,14.1152,7.2275,33.5545,2069,2074,45,1432,4,15,5,21,9,10,159.9,277.6,587.3,111.9,2,2,2,1
pi4,wolfSSL,DEPLOY_ECDSAP256,mTLS,1,6.5290,18.0169,11.7591,36.3050,2069,2075,45,1432,4,15,5,21,10,11,173.8,301.1,612.9,126.2,2,2,2,1
pi4,wolfSSL,DEPLOY_ECDSAP256,mTLS,2,6.0552,8.4028,11.1381,25.5961,2068,2076,45,1432,4,15,5,21,10,10,166.5,291.8,607.5,129.4,2,2,2,1
pi4,wolfSSL,DEPLOY_ECDSAP256,mTLS,3,7.7707,46.0374,9.3481,63.1562,2068,2075,45,1432,4,14,5,20,9,11,143.2,320.7,613.6,115.7,2,2,2,1
pi4,wolfSSL,DEPLOY_ECDSAP256,mTLS,4,6.0248,23.2041,5.7827,35.0116,2068,2075,45,1432,4,14,5,20,9,10,145.6,280.1,589.2,110.1,2,2,2,1
pi4,wolfSSL,DEPLOY_ECDSAP256,mTLS,5,6.4437,17.4659,9.7270,33.6366,2069,2075,45,1432,4,15,5,21,9,11,153.1,283.7,606.2,112.4,2,2,2,1
pi4,wolfSSL,DEPLOY_ECDSAP256,mTLS,6,11.4835,8.4533,5.8305,25.7672,2069,2075,45,1432,4,14,5,20,9,10,207.8,298.7,615.2,114.6,2,2,2,1
pi4,wolfSSL,DEPLOY_ECDSAP256,mTLS,7,9.5761,9.7075,7.0628,26.3464,2068,2076,45,1432,4,14,5,20,9,9,153.7,290.0,631.4,113.7,2,2,2,1
pi4,wolfSSL,DEPLOY_ECDSAP256,mTLS,8,4.9984,9.2681,6.2629,20.5294,2068,2074,45,1432,4,14,5,20,9,9,147.3,281.6,583.2,110.4,2,2,2,1
pi4,wolfSSL,DEPLOY_ECDSAP256,mTLS,9,4.9692,15.2442,9.0843,29.2978,2068,2075,45,1432,4,15,5,21,9,10,142.9,279.0,595.7,111.3,2,2,2,1
pi4,wolfSSL,DEPLOY_ECDSAP256,mTLS,10,4.8052,13.5411,7.3604,25.7067,2068,2075,45,1432,4,15,5,21,9,10,140.4,301.5,607.3,133.5,2,2,2,1
pi4,wolfSSL,DEPLOY_ECDSAP256,mTLS,11,10.1481,24.4584,5.5576,40.1640,2067,2075,45,1432,4,15,5,21,9,9,146.7,279.2,587.9,110.9,2,2,2,1
pi4,wolfSSL,DEPLOY_ECDSAP256,mTLS,12,5.5670,23.5701,6.8955,36.0327,2066,2075,45,1432,4,15,5,21,9,10,151.1,308.1,636.9,115.0,2,2,2,1
pi4,wolfSSL,DEPLOY_ECDSAP256,mTLS,13,5.7785,10.4701,7.0170,23.2656,2067,2075,45,1432,4,14,5,20,9,9,153.8,303.1,616.6,117.8,2,2,2,1
pi4,wolfSSL,DEPLOY_ECDSAP256,mTLS,14,9.6877,8.6079,6.2579,24.5535,2069,2076,45,1432,4,14,5,20,9,9,152.4,283.3,608.0,113.2,2,2,2,1
pi4,wolfSSL,DEPLOY_ECDSAP256,mTLS,15,6.1678,9.5515,8.4297,24.1491,2068,2075,45,1432,4,15,5,21,9,9,144.6,278.2,585.3,110.8,2,2,2,1
pi4,wolfSSL,DEPLOY_ECDSAP256,mTLS,16,8.4060,16.4148,8.6026,33.4234,2067,2074,45,1432,4,15,5,21,9,11,142.1,277.9,581.9,110.1,2,2,2,1
pi4,wolfSSL,DEPLOY_ECDSAP256,mTLS,17,6.2108,9.6105,17.1931,33.0145,2067,2075,45,1432,4,14,5,20,9,11,175.1,282.9,605.9,112.6,2,2,2,1
pi4,wolfSSL,DEPLOY_ECDSAP256,mTLS,18,9.6884,16.0658,4.9380,30.6921,2067,2075,45,1432,4,14,5,20,10,10,146.2,301.2,629.5,115.8,2,2,2,1
pi4,wolfSSL,DEPLOY_ECDSAP256,mTLS,19,9.6019,12.0271,5.7917,27.4207,2068,2075,45,1432,4,15,5,21,9,10,147.5,279.4,586.2,111.3,2,2,2,1
pi4,wolfSSL,DEPLOY_ECDSAP256,mTLS,20,8.9509,10.3097,14.8283,34.0890,2068,2075,45,1432,4,15,5,21,9,11,142.4,300.2,610.4,115.6,2,2,2,1
pi4,wolfSSL,DEPLOY_ECDSAP256,mTLS,21,7.4935,13.6441,6.5944,27.7319,2068,2075,45,1432,4,15,5,21,9,11,152.4,281.8,626.4,113.9,2,2,2,1
pi4,wolfSSL,DEPLOY_ECDSAP256,mTLS,22,7.5771,11.3318,5.8409,24.7498,2068,2075,45,1432,4,15,5,21,10,11,145.4,279.3,585.3,111.0,2,2,2,1
pi4,wolfSSL,DEPLOY_ECDSAP256,mTLS,23,8.1810,10.0530,10.3901,28.6242,2068,2076,45,1432,4,14,5,20,9,9,144.9,280.8,586.2,110.5,2,2,2,1
pi4,wolfSSL,DEPLOY_ECDSAP256,mTLS,24,4.4411,11.8797,9.5161,25.8369,2068,2076,45,1432,4,14,5,20,9,10,153.2,285.6,632.8,114.1,2,2,2,1
pi4,wolfSSL,DEPLOY_ECDSAP256,mTLS,25,5.1826,8.3951,9.8932,23.4709,2069,2074,45,1432,4,14,5,20,9,10,141.6,278.8,583.6,129.1,2,2,2,1
pi4,wolfSSL,DEPLOY_ECDSAP256,mTLS,26,6.1582,14.3756,11.0364,31.5702,2067,2076,45,1432,4,15,5,21,9,10,152.3,284.8,606.2,112.2,2,2,2,1
pi4,wolfSSL,DEPLOY_ECDSAP256,mTLS,27,11.3875,9.1718,7.6482,28.2074,2067,2075,45,1432,4,14,5,20,9,11,144.9,303.0,613.0,115.1,2,2,2,1
pi4,wolfSSL,DEPLOY_ECDSAP256,mTLS,28,4.8033,9.5727,10.8574,25.2333,2068,2075,45,1432,4,14,5,20,9,10,143.6,298.4,618.8,133.1,2,2,2,1
pi4,wolfSSL,DEPLOY_ECDSAP256,mTLS,29,4.7201,9.4784,8.6742,22.8728,2069,2075,45,1432,4,15,5,21,9,9,154.3,298.3,596.8,111.8,2,2,2,1
pi4,wolfSSL,DEPLOY_ECDSAP256,mTLS,30,5.4868,12.4020,8.4332,26.3219,2069,2075,45,1432,4,14,5,20,9,10,142.6,280.4,585.2,128.1,2,2,2,1
pi4,wolfSSL,DEPLOY_ECDSAP256,mTLS,31,7.3543,10.7229,6.3312,24.4083,2068,2075,45,1432,4,14,5,20,9,10,141.4,303.8,610.9,114.9,2,2,2,1
pi4,wolfSSL,DEPLOY_ECDSAP256,mTLS,32,5.8432,8.2143,9.7868,23.8443,2068,2075,45,1432,4,14,5,20,9,9,145.8,278.5,585.2,111.1,2,2,2,1
pi4,wolfSSL,DEPLOY_ECDSAP256,mTLS,33,5.2842,7.8213,6.7922,19.8977,2069,2074,45,1432,4,14,5,20,9,10,142.2,277.6,579.0,109.3,2,2,2,1
pi4,wolfSSL,DEPLOY_ECDSAP256,mTLS,34,4.6044,9.4087,8.6746,22.6877,2067,2076,45,1432,4,15,5,21,9,11,150.4,284.6,603.6,112.1,2,2,2,1
pi4,wolfSSL,DEPLOY_ECDSAP256,mTLS,35,5.7192,14.5271,9.5888,29.8352,2068,2075,45,1432,4,15,5,21,9,11,144.1,280.0,585.6,110.7,2,2,2,1
pi4,wolfSSL,DEPLOY_ECDSAP256,mTLS,36,7.7482,9.4521,12.0143,29.2147,2068,2074,45,1432,4,14,5,20,9,10,155.8,286.9,609.9,113.3,2,2,2,1
pi4,wolfSSL,DEPLOY_ECDSAP256,mTLS,37,5.0360,8.5983,7.6236,21.2579,2069,2074,45,1432,4,14,5,20,9,10,151.8,283.2,623.9,112.5,2,2,2,1
pi4,wolfSSL,DEPLOY_ECDSAP256,mTLS,38,6.3921,8.5367,11.3798,26.3086,2069,2075,45,1432,4,14,5,20,9,11,143.0,278.7,581.8,110.7,2,2,2,1
pi4,wolfSSL,DEPLOY_ECDSAP256,mTLS,39,8.9142,8.6101,8.2186,25.7430,2069,2076,45,1432,4,15,5,21,9,10,139.7,300.7,611.0,116.7,2,2,2,1
pi4,wolfSSL,DEPLOY_ECDSAP256,mTLS,40,5.4129,11.7166,7.1710,24.3006,2068,2074,45,1432,4,15,5,21,9,11,150.1,281.4,595.8,112.3,2,2,2,1
pi4,wolfSSL,DEPLOY_ECDSAP256,mTLS,41,8.3527,9.2518,7.8493,25.4538,2068,2076,45,1432,4,14,5,20,9,10,145.1,281.6,587.8,110.9,2,2,2,1
pi4,wolfSSL,DEPLOY_ECDSAP256,mTLS,42,6.3205,10.1128,9.6932,26.1265,2068,2076,45,1432,4,14,5,20,9,11,151.2,283.7,604.7,112.1,2,2,2,1
pi4,wolfSSL,DEPLOY_ECDSAP256,mTLS,43,10.1938,11.4224,8.8437,30.4598,2068,2075,45,1432,4,15,5,21,9,10,145.4,301.5,609.5,116.2,2,2,2,1
pi4,wolfSSL,DEPLOY_ECDSAP256,mTLS,44,5.4271,20.4697,7.8412,33.7380,2067,2075,45,1432,4,14,5,20,9,9,145.3,324.1,608.1,114.1,2,2,2,1
pi4,wolfSSL,DEPLOY_ECDSAP256,mTLS,45,5.8131,7.7186,6.6341,20.1658,2068,2075,45,1432,4,14,5,20,9,10,146.5,279.3,582.1,111.0,2,2,2,1
pi4,wolfSSL,DEPLOY_ECDSAP256,mTLS,46,5.6371,15.5837,6.5739,27.7947,2069,2075,45,1432,4,15,5,21,9,11,143.1,280.6,581.9,110.0,2,2,2,1
pi4,wolfSSL,DEPLOY_ECDSAP256,mTLS,47,9.8690,12.4716,7.8810,30.2216,2068,2076,45,1432,4,14,5,20,9,10,153.2,287.4,606.7,113.0,2,2,2,1
pi4,wolfSSL,DEPLOY_ECDSAP256,mTLS,48,6.6379,17.8777,8.4761,32.9917,2068,2076,45,1432,4,14,5,20,12,11,141.5,277.2,584.2,111.4,2,2,2,1
pi4,wolfSSL,DEPLOY_ECDSAP256,mTLS,49,6.4662,8.2711,10.5317,25.2690,2068,2076,45,1432,4,15,5,21,10,11,152.6,298.0,610.1,126.0,2,2,2,1
pi4,wolfSSL,DEPLOY_ECDSAP256,mTLS-checked,0,8.0636,19.8436,6.5639,34.4712,2067,2075,45,1432,4,15,5,21,9,10,254.2,557.3,1209.0,216.5,2,2,2,1
pi4,wolfSSL,DEPLOY_ECDSAP256,mTLS-checked,1,5.5142,13.6945,8.6772,27.8859,2068,2074,45,1432,4,14,5,20,9,11,263.0,556.4,1209.5,271.3,2,2,2,1
pi4,wolfSSL,DEPLOY_ECDSAP256,mTLS-checked,2,9.7402,16.4656,11.1338,37.3396,2069,2074,45,1432,4,15,5,21,9,11,332.4,689.0,1509.9,272.5,2,2,2,1
pi4,wolfSSL,DEPLOY_ECDSAP256,mTLS-checked,3,7.8089,16.3999,7.5433,31.7521,2068,2075,45,1432,4,14,5,20,9,10,332.8,687.7,1482.8,269.9,2,2,2,1
pi4,wolfSSL,DEPLOY_ECDSAP256,mTLS-checked,4,5.9539,11.5187,7.7443,25.2169,2068,2075,45,1432,4,15,5,21,9,10,322.8,683.6,1460.4,268.8,2,2,2,1
pi4,wolfSSL,DEPLOY_ECDSAP256,mTLS-checked,5,15.3214,13.1898,6.1399,34.6511,2067,2075,45,1432,4,14,5,20,9,10,297.1,606.2,1305.8,237.9,2,2,2,1
pi4,wolfSSL,DEPLOY_ECDSAP256,mTLS-checked,6,8.8189,9.5935,7.5404,25.9528,2069,2075,45,1432,4,14,5,20,9,11,292.0,606.0,1274.5,234.6,2,2,2,1
pi4,wolfSSL,DEPLOY_ECDSAP256,mTLS-checked,7,5.2549,25.7170,12.3979,43.3698,2069,2075,45,1432,4,14,5,20,13,12,286.4,624.0,1298.6,239.0,2,2,2,1
pi4,wolfSSL,DEPLOY_ECDSAP256,mTLS-checked,8,8.1130,20.6885,6.2101,35.0116,2069,2075,45,1432,4,15,5,21,9,11,332.3,690.3,1479.5,270.8,2,2,2,1
pi4,wolfSSL,DEPLOY_ECDSAP256,mTLS-checked,9,6.5133,12.2052,6.3019,25.0203,2068,2075,45,1432,4,15,5,21,9,11,330.5,687.2,1504.8,270.4,2,2,2,1
pi4,wolfSSL,DEPLOY_ECDSAP256,mTLS-checked,10,8.5719,12.5227,5.5561,26.6507,2069,2076,45,1432,4,15,5,21,9,11,346.6,683.7,1460.0,294.7,2,2,2,1
pi4,wolfSSL,DEPLOY_ECDSAP256,mTLS-checked,11,6.3603,17.2050,6.7252,30.2904,2068,2076,45,1432,4,14,5,20,9,9,323.1,626.6,1354.2,241.5,2,2,2,1
pi4,wolfSSL,DEPLOY_ECDSAP256,mTLS-checked,12,8.5187,12.0797,6.7988,27.3971,2067,2074,45,1432,4,14,5,20,9,10,290.7,601.8,1316.0,237.9,2,2,2,1
pi4,wolfSSL,DEPLOY_ECDSAP256,mTLS-checked,13,12.9387,15.6784,6.4464,35.0636,2068,2075,45,1432,4,15,5,21,10,11,284.5,628.3,1314.5,259.5,2,2,2,1
pi4,wolfSSL,DEPLOY_ECDSAP256,mTLS-checked,14,6.8576,14.9125,8.7280,30.4981,2068,2074,45,1432,4,15,5,21,9,10,294.7,604.4,1350.9,245.5,2,2,2,1
pi4,wolfSSL,DEPLOY_ECDSAP256,mTLS-checked,15,6.3295,12.8894,5.2549,24.4738,2067,2076,45,1432,4,14,5,20,10,10,293.1,603.5,1324.6,236.7,2,2,2,1
pi4,wolfSSL,DEPLOY_ECDSAP256,mTLS-checked,16,5.3049,11.6296,8.7171,25.6516,2068,2075,45,1432,4,14,5,20,9,10,331.2,617.2,1300.6,239.4,2,2,2,1
pi4,wolfSSL,DEPLOY_ECDSAP256,mTLS-checked,17,5.2779,15.1936,10.6105,31.0820,2068,2075,45,1432,4,14,5,20,9,10,289.9,603.6,1300.6,236.4,2,2,2,1
pi4,wolfSSL,DEPLOY_ECDSAP256,mTLS-checked,18,7.8621,17.6212,10.6033,36.0867,2068,2075,45,1432,4,15,5,21,9,10,295.3,608.6,1328.3,241.0,2,2,2,1
pi4,wolfSSL,DEPLOY_ECDSAP256,mTLS-checked,19,5.7822,9.8550,6.6313,22.2685,2069,2074,45,1432,4,14,5,20,9,10,286.8,600.8,1280.4,236.1,2,2,2,1
pi4,wolfSSL,DEPLOY_ECDSAP256,mTLS-checked,20,9.9761,16.2112,7.0549,33.2422,2068,2075,45,1432,4,15,5,21,9,11,283.9,597.9,1316.4,288.4,2,2,2,1
pi4,wolfSSL,DEPLOY_ECDSAP256,mTLS-checked,21,6.6807,11.5545,7.6164,25.8516,2069,2074,45,1432,4,14,5,20,9,10,300.4,633.2,1361.6,243.5,2,2,2,1
pi4,wolfSSL,DEPLOY_ECDSAP256,mTLS-checked,22,10.6451,13.9383,6.4499,31.0333,2069,2074,45,1432,4,14,5,20,9,11,291.7,604.4,1283.9,237.2,2,2,2,1
pi4,wolfSSL,DEPLOY_ECDSAP256,mTLS-checked,23,5.4334,10.6603,10.6593,26.7530,2067,2075,45,1432,4,14,5,20,9,11,296.6,605.3,1376.2,241.6,2,2,2,1
pi4,wolfSSL,DEPLOY_ECDSAP256,mTLS-checked,24,5.4906,14.5550,9.0058,29.0515,2067,2075,45,1432,4,15,5,21,9,10,287.8,600.2,1279.0,235.2,2,2,2,1
pi4,wolfSSL,DEPLOY_ECDSAP256,mTLS-checked,25,5.5641,11.9764,7.4406,24.9812,2068,2075,45,1432,4,14,5,20,9,9,334.5,689.2,1484.2,271.4,2,2,2,1
pi4,wolfSSL,DEPLOY_ECDSAP256,mTLS-checked,26,6.9597,14.7199,6.9545,28.6342,2068,2075,45,1432,4,15,5,21,9,9,323.6,682.3,1455.1,267.2,2,2,2,1
pi4,wolfSSL,DEPLOY_ECDSAP256,mTLS-checked,27,5.9808,17.3326,6.9695,30.2828,2068,2075,45,1432,4,14,5,20,9,10,320.6,683.3,1484.0,268.1,2,2,2,1
pi4,wolfSSL,DEPLOY_ECDSAP256,mTLS-checked,28,6.6513,12.9181,8.8728,28.4422,2068,2075,45,1432,4,14,5,20,9,11,361.7,711.3,1664.5,251.8,2,2,2,1
pi4,wolfSSL,DEPLOY_ECDSAP256,mTLS-checked,29,9.0366,12.7456,7.0482,28.8304,2067,2075,45,1432,4,15,5,21,9,9,295.4,604.0,1297.7,237.4,2,2,2,1
pi4,wolfSSL,DEPLOY_ECDSAP256,mTLS-checked,30,6.7201,13.9125,10.3539,30.9864,2068,2075,45,1432,4,15,5,21,9,10,295.9,625.3,1304.9,240.4,2,2,2,1
pi4,wolfSSL,DEPLOY_ECDSAP256,mTLS-checked,31,5.9525,10.9577,10.2079,27.1182,2068,2075,45,1432,4,15,5,21,9,10,321.4,603.4,1280.8,237.1,2,2,2,1
pi4,wolfSSL,DEPLOY_ECDSAP256,mTLS-checked,32,6.6689,14.5738,9.1969,30.4396,2069,2076,45,1432,4,14,5,20,9,11,325.3,604.2,1304.7,238.1,2,2,2,1
pi4,wolfSSL,DEPLOY_ECDSAP256,mTLS-checked,33,10.5792,10.2254,6.3155,27.1200,2067,2075,45,1432,4,14,5,20,9,10,286.9,600.9,1278.9,237.6,2,2,2,1
pi4,wolfSSL,DEPLOY_ECDSAP256,mTLS-checked,34,5.7080,15.3428,6.1050,27.1558,2068,2076,45,1432,4,15,5,21,10,11,288.9,605.2,1275.9,235.2,2,2,2,1
pi4,wolfSSL,DEPLOY_ECDSAP256,mTLS-checked,35,6.9602,13.1827,5.8237,25.9665,2067,2074,45,1432,4,15,5,21,9,11,294.9,604.9,1315.6,241.0,2,2,2,1
pi4,wolfSSL,DEPLOY_ECDSAP256,mTLS-checked,36,6.1655,13.6359,5.8316,25.6330,2068,2075,45,1432,4,14,5,20,9,10,295.1,603.3,1283.3,269.1,2,2,2,1
pi4,wolfSSL,DEPLOY_ECDSAP256,mTLS-checked,37,7.3264,11.6929,6.3743,25.3936,2067,2075,45,1432,4,15,5,21,10,10,283.6,599.2,1342.6,258.7,2,2,2,1
pi4,wolfSSL,DEPLOY_ECDSAP256,mTLS-checked,38,5.9527,16.3327,11.0720,33.3574,2069,2075,45,1432,4,14,5,20,9,10,294.1,606.9,1325.7,238.1,2,2,2,1
pi4,wolfSSL,DEPLOY_ECDSAP256,mTLS-checked,39,6.2401,11.5465,19.2057,36.9923,2068,2075,45,1432,4,15,5,21,9,10,301.3,610.2,1310.6,240.2,2,2,2,1
pi4,wolfSSL,DEPLOY_ECDSAP256,mTLS-checked,40,6.9332,15.3857,12.8179,35.1368,2068,2074,45,1432,4,14,5,20,9,10,286.5,601.3,1305.3,236.8,2,2,2,1
pi4,wolfSSL,DEPLOY_ECDSAP256,mTLS-checked,41,8.6509,10.9321,7.8868,27.4697,2068,2075,45,1432,4,14,5,20,9,10,283.0,600.1,1309.3,237.5,2,2,2,1
pi4,wolfSSL,DEPLOY_ECDSAP256,mTLS-checked,42,6.3790,10.6472,8.1670,25.1932,2068,2076,45,1432,4,14,5,20,9,10,332.7,612.0,1312.8,240.8,2,2,2,1
pi4,wolfSSL,DEPLOY_ECDSAP256,mTLS-checked,43,9.1892,12.4728,8.0563,29.7182,2068,2076,45,1432,4,15,5,21,9,10,318.2,618.8,1280.2,263.4,2,2,2,1
pi4,wolfSSL,DEPLOY_ECDSAP256,mTLS-checked,44,6.5066,11.9890,6.2131,24.7087,2068,2076,45,1432,4,15,5,21,9,9,296.8,618.8,1303.2,238.9,2,2,2,1
pi4,wolfSSL,DEPLOY_ECDSAP256,mTLS-checked,45,8.8593,14.6520,7.9702,31.4815,2069,2076,45,1432,4,15,5,21,9,9,288.4,601.9,1311.4,238.7,2,2,2,1
pi4,wolfSSL,DEPLOY_ECDSAP256,mTLS-checked,46,4.9278,13.2458,10.5362,28.7098,2068,2074,45,1432,4,14,5,20,9,10,294.8,604.7,1308.0,237.5,2,2,2,1
pi4,wolfSSL,DEPLOY_ECDSAP256,mTLS-checked,47,6.3075,11.9852,6.8834,25.1761,2067,2076,45,1432,4,14,5,20,9,10,283.6,603.2,1277.4,235.9,2,2,2,1
pi4,wolfSSL,DEPLOY_ECDSAP256,mTLS-checked,48,5.5829,14.8150,5.3791,25.7770,2067,2076,45,1432,4,15,5,21,9,9,282.2,597.2,1273.5,234.8,2,2,2,1
pi4,wolfSSL,DEPLOY_ECDSAP256,mTLS-checked,49,5.4279,11.2740,6.5615,23.2634,2069,2076,45,1432,4,15,5,21,10,10,284.0,623.2,1589.0,247.3,2,2,2,1
pi4,OpenSSL,DEPLOY_ED25519,TLS,0,9.3762,9.3239,9.2206,27.9206,1568,1815,45,568,2,12,3,18,9,9,390.2,521.4,692.6,0.0,1,1,2,0
pi4,OpenSSL,DEPLOY_ED25519,TLS,1,7.4494,11.1309,10.8183,29.3986,1568,1815,45,568,2,13,3,19,9,9,402.3,506.9,702.5,0.0,1,1,2,0
pi4,OpenSSL,DEPLOY_ED25519,TLS,2,8.2898,12.1778,6.6844,27.1520,1568,1815,45,568,2,13,3,19,9,9,402.9,516.3,703.6,0.0,1,1,2,0
pi4,OpenSSL,DEPLOY_ED25519,TLS,3,5.4845,12.7610,9.3761,27.6216,1568,1815,45,568,2,12,3,18,9,10,385.4,506.8,693.0,0.0,1,1,2,0
pi4,OpenSSL,DEPLOY_ED25519,TLS,4,5.4158,14.2456,9.8864,29.5478,1568,1815,45,568,2,13,3,19,9,9,382.9,507.2,696.4,0.0,1,1,2,0
pi4,OpenSSL,DEPLOY_ED25519,TLS,5,14.6673,13.1051,7.5137,35.2860,1568,1815,45,568,2,13,3,19,9,10,384.3,528.8,715.8,0.0,1,1,2,0
pi4,OpenSSL,DEPLOY_ED25519,TLS,6,4.9365,10.9652,10.4982,26.3999,1568,1815,45,568,2,13,3,19,9,10,391.1,512.5,718.3,0.0,1,1,2,0
pi4,OpenSSL,DEPLOY_ED25519,TLS,7,7.5531,10.5724,7.3860,25.5114,1568,1815,45,568,2,12,3,18,9,10,387.8,524.8,688.8,0.0,1,1,2,0
pi4,OpenSSL,DEPLOY_ED25519,TLS,8,5.5494,13.6568,5.4953,24.7015,1568,1815,45,568,2,13,3,19,9,10,399.6,512.2,720.2,0.0,1,1,2,0
pi4,OpenSSL,DEPLOY_ED25519,TLS,9,9.3393,11.1803,6.6911,27.2107,1568,1815,45,568,2,13,3,19,9,9,412.2,533.7,701.5,0.0,1,1,2,0
pi4,OpenSSL,DEPLOY_ED25519,TLS,10,6.4553,11.7021,5.5083,23.6657,1568,1815,45,568,2,12,3,18,9,10,389.6,507.6,692.5,0.0,1,1,2,0
pi4,OpenSSL,DEPLOY_ED25519,TLS,11,8.6270,8.2948,7.1925,24.1144,1568,1815,45,568,2,12,3,18,9,9,382.9,504.5,691.3,0.0,1,1,2,0
pi4,OpenSSL,DEPLOY_ED25519,TLS,12,5.1551,9.3717,6.4781,21.0049,1568,1815,45,568,2,12,3,18,9,10,385.0,502.4,684.7,0.0,1,1,2,0
pi4,OpenSSL,DEPLOY_ED25519,TLS,13,6.3331,10.7402,7.1515,24.2249,1568,1815,45,568,2,12,3,18,9,9,384.7,529.9,700.3,0.0,1,1,2,0
pi4,OpenSSL,DEPLOY_ED25519,TLS,14,5.7757,10.9389,7.2429,23.9574,1568,1815,45,568,2,12,3,18,10,11,397.2,507.5,696.5,0.0,1,1,2,0
pi4,OpenSSL,DEPLOY_ED25519,TLS,15,6.5399,15.9753,11.2416,33.7569,1568,1815,45,568,2,13,3,19,12,12,385.1,506.9,693.6,0.0,1,1,2,0
pi4,OpenSSL,DEPLOY_ED25519,TLS,16,6.4352,10.9963,5.5174,22.9489,1568,1815,45,568,2,12,3,18,9,11,426.7,509.9,698.5,0.0,1,1,2,0
pi4,OpenSSL,DEPLOY_ED25519,TLS,17,5.2954,13.6910,5.5453,24.5317,1568,1815,45,568,2,13,3,19,9,9,385.6,555.9,708.5,0.0,1,1,2,0
pi4,OpenSSL,DEPLOY_ED25519,TLS,18,4.4585,10.7437,7.0085,22.2107,1568,1815,45,568,2,13,3,19,9,9,390.1,507.8,694.2,0.0,1,1,2,0
pi4,OpenSSL,DEPLOY_ED25519,TLS,19,7.5981,15.3075,9.3668,32.2724,1568,1815,45,568,2,13,3,19,9,11,386.3,506.9,694.5,0.0,1,1,2,0
pi4,OpenSSL,DEPLOY_ED25519,TLS,20,6.0504,13.1853,10.2558,29.4915,1568,1815,45,568,2,13,3,19,9,10,382.7,503.7,690.0,0.0,1,1,2,0
pi4,OpenSSL,DEPLOY_ED25519,TLS,21,9.3683,9.3117,5.5466,24.2266,1568,1815,45,568,2,13,3,19,9,10,405.6,521.3,704.9,0.0,1,1,2,0
pi4,OpenSSL,DEPLOY_ED25519,TLS,22,5.8099,10.0563,6.4542,22.3203,1568,1815,45,568,2,13,3,19,9,11,406.8,517.3,700.6,0.0,1,1,2,0
pi4,OpenSSL,DEPLOY_ED25519,TLS,23,8.5979,10.7904,9.0241,28.4124,1568,1815,45,568,2,13,3,19,9,10,386.5,506.2,695.5,0.0,1,1,2,0
pi4,OpenSSL,DEPLOY_ED25519,TLS,24,6.5070,9.5558,5.6372,21.7001,1568,1815,45,568,2,12,3,18,10,11,414.9,552.5,719.3,0.0,1,1,2,0
pi4,OpenSSL,DEPLOY_ED25519,TLS,25,8.7144,12.0146,6.1064,26.8355,1568,1815,45,568,2,13,3,19,9,10,418.5,510.8,698.6,0.0,1,1,2,0
pi4,OpenSSL,DEPLOY_ED25519,TLS,26,6.9439,19.7365,7.9785,34.6589,1568,1815,45,568,2,13,3,19,9,10,387.8,506.7,726.8,0.0,1,1,2,0
pi4,OpenSSL,DEPLOY_ED25519,TLS,27,6.0894,15.7574,5.9596,27.8063,1568,1815,45,568,2,13,3,19,9,9,385.2,505.9,695.7,0.0,1,1,2,0
pi4,OpenSSL,DEPLOY_ED25519,TLS,28,5.6401,10.3852,11.0967,27.1221,1568,1815,45,568,2,13,3,19,9,10,383.1,557.0,734.4,0.0,1,1,2,0
pi4,OpenSSL,DEPLOY_ED25519,TLS,29,6.2271,11.5359,6.5862,24.3492,1568,1815,45,568,2,13,3,19,9,10,398.3,511.0,699.9,0.0,1,1,2,0
pi4,OpenSSL,DEPLOY_ED25519,TLS,30,7.0922,10.4532,9.0487,26.5941,1568,1815,45,568,2,13,3,19,9,10,388.0,516.1,694.4,0.0,1,1,2,0
pi4,OpenSSL,DEPLOY_ED25519,TLS,31,5.1733,10.8593,6.2771,22.3096,1568,1815,45,568,2,13,3,19,9,10,400.4,521.9,701.1,0.0,1,1,2,0
pi4,OpenSSL,DEPLOY_ED25519,TLS,32,6.0996,9.9919,16.0643,32.1559,1568,1815,45,568,2,13,3,19,9,11,385.6,557.1,705.5,0.0,1,1,2,0
pi4,OpenSSL,DEPLOY_ED25519,TLS,33,5.6164,10.1173,7.2885,23.0221,1568,1815,45,568,2,13,3,19,9,9,390.1,522.2,692.3,0.0,1,1,2,0
pi4,OpenSSL,DEPLOY_ED25519,TLS,34,7.3638,11.2416,6.7822,25.3877,1568,1815,45,568,2,13,3,19,9,10,384.0,504.5,695.2,0.0,1,1,2,0
pi4,OpenSSL,DEPLOY_ED25519,TLS,35,5.1953,15.7159,6.2491,27.1603,1568,1815,45,568,2,13,3,19,9,9,395.5,554.1,802.7,0.0,1,1,2,0
pi4,OpenSSL,DEPLOY_ED25519,TLS,36,6.0849,18.1919,7.5496,31.8263,1568,1815,45,568,2,13,3,19,9,10,403.0,540.9,707.0,0.0,1,1,2,0
pi4,OpenSSL,DEPLOY_ED25519,TLS,37,6.3206,12.2619,5.5653,24.1478,1568,1815,45,568,2,13,3,19,9,9,391.7,506.1,718.4,0.0,1,1,2,0
pi4,OpenSSL,DEPLOY_ED25519,TLS,38,5.4189,14.2471,8.6620,28.3281,1568,1815,45,568,2,12,3,18,12,10,385.8,536.3,700.6,0.0,1,1,2,0
pi4,OpenSSL,DEPLOY_ED25519,TLS,39,6.2628,13.4524,6.0532,25.7684,1568,1815,45,568,2,13,3,19,9,10,391.8,506.0,718.0,0.0,1,1,2,0
pi4,OpenSSL,DEPLOY_ED25519,TLS,40,8.4933,12.1138,5.4395,26.0467,1568,1815,45,568,2,13,3,19,9,10,393.3,510.9,697.3,0.0,1,1,2,0
pi4,OpenSSL,DEPLOY_ED25519,TLS,41,5.4277,8.7786,6.6413,20.8475,1568,1815,45,568,2,12,3,18,9,10,394.6,529.5,694.6,0.0,1,1,2,0
pi4,OpenSSL,DEPLOY_ED25519,TLS,42,5.0838,28.0988,8.1320,41.3147,1568,1815,45,568,2,13,3,19,12,12,383.4,507.4,693.7,0.0,1,1,2,0
pi4,OpenSSL,DEPLOY_ED25519,TLS,43,5.2730,14.3388,8.0469,27.6588,1568,1815,45,568,2,13,3,19,9,9,400.6,534.5,716.3,0.0,1,1,2,0
pi4,OpenSSL,DEPLOY_ED25519,TLS,44,6.9621,9.0246,5.4914,21.4781,1568,1815,45,568,2,12,3,18,9,11,392.5,522.2,696.5,0.0,1,1,2,0
pi4,OpenSSL,DEPLOY_ED25519,TLS,45,5.4746,10.6018,7.2875,23.3639,1568,1815,45,568,2,12,3,18,9,10,384.9,505.0,682.8,0.0,1,1,2,0
pi4,OpenSSL,DEPLOY_ED25519,TLS,46,6.9685,13.6596,6.3519,26.9801,1568,1815,45,568,2,13,3,19,9,11,404.3,533.9,696.5,0.0,1,1,2,0
pi4,OpenSSL,DEPLOY_ED25519,TLS,47,5.7425,12.0027,9.9336,27.6788,1568,1815,45,568,2,13,3,19,9,10,401.6,522.1,703.8,0.0,1,1,2,0
pi4,OpenSSL,DEPLOY_ED25519,TLS,48,7.8990,12.6270,8.3546,28.8806,1568,1815,45,568,2,12,3,18,9,9,386.5,508.2,691.1,0.0,1,1,2,0
pi4,OpenSSL,DEPLOY_ED25519,TLS,49,8.7854,12.1789,5.4547,26.4190,1568,1815,45,568,2,12,3,18,9,10,386.0,505.0,685.5,0.0,1,1,2,0
pi4,OpenSSL,DEPLOY_ED25519,TLS-checked,0,5.8438,10.2701,4.8930,21.0069,1568,1815,45,568,2,12,3,18,9,10,388.4,518.8,1004.7,0.0,1,1,2,0
pi4,OpenSSL,DEPLOY_ED25519,TLS-checked,1,6.2593,12.6591,5.9343,24.8527,1568,1815,45,568,2,13,3,19,9,11,389.7,535.9,1016.4,0.0,1,1,2,0
pi4,OpenSSL,DEPLOY_ED25519,TLS-checked,2,5.4446,11.8009,6.1286,23.3741,1568,1815,45,568,2,12,3,18,9,9,387.0,539.3,1070.5,0.0,1,1,2,0
pi4,OpenSSL,DEPLOY_ED25519,TLS-checked,3,5.3001,12.7913,6.4267,24.5181,1568,1815,45,568,2,13,3,19,9,10,391.5,507.7,1008.4,0.0,1,1,2,0
pi4,OpenSSL,DEPLOY_ED25519,TLS-checked,4,5.2895,9.4352,8.9223,23.6470,1568,1815,45,568,2,13,3,19,9,10,385.4,504.8,1003.9,0.0,1,1,2,0
pi4,OpenSSL,DEPLOY_ED25519,TLS-checked,5,6.3136,9.5968,9.2587,25.1691,1568,1815,45,568,2,12,3,18,9,9,388.1,506.1,1002.0,0.0,1,1,2,0
pi4,OpenSSL,DEPLOY_ED25519,TLS-checked,6,4.6904,13.2411,6.8789,24.8104,1568,1815,45,568,2,12,3,18,9,10,386.8,514.8,1038.2,0.0,1,1,2,0
pi4,OpenSSL,DEPLOY_ED25519,TLS-checked,7,7.9872,19.1074,5.9262,33.0208,1568,1815,45,568,2,13,3,19,9,10,394.6,536.0,1016.0,0.0,1,1,2,0
pi4,OpenSSL,DEPLOY_ED25519,TLS-checked,8,8.2522,9.1052,5.2393,22.5967,1568,1815,45,568,2,12,3,18,9,10,390.2,505.0,1037.2,0.0,1,1,2,0
pi4,OpenSSL,DEPLOY_ED25519,TLS-checked,9,5.8048,9.1141,14.9397,29.8586,1568,1815,45,568,2,13,3,19,9,9,386.7,534.2,1056.7,0.0,1,1,2,0
pi4,OpenSSL,DEPLOY_ED25519,TLS-checked,10,7.1278,13.6807,6.4288,27.2373,1568,1815,45,568,2,12,3,18,9,10,429.3,513.3,1044.4,0.0,1,1,2,0
pi4,OpenSSL,DEPLOY_ED25519,TLS-checked,11,5.4372,11.6865,5.4327,22.5564,1568,1815,45,568,2,12,3,18,9,10,387.1,505.5,1027.8,0.0,1,1,2,0
pi4,OpenSSL,DEPLOY_ED25519,TLS-checked,12,5.4992,9.0975,6.0541,20.6509,1568,1815,45,568,2,13,3,19,9,9,385.2,503.0,1036.2,0.0,1,1,2,0
pi4,OpenSSL,DEPLOY_ED25519,TLS-checked,13,5.1595,11.6373,8.6829,25.4797,1568,1815,45,568,2,13,3,19,9,9,383.7,544.2,1020.4,0.0,1,1,2,0
pi4,OpenSSL,DEPLOY_ED25519,TLS-checked,14,5.7670,13.0230,8.1597,26.9497,1568,1815,45,568,2,12,3,18,12,10,396.9,539.5,1014.9,0.0,1,1,2,0
pi4,OpenSSL,DEPLOY_ED25519,TLS-checked,15,6.0781,15.6406,6.3610,28.0797,1568,1815,45,568,2,13,3,19,9,10,402.5,511.7,1033.9,0.0,1,1,2,0
pi4,OpenSSL,DEPLOY_ED25519,TLS-checked,16,5.3306,9.9573,7.3484,22.6363,1568,1815,45,568,2,12,3,18,9,11,396.3,507.8,1013.4,0.0,1,1,2,0
pi4,OpenSSL,DEPLOY_ED25519,TLS-checked,17,5.8164,12.1947,11.3879,29.3990,1568,1815,45,568,2,13,3,19,12,12,387.9,535.3,1044.0,0.0,1,1,2,0
pi4,OpenSSL,DEPLOY_ED25519,TLS-checked,18,7.8993,15.0923,8.0380,31.0295,1568,1815,45,568,2,13,3,19,9,10,404.6,518.7,1016.2,0.0,1,1,2,0
pi4,OpenSSL,DEPLOY_ED25519,TLS-checked,19,8.6829,8.4374,5.4760,22.5963,1568,1815,45,568,2,12,3,18,10,11,392.3,506.2,1027.7,0.0,1,1,2,0
pi4,OpenSSL,DEPLOY_ED25519,TLS-checked,20,8.0236,10.2940,8.0718,26.3893,1568,1815,45,568,2,13,3,19,9,10,385.1,505.4,1032.5,0.0,1,1,2,0
pi4,OpenSSL,DEPLOY_ED25519,TLS-checked,21,5.8895,13.3293,10.1300,29.3488,1568,1815,45,568,2,12,3,18,9,10,388.4,506.0,1027.8,0.0,1,1,2,0
pi4,OpenSSL,DEPLOY_ED25519,TLS-checked,22,6.4267,10.6662,6.4776,23.5704,1568,1815,45,568,2,12,3,18,9,10,394.4,538.6,1013.9,0.0,1,1,2,0
pi4,OpenSSL,DEPLOY_ED25519,TLS-checked,23,7.4906,15.6400,16.2481,39.3787,1568,1815,45,568,2,13,3,19,10,9,391.9,509.0,1004.2,0.0,1,1,2,0
pi4,OpenSSL,DEPLOY_ED25519,TLS-checked,24,6.8572,10.1955,7.7247,24.7774,1568,1815,45,568,2,12,3,18,9,10,407.2,531.2,1012.7,0.0,1,1,2,0
pi4,OpenSSL,DEPLOY_ED25519,TLS-checked,25,5.1625,15.4500,5.4335,26.0460,1568,1815,45,568,2,12,3,18,9,9,404.6,516.7,1008.8,0.0,1,1,2,0
pi4,OpenSSL,DEPLOY_ED25519,TLS-checked,26,6.2985,11.8999,5.7050,23.9034,1568,1815,45,568,2,12,3,18,9,10,414.2,509.6,1003.3,0.0,1,1,2,0
pi4,OpenSSL,DEPLOY_ED25519,TLS-checked,27,5.4237,15.1633,6.5341,27.1211,1568,1815,45,568,2,12,3,18,9,9,385.5,521.0,1002.9,0.0,1,1,2,0
pi4,OpenSSL,DEPLOY_ED25519,TLS-checked,28,5.6394,9.5142,7.6533,22.8070,1568,1815,45,568,2,12,3,18,9,9,384.0,507.2,996.8,0.0,1,1,2,0
pi4,OpenSSL,DEPLOY_ED25519,TLS-checked,29,6.7133,14.8579,7.5799,29.1510,1568,1815,45,568,2,12,3,18,9,10,399.3,515.7,1033.6,0.0,1,1,2,0
pi4,OpenSSL,DEPLOY_ED25519,TLS-checked,30,5.7360,17.3489,7.0251,30.1100,1568,1815,45,568,2,12,3,18,12,10,396.1,512.9,1011.3,0.0,1,1,2,0
pi4,OpenSSL,DEPLOY_ED25519,TLS-checked,31,11.8292,14.1369,11.1091,37.0751,1568,1815,45,568,2,13,3,19,9,11,386.1,523.5,1078.0,0.0,1,1,2,0
pi4,OpenSSL,DEPLOY_ED25519,TLS-checked,32,8.1487,32.8808,7.4536,48.4831,1568,1815,45,568,2,12,3,18,9,9,404.2,517.7,1042.3,0.0,1,1,2,0
pi4,OpenSSL,DEPLOY_ED25519,TLS-checked,33,9.7072,10.8514,5.0815,25.6402,1568,1815,45,568,2,12,3,18,9,9,388.0,505.9,1004.1,0.0,1,1,2,0
pi4,OpenSSL,DEPLOY_ED25519,TLS-checked,34,6.5399,12.6816,9.2742,28.4956,1568,1815,45,568,2,13,3,19,9,10,384.5,504.2,1001.9,0.0,1,1,2,0
pi4,OpenSSL,DEPLOY_ED25519,TLS-checked,35,8.4947,16.3673,7.9818,32.8439,1568,1815,45,568,2,13,3,19,9,11,403.8,514.2,1012.5,0.0,1,1,2,0
pi4,OpenSSL,DEPLOY_ED25519,TLS-checked,36,5.6261,10.1328,8.3871,24.1460,1568,1815,45,568,2,12,3,18,9,10,394.8,506.8,1007.7,0.0,1,1,2,0
pi4,OpenSSL,DEPLOY_ED25519,TLS-checked,37,5.6343,11.1337,8.6394,25.4075,1568,1815,45,568,2,13,3,19,9,10,383.9,505.5,1007.9,0.0,1,1,2,0
pi4,OpenSSL,DEPLOY_ED25519,TLS-checked,38,6.0798,12.1868,8.0923,26.3589,1568,1815,45,568,2,13,3,19,9,9,401.9,505.8,1037.5,0.0,1,1,2,0
pi4,OpenSSL,DEPLOY_ED25519,TLS-checked,39,4.6433,13.3751,5.8211,23.8396,1568,1815,45,568,2,13,3,19,9,10,398.1,509.5,1014.9,0.0,1,1,2,0
pi4,OpenSSL,DEPLOY_ED25519,TLS-checked,40,5.8540,11.1070,9.4008,26.3618,1568,1815,45,568,2,12,3,18,9,9,387.3,527.1,1002.9,0.0,1,1,2,0
pi4,OpenSSL,DEPLOY_ED25519,TLS-checked,41,6.0923,10.3475,6.1591,22.5989,1568,1815,45,568,2,13,3,19,9,10,392.2,520.7,1003.4,0.0,1,1,2,0
pi4,OpenSSL,DEPLOY_ED25519,TLS-checked,42,4.6904,9.5156,6.3954,20.6014,1568,1815,45,568,2,12,3,18,9,9,384.0,503.5,1024.7,0.0,1,1,2,0
pi4,OpenSSL,DEPLOY_ED25519,TLS-checked,43,9.2548,12.4833,5.3670,27.1051,1568,1815,45,568,2,13,3,19,9,10,404.2,509.5,1010.2,0.0,1,1,2,0
pi4,OpenSSL,DEPLOY_ED25519,TLS-checked,44,7.8677,9.4606,5.1719,22.5001,1568,1815,45,568,2,12,3,18,9,10,402.2,509.5,1010.6,0.0,1,1,2,0
pi4,OpenSSL,DEPLOY_ED25519,TLS-checked,45,6.9343,11.5955,5.3882,23.9179,1568,1815,45,568,2,12,3,18,9,9,390.6,506.7,1003.3,0.0,1,1,2,0
pi4,OpenSSL,DEPLOY_ED25519,TLS-checked,46,6.9159,10.4318,6.5015,23.8492,1568,1815,45,568,2,12,3,18,9,10,386.7,549.5,1012.2,0.0,1,1,2,0
pi4,OpenSSL,DEPLOY_ED25519,TLS-checked,47,11.1678,16.2363,6.0700,33.4741,1568,1815,45,568,2,13,3,19,9,11,402.9,511.4,1034.0,0.0,1,1,2,0
pi4,OpenSSL,DEPLOY_ED25519,TLS-checked,48,6.4885,11.6965,9.0768,27.2617,1568,1815,45,568,2,12,3,18,9,10,387.4,510.1,1029.9,0.0,1,1,2,0
pi4,OpenSSL,DEPLOY_ED25519,TLS-checked,49,6.7729,13.5814,5.3008,25.6552,1568,1815,45,568,2,13,3,19,9,10,385.7,526.8,1031.5,0.0,1,1,2,0
pi4,OpenSSL,DEPLOY_ED25519,mTLS,0,7.4011,13.1506,5.2578,25.8096,2068,2032,45,1304,2,15,3,21,9,10,402.9,510.6,702.5,134.5,1,1,2,1
pi4,OpenSSL,DEPLOY_ED25519,mTLS,1,4.7166,11.7850,6.4007,22.9024,2068,2032,45,1304,2,14,3,20,9,10,387.5,509.1,712.3,132.4,1,1,2,1
pi4,OpenSSL,DEPLOY_ED25519,mTLS,2,4.4004,10.4310,6.7344,21.5657,2068,2032,45,1304,2,14,3,20,10,11,409.9,562.7,699.2,135.0,1,1,2,1
pi4,OpenSSL,DEPLOY_ED25519,mTLS,3,4.8723,11.6103,9.0937,25.5763,2068,2032,45,1304,2,15,3,21,12,11,405.2,516.3,700.4,134.4,1,1,2,1
pi4,OpenSSL,DEPLOY_ED25519,mTLS,4,10.9119,14.9835,6.7674,32.6628,2068,2032,45,1304,2,15,3,21,9,9,390.8,509.3,717.1,134.7,1,1,2,1
pi4,OpenSSL,DEPLOY_ED25519,mTLS,5,8.7192,12.9269,6.8271,28.4732,2068,2032,45,1304,2,14,3,20,9,10,387.8,510.6,725.1,132.9,1,1,2,1
pi4,OpenSSL,DEPLOY_ED25519,mTLS,6,6.0812,9.2338,5.7595,21.0745,2068,2032,45,1304,2,14,3,20,10,10,389.6,510.0,687.8,133.1,1,1,2,1
pi4,OpenSSL,DEPLOY_ED25519,mTLS,7,5.3664,14.1709,5.6937,25.2310,2068,2032,45,1304,2,14,3,20,9,10,398.5,514.5,723.3,133.3,1,1,2,1
pi4,OpenSSL,DEPLOY_ED25519,mTLS,8,6.3362,12.9450,6.1068,25.3880,2068,2032,45,1304,2,14,3,20,9,9,403.7,528.6,693.6,133.9,1,1,2,1
pi4,OpenSSL,DEPLOY_ED25519,mTLS,9,6.9267,16.2384,6.7650,29.9300,2068,2032,45,1304,2,15,3,21,9,9,388.3,507.6,690.6,132.6,1,1,2,1
pi4,OpenSSL,DEPLOY_ED25519,mTLS,10,6.6106,9.1154,6.3161,22.0421,2068,2032,45,1304,2,15,3,21,10,11,405.8,510.3,889.6,135.4,1,1,2,1
pi4,OpenSSL,DEPLOY_ED25519,mTLS,11,5.0653,12.2152,6.0902,23.3707,2068,2032,45,1304,2,14,3,20,9,9,398.3,531.9,697.5,133.4,1,1,2,1
pi4,OpenSSL,DEPLOY_ED25519,mTLS,12,8.1245,9.9780,7.7560,25.8584,2068,2032,45,1304,2,15,3,21,9,9,388.4,508.0,694.8,133.5,1,1,2,1
pi4,OpenSSL,DEPLOY_ED25519,mTLS,13,5.3829,13.6428,5.7587,24.7843,2068,2032,45,1304,2,14,3,20,9,9,404.2,512.4,720.0,132.6,1,1,2,1
pi4,OpenSSL,DEPLOY_ED25519,mTLS,14,6.0894,8.1424,5.1926,19.4244,2068,2032,45,1304,2,14,3,20,10,10,387.2,506.2,688.4,131.7,1,1,2,1
pi4,OpenSSL,DEPLOY_ED25519,mTLS,15,5.1527,8.2546,8.1902,21.5976,2068,2032,45,1304,2,14,3,20,9,10,395.8,510.2,696.2,158.8,1,1,2,1
pi4,OpenSSL,DEPLOY_ED25519,mTLS,16,6.5991,11.3064,7.4526,25.3581,2068,2032,45,1304,2,14,3,20,9,9,388.3,538.8,699.5,135.4,1,1,2,1
pi4,OpenSSL,DEPLOY_ED25519,mTLS,17,5.1166,12.6809,8.8346,26.6321,2068,2032,45,1304,2,14,3,20,12,11,391.6,512.5,690.1,132.7,1,1,2,1
pi4,OpenSSL,DEPLOY_ED25519,mTLS,18,6.3065,13.1343,6.4890,25.9297,2068,2032,45,1304,2,14,3,20,9,10,389.5,537.1,698.0,159.8,1,1,2,1
pi4,OpenSSL,DEPLOY_ED25519,mTLS,19,6.0794,12.0287,8.4641,26.5721,2068,2032,45,1304,2,14,3,20,9,9,393.1,511.5,733.3,134.1,1,1,2,1
pi4,OpenSSL,DEPLOY_ED25519,mTLS,20,5.3532,13.0589,8.1719,26.5839,2068,2032,45,1304,2,14,3,20,9,9,386.9,508.8,693.4,133.2,1,1,2,1
pi4,OpenSSL,DEPLOY_ED25519,mTLS,21,7.9734,13.6581,7.2383,28.8697,2068,2032,45,1304,2,15,3,21,9,9,389.1,508.5,686.0,133.5,1,1,2,1
pi4,OpenSSL,DEPLOY_ED25519,mTLS,22,6.9068,10.9609,7.0735,24.9412,2068,2032,45,1304,2,15,3,21,9,11,390.0,515.3,718.7,135.0,1,1,2,1
pi4,OpenSSL,DEPLOY_ED25519,mTLS,23,5.2521,11.6306,7.6051,24.4878,2068,2032,45,1304,2,15,3,21,10,10,394.1,510.3,697.8,132.7,1,1,2,1
pi4,OpenSSL,DEPLOY_ED25519,mTLS,24,8.0304,19.1818,15.9848,43.1970,2068,2032,45,1304,2,15,3,21,9,10,402.6,513.2,703.3,133.6,1,1,2,1
pi4,OpenSSL,DEPLOY_ED25519,mTLS,25,8.0037,10.2262,8.8673,27.0973,2068,2032,45,1304,2,15,3,21,9,10,388.0,538.8,732.7,134.5,1,1,2,1
pi4,OpenSSL,DEPLOY_ED25519,mTLS,26,6.9530,11.4282,9.6911,28.0722,2068,2032,45,1304,2,15,3,21,9,9,397.7,511.6,699.7,170.6,1,1,2,1
pi4,OpenSSL,DEPLOY_ED25519,mTLS,27,8.1647,14.5839,7.6745,30.4231,2068,2032,45,1304,2,14,3,20,9,9,390.0,511.3,690.1,132.7,1,1,2,1
pi4,OpenSSL,DEPLOY_ED25519,mTLS,28,7.8694,14.1714,9.6938,31.7347,2068,2032,45,1304,2,15,3,21,9,10,412.0,543.4,704.8,134.6,1,1,2,1
pi4,OpenSSL,DEPLOY_ED25519,mTLS,29,12.2791,12.9454,10.4819,35.7064,2068,2032,45,1304,2,15,3,21,9,10,406.5,513.0,700.5,133.6,1,1,2,1
pi4,OpenSSL,DEPLOY_ED25519,mTLS,30,8.2475,14.0432,6.6982,28.9889,2068,2032,45,1304,2,14,3,20,9,10,410.4,522.6,695.0,133.1,1,1,2,1
pi4,OpenSSL,DEPLOY_ED25519,mTLS,31,8.1240,29.6915,6.6645,44.4801,2068,2032,45,1304,2,14,3,20,10,11,390.0,540.0,700.5,133.4,1,1,2,1
pi4,OpenSSL,DEPLOY_ED25519,mTLS,32,5.9776,12.5308,9.2658,27.7741,2068,2032,45,1304,2,15,3,21,9,9,399.3,516.0,699.7,134.7,1,1,2,1
pi4,OpenSSL,DEPLOY_ED25519,mTLS,33,4.7279,9.5180,7.5731,21.8190,2068,2032,45,1304,2,14,3,20,9,10,388.5,510.7,696.0,133.5,1,1,2,1
pi4,OpenSSL,DEPLOY_ED25519,mTLS,34,5.2181,15.0949,8.4275,28.7405,2068,2032,45,1304,2,14,3,20,9,8,388.6,510.9,713.7,132.6,1,1,2,1
pi4,OpenSSL,DEPLOY_ED25519,mTLS,35,6.0902,11.4420,6.3155,23.8477,2068,2032,45,1304,2,14,3,20,9,10,383.9,509.1,850.5,137.3,1,1,2,1
pi4,OpenSSL,DEPLOY_ED25519,mTLS,36,5.9904,8.2380,5.8855,20.1139,2068,2032,45,1304,2,14,3,20,10,10,395.3,508.3,699.0,134.1,1,1,2,1
pi4,OpenSSL,DEPLOY_ED25519,mTLS,37,7.2461,12.4103,6.2666,25.9230,2068,2032,45,1304,2,14,3,20,9,10,389.9,540.6,735.8,134.4,1,1,2,1
pi4,OpenSSL,DEPLOY_ED25519,mTLS,38,5.6821,12.8950,6.4809,25.0580,2068,2032,45,1304,2,15,3,21,9,10,390.0,509.5,696.8,132.4,1,1,2,1
pi4,OpenSSL,DEPLOY_ED25519,mTLS,39,9.1896,11.2351,7.0260,27.4507,2068,2032,45,1304,2,14,3,20,9,9,388.3,539.2,722.2,134.6,1,1,2,1
pi4,OpenSSL,DEPLOY_ED25519,mTLS,40,6.1737,9.6236,5.9668,21.7641,2068,2032,45,1304,2,15,3,21,9,10,399.7,510.7,700.9,160.0,1,1,2,1
pi4,OpenSSL,DEPLOY_ED25519,mTLS,41,8.2875,10.2228,8.6899,27.2002,2068,2032,45,1304,2,15,3,21,9,10,388.2,509.9,691.1,132.8,1,1,2,1
pi4,OpenSSL,DEPLOY_ED25519,mTLS,42,6.0449,10.3950,6.2155,22.6554,2068,2032,45,1304,2,14,3,20,9,10,404.6,525.0,689.1,132.6,1,1,2,1
pi4,OpenSSL,DEPLOY_ED25519,mTLS,43,9.5641,10.2485,6.1515,25.9642,2068,2032,45,1304,2,14,3,20,9,10,389.8,507.4,692.6,133.3,1,1,2,1
pi4,OpenSSL,DEPLOY_ED25519,mTLS,44,6.6631,11.9684,7.3654,25.9969,2068,2032,45,1304,2,15,3,21,9,10,399.3,512.1,726.1,134.4,1,1,2,1
pi4,OpenSSL,DEPLOY_ED25519,mTLS,45,5.4296,14.3149,7.2040,26.9485,2068,2032,45,1304,2,15,3,21,9,8,386.5,538.9,725.1,134.2,1,1,2,1
pi4,OpenSSL,DEPLOY_ED25519,mTLS,46,8.6261,12.2547,10.5321,31.4129,2068,2032,45,1304,2,15,3,21,9,10,391.3,508.8,714.2,133.4,1,1,2,1
pi4,OpenSSL,DEPLOY_ED25519,mTLS,47,9.0656,10.1741,6.9297,26.1695,2068,2032,45,1304,2,14,3,20,9,9,404.1,540.8,698.6,134.2,1,1,2,1
pi4,OpenSSL,DEPLOY_ED25519,mTLS,48,5.5449,12.8865,9.1190,27.5504,2068,2032,45,1304,2,14,3,20,9,10,412.5,510.8,688.8,161.5,1,1,2,1
pi4,OpenSSL,DEPLOY_ED25519,mTLS,49,7.3818,14.6307,9.0716,31.0841,2068,2032,45,1304,2,15,3,21,9,10,389.3,508.1,691.7,133.9,1,1,2,1
pi4,OpenSSL,DEPLOY_ED25519,mTLS-checked,0,8.1169,14.0626,8.5713,30.7508,2068,2032,45,1304,2,15,3,21,9,11,897.9,1104.5,2182.9,297.2,1,1,2,1
pi4,OpenSSL,DEPLOY_ED25519,mTLS-checked,1,5.1830,15.7723,6.4127,27.3680,2068,2032,45,1304,2,14,3,20,9,10,855.0,1102.3,2220.7,292.2,1,1,2,1
pi4,OpenSSL,DEPLOY_ED25519,mTLS-checked,2,7.7387,18.1687,6.4598,32.3672,2068,2032,45,1304,2,15,3,21,9,9,811.9,1023.5,1946.4,261.0,1,1,2,1
pi4,OpenSSL,DEPLOY_ED25519,mTLS-checked,3,5.8238,13.2976,6.6614,25.7829,2068,2032,45,1304,2,14,3,20,9,10,730.3,981.3,1975.0,260.1,1,1,2,1
pi4,OpenSSL,DEPLOY_ED25519,mTLS-checked,4,11.7119,13.5451,6.9034,32.1604,2068,2032,45,1304,2,15,3,21,9,10,727.4,1016.9,1941.2,259.8,1,1,2,1
pi4,OpenSSL,DEPLOY_ED25519,mTLS-checked,5,6.0085,15.2300,12.7267,33.9653,2068,2032,45,1304,2,14,3,20,9,9,736.4,1015.7,2035.8,260.4,1,1,2,1
pi4,OpenSSL,DEPLOY_ED25519,mTLS-checked,6,6.5768,21.5949,6.5395,34.7112,2068,2032,45,1304,2,14,3,20,9,10,733.6,983.8,1948.3,260.0,1,1,2,1
pi4,OpenSSL,DEPLOY_ED25519,mTLS-checked,7,6.3716,15.8653,6.8719,29.1088,2068,2032,45,1304,2,15,3,21,9,10,748.1,1010.4,1949.7,288.9,1,1,2,1
pi4,OpenSSL,DEPLOY_ED25519,mTLS-checked,8,5.3495,12.7864,12.3254,30.4612,2068,2032,45,1304,2,14,3,20,9,9,733.2,983.6,1960.2,258.8,1,1,2,1
pi4,OpenSSL,DEPLOY_ED25519,mTLS-checked,9,7.4541,13.3713,8.5699,29.3952,2068,2032,45,1304,2,14,3,20,9,10,737.5,984.9,1980.3,260.3,1,1,2,1
pi4,OpenSSL,DEPLOY_ED25519,mTLS-checked,10,6.0781,15.6785,6.9897,28.7463,2068,2032,45,1304,2,14,3,20,9,11,728.8,985.0,1922.7,260.0,1,1,2,1
pi4,OpenSSL,DEPLOY_ED25519,mTLS-checked,11,5.3949,15.1142,10.1029,30.6120,2068,2032,45,1304,2,14,3,20,9,10,728.2,981.1,1961.7,259.8,1,1,2,1
pi4,OpenSSL,DEPLOY_ED25519,mTLS-checked,12,5.9017,19.0281,6.3995,31.3293,2068,2032,45,1304,2,15,3,21,9,10,725.4,1011.0,1941.7,261.8,1,1,2,1
pi4,OpenSSL,DEPLOY_ED25519,mTLS-checked,13,7.1403,11.2799,8.2805,26.7007,2068,2032,45,1304,2,14,3,20,10,10,726.9,984.6,1928.8,259.8,1,1,2,1
pi4,OpenSSL,DEPLOY_ED25519,mTLS-checked,14,8.9383,12.6432,7.5760,29.1576,2068,2032,45,1304,2,14,3,20,9,10,786.4,982.2,1960.1,260.0,1,1,2,1
pi4,OpenSSL,DEPLOY_ED25519,mTLS-checked,15,5.7491,14.8998,9.6963,30.3452,2068,2032,45,1304,2,15,3,21,9,10,729.7,987.2,1942.9,377.0,1,1,2,1
pi4,OpenSSL,DEPLOY_ED25519,mTLS-checked,16,4.7839,14.3709,6.8717,26.0265,2068,2032,45,1304,2,15,3,21,9,9,763.2,1000.6,1973.9,260.4,1,1,2,1
pi4,OpenSSL,DEPLOY_ED25519,mTLS-checked,17,5.6781,12.2787,16.0242,33.9810,2068,2032,45,1304,2,14,3,20,9,10,729.1,980.7,1978.9,259.4,1,1,2,1
pi4,OpenSSL,DEPLOY_ED25519,mTLS-checked,18,6.3811,14.0308,8.9832,29.3951,2068,2032,45,1304,2,14,3,20,9,10,726.1,980.9,1943.4,259.4,1,1,2,1
pi4,OpenSSL,DEPLOY_ED25519,mTLS-checked,19,12.0146,12.3520,6.6672,31.0338,2068,2032,45,1304,2,15,3,21,9,10,736.2,1008.2,1934.8,260.3,1,1,2,1
pi4,OpenSSL,DEPLOY_ED25519,mTLS-checked,20,4.4337,16.5875,9.6992,30.7204,2068,2032,45,1304,2,14,3,20,9,10,730.5,1008.9,1927.3,260.9,1,1,2,1
pi4,OpenSSL,DEPLOY_ED25519,mTLS-checked,21,6.0950,17.0072,8.0646,31.1668,2068,2032,45,1304,2,15,3,21,9,10,732.8,1010.9,1961.5,259.9,1,1,2,1
pi4,OpenSSL,DEPLOY_ED25519,mTLS-checked,22,5.3893,18.1221,7.7381,31.2495,2068,2032,45,1304,2,15,3,21,9,11,862.0,1019.8,1948.8,261.0,1,1,2,1
pi4,OpenSSL,DEPLOY_ED25519,mTLS-checked,23,6.1206,17.1198,7.9645,31.2049,2068,2032,45,1304,2,15,3,21,9,11,728.5,979.3,1938.8,260.7,1,1,2,1
pi4,OpenSSL,DEPLOY_ED25519,mTLS-checked,24,10.3661,12.2582,5.8945,28.5188,2068,2032,45,1304,2,14,3,20,9,10,763.6,981.4,1940.3,260.0,1,1,2,1
pi4,OpenSSL,DEPLOY_ED25519,mTLS-checked,25,5.1343,13.4774,8.5350,27.1467,2068,2032,45,1304,2,14,3,20,9,11,755.9,1070.8,1954.7,298.5,1,1,2,1
pi4,OpenSSL,DEPLOY_ED25519,mTLS-checked,26,5.0225,13.7476,6.7607,25.5308,2068,2032,45,1304,2,14,3,20,9,10,729.4,1010.8,1929.3,260.8,1,1,2,1
pi4,OpenSSL,DEPLOY_ED25519,mTLS-checked,27,5.4448,13.5475,8.3711,27.3633,2068,2032,45,1304,2,14,3,20,9,11,728.0,977.2,1976.7,259.4,1,1,2,1
pi4,OpenSSL,DEPLOY_ED25519,mTLS-checked,28,5.7958,13.8981,4.9399,24.6338,2068,2032,45,1304,2,15,3,21,9,10,733.6,979.9,1992.5,259.8,1,1,2,1
pi4,OpenSSL,DEPLOY_ED25519,mTLS-checked,29,5.5470,14.1681,9.9922,29.7074,2068,2032,45,1304,2,15,3,21,9,10,728.6,1009.3,2013.0,264.0,1,1,2,1
pi4,OpenSSL,DEPLOY_ED25519,mTLS-checked,30,6.0428,11.9967,7.1528,25.1923,2068,2032,45,1304,2,14,3,20,10,11,763.4,984.1,1940.2,259.8,1,1,2,1
pi4,OpenSSL,DEPLOY_ED25519,mTLS-checked,31,6.8293,17.0981,7.1488,31.0763,2068,2032,45,1304,2,14,3,20,9,10,723.8,982.3,1970.0,259.5,1,1,2,1
pi4,OpenSSL,DEPLOY_ED25519,mTLS-checked,32,9.6013,14.7936,8.1318,32.5267,2068,2032,45,1304,2,15,3,21,9,10,726.7,1009.1,2052.2,261.7,1,1,2,1
pi4,OpenSSL,DEPLOY_ED25519,mTLS-checked,33,8.4386,13.4647,7.1884,29.0918,2068,2032,45,1304,2,14,3,20,9,11,776.5,981.8,1940.9,259.8,1,1,2,1
pi4,OpenSSL,DEPLOY_ED25519,mTLS-checked,34,7.1480,12.2155,6.5415,25.9051,2068,2032,45,1304,2,14,3,20,9,10,749.8,981.3,1937.0,261.2,1,1,2,1
pi4,OpenSSL,DEPLOY_ED25519,mTLS-checked,35,7.8335,12.6889,7.1970,27.7194,2068,2032,45,1304,2,14,3,20,9,11,739.8,983.2,1990.0,260.2,1,1,2,1
pi4,OpenSSL,DEPLOY_ED25519,mTLS-checked,36,6.7331,13.7903,8.1939,28.7173,2068,2032,45,1304,2,14,3,20,9,10,761.0,992.7,2046.9,263.5,1,1,2,1
pi4,OpenSSL,DEPLOY_ED25519,mTLS-checked,37,5.9087,13.5517,10.2612,29.7216,2068,2032,45,1304,2,14,3,20,9,11,735.4,984.3,1992.9,260.0,1,1,2,1
pi4,OpenSSL,DEPLOY_ED25519,mTLS-checked,38,6.5751,14.5581,7.3013,28.4344,2068,2032,45,1304,2,15,3,21,9,10,729.0,982.5,2022.6,261.3,1,1,2,1
pi4,OpenSSL,DEPLOY_ED25519,mTLS-checked,39,9.2437,14.7176,9.9070,33.8682,2068,2032,45,1304,2,14,3,20,9,9,787.6,1034.8,2030.5,260.9,1,1,2,1
pi4,OpenSSL,DEPLOY_ED25519,mTLS-checked,40,8.7080,14.8626,5.5406,29.1112,2068,2032,45,1304,2,15,3,21,10,10,734.2,981.5,1943.0,260.4,1,1,2,1
pi4,OpenSSL,DEPLOY_ED25519,mTLS-checked,41,6.7021,16.4342,8.8436,31.9799,2068,2032,45,1304,2,15,3,21,9,11,726.4,981.3,1941.9,259.6,1,1,2,1
pi4,OpenSSL,DEPLOY_ED25519,mTLS-checked,42,5.1741,13.8862,7.7366,26.7968,2068,2032,45,1304,2,15,3,21,9,11,764.8,981.5,1943.1,259.5,1,1,2,1
pi4,OpenSSL,DEPLOY_ED25519,mTLS-checked,43,5.8209,20.0862,7.5424,33.4495,2068,2032,45,1304,2,14,3,20,9,10,734.5,1015.0,1977.8,260.2,1,1,2,1
pi4,OpenSSL,DEPLOY_ED25519,mTLS-checked,44,5.2010,15.5812,7.7654,28.5476,2068,2032,45,1304,2,15,3,21,9,11,730.5,985.3,1942.0,260.0,1,1,2,1
pi4,OpenSSL,DEPLOY_ED25519,mTLS-checked,45,6.2679,15.8495,9.0806,31.1980,2068,2032,45,1304,2,14,3,20,9,11,725.6,981.7,1924.4,259.8,1,1,2,1
pi4,OpenSSL,DEPLOY_ED25519,mTLS-checked,46,5.0372,12.9209,10.3971,28.3552,2068,2032,45,1304,2,15,3,21,9,10,743.1,1009.6,1943.7,261.9,1,1,2,1
pi4,OpenSSL,DEPLOY_ED25519,mTLS-checked,47,5.2148,14.3619,7.4807,27.0573,2068,2032,45,1304,2,15,3,21,9,10,729.1,980.8,1940.9,259.8,1,1,2,1
pi4,OpenSSL,DEPLOY_ED25519,mTLS-checked,48,6.7538,13.6595,7.9415,28.3547,2068,2032,45,1304,2,15,3,21,9,10,726.4,978.4,1984.2,264.4,1,1,2,1
pi4,OpenSSL,DEPLOY_ED25519,mTLS-checked,49,4.6988,15.5619,7.2768,27.5376,2068,2032,45,1304,2,14,3,20,9,11,738.3,994.2,2138.6,260.3,1,1,2,1
pi4,wolfSSL,DEPLOY_ED25519,TLS,0,6.2783,8.5790,10.6703,25.5276,1496,1783,45,568,2,12,3,18,8,10,129.2,301.3,463.0,0.0,2,2,2,0
pi4,wolfSSL,DEPLOY_ED25519,TLS,1,5.8734,11.3907,5.4368,22.7010,1496,1783,45,568,2,12,3,18,8,10,152.8,285.7,455.3,0.0,2,2,2,0
pi4,wolfSSL,DEPLOY_ED25519,TLS,2,5.3558,9.8540,7.9901,23.1998,1496,1783,45,568,2,13,3,19,8,9,151.3,281.7,459.0,0.0,2,2,2,0
pi4,wolfSSL,DEPLOY_ED25519,TLS,3,4.8976,11.2838,4.6380,20.8194,1496,1783,45,568,2,13,3,19,8,9,137.3,275.0,452.5,0.0,2,2,2,0
pi4,wolfSSL,DEPLOY_ED25519,TLS,4,5.2523,9.9059,6.1818,21.3400,1496,1783,45,568,2,13,3,19,8,10,151.6,282.2,506.8,0.0,2,2,2,0
pi4,wolfSSL,DEPLOY_ED25519,TLS,5,8.4377,10.3642,7.8185,26.6204,1496,1783,45,568,2,13,3,19,8,8,147.2,303.4,460.0,0.0,2,2,2,0
pi4,wolfSSL,DEPLOY_ED25519,TLS,6,6.7464,12.3320,5.6673,24.7457,1496,1783,45,568,2,12,3,18,8,10,144.3,285.3,454.3,0.0,2,2,2,0
pi4,wolfSSL,DEPLOY_ED25519,TLS,7,8.7347,11.7243,5.9732,26.4321,1496,1783,45,568,2,12,3,18,8,10,139.0,276.3,447.0,0.0,2,2,2,0
pi4,wolfSSL,DEPLOY_ED25519,TLS,8,5.0513,7.7699,6.5702,19.3915,1496,1783,45,568,2,12,3,18,8,10,145.8,272.6,444.9,0.0,2,2,2,0
pi4,wolfSSL,DEPLOY_ED25519,TLS,9,5.8843,9.8366,7.0316,22.7525,1496,1783,45,568,2,12,3,18,8,10,149.7,281.7,457.4,0.0,2,2,2,0
pi4,wolfSSL,DEPLOY_ED25519,TLS,10,8.9920,11.4077,6.1369,26.5365,1496,1783,45,568,2,13,3,19,8,9,151.4,282.9,461.3,0.0,2,2,2,0
pi4,wolfSSL,DEPLOY_ED25519,TLS,11,4.8688,12.4367,6.1986,23.5042,1496,1783,45,568,2,12,3,18,8,10,149.1,294.8,450.3,0.0,2,2,2,0
pi4,wolfSSL,DEPLOY_ED25519,TLS,12,7.3062,8.7454,6.2412,22.2928,1496,1783,45,568,2,12,3,18,8,10,134.8,272.5,446.6,0.0,2,2,2,0
pi4,wolfSSL,DEPLOY_ED25519,TLS,13,5.7229,9.6757,7.9037,23.3023,1496,1783,45,568,2,12,3,18,8,10,130.2,275.4,450.3,0.0,2,2,2,0
pi4,wolfSSL,DEPLOY_ED25519,TLS,14,5.3882,10.9187,5.6137,21.9205,1496,1783,45,568,2,12,3,18,8,10,151.1,282.5,455.4,0.0,2,2,2,0
pi4,wolfSSL,DEPLOY_ED25519,TLS,15,6.2336,6.4464,5.7647,18.4447,1496,1783,45,568,2,12,3,18,8,8,134.0,274.1,449.7,0.0,2,2,2,0
pi4,wolfSSL,DEPLOY_ED25519,TLS,16,6.6196,10.3825,5.9225,22.9246,1496,1783,45,568,2,13,3,19,8,9,132.7,271.1,447.7,0.0,2,2,2,0
pi4,wolfSSL,DEPLOY_ED25519,TLS,17,8.2552,9.6469,5.8313,23.7334,1496,1783,45,568,2,13,3,19,8,9,133.9,271.2,453.7,0.0,2,2,2,0
pi4,wolfSSL,DEPLOY_ED25519,TLS,18,6.3873,11.6025,5.3015,23.2913,1496,1783,45,568,2,13,3,19,8,8,150.6,302.8,459.5,0.0,2,2,2,0
pi4,wolfSSL,DEPLOY_ED25519,TLS,19,6.7637,8.0323,6.2515,21.0475,1496,1783,45,568,2,12,3,18,8,9,142.3,297.0,460.5,0.0,2,2,2,0
pi4,wolfSSL,DEPLOY_ED25519,TLS,20,4.6754,15.1253,5.9204,25.7210,1496,1783,45,568,2,13,3,19,8,8,140.4,277.6,451.2,0.0,2,2,2,0
pi4,wolfSSL,DEPLOY_ED25519,TLS,21,5.8096,7.7619,6.7088,20.2803,1496,1783,45,568,2,12,3,18,8,9,133.8,273.6,468.0,0.0,2,2,2,0
pi4,wolfSSL,DEPLOY_ED25519,TLS,22,4.7749,8.1138,5.5311,18.4198,1496,1783,45,568,2,12,3,18,8,10,131.1,276.1,448.3,0.0,2,2,2,0
pi4,wolfSSL,DEPLOY_ED25519,TLS,23,8.5056,8.1259,7.6582,24.2897,1496,1783,45,568,2,13,3,19,8,9,150.8,281.4,455.7,0.0,2,2,2,0
pi4,wolfSSL,DEPLOY_ED25519,TLS,24,5.3967,9.1471,8.8065,23.3502,1496,1783,45,568,2,12,3,18,8,9,134.0,274.3,467.4,0.0,2,2,2,0
pi4,wolfSSL,DEPLOY_ED25519,TLS,25,9.1217,8.9453,10.8708,28.9378,1496,1783,45,568,2,12,3,18,8,10,133.9,273.9,450.2,0.0,2,2,2,0
pi4,wolfSSL,DEPLOY_ED25519,TLS,26,6.3072,13.3627,8.2626,27.9325,1496,1783,45,568,2,12,3,18,8,10,130.1,299.7,457.2,0.0,2,2,2,0
pi4,wolfSSL,DEPLOY_ED25519,TLS,27,8.0982,10.9557,6.4120,25.4660,1496,1783,45,568,2,13,3,19,8,9,151.6,280.0,456.6,0.0,2,2,2,0
pi4,wolfSSL,DEPLOY_ED25519,TLS,28,5.6937,12.0772,8.7386,26.5095,1496,1783,45,568,2,13,3,19,8,9,149.5,280.0,458.1,0.0,2,2,2,0
pi4,wolfSSL,DEPLOY_ED25519,TLS,29,10.2935,7.8355,6.8058,24.9347,1496,1783,45,568,2,12,3,18,8,10,137.8,273.8,473.3,0.0,2,2,2,0
pi4,wolfSSL,DEPLOY_ED25519,TLS,30,6.8422,8.9585,5.6092,21.4099,1496,1783,45,568,2,12,3,18,8,9,133.8,271.4,448.3,0.0,2,2,2,0
pi4,wolfSSL,DEPLOY_ED25519,TLS,31,7.4126,10.3654,8.3980,26.1760,1496,1783,45,568,2,13,3,19,8,8,150.6,281.4,453.5,0.0,2,2,2,0
pi4,wolfSSL,DEPLOY_ED25519,TLS,32,6.9908,13.1291,5.8443,25.9642,1496,1783,45,568,2,12,3,18,8,10,131.6,276.6,443.9,0.0,2,2,2,0
pi4,wolfSSL,DEPLOY_ED25519,TLS,33,7.1063,7.0134,6.7226,20.8422,1496,1783,45,568,2,12,3,18,8,9,131.7,272.5,452.2,0.0,2,2,2,0
pi4,wolfSSL,DEPLOY_ED25519,TLS,34,5.3543,10.3063,5.1716,20.8322,1496,1783,45,568,2,13,3,19,8,10,134.2,273.4,459.8,0.0,2,2,2,0
pi4,wolfSSL,DEPLOY_ED25519,TLS,35,6.7365,12.7353,7.0889,26.5607,1496,1783,45,568,2,13,3,19,8,10,154.8,286.7,458.8,0.0,2,2,2,0
pi4,wolfSSL,DEPLOY_ED25519,TLS,36,6.9860,9.1741,7.6129,23.7729,1496,1783,45,568,2,12,3,18,8,9,150.0,283.5,459.5,0.0,2,2,2,0
pi4,wolfSSL,DEPLOY_ED25519,TLS,37,22.8955,7.6341,5.9355,36.4650,1496,1783,45,568,2,12,3,18,8,10,134.3,273.6,449.3,0.0,2,2,2,0
pi4,wolfSSL,DEPLOY_ED25519,TLS,38,5.3989,10.9460,6.9781,23.3230,1496,1783,45,568,2,12,3,18,8,10,135.0,279.0,448.4,0.0,2,2,2,0
pi4,wolfSSL,DEPLOY_ED25519,TLS,39,6.9661,11.3972,7.0138,25.3771,1496,1783,45,568,2,12,3,18,8,10,150.1,282.2,456.4,0.0,2,2,2,0
pi4,wolfSSL,DEPLOY_ED25519,TLS,40,5.3797,8.8367,5.9570,20.1734,1496,1783,45,568,2,13,3,19,8,10,132.0,288.8,444.3,0.0,2,2,2,0
pi4,wolfSSL,DEPLOY_ED25519,TLS,41,5.5449,10.3855,6.2849,22.2152,1496,1783,45,568,2,12,3,18,8,10,139.7,276.9,452.6,0.0,2,2,2,0
pi4,wolfSSL,DEPLOY_ED25519,TLS,42,4.9134,12.1422,4.4162,21.4719,1496,1783,45,568,2,13,3,19,8,9,131.7,271.0,460.5,0.0,2,2,2,0
pi4,wolfSSL,DEPLOY_ED25519,TLS,43,6.6512,10.8605,9.8897,27.4014,1496,1783,45,568,2,13,3,19,8,10,154.7,288.5,465.3,0.0,2,2,2,0
pi4,wolfSSL,DEPLOY_ED25519,TLS,44,10.0952,7.9324,6.1793,24.2069,1496,1783,45,568,2,12,3,18,8,10,150.4,281.6,472.8,0.0,2,2,2,0
pi4,wolfSSL,DEPLOY_ED25519,TLS,45,6.5425,10.4328,16.9693,33.9446,1496,1783,45,568,2,13,3,19,8,10,135.1,285.3,447.1,0.0,2,2,2,0
pi4,wolfSSL,DEPLOY_ED25519,TLS,46,5.4285,7.3835,7.2839,20.0959,1496,1783,45,568,2,13,3,19,8,9,154.0,283.2,457.1,0.0,2,2,2,0
pi4,wolfSSL,DEPLOY_ED25519,TLS,47,7.3967,19.3354,7.9277,34.6598,1496,1783,45,568,2,13,3,19,11,10,152.9,282.9,458.0,0.0,2,2,2,0
pi4,wolfSSL,DEPLOY_ED25519,TLS,48,6.0195,7.9345,16.2356,30.1895,1496,1783,45,568,2,12,3,18,8,10,148.4,278.7,451.7,0.0,2,2,2,0
pi4,wolfSSL,DEPLOY_ED25519,TLS,49,5.3518,9.6081,4.8690,19.8289,1496,1783,45,568,2,12,3,18,8,9,134.4,275.3,448.7,0.0,2,2,2,0
pi4,wolfSSL,DEPLOY_ED25519,TLS-checked,0,5.8442,9.9840,5.8750,21.7032,1496,1783,45,568,2,12,3,18,8,10,131.1,272.8,449.3,0.0,2,2,2,0
pi4,wolfSSL,DEPLOY_ED25519,TLS-checked,1,6.2862,9.6544,8.5011,24.4418,1496,1783,45,568,2,13,3,19,8,8,133.3,274.5,452.0,0.0,2,2,2,0
pi4,wolfSSL,DEPLOY_ED25519,TLS-checked,2,5.8451,9.4705,8.5395,23.8551,1496,1783,45,568,2,13,3,19,8,10,133.1,287.3,454.8,0.0,2,2,2,0
pi4,wolfSSL,DEPLOY_ED25519,TLS-checked,3,7.4980,13.6451,8.2937,29.4368,1496,1783,45,568,2,12,3,18,8,9,156.5,285.4,458.0,0.0,2,2,2,0
pi4,wolfSSL,DEPLOY_ED25519,TLS-checked,4,6.4581,8.4604,6.0954,21.0139,1496,1783,45,568,2,12,3,18,8,10,149.1,283.5,467.9,0.0,2,2,2,0
pi4,wolfSSL,DEPLOY_ED25519,TLS-checked,5,6.3736,7.9237,8.4796,22.7769,1496,1783,45,568,2,12,3,18,8,9,134.8,275.6,448.9,0.0,2,2,2,0
pi4,wolfSSL,DEPLOY_ED25519,TLS-checked,6,4.7500,8.7937,8.6689,22.2126,1496,1783,45,568,2,12,3,18,8,9,131.4,273.1,449.1,0.0,2,2,2,0
pi4,wolfSSL,DEPLOY_ED25519,TLS-checked,7,6.2295,7.7444,6.0760,20.0499,1496,1783,45,568,2,12,3,18,8,9,151.7,287.2,458.8,0.0,2,2,2,0
pi4,wolfSSL,DEPLOY_ED25519,TLS-checked,8,6.9388,10.1459,6.1323,23.2170,1496,1783,45,568,2,12,3,18,8,10,136.9,275.4,452.6,0.0,2,2,2,0
pi4,wolfSSL,DEPLOY_ED25519,TLS-checked,9,7.7380,11.5028,5.9115,25.1523,1496,1783,45,568,2,12,3,18,8,10,131.3,274.6,450.9,0.0,2,2,2,0
pi4,wolfSSL,DEPLOY_ED25519,TLS-checked,10,5.6622,11.8450,6.6084,24.1156,1496,1783,45,568,2,13,3,19,8,10,128.9,272.9,447.9,0.0,2,2,2,0
pi4,wolfSSL,DEPLOY_ED25519,TLS-checked,11,9.0788,7.9218,5.7903,22.7908,1496,1783,45,568,2,12,3,18,8,9,150.9,303.2,462.3,0.0,2,2,2,0
pi4,wolfSSL,DEPLOY_ED25519,TLS-checked,12,5.2930,6.6983,7.8630,19.8542,1496,1783,45,568,2,12,3,18,8,9,141.6,276.2,448.6,0.0,2,2,2,0
pi4,wolfSSL,DEPLOY_ED25519,TLS-checked,13,5.1255,16.3952,6.1746,27.6952,1496,1783,45,568,2,13,3,19,11,11,149.4,281.9,478.1,0.0,2,2,2,0
pi4,wolfSSL,DEPLOY_ED25519,TLS-checked,14,5.5995,9.9625,7.6109,23.1729,1496,1783,45,568,2,13,3,19,8,10,138.1,274.7,456.3,0.0,2,2,2,0
pi4,wolfSSL,DEPLOY_ED25519,TLS-checked,15,6.3375,7.8551,4.6677,18.8603,1496,1783,45,568,2,12,3,18,8,9,131.3,274.4,465.3,0.0,2,2,2,0
pi4,wolfSSL,DEPLOY_ED25519,TLS-checked,16,5.8203,7.6109,5.8781,19.3092,1496,1783,45,568,2,13,3,19,9,10,150.1,281.4,460.6,0.0,2,2,2,0
pi4,wolfSSL,DEPLOY_ED25519,TLS-checked,17,6.9728,11.0595,5.6465,23.6788,1496,1783,45,568,2,12,3,18,8,8,133.5,275.5,451.5,0.0,2,2,2,0
pi4,wolfSSL,DEPLOY_ED25519,TLS-checked,18,7.0096,7.8063,5.3737,20.1896,1496,1783,45,568,2,12,3,18,8,9,130.4,274.5,450.0,0.0,2,2,2,0
pi4,wolfSSL,DEPLOY_ED25519,TLS-checked,19,6.2759,10.3088,7.7494,24.3340,1496,1783,45,568,2,13,3,19,8,10,130.6,272.5,449.5,0.0,2,2,2,0
pi4,wolfSSL,DEPLOY_ED25519,TLS-checked,20,5.1916,9.7162,6.7761,21.6839,1496,1783,45,568,2,12,3,18,8,10,128.9,309.3,470.4,0.0,2,2,2,0
pi4,wolfSSL,DEPLOY_ED25519,TLS-checked,21,7.7631,11.0652,9.1190,27.9474,1496,1783,45,568,2,12,3,18,8,10,146.0,277.9,450.4,0.0,2,2,2,0
pi4,wolfSSL,DEPLOY_ED25519,TLS-checked,22,6.6189,8.6966,7.4405,22.7560,1496,1783,45,568,2,12,3,18,8,10,162.7,307.5,459.5,0.0,2,2,2,0
pi4,wolfSSL,DEPLOY_ED25519,TLS-checked,23,5.4158,10.3494,9.4676,25.2328,1496,1783,45,568,2,13,3,19,8,8,136.7,282.3,450.5,0.0,2,2,2,0
pi4,wolfSSL,DEPLOY_ED25519,TLS-checked,24,4.5757,10.5791,4.7325,19.8873,1496,1783,45,568,2,13,3,19,8,9,137.2,288.8,467.1,0.0,2,2,2,0
pi4,wolfSSL,DEPLOY_ED25519,TLS-checked,25,5.3139,9.6439,6.4068,21.3646,1496,1783,45,568,2,13,3,19,8,10,148.8,297.3,454.1,0.0,2,2,2,0
pi4,wolfSSL,DEPLOY_ED25519,TLS-checked,26,8.1252,9.3595,9.4138,26.8985,1496,1783,45,568,2,13,3,19,8,10,164.9,285.8,452.4,0.0,2,2,2,0
pi4,wolfSSL,DEPLOY_ED25519,TLS-checked,27,6.5841,8.5427,5.9705,21.0974,1496,1783,45,568,2,13,3,19,8,9,147.2,290.1,453.0,0.0,2,2,2,0
pi4,wolfSSL,DEPLOY_ED25519,TLS-checked,28,11.2198,10.3111,7.1420,28.6728,1496,1783,45,568,2,13,3,19,9,9,151.2,288.4,451.7,0.0,2,2,2,0
pi4,wolfSSL,DEPLOY_ED25519,TLS-checked,29,5.3273,11.4045,6.6664,23.3982,1496,1783,45,568,2,13,3,19,8,9,155.1,293.2,454.1,0.0,2,2,2,0
pi4,wolfSSL,DEPLOY_ED25519,TLS-checked,30,4.8753,18.3364,11.3117,34.5234,1496,1783,45,568,2,12,3,18,11,10,139.8,306.1,464.0,0.0,2,2,2,0
pi4,wolfSSL,DEPLOY_ED25519,TLS-checked,31,7.2207,6.6795,8.2414,22.1415,1496,1783,45,568,2,12,3,18,8,8,152.4,285.2,460.9,0.0,2,2,2,0
pi4,wolfSSL,DEPLOY_ED25519,TLS-checked,32,11.6283,16.8175,33.7433,62.1891,1496,1783,45,568,2,13,3,19,8,10,153.1,301.4,465.3,0.0,2,2,2,0
pi4,wolfSSL,DEPLOY_ED25519,TLS-checked,33,6.1655,15.3144,9.6885,31.1684,1496,1783,45,568,2,12,3,18,8,9,142.0,279.3,452.7,0.0,2,2,2,0
pi4,wolfSSL,DEPLOY_ED25519,TLS-checked,34,6.7501,13.2693,6.3708,26.3902,1496,1783,45,568,2,13,3,19,8,9,134.3,274.7,448.5,0.0,2,2,2,0
pi4,wolfSSL,DEPLOY_ED25519,TLS-checked,35,6.0571,7.0152,5.0089,18.0812,1496,1783,45,568,2,12,3,18,8,8,154.2,282.8,457.6,0.0,2,2,2,0
pi4,wolfSSL,DEPLOY_ED25519,TLS-checked,36,5.6510,9.2722,8.9380,23.8612,1496,1783,45,568,2,13,3,19,8,10,134.7,274.0,448.4,0.0,2,2,2,0
pi4,wolfSSL,DEPLOY_ED25519,TLS-checked,37,5.4820,11.1678,5.9249,22.5747,1496,1783,45,568,2,12,3,18,8,9,151.1,282.8,479.1,0.0,2,2,2,0
pi4,wolfSSL,DEPLOY_ED25519,TLS-checked,38,6.2863,8.6093,7.6204,22.5159,1496,1783,45,568,2,12,3,18,8,10,136.1,276.0,450.7,0.0,2,2,2,0
pi4,wolfSSL,DEPLOY_ED25519,TLS-checked,39,6.1719,11.5414,7.3966,25.1099,1496,1783,45,568,2,12,3,18,8,10,133.4,298.6,460.4,0.0,2,2,2,0
pi4,wolfSSL,DEPLOY_ED25519,TLS-checked,40,5.8071,7.4005,6.8815,20.0891,1496,1783,45,568,2,12,3,18,8,10,139.2,277.1,452.7,0.0,2,2,2,0
pi4,wolfSSL,DEPLOY_ED25519,TLS-checked,41,4.9064,10.0896,4.4109,19.4069,1496,1783,45,568,2,13,3,19,8,9,141.0,279.8,455.1,0.0,2,2,2,0
pi4,wolfSSL,DEPLOY_ED25519,TLS-checked,42,6.6218,7.6318,6.8705,21.1241,1496,1783,45,568,2,12,3,18,8,10,133.3,275.5,451.5,0.0,2,2,2,0
pi4,wolfSSL,DEPLOY_ED25519,TLS-checked,43,6.5389,11.3160,5.4559,23.3108,1496,1783,45,568,2,13,3,19,8,9,135.1,277.8,447.7,0.0,2,2,2,0
pi4,wolfSSL,DEPLOY_ED25519,TLS-checked,44,4.6713,10.4715,7.1311,22.2739,1496,1783,45,568,2,13,3,19,8,9,154.5,286.2,461.8,0.0,2,2,2,0
pi4,wolfSSL,DEPLOY_ED25519,TLS-checked,45,4.8517,7.6684,6.6161,19.1362,1496,1783,45,568,2,12,3,18,8,9,134.8,279.4,452.8,0.0,2,2,2,0
pi4,wolfSSL,DEPLOY_ED25519,TLS-checked,46,7.8344,10.2074,8.4753,26.5172,1496,1783,45,568,2,13,3,19,8,9,164.8,280.1,456.7,0.0,2,2,2,0
pi4,wolfSSL,DEPLOY_ED25519,TLS-checked,47,4.8211,9.0974,5.3158,19.2343,1496,1783,45,568,2,13,3,19,8,8,131.8,277.0,467.5,0.0,2,2,2,0
pi4,wolfSSL,DEPLOY_ED25519,TLS-checked,48,8.9332,7.9991,6.3676,23.2999,1496,1783,45,568,2,12,3,18,8,9,132.4,302.1,460.1,0.0,2,2,2,0
pi4,wolfSSL,DEPLOY_ED25519,TLS-checked,49,5.6046,12.6117,6.1012,24.3175,1496,1783,45,568,2,12,3,18,8,8,139.4,277.9,452.6,0.0,2,2,2,0
pi4,wolfSSL,DEPLOY_ED25519,mTLS,0,4.7799,9.5136,11.8214,26.1150,1996,2000,45,1304,4,14,5,20,9,9,133.6,298.4,451.1,65.3,2,2,2,1
pi4,wolfSSL,DEPLOY_ED25519,mTLS,1,5.4526,8.4393,6.1283,20.0202,1996,2000,45,1304,4,15,5,21,9,10,150.7,281.7,455.9,65.5,2,2,2,1
pi4,wolfSSL,DEPLOY_ED25519,mTLS,2,5.2817,8.7511,7.0359,21.0688,1996,2000,45,1304,4,15,5,21,9,10,134.0,274.5,449.1,65.1,2,2,2,1
pi4,wolfSSL,DEPLOY_ED25519,mTLS,3,5.3545,9.0611,5.1502,19.5658,1996,2000,45,1304,4,14,5,20,9,9,132.4,273.7,445.1,65.0,2,2,2,1
pi4,wolfSSL,DEPLOY_ED25519,mTLS,4,4.7050,12.8943,5.9095,23.5089,1996,2000,45,1304,4,15,5,21,9,10,131.6,271.7,449.5,65.1,2,2,2,1
pi4,wolfSSL,DEPLOY_ED25519,mTLS,5,5.2081,9.5543,10.1773,24.9397,1996,2000,45,1304,4,14,5,20,9,9,130.3,274.6,547.0,65.9,2,2,2,1
pi4,wolfSSL,DEPLOY_ED25519,mTLS,6,6.6381,9.6595,6.0080,22.3056,1996,2000,45,1304,4,14,5,20,9,11,152.3,284.2,459.1,65.8,2,2,2,1
pi4,wolfSSL,DEPLOY_ED25519,mTLS,7,5.5716,10.5961,8.1540,24.3217,1996,2000,45,1304,4,15,5,21,9,8,135.1,299.9,459.8,65.6,2,2,2,1
pi4,wolfSSL,DEPLOY_ED25519,mTLS,8,6.7532,11.5191,6.7040,24.9764,1996,2000,45,1304,4,14,5,20,9,9,139.3,276.0,457.2,65.0,2,2,2,1
pi4,wolfSSL,DEPLOY_ED25519,mTLS,9,4.7045,11.3058,8.5236,24.5339,1996,2000,45,1304,4,15,5,21,9,10,130.8,280.8,451.6,65.4,2,2,2,1
pi4,wolfSSL,DEPLOY_ED25519,mTLS,10,5.5905,7.2190,5.9463,18.7558,1996,2000,45,1304,4,14,5,20,9,9,151.1,283.3,454.5,65.4,2,2,2,1
pi4,wolfSSL,DEPLOY_ED25519,mTLS,11,6.3036,9.3997,5.8937,21.5969,1996,2000,45,1304,4,14,5,20,9,10,137.6,277.0,447.7,83.1,2,2,2,1
pi4,wolfSSL,DEPLOY_ED25519,mTLS,12,4.9283,12.2202,4.7987,21.9472,1996,2000,45,1304,4,15,5,21,9,8,133.8,271.9,450.8,64.9,2,2,2,1
pi4,wolfSSL,DEPLOY_ED25519,mTLS,13,6.6891,11.2044,4.9190,22.8124,1996,2000,45,1304,4,15,5,21,10,10,130.0,272.7,450.4,65.1,2,2,2,1
pi4,wolfSSL,DEPLOY_ED25519,mTLS,14,6.3137,6.2752,8.4172,21.0061,1996,2000,45,1304,4,14,5,20,9,9,132.8,298.6,459.3,65.3,2,2,2,1
pi4,wolfSSL,DEPLOY_ED25519,mTLS,15,7.3367,9.3938,6.7802,23.5107,1996,2000,45,1304,4,15,5,21,9,10,151.4,280.8,469.9,65.6,2,2,2,1
pi4,wolfSSL,DEPLOY_ED25519,mTLS,16,4.9049,10.0069,8.8917,23.8036,1996,2000,45,1304,4,15,5,21,9,9,135.5,298.3,459.5,65.7,2,2,2,1
pi4,wolfSSL,DEPLOY_ED25519,mTLS,17,6.3483,13.7004,6.6546,26.7033,1996,2000,45,1304,4,15,5,21,9,9,152.4,334.2,460.6,65.3,2,2,2,1
pi4,wolfSSL,DEPLOY_ED25519,mTLS,18,8.2836,11.9778,7.1891,27.4506,1996,2000,45,1304,4,15,5,21,9,11,150.8,305.1,460.7,65.6,2,2,2,1
pi4,wolfSSL,DEPLOY_ED25519,mTLS,19,6.7110,10.2481,6.4775,23.4366,1996,2000,45,1304,4,15,5,21,10,10,140.2,279.8,456.4,65.1,2,2,2,1
pi4,wolfSSL,DEPLOY_ED25519,mTLS,20,5.9118,9.7108,5.3846,21.0072,1996,2000,45,1304,4,14,5,20,9,10,135.5,291.9,453.1,65.0,2,2,2,1
pi4,wolfSSL,DEPLOY_ED25519,mTLS,21,8.5394,7.2869,8.3699,24.1962,1996,2000,45,1304,4,14,5,20,9,8,132.3,271.4,454.5,65.3,2,2,2,1
pi4,wolfSSL,DEPLOY_ED25519,mTLS,22,5.6232,11.5718,7.5224,24.7174,1996,2000,45,1304,4,15,5,21,9,11,130.3,271.5,457.9,65.9,2,2,2,1
pi4,wolfSSL,DEPLOY_ED25519,mTLS,23,7.4499,9.3675,7.0890,23.9064,1996,2000,45,1304,4,14,5,20,9,9,151.8,286.3,457.1,66.0,2,2,2,1
pi4,wolfSSL,DEPLOY_ED25519,mTLS,24,5.4944,8.3210,6.6966,20.5119,1996,2000,45,1304,4,14,5,20,9,11,134.1,327.7,460.5,66.4,2,2,2,1
pi4,wolfSSL,DEPLOY_ED25519,mTLS,25,6.2417,12.7433,9.3630,28.3480,1996,2000,45,1304,4,14,5,20,9,9,146.0,280.9,453.2,65.2,2,2,2,1
pi4,wolfSSL,DEPLOY_ED25519,mTLS,26,5.7213,8.5229,7.3234,21.5676,1996,2000,45,1304,4,14,5,20,10,11,135.1,275.5,447.5,65.3,2,2,2,1
pi4,wolfSSL,DEPLOY_ED25519,mTLS,27,10.8717,10.4096,8.3314,29.6127,1996,2000,45,1304,4,15,5,21,9,10,150.2,283.2,455.3,65.3,2,2,2,1
pi4,wolfSSL,DEPLOY_ED25519,mTLS,28,4.9456,8.3521,8.2114,21.5091,1996,2000,45,1304,4,15,5,21,9,11,137.7,278.0,454.6,65.3,2,2,2,1
pi4,wolfSSL,DEPLOY_ED25519,mTLS,29,6.0486,12.3976,6.6801,25.1263,1996,2000,45,1304,4,15,5,21,9,10,133.9,279.4,450.2,65.5,2,2,2,1
pi4,wolfSSL,DEPLOY_ED25519,mTLS,30,6.3212,8.5842,7.6540,22.5595,1996,2000,45,1304,4,14,5,20,9,9,134.1,278.4,449.4,65.1,2,2,2,1
pi4,wolfSSL,DEPLOY_ED25519,mTLS,31,6.5244,14.2003,6.5504,27.2751,1996,2000,45,1304,4,15,5,21,9,9,170.1,300.9,460.4,65.4,2,2,2,1
pi4,wolfSSL,DEPLOY_ED25519,mTLS,32,5.7790,8.9829,5.9301,20.6919,1996,2000,45,1304,4,14,5,20,9,10,141.0,278.0,453.0,65.1,2,2,2,1
pi4,wolfSSL,DEPLOY_ED25519,mTLS,33,7.3593,8.4740,9.6025,25.4358,1996,2000,45,1304,4,14,5,20,9,10,150.3,294.6,457.5,65.8,2,2,2,1
pi4,wolfSSL,DEPLOY_ED25519,mTLS,34,5.6563,10.4887,8.0308,24.1758,1996,2000,45,1304,4,15,5,21,9,8,135.0,276.5,451.3,65.6,2,2,2,1
pi4,wolfSSL,DEPLOY_ED25519,mTLS,35,6.1025,17.2886,6.5817,29.9727,1996,2000,45,1304,4,15,5,21,9,9,152.8,282.3,455.9,65.4,2,2,2,1
pi4,wolfSSL,DEPLOY_ED25519,mTLS,36,6.2539,13.3374,6.5311,26.1223,1996,2000,45,1304,4,15,5,21,9,10,133.9,274.6,455.7,65.4,2,2,2,1
pi4,wolfSSL,DEPLOY_ED25519,mTLS,37,5.7979,11.0965,6.7497,23.6441,1996,2000,45,1304,4,15,5,21,9,10,132.0,273.4,458.4,65.3,2,2,2,1
pi4,wolfSSL,DEPLOY_ED25519,mTLS,38,4.9493,12.2686,8.0049,25.2227,1996,2000,45,1304,4,14,5,20,9,9,129.9,272.9,466.2,65.0,2,2,2,1
pi4,wolfSSL,DEPLOY_ED25519,mTLS,39,5.2790,11.0501,7.4017,23.7309,1996,2000,45,1304,4,15,5,21,9,11,149.6,299.5,481.4,65.5,2,2,2,1
pi4,wolfSSL,DEPLOY_ED25519,mTLS,40,4.8366,10.6405,6.6606,22.1377,1996,2000,45,1304,4,15,5,21,9,9,144.2,280.3,456.3,65.4,2,2,2,1
pi4,wolfSSL,DEPLOY_ED25519,mTLS,41,5.1482,8.5651,6.2955,20.0088,1996,2000,45,1304,4,14,5,20,9,8,149.8,282.4,457.5,65.7,2,2,2,1
pi4,wolfSSL,DEPLOY_ED25519,mTLS,42,10.3158,10.0123,6.8412,27.1693,1996,2000,45,1304,4,15,5,21,9,10,135.8,274.8,451.6,65.3,2,2,2,1
pi4,wolfSSL,DEPLOY_ED25519,mTLS,43,5.8934,7.8232,6.8263,20.5429,1996,2000,45,1304,4,14,5,20,9,9,151.2,283.8,457.8,65.5,2,2,2,1
pi4,wolfSSL,DEPLOY_ED25519,mTLS,44,8.5233,10.8390,5.4278,24.7900,1996,2000,45,1304,4,14,5,20,9,10,136.0,276.0,453.8,65.8,2,2,2,1
pi4,wolfSSL,DEPLOY_ED25519,mTLS,45,5.4907,10.6198,6.2325,22.3430,1996,2000,45,1304,4,15,5,21,9,11,132.6,270.5,450.3,65.1,2,2,2,1
pi4,wolfSSL,DEPLOY_ED25519,mTLS,46,5.9961,10.3598,8.3797,24.7356,1996,2000,45,1304,4,15,5,21,9,10,129.1,271.7,450.3,65.2,2,2,2,1
pi4,wolfSSL,DEPLOY_ED25519,mTLS,47,6.0501,11.1295,8.7964,25.9760,1996,2000,45,1304,4,15,5,21,9,10,132.8,299.1,457.9,65.6,2,2,2,1
pi4,wolfSSL,DEPLOY_ED25519,mTLS,48,5.0969,12.0326,7.4475,24.5770,1996,2000,45,1304,4,15,5,21,9,9,150.6,283.1,457.9,65.2,2,2,2,1
pi4,wolfSSL,DEPLOY_ED25519,mTLS,49,6.8246,9.1781,8.2631,24.2658,1996,2000,45,1304,4,14,5,20,9,10,146.0,315.1,459.4,65.5,2,2,2,1
pi4,wolfSSL,DEPLOY_ED25519,mTLS-checked,0,5.8531,9.6679,6.9198,22.4407,1996,2000,45,1304,4,15,5,21,9,10,148.7,281.8,455.5,65.4,2,2,2,1
pi4,wolfSSL,DEPLOY_ED25519,mTLS-checked,1,9.4024,9.8060,5.5634,24.7718,1996,2000,45,1304,4,15,5,21,9,10,149.6,281.7,457.3,65.3,2,2,2,1
pi4,wolfSSL,DEPLOY_ED25519,mTLS-checked,2,5.8144,11.4531,6.1421,23.4096,1996,2000,45,1304,4,14,5,20,9,9,151.8,304.7,461.8,65.6,2,2,2,1
pi4,wolfSSL,DEPLOY_ED25519,mTLS-checked,3,5.1460,12.5816,6.1316,23.8592,1996,2000,45,1304,4,15,5,21,9,9,152.0,282.3,460.5,65.3,2,2,2,1
pi4,wolfSSL,DEPLOY_ED25519,mTLS-checked,4,5.8555,10.2435,7.1279,23.2268,1996,2000,45,1304,4,15,5,21,9,9,155.7,286.7,459.4,65.3,2,2,2,1
pi4,wolfSSL,DEPLOY_ED25519,mTLS-checked,5,4.6512,12.1669,8.0551,24.8733,1996,2000,45,1304,4,14,5,20,9,10,143.5,300.7,452.7,65.6,2,2,2,1
pi4,wolfSSL,DEPLOY_ED25519,mTLS-checked,6,5.3531,11.9094,5.6696,22.9321,1996,2000,45,1304,4,15,5,21,9,9,136.5,271.9,453.3,64.9,2,2,2,1
pi4,wolfSSL,DEPLOY_ED25519,mTLS-checked,7,4.7368,8.1973,10.2587,23.1927,1996,2000,45,1304,4,14,5,20,9,9,135.1,289.9,453.8,64.8,2,2,2,1
pi4,wolfSSL,DEPLOY_ED25519,mTLS-checked,8,5.2552,11.6885,6.2782,23.2219,1996,2000,45,1304,4,14,5,20,9,10,136.8,299.0,478.0,65.7,2,2,2,1
pi4,wolfSSL,DEPLOY_ED25519,mTLS-checked,9,4.6796,9.0376,8.1177,21.8348,1996,2000,45,1304,4,15,5,21,9,10,140.0,301.8,480.3,65.5,2,2,2,1
pi4,wolfSSL,DEPLOY_ED25519,mTLS-checked,10,6.4354,8.8526,7.2761,22.5641,1996,2000,45,1304,4,14,5,20,9,10,145.2,279.3,456.0,66.0,2,2,2,1
pi4,wolfSSL,DEPLOY_ED25519,mTLS-checked,11,5.0168,8.1424,6.6819,19.8410,1996,2000,45,1304,4,15,5,21,9,9,150.9,281.9,456.8,65.7,2,2,2,1
pi4,wolfSSL,DEPLOY_ED25519,mTLS-checked,12,5.6948,14.3294,8.2607,28.2849,1996,2000,45,1304,4,15,5,21,9,9,139.1,277.0,453.5,65.3,2,2,2,1
pi4,wolfSSL,DEPLOY_ED25519,mTLS-checked,13,4.7346,7.6547,5.9432,18.3325,1996,2000,45,1304,4,14,5,20,9,9,154.0,284.2,457.7,81.0,2,2,2,1
pi4,wolfSSL,DEPLOY_ED25519,mTLS-checked,14,5.5421,15.8530,5.7582,27.1533,1996,2000,45,1304,4,15,5,21,9,9,140.1,275.6,451.2,65.4,2,2,2,1
pi4,wolfSSL,DEPLOY_ED25519,mTLS-checked,15,10.5199,7.5102,10.7601,28.7902,1996,2000,45,1304,4,14,5,20,9,10,154.4,275.8,450.5,65.5,2,2,2,1
pi4,wolfSSL,DEPLOY_ED25519,mTLS-checked,16,7.8225,11.6754,7.4448,26.9428,1996,2000,45,1304,4,15,5,21,9,10,137.1,276.4,458.3,65.8,2,2,2,1
pi4,wolfSSL,DEPLOY_ED25519,mTLS-checked,17,8.0273,9.0130,6.8884,23.9286,1996,2000,45,1304,4,14,5,20,9,10,147.7,302.8,457.8,65.6,2,2,2,1
pi4,wolfSSL,DEPLOY_ED25519,mTLS-checked,18,8.0902,9.4686,6.8878,24.4466,1996,2000,45,1304,4,14,5,20,9,10,142.3,277.4,449.2,65.2,2,2,2,1
pi4,wolfSSL,DEPLOY_ED25519,mTLS-checked,19,5.4043,10.0086,6.9700,22.3829,1996,2000,45,1304,4,15,5,21,9,9,149.3,282.7,459.5,65.5,2,2,2,1
pi4,wolfSSL,DEPLOY_ED25519,mTLS-checked,20,5.3121,12.2266,5.9140,23.4527,1996,2000,45,1304,4,15,5,21,9,9,137.6,277.2,1181.3,165.9,2,2,2,1
pi4,wolfSSL,DEPLOY_ED25519,mTLS-checked,21,7.3383,12.4552,7.3624,27.1558,1996,2000,45,1304,4,15,5,21,9,10,335.0,688.8,1146.9,165.8,2,2,2,1
pi4,wolfSSL,DEPLOY_ED25519,mTLS-checked,22,7.4085,12.4676,7.0176,26.8938,1996,2000,45,1304,4,14,5,20,9,10,318.9,704.8,1133.9,166.0,2,2,2,1
pi4,wolfSSL,DEPLOY_ED25519,mTLS-checked,23,5.3531,13.2537,5.5721,24.1790,1996,2000,45,1304,4,15,5,21,9,10,316.1,699.2,1162.1,165.4,2,2,2,1
pi4,wolfSSL,DEPLOY_ED25519,mTLS-checked,24,5.7084,14.0318,6.7605,26.5007,1996,2000,45,1304,4,15,5,21,9,10,315.9,614.8,1231.7,145.3,2,2,2,1
pi4,wolfSSL,DEPLOY_ED25519,mTLS-checked,25,6.1262,10.5638,5.1075,21.7975,1996,2000,45,1304,4,15,5,21,9,10,289.2,606.6,1008.2,145.9,2,2,2,1
pi4,wolfSSL,DEPLOY_ED25519,mTLS-checked,26,6.2905,13.7397,12.1014,32.1317,1996,2000,45,1304,4,15,5,21,9,10,294.6,602.6,1002.6,145.2,2,2,2,1
pi4,wolfSSL,DEPLOY_ED25519,mTLS-checked,27,5.9086,12.0709,6.2286,24.2082,1996,2000,45,1304,4,14,5,20,9,10,292.4,605.6,1032.3,145.4,2,2,2,1
pi4,wolfSSL,DEPLOY_ED25519,mTLS-checked,28,5.6490,14.8092,9.1795,29.6376,1996,2000,45,1304,4,15,5,21,9,11,279.9,650.5,1007.7,169.5,2,2,2,1
pi4,wolfSSL,DEPLOY_ED25519,mTLS-checked,29,6.1241,9.1430,8.4663,23.7334,1996,2000,45,1304,4,14,5,20,9,10,306.2,599.8,1023.2,145.0,2,2,2,1
pi4,wolfSSL,DEPLOY_ED25519,mTLS-checked,30,7.5261,12.8591,5.9535,26.3388,1996,2000,45,1304,4,15,5,21,9,10,278.9,597.4,991.7,144.7,2,2,2,1
pi4,wolfSSL,DEPLOY_ED25519,mTLS-checked,31,5.7977,12.9503,6.4681,25.2161,1996,2000,45,1304,4,15,5,21,9,11,279.2,594.5,993.0,145.3,2,2,2,1
pi4,wolfSSL,DEPLOY_ED25519,mTLS-checked,32,8.1969,10.3384,7.1778,25.7132,1996,2000,45,1304,4,15,5,21,9,10,293.6,631.9,1014.4,145.3,2,2,2,1
pi4,wolfSSL,DEPLOY_ED25519,mTLS-checked,33,5.8118,10.6441,5.4040,21.8598,1996,2000,45,1304,4,14,5,20,9,10,282.1,626.1,1007.9,145.1,2,2,2,1
pi4,wolfSSL,DEPLOY_ED25519,mTLS-checked,34,8.9550,14.3629,7.6252,30.9431,1996,2000,45,1304,4,15,5,21,9,11,284.2,598.0,1009.6,145.8,2,2,2,1
pi4,wolfSSL,DEPLOY_ED25519,mTLS-checked,35,5.8869,11.7507,7.3413,24.9790,1996,2000,45,1304,4,15,5,21,9,11,289.1,603.5,997.8,144.8,2,2,2,1
pi4,wolfSSL,DEPLOY_ED25519,mTLS-checked,36,7.3888,18.4529,7.0139,32.8556,1996,2000,45,1304,4,15,5,21,9,10,296.0,605.8,1004.8,145.2,2,2,2,1
pi4,wolfSSL,DEPLOY_ED25519,mTLS-checked,37,4.9702,10.9055,6.7762,22.6520,1996,2000,45,1304,4,15,5,21,9,11,281.9,597.8,997.4,144.9,2,2,2,1
pi4,wolfSSL,DEPLOY_ED25519,mTLS-checked,38,7.3568,11.3829,6.5926,25.3323,1996,2000,45,1304,4,14,5,20,9,10,282.5,598.1,996.0,145.0,2,2,2,1
pi4,wolfSSL,DEPLOY_ED25519,mTLS-checked,39,5.4282,14.5004,6.8187,26.7473,1996,2000,45,1304,4,15,5,21,9,10,306.0,594.2,1000.1,145.2,2,2,2,1
pi4,wolfSSL,DEPLOY_ED25519,mTLS-checked,40,5.8081,12.1345,7.3533,25.2959,1996,2000,45,1304,4,15,5,21,9,11,293.1,604.8,997.6,145.0,2,2,2,1
pi4,wolfSSL,DEPLOY_ED25519,mTLS-checked,41,6.6703,11.9188,8.5366,27.1258,1996,2000,45,1304,4,15,5,21,9,10,294.0,626.9,1017.7,145.2,2,2,2,1
pi4,wolfSSL,DEPLOY_ED25519,mTLS-checked,42,5.7432,10.2340,6.2839,22.2611,1996,2000,45,1304,4,15,5,21,9,9,351.3,626.6,1016.7,145.6,2,2,2,1
pi4,wolfSSL,DEPLOY_ED25519,mTLS-checked,43,5.3520,12.8706,4.3554,22.5780,1996,2000,45,1304,4,14,5,20,9,9,295.1,643.0,1011.8,145.4,2,2,2,1
pi4,wolfSSL,DEPLOY_ED25519,mTLS-checked,44,7.7915,9.4349,7.9278,25.1542,1996,2000,45,1304,4,14,5,20,9,9,296.5,606.7,1004.3,145.1,2,2,2,1
pi4,wolfSSL,DEPLOY_ED25519,mTLS-checked,45,5.0771,11.5395,7.1473,23.7638,1996,2000,45,1304,4,15,5,21,9,11,282.0,596.8,1014.0,145.4,2,2,2,1
pi4,wolfSSL,DEPLOY_ED25519,mTLS-checked,46,8.8559,11.6300,6.6702,27.1562,1996,2000,45,1304,4,15,5,21,9,10,282.8,598.8,1020.8,145.1,2,2,2,1
pi4,wolfSSL,DEPLOY_ED25519,mTLS-checked,47,5.3461,9.7619,7.3273,22.4354,1996,2000,45,1304,4,14,5,20,9,10,280.4,596.6,999.5,145.1,2,2,2,1
pi4,wolfSSL,DEPLOY_ED25519,mTLS-checked,48,7.3675,10.1496,8.3917,25.9088,1996,2000,45,1304,4,14,5,20,9,11,296.1,607.0,1011.5,145.5,2,2,2,1
pi4,wolfSSL,DEPLOY_ED25519,mTLS-checked,49,5.5895,12.8628,5.3719,23.8242,1996,2000,45,1304,4,15,5,21,9,10,281.1,624.1,1017.0,145.2,2,2,2,1
pi4,OpenSSL,DEPLOY_MLDSA65,TLS,0,6.3771,18.4125,5.9508,30.7403,1568,10249,45,568,2,16,3,22,15,15,410.5,555.1,1559.2,0.0,1,1,2,0
pi4,OpenSSL,DEPLOY_MLDSA65,TLS,1,6.5712,14.7818,7.0994,28.4524,1568,10249,45,568,2,19,3,25,15,16,437.7,512.2,1560.3,0.0,1,1,2,0
pi4,OpenSSL,DEPLOY_MLDSA65,TLS,2,6.1554,13.6374,6.9669,26.7597,1568,10249,45,568,2,16,3,22,15,15,417.0,518.4,1595.4,0.0,1,1,2,0
pi4,OpenSSL,DEPLOY_MLDSA65,TLS,3,6.2119,16.9876,5.3272,28.5268,1568,10249,45,568,2,16,3,22,16,17,393.7,509.0,1549.2,0.0,1,1,2,0
pi4,OpenSSL,DEPLOY_MLDSA65,TLS,4,5.2088,12.6487,5.4870,23.3445,1568,10249,45,568,2,16,3,22,15,17,390.9,507.4,1547.2,0.0,1,1,2,0
pi4,OpenSSL,DEPLOY_MLDSA65,TLS,5,5.8568,15.0471,5.9750,26.8790,1568,10249,45,568,2,16,3,22,15,16,391.4,505.2,1567.0,0.0,1,1,2,0
pi4,OpenSSL,DEPLOY_MLDSA65,TLS,6,5.5194,13.2065,7.2678,25.9936,1568,10249,45,568,2,12,3,18,15,16,398.0,555.7,1546.8,0.0,1,1,2,0
pi4,OpenSSL,DEPLOY_MLDSA65,TLS,7,6.5461,15.4587,5.9124,27.9171,1568,10249,45,568,2,14,3,20,12,16,392.6,509.3,1566.5,0.0,1,1,2,0
pi4,OpenSSL,DEPLOY_MLDSA65,TLS,8,5.0832,15.7121,5.0359,25.8312,1568,10249,45,568,2,15,3,21,12,16,418.5,513.8,1562.4,0.0,1,1,2,0
pi4,OpenSSL,DEPLOY_MLDSA65,TLS,9,6.8679,15.4337,6.0224,28.3240,1568,10249,45,568,2,15,3,21,12,16,408.3,523.7,1570.2,0.0,1,1,2,0
pi4,OpenSSL,DEPLOY_MLDSA65,TLS,10,6.3708,15.7844,4.3038,26.4590,1568,10249,45,568,2,12,3,18,15,16,419.3,558.6,1541.9,0.0,1,1,2,0
pi4,OpenSSL,DEPLOY_MLDSA65,TLS,11,6.4762,12.5310,4.8800,23.8873,1568,10249,45,568,2,16,3,22,15,16,392.5,506.8,1546.1,0.0,1,1,2,0
pi4,OpenSSL,DEPLOY_MLDSA65,TLS,12,6.9731,16.7700,5.8332,29.5762,1568,10249,45,568,2,16,3,22,15,15,389.8,509.8,1548.6,0.0,1,1,2,0
pi4,OpenSSL,DEPLOY_MLDSA65,TLS,13,6.8296,12.6705,8.6273,28.1273,1568,10249,45,568,2,16,3,22,15,16,392.4,536.6,1582.9,0.0,1,1,2,0
pi4,OpenSSL,DEPLOY_MLDSA65,TLS,14,9.1400,14.4112,5.8742,29.4254,1568,10249,45,568,2,12,3,18,13,16,389.7,518.3,1573.2,0.0,1,1,2,0
pi4,OpenSSL,DEPLOY_MLDSA65,TLS,15,5.8371,12.0581,5.4747,23.3698,1568,10249,45,568,2,16,3,22,15,16,398.1,567.1,1591.7,0.0,1,1,2,0
pi4,OpenSSL,DEPLOY_MLDSA65,TLS,16,7.0600,15.3484,5.3260,27.7344,1568,10249,45,568,2,16,3,22,15,17,403.1,540.2,1582.9,0.0,1,1,2,0
pi4,OpenSSL,DEPLOY_MLDSA65,TLS,17,5.3653,17.6680,8.0686,31.1019,1568,10249,45,568,2,16,3,22,15,17,399.7,512.4,1551.6,0.0,1,1,2,0
pi4,OpenSSL,DEPLOY_MLDSA65,TLS,18,5.4743,16.3272,6.4187,28.2202,1568,10249,45,568,2,12,3,18,15,16,396.0,542.0,1573.0,0.0,1,1,2,0
pi4,OpenSSL,DEPLOY_MLDSA65,TLS,19,4.7392,13.5344,5.5871,23.8607,1568,10249,45,568,2,16,3,22,15,16,413.3,502.7,1577.3,0.0,1,1,2,0
pi4,OpenSSL,DEPLOY_MLDSA65,TLS,20,6.5035,12.1718,5.5181,24.1934,1568,10249,45,568,2,15,3,21,15,15,388.5,533.2,1598.6,0.0,1,1,2,0
pi4,OpenSSL,DEPLOY_MLDSA65,TLS,21,9.2675,12.6507,6.4688,28.3870,1568,10249,45,568,2,16,3,22,15,16,393.4,508.7,1574.3,0.0,1,1,2,0
pi4,OpenSSL,DEPLOY_MLDSA65,TLS,22,5.5181,15.3230,5.6135,26.4547,1568,10249,45,568,2,16,3,22,15,14,390.4,541.4,1590.2,0.0,1,1,2,0
pi4,OpenSSL,DEPLOY_MLDSA65,TLS,23,5.4063,17.5107,5.2650,28.1819,1568,10249,45,568,2,16,3,22,18,17,394.4,536.9,1583.9,0.0,1,1,2,0
pi4,OpenSSL,DEPLOY_MLDSA65,TLS,24,7.5649,13.9967,5.6001,27.1617,1568,10249,45,568,2,16,3,22,15,16,497.8,525.9,1585.9,0.0,1,1,2,0
pi4,OpenSSL,DEPLOY_MLDSA65,TLS,25,5.3683,16.2028,11.2235,32.7946,1568,10249,45,568,2,16,3,22,18,17,391.6,508.9,1548.4,0.0,1,1,2,0
pi4,OpenSSL,DEPLOY_MLDSA65,TLS,26,6.1524,12.9390,5.6956,24.7870,1568,10249,45,568,2,12,3,18,15,16,390.6,543.6,1546.1,0.0,1,1,2,0
pi4,OpenSSL,DEPLOY_MLDSA65,TLS,27,6.5331,16.9089,6.1422,29.5843,1568,10249,45,568,2,16,3,22,15,15,390.1,515.7,1630.9,0.0,1,1,2,0
pi4,OpenSSL,DEPLOY_MLDSA65,TLS,28,6.8683,12.9463,8.1398,27.9544,1568,10249,45,568,2,16,3,22,15,16,408.3,509.8,1574.9,0.0,1,1,2,0
pi4,OpenSSL,DEPLOY_MLDSA65,TLS,29,6.0554,19.3597,5.4323,30.8473,1568,10249,45,568,2,15,3,21,15,16,390.1,549.5,1555.4,0.0,1,1,2,0
pi4,OpenSSL,DEPLOY_MLDSA65,TLS,30,7.9582,16.4700,5.2045,29.6327,1568,10249,45,568,2,16,3,22,15,16,396.6,538.7,1581.0,0.0,1,1,2,0
pi4,OpenSSL,DEPLOY_MLDSA65,TLS,31,5.0686,13.2452,6.1600,24.4738,1568,10249,45,568,2,16,3,22,15,16,403.9,527.3,1581.4,0.0,1,1,2,0
pi4,OpenSSL,DEPLOY_MLDSA65,TLS,32,5.8086,16.6356,5.7226,28.1668,1568,10249,45,568,2,16,3,22,18,16,390.6,508.7,1549.3,0.0,1,1,2,0
pi4,OpenSSL,DEPLOY_MLDSA65,TLS,33,9.3454,13.8164,4.7486,27.9103,1568,10249,45,568,2,16,3,22,16,16,391.3,527.6,1548.3,0.0,1,1,2,0
pi4,OpenSSL,DEPLOY_MLDSA65,TLS,34,5.8344,16.6773,5.1627,27.6744,1568,10249,45,568,2,16,3,22,15,15,390.8,506.7,1547.9,0.0,1,1,2,0
pi4,OpenSSL,DEPLOY_MLDSA65,TLS,35,4.9468,14.6915,6.1285,25.7668,1568,10249,45,568,2,16,3,22,15,17,396.3,518.5,1553.7,0.0,1,1,2,0
pi4,OpenSSL,DEPLOY_MLDSA65,TLS,36,9.1198,19.1846,5.9857,34.2902,1568,10249,45,568,2,19,3,25,15,16,411.3,508.1,1570.4,0.0,1,1,2,0
pi4,OpenSSL,DEPLOY_MLDSA65,TLS,37,6.0745,14.2315,9.2798,29.5859,1568,10249,45,568,2,16,3,22,15,15,393.5,549.2,1557.6,0.0,1,1,2,0
pi4,OpenSSL,DEPLOY_MLDSA65,TLS,38,5.8250,18.7779,6.2427,30.8456,1568,10249,45,568,2,16,3,22,15,15,401.7,515.3,1551.7,0.0,1,1,2,0
pi4,OpenSSL,DEPLOY_MLDSA65,TLS,39,6.2129,16.0487,4.5461,26.8077,1568,10249,45,568,2,16,3,22,15,15,400.1,511.5,1551.0,0.0,1,1,2,0
pi4,OpenSSL,DEPLOY_MLDSA65,TLS,40,6.6951,13.3738,5.4874,25.5562,1568,10249,45,568,2,12,3,18,12,16,420.5,514.1,1576.4,0.0,1,1,2,0
pi4,OpenSSL,DEPLOY_MLDSA65,TLS,41,3.9959,18.5462,6.7521,29.2941,1568,10249,45,568,2,16,3,22,15,16,388.7,514.2,1626.9,0.0,1,1,2,0
pi4,OpenSSL,DEPLOY_MLDSA65,TLS,42,6.6393,15.3230,5.1681,27.1303,1568,10249,45,568,2,18,3,24,15,15,395.3,514.9,1555.7,0.0,1,1,2,0
pi4,OpenSSL,DEPLOY_MLDSA65,TLS,43,5.4404,20.7400,8.1614,34.3419,1568,10249,45,568,2,16,3,22,15,16,389.9,524.8,1586.2,0.0,1,1,2,0
pi4,OpenSSL,DEPLOY_MLDSA65,TLS,44,5.3799,14.1178,7.6625,27.1603,1568,10249,45,568,2,12,3,18,12,16,395.4,541.2,1553.3,0.0,1,1,2,0
pi4,OpenSSL,DEPLOY_MLDSA65,TLS,45,5.9207,16.5327,7.3982,29.8516,1568,10249,45,568,2,15,3,21,15,17,403.1,518.1,1552.4,0.0,1,1,2,0
pi4,OpenSSL,DEPLOY_MLDSA65,TLS,46,6.1780,21.9467,5.9791,34.1039,1568,10249,45,568,2,16,3,22,15,16,393.4,510.6,1547.5,0.0,1,1,2,0
pi4,OpenSSL,DEPLOY_MLDSA65,TLS,47,8.1421,13.8801,5.5982,27.6205,1568,10249,45,568,2,16,3,22,15,15,389.3,506.0,1545.1,0.0,1,1,2,0
pi4,OpenSSL,DEPLOY_MLDSA65,TLS,48,10.2885,17.7102,6.6496,34.6483,1568,10249,45,568,2,19,3,25,16,16,481.2,532.4,1563.9,0.0,1,1,2,0
pi4,OpenSSL,DEPLOY_MLDSA65,TLS,49,8.2333,16.2681,6.1396,30.6409,1568,10249,45,568,2,15,3,21,15,15,392.9,508.1,1565.3,0.0,1,1,2,0
pi4,OpenSSL,DEPLOY_MLDSA65,TLS-checked,0,5.4973,13.6846,4.5832,23.7651,1568,10249,45,568,2,12,3,18,15,16,394.0,541.2,2287.0,0.0,1,1,2,0
pi4,OpenSSL,DEPLOY_MLDSA65,TLS-checked,1,6.5116,11.6460,6.1415,24.2991,1568,10249,45,568,2,16,3,22,14,16,391.2,533.1,2277.8,0.0,1,1,2,0
pi4,OpenSSL,DEPLOY_MLDSA65,TLS-checked,2,5.3117,14.0722,5.3628,24.7467,1568,10249,45,568,2,12,3,18,12,15,391.0,514.0,2284.0,0.0,1,1,2,0
pi4,OpenSSL,DEPLOY_MLDSA65,TLS-checked,3,7.7285,15.9136,4.6406,28.2826,1568,10249,45,568,2,15,3,21,12,16,424.7,532.4,2266.6,0.0,1,1,2,0
pi4,OpenSSL,DEPLOY_MLDSA65,TLS-checked,4,7.0619,15.0474,6.1744,28.2837,1568,10249,45,568,2,19,3,25,15,17,417.8,510.0,2281.8,0.0,1,1,2,0
pi4,OpenSSL,DEPLOY_MLDSA65,TLS-checked,5,7.8786,17.5201,6.2257,31.6244,1568,10249,45,568,2,16,3,22,15,17,392.0,553.0,2289.8,0.0,1,1,2,0
pi4,OpenSSL,DEPLOY_MLDSA65,TLS-checked,6,6.2242,15.1440,5.8923,27.2605,1568,10249,45,568,2,16,3,22,15,16,392.9,555.4,2287.0,0.0,1,1,2,0
pi4,OpenSSL,DEPLOY_MLDSA65,TLS-checked,7,10.9699,14.8693,6.2821,32.1213,1568,10249,45,568,2,16,3,22,15,16,397.1,509.0,2288.6,0.0,1,1,2,0
pi4,OpenSSL,DEPLOY_MLDSA65,TLS-checked,8,6.2512,17.0403,6.7514,30.0429,1568,10249,45,568,2,16,3,22,15,17,390.0,519.1,2261.5,0.0,1,1,2,0
pi4,OpenSSL,DEPLOY_MLDSA65,TLS-checked,9,5.8869,17.7729,6.8381,30.4978,1568,10249,45,568,2,16,3,22,15,15,391.4,515.2,2282.9,0.0,1,1,2,0
pi4,OpenSSL,DEPLOY_MLDSA65,TLS-checked,10,5.5476,16.6931,6.3197,28.5603,1568,10249,45,568,2,12,3,18,15,17,406.2,536.1,2263.4,0.0,1,1,2,0
pi4,OpenSSL,DEPLOY_MLDSA65,TLS-checked,11,7.0185,14.5639,7.6410,29.2234,1568,10249,45,568,2,19,3,25,15,16,395.8,506.6,2290.0,0.0,1,1,2,0
pi4,OpenSSL,DEPLOY_MLDSA65,TLS-checked,12,4.1355,17.1446,6.1262,27.4062,1568,10249,45,568,2,12,3,18,12,15,412.7,539.3,2278.4,0.0,1,1,2,0
pi4,OpenSSL,DEPLOY_MLDSA65,TLS-checked,13,5.8160,14.4456,8.8326,29.0941,1568,10249,45,568,2,15,3,21,15,15,405.2,528.3,2612.9,0.0,1,1,2,0
pi4,OpenSSL,DEPLOY_MLDSA65,TLS-checked,14,6.0106,15.0579,5.6440,26.7124,1568,10249,45,568,2,16,3,22,15,17,394.1,510.8,2287.8,0.0,1,1,2,0
pi4,OpenSSL,DEPLOY_MLDSA65,TLS-checked,15,6.5088,13.6444,7.0996,27.2528,1568,10249,45,568,2,16,3,22,15,16,390.5,507.3,2253.9,0.0,1,1,2,0
pi4,OpenSSL,DEPLOY_MLDSA65,TLS-checked,16,5.1820,19.1022,5.7462,30.0304,1568,10249,45,568,2,18,3,24,15,16,392.5,506.3,2255.8,0.0,1,1,2,0
pi4,OpenSSL,DEPLOY_MLDSA65,TLS-checked,17,4.9787,19.9425,6.8663,31.7874,1568,10249,45,568,2,18,3,24,18,18,402.0,518.8,2268.3,0.0,1,1,2,0
pi4,OpenSSL,DEPLOY_MLDSA65,TLS-checked,18,7.0818,15.8596,10.7148,33.6562,1568,10249,45,568,2,16,3,22,15,15,392.3,509.9,2290.0,0.0,1,1,2,0
pi4,OpenSSL,DEPLOY_MLDSA65,TLS-checked,19,6.4787,14.2594,5.2316,25.9696,1568,10249,45,568,2,16,3,22,15,14,403.7,510.0,2262.2,0.0,1,1,2,0
pi4,OpenSSL,DEPLOY_MLDSA65,TLS-checked,20,5.0106,18.1915,8.9190,32.1211,1568,10249,45,568,2,15,3,21,15,15,404.3,546.8,2274.1,0.0,1,1,2,0
pi4,OpenSSL,DEPLOY_MLDSA65,TLS-checked,21,5.4410,18.4478,5.9110,29.7998,1568,10249,45,568,2,19,3,25,15,17,390.8,509.0,2285.5,0.0,1,1,2,0
pi4,OpenSSL,DEPLOY_MLDSA65,TLS-checked,22,7.1181,14.6732,5.8478,27.6392,1568,10249,45,568,2,15,3,21,15,16,391.3,508.4,2281.1,0.0,1,1,2,0
pi4,OpenSSL,DEPLOY_MLDSA65,TLS-checked,23,8.7258,16.8490,7.3343,32.9091,1568,10249,45,568,2,19,3,25,15,15,407.9,506.8,2485.4,0.0,1,1,2,0
pi4,OpenSSL,DEPLOY_MLDSA65,TLS-checked,24,7.1300,15.4068,5.3302,27.8669,1568,10249,45,568,2,16,3,22,15,17,394.6,507.4,2279.9,0.0,1,1,2,0
pi4,OpenSSL,DEPLOY_MLDSA65,TLS-checked,25,6.7498,15.8115,10.3476,32.9090,1568,10249,45,568,2,16,3,22,12,17,390.8,505.7,2313.7,0.0,1,1,2,0
pi4,OpenSSL,DEPLOY_MLDSA65,TLS-checked,26,5.9196,17.3776,6.5104,29.8077,1568,10249,45,568,2,15,3,21,15,17,396.4,554.0,2310.1,0.0,1,1,2,0
pi4,OpenSSL,DEPLOY_MLDSA65,TLS-checked,27,6.4828,17.5080,7.0911,31.0820,1568,10249,45,568,2,18,3,24,15,15,398.5,512.8,2314.0,0.0,1,1,2,0
pi4,OpenSSL,DEPLOY_MLDSA65,TLS-checked,28,5.6243,14.8342,6.0845,26.5430,1568,10249,45,568,2,15,3,21,15,16,393.1,523.9,2261.6,0.0,1,1,2,0
pi4,OpenSSL,DEPLOY_MLDSA65,TLS-checked,29,4.6519,17.0522,5.0247,26.7288,1568,10249,45,568,2,15,3,21,15,15,390.1,508.3,2282.6,0.0,1,1,2,0
pi4,OpenSSL,DEPLOY_MLDSA65,TLS-checked,30,6.0160,19.2026,6.5751,31.7937,1568,10249,45,568,2,15,3,21,15,16,391.8,514.8,2272.9,0.0,1,1,2,0
pi4,OpenSSL,DEPLOY_MLDSA65,TLS-checked,31,8.8700,15.2848,5.8899,30.0448,1568,10249,45,568,2,15,3,21,12,15,397.5,504.9,2255.5,0.0,1,1,2,0
pi4,OpenSSL,DEPLOY_MLDSA65,TLS-checked,32,7.9014,14.5891,6.4308,28.9212,1568,10249,45,568,2,16,3,22,15,16,390.6,507.6,2354.0,0.0,1,1,2,0
pi4,OpenSSL,DEPLOY_MLDSA65,TLS-checked,33,5.6810,18.3976,6.0587,30.1373,1568,10249,45,568,2,15,3,21,15,17,393.7,553.8,2322.4,0.0,1,1,2,0
pi4,OpenSSL,DEPLOY_MLDSA65,TLS-checked,34,6.3183,15.0105,13.3629,34.6917,1568,10249,45,568,2,16,3,22,15,16,396.4,526.0,2258.2,0.0,1,1,2,0
pi4,OpenSSL,DEPLOY_MLDSA65,TLS-checked,35,7.0158,19.2713,10.0215,36.3087,1568,10249,45,568,2,15,3,21,11,17,410.1,504.9,2274.2,0.0,1,1,2,0
pi4,OpenSSL,DEPLOY_MLDSA65,TLS-checked,36,4.7898,16.3071,4.5051,25.6020,1568,10249,45,568,2,12,3,18,15,16,388.7,516.9,2298.1,0.0,1,1,2,0
pi4,OpenSSL,DEPLOY_MLDSA65,TLS-checked,37,6.3910,14.3994,7.6687,28.4591,1568,10249,45,568,2,16,3,22,15,17,399.3,509.4,2268.5,0.0,1,1,2,0
pi4,OpenSSL,DEPLOY_MLDSA65,TLS-checked,38,6.5289,16.2687,12.9162,35.7139,1568,10249,45,568,2,15,3,21,15,17,390.7,510.0,2290.7,0.0,1,1,2,0
pi4,OpenSSL,DEPLOY_MLDSA65,TLS-checked,39,4.5356,15.5500,6.1982,26.2838,1568,10249,45,568,2,16,3,22,15,16,436.8,535.0,2267.0,0.0,1,1,2,0
pi4,OpenSSL,DEPLOY_MLDSA65,TLS-checked,40,5.6040,14.1542,5.5095,25.2677,1568,10249,45,568,2,16,3,22,15,16,425.2,519.9,2299.7,0.0,1,1,2,0
pi4,OpenSSL,DEPLOY_MLDSA65,TLS-checked,41,9.2413,16.1728,5.2627,30.6768,1568,10249,45,568,2,18,3,24,15,16,393.0,508.9,2274.4,0.0,1,1,2,0
pi4,OpenSSL,DEPLOY_MLDSA65,TLS-checked,42,6.4870,15.6814,8.9690,31.1373,1568,10249,45,568,2,15,3,21,12,16,389.4,508.3,2254.4,0.0,1,1,2,0
pi4,OpenSSL,DEPLOY_MLDSA65,TLS-checked,43,6.9278,16.6635,7.3506,30.9419,1568,10249,45,568,2,15,3,21,11,16,390.4,635.5,2312.3,0.0,1,1,2,0
pi4,OpenSSL,DEPLOY_MLDSA65,TLS-checked,44,6.2367,16.0123,6.0273,28.2763,1568,10249,45,568,2,19,3,25,15,16,394.6,509.3,2285.8,0.0,1,1,2,0
pi4,OpenSSL,DEPLOY_MLDSA65,TLS-checked,45,11.1374,16.8832,4.7445,32.7650,1568,10249,45,568,2,18,3,24,15,16,389.1,507.4,2269.8,0.0,1,1,2,0
pi4,OpenSSL,DEPLOY_MLDSA65,TLS-checked,46,5.4060,15.8871,5.9910,27.2841,1568,10249,45,568,2,16,3,22,12,15,393.5,533.8,2365.8,0.0,1,1,2,0
pi4,OpenSSL,DEPLOY_MLDSA65,TLS-checked,47,4.7958,13.5539,6.7111,25.0608,1568,10249,45,568,2,16,3,22,15,15,401.4,510.3,2262.7,0.0,1,1,2,0
pi4,OpenSSL,DEPLOY_MLDSA65,TLS-checked,48,9.3971,19.3488,7.2901,36.0361,1568,10249,45,568,2,14,3,20,14,17,391.2,505.5,2254.9,0.0,1,1,2,0
pi4,OpenSSL,DEPLOY_MLDSA65,TLS-checked,49,6.2204,13.9979,8.9145,29.1328,1568,10249,45,568,2,16,3,22,15,15,388.5,503.7,2255.8,0.0,1,1,2,0
pi4,OpenSSL,DEPLOY_MLDSA65,mTLS,0,6.7936,18.2192,9.3032,34.3160,10502,10466,45,11672,4,15,5,24,21,26,440.0,519.0,1545.7,1912.4,1,1,2,1
pi4,OpenSSL,DEPLOY_MLDSA65,mTLS,1,6.8248,17.9850,12.9703,37.7801,10502,10466,45,11672,4,14,5,28,24,25,397.5,513.0,1536.9,1311.4,1,1,2,1
pi4,OpenSSL,DEPLOY_MLDSA65,mTLS,2,5.0303,15.4055,8.0022,28.4380,10502,10466,45,11672,4,15,5,21,23,26,397.2,508.4,1539.2,1346.8,1,1,2,1
pi4,OpenSSL,DEPLOY_MLDSA65,mTLS,3,6.1556,18.7140,7.4728,32.3423,10502,10466,45,11672,4,14,5,21,23,26,406.2,512.8,1537.6,2495.3,1,1,2,1
pi4,OpenSSL,DEPLOY_MLDSA65,mTLS,4,6.7901,17.7701,10.1814,34.7416,10502,10466,45,11672,4,15,5,23,23,27,394.3,510.7,1560.7,1884.3,1,1,2,1
pi4,OpenSSL,DEPLOY_MLDSA65,mTLS,5,5.8473,20.0908,9.6273,35.5655,10502,10466,45,11672,4,15,5,21,23,26,395.1,538.8,1574.1,5924.1,1,1,2,1
pi4,OpenSSL,DEPLOY_MLDSA65,mTLS,6,6.6674,17.0432,8.3888,32.0993,10502,10466,45,11672,4,15,5,27,24,26,420.0,510.0,1546.8,1339.2,1,1,2,1
pi4,OpenSSL,DEPLOY_MLDSA65,mTLS,7,6.7004,18.1379,8.8412,33.6796,10502,10466,45,11672,4,16,5,27,24,26,395.4,511.3,1542.7,2483.2,1,1,2,1
pi4,OpenSSL,DEPLOY_MLDSA65,mTLS,8,7.4737,18.5596,8.4162,34.4495,10502,10466,45,11672,4,15,5,21,23,26,397.0,506.2,1546.9,3627.9,1,1,2,1
pi4,OpenSSL,DEPLOY_MLDSA65,mTLS,9,5.8261,16.8639,8.5295,31.2196,10502,10466,45,11672,4,15,5,27,24,25,419.3,511.0,1541.8,1335.8,1,1,2,1
pi4,OpenSSL,DEPLOY_MLDSA65,mTLS,10,4.6525,20.3893,7.3117,32.3535,10502,10466,45,11672,4,19,5,31,26,27,393.8,512.9,1573.2,4201.3,1,1,2,1
pi4,OpenSSL,DEPLOY_MLDSA65,mTLS,11,6.5958,17.7389,7.6806,32.0153,10502,10466,45,11672,4,15,5,27,24,26,395.9,533.2,1587.3,4219.5,1,1,2,1
pi4,OpenSSL,DEPLOY_MLDSA65,mTLS,12,7.5232,16.7601,6.8723,31.1557,10502,10466,45,11672,4,15,5,24,24,26,407.8,510.7,1548.3,3067.4,1,1,2,1
pi4,OpenSSL,DEPLOY_MLDSA65,mTLS,13,6.1415,18.5335,7.7227,32.3977,10502,10466,45,11672,4,18,5,26,23,28,418.8,508.2,1544.5,5345.8,1,1,2,1
pi4,OpenSSL,DEPLOY_MLDSA65,mTLS,14,9.1695,16.1755,11.3964,36.7413,10502,10466,45,11672,4,18,5,30,24,26,398.2,509.6,1563.4,1886.0,1,1,2,1
pi4,OpenSSL,DEPLOY_MLDSA65,mTLS,15,7.6740,16.3252,10.9375,34.9367,10502,10466,45,11672,4,18,5,30,24,26,410.2,513.1,1543.9,1312.6,1,1,2,1
pi4,OpenSSL,DEPLOY_MLDSA65,mTLS,16,5.4062,16.0129,8.5061,29.9252,10502,10466,45,11672,4,15,5,26,23,27,395.4,527.1,1568.2,1310.5,1,1,2,1
pi4,OpenSSL,DEPLOY_MLDSA65,mTLS,17,7.1258,23.3294,8.5700,39.0253,10502,10466,45,11672,4,16,5,25,20,25,394.0,515.4,1590.8,8242.8,1,1,2,1
pi4,OpenSSL,DEPLOY_MLDSA65,mTLS,18,9.2748,28.4965,9.3787,47.1501,10502,10466,45,11672,4,18,5,30,24,25,403.5,528.8,1549.3,10547.1,1,1,2,1
pi4,OpenSSL,DEPLOY_MLDSA65,mTLS,19,11.4236,20.0044,8.6367,40.0647,10502,10466,45,11672,4,18,5,29,23,28,397.8,507.9,1566.8,1310.0,1,1,2,1
pi4,OpenSSL,DEPLOY_MLDSA65,mTLS,20,5.9517,15.9024,9.5236,31.3777,10502,10466,45,11672,4,15,5,26,23,28,395.6,559.2,1547.8,1920.7,1,1,2,1
pi4,OpenSSL,DEPLOY_MLDSA65,mTLS,21,9.7007,18.8980,10.4341,39.0328,10502,10466,45,11672,4,17,5,27,24,28,398.2,512.0,1544.3,2459.7,1,1,2,1
pi4,OpenSSL,DEPLOY_MLDSA65,mTLS,22,6.3934,20.8217,13.2687,40.4838,10502,10466,45,11672,4,18,5,26,23,25,394.5,508.3,1588.5,1378.3,1,1,2,1
pi4,OpenSSL,DEPLOY_MLDSA65,mTLS,23,4.5251,18.1935,9.8557,32.5743,10502,10466,45,11672,4,18,5,30,23,24,406.0,517.0,1550.7,1924.7,1,1,2,1
pi4,OpenSSL,DEPLOY_MLDSA65,mTLS,24,6.0361,20.2419,9.8555,36.1335,10502,10466,45,11672,4,18,5,31,31,29,399.0,544.6,1548.0,2482.1,1,1,2,1
pi4,OpenSSL,DEPLOY_MLDSA65,mTLS,25,5.8308,15.7558,6.9942,28.5808,10502,10466,45,11672,4,14,5,26,24,27,391.9,512.5,1537.8,2479.7,1,1,2,1
pi4,OpenSSL,DEPLOY_MLDSA65,mTLS,26,7.5716,17.6878,12.3418,37.6011,10502,10466,45,11672,4,14,5,26,21,28,404.3,513.0,1541.5,1314.7,1,1,2,1
pi4,OpenSSL,DEPLOY_MLDSA65,mTLS,27,6.0124,15.2239,12.4550,33.6913,10502,10466,45,11672,4,15,5,28,24,26,400.7,530.8,1590.7,1314.5,1,1,2,1
pi4,OpenSSL,DEPLOY_MLDSA65,mTLS,28,4.2878,18.1354,8.5902,31.0134,10502,10466,45,11672,4,15,5,26,25,27,398.9,525.0,1611.4,4209.7,1,1,2,1
pi4,OpenSSL,DEPLOY_MLDSA65,mTLS,29,6.3475,17.8453,8.0698,32.2627,10502,10466,45,11672,4,14,5,21,23,28,405.1,513.6,1566.7,1311.0,1,1,2,1
pi4,OpenSSL,DEPLOY_MLDSA65,mTLS,30,5.3757,18.1879,8.6239,32.1875,10502,10466,45,11672,4,15,5,24,24,25,398.3,524.7,1545.3,4774.5,1,1,2,1
pi4,OpenSSL,DEPLOY_MLDSA65,mTLS,31,6.9343,21.3769,10.9109,39.2221,10502,10466,45,11672,4,18,5,30,22,27,395.5,509.6,1538.9,4790.1,1,1,2,1
pi4,OpenSSL,DEPLOY_MLDSA65,mTLS,32,6.2094,31.1634,9.5170,46.8899,10502,10466,45,11672,4,18,5,30,24,26,401.7,510.2,1563.8,11678.8,1,1,2,1
pi4,OpenSSL,DEPLOY_MLDSA65,mTLS,33,6.4679,27.8574,9.8989,44.2242,10502,10466,45,11672,4,18,5,30,24,26,394.9,513.8,1565.3,3066.6,1,1,2,1
pi4,OpenSSL,DEPLOY_MLDSA65,mTLS,34,7.6485,22.2225,8.1070,37.9780,10502,10466,45,11672,4,18,5,29,23,27,408.3,513.8,1548.2,1914.0,1,1,2,1
pi4,OpenSSL,DEPLOY_MLDSA65,mTLS,35,6.1293,26.2630,8.4198,40.8121,10502,10466,45,11672,4,18,5,30,24,27,395.9,513.9,1560.1,7656.1,1,1,2,1
pi4,OpenSSL,DEPLOY_MLDSA65,mTLS,36,5.6827,44.5220,10.1506,60.3553,10502,10466,45,11672,4,16,5,26,24,26,397.7,517.6,3902.8,25645.3,1,1,2,1
pi4,OpenSSL,DEPLOY_MLDSA65,mTLS,37,7.7967,36.2622,9.6967,53.7555,10502,10466,45,11672,4,17,5,27,24,27,982.6,1264.3,3882.8,13727.8,1,1,2,1
pi4,OpenSSL,DEPLOY_MLDSA65,mTLS,38,5.8628,21.6026,10.5945,38.0599,10502,10466,45,11672,4,19,5,31,22,27,403.5,538.4,1557.8,1341.6,1,1,2,1
pi4,OpenSSL,DEPLOY_MLDSA65,mTLS,39,6.4536,19.6116,7.8212,33.8865,10502,10466,45,11672,4,16,5,27,23,26,394.7,517.7,1543.8,2487.3,1,1,2,1
pi4,OpenSSL,DEPLOY_MLDSA65,mTLS,40,9.6708,22.3708,13.4937,45.5353,10502,10466,45,11672,4,14,5,26,21,27,393.6,514.5,1569.9,8226.6,1,1,2,1
pi4,OpenSSL,DEPLOY_MLDSA65,mTLS,41,6.0626,25.1984,9.6310,40.8921,10502,10466,45,11672,4,19,5,31,25,29,400.8,512.1,1543.8,3635.1,1,1,2,1
pi4,OpenSSL,DEPLOY_MLDSA65,mTLS,42,7.7696,16.5513,9.7487,34.0697,10502,10466,45,11672,4,18,5,30,24,26,398.8,524.4,1540.5,1903.4,1,1,2,1
pi4,OpenSSL,DEPLOY_MLDSA65,mTLS,43,5.3260,16.6582,7.7223,29.7065,10502,10466,45,11672,4,15,5,27,24,26,398.5,554.1,1556.8,1909.7,1,1,2,1
pi4,OpenSSL,DEPLOY_MLDSA65,mTLS,44,6.2147,24.5091,10.0693,40.7931,10502,10466,45,11672,4,15,5,27,24,27,399.2,526.1,1576.3,9383.2,1,1,2,1
pi4,OpenSSL,DEPLOY_MLDSA65,mTLS,45,6.5000,21.7962,8.0527,36.3489,10502,10466,45,11672,4,19,5,29,24,27,395.0,509.2,1539.5,5345.7,1,1,2,1
pi4,OpenSSL,DEPLOY_MLDSA65,mTLS,46,6.3964,17.3397,10.8179,34.5540,10502,10466,45,11672,4,15,5,27,25,27,393.3,535.8,1547.4,3055.6,1,1,2,1
pi4,OpenSSL,DEPLOY_MLDSA65,mTLS,47,8.0856,26.9401,9.4713,44.4970,10502,10466,45,11672,4,18,5,27,23,27,398.1,511.0,1559.7,5925.3,1,1,2,1
pi4,OpenSSL,DEPLOY_MLDSA65,mTLS,48,9.0672,16.5023,9.7167,35.2861,10502,10466,45,11672,4,18,5,30,24,27,396.5,514.1,1571.2,1889.9,1,1,2,1
pi4,OpenSSL,DEPLOY_MLDSA65,mTLS,49,6.2325,29.2232,10.3995,45.8552,10502,10466,45,11672,4,19,5,31,25,28,403.7,510.4,1541.9,8242.3,1,1,2,1
pi4,OpenSSL,DEPLOY_MLDSA65,mTLS-checked,0,7.0972,18.2271,12.6276,37.9519,10502,10466,45,11672,4,18,5,29,24,27,398.7,513.2,2284.2,2464.9,1,1,2,1
pi4,OpenSSL,DEPLOY_MLDSA65,mTLS-checked,1,5.6825,16.9372,7.3889,30.0086,10502,10466,45,11672,4,15,5,27,24,27,396.3,547.7,2267.4,2476.2,1,1,2,1
pi4,OpenSSL,DEPLOY_MLDSA65,mTLS-checked,2,7.3315,16.7225,9.6505,33.7045,10502,10466,45,11672,4,18,5,30,28,25,400.9,512.4,2258.5,1313.8,1,1,2,1
pi4,OpenSSL,DEPLOY_MLDSA65,mTLS-checked,3,8.5820,18.8572,11.1027,38.5418,10502,10466,45,11672,4,18,5,29,23,26,394.8,512.6,2258.7,3612.1,1,1,2,1
pi4,OpenSSL,DEPLOY_MLDSA65,mTLS-checked,4,6.3748,16.7133,9.2145,32.3026,10502,10466,45,11672,4,18,5,29,24,26,479.8,538.2,2264.9,1894.3,1,1,2,1
pi4,OpenSSL,DEPLOY_MLDSA65,mTLS-checked,5,7.2746,19.1882,8.8081,35.2709,10502,10466,45,11672,4,15,5,25,24,25,399.3,507.3,2258.4,4786.3,1,1,2,1
pi4,OpenSSL,DEPLOY_MLDSA65,mTLS-checked,6,7.7659,19.2096,8.2967,35.2722,10502,10466,45,11672,4,17,5,23,25,26,397.9,514.0,2291.0,3637.4,1,1,2,1
pi4,OpenSSL,DEPLOY_MLDSA65,mTLS-checked,7,11.1433,16.7561,7.8177,35.7172,10502,10466,45,11672,4,14,5,26,20,26,406.8,539.1,2261.3,1893.8,1,1,2,1
pi4,OpenSSL,DEPLOY_MLDSA65,mTLS-checked,8,6.2742,29.4107,7.8801,43.5650,10502,10466,45,11672,4,16,5,28,23,26,398.2,510.9,2288.4,11687.0,1,1,2,1
pi4,OpenSSL,DEPLOY_MLDSA65,mTLS-checked,9,9.8209,22.0110,8.0075,39.8393,10502,10466,45,11672,4,17,5,29,24,25,397.7,510.4,2305.8,3061.9,1,1,2,1
pi4,OpenSSL,DEPLOY_MLDSA65,mTLS-checked,10,6.2455,20.1207,10.7360,37.1022,10502,10466,45,11672,4,14,5,23,21,26,396.9,513.7,2257.4,4202.5,1,1,2,1
pi4,OpenSSL,DEPLOY_MLDSA65,mTLS-checked,11,5.2247,25.1931,7.5065,37.9244,10502,10466,45,11672,4,18,5,30,24,28,396.1,528.8,2257.9,6519.3,1,1,2,1
pi4,OpenSSL,DEPLOY_MLDSA65,mTLS-checked,12,7.9735,18.6234,8.7405,35.3374,10502,10466,45,11672,4,15,5,28,24,26,394.9,547.3,2269.3,3620.7,1,1,2,1
pi4,OpenSSL,DEPLOY_MLDSA65,mTLS-checked,13,5.3966,20.9664,8.6218,34.9847,10502,10466,45,11672,4,18,5,29,24,27,401.8,514.1,2290.1,4784.7,1,1,2,1
pi4,OpenSSL,DEPLOY_MLDSA65,mTLS-checked,14,10.1530,14.9170,7.8764,32.9465,10502,10466,45,11672,4,17,5,29,23,26,397.8,511.2,2260.3,1341.6,1,1,2,1
pi4,OpenSSL,DEPLOY_MLDSA65,mTLS-checked,15,7.2847,20.1650,10.6388,38.0884,10502,10466,45,11672,4,15,5,26,27,26,413.5,517.4,2286.3,3633.7,1,1,2,1
pi4,OpenSSL,DEPLOY_MLDSA65,mTLS-checked,16,7.1351,17.5652,7.8610,32.5614,10502,10466,45,11672,4,15,5,22,22,29,398.0,509.1,2288.6,2487.3,1,1,2,1
pi4,OpenSSL,DEPLOY_MLDSA65,mTLS-checked,17,7.9725,19.0921,6.8364,33.9009,10502,10466,45,11672,4,14,5,23,24,27,394.8,510.5,2258.1,4207.9,1,1,2,1
pi4,OpenSSL,DEPLOY_MLDSA65,mTLS-checked,18,9.5966,17.5725,7.9595,35.1286,10502,10466,45,11672,4,17,5,29,25,28,408.4,523.9,2277.4,2489.2,1,1,2,1
pi4,OpenSSL,DEPLOY_MLDSA65,mTLS-checked,19,7.8886,20.7380,12.7188,41.3454,10502,10466,45,11672,4,18,5,30,22,25,396.5,512.6,2263.6,3064.0,1,1,2,1
pi4,OpenSSL,DEPLOY_MLDSA65,mTLS-checked,20,6.4546,19.1755,16.0824,41.7125,10502,10466,45,11672,4,18,5,30,25,27,395.7,511.8,2282.6,2589.8,1,1,2,1
pi4,OpenSSL,DEPLOY_MLDSA65,mTLS-checked,21,6.1101,22.1674,9.9167,38.1941,10502,10466,45,11672,4,18,5,30,24,26,420.3,517.4,2262.2,5354.6,1,1,2,1
pi4,OpenSSL,DEPLOY_MLDSA65,mTLS-checked,22,10.5431,18.6812,12.8001,42.0244,10502,10466,45,11672,4,15,5,26,23,24,404.2,516.9,2272.4,1340.9,1,1,2,1
pi4,OpenSSL,DEPLOY_MLDSA65,mTLS-checked,23,9.7121,23.4390,10.6157,43.7668,10502,10466,45,11672,4,18,5,26,23,26,431.5,556.6,2293.9,4220.0,1,1,2,1
pi4,OpenSSL,DEPLOY_MLDSA65,mTLS-checked,24,6.5085,22.2539,13.3662,42.1286,10502,10466,45,11672,4,18,5,30,24,26,395.4,517.2,2262.0,1314.0,1,1,2,1
pi4,OpenSSL,DEPLOY_MLDSA65,mTLS-checked,25,7.1207,23.5321,9.4908,40.1436,10502,10466,45,11672,4,16,5,23,21,28,410.1,537.8,2267.1,5357.9,1,1,2,1
pi4,OpenSSL,DEPLOY_MLDSA65,mTLS-checked,26,6.5335,16.9834,11.9378,35.4548,10502,10466,45,11672,4,15,5,26,27,28,396.7,509.4,2281.3,1889.3,1,1,2,1
pi4,OpenSSL,DEPLOY_MLDSA65,mTLS-checked,27,9.9487,23.4759,8.9147,42.3392,10502,10466,45,11672,4,18,5,30,24,27,395.1,507.8,2287.8,4776.9,1,1,2,1
pi4,OpenSSL,DEPLOY_MLDSA65,mTLS-checked,28,9.4590,19.4554,10.1258,39.0402,10502,10466,45,11672,4,14,5,26,22,26,407.0,540.0,2259.5,3044.0,1,1,2,1
pi4,OpenSSL,DEPLOY_MLDSA65,mTLS-checked,29,7.4079,23.4425,10.8655,41.7159,10502,10466,45,11672,4,18,5,27,23,26,395.3,512.0,2285.6,3631.3,1,1,2,1
pi4,OpenSSL,DEPLOY_MLDSA65,mTLS-checked,30,6.5912,18.6670,9.0928,34.3510,10502,10466,45,11672,4,16,5,25,20,28,397.4,510.4,2274.4,3641.3,1,1,2,1
pi4,OpenSSL,DEPLOY_MLDSA65,mTLS-checked,31,6.7625,16.6284,10.9678,34.3587,10502,10466,45,11672,4,17,5,29,24,28,398.4,511.3,2262.9,1317.2,1,1,2,1
pi4,OpenSSL,DEPLOY_MLDSA65,mTLS-checked,32,5.6084,23.5943,11.2372,40.4399,10502,10466,45,11672,4,17,5,29,24,28,396.2,512.9,2278.3,4207.6,1,1,2,1
pi4,OpenSSL,DEPLOY_MLDSA65,mTLS-checked,33,6.5298,18.9378,11.2860,36.7536,10502,10466,45,11672,4,14,5,25,21,24,418.0,569.0,2306.7,2488.9,1,1,2,1
pi4,OpenSSL,DEPLOY_MLDSA65,mTLS-checked,34,6.3751,25.8112,10.7903,42.9766,10502,10466,45,11672,4,18,5,30,24,25,399.3,516.5,2289.8,8245.0,1,1,2,1
pi4,OpenSSL,DEPLOY_MLDSA65,mTLS-checked,35,8.5667,18.6157,8.8177,36.0002,10502,10466,45,11672,4,19,5,28,23,26,397.6,522.9,2264.4,1362.6,1,1,2,1
pi4,OpenSSL,DEPLOY_MLDSA65,mTLS-checked,36,8.9490,17.3661,8.5006,34.8156,10502,10466,45,11672,4,18,5,30,24,26,401.0,510.8,2262.9,3613.1,1,1,2,1
pi4,OpenSSL,DEPLOY_MLDSA65,mTLS-checked,37,6.7013,23.7236,15.0417,45.4666,10502,10466,45,11672,4,15,5,27,24,27,420.9,508.5,2286.6,8807.2,1,1,2,1
pi4,OpenSSL,DEPLOY_MLDSA65,mTLS-checked,38,6.1364,21.0575,13.3923,40.5861,10502,10466,45,11672,4,18,5,30,24,27,394.8,540.3,2292.5,1336.6,1,1,2,1
pi4,OpenSSL,DEPLOY_MLDSA65,mTLS-checked,39,5.3934,30.0799,10.6590,46.1324,10502,10466,45,11672,4,17,5,28,23,27,399.4,509.5,2298.0,8232.0,1,1,2,1
pi4,OpenSSL,DEPLOY_MLDSA65,mTLS-checked,40,5.5040,33.3687,9.3150,48.1878,10502,10466,45,11672,4,18,5,30,22,26,395.2,510.4,2303.9,7657.8,1,1,2,1
pi4,OpenSSL,DEPLOY_MLDSA65,mTLS-checked,41,10.9432,20.7937,9.3929,41.1298,10502,10466,45,11672,4,16,5,28,23,26,396.9,513.6,2260.2,2491.4,1,1,2,1
pi4,OpenSSL,DEPLOY_MLDSA65,mTLS-checked,42,16.9485,20.5110,10.1219,47.5815,10502,10466,45,11672,4,16,5,28,24,25,392.4,515.4,2395.1,2495.9,1,1,2,1
pi4,OpenSSL,DEPLOY_MLDSA65,mTLS-checked,43,6.4003,19.7007,9.6794,35.7804,10502,10466,45,11672,4,14,5,26,21,25,399.4,554.1,2261.1,1342.9,1,1,2,1
pi4,OpenSSL,DEPLOY_MLDSA65,mTLS-checked,44,7.1436,18.3896,12.8763,38.4096,10502,10466,45,11672,4,16,5,28,24,25,397.8,510.1,2257.5,1339.1,1,1,2,1
pi4,OpenSSL,DEPLOY_MLDSA65,mTLS-checked,45,10.5975,24.6919,10.2211,45.5105,10502,10466,45,11672,4,19,5,31,24,26,422.2,529.9,2302.6,4213.0,1,1,2,1
pi4,OpenSSL,DEPLOY_MLDSA65,mTLS-checked,46,6.7604,19.0582,9.2217,35.0403,10502,10466,45,11672,4,15,5,27,24,27,396.6,557.1,2275.9,3644.0,1,1,2,1
pi4,OpenSSL,DEPLOY_MLDSA65,mTLS-checked,47,6.6768,32.8010,10.1573,49.6351,10502,10466,45,11672,4,15,5,25,24,26,400.3,553.1,2294.0,1318.9,1,1,2,1
pi4,OpenSSL,DEPLOY_MLDSA65,mTLS-checked,48,4.6777,23.1591,8.2926,36.1294,10502,10466,45,11672,4,17,5,29,23,24,411.6,537.8,2294.3,2490.9,1,1,2,1
pi4,OpenSSL,DEPLOY_MLDSA65,mTLS-checked,49,5.3999,18.4783,14.4455,38.3236,10502,10466,45,11672,4,15,5,27,24,27,398.1,508.1,2290.8,3633.4,1,1,2,1
pi4,wolfSSL,DEPLOY_MLDSA65,TLS,0,8.8901,14.5710,5.4642,28.9252,1496,10217,45,568,2,15,3,21,14,16,152.3,284.1,556.6,0.0,2,2,2,0
pi4,wolfSSL,DEPLOY_MLDSA65,TLS,1,4.9223,10.8403,5.6885,21.4511,1496,10217,45,568,2,16,3,22,11,15,144.7,295.8,553.6,0.0,2,2,2,0
pi4,wolfSSL,DEPLOY_MLDSA65,TLS,2,4.9243,14.2789,8.2119,27.4152,1496,10217,45,568,2,15,3,21,14,16,139.5,299.9,563.0,0.0,2,2,2,0
pi4,wolfSSL,DEPLOY_MLDSA65,TLS,3,5.0976,10.5665,5.2613,20.9254,1496,10217,45,568,2,16,3,22,14,15,146.0,280.5,555.5,0.0,2,2,2,0
pi4,wolfSSL,DEPLOY_MLDSA65,TLS,4,5.2725,13.1453,6.1963,24.6141,1496,10217,45,568,2,16,3,22,11,16,140.0,278.4,553.8,0.0,2,2,2,0
pi4,wolfSSL,DEPLOY_MLDSA65,TLS,5,5.4858,10.4275,5.0631,20.9765,1496,10217,45,568,2,16,3,22,14,16,139.3,274.7,551.7,0.0,2,2,2,0
pi4,wolfSSL,DEPLOY_MLDSA65,TLS,6,5.9593,11.3371,6.7195,24.0159,1496,10217,45,568,2,16,3,22,11,15,142.4,278.0,646.8,0.0,2,2,2,0
pi4,wolfSSL,DEPLOY_MLDSA65,TLS,7,5.7843,13.5260,6.1774,25.4877,1496,10217,45,568,2,16,3,22,14,16,150.9,282.3,598.3,0.0,2,2,2,0
pi4,wolfSSL,DEPLOY_MLDSA65,TLS,8,4.6555,17.0540,5.8754,27.5850,1496,10217,45,568,2,16,3,22,14,14,152.3,291.0,579.8,0.0,2,2,2,0
pi4,wolfSSL,DEPLOY_MLDSA65,TLS,9,4.4677,14.8494,6.2222,25.5393,1496,10217,45,568,2,16,3,22,14,15,144.4,280.0,555.0,0.0,2,2,2,0
pi4,wolfSSL,DEPLOY_MLDSA65,TLS,10,5.6255,20.1840,8.3057,34.1152,1496,10217,45,568,2,15,3,21,17,15,143.3,277.9,567.4,0.0,2,2,2,0
pi4,wolfSSL,DEPLOY_MLDSA65,TLS,11,10.2144,12.8376,8.8467,31.8988,1496,10217,45,568,2,12,3,18,14,15,150.4,284.0,556.5,0.0,2,2,2,0
pi4,wolfSSL,DEPLOY_MLDSA65,TLS,12,5.3494,20.0978,7.1908,32.6381,1496,10217,45,568,2,15,3,21,14,14,151.1,306.8,568.6,0.0,2,2,2,0
pi4,wolfSSL,DEPLOY_MLDSA65,TLS,13,7.8444,12.5862,9.7775,30.2081,1496,10217,45,568,2,18,3,24,14,15,151.1,284.2,577.3,0.0,2,2,2,0
pi4,wolfSSL,DEPLOY_MLDSA65,TLS,14,8.7694,12.5030,7.3933,28.6657,1496,10217,45,568,2,16,3,22,14,15,151.6,306.1,568.4,0.0,2,2,2,0
pi4,wolfSSL,DEPLOY_MLDSA65,TLS,15,11.1402,15.1415,5.8954,32.1770,1496,10217,45,568,2,15,3,21,14,15,151.3,282.1,571.5,0.0,2,2,2,0
pi4,wolfSSL,DEPLOY_MLDSA65,TLS,16,7.3730,13.7391,10.8837,31.9958,1496,10217,45,568,2,14,3,20,10,15,142.3,281.8,555.6,0.0,2,2,2,0
pi4,wolfSSL,DEPLOY_MLDSA65,TLS,17,8.9932,12.8781,12.6671,34.5384,1496,10217,45,568,2,16,3,22,14,15,152.2,281.5,562.5,0.0,2,2,2,0
pi4,wolfSSL,DEPLOY_MLDSA65,TLS,18,6.8888,13.4136,5.9440,26.2463,1496,10217,45,568,2,12,3,18,14,16,143.8,282.8,555.2,0.0,2,2,2,0
pi4,wolfSSL,DEPLOY_MLDSA65,TLS,19,7.0365,12.4921,7.1273,26.6558,1496,10217,45,568,2,12,3,18,14,16,143.0,279.5,552.4,0.0,2,2,2,0
pi4,wolfSSL,DEPLOY_MLDSA65,TLS,20,6.8954,13.6887,8.9963,29.5803,1496,10217,45,568,2,12,3,18,11,15,150.7,293.7,561.2,0.0,2,2,2,0
pi4,wolfSSL,DEPLOY_MLDSA65,TLS,21,5.6426,18.5535,9.3873,33.5834,1496,10217,45,568,2,16,3,22,14,14,152.7,306.1,566.3,0.0,2,2,2,0
pi4,wolfSSL,DEPLOY_MLDSA65,TLS,22,8.1299,17.5590,5.6293,31.3182,1496,10217,45,568,2,19,3,25,14,16,149.6,280.0,559.1,0.0,2,2,2,0
pi4,wolfSSL,DEPLOY_MLDSA65,TLS,23,6.3079,14.1455,7.3364,27.7897,1496,10217,45,568,2,15,3,21,14,14,145.7,304.7,562.8,0.0,2,2,2,0
pi4,wolfSSL,DEPLOY_MLDSA65,TLS,24,12.1507,13.0486,8.2211,33.4204,1496,10217,45,568,2,16,3,22,12,16,144.1,280.0,553.8,0.0,2,2,2,0
pi4,wolfSSL,DEPLOY_MLDSA65,TLS,25,8.5458,12.0904,6.4183,27.0545,1496,10217,45,568,2,16,3,22,14,15,140.3,276.8,555.5,0.0,2,2,2,0
pi4,wolfSSL,DEPLOY_MLDSA65,TLS,26,5.9151,12.1427,7.0435,25.1013,1496,10217,45,568,2,16,3,22,14,16,139.4,278.6,553.0,0.0,2,2,2,0
pi4,wolfSSL,DEPLOY_MLDSA65,TLS,27,5.3988,13.7850,8.6044,27.7882,1496,10217,45,568,2,16,3,22,14,16,154.1,282.8,561.3,0.0,2,2,2,0
pi4,wolfSSL,DEPLOY_MLDSA65,TLS,28,6.6106,12.2206,6.6034,25.4347,1496,10217,45,568,2,16,3,22,14,16,153.0,284.1,565.1,0.0,2,2,2,0
pi4,wolfSSL,DEPLOY_MLDSA65,TLS,29,8.0115,19.5718,5.5640,33.1473,1496,10217,45,568,2,18,3,24,14,16,144.5,280.0,555.0,0.0,2,2,2,0
pi4,wolfSSL,DEPLOY_MLDSA65,TLS,30,5.6574,16.5898,6.9695,29.2167,1496,10217,45,568,2,18,3,24,14,15,141.2,300.7,582.7,0.0,2,2,2,0
pi4,wolfSSL,DEPLOY_MLDSA65,TLS,31,5.1828,15.0869,5.0614,25.3310,1496,10217,45,568,2,16,3,22,14,15,146.4,279.8,556.2,0.0,2,2,2,0
pi4,wolfSSL,DEPLOY_MLDSA65,TLS,32,5.8543,13.1848,6.5398,25.5789,1496,10217,45,568,2,16,3,22,11,16,141.3,278.1,552.9,0.0,2,2,2,0
pi4,wolfSSL,DEPLOY_MLDSA65,TLS,33,6.0142,14.7506,5.1548,25.9196,1496,10217,45,568,2,15,3,21,14,16,141.7,278.9,551.9,0.0,2,2,2,0
pi4,wolfSSL,DEPLOY_MLDSA65,TLS,34,6.5119,10.9389,7.0547,24.5055,1496,10217,45,568,2,16,3,22,14,15,153.3,301.9,576.7,0.0,2,2,2,0
pi4,wolfSSL,DEPLOY_MLDSA65,TLS,35,5.6523,14.2786,6.4322,26.3630,1496,10217,45,568,2,12,3,18,14,16,145.8,308.3,565.2,0.0,2,2,2,0
pi4,wolfSSL,DEPLOY_MLDSA65,TLS,36,5.5806,13.2218,7.7102,26.5126,1496,10217,45,568,2,16,3,22,14,15,157.4,277.1,555.2,0.0,2,2,2,0
pi4,wolfSSL,DEPLOY_MLDSA65,TLS,37,7.8630,15.0033,6.8153,29.6815,1496,10217,45,568,2,18,3,24,14,15,141.9,276.6,555.5,0.0,2,2,2,0
pi4,wolfSSL,DEPLOY_MLDSA65,TLS,38,6.1762,16.1648,7.8917,30.2327,1496,10217,45,568,2,16,3,22,14,16,151.5,283.0,560.9,0.0,2,2,2,0
pi4,wolfSSL,DEPLOY_MLDSA65,TLS,39,5.5971,16.9589,6.5582,29.1142,1496,10217,45,568,2,15,3,21,12,16,139.6,277.5,554.4,0.0,2,2,2,0
pi4,wolfSSL,DEPLOY_MLDSA65,TLS,40,10.5718,12.8486,6.6916,30.1120,1496,10217,45,568,2,13,3,19,12,16,147.7,282.6,560.1,0.0,2,2,2,0
pi4,wolfSSL,DEPLOY_MLDSA65,TLS,41,8.3270,13.7956,8.3456,30.4682,1496,10217,45,568,2,19,3,25,14,16,151.5,289.3,565.6,0.0,2,2,2,0
pi4,wolfSSL,DEPLOY_MLDSA65,TLS,42,5.4651,11.9658,6.6036,24.0345,1496,10217,45,568,2,14,3,20,9,16,143.7,299.6,601.2,0.0,2,2,2,0
pi4,wolfSSL,DEPLOY_MLDSA65,TLS,43,5.3498,16.5247,6.5171,28.3916,1496,10217,45,568,2,19,3,25,14,15,152.8,283.0,558.5,0.0,2,2,2,0
pi4,wolfSSL,DEPLOY_MLDSA65,TLS,44,5.9190,13.0026,7.9793,26.9009,1496,10217,45,568,2,16,3,22,14,16,143.9,279.1,554.0,0.0,2,2,2,0
pi4,wolfSSL,DEPLOY_MLDSA65,TLS,45,5.6722,16.1926,5.7498,27.6146,1496,10217,45,568,2,15,3,21,14,15,153.5,284.3,575.6,0.0,2,2,2,0
pi4,wolfSSL,DEPLOY_MLDSA65,TLS,46,5.3453,12.1773,5.7107,23.2333,1496,10217,45,568,2,14,3,20,11,15,141.6,276.7,572.5,0.0,2,2,2,0
pi4,wolfSSL,DEPLOY_MLDSA65,TLS,47,6.2979,11.8864,10.6911,28.8754,1496,10217,45,568,2,14,3,20,13,16,230.7,287.2,562.9,0.0,2,2,2,0
pi4,wolfSSL,DEPLOY_MLDSA65,TLS,48,5.4433,17.0594,11.2259,33.7287,1496,10217,45,568,2,15,3,21,14,16,161.8,285.3,586.8,0.0,2,2,2,0
pi4,wolfSSL,DEPLOY_MLDSA65,TLS,49,6.1256,12.0235,5.3871,23.5361,1496,10217,45,568,2,15,3,21,11,15,151.4,281.8,554.3,0.0,2,2,2,0
pi4,wolfSSL,DEPLOY_MLDSA65,TLS-checked,0,9.2705,11.3920,5.1132,25.7757,1496,10217,45,568,2,13,3,19,11,15,153.7,282.5,570.2,0.0,2,2,2,0
pi4,wolfSSL,DEPLOY_MLDSA65,TLS-checked,1,6.7351,13.4095,7.8711,28.0156,1496,10217,45,568,2,16,3,22,11,16,145.2,278.1,557.1,0.0,2,2,2,0
pi4,wolfSSL,DEPLOY_MLDSA65,TLS-checked,2,5.7801,12.1883,6.6078,24.5762,1496,10217,45,568,2,14,3,20,11,15,144.8,315.0,568.5,0.0,2,2,2,0
pi4,wolfSSL,DEPLOY_MLDSA65,TLS-checked,3,6.0383,11.8902,7.0598,24.9883,1496,10217,45,568,2,16,3,22,14,15,147.4,277.9,558.5,0.0,2,2,2,0
pi4,wolfSSL,DEPLOY_MLDSA65,TLS-checked,4,5.4426,25.4949,42.4900,73.4275,1496,10217,45,568,2,15,3,21,15,15,141.7,276.8,558.5,0.0,2,2,2,0
pi4,wolfSSL,DEPLOY_MLDSA65,TLS-checked,5,7.1951,14.5342,13.5907,35.3200,1496,10217,45,568,2,14,3,20,14,16,295.4,604.6,1242.0,0.0,2,2,2,0
pi4,wolfSSL,DEPLOY_MLDSA65,TLS-checked,6,9.3046,14.0970,9.2015,32.6030,1496,10217,45,568,2,16,3,22,12,15,294.1,604.3,1263.9,0.0,2,2,2,0
pi4,wolfSSL,DEPLOY_MLDSA65,TLS-checked,7,8.6336,12.4126,6.0757,27.1219,1496,10217,45,568,2,14,3,20,12,15,325.9,684.2,1430.9,0.0,2,2,2,0
pi4,wolfSSL,DEPLOY_MLDSA65,TLS-checked,8,6.1037,15.3853,8.4291,29.9181,1496,10217,45,568,2,16,3,22,12,16,330.1,685.5,1405.8,0.0,2,2,2,0
pi4,wolfSSL,DEPLOY_MLDSA65,TLS-checked,9,6.7956,16.0475,5.8063,28.6494,1496,10217,45,568,2,19,3,25,17,16,320.4,681.1,1404.6,0.0,2,2,2,0
pi4,wolfSSL,DEPLOY_MLDSA65,TLS-checked,10,4.9456,13.3915,6.8511,25.1882,1496,10217,45,568,2,16,3,22,14,16,316.8,704.8,1402.9,0.0,2,2,2,0
pi4,wolfSSL,DEPLOY_MLDSA65,TLS-checked,11,4.9107,11.8090,5.8805,22.6002,1496,10217,45,568,2,16,3,22,14,15,281.2,649.3,1239.1,0.0,2,2,2,0
pi4,wolfSSL,DEPLOY_MLDSA65,TLS-checked,12,6.2554,14.6728,11.3138,32.2421,1496,10217,45,568,2,15,3,21,14,15,287.0,596.3,1233.6,0.0,2,2,2,0
pi4,wolfSSL,DEPLOY_MLDSA65,TLS-checked,13,5.2059,14.2155,5.8156,25.2370,1496,10217,45,568,2,16,3,22,14,16,297.6,603.4,1246.1,0.0,2,2,2,0
pi4,wolfSSL,DEPLOY_MLDSA65,TLS-checked,14,5.4326,14.9837,6.7129,27.1292,1496,10217,45,568,2,16,3,22,14,15,283.6,597.3,1230.9,0.0,2,2,2,0
pi4,wolfSSL,DEPLOY_MLDSA65,TLS-checked,15,5.9446,12.3402,5.4991,23.7839,1496,10217,45,568,2,16,3,22,14,16,297.7,622.8,1246.8,0.0,2,2,2,0
pi4,wolfSSL,DEPLOY_MLDSA65,TLS-checked,16,5.5795,11.9508,5.4068,22.9371,1496,10217,45,568,2,14,3,20,12,15,284.2,599.1,1231.8,0.0,2,2,2,0
pi4,wolfSSL,DEPLOY_MLDSA65,TLS-checked,17,5.9885,15.3169,7.2722,28.5776,1496,10217,45,568,2,15,3,21,14,16,280.4,629.6,1254.2,0.0,2,2,2,0
pi4,wolfSSL,DEPLOY_MLDSA65,TLS-checked,18,6.7203,17.4134,6.4608,30.5946,1496,10217,45,568,2,15,3,21,14,16,302.8,685.2,1453.6,0.0,2,2,2,0
pi4,wolfSSL,DEPLOY_MLDSA65,TLS-checked,19,6.4040,14.7066,7.1325,28.2431,1496,10217,45,568,2,16,3,22,14,15,331.2,689.2,1437.7,0.0,2,2,2,0
pi4,wolfSSL,DEPLOY_MLDSA65,TLS-checked,20,6.2433,18.0411,7.2016,31.4861,1496,10217,45,568,2,16,3,22,14,15,323.1,712.7,1445.0,0.0,2,2,2,0
pi4,wolfSSL,DEPLOY_MLDSA65,TLS-checked,21,5.6903,14.8329,11.2442,31.7675,1496,10217,45,568,2,15,3,21,14,15,337.5,692.7,1403.9,0.0,2,2,2,0
pi4,wolfSSL,DEPLOY_MLDSA65,TLS-checked,22,5.6919,11.9956,6.9912,24.6788,1496,10217,45,568,2,16,3,22,14,16,295.5,605.0,1275.6,0.0,2,2,2,0
pi4,wolfSSL,DEPLOY_MLDSA65,TLS-checked,23,6.2805,15.9437,10.2561,32.4802,1496,10217,45,568,2,13,3,19,14,16,282.1,598.7,1253.9,0.0,2,2,2,0
pi4,wolfSSL,DEPLOY_MLDSA65,TLS-checked,24,7.8598,12.7058,6.4229,26.9885,1496,10217,45,568,2,16,3,22,14,16,295.7,606.4,1279.3,0.0,2,2,2,0
pi4,wolfSSL,DEPLOY_MLDSA65,TLS-checked,25,5.6031,16.1762,6.1108,27.8901,1496,10217,45,568,2,12,3,18,14,16,289.3,621.3,1283.5,0.0,2,2,2,0
pi4,wolfSSL,DEPLOY_MLDSA65,TLS-checked,26,4.8120,18.8334,6.0642,29.7095,1496,10217,45,568,2,14,3,20,14,16,293.2,624.9,1233.2,0.0,2,2,2,0
pi4,wolfSSL,DEPLOY_MLDSA65,TLS-checked,27,7.8967,12.5083,6.1250,26.5300,1496,10217,45,568,2,15,3,21,14,15,281.7,628.6,1248.8,0.0,2,2,2,0
pi4,wolfSSL,DEPLOY_MLDSA65,TLS-checked,28,5.0065,13.3481,5.5610,23.9155,1496,10217,45,568,2,12,3,18,14,14,292.6,637.5,1229.6,0.0,2,2,2,0
pi4,wolfSSL,DEPLOY_MLDSA65,TLS-checked,29,8.1669,13.0307,6.2412,27.4388,1496,10217,45,568,2,16,3,22,14,15,463.1,610.1,1240.9,0.0,2,2,2,0
pi4,wolfSSL,DEPLOY_MLDSA65,TLS-checked,30,5.2730,11.9380,4.9148,22.1258,1496,10217,45,568,2,16,3,22,14,15,284.6,599.0,1256.8,0.0,2,2,2,0
pi4,wolfSSL,DEPLOY_MLDSA65,TLS-checked,31,5.9627,16.6169,8.1574,30.7370,1496,10217,45,568,2,16,3,22,14,15,281.4,626.0,1228.2,0.0,2,2,2,0
pi4,wolfSSL,DEPLOY_MLDSA65,TLS-checked,32,5.7174,13.2184,6.0835,25.0193,1496,10217,45,568,2,15,3,21,14,16,280.5,596.5,1264.7,0.0,2,2,2,0
pi4,wolfSSL,DEPLOY_MLDSA65,TLS-checked,33,6.6094,14.1745,4.3721,25.1560,1496,10217,45,568,2,14,3,20,12,15,294.4,602.5,1240.6,0.0,2,2,2,0
pi4,wolfSSL,DEPLOY_MLDSA65,TLS-checked,34,4.7736,12.4709,5.5726,22.8171,1496,10217,45,568,2,14,3,20,12,16,282.4,595.8,1230.2,0.0,2,2,2,0
pi4,wolfSSL,DEPLOY_MLDSA65,TLS-checked,35,8.2998,13.5993,8.9414,30.8404,1496,10217,45,568,2,12,3,18,14,16,293.1,627.8,1280.3,0.0,2,2,2,0
pi4,wolfSSL,DEPLOY_MLDSA65,TLS-checked,36,5.6146,14.5975,9.4461,29.6582,1496,10217,45,568,2,14,3,20,12,15,308.3,602.1,1233.2,0.0,2,2,2,0
pi4,wolfSSL,DEPLOY_MLDSA65,TLS-checked,37,6.2317,13.6775,6.7795,26.6888,1496,10217,45,568,2,15,3,21,14,16,292.6,604.1,1239.0,0.0,2,2,2,0
pi4,wolfSSL,DEPLOY_MLDSA65,TLS-checked,38,4.9442,25.4825,5.7612,36.1879,1496,10217,45,568,2,16,3,22,14,16,304.7,599.4,1230.7,0.0,2,2,2,0
pi4,wolfSSL,DEPLOY_MLDSA65,TLS-checked,39,8.5710,12.6151,7.6551,28.8413,1496,10217,45,568,2,15,3,21,14,16,278.8,595.2,1231.4,0.0,2,2,2,0
pi4,wolfSSL,DEPLOY_MLDSA65,TLS-checked,40,8.1359,18.8664,6.8931,33.8954,1496,10217,45,568,2,16,3,22,14,16,296.6,604.2,1243.5,0.0,2,2,2,0
pi4,wolfSSL,DEPLOY_MLDSA65,TLS-checked,41,5.8055,16.4982,11.5584,33.8621,1496,10217,45,568,2,16,3,22,14,15,301.6,595.5,1246.7,0.0,2,2,2,0
pi4,wolfSSL,DEPLOY_MLDSA65,TLS-checked,42,4.7779,15.7794,6.7189,27.2762,1496,10217,45,568,2,15,3,21,14,16,295.9,605.1,1268.9,0.0,2,2,2,0
pi4,wolfSSL,DEPLOY_MLDSA65,TLS-checked,43,6.5892,17.4029,7.0452,31.0373,1496,10217,45,568,2,14,3,20,13,16,295.0,615.7,1241.6,0.0,2,2,2,0
pi4,wolfSSL,DEPLOY_MLDSA65,TLS-checked,44,6.6652,20.3708,10.2780,37.3140,1496,10217,45,568,2,15,3,21,14,16,284.7,599.6,1261.8,0.0,2,2,2,0
pi4,wolfSSL,DEPLOY_MLDSA65,TLS-checked,45,5.7716,18.9871,5.8837,30.6424,1496,10217,45,568,2,16,3,22,13,16,280.0,602.8,1248.2,0.0,2,2,2,0
pi4,wolfSSL,DEPLOY_MLDSA65,TLS-checked,46,5.2745,17.4420,8.7884,31.5050,1496,10217,45,568,2,14,3,20,12,16,279.0,640.0,1262.0,0.0,2,2,2,0
pi4,wolfSSL,DEPLOY_MLDSA65,TLS-checked,47,6.0812,15.9973,8.8433,30.9218,1496,10217,45,568,2,19,3,25,14,16,285.9,620.7,1256.8,0.0,2,2,2,0
pi4,wolfSSL,DEPLOY_MLDSA65,TLS-checked,48,8.7647,23.7712,6.3464,38.8824,1496,10217,45,568,2,14,3,20,14,16,294.0,623.7,1246.2,0.0,2,2,2,0
pi4,wolfSSL,DEPLOY_MLDSA65,TLS-checked,49,7.9150,15.6796,7.7620,31.3567,1496,10217,45,568,2,16,3,22,12,16,296.7,609.3,1242.1,0.0,2,2,2,0
pi4,wolfSSL,DEPLOY_MLDSA65,mTLS,0,6.3775,18.0466,9.1265,33.5506,10430,10434,45,11672,4,19,5,31,24,26,261.3,535.6,1108.4,1200.7,2,2,2,1
pi4,wolfSSL,DEPLOY_MLDSA65,mTLS,1,9.1754,22.9389,9.1360,41.2503,10430,10434,45,11672,4,19,5,30,24,27,285.5,550.4,1101.1,3100.6,2,2,2,1
pi4,wolfSSL,DEPLOY_MLDSA65,mTLS,2,5.6423,20.2360,8.4921,34.3704,10430,10434,45,11672,4,19,5,30,24,27,269.2,544.5,1098.1,1374.7,2,2,2,1
pi4,wolfSSL,DEPLOY_MLDSA65,mTLS,3,6.7961,19.7672,11.2879,37.8512,10430,10434,45,11672,4,19,5,28,23,26,261.4,536.4,1090.4,1666.9,2,2,2,1
pi4,wolfSSL,DEPLOY_MLDSA65,mTLS,4,5.8959,16.6684,8.6423,31.2067,10430,10434,45,11672,4,19,5,27,23,29,267.0,587.5,1125.1,952.2,2,2,2,1
pi4,wolfSSL,DEPLOY_MLDSA65,mTLS,5,5.2467,21.9385,9.7314,36.9166,10430,10434,45,11672,4,19,5,31,24,27,267.0,557.5,1099.8,3609.5,2,2,2,1
pi4,wolfSSL,DEPLOY_MLDSA65,mTLS,6,7.1548,18.8214,12.3134,38.2897,10430,10434,45,11672,4,19,5,30,24,27,260.4,536.4,1093.8,765.2,2,2,2,1
pi4,wolfSSL,DEPLOY_MLDSA65,mTLS,7,4.5103,20.2167,10.3283,35.0553,10430,10434,45,11672,4,17,5,28,24,29,259.8,537.4,1136.2,2503.9,2,2,2,1
pi4,wolfSSL,DEPLOY_MLDSA65,mTLS,8,8.8341,18.5894,8.8385,36.2620,10430,10434,45,11672,4,18,5,29,24,26,291.6,540.6,1089.8,761.9,2,2,2,1
pi4,wolfSSL,DEPLOY_MLDSA65,mTLS,9,6.2872,23.2940,8.6537,38.2349,10430,10434,45,11672,4,19,5,30,22,27,258.1,539.6,1113.1,991.0,2,2,2,1
pi4,wolfSSL,DEPLOY_MLDSA65,mTLS,10,10.3597,17.4027,11.2348,38.9972,10430,10434,45,11672,4,17,5,27,22,26,278.9,550.3,1096.7,1691.2,2,2,2,1
pi4,wolfSSL,DEPLOY_MLDSA65,mTLS,11,6.0262,15.6649,8.6486,30.3396,10430,10434,45,11672,4,14,5,25,24,27,260.5,544.4,1090.9,1754.8,2,2,2,1
pi4,wolfSSL,DEPLOY_MLDSA65,mTLS,12,6.8284,13.6118,7.6132,28.0533,10430,10434,45,11672,4,19,5,26,23,27,256.8,549.9,1122.7,762.8,2,2,2,1
pi4,wolfSSL,DEPLOY_MLDSA65,mTLS,13,11.8708,15.6067,7.6482,35.1256,10430,10434,45,11672,4,14,5,25,24,27,282.6,553.2,1095.4,1641.3,2,2,2,1
pi4,wolfSSL,DEPLOY_MLDSA65,mTLS,14,8.2025,15.0005,8.7006,31.9035,10430,10434,45,11672,4,16,5,27,22,27,262.4,536.2,1089.0,763.4,2,2,2,1
pi4,wolfSSL,DEPLOY_MLDSA65,mTLS,15,6.4218,19.2905,7.6429,33.3552,10430,10434,45,11672,4,18,5,29,29,27,258.4,535.3,1131.3,1001.6,2,2,2,1
pi4,wolfSSL,DEPLOY_MLDSA65,mTLS,16,9.4231,16.9940,9.4976,35.9147,10430,10434,45,11672,4,18,5,24,22,29,265.8,558.5,1099.5,1438.0,2,2,2,1
pi4,wolfSSL,DEPLOY_MLDSA65,mTLS,17,9.5812,22.0656,7.7729,39.4198,10430,10434,45,11672,4,18,5,30,24,26,261.1,537.4,1092.8,1521.8,2,2,2,1
pi4,wolfSSL,DEPLOY_MLDSA65,mTLS,18,6.1751,15.6392,7.8990,29.7133,10430,10434,45,11672,4,18,5,24,23,28,257.3,536.8,1086.2,950.3,2,2,2,1
pi4,wolfSSL,DEPLOY_MLDSA65,mTLS,19,7.4608,17.5999,6.5229,31.5835,10430,10434,45,11672,4,18,5,24,23,28,267.5,548.5,1094.3,3080.1,2,2,2,1
pi4,wolfSSL,DEPLOY_MLDSA65,mTLS,20,7.1718,15.7156,8.3374,31.2247,10430,10434,45,11672,4,19,5,29,23,27,262.8,558.1,1108.6,1176.7,2,2,2,1
pi4,wolfSSL,DEPLOY_MLDSA65,mTLS,21,4.7360,15.9334,9.9153,30.5847,10430,10434,45,11672,4,19,5,30,24,26,257.8,535.3,1111.6,2219.9,2,2,2,1
pi4,wolfSSL,DEPLOY_MLDSA65,mTLS,22,6.1293,18.9193,7.0387,32.0873,10430,10434,45,11672,4,18,5,29,25,28,267.4,599.5,1097.9,1749.5,2,2,2,1
pi4,wolfSSL,DEPLOY_MLDSA65,mTLS,23,5.8478,18.4216,9.3546,33.6240,10430,10434,45,11672,4,14,5,25,24,27,262.8,539.6,1113.5,958.7,2,2,2,1
pi4,wolfSSL,DEPLOY_MLDSA65,mTLS,24,5.9247,14.9480,7.6521,28.5248,10430,10434,45,11672,4,18,5,26,24,25,255.7,535.2,1085.7,1431.8,2,2,2,1
pi4,wolfSSL,DEPLOY_MLDSA65,mTLS,25,7.6022,16.9606,8.5358,33.0986,10430,10434,45,11672,4,19,5,28,23,23,258.7,538.6,1102.4,766.3,2,2,2,1
pi4,wolfSSL,DEPLOY_MLDSA65,mTLS,26,6.2935,15.6215,7.8927,29.8077,10430,10434,45,11672,4,19,5,27,21,27,262.5,540.7,1088.9,1796.9,2,2,2,1
pi4,wolfSSL,DEPLOY_MLDSA65,mTLS,27,5.3365,14.5960,8.0771,28.0095,10430,10434,45,11672,4,18,5,29,22,27,259.9,535.7,1087.7,991.3,2,2,2,1
pi4,wolfSSL,DEPLOY_MLDSA65,mTLS,28,7.3668,18.7677,10.4395,36.5741,10430,10434,45,11672,4,16,5,23,23,26,265.5,563.5,1100.8,2551.9,2,2,2,1
pi4,wolfSSL,DEPLOY_MLDSA65,mTLS,29,5.1582,15.4430,10.1756,30.7768,10430,10434,45,11672,4,17,5,26,22,29,271.1,545.9,1099.4,3075.5,2,2,2,1
pi4,wolfSSL,DEPLOY_MLDSA65,mTLS,30,7.2297,16.6898,9.2553,33.1748,10430,10434,45,11672,4,16,5,28,21,26,267.3,595.8,1098.9,998.1,2,2,2,1
pi4,wolfSSL,DEPLOY_MLDSA65,mTLS,31,7.2602,18.7870,11.1615,37.2087,10430,10434,45,11672,4,16,5,24,20,27,263.9,566.7,1117.7,993.5,2,2,2,1
pi4,wolfSSL,DEPLOY_MLDSA65,mTLS,32,7.2337,19.8117,11.7069,38.7522,10430,10434,45,11672,4,18,5,29,24,26,266.5,542.3,1096.3,1161.2,2,2,2,1
pi4,wolfSSL,DEPLOY_MLDSA65,mTLS,33,5.0780,16.8285,9.9847,31.8912,10430,10434,45,11672,4,16,5,24,21,27,277.7,555.9,1109.1,1410.1,2,2,2,1
pi4,wolfSSL,DEPLOY_MLDSA65,mTLS,34,3.8389,20.6294,11.7425,36.2108,10430,10434,45,11672,4,19,5,25,23,28,265.7,590.0,1126.0,3428.6,2,2,2,1
pi4,wolfSSL,DEPLOY_MLDSA65,mTLS,35,6.7689,15.9983,10.6405,33.4077,10430,10434,45,11672,4,18,5,29,24,26,265.1,561.8,1113.8,2532.8,2,2,2,1
pi4,wolfSSL,DEPLOY_MLDSA65,mTLS,36,6.2508,19.4891,8.3200,34.0598,10430,10434,45,11672,4,17,5,28,24,27,260.5,539.3,1088.0,1390.0,2,2,2,1
pi4,wolfSSL,DEPLOY_MLDSA65,mTLS,37,5.9451,18.5994,9.0108,33.5552,10430,10434,45,11672,4,16,5,27,21,27,262.7,559.9,1099.8,1752.9,2,2,2,1
pi4,wolfSSL,DEPLOY_MLDSA65,mTLS,38,6.1848,16.1553,12.1602,34.5002,10430,10434,45,11672,4,20,5,29,22,28,262.5,538.6,1090.4,1238.0,2,2,2,1
pi4,wolfSSL,DEPLOY_MLDSA65,mTLS,39,6.4012,16.0133,6.5171,28.9316,10430,10434,45,11672,4,14,5,21,23,27,260.6,560.2,1087.9,966.2,2,2,2,1
pi4,wolfSSL,DEPLOY_MLDSA65,mTLS,40,5.8780,19.7177,9.3414,34.9370,10430,10434,45,11672,4,14,5,25,23,27,265.5,565.4,1097.4,1879.4,2,2,2,1
pi4,wolfSSL,DEPLOY_MLDSA65,mTLS,41,5.6931,13.8880,10.7130,30.2940,10430,10434,45,11672,4,16,5,27,22,27,260.6,534.6,1091.6,1155.8,2,2,2,1
pi4,wolfSSL,DEPLOY_MLDSA65,mTLS,42,7.7858,18.2370,6.9951,33.0179,10430,10434,45,11672,4,18,5,27,27,26,266.5,542.8,1088.2,3211.4,2,2,2,1
pi4,wolfSSL,DEPLOY_MLDSA65,mTLS,43,6.4085,19.8860,19.4042,45.6986,10430,10434,45,11672,4,19,5,30,22,27,260.0,536.8,1104.4,1852.8,2,2,2,1
pi4,wolfSSL,DEPLOY_MLDSA65,mTLS,44,6.5060,18.5511,9.7210,34.7781,10430,10434,45,11672,4,19,5,30,24,27,263.8,569.3,1110.0,2463.6,2,2,2,1
pi4,wolfSSL,DEPLOY_MLDSA65,mTLS,45,5.5750,17.0302,9.8823,32.4875,10430,10434,45,11672,4,16,5,27,22,26,260.2,534.9,1089.9,969.2,2,2,2,1
pi4,wolfSSL,DEPLOY_MLDSA65,mTLS,46,10.5384,21.2885,11.6442,43.4711,10430,10434,45,11672,4,19,5,25,22,26,269.3,542.7,1101.4,1424.3,2,2,2,1
pi4,wolfSSL,DEPLOY_MLDSA65,mTLS,47,6.9051,27.3644,13.0175,47.2870,10430,10434,45,11672,4,19,5,30,22,27,260.4,537.8,1092.4,6557.2,2,2,2,1
pi4,wolfSSL,DEPLOY_MLDSA65,mTLS,48,6.4587,21.6591,10.7508,38.8687,10430,10434,45,11672,4,19,5,30,24,27,258.3,556.0,1097.1,2180.4,2,2,2,1
pi4,wolfSSL,DEPLOY_MLDSA65,mTLS,49,6.0887,15.8084,14.5621,36.4592,10430,10434,45,11672,4,18,5,30,22,26,262.0,538.0,1120.5,764.8,2,2,2,1
pi4,wolfSSL,DEPLOY_MLDSA65,mTLS-checked,0,6.0223,16.6597,9.3685,32.0505,10430,10434,45,11672,4,16,5,24,21,27,259.9,537.0,1093.4,2010.0,2,2,2,1
pi4,wolfSSL,DEPLOY_MLDSA65,mTLS-checked,1,6.0716,20.4104,14.5164,40.9984,10430,10434,45,11672,4,14,5,25,24,28,269.3,563.3,1103.0,1761.8,2,2,2,1
pi4,wolfSSL,DEPLOY_MLDSA65,mTLS-checked,2,8.2591,17.9620,6.9543,33.1755,10430,10434,45,11672,4,18,5,24,23,25,268.2,563.7,1104.5,1568.2,2,2,2,1
pi4,wolfSSL,DEPLOY_MLDSA65,mTLS-checked,3,11.1988,15.6486,10.4220,37.2695,10430,10434,45,11672,4,19,5,28,23,23,263.9,538.9,1102.6,761.5,2,2,2,1
pi4,wolfSSL,DEPLOY_MLDSA65,mTLS-checked,4,10.3416,22.8700,9.9208,43.1325,10430,10434,45,11672,4,19,5,27,23,28,272.9,563.9,1108.2,1576.6,2,2,2,1
pi4,wolfSSL,DEPLOY_MLDSA65,mTLS-checked,5,14.4023,17.3871,12.0155,43.8049,10430,10434,45,11672,4,19,5,30,24,26,261.6,539.8,1099.3,761.5,2,2,2,1
pi4,wolfSSL,DEPLOY_MLDSA65,mTLS-checked,6,6.4394,25.1187,9.5764,41.1345,10430,10434,45,11672,4,18,5,24,21,23,301.9,627.1,1279.7,2214.8,2,2,2,1
pi4,wolfSSL,DEPLOY_MLDSA65,mTLS-checked,7,9.4380,22.0127,7.3016,38.7523,10430,10434,45,11672,4,14,5,24,21,27,293.7,605.7,1229.6,2448.1,2,2,2,1
pi4,wolfSSL,DEPLOY_MLDSA65,mTLS-checked,8,5.3225,16.4285,7.5865,29.3375,10430,10434,45,11672,4,18,5,27,24,28,306.1,599.1,1231.4,1321.6,2,2,2,1
pi4,wolfSSL,DEPLOY_MLDSA65,mTLS-checked,9,4.5425,18.4732,10.7388,33.7545,10430,10434,45,11672,4,19,5,28,24,28,267.1,540.7,1121.0,760.8,2,2,2,1
pi4,wolfSSL,DEPLOY_MLDSA65,mTLS-checked,10,7.3082,18.7190,11.4987,37.5259,10430,10434,45,11672,4,19,5,30,24,24,257.8,552.6,1111.1,760.4,2,2,2,1
pi4,wolfSSL,DEPLOY_MLDSA65,mTLS-checked,11,4.6419,21.8523,8.7810,35.2752,10430,10434,45,11672,4,17,5,26,24,26,261.8,554.9,1346.3,1647.6,2,2,2,1
pi4,wolfSSL,DEPLOY_MLDSA65,mTLS-checked,12,8.3268,18.6842,9.8746,36.8856,10430,10434,45,11672,4,18,5,29,22,26,296.2,637.1,1239.3,1276.2,2,2,2,1
pi4,wolfSSL,DEPLOY_MLDSA65,mTLS-checked,13,6.2588,20.5460,7.6674,34.4722,10430,10434,45,11672,4,18,5,29,24,25,288.5,620.5,1264.9,3340.1,2,2,2,1
pi4,wolfSSL,DEPLOY_MLDSA65,mTLS-checked,14,5.9958,21.6946,12.9104,40.6008,10430,10434,45,11672,4,18,5,30,24,26,286.0,601.1,1108.9,1611.5,2,2,2,1
pi4,wolfSSL,DEPLOY_MLDSA65,mTLS-checked,15,8.1667,21.6329,8.4433,38.2428,10430,10434,45,11672,4,18,5,29,24,27,264.6,541.0,1094.0,5251.0,2,2,2,1
pi4,wolfSSL,DEPLOY_MLDSA65,mTLS-checked,16,10.5375,19.4597,12.7841,42.7813,10430,10434,45,11672,4,17,5,28,24,28,257.6,539.2,1116.6,1370.9,2,2,2,1
pi4,wolfSSL,DEPLOY_MLDSA65,mTLS-checked,17,6.9565,22.7387,10.0658,39.7610,10430,10434,45,11672,4,19,5,30,24,28,266.8,563.3,1104.3,1485.0,2,2,2,1
pi4,wolfSSL,DEPLOY_MLDSA65,mTLS-checked,18,6.2483,19.2710,11.0892,36.6085,10430,10434,45,11672,4,18,5,29,24,27,264.0,539.0,1097.9,1863.7,2,2,2,1
pi4,wolfSSL,DEPLOY_MLDSA65,mTLS-checked,19,5.4447,16.3112,9.3638,31.1198,10430,10434,45,11672,4,18,5,29,22,27,258.3,535.0,1106.3,858.7,2,2,2,1
pi4,wolfSSL,DEPLOY_MLDSA65,mTLS-checked,20,6.3452,23.2397,8.2125,37.7975,10430,10434,45,11672,4,19,5,31,22,27,293.5,605.6,1228.8,5468.6,2,2,2,1
pi4,wolfSSL,DEPLOY_MLDSA65,mTLS-checked,21,6.6048,21.3249,7.7648,35.6944,10430,10434,45,11672,4,19,5,26,24,26,286.4,602.0,1251.2,3980.6,2,2,2,1
pi4,wolfSSL,DEPLOY_MLDSA65,mTLS-checked,22,9.4913,15.7207,10.1125,35.3245,10430,10434,45,11672,4,18,5,29,21,28,313.3,508.3,1003.0,1069.2,2,2,2,1
pi4,wolfSSL,DEPLOY_MLDSA65,mTLS-checked,23,6.9262,15.6334,15.5697,38.1293,10430,10434,45,11672,4,19,5,30,24,28,244.2,514.6,998.6,1905.5,2,2,2,1
pi4,wolfSSL,DEPLOY_MLDSA65,mTLS-checked,24,6.9073,16.7036,7.6550,31.2660,10430,10434,45,11672,4,18,5,29,24,27,238.1,486.9,985.6,2693.6,2,2,2,1
pi4,wolfSSL,DEPLOY_MLDSA65,mTLS-checked,25,8.2474,14.4676,7.8056,30.5205,10430,10434,45,11672,4,16,5,27,21,27,277.1,548.7,1101.4,761.0,2,2,2,1
pi4,wolfSSL,DEPLOY_MLDSA65,mTLS-checked,26,5.7978,15.9570,9.7043,31.4592,10430,10434,45,11672,4,19,5,30,24,28,286.3,558.9,1117.3,938.5,2,2,2,1
pi4,wolfSSL,DEPLOY_MLDSA65,mTLS-checked,27,5.6122,15.2122,10.2514,31.0758,10430,10434,45,11672,4,19,5,30,23,28,257.6,533.2,1092.6,1573.1,2,2,2,1
pi4,wolfSSL,DEPLOY_MLDSA65,mTLS-checked,28,5.1753,15.1910,9.2722,29.6385,10430,10434,45,11672,4,17,5,28,24,26,257.5,533.7,1111.6,1623.0,2,2,2,1
pi4,wolfSSL,DEPLOY_MLDSA65,mTLS-checked,29,6.9202,18.8647,7.7541,33.5389,10430,10434,45,11672,4,14,5,25,24,25,266.4,562.9,1127.5,4980.3,2,2,2,1
pi4,wolfSSL,DEPLOY_MLDSA65,mTLS-checked,30,8.9652,17.9809,9.3737,36.3198,10430,10434,45,11672,4,19,5,29,28,27,266.4,563.9,1102.6,3406.7,2,2,2,1
pi4,wolfSSL,DEPLOY_MLDSA65,mTLS-checked,31,7.3515,16.8411,10.1957,34.3882,10430,10434,45,11672,4,18,5,29,24,27,262.9,560.9,1105.6,1397.6,2,2,2,1
pi4,wolfSSL,DEPLOY_MLDSA65,mTLS-checked,32,6.5361,18.7655,11.9084,37.2099,10430,10434,45,11672,4,19,5,32,31,25,260.6,539.5,1091.2,1215.8,2,2,2,1
pi4,wolfSSL,DEPLOY_MLDSA65,mTLS-checked,33,5.7996,18.6924,13.2705,37.7625,10430,10434,45,11672,4,19,5,30,24,28,257.4,536.6,1116.8,1986.6,2,2,2,1
pi4,wolfSSL,DEPLOY_MLDSA65,mTLS-checked,34,5.9194,17.2130,8.6820,31.8144,10430,10434,45,11672,4,18,5,29,24,28,274.1,554.5,1107.0,974.7,2,2,2,1
pi4,wolfSSL,DEPLOY_MLDSA65,mTLS-checked,35,6.2171,18.9393,10.8554,36.0118,10430,10434,45,11672,4,18,5,30,22,27,273.8,548.3,1121.8,1424.4,2,2,2,1
pi4,wolfSSL,DEPLOY_MLDSA65,mTLS-checked,36,5.5315,19.0253,8.2712,32.8280,10430,10434,45,11672,4,19,5,28,24,25,256.6,538.8,1093.6,4511.3,2,2,2,1
pi4,wolfSSL,DEPLOY_MLDSA65,mTLS-checked,37,6.0750,15.6049,11.7830,33.4628,10430,10434,45,11672,4,18,5,30,22,28,266.6,543.6,1100.5,1356.0,2,2,2,1
pi4,wolfSSL,DEPLOY_MLDSA65,mTLS-checked,38,6.0082,21.3489,10.0888,37.4460,10430,10434,45,11672,4,16,5,28,23,25,259.6,542.0,1095.9,971.9,2,2,2,1
pi4,wolfSSL,DEPLOY_MLDSA65,mTLS-checked,39,5.9728,24.9444,7.4168,38.3340,10430,10434,45,11672,4,19,5,25,21,28,258.1,543.3,1095.3,761.7,2,2,2,1
pi4,wolfSSL,DEPLOY_MLDSA65,mTLS-checked,40,5.8211,18.6710,10.4402,34.9322,10430,10434,45,11672,4,19,5,30,24,25,263.6,562.1,1103.0,941.6,2,2,2,1
pi4,wolfSSL,DEPLOY_MLDSA65,mTLS-checked,41,7.3410,15.1315,10.1109,32.5834,10430,10434,45,11672,4,17,5,28,24,26,283.3,545.8,1127.6,948.6,2,2,2,1
pi4,wolfSSL,DEPLOY_MLDSA65,mTLS-checked,42,4.9908,17.8140,8.8462,31.6509,10430,10434,45,11672,4,19,5,29,23,27,260.8,564.5,1094.6,1150.6,2,2,2,1
pi4,wolfSSL,DEPLOY_MLDSA65,mTLS-checked,43,5.1020,15.1076,10.6361,30.8456,10430,10434,45,11672,4,19,5,30,24,25,266.1,542.5,1104.7,788.2,2,2,2,1
pi4,wolfSSL,DEPLOY_MLDSA65,mTLS-checked,44,5.3956,18.5694,9.1894,33.1544,10430,10434,45,11672,4,17,5,27,21,25,259.2,553.2,1113.9,759.4,2,2,2,1
pi4,wolfSSL,DEPLOY_MLDSA65,mTLS-checked,45,5.4871,16.2989,12.9406,34.7265,10430,10434,45,11672,4,16,5,27,22,28,257.2,535.0,1092.4,1540.0,2,2,2,1
pi4,wolfSSL,DEPLOY_MLDSA65,mTLS-checked,46,6.4187,17.2554,8.6419,32.3160,10430,10434,45,11672,4,16,5,27,24,26,265.3,587.3,1103.8,957.4,2,2,2,1
pi4,wolfSSL,DEPLOY_MLDSA65,mTLS-checked,47,5.7538,20.3923,7.4965,33.6426,10430,10434,45,11672,4,14,5,24,24,29,267.2,542.8,1102.8,4299.9,2,2,2,1
pi4,wolfSSL,DEPLOY_MLDSA65,mTLS-checked,48,7.3072,19.2055,8.0566,34.5692,10430,10434,45,11672,4,16,5,27,22,24,257.0,534.9,1092.5,5154.8,2,2,2,1
pi4,wolfSSL,DEPLOY_MLDSA65,mTLS-checked,49,6.3891,14.9379,8.9317,30.2587,10430,10434,45,11672,4,16,5,27,22,27,242.4,487.9,992.3,1428.1,2,2,2,1
pi4,OpenSSL,DEPLOY_MLDSA87,TLS,0,5.4626,11.2571,5.8661,22.5858,1568,13525,45,568,2,12,3,18,19,20,388.0,511.3,2318.1,0.0,1,1,2,0
pi4,OpenSSL,DEPLOY_MLDSA87,TLS,1,5.5098,13.2459,4.5894,23.3452,1568,13525,45,568,2,15,3,21,19,20,391.2,507.3,2325.4,0.0,1,1,2,0
pi4,OpenSSL,DEPLOY_MLDSA87,TLS,2,8.7945,11.8987,5.2858,25.9790,1568,13525,45,568,2,12,3,18,19,21,389.8,514.7,2322.8,0.0,1,1,2,0
pi4,OpenSSL,DEPLOY_MLDSA87,TLS,3,5.1128,12.8682,5.2265,23.2075,1568,13525,45,568,2,12,3,18,20,20,403.1,522.5,2333.7,0.0,1,1,2,0
pi4,OpenSSL,DEPLOY_MLDSA87,TLS,4,7.6517,12.1194,5.5849,25.3559,1568,13525,45,568,2,16,3,22,19,19,402.4,513.8,2299.2,0.0,1,1,2,0
pi4,OpenSSL,DEPLOY_MLDSA87,TLS,5,7.4264,15.6423,13.5668,36.6356,1568,13525,45,568,2,15,3,21,15,21,399.8,507.8,2296.1,0.0,1,1,2,0
pi4,OpenSSL,DEPLOY_MLDSA87,TLS,6,5.4156,12.8234,5.9739,24.2130,1568,13525,45,568,2,17,3,23,19,20,393.3,530.2,2291.3,0.0,1,1,2,0
pi4,OpenSSL,DEPLOY_MLDSA87,TLS,7,10.1341,12.7238,6.2491,29.1070,1568,13525,45,568,2,12,3,18,17,20,396.1,513.3,2325.0,0.0,1,1,2,0
pi4,OpenSSL,DEPLOY_MLDSA87,TLS,8,4.6766,13.5864,4.3504,22.6133,1568,13525,45,568,2,12,3,18,19,20,391.4,513.3,2307.2,0.0,1,1,2,0
pi4,OpenSSL,DEPLOY_MLDSA87,TLS,9,9.1050,13.6915,6.3464,29.1429,1568,13525,45,568,2,12,3,18,19,20,416.4,510.2,2320.7,0.0,1,1,2,0
pi4,OpenSSL,DEPLOY_MLDSA87,TLS,10,5.4147,12.0874,10.1263,27.6285,1568,13525,45,568,2,14,3,20,15,21,390.0,525.6,2350.6,0.0,1,1,2,0
pi4,OpenSSL,DEPLOY_MLDSA87,TLS,11,6.8050,15.6687,6.2083,28.6820,1568,13525,45,568,2,16,3,22,17,21,393.3,537.7,2322.4,0.0,1,1,2,0
pi4,OpenSSL,DEPLOY_MLDSA87,TLS,12,6.2595,14.7231,7.0432,28.0257,1568,13525,45,568,2,17,3,23,19,20,410.1,515.8,2334.0,0.0,1,1,2,0
pi4,OpenSSL,DEPLOY_MLDSA87,TLS,13,4.9035,15.9599,4.2519,25.1152,1568,13525,45,568,2,14,3,20,17,20,390.9,509.1,2328.9,0.0,1,1,2,0
pi4,OpenSSL,DEPLOY_MLDSA87,TLS,14,5.5506,14.5141,7.0811,27.1458,1568,13525,45,568,2,12,3,18,16,21,409.2,520.6,2366.7,0.0,1,1,2,0
pi4,OpenSSL,DEPLOY_MLDSA87,TLS,15,6.3153,12.6601,6.0595,25.0349,1568,13525,45,568,2,18,3,24,19,21,391.4,508.6,2295.7,0.0,1,1,2,0
pi4,OpenSSL,DEPLOY_MLDSA87,TLS,16,6.9523,16.0072,6.4162,29.3756,1568,13525,45,568,2,15,3,21,17,20,388.8,508.0,2327.7,0.0,1,1,2,0
pi4,OpenSSL,DEPLOY_MLDSA87,TLS,17,8.5304,14.9034,8.7790,32.2128,1568,13525,45,568,2,18,3,24,19,20,388.1,507.2,2345.6,0.0,1,1,2,0
pi4,OpenSSL,DEPLOY_MLDSA87,TLS,18,8.9777,16.5598,5.9011,31.4387,1568,13525,45,568,2,18,3,24,19,19,395.9,535.9,2317.0,0.0,1,1,2,0
pi4,OpenSSL,DEPLOY_MLDSA87,TLS,19,4.0166,13.1947,5.1325,22.3438,1568,13525,45,568,2,17,3,23,19,20,395.4,538.4,2329.8,0.0,1,1,2,0
pi4,OpenSSL,DEPLOY_MLDSA87,TLS,20,6.7926,13.5136,7.7583,28.0645,1568,13525,45,568,2,17,3,23,19,21,392.8,507.2,2321.2,0.0,1,1,2,0
pi4,OpenSSL,DEPLOY_MLDSA87,TLS,21,5.1763,13.7459,7.4110,26.3332,1568,13525,45,568,2,17,3,23,19,20,417.0,535.2,2304.7,0.0,1,1,2,0
pi4,OpenSSL,DEPLOY_MLDSA87,TLS,22,6.7258,14.2890,4.9657,25.9805,1568,13525,45,568,2,17,3,23,19,19,413.3,522.3,2319.4,0.0,1,1,2,0
pi4,OpenSSL,DEPLOY_MLDSA87,TLS,23,5.6599,13.4366,5.0516,24.1482,1568,13525,45,568,2,16,3,22,20,20,393.2,503.9,2312.0,0.0,1,1,2,0
pi4,OpenSSL,DEPLOY_MLDSA87,TLS,24,7.2462,14.2752,10.4149,31.9363,1568,13525,45,568,2,12,3,18,17,20,389.9,521.6,2319.8,0.0,1,1,2,0
pi4,OpenSSL,DEPLOY_MLDSA87,TLS,25,6.1213,16.7384,5.6546,28.5143,1568,13525,45,568,2,21,3,27,19,20,398.7,510.6,2306.6,0.0,1,1,2,0
pi4,OpenSSL,DEPLOY_MLDSA87,TLS,26,5.7550,14.5981,8.8426,29.1958,1568,13525,45,568,2,16,3,22,19,19,393.4,509.7,2328.9,0.0,1,1,2,0
pi4,OpenSSL,DEPLOY_MLDSA87,TLS,27,7.1314,13.8242,4.6652,25.6208,1568,13525,45,568,2,14,3,20,20,20,396.7,512.4,2327.6,0.0,1,1,2,0
pi4,OpenSSL,DEPLOY_MLDSA87,TLS,28,8.6606,11.0356,6.3163,26.0125,1568,13525,45,568,2,12,3,18,19,20,392.5,553.6,2310.0,0.0,1,1,2,0
pi4,OpenSSL,DEPLOY_MLDSA87,TLS,29,9.3124,13.3069,7.1151,29.7344,1568,13525,45,568,2,18,3,24,19,19,393.5,527.1,2292.3,0.0,1,1,2,0
pi4,OpenSSL,DEPLOY_MLDSA87,TLS,30,7.1155,12.2765,6.9086,26.3005,1568,13525,45,568,2,12,3,18,17,19,390.6,512.3,2285.9,0.0,1,1,2,0
pi4,OpenSSL,DEPLOY_MLDSA87,TLS,31,13.4850,20.6502,5.2757,39.4109,1568,13525,45,568,2,17,3,23,19,20,415.7,509.3,2342.6,0.0,1,1,2,0
pi4,OpenSSL,DEPLOY_MLDSA87,TLS,32,6.8593,11.6346,7.3848,25.8787,1568,13525,45,568,2,12,3,18,19,19,397.2,513.2,2291.0,0.0,1,1,2,0
pi4,OpenSSL,DEPLOY_MLDSA87,TLS,33,6.0375,11.3460,5.4624,22.8459,1568,13525,45,568,2,18,3,24,19,20,405.5,514.1,2603.6,0.0,1,1,2,0
pi4,OpenSSL,DEPLOY_MLDSA87,TLS,34,5.2003,12.2008,6.4005,23.8017,1568,13525,45,568,2,12,3,18,17,20,396.7,526.8,2291.2,0.0,1,1,2,0
pi4,OpenSSL,DEPLOY_MLDSA87,TLS,35,5.8418,14.4427,4.6359,24.9204,1568,13525,45,568,2,12,3,18,17,20,393.1,512.1,2299.6,0.0,1,1,2,0
pi4,OpenSSL,DEPLOY_MLDSA87,TLS,36,5.3007,16.2997,6.6583,28.2588,1568,13525,45,568,2,17,3,23,19,20,398.5,513.3,2292.9,0.0,1,1,2,0
pi4,OpenSSL,DEPLOY_MLDSA87,TLS,37,5.7447,13.7384,5.5479,25.0309,1568,13525,45,568,2,17,3,23,19,20,392.1,507.5,2289.4,0.0,1,1,2,0
pi4,OpenSSL,DEPLOY_MLDSA87,TLS,38,5.6075,12.6200,5.3960,23.6236,1568,13525,45,568,2,18,3,24,19,20,387.9,505.5,2288.3,0.0,1,1,2,0
pi4,OpenSSL,DEPLOY_MLDSA87,TLS,39,6.5335,13.3699,4.3927,24.2961,1568,13525,45,568,2,12,3,18,17,19,412.7,510.9,2369.2,0.0,1,1,2,0
pi4,OpenSSL,DEPLOY_MLDSA87,TLS,40,5.7144,13.1058,8.1824,27.0026,1568,13525,45,568,2,18,3,24,19,20,415.2,509.5,2319.8,0.0,1,1,2,0
pi4,OpenSSL,DEPLOY_MLDSA87,TLS,41,7.0077,13.6574,16.0816,36.7467,1568,13525,45,568,2,18,3,24,19,20,401.5,510.1,2293.3,0.0,1,1,2,0
pi4,OpenSSL,DEPLOY_MLDSA87,TLS,42,5.7392,14.1663,5.1007,25.0063,1568,13525,45,568,2,18,3,24,19,20,421.9,506.6,2328.5,0.0,1,1,2,0
pi4,OpenSSL,DEPLOY_MLDSA87,TLS,43,6.9810,16.8101,5.7456,29.5367,1568,13525,45,568,2,16,3,22,19,19,403.7,526.9,2322.4,0.0,1,1,2,0
pi4,OpenSSL,DEPLOY_MLDSA87,TLS,44,8.1469,13.4800,5.1692,26.7961,1568,13525,45,568,2,12,3,18,17,19,392.1,509.3,2320.1,0.0,1,1,2,0
pi4,OpenSSL,DEPLOY_MLDSA87,TLS,45,6.0662,12.7219,4.4245,23.2126,1568,13525,45,568,2,12,3,18,19,20,389.6,511.6,2322.4,0.0,1,1,2,0
pi4,OpenSSL,DEPLOY_MLDSA87,TLS,46,6.3518,18.7762,7.4524,32.5803,1568,13525,45,568,2,20,3,26,19,20,391.0,508.2,2360.0,0.0,1,1,2,0
pi4,OpenSSL,DEPLOY_MLDSA87,TLS,47,4.8285,16.1838,8.2223,29.2346,1568,13525,45,568,2,17,3,23,19,20,399.9,518.0,2315.7,0.0,1,1,2,0
pi4,OpenSSL,DEPLOY_MLDSA87,TLS,48,4.6589,14.5807,4.9496,24.1892,1568,13525,45,568,2,17,3,23,19,20,401.2,514.8,2298.4,0.0,1,1,2,0
pi4,OpenSSL,DEPLOY_MLDSA87,TLS,49,6.9209,14.2173,5.5759,26.7141,1568,13525,45,568,2,17,3,23,19,19,397.1,510.9,2323.5,0.0,1,1,2,0
pi4,OpenSSL,DEPLOY_MLDSA87,TLS-checked,0,6.2756,15.7680,4.6810,26.7245,1568,13525,45,568,2,17,3,23,19,20,393.7,509.5,3402.0,0.0,1,1,2,0
pi4,OpenSSL,DEPLOY_MLDSA87,TLS-checked,1,6.0122,15.2159,10.9290,32.1571,1568,13525,45,568,2,18,3,24,19,20,391.8,519.7,3480.5,0.0,1,1,2,0
pi4,OpenSSL,DEPLOY_MLDSA87,TLS-checked,2,8.2235,15.3292,7.5693,31.1220,1568,13525,45,568,2,12,3,18,19,19,394.7,515.7,3407.4,0.0,1,1,2,0
pi4,OpenSSL,DEPLOY_MLDSA87,TLS-checked,3,4.9261,18.9614,7.3155,31.2029,1568,13525,45,568,2,18,3,24,19,21,394.8,537.2,3391.1,0.0,1,1,2,0
pi4,OpenSSL,DEPLOY_MLDSA87,TLS-checked,4,5.6653,13.5660,6.6708,25.9021,1568,13525,45,568,2,12,3,18,19,20,393.5,509.0,3398.3,0.0,1,1,2,0
pi4,OpenSSL,DEPLOY_MLDSA87,TLS-checked,5,6.2406,15.7041,6.5514,28.4962,1568,13525,45,568,2,16,3,22,18,21,396.3,509.7,3412.3,0.0,1,1,2,0
pi4,OpenSSL,DEPLOY_MLDSA87,TLS-checked,6,5.4850,20.9975,5.6104,32.0929,1568,13525,45,568,2,18,3,24,19,19,392.7,511.5,3398.8,0.0,1,1,2,0
pi4,OpenSSL,DEPLOY_MLDSA87,TLS-checked,7,4.6952,20.5032,5.7682,30.9666,1568,13525,45,568,2,17,3,23,19,21,391.5,518.0,3398.2,0.0,1,1,2,0
pi4,OpenSSL,DEPLOY_MLDSA87,TLS-checked,8,7.0001,24.0306,6.9517,37.9823,1568,13525,45,568,2,18,3,24,19,20,406.9,519.7,3413.9,0.0,1,1,2,0
pi4,OpenSSL,DEPLOY_MLDSA87,TLS-checked,9,5.8521,17.9977,5.9389,29.7886,1568,13525,45,568,2,18,3,24,19,20,407.5,538.3,3421.7,0.0,1,1,2,0
pi4,OpenSSL,DEPLOY_MLDSA87,TLS-checked,10,9.9364,15.0099,6.1277,31.0740,1568,13525,45,568,2,18,3,24,19,20,401.8,522.1,3412.8,0.0,1,1,2,0
pi4,OpenSSL,DEPLOY_MLDSA87,TLS-checked,11,5.5173,16.9781,8.4661,30.9616,1568,13525,45,568,2,17,3,23,19,20,480.0,553.9,3443.4,0.0,1,1,2,0
pi4,OpenSSL,DEPLOY_MLDSA87,TLS-checked,12,4.8050,14.7001,8.1437,27.6487,1568,13525,45,568,2,20,3,26,19,20,394.3,508.8,3437.2,0.0,1,1,2,0
pi4,OpenSSL,DEPLOY_MLDSA87,TLS-checked,13,7.8111,16.8031,7.4165,32.0307,1568,13525,45,568,2,21,3,27,19,20,391.5,517.1,3408.6,0.0,1,1,2,0
pi4,OpenSSL,DEPLOY_MLDSA87,TLS-checked,14,7.4730,14.4045,5.5027,27.3802,1568,13525,45,568,2,17,3,23,17,20,390.6,556.1,3437.5,0.0,1,1,2,0
pi4,OpenSSL,DEPLOY_MLDSA87,TLS-checked,15,4.9030,14.9494,7.8076,27.6600,1568,13525,45,568,2,18,3,24,19,19,393.9,512.0,3405.2,0.0,1,1,2,0
pi4,OpenSSL,DEPLOY_MLDSA87,TLS-checked,16,5.3540,15.0517,5.3414,25.7470,1568,13525,45,568,2,12,3,18,17,20,394.2,545.0,3380.5,0.0,1,1,2,0
pi4,OpenSSL,DEPLOY_MLDSA87,TLS-checked,17,5.5345,13.6338,5.1684,24.3367,1568,13525,45,568,2,12,3,18,17,21,425.5,544.5,3407.8,0.0,1,1,2,0
pi4,OpenSSL,DEPLOY_MLDSA87,TLS-checked,18,6.7641,15.6917,6.2482,28.7041,1568,13525,45,568,2,18,3,24,19,20,394.0,545.2,3411.0,0.0,1,1,2,0
pi4,OpenSSL,DEPLOY_MLDSA87,TLS-checked,19,6.0549,15.4033,6.1547,27.6130,1568,13525,45,568,2,18,3,24,19,19,393.7,517.1,3408.2,0.0,1,1,2,0
pi4,OpenSSL,DEPLOY_MLDSA87,TLS-checked,20,5.1828,18.7082,4.3330,28.2240,1568,13525,45,568,2,17,3,23,19,20,392.8,519.0,3410.0,0.0,1,1,2,0
pi4,OpenSSL,DEPLOY_MLDSA87,TLS-checked,21,6.1654,14.7177,5.4884,26.3714,1568,13525,45,568,2,15,3,21,16,20,393.7,506.5,3405.5,0.0,1,1,2,0
pi4,OpenSSL,DEPLOY_MLDSA87,TLS-checked,22,6.8470,13.3531,7.4132,27.6133,1568,13525,45,568,2,18,3,24,19,20,396.3,510.9,3414.6,0.0,1,1,2,0
pi4,OpenSSL,DEPLOY_MLDSA87,TLS-checked,23,5.9452,14.9454,7.0861,27.9767,1568,13525,45,568,2,18,3,24,19,19,391.2,537.0,3419.4,0.0,1,1,2,0
pi4,OpenSSL,DEPLOY_MLDSA87,TLS-checked,24,7.0220,15.2917,5.6416,27.9552,1568,13525,45,568,2,18,3,24,19,20,391.9,537.7,3414.4,0.0,1,1,2,0
pi4,OpenSSL,DEPLOY_MLDSA87,TLS-checked,25,6.4379,18.2241,6.5180,31.1800,1568,13525,45,568,2,18,3,24,19,21,392.8,537.4,3423.0,0.0,1,1,2,0
pi4,OpenSSL,DEPLOY_MLDSA87,TLS-checked,26,5.7079,17.3860,7.4681,30.5619,1568,13525,45,568,2,17,3,23,18,20,413.3,507.7,3402.9,0.0,1,1,2,0
pi4,OpenSSL,DEPLOY_MLDSA87,TLS-checked,27,5.8880,19.9592,5.9773,31.8245,1568,13525,45,568,2,18,3,24,19,20,391.3,510.6,3407.5,0.0,1,1,2,0
pi4,OpenSSL,DEPLOY_MLDSA87,TLS-checked,28,5.4966,16.8964,5.5852,27.9782,1568,13525,45,568,2,17,3,23,16,19,394.4,508.0,3538.0,0.0,1,1,2,0
pi4,OpenSSL,DEPLOY_MLDSA87,TLS-checked,29,10.7863,16.6256,7.3307,34.7427,1568,13525,45,568,2,21,3,27,18,20,419.8,509.8,3430.9,0.0,1,1,2,0
pi4,OpenSSL,DEPLOY_MLDSA87,TLS-checked,30,7.0113,17.0660,6.1768,30.2540,1568,13525,45,568,2,18,3,24,19,19,396.1,513.5,3412.9,0.0,1,1,2,0
pi4,OpenSSL,DEPLOY_MLDSA87,TLS-checked,31,5.7406,17.5009,6.3679,29.6093,1568,13525,45,568,2,21,3,27,19,21,396.7,510.0,3409.2,0.0,1,1,2,0
pi4,OpenSSL,DEPLOY_MLDSA87,TLS-checked,32,6.0531,15.4507,4.6066,26.1105,1568,13525,45,568,2,12,3,18,17,20,396.1,545.0,3377.8,0.0,1,1,2,0
pi4,OpenSSL,DEPLOY_MLDSA87,TLS-checked,33,9.1292,17.9219,4.7648,31.8159,1568,13525,45,568,2,15,3,21,19,20,414.0,540.2,3429.9,0.0,1,1,2,0
pi4,OpenSSL,DEPLOY_MLDSA87,TLS-checked,34,9.1934,15.8020,5.3975,30.3929,1568,13525,45,568,2,17,3,23,19,20,416.6,508.3,3411.4,0.0,1,1,2,0
pi4,OpenSSL,DEPLOY_MLDSA87,TLS-checked,35,5.9299,16.4399,8.2725,30.6423,1568,13525,45,568,2,18,3,24,19,21,391.3,557.5,3415.3,0.0,1,1,2,0
pi4,OpenSSL,DEPLOY_MLDSA87,TLS-checked,36,6.5972,14.8680,4.8352,26.3004,1568,13525,45,568,2,15,3,21,16,19,393.7,508.0,3454.1,0.0,1,1,2,0
pi4,OpenSSL,DEPLOY_MLDSA87,TLS-checked,37,5.8641,20.8580,5.9353,32.6574,1568,13525,45,568,2,12,3,18,16,20,396.1,635.6,3460.7,0.0,1,1,2,0
pi4,OpenSSL,DEPLOY_MLDSA87,TLS-checked,38,6.3789,14.4062,6.9967,27.7819,1568,13525,45,568,2,15,3,21,16,19,395.9,530.6,3489.3,0.0,1,1,2,0
pi4,OpenSSL,DEPLOY_MLDSA87,TLS-checked,39,6.0770,19.5503,7.0007,32.6280,1568,13525,45,568,2,17,3,23,17,21,398.3,509.8,3414.8,0.0,1,1,2,0
pi4,OpenSSL,DEPLOY_MLDSA87,TLS-checked,40,6.3783,15.6298,6.6020,28.6101,1568,13525,45,568,2,17,3,23,16,20,395.7,518.2,3409.1,0.0,1,1,2,0
pi4,OpenSSL,DEPLOY_MLDSA87,TLS-checked,41,5.8377,13.8404,5.3486,25.0267,1568,13525,45,568,2,15,3,21,19,19,389.1,560.2,3400.0,0.0,1,1,2,0
pi4,OpenSSL,DEPLOY_MLDSA87,TLS-checked,42,5.8807,14.6252,7.6954,28.2012,1568,13525,45,568,2,16,3,22,16,21,402.1,522.5,3419.4,0.0,1,1,2,0
pi4,OpenSSL,DEPLOY_MLDSA87,TLS-checked,43,6.5103,16.4977,6.6596,29.6676,1568,13525,45,568,2,12,3,18,17,20,414.0,572.0,3799.4,0.0,1,1,2,0
pi4,OpenSSL,DEPLOY_MLDSA87,TLS-checked,44,7.8792,16.7205,9.0776,33.6772,1568,13525,45,568,2,12,3,18,19,18,399.0,593.5,3400.8,0.0,1,1,2,0
pi4,OpenSSL,DEPLOY_MLDSA87,TLS-checked,45,6.6530,15.2715,7.9438,29.8683,1568,13525,45,568,2,16,3,22,16,21,395.7,545.9,3383.3,0.0,1,1,2,0
pi4,OpenSSL,DEPLOY_MLDSA87,TLS-checked,46,10.3434,15.8120,7.0163,33.1717,1568,13525,45,568,2,18,3,24,19,21,396.6,519.3,3406.8,0.0,1,1,2,0
pi4,OpenSSL,DEPLOY_MLDSA87,TLS-checked,47,7.0665,19.3228,6.8439,33.2331,1568,13525,45,568,2,16,3,22,13,18,392.8,510.9,3387.3,0.0,1,1,2,0
pi4,OpenSSL,DEPLOY_MLDSA87,TLS-checked,48,7.9614,16.1913,7.0499,31.2026,1568,13525,45,568,2,18,3,24,19,20,393.3,543.7,3421.4,0.0,1,1,2,0
pi4,OpenSSL,DEPLOY_MLDSA87,TLS-checked,49,5.5533,18.7956,7.2954,31.6442,1568,13525,45,568,2,20,3,26,19,19,393.6,509.9,3413.9,0.0,1,1,2,0
pi4,OpenSSL,DEPLOY_MLDSA87,mTLS,0,5.7756,17.7856,11.0896,34.6508,13778,13742,45,15608,5,15,6,26,29,32,398.5,554.1,2297.6,1911.2,1,1,2,1
pi4,OpenSSL,DEPLOY_MLDSA87,mTLS,1,5.5253,19.7141,10.7077,35.9471,13778,13742,45,15608,5,19,6,27,28,31,397.5,508.6,2306.2,1941.1,1,1,2,1
pi4,OpenSSL,DEPLOY_MLDSA87,mTLS,2,7.0153,19.8416,13.5649,40.4218,13778,13742,45,15608,5,15,6,23,28,32,399.5,531.4,2340.0,5199.7,1,1,2,1
pi4,OpenSSL,DEPLOY_MLDSA87,mTLS,3,7.9869,25.0788,9.9702,43.0359,13778,13742,45,15608,5,19,6,27,28,33,400.8,509.0,2292.7,10136.9,1,1,2,1
pi4,OpenSSL,DEPLOY_MLDSA87,mTLS,4,5.9223,20.9873,10.7009,37.6105,13778,13742,45,15608,5,15,6,26,29,32,396.7,510.3,2329.1,6023.2,1,1,2,1
pi4,OpenSSL,DEPLOY_MLDSA87,mTLS,5,10.0189,24.0017,22.7254,56.7460,13778,13742,45,15608,5,19,6,29,29,33,399.5,535.4,2326.8,6858.7,1,1,2,1
pi4,OpenSSL,DEPLOY_MLDSA87,mTLS,6,5.7931,20.9342,10.7085,37.4358,13778,13742,45,15608,5,16,6,27,37,33,398.6,538.3,2298.8,4377.0,1,1,2,1
pi4,OpenSSL,DEPLOY_MLDSA87,mTLS,7,6.3273,19.2232,12.6132,38.1637,13778,13742,45,15608,5,19,6,27,27,33,435.9,509.0,2405.9,3637.8,1,1,2,1
pi4,OpenSSL,DEPLOY_MLDSA87,mTLS,8,7.2294,17.9847,12.6386,37.8527,13778,13742,45,15608,5,15,6,24,29,32,398.7,509.8,2322.4,3560.0,1,1,2,1
pi4,OpenSSL,DEPLOY_MLDSA87,mTLS,9,6.7632,18.8438,14.6265,40.2335,13778,13742,45,15608,5,22,6,30,28,31,395.7,526.5,2337.7,1889.5,1,1,2,1
pi4,OpenSSL,DEPLOY_MLDSA87,mTLS,10,7.4491,18.2684,10.6697,36.3873,13778,13742,45,15608,5,20,6,27,27,35,405.5,511.9,2317.6,2713.2,1,1,2,1
pi4,OpenSSL,DEPLOY_MLDSA87,mTLS,11,6.6880,20.2634,10.9915,37.9429,13778,13742,45,15608,5,14,6,22,28,32,404.3,550.2,2327.8,3567.9,1,1,2,1
pi4,OpenSSL,DEPLOY_MLDSA87,mTLS,12,10.7708,20.0647,12.9221,43.7576,13778,13742,45,15608,5,19,6,27,27,31,422.1,542.2,2350.1,1995.1,1,1,2,1
pi4,OpenSSL,DEPLOY_MLDSA87,mTLS,13,10.9465,21.0321,13.1663,45.1449,13778,13742,45,15608,5,20,6,28,28,33,420.3,508.5,2289.7,4379.0,1,1,2,1
pi4,OpenSSL,DEPLOY_MLDSA87,mTLS,14,6.2575,16.4007,10.1136,32.7719,13778,13742,45,15608,5,21,6,29,28,31,399.1,518.1,2333.9,1916.9,1,1,2,1
pi4,OpenSSL,DEPLOY_MLDSA87,mTLS,15,8.9557,23.3308,12.7799,45.0664,13778,13742,45,15608,5,15,6,24,29,33,421.4,516.9,2319.0,8494.9,1,1,2,1
pi4,OpenSSL,DEPLOY_MLDSA87,mTLS,16,7.1178,22.9656,8.5417,38.6252,13778,13742,45,15608,5,19,6,27,28,33,411.3,539.4,2292.0,4376.5,1,1,2,1
pi4,OpenSSL,DEPLOY_MLDSA87,mTLS,17,9.2194,18.9091,11.4756,39.6041,13778,13742,45,15608,5,19,6,29,30,34,416.3,529.0,2389.1,1896.9,1,1,2,1
pi4,OpenSSL,DEPLOY_MLDSA87,mTLS,18,7.3254,21.2199,10.9216,39.4669,13778,13742,45,15608,5,22,6,30,28,33,399.6,508.5,2294.4,3553.5,1,1,2,1
pi4,OpenSSL,DEPLOY_MLDSA87,mTLS,19,12.7884,16.7514,10.3311,39.8708,13778,13742,45,15608,5,19,6,27,28,31,423.0,509.7,2320.8,1888.7,1,1,2,1
pi4,OpenSSL,DEPLOY_MLDSA87,mTLS,20,10.0976,17.6152,11.1762,38.8890,13778,13742,45,15608,5,15,6,26,29,32,406.6,508.0,2290.8,4386.5,1,1,2,1
pi4,OpenSSL,DEPLOY_MLDSA87,mTLS,21,6.1916,23.0239,11.7372,40.9527,13778,13742,45,15608,5,21,6,29,28,34,397.2,523.8,2311.6,3564.7,1,1,2,1
pi4,OpenSSL,DEPLOY_MLDSA87,mTLS,22,8.7583,19.7266,12.1768,40.6617,13778,13742,45,15608,5,19,6,27,28,34,420.5,534.6,2291.4,3596.1,1,1,2,1
pi4,OpenSSL,DEPLOY_MLDSA87,mTLS,23,5.8086,21.0612,15.5547,42.4245,13778,13742,45,15608,5,15,6,26,29,32,400.3,511.4,2327.6,5208.2,1,1,2,1
pi4,OpenSSL,DEPLOY_MLDSA87,mTLS,24,6.1023,17.1534,14.4725,37.7282,13778,13742,45,15608,5,19,6,27,28,32,395.6,507.0,2286.7,1919.4,1,1,2,1
pi4,OpenSSL,DEPLOY_MLDSA87,mTLS,25,8.3238,20.1400,11.9623,40.4262,13778,13742,45,15608,5,15,6,26,29,30,404.3,525.3,2328.0,1906.9,1,1,2,1
pi4,OpenSSL,DEPLOY_MLDSA87,mTLS,26,8.0706,23.5397,9.5686,41.1790,13778,13742,45,15608,5,19,6,25,27,32,397.2,510.2,2367.7,9337.7,1,1,2,1
pi4,OpenSSL,DEPLOY_MLDSA87,mTLS,27,8.3178,22.4351,11.8877,42.6405,13778,13742,45,15608,5,19,6,27,28,33,397.6,536.4,2383.7,7706.7,1,1,2,1
pi4,OpenSSL,DEPLOY_MLDSA87,mTLS,28,7.2396,16.5120,13.5892,37.3407,13778,13742,45,15608,5,19,6,27,28,33,396.5,533.4,2316.6,1907.7,1,1,2,1
pi4,OpenSSL,DEPLOY_MLDSA87,mTLS,29,7.4046,15.7391,10.6847,33.8284,13778,13742,45,15608,5,15,6,23,28,34,393.2,508.9,2323.2,2744.4,1,1,2,1
pi4,OpenSSL,DEPLOY_MLDSA87,mTLS,30,6.1366,18.7525,12.3927,37.2818,13778,13742,45,15608,5,15,6,26,29,33,398.8,533.7,2295.3,1917.2,1,1,2,1
pi4,OpenSSL,DEPLOY_MLDSA87,mTLS,31,5.1385,19.8413,10.6538,35.6337,13778,13742,45,15608,5,15,6,21,29,34,395.5,510.6,2317.3,4379.2,1,1,2,1
pi4,OpenSSL,DEPLOY_MLDSA87,mTLS,32,6.0155,29.9465,11.8288,47.7908,13778,13742,45,15608,5,15,6,24,30,34,397.2,512.8,2291.3,12500.9,1,1,2,1
pi4,OpenSSL,DEPLOY_MLDSA87,mTLS,33,5.7906,41.2820,13.0575,60.1300,13778,13742,45,15608,5,14,6,20,30,34,826.2,1104.5,5090.8,22826.0,1,1,2,1
pi4,OpenSSL,DEPLOY_MLDSA87,mTLS,34,12.2775,19.7397,10.3480,42.3652,13778,13742,45,15608,5,15,6,23,29,31,814.9,758.1,3494.7,2844.8,1,1,2,1
pi4,OpenSSL,DEPLOY_MLDSA87,mTLS,35,5.4200,20.3835,12.6089,38.4124,13778,13742,45,15608,5,15,6,26,29,32,566.3,782.3,3432.0,2844.1,1,1,2,1
pi4,OpenSSL,DEPLOY_MLDSA87,mTLS,36,5.9293,22.3460,10.6416,38.9170,13778,13742,45,15608,5,15,6,26,29,33,573.0,748.7,3387.8,2816.2,1,1,2,1
pi4,OpenSSL,DEPLOY_MLDSA87,mTLS,37,5.3907,25.5517,8.5315,39.4739,13778,13742,45,15608,5,19,6,25,28,31,687.4,944.0,4086.6,9329.9,1,1,2,1
pi4,OpenSSL,DEPLOY_MLDSA87,mTLS,38,6.5739,22.8077,9.7842,39.1659,13778,13742,45,15608,5,19,6,25,28,33,666.1,908.3,4075.8,4880.7,1,1,2,1
pi4,OpenSSL,DEPLOY_MLDSA87,mTLS,39,7.3701,23.0347,10.4513,40.8562,13778,13742,45,15608,5,14,6,23,29,32,667.4,899.4,3803.8,4603.9,1,1,2,1
pi4,OpenSSL,DEPLOY_MLDSA87,mTLS,40,10.1627,25.6222,9.5833,45.3682,13778,13742,45,15608,5,14,6,25,27,32,618.3,813.2,3724.3,9833.5,1,1,2,1
pi4,OpenSSL,DEPLOY_MLDSA87,mTLS,41,6.3525,22.1051,10.5437,39.0013,13778,13742,45,15608,5,14,6,23,29,33,636.4,816.6,3728.0,4433.9,1,1,2,1
pi4,OpenSSL,DEPLOY_MLDSA87,mTLS,42,5.6049,21.4143,7.3429,34.3621,13778,13742,45,15608,5,19,6,27,30,35,577.1,749.6,3426.4,5310.2,1,1,2,1
pi4,OpenSSL,DEPLOY_MLDSA87,mTLS,43,6.4099,23.0995,11.7160,41.2254,13778,13742,45,15608,5,14,6,24,33,33,563.2,750.8,3426.0,7786.4,1,1,2,1
pi4,OpenSSL,DEPLOY_MLDSA87,mTLS,44,7.3597,22.0601,9.5826,39.0024,13778,13742,45,15608,5,15,6,22,29,34,594.2,748.8,4073.5,3491.0,1,1,2,1
pi4,OpenSSL,DEPLOY_MLDSA87,mTLS,45,9.7650,25.5346,10.2547,45.5543,13778,13742,45,15608,5,19,6,27,28,31,668.5,890.0,4096.8,9339.5,1,1,2,1
pi4,OpenSSL,DEPLOY_MLDSA87,mTLS,46,6.9599,31.3667,7.3316,45.6582,13778,13742,45,15608,5,14,6,21,29,34,675.5,927.7,4072.7,4609.6,1,1,2,1
pi4,OpenSSL,DEPLOY_MLDSA87,mTLS,47,6.1488,18.0702,7.8229,32.0419,13778,13742,45,15608,5,19,6,25,28,34,615.5,810.9,3719.6,3092.5,1,1,2,1
pi4,OpenSSL,DEPLOY_MLDSA87,mTLS,48,6.0597,24.1791,13.3395,43.5783,13778,13742,45,15608,5,19,6,27,28,32,608.7,811.6,3713.3,7147.5,1,1,2,1
pi4,OpenSSL,DEPLOY_MLDSA87,mTLS,49,8.2373,24.0482,14.8698,47.1553,13778,13742,45,15608,5,15,6,26,29,32,654.8,1023.0,4108.3,4963.2,1,1,2,1
pi4,OpenSSL,DEPLOY_MLDSA87,mTLS-checked,0,9.7871,18.1452,10.4670,38.3993,13778,13742,45,15608,5,17,6,28,24,33,394.9,508.5,3438.7,1912.5,1,1,2,1
pi4,OpenSSL,DEPLOY_MLDSA87,mTLS-checked,1,5.0086,20.1968,17.0788,42.2842,13778,13742,45,15608,5,18,6,29,29,33,420.4,567.4,3430.4,2731.0,1,1,2,1
pi4,OpenSSL,DEPLOY_MLDSA87,mTLS-checked,2,6.3734,19.4936,14.6483,40.5154,13778,13742,45,15608,5,19,6,27,27,34,428.5,554.3,3399.6,3568.1,1,1,2,1
pi4,OpenSSL,DEPLOY_MLDSA87,mTLS-checked,3,8.8136,18.4076,11.4899,38.7112,13778,13742,45,15608,5,14,6,25,27,31,405.5,512.8,3411.1,2749.3,1,1,2,1
pi4,OpenSSL,DEPLOY_MLDSA87,mTLS-checked,4,7.9263,19.4918,8.4626,35.8807,13778,13742,45,15608,5,15,6,24,29,34,397.9,524.4,3389.2,4578.6,1,1,2,1
pi4,OpenSSL,DEPLOY_MLDSA87,mTLS-checked,5,5.6152,20.7102,10.1777,36.5031,13778,13742,45,15608,5,20,6,30,30,35,393.5,508.5,3401.8,1984.5,1,1,2,1
pi4,OpenSSL,DEPLOY_MLDSA87,mTLS-checked,6,6.2312,18.4673,14.3973,39.0957,13778,13742,45,15608,5,15,6,26,29,31,403.2,508.1,3391.0,1906.2,1,1,2,1
pi4,OpenSSL,DEPLOY_MLDSA87,mTLS-checked,7,5.2455,20.8560,9.0281,35.1296,13778,13742,45,15608,5,14,6,20,29,33,395.5,519.6,3428.0,3586.4,1,1,2,1
pi4,OpenSSL,DEPLOY_MLDSA87,mTLS-checked,8,4.9605,19.5221,12.4606,36.9432,13778,13742,45,15608,5,15,6,26,29,34,399.5,520.9,3417.5,2775.7,1,1,2,1
pi4,OpenSSL,DEPLOY_MLDSA87,mTLS-checked,9,7.7278,23.6929,9.4430,40.8637,13778,13742,45,15608,5,15,6,26,29,32,400.8,506.9,3410.6,5228.5,1,1,2,1
pi4,OpenSSL,DEPLOY_MLDSA87,mTLS-checked,10,4.9248,25.6794,12.1617,42.7659,13778,13742,45,15608,5,18,6,26,27,32,398.6,509.7,3408.6,10158.9,1,1,2,1
pi4,OpenSSL,DEPLOY_MLDSA87,mTLS-checked,11,8.5710,22.3071,10.1968,41.0749,13778,13742,45,15608,5,14,6,21,29,33,399.1,509.4,3393.9,3553.1,1,1,2,1
pi4,OpenSSL,DEPLOY_MLDSA87,mTLS-checked,12,5.2263,16.9305,24.1311,46.2879,13778,13742,45,15608,5,15,6,24,28,32,397.5,506.0,3397.9,1919.1,1,1,2,1
pi4,OpenSSL,DEPLOY_MLDSA87,mTLS-checked,13,9.6063,16.0839,10.6508,36.3409,13778,13742,45,15608,5,15,6,22,29,34,408.9,539.5,3408.1,1909.2,1,1,2,1
pi4,OpenSSL,DEPLOY_MLDSA87,mTLS-checked,14,6.7320,19.3203,8.9204,34.9726,13778,13742,45,15608,5,19,6,27,28,33,397.4,509.8,3391.7,2723.5,1,1,2,1
pi4,OpenSSL,DEPLOY_MLDSA87,mTLS-checked,15,9.3393,16.0967,13.0261,38.4621,13778,13742,45,15608,5,19,6,27,27,32,398.2,509.7,3413.5,1907.8,1,1,2,1
pi4,OpenSSL,DEPLOY_MLDSA87,mTLS-checked,16,6.2313,18.9695,10.3400,35.5409,13778,13742,45,15608,5,14,6,21,29,33,399.5,511.9,3359.6,2748.7,1,1,2,1
pi4,OpenSSL,DEPLOY_MLDSA87,mTLS-checked,17,11.1468,18.4968,13.3196,42.9631,13778,13742,45,15608,5,15,6,26,29,33,395.5,518.5,3402.3,2749.5,1,1,2,1
pi4,OpenSSL,DEPLOY_MLDSA87,mTLS-checked,18,5.4336,18.9003,12.6520,36.9860,13778,13742,45,15608,5,15,6,29,31,33,402.1,509.3,3388.5,1905.9,1,1,2,1
pi4,OpenSSL,DEPLOY_MLDSA87,mTLS-checked,19,5.5511,23.3224,12.1758,41.0493,13778,13742,45,15608,5,15,6,26,29,33,400.3,510.0,3417.4,6911.1,1,1,2,1
pi4,OpenSSL,DEPLOY_MLDSA87,mTLS-checked,20,5.0857,21.8088,12.5462,39.4407,13778,13742,45,15608,5,20,6,27,27,34,399.4,507.9,3392.5,6044.9,1,1,2,1
pi4,OpenSSL,DEPLOY_MLDSA87,mTLS-checked,21,8.0812,29.5223,8.9208,46.5243,13778,13742,45,15608,5,20,6,28,28,32,404.7,511.6,3412.8,2759.4,1,1,2,1
pi4,OpenSSL,DEPLOY_MLDSA87,mTLS-checked,22,7.0086,20.8036,16.0298,43.8420,13778,13742,45,15608,5,15,6,26,29,33,401.5,504.7,3401.2,4401.8,1,1,2,1
pi4,OpenSSL,DEPLOY_MLDSA87,mTLS-checked,23,6.3202,19.3610,9.4950,35.1761,13778,13742,45,15608,5,14,6,24,27,35,426.6,535.2,3470.3,1946.2,1,1,2,1
pi4,OpenSSL,DEPLOY_MLDSA87,mTLS-checked,24,7.2891,22.7924,25.3147,55.3961,13778,13742,45,15608,5,14,6,22,26,31,395.8,514.3,3394.7,5221.7,1,1,2,1
pi4,OpenSSL,DEPLOY_MLDSA87,mTLS-checked,25,6.6233,16.0470,11.3557,34.0260,13778,13742,45,15608,5,17,6,23,28,35,394.4,524.4,3627.0,1935.7,1,1,2,1
pi4,OpenSSL,DEPLOY_MLDSA87,mTLS-checked,26,4.6726,21.1768,12.8604,38.7098,13778,13742,45,15608,5,15,6,26,29,32,397.3,543.7,3437.4,2830.2,1,1,2,1
pi4,OpenSSL,DEPLOY_MLDSA87,mTLS-checked,27,7.8688,20.3971,12.2838,40.5497,13778,13742,45,15608,5,19,6,27,28,34,398.0,512.4,3467.8,3583.9,1,1,2,1
pi4,OpenSSL,DEPLOY_MLDSA87,mTLS-checked,28,5.2708,19.5740,13.1950,38.0398,13778,13742,45,15608,5,15,6,21,28,32,412.0,521.2,3474.7,1930.4,1,1,2,1
pi4,OpenSSL,DEPLOY_MLDSA87,mTLS-checked,29,6.1021,24.1207,9.2250,39.4478,13778,13742,45,15608,5,19,6,25,28,32,396.7,525.3,3376.4,7698.7,1,1,2,1
pi4,OpenSSL,DEPLOY_MLDSA87,mTLS-checked,30,7.1039,17.6658,12.1649,36.9347,13778,13742,45,15608,5,20,6,28,27,34,397.2,507.4,3390.6,2743.6,1,1,2,1
pi4,OpenSSL,DEPLOY_MLDSA87,mTLS-checked,31,9.5350,27.5673,10.3938,47.4961,13778,13742,45,15608,5,14,6,23,27,31,401.4,508.1,3389.4,10161.9,1,1,2,1
pi4,OpenSSL,DEPLOY_MLDSA87,mTLS-checked,32,5.9934,16.4607,8.7567,31.2109,13778,13742,45,15608,5,19,6,25,27,31,395.6,507.7,3395.9,1941.1,1,1,2,1
pi4,OpenSSL,DEPLOY_MLDSA87,mTLS-checked,33,6.2782,17.0462,14.0717,37.3961,13778,13742,45,15608,5,17,6,25,28,33,400.5,534.9,3417.1,4397.7,1,1,2,1
pi4,OpenSSL,DEPLOY_MLDSA87,mTLS-checked,34,7.4775,20.9861,11.7540,40.2176,13778,13742,45,15608,5,14,6,23,29,32,397.2,528.3,3389.3,6863.6,1,1,2,1
pi4,OpenSSL,DEPLOY_MLDSA87,mTLS-checked,35,6.7919,16.5095,10.4271,33.7284,13778,13742,45,15608,5,19,6,26,27,33,396.6,517.0,3378.7,2919.2,1,1,2,1
pi4,OpenSSL,DEPLOY_MLDSA87,mTLS-checked,36,5.3526,27.4370,9.0068,41.7965,13778,13742,45,15608,5,19,6,27,28,32,421.6,511.0,3393.9,2746.1,1,1,2,1
pi4,OpenSSL,DEPLOY_MLDSA87,mTLS-checked,37,5.0193,19.8259,10.3411,35.1862,13778,13742,45,15608,5,15,6,22,30,34,398.6,505.7,3404.8,1924.7,1,1,2,1
pi4,OpenSSL,DEPLOY_MLDSA87,mTLS-checked,38,6.3256,17.4372,9.5565,33.3192,13778,13742,45,15608,5,19,6,28,29,31,400.9,507.3,3397.9,4562.2,1,1,2,1
pi4,OpenSSL,DEPLOY_MLDSA87,mTLS-checked,39,8.5150,17.3618,12.9956,38.8724,13778,13742,45,15608,5,14,6,24,30,33,405.8,514.5,3411.6,3582.2,1,1,2,1
pi4,OpenSSL,DEPLOY_MLDSA87,mTLS-checked,40,6.4401,22.7942,9.2105,38.4448,13778,13742,45,15608,5,15,6,22,29,32,398.1,506.5,3382.7,4393.7,1,1,2,1
pi4,OpenSSL,DEPLOY_MLDSA87,mTLS-checked,41,5.6929,17.5294,7.3080,30.5303,13778,13742,45,15608,5,15,6,21,28,34,398.5,556.8,3414.4,2756.0,1,1,2,1
pi4,OpenSSL,DEPLOY_MLDSA87,mTLS-checked,42,8.1712,24.1511,9.4965,41.8189,13778,13742,45,15608,5,19,6,25,28,32,396.7,508.2,3362.6,5213.1,1,1,2,1
pi4,OpenSSL,DEPLOY_MLDSA87,mTLS-checked,43,5.1210,17.7389,9.0066,31.8665,13778,13742,45,15608,5,14,6,23,27,33,397.5,511.5,3433.9,2770.3,1,1,2,1
pi4,OpenSSL,DEPLOY_MLDSA87,mTLS-checked,44,6.5016,26.1141,10.9760,43.5917,13778,13742,45,15608,5,19,6,27,28,32,404.6,519.6,3398.0,9352.8,1,1,2,1
pi4,OpenSSL,DEPLOY_MLDSA87,mTLS-checked,45,9.1573,16.9302,13.4712,39.5588,13778,13742,45,15608,5,19,6,27,28,32,397.9,506.2,3405.5,1932.2,1,1,2,1
pi4,OpenSSL,DEPLOY_MLDSA87,mTLS-checked,46,6.8268,16.5734,9.3394,32.7396,13778,13742,45,15608,5,15,6,21,28,33,396.1,509.0,3391.9,2834.6,1,1,2,1
pi4,OpenSSL,DEPLOY_MLDSA87,mTLS-checked,47,6.7741,22.3418,8.6861,37.8020,13778,13742,45,15608,5,15,6,24,29,34,397.4,510.5,3405.0,6869.9,1,1,2,1
pi4,OpenSSL,DEPLOY_MLDSA87,mTLS-checked,48,6.6807,21.7564,11.7841,40.2212,13778,13742,45,15608,5,20,6,28,27,32,397.7,507.8,3391.9,2745.3,1,1,2,1
pi4,OpenSSL,DEPLOY_MLDSA87,mTLS-checked,49,6.3221,20.6561,10.0111,36.9893,13778,13742,45,15608,5,19,6,27,28,33,399.5,533.3,3417.7,3585.6,1,1,2,1
pi4,wolfSSL,DEPLOY_MLDSA87,TLS,0,4.3253,16.5853,5.3483,26.2589,1496,13493,45,568,2,17,3,23,17,20,141.4,300.8,982.3,0.0,2,2,2,0
pi4,wolfSSL,DEPLOY_MLDSA87,TLS,1,5.7493,12.0809,5.5011,23.3312,1496,13493,45,568,2,17,3,23,18,20,151.8,284.7,927.1,0.0,2,2,2,0
pi4,wolfSSL,DEPLOY_MLDSA87,TLS,2,5.1999,13.6886,8.7889,27.6774,1496,13493,45,568,2,12,3,18,18,19,153.3,289.4,935.0,0.0,2,2,2,0
pi4,wolfSSL,DEPLOY_MLDSA87,TLS,3,6.4108,9.9060,8.2551,24.5719,1496,13493,45,568,2,18,3,24,18,19,140.3,277.4,919.5,0.0,2,2,2,0
pi4,wolfSSL,DEPLOY_MLDSA87,TLS,4,9.6458,11.8076,5.3756,26.8291,1496,13493,45,568,2,16,3,22,15,20,149.4,309.8,951.1,0.0,2,2,2,0
pi4,wolfSSL,DEPLOY_MLDSA87,TLS,5,7.1393,9.6284,5.0570,21.8246,1496,13493,45,568,2,16,3,22,16,20,149.7,299.6,921.4,0.0,2,2,2,0
pi4,wolfSSL,DEPLOY_MLDSA87,TLS,6,6.9088,12.1633,6.6948,25.7669,1496,13493,45,568,2,18,3,24,18,20,141.0,277.3,917.8,0.0,2,2,2,0
pi4,wolfSSL,DEPLOY_MLDSA87,TLS,7,7.8344,15.7318,7.0789,30.6451,1496,13493,45,568,2,21,3,27,18,19,141.4,278.9,918.6,0.0,2,2,2,0
pi4,wolfSSL,DEPLOY_MLDSA87,TLS,8,6.8492,17.1716,4.2922,28.3129,1496,13493,45,568,2,20,3,26,18,20,152.0,299.1,946.0,0.0,2,2,2,0
pi4,wolfSSL,DEPLOY_MLDSA87,TLS,9,6.7440,13.7123,6.4698,26.9262,1496,13493,45,568,2,18,3,24,18,20,148.5,302.6,936.5,0.0,2,2,2,0
pi4,wolfSSL,DEPLOY_MLDSA87,TLS,10,9.4411,10.2455,5.9685,25.6551,1496,13493,45,568,2,18,3,24,18,20,150.8,280.0,941.7,0.0,2,2,2,0
pi4,wolfSSL,DEPLOY_MLDSA87,TLS,11,5.5993,13.0871,4.3138,23.0002,1496,13493,45,568,2,16,3,22,15,18,142.7,275.8,922.3,0.0,2,2,2,0
pi4,wolfSSL,DEPLOY_MLDSA87,TLS,12,7.9955,12.3253,7.6319,27.9527,1496,13493,45,568,2,14,3,20,15,20,152.3,289.8,931.7,0.0,2,2,2,0
pi4,wolfSSL,DEPLOY_MLDSA87,TLS,13,5.7714,8.7442,6.1597,20.6753,1496,13493,45,568,2,18,3,24,15,18,144.6,281.6,918.2,0.0,2,2,2,0
pi4,wolfSSL,DEPLOY_MLDSA87,TLS,14,5.2061,15.2991,8.1138,28.6190,1496,13493,45,568,2,18,3,24,15,20,144.0,278.0,916.0,0.0,2,2,2,0
pi4,wolfSSL,DEPLOY_MLDSA87,TLS,15,5.5367,13.5709,5.7164,24.8240,1496,13493,45,568,2,21,3,27,18,20,144.9,283.7,926.5,0.0,2,2,2,0
pi4,wolfSSL,DEPLOY_MLDSA87,TLS,16,6.8984,13.7262,7.5574,28.1819,1496,13493,45,568,2,18,3,24,18,19,155.5,288.1,964.5,0.0,2,2,2,0
pi4,wolfSSL,DEPLOY_MLDSA87,TLS,17,5.5639,9.4429,6.4007,21.4074,1496,13493,45,568,2,18,3,24,18,20,147.9,301.5,937.8,0.0,2,2,2,0
pi4,wolfSSL,DEPLOY_MLDSA87,TLS,18,5.2597,15.9577,6.4436,27.6611,1496,13493,45,568,2,15,3,21,16,19,154.2,282.9,923.2,0.0,2,2,2,0
pi4,wolfSSL,DEPLOY_MLDSA87,TLS,19,6.0115,14.7611,6.1854,26.9580,1496,13493,45,568,2,18,3,24,18,19,142.1,276.8,918.9,0.0,2,2,2,0
pi4,wolfSSL,DEPLOY_MLDSA87,TLS,20,7.7542,12.7986,5.1173,25.6700,1496,13493,45,568,2,14,3,20,15,20,155.2,282.0,960.0,0.0,2,2,2,0
pi4,wolfSSL,DEPLOY_MLDSA87,TLS,21,6.7643,10.8958,6.0907,23.7508,1496,13493,45,568,2,17,3,23,18,19,153.4,310.1,939.9,0.0,2,2,2,0
pi4,wolfSSL,DEPLOY_MLDSA87,TLS,22,8.9072,13.3698,8.8421,31.1191,1496,13493,45,568,2,17,3,23,18,19,150.4,281.6,950.0,0.0,2,2,2,0
pi4,wolfSSL,DEPLOY_MLDSA87,TLS,23,5.5331,11.7949,8.0496,25.3775,1496,13493,45,568,2,21,3,27,18,19,146.2,278.6,944.7,0.0,2,2,2,0
pi4,wolfSSL,DEPLOY_MLDSA87,TLS,24,5.8460,12.1770,6.1962,24.2192,1496,13493,45,568,2,16,3,22,16,19,156.8,283.7,935.1,0.0,2,2,2,0
pi4,wolfSSL,DEPLOY_MLDSA87,TLS,25,5.3417,12.5793,5.2375,23.1586,1496,13493,45,568,2,14,3,20,14,20,152.6,294.9,961.2,0.0,2,2,2,0
pi4,wolfSSL,DEPLOY_MLDSA87,TLS,26,9.0904,13.6082,5.1795,27.8780,1496,13493,45,568,2,17,3,23,16,19,147.4,282.3,938.0,0.0,2,2,2,0
pi4,wolfSSL,DEPLOY_MLDSA87,TLS,27,6.4095,11.8279,12.2370,30.4745,1496,13493,45,568,2,17,3,23,18,19,143.8,276.8,931.4,0.0,2,2,2,0
pi4,wolfSSL,DEPLOY_MLDSA87,TLS,28,6.7264,18.2813,7.6529,32.6605,1496,13493,45,568,2,17,3,23,18,18,154.8,286.4,931.5,0.0,2,2,2,0
pi4,wolfSSL,DEPLOY_MLDSA87,TLS,29,6.8033,12.6474,7.2184,26.6692,1496,13493,45,568,2,16,3,22,14,20,142.2,281.9,944.0,0.0,2,2,2,0
pi4,wolfSSL,DEPLOY_MLDSA87,TLS,30,8.5569,9.2307,7.6505,25.4380,1496,13493,45,568,2,18,3,24,18,20,139.0,276.7,916.8,0.0,2,2,2,0
pi4,wolfSSL,DEPLOY_MLDSA87,TLS,31,5.9022,15.8424,9.6452,31.3898,1496,13493,45,568,2,17,3,23,15,20,173.1,290.5,944.0,0.0,2,2,2,0
pi4,wolfSSL,DEPLOY_MLDSA87,TLS,32,4.9686,9.8520,7.3028,22.1235,1496,13493,45,568,2,12,3,18,16,20,145.8,302.6,935.2,0.0,2,2,2,0
pi4,wolfSSL,DEPLOY_MLDSA87,TLS,33,5.3709,11.5523,5.5174,22.4406,1496,13493,45,568,2,18,3,24,18,20,144.7,279.8,937.8,0.0,2,2,2,0
pi4,wolfSSL,DEPLOY_MLDSA87,TLS,34,8.2712,9.3652,5.5360,23.1724,1496,13493,45,568,2,15,3,21,16,19,147.1,280.0,923.1,0.0,2,2,2,0
pi4,wolfSSL,DEPLOY_MLDSA87,TLS,35,6.0005,11.6933,7.5046,25.1984,1496,13493,45,568,2,15,3,21,15,20,154.1,286.5,935.6,0.0,2,2,2,0
pi4,wolfSSL,DEPLOY_MLDSA87,TLS,36,4.8957,9.5124,6.3034,20.7115,1496,13493,45,568,2,16,3,22,15,19,143.3,280.2,940.2,0.0,2,2,2,0
pi4,wolfSSL,DEPLOY_MLDSA87,TLS,37,6.5425,11.4905,8.9648,26.9978,1496,13493,45,568,2,16,3,22,16,20,141.4,278.5,918.5,0.0,2,2,2,0
pi4,wolfSSL,DEPLOY_MLDSA87,TLS,38,4.9125,11.7843,4.9107,21.6076,1496,13493,45,568,2,12,3,18,16,19,139.5,278.1,916.3,0.0,2,2,2,0
pi4,wolfSSL,DEPLOY_MLDSA87,TLS,39,7.0725,11.0682,6.4425,24.5832,1496,13493,45,568,2,18,3,24,18,19,153.5,299.4,939.3,0.0,2,2,2,0
pi4,wolfSSL,DEPLOY_MLDSA87,TLS,40,6.5323,10.5594,5.5781,22.6698,1496,13493,45,568,2,12,3,18,18,20,150.4,286.0,926.6,0.0,2,2,2,0
pi4,wolfSSL,DEPLOY_MLDSA87,TLS,41,10.9891,11.9503,8.3402,31.2797,1496,13493,45,568,2,16,3,22,15,20,152.8,283.5,937.3,0.0,2,2,2,0
pi4,wolfSSL,DEPLOY_MLDSA87,TLS,42,4.9391,24.7992,5.3120,35.0503,1496,13493,45,568,2,18,3,24,18,19,161.4,283.8,924.6,0.0,2,2,2,0
pi4,wolfSSL,DEPLOY_MLDSA87,TLS,43,5.2759,15.5105,5.6157,26.4021,1496,13493,45,568,2,14,3,20,16,19,153.6,285.1,932.4,0.0,2,2,2,0
pi4,wolfSSL,DEPLOY_MLDSA87,TLS,44,9.7736,9.3951,6.1253,25.2940,1496,13493,45,568,2,16,3,22,14,20,142.4,278.5,918.5,0.0,2,2,2,0
pi4,wolfSSL,DEPLOY_MLDSA87,TLS,45,10.4665,13.9684,7.9949,32.4297,1496,13493,45,568,2,12,3,18,18,19,139.4,279.5,919.1,0.0,2,2,2,0
pi4,wolfSSL,DEPLOY_MLDSA87,TLS,46,5.6222,10.7499,5.6749,22.0470,1496,13493,45,568,2,16,3,22,15,20,138.1,320.4,947.4,0.0,2,2,2,0
pi4,wolfSSL,DEPLOY_MLDSA87,TLS,47,8.3727,13.9127,11.6362,33.9216,1496,13493,45,568,2,16,3,22,16,20,150.1,282.5,925.8,0.0,2,2,2,0
pi4,wolfSSL,DEPLOY_MLDSA87,TLS,48,5.5532,10.7727,5.3966,21.7225,1496,13493,45,568,2,18,3,24,15,20,152.3,284.4,937.5,0.0,2,2,2,0
pi4,wolfSSL,DEPLOY_MLDSA87,TLS,49,8.1552,11.5022,6.9921,26.6494,1496,13493,45,568,2,12,3,18,18,19,143.9,280.8,920.6,0.0,2,2,2,0
pi4,wolfSSL,DEPLOY_MLDSA87,TLS-checked,0,6.6540,11.8425,5.3624,23.8589,1496,13493,45,568,2,17,3,23,18,20,151.5,284.3,942.2,0.0,2,2,2,0
pi4,wolfSSL,DEPLOY_MLDSA87,TLS-checked,1,5.9739,11.3013,6.2115,23.4867,1496,13493,45,568,2,14,3,20,18,20,142.3,279.1,916.8,0.0,2,2,2,0
pi4,wolfSSL,DEPLOY_MLDSA87,TLS-checked,2,7.6656,10.9480,6.2137,24.8272,1496,13493,45,568,2,16,3,22,15,20,138.9,309.9,931.6,0.0,2,2,2,0
pi4,wolfSSL,DEPLOY_MLDSA87,TLS-checked,3,7.3545,14.1194,6.7938,28.2677,1496,13493,45,568,2,15,3,21,17,19,148.2,305.2,936.8,0.0,2,2,2,0
pi4,wolfSSL,DEPLOY_MLDSA87,TLS-checked,4,5.2742,16.5499,5.1352,26.9594,1496,13493,45,568,2,16,3,22,14,20,153.2,303.0,943.9,0.0,2,2,2,0
pi4,wolfSSL,DEPLOY_MLDSA87,TLS-checked,5,5.5766,12.5260,6.1296,24.2322,1496,13493,45,568,2,14,3,20,15,19,143.9,279.1,921.3,0.0,2,2,2,0
pi4,wolfSSL,DEPLOY_MLDSA87,TLS-checked,6,5.4122,10.3531,5.8065,21.5717,1496,13493,45,568,2,18,3,24,18,19,151.4,309.1,934.1,0.0,2,2,2,0
pi4,wolfSSL,DEPLOY_MLDSA87,TLS-checked,7,6.6533,10.5244,6.5210,23.6987,1496,13493,45,568,2,17,3,23,14,17,149.4,282.3,919.1,0.0,2,2,2,0
pi4,wolfSSL,DEPLOY_MLDSA87,TLS-checked,8,5.3118,11.3935,6.2372,22.9425,1496,13493,45,568,2,12,3,18,21,20,142.2,300.4,947.7,0.0,2,2,2,0
pi4,wolfSSL,DEPLOY_MLDSA87,TLS-checked,9,6.0971,12.4451,8.2905,26.8327,1496,13493,45,568,2,17,3,23,18,19,146.2,277.6,916.1,0.0,2,2,2,0
pi4,wolfSSL,DEPLOY_MLDSA87,TLS-checked,10,5.2699,9.6255,6.2512,21.1465,1496,13493,45,568,2,17,3,23,18,19,136.7,274.5,963.6,0.0,2,2,2,0
pi4,wolfSSL,DEPLOY_MLDSA87,TLS-checked,11,5.5191,12.5797,8.0292,26.1280,1496,13493,45,568,2,14,3,20,15,20,151.4,280.3,917.9,0.0,2,2,2,0
pi4,wolfSSL,DEPLOY_MLDSA87,TLS-checked,12,6.2979,9.6045,5.5463,21.4488,1496,13493,45,568,2,14,3,20,15,19,142.1,277.4,912.9,0.0,2,2,2,0
pi4,wolfSSL,DEPLOY_MLDSA87,TLS-checked,13,8.1057,9.5504,10.1788,27.8349,1496,13493,45,568,2,17,3,23,18,19,138.5,276.6,910.4,0.0,2,2,2,0
pi4,wolfSSL,DEPLOY_MLDSA87,TLS-checked,14,5.1929,10.8590,5.5938,21.6458,1496,13493,45,568,2,17,3,23,18,18,138.3,275.1,927.3,0.0,2,2,2,0
pi4,wolfSSL,DEPLOY_MLDSA87,TLS-checked,15,6.2542,11.2862,8.0495,25.5899,1496,13493,45,568,2,18,3,24,18,20,156.2,285.6,931.3,0.0,2,2,2,0
pi4,wolfSSL,DEPLOY_MLDSA87,TLS-checked,16,6.0202,12.0340,5.8041,23.8583,1496,13493,45,568,2,17,3,23,18,19,145.1,279.8,966.8,0.0,2,2,2,0
pi4,wolfSSL,DEPLOY_MLDSA87,TLS-checked,17,6.0677,9.9075,6.5877,22.5628,1496,13493,45,568,2,17,3,23,18,19,150.8,283.1,916.7,0.0,2,2,2,0
pi4,wolfSSL,DEPLOY_MLDSA87,TLS-checked,18,7.6371,13.7657,4.7057,26.1084,1496,13493,45,568,2,17,3,23,15,17,143.3,280.0,919.6,0.0,2,2,2,0
pi4,wolfSSL,DEPLOY_MLDSA87,TLS-checked,19,6.1787,10.4252,6.4816,23.0855,1496,13493,45,568,2,18,3,24,18,19,151.2,282.7,928.1,0.0,2,2,2,0
pi4,wolfSSL,DEPLOY_MLDSA87,TLS-checked,20,9.8481,12.4283,5.8435,28.1198,1496,13493,45,568,2,18,3,24,18,19,145.1,278.1,916.3,0.0,2,2,2,0
pi4,wolfSSL,DEPLOY_MLDSA87,TLS-checked,21,5.8477,12.8245,7.7636,26.4358,1496,13493,45,568,2,17,3,23,18,19,140.2,277.7,922.9,0.0,2,2,2,0
pi4,wolfSSL,DEPLOY_MLDSA87,TLS-checked,22,6.6492,10.0179,8.0602,24.7272,1496,13493,45,568,2,18,3,24,18,19,150.7,278.6,910.0,0.0,2,2,2,0
pi4,wolfSSL,DEPLOY_MLDSA87,TLS-checked,23,6.9064,13.2332,10.7331,30.8726,1496,13493,45,568,2,15,3,21,18,20,153.6,283.8,959.0,0.0,2,2,2,0
pi4,wolfSSL,DEPLOY_MLDSA87,TLS-checked,24,6.3581,14.0824,5.3203,25.7607,1496,13493,45,568,2,18,3,24,15,20,140.8,321.5,931.1,0.0,2,2,2,0
pi4,wolfSSL,DEPLOY_MLDSA87,TLS-checked,25,5.9064,11.8429,8.1372,25.8865,1496,13493,45,568,2,17,3,23,17,20,146.9,277.0,932.8,0.0,2,2,2,0
pi4,wolfSSL,DEPLOY_MLDSA87,TLS-checked,26,6.9136,13.3666,6.7219,27.0020,1496,13493,45,568,2,20,3,26,16,20,141.4,306.2,935.8,0.0,2,2,2,0
pi4,wolfSSL,DEPLOY_MLDSA87,TLS-checked,27,6.9969,15.0835,6.9689,29.0492,1496,13493,45,568,2,20,3,26,18,19,149.6,282.1,918.2,0.0,2,2,2,0
pi4,wolfSSL,DEPLOY_MLDSA87,TLS-checked,28,5.8907,11.9844,4.9900,22.8651,1496,13493,45,568,2,17,3,23,18,20,139.5,277.4,912.9,0.0,2,2,2,0
pi4,wolfSSL,DEPLOY_MLDSA87,TLS-checked,29,5.7655,10.8591,7.8031,24.4278,1496,13493,45,568,2,17,3,23,18,20,139.4,279.3,922.5,0.0,2,2,2,0
pi4,wolfSSL,DEPLOY_MLDSA87,TLS-checked,30,6.2207,15.9311,4.8605,27.0123,1496,13493,45,568,2,15,3,21,16,19,282.2,628.2,2084.2,0.0,2,2,2,0
pi4,wolfSSL,DEPLOY_MLDSA87,TLS-checked,31,5.4353,17.0913,7.0118,29.5383,1496,13493,45,568,2,20,3,26,18,20,290.4,600.4,2039.3,0.0,2,2,2,0
pi4,wolfSSL,DEPLOY_MLDSA87,TLS-checked,32,4.9415,12.9916,9.0373,26.9704,1496,13493,45,568,2,15,3,21,16,20,295.0,605.2,2049.9,0.0,2,2,2,0
pi4,wolfSSL,DEPLOY_MLDSA87,TLS-checked,33,7.0083,17.7444,6.5996,31.3523,1496,13493,45,568,2,15,3,21,16,17,287.3,600.0,2104.4,0.0,2,2,2,0
pi4,wolfSSL,DEPLOY_MLDSA87,TLS-checked,34,9.9258,18.3494,8.9049,37.1801,1496,13493,45,568,2,15,3,21,16,17,294.9,603.6,2041.9,0.0,2,2,2,0
pi4,wolfSSL,DEPLOY_MLDSA87,TLS-checked,35,7.3895,18.4719,6.5934,32.4548,1496,13493,45,568,2,16,3,22,18,19,281.4,599.7,2031.4,0.0,2,2,2,0
pi4,wolfSSL,DEPLOY_MLDSA87,TLS-checked,36,9.4541,14.6012,9.4334,33.4887,1496,13493,45,568,2,14,3,20,16,20,286.0,604.4,2088.9,0.0,2,2,2,0
pi4,wolfSSL,DEPLOY_MLDSA87,TLS-checked,37,6.7700,13.0292,6.2381,26.0373,1496,13493,45,568,2,18,3,24,18,20,296.2,603.2,2054.4,0.0,2,2,2,0
pi4,wolfSSL,DEPLOY_MLDSA87,TLS-checked,38,6.6252,17.2412,5.6669,29.5334,1496,13493,45,568,2,18,3,24,18,20,280.2,620.0,2055.2,0.0,2,2,2,0
pi4,wolfSSL,DEPLOY_MLDSA87,TLS-checked,39,5.5223,14.6126,6.7388,26.8736,1496,13493,45,568,2,12,3,18,18,20,292.3,605.5,2032.9,0.0,2,2,2,0
pi4,wolfSSL,DEPLOY_MLDSA87,TLS-checked,40,7.3650,13.9038,8.8512,30.1200,1496,13493,45,568,2,17,3,23,21,20,280.7,545.8,1821.4,0.0,2,2,2,0
pi4,wolfSSL,DEPLOY_MLDSA87,TLS-checked,41,5.9158,15.0912,8.4158,29.4229,1496,13493,45,568,2,16,3,22,18,20,266.7,591.2,1828.3,0.0,2,2,2,0
pi4,wolfSSL,DEPLOY_MLDSA87,TLS-checked,42,7.5926,13.7046,6.3351,27.6323,1496,13493,45,568,2,18,3,24,18,20,264.4,539.0,1818.8,0.0,2,2,2,0
pi4,wolfSSL,DEPLOY_MLDSA87,TLS-checked,43,5.7732,13.1857,6.9962,25.9552,1496,13493,45,568,2,16,3,22,16,20,294.3,609.0,2188.6,0.0,2,2,2,0
pi4,wolfSSL,DEPLOY_MLDSA87,TLS-checked,44,7.0350,12.8813,5.4051,25.3213,1496,13493,45,568,2,12,3,18,18,20,296.4,637.3,2047.5,0.0,2,2,2,0
pi4,wolfSSL,DEPLOY_MLDSA87,TLS-checked,45,9.9529,16.0590,9.7166,35.7285,1496,13493,45,568,2,12,3,18,18,20,287.0,606.4,2033.7,0.0,2,2,2,0
pi4,wolfSSL,DEPLOY_MLDSA87,TLS-checked,46,7.0386,14.9730,6.5943,28.6059,1496,13493,45,568,2,17,3,23,18,19,292.7,602.6,2042.7,0.0,2,2,2,0
pi4,wolfSSL,DEPLOY_MLDSA87,TLS-checked,47,7.0482,13.6645,6.9443,27.6570,1496,13493,45,568,2,17,3,23,17,20,267.1,541.1,1825.7,0.0,2,2,2,0
pi4,wolfSSL,DEPLOY_MLDSA87,TLS-checked,48,6.9143,15.7366,9.8173,32.4683,1496,13493,45,568,2,15,3,21,17,20,257.5,536.5,1832.8,0.0,2,2,2,0
pi4,wolfSSL,DEPLOY_MLDSA87,TLS-checked,49,6.5538,14.5941,6.4238,27.5718,1496,13493,45,568,2,18,3,24,18,20,254.3,535.7,1807.3,0.0,2,2,2,0
pi4,wolfSSL,DEPLOY_MLDSA87,mTLS,0,5.6372,15.3619,12.4611,33.4602,13706,13710,45,15608,4,19,5,28,30,34,259.6,537.4,1841.9,1595.1,2,2,2,1
pi4,wolfSSL,DEPLOY_MLDSA87,mTLS,1,6.2056,17.1727,10.0496,33.4279,13706,13710,45,15608,4,20,5,28,27,34,266.7,540.6,1844.5,1545.9,2,2,2,1
pi4,wolfSSL,DEPLOY_MLDSA87,mTLS,2,9.9118,16.0835,11.0072,37.0025,13706,13710,45,15608,4,20,5,28,29,35,261.6,558.2,1842.8,1545.8,2,2,2,1
pi4,wolfSSL,DEPLOY_MLDSA87,mTLS,3,5.0282,13.7059,16.1696,34.9038,13706,13710,45,15608,4,17,5,27,32,33,258.5,508.4,1689.9,1186.7,2,2,2,1
pi4,wolfSSL,DEPLOY_MLDSA87,mTLS,4,8.3053,14.7265,14.9556,37.9874,13706,13710,45,15608,4,20,5,26,29,34,241.2,487.2,1650.3,1473.3,2,2,2,1
pi4,wolfSSL,DEPLOY_MLDSA87,mTLS,5,5.6112,18.5301,9.2300,33.3713,13706,13710,45,15608,4,19,5,27,29,35,237.8,486.5,1672.0,3726.6,2,2,2,1
pi4,wolfSSL,DEPLOY_MLDSA87,mTLS,6,5.7701,15.5089,12.8637,34.1427,13706,13710,45,15608,4,20,5,28,29,36,268.3,545.8,1842.0,1282.8,2,2,2,1
pi4,wolfSSL,DEPLOY_MLDSA87,mTLS,7,7.6861,15.6560,12.2779,35.6201,13706,13710,45,15608,4,20,5,26,27,35,266.3,538.5,1842.2,1908.3,2,2,2,1
pi4,wolfSSL,DEPLOY_MLDSA87,mTLS,8,7.2858,18.1999,11.3937,36.8795,13706,13710,45,15608,4,18,5,27,26,33,266.0,556.3,1843.9,2505.3,2,2,2,1
pi4,wolfSSL,DEPLOY_MLDSA87,mTLS,9,6.5119,19.8238,13.6774,40.0130,13706,13710,45,15608,4,20,5,28,29,35,267.1,542.7,1842.1,1286.8,2,2,2,1
pi4,wolfSSL,DEPLOY_MLDSA87,mTLS,10,6.5763,16.9921,11.8795,35.4478,13706,13710,45,15608,4,19,5,27,29,33,261.2,539.1,1858.0,1276.8,2,2,2,1
pi4,wolfSSL,DEPLOY_MLDSA87,mTLS,11,5.0356,19.4562,8.8216,33.3134,13706,13710,45,15608,4,20,5,28,29,36,261.8,539.6,1869.9,1904.4,2,2,2,1
pi4,wolfSSL,DEPLOY_MLDSA87,mTLS,12,8.0183,18.3142,11.6257,37.9581,13706,13710,45,15608,4,14,5,23,30,35,265.4,589.5,1843.8,2199.0,2,2,2,1
pi4,wolfSSL,DEPLOY_MLDSA87,mTLS,13,6.4371,18.1924,10.1180,34.7475,13706,13710,45,15608,4,19,5,25,28,35,263.0,539.9,1863.2,1578.3,2,2,2,1
pi4,wolfSSL,DEPLOY_MLDSA87,mTLS,14,6.6202,17.9867,9.2568,33.8637,13706,13710,45,15608,4,18,5,25,28,35,266.9,491.7,1665.1,1789.9,2,2,2,1
pi4,wolfSSL,DEPLOY_MLDSA87,mTLS,15,6.5761,21.6161,12.3158,40.5080,13706,13710,45,15608,4,16,5,23,27,34,243.8,510.6,1663.4,1425.8,2,2,2,1
pi4,wolfSSL,DEPLOY_MLDSA87,mTLS,16,10.0870,16.4196,11.4472,37.9538,13706,13710,45,15608,4,18,5,26,29,36,240.2,491.3,1655.2,1665.3,2,2,2,1
pi4,wolfSSL,DEPLOY_MLDSA87,mTLS,17,5.5222,16.9680,14.3106,36.8008,13706,13710,45,15608,4,17,5,26,28,34,267.4,544.5,1868.5,1288.5,2,2,2,1
pi4,wolfSSL,DEPLOY_MLDSA87,mTLS,18,7.8151,18.2794,14.4318,40.5264,13706,13710,45,15608,4,19,5,27,29,32,264.6,540.8,1873.0,2231.6,2,2,2,1
pi4,wolfSSL,DEPLOY_MLDSA87,mTLS,19,6.4996,20.4078,9.6131,36.5206,13706,13710,45,15608,4,19,5,27,29,34,293.4,542.4,1846.4,1425.7,2,2,2,1
pi4,wolfSSL,DEPLOY_MLDSA87,mTLS,20,5.1871,19.9073,13.9018,38.9962,13706,13710,45,15608,4,16,5,25,28,35,265.6,542.7,1837.2,1808.1,2,2,2,1
pi4,wolfSSL,DEPLOY_MLDSA87,mTLS,21,7.1386,19.5295,12.0836,38.7517,13706,13710,45,15608,4,19,5,27,29,33,262.7,540.1,1831.4,2078.7,2,2,2,1
pi4,wolfSSL,DEPLOY_MLDSA87,mTLS,22,5.9858,17.0018,13.6787,36.6663,13706,13710,45,15608,4,20,5,28,29,36,261.2,580.6,1877.5,1922.6,2,2,2,1
pi4,wolfSSL,DEPLOY_MLDSA87,mTLS,23,7.7168,23.8121,8.7459,40.2747,13706,13710,45,15608,4,20,5,30,30,34,267.6,546.7,1843.0,2918.5,2,2,2,1
pi4,wolfSSL,DEPLOY_MLDSA87,mTLS,24,9.3931,19.6115,11.1654,40.1701,13706,13710,45,15608,4,20,5,26,27,35,265.6,560.7,1847.8,2029.9,2,2,2,1
pi4,wolfSSL,DEPLOY_MLDSA87,mTLS,25,6.3702,19.6688,12.5109,38.5498,13706,13710,45,15608,4,20,5,28,29,31,267.5,487.7,1656.1,1159.9,2,2,2,1
pi4,wolfSSL,DEPLOY_MLDSA87,mTLS,26,7.3194,17.6390,16.8922,41.8506,13706,13710,45,15608,4,20,5,28,29,33,241.9,491.6,1683.1,2254.4,2,2,2,1
pi4,wolfSSL,DEPLOY_MLDSA87,mTLS,27,6.7820,19.3329,10.7072,36.8221,13706,13710,45,15608,4,16,5,22,27,34,238.2,571.5,1842.4,2459.3,2,2,2,1
pi4,wolfSSL,DEPLOY_MLDSA87,mTLS,28,10.7729,21.7420,8.7029,41.2178,13706,13710,45,15608,4,22,5,28,29,34,266.2,540.2,1847.8,5247.1,2,2,2,1
pi4,wolfSSL,DEPLOY_MLDSA87,mTLS,29,6.5321,19.8151,9.6225,35.9697,13706,13710,45,15608,4,20,5,27,29,33,262.9,537.9,1848.5,3118.1,2,2,2,1
pi4,wolfSSL,DEPLOY_MLDSA87,mTLS,30,6.1304,18.3342,12.3420,36.8066,13706,13710,45,15608,4,19,5,25,27,33,245.3,489.3,1661.6,3096.6,2,2,2,1
pi4,wolfSSL,DEPLOY_MLDSA87,mTLS,31,6.1967,25.7136,9.7608,41.6711,13706,13710,45,15608,4,22,5,28,29,33,240.1,488.6,1652.4,3201.7,2,2,2,1
pi4,wolfSSL,DEPLOY_MLDSA87,mTLS,32,7.8637,19.2944,9.1814,36.3395,13706,13710,45,15608,4,16,5,25,29,34,235.9,491.1,1903.8,1548.2,2,2,2,1
pi4,wolfSSL,DEPLOY_MLDSA87,mTLS,33,6.4963,18.8949,13.6629,39.0541,13706,13710,45,15608,4,22,5,30,29,34,264.1,541.1,1870.4,1324.5,2,2,2,1
pi4,wolfSSL,DEPLOY_MLDSA87,mTLS,34,5.4249,17.4060,15.3224,38.1533,13706,13710,45,15608,4,14,5,21,30,34,265.2,544.9,1860.3,1303.1,2,2,2,1
pi4,wolfSSL,DEPLOY_MLDSA87,mTLS,35,5.6903,20.6312,11.9458,38.2673,13706,13710,45,15608,4,17,5,25,30,34,276.4,554.1,1871.8,3310.5,2,2,2,1
pi4,wolfSSL,DEPLOY_MLDSA87,mTLS,36,8.7914,17.0550,11.4603,37.3067,13706,13710,45,15608,4,16,5,22,27,34,261.8,572.5,1859.7,1296.1,2,2,2,1
pi4,wolfSSL,DEPLOY_MLDSA87,mTLS,37,8.0657,20.6152,9.8399,38.5209,13706,13710,45,15608,4,18,5,27,27,34,262.6,539.2,1838.2,1854.9,2,2,2,1
pi4,wolfSSL,DEPLOY_MLDSA87,mTLS,38,6.2183,17.7122,12.1571,36.0876,13706,13710,45,15608,4,20,5,28,29,36,242.7,487.8,1656.7,2202.0,2,2,2,1
pi4,wolfSSL,DEPLOY_MLDSA87,mTLS,39,6.9930,16.0886,9.1900,32.2716,13706,13710,45,15608,4,20,5,28,29,33,243.5,487.5,1659.7,1929.9,2,2,2,1
pi4,wolfSSL,DEPLOY_MLDSA87,mTLS,40,7.1775,21.6402,11.3836,40.2014,13706,13710,45,15608,4,19,5,28,27,36,237.3,506.9,1997.5,1606.0,2,2,2,1
pi4,wolfSSL,DEPLOY_MLDSA87,mTLS,41,6.7508,18.0058,15.9778,40.7344,13706,13710,45,15608,4,20,5,28,29,34,267.5,596.9,1847.0,1318.5,2,2,2,1
pi4,wolfSSL,DEPLOY_MLDSA87,mTLS,42,7.5904,21.6888,16.0044,45.2835,13706,13710,45,15608,4,20,5,28,26,32,265.6,565.7,1843.6,2515.9,2,2,2,1
pi4,wolfSSL,DEPLOY_MLDSA87,mTLS,43,7.1735,20.5333,18.2568,45.9636,13706,13710,45,15608,4,23,5,31,29,34,266.8,556.3,1847.5,1830.9,2,2,2,1
pi4,wolfSSL,DEPLOY_MLDSA87,mTLS,44,6.0293,26.1126,10.5824,42.7243,13706,13710,45,15608,4,20,5,26,29,33,305.3,560.4,1871.6,6629.4,2,2,2,1
pi4,wolfSSL,DEPLOY_MLDSA87,mTLS,45,7.9703,18.3841,13.0258,39.3802,13706,13710,45,15608,4,17,5,26,29,33,269.8,534.6,1687.5,2628.6,2,2,2,1
pi4,wolfSSL,DEPLOY_MLDSA87,mTLS,46,8.3458,20.4923,17.9302,46.7683,13706,13710,45,15608,4,14,5,24,31,32,251.3,595.2,1652.5,2683.7,2,2,2,1
pi4,wolfSSL,DEPLOY_MLDSA87,mTLS,47,4.8853,17.6680,14.9474,37.5007,13706,13710,45,15608,4,19,5,27,29,32,238.8,490.3,1651.9,1513.3,2,2,2,1
pi4,wolfSSL,DEPLOY_MLDSA87,mTLS,48,5.5272,19.0484,13.9565,38.5321,13706,13710,45,15608,4,14,5,21,30,34,265.0,571.8,1836.5,2796.0,2,2,2,1
pi4,wolfSSL,DEPLOY_MLDSA87,mTLS,49,5.7392,20.6606,9.6685,36.0683,13706,13710,45,15608,4,19,5,25,30,33,266.7,566.3,1844.7,3077.5,2,2,2,1
pi4,wolfSSL,DEPLOY_MLDSA87,mTLS-checked,0,7.2458,18.4948,9.5362,35.2767,13706,13710,45,15608,4,19,5,27,28,35,242.4,516.7,1651.4,2470.0,2,2,2,1
pi4,wolfSSL,DEPLOY_MLDSA87,mTLS-checked,1,5.7489,16.1479,11.2294,33.1263,13706,13710,45,15608,4,19,5,27,29,34,244.2,488.7,1629.3,1183.7,2,2,2,1
pi4,wolfSSL,DEPLOY_MLDSA87,mTLS-checked,2,9.6354,18.0609,8.6942,36.3904,13706,13710,45,15608,4,14,5,20,28,32,243.5,491.2,1643.5,2005.6,2,2,2,1
pi4,wolfSSL,DEPLOY_MLDSA87,mTLS-checked,3,7.5261,16.5565,9.4811,33.5636,13706,13710,45,15608,4,14,5,23,30,35,240.6,564.5,1814.4,1283.8,2,2,2,1
pi4,wolfSSL,DEPLOY_MLDSA87,mTLS-checked,4,7.1004,18.0785,11.1354,36.3142,13706,13710,45,15608,4,20,5,26,29,34,286.7,539.0,1833.2,2721.7,2,2,2,1
pi4,wolfSSL,DEPLOY_MLDSA87,mTLS-checked,5,4.9247,13.2219,8.3788,26.5253,13706,13710,45,15608,4,14,5,21,29,35,266.6,575.3,1809.5,1279.9,2,2,2,1
pi4,wolfSSL,DEPLOY_MLDSA87,mTLS-checked,6,5.8301,16.7282,10.9816,33.5400,13706,13710,45,15608,4,19,5,29,27,34,263.8,512.1,1637.5,1180.9,2,2,2,1
pi4,wolfSSL,DEPLOY_MLDSA87,mTLS-checked,7,5.1160,14.9113,10.1306,30.1579,13706,13710,45,15608,4,14,5,22,30,35,246.8,495.6,1666.5,1434.8,2,2,2,1
pi4,wolfSSL,DEPLOY_MLDSA87,mTLS-checked,8,9.6716,16.1523,12.0753,37.8992,13706,13710,45,15608,4,17,5,27,28,33,241.6,489.7,1648.5,2594.4,2,2,2,1
pi4,wolfSSL,DEPLOY_MLDSA87,mTLS-checked,9,5.6923,15.5353,14.2803,35.5080,13706,13710,45,15608,4,14,5,23,30,34,243.6,561.1,1815.1,1590.8,2,2,2,1
pi4,wolfSSL,DEPLOY_MLDSA87,mTLS-checked,10,5.7984,16.1884,9.6168,31.6035,13706,13710,45,15608,4,18,5,25,28,34,266.5,539.3,1837.1,2570.6,2,2,2,1
pi4,wolfSSL,DEPLOY_MLDSA87,mTLS-checked,11,8.7621,17.7472,9.7131,36.2224,13706,13710,45,15608,4,14,5,21,30,33,265.7,544.8,1815.5,2321.5,2,2,2,1
pi4,wolfSSL,DEPLOY_MLDSA87,mTLS-checked,12,4.8949,15.2902,12.6922,32.8773,13706,13710,45,15608,4,14,5,23,30,33,266.3,511.0,1635.4,2347.6,2,2,2,1
pi4,wolfSSL,DEPLOY_MLDSA87,mTLS-checked,13,6.4102,16.4347,14.4238,37.2687,13706,13710,45,15608,4,18,5,27,27,34,245.5,489.1,1669.8,1412.0,2,2,2,1
pi4,wolfSSL,DEPLOY_MLDSA87,mTLS-checked,14,7.2135,17.4817,9.6072,34.3024,13706,13710,45,15608,4,20,5,26,29,33,249.9,493.9,1630.0,3525.9,2,2,2,1
pi4,wolfSSL,DEPLOY_MLDSA87,mTLS-checked,15,5.4704,20.3603,11.9287,37.7595,13706,13710,45,15608,4,16,5,23,27,33,252.6,520.3,1659.8,1158.1,2,2,2,1
pi4,wolfSSL,DEPLOY_MLDSA87,mTLS-checked,16,9.0083,20.0712,14.0613,43.1408,13706,13710,45,15608,4,18,5,24,28,36,241.8,489.1,1642.0,1884.3,2,2,2,1
pi4,wolfSSL,DEPLOY_MLDSA87,mTLS-checked,17,8.5522,17.4206,14.5090,40.4819,13706,13710,45,15608,4,20,5,26,28,34,246.4,492.2,1677.9,1259.3,2,2,2,1
pi4,wolfSSL,DEPLOY_MLDSA87,mTLS-checked,18,11.3461,20.1409,11.8978,43.3848,13706,13710,45,15608,4,20,5,28,29,35,290.1,571.5,1820.2,1287.5,2,2,2,1
pi4,wolfSSL,DEPLOY_MLDSA87,mTLS-checked,19,9.0325,17.1291,12.2878,38.4495,13706,13710,45,15608,4,20,5,26,29,34,270.3,598.9,1835.0,1791.7,2,2,2,1
pi4,wolfSSL,DEPLOY_MLDSA87,mTLS-checked,20,6.4863,20.3759,9.9512,36.8134,13706,13710,45,15608,4,14,5,24,31,34,268.1,547.8,1849.2,2268.1,2,2,2,1
pi4,wolfSSL,DEPLOY_MLDSA87,mTLS-checked,21,6.6324,19.8255,11.3179,37.7758,13706,13710,45,15608,4,20,5,28,29,35,264.8,540.2,1821.8,3878.6,2,2,2,1
pi4,wolfSSL,DEPLOY_MLDSA87,mTLS-checked,22,5.5114,20.4382,12.3570,38.3066,13706,13710,45,15608,4,19,5,28,30,34,267.7,545.1,1811.5,1216.0,2,2,2,1
pi4,wolfSSL,DEPLOY_MLDSA87,mTLS-checked,23,10.4179,17.3374,10.4967,38.2520,13706,13710,45,15608,4,18,5,29,26,33,245.7,493.3,1641.1,2214.0,2,2,2,1
pi4,wolfSSL,DEPLOY_MLDSA87,mTLS-checked,24,4.4882,17.2177,42.6933,64.3993,13706,13710,45,15608,4,22,5,30,28,33,244.6,493.2,1635.5,2110.9,2,2,2,1
pi4,wolfSSL,DEPLOY_MLDSA87,mTLS-checked,25,8.5849,15.9220,12.0069,36.5138,13706,13710,45,15608,4,19,5,27,29,34,267.1,545.4,1816.8,1288.5,2,2,2,1
pi4,wolfSSL,DEPLOY_MLDSA87,mTLS-checked,26,6.6729,18.6529,30.8438,56.1696,13706,13710,45,15608,4,19,5,27,29,31,269.5,555.5,1843.2,1554.5,2,2,2,1
pi4,wolfSSL,DEPLOY_MLDSA87,mTLS-checked,27,6.4952,21.6033,12.0682,40.1667,13706,13710,45,15608,4,20,5,30,29,34,296.5,633.5,2065.4,2434.5,2,2,2,1
pi4,wolfSSL,DEPLOY_MLDSA87,mTLS-checked,28,7.1347,29.1554,12.2424,48.5326,13706,13710,45,15608,4,19,5,27,29,32,295.3,607.9,2057.4,3216.1,2,2,2,1
pi4,wolfSSL,DEPLOY_MLDSA87,mTLS-checked,29,6.3355,14.9431,11.3668,32.6453,13706,13710,45,15608,4,19,5,25,29,34,247.6,492.8,1636.8,1191.3,2,2,2,1
pi4,wolfSSL,DEPLOY_MLDSA87,mTLS-checked,30,5.9707,19.1021,10.6677,35.7405,13706,13710,45,15608,4,22,5,30,28,35,244.6,520.0,1653.2,2333.9,2,2,2,1
pi4,wolfSSL,DEPLOY_MLDSA87,mTLS-checked,31,6.3031,18.0879,15.7838,40.1748,13706,13710,45,15608,4,18,5,27,27,36,270.6,494.4,1657.6,1915.2,2,2,2,1
pi4,wolfSSL,DEPLOY_MLDSA87,mTLS-checked,32,6.1565,27.5691,17.5262,51.2518,13706,13710,45,15608,4,20,5,29,30,34,287.8,562.0,1822.9,1807.4,2,2,2,1
pi4,wolfSSL,DEPLOY_MLDSA87,mTLS-checked,33,9.4140,23.8785,12.7552,46.0477,13706,13710,45,15608,4,21,5,29,26,30,268.5,544.0,1812.2,1282.0,2,2,2,1
pi4,wolfSSL,DEPLOY_MLDSA87,mTLS-checked,34,6.8182,18.1482,13.7155,38.6819,13706,13710,45,15608,4,16,5,25,29,32,267.3,545.3,1854.9,1285.0,2,2,2,1
pi4,wolfSSL,DEPLOY_MLDSA87,mTLS-checked,35,4.6672,17.2698,10.7340,32.6710,13706,13710,45,15608,4,19,5,27,29,33,263.7,540.0,1809.3,1802.1,2,2,2,1
pi4,wolfSSL,DEPLOY_MLDSA87,mTLS-checked,36,9.2154,17.1891,10.2575,36.6619,13706,13710,45,15608,4,19,5,25,29,33,267.4,542.5,1813.2,3169.3,2,2,2,1
pi4,wolfSSL,DEPLOY_MLDSA87,mTLS-checked,37,5.4616,17.0659,12.3616,34.8891,13706,13710,45,15608,4,14,5,21,30,34,268.7,549.1,2003.7,1916.3,2,2,2,1
pi4,wolfSSL,DEPLOY_MLDSA87,mTLS-checked,38,6.7885,20.3908,14.3140,41.4934,13706,13710,45,15608,4,22,5,30,29,32,263.8,545.5,1839.4,1277.9,2,2,2,1
pi4,wolfSSL,DEPLOY_MLDSA87,mTLS-checked,39,4.6167,16.2145,9.4141,30.2454,13706,13710,45,15608,4,20,5,26,29,35,267.3,559.8,1820.6,1606.6,2,2,2,1
pi4,wolfSSL,DEPLOY_MLDSA87,mTLS-checked,40,6.2705,19.8760,10.2338,36.3803,13706,13710,45,15608,4,20,5,28,29,34,269.6,547.0,1809.1,2429.1,2,2,2,1
pi4,wolfSSL,DEPLOY_MLDSA87,mTLS-checked,41,6.3430,16.9116,8.3126,31.5672,13706,13710,45,15608,4,14,5,22,30,32,262.9,561.3,1857.1,1606.1,2,2,2,1
pi4,wolfSSL,DEPLOY_MLDSA87,mTLS-checked,42,8.2093,16.5471,8.8921,33.6485,13706,13710,45,15608,4,20,5,28,27,34,264.7,511.9,1675.9,1404.9,2,2,2,1
pi4,wolfSSL,DEPLOY_MLDSA87,mTLS-checked,43,6.6645,18.1541,10.7400,35.5586,13706,13710,45,15608,4,17,5,25,29,34,246.9,536.6,1639.3,3807.0,2,2,2,1
pi4,wolfSSL,DEPLOY_MLDSA87,mTLS-checked,44,6.3949,16.3579,9.7982,32.5510,13706,13710,45,15608,4,16,5,24,27,34,245.1,490.0,1626.7,1433.2,2,2,2,1
pi4,wolfSSL,DEPLOY_MLDSA87,mTLS-checked,45,7.8919,15.1288,10.6452,33.6659,13706,13710,45,15608,4,20,5,29,28,35,246.1,514.2,1661.5,1640.7,2,2,2,1
pi4,wolfSSL,DEPLOY_MLDSA87,mTLS-checked,46,5.0276,15.6889,9.9421,30.6586,13706,13710,45,15608,4,20,5,26,30,33,245.0,488.1,1630.0,2695.6,2,2,2,1
pi4,wolfSSL,DEPLOY_MLDSA87,mTLS-checked,47,5.9975,16.9579,11.1245,34.0799,13706,13710,45,15608,4,19,5,28,27,34,261.8,504.8,1695.7,2238.3,2,2,2,1
pi4,wolfSSL,DEPLOY_MLDSA87,mTLS-checked,48,7.3398,16.3792,9.3352,33.0543,13706,13710,45,15608,4,20,5,28,29,34,247.5,511.0,1634.3,2184.9,2,2,2,1
pi4,wolfSSL,DEPLOY_MLDSA87,mTLS-checked,49,4.8462,16.7169,12.0987,33.6618,13706,13710,45,15608,4,19,5,27,29,34,247.4,490.1,1647.4,1902.1,2,2,2,1
pi4,OpenSSL,DEPLOY_FALCON512,TLS,0,4.6759,23.7011,5.0425,33.4195,1568,3873,45,568,2,14,3,20,11,12,395.1,540.2,1561.7,0.0,1,1,2,0
pi4,OpenSSL,DEPLOY_FALCON512,TLS,1,7.4068,15.4766,6.1764,29.0598,1568,3875,45,568,2,13,3,19,10,11,399.3,513.0,1541.5,0.0,1,1,2,0
pi4,OpenSSL,DEPLOY_FALCON512,TLS,2,6.7126,16.8110,8.7268,32.2504,1568,3874,45,568,2,13,3,19,10,9,403.9,513.5,1556.6,0.0,1,1,2,0
pi4,OpenSSL,DEPLOY_FALCON512,TLS,3,6.7135,15.1054,9.1921,31.0110,1568,3873,45,568,2,14,3,20,10,11,396.6,516.6,1587.4,0.0,1,1,2,0
pi4,OpenSSL,DEPLOY_FALCON512,TLS,4,5.6224,17.2109,5.9796,28.8128,1568,3878,45,568,2,14,3,20,11,12,398.0,518.7,1608.0,0.0,1,1,2,0
pi4,OpenSSL,DEPLOY_FALCON512,TLS,5,6.4600,15.8791,5.9182,28.2573,1568,3875,45,568,2,14,3,20,10,11,400.3,534.2,1598.1,0.0,1,1,2,0
pi4,OpenSSL,DEPLOY_FALCON512,TLS,6,4.7263,15.6763,22.1559,42.5584,1568,3872,45,568,2,14,3,20,10,11,400.0,540.4,1568.2,0.0,1,1,2,0
pi4,OpenSSL,DEPLOY_FALCON512,TLS,7,7.3686,15.9870,5.2791,28.6347,1568,3875,45,568,2,12,3,18,10,11,402.7,533.7,1615.1,0.0,1,1,2,0
pi4,OpenSSL,DEPLOY_FALCON512,TLS,8,6.4626,25.2337,9.1283,40.8246,1568,3874,45,568,2,14,3,20,10,11,396.5,534.3,1562.9,0.0,1,1,2,0
pi4,OpenSSL,DEPLOY_FALCON512,TLS,9,5.8270,21.3170,8.2680,35.4120,1568,3876,45,568,2,14,3,20,13,13,411.1,511.5,1583.4,0.0,1,1,2,0
pi4,OpenSSL,DEPLOY_FALCON512,TLS,10,5.5499,20.2260,4.9210,30.6969,1568,3872,45,568,2,13,3,19,10,11,397.0,566.7,1589.7,0.0,1,1,2,0
pi4,OpenSSL,DEPLOY_FALCON512,TLS,11,5.8033,24.6647,8.1175,38.5854,1568,3877,45,568,2,14,3,20,10,10,401.6,533.9,1594.0,0.0,1,1,2,0
pi4,OpenSSL,DEPLOY_FALCON512,TLS,12,5.6685,16.8159,9.9728,32.4573,1568,3875,45,568,2,13,3,19,10,10,394.5,578.6,1581.8,0.0,1,1,2,0
pi4,OpenSSL,DEPLOY_FALCON512,TLS,13,5.2902,17.0782,5.1421,27.5105,1568,3876,45,568,2,14,3,20,10,11,396.7,512.6,1595.5,0.0,1,1,2,0
pi4,OpenSSL,DEPLOY_FALCON512,TLS,14,6.4776,15.0583,6.1175,27.6534,1568,3877,45,568,2,14,3,20,10,10,409.2,527.3,1568.9,0.0,1,1,2,0
pi4,OpenSSL,DEPLOY_FALCON512,TLS,15,6.5620,19.1208,7.2869,32.9696,1568,3872,45,568,2,14,3,20,10,9,399.9,518.3,1563.1,0.0,1,1,2,0
pi4,OpenSSL,DEPLOY_FALCON512,TLS,16,8.5427,18.3948,6.2925,33.2300,1568,3878,45,568,2,14,3,20,10,11,398.5,540.8,1685.3,0.0,1,1,2,0
pi4,OpenSSL,DEPLOY_FALCON512,TLS,17,5.9866,16.9672,6.5790,29.5328,1568,3874,45,568,2,14,3,20,10,12,423.1,536.7,1570.4,0.0,1,1,2,0
pi4,OpenSSL,DEPLOY_FALCON512,TLS,18,7.5681,19.4225,6.1697,33.1603,1568,3876,45,568,2,14,3,20,10,9,399.2,509.8,1579.4,0.0,1,1,2,0
pi4,OpenSSL,DEPLOY_FALCON512,TLS,19,5.9407,16.9666,5.4849,28.3921,1568,3873,45,568,2,14,3,20,10,10,400.4,510.3,1561.5,0.0,1,1,2,0
pi4,OpenSSL,DEPLOY_FALCON512,TLS,20,5.3388,16.1022,5.8997,27.3407,1568,3873,45,568,2,14,3,20,10,11,399.8,518.2,1841.9,0.0,1,1,2,0
pi4,OpenSSL,DEPLOY_FALCON512,TLS,21,5.4022,18.7391,7.4060,31.5473,1568,3874,45,568,2,14,3,20,10,11,400.3,508.3,1557.3,0.0,1,1,2,0
pi4,OpenSSL,DEPLOY_FALCON512,TLS,22,7.2913,15.6659,9.3324,32.2896,1568,3870,45,568,2,14,3,20,10,11,395.5,521.1,1547.7,0.0,1,1,2,0
pi4,OpenSSL,DEPLOY_FALCON512,TLS,23,5.3414,18.7983,5.8098,29.9495,1568,3874,45,568,2,14,3,20,10,12,396.3,538.4,1577.2,0.0,1,1,2,0
pi4,OpenSSL,DEPLOY_FALCON512,TLS,24,6.5227,17.2144,5.1777,28.9148,1568,3872,45,568,2,14,3,20,10,11,405.0,511.6,1565.5,0.0,1,1,2,0
pi4,OpenSSL,DEPLOY_FALCON512,TLS,25,5.9660,15.5397,6.3154,27.8211,1568,3874,45,568,2,14,3,20,10,11,396.4,523.7,1676.2,0.0,1,1,2,0
pi4,OpenSSL,DEPLOY_FALCON512,TLS,26,8.2580,16.4080,5.6111,30.2771,1568,3875,45,568,2,14,3,20,10,12,399.3,508.9,1569.3,0.0,1,1,2,0
pi4,OpenSSL,DEPLOY_FALCON512,TLS,27,5.8257,13.9536,4.5812,24.3605,1568,3876,45,568,2,14,3,20,10,11,396.9,559.1,1591.5,0.0,1,1,2,0
pi4,OpenSSL,DEPLOY_FALCON512,TLS,28,9.2750,16.1446,7.7188,33.1384,1568,3875,45,568,2,14,3,20,10,11,396.0,519.4,1553.4,0.0,1,1,2,0
pi4,OpenSSL,DEPLOY_FALCON512,TLS,29,5.7465,15.8650,7.9758,29.5873,1568,3876,45,568,2,14,3,20,10,11,399.8,533.0,1594.9,0.0,1,1,2,0
pi4,OpenSSL,DEPLOY_FALCON512,TLS,30,5.7695,16.2850,8.5678,30.6223,1568,3876,45,568,2,14,3,20,10,12,413.9,537.0,1570.4,0.0,1,1,2,0
pi4,OpenSSL,DEPLOY_FALCON512,TLS,31,6.2018,14.9511,5.3597,26.5126,1568,3876,45,568,2,14,3,20,10,11,405.0,511.0,1587.8,0.0,1,1,2,0
pi4,OpenSSL,DEPLOY_FALCON512,TLS,32,5.2478,16.4307,5.1578,26.8362,1568,3879,45,568,2,14,3,20,10,10,396.4,557.4,1602.6,0.0,1,1,2,0
pi4,OpenSSL,DEPLOY_FALCON512,TLS,33,6.5019,18.8507,6.5688,31.9214,1568,3875,45,568,2,14,3,20,10,12,393.8,528.3,1563.3,0.0,1,1,2,0
pi4,OpenSSL,DEPLOY_FALCON512,TLS,34,5.5618,14.0334,8.0454,27.6406,1568,3876,45,568,2,13,3,19,10,11,418.6,530.2,1596.2,0.0,1,1,2,0
pi4,OpenSSL,DEPLOY_FALCON512,TLS,35,9.4070,15.8028,7.0053,32.2150,1568,3877,45,568,2,13,3,19,10,10,400.3,508.3,1586.7,0.0,1,1,2,0
pi4,OpenSSL,DEPLOY_FALCON512,TLS,36,6.0884,14.2512,6.9746,27.3142,1568,3876,45,568,2,13,3,19,10,10,394.4,508.4,1553.9,0.0,1,1,2,0
pi4,OpenSSL,DEPLOY_FALCON512,TLS,37,6.1392,13.2400,4.7738,24.1530,1568,3873,45,568,2,13,3,19,10,10,407.8,511.7,1628.1,0.0,1,1,2,0
pi4,OpenSSL,DEPLOY_FALCON512,TLS,38,5.8319,17.3206,7.6534,30.8059,1568,3875,45,568,2,13,3,19,10,12,430.5,545.1,1838.7,0.0,1,1,2,0
pi4,OpenSSL,DEPLOY_FALCON512,TLS,39,5.9370,16.2748,6.9584,29.1702,1568,3877,45,568,2,13,3,19,10,11,402.1,542.5,1573.1,0.0,1,1,2,0
pi4,OpenSSL,DEPLOY_FALCON512,TLS,40,6.1190,16.7234,5.6626,28.5049,1568,3874,45,568,2,12,3,18,10,12,403.4,518.3,1576.3,0.0,1,1,2,0
pi4,OpenSSL,DEPLOY_FALCON512,TLS,41,6.0252,16.0928,8.8720,30.9900,1568,3877,45,568,2,14,3,20,10,11,406.0,539.5,1601.2,0.0,1,1,2,0
pi4,OpenSSL,DEPLOY_FALCON512,TLS,42,8.2481,14.5588,6.4106,29.2175,1568,3873,45,568,2,14,3,20,10,11,398.2,516.0,1583.6,0.0,1,1,2,0
pi4,OpenSSL,DEPLOY_FALCON512,TLS,43,5.7043,16.2793,9.3486,31.3322,1568,3877,45,568,2,14,3,20,10,11,400.6,530.1,1569.7,0.0,1,1,2,0
pi4,OpenSSL,DEPLOY_FALCON512,TLS,44,5.7269,18.4886,5.8608,30.0763,1568,3879,45,568,2,14,3,20,11,12,402.2,538.5,1566.7,0.0,1,1,2,0
pi4,OpenSSL,DEPLOY_FALCON512,TLS,45,6.0502,17.8862,6.2315,30.1679,1568,3878,45,568,2,14,3,20,10,11,398.7,510.9,1577.3,0.0,1,1,2,0
pi4,OpenSSL,DEPLOY_FALCON512,TLS,46,7.8390,16.2064,6.1254,30.1708,1568,3873,45,568,2,14,3,20,10,11,415.3,530.7,1566.0,0.0,1,1,2,0
pi4,OpenSSL,DEPLOY_FALCON512,TLS,47,8.0067,15.9606,7.3630,31.3303,1568,3875,45,568,2,14,3,20,10,10,394.1,512.6,1708.9,0.0,1,1,2,0
pi4,OpenSSL,DEPLOY_FALCON512,TLS,48,5.6164,16.7467,6.7743,29.1374,1568,3875,45,568,2,14,3,20,10,12,398.2,509.5,1563.5,0.0,1,1,2,0
pi4,OpenSSL,DEPLOY_FALCON512,TLS,49,5.4326,13.6108,7.0135,26.0569,1568,3880,45,568,2,14,3,20,10,10,399.8,517.6,1547.2,0.0,1,1,2,0
pi4,OpenSSL,DEPLOY_FALCON512,TLS-checked,0,5.8944,18.4900,9.0369,33.4212,1568,3872,45,568,2,13,3,19,10,10,398.7,540.8,2710.4,0.0,1,1,2,0
pi4,OpenSSL,DEPLOY_FALCON512,TLS-checked,1,5.0040,18.6167,5.2851,28.9058,1568,3874,45,568,2,13,3,19,10,11,392.7,511.1,2894.4,0.0,1,1,2,0
pi4,OpenSSL,DEPLOY_FALCON512,TLS-checked,2,6.5044,18.2031,5.8921,30.5996,1568,3875,45,568,2,13,3,19,10,12,420.1,512.8,2745.8,0.0,1,1,2,0
pi4,OpenSSL,DEPLOY_FALCON512,TLS-checked,3,7.9908,11.3070,8.1713,27.4692,1568,3875,45,568,2,12,3,18,11,11,396.5,507.7,2712.3,0.0,1,1,2,0
pi4,OpenSSL,DEPLOY_FALCON512,TLS-checked,4,6.9747,17.4054,8.0879,32.4679,1568,3876,45,568,2,13,3,19,10,12,396.5,510.7,2679.9,0.0,1,1,2,0
pi4,OpenSSL,DEPLOY_FALCON512,TLS-checked,5,7.1284,17.3492,4.9133,29.3909,1568,3875,45,568,2,13,3,19,10,11,406.4,512.4,2738.5,0.0,1,1,2,0
pi4,OpenSSL,DEPLOY_FALCON512,TLS-checked,6,6.4690,18.4412,6.5316,31.4418,1568,3878,45,568,2,14,3,20,10,12,395.8,507.8,2724.8,0.0,1,1,2,0
pi4,OpenSSL,DEPLOY_FALCON512,TLS-checked,7,9.8197,14.9178,9.0963,33.8338,1568,3877,45,568,2,14,3,20,10,11,402.7,515.5,2743.7,0.0,1,1,2,0
pi4,OpenSSL,DEPLOY_FALCON512,TLS-checked,8,9.4501,15.9759,7.2199,32.6460,1568,3876,45,568,2,13,3,19,10,10,405.0,510.1,2737.4,0.0,1,1,2,0
pi4,OpenSSL,DEPLOY_FALCON512,TLS-checked,9,7.0056,14.4506,9.8749,31.3312,1568,3876,45,568,2,13,3,19,10,9,398.7,510.7,2730.4,0.0,1,1,2,0
pi4,OpenSSL,DEPLOY_FALCON512,TLS-checked,10,11.3712,14.6411,6.3629,32.3752,1568,3873,45,568,2,12,3,18,9,11,394.6,510.5,2732.4,0.0,1,1,2,0
pi4,OpenSSL,DEPLOY_FALCON512,TLS-checked,11,8.1698,17.4880,7.5038,33.1616,1568,3874,45,568,2,14,3,20,10,11,421.2,534.3,2812.4,0.0,1,1,2,0
pi4,OpenSSL,DEPLOY_FALCON512,TLS-checked,12,6.6215,15.9562,11.4163,33.9940,1568,3878,45,568,2,14,3,20,10,9,402.0,533.8,2687.7,0.0,1,1,2,0
pi4,OpenSSL,DEPLOY_FALCON512,TLS-checked,13,6.6993,17.1421,8.3443,32.1857,1568,3872,45,568,2,12,3,18,9,11,404.4,527.2,2680.7,0.0,1,1,2,0
pi4,OpenSSL,DEPLOY_FALCON512,TLS-checked,14,5.9019,14.1286,5.3389,25.3694,1568,3873,45,568,2,12,3,18,9,10,414.1,533.8,2697.6,0.0,1,1,2,0
pi4,OpenSSL,DEPLOY_FALCON512,TLS-checked,15,4.5687,13.8781,4.9170,23.3638,1568,3873,45,568,2,12,3,18,9,11,400.0,524.3,2668.3,0.0,1,1,2,0
pi4,OpenSSL,DEPLOY_FALCON512,TLS-checked,16,5.2946,21.5622,8.7526,35.6094,1568,3876,45,568,2,14,3,20,10,12,395.5,517.7,2694.3,0.0,1,1,2,0
pi4,OpenSSL,DEPLOY_FALCON512,TLS-checked,17,5.8124,15.5509,9.5315,30.8947,1568,3873,45,568,2,14,3,20,10,12,394.2,508.1,2961.5,0.0,1,1,2,0
pi4,OpenSSL,DEPLOY_FALCON512,TLS-checked,18,6.7115,17.6093,6.3586,30.6793,1568,3875,45,568,2,12,3,18,10,12,400.4,514.5,2733.8,0.0,1,1,2,0
pi4,OpenSSL,DEPLOY_FALCON512,TLS-checked,19,6.5036,23.1137,6.7904,36.4076,1568,3874,45,568,2,14,3,20,10,11,396.6,519.0,2914.5,0.0,1,1,2,0
pi4,OpenSSL,DEPLOY_FALCON512,TLS-checked,20,6.7057,19.0501,9.2013,34.9571,1568,3872,45,568,2,14,3,20,10,11,398.9,509.4,2737.4,0.0,1,1,2,0
pi4,OpenSSL,DEPLOY_FALCON512,TLS-checked,21,6.9156,16.9365,7.9714,31.8235,1568,3874,45,568,2,14,3,20,10,11,400.0,520.4,2724.7,0.0,1,1,2,0
pi4,OpenSSL,DEPLOY_FALCON512,TLS-checked,22,7.5972,18.4919,5.6048,31.6939,1568,3877,45,568,2,14,3,20,10,11,396.8,512.0,2720.1,0.0,1,1,2,0
pi4,OpenSSL,DEPLOY_FALCON512,TLS-checked,23,6.9318,16.6613,12.5944,36.1874,1568,3874,45,568,2,14,3,20,10,11,397.6,517.8,2762.0,0.0,1,1,2,0
pi4,OpenSSL,DEPLOY_FALCON512,TLS-checked,24,5.8269,18.7684,6.0629,30.6581,1568,3877,45,568,2,14,3,20,10,10,410.8,522.0,2692.8,0.0,1,1,2,0
pi4,OpenSSL,DEPLOY_FALCON512,TLS-checked,25,6.3713,14.8549,8.3754,29.6016,1568,3874,45,568,2,12,3,18,9,11,408.5,540.3,2674.8,0.0,1,1,2,0
pi4,OpenSSL,DEPLOY_FALCON512,TLS-checked,26,5.8721,23.2494,6.9525,36.0741,1568,3874,45,568,2,14,3,20,13,12,423.0,521.1,2753.4,0.0,1,1,2,0
pi4,OpenSSL,DEPLOY_FALCON512,TLS-checked,27,10.6715,22.8471,13.5136,47.0322,1568,3879,45,568,2,14,3,20,10,11,401.0,513.7,2740.5,0.0,1,1,2,0
pi4,OpenSSL,DEPLOY_FALCON512,TLS-checked,28,5.6723,25.4647,5.8578,36.9949,1568,3874,45,568,2,14,3,20,10,11,398.1,518.7,2715.6,0.0,1,1,2,0
pi4,OpenSSL,DEPLOY_FALCON512,TLS-checked,29,9.6159,17.7824,7.6193,35.0176,1568,3873,45,568,2,14,3,20,10,12,410.4,523.3,2699.0,0.0,1,1,2,0
pi4,OpenSSL,DEPLOY_FALCON512,TLS-checked,30,11.4486,18.8708,12.1049,42.4243,1568,3873,45,568,2,14,3,20,10,12,392.3,531.4,2693.0,0.0,1,1,2,0
pi4,OpenSSL,DEPLOY_FALCON512,TLS-checked,31,4.6643,21.2218,7.1021,32.9882,1568,3876,45,568,2,14,3,20,10,12,403.2,509.9,2720.0,0.0,1,1,2,0
pi4,OpenSSL,DEPLOY_FALCON512,TLS-checked,32,5.7418,23.8741,9.1009,38.7167,1568,3876,45,568,2,14,3,20,10,12,401.7,512.0,2734.3,0.0,1,1,2,0
pi4,OpenSSL,DEPLOY_FALCON512,TLS-checked,33,5.5396,15.5158,9.5222,30.5776,1568,3871,45,568,2,12,3,18,10,12,395.9,513.7,2684.5,0.0,1,1,2,0
pi4,OpenSSL,DEPLOY_FALCON512,TLS-checked,34,5.5693,21.4593,9.5409,36.5694,1568,3877,45,568,2,14,3,20,10,10,397.1,509.5,2728.5,0.0,1,1,2,0
pi4,OpenSSL,DEPLOY_FALCON512,TLS-checked,35,7.4408,28.4835,5.6039,41.5283,1568,3878,45,568,2,14,3,20,10,11,430.8,523.0,2719.1,0.0,1,1,2,0
pi4,OpenSSL,DEPLOY_FALCON512,TLS-checked,36,6.3492,18.3240,9.3129,33.9861,1568,3873,45,568,2,14,3,20,10,11,396.8,517.6,3013.8,0.0,1,1,2,0
pi4,OpenSSL,DEPLOY_FALCON512,TLS-checked,37,7.5979,18.9967,6.2866,32.8811,1568,3874,45,568,2,14,3,20,10,12,424.7,545.7,2749.4,0.0,1,1,2,0
pi4,OpenSSL,DEPLOY_FALCON512,TLS-checked,38,8.1835,18.4944,6.0446,32.7226,1568,3875,45,568,2,13,3,19,10,10,394.6,512.8,2735.0,0.0,1,1,2,0
pi4,OpenSSL,DEPLOY_FALCON512,TLS-checked,39,6.7729,18.1878,8.1903,33.1511,1568,3873,45,568,2,13,3,19,10,11,394.3,513.3,2719.5,0.0,1,1,2,0
pi4,OpenSSL,DEPLOY_FALCON512,TLS-checked,40,10.2182,18.5671,6.3320,35.1173,1568,3874,45,568,2,13,3,19,10,11,398.6,546.9,2961.8,0.0,1,1,2,0
pi4,OpenSSL,DEPLOY_FALCON512,TLS-checked,41,8.9851,15.5283,5.6086,30.1220,1568,3877,45,568,2,13,3,19,10,11,433.0,514.1,2753.3,0.0,1,1,2,0
pi4,OpenSSL,DEPLOY_FALCON512,TLS-checked,42,6.2506,21.1812,6.9329,34.3647,1568,3873,45,568,2,13,3,19,13,12,396.8,513.1,3004.3,0.0,1,1,2,0
pi4,OpenSSL,DEPLOY_FALCON512,TLS-checked,43,7.5855,18.3235,6.5872,32.4962,1568,3877,45,568,2,14,3,20,10,11,399.8,548.3,2707.3,0.0,1,1,2,0
pi4,OpenSSL,DEPLOY_FALCON512,TLS-checked,44,9.5813,28.1439,6.4218,44.1470,1568,3873,45,568,2,13,3,19,10,11,397.4,515.9,2673.2,0.0,1,1,2,0
pi4,OpenSSL,DEPLOY_FALCON512,TLS-checked,45,7.7043,19.4920,8.0601,35.2564,1568,3873,45,568,2,13,3,19,10,12,397.6,510.3,2713.5,0.0,1,1,2,0
pi4,OpenSSL,DEPLOY_FALCON512,TLS-checked,46,5.0009,17.1445,9.5929,31.7383,1568,3874,45,568,2,13,3,19,10,11,407.3,545.5,2715.4,0.0,1,1,2,0
pi4,OpenSSL,DEPLOY_FALCON512,TLS-checked,47,6.1704,16.8319,4.8263,27.8286,1568,3876,45,568,2,14,3,20,10,11,388.3,512.0,2725.3,0.0,1,1,2,0
pi4,OpenSSL,DEPLOY_FALCON512,TLS-checked,48,7.1123,17.6155,6.7591,31.4870,1568,3871,45,568,2,13,3,19,10,12,396.2,510.9,2803.5,0.0,1,1,2,0
pi4,OpenSSL,DEPLOY_FALCON512,TLS-checked,49,5.9028,16.3205,6.0184,28.2417,1568,3873,45,568,2,14,3,20,10,11,396.2,545.0,2696.3,0.0,1,1,2,0
pi4,OpenSSL,DEPLOY_FALCON512,mTLS,0,6.5668,21.7755,7.7595,36.1019,4129,4094,45,4248,2,15,3,22,13,15,396.1,511.5,1559.4,704.6,1,1,2,1
pi4,OpenSSL,DEPLOY_FALCON512,mTLS,1,6.8697,17.1720,7.7364,31.7781,4130,4096,45,4248,2,15,3,22,12,13,398.2,507.9,1555.0,709.6,1,1,2,1
pi4,OpenSSL,DEPLOY_FALCON512,mTLS,2,8.9836,16.4702,6.8007,32.2545,4136,4095,45,4248,2,15,3,22,13,13,398.3,530.9,1581.3,728.4,1,1,2,1
pi4,OpenSSL,DEPLOY_FALCON512,mTLS,3,6.5353,17.5437,6.4816,30.5606,4136,4096,45,4248,2,15,3,23,12,13,397.7,510.5,1601.3,700.5,1,1,2,1
pi4,OpenSSL,DEPLOY_FALCON512,mTLS,4,6.0946,16.9482,7.7489,30.7917,4134,4093,45,4248,2,15,3,22,12,14,398.0,508.2,1607.3,707.7,1,1,2,1
pi4,OpenSSL,DEPLOY_FALCON512,mTLS,5,6.0570,18.5474,7.7840,32.3884,4127,4091,45,4248,2,15,3,22,12,12,398.1,526.2,1645.5,711.4,1,1,2,1
pi4,OpenSSL,DEPLOY_FALCON512,mTLS,6,4.9048,14.9575,10.9089,30.7713,4132,4093,45,4248,2,15,3,21,12,12,400.2,510.8,1598.0,707.9,1,1,2,1
pi4,OpenSSL,DEPLOY_FALCON512,mTLS,7,6.9738,18.0998,7.0588,32.1323,4130,4095,45,4248,2,15,3,22,12,15,415.1,506.3,1608.8,701.0,1,1,2,1
pi4,OpenSSL,DEPLOY_FALCON512,mTLS,8,6.7739,18.0984,8.4070,33.2793,4131,4090,45,4248,2,15,3,23,12,14,404.5,511.0,1608.4,719.6,1,1,2,1
pi4,OpenSSL,DEPLOY_FALCON512,mTLS,9,10.3224,16.5421,10.2105,37.0751,4132,4092,45,4248,2,15,3,22,12,14,403.3,512.5,1607.0,702.5,1,1,2,1
pi4,OpenSSL,DEPLOY_FALCON512,mTLS,10,6.5241,16.6310,7.1106,30.2657,4130,4093,45,4248,2,15,3,21,12,12,399.6,510.5,1550.8,690.4,1,1,2,1
pi4,OpenSSL,DEPLOY_FALCON512,mTLS,11,7.4616,17.5888,8.1573,33.2078,4130,4093,45,4248,2,15,3,23,12,12,397.3,510.2,1551.2,727.5,1,1,2,1
pi4,OpenSSL,DEPLOY_FALCON512,mTLS,12,7.9089,17.9759,9.8856,35.7703,4134,4093,45,4248,2,14,3,21,12,13,424.6,539.8,1611.3,706.7,1,1,2,1
pi4,OpenSSL,DEPLOY_FALCON512,mTLS,13,5.1563,17.0769,7.6729,29.9061,4135,4095,45,4248,2,15,3,23,12,14,398.5,508.8,1599.5,697.3,1,1,2,1
pi4,OpenSSL,DEPLOY_FALCON512,mTLS,14,5.8798,17.5132,6.9572,30.3503,4132,4090,45,4248,2,16,3,23,12,13,444.3,531.8,1621.0,702.5,1,1,2,1
pi4,OpenSSL,DEPLOY_FALCON512,mTLS,15,10.3576,14.5606,6.6509,31.5691,4132,4097,45,4248,2,14,3,22,13,14,401.8,510.2,1610.2,704.0,1,1,2,1
pi4,OpenSSL,DEPLOY_FALCON512,mTLS,16,9.0224,19.6998,7.0304,35.7527,4128,4094,45,4248,2,15,3,23,12,14,400.7,512.2,1579.4,737.6,1,1,2,1
pi4,OpenSSL,DEPLOY_FALCON512,mTLS,17,7.7109,17.4759,7.5087,32.6955,4135,4094,45,4248,2,15,3,22,12,14,412.8,519.4,1577.2,694.6,1,1,2,1
pi4,OpenSSL,DEPLOY_FALCON512,mTLS,18,8.6664,17.2053,6.4758,32.3475,4135,4095,45,4248,2,15,3,22,13,13,405.7,514.3,1556.7,706.5,1,1,2,1
pi4,OpenSSL,DEPLOY_FALCON512,mTLS,19,10.1251,16.6870,6.5825,33.3947,4130,4095,45,4248,2,16,3,23,12,12,418.2,507.9,1561.8,717.0,1,1,2,1
pi4,OpenSSL,DEPLOY_FALCON512,mTLS,20,5.9359,16.7666,11.1589,33.8614,4133,4096,45,4248,2,15,3,22,12,13,399.0,536.7,1598.5,709.7,1,1,2,1
pi4,OpenSSL,DEPLOY_FALCON512,mTLS,21,5.9115,20.4796,8.6398,35.0308,4135,4095,45,4248,2,15,3,22,13,14,401.5,509.4,1561.0,702.2,1,1,2,1
pi4,OpenSSL,DEPLOY_FALCON512,mTLS,22,9.7931,18.4008,6.7136,34.9075,4133,4094,45,4248,2,15,3,22,12,12,399.3,510.5,1553.3,728.9,1,1,2,1
pi4,OpenSSL,DEPLOY_FALCON512,mTLS,23,6.2535,20.5512,11.3621,38.1668,4137,4094,45,4248,2,15,3,23,12,15,399.5,509.4,1608.3,727.5,1,1,2,1
pi4,OpenSSL,DEPLOY_FALCON512,mTLS,24,7.4502,16.1070,13.5819,37.1391,4131,4092,45,4248,2,14,3,21,12,14,401.5,513.6,1606.1,703.5,1,1,2,1
pi4,OpenSSL,DEPLOY_FALCON512,mTLS,25,7.6110,17.7421,9.3576,34.7107,4132,4096,45,4248,2,15,3,23,12,12,398.6,510.4,1560.0,727.8,1,1,2,1
pi4,OpenSSL,DEPLOY_FALCON512,mTLS,26,5.0410,24.8800,11.4760,41.3970,4130,4093,45,4248,2,15,3,22,13,15,400.5,544.7,1576.2,716.7,1,1,2,1
pi4,OpenSSL,DEPLOY_FALCON512,mTLS,27,5.8817,19.7470,10.2402,35.8689,4132,4094,45,4248,2,15,3,23,12,15,401.0,535.8,1595.2,700.8,1,1,2,1
pi4,OpenSSL,DEPLOY_FALCON512,mTLS,28,5.5924,15.7256,9.5008,30.8189,4132,4097,45,4248,2,14,3,21,13,15,398.3,508.7,1610.3,716.7,1,1,2,1
pi4,OpenSSL,DEPLOY_FALCON512,mTLS,29,7.7255,30.5493,9.0984,47.3732,4130,4092,45,4248,2,14,3,21,12,14,832.4,1138.0,3176.7,1533.3,1,1,2,1
pi4,OpenSSL,DEPLOY_FALCON512,mTLS,30,5.6194,28.6877,9.3526,43.6597,4132,4092,45,4248,2,15,3,23,12,13,823.1,1107.8,3209.9,1568.9,1,1,2,1
pi4,OpenSSL,DEPLOY_FALCON512,mTLS,31,6.8085,23.5880,7.7534,38.1499,4132,4101,45,4248,2,14,3,21,13,15,674.8,921.3,2664.4,1264.9,1,1,2,1
pi4,OpenSSL,DEPLOY_FALCON512,mTLS,32,8.4405,25.5752,9.3214,43.3371,4131,4096,45,4248,2,15,3,22,12,13,668.8,914.9,2580.6,1175.0,1,1,2,1
pi4,OpenSSL,DEPLOY_FALCON512,mTLS,33,6.3134,25.3446,8.5598,40.2177,4132,4094,45,4248,2,15,3,22,12,13,670.5,895.0,2572.7,1421.7,1,1,2,1
pi4,OpenSSL,DEPLOY_FALCON512,mTLS,34,9.7808,27.7376,8.7366,46.2550,4132,4095,45,4248,2,15,3,22,12,14,680.6,899.2,2579.0,1202.3,1,1,2,1
pi4,OpenSSL,DEPLOY_FALCON512,mTLS,35,11.3123,23.1729,10.1368,44.6220,4131,4093,45,4248,2,15,3,22,12,15,669.3,899.8,2649.5,1202.7,1,1,2,1
pi4,OpenSSL,DEPLOY_FALCON512,mTLS,36,8.1633,27.4651,8.8542,44.4826,4132,4093,45,4248,2,15,3,23,12,15,673.1,892.5,2618.0,1233.5,1,1,2,1
pi4,OpenSSL,DEPLOY_FALCON512,mTLS,37,7.0775,27.5502,7.8627,42.4904,4132,4095,45,4248,2,15,3,22,12,12,671.8,891.3,2579.2,1189.0,1,1,2,1
pi4,OpenSSL,DEPLOY_FALCON512,mTLS,38,5.9571,26.0565,8.7007,40.7143,4132,4094,45,4248,2,15,3,23,12,11,671.0,938.6,2631.3,1282.8,1,1,2,1
pi4,OpenSSL,DEPLOY_FALCON512,mTLS,39,3.9225,24.7483,10.6158,39.2866,4132,4096,45,4248,2,15,3,22,12,13,677.2,904.4,2645.2,1225.8,1,1,2,1
pi4,OpenSSL,DEPLOY_FALCON512,mTLS,40,6.1094,27.4245,10.1429,43.6768,4134,4092,45,4248,2,15,3,22,12,15,670.8,914.1,2666.8,1238.1,1,1,2,1
pi4,OpenSSL,DEPLOY_FALCON512,mTLS,41,9.1804,23.8439,10.2132,43.2376,4131,4095,45,4248,2,15,3,22,12,15,670.6,890.6,2623.0,1243.8,1,1,2,1
pi4,OpenSSL,DEPLOY_FALCON512,mTLS,42,7.2541,28.0753,6.9057,42.2351,4128,4093,45,4248,2,15,3,22,12,15,695.4,893.5,2596.6,1214.5,1,1,2,1
pi4,OpenSSL,DEPLOY_FALCON512,mTLS,43,6.1845,23.6890,8.5111,38.3847,4132,4096,45,4248,2,15,3,22,12,15,677.7,892.1,2618.2,1214.7,1,1,2,1
pi4,OpenSSL,DEPLOY_FALCON512,mTLS,44,6.7801,25.3978,12.2235,44.4015,4133,4092,45,4248,2,15,3,22,12,14,675.0,892.0,2631.1,1226.8,1,1,2,1
pi4,OpenSSL,DEPLOY_FALCON512,mTLS,45,5.8150,22.2001,10.8951,38.9102,4133,4093,45,4248,2,15,3,22,12,14,691.6,911.3,3005.2,1203.7,1,1,2,1
pi4,OpenSSL,DEPLOY_FALCON512,mTLS,46,10.3378,26.1087,10.8490,47.2956,4128,4096,45,4248,2,15,3,22,12,14,696.7,888.2,2642.5,1253.3,1,1,2,1
pi4,OpenSSL,DEPLOY_FALCON512,mTLS,47,7.3627,22.8457,7.7733,37.9817,4131,4097,45,4248,2,14,3,21,13,14,673.2,888.9,2599.4,1167.1,1,1,2,1
pi4,OpenSSL,DEPLOY_FALCON512,mTLS,48,6.7827,29.4498,11.3786,47.6112,4133,4096,45,4248,2,15,3,23,12,14,615.4,846.8,2391.4,1083.9,1,1,2,1
pi4,OpenSSL,DEPLOY_FALCON512,mTLS,49,6.1724,19.9367,7.5923,33.7014,4132,4097,45,4248,2,14,3,21,13,16,616.8,817.9,2451.7,1144.6,1,1,2,1
pi4,OpenSSL,DEPLOY_FALCON512,mTLS-checked,0,9.7597,23.2200,10.9924,43.9720,4131,4094,45,4248,2,15,3,23,12,13,399.7,508.9,2724.9,712.2,1,1,2,1
pi4,OpenSSL,DEPLOY_FALCON512,mTLS-checked,1,8.1933,24.6933,7.8418,40.7284,4134,4096,45,4248,2,15,3,22,12,15,399.0,535.3,2725.0,728.5,1,1,2,1
pi4,OpenSSL,DEPLOY_FALCON512,mTLS-checked,2,7.7050,22.8839,9.0795,39.6685,4132,4090,45,4248,2,15,3,22,12,14,403.9,512.6,2740.9,698.5,1,1,2,1
pi4,OpenSSL,DEPLOY_FALCON512,mTLS-checked,3,6.5578,20.5548,10.8023,37.9148,4133,4097,45,4248,2,14,3,21,13,15,400.6,512.8,2722.7,705.0,1,1,2,1
pi4,OpenSSL,DEPLOY_FALCON512,mTLS-checked,4,6.1855,22.0456,7.4650,35.6962,4130,4093,45,4248,2,15,3,23,12,13,443.4,547.8,3281.4,715.3,1,1,2,1
pi4,OpenSSL,DEPLOY_FALCON512,mTLS-checked,5,12.9562,19.9422,6.9080,39.8064,4131,4093,45,4248,2,15,3,23,12,12,404.7,510.6,2747.8,696.0,1,1,2,1
pi4,OpenSSL,DEPLOY_FALCON512,mTLS-checked,6,5.0911,17.0375,7.9301,30.0586,4132,4095,45,4248,2,15,3,22,12,14,401.9,511.9,2730.3,710.5,1,1,2,1
pi4,OpenSSL,DEPLOY_FALCON512,mTLS-checked,7,4.4456,17.9528,6.9163,29.3148,4130,4095,45,4248,2,15,3,22,12,13,402.0,562.0,2755.6,716.0,1,1,2,1
pi4,OpenSSL,DEPLOY_FALCON512,mTLS-checked,8,4.3279,23.0017,8.6613,35.9909,4131,4094,45,4248,2,15,3,22,12,15,397.6,512.1,2696.6,751.8,1,1,2,1
pi4,OpenSSL,DEPLOY_FALCON512,mTLS-checked,9,6.1168,18.1963,6.8897,31.2028,4133,4094,45,4248,2,15,3,22,12,12,418.5,511.6,2747.9,705.3,1,1,2,1
pi4,OpenSSL,DEPLOY_FALCON512,mTLS-checked,10,5.5444,21.3396,7.5398,34.4238,4133,4096,45,4248,2,15,3,23,12,14,404.7,511.0,2706.5,705.9,1,1,2,1
pi4,OpenSSL,DEPLOY_FALCON512,mTLS-checked,11,5.8644,21.4528,7.8295,35.1467,4131,4091,45,4248,2,15,3,22,12,14,399.7,511.4,2721.4,713.1,1,1,2,1
pi4,OpenSSL,DEPLOY_FALCON512,mTLS-checked,12,5.0859,15.9207,11.0774,32.0840,4128,4097,45,4248,2,14,3,21,13,15,401.5,511.7,2683.1,710.3,1,1,2,1
pi4,OpenSSL,DEPLOY_FALCON512,mTLS-checked,13,9.4796,18.1057,7.7456,35.3309,4131,4093,45,4248,2,15,3,22,12,13,414.3,538.7,2725.4,704.8,1,1,2,1
pi4,OpenSSL,DEPLOY_FALCON512,mTLS-checked,14,7.3514,24.0970,8.5995,40.0480,4130,4093,45,4248,2,15,3,22,12,13,399.0,510.1,2740.6,695.2,1,1,2,1
pi4,OpenSSL,DEPLOY_FALCON512,mTLS-checked,15,6.4379,19.0081,8.0000,33.4459,4131,4094,45,4248,2,15,3,22,12,14,401.3,509.7,2697.7,727.4,1,1,2,1
pi4,OpenSSL,DEPLOY_FALCON512,mTLS-checked,16,7.4229,19.3083,7.5310,34.2622,4128,4093,45,4248,2,15,3,22,12,15,401.9,512.8,2954.8,707.4,1,1,2,1
pi4,OpenSSL,DEPLOY_FALCON512,mTLS-checked,17,7.2609,19.9261,8.4755,35.6625,4132,4094,45,4248,2,15,3,22,12,12,400.2,536.7,2732.4,710.6,1,1,2,1
pi4,OpenSSL,DEPLOY_FALCON512,mTLS-checked,18,6.0760,23.8993,9.5654,39.5408,4134,4091,45,4248,2,15,3,23,12,15,397.5,538.1,2728.4,722.2,1,1,2,1
pi4,OpenSSL,DEPLOY_FALCON512,mTLS-checked,19,4.8441,21.7822,9.4047,36.0311,4128,4096,45,4248,2,15,3,22,12,13,400.7,513.3,2725.8,702.3,1,1,2,1
pi4,OpenSSL,DEPLOY_FALCON512,mTLS-checked,20,4.9517,20.7495,9.9212,35.6224,4135,4090,45,4248,2,15,3,22,13,13,425.1,514.9,2678.8,729.2,1,1,2,1
pi4,OpenSSL,DEPLOY_FALCON512,mTLS-checked,21,8.5456,21.7738,7.3653,37.6847,4129,4090,45,4248,2,16,3,24,12,14,407.4,514.4,2725.2,734.1,1,1,2,1
pi4,OpenSSL,DEPLOY_FALCON512,mTLS-checked,22,4.7042,18.0918,8.6600,31.4561,4132,4092,45,4248,2,15,3,22,12,13,405.7,513.4,2709.3,714.1,1,1,2,1
pi4,OpenSSL,DEPLOY_FALCON512,mTLS-checked,23,5.6187,21.1228,6.5317,33.2731,4133,4099,45,4248,2,15,3,23,13,13,401.3,511.2,2709.2,696.9,1,1,2,1
pi4,OpenSSL,DEPLOY_FALCON512,mTLS-checked,24,7.5586,19.5130,6.2428,33.3144,4132,4096,45,4248,2,15,3,22,12,13,404.4,513.6,2942.8,744.4,1,1,2,1
pi4,OpenSSL,DEPLOY_FALCON512,mTLS-checked,25,5.9707,17.9160,9.8454,33.7322,4135,4095,45,4248,2,15,3,22,12,15,400.8,507.8,2731.3,705.4,1,1,2,1
pi4,OpenSSL,DEPLOY_FALCON512,mTLS-checked,26,6.5517,21.5225,9.8306,37.9049,4131,4095,45,4248,2,15,3,22,12,14,424.6,511.0,2725.9,701.7,1,1,2,1
pi4,OpenSSL,DEPLOY_FALCON512,mTLS-checked,27,7.7543,20.9597,7.0674,35.7815,4134,4092,45,4248,2,15,3,22,12,12,401.9,511.3,2698.8,701.3,1,1,2,1
pi4,OpenSSL,DEPLOY_FALCON512,mTLS-checked,28,5.4615,19.0243,8.3610,32.8468,4134,4094,45,4248,2,15,3,22,12,15,400.8,511.9,2727.1,698.8,1,1,2,1
pi4,OpenSSL,DEPLOY_FALCON512,mTLS-checked,29,7.4448,17.8349,9.9642,35.2439,4131,4095,45,4248,2,16,3,23,12,15,416.3,510.7,2742.4,697.6,1,1,2,1
pi4,OpenSSL,DEPLOY_FALCON512,mTLS-checked,30,8.8746,17.1810,9.1972,35.2527,4133,4094,45,4248,2,14,3,21,12,14,402.3,540.1,2769.9,717.7,1,1,2,1
pi4,OpenSSL,DEPLOY_FALCON512,mTLS-checked,31,8.8701,19.6683,11.5748,40.1132,4131,4097,45,4248,2,14,3,21,13,15,401.0,512.3,2689.7,711.9,1,1,2,1
pi4,OpenSSL,DEPLOY_FALCON512,mTLS-checked,32,6.4646,20.9825,11.7339,39.1810,4131,4094,45,4248,2,15,3,22,12,13,396.6,509.4,2976.2,716.0,1,1,2,1
pi4,OpenSSL,DEPLOY_FALCON512,mTLS-checked,33,4.4174,20.5495,7.7934,32.7604,4129,4095,45,4248,2,15,3,22,12,15,400.3,534.4,2707.5,707.3,1,1,2,1
pi4,OpenSSL,DEPLOY_FALCON512,mTLS-checked,34,9.9616,20.7757,11.4090,42.1463,4135,4094,45,4248,2,15,3,23,12,14,401.1,540.5,2734.0,711.3,1,1,2,1
pi4,OpenSSL,DEPLOY_FALCON512,mTLS-checked,35,6.2497,18.6878,9.4319,34.3694,4130,4096,45,4248,2,15,3,22,12,15,407.5,534.5,2713.8,703.5,1,1,2,1
pi4,OpenSSL,DEPLOY_FALCON512,mTLS-checked,36,5.2083,19.4743,11.4674,36.1501,4134,4093,45,4248,2,15,3,23,12,13,404.1,520.4,2732.7,692.3,1,1,2,1
pi4,OpenSSL,DEPLOY_FALCON512,mTLS-checked,37,5.8964,22.4023,8.0966,36.3953,4132,4094,45,4248,2,15,3,22,12,13,398.9,511.3,2739.5,704.8,1,1,2,1
pi4,OpenSSL,DEPLOY_FALCON512,mTLS-checked,38,5.5463,20.1874,8.2396,33.9734,4134,4095,45,4248,2,14,3,22,12,14,402.3,514.3,2713.0,694.6,1,1,2,1
pi4,OpenSSL,DEPLOY_FALCON512,mTLS-checked,39,5.0418,19.8893,8.4923,33.4233,4133,4094,45,4248,2,15,3,22,12,13,404.4,513.6,2692.1,741.7,1,1,2,1
pi4,OpenSSL,DEPLOY_FALCON512,mTLS-checked,40,6.5185,21.3198,10.1914,38.0297,4130,4092,45,4248,2,15,3,22,12,14,399.3,513.1,2717.4,697.0,1,1,2,1
pi4,OpenSSL,DEPLOY_FALCON512,mTLS-checked,41,10.0615,20.3191,7.6825,38.0631,4133,4090,45,4248,2,15,3,23,12,13,401.0,538.3,2722.8,702.1,1,1,2,1
pi4,OpenSSL,DEPLOY_FALCON512,mTLS-checked,42,6.6831,20.5986,8.4387,35.7203,4132,4090,45,4248,2,15,3,23,12,13,399.1,511.9,2752.1,713.1,1,1,2,1
pi4,OpenSSL,DEPLOY_FALCON512,mTLS-checked,43,7.7293,17.7532,10.2118,35.6944,4131,4091,45,4248,2,16,3,24,12,12,401.8,543.1,2770.1,707.4,1,1,2,1
pi4,OpenSSL,DEPLOY_FALCON512,mTLS-checked,44,6.1029,18.4189,8.7023,33.2241,4131,4099,45,4248,2,14,3,22,13,15,419.3,514.3,2793.7,726.8,1,1,2,1
pi4,OpenSSL,DEPLOY_FALCON512,mTLS-checked,45,6.3539,16.7248,9.0911,32.1698,4131,4093,45,4248,2,15,3,22,12,12,403.0,513.0,2732.0,692.0,1,1,2,1
pi4,OpenSSL,DEPLOY_FALCON512,mTLS-checked,46,8.1321,20.8251,10.2673,39.2245,4135,4091,45,4248,2,15,3,23,12,14,428.0,539.3,2683.8,734.4,1,1,2,1
pi4,OpenSSL,DEPLOY_FALCON512,mTLS-checked,47,4.7176,19.2295,7.5045,31.4516,4129,4092,45,4248,2,15,3,22,12,13,425.2,512.5,2727.8,703.4,1,1,2,1
pi4,OpenSSL,DEPLOY_FALCON512,mTLS-checked,48,6.5578,25.1658,9.3574,41.0810,4133,4091,45,4248,2,15,3,22,12,12,397.6,510.1,2753.6,695.0,1,1,2,1
pi4,OpenSSL,DEPLOY_FALCON512,mTLS-checked,49,6.7433,19.8332,14.3440,40.9205,4131,4098,45,4248,2,14,3,22,13,12,407.5,517.0,2743.7,704.2,1,1,2,1
pi4,wolfSSL,DEPLOY_FALCON512,TLS,0,6.5668,13.1779,6.3925,26.1372,1496,3839,45,568,2,14,3,20,9,9,165.0,296.3,209.1,0.0,2,2,2,0
pi4,wolfSSL,DEPLOY_FALCON512,TLS,1,5.5564,9.8691,10.6396,26.0651,1496,3843,45,568,2,12,3,18,9,11,144.1,305.1,206.8,0.0,2,2,2,0
pi4,wolfSSL,DEPLOY_FALCON512,TLS,2,4.6439,10.5033,5.4848,20.6320,1496,3846,45,568,2,14,3,20,9,9,159.4,301.1,210.5,0.0,2,2,2,0
pi4,wolfSSL,DEPLOY_FALCON512,TLS,3,6.1611,11.7290,8.8241,26.7142,1496,3840,45,568,2,14,3,20,9,11,137.5,284.2,208.6,0.0,2,2,2,0
pi4,wolfSSL,DEPLOY_FALCON512,TLS,4,6.6901,12.7164,5.9741,25.3806,1496,3844,45,568,2,14,3,20,9,11,151.4,295.1,210.0,0.0,2,2,2,0
pi4,wolfSSL,DEPLOY_FALCON512,TLS,5,6.0814,11.6690,8.0558,25.8062,1496,3843,45,568,2,14,3,20,9,10,140.8,312.1,211.3,0.0,2,2,2,0
pi4,wolfSSL,DEPLOY_FALCON512,TLS,6,5.3233,10.0733,6.7351,22.1318,1496,3845,45,568,2,13,3,19,9,11,147.4,282.8,209.8,0.0,2,2,2,0
pi4,wolfSSL,DEPLOY_FALCON512,TLS,7,6.5390,11.2398,8.7643,26.5431,1496,3840,45,568,2,13,3,19,9,11,143.1,279.2,207.7,0.0,2,2,2,0
pi4,wolfSSL,DEPLOY_FALCON512,TLS,8,6.7737,10.1879,6.4153,23.3769,1496,3841,45,568,2,14,3,20,9,11,151.5,286.0,211.1,0.0,2,2,2,0
pi4,wolfSSL,DEPLOY_FALCON512,TLS,9,5.6872,10.8272,7.4117,23.9261,1496,3845,45,568,2,14,3,20,9,10,140.2,275.4,209.1,0.0,2,2,2,0
pi4,wolfSSL,DEPLOY_FALCON512,TLS,10,6.5159,13.5780,5.2808,25.3747,1496,3841,45,568,2,13,3,19,9,11,151.1,285.7,209.4,0.0,2,2,2,0
pi4,wolfSSL,DEPLOY_FALCON512,TLS,11,5.7370,12.8089,5.7017,24.2476,1496,3843,45,568,2,13,3,19,9,11,136.8,278.0,209.0,0.0,2,2,2,0
pi4,wolfSSL,DEPLOY_FALCON512,TLS,12,9.1935,12.6348,6.0855,27.9138,1496,3845,45,568,2,13,3,19,9,10,158.8,289.9,209.1,0.0,2,2,2,0
pi4,wolfSSL,DEPLOY_FALCON512,TLS,13,6.4231,16.8786,5.4963,28.7980,1496,3844,45,568,2,13,3,19,9,10,138.9,302.9,208.5,0.0,2,2,2,0
pi4,wolfSSL,DEPLOY_FALCON512,TLS,14,5.7113,11.2764,6.2103,23.1979,1496,3843,45,568,2,13,3,19,9,10,143.8,281.3,209.0,0.0,2,2,2,0
pi4,wolfSSL,DEPLOY_FALCON512,TLS,15,5.3650,12.3902,8.4977,26.2529,1496,3846,45,568,2,14,3,20,9,10,135.2,275.3,208.5,0.0,2,2,2,0
pi4,wolfSSL,DEPLOY_FALCON512,TLS,16,7.1635,14.6228,6.2022,27.9885,1496,3845,45,568,2,14,3,20,9,9,150.7,284.8,208.6,0.0,2,2,2,0
pi4,wolfSSL,DEPLOY_FALCON512,TLS,17,6.2434,11.2005,9.1137,26.5577,1496,3843,45,568,2,13,3,19,9,11,136.7,279.7,208.1,0.0,2,2,2,0
pi4,wolfSSL,DEPLOY_FALCON512,TLS,18,7.0116,10.1944,5.4193,22.6253,1496,3843,45,568,2,13,3,19,9,11,151.1,286.2,207.3,0.0,2,2,2,0
pi4,wolfSSL,DEPLOY_FALCON512,TLS,19,5.6121,11.3005,4.4061,21.3188,1496,3845,45,568,2,13,3,19,9,10,137.8,275.7,206.7,0.0,2,2,2,0
pi4,wolfSSL,DEPLOY_FALCON512,TLS,20,8.9022,13.5722,5.7309,28.2053,1496,3843,45,568,2,14,3,20,9,10,152.7,284.2,209.5,0.0,2,2,2,0
pi4,wolfSSL,DEPLOY_FALCON512,TLS,21,4.4111,14.1075,6.8654,25.3840,1496,3847,45,568,2,13,3,19,9,11,136.7,303.1,212.3,0.0,2,2,2,0
pi4,wolfSSL,DEPLOY_FALCON512,TLS,22,5.1542,11.8890,6.3178,23.3610,1496,3844,45,568,2,13,3,19,9,10,160.2,281.1,207.1,0.0,2,2,2,0
pi4,wolfSSL,DEPLOY_FALCON512,TLS,23,5.4927,12.4891,5.9838,23.9656,1496,3845,45,568,2,13,3,19,9,10,137.0,277.3,216.9,0.0,2,2,2,0
pi4,wolfSSL,DEPLOY_FALCON512,TLS,24,7.1968,10.0438,7.5237,24.7642,1496,3843,45,568,2,14,3,20,9,11,150.7,282.8,209.7,0.0,2,2,2,0
pi4,wolfSSL,DEPLOY_FALCON512,TLS,25,5.3008,12.6313,6.1845,24.1167,1496,3840,45,568,2,14,3,20,9,10,138.9,276.3,206.5,0.0,2,2,2,0
pi4,wolfSSL,DEPLOY_FALCON512,TLS,26,8.7974,13.7403,6.0432,28.5810,1496,3844,45,568,2,14,3,20,9,11,151.5,283.8,208.7,0.0,2,2,2,0
pi4,wolfSSL,DEPLOY_FALCON512,TLS,27,9.4079,12.1545,8.1823,29.7447,1496,3843,45,568,2,14,3,20,9,11,141.1,279.4,207.0,0.0,2,2,2,0
pi4,wolfSSL,DEPLOY_FALCON512,TLS,28,6.2751,17.3237,7.3050,30.9038,1496,3844,45,568,2,14,3,20,9,11,148.9,282.8,206.7,0.0,2,2,2,0
pi4,wolfSSL,DEPLOY_FALCON512,TLS,29,6.6101,13.5449,7.4816,27.6366,1496,3842,45,568,2,14,3,20,9,10,150.8,283.3,210.1,0.0,2,2,2,0
pi4,wolfSSL,DEPLOY_FALCON512,TLS,30,6.0135,12.4175,7.1990,25.6300,1496,3843,45,568,2,13,3,19,9,10,135.9,280.1,206.8,0.0,2,2,2,0
pi4,wolfSSL,DEPLOY_FALCON512,TLS,31,8.2886,9.6637,6.3815,24.3337,1496,3842,45,568,2,14,3,20,9,10,133.6,306.5,209.3,0.0,2,2,2,0
pi4,wolfSSL,DEPLOY_FALCON512,TLS,32,5.5873,12.8907,6.7275,25.2055,1496,3845,45,568,2,13,3,19,9,9,151.4,289.8,210.8,0.0,2,2,2,0
pi4,wolfSSL,DEPLOY_FALCON512,TLS,33,5.1057,15.2520,6.1607,26.5184,1496,3842,45,568,2,14,3,20,12,12,146.1,305.8,210.4,0.0,2,2,2,0
pi4,wolfSSL,DEPLOY_FALCON512,TLS,34,4.9395,8.7132,5.3829,19.0356,1496,3842,45,568,2,13,3,19,9,10,145.9,279.6,221.2,0.0,2,2,2,0
pi4,wolfSSL,DEPLOY_FALCON512,TLS,35,5.4221,11.0426,4.8542,21.3189,1496,3844,45,568,2,14,3,20,9,10,135.6,272.7,209.9,0.0,2,2,2,0
pi4,wolfSSL,DEPLOY_FALCON512,TLS,36,9.8364,11.9499,5.2663,27.0526,1496,3843,45,568,2,13,3,19,9,10,147.4,281.4,207.6,0.0,2,2,2,0
pi4,wolfSSL,DEPLOY_FALCON512,TLS,37,5.7963,9.4700,5.7973,21.0636,1496,3843,45,568,2,13,3,19,9,9,160.0,305.8,210.1,0.0,2,2,2,0
pi4,wolfSSL,DEPLOY_FALCON512,TLS,38,8.8308,11.7581,5.0840,25.6730,1496,3844,45,568,2,13,3,19,9,11,144.0,278.9,208.1,0.0,2,2,2,0
pi4,wolfSSL,DEPLOY_FALCON512,TLS,39,5.2470,12.6516,5.9512,23.8499,1496,3846,45,568,2,14,3,20,9,11,133.5,274.4,206.3,0.0,2,2,2,0
pi4,wolfSSL,DEPLOY_FALCON512,TLS,40,7.8205,12.3713,7.0608,27.2526,1496,3845,45,568,2,14,3,20,9,11,152.7,283.6,208.6,0.0,2,2,2,0
pi4,wolfSSL,DEPLOY_FALCON512,TLS,41,5.3286,10.9760,6.6674,22.9719,1496,3843,45,568,2,14,3,20,9,11,144.5,278.6,209.1,0.0,2,2,2,0
pi4,wolfSSL,DEPLOY_FALCON512,TLS,42,8.0790,11.9269,5.0998,25.1056,1496,3843,45,568,2,13,3,19,9,11,152.9,306.3,210.3,0.0,2,2,2,0
pi4,wolfSSL,DEPLOY_FALCON512,TLS,43,6.1761,11.6157,6.1826,23.9744,1496,3844,45,568,2,14,3,20,9,9,137.9,275.2,208.1,0.0,2,2,2,0
pi4,wolfSSL,DEPLOY_FALCON512,TLS,44,12.0218,10.3212,8.2767,30.6197,1496,3841,45,568,2,14,3,20,9,10,149.6,299.6,211.1,0.0,2,2,2,0
pi4,wolfSSL,DEPLOY_FALCON512,TLS,45,5.2109,10.7556,7.2724,23.2388,1496,3844,45,568,2,14,3,20,9,10,142.4,316.7,212.9,0.0,2,2,2,0
pi4,wolfSSL,DEPLOY_FALCON512,TLS,46,9.7767,11.6555,5.7175,27.1497,1496,3843,45,568,2,14,3,20,9,11,144.4,291.5,222.2,0.0,2,2,2,0
pi4,wolfSSL,DEPLOY_FALCON512,TLS,47,6.3783,11.9722,6.4624,24.8129,1496,3847,45,568,2,14,3,20,9,11,140.5,312.6,228.8,0.0,2,2,2,0
pi4,wolfSSL,DEPLOY_FALCON512,TLS,48,7.6281,13.0488,8.2572,28.9340,1496,3839,45,568,2,13,3,19,9,9,144.2,280.3,207.1,0.0,2,2,2,0
pi4,wolfSSL,DEPLOY_FALCON512,TLS,49,5.0524,12.7071,9.3552,27.1148,1496,3842,45,568,2,14,3,20,9,10,136.5,274.4,213.0,0.0,2,2,2,0
pi4,wolfSSL,DEPLOY_FALCON512,TLS-checked,0,8.1750,13.5726,8.6608,30.4084,1496,3844,45,568,2,14,3,20,9,11,149.0,281.9,207.8,0.0,2,2,2,0
pi4,wolfSSL,DEPLOY_FALCON512,TLS-checked,1,6.9171,13.6076,4.8034,25.3281,1496,3840,45,568,2,14,3,20,9,10,136.6,277.6,211.0,0.0,2,2,2,0
pi4,wolfSSL,DEPLOY_FALCON512,TLS-checked,2,11.1247,12.1179,6.6518,29.8944,1496,3848,45,568,2,13,3,19,9,10,150.0,283.5,208.1,0.0,2,2,2,0
pi4,wolfSSL,DEPLOY_FALCON512,TLS-checked,3,4.5747,12.5720,7.4147,24.5614,1496,3848,45,568,2,13,3,19,9,9,136.2,302.0,208.5,0.0,2,2,2,0
pi4,wolfSSL,DEPLOY_FALCON512,TLS-checked,4,10.1372,9.8357,7.0924,27.0653,1496,3839,45,568,2,14,3,20,9,10,142.5,276.2,205.8,0.0,2,2,2,0
pi4,wolfSSL,DEPLOY_FALCON512,TLS-checked,5,6.5455,14.3340,12.1318,33.0113,1496,3844,45,568,2,13,3,19,9,10,150.9,285.9,209.6,0.0,2,2,2,0
pi4,wolfSSL,DEPLOY_FALCON512,TLS-checked,6,7.0474,13.5420,6.1324,26.7218,1496,3843,45,568,2,13,3,19,10,11,136.6,275.4,204.9,0.0,2,2,2,0
pi4,wolfSSL,DEPLOY_FALCON512,TLS-checked,7,5.7328,13.5381,8.3541,27.6250,1496,3841,45,568,2,14,3,20,9,10,149.3,283.2,208.6,0.0,2,2,2,0
pi4,wolfSSL,DEPLOY_FALCON512,TLS-checked,8,5.1892,14.9908,6.7306,26.9105,1496,3847,45,568,2,13,3,19,9,10,133.1,277.5,206.1,0.0,2,2,2,0
pi4,wolfSSL,DEPLOY_FALCON512,TLS-checked,9,5.1888,14.5757,5.8360,25.6005,1496,3843,45,568,2,14,3,20,9,11,151.3,285.5,228.7,0.0,2,2,2,0
pi4,wolfSSL,DEPLOY_FALCON512,TLS-checked,10,5.8241,14.4564,5.5128,25.7933,1496,3844,45,568,2,13,3,19,9,11,140.1,297.7,208.7,0.0,2,2,2,0
pi4,wolfSSL,DEPLOY_FALCON512,TLS-checked,11,6.2826,15.3354,5.8785,27.4965,1496,3842,45,568,2,14,3,20,12,11,141.9,278.2,207.4,0.0,2,2,2,0
pi4,wolfSSL,DEPLOY_FALCON512,TLS-checked,12,6.2515,14.8623,4.8478,25.9616,1496,3840,45,568,2,13,3,19,9,11,139.0,300.4,207.6,0.0,2,2,2,0
pi4,wolfSSL,DEPLOY_FALCON512,TLS-checked,13,5.4086,14.1940,6.6618,26.2644,1496,3843,45,568,2,13,3,19,9,11,144.0,278.0,205.4,0.0,2,2,2,0
pi4,wolfSSL,DEPLOY_FALCON512,TLS-checked,14,6.0437,12.9995,6.4106,25.4538,1496,3844,45,568,2,13,3,19,9,10,135.4,307.9,210.7,0.0,2,2,2,0
pi4,wolfSSL,DEPLOY_FALCON512,TLS-checked,15,5.7615,13.1909,8.2356,27.1880,1496,3841,45,568,2,14,3,20,9,11,152.5,291.1,210.0,0.0,2,2,2,0
pi4,wolfSSL,DEPLOY_FALCON512,TLS-checked,16,6.3468,11.4677,5.7346,23.5490,1496,3844,45,568,2,13,3,19,9,11,141.3,276.4,212.8,0.0,2,2,2,0
pi4,wolfSSL,DEPLOY_FALCON512,TLS-checked,17,5.6206,12.3610,6.1910,24.1727,1496,3845,45,568,2,13,3,19,9,11,150.8,285.3,207.7,0.0,2,2,2,0
pi4,wolfSSL,DEPLOY_FALCON512,TLS-checked,18,7.5840,13.0003,5.0031,25.5873,1496,3839,45,568,2,13,3,19,9,10,138.6,305.8,206.9,0.0,2,2,2,0
pi4,wolfSSL,DEPLOY_FALCON512,TLS-checked,19,9.0177,13.6660,5.7678,28.4515,1496,3839,45,568,2,14,3,20,9,10,142.5,276.5,205.1,0.0,2,2,2,0
pi4,wolfSSL,DEPLOY_FALCON512,TLS-checked,20,7.3289,9.6650,5.9120,22.9059,1496,3841,45,568,2,13,3,19,9,11,150.7,283.3,207.2,0.0,2,2,2,0
pi4,wolfSSL,DEPLOY_FALCON512,TLS-checked,21,5.9981,12.1335,7.6971,25.8286,1496,3842,45,568,2,14,3,20,9,11,137.5,275.8,206.9,0.0,2,2,2,0
pi4,wolfSSL,DEPLOY_FALCON512,TLS-checked,22,6.2170,13.5039,6.0083,25.7292,1496,3845,45,568,2,14,3,20,9,11,158.9,292.1,209.5,0.0,2,2,2,0
pi4,wolfSSL,DEPLOY_FALCON512,TLS-checked,23,5.8660,16.1003,12.9274,34.8937,1496,3847,45,568,2,14,3,20,12,11,138.8,274.8,205.7,0.0,2,2,2,0
pi4,wolfSSL,DEPLOY_FALCON512,TLS-checked,24,8.0381,12.3849,6.3110,26.7339,1496,3843,45,568,2,13,3,19,9,9,153.7,287.3,207.3,0.0,2,2,2,0
pi4,wolfSSL,DEPLOY_FALCON512,TLS-checked,25,7.3740,11.6922,8.1217,27.1880,1496,3843,45,568,2,14,3,20,9,10,139.0,276.0,217.3,0.0,2,2,2,0
pi4,wolfSSL,DEPLOY_FALCON512,TLS-checked,26,5.8937,10.5739,6.4489,22.9166,1496,3845,45,568,2,12,3,18,9,11,148.6,311.2,210.3,0.0,2,2,2,0
pi4,wolfSSL,DEPLOY_FALCON512,TLS-checked,27,10.2505,9.6172,7.4557,27.3234,1496,3842,45,568,2,14,3,20,9,10,135.5,283.6,207.5,0.0,2,2,2,0
pi4,wolfSSL,DEPLOY_FALCON512,TLS-checked,28,6.8055,10.4637,9.0811,26.3503,1496,3843,45,568,2,14,3,20,9,11,150.8,294.8,210.5,0.0,2,2,2,0
pi4,wolfSSL,DEPLOY_FALCON512,TLS-checked,29,6.8074,12.8515,5.5452,25.2040,1496,3846,45,568,2,13,3,19,9,11,144.0,337.7,211.8,0.0,2,2,2,0
pi4,wolfSSL,DEPLOY_FALCON512,TLS-checked,30,5.1717,9.9999,4.9580,20.1296,1496,3843,45,568,2,14,3,20,9,10,145.1,298.2,223.0,0.0,2,2,2,0
pi4,wolfSSL,DEPLOY_FALCON512,TLS-checked,31,8.2689,13.0533,6.9558,28.2781,1496,3843,45,568,2,14,3,20,9,10,142.2,288.9,206.7,0.0,2,2,2,0
pi4,wolfSSL,DEPLOY_FALCON512,TLS-checked,32,5.4377,11.3777,5.9635,22.7789,1496,3843,45,568,2,14,3,20,9,10,152.6,292.6,211.8,0.0,2,2,2,0
pi4,wolfSSL,DEPLOY_FALCON512,TLS-checked,33,6.9122,11.6340,4.8112,23.3574,1496,3840,45,568,2,14,3,20,9,10,151.2,295.0,212.6,0.0,2,2,2,0
pi4,wolfSSL,DEPLOY_FALCON512,TLS-checked,34,5.0256,12.5005,7.6213,25.1474,1496,3845,45,568,2,13,3,19,9,10,150.2,283.8,209.7,0.0,2,2,2,0
pi4,wolfSSL,DEPLOY_FALCON512,TLS-checked,35,6.2130,10.8088,6.7086,23.7304,1496,3841,45,568,2,14,3,20,9,9,139.0,275.5,206.1,0.0,2,2,2,0
pi4,wolfSSL,DEPLOY_FALCON512,TLS-checked,36,9.3595,10.6018,6.3591,26.3203,1496,3842,45,568,2,13,3,19,9,12,152.6,283.6,208.5,0.0,2,2,2,0
pi4,wolfSSL,DEPLOY_FALCON512,TLS-checked,37,5.4540,14.5117,6.1790,26.1447,1496,3846,45,568,2,13,3,19,9,11,138.0,684.3,682.1,0.0,2,2,2,0
pi4,wolfSSL,DEPLOY_FALCON512,TLS-checked,38,4.2396,14.2366,6.5162,24.9924,1496,3841,45,568,2,13,3,19,9,11,329.1,715.5,523.9,0.0,2,2,2,0
pi4,wolfSSL,DEPLOY_FALCON512,TLS-checked,39,7.3032,15.9677,10.5602,33.8310,1496,3843,45,568,2,14,3,20,9,10,318.5,679.0,525.1,0.0,2,2,2,0
pi4,wolfSSL,DEPLOY_FALCON512,TLS-checked,40,4.4016,13.6729,8.5407,26.6152,1496,3843,45,568,2,14,3,20,9,11,332.5,687.3,523.9,0.0,2,2,2,0
pi4,wolfSSL,DEPLOY_FALCON512,TLS-checked,41,6.1956,10.8701,6.4845,23.5503,1496,3843,45,568,2,14,3,20,9,11,287.4,630.6,466.4,0.0,2,2,2,0
pi4,wolfSSL,DEPLOY_FALCON512,TLS-checked,42,4.7887,11.7313,7.0876,23.6076,1496,3842,45,568,2,14,3,20,9,11,304.1,616.8,467.2,0.0,2,2,2,0
pi4,wolfSSL,DEPLOY_FALCON512,TLS-checked,43,6.4436,14.6946,7.7515,28.8897,1496,3842,45,568,2,13,3,19,9,10,281.8,667.4,467.2,0.0,2,2,2,0
pi4,wolfSSL,DEPLOY_FALCON512,TLS-checked,44,4.9238,14.6709,10.0385,29.6332,1496,3844,45,568,2,14,3,20,9,10,292.0,600.5,462.3,0.0,2,2,2,0
pi4,wolfSSL,DEPLOY_FALCON512,TLS-checked,45,4.4052,12.4325,6.1572,22.9949,1496,3845,45,568,2,13,3,19,9,11,334.2,690.0,527.7,0.0,2,2,2,0
pi4,wolfSSL,DEPLOY_FALCON512,TLS-checked,46,6.2716,9.2508,5.8897,21.4120,1496,3842,45,568,2,12,3,18,9,11,318.4,681.1,566.5,0.0,2,2,2,0
pi4,wolfSSL,DEPLOY_FALCON512,TLS-checked,47,9.1726,13.2571,6.2007,28.6305,1496,3843,45,568,2,14,3,20,9,11,334.4,678.2,521.8,0.0,2,2,2,0
pi4,wolfSSL,DEPLOY_FALCON512,TLS-checked,48,6.7507,13.1498,9.1908,29.0913,1496,3840,45,568,2,14,3,20,9,10,333.4,687.2,526.4,0.0,2,2,2,0
pi4,wolfSSL,DEPLOY_FALCON512,TLS-checked,49,4.9845,12.8016,7.3670,25.1531,1496,3845,45,568,2,14,3,20,9,11,294.8,641.7,467.1,0.0,2,2,2,0
pi4,wolfSSL,DEPLOY_FALCON512,mTLS,0,10.0803,15.0043,12.6162,37.7008,4059,4064,45,4248,4,16,5,23,12,13,289.2,601.9,464.6,1660.2,2,2,2,1
pi4,wolfSSL,DEPLOY_FALCON512,mTLS,1,13.0435,18.5771,11.1708,42.7914,4059,4063,45,4248,4,15,5,22,12,13,299.3,605.2,464.1,1860.6,2,2,2,1
pi4,wolfSSL,DEPLOY_FALCON512,mTLS,2,6.7870,14.2455,8.9349,29.9673,4060,4057,45,4248,4,16,5,23,12,14,297.3,606.2,461.4,1690.7,2,2,2,1
pi4,wolfSSL,DEPLOY_FALCON512,mTLS,3,7.0707,16.0060,11.8484,34.9251,4060,4066,45,4248,4,14,5,21,11,13,289.8,605.5,463.0,1696.8,2,2,2,1
pi4,wolfSSL,DEPLOY_FALCON512,mTLS,4,5.5857,14.7131,9.9034,30.2022,4060,4062,45,4248,4,16,5,23,12,14,295.8,604.9,463.0,1697.1,2,2,2,1
pi4,wolfSSL,DEPLOY_FALCON512,mTLS,5,8.2409,15.4218,8.3385,32.0012,4060,4067,45,4248,4,15,5,22,12,14,340.4,607.6,464.8,1630.3,2,2,2,1
pi4,wolfSSL,DEPLOY_FALCON512,mTLS,6,5.8233,13.3889,9.5362,28.7484,4058,4064,45,4248,4,16,5,24,12,13,285.9,607.7,495.5,1607.7,2,2,2,1
pi4,wolfSSL,DEPLOY_FALCON512,mTLS,7,8.9825,16.9366,8.9062,34.8254,4060,4059,45,4248,4,16,5,23,12,14,297.1,606.3,486.8,1689.5,2,2,2,1
pi4,wolfSSL,DEPLOY_FALCON512,mTLS,8,9.6193,15.4067,7.4059,32.4320,4061,4062,45,4248,4,15,5,22,12,14,297.8,606.2,460.0,1679.6,2,2,2,1
pi4,wolfSSL,DEPLOY_FALCON512,mTLS,9,5.5096,15.8197,10.5322,31.8615,4060,4065,45,4248,4,16,5,23,12,13,288.1,603.6,462.3,1670.3,2,2,2,1
pi4,wolfSSL,DEPLOY_FALCON512,mTLS,10,5.4001,16.8523,7.3161,29.5685,4059,4065,45,4248,4,15,5,22,12,13,286.7,647.2,488.3,1672.3,2,2,2,1
pi4,wolfSSL,DEPLOY_FALCON512,mTLS,11,5.4989,14.2440,6.3337,26.0766,4058,4063,45,4248,4,15,5,22,12,13,299.0,608.9,465.9,1704.0,2,2,2,1
pi4,wolfSSL,DEPLOY_FALCON512,mTLS,12,5.3850,15.3636,8.8739,29.6225,4059,4062,45,4248,4,15,5,22,12,14,288.9,603.2,460.6,1669.4,2,2,2,1
pi4,wolfSSL,DEPLOY_FALCON512,mTLS,13,19.3142,15.6549,7.2649,42.2339,4060,4063,45,4248,4,16,5,24,12,13,305.3,624.6,464.7,1676.7,2,2,2,1
pi4,wolfSSL,DEPLOY_FALCON512,mTLS,14,6.6493,16.4551,8.8580,31.9624,4058,4063,45,4248,4,16,5,23,12,13,299.7,606.5,464.6,1677.5,2,2,2,1
pi4,wolfSSL,DEPLOY_FALCON512,mTLS,15,9.5915,16.3669,8.5393,34.4977,4066,4064,45,4248,4,15,5,22,12,13,295.1,610.9,460.6,1640.5,2,2,2,1
pi4,wolfSSL,DEPLOY_FALCON512,mTLS,16,7.9833,16.3693,7.6755,32.0281,4060,4062,45,4248,4,16,5,23,12,13,287.8,628.1,463.2,1653.7,2,2,2,1
pi4,wolfSSL,DEPLOY_FALCON512,mTLS,17,9.6005,14.1367,8.6973,32.4345,4062,4063,45,4248,4,16,5,23,12,13,299.0,636.5,486.0,1690.8,2,2,2,1
pi4,wolfSSL,DEPLOY_FALCON512,mTLS,18,6.9732,15.6252,8.0852,30.6836,4061,4063,45,4248,4,15,5,22,12,13,290.9,625.6,460.3,1672.5,2,2,2,1
pi4,wolfSSL,DEPLOY_FALCON512,mTLS,19,6.6696,19.9314,15.7729,42.3740,4057,4062,45,4248,4,15,5,22,12,14,290.0,627.7,465.8,1683.6,2,2,2,1
pi4,wolfSSL,DEPLOY_FALCON512,mTLS,20,10.0577,16.2805,8.9432,35.2815,4060,4057,45,4248,4,15,5,21,12,12,301.0,609.2,460.5,1644.7,2,2,2,1
pi4,wolfSSL,DEPLOY_FALCON512,mTLS,21,4.6982,17.1316,7.4675,29.2974,4057,4061,45,4248,4,16,5,23,12,13,290.0,605.0,481.3,1668.5,2,2,2,1
pi4,wolfSSL,DEPLOY_FALCON512,mTLS,22,8.1997,18.1311,8.0975,34.4283,4058,4062,45,4248,4,16,5,23,12,13,290.6,661.8,463.9,1704.4,2,2,2,1
pi4,wolfSSL,DEPLOY_FALCON512,mTLS,23,5.6155,15.6452,7.1845,28.4453,4061,4061,45,4248,4,15,5,22,12,13,298.9,633.8,462.9,1700.4,2,2,2,1
pi4,wolfSSL,DEPLOY_FALCON512,mTLS,24,6.3764,18.2294,9.5722,34.1780,4060,4062,45,4248,4,16,5,23,12,14,289.4,605.5,464.2,1702.2,2,2,2,1
pi4,wolfSSL,DEPLOY_FALCON512,mTLS,25,9.3241,17.3393,12.0868,38.7502,4062,4060,45,4248,4,16,5,23,12,14,288.0,624.5,466.6,1641.0,2,2,2,1
pi4,wolfSSL,DEPLOY_FALCON512,mTLS,26,8.0463,19.5238,19.0009,46.5711,4062,4066,45,4248,4,16,5,23,12,14,346.0,647.1,469.8,1694.1,2,2,2,1
pi4,wolfSSL,DEPLOY_FALCON512,mTLS,27,6.8952,13.2596,9.6785,29.8333,4060,4064,45,4248,4,14,5,21,12,13,295.8,619.4,465.3,1719.6,2,2,2,1
pi4,wolfSSL,DEPLOY_FALCON512,mTLS,28,6.5324,19.2146,13.6938,39.4408,4058,4063,45,4248,4,16,5,23,12,12,291.4,623.7,471.9,1738.2,2,2,2,1
pi4,wolfSSL,DEPLOY_FALCON512,mTLS,29,17.6011,14.3703,15.9910,47.9624,4061,4061,45,4248,4,14,5,21,11,12,297.1,606.5,465.1,1665.8,2,2,2,1
pi4,wolfSSL,DEPLOY_FALCON512,mTLS,30,5.7243,21.1751,12.5376,39.4370,4059,4065,45,4248,4,16,5,23,12,13,288.2,658.1,465.3,1661.4,2,2,2,1
pi4,wolfSSL,DEPLOY_FALCON512,mTLS,31,5.8964,11.8837,9.6882,27.4683,4060,4061,45,4248,4,14,5,21,12,13,298.8,607.0,465.4,1677.6,2,2,2,1
pi4,wolfSSL,DEPLOY_FALCON512,mTLS,32,5.0275,13.2663,8.5329,26.8267,4060,4060,45,4248,4,15,5,22,12,14,290.6,624.5,462.7,1659.8,2,2,2,1
pi4,wolfSSL,DEPLOY_FALCON512,mTLS,33,7.3424,18.3593,8.2876,33.9893,4061,4063,45,4248,4,15,5,21,12,14,295.4,607.9,478.3,1639.8,2,2,2,1
pi4,wolfSSL,DEPLOY_FALCON512,mTLS,34,5.1462,14.9730,7.1183,27.2375,4061,4062,45,4248,4,16,5,23,12,14,296.9,625.0,461.7,1674.6,2,2,2,1
pi4,wolfSSL,DEPLOY_FALCON512,mTLS,35,13.5807,20.6196,12.7933,46.9936,4062,4062,45,4248,4,16,5,23,12,13,294.4,604.7,461.6,1674.1,2,2,2,1
pi4,wolfSSL,DEPLOY_FALCON512,mTLS,36,5.1204,16.8388,6.2665,28.2258,4061,4065,45,4248,4,15,5,22,16,14,291.0,605.9,462.0,1660.2,2,2,2,1
pi4,wolfSSL,DEPLOY_FALCON512,mTLS,37,8.4101,13.6158,5.6204,27.6463,4062,4059,45,4248,4,15,5,22,13,14,300.5,608.8,465.4,1651.4,2,2,2,1
pi4,wolfSSL,DEPLOY_FALCON512,mTLS,38,9.1265,15.7924,6.5765,31.4953,4059,4062,45,4248,4,15,5,23,12,14,290.4,607.0,486.1,1644.0,2,2,2,1
pi4,wolfSSL,DEPLOY_FALCON512,mTLS,39,5.7709,13.9553,8.5215,28.2478,4061,4062,45,4248,4,16,5,23,12,13,293.6,604.1,466.7,1726.3,2,2,2,1
pi4,wolfSSL,DEPLOY_FALCON512,mTLS,40,5.9196,15.0789,7.2264,28.2249,4060,4059,45,4248,4,15,5,22,12,14,308.5,647.6,504.9,1686.2,2,2,2,1
pi4,wolfSSL,DEPLOY_FALCON512,mTLS,41,5.6304,15.2624,6.0695,26.9623,4061,4061,45,4248,4,15,5,22,12,14,296.1,606.0,460.8,1638.0,2,2,2,1
pi4,wolfSSL,DEPLOY_FALCON512,mTLS,42,5.4999,16.9312,6.1121,28.5431,4056,4062,45,4248,4,16,5,23,13,13,290.8,604.3,460.9,1641.6,2,2,2,1
pi4,wolfSSL,DEPLOY_FALCON512,mTLS,43,4.6186,13.9216,7.8733,26.4135,4059,4062,45,4248,4,15,5,23,12,14,289.1,604.1,460.9,1709.2,2,2,2,1
pi4,wolfSSL,DEPLOY_FALCON512,mTLS,44,5.5800,12.3654,7.4631,25.4085,4057,4068,45,4248,4,16,5,23,12,14,326.3,562.5,454.2,1530.7,2,2,2,1
pi4,wolfSSL,DEPLOY_FALCON512,mTLS,45,7.3294,16.3610,6.9344,30.6248,4060,4064,45,4248,4,15,5,22,12,14,261.6,538.3,413.3,1485.6,2,2,2,1
pi4,wolfSSL,DEPLOY_FALCON512,mTLS,46,4.5408,12.7797,7.6521,24.9726,4058,4060,45,4248,4,15,5,22,12,14,261.1,538.6,432.5,1431.7,2,2,2,1
pi4,wolfSSL,DEPLOY_FALCON512,mTLS,47,5.4571,13.7133,5.4373,24.6077,4060,4066,45,4248,4,16,5,23,13,13,259.3,537.9,408.9,1476.6,2,2,2,1
pi4,wolfSSL,DEPLOY_FALCON512,mTLS,48,7.0719,16.7474,6.9551,30.7745,4058,4062,45,4248,4,15,5,22,12,14,305.6,613.2,491.9,1670.3,2,2,2,1
pi4,wolfSSL,DEPLOY_FALCON512,mTLS,49,9.1543,13.7605,6.2398,29.1547,4062,4062,45,4248,4,15,5,23,12,14,291.4,603.2,462.7,1701.8,2,2,2,1
pi4,wolfSSL,DEPLOY_FALCON512,mTLS-checked,0,5.0805,15.2962,7.5335,27.9102,4058,4061,45,4248,4,16,5,23,12,13,285.4,601.2,462.5,1668.2,2,2,2,1
pi4,wolfSSL,DEPLOY_FALCON512,mTLS-checked,1,5.9159,14.1048,12.0609,32.0816,4058,4063,45,4248,4,15,5,23,12,13,287.0,600.9,461.7,1687.6,2,2,2,1
pi4,wolfSSL,DEPLOY_FALCON512,mTLS-checked,2,5.4986,15.9842,8.8709,30.3537,4060,4063,45,4248,4,14,5,21,12,14,299.5,593.5,412.0,1497.3,2,2,2,1
pi4,wolfSSL,DEPLOY_FALCON512,mTLS-checked,3,5.5413,18.3413,8.3528,32.2353,4057,4063,45,4248,4,15,5,22,12,13,266.9,540.6,411.6,1475.7,2,2,2,1
pi4,wolfSSL,DEPLOY_FALCON512,mTLS-checked,4,6.3412,11.2062,7.2625,24.8099,4063,4056,45,4248,4,15,5,22,12,13,258.4,537.8,409.6,1485.4,2,2,2,1
pi4,wolfSSL,DEPLOY_FALCON512,mTLS-checked,5,8.2975,14.7440,8.4802,31.5216,4058,4064,45,4248,4,14,5,21,12,14,291.6,631.4,464.4,1719.2,2,2,2,1
pi4,wolfSSL,DEPLOY_FALCON512,mTLS-checked,6,4.3832,16.2033,10.3786,30.9652,4061,4063,45,4248,4,16,5,23,12,13,293.0,628.8,460.4,1632.6,2,2,2,1
pi4,wolfSSL,DEPLOY_FALCON512,mTLS-checked,7,6.8425,13.1623,7.4967,27.5015,4061,4065,45,4248,4,15,5,22,12,14,288.1,600.2,463.3,1648.0,2,2,2,1
pi4,wolfSSL,DEPLOY_FALCON512,mTLS-checked,8,5.1051,15.1551,7.5333,27.7935,4060,4058,45,4248,4,15,5,22,12,12,285.0,599.5,459.9,1907.3,2,2,2,1
pi4,wolfSSL,DEPLOY_FALCON512,mTLS-checked,9,4.9006,18.3530,8.4991,31.7527,4061,4064,45,4248,4,15,5,23,12,14,298.6,605.9,461.3,1648.2,2,2,2,1
pi4,wolfSSL,DEPLOY_FALCON512,mTLS-checked,10,8.5450,17.1839,7.0740,32.8029,4061,4062,45,4248,4,15,5,23,12,13,290.9,602.7,461.3,1684.9,2,2,2,1
pi4,wolfSSL,DEPLOY_FALCON512,mTLS-checked,11,4.6691,17.5698,13.7646,36.0035,4060,4063,45,4248,4,15,5,22,12,14,284.9,601.0,461.7,1628.5,2,2,2,1
pi4,wolfSSL,DEPLOY_FALCON512,mTLS-checked,12,4.8602,15.8878,6.4645,27.2125,4059,4061,45,4248,4,15,5,23,12,14,299.1,629.7,461.5,1699.6,2,2,2,1
pi4,wolfSSL,DEPLOY_FALCON512,mTLS-checked,13,6.7168,18.8944,7.1837,32.7949,4060,4058,45,4248,4,15,5,22,12,14,291.3,605.3,462.0,1641.5,2,2,2,1
pi4,wolfSSL,DEPLOY_FALCON512,mTLS-checked,14,5.7662,16.2417,8.7240,30.7319,4062,4062,45,4248,4,15,5,23,12,14,289.5,603.4,458.5,1683.9,2,2,2,1
pi4,wolfSSL,DEPLOY_FALCON512,mTLS-checked,15,9.6275,14.8114,8.0218,32.4607,4060,4062,45,4248,4,16,5,23,12,14,299.1,620.9,463.5,1680.8,2,2,2,1
pi4,wolfSSL,DEPLOY_FALCON512,mTLS-checked,16,5.3370,16.4854,7.5996,29.4219,4063,4062,45,4248,4,16,5,23,12,14,293.4,603.2,482.2,1626.8,2,2,2,1
pi4,wolfSSL,DEPLOY_FALCON512,mTLS-checked,17,6.9288,17.0852,7.9049,31.9189,4064,4060,45,4248,4,15,5,23,12,13,286.1,600.5,482.5,1639.0,2,2,2,1
pi4,wolfSSL,DEPLOY_FALCON512,mTLS-checked,18,6.5325,17.8172,9.8762,34.2259,4063,4066,45,4248,4,15,5,22,12,14,299.2,626.9,492.4,1675.4,2,2,2,1
pi4,wolfSSL,DEPLOY_FALCON512,mTLS-checked,19,6.2601,16.0702,11.2008,33.5310,4059,4068,45,4248,4,16,5,23,12,13,294.0,600.6,464.2,1645.6,2,2,2,1
pi4,wolfSSL,DEPLOY_FALCON512,mTLS-checked,20,6.5010,14.1582,7.7044,28.3636,4061,4061,45,4248,4,15,5,22,12,13,286.2,601.5,462.4,1667.9,2,2,2,1
pi4,wolfSSL,DEPLOY_FALCON512,mTLS-checked,21,6.3896,12.3414,14.2396,32.9705,4056,4065,45,4248,4,16,5,23,12,13,281.9,655.7,462.9,1665.1,2,2,2,1
pi4,wolfSSL,DEPLOY_FALCON512,mTLS-checked,22,9.4190,14.3582,8.7762,32.5535,4059,4062,45,4248,4,15,5,22,12,14,298.7,604.6,464.4,1695.3,2,2,2,1
pi4,wolfSSL,DEPLOY_FALCON512,mTLS-checked,23,5.8030,12.0629,8.8929,26.7589,4061,4063,45,4248,4,15,5,22,12,13,285.1,602.0,487.4,1633.2,2,2,2,1
pi4,wolfSSL,DEPLOY_FALCON512,mTLS-checked,24,6.3473,16.4259,10.7789,33.5521,4060,4059,45,4248,4,16,5,24,12,13,283.8,621.8,461.9,1648.0,2,2,2,1
pi4,wolfSSL,DEPLOY_FALCON512,mTLS-checked,25,5.7664,18.8082,8.7281,33.3027,4057,4065,45,4248,4,16,5,23,12,14,296.0,605.4,462.4,1648.0,2,2,2,1
pi4,wolfSSL,DEPLOY_FALCON512,mTLS-checked,26,7.7656,16.0703,6.9367,30.7726,4060,4057,45,4248,4,16,5,23,13,15,287.7,605.5,482.2,1632.6,2,2,2,1
pi4,wolfSSL,DEPLOY_FALCON512,mTLS-checked,27,4.8086,15.0376,11.0685,30.9148,4059,4063,45,4248,4,15,5,23,12,14,286.2,600.1,460.1,1960.8,2,2,2,1
pi4,wolfSSL,DEPLOY_FALCON512,mTLS-checked,28,6.8436,16.9793,9.1185,32.9414,4060,4061,45,4248,4,16,5,23,12,14,341.5,619.3,464.5,1752.9,2,2,2,1
pi4,wolfSSL,DEPLOY_FALCON512,mTLS-checked,29,7.3763,15.7603,7.3686,30.5053,4063,4057,45,4248,4,16,5,23,12,14,291.6,602.5,460.3,1690.8,2,2,2,1
pi4,wolfSSL,DEPLOY_FALCON512,mTLS-checked,30,5.0410,15.8857,6.7959,27.7226,4062,4061,45,4248,4,15,5,22,12,14,287.1,601.6,461.3,1670.2,2,2,2,1
pi4,wolfSSL,DEPLOY_FALCON512,mTLS-checked,31,6.3795,19.2380,8.7303,34.3478,4062,4060,45,4248,4,15,5,22,12,13,298.1,653.4,460.1,1646.2,2,2,2,1
pi4,wolfSSL,DEPLOY_FALCON512,mTLS-checked,32,4.1397,14.4922,10.6696,29.3015,4061,4061,45,4248,4,15,5,22,12,13,291.8,602.9,460.7,1692.6,2,2,2,1
pi4,wolfSSL,DEPLOY_FALCON512,mTLS-checked,33,4.5694,14.3755,6.6077,25.5526,4058,4059,45,4248,4,15,5,22,12,13,288.0,603.4,456.9,1611.1,2,2,2,1
pi4,wolfSSL,DEPLOY_FALCON512,mTLS-checked,34,4.6388,14.2073,15.3605,34.2066,4059,4057,45,4248,4,16,5,23,12,14,296.6,623.6,464.3,1684.3,2,2,2,1
pi4,wolfSSL,DEPLOY_FALCON512,mTLS-checked,35,5.5709,13.4191,7.3767,26.3666,4059,4063,45,4248,4,15,5,22,12,14,299.0,605.5,460.2,1647.6,2,2,2,1
pi4,wolfSSL,DEPLOY_FALCON512,mTLS-checked,36,5.3937,17.2058,8.0531,30.6526,4060,4064,45,4248,4,15,5,22,12,14,290.1,631.6,458.8,1641.5,2,2,2,1
pi4,wolfSSL,DEPLOY_FALCON512,mTLS-checked,37,6.2791,15.3458,7.0200,28.6449,4060,4058,45,4248,4,16,5,23,12,14,287.9,622.3,462.5,1676.8,2,2,2,1
pi4,wolfSSL,DEPLOY_FALCON512,mTLS-checked,38,7.6628,14.6916,6.9479,29.3023,4057,4064,45,4248,4,15,5,22,12,13,297.6,606.5,464.1,1719.1,2,2,2,1
pi4,wolfSSL,DEPLOY_FALCON512,mTLS-checked,39,7.2377,13.6204,8.8660,29.7241,4058,4063,45,4248,4,16,5,24,12,13,299.9,610.0,460.6,1669.8,2,2,2,1
pi4,wolfSSL,DEPLOY_FALCON512,mTLS-checked,40,5.8426,13.6361,7.5030,26.9816,4058,4064,45,4248,4,16,5,23,12,13,290.1,599.1,461.8,1644.8,2,2,2,1
pi4,wolfSSL,DEPLOY_FALCON512,mTLS-checked,41,7.0968,13.5549,9.3962,30.0479,4058,4063,45,4248,4,16,5,23,12,13,270.8,561.7,411.6,1501.0,2,2,2,1
pi4,wolfSSL,DEPLOY_FALCON512,mTLS-checked,42,5.7659,14.1683,7.4919,27.4260,4062,4062,45,4248,4,15,5,22,12,14,267.6,543.1,414.8,1494.7,2,2,2,1
pi4,wolfSSL,DEPLOY_FALCON512,mTLS-checked,43,5.8173,16.7108,5.9916,28.5197,4059,4058,45,4248,4,15,5,22,13,13,258.9,571.0,411.5,1505.4,2,2,2,1
pi4,wolfSSL,DEPLOY_FALCON512,mTLS-checked,44,4.9462,20.3924,6.8402,32.1788,4064,4067,45,4248,4,16,5,23,12,14,257.6,623.5,465.8,1674.0,2,2,2,1
pi4,wolfSSL,DEPLOY_FALCON512,mTLS-checked,45,9.9407,13.4348,8.3963,31.7717,4060,4063,45,4248,4,16,5,23,12,14,308.8,616.6,461.3,1650.8,2,2,2,1
pi4,wolfSSL,DEPLOY_FALCON512,mTLS-checked,46,5.8764,23.5222,10.7283,40.1269,4058,4059,45,4248,4,16,5,23,12,13,289.5,608.5,461.2,1706.4,2,2,2,1
pi4,wolfSSL,DEPLOY_FALCON512,mTLS-checked,47,6.4194,14.5872,8.4086,29.4153,4058,4060,45,4248,4,16,5,23,12,13,287.0,623.7,461.1,1712.2,2,2,2,1
pi4,wolfSSL,DEPLOY_FALCON512,mTLS-checked,48,6.3032,15.9191,8.4943,30.7166,4060,4064,45,4248,4,16,5,23,12,12,294.9,626.6,465.8,1697.6,2,2,2,1
pi4,wolfSSL,DEPLOY_FALCON512,mTLS-checked,49,6.2610,16.2183,8.6785,31.1577,4064,4066,45,4248,4,15,5,23,12,14,291.8,604.7,463.4,1665.2,2,2,2,1
pi4,OpenSSL,DEPLOY_FALCON1024,TLS,0,5.6106,18.9757,5.1211,29.7073,1568,6009,45,568,2,14,3,20,12,13,418.8,511.5,1789.5,0.0,1,1,2,0
pi4,OpenSSL,DEPLOY_FALCON1024,TLS,1,6.0093,13.2562,6.9091,26.1746,1568,6005,45,568,2,15,3,21,12,12,401.5,527.1,1791.4,0.0,1,1,2,0
pi4,OpenSSL,DEPLOY_FALCON1024,TLS,2,5.5308,18.5454,7.8905,31.9668,1568,6002,45,568,2,12,3,18,12,12,423.6,510.0,1779.3,0.0,1,1,2,0
pi4,OpenSSL,DEPLOY_FALCON1024,TLS,3,4.9094,14.6633,7.7373,27.3100,1568,6005,45,568,2,14,3,20,12,13,396.8,509.8,1748.3,0.0,1,1,2,0
pi4,OpenSSL,DEPLOY_FALCON1024,TLS,4,5.2974,15.9621,4.8595,26.1190,1568,6003,45,568,2,14,3,20,12,14,407.2,539.5,2094.6,0.0,1,1,2,0
pi4,OpenSSL,DEPLOY_FALCON1024,TLS,5,5.4406,16.9837,7.8054,30.2297,1568,6001,45,568,2,14,3,20,12,14,418.4,520.0,1798.5,0.0,1,1,2,0
pi4,OpenSSL,DEPLOY_FALCON1024,TLS,6,7.3095,16.7676,5.4336,29.5106,1568,6007,45,568,2,15,3,21,12,13,397.0,517.7,1803.6,0.0,1,1,2,0
pi4,OpenSSL,DEPLOY_FALCON1024,TLS,7,5.1125,17.9089,5.4515,28.4728,1568,6002,45,568,2,15,3,21,12,13,398.8,524.5,1775.1,0.0,1,1,2,0
pi4,OpenSSL,DEPLOY_FALCON1024,TLS,8,5.4005,14.9034,5.4881,25.7920,1568,6001,45,568,2,14,3,20,12,13,399.8,512.6,1757.5,0.0,1,1,2,0
pi4,OpenSSL,DEPLOY_FALCON1024,TLS,9,5.0430,16.7338,5.7643,27.5412,1568,6006,45,568,2,15,3,21,12,13,403.7,511.6,1787.7,0.0,1,1,2,0
pi4,OpenSSL,DEPLOY_FALCON1024,TLS,10,8.2952,15.2359,11.1895,34.7206,1568,6009,45,568,2,15,3,21,12,14,394.5,526.1,1791.5,0.0,1,1,2,0
pi4,OpenSSL,DEPLOY_FALCON1024,TLS,11,6.6435,16.1662,6.0966,28.9063,1568,6007,45,568,2,15,3,21,12,13,395.3,537.3,1797.0,0.0,1,1,2,0
pi4,OpenSSL,DEPLOY_FALCON1024,TLS,12,5.9416,15.5039,8.6356,30.0811,1568,5998,45,568,2,14,3,20,12,13,394.0,509.1,1767.6,0.0,1,1,2,0
pi4,OpenSSL,DEPLOY_FALCON1024,TLS,13,6.1133,13.9273,5.3773,25.4178,1568,6002,45,568,2,14,3,20,12,13,397.0,508.9,1765.5,0.0,1,1,2,0
pi4,OpenSSL,DEPLOY_FALCON1024,TLS,14,4.8152,16.3338,8.1072,29.2561,1568,6005,45,568,2,16,3,22,15,13,393.4,526.9,1801.6,0.0,1,1,2,0
pi4,OpenSSL,DEPLOY_FALCON1024,TLS,15,5.4717,15.3386,4.5646,25.3749,1568,6001,45,568,2,15,3,21,12,12,397.2,508.1,1781.3,0.0,1,1,2,0
pi4,OpenSSL,DEPLOY_FALCON1024,TLS,16,5.7704,18.1949,4.8235,28.7888,1568,6002,45,568,2,15,3,21,12,13,406.3,515.8,1767.4,0.0,1,1,2,0
pi4,OpenSSL,DEPLOY_FALCON1024,TLS,17,8.5667,17.1521,8.9668,34.6857,1568,6006,45,568,2,15,3,21,12,13,399.4,510.7,1791.0,0.0,1,1,2,0
pi4,OpenSSL,DEPLOY_FALCON1024,TLS,18,7.0106,13.8600,4.8891,25.7597,1568,6003,45,568,2,15,3,21,12,13,409.2,506.4,1802.9,0.0,1,1,2,0
pi4,OpenSSL,DEPLOY_FALCON1024,TLS,19,4.4677,14.9643,8.3730,27.8050,1568,6006,45,568,2,14,3,20,12,13,417.9,514.2,1789.4,0.0,1,1,2,0
pi4,OpenSSL,DEPLOY_FALCON1024,TLS,20,6.3086,19.4503,5.4075,31.1665,1568,6003,45,568,2,15,3,21,12,14,399.7,508.3,1766.8,0.0,1,1,2,0
pi4,OpenSSL,DEPLOY_FALCON1024,TLS,21,6.0615,22.4091,6.1102,34.5809,1568,6007,45,568,2,15,3,21,13,13,396.9,534.8,1784.9,0.0,1,1,2,0
pi4,OpenSSL,DEPLOY_FALCON1024,TLS,22,5.8417,16.7391,5.0817,27.6625,1568,6006,45,568,2,16,3,22,12,13,395.6,511.9,1781.6,0.0,1,1,2,0
pi4,OpenSSL,DEPLOY_FALCON1024,TLS,23,8.5005,15.1819,8.7129,32.3953,1568,6007,45,568,2,15,3,21,12,12,402.2,510.5,1797.6,0.0,1,1,2,0
pi4,OpenSSL,DEPLOY_FALCON1024,TLS,24,5.1671,17.4317,8.7750,31.3737,1568,6005,45,568,2,15,3,21,15,12,394.5,510.6,1748.4,0.0,1,1,2,0
pi4,OpenSSL,DEPLOY_FALCON1024,TLS,25,7.2218,16.6960,5.4825,29.4003,1568,6009,45,568,2,15,3,21,12,13,402.2,511.7,1759.9,0.0,1,1,2,0
pi4,OpenSSL,DEPLOY_FALCON1024,TLS,26,6.5089,18.2648,4.8499,29.6236,1568,6008,45,568,2,15,3,21,12,13,398.5,542.3,1759.5,0.0,1,1,2,0
pi4,OpenSSL,DEPLOY_FALCON1024,TLS,27,7.3553,15.3084,5.1745,27.8382,1568,6004,45,568,2,14,3,20,12,13,395.0,523.2,1766.8,0.0,1,1,2,0
pi4,OpenSSL,DEPLOY_FALCON1024,TLS,28,8.3408,17.1605,14.7664,40.2676,1568,6003,45,568,2,15,3,21,12,12,406.8,512.7,1784.9,0.0,1,1,2,0
pi4,OpenSSL,DEPLOY_FALCON1024,TLS,29,6.3742,22.2640,7.1150,35.7532,1568,6003,45,568,2,15,3,21,12,13,404.4,511.7,1768.3,0.0,1,1,2,0
pi4,OpenSSL,DEPLOY_FALCON1024,TLS,30,7.8754,20.2869,8.0603,36.2226,1568,6009,45,568,2,12,3,18,12,12,397.9,510.3,1760.4,0.0,1,1,2,0
pi4,OpenSSL,DEPLOY_FALCON1024,TLS,31,5.2012,15.3009,5.0605,25.5626,1568,6011,45,568,2,14,3,20,12,13,400.6,514.9,1756.5,0.0,1,1,2,0
pi4,OpenSSL,DEPLOY_FALCON1024,TLS,32,5.2435,12.5700,8.9768,26.7903,1568,6001,45,568,2,12,3,18,12,13,395.0,512.9,1832.0,0.0,1,1,2,0
pi4,OpenSSL,DEPLOY_FALCON1024,TLS,33,6.8826,20.5707,6.2837,33.7370,1568,6004,45,568,2,14,3,20,12,13,399.3,513.9,1757.3,0.0,1,1,2,0
pi4,OpenSSL,DEPLOY_FALCON1024,TLS,34,4.6967,16.9717,7.7360,29.4044,1568,5998,45,568,2,14,3,20,12,13,395.2,537.5,1755.9,0.0,1,1,2,0
pi4,OpenSSL,DEPLOY_FALCON1024,TLS,35,8.4551,20.4989,5.0701,34.0241,1568,6000,45,568,2,14,3,20,12,13,396.8,537.9,1804.5,0.0,1,1,2,0
pi4,OpenSSL,DEPLOY_FALCON1024,TLS,36,10.0176,22.4654,5.9733,38.4562,1568,6002,45,568,2,15,3,21,12,13,395.7,509.4,1748.5,0.0,1,1,2,0
pi4,OpenSSL,DEPLOY_FALCON1024,TLS,37,5.0366,16.8526,5.3134,27.2026,1568,6002,45,568,2,14,3,20,12,12,434.6,544.7,1759.5,0.0,1,1,2,0
pi4,OpenSSL,DEPLOY_FALCON1024,TLS,38,10.3514,15.0670,4.6904,30.1088,1568,6006,45,568,2,15,3,21,12,11,400.4,524.0,1777.2,0.0,1,1,2,0
pi4,OpenSSL,DEPLOY_FALCON1024,TLS,39,5.3700,17.5931,6.6381,29.6012,1568,6006,45,568,2,14,3,20,12,12,401.8,524.8,1795.6,0.0,1,1,2,0
pi4,OpenSSL,DEPLOY_FALCON1024,TLS,40,7.0535,15.0853,11.5466,33.6855,1568,6007,45,568,2,14,3,20,10,12,399.5,508.0,1774.8,0.0,1,1,2,0
pi4,OpenSSL,DEPLOY_FALCON1024,TLS,41,6.6335,15.2935,5.0246,26.9515,1568,6005,45,568,2,14,3,20,12,13,397.9,513.7,1761.2,0.0,1,1,2,0
pi4,OpenSSL,DEPLOY_FALCON1024,TLS,42,6.2650,15.4873,5.7804,27.5326,1568,6009,45,568,2,15,3,21,12,13,397.8,511.6,1787.0,0.0,1,1,2,0
pi4,OpenSSL,DEPLOY_FALCON1024,TLS,43,5.3979,18.1774,6.0329,29.6083,1568,6006,45,568,2,15,3,21,12,13,397.1,509.0,1756.1,0.0,1,1,2,0
pi4,OpenSSL,DEPLOY_FALCON1024,TLS,44,5.3429,17.1792,4.7763,27.2984,1568,6000,45,568,2,14,3,20,12,13,400.4,511.6,1760.0,0.0,1,1,2,0
pi4,OpenSSL,DEPLOY_FALCON1024,TLS,45,4.8043,16.6861,12.4225,33.9128,1568,6006,45,568,2,16,3,22,12,12,396.3,524.6,1758.7,0.0,1,1,2,0
pi4,OpenSSL,DEPLOY_FALCON1024,TLS,46,11.0689,19.2105,5.8548,36.1342,1568,6004,45,568,2,15,3,21,12,14,400.1,508.6,1759.7,0.0,1,1,2,0
pi4,OpenSSL,DEPLOY_FALCON1024,TLS,47,5.4294,14.9001,6.2640,26.5935,1568,6012,45,568,2,14,3,20,12,13,425.2,508.6,1804.4,0.0,1,1,2,0
pi4,OpenSSL,DEPLOY_FALCON1024,TLS,48,4.5840,15.3109,4.6173,24.5122,1568,6004,45,568,2,14,3,20,11,13,395.0,508.6,1787.7,0.0,1,1,2,0
pi4,OpenSSL,DEPLOY_FALCON1024,TLS,49,6.1666,15.3427,6.0353,27.5447,1568,6003,45,568,2,15,3,21,12,12,399.5,507.6,1781.3,0.0,1,1,2,0
pi4,OpenSSL,DEPLOY_FALCON1024,TLS-checked,0,7.9424,17.9327,9.6104,35.4855,1568,6002,45,568,2,12,3,18,12,14,399.0,518.1,3115.3,0.0,1,1,2,0
pi4,OpenSSL,DEPLOY_FALCON1024,TLS-checked,1,7.6136,15.4331,6.1017,29.1484,1568,6003,45,568,2,12,3,18,10,12,402.6,509.2,3095.0,0.0,1,1,2,0
pi4,OpenSSL,DEPLOY_FALCON1024,TLS-checked,2,9.4012,14.4647,5.1827,29.0486,1568,6002,45,568,2,14,3,20,13,14,429.4,527.1,3066.9,0.0,1,1,2,0
pi4,OpenSSL,DEPLOY_FALCON1024,TLS-checked,3,5.7214,15.8707,10.6998,32.2919,1568,6002,45,568,2,14,3,20,12,12,399.0,514.6,3027.7,0.0,1,1,2,0
pi4,OpenSSL,DEPLOY_FALCON1024,TLS-checked,4,6.1676,23.9172,15.5805,45.6653,1568,6005,45,568,2,12,3,18,9,13,398.0,535.6,3039.3,0.0,1,1,2,0
pi4,OpenSSL,DEPLOY_FALCON1024,TLS-checked,5,17.6398,17.4116,5.5900,40.6414,1568,6005,45,568,2,14,3,20,12,13,397.3,560.0,3121.7,0.0,1,1,2,0
pi4,OpenSSL,DEPLOY_FALCON1024,TLS-checked,6,9.1770,16.0114,8.6910,33.8794,1568,6005,45,568,2,14,3,20,12,13,423.8,509.9,3102.7,0.0,1,1,2,0
pi4,OpenSSL,DEPLOY_FALCON1024,TLS-checked,7,5.8801,16.5538,6.1585,28.5923,1568,6007,45,568,2,14,3,20,12,13,402.4,515.0,3101.8,0.0,1,1,2,0
pi4,OpenSSL,DEPLOY_FALCON1024,TLS-checked,8,11.1311,17.0011,6.2899,34.4221,1568,6010,45,568,2,14,3,20,12,13,405.7,511.1,3043.5,0.0,1,1,2,0
pi4,OpenSSL,DEPLOY_FALCON1024,TLS-checked,9,5.5893,21.0293,8.3330,34.9516,1568,6003,45,568,2,14,3,20,13,13,397.8,540.3,3151.0,0.0,1,1,2,0
pi4,OpenSSL,DEPLOY_FALCON1024,TLS-checked,10,5.9562,15.6963,7.1517,28.8042,1568,6002,45,568,2,12,3,18,12,13,400.6,527.4,3126.6,0.0,1,1,2,0
pi4,OpenSSL,DEPLOY_FALCON1024,TLS-checked,11,6.5100,16.0414,7.1089,29.6603,1568,6004,45,568,2,12,3,18,9,13,397.2,513.0,3076.6,0.0,1,1,2,0
pi4,OpenSSL,DEPLOY_FALCON1024,TLS-checked,12,6.0213,16.3821,7.0192,29.4226,1568,6008,45,568,2,14,3,20,12,13,400.8,510.8,3124.4,0.0,1,1,2,0
pi4,OpenSSL,DEPLOY_FALCON1024,TLS-checked,13,11.4431,15.0575,5.3995,31.9001,1568,6004,45,568,2,15,3,21,12,13,405.1,510.5,3089.0,0.0,1,1,2,0
pi4,OpenSSL,DEPLOY_FALCON1024,TLS-checked,14,9.8114,16.8252,5.3448,31.9813,1568,6010,45,568,2,15,3,21,12,12,399.4,529.0,3114.9,0.0,1,1,2,0
pi4,OpenSSL,DEPLOY_FALCON1024,TLS-checked,15,12.2690,15.8113,4.7453,32.8256,1568,6008,45,568,2,14,3,20,12,12,398.6,510.8,3098.9,0.0,1,1,2,0
pi4,OpenSSL,DEPLOY_FALCON1024,TLS-checked,16,5.7354,18.9361,5.7741,30.4456,1568,6006,45,568,2,12,3,18,9,13,397.8,555.9,3037.9,0.0,1,1,2,0
pi4,OpenSSL,DEPLOY_FALCON1024,TLS-checked,17,5.6689,17.2477,7.0975,30.0141,1568,5998,45,568,2,14,3,20,12,14,398.5,510.8,3088.3,0.0,1,1,2,0
pi4,OpenSSL,DEPLOY_FALCON1024,TLS-checked,18,5.4996,16.1804,5.8966,27.5766,1568,6009,45,568,2,14,3,20,12,12,398.4,539.1,3134.0,0.0,1,1,2,0
pi4,OpenSSL,DEPLOY_FALCON1024,TLS-checked,19,5.6882,20.0092,8.3143,34.0117,1568,6002,45,568,2,14,3,20,10,12,401.9,511.2,3134.6,0.0,1,1,2,0
pi4,OpenSSL,DEPLOY_FALCON1024,TLS-checked,20,5.9397,16.8764,6.3232,29.1393,1568,6007,45,568,2,15,3,21,12,12,401.9,508.9,3046.7,0.0,1,1,2,0
pi4,OpenSSL,DEPLOY_FALCON1024,TLS-checked,21,6.7216,17.9929,7.8644,32.5789,1568,6007,45,568,2,15,3,21,12,13,431.5,510.9,3062.8,0.0,1,1,2,0
pi4,OpenSSL,DEPLOY_FALCON1024,TLS-checked,22,6.9242,18.6725,11.9370,37.5336,1568,6002,45,568,2,15,3,21,12,14,400.8,508.4,3231.0,0.0,1,1,2,0
pi4,OpenSSL,DEPLOY_FALCON1024,TLS-checked,23,6.2295,16.9141,11.1700,34.3135,1568,6001,45,568,2,15,3,21,12,11,400.5,512.3,3072.2,0.0,1,1,2,0
pi4,OpenSSL,DEPLOY_FALCON1024,TLS-checked,24,7.7436,21.0967,7.0124,35.8527,1568,6009,45,568,2,14,3,20,12,13,398.2,540.0,3112.7,0.0,1,1,2,0
pi4,OpenSSL,DEPLOY_FALCON1024,TLS-checked,25,8.6930,15.7735,8.2154,32.6819,1568,6006,45,568,2,14,3,20,12,13,399.3,538.5,3083.5,0.0,1,1,2,0
pi4,OpenSSL,DEPLOY_FALCON1024,TLS-checked,26,8.9343,17.7491,7.5828,34.2662,1568,6005,45,568,2,14,3,20,12,13,421.0,512.7,3034.4,0.0,1,1,2,0
pi4,OpenSSL,DEPLOY_FALCON1024,TLS-checked,27,5.3877,19.0670,6.8331,31.2879,1568,6005,45,568,2,15,3,21,12,14,400.4,508.1,3048.7,0.0,1,1,2,0
pi4,OpenSSL,DEPLOY_FALCON1024,TLS-checked,28,6.1576,23.9563,9.9393,40.0532,1568,6001,45,568,2,15,3,21,12,13,396.4,536.0,3091.4,0.0,1,1,2,0
pi4,OpenSSL,DEPLOY_FALCON1024,TLS-checked,29,7.9848,24.1411,6.3600,38.4859,1568,6006,45,568,2,14,3,20,12,14,397.2,506.7,3030.9,0.0,1,1,2,0
pi4,OpenSSL,DEPLOY_FALCON1024,TLS-checked,30,6.3909,17.5484,7.6746,31.6139,1568,6007,45,568,2,14,3,20,12,14,406.2,514.9,3095.7,0.0,1,1,2,0
pi4,OpenSSL,DEPLOY_FALCON1024,TLS-checked,31,7.9535,16.2910,7.5277,31.7722,1568,6001,45,568,2,14,3,20,12,12,422.5,519.8,3098.9,0.0,1,1,2,0
pi4,OpenSSL,DEPLOY_FALCON1024,TLS-checked,32,5.8615,16.1705,6.9566,28.9886,1568,6013,45,568,2,15,3,21,12,13,399.3,506.9,3040.2,0.0,1,1,2,0
pi4,OpenSSL,DEPLOY_FALCON1024,TLS-checked,33,6.6085,22.9115,5.3750,34.8951,1568,6010,45,568,2,15,3,21,12,12,400.5,511.3,3037.9,0.0,1,1,2,0
pi4,OpenSSL,DEPLOY_FALCON1024,TLS-checked,34,6.7573,19.6484,10.5686,36.9742,1568,6002,45,568,2,15,3,21,12,13,395.3,533.5,3043.2,0.0,1,1,2,0
pi4,OpenSSL,DEPLOY_FALCON1024,TLS-checked,35,5.6873,17.7232,6.4483,29.8588,1568,6003,45,568,2,14,3,20,12,12,396.8,513.0,3116.2,0.0,1,1,2,0
pi4,OpenSSL,DEPLOY_FALCON1024,TLS-checked,36,6.4241,16.0866,5.5628,28.0735,1568,6004,45,568,2,15,3,21,12,13,398.9,540.4,3050.6,0.0,1,1,2,0
pi4,OpenSSL,DEPLOY_FALCON1024,TLS-checked,37,5.9308,20.1560,13.2336,39.3204,1568,5998,45,568,2,15,3,21,12,13,400.6,536.9,3042.0,0.0,1,1,2,0
pi4,OpenSSL,DEPLOY_FALCON1024,TLS-checked,38,5.6880,15.4270,7.8035,28.9185,1568,5999,45,568,2,14,3,20,12,12,400.9,508.3,3082.1,0.0,1,1,2,0
pi4,OpenSSL,DEPLOY_FALCON1024,TLS-checked,39,5.2414,18.4142,7.5241,31.1797,1568,6004,45,568,2,15,3,21,12,13,401.8,511.8,3113.4,0.0,1,1,2,0
pi4,OpenSSL,DEPLOY_FALCON1024,TLS-checked,40,6.1256,18.1857,5.4554,29.7667,1568,6003,45,568,2,14,3,20,12,13,401.9,658.5,3135.9,0.0,1,1,2,0
pi4,OpenSSL,DEPLOY_FALCON1024,TLS-checked,41,8.2798,16.7326,7.2329,32.2454,1568,6007,45,568,2,14,3,20,12,12,402.5,513.8,3057.0,0.0,1,1,2,0
pi4,OpenSSL,DEPLOY_FALCON1024,TLS-checked,42,9.3139,15.3511,4.6690,29.3340,1568,6003,45,568,2,15,3,21,12,13,403.3,510.8,3278.7,0.0,1,1,2,0
pi4,OpenSSL,DEPLOY_FALCON1024,TLS-checked,43,5.2088,18.1650,8.3132,31.6870,1568,6007,45,568,2,15,3,21,12,12,397.8,511.3,3042.8,0.0,1,1,2,0
pi4,OpenSSL,DEPLOY_FALCON1024,TLS-checked,44,5.7837,17.1518,5.4447,28.3801,1568,6005,45,568,2,15,3,21,12,13,402.2,509.1,3112.0,0.0,1,1,2,0
pi4,OpenSSL,DEPLOY_FALCON1024,TLS-checked,45,7.7246,15.2506,6.1618,29.1370,1568,6000,45,568,2,14,3,20,11,14,399.0,508.0,3141.9,0.0,1,1,2,0
pi4,OpenSSL,DEPLOY_FALCON1024,TLS-checked,46,6.1721,17.5791,6.7650,30.5162,1568,6006,45,568,2,15,3,21,12,13,400.3,508.5,3083.7,0.0,1,1,2,0
pi4,OpenSSL,DEPLOY_FALCON1024,TLS-checked,47,6.8366,18.2997,7.0996,32.2358,1568,6006,45,568,2,15,3,21,12,13,408.8,532.1,3094.9,0.0,1,1,2,0
pi4,OpenSSL,DEPLOY_FALCON1024,TLS-checked,48,5.4099,16.8464,8.1811,30.4373,1568,6002,45,568,2,14,3,20,12,12,400.2,515.7,3026.1,0.0,1,1,2,0
pi4,OpenSSL,DEPLOY_FALCON1024,TLS-checked,49,8.9368,17.5919,4.3384,30.8671,1568,6007,45,568,2,14,3,20,12,13,403.5,537.4,3095.1,0.0,1,1,2,0
pi4,OpenSSL,DEPLOY_FALCON1024,mTLS,0,8.4498,20.0979,9.1924,37.7401,6250,6233,45,7288,3,16,4,24,16,18,400.2,511.8,1783.2,1388.8,1,1,2,1
pi4,OpenSSL,DEPLOY_FALCON1024,mTLS,1,7.5256,20.5128,10.0838,38.1222,6258,6229,45,7288,3,15,4,23,16,18,398.8,529.8,1880.2,1372.5,1,1,2,1
pi4,OpenSSL,DEPLOY_FALCON1024,mTLS,2,5.2502,20.3571,9.6472,35.2545,6258,6226,45,7288,3,14,4,22,13,17,401.2,536.3,1820.4,1360.0,1,1,2,1
pi4,OpenSSL,DEPLOY_FALCON1024,mTLS,3,7.0723,22.0096,8.8406,37.9224,6257,6224,45,7288,3,14,4,22,13,17,402.3,511.0,1759.9,1395.7,1,1,2,1
pi4,OpenSSL,DEPLOY_FALCON1024,mTLS,4,8.0614,18.5244,7.4377,34.0236,6260,6223,45,7288,3,15,4,23,16,16,400.0,509.2,1782.9,1383.8,1,1,2,1
pi4,OpenSSL,DEPLOY_FALCON1024,mTLS,5,6.1325,17.5323,8.8922,32.5570,6257,6222,45,7288,3,15,4,23,16,17,409.4,510.5,1788.7,1368.8,1,1,2,1
pi4,OpenSSL,DEPLOY_FALCON1024,mTLS,6,5.5829,21.4337,11.7691,38.7857,6261,6225,45,7288,3,14,4,22,14,17,401.5,537.8,1816.8,1339.7,1,1,2,1
pi4,OpenSSL,DEPLOY_FALCON1024,mTLS,7,8.4669,18.9991,7.5747,35.0407,6256,6224,45,7288,3,16,4,25,16,18,404.4,523.5,1800.3,1357.2,1,1,2,1
pi4,OpenSSL,DEPLOY_FALCON1024,mTLS,8,6.6451,18.3331,7.8650,32.8431,6256,6220,45,7288,3,15,4,21,16,19,396.8,508.3,1788.9,1393.9,1,1,2,1
pi4,OpenSSL,DEPLOY_FALCON1024,mTLS,9,8.9857,18.4007,10.1632,37.5496,6260,6223,45,7288,3,15,4,23,16,17,400.5,508.0,1824.5,1373.1,1,1,2,1
pi4,OpenSSL,DEPLOY_FALCON1024,mTLS,10,6.5620,19.4649,7.2017,33.2285,6258,6221,45,7288,3,15,4,23,17,18,400.7,543.9,1789.1,1648.7,1,1,2,1
pi4,OpenSSL,DEPLOY_FALCON1024,mTLS,11,5.8001,18.7033,7.0039,31.5074,6254,6224,45,7288,3,14,4,22,13,18,411.4,536.4,1792.5,1358.8,1,1,2,1
pi4,OpenSSL,DEPLOY_FALCON1024,mTLS,12,7.9491,18.2583,10.7241,36.9315,6255,6229,45,7288,3,16,4,24,16,17,400.8,520.4,1796.6,1391.0,1,1,2,1
pi4,OpenSSL,DEPLOY_FALCON1024,mTLS,13,6.8578,18.9002,13.2351,38.9930,6259,6224,45,7288,3,16,4,25,16,19,423.4,509.7,1820.7,1410.0,1,1,2,1
pi4,OpenSSL,DEPLOY_FALCON1024,mTLS,14,6.9745,19.9704,7.5360,34.4809,6257,6226,45,7288,3,14,4,23,16,17,401.9,516.9,1830.9,1359.4,1,1,2,1
pi4,OpenSSL,DEPLOY_FALCON1024,mTLS,15,7.1854,18.7397,9.6543,35.5794,6257,6223,45,7288,3,16,4,24,16,18,398.5,539.1,1817.8,1365.7,1,1,2,1
pi4,OpenSSL,DEPLOY_FALCON1024,mTLS,16,5.7736,19.0699,8.1916,33.0351,6258,6226,45,7288,3,15,4,23,16,18,403.6,552.4,1841.3,1372.2,1,1,2,1
pi4,OpenSSL,DEPLOY_FALCON1024,mTLS,17,6.3792,20.4093,8.3203,35.1088,6265,6220,45,7288,3,15,4,23,16,18,401.3,508.2,1815.8,1363.4,1,1,2,1
pi4,OpenSSL,DEPLOY_FALCON1024,mTLS,18,6.4956,18.3384,8.7505,33.5844,6254,6228,45,7288,3,14,4,22,13,18,398.2,511.4,1784.0,1363.4,1,1,2,1
pi4,OpenSSL,DEPLOY_FALCON1024,mTLS,19,7.1015,18.7115,7.6926,33.5055,6257,6222,45,7288,3,16,4,24,16,18,420.0,555.5,1829.4,1362.5,1,1,2,1
pi4,OpenSSL,DEPLOY_FALCON1024,mTLS,20,6.4939,21.8441,14.0918,42.4298,6258,6224,45,7288,3,14,4,22,13,17,398.3,511.1,1814.6,1371.6,1,1,2,1
pi4,OpenSSL,DEPLOY_FALCON1024,mTLS,21,6.2374,18.8790,10.7117,35.8282,6259,6234,45,7288,3,15,4,24,16,17,399.8,509.0,1830.1,1346.9,1,1,2,1
pi4,OpenSSL,DEPLOY_FALCON1024,mTLS,22,5.5619,19.1060,13.3619,38.0297,6255,6221,45,7288,3,16,4,24,16,17,404.0,516.3,1783.8,1379.8,1,1,2,1
pi4,OpenSSL,DEPLOY_FALCON1024,mTLS,23,6.8025,22.4455,9.0823,38.3303,6260,6224,45,7288,3,16,4,25,16,19,399.2,510.7,1803.6,1365.0,1,1,2,1
pi4,OpenSSL,DEPLOY_FALCON1024,mTLS,24,7.3787,20.3701,9.7820,37.5308,6256,6225,45,7288,3,15,4,23,16,16,407.3,512.5,1828.3,1399.8,1,1,2,1
pi4,OpenSSL,DEPLOY_FALCON1024,mTLS,25,6.9783,18.4712,8.5135,33.9629,6261,6224,45,7288,3,15,4,23,16,17,402.4,512.8,1785.4,1400.2,1,1,2,1
pi4,OpenSSL,DEPLOY_FALCON1024,mTLS,26,8.8683,18.7745,12.6669,40.3097,6258,6224,45,7288,3,15,4,23,16,17,399.4,539.4,1788.3,1392.6,1,1,2,1
pi4,OpenSSL,DEPLOY_FALCON1024,mTLS,27,6.6839,20.0993,10.9470,37.7301,6258,6228,45,7288,3,16,4,24,16,18,400.7,538.0,1793.4,1386.9,1,1,2,1
pi4,OpenSSL,DEPLOY_FALCON1024,mTLS,28,5.7159,20.9235,10.3362,36.9757,6254,6221,45,7288,3,16,4,25,16,17,401.1,536.5,1813.3,1350.7,1,1,2,1
pi4,OpenSSL,DEPLOY_FALCON1024,mTLS,29,7.5268,20.7236,10.2058,38.4562,6253,6222,45,7288,3,15,4,23,16,19,402.1,509.2,1810.6,1395.2,1,1,2,1
pi4,OpenSSL,DEPLOY_FALCON1024,mTLS,30,6.3463,27.1832,10.3165,43.8460,6258,6228,45,7288,3,16,4,24,16,19,825.1,1104.4,3755.4,2984.0,1,1,2,1
pi4,OpenSSL,DEPLOY_FALCON1024,mTLS,31,6.4693,31.8848,10.3911,48.7452,6255,6226,45,7288,3,14,4,20,16,19,821.8,1138.0,3706.1,3016.9,1,1,2,1
pi4,OpenSSL,DEPLOY_FALCON1024,mTLS,32,7.5391,28.2269,7.9838,43.7498,6259,6225,45,7288,3,15,4,23,16,19,622.8,816.0,2743.9,2185.8,1,1,2,1
pi4,OpenSSL,DEPLOY_FALCON1024,mTLS,33,10.0009,25.9492,7.7718,43.7220,6261,6221,45,7288,3,16,4,24,16,18,617.0,844.4,2735.3,2189.3,1,1,2,1
pi4,OpenSSL,DEPLOY_FALCON1024,mTLS,34,4.7721,28.3390,9.8087,42.9198,6256,6224,45,7288,3,16,4,24,16,16,623.5,922.6,3044.6,2436.1,1,1,2,1
pi4,OpenSSL,DEPLOY_FALCON1024,mTLS,35,7.2979,33.7603,19.4053,60.4634,6251,6220,45,7288,3,16,4,24,16,18,696.7,894.0,2978.6,2400.1,1,1,2,1
pi4,OpenSSL,DEPLOY_FALCON1024,mTLS,36,8.8743,25.8084,12.0374,46.7201,6262,6227,45,7288,3,16,4,24,15,19,779.1,924.9,3084.9,2341.4,1,1,2,1
pi4,OpenSSL,DEPLOY_FALCON1024,mTLS,37,7.3625,26.4925,9.3175,43.1725,6256,6223,45,7288,3,15,4,23,15,18,706.9,892.9,3006.3,2398.8,1,1,2,1
pi4,OpenSSL,DEPLOY_FALCON1024,mTLS,38,4.6539,23.7956,9.8293,38.2787,6256,6219,45,7288,3,16,4,24,16,18,676.9,926.2,3045.1,2175.1,1,1,2,1
pi4,OpenSSL,DEPLOY_FALCON1024,mTLS,39,6.2935,24.7161,13.2771,44.2867,6258,6228,45,7288,3,16,4,22,16,19,616.8,814.9,2775.7,2190.8,1,1,2,1
pi4,OpenSSL,DEPLOY_FALCON1024,mTLS,40,5.6000,27.6204,12.6498,45.8703,6256,6228,45,7288,3,16,4,24,16,16,615.7,862.9,2747.3,2171.3,1,1,2,1
pi4,OpenSSL,DEPLOY_FALCON1024,mTLS,41,5.4796,24.3008,11.3668,41.1472,6263,6228,45,7288,3,16,4,25,16,18,616.0,833.7,2789.6,2202.6,1,1,2,1
pi4,OpenSSL,DEPLOY_FALCON1024,mTLS,42,7.0740,25.8488,8.8851,41.8078,6257,6225,45,7288,3,16,4,24,16,18,619.6,815.4,2783.3,2170.3,1,1,2,1
pi4,OpenSSL,DEPLOY_FALCON1024,mTLS,43,7.6310,29.8680,10.9078,48.4068,6256,6225,45,7288,3,16,4,24,16,18,623.2,956.7,3052.1,2411.2,1,1,2,1
pi4,OpenSSL,DEPLOY_FALCON1024,mTLS,44,7.5570,26.3345,9.1245,43.0159,6255,6224,45,7288,3,15,4,23,16,19,672.6,889.4,3071.1,2416.3,1,1,2,1
pi4,OpenSSL,DEPLOY_FALCON1024,mTLS,45,6.1326,27.2459,9.8338,43.2122,6261,6227,45,7288,3,16,4,24,16,18,671.2,1153.8,2998.6,2414.2,1,1,2,1
pi4,OpenSSL,DEPLOY_FALCON1024,mTLS,46,5.3518,25.1319,11.2809,41.7646,6254,6224,45,7288,3,15,4,23,16,18,672.9,892.1,3023.9,2373.1,1,1,2,1
pi4,OpenSSL,DEPLOY_FALCON1024,mTLS,47,5.7125,27.1246,9.9320,42.7691,6260,6223,45,7288,3,16,4,22,15,17,713.2,895.2,3017.7,2581.6,1,1,2,1
pi4,OpenSSL,DEPLOY_FALCON1024,mTLS,48,9.9847,24.2202,9.6235,43.8285,6259,6221,45,7288,3,16,4,22,16,20,569.5,776.2,2529.0,2010.6,1,1,2,1
pi4,OpenSSL,DEPLOY_FALCON1024,mTLS,49,8.2392,24.8559,12.9018,45.9970,6265,6228,45,7288,3,15,4,23,16,19,568.8,744.2,2622.8,2031.2,1,1,2,1
pi4,OpenSSL,DEPLOY_FALCON1024,mTLS-checked,0,6.7703,22.1937,9.6487,38.6126,6260,6223,45,7288,3,14,4,22,13,18,394.2,513.2,3154.7,1414.7,1,1,2,1
pi4,OpenSSL,DEPLOY_FALCON1024,mTLS-checked,1,5.7459,20.2339,8.2446,34.2243,6262,6222,45,7288,3,15,4,23,15,17,410.1,528.8,3087.9,1362.8,1,1,2,1
pi4,OpenSSL,DEPLOY_FALCON1024,mTLS-checked,2,6.3131,21.6370,7.4615,35.4117,6257,6224,45,7288,3,15,4,23,15,18,398.7,510.8,3072.0,1365.3,1,1,2,1
pi4,OpenSSL,DEPLOY_FALCON1024,mTLS-checked,3,6.6867,18.6946,8.1693,33.5505,6254,6226,45,7288,3,15,4,21,15,19,401.7,512.9,3008.0,1376.0,1,1,2,1
pi4,OpenSSL,DEPLOY_FALCON1024,mTLS-checked,4,7.1404,20.4544,7.0347,34.6294,6251,6223,45,7288,3,15,4,21,15,18,405.6,513.7,3009.1,1398.1,1,1,2,1
pi4,OpenSSL,DEPLOY_FALCON1024,mTLS-checked,5,4.8009,20.1726,9.2060,34.1796,6259,6224,45,7288,3,15,4,23,16,17,399.0,510.4,3018.1,1380.5,1,1,2,1
pi4,OpenSSL,DEPLOY_FALCON1024,mTLS-checked,6,7.6542,20.0571,11.4544,39.1657,6260,6222,45,7288,3,14,4,22,13,18,401.3,542.0,3070.5,1364.1,1,1,2,1
pi4,OpenSSL,DEPLOY_FALCON1024,mTLS-checked,7,5.5179,22.9430,8.6048,37.0657,6261,6226,45,7288,3,15,4,23,16,18,405.9,511.6,3076.3,1361.8,1,1,2,1
pi4,OpenSSL,DEPLOY_FALCON1024,mTLS-checked,8,6.3418,18.2948,11.0628,35.6994,6258,6225,45,7288,3,16,4,25,16,18,403.3,511.4,3047.3,1361.0,1,1,2,1
pi4,OpenSSL,DEPLOY_FALCON1024,mTLS-checked,9,6.5681,25.4912,13.5378,45.5972,6255,6222,45,7288,3,16,4,25,16,15,400.2,516.1,3255.7,1359.5,1,1,2,1
pi4,OpenSSL,DEPLOY_FALCON1024,mTLS-checked,10,6.6209,20.3497,7.6494,34.6200,6258,6227,45,7288,3,16,4,24,16,18,402.7,512.5,3045.9,1368.5,1,1,2,1
pi4,OpenSSL,DEPLOY_FALCON1024,mTLS-checked,11,6.1073,22.4719,10.8186,39.3978,6254,6224,45,7288,3,17,4,24,16,20,402.1,510.8,3207.8,1388.2,1,1,2,1
pi4,OpenSSL,DEPLOY_FALCON1024,mTLS-checked,12,6.8419,20.0581,10.2746,37.1746,6257,6223,45,7288,3,14,4,22,16,18,405.3,514.3,3111.8,1369.5,1,1,2,1
pi4,OpenSSL,DEPLOY_FALCON1024,mTLS-checked,13,6.7984,20.3659,11.7276,38.8919,6260,6227,45,7288,3,15,4,23,16,17,402.9,510.8,3064.9,1353.8,1,1,2,1
pi4,OpenSSL,DEPLOY_FALCON1024,mTLS-checked,14,5.8334,20.8199,9.4392,36.0925,6255,6222,45,7288,3,16,4,24,16,16,396.0,515.6,3062.5,1389.1,1,1,2,1
pi4,OpenSSL,DEPLOY_FALCON1024,mTLS-checked,15,6.5633,23.7402,9.7003,40.0038,6258,6226,45,7288,3,16,4,25,16,18,402.2,512.7,3075.9,1358.2,1,1,2,1
pi4,OpenSSL,DEPLOY_FALCON1024,mTLS-checked,16,7.1349,18.9058,10.0623,36.1030,6257,6227,45,7288,3,15,4,23,16,18,403.6,509.5,3066.3,1374.5,1,1,2,1
pi4,OpenSSL,DEPLOY_FALCON1024,mTLS-checked,17,6.2728,17.9902,11.1319,35.3949,6260,6225,45,7288,3,14,4,22,14,18,402.8,567.1,3025.2,1397.3,1,1,2,1
pi4,OpenSSL,DEPLOY_FALCON1024,mTLS-checked,18,8.3645,20.3219,7.5221,36.2085,6253,6226,45,7288,3,16,4,23,16,19,399.8,510.1,3046.8,1393.2,1,1,2,1
pi4,OpenSSL,DEPLOY_FALCON1024,mTLS-checked,19,6.9540,19.2064,9.7459,35.9063,6259,6225,45,7288,3,16,4,24,16,17,400.5,505.3,3087.5,1377.4,1,1,2,1
pi4,OpenSSL,DEPLOY_FALCON1024,mTLS-checked,20,9.2738,26.3353,12.1810,47.7901,6260,6222,45,7288,3,16,4,24,16,18,408.5,556.7,3011.9,1390.6,1,1,2,1
pi4,OpenSSL,DEPLOY_FALCON1024,mTLS-checked,21,6.0440,20.6072,8.6596,35.3109,6258,6227,45,7288,3,15,4,23,16,17,401.2,516.2,3034.9,1354.5,1,1,2,1
pi4,OpenSSL,DEPLOY_FALCON1024,mTLS-checked,22,9.9841,19.3793,9.8581,39.2216,6256,6225,45,7288,3,17,4,25,16,18,404.4,513.4,3071.9,1364.9,1,1,2,1
pi4,OpenSSL,DEPLOY_FALCON1024,mTLS-checked,23,5.6602,23.3347,8.6148,37.6097,6254,6224,45,7288,3,18,4,26,16,18,401.5,512.0,3067.3,1384.5,1,1,2,1
pi4,OpenSSL,DEPLOY_FALCON1024,mTLS-checked,24,6.7505,19.1884,9.7686,35.7075,6260,6225,45,7288,3,16,4,23,16,19,403.3,535.2,3038.3,1354.9,1,1,2,1
pi4,OpenSSL,DEPLOY_FALCON1024,mTLS-checked,25,6.9598,22.6540,9.7132,39.3270,6258,6224,45,7288,3,15,4,23,16,17,419.2,525.1,3081.7,1368.2,1,1,2,1
pi4,OpenSSL,DEPLOY_FALCON1024,mTLS-checked,26,7.4047,21.2005,8.0511,36.6563,6255,6220,45,7288,3,15,4,21,15,16,399.4,511.0,3051.2,1357.3,1,1,2,1
pi4,OpenSSL,DEPLOY_FALCON1024,mTLS-checked,27,5.2847,19.4975,11.6766,36.4587,6259,6225,45,7288,3,15,4,23,16,19,399.8,546.8,3323.5,1400.7,1,1,2,1
pi4,OpenSSL,DEPLOY_FALCON1024,mTLS-checked,28,10.9212,23.9903,10.3957,45.3072,6260,6226,45,7288,3,15,4,23,16,16,404.3,512.7,3012.0,1399.5,1,1,2,1
pi4,OpenSSL,DEPLOY_FALCON1024,mTLS-checked,29,6.8745,22.1828,6.8659,35.9232,6263,6224,45,7288,3,17,4,23,16,19,401.9,511.5,2995.3,1392.1,1,1,2,1
pi4,OpenSSL,DEPLOY_FALCON1024,mTLS-checked,30,11.7411,20.2188,13.3751,45.3350,6259,6226,45,7288,3,15,4,22,15,17,463.2,525.3,3224.1,1348.6,1,1,2,1
pi4,OpenSSL,DEPLOY_FALCON1024,mTLS-checked,31,10.4819,21.1768,11.9165,43.5752,6256,6224,45,7288,3,15,4,23,16,18,402.7,512.3,3009.7,1401.8,1,1,2,1
pi4,OpenSSL,DEPLOY_FALCON1024,mTLS-checked,32,6.4845,24.8203,9.1946,40.4994,6264,6222,45,7288,3,17,4,23,16,18,402.0,539.7,3224.5,1391.2,1,1,2,1
pi4,OpenSSL,DEPLOY_FALCON1024,mTLS-checked,33,5.9007,20.4329,9.7476,36.0811,6251,6221,45,7288,3,15,4,23,16,18,400.4,511.6,3005.0,1392.2,1,1,2,1
pi4,OpenSSL,DEPLOY_FALCON1024,mTLS-checked,34,8.3497,20.3468,8.1216,36.8181,6255,6223,45,7288,3,17,4,24,16,19,401.3,511.0,3055.9,1357.1,1,1,2,1
pi4,OpenSSL,DEPLOY_FALCON1024,mTLS-checked,35,8.4784,20.2660,9.2327,37.9772,6258,6225,45,7288,3,16,4,25,16,19,417.0,550.3,3060.7,1402.2,1,1,2,1
pi4,OpenSSL,DEPLOY_FALCON1024,mTLS-checked,36,7.4903,23.9203,8.7351,40.1457,6259,6218,45,7288,3,16,4,24,17,19,404.2,514.5,3035.6,1408.6,1,1,2,1
pi4,OpenSSL,DEPLOY_FALCON1024,mTLS-checked,37,6.3536,19.7066,11.3862,37.4464,6256,6224,45,7288,3,16,4,24,16,17,404.2,524.2,3175.6,1370.7,1,1,2,1
pi4,OpenSSL,DEPLOY_FALCON1024,mTLS-checked,38,5.8893,20.6832,9.5501,36.1226,6258,6222,45,7288,3,15,4,24,16,17,402.5,514.8,3056.3,1350.6,1,1,2,1
pi4,OpenSSL,DEPLOY_FALCON1024,mTLS-checked,39,8.9300,21.8683,10.6602,41.4586,6263,6222,45,7288,3,17,4,25,16,16,403.1,509.7,3060.1,1368.9,1,1,2,1
pi4,OpenSSL,DEPLOY_FALCON1024,mTLS-checked,40,6.2070,24.2730,18.6809,49.1609,6257,6223,45,7288,3,17,4,25,15,19,404.4,554.3,3061.8,1409.0,1,1,2,1
pi4,OpenSSL,DEPLOY_FALCON1024,mTLS-checked,41,6.7751,22.0896,9.0806,37.9453,6260,6224,45,7288,3,17,4,25,16,18,400.3,509.8,3073.4,1356.6,1,1,2,1
pi4,OpenSSL,DEPLOY_FALCON1024,mTLS-checked,42,8.2376,21.1725,12.2607,41.6708,6262,6226,45,7288,3,15,4,23,16,18,399.9,509.3,3123.5,1387.3,1,1,2,1
pi4,OpenSSL,DEPLOY_FALCON1024,mTLS-checked,43,6.8377,20.4633,10.3009,37.6018,6260,6224,45,7288,3,16,4,24,16,15,399.7,512.5,3068.9,1349.7,1,1,2,1
pi4,OpenSSL,DEPLOY_FALCON1024,mTLS-checked,44,12.7078,20.3711,8.6509,41.7298,6258,6228,45,7288,3,14,4,22,14,18,396.3,515.4,3073.9,1359.0,1,1,2,1
pi4,OpenSSL,DEPLOY_FALCON1024,mTLS-checked,45,8.4540,17.7777,8.4344,34.6661,6258,6228,45,7288,3,14,4,22,16,16,436.8,512.7,3047.1,1400.2,1,1,2,1
pi4,OpenSSL,DEPLOY_FALCON1024,mTLS-checked,46,8.9990,27.1034,9.1485,45.2509,6253,6230,45,7288,3,16,4,25,16,18,402.0,512.3,3069.6,1364.0,1,1,2,1
pi4,OpenSSL,DEPLOY_FALCON1024,mTLS-checked,47,7.3183,26.5077,10.9806,44.8066,6258,6227,45,7288,3,16,4,24,16,19,400.3,536.6,3450.8,1375.3,1,1,2,1
pi4,OpenSSL,DEPLOY_FALCON1024,mTLS-checked,48,5.4717,21.0781,13.7818,40.3315,6259,6221,45,7288,3,15,4,24,16,16,398.8,513.5,3082.8,1355.9,1,1,2,1
pi4,OpenSSL,DEPLOY_FALCON1024,mTLS-checked,49,6.3399,20.7431,9.1822,36.2653,6257,6219,45,7288,3,15,4,23,16,19,401.0,529.0,3069.1,1355.4,1,1,2,1
pi4,wolfSSL,DEPLOY_FALCON1024,TLS,0,6.2233,12.6188,6.3614,25.2035,1496,5976,45,568,2,15,3,21,11,12,137.9,277.9,429.1,0.0,2,2,2,0
pi4,wolfSSL,DEPLOY_FALCON1024,TLS,1,5.7235,13.5746,5.8469,25.1450,1496,5970,45,568,2,14,3,20,10,11,135.1,279.3,444.2,0.0,2,2,2,0
pi4,wolfSSL,DEPLOY_FALCON1024,TLS,2,5.5987,10.8102,6.0390,22.4480,1496,5971,45,568,2,14,3,20,11,12,133.1,303.0,431.6,0.0,2,2,2,0
pi4,wolfSSL,DEPLOY_FALCON1024,TLS,3,6.0885,17.1967,5.6578,28.9430,1496,5978,45,568,2,14,3,20,11,13,146.5,305.5,434.4,0.0,2,2,2,0
pi4,wolfSSL,DEPLOY_FALCON1024,TLS,4,6.9414,11.2004,6.6923,24.8340,1496,5973,45,568,2,15,3,21,11,13,148.9,290.8,430.3,0.0,2,2,2,0
pi4,wolfSSL,DEPLOY_FALCON1024,TLS,5,5.8871,16.2451,7.7880,29.9201,1496,5968,45,568,2,15,3,21,11,12,137.3,275.6,429.2,0.0,2,2,2,0
pi4,wolfSSL,DEPLOY_FALCON1024,TLS,6,6.1820,18.9647,5.9843,31.1310,1496,5976,45,568,2,15,3,21,11,13,154.8,303.8,429.1,0.0,2,2,2,0
pi4,wolfSSL,DEPLOY_FALCON1024,TLS,7,9.5432,11.4778,7.0890,28.1099,1496,5973,45,568,2,16,3,22,11,12,143.3,277.7,429.2,0.0,2,2,2,0
pi4,wolfSSL,DEPLOY_FALCON1024,TLS,8,5.3206,15.4580,9.5422,30.3208,1496,5975,45,568,2,15,3,21,14,13,135.9,276.5,427.5,0.0,2,2,2,0
pi4,wolfSSL,DEPLOY_FALCON1024,TLS,9,6.4005,12.2099,6.6298,25.2402,1496,5971,45,568,2,13,3,19,9,13,133.0,273.6,433.8,0.0,2,2,2,0
pi4,wolfSSL,DEPLOY_FALCON1024,TLS,10,5.9896,14.8573,9.9529,30.7999,1496,5977,45,568,2,15,3,21,11,12,145.9,281.3,430.7,0.0,2,2,2,0
pi4,wolfSSL,DEPLOY_FALCON1024,TLS,11,6.2145,12.2829,7.2019,25.6993,1496,5976,45,568,2,15,3,21,11,12,150.1,282.3,427.8,0.0,2,2,2,0
pi4,wolfSSL,DEPLOY_FALCON1024,TLS,12,7.2067,13.6948,5.6832,26.5847,1496,5967,45,568,2,15,3,21,11,13,134.8,289.0,425.5,0.0,2,2,2,0
pi4,wolfSSL,DEPLOY_FALCON1024,TLS,13,6.3725,20.1789,6.8747,33.4261,1496,5971,45,568,2,15,3,21,11,13,133.9,325.5,433.6,0.0,2,2,2,0
pi4,wolfSSL,DEPLOY_FALCON1024,TLS,14,7.6374,11.0849,9.9227,28.6449,1496,5979,45,568,2,15,3,21,11,12,143.6,278.1,427.3,0.0,2,2,2,0
pi4,wolfSSL,DEPLOY_FALCON1024,TLS,15,6.9474,12.0845,10.4440,29.4760,1496,5973,45,568,2,15,3,21,11,12,140.1,277.9,435.5,0.0,2,2,2,0
pi4,wolfSSL,DEPLOY_FALCON1024,TLS,16,6.7776,13.4883,5.5485,25.8144,1496,5972,45,568,2,15,3,21,11,13,133.8,276.4,435.5,0.0,2,2,2,0
pi4,wolfSSL,DEPLOY_FALCON1024,TLS,17,5.6371,13.5315,9.9876,29.1562,1496,5977,45,568,2,16,3,22,11,13,149.4,282.8,427.1,0.0,2,2,2,0
pi4,wolfSSL,DEPLOY_FALCON1024,TLS,18,7.0903,15.8209,5.9254,28.8367,1496,5975,45,568,2,14,3,20,11,13,151.1,298.7,428.8,0.0,2,2,2,0
pi4,wolfSSL,DEPLOY_FALCON1024,TLS,19,6.3719,15.1286,6.4764,27.9769,1496,5968,45,568,2,15,3,21,11,10,136.3,306.8,442.4,0.0,2,2,2,0
pi4,wolfSSL,DEPLOY_FALCON1024,TLS,20,8.3108,25.5612,9.8617,43.7337,1496,5969,45,568,2,14,3,20,9,11,155.1,294.0,431.7,0.0,2,2,2,0
pi4,wolfSSL,DEPLOY_FALCON1024,TLS,21,8.3551,16.4644,12.4357,37.2552,1496,5978,45,568,2,15,3,21,11,12,150.1,282.3,430.5,0.0,2,2,2,0
pi4,wolfSSL,DEPLOY_FALCON1024,TLS,22,9.3397,12.6031,7.1537,29.0965,1496,5969,45,568,2,12,3,18,11,12,139.3,277.2,428.2,0.0,2,2,2,0
pi4,wolfSSL,DEPLOY_FALCON1024,TLS,23,13.8999,13.5649,7.2694,34.7343,1496,5974,45,568,2,15,3,21,11,13,151.2,283.1,446.4,0.0,2,2,2,0
pi4,wolfSSL,DEPLOY_FALCON1024,TLS,24,5.6429,12.1592,5.6413,23.4434,1496,5975,45,568,2,16,3,22,11,12,152.6,282.2,438.9,0.0,2,2,2,0
pi4,wolfSSL,DEPLOY_FALCON1024,TLS,25,6.2645,10.7675,8.0792,25.1112,1496,5971,45,568,2,14,3,20,11,11,139.5,278.3,442.8,0.0,2,2,2,0
pi4,wolfSSL,DEPLOY_FALCON1024,TLS,26,5.6926,11.4655,8.9507,26.1088,1496,5977,45,568,2,15,3,21,11,12,134.4,299.8,433.6,0.0,2,2,2,0
pi4,wolfSSL,DEPLOY_FALCON1024,TLS,27,6.8964,10.4904,8.7216,26.1085,1496,5973,45,568,2,14,3,20,11,13,150.7,282.4,452.2,0.0,2,2,2,0
pi4,wolfSSL,DEPLOY_FALCON1024,TLS,28,5.8882,10.2208,6.2534,22.3625,1496,5973,45,568,2,15,3,21,11,13,136.3,277.1,427.8,0.0,2,2,2,0
pi4,wolfSSL,DEPLOY_FALCON1024,TLS,29,5.6879,9.0569,5.4605,20.2053,1496,5971,45,568,2,14,3,20,11,12,132.2,277.2,426.2,0.0,2,2,2,0
pi4,wolfSSL,DEPLOY_FALCON1024,TLS,30,10.1215,13.2979,4.8345,28.2539,1496,5973,45,568,2,14,3,20,11,12,134.7,301.6,430.5,0.0,2,2,2,0
pi4,wolfSSL,DEPLOY_FALCON1024,TLS,31,6.4812,11.7283,4.8646,23.0741,1496,5973,45,568,2,14,3,20,10,12,140.9,281.3,428.5,0.0,2,2,2,0
pi4,wolfSSL,DEPLOY_FALCON1024,TLS,32,4.5695,14.4803,12.3946,31.4444,1496,5972,45,568,2,12,3,18,11,12,152.9,313.5,433.5,0.0,2,2,2,0
pi4,wolfSSL,DEPLOY_FALCON1024,TLS,33,4.3457,11.2153,11.0182,26.5791,1496,5973,45,568,2,15,3,21,11,12,137.6,289.6,429.2,0.0,2,2,2,0
pi4,wolfSSL,DEPLOY_FALCON1024,TLS,34,7.0581,13.8206,4.7832,25.6620,1496,5971,45,568,2,15,3,21,10,12,151.4,304.8,435.1,0.0,2,2,2,0
pi4,wolfSSL,DEPLOY_FALCON1024,TLS,35,5.2997,12.8694,8.7043,26.8733,1496,5974,45,568,2,15,3,21,11,12,149.9,296.2,429.1,0.0,2,2,2,0
pi4,wolfSSL,DEPLOY_FALCON1024,TLS,36,5.8551,11.1162,6.7928,23.7641,1496,5970,45,568,2,14,3,20,11,12,140.6,278.3,430.9,0.0,2,2,2,0
pi4,wolfSSL,DEPLOY_FALCON1024,TLS,37,7.9901,11.2740,7.3794,26.6435,1496,5972,45,568,2,14,3,20,10,12,134.1,277.4,430.3,0.0,2,2,2,0
pi4,wolfSSL,DEPLOY_FALCON1024,TLS,38,6.2886,10.5604,4.9178,21.7668,1496,5980,45,568,2,12,3,18,8,13,155.2,288.1,433.3,0.0,2,2,2,0
pi4,wolfSSL,DEPLOY_FALCON1024,TLS,39,7.1270,10.7366,5.5456,23.4092,1496,5974,45,568,2,15,3,21,11,13,135.4,276.3,448.1,0.0,2,2,2,0
pi4,wolfSSL,DEPLOY_FALCON1024,TLS,40,9.3599,11.1424,5.7764,26.2786,1496,5976,45,568,2,15,3,21,11,12,154.4,282.3,431.8,0.0,2,2,2,0
pi4,wolfSSL,DEPLOY_FALCON1024,TLS,41,5.0567,11.1987,5.9658,22.2212,1496,5974,45,568,2,16,3,22,11,13,138.6,275.8,430.6,0.0,2,2,2,0
pi4,wolfSSL,DEPLOY_FALCON1024,TLS,42,7.8307,14.2923,6.8137,28.9368,1496,5979,45,568,2,15,3,21,11,12,135.6,306.0,429.1,0.0,2,2,2,0
pi4,wolfSSL,DEPLOY_FALCON1024,TLS,43,6.5297,10.8080,5.6823,23.0199,1496,5977,45,568,2,15,3,21,11,12,148.7,280.8,430.0,0.0,2,2,2,0
pi4,wolfSSL,DEPLOY_FALCON1024,TLS,44,18.8752,14.7489,5.8249,39.4490,1496,5968,45,568,2,14,3,20,9,13,136.7,274.1,444.3,0.0,2,2,2,0
pi4,wolfSSL,DEPLOY_FALCON1024,TLS,45,4.9340,23.1427,5.1314,33.2081,1496,5973,45,568,2,14,3,20,14,13,134.5,299.9,429.1,0.0,2,2,2,0
pi4,wolfSSL,DEPLOY_FALCON1024,TLS,46,6.4784,16.5655,9.5185,32.5624,1496,5971,45,568,2,14,3,20,11,12,145.2,276.5,427.3,0.0,2,2,2,0
pi4,wolfSSL,DEPLOY_FALCON1024,TLS,47,9.9490,15.9361,6.6398,32.5250,1496,5978,45,568,2,14,3,20,11,12,150.9,286.8,432.0,0.0,2,2,2,0
pi4,wolfSSL,DEPLOY_FALCON1024,TLS,48,5.8543,11.3705,9.2783,26.5031,1496,5975,45,568,2,15,3,21,11,12,137.1,275.9,430.6,0.0,2,2,2,0
pi4,wolfSSL,DEPLOY_FALCON1024,TLS,49,6.1269,14.0302,6.8575,27.0146,1496,5977,45,568,2,15,3,21,11,13,155.0,284.3,433.4,0.0,2,2,2,0
pi4,wolfSSL,DEPLOY_FALCON1024,TLS-checked,0,5.0930,15.1916,5.0048,25.2895,1496,5964,45,568,2,16,3,22,11,12,165.1,303.5,447.6,0.0,2,2,2,0
pi4,wolfSSL,DEPLOY_FALCON1024,TLS-checked,1,9.1943,13.1689,5.4585,27.8217,1496,5971,45,568,2,15,3,21,11,12,175.2,299.7,430.3,0.0,2,2,2,0
pi4,wolfSSL,DEPLOY_FALCON1024,TLS-checked,2,7.4228,22.7823,17.8214,48.0266,1496,5971,45,568,2,14,3,20,11,12,143.3,277.9,431.0,0.0,2,2,2,0
pi4,wolfSSL,DEPLOY_FALCON1024,TLS-checked,3,5.6211,12.9732,5.7638,24.3581,1496,5981,45,568,2,15,3,21,11,12,138.7,279.4,427.7,0.0,2,2,2,0
pi4,wolfSSL,DEPLOY_FALCON1024,TLS-checked,4,5.9830,13.8368,6.9472,26.7671,1496,5972,45,568,2,14,3,20,9,13,150.9,282.1,430.7,0.0,2,2,2,0
pi4,wolfSSL,DEPLOY_FALCON1024,TLS-checked,5,11.3554,11.9762,5.7393,29.0710,1496,5976,45,568,2,14,3,20,11,12,138.0,301.4,435.5,0.0,2,2,2,0
pi4,wolfSSL,DEPLOY_FALCON1024,TLS-checked,6,9.3952,11.1472,12.8652,33.4076,1496,5967,45,568,2,15,3,21,11,13,144.7,277.1,428.9,0.0,2,2,2,0
pi4,wolfSSL,DEPLOY_FALCON1024,TLS-checked,7,6.5169,9.7232,11.1663,27.4063,1496,5975,45,568,2,15,3,21,11,13,138.3,296.2,428.6,0.0,2,2,2,0
pi4,wolfSSL,DEPLOY_FALCON1024,TLS-checked,8,5.8110,10.0829,5.1403,21.0342,1496,5975,45,568,2,15,3,21,11,13,152.9,281.2,431.1,0.0,2,2,2,0
pi4,wolfSSL,DEPLOY_FALCON1024,TLS-checked,9,5.0582,10.2536,5.6482,20.9600,1496,5976,45,568,2,12,3,18,11,13,135.1,276.9,442.6,0.0,2,2,2,0
pi4,wolfSSL,DEPLOY_FALCON1024,TLS-checked,10,6.9079,10.0703,5.4088,22.3869,1496,5973,45,568,2,14,3,20,10,13,135.1,275.3,427.2,0.0,2,2,2,0
pi4,wolfSSL,DEPLOY_FALCON1024,TLS-checked,11,5.7323,10.6703,7.6805,24.0831,1496,5974,45,568,2,15,3,21,11,13,136.3,273.3,425.6,0.0,2,2,2,0
pi4,wolfSSL,DEPLOY_FALCON1024,TLS-checked,12,5.7368,11.9077,8.8391,26.4835,1496,5968,45,568,2,14,3,20,11,11,151.0,282.3,429.8,0.0,2,2,2,0
pi4,wolfSSL,DEPLOY_FALCON1024,TLS-checked,13,5.6015,14.0837,6.0052,25.6904,1496,5975,45,568,2,15,3,21,11,13,134.6,320.6,434.3,0.0,2,2,2,0
pi4,wolfSSL,DEPLOY_FALCON1024,TLS-checked,14,5.6344,13.1556,5.3348,24.1248,1496,5966,45,568,2,15,3,21,11,11,149.4,281.5,430.2,0.0,2,2,2,0
pi4,wolfSSL,DEPLOY_FALCON1024,TLS-checked,15,8.2747,12.5596,7.4709,28.3051,1496,5966,45,568,2,14,3,20,9,12,141.4,277.3,429.5,0.0,2,2,2,0
pi4,wolfSSL,DEPLOY_FALCON1024,TLS-checked,16,8.7618,11.5356,4.4110,24.7084,1496,5972,45,568,2,15,3,21,11,12,153.1,284.3,429.0,0.0,2,2,2,0
pi4,wolfSSL,DEPLOY_FALCON1024,TLS-checked,17,5.2914,10.0874,5.9251,21.3039,1496,5969,45,568,2,14,3,20,9,12,152.0,275.8,424.3,0.0,2,2,2,0
pi4,wolfSSL,DEPLOY_FALCON1024,TLS-checked,18,9.8782,15.9923,8.4669,34.3375,1496,5977,45,568,2,14,3,20,11,12,138.2,277.3,427.8,0.0,2,2,2,0
pi4,wolfSSL,DEPLOY_FALCON1024,TLS-checked,19,5.4719,11.3661,6.2062,23.0441,1496,5975,45,568,2,15,3,21,11,11,147.9,300.8,430.6,0.0,2,2,2,0
pi4,wolfSSL,DEPLOY_FALCON1024,TLS-checked,20,7.4172,17.6492,4.0103,29.0766,1496,5974,45,568,2,15,3,21,11,12,143.6,278.9,427.5,0.0,2,2,2,0
pi4,wolfSSL,DEPLOY_FALCON1024,TLS-checked,21,13.2154,20.3796,7.1606,40.7556,1496,5976,45,568,2,15,3,21,11,11,169.6,282.6,445.6,0.0,2,2,2,0
pi4,wolfSSL,DEPLOY_FALCON1024,TLS-checked,22,6.7144,13.9811,12.8940,33.5896,1496,5972,45,568,2,15,3,21,11,13,138.5,276.9,465.3,0.0,2,2,2,0
pi4,wolfSSL,DEPLOY_FALCON1024,TLS-checked,23,10.9602,11.8251,5.7624,28.5477,1496,5974,45,568,2,14,3,20,11,12,152.8,284.5,432.4,0.0,2,2,2,0
pi4,wolfSSL,DEPLOY_FALCON1024,TLS-checked,24,5.9598,13.3508,10.1610,29.4716,1496,5973,45,568,2,14,3,20,11,13,132.5,277.1,429.2,0.0,2,2,2,0
pi4,wolfSSL,DEPLOY_FALCON1024,TLS-checked,25,6.2300,15.5978,5.7756,27.6034,1496,5978,45,568,2,15,3,21,11,12,136.2,274.3,609.7,0.0,2,2,2,0
pi4,wolfSSL,DEPLOY_FALCON1024,TLS-checked,26,5.7575,15.0841,10.7525,31.5940,1496,5976,45,568,2,15,3,21,11,12,293.5,602.1,954.4,0.0,2,2,2,0
pi4,wolfSSL,DEPLOY_FALCON1024,TLS-checked,27,4.7431,15.6122,13.5376,33.8928,1496,5971,45,568,2,14,3,20,15,12,280.0,618.8,969.9,0.0,2,2,2,0
pi4,wolfSSL,DEPLOY_FALCON1024,TLS-checked,28,8.6725,13.8728,8.0604,30.6057,1496,5973,45,568,2,15,3,21,11,13,294.4,633.1,958.8,0.0,2,2,2,0
pi4,wolfSSL,DEPLOY_FALCON1024,TLS-checked,29,4.8718,18.5844,7.9568,31.4131,1496,5977,45,568,2,16,3,22,14,12,294.8,624.4,967.3,0.0,2,2,2,0
pi4,wolfSSL,DEPLOY_FALCON1024,TLS-checked,30,6.5117,18.5953,5.5746,30.6816,1496,5969,45,568,2,15,3,21,10,13,294.8,622.4,981.3,0.0,2,2,2,0
pi4,wolfSSL,DEPLOY_FALCON1024,TLS-checked,31,6.7771,17.1955,5.7561,29.7288,1496,5970,45,568,2,16,3,22,11,12,287.2,620.1,955.8,0.0,2,2,2,0
pi4,wolfSSL,DEPLOY_FALCON1024,TLS-checked,32,7.8820,15.8257,6.6969,30.4045,1496,5975,45,568,2,15,3,21,11,13,279.6,565.9,851.8,0.0,2,2,2,0
pi4,wolfSSL,DEPLOY_FALCON1024,TLS-checked,33,8.1605,12.3502,5.9713,26.4821,1496,5971,45,568,2,15,3,21,11,12,256.9,550.1,850.2,0.0,2,2,2,0
pi4,wolfSSL,DEPLOY_FALCON1024,TLS-checked,34,5.8129,16.0555,7.7286,29.5970,1496,5974,45,568,2,15,3,21,11,13,267.6,556.0,854.9,0.0,2,2,2,0
pi4,wolfSSL,DEPLOY_FALCON1024,TLS-checked,35,9.2350,10.6162,7.9905,27.8417,1496,5970,45,568,2,15,3,21,11,13,268.3,558.5,856.7,0.0,2,2,2,0
pi4,wolfSSL,DEPLOY_FALCON1024,TLS-checked,36,8.4808,13.6954,6.8086,28.9848,1496,5970,45,568,2,14,3,20,9,13,294.3,626.0,984.7,0.0,2,2,2,0
pi4,wolfSSL,DEPLOY_FALCON1024,TLS-checked,37,5.4941,13.9897,5.1790,24.6627,1496,5969,45,568,2,14,3,20,11,12,286.8,603.0,956.8,0.0,2,2,2,0
pi4,wolfSSL,DEPLOY_FALCON1024,TLS-checked,38,5.4754,13.9099,10.4615,29.8468,1496,5974,45,568,2,14,3,20,10,12,279.6,599.8,985.7,0.0,2,2,2,0
pi4,wolfSSL,DEPLOY_FALCON1024,TLS-checked,39,6.0858,16.2500,5.8103,28.1462,1496,5972,45,568,2,12,3,18,11,13,278.1,623.2,987.3,0.0,2,2,2,0
pi4,wolfSSL,DEPLOY_FALCON1024,TLS-checked,40,6.9995,15.0524,6.6200,28.6720,1496,5977,45,568,2,15,3,21,11,12,290.2,629.7,976.2,0.0,2,2,2,0
pi4,wolfSSL,DEPLOY_FALCON1024,TLS-checked,41,5.7772,11.8944,5.1008,22.7723,1496,5970,45,568,2,15,3,21,11,12,280.6,666.2,961.0,0.0,2,2,2,0
pi4,wolfSSL,DEPLOY_FALCON1024,TLS-checked,42,8.4568,13.8226,5.9395,28.2189,1496,5973,45,568,2,15,3,21,11,12,292.2,603.3,974.7,0.0,2,2,2,0
pi4,wolfSSL,DEPLOY_FALCON1024,TLS-checked,43,7.8751,13.0209,7.4066,28.3026,1496,5971,45,568,2,15,3,21,11,12,294.5,605.0,957.6,0.0,2,2,2,0
pi4,wolfSSL,DEPLOY_FALCON1024,TLS-checked,44,8.4610,12.7645,6.7706,27.9961,1496,5970,45,568,2,14,3,20,9,13,293.3,631.6,976.9,0.0,2,2,2,0
pi4,wolfSSL,DEPLOY_FALCON1024,TLS-checked,45,6.9620,11.8153,6.0975,24.8748,1496,5975,45,568,2,15,3,21,12,13,279.2,596.0,954.0,0.0,2,2,2,0
pi4,wolfSSL,DEPLOY_FALCON1024,TLS-checked,46,11.0400,15.1270,8.5958,34.7627,1496,5974,45,568,2,15,3,21,11,13,276.1,596.5,1099.8,0.0,2,2,2,0
pi4,wolfSSL,DEPLOY_FALCON1024,TLS-checked,47,6.5113,19.5054,5.7885,31.8052,1496,5970,45,568,2,15,3,21,11,12,328.0,692.3,1089.5,0.0,2,2,2,0
pi4,wolfSSL,DEPLOY_FALCON1024,TLS-checked,48,5.9843,12.8810,6.3621,25.2274,1496,5980,45,568,2,15,3,21,11,13,315.2,683.6,1098.8,0.0,2,2,2,0
pi4,wolfSSL,DEPLOY_FALCON1024,TLS-checked,49,4.4888,12.1105,9.0473,25.6465,1496,5975,45,568,2,14,3,20,11,13,331.8,719.2,1090.5,0.0,2,2,2,0
pi4,wolfSSL,DEPLOY_FALCON1024,mTLS,0,10.8184,16.1915,7.3452,34.3551,6191,6196,45,7288,4,17,5,26,16,19,271.4,547.5,850.2,2982.6,2,2,2,1
pi4,wolfSSL,DEPLOY_FALCON1024,mTLS,1,7.7062,19.0000,7.7061,34.4123,6193,6193,45,7288,4,16,5,22,15,18,267.8,541.6,850.6,3023.6,2,2,2,1
pi4,wolfSSL,DEPLOY_FALCON1024,mTLS,2,6.1084,14.9717,7.2180,28.2982,6187,6192,45,7288,4,17,5,25,16,19,264.4,538.6,848.0,3002.4,2,2,2,1
pi4,wolfSSL,DEPLOY_FALCON1024,mTLS,3,12.1324,16.7191,8.4932,37.3447,6184,6197,45,7288,4,16,5,24,14,19,276.9,559.7,856.3,3020.6,2,2,2,1
pi4,wolfSSL,DEPLOY_FALCON1024,mTLS,4,5.3684,16.7304,8.8862,30.9850,6191,6188,45,7288,4,16,5,24,16,18,265.9,539.6,851.4,3043.2,2,2,2,1
pi4,wolfSSL,DEPLOY_FALCON1024,mTLS,5,6.8961,16.3903,8.9493,32.2357,6185,6189,45,7288,4,17,5,25,16,19,264.3,569.8,859.6,3054.1,2,2,2,1
pi4,wolfSSL,DEPLOY_FALCON1024,mTLS,6,5.4214,19.4542,11.1370,36.0127,6187,6192,45,7288,4,17,5,25,16,18,265.3,633.3,962.6,3365.9,2,2,2,1
pi4,wolfSSL,DEPLOY_FALCON1024,mTLS,7,6.0318,17.7743,10.4891,34.2952,6185,6191,45,7288,4,16,5,24,15,20,291.8,684.5,958.3,3427.8,2,2,2,1
pi4,wolfSSL,DEPLOY_FALCON1024,mTLS,8,6.0292,19.4804,8.7632,34.2729,6186,6188,45,7288,4,16,5,22,15,19,339.6,797.2,957.2,3436.4,2,2,2,1
pi4,wolfSSL,DEPLOY_FALCON1024,mTLS,9,7.7465,16.6955,10.9323,35.3742,6181,6193,45,7288,4,17,5,25,16,19,300.0,509.0,768.2,2747.3,2,2,2,1
pi4,wolfSSL,DEPLOY_FALCON1024,mTLS,10,7.7082,16.0081,7.6219,31.3382,6188,6192,45,7288,4,17,5,25,16,18,257.9,503.3,769.8,2704.9,2,2,2,1
pi4,wolfSSL,DEPLOY_FALCON1024,mTLS,11,5.8418,16.2813,8.4953,30.6184,6181,6198,45,7288,4,17,5,25,15,19,241.2,541.7,780.3,2716.7,2,2,2,1
pi4,wolfSSL,DEPLOY_FALCON1024,mTLS,12,4.5115,18.5977,11.3159,34.4250,6183,6191,45,7288,4,17,5,25,16,19,248.3,603.3,851.2,2969.3,2,2,2,1
pi4,wolfSSL,DEPLOY_FALCON1024,mTLS,13,8.3613,17.0166,13.5671,38.9450,6189,6194,45,7288,4,16,5,24,16,17,265.7,564.1,858.4,3014.5,2,2,2,1
pi4,wolfSSL,DEPLOY_FALCON1024,mTLS,14,4.2129,17.2075,8.9807,30.4011,6184,6192,45,7288,4,16,5,24,15,19,289.5,566.9,854.7,2981.0,2,2,2,1
pi4,wolfSSL,DEPLOY_FALCON1024,mTLS,15,6.8610,19.1460,9.6020,35.6091,6185,6198,45,7288,4,17,5,25,16,19,299.6,643.8,964.9,3346.8,2,2,2,1
pi4,wolfSSL,DEPLOY_FALCON1024,mTLS,16,4.2218,17.4616,11.1098,32.7933,6192,6198,45,7288,4,16,5,24,16,19,291.5,605.7,958.8,3371.2,2,2,2,1
pi4,wolfSSL,DEPLOY_FALCON1024,mTLS,17,4.4218,16.9868,7.9177,29.3263,6185,6196,45,7288,4,16,5,24,15,19,297.7,609.8,967.5,3412.5,2,2,2,1
pi4,wolfSSL,DEPLOY_FALCON1024,mTLS,18,8.0529,18.0594,11.0269,37.1391,6190,6193,45,7288,4,14,5,22,16,20,298.2,592.1,856.4,3038.5,2,2,2,1
pi4,wolfSSL,DEPLOY_FALCON1024,mTLS,19,6.2900,14.8736,7.2975,28.4610,6182,6196,45,7288,4,14,5,20,16,19,264.4,561.5,853.8,2989.4,2,2,2,1
pi4,wolfSSL,DEPLOY_FALCON1024,mTLS,20,7.3132,15.9569,10.4456,33.7157,6185,6191,45,7288,4,16,5,24,16,19,266.1,540.5,852.6,3015.9,2,2,2,1
pi4,wolfSSL,DEPLOY_FALCON1024,mTLS,21,5.4579,14.3149,7.5203,27.2931,6185,6193,45,7288,4,17,5,25,16,18,262.8,625.8,956.4,3363.7,2,2,2,1
pi4,wolfSSL,DEPLOY_FALCON1024,mTLS,22,5.0453,17.9203,6.7480,29.7136,6185,6190,45,7288,4,16,5,24,16,19,295.3,605.7,953.7,3368.9,2,2,2,1
pi4,wolfSSL,DEPLOY_FALCON1024,mTLS,23,9.0441,14.3903,6.7286,30.1630,6187,6194,45,7288,4,17,5,25,16,19,292.1,624.1,957.0,3342.3,2,2,2,1
pi4,wolfSSL,DEPLOY_FALCON1024,mTLS,24,6.0714,16.3595,9.9273,32.3581,6186,6192,45,7288,4,16,5,25,15,19,296.0,608.0,957.2,3541.3,2,2,2,1
pi4,wolfSSL,DEPLOY_FALCON1024,mTLS,25,6.3703,21.5034,7.9826,35.8563,6191,6196,45,7288,4,17,5,25,15,19,249.3,492.1,770.9,2701.5,2,2,2,1
pi4,wolfSSL,DEPLOY_FALCON1024,mTLS,26,4.6367,17.1285,6.0088,27.7739,6188,6193,45,7288,4,16,5,24,15,19,245.8,491.2,767.0,2728.8,2,2,2,1
pi4,wolfSSL,DEPLOY_FALCON1024,mTLS,27,4.8505,16.5070,7.2848,28.6423,6180,6191,45,7288,4,16,5,24,15,19,243.0,489.4,762.9,2728.3,2,2,2,1
pi4,wolfSSL,DEPLOY_FALCON1024,mTLS,28,9.0148,15.5870,10.3801,34.9819,6188,6193,45,7288,4,16,5,24,16,18,267.4,541.7,851.4,3027.8,2,2,2,1
pi4,wolfSSL,DEPLOY_FALCON1024,mTLS,29,6.2922,15.4687,7.0369,28.7978,6184,6191,45,7288,4,17,5,23,16,18,261.8,538.4,850.9,2997.8,2,2,2,1
pi4,wolfSSL,DEPLOY_FALCON1024,mTLS,30,6.0210,15.5745,7.1315,28.7270,6186,6195,45,7288,4,16,5,25,16,19,266.0,540.8,859.1,3099.7,2,2,2,1
pi4,wolfSSL,DEPLOY_FALCON1024,mTLS,31,7.8856,17.9323,7.4596,33.2775,6185,6193,45,7288,4,16,5,24,15,19,269.1,559.3,850.3,2958.9,2,2,2,1
pi4,wolfSSL,DEPLOY_FALCON1024,mTLS,32,7.3432,14.0519,6.7305,28.1255,6187,6193,45,7288,4,14,5,22,16,19,263.7,560.7,887.7,3014.1,2,2,2,1
pi4,wolfSSL,DEPLOY_FALCON1024,mTLS,33,7.2556,22.3223,7.8474,37.4253,6186,6188,45,7288,4,16,5,24,16,18,264.5,538.6,854.3,2985.6,2,2,2,1
pi4,wolfSSL,DEPLOY_FALCON1024,mTLS,34,6.2930,15.3919,9.3760,31.0608,6187,6194,45,7288,4,16,5,24,15,19,269.7,542.4,851.0,2959.6,2,2,2,1
pi4,wolfSSL,DEPLOY_FALCON1024,mTLS,35,6.2939,15.4898,5.7408,27.5246,6187,6193,45,7288,4,17,5,23,16,18,262.3,539.2,851.2,3012.8,2,2,2,1
pi4,wolfSSL,DEPLOY_FALCON1024,mTLS,36,4.6383,18.3558,7.6020,30.5961,6185,6189,45,7288,4,17,5,25,16,19,261.5,537.7,846.5,2992.2,2,2,2,1
pi4,wolfSSL,DEPLOY_FALCON1024,mTLS,37,6.6855,17.8664,7.9197,32.4716,6186,6199,45,7288,4,16,5,24,14,18,266.6,559.6,854.2,2965.3,2,2,2,1
pi4,wolfSSL,DEPLOY_FALCON1024,mTLS,38,10.1406,19.2501,7.9316,37.3223,6192,6191,45,7288,4,18,5,26,15,19,264.4,540.3,850.3,3051.8,2,2,2,1
pi4,wolfSSL,DEPLOY_FALCON1024,mTLS,39,5.3009,18.5514,13.8518,37.7041,6187,6191,45,7288,4,16,5,24,16,19,268.5,541.9,884.6,3019.7,2,2,2,1
pi4,wolfSSL,DEPLOY_FALCON1024,mTLS,40,5.0357,15.7888,9.9106,30.7351,6191,6191,45,7288,4,16,5,24,16,20,281.1,559.0,853.2,3002.9,2,2,2,1
pi4,wolfSSL,DEPLOY_FALCON1024,mTLS,41,6.6385,20.2056,7.2956,34.1397,6186,6193,45,7288,4,18,5,26,16,19,264.0,560.4,851.4,3001.3,2,2,2,1
pi4,wolfSSL,DEPLOY_FALCON1024,mTLS,42,6.1183,16.4310,9.1308,31.6801,6182,6191,45,7288,4,17,5,25,16,17,263.6,574.3,853.1,3030.8,2,2,2,1
pi4,wolfSSL,DEPLOY_FALCON1024,mTLS,43,6.9637,16.2197,8.0812,31.2645,6189,6191,45,7288,4,16,5,24,16,19,268.1,619.1,858.0,3046.5,2,2,2,1
pi4,wolfSSL,DEPLOY_FALCON1024,mTLS,44,9.7995,20.7842,9.5890,40.1726,6188,6195,45,7288,4,18,5,26,17,19,266.3,556.1,872.4,3080.4,2,2,2,1
pi4,wolfSSL,DEPLOY_FALCON1024,mTLS,45,5.2937,22.9997,7.3136,35.6070,6186,6194,45,7288,4,17,5,25,17,20,268.3,563.1,872.7,2940.7,2,2,2,1
pi4,wolfSSL,DEPLOY_FALCON1024,mTLS,46,5.1550,19.0594,8.5974,32.8118,6185,6192,45,7288,4,17,5,23,16,20,299.2,610.2,957.2,3355.3,2,2,2,1
pi4,wolfSSL,DEPLOY_FALCON1024,mTLS,47,5.9989,20.8788,12.1234,39.0011,6189,6194,45,7288,4,17,5,26,15,19,295.4,606.5,960.0,3367.8,2,2,2,1
pi4,wolfSSL,DEPLOY_FALCON1024,mTLS,48,8.6535,17.1543,8.3711,34.1789,6183,6193,45,7288,4,17,5,25,16,19,295.0,624.5,977.7,3388.8,2,2,2,1
pi4,wolfSSL,DEPLOY_FALCON1024,mTLS,49,5.9573,16.6616,10.5023,33.1212,6182,6196,45,7288,4,17,5,25,16,18,268.6,543.2,873.9,2986.3,2,2,2,1
pi4,wolfSSL,DEPLOY_FALCON1024,mTLS-checked,0,9.9688,19.5800,9.8121,39.3609,6191,6191,45,7288,4,17,5,25,15,19,266.0,539.3,854.2,3038.3,2,2,2,1
pi4,wolfSSL,DEPLOY_FALCON1024,mTLS-checked,1,6.0251,17.7160,8.8566,32.5977,6191,6191,45,7288,4,17,5,25,16,19,266.1,540.4,855.9,3002.8,2,2,2,1
pi4,wolfSSL,DEPLOY_FALCON1024,mTLS-checked,2,9.0539,17.7102,7.2963,34.0604,6187,6192,45,7288,4,17,5,23,16,19,270.0,542.7,849.7,3001.6,2,2,2,1
pi4,wolfSSL,DEPLOY_FALCON1024,mTLS-checked,3,9.3121,16.6535,7.1007,33.0663,6186,6187,45,7288,4,16,5,24,16,18,263.9,540.8,851.1,2968.0,2,2,2,1
pi4,wolfSSL,DEPLOY_FALCON1024,mTLS-checked,4,5.5645,18.2911,9.7886,33.6443,6186,6198,45,7288,4,17,5,25,16,18,263.7,540.4,851.9,2982.5,2,2,2,1
pi4,wolfSSL,DEPLOY_FALCON1024,mTLS-checked,5,4.4396,17.2311,10.1739,31.8445,6184,6190,45,7288,4,17,5,25,16,18,269.4,563.2,856.5,3006.9,2,2,2,1
pi4,wolfSSL,DEPLOY_FALCON1024,mTLS-checked,6,4.8683,18.8043,12.2801,35.9527,6181,6198,45,7288,4,17,5,25,16,19,283.3,541.0,854.5,2999.9,2,2,2,1
pi4,wolfSSL,DEPLOY_FALCON1024,mTLS-checked,7,6.2330,15.4146,10.4462,32.0938,6188,6194,45,7288,4,16,5,24,16,20,267.4,542.6,850.6,2962.9,2,2,2,1
pi4,wolfSSL,DEPLOY_FALCON1024,mTLS-checked,8,6.5214,18.3461,11.5594,36.4269,6189,6196,45,7288,4,17,5,25,16,19,268.1,544.1,863.4,2982.0,2,2,2,1
pi4,wolfSSL,DEPLOY_FALCON1024,mTLS-checked,9,8.4133,16.4795,7.4752,32.3679,6182,6192,45,7288,4,16,5,24,16,19,262.4,569.8,874.1,2990.9,2,2,2,1
pi4,wolfSSL,DEPLOY_FALCON1024,mTLS-checked,10,5.7378,16.0892,10.9065,32.7335,6189,6197,45,7288,4,17,5,25,15,18,262.4,538.3,854.3,3016.5,2,2,2,1
pi4,wolfSSL,DEPLOY_FALCON1024,mTLS-checked,11,6.0918,18.0909,10.9159,35.0986,6186,6195,45,7288,4,17,5,25,16,19,268.3,560.8,856.3,3034.7,2,2,2,1
pi4,wolfSSL,DEPLOY_FALCON1024,mTLS-checked,12,4.0846,18.7796,8.1432,31.0074,6186,6189,45,7288,4,17,5,25,16,20,263.1,541.2,851.8,3002.7,2,2,2,1
pi4,wolfSSL,DEPLOY_FALCON1024,mTLS-checked,13,5.6595,16.6753,10.1498,32.4845,6191,6197,45,7288,4,16,5,24,16,18,266.8,540.0,854.2,2974.3,2,2,2,1
pi4,wolfSSL,DEPLOY_FALCON1024,mTLS-checked,14,5.8333,17.6163,7.3773,30.8269,6188,6189,45,7288,4,16,5,24,16,19,269.9,545.4,854.1,2986.7,2,2,2,1
pi4,wolfSSL,DEPLOY_FALCON1024,mTLS-checked,15,6.0901,19.3751,6.6309,32.0961,6184,6180,45,7288,4,17,5,25,16,19,261.9,538.9,866.7,2948.7,2,2,2,1
pi4,wolfSSL,DEPLOY_FALCON1024,mTLS-checked,16,8.1628,14.0448,7.8350,30.0426,6187,6197,45,7288,4,17,5,25,16,19,259.6,565.1,850.3,3002.1,2,2,2,1
pi4,wolfSSL,DEPLOY_FALCON1024,mTLS-checked,17,8.4518,22.6184,6.8908,37.9609,6183,6197,45,7288,4,17,5,25,16,20,289.2,576.6,888.3,3045.6,2,2,2,1
pi4,wolfSSL,DEPLOY_FALCON1024,mTLS-checked,18,27.8594,18.9025,6.6685,53.4304,6184,6191,45,7288,4,17,5,25,16,19,269.0,561.6,856.2,3004.7,2,2,2,1
pi4,wolfSSL,DEPLOY_FALCON1024,mTLS-checked,19,6.9197,17.8775,10.9364,35.7336,6180,6191,45,7288,4,14,5,23,16,19,266.1,572.2,960.8,3417.2,2,2,2,1
pi4,wolfSSL,DEPLOY_FALCON1024,mTLS-checked,20,8.4046,16.0821,8.7130,33.1997,6179,6192,45,7288,4,16,5,22,14,19,293.9,605.5,962.8,3312.3,2,2,2,1
pi4,wolfSSL,DEPLOY_FALCON1024,mTLS-checked,21,6.3624,19.9080,8.3447,34.6151,6181,6188,45,7288,4,18,5,24,16,18,291.6,602.7,973.8,3407.0,2,2,2,1
pi4,wolfSSL,DEPLOY_FALCON1024,mTLS-checked,22,6.5894,18.5439,7.4796,32.6129,6190,6195,45,7288,4,16,5,24,16,19,313.0,559.0,853.2,2999.3,2,2,2,1
pi4,wolfSSL,DEPLOY_FALCON1024,mTLS-checked,23,7.1493,16.0573,10.2451,33.4517,6186,6193,45,7288,4,16,5,25,14,19,268.7,585.1,859.0,2990.0,2,2,2,1
pi4,wolfSSL,DEPLOY_FALCON1024,mTLS-checked,24,6.1389,16.5623,8.6822,31.3834,6187,6192,45,7288,4,14,5,20,16,20,265.5,560.6,856.0,3048.1,2,2,2,1
pi4,wolfSSL,DEPLOY_FALCON1024,mTLS-checked,25,8.0716,16.9241,8.9809,33.9767,6182,6190,45,7288,4,17,5,25,16,19,262.9,598.2,958.9,3324.8,2,2,2,1
pi4,wolfSSL,DEPLOY_FALCON1024,mTLS-checked,26,8.9895,18.8557,10.1923,38.0375,6185,6194,45,7288,4,16,5,25,16,18,293.8,642.4,982.3,3313.3,2,2,2,1
pi4,wolfSSL,DEPLOY_FALCON1024,mTLS-checked,27,5.4996,20.4757,8.1293,34.1045,6187,6194,45,7288,4,17,5,25,16,19,291.6,604.2,976.7,3328.8,2,2,2,1
pi4,wolfSSL,DEPLOY_FALCON1024,mTLS-checked,28,6.2712,14.4486,7.4165,28.1363,6186,6192,45,7288,4,14,5,22,16,19,291.7,562.0,855.1,3050.5,2,2,2,1
pi4,wolfSSL,DEPLOY_FALCON1024,mTLS-checked,29,7.4937,14.3553,8.4240,30.2730,6181,6196,45,7288,4,17,5,25,16,18,268.8,564.5,852.7,3011.4,2,2,2,1
pi4,wolfSSL,DEPLOY_FALCON1024,mTLS-checked,30,7.7651,14.8288,10.1831,32.7770,6185,6188,45,7288,4,16,5,24,16,17,262.0,539.7,852.7,3027.8,2,2,2,1
pi4,wolfSSL,DEPLOY_FALCON1024,mTLS-checked,31,6.0634,16.1270,7.9843,30.1747,6187,6188,45,7288,4,16,5,24,15,19,266.0,541.2,1075.4,2980.3,2,2,2,1
pi4,wolfSSL,DEPLOY_FALCON1024,mTLS-checked,32,5.3263,16.3058,8.3304,29.9625,6185,6193,45,7288,4,16,5,24,16,20,267.1,540.7,852.7,2997.7,2,2,2,1
pi4,wolfSSL,DEPLOY_FALCON1024,mTLS-checked,33,6.6160,18.1078,8.6918,33.4156,6183,6193,45,7288,4,17,5,25,16,18,263.4,538.2,851.4,3003.1,2,2,2,1
pi4,wolfSSL,DEPLOY_FALCON1024,mTLS-checked,34,7.8183,22.1755,8.5635,38.5574,6186,6197,45,7288,4,16,5,22,21,17,262.2,564.0,852.2,3018.7,2,2,2,1
pi4,wolfSSL,DEPLOY_FALCON1024,mTLS-checked,35,7.0358,17.3587,7.6627,32.0572,6185,6189,45,7288,4,16,5,24,14,17,270.9,559.3,854.3,3011.6,2,2,2,1
pi4,wolfSSL,DEPLOY_FALCON1024,mTLS-checked,36,6.7197,19.4867,10.3673,36.5737,6189,6193,45,7288,4,17,5,25,16,19,265.4,539.0,852.8,2988.6,2,2,2,1
pi4,wolfSSL,DEPLOY_FALCON1024,mTLS-checked,37,4.7597,17.8707,11.1362,33.7666,6185,6200,45,7288,4,17,5,25,16,19,291.1,545.4,856.9,2996.1,2,2,2,1
pi4,wolfSSL,DEPLOY_FALCON1024,mTLS-checked,38,4.5902,16.0007,8.7555,29.3464,6190,6195,45,7288,4,16,5,24,14,18,271.5,546.1,851.9,2970.1,2,2,2,1
pi4,wolfSSL,DEPLOY_FALCON1024,mTLS-checked,39,5.2427,16.7333,6.5619,28.5378,6187,6195,45,7288,4,17,5,25,16,19,266.9,540.4,851.5,2942.9,2,2,2,1
pi4,wolfSSL,DEPLOY_FALCON1024,mTLS-checked,40,9.8692,16.6047,12.2458,38.7197,6191,6195,45,7288,4,16,5,24,14,19,263.7,537.3,852.1,3181.1,2,2,2,1
pi4,wolfSSL,DEPLOY_FALCON1024,mTLS-checked,41,8.0757,20.2463,15.4502,43.7721,6186,6191,45,7288,4,18,5,26,16,18,266.7,559.9,857.8,3039.9,2,2,2,1
pi4,wolfSSL,DEPLOY_FALCON1024,mTLS-checked,42,8.6657,17.0734,9.0645,34.8035,6181,6192,45,7288,4,14,5,22,16,19,266.3,561.2,852.1,2976.7,2,2,2,1
pi4,wolfSSL,DEPLOY_FALCON1024,mTLS-checked,43,8.7480,18.1336,10.7000,37.5817,6185,6193,45,7288,4,17,5,25,16,19,298.2,606.9,959.4,3354.9,2,2,2,1
pi4,wolfSSL,DEPLOY_FALCON1024,mTLS-checked,44,6.2326,18.3251,6.9884,31.5461,6188,6186,45,7288,4,16,5,24,16,18,294.3,603.2,955.7,3402.8,2,2,2,1
pi4,wolfSSL,DEPLOY_FALCON1024,mTLS-checked,45,8.8722,16.4905,7.3719,32.7346,6186,6195,45,7288,4,16,5,25,16,18,303.3,621.6,960.1,3497.1,2,2,2,1
pi4,wolfSSL,DEPLOY_FALCON1024,mTLS-checked,46,7.3379,18.6564,7.7436,33.7380,6187,6188,45,7288,4,17,5,26,16,19,275.1,569.9,851.1,3011.2,2,2,2,1
pi4,wolfSSL,DEPLOY_FALCON1024,mTLS-checked,47,4.6432,20.7258,10.6768,36.0459,6184,6194,45,7288,4,18,5,26,16,19,269.1,557.3,853.7,2964.4,2,2,2,1
pi4,wolfSSL,DEPLOY_FALCON1024,mTLS-checked,48,9.5605,18.0230,9.4959,37.0794,6187,6191,45,7288,4,17,5,26,16,19,263.8,559.8,876.7,2984.7,2,2,2,1
pi4,wolfSSL,DEPLOY_FALCON1024,mTLS-checked,49,5.6483,19.1124,7.7048,32.4655,6186,6196,45,7288,4,17,5,25,16,19,268.9,544.0,855.5,2997.2,2,2,2,1
